Instance,Terminal,Layer,X location,Y location,Voltage
FILLER_136_809,VGND,li1,378.1200,380.8000,0.000050
FILLER_136_797,VGND,li1,374.9000,380.8000,0.000050
FILLER_136_785,VGND,li1,369.3800,380.8000,0.000050
FILLER_136_781,VGND,li1,365.4700,380.8000,0.000050
FILLER_136_769,VGND,li1,362.0200,380.8000,0.000050
FILLER_136_757,VGND,li1,356.5000,380.8000,0.000050
FILLER_136_755,VGND,li1,353.0500,380.8000,0.000050
FILLER_136_747,VGND,li1,350.9800,380.8000,0.000050
FILLER_136_735,VGND,li1,346.3800,380.8000,0.000050
FILLER_136_720,VGND,li1,338.5600,380.8000,0.000049
FILLER_136_713,VGND,li1,334.4200,380.8000,0.000048
FILLER_136_699,VGND,li1,327.2900,380.8000,0.000071
FILLER_136_695,VGND,li1,326.1400,380.8000,0.000071
FILLER_136_685,VGND,li1,321.5400,380.8000,0.000097
FILLER_136_678,VGND,li1,318.3200,380.8000,0.000110
FILLER_136_673,VGND,li1,315.5600,380.8000,0.000117
FILLER_136_671,VGND,li1,314.4100,380.8000,0.000125
FILLER_136_664,VGND,li1,311.8800,380.8000,0.000135
FILLER_136_657,VGND,li1,308.6600,380.8000,0.000148
FILLER_136_651,VGND,li1,305.6700,380.8000,0.000159
FILLER_136_645,VGND,li1,302.6800,380.8000,0.000169
FILLER_136_643,VGND,li1,301.5300,380.8000,0.000169
FILLER_136_639,VGND,li1,299.6900,380.8000,0.000176
FILLER_136_635,VGND,li1,298.5400,380.8000,0.000183
FILLER_136_623,VGND,li1,294.8600,380.8000,0.000194
FILLER_136_617,VGND,li1,289.8000,380.8000,0.000215
FILLER_136_615,VGND,li1,288.6500,380.8000,0.000222
FILLER_136_609,VGND,li1,287.0400,380.8000,0.000222
FILLER_136_597,VGND,li1,281.9800,380.8000,0.000237
FILLER_136_589,VGND,li1,276.9200,380.8000,0.000252
FILLER_136_582,VGND,li1,273.7000,380.8000,0.000258
FILLER_136_574,VGND,li1,271.4000,380.8000,0.000263
FILLER_136_567,VGND,li1,267.0300,380.8000,0.000274
FILLER_136_561,VGND,li1,264.0400,380.8000,0.000275
FILLER_136_553,VGND,li1,260.5900,380.8000,0.000275
FILLER_136_545,VGND,li1,258.0600,380.8000,0.000276
FILLER_136_533,VGND,li1,253.4600,380.8000,0.000277
FILLER_136_529,VGND,li1,249.5500,380.8000,0.000278
FILLER_136_517,VGND,li1,246.1000,380.8000,0.000278
FILLER_136_505,VGND,li1,240.5800,380.8000,0.000279
FILLER_136_501,VGND,li1,236.6700,380.8000,0.000280
FILLER_136_489,VGND,li1,233.2200,380.8000,0.000281
FILLER_136_477,VGND,li1,227.7000,380.8000,0.000282
FILLER_136_473,VGND,li1,223.7900,380.8000,0.000283
FILLER_136_461,VGND,li1,220.3400,380.8000,0.000283
FILLER_136_449,VGND,li1,214.8200,380.8000,0.000285
FILLER_136_441,VGND,li1,209.0700,380.8000,0.000284
FILLER_136_434,VGND,li1,205.8500,380.8000,0.000280
FILLER_136_427,VGND,li1,202.6300,380.8000,0.000275
FILLER_136_421,VGND,li1,199.6400,380.8000,0.000266
FILLER_136_413,VGND,li1,196.1900,380.8000,0.000245
FILLER_136_406,VGND,li1,192.9700,380.8000,0.000227
FILLER_136_399,VGND,li1,189.7500,380.8000,0.000209
FILLER_136_393,VGND,li1,186.7600,380.8000,0.000195
FILLER_136_385,VGND,li1,183.3100,380.8000,0.000163
FILLER_136_378,VGND,li1,180.0900,380.8000,0.000147
FILLER_136_370,VGND,li1,177.5600,380.8000,0.000126
FILLER_136_365,VGND,li1,173.8800,380.8000,0.000141
FILLER_136_363,VGND,li1,172.7300,380.8000,0.000148
FILLER_136_356,VGND,li1,170.2000,380.8000,0.000161
FILLER_136_349,VGND,li1,166.9800,380.8000,0.000172
FILLER_136_343,VGND,li1,163.9900,380.8000,0.000184
FILLER_136_337,VGND,li1,161.0000,380.8000,0.000191
FILLER_136_328,VGND,li1,157.3200,380.8000,0.000205
FILLER_136_322,VGND,li1,154.3300,380.8000,0.000212
FILLER_136_314,VGND,li1,150.8800,380.8000,0.000215
FILLER_136_309,VGND,li1,148.1200,380.8000,0.000219
FILLER_136_307,VGND,li1,146.9700,380.8000,0.000222
FILLER_136_301,VGND,li1,144.6700,380.8000,0.000227
FILLER_136_293,VGND,li1,141.2200,380.8000,0.000231
FILLER_136_286,VGND,li1,138.0000,380.8000,0.000236
FILLER_136_281,VGND,li1,135.2400,380.8000,0.000238
FILLER_136_279,VGND,li1,134.0900,380.8000,0.000241
FILLER_136_273,VGND,li1,132.4800,380.8000,0.000241
FILLER_136_265,VGND,li1,128.3400,380.8000,0.000244
FILLER_136_253,VGND,li1,124.6600,380.8000,0.000245
FILLER_136_245,VGND,li1,118.9100,380.8000,0.000247
FILLER_136_237,VGND,li1,116.3800,380.8000,0.000245
FILLER_136_225,VGND,li1,111.7800,380.8000,0.000241
FILLER_136_222,VGND,li1,108.1000,380.8000,0.000238
FILLER_136_210,VGND,li1,104.8800,380.8000,0.000236
FILLER_136_203,VGND,li1,99.5900,380.8000,0.000232
FILLER_136_197,VGND,li1,96.6000,380.8000,0.000222
FILLER_136_193,VGND,li1,94.9900,380.8000,0.000222
FILLER_136_181,VGND,li1,91.5400,380.8000,0.000212
FILLER_136_169,VGND,li1,86.0200,380.8000,0.000197
FILLER_136_165,VGND,li1,82.1100,380.8000,0.000183
FILLER_136_153,VGND,li1,78.6600,380.8000,0.000177
FILLER_136_141,VGND,li1,73.1400,380.8000,0.000161
FILLER_136_137,VGND,li1,69.2300,380.8000,0.000150
FILLER_136_125,VGND,li1,65.7800,380.8000,0.000141
FILLER_136_113,VGND,li1,60.2600,380.8000,0.000125
FILLER_136_109,VGND,li1,56.3500,380.8000,0.000111
FILLER_136_97,VGND,li1,52.9000,380.8000,0.000105
FILLER_136_85,VGND,li1,47.3800,380.8000,0.000090
FILLER_136_81,VGND,li1,43.4700,380.8000,0.000079
FILLER_136_69,VGND,li1,40.0200,380.8000,0.000069
FILLER_136_57,VGND,li1,34.5000,380.8000,0.000054
FILLER_136_53,VGND,li1,30.5900,380.8000,0.000041
FILLER_136_41,VGND,li1,27.1400,380.8000,0.000033
FILLER_136_29,VGND,li1,21.6200,380.8000,0.000028
FILLER_136_27,VGND,li1,18.1700,380.8000,0.000028
FILLER_136_15,VGND,li1,15.1800,380.8000,0.000028
FILLER_136_3,VGND,li1,9.6600,380.8000,0.000028
FILLER_135_809,VGND,li1,378.1200,380.8000,0.000050
FILLER_135_797,VGND,li1,374.9000,380.8000,0.000050
FILLER_135_785,VGND,li1,369.3800,380.8000,0.000050
FILLER_135_783,VGND,li1,365.9300,380.8000,0.000050
FILLER_135_777,VGND,li1,364.3200,380.8000,0.000050
FILLER_135_765,VGND,li1,360.1800,380.8000,0.000050
FILLER_135_753,VGND,li1,354.6600,380.8000,0.000050
FILLER_135_741,VGND,li1,349.1400,380.8000,0.000050
FILLER_135_729,VGND,li1,343.6200,380.8000,0.000050
FILLER_135_727,VGND,li1,340.1700,380.8000,0.000049
FILLER_135_721,VGND,li1,338.5600,380.8000,0.000049
FILLER_135_709,VGND,li1,334.4200,380.8000,0.000048
FILLER_135_697,VGND,li1,328.9000,380.8000,0.000059
FILLER_135_685,VGND,li1,323.3800,380.8000,0.000083
FILLER_135_673,VGND,li1,317.8600,380.8000,0.000110
FILLER_135_671,VGND,li1,314.4100,380.8000,0.000125
FILLER_135_665,VGND,li1,312.8000,380.8000,0.000125
FILLER_135_653,VGND,li1,308.6600,380.8000,0.000148
FILLER_135_641,VGND,li1,303.1400,380.8000,0.000169
FILLER_135_629,VGND,li1,297.6200,380.8000,0.000183
FILLER_135_617,VGND,li1,292.1000,380.8000,0.000207
FILLER_135_615,VGND,li1,288.6500,380.8000,0.000222
FILLER_135_609,VGND,li1,287.0400,380.8000,0.000222
FILLER_135_597,VGND,li1,282.9000,380.8000,0.000237
FILLER_135_585,VGND,li1,277.3800,380.8000,0.000252
FILLER_135_573,VGND,li1,271.8600,380.8000,0.000263
FILLER_135_561,VGND,li1,266.3400,380.8000,0.000274
FILLER_135_559,VGND,li1,262.8900,380.8000,0.000275
FILLER_135_553,VGND,li1,261.2800,380.8000,0.000275
FILLER_135_541,VGND,li1,257.1400,380.8000,0.000276
FILLER_135_529,VGND,li1,251.6200,380.8000,0.000277
FILLER_135_517,VGND,li1,246.1000,380.8000,0.000278
FILLER_135_505,VGND,li1,240.5800,380.8000,0.000279
FILLER_135_503,VGND,li1,237.1300,380.8000,0.000280
FILLER_135_497,VGND,li1,235.5200,380.8000,0.000280
FILLER_135_485,VGND,li1,231.3800,380.8000,0.000281
FILLER_135_473,VGND,li1,225.8600,380.8000,0.000282
FILLER_135_461,VGND,li1,220.3400,380.8000,0.000283
FILLER_135_449,VGND,li1,214.8200,380.8000,0.000285
FILLER_135_447,VGND,li1,211.3700,380.8000,0.000286
FILLER_135_441,VGND,li1,209.7600,380.8000,0.000286
FILLER_135_429,VGND,li1,205.6200,380.8000,0.000280
FILLER_135_417,VGND,li1,200.1000,380.8000,0.000266
FILLER_135_405,VGND,li1,194.5800,380.8000,0.000245
FILLER_135_393,VGND,li1,189.0600,380.8000,0.000209
FILLER_135_391,VGND,li1,185.6100,380.8000,0.000181
FILLER_135_385,VGND,li1,184.0000,380.8000,0.000181
FILLER_135_373,VGND,li1,179.8600,380.8000,0.000147
FILLER_135_361,VGND,li1,174.3400,380.8000,0.000141
FILLER_135_349,VGND,li1,168.8200,380.8000,0.000161
FILLER_135_337,VGND,li1,163.3000,380.8000,0.000184
FILLER_135_335,VGND,li1,159.8500,380.8000,0.000198
FILLER_135_329,VGND,li1,158.2400,380.8000,0.000198
FILLER_135_317,VGND,li1,154.1000,380.8000,0.000212
FILLER_135_305,VGND,li1,148.5800,380.8000,0.000219
FILLER_135_293,VGND,li1,143.0600,380.8000,0.000227
FILLER_135_281,VGND,li1,137.5400,380.8000,0.000236
FILLER_135_279,VGND,li1,134.0900,380.8000,0.000241
FILLER_135_273,VGND,li1,132.4800,380.8000,0.000241
FILLER_135_261,VGND,li1,128.3400,380.8000,0.000244
FILLER_135_249,VGND,li1,122.8200,380.8000,0.000246
FILLER_135_237,VGND,li1,117.3000,380.8000,0.000245
FILLER_135_225,VGND,li1,111.7800,380.8000,0.000241
FILLER_135_223,VGND,li1,108.3300,380.8000,0.000238
FILLER_135_217,VGND,li1,106.7200,380.8000,0.000238
FILLER_135_205,VGND,li1,102.5800,380.8000,0.000234
FILLER_135_193,VGND,li1,97.0600,380.8000,0.000228
FILLER_135_181,VGND,li1,91.5400,380.8000,0.000212
FILLER_135_169,VGND,li1,86.0200,380.8000,0.000197
FILLER_135_167,VGND,li1,82.5700,380.8000,0.000183
FILLER_135_161,VGND,li1,80.9600,380.8000,0.000183
FILLER_135_149,VGND,li1,76.8200,380.8000,0.000172
FILLER_135_137,VGND,li1,71.3000,380.8000,0.000156
FILLER_135_125,VGND,li1,65.7800,380.8000,0.000141
FILLER_135_113,VGND,li1,60.2600,380.8000,0.000125
FILLER_135_111,VGND,li1,56.8100,380.8000,0.000111
FILLER_135_105,VGND,li1,55.2000,380.8000,0.000111
FILLER_135_93,VGND,li1,51.0600,380.8000,0.000100
FILLER_135_81,VGND,li1,45.5400,380.8000,0.000085
FILLER_135_69,VGND,li1,40.0200,380.8000,0.000069
FILLER_135_57,VGND,li1,34.5000,380.8000,0.000054
FILLER_135_55,VGND,li1,31.0500,380.8000,0.000041
FILLER_135_51,VGND,li1,29.9000,380.8000,0.000041
FILLER_135_39,VGND,li1,26.2200,380.8000,0.000028
FILLER_135_27,VGND,li1,20.7000,380.8000,0.000028
FILLER_135_15,VGND,li1,15.1800,380.8000,0.000028
FILLER_135_3,VGND,li1,9.6600,380.8000,0.000028
FILLER_134_805,VGND,li1,377.2000,375.3600,0.000006
FILLER_134_793,VGND,li1,373.0600,375.3600,0.000006
FILLER_134_781,VGND,li1,367.5400,375.3600,0.000006
FILLER_134_769,VGND,li1,362.0200,375.3600,0.000006
FILLER_134_757,VGND,li1,356.5000,375.3600,0.000006
FILLER_134_755,VGND,li1,353.0500,375.3600,0.000006
FILLER_134_749,VGND,li1,351.4400,375.3600,0.000006
FILLER_134_737,VGND,li1,347.3000,375.3600,0.000006
FILLER_134_725,VGND,li1,341.7800,375.3600,0.000006
FILLER_134_713,VGND,li1,336.2600,375.3600,0.000006
FILLER_134_701,VGND,li1,330.7400,375.3600,0.000006
FILLER_134_699,VGND,li1,327.2900,375.3600,0.000009
FILLER_134_693,VGND,li1,325.6800,375.3600,0.000009
FILLER_134_681,VGND,li1,321.5400,375.3600,0.000011
FILLER_134_669,VGND,li1,316.0200,375.3600,0.000015
FILLER_134_657,VGND,li1,310.5000,375.3600,0.000017
FILLER_134_645,VGND,li1,304.9800,375.3600,0.000020
FILLER_134_643,VGND,li1,301.5300,375.3600,0.000023
FILLER_134_637,VGND,li1,299.9200,375.3600,0.000023
FILLER_134_625,VGND,li1,295.7800,375.3600,0.000025
FILLER_134_613,VGND,li1,290.2600,375.3600,0.000029
FILLER_134_601,VGND,li1,284.7400,375.3600,0.000032
FILLER_134_589,VGND,li1,279.2200,375.3600,0.000035
FILLER_134_587,VGND,li1,275.7700,375.3600,0.000038
FILLER_134_581,VGND,li1,274.1600,375.3600,0.000038
FILLER_134_569,VGND,li1,270.0200,375.3600,0.000040
FILLER_134_557,VGND,li1,264.5000,375.3600,0.000044
FILLER_134_545,VGND,li1,258.9800,375.3600,0.000046
FILLER_134_533,VGND,li1,253.4600,375.3600,0.000049
FILLER_134_531,VGND,li1,250.0100,375.3600,0.000052
FILLER_134_525,VGND,li1,248.4000,375.3600,0.000052
FILLER_134_513,VGND,li1,244.2600,375.3600,0.000054
FILLER_134_501,VGND,li1,238.7400,375.3600,0.000058
FILLER_134_489,VGND,li1,233.2200,375.3600,0.000061
FILLER_134_477,VGND,li1,227.7000,375.3600,0.000064
FILLER_134_475,VGND,li1,224.2500,375.3600,0.000067
FILLER_134_469,VGND,li1,222.6400,375.3600,0.000067
FILLER_134_457,VGND,li1,218.5000,375.3600,0.000069
FILLER_134_445,VGND,li1,212.9800,375.3600,0.000073
FILLER_134_433,VGND,li1,207.4600,375.3600,0.000075
FILLER_134_421,VGND,li1,201.9400,375.3600,0.000078
FILLER_134_418,VGND,li1,198.2600,375.3600,0.000080
FILLER_134_410,VGND,li1,195.9600,375.3600,0.000082
FILLER_134_398,VGND,li1,191.3600,375.3600,0.000080
FILLER_134_377,VGND,li1,179.1700,375.3600,0.000071
FILLER_134_365,VGND,li1,176.1800,375.3600,0.000086
FILLER_134_363,VGND,li1,172.7300,375.3600,0.000116
FILLER_134_357,VGND,li1,171.1200,375.3600,0.000116
FILLER_134_345,VGND,li1,166.9800,375.3600,0.000140
FILLER_134_333,VGND,li1,161.4600,375.3600,0.000182
FILLER_134_321,VGND,li1,155.9400,375.3600,0.000209
FILLER_134_309,VGND,li1,150.4200,375.3600,0.000241
FILLER_134_307,VGND,li1,146.9700,375.3600,0.000250
FILLER_134_301,VGND,li1,145.3600,375.3600,0.000250
FILLER_134_289,VGND,li1,141.2200,375.3600,0.000260
FILLER_134_277,VGND,li1,133.8600,375.3600,0.000271
FILLER_134_265,VGND,li1,130.1800,375.3600,0.000277
FILLER_134_253,VGND,li1,124.6600,375.3600,0.000285
FILLER_134_251,VGND,li1,121.2100,375.3600,0.000284
FILLER_134_245,VGND,li1,119.6000,375.3600,0.000284
FILLER_134_233,VGND,li1,115.4600,375.3600,0.000272
FILLER_134_221,VGND,li1,109.9400,375.3600,0.000258
FILLER_134_209,VGND,li1,104.4200,375.3600,0.000243
FILLER_134_197,VGND,li1,98.9000,375.3600,0.000228
FILLER_134_195,VGND,li1,95.4500,375.3600,0.000219
FILLER_134_189,VGND,li1,93.8400,375.3600,0.000210
FILLER_134_177,VGND,li1,89.7000,375.3600,0.000203
FILLER_134_165,VGND,li1,84.1800,375.3600,0.000185
FILLER_134_153,VGND,li1,78.6600,375.3600,0.000173
FILLER_134_141,VGND,li1,73.1400,375.3600,0.000158
FILLER_134_139,VGND,li1,69.6900,375.3600,0.000144
FILLER_134_133,VGND,li1,68.0800,375.3600,0.000144
FILLER_134_121,VGND,li1,63.9400,375.3600,0.000133
FILLER_134_109,VGND,li1,58.4200,375.3600,0.000115
FILLER_134_97,VGND,li1,52.9000,375.3600,0.000103
FILLER_134_85,VGND,li1,47.3800,375.3600,0.000088
FILLER_134_83,VGND,li1,43.9300,375.3600,0.000074
FILLER_134_77,VGND,li1,42.3200,375.3600,0.000074
FILLER_134_65,VGND,li1,38.1800,375.3600,0.000063
FILLER_134_53,VGND,li1,32.6600,375.3600,0.000048
FILLER_134_41,VGND,li1,27.1400,375.3600,0.000033
FILLER_134_29,VGND,li1,21.6200,375.3600,0.000027
FILLER_134_27,VGND,li1,18.1700,375.3600,0.000027
FILLER_134_15,VGND,li1,15.1800,375.3600,0.000027
FILLER_134_3,VGND,li1,9.6600,375.3600,0.000027
FILLER_133_809,VGND,li1,378.1200,375.3600,0.000006
FILLER_133_797,VGND,li1,374.9000,375.3600,0.000006
FILLER_133_785,VGND,li1,369.3800,375.3600,0.000006
FILLER_133_783,VGND,li1,365.9300,375.3600,0.000006
FILLER_133_777,VGND,li1,364.3200,375.3600,0.000006
FILLER_133_765,VGND,li1,360.1800,375.3600,0.000006
FILLER_133_753,VGND,li1,354.6600,375.3600,0.000006
FILLER_133_741,VGND,li1,349.1400,375.3600,0.000006
FILLER_133_729,VGND,li1,343.6200,375.3600,0.000006
FILLER_133_727,VGND,li1,340.1700,375.3600,0.000006
FILLER_133_721,VGND,li1,338.5600,375.3600,0.000006
FILLER_133_709,VGND,li1,334.4200,375.3600,0.000006
FILLER_133_697,VGND,li1,328.9000,375.3600,0.000007
FILLER_133_685,VGND,li1,323.3800,375.3600,0.000010
FILLER_133_673,VGND,li1,317.8600,375.3600,0.000013
FILLER_133_671,VGND,li1,314.4100,375.3600,0.000016
FILLER_133_665,VGND,li1,312.8000,375.3600,0.000016
FILLER_133_653,VGND,li1,308.6600,375.3600,0.000018
FILLER_133_641,VGND,li1,303.1400,375.3600,0.000022
FILLER_133_629,VGND,li1,297.6200,375.3600,0.000024
FILLER_133_617,VGND,li1,292.1000,375.3600,0.000027
FILLER_133_615,VGND,li1,288.6500,375.3600,0.000030
FILLER_133_609,VGND,li1,287.0400,375.3600,0.000030
FILLER_133_597,VGND,li1,282.9000,375.3600,0.000033
FILLER_133_585,VGND,li1,277.3800,375.3600,0.000036
FILLER_133_573,VGND,li1,271.8600,375.3600,0.000039
FILLER_133_561,VGND,li1,266.3400,375.3600,0.000042
FILLER_133_559,VGND,li1,262.8900,375.3600,0.000045
FILLER_133_553,VGND,li1,261.2800,375.3600,0.000045
FILLER_133_541,VGND,li1,257.1400,375.3600,0.000047
FILLER_133_529,VGND,li1,251.6200,375.3600,0.000051
FILLER_133_517,VGND,li1,246.1000,375.3600,0.000053
FILLER_133_505,VGND,li1,240.5800,375.3600,0.000057
FILLER_133_503,VGND,li1,237.1300,375.3600,0.000059
FILLER_133_497,VGND,li1,235.5200,375.3600,0.000059
FILLER_133_485,VGND,li1,231.3800,375.3600,0.000062
FILLER_133_473,VGND,li1,225.8600,375.3600,0.000066
FILLER_133_461,VGND,li1,220.3400,375.3600,0.000068
FILLER_133_449,VGND,li1,214.8200,375.3600,0.000071
FILLER_133_440,VGND,li1,209.7600,375.3600,0.000074
FILLER_133_428,VGND,li1,205.1600,375.3600,0.000077
FILLER_133_393,VGND,li1,189.0600,375.3600,0.000079
FILLER_133_385,VGND,li1,183.5400,375.3600,0.000076
FILLER_133_373,VGND,li1,179.8600,375.3600,0.000071
FILLER_133_361,VGND,li1,174.3400,375.3600,0.000103
FILLER_133_349,VGND,li1,168.8200,375.3600,0.000129
FILLER_133_337,VGND,li1,163.3000,375.3600,0.000162
FILLER_133_335,VGND,li1,159.8500,375.3600,0.000182
FILLER_133_327,VGND,li1,157.7800,375.3600,0.000194
FILLER_133_303,VGND,li1,145.1300,375.3600,0.000253
FILLER_133_297,VGND,li1,143.5200,375.3600,0.000253
FILLER_133_278,VGND,li1,133.8600,375.3600,0.000271
FILLER_133_267,VGND,li1,129.2600,375.3600,0.000281
FILLER_133_240,VGND,li1,116.8400,375.3600,0.000272
FILLER_133_225,VGND,li1,111.7800,375.3600,0.000263
FILLER_133_222,VGND,li1,108.1000,375.3600,0.000253
FILLER_133_214,VGND,li1,105.8000,375.3600,0.000243
FILLER_133_202,VGND,li1,101.2000,375.3600,0.000234
FILLER_133_190,VGND,li1,95.6800,375.3600,0.000219
FILLER_133_181,VGND,li1,90.1600,375.3600,0.000203
FILLER_133_169,VGND,li1,86.0200,375.3600,0.000193
FILLER_133_167,VGND,li1,82.5700,375.3600,0.000179
FILLER_133_161,VGND,li1,80.9600,375.3600,0.000179
FILLER_133_149,VGND,li1,76.8200,375.3600,0.000168
FILLER_133_137,VGND,li1,71.3000,375.3600,0.000150
FILLER_133_125,VGND,li1,65.7800,375.3600,0.000138
FILLER_133_113,VGND,li1,60.2600,375.3600,0.000123
FILLER_133_111,VGND,li1,56.8100,375.3600,0.000109
FILLER_133_105,VGND,li1,55.2000,375.3600,0.000109
FILLER_133_93,VGND,li1,51.0600,375.3600,0.000098
FILLER_133_81,VGND,li1,45.5400,375.3600,0.000080
FILLER_133_69,VGND,li1,40.0200,375.3600,0.000068
FILLER_133_57,VGND,li1,34.5000,375.3600,0.000053
FILLER_133_55,VGND,li1,31.0500,375.3600,0.000040
FILLER_133_51,VGND,li1,29.9000,375.3600,0.000040
FILLER_133_39,VGND,li1,26.2200,375.3600,0.000027
FILLER_133_27,VGND,li1,20.7000,375.3600,0.000027
FILLER_133_15,VGND,li1,15.1800,375.3600,0.000027
FILLER_133_3,VGND,li1,9.6600,375.3600,0.000027
FILLER_132_805,VGND,li1,377.2000,369.9200,0.000062
FILLER_132_793,VGND,li1,373.0600,369.9200,0.000062
FILLER_132_781,VGND,li1,367.5400,369.9200,0.000062
FILLER_132_769,VGND,li1,362.0200,369.9200,0.000062
FILLER_132_757,VGND,li1,356.5000,369.9200,0.000062
FILLER_132_755,VGND,li1,353.0500,369.9200,0.000062
FILLER_132_749,VGND,li1,351.4400,369.9200,0.000062
FILLER_132_737,VGND,li1,347.3000,369.9200,0.000062
FILLER_132_725,VGND,li1,341.7800,369.9200,0.000062
FILLER_132_713,VGND,li1,336.2600,369.9200,0.000062
FILLER_132_701,VGND,li1,330.7400,369.9200,0.000062
FILLER_132_699,VGND,li1,327.2900,369.9200,0.000094
FILLER_132_693,VGND,li1,325.6800,369.9200,0.000094
FILLER_132_681,VGND,li1,321.5400,369.9200,0.000120
FILLER_132_669,VGND,li1,316.0200,369.9200,0.000161
FILLER_132_657,VGND,li1,310.5000,369.9200,0.000188
FILLER_132_645,VGND,li1,304.9800,369.9200,0.000223
FILLER_132_643,VGND,li1,301.5300,369.9200,0.000254
FILLER_132_637,VGND,li1,299.9200,369.9200,0.000254
FILLER_132_625,VGND,li1,295.7800,369.9200,0.000280
FILLER_132_613,VGND,li1,290.2600,369.9200,0.000322
FILLER_132_601,VGND,li1,284.7400,369.9200,0.000349
FILLER_132_589,VGND,li1,279.2200,369.9200,0.000383
FILLER_132_587,VGND,li1,275.7700,369.9200,0.000415
FILLER_132_581,VGND,li1,274.1600,369.9200,0.000415
FILLER_132_569,VGND,li1,270.0200,369.9200,0.000441
FILLER_132_557,VGND,li1,264.5000,369.9200,0.000482
FILLER_132_545,VGND,li1,258.9800,369.9200,0.000510
FILLER_132_533,VGND,li1,253.4600,369.9200,0.000544
FILLER_132_531,VGND,li1,250.0100,369.9200,0.000576
FILLER_132_525,VGND,li1,248.4000,369.9200,0.000576
FILLER_132_513,VGND,li1,244.2600,369.9200,0.000601
FILLER_132_501,VGND,li1,238.7400,369.9200,0.000643
FILLER_132_489,VGND,li1,233.2200,369.9200,0.000670
FILLER_132_477,VGND,li1,227.7000,369.9200,0.000705
FILLER_132_473,VGND,li1,223.7900,369.9200,0.000729
FILLER_132_465,VGND,li1,221.2600,369.9200,0.000750
FILLER_132_453,VGND,li1,216.6600,369.9200,0.000773
FILLER_132_441,VGND,li1,211.1400,369.9200,0.000808
FILLER_132_412,VGND,li1,196.8800,369.9200,0.000889
FILLER_132_377,VGND,li1,181.7000,369.9200,0.000967
FILLER_132_365,VGND,li1,176.1800,369.9200,0.001246
FILLER_132_363,VGND,li1,172.7300,369.9200,0.001761
FILLER_132_357,VGND,li1,171.1200,369.9200,0.001761
FILLER_132_345,VGND,li1,166.9800,369.9200,0.002181
FILLER_132_333,VGND,li1,161.4600,369.9200,0.002859
FILLER_132_321,VGND,li1,155.9400,369.9200,0.003350
FILLER_132_309,VGND,li1,150.4200,369.9200,0.003940
FILLER_132_302,VGND,li1,145.8200,369.9200,0.004383
FILLER_132_290,VGND,li1,141.6800,369.9200,0.004581
FILLER_132_273,VGND,li1,131.5600,369.9200,0.005248
FILLER_132_265,VGND,li1,129.2600,369.9200,0.005415
FILLER_132_253,VGND,li1,124.6600,369.9200,0.005778
FILLER_132_246,VGND,li1,120.0600,369.9200,0.006034
FILLER_132_212,VGND,li1,103.9600,369.9200,0.006695
FILLER_132_200,VGND,li1,100.2800,369.9200,0.006567
FILLER_132_173,VGND,li1,85.7900,369.9200,0.005890
FILLER_132_165,VGND,li1,83.2600,369.9200,0.005735
FILLER_132_153,VGND,li1,78.6600,369.9200,0.005365
FILLER_132_141,VGND,li1,73.1400,369.9200,0.004899
FILLER_132_139,VGND,li1,69.6900,369.9200,0.004472
FILLER_132_133,VGND,li1,68.0800,369.9200,0.004472
FILLER_132_121,VGND,li1,63.9400,369.9200,0.004122
FILLER_132_109,VGND,li1,58.4200,369.9200,0.003559
FILLER_132_97,VGND,li1,52.9000,369.9200,0.003190
FILLER_132_85,VGND,li1,47.3800,369.9200,0.002723
FILLER_132_83,VGND,li1,43.9300,369.9200,0.002296
FILLER_132_77,VGND,li1,42.3200,369.9200,0.002296
FILLER_132_65,VGND,li1,38.1800,369.9200,0.001946
FILLER_132_53,VGND,li1,32.6600,369.9200,0.001480
FILLER_132_41,VGND,li1,27.1400,369.9200,0.001014
FILLER_132_29,VGND,li1,21.6200,369.9200,0.000845
FILLER_132_27,VGND,li1,18.1700,369.9200,0.000845
FILLER_132_15,VGND,li1,15.1800,369.9200,0.000845
FILLER_132_3,VGND,li1,9.6600,369.9200,0.000845
FILLER_131_809,VGND,li1,378.1200,369.9200,0.000062
FILLER_131_797,VGND,li1,374.9000,369.9200,0.000062
FILLER_131_785,VGND,li1,369.3800,369.9200,0.000062
FILLER_131_783,VGND,li1,365.9300,369.9200,0.000062
FILLER_131_777,VGND,li1,364.3200,369.9200,0.000062
FILLER_131_765,VGND,li1,360.1800,369.9200,0.000062
FILLER_131_753,VGND,li1,354.6600,369.9200,0.000062
FILLER_131_741,VGND,li1,349.1400,369.9200,0.000062
FILLER_131_729,VGND,li1,343.6200,369.9200,0.000062
FILLER_131_727,VGND,li1,340.1700,369.9200,0.000062
FILLER_131_721,VGND,li1,338.5600,369.9200,0.000062
FILLER_131_709,VGND,li1,334.4200,369.9200,0.000062
FILLER_131_697,VGND,li1,328.9000,369.9200,0.000081
FILLER_131_685,VGND,li1,323.3800,369.9200,0.000108
FILLER_131_673,VGND,li1,317.8600,369.9200,0.000143
FILLER_131_671,VGND,li1,314.4100,369.9200,0.000174
FILLER_131_665,VGND,li1,312.8000,369.9200,0.000174
FILLER_131_653,VGND,li1,308.6600,369.9200,0.000200
FILLER_131_641,VGND,li1,303.1400,369.9200,0.000242
FILLER_131_629,VGND,li1,297.6200,369.9200,0.000269
FILLER_131_617,VGND,li1,292.1000,369.9200,0.000303
FILLER_131_615,VGND,li1,288.6500,369.9200,0.000335
FILLER_131_609,VGND,li1,287.0400,369.9200,0.000335
FILLER_131_597,VGND,li1,282.9000,369.9200,0.000360
FILLER_131_585,VGND,li1,277.3800,369.9200,0.000402
FILLER_131_573,VGND,li1,271.8600,369.9200,0.000429
FILLER_131_561,VGND,li1,266.3400,369.9200,0.000464
FILLER_131_559,VGND,li1,262.8900,369.9200,0.000495
FILLER_131_553,VGND,li1,261.2800,369.9200,0.000495
FILLER_131_541,VGND,li1,257.1400,369.9200,0.000521
FILLER_131_529,VGND,li1,251.6200,369.9200,0.000563
FILLER_131_517,VGND,li1,246.1000,369.9200,0.000590
FILLER_131_505,VGND,li1,240.5800,369.9200,0.000624
FILLER_131_503,VGND,li1,237.1300,369.9200,0.000656
FILLER_131_497,VGND,li1,235.5200,369.9200,0.000656
FILLER_131_485,VGND,li1,231.3800,369.9200,0.000682
FILLER_131_473,VGND,li1,225.8600,369.9200,0.000716
FILLER_131_461,VGND,li1,220.3400,369.9200,0.000750
FILLER_131_449,VGND,li1,214.8200,369.9200,0.000785
FILLER_131_446,VGND,li1,211.1400,369.9200,0.000808
FILLER_131_438,VGND,li1,208.8400,369.9200,0.000822
FILLER_131_426,VGND,li1,204.2400,369.9200,0.000854
FILLER_131_417,VGND,li1,198.7200,369.9200,0.000880
FILLER_131_405,VGND,li1,194.5800,369.9200,0.000901
FILLER_131_393,VGND,li1,189.0600,369.9200,0.000929
FILLER_131_390,VGND,li1,185.3800,369.9200,0.000948
FILLER_131_382,VGND,li1,183.0800,369.9200,0.000967
FILLER_131_360,VGND,li1,171.5800,369.9200,0.001761
FILLER_131_352,VGND,li1,169.2800,369.9200,0.001948
FILLER_131_340,VGND,li1,164.6800,369.9200,0.002415
FILLER_131_315,VGND,li1,150.6500,369.9200,0.003940
FILLER_131_311,VGND,li1,149.5000,369.9200,0.003940
FILLER_131_293,VGND,li1,141.6800,369.9200,0.004581
FILLER_131_281,VGND,li1,137.5400,369.9200,0.004869
FILLER_131_277,VGND,li1,133.6300,369.9200,0.005112
FILLER_131_264,VGND,li1,127.1900,369.9200,0.005642
FILLER_131_258,VGND,li1,125.5800,369.9200,0.005642
FILLER_131_247,VGND,li1,119.6000,369.9200,0.006034
FILLER_131_239,VGND,li1,117.3000,369.9200,0.006185
FILLER_131_231,VGND,li1,112.0100,369.9200,0.006564
FILLER_131_223,VGND,li1,108.3300,369.9200,0.006630
FILLER_131_184,VGND,li1,90.6200,369.9200,0.006207
FILLER_131_176,VGND,li1,86.7100,369.9200,0.006003
FILLER_131_167,VGND,li1,82.5700,369.9200,0.005560
FILLER_131_161,VGND,li1,80.9600,369.9200,0.005560
FILLER_131_149,VGND,li1,76.8200,369.9200,0.005210
FILLER_131_137,VGND,li1,71.3000,369.9200,0.004647
FILLER_131_125,VGND,li1,65.7800,369.9200,0.004278
FILLER_131_113,VGND,li1,60.2600,369.9200,0.003811
FILLER_131_111,VGND,li1,56.8100,369.9200,0.003384
FILLER_131_105,VGND,li1,55.2000,369.9200,0.003384
FILLER_131_93,VGND,li1,51.0600,369.9200,0.003034
FILLER_131_81,VGND,li1,45.5400,369.9200,0.002471
FILLER_131_69,VGND,li1,40.0200,369.9200,0.002102
FILLER_131_57,VGND,li1,34.5000,369.9200,0.001635
FILLER_131_55,VGND,li1,31.0500,369.9200,0.001247
FILLER_131_51,VGND,li1,29.9000,369.9200,0.001247
FILLER_131_39,VGND,li1,26.2200,369.9200,0.000845
FILLER_131_27,VGND,li1,20.7000,369.9200,0.000845
FILLER_131_15,VGND,li1,15.1800,369.9200,0.000845
FILLER_131_3,VGND,li1,9.6600,369.9200,0.000845
FILLER_130_805,VGND,li1,377.2000,364.4800,0.000115
FILLER_130_793,VGND,li1,373.0600,364.4800,0.000115
FILLER_130_781,VGND,li1,367.5400,364.4800,0.000115
FILLER_130_769,VGND,li1,362.0200,364.4800,0.000115
FILLER_130_757,VGND,li1,356.5000,364.4800,0.000115
FILLER_130_755,VGND,li1,353.0500,364.4800,0.000115
FILLER_130_749,VGND,li1,351.4400,364.4800,0.000115
FILLER_130_737,VGND,li1,347.3000,364.4800,0.000115
FILLER_130_725,VGND,li1,341.7800,364.4800,0.000115
FILLER_130_713,VGND,li1,336.2600,364.4800,0.000115
FILLER_130_701,VGND,li1,330.7400,364.4800,0.000115
FILLER_130_699,VGND,li1,327.2900,364.4800,0.000173
FILLER_130_693,VGND,li1,325.6800,364.4800,0.000173
FILLER_130_681,VGND,li1,321.5400,364.4800,0.000220
FILLER_130_669,VGND,li1,316.0200,364.4800,0.000296
FILLER_130_657,VGND,li1,310.5000,364.4800,0.000347
FILLER_130_645,VGND,li1,304.9800,364.4800,0.000410
FILLER_130_643,VGND,li1,301.5300,364.4800,0.000468
FILLER_130_637,VGND,li1,299.9200,364.4800,0.000468
FILLER_130_625,VGND,li1,295.7800,364.4800,0.000515
FILLER_130_613,VGND,li1,290.2600,364.4800,0.000578
FILLER_130_601,VGND,li1,284.7400,364.4800,0.000642
FILLER_130_589,VGND,li1,279.2200,364.4800,0.000705
FILLER_130_587,VGND,li1,275.7700,364.4800,0.000740
FILLER_130_581,VGND,li1,274.1600,364.4800,0.000740
FILLER_130_569,VGND,li1,270.0200,364.4800,0.000769
FILLER_130_557,VGND,li1,264.5000,364.4800,0.000808
FILLER_130_545,VGND,li1,258.9800,364.4800,0.000857
FILLER_130_533,VGND,li1,253.4600,364.4800,0.000886
FILLER_130_531,VGND,li1,250.0100,364.4800,0.000921
FILLER_130_525,VGND,li1,248.4000,364.4800,0.000921
FILLER_130_513,VGND,li1,244.2600,364.4800,0.000950
FILLER_130_501,VGND,li1,238.7400,364.4800,0.000996
FILLER_130_489,VGND,li1,233.2200,364.4800,0.001026
FILLER_130_477,VGND,li1,227.7000,364.4800,0.001064
FILLER_130_475,VGND,li1,224.2500,364.4800,0.001099
FILLER_130_469,VGND,li1,222.6400,364.4800,0.001099
FILLER_130_457,VGND,li1,218.5000,364.4800,0.001127
FILLER_130_445,VGND,li1,212.9800,364.4800,0.001173
FILLER_130_433,VGND,li1,207.4600,364.4800,0.001205
FILLER_130_421,VGND,li1,201.9400,364.4800,0.001241
FILLER_130_418,VGND,li1,198.2600,364.4800,0.001263
FILLER_130_394,VGND,li1,186.9900,364.4800,0.001323
FILLER_130_368,VGND,li1,175.4900,364.4800,0.002001
FILLER_130_363,VGND,li1,172.7300,364.4800,0.002352
FILLER_130_359,VGND,li1,171.5800,364.4800,0.002352
FILLER_130_347,VGND,li1,167.9000,364.4800,0.002951
FILLER_130_335,VGND,li1,162.3800,364.4800,0.003613
FILLER_130_323,VGND,li1,156.8600,364.4800,0.004368
FILLER_130_312,VGND,li1,149.2700,364.4800,0.005458
FILLER_130_286,VGND,li1,137.3100,364.4800,0.006097
FILLER_130_280,VGND,li1,135.7000,364.4800,0.006097
FILLER_130_268,VGND,li1,131.5600,364.4800,0.006149
FILLER_130_264,VGND,li1,127.1900,364.4800,0.006183
FILLER_130_260,VGND,li1,126.0400,364.4800,0.006201
FILLER_130_237,VGND,li1,114.7700,364.4800,0.006319
FILLER_130_231,VGND,li1,113.1600,364.4800,0.006319
FILLER_130_212,VGND,li1,104.4200,364.4800,0.006219
FILLER_130_197,VGND,li1,98.9000,364.4800,0.006044
FILLER_130_195,VGND,li1,95.4500,364.4800,0.005897
FILLER_130_191,VGND,li1,94.3000,364.4800,0.005799
FILLER_130_179,VGND,li1,90.6200,364.4800,0.005691
FILLER_130_165,VGND,li1,81.6500,364.4800,0.005153
FILLER_130_153,VGND,li1,78.6600,364.4800,0.004973
FILLER_130_141,VGND,li1,73.1400,364.4800,0.004541
FILLER_130_139,VGND,li1,69.6900,364.4800,0.004145
FILLER_130_133,VGND,li1,68.0800,364.4800,0.004145
FILLER_130_121,VGND,li1,63.9400,364.4800,0.003821
FILLER_130_109,VGND,li1,58.4200,364.4800,0.003299
FILLER_130_97,VGND,li1,52.9000,364.4800,0.002957
FILLER_130_85,VGND,li1,47.3800,364.4800,0.002524
FILLER_130_83,VGND,li1,43.9300,364.4800,0.002128
FILLER_130_77,VGND,li1,42.3200,364.4800,0.002128
FILLER_130_65,VGND,li1,38.1800,364.4800,0.001804
FILLER_130_53,VGND,li1,32.6600,364.4800,0.001372
FILLER_130_41,VGND,li1,27.1400,364.4800,0.000940
FILLER_130_29,VGND,li1,21.6200,364.4800,0.000783
FILLER_130_27,VGND,li1,18.1700,364.4800,0.000783
FILLER_130_15,VGND,li1,15.1800,364.4800,0.000783
FILLER_130_3,VGND,li1,9.6600,364.4800,0.000783
FILLER_129_809,VGND,li1,378.1200,364.4800,0.000115
FILLER_129_797,VGND,li1,374.9000,364.4800,0.000115
FILLER_129_785,VGND,li1,369.3800,364.4800,0.000115
FILLER_129_783,VGND,li1,365.9300,364.4800,0.000115
FILLER_129_777,VGND,li1,364.3200,364.4800,0.000115
FILLER_129_765,VGND,li1,360.1800,364.4800,0.000115
FILLER_129_753,VGND,li1,354.6600,364.4800,0.000115
FILLER_129_741,VGND,li1,349.1400,364.4800,0.000115
FILLER_129_729,VGND,li1,343.6200,364.4800,0.000115
FILLER_129_727,VGND,li1,340.1700,364.4800,0.000115
FILLER_129_721,VGND,li1,338.5600,364.4800,0.000115
FILLER_129_709,VGND,li1,334.4200,364.4800,0.000115
FILLER_129_697,VGND,li1,328.9000,364.4800,0.000149
FILLER_129_685,VGND,li1,323.3800,364.4800,0.000199
FILLER_129_673,VGND,li1,317.8600,364.4800,0.000262
FILLER_129_671,VGND,li1,314.4100,364.4800,0.000320
FILLER_129_665,VGND,li1,312.8000,364.4800,0.000320
FILLER_129_653,VGND,li1,308.6600,364.4800,0.000368
FILLER_129_641,VGND,li1,303.1400,364.4800,0.000444
FILLER_129_629,VGND,li1,297.6200,364.4800,0.000494
FILLER_129_617,VGND,li1,292.1000,364.4800,0.000557
FILLER_129_610,VGND,li1,287.5000,364.4800,0.000610
FILLER_129_585,VGND,li1,275.0800,364.4800,0.000740
FILLER_129_573,VGND,li1,271.8600,364.4800,0.000757
FILLER_129_561,VGND,li1,266.3400,364.4800,0.000795
FILLER_129_554,VGND,li1,261.7400,364.4800,0.000828
FILLER_129_542,VGND,li1,257.6000,364.4800,0.000857
FILLER_129_530,VGND,li1,252.0800,364.4800,0.000907
FILLER_129_523,VGND,li1,246.3300,364.4800,0.000936
FILLER_129_517,VGND,li1,244.7200,364.4800,0.000950
FILLER_129_505,VGND,li1,240.5800,364.4800,0.000975
FILLER_129_503,VGND,li1,237.1300,364.4800,0.001010
FILLER_129_497,VGND,li1,235.5200,364.4800,0.001010
FILLER_129_485,VGND,li1,231.3800,364.4800,0.001039
FILLER_129_473,VGND,li1,225.8600,364.4800,0.001085
FILLER_129_461,VGND,li1,220.3400,364.4800,0.001115
FILLER_129_449,VGND,li1,214.8200,364.4800,0.001153
FILLER_129_440,VGND,li1,209.7600,364.4800,0.001188
FILLER_129_416,VGND,li1,197.1100,364.4800,0.001276
FILLER_129_412,VGND,li1,195.9600,364.4800,0.001276
FILLER_129_405,VGND,li1,192.0500,364.4800,0.001300
FILLER_129_393,VGND,li1,189.0600,364.4800,0.001313
FILLER_129_388,VGND,li1,184.9200,364.4800,0.001333
FILLER_129_384,VGND,li1,182.3900,364.4800,0.001347
FILLER_129_372,VGND,li1,179.4000,364.4800,0.001358
FILLER_129_351,VGND,li1,167.2100,364.4800,0.002951
FILLER_129_343,VGND,li1,165.1400,364.4800,0.003234
FILLER_129_337,VGND,li1,161.0000,364.4800,0.003896
FILLER_129_324,VGND,li1,157.3200,364.4800,0.004368
FILLER_129_295,VGND,li1,141.6800,364.4800,0.005996
FILLER_129_276,VGND,li1,133.4000,364.4800,0.006121
FILLER_129_260,VGND,li1,125.3500,364.4800,0.006201
FILLER_129_254,VGND,li1,123.7400,364.4800,0.006219
FILLER_129_241,VGND,li1,116.6100,364.4800,0.006297
FILLER_129_237,VGND,li1,115.4600,364.4800,0.006297
FILLER_129_225,VGND,li1,111.7800,364.4800,0.006343
FILLER_129_221,VGND,li1,107.8700,364.4800,0.006273
FILLER_129_213,VGND,li1,105.3400,364.4800,0.006219
FILLER_129_201,VGND,li1,100.7400,364.4800,0.006122
FILLER_129_190,VGND,li1,93.1500,364.4800,0.005799
FILLER_129_186,VGND,li1,92.0000,364.4800,0.005691
FILLER_129_174,VGND,li1,88.3200,364.4800,0.005592
FILLER_129_167,VGND,li1,82.5700,364.4800,0.005153
FILLER_129_161,VGND,li1,80.9600,364.4800,0.005153
FILLER_129_149,VGND,li1,76.8200,364.4800,0.004829
FILLER_129_137,VGND,li1,71.3000,364.4800,0.004307
FILLER_129_125,VGND,li1,65.7800,364.4800,0.003965
FILLER_129_113,VGND,li1,60.2600,364.4800,0.003533
FILLER_129_111,VGND,li1,56.8100,364.4800,0.003137
FILLER_129_105,VGND,li1,55.2000,364.4800,0.003137
FILLER_129_93,VGND,li1,51.0600,364.4800,0.002812
FILLER_129_81,VGND,li1,45.5400,364.4800,0.002290
FILLER_129_69,VGND,li1,40.0200,364.4800,0.001948
FILLER_129_57,VGND,li1,34.5000,364.4800,0.001516
FILLER_129_55,VGND,li1,31.0500,364.4800,0.001156
FILLER_129_51,VGND,li1,29.9000,364.4800,0.001156
FILLER_129_39,VGND,li1,26.2200,364.4800,0.000783
FILLER_129_27,VGND,li1,20.7000,364.4800,0.000783
FILLER_129_15,VGND,li1,15.1800,364.4800,0.000783
FILLER_129_3,VGND,li1,9.6600,364.4800,0.000783
FILLER_128_805,VGND,li1,377.2000,359.0400,0.000048
FILLER_128_793,VGND,li1,373.0600,359.0400,0.000048
FILLER_128_781,VGND,li1,367.5400,359.0400,0.000048
FILLER_128_769,VGND,li1,362.0200,359.0400,0.000048
FILLER_128_757,VGND,li1,356.5000,359.0400,0.000048
FILLER_128_755,VGND,li1,353.0500,359.0400,0.000048
FILLER_128_749,VGND,li1,351.4400,359.0400,0.000048
FILLER_128_737,VGND,li1,347.3000,359.0400,0.000048
FILLER_128_725,VGND,li1,341.7800,359.0400,0.000048
FILLER_128_713,VGND,li1,336.2600,359.0400,0.000048
FILLER_128_701,VGND,li1,330.7400,359.0400,0.000048
FILLER_128_699,VGND,li1,327.2900,359.0400,0.000072
FILLER_128_693,VGND,li1,325.6800,359.0400,0.000072
FILLER_128_681,VGND,li1,321.5400,359.0400,0.000092
FILLER_128_669,VGND,li1,316.0200,359.0400,0.000118
FILLER_128_657,VGND,li1,310.5000,359.0400,0.000147
FILLER_128_645,VGND,li1,304.9800,359.0400,0.000173
FILLER_128_632,VGND,li1,299.0000,359.0400,0.000199
FILLER_128_620,VGND,li1,293.4800,359.0400,0.000226
FILLER_128_608,VGND,li1,287.9600,359.0400,0.000252
FILLER_128_601,VGND,li1,282.6700,359.0400,0.000282
FILLER_128_589,VGND,li1,279.2200,359.0400,0.000289
FILLER_128_587,VGND,li1,275.7700,359.0400,0.000308
FILLER_128_583,VGND,li1,274.6200,359.0400,0.000308
FILLER_128_571,VGND,li1,270.9400,359.0400,0.000322
FILLER_128_567,VGND,li1,266.5700,359.0400,0.000335
FILLER_128_561,VGND,li1,264.9600,359.0400,0.000335
FILLER_128_547,VGND,li1,257.8300,359.0400,0.000334
FILLER_128_539,VGND,li1,255.3000,359.0400,0.000333
FILLER_128_531,VGND,li1,250.0100,359.0400,0.000330
FILLER_128_513,VGND,li1,243.3400,359.0400,0.000324
FILLER_128_501,VGND,li1,238.7400,359.0400,0.000319
FILLER_128_489,VGND,li1,233.2200,359.0400,0.000315
FILLER_128_477,VGND,li1,227.7000,359.0400,0.000309
FILLER_128_475,VGND,li1,224.2500,359.0400,0.000304
FILLER_128_469,VGND,li1,222.6400,359.0400,0.000304
FILLER_128_457,VGND,li1,218.5000,359.0400,0.000300
FILLER_128_445,VGND,li1,212.9800,359.0400,0.000294
FILLER_128_433,VGND,li1,207.4600,359.0400,0.000287
FILLER_128_421,VGND,li1,201.9400,359.0400,0.000282
FILLER_128_418,VGND,li1,198.2600,359.0400,0.000276
FILLER_128_410,VGND,li1,195.9600,359.0400,0.000269
FILLER_128_400,VGND,li1,190.2100,359.0400,0.000258
FILLER_128_394,VGND,li1,186.9900,359.0400,0.000250
FILLER_128_387,VGND,li1,184.4600,359.0400,0.000243
FILLER_128_371,VGND,li1,177.1000,359.0400,0.000217
FILLER_128_361,VGND,li1,172.2700,359.0400,0.000300
FILLER_128_349,VGND,li1,168.8200,359.0400,0.000387
FILLER_128_321,VGND,li1,155.0200,359.0400,0.000601
FILLER_128_309,VGND,li1,150.4200,359.0400,0.000684
FILLER_128_307,VGND,li1,146.9700,359.0400,0.000725
FILLER_128_295,VGND,li1,143.9800,359.0400,0.000770
FILLER_128_285,VGND,li1,137.5400,359.0400,0.000830
FILLER_128_273,VGND,li1,133.8600,359.0400,0.000806
FILLER_128_253,VGND,li1,123.2800,359.0400,0.000746
FILLER_128_246,VGND,li1,120.0600,359.0400,0.000716
FILLER_128_234,VGND,li1,115.9200,359.0400,0.000690
FILLER_128_205,VGND,li1,100.2800,359.0400,0.000598
FILLER_128_181,VGND,li1,89.0100,359.0400,0.000515
FILLER_128_169,VGND,li1,86.0200,359.0400,0.000498
FILLER_128_153,VGND,li1,78.6600,359.0400,0.000449
FILLER_128_141,VGND,li1,73.1400,359.0400,0.000410
FILLER_128_139,VGND,li1,69.6900,359.0400,0.000386
FILLER_128_133,VGND,li1,68.0800,359.0400,0.000370
FILLER_128_121,VGND,li1,63.9400,359.0400,0.000345
FILLER_128_109,VGND,li1,58.4200,359.0400,0.000298
FILLER_128_97,VGND,li1,52.9000,359.0400,0.000267
FILLER_128_85,VGND,li1,47.3800,359.0400,0.000228
FILLER_128_83,VGND,li1,43.9300,359.0400,0.000192
FILLER_128_77,VGND,li1,42.3200,359.0400,0.000192
FILLER_128_65,VGND,li1,38.1800,359.0400,0.000163
FILLER_128_53,VGND,li1,32.6600,359.0400,0.000124
FILLER_128_41,VGND,li1,27.1400,359.0400,0.000085
FILLER_128_29,VGND,li1,21.6200,359.0400,0.000071
FILLER_128_27,VGND,li1,18.1700,359.0400,0.000071
FILLER_128_15,VGND,li1,15.1800,359.0400,0.000071
FILLER_128_3,VGND,li1,9.6600,359.0400,0.000071
FILLER_127_809,VGND,li1,378.1200,359.0400,0.000048
FILLER_127_797,VGND,li1,374.9000,359.0400,0.000048
FILLER_127_785,VGND,li1,369.3800,359.0400,0.000048
FILLER_127_783,VGND,li1,365.9300,359.0400,0.000048
FILLER_127_777,VGND,li1,364.3200,359.0400,0.000048
FILLER_127_765,VGND,li1,360.1800,359.0400,0.000048
FILLER_127_753,VGND,li1,354.6600,359.0400,0.000048
FILLER_127_741,VGND,li1,349.1400,359.0400,0.000048
FILLER_127_729,VGND,li1,343.6200,359.0400,0.000048
FILLER_127_727,VGND,li1,340.1700,359.0400,0.000048
FILLER_127_721,VGND,li1,338.5600,359.0400,0.000048
FILLER_127_709,VGND,li1,334.4200,359.0400,0.000048
FILLER_127_697,VGND,li1,328.9000,359.0400,0.000062
FILLER_127_685,VGND,li1,323.3800,359.0400,0.000083
FILLER_127_673,VGND,li1,317.8600,359.0400,0.000109
FILLER_127_668,VGND,li1,313.7200,359.0400,0.000129
FILLER_127_656,VGND,li1,310.0400,359.0400,0.000147
FILLER_127_644,VGND,li1,304.5200,359.0400,0.000173
FILLER_127_632,VGND,li1,299.0000,359.0400,0.000199
FILLER_127_620,VGND,li1,293.4800,359.0400,0.000226
FILLER_127_593,VGND,li1,279.2200,359.0400,0.000289
FILLER_127_581,VGND,li1,275.5400,359.0400,0.000308
FILLER_127_558,VGND,li1,262.6600,359.0400,0.000335
FILLER_127_546,VGND,li1,256.9100,359.0400,0.000334
FILLER_127_538,VGND,li1,254.8400,359.0400,0.000333
FILLER_127_513,VGND,li1,241.9600,359.0400,0.000324
FILLER_127_505,VGND,li1,239.6600,359.0400,0.000321
FILLER_127_503,VGND,li1,237.1300,359.0400,0.000317
FILLER_127_497,VGND,li1,235.5200,359.0400,0.000317
FILLER_127_485,VGND,li1,231.3800,359.0400,0.000313
FILLER_127_473,VGND,li1,225.8600,359.0400,0.000306
FILLER_127_461,VGND,li1,220.3400,359.0400,0.000301
FILLER_127_449,VGND,li1,214.8200,359.0400,0.000296
FILLER_127_446,VGND,li1,211.1400,359.0400,0.000292
FILLER_127_438,VGND,li1,208.8400,359.0400,0.000290
FILLER_127_409,VGND,li1,195.0400,359.0400,0.000269
FILLER_127_398,VGND,li1,189.9800,359.0400,0.000258
FILLER_127_390,VGND,li1,185.3800,359.0400,0.000243
FILLER_127_376,VGND,li1,179.1700,359.0400,0.000225
FILLER_127_366,VGND,li1,174.3400,359.0400,0.000265
FILLER_127_351,VGND,li1,167.2100,359.0400,0.000387
FILLER_127_345,VGND,li1,165.6000,359.0400,0.000421
FILLER_127_335,VGND,li1,159.8500,359.0400,0.000510
FILLER_127_316,VGND,li1,152.2600,359.0400,0.000635
FILLER_127_305,VGND,li1,146.7400,359.0400,0.000725
FILLER_127_276,VGND,li1,133.4000,359.0400,0.000806
FILLER_127_247,VGND,li1,120.5200,359.0400,0.000729
FILLER_127_236,VGND,li1,114.3100,359.0400,0.000690
FILLER_127_225,VGND,li1,109.9400,359.0400,0.000662
FILLER_127_223,VGND,li1,108.3300,359.0400,0.000644
FILLER_127_219,VGND,li1,107.1800,359.0400,0.000644
FILLER_127_199,VGND,li1,98.9000,359.0400,0.000583
FILLER_127_190,VGND,li1,93.6100,359.0400,0.000553
FILLER_127_182,VGND,li1,91.0800,359.0400,0.000534
FILLER_127_169,VGND,li1,83.7200,359.0400,0.000485
FILLER_127_160,VGND,li1,79.8100,359.0400,0.000449
FILLER_127_148,VGND,li1,76.3600,359.0400,0.000433
FILLER_127_136,VGND,li1,70.8400,359.0400,0.000386
FILLER_127_125,VGND,li1,64.8600,359.0400,0.000345
FILLER_127_113,VGND,li1,60.2600,359.0400,0.000319
FILLER_127_111,VGND,li1,56.8100,359.0400,0.000284
FILLER_127_105,VGND,li1,55.2000,359.0400,0.000284
FILLER_127_93,VGND,li1,51.0600,359.0400,0.000254
FILLER_127_81,VGND,li1,45.5400,359.0400,0.000207
FILLER_127_69,VGND,li1,40.0200,359.0400,0.000176
FILLER_127_57,VGND,li1,34.5000,359.0400,0.000137
FILLER_127_55,VGND,li1,31.0500,359.0400,0.000104
FILLER_127_51,VGND,li1,29.9000,359.0400,0.000104
FILLER_127_39,VGND,li1,26.2200,359.0400,0.000071
FILLER_127_27,VGND,li1,20.7000,359.0400,0.000071
FILLER_127_15,VGND,li1,15.1800,359.0400,0.000071
FILLER_127_3,VGND,li1,9.6600,359.0400,0.000071
FILLER_126_805,VGND,li1,377.2000,353.6000,0.000075
FILLER_126_793,VGND,li1,373.0600,353.6000,0.000071
FILLER_126_781,VGND,li1,367.5400,353.6000,0.000065
FILLER_126_769,VGND,li1,362.0200,353.6000,0.000060
FILLER_126_757,VGND,li1,356.5000,353.6000,0.000055
FILLER_126_755,VGND,li1,353.0500,353.6000,0.000050
FILLER_126_749,VGND,li1,351.4400,353.6000,0.000050
FILLER_126_737,VGND,li1,347.3000,353.6000,0.000045
FILLER_126_725,VGND,li1,341.7800,353.6000,0.000039
FILLER_126_713,VGND,li1,336.2600,353.6000,0.000034
FILLER_126_701,VGND,li1,330.7400,353.6000,0.000029
FILLER_126_699,VGND,li1,327.2900,353.6000,0.000038
FILLER_126_693,VGND,li1,325.6800,353.6000,0.000038
FILLER_126_681,VGND,li1,321.5400,353.6000,0.000046
FILLER_126_669,VGND,li1,316.0200,353.6000,0.000059
FILLER_126_657,VGND,li1,310.5000,353.6000,0.000067
FILLER_126_645,VGND,li1,304.9800,353.6000,0.000077
FILLER_126_643,VGND,li1,301.5300,353.6000,0.000084
FILLER_126_635,VGND,li1,299.4600,353.6000,0.000088
FILLER_126_623,VGND,li1,294.8600,353.6000,0.000096
FILLER_126_585,VGND,li1,275.3100,353.6000,0.000128
FILLER_126_579,VGND,li1,272.5500,353.6000,0.000132
FILLER_126_568,VGND,li1,267.0300,353.6000,0.000138
FILLER_126_564,VGND,li1,265.8800,353.6000,0.000138
FILLER_126_550,VGND,li1,258.7500,353.6000,0.000147
FILLER_126_537,VGND,li1,252.7700,353.6000,0.000150
FILLER_126_533,VGND,li1,251.6200,353.6000,0.000152
FILLER_126_531,VGND,li1,250.0100,353.6000,0.000153
FILLER_126_510,VGND,li1,241.9600,353.6000,0.000157
FILLER_126_498,VGND,li1,237.3600,353.6000,0.000159
FILLER_126_492,VGND,li1,232.0700,353.6000,0.000162
FILLER_126_477,VGND,li1,227.7000,353.6000,0.000163
FILLER_126_475,VGND,li1,224.2500,353.6000,0.000164
FILLER_126_469,VGND,li1,222.6400,353.6000,0.000164
FILLER_126_457,VGND,li1,218.5000,353.6000,0.000165
FILLER_126_445,VGND,li1,212.9800,353.6000,0.000166
FILLER_126_433,VGND,li1,207.4600,353.6000,0.000167
FILLER_126_421,VGND,li1,201.9400,353.6000,0.000168
FILLER_126_412,VGND,li1,196.8800,353.6000,0.000169
FILLER_126_363,VGND,li1,172.7300,353.6000,0.000221
FILLER_126_354,VGND,li1,168.8200,353.6000,0.000277
FILLER_126_342,VGND,li1,165.6000,353.6000,0.000322
FILLER_126_334,VGND,li1,159.3900,353.6000,0.000362
FILLER_126_301,VGND,li1,144.2100,353.6000,0.000406
FILLER_126_266,VGND,li1,129.7200,353.6000,0.000392
FILLER_126_261,VGND,li1,125.8100,353.6000,0.000383
FILLER_126_253,VGND,li1,123.7400,353.6000,0.000377
FILLER_126_251,VGND,li1,121.2100,353.6000,0.000368
FILLER_126_247,VGND,li1,120.0600,353.6000,0.000368
FILLER_126_235,VGND,li1,116.3800,353.6000,0.000358
FILLER_126_229,VGND,li1,111.5500,353.6000,0.000343
FILLER_126_221,VGND,li1,109.0200,353.6000,0.000338
FILLER_126_209,VGND,li1,104.4200,353.6000,0.000326
FILLER_126_197,VGND,li1,98.9000,353.6000,0.000309
FILLER_126_190,VGND,li1,94.3000,353.6000,0.000296
FILLER_126_180,VGND,li1,89.0100,353.6000,0.000275
FILLER_126_166,VGND,li1,82.1100,353.6000,0.000253
FILLER_126_148,VGND,li1,74.0600,353.6000,0.000230
FILLER_126_139,VGND,li1,69.6900,353.6000,0.000209
FILLER_126_117,VGND,li1,59.5700,353.6000,0.000175
FILLER_126_109,VGND,li1,57.5000,353.6000,0.000166
FILLER_126_97,VGND,li1,52.9000,353.6000,0.000149
FILLER_126_85,VGND,li1,47.3800,353.6000,0.000127
FILLER_126_83,VGND,li1,43.9300,353.6000,0.000107
FILLER_126_77,VGND,li1,42.3200,353.6000,0.000107
FILLER_126_65,VGND,li1,38.1800,353.6000,0.000091
FILLER_126_53,VGND,li1,32.6600,353.6000,0.000069
FILLER_126_41,VGND,li1,27.1400,353.6000,0.000047
FILLER_126_29,VGND,li1,21.6200,353.6000,0.000039
FILLER_126_27,VGND,li1,18.1700,353.6000,0.000039
FILLER_126_15,VGND,li1,15.1800,353.6000,0.000039
FILLER_126_3,VGND,li1,9.6600,353.6000,0.000039
FILLER_125_805,VGND,li1,376.2800,353.6000,0.000075
FILLER_125_797,VGND,li1,373.9800,353.6000,0.000071
FILLER_125_785,VGND,li1,369.3800,353.6000,0.000068
FILLER_125_783,VGND,li1,365.9300,353.6000,0.000063
FILLER_125_777,VGND,li1,364.3200,353.6000,0.000063
FILLER_125_765,VGND,li1,360.1800,353.6000,0.000058
FILLER_125_753,VGND,li1,354.6600,353.6000,0.000052
FILLER_125_741,VGND,li1,349.1400,353.6000,0.000047
FILLER_125_729,VGND,li1,343.6200,353.6000,0.000042
FILLER_125_727,VGND,li1,340.1700,353.6000,0.000037
FILLER_125_721,VGND,li1,338.5600,353.6000,0.000037
FILLER_125_709,VGND,li1,334.4200,353.6000,0.000033
FILLER_125_697,VGND,li1,328.9000,353.6000,0.000034
FILLER_125_685,VGND,li1,323.3800,353.6000,0.000043
FILLER_125_673,VGND,li1,317.8600,353.6000,0.000053
FILLER_125_660,VGND,li1,311.8800,353.6000,0.000067
FILLER_125_648,VGND,li1,306.3600,353.6000,0.000077
FILLER_125_636,VGND,li1,300.8400,353.6000,0.000088
FILLER_125_624,VGND,li1,295.3200,353.6000,0.000096
FILLER_125_614,VGND,li1,288.4200,353.6000,0.000108
FILLER_125_597,VGND,li1,280.8300,353.6000,0.000119
FILLER_125_585,VGND,li1,277.3800,353.6000,0.000125
FILLER_125_573,VGND,li1,271.8600,353.6000,0.000132
FILLER_125_561,VGND,li1,266.3400,353.6000,0.000138
FILLER_125_559,VGND,li1,262.8900,353.6000,0.000142
FILLER_125_555,VGND,li1,261.7400,353.6000,0.000142
FILLER_125_546,VGND,li1,257.1400,353.6000,0.000147
FILLER_125_534,VGND,li1,253.0000,353.6000,0.000150
FILLER_125_522,VGND,li1,248.4000,353.6000,0.000153
FILLER_125_510,VGND,li1,240.8100,353.6000,0.000157
FILLER_125_502,VGND,li1,236.9000,353.6000,0.000160
FILLER_125_481,VGND,li1,227.0100,353.6000,0.000163
FILLER_125_473,VGND,li1,224.9400,353.6000,0.000163
FILLER_125_461,VGND,li1,220.3400,353.6000,0.000164
FILLER_125_449,VGND,li1,214.8200,353.6000,0.000165
FILLER_125_447,VGND,li1,211.3700,353.6000,0.000166
FILLER_125_435,VGND,li1,208.3800,353.6000,0.000167
FILLER_125_423,VGND,li1,202.8600,353.6000,0.000168
FILLER_125_401,VGND,li1,190.6700,353.6000,0.000167
FILLER_125_393,VGND,li1,188.1400,353.6000,0.000165
FILLER_125_391,VGND,li1,185.6100,353.6000,0.000163
FILLER_125_387,VGND,li1,184.4600,353.6000,0.000160
FILLER_125_376,VGND,li1,180.3200,353.6000,0.000158
FILLER_125_370,VGND,li1,175.9500,353.6000,0.000195
FILLER_125_363,VGND,li1,172.9600,353.6000,0.000221
FILLER_125_353,VGND,li1,168.8200,353.6000,0.000277
FILLER_125_337,VGND,li1,161.0000,353.6000,0.000355
FILLER_125_332,VGND,li1,159.1600,353.6000,0.000362
FILLER_125_320,VGND,li1,155.4800,353.6000,0.000371
FILLER_125_316,VGND,li1,151.1100,353.6000,0.000387
FILLER_125_311,VGND,li1,148.8100,353.6000,0.000394
FILLER_125_281,VGND,li1,135.0100,353.6000,0.000403
FILLER_125_275,VGND,li1,132.2500,353.6000,0.000398
FILLER_125_265,VGND,li1,127.8800,353.6000,0.000388
FILLER_125_261,VGND,li1,125.8100,353.6000,0.000383
FILLER_125_253,VGND,li1,123.7400,353.6000,0.000377
FILLER_125_240,VGND,li1,116.1500,353.6000,0.000358
FILLER_125_232,VGND,li1,114.0800,353.6000,0.000349
FILLER_125_223,VGND,li1,108.3300,353.6000,0.000332
FILLER_125_217,VGND,li1,106.7200,353.6000,0.000332
FILLER_125_212,VGND,li1,103.2700,353.6000,0.000318
FILLER_125_206,VGND,li1,101.6600,353.6000,0.000318
FILLER_125_196,VGND,li1,96.1400,353.6000,0.000301
FILLER_125_192,VGND,li1,94.0700,353.6000,0.000296
FILLER_125_181,VGND,li1,89.4700,353.6000,0.000281
FILLER_125_169,VGND,li1,86.0200,353.6000,0.000268
FILLER_125_165,VGND,li1,82.1100,353.6000,0.000253
FILLER_125_157,VGND,li1,79.5800,353.6000,0.000246
FILLER_125_145,VGND,li1,74.9800,353.6000,0.000230
FILLER_125_138,VGND,li1,69.9200,353.6000,0.000209
FILLER_125_133,VGND,li1,67.1600,353.6000,0.000200
FILLER_125_129,VGND,li1,65.0900,353.6000,0.000192
FILLER_125_125,VGND,li1,63.9400,353.6000,0.000192
FILLER_125_113,VGND,li1,60.2600,353.6000,0.000175
FILLER_125_111,VGND,li1,56.8100,353.6000,0.000158
FILLER_125_105,VGND,li1,55.2000,353.6000,0.000158
FILLER_125_93,VGND,li1,51.0600,353.6000,0.000142
FILLER_125_81,VGND,li1,45.5400,353.6000,0.000115
FILLER_125_69,VGND,li1,40.0200,353.6000,0.000098
FILLER_125_57,VGND,li1,34.5000,353.6000,0.000076
FILLER_125_55,VGND,li1,31.0500,353.6000,0.000058
FILLER_125_51,VGND,li1,29.9000,353.6000,0.000058
FILLER_125_39,VGND,li1,26.2200,353.6000,0.000039
FILLER_125_27,VGND,li1,20.7000,353.6000,0.000039
FILLER_125_15,VGND,li1,15.1800,353.6000,0.000039
FILLER_125_3,VGND,li1,9.6600,353.6000,0.000039
FILLER_124_805,VGND,li1,376.2800,348.1600,0.000206
FILLER_124_793,VGND,li1,373.0600,348.1600,0.000203
FILLER_124_781,VGND,li1,367.5400,348.1600,0.000197
FILLER_124_769,VGND,li1,362.0200,348.1600,0.000192
FILLER_124_757,VGND,li1,356.5000,348.1600,0.000186
FILLER_124_755,VGND,li1,353.0500,348.1600,0.000181
FILLER_124_749,VGND,li1,351.4400,348.1600,0.000181
FILLER_124_737,VGND,li1,347.3000,348.1600,0.000177
FILLER_124_725,VGND,li1,341.7800,348.1600,0.000151
FILLER_124_713,VGND,li1,336.2600,348.1600,0.000126
FILLER_124_701,VGND,li1,330.7400,348.1600,0.000099
FILLER_124_699,VGND,li1,327.2900,348.1600,0.000122
FILLER_124_693,VGND,li1,325.6800,348.1600,0.000122
FILLER_124_681,VGND,li1,321.5400,348.1600,0.000145
FILLER_124_670,VGND,li1,313.9500,348.1600,0.000177
FILLER_124_661,VGND,li1,310.9600,348.1600,0.000187
FILLER_124_649,VGND,li1,306.8200,348.1600,0.000200
FILLER_124_638,VGND,li1,300.3800,348.1600,0.000229
FILLER_124_626,VGND,li1,296.2400,348.1600,0.000239
FILLER_124_614,VGND,li1,290.7200,348.1600,0.000259
FILLER_124_608,VGND,li1,285.8900,348.1600,0.000277
FILLER_124_600,VGND,li1,283.3600,348.1600,0.000289
FILLER_124_592,VGND,li1,278.0700,348.1600,0.000308
FILLER_124_575,VGND,li1,270.2500,348.1600,0.000328
FILLER_124_571,VGND,li1,269.1000,348.1600,0.000333
FILLER_124_559,VGND,li1,265.4200,348.1600,0.000339
FILLER_124_547,VGND,li1,259.9000,348.1600,0.000353
FILLER_124_541,VGND,li1,255.0700,348.1600,0.000364
FILLER_124_533,VGND,li1,252.5400,348.1600,0.000370
FILLER_124_529,VGND,li1,249.5500,348.1600,0.000378
FILLER_124_521,VGND,li1,247.0200,348.1600,0.000382
FILLER_124_509,VGND,li1,242.4200,348.1600,0.000390
FILLER_124_500,VGND,li1,235.9800,348.1600,0.000403
FILLER_124_477,VGND,li1,225.8600,348.1600,0.000418
FILLER_124_475,VGND,li1,224.2500,348.1600,0.000418
FILLER_124_469,VGND,li1,222.6400,348.1600,0.000422
FILLER_124_457,VGND,li1,218.5000,348.1600,0.000426
FILLER_124_445,VGND,li1,212.9800,348.1600,0.000435
FILLER_124_433,VGND,li1,207.4600,348.1600,0.000440
FILLER_124_421,VGND,li1,201.9400,348.1600,0.000447
FILLER_124_419,VGND,li1,198.4900,348.1600,0.000451
FILLER_124_411,VGND,li1,196.4200,348.1600,0.000453
FILLER_124_404,VGND,li1,191.8200,348.1600,0.000451
FILLER_124_392,VGND,li1,188.6000,348.1600,0.000446
FILLER_124_380,VGND,li1,183.0800,348.1600,0.000437
FILLER_124_368,VGND,li1,177.5600,348.1600,0.000419
FILLER_124_363,VGND,li1,172.7300,348.1600,0.000583
FILLER_124_351,VGND,li1,169.7400,348.1600,0.000676
FILLER_124_333,VGND,li1,158.9300,348.1600,0.000902
FILLER_124_321,VGND,li1,155.9400,348.1600,0.000912
FILLER_124_309,VGND,li1,150.4200,348.1600,0.000893
FILLER_124_294,VGND,li1,140.9900,348.1600,0.000847
FILLER_124_288,VGND,li1,139.3800,348.1600,0.000847
FILLER_124_276,VGND,li1,135.2400,348.1600,0.000825
FILLER_124_270,VGND,li1,129.9500,348.1600,0.000799
FILLER_124_266,VGND,li1,128.8000,348.1600,0.000799
FILLER_124_257,VGND,li1,124.6600,348.1600,0.000778
FILLER_124_236,VGND,li1,114.7700,348.1600,0.000724
FILLER_124_225,VGND,li1,109.7100,348.1600,0.000690
FILLER_124_218,VGND,li1,106.7200,348.1600,0.000678
FILLER_124_204,VGND,li1,99.5900,348.1600,0.000635
FILLER_124_193,VGND,li1,94.9900,348.1600,0.000606
FILLER_124_181,VGND,li1,91.5400,348.1600,0.000583
FILLER_124_169,VGND,li1,86.0200,348.1600,0.000541
FILLER_124_153,VGND,li1,77.7400,348.1600,0.000479
FILLER_124_141,VGND,li1,73.1400,348.1600,0.000456
FILLER_124_137,VGND,li1,69.2300,348.1600,0.000428
FILLER_124_125,VGND,li1,63.2500,348.1600,0.000383
FILLER_124_113,VGND,li1,60.2600,348.1600,0.000351
FILLER_124_107,VGND,li1,54.9700,348.1600,0.000310
FILLER_124_97,VGND,li1,50.6000,348.1600,0.000274
FILLER_124_85,VGND,li1,46.4600,348.1600,0.000252
FILLER_124_83,VGND,li1,43.9300,348.1600,0.000219
FILLER_124_77,VGND,li1,42.3200,348.1600,0.000219
FILLER_124_65,VGND,li1,38.1800,348.1600,0.000185
FILLER_124_53,VGND,li1,32.6600,348.1600,0.000141
FILLER_124_41,VGND,li1,27.1400,348.1600,0.000097
FILLER_124_29,VGND,li1,21.6200,348.1600,0.000081
FILLER_124_27,VGND,li1,18.1700,348.1600,0.000081
FILLER_124_15,VGND,li1,15.1800,348.1600,0.000081
FILLER_124_3,VGND,li1,9.6600,348.1600,0.000081
FILLER_123_805,VGND,li1,376.2800,348.1600,0.000206
FILLER_123_797,VGND,li1,373.9800,348.1600,0.000203
FILLER_123_785,VGND,li1,369.3800,348.1600,0.000199
FILLER_123_781,VGND,li1,365.4700,348.1600,0.000195
FILLER_123_773,VGND,li1,362.9400,348.1600,0.000192
FILLER_123_761,VGND,li1,358.3400,348.1600,0.000188
FILLER_123_749,VGND,li1,352.8200,348.1600,0.000181
FILLER_123_727,VGND,li1,340.1700,348.1600,0.000140
FILLER_123_721,VGND,li1,338.5600,348.1600,0.000140
FILLER_123_702,VGND,li1,329.1300,348.1600,0.000113
FILLER_123_690,VGND,li1,325.6800,348.1600,0.000122
FILLER_123_658,VGND,li1,308.4300,348.1600,0.000200
FILLER_123_654,VGND,li1,307.2800,348.1600,0.000200
FILLER_123_629,VGND,li1,296.7000,348.1600,0.000239
FILLER_123_617,VGND,li1,292.1000,348.1600,0.000259
FILLER_123_615,VGND,li1,288.6500,348.1600,0.000266
FILLER_123_603,VGND,li1,285.6600,348.1600,0.000277
FILLER_123_591,VGND,li1,277.6100,348.1600,0.000308
FILLER_123_582,VGND,li1,274.6200,348.1600,0.000314
FILLER_123_569,VGND,li1,267.7200,348.1600,0.000333
FILLER_123_561,VGND,li1,265.4200,348.1600,0.000339
FILLER_123_557,VGND,li1,262.4300,348.1600,0.000346
FILLER_123_546,VGND,li1,257.3700,348.1600,0.000359
FILLER_123_528,VGND,li1,248.6300,348.1600,0.000378
FILLER_123_520,VGND,li1,246.5600,348.1600,0.000382
FILLER_123_505,VGND,li1,239.6600,348.1600,0.000395
FILLER_123_500,VGND,li1,236.4400,348.1600,0.000403
FILLER_123_488,VGND,li1,232.7600,348.1600,0.000407
FILLER_123_484,VGND,li1,228.3900,348.1600,0.000415
FILLER_123_476,VGND,li1,224.9400,348.1600,0.000418
FILLER_123_464,VGND,li1,221.7200,348.1600,0.000422
FILLER_123_452,VGND,li1,216.2000,348.1600,0.000429
FILLER_123_447,VGND,li1,211.3700,348.1600,0.000435
FILLER_123_435,VGND,li1,208.3800,348.1600,0.000440
FILLER_123_423,VGND,li1,202.8600,348.1600,0.000447
FILLER_123_393,VGND,li1,189.0600,348.1600,0.000446
FILLER_123_391,VGND,li1,185.6100,348.1600,0.000441
FILLER_123_380,VGND,li1,181.2400,348.1600,0.000432
FILLER_123_365,VGND,li1,173.8800,348.1600,0.000583
FILLER_123_353,VGND,li1,169.7400,348.1600,0.000676
FILLER_123_337,VGND,li1,160.7700,348.1600,0.000888
FILLER_123_325,VGND,li1,155.2500,348.1600,0.000912
FILLER_123_317,VGND,li1,153.1800,348.1600,0.000904
FILLER_123_305,VGND,li1,148.5800,348.1600,0.000886
FILLER_123_293,VGND,li1,143.0600,348.1600,0.000863
FILLER_123_281,VGND,li1,137.5400,348.1600,0.000839
FILLER_123_272,VGND,li1,132.4800,348.1600,0.000810
FILLER_123_256,VGND,li1,123.9700,348.1600,0.000769
FILLER_123_248,VGND,li1,121.4400,348.1600,0.000758
FILLER_123_237,VGND,li1,115.9200,348.1600,0.000724
FILLER_123_225,VGND,li1,111.7800,348.1600,0.000707
FILLER_123_223,VGND,li1,108.3300,348.1600,0.000678
FILLER_123_217,VGND,li1,106.7200,348.1600,0.000678
FILLER_123_210,VGND,li1,102.8100,348.1600,0.000646
FILLER_123_202,VGND,li1,100.2800,348.1600,0.000635
FILLER_123_190,VGND,li1,95.6800,348.1600,0.000606
FILLER_123_145,VGND,li1,73.6000,348.1600,0.000456
FILLER_123_120,VGND,li1,60.9500,348.1600,0.000365
FILLER_123_104,VGND,li1,53.8200,348.1600,0.000310
FILLER_123_89,VGND,li1,46.6900,348.1600,0.000252
FILLER_123_81,VGND,li1,44.6200,348.1600,0.000235
FILLER_123_69,VGND,li1,40.0200,348.1600,0.000200
FILLER_123_57,VGND,li1,34.5000,348.1600,0.000156
FILLER_123_55,VGND,li1,31.0500,348.1600,0.000119
FILLER_123_51,VGND,li1,29.9000,348.1600,0.000119
FILLER_123_39,VGND,li1,26.2200,348.1600,0.000081
FILLER_123_27,VGND,li1,20.7000,348.1600,0.000081
FILLER_123_15,VGND,li1,15.1800,348.1600,0.000081
FILLER_123_3,VGND,li1,9.6600,348.1600,0.000081
FILLER_122_789,VGND,li1,368.9200,342.7200,0.000555
FILLER_122_781,VGND,li1,366.6200,342.7200,0.000543
FILLER_122_769,VGND,li1,362.0200,342.7200,0.000521
FILLER_122_757,VGND,li1,356.5000,342.7200,0.000494
FILLER_122_752,VGND,li1,352.3600,342.7200,0.000474
FILLER_122_740,VGND,li1,348.6800,342.7200,0.000456
FILLER_122_735,VGND,li1,344.0800,342.7200,0.000431
FILLER_122_723,VGND,li1,340.8600,342.7200,0.000413
FILLER_122_682,VGND,li1,321.0800,342.7200,0.000758
FILLER_122_657,VGND,li1,309.1200,342.7200,0.001116
FILLER_122_639,VGND,li1,299.6900,342.7200,0.001441
FILLER_122_632,VGND,li1,297.1600,342.7200,0.001514
FILLER_122_601,VGND,li1,282.9000,342.7200,0.001933
FILLER_122_589,VGND,li1,279.2200,342.7200,0.002057
FILLER_122_587,VGND,li1,275.7700,342.7200,0.002154
FILLER_122_579,VGND,li1,273.7000,342.7200,0.002210
FILLER_122_569,VGND,li1,267.4900,342.7200,0.002397
FILLER_122_561,VGND,li1,265.4200,342.7200,0.002459
FILLER_122_549,VGND,li1,260.8200,342.7200,0.002597
FILLER_122_531,VGND,li1,250.0100,342.7200,0.002450
FILLER_122_523,VGND,li1,247.9400,342.7200,0.002410
FILLER_122_509,VGND,li1,240.3500,342.7200,0.002232
FILLER_122_492,VGND,li1,232.5300,342.7200,0.002110
FILLER_122_475,VGND,li1,224.2500,342.7200,0.001945
FILLER_122_471,VGND,li1,223.1000,342.7200,0.001903
FILLER_122_462,VGND,li1,218.2700,342.7200,0.001824
FILLER_122_428,VGND,li1,205.1600,342.7200,0.001533
FILLER_122_417,VGND,li1,198.0300,342.7200,0.001407
FILLER_122_381,VGND,li1,181.2400,342.7200,0.000999
FILLER_122_372,VGND,li1,177.1000,342.7200,0.000863
FILLER_122_343,VGND,li1,165.1400,342.7200,0.001390
FILLER_122_335,VGND,li1,160.3100,342.7200,0.001640
FILLER_122_315,VGND,li1,150.6500,342.7200,0.001960
FILLER_122_309,VGND,li1,149.0400,342.7200,0.001960
FILLER_122_307,VGND,li1,146.9700,342.7200,0.002008
FILLER_122_295,VGND,li1,143.9800,342.7200,0.002070
FILLER_122_282,VGND,li1,136.6200,342.7200,0.002127
FILLER_122_270,VGND,li1,132.4800,342.7200,0.002050
FILLER_122_262,VGND,li1,126.2700,342.7200,0.001941
FILLER_122_256,VGND,li1,124.6600,342.7200,0.001941
FILLER_122_235,VGND,li1,114.0800,342.7200,0.001769
FILLER_122_231,VGND,li1,112.0100,342.7200,0.001735
FILLER_122_221,VGND,li1,107.4100,342.7200,0.001632
FILLER_122_215,VGND,li1,105.8000,342.7200,0.001632
FILLER_122_206,VGND,li1,100.7400,342.7200,0.001532
FILLER_122_195,VGND,li1,95.4500,342.7200,0.001438
FILLER_122_191,VGND,li1,94.3000,342.7200,0.001438
FILLER_122_179,VGND,li1,88.0900,342.7200,0.001332
FILLER_122_173,VGND,li1,86.4800,342.7200,0.001295
FILLER_122_163,VGND,li1,80.9600,342.7200,0.001207
FILLER_122_156,VGND,li1,78.2000,342.7200,0.001159
FILLER_122_149,VGND,li1,74.9800,342.7200,0.001103
FILLER_122_137,VGND,li1,69.2300,342.7200,0.000974
FILLER_122_125,VGND,li1,63.2500,342.7200,0.000862
FILLER_122_119,VGND,li1,61.6400,342.7200,0.000862
FILLER_122_105,VGND,li1,55.2000,342.7200,0.000745
FILLER_122_97,VGND,li1,50.8300,342.7200,0.000665
FILLER_122_77,VGND,li1,41.1700,342.7200,0.000464
FILLER_122_65,VGND,li1,38.1800,342.7200,0.000430
FILLER_122_53,VGND,li1,32.6600,342.7200,0.000327
FILLER_122_41,VGND,li1,27.1400,342.7200,0.000224
FILLER_122_29,VGND,li1,21.6200,342.7200,0.000187
FILLER_122_27,VGND,li1,18.1700,342.7200,0.000187
FILLER_122_15,VGND,li1,15.1800,342.7200,0.000187
FILLER_122_3,VGND,li1,9.6600,342.7200,0.000187
FILLER_121_803,VGND,li1,375.1300,342.7200,0.000578
FILLER_121_797,VGND,li1,373.5200,342.7200,0.000578
FILLER_121_785,VGND,li1,369.3800,342.7200,0.000555
FILLER_121_783,VGND,li1,365.9300,342.7200,0.000533
FILLER_121_777,VGND,li1,364.3200,342.7200,0.000533
FILLER_121_765,VGND,li1,360.1800,342.7200,0.000512
FILLER_121_753,VGND,li1,354.6600,342.7200,0.000485
FILLER_121_741,VGND,li1,349.1400,342.7200,0.000456
FILLER_121_729,VGND,li1,343.6200,342.7200,0.000431
FILLER_121_726,VGND,li1,339.9400,342.7200,0.000413
FILLER_121_714,VGND,li1,336.7200,342.7200,0.000393
FILLER_121_703,VGND,li1,329.1300,342.7200,0.000530
FILLER_121_697,VGND,li1,327.5200,342.7200,0.000530
FILLER_121_673,VGND,li1,316.9400,342.7200,0.000868
FILLER_121_670,VGND,li1,314.1800,342.7200,0.000956
FILLER_121_658,VGND,li1,310.9600,342.7200,0.001057
FILLER_121_646,VGND,li1,305.4400,342.7200,0.001282
FILLER_121_634,VGND,li1,299.9200,342.7200,0.001441
FILLER_121_610,VGND,li1,286.5800,342.7200,0.001821
FILLER_121_593,VGND,li1,278.7600,342.7200,0.002057
FILLER_121_581,VGND,li1,275.5400,342.7200,0.002154
FILLER_121_545,VGND,li1,256.4500,342.7200,0.002574
FILLER_121_541,VGND,li1,255.3000,342.7200,0.002535
FILLER_121_529,VGND,li1,251.6200,342.7200,0.002450
FILLER_121_517,VGND,li1,246.1000,342.7200,0.002361
FILLER_121_497,VGND,li1,235.0600,342.7200,0.002151
FILLER_121_485,VGND,li1,231.3800,342.7200,0.002065
FILLER_121_464,VGND,li1,219.8800,342.7200,0.001824
FILLER_121_431,VGND,li1,204.0100,342.7200,0.001533
FILLER_121_423,VGND,li1,201.9400,342.7200,0.001466
FILLER_121_407,VGND,li1,192.9700,342.7200,0.001266
FILLER_121_403,VGND,li1,191.8200,342.7200,0.001266
FILLER_121_375,VGND,li1,178.2500,342.7200,0.000863
FILLER_121_371,VGND,li1,176.4100,342.7200,0.000978
FILLER_121_365,VGND,li1,174.8000,342.7200,0.000978
FILLER_121_359,VGND,li1,170.8900,342.7200,0.001195
FILLER_121_354,VGND,li1,168.5900,342.7200,0.001293
FILLER_121_350,VGND,li1,167.4400,342.7200,0.001293
FILLER_121_330,VGND,li1,158.7000,342.7200,0.001640
FILLER_121_319,VGND,li1,152.4900,342.7200,0.001918
FILLER_121_296,VGND,li1,143.5200,342.7200,0.002070
FILLER_121_281,VGND,li1,135.0100,342.7200,0.002081
FILLER_121_259,VGND,li1,127.4200,342.7200,0.001985
FILLER_121_247,VGND,li1,121.9000,342.7200,0.001893
FILLER_121_237,VGND,li1,115.9200,342.7200,0.001800
FILLER_121_225,VGND,li1,111.7800,342.7200,0.001705
FILLER_121_223,VGND,li1,108.3300,342.7200,0.001670
FILLER_121_217,VGND,li1,106.7200,342.7200,0.001632
FILLER_121_205,VGND,li1,102.5800,342.7200,0.001579
FILLER_121_193,VGND,li1,97.0600,342.7200,0.001485
FILLER_121_181,VGND,li1,91.5400,342.7200,0.001364
FILLER_121_169,VGND,li1,86.0200,342.7200,0.001295
FILLER_121_167,VGND,li1,82.5700,342.7200,0.001207
FILLER_121_163,VGND,li1,81.4200,342.7200,0.001207
FILLER_121_147,VGND,li1,73.8300,342.7200,0.001053
FILLER_121_139,VGND,li1,71.3000,342.7200,0.001016
FILLER_121_128,VGND,li1,64.8600,342.7200,0.000920
FILLER_121_116,VGND,li1,61.6400,342.7200,0.000862
FILLER_121_110,VGND,li1,56.5800,342.7200,0.000745
FILLER_121_102,VGND,li1,53.3600,342.7200,0.000699
FILLER_121_90,VGND,li1,49.6800,342.7200,0.000631
FILLER_121_81,VGND,li1,44.1600,342.7200,0.000516
FILLER_121_69,VGND,li1,40.0200,342.7200,0.000464
FILLER_121_57,VGND,li1,34.5000,342.7200,0.000361
FILLER_121_55,VGND,li1,31.0500,342.7200,0.000276
FILLER_121_51,VGND,li1,29.9000,342.7200,0.000276
FILLER_121_39,VGND,li1,26.2200,342.7200,0.000187
FILLER_121_27,VGND,li1,20.7000,342.7200,0.000187
FILLER_121_15,VGND,li1,15.1800,342.7200,0.000187
FILLER_121_3,VGND,li1,9.6600,342.7200,0.000187
FILLER_120_789,VGND,li1,368.9200,337.2800,0.003673
FILLER_120_781,VGND,li1,366.6200,337.2800,0.003663
FILLER_120_769,VGND,li1,362.0200,337.2800,0.003646
FILLER_120_757,VGND,li1,356.5000,337.2800,0.003620
FILLER_120_753,VGND,li1,352.5900,337.2800,0.003597
FILLER_120_741,VGND,li1,349.1400,337.2800,0.003578
FILLER_120_733,VGND,li1,343.1600,337.2800,0.003257
FILLER_120_725,VGND,li1,340.8600,337.2800,0.003100
FILLER_120_713,VGND,li1,336.2600,337.2800,0.002695
FILLER_120_701,VGND,li1,330.7400,337.2800,0.002440
FILLER_120_697,VGND,li1,326.8300,337.2800,0.002800
FILLER_120_686,VGND,li1,321.3100,337.2800,0.003140
FILLER_120_678,VGND,li1,319.2400,337.2800,0.003329
FILLER_120_666,VGND,li1,314.6400,337.2800,0.003743
FILLER_120_657,VGND,li1,309.1200,337.2800,0.004231
FILLER_120_645,VGND,li1,304.9800,337.2800,0.004512
FILLER_120_641,VGND,li1,301.0700,337.2800,0.004848
FILLER_120_629,VGND,li1,297.6200,337.2800,0.005072
FILLER_120_617,VGND,li1,292.1000,337.2800,0.005501
FILLER_120_611,VGND,li1,287.2700,337.2800,0.006022
FILLER_120_599,VGND,li1,283.8200,337.2800,0.006171
FILLER_120_586,VGND,li1,275.5400,337.2800,0.006729
FILLER_120_576,VGND,li1,271.1700,337.2800,0.006818
FILLER_120_568,VGND,li1,268.6400,337.2800,0.006802
FILLER_120_562,VGND,li1,264.7300,337.2800,0.006770
FILLER_120_549,VGND,li1,258.2900,337.2800,0.006643
FILLER_120_545,VGND,li1,257.1400,337.2800,0.006643
FILLER_120_533,VGND,li1,253.4600,337.2800,0.006497
FILLER_120_529,VGND,li1,249.5500,337.2800,0.006341
FILLER_120_521,VGND,li1,247.0200,337.2800,0.006190
FILLER_120_509,VGND,li1,242.4200,337.2800,0.005915
FILLER_120_494,VGND,li1,233.2200,337.2800,0.005337
FILLER_120_486,VGND,li1,230.9200,337.2800,0.005192
FILLER_120_474,VGND,li1,224.0200,337.2800,0.004756
FILLER_120_469,VGND,li1,221.7200,337.2800,0.004610
FILLER_120_461,VGND,li1,219.4200,337.2800,0.004436
FILLER_120_449,VGND,li1,212.9800,337.2800,0.003984
FILLER_120_437,VGND,li1,209.3000,337.2800,0.003794
FILLER_120_424,VGND,li1,201.0200,337.2800,0.003298
FILLER_120_419,VGND,li1,198.4900,337.2800,0.003048
FILLER_120_397,VGND,li1,188.6000,337.2800,0.002379
FILLER_120_388,VGND,li1,184.9200,337.2800,0.002236
FILLER_120_376,VGND,li1,181.2400,337.2800,0.001918
FILLER_120_365,VGND,li1,175.2600,337.2800,0.002008
FILLER_120_362,VGND,li1,172.5000,337.2800,0.002297
FILLER_120_345,VGND,li1,164.6800,337.2800,0.003086
FILLER_120_337,VGND,li1,162.3800,337.2800,0.003307
FILLER_120_325,VGND,li1,157.7800,337.2800,0.003884
FILLER_120_313,VGND,li1,152.2600,337.2800,0.004359
FILLER_120_307,VGND,li1,146.9700,337.2800,0.004809
FILLER_120_303,VGND,li1,145.8200,337.2800,0.004809
FILLER_120_291,VGND,li1,142.1400,337.2800,0.005220
FILLER_120_279,VGND,li1,136.6200,337.2800,0.005544
FILLER_120_253,VGND,li1,124.6600,337.2800,0.006466
FILLER_120_251,VGND,li1,121.2100,337.2800,0.006697
FILLER_120_247,VGND,li1,120.0600,337.2800,0.006697
FILLER_120_235,VGND,li1,116.3800,337.2800,0.006841
FILLER_120_223,VGND,li1,110.8600,337.2800,0.006960
FILLER_120_209,VGND,li1,101.8900,337.2800,0.007023
FILLER_120_197,VGND,li1,98.9000,337.2800,0.006959
FILLER_120_195,VGND,li1,95.4500,337.2800,0.006838
FILLER_120_189,VGND,li1,93.8400,337.2800,0.006838
FILLER_120_181,VGND,li1,89.0100,337.2800,0.006640
FILLER_120_177,VGND,li1,87.8600,337.2800,0.006640
FILLER_120_165,VGND,li1,84.1800,337.2800,0.006453
FILLER_120_153,VGND,li1,78.6600,337.2800,0.006102
FILLER_120_141,VGND,li1,73.1400,337.2800,0.005624
FILLER_120_132,VGND,li1,68.0800,337.2800,0.005277
FILLER_120_120,VGND,li1,63.4800,337.2800,0.004841
FILLER_120_108,VGND,li1,57.9600,337.2800,0.004174
FILLER_120_97,VGND,li1,51.0600,337.2800,0.003598
FILLER_120_85,VGND,li1,47.3800,337.2800,0.003230
FILLER_120_83,VGND,li1,43.9300,337.2800,0.002723
FILLER_120_77,VGND,li1,42.3200,337.2800,0.002723
FILLER_120_65,VGND,li1,38.1800,337.2800,0.002309
FILLER_120_53,VGND,li1,32.6600,337.2800,0.001756
FILLER_120_41,VGND,li1,27.1400,337.2800,0.001203
FILLER_120_29,VGND,li1,21.6200,337.2800,0.001004
FILLER_120_27,VGND,li1,18.1700,337.2800,0.001004
FILLER_120_21,VGND,li1,16.5600,337.2800,0.001005
FILLER_120_9,VGND,li1,12.4200,337.2800,0.001005
FILLER_119_806,VGND,li1,376.5100,337.2800,0.003693
FILLER_119_797,VGND,li1,373.5200,337.2800,0.003691
FILLER_119_785,VGND,li1,369.3800,337.2800,0.003673
FILLER_119_781,VGND,li1,365.4700,337.2800,0.003654
FILLER_119_757,VGND,li1,353.9700,337.2800,0.003597
FILLER_119_751,VGND,li1,352.3600,337.2800,0.003597
FILLER_119_727,VGND,li1,340.1700,337.2800,0.002943
FILLER_119_718,VGND,li1,336.7200,337.2800,0.002695
FILLER_119_708,VGND,li1,331.8900,337.2800,0.002212
FILLER_119_700,VGND,li1,327.7500,337.2800,0.002591
FILLER_119_692,VGND,li1,325.6800,337.2800,0.002800
FILLER_119_688,VGND,li1,322.2300,337.2800,0.003140
FILLER_119_673,VGND,li1,315.5600,337.2800,0.003592
FILLER_119_668,VGND,li1,313.7200,337.2800,0.003743
FILLER_119_629,VGND,li1,295.3200,337.2800,0.005240
FILLER_119_617,VGND,li1,292.1000,337.2800,0.005501
FILLER_119_615,VGND,li1,288.6500,337.2800,0.005780
FILLER_119_603,VGND,li1,285.6600,337.2800,0.006022
FILLER_119_591,VGND,li1,280.1400,337.2800,0.006468
FILLER_119_573,VGND,li1,270.0200,337.2800,0.006802
FILLER_119_561,VGND,li1,266.3400,337.2800,0.006787
FILLER_119_559,VGND,li1,262.8900,337.2800,0.006758
FILLER_119_553,VGND,li1,261.2800,337.2800,0.006758
FILLER_119_535,VGND,li1,254.3800,337.2800,0.006497
FILLER_119_517,VGND,li1,244.2600,337.2800,0.006031
FILLER_119_505,VGND,li1,240.5800,337.2800,0.005800
FILLER_119_498,VGND,li1,235.9800,337.2800,0.005467
FILLER_119_486,VGND,li1,231.8400,337.2800,0.005192
FILLER_119_474,VGND,li1,226.3200,337.2800,0.004901
FILLER_119_467,VGND,li1,220.5700,337.2800,0.004436
FILLER_119_461,VGND,li1,218.9600,337.2800,0.004436
FILLER_119_449,VGND,li1,214.8200,337.2800,0.004173
FILLER_119_436,VGND,li1,208.8400,337.2800,0.003794
FILLER_119_424,VGND,li1,203.3200,337.2800,0.003430
FILLER_119_412,VGND,li1,197.8000,337.2800,0.003048
FILLER_119_401,VGND,li1,190.6700,337.2800,0.002597
FILLER_119_393,VGND,li1,188.1400,337.2800,0.002379
FILLER_119_388,VGND,li1,184.9200,337.2800,0.002236
FILLER_119_382,VGND,li1,181.4700,337.2800,0.001918
FILLER_119_378,VGND,li1,180.3200,337.2800,0.001918
FILLER_119_366,VGND,li1,176.6400,337.2800,0.002008
FILLER_119_354,VGND,li1,171.1200,337.2800,0.002514
FILLER_119_348,VGND,li1,166.2900,337.2800,0.003086
FILLER_119_342,VGND,li1,163.5300,337.2800,0.003307
FILLER_119_297,VGND,li1,143.5200,337.2800,0.004996
FILLER_119_277,VGND,li1,133.6300,337.2800,0.005870
FILLER_119_265,VGND,li1,130.1800,337.2800,0.006104
FILLER_119_256,VGND,li1,123.7400,337.2800,0.006466
FILLER_119_241,VGND,li1,116.8400,337.2800,0.006841
FILLER_119_225,VGND,li1,111.7800,337.2800,0.006960
FILLER_119_222,VGND,li1,108.1000,337.2800,0.007060
FILLER_119_210,VGND,li1,103.0400,337.2800,0.007068
FILLER_119_200,VGND,li1,98.2100,337.2800,0.006959
FILLER_119_192,VGND,li1,95.6800,337.2800,0.006889
FILLER_119_183,VGND,li1,89.9300,337.2800,0.006729
FILLER_119_169,VGND,li1,83.4900,337.2800,0.006336
FILLER_119_166,VGND,li1,82.3400,337.2800,0.006336
FILLER_119_158,VGND,li1,80.0400,337.2800,0.006102
FILLER_119_139,VGND,li1,72.2200,337.2800,0.005624
FILLER_119_131,VGND,li1,66.0100,337.2800,0.005093
FILLER_119_125,VGND,li1,64.4000,337.2800,0.004841
FILLER_119_113,VGND,li1,60.2600,337.2800,0.004519
FILLER_119_111,VGND,li1,56.8100,337.2800,0.004174
FILLER_119_105,VGND,li1,55.2000,337.2800,0.003852
FILLER_119_93,VGND,li1,51.0600,337.2800,0.003598
FILLER_119_81,VGND,li1,45.5400,337.2800,0.002931
FILLER_119_69,VGND,li1,40.0200,337.2800,0.002493
FILLER_119_57,VGND,li1,34.5000,337.2800,0.001940
FILLER_119_55,VGND,li1,31.0500,337.2800,0.001480
FILLER_119_51,VGND,li1,29.9000,337.2800,0.001480
FILLER_119_39,VGND,li1,26.2200,337.2800,0.001003
FILLER_119_27,VGND,li1,20.7000,337.2800,0.001004
FILLER_119_15,VGND,li1,15.1800,337.2800,0.001005
FILLER_119_3,VGND,li1,9.6600,337.2800,0.001006
FILLER_118_805,VGND,li1,377.2000,331.8400,0.002557
FILLER_118_793,VGND,li1,373.0600,331.8400,0.002557
FILLER_118_781,VGND,li1,367.5400,331.8400,0.002557
FILLER_118_769,VGND,li1,362.0200,331.8400,0.002557
FILLER_118_757,VGND,li1,356.5000,331.8400,0.002557
FILLER_118_753,VGND,li1,352.5900,331.8400,0.002557
FILLER_118_745,VGND,li1,348.4500,331.8400,0.002547
FILLER_118_741,VGND,li1,347.3000,331.8400,0.002533
FILLER_118_723,VGND,li1,338.7900,331.8400,0.002395
FILLER_118_701,VGND,li1,328.4400,331.8400,0.002581
FILLER_118_695,VGND,li1,325.4500,331.8400,0.002861
FILLER_118_683,VGND,li1,322.4600,331.8400,0.003200
FILLER_118_666,VGND,li1,312.8000,331.8400,0.004292
FILLER_118_658,VGND,li1,308.4300,331.8400,0.004939
FILLER_118_645,VGND,li1,304.0600,331.8400,0.005275
FILLER_118_632,VGND,li1,299.0000,331.8400,0.005843
FILLER_118_620,VGND,li1,293.4800,331.8400,0.006592
FILLER_118_608,VGND,li1,287.9600,331.8400,0.007032
FILLER_118_599,VGND,li1,281.5200,331.8400,0.007449
FILLER_118_587,VGND,li1,275.7700,331.8400,0.007659
FILLER_118_572,VGND,li1,271.4000,331.8400,0.007706
FILLER_118_560,VGND,li1,265.8800,331.8400,0.007688
FILLER_118_552,VGND,li1,259.6700,331.8400,0.007624
FILLER_118_545,VGND,li1,256.9100,331.8400,0.007557
FILLER_118_533,VGND,li1,253.4600,331.8400,0.007454
FILLER_118_509,VGND,li1,239.8900,331.8400,0.006795
FILLER_118_501,VGND,li1,237.8200,331.8400,0.006674
FILLER_118_489,VGND,li1,233.2200,331.8400,0.006351
FILLER_118_481,VGND,li1,227.0100,331.8400,0.006037
FILLER_118_477,VGND,li1,225.8600,331.8400,0.005822
FILLER_118_475,VGND,li1,224.2500,331.8400,0.005822
FILLER_118_467,VGND,li1,220.5700,331.8400,0.005534
FILLER_118_459,VGND,li1,218.5000,331.8400,0.005242
FILLER_118_447,VGND,li1,213.9000,331.8400,0.004966
FILLER_118_435,VGND,li1,208.3800,331.8400,0.004499
FILLER_118_427,VGND,li1,202.1700,331.8400,0.003935
FILLER_118_421,VGND,li1,200.5600,331.8400,0.003743
FILLER_118_414,VGND,li1,197.3400,331.8400,0.003487
FILLER_118_405,VGND,li1,192.0500,331.8400,0.002995
FILLER_118_393,VGND,li1,189.0600,331.8400,0.002715
FILLER_118_370,VGND,li1,176.1800,331.8400,0.002066
FILLER_118_359,VGND,li1,171.1200,331.8400,0.002445
FILLER_118_349,VGND,li1,167.4400,331.8400,0.002625
FILLER_118_339,VGND,li1,161.9200,331.8400,0.003171
FILLER_118_328,VGND,li1,156.6300,331.8400,0.003446
FILLER_118_318,VGND,li1,152.2600,331.8400,0.003763
FILLER_118_302,VGND,li1,145.1300,331.8400,0.004237
FILLER_118_294,VGND,li1,142.6000,331.8400,0.004378
FILLER_118_282,VGND,li1,138.0000,331.8400,0.004756
FILLER_118_270,VGND,li1,132.4800,331.8400,0.004984
FILLER_118_246,VGND,li1,118.9100,331.8400,0.005719
FILLER_118_232,VGND,li1,112.4700,331.8400,0.005901
FILLER_118_212,VGND,li1,103.9600,331.8400,0.005948
FILLER_118_205,VGND,li1,100.2800,331.8400,0.005933
FILLER_118_197,VGND,li1,97.9800,331.8400,0.005895
FILLER_118_194,VGND,li1,95.2200,331.8400,0.005873
FILLER_118_180,VGND,li1,88.5500,331.8400,0.005716
FILLER_118_176,VGND,li1,87.4000,331.8400,0.005716
FILLER_118_170,VGND,li1,84.4100,331.8400,0.005635
FILLER_118_158,VGND,li1,80.9600,331.8400,0.005518
FILLER_118_149,VGND,li1,74.7500,331.8400,0.005270
FILLER_118_125,VGND,li1,64.8600,331.8400,0.004719
FILLER_118_105,VGND,li1,54.2800,331.8400,0.003882
FILLER_118_93,VGND,li1,51.0600,331.8400,0.003544
FILLER_118_85,VGND,li1,44.8500,331.8400,0.003003
FILLER_118_83,VGND,li1,43.9300,331.8400,0.002822
FILLER_118_77,VGND,li1,42.3200,331.8400,0.002636
FILLER_118_65,VGND,li1,38.1800,331.8400,0.002333
FILLER_118_53,VGND,li1,32.6600,331.8400,0.001774
FILLER_118_41,VGND,li1,27.1400,331.8400,0.001215
FILLER_118_29,VGND,li1,21.6200,331.8400,0.001013
FILLER_118_27,VGND,li1,18.1700,331.8400,0.001013
FILLER_118_15,VGND,li1,15.1800,331.8400,0.001013
FILLER_118_3,VGND,li1,9.6600,331.8400,0.001013
FILLER_117_809,VGND,li1,378.1200,331.8400,0.002557
FILLER_117_797,VGND,li1,374.9000,331.8400,0.002557
FILLER_117_785,VGND,li1,369.3800,331.8400,0.002557
FILLER_117_780,VGND,li1,365.2400,331.8400,0.002557
FILLER_117_768,VGND,li1,361.5600,331.8400,0.002557
FILLER_117_756,VGND,li1,356.0400,331.8400,0.002557
FILLER_117_744,VGND,li1,350.5200,331.8400,0.002557
FILLER_117_729,VGND,li1,341.3200,331.8400,0.002470
FILLER_117_727,VGND,li1,340.1700,331.8400,0.002395
FILLER_117_723,VGND,li1,339.0200,331.8400,0.002395
FILLER_117_716,VGND,li1,335.1100,331.8400,0.002245
FILLER_117_708,VGND,li1,333.0400,331.8400,0.002058
FILLER_117_697,VGND,li1,327.0600,331.8400,0.002861
FILLER_117_685,VGND,li1,323.3800,331.8400,0.003200
FILLER_117_673,VGND,li1,317.8600,331.8400,0.003721
FILLER_117_664,VGND,li1,312.8000,331.8400,0.004292
FILLER_117_652,VGND,li1,308.2000,331.8400,0.004939
FILLER_117_630,VGND,li1,296.7000,331.8400,0.006101
FILLER_117_604,VGND,li1,284.0500,331.8400,0.007357
FILLER_117_596,VGND,li1,281.5200,331.8400,0.007449
FILLER_117_591,VGND,li1,277.8400,331.8400,0.007634
FILLER_117_583,VGND,li1,274.6200,331.8400,0.007659
FILLER_117_569,VGND,li1,267.7200,331.8400,0.007698
FILLER_117_561,VGND,li1,265.4200,331.8400,0.007688
FILLER_117_557,VGND,li1,262.4300,331.8400,0.007670
FILLER_117_540,VGND,li1,254.1500,331.8400,0.007454
FILLER_117_528,VGND,li1,251.1600,331.8400,0.007295
FILLER_117_516,VGND,li1,245.6400,331.8400,0.007085
FILLER_117_503,VGND,li1,237.1300,331.8400,0.006674
FILLER_117_495,VGND,li1,235.0600,331.8400,0.006553
FILLER_117_481,VGND,li1,227.0100,331.8400,0.006037
FILLER_117_477,VGND,li1,225.8600,331.8400,0.005822
FILLER_117_463,VGND,li1,218.7300,331.8400,0.005388
FILLER_117_440,VGND,li1,209.7600,331.8400,0.004499
FILLER_117_429,VGND,li1,203.7800,331.8400,0.003935
FILLER_117_417,VGND,li1,200.1000,331.8400,0.003743
FILLER_117_405,VGND,li1,192.2800,331.8400,0.002995
FILLER_117_393,VGND,li1,189.0600,331.8400,0.002715
FILLER_117_388,VGND,li1,184.9200,331.8400,0.002175
FILLER_117_371,VGND,li1,176.6400,331.8400,0.001903
FILLER_117_346,VGND,li1,164.9100,331.8400,0.002929
FILLER_117_342,VGND,li1,163.7600,331.8400,0.002929
FILLER_117_335,VGND,li1,159.8500,331.8400,0.003309
FILLER_117_329,VGND,li1,157.0900,331.8400,0.003446
FILLER_117_325,VGND,li1,155.9400,331.8400,0.003618
FILLER_117_300,VGND,li1,144.9000,331.8400,0.004237
FILLER_117_288,VGND,li1,140.7600,331.8400,0.004490
FILLER_117_279,VGND,li1,134.0900,331.8400,0.004984
FILLER_117_275,VGND,li1,132.9400,331.8400,0.004984
FILLER_117_263,VGND,li1,129.2600,331.8400,0.005185
FILLER_117_249,VGND,li1,120.2900,331.8400,0.005641
FILLER_117_241,VGND,li1,118.2200,331.8400,0.005719
FILLER_117_237,VGND,li1,114.7700,331.8400,0.005849
FILLER_117_225,VGND,li1,111.7800,331.8400,0.005901
FILLER_117_222,VGND,li1,108.1000,331.8400,0.005953
FILLER_117_205,VGND,li1,100.7400,331.8400,0.005933
FILLER_117_193,VGND,li1,97.0600,331.8400,0.005895
FILLER_117_184,VGND,li1,90.6200,331.8400,0.005786
FILLER_117_177,VGND,li1,87.1700,331.8400,0.005716
FILLER_117_169,VGND,li1,85.1000,331.8400,0.005635
FILLER_117_167,VGND,li1,82.5700,331.8400,0.005577
FILLER_117_140,VGND,li1,70.8400,331.8400,0.005050
FILLER_117_134,VGND,li1,67.3900,331.8400,0.004899
FILLER_117_126,VGND,li1,65.3200,331.8400,0.004719
FILLER_117_97,VGND,li1,50.6000,331.8400,0.003544
FILLER_117_85,VGND,li1,47.3800,331.8400,0.003183
FILLER_117_77,VGND,li1,41.1700,331.8400,0.002636
FILLER_117_69,VGND,li1,39.1000,331.8400,0.002333
FILLER_117_57,VGND,li1,34.5000,331.8400,0.001961
FILLER_117_55,VGND,li1,31.0500,331.8400,0.001495
FILLER_117_51,VGND,li1,29.9000,331.8400,0.001495
FILLER_117_39,VGND,li1,26.2200,331.8400,0.001013
FILLER_117_27,VGND,li1,20.7000,331.8400,0.001013
FILLER_117_15,VGND,li1,15.1800,331.8400,0.001013
FILLER_117_3,VGND,li1,9.6600,331.8400,0.001013
FILLER_116_803,VGND,li1,376.7400,326.4000,0.001869
FILLER_116_791,VGND,li1,372.1400,326.4000,0.001869
FILLER_116_779,VGND,li1,366.6200,326.4000,0.001869
FILLER_116_755,VGND,li1,353.0500,326.4000,0.001861
FILLER_116_747,VGND,li1,350.9800,326.4000,0.001839
FILLER_116_736,VGND,li1,345.0000,326.4000,0.001753
FILLER_116_725,VGND,li1,339.9400,326.4000,0.001555
FILLER_116_713,VGND,li1,336.2600,326.4000,0.001473
FILLER_116_701,VGND,li1,330.7400,326.4000,0.001277
FILLER_116_699,VGND,li1,327.2900,326.4000,0.001699
FILLER_116_695,VGND,li1,326.1400,326.4000,0.001699
FILLER_116_672,VGND,li1,317.4000,326.4000,0.002514
FILLER_116_660,VGND,li1,311.8800,326.4000,0.002822
FILLER_116_653,VGND,li1,306.8200,326.4000,0.003098
FILLER_116_640,VGND,li1,300.8400,326.4000,0.003570
FILLER_116_630,VGND,li1,296.0100,326.4000,0.003869
FILLER_116_605,VGND,li1,286.5800,326.4000,0.004173
FILLER_116_585,VGND,li1,275.3100,326.4000,0.004304
FILLER_116_577,VGND,li1,271.8600,326.4000,0.004309
FILLER_116_565,VGND,li1,268.1800,326.4000,0.004311
FILLER_116_556,VGND,li1,261.7400,326.4000,0.004295
FILLER_116_533,VGND,li1,252.5400,326.4000,0.004152
FILLER_116_529,VGND,li1,249.5500,326.4000,0.004096
FILLER_116_518,VGND,li1,244.7200,326.4000,0.003957
FILLER_116_512,VGND,li1,241.5000,326.4000,0.003894
FILLER_116_502,VGND,li1,237.1300,326.4000,0.003745
FILLER_116_494,VGND,li1,234.6000,326.4000,0.003658
FILLER_116_481,VGND,li1,227.0100,326.4000,0.003376
FILLER_116_477,VGND,li1,225.8600,326.4000,0.003279
FILLER_116_475,VGND,li1,224.2500,326.4000,0.003193
FILLER_116_469,VGND,li1,222.6400,326.4000,0.003193
FILLER_116_457,VGND,li1,218.5000,326.4000,0.003019
FILLER_116_445,VGND,li1,212.9800,326.4000,0.002727
FILLER_116_433,VGND,li1,207.4600,326.4000,0.002491
FILLER_116_429,VGND,li1,203.0900,326.4000,0.002316
FILLER_116_421,VGND,li1,201.0200,326.4000,0.002217
FILLER_116_392,VGND,li1,186.5300,326.4000,0.001439
FILLER_116_380,VGND,li1,183.0800,326.4000,0.001322
FILLER_116_368,VGND,li1,177.5600,326.4000,0.001039
FILLER_116_353,VGND,li1,168.3600,326.4000,0.001597
FILLER_116_341,VGND,li1,165.1400,326.4000,0.001694
FILLER_116_327,VGND,li1,156.4000,326.4000,0.002169
FILLER_116_319,VGND,li1,154.1000,326.4000,0.002274
FILLER_116_293,VGND,li1,142.1400,326.4000,0.002718
FILLER_116_278,VGND,li1,133.8600,326.4000,0.003022
FILLER_116_259,VGND,li1,124.8900,326.4000,0.003253
FILLER_116_253,VGND,li1,123.2800,326.4000,0.003253
FILLER_116_250,VGND,li1,120.9800,326.4000,0.003306
FILLER_116_238,VGND,li1,117.7600,326.4000,0.003380
FILLER_116_226,VGND,li1,112.2400,326.4000,0.003528
FILLER_116_209,VGND,li1,101.8900,326.4000,0.003611
FILLER_116_197,VGND,li1,98.9000,326.4000,0.003609
FILLER_116_194,VGND,li1,95.2200,326.4000,0.003575
FILLER_116_186,VGND,li1,92.9200,326.4000,0.003544
FILLER_116_173,VGND,li1,85.3300,326.4000,0.003413
FILLER_116_161,VGND,li1,82.3400,326.4000,0.003322
FILLER_116_153,VGND,li1,76.1300,326.4000,0.003110
FILLER_116_141,VGND,li1,73.1400,326.4000,0.003025
FILLER_116_139,VGND,li1,69.6900,326.4000,0.002906
FILLER_116_127,VGND,li1,66.7000,326.4000,0.002814
FILLER_116_115,VGND,li1,61.1800,326.4000,0.002593
FILLER_116_96,VGND,li1,52.4400,326.4000,0.002211
FILLER_116_85,VGND,li1,45.5400,326.4000,0.001790
FILLER_116_83,VGND,li1,43.9300,326.4000,0.001790
FILLER_116_68,VGND,li1,37.2600,326.4000,0.001407
FILLER_116_53,VGND,li1,31.7400,326.4000,0.001054
FILLER_116_41,VGND,li1,27.1400,326.4000,0.000775
FILLER_116_29,VGND,li1,21.6200,326.4000,0.000646
FILLER_116_27,VGND,li1,18.1700,326.4000,0.000646
FILLER_116_15,VGND,li1,15.1800,326.4000,0.000646
FILLER_116_3,VGND,li1,9.6600,326.4000,0.000646
FILLER_115_809,VGND,li1,378.1200,326.4000,0.001869
FILLER_115_797,VGND,li1,374.9000,326.4000,0.001869
FILLER_115_785,VGND,li1,369.3800,326.4000,0.001869
FILLER_115_778,VGND,li1,364.7800,326.4000,0.001869
FILLER_115_766,VGND,li1,360.6400,326.4000,0.001869
FILLER_115_745,VGND,li1,348.6800,326.4000,0.001799
FILLER_115_727,VGND,li1,340.1700,326.4000,0.001555
FILLER_115_721,VGND,li1,338.5600,326.4000,0.001555
FILLER_115_709,VGND,li1,334.4200,326.4000,0.001408
FILLER_115_699,VGND,li1,328.4400,326.4000,0.001488
FILLER_115_687,VGND,li1,324.3000,326.4000,0.001867
FILLER_115_673,VGND,li1,316.0200,326.4000,0.002514
FILLER_115_668,VGND,li1,313.7200,326.4000,0.002661
FILLER_115_653,VGND,li1,306.1300,326.4000,0.003227
FILLER_115_632,VGND,li1,296.9300,326.4000,0.003712
FILLER_115_624,VGND,li1,294.4000,326.4000,0.003869
FILLER_115_612,VGND,li1,287.9600,326.4000,0.004173
FILLER_115_600,VGND,li1,284.2800,326.4000,0.004221
FILLER_115_573,VGND,li1,270.4800,326.4000,0.004309
FILLER_115_561,VGND,li1,266.3400,326.4000,0.004313
FILLER_115_559,VGND,li1,262.8900,326.4000,0.004295
FILLER_115_547,VGND,li1,259.9000,326.4000,0.004273
FILLER_115_535,VGND,li1,254.3800,326.4000,0.004185
FILLER_115_523,VGND,li1,248.8600,326.4000,0.004054
FILLER_115_517,VGND,li1,243.5700,326.4000,0.003957
FILLER_115_505,VGND,li1,240.5800,326.4000,0.003824
FILLER_115_503,VGND,li1,237.1300,326.4000,0.003745
FILLER_115_495,VGND,li1,235.0600,326.4000,0.003658
FILLER_115_483,VGND,li1,230.4600,326.4000,0.003497
FILLER_115_471,VGND,li1,224.9400,326.4000,0.003279
FILLER_115_459,VGND,li1,219.4200,326.4000,0.003019
FILLER_115_447,VGND,li1,211.3700,326.4000,0.002631
FILLER_115_441,VGND,li1,209.7600,326.4000,0.002631
FILLER_115_432,VGND,li1,204.7000,326.4000,0.002316
FILLER_115_423,VGND,li1,200.5600,326.4000,0.002117
FILLER_115_415,VGND,li1,198.2600,326.4000,0.002028
FILLER_115_398,VGND,li1,189.0600,326.4000,0.001545
FILLER_115_390,VGND,li1,185.3800,326.4000,0.001439
FILLER_115_381,VGND,li1,181.0100,326.4000,0.001216
FILLER_115_373,VGND,li1,178.9400,326.4000,0.001039
FILLER_115_361,VGND,li1,174.3400,326.4000,0.001221
FILLER_115_353,VGND,li1,168.1300,326.4000,0.001597
FILLER_115_349,VGND,li1,166.9800,326.4000,0.001597
FILLER_115_337,VGND,li1,163.3000,326.4000,0.001790
FILLER_115_328,VGND,li1,158.2400,326.4000,0.002051
FILLER_115_312,VGND,li1,150.4200,326.4000,0.002420
FILLER_115_300,VGND,li1,146.2800,326.4000,0.002591
FILLER_115_281,VGND,li1,135.7000,326.4000,0.002963
FILLER_115_279,VGND,li1,134.0900,326.4000,0.003022
FILLER_115_275,VGND,li1,132.9400,326.4000,0.003022
FILLER_115_263,VGND,li1,129.2600,326.4000,0.003109
FILLER_115_251,VGND,li1,123.7400,326.4000,0.003253
FILLER_115_239,VGND,li1,118.2200,326.4000,0.003380
FILLER_115_220,VGND,li1,107.6400,326.4000,0.003569
FILLER_115_208,VGND,li1,103.9600,326.4000,0.003612
FILLER_115_188,VGND,li1,92.4600,326.4000,0.003544
FILLER_115_181,VGND,li1,89.0100,326.4000,0.003499
FILLER_115_169,VGND,li1,86.0200,326.4000,0.003413
FILLER_115_165,VGND,li1,82.1100,326.4000,0.003322
FILLER_115_153,VGND,li1,78.6600,326.4000,0.003204
FILLER_115_135,VGND,li1,69.0000,326.4000,0.002906
FILLER_115_123,VGND,li1,64.8600,326.4000,0.002740
FILLER_115_113,VGND,li1,58.8800,326.4000,0.002429
FILLER_115_104,VGND,li1,55.2000,326.4000,0.002343
FILLER_115_92,VGND,li1,50.6000,326.4000,0.002122
FILLER_115_79,VGND,li1,42.0900,326.4000,0.001689
FILLER_115_67,VGND,li1,39.1000,326.4000,0.001517
FILLER_115_57,VGND,li1,32.4300,326.4000,0.001054
FILLER_115_47,VGND,li1,27.6000,326.4000,0.000775
FILLER_115_39,VGND,li1,25.3000,326.4000,0.000646
FILLER_115_27,VGND,li1,20.7000,326.4000,0.000646
FILLER_115_15,VGND,li1,15.1800,326.4000,0.000646
FILLER_115_3,VGND,li1,9.6600,326.4000,0.000646
FILLER_114_805,VGND,li1,377.2000,320.9600,0.001543
FILLER_114_793,VGND,li1,373.0600,320.9600,0.001543
FILLER_114_781,VGND,li1,367.5400,320.9600,0.001543
FILLER_114_769,VGND,li1,362.0200,320.9600,0.001543
FILLER_114_757,VGND,li1,356.5000,320.9600,0.001543
FILLER_114_755,VGND,li1,353.0500,320.9600,0.001543
FILLER_114_751,VGND,li1,351.9000,320.9600,0.001543
FILLER_114_730,VGND,li1,341.5500,320.9600,0.001396
FILLER_114_712,VGND,li1,333.9600,320.9600,0.001156
FILLER_114_701,VGND,li1,328.4400,320.9600,0.001162
FILLER_114_688,VGND,li1,324.7600,320.9600,0.001371
FILLER_114_671,VGND,li1,314.4100,320.9600,0.001802
FILLER_114_665,VGND,li1,312.8000,320.9600,0.001874
FILLER_114_651,VGND,li1,306.8200,320.9600,0.002126
FILLER_114_645,VGND,li1,302.4500,320.9600,0.002278
FILLER_114_629,VGND,li1,296.7000,320.9600,0.002482
FILLER_114_601,VGND,li1,283.3600,320.9600,0.002882
FILLER_114_589,VGND,li1,279.2200,320.9600,0.002953
FILLER_114_587,VGND,li1,275.7700,320.9600,0.003017
FILLER_114_579,VGND,li1,273.7000,320.9600,0.003049
FILLER_114_567,VGND,li1,269.1000,320.9600,0.003127
FILLER_114_555,VGND,li1,263.5800,320.9600,0.003185
FILLER_114_541,VGND,li1,254.6100,320.9600,0.003180
FILLER_114_533,VGND,li1,252.5400,320.9600,0.003159
FILLER_114_530,VGND,li1,249.7800,320.9600,0.003119
FILLER_114_522,VGND,li1,247.4800,320.9600,0.003092
FILLER_114_510,VGND,li1,241.0400,320.9600,0.002942
FILLER_114_498,VGND,li1,237.3600,320.9600,0.002866
FILLER_114_486,VGND,li1,231.8400,320.9600,0.002736
FILLER_114_452,VGND,li1,215.2800,320.9600,0.002174
FILLER_114_443,VGND,li1,209.9900,320.9600,0.001992
FILLER_114_435,VGND,li1,207.4600,320.9600,0.001828
FILLER_114_429,VGND,li1,203.3200,320.9600,0.001725
FILLER_114_421,VGND,li1,199.4100,320.9600,0.001553
FILLER_114_414,VGND,li1,197.3400,320.9600,0.001476
FILLER_114_379,VGND,li1,180.0900,320.9600,0.000649
FILLER_114_350,VGND,li1,167.4400,320.9600,0.000845
FILLER_114_335,VGND,li1,161.4600,320.9600,0.000947
FILLER_114_323,VGND,li1,156.8600,320.9600,0.001025
FILLER_114_309,VGND,li1,148.5800,320.9600,0.001180
FILLER_114_296,VGND,li1,144.4400,320.9600,0.001237
FILLER_114_284,VGND,li1,138.9200,320.9600,0.001311
FILLER_114_276,VGND,li1,132.7100,320.9600,0.001392
FILLER_114_272,VGND,li1,131.5600,320.9600,0.001415
FILLER_114_260,VGND,li1,127.8800,320.9600,0.001454
FILLER_114_242,VGND,li1,117.3000,320.9600,0.001557
FILLER_114_234,VGND,li1,115.0000,320.9600,0.001574
FILLER_114_219,VGND,li1,106.9500,320.9600,0.001638
FILLER_114_202,VGND,li1,101.2000,320.9600,0.001654
FILLER_114_180,VGND,li1,88.7800,320.9600,0.001663
FILLER_114_168,VGND,li1,85.5600,320.9600,0.001647
FILLER_114_153,VGND,li1,77.7400,320.9600,0.001584
FILLER_114_141,VGND,li1,73.1400,320.9600,0.001520
FILLER_114_134,VGND,li1,68.5400,320.9600,0.001437
FILLER_114_126,VGND,li1,63.7100,320.9600,0.001324
FILLER_114_109,VGND,li1,56.5800,320.9600,0.001183
FILLER_114_97,VGND,li1,52.9000,320.9600,0.001066
FILLER_114_85,VGND,li1,47.3800,320.9600,0.000935
FILLER_114_83,VGND,li1,43.9300,320.9600,0.000840
FILLER_114_77,VGND,li1,42.3200,320.9600,0.000767
FILLER_114_65,VGND,li1,38.1800,320.9600,0.000668
FILLER_114_53,VGND,li1,32.6600,320.9600,0.000514
FILLER_114_41,VGND,li1,27.1400,320.9600,0.000352
FILLER_114_29,VGND,li1,21.6200,320.9600,0.000293
FILLER_114_27,VGND,li1,18.1700,320.9600,0.000293
FILLER_114_15,VGND,li1,15.1800,320.9600,0.000293
FILLER_114_3,VGND,li1,9.6600,320.9600,0.000293
FILLER_113_809,VGND,li1,378.1200,320.9600,0.001543
FILLER_113_797,VGND,li1,374.9000,320.9600,0.001543
FILLER_113_785,VGND,li1,369.3800,320.9600,0.001543
FILLER_113_776,VGND,li1,364.3200,320.9600,0.001543
FILLER_113_764,VGND,li1,359.7200,320.9600,0.001543
FILLER_113_752,VGND,li1,354.2000,320.9600,0.001543
FILLER_113_718,VGND,li1,337.1800,320.9600,0.001269
FILLER_113_697,VGND,li1,326.6000,320.9600,0.001250
FILLER_113_685,VGND,li1,322.0000,320.9600,0.001531
FILLER_113_673,VGND,li1,317.8600,320.9600,0.001651
FILLER_113_670,VGND,li1,314.1800,320.9600,0.001802
FILLER_113_663,VGND,li1,310.7300,320.9600,0.001983
FILLER_113_659,VGND,li1,309.5800,320.9600,0.001983
FILLER_113_647,VGND,li1,305.9000,320.9600,0.002126
FILLER_113_635,VGND,li1,300.3800,320.9600,0.002349
FILLER_113_623,VGND,li1,294.8600,320.9600,0.002615
FILLER_113_614,VGND,li1,288.4200,320.9600,0.002796
FILLER_113_605,VGND,li1,284.2800,320.9600,0.002882
FILLER_113_593,VGND,li1,281.0600,320.9600,0.002921
FILLER_113_581,VGND,li1,275.5400,320.9600,0.003017
FILLER_113_575,VGND,li1,270.2500,320.9600,0.003127
FILLER_113_561,VGND,li1,263.8100,320.9600,0.003185
FILLER_113_550,VGND,li1,258.9800,320.9600,0.003202
FILLER_113_542,VGND,li1,255.7600,320.9600,0.003180
FILLER_113_530,VGND,li1,252.0800,320.9600,0.003138
FILLER_113_519,VGND,li1,244.4900,320.9600,0.003059
FILLER_113_500,VGND,li1,236.4400,320.9600,0.002866
FILLER_113_490,VGND,li1,231.3800,320.9600,0.002736
FILLER_113_482,VGND,li1,227.4700,320.9600,0.002625
FILLER_113_474,VGND,li1,223.7900,320.9600,0.002500
FILLER_113_461,VGND,li1,218.9600,320.9600,0.002285
FILLER_113_449,VGND,li1,214.8200,320.9600,0.002174
FILLER_113_447,VGND,li1,211.3700,320.9600,0.001992
FILLER_113_443,VGND,li1,210.2200,320.9600,0.001992
FILLER_113_435,VGND,li1,205.8500,320.9600,0.001828
FILLER_113_427,VGND,li1,203.7800,320.9600,0.001725
FILLER_113_415,VGND,li1,199.1800,320.9600,0.001553
FILLER_113_403,VGND,li1,193.6600,320.9600,0.001281
FILLER_113_389,VGND,li1,185.1500,320.9600,0.000947
FILLER_113_381,VGND,li1,182.6200,320.9600,0.000832
FILLER_113_369,VGND,li1,178.0200,320.9600,0.000682
FILLER_113_343,VGND,li1,163.5300,320.9600,0.000912
FILLER_113_337,VGND,li1,161.9200,320.9600,0.000947
FILLER_113_330,VGND,li1,158.7000,320.9600,0.000994
FILLER_113_318,VGND,li1,154.5600,320.9600,0.001084
FILLER_113_294,VGND,li1,143.5200,320.9600,0.001237
FILLER_113_287,VGND,li1,138.4600,320.9600,0.001311
FILLER_113_268,VGND,li1,129.0300,320.9600,0.001454
FILLER_113_262,VGND,li1,127.4200,320.9600,0.001454
FILLER_113_250,VGND,li1,123.2800,320.9600,0.001502
FILLER_113_237,VGND,li1,115.9200,320.9600,0.001574
FILLER_113_225,VGND,li1,111.7800,320.9600,0.001599
FILLER_113_221,VGND,li1,107.8700,320.9600,0.001626
FILLER_113_212,VGND,li1,103.5000,320.9600,0.001646
FILLER_113_193,VGND,li1,97.0600,320.9600,0.001669
FILLER_113_181,VGND,li1,91.5400,320.9600,0.001673
FILLER_113_169,VGND,li1,86.0200,320.9600,0.001647
FILLER_113_167,VGND,li1,82.5700,320.9600,0.001632
FILLER_113_142,VGND,li1,71.5300,320.9600,0.001471
FILLER_113_130,VGND,li1,68.0800,320.9600,0.001437
FILLER_113_116,VGND,li1,59.1100,320.9600,0.001248
FILLER_113_110,VGND,li1,56.5800,320.9600,0.001183
FILLER_113_94,VGND,li1,50.1400,320.9600,0.001010
FILLER_113_80,VGND,li1,42.5500,320.9600,0.000767
FILLER_113_76,VGND,li1,41.4000,320.9600,0.000767
FILLER_113_70,VGND,li1,37.9500,320.9600,0.000668
FILLER_113_63,VGND,li1,34.7300,320.9600,0.000575
FILLER_113_57,VGND,li1,33.1200,320.9600,0.000514
FILLER_113_55,VGND,li1,31.0500,320.9600,0.000433
FILLER_113_51,VGND,li1,29.9000,320.9600,0.000433
FILLER_113_39,VGND,li1,26.2200,320.9600,0.000293
FILLER_113_27,VGND,li1,20.7000,320.9600,0.000293
FILLER_113_15,VGND,li1,15.1800,320.9600,0.000293
FILLER_113_3,VGND,li1,9.6600,320.9600,0.000293
FILLER_112_805,VGND,li1,377.2000,315.5200,0.000533
FILLER_112_793,VGND,li1,373.0600,315.5200,0.000533
FILLER_112_781,VGND,li1,367.5400,315.5200,0.000533
FILLER_112_769,VGND,li1,362.0200,315.5200,0.000533
FILLER_112_757,VGND,li1,356.5000,315.5200,0.000533
FILLER_112_753,VGND,li1,352.5900,315.5200,0.000533
FILLER_112_741,VGND,li1,349.1400,315.5200,0.000533
FILLER_112_724,VGND,li1,339.4800,315.5200,0.000516
FILLER_112_710,VGND,li1,333.5000,315.5200,0.000479
FILLER_112_699,VGND,li1,327.2900,315.5200,0.000724
FILLER_112_684,VGND,li1,320.8500,315.5200,0.000901
FILLER_112_663,VGND,li1,310.7300,315.5200,0.001160
FILLER_112_657,VGND,li1,309.1200,315.5200,0.001160
FILLER_112_645,VGND,li1,304.9800,315.5200,0.001250
FILLER_112_642,VGND,li1,301.3000,315.5200,0.001299
FILLER_112_623,VGND,li1,292.3300,315.5200,0.001429
FILLER_112_615,VGND,li1,290.2600,315.5200,0.001463
FILLER_112_603,VGND,li1,285.6600,315.5200,0.001490
FILLER_112_566,VGND,li1,266.5700,315.5200,0.001507
FILLER_112_550,VGND,li1,259.2100,315.5200,0.001455
FILLER_112_542,VGND,li1,255.0700,315.5200,0.001415
FILLER_112_533,VGND,li1,251.1600,315.5200,0.001368
FILLER_112_516,VGND,li1,245.6400,315.5200,0.001304
FILLER_112_507,VGND,li1,239.4300,315.5200,0.001227
FILLER_112_491,VGND,li1,232.0700,315.5200,0.001128
FILLER_112_483,VGND,li1,229.5400,315.5200,0.001073
FILLER_112_473,VGND,li1,223.7900,315.5200,0.001011
FILLER_112_465,VGND,li1,221.2600,315.5200,0.000968
FILLER_112_457,VGND,li1,216.4300,315.5200,0.000900
FILLER_112_445,VGND,li1,212.9800,315.5200,0.000853
FILLER_112_438,VGND,li1,207.2300,315.5200,0.000741
FILLER_112_432,VGND,li1,205.6200,315.5200,0.000741
FILLER_112_419,VGND,li1,198.4900,315.5200,0.000626
FILLER_112_415,VGND,li1,197.3400,315.5200,0.000583
FILLER_112_403,VGND,li1,193.6600,315.5200,0.000525
FILLER_112_395,VGND,li1,187.6800,315.5200,0.000431
FILLER_112_383,VGND,li1,181.9300,315.5200,0.000316
FILLER_112_377,VGND,li1,180.3200,315.5200,0.000251
FILLER_112_365,VGND,li1,176.1800,315.5200,0.000270
FILLER_112_360,VGND,li1,172.0400,315.5200,0.000283
FILLER_112_343,VGND,li1,163.5300,315.5200,0.000324
FILLER_112_335,VGND,li1,161.4600,315.5200,0.000333
FILLER_112_321,VGND,li1,153.4100,315.5200,0.000369
FILLER_112_309,VGND,li1,150.4200,315.5200,0.000382
FILLER_112_305,VGND,li1,146.5100,315.5200,0.000396
FILLER_112_297,VGND,li1,142.3700,315.5200,0.000411
FILLER_112_274,VGND,li1,134.3200,315.5200,0.000436
FILLER_112_261,VGND,li1,125.8100,315.5200,0.000457
FILLER_112_257,VGND,li1,123.9700,315.5200,0.000460
FILLER_112_253,VGND,li1,122.8200,315.5200,0.000463
FILLER_112_244,VGND,li1,119.6000,315.5200,0.000466
FILLER_112_225,VGND,li1,110.4000,315.5200,0.000473
FILLER_112_213,VGND,li1,106.2600,315.5200,0.000471
FILLER_112_201,VGND,li1,100.7400,315.5200,0.000470
FILLER_112_195,VGND,li1,95.4500,315.5200,0.000467
FILLER_112_187,VGND,li1,93.3800,315.5200,0.000464
FILLER_112_175,VGND,li1,88.7800,315.5200,0.000458
FILLER_112_163,VGND,li1,83.2600,315.5200,0.000437
FILLER_112_155,VGND,li1,77.5100,315.5200,0.000412
FILLER_112_148,VGND,li1,73.8300,315.5200,0.000399
FILLER_112_134,VGND,li1,68.5400,315.5200,0.000370
FILLER_112_129,VGND,li1,65.0900,315.5200,0.000344
FILLER_112_125,VGND,li1,63.9400,315.5200,0.000344
FILLER_112_113,VGND,li1,60.2600,315.5200,0.000322
FILLER_112_97,VGND,li1,50.3700,315.5200,0.000262
FILLER_112_85,VGND,li1,47.3800,315.5200,0.000243
FILLER_112_83,VGND,li1,43.9300,315.5200,0.000210
FILLER_112_65,VGND,li1,35.8800,315.5200,0.000152
FILLER_112_53,VGND,li1,32.6600,315.5200,0.000138
FILLER_112_41,VGND,li1,27.1400,315.5200,0.000095
FILLER_112_29,VGND,li1,21.6200,315.5200,0.000080
FILLER_112_27,VGND,li1,18.1700,315.5200,0.000080
FILLER_112_15,VGND,li1,15.1800,315.5200,0.000080
FILLER_112_3,VGND,li1,9.6600,315.5200,0.000080
FILLER_111_809,VGND,li1,378.1200,315.5200,0.000533
FILLER_111_797,VGND,li1,374.9000,315.5200,0.000533
FILLER_111_785,VGND,li1,369.3800,315.5200,0.000533
FILLER_111_783,VGND,li1,365.9300,315.5200,0.000533
FILLER_111_777,VGND,li1,364.3200,315.5200,0.000533
FILLER_111_765,VGND,li1,360.1800,315.5200,0.000533
FILLER_111_753,VGND,li1,354.6600,315.5200,0.000533
FILLER_111_741,VGND,li1,349.1400,315.5200,0.000533
FILLER_111_729,VGND,li1,343.6200,315.5200,0.000525
FILLER_111_711,VGND,li1,332.8100,315.5200,0.000479
FILLER_111_705,VGND,li1,331.2000,315.5200,0.000573
FILLER_111_683,VGND,li1,320.1600,315.5200,0.000901
FILLER_111_671,VGND,li1,314.4100,315.5200,0.001058
FILLER_111_658,VGND,li1,309.5800,315.5200,0.001160
FILLER_111_653,VGND,li1,306.1300,315.5200,0.001214
FILLER_111_645,VGND,li1,304.0600,315.5200,0.001250
FILLER_111_633,VGND,li1,299.4600,315.5200,0.001331
FILLER_111_617,VGND,li1,290.2600,315.5200,0.001463
FILLER_111_615,VGND,li1,288.6500,315.5200,0.001463
FILLER_111_607,VGND,li1,286.5800,315.5200,0.001490
FILLER_111_595,VGND,li1,281.9800,315.5200,0.001530
FILLER_111_584,VGND,li1,274.6200,315.5200,0.001540
FILLER_111_572,VGND,li1,271.4000,315.5200,0.001530
FILLER_111_565,VGND,li1,265.6500,315.5200,0.001495
FILLER_111_561,VGND,li1,264.5000,315.5200,0.001495
FILLER_111_558,VGND,li1,262.6600,315.5200,0.001485
FILLER_111_551,VGND,li1,259.2100,315.5200,0.001455
FILLER_111_547,VGND,li1,258.0600,315.5200,0.001434
FILLER_111_529,VGND,li1,249.0900,315.5200,0.001347
FILLER_111_517,VGND,li1,246.1000,315.5200,0.001304
FILLER_111_505,VGND,li1,240.5800,315.5200,0.001227
FILLER_111_502,VGND,li1,236.9000,315.5200,0.001194
FILLER_111_490,VGND,li1,233.6800,315.5200,0.001128
FILLER_111_478,VGND,li1,228.1600,315.5200,0.001073
FILLER_111_470,VGND,li1,221.9500,315.5200,0.000968
FILLER_111_466,VGND,li1,220.8000,315.5200,0.000968
FILLER_111_457,VGND,li1,216.2000,315.5200,0.000900
FILLER_111_449,VGND,li1,213.9000,315.5200,0.000853
FILLER_111_446,VGND,li1,211.1400,315.5200,0.000825
FILLER_111_434,VGND,li1,207.9200,315.5200,0.000778
FILLER_111_386,VGND,li1,183.7700,315.5200,0.000353
FILLER_111_374,VGND,li1,180.3200,315.5200,0.000251
FILLER_111_362,VGND,li1,174.8000,315.5200,0.000270
FILLER_111_357,VGND,li1,170.2000,315.5200,0.000292
FILLER_111_349,VGND,li1,167.9000,315.5200,0.000303
FILLER_111_337,VGND,li1,163.3000,315.5200,0.000324
FILLER_111_334,VGND,li1,159.6200,315.5200,0.000341
FILLER_111_320,VGND,li1,153.1800,315.5200,0.000369
FILLER_111_308,VGND,li1,149.9600,315.5200,0.000382
FILLER_111_296,VGND,li1,144.4400,315.5200,0.000405
FILLER_111_281,VGND,li1,137.5400,315.5200,0.000427
FILLER_111_268,VGND,li1,131.5600,315.5200,0.000447
FILLER_111_256,VGND,li1,126.0400,315.5200,0.000457
FILLER_111_244,VGND,li1,120.5200,315.5200,0.000466
FILLER_111_225,VGND,li1,110.4000,315.5200,0.000473
FILLER_111_222,VGND,li1,108.1000,315.5200,0.000472
FILLER_111_210,VGND,li1,104.8800,315.5200,0.000471
FILLER_111_193,VGND,li1,95.2200,315.5200,0.000467
FILLER_111_167,VGND,li1,82.5700,315.5200,0.000437
FILLER_111_161,VGND,li1,80.9600,315.5200,0.000424
FILLER_111_149,VGND,li1,76.8200,315.5200,0.000412
FILLER_111_137,VGND,li1,71.3000,315.5200,0.000386
FILLER_111_125,VGND,li1,65.7800,315.5200,0.000355
FILLER_111_113,VGND,li1,60.2600,315.5200,0.000322
FILLER_111_110,VGND,li1,56.5800,315.5200,0.000300
FILLER_111_98,VGND,li1,53.3600,315.5200,0.000280
FILLER_111_86,VGND,li1,47.8400,315.5200,0.000243
FILLER_111_74,VGND,li1,42.3200,315.5200,0.000210
FILLER_111_69,VGND,li1,37.7200,315.5200,0.000174
FILLER_111_57,VGND,li1,34.5000,315.5200,0.000152
FILLER_111_54,VGND,li1,30.8200,315.5200,0.000123
FILLER_111_42,VGND,li1,27.6000,315.5200,0.000095
FILLER_111_27,VGND,li1,19.7800,315.5200,0.000080
FILLER_111_15,VGND,li1,15.1800,315.5200,0.000080
FILLER_111_3,VGND,li1,9.6600,315.5200,0.000080
FILLER_110_805,VGND,li1,377.2000,310.0800,0.000445
FILLER_110_793,VGND,li1,373.0600,310.0800,0.000445
FILLER_110_781,VGND,li1,367.5400,310.0800,0.000445
FILLER_110_769,VGND,li1,362.0200,310.0800,0.000445
FILLER_110_757,VGND,li1,356.5000,310.0800,0.000445
FILLER_110_754,VGND,li1,352.8200,310.0800,0.000445
FILLER_110_742,VGND,li1,349.6000,310.0800,0.000445
FILLER_110_730,VGND,li1,344.0800,310.0800,0.000441
FILLER_110_724,VGND,li1,339.2500,310.0800,0.000430
FILLER_110_718,VGND,li1,336.4900,310.0800,0.000416
FILLER_110_701,VGND,li1,330.7400,310.0800,0.000450
FILLER_110_697,VGND,li1,326.8300,310.0800,0.000549
FILLER_110_643,VGND,li1,301.5300,310.0800,0.000833
FILLER_110_637,VGND,li1,298.7700,310.0800,0.000849
FILLER_110_632,VGND,li1,296.7000,310.0800,0.000861
FILLER_110_620,VGND,li1,293.4800,310.0800,0.000886
FILLER_110_602,VGND,li1,284.2800,310.0800,0.000923
FILLER_110_597,VGND,li1,280.6000,310.0800,0.000935
FILLER_110_589,VGND,li1,278.3000,310.0800,0.000941
FILLER_110_587,VGND,li1,275.7700,310.0800,0.000953
FILLER_110_581,VGND,li1,274.1600,310.0800,0.000953
FILLER_110_569,VGND,li1,270.0200,310.0800,0.000947
FILLER_110_557,VGND,li1,264.5000,310.0800,0.000928
FILLER_110_545,VGND,li1,258.9800,310.0800,0.000914
FILLER_110_533,VGND,li1,253.4600,310.0800,0.000894
FILLER_110_530,VGND,li1,249.7800,310.0800,0.000881
FILLER_110_518,VGND,li1,246.5600,310.0800,0.000867
FILLER_110_502,VGND,li1,237.3600,310.0800,0.000823
FILLER_110_483,VGND,li1,229.0800,310.0800,0.000769
FILLER_110_475,VGND,li1,224.2500,310.0800,0.000743
FILLER_110_463,VGND,li1,221.2600,310.0800,0.000713
FILLER_110_450,VGND,li1,212.7500,310.0800,0.000654
FILLER_110_439,VGND,li1,207.6900,310.0800,0.000612
FILLER_110_435,VGND,li1,206.5400,310.0800,0.000597
FILLER_110_408,VGND,li1,195.9600,310.0800,0.000465
FILLER_110_385,VGND,li1,182.8500,310.0800,0.000282
FILLER_110_365,VGND,li1,173.6500,310.0800,0.000242
FILLER_110_362,VGND,li1,172.5000,310.0800,0.000253
FILLER_110_356,VGND,li1,169.5100,310.0800,0.000268
FILLER_110_348,VGND,li1,167.4400,310.0800,0.000289
FILLER_110_340,VGND,li1,162.1500,310.0800,0.000314
FILLER_110_332,VGND,li1,160.0800,310.0800,0.000328
FILLER_110_324,VGND,li1,155.2500,310.0800,0.000353
FILLER_110_316,VGND,li1,152.7200,310.0800,0.000373
FILLER_110_307,VGND,li1,146.9700,310.0800,0.000401
FILLER_110_303,VGND,li1,145.8200,310.0800,0.000415
FILLER_110_291,VGND,li1,142.1400,310.0800,0.000433
FILLER_110_279,VGND,li1,136.6200,310.0800,0.000457
FILLER_110_267,VGND,li1,131.1000,310.0800,0.000490
FILLER_110_253,VGND,li1,122.3600,310.0800,0.000529
FILLER_110_246,VGND,li1,120.0600,310.0800,0.000537
FILLER_110_234,VGND,li1,115.9200,310.0800,0.000553
FILLER_110_222,VGND,li1,110.4000,310.0800,0.000569
FILLER_110_214,VGND,li1,104.1900,310.0800,0.000547
FILLER_110_205,VGND,li1,100.5100,310.0800,0.000540
FILLER_110_197,VGND,li1,97.9800,310.0800,0.000531
FILLER_110_190,VGND,li1,94.3000,310.0800,0.000518
FILLER_110_178,VGND,li1,90.1600,310.0800,0.000504
FILLER_110_159,VGND,li1,79.1200,310.0800,0.000464
FILLER_110_145,VGND,li1,72.4500,310.0800,0.000422
FILLER_110_141,VGND,li1,71.3000,310.0800,0.000422
FILLER_110_138,VGND,li1,69.4600,310.0800,0.000411
FILLER_110_125,VGND,li1,63.2500,310.0800,0.000365
FILLER_110_121,VGND,li1,62.1000,310.0800,0.000365
FILLER_110_109,VGND,li1,58.4200,310.0800,0.000333
FILLER_110_97,VGND,li1,50.8300,310.0800,0.000281
FILLER_110_85,VGND,li1,47.3800,310.0800,0.000262
FILLER_110_78,VGND,li1,42.7800,310.0800,0.000227
FILLER_110_66,VGND,li1,36.3400,310.0800,0.000175
FILLER_110_54,VGND,li1,33.1200,310.0800,0.000138
FILLER_110_42,VGND,li1,27.6000,310.0800,0.000107
FILLER_110_29,VGND,li1,20.2400,310.0800,0.000088
FILLER_110_27,VGND,li1,18.1700,310.0800,0.000089
FILLER_110_15,VGND,li1,15.1800,310.0800,0.000089
FILLER_110_3,VGND,li1,9.6600,310.0800,0.000089
FILLER_109_809,VGND,li1,378.1200,310.0800,0.000445
FILLER_109_797,VGND,li1,374.9000,310.0800,0.000445
FILLER_109_785,VGND,li1,369.3800,310.0800,0.000445
FILLER_109_778,VGND,li1,364.7800,310.0800,0.000445
FILLER_109_766,VGND,li1,360.6400,310.0800,0.000445
FILLER_109_754,VGND,li1,355.1200,310.0800,0.000445
FILLER_109_742,VGND,li1,349.6000,310.0800,0.000445
FILLER_109_737,VGND,li1,345.0000,310.0800,0.000441
FILLER_109_729,VGND,li1,341.5500,310.0800,0.000438
FILLER_109_727,VGND,li1,340.1700,310.0800,0.000430
FILLER_109_716,VGND,li1,336.2600,310.0800,0.000403
FILLER_109_706,VGND,li1,330.9700,310.0800,0.000450
FILLER_109_694,VGND,li1,325.2200,310.0800,0.000549
FILLER_109_686,VGND,li1,322.9200,310.0800,0.000597
FILLER_109_671,VGND,li1,314.4100,310.0800,0.000745
FILLER_109_667,VGND,li1,313.2600,310.0800,0.000745
FILLER_109_655,VGND,li1,309.5800,310.0800,0.000777
FILLER_109_641,VGND,li1,302.2200,310.0800,0.000833
FILLER_109_629,VGND,li1,297.6200,310.0800,0.000861
FILLER_109_617,VGND,li1,292.1000,310.0800,0.000886
FILLER_109_615,VGND,li1,288.6500,310.0800,0.000910
FILLER_109_611,VGND,li1,287.5000,310.0800,0.000910
FILLER_109_588,VGND,li1,277.3800,310.0800,0.000947
FILLER_109_575,VGND,li1,270.2500,310.0800,0.000947
FILLER_109_561,VGND,li1,264.0400,310.0800,0.000928
FILLER_109_559,VGND,li1,262.8900,310.0800,0.000928
FILLER_109_547,VGND,li1,259.9000,310.0800,0.000914
FILLER_109_542,VGND,li1,255.0700,310.0800,0.000894
FILLER_109_538,VGND,li1,253.9200,310.0800,0.000894
FILLER_109_526,VGND,li1,250.2400,310.0800,0.000881
FILLER_109_515,VGND,li1,243.3400,310.0800,0.000854
FILLER_109_509,VGND,li1,239.8900,310.0800,0.000839
FILLER_109_505,VGND,li1,238.7400,310.0800,0.000823
FILLER_109_503,VGND,li1,237.1300,310.0800,0.000823
FILLER_109_499,VGND,li1,235.9800,310.0800,0.000812
FILLER_109_487,VGND,li1,232.3000,310.0800,0.000795
FILLER_109_479,VGND,li1,226.0900,310.0800,0.000757
FILLER_109_473,VGND,li1,224.4800,310.0800,0.000743
FILLER_109_461,VGND,li1,220.3400,310.0800,0.000713
FILLER_109_449,VGND,li1,214.8200,310.0800,0.000669
FILLER_109_447,VGND,li1,211.3700,310.0800,0.000639
FILLER_109_439,VGND,li1,209.3000,310.0800,0.000612
FILLER_109_429,VGND,li1,203.5500,310.0800,0.000577
FILLER_109_417,VGND,li1,200.1000,310.0800,0.000521
FILLER_109_405,VGND,li1,194.5800,310.0800,0.000465
FILLER_109_393,VGND,li1,189.0600,310.0800,0.000394
FILLER_109_386,VGND,li1,184.4600,310.0800,0.000323
FILLER_109_381,VGND,li1,181.0100,310.0800,0.000250
FILLER_109_375,VGND,li1,179.4000,310.0800,0.000250
FILLER_109_371,VGND,li1,176.4100,310.0800,0.000230
FILLER_109_365,VGND,li1,174.8000,310.0800,0.000242
FILLER_109_361,VGND,li1,171.8100,310.0800,0.000253
FILLER_109_353,VGND,li1,169.7400,310.0800,0.000268
FILLER_109_348,VGND,li1,166.0600,310.0800,0.000289
FILLER_109_334,VGND,li1,159.6200,310.0800,0.000328
FILLER_109_324,VGND,li1,155.9400,310.0800,0.000353
FILLER_109_312,VGND,li1,151.8000,310.0800,0.000373
FILLER_109_306,VGND,li1,146.9700,310.0800,0.000401
FILLER_109_288,VGND,li1,138.6900,310.0800,0.000445
FILLER_109_277,VGND,li1,133.6300,310.0800,0.000471
FILLER_109_270,VGND,li1,129.9500,310.0800,0.000490
FILLER_109_264,VGND,li1,128.3400,310.0800,0.000503
FILLER_109_252,VGND,li1,124.2000,310.0800,0.000518
FILLER_109_244,VGND,li1,117.9900,310.0800,0.000544
FILLER_109_238,VGND,li1,116.3800,310.0800,0.000553
FILLER_109_222,VGND,li1,108.1000,310.0800,0.000562
FILLER_109_214,VGND,li1,105.8000,310.0800,0.000556
FILLER_109_201,VGND,li1,98.6700,310.0800,0.000531
FILLER_109_193,VGND,li1,96.1400,310.0800,0.000525
FILLER_109_181,VGND,li1,91.5400,310.0800,0.000504
FILLER_109_169,VGND,li1,86.0200,310.0800,0.000489
FILLER_109_165,VGND,li1,82.1100,310.0800,0.000475
FILLER_109_153,VGND,li1,78.6600,310.0800,0.000456
FILLER_109_145,VGND,li1,72.4500,310.0800,0.000422
FILLER_109_136,VGND,li1,68.3100,310.0800,0.000398
FILLER_109_132,VGND,li1,67.1600,310.0800,0.000398
FILLER_109_120,VGND,li1,63.4800,310.0800,0.000365
FILLER_109_104,VGND,li1,54.0500,310.0800,0.000301
FILLER_109_99,VGND,li1,51.5200,310.0800,0.000281
FILLER_109_84,VGND,li1,44.3900,310.0800,0.000227
FILLER_109_80,VGND,li1,43.2400,310.0800,0.000227
FILLER_109_68,VGND,li1,38.1800,310.0800,0.000191
FILLER_109_57,VGND,li1,33.5800,310.0800,0.000155
FILLER_109_44,VGND,li1,28.5200,310.0800,0.000107
FILLER_109_34,VGND,li1,21.8500,310.0800,0.000088
FILLER_109_15,VGND,li1,15.1800,310.0800,0.000089
FILLER_109_3,VGND,li1,9.6600,310.0800,0.000089
FILLER_108_805,VGND,li1,377.2000,304.6400,0.000684
FILLER_108_793,VGND,li1,373.0600,304.6400,0.000684
FILLER_108_781,VGND,li1,367.5400,304.6400,0.000684
FILLER_108_769,VGND,li1,362.0200,304.6400,0.000678
FILLER_108_757,VGND,li1,356.5000,304.6400,0.000665
FILLER_108_748,VGND,li1,351.4400,304.6400,0.000606
FILLER_108_738,VGND,li1,345.6900,304.6400,0.000523
FILLER_108_713,VGND,li1,336.2600,304.6400,0.000318
FILLER_108_701,VGND,li1,330.7400,304.6400,0.000296
FILLER_108_675,VGND,li1,316.7100,304.6400,0.000367
FILLER_108_664,VGND,li1,311.8800,304.6400,0.000380
FILLER_108_657,VGND,li1,308.4300,304.6400,0.000388
FILLER_108_645,VGND,li1,304.9800,304.6400,0.000393
FILLER_108_640,VGND,li1,300.8400,304.6400,0.000399
FILLER_108_627,VGND,li1,294.1700,304.6400,0.000407
FILLER_108_615,VGND,li1,291.1800,304.6400,0.000410
FILLER_108_603,VGND,li1,285.6600,304.6400,0.000415
FILLER_108_589,VGND,li1,278.3000,304.6400,0.000420
FILLER_108_586,VGND,li1,275.5400,304.6400,0.000421
FILLER_108_578,VGND,li1,273.2400,304.6400,0.000421
FILLER_108_566,VGND,li1,268.6400,304.6400,0.000421
FILLER_108_544,VGND,li1,256.2200,304.6400,0.000414
FILLER_108_533,VGND,li1,251.6200,304.6400,0.000405
FILLER_108_520,VGND,li1,247.4800,304.6400,0.000396
FILLER_108_497,VGND,li1,235.9800,304.6400,0.000366
FILLER_108_485,VGND,li1,231.3800,304.6400,0.000353
FILLER_108_467,VGND,li1,220.8000,304.6400,0.000324
FILLER_108_459,VGND,li1,218.5000,304.6400,0.000316
FILLER_108_447,VGND,li1,213.9000,304.6400,0.000299
FILLER_108_439,VGND,li1,207.6900,304.6400,0.000276
FILLER_108_433,VGND,li1,206.0800,304.6400,0.000268
FILLER_108_421,VGND,li1,201.9400,304.6400,0.000254
FILLER_108_417,VGND,li1,198.0300,304.6400,0.000239
FILLER_108_398,VGND,li1,191.3600,304.6400,0.000212
FILLER_108_376,VGND,li1,178.7100,304.6400,0.000117
FILLER_108_372,VGND,li1,177.5600,304.6400,0.000117
FILLER_108_361,VGND,li1,172.2700,304.6400,0.000132
FILLER_108_344,VGND,li1,165.1400,304.6400,0.000144
FILLER_108_331,VGND,li1,159.1600,304.6400,0.000154
FILLER_108_315,VGND,li1,150.6500,304.6400,0.000168
FILLER_108_309,VGND,li1,149.0400,304.6400,0.000171
FILLER_108_307,VGND,li1,146.9700,304.6400,0.000173
FILLER_108_303,VGND,li1,145.8200,304.6400,0.000173
FILLER_108_291,VGND,li1,142.1400,304.6400,0.000179
FILLER_108_277,VGND,li1,133.8600,304.6400,0.000188
FILLER_108_263,VGND,li1,127.4200,304.6400,0.000192
FILLER_108_253,VGND,li1,122.5900,304.6400,0.000195
FILLER_108_246,VGND,li1,120.0600,304.6400,0.000197
FILLER_108_228,VGND,li1,113.1600,304.6400,0.000199
FILLER_108_216,VGND,li1,107.6400,304.6400,0.000200
FILLER_108_204,VGND,li1,102.1200,304.6400,0.000200
FILLER_108_195,VGND,li1,95.4500,304.6400,0.000199
FILLER_108_187,VGND,li1,93.3800,304.6400,0.000199
FILLER_108_178,VGND,li1,87.8600,304.6400,0.000195
FILLER_108_171,VGND,li1,84.8700,304.6400,0.000192
FILLER_108_158,VGND,li1,80.0400,304.6400,0.000184
FILLER_108_146,VGND,li1,75.4400,304.6400,0.000176
FILLER_108_130,VGND,li1,66.0100,304.6400,0.000160
FILLER_108_119,VGND,li1,61.1800,304.6400,0.000149
FILLER_108_107,VGND,li1,57.5000,304.6400,0.000141
FILLER_108_98,VGND,li1,51.0600,304.6400,0.000125
FILLER_108_85,VGND,li1,44.8500,304.6400,0.000106
FILLER_108_83,VGND,li1,43.9300,304.6400,0.000106
FILLER_108_75,VGND,li1,40.2500,304.6400,0.000096
FILLER_108_55,VGND,li1,31.7400,304.6400,0.000067
FILLER_108_41,VGND,li1,25.0700,304.6400,0.000044
FILLER_108_29,VGND,li1,21.6200,304.6400,0.000045
FILLER_108_27,VGND,li1,18.1700,304.6400,0.000045
FILLER_108_15,VGND,li1,15.1800,304.6400,0.000045
FILLER_108_3,VGND,li1,9.6600,304.6400,0.000045
FILLER_107_809,VGND,li1,378.1200,304.6400,0.000684
FILLER_107_797,VGND,li1,374.9000,304.6400,0.000684
FILLER_107_785,VGND,li1,369.3800,304.6400,0.000684
FILLER_107_783,VGND,li1,365.9300,304.6400,0.000684
FILLER_107_779,VGND,li1,364.7800,304.6400,0.000684
FILLER_107_771,VGND,li1,360.4100,304.6400,0.000678
FILLER_107_757,VGND,li1,353.9700,304.6400,0.000630
FILLER_107_749,VGND,li1,351.9000,304.6400,0.000606
FILLER_107_734,VGND,li1,345.9200,304.6400,0.000523
FILLER_107_727,VGND,li1,340.1700,304.6400,0.000404
FILLER_107_701,VGND,li1,329.8200,304.6400,0.000296
FILLER_107_681,VGND,li1,319.0100,304.6400,0.000360
FILLER_107_673,VGND,li1,316.9400,304.6400,0.000367
FILLER_107_670,VGND,li1,314.1800,304.6400,0.000375
FILLER_107_659,VGND,li1,308.8900,304.6400,0.000388
FILLER_107_655,VGND,li1,307.7400,304.6400,0.000388
FILLER_107_646,VGND,li1,303.1400,304.6400,0.000396
FILLER_107_634,VGND,li1,299.9200,304.6400,0.000403
FILLER_107_608,VGND,li1,287.0400,304.6400,0.000415
FILLER_107_596,VGND,li1,282.4400,304.6400,0.000419
FILLER_107_581,VGND,li1,273.2400,304.6400,0.000421
FILLER_107_573,VGND,li1,270.0200,304.6400,0.000421
FILLER_107_561,VGND,li1,266.3400,304.6400,0.000421
FILLER_107_559,VGND,li1,262.8900,304.6400,0.000421
FILLER_107_553,VGND,li1,260.1300,304.6400,0.000420
FILLER_107_547,VGND,li1,258.5200,304.6400,0.000418
FILLER_107_529,VGND,li1,249.0900,304.6400,0.000401
FILLER_107_524,VGND,li1,246.7900,304.6400,0.000396
FILLER_107_512,VGND,li1,243.8000,304.6400,0.000387
FILLER_107_503,VGND,li1,237.1300,304.6400,0.000373
FILLER_107_488,VGND,li1,230.2300,304.6400,0.000353
FILLER_107_476,VGND,li1,227.2400,304.6400,0.000343
FILLER_107_468,VGND,li1,221.4900,304.6400,0.000324
FILLER_107_449,VGND,li1,213.9000,304.6400,0.000299
FILLER_107_445,VGND,li1,210.9100,304.6400,0.000283
FILLER_107_441,VGND,li1,208.6100,304.6400,0.000276
FILLER_107_429,VGND,li1,205.6200,304.6400,0.000268
FILLER_107_417,VGND,li1,200.1000,304.6400,0.000247
FILLER_107_407,VGND,li1,193.4300,304.6400,0.000221
FILLER_107_391,VGND,li1,185.6100,304.6400,0.000181
FILLER_107_373,VGND,li1,177.3300,304.6400,0.000117
FILLER_107_369,VGND,li1,176.1800,304.6400,0.000123
FILLER_107_357,VGND,li1,172.5000,304.6400,0.000132
FILLER_107_349,VGND,li1,166.2900,304.6400,0.000144
FILLER_107_337,VGND,li1,163.3000,304.6400,0.000149
FILLER_107_335,VGND,li1,159.8500,304.6400,0.000154
FILLER_107_309,VGND,li1,147.8900,304.6400,0.000171
FILLER_107_303,VGND,li1,146.2800,304.6400,0.000173
FILLER_107_294,VGND,li1,141.2200,304.6400,0.000179
FILLER_107_281,VGND,li1,136.1600,304.6400,0.000186
FILLER_107_277,VGND,li1,133.6300,304.6400,0.000188
FILLER_107_273,VGND,li1,131.3300,304.6400,0.000190
FILLER_107_267,VGND,li1,129.7200,304.6400,0.000190
FILLER_107_260,VGND,li1,125.3500,304.6400,0.000194
FILLER_107_252,VGND,li1,121.6700,304.6400,0.000197
FILLER_107_248,VGND,li1,120.5200,304.6400,0.000197
FILLER_107_233,VGND,li1,113.1600,304.6400,0.000199
FILLER_107_225,VGND,li1,110.8600,304.6400,0.000200
FILLER_107_222,VGND,li1,108.1000,304.6400,0.000200
FILLER_107_209,VGND,li1,102.5800,304.6400,0.000200
FILLER_107_182,VGND,li1,91.0800,304.6400,0.000197
FILLER_107_164,VGND,li1,81.8800,304.6400,0.000188
FILLER_107_156,VGND,li1,77.5100,304.6400,0.000179
FILLER_107_152,VGND,li1,76.3600,304.6400,0.000179
FILLER_107_142,VGND,li1,72.2200,304.6400,0.000172
FILLER_107_130,VGND,li1,68.0800,304.6400,0.000164
FILLER_107_113,VGND,li1,58.4200,304.6400,0.000141
FILLER_107_106,VGND,li1,55.6600,304.6400,0.000136
FILLER_107_94,VGND,li1,51.5200,304.6400,0.000125
FILLER_107_83,VGND,li1,45.5400,304.6400,0.000106
FILLER_107_71,VGND,li1,40.9400,304.6400,0.000096
FILLER_107_67,VGND,li1,36.5700,304.6400,0.000082
FILLER_107_61,VGND,li1,33.8100,304.6400,0.000075
FILLER_107_57,VGND,li1,32.6600,304.6400,0.000067
FILLER_107_55,VGND,li1,31.0500,304.6400,0.000067
FILLER_107_27,VGND,li1,18.8600,304.6400,0.000045
FILLER_107_15,VGND,li1,15.1800,304.6400,0.000045
FILLER_107_3,VGND,li1,9.6600,304.6400,0.000045
FILLER_106_803,VGND,li1,375.8200,299.2000,0.000369
FILLER_106_772,VGND,li1,362.4800,299.2000,0.000343
FILLER_106_757,VGND,li1,354.2000,299.2000,0.000292
FILLER_106_754,VGND,li1,352.8200,299.2000,0.000292
FILLER_106_746,VGND,li1,350.5200,299.2000,0.000272
FILLER_106_739,VGND,li1,345.6900,299.2000,0.000230
FILLER_106_730,VGND,li1,341.7800,299.2000,0.000196
FILLER_106_722,VGND,li1,339.4800,299.2000,0.000176
FILLER_106_709,VGND,li1,332.3500,299.2000,0.000113
FILLER_106_701,VGND,li1,329.8200,299.2000,0.000122
FILLER_106_698,VGND,li1,327.0600,299.2000,0.000126
FILLER_106_690,VGND,li1,324.7600,299.2000,0.000134
FILLER_106_678,VGND,li1,320.1600,299.2000,0.000141
FILLER_106_666,VGND,li1,314.6400,299.2000,0.000154
FILLER_106_662,VGND,li1,310.2700,299.2000,0.000163
FILLER_106_654,VGND,li1,308.2000,299.2000,0.000168
FILLER_106_643,VGND,li1,301.5300,299.2000,0.000182
FILLER_106_635,VGND,li1,299.4600,299.2000,0.000188
FILLER_106_623,VGND,li1,294.8600,299.2000,0.000195
FILLER_106_601,VGND,li1,282.9000,299.2000,0.000218
FILLER_106_589,VGND,li1,279.2200,299.2000,0.000222
FILLER_106_564,VGND,li1,266.8000,299.2000,0.000238
FILLER_106_557,VGND,li1,261.9700,299.2000,0.000242
FILLER_106_545,VGND,li1,258.9800,299.2000,0.000245
FILLER_106_533,VGND,li1,253.4600,299.2000,0.000247
FILLER_106_530,VGND,li1,249.7800,299.2000,0.000248
FILLER_106_522,VGND,li1,245.8700,299.2000,0.000250
FILLER_106_518,VGND,li1,244.7200,299.2000,0.000250
FILLER_106_506,VGND,li1,241.0400,299.2000,0.000251
FILLER_106_494,VGND,li1,235.5200,299.2000,0.000252
FILLER_106_477,VGND,li1,227.7000,299.2000,0.000253
FILLER_106_468,VGND,li1,222.6400,299.2000,0.000253
FILLER_106_459,VGND,li1,217.1200,299.2000,0.000252
FILLER_106_447,VGND,li1,213.9000,299.2000,0.000251
FILLER_106_431,VGND,li1,204.0100,299.2000,0.000245
FILLER_106_425,VGND,li1,202.4000,299.2000,0.000245
FILLER_106_419,VGND,li1,198.4900,299.2000,0.000242
FILLER_106_411,VGND,li1,194.8100,299.2000,0.000237
FILLER_106_387,VGND,li1,183.7700,299.2000,0.000195
FILLER_106_365,VGND,li1,174.1100,299.2000,0.000171
FILLER_106_361,VGND,li1,172.2700,299.2000,0.000179
FILLER_106_349,VGND,li1,168.8200,299.2000,0.000190
FILLER_106_341,VGND,li1,162.8400,299.2000,0.000196
FILLER_106_336,VGND,li1,160.3100,299.2000,0.000195
FILLER_106_328,VGND,li1,158.2400,299.2000,0.000195
FILLER_106_320,VGND,li1,153.1800,299.2000,0.000195
FILLER_106_309,VGND,li1,149.5000,299.2000,0.000195
FILLER_106_307,VGND,li1,146.9700,299.2000,0.000195
FILLER_106_285,VGND,li1,137.0800,299.2000,0.000193
FILLER_106_273,VGND,li1,133.8600,299.2000,0.000192
FILLER_106_261,VGND,li1,128.3400,299.2000,0.000191
FILLER_106_253,VGND,li1,122.5900,299.2000,0.000188
FILLER_106_249,VGND,li1,120.7500,299.2000,0.000187
FILLER_106_237,VGND,li1,117.3000,299.2000,0.000185
FILLER_106_229,VGND,li1,111.0900,299.2000,0.000181
FILLER_106_225,VGND,li1,109.9400,299.2000,0.000180
FILLER_106_203,VGND,li1,99.5900,299.2000,0.000171
FILLER_106_195,VGND,li1,95.4500,299.2000,0.000165
FILLER_106_191,VGND,li1,94.3000,299.2000,0.000165
FILLER_106_172,VGND,li1,87.4000,299.2000,0.000155
FILLER_106_165,VGND,li1,81.8800,299.2000,0.000148
FILLER_106_157,VGND,li1,79.5800,299.2000,0.000146
FILLER_106_141,VGND,li1,71.3000,299.2000,0.000134
FILLER_106_134,VGND,li1,68.5400,299.2000,0.000129
FILLER_106_122,VGND,li1,64.4000,299.2000,0.000123
FILLER_106_111,VGND,li1,57.5000,299.2000,0.000107
FILLER_106_99,VGND,li1,53.8200,299.2000,0.000102
FILLER_106_89,VGND,li1,46.6900,299.2000,0.000083
FILLER_106_85,VGND,li1,45.5400,299.2000,0.000083
FILLER_106_80,VGND,li1,43.2400,299.2000,0.000078
FILLER_106_68,VGND,li1,39.5600,299.2000,0.000069
FILLER_106_59,VGND,li1,33.1200,299.2000,0.000053
FILLER_106_51,VGND,li1,30.8200,299.2000,0.000046
FILLER_106_39,VGND,li1,26.2200,299.2000,0.000032
FILLER_106_29,VGND,li1,19.7800,299.2000,0.000034
FILLER_106_27,VGND,li1,18.1700,299.2000,0.000034
FILLER_106_19,VGND,li1,16.1000,299.2000,0.000035
FILLER_106_7,VGND,li1,11.5000,299.2000,0.000035
FILLER_105_805,VGND,li1,376.5100,299.2000,0.000369
FILLER_105_797,VGND,li1,373.9800,299.2000,0.000368
FILLER_105_785,VGND,li1,369.3800,299.2000,0.000362
FILLER_105_780,VGND,li1,365.2400,299.2000,0.000353
FILLER_105_768,VGND,li1,361.5600,299.2000,0.000343
FILLER_105_756,VGND,li1,353.7400,299.2000,0.000292
FILLER_105_744,VGND,li1,350.5200,299.2000,0.000272
FILLER_105_733,VGND,li1,342.9300,299.2000,0.000196
FILLER_105_729,VGND,li1,341.7800,299.2000,0.000196
FILLER_105_726,VGND,li1,339.9400,299.2000,0.000176
FILLER_105_718,VGND,li1,337.6400,299.2000,0.000150
FILLER_105_706,VGND,li1,333.0400,299.2000,0.000113
FILLER_105_697,VGND,li1,326.8300,299.2000,0.000126
FILLER_105_685,VGND,li1,323.3800,299.2000,0.000134
FILLER_105_673,VGND,li1,317.8600,299.2000,0.000146
FILLER_105_671,VGND,li1,314.4100,299.2000,0.000158
FILLER_105_665,VGND,li1,312.8000,299.2000,0.000158
FILLER_105_658,VGND,li1,308.6600,299.2000,0.000168
FILLER_105_646,VGND,li1,305.4400,299.2000,0.000174
FILLER_105_636,VGND,li1,298.5400,299.2000,0.000188
FILLER_105_624,VGND,li1,295.3200,299.2000,0.000195
FILLER_105_615,VGND,li1,288.6500,299.2000,0.000206
FILLER_105_610,VGND,li1,286.5800,299.2000,0.000210
FILLER_105_603,VGND,li1,283.1300,299.2000,0.000218
FILLER_105_597,VGND,li1,281.5200,299.2000,0.000218
FILLER_105_582,VGND,li1,273.9300,299.2000,0.000229
FILLER_105_574,VGND,li1,271.4000,299.2000,0.000233
FILLER_105_539,VGND,li1,253.6900,299.2000,0.000247
FILLER_105_533,VGND,li1,252.0800,299.2000,0.000247
FILLER_105_517,VGND,li1,246.1000,299.2000,0.000250
FILLER_105_505,VGND,li1,240.5800,299.2000,0.000251
FILLER_105_503,VGND,li1,237.1300,299.2000,0.000252
FILLER_105_499,VGND,li1,235.9800,299.2000,0.000252
FILLER_105_474,VGND,li1,224.4800,299.2000,0.000253
FILLER_105_457,VGND,li1,216.4300,299.2000,0.000252
FILLER_105_449,VGND,li1,213.9000,299.2000,0.000251
FILLER_105_428,VGND,li1,203.0900,299.2000,0.000245
FILLER_105_420,VGND,li1,200.5600,299.2000,0.000243
FILLER_105_403,VGND,li1,191.5900,299.2000,0.000234
FILLER_105_369,VGND,li1,176.1800,299.2000,0.000162
FILLER_105_357,VGND,li1,170.2000,299.2000,0.000183
FILLER_105_337,VGND,li1,161.4600,299.2000,0.000196
FILLER_105_334,VGND,li1,159.6200,299.2000,0.000195
FILLER_105_326,VGND,li1,157.3200,299.2000,0.000195
FILLER_105_314,VGND,li1,152.7200,299.2000,0.000195
FILLER_105_302,VGND,li1,147.2000,299.2000,0.000195
FILLER_105_293,VGND,li1,141.6800,299.2000,0.000194
FILLER_105_281,VGND,li1,137.5400,299.2000,0.000193
FILLER_105_279,VGND,li1,134.0900,299.2000,0.000192
FILLER_105_244,VGND,li1,120.5200,299.2000,0.000187
FILLER_105_235,VGND,li1,115.0000,299.2000,0.000184
FILLER_105_223,VGND,li1,108.3300,299.2000,0.000178
FILLER_105_216,VGND,li1,105.1100,299.2000,0.000175
FILLER_105_204,VGND,li1,100.0500,299.2000,0.000171
FILLER_105_192,VGND,li1,96.6000,299.2000,0.000168
FILLER_105_185,VGND,li1,90.8500,299.2000,0.000160
FILLER_105_181,VGND,li1,89.7000,299.2000,0.000160
FILLER_105_169,VGND,li1,86.0200,299.2000,0.000155
FILLER_105_167,VGND,li1,82.5700,299.2000,0.000148
FILLER_105_163,VGND,li1,81.4200,299.2000,0.000148
FILLER_105_151,VGND,li1,77.7400,299.2000,0.000142
FILLER_105_143,VGND,li1,72.2200,299.2000,0.000134
FILLER_105_131,VGND,li1,68.5400,299.2000,0.000129
FILLER_105_121,VGND,li1,61.4100,299.2000,0.000117
FILLER_105_113,VGND,li1,59.3400,299.2000,0.000113
FILLER_105_108,VGND,li1,56.1200,299.2000,0.000107
FILLER_105_89,VGND,li1,46.6900,299.2000,0.000083
FILLER_105_81,VGND,li1,44.6200,299.2000,0.000078
FILLER_105_69,VGND,li1,40.0200,299.2000,0.000069
FILLER_105_53,VGND,li1,30.5900,299.2000,0.000046
FILLER_105_41,VGND,li1,27.1400,299.2000,0.000037
FILLER_105_26,VGND,li1,17.9400,299.2000,0.000034
FILLER_105_18,VGND,li1,15.6400,299.2000,0.000035
FILLER_105_6,VGND,li1,11.0400,299.2000,0.000035
FILLER_104_804,VGND,li1,376.2800,293.7600,0.000065
FILLER_104_792,VGND,li1,372.6000,293.7600,0.000065
FILLER_104_778,VGND,li1,363.6300,293.7600,0.000063
FILLER_104_770,VGND,li1,361.5600,293.7600,0.000062
FILLER_104_747,VGND,li1,350.5200,293.7600,0.000058
FILLER_104_727,VGND,li1,340.8600,293.7600,0.000050
FILLER_104_715,VGND,li1,337.1800,293.7600,0.000048
FILLER_104_693,VGND,li1,324.5300,293.7600,0.000067
FILLER_104_681,VGND,li1,321.5400,293.7600,0.000075
FILLER_104_665,VGND,li1,311.6500,293.7600,0.000097
FILLER_104_645,VGND,li1,304.9800,293.7600,0.000110
FILLER_104_642,VGND,li1,301.3000,293.7600,0.000117
FILLER_104_630,VGND,li1,298.0800,293.7600,0.000122
FILLER_104_618,VGND,li1,292.5600,293.7600,0.000134
FILLER_104_602,VGND,li1,282.9000,293.7600,0.000146
FILLER_104_579,VGND,li1,272.0900,293.7600,0.000157
FILLER_104_573,VGND,li1,270.4800,293.7600,0.000157
FILLER_104_540,VGND,li1,255.3000,293.7600,0.000165
FILLER_104_519,VGND,li1,245.6400,293.7600,0.000165
FILLER_104_506,VGND,li1,238.7400,293.7600,0.000163
FILLER_104_498,VGND,li1,236.4400,293.7600,0.000161
FILLER_104_483,VGND,li1,227.9300,293.7600,0.000156
FILLER_104_477,VGND,li1,226.3200,293.7600,0.000156
FILLER_104_452,VGND,li1,213.6700,293.7600,0.000144
FILLER_104_440,VGND,li1,210.6800,293.7600,0.000140
FILLER_104_425,VGND,li1,201.2500,293.7600,0.000127
FILLER_104_421,VGND,li1,200.1000,293.7600,0.000124
FILLER_104_410,VGND,li1,194.8100,293.7600,0.000117
FILLER_104_402,VGND,li1,192.2800,293.7600,0.000112
FILLER_104_392,VGND,li1,186.0700,293.7600,0.000097
FILLER_104_379,VGND,li1,180.0900,293.7600,0.000073
FILLER_104_371,VGND,li1,178.0200,293.7600,0.000063
FILLER_104_365,VGND,li1,174.1100,293.7600,0.000071
FILLER_104_356,VGND,li1,171.1200,293.7600,0.000074
FILLER_104_344,VGND,li1,166.5200,293.7600,0.000080
FILLER_104_336,VGND,li1,160.3100,293.7600,0.000091
FILLER_104_330,VGND,li1,158.7000,293.7600,0.000091
FILLER_104_318,VGND,li1,154.5600,293.7600,0.000097
FILLER_104_309,VGND,li1,149.0400,293.7600,0.000103
FILLER_104_307,VGND,li1,146.9700,293.7600,0.000105
FILLER_104_299,VGND,li1,144.9000,293.7600,0.000107
FILLER_104_286,VGND,li1,138.4600,293.7600,0.000113
FILLER_104_281,VGND,li1,135.2400,293.7600,0.000114
FILLER_104_273,VGND,li1,132.9400,293.7600,0.000115
FILLER_104_257,VGND,li1,123.9700,293.7600,0.000119
FILLER_104_253,VGND,li1,122.8200,293.7600,0.000119
FILLER_104_250,VGND,li1,120.9800,293.7600,0.000119
FILLER_104_233,VGND,li1,113.1600,293.7600,0.000121
FILLER_104_225,VGND,li1,110.8600,293.7600,0.000121
FILLER_104_213,VGND,li1,106.2600,293.7600,0.000121
FILLER_104_201,VGND,li1,100.7400,293.7600,0.000122
FILLER_104_195,VGND,li1,95.4500,293.7600,0.000122
FILLER_104_183,VGND,li1,92.4600,293.7600,0.000121
FILLER_104_171,VGND,li1,86.9400,293.7600,0.000121
FILLER_104_166,VGND,li1,82.1100,293.7600,0.000118
FILLER_104_162,VGND,li1,80.9600,293.7600,0.000118
FILLER_104_141,VGND,li1,70.8400,293.7600,0.000111
FILLER_104_136,VGND,li1,69.0000,293.7600,0.000110
FILLER_104_115,VGND,li1,58.6500,293.7600,0.000100
FILLER_104_107,VGND,li1,56.5800,293.7600,0.000098
FILLER_104_99,VGND,li1,51.5200,293.7600,0.000089
FILLER_104_83,VGND,li1,43.9300,293.7600,0.000076
FILLER_104_77,VGND,li1,42.3200,293.7600,0.000076
FILLER_104_17,VGND,li1,13.8000,293.7600,0.000041
FILLER_104_9,VGND,li1,11.5000,293.7600,0.000042
FILLER_103_799,VGND,li1,375.8200,293.7600,0.000065
FILLER_103_763,VGND,li1,358.3400,293.7600,0.000061
FILLER_103_729,VGND,li1,342.7000,293.7600,0.000052
FILLER_103_725,VGND,li1,339.7100,293.7600,0.000050
FILLER_103_713,VGND,li1,334.8800,293.7600,0.000046
FILLER_103_701,VGND,li1,330.7400,293.7600,0.000052
FILLER_103_683,VGND,li1,319.9300,293.7600,0.000081
FILLER_103_625,VGND,li1,293.4800,293.7600,0.000130
FILLER_103_617,VGND,li1,291.1800,293.7600,0.000134
FILLER_103_615,VGND,li1,288.6500,293.7600,0.000140
FILLER_103_611,VGND,li1,287.5000,293.7600,0.000140
FILLER_103_600,VGND,li1,283.3600,293.7600,0.000146
FILLER_103_581,VGND,li1,273.4700,293.7600,0.000155
FILLER_103_573,VGND,li1,270.9400,293.7600,0.000157
FILLER_103_561,VGND,li1,266.3400,293.7600,0.000161
FILLER_103_556,VGND,li1,262.2000,293.7600,0.000163
FILLER_103_544,VGND,li1,258.5200,293.7600,0.000164
FILLER_103_527,VGND,li1,248.1700,293.7600,0.000165
FILLER_103_515,VGND,li1,245.1800,293.7600,0.000165
FILLER_103_511,VGND,li1,240.8100,293.7600,0.000164
FILLER_103_505,VGND,li1,239.2000,293.7600,0.000163
FILLER_103_502,VGND,li1,236.9000,293.7600,0.000161
FILLER_103_490,VGND,li1,233.6800,293.7600,0.000160
FILLER_103_478,VGND,li1,228.1600,293.7600,0.000157
FILLER_103_449,VGND,li1,213.4400,293.7600,0.000144
FILLER_103_434,VGND,li1,207.0000,293.7600,0.000135
FILLER_103_422,VGND,li1,202.4000,293.7600,0.000127
FILLER_103_405,VGND,li1,192.5100,293.7600,0.000112
FILLER_103_393,VGND,li1,189.0600,293.7600,0.000105
FILLER_103_391,VGND,li1,185.6100,293.7600,0.000090
FILLER_103_387,VGND,li1,184.4600,293.7600,0.000090
FILLER_103_383,VGND,li1,181.9300,293.7600,0.000081
FILLER_103_379,VGND,li1,180.7800,293.7600,0.000073
FILLER_103_367,VGND,li1,177.1000,293.7600,0.000067
FILLER_103_352,VGND,li1,168.8200,293.7600,0.000077
FILLER_103_343,VGND,li1,164.6800,293.7600,0.000083
FILLER_103_337,VGND,li1,160.7700,293.7600,0.000089
FILLER_103_327,VGND,li1,156.8600,293.7600,0.000094
FILLER_103_309,VGND,li1,147.8900,293.7600,0.000105
FILLER_103_281,VGND,li1,135.7000,293.7600,0.000114
FILLER_103_279,VGND,li1,134.0900,293.7600,0.000115
FILLER_103_267,VGND,li1,131.1000,293.7600,0.000116
FILLER_103_262,VGND,li1,126.5000,293.7600,0.000118
FILLER_103_250,VGND,li1,123.2800,293.7600,0.000119
FILLER_103_225,VGND,li1,111.7800,293.7600,0.000121
FILLER_103_220,VGND,li1,107.6400,293.7600,0.000121
FILLER_103_213,VGND,li1,103.7300,293.7600,0.000122
FILLER_103_205,VGND,li1,101.6600,293.7600,0.000122
FILLER_103_181,VGND,li1,89.2400,293.7600,0.000121
FILLER_103_166,VGND,li1,82.3400,293.7600,0.000118
FILLER_103_154,VGND,li1,79.1200,293.7600,0.000117
FILLER_103_132,VGND,li1,69.0000,293.7600,0.000110
FILLER_103_111,VGND,li1,56.8100,293.7600,0.000098
FILLER_103_99,VGND,li1,53.8200,293.7600,0.000093
FILLER_103_77,VGND,li1,42.7800,293.7600,0.000076
FILLER_103_57,VGND,li1,31.9700,293.7600,0.000054
FILLER_103_55,VGND,li1,31.0500,293.7600,0.000054
FILLER_103_51,VGND,li1,29.9000,293.7600,0.000048
FILLER_103_43,VGND,li1,25.5300,293.7600,0.000041
FILLER_103_33,VGND,li1,21.3900,293.7600,0.000037
FILLER_103_23,VGND,li1,16.5600,293.7600,0.000040
FILLER_103_15,VGND,li1,14.2600,293.7600,0.000041
FILLER_103_3,VGND,li1,9.6600,293.7600,0.000042
FILLER_102_805,VGND,li1,376.5100,288.3200,0.000054
FILLER_102_793,VGND,li1,373.0600,288.3200,0.000054
FILLER_102_762,VGND,li1,358.8000,288.3200,0.000052
FILLER_102_755,VGND,li1,353.0500,288.3200,0.000049
FILLER_102_743,VGND,li1,349.1400,288.3200,0.000048
FILLER_102_731,VGND,li1,344.5400,288.3200,0.000044
FILLER_102_714,VGND,li1,334.4200,288.3200,0.000037
FILLER_102_688,VGND,li1,323.8400,288.3200,0.000052
FILLER_102_684,VGND,li1,320.3900,288.3200,0.000058
FILLER_102_672,VGND,li1,317.4000,288.3200,0.000064
FILLER_102_651,VGND,li1,306.8200,288.3200,0.000084
FILLER_102_636,VGND,li1,299.9200,288.3200,0.000094
FILLER_102_630,VGND,li1,295.5500,288.3200,0.000103
FILLER_102_618,VGND,li1,290.0300,288.3200,0.000110
FILLER_102_606,VGND,li1,287.0400,288.3200,0.000113
FILLER_102_594,VGND,li1,281.5200,288.3200,0.000121
FILLER_102_586,VGND,li1,275.5400,288.3200,0.000126
FILLER_102_574,VGND,li1,272.3200,288.3200,0.000130
FILLER_102_561,VGND,li1,263.8100,288.3200,0.000136
FILLER_102_557,VGND,li1,262.6600,288.3200,0.000138
FILLER_102_545,VGND,li1,258.9800,288.3200,0.000139
FILLER_102_533,VGND,li1,253.4600,288.3200,0.000142
FILLER_102_531,VGND,li1,250.0100,288.3200,0.000142
FILLER_102_519,VGND,li1,247.0200,288.3200,0.000143
FILLER_102_509,VGND,li1,239.8900,288.3200,0.000144
FILLER_102_501,VGND,li1,236.2100,288.3200,0.000144
FILLER_102_487,VGND,li1,230.9200,288.3200,0.000143
FILLER_102_475,VGND,li1,224.2500,288.3200,0.000139
FILLER_102_469,VGND,li1,222.6400,288.3200,0.000139
FILLER_102_457,VGND,li1,218.5000,288.3200,0.000137
FILLER_102_433,VGND,li1,205.1600,288.3200,0.000121
FILLER_102_421,VGND,li1,201.9400,288.3200,0.000118
FILLER_102_417,VGND,li1,198.0300,288.3200,0.000112
FILLER_102_409,VGND,li1,195.5000,288.3200,0.000107
FILLER_102_397,VGND,li1,190.9000,288.3200,0.000099
FILLER_102_383,VGND,li1,182.1600,288.3200,0.000073
FILLER_102_362,VGND,li1,172.5000,288.3200,0.000063
FILLER_102_327,VGND,li1,156.1700,288.3200,0.000083
FILLER_102_323,VGND,li1,155.0200,288.3200,0.000083
FILLER_102_309,VGND,li1,147.8900,288.3200,0.000090
FILLER_102_301,VGND,li1,144.4400,288.3200,0.000092
FILLER_102_285,VGND,li1,137.3100,288.3200,0.000096
FILLER_102_277,VGND,li1,134.7800,288.3200,0.000098
FILLER_102_271,VGND,li1,130.4100,288.3200,0.000100
FILLER_102_265,VGND,li1,128.8000,288.3200,0.000100
FILLER_102_253,VGND,li1,124.6600,288.3200,0.000101
FILLER_102_251,VGND,li1,121.2100,288.3200,0.000102
FILLER_102_245,VGND,li1,119.6000,288.3200,0.000102
FILLER_102_237,VGND,li1,115.0000,288.3200,0.000103
FILLER_102_225,VGND,li1,111.7800,288.3200,0.000103
FILLER_102_204,VGND,li1,101.2000,288.3200,0.000103
FILLER_102_195,VGND,li1,95.4500,288.3200,0.000102
FILLER_102_188,VGND,li1,92.6900,288.3200,0.000101
FILLER_102_177,VGND,li1,88.7800,288.3200,0.000100
FILLER_102_153,VGND,li1,77.7400,288.3200,0.000096
FILLER_102_141,VGND,li1,73.1400,288.3200,0.000093
FILLER_102_138,VGND,li1,69.4600,288.3200,0.000090
FILLER_102_133,VGND,li1,66.9300,288.3200,0.000088
FILLER_102_127,VGND,li1,65.3200,288.3200,0.000088
FILLER_102_115,VGND,li1,61.1800,288.3200,0.000084
FILLER_102_108,VGND,li1,56.1200,288.3200,0.000076
FILLER_102_101,VGND,li1,52.9000,288.3200,0.000072
FILLER_102_89,VGND,li1,47.3800,288.3200,0.000067
FILLER_102_81,VGND,li1,43.4700,288.3200,0.000059
FILLER_102_67,VGND,li1,37.7200,288.3200,0.000052
FILLER_102_58,VGND,li1,32.6600,288.3200,0.000040
FILLER_102_50,VGND,li1,30.3600,288.3200,0.000036
FILLER_102_38,VGND,li1,24.8400,288.3200,0.000023
FILLER_102_29,VGND,li1,19.5500,288.3200,0.000024
FILLER_102_27,VGND,li1,18.1700,288.3200,0.000024
FILLER_102_19,VGND,li1,16.1000,288.3200,0.000025
FILLER_102_7,VGND,li1,11.5000,288.3200,0.000025
FILLER_101_805,VGND,li1,376.5100,288.3200,0.000054
FILLER_101_797,VGND,li1,373.9800,288.3200,0.000054
FILLER_101_785,VGND,li1,369.3800,288.3200,0.000054
FILLER_101_783,VGND,li1,365.9300,288.3200,0.000053
FILLER_101_777,VGND,li1,364.3200,288.3200,0.000053
FILLER_101_765,VGND,li1,360.1800,288.3200,0.000052
FILLER_101_757,VGND,li1,353.9700,288.3200,0.000050
FILLER_101_749,VGND,li1,351.9000,288.3200,0.000049
FILLER_101_745,VGND,li1,348.4500,288.3200,0.000047
FILLER_101_741,VGND,li1,347.3000,288.3200,0.000047
FILLER_101_729,VGND,li1,343.6200,288.3200,0.000044
FILLER_101_709,VGND,li1,334.4200,288.3200,0.000037
FILLER_101_697,VGND,li1,328.9000,288.3200,0.000041
FILLER_101_685,VGND,li1,323.3800,288.3200,0.000052
FILLER_101_673,VGND,li1,317.8600,288.3200,0.000064
FILLER_101_671,VGND,li1,314.4100,288.3200,0.000073
FILLER_101_662,VGND,li1,310.7300,288.3200,0.000077
FILLER_101_657,VGND,li1,307.9700,288.3200,0.000081
FILLER_101_649,VGND,li1,305.9000,288.3200,0.000084
FILLER_101_637,VGND,li1,301.3000,288.3200,0.000094
FILLER_101_601,VGND,li1,283.8200,288.3200,0.000117
FILLER_101_592,VGND,li1,278.3000,288.3200,0.000124
FILLER_101_576,VGND,li1,271.1700,288.3200,0.000130
FILLER_101_561,VGND,li1,263.8100,288.3200,0.000136
FILLER_101_555,VGND,li1,261.0500,288.3200,0.000138
FILLER_101_535,VGND,li1,251.8500,288.3200,0.000142
FILLER_101_527,VGND,li1,249.7800,288.3200,0.000142
FILLER_101_519,VGND,li1,244.4900,288.3200,0.000143
FILLER_101_515,VGND,li1,243.3400,288.3200,0.000143
FILLER_101_482,VGND,li1,227.7000,288.3200,0.000142
FILLER_101_474,VGND,li1,225.4000,288.3200,0.000141
FILLER_101_462,VGND,li1,220.8000,288.3200,0.000138
FILLER_101_447,VGND,li1,211.3700,288.3200,0.000131
FILLER_101_431,VGND,li1,204.0100,288.3200,0.000121
FILLER_101_424,VGND,li1,201.4800,288.3200,0.000118
FILLER_101_381,VGND,li1,181.0100,288.3200,0.000063
FILLER_101_375,VGND,li1,179.4000,288.3200,0.000063
FILLER_101_365,VGND,li1,174.1100,288.3200,0.000063
FILLER_101_360,VGND,li1,171.5800,288.3200,0.000067
FILLER_101_342,VGND,li1,164.2200,288.3200,0.000074
FILLER_101_332,VGND,li1,158.4700,288.3200,0.000082
FILLER_101_326,VGND,li1,156.8600,288.3200,0.000082
FILLER_101_314,VGND,li1,152.7200,288.3200,0.000085
FILLER_101_307,VGND,li1,147.6600,288.3200,0.000090
FILLER_101_279,VGND,li1,134.0900,288.3200,0.000098
FILLER_101_244,VGND,li1,120.5200,288.3200,0.000102
FILLER_101_232,VGND,li1,115.0000,288.3200,0.000103
FILLER_101_222,VGND,li1,108.1000,288.3200,0.000103
FILLER_101_215,VGND,li1,104.6500,288.3200,0.000103
FILLER_101_209,VGND,li1,103.0400,288.3200,0.000103
FILLER_101_197,VGND,li1,98.9000,288.3200,0.000103
FILLER_101_185,VGND,li1,93.3800,288.3200,0.000102
FILLER_101_177,VGND,li1,87.1700,288.3200,0.000100
FILLER_101_166,VGND,li1,82.3400,288.3200,0.000098
FILLER_101_146,VGND,li1,74.0600,288.3200,0.000094
FILLER_101_128,VGND,li1,64.6300,288.3200,0.000086
FILLER_101_118,VGND,li1,60.0300,288.3200,0.000081
FILLER_101_110,VGND,li1,56.5800,288.3200,0.000078
FILLER_101_102,VGND,li1,52.6700,288.3200,0.000072
FILLER_101_86,VGND,li1,45.5400,288.3200,0.000063
FILLER_101_82,VGND,li1,43.4700,288.3200,0.000059
FILLER_101_69,VGND,li1,38.6400,288.3200,0.000052
FILLER_101_57,VGND,li1,34.5000,288.3200,0.000046
FILLER_101_55,VGND,li1,31.0500,288.3200,0.000036
FILLER_101_49,VGND,li1,29.4400,288.3200,0.000036
FILLER_101_41,VGND,li1,24.6100,288.3200,0.000023
FILLER_101_37,VGND,li1,23.4600,288.3200,0.000023
FILLER_101_30,VGND,li1,20.0100,288.3200,0.000024
FILLER_101_18,VGND,li1,16.5600,288.3200,0.000025
FILLER_101_6,VGND,li1,11.0400,288.3200,0.000025
FILLER_100_803,VGND,li1,375.8200,282.8800,0.000148
FILLER_100_791,VGND,li1,372.1400,282.8800,0.000144
FILLER_100_780,VGND,li1,364.5500,282.8800,0.000135
FILLER_100_757,VGND,li1,355.5800,282.8800,0.000120
FILLER_100_755,VGND,li1,353.0500,282.8800,0.000115
FILLER_100_743,VGND,li1,350.0600,282.8800,0.000109
FILLER_100_738,VGND,li1,345.4600,282.8800,0.000101
FILLER_100_726,VGND,li1,342.2400,282.8800,0.000092
FILLER_100_714,VGND,li1,336.7200,282.8800,0.000081
FILLER_100_709,VGND,li1,331.8900,282.8800,0.000067
FILLER_100_701,VGND,li1,329.8200,282.8800,0.000073
FILLER_100_696,VGND,li1,326.6000,282.8800,0.000086
FILLER_100_684,VGND,li1,322.9200,282.8800,0.000091
FILLER_100_660,VGND,li1,310.0400,282.8800,0.000122
FILLER_100_645,VGND,li1,304.9800,282.8800,0.000133
FILLER_100_642,VGND,li1,301.3000,282.8800,0.000140
FILLER_100_630,VGND,li1,298.0800,282.8800,0.000147
FILLER_100_595,VGND,li1,279.9100,282.8800,0.000172
FILLER_100_587,VGND,li1,275.7700,282.8800,0.000177
FILLER_100_579,VGND,li1,273.7000,282.8800,0.000180
FILLER_100_565,VGND,li1,265.8800,282.8800,0.000189
FILLER_100_553,VGND,li1,262.6600,282.8800,0.000194
FILLER_100_530,VGND,li1,249.7800,282.8800,0.000205
FILLER_100_526,VGND,li1,247.7100,282.8800,0.000207
FILLER_100_516,VGND,li1,243.5700,282.8800,0.000210
FILLER_100_477,VGND,li1,227.7000,282.8800,0.000218
FILLER_100_474,VGND,li1,224.0200,282.8800,0.000214
FILLER_100_466,VGND,li1,221.7200,282.8800,0.000205
FILLER_100_454,VGND,li1,217.1200,282.8800,0.000196
FILLER_100_446,VGND,li1,210.9100,282.8800,0.000175
FILLER_100_432,VGND,li1,205.6200,282.8800,0.000163
FILLER_100_410,VGND,li1,194.8100,282.8800,0.000129
FILLER_100_402,VGND,li1,192.2800,282.8800,0.000116
FILLER_100_394,VGND,li1,187.6800,282.8800,0.000097
FILLER_100_382,VGND,li1,184.0000,282.8800,0.000089
FILLER_100_370,VGND,li1,178.4800,282.8800,0.000066
FILLER_100_361,VGND,li1,172.2700,282.8800,0.000086
FILLER_100_351,VGND,li1,168.3600,282.8800,0.000093
FILLER_100_339,VGND,li1,164.2200,282.8800,0.000103
FILLER_100_327,VGND,li1,158.7000,282.8800,0.000117
FILLER_100_321,VGND,li1,153.4100,282.8800,0.000129
FILLER_100_309,VGND,li1,150.4200,282.8800,0.000135
FILLER_100_307,VGND,li1,146.9700,282.8800,0.000143
FILLER_100_301,VGND,li1,145.3600,282.8800,0.000150
FILLER_100_288,VGND,li1,138.6900,282.8800,0.000161
FILLER_100_280,VGND,li1,136.1600,282.8800,0.000169
FILLER_100_272,VGND,li1,130.8700,282.8800,0.000176
FILLER_100_251,VGND,li1,121.2100,282.8800,0.000192
FILLER_100_243,VGND,li1,119.1400,282.8800,0.000195
FILLER_100_228,VGND,li1,111.7800,282.8800,0.000205
FILLER_100_216,VGND,li1,105.8000,282.8800,0.000212
FILLER_100_204,VGND,li1,102.1200,282.8800,0.000214
FILLER_100_175,VGND,li1,86.9400,282.8800,0.000224
FILLER_100_161,VGND,li1,79.8100,282.8800,0.000227
FILLER_100_153,VGND,li1,77.7400,282.8800,0.000227
FILLER_100_141,VGND,li1,73.1400,282.8800,0.000229
FILLER_100_139,VGND,li1,69.6900,282.8800,0.000231
FILLER_100_131,VGND,li1,67.6200,282.8800,0.000232
FILLER_100_119,VGND,li1,63.0200,282.8800,0.000225
FILLER_100_110,VGND,li1,56.5800,282.8800,0.000209
FILLER_100_102,VGND,li1,54.2800,282.8800,0.000202
FILLER_100_85,VGND,li1,47.3800,282.8800,0.000185
FILLER_100_82,VGND,li1,43.7000,282.8800,0.000173
FILLER_100_70,VGND,li1,40.4800,282.8800,0.000167
FILLER_100_54,VGND,li1,30.8200,282.8800,0.000126
FILLER_100_44,VGND,li1,26.4500,282.8800,0.000082
FILLER_100_36,VGND,li1,23.9200,282.8800,0.000083
FILLER_100_27,VGND,li1,18.1700,282.8800,0.000084
FILLER_100_19,VGND,li1,16.1000,282.8800,0.000084
FILLER_100_7,VGND,li1,11.5000,282.8800,0.000085
FILLER_99_806,VGND,li1,376.7400,282.8800,0.000148
FILLER_99_794,VGND,li1,373.5200,282.8800,0.000144
FILLER_99_778,VGND,li1,363.8600,282.8800,0.000132
FILLER_99_766,VGND,li1,358.1100,282.8800,0.000125
FILLER_99_759,VGND,li1,355.1200,282.8800,0.000120
FILLER_99_751,VGND,li1,352.8200,282.8800,0.000115
FILLER_99_729,VGND,li1,341.5500,282.8800,0.000092
FILLER_99_725,VGND,li1,339.7100,282.8800,0.000088
FILLER_99_702,VGND,li1,329.1300,282.8800,0.000079
FILLER_99_694,VGND,li1,324.9900,282.8800,0.000086
FILLER_99_688,VGND,li1,323.3800,282.8800,0.000091
FILLER_99_681,VGND,li1,319.0100,282.8800,0.000101
FILLER_99_673,VGND,li1,316.9400,282.8800,0.000106
FILLER_99_670,VGND,li1,314.1800,282.8800,0.000113
FILLER_99_661,VGND,li1,310.2700,282.8800,0.000122
FILLER_99_653,VGND,li1,307.7400,282.8800,0.000127
FILLER_99_634,VGND,li1,297.3900,282.8800,0.000147
FILLER_99_626,VGND,li1,295.3200,282.8800,0.000150
FILLER_99_617,VGND,li1,289.8000,282.8800,0.000160
FILLER_99_615,VGND,li1,288.6500,282.8800,0.000163
FILLER_99_609,VGND,li1,287.0400,282.8800,0.000163
FILLER_99_597,VGND,li1,282.9000,282.8800,0.000169
FILLER_99_585,VGND,li1,277.3800,282.8800,0.000177
FILLER_99_573,VGND,li1,271.8600,282.8800,0.000184
FILLER_99_561,VGND,li1,266.3400,282.8800,0.000189
FILLER_99_543,VGND,li1,255.9900,282.8800,0.000200
FILLER_99_535,VGND,li1,253.4600,282.8800,0.000202
FILLER_99_509,VGND,li1,242.4200,282.8800,0.000211
FILLER_99_498,VGND,li1,235.9800,282.8800,0.000215
FILLER_99_493,VGND,li1,232.7600,282.8800,0.000216
FILLER_99_485,VGND,li1,230.4600,282.8800,0.000217
FILLER_99_473,VGND,li1,223.3300,282.8800,0.000214
FILLER_99_461,VGND,li1,220.3400,282.8800,0.000205
FILLER_99_449,VGND,li1,214.8200,282.8800,0.000190
FILLER_99_436,VGND,li1,208.8400,282.8800,0.000170
FILLER_99_424,VGND,li1,203.3200,282.8800,0.000155
FILLER_99_402,VGND,li1,190.9000,282.8800,0.000116
FILLER_99_390,VGND,li1,185.3800,282.8800,0.000089
FILLER_99_378,VGND,li1,182.1600,282.8800,0.000081
FILLER_99_366,VGND,li1,176.6400,282.8800,0.000071
FILLER_99_355,VGND,li1,169.7400,282.8800,0.000093
FILLER_99_337,VGND,li1,161.4600,282.8800,0.000112
FILLER_99_335,VGND,li1,159.8500,282.8800,0.000117
FILLER_99_329,VGND,li1,158.2400,282.8800,0.000117
FILLER_99_314,VGND,li1,150.6500,282.8800,0.000135
FILLER_99_306,VGND,li1,148.1200,282.8800,0.000143
FILLER_99_288,VGND,li1,140.7600,282.8800,0.000157
FILLER_99_274,VGND,li1,132.9400,282.8800,0.000173
FILLER_99_262,VGND,li1,128.8000,282.8800,0.000179
FILLER_99_254,VGND,li1,122.5900,282.8800,0.000192
FILLER_99_242,VGND,li1,119.6000,282.8800,0.000195
FILLER_99_225,VGND,li1,109.7100,282.8800,0.000207
FILLER_99_218,VGND,li1,107.1800,282.8800,0.000210
FILLER_99_190,VGND,li1,95.6800,282.8800,0.000219
FILLER_99_181,VGND,li1,89.4700,282.8800,0.000222
FILLER_99_169,VGND,li1,86.0200,282.8800,0.000224
FILLER_99_167,VGND,li1,82.5700,282.8800,0.000226
FILLER_99_159,VGND,li1,80.5000,282.8800,0.000227
FILLER_99_147,VGND,li1,75.9000,282.8800,0.000228
FILLER_99_135,VGND,li1,70.3800,282.8800,0.000231
FILLER_99_125,VGND,li1,63.7100,282.8800,0.000225
FILLER_99_113,VGND,li1,60.2600,282.8800,0.000216
FILLER_99_111,VGND,li1,56.8100,282.8800,0.000209
FILLER_99_99,VGND,li1,53.8200,282.8800,0.000202
FILLER_99_87,VGND,li1,48.3000,282.8800,0.000185
FILLER_99_75,VGND,li1,42.7800,282.8800,0.000173
FILLER_99_63,VGND,li1,37.2600,282.8800,0.000156
FILLER_99_57,VGND,li1,32.2000,282.8800,0.000126
FILLER_99_55,VGND,li1,31.0500,282.8800,0.000126
FILLER_99_43,VGND,li1,28.0600,282.8800,0.000106
FILLER_99_31,VGND,li1,22.5400,282.8800,0.000083
FILLER_99_19,VGND,li1,17.0200,282.8800,0.000084
FILLER_99_7,VGND,li1,11.5000,282.8800,0.000085
FILLER_98_785,VGND,li1,368.0000,277.4400,0.000414
FILLER_98_770,VGND,li1,362.4800,277.4400,0.000408
FILLER_98_753,VGND,li1,352.5900,277.4400,0.000362
FILLER_98_745,VGND,li1,350.0600,277.4400,0.000334
FILLER_98_732,VGND,li1,343.1600,277.4400,0.000278
FILLER_98_722,VGND,li1,338.3300,277.4400,0.000232
FILLER_98_714,VGND,li1,335.8000,277.4400,0.000208
FILLER_98_698,VGND,li1,327.0600,277.4400,0.000188
FILLER_98_689,VGND,li1,322.9200,277.4400,0.000213
FILLER_98_672,VGND,li1,314.8700,277.4400,0.000269
FILLER_98_659,VGND,li1,309.3500,277.4400,0.000296
FILLER_98_651,VGND,li1,306.8200,277.4400,0.000308
FILLER_98_637,VGND,li1,299.0000,277.4400,0.000352
FILLER_98_625,VGND,li1,295.7800,277.4400,0.000370
FILLER_98_613,VGND,li1,290.2600,277.4400,0.000400
FILLER_98_601,VGND,li1,284.7400,277.4400,0.000429
FILLER_98_589,VGND,li1,279.2200,277.4400,0.000459
FILLER_98_587,VGND,li1,275.7700,277.4400,0.000476
FILLER_98_579,VGND,li1,273.7000,277.4400,0.000490
FILLER_98_571,VGND,li1,269.1000,277.4400,0.000516
FILLER_98_559,VGND,li1,263.1200,277.4400,0.000536
FILLER_98_545,VGND,li1,256.4500,277.4400,0.000571
FILLER_98_533,VGND,li1,253.4600,277.4400,0.000579
FILLER_98_531,VGND,li1,250.0100,277.4400,0.000599
FILLER_98_527,VGND,li1,248.8600,277.4400,0.000599
FILLER_98_515,VGND,li1,245.1800,277.4400,0.000621
FILLER_98_507,VGND,li1,239.4300,277.4400,0.000618
FILLER_98_495,VGND,li1,235.9800,277.4400,0.000613
FILLER_98_483,VGND,li1,230.4600,277.4400,0.000603
FILLER_98_467,VGND,li1,220.8000,277.4400,0.000582
FILLER_98_457,VGND,li1,216.4300,277.4400,0.000569
FILLER_98_445,VGND,li1,212.9800,277.4400,0.000557
FILLER_98_437,VGND,li1,206.7700,277.4400,0.000517
FILLER_98_433,VGND,li1,205.6200,277.4400,0.000517
FILLER_98_421,VGND,li1,201.9400,277.4400,0.000479
FILLER_98_418,VGND,li1,198.2600,277.4400,0.000439
FILLER_98_406,VGND,li1,195.0400,277.4400,0.000415
FILLER_98_371,VGND,li1,177.1000,277.4400,0.000225
FILLER_98_356,VGND,li1,171.1200,277.4400,0.000284
FILLER_98_333,VGND,li1,159.6200,277.4400,0.000391
FILLER_98_309,VGND,li1,147.8900,277.4400,0.000502
FILLER_98_306,VGND,li1,146.7400,277.4400,0.000502
FILLER_98_299,VGND,li1,143.5200,277.4400,0.000528
FILLER_98_289,VGND,li1,139.3800,277.4400,0.000562
FILLER_98_277,VGND,li1,135.7000,277.4400,0.000604
FILLER_98_265,VGND,li1,130.1800,277.4400,0.000643
FILLER_98_253,VGND,li1,124.6600,277.4400,0.000682
FILLER_98_251,VGND,li1,121.2100,277.4400,0.000701
FILLER_98_239,VGND,li1,118.2200,277.4400,0.000725
FILLER_98_227,VGND,li1,112.7000,277.4400,0.000762
FILLER_98_215,VGND,li1,107.1800,277.4400,0.000798
FILLER_98_204,VGND,li1,100.2800,277.4400,0.000842
FILLER_98_188,VGND,li1,93.8400,277.4400,0.000869
FILLER_98_176,VGND,li1,89.2400,277.4400,0.000882
FILLER_98_164,VGND,li1,83.7200,277.4400,0.000893
FILLER_98_151,VGND,li1,76.3600,277.4400,0.000893
FILLER_98_141,VGND,li1,71.3000,277.4400,0.000869
FILLER_98_139,VGND,li1,69.6900,277.4400,0.000858
FILLER_98_131,VGND,li1,67.6200,277.4400,0.000846
FILLER_98_119,VGND,li1,60.9500,277.4400,0.000785
FILLER_98_111,VGND,li1,58.4200,277.4400,0.000763
FILLER_98_99,VGND,li1,53.8200,277.4400,0.000714
FILLER_98_85,VGND,li1,44.8500,277.4400,0.000582
FILLER_98_76,VGND,li1,41.4000,277.4400,0.000549
FILLER_98_64,VGND,li1,37.7200,277.4400,0.000479
FILLER_98_58,VGND,li1,32.8900,277.4400,0.000393
FILLER_98_43,VGND,li1,25.7600,277.4400,0.000254
FILLER_98_27,VGND,li1,18.1700,277.4400,0.000214
FILLER_98_15,VGND,li1,15.1800,277.4400,0.000214
FILLER_98_3,VGND,li1,9.6600,277.4400,0.000215
FILLER_97_807,VGND,li1,376.9700,277.4400,0.000421
FILLER_97_803,VGND,li1,375.1300,277.4400,0.000421
FILLER_97_797,VGND,li1,373.5200,277.4400,0.000421
FILLER_97_785,VGND,li1,369.3800,277.4400,0.000414
FILLER_97_781,VGND,li1,365.4700,277.4400,0.000411
FILLER_97_746,VGND,li1,349.3700,277.4400,0.000334
FILLER_97_734,VGND,li1,345.9200,277.4400,0.000298
FILLER_97_726,VGND,li1,339.9400,277.4400,0.000232
FILLER_97_714,VGND,li1,336.7200,277.4400,0.000208
FILLER_97_700,VGND,li1,328.2100,277.4400,0.000188
FILLER_97_694,VGND,li1,324.9900,277.4400,0.000201
FILLER_97_686,VGND,li1,322.9200,277.4400,0.000213
FILLER_97_673,VGND,li1,315.7900,277.4400,0.000256
FILLER_97_650,VGND,li1,304.9800,277.4400,0.000318
FILLER_97_625,VGND,li1,293.9400,277.4400,0.000380
FILLER_97_613,VGND,li1,288.1900,277.4400,0.000411
FILLER_97_605,VGND,li1,285.6600,277.4400,0.000429
FILLER_97_590,VGND,li1,277.1500,277.4400,0.000476
FILLER_97_569,VGND,li1,267.7200,277.4400,0.000516
FILLER_97_561,VGND,li1,265.4200,277.4400,0.000527
FILLER_97_557,VGND,li1,262.4300,277.4400,0.000544
FILLER_97_549,VGND,li1,259.9000,277.4400,0.000558
FILLER_97_537,VGND,li1,255.3000,277.4400,0.000571
FILLER_97_525,VGND,li1,249.7800,277.4400,0.000599
FILLER_97_511,VGND,li1,240.8100,277.4400,0.000618
FILLER_97_501,VGND,li1,236.6700,277.4400,0.000613
FILLER_97_493,VGND,li1,234.1400,277.4400,0.000610
FILLER_97_481,VGND,li1,229.5400,277.4400,0.000603
FILLER_97_469,VGND,li1,224.0200,277.4400,0.000591
FILLER_97_461,VGND,li1,218.0400,277.4400,0.000577
FILLER_97_447,VGND,li1,211.3700,277.4400,0.000546
FILLER_97_443,VGND,li1,210.2200,277.4400,0.000546
FILLER_97_434,VGND,li1,205.3900,277.4400,0.000517
FILLER_97_420,VGND,li1,199.4100,277.4400,0.000459
FILLER_97_412,VGND,li1,196.8800,277.4400,0.000439
FILLER_97_371,VGND,li1,178.0200,277.4400,0.000225
FILLER_97_358,VGND,li1,171.5800,277.4400,0.000284
FILLER_97_346,VGND,li1,167.4400,277.4400,0.000319
FILLER_97_340,VGND,li1,162.1500,277.4400,0.000368
FILLER_97_335,VGND,li1,159.8500,277.4400,0.000391
FILLER_97_310,VGND,li1,148.5800,277.4400,0.000486
FILLER_97_287,VGND,li1,137.7700,277.4400,0.000587
FILLER_97_281,VGND,li1,136.1600,277.4400,0.000587
FILLER_97_279,VGND,li1,134.0900,277.4400,0.000604
FILLER_97_263,VGND,li1,127.1900,277.4400,0.000656
FILLER_97_251,VGND,li1,123.7400,277.4400,0.000682
FILLER_97_244,VGND,li1,117.9900,277.4400,0.000725
FILLER_97_232,VGND,li1,115.0000,277.4400,0.000746
FILLER_97_218,VGND,li1,107.1800,277.4400,0.000798
FILLER_97_206,VGND,li1,103.0400,277.4400,0.000827
FILLER_97_194,VGND,li1,97.5200,277.4400,0.000863
FILLER_97_189,VGND,li1,92.6900,277.4400,0.000876
FILLER_97_177,VGND,li1,87.1700,277.4400,0.000885
FILLER_97_169,VGND,li1,85.1000,277.4400,0.000889
FILLER_97_167,VGND,li1,82.5700,277.4400,0.000893
FILLER_97_159,VGND,li1,80.5000,277.4400,0.000899
FILLER_97_138,VGND,li1,69.2300,277.4400,0.000858
FILLER_97_130,VGND,li1,67.1600,277.4400,0.000846
FILLER_97_116,VGND,li1,59.3400,277.4400,0.000785
FILLER_97_101,VGND,li1,52.9000,277.4400,0.000714
FILLER_97_89,VGND,li1,49.2200,277.4400,0.000658
FILLER_97_69,VGND,li1,37.4900,277.4400,0.000479
FILLER_97_57,VGND,li1,34.5000,277.4400,0.000393
FILLER_97_46,VGND,li1,27.6000,277.4400,0.000291
FILLER_97_39,VGND,li1,24.1500,277.4400,0.000212
FILLER_97_31,VGND,li1,21.6200,277.4400,0.000213
FILLER_97_19,VGND,li1,17.0200,277.4400,0.000214
FILLER_97_7,VGND,li1,11.5000,277.4400,0.000215
FILLER_96_803,VGND,li1,375.1300,272.0000,0.000580
FILLER_96_797,VGND,li1,373.5200,272.0000,0.000580
FILLER_96_785,VGND,li1,369.3800,272.0000,0.000571
FILLER_96_775,VGND,li1,362.7100,272.0000,0.000551
FILLER_96_748,VGND,li1,351.4400,272.0000,0.000479
FILLER_96_741,VGND,li1,347.3000,272.0000,0.000431
FILLER_96_737,VGND,li1,344.7700,272.0000,0.000410
FILLER_96_728,VGND,li1,340.8600,272.0000,0.000368
FILLER_96_720,VGND,li1,338.5600,272.0000,0.000341
FILLER_96_701,VGND,li1,330.7400,272.0000,0.000275
FILLER_96_697,VGND,li1,326.8300,272.0000,0.000316
FILLER_96_685,VGND,li1,323.3800,272.0000,0.000339
FILLER_96_673,VGND,li1,317.8600,272.0000,0.000388
FILLER_96_658,VGND,li1,308.4300,272.0000,0.000473
FILLER_96_650,VGND,li1,306.3600,272.0000,0.000499
FILLER_96_642,VGND,li1,301.3000,272.0000,0.000536
FILLER_96_624,VGND,li1,295.3200,272.0000,0.000596
FILLER_96_609,VGND,li1,285.8900,272.0000,0.000679
FILLER_96_589,VGND,li1,277.3800,272.0000,0.000739
FILLER_96_587,VGND,li1,275.7700,272.0000,0.000761
FILLER_96_583,VGND,li1,274.6200,272.0000,0.000761
FILLER_96_571,VGND,li1,270.9400,272.0000,0.000791
FILLER_96_559,VGND,li1,265.4200,272.0000,0.000827
FILLER_96_533,VGND,li1,251.1600,272.0000,0.000839
FILLER_96_529,VGND,li1,249.5500,272.0000,0.000839
FILLER_96_514,VGND,li1,242.8800,272.0000,0.000831
FILLER_96_497,VGND,li1,234.8300,272.0000,0.000798
FILLER_96_477,VGND,li1,225.4000,272.0000,0.000723
FILLER_96_474,VGND,li1,224.0200,272.0000,0.000706
FILLER_96_462,VGND,li1,220.8000,272.0000,0.000677
FILLER_96_449,VGND,li1,212.5200,272.0000,0.000599
FILLER_96_441,VGND,li1,210.2200,272.0000,0.000580
FILLER_96_416,VGND,li1,197.8000,272.0000,0.000456
FILLER_96_406,VGND,li1,192.9700,272.0000,0.000378
FILLER_96_371,VGND,li1,176.4100,272.0000,0.000231
FILLER_96_365,VGND,li1,174.8000,272.0000,0.000231
FILLER_96_363,VGND,li1,172.7300,272.0000,0.000243
FILLER_96_355,VGND,li1,170.6600,272.0000,0.000255
FILLER_96_343,VGND,li1,166.0600,272.0000,0.000277
FILLER_96_335,VGND,li1,160.0800,272.0000,0.000309
FILLER_96_323,VGND,li1,156.8600,272.0000,0.000317
FILLER_96_317,VGND,li1,151.8000,272.0000,0.000343
FILLER_96_309,VGND,li1,149.5000,272.0000,0.000350
FILLER_96_307,VGND,li1,146.9700,272.0000,0.000358
FILLER_96_303,VGND,li1,145.8200,272.0000,0.000369
FILLER_96_260,VGND,li1,126.0400,272.0000,0.000427
FILLER_96_245,VGND,li1,118.4500,272.0000,0.000441
FILLER_96_236,VGND,li1,114.5400,272.0000,0.000445
FILLER_96_224,VGND,li1,111.3200,272.0000,0.000446
FILLER_96_215,VGND,li1,104.8800,272.0000,0.000448
FILLER_96_203,VGND,li1,101.6600,272.0000,0.000448
FILLER_96_193,VGND,li1,94.9900,272.0000,0.000447
FILLER_96_182,VGND,li1,90.1600,272.0000,0.000440
FILLER_96_168,VGND,li1,83.0300,272.0000,0.000415
FILLER_96_162,VGND,li1,81.4200,272.0000,0.000415
FILLER_96_148,VGND,li1,73.8300,272.0000,0.000389
FILLER_96_128,VGND,li1,67.1600,272.0000,0.000355
FILLER_96_114,VGND,li1,58.1900,272.0000,0.000320
FILLER_96_105,VGND,li1,54.5100,272.0000,0.000293
FILLER_96_97,VGND,li1,50.3700,272.0000,0.000272
FILLER_96_93,VGND,li1,49.2200,272.0000,0.000272
FILLER_96_85,VGND,li1,44.8500,272.0000,0.000242
FILLER_96_77,VGND,li1,41.1700,272.0000,0.000214
FILLER_96_73,VGND,li1,40.0200,272.0000,0.000214
FILLER_96_63,VGND,li1,35.1900,272.0000,0.000180
FILLER_96_50,VGND,li1,29.2100,272.0000,0.000121
FILLER_96_38,VGND,li1,25.7600,272.0000,0.000106
FILLER_96_24,VGND,li1,16.7900,272.0000,0.000090
FILLER_96_18,VGND,li1,15.1800,272.0000,0.000090
FILLER_96_6,VGND,li1,11.0400,272.0000,0.000090
FILLER_95_785,VGND,li1,368.0000,272.0000,0.000565
FILLER_95_776,VGND,li1,364.3200,272.0000,0.000560
FILLER_95_749,VGND,li1,350.5200,272.0000,0.000479
FILLER_95_729,VGND,li1,341.3200,272.0000,0.000368
FILLER_95_727,VGND,li1,340.1700,272.0000,0.000341
FILLER_95_703,VGND,li1,330.2800,272.0000,0.000275
FILLER_95_689,VGND,li1,322.6900,272.0000,0.000355
FILLER_95_685,VGND,li1,321.5400,272.0000,0.000355
FILLER_95_673,VGND,li1,317.8600,272.0000,0.000388
FILLER_95_670,VGND,li1,314.1800,272.0000,0.000422
FILLER_95_658,VGND,li1,310.9600,272.0000,0.000450
FILLER_95_646,VGND,li1,305.4400,272.0000,0.000499
FILLER_95_634,VGND,li1,299.9200,272.0000,0.000552
FILLER_95_622,VGND,li1,294.4000,272.0000,0.000596
FILLER_95_614,VGND,li1,288.4200,272.0000,0.000658
FILLER_95_610,VGND,li1,286.3500,272.0000,0.000679
FILLER_95_604,VGND,li1,284.7400,272.0000,0.000679
FILLER_95_587,VGND,li1,278.3000,272.0000,0.000739
FILLER_95_575,VGND,li1,272.7800,272.0000,0.000776
FILLER_95_551,VGND,li1,259.6700,272.0000,0.000841
FILLER_95_536,VGND,li1,253.9200,272.0000,0.000842
FILLER_95_523,VGND,li1,247.9400,272.0000,0.000837
FILLER_95_511,VGND,li1,243.3400,272.0000,0.000831
FILLER_95_498,VGND,li1,235.9800,272.0000,0.000798
FILLER_95_491,VGND,li1,231.6100,272.0000,0.000761
FILLER_95_487,VGND,li1,230.4600,272.0000,0.000761
FILLER_95_473,VGND,li1,223.5600,272.0000,0.000706
FILLER_95_461,VGND,li1,220.3400,272.0000,0.000677
FILLER_95_449,VGND,li1,214.8200,272.0000,0.000625
FILLER_95_447,VGND,li1,211.3700,272.0000,0.000580
FILLER_95_441,VGND,li1,209.7600,272.0000,0.000580
FILLER_95_429,VGND,li1,205.6200,272.0000,0.000524
FILLER_95_422,VGND,li1,199.8700,272.0000,0.000480
FILLER_95_418,VGND,li1,198.7200,272.0000,0.000456
FILLER_95_393,VGND,li1,189.0600,272.0000,0.000349
FILLER_95_391,VGND,li1,185.6100,272.0000,0.000306
FILLER_95_387,VGND,li1,183.7700,272.0000,0.000280
FILLER_95_341,VGND,li1,162.6100,272.0000,0.000297
FILLER_95_337,VGND,li1,161.4600,272.0000,0.000297
FILLER_95_335,VGND,li1,159.8500,272.0000,0.000309
FILLER_95_331,VGND,li1,158.7000,272.0000,0.000309
FILLER_95_319,VGND,li1,155.0200,272.0000,0.000325
FILLER_95_311,VGND,li1,149.0400,272.0000,0.000350
FILLER_95_299,VGND,li1,145.8200,272.0000,0.000369
FILLER_95_289,VGND,li1,139.1500,272.0000,0.000388
FILLER_95_281,VGND,li1,136.6200,272.0000,0.000400
FILLER_95_279,VGND,li1,134.0900,272.0000,0.000405
FILLER_95_273,VGND,li1,132.4800,272.0000,0.000413
FILLER_95_266,VGND,li1,128.3400,272.0000,0.000421
FILLER_95_254,VGND,li1,125.1200,272.0000,0.000432
FILLER_95_238,VGND,li1,115.6900,272.0000,0.000443
FILLER_95_230,VGND,li1,113.1600,272.0000,0.000445
FILLER_95_223,VGND,li1,108.3300,272.0000,0.000448
FILLER_95_211,VGND,li1,103.0400,272.0000,0.000448
FILLER_95_199,VGND,li1,99.8200,272.0000,0.000448
FILLER_95_187,VGND,li1,94.3000,272.0000,0.000445
FILLER_95_181,VGND,li1,89.2400,272.0000,0.000434
FILLER_95_169,VGND,li1,86.0200,272.0000,0.000426
FILLER_95_166,VGND,li1,82.3400,272.0000,0.000415
FILLER_95_158,VGND,li1,80.0400,272.0000,0.000405
FILLER_95_146,VGND,li1,75.4400,272.0000,0.000389
FILLER_95_137,VGND,li1,69.2300,272.0000,0.000370
FILLER_95_125,VGND,li1,65.7800,272.0000,0.000355
FILLER_95_113,VGND,li1,60.2600,272.0000,0.000330
FILLER_95_106,VGND,li1,55.6600,272.0000,0.000307
FILLER_95_98,VGND,li1,51.0600,272.0000,0.000283
FILLER_95_86,VGND,li1,47.8400,272.0000,0.000257
FILLER_95_74,VGND,li1,42.3200,272.0000,0.000229
FILLER_95_62,VGND,li1,35.4200,272.0000,0.000180
FILLER_95_55,VGND,li1,31.0500,272.0000,0.000141
FILLER_95_51,VGND,li1,29.2100,272.0000,0.000121
FILLER_95_45,VGND,li1,27.6000,272.0000,0.000121
FILLER_95_33,VGND,li1,23.4600,272.0000,0.000087
FILLER_95_15,VGND,li1,14.2600,272.0000,0.000090
FILLER_95_3,VGND,li1,9.6600,272.0000,0.000090
FILLER_94_802,VGND,li1,374.9000,266.5600,0.000437
FILLER_94_790,VGND,li1,371.6800,266.5600,0.000437
FILLER_94_785,VGND,li1,367.0800,266.5600,0.000432
FILLER_94_721,VGND,li1,338.5600,266.5600,0.000224
FILLER_94_707,VGND,li1,330.9700,266.5600,0.000156
FILLER_94_701,VGND,li1,329.3600,266.5600,0.000156
FILLER_94_699,VGND,li1,327.2900,266.5600,0.000161
FILLER_94_669,VGND,li1,316.0200,266.5600,0.000186
FILLER_94_657,VGND,li1,310.5000,266.5600,0.000199
FILLER_94_645,VGND,li1,304.9800,266.5600,0.000209
FILLER_94_630,VGND,li1,296.0100,266.5600,0.000223
FILLER_94_622,VGND,li1,293.4800,266.5600,0.000227
FILLER_94_615,VGND,li1,289.3400,266.5600,0.000235
FILLER_94_603,VGND,li1,285.6600,266.5600,0.000239
FILLER_94_583,VGND,li1,273.9300,266.5600,0.000254
FILLER_94_575,VGND,li1,271.8600,266.5600,0.000256
FILLER_94_563,VGND,li1,267.2600,266.5600,0.000261
FILLER_94_553,VGND,li1,260.5900,266.5600,0.000263
FILLER_94_545,VGND,li1,258.0600,266.5600,0.000262
FILLER_94_533,VGND,li1,253.4600,266.5600,0.000260
FILLER_94_531,VGND,li1,250.0100,266.5600,0.000257
FILLER_94_527,VGND,li1,248.8600,266.5600,0.000257
FILLER_94_513,VGND,li1,241.9600,266.5600,0.000253
FILLER_94_501,VGND,li1,238.7400,266.5600,0.000250
FILLER_94_489,VGND,li1,233.2200,266.5600,0.000245
FILLER_94_477,VGND,li1,227.7000,266.5600,0.000239
FILLER_94_464,VGND,li1,221.7200,266.5600,0.000233
FILLER_94_452,VGND,li1,216.2000,266.5600,0.000225
FILLER_94_433,VGND,li1,207.4600,266.5600,0.000213
FILLER_94_421,VGND,li1,201.9400,266.5600,0.000203
FILLER_94_419,VGND,li1,198.4900,266.5600,0.000198
FILLER_94_415,VGND,li1,197.3400,266.5600,0.000194
FILLER_94_408,VGND,li1,193.6600,266.5600,0.000190
FILLER_94_400,VGND,li1,191.3600,266.5600,0.000185
FILLER_94_388,VGND,li1,186.7600,266.5600,0.000173
FILLER_94_361,VGND,li1,172.2700,266.5600,0.000230
FILLER_94_346,VGND,li1,164.9100,266.5600,0.000312
FILLER_94_342,VGND,li1,163.0700,266.5600,0.000329
FILLER_94_333,VGND,li1,159.1600,266.5600,0.000371
FILLER_94_325,VGND,li1,156.8600,266.5600,0.000388
FILLER_94_309,VGND,li1,147.8900,266.5600,0.000462
FILLER_94_302,VGND,li1,145.1300,266.5600,0.000474
FILLER_94_294,VGND,li1,142.6000,266.5600,0.000481
FILLER_94_282,VGND,li1,138.0000,266.5600,0.000483
FILLER_94_272,VGND,li1,131.1000,266.5600,0.000478
FILLER_94_257,VGND,li1,125.5800,266.5600,0.000475
FILLER_94_245,VGND,li1,118.4500,266.5600,0.000467
FILLER_94_237,VGND,li1,116.3800,266.5600,0.000465
FILLER_94_225,VGND,li1,111.7800,266.5600,0.000461
FILLER_94_215,VGND,li1,105.1100,266.5600,0.000451
FILLER_94_204,VGND,li1,100.2800,266.5600,0.000438
FILLER_94_194,VGND,li1,95.2200,266.5600,0.000421
FILLER_94_178,VGND,li1,88.0900,266.5600,0.000394
FILLER_94_170,VGND,li1,85.5600,266.5600,0.000381
FILLER_94_158,VGND,li1,80.9600,266.5600,0.000359
FILLER_94_145,VGND,li1,72.4500,266.5600,0.000328
FILLER_94_141,VGND,li1,71.3000,266.5600,0.000317
FILLER_94_138,VGND,li1,69.4600,266.5600,0.000309
FILLER_94_126,VGND,li1,66.2400,266.5600,0.000297
FILLER_94_112,VGND,li1,57.5000,266.5600,0.000249
FILLER_94_104,VGND,li1,55.2000,266.5600,0.000236
FILLER_94_92,VGND,li1,50.6000,266.5600,0.000214
FILLER_94_78,VGND,li1,42.0900,266.5600,0.000173
FILLER_94_66,VGND,li1,38.6400,266.5600,0.000150
FILLER_94_59,VGND,li1,33.3500,266.5600,0.000123
FILLER_94_47,VGND,li1,29.9000,266.5600,0.000097
FILLER_94_36,VGND,li1,22.3100,266.5600,0.000067
FILLER_94_15,VGND,li1,14.2600,266.5600,0.000069
FILLER_94_3,VGND,li1,9.6600,266.5600,0.000069
FILLER_93_803,VGND,li1,375.1300,266.5600,0.000437
FILLER_93_799,VGND,li1,373.9800,266.5600,0.000437
FILLER_93_783,VGND,li1,365.9300,266.5600,0.000429
FILLER_93_779,VGND,li1,364.7800,266.5600,0.000429
FILLER_93_729,VGND,li1,341.5500,266.5600,0.000249
FILLER_93_725,VGND,li1,339.7100,266.5600,0.000224
FILLER_93_713,VGND,li1,336.2600,266.5600,0.000196
FILLER_93_701,VGND,li1,330.7400,266.5600,0.000156
FILLER_93_689,VGND,li1,325.2200,266.5600,0.000166
FILLER_93_682,VGND,li1,319.7000,266.5600,0.000181
FILLER_93_671,VGND,li1,314.4100,266.5600,0.000191
FILLER_93_660,VGND,li1,309.3500,266.5600,0.000199
FILLER_93_611,VGND,li1,287.0400,266.5600,0.000239
FILLER_93_599,VGND,li1,283.8200,266.5600,0.000241
FILLER_93_588,VGND,li1,276.4600,266.5600,0.000251
FILLER_93_577,VGND,li1,271.1700,266.5600,0.000258
FILLER_93_573,VGND,li1,270.0200,266.5600,0.000258
FILLER_93_561,VGND,li1,266.3400,266.5600,0.000261
FILLER_93_559,VGND,li1,262.8900,266.5600,0.000264
FILLER_93_551,VGND,li1,260.8200,266.5600,0.000263
FILLER_93_544,VGND,li1,256.2200,266.5600,0.000261
FILLER_93_536,VGND,li1,253.9200,266.5600,0.000260
FILLER_93_524,VGND,li1,249.3200,266.5600,0.000257
FILLER_93_512,VGND,li1,243.8000,266.5600,0.000255
FILLER_93_502,VGND,li1,236.9000,266.5600,0.000248
FILLER_93_490,VGND,li1,233.6800,266.5600,0.000245
FILLER_93_478,VGND,li1,228.1600,266.5600,0.000239
FILLER_93_455,VGND,li1,217.5800,266.5600,0.000225
FILLER_93_445,VGND,li1,210.9100,266.5600,0.000218
FILLER_93_431,VGND,li1,204.4700,266.5600,0.000208
FILLER_93_424,VGND,li1,201.2500,266.5600,0.000203
FILLER_93_416,VGND,li1,198.7200,266.5600,0.000198
FILLER_93_405,VGND,li1,193.6600,266.5600,0.000190
FILLER_93_393,VGND,li1,189.0600,266.5600,0.000181
FILLER_93_389,VGND,li1,185.1500,266.5600,0.000173
FILLER_93_381,VGND,li1,182.6200,266.5600,0.000168
FILLER_93_357,VGND,li1,170.2000,266.5600,0.000254
FILLER_93_337,VGND,li1,161.4600,266.5600,0.000347
FILLER_93_330,VGND,li1,158.7000,266.5600,0.000371
FILLER_93_323,VGND,li1,154.3300,266.5600,0.000412
FILLER_93_319,VGND,li1,153.1800,266.5600,0.000431
FILLER_93_285,VGND,li1,136.8500,266.5600,0.000483
FILLER_93_281,VGND,li1,135.7000,266.5600,0.000481
FILLER_93_278,VGND,li1,133.8600,266.5600,0.000480
FILLER_93_265,VGND,li1,127.6500,266.5600,0.000476
FILLER_93_257,VGND,li1,124.4300,266.5600,0.000472
FILLER_93_245,VGND,li1,120.9800,266.5600,0.000470
FILLER_93_237,VGND,li1,115.2300,266.5600,0.000465
FILLER_93_225,VGND,li1,111.7800,266.5600,0.000461
FILLER_93_223,VGND,li1,108.3300,266.5600,0.000457
FILLER_93_210,VGND,li1,102.8100,266.5600,0.000446
FILLER_93_202,VGND,li1,100.2800,266.5600,0.000438
FILLER_93_190,VGND,li1,95.6800,266.5600,0.000421
FILLER_93_184,VGND,li1,90.3900,266.5600,0.000402
FILLER_93_176,VGND,li1,88.3200,266.5600,0.000394
FILLER_93_167,VGND,li1,82.5700,266.5600,0.000367
FILLER_93_163,VGND,li1,81.4200,266.5600,0.000367
FILLER_93_158,VGND,li1,78.4300,266.5600,0.000347
FILLER_93_152,VGND,li1,76.8200,266.5600,0.000347
FILLER_93_140,VGND,li1,72.6800,266.5600,0.000328
FILLER_93_125,VGND,li1,63.9400,266.5600,0.000280
FILLER_93_113,VGND,li1,60.2600,266.5600,0.000267
FILLER_93_108,VGND,li1,56.1200,266.5600,0.000249
FILLER_93_94,VGND,li1,49.4500,266.5600,0.000214
FILLER_93_86,VGND,li1,46.9200,266.5600,0.000196
FILLER_93_74,VGND,li1,42.3200,266.5600,0.000173
FILLER_93_64,VGND,li1,35.6500,266.5600,0.000136
FILLER_93_53,VGND,li1,30.5900,266.5600,0.000097
FILLER_93_37,VGND,li1,23.9200,266.5600,0.000067
FILLER_93_25,VGND,li1,19.7800,266.5600,0.000068
FILLER_93_15,VGND,li1,13.1100,266.5600,0.000069
FILLER_93_3,VGND,li1,9.6600,266.5600,0.000069
FILLER_92_757,VGND,li1,354.6600,261.1200,0.000330
FILLER_92_755,VGND,li1,353.0500,261.1200,0.000330
FILLER_92_751,VGND,li1,351.9000,261.1200,0.000312
FILLER_92_731,VGND,li1,343.1600,261.1200,0.000250
FILLER_92_719,VGND,li1,339.0200,261.1200,0.000203
FILLER_92_706,VGND,li1,330.9700,261.1200,0.000134
FILLER_92_698,VGND,li1,327.0600,261.1200,0.000153
FILLER_92_645,VGND,li1,302.4500,261.1200,0.000232
FILLER_92_634,VGND,li1,297.8500,261.1200,0.000244
FILLER_92_606,VGND,li1,285.2000,261.1200,0.000280
FILLER_92_594,VGND,li1,281.5200,261.1200,0.000287
FILLER_92_586,VGND,li1,275.5400,261.1200,0.000305
FILLER_92_578,VGND,li1,273.2400,261.1200,0.000310
FILLER_92_570,VGND,li1,268.6400,261.1200,0.000320
FILLER_92_558,VGND,li1,264.9600,261.1200,0.000327
FILLER_92_550,VGND,li1,258.7500,261.1200,0.000330
FILLER_92_539,VGND,li1,253.6900,261.1200,0.000330
FILLER_92_533,VGND,li1,252.0800,261.1200,0.000329
FILLER_92_531,VGND,li1,250.0100,261.1200,0.000328
FILLER_92_519,VGND,li1,244.4900,261.1200,0.000325
FILLER_92_507,VGND,li1,241.5000,261.1200,0.000322
FILLER_92_489,VGND,li1,230.6900,261.1200,0.000309
FILLER_92_483,VGND,li1,229.0800,261.1200,0.000309
FILLER_92_475,VGND,li1,224.2500,261.1200,0.000302
FILLER_92_454,VGND,li1,216.2000,261.1200,0.000288
FILLER_92_442,VGND,li1,211.6000,261.1200,0.000276
FILLER_92_426,VGND,li1,202.1700,261.1200,0.000258
FILLER_92_418,VGND,li1,198.2600,261.1200,0.000245
FILLER_92_393,VGND,li1,187.6800,261.1200,0.000221
FILLER_92_381,VGND,li1,183.5400,261.1200,0.000208
FILLER_92_361,VGND,li1,172.2700,261.1200,0.000279
FILLER_92_353,VGND,li1,168.1300,261.1200,0.000339
FILLER_92_345,VGND,li1,166.0600,261.1200,0.000392
FILLER_92_333,VGND,li1,161.4600,261.1200,0.000437
FILLER_92_313,VGND,li1,149.7300,261.1200,0.000618
FILLER_92_309,VGND,li1,148.5800,261.1200,0.000618
FILLER_92_302,VGND,li1,145.8200,261.1200,0.000652
FILLER_92_253,VGND,li1,123.7400,261.1200,0.000777
FILLER_92_249,VGND,li1,120.7500,261.1200,0.000770
FILLER_92_240,VGND,li1,116.1500,261.1200,0.000757
FILLER_92_221,VGND,li1,109.0200,261.1200,0.000723
FILLER_92_209,VGND,li1,104.4200,261.1200,0.000700
FILLER_92_197,VGND,li1,98.9000,261.1200,0.000656
FILLER_92_190,VGND,li1,94.3000,261.1200,0.000633
FILLER_92_167,VGND,li1,84.1800,261.1200,0.000555
FILLER_92_153,VGND,li1,76.3600,261.1200,0.000507
FILLER_92_141,VGND,li1,73.1400,261.1200,0.000483
FILLER_92_138,VGND,li1,69.4600,261.1200,0.000456
FILLER_92_123,VGND,li1,62.5600,261.1200,0.000404
FILLER_92_115,VGND,li1,60.2600,261.1200,0.000386
FILLER_92_106,VGND,li1,54.5100,261.1200,0.000329
FILLER_92_92,VGND,li1,48.0700,261.1200,0.000290
FILLER_92_82,VGND,li1,43.7000,261.1200,0.000253
FILLER_92_66,VGND,li1,37.7200,261.1200,0.000203
FILLER_92_59,VGND,li1,32.8900,261.1200,0.000149
FILLER_92_55,VGND,li1,31.7400,261.1200,0.000149
FILLER_92_37,VGND,li1,23.2300,261.1200,0.000096
FILLER_92_26,VGND,li1,17.9400,261.1200,0.000098
FILLER_92_18,VGND,li1,15.6400,261.1200,0.000099
FILLER_92_6,VGND,li1,11.0400,261.1200,0.000100
FILLER_91_797,VGND,li1,373.9800,261.1200,0.000409
FILLER_91_785,VGND,li1,367.0800,261.1200,0.000396
FILLER_91_763,VGND,li1,356.9600,261.1200,0.000354
FILLER_91_755,VGND,li1,353.2800,261.1200,0.000330
FILLER_91_749,VGND,li1,350.5200,261.1200,0.000312
FILLER_91_741,VGND,li1,346.6100,261.1200,0.000267
FILLER_91_735,VGND,li1,345.0000,261.1200,0.000267
FILLER_91_708,VGND,li1,331.6600,261.1200,0.000134
FILLER_91_698,VGND,li1,327.0600,261.1200,0.000153
FILLER_91_689,VGND,li1,322.9200,261.1200,0.000168
FILLER_91_681,VGND,li1,320.6200,261.1200,0.000177
FILLER_91_673,VGND,li1,315.7900,261.1200,0.000193
FILLER_91_671,VGND,li1,314.4100,261.1200,0.000193
FILLER_91_667,VGND,li1,313.2600,261.1200,0.000202
FILLER_91_663,VGND,li1,310.7300,261.1200,0.000211
FILLER_91_657,VGND,li1,309.1200,261.1200,0.000211
FILLER_91_645,VGND,li1,304.9800,261.1200,0.000223
FILLER_91_633,VGND,li1,299.4600,261.1200,0.000244
FILLER_91_621,VGND,li1,293.9400,261.1200,0.000255
FILLER_91_612,VGND,li1,287.9600,261.1200,0.000270
FILLER_91_600,VGND,li1,284.2800,261.1200,0.000280
FILLER_91_588,VGND,li1,278.7600,261.1200,0.000298
FILLER_91_580,VGND,li1,272.7800,261.1200,0.000310
FILLER_91_554,VGND,li1,261.7400,261.1200,0.000329
FILLER_91_503,VGND,li1,237.1300,261.1200,0.000318
FILLER_91_495,VGND,li1,235.0600,261.1200,0.000316
FILLER_91_465,VGND,li1,219.8800,261.1200,0.000294
FILLER_91_449,VGND,li1,212.2900,261.1200,0.000276
FILLER_91_444,VGND,li1,210.6800,261.1200,0.000276
FILLER_91_437,VGND,li1,207.4600,261.1200,0.000270
FILLER_91_421,VGND,li1,200.1000,261.1200,0.000249
FILLER_91_415,VGND,li1,197.1100,261.1200,0.000245
FILLER_91_389,VGND,li1,185.1500,261.1200,0.000214
FILLER_91_379,VGND,li1,180.5500,261.1200,0.000197
FILLER_91_357,VGND,li1,170.4300,261.1200,0.000308
FILLER_91_349,VGND,li1,167.9000,261.1200,0.000339
FILLER_91_345,VGND,li1,164.4500,261.1200,0.000392
FILLER_91_337,VGND,li1,162.3800,261.1200,0.000437
FILLER_91_334,VGND,li1,159.6200,261.1200,0.000465
FILLER_91_323,VGND,li1,154.5600,261.1200,0.000539
FILLER_91_315,VGND,li1,150.6500,261.1200,0.000592
FILLER_91_307,VGND,li1,148.5800,261.1200,0.000618
FILLER_91_295,VGND,li1,143.9800,261.1200,0.000675
FILLER_91_281,VGND,li1,135.7000,261.1200,0.000763
FILLER_91_276,VGND,li1,133.4000,261.1200,0.000774
FILLER_91_247,VGND,li1,121.9000,261.1200,0.000770
FILLER_91_238,VGND,li1,115.6900,261.1200,0.000757
FILLER_91_225,VGND,li1,109.7100,261.1200,0.000723
FILLER_91_222,VGND,li1,108.1000,261.1200,0.000723
FILLER_91_204,VGND,li1,99.8200,261.1200,0.000670
FILLER_91_195,VGND,li1,95.6800,261.1200,0.000633
FILLER_91_189,VGND,li1,92.9200,261.1200,0.000614
FILLER_91_177,VGND,li1,89.7000,261.1200,0.000591
FILLER_91_167,VGND,li1,82.5700,261.1200,0.000540
FILLER_91_153,VGND,li1,77.7400,261.1200,0.000507
FILLER_91_123,VGND,li1,63.9400,261.1200,0.000404
FILLER_91_113,VGND,li1,58.1900,261.1200,0.000363
FILLER_91_89,VGND,li1,49.2200,261.1200,0.000290
FILLER_91_69,VGND,li1,37.9500,261.1200,0.000203
FILLER_91_57,VGND,li1,34.5000,261.1200,0.000175
FILLER_91_53,VGND,li1,30.5900,261.1200,0.000130
FILLER_91_46,VGND,li1,26.9100,261.1200,0.000110
FILLER_91_35,VGND,li1,22.0800,261.1200,0.000096
FILLER_91_28,VGND,li1,18.6300,261.1200,0.000098
FILLER_91_19,VGND,li1,14.7200,261.1200,0.000100
FILLER_91_7,VGND,li1,9.2000,261.1200,0.000101
FILLER_90_802,VGND,li1,375.8200,255.6800,0.000192
FILLER_90_790,VGND,li1,371.6800,255.6800,0.000190
FILLER_90_760,VGND,li1,356.9600,255.6800,0.000167
FILLER_90_755,VGND,li1,353.0500,255.6800,0.000157
FILLER_90_747,VGND,li1,349.3700,255.6800,0.000142
FILLER_90_739,VGND,li1,347.3000,255.6800,0.000135
FILLER_90_708,VGND,li1,331.6600,255.6800,0.000088
FILLER_90_692,VGND,li1,325.6800,255.6800,0.000119
FILLER_90_669,VGND,li1,314.6400,255.6800,0.000182
FILLER_90_657,VGND,li1,310.5000,255.6800,0.000193
FILLER_90_645,VGND,li1,304.9800,255.6800,0.000217
FILLER_90_643,VGND,li1,301.5300,255.6800,0.000230
FILLER_90_639,VGND,li1,300.3800,255.6800,0.000237
FILLER_90_627,VGND,li1,296.7000,255.6800,0.000246
FILLER_90_623,VGND,li1,292.3300,255.6800,0.000264
FILLER_90_615,VGND,li1,290.2600,255.6800,0.000268
FILLER_90_582,VGND,li1,274.6200,255.6800,0.000287
FILLER_90_557,VGND,li1,263.5800,255.6800,0.000278
FILLER_90_545,VGND,li1,258.9800,255.6800,0.000273
FILLER_90_533,VGND,li1,253.4600,255.6800,0.000265
FILLER_90_531,VGND,li1,250.0100,255.6800,0.000258
FILLER_90_523,VGND,li1,247.9400,255.6800,0.000254
FILLER_90_515,VGND,li1,242.6500,255.6800,0.000246
FILLER_90_511,VGND,li1,241.5000,255.6800,0.000246
FILLER_90_495,VGND,li1,233.9100,255.6800,0.000232
FILLER_90_483,VGND,li1,230.4600,255.6800,0.000225
FILLER_90_472,VGND,li1,223.5600,255.6800,0.000212
FILLER_90_460,VGND,li1,219.8800,255.6800,0.000205
FILLER_90_446,VGND,li1,210.9100,255.6800,0.000184
FILLER_90_440,VGND,li1,209.3000,255.6800,0.000184
FILLER_90_428,VGND,li1,205.1600,255.6800,0.000175
FILLER_90_414,VGND,li1,196.1900,255.6800,0.000156
FILLER_90_406,VGND,li1,194.1200,255.6800,0.000151
FILLER_90_396,VGND,li1,188.6000,255.6800,0.000137
FILLER_90_381,VGND,li1,181.2400,255.6800,0.000119
FILLER_90_369,VGND,li1,178.0200,255.6800,0.000109
FILLER_90_360,VGND,li1,172.0400,255.6800,0.000167
FILLER_90_334,VGND,li1,159.6200,255.6800,0.000241
FILLER_90_309,VGND,li1,149.5000,255.6800,0.000287
FILLER_90_300,VGND,li1,143.9800,255.6800,0.000316
FILLER_90_280,VGND,li1,134.7800,255.6800,0.000335
FILLER_90_268,VGND,li1,131.5600,255.6800,0.000337
FILLER_90_253,VGND,li1,123.2800,255.6800,0.000343
FILLER_90_248,VGND,li1,120.5200,255.6800,0.000341
FILLER_90_236,VGND,li1,114.5400,255.6800,0.000334
FILLER_90_230,VGND,li1,111.7800,255.6800,0.000331
FILLER_90_226,VGND,li1,109.7100,255.6800,0.000328
FILLER_90_220,VGND,li1,108.1000,255.6800,0.000325
FILLER_90_211,VGND,li1,103.0400,255.6800,0.000318
FILLER_90_203,VGND,li1,99.1300,255.6800,0.000311
FILLER_90_195,VGND,li1,95.4500,255.6800,0.000302
FILLER_90_180,VGND,li1,89.0100,255.6800,0.000293
FILLER_90_172,VGND,li1,84.8700,255.6800,0.000285
FILLER_90_147,VGND,li1,74.9800,255.6800,0.000260
FILLER_90_139,VGND,li1,69.6900,255.6800,0.000251
FILLER_90_127,VGND,li1,66.7000,255.6800,0.000243
FILLER_90_115,VGND,li1,61.1800,255.6800,0.000228
FILLER_90_97,VGND,li1,51.9800,255.6800,0.000206
FILLER_90_85,VGND,li1,47.3800,255.6800,0.000193
FILLER_90_83,VGND,li1,43.9300,255.6800,0.000173
FILLER_90_79,VGND,li1,42.7800,255.6800,0.000173
FILLER_90_67,VGND,li1,39.1000,255.6800,0.000144
FILLER_90_60,VGND,li1,33.3500,255.6800,0.000121
FILLER_90_56,VGND,li1,32.2000,255.6800,0.000111
FILLER_90_44,VGND,li1,28.5200,255.6800,0.000086
FILLER_90_24,VGND,li1,17.4800,255.6800,0.000068
FILLER_90_18,VGND,li1,14.2600,255.6800,0.000069
FILLER_90_7,VGND,li1,9.6600,255.6800,0.000071
FILLER_89_785,VGND,li1,368.0000,255.6800,0.000186
FILLER_89_783,VGND,li1,365.9300,255.6800,0.000183
FILLER_89_771,VGND,li1,362.9400,255.6800,0.000178
FILLER_89_759,VGND,li1,357.4200,255.6800,0.000167
FILLER_89_747,VGND,li1,351.9000,255.6800,0.000152
FILLER_89_727,VGND,li1,340.1700,255.6800,0.000117
FILLER_89_721,VGND,li1,338.5600,255.6800,0.000111
FILLER_89_709,VGND,li1,334.4200,255.6800,0.000095
FILLER_89_697,VGND,li1,328.9000,255.6800,0.000108
FILLER_89_685,VGND,li1,323.3800,255.6800,0.000133
FILLER_89_673,VGND,li1,317.8600,255.6800,0.000159
FILLER_89_670,VGND,li1,314.1800,255.6800,0.000182
FILLER_89_664,VGND,li1,311.6500,255.6800,0.000193
FILLER_89_642,VGND,li1,301.0700,255.6800,0.000237
FILLER_89_615,VGND,li1,288.6500,255.6800,0.000273
FILLER_89_595,VGND,li1,279.4500,255.6800,0.000285
FILLER_89_587,VGND,li1,277.3800,255.6800,0.000286
FILLER_89_561,VGND,li1,265.4200,255.6800,0.000283
FILLER_89_557,VGND,li1,262.4300,255.6800,0.000278
FILLER_89_545,VGND,li1,258.9800,255.6800,0.000273
FILLER_89_527,VGND,li1,248.8600,255.6800,0.000258
FILLER_89_517,VGND,li1,244.0300,255.6800,0.000250
FILLER_89_505,VGND,li1,240.5800,255.6800,0.000241
FILLER_89_503,VGND,li1,237.1300,255.6800,0.000236
FILLER_89_497,VGND,li1,235.5200,255.6800,0.000232
FILLER_89_485,VGND,li1,231.3800,255.6800,0.000225
FILLER_89_473,VGND,li1,225.8600,255.6800,0.000216
FILLER_89_461,VGND,li1,220.3400,255.6800,0.000205
FILLER_89_449,VGND,li1,214.8200,255.6800,0.000195
FILLER_89_440,VGND,li1,209.7600,255.6800,0.000184
FILLER_89_432,VGND,li1,204.9300,255.6800,0.000175
FILLER_89_424,VGND,li1,202.4000,255.6800,0.000166
FILLER_89_412,VGND,li1,197.8000,255.6800,0.000156
FILLER_89_400,VGND,li1,190.2100,255.6800,0.000142
FILLER_89_377,VGND,li1,179.6300,255.6800,0.000109
FILLER_89_337,VGND,li1,161.4600,255.6800,0.000225
FILLER_89_330,VGND,li1,158.7000,255.6800,0.000241
FILLER_89_318,VGND,li1,152.0300,255.6800,0.000276
FILLER_89_302,VGND,li1,144.9000,255.6800,0.000306
FILLER_89_293,VGND,li1,140.5300,255.6800,0.000321
FILLER_89_281,VGND,li1,137.5400,255.6800,0.000329
FILLER_89_276,VGND,li1,133.4000,255.6800,0.000335
FILLER_89_264,VGND,li1,127.1900,255.6800,0.000346
FILLER_89_258,VGND,li1,125.5800,255.6800,0.000346
FILLER_89_242,VGND,li1,117.5300,255.6800,0.000336
FILLER_89_225,VGND,li1,109.2500,255.6800,0.000325
FILLER_89_221,VGND,li1,107.8700,255.6800,0.000325
FILLER_89_213,VGND,li1,105.3400,255.6800,0.000321
FILLER_89_203,VGND,li1,99.3600,255.6800,0.000311
FILLER_89_191,VGND,li1,96.1400,255.6800,0.000306
FILLER_89_179,VGND,li1,90.6200,255.6800,0.000293
FILLER_89_160,VGND,li1,79.3500,255.6800,0.000270
FILLER_89_154,VGND,li1,77.7400,255.6800,0.000270
FILLER_89_142,VGND,li1,73.6000,255.6800,0.000260
FILLER_89_134,VGND,li1,67.8500,255.6800,0.000243
FILLER_89_125,VGND,li1,64.4000,255.6800,0.000238
FILLER_89_113,VGND,li1,60.2600,255.6800,0.000228
FILLER_89_111,VGND,li1,56.8100,255.6800,0.000219
FILLER_89_99,VGND,li1,53.8200,255.6800,0.000211
FILLER_89_79,VGND,li1,42.0900,255.6800,0.000160
FILLER_89_73,VGND,li1,40.4800,255.6800,0.000160
FILLER_89_57,VGND,li1,31.9700,255.6800,0.000111
FILLER_89_45,VGND,li1,27.1400,255.6800,0.000086
FILLER_89_34,VGND,li1,21.8500,255.6800,0.000066
FILLER_89_26,VGND,li1,19.3200,255.6800,0.000067
FILLER_89_14,VGND,li1,14.7200,255.6800,0.000069
FILLER_89_6,VGND,li1,8.5100,255.6800,0.000071
FILLER_88_800,VGND,li1,374.4400,250.2400,0.000409
FILLER_88_784,VGND,li1,367.0800,250.2400,0.000392
FILLER_88_780,VGND,li1,364.5500,250.2400,0.000386
FILLER_88_776,VGND,li1,363.4000,250.2400,0.000386
FILLER_88_765,VGND,li1,358.3400,250.2400,0.000363
FILLER_88_755,VGND,li1,353.0500,250.2400,0.000339
FILLER_88_742,VGND,li1,347.7600,250.2400,0.000304
FILLER_88_729,VGND,li1,342.7000,250.2400,0.000264
FILLER_88_717,VGND,li1,338.1000,250.2400,0.000220
FILLER_88_690,VGND,li1,323.8400,250.2400,0.000251
FILLER_88_656,VGND,li1,307.5100,250.2400,0.000348
FILLER_88_643,VGND,li1,301.5300,250.2400,0.000357
FILLER_88_639,VGND,li1,300.3800,250.2400,0.000357
FILLER_88_633,VGND,li1,296.9300,250.2400,0.000361
FILLER_88_629,VGND,li1,295.7800,250.2400,0.000361
FILLER_88_622,VGND,li1,292.3300,250.2400,0.000364
FILLER_88_617,VGND,li1,289.5700,250.2400,0.000363
FILLER_88_613,VGND,li1,288.4200,250.2400,0.000362
FILLER_88_601,VGND,li1,284.7400,250.2400,0.000360
FILLER_88_589,VGND,li1,279.2200,250.2400,0.000357
FILLER_88_587,VGND,li1,275.7700,250.2400,0.000355
FILLER_88_575,VGND,li1,272.7800,250.2400,0.000352
FILLER_88_563,VGND,li1,267.2600,250.2400,0.000348
FILLER_88_551,VGND,li1,261.7400,250.2400,0.000335
FILLER_88_539,VGND,li1,256.2200,250.2400,0.000323
FILLER_88_529,VGND,li1,249.5500,250.2400,0.000310
FILLER_88_512,VGND,li1,241.7300,250.2400,0.000289
FILLER_88_500,VGND,li1,236.2100,250.2400,0.000275
FILLER_88_493,VGND,li1,233.2200,250.2400,0.000267
FILLER_88_481,VGND,li1,229.5400,250.2400,0.000258
FILLER_88_473,VGND,li1,223.7900,250.2400,0.000244
FILLER_88_467,VGND,li1,221.0300,250.2400,0.000236
FILLER_88_459,VGND,li1,218.5000,250.2400,0.000224
FILLER_88_452,VGND,li1,213.9000,250.2400,0.000210
FILLER_88_440,VGND,li1,208.1500,250.2400,0.000196
FILLER_88_421,VGND,li1,201.9400,250.2400,0.000175
FILLER_88_419,VGND,li1,198.4900,250.2400,0.000164
FILLER_88_415,VGND,li1,197.3400,250.2400,0.000154
FILLER_88_404,VGND,li1,193.2000,250.2400,0.000144
FILLER_88_389,VGND,li1,187.2200,250.2400,0.000115
FILLER_88_383,VGND,li1,181.9300,250.2400,0.000091
FILLER_88_379,VGND,li1,180.7800,250.2400,0.000091
FILLER_88_358,VGND,li1,171.5800,250.2400,0.000099
FILLER_88_346,VGND,li1,164.9100,250.2400,0.000116
FILLER_88_323,VGND,li1,154.7900,250.2400,0.000129
FILLER_88_309,VGND,li1,149.5000,250.2400,0.000134
FILLER_88_305,VGND,li1,146.5100,250.2400,0.000137
FILLER_88_297,VGND,li1,142.3700,250.2400,0.000142
FILLER_88_291,VGND,li1,140.7600,250.2400,0.000142
FILLER_88_280,VGND,li1,135.2400,250.2400,0.000146
FILLER_88_268,VGND,li1,129.0300,250.2400,0.000147
FILLER_88_260,VGND,li1,126.9600,250.2400,0.000148
FILLER_88_244,VGND,li1,117.9900,250.2400,0.000148
FILLER_88_236,VGND,li1,115.9200,250.2400,0.000148
FILLER_88_209,VGND,li1,103.0400,250.2400,0.000147
FILLER_88_197,VGND,li1,98.9000,250.2400,0.000146
FILLER_88_195,VGND,li1,95.4500,250.2400,0.000145
FILLER_88_191,VGND,li1,94.3000,250.2400,0.000144
FILLER_88_177,VGND,li1,87.8600,250.2400,0.000141
FILLER_88_151,VGND,li1,77.7400,250.2400,0.000135
FILLER_88_122,VGND,li1,62.3300,250.2400,0.000124
FILLER_88_85,VGND,li1,46.0000,250.2400,0.000106
FILLER_88_78,VGND,li1,42.7800,250.2400,0.000097
FILLER_88_66,VGND,li1,38.6400,250.2400,0.000082
FILLER_88_59,VGND,li1,32.8900,250.2400,0.000064
FILLER_88_47,VGND,li1,29.9000,250.2400,0.000056
FILLER_88_29,VGND,li1,19.3200,250.2400,0.000046
FILLER_88_3,VGND,li1,7.3600,250.2400,0.000051
FILLER_87_782,VGND,li1,365.7000,250.2400,0.000392
FILLER_87_726,VGND,li1,339.9400,250.2400,0.000242
FILLER_87_710,VGND,li1,333.5000,250.2400,0.000178
FILLER_87_693,VGND,li1,325.2200,250.2400,0.000251
FILLER_87_681,VGND,li1,321.5400,250.2400,0.000269
FILLER_87_670,VGND,li1,314.1800,250.2400,0.000326
FILLER_87_642,VGND,li1,302.6800,250.2400,0.000354
FILLER_87_630,VGND,li1,298.0800,250.2400,0.000359
FILLER_87_626,VGND,li1,293.7100,250.2400,0.000363
FILLER_87_621,VGND,li1,291.4100,250.2400,0.000364
FILLER_87_617,VGND,li1,290.2600,250.2400,0.000363
FILLER_87_610,VGND,li1,287.5000,250.2400,0.000362
FILLER_87_592,VGND,li1,278.7600,250.2400,0.000357
FILLER_87_583,VGND,li1,273.9300,250.2400,0.000353
FILLER_87_575,VGND,li1,271.8600,250.2400,0.000352
FILLER_87_561,VGND,li1,264.9600,250.2400,0.000344
FILLER_87_557,VGND,li1,262.4300,250.2400,0.000339
FILLER_87_539,VGND,li1,254.8400,250.2400,0.000323
FILLER_87_515,VGND,li1,243.1100,250.2400,0.000296
FILLER_87_495,VGND,li1,233.4500,250.2400,0.000267
FILLER_87_489,VGND,li1,231.8400,250.2400,0.000267
FILLER_87_463,VGND,li1,218.7300,250.2400,0.000224
FILLER_87_449,VGND,li1,212.2900,250.2400,0.000210
FILLER_87_441,VGND,li1,209.0700,250.2400,0.000196
FILLER_87_434,VGND,li1,205.6200,250.2400,0.000188
FILLER_87_426,VGND,li1,203.3200,250.2400,0.000175
FILLER_87_404,VGND,li1,191.5900,250.2400,0.000132
FILLER_87_398,VGND,li1,189.9800,250.2400,0.000132
FILLER_87_393,VGND,li1,186.5300,250.2400,0.000115
FILLER_87_384,VGND,li1,184.0000,250.2400,0.000102
FILLER_87_370,VGND,li1,175.9500,250.2400,0.000093
FILLER_87_364,VGND,li1,174.3400,250.2400,0.000093
FILLER_87_358,VGND,li1,170.8900,250.2400,0.000104
FILLER_87_346,VGND,li1,167.4400,250.2400,0.000109
FILLER_87_337,VGND,li1,161.4600,250.2400,0.000119
FILLER_87_334,VGND,li1,159.6200,250.2400,0.000123
FILLER_87_326,VGND,li1,155.7100,250.2400,0.000129
FILLER_87_315,VGND,li1,151.8000,250.2400,0.000132
FILLER_87_303,VGND,li1,147.6600,250.2400,0.000137
FILLER_87_290,VGND,li1,139.3800,250.2400,0.000145
FILLER_87_274,VGND,li1,132.9400,250.2400,0.000146
FILLER_87_262,VGND,li1,128.8000,250.2400,0.000147
FILLER_87_250,VGND,li1,120.9800,250.2400,0.000148
FILLER_87_242,VGND,li1,118.6800,250.2400,0.000148
FILLER_87_230,VGND,li1,114.0800,250.2400,0.000148
FILLER_87_221,VGND,li1,107.8700,250.2400,0.000148
FILLER_87_209,VGND,li1,104.4200,250.2400,0.000147
FILLER_87_199,VGND,li1,98.4400,250.2400,0.000146
FILLER_87_192,VGND,li1,94.0700,250.2400,0.000144
FILLER_87_188,VGND,li1,92.9200,250.2400,0.000144
FILLER_87_176,VGND,li1,89.2400,250.2400,0.000141
FILLER_87_169,VGND,li1,83.4900,250.2400,0.000138
FILLER_87_165,VGND,li1,82.1100,250.2400,0.000138
FILLER_87_157,VGND,li1,79.5800,250.2400,0.000136
FILLER_87_145,VGND,li1,74.9800,250.2400,0.000134
FILLER_87_138,VGND,li1,69.2300,250.2400,0.000129
FILLER_87_132,VGND,li1,67.6200,250.2400,0.000129
FILLER_87_120,VGND,li1,63.4800,250.2400,0.000126
FILLER_87_108,VGND,li1,55.4300,250.2400,0.000119
FILLER_87_96,VGND,li1,52.4400,250.2400,0.000116
FILLER_87_76,VGND,li1,43.2400,250.2400,0.000097
FILLER_87_69,VGND,li1,37.7200,250.2400,0.000082
FILLER_87_57,VGND,li1,34.5000,250.2400,0.000073
FILLER_87_52,VGND,li1,30.3600,250.2400,0.000056
FILLER_87_31,VGND,li1,20.0100,250.2400,0.000046
FILLER_87_27,VGND,li1,18.8600,250.2400,0.000046
FILLER_87_15,VGND,li1,15.1800,250.2400,0.000049
FILLER_87_6,VGND,li1,8.7400,250.2400,0.000051
FILLER_86_784,VGND,li1,366.6200,244.8000,0.000473
FILLER_86_771,VGND,li1,360.4100,244.8000,0.000447
FILLER_86_754,VGND,li1,352.8200,244.8000,0.000417
FILLER_86_713,VGND,li1,333.7300,244.8000,0.000279
FILLER_86_701,VGND,li1,328.4400,244.8000,0.000317
FILLER_86_697,VGND,li1,326.8300,244.8000,0.000317
FILLER_86_675,VGND,li1,317.8600,244.8000,0.000433
FILLER_86_663,VGND,li1,313.2600,244.8000,0.000488
FILLER_86_645,VGND,li1,303.1400,244.8000,0.000608
FILLER_86_641,VGND,li1,301.0700,244.8000,0.000622
FILLER_86_617,VGND,li1,289.5700,244.8000,0.000652
FILLER_86_613,VGND,li1,288.4200,244.8000,0.000652
FILLER_86_585,VGND,li1,275.3100,244.8000,0.000636
FILLER_86_577,VGND,li1,271.1700,244.8000,0.000630
FILLER_86_568,VGND,li1,267.0300,244.8000,0.000622
FILLER_86_555,VGND,li1,262.2000,244.8000,0.000609
FILLER_86_545,VGND,li1,257.6000,244.8000,0.000594
FILLER_86_533,VGND,li1,253.4600,244.8000,0.000584
FILLER_86_522,VGND,li1,245.8700,244.8000,0.000562
FILLER_86_510,VGND,li1,242.8800,244.8000,0.000553
FILLER_86_502,VGND,li1,236.9000,244.8000,0.000535
FILLER_86_483,VGND,li1,230.4600,244.8000,0.000511
FILLER_86_474,VGND,li1,224.0200,244.8000,0.000490
FILLER_86_463,VGND,li1,220.3400,244.8000,0.000481
FILLER_86_421,VGND,li1,199.4100,244.8000,0.000388
FILLER_86_417,VGND,li1,198.0300,244.8000,0.000369
FILLER_86_407,VGND,li1,192.9700,244.8000,0.000316
FILLER_86_403,VGND,li1,191.8200,244.8000,0.000316
FILLER_86_388,VGND,li1,185.8400,244.8000,0.000233
FILLER_86_376,VGND,li1,181.2400,244.8000,0.000187
FILLER_86_365,VGND,li1,174.3400,244.8000,0.000174
FILLER_86_363,VGND,li1,172.7300,244.8000,0.000174
FILLER_86_355,VGND,li1,170.6600,244.8000,0.000180
FILLER_86_344,VGND,li1,163.9900,244.8000,0.000198
FILLER_86_332,VGND,li1,161.0000,244.8000,0.000207
FILLER_86_317,VGND,li1,151.8000,244.8000,0.000228
FILLER_86_309,VGND,li1,149.5000,244.8000,0.000234
FILLER_86_296,VGND,li1,144.4400,244.8000,0.000246
FILLER_86_284,VGND,li1,138.9200,244.8000,0.000262
FILLER_86_265,VGND,li1,128.3400,244.8000,0.000282
FILLER_86_253,VGND,li1,124.6600,244.8000,0.000289
FILLER_86_244,VGND,li1,119.6000,244.8000,0.000296
FILLER_86_232,VGND,li1,115.0000,244.8000,0.000297
FILLER_86_220,VGND,li1,109.4800,244.8000,0.000294
FILLER_86_204,VGND,li1,99.5900,244.8000,0.000285
FILLER_86_184,VGND,li1,90.6200,244.8000,0.000270
FILLER_86_172,VGND,li1,87.4000,244.8000,0.000266
FILLER_86_168,VGND,li1,83.0300,244.8000,0.000258
FILLER_86_162,VGND,li1,81.4200,244.8000,0.000254
FILLER_86_149,VGND,li1,74.2900,244.8000,0.000236
FILLER_86_141,VGND,li1,70.6100,244.8000,0.000222
FILLER_86_139,VGND,li1,69.6900,244.8000,0.000222
FILLER_86_133,VGND,li1,68.0800,244.8000,0.000215
FILLER_86_121,VGND,li1,63.9400,244.8000,0.000200
FILLER_86_117,VGND,li1,59.5700,244.8000,0.000191
FILLER_86_109,VGND,li1,57.5000,244.8000,0.000183
FILLER_86_97,VGND,li1,52.9000,244.8000,0.000168
FILLER_86_85,VGND,li1,47.3800,244.8000,0.000145
FILLER_86_67,VGND,li1,36.8000,244.8000,0.000106
FILLER_86_55,VGND,li1,33.5800,244.8000,0.000095
FILLER_86_29,VGND,li1,20.7000,244.8000,0.000054
FILLER_86_27,VGND,li1,18.1700,244.8000,0.000055
FILLER_86_19,VGND,li1,16.1000,244.8000,0.000056
FILLER_86_7,VGND,li1,11.5000,244.8000,0.000059
FILLER_85_799,VGND,li1,373.2900,244.8000,0.000492
FILLER_85_795,VGND,li1,372.1400,244.8000,0.000485
FILLER_85_788,VGND,li1,368.9200,244.8000,0.000478
FILLER_85_782,VGND,li1,365.7000,244.8000,0.000467
FILLER_85_775,VGND,li1,362.9400,244.8000,0.000455
FILLER_85_763,VGND,li1,359.2600,244.8000,0.000447
FILLER_85_751,VGND,li1,352.3600,244.8000,0.000407
FILLER_85_733,VGND,li1,342.9300,244.8000,0.000358
FILLER_85_726,VGND,li1,339.9400,244.8000,0.000325
FILLER_85_697,VGND,li1,326.3700,244.8000,0.000344
FILLER_85_691,VGND,li1,324.7600,244.8000,0.000344
FILLER_85_685,VGND,li1,321.0800,244.8000,0.000394
FILLER_85_673,VGND,li1,317.8600,244.8000,0.000433
FILLER_85_671,VGND,li1,314.4100,244.8000,0.000488
FILLER_85_659,VGND,li1,311.4200,244.8000,0.000510
FILLER_85_640,VGND,li1,300.1500,244.8000,0.000622
FILLER_85_614,VGND,li1,288.4200,244.8000,0.000652
FILLER_85_593,VGND,li1,278.9900,244.8000,0.000640
FILLER_85_585,VGND,li1,276.4600,244.8000,0.000636
FILLER_85_576,VGND,li1,271.4000,244.8000,0.000630
FILLER_85_569,VGND,li1,267.4900,244.8000,0.000622
FILLER_85_561,VGND,li1,265.4200,244.8000,0.000617
FILLER_85_559,VGND,li1,262.8900,244.8000,0.000609
FILLER_85_553,VGND,li1,261.2800,244.8000,0.000602
FILLER_85_541,VGND,li1,257.1400,244.8000,0.000594
FILLER_85_529,VGND,li1,251.6200,244.8000,0.000578
FILLER_85_517,VGND,li1,246.1000,244.8000,0.000562
FILLER_85_505,VGND,li1,240.5800,244.8000,0.000546
FILLER_85_502,VGND,li1,236.9000,244.8000,0.000535
FILLER_85_494,VGND,li1,234.6000,244.8000,0.000529
FILLER_85_489,VGND,li1,230.6900,244.8000,0.000517
FILLER_85_481,VGND,li1,227.0100,244.8000,0.000505
FILLER_85_473,VGND,li1,224.9400,244.8000,0.000496
FILLER_85_461,VGND,li1,220.3400,244.8000,0.000481
FILLER_85_449,VGND,li1,214.8200,244.8000,0.000456
FILLER_85_445,VGND,li1,210.9100,244.8000,0.000445
FILLER_85_425,VGND,li1,201.7100,244.8000,0.000407
FILLER_85_400,VGND,li1,192.2800,244.8000,0.000316
FILLER_85_388,VGND,li1,184.9200,244.8000,0.000233
FILLER_85_376,VGND,li1,181.2400,244.8000,0.000187
FILLER_85_365,VGND,li1,174.3400,244.8000,0.000174
FILLER_85_337,VGND,li1,161.9200,244.8000,0.000207
FILLER_85_328,VGND,li1,158.2400,244.8000,0.000216
FILLER_85_316,VGND,li1,153.6400,244.8000,0.000224
FILLER_85_304,VGND,li1,148.1200,244.8000,0.000239
FILLER_85_293,VGND,li1,140.7600,244.8000,0.000254
FILLER_85_281,VGND,li1,137.5400,244.8000,0.000262
FILLER_85_277,VGND,li1,133.6300,244.8000,0.000272
FILLER_85_269,VGND,li1,129.4900,244.8000,0.000282
FILLER_85_265,VGND,li1,128.3400,244.8000,0.000282
FILLER_85_246,VGND,li1,120.0600,244.8000,0.000296
FILLER_85_225,VGND,li1,109.4800,244.8000,0.000294
FILLER_85_222,VGND,li1,108.1000,244.8000,0.000294
FILLER_85_211,VGND,li1,103.0400,244.8000,0.000288
FILLER_85_198,VGND,li1,97.9800,244.8000,0.000283
FILLER_85_184,VGND,li1,90.6200,244.8000,0.000270
FILLER_85_169,VGND,li1,84.1800,244.8000,0.000258
FILLER_85_160,VGND,li1,79.3500,244.8000,0.000248
FILLER_85_148,VGND,li1,76.3600,244.8000,0.000241
FILLER_85_143,VGND,li1,71.5300,244.8000,0.000228
FILLER_85_138,VGND,li1,69.2300,244.8000,0.000222
FILLER_85_130,VGND,li1,67.1600,244.8000,0.000215
FILLER_85_119,VGND,li1,60.4900,244.8000,0.000191
FILLER_85_113,VGND,li1,58.8800,244.8000,0.000183
FILLER_85_100,VGND,li1,54.2800,244.8000,0.000168
FILLER_85_90,VGND,li1,47.6100,244.8000,0.000145
FILLER_85_64,VGND,li1,35.8800,244.8000,0.000106
FILLER_85_48,VGND,li1,27.8300,244.8000,0.000071
FILLER_85_40,VGND,li1,25.7600,244.8000,0.000061
FILLER_85_28,VGND,li1,21.1600,244.8000,0.000054
FILLER_85_16,VGND,li1,15.6400,244.8000,0.000056
FILLER_85_6,VGND,li1,8.9700,244.8000,0.000059
FILLER_84_800,VGND,li1,375.3600,239.3600,0.000273
FILLER_84_788,VGND,li1,370.7600,239.3600,0.000270
FILLER_84_776,VGND,li1,365.2400,239.3600,0.000265
FILLER_84_768,VGND,li1,359.0300,239.3600,0.000259
FILLER_84_755,VGND,li1,353.0500,239.3600,0.000245
FILLER_84_699,VGND,li1,327.2900,239.3600,0.000176
FILLER_84_687,VGND,li1,324.3000,239.3600,0.000195
FILLER_84_665,VGND,li1,311.6500,239.3600,0.000280
FILLER_84_645,VGND,li1,303.6000,239.3600,0.000317
FILLER_84_642,VGND,li1,301.3000,239.3600,0.000327
FILLER_84_629,VGND,li1,295.7800,239.3600,0.000348
FILLER_84_623,VGND,li1,292.7900,239.3600,0.000356
FILLER_84_615,VGND,li1,290.2600,239.3600,0.000363
FILLER_84_601,VGND,li1,282.9000,239.3600,0.000390
FILLER_84_589,VGND,li1,279.2200,239.3600,0.000406
FILLER_84_586,VGND,li1,275.5400,239.3600,0.000412
FILLER_84_574,VGND,li1,272.3200,239.3600,0.000419
FILLER_84_562,VGND,li1,264.5000,239.3600,0.000432
FILLER_84_547,VGND,li1,257.3700,239.3600,0.000430
FILLER_84_511,VGND,li1,240.8100,239.3600,0.000398
FILLER_84_503,VGND,li1,238.7400,239.3600,0.000389
FILLER_84_475,VGND,li1,224.2500,239.3600,0.000344
FILLER_84_463,VGND,li1,221.2600,239.3600,0.000331
FILLER_84_451,VGND,li1,215.7400,239.3600,0.000312
FILLER_84_439,VGND,li1,210.2200,239.3600,0.000292
FILLER_84_433,VGND,li1,205.1600,239.3600,0.000270
FILLER_84_421,VGND,li1,201.9400,239.3600,0.000255
FILLER_84_419,VGND,li1,198.4900,239.3600,0.000237
FILLER_84_415,VGND,li1,197.3400,239.3600,0.000237
FILLER_84_403,VGND,li1,193.6600,239.3600,0.000213
FILLER_84_394,VGND,li1,187.2200,239.3600,0.000182
FILLER_84_386,VGND,li1,183.3100,239.3600,0.000156
FILLER_84_378,VGND,li1,179.6300,239.3600,0.000118
FILLER_84_372,VGND,li1,178.0200,239.3600,0.000118
FILLER_84_362,VGND,li1,172.5000,239.3600,0.000143
FILLER_84_356,VGND,li1,169.7400,239.3600,0.000161
FILLER_84_349,VGND,li1,166.5200,239.3600,0.000172
FILLER_84_290,VGND,li1,139.3800,239.3600,0.000270
FILLER_84_278,VGND,li1,136.1600,239.3600,0.000287
FILLER_84_266,VGND,li1,130.6400,239.3600,0.000305
FILLER_84_253,VGND,li1,122.5900,239.3600,0.000322
FILLER_84_251,VGND,li1,121.2100,239.3600,0.000325
FILLER_84_247,VGND,li1,120.0600,239.3600,0.000325
FILLER_84_197,VGND,li1,98.9000,239.3600,0.000324
FILLER_84_195,VGND,li1,95.4500,239.3600,0.000319
FILLER_84_187,VGND,li1,93.3800,239.3600,0.000315
FILLER_84_175,VGND,li1,88.7800,239.3600,0.000306
FILLER_84_161,VGND,li1,81.4200,239.3600,0.000289
FILLER_84_149,VGND,li1,76.8200,239.3600,0.000277
FILLER_84_141,VGND,li1,70.6100,239.3600,0.000259
FILLER_84_139,VGND,li1,69.6900,239.3600,0.000259
FILLER_84_131,VGND,li1,66.0100,239.3600,0.000248
FILLER_84_123,VGND,li1,63.9400,239.3600,0.000241
FILLER_84_114,VGND,li1,58.4200,239.3600,0.000223
FILLER_84_99,VGND,li1,51.2900,239.3600,0.000195
FILLER_84_83,VGND,li1,43.9300,239.3600,0.000171
FILLER_84_77,VGND,li1,41.1700,239.3600,0.000160
FILLER_84_65,VGND,li1,37.2600,239.3600,0.000144
FILLER_84_61,VGND,li1,33.8100,239.3600,0.000130
FILLER_84_55,VGND,li1,32.2000,239.3600,0.000116
FILLER_84_50,VGND,li1,28.9800,239.3600,0.000108
FILLER_84_42,VGND,li1,26.6800,239.3600,0.000092
FILLER_84_27,VGND,li1,18.1700,239.3600,0.000116
FILLER_84_21,VGND,li1,16.5600,239.3600,0.000120
FILLER_84_6,VGND,li1,10.1200,239.3600,0.000125
FILLER_83_785,VGND,li1,367.3100,239.3600,0.000267
FILLER_83_783,VGND,li1,365.9300,239.3600,0.000265
FILLER_83_777,VGND,li1,364.3200,239.3600,0.000265
FILLER_83_754,VGND,li1,353.7400,239.3600,0.000245
FILLER_83_738,VGND,li1,345.2300,239.3600,0.000221
FILLER_83_727,VGND,li1,340.1700,239.3600,0.000197
FILLER_83_719,VGND,li1,338.1000,239.3600,0.000182
FILLER_83_710,VGND,li1,332.3500,239.3600,0.000143
FILLER_83_706,VGND,li1,331.2000,239.3600,0.000143
FILLER_83_702,VGND,li1,328.6700,239.3600,0.000161
FILLER_83_694,VGND,li1,326.6000,239.3600,0.000176
FILLER_83_673,VGND,li1,315.7900,239.3600,0.000253
FILLER_83_667,VGND,li1,312.5700,239.3600,0.000267
FILLER_83_659,VGND,li1,310.5000,239.3600,0.000280
FILLER_83_643,VGND,li1,304.0600,239.3600,0.000308
FILLER_83_635,VGND,li1,297.8500,239.3600,0.000340
FILLER_83_617,VGND,li1,292.1000,239.3600,0.000356
FILLER_83_614,VGND,li1,288.4200,239.3600,0.000372
FILLER_83_602,VGND,li1,285.2000,239.3600,0.000382
FILLER_83_588,VGND,li1,276.2300,239.3600,0.000412
FILLER_83_576,VGND,li1,273.2400,239.3600,0.000419
FILLER_83_571,VGND,li1,268.4100,239.3600,0.000428
FILLER_83_561,VGND,li1,264.2700,239.3600,0.000432
FILLER_83_559,VGND,li1,262.8900,239.3600,0.000433
FILLER_83_555,VGND,li1,261.7400,239.3600,0.000433
FILLER_83_539,VGND,li1,256.2200,239.3600,0.000428
FILLER_83_533,VGND,li1,251.1600,239.3600,0.000419
FILLER_83_521,VGND,li1,247.9400,239.3600,0.000414
FILLER_83_505,VGND,li1,239.2000,239.3600,0.000389
FILLER_83_501,VGND,li1,236.6700,239.3600,0.000383
FILLER_83_497,VGND,li1,234.3700,239.3600,0.000378
FILLER_83_493,VGND,li1,233.2200,239.3600,0.000378
FILLER_83_481,VGND,li1,229.5400,239.3600,0.000366
FILLER_83_444,VGND,li1,210.6800,239.3600,0.000292
FILLER_83_432,VGND,li1,207.0000,239.3600,0.000278
FILLER_83_420,VGND,li1,201.4800,239.3600,0.000255
FILLER_83_405,VGND,li1,194.5800,239.3600,0.000223
FILLER_83_393,VGND,li1,189.0600,239.3600,0.000194
FILLER_83_386,VGND,li1,184.4600,239.3600,0.000156
FILLER_83_374,VGND,li1,180.3200,239.3600,0.000135
FILLER_83_362,VGND,li1,174.8000,239.3600,0.000133
FILLER_83_343,VGND,li1,166.0600,239.3600,0.000172
FILLER_83_335,VGND,li1,159.8500,239.3600,0.000199
FILLER_83_324,VGND,li1,154.7900,239.3600,0.000219
FILLER_83_320,VGND,li1,153.6400,239.3600,0.000219
FILLER_83_303,VGND,li1,145.5900,239.3600,0.000248
FILLER_83_281,VGND,li1,135.2400,239.3600,0.000287
FILLER_83_279,VGND,li1,134.0900,239.3600,0.000294
FILLER_83_268,VGND,li1,129.0300,239.3600,0.000305
FILLER_83_263,VGND,li1,126.7300,239.3600,0.000313
FILLER_83_257,VGND,li1,125.1200,239.3600,0.000318
FILLER_83_238,VGND,li1,116.8400,239.3600,0.000329
FILLER_83_225,VGND,li1,109.7100,239.3600,0.000331
FILLER_83_212,VGND,li1,105.8000,239.3600,0.000329
FILLER_83_200,VGND,li1,100.2800,239.3600,0.000324
FILLER_83_181,VGND,li1,90.1600,239.3600,0.000306
FILLER_83_169,VGND,li1,86.0200,239.3600,0.000297
FILLER_83_166,VGND,li1,82.3400,239.3600,0.000289
FILLER_83_154,VGND,li1,79.1200,239.3600,0.000283
FILLER_83_142,VGND,li1,73.6000,239.3600,0.000267
FILLER_83_135,VGND,li1,67.8500,239.3600,0.000254
FILLER_83_129,VGND,li1,66.2400,239.3600,0.000248
FILLER_83_117,VGND,li1,62.1000,239.3600,0.000230
FILLER_83_111,VGND,li1,56.8100,239.3600,0.000214
FILLER_83_107,VGND,li1,55.6600,239.3600,0.000214
FILLER_83_95,VGND,li1,51.9800,239.3600,0.000195
FILLER_83_86,VGND,li1,46.4600,239.3600,0.000181
FILLER_83_77,VGND,li1,42.3200,239.3600,0.000160
FILLER_83_69,VGND,li1,37.4900,239.3600,0.000144
FILLER_83_57,VGND,li1,34.5000,239.3600,0.000130
FILLER_83_53,VGND,li1,30.5900,239.3600,0.000116
FILLER_83_28,VGND,li1,19.0900,239.3600,0.000116
FILLER_83_16,VGND,li1,15.6400,239.3600,0.000120
FILLER_83_3,VGND,li1,8.2800,239.3600,0.000125
FILLER_82_807,VGND,li1,376.9700,233.9200,0.000132
FILLER_82_802,VGND,li1,374.9000,233.9200,0.000131
FILLER_82_774,VGND,li1,362.0200,233.9200,0.000124
FILLER_82_757,VGND,li1,355.1200,233.9200,0.000117
FILLER_82_753,VGND,li1,352.5900,233.9200,0.000114
FILLER_82_737,VGND,li1,345.2300,233.9200,0.000103
FILLER_82_729,VGND,li1,342.7000,233.9200,0.000099
FILLER_82_717,VGND,li1,338.1000,233.9200,0.000087
FILLER_82_701,VGND,li1,328.4400,233.9200,0.000099
FILLER_82_698,VGND,li1,327.0600,233.9200,0.000107
FILLER_82_687,VGND,li1,321.7700,233.9200,0.000124
FILLER_82_672,VGND,li1,315.1000,233.9200,0.000154
FILLER_82_660,VGND,li1,311.8800,233.9200,0.000162
FILLER_82_642,VGND,li1,301.3000,233.9200,0.000200
FILLER_82_634,VGND,li1,299.0000,233.9200,0.000207
FILLER_82_630,VGND,li1,295.5500,233.9200,0.000220
FILLER_82_618,VGND,li1,292.5600,233.9200,0.000229
FILLER_82_606,VGND,li1,287.0400,233.9200,0.000250
FILLER_82_594,VGND,li1,281.5200,233.9200,0.000262
FILLER_82_589,VGND,li1,276.6900,233.9200,0.000268
FILLER_82_563,VGND,li1,264.7300,233.9200,0.000272
FILLER_82_553,VGND,li1,260.1300,233.9200,0.000268
FILLER_82_547,VGND,li1,258.5200,233.9200,0.000268
FILLER_82_533,VGND,li1,250.9300,233.9200,0.000259
FILLER_82_528,VGND,li1,249.3200,233.9200,0.000259
FILLER_82_516,VGND,li1,245.6400,233.9200,0.000253
FILLER_82_485,VGND,li1,229.3100,233.9200,0.000232
FILLER_82_477,VGND,li1,226.7800,233.9200,0.000229
FILLER_82_475,VGND,li1,224.2500,233.9200,0.000223
FILLER_82_442,VGND,li1,209.5300,233.9200,0.000193
FILLER_82_425,VGND,li1,201.2500,233.9200,0.000165
FILLER_82_421,VGND,li1,200.1000,233.9200,0.000165
FILLER_82_419,VGND,li1,198.4900,233.9200,0.000158
FILLER_82_396,VGND,li1,189.5200,233.9200,0.000127
FILLER_82_381,VGND,li1,181.0100,233.9200,0.000095
FILLER_82_377,VGND,li1,179.8600,233.9200,0.000095
FILLER_82_365,VGND,li1,176.1800,233.9200,0.000098
FILLER_82_363,VGND,li1,172.7300,233.9200,0.000110
FILLER_82_349,VGND,li1,166.2900,233.9200,0.000138
FILLER_82_345,VGND,li1,165.1400,233.9200,0.000138
FILLER_82_333,VGND,li1,161.4600,233.9200,0.000157
FILLER_82_321,VGND,li1,155.9400,233.9200,0.000172
FILLER_82_309,VGND,li1,150.4200,233.9200,0.000193
FILLER_82_304,VGND,li1,146.2800,233.9200,0.000209
FILLER_82_292,VGND,li1,142.6000,233.9200,0.000221
FILLER_82_282,VGND,li1,136.1600,233.9200,0.000239
FILLER_82_269,VGND,li1,129.4900,233.9200,0.000260
FILLER_82_256,VGND,li1,123.7400,233.9200,0.000277
FILLER_82_237,VGND,li1,115.0000,233.9200,0.000302
FILLER_82_225,VGND,li1,111.7800,233.9200,0.000311
FILLER_82_221,VGND,li1,107.4100,233.9200,0.000326
FILLER_82_216,VGND,li1,105.1100,233.9200,0.000332
FILLER_82_210,VGND,li1,103.5000,233.9200,0.000332
FILLER_82_197,VGND,li1,96.8300,233.9200,0.000351
FILLER_82_195,VGND,li1,95.4500,233.9200,0.000351
FILLER_82_187,VGND,li1,93.3800,233.9200,0.000356
FILLER_82_176,VGND,li1,87.4000,233.9200,0.000370
FILLER_82_170,VGND,li1,84.4100,233.9200,0.000374
FILLER_82_162,VGND,li1,81.8800,233.9200,0.000376
FILLER_82_154,VGND,li1,76.5900,233.9200,0.000382
FILLER_82_141,VGND,li1,71.0700,233.9200,0.000370
FILLER_82_139,VGND,li1,69.6900,233.9200,0.000364
FILLER_82_133,VGND,li1,68.0800,233.9200,0.000364
FILLER_82_121,VGND,li1,63.9400,233.9200,0.000350
FILLER_82_97,VGND,li1,50.6000,233.9200,0.000285
FILLER_82_85,VGND,li1,47.3800,233.9200,0.000268
FILLER_82_81,VGND,li1,43.4700,233.9200,0.000239
FILLER_82_53,VGND,li1,30.5900,233.9200,0.000138
FILLER_82_41,VGND,li1,27.1400,233.9200,0.000121
FILLER_82_37,VGND,li1,22.7700,233.9200,0.000105
FILLER_82_29,VGND,li1,20.7000,233.9200,0.000108
FILLER_82_20,VGND,li1,16.5600,233.9200,0.000111
FILLER_81_810,VGND,li1,378.3500,233.9200,0.000132
FILLER_81_800,VGND,li1,373.7500,233.9200,0.000131
FILLER_81_792,VGND,li1,371.6800,233.9200,0.000131
FILLER_81_785,VGND,li1,367.5400,233.9200,0.000128
FILLER_81_782,VGND,li1,365.7000,233.9200,0.000126
FILLER_81_774,VGND,li1,363.4000,233.9200,0.000124
FILLER_81_762,VGND,li1,358.8000,233.9200,0.000120
FILLER_81_750,VGND,li1,353.2800,233.9200,0.000114
FILLER_81_738,VGND,li1,347.7600,233.9200,0.000107
FILLER_81_733,VGND,li1,342.9300,233.9200,0.000099
FILLER_81_729,VGND,li1,341.7800,233.9200,0.000095
FILLER_81_692,VGND,li1,324.5300,233.9200,0.000117
FILLER_81_684,VGND,li1,322.0000,233.9200,0.000124
FILLER_81_673,VGND,li1,316.4800,233.9200,0.000146
FILLER_81_670,VGND,li1,314.1800,233.9200,0.000154
FILLER_81_662,VGND,li1,311.8800,233.9200,0.000162
FILLER_81_650,VGND,li1,307.2800,233.9200,0.000179
FILLER_81_644,VGND,li1,302.4500,233.9200,0.000200
FILLER_81_632,VGND,li1,299.0000,233.9200,0.000207
FILLER_81_606,VGND,li1,285.6600,233.9200,0.000250
FILLER_81_595,VGND,li1,279.4500,233.9200,0.000265
FILLER_81_582,VGND,li1,274.6200,233.9200,0.000270
FILLER_81_558,VGND,li1,262.6600,233.9200,0.000271
FILLER_81_550,VGND,li1,260.3600,233.9200,0.000269
FILLER_81_538,VGND,li1,255.7600,233.9200,0.000265
FILLER_81_526,VGND,li1,250.2400,233.9200,0.000259
FILLER_81_514,VGND,li1,244.7200,233.9200,0.000253
FILLER_81_500,VGND,li1,235.7500,233.9200,0.000241
FILLER_81_491,VGND,li1,231.6100,233.9200,0.000237
FILLER_81_479,VGND,li1,228.6200,233.9200,0.000232
FILLER_81_465,VGND,li1,219.6500,233.9200,0.000214
FILLER_81_460,VGND,li1,217.5800,233.9200,0.000208
FILLER_81_449,VGND,li1,213.4400,233.9200,0.000198
FILLER_81_446,VGND,li1,211.1400,233.9200,0.000193
FILLER_81_428,VGND,li1,202.6300,233.9200,0.000174
FILLER_81_416,VGND,li1,199.6400,233.9200,0.000165
FILLER_81_401,VGND,li1,190.2100,233.9200,0.000134
FILLER_81_393,VGND,li1,188.1400,233.9200,0.000127
FILLER_81_390,VGND,li1,185.3800,233.9200,0.000117
FILLER_81_378,VGND,li1,182.1600,233.9200,0.000105
FILLER_81_358,VGND,li1,170.4300,233.9200,0.000122
FILLER_81_350,VGND,li1,167.4400,233.9200,0.000129
FILLER_81_331,VGND,li1,158.0100,233.9200,0.000165
FILLER_81_325,VGND,li1,156.4000,233.9200,0.000172
FILLER_81_320,VGND,li1,153.1800,233.9200,0.000182
FILLER_81_308,VGND,li1,149.9600,233.9200,0.000193
FILLER_81_299,VGND,li1,143.2900,233.9200,0.000221
FILLER_81_293,VGND,li1,141.6800,233.9200,0.000221
FILLER_81_281,VGND,li1,137.5400,233.9200,0.000239
FILLER_81_277,VGND,li1,133.6300,233.9200,0.000249
FILLER_81_249,VGND,li1,122.8200,233.9200,0.000283
FILLER_81_237,VGND,li1,117.3000,233.9200,0.000296
FILLER_81_225,VGND,li1,111.7800,233.9200,0.000311
FILLER_81_223,VGND,li1,108.3300,233.9200,0.000320
FILLER_81_209,VGND,li1,103.5000,233.9200,0.000332
FILLER_81_197,VGND,li1,98.9000,233.9200,0.000343
FILLER_81_169,VGND,li1,83.7200,233.9200,0.000374
FILLER_81_167,VGND,li1,82.5700,233.9200,0.000376
FILLER_81_155,VGND,li1,79.5800,233.9200,0.000382
FILLER_81_147,VGND,li1,73.6000,233.9200,0.000377
FILLER_81_135,VGND,li1,70.3800,233.9200,0.000370
FILLER_81_126,VGND,li1,63.9400,233.9200,0.000350
FILLER_81_121,VGND,li1,61.4100,233.9200,0.000340
FILLER_81_113,VGND,li1,59.3400,233.9200,0.000331
FILLER_81_109,VGND,li1,56.3500,233.9200,0.000316
FILLER_81_100,VGND,li1,52.4400,233.9200,0.000297
FILLER_81_84,VGND,li1,44.8500,233.9200,0.000252
FILLER_81_76,VGND,li1,42.3200,233.9200,0.000239
FILLER_81_55,VGND,li1,31.0500,233.9200,0.000156
FILLER_81_44,VGND,li1,26.4500,233.9200,0.000103
FILLER_81_36,VGND,li1,23.9200,233.9200,0.000105
FILLER_81_27,VGND,li1,18.4000,233.9200,0.000109
FILLER_81_15,VGND,li1,15.1800,233.9200,0.000111
FILLER_81_3,VGND,li1,7.3600,233.9200,0.000113
FILLER_80_784,VGND,li1,368.9200,228.4800,0.000144
FILLER_80_772,VGND,li1,363.4000,228.4800,0.000139
FILLER_80_760,VGND,li1,357.8800,228.4800,0.000131
FILLER_80_755,VGND,li1,353.0500,228.4800,0.000122
FILLER_80_749,VGND,li1,351.4400,228.4800,0.000122
FILLER_80_737,VGND,li1,345.0000,228.4800,0.000111
FILLER_80_725,VGND,li1,339.7100,228.4800,0.000097
FILLER_80_710,VGND,li1,332.3500,228.4800,0.000078
FILLER_80_706,VGND,li1,331.2000,228.4800,0.000078
FILLER_80_699,VGND,li1,327.2900,228.4800,0.000104
FILLER_80_695,VGND,li1,326.1400,228.4800,0.000104
FILLER_80_690,VGND,li1,323.1500,228.4800,0.000124
FILLER_80_672,VGND,li1,315.1000,228.4800,0.000159
FILLER_80_664,VGND,li1,312.8000,228.4800,0.000168
FILLER_80_654,VGND,li1,307.2800,228.4800,0.000194
FILLER_80_642,VGND,li1,301.3000,228.4800,0.000227
FILLER_80_634,VGND,li1,297.3900,228.4800,0.000240
FILLER_80_630,VGND,li1,296.2400,228.4800,0.000250
FILLER_80_618,VGND,li1,292.5600,228.4800,0.000259
FILLER_80_611,VGND,li1,287.5000,228.4800,0.000280
FILLER_80_599,VGND,li1,283.8200,228.4800,0.000299
FILLER_80_586,VGND,li1,275.5400,228.4800,0.000328
FILLER_80_574,VGND,li1,272.3200,228.4800,0.000341
FILLER_80_570,VGND,li1,267.9500,228.4800,0.000364
FILLER_80_564,VGND,li1,266.3400,228.4800,0.000364
FILLER_80_552,VGND,li1,262.2000,228.4800,0.000380
FILLER_80_537,VGND,li1,254.3800,228.4800,0.000408
FILLER_80_525,VGND,li1,247.2500,228.4800,0.000437
FILLER_80_513,VGND,li1,242.4200,228.4800,0.000454
FILLER_80_501,VGND,li1,238.7400,228.4800,0.000456
FILLER_80_489,VGND,li1,233.2200,228.4800,0.000458
FILLER_80_477,VGND,li1,227.7000,228.4800,0.000457
FILLER_80_472,VGND,li1,223.5600,228.4800,0.000449
FILLER_80_463,VGND,li1,219.1900,228.4800,0.000431
FILLER_80_455,VGND,li1,216.6600,228.4800,0.000417
FILLER_80_443,VGND,li1,212.0600,228.4800,0.000388
FILLER_80_433,VGND,li1,205.3900,228.4800,0.000341
FILLER_80_421,VGND,li1,201.9400,228.4800,0.000318
FILLER_80_400,VGND,li1,191.3600,228.4800,0.000229
FILLER_80_388,VGND,li1,186.7600,228.4800,0.000190
FILLER_80_382,VGND,li1,181.7000,228.4800,0.000162
FILLER_80_370,VGND,li1,178.4800,228.4800,0.000135
FILLER_80_365,VGND,li1,173.6500,228.4800,0.000159
FILLER_80_363,VGND,li1,172.7300,228.4800,0.000167
FILLER_80_359,VGND,li1,170.8900,228.4800,0.000177
FILLER_80_355,VGND,li1,169.7400,228.4800,0.000177
FILLER_80_337,VGND,li1,161.4600,228.4800,0.000222
FILLER_80_309,VGND,li1,148.1200,228.4800,0.000274
FILLER_80_295,VGND,li1,141.9100,228.4800,0.000289
FILLER_80_285,VGND,li1,136.8500,228.4800,0.000304
FILLER_80_277,VGND,li1,134.7800,228.4800,0.000311
FILLER_80_265,VGND,li1,130.1800,228.4800,0.000323
FILLER_80_246,VGND,li1,120.0600,228.4800,0.000342
FILLER_80_234,VGND,li1,115.9200,228.4800,0.000344
FILLER_80_209,VGND,li1,102.5800,228.4800,0.000344
FILLER_80_197,VGND,li1,98.9000,228.4800,0.000342
FILLER_80_193,VGND,li1,94.9900,228.4800,0.000338
FILLER_80_179,VGND,li1,89.7000,228.4800,0.000329
FILLER_80_162,VGND,li1,81.8800,228.4800,0.000318
FILLER_80_156,VGND,li1,77.7400,228.4800,0.000313
FILLER_80_141,VGND,li1,70.8400,228.4800,0.000295
FILLER_80_139,VGND,li1,69.6900,228.4800,0.000288
FILLER_80_135,VGND,li1,68.5400,228.4800,0.000288
FILLER_80_121,VGND,li1,61.4100,228.4800,0.000263
FILLER_80_109,VGND,li1,58.4200,228.4800,0.000251
FILLER_80_97,VGND,li1,52.9000,228.4800,0.000226
FILLER_80_85,VGND,li1,47.3800,228.4800,0.000201
FILLER_80_81,VGND,li1,43.4700,228.4800,0.000179
FILLER_80_69,VGND,li1,40.0200,228.4800,0.000166
FILLER_80_64,VGND,li1,35.4200,228.4800,0.000143
FILLER_80_56,VGND,li1,33.1200,228.4800,0.000127
FILLER_80_48,VGND,li1,28.2900,228.4800,0.000101
FILLER_80_40,VGND,li1,25.7600,228.4800,0.000081
FILLER_80_19,VGND,li1,15.1800,228.4800,0.000101
FILLER_80_11,VGND,li1,10.8100,228.4800,0.000103
FILLER_80_7,VGND,li1,9.6600,228.4800,0.000103
FILLER_79_790,VGND,li1,369.1500,228.4800,0.000144
FILLER_79_782,VGND,li1,365.7000,228.4800,0.000141
FILLER_79_764,VGND,li1,357.6500,228.4800,0.000129
FILLER_79_745,VGND,li1,348.6800,228.4800,0.000115
FILLER_79_737,VGND,li1,346.3800,228.4800,0.000111
FILLER_79_720,VGND,li1,336.9500,228.4800,0.000089
FILLER_79_716,VGND,li1,335.8000,228.4800,0.000089
FILLER_79_704,VGND,li1,329.8200,228.4800,0.000088
FILLER_79_673,VGND,li1,316.9400,228.4800,0.000149
FILLER_79_671,VGND,li1,314.4100,228.4800,0.000168
FILLER_79_648,VGND,li1,304.9800,228.4800,0.000204
FILLER_79_627,VGND,li1,294.6300,228.4800,0.000250
FILLER_79_614,VGND,li1,288.4200,228.4800,0.000280
FILLER_79_607,VGND,li1,285.4300,228.4800,0.000289
FILLER_79_599,VGND,li1,282.9000,228.4800,0.000299
FILLER_79_587,VGND,li1,278.3000,228.4800,0.000319
FILLER_79_575,VGND,li1,272.7800,228.4800,0.000341
FILLER_79_561,VGND,li1,264.5000,228.4800,0.000371
FILLER_79_559,VGND,li1,262.8900,228.4800,0.000380
FILLER_79_548,VGND,li1,257.8300,228.4800,0.000395
FILLER_79_540,VGND,li1,254.1500,228.4800,0.000408
FILLER_79_532,VGND,li1,252.0800,228.4800,0.000421
FILLER_79_501,VGND,li1,236.6700,228.4800,0.000458
FILLER_79_494,VGND,li1,233.4500,228.4800,0.000458
FILLER_79_487,VGND,li1,229.7700,228.4800,0.000458
FILLER_79_457,VGND,li1,216.2000,228.4800,0.000417
FILLER_79_449,VGND,li1,213.9000,228.4800,0.000402
FILLER_79_440,VGND,li1,209.7600,228.4800,0.000374
FILLER_79_428,VGND,li1,205.1600,228.4800,0.000341
FILLER_79_416,VGND,li1,199.6400,228.4800,0.000302
FILLER_79_398,VGND,li1,189.9800,228.4800,0.000229
FILLER_79_389,VGND,li1,185.1500,228.4800,0.000190
FILLER_79_349,VGND,li1,168.8200,228.4800,0.000188
FILLER_79_335,VGND,li1,159.8500,228.4800,0.000222
FILLER_79_327,VGND,li1,157.7800,228.4800,0.000231
FILLER_79_295,VGND,li1,141.6800,228.4800,0.000295
FILLER_79_285,VGND,li1,136.8500,228.4800,0.000304
FILLER_79_279,VGND,li1,134.0900,228.4800,0.000311
FILLER_79_272,VGND,li1,131.1000,228.4800,0.000318
FILLER_79_265,VGND,li1,127.6500,228.4800,0.000330
FILLER_79_261,VGND,li1,126.5000,228.4800,0.000330
FILLER_79_249,VGND,li1,122.8200,228.4800,0.000337
FILLER_79_218,VGND,li1,107.1800,228.4800,0.000347
FILLER_79_194,VGND,li1,95.2200,228.4800,0.000338
FILLER_79_182,VGND,li1,92.0000,228.4800,0.000335
FILLER_79_169,VGND,li1,85.1000,228.4800,0.000325
FILLER_79_166,VGND,li1,82.3400,228.4800,0.000321
FILLER_79_144,VGND,li1,73.6000,228.4800,0.000302
FILLER_79_132,VGND,li1,69.0000,228.4800,0.000288
FILLER_79_120,VGND,li1,63.4800,228.4800,0.000270
FILLER_79_106,VGND,li1,55.6600,228.4800,0.000239
FILLER_79_88,VGND,li1,48.7600,228.4800,0.000201
FILLER_79_73,VGND,li1,40.0200,228.4800,0.000166
FILLER_79_61,VGND,li1,34.0400,228.4800,0.000127
FILLER_79_48,VGND,li1,28.2900,228.4800,0.000101
FILLER_79_36,VGND,li1,24.8400,228.4800,0.000081
FILLER_79_27,VGND,li1,19.3200,228.4800,0.000093
FILLER_79_13,VGND,li1,11.7300,228.4800,0.000102
FILLER_78_807,VGND,li1,376.9700,223.0400,0.000084
FILLER_78_792,VGND,li1,372.6000,223.0400,0.000084
FILLER_78_783,VGND,li1,366.6200,223.0400,0.000083
FILLER_78_776,VGND,li1,363.1700,223.0400,0.000083
FILLER_78_757,VGND,li1,354.2000,223.0400,0.000079
FILLER_78_755,VGND,li1,353.0500,223.0400,0.000078
FILLER_78_743,VGND,li1,347.5300,223.0400,0.000074
FILLER_78_737,VGND,li1,345.9200,223.0400,0.000074
FILLER_78_723,VGND,li1,338.7900,223.0400,0.000065
FILLER_78_713,VGND,li1,333.7300,223.0400,0.000059
FILLER_78_709,VGND,li1,332.5800,223.0400,0.000059
FILLER_78_705,VGND,li1,330.0500,223.0400,0.000065
FILLER_78_701,VGND,li1,328.9000,223.0400,0.000065
FILLER_78_698,VGND,li1,327.0600,223.0400,0.000073
FILLER_78_669,VGND,li1,315.1000,223.0400,0.000124
FILLER_78_660,VGND,li1,309.5800,223.0400,0.000144
FILLER_78_651,VGND,li1,305.4400,223.0400,0.000166
FILLER_78_645,VGND,li1,302.9100,223.0400,0.000176
FILLER_78_643,VGND,li1,301.5300,223.0400,0.000176
FILLER_78_631,VGND,li1,296.2400,223.0400,0.000194
FILLER_78_623,VGND,li1,293.9400,223.0400,0.000202
FILLER_78_599,VGND,li1,281.5200,223.0400,0.000246
FILLER_78_576,VGND,li1,273.2400,223.0400,0.000269
FILLER_78_559,VGND,li1,263.3500,223.0400,0.000283
FILLER_78_551,VGND,li1,260.8200,223.0400,0.000286
FILLER_78_541,VGND,li1,254.6100,223.0400,0.000292
FILLER_78_533,VGND,li1,252.5400,223.0400,0.000293
FILLER_78_530,VGND,li1,249.7800,223.0400,0.000295
FILLER_78_522,VGND,li1,247.4800,223.0400,0.000298
FILLER_78_516,VGND,li1,243.1100,223.0400,0.000300
FILLER_78_510,VGND,li1,241.5000,223.0400,0.000302
FILLER_78_498,VGND,li1,237.3600,223.0400,0.000304
FILLER_78_477,VGND,li1,226.7800,223.0400,0.000302
FILLER_78_475,VGND,li1,224.2500,223.0400,0.000300
FILLER_78_451,VGND,li1,214.8200,223.0400,0.000286
FILLER_78_428,VGND,li1,204.2400,223.0400,0.000250
FILLER_78_418,VGND,li1,198.2600,223.0400,0.000213
FILLER_78_408,VGND,li1,193.4300,223.0400,0.000186
FILLER_78_396,VGND,li1,190.4400,223.0400,0.000175
FILLER_78_384,VGND,li1,184.9200,223.0400,0.000136
FILLER_78_372,VGND,li1,179.4000,223.0400,0.000096
FILLER_78_360,VGND,li1,172.0400,223.0400,0.000112
FILLER_78_348,VGND,li1,168.3600,223.0400,0.000122
FILLER_78_341,VGND,li1,162.6100,223.0400,0.000135
FILLER_78_333,VGND,li1,160.5400,223.0400,0.000140
FILLER_78_321,VGND,li1,155.9400,223.0400,0.000150
FILLER_78_309,VGND,li1,150.4200,223.0400,0.000157
FILLER_78_306,VGND,li1,146.7400,223.0400,0.000166
FILLER_78_301,VGND,li1,144.4400,223.0400,0.000169
FILLER_78_289,VGND,li1,141.2200,223.0400,0.000173
FILLER_78_277,VGND,li1,135.7000,223.0400,0.000179
FILLER_78_265,VGND,li1,130.1800,223.0400,0.000187
FILLER_78_253,VGND,li1,124.6600,223.0400,0.000192
FILLER_78_248,VGND,li1,120.5200,223.0400,0.000197
FILLER_78_223,VGND,li1,109.0200,223.0400,0.000202
FILLER_78_211,VGND,li1,105.3400,223.0400,0.000203
FILLER_78_188,VGND,li1,93.8400,223.0400,0.000199
FILLER_78_173,VGND,li1,85.5600,223.0400,0.000191
FILLER_78_165,VGND,li1,83.2600,223.0400,0.000189
FILLER_78_149,VGND,li1,74.2900,223.0400,0.000179
FILLER_78_141,VGND,li1,72.2200,223.0400,0.000175
FILLER_78_134,VGND,li1,68.5400,223.0400,0.000168
FILLER_78_124,VGND,li1,63.2500,223.0400,0.000157
FILLER_78_112,VGND,li1,59.8000,223.0400,0.000148
FILLER_78_97,VGND,li1,50.6000,223.0400,0.000121
FILLER_78_72,VGND,li1,41.4000,223.0400,0.000093
FILLER_78_56,VGND,li1,31.9700,223.0400,0.000063
FILLER_78_44,VGND,li1,28.5200,223.0400,0.000056
FILLER_78_33,VGND,li1,20.9300,223.0400,0.000046
FILLER_78_29,VGND,li1,19.7800,223.0400,0.000046
FILLER_78_26,VGND,li1,17.9400,223.0400,0.000047
FILLER_78_18,VGND,li1,15.6400,223.0400,0.000049
FILLER_78_6,VGND,li1,11.0400,223.0400,0.000051
FILLER_77_805,VGND,li1,376.5100,223.0400,0.000084
FILLER_77_797,VGND,li1,373.9800,223.0400,0.000084
FILLER_77_785,VGND,li1,369.3800,223.0400,0.000083
FILLER_77_780,VGND,li1,365.2400,223.0400,0.000083
FILLER_77_768,VGND,li1,361.5600,223.0400,0.000082
FILLER_77_752,VGND,li1,351.9000,223.0400,0.000078
FILLER_77_740,VGND,li1,348.6800,223.0400,0.000076
FILLER_77_729,VGND,li1,341.7800,223.0400,0.000069
FILLER_77_727,VGND,li1,340.1700,223.0400,0.000067
FILLER_77_723,VGND,li1,339.0200,223.0400,0.000067
FILLER_77_718,VGND,li1,336.0300,223.0400,0.000062
FILLER_77_697,VGND,li1,327.9800,223.0400,0.000073
FILLER_77_685,VGND,li1,323.3800,223.0400,0.000094
FILLER_77_673,VGND,li1,316.0200,223.0400,0.000124
FILLER_77_660,VGND,li1,311.8800,223.0400,0.000136
FILLER_77_641,VGND,li1,301.3000,223.0400,0.000176
FILLER_77_629,VGND,li1,297.6200,223.0400,0.000194
FILLER_77_617,VGND,li1,292.1000,223.0400,0.000213
FILLER_77_614,VGND,li1,288.4200,223.0400,0.000226
FILLER_77_604,VGND,li1,283.5900,223.0400,0.000239
FILLER_77_598,VGND,li1,281.9800,223.0400,0.000246
FILLER_77_585,VGND,li1,274.8500,223.0400,0.000264
FILLER_77_573,VGND,li1,271.8600,223.0400,0.000269
FILLER_77_561,VGND,li1,264.0400,223.0400,0.000283
FILLER_77_558,VGND,li1,262.6600,223.0400,0.000283
FILLER_77_550,VGND,li1,260.3600,223.0400,0.000286
FILLER_77_537,VGND,li1,253.2300,223.0400,0.000293
FILLER_77_529,VGND,li1,250.7000,223.0400,0.000295
FILLER_77_517,VGND,li1,246.1000,223.0400,0.000298
FILLER_77_505,VGND,li1,240.5800,223.0400,0.000302
FILLER_77_496,VGND,li1,235.5200,223.0400,0.000305
FILLER_77_485,VGND,li1,229.3100,223.0400,0.000306
FILLER_77_473,VGND,li1,225.8600,223.0400,0.000302
FILLER_77_461,VGND,li1,220.3400,223.0400,0.000296
FILLER_77_449,VGND,li1,214.8200,223.0400,0.000286
FILLER_77_444,VGND,li1,210.6800,223.0400,0.000278
FILLER_77_429,VGND,li1,203.5500,223.0400,0.000250
FILLER_77_417,VGND,li1,200.1000,223.0400,0.000226
FILLER_77_412,VGND,li1,195.5000,223.0400,0.000201
FILLER_77_400,VGND,li1,192.2800,223.0400,0.000186
FILLER_77_384,VGND,li1,182.6200,223.0400,0.000123
FILLER_77_372,VGND,li1,179.4000,223.0400,0.000096
FILLER_77_355,VGND,li1,169.7400,223.0400,0.000118
FILLER_77_334,VGND,li1,159.6200,223.0400,0.000140
FILLER_77_314,VGND,li1,151.3400,223.0400,0.000157
FILLER_77_295,VGND,li1,141.9100,223.0400,0.000173
FILLER_77_291,VGND,li1,139.6100,223.0400,0.000176
FILLER_77_285,VGND,li1,138.0000,223.0400,0.000176
FILLER_77_277,VGND,li1,133.6300,223.0400,0.000181
FILLER_77_270,VGND,li1,129.9500,223.0400,0.000187
FILLER_77_266,VGND,li1,128.8000,223.0400,0.000187
FILLER_77_254,VGND,li1,125.1200,223.0400,0.000192
FILLER_77_245,VGND,li1,118.6800,223.0400,0.000199
FILLER_77_237,VGND,li1,116.3800,223.0400,0.000200
FILLER_77_225,VGND,li1,111.7800,223.0400,0.000202
FILLER_77_223,VGND,li1,108.3300,223.0400,0.000202
FILLER_77_215,VGND,li1,106.2600,223.0400,0.000203
FILLER_77_208,VGND,li1,101.4300,223.0400,0.000202
FILLER_77_204,VGND,li1,100.2800,223.0400,0.000202
FILLER_77_169,VGND,li1,84.6400,223.0400,0.000191
FILLER_77_166,VGND,li1,82.3400,223.0400,0.000189
FILLER_77_145,VGND,li1,72.6800,223.0400,0.000175
FILLER_77_137,VGND,li1,70.3800,223.0400,0.000172
FILLER_77_119,VGND,li1,60.4900,223.0400,0.000148
FILLER_77_113,VGND,li1,58.8800,223.0400,0.000148
FILLER_77_108,VGND,li1,56.1200,223.0400,0.000139
FILLER_77_91,VGND,li1,50.1400,223.0400,0.000121
FILLER_77_87,VGND,li1,45.7700,223.0400,0.000106
FILLER_77_81,VGND,li1,44.1600,223.0400,0.000106
FILLER_77_69,VGND,li1,40.0200,223.0400,0.000093
FILLER_77_57,VGND,li1,34.5000,223.0400,0.000075
FILLER_77_54,VGND,li1,30.8200,223.0400,0.000063
FILLER_77_46,VGND,li1,28.5200,223.0400,0.000056
FILLER_77_38,VGND,li1,23.2300,223.0400,0.000045
FILLER_77_26,VGND,li1,20.2400,223.0400,0.000046
FILLER_77_3,VGND,li1,7.3600,223.0400,0.000051
FILLER_76_805,VGND,li1,376.5100,217.6000,0.000066
FILLER_76_793,VGND,li1,373.0600,217.6000,0.000066
FILLER_76_781,VGND,li1,367.5400,217.6000,0.000066
FILLER_76_769,VGND,li1,362.0200,217.6000,0.000065
FILLER_76_757,VGND,li1,356.5000,217.6000,0.000065
FILLER_76_754,VGND,li1,352.8200,217.6000,0.000065
FILLER_76_746,VGND,li1,350.5200,217.6000,0.000065
FILLER_76_734,VGND,li1,345.9200,217.6000,0.000064
FILLER_76_726,VGND,li1,339.7100,217.6000,0.000063
FILLER_76_720,VGND,li1,338.1000,217.6000,0.000062
FILLER_76_708,VGND,li1,333.9600,217.6000,0.000059
FILLER_76_699,VGND,li1,327.2900,217.6000,0.000086
FILLER_76_683,VGND,li1,320.3900,217.6000,0.000120
FILLER_76_659,VGND,li1,310.5000,217.6000,0.000171
FILLER_76_648,VGND,li1,303.8300,217.6000,0.000194
FILLER_76_641,VGND,li1,301.0700,217.6000,0.000201
FILLER_76_626,VGND,li1,294.4000,217.6000,0.000223
FILLER_76_613,VGND,li1,289.3400,217.6000,0.000239
FILLER_76_601,VGND,li1,284.7400,217.6000,0.000254
FILLER_76_589,VGND,li1,279.2200,217.6000,0.000272
FILLER_76_587,VGND,li1,275.7700,217.6000,0.000282
FILLER_76_581,VGND,li1,274.1600,217.6000,0.000282
FILLER_76_539,VGND,li1,253.6900,217.6000,0.000309
FILLER_76_533,VGND,li1,252.0800,217.6000,0.000308
FILLER_76_528,VGND,li1,249.3200,217.6000,0.000307
FILLER_76_516,VGND,li1,245.6400,217.6000,0.000304
FILLER_76_508,VGND,li1,239.6600,217.6000,0.000299
FILLER_76_500,VGND,li1,237.3600,217.6000,0.000297
FILLER_76_489,VGND,li1,230.6900,217.6000,0.000288
FILLER_76_477,VGND,li1,227.7000,217.6000,0.000285
FILLER_76_455,VGND,li1,215.0500,217.6000,0.000253
FILLER_76_441,VGND,li1,208.6100,217.6000,0.000234
FILLER_76_433,VGND,li1,206.5400,217.6000,0.000225
FILLER_76_421,VGND,li1,201.9400,217.6000,0.000204
FILLER_76_416,VGND,li1,197.8000,217.6000,0.000188
FILLER_76_404,VGND,li1,194.1200,217.6000,0.000171
FILLER_76_392,VGND,li1,188.6000,217.6000,0.000143
FILLER_76_380,VGND,li1,180.5500,217.6000,0.000096
FILLER_76_368,VGND,li1,177.5600,217.6000,0.000080
FILLER_76_362,VGND,li1,172.5000,217.6000,0.000090
FILLER_76_347,VGND,li1,165.8300,217.6000,0.000103
FILLER_76_334,VGND,li1,160.0800,217.6000,0.000113
FILLER_76_325,VGND,li1,156.4000,217.6000,0.000116
FILLER_76_309,VGND,li1,148.1200,217.6000,0.000128
FILLER_76_306,VGND,li1,146.7400,217.6000,0.000131
FILLER_76_261,VGND,li1,125.8100,217.6000,0.000149
FILLER_76_257,VGND,li1,124.6600,217.6000,0.000149
FILLER_76_253,VGND,li1,122.1300,217.6000,0.000150
FILLER_76_249,VGND,li1,120.7500,217.6000,0.000151
FILLER_76_239,VGND,li1,115.9200,217.6000,0.000152
FILLER_76_229,VGND,li1,111.5500,217.6000,0.000152
FILLER_76_221,VGND,li1,109.0200,217.6000,0.000152
FILLER_76_205,VGND,li1,100.2800,217.6000,0.000150
FILLER_76_197,VGND,li1,97.9800,217.6000,0.000148
FILLER_76_195,VGND,li1,95.4500,217.6000,0.000147
FILLER_76_183,VGND,li1,92.4600,217.6000,0.000146
FILLER_76_170,VGND,li1,84.4100,217.6000,0.000139
FILLER_76_145,VGND,li1,72.4500,217.6000,0.000127
FILLER_76_141,VGND,li1,71.3000,217.6000,0.000127
FILLER_76_137,VGND,li1,69.2300,217.6000,0.000125
FILLER_76_122,VGND,li1,62.1000,217.6000,0.000114
FILLER_76_114,VGND,li1,59.8000,217.6000,0.000111
FILLER_76_108,VGND,li1,55.4300,217.6000,0.000103
FILLER_76_100,VGND,li1,53.3600,217.6000,0.000096
FILLER_76_75,VGND,li1,40.4800,217.6000,0.000073
FILLER_76_63,VGND,li1,37.2600,217.6000,0.000065
FILLER_76_49,VGND,li1,28.2900,217.6000,0.000044
FILLER_76_41,VGND,li1,26.2200,217.6000,0.000039
FILLER_76_29,VGND,li1,21.6200,217.6000,0.000036
FILLER_76_26,VGND,li1,17.9400,217.6000,0.000039
FILLER_76_14,VGND,li1,14.7200,217.6000,0.000041
FILLER_76_3,VGND,li1,7.1300,217.6000,0.000043
FILLER_75_805,VGND,li1,376.5100,217.6000,0.000066
FILLER_75_797,VGND,li1,373.9800,217.6000,0.000066
FILLER_75_785,VGND,li1,369.3800,217.6000,0.000066
FILLER_75_783,VGND,li1,365.9300,217.6000,0.000065
FILLER_75_779,VGND,li1,364.7800,217.6000,0.000065
FILLER_75_767,VGND,li1,361.1000,217.6000,0.000065
FILLER_75_755,VGND,li1,355.5800,217.6000,0.000065
FILLER_75_743,VGND,li1,350.0600,217.6000,0.000065
FILLER_75_726,VGND,li1,339.9400,217.6000,0.000063
FILLER_75_718,VGND,li1,337.6400,217.6000,0.000062
FILLER_75_704,VGND,li1,329.8200,217.6000,0.000073
FILLER_75_689,VGND,li1,322.6900,217.6000,0.000109
FILLER_75_683,VGND,li1,321.0800,217.6000,0.000120
FILLER_75_659,VGND,li1,308.8900,217.6000,0.000171
FILLER_75_630,VGND,li1,296.0100,217.6000,0.000223
FILLER_75_617,VGND,li1,289.8000,217.6000,0.000239
FILLER_75_608,VGND,li1,287.0400,217.6000,0.000246
FILLER_75_592,VGND,li1,278.0700,217.6000,0.000272
FILLER_75_586,VGND,li1,276.4600,217.6000,0.000277
FILLER_75_574,VGND,li1,272.3200,217.6000,0.000290
FILLER_75_561,VGND,li1,264.2700,217.6000,0.000305
FILLER_75_558,VGND,li1,262.6600,217.6000,0.000305
FILLER_75_550,VGND,li1,260.3600,217.6000,0.000307
FILLER_75_541,VGND,li1,254.6100,217.6000,0.000309
FILLER_75_537,VGND,li1,253.4600,217.6000,0.000309
FILLER_75_524,VGND,li1,247.2500,217.6000,0.000306
FILLER_75_502,VGND,li1,236.9000,217.6000,0.000297
FILLER_75_494,VGND,li1,234.6000,217.6000,0.000295
FILLER_75_483,VGND,li1,227.9300,217.6000,0.000285
FILLER_75_471,VGND,li1,224.9400,217.6000,0.000281
FILLER_75_449,VGND,li1,213.4400,217.6000,0.000253
FILLER_75_444,VGND,li1,210.6800,217.6000,0.000243
FILLER_75_435,VGND,li1,206.3100,217.6000,0.000225
FILLER_75_427,VGND,li1,203.7800,217.6000,0.000214
FILLER_75_405,VGND,li1,192.2800,217.6000,0.000161
FILLER_75_393,VGND,li1,189.0600,217.6000,0.000143
FILLER_75_391,VGND,li1,185.6100,217.6000,0.000124
FILLER_75_383,VGND,li1,183.5400,217.6000,0.000110
FILLER_75_373,VGND,li1,177.7900,217.6000,0.000080
FILLER_75_361,VGND,li1,174.3400,217.6000,0.000086
FILLER_75_345,VGND,li1,164.6800,217.6000,0.000103
FILLER_75_337,VGND,li1,162.3800,217.6000,0.000107
FILLER_75_335,VGND,li1,159.8500,217.6000,0.000113
FILLER_75_331,VGND,li1,158.7000,217.6000,0.000113
FILLER_75_319,VGND,li1,155.0200,217.6000,0.000120
FILLER_75_307,VGND,li1,148.5800,217.6000,0.000128
FILLER_75_293,VGND,li1,141.2200,217.6000,0.000136
FILLER_75_281,VGND,li1,136.1600,217.6000,0.000142
FILLER_75_277,VGND,li1,133.6300,217.6000,0.000144
FILLER_75_265,VGND,li1,130.1800,217.6000,0.000146
FILLER_75_244,VGND,li1,119.1400,217.6000,0.000151
FILLER_75_223,VGND,li1,108.3300,217.6000,0.000152
FILLER_75_215,VGND,li1,106.2600,217.6000,0.000152
FILLER_75_208,VGND,li1,101.4300,217.6000,0.000151
FILLER_75_200,VGND,li1,99.3600,217.6000,0.000150
FILLER_75_186,VGND,li1,92.4600,217.6000,0.000146
FILLER_75_166,VGND,li1,82.3400,217.6000,0.000137
FILLER_75_148,VGND,li1,73.8300,217.6000,0.000129
FILLER_75_134,VGND,li1,67.8500,217.6000,0.000121
FILLER_75_122,VGND,li1,61.8700,217.6000,0.000114
FILLER_75_111,VGND,li1,56.8100,217.6000,0.000103
FILLER_75_99,VGND,li1,51.7500,217.6000,0.000096
FILLER_75_91,VGND,li1,49.2200,217.6000,0.000092
FILLER_75_84,VGND,li1,44.8500,217.6000,0.000082
FILLER_75_72,VGND,li1,41.4000,217.6000,0.000073
FILLER_75_63,VGND,li1,34.9600,217.6000,0.000061
FILLER_75_57,VGND,li1,32.2000,217.6000,0.000054
FILLER_75_44,VGND,li1,28.5200,217.6000,0.000044
FILLER_75_30,VGND,li1,19.5500,217.6000,0.000038
FILLER_75_22,VGND,li1,17.4800,217.6000,0.000039
FILLER_74_805,VGND,li1,376.2800,212.1600,0.000154
FILLER_74_793,VGND,li1,373.0600,212.1600,0.000151
FILLER_74_781,VGND,li1,367.5400,212.1600,0.000139
FILLER_74_769,VGND,li1,362.0200,212.1600,0.000131
FILLER_74_757,VGND,li1,356.5000,212.1600,0.000120
FILLER_74_754,VGND,li1,352.8200,212.1600,0.000112
FILLER_74_746,VGND,li1,350.5200,212.1600,0.000105
FILLER_74_734,VGND,li1,345.9200,212.1600,0.000099
FILLER_74_713,VGND,li1,335.3400,212.1600,0.000078
FILLER_74_709,VGND,li1,331.8900,212.1600,0.000071
FILLER_74_701,VGND,li1,329.8200,212.1600,0.000082
FILLER_74_684,VGND,li1,320.3900,212.1600,0.000126
FILLER_74_680,VGND,li1,319.2400,212.1600,0.000137
FILLER_74_668,VGND,li1,315.5600,212.1600,0.000153
FILLER_74_659,VGND,li1,309.3500,212.1600,0.000174
FILLER_74_651,VGND,li1,306.8200,212.1600,0.000184
FILLER_74_634,VGND,li1,297.3900,212.1600,0.000226
FILLER_74_619,VGND,li1,291.6400,212.1600,0.000241
FILLER_74_603,VGND,li1,285.6600,212.1600,0.000263
FILLER_74_589,VGND,li1,277.3800,212.1600,0.000284
FILLER_74_587,VGND,li1,275.7700,212.1600,0.000292
FILLER_74_583,VGND,li1,274.6200,212.1600,0.000292
FILLER_74_571,VGND,li1,270.9400,212.1600,0.000303
FILLER_74_559,VGND,li1,265.4200,212.1600,0.000319
FILLER_74_547,VGND,li1,259.9000,212.1600,0.000335
FILLER_74_524,VGND,li1,247.0200,212.1600,0.000359
FILLER_74_516,VGND,li1,244.7200,212.1600,0.000364
FILLER_74_491,VGND,li1,231.6100,212.1600,0.000387
FILLER_74_483,VGND,li1,229.5400,212.1600,0.000392
FILLER_74_470,VGND,li1,222.1800,212.1600,0.000400
FILLER_74_449,VGND,li1,214.8200,212.1600,0.000410
FILLER_74_435,VGND,li1,205.8500,212.1600,0.000416
FILLER_74_427,VGND,li1,203.7800,212.1600,0.000417
FILLER_74_417,VGND,li1,198.0300,212.1600,0.000352
FILLER_74_409,VGND,li1,193.8900,212.1600,0.000296
FILLER_74_403,VGND,li1,192.2800,212.1600,0.000296
FILLER_74_385,VGND,li1,183.3100,212.1600,0.000174
FILLER_74_377,VGND,li1,179.8600,212.1600,0.000152
FILLER_74_365,VGND,li1,176.1800,212.1600,0.000132
FILLER_74_362,VGND,li1,172.5000,212.1600,0.000135
FILLER_74_354,VGND,li1,170.2000,212.1600,0.000138
FILLER_74_334,VGND,li1,159.3900,212.1600,0.000147
FILLER_74_326,VGND,li1,157.3200,212.1600,0.000148
FILLER_74_315,VGND,li1,150.6500,212.1600,0.000152
FILLER_74_309,VGND,li1,149.0400,212.1600,0.000153
FILLER_74_302,VGND,li1,145.8200,212.1600,0.000154
FILLER_74_294,VGND,li1,141.2200,212.1600,0.000155
FILLER_74_286,VGND,li1,138.9200,212.1600,0.000155
FILLER_74_275,VGND,li1,133.8600,212.1600,0.000156
FILLER_74_263,VGND,li1,129.2600,212.1600,0.000156
FILLER_74_249,VGND,li1,120.7500,212.1600,0.000154
FILLER_74_237,VGND,li1,117.3000,212.1600,0.000153
FILLER_74_219,VGND,li1,109.0200,212.1600,0.000150
FILLER_74_207,VGND,li1,103.5000,212.1600,0.000146
FILLER_74_182,VGND,li1,89.7000,212.1600,0.000135
FILLER_74_170,VGND,li1,86.4800,212.1600,0.000131
FILLER_74_161,VGND,li1,79.8100,212.1600,0.000124
FILLER_74_138,VGND,li1,69.4600,212.1600,0.000112
FILLER_74_125,VGND,li1,63.2500,212.1600,0.000103
FILLER_74_121,VGND,li1,62.1000,212.1600,0.000103
FILLER_74_109,VGND,li1,58.4200,212.1600,0.000097
FILLER_74_97,VGND,li1,51.5200,212.1600,0.000086
FILLER_74_85,VGND,li1,47.3800,212.1600,0.000077
FILLER_74_78,VGND,li1,42.7800,212.1600,0.000072
FILLER_74_69,VGND,li1,37.4900,212.1600,0.000063
FILLER_74_46,VGND,li1,26.9100,212.1600,0.000038
FILLER_74_42,VGND,li1,25.7600,212.1600,0.000038
FILLER_74_29,VGND,li1,19.0900,212.1600,0.000038
FILLER_74_26,VGND,li1,17.9400,212.1600,0.000040
FILLER_74_3,VGND,li1,7.3600,212.1600,0.000043
FILLER_73_805,VGND,li1,377.2000,212.1600,0.000154
FILLER_73_783,VGND,li1,365.9300,212.1600,0.000135
FILLER_73_777,VGND,li1,364.3200,212.1600,0.000135
FILLER_73_765,VGND,li1,360.1800,212.1600,0.000127
FILLER_73_753,VGND,li1,354.6600,212.1600,0.000116
FILLER_73_741,VGND,li1,349.1400,212.1600,0.000105
FILLER_73_729,VGND,li1,343.6200,212.1600,0.000094
FILLER_73_727,VGND,li1,340.1700,212.1600,0.000085
FILLER_73_723,VGND,li1,339.0200,212.1600,0.000085
FILLER_73_711,VGND,li1,335.3400,212.1600,0.000078
FILLER_73_688,VGND,li1,322.4600,212.1600,0.000116
FILLER_73_673,VGND,li1,316.0200,212.1600,0.000145
FILLER_73_670,VGND,li1,314.1800,212.1600,0.000153
FILLER_73_661,VGND,li1,309.8100,212.1600,0.000174
FILLER_73_653,VGND,li1,307.7400,212.1600,0.000184
FILLER_73_637,VGND,li1,299.0000,212.1600,0.000215
FILLER_73_625,VGND,li1,295.7800,212.1600,0.000226
FILLER_73_602,VGND,li1,284.2800,212.1600,0.000263
FILLER_73_590,VGND,li1,279.6800,212.1600,0.000278
FILLER_73_561,VGND,li1,264.5000,212.1600,0.000319
FILLER_73_549,VGND,li1,258.2900,212.1600,0.000335
FILLER_73_537,VGND,li1,255.3000,212.1600,0.000342
FILLER_73_529,VGND,li1,249.3200,212.1600,0.000356
FILLER_73_521,VGND,li1,247.0200,212.1600,0.000359
FILLER_73_509,VGND,li1,242.4200,212.1600,0.000370
FILLER_73_503,VGND,li1,237.1300,212.1600,0.000380
FILLER_73_497,VGND,li1,235.5200,212.1600,0.000380
FILLER_73_485,VGND,li1,231.3800,212.1600,0.000387
FILLER_73_470,VGND,li1,223.5600,212.1600,0.000400
FILLER_73_462,VGND,li1,218.5000,212.1600,0.000405
FILLER_73_447,VGND,li1,211.3700,212.1600,0.000413
FILLER_73_419,VGND,li1,198.4900,212.1600,0.000352
FILLER_73_415,VGND,li1,197.3400,212.1600,0.000352
FILLER_73_396,VGND,li1,188.6000,212.1600,0.000236
FILLER_73_389,VGND,li1,185.1500,212.1600,0.000215
FILLER_73_381,VGND,li1,182.6200,212.1600,0.000174
FILLER_73_369,VGND,li1,178.0200,212.1600,0.000130
FILLER_73_357,VGND,li1,172.5000,212.1600,0.000135
FILLER_73_311,VGND,li1,149.2700,212.1600,0.000152
FILLER_73_292,VGND,li1,140.0700,212.1600,0.000155
FILLER_73_265,VGND,li1,127.8800,212.1600,0.000156
FILLER_73_260,VGND,li1,125.3500,212.1600,0.000155
FILLER_73_246,VGND,li1,118.9100,212.1600,0.000154
FILLER_73_238,VGND,li1,116.8400,212.1600,0.000153
FILLER_73_214,VGND,li1,104.8800,212.1600,0.000147
FILLER_73_206,VGND,li1,100.5100,212.1600,0.000144
FILLER_73_198,VGND,li1,98.4400,212.1600,0.000143
FILLER_73_192,VGND,li1,94.0700,212.1600,0.000139
FILLER_73_184,VGND,li1,92.0000,212.1600,0.000137
FILLER_73_173,VGND,li1,85.3300,212.1600,0.000131
FILLER_73_169,VGND,li1,84.1800,212.1600,0.000129
FILLER_73_165,VGND,li1,82.1100,212.1600,0.000127
FILLER_73_153,VGND,li1,78.6600,212.1600,0.000124
FILLER_73_141,VGND,li1,73.1400,212.1600,0.000117
FILLER_73_125,VGND,li1,63.7100,212.1600,0.000103
FILLER_73_113,VGND,li1,60.2600,212.1600,0.000100
FILLER_73_109,VGND,li1,56.3500,212.1600,0.000094
FILLER_73_84,VGND,li1,46.0000,212.1600,0.000077
FILLER_73_72,VGND,li1,41.4000,212.1600,0.000068
FILLER_73_55,VGND,li1,31.0500,212.1600,0.000049
FILLER_73_43,VGND,li1,28.0600,212.1600,0.000044
FILLER_73_30,VGND,li1,19.7800,212.1600,0.000038
FILLER_73_22,VGND,li1,17.4800,212.1600,0.000040
FILLER_73_3,VGND,li1,7.3600,212.1600,0.000043
FILLER_72_806,VGND,li1,376.5100,206.7200,0.000239
FILLER_72_800,VGND,li1,374.9000,206.7200,0.000239
FILLER_72_796,VGND,li1,371.9100,206.7200,0.000236
FILLER_72_792,VGND,li1,370.7600,206.7200,0.000231
FILLER_72_781,VGND,li1,366.6200,206.7200,0.000226
FILLER_72_769,VGND,li1,362.0200,206.7200,0.000216
FILLER_72_757,VGND,li1,356.5000,206.7200,0.000197
FILLER_72_755,VGND,li1,353.0500,206.7200,0.000183
FILLER_72_749,VGND,li1,351.4400,206.7200,0.000183
FILLER_72_737,VGND,li1,347.3000,206.7200,0.000162
FILLER_72_725,VGND,li1,341.7800,206.7200,0.000134
FILLER_72_713,VGND,li1,336.2600,206.7200,0.000111
FILLER_72_701,VGND,li1,330.7400,206.7200,0.000090
FILLER_72_696,VGND,li1,326.6000,206.7200,0.000094
FILLER_72_670,VGND,li1,313.9500,206.7200,0.000112
FILLER_72_649,VGND,li1,306.8200,206.7200,0.000118
FILLER_72_638,VGND,li1,300.3800,206.7200,0.000124
FILLER_72_630,VGND,li1,296.2400,206.7200,0.000127
FILLER_72_624,VGND,li1,293.0200,206.7200,0.000129
FILLER_72_587,VGND,li1,275.7700,206.7200,0.000134
FILLER_72_583,VGND,li1,274.6200,206.7200,0.000134
FILLER_72_573,VGND,li1,270.4800,206.7200,0.000135
FILLER_72_541,VGND,li1,255.0700,206.7200,0.000135
FILLER_72_533,VGND,li1,252.5400,206.7200,0.000134
FILLER_72_529,VGND,li1,249.5500,206.7200,0.000133
FILLER_72_517,VGND,li1,246.1000,206.7200,0.000131
FILLER_72_505,VGND,li1,240.5800,206.7200,0.000129
FILLER_72_492,VGND,li1,232.5300,206.7200,0.000123
FILLER_72_460,VGND,li1,217.8100,206.7200,0.000108
FILLER_72_448,VGND,li1,214.3600,206.7200,0.000104
FILLER_72_438,VGND,li1,207.2300,206.7200,0.000096
FILLER_72_432,VGND,li1,205.6200,206.7200,0.000092
FILLER_72_421,VGND,li1,200.1000,206.7200,0.000084
FILLER_72_419,VGND,li1,198.4900,206.7200,0.000081
FILLER_72_413,VGND,li1,196.8800,206.7200,0.000078
FILLER_72_401,VGND,li1,192.7400,206.7200,0.000070
FILLER_72_389,VGND,li1,187.2200,206.7200,0.000060
FILLER_72_376,VGND,li1,180.3200,206.7200,0.000046
FILLER_72_365,VGND,li1,174.3400,206.7200,0.000059
FILLER_72_363,VGND,li1,172.7300,206.7200,0.000063
FILLER_72_339,VGND,li1,161.6900,206.7200,0.000081
FILLER_72_318,VGND,li1,152.2600,206.7200,0.000097
FILLER_72_307,VGND,li1,146.9700,206.7200,0.000104
FILLER_72_260,VGND,li1,125.3500,206.7200,0.000128
FILLER_72_242,VGND,li1,117.5300,206.7200,0.000132
FILLER_72_197,VGND,li1,97.0600,206.7200,0.000137
FILLER_72_190,VGND,li1,94.3000,206.7200,0.000136
FILLER_72_141,VGND,li1,71.7600,206.7200,0.000120
FILLER_72_139,VGND,li1,69.6900,206.7200,0.000118
FILLER_72_117,VGND,li1,59.5700,206.7200,0.000106
FILLER_72_113,VGND,li1,58.4200,206.7200,0.000103
FILLER_72_106,VGND,li1,55.2000,206.7200,0.000100
FILLER_72_92,VGND,li1,48.5300,206.7200,0.000089
FILLER_72_78,VGND,li1,41.6300,206.7200,0.000076
FILLER_72_72,VGND,li1,40.0200,206.7200,0.000069
FILLER_72_60,VGND,li1,35.8800,206.7200,0.000060
FILLER_72_48,VGND,li1,30.3600,206.7200,0.000050
FILLER_72_29,VGND,li1,19.3200,206.7200,0.000048
FILLER_72_25,VGND,li1,17.7100,206.7200,0.000052
FILLER_72_6,VGND,li1,8.5100,206.7200,0.000061
FILLER_71_785,VGND,li1,367.0800,206.7200,0.000226
FILLER_71_751,VGND,li1,352.3600,206.7200,0.000183
FILLER_71_729,VGND,li1,341.0900,206.7200,0.000134
FILLER_71_707,VGND,li1,330.9700,206.7200,0.000090
FILLER_71_701,VGND,li1,329.3600,206.7200,0.000090
FILLER_71_689,VGND,li1,325.2200,206.7200,0.000098
FILLER_71_684,VGND,li1,320.3900,206.7200,0.000104
FILLER_71_680,VGND,li1,319.2400,206.7200,0.000104
FILLER_71_673,VGND,li1,315.3300,206.7200,0.000110
FILLER_71_661,VGND,li1,309.8100,206.7200,0.000117
FILLER_71_649,VGND,li1,304.7500,206.7200,0.000121
FILLER_71_638,VGND,li1,299.2300,206.7200,0.000125
FILLER_71_627,VGND,li1,294.4000,206.7200,0.000128
FILLER_71_617,VGND,li1,289.5700,206.7200,0.000131
FILLER_71_615,VGND,li1,288.6500,206.7200,0.000131
FILLER_71_611,VGND,li1,287.5000,206.7200,0.000132
FILLER_71_596,VGND,li1,280.1400,206.7200,0.000133
FILLER_71_585,VGND,li1,275.5400,206.7200,0.000134
FILLER_71_573,VGND,li1,271.8600,206.7200,0.000135
FILLER_71_561,VGND,li1,266.3400,206.7200,0.000135
FILLER_71_557,VGND,li1,262.4300,206.7200,0.000135
FILLER_71_545,VGND,li1,258.9800,206.7200,0.000135
FILLER_71_531,VGND,li1,250.0100,206.7200,0.000133
FILLER_71_525,VGND,li1,248.4000,206.7200,0.000133
FILLER_71_493,VGND,li1,232.9900,206.7200,0.000125
FILLER_71_485,VGND,li1,229.3100,206.7200,0.000122
FILLER_71_479,VGND,li1,226.0900,206.7200,0.000119
FILLER_71_473,VGND,li1,223.5600,206.7200,0.000117
FILLER_71_465,VGND,li1,221.2600,206.7200,0.000114
FILLER_71_449,VGND,li1,213.4400,206.7200,0.000104
FILLER_71_447,VGND,li1,211.3700,206.7200,0.000101
FILLER_71_435,VGND,li1,208.3800,206.7200,0.000096
FILLER_71_430,VGND,li1,203.7800,206.7200,0.000089
FILLER_71_424,VGND,li1,201.2500,206.7200,0.000084
FILLER_71_412,VGND,li1,195.7300,206.7200,0.000078
FILLER_71_408,VGND,li1,193.4300,206.7200,0.000074
FILLER_71_400,VGND,li1,191.3600,206.7200,0.000070
FILLER_71_391,VGND,li1,185.6100,206.7200,0.000060
FILLER_71_379,VGND,li1,180.7800,206.7200,0.000050
FILLER_71_364,VGND,li1,173.1900,206.7200,0.000059
FILLER_71_356,VGND,li1,171.1200,206.7200,0.000063
FILLER_71_342,VGND,li1,164.6800,206.7200,0.000076
FILLER_71_330,VGND,li1,157.5500,206.7200,0.000088
FILLER_71_309,VGND,li1,147.8900,206.7200,0.000104
FILLER_71_301,VGND,li1,144.4400,206.7200,0.000107
FILLER_71_269,VGND,li1,129.4900,206.7200,0.000124
FILLER_71_251,VGND,li1,121.4400,206.7200,0.000130
FILLER_71_243,VGND,li1,117.5300,206.7200,0.000132
FILLER_71_237,VGND,li1,114.7700,206.7200,0.000134
FILLER_71_222,VGND,li1,108.1000,206.7200,0.000136
FILLER_71_202,VGND,li1,99.8200,206.7200,0.000137
FILLER_71_181,VGND,li1,89.0100,206.7200,0.000134
FILLER_71_173,VGND,li1,85.3300,206.7200,0.000132
FILLER_71_169,VGND,li1,83.4900,206.7200,0.000130
FILLER_71_167,VGND,li1,82.5700,206.7200,0.000130
FILLER_71_151,VGND,li1,75.4400,206.7200,0.000124
FILLER_71_139,VGND,li1,70.8400,206.7200,0.000118
FILLER_71_127,VGND,li1,66.7000,206.7200,0.000115
FILLER_71_100,VGND,li1,51.9800,206.7200,0.000095
FILLER_71_88,VGND,li1,48.7600,206.7200,0.000089
FILLER_71_69,VGND,li1,38.6400,206.7200,0.000069
FILLER_71_57,VGND,li1,34.5000,206.7200,0.000060
FILLER_71_52,VGND,li1,30.3600,206.7200,0.000050
FILLER_71_40,VGND,li1,26.6800,206.7200,0.000039
FILLER_71_36,VGND,li1,22.3100,206.7200,0.000043
FILLER_71_28,VGND,li1,20.2400,206.7200,0.000048
FILLER_71_7,VGND,li1,10.1200,206.7200,0.000061
FILLER_70_788,VGND,li1,368.6900,201.2800,0.000345
FILLER_70_780,VGND,li1,366.1600,201.2800,0.000336
FILLER_70_752,VGND,li1,351.6700,201.2800,0.000287
FILLER_70_744,VGND,li1,348.6800,201.2800,0.000278
FILLER_70_736,VGND,li1,344.5400,201.2800,0.000254
FILLER_70_701,VGND,li1,328.6700,201.2800,0.000143
FILLER_70_699,VGND,li1,327.2900,201.2800,0.000143
FILLER_70_693,VGND,li1,325.6800,201.2800,0.000145
FILLER_70_664,VGND,li1,311.1900,201.2800,0.000153
FILLER_70_655,VGND,li1,307.2800,201.2800,0.000155
FILLER_70_613,VGND,li1,288.4200,201.2800,0.000159
FILLER_70_602,VGND,li1,282.6700,201.2800,0.000159
FILLER_70_597,VGND,li1,280.3700,201.2800,0.000158
FILLER_70_589,VGND,li1,278.3000,201.2800,0.000158
FILLER_70_587,VGND,li1,275.7700,201.2800,0.000157
FILLER_70_583,VGND,li1,274.6200,201.2800,0.000157
FILLER_70_571,VGND,li1,270.9400,201.2800,0.000156
FILLER_70_550,VGND,li1,260.3600,201.2800,0.000151
FILLER_70_538,VGND,li1,255.7600,201.2800,0.000147
FILLER_70_531,VGND,li1,250.0100,201.2800,0.000143
FILLER_70_499,VGND,li1,235.7500,201.2800,0.000128
FILLER_70_493,VGND,li1,232.5300,201.2800,0.000123
FILLER_70_489,VGND,li1,231.3800,201.2800,0.000123
FILLER_70_477,VGND,li1,227.7000,201.2800,0.000117
FILLER_70_472,VGND,li1,223.5600,201.2800,0.000114
FILLER_70_460,VGND,li1,219.8800,201.2800,0.000109
FILLER_70_451,VGND,li1,213.6700,201.2800,0.000101
FILLER_70_443,VGND,li1,211.1400,201.2800,0.000097
FILLER_70_421,VGND,li1,199.6400,201.2800,0.000079
FILLER_70_412,VGND,li1,196.8800,201.2800,0.000075
FILLER_70_401,VGND,li1,191.3600,201.2800,0.000062
FILLER_70_389,VGND,li1,187.2200,201.2800,0.000056
FILLER_70_381,VGND,li1,181.0100,201.2800,0.000040
FILLER_70_377,VGND,li1,179.8600,201.2800,0.000040
FILLER_70_361,VGND,li1,172.2700,201.2800,0.000041
FILLER_70_353,VGND,li1,169.7400,201.2800,0.000044
FILLER_70_341,VGND,li1,165.1400,201.2800,0.000048
FILLER_70_329,VGND,li1,159.6200,201.2800,0.000055
FILLER_70_317,VGND,li1,154.1000,201.2800,0.000059
FILLER_70_309,VGND,li1,148.3500,201.2800,0.000065
FILLER_70_300,VGND,li1,145.3600,201.2800,0.000067
FILLER_70_288,VGND,li1,140.7600,201.2800,0.000072
FILLER_70_263,VGND,li1,129.2600,201.2800,0.000079
FILLER_70_259,VGND,li1,124.8900,201.2800,0.000080
FILLER_70_235,VGND,li1,114.0800,201.2800,0.000084
FILLER_70_221,VGND,li1,107.8700,201.2800,0.000084
FILLER_70_209,VGND,li1,104.4200,201.2800,0.000085
FILLER_70_197,VGND,li1,98.9000,201.2800,0.000085
FILLER_70_183,VGND,li1,91.5400,201.2800,0.000085
FILLER_70_175,VGND,li1,86.2500,201.2800,0.000085
FILLER_70_156,VGND,li1,78.6600,201.2800,0.000083
FILLER_70_141,VGND,li1,70.6100,201.2800,0.000079
FILLER_70_139,VGND,li1,69.6900,201.2800,0.000078
FILLER_70_127,VGND,li1,66.7000,201.2800,0.000076
FILLER_70_115,VGND,li1,61.1800,201.2800,0.000072
FILLER_70_97,VGND,li1,52.9000,201.2800,0.000064
FILLER_70_85,VGND,li1,47.3800,201.2800,0.000057
FILLER_70_83,VGND,li1,43.9300,201.2800,0.000052
FILLER_70_75,VGND,li1,40.4800,201.2800,0.000050
FILLER_70_54,VGND,li1,31.0500,201.2800,0.000037
FILLER_70_37,VGND,li1,23.0000,201.2800,0.000031
FILLER_70_27,VGND,li1,18.1700,201.2800,0.000039
FILLER_70_21,VGND,li1,16.5600,201.2800,0.000039
FILLER_70_15,VGND,li1,12.8800,201.2800,0.000043
FILLER_70_7,VGND,li1,10.5800,201.2800,0.000045
FILLER_69_797,VGND,li1,372.8300,201.2800,0.000355
FILLER_69_785,VGND,li1,369.3800,201.2800,0.000345
FILLER_69_781,VGND,li1,365.4700,201.2800,0.000336
FILLER_69_767,VGND,li1,358.5700,201.2800,0.000313
FILLER_69_763,VGND,li1,357.4200,201.2800,0.000313
FILLER_69_727,VGND,li1,340.1700,201.2800,0.000212
FILLER_69_723,VGND,li1,339.0200,201.2800,0.000212
FILLER_69_707,VGND,li1,331.2000,201.2800,0.000138
FILLER_69_699,VGND,li1,328.9000,201.2800,0.000143
FILLER_69_680,VGND,li1,321.0800,201.2800,0.000148
FILLER_69_668,VGND,li1,313.7200,201.2800,0.000153
FILLER_69_643,VGND,li1,301.7600,201.2800,0.000156
FILLER_69_629,VGND,li1,296.7000,201.2800,0.000158
FILLER_69_617,VGND,li1,292.1000,201.2800,0.000158
FILLER_69_610,VGND,li1,287.5000,201.2800,0.000159
FILLER_69_605,VGND,li1,284.0500,201.2800,0.000159
FILLER_69_599,VGND,li1,282.4400,201.2800,0.000159
FILLER_69_580,VGND,li1,273.2400,201.2800,0.000157
FILLER_69_567,VGND,li1,267.0300,201.2800,0.000155
FILLER_69_559,VGND,li1,262.8900,201.2800,0.000153
FILLER_69_546,VGND,li1,257.1400,201.2800,0.000149
FILLER_69_542,VGND,li1,255.0700,201.2800,0.000147
FILLER_69_536,VGND,li1,253.4600,201.2800,0.000144
FILLER_69_524,VGND,li1,249.3200,201.2800,0.000141
FILLER_69_517,VGND,li1,243.8000,201.2800,0.000137
FILLER_69_505,VGND,li1,240.5800,201.2800,0.000133
FILLER_69_503,VGND,li1,237.1300,201.2800,0.000128
FILLER_69_497,VGND,li1,235.5200,201.2800,0.000126
FILLER_69_485,VGND,li1,231.3800,201.2800,0.000123
FILLER_69_475,VGND,li1,224.4800,201.2800,0.000114
FILLER_69_463,VGND,li1,221.2600,201.2800,0.000109
FILLER_69_444,VGND,li1,210.6800,201.2800,0.000097
FILLER_69_420,VGND,li1,199.4100,201.2800,0.000079
FILLER_69_412,VGND,li1,196.8800,201.2800,0.000075
FILLER_69_397,VGND,li1,188.3700,201.2800,0.000056
FILLER_69_393,VGND,li1,187.2200,201.2800,0.000056
FILLER_69_388,VGND,li1,184.9200,201.2800,0.000051
FILLER_69_373,VGND,li1,178.9400,201.2800,0.000035
FILLER_69_361,VGND,li1,174.3400,201.2800,0.000038
FILLER_69_349,VGND,li1,168.8200,201.2800,0.000044
FILLER_69_337,VGND,li1,163.3000,201.2800,0.000050
FILLER_69_335,VGND,li1,159.8500,201.2800,0.000055
FILLER_69_329,VGND,li1,158.2400,201.2800,0.000055
FILLER_69_317,VGND,li1,154.1000,201.2800,0.000059
FILLER_69_305,VGND,li1,148.5800,201.2800,0.000065
FILLER_69_293,VGND,li1,143.0600,201.2800,0.000069
FILLER_69_281,VGND,li1,136.1600,201.2800,0.000076
FILLER_69_279,VGND,li1,134.0900,201.2800,0.000078
FILLER_69_273,VGND,li1,132.4800,201.2800,0.000078
FILLER_69_261,VGND,li1,128.3400,201.2800,0.000079
FILLER_69_249,VGND,li1,122.8200,201.2800,0.000082
FILLER_69_237,VGND,li1,117.3000,201.2800,0.000083
FILLER_69_225,VGND,li1,111.7800,201.2800,0.000084
FILLER_69_218,VGND,li1,107.1800,201.2800,0.000084
FILLER_69_206,VGND,li1,103.0400,201.2800,0.000085
FILLER_69_194,VGND,li1,97.5200,201.2800,0.000085
FILLER_69_182,VGND,li1,92.0000,201.2800,0.000085
FILLER_69_169,VGND,li1,84.1800,201.2800,0.000085
FILLER_69_162,VGND,li1,81.4200,201.2800,0.000084
FILLER_69_150,VGND,li1,77.2800,201.2800,0.000082
FILLER_69_144,VGND,li1,71.9900,201.2800,0.000080
FILLER_69_140,VGND,li1,70.8400,201.2800,0.000079
FILLER_69_131,VGND,li1,66.2400,201.2800,0.000076
FILLER_69_119,VGND,li1,60.4900,201.2800,0.000070
FILLER_69_113,VGND,li1,58.8800,201.2800,0.000070
FILLER_69_100,VGND,li1,54.2800,201.2800,0.000064
FILLER_69_81,VGND,li1,43.0100,201.2800,0.000052
FILLER_69_69,VGND,li1,40.0200,201.2800,0.000048
FILLER_69_52,VGND,li1,29.6700,201.2800,0.000034
FILLER_69_40,VGND,li1,26.6800,201.2800,0.000029
FILLER_69_31,VGND,li1,20.2400,201.2800,0.000036
FILLER_69_19,VGND,li1,17.0200,201.2800,0.000039
FILLER_69_7,VGND,li1,11.5000,201.2800,0.000045
FILLER_68_809,VGND,li1,378.1200,195.8400,0.000431
FILLER_68_784,VGND,li1,366.6200,195.8400,0.000397
FILLER_68_780,VGND,li1,364.5500,195.8400,0.000388
FILLER_68_774,VGND,li1,362.9400,195.8400,0.000378
FILLER_68_762,VGND,li1,356.7300,195.8400,0.000341
FILLER_68_757,VGND,li1,354.2000,195.8400,0.000327
FILLER_68_754,VGND,li1,352.8200,195.8400,0.000327
FILLER_68_746,VGND,li1,350.5200,195.8400,0.000312
FILLER_68_734,VGND,li1,345.9200,195.8400,0.000284
FILLER_68_717,VGND,li1,335.5700,195.8400,0.000202
FILLER_68_689,VGND,li1,322.6900,195.8400,0.000196
FILLER_68_681,VGND,li1,320.6200,195.8400,0.000200
FILLER_68_669,VGND,li1,316.0200,195.8400,0.000210
FILLER_68_657,VGND,li1,310.5000,195.8400,0.000224
FILLER_68_645,VGND,li1,304.9800,195.8400,0.000230
FILLER_68_641,VGND,li1,301.0700,195.8400,0.000236
FILLER_68_629,VGND,li1,297.6200,195.8400,0.000242
FILLER_68_617,VGND,li1,292.1000,195.8400,0.000246
FILLER_68_574,VGND,li1,270.4800,195.8400,0.000248
FILLER_68_538,VGND,li1,253.4600,195.8400,0.000241
FILLER_68_533,VGND,li1,250.9300,195.8400,0.000239
FILLER_68_530,VGND,li1,249.7800,195.8400,0.000237
FILLER_68_514,VGND,li1,243.8000,195.8400,0.000232
FILLER_68_499,VGND,li1,235.7500,195.8400,0.000221
FILLER_68_491,VGND,li1,233.2200,195.8400,0.000219
FILLER_68_458,VGND,li1,218.9600,195.8400,0.000194
FILLER_68_449,VGND,li1,212.5200,195.8400,0.000178
FILLER_68_437,VGND,li1,209.3000,195.8400,0.000171
FILLER_68_430,VGND,li1,203.5500,195.8400,0.000158
FILLER_68_421,VGND,li1,199.4100,195.8400,0.000144
FILLER_68_416,VGND,li1,197.8000,195.8400,0.000144
FILLER_68_403,VGND,li1,191.1300,195.8400,0.000126
FILLER_68_395,VGND,li1,189.0600,195.8400,0.000120
FILLER_68_387,VGND,li1,183.7700,195.8400,0.000105
FILLER_68_369,VGND,li1,175.4900,195.8400,0.000107
FILLER_68_365,VGND,li1,174.3400,195.8400,0.000107
FILLER_68_362,VGND,li1,172.5000,195.8400,0.000118
FILLER_68_353,VGND,li1,168.3600,195.8400,0.000141
FILLER_68_345,VGND,li1,166.0600,195.8400,0.000154
FILLER_68_333,VGND,li1,161.4600,195.8400,0.000179
FILLER_68_321,VGND,li1,155.9400,195.8400,0.000212
FILLER_68_309,VGND,li1,150.4200,195.8400,0.000243
FILLER_68_300,VGND,li1,145.3600,195.8400,0.000268
FILLER_68_289,VGND,li1,138.6900,195.8400,0.000304
FILLER_68_272,VGND,li1,131.5600,195.8400,0.000341
FILLER_68_265,VGND,li1,127.6500,195.8400,0.000368
FILLER_68_253,VGND,li1,124.6600,195.8400,0.000378
FILLER_68_246,VGND,li1,120.0600,195.8400,0.000399
FILLER_68_234,VGND,li1,115.9200,195.8400,0.000425
FILLER_68_209,VGND,li1,102.1200,195.8400,0.000459
FILLER_68_197,VGND,li1,98.9000,195.8400,0.000460
FILLER_68_195,VGND,li1,95.4500,195.8400,0.000460
FILLER_68_191,VGND,li1,94.3000,195.8400,0.000460
FILLER_68_182,VGND,li1,89.7000,195.8400,0.000453
FILLER_68_174,VGND,li1,87.4000,195.8400,0.000447
FILLER_68_165,VGND,li1,82.3400,195.8400,0.000427
FILLER_68_153,VGND,li1,78.6600,195.8400,0.000418
FILLER_68_141,VGND,li1,73.1400,195.8400,0.000383
FILLER_68_139,VGND,li1,69.6900,195.8400,0.000371
FILLER_68_133,VGND,li1,68.0800,195.8400,0.000360
FILLER_68_116,VGND,li1,59.3400,195.8400,0.000307
FILLER_68_104,VGND,li1,56.1200,195.8400,0.000294
FILLER_68_92,VGND,li1,50.6000,195.8400,0.000261
FILLER_68_64,VGND,li1,37.7200,195.8400,0.000177
FILLER_68_52,VGND,li1,32.2000,195.8400,0.000143
FILLER_68_27,VGND,li1,18.1700,195.8400,0.000098
FILLER_68_15,VGND,li1,15.1800,195.8400,0.000101
FILLER_68_3,VGND,li1,9.6600,195.8400,0.000107
FILLER_67_788,VGND,li1,368.6900,195.8400,0.000408
FILLER_67_778,VGND,li1,363.6300,195.8400,0.000378
FILLER_67_774,VGND,li1,362.4800,195.8400,0.000378
FILLER_67_764,VGND,li1,357.4200,195.8400,0.000353
FILLER_67_755,VGND,li1,353.0500,195.8400,0.000327
FILLER_67_749,VGND,li1,351.4400,195.8400,0.000312
FILLER_67_737,VGND,li1,347.3000,195.8400,0.000284
FILLER_67_729,VGND,li1,341.0900,195.8400,0.000247
FILLER_67_722,VGND,li1,339.0200,195.8400,0.000223
FILLER_67_696,VGND,li1,326.1400,195.8400,0.000188
FILLER_67_685,VGND,li1,321.0800,195.8400,0.000200
FILLER_67_673,VGND,li1,317.8600,195.8400,0.000206
FILLER_67_669,VGND,li1,313.9500,195.8400,0.000214
FILLER_67_649,VGND,li1,305.9000,195.8400,0.000230
FILLER_67_637,VGND,li1,301.3000,195.8400,0.000236
FILLER_67_617,VGND,li1,290.7200,195.8400,0.000246
FILLER_67_613,VGND,li1,288.1900,195.8400,0.000248
FILLER_67_603,VGND,li1,283.1300,195.8400,0.000249
FILLER_67_590,VGND,li1,278.3000,195.8400,0.000249
FILLER_67_583,VGND,li1,274.3900,195.8400,0.000248
FILLER_67_575,VGND,li1,271.8600,195.8400,0.000248
FILLER_67_559,VGND,li1,262.8900,195.8400,0.000245
FILLER_67_551,VGND,li1,259.6700,195.8400,0.000244
FILLER_67_519,VGND,li1,244.7200,195.8400,0.000232
FILLER_67_505,VGND,li1,238.2800,195.8400,0.000225
FILLER_67_503,VGND,li1,237.1300,195.8400,0.000225
FILLER_67_495,VGND,li1,235.0600,195.8400,0.000221
FILLER_67_483,VGND,li1,230.4600,195.8400,0.000213
FILLER_67_441,VGND,li1,208.8400,195.8400,0.000171
FILLER_67_429,VGND,li1,205.6200,195.8400,0.000163
FILLER_67_417,VGND,li1,200.1000,195.8400,0.000150
FILLER_67_405,VGND,li1,194.5800,195.8400,0.000131
FILLER_67_393,VGND,li1,189.0600,195.8400,0.000120
FILLER_67_389,VGND,li1,185.1500,195.8400,0.000105
FILLER_67_373,VGND,li1,178.9400,195.8400,0.000088
FILLER_67_361,VGND,li1,174.3400,195.8400,0.000107
FILLER_67_349,VGND,li1,168.8200,195.8400,0.000141
FILLER_67_337,VGND,li1,163.3000,195.8400,0.000169
FILLER_67_332,VGND,li1,159.1600,195.8400,0.000192
FILLER_67_320,VGND,li1,155.4800,195.8400,0.000212
FILLER_67_308,VGND,li1,149.9600,195.8400,0.000243
FILLER_67_294,VGND,li1,140.9900,195.8400,0.000295
FILLER_67_285,VGND,li1,136.8500,195.8400,0.000320
FILLER_67_281,VGND,li1,135.7000,195.8400,0.000320
FILLER_67_257,VGND,li1,124.2000,195.8400,0.000378
FILLER_67_250,VGND,li1,120.7500,195.8400,0.000399
FILLER_67_225,VGND,li1,109.4800,195.8400,0.000439
FILLER_67_223,VGND,li1,108.3300,195.8400,0.000446
FILLER_67_219,VGND,li1,107.1800,195.8400,0.000446
FILLER_67_200,VGND,li1,98.4400,195.8400,0.000460
FILLER_67_177,VGND,li1,87.4000,195.8400,0.000447
FILLER_67_169,VGND,li1,85.1000,195.8400,0.000437
FILLER_67_167,VGND,li1,82.5700,195.8400,0.000427
FILLER_67_163,VGND,li1,81.4200,195.8400,0.000427
FILLER_67_153,VGND,li1,76.5900,195.8400,0.000408
FILLER_67_141,VGND,li1,70.6100,195.8400,0.000371
FILLER_67_129,VGND,li1,67.6200,195.8400,0.000360
FILLER_67_117,VGND,li1,62.1000,195.8400,0.000319
FILLER_67_108,VGND,li1,56.1200,195.8400,0.000294
FILLER_67_102,VGND,li1,53.1300,195.8400,0.000276
FILLER_67_94,VGND,li1,50.6000,195.8400,0.000261
FILLER_67_82,VGND,li1,46.0000,195.8400,0.000233
FILLER_67_70,VGND,li1,40.4800,195.8400,0.000199
FILLER_67_63,VGND,li1,34.7300,195.8400,0.000163
FILLER_67_57,VGND,li1,33.1200,195.8400,0.000143
FILLER_67_50,VGND,li1,29.9000,195.8400,0.000126
FILLER_67_27,VGND,li1,18.6300,195.8400,0.000098
FILLER_67_19,VGND,li1,16.1000,195.8400,0.000101
FILLER_67_7,VGND,li1,11.5000,195.8400,0.000105
FILLER_66_810,VGND,li1,378.3500,190.4000,0.000488
FILLER_66_786,VGND,li1,367.3100,190.4000,0.000469
FILLER_66_782,VGND,li1,366.1600,190.4000,0.000469
FILLER_66_770,VGND,li1,362.4800,190.4000,0.000454
FILLER_66_766,VGND,li1,358.1100,190.4000,0.000446
FILLER_66_762,VGND,li1,356.9600,190.4000,0.000438
FILLER_66_757,VGND,li1,354.2000,190.4000,0.000430
FILLER_66_753,VGND,li1,352.5900,190.4000,0.000430
FILLER_66_710,VGND,li1,332.5800,190.4000,0.000235
FILLER_66_666,VGND,li1,313.7200,190.4000,0.000315
FILLER_66_659,VGND,li1,309.5800,190.4000,0.000322
FILLER_66_653,VGND,li1,306.5900,190.4000,0.000327
FILLER_66_645,VGND,li1,304.0600,190.4000,0.000333
FILLER_66_641,VGND,li1,301.0700,190.4000,0.000336
FILLER_66_632,VGND,li1,296.7000,190.4000,0.000343
FILLER_66_624,VGND,li1,293.0200,190.4000,0.000349
FILLER_66_616,VGND,li1,290.7200,190.4000,0.000350
FILLER_66_610,VGND,li1,286.5800,190.4000,0.000352
FILLER_66_601,VGND,li1,282.4400,190.4000,0.000352
FILLER_66_589,VGND,li1,279.2200,190.4000,0.000349
FILLER_66_576,VGND,li1,273.2400,190.4000,0.000343
FILLER_66_564,VGND,li1,267.7200,190.4000,0.000337
FILLER_66_552,VGND,li1,262.2000,190.4000,0.000329
FILLER_66_528,VGND,li1,249.3200,190.4000,0.000313
FILLER_66_515,VGND,li1,243.8000,190.4000,0.000305
FILLER_66_493,VGND,li1,232.7600,190.4000,0.000287
FILLER_66_477,VGND,li1,225.6300,190.4000,0.000271
FILLER_66_472,VGND,li1,223.5600,190.4000,0.000266
FILLER_66_460,VGND,li1,219.8800,190.4000,0.000257
FILLER_66_453,VGND,li1,214.1300,190.4000,0.000242
FILLER_66_447,VGND,li1,212.5200,190.4000,0.000237
FILLER_66_412,VGND,li1,196.8800,190.4000,0.000191
FILLER_66_400,VGND,li1,192.2800,190.4000,0.000177
FILLER_66_388,VGND,li1,186.7600,190.4000,0.000155
FILLER_66_365,VGND,li1,174.1100,190.4000,0.000161
FILLER_66_363,VGND,li1,172.7300,190.4000,0.000178
FILLER_66_357,VGND,li1,171.1200,190.4000,0.000178
FILLER_66_345,VGND,li1,166.9800,190.4000,0.000212
FILLER_66_333,VGND,li1,161.4600,190.4000,0.000257
FILLER_66_321,VGND,li1,155.9400,190.4000,0.000310
FILLER_66_309,VGND,li1,150.4200,190.4000,0.000356
FILLER_66_306,VGND,li1,146.7400,190.4000,0.000388
FILLER_66_294,VGND,li1,143.5200,190.4000,0.000418
FILLER_66_283,VGND,li1,137.5400,190.4000,0.000453
FILLER_66_271,VGND,li1,132.9400,190.4000,0.000491
FILLER_66_258,VGND,li1,124.4300,190.4000,0.000559
FILLER_66_248,VGND,li1,119.8300,190.4000,0.000595
FILLER_66_244,VGND,li1,118.6800,190.4000,0.000615
FILLER_66_232,VGND,li1,115.0000,190.4000,0.000633
FILLER_66_224,VGND,li1,108.7900,190.4000,0.000681
FILLER_66_220,VGND,li1,107.6400,190.4000,0.000681
FILLER_66_204,VGND,li1,100.0500,190.4000,0.000703
FILLER_66_156,VGND,li1,77.9700,190.4000,0.000632
FILLER_66_137,VGND,li1,69.2300,190.4000,0.000578
FILLER_66_129,VGND,li1,65.0900,190.4000,0.000535
FILLER_66_125,VGND,li1,63.9400,190.4000,0.000535
FILLER_66_96,VGND,li1,51.0600,190.4000,0.000411
FILLER_66_85,VGND,li1,45.3100,190.4000,0.000346
FILLER_66_82,VGND,li1,43.7000,190.4000,0.000346
FILLER_66_74,VGND,li1,41.4000,190.4000,0.000321
FILLER_66_53,VGND,li1,30.1300,190.4000,0.000186
FILLER_66_45,VGND,li1,28.0600,190.4000,0.000155
FILLER_66_41,VGND,li1,24.6100,190.4000,0.000132
FILLER_66_29,VGND,li1,21.6200,190.4000,0.000135
FILLER_66_27,VGND,li1,18.1700,190.4000,0.000139
FILLER_66_19,VGND,li1,16.1000,190.4000,0.000141
FILLER_66_7,VGND,li1,11.5000,190.4000,0.000145
FILLER_65_790,VGND,li1,369.1500,190.4000,0.000474
FILLER_65_782,VGND,li1,365.7000,190.4000,0.000463
FILLER_65_772,VGND,li1,360.8700,190.4000,0.000454
FILLER_65_768,VGND,li1,359.7200,190.4000,0.000446
FILLER_65_756,VGND,li1,356.0400,190.4000,0.000438
FILLER_65_744,VGND,li1,350.5200,190.4000,0.000424
FILLER_65_729,VGND,li1,342.7000,190.4000,0.000373
FILLER_65_724,VGND,li1,339.4800,190.4000,0.000334
FILLER_65_697,VGND,li1,326.8300,190.4000,0.000276
FILLER_65_673,VGND,li1,316.0200,190.4000,0.000311
FILLER_65_671,VGND,li1,314.4100,190.4000,0.000315
FILLER_65_645,VGND,li1,302.9100,190.4000,0.000333
FILLER_65_634,VGND,li1,297.3900,190.4000,0.000343
FILLER_65_626,VGND,li1,295.3200,190.4000,0.000345
FILLER_65_613,VGND,li1,288.1900,190.4000,0.000352
FILLER_65_591,VGND,li1,279.2200,190.4000,0.000349
FILLER_65_580,VGND,li1,272.5500,190.4000,0.000343
FILLER_65_568,VGND,li1,269.5600,190.4000,0.000339
FILLER_65_561,VGND,li1,264.5000,190.4000,0.000333
FILLER_65_554,VGND,li1,261.7400,190.4000,0.000329
FILLER_65_542,VGND,li1,257.6000,190.4000,0.000324
FILLER_65_511,VGND,li1,243.3400,190.4000,0.000301
FILLER_65_503,VGND,li1,237.1300,190.4000,0.000294
FILLER_65_497,VGND,li1,234.8300,190.4000,0.000290
FILLER_65_489,VGND,li1,232.3000,190.4000,0.000283
FILLER_65_474,VGND,li1,224.0200,190.4000,0.000266
FILLER_65_463,VGND,li1,218.7300,190.4000,0.000257
FILLER_65_449,VGND,li1,212.9800,190.4000,0.000242
FILLER_65_437,VGND,li1,206.7700,190.4000,0.000220
FILLER_65_431,VGND,li1,205.1600,190.4000,0.000220
FILLER_65_416,VGND,li1,198.2600,190.4000,0.000198
FILLER_65_405,VGND,li1,192.0500,190.4000,0.000170
FILLER_65_396,VGND,li1,188.3700,190.4000,0.000163
FILLER_65_386,VGND,li1,184.4600,190.4000,0.000144
FILLER_65_361,VGND,li1,173.4200,190.4000,0.000161
FILLER_65_349,VGND,li1,168.8200,190.4000,0.000197
FILLER_65_337,VGND,li1,163.3000,190.4000,0.000242
FILLER_65_335,VGND,li1,159.8500,190.4000,0.000280
FILLER_65_331,VGND,li1,158.7000,190.4000,0.000280
FILLER_65_319,VGND,li1,155.0200,190.4000,0.000310
FILLER_65_307,VGND,li1,149.5000,190.4000,0.000356
FILLER_65_293,VGND,li1,140.5300,190.4000,0.000433
FILLER_65_281,VGND,li1,137.5400,190.4000,0.000453
FILLER_65_277,VGND,li1,133.6300,190.4000,0.000491
FILLER_65_265,VGND,li1,130.1800,190.4000,0.000522
FILLER_65_259,VGND,li1,124.8900,190.4000,0.000559
FILLER_65_237,VGND,li1,117.3000,190.4000,0.000615
FILLER_65_225,VGND,li1,111.7800,190.4000,0.000667
FILLER_65_221,VGND,li1,107.8700,190.4000,0.000681
FILLER_65_199,VGND,li1,97.2900,190.4000,0.000705
FILLER_65_193,VGND,li1,95.6800,190.4000,0.000705
FILLER_65_177,VGND,li1,87.1700,190.4000,0.000685
FILLER_65_147,VGND,li1,73.3700,190.4000,0.000599
FILLER_65_130,VGND,li1,65.5500,190.4000,0.000535
FILLER_65_118,VGND,li1,62.5600,190.4000,0.000515
FILLER_65_111,VGND,li1,56.8100,190.4000,0.000471
FILLER_65_104,VGND,li1,53.5900,190.4000,0.000431
FILLER_65_100,VGND,li1,52.4400,190.4000,0.000431
FILLER_65_77,VGND,li1,41.1700,190.4000,0.000321
FILLER_65_55,VGND,li1,31.0500,190.4000,0.000211
FILLER_65_47,VGND,li1,28.9800,190.4000,0.000186
FILLER_65_31,VGND,li1,21.6200,190.4000,0.000135
FILLER_65_19,VGND,li1,17.0200,190.4000,0.000141
FILLER_65_7,VGND,li1,11.5000,190.4000,0.000145
FILLER_64_795,VGND,li1,371.4500,184.9600,0.000516
FILLER_64_787,VGND,li1,369.3800,184.9600,0.000512
FILLER_64_779,VGND,li1,364.0900,184.9600,0.000497
FILLER_64_775,VGND,li1,362.9400,184.9600,0.000497
FILLER_64_757,VGND,li1,354.6600,184.9600,0.000471
FILLER_64_755,VGND,li1,353.0500,184.9600,0.000466
FILLER_64_744,VGND,li1,347.9900,184.9600,0.000453
FILLER_64_716,VGND,li1,337.6400,184.9600,0.000345
FILLER_64_696,VGND,li1,326.6000,184.9600,0.000272
FILLER_64_684,VGND,li1,322.9200,184.9600,0.000285
FILLER_64_680,VGND,li1,318.5500,184.9600,0.000298
FILLER_64_664,VGND,li1,312.8000,184.9600,0.000314
FILLER_64_655,VGND,li1,307.2800,184.9600,0.000328
FILLER_64_651,VGND,li1,305.2100,184.9600,0.000333
FILLER_64_643,VGND,li1,301.5300,184.9600,0.000343
FILLER_64_618,VGND,li1,292.5600,184.9600,0.000363
FILLER_64_589,VGND,li1,279.2200,184.9600,0.000374
FILLER_64_587,VGND,li1,275.7700,184.9600,0.000374
FILLER_64_583,VGND,li1,274.6200,184.9600,0.000374
FILLER_64_568,VGND,li1,267.2600,184.9600,0.000370
FILLER_64_560,VGND,li1,263.3500,184.9600,0.000367
FILLER_64_550,VGND,li1,259.2100,184.9600,0.000364
FILLER_64_542,VGND,li1,256.6800,184.9600,0.000360
FILLER_64_533,VGND,li1,251.1600,184.9600,0.000351
FILLER_64_520,VGND,li1,247.4800,184.9600,0.000346
FILLER_64_513,VGND,li1,242.4200,184.9600,0.000334
FILLER_64_501,VGND,li1,238.7400,184.9600,0.000327
FILLER_64_489,VGND,li1,233.2200,184.9600,0.000313
FILLER_64_477,VGND,li1,227.7000,184.9600,0.000301
FILLER_64_425,VGND,li1,201.2500,184.9600,0.000231
FILLER_64_421,VGND,li1,200.1000,184.9600,0.000224
FILLER_64_412,VGND,li1,196.8800,184.9600,0.000215
FILLER_64_395,VGND,li1,187.4500,184.9600,0.000184
FILLER_64_389,VGND,li1,185.8400,184.9600,0.000184
FILLER_64_377,VGND,li1,181.7000,184.9600,0.000171
FILLER_64_365,VGND,li1,176.1800,184.9600,0.000195
FILLER_64_361,VGND,li1,172.2700,184.9600,0.000249
FILLER_64_353,VGND,li1,169.7400,184.9600,0.000279
FILLER_64_341,VGND,li1,165.1400,184.9600,0.000339
FILLER_64_329,VGND,li1,159.6200,184.9600,0.000426
FILLER_64_317,VGND,li1,154.1000,184.9600,0.000491
FILLER_64_307,VGND,li1,146.9700,184.9600,0.000573
FILLER_64_299,VGND,li1,143.2900,184.9600,0.000618
FILLER_64_284,VGND,li1,136.6200,184.9600,0.000700
FILLER_64_280,VGND,li1,134.5500,184.9600,0.000724
FILLER_64_273,VGND,li1,131.7900,184.9600,0.000757
FILLER_64_265,VGND,li1,129.2600,184.9600,0.000800
FILLER_64_253,VGND,li1,124.6600,184.9600,0.000843
FILLER_64_246,VGND,li1,120.0600,184.9600,0.000895
FILLER_64_221,VGND,li1,107.6400,184.9600,0.000958
FILLER_64_213,VGND,li1,105.3400,184.9600,0.000951
FILLER_64_197,VGND,li1,96.8300,184.9600,0.000891
FILLER_64_195,VGND,li1,95.4500,184.9600,0.000891
FILLER_64_187,VGND,li1,93.3800,184.9600,0.000877
FILLER_64_171,VGND,li1,84.4100,184.9600,0.000810
FILLER_64_150,VGND,li1,75.4400,184.9600,0.000722
FILLER_64_141,VGND,li1,71.3000,184.9600,0.000677
FILLER_64_126,VGND,li1,63.9400,184.9600,0.000595
FILLER_64_114,VGND,li1,60.7200,184.9600,0.000540
FILLER_64_102,VGND,li1,55.2000,184.9600,0.000489
FILLER_64_93,VGND,li1,48.9900,184.9600,0.000423
FILLER_64_85,VGND,li1,45.0800,184.9600,0.000377
FILLER_64_78,VGND,li1,42.7800,184.9600,0.000350
FILLER_64_66,VGND,li1,38.6400,184.9600,0.000302
FILLER_64_54,VGND,li1,33.1200,184.9600,0.000218
FILLER_64_29,VGND,li1,19.3200,184.9600,0.000141
FILLER_64_27,VGND,li1,18.1700,184.9600,0.000141
FILLER_64_21,VGND,li1,16.5600,184.9600,0.000144
FILLER_64_9,VGND,li1,12.4200,184.9600,0.000147
FILLER_63_796,VGND,li1,373.5200,184.9600,0.000521
FILLER_63_791,VGND,li1,369.6100,184.9600,0.000512
FILLER_63_785,VGND,li1,368.0000,184.9600,0.000506
FILLER_63_778,VGND,li1,364.7800,184.9600,0.000501
FILLER_63_755,VGND,li1,353.2800,184.9600,0.000471
FILLER_63_743,VGND,li1,350.0600,184.9600,0.000460
FILLER_63_729,VGND,li1,341.0900,184.9600,0.000375
FILLER_63_724,VGND,li1,339.4800,184.9600,0.000375
FILLER_63_712,VGND,li1,335.8000,184.9600,0.000315
FILLER_63_704,VGND,li1,329.5900,184.9600,0.000251
FILLER_63_698,VGND,li1,327.9800,184.9600,0.000260
FILLER_63_673,VGND,li1,317.8600,184.9600,0.000298
FILLER_63_669,VGND,li1,313.9500,184.9600,0.000308
FILLER_63_661,VGND,li1,311.4200,184.9600,0.000314
FILLER_63_649,VGND,li1,306.8200,184.9600,0.000328
FILLER_63_637,VGND,li1,301.3000,184.9600,0.000343
FILLER_63_633,VGND,li1,296.9300,184.9600,0.000350
FILLER_63_615,VGND,li1,288.6500,184.9600,0.000368
FILLER_63_611,VGND,li1,287.5000,184.9600,0.000372
FILLER_63_584,VGND,li1,274.3900,184.9600,0.000374
FILLER_63_572,VGND,li1,271.4000,184.9600,0.000372
FILLER_63_556,VGND,li1,262.2000,184.9600,0.000366
FILLER_63_537,VGND,li1,253.9200,184.9600,0.000356
FILLER_63_521,VGND,li1,245.6400,184.9600,0.000339
FILLER_63_508,VGND,li1,239.6600,184.9600,0.000327
FILLER_63_488,VGND,li1,230.6900,184.9600,0.000308
FILLER_63_473,VGND,li1,225.8600,184.9600,0.000293
FILLER_63_465,VGND,li1,219.6500,184.9600,0.000278
FILLER_63_461,VGND,li1,218.5000,184.9600,0.000278
FILLER_63_449,VGND,li1,214.8200,184.9600,0.000268
FILLER_63_444,VGND,li1,210.6800,184.9600,0.000253
FILLER_63_419,VGND,li1,199.6400,184.9600,0.000224
FILLER_63_413,VGND,li1,195.9600,184.9600,0.000215
FILLER_63_405,VGND,li1,193.6600,184.9600,0.000205
FILLER_63_393,VGND,li1,189.0600,184.9600,0.000192
FILLER_63_380,VGND,li1,183.0800,184.9600,0.000171
FILLER_63_368,VGND,li1,177.5600,184.9600,0.000195
FILLER_63_356,VGND,li1,172.0400,184.9600,0.000249
FILLER_63_344,VGND,li1,166.5200,184.9600,0.000339
FILLER_63_334,VGND,li1,159.6200,184.9600,0.000426
FILLER_63_330,VGND,li1,157.5500,184.9600,0.000455
FILLER_63_310,VGND,li1,148.3500,184.9600,0.000573
FILLER_63_302,VGND,li1,145.1300,184.9600,0.000595
FILLER_63_296,VGND,li1,141.9100,184.9600,0.000647
FILLER_63_260,VGND,li1,125.8100,184.9600,0.000843
FILLER_63_241,VGND,li1,116.6100,184.9600,0.000931
FILLER_63_237,VGND,li1,115.4600,184.9600,0.000954
FILLER_63_225,VGND,li1,111.7800,184.9600,0.000962
FILLER_63_223,VGND,li1,108.3300,184.9600,0.000958
FILLER_63_219,VGND,li1,107.1800,184.9600,0.000958
FILLER_63_199,VGND,li1,98.4400,184.9600,0.000912
FILLER_63_187,VGND,li1,94.3000,184.9600,0.000877
FILLER_63_166,VGND,li1,82.3400,184.9600,0.000790
FILLER_63_153,VGND,li1,76.5900,184.9600,0.000722
FILLER_63_145,VGND,li1,74.0600,184.9600,0.000700
FILLER_63_133,VGND,li1,69.4600,184.9600,0.000649
FILLER_63_121,VGND,li1,63.9400,184.9600,0.000595
FILLER_63_113,VGND,li1,57.9600,184.9600,0.000513
FILLER_63_111,VGND,li1,56.8100,184.9600,0.000513
FILLER_63_103,VGND,li1,54.7400,184.9600,0.000489
FILLER_63_91,VGND,li1,50.1400,184.9600,0.000423
FILLER_63_86,VGND,li1,45.3100,184.9600,0.000377
FILLER_63_81,VGND,li1,43.2400,184.9600,0.000350
FILLER_63_69,VGND,li1,40.0200,184.9600,0.000302
FILLER_63_57,VGND,li1,34.5000,184.9600,0.000253
FILLER_63_55,VGND,li1,31.0500,184.9600,0.000197
FILLER_63_51,VGND,li1,29.9000,184.9600,0.000197
FILLER_63_27,VGND,li1,18.8600,184.9600,0.000141
FILLER_63_15,VGND,li1,15.1800,184.9600,0.000144
FILLER_63_3,VGND,li1,9.6600,184.9600,0.000150
FILLER_62_780,VGND,li1,364.5500,179.5200,0.000514
FILLER_62_772,VGND,li1,362.4800,179.5200,0.000507
FILLER_62_760,VGND,li1,355.3500,179.5200,0.000482
FILLER_62_753,VGND,li1,352.5900,179.5200,0.000475
FILLER_62_741,VGND,li1,349.1400,179.5200,0.000463
FILLER_62_726,VGND,li1,340.1700,179.5200,0.000401
FILLER_62_701,VGND,li1,328.9000,179.5200,0.000302
FILLER_62_696,VGND,li1,326.6000,179.5200,0.000322
FILLER_62_682,VGND,li1,320.1600,179.5200,0.000363
FILLER_62_664,VGND,li1,311.8800,179.5200,0.000408
FILLER_62_653,VGND,li1,306.3600,179.5200,0.000425
FILLER_62_645,VGND,li1,304.0600,179.5200,0.000435
FILLER_62_643,VGND,li1,301.5300,179.5200,0.000452
FILLER_62_638,VGND,li1,299.4600,179.5200,0.000459
FILLER_62_630,VGND,li1,297.1600,179.5200,0.000468
FILLER_62_574,VGND,li1,270.4800,179.5200,0.000523
FILLER_62_537,VGND,li1,254.3800,179.5200,0.000479
FILLER_62_528,VGND,li1,249.3200,179.5200,0.000462
FILLER_62_507,VGND,li1,239.2000,179.5200,0.000418
FILLER_62_495,VGND,li1,235.9800,179.5200,0.000407
FILLER_62_477,VGND,li1,225.8600,179.5200,0.000361
FILLER_62_464,VGND,li1,221.7200,179.5200,0.000339
FILLER_62_457,VGND,li1,215.9700,179.5200,0.000309
FILLER_62_445,VGND,li1,212.9800,179.5200,0.000296
FILLER_62_433,VGND,li1,207.4600,179.5200,0.000275
FILLER_62_421,VGND,li1,201.9400,179.5200,0.000249
FILLER_62_419,VGND,li1,198.4900,179.5200,0.000224
FILLER_62_413,VGND,li1,196.8800,179.5200,0.000224
FILLER_62_401,VGND,li1,192.7400,179.5200,0.000204
FILLER_62_389,VGND,li1,187.2200,179.5200,0.000178
FILLER_62_377,VGND,li1,181.7000,179.5200,0.000147
FILLER_62_365,VGND,li1,176.1800,179.5200,0.000148
FILLER_62_337,VGND,li1,160.7700,179.5200,0.000267
FILLER_62_330,VGND,li1,157.5500,179.5200,0.000295
FILLER_62_326,VGND,li1,155.7100,179.5200,0.000314
FILLER_62_320,VGND,li1,154.1000,179.5200,0.000314
FILLER_62_309,VGND,li1,149.5000,179.5200,0.000356
FILLER_62_306,VGND,li1,146.7400,179.5200,0.000370
FILLER_62_298,VGND,li1,144.4400,179.5200,0.000389
FILLER_62_286,VGND,li1,139.8400,179.5200,0.000422
FILLER_62_269,VGND,li1,129.4900,179.5200,0.000508
FILLER_62_265,VGND,li1,128.3400,179.5200,0.000508
FILLER_62_253,VGND,li1,124.6600,179.5200,0.000536
FILLER_62_251,VGND,li1,121.2100,179.5200,0.000561
FILLER_62_235,VGND,li1,116.3800,179.5200,0.000600
FILLER_62_222,VGND,li1,108.3300,179.5200,0.000640
FILLER_62_190,VGND,li1,94.3000,179.5200,0.000612
FILLER_62_175,VGND,li1,87.4000,179.5200,0.000577
FILLER_62_141,VGND,li1,73.1400,179.5200,0.000484
FILLER_62_137,VGND,li1,69.2300,179.5200,0.000460
FILLER_62_122,VGND,li1,62.1000,179.5200,0.000402
FILLER_62_110,VGND,li1,57.0400,179.5200,0.000361
FILLER_62_98,VGND,li1,53.3600,179.5200,0.000337
FILLER_62_85,VGND,li1,45.3100,179.5200,0.000278
FILLER_62_80,VGND,li1,43.2400,179.5200,0.000261
FILLER_62_70,VGND,li1,38.4100,179.5200,0.000221
FILLER_62_52,VGND,li1,29.6700,179.5200,0.000144
FILLER_62_48,VGND,li1,28.5200,179.5200,0.000119
FILLER_62_41,VGND,li1,25.3000,179.5200,0.000103
FILLER_62_29,VGND,li1,21.6200,179.5200,0.000106
FILLER_62_22,VGND,li1,17.0200,179.5200,0.000111
FILLER_62_15,VGND,li1,13.1100,179.5200,0.000115
FILLER_62_7,VGND,li1,10.5800,179.5200,0.000115
FILLER_61_801,VGND,li1,374.4400,179.5200,0.000541
FILLER_61_779,VGND,li1,364.3200,179.5200,0.000514
FILLER_61_764,VGND,li1,358.8000,179.5200,0.000495
FILLER_61_745,VGND,li1,348.4500,179.5200,0.000456
FILLER_61_741,VGND,li1,347.3000,179.5200,0.000456
FILLER_61_729,VGND,li1,343.6200,179.5200,0.000426
FILLER_61_701,VGND,li1,328.6700,179.5200,0.000302
FILLER_61_693,VGND,li1,326.1400,179.5200,0.000322
FILLER_61_679,VGND,li1,318.0900,179.5200,0.000380
FILLER_61_673,VGND,li1,316.4800,179.5200,0.000380
FILLER_61_658,VGND,li1,308.8900,179.5200,0.000417
FILLER_61_636,VGND,li1,298.3100,179.5200,0.000459
FILLER_61_628,VGND,li1,296.2400,179.5200,0.000468
FILLER_61_615,VGND,li1,288.6500,179.5200,0.000503
FILLER_61_607,VGND,li1,285.2000,179.5200,0.000509
FILLER_61_569,VGND,li1,267.7200,179.5200,0.000518
FILLER_61_561,VGND,li1,265.4200,179.5200,0.000513
FILLER_61_558,VGND,li1,262.6600,179.5200,0.000505
FILLER_61_534,VGND,li1,251.3900,179.5200,0.000470
FILLER_61_526,VGND,li1,249.3200,179.5200,0.000462
FILLER_61_508,VGND,li1,239.4300,179.5200,0.000418
FILLER_61_503,VGND,li1,237.1300,179.5200,0.000407
FILLER_61_499,VGND,li1,235.9800,179.5200,0.000407
FILLER_61_487,VGND,li1,232.3000,179.5200,0.000388
FILLER_61_472,VGND,li1,223.3300,179.5200,0.000350
FILLER_61_449,VGND,li1,212.5200,179.5200,0.000296
FILLER_61_447,VGND,li1,211.3700,179.5200,0.000286
FILLER_61_441,VGND,li1,209.7600,179.5200,0.000286
FILLER_61_429,VGND,li1,205.6200,179.5200,0.000266
FILLER_61_417,VGND,li1,200.1000,179.5200,0.000234
FILLER_61_405,VGND,li1,194.5800,179.5200,0.000213
FILLER_61_393,VGND,li1,189.0600,179.5200,0.000187
FILLER_61_391,VGND,li1,185.6100,179.5200,0.000165
FILLER_61_387,VGND,li1,184.4600,179.5200,0.000165
FILLER_61_375,VGND,li1,180.7800,179.5200,0.000147
FILLER_61_347,VGND,li1,165.6000,179.5200,0.000225
FILLER_61_341,VGND,li1,162.8400,179.5200,0.000249
FILLER_61_335,VGND,li1,159.8500,179.5200,0.000281
FILLER_61_329,VGND,li1,158.2400,179.5200,0.000295
FILLER_61_317,VGND,li1,154.1000,179.5200,0.000314
FILLER_61_305,VGND,li1,148.5800,179.5200,0.000356
FILLER_61_301,VGND,li1,144.2100,179.5200,0.000389
FILLER_61_293,VGND,li1,142.1400,179.5200,0.000405
FILLER_61_281,VGND,li1,137.5400,179.5200,0.000448
FILLER_61_276,VGND,li1,133.4000,179.5200,0.000471
FILLER_61_261,VGND,li1,128.3400,179.5200,0.000508
FILLER_61_249,VGND,li1,122.8200,179.5200,0.000561
FILLER_61_231,VGND,li1,113.1600,179.5200,0.000621
FILLER_61_221,VGND,li1,107.8700,179.5200,0.000640
FILLER_61_206,VGND,li1,100.7400,179.5200,0.000636
FILLER_61_194,VGND,li1,95.6800,179.5200,0.000612
FILLER_61_173,VGND,li1,85.3300,179.5200,0.000566
FILLER_61_169,VGND,li1,84.1800,179.5200,0.000553
FILLER_61_166,VGND,li1,82.3400,179.5200,0.000540
FILLER_61_149,VGND,li1,74.9800,179.5200,0.000501
FILLER_61_141,VGND,li1,70.6100,179.5200,0.000460
FILLER_61_135,VGND,li1,69.0000,179.5200,0.000460
FILLER_61_129,VGND,li1,65.0900,179.5200,0.000421
FILLER_61_123,VGND,li1,63.4800,179.5200,0.000421
FILLER_61_106,VGND,li1,55.6600,179.5200,0.000361
FILLER_61_89,VGND,li1,47.3800,179.5200,0.000295
FILLER_61_57,VGND,li1,31.9700,179.5200,0.000160
FILLER_61_34,VGND,li1,21.3900,179.5200,0.000106
FILLER_61_28,VGND,li1,19.7800,179.5200,0.000109
FILLER_61_7,VGND,li1,9.6600,179.5200,0.000115
FILLER_60_804,VGND,li1,376.0500,174.0800,0.000135
FILLER_60_792,VGND,li1,372.6000,174.0800,0.000135
FILLER_60_778,VGND,li1,364.7800,174.0800,0.000128
FILLER_60_769,VGND,li1,360.1800,174.0800,0.000125
FILLER_60_757,VGND,li1,356.5000,174.0800,0.000121
FILLER_60_749,VGND,li1,350.2900,174.0800,0.000116
FILLER_60_739,VGND,li1,346.3800,174.0800,0.000110
FILLER_60_730,VGND,li1,341.7800,174.0800,0.000104
FILLER_60_722,VGND,li1,339.4800,174.0800,0.000099
FILLER_60_710,VGND,li1,334.8800,174.0800,0.000090
FILLER_60_701,VGND,li1,329.3600,174.0800,0.000101
FILLER_60_699,VGND,li1,327.2900,174.0800,0.000115
FILLER_60_695,VGND,li1,326.1400,174.0800,0.000115
FILLER_60_683,VGND,li1,320.1600,174.0800,0.000151
FILLER_60_654,VGND,li1,308.2000,174.0800,0.000186
FILLER_60_645,VGND,li1,302.4500,174.0800,0.000205
FILLER_60_634,VGND,li1,297.8500,174.0800,0.000218
FILLER_60_630,VGND,li1,295.5500,174.0800,0.000225
FILLER_60_624,VGND,li1,293.2500,174.0800,0.000232
FILLER_60_611,VGND,li1,287.0400,174.0800,0.000253
FILLER_60_595,VGND,li1,280.1400,174.0800,0.000270
FILLER_60_584,VGND,li1,275.0800,174.0800,0.000278
FILLER_60_567,VGND,li1,267.2600,174.0800,0.000283
FILLER_60_538,VGND,li1,255.7600,174.0800,0.000277
FILLER_60_531,VGND,li1,250.0100,174.0800,0.000269
FILLER_60_527,VGND,li1,248.8600,174.0800,0.000265
FILLER_60_515,VGND,li1,245.1800,174.0800,0.000261
FILLER_60_495,VGND,li1,233.4500,174.0800,0.000238
FILLER_60_489,VGND,li1,231.8400,174.0800,0.000238
FILLER_60_477,VGND,li1,226.3200,174.0800,0.000225
FILLER_60_470,VGND,li1,223.1000,174.0800,0.000220
FILLER_60_448,VGND,li1,212.0600,174.0800,0.000195
FILLER_60_433,VGND,li1,206.5400,174.0800,0.000180
FILLER_60_421,VGND,li1,201.9400,174.0800,0.000172
FILLER_60_419,VGND,li1,198.4900,174.0800,0.000163
FILLER_60_407,VGND,li1,195.5000,174.0800,0.000156
FILLER_60_401,VGND,li1,190.2100,174.0800,0.000143
FILLER_60_389,VGND,li1,187.2200,174.0800,0.000134
FILLER_60_380,VGND,li1,181.0100,174.0800,0.000117
FILLER_60_372,VGND,li1,178.4800,174.0800,0.000125
FILLER_60_362,VGND,li1,172.5000,174.0800,0.000169
FILLER_60_346,VGND,li1,166.0600,174.0800,0.000210
FILLER_60_339,VGND,li1,161.9200,174.0800,0.000248
FILLER_60_331,VGND,li1,158.0100,174.0800,0.000283
FILLER_60_324,VGND,li1,155.0200,174.0800,0.000302
FILLER_60_280,VGND,li1,136.1600,174.0800,0.000435
FILLER_60_270,VGND,li1,130.4100,174.0800,0.000461
FILLER_60_259,VGND,li1,124.8900,174.0800,0.000505
FILLER_60_253,VGND,li1,123.2800,174.0800,0.000505
FILLER_60_249,VGND,li1,120.7500,174.0800,0.000520
FILLER_60_228,VGND,li1,111.0900,174.0800,0.000576
FILLER_60_193,VGND,li1,94.9900,174.0800,0.000571
FILLER_60_166,VGND,li1,82.1100,174.0800,0.000501
FILLER_60_162,VGND,li1,80.9600,174.0800,0.000501
FILLER_60_150,VGND,li1,76.3600,174.0800,0.000466
FILLER_60_141,VGND,li1,71.3000,174.0800,0.000438
FILLER_60_138,VGND,li1,69.4600,174.0800,0.000426
FILLER_60_118,VGND,li1,62.5600,174.0800,0.000370
FILLER_60_104,VGND,li1,53.5900,174.0800,0.000304
FILLER_60_92,VGND,li1,50.6000,174.0800,0.000290
FILLER_60_83,VGND,li1,43.9300,174.0800,0.000239
FILLER_60_79,VGND,li1,42.7800,174.0800,0.000220
FILLER_60_67,VGND,li1,39.1000,174.0800,0.000202
FILLER_60_54,VGND,li1,30.5900,174.0800,0.000132
FILLER_60_46,VGND,li1,28.5200,174.0800,0.000107
FILLER_60_39,VGND,li1,23.9200,174.0800,0.000090
FILLER_60_24,VGND,li1,17.4800,174.0800,0.000092
FILLER_60_14,VGND,li1,12.6500,174.0800,0.000093
FILLER_60_6,VGND,li1,10.1200,174.0800,0.000094
FILLER_59_785,VGND,li1,368.0000,174.0800,0.000130
FILLER_59_783,VGND,li1,365.9300,174.0800,0.000128
FILLER_59_775,VGND,li1,362.4800,174.0800,0.000127
FILLER_59_767,VGND,li1,360.1800,174.0800,0.000125
FILLER_59_755,VGND,li1,355.5800,174.0800,0.000121
FILLER_59_742,VGND,li1,348.2200,174.0800,0.000113
FILLER_59_716,VGND,li1,335.5700,174.0800,0.000090
FILLER_59_708,VGND,li1,333.0400,174.0800,0.000083
FILLER_59_696,VGND,li1,328.4400,174.0800,0.000101
FILLER_59_683,VGND,li1,320.6200,174.0800,0.000144
FILLER_59_659,VGND,li1,310.5000,174.0800,0.000178
FILLER_59_647,VGND,li1,305.9000,174.0800,0.000194
FILLER_59_635,VGND,li1,300.3800,174.0800,0.000211
FILLER_59_629,VGND,li1,295.5500,174.0800,0.000225
FILLER_59_617,VGND,li1,292.1000,174.0800,0.000238
FILLER_59_613,VGND,li1,288.1900,174.0800,0.000247
FILLER_59_593,VGND,li1,278.9900,174.0800,0.000270
FILLER_59_545,VGND,li1,256.4500,174.0800,0.000277
FILLER_59_541,VGND,li1,255.3000,174.0800,0.000277
FILLER_59_520,VGND,li1,245.4100,174.0800,0.000261
FILLER_59_508,VGND,li1,241.9600,174.0800,0.000255
FILLER_59_503,VGND,li1,237.1300,174.0800,0.000248
FILLER_59_492,VGND,li1,232.5300,174.0800,0.000238
FILLER_59_483,VGND,li1,227.9300,174.0800,0.000230
FILLER_59_463,VGND,li1,218.7300,174.0800,0.000208
FILLER_59_433,VGND,li1,205.1600,174.0800,0.000180
FILLER_59_421,VGND,li1,201.9400,174.0800,0.000172
FILLER_59_409,VGND,li1,196.4200,174.0800,0.000156
FILLER_59_397,VGND,li1,190.9000,174.0800,0.000143
FILLER_59_372,VGND,li1,176.8700,174.0800,0.000125
FILLER_59_364,VGND,li1,174.8000,174.0800,0.000154
FILLER_59_352,VGND,li1,170.2000,174.0800,0.000187
FILLER_59_340,VGND,li1,164.6800,174.0800,0.000230
FILLER_59_330,VGND,li1,158.7000,174.0800,0.000267
FILLER_59_326,VGND,li1,155.7100,174.0800,0.000302
FILLER_59_320,VGND,li1,154.1000,174.0800,0.000302
FILLER_59_316,VGND,li1,151.1100,174.0800,0.000336
FILLER_59_312,VGND,li1,149.9600,174.0800,0.000336
FILLER_59_300,VGND,li1,146.2800,174.0800,0.000362
FILLER_59_288,VGND,li1,140.7600,174.0800,0.000402
FILLER_59_281,VGND,li1,135.4700,174.0800,0.000435
FILLER_59_278,VGND,li1,133.8600,174.0800,0.000446
FILLER_59_270,VGND,li1,131.5600,174.0800,0.000461
FILLER_59_242,VGND,li1,118.6800,174.0800,0.000533
FILLER_59_230,VGND,li1,114.0800,174.0800,0.000561
FILLER_59_225,VGND,li1,109.2500,174.0800,0.000580
FILLER_59_222,VGND,li1,108.1000,174.0800,0.000580
FILLER_59_214,VGND,li1,105.8000,174.0800,0.000586
FILLER_59_169,VGND,li1,83.7200,174.0800,0.000514
FILLER_59_158,VGND,li1,79.1200,174.0800,0.000490
FILLER_59_150,VGND,li1,75.4400,174.0800,0.000466
FILLER_59_142,VGND,li1,71.0700,174.0800,0.000426
FILLER_59_136,VGND,li1,69.4600,174.0800,0.000426
FILLER_59_123,VGND,li1,63.0200,174.0800,0.000370
FILLER_59_119,VGND,li1,60.4900,174.0800,0.000352
FILLER_59_113,VGND,li1,58.8800,174.0800,0.000352
FILLER_59_111,VGND,li1,56.8100,174.0800,0.000330
FILLER_59_96,VGND,li1,52.4400,174.0800,0.000304
FILLER_59_84,VGND,li1,46.9200,174.0800,0.000257
FILLER_59_72,VGND,li1,41.4000,174.0800,0.000220
FILLER_59_57,VGND,li1,32.2000,174.0800,0.000147
FILLER_59_42,VGND,li1,25.7600,174.0800,0.000089
FILLER_59_30,VGND,li1,22.0800,174.0800,0.000091
FILLER_59_23,VGND,li1,16.3300,174.0800,0.000092
FILLER_59_15,VGND,li1,12.6500,174.0800,0.000093
FILLER_59_9,VGND,li1,11.0400,174.0800,0.000094
FILLER_58_799,VGND,li1,373.7500,168.6400,0.000174
FILLER_58_787,VGND,li1,370.3000,168.6400,0.000167
FILLER_58_765,VGND,li1,358.3400,168.6400,0.000144
FILLER_58_744,VGND,li1,348.2200,168.6400,0.000121
FILLER_58_736,VGND,li1,345.9200,168.6400,0.000114
FILLER_58_714,VGND,li1,335.3400,168.6400,0.000088
FILLER_58_699,VGND,li1,327.2900,168.6400,0.000108
FILLER_58_695,VGND,li1,326.1400,168.6400,0.000108
FILLER_58_678,VGND,li1,318.3200,168.6400,0.000133
FILLER_58_667,VGND,li1,312.5700,168.6400,0.000155
FILLER_58_663,VGND,li1,311.4200,168.6400,0.000155
FILLER_58_645,VGND,li1,304.0600,168.6400,0.000175
FILLER_58_643,VGND,li1,301.5300,168.6400,0.000185
FILLER_58_623,VGND,li1,292.5600,168.6400,0.000203
FILLER_58_615,VGND,li1,290.2600,168.6400,0.000208
FILLER_58_610,VGND,li1,286.3500,168.6400,0.000218
FILLER_58_598,VGND,li1,283.3600,168.6400,0.000223
FILLER_58_587,VGND,li1,275.7700,168.6400,0.000241
FILLER_58_552,VGND,li1,259.9000,168.6400,0.000254
FILLER_58_521,VGND,li1,247.0200,168.6400,0.000237
FILLER_58_514,VGND,li1,242.1900,168.6400,0.000230
FILLER_58_506,VGND,li1,240.1200,168.6400,0.000225
FILLER_58_492,VGND,li1,232.0700,168.6400,0.000212
FILLER_58_484,VGND,li1,230.0000,168.6400,0.000208
FILLER_58_472,VGND,li1,223.5600,168.6400,0.000194
FILLER_58_464,VGND,li1,219.4200,168.6400,0.000184
FILLER_58_458,VGND,li1,216.6600,168.6400,0.000178
FILLER_58_444,VGND,li1,209.9900,168.6400,0.000161
FILLER_58_433,VGND,li1,205.6200,168.6400,0.000149
FILLER_58_421,VGND,li1,201.9400,168.6400,0.000140
FILLER_58_417,VGND,li1,198.0300,168.6400,0.000129
FILLER_58_405,VGND,li1,194.5800,168.6400,0.000120
FILLER_58_393,VGND,li1,189.0600,168.6400,0.000106
FILLER_58_377,VGND,li1,179.1700,168.6400,0.000078
FILLER_58_365,VGND,li1,176.1800,168.6400,0.000090
FILLER_58_362,VGND,li1,172.5000,168.6400,0.000108
FILLER_58_349,VGND,li1,166.2900,168.6400,0.000138
FILLER_58_343,VGND,li1,164.6800,168.6400,0.000151
FILLER_58_331,VGND,li1,160.5400,168.6400,0.000167
FILLER_58_325,VGND,li1,155.2500,168.6400,0.000188
FILLER_58_313,VGND,li1,152.2600,168.6400,0.000202
FILLER_58_306,VGND,li1,146.7400,168.6400,0.000222
FILLER_58_298,VGND,li1,144.4400,168.6400,0.000230
FILLER_58_292,VGND,li1,140.0700,168.6400,0.000239
FILLER_58_285,VGND,li1,136.8500,168.6400,0.000242
FILLER_58_273,VGND,li1,133.8600,168.6400,0.000246
FILLER_58_261,VGND,li1,128.3400,168.6400,0.000255
FILLER_58_253,VGND,li1,122.1300,168.6400,0.000262
FILLER_58_248,VGND,li1,120.5200,168.6400,0.000262
FILLER_58_233,VGND,li1,113.1600,168.6400,0.000270
FILLER_58_225,VGND,li1,110.8600,168.6400,0.000273
FILLER_58_213,VGND,li1,106.2600,168.6400,0.000277
FILLER_58_205,VGND,li1,100.2800,168.6400,0.000280
FILLER_58_197,VGND,li1,97.9800,168.6400,0.000279
FILLER_58_194,VGND,li1,95.2200,168.6400,0.000278
FILLER_58_172,VGND,li1,85.1000,168.6400,0.000267
FILLER_58_163,VGND,li1,80.9600,168.6400,0.000257
FILLER_58_141,VGND,li1,71.7600,168.6400,0.000239
FILLER_58_139,VGND,li1,69.6900,168.6400,0.000235
FILLER_58_131,VGND,li1,67.6200,168.6400,0.000230
FILLER_58_120,VGND,li1,61.6400,168.6400,0.000220
FILLER_58_102,VGND,li1,52.9000,168.6400,0.000195
FILLER_58_85,VGND,li1,45.5400,168.6400,0.000160
FILLER_58_83,VGND,li1,43.9300,168.6400,0.000151
FILLER_58_48,VGND,li1,28.0600,168.6400,0.000081
FILLER_58_26,VGND,li1,17.9400,168.6400,0.000064
FILLER_57_785,VGND,li1,368.0000,168.6400,0.000160
FILLER_57_782,VGND,li1,365.7000,168.6400,0.000157
FILLER_57_764,VGND,li1,358.8000,168.6400,0.000144
FILLER_57_753,VGND,li1,352.1300,168.6400,0.000127
FILLER_57_747,VGND,li1,350.5200,168.6400,0.000127
FILLER_57_737,VGND,li1,345.0000,168.6400,0.000114
FILLER_57_729,VGND,li1,342.7000,168.6400,0.000108
FILLER_57_720,VGND,li1,338.5600,168.6400,0.000097
FILLER_57_708,VGND,li1,333.9600,168.6400,0.000080
FILLER_57_695,VGND,li1,325.6800,168.6400,0.000108
FILLER_57_683,VGND,li1,322.4600,168.6400,0.000125
FILLER_57_673,VGND,li1,316.4800,168.6400,0.000139
FILLER_57_670,VGND,li1,314.1800,168.6400,0.000146
FILLER_57_639,VGND,li1,300.3800,168.6400,0.000185
FILLER_57_632,VGND,li1,296.7000,168.6400,0.000194
FILLER_57_625,VGND,li1,293.4800,168.6400,0.000203
FILLER_57_617,VGND,li1,291.1800,168.6400,0.000208
FILLER_57_615,VGND,li1,288.6500,168.6400,0.000214
FILLER_57_604,VGND,li1,284.0500,168.6400,0.000223
FILLER_57_592,VGND,li1,280.6000,168.6400,0.000229
FILLER_57_580,VGND,li1,275.0800,168.6400,0.000241
FILLER_57_568,VGND,li1,269.5600,168.6400,0.000250
FILLER_57_557,VGND,li1,262.4300,168.6400,0.000255
FILLER_57_551,VGND,li1,259.6700,168.6400,0.000254
FILLER_57_540,VGND,li1,255.3000,168.6400,0.000247
FILLER_57_528,VGND,li1,251.1600,168.6400,0.000241
FILLER_57_503,VGND,li1,237.1300,168.6400,0.000222
FILLER_57_495,VGND,li1,235.0600,168.6400,0.000217
FILLER_57_470,VGND,li1,223.5600,168.6400,0.000194
FILLER_57_455,VGND,li1,217.5800,168.6400,0.000178
FILLER_57_447,VGND,li1,211.3700,168.6400,0.000161
FILLER_57_441,VGND,li1,209.7600,168.6400,0.000156
FILLER_57_429,VGND,li1,205.6200,168.6400,0.000149
FILLER_57_417,VGND,li1,200.1000,168.6400,0.000135
FILLER_57_405,VGND,li1,194.5800,168.6400,0.000120
FILLER_57_393,VGND,li1,189.0600,168.6400,0.000106
FILLER_57_391,VGND,li1,185.6100,168.6400,0.000092
FILLER_57_385,VGND,li1,184.0000,168.6400,0.000092
FILLER_57_381,VGND,li1,181.0100,168.6400,0.000084
FILLER_57_377,VGND,li1,179.8600,168.6400,0.000078
FILLER_57_365,VGND,li1,176.1800,168.6400,0.000090
FILLER_57_354,VGND,li1,168.5900,168.6400,0.000129
FILLER_57_349,VGND,li1,166.5200,168.6400,0.000138
FILLER_57_337,VGND,li1,163.3000,168.6400,0.000151
FILLER_57_335,VGND,li1,159.8500,168.6400,0.000167
FILLER_57_329,VGND,li1,157.0900,168.6400,0.000180
FILLER_57_317,VGND,li1,151.8000,168.6400,0.000202
FILLER_57_294,VGND,li1,141.4500,168.6400,0.000234
FILLER_57_265,VGND,li1,128.3400,168.6400,0.000255
FILLER_57_250,VGND,li1,123.2800,168.6400,0.000259
FILLER_57_238,VGND,li1,117.7600,168.6400,0.000267
FILLER_57_229,VGND,li1,111.3200,168.6400,0.000273
FILLER_57_222,VGND,li1,108.1000,168.6400,0.000275
FILLER_57_214,VGND,li1,104.1900,168.6400,0.000278
FILLER_57_210,VGND,li1,103.0400,168.6400,0.000280
FILLER_57_200,VGND,li1,97.9800,168.6400,0.000279
FILLER_57_192,VGND,li1,95.6800,168.6400,0.000278
FILLER_57_169,VGND,li1,86.0200,168.6400,0.000267
FILLER_57_167,VGND,li1,82.5700,168.6400,0.000263
FILLER_57_155,VGND,li1,79.5800,168.6400,0.000257
FILLER_57_143,VGND,li1,71.7600,168.6400,0.000239
FILLER_57_136,VGND,li1,68.3100,168.6400,0.000235
FILLER_57_97,VGND,li1,50.3700,168.6400,0.000185
FILLER_57_85,VGND,li1,45.0800,168.6400,0.000160
FILLER_57_45,VGND,li1,26.9100,168.6400,0.000072
FILLER_57_31,VGND,li1,20.0100,168.6400,0.000063
FILLER_56_805,VGND,li1,376.2800,163.2000,0.001061
FILLER_56_800,VGND,li1,373.9800,163.2000,0.001060
FILLER_56_792,VGND,li1,371.6800,163.2000,0.001059
FILLER_56_780,VGND,li1,367.0800,163.2000,0.001058
FILLER_56_769,VGND,li1,360.1800,163.2000,0.000999
FILLER_56_757,VGND,li1,356.5000,163.2000,0.000933
FILLER_56_755,VGND,li1,353.0500,163.2000,0.000877
FILLER_56_749,VGND,li1,351.4400,163.2000,0.000833
FILLER_56_737,VGND,li1,347.3000,163.2000,0.000726
FILLER_56_725,VGND,li1,341.7800,163.2000,0.000531
FILLER_56_713,VGND,li1,336.2600,163.2000,0.000405
FILLER_56_701,VGND,li1,330.7400,163.2000,0.000323
FILLER_56_699,VGND,li1,327.2900,163.2000,0.000334
FILLER_56_691,VGND,li1,323.6100,163.2000,0.000350
FILLER_56_687,VGND,li1,322.4600,163.2000,0.000350
FILLER_56_675,VGND,li1,318.7800,163.2000,0.000361
FILLER_56_663,VGND,li1,313.2600,163.2000,0.000378
FILLER_56_645,VGND,li1,304.0600,163.2000,0.000402
FILLER_56_636,VGND,li1,299.9200,163.2000,0.000413
FILLER_56_620,VGND,li1,292.1000,163.2000,0.000433
FILLER_56_611,VGND,li1,287.0400,163.2000,0.000446
FILLER_56_603,VGND,li1,284.7400,163.2000,0.000452
FILLER_56_597,VGND,li1,280.3700,163.2000,0.000464
FILLER_56_593,VGND,li1,279.2200,163.2000,0.000464
FILLER_56_585,VGND,li1,275.3100,163.2000,0.000472
FILLER_56_577,VGND,li1,272.7800,163.2000,0.000477
FILLER_56_542,VGND,li1,255.0700,163.2000,0.000463
FILLER_56_536,VGND,li1,253.4600,163.2000,0.000458
FILLER_56_531,VGND,li1,250.0100,163.2000,0.000451
FILLER_56_519,VGND,li1,247.0200,163.2000,0.000443
FILLER_56_510,VGND,li1,240.3500,163.2000,0.000421
FILLER_56_499,VGND,li1,235.2900,163.2000,0.000408
FILLER_56_494,VGND,li1,232.9900,163.2000,0.000401
FILLER_56_490,VGND,li1,231.8400,163.2000,0.000392
FILLER_56_483,VGND,li1,227.9300,163.2000,0.000383
FILLER_56_477,VGND,li1,226.3200,163.2000,0.000370
FILLER_56_467,VGND,li1,220.5700,163.2000,0.000352
FILLER_56_433,VGND,li1,205.1600,163.2000,0.000284
FILLER_56_421,VGND,li1,201.9400,163.2000,0.000272
FILLER_56_417,VGND,li1,198.0300,163.2000,0.000254
FILLER_56_409,VGND,li1,195.5000,163.2000,0.000238
FILLER_56_397,VGND,li1,190.9000,163.2000,0.000221
FILLER_56_385,VGND,li1,185.3800,163.2000,0.000194
FILLER_56_363,VGND,li1,172.7300,163.2000,0.000246
FILLER_56_359,VGND,li1,171.5800,163.2000,0.000246
FILLER_56_347,VGND,li1,165.6000,163.2000,0.000312
FILLER_56_343,VGND,li1,163.5300,163.2000,0.000335
FILLER_56_331,VGND,li1,160.5400,163.2000,0.000365
FILLER_56_323,VGND,li1,154.7900,163.2000,0.000423
FILLER_56_315,VGND,li1,152.2600,163.2000,0.000427
FILLER_56_304,VGND,li1,146.2800,163.2000,0.000441
FILLER_56_285,VGND,li1,138.0000,163.2000,0.000457
FILLER_56_273,VGND,li1,133.8600,163.2000,0.000463
FILLER_56_265,VGND,li1,127.6500,163.2000,0.000472
FILLER_56_253,VGND,li1,122.3600,163.2000,0.000480
FILLER_56_250,VGND,li1,120.9800,163.2000,0.000480
FILLER_56_238,VGND,li1,117.7600,163.2000,0.000484
FILLER_56_221,VGND,li1,107.4100,163.2000,0.000494
FILLER_56_206,VGND,li1,100.7400,163.2000,0.000494
FILLER_56_177,VGND,li1,87.1700,163.2000,0.000451
FILLER_56_171,VGND,li1,85.5600,163.2000,0.000443
FILLER_56_157,VGND,li1,78.2000,163.2000,0.000409
FILLER_56_149,VGND,li1,75.9000,163.2000,0.000398
FILLER_56_141,VGND,li1,70.8400,163.2000,0.000377
FILLER_56_138,VGND,li1,69.4600,163.2000,0.000369
FILLER_56_98,VGND,li1,50.8300,163.2000,0.000277
FILLER_56_77,VGND,li1,41.1700,163.2000,0.000211
FILLER_56_63,VGND,li1,34.7300,163.2000,0.000155
FILLER_56_19,VGND,li1,14.4900,163.2000,0.000086
FILLER_56_3,VGND,li1,7.3600,163.2000,0.000086
FILLER_55_804,VGND,li1,376.0500,163.2000,0.001061
FILLER_55_796,VGND,li1,373.5200,163.2000,0.001060
FILLER_55_785,VGND,li1,367.0800,163.2000,0.001058
FILLER_55_778,VGND,li1,364.7800,163.2000,0.001057
FILLER_55_751,VGND,li1,351.2100,163.2000,0.000833
FILLER_55_739,VGND,li1,348.2200,163.2000,0.000726
FILLER_55_727,VGND,li1,340.1700,163.2000,0.000531
FILLER_55_721,VGND,li1,337.4100,163.2000,0.000456
FILLER_55_712,VGND,li1,333.5000,163.2000,0.000315
FILLER_55_700,VGND,li1,330.2800,163.2000,0.000323
FILLER_55_680,VGND,li1,318.7800,163.2000,0.000361
FILLER_55_667,VGND,li1,312.8000,163.2000,0.000378
FILLER_55_659,VGND,li1,310.5000,163.2000,0.000386
FILLER_55_647,VGND,li1,305.9000,163.2000,0.000397
FILLER_55_635,VGND,li1,300.3800,163.2000,0.000413
FILLER_55_617,VGND,li1,290.7200,163.2000,0.000441
FILLER_55_614,VGND,li1,288.4200,163.2000,0.000446
FILLER_55_556,VGND,li1,262.2000,163.2000,0.000476
FILLER_55_537,VGND,li1,253.0000,163.2000,0.000458
FILLER_55_516,VGND,li1,243.1100,163.2000,0.000429
FILLER_55_473,VGND,li1,224.9400,163.2000,0.000370
FILLER_55_466,VGND,li1,220.1100,163.2000,0.000352
FILLER_55_429,VGND,li1,203.3200,163.2000,0.000272
FILLER_55_417,VGND,li1,200.1000,163.2000,0.000263
FILLER_55_405,VGND,li1,194.5800,163.2000,0.000238
FILLER_55_393,VGND,li1,189.0600,163.2000,0.000213
FILLER_55_388,VGND,li1,184.9200,163.2000,0.000194
FILLER_55_376,VGND,li1,181.2400,163.2000,0.000176
FILLER_55_368,VGND,li1,175.0300,163.2000,0.000225
FILLER_55_362,VGND,li1,173.4200,163.2000,0.000225
FILLER_55_350,VGND,li1,169.2800,163.2000,0.000271
FILLER_55_321,VGND,li1,153.4100,163.2000,0.000427
FILLER_55_317,VGND,li1,152.2600,163.2000,0.000427
FILLER_55_305,VGND,li1,148.5800,163.2000,0.000436
FILLER_55_293,VGND,li1,143.0600,163.2000,0.000448
FILLER_55_281,VGND,li1,137.5400,163.2000,0.000457
FILLER_55_276,VGND,li1,133.4000,163.2000,0.000463
FILLER_55_264,VGND,li1,129.7200,163.2000,0.000469
FILLER_55_249,VGND,li1,120.9800,163.2000,0.000480
FILLER_55_237,VGND,li1,117.3000,163.2000,0.000484
FILLER_55_231,VGND,li1,112.4700,163.2000,0.000490
FILLER_55_221,VGND,li1,107.8700,163.2000,0.000494
FILLER_55_213,VGND,li1,105.3400,163.2000,0.000496
FILLER_55_201,VGND,li1,98.4400,163.2000,0.000489
FILLER_55_185,VGND,li1,91.5400,163.2000,0.000468
FILLER_55_177,VGND,li1,87.1700,163.2000,0.000451
FILLER_55_169,VGND,li1,85.1000,163.2000,0.000443
FILLER_55_165,VGND,li1,82.1100,163.2000,0.000430
FILLER_55_158,VGND,li1,78.6600,163.2000,0.000409
FILLER_55_146,VGND,li1,72.9100,163.2000,0.000387
FILLER_55_135,VGND,li1,67.8500,163.2000,0.000369
FILLER_55_118,VGND,li1,60.0300,163.2000,0.000323
FILLER_55_86,VGND,li1,45.3100,163.2000,0.000240
FILLER_55_82,VGND,li1,43.4700,163.2000,0.000227
FILLER_55_74,VGND,li1,41.4000,163.2000,0.000211
FILLER_55_69,VGND,li1,37.7200,163.2000,0.000175
FILLER_55_50,VGND,li1,28.7500,163.2000,0.000120
FILLER_55_42,VGND,li1,26.6800,163.2000,0.000104
FILLER_55_37,VGND,li1,22.7700,163.2000,0.000084
FILLER_55_29,VGND,li1,19.3200,163.2000,0.000085
FILLER_55_3,VGND,li1,7.3600,163.2000,0.000086
FILLER_54_774,VGND,li1,362.2500,157.7600,0.001846
FILLER_54_728,VGND,li1,340.8600,157.7600,0.001202
FILLER_54_709,VGND,li1,333.0400,157.7600,0.000759
FILLER_54_701,VGND,li1,328.2100,157.7600,0.000781
FILLER_54_694,VGND,li1,326.1400,157.7600,0.000785
FILLER_54_688,VGND,li1,322.2300,157.7600,0.000796
FILLER_54_684,VGND,li1,321.0800,157.7600,0.000796
FILLER_54_672,VGND,li1,317.4000,157.7600,0.000802
FILLER_54_662,VGND,li1,310.5000,157.7600,0.000815
FILLER_54_653,VGND,li1,306.3600,157.7600,0.000822
FILLER_54_645,VGND,li1,304.0600,157.7600,0.000826
FILLER_54_632,VGND,li1,299.0000,157.7600,0.000833
FILLER_54_626,VGND,li1,294.1700,157.7600,0.000837
FILLER_54_614,VGND,li1,290.7200,157.7600,0.000840
FILLER_54_602,VGND,li1,285.2000,157.7600,0.000846
FILLER_54_577,VGND,li1,271.8600,157.7600,0.000857
FILLER_54_552,VGND,li1,261.2800,157.7600,0.000861
FILLER_54_544,VGND,li1,255.9900,157.7600,0.000861
FILLER_54_531,VGND,li1,250.0100,157.7600,0.000859
FILLER_54_523,VGND,li1,247.9400,157.7600,0.000858
FILLER_54_511,VGND,li1,243.3400,157.7600,0.000855
FILLER_54_491,VGND,li1,232.0700,157.7600,0.000847
FILLER_54_474,VGND,li1,224.0200,157.7600,0.000836
FILLER_54_469,VGND,li1,221.4900,157.7600,0.000833
FILLER_54_459,VGND,li1,217.3500,157.7600,0.000824
FILLER_54_451,VGND,li1,214.8200,157.7600,0.000819
FILLER_54_427,VGND,li1,202.1700,157.7600,0.000788
FILLER_54_421,VGND,li1,200.5600,157.7600,0.000788
FILLER_54_416,VGND,li1,197.8000,157.7600,0.000779
FILLER_54_395,VGND,li1,187.4500,157.7600,0.000722
FILLER_54_389,VGND,li1,185.8400,157.7600,0.000706
FILLER_54_362,VGND,li1,172.5000,157.7600,0.000773
FILLER_54_354,VGND,li1,170.2000,157.7600,0.000814
FILLER_54_342,VGND,li1,163.3000,157.7600,0.000909
FILLER_54_330,VGND,li1,160.0800,157.7600,0.000926
FILLER_54_321,VGND,li1,154.1000,157.7600,0.000954
FILLER_54_309,VGND,li1,148.1200,157.7600,0.000956
FILLER_54_307,VGND,li1,146.9700,157.7600,0.000956
FILLER_54_303,VGND,li1,145.8200,157.7600,0.000953
FILLER_54_291,VGND,li1,142.1400,157.7600,0.000949
FILLER_54_279,VGND,li1,136.6200,157.7600,0.000933
FILLER_54_269,VGND,li1,129.9500,157.7600,0.000906
FILLER_54_253,VGND,li1,122.3600,157.7600,0.000867
FILLER_54_244,VGND,li1,118.2200,157.7600,0.000846
FILLER_54_236,VGND,li1,115.9200,157.7600,0.000833
FILLER_54_229,VGND,li1,111.3200,157.7600,0.000809
FILLER_54_221,VGND,li1,109.0200,157.7600,0.000795
FILLER_54_209,VGND,li1,104.4200,157.7600,0.000770
FILLER_54_201,VGND,li1,98.2100,157.7600,0.000730
FILLER_54_197,VGND,li1,97.0600,157.7600,0.000717
FILLER_54_195,VGND,li1,95.4500,157.7600,0.000702
FILLER_54_189,VGND,li1,93.8400,157.7600,0.000702
FILLER_54_185,VGND,li1,90.8500,157.7600,0.000680
FILLER_54_177,VGND,li1,88.7800,157.7600,0.000657
FILLER_54_165,VGND,li1,84.1800,157.7600,0.000631
FILLER_54_153,VGND,li1,78.6600,157.7600,0.000577
FILLER_54_141,VGND,li1,73.1400,157.7600,0.000537
FILLER_54_137,VGND,li1,69.2300,157.7600,0.000516
FILLER_54_129,VGND,li1,66.7000,157.7600,0.000496
FILLER_54_112,VGND,li1,57.7300,157.7600,0.000408
FILLER_54_100,VGND,li1,54.2800,157.7600,0.000391
FILLER_54_88,VGND,li1,48.7600,157.7600,0.000333
FILLER_54_82,VGND,li1,43.7000,157.7600,0.000295
FILLER_54_3,VGND,li1,7.3600,157.7600,0.000116
FILLER_53_807,VGND,li1,377.6600,157.7600,0.001877
FILLER_53_803,VGND,li1,375.1300,157.7600,0.001877
FILLER_53_795,VGND,li1,373.0600,157.7600,0.001877
FILLER_53_785,VGND,li1,367.0800,157.7600,0.001858
FILLER_53_781,VGND,li1,365.4700,157.7600,0.001852
FILLER_53_773,VGND,li1,362.9400,157.7600,0.001846
FILLER_53_761,VGND,li1,358.3400,157.7600,0.001832
FILLER_53_748,VGND,li1,350.5200,157.7600,0.001697
FILLER_53_744,VGND,li1,347.9900,157.7600,0.001624
FILLER_53_719,VGND,li1,336.7200,157.7600,0.001046
FILLER_53_711,VGND,li1,332.8100,157.7600,0.000759
FILLER_53_705,VGND,li1,330.0500,157.7600,0.000777
FILLER_53_697,VGND,li1,327.9800,157.7600,0.000781
FILLER_53_685,VGND,li1,323.3800,157.7600,0.000791
FILLER_53_673,VGND,li1,317.8600,157.7600,0.000802
FILLER_53_669,VGND,li1,313.9500,157.7600,0.000811
FILLER_53_660,VGND,li1,309.5800,157.7600,0.000818
FILLER_53_649,VGND,li1,304.2900,157.7600,0.000826
FILLER_53_645,VGND,li1,303.1400,157.7600,0.000826
FILLER_53_615,VGND,li1,288.6500,157.7600,0.000842
FILLER_53_602,VGND,li1,283.1300,157.7600,0.000847
FILLER_53_590,VGND,li1,279.6800,157.7600,0.000852
FILLER_53_578,VGND,li1,274.1600,157.7600,0.000855
FILLER_53_566,VGND,li1,268.6400,157.7600,0.000860
FILLER_53_561,VGND,li1,264.0400,157.7600,0.000861
FILLER_53_559,VGND,li1,262.8900,157.7600,0.000861
FILLER_53_551,VGND,li1,260.8200,157.7600,0.000861
FILLER_53_539,VGND,li1,256.2200,157.7600,0.000861
FILLER_53_529,VGND,li1,250.2400,157.7600,0.000859
FILLER_53_517,VGND,li1,246.1000,157.7600,0.000857
FILLER_53_505,VGND,li1,240.5800,157.7600,0.000853
FILLER_53_501,VGND,li1,236.6700,157.7600,0.000851
FILLER_53_486,VGND,li1,229.3100,157.7600,0.000844
FILLER_53_467,VGND,li1,220.8000,157.7600,0.000833
FILLER_53_449,VGND,li1,212.5200,157.7600,0.000813
FILLER_53_446,VGND,li1,211.1400,157.7600,0.000813
FILLER_53_438,VGND,li1,208.8400,157.7600,0.000807
FILLER_53_401,VGND,li1,190.6700,157.7600,0.000745
FILLER_53_393,VGND,li1,188.1400,157.7600,0.000722
FILLER_53_390,VGND,li1,185.3800,157.7600,0.000706
FILLER_53_367,VGND,li1,174.5700,157.7600,0.000727
FILLER_53_350,VGND,li1,166.7500,157.7600,0.000895
FILLER_53_341,VGND,li1,162.6100,157.7600,0.000918
FILLER_53_337,VGND,li1,161.4600,157.7600,0.000918
FILLER_53_334,VGND,li1,159.6200,157.7600,0.000926
FILLER_53_326,VGND,li1,157.3200,157.7600,0.000936
FILLER_53_304,VGND,li1,146.7400,157.7600,0.000956
FILLER_53_291,VGND,li1,140.0700,157.7600,0.000943
FILLER_53_264,VGND,li1,128.3400,157.7600,0.000894
FILLER_53_250,VGND,li1,121.2100,157.7600,0.000855
FILLER_53_234,VGND,li1,113.8500,157.7600,0.000822
FILLER_53_219,VGND,li1,106.4900,157.7600,0.000782
FILLER_53_211,VGND,li1,104.4200,157.7600,0.000770
FILLER_53_200,VGND,li1,97.7500,157.7600,0.000730
FILLER_53_194,VGND,li1,96.1400,157.7600,0.000717
FILLER_53_182,VGND,li1,92.0000,157.7600,0.000680
FILLER_53_174,VGND,li1,85.7900,157.7600,0.000631
FILLER_53_164,VGND,li1,81.8800,157.7600,0.000614
FILLER_53_155,VGND,li1,77.0500,157.7600,0.000577
FILLER_53_144,VGND,li1,71.9900,157.7600,0.000537
FILLER_53_140,VGND,li1,70.8400,157.7600,0.000516
FILLER_53_128,VGND,li1,67.1600,157.7600,0.000496
FILLER_53_113,VGND,li1,60.2600,157.7600,0.000444
FILLER_53_108,VGND,li1,56.1200,157.7600,0.000408
FILLER_53_73,VGND,li1,39.3300,157.7600,0.000242
FILLER_53_54,VGND,li1,30.8200,157.7600,0.000174
FILLER_53_42,VGND,li1,27.6000,157.7600,0.000133
FILLER_53_30,VGND,li1,19.5500,157.7600,0.000112
FILLER_52_803,VGND,li1,375.1300,152.3200,0.002361
FILLER_52_791,VGND,li1,372.1400,152.3200,0.002352
FILLER_52_776,VGND,li1,365.2400,152.3200,0.002320
FILLER_52_757,VGND,li1,355.1200,152.3200,0.002034
FILLER_52_755,VGND,li1,353.0500,152.3200,0.001925
FILLER_52_749,VGND,li1,351.4400,152.3200,0.001925
FILLER_52_701,VGND,li1,330.7400,152.3200,0.000825
FILLER_52_688,VGND,li1,322.4600,152.3200,0.000912
FILLER_52_677,VGND,li1,317.8600,152.3200,0.000949
FILLER_52_665,VGND,li1,314.1800,152.3200,0.000975
FILLER_52_649,VGND,li1,304.2900,152.3200,0.001040
FILLER_52_645,VGND,li1,303.1400,152.3200,0.001058
FILLER_52_643,VGND,li1,301.5300,152.3200,0.001058
FILLER_52_639,VGND,li1,300.3800,152.3200,0.001076
FILLER_52_629,VGND,li1,295.0900,152.3200,0.001108
FILLER_52_622,VGND,li1,292.1000,152.3200,0.001126
FILLER_52_606,VGND,li1,284.7400,152.3200,0.001168
FILLER_52_594,VGND,li1,281.5200,152.3200,0.001189
FILLER_52_582,VGND,li1,274.6200,152.3200,0.001228
FILLER_52_568,VGND,li1,267.7200,152.3200,0.001268
FILLER_52_554,VGND,li1,261.0500,152.3200,0.001308
FILLER_52_546,VGND,li1,258.5200,152.3200,0.001325
FILLER_52_539,VGND,li1,253.6900,152.3200,0.001352
FILLER_52_533,VGND,li1,252.0800,152.3200,0.001352
FILLER_52_529,VGND,li1,249.5500,152.3200,0.001366
FILLER_52_521,VGND,li1,245.4100,152.3200,0.001388
FILLER_52_516,VGND,li1,243.3400,152.3200,0.001399
FILLER_52_506,VGND,li1,238.5100,152.3200,0.001413
FILLER_52_499,VGND,li1,235.5200,152.3200,0.001433
FILLER_52_436,VGND,li1,207.9200,152.3200,0.001519
FILLER_52_424,VGND,li1,203.3200,152.3200,0.001531
FILLER_52_419,VGND,li1,198.4900,152.3200,0.001539
FILLER_52_415,VGND,li1,197.3400,152.3200,0.001539
FILLER_52_403,VGND,li1,193.6600,152.3200,0.001536
FILLER_52_391,VGND,li1,188.1400,152.3200,0.001492
FILLER_52_362,VGND,li1,172.5000,152.3200,0.001575
FILLER_52_342,VGND,li1,163.3000,152.3200,0.001851
FILLER_52_309,VGND,li1,148.1200,152.3200,0.001980
FILLER_52_306,VGND,li1,146.7400,152.3200,0.001980
FILLER_52_291,VGND,li1,141.2200,152.3200,0.001946
FILLER_52_285,VGND,li1,136.8500,152.3200,0.001909
FILLER_52_277,VGND,li1,133.1700,152.3200,0.001874
FILLER_52_265,VGND,li1,130.1800,152.3200,0.001847
FILLER_52_253,VGND,li1,124.6600,152.3200,0.001778
FILLER_52_251,VGND,li1,121.2100,152.3200,0.001739
FILLER_52_247,VGND,li1,120.0600,152.3200,0.001739
FILLER_52_237,VGND,li1,115.2300,152.3200,0.001674
FILLER_52_210,VGND,li1,103.5000,152.3200,0.001516
FILLER_52_200,VGND,li1,97.9800,152.3200,0.001439
FILLER_52_181,VGND,li1,90.6200,152.3200,0.001315
FILLER_52_171,VGND,li1,85.5600,152.3200,0.001251
FILLER_52_141,VGND,li1,71.0700,152.3200,0.001003
FILLER_52_139,VGND,li1,69.6900,152.3200,0.001003
FILLER_52_125,VGND,li1,63.9400,152.3200,0.000910
FILLER_52_108,VGND,li1,55.8900,152.3200,0.000773
FILLER_52_94,VGND,li1,48.9900,152.3200,0.000623
FILLER_52_88,VGND,li1,47.3800,152.3200,0.000623
FILLER_52_66,VGND,li1,36.8000,152.3200,0.000403
FILLER_52_48,VGND,li1,27.8300,152.3200,0.000244
FILLER_52_44,VGND,li1,26.6800,152.3200,0.000244
FILLER_51_785,VGND,li1,368.0000,152.3200,0.002333
FILLER_51_783,VGND,li1,365.9300,152.3200,0.002320
FILLER_51_771,VGND,li1,362.9400,152.3200,0.002309
FILLER_51_763,VGND,li1,356.7300,152.3200,0.002131
FILLER_51_757,VGND,li1,353.9700,152.3200,0.002034
FILLER_51_753,VGND,li1,352.8200,152.3200,0.001925
FILLER_51_741,VGND,li1,349.1400,152.3200,0.001804
FILLER_51_725,VGND,li1,339.7100,152.3200,0.001266
FILLER_51_713,VGND,li1,336.2600,152.3200,0.001057
FILLER_51_703,VGND,li1,330.2800,152.3200,0.000825
FILLER_51_688,VGND,li1,323.8400,152.3200,0.000912
FILLER_51_673,VGND,li1,315.7900,152.3200,0.000963
FILLER_51_669,VGND,li1,313.9500,152.3200,0.000975
FILLER_51_661,VGND,li1,311.4200,152.3200,0.000997
FILLER_51_641,VGND,li1,301.7600,152.3200,0.001058
FILLER_51_629,VGND,li1,297.6200,152.3200,0.001089
FILLER_51_617,VGND,li1,292.1000,152.3200,0.001126
FILLER_51_612,VGND,li1,287.9600,152.3200,0.001155
FILLER_51_600,VGND,li1,284.2800,152.3200,0.001168
FILLER_51_587,VGND,li1,276.0000,152.3200,0.001228
FILLER_51_557,VGND,li1,262.4300,152.3200,0.001298
FILLER_51_535,VGND,li1,252.3100,152.3200,0.001352
FILLER_51_525,VGND,li1,247.9400,152.3200,0.001375
FILLER_51_515,VGND,li1,242.8800,152.3200,0.001399
FILLER_51_479,VGND,li1,226.0900,152.3200,0.001468
FILLER_51_467,VGND,li1,223.1000,152.3200,0.001475
FILLER_51_455,VGND,li1,217.5800,152.3200,0.001494
FILLER_51_446,VGND,li1,211.1400,152.3200,0.001511
FILLER_51_436,VGND,li1,207.0000,152.3200,0.001525
FILLER_51_407,VGND,li1,194.1200,152.3200,0.001536
FILLER_51_393,VGND,li1,186.7600,152.3200,0.001450
FILLER_51_391,VGND,li1,185.6100,152.3200,0.001450
FILLER_51_365,VGND,li1,174.3400,152.3200,0.001487
FILLER_51_353,VGND,li1,168.3600,152.3200,0.001682
FILLER_51_305,VGND,li1,147.2000,152.3200,0.001980
FILLER_51_301,VGND,li1,144.2100,152.3200,0.001971
FILLER_51_293,VGND,li1,142.1400,152.3200,0.001946
FILLER_51_281,VGND,li1,137.5400,152.3200,0.001909
FILLER_51_274,VGND,li1,132.9400,152.3200,0.001874
FILLER_51_265,VGND,li1,127.8800,152.3200,0.001828
FILLER_51_248,VGND,li1,120.5200,152.3200,0.001739
FILLER_51_233,VGND,li1,115.4600,152.3200,0.001674
FILLER_51_223,VGND,li1,108.3300,152.3200,0.001581
FILLER_51_211,VGND,li1,105.3400,152.3200,0.001541
FILLER_51_199,VGND,li1,99.8200,152.3200,0.001466
FILLER_51_181,VGND,li1,89.7000,152.3200,0.001315
FILLER_51_169,VGND,li1,86.0200,152.3200,0.001251
FILLER_51_166,VGND,li1,82.3400,152.3200,0.001184
FILLER_51_150,VGND,li1,74.7500,152.3200,0.001083
FILLER_51_118,VGND,li1,60.0300,152.3200,0.000844
FILLER_51_113,VGND,li1,57.7300,152.3200,0.000805
FILLER_51_106,VGND,li1,54.5100,152.3200,0.000720
FILLER_51_100,VGND,li1,52.9000,152.3200,0.000720
FILLER_51_88,VGND,li1,46.4600,152.3200,0.000582
FILLER_51_81,VGND,li1,43.4700,152.3200,0.000549
FILLER_51_73,VGND,li1,40.9400,152.3200,0.000491
FILLER_51_46,VGND,li1,27.1400,152.3200,0.000244
FILLER_51_7,VGND,li1,8.9700,152.3200,0.000206
FILLER_50_810,VGND,li1,378.3500,146.8800,0.003844
FILLER_50_803,VGND,li1,375.1300,146.8800,0.003843
FILLER_50_791,VGND,li1,372.1400,146.8800,0.003843
FILLER_50_777,VGND,li1,363.1700,146.8800,0.003834
FILLER_50_748,VGND,li1,349.8300,146.8800,0.003416
FILLER_50_740,VGND,li1,347.7600,146.8800,0.003114
FILLER_50_732,VGND,li1,342.9300,146.8800,0.002712
FILLER_50_718,VGND,li1,336.7200,146.8800,0.001828
FILLER_50_704,VGND,li1,330.7400,146.8800,0.001305
FILLER_50_698,VGND,li1,327.0600,146.8800,0.001344
FILLER_50_686,VGND,li1,323.8400,146.8800,0.001380
FILLER_50_667,VGND,li1,312.8000,146.8800,0.001464
FILLER_50_655,VGND,li1,309.5800,146.8800,0.001480
FILLER_50_645,VGND,li1,302.9100,146.8800,0.001517
FILLER_50_641,VGND,li1,301.0700,146.8800,0.001530
FILLER_50_629,VGND,li1,297.6200,146.8800,0.001550
FILLER_50_617,VGND,li1,292.1000,146.8800,0.001583
FILLER_50_605,VGND,li1,286.5800,146.8800,0.001621
FILLER_50_597,VGND,li1,280.8300,146.8800,0.001647
FILLER_50_589,VGND,li1,278.3000,146.8800,0.001662
FILLER_50_582,VGND,li1,274.6200,146.8800,0.001685
FILLER_50_578,VGND,li1,271.6300,146.8800,0.001699
FILLER_50_570,VGND,li1,267.9500,146.8800,0.001727
FILLER_50_543,VGND,li1,255.9900,146.8800,0.001792
FILLER_50_525,VGND,li1,247.4800,146.8800,0.001826
FILLER_50_506,VGND,li1,241.0400,146.8800,0.001859
FILLER_50_491,VGND,li1,232.7600,146.8800,0.001892
FILLER_50_477,VGND,li1,225.6300,146.8800,0.001920
FILLER_50_474,VGND,li1,224.0200,146.8800,0.001927
FILLER_50_462,VGND,li1,219.8800,146.8800,0.001947
FILLER_50_457,VGND,li1,215.9700,146.8800,0.001955
FILLER_50_451,VGND,li1,214.3600,146.8800,0.001961
FILLER_50_442,VGND,li1,209.0700,146.8800,0.001977
FILLER_50_429,VGND,li1,203.0900,146.8800,0.001995
FILLER_50_421,VGND,li1,201.0200,146.8800,0.002001
FILLER_50_418,VGND,li1,198.2600,146.8800,0.002008
FILLER_50_410,VGND,li1,195.9600,146.8800,0.002014
FILLER_50_377,VGND,li1,179.8600,146.8800,0.001258
FILLER_50_365,VGND,li1,176.1800,146.8800,0.001299
FILLER_50_361,VGND,li1,172.2700,146.8800,0.001369
FILLER_50_352,VGND,li1,167.6700,146.8800,0.001471
FILLER_50_340,VGND,li1,163.7600,146.8800,0.001518
FILLER_50_335,VGND,li1,159.8500,146.8800,0.001586
FILLER_50_309,VGND,li1,149.0400,146.8800,0.001643
FILLER_50_295,VGND,li1,141.9100,146.8800,0.001627
FILLER_50_287,VGND,li1,139.3800,146.8800,0.001608
FILLER_50_275,VGND,li1,134.7800,146.8800,0.001572
FILLER_50_261,VGND,li1,125.8100,146.8800,0.001507
FILLER_50_253,VGND,li1,123.7400,146.8800,0.001490
FILLER_50_251,VGND,li1,121.2100,146.8800,0.001470
FILLER_50_245,VGND,li1,119.6000,146.8800,0.001451
FILLER_50_233,VGND,li1,115.4600,146.8800,0.001425
FILLER_50_221,VGND,li1,109.9400,146.8800,0.001371
FILLER_50_209,VGND,li1,104.4200,146.8800,0.001326
FILLER_50_197,VGND,li1,98.9000,146.8800,0.001267
FILLER_50_193,VGND,li1,94.9900,146.8800,0.001234
FILLER_50_185,VGND,li1,92.4600,146.8800,0.001202
FILLER_50_174,VGND,li1,86.4800,146.8800,0.001114
FILLER_50_162,VGND,li1,82.8000,146.8800,0.001081
FILLER_50_152,VGND,li1,75.9000,146.8800,0.000975
FILLER_50_145,VGND,li1,72.9100,146.8800,0.000936
FILLER_50_139,VGND,li1,69.6900,146.8800,0.000909
FILLER_50_122,VGND,li1,61.8700,146.8800,0.000788
FILLER_50_110,VGND,li1,58.8800,146.8800,0.000741
FILLER_50_98,VGND,li1,53.3600,146.8800,0.000630
FILLER_50_82,VGND,li1,43.7000,146.8800,0.000473
FILLER_50_47,VGND,li1,27.6000,146.8800,0.000217
FILLER_50_29,VGND,li1,19.0900,146.8800,0.000186
FILLER_49_799,VGND,li1,374.9000,146.8800,0.003843
FILLER_49_791,VGND,li1,370.0700,146.8800,0.003842
FILLER_49_785,VGND,li1,367.3100,146.8800,0.003840
FILLER_49_778,VGND,li1,364.0900,146.8800,0.003837
FILLER_49_770,VGND,li1,360.1800,146.8800,0.003831
FILLER_49_762,VGND,li1,357.8800,146.8800,0.003809
FILLER_49_739,VGND,li1,346.8400,146.8800,0.003114
FILLER_49_725,VGND,li1,339.7100,146.8800,0.002361
FILLER_49_706,VGND,li1,330.9700,146.8800,0.001305
FILLER_49_694,VGND,li1,327.5200,146.8800,0.001344
FILLER_49_685,VGND,li1,321.0800,146.8800,0.001400
FILLER_49_673,VGND,li1,317.8600,146.8800,0.001422
FILLER_49_668,VGND,li1,313.7200,146.8800,0.001447
FILLER_49_657,VGND,li1,308.6600,146.8800,0.001480
FILLER_49_645,VGND,li1,304.9800,146.8800,0.001504
FILLER_49_638,VGND,li1,299.2300,146.8800,0.001550
FILLER_49_634,VGND,li1,298.0800,146.8800,0.001550
FILLER_49_617,VGND,li1,289.8000,146.8800,0.001596
FILLER_49_615,VGND,li1,288.6500,146.8800,0.001610
FILLER_49_598,VGND,li1,280.8300,146.8800,0.001647
FILLER_49_590,VGND,li1,278.7600,146.8800,0.001662
FILLER_49_578,VGND,li1,274.1600,146.8800,0.001685
FILLER_49_566,VGND,li1,268.6400,146.8800,0.001716
FILLER_49_558,VGND,li1,262.6600,146.8800,0.001748
FILLER_49_551,VGND,li1,259.2100,146.8800,0.001775
FILLER_49_545,VGND,li1,257.6000,146.8800,0.001775
FILLER_49_535,VGND,li1,252.0800,146.8800,0.001803
FILLER_49_521,VGND,li1,245.4100,146.8800,0.001838
FILLER_49_517,VGND,li1,244.2600,146.8800,0.001838
FILLER_49_513,VGND,li1,241.7300,146.8800,0.001850
FILLER_49_505,VGND,li1,239.6600,146.8800,0.001859
FILLER_49_503,VGND,li1,237.1300,146.8800,0.001878
FILLER_49_499,VGND,li1,235.9800,146.8800,0.001878
FILLER_49_487,VGND,li1,232.3000,146.8800,0.001892
FILLER_49_473,VGND,li1,223.7900,146.8800,0.001927
FILLER_49_421,VGND,li1,199.4100,146.8800,0.002008
FILLER_49_409,VGND,li1,196.4200,146.8800,0.002014
FILLER_49_393,VGND,li1,187.2200,146.8800,0.001916
FILLER_49_371,VGND,li1,176.6400,146.8800,0.001299
FILLER_49_359,VGND,li1,173.4200,146.8800,0.001369
FILLER_49_349,VGND,li1,166.9800,146.8800,0.001471
FILLER_49_337,VGND,li1,163.3000,146.8800,0.001518
FILLER_49_335,VGND,li1,159.8500,146.8800,0.001586
FILLER_49_331,VGND,li1,158.7000,146.8800,0.001586
FILLER_49_321,VGND,li1,153.8700,146.8800,0.001637
FILLER_49_309,VGND,li1,150.4200,146.8800,0.001643
FILLER_49_293,VGND,li1,140.9900,146.8800,0.001608
FILLER_49_281,VGND,li1,137.5400,146.8800,0.001594
FILLER_49_268,VGND,li1,131.5600,146.8800,0.001543
FILLER_49_261,VGND,li1,126.5000,146.8800,0.001507
FILLER_49_251,VGND,li1,121.6700,146.8800,0.001470
FILLER_49_245,VGND,li1,118.6800,146.8800,0.001451
FILLER_49_233,VGND,li1,115.4600,146.8800,0.001425
FILLER_49_216,VGND,li1,105.1100,146.8800,0.001341
FILLER_49_199,VGND,li1,97.7500,146.8800,0.001267
FILLER_49_189,VGND,li1,93.1500,146.8800,0.001202
FILLER_49_181,VGND,li1,90.6200,146.8800,0.001180
FILLER_49_150,VGND,li1,74.9800,146.8800,0.000975
FILLER_49_128,VGND,li1,64.6300,146.8800,0.000832
FILLER_49_120,VGND,li1,62.5600,146.8800,0.000788
FILLER_49_111,VGND,li1,56.8100,146.8800,0.000689
FILLER_49_107,VGND,li1,55.6600,146.8800,0.000689
FILLER_49_95,VGND,li1,51.9800,146.8800,0.000630
FILLER_49_76,VGND,li1,40.7100,146.8800,0.000420
FILLER_49_72,VGND,li1,39.5600,146.8800,0.000420
FILLER_49_50,VGND,li1,28.7500,146.8800,0.000217
FILLER_49_41,VGND,li1,25.0700,146.8800,0.000181
FILLER_48_776,VGND,li1,365.2400,141.4400,0.000899
FILLER_48_757,VGND,li1,356.5000,141.4400,0.000892
FILLER_48_753,VGND,li1,352.5900,141.4400,0.000888
FILLER_48_747,VGND,li1,349.3700,141.4400,0.000884
FILLER_48_743,VGND,li1,348.2200,141.4400,0.000861
FILLER_48_731,VGND,li1,344.5400,141.4400,0.000799
FILLER_48_719,VGND,li1,336.7200,141.4400,0.000594
FILLER_48_711,VGND,li1,334.4200,141.4400,0.000526
FILLER_48_696,VGND,li1,326.6000,141.4400,0.000550
FILLER_48_688,VGND,li1,322.4600,141.4400,0.000590
FILLER_48_680,VGND,li1,320.1600,141.4400,0.000608
FILLER_48_668,VGND,li1,315.5600,141.4400,0.000650
FILLER_48_624,VGND,li1,292.7900,141.4400,0.000816
FILLER_48_614,VGND,li1,288.6500,141.4400,0.000845
FILLER_48_593,VGND,li1,278.5300,141.4400,0.000913
FILLER_48_589,VGND,li1,277.3800,141.4400,0.000931
FILLER_48_587,VGND,li1,275.7700,141.4400,0.000931
FILLER_48_579,VGND,li1,272.0900,141.4400,0.000945
FILLER_48_567,VGND,li1,269.1000,141.4400,0.000952
FILLER_48_558,VGND,li1,263.1200,141.4400,0.000963
FILLER_48_545,VGND,li1,258.0600,141.4400,0.000972
FILLER_48_533,VGND,li1,253.4600,141.4400,0.000973
FILLER_48_531,VGND,li1,250.0100,141.4400,0.000969
FILLER_48_519,VGND,li1,247.0200,141.4400,0.000968
FILLER_48_500,VGND,li1,236.4400,141.4400,0.000959
FILLER_48_484,VGND,li1,230.9200,141.4400,0.000953
FILLER_48_472,VGND,li1,223.5600,141.4400,0.000942
FILLER_48_450,VGND,li1,213.9000,141.4400,0.000922
FILLER_48_432,VGND,li1,204.4700,141.4400,0.000904
FILLER_48_424,VGND,li1,202.4000,141.4400,0.000899
FILLER_48_418,VGND,li1,198.2600,141.4400,0.000890
FILLER_48_406,VGND,li1,195.0400,141.4400,0.000883
FILLER_48_394,VGND,li1,189.5200,141.4400,0.000869
FILLER_48_377,VGND,li1,179.8600,141.4400,0.000666
FILLER_48_365,VGND,li1,176.1800,141.4400,0.000747
FILLER_48_363,VGND,li1,172.7300,141.4400,0.000792
FILLER_48_343,VGND,li1,164.2200,141.4400,0.000957
FILLER_48_331,VGND,li1,160.5400,141.4400,0.000999
FILLER_48_320,VGND,li1,152.9500,141.4400,0.001117
FILLER_48_316,VGND,li1,151.8000,141.4400,0.001117
FILLER_48_306,VGND,li1,146.7400,141.4400,0.001147
FILLER_48_299,VGND,li1,143.5200,141.4400,0.001156
FILLER_48_276,VGND,li1,132.9400,141.4400,0.001135
FILLER_48_264,VGND,li1,129.7200,141.4400,0.001123
FILLER_48_253,VGND,li1,122.1300,141.4400,0.001099
FILLER_48_228,VGND,li1,111.3200,141.4400,0.001062
FILLER_48_205,VGND,li1,101.2000,141.4400,0.001019
FILLER_48_192,VGND,li1,94.7600,141.4400,0.000960
FILLER_48_175,VGND,li1,88.7800,141.4400,0.000900
FILLER_48_141,VGND,li1,72.2200,141.4400,0.000730
FILLER_48_137,VGND,li1,69.2300,141.4400,0.000684
FILLER_48_131,VGND,li1,66.0100,141.4400,0.000664
FILLER_48_123,VGND,li1,63.9400,141.4400,0.000634
FILLER_48_101,VGND,li1,52.9000,141.4400,0.000506
FILLER_48_81,VGND,li1,43.4700,141.4400,0.000387
FILLER_48_76,VGND,li1,40.7100,141.4400,0.000352
FILLER_48_70,VGND,li1,39.1000,141.4400,0.000314
FILLER_48_62,VGND,li1,34.2700,141.4400,0.000247
FILLER_48_56,VGND,li1,32.6600,141.4400,0.000247
FILLER_48_47,VGND,li1,27.3700,141.4400,0.000175
FILLER_48_41,VGND,li1,25.7600,141.4400,0.000145
FILLER_47_793,VGND,li1,370.5300,141.4400,0.000905
FILLER_47_785,VGND,li1,368.4600,141.4400,0.000903
FILLER_47_782,VGND,li1,365.7000,141.4400,0.000901
FILLER_47_762,VGND,li1,356.5000,141.4400,0.000892
FILLER_47_750,VGND,li1,353.2800,141.4400,0.000888
FILLER_47_737,VGND,li1,345.0000,141.4400,0.000799
FILLER_47_729,VGND,li1,342.7000,141.4400,0.000754
FILLER_47_726,VGND,li1,339.9400,141.4400,0.000655
FILLER_47_718,VGND,li1,337.6400,141.4400,0.000594
FILLER_47_706,VGND,li1,333.0400,141.4400,0.000465
FILLER_47_685,VGND,li1,322.4600,141.4400,0.000590
FILLER_47_673,VGND,li1,317.8600,141.4400,0.000626
FILLER_47_660,VGND,li1,311.8800,141.4400,0.000677
FILLER_47_656,VGND,li1,307.5100,141.4400,0.000716
FILLER_47_652,VGND,li1,306.3600,141.4400,0.000716
FILLER_47_635,VGND,li1,297.8500,141.4400,0.000782
FILLER_47_627,VGND,li1,295.7800,141.4400,0.000801
FILLER_47_617,VGND,li1,290.2600,141.4400,0.000832
FILLER_47_614,VGND,li1,288.4200,141.4400,0.000845
FILLER_47_606,VGND,li1,286.1200,141.4400,0.000861
FILLER_47_593,VGND,li1,280.1400,141.4400,0.000913
FILLER_47_567,VGND,li1,267.2600,141.4400,0.000955
FILLER_47_559,VGND,li1,262.8900,141.4400,0.000963
FILLER_47_555,VGND,li1,261.7400,141.4400,0.000967
FILLER_47_531,VGND,li1,251.1600,141.4400,0.000970
FILLER_47_523,VGND,li1,246.5600,141.4400,0.000968
FILLER_47_515,VGND,li1,244.2600,141.4400,0.000965
FILLER_47_501,VGND,li1,236.6700,141.4400,0.000959
FILLER_47_466,VGND,li1,222.6400,141.4400,0.000938
FILLER_47_458,VGND,li1,216.6600,141.4400,0.000929
FILLER_47_449,VGND,li1,212.7500,141.4400,0.000922
FILLER_47_442,VGND,li1,210.2200,141.4400,0.000916
FILLER_47_437,VGND,li1,207.0000,141.4400,0.000908
FILLER_47_429,VGND,li1,204.7000,141.4400,0.000904
FILLER_47_405,VGND,li1,192.7400,141.4400,0.000878
FILLER_47_393,VGND,li1,189.0600,141.4400,0.000869
FILLER_47_391,VGND,li1,185.6100,141.4400,0.000862
FILLER_47_374,VGND,li1,177.7900,141.4400,0.000707
FILLER_47_370,VGND,li1,176.6400,141.4400,0.000707
FILLER_47_335,VGND,li1,159.8500,141.4400,0.001030
FILLER_47_331,VGND,li1,158.7000,141.4400,0.001030
FILLER_47_321,VGND,li1,153.4100,141.4400,0.001117
FILLER_47_317,VGND,li1,152.2600,141.4400,0.001117
FILLER_47_288,VGND,li1,140.7600,141.4400,0.001155
FILLER_47_281,VGND,li1,135.0100,141.4400,0.001141
FILLER_47_279,VGND,li1,134.0900,141.4400,0.001135
FILLER_47_275,VGND,li1,132.9400,141.4400,0.001135
FILLER_47_263,VGND,li1,129.2600,141.4400,0.001123
FILLER_47_251,VGND,li1,123.7400,141.4400,0.001105
FILLER_47_245,VGND,li1,118.4500,141.4400,0.001088
FILLER_47_240,VGND,li1,116.1500,141.4400,0.001081
FILLER_47_233,VGND,li1,113.1600,141.4400,0.001070
FILLER_47_225,VGND,li1,110.8600,141.4400,0.001062
FILLER_47_223,VGND,li1,108.3300,141.4400,0.001047
FILLER_47_217,VGND,li1,106.7200,141.4400,0.001047
FILLER_47_200,VGND,li1,98.2100,141.4400,0.000990
FILLER_47_192,VGND,li1,95.6800,141.4400,0.000960
FILLER_47_180,VGND,li1,88.5500,141.4400,0.000900
FILLER_47_165,VGND,li1,82.1100,141.4400,0.000825
FILLER_47_138,VGND,li1,71.7600,141.4400,0.000708
FILLER_47_130,VGND,li1,66.0100,141.4400,0.000664
FILLER_47_122,VGND,li1,63.4800,141.4400,0.000634
FILLER_47_111,VGND,li1,56.8100,141.4400,0.000537
FILLER_47_96,VGND,li1,51.0600,141.4400,0.000483
FILLER_47_72,VGND,li1,38.8700,141.4400,0.000314
FILLER_47_46,VGND,li1,28.0600,141.4400,0.000175
FILLER_47_38,VGND,li1,23.6900,141.4400,0.000147
FILLER_47_34,VGND,li1,21.3900,141.4400,0.000148
FILLER_47_3,VGND,li1,7.3600,141.4400,0.000151
FILLER_46_795,VGND,li1,372.6000,136.0000,0.000517
FILLER_46_783,VGND,li1,368.4600,136.0000,0.000514
FILLER_46_775,VGND,li1,362.9400,136.0000,0.000511
FILLER_46_764,VGND,li1,358.3400,136.0000,0.000506
FILLER_46_757,VGND,li1,354.6600,136.0000,0.000504
FILLER_46_754,VGND,li1,352.8200,136.0000,0.000502
FILLER_46_746,VGND,li1,350.5200,136.0000,0.000500
FILLER_46_739,VGND,li1,345.6900,136.0000,0.000491
FILLER_46_735,VGND,li1,344.5400,136.0000,0.000491
FILLER_46_724,VGND,li1,338.7900,136.0000,0.000434
FILLER_46_713,VGND,li1,333.7300,136.0000,0.000367
FILLER_46_692,VGND,li1,325.6800,136.0000,0.000353
FILLER_46_673,VGND,li1,315.3300,136.0000,0.000416
FILLER_46_669,VGND,li1,314.1800,136.0000,0.000416
FILLER_46_657,VGND,li1,310.5000,136.0000,0.000430
FILLER_46_645,VGND,li1,304.9800,136.0000,0.000451
FILLER_46_635,VGND,li1,298.5400,136.0000,0.000476
FILLER_46_623,VGND,li1,294.8600,136.0000,0.000492
FILLER_46_611,VGND,li1,289.3400,136.0000,0.000511
FILLER_46_599,VGND,li1,283.8200,136.0000,0.000531
FILLER_46_571,VGND,li1,268.8700,136.0000,0.000541
FILLER_46_559,VGND,li1,262.8900,136.0000,0.000521
FILLER_46_552,VGND,li1,259.6700,136.0000,0.000514
FILLER_46_540,VGND,li1,256.6800,136.0000,0.000507
FILLER_46_531,VGND,li1,250.0100,136.0000,0.000486
FILLER_46_519,VGND,li1,244.4900,136.0000,0.000469
FILLER_46_509,VGND,li1,240.3500,136.0000,0.000452
FILLER_46_475,VGND,li1,224.2500,136.0000,0.000390
FILLER_46_449,VGND,li1,212.2900,136.0000,0.000334
FILLER_46_445,VGND,li1,211.1400,136.0000,0.000334
FILLER_46_433,VGND,li1,207.4600,136.0000,0.000319
FILLER_46_429,VGND,li1,203.0900,136.0000,0.000298
FILLER_46_421,VGND,li1,201.0200,136.0000,0.000288
FILLER_46_419,VGND,li1,198.4900,136.0000,0.000275
FILLER_46_411,VGND,li1,196.4200,136.0000,0.000266
FILLER_46_399,VGND,li1,191.8200,136.0000,0.000243
FILLER_46_387,VGND,li1,186.3000,136.0000,0.000216
FILLER_46_379,VGND,li1,180.0900,136.0000,0.000162
FILLER_46_371,VGND,li1,178.0200,136.0000,0.000168
FILLER_46_362,VGND,li1,172.5000,136.0000,0.000181
FILLER_46_351,VGND,li1,167.9000,136.0000,0.000192
FILLER_46_329,VGND,li1,157.3200,136.0000,0.000214
FILLER_46_321,VGND,li1,155.0200,136.0000,0.000218
FILLER_46_309,VGND,li1,150.4200,136.0000,0.000226
FILLER_46_305,VGND,li1,146.5100,136.0000,0.000230
FILLER_46_297,VGND,li1,143.9800,136.0000,0.000235
FILLER_46_285,VGND,li1,139.3800,136.0000,0.000243
FILLER_46_272,VGND,li1,132.0200,136.0000,0.000247
FILLER_46_260,VGND,li1,127.8800,136.0000,0.000245
FILLER_46_249,VGND,li1,120.7500,136.0000,0.000240
FILLER_46_239,VGND,li1,116.1500,136.0000,0.000236
FILLER_46_231,VGND,li1,113.6200,136.0000,0.000234
FILLER_46_222,VGND,li1,107.8700,136.0000,0.000228
FILLER_46_216,VGND,li1,106.2600,136.0000,0.000225
FILLER_46_204,VGND,li1,102.1200,136.0000,0.000223
FILLER_46_197,VGND,li1,97.0600,136.0000,0.000215
FILLER_46_188,VGND,li1,93.8400,136.0000,0.000209
FILLER_46_170,VGND,li1,86.4800,136.0000,0.000197
FILLER_46_127,VGND,li1,65.3200,136.0000,0.000153
FILLER_46_115,VGND,li1,61.1800,136.0000,0.000143
FILLER_46_103,VGND,li1,55.6600,136.0000,0.000130
FILLER_46_91,VGND,li1,50.1400,136.0000,0.000117
FILLER_46_85,VGND,li1,44.8500,136.0000,0.000099
FILLER_46_83,VGND,li1,43.9300,136.0000,0.000099
FILLER_46_79,VGND,li1,42.7800,136.0000,0.000094
FILLER_46_67,VGND,li1,39.1000,136.0000,0.000087
FILLER_46_60,VGND,li1,33.3500,136.0000,0.000067
FILLER_46_56,VGND,li1,32.2000,136.0000,0.000067
FILLER_46_45,VGND,li1,26.4500,136.0000,0.000049
FILLER_46_29,VGND,li1,19.3200,136.0000,0.000047
FILLER_45_795,VGND,li1,372.6000,136.0000,0.000517
FILLER_45_789,VGND,li1,368.9200,136.0000,0.000514
FILLER_45_782,VGND,li1,365.7000,136.0000,0.000513
FILLER_45_771,VGND,li1,360.6400,136.0000,0.000508
FILLER_45_758,VGND,li1,354.8900,136.0000,0.000504
FILLER_45_750,VGND,li1,352.3600,136.0000,0.000502
FILLER_45_735,VGND,li1,343.8500,136.0000,0.000485
FILLER_45_729,VGND,li1,342.2400,136.0000,0.000485
FILLER_45_727,VGND,li1,340.1700,136.0000,0.000475
FILLER_45_721,VGND,li1,337.4100,136.0000,0.000434
FILLER_45_713,VGND,li1,335.3400,136.0000,0.000367
FILLER_45_702,VGND,li1,328.6700,136.0000,0.000340
FILLER_45_696,VGND,li1,327.0600,136.0000,0.000353
FILLER_45_684,VGND,li1,322.9200,136.0000,0.000370
FILLER_45_677,VGND,li1,317.1700,136.0000,0.000409
FILLER_45_673,VGND,li1,316.0200,136.0000,0.000409
FILLER_45_671,VGND,li1,314.4100,136.0000,0.000416
FILLER_45_659,VGND,li1,311.4200,136.0000,0.000430
FILLER_45_647,VGND,li1,305.9000,136.0000,0.000451
FILLER_45_630,VGND,li1,296.0100,136.0000,0.000485
FILLER_45_614,VGND,li1,288.4200,136.0000,0.000511
FILLER_45_606,VGND,li1,286.1200,136.0000,0.000519
FILLER_45_593,VGND,li1,279.6800,136.0000,0.000544
FILLER_45_581,VGND,li1,275.5400,136.0000,0.000547
FILLER_45_569,VGND,li1,270.0200,136.0000,0.000541
FILLER_45_565,VGND,li1,265.6500,136.0000,0.000534
FILLER_45_559,VGND,li1,262.8900,136.0000,0.000521
FILLER_45_535,VGND,li1,254.3800,136.0000,0.000500
FILLER_45_526,VGND,li1,247.9400,136.0000,0.000480
FILLER_45_518,VGND,li1,245.6400,136.0000,0.000469
FILLER_45_513,VGND,li1,241.9600,136.0000,0.000460
FILLER_45_505,VGND,li1,239.6600,136.0000,0.000452
FILLER_45_503,VGND,li1,237.1300,136.0000,0.000438
FILLER_45_497,VGND,li1,235.5200,136.0000,0.000438
FILLER_45_481,VGND,li1,227.2400,136.0000,0.000407
FILLER_45_449,VGND,li1,212.9800,136.0000,0.000345
FILLER_45_444,VGND,li1,210.6800,136.0000,0.000334
FILLER_45_421,VGND,li1,199.4100,136.0000,0.000275
FILLER_45_417,VGND,li1,198.2600,136.0000,0.000275
FILLER_45_405,VGND,li1,194.5800,136.0000,0.000257
FILLER_45_393,VGND,li1,189.0600,136.0000,0.000229
FILLER_45_391,VGND,li1,185.6100,136.0000,0.000207
FILLER_45_387,VGND,li1,184.4600,136.0000,0.000207
FILLER_45_375,VGND,li1,180.7800,136.0000,0.000189
FILLER_45_359,VGND,li1,171.5800,136.0000,0.000187
FILLER_45_347,VGND,li1,167.9000,136.0000,0.000192
FILLER_45_326,VGND,li1,156.1700,136.0000,0.000214
FILLER_45_318,VGND,li1,153.6400,136.0000,0.000218
FILLER_45_306,VGND,li1,149.0400,136.0000,0.000226
FILLER_45_289,VGND,li1,139.3800,136.0000,0.000243
FILLER_45_276,VGND,li1,133.4000,136.0000,0.000247
FILLER_45_268,VGND,li1,129.0300,136.0000,0.000246
FILLER_45_260,VGND,li1,125.3500,136.0000,0.000244
FILLER_45_254,VGND,li1,123.7400,136.0000,0.000243
FILLER_45_248,VGND,li1,119.8300,136.0000,0.000240
FILLER_45_238,VGND,li1,115.6900,136.0000,0.000236
FILLER_45_213,VGND,li1,103.7300,136.0000,0.000223
FILLER_45_190,VGND,li1,93.6100,136.0000,0.000209
FILLER_45_186,VGND,li1,91.3100,136.0000,0.000205
FILLER_45_174,VGND,li1,87.4000,136.0000,0.000197
FILLER_45_165,VGND,li1,82.1100,136.0000,0.000188
FILLER_45_153,VGND,li1,78.6600,136.0000,0.000181
FILLER_45_141,VGND,li1,73.1400,136.0000,0.000170
FILLER_45_125,VGND,li1,63.4800,136.0000,0.000148
FILLER_45_117,VGND,li1,61.1800,136.0000,0.000143
FILLER_45_110,VGND,li1,56.5800,136.0000,0.000130
FILLER_45_103,VGND,li1,53.1300,136.0000,0.000124
FILLER_45_95,VGND,li1,51.0600,136.0000,0.000117
FILLER_45_77,VGND,li1,41.4000,136.0000,0.000094
FILLER_45_69,VGND,li1,39.1000,136.0000,0.000087
FILLER_45_57,VGND,li1,34.5000,136.0000,0.000074
FILLER_45_55,VGND,li1,31.0500,136.0000,0.000062
FILLER_45_44,VGND,li1,26.2200,136.0000,0.000049
FILLER_44_807,VGND,li1,376.9700,130.5600,0.000168
FILLER_44_803,VGND,li1,375.8200,130.5600,0.000168
FILLER_44_769,VGND,li1,359.9500,130.5600,0.000161
FILLER_44_764,VGND,li1,357.4200,130.5600,0.000159
FILLER_44_749,VGND,li1,350.2900,130.5600,0.000151
FILLER_44_743,VGND,li1,348.6800,130.5600,0.000148
FILLER_44_739,VGND,li1,345.6900,130.5600,0.000144
FILLER_44_733,VGND,li1,344.0800,130.5600,0.000140
FILLER_44_721,VGND,li1,339.9400,130.5600,0.000131
FILLER_44_709,VGND,li1,334.4200,130.5600,0.000123
FILLER_44_701,VGND,li1,328.2100,130.5600,0.000163
FILLER_44_698,VGND,li1,327.0600,130.5600,0.000163
FILLER_44_686,VGND,li1,323.8400,130.5600,0.000178
FILLER_44_652,VGND,li1,305.6700,130.5600,0.000241
FILLER_44_643,VGND,li1,301.5300,130.5600,0.000249
FILLER_44_627,VGND,li1,294.4000,130.5600,0.000264
FILLER_44_616,VGND,li1,289.1100,130.5600,0.000269
FILLER_44_600,VGND,li1,281.7500,130.5600,0.000277
FILLER_44_589,VGND,li1,276.6900,130.5600,0.000282
FILLER_44_582,VGND,li1,274.6200,130.5600,0.000284
FILLER_44_570,VGND,li1,270.4800,130.5600,0.000284
FILLER_44_558,VGND,li1,264.9600,130.5600,0.000284
FILLER_44_543,VGND,li1,256.2200,130.5600,0.000283
FILLER_44_526,VGND,li1,248.8600,130.5600,0.000282
FILLER_44_514,VGND,li1,244.7200,130.5600,0.000281
FILLER_44_509,VGND,li1,240.1200,130.5600,0.000277
FILLER_44_501,VGND,li1,237.8200,130.5600,0.000273
FILLER_44_489,VGND,li1,233.2200,130.5600,0.000264
FILLER_44_477,VGND,li1,226.3200,130.5600,0.000250
FILLER_44_475,VGND,li1,224.2500,130.5600,0.000246
FILLER_44_471,VGND,li1,223.1000,130.5600,0.000241
FILLER_44_461,VGND,li1,218.2700,130.5600,0.000230
FILLER_44_456,VGND,li1,215.7400,130.5600,0.000226
FILLER_44_448,VGND,li1,213.4400,130.5600,0.000219
FILLER_44_427,VGND,li1,202.1700,130.5600,0.000195
FILLER_44_421,VGND,li1,200.5600,130.5600,0.000189
FILLER_44_418,VGND,li1,198.2600,130.5600,0.000184
FILLER_44_410,VGND,li1,195.9600,130.5600,0.000174
FILLER_44_398,VGND,li1,191.3600,130.5600,0.000165
FILLER_44_386,VGND,li1,185.8400,130.5600,0.000150
FILLER_44_374,VGND,li1,180.3200,130.5600,0.000130
FILLER_44_365,VGND,li1,174.8000,130.5600,0.000186
FILLER_44_356,VGND,li1,171.1200,130.5600,0.000211
FILLER_44_344,VGND,li1,166.5200,130.5600,0.000262
FILLER_44_332,VGND,li1,161.0000,130.5600,0.000312
FILLER_44_320,VGND,li1,155.4800,130.5600,0.000358
FILLER_44_294,VGND,li1,140.9900,130.5600,0.000398
FILLER_44_290,VGND,li1,139.8400,130.5600,0.000398
FILLER_44_285,VGND,li1,136.8500,130.5600,0.000396
FILLER_44_277,VGND,li1,134.7800,130.5600,0.000394
FILLER_44_253,VGND,li1,122.3600,130.5600,0.000380
FILLER_44_249,VGND,li1,120.7500,130.5600,0.000377
FILLER_44_241,VGND,li1,118.2200,130.5600,0.000374
FILLER_44_229,VGND,li1,113.6200,130.5600,0.000366
FILLER_44_222,VGND,li1,107.8700,130.5600,0.000353
FILLER_44_216,VGND,li1,106.2600,130.5600,0.000353
FILLER_44_204,VGND,li1,102.1200,130.5600,0.000342
FILLER_44_195,VGND,li1,95.4500,130.5600,0.000329
FILLER_44_187,VGND,li1,93.3800,130.5600,0.000325
FILLER_44_158,VGND,li1,78.8900,130.5600,0.000289
FILLER_44_150,VGND,li1,76.3600,130.5600,0.000282
FILLER_44_121,VGND,li1,61.6400,130.5600,0.000238
FILLER_44_109,VGND,li1,58.4200,130.5600,0.000227
FILLER_44_104,VGND,li1,53.8200,130.5600,0.000204
FILLER_44_96,VGND,li1,51.5200,130.5600,0.000195
FILLER_44_85,VGND,li1,45.0800,130.5600,0.000162
FILLER_44_71,VGND,li1,38.6400,130.5600,0.000133
FILLER_44_63,VGND,li1,36.3400,130.5600,0.000116
FILLER_44_55,VGND,li1,31.0500,130.5600,0.000087
FILLER_44_49,VGND,li1,29.4400,130.5600,0.000087
FILLER_44_37,VGND,li1,25.3000,130.5600,0.000058
FILLER_44_29,VGND,li1,19.3200,130.5600,0.000061
FILLER_44_26,VGND,li1,17.9400,130.5600,0.000062
FILLER_44_16,VGND,li1,13.3400,130.5600,0.000063
FILLER_44_3,VGND,li1,7.3600,130.5600,0.000064
FILLER_43_809,VGND,li1,378.1200,130.5600,0.000168
FILLER_43_801,VGND,li1,375.8200,130.5600,0.000168
FILLER_43_791,VGND,li1,369.8400,130.5600,0.000167
FILLER_43_781,VGND,li1,365.4700,130.5600,0.000164
FILLER_43_773,VGND,li1,362.9400,130.5600,0.000162
FILLER_43_761,VGND,li1,358.3400,130.5600,0.000159
FILLER_43_741,VGND,li1,348.2200,130.5600,0.000148
FILLER_43_729,VGND,li1,343.6200,130.5600,0.000140
FILLER_43_720,VGND,li1,338.5600,130.5600,0.000131
FILLER_43_708,VGND,li1,333.9600,130.5600,0.000120
FILLER_43_704,VGND,li1,329.5900,130.5600,0.000148
FILLER_43_690,VGND,li1,324.7600,130.5600,0.000178
FILLER_43_678,VGND,li1,320.1600,130.5600,0.000196
FILLER_43_673,VGND,li1,315.5600,130.5600,0.000216
FILLER_43_670,VGND,li1,314.1800,130.5600,0.000223
FILLER_43_664,VGND,li1,311.1900,130.5600,0.000228
FILLER_43_652,VGND,li1,308.2000,130.5600,0.000237
FILLER_43_648,VGND,li1,303.8300,130.5600,0.000245
FILLER_43_644,VGND,li1,302.6800,130.5600,0.000249
FILLER_43_624,VGND,li1,292.7900,130.5600,0.000264
FILLER_43_606,VGND,li1,284.5100,130.5600,0.000275
FILLER_43_600,VGND,li1,281.7500,130.5600,0.000277
FILLER_43_596,VGND,li1,280.6000,130.5600,0.000279
FILLER_43_584,VGND,li1,276.9200,130.5600,0.000282
FILLER_43_579,VGND,li1,272.0900,130.5600,0.000284
FILLER_43_573,VGND,li1,270.4800,130.5600,0.000284
FILLER_43_561,VGND,li1,266.3400,130.5600,0.000284
FILLER_43_559,VGND,li1,262.8900,130.5600,0.000284
FILLER_43_553,VGND,li1,261.2800,130.5600,0.000284
FILLER_43_541,VGND,li1,257.1400,130.5600,0.000283
FILLER_43_527,VGND,li1,248.4000,130.5600,0.000282
FILLER_43_519,VGND,li1,246.1000,130.5600,0.000281
FILLER_43_496,VGND,li1,235.5200,130.5600,0.000269
FILLER_43_484,VGND,li1,230.9200,130.5600,0.000260
FILLER_43_472,VGND,li1,225.4000,130.5600,0.000246
FILLER_43_461,VGND,li1,218.2700,130.5600,0.000230
FILLER_43_449,VGND,li1,214.8200,130.5600,0.000226
FILLER_43_447,VGND,li1,211.3700,130.5600,0.000215
FILLER_43_443,VGND,li1,210.2200,130.5600,0.000215
FILLER_43_437,VGND,li1,207.2300,130.5600,0.000204
FILLER_43_429,VGND,li1,203.7800,130.5600,0.000195
FILLER_43_417,VGND,li1,200.1000,130.5600,0.000189
FILLER_43_405,VGND,li1,194.5800,130.5600,0.000174
FILLER_43_393,VGND,li1,189.0600,130.5600,0.000159
FILLER_43_384,VGND,li1,184.0000,130.5600,0.000145
FILLER_43_365,VGND,li1,173.8800,130.5600,0.000186
FILLER_43_353,VGND,li1,170.6600,130.5600,0.000211
FILLER_43_337,VGND,li1,160.7700,130.5600,0.000312
FILLER_43_333,VGND,li1,159.3900,130.5600,0.000312
FILLER_43_325,VGND,li1,156.8600,130.5600,0.000333
FILLER_43_319,VGND,li1,152.4900,130.5600,0.000378
FILLER_43_315,VGND,li1,151.3400,130.5600,0.000378
FILLER_43_306,VGND,li1,146.5100,130.5600,0.000401
FILLER_43_302,VGND,li1,145.3600,130.5600,0.000401
FILLER_43_281,VGND,li1,135.0100,130.5600,0.000394
FILLER_43_276,VGND,li1,132.7100,130.5600,0.000392
FILLER_43_264,VGND,li1,129.7200,130.5600,0.000390
FILLER_43_252,VGND,li1,124.2000,130.5600,0.000384
FILLER_43_244,VGND,li1,117.9900,130.5600,0.000374
FILLER_43_225,VGND,li1,111.7800,130.5600,0.000363
FILLER_43_218,VGND,li1,107.1800,130.5600,0.000353
FILLER_43_214,VGND,li1,104.1900,130.5600,0.000349
FILLER_43_202,VGND,li1,101.2000,130.5600,0.000342
FILLER_43_190,VGND,li1,95.6800,130.5600,0.000329
FILLER_43_178,VGND,li1,90.1600,130.5600,0.000313
FILLER_43_169,VGND,li1,83.7200,130.5600,0.000300
FILLER_43_150,VGND,li1,75.2100,130.5600,0.000274
FILLER_43_142,VGND,li1,72.6800,130.5600,0.000269
FILLER_43_131,VGND,li1,66.7000,130.5600,0.000254
FILLER_43_126,VGND,li1,63.7100,130.5600,0.000245
FILLER_43_120,VGND,li1,62.1000,130.5600,0.000238
FILLER_43_110,VGND,li1,56.5800,130.5600,0.000219
FILLER_43_98,VGND,li1,53.3600,130.5600,0.000204
FILLER_43_78,VGND,li1,42.3200,130.5600,0.000151
FILLER_43_66,VGND,li1,38.6400,130.5600,0.000133
FILLER_43_57,VGND,li1,31.9700,130.5600,0.000098
FILLER_43_53,VGND,li1,30.5900,130.5600,0.000087
FILLER_43_41,VGND,li1,27.1400,130.5600,0.000076
FILLER_43_30,VGND,li1,19.5500,130.5600,0.000061
FILLER_43_26,VGND,li1,18.4000,130.5600,0.000061
FILLER_43_14,VGND,li1,14.7200,130.5600,0.000063
FILLER_43_9,VGND,li1,10.1200,130.5600,0.000064
FILLER_42_804,VGND,li1,376.2800,125.1200,0.000825
FILLER_42_789,VGND,li1,369.1500,125.1200,0.000823
FILLER_42_781,VGND,li1,366.6200,125.1200,0.000821
FILLER_42_757,VGND,li1,356.5000,125.1200,0.000815
FILLER_42_748,VGND,li1,351.4400,125.1200,0.000808
FILLER_42_736,VGND,li1,346.8400,125.1200,0.000805
FILLER_42_724,VGND,li1,341.3200,125.1200,0.000765
FILLER_42_715,VGND,li1,334.8800,125.1200,0.000600
FILLER_42_706,VGND,li1,330.7400,125.1200,0.000546
FILLER_42_697,VGND,li1,326.8300,125.1200,0.000597
FILLER_42_681,VGND,li1,319.2400,125.1200,0.000648
FILLER_42_669,VGND,li1,316.0200,125.1200,0.000671
FILLER_42_657,VGND,li1,310.5000,125.1200,0.000710
FILLER_42_645,VGND,li1,304.9800,125.1200,0.000748
FILLER_42_641,VGND,li1,301.0700,125.1200,0.000783
FILLER_42_633,VGND,li1,298.5400,125.1200,0.000802
FILLER_42_627,VGND,li1,294.1700,125.1200,0.000829
FILLER_42_623,VGND,li1,293.0200,125.1200,0.000829
FILLER_42_611,VGND,li1,289.3400,125.1200,0.000853
FILLER_42_599,VGND,li1,283.8200,125.1200,0.000889
FILLER_42_586,VGND,li1,275.5400,125.1200,0.000931
FILLER_42_565,VGND,li1,265.6500,125.1200,0.000924
FILLER_42_561,VGND,li1,264.5000,125.1200,0.000920
FILLER_42_539,VGND,li1,254.8400,125.1200,0.000901
FILLER_42_533,VGND,li1,251.3900,125.1200,0.000894
FILLER_42_528,VGND,li1,249.3200,125.1200,0.000889
FILLER_42_517,VGND,li1,244.2600,125.1200,0.000875
FILLER_42_503,VGND,li1,237.1300,125.1200,0.000850
FILLER_42_498,VGND,li1,234.8300,125.1200,0.000840
FILLER_42_477,VGND,li1,225.8600,125.1200,0.000799
FILLER_42_475,VGND,li1,224.2500,125.1200,0.000788
FILLER_42_467,VGND,li1,222.1800,125.1200,0.000775
FILLER_42_450,VGND,li1,213.4400,125.1200,0.000713
FILLER_42_429,VGND,li1,203.0900,125.1200,0.000657
FILLER_42_421,VGND,li1,201.0200,125.1200,0.000643
FILLER_42_416,VGND,li1,197.8000,125.1200,0.000623
FILLER_42_404,VGND,li1,194.1200,125.1200,0.000590
FILLER_42_392,VGND,li1,188.6000,125.1200,0.000558
FILLER_42_374,VGND,li1,178.2500,125.1200,0.000490
FILLER_42_365,VGND,li1,173.6500,125.1200,0.000663
FILLER_42_363,VGND,li1,172.7300,125.1200,0.000749
FILLER_42_359,VGND,li1,171.5800,125.1200,0.000749
FILLER_42_327,VGND,li1,157.3200,125.1200,0.001040
FILLER_42_323,VGND,li1,154.3300,125.1200,0.001043
FILLER_42_312,VGND,li1,149.9600,125.1200,0.001042
FILLER_42_307,VGND,li1,146.9700,125.1200,0.001036
FILLER_42_303,VGND,li1,145.8200,125.1200,0.001036
FILLER_42_291,VGND,li1,142.1400,125.1200,0.001030
FILLER_42_285,VGND,li1,136.8500,125.1200,0.001020
FILLER_42_268,VGND,li1,129.0300,125.1200,0.001005
FILLER_42_253,VGND,li1,123.7400,125.1200,0.000995
FILLER_42_248,VGND,li1,120.5200,125.1200,0.000984
FILLER_42_233,VGND,li1,113.3900,125.1200,0.000969
FILLER_42_225,VGND,li1,110.8600,125.1200,0.000962
FILLER_42_197,VGND,li1,96.3700,125.1200,0.000873
FILLER_42_193,VGND,li1,94.9900,125.1200,0.000856
FILLER_42_181,VGND,li1,91.5400,125.1200,0.000816
FILLER_42_169,VGND,li1,86.0200,125.1200,0.000779
FILLER_42_161,VGND,li1,80.2700,125.1200,0.000723
FILLER_42_141,VGND,li1,71.3000,125.1200,0.000636
FILLER_42_138,VGND,li1,69.4600,125.1200,0.000618
FILLER_42_130,VGND,li1,67.1600,125.1200,0.000595
FILLER_42_118,VGND,li1,62.5600,125.1200,0.000549
FILLER_42_103,VGND,li1,53.1300,125.1200,0.000453
FILLER_42_90,VGND,li1,48.3000,125.1200,0.000401
FILLER_42_85,VGND,li1,45.0800,125.1200,0.000367
FILLER_42_80,VGND,li1,43.2400,125.1200,0.000347
FILLER_42_67,VGND,li1,36.5700,125.1200,0.000259
FILLER_42_63,VGND,li1,35.4200,125.1200,0.000259
FILLER_42_56,VGND,li1,31.5100,125.1200,0.000212
FILLER_42_50,VGND,li1,29.9000,125.1200,0.000186
FILLER_42_25,VGND,li1,17.7100,125.1200,0.000136
FILLER_42_9,VGND,li1,10.1200,125.1200,0.000139
FILLER_41_806,VGND,li1,376.5100,125.1200,0.000825
FILLER_41_798,VGND,li1,374.4400,125.1200,0.000824
FILLER_41_788,VGND,li1,368.9200,125.1200,0.000823
FILLER_41_782,VGND,li1,365.7000,125.1200,0.000821
FILLER_41_753,VGND,li1,354.6600,125.1200,0.000812
FILLER_41_748,VGND,li1,350.0600,125.1200,0.000808
FILLER_41_736,VGND,li1,346.8400,125.1200,0.000805
FILLER_41_726,VGND,li1,339.9400,125.1200,0.000725
FILLER_41_703,VGND,li1,329.8200,125.1200,0.000546
FILLER_41_698,VGND,li1,326.8300,125.1200,0.000597
FILLER_41_692,VGND,li1,325.2200,125.1200,0.000597
FILLER_41_686,VGND,li1,321.7700,125.1200,0.000633
FILLER_41_678,VGND,li1,319.2400,125.1200,0.000648
FILLER_41_673,VGND,li1,315.5600,125.1200,0.000684
FILLER_41_670,VGND,li1,314.1800,125.1200,0.000684
FILLER_41_662,VGND,li1,311.8800,125.1200,0.000710
FILLER_41_644,VGND,li1,303.1400,125.1200,0.000769
FILLER_41_625,VGND,li1,293.7100,125.1200,0.000829
FILLER_41_617,VGND,li1,291.1800,125.1200,0.000841
FILLER_41_615,VGND,li1,288.6500,125.1200,0.000865
FILLER_41_611,VGND,li1,287.5000,125.1200,0.000865
FILLER_41_599,VGND,li1,283.8200,125.1200,0.000889
FILLER_41_574,VGND,li1,270.9400,125.1200,0.000932
FILLER_41_567,VGND,li1,266.5700,125.1200,0.000924
FILLER_41_561,VGND,li1,264.9600,125.1200,0.000920
FILLER_41_556,VGND,li1,262.2000,125.1200,0.000916
FILLER_41_548,VGND,li1,257.8300,125.1200,0.000906
FILLER_41_536,VGND,li1,252.5400,125.1200,0.000894
FILLER_41_528,VGND,li1,250.2400,125.1200,0.000889
FILLER_41_521,VGND,li1,245.6400,125.1200,0.000880
FILLER_41_513,VGND,li1,243.3400,125.1200,0.000875
FILLER_41_505,VGND,li1,238.0500,125.1200,0.000859
FILLER_41_500,VGND,li1,236.4400,125.1200,0.000850
FILLER_41_488,VGND,li1,232.7600,125.1200,0.000829
FILLER_41_482,VGND,li1,227.4700,125.1200,0.000799
FILLER_41_478,VGND,li1,226.3200,125.1200,0.000799
FILLER_41_469,VGND,li1,221.7200,125.1200,0.000775
FILLER_41_461,VGND,li1,219.4200,125.1200,0.000758
FILLER_41_449,VGND,li1,213.9000,125.1200,0.000726
FILLER_41_447,VGND,li1,211.3700,125.1200,0.000701
FILLER_41_427,VGND,li1,203.7800,125.1200,0.000657
FILLER_41_415,VGND,li1,199.1800,125.1200,0.000623
FILLER_41_403,VGND,li1,193.6600,125.1200,0.000590
FILLER_41_390,VGND,li1,185.3800,125.1200,0.000540
FILLER_41_382,VGND,li1,183.0800,125.1200,0.000525
FILLER_41_376,VGND,li1,178.7100,125.1200,0.000490
FILLER_41_363,VGND,li1,173.1900,125.1200,0.000749
FILLER_41_351,VGND,li1,169.7400,125.1200,0.000825
FILLER_41_337,VGND,li1,160.7700,125.1200,0.001038
FILLER_41_333,VGND,li1,159.3900,125.1200,0.001038
FILLER_41_321,VGND,li1,155.9400,125.1200,0.001043
FILLER_41_313,VGND,li1,149.7300,125.1200,0.001042
FILLER_41_305,VGND,li1,146.0500,125.1200,0.001036
FILLER_41_293,VGND,li1,143.0600,125.1200,0.001030
FILLER_41_281,VGND,li1,137.5400,125.1200,0.001023
FILLER_41_272,VGND,li1,131.1000,125.1200,0.001009
FILLER_41_265,VGND,li1,127.8800,125.1200,0.001005
FILLER_41_245,VGND,li1,118.9100,125.1200,0.000984
FILLER_41_237,VGND,li1,115.2300,125.1200,0.000974
FILLER_41_225,VGND,li1,111.7800,125.1200,0.000962
FILLER_41_218,VGND,li1,107.1800,125.1200,0.000951
FILLER_41_208,VGND,li1,101.4300,125.1200,0.000918
FILLER_41_202,VGND,li1,99.8200,125.1200,0.000893
FILLER_41_186,VGND,li1,91.7700,125.1200,0.000834
FILLER_41_169,VGND,li1,86.0200,125.1200,0.000779
FILLER_41_165,VGND,li1,82.1100,125.1200,0.000741
FILLER_41_153,VGND,li1,78.6600,125.1200,0.000703
FILLER_41_129,VGND,li1,67.6200,125.1200,0.000595
FILLER_41_113,VGND,li1,58.8800,125.1200,0.000513
FILLER_41_111,VGND,li1,56.8100,125.1200,0.000492
FILLER_41_103,VGND,li1,54.7400,125.1200,0.000453
FILLER_41_88,VGND,li1,48.7600,125.1200,0.000401
FILLER_41_76,VGND,li1,43.2400,125.1200,0.000347
FILLER_41_64,VGND,li1,37.7200,125.1200,0.000286
FILLER_41_48,VGND,li1,29.4400,125.1200,0.000186
FILLER_41_19,VGND,li1,15.1800,125.1200,0.000137
FILLER_41_10,VGND,li1,10.5800,125.1200,0.000139
FILLER_40_808,VGND,li1,377.8900,119.6800,0.000466
FILLER_40_785,VGND,li1,366.8500,119.6800,0.000462
FILLER_40_781,VGND,li1,365.7000,119.6800,0.000462
FILLER_40_765,VGND,li1,358.3400,119.6800,0.000459
FILLER_40_754,VGND,li1,352.8200,119.6800,0.000456
FILLER_40_735,VGND,li1,343.8500,119.6800,0.000446
FILLER_40_729,VGND,li1,342.2400,119.6800,0.000442
FILLER_40_721,VGND,li1,338.1000,119.6800,0.000420
FILLER_40_717,VGND,li1,335.5700,119.6800,0.000384
FILLER_40_713,VGND,li1,334.4200,119.6800,0.000343
FILLER_40_701,VGND,li1,330.7400,119.6800,0.000297
FILLER_40_699,VGND,li1,327.2900,119.6800,0.000330
FILLER_40_691,VGND,li1,325.2200,119.6800,0.000352
FILLER_40_677,VGND,li1,317.1700,119.6800,0.000409
FILLER_40_669,VGND,li1,313.4900,119.6800,0.000441
FILLER_40_638,VGND,li1,299.2300,119.6800,0.000527
FILLER_40_630,VGND,li1,295.7800,119.6800,0.000537
FILLER_40_622,VGND,li1,293.4800,119.6800,0.000550
FILLER_40_601,VGND,li1,282.4400,119.6800,0.000605
FILLER_40_589,VGND,li1,279.2200,119.6800,0.000622
FILLER_40_587,VGND,li1,275.7700,119.6800,0.000632
FILLER_40_583,VGND,li1,274.6200,119.6800,0.000639
FILLER_40_571,VGND,li1,270.9400,119.6800,0.000647
FILLER_40_561,VGND,li1,264.2700,119.6800,0.000664
FILLER_40_549,VGND,li1,260.8200,119.6800,0.000670
FILLER_40_533,VGND,li1,251.6200,119.6800,0.000684
FILLER_40_531,VGND,li1,250.0100,119.6800,0.000686
FILLER_40_525,VGND,li1,248.4000,119.6800,0.000686
FILLER_40_513,VGND,li1,244.2600,119.6800,0.000693
FILLER_40_501,VGND,li1,238.7400,119.6800,0.000696
FILLER_40_489,VGND,li1,233.2200,119.6800,0.000697
FILLER_40_477,VGND,li1,227.7000,119.6800,0.000697
FILLER_40_475,VGND,li1,224.2500,119.6800,0.000698
FILLER_40_466,VGND,li1,221.2600,119.6800,0.000697
FILLER_40_452,VGND,li1,213.6700,119.6800,0.000693
FILLER_40_433,VGND,li1,205.3900,119.6800,0.000686
FILLER_40_421,VGND,li1,201.9400,119.6800,0.000681
FILLER_40_418,VGND,li1,198.2600,119.6800,0.000679
FILLER_40_410,VGND,li1,195.9600,119.6800,0.000676
FILLER_40_398,VGND,li1,191.3600,119.6800,0.000672
FILLER_40_391,VGND,li1,185.6100,119.6800,0.000663
FILLER_40_385,VGND,li1,184.0000,119.6800,0.000663
FILLER_40_373,VGND,li1,179.8600,119.6800,0.000656
FILLER_40_343,VGND,li1,165.1400,119.6800,0.001293
FILLER_40_331,VGND,li1,160.5400,119.6800,0.001315
FILLER_40_319,VGND,li1,155.0200,119.6800,0.001316
FILLER_40_309,VGND,li1,147.8900,119.6800,0.001296
FILLER_40_302,VGND,li1,145.8200,119.6800,0.001289
FILLER_40_281,VGND,li1,135.4700,119.6800,0.001245
FILLER_40_273,VGND,li1,132.9400,119.6800,0.001236
FILLER_40_253,VGND,li1,123.2800,119.6800,0.001195
FILLER_40_244,VGND,li1,119.6000,119.6800,0.001186
FILLER_40_221,VGND,li1,109.9400,119.6800,0.001140
FILLER_40_213,VGND,li1,103.7300,119.6800,0.001093
FILLER_40_209,VGND,li1,102.5800,119.6800,0.001093
FILLER_40_197,VGND,li1,98.9000,119.6800,0.001057
FILLER_40_195,VGND,li1,95.4500,119.6800,0.001013
FILLER_40_191,VGND,li1,94.3000,119.6800,0.001013
FILLER_40_174,VGND,li1,86.2500,119.6800,0.000917
FILLER_40_166,VGND,li1,83.7200,119.6800,0.000892
FILLER_40_146,VGND,li1,73.6000,119.6800,0.000792
FILLER_40_139,VGND,li1,69.6900,119.6800,0.000749
FILLER_40_131,VGND,li1,66.0100,119.6800,0.000704
FILLER_40_125,VGND,li1,64.4000,119.6800,0.000673
FILLER_40_117,VGND,li1,59.5700,119.6800,0.000612
FILLER_40_109,VGND,li1,57.5000,119.6800,0.000588
FILLER_40_97,VGND,li1,52.9000,119.6800,0.000542
FILLER_40_85,VGND,li1,47.3800,119.6800,0.000468
FILLER_40_83,VGND,li1,43.9300,119.6800,0.000416
FILLER_40_75,VGND,li1,41.8600,119.6800,0.000391
FILLER_40_63,VGND,li1,37.2600,119.6800,0.000329
FILLER_40_59,VGND,li1,32.8900,119.6800,0.000253
FILLER_40_55,VGND,li1,31.7400,119.6800,0.000253
FILLER_40_46,VGND,li1,27.1400,119.6800,0.000192
FILLER_40_34,VGND,li1,23.9200,119.6800,0.000146
FILLER_40_27,VGND,li1,18.1700,119.6800,0.000150
FILLER_40_12,VGND,li1,11.5000,119.6800,0.000151
FILLER_40_3,VGND,li1,7.3600,119.6800,0.000152
FILLER_39_806,VGND,li1,376.5100,119.6800,0.000466
FILLER_39_798,VGND,li1,374.4400,119.6800,0.000465
FILLER_39_791,VGND,li1,369.6100,119.6800,0.000463
FILLER_39_785,VGND,li1,368.0000,119.6800,0.000463
FILLER_39_782,VGND,li1,365.7000,119.6800,0.000462
FILLER_39_774,VGND,li1,363.4000,119.6800,0.000461
FILLER_39_763,VGND,li1,356.7300,119.6800,0.000458
FILLER_39_740,VGND,li1,347.7600,119.6800,0.000451
FILLER_39_729,VGND,li1,341.5500,119.6800,0.000442
FILLER_39_727,VGND,li1,340.1700,119.6800,0.000439
FILLER_39_716,VGND,li1,335.1100,119.6800,0.000384
FILLER_39_708,VGND,li1,333.0400,119.6800,0.000343
FILLER_39_696,VGND,li1,328.4400,119.6800,0.000330
FILLER_39_689,VGND,li1,323.3800,119.6800,0.000376
FILLER_39_677,VGND,li1,319.7000,119.6800,0.000397
FILLER_39_673,VGND,li1,315.3300,119.6800,0.000424
FILLER_39_669,VGND,li1,313.9500,119.6800,0.000441
FILLER_39_646,VGND,li1,303.1400,119.6800,0.000503
FILLER_39_634,VGND,li1,299.9200,119.6800,0.000514
FILLER_39_615,VGND,li1,288.6500,119.6800,0.000581
FILLER_39_608,VGND,li1,285.8900,119.6800,0.000595
FILLER_39_596,VGND,li1,282.4400,119.6800,0.000605
FILLER_39_578,VGND,li1,273.2400,119.6800,0.000639
FILLER_39_558,VGND,li1,262.6600,119.6800,0.000664
FILLER_39_546,VGND,li1,259.4400,119.6800,0.000670
FILLER_39_533,VGND,li1,251.3900,119.6800,0.000684
FILLER_39_519,VGND,li1,246.1000,119.6800,0.000690
FILLER_39_505,VGND,li1,238.7400,119.6800,0.000696
FILLER_39_498,VGND,li1,235.9800,119.6800,0.000696
FILLER_39_483,VGND,li1,229.5400,119.6800,0.000697
FILLER_39_471,VGND,li1,224.9400,119.6800,0.000698
FILLER_39_460,VGND,li1,218.0400,119.6800,0.000696
FILLER_39_453,VGND,li1,214.1300,119.6800,0.000693
FILLER_39_449,VGND,li1,212.9800,119.6800,0.000692
FILLER_39_447,VGND,li1,211.3700,119.6800,0.000690
FILLER_39_418,VGND,li1,200.5600,119.6800,0.000681
FILLER_39_406,VGND,li1,195.0400,119.6800,0.000676
FILLER_39_382,VGND,li1,181.9300,119.6800,0.000660
FILLER_39_374,VGND,li1,179.4000,119.6800,0.000656
FILLER_39_362,VGND,li1,174.8000,119.6800,0.001012
FILLER_39_337,VGND,li1,162.3800,119.6800,0.001304
FILLER_39_334,VGND,li1,159.6200,119.6800,0.001315
FILLER_39_324,VGND,li1,155.2500,119.6800,0.001316
FILLER_39_316,VGND,li1,152.7200,119.6800,0.001310
FILLER_39_304,VGND,li1,148.1200,119.6800,0.001296
FILLER_39_292,VGND,li1,142.6000,119.6800,0.001273
FILLER_39_281,VGND,li1,136.6200,119.6800,0.001256
FILLER_39_278,VGND,li1,133.8600,119.6800,0.001245
FILLER_39_270,VGND,li1,131.5600,119.6800,0.001236
FILLER_39_255,VGND,li1,123.5100,119.6800,0.001203
FILLER_39_247,VGND,li1,120.9800,119.6800,0.001186
FILLER_39_236,VGND,li1,115.0000,119.6800,0.001162
FILLER_39_225,VGND,li1,109.9400,119.6800,0.001140
FILLER_39_223,VGND,li1,108.3300,119.6800,0.001126
FILLER_39_203,VGND,li1,100.7400,119.6800,0.001075
FILLER_39_191,VGND,li1,96.1400,119.6800,0.001031
FILLER_39_186,VGND,li1,91.3100,119.6800,0.000967
FILLER_39_176,VGND,li1,87.4000,119.6800,0.000943
FILLER_39_167,VGND,li1,82.5700,119.6800,0.000892
FILLER_39_163,VGND,li1,81.4200,119.6800,0.000869
FILLER_39_152,VGND,li1,75.9000,119.6800,0.000818
FILLER_39_144,VGND,li1,73.6000,119.6800,0.000792
FILLER_39_139,VGND,li1,69.9200,119.6800,0.000749
FILLER_39_127,VGND,li1,65.7800,119.6800,0.000704
FILLER_39_113,VGND,li1,58.1900,119.6800,0.000612
FILLER_39_109,VGND,li1,56.3500,119.6800,0.000588
FILLER_39_101,VGND,li1,53.8200,119.6800,0.000542
FILLER_39_97,VGND,li1,50.3700,119.6800,0.000508
FILLER_39_82,VGND,li1,43.4700,119.6800,0.000416
FILLER_39_68,VGND,li1,37.0300,119.6800,0.000329
FILLER_39_60,VGND,li1,34.9600,119.6800,0.000285
FILLER_39_53,VGND,li1,30.5900,119.6800,0.000222
FILLER_39_41,VGND,li1,27.1400,119.6800,0.000192
FILLER_39_34,VGND,li1,21.3900,119.6800,0.000148
FILLER_39_22,VGND,li1,18.4000,119.6800,0.000149
FILLER_39_18,VGND,li1,14.0300,119.6800,0.000150
FILLER_39_12,VGND,li1,11.2700,119.6800,0.000151
FILLER_38_810,VGND,li1,378.3500,114.2400,0.000178
FILLER_38_798,VGND,li1,375.3600,114.2400,0.000178
FILLER_38_786,VGND,li1,369.8400,114.2400,0.000178
FILLER_38_775,VGND,li1,362.2500,114.2400,0.000177
FILLER_38_769,VGND,li1,360.6400,114.2400,0.000176
FILLER_38_757,VGND,li1,356.5000,114.2400,0.000176
FILLER_38_754,VGND,li1,352.8200,114.2400,0.000175
FILLER_38_744,VGND,li1,349.1400,114.2400,0.000174
FILLER_38_732,VGND,li1,345.0000,114.2400,0.000173
FILLER_38_720,VGND,li1,339.4800,114.2400,0.000170
FILLER_38_708,VGND,li1,333.9600,114.2400,0.000167
FILLER_38_687,VGND,li1,322.0000,114.2400,0.000289
FILLER_38_679,VGND,li1,319.7000,114.2400,0.000303
FILLER_38_667,VGND,li1,315.1000,114.2400,0.000333
FILLER_38_662,VGND,li1,310.2700,114.2400,0.000361
FILLER_38_657,VGND,li1,308.2000,114.2400,0.000374
FILLER_38_645,VGND,li1,304.9800,114.2400,0.000397
FILLER_38_640,VGND,li1,300.8400,114.2400,0.000426
FILLER_38_611,VGND,li1,287.0400,114.2400,0.000494
FILLER_38_603,VGND,li1,284.7400,114.2400,0.000506
FILLER_38_585,VGND,li1,275.3100,114.2400,0.000534
FILLER_38_566,VGND,li1,268.6400,114.2400,0.000535
FILLER_38_553,VGND,li1,261.7400,114.2400,0.000532
FILLER_38_540,VGND,li1,255.3000,114.2400,0.000527
FILLER_38_531,VGND,li1,250.0100,114.2400,0.000523
FILLER_38_495,VGND,li1,233.4500,114.2400,0.000486
FILLER_38_487,VGND,li1,230.0000,114.2400,0.000469
FILLER_38_470,VGND,li1,223.1000,114.2400,0.000438
FILLER_38_465,VGND,li1,219.8800,114.2400,0.000429
FILLER_38_453,VGND,li1,216.6600,114.2400,0.000414
FILLER_38_441,VGND,li1,211.1400,114.2400,0.000378
FILLER_38_437,VGND,li1,206.7700,114.2400,0.000358
FILLER_38_433,VGND,li1,204.9300,114.2400,0.000349
FILLER_38_421,VGND,li1,201.9400,114.2400,0.000330
FILLER_38_419,VGND,li1,198.4900,114.2400,0.000315
FILLER_38_407,VGND,li1,195.5000,114.2400,0.000304
FILLER_38_395,VGND,li1,189.9800,114.2400,0.000275
FILLER_38_380,VGND,li1,182.1600,114.2400,0.000230
FILLER_38_372,VGND,li1,176.8700,114.2400,0.000243
FILLER_38_368,VGND,li1,175.7200,114.2400,0.000287
FILLER_38_363,VGND,li1,172.7300,114.2400,0.000326
FILLER_38_355,VGND,li1,169.7400,114.2400,0.000355
FILLER_38_346,VGND,li1,165.3700,114.2400,0.000423
FILLER_38_334,VGND,li1,161.9200,114.2400,0.000467
FILLER_38_314,VGND,li1,150.8800,114.2400,0.000580
FILLER_38_307,VGND,li1,146.9700,114.2400,0.000601
FILLER_38_299,VGND,li1,143.2900,114.2400,0.000610
FILLER_38_291,VGND,li1,141.2200,114.2400,0.000610
FILLER_38_277,VGND,li1,133.1700,114.2400,0.000609
FILLER_38_272,VGND,li1,130.8700,114.2400,0.000607
FILLER_38_266,VGND,li1,129.2600,114.2400,0.000607
FILLER_38_251,VGND,li1,121.2100,114.2400,0.000602
FILLER_38_239,VGND,li1,118.2200,114.2400,0.000599
FILLER_38_233,VGND,li1,112.9300,114.2400,0.000594
FILLER_38_217,VGND,li1,106.7200,114.2400,0.000588
FILLER_38_208,VGND,li1,101.8900,114.2400,0.000582
FILLER_38_197,VGND,li1,97.0600,114.2400,0.000567
FILLER_38_195,VGND,li1,95.4500,114.2400,0.000556
FILLER_38_191,VGND,li1,94.3000,114.2400,0.000556
FILLER_38_179,VGND,li1,90.6200,114.2400,0.000542
FILLER_38_154,VGND,li1,76.8200,114.2400,0.000485
FILLER_38_135,VGND,li1,67.8500,114.2400,0.000439
FILLER_38_131,VGND,li1,66.7000,114.2400,0.000439
FILLER_38_88,VGND,li1,46.4600,114.2400,0.000291
FILLER_38_83,VGND,li1,43.9300,114.2400,0.000272
FILLER_38_76,VGND,li1,41.4000,114.2400,0.000247
FILLER_38_46,VGND,li1,29.4400,114.2400,0.000137
FILLER_38_29,VGND,li1,19.5500,114.2400,0.000109
FILLER_38_27,VGND,li1,18.1700,114.2400,0.000109
FILLER_38_19,VGND,li1,16.1000,114.2400,0.000110
FILLER_38_3,VGND,li1,7.3600,114.2400,0.000111
FILLER_37_805,VGND,li1,376.5100,114.2400,0.000178
FILLER_37_797,VGND,li1,373.9800,114.2400,0.000178
FILLER_37_785,VGND,li1,369.3800,114.2400,0.000178
FILLER_37_783,VGND,li1,365.9300,114.2400,0.000178
FILLER_37_775,VGND,li1,362.4800,114.2400,0.000177
FILLER_37_763,VGND,li1,359.2600,114.2400,0.000176
FILLER_37_751,VGND,li1,353.7400,114.2400,0.000175
FILLER_37_735,VGND,li1,343.8500,114.2400,0.000171
FILLER_37_729,VGND,li1,342.2400,114.2400,0.000171
FILLER_37_725,VGND,li1,339.7100,114.2400,0.000170
FILLER_37_710,VGND,li1,333.9600,114.2400,0.000167
FILLER_37_698,VGND,li1,329.3600,114.2400,0.000215
FILLER_37_687,VGND,li1,321.7700,114.2400,0.000289
FILLER_37_677,VGND,li1,317.1700,114.2400,0.000319
FILLER_37_673,VGND,li1,316.0200,114.2400,0.000333
FILLER_37_671,VGND,li1,314.4100,114.2400,0.000346
FILLER_37_665,VGND,li1,312.8000,114.2400,0.000346
FILLER_37_653,VGND,li1,308.6600,114.2400,0.000374
FILLER_37_634,VGND,li1,299.9200,114.2400,0.000426
FILLER_37_617,VGND,li1,290.7200,114.2400,0.000483
FILLER_37_612,VGND,li1,287.9600,114.2400,0.000494
FILLER_37_601,VGND,li1,282.9000,114.2400,0.000521
FILLER_37_589,VGND,li1,279.2200,114.2400,0.000532
FILLER_37_573,VGND,li1,269.7900,114.2400,0.000535
FILLER_37_561,VGND,li1,266.3400,114.2400,0.000534
FILLER_37_558,VGND,li1,262.6600,114.2400,0.000532
FILLER_37_540,VGND,li1,254.3800,114.2400,0.000527
FILLER_37_525,VGND,li1,247.2500,114.2400,0.000519
FILLER_37_503,VGND,li1,237.1300,114.2400,0.000493
FILLER_37_485,VGND,li1,228.8500,114.2400,0.000469
FILLER_37_476,VGND,li1,224.7100,114.2400,0.000452
FILLER_37_464,VGND,li1,221.7200,114.2400,0.000438
FILLER_37_449,VGND,li1,213.9000,114.2400,0.000399
FILLER_37_440,VGND,li1,209.7600,114.2400,0.000378
FILLER_37_434,VGND,li1,205.6200,114.2400,0.000349
FILLER_37_426,VGND,li1,202.1700,114.2400,0.000339
FILLER_37_412,VGND,li1,195.5000,114.2400,0.000304
FILLER_37_400,VGND,li1,192.2800,114.2400,0.000287
FILLER_37_377,VGND,li1,181.7000,114.2400,0.000230
FILLER_37_372,VGND,li1,177.1000,114.2400,0.000243
FILLER_37_363,VGND,li1,172.7300,114.2400,0.000326
FILLER_37_355,VGND,li1,169.0500,114.2400,0.000391
FILLER_37_349,VGND,li1,167.4400,114.2400,0.000391
FILLER_37_337,VGND,li1,163.3000,114.2400,0.000467
FILLER_37_332,VGND,li1,159.1600,114.2400,0.000502
FILLER_37_325,VGND,li1,155.4800,114.2400,0.000548
FILLER_37_315,VGND,li1,151.1100,114.2400,0.000580
FILLER_37_303,VGND,li1,147.6600,114.2400,0.000601
FILLER_37_291,VGND,li1,142.1400,114.2400,0.000610
FILLER_37_270,VGND,li1,130.4100,114.2400,0.000607
FILLER_37_231,VGND,li1,114.5400,114.2400,0.000596
FILLER_37_212,VGND,li1,105.8000,114.2400,0.000588
FILLER_37_193,VGND,li1,94.7600,114.2400,0.000556
FILLER_37_181,VGND,li1,91.5400,114.2400,0.000542
FILLER_37_169,VGND,li1,86.0200,114.2400,0.000519
FILLER_37_162,VGND,li1,81.4200,114.2400,0.000504
FILLER_37_150,VGND,li1,77.2800,114.2400,0.000485
FILLER_37_144,VGND,li1,71.9900,114.2400,0.000459
FILLER_37_139,VGND,li1,69.9200,114.2400,0.000450
FILLER_37_127,VGND,li1,66.7000,114.2400,0.000439
FILLER_37_81,VGND,li1,43.0100,114.2400,0.000272
FILLER_37_69,VGND,li1,40.0200,114.2400,0.000247
FILLER_37_57,VGND,li1,34.5000,114.2400,0.000194
FILLER_37_53,VGND,li1,30.5900,114.2400,0.000161
FILLER_37_45,VGND,li1,28.0600,114.2400,0.000137
FILLER_37_36,VGND,li1,22.7700,114.2400,0.000107
FILLER_37_28,VGND,li1,18.6300,114.2400,0.000109
FILLER_37_7,VGND,li1,8.9700,114.2400,0.000111
FILLER_37_3,VGND,li1,7.8200,114.2400,0.000111
FILLER_36_805,VGND,li1,376.2800,108.8000,0.000465
FILLER_36_798,VGND,li1,373.5200,108.8000,0.000462
FILLER_36_786,VGND,li1,369.8400,108.8000,0.000444
FILLER_36_769,VGND,li1,359.9500,108.8000,0.000394
FILLER_36_757,VGND,li1,356.5000,108.8000,0.000376
FILLER_36_744,VGND,li1,348.2200,108.8000,0.000332
FILLER_36_740,VGND,li1,346.1500,108.8000,0.000321
FILLER_36_733,VGND,li1,343.6200,108.8000,0.000306
FILLER_36_714,VGND,li1,335.8000,108.8000,0.000255
FILLER_36_701,VGND,li1,328.9000,108.8000,0.000216
FILLER_36_696,VGND,li1,326.6000,108.8000,0.000225
FILLER_36_684,VGND,li1,322.9200,108.8000,0.000238
FILLER_36_667,VGND,li1,313.0300,108.8000,0.000269
FILLER_36_659,VGND,li1,310.5000,108.8000,0.000274
FILLER_36_628,VGND,li1,295.7800,108.8000,0.000296
FILLER_36_616,VGND,li1,291.6400,108.8000,0.000301
FILLER_36_589,VGND,li1,277.3800,108.8000,0.000317
FILLER_36_587,VGND,li1,275.7700,108.8000,0.000317
FILLER_36_575,VGND,li1,272.7800,108.8000,0.000320
FILLER_36_569,VGND,li1,267.4900,108.8000,0.000321
FILLER_36_557,VGND,li1,264.5000,108.8000,0.000322
FILLER_36_545,VGND,li1,258.9800,108.8000,0.000322
FILLER_36_533,VGND,li1,253.4600,108.8000,0.000321
FILLER_36_524,VGND,li1,248.4000,108.8000,0.000321
FILLER_36_512,VGND,li1,243.8000,108.8000,0.000320
FILLER_36_504,VGND,li1,237.5900,108.8000,0.000317
FILLER_36_498,VGND,li1,235.2900,108.8000,0.000316
FILLER_36_486,VGND,li1,231.8400,108.8000,0.000314
FILLER_36_477,VGND,li1,225.6300,108.8000,0.000308
FILLER_36_473,VGND,li1,223.7900,108.8000,0.000306
FILLER_36_453,VGND,li1,214.1300,108.8000,0.000294
FILLER_36_449,VGND,li1,212.9800,108.8000,0.000294
FILLER_36_432,VGND,li1,204.7000,108.8000,0.000282
FILLER_36_402,VGND,li1,191.3600,108.8000,0.000256
FILLER_36_391,VGND,li1,185.6100,108.8000,0.000248
FILLER_36_383,VGND,li1,183.5400,108.8000,0.000243
FILLER_36_372,VGND,li1,177.1000,108.8000,0.000290
FILLER_36_363,VGND,li1,172.7300,108.8000,0.000357
FILLER_36_355,VGND,li1,169.0500,108.8000,0.000465
FILLER_36_349,VGND,li1,167.4400,108.8000,0.000465
FILLER_36_338,VGND,li1,161.4600,108.8000,0.000522
FILLER_36_326,VGND,li1,158.2400,108.8000,0.000525
FILLER_36_318,VGND,li1,152.4900,108.8000,0.000526
FILLER_36_309,VGND,li1,148.1200,108.8000,0.000524
FILLER_36_305,VGND,li1,146.5100,108.8000,0.000524
FILLER_36_295,VGND,li1,141.9100,108.8000,0.000516
FILLER_36_283,VGND,li1,138.4600,108.8000,0.000510
FILLER_36_276,VGND,li1,132.7100,108.8000,0.000494
FILLER_36_247,VGND,li1,119.3700,108.8000,0.000460
FILLER_36_243,VGND,li1,118.2200,108.8000,0.000460
FILLER_36_231,VGND,li1,114.5400,108.8000,0.000450
FILLER_36_204,VGND,li1,100.7400,108.8000,0.000409
FILLER_36_195,VGND,li1,95.4500,108.8000,0.000391
FILLER_36_187,VGND,li1,93.3800,108.8000,0.000383
FILLER_36_177,VGND,li1,87.6300,108.8000,0.000361
FILLER_36_165,VGND,li1,84.1800,108.8000,0.000348
FILLER_36_157,VGND,li1,77.9700,108.8000,0.000322
FILLER_36_153,VGND,li1,76.8200,108.8000,0.000314
FILLER_36_141,VGND,li1,73.1400,108.8000,0.000299
FILLER_36_139,VGND,li1,69.6900,108.8000,0.000286
FILLER_36_131,VGND,li1,67.6200,108.8000,0.000277
FILLER_36_119,VGND,li1,63.0200,108.8000,0.000250
FILLER_36_107,VGND,li1,57.5000,108.8000,0.000230
FILLER_36_96,VGND,li1,51.0600,108.8000,0.000201
FILLER_36_74,VGND,li1,40.0200,108.8000,0.000138
FILLER_36_67,VGND,li1,36.8000,108.8000,0.000123
FILLER_36_59,VGND,li1,34.5000,108.8000,0.000111
FILLER_36_41,VGND,li1,25.3000,108.8000,0.000065
FILLER_36_29,VGND,li1,21.6200,108.8000,0.000068
FILLER_36_26,VGND,li1,17.9400,108.8000,0.000071
FILLER_36_18,VGND,li1,15.6400,108.8000,0.000072
FILLER_35_785,VGND,li1,368.0000,108.8000,0.000435
FILLER_35_783,VGND,li1,365.9300,108.8000,0.000424
FILLER_35_757,VGND,li1,356.5000,108.8000,0.000376
FILLER_35_747,VGND,li1,349.3700,108.8000,0.000332
FILLER_35_741,VGND,li1,347.7600,108.8000,0.000321
FILLER_35_729,VGND,li1,343.6200,108.8000,0.000306
FILLER_35_726,VGND,li1,339.9400,108.8000,0.000284
FILLER_35_718,VGND,li1,337.6400,108.8000,0.000271
FILLER_35_705,VGND,li1,330.5100,108.8000,0.000216
FILLER_35_697,VGND,li1,327.9800,108.8000,0.000225
FILLER_35_685,VGND,li1,323.3800,108.8000,0.000238
FILLER_35_678,VGND,li1,317.6300,108.8000,0.000257
FILLER_35_669,VGND,li1,313.9500,108.8000,0.000269
FILLER_35_661,VGND,li1,309.8100,108.8000,0.000278
FILLER_35_657,VGND,li1,308.6600,108.8000,0.000278
FILLER_35_643,VGND,li1,301.5300,108.8000,0.000291
FILLER_35_637,VGND,li1,299.9200,108.8000,0.000291
FILLER_35_625,VGND,li1,295.7800,108.8000,0.000296
FILLER_35_617,VGND,li1,289.8000,108.8000,0.000303
FILLER_35_612,VGND,li1,287.9600,108.8000,0.000305
FILLER_35_600,VGND,li1,281.7500,108.8000,0.000312
FILLER_35_596,VGND,li1,280.6000,108.8000,0.000314
FILLER_35_584,VGND,li1,276.9200,108.8000,0.000317
FILLER_35_558,VGND,li1,262.6600,108.8000,0.000322
FILLER_35_550,VGND,li1,260.3600,108.8000,0.000322
FILLER_35_541,VGND,li1,254.8400,108.8000,0.000321
FILLER_35_533,VGND,li1,251.1600,108.8000,0.000321
FILLER_35_529,VGND,li1,249.0900,108.8000,0.000321
FILLER_35_517,VGND,li1,246.1000,108.8000,0.000320
FILLER_35_505,VGND,li1,240.5800,108.8000,0.000319
FILLER_35_500,VGND,li1,236.4400,108.8000,0.000317
FILLER_35_482,VGND,li1,229.0800,108.8000,0.000310
FILLER_35_470,VGND,li1,224.4800,108.8000,0.000306
FILLER_35_458,VGND,li1,218.9600,108.8000,0.000301
FILLER_35_449,VGND,li1,212.5200,108.8000,0.000294
FILLER_35_447,VGND,li1,211.3700,108.8000,0.000290
FILLER_35_443,VGND,li1,210.2200,108.8000,0.000290
FILLER_35_424,VGND,li1,202.4000,108.8000,0.000277
FILLER_35_414,VGND,li1,196.6500,108.8000,0.000269
FILLER_35_399,VGND,li1,191.8200,108.8000,0.000260
FILLER_35_389,VGND,li1,185.1500,108.8000,0.000243
FILLER_35_377,VGND,li1,181.7000,108.8000,0.000237
FILLER_35_365,VGND,li1,176.1800,108.8000,0.000290
FILLER_35_353,VGND,li1,170.6600,108.8000,0.000400
FILLER_35_334,VGND,li1,159.6200,108.8000,0.000525
FILLER_35_326,VGND,li1,157.3200,108.8000,0.000525
FILLER_35_314,VGND,li1,152.7200,108.8000,0.000526
FILLER_35_306,VGND,li1,146.7400,108.8000,0.000524
FILLER_35_295,VGND,li1,142.6000,108.8000,0.000516
FILLER_35_287,VGND,li1,137.7700,108.8000,0.000505
FILLER_35_281,VGND,li1,136.1600,108.8000,0.000505
FILLER_35_270,VGND,li1,129.9500,108.8000,0.000489
FILLER_35_258,VGND,li1,126.9600,108.8000,0.000483
FILLER_35_249,VGND,li1,120.7500,108.8000,0.000466
FILLER_35_241,VGND,li1,118.2200,108.8000,0.000460
FILLER_35_229,VGND,li1,111.0900,108.8000,0.000440
FILLER_35_225,VGND,li1,109.9400,108.8000,0.000433
FILLER_35_221,VGND,li1,107.8700,108.8000,0.000427
FILLER_35_209,VGND,li1,104.4200,108.8000,0.000418
FILLER_35_197,VGND,li1,98.9000,108.8000,0.000400
FILLER_35_174,VGND,li1,87.4000,108.8000,0.000361
FILLER_35_165,VGND,li1,82.1100,108.8000,0.000339
FILLER_35_142,VGND,li1,71.0700,108.8000,0.000286
FILLER_35_128,VGND,li1,65.3200,108.8000,0.000266
FILLER_35_116,VGND,li1,61.6400,108.8000,0.000250
FILLER_35_110,VGND,li1,56.5800,108.8000,0.000220
FILLER_35_99,VGND,li1,51.2900,108.8000,0.000201
FILLER_35_95,VGND,li1,50.1400,108.8000,0.000189
FILLER_35_83,VGND,li1,46.4600,108.8000,0.000177
FILLER_35_75,VGND,li1,40.2500,108.8000,0.000147
FILLER_35_67,VGND,li1,36.5700,108.8000,0.000123
FILLER_35_48,VGND,li1,29.4400,108.8000,0.000083
FILLER_35_36,VGND,li1,24.8400,108.8000,0.000065
FILLER_35_22,VGND,li1,15.8700,108.8000,0.000072
FILLER_35_14,VGND,li1,12.1900,108.8000,0.000074
FILLER_34_801,VGND,li1,374.4400,103.3600,0.005661
FILLER_34_789,VGND,li1,371.2200,103.3600,0.005658
FILLER_34_777,VGND,li1,365.7000,103.3600,0.005628
FILLER_34_771,VGND,li1,360.8700,103.3600,0.005602
FILLER_34_762,VGND,li1,356.5000,103.3600,0.005493
FILLER_34_757,VGND,li1,354.2000,103.3600,0.005375
FILLER_34_750,VGND,li1,351.9000,103.3600,0.005157
FILLER_34_741,VGND,li1,346.6100,103.3600,0.004389
FILLER_34_737,VGND,li1,345.4600,103.3600,0.004389
FILLER_34_725,VGND,li1,341.7800,103.3600,0.003611
FILLER_34_713,VGND,li1,336.2600,103.3600,0.002818
FILLER_34_708,VGND,li1,331.4300,103.3600,0.001957
FILLER_34_699,VGND,li1,327.2900,103.3600,0.001958
FILLER_34_693,VGND,li1,325.6800,103.3600,0.001950
FILLER_34_681,VGND,li1,321.5400,103.3600,0.001931
FILLER_34_669,VGND,li1,316.0200,103.3600,0.001888
FILLER_34_657,VGND,li1,310.5000,103.3600,0.001831
FILLER_34_645,VGND,li1,304.9800,103.3600,0.001794
FILLER_34_632,VGND,li1,299.0000,103.3600,0.001749
FILLER_34_618,VGND,li1,290.0300,103.3600,0.001672
FILLER_34_610,VGND,li1,287.9600,103.3600,0.001653
FILLER_34_601,VGND,li1,282.2100,103.3600,0.001601
FILLER_34_589,VGND,li1,279.2200,103.3600,0.001574
FILLER_34_587,VGND,li1,275.7700,103.3600,0.001542
FILLER_34_579,VGND,li1,273.7000,103.3600,0.001522
FILLER_34_565,VGND,li1,266.3400,103.3600,0.001453
FILLER_34_553,VGND,li1,260.3600,103.3600,0.001384
FILLER_34_545,VGND,li1,258.0600,103.3600,0.001363
FILLER_34_537,VGND,li1,252.7700,103.3600,0.001317
FILLER_34_525,VGND,li1,247.2500,103.3600,0.001260
FILLER_34_512,VGND,li1,241.7300,103.3600,0.001190
FILLER_34_500,VGND,li1,238.2800,103.3600,0.001156
FILLER_34_485,VGND,li1,229.0800,103.3600,0.001056
FILLER_34_477,VGND,li1,226.7800,103.3600,0.001031
FILLER_34_472,VGND,li1,223.5600,103.3600,0.000994
FILLER_34_460,VGND,li1,219.8800,103.3600,0.000939
FILLER_34_448,VGND,li1,214.3600,103.3600,0.000873
FILLER_34_436,VGND,li1,208.8400,103.3600,0.000799
FILLER_34_429,VGND,li1,203.3200,103.3600,0.000744
FILLER_34_421,VGND,li1,201.0200,103.3600,0.000715
FILLER_34_414,VGND,li1,197.3400,103.3600,0.000668
FILLER_34_402,VGND,li1,193.2000,103.3600,0.000598
FILLER_34_380,VGND,li1,180.5500,103.3600,0.000454
FILLER_34_372,VGND,li1,178.4800,103.3600,0.000427
FILLER_34_365,VGND,li1,174.3400,103.3600,0.000549
FILLER_34_360,VGND,li1,172.0400,103.3600,0.000616
FILLER_34_348,VGND,li1,168.3600,103.3600,0.000725
FILLER_34_327,VGND,li1,156.1700,103.3600,0.001000
FILLER_34_321,VGND,li1,154.5600,103.3600,0.001000
FILLER_34_309,VGND,li1,150.4200,103.3600,0.001003
FILLER_34_305,VGND,li1,146.5100,103.3600,0.000991
FILLER_34_297,VGND,li1,143.9800,103.3600,0.000983
FILLER_34_280,VGND,li1,134.5500,103.3600,0.000945
FILLER_34_274,VGND,li1,132.9400,103.3600,0.000936
FILLER_34_262,VGND,li1,128.8000,103.3600,0.000913
FILLER_34_253,VGND,li1,122.8200,103.3600,0.000893
FILLER_34_248,VGND,li1,120.5200,103.3600,0.000883
FILLER_34_234,VGND,li1,113.3900,103.3600,0.000849
FILLER_34_223,VGND,li1,108.5600,103.3600,0.000816
FILLER_34_215,VGND,li1,106.2600,103.3600,0.000804
FILLER_34_209,VGND,li1,101.8900,103.3600,0.000790
FILLER_34_197,VGND,li1,98.9000,103.3600,0.000774
FILLER_34_192,VGND,li1,94.7600,103.3600,0.000746
FILLER_34_180,VGND,li1,91.0800,103.3600,0.000721
FILLER_34_168,VGND,li1,85.5600,103.3600,0.000682
FILLER_34_148,VGND,li1,76.3600,103.3600,0.000610
FILLER_34_130,VGND,li1,66.2400,103.3600,0.000546
FILLER_34_105,VGND,li1,55.6600,103.3600,0.000445
FILLER_34_93,VGND,li1,48.7600,103.3600,0.000387
FILLER_34_85,VGND,li1,46.4600,103.3600,0.000363
FILLER_34_83,VGND,li1,43.9300,103.3600,0.000322
FILLER_34_77,VGND,li1,42.3200,103.3600,0.000322
FILLER_34_63,VGND,li1,35.4200,103.3600,0.000251
FILLER_34_57,VGND,li1,31.9700,103.3600,0.000201
FILLER_34_43,VGND,li1,26.2200,103.3600,0.000140
FILLER_34_29,VGND,li1,19.0900,103.3600,0.000121
FILLER_34_27,VGND,li1,18.1700,103.3600,0.000122
FILLER_34_23,VGND,li1,17.0200,103.3600,0.000122
FILLER_34_6,VGND,li1,11.0400,103.3600,0.000124
FILLER_33_810,VGND,li1,378.3500,103.3600,0.005662
FILLER_33_785,VGND,li1,367.0800,103.3600,0.005628
FILLER_33_782,VGND,li1,365.7000,103.3600,0.005628
FILLER_33_774,VGND,li1,363.4000,103.3600,0.005616
FILLER_33_766,VGND,li1,358.1100,103.3600,0.005493
FILLER_33_742,VGND,li1,347.3000,103.3600,0.004662
FILLER_33_727,VGND,li1,340.1700,103.3600,0.003299
FILLER_33_714,VGND,li1,334.1900,103.3600,0.002474
FILLER_33_706,VGND,li1,332.1200,103.3600,0.001957
FILLER_33_702,VGND,li1,328.6700,103.3600,0.001958
FILLER_33_696,VGND,li1,327.0600,103.3600,0.001958
FILLER_33_685,VGND,li1,321.5400,103.3600,0.001931
FILLER_33_673,VGND,li1,317.8600,103.3600,0.001902
FILLER_33_652,VGND,li1,306.3600,103.3600,0.001811
FILLER_33_641,VGND,li1,300.6100,103.3600,0.001749
FILLER_33_635,VGND,li1,299.0000,103.3600,0.001749
FILLER_33_622,VGND,li1,291.8700,103.3600,0.001688
FILLER_33_613,VGND,li1,288.1900,103.3600,0.001653
FILLER_33_605,VGND,li1,284.2800,103.3600,0.001620
FILLER_33_592,VGND,li1,279.2200,103.3600,0.001574
FILLER_33_580,VGND,li1,275.0800,103.3600,0.001522
FILLER_33_568,VGND,li1,269.5600,103.3600,0.001475
FILLER_33_556,VGND,li1,262.2000,103.3600,0.001412
FILLER_33_547,VGND,li1,257.3700,103.3600,0.001363
FILLER_33_539,VGND,li1,255.3000,103.3600,0.001336
FILLER_33_524,VGND,li1,246.7900,103.3600,0.001239
FILLER_33_518,VGND,li1,245.1800,103.3600,0.001239
FILLER_33_505,VGND,li1,238.5100,103.3600,0.001156
FILLER_33_503,VGND,li1,237.1300,103.3600,0.001132
FILLER_33_497,VGND,li1,235.5200,103.3600,0.001132
FILLER_33_485,VGND,li1,228.8500,103.3600,0.001056
FILLER_33_477,VGND,li1,226.7800,103.3600,0.001031
FILLER_33_456,VGND,li1,216.6600,103.3600,0.000910
FILLER_33_447,VGND,li1,211.3700,103.3600,0.000831
FILLER_33_443,VGND,li1,210.2200,103.3600,0.000831
FILLER_33_434,VGND,li1,205.6200,103.3600,0.000773
FILLER_33_423,VGND,li1,201.0200,103.3600,0.000715
FILLER_33_411,VGND,li1,197.3400,103.3600,0.000668
FILLER_33_399,VGND,li1,191.8200,103.3600,0.000598
FILLER_33_389,VGND,li1,185.1500,103.3600,0.000513
FILLER_33_381,VGND,li1,181.0100,103.3600,0.000454
FILLER_33_365,VGND,li1,173.6500,103.3600,0.000616
FILLER_33_361,VGND,li1,172.5000,103.3600,0.000616
FILLER_33_349,VGND,li1,168.8200,103.3600,0.000725
FILLER_33_337,VGND,li1,163.3000,103.3600,0.000873
FILLER_33_335,VGND,li1,159.8500,103.3600,0.000958
FILLER_33_300,VGND,li1,143.9800,103.3600,0.000983
FILLER_33_288,VGND,li1,140.7600,103.3600,0.000964
FILLER_33_279,VGND,li1,134.0900,103.3600,0.000936
FILLER_33_273,VGND,li1,132.4800,103.3600,0.000936
FILLER_33_243,VGND,li1,119.1400,103.3600,0.000872
FILLER_33_214,VGND,li1,104.6500,103.3600,0.000804
FILLER_33_206,VGND,li1,102.1200,103.3600,0.000790
FILLER_33_192,VGND,li1,94.0700,103.3600,0.000746
FILLER_33_184,VGND,li1,90.3900,103.3600,0.000721
FILLER_33_176,VGND,li1,88.3200,103.3600,0.000707
FILLER_33_165,VGND,li1,82.1100,103.3600,0.000662
FILLER_33_157,VGND,li1,79.5800,103.3600,0.000644
FILLER_33_145,VGND,li1,74.9800,103.3600,0.000610
FILLER_33_128,VGND,li1,65.0900,103.3600,0.000532
FILLER_33_106,VGND,li1,54.7400,103.3600,0.000445
FILLER_33_79,VGND,li1,44.6200,103.3600,0.000342
FILLER_33_65,VGND,li1,35.6500,103.3600,0.000251
FILLER_33_57,VGND,li1,33.5800,103.3600,0.000229
FILLER_33_55,VGND,li1,31.0500,103.3600,0.000201
FILLER_33_49,VGND,li1,29.4400,103.3600,0.000176
FILLER_33_32,VGND,li1,21.1600,103.3600,0.000120
FILLER_33_20,VGND,li1,17.4800,103.3600,0.000122
FILLER_32_807,VGND,li1,376.9700,97.9200,0.001372
FILLER_32_799,VGND,li1,374.9000,97.9200,0.001372
FILLER_32_787,VGND,li1,370.3000,97.9200,0.001371
FILLER_32_775,VGND,li1,364.7800,97.9200,0.001370
FILLER_32_753,VGND,li1,352.5900,97.9200,0.001264
FILLER_32_733,VGND,li1,345.4600,97.9200,0.001083
FILLER_32_725,VGND,li1,339.2500,97.9200,0.000894
FILLER_32_713,VGND,li1,336.2600,97.9200,0.000781
FILLER_32_701,VGND,li1,330.7400,97.9200,0.000571
FILLER_32_697,VGND,li1,326.8300,97.9200,0.000645
FILLER_32_683,VGND,li1,319.9300,97.9200,0.000763
FILLER_32_671,VGND,li1,316.9400,97.9200,0.000792
FILLER_32_659,VGND,li1,311.4200,97.9200,0.000838
FILLER_32_640,VGND,li1,300.8400,97.9200,0.000901
FILLER_32_618,VGND,li1,290.7200,97.9200,0.000975
FILLER_32_596,VGND,li1,279.9100,97.9200,0.001032
FILLER_32_587,VGND,li1,275.7700,97.9200,0.001054
FILLER_32_575,VGND,li1,272.7800,97.9200,0.001064
FILLER_32_563,VGND,li1,267.2600,97.9200,0.001075
FILLER_32_546,VGND,li1,256.9100,97.9200,0.001091
FILLER_32_540,VGND,li1,255.3000,97.9200,0.001094
FILLER_32_529,VGND,li1,249.5500,97.9200,0.001101
FILLER_32_517,VGND,li1,246.1000,97.9200,0.001099
FILLER_32_499,VGND,li1,235.7500,97.9200,0.001082
FILLER_32_468,VGND,li1,221.0300,97.9200,0.001036
FILLER_32_441,VGND,li1,209.7600,97.9200,0.000997
FILLER_32_427,VGND,li1,202.1700,97.9200,0.000960
FILLER_32_421,VGND,li1,200.5600,97.9200,0.000952
FILLER_32_410,VGND,li1,194.8100,97.9200,0.000932
FILLER_32_402,VGND,li1,190.9000,97.9200,0.000914
FILLER_32_390,VGND,li1,187.6800,97.9200,0.000898
FILLER_32_384,VGND,li1,182.3900,97.9200,0.000867
FILLER_32_380,VGND,li1,181.2400,97.9200,0.000867
FILLER_32_374,VGND,li1,178.0200,97.9200,0.000847
FILLER_32_361,VGND,li1,172.2700,97.9200,0.001341
FILLER_32_350,VGND,li1,167.2100,97.9200,0.001449
FILLER_32_335,VGND,li1,161.4600,97.9200,0.001523
FILLER_32_323,VGND,li1,156.8600,97.9200,0.001509
FILLER_32_309,VGND,li1,148.5800,97.9200,0.001483
FILLER_32_307,VGND,li1,146.9700,97.9200,0.001475
FILLER_32_301,VGND,li1,145.3600,97.9200,0.001475
FILLER_32_293,VGND,li1,140.9900,97.9200,0.001454
FILLER_32_281,VGND,li1,137.5400,97.9200,0.001432
FILLER_32_265,VGND,li1,127.6500,97.9200,0.001378
FILLER_32_261,VGND,li1,126.5000,97.9200,0.001378
FILLER_32_253,VGND,li1,122.1300,97.9200,0.001352
FILLER_32_244,VGND,li1,119.6000,97.9200,0.001341
FILLER_32_232,VGND,li1,115.0000,97.9200,0.001316
FILLER_32_224,VGND,li1,109.2500,97.9200,0.001282
FILLER_32_216,VGND,li1,105.1100,97.9200,0.001256
FILLER_32_212,VGND,li1,103.9600,97.9200,0.001256
FILLER_32_203,VGND,li1,99.3600,97.9200,0.001222
FILLER_32_197,VGND,li1,96.3700,97.9200,0.001166
FILLER_32_193,VGND,li1,94.9900,97.9200,0.001166
FILLER_32_184,VGND,li1,90.8500,97.9200,0.001110
FILLER_32_176,VGND,li1,88.3200,97.9200,0.001075
FILLER_32_159,VGND,li1,78.8900,97.9200,0.000944
FILLER_32_153,VGND,li1,77.2800,97.9200,0.000918
FILLER_32_141,VGND,li1,73.1400,97.9200,0.000850
FILLER_32_139,VGND,li1,69.6900,97.9200,0.000791
FILLER_32_133,VGND,li1,68.0800,97.9200,0.000791
FILLER_32_121,VGND,li1,63.9400,97.9200,0.000732
FILLER_32_113,VGND,li1,57.9600,97.9200,0.000637
FILLER_32_101,VGND,li1,54.7400,97.9200,0.000601
FILLER_32_97,VGND,li1,50.3700,97.9200,0.000519
FILLER_32_83,VGND,li1,43.9300,97.9200,0.000436
FILLER_32_75,VGND,li1,41.8600,97.9200,0.000396
FILLER_32_67,VGND,li1,36.5700,97.9200,0.000331
FILLER_32_55,VGND,li1,33.5800,97.9200,0.000293
FILLER_32_41,VGND,li1,25.3000,97.9200,0.000164
FILLER_32_29,VGND,li1,21.6200,97.9200,0.000166
FILLER_32_27,VGND,li1,18.1700,97.9200,0.000170
FILLER_32_3,VGND,li1,7.1300,97.9200,0.000174
FILLER_31_797,VGND,li1,373.0600,97.9200,0.001372
FILLER_31_785,VGND,li1,369.3800,97.9200,0.001371
FILLER_31_783,VGND,li1,365.9300,97.9200,0.001370
FILLER_31_770,VGND,li1,360.4100,97.9200,0.001369
FILLER_31_758,VGND,li1,356.9600,97.9200,0.001368
FILLER_31_746,VGND,li1,351.4400,97.9200,0.001200
FILLER_31_742,VGND,li1,347.0700,97.9200,0.001083
FILLER_31_736,VGND,li1,345.4600,97.9200,0.001083
FILLER_31_727,VGND,li1,340.1700,97.9200,0.000894
FILLER_31_715,VGND,li1,337.1800,97.9200,0.000781
FILLER_31_703,VGND,li1,331.6600,97.9200,0.000571
FILLER_31_680,VGND,li1,319.2400,97.9200,0.000763
FILLER_31_659,VGND,li1,310.5000,97.9200,0.000838
FILLER_31_649,VGND,li1,304.2900,97.9200,0.000886
FILLER_31_645,VGND,li1,303.1400,97.9200,0.000886
FILLER_31_633,VGND,li1,299.4600,97.9200,0.000917
FILLER_31_625,VGND,li1,293.7100,97.9200,0.000947
FILLER_31_617,VGND,li1,291.1800,97.9200,0.000963
FILLER_31_610,VGND,li1,287.5000,97.9200,0.000990
FILLER_31_597,VGND,li1,280.3700,97.9200,0.001032
FILLER_31_593,VGND,li1,279.2200,97.9200,0.001046
FILLER_31_569,VGND,li1,267.4900,97.9200,0.001075
FILLER_31_561,VGND,li1,265.4200,97.9200,0.001078
FILLER_31_559,VGND,li1,262.8900,97.9200,0.001084
FILLER_31_547,VGND,li1,259.9000,97.9200,0.001088
FILLER_31_535,VGND,li1,254.3800,97.9200,0.001094
FILLER_31_522,VGND,li1,245.8700,97.9200,0.001099
FILLER_31_518,VGND,li1,244.7200,97.9200,0.001099
FILLER_31_492,VGND,li1,234.6000,97.9200,0.001077
FILLER_31_483,VGND,li1,227.9300,97.9200,0.001060
FILLER_31_477,VGND,li1,226.3200,97.9200,0.001052
FILLER_31_473,VGND,li1,223.3300,97.9200,0.001047
FILLER_31_461,VGND,li1,220.3400,97.9200,0.001036
FILLER_31_449,VGND,li1,214.8200,97.9200,0.001017
FILLER_31_442,VGND,li1,210.2200,97.9200,0.000997
FILLER_31_399,VGND,li1,189.2900,97.9200,0.000898
FILLER_31_393,VGND,li1,187.6800,97.9200,0.000898
FILLER_31_391,VGND,li1,185.6100,97.9200,0.000888
FILLER_31_387,VGND,li1,184.4600,97.9200,0.000879
FILLER_31_375,VGND,li1,180.7800,97.9200,0.000858
FILLER_31_363,VGND,li1,174.3400,97.9200,0.001158
FILLER_31_357,VGND,li1,169.9700,97.9200,0.001402
FILLER_31_349,VGND,li1,167.9000,97.9200,0.001449
FILLER_31_337,VGND,li1,161.0000,97.9200,0.001523
FILLER_31_332,VGND,li1,159.1600,97.9200,0.001518
FILLER_31_320,VGND,li1,155.4800,97.9200,0.001509
FILLER_31_308,VGND,li1,149.9600,97.9200,0.001492
FILLER_31_299,VGND,li1,143.5200,97.9200,0.001463
FILLER_31_281,VGND,li1,136.6200,97.9200,0.001432
FILLER_31_274,VGND,li1,132.9400,97.9200,0.001412
FILLER_31_268,VGND,li1,129.4900,97.9200,0.001394
FILLER_31_260,VGND,li1,126.9600,97.9200,0.001378
FILLER_31_249,VGND,li1,120.9800,97.9200,0.001341
FILLER_31_237,VGND,li1,117.3000,97.9200,0.001328
FILLER_31_225,VGND,li1,111.7800,97.9200,0.001295
FILLER_31_222,VGND,li1,108.1000,97.9200,0.001272
FILLER_31_210,VGND,li1,104.8800,97.9200,0.001256
FILLER_31_193,VGND,li1,94.9900,97.9200,0.001166
FILLER_31_181,VGND,li1,91.5400,97.9200,0.001110
FILLER_31_169,VGND,li1,86.0200,97.9200,0.001037
FILLER_31_167,VGND,li1,82.5700,97.9200,0.000995
FILLER_31_163,VGND,li1,81.4200,97.9200,0.000970
FILLER_31_155,VGND,li1,77.0500,97.9200,0.000918
FILLER_31_141,VGND,li1,70.6100,97.9200,0.000820
FILLER_31_137,VGND,li1,69.4600,97.9200,0.000791
FILLER_31_125,VGND,li1,65.7800,97.9200,0.000758
FILLER_31_113,VGND,li1,60.2600,97.9200,0.000673
FILLER_31_104,VGND,li1,55.2000,97.9200,0.000601
FILLER_31_92,VGND,li1,50.6000,97.9200,0.000519
FILLER_31_86,VGND,li1,45.3100,97.9200,0.000466
FILLER_31_78,VGND,li1,43.2400,97.9200,0.000436
FILLER_31_65,VGND,li1,36.1100,97.9200,0.000331
FILLER_31_57,VGND,li1,33.5800,97.9200,0.000293
FILLER_31_54,VGND,li1,30.8200,97.9200,0.000237
FILLER_31_35,VGND,li1,21.8500,97.9200,0.000166
FILLER_31_31,VGND,li1,20.7000,97.9200,0.000168
FILLER_30_807,VGND,li1,376.9700,92.4800,0.000415
FILLER_30_799,VGND,li1,374.9000,92.4800,0.000415
FILLER_30_787,VGND,li1,370.3000,92.4800,0.000415
FILLER_30_757,VGND,li1,355.5800,92.4800,0.000411
FILLER_30_752,VGND,li1,352.3600,92.4800,0.000410
FILLER_30_737,VGND,li1,346.3800,92.4800,0.000403
FILLER_30_725,VGND,li1,341.7800,92.4800,0.000398
FILLER_30_708,VGND,li1,331.8900,92.4800,0.000346
FILLER_30_699,VGND,li1,327.2900,92.4800,0.000395
FILLER_30_693,VGND,li1,325.6800,92.4800,0.000406
FILLER_30_681,VGND,li1,321.5400,92.4800,0.000428
FILLER_30_669,VGND,li1,316.0200,92.4800,0.000452
FILLER_30_657,VGND,li1,310.5000,92.4800,0.000471
FILLER_30_645,VGND,li1,304.9800,92.4800,0.000495
FILLER_30_643,VGND,li1,301.5300,92.4800,0.000510
FILLER_30_637,VGND,li1,299.9200,92.4800,0.000522
FILLER_30_625,VGND,li1,295.7800,92.4800,0.000535
FILLER_30_613,VGND,li1,290.2600,92.4800,0.000559
FILLER_30_601,VGND,li1,284.7400,92.4800,0.000583
FILLER_30_589,VGND,li1,279.2200,92.4800,0.000612
FILLER_30_586,VGND,li1,275.5400,92.4800,0.000621
FILLER_30_579,VGND,li1,272.0900,92.4800,0.000637
FILLER_30_567,VGND,li1,267.7200,92.4800,0.000642
FILLER_30_555,VGND,li1,263.5800,92.4800,0.000648
FILLER_30_545,VGND,li1,256.6800,92.4800,0.000657
FILLER_30_537,VGND,li1,252.7700,92.4800,0.000664
FILLER_30_533,VGND,li1,251.6200,92.4800,0.000664
FILLER_30_530,VGND,li1,249.7800,92.4800,0.000666
FILLER_30_522,VGND,li1,247.4800,92.4800,0.000669
FILLER_30_510,VGND,li1,242.8800,92.4800,0.000674
FILLER_30_505,VGND,li1,238.0500,92.4800,0.000680
FILLER_30_501,VGND,li1,236.9000,92.4800,0.000682
FILLER_30_489,VGND,li1,233.2200,92.4800,0.000684
FILLER_30_477,VGND,li1,227.7000,92.4800,0.000688
FILLER_30_464,VGND,li1,221.7200,92.4800,0.000692
FILLER_30_453,VGND,li1,214.1300,92.4800,0.000695
FILLER_30_449,VGND,li1,212.9800,92.4800,0.000695
FILLER_30_421,VGND,li1,199.4100,92.4800,0.000694
FILLER_30_419,VGND,li1,198.4900,92.4800,0.000694
FILLER_30_411,VGND,li1,195.2700,92.4800,0.000693
FILLER_30_405,VGND,li1,192.5100,92.4800,0.000692
FILLER_30_397,VGND,li1,189.9800,92.4800,0.000691
FILLER_30_385,VGND,li1,185.3800,92.4800,0.000689
FILLER_30_363,VGND,li1,172.7300,92.4800,0.000938
FILLER_30_339,VGND,li1,162.1500,92.4800,0.001213
FILLER_30_331,VGND,li1,159.6200,92.4800,0.001244
FILLER_30_309,VGND,li1,147.8900,92.4800,0.001254
FILLER_30_306,VGND,li1,146.7400,92.4800,0.001254
FILLER_30_297,VGND,li1,142.3700,92.4800,0.001226
FILLER_30_289,VGND,li1,140.3000,92.4800,0.001213
FILLER_30_271,VGND,li1,131.5600,92.4800,0.001153
FILLER_30_259,VGND,li1,127.4200,92.4800,0.001114
FILLER_30_253,VGND,li1,122.1300,92.4800,0.001080
FILLER_30_251,VGND,li1,121.2100,92.4800,0.001066
FILLER_30_247,VGND,li1,120.0600,92.4800,0.001066
FILLER_30_235,VGND,li1,116.3800,92.4800,0.001027
FILLER_30_217,VGND,li1,106.0300,92.4800,0.000949
FILLER_30_205,VGND,li1,102.5800,92.4800,0.000919
FILLER_30_197,VGND,li1,96.6000,92.4800,0.000872
FILLER_30_188,VGND,li1,93.8400,92.4800,0.000856
FILLER_30_178,VGND,li1,88.0900,92.4800,0.000795
FILLER_30_166,VGND,li1,84.6400,92.4800,0.000755
FILLER_30_155,VGND,li1,77.5100,92.4800,0.000700
FILLER_30_147,VGND,li1,74.9800,92.4800,0.000675
FILLER_30_124,VGND,li1,63.2500,92.4800,0.000556
FILLER_30_101,VGND,li1,52.4400,92.4800,0.000425
FILLER_30_85,VGND,li1,45.3100,92.4800,0.000355
FILLER_30_78,VGND,li1,42.7800,92.4800,0.000327
FILLER_30_63,VGND,li1,34.7300,92.4800,0.000227
FILLER_30_57,VGND,li1,33.1200,92.4800,0.000227
FILLER_30_39,VGND,li1,25.3000,92.4800,0.000132
FILLER_30_26,VGND,li1,17.9400,92.4800,0.000141
FILLER_29_805,VGND,li1,376.5100,92.4800,0.000415
FILLER_29_797,VGND,li1,373.9800,92.4800,0.000415
FILLER_29_785,VGND,li1,369.3800,92.4800,0.000415
FILLER_29_783,VGND,li1,365.9300,92.4800,0.000415
FILLER_29_768,VGND,li1,359.2600,92.4800,0.000413
FILLER_29_758,VGND,li1,354.8900,92.4800,0.000411
FILLER_29_733,VGND,li1,342.9300,92.4800,0.000401
FILLER_29_729,VGND,li1,341.7800,92.4800,0.000398
FILLER_29_727,VGND,li1,340.1700,92.4800,0.000395
FILLER_29_721,VGND,li1,338.5600,92.4800,0.000395
FILLER_29_709,VGND,li1,331.8900,92.4800,0.000346
FILLER_29_702,VGND,li1,328.6700,92.4800,0.000395
FILLER_29_696,VGND,li1,327.0600,92.4800,0.000395
FILLER_29_683,VGND,li1,320.3900,92.4800,0.000428
FILLER_29_679,VGND,li1,318.0900,92.4800,0.000438
FILLER_29_673,VGND,li1,316.4800,92.4800,0.000452
FILLER_29_664,VGND,li1,312.8000,92.4800,0.000461
FILLER_29_652,VGND,li1,308.2000,92.4800,0.000481
FILLER_29_640,VGND,li1,302.6800,92.4800,0.000510
FILLER_29_634,VGND,li1,297.3900,92.4800,0.000535
FILLER_29_625,VGND,li1,293.7100,92.4800,0.000544
FILLER_29_617,VGND,li1,291.1800,92.4800,0.000559
FILLER_29_615,VGND,li1,288.6500,92.4800,0.000571
FILLER_29_611,VGND,li1,287.5000,92.4800,0.000571
FILLER_29_596,VGND,li1,280.3700,92.4800,0.000601
FILLER_29_588,VGND,li1,277.8400,92.4800,0.000612
FILLER_29_576,VGND,li1,273.2400,92.4800,0.000631
FILLER_29_561,VGND,li1,265.4200,92.4800,0.000645
FILLER_29_552,VGND,li1,261.2800,92.4800,0.000651
FILLER_29_541,VGND,li1,255.3000,92.4800,0.000660
FILLER_29_532,VGND,li1,250.9300,92.4800,0.000666
FILLER_29_525,VGND,li1,247.2500,92.4800,0.000669
FILLER_29_517,VGND,li1,245.1800,92.4800,0.000671
FILLER_29_505,VGND,li1,240.5800,92.4800,0.000678
FILLER_29_503,VGND,li1,237.1300,92.4800,0.000680
FILLER_29_488,VGND,li1,231.8400,92.4800,0.000684
FILLER_29_476,VGND,li1,227.2400,92.4800,0.000688
FILLER_29_464,VGND,li1,220.8000,92.4800,0.000692
FILLER_29_449,VGND,li1,212.2900,92.4800,0.000695
FILLER_29_446,VGND,li1,211.1400,92.4800,0.000695
FILLER_29_425,VGND,li1,201.2500,92.4800,0.000695
FILLER_29_417,VGND,li1,199.1800,92.4800,0.000694
FILLER_29_405,VGND,li1,194.5800,92.4800,0.000693
FILLER_29_393,VGND,li1,189.0600,92.4800,0.000691
FILLER_29_391,VGND,li1,185.6100,92.4800,0.000689
FILLER_29_387,VGND,li1,184.4600,92.4800,0.000689
FILLER_29_375,VGND,li1,180.7800,92.4800,0.000688
FILLER_29_359,VGND,li1,172.5000,92.4800,0.000938
FILLER_29_347,VGND,li1,167.9000,92.4800,0.001149
FILLER_29_335,VGND,li1,159.8500,92.4800,0.001231
FILLER_29_316,VGND,li1,153.6400,92.4800,0.001263
FILLER_29_309,VGND,li1,148.1200,92.4800,0.001254
FILLER_29_301,VGND,li1,145.8200,92.4800,0.001240
FILLER_29_289,VGND,li1,141.2200,92.4800,0.001213
FILLER_29_272,VGND,li1,130.8700,92.4800,0.001136
FILLER_29_266,VGND,li1,129.2600,92.4800,0.001136
FILLER_29_241,VGND,li1,117.3000,92.4800,0.001047
FILLER_29_233,VGND,li1,112.9300,92.4800,0.001013
FILLER_29_225,VGND,li1,109.2500,92.4800,0.000984
FILLER_29_214,VGND,li1,104.8800,92.4800,0.000949
FILLER_29_202,VGND,li1,101.2000,92.4800,0.000919
FILLER_29_190,VGND,li1,95.6800,92.4800,0.000872
FILLER_29_173,VGND,li1,85.3300,92.4800,0.000777
FILLER_29_169,VGND,li1,84.1800,92.4800,0.000755
FILLER_29_159,VGND,li1,79.1200,92.4800,0.000700
FILLER_29_147,VGND,li1,75.9000,92.4800,0.000675
FILLER_29_125,VGND,li1,63.4800,92.4800,0.000556
FILLER_29_113,VGND,li1,60.2600,92.4800,0.000525
FILLER_29_110,VGND,li1,56.5800,92.4800,0.000475
FILLER_29_105,VGND,li1,54.2800,92.4800,0.000450
FILLER_29_91,VGND,li1,48.3000,92.4800,0.000398
FILLER_29_85,VGND,li1,44.8500,92.4800,0.000355
FILLER_29_73,VGND,li1,41.8600,92.4800,0.000327
FILLER_29_50,VGND,li1,29.9000,92.4800,0.000189
FILLER_29_37,VGND,li1,24.3800,92.4800,0.000136
FILLER_29_28,VGND,li1,18.8600,92.4800,0.000141
FILLER_28_810,VGND,li1,378.3500,87.0400,0.000763
FILLER_28_804,VGND,li1,376.7400,87.0400,0.000763
FILLER_28_792,VGND,li1,372.6000,87.0400,0.000763
FILLER_28_780,VGND,li1,367.0800,87.0400,0.000762
FILLER_28_768,VGND,li1,361.5600,87.0400,0.000762
FILLER_28_757,VGND,li1,355.1200,87.0400,0.000761
FILLER_28_754,VGND,li1,352.8200,87.0400,0.000761
FILLER_28_742,VGND,li1,349.6000,87.0400,0.000760
FILLER_28_735,VGND,li1,344.3100,87.0400,0.000759
FILLER_28_727,VGND,li1,341.7800,87.0400,0.000758
FILLER_28_719,VGND,li1,336.4900,87.0400,0.000729
FILLER_28_713,VGND,li1,334.8800,87.0400,0.000668
FILLER_28_701,VGND,li1,330.7400,87.0400,0.000523
FILLER_28_692,VGND,li1,325.6800,87.0400,0.000574
FILLER_28_679,VGND,li1,318.3200,87.0400,0.000659
FILLER_28_649,VGND,li1,304.2900,87.0400,0.000772
FILLER_28_627,VGND,li1,294.6300,87.0400,0.000852
FILLER_28_593,VGND,li1,278.5300,87.0400,0.000978
FILLER_28_589,VGND,li1,277.3800,87.0400,0.000994
FILLER_28_576,VGND,li1,273.2400,87.0400,0.001019
FILLER_28_557,VGND,li1,262.4300,87.0400,0.001095
FILLER_28_549,VGND,li1,258.2900,87.0400,0.001131
FILLER_28_543,VGND,li1,256.6800,87.0400,0.001143
FILLER_28_530,VGND,li1,249.7800,87.0400,0.001177
FILLER_28_505,VGND,li1,240.5800,87.0400,0.001236
FILLER_28_496,VGND,li1,234.1400,87.0400,0.001265
FILLER_28_485,VGND,li1,229.5400,87.0400,0.001289
FILLER_28_468,VGND,li1,221.2600,87.0400,0.001327
FILLER_28_460,VGND,li1,218.9600,87.0400,0.001339
FILLER_28_442,VGND,li1,210.6800,87.0400,0.001375
FILLER_28_430,VGND,li1,206.0800,87.0400,0.001388
FILLER_28_421,VGND,li1,199.6400,87.0400,0.001418
FILLER_28_419,VGND,li1,198.4900,87.0400,0.001418
FILLER_28_415,VGND,li1,197.3400,87.0400,0.001427
FILLER_28_403,VGND,li1,193.6600,87.0400,0.001439
FILLER_28_377,VGND,li1,179.6300,87.0400,0.001465
FILLER_28_363,VGND,li1,172.7300,87.0400,0.002065
FILLER_28_336,VGND,li1,161.4600,87.0400,0.002680
FILLER_28_325,VGND,li1,155.7100,87.0400,0.002704
FILLER_28_317,VGND,li1,151.5700,87.0400,0.002691
FILLER_28_309,VGND,li1,149.5000,87.0400,0.002671
FILLER_28_307,VGND,li1,146.9700,87.0400,0.002646
FILLER_28_303,VGND,li1,145.8200,87.0400,0.002623
FILLER_28_291,VGND,li1,142.1400,87.0400,0.002586
FILLER_28_279,VGND,li1,136.6200,87.0400,0.002524
FILLER_28_271,VGND,li1,130.4100,87.0400,0.002444
FILLER_28_263,VGND,li1,128.3400,87.0400,0.002417
FILLER_28_250,VGND,li1,120.9800,87.0400,0.002320
FILLER_28_242,VGND,li1,118.6800,87.0400,0.002290
FILLER_28_233,VGND,li1,113.3900,87.0400,0.002220
FILLER_28_209,VGND,li1,104.4200,87.0400,0.002100
FILLER_28_197,VGND,li1,98.9000,87.0400,0.001997
FILLER_28_195,VGND,li1,95.4500,87.0400,0.001922
FILLER_28_191,VGND,li1,94.3000,87.0400,0.001922
FILLER_28_185,VGND,li1,91.3100,87.0400,0.001829
FILLER_28_173,VGND,li1,87.8600,87.0400,0.001791
FILLER_28_153,VGND,li1,76.5900,87.0400,0.001558
FILLER_28_141,VGND,li1,73.1400,87.0400,0.001485
FILLER_28_126,VGND,li1,63.7100,87.0400,0.001240
FILLER_28_120,VGND,li1,62.1000,87.0400,0.001240
FILLER_28_105,VGND,li1,56.5800,87.0400,0.001105
FILLER_28_97,VGND,li1,50.3700,87.0400,0.000953
FILLER_28_85,VGND,li1,47.3800,87.0400,0.000850
FILLER_28_83,VGND,li1,43.9300,87.0400,0.000790
FILLER_28_77,VGND,li1,42.3200,87.0400,0.000736
FILLER_28_65,VGND,li1,38.1800,87.0400,0.000639
FILLER_28_60,VGND,li1,33.3500,87.0400,0.000511
FILLER_28_56,VGND,li1,32.2000,87.0400,0.000463
FILLER_28_44,VGND,li1,25.9900,87.0400,0.000273
FILLER_28_38,VGND,li1,24.3800,87.0400,0.000273
FILLER_28_3,VGND,li1,7.1300,87.0400,0.000279
FILLER_27_805,VGND,li1,376.5100,87.0400,0.000763
FILLER_27_797,VGND,li1,373.9800,87.0400,0.000763
FILLER_27_785,VGND,li1,369.3800,87.0400,0.000762
FILLER_27_783,VGND,li1,365.9300,87.0400,0.000762
FILLER_27_775,VGND,li1,363.8600,87.0400,0.000762
FILLER_27_753,VGND,li1,354.6600,87.0400,0.000761
FILLER_27_741,VGND,li1,349.1400,87.0400,0.000760
FILLER_27_729,VGND,li1,343.6200,87.0400,0.000759
FILLER_27_726,VGND,li1,339.9400,87.0400,0.000758
FILLER_27_710,VGND,li1,332.3500,87.0400,0.000523
FILLER_27_698,VGND,li1,329.3600,87.0400,0.000553
FILLER_27_686,VGND,li1,323.8400,87.0400,0.000606
FILLER_27_673,VGND,li1,316.9400,87.0400,0.000659
FILLER_27_671,VGND,li1,314.4100,87.0400,0.000697
FILLER_27_665,VGND,li1,312.8000,87.0400,0.000697
FILLER_27_657,VGND,li1,308.4300,87.0400,0.000736
FILLER_27_640,VGND,li1,300.6100,87.0400,0.000807
FILLER_27_629,VGND,li1,295.7800,87.0400,0.000852
FILLER_27_617,VGND,li1,292.1000,87.0400,0.000872
FILLER_27_603,VGND,li1,283.5900,87.0400,0.000939
FILLER_27_599,VGND,li1,281.2900,87.0400,0.000956
FILLER_27_587,VGND,li1,278.3000,87.0400,0.000978
FILLER_27_575,VGND,li1,272.7800,87.0400,0.001019
FILLER_27_569,VGND,li1,267.9500,87.0400,0.001058
FILLER_27_561,VGND,li1,265.4200,87.0400,0.001078
FILLER_27_556,VGND,li1,262.2000,87.0400,0.001095
FILLER_27_550,VGND,li1,258.9800,87.0400,0.001117
FILLER_27_542,VGND,li1,255.0700,87.0400,0.001143
FILLER_27_538,VGND,li1,253.9200,87.0400,0.001161
FILLER_27_530,VGND,li1,249.7800,87.0400,0.001177
FILLER_27_517,VGND,li1,244.7200,87.0400,0.001210
FILLER_27_509,VGND,li1,239.8900,87.0400,0.001236
FILLER_27_505,VGND,li1,238.7400,87.0400,0.001250
FILLER_27_492,VGND,li1,234.6000,87.0400,0.001265
FILLER_27_480,VGND,li1,229.0800,87.0400,0.001289
FILLER_27_472,VGND,li1,223.1000,87.0400,0.001317
FILLER_27_464,VGND,li1,220.8000,87.0400,0.001327
FILLER_27_453,VGND,li1,214.1300,87.0400,0.001356
FILLER_27_449,VGND,li1,212.9800,87.0400,0.001364
FILLER_27_442,VGND,li1,209.3000,87.0400,0.001375
FILLER_27_434,VGND,li1,207.0000,87.0400,0.001388
FILLER_27_413,VGND,li1,195.9600,87.0400,0.001427
FILLER_27_405,VGND,li1,193.6600,87.0400,0.001439
FILLER_27_393,VGND,li1,189.0600,87.0400,0.001452
FILLER_27_380,VGND,li1,183.0800,87.0400,0.001466
FILLER_27_368,VGND,li1,177.5600,87.0400,0.001465
FILLER_27_357,VGND,li1,169.9700,87.0400,0.002428
FILLER_27_353,VGND,li1,168.8200,87.0400,0.002428
FILLER_27_346,VGND,li1,165.1400,87.0400,0.002591
FILLER_27_337,VGND,li1,161.0000,87.0400,0.002680
FILLER_27_334,VGND,li1,159.6200,87.0400,0.002700
FILLER_27_326,VGND,li1,157.3200,87.0400,0.002704
FILLER_27_312,VGND,li1,150.8800,87.0400,0.002671
FILLER_27_289,VGND,li1,139.1500,87.0400,0.002556
FILLER_27_281,VGND,li1,136.6200,87.0400,0.002524
FILLER_27_279,VGND,li1,134.0900,87.0400,0.002492
FILLER_27_262,VGND,li1,126.5000,87.0400,0.002381
FILLER_27_254,VGND,li1,124.2000,87.0400,0.002351
FILLER_27_242,VGND,li1,119.6000,87.0400,0.002290
FILLER_27_230,VGND,li1,114.0800,87.0400,0.002220
FILLER_27_223,VGND,li1,108.3300,87.0400,0.002131
FILLER_27_217,VGND,li1,106.7200,87.0400,0.002131
FILLER_27_181,VGND,li1,89.7000,87.0400,0.001829
FILLER_27_169,VGND,li1,86.0200,87.0400,0.001753
FILLER_27_160,VGND,li1,80.9600,87.0400,0.001648
FILLER_27_147,VGND,li1,74.5200,87.0400,0.001485
FILLER_27_135,VGND,li1,70.3800,87.0400,0.001423
FILLER_27_113,VGND,li1,57.7300,87.0400,0.001105
FILLER_27_111,VGND,li1,56.8100,87.0400,0.001105
FILLER_27_103,VGND,li1,54.7400,87.0400,0.001021
FILLER_27_81,VGND,li1,43.0100,87.0400,0.000736
FILLER_27_51,VGND,li1,29.2100,87.0400,0.000402
FILLER_27_47,VGND,li1,28.0600,87.0400,0.000353
FILLER_27_35,VGND,li1,24.3800,87.0400,0.000273
FILLER_27_23,VGND,li1,18.8600,87.0400,0.000277
FILLER_27_12,VGND,li1,11.2700,87.0400,0.000279
FILLER_27_3,VGND,li1,7.3600,87.0400,0.000279
FILLER_26_795,VGND,li1,373.9800,81.6000,0.000194
FILLER_26_783,VGND,li1,368.4600,81.6000,0.000193
FILLER_26_757,VGND,li1,353.9700,81.6000,0.000188
FILLER_26_753,VGND,li1,352.5900,81.6000,0.000187
FILLER_26_743,VGND,li1,347.5300,81.6000,0.000183
FILLER_26_731,VGND,li1,344.5400,81.6000,0.000182
FILLER_26_719,VGND,li1,339.0200,81.6000,0.000177
FILLER_26_713,VGND,li1,333.7300,81.6000,0.000164
FILLER_26_701,VGND,li1,330.7400,81.6000,0.000188
FILLER_26_699,VGND,li1,327.2900,81.6000,0.000223
FILLER_26_693,VGND,li1,325.6800,81.6000,0.000255
FILLER_26_681,VGND,li1,321.5400,81.6000,0.000292
FILLER_26_669,VGND,li1,316.0200,81.6000,0.000332
FILLER_26_657,VGND,li1,310.5000,81.6000,0.000367
FILLER_26_645,VGND,li1,304.9800,81.6000,0.000405
FILLER_26_643,VGND,li1,301.5300,81.6000,0.000430
FILLER_26_637,VGND,li1,299.9200,81.6000,0.000445
FILLER_26_625,VGND,li1,295.7800,81.6000,0.000475
FILLER_26_613,VGND,li1,290.2600,81.6000,0.000518
FILLER_26_601,VGND,li1,284.7400,81.6000,0.000548
FILLER_26_597,VGND,li1,280.3700,81.6000,0.000584
FILLER_26_589,VGND,li1,278.3000,81.6000,0.000600
FILLER_26_587,VGND,li1,275.7700,81.6000,0.000606
FILLER_26_583,VGND,li1,274.6200,81.6000,0.000611
FILLER_26_565,VGND,li1,266.3400,81.6000,0.000621
FILLER_26_553,VGND,li1,262.6600,81.6000,0.000624
FILLER_26_545,VGND,li1,256.6800,81.6000,0.000627
FILLER_26_533,VGND,li1,253.4600,81.6000,0.000629
FILLER_26_530,VGND,li1,249.7800,81.6000,0.000630
FILLER_26_518,VGND,li1,246.5600,81.6000,0.000631
FILLER_26_492,VGND,li1,232.7600,81.6000,0.000626
FILLER_26_477,VGND,li1,225.4000,81.6000,0.000611
FILLER_26_475,VGND,li1,224.2500,81.6000,0.000611
FILLER_26_456,VGND,li1,215.9700,81.6000,0.000590
FILLER_26_439,VGND,li1,208.3800,81.6000,0.000568
FILLER_26_427,VGND,li1,204.7000,81.6000,0.000557
FILLER_26_419,VGND,li1,198.4900,81.6000,0.000539
FILLER_26_396,VGND,li1,188.6000,81.6000,0.000506
FILLER_26_365,VGND,li1,175.2600,81.6000,0.000573
FILLER_26_362,VGND,li1,172.5000,81.6000,0.000665
FILLER_26_354,VGND,li1,170.2000,81.6000,0.000757
FILLER_26_342,VGND,li1,165.6000,81.6000,0.000890
FILLER_26_319,VGND,li1,153.1800,81.6000,0.001175
FILLER_26_304,VGND,li1,146.2800,81.6000,0.001192
FILLER_26_297,VGND,li1,142.3700,81.6000,0.001171
FILLER_26_285,VGND,li1,139.3800,81.6000,0.001157
FILLER_26_273,VGND,li1,133.8600,81.6000,0.001124
FILLER_26_265,VGND,li1,128.1100,81.6000,0.001099
FILLER_26_257,VGND,li1,125.5800,81.6000,0.001080
FILLER_26_251,VGND,li1,121.2100,81.6000,0.001058
FILLER_26_239,VGND,li1,118.2200,81.6000,0.001041
FILLER_26_233,VGND,li1,113.3900,81.6000,0.001016
FILLER_26_225,VGND,li1,110.8600,81.6000,0.001006
FILLER_26_210,VGND,li1,104.8800,81.6000,0.000974
FILLER_26_189,VGND,li1,92.6900,81.6000,0.000870
FILLER_26_185,VGND,li1,91.5400,81.6000,0.000870
FILLER_26_173,VGND,li1,87.8600,81.6000,0.000833
FILLER_26_161,VGND,li1,82.3400,81.6000,0.000777
FILLER_26_147,VGND,li1,73.3700,81.6000,0.000685
FILLER_26_141,VGND,li1,71.7600,81.6000,0.000652
FILLER_26_137,VGND,li1,69.2300,81.6000,0.000629
FILLER_26_125,VGND,li1,65.7800,81.6000,0.000602
FILLER_26_111,VGND,li1,56.8100,81.6000,0.000504
FILLER_26_99,VGND,li1,53.8200,81.6000,0.000460
FILLER_26_91,VGND,li1,47.6100,81.6000,0.000398
FILLER_26_76,VGND,li1,42.3200,81.6000,0.000348
FILLER_26_65,VGND,li1,35.8800,81.6000,0.000264
FILLER_26_52,VGND,li1,29.6700,81.6000,0.000183
FILLER_26_48,VGND,li1,28.5200,81.6000,0.000183
FILLER_26_29,VGND,li1,21.6200,81.6000,0.000131
FILLER_26_20,VGND,li1,16.5600,81.6000,0.000133
FILLER_25_805,VGND,li1,376.5100,81.6000,0.000194
FILLER_25_797,VGND,li1,373.9800,81.6000,0.000194
FILLER_25_785,VGND,li1,369.3800,81.6000,0.000193
FILLER_25_781,VGND,li1,365.4700,81.6000,0.000192
FILLER_25_773,VGND,li1,362.9400,81.6000,0.000192
FILLER_25_767,VGND,li1,358.5700,81.6000,0.000190
FILLER_25_761,VGND,li1,356.9600,81.6000,0.000190
FILLER_25_739,VGND,li1,345.9200,81.6000,0.000183
FILLER_25_729,VGND,li1,341.3200,81.6000,0.000179
FILLER_25_709,VGND,li1,334.4200,81.6000,0.000173
FILLER_25_687,VGND,li1,322.0000,81.6000,0.000273
FILLER_25_666,VGND,li1,312.1100,81.6000,0.000353
FILLER_25_653,VGND,li1,307.2800,81.6000,0.000388
FILLER_25_641,VGND,li1,303.1400,81.6000,0.000430
FILLER_25_617,VGND,li1,290.2600,81.6000,0.000518
FILLER_25_613,VGND,li1,288.1900,81.6000,0.000536
FILLER_25_607,VGND,li1,285.2000,81.6000,0.000548
FILLER_25_595,VGND,li1,279.4500,81.6000,0.000584
FILLER_25_580,VGND,li1,273.2400,81.6000,0.000611
FILLER_25_573,VGND,li1,269.3300,81.6000,0.000620
FILLER_25_561,VGND,li1,266.3400,81.6000,0.000621
FILLER_25_559,VGND,li1,262.8900,81.6000,0.000624
FILLER_25_551,VGND,li1,260.8200,81.6000,0.000625
FILLER_25_529,VGND,li1,249.3200,81.6000,0.000630
FILLER_25_521,VGND,li1,247.0200,81.6000,0.000631
FILLER_25_509,VGND,li1,242.4200,81.6000,0.000632
FILLER_25_505,VGND,li1,238.0500,81.6000,0.000630
FILLER_25_492,VGND,li1,234.6000,81.6000,0.000628
FILLER_25_473,VGND,li1,225.8600,81.6000,0.000611
FILLER_25_459,VGND,li1,217.5800,81.6000,0.000595
FILLER_25_447,VGND,li1,211.3700,81.6000,0.000576
FILLER_25_435,VGND,li1,208.3800,81.6000,0.000568
FILLER_25_428,VGND,li1,202.6300,81.6000,0.000551
FILLER_25_416,VGND,li1,199.6400,81.6000,0.000539
FILLER_25_393,VGND,li1,186.9900,81.6000,0.000494
FILLER_25_390,VGND,li1,185.3800,81.6000,0.000494
FILLER_25_378,VGND,li1,182.1600,81.6000,0.000481
FILLER_25_360,VGND,li1,171.8100,81.6000,0.000665
FILLER_25_349,VGND,li1,166.7500,81.6000,0.000890
FILLER_25_337,VGND,li1,163.3000,81.6000,0.000974
FILLER_25_335,VGND,li1,159.8500,81.6000,0.001131
FILLER_25_323,VGND,li1,156.8600,81.6000,0.001162
FILLER_25_311,VGND,li1,151.3400,81.6000,0.001184
FILLER_25_301,VGND,li1,144.4400,81.6000,0.001180
FILLER_25_293,VGND,li1,142.1400,81.6000,0.001171
FILLER_25_281,VGND,li1,137.5400,81.6000,0.001147
FILLER_25_274,VGND,li1,132.9400,81.6000,0.001124
FILLER_25_262,VGND,li1,128.8000,81.6000,0.001099
FILLER_25_232,VGND,li1,112.4700,81.6000,0.001016
FILLER_25_205,VGND,li1,102.5800,81.6000,0.000961
FILLER_25_193,VGND,li1,97.0600,81.6000,0.000924
FILLER_25_181,VGND,li1,91.5400,81.6000,0.000870
FILLER_25_169,VGND,li1,86.0200,81.6000,0.000814
FILLER_25_166,VGND,li1,82.3400,81.6000,0.000777
FILLER_25_155,VGND,li1,77.5100,81.6000,0.000728
FILLER_25_143,VGND,li1,74.0600,81.6000,0.000685
FILLER_25_126,VGND,li1,65.3200,81.6000,0.000602
FILLER_25_108,VGND,li1,56.1200,81.6000,0.000504
FILLER_25_89,VGND,li1,46.6900,81.6000,0.000398
FILLER_25_83,VGND,li1,45.0800,81.6000,0.000372
FILLER_25_71,VGND,li1,40.9400,81.6000,0.000318
FILLER_25_64,VGND,li1,35.1900,81.6000,0.000264
FILLER_25_57,VGND,li1,32.4300,81.6000,0.000231
FILLER_25_53,VGND,li1,30.5900,81.6000,0.000208
FILLER_25_28,VGND,li1,18.8600,81.6000,0.000132
FILLER_25_7,VGND,li1,8.9700,81.6000,0.000135
FILLER_24_806,VGND,li1,376.7400,76.1600,0.000155
FILLER_24_794,VGND,li1,373.5200,76.1600,0.000155
FILLER_24_782,VGND,li1,368.0000,76.1600,0.000155
FILLER_24_770,VGND,li1,362.4800,76.1600,0.000154
FILLER_24_757,VGND,li1,354.6600,76.1600,0.000154
FILLER_24_755,VGND,li1,353.0500,76.1600,0.000153
FILLER_24_749,VGND,li1,351.4400,76.1600,0.000153
FILLER_24_737,VGND,li1,345.0000,76.1600,0.000152
FILLER_24_723,VGND,li1,338.5600,76.1600,0.000149
FILLER_24_707,VGND,li1,330.9700,76.1600,0.000166
FILLER_24_691,VGND,li1,323.8400,76.1600,0.000235
FILLER_24_683,VGND,li1,321.5400,76.1600,0.000246
FILLER_24_676,VGND,li1,317.1700,76.1600,0.000271
FILLER_24_664,VGND,li1,313.7200,76.1600,0.000290
FILLER_24_658,VGND,li1,308.4300,76.1600,0.000319
FILLER_24_649,VGND,li1,304.5200,76.1600,0.000347
FILLER_24_612,VGND,li1,288.8800,76.1600,0.000413
FILLER_24_589,VGND,li1,277.8400,76.1600,0.000459
FILLER_24_586,VGND,li1,275.5400,76.1600,0.000468
FILLER_24_567,VGND,li1,267.2600,76.1600,0.000481
FILLER_24_555,VGND,li1,263.5800,76.1600,0.000477
FILLER_24_545,VGND,li1,256.6800,76.1600,0.000468
FILLER_24_533,VGND,li1,253.4600,76.1600,0.000464
FILLER_24_531,VGND,li1,250.0100,76.1600,0.000458
FILLER_24_525,VGND,li1,247.4800,76.1600,0.000455
FILLER_24_516,VGND,li1,244.2600,76.1600,0.000452
FILLER_24_504,VGND,li1,240.1200,76.1600,0.000444
FILLER_24_492,VGND,li1,234.6000,76.1600,0.000436
FILLER_24_477,VGND,li1,226.7800,76.1600,0.000421
FILLER_24_474,VGND,li1,224.0200,76.1600,0.000416
FILLER_24_466,VGND,li1,221.7200,76.1600,0.000411
FILLER_24_450,VGND,li1,212.7500,76.1600,0.000391
FILLER_24_442,VGND,li1,210.6800,76.1600,0.000385
FILLER_24_421,VGND,li1,200.1000,76.1600,0.000357
FILLER_24_414,VGND,li1,197.3400,76.1600,0.000349
FILLER_24_397,VGND,li1,189.0600,76.1600,0.000326
FILLER_24_385,VGND,li1,185.3800,76.1600,0.000313
FILLER_24_373,VGND,li1,179.8600,76.1600,0.000297
FILLER_24_363,VGND,li1,172.7300,76.1600,0.000457
FILLER_24_355,VGND,li1,170.6600,76.1600,0.000512
FILLER_24_351,VGND,li1,167.2100,76.1600,0.000622
FILLER_24_339,VGND,li1,164.2200,76.1600,0.000701
FILLER_24_327,VGND,li1,158.7000,76.1600,0.000833
FILLER_24_317,VGND,li1,152.0300,76.1600,0.000979
FILLER_24_309,VGND,li1,149.5000,76.1600,0.001017
FILLER_24_306,VGND,li1,146.7400,76.1600,0.001020
FILLER_24_298,VGND,li1,144.4400,76.1600,0.001024
FILLER_24_282,VGND,li1,135.7000,76.1600,0.001033
FILLER_24_258,VGND,li1,124.8900,76.1600,0.001031
FILLER_24_251,VGND,li1,121.2100,76.1600,0.001029
FILLER_24_244,VGND,li1,117.9900,76.1600,0.001027
FILLER_24_234,VGND,li1,113.3900,76.1600,0.001024
FILLER_24_230,VGND,li1,112.2400,76.1600,0.001024
FILLER_24_216,VGND,li1,105.8000,76.1600,0.001017
FILLER_24_203,VGND,li1,99.1300,76.1600,0.000989
FILLER_24_197,VGND,li1,97.5200,76.1600,0.000965
FILLER_24_192,VGND,li1,94.7600,76.1600,0.000947
FILLER_24_183,VGND,li1,90.1600,76.1600,0.000901
FILLER_24_173,VGND,li1,85.7900,76.1600,0.000855
FILLER_24_165,VGND,li1,81.6500,76.1600,0.000810
FILLER_24_161,VGND,li1,80.5000,76.1600,0.000790
FILLER_24_149,VGND,li1,76.8200,76.1600,0.000756
FILLER_24_139,VGND,li1,69.6900,76.1600,0.000674
FILLER_24_121,VGND,li1,62.1000,76.1600,0.000591
FILLER_24_106,VGND,li1,54.7400,76.1600,0.000494
FILLER_24_96,VGND,li1,50.1400,76.1600,0.000454
FILLER_24_85,VGND,li1,46.0000,76.1600,0.000386
FILLER_24_81,VGND,li1,43.4700,76.1600,0.000356
FILLER_24_73,VGND,li1,40.0200,76.1600,0.000323
FILLER_24_61,VGND,li1,36.3400,76.1600,0.000284
FILLER_24_49,VGND,li1,30.8200,76.1600,0.000210
FILLER_24_37,VGND,li1,25.3000,76.1600,0.000140
FILLER_24_29,VGND,li1,19.0900,76.1600,0.000145
FILLER_24_27,VGND,li1,18.1700,76.1600,0.000145
FILLER_23_809,VGND,li1,378.1200,76.1600,0.000155
FILLER_23_797,VGND,li1,374.9000,76.1600,0.000155
FILLER_23_785,VGND,li1,369.3800,76.1600,0.000155
FILLER_23_782,VGND,li1,365.7000,76.1600,0.000155
FILLER_23_770,VGND,li1,362.4800,76.1600,0.000154
FILLER_23_761,VGND,li1,355.8100,76.1600,0.000154
FILLER_23_753,VGND,li1,353.7400,76.1600,0.000154
FILLER_23_741,VGND,li1,349.1400,76.1600,0.000153
FILLER_23_729,VGND,li1,343.6200,76.1600,0.000151
FILLER_23_726,VGND,li1,339.9400,76.1600,0.000149
FILLER_23_714,VGND,li1,336.7200,76.1600,0.000148
FILLER_23_705,VGND,li1,330.5100,76.1600,0.000166
FILLER_23_697,VGND,li1,327.9800,76.1600,0.000199
FILLER_23_685,VGND,li1,323.3800,76.1600,0.000235
FILLER_23_673,VGND,li1,317.8600,76.1600,0.000271
FILLER_23_669,VGND,li1,313.9500,76.1600,0.000290
FILLER_23_657,VGND,li1,310.5000,76.1600,0.000307
FILLER_23_639,VGND,li1,299.6900,76.1600,0.000368
FILLER_23_635,VGND,li1,298.5400,76.1600,0.000368
FILLER_23_625,VGND,li1,293.9400,76.1600,0.000390
FILLER_23_612,VGND,li1,287.9600,76.1600,0.000424
FILLER_23_599,VGND,li1,282.4400,76.1600,0.000447
FILLER_23_587,VGND,li1,278.3000,76.1600,0.000459
FILLER_23_575,VGND,li1,272.7800,76.1600,0.000479
FILLER_23_554,VGND,li1,261.7400,76.1600,0.000475
FILLER_23_542,VGND,li1,257.6000,76.1600,0.000468
FILLER_23_512,VGND,li1,242.4200,76.1600,0.000449
FILLER_23_500,VGND,li1,236.4400,76.1600,0.000439
FILLER_23_478,VGND,li1,225.6300,76.1600,0.000416
FILLER_23_472,VGND,li1,224.0200,76.1600,0.000416
FILLER_23_449,VGND,li1,212.7500,76.1600,0.000391
FILLER_23_447,VGND,li1,211.3700,76.1600,0.000385
FILLER_23_439,VGND,li1,209.3000,76.1600,0.000379
FILLER_23_424,VGND,li1,200.7900,76.1600,0.000357
FILLER_23_412,VGND,li1,197.8000,76.1600,0.000349
FILLER_23_405,VGND,li1,192.0500,76.1600,0.000335
FILLER_23_393,VGND,li1,189.0600,76.1600,0.000326
FILLER_23_390,VGND,li1,185.3800,76.1600,0.000313
FILLER_23_368,VGND,li1,177.5600,76.1600,0.000359
FILLER_23_356,VGND,li1,172.0400,76.1600,0.000512
FILLER_23_337,VGND,li1,161.2300,76.1600,0.000785
FILLER_23_334,VGND,li1,159.6200,76.1600,0.000833
FILLER_23_313,VGND,li1,150.1900,76.1600,0.000996
FILLER_23_305,VGND,li1,146.0500,76.1600,0.001020
FILLER_23_297,VGND,li1,143.9800,76.1600,0.001024
FILLER_23_292,VGND,li1,140.0700,76.1600,0.001031
FILLER_23_281,VGND,li1,136.1600,76.1600,0.001033
FILLER_23_277,VGND,li1,133.6300,76.1600,0.001034
FILLER_23_268,VGND,li1,130.1800,76.1600,0.001033
FILLER_23_260,VGND,li1,125.3500,76.1600,0.001031
FILLER_23_254,VGND,li1,123.7400,76.1600,0.001031
FILLER_23_242,VGND,li1,119.6000,76.1600,0.001029
FILLER_23_230,VGND,li1,114.0800,76.1600,0.001025
FILLER_23_216,VGND,li1,106.7200,76.1600,0.001017
FILLER_23_204,VGND,li1,102.1200,76.1600,0.001007
FILLER_23_192,VGND,li1,96.6000,76.1600,0.000965
FILLER_23_182,VGND,li1,90.1600,76.1600,0.000901
FILLER_23_165,VGND,li1,82.1100,76.1600,0.000810
FILLER_23_154,VGND,li1,77.2800,76.1600,0.000756
FILLER_23_142,VGND,li1,73.6000,76.1600,0.000705
FILLER_23_133,VGND,li1,67.3900,76.1600,0.000651
FILLER_23_125,VGND,li1,64.8600,76.1600,0.000620
FILLER_23_113,VGND,li1,60.2600,76.1600,0.000568
FILLER_23_108,VGND,li1,56.1200,76.1600,0.000523
FILLER_23_94,VGND,li1,48.9900,76.1600,0.000421
FILLER_23_88,VGND,li1,47.3800,76.1600,0.000421
FILLER_23_69,VGND,li1,37.9500,76.1600,0.000284
FILLER_23_57,VGND,li1,34.5000,76.1600,0.000261
FILLER_23_53,VGND,li1,30.5900,76.1600,0.000210
FILLER_23_45,VGND,li1,28.0600,76.1600,0.000177
FILLER_23_28,VGND,li1,19.3200,76.1600,0.000144
FILLER_23_8,VGND,li1,9.4300,76.1600,0.000148
FILLER_22_807,VGND,li1,376.9700,70.7200,0.000284
FILLER_22_801,VGND,li1,375.3600,70.7200,0.000284
FILLER_22_789,VGND,li1,371.2200,70.7200,0.000284
FILLER_22_777,VGND,li1,365.7000,70.7200,0.000283
FILLER_22_757,VGND,li1,354.4300,70.7200,0.000282
FILLER_22_753,VGND,li1,352.5900,70.7200,0.000281
FILLER_22_741,VGND,li1,349.1400,70.7200,0.000280
FILLER_22_734,VGND,li1,343.3900,70.7200,0.000277
FILLER_22_726,VGND,li1,341.3200,70.7200,0.000275
FILLER_22_714,VGND,li1,336.7200,70.7200,0.000272
FILLER_22_701,VGND,li1,329.3600,70.7200,0.000319
FILLER_22_696,VGND,li1,326.6000,70.7200,0.000341
FILLER_22_677,VGND,li1,317.1700,70.7200,0.000384
FILLER_22_669,VGND,li1,315.1000,70.7200,0.000383
FILLER_22_657,VGND,li1,310.5000,70.7200,0.000381
FILLER_22_645,VGND,li1,304.9800,70.7200,0.000377
FILLER_22_643,VGND,li1,301.5300,70.7200,0.000372
FILLER_22_637,VGND,li1,299.9200,70.7200,0.000372
FILLER_22_625,VGND,li1,295.7800,70.7200,0.000367
FILLER_22_613,VGND,li1,290.2600,70.7200,0.000361
FILLER_22_601,VGND,li1,284.7400,70.7200,0.000357
FILLER_22_589,VGND,li1,279.2200,70.7200,0.000352
FILLER_22_587,VGND,li1,275.7700,70.7200,0.000347
FILLER_22_575,VGND,li1,272.7800,70.7200,0.000344
FILLER_22_566,VGND,li1,266.5700,70.7200,0.000337
FILLER_22_559,VGND,li1,263.5800,70.7200,0.000334
FILLER_22_544,VGND,li1,255.9900,70.7200,0.000323
FILLER_22_536,VGND,li1,253.9200,70.7200,0.000319
FILLER_22_531,VGND,li1,250.0100,70.7200,0.000313
FILLER_22_523,VGND,li1,246.3300,70.7200,0.000306
FILLER_22_511,VGND,li1,243.3400,70.7200,0.000301
FILLER_22_502,VGND,li1,236.9000,70.7200,0.000286
FILLER_22_481,VGND,li1,227.0100,70.7200,0.000266
FILLER_22_477,VGND,li1,225.8600,70.7200,0.000266
FILLER_22_474,VGND,li1,224.0200,70.7200,0.000263
FILLER_22_466,VGND,li1,221.7200,70.7200,0.000257
FILLER_22_445,VGND,li1,212.0600,70.7200,0.000225
FILLER_22_433,VGND,li1,207.4600,70.7200,0.000212
FILLER_22_418,VGND,li1,198.2600,70.7200,0.000176
FILLER_22_394,VGND,li1,188.1400,70.7200,0.000139
FILLER_22_368,VGND,li1,175.4900,70.7200,0.000104
FILLER_22_361,VGND,li1,172.2700,70.7200,0.000126
FILLER_22_339,VGND,li1,164.2200,70.7200,0.000154
FILLER_22_327,VGND,li1,158.7000,70.7200,0.000179
FILLER_22_315,VGND,li1,153.1800,70.7200,0.000209
FILLER_22_304,VGND,li1,146.2800,70.7200,0.000225
FILLER_22_292,VGND,li1,142.6000,70.7200,0.000232
FILLER_22_280,VGND,li1,137.0800,70.7200,0.000241
FILLER_22_268,VGND,li1,131.5600,70.7200,0.000247
FILLER_22_249,VGND,li1,120.7500,70.7200,0.000260
FILLER_22_241,VGND,li1,118.2200,70.7200,0.000262
FILLER_22_229,VGND,li1,113.6200,70.7200,0.000268
FILLER_22_218,VGND,li1,106.7200,70.7200,0.000273
FILLER_22_206,VGND,li1,103.0400,70.7200,0.000277
FILLER_22_197,VGND,li1,96.8300,70.7200,0.000279
FILLER_22_194,VGND,li1,95.2200,70.7200,0.000279
FILLER_22_186,VGND,li1,92.9200,70.7200,0.000278
FILLER_22_174,VGND,li1,88.3200,70.7200,0.000275
FILLER_22_162,VGND,li1,82.8000,70.7200,0.000270
FILLER_22_149,VGND,li1,74.2900,70.7200,0.000264
FILLER_22_141,VGND,li1,72.2200,70.7200,0.000262
FILLER_22_128,VGND,li1,67.1600,70.7200,0.000258
FILLER_22_117,VGND,li1,60.2600,70.7200,0.000247
FILLER_22_97,VGND,li1,51.9800,70.7200,0.000210
FILLER_22_85,VGND,li1,47.3800,70.7200,0.000195
FILLER_22_82,VGND,li1,43.7000,70.7200,0.000174
FILLER_22_55,VGND,li1,31.0500,70.7200,0.000105
FILLER_22_22,VGND,li1,15.8700,70.7200,0.000079
FILLER_21_809,VGND,li1,378.1200,70.7200,0.000284
FILLER_21_797,VGND,li1,374.9000,70.7200,0.000284
FILLER_21_785,VGND,li1,369.3800,70.7200,0.000284
FILLER_21_776,VGND,li1,364.3200,70.7200,0.000283
FILLER_21_753,VGND,li1,352.8200,70.7200,0.000281
FILLER_21_729,VGND,li1,341.0900,70.7200,0.000275
FILLER_21_727,VGND,li1,340.1700,70.7200,0.000274
FILLER_21_715,VGND,li1,334.6500,70.7200,0.000270
FILLER_21_707,VGND,li1,332.5800,70.7200,0.000268
FILLER_21_692,VGND,li1,325.6800,70.7200,0.000361
FILLER_21_680,VGND,li1,321.0800,70.7200,0.000376
FILLER_21_673,VGND,li1,316.0200,70.7200,0.000383
FILLER_21_669,VGND,li1,313.9500,70.7200,0.000382
FILLER_21_656,VGND,li1,308.2000,70.7200,0.000379
FILLER_21_647,VGND,li1,303.6000,70.7200,0.000374
FILLER_21_635,VGND,li1,300.3800,70.7200,0.000372
FILLER_21_623,VGND,li1,294.8600,70.7200,0.000367
FILLER_21_615,VGND,li1,288.6500,70.7200,0.000361
FILLER_21_607,VGND,li1,286.5800,70.7200,0.000359
FILLER_21_601,VGND,li1,282.2100,70.7200,0.000355
FILLER_21_589,VGND,li1,279.2200,70.7200,0.000352
FILLER_21_585,VGND,li1,274.8500,70.7200,0.000347
FILLER_21_573,VGND,li1,271.8600,70.7200,0.000344
FILLER_21_561,VGND,li1,266.3400,70.7200,0.000337
FILLER_21_559,VGND,li1,262.8900,70.7200,0.000334
FILLER_21_541,VGND,li1,256.2200,70.7200,0.000323
FILLER_21_529,VGND,li1,251.6200,70.7200,0.000313
FILLER_21_517,VGND,li1,246.1000,70.7200,0.000306
FILLER_21_505,VGND,li1,240.5800,70.7200,0.000295
FILLER_21_503,VGND,li1,237.1300,70.7200,0.000286
FILLER_21_497,VGND,li1,235.5200,70.7200,0.000286
FILLER_21_486,VGND,li1,229.3100,70.7200,0.000270
FILLER_21_480,VGND,li1,227.7000,70.7200,0.000270
FILLER_21_461,VGND,li1,217.8100,70.7200,0.000244
FILLER_21_449,VGND,li1,214.8200,70.7200,0.000236
FILLER_21_447,VGND,li1,211.3700,70.7200,0.000225
FILLER_21_435,VGND,li1,208.3800,70.7200,0.000212
FILLER_21_420,VGND,li1,199.1800,70.7200,0.000183
FILLER_21_416,VGND,li1,197.1100,70.7200,0.000176
FILLER_21_393,VGND,li1,186.7600,70.7200,0.000130
FILLER_21_390,VGND,li1,185.3800,70.7200,0.000120
FILLER_21_374,VGND,li1,178.2500,70.7200,0.000093
FILLER_21_357,VGND,li1,171.5800,70.7200,0.000126
FILLER_21_345,VGND,li1,166.9800,70.7200,0.000142
FILLER_21_332,VGND,li1,159.1600,70.7200,0.000179
FILLER_21_322,VGND,li1,154.3300,70.7200,0.000198
FILLER_21_314,VGND,li1,151.8000,70.7200,0.000209
FILLER_21_302,VGND,li1,147.2000,70.7200,0.000225
FILLER_21_290,VGND,li1,141.6800,70.7200,0.000232
FILLER_21_279,VGND,li1,134.0900,70.7200,0.000244
FILLER_21_273,VGND,li1,132.4800,70.7200,0.000247
FILLER_21_261,VGND,li1,128.3400,70.7200,0.000253
FILLER_21_253,VGND,li1,122.5900,70.7200,0.000258
FILLER_21_241,VGND,li1,119.1400,70.7200,0.000262
FILLER_21_234,VGND,li1,113.3900,70.7200,0.000268
FILLER_21_230,VGND,li1,112.2400,70.7200,0.000268
FILLER_21_218,VGND,li1,107.1800,70.7200,0.000273
FILLER_21_207,VGND,li1,101.6600,70.7200,0.000277
FILLER_21_177,VGND,li1,87.6300,70.7200,0.000275
FILLER_21_162,VGND,li1,81.4200,70.7200,0.000270
FILLER_21_148,VGND,li1,73.8300,70.7200,0.000262
FILLER_21_136,VGND,li1,70.8400,70.7200,0.000260
FILLER_21_124,VGND,li1,65.3200,70.7200,0.000256
FILLER_21_113,VGND,li1,58.1900,70.7200,0.000237
FILLER_21_100,VGND,li1,52.4400,70.7200,0.000210
FILLER_21_84,VGND,li1,45.5400,70.7200,0.000186
FILLER_21_78,VGND,li1,41.6300,70.7200,0.000161
FILLER_21_74,VGND,li1,40.4800,70.7200,0.000161
FILLER_21_53,VGND,li1,30.5900,70.7200,0.000105
FILLER_21_27,VGND,li1,18.4000,70.7200,0.000078
FILLER_21_19,VGND,li1,16.1000,70.7200,0.000079
FILLER_20_805,VGND,li1,377.2000,65.2800,0.000239
FILLER_20_793,VGND,li1,373.0600,65.2800,0.000236
FILLER_20_781,VGND,li1,367.5400,65.2800,0.000231
FILLER_20_769,VGND,li1,362.0200,65.2800,0.000225
FILLER_20_754,VGND,li1,352.8200,65.2800,0.000215
FILLER_20_742,VGND,li1,349.6000,65.2800,0.000211
FILLER_20_728,VGND,li1,340.8600,65.2800,0.000199
FILLER_20_714,VGND,li1,334.6500,65.2800,0.000191
FILLER_20_701,VGND,li1,328.6700,65.2800,0.000253
FILLER_20_698,VGND,li1,327.0600,65.2800,0.000253
FILLER_20_690,VGND,li1,324.7600,65.2800,0.000278
FILLER_20_682,VGND,li1,319.7000,65.2800,0.000340
FILLER_20_669,VGND,li1,313.9500,65.2800,0.000378
FILLER_20_658,VGND,li1,308.4300,65.2800,0.000419
FILLER_20_654,VGND,li1,307.2800,65.2800,0.000419
FILLER_20_645,VGND,li1,302.9100,65.2800,0.000446
FILLER_20_643,VGND,li1,301.5300,65.2800,0.000460
FILLER_20_634,VGND,li1,298.5400,65.2800,0.000475
FILLER_20_620,VGND,li1,290.9500,65.2800,0.000521
FILLER_20_599,VGND,li1,281.9800,65.2800,0.000575
FILLER_20_586,VGND,li1,275.5400,65.2800,0.000588
FILLER_20_565,VGND,li1,267.2600,65.2800,0.000587
FILLER_20_553,VGND,li1,262.6600,65.2800,0.000585
FILLER_20_544,VGND,li1,256.2200,65.2800,0.000581
FILLER_20_537,VGND,li1,252.7700,65.2800,0.000579
FILLER_20_533,VGND,li1,251.6200,65.2800,0.000577
FILLER_20_531,VGND,li1,250.0100,65.2800,0.000572
FILLER_20_527,VGND,li1,248.8600,65.2800,0.000572
FILLER_20_490,VGND,li1,232.7600,65.2800,0.000489
FILLER_20_485,VGND,li1,229.0800,65.2800,0.000473
FILLER_20_477,VGND,li1,226.7800,65.2800,0.000458
FILLER_20_475,VGND,li1,224.2500,65.2800,0.000429
FILLER_20_469,VGND,li1,222.6400,65.2800,0.000429
FILLER_20_465,VGND,li1,219.6500,65.2800,0.000398
FILLER_20_459,VGND,li1,218.0400,65.2800,0.000398
FILLER_20_451,VGND,li1,213.2100,65.2800,0.000364
FILLER_20_445,VGND,li1,211.6000,65.2800,0.000350
FILLER_20_433,VGND,li1,207.4600,65.2800,0.000320
FILLER_20_421,VGND,li1,201.9400,65.2800,0.000283
FILLER_20_417,VGND,li1,198.0300,65.2800,0.000246
FILLER_20_413,VGND,li1,195.7300,65.2800,0.000231
FILLER_20_399,VGND,li1,189.9800,65.2800,0.000192
FILLER_20_382,VGND,li1,181.4700,65.2800,0.000136
FILLER_20_374,VGND,li1,179.4000,65.2800,0.000115
FILLER_20_361,VGND,li1,172.2700,65.2800,0.000145
FILLER_20_349,VGND,li1,168.8200,65.2800,0.000159
FILLER_20_339,VGND,li1,162.1500,65.2800,0.000181
FILLER_20_324,VGND,li1,155.0200,65.2800,0.000208
FILLER_20_316,VGND,li1,152.7200,65.2800,0.000215
FILLER_20_304,VGND,li1,146.2800,65.2800,0.000237
FILLER_20_285,VGND,li1,136.8500,65.2800,0.000252
FILLER_20_279,VGND,li1,135.2400,65.2800,0.000254
FILLER_20_260,VGND,li1,127.8800,65.2800,0.000259
FILLER_20_251,VGND,li1,121.2100,65.2800,0.000260
FILLER_20_245,VGND,li1,119.6000,65.2800,0.000260
FILLER_20_229,VGND,li1,111.5500,65.2800,0.000260
FILLER_20_217,VGND,li1,105.5700,65.2800,0.000259
FILLER_20_213,VGND,li1,104.4200,65.2800,0.000258
FILLER_20_194,VGND,li1,95.2200,65.2800,0.000249
FILLER_20_186,VGND,li1,92.9200,65.2800,0.000245
FILLER_20_182,VGND,li1,89.4700,65.2800,0.000236
FILLER_20_178,VGND,li1,88.3200,65.2800,0.000236
FILLER_20_170,VGND,li1,83.9500,65.2800,0.000225
FILLER_20_166,VGND,li1,82.8000,65.2800,0.000225
FILLER_20_154,VGND,li1,79.1200,65.2800,0.000218
FILLER_20_147,VGND,li1,74.0600,65.2800,0.000207
FILLER_20_138,VGND,li1,69.4600,65.2800,0.000192
FILLER_20_128,VGND,li1,64.6300,65.2800,0.000181
FILLER_20_124,VGND,li1,63.4800,65.2800,0.000181
FILLER_20_112,VGND,li1,59.8000,65.2800,0.000172
FILLER_20_104,VGND,li1,53.5900,65.2800,0.000152
FILLER_20_92,VGND,li1,50.6000,65.2800,0.000144
FILLER_20_83,VGND,li1,43.9300,65.2800,0.000127
FILLER_20_73,VGND,li1,39.7900,65.2800,0.000112
FILLER_20_64,VGND,li1,35.4200,65.2800,0.000095
FILLER_20_53,VGND,li1,30.8200,65.2800,0.000077
FILLER_20_41,VGND,li1,24.6100,65.2800,0.000047
FILLER_20_29,VGND,li1,21.6200,65.2800,0.000047
FILLER_20_22,VGND,li1,17.0200,65.2800,0.000049
FILLER_19_805,VGND,li1,376.2800,65.2800,0.000239
FILLER_19_797,VGND,li1,373.9800,65.2800,0.000236
FILLER_19_785,VGND,li1,369.3800,65.2800,0.000232
FILLER_19_780,VGND,li1,365.2400,65.2800,0.000228
FILLER_19_768,VGND,li1,361.5600,65.2800,0.000225
FILLER_19_756,VGND,li1,356.0400,65.2800,0.000219
FILLER_19_744,VGND,li1,350.5200,65.2800,0.000211
FILLER_19_732,VGND,li1,345.0000,65.2800,0.000206
FILLER_19_725,VGND,li1,339.7100,65.2800,0.000199
FILLER_19_713,VGND,li1,336.2600,65.2800,0.000191
FILLER_19_701,VGND,li1,330.7400,65.2800,0.000219
FILLER_19_673,VGND,li1,316.4800,65.2800,0.000358
FILLER_19_663,VGND,li1,311.4200,65.2800,0.000392
FILLER_19_651,VGND,li1,307.7400,65.2800,0.000419
FILLER_19_638,VGND,li1,299.2300,65.2800,0.000475
FILLER_19_633,VGND,li1,296.9300,65.2800,0.000490
FILLER_19_621,VGND,li1,293.9400,65.2800,0.000507
FILLER_19_596,VGND,li1,282.4400,65.2800,0.000564
FILLER_19_577,VGND,li1,271.6300,65.2800,0.000588
FILLER_19_569,VGND,li1,269.1000,65.2800,0.000588
FILLER_19_548,VGND,li1,260.3600,65.2800,0.000583
FILLER_19_537,VGND,li1,253.4600,65.2800,0.000579
FILLER_19_522,VGND,li1,247.4800,65.2800,0.000565
FILLER_19_511,VGND,li1,241.2700,65.2800,0.000542
FILLER_19_505,VGND,li1,238.0500,65.2800,0.000526
FILLER_19_491,VGND,li1,231.6100,65.2800,0.000489
FILLER_19_476,VGND,li1,226.3200,65.2800,0.000444
FILLER_19_464,VGND,li1,221.7200,65.2800,0.000415
FILLER_19_452,VGND,li1,216.2000,65.2800,0.000377
FILLER_19_446,VGND,li1,211.1400,65.2800,0.000350
FILLER_19_437,VGND,li1,207.0000,65.2800,0.000320
FILLER_19_429,VGND,li1,204.7000,65.2800,0.000304
FILLER_19_423,VGND,li1,200.3300,65.2800,0.000261
FILLER_19_417,VGND,li1,198.7200,65.2800,0.000261
FILLER_19_405,VGND,li1,194.5800,65.2800,0.000231
FILLER_19_393,VGND,li1,189.0600,65.2800,0.000192
FILLER_19_389,VGND,li1,185.1500,65.2800,0.000163
FILLER_19_381,VGND,li1,182.6200,65.2800,0.000136
FILLER_19_369,VGND,li1,178.0200,65.2800,0.000124
FILLER_19_354,VGND,li1,169.0500,65.2800,0.000159
FILLER_19_343,VGND,li1,165.1400,65.2800,0.000171
FILLER_19_332,VGND,li1,159.1600,65.2800,0.000191
FILLER_19_312,VGND,li1,149.2700,65.2800,0.000224
FILLER_19_300,VGND,li1,146.2800,65.2800,0.000237
FILLER_19_289,VGND,li1,138.6900,65.2800,0.000250
FILLER_19_281,VGND,li1,136.6200,65.2800,0.000252
FILLER_19_279,VGND,li1,134.0900,65.2800,0.000254
FILLER_19_272,VGND,li1,130.8700,65.2800,0.000257
FILLER_19_263,VGND,li1,126.9600,65.2800,0.000259
FILLER_19_254,VGND,li1,122.5900,65.2800,0.000260
FILLER_19_245,VGND,li1,119.6000,65.2800,0.000260
FILLER_19_234,VGND,li1,113.8500,65.2800,0.000261
FILLER_19_229,VGND,li1,111.0900,65.2800,0.000260
FILLER_19_225,VGND,li1,109.9400,65.2800,0.000260
FILLER_19_218,VGND,li1,107.1800,65.2800,0.000259
FILLER_19_206,VGND,li1,103.0400,65.2800,0.000258
FILLER_19_194,VGND,li1,97.5200,65.2800,0.000253
FILLER_19_182,VGND,li1,92.0000,65.2800,0.000240
FILLER_19_166,VGND,li1,82.3400,65.2800,0.000225
FILLER_19_158,VGND,li1,80.0400,65.2800,0.000218
FILLER_19_145,VGND,li1,74.0600,65.2800,0.000207
FILLER_19_125,VGND,li1,63.2500,65.2800,0.000181
FILLER_19_113,VGND,li1,60.2600,65.2800,0.000172
FILLER_19_109,VGND,li1,56.3500,65.2800,0.000164
FILLER_19_101,VGND,li1,52.2100,65.2800,0.000152
FILLER_19_89,VGND,li1,49.2200,65.2800,0.000144
FILLER_19_75,VGND,li1,41.8600,65.2800,0.000120
FILLER_19_63,VGND,li1,37.2600,65.2800,0.000102
FILLER_19_57,VGND,li1,32.4300,65.2800,0.000077
FILLER_19_55,VGND,li1,31.0500,65.2800,0.000077
FILLER_19_43,VGND,li1,28.0600,65.2800,0.000064
FILLER_19_23,VGND,li1,18.8600,65.2800,0.000048
FILLER_19_13,VGND,li1,11.7300,65.2800,0.000051
FILLER_18_805,VGND,li1,377.2000,59.8400,0.002185
FILLER_18_793,VGND,li1,373.0600,59.8400,0.002185
FILLER_18_769,VGND,li1,359.4900,59.8400,0.002164
FILLER_18_765,VGND,li1,358.3400,59.8400,0.002164
FILLER_18_757,VGND,li1,353.9700,59.8400,0.002066
FILLER_18_744,VGND,li1,350.5200,59.8400,0.001847
FILLER_18_725,VGND,li1,339.9400,59.8400,0.001287
FILLER_18_713,VGND,li1,336.2600,59.8400,0.001073
FILLER_18_701,VGND,li1,330.7400,59.8400,0.000841
FILLER_18_696,VGND,li1,326.6000,59.8400,0.000878
FILLER_18_687,VGND,li1,322.0000,59.8400,0.000916
FILLER_18_675,VGND,li1,318.7800,59.8400,0.000917
FILLER_18_663,VGND,li1,313.2600,59.8400,0.000907
FILLER_18_651,VGND,li1,307.7400,59.8400,0.000887
FILLER_18_641,VGND,li1,301.0700,59.8400,0.000864
FILLER_18_635,VGND,li1,298.3100,59.8400,0.000858
FILLER_18_623,VGND,li1,294.8600,59.8400,0.000844
FILLER_18_613,VGND,li1,288.1900,59.8400,0.000821
FILLER_18_601,VGND,li1,284.7400,59.8400,0.000813
FILLER_18_589,VGND,li1,279.2200,59.8400,0.000793
FILLER_18_582,VGND,li1,274.6200,59.8400,0.000774
FILLER_18_570,VGND,li1,270.4800,59.8400,0.000748
FILLER_18_563,VGND,li1,264.7300,59.8400,0.000726
FILLER_18_551,VGND,li1,261.7400,59.8400,0.000714
FILLER_18_539,VGND,li1,256.2200,59.8400,0.000687
FILLER_18_531,VGND,li1,250.0100,59.8400,0.000651
FILLER_18_525,VGND,li1,248.4000,59.8400,0.000641
FILLER_18_513,VGND,li1,244.2600,59.8400,0.000620
FILLER_18_501,VGND,li1,238.7400,59.8400,0.000591
FILLER_18_484,VGND,li1,229.0800,59.8400,0.000533
FILLER_18_475,VGND,li1,224.2500,59.8400,0.000501
FILLER_18_467,VGND,li1,222.1800,59.8400,0.000488
FILLER_18_454,VGND,li1,215.0500,59.8400,0.000438
FILLER_18_446,VGND,li1,212.5200,59.8400,0.000414
FILLER_18_416,VGND,li1,197.8000,59.8400,0.000301
FILLER_18_404,VGND,li1,194.1200,59.8400,0.000266
FILLER_18_397,VGND,li1,188.3700,59.8400,0.000230
FILLER_18_389,VGND,li1,186.3000,59.8400,0.000211
FILLER_18_377,VGND,li1,181.7000,59.8400,0.000175
FILLER_18_352,VGND,li1,167.6700,59.8400,0.000211
FILLER_18_348,VGND,li1,166.5200,59.8400,0.000225
FILLER_18_336,VGND,li1,162.8400,59.8400,0.000242
FILLER_18_321,VGND,li1,153.4100,59.8400,0.000293
FILLER_18_309,VGND,li1,150.4200,59.8400,0.000308
FILLER_18_307,VGND,li1,146.9700,59.8400,0.000331
FILLER_18_293,VGND,li1,140.5300,59.8400,0.000349
FILLER_18_287,VGND,li1,138.9200,59.8400,0.000357
FILLER_18_275,VGND,li1,134.7800,59.8400,0.000368
FILLER_18_265,VGND,li1,128.3400,59.8400,0.000382
FILLER_18_257,VGND,li1,123.9700,59.8400,0.000396
FILLER_18_253,VGND,li1,122.8200,59.8400,0.000396
FILLER_18_251,VGND,li1,121.2100,59.8400,0.000402
FILLER_18_239,VGND,li1,118.2200,59.8400,0.000410
FILLER_18_228,VGND,li1,111.3200,59.8400,0.000424
FILLER_18_216,VGND,li1,107.6400,59.8400,0.000434
FILLER_18_204,VGND,li1,102.1200,59.8400,0.000447
FILLER_18_195,VGND,li1,95.4500,59.8400,0.000450
FILLER_18_189,VGND,li1,93.8400,59.8400,0.000444
FILLER_18_177,VGND,li1,89.7000,59.8400,0.000433
FILLER_18_159,VGND,li1,78.8900,59.8400,0.000386
FILLER_18_153,VGND,li1,76.3600,59.8400,0.000377
FILLER_18_141,VGND,li1,73.1400,59.8400,0.000367
FILLER_18_132,VGND,li1,68.0800,59.8400,0.000346
FILLER_18_128,VGND,li1,64.6300,59.8400,0.000332
FILLER_18_124,VGND,li1,63.4800,59.8400,0.000319
FILLER_18_112,VGND,li1,59.8000,59.8400,0.000305
FILLER_18_105,VGND,li1,54.5100,59.8400,0.000275
FILLER_18_97,VGND,li1,51.9800,59.8400,0.000258
FILLER_18_85,VGND,li1,47.3800,59.8400,0.000229
FILLER_18_82,VGND,li1,43.7000,59.8400,0.000209
FILLER_18_70,VGND,li1,40.4800,59.8400,0.000180
FILLER_18_64,VGND,li1,35.6500,59.8400,0.000154
FILLER_18_50,VGND,li1,28.9800,59.8400,0.000107
FILLER_18_38,VGND,li1,25.7600,59.8400,0.000080
FILLER_18_29,VGND,li1,19.3200,59.8400,0.000084
FILLER_18_19,VGND,li1,14.7200,59.8400,0.000085
FILLER_17_809,VGND,li1,378.1200,59.8400,0.002185
FILLER_17_797,VGND,li1,374.9000,59.8400,0.002185
FILLER_17_785,VGND,li1,369.3800,59.8400,0.002185
FILLER_17_783,VGND,li1,365.9300,59.8400,0.002185
FILLER_17_771,VGND,li1,362.9400,59.8400,0.002185
FILLER_17_757,VGND,li1,354.2000,59.8400,0.002066
FILLER_17_746,VGND,li1,349.6000,59.8400,0.001847
FILLER_17_729,VGND,li1,341.3200,59.8400,0.001287
FILLER_17_726,VGND,li1,339.9400,59.8400,0.001287
FILLER_17_710,VGND,li1,332.3500,59.8400,0.000820
FILLER_17_702,VGND,li1,330.2800,59.8400,0.000841
FILLER_17_690,VGND,li1,325.6800,59.8400,0.000904
FILLER_17_680,VGND,li1,318.7800,59.8400,0.000917
FILLER_17_669,VGND,li1,313.9500,59.8400,0.000907
FILLER_17_661,VGND,li1,311.4200,59.8400,0.000901
FILLER_17_649,VGND,li1,306.8200,59.8400,0.000887
FILLER_17_638,VGND,li1,299.9200,59.8400,0.000864
FILLER_17_626,VGND,li1,293.7100,59.8400,0.000844
FILLER_17_622,VGND,li1,292.5600,59.8400,0.000837
FILLER_17_615,VGND,li1,288.6500,59.8400,0.000821
FILLER_17_609,VGND,li1,287.0400,59.8400,0.000821
FILLER_17_594,VGND,li1,279.6800,59.8400,0.000793
FILLER_17_571,VGND,li1,268.8700,59.8400,0.000748
FILLER_17_561,VGND,li1,264.2700,59.8400,0.000726
FILLER_17_556,VGND,li1,262.2000,59.8400,0.000714
FILLER_17_544,VGND,li1,258.5200,59.8400,0.000698
FILLER_17_532,VGND,li1,253.0000,59.8400,0.000666
FILLER_17_524,VGND,li1,247.4800,59.8400,0.000641
FILLER_17_512,VGND,li1,243.8000,59.8400,0.000620
FILLER_17_486,VGND,li1,229.3100,59.8400,0.000533
FILLER_17_478,VGND,li1,227.2400,59.8400,0.000518
FILLER_17_462,VGND,li1,218.7300,59.8400,0.000453
FILLER_17_449,VGND,li1,213.4400,59.8400,0.000414
FILLER_17_436,VGND,li1,208.8400,59.8400,0.000392
FILLER_17_424,VGND,li1,200.7900,59.8400,0.000331
FILLER_17_420,VGND,li1,199.6400,59.8400,0.000316
FILLER_17_393,VGND,li1,186.9900,59.8400,0.000211
FILLER_17_391,VGND,li1,185.6100,59.8400,0.000194
FILLER_17_385,VGND,li1,184.0000,59.8400,0.000194
FILLER_17_373,VGND,li1,179.8600,59.8400,0.000147
FILLER_17_351,VGND,li1,167.6700,59.8400,0.000211
FILLER_17_343,VGND,li1,165.1400,59.8400,0.000225
FILLER_17_337,VGND,li1,160.7700,59.8400,0.000257
FILLER_17_332,VGND,li1,159.1600,59.8400,0.000267
FILLER_17_328,VGND,li1,156.6300,59.8400,0.000280
FILLER_17_324,VGND,li1,155.4800,59.8400,0.000280
FILLER_17_312,VGND,li1,149.9600,59.8400,0.000308
FILLER_17_293,VGND,li1,141.2200,59.8400,0.000349
FILLER_17_281,VGND,li1,137.5400,59.8400,0.000357
FILLER_17_276,VGND,li1,133.4000,59.8400,0.000368
FILLER_17_264,VGND,li1,129.7200,59.8400,0.000382
FILLER_17_257,VGND,li1,124.2000,59.8400,0.000396
FILLER_17_246,VGND,li1,118.9100,59.8400,0.000410
FILLER_17_239,VGND,li1,115.6900,59.8400,0.000417
FILLER_17_235,VGND,li1,114.5400,59.8400,0.000417
FILLER_17_211,VGND,li1,103.0400,59.8400,0.000442
FILLER_17_203,VGND,li1,100.7400,59.8400,0.000447
FILLER_17_185,VGND,li1,90.8500,59.8400,0.000433
FILLER_17_181,VGND,li1,89.7000,59.8400,0.000433
FILLER_17_169,VGND,li1,86.0200,59.8400,0.000419
FILLER_17_167,VGND,li1,82.5700,59.8400,0.000405
FILLER_17_159,VGND,li1,80.5000,59.8400,0.000397
FILLER_17_145,VGND,li1,73.1400,59.8400,0.000367
FILLER_17_133,VGND,li1,69.4600,59.8400,0.000346
FILLER_17_125,VGND,li1,63.2500,59.8400,0.000319
FILLER_17_121,VGND,li1,62.1000,59.8400,0.000319
FILLER_17_113,VGND,li1,57.7300,59.8400,0.000286
FILLER_17_110,VGND,li1,56.5800,59.8400,0.000286
FILLER_17_102,VGND,li1,54.2800,59.8400,0.000275
FILLER_17_89,VGND,li1,46.6900,59.8400,0.000229
FILLER_17_77,VGND,li1,43.7000,59.8400,0.000209
FILLER_17_69,VGND,li1,37.4900,59.8400,0.000167
FILLER_17_61,VGND,li1,33.8100,59.8400,0.000141
FILLER_17_57,VGND,li1,32.6600,59.8400,0.000125
FILLER_17_52,VGND,li1,30.3600,59.8400,0.000107
FILLER_17_40,VGND,li1,26.6800,59.8400,0.000080
FILLER_17_27,VGND,li1,18.8600,59.8400,0.000084
FILLER_17_3,VGND,li1,7.8200,59.8400,0.000087
FILLER_16_805,VGND,li1,377.2000,54.4000,0.001243
FILLER_16_793,VGND,li1,373.0600,54.4000,0.001242
FILLER_16_781,VGND,li1,367.5400,54.4000,0.001241
FILLER_16_769,VGND,li1,362.0200,54.4000,0.001239
FILLER_16_757,VGND,li1,356.5000,54.4000,0.001237
FILLER_16_753,VGND,li1,352.5900,54.4000,0.001162
FILLER_16_745,VGND,li1,350.0600,54.4000,0.001104
FILLER_16_727,VGND,li1,340.1700,54.4000,0.000868
FILLER_16_715,VGND,li1,337.1800,54.4000,0.000803
FILLER_16_701,VGND,li1,328.2100,54.4000,0.000722
FILLER_16_694,VGND,li1,326.1400,54.4000,0.000734
FILLER_16_686,VGND,li1,321.5400,54.4000,0.000730
FILLER_16_678,VGND,li1,319.2400,54.4000,0.000726
FILLER_16_672,VGND,li1,314.8700,54.4000,0.000714
FILLER_16_666,VGND,li1,313.2600,54.4000,0.000714
FILLER_16_643,VGND,li1,301.5300,54.4000,0.000678
FILLER_16_639,VGND,li1,300.3800,54.4000,0.000678
FILLER_16_626,VGND,li1,294.1700,54.4000,0.000659
FILLER_16_618,VGND,li1,291.6400,54.4000,0.000650
FILLER_16_601,VGND,li1,282.4400,54.4000,0.000615
FILLER_16_589,VGND,li1,279.2200,54.4000,0.000606
FILLER_16_580,VGND,li1,274.1600,54.4000,0.000589
FILLER_16_569,VGND,li1,269.1000,54.4000,0.000570
FILLER_16_557,VGND,li1,261.9700,54.4000,0.000543
FILLER_16_549,VGND,li1,258.2900,54.4000,0.000526
FILLER_16_541,VGND,li1,256.2200,54.4000,0.000518
FILLER_16_530,VGND,li1,249.7800,54.4000,0.000492
FILLER_16_517,VGND,li1,244.0300,54.4000,0.000463
FILLER_16_505,VGND,li1,240.5800,54.4000,0.000452
FILLER_16_500,VGND,li1,235.7500,54.4000,0.000425
FILLER_16_496,VGND,li1,234.6000,54.4000,0.000425
FILLER_16_489,VGND,li1,231.3800,54.4000,0.000409
FILLER_16_477,VGND,li1,227.7000,54.4000,0.000384
FILLER_16_473,VGND,li1,223.7900,54.4000,0.000371
FILLER_16_464,VGND,li1,219.8800,54.4000,0.000349
FILLER_16_452,VGND,li1,216.2000,54.4000,0.000320
FILLER_16_441,VGND,li1,208.6100,54.4000,0.000275
FILLER_16_433,VGND,li1,206.5400,54.4000,0.000264
FILLER_16_421,VGND,li1,201.9400,54.4000,0.000244
FILLER_16_412,VGND,li1,196.8800,54.4000,0.000213
FILLER_16_405,VGND,li1,192.7400,54.4000,0.000185
FILLER_16_400,VGND,li1,189.9800,54.4000,0.000171
FILLER_16_389,VGND,li1,184.9200,54.4000,0.000135
FILLER_16_381,VGND,li1,182.6200,54.4000,0.000120
FILLER_16_369,VGND,li1,178.0200,54.4000,0.000092
FILLER_16_362,VGND,li1,172.5000,54.4000,0.000108
FILLER_16_351,VGND,li1,168.8200,54.4000,0.000117
FILLER_16_327,VGND,li1,156.1700,54.4000,0.000143
FILLER_16_321,VGND,li1,153.8700,54.4000,0.000148
FILLER_16_309,VGND,li1,150.4200,54.4000,0.000157
FILLER_16_306,VGND,li1,146.7400,54.4000,0.000162
FILLER_16_298,VGND,li1,144.4400,54.4000,0.000167
FILLER_16_286,VGND,li1,139.8400,54.4000,0.000173
FILLER_16_276,VGND,li1,132.7100,54.4000,0.000179
FILLER_16_270,VGND,li1,131.1000,54.4000,0.000179
FILLER_16_248,VGND,li1,120.5200,54.4000,0.000184
FILLER_16_242,VGND,li1,117.0700,54.4000,0.000185
FILLER_16_234,VGND,li1,115.0000,54.4000,0.000185
FILLER_16_205,VGND,li1,100.5100,54.4000,0.000182
FILLER_16_197,VGND,li1,97.9800,54.4000,0.000180
FILLER_16_195,VGND,li1,95.4500,54.4000,0.000178
FILLER_16_183,VGND,li1,92.4600,54.4000,0.000177
FILLER_16_171,VGND,li1,86.9400,54.4000,0.000174
FILLER_16_161,VGND,li1,80.0400,54.4000,0.000169
FILLER_16_153,VGND,li1,77.7400,54.4000,0.000167
FILLER_16_141,VGND,li1,73.1400,54.4000,0.000164
FILLER_16_137,VGND,li1,69.2300,54.4000,0.000159
FILLER_16_129,VGND,li1,66.7000,54.4000,0.000157
FILLER_16_100,VGND,li1,51.7500,54.4000,0.000127
FILLER_16_92,VGND,li1,49.6800,54.4000,0.000121
FILLER_16_83,VGND,li1,43.9300,54.4000,0.000102
FILLER_16_79,VGND,li1,42.7800,54.4000,0.000102
FILLER_16_72,VGND,li1,38.8700,54.4000,0.000085
FILLER_16_61,VGND,li1,34.9600,54.4000,0.000076
FILLER_16_49,VGND,li1,28.7500,54.4000,0.000053
FILLER_16_41,VGND,li1,26.2200,54.4000,0.000040
FILLER_16_29,VGND,li1,21.6200,54.4000,0.000041
FILLER_16_27,VGND,li1,18.1700,54.4000,0.000042
FILLER_16_23,VGND,li1,17.0200,54.4000,0.000042
FILLER_16_14,VGND,li1,12.4200,54.4000,0.000043
FILLER_16_3,VGND,li1,7.1300,54.4000,0.000044
FILLER_15_803,VGND,li1,375.3600,54.4000,0.001243
FILLER_15_791,VGND,li1,372.1400,54.4000,0.001242
FILLER_15_783,VGND,li1,365.9300,54.4000,0.001240
FILLER_15_777,VGND,li1,364.3200,54.4000,0.001240
FILLER_15_765,VGND,li1,360.1800,54.4000,0.001238
FILLER_15_746,VGND,li1,351.4400,54.4000,0.001104
FILLER_15_729,VGND,li1,341.5500,54.4000,0.000868
FILLER_15_726,VGND,li1,339.9400,54.4000,0.000868
FILLER_15_718,VGND,li1,337.6400,54.4000,0.000803
FILLER_15_703,VGND,li1,329.1300,54.4000,0.000722
FILLER_15_699,VGND,li1,327.9800,54.4000,0.000722
FILLER_15_691,VGND,li1,323.6100,54.4000,0.000732
FILLER_15_685,VGND,li1,322.0000,54.4000,0.000730
FILLER_15_673,VGND,li1,317.8600,54.4000,0.000721
FILLER_15_666,VGND,li1,313.2600,54.4000,0.000714
FILLER_15_656,VGND,li1,307.9700,54.4000,0.000698
FILLER_15_648,VGND,li1,305.4400,54.4000,0.000689
FILLER_15_636,VGND,li1,300.8400,54.4000,0.000678
FILLER_15_617,VGND,li1,292.1000,54.4000,0.000650
FILLER_15_611,VGND,li1,286.8100,54.4000,0.000632
FILLER_15_603,VGND,li1,284.7400,54.4000,0.000624
FILLER_15_593,VGND,li1,278.9900,54.4000,0.000606
FILLER_15_581,VGND,li1,275.5400,54.4000,0.000589
FILLER_15_569,VGND,li1,270.0200,54.4000,0.000570
FILLER_15_558,VGND,li1,262.6600,54.4000,0.000543
FILLER_15_551,VGND,li1,259.2100,54.4000,0.000526
FILLER_15_543,VGND,li1,255.9900,54.4000,0.000518
FILLER_15_535,VGND,li1,253.4600,54.4000,0.000504
FILLER_15_525,VGND,li1,247.9400,54.4000,0.000484
FILLER_15_514,VGND,li1,242.8800,54.4000,0.000463
FILLER_15_505,VGND,li1,238.2800,54.4000,0.000436
FILLER_15_498,VGND,li1,235.9800,54.4000,0.000425
FILLER_15_486,VGND,li1,231.8400,54.4000,0.000409
FILLER_15_473,VGND,li1,223.7900,54.4000,0.000371
FILLER_15_461,VGND,li1,220.3400,54.4000,0.000349
FILLER_15_449,VGND,li1,214.8200,54.4000,0.000320
FILLER_15_444,VGND,li1,210.6800,54.4000,0.000296
FILLER_15_424,VGND,li1,202.4000,54.4000,0.000244
FILLER_15_412,VGND,li1,197.8000,54.4000,0.000213
FILLER_15_400,VGND,li1,192.2800,54.4000,0.000185
FILLER_15_382,VGND,li1,182.1600,54.4000,0.000120
FILLER_15_370,VGND,li1,178.4800,54.4000,0.000092
FILLER_15_358,VGND,li1,172.9600,54.4000,0.000108
FILLER_15_346,VGND,li1,167.4400,54.4000,0.000117
FILLER_15_337,VGND,li1,160.7700,54.4000,0.000134
FILLER_15_334,VGND,li1,159.6200,54.4000,0.000139
FILLER_15_326,VGND,li1,156.4000,54.4000,0.000143
FILLER_15_312,VGND,li1,149.2700,54.4000,0.000157
FILLER_15_304,VGND,li1,147.2000,54.4000,0.000162
FILLER_15_290,VGND,li1,140.7600,54.4000,0.000170
FILLER_15_279,VGND,li1,134.0900,54.4000,0.000176
FILLER_15_267,VGND,li1,131.1000,54.4000,0.000179
FILLER_15_255,VGND,li1,123.0500,54.4000,0.000184
FILLER_15_243,VGND,li1,120.0600,54.4000,0.000185
FILLER_15_235,VGND,li1,113.8500,54.4000,0.000185
FILLER_15_229,VGND,li1,112.2400,54.4000,0.000185
FILLER_15_223,VGND,li1,108.3300,54.4000,0.000184
FILLER_15_217,VGND,li1,106.7200,54.4000,0.000184
FILLER_15_207,VGND,li1,101.4300,54.4000,0.000182
FILLER_15_199,VGND,li1,98.9000,54.4000,0.000180
FILLER_15_187,VGND,li1,94.3000,54.4000,0.000178
FILLER_15_175,VGND,li1,88.7800,54.4000,0.000175
FILLER_15_136,VGND,li1,68.5400,54.4000,0.000159
FILLER_15_125,VGND,li1,64.8600,54.4000,0.000155
FILLER_15_113,VGND,li1,60.2600,54.4000,0.000144
FILLER_15_110,VGND,li1,56.5800,54.4000,0.000139
FILLER_15_102,VGND,li1,52.6700,54.4000,0.000127
FILLER_15_96,VGND,li1,51.0600,54.4000,0.000121
FILLER_15_84,VGND,li1,46.9200,54.4000,0.000112
FILLER_15_75,VGND,li1,41.4000,54.4000,0.000094
FILLER_15_65,VGND,li1,36.1100,54.4000,0.000076
FILLER_15_57,VGND,li1,33.5800,54.4000,0.000067
FILLER_15_55,VGND,li1,31.0500,54.4000,0.000060
FILLER_15_49,VGND,li1,29.4400,54.4000,0.000053
FILLER_15_21,VGND,li1,17.9400,54.4000,0.000042
FILLER_15_13,VGND,li1,11.9600,54.4000,0.000043
FILLER_15_9,VGND,li1,9.8900,54.4000,0.000044
FILLER_15_3,VGND,li1,8.2800,54.4000,0.000044
FILLER_14_803,VGND,li1,376.7400,48.9600,0.000437
FILLER_14_791,VGND,li1,372.1400,48.9600,0.000437
FILLER_14_765,VGND,li1,358.1100,48.9600,0.000421
FILLER_14_757,VGND,li1,355.5800,48.9600,0.000410
FILLER_14_754,VGND,li1,352.8200,48.9600,0.000398
FILLER_14_746,VGND,li1,350.5200,48.9600,0.000388
FILLER_14_734,VGND,li1,345.9200,48.9600,0.000367
FILLER_14_728,VGND,li1,341.0900,48.9600,0.000346
FILLER_14_720,VGND,li1,338.5600,48.9600,0.000337
FILLER_14_708,VGND,li1,333.9600,48.9600,0.000308
FILLER_14_698,VGND,li1,327.0600,48.9600,0.000446
FILLER_14_669,VGND,li1,316.0200,48.9600,0.000537
FILLER_14_657,VGND,li1,310.5000,48.9600,0.000566
FILLER_14_645,VGND,li1,304.9800,48.9600,0.000596
FILLER_14_632,VGND,li1,299.0000,48.9600,0.000622
FILLER_14_620,VGND,li1,293.4800,48.9600,0.000642
FILLER_14_608,VGND,li1,287.9600,48.9600,0.000666
FILLER_14_589,VGND,li1,279.2200,48.9600,0.000701
FILLER_14_580,VGND,li1,274.1600,48.9600,0.000715
FILLER_14_568,VGND,li1,269.5600,48.9600,0.000729
FILLER_14_556,VGND,li1,264.0400,48.9600,0.000747
FILLER_14_546,VGND,li1,257.1400,48.9600,0.000767
FILLER_14_533,VGND,li1,252.0800,48.9600,0.000778
FILLER_14_529,VGND,li1,249.5500,48.9600,0.000785
FILLER_14_521,VGND,li1,247.0200,48.9600,0.000792
FILLER_14_512,VGND,li1,241.2700,48.9600,0.000809
FILLER_14_499,VGND,li1,235.2900,48.9600,0.000817
FILLER_14_495,VGND,li1,234.1400,48.9600,0.000817
FILLER_14_483,VGND,li1,230.4600,48.9600,0.000822
FILLER_14_477,VGND,li1,225.1700,48.9600,0.000829
FILLER_14_465,VGND,li1,220.1100,48.9600,0.000834
FILLER_14_454,VGND,li1,214.5900,48.9600,0.000837
FILLER_14_446,VGND,li1,212.5200,48.9600,0.000838
FILLER_14_438,VGND,li1,207.2300,48.9600,0.000840
FILLER_14_428,VGND,li1,202.6300,48.9600,0.000840
FILLER_14_417,VGND,li1,198.0300,48.9600,0.000840
FILLER_14_395,VGND,li1,187.9100,48.9600,0.000838
FILLER_14_383,VGND,li1,184.4600,48.9600,0.000838
FILLER_14_369,VGND,li1,175.4900,48.9600,0.001171
FILLER_14_365,VGND,li1,174.3400,48.9600,0.001171
FILLER_14_362,VGND,li1,172.5000,48.9600,0.001315
FILLER_14_354,VGND,li1,170.2000,48.9600,0.001495
FILLER_14_345,VGND,li1,165.6000,48.9600,0.001807
FILLER_14_333,VGND,li1,161.4600,48.9600,0.001907
FILLER_14_321,VGND,li1,155.9400,48.9600,0.001934
FILLER_14_309,VGND,li1,150.4200,48.9600,0.001955
FILLER_14_304,VGND,li1,146.2800,48.9600,0.001963
FILLER_14_293,VGND,li1,141.2200,48.9600,0.001958
FILLER_14_277,VGND,li1,133.4000,48.9600,0.001896
FILLER_14_265,VGND,li1,130.1800,48.9600,0.001874
FILLER_14_253,VGND,li1,124.6600,48.9600,0.001818
FILLER_14_249,VGND,li1,120.7500,48.9600,0.001792
FILLER_14_240,VGND,li1,116.3800,48.9600,0.001752
FILLER_14_228,VGND,li1,113.1600,48.9600,0.001720
FILLER_14_216,VGND,li1,107.6400,48.9600,0.001613
FILLER_14_204,VGND,li1,102.1200,48.9600,0.001528
FILLER_14_194,VGND,li1,95.2200,48.9600,0.001424
FILLER_14_154,VGND,li1,78.2000,48.9600,0.001153
FILLER_14_141,VGND,li1,71.7600,48.9600,0.001014
FILLER_14_132,VGND,li1,66.4700,48.9600,0.000922
FILLER_14_126,VGND,li1,64.8600,48.9600,0.000922
FILLER_14_122,VGND,li1,61.8700,48.9600,0.000849
FILLER_14_118,VGND,li1,60.7200,48.9600,0.000849
FILLER_14_106,VGND,li1,57.0400,48.9600,0.000760
FILLER_14_97,VGND,li1,50.3700,48.9600,0.000666
FILLER_14_85,VGND,li1,47.3800,48.9600,0.000613
FILLER_14_82,VGND,li1,43.7000,48.9600,0.000542
FILLER_14_74,VGND,li1,41.4000,48.9600,0.000505
FILLER_14_70,VGND,li1,37.9500,48.9600,0.000416
FILLER_14_57,VGND,li1,31.9700,48.9600,0.000311
FILLER_14_53,VGND,li1,30.8200,48.9600,0.000311
FILLER_14_33,VGND,li1,20.9300,48.9600,0.000187
FILLER_14_29,VGND,li1,19.7800,48.9600,0.000187
FILLER_14_27,VGND,li1,18.1700,48.9600,0.000187
FILLER_14_15,VGND,li1,15.1800,48.9600,0.000187
FILLER_14_3,VGND,li1,9.6600,48.9600,0.000187
FILLER_13_809,VGND,li1,378.1200,48.9600,0.000437
FILLER_13_797,VGND,li1,374.9000,48.9600,0.000437
FILLER_13_785,VGND,li1,369.3800,48.9600,0.000437
FILLER_13_781,VGND,li1,365.4700,48.9600,0.000437
FILLER_13_769,VGND,li1,362.0200,48.9600,0.000437
FILLER_13_757,VGND,li1,356.5000,48.9600,0.000410
FILLER_13_745,VGND,li1,350.9800,48.9600,0.000388
FILLER_13_733,VGND,li1,345.4600,48.9600,0.000367
FILLER_13_709,VGND,li1,334.4200,48.9600,0.000318
FILLER_13_697,VGND,li1,328.9000,48.9600,0.000411
FILLER_13_685,VGND,li1,323.3800,48.9600,0.000478
FILLER_13_673,VGND,li1,317.8600,48.9600,0.000527
FILLER_13_670,VGND,li1,314.1800,48.9600,0.000546
FILLER_13_662,VGND,li1,310.2700,48.9600,0.000574
FILLER_13_656,VGND,li1,308.6600,48.9600,0.000574
FILLER_13_625,VGND,li1,293.2500,48.9600,0.000642
FILLER_13_617,VGND,li1,291.1800,48.9600,0.000650
FILLER_13_608,VGND,li1,287.0400,48.9600,0.000666
FILLER_13_596,VGND,li1,282.4400,48.9600,0.000685
FILLER_13_567,VGND,li1,266.5700,48.9600,0.000738
FILLER_13_561,VGND,li1,264.9600,48.9600,0.000747
FILLER_13_548,VGND,li1,260.3600,48.9600,0.000755
FILLER_13_539,VGND,li1,254.1500,48.9600,0.000773
FILLER_13_527,VGND,li1,250.7000,48.9600,0.000785
FILLER_13_515,VGND,li1,245.1800,48.9600,0.000797
FILLER_13_505,VGND,li1,238.2800,48.9600,0.000813
FILLER_13_503,VGND,li1,237.1300,48.9600,0.000813
FILLER_13_490,VGND,li1,232.3000,48.9600,0.000820
FILLER_13_478,VGND,li1,228.1600,48.9600,0.000827
FILLER_13_466,VGND,li1,222.6400,48.9600,0.000831
FILLER_13_457,VGND,li1,216.2000,48.9600,0.000836
FILLER_13_449,VGND,li1,213.9000,48.9600,0.000837
FILLER_13_447,VGND,li1,211.3700,48.9600,0.000839
FILLER_13_418,VGND,li1,200.5600,48.9600,0.000840
FILLER_13_402,VGND,li1,190.9000,48.9600,0.000839
FILLER_13_389,VGND,li1,185.1500,48.9600,0.000838
FILLER_13_381,VGND,li1,182.6200,48.9600,0.000837
FILLER_13_358,VGND,li1,170.8900,48.9600,0.001495
FILLER_13_334,VGND,li1,159.6200,48.9600,0.001916
FILLER_13_322,VGND,li1,156.4000,48.9600,0.001934
FILLER_13_313,VGND,li1,150.4200,48.9600,0.001955
FILLER_13_301,VGND,li1,146.7400,48.9600,0.001963
FILLER_13_281,VGND,li1,137.5400,48.9600,0.001932
FILLER_13_274,VGND,li1,132.9400,48.9600,0.001896
FILLER_13_267,VGND,li1,128.5700,48.9600,0.001850
FILLER_13_263,VGND,li1,127.4200,48.9600,0.001850
FILLER_13_251,VGND,li1,123.7400,48.9600,0.001818
FILLER_13_243,VGND,li1,117.5300,48.9600,0.001752
FILLER_13_225,VGND,li1,110.4000,48.9600,0.001679
FILLER_13_221,VGND,li1,107.8700,48.9600,0.001641
FILLER_13_202,VGND,li1,98.6700,48.9600,0.001484
FILLER_13_196,VGND,li1,97.0600,48.9600,0.001454
FILLER_13_186,VGND,li1,92.0000,48.9600,0.001385
FILLER_13_174,VGND,li1,88.3200,48.9600,0.001327
FILLER_13_164,VGND,li1,81.8800,48.9600,0.001213
FILLER_13_152,VGND,li1,78.2000,48.9600,0.001153
FILLER_13_140,VGND,li1,72.6800,48.9600,0.001058
FILLER_13_134,VGND,li1,67.3900,48.9600,0.000966
FILLER_13_119,VGND,li1,60.4900,48.9600,0.000817
FILLER_13_113,VGND,li1,58.8800,48.9600,0.000817
FILLER_13_111,VGND,li1,56.8100,48.9600,0.000760
FILLER_13_107,VGND,li1,55.6600,48.9600,0.000760
FILLER_13_95,VGND,li1,51.9800,48.9600,0.000666
FILLER_13_78,VGND,li1,41.8600,48.9600,0.000505
FILLER_13_66,VGND,li1,38.6400,48.9600,0.000454
FILLER_13_55,VGND,li1,31.0500,48.9600,0.000311
FILLER_13_47,VGND,li1,28.9800,48.9600,0.000264
FILLER_13_31,VGND,li1,20.0100,48.9600,0.000187
FILLER_13_27,VGND,li1,18.8600,48.9600,0.000187
FILLER_13_15,VGND,li1,15.1800,48.9600,0.000187
FILLER_13_3,VGND,li1,9.6600,48.9600,0.000187
FILLER_12_805,VGND,li1,376.2800,43.5200,0.000176
FILLER_12_793,VGND,li1,373.0600,43.5200,0.000174
FILLER_12_781,VGND,li1,367.5400,43.5200,0.000167
FILLER_12_769,VGND,li1,362.0200,43.5200,0.000163
FILLER_12_757,VGND,li1,356.5000,43.5200,0.000157
FILLER_12_755,VGND,li1,353.0500,43.5200,0.000152
FILLER_12_749,VGND,li1,351.4400,43.5200,0.000152
FILLER_12_737,VGND,li1,347.3000,43.5200,0.000148
FILLER_12_725,VGND,li1,341.7800,43.5200,0.000143
FILLER_12_713,VGND,li1,336.2600,43.5200,0.000137
FILLER_12_701,VGND,li1,330.7400,43.5200,0.000132
FILLER_12_698,VGND,li1,327.0600,43.5200,0.000176
FILLER_12_690,VGND,li1,324.7600,43.5200,0.000204
FILLER_12_668,VGND,li1,313.0300,43.5200,0.000346
FILLER_12_664,VGND,li1,311.8800,43.5200,0.000346
FILLER_12_645,VGND,li1,303.1400,43.5200,0.000433
FILLER_12_636,VGND,li1,299.9200,43.5200,0.000449
FILLER_12_630,VGND,li1,295.7800,43.5200,0.000494
FILLER_12_618,VGND,li1,292.5600,43.5200,0.000512
FILLER_12_597,VGND,li1,280.6000,43.5200,0.000559
FILLER_12_589,VGND,li1,278.3000,43.5200,0.000566
FILLER_12_582,VGND,li1,274.6200,43.5200,0.000580
FILLER_12_578,VGND,li1,271.6300,43.5200,0.000590
FILLER_12_570,VGND,li1,269.5600,43.5200,0.000597
FILLER_12_566,VGND,li1,266.1100,43.5200,0.000614
FILLER_12_560,VGND,li1,264.5000,43.5200,0.000614
FILLER_12_552,VGND,li1,259.9000,43.5200,0.000629
FILLER_12_544,VGND,li1,257.6000,43.5200,0.000636
FILLER_12_533,VGND,li1,251.6200,43.5200,0.000656
FILLER_12_530,VGND,li1,249.7800,43.5200,0.000662
FILLER_12_524,VGND,li1,246.7900,43.5200,0.000669
FILLER_12_512,VGND,li1,243.8000,43.5200,0.000681
FILLER_12_500,VGND,li1,238.2800,43.5200,0.000696
FILLER_12_489,VGND,li1,231.1500,43.5200,0.000709
FILLER_12_468,VGND,li1,222.6400,43.5200,0.000726
FILLER_12_458,VGND,li1,217.1200,43.5200,0.000736
FILLER_12_443,VGND,li1,211.1400,43.5200,0.000741
FILLER_12_434,VGND,li1,205.6200,43.5200,0.000750
FILLER_12_408,VGND,li1,195.9600,43.5200,0.000757
FILLER_12_402,VGND,li1,191.1300,43.5200,0.000761
FILLER_12_394,VGND,li1,188.6000,43.5200,0.000763
FILLER_12_382,VGND,li1,184.0000,43.5200,0.000766
FILLER_12_370,VGND,li1,178.4800,43.5200,0.000770
FILLER_12_365,VGND,li1,173.8800,43.5200,0.001253
FILLER_12_361,VGND,li1,172.2700,43.5200,0.001253
FILLER_12_353,VGND,li1,169.7400,43.5200,0.001439
FILLER_12_345,VGND,li1,164.4500,43.5200,0.001889
FILLER_12_336,VGND,li1,161.0000,43.5200,0.002067
FILLER_12_313,VGND,li1,149.7300,43.5200,0.002446
FILLER_12_309,VGND,li1,148.5800,43.5200,0.002459
FILLER_12_300,VGND,li1,143.7500,43.5200,0.002462
FILLER_12_292,VGND,li1,141.6800,43.5200,0.002449
FILLER_12_280,VGND,li1,137.0800,43.5200,0.002388
FILLER_12_264,VGND,li1,127.1900,43.5200,0.002238
FILLER_12_260,VGND,li1,126.0400,43.5200,0.002238
FILLER_12_240,VGND,li1,118.6800,43.5200,0.002137
FILLER_12_228,VGND,li1,113.1600,43.5200,0.002055
FILLER_12_220,VGND,li1,106.9500,43.5200,0.001955
FILLER_12_209,VGND,li1,102.5800,43.5200,0.001854
FILLER_12_197,VGND,li1,98.9000,43.5200,0.001803
FILLER_12_184,VGND,li1,92.9200,43.5200,0.001684
FILLER_12_172,VGND,li1,87.4000,43.5200,0.001551
FILLER_12_160,VGND,li1,81.8800,43.5200,0.001431
FILLER_12_141,VGND,li1,71.3000,43.5200,0.001220
FILLER_12_139,VGND,li1,69.6900,43.5200,0.001182
FILLER_12_133,VGND,li1,68.0800,43.5200,0.001182
FILLER_12_123,VGND,li1,62.3300,43.5200,0.001044
FILLER_12_102,VGND,li1,54.2800,43.5200,0.000895
FILLER_12_76,VGND,li1,40.9400,43.5200,0.000567
FILLER_12_64,VGND,li1,37.7200,43.5200,0.000525
FILLER_12_52,VGND,li1,32.2000,43.5200,0.000381
FILLER_12_40,VGND,li1,26.6800,43.5200,0.000233
FILLER_12_27,VGND,li1,18.1700,43.5200,0.000234
FILLER_12_15,VGND,li1,15.1800,43.5200,0.000234
FILLER_12_3,VGND,li1,9.6600,43.5200,0.000234
FILLER_11_809,VGND,li1,378.1200,43.5200,0.000179
FILLER_11_797,VGND,li1,374.9000,43.5200,0.000176
FILLER_11_785,VGND,li1,369.3800,43.5200,0.000170
FILLER_11_783,VGND,li1,365.9300,43.5200,0.000165
FILLER_11_777,VGND,li1,364.3200,43.5200,0.000165
FILLER_11_765,VGND,li1,360.1800,43.5200,0.000161
FILLER_11_753,VGND,li1,354.6600,43.5200,0.000154
FILLER_11_741,VGND,li1,349.1400,43.5200,0.000150
FILLER_11_729,VGND,li1,343.6200,43.5200,0.000145
FILLER_11_726,VGND,li1,339.9400,43.5200,0.000141
FILLER_11_714,VGND,li1,336.7200,43.5200,0.000137
FILLER_11_702,VGND,li1,331.2000,43.5200,0.000132
FILLER_11_690,VGND,li1,325.6800,43.5200,0.000204
FILLER_11_681,VGND,li1,319.2400,43.5200,0.000269
FILLER_11_673,VGND,li1,316.9400,43.5200,0.000294
FILLER_11_664,VGND,li1,312.8000,43.5200,0.000346
FILLER_11_649,VGND,li1,304.2900,43.5200,0.000414
FILLER_11_643,VGND,li1,302.6800,43.5200,0.000433
FILLER_11_631,VGND,li1,298.5400,43.5200,0.000471
FILLER_11_615,VGND,li1,288.6500,43.5200,0.000524
FILLER_11_603,VGND,li1,285.6600,43.5200,0.000537
FILLER_11_591,VGND,li1,280.1400,43.5200,0.000559
FILLER_11_575,VGND,li1,272.7800,43.5200,0.000590
FILLER_11_559,VGND,li1,262.8900,43.5200,0.000623
FILLER_11_555,VGND,li1,261.7400,43.5200,0.000623
FILLER_11_546,VGND,li1,256.9100,43.5200,0.000644
FILLER_11_540,VGND,li1,255.3000,43.5200,0.000644
FILLER_11_522,VGND,li1,246.1000,43.5200,0.000675
FILLER_11_511,VGND,li1,240.8100,43.5200,0.000689
FILLER_11_505,VGND,li1,239.2000,43.5200,0.000689
FILLER_11_501,VGND,li1,236.6700,43.5200,0.000696
FILLER_11_484,VGND,li1,228.3900,43.5200,0.000717
FILLER_11_480,VGND,li1,227.2400,43.5200,0.000717
FILLER_11_462,VGND,li1,219.8800,43.5200,0.000730
FILLER_11_453,VGND,li1,214.1300,43.5200,0.000739
FILLER_11_449,VGND,li1,212.9800,43.5200,0.000739
FILLER_11_446,VGND,li1,211.1400,43.5200,0.000741
FILLER_11_438,VGND,li1,208.8400,43.5200,0.000744
FILLER_11_426,VGND,li1,204.2400,43.5200,0.000750
FILLER_11_421,VGND,li1,199.4100,43.5200,0.000755
FILLER_11_413,VGND,li1,197.3400,43.5200,0.000757
FILLER_11_405,VGND,li1,192.2800,43.5200,0.000761
FILLER_11_393,VGND,li1,189.0600,43.5200,0.000763
FILLER_11_391,VGND,li1,185.6100,43.5200,0.000766
FILLER_11_387,VGND,li1,184.4600,43.5200,0.000766
FILLER_11_375,VGND,li1,180.7800,43.5200,0.000769
FILLER_11_349,VGND,li1,167.4400,43.5200,0.001692
FILLER_11_337,VGND,li1,163.3000,43.5200,0.001889
FILLER_11_335,VGND,li1,159.8500,43.5200,0.002067
FILLER_11_323,VGND,li1,156.8600,43.5200,0.002232
FILLER_11_315,VGND,li1,150.6500,43.5200,0.002446
FILLER_11_309,VGND,li1,149.0400,43.5200,0.002459
FILLER_11_289,VGND,li1,139.1500,43.5200,0.002420
FILLER_11_281,VGND,li1,136.6200,43.5200,0.002388
FILLER_11_265,VGND,li1,127.8800,43.5200,0.002271
FILLER_11_257,VGND,li1,125.5800,43.5200,0.002238
FILLER_11_245,VGND,li1,120.9800,43.5200,0.002171
FILLER_11_233,VGND,li1,115.4600,43.5200,0.002089
FILLER_11_218,VGND,li1,107.1800,43.5200,0.001955
FILLER_11_201,VGND,li1,98.9000,43.5200,0.001803
FILLER_11_189,VGND,li1,95.2200,43.5200,0.001730
FILLER_11_177,VGND,li1,89.7000,43.5200,0.001620
FILLER_11_166,VGND,li1,82.3400,43.5200,0.001472
FILLER_11_162,VGND,li1,80.2700,43.5200,0.001431
FILLER_11_150,VGND,li1,77.2800,43.5200,0.001370
FILLER_11_137,VGND,li1,69.9200,43.5200,0.001220
FILLER_11_125,VGND,li1,65.7800,43.5200,0.001129
FILLER_11_113,VGND,li1,60.2600,43.5200,0.001006
FILLER_11_100,VGND,li1,54.2800,43.5200,0.000895
FILLER_11_84,VGND,li1,45.5400,43.5200,0.000699
FILLER_11_68,VGND,li1,39.5600,43.5200,0.000567
FILLER_11_51,VGND,li1,29.4400,43.5200,0.000333
FILLER_11_39,VGND,li1,26.2200,43.5200,0.000233
FILLER_11_27,VGND,li1,20.7000,43.5200,0.000234
FILLER_11_15,VGND,li1,15.1800,43.5200,0.000234
FILLER_11_3,VGND,li1,9.6600,43.5200,0.000234
FILLER_10_805,VGND,li1,377.2000,38.0800,0.000230
FILLER_10_793,VGND,li1,373.0600,38.0800,0.000230
FILLER_10_781,VGND,li1,367.5400,38.0800,0.000230
FILLER_10_769,VGND,li1,362.0200,38.0800,0.000230
FILLER_10_757,VGND,li1,356.5000,38.0800,0.000230
FILLER_10_755,VGND,li1,353.0500,38.0800,0.000230
FILLER_10_749,VGND,li1,351.4400,38.0800,0.000230
FILLER_10_737,VGND,li1,347.3000,38.0800,0.000230
FILLER_10_725,VGND,li1,341.7800,38.0800,0.000230
FILLER_10_713,VGND,li1,336.2600,38.0800,0.000230
FILLER_10_701,VGND,li1,330.7400,38.0800,0.000230
FILLER_10_694,VGND,li1,326.1400,38.0800,0.000336
FILLER_10_682,VGND,li1,322.0000,38.0800,0.000438
FILLER_10_670,VGND,li1,316.4800,38.0800,0.000520
FILLER_10_653,VGND,li1,306.1300,38.0800,0.000603
FILLER_10_645,VGND,li1,304.0600,38.0800,0.000612
FILLER_10_643,VGND,li1,301.5300,38.0800,0.000624
FILLER_10_637,VGND,li1,299.9200,38.0800,0.000637
FILLER_10_625,VGND,li1,295.7800,38.0800,0.000655
FILLER_10_608,VGND,li1,285.4300,38.0800,0.000670
FILLER_10_596,VGND,li1,282.4400,38.0800,0.000670
FILLER_10_586,VGND,li1,275.5400,38.0800,0.000668
FILLER_10_576,VGND,li1,271.1700,38.0800,0.000664
FILLER_10_568,VGND,li1,268.6400,38.0800,0.000660
FILLER_10_555,VGND,li1,262.6600,38.0800,0.000649
FILLER_10_533,VGND,li1,251.1600,38.0800,0.000623
FILLER_10_530,VGND,li1,249.7800,38.0800,0.000623
FILLER_10_520,VGND,li1,244.9500,38.0800,0.000612
FILLER_10_514,VGND,li1,242.4200,38.0800,0.000605
FILLER_10_506,VGND,li1,240.1200,38.0800,0.000598
FILLER_10_490,VGND,li1,231.6100,38.0800,0.000571
FILLER_10_482,VGND,li1,229.0800,38.0800,0.000561
FILLER_10_477,VGND,li1,225.4000,38.0800,0.000542
FILLER_10_468,VGND,li1,222.6400,38.0800,0.000533
FILLER_10_453,VGND,li1,214.5900,38.0800,0.000495
FILLER_10_441,VGND,li1,211.1400,38.0800,0.000470
FILLER_10_424,VGND,li1,201.0200,38.0800,0.000424
FILLER_10_416,VGND,li1,197.1100,38.0800,0.000404
FILLER_10_401,VGND,li1,191.8200,38.0800,0.000374
FILLER_10_389,VGND,li1,187.2200,38.0800,0.000342
FILLER_10_377,VGND,li1,181.7000,38.0800,0.000317
FILLER_10_365,VGND,li1,176.1800,38.0800,0.000362
FILLER_10_352,VGND,li1,170.2000,38.0800,0.000542
FILLER_10_340,VGND,li1,164.6800,38.0800,0.000676
FILLER_10_328,VGND,li1,159.1600,38.0800,0.000777
FILLER_10_316,VGND,li1,153.6400,38.0800,0.000945
FILLER_10_300,VGND,li1,145.3600,38.0800,0.001074
FILLER_10_288,VGND,li1,140.7600,38.0800,0.001144
FILLER_10_274,VGND,li1,131.7900,38.0800,0.001175
FILLER_10_267,VGND,li1,128.8000,38.0800,0.001178
FILLER_10_251,VGND,li1,121.2100,38.0800,0.001160
FILLER_10_245,VGND,li1,119.6000,38.0800,0.001160
FILLER_10_241,VGND,li1,116.6100,38.0800,0.001145
FILLER_10_237,VGND,li1,115.4600,38.0800,0.001145
FILLER_10_225,VGND,li1,111.7800,38.0800,0.001112
FILLER_10_213,VGND,li1,106.2600,38.0800,0.001075
FILLER_10_201,VGND,li1,100.7400,38.0800,0.001042
FILLER_10_195,VGND,li1,95.4500,38.0800,0.001004
FILLER_10_179,VGND,li1,88.3200,38.0800,0.000935
FILLER_10_170,VGND,li1,84.1800,38.0800,0.000889
FILLER_10_156,VGND,li1,78.6600,38.0800,0.000822
FILLER_10_141,VGND,li1,70.6100,38.0800,0.000737
FILLER_10_134,VGND,li1,68.5400,38.0800,0.000711
FILLER_10_122,VGND,li1,64.4000,38.0800,0.000670
FILLER_10_107,VGND,li1,54.9700,38.0800,0.000535
FILLER_10_101,VGND,li1,52.2100,38.0800,0.000503
FILLER_10_97,VGND,li1,51.0600,38.0800,0.000503
FILLER_10_85,VGND,li1,47.3800,38.0800,0.000447
FILLER_10_82,VGND,li1,43.7000,38.0800,0.000408
FILLER_10_70,VGND,li1,40.4800,38.0800,0.000346
FILLER_10_46,VGND,li1,28.5200,38.0800,0.000204
FILLER_10_29,VGND,li1,19.3200,38.0800,0.000141
FILLER_10_27,VGND,li1,18.1700,38.0800,0.000141
FILLER_10_15,VGND,li1,15.1800,38.0800,0.000141
FILLER_10_3,VGND,li1,9.6600,38.0800,0.000141
FILLER_9_809,VGND,li1,378.1200,38.0800,0.000230
FILLER_9_797,VGND,li1,374.9000,38.0800,0.000230
FILLER_9_785,VGND,li1,369.3800,38.0800,0.000230
FILLER_9_783,VGND,li1,365.9300,38.0800,0.000230
FILLER_9_777,VGND,li1,364.3200,38.0800,0.000230
FILLER_9_765,VGND,li1,360.1800,38.0800,0.000230
FILLER_9_753,VGND,li1,354.6600,38.0800,0.000230
FILLER_9_741,VGND,li1,349.1400,38.0800,0.000230
FILLER_9_729,VGND,li1,343.6200,38.0800,0.000230
FILLER_9_720,VGND,li1,338.5600,38.0800,0.000230
FILLER_9_708,VGND,li1,333.9600,38.0800,0.000230
FILLER_9_696,VGND,li1,328.4400,38.0800,0.000283
FILLER_9_681,VGND,li1,319.0100,38.0800,0.000463
FILLER_9_673,VGND,li1,316.9400,38.0800,0.000492
FILLER_9_651,VGND,li1,305.6700,38.0800,0.000612
FILLER_9_643,VGND,li1,303.1400,38.0800,0.000624
FILLER_9_631,VGND,li1,298.5400,38.0800,0.000637
FILLER_9_617,VGND,li1,290.0300,38.0800,0.000668
FILLER_9_613,VGND,li1,288.1900,38.0800,0.000670
FILLER_9_601,VGND,li1,284.7400,38.0800,0.000670
FILLER_9_589,VGND,li1,279.2200,38.0800,0.000670
FILLER_9_561,VGND,li1,263.8100,38.0800,0.000649
FILLER_9_557,VGND,li1,262.4300,38.0800,0.000649
FILLER_9_549,VGND,li1,259.9000,38.0800,0.000644
FILLER_9_541,VGND,li1,254.6100,38.0800,0.000631
FILLER_9_537,VGND,li1,253.4600,38.0800,0.000631
FILLER_9_530,VGND,li1,250.0100,38.0800,0.000623
FILLER_9_519,VGND,li1,245.1800,38.0800,0.000612
FILLER_9_513,VGND,li1,242.1900,38.0800,0.000605
FILLER_9_505,VGND,li1,239.6600,38.0800,0.000598
FILLER_9_503,VGND,li1,237.1300,38.0800,0.000589
FILLER_9_493,VGND,li1,232.7600,38.0800,0.000571
FILLER_9_485,VGND,li1,230.4600,38.0800,0.000561
FILLER_9_472,VGND,li1,223.3300,38.0800,0.000533
FILLER_9_464,VGND,li1,220.8000,38.0800,0.000519
FILLER_9_452,VGND,li1,216.2000,38.0800,0.000495
FILLER_9_447,VGND,li1,211.3700,38.0800,0.000479
FILLER_9_434,VGND,li1,206.5400,38.0800,0.000451
FILLER_9_429,VGND,li1,203.3200,38.0800,0.000436
FILLER_9_417,VGND,li1,198.7200,38.0800,0.000404
FILLER_9_405,VGND,li1,194.5800,38.0800,0.000390
FILLER_9_393,VGND,li1,189.0600,38.0800,0.000358
FILLER_9_391,VGND,li1,185.6100,38.0800,0.000330
FILLER_9_385,VGND,li1,184.0000,38.0800,0.000330
FILLER_9_373,VGND,li1,179.8600,38.0800,0.000300
FILLER_9_361,VGND,li1,174.3400,38.0800,0.000435
FILLER_9_349,VGND,li1,168.8200,38.0800,0.000542
FILLER_9_337,VGND,li1,163.3000,38.0800,0.000676
FILLER_9_333,VGND,li1,159.3900,38.0800,0.000777
FILLER_9_325,VGND,li1,156.8600,38.0800,0.000833
FILLER_9_313,VGND,li1,152.2600,38.0800,0.000945
FILLER_9_301,VGND,li1,146.7400,38.0800,0.001074
FILLER_9_281,VGND,li1,136.1600,38.0800,0.001167
FILLER_9_274,VGND,li1,132.9400,38.0800,0.001175
FILLER_9_255,VGND,li1,125.5800,38.0800,0.001175
FILLER_9_243,VGND,li1,120.0600,38.0800,0.001160
FILLER_9_225,VGND,li1,110.4000,38.0800,0.001112
FILLER_9_221,VGND,li1,107.8700,38.0800,0.001093
FILLER_9_213,VGND,li1,105.3400,38.0800,0.001075
FILLER_9_201,VGND,li1,100.7400,38.0800,0.001042
FILLER_9_191,VGND,li1,94.0700,38.0800,0.000987
FILLER_9_184,VGND,li1,90.3900,38.0800,0.000956
FILLER_9_172,VGND,li1,87.4000,38.0800,0.000914
FILLER_9_167,VGND,li1,82.5700,38.0800,0.000862
FILLER_9_163,VGND,li1,81.4200,38.0800,0.000862
FILLER_9_151,VGND,li1,77.7400,38.0800,0.000822
FILLER_9_139,VGND,li1,72.2200,38.0800,0.000761
FILLER_9_113,VGND,li1,60.2600,38.0800,0.000616
FILLER_9_111,VGND,li1,56.8100,38.0800,0.000564
FILLER_9_107,VGND,li1,54.9700,38.0800,0.000535
FILLER_9_103,VGND,li1,53.8200,38.0800,0.000535
FILLER_9_88,VGND,li1,46.6900,38.0800,0.000447
FILLER_9_80,VGND,li1,44.1600,38.0800,0.000408
FILLER_9_72,VGND,li1,38.8700,38.0800,0.000346
FILLER_9_52,VGND,li1,30.3600,38.0800,0.000232
FILLER_9_39,VGND,li1,23.6900,38.0800,0.000141
FILLER_9_27,VGND,li1,20.7000,38.0800,0.000141
FILLER_9_15,VGND,li1,15.1800,38.0800,0.000141
FILLER_9_3,VGND,li1,9.6600,38.0800,0.000141
FILLER_8_805,VGND,li1,377.2000,32.6400,0.000075
FILLER_8_793,VGND,li1,373.0600,32.6400,0.000075
FILLER_8_781,VGND,li1,367.5400,32.6400,0.000075
FILLER_8_769,VGND,li1,362.0200,32.6400,0.000075
FILLER_8_757,VGND,li1,356.5000,32.6400,0.000075
FILLER_8_755,VGND,li1,353.0500,32.6400,0.000075
FILLER_8_749,VGND,li1,351.4400,32.6400,0.000075
FILLER_8_737,VGND,li1,347.3000,32.6400,0.000075
FILLER_8_725,VGND,li1,341.7800,32.6400,0.000075
FILLER_8_713,VGND,li1,336.2600,32.6400,0.000075
FILLER_8_701,VGND,li1,330.7400,32.6400,0.000075
FILLER_8_697,VGND,li1,326.8300,32.6400,0.000104
FILLER_8_685,VGND,li1,323.3800,32.6400,0.000130
FILLER_8_673,VGND,li1,317.8600,32.6400,0.000171
FILLER_8_661,VGND,li1,312.3400,32.6400,0.000213
FILLER_8_653,VGND,li1,306.3600,32.6400,0.000254
FILLER_8_645,VGND,li1,304.0600,32.6400,0.000267
FILLER_8_632,VGND,li1,299.0000,32.6400,0.000303
FILLER_8_620,VGND,li1,293.4800,32.6400,0.000334
FILLER_8_608,VGND,li1,287.9600,32.6400,0.000363
FILLER_8_589,VGND,li1,276.6900,32.6400,0.000399
FILLER_8_586,VGND,li1,275.5400,32.6400,0.000399
FILLER_8_574,VGND,li1,272.3200,32.6400,0.000402
FILLER_8_570,VGND,li1,267.9500,32.6400,0.000407
FILLER_8_562,VGND,li1,264.9600,32.6400,0.000408
FILLER_8_550,VGND,li1,261.2800,32.6400,0.000412
FILLER_8_541,VGND,li1,254.8400,32.6400,0.000408
FILLER_8_533,VGND,li1,252.5400,32.6400,0.000404
FILLER_8_528,VGND,li1,249.3200,32.6400,0.000398
FILLER_8_516,VGND,li1,245.6400,32.6400,0.000392
FILLER_8_504,VGND,li1,240.1200,32.6400,0.000374
FILLER_8_489,VGND,li1,230.6900,32.6400,0.000338
FILLER_8_477,VGND,li1,227.7000,32.6400,0.000330
FILLER_8_473,VGND,li1,223.7900,32.6400,0.000315
FILLER_8_461,VGND,li1,220.3400,32.6400,0.000302
FILLER_8_455,VGND,li1,215.2800,32.6400,0.000282
FILLER_8_447,VGND,li1,212.9800,32.6400,0.000272
FILLER_8_435,VGND,li1,208.3800,32.6400,0.000249
FILLER_8_421,VGND,li1,199.8700,32.6400,0.000209
FILLER_8_419,VGND,li1,198.4900,32.6400,0.000199
FILLER_8_413,VGND,li1,196.8800,32.6400,0.000199
FILLER_8_401,VGND,li1,192.7400,32.6400,0.000179
FILLER_8_389,VGND,li1,187.2200,32.6400,0.000148
FILLER_8_377,VGND,li1,181.7000,32.6400,0.000127
FILLER_8_365,VGND,li1,176.1800,32.6400,0.000129
FILLER_8_363,VGND,li1,172.7300,32.6400,0.000162
FILLER_8_357,VGND,li1,171.1200,32.6400,0.000162
FILLER_8_345,VGND,li1,166.9800,32.6400,0.000189
FILLER_8_333,VGND,li1,161.4600,32.6400,0.000232
FILLER_8_321,VGND,li1,155.9400,32.6400,0.000260
FILLER_8_309,VGND,li1,150.4200,32.6400,0.000296
FILLER_8_305,VGND,li1,146.5100,32.6400,0.000321
FILLER_8_293,VGND,li1,143.0600,32.6400,0.000344
FILLER_8_281,VGND,li1,137.5400,32.6400,0.000379
FILLER_8_273,VGND,li1,131.3300,32.6400,0.000412
FILLER_8_265,VGND,li1,129.2600,32.6400,0.000419
FILLER_8_253,VGND,li1,124.6600,32.6400,0.000428
FILLER_8_251,VGND,li1,121.2100,32.6400,0.000440
FILLER_8_245,VGND,li1,119.6000,32.6400,0.000440
FILLER_8_233,VGND,li1,115.4600,32.6400,0.000450
FILLER_8_221,VGND,li1,109.9400,32.6400,0.000466
FILLER_8_209,VGND,li1,104.4200,32.6400,0.000477
FILLER_8_197,VGND,li1,98.9000,32.6400,0.000490
FILLER_8_194,VGND,li1,95.2200,32.6400,0.000503
FILLER_8_188,VGND,li1,92.2300,32.6400,0.000508
FILLER_8_162,VGND,li1,81.4200,32.6400,0.000500
FILLER_8_137,VGND,li1,69.2300,32.6400,0.000441
FILLER_8_125,VGND,li1,65.7800,32.6400,0.000420
FILLER_8_113,VGND,li1,60.2600,32.6400,0.000386
FILLER_8_91,VGND,li1,47.6100,32.6400,0.000289
FILLER_8_85,VGND,li1,46.0000,32.6400,0.000262
FILLER_8_65,VGND,li1,35.8800,32.6400,0.000175
FILLER_8_53,VGND,li1,32.6600,32.6400,0.000159
FILLER_8_41,VGND,li1,27.1400,32.6400,0.000109
FILLER_8_29,VGND,li1,21.6200,32.6400,0.000091
FILLER_8_27,VGND,li1,18.1700,32.6400,0.000091
FILLER_8_15,VGND,li1,15.1800,32.6400,0.000091
FILLER_8_3,VGND,li1,9.6600,32.6400,0.000091
FILLER_7_809,VGND,li1,378.1200,32.6400,0.000075
FILLER_7_797,VGND,li1,374.9000,32.6400,0.000075
FILLER_7_785,VGND,li1,369.3800,32.6400,0.000075
FILLER_7_783,VGND,li1,365.9300,32.6400,0.000075
FILLER_7_777,VGND,li1,364.3200,32.6400,0.000075
FILLER_7_765,VGND,li1,360.1800,32.6400,0.000075
FILLER_7_753,VGND,li1,354.6600,32.6400,0.000075
FILLER_7_741,VGND,li1,349.1400,32.6400,0.000075
FILLER_7_729,VGND,li1,343.6200,32.6400,0.000075
FILLER_7_727,VGND,li1,340.1700,32.6400,0.000075
FILLER_7_721,VGND,li1,338.5600,32.6400,0.000075
FILLER_7_709,VGND,li1,334.4200,32.6400,0.000075
FILLER_7_697,VGND,li1,328.9000,32.6400,0.000089
FILLER_7_685,VGND,li1,323.3800,32.6400,0.000130
FILLER_7_673,VGND,li1,317.8600,32.6400,0.000171
FILLER_7_671,VGND,li1,314.4100,32.6400,0.000197
FILLER_7_665,VGND,li1,312.8000,32.6400,0.000213
FILLER_7_653,VGND,li1,308.6600,32.6400,0.000243
FILLER_7_641,VGND,li1,303.1400,32.6400,0.000278
FILLER_7_629,VGND,li1,297.6200,32.6400,0.000303
FILLER_7_617,VGND,li1,292.1000,32.6400,0.000334
FILLER_7_615,VGND,li1,288.6500,32.6400,0.000363
FILLER_7_609,VGND,li1,287.0400,32.6400,0.000363
FILLER_7_597,VGND,li1,282.9000,32.6400,0.000386
FILLER_7_585,VGND,li1,277.3800,32.6400,0.000398
FILLER_7_573,VGND,li1,271.8600,32.6400,0.000402
FILLER_7_561,VGND,li1,266.3400,32.6400,0.000408
FILLER_7_556,VGND,li1,262.2000,32.6400,0.000410
FILLER_7_539,VGND,li1,254.1500,32.6400,0.000404
FILLER_7_531,VGND,li1,251.6200,32.6400,0.000401
FILLER_7_517,VGND,li1,243.8000,32.6400,0.000386
FILLER_7_505,VGND,li1,240.5800,32.6400,0.000374
FILLER_7_500,VGND,li1,236.4400,32.6400,0.000356
FILLER_7_487,VGND,li1,229.7700,32.6400,0.000338
FILLER_7_474,VGND,li1,225.4000,32.6400,0.000315
FILLER_7_462,VGND,li1,220.8000,32.6400,0.000302
FILLER_7_447,VGND,li1,211.3700,32.6400,0.000260
FILLER_7_443,VGND,li1,210.2200,32.6400,0.000260
FILLER_7_421,VGND,li1,199.4100,32.6400,0.000209
FILLER_7_417,VGND,li1,198.2600,32.6400,0.000199
FILLER_7_405,VGND,li1,194.5800,32.6400,0.000188
FILLER_7_393,VGND,li1,189.0600,32.6400,0.000162
FILLER_7_391,VGND,li1,185.6100,32.6400,0.000138
FILLER_7_385,VGND,li1,184.0000,32.6400,0.000138
FILLER_7_373,VGND,li1,179.8600,32.6400,0.000113
FILLER_7_361,VGND,li1,174.3400,32.6400,0.000148
FILLER_7_349,VGND,li1,168.8200,32.6400,0.000177
FILLER_7_337,VGND,li1,163.3000,32.6400,0.000212
FILLER_7_335,VGND,li1,159.8500,32.6400,0.000245
FILLER_7_329,VGND,li1,158.2400,32.6400,0.000245
FILLER_7_317,VGND,li1,154.1000,32.6400,0.000272
FILLER_7_305,VGND,li1,148.5800,32.6400,0.000308
FILLER_7_293,VGND,li1,143.0600,32.6400,0.000344
FILLER_7_281,VGND,li1,137.5400,32.6400,0.000379
FILLER_7_279,VGND,li1,134.0900,32.6400,0.000408
FILLER_7_273,VGND,li1,132.4800,32.6400,0.000412
FILLER_7_261,VGND,li1,128.3400,32.6400,0.000419
FILLER_7_249,VGND,li1,122.8200,32.6400,0.000435
FILLER_7_237,VGND,li1,117.3000,32.6400,0.000446
FILLER_7_225,VGND,li1,111.7800,32.6400,0.000459
FILLER_7_223,VGND,li1,108.3300,32.6400,0.000471
FILLER_7_217,VGND,li1,106.7200,32.6400,0.000471
FILLER_7_205,VGND,li1,102.5800,32.6400,0.000481
FILLER_7_193,VGND,li1,97.0600,32.6400,0.000497
FILLER_7_181,VGND,li1,91.5400,32.6400,0.000508
FILLER_7_169,VGND,li1,86.0200,32.6400,0.000510
FILLER_7_162,VGND,li1,81.4200,32.6400,0.000500
FILLER_7_150,VGND,li1,77.2800,32.6400,0.000485
FILLER_7_138,VGND,li1,71.7600,32.6400,0.000457
FILLER_7_126,VGND,li1,66.2400,32.6400,0.000420
FILLER_7_102,VGND,li1,53.1300,32.6400,0.000325
FILLER_7_94,VGND,li1,50.6000,32.6400,0.000305
FILLER_7_82,VGND,li1,46.0000,32.6400,0.000262
FILLER_7_69,VGND,li1,38.6400,32.6400,0.000198
FILLER_7_57,VGND,li1,34.5000,32.6400,0.000175
FILLER_7_55,VGND,li1,31.0500,32.6400,0.000134
FILLER_7_51,VGND,li1,29.9000,32.6400,0.000134
FILLER_7_39,VGND,li1,26.2200,32.6400,0.000091
FILLER_7_27,VGND,li1,20.7000,32.6400,0.000091
FILLER_7_15,VGND,li1,15.1800,32.6400,0.000091
FILLER_7_3,VGND,li1,9.6600,32.6400,0.000091
FILLER_6_805,VGND,li1,377.2000,27.2000,0.000012
FILLER_6_793,VGND,li1,373.0600,27.2000,0.000012
FILLER_6_781,VGND,li1,367.5400,27.2000,0.000012
FILLER_6_769,VGND,li1,362.0200,27.2000,0.000012
FILLER_6_757,VGND,li1,356.5000,27.2000,0.000012
FILLER_6_755,VGND,li1,353.0500,27.2000,0.000012
FILLER_6_749,VGND,li1,351.4400,27.2000,0.000012
FILLER_6_737,VGND,li1,347.3000,27.2000,0.000012
FILLER_6_725,VGND,li1,341.7800,27.2000,0.000012
FILLER_6_713,VGND,li1,336.2600,27.2000,0.000012
FILLER_6_701,VGND,li1,330.7400,27.2000,0.000012
FILLER_6_699,VGND,li1,327.2900,27.2000,0.000018
FILLER_6_693,VGND,li1,325.6800,27.2000,0.000018
FILLER_6_681,VGND,li1,321.5400,27.2000,0.000023
FILLER_6_669,VGND,li1,316.0200,27.2000,0.000031
FILLER_6_657,VGND,li1,310.5000,27.2000,0.000036
FILLER_6_645,VGND,li1,304.9800,27.2000,0.000043
FILLER_6_643,VGND,li1,301.5300,27.2000,0.000049
FILLER_6_637,VGND,li1,299.9200,27.2000,0.000049
FILLER_6_625,VGND,li1,295.7800,27.2000,0.000054
FILLER_6_613,VGND,li1,290.2600,27.2000,0.000062
FILLER_6_601,VGND,li1,284.7400,27.2000,0.000067
FILLER_6_589,VGND,li1,279.2200,27.2000,0.000074
FILLER_6_587,VGND,li1,275.7700,27.2000,0.000080
FILLER_6_581,VGND,li1,274.1600,27.2000,0.000080
FILLER_6_569,VGND,li1,270.0200,27.2000,0.000085
FILLER_6_557,VGND,li1,264.5000,27.2000,0.000093
FILLER_6_545,VGND,li1,258.9800,27.2000,0.000098
FILLER_6_533,VGND,li1,253.4600,27.2000,0.000105
FILLER_6_531,VGND,li1,250.0100,27.2000,0.000111
FILLER_6_525,VGND,li1,248.4000,27.2000,0.000111
FILLER_6_513,VGND,li1,244.2600,27.2000,0.000116
FILLER_6_489,VGND,li1,231.1500,27.2000,0.000121
FILLER_6_451,VGND,li1,213.9000,27.2000,0.000096
FILLER_6_441,VGND,li1,209.0700,27.2000,0.000086
FILLER_6_433,VGND,li1,206.5400,27.2000,0.000079
FILLER_6_421,VGND,li1,201.9400,27.2000,0.000071
FILLER_6_419,VGND,li1,198.4900,27.2000,0.000060
FILLER_6_413,VGND,li1,196.8800,27.2000,0.000060
FILLER_6_401,VGND,li1,192.7400,27.2000,0.000051
FILLER_6_389,VGND,li1,187.2200,27.2000,0.000036
FILLER_6_377,VGND,li1,181.7000,27.2000,0.000027
FILLER_6_365,VGND,li1,176.1800,27.2000,0.000020
FILLER_6_363,VGND,li1,172.7300,27.2000,0.000020
FILLER_6_357,VGND,li1,171.1200,27.2000,0.000020
FILLER_6_345,VGND,li1,166.9800,27.2000,0.000019
FILLER_6_333,VGND,li1,161.4600,27.2000,0.000019
FILLER_6_321,VGND,li1,155.9400,27.2000,0.000018
FILLER_6_309,VGND,li1,150.4200,27.2000,0.000018
FILLER_6_307,VGND,li1,146.9700,27.2000,0.000017
FILLER_6_301,VGND,li1,145.3600,27.2000,0.000017
FILLER_6_289,VGND,li1,141.2200,27.2000,0.000017
FILLER_6_277,VGND,li1,135.7000,27.2000,0.000016
FILLER_6_265,VGND,li1,130.1800,27.2000,0.000016
FILLER_6_253,VGND,li1,124.6600,27.2000,0.000015
FILLER_6_251,VGND,li1,121.2100,27.2000,0.000015
FILLER_6_245,VGND,li1,119.6000,27.2000,0.000015
FILLER_6_233,VGND,li1,115.4600,27.2000,0.000014
FILLER_6_221,VGND,li1,109.9400,27.2000,0.000014
FILLER_6_209,VGND,li1,104.4200,27.2000,0.000013
FILLER_6_197,VGND,li1,98.9000,27.2000,0.000013
FILLER_6_195,VGND,li1,95.4500,27.2000,0.000012
FILLER_6_189,VGND,li1,93.8400,27.2000,0.000012
FILLER_6_177,VGND,li1,89.7000,27.2000,0.000012
FILLER_6_165,VGND,li1,84.1800,27.2000,0.000011
FILLER_6_153,VGND,li1,78.6600,27.2000,0.000011
FILLER_6_141,VGND,li1,73.1400,27.2000,0.000010
FILLER_6_137,VGND,li1,69.2300,27.2000,0.000010
FILLER_6_125,VGND,li1,65.7800,27.2000,0.000009
FILLER_6_113,VGND,li1,60.2600,27.2000,0.000009
FILLER_6_105,VGND,li1,54.5100,27.2000,0.000008
FILLER_6_97,VGND,li1,51.9800,27.2000,0.000007
FILLER_6_85,VGND,li1,47.3800,27.2000,0.000007
FILLER_6_83,VGND,li1,43.9300,27.2000,0.000006
FILLER_6_77,VGND,li1,42.3200,27.2000,0.000006
FILLER_6_65,VGND,li1,38.1800,27.2000,0.000005
FILLER_6_53,VGND,li1,32.6600,27.2000,0.000004
FILLER_6_41,VGND,li1,27.1400,27.2000,0.000002
FILLER_6_29,VGND,li1,21.6200,27.2000,0.000002
FILLER_6_27,VGND,li1,18.1700,27.2000,0.000002
FILLER_6_15,VGND,li1,15.1800,27.2000,0.000002
FILLER_6_3,VGND,li1,9.6600,27.2000,0.000002
FILLER_5_809,VGND,li1,378.1200,27.2000,0.000012
FILLER_5_797,VGND,li1,374.9000,27.2000,0.000012
FILLER_5_785,VGND,li1,369.3800,27.2000,0.000012
FILLER_5_783,VGND,li1,365.9300,27.2000,0.000012
FILLER_5_777,VGND,li1,364.3200,27.2000,0.000012
FILLER_5_765,VGND,li1,360.1800,27.2000,0.000012
FILLER_5_753,VGND,li1,354.6600,27.2000,0.000012
FILLER_5_741,VGND,li1,349.1400,27.2000,0.000012
FILLER_5_729,VGND,li1,343.6200,27.2000,0.000012
FILLER_5_727,VGND,li1,340.1700,27.2000,0.000012
FILLER_5_721,VGND,li1,338.5600,27.2000,0.000012
FILLER_5_709,VGND,li1,334.4200,27.2000,0.000012
FILLER_5_697,VGND,li1,328.9000,27.2000,0.000016
FILLER_5_685,VGND,li1,323.3800,27.2000,0.000021
FILLER_5_673,VGND,li1,317.8600,27.2000,0.000027
FILLER_5_671,VGND,li1,314.4100,27.2000,0.000034
FILLER_5_665,VGND,li1,312.8000,27.2000,0.000034
FILLER_5_653,VGND,li1,308.6600,27.2000,0.000038
FILLER_5_641,VGND,li1,303.1400,27.2000,0.000046
FILLER_5_629,VGND,li1,297.6200,27.2000,0.000052
FILLER_5_617,VGND,li1,292.1000,27.2000,0.000058
FILLER_5_615,VGND,li1,288.6500,27.2000,0.000064
FILLER_5_609,VGND,li1,287.0400,27.2000,0.000064
FILLER_5_597,VGND,li1,282.9000,27.2000,0.000069
FILLER_5_585,VGND,li1,277.3800,27.2000,0.000077
FILLER_5_573,VGND,li1,271.8600,27.2000,0.000083
FILLER_5_561,VGND,li1,266.3400,27.2000,0.000089
FILLER_5_559,VGND,li1,262.8900,27.2000,0.000095
FILLER_5_553,VGND,li1,261.2800,27.2000,0.000095
FILLER_5_541,VGND,li1,257.1400,27.2000,0.000100
FILLER_5_529,VGND,li1,251.6200,27.2000,0.000108
FILLER_5_517,VGND,li1,246.1000,27.2000,0.000114
FILLER_5_505,VGND,li1,240.5800,27.2000,0.000121
FILLER_5_503,VGND,li1,237.1300,27.2000,0.000123
FILLER_5_485,VGND,li1,231.3800,27.2000,0.000121
FILLER_5_473,VGND,li1,225.8600,27.2000,0.000116
FILLER_5_461,VGND,li1,220.3400,27.2000,0.000108
FILLER_5_449,VGND,li1,214.8200,27.2000,0.000096
FILLER_5_447,VGND,li1,211.3700,27.2000,0.000091
FILLER_5_441,VGND,li1,209.7600,27.2000,0.000086
FILLER_5_429,VGND,li1,205.6200,27.2000,0.000079
FILLER_5_417,VGND,li1,200.1000,27.2000,0.000064
FILLER_5_405,VGND,li1,194.5800,27.2000,0.000055
FILLER_5_393,VGND,li1,189.0600,27.2000,0.000043
FILLER_5_391,VGND,li1,185.6100,27.2000,0.000032
FILLER_5_385,VGND,li1,184.0000,27.2000,0.000032
FILLER_5_373,VGND,li1,179.8600,27.2000,0.000021
FILLER_5_361,VGND,li1,174.3400,27.2000,0.000020
FILLER_5_349,VGND,li1,168.8200,27.2000,0.000020
FILLER_5_337,VGND,li1,163.3000,27.2000,0.000019
FILLER_5_335,VGND,li1,159.8500,27.2000,0.000019
FILLER_5_329,VGND,li1,158.2400,27.2000,0.000019
FILLER_5_317,VGND,li1,154.1000,27.2000,0.000018
FILLER_5_305,VGND,li1,148.5800,27.2000,0.000017
FILLER_5_293,VGND,li1,143.0600,27.2000,0.000017
FILLER_5_281,VGND,li1,137.5400,27.2000,0.000017
FILLER_5_279,VGND,li1,134.0900,27.2000,0.000016
FILLER_5_273,VGND,li1,132.4800,27.2000,0.000016
FILLER_5_261,VGND,li1,128.3400,27.2000,0.000016
FILLER_5_249,VGND,li1,122.8200,27.2000,0.000015
FILLER_5_237,VGND,li1,117.3000,27.2000,0.000015
FILLER_5_225,VGND,li1,111.7800,27.2000,0.000014
FILLER_5_223,VGND,li1,108.3300,27.2000,0.000013
FILLER_5_217,VGND,li1,106.7200,27.2000,0.000013
FILLER_5_205,VGND,li1,102.5800,27.2000,0.000013
FILLER_5_193,VGND,li1,97.0600,27.2000,0.000012
FILLER_5_181,VGND,li1,91.5400,27.2000,0.000012
FILLER_5_169,VGND,li1,86.0200,27.2000,0.000011
FILLER_5_167,VGND,li1,82.5700,27.2000,0.000011
FILLER_5_161,VGND,li1,80.9600,27.2000,0.000011
FILLER_5_149,VGND,li1,76.8200,27.2000,0.000011
FILLER_5_137,VGND,li1,71.3000,27.2000,0.000010
FILLER_5_125,VGND,li1,65.7800,27.2000,0.000009
FILLER_5_113,VGND,li1,60.2600,27.2000,0.000009
FILLER_5_111,VGND,li1,56.8100,27.2000,0.000008
FILLER_5_105,VGND,li1,55.2000,27.2000,0.000008
FILLER_5_93,VGND,li1,51.0600,27.2000,0.000007
FILLER_5_81,VGND,li1,45.5400,27.2000,0.000006
FILLER_5_69,VGND,li1,40.0200,27.2000,0.000005
FILLER_5_57,VGND,li1,34.5000,27.2000,0.000004
FILLER_5_55,VGND,li1,31.0500,27.2000,0.000003
FILLER_5_51,VGND,li1,29.9000,27.2000,0.000003
FILLER_5_39,VGND,li1,26.2200,27.2000,0.000002
FILLER_5_27,VGND,li1,20.7000,27.2000,0.000002
FILLER_5_15,VGND,li1,15.1800,27.2000,0.000002
FILLER_5_3,VGND,li1,9.6600,27.2000,0.000002
FILLER_4_805,VGND,li1,377.2000,21.7600,0.000000
FILLER_4_793,VGND,li1,373.0600,21.7600,0.000000
FILLER_4_781,VGND,li1,367.5400,21.7600,0.000000
FILLER_4_769,VGND,li1,362.0200,21.7600,0.000000
FILLER_4_757,VGND,li1,356.5000,21.7600,0.000000
FILLER_4_755,VGND,li1,353.0500,21.7600,0.000000
FILLER_4_749,VGND,li1,351.4400,21.7600,0.000000
FILLER_4_737,VGND,li1,347.3000,21.7600,0.000000
FILLER_4_725,VGND,li1,341.7800,21.7600,0.000000
FILLER_4_713,VGND,li1,336.2600,21.7600,0.000000
FILLER_4_701,VGND,li1,330.7400,21.7600,0.000000
FILLER_4_699,VGND,li1,327.2900,21.7600,0.000000
FILLER_4_693,VGND,li1,325.6800,21.7600,0.000000
FILLER_4_681,VGND,li1,321.5400,21.7600,0.000000
FILLER_4_669,VGND,li1,316.0200,21.7600,0.000000
FILLER_4_657,VGND,li1,310.5000,21.7600,0.000000
FILLER_4_645,VGND,li1,304.9800,21.7600,0.000000
FILLER_4_643,VGND,li1,301.5300,21.7600,0.000000
FILLER_4_637,VGND,li1,299.9200,21.7600,0.000000
FILLER_4_625,VGND,li1,295.7800,21.7600,0.000000
FILLER_4_613,VGND,li1,290.2600,21.7600,0.000000
FILLER_4_601,VGND,li1,284.7400,21.7600,0.000000
FILLER_4_589,VGND,li1,279.2200,21.7600,0.000000
FILLER_4_587,VGND,li1,275.7700,21.7600,0.000000
FILLER_4_581,VGND,li1,274.1600,21.7600,0.000000
FILLER_4_569,VGND,li1,270.0200,21.7600,0.000000
FILLER_4_557,VGND,li1,264.5000,21.7600,0.000000
FILLER_4_545,VGND,li1,258.9800,21.7600,0.000000
FILLER_4_533,VGND,li1,253.4600,21.7600,0.000000
FILLER_4_531,VGND,li1,250.0100,21.7600,0.000000
FILLER_4_525,VGND,li1,248.4000,21.7600,0.000000
FILLER_4_513,VGND,li1,244.2600,21.7600,0.000000
FILLER_4_501,VGND,li1,238.7400,21.7600,0.000000
FILLER_4_489,VGND,li1,233.2200,21.7600,0.000000
FILLER_4_477,VGND,li1,227.7000,21.7600,0.000000
FILLER_4_475,VGND,li1,224.2500,21.7600,0.000000
FILLER_4_469,VGND,li1,222.6400,21.7600,0.000000
FILLER_4_457,VGND,li1,218.5000,21.7600,0.000000
FILLER_4_445,VGND,li1,212.9800,21.7600,0.000000
FILLER_4_433,VGND,li1,207.4600,21.7600,0.000000
FILLER_4_421,VGND,li1,201.9400,21.7600,0.000000
FILLER_4_419,VGND,li1,198.4900,21.7600,0.000000
FILLER_4_413,VGND,li1,196.8800,21.7600,0.000000
FILLER_4_401,VGND,li1,192.7400,21.7600,0.000000
FILLER_4_389,VGND,li1,187.2200,21.7600,0.000000
FILLER_4_377,VGND,li1,181.7000,21.7600,0.000000
FILLER_4_365,VGND,li1,176.1800,21.7600,0.000000
FILLER_4_363,VGND,li1,172.7300,21.7600,0.000000
FILLER_4_357,VGND,li1,171.1200,21.7600,0.000000
FILLER_4_345,VGND,li1,166.9800,21.7600,0.000000
FILLER_4_333,VGND,li1,161.4600,21.7600,0.000000
FILLER_4_321,VGND,li1,155.9400,21.7600,0.000000
FILLER_4_309,VGND,li1,150.4200,21.7600,0.000000
FILLER_4_307,VGND,li1,146.9700,21.7600,0.000000
FILLER_4_301,VGND,li1,145.3600,21.7600,0.000000
FILLER_4_289,VGND,li1,141.2200,21.7600,0.000000
FILLER_4_277,VGND,li1,135.7000,21.7600,0.000000
FILLER_4_265,VGND,li1,130.1800,21.7600,0.000000
FILLER_4_253,VGND,li1,124.6600,21.7600,0.000000
FILLER_4_251,VGND,li1,121.2100,21.7600,0.000000
FILLER_4_245,VGND,li1,119.6000,21.7600,0.000000
FILLER_4_233,VGND,li1,115.4600,21.7600,0.000000
FILLER_4_221,VGND,li1,109.9400,21.7600,0.000000
FILLER_4_209,VGND,li1,104.4200,21.7600,0.000000
FILLER_4_197,VGND,li1,98.9000,21.7600,0.000000
FILLER_4_195,VGND,li1,95.4500,21.7600,0.000000
FILLER_4_189,VGND,li1,93.8400,21.7600,0.000000
FILLER_4_177,VGND,li1,89.7000,21.7600,0.000000
FILLER_4_165,VGND,li1,84.1800,21.7600,0.000000
FILLER_4_153,VGND,li1,78.6600,21.7600,0.000000
FILLER_4_141,VGND,li1,73.1400,21.7600,0.000000
FILLER_4_139,VGND,li1,69.6900,21.7600,0.000000
FILLER_4_133,VGND,li1,68.0800,21.7600,0.000000
FILLER_4_121,VGND,li1,63.9400,21.7600,0.000000
FILLER_4_109,VGND,li1,58.4200,21.7600,0.000000
FILLER_4_97,VGND,li1,52.9000,21.7600,0.000000
FILLER_4_85,VGND,li1,47.3800,21.7600,0.000000
FILLER_4_83,VGND,li1,43.9300,21.7600,0.000000
FILLER_4_77,VGND,li1,42.3200,21.7600,0.000000
FILLER_4_65,VGND,li1,38.1800,21.7600,0.000000
FILLER_4_53,VGND,li1,32.6600,21.7600,0.000000
FILLER_4_41,VGND,li1,27.1400,21.7600,0.000000
FILLER_4_29,VGND,li1,21.6200,21.7600,0.000000
FILLER_4_27,VGND,li1,18.1700,21.7600,0.000000
FILLER_4_15,VGND,li1,15.1800,21.7600,0.000000
FILLER_4_3,VGND,li1,9.6600,21.7600,0.000000
FILLER_3_809,VGND,li1,378.1200,21.7600,0.000000
FILLER_3_797,VGND,li1,374.9000,21.7600,0.000000
FILLER_3_785,VGND,li1,369.3800,21.7600,0.000000
FILLER_3_783,VGND,li1,365.9300,21.7600,0.000000
FILLER_3_777,VGND,li1,364.3200,21.7600,0.000000
FILLER_3_765,VGND,li1,360.1800,21.7600,0.000000
FILLER_3_753,VGND,li1,354.6600,21.7600,0.000000
FILLER_3_741,VGND,li1,349.1400,21.7600,0.000000
FILLER_3_729,VGND,li1,343.6200,21.7600,0.000000
FILLER_3_727,VGND,li1,340.1700,21.7600,0.000000
FILLER_3_721,VGND,li1,338.5600,21.7600,0.000000
FILLER_3_709,VGND,li1,334.4200,21.7600,0.000000
FILLER_3_697,VGND,li1,328.9000,21.7600,0.000000
FILLER_3_685,VGND,li1,323.3800,21.7600,0.000000
FILLER_3_673,VGND,li1,317.8600,21.7600,0.000000
FILLER_3_671,VGND,li1,314.4100,21.7600,0.000000
FILLER_3_665,VGND,li1,312.8000,21.7600,0.000000
FILLER_3_653,VGND,li1,308.6600,21.7600,0.000000
FILLER_3_641,VGND,li1,303.1400,21.7600,0.000000
FILLER_3_629,VGND,li1,297.6200,21.7600,0.000000
FILLER_3_617,VGND,li1,292.1000,21.7600,0.000000
FILLER_3_615,VGND,li1,288.6500,21.7600,0.000000
FILLER_3_609,VGND,li1,287.0400,21.7600,0.000000
FILLER_3_597,VGND,li1,282.9000,21.7600,0.000000
FILLER_3_585,VGND,li1,277.3800,21.7600,0.000000
FILLER_3_573,VGND,li1,271.8600,21.7600,0.000000
FILLER_3_561,VGND,li1,266.3400,21.7600,0.000000
FILLER_3_559,VGND,li1,262.8900,21.7600,0.000000
FILLER_3_553,VGND,li1,261.2800,21.7600,0.000000
FILLER_3_541,VGND,li1,257.1400,21.7600,0.000000
FILLER_3_529,VGND,li1,251.6200,21.7600,0.000000
FILLER_3_517,VGND,li1,246.1000,21.7600,0.000000
FILLER_3_505,VGND,li1,240.5800,21.7600,0.000000
FILLER_3_503,VGND,li1,237.1300,21.7600,0.000000
FILLER_3_497,VGND,li1,235.5200,21.7600,0.000000
FILLER_3_485,VGND,li1,231.3800,21.7600,0.000000
FILLER_3_473,VGND,li1,225.8600,21.7600,0.000000
FILLER_3_461,VGND,li1,220.3400,21.7600,0.000000
FILLER_3_449,VGND,li1,214.8200,21.7600,0.000000
FILLER_3_447,VGND,li1,211.3700,21.7600,0.000000
FILLER_3_441,VGND,li1,209.7600,21.7600,0.000000
FILLER_3_429,VGND,li1,205.6200,21.7600,0.000000
FILLER_3_417,VGND,li1,200.1000,21.7600,0.000000
FILLER_3_405,VGND,li1,194.5800,21.7600,0.000000
FILLER_3_393,VGND,li1,189.0600,21.7600,0.000000
FILLER_3_391,VGND,li1,185.6100,21.7600,0.000000
FILLER_3_385,VGND,li1,184.0000,21.7600,0.000000
FILLER_3_373,VGND,li1,179.8600,21.7600,0.000000
FILLER_3_361,VGND,li1,174.3400,21.7600,0.000000
FILLER_3_349,VGND,li1,168.8200,21.7600,0.000000
FILLER_3_337,VGND,li1,163.3000,21.7600,0.000000
FILLER_3_335,VGND,li1,159.8500,21.7600,0.000000
FILLER_3_329,VGND,li1,158.2400,21.7600,0.000000
FILLER_3_317,VGND,li1,154.1000,21.7600,0.000000
FILLER_3_305,VGND,li1,148.5800,21.7600,0.000000
FILLER_3_293,VGND,li1,143.0600,21.7600,0.000000
FILLER_3_281,VGND,li1,137.5400,21.7600,0.000000
FILLER_3_279,VGND,li1,134.0900,21.7600,0.000000
FILLER_3_273,VGND,li1,132.4800,21.7600,0.000000
FILLER_3_261,VGND,li1,128.3400,21.7600,0.000000
FILLER_3_249,VGND,li1,122.8200,21.7600,0.000000
FILLER_3_237,VGND,li1,117.3000,21.7600,0.000000
FILLER_3_225,VGND,li1,111.7800,21.7600,0.000000
FILLER_3_223,VGND,li1,108.3300,21.7600,0.000000
FILLER_3_217,VGND,li1,106.7200,21.7600,0.000000
FILLER_3_205,VGND,li1,102.5800,21.7600,0.000000
FILLER_3_193,VGND,li1,97.0600,21.7600,0.000000
FILLER_3_181,VGND,li1,91.5400,21.7600,0.000000
FILLER_3_169,VGND,li1,86.0200,21.7600,0.000000
FILLER_3_167,VGND,li1,82.5700,21.7600,0.000000
FILLER_3_161,VGND,li1,80.9600,21.7600,0.000000
FILLER_3_149,VGND,li1,76.8200,21.7600,0.000000
FILLER_3_137,VGND,li1,71.3000,21.7600,0.000000
FILLER_3_125,VGND,li1,65.7800,21.7600,0.000000
FILLER_3_113,VGND,li1,60.2600,21.7600,0.000000
FILLER_3_111,VGND,li1,56.8100,21.7600,0.000000
FILLER_3_105,VGND,li1,55.2000,21.7600,0.000000
FILLER_3_93,VGND,li1,51.0600,21.7600,0.000000
FILLER_3_81,VGND,li1,45.5400,21.7600,0.000000
FILLER_3_69,VGND,li1,40.0200,21.7600,0.000000
FILLER_3_57,VGND,li1,34.5000,21.7600,0.000000
FILLER_3_55,VGND,li1,31.0500,21.7600,0.000000
FILLER_3_51,VGND,li1,29.9000,21.7600,0.000000
FILLER_3_39,VGND,li1,26.2200,21.7600,0.000000
FILLER_3_27,VGND,li1,20.7000,21.7600,0.000000
FILLER_3_15,VGND,li1,15.1800,21.7600,0.000000
FILLER_3_3,VGND,li1,9.6600,21.7600,0.000000
FILLER_2_805,VGND,li1,377.2000,16.3200,0.000000
FILLER_2_793,VGND,li1,373.0600,16.3200,0.000000
FILLER_2_781,VGND,li1,367.5400,16.3200,0.000000
FILLER_2_769,VGND,li1,362.0200,16.3200,0.000000
FILLER_2_757,VGND,li1,356.5000,16.3200,0.000000
FILLER_2_755,VGND,li1,353.0500,16.3200,0.000000
FILLER_2_749,VGND,li1,351.4400,16.3200,0.000000
FILLER_2_737,VGND,li1,347.3000,16.3200,0.000000
FILLER_2_725,VGND,li1,341.7800,16.3200,0.000000
FILLER_2_713,VGND,li1,336.2600,16.3200,0.000000
FILLER_2_701,VGND,li1,330.7400,16.3200,0.000000
FILLER_2_699,VGND,li1,327.2900,16.3200,0.000000
FILLER_2_693,VGND,li1,325.6800,16.3200,0.000000
FILLER_2_681,VGND,li1,321.5400,16.3200,0.000000
FILLER_2_669,VGND,li1,316.0200,16.3200,0.000000
FILLER_2_657,VGND,li1,310.5000,16.3200,0.000000
FILLER_2_645,VGND,li1,304.9800,16.3200,0.000000
FILLER_2_643,VGND,li1,301.5300,16.3200,0.000000
FILLER_2_637,VGND,li1,299.9200,16.3200,0.000000
FILLER_2_625,VGND,li1,295.7800,16.3200,0.000000
FILLER_2_613,VGND,li1,290.2600,16.3200,0.000000
FILLER_2_601,VGND,li1,284.7400,16.3200,0.000000
FILLER_2_589,VGND,li1,279.2200,16.3200,0.000000
FILLER_2_587,VGND,li1,275.7700,16.3200,0.000000
FILLER_2_581,VGND,li1,274.1600,16.3200,0.000000
FILLER_2_569,VGND,li1,270.0200,16.3200,0.000000
FILLER_2_557,VGND,li1,264.5000,16.3200,0.000000
FILLER_2_545,VGND,li1,258.9800,16.3200,0.000000
FILLER_2_533,VGND,li1,253.4600,16.3200,0.000001
FILLER_2_531,VGND,li1,250.0100,16.3200,0.000001
FILLER_2_525,VGND,li1,248.4000,16.3200,0.000001
FILLER_2_513,VGND,li1,244.2600,16.3200,0.000001
FILLER_2_501,VGND,li1,238.7400,16.3200,0.000001
FILLER_2_489,VGND,li1,233.2200,16.3200,0.000001
FILLER_2_477,VGND,li1,227.7000,16.3200,0.000001
FILLER_2_475,VGND,li1,224.2500,16.3200,0.000001
FILLER_2_469,VGND,li1,222.6400,16.3200,0.000001
FILLER_2_457,VGND,li1,218.5000,16.3200,0.000001
FILLER_2_445,VGND,li1,212.9800,16.3200,0.000001
FILLER_2_433,VGND,li1,207.4600,16.3200,0.000001
FILLER_2_421,VGND,li1,201.9400,16.3200,0.000001
FILLER_2_419,VGND,li1,198.4900,16.3200,0.000001
FILLER_2_413,VGND,li1,196.8800,16.3200,0.000001
FILLER_2_401,VGND,li1,192.7400,16.3200,0.000001
FILLER_2_389,VGND,li1,187.2200,16.3200,0.000001
FILLER_2_377,VGND,li1,181.7000,16.3200,0.000001
FILLER_2_365,VGND,li1,176.1800,16.3200,0.000001
FILLER_2_363,VGND,li1,172.7300,16.3200,0.000001
FILLER_2_357,VGND,li1,171.1200,16.3200,0.000001
FILLER_2_345,VGND,li1,166.9800,16.3200,0.000001
FILLER_2_333,VGND,li1,161.4600,16.3200,0.000001
FILLER_2_321,VGND,li1,155.9400,16.3200,0.000001
FILLER_2_309,VGND,li1,150.4200,16.3200,0.000001
FILLER_2_307,VGND,li1,146.9700,16.3200,0.000001
FILLER_2_301,VGND,li1,145.3600,16.3200,0.000001
FILLER_2_289,VGND,li1,141.2200,16.3200,0.000001
FILLER_2_277,VGND,li1,135.7000,16.3200,0.000001
FILLER_2_265,VGND,li1,130.1800,16.3200,0.000001
FILLER_2_253,VGND,li1,124.6600,16.3200,0.000001
FILLER_2_251,VGND,li1,121.2100,16.3200,0.000001
FILLER_2_245,VGND,li1,119.6000,16.3200,0.000001
FILLER_2_233,VGND,li1,115.4600,16.3200,0.000001
FILLER_2_221,VGND,li1,109.9400,16.3200,0.000001
FILLER_2_209,VGND,li1,104.4200,16.3200,0.000001
FILLER_2_197,VGND,li1,98.9000,16.3200,0.000001
FILLER_2_195,VGND,li1,95.4500,16.3200,0.000001
FILLER_2_189,VGND,li1,93.8400,16.3200,0.000001
FILLER_2_177,VGND,li1,89.7000,16.3200,0.000001
FILLER_2_165,VGND,li1,84.1800,16.3200,0.000001
FILLER_2_153,VGND,li1,78.6600,16.3200,0.000001
FILLER_2_141,VGND,li1,73.1400,16.3200,0.000001
FILLER_2_139,VGND,li1,69.6900,16.3200,0.000001
FILLER_2_133,VGND,li1,68.0800,16.3200,0.000001
FILLER_2_121,VGND,li1,63.9400,16.3200,0.000000
FILLER_2_109,VGND,li1,58.4200,16.3200,0.000000
FILLER_2_97,VGND,li1,52.9000,16.3200,0.000000
FILLER_2_85,VGND,li1,47.3800,16.3200,0.000000
FILLER_2_83,VGND,li1,43.9300,16.3200,0.000000
FILLER_2_77,VGND,li1,42.3200,16.3200,0.000000
FILLER_2_65,VGND,li1,38.1800,16.3200,0.000000
FILLER_2_53,VGND,li1,32.6600,16.3200,0.000000
FILLER_2_41,VGND,li1,27.1400,16.3200,0.000000
FILLER_2_29,VGND,li1,21.6200,16.3200,0.000000
FILLER_2_27,VGND,li1,18.1700,16.3200,0.000000
FILLER_2_15,VGND,li1,15.1800,16.3200,0.000000
FILLER_2_3,VGND,li1,9.6600,16.3200,0.000000
FILLER_1_809,VGND,li1,378.1200,16.3200,0.000000
FILLER_1_797,VGND,li1,374.9000,16.3200,0.000000
FILLER_1_785,VGND,li1,369.3800,16.3200,0.000000
FILLER_1_783,VGND,li1,365.9300,16.3200,0.000000
FILLER_1_777,VGND,li1,364.3200,16.3200,0.000000
FILLER_1_765,VGND,li1,360.1800,16.3200,0.000000
FILLER_1_753,VGND,li1,354.6600,16.3200,0.000000
FILLER_1_741,VGND,li1,349.1400,16.3200,0.000000
FILLER_1_729,VGND,li1,343.6200,16.3200,0.000000
FILLER_1_727,VGND,li1,340.1700,16.3200,0.000000
FILLER_1_721,VGND,li1,338.5600,16.3200,0.000000
FILLER_1_709,VGND,li1,334.4200,16.3200,0.000000
FILLER_1_697,VGND,li1,328.9000,16.3200,0.000000
FILLER_1_685,VGND,li1,323.3800,16.3200,0.000000
FILLER_1_673,VGND,li1,317.8600,16.3200,0.000000
FILLER_1_671,VGND,li1,314.4100,16.3200,0.000000
FILLER_1_665,VGND,li1,312.8000,16.3200,0.000000
FILLER_1_653,VGND,li1,308.6600,16.3200,0.000000
FILLER_1_641,VGND,li1,303.1400,16.3200,0.000000
FILLER_1_629,VGND,li1,297.6200,16.3200,0.000000
FILLER_1_617,VGND,li1,292.1000,16.3200,0.000000
FILLER_1_615,VGND,li1,288.6500,16.3200,0.000000
FILLER_1_609,VGND,li1,287.0400,16.3200,0.000000
FILLER_1_597,VGND,li1,282.9000,16.3200,0.000000
FILLER_1_585,VGND,li1,277.3800,16.3200,0.000000
FILLER_1_573,VGND,li1,271.8600,16.3200,0.000000
FILLER_1_561,VGND,li1,266.3400,16.3200,0.000000
FILLER_1_559,VGND,li1,262.8900,16.3200,0.000000
FILLER_1_553,VGND,li1,261.2800,16.3200,0.000000
FILLER_1_541,VGND,li1,257.1400,16.3200,0.000000
FILLER_1_529,VGND,li1,251.6200,16.3200,0.000001
FILLER_1_517,VGND,li1,246.1000,16.3200,0.000001
FILLER_1_505,VGND,li1,240.5800,16.3200,0.000001
FILLER_1_503,VGND,li1,237.1300,16.3200,0.000001
FILLER_1_497,VGND,li1,235.5200,16.3200,0.000001
FILLER_1_485,VGND,li1,231.3800,16.3200,0.000001
FILLER_1_473,VGND,li1,225.8600,16.3200,0.000001
FILLER_1_461,VGND,li1,220.3400,16.3200,0.000001
FILLER_1_449,VGND,li1,214.8200,16.3200,0.000001
FILLER_1_447,VGND,li1,211.3700,16.3200,0.000001
FILLER_1_441,VGND,li1,209.7600,16.3200,0.000001
FILLER_1_429,VGND,li1,205.6200,16.3200,0.000001
FILLER_1_417,VGND,li1,200.1000,16.3200,0.000001
FILLER_1_405,VGND,li1,194.5800,16.3200,0.000001
FILLER_1_393,VGND,li1,189.0600,16.3200,0.000001
FILLER_1_390,VGND,li1,185.3800,16.3200,0.000001
FILLER_1_382,VGND,li1,183.0800,16.3200,0.000001
FILLER_1_370,VGND,li1,178.4800,16.3200,0.000001
FILLER_1_357,VGND,li1,170.4300,16.3200,0.000001
FILLER_1_349,VGND,li1,167.9000,16.3200,0.000001
FILLER_1_337,VGND,li1,163.3000,16.3200,0.000001
FILLER_1_335,VGND,li1,159.8500,16.3200,0.000001
FILLER_1_329,VGND,li1,158.2400,16.3200,0.000001
FILLER_1_317,VGND,li1,154.1000,16.3200,0.000001
FILLER_1_305,VGND,li1,148.5800,16.3200,0.000001
FILLER_1_293,VGND,li1,143.0600,16.3200,0.000001
FILLER_1_281,VGND,li1,137.5400,16.3200,0.000001
FILLER_1_279,VGND,li1,134.0900,16.3200,0.000001
FILLER_1_273,VGND,li1,132.4800,16.3200,0.000001
FILLER_1_261,VGND,li1,128.3400,16.3200,0.000001
FILLER_1_249,VGND,li1,122.8200,16.3200,0.000001
FILLER_1_237,VGND,li1,117.3000,16.3200,0.000001
FILLER_1_225,VGND,li1,111.7800,16.3200,0.000001
FILLER_1_223,VGND,li1,108.3300,16.3200,0.000001
FILLER_1_217,VGND,li1,106.7200,16.3200,0.000001
FILLER_1_205,VGND,li1,102.5800,16.3200,0.000001
FILLER_1_193,VGND,li1,97.0600,16.3200,0.000001
FILLER_1_181,VGND,li1,91.5400,16.3200,0.000001
FILLER_1_169,VGND,li1,86.0200,16.3200,0.000001
FILLER_1_167,VGND,li1,82.5700,16.3200,0.000001
FILLER_1_161,VGND,li1,80.9600,16.3200,0.000001
FILLER_1_149,VGND,li1,76.8200,16.3200,0.000001
FILLER_1_137,VGND,li1,71.3000,16.3200,0.000001
FILLER_1_125,VGND,li1,65.7800,16.3200,0.000000
FILLER_1_113,VGND,li1,60.2600,16.3200,0.000000
FILLER_1_111,VGND,li1,56.8100,16.3200,0.000000
FILLER_1_105,VGND,li1,55.2000,16.3200,0.000000
FILLER_1_93,VGND,li1,51.0600,16.3200,0.000000
FILLER_1_81,VGND,li1,45.5400,16.3200,0.000000
FILLER_1_69,VGND,li1,40.0200,16.3200,0.000000
FILLER_1_57,VGND,li1,34.5000,16.3200,0.000000
FILLER_1_55,VGND,li1,31.0500,16.3200,0.000000
FILLER_1_51,VGND,li1,29.9000,16.3200,0.000000
FILLER_1_39,VGND,li1,26.2200,16.3200,0.000000
FILLER_1_27,VGND,li1,20.7000,16.3200,0.000000
FILLER_1_15,VGND,li1,15.1800,16.3200,0.000000
FILLER_1_3,VGND,li1,9.6600,16.3200,0.000000
FILLER_0_809,VGND,li1,378.1200,10.8800,0.000019
FILLER_0_797,VGND,li1,374.9000,10.8800,0.000019
FILLER_0_785,VGND,li1,369.3800,10.8800,0.000019
FILLER_0_781,VGND,li1,365.4700,10.8800,0.000019
FILLER_0_769,VGND,li1,362.0200,10.8800,0.000019
FILLER_0_757,VGND,li1,356.5000,10.8800,0.000019
FILLER_0_753,VGND,li1,352.5900,10.8800,0.000019
FILLER_0_741,VGND,li1,349.1400,10.8800,0.000019
FILLER_0_729,VGND,li1,343.6200,10.8800,0.000019
FILLER_0_725,VGND,li1,339.7100,10.8800,0.000019
FILLER_0_713,VGND,li1,336.2600,10.8800,0.000019
FILLER_0_701,VGND,li1,330.7400,10.8800,0.000019
FILLER_0_697,VGND,li1,326.8300,10.8800,0.000026
FILLER_0_685,VGND,li1,323.3800,10.8800,0.000033
FILLER_0_673,VGND,li1,317.8600,10.8800,0.000043
FILLER_0_669,VGND,li1,313.9500,10.8800,0.000050
FILLER_0_657,VGND,li1,310.5000,10.8800,0.000057
FILLER_0_645,VGND,li1,304.9800,10.8800,0.000067
FILLER_0_641,VGND,li1,301.0700,10.8800,0.000074
FILLER_0_629,VGND,li1,297.6200,10.8800,0.000081
FILLER_0_617,VGND,li1,292.1000,10.8800,0.000091
FILLER_0_613,VGND,li1,288.1900,10.8800,0.000098
FILLER_0_601,VGND,li1,284.7400,10.8800,0.000105
FILLER_0_589,VGND,li1,279.2200,10.8800,0.000115
FILLER_0_587,VGND,li1,275.7700,10.8800,0.000122
FILLER_0_579,VGND,li1,273.7000,10.8800,0.000126
FILLER_0_567,VGND,li1,269.1000,10.8800,0.000134
FILLER_0_552,VGND,li1,261.2800,10.8800,0.000148
FILLER_0_545,VGND,li1,257.1400,10.8800,0.000155
FILLER_0_538,VGND,li1,253.9200,10.8800,0.000161
FILLER_0_533,VGND,li1,251.1600,10.8800,0.000165
FILLER_0_531,VGND,li1,250.0100,10.8800,0.000168
FILLER_0_527,VGND,li1,248.1700,10.8800,0.000171
FILLER_0_510,VGND,li1,241.0400,10.8800,0.000180
FILLER_0_505,VGND,li1,238.2800,10.8800,0.000183
FILLER_0_497,VGND,li1,234.8300,10.8800,0.000189
FILLER_0_489,VGND,li1,231.3800,10.8800,0.000191
FILLER_0_482,VGND,li1,227.9300,10.8800,0.000195
FILLER_0_477,VGND,li1,225.4000,10.8800,0.000197
FILLER_0_468,VGND,li1,221.7200,10.8800,0.000198
FILLER_0_462,VGND,li1,218.7300,10.8800,0.000198
FILLER_0_457,VGND,li1,215.9700,10.8800,0.000197
FILLER_0_449,VGND,li1,212.5200,10.8800,0.000196
FILLER_0_447,VGND,li1,211.3700,10.8800,0.000195
FILLER_0_441,VGND,li1,209.0700,10.8800,0.000194
FILLER_0_434,VGND,li1,205.8500,10.8800,0.000189
FILLER_0_427,VGND,li1,202.6300,10.8800,0.000181
FILLER_0_421,VGND,li1,199.6400,10.8800,0.000172
FILLER_0_419,VGND,li1,198.4900,10.8800,0.000172
FILLER_0_412,VGND,li1,195.9600,10.8800,0.000163
FILLER_0_406,VGND,li1,192.9700,10.8800,0.000152
FILLER_0_399,VGND,li1,189.7500,10.8800,0.000141
FILLER_0_393,VGND,li1,186.7600,10.8800,0.000127
FILLER_0_385,VGND,li1,183.3100,10.8800,0.000098
FILLER_0_365,VGND,li1,173.8800,10.8800,0.000078
FILLER_0_361,VGND,li1,172.2700,10.8800,0.000078
FILLER_0_349,VGND,li1,168.8200,10.8800,0.000077
FILLER_0_337,VGND,li1,163.3000,10.8800,0.000077
FILLER_0_328,VGND,li1,158.2400,10.8800,0.000076
FILLER_0_321,VGND,li1,154.1000,10.8800,0.000076
FILLER_0_309,VGND,li1,150.4200,10.8800,0.000075
FILLER_0_300,VGND,li1,144.4400,10.8800,0.000074
FILLER_0_293,VGND,li1,141.2200,10.8800,0.000073
FILLER_0_289,VGND,li1,138.6900,10.8800,0.000072
FILLER_0_281,VGND,li1,136.6200,10.8800,0.000072
FILLER_0_277,VGND,li1,133.6300,10.8800,0.000070
FILLER_0_265,VGND,li1,130.1800,10.8800,0.000069
FILLER_0_258,VGND,li1,125.1200,10.8800,0.000066
FILLER_0_253,VGND,li1,122.3600,10.8800,0.000065
FILLER_0_251,VGND,li1,121.2100,10.8800,0.000064
FILLER_0_245,VGND,li1,119.6000,10.8800,0.000064
FILLER_0_237,VGND,li1,115.4600,10.8800,0.000062
FILLER_0_225,VGND,li1,111.7800,10.8800,0.000060
FILLER_0_221,VGND,li1,107.8700,10.8800,0.000058
FILLER_0_209,VGND,li1,104.4200,10.8800,0.000056
FILLER_0_197,VGND,li1,98.9000,10.8800,0.000052
FILLER_0_193,VGND,li1,94.9900,10.8800,0.000050
FILLER_0_181,VGND,li1,91.5400,10.8800,0.000048
FILLER_0_169,VGND,li1,86.0200,10.8800,0.000045
FILLER_0_165,VGND,li1,82.1100,10.8800,0.000042
FILLER_0_153,VGND,li1,78.6600,10.8800,0.000040
FILLER_0_141,VGND,li1,73.1400,10.8800,0.000037
FILLER_0_137,VGND,li1,69.2300,10.8800,0.000035
FILLER_0_125,VGND,li1,65.7800,10.8800,0.000033
FILLER_0_113,VGND,li1,60.2600,10.8800,0.000029
FILLER_0_109,VGND,li1,56.3500,10.8800,0.000027
FILLER_0_97,VGND,li1,52.9000,10.8800,0.000025
FILLER_0_85,VGND,li1,47.3800,10.8800,0.000022
FILLER_0_81,VGND,li1,43.4700,10.8800,0.000019
FILLER_0_69,VGND,li1,40.0200,10.8800,0.000017
FILLER_0_57,VGND,li1,34.5000,10.8800,0.000014
FILLER_0_55,VGND,li1,31.0500,10.8800,0.000011
FILLER_0_49,VGND,li1,29.4400,10.8800,0.000011
FILLER_0_37,VGND,li1,25.3000,10.8800,0.000008
FILLER_0_29,VGND,li1,19.3200,10.8800,0.000009
FILLER_0_27,VGND,li1,18.1700,10.8800,0.000009
FILLER_0_15,VGND,li1,15.1800,10.8800,0.000009
FILLER_0_3,VGND,li1,9.6600,10.8800,0.000009
ANTENNA_33,VGND,li1,336.7200,261.1200,0.000179
ANTENNA_32,VGND,li1,73.1400,217.6000,0.000129
ANTENNA_31,VGND,li1,295.7800,217.6000,0.000223
ANTENNA_30,VGND,li1,175.7200,190.4000,0.000140
ANTENNA_29,VGND,li1,363.4000,326.4000,0.001869
ANTENNA_28,VGND,li1,188.6000,108.8000,0.000251
ANTENNA_27,VGND,li1,143.9800,282.8800,0.000150
ANTENNA_26,VGND,li1,122.3600,81.6000,0.001069
ANTENNA_25,VGND,li1,227.7000,141.4400,0.000946
ANTENNA_24,VGND,li1,94.7600,250.2400,0.000145
ANTENNA_23,VGND,li1,9.2000,184.9600,0.000150
ANTENNA_22,VGND,li1,177.1000,97.9200,0.000847
ANTENNA_21,VGND,li1,25.3000,103.3600,0.000140
ANTENNA_20,VGND,li1,239.6600,195.8400,0.000228
ANTENNA_19,VGND,li1,197.8000,97.9200,0.000943
ANTENNA_18,VGND,li1,9.2000,103.3600,0.000124
ANTENNA_17,VGND,li1,227.2400,261.1200,0.000306
ANTENNA_16,VGND,li1,249.3200,152.3200,0.001366
ANTENNA_15,VGND,li1,131.5600,125.1200,0.001009
ANTENNA_14,VGND,li1,120.5200,369.9200,0.006034
ANTENNA_13,VGND,li1,175.7200,359.0400,0.000265
ANTENNA_12,VGND,li1,214.8200,87.0400,0.001356
ANTENNA_11,VGND,li1,186.7600,48.9600,0.000838
ANTENNA_10,VGND,li1,22.0800,48.9600,0.000187
ANTENNA_9,VGND,li1,20.2400,206.7200,0.000048
ANTENNA_8,VGND,li1,228.6200,337.2800,0.005046
ANTENNA_7,VGND,li1,65.7800,342.7200,0.000920
ANTENNA_6,VGND,li1,280.6000,97.9200,0.001032
ANTENNA_5,VGND,li1,113.6200,103.3600,0.000849
ANTENNA_4,VGND,li1,254.3800,342.7200,0.002535
ANTENNA_3,VGND,li1,99.8200,342.7200,0.001532
ANTENNA_2,VGND,li1,268.1800,342.7200,0.002397
ANTENNA_1,VGND,li1,108.1000,342.7200,0.001670
rebuffer246,VGND,li1,246.7900,179.5200,0.000451
rebuffer245,VGND,li1,9.2000,168.6400,0.000066
rebuffer244,VGND,li1,15.6400,163.2000,0.000086
rebuffer243,VGND,li1,39.3300,168.6400,0.000137
rebuffer240,VGND,li1,166.0600,212.1600,0.000143
rebuffer239,VGND,li1,157.5500,255.6800,0.000253
rebuffer238,VGND,li1,154.3300,233.9200,0.000182
rebuffer237,VGND,li1,175.7200,266.5600,0.000186
rebuffer236,VGND,li1,181.4700,272.0000,0.000249
rebuffer232,VGND,li1,28.7500,174.0800,0.000107
rebuffer231,VGND,li1,24.1500,168.6400,0.000061
rebuffer230,VGND,li1,30.3600,174.0800,0.000132
rebuffer229,VGND,li1,250.0100,190.4000,0.000313
clone221,VGND,li1,71.7600,195.8400,0.000383
rebuffer220,VGND,li1,136.3900,206.7200,0.000117
rebuffer219,VGND,li1,167.9000,223.0400,0.000122
rebuffer218,VGND,li1,170.4300,239.3600,0.000152
rebuffer217,VGND,li1,192.5100,299.2000,0.000234
rebuffer216,VGND,li1,184.0000,293.7600,0.000090
rebuffer215,VGND,li1,181.2400,293.7600,0.000073
rebuffer212,VGND,li1,230.4600,146.8800,0.001900
rebuffer205,VGND,li1,40.2500,163.2000,0.000195
rebuffer204,VGND,li1,37.2600,163.2000,0.000175
rebuffer203,VGND,li1,21.1600,168.6400,0.000062
rebuffer202,VGND,li1,23.9200,163.2000,0.000083
rebuffer201,VGND,li1,12.6500,163.2000,0.000086
rebuffer200,VGND,li1,27.3700,174.0800,0.000107
rebuffer199,VGND,li1,105.5700,179.5200,0.000644
rebuffer198,VGND,li1,30.5900,168.6400,0.000094
rebuffer197,VGND,li1,61.6400,168.6400,0.000220
rebuffer186,VGND,li1,343.3900,320.9600,0.001437
rebuffer185,VGND,li1,302.9100,217.6000,0.000194
rebuffer184,VGND,li1,314.6400,250.2400,0.000326
rebuffer183,VGND,li1,329.1300,315.5200,0.000658
rebuffer167,VGND,li1,59.3400,163.2000,0.000323
rebuffer166,VGND,li1,94.9900,163.2000,0.000477
rebuffer165,VGND,li1,92.0000,174.0800,0.000555
rebuffer164,VGND,li1,21.1600,163.2000,0.000084
rebuffer149,VGND,li1,210.9100,190.4000,0.000237
rebuffer147,VGND,li1,320.6200,310.0800,0.000639
rebuffer146,VGND,li1,316.2500,310.0800,0.000726
rebuffer139,VGND,li1,207.0000,184.9600,0.000247
rebuffer135,VGND,li1,158.0100,261.1200,0.000503
rebuffer133,VGND,li1,270.2500,168.6400,0.000250
rebuffer127,VGND,li1,114.7700,81.6000,0.001029
rebuffer126,VGND,li1,81.1900,141.4400,0.000825
rebuffer125,VGND,li1,32.2000,293.7600,0.000054
rebuffer124,VGND,li1,299.9200,201.2800,0.000157
rebuffer123,VGND,li1,312.3400,206.7200,0.000112
rebuffer122,VGND,li1,9.2000,163.2000,0.000086
rebuffer121,VGND,li1,141.6800,206.7200,0.000111
rebuffer120,VGND,li1,115.2300,206.7200,0.000134
rebuffer119,VGND,li1,77.9700,206.7200,0.000126
rebuffer118,VGND,li1,11.5000,146.8800,0.000190
rebuffer117,VGND,li1,112.0100,206.7200,0.000135
rebuffer116,VGND,li1,15.6400,152.3200,0.000205
rebuffer105,VGND,li1,141.9100,212.1600,0.000155
rebuffer104,VGND,li1,131.1000,206.7200,0.000124
rebuffer103,VGND,li1,74.7500,223.0400,0.000179
rebuffer102,VGND,li1,192.0500,277.4400,0.000392
rebuffer101,VGND,li1,110.6300,239.3600,0.000331
rebuffer100,VGND,li1,147.6600,255.6800,0.000296
rebuffer99,VGND,li1,115.2300,261.1200,0.000752
rebuffer95,VGND,li1,192.0500,70.7200,0.000156
rebuffer94,VGND,li1,290.4900,206.7200,0.000130
rebuffer93,VGND,li1,282.9000,206.7200,0.000133
rebuffer92,VGND,li1,210.6800,163.2000,0.000312
clone91,VGND,li1,197.1100,87.0400,0.001427
rebuffer90,VGND,li1,218.0400,174.0800,0.000208
clone89,VGND,li1,209.0700,174.0800,0.000189
rebuffer88,VGND,li1,253.2300,190.4000,0.000319
rebuffer87,VGND,li1,221.4900,184.9600,0.000285
clone86,VGND,li1,197.3400,184.9600,0.000215
rebuffer85,VGND,li1,216.2000,184.9600,0.000268
rebuffer84,VGND,li1,210.2200,184.9600,0.000253
rebuffer83,VGND,li1,215.2800,163.2000,0.000327
rebuffer82,VGND,li1,238.5100,179.5200,0.000418
rebuffer81,VGND,li1,211.8300,168.6400,0.000166
rebuffer80,VGND,li1,213.2100,152.3200,0.001504
rebuffer79,VGND,li1,264.7300,163.2000,0.000479
rebuffer78,VGND,li1,265.1900,168.6400,0.000257
rebuffer77,VGND,li1,335.3400,190.4000,0.000281
rebuffer76,VGND,li1,285.8900,179.5200,0.000509
rebuffer75,VGND,li1,330.0500,190.4000,0.000254
rebuffer74,VGND,li1,261.7400,168.6400,0.000255
rebuffer73,VGND,li1,166.5200,146.8800,0.001471
rebuffer72,VGND,li1,16.1000,141.4400,0.000150
rebuffer71,VGND,li1,145.5900,206.7200,0.000107
rebuffer70,VGND,li1,123.5100,206.7200,0.000129
rebuffer69,VGND,li1,120.7500,212.1600,0.000154
rebuffer68,VGND,li1,87.1700,206.7200,0.000133
rebuffer67,VGND,li1,14.2600,136.0000,0.000050
rebuffer66,VGND,li1,204.0100,97.9200,0.000974
rebuffer65,VGND,li1,171.1200,152.3200,0.001575
rebuffer64,VGND,li1,175.7200,157.7600,0.000727
rebuffer55,VGND,li1,11.0400,59.8400,0.000087
rebuffer54,VGND,li1,14.0300,81.6000,0.000134
rebuffer53,VGND,li1,9.4300,87.0400,0.000279
rebuffer52,VGND,li1,138.6900,206.7200,0.000114
rebuffer51,VGND,li1,24.3800,152.3200,0.000200
rebuffer50,VGND,li1,67.8500,206.7200,0.000115
rebuffer49,VGND,li1,7.8200,157.7600,0.000116
rebuffer48,VGND,li1,39.1000,146.8800,0.000420
rebuffer47,VGND,li1,14.7200,146.8800,0.000188
rebuffer46,VGND,li1,14.9500,157.7600,0.000114
rebuffer45,VGND,li1,169.7400,152.3200,0.001682
rebuffer44,VGND,li1,167.6700,48.9600,0.001693
rebuffer43,VGND,li1,87.1700,212.1600,0.000133
rebuffer42,VGND,li1,15.1800,76.1600,0.000146
rebuffer41,VGND,li1,330.5100,217.6000,0.000073
rebuffer40,VGND,li1,309.3500,201.2800,0.000154
rebuffer39,VGND,li1,238.5100,174.0800,0.000248
rebuffer38,VGND,li1,304.5200,201.2800,0.000156
rebuffer37,VGND,li1,285.2000,201.2800,0.000159
rebuffer36,VGND,li1,261.9700,195.8400,0.000245
rebuffer35,VGND,li1,196.4200,70.7200,0.000169
rebuffer34,VGND,li1,336.0300,272.0000,0.000287
rebuffer33,VGND,li1,241.2700,130.5600,0.000280
rebuffer32,VGND,li1,307.5100,223.0400,0.000152
rebuffer31,VGND,li1,278.7600,223.0400,0.000255
rebuffer30,VGND,li1,85.5600,184.9600,0.000810
rebuffer29,VGND,li1,243.5700,179.5200,0.000439
rebuffer28,VGND,li1,225.4000,174.0800,0.000225
rebuffer27,VGND,li1,141.9100,266.5600,0.000481
rebuffer26,VGND,li1,143.2900,223.0400,0.000169
rebuffer25,VGND,li1,143.9800,217.6000,0.000133
rebuffer24,VGND,li1,320.3900,212.1600,0.000126
rebuffer23,VGND,li1,362.2500,266.5600,0.000423
rebuffer22,VGND,li1,337.1800,250.2400,0.000220
rebuffer21,VGND,li1,151.8000,364.4800,0.005061
rebuffer20,VGND,li1,254.6100,152.3200,0.001342
rebuffer19,VGND,li1,255.9900,152.3200,0.001342
rebuffer18,VGND,li1,273.7000,179.5200,0.000525
rebuffer17,VGND,li1,267.4900,179.5200,0.000518
rebuffer16,VGND,li1,231.8400,157.7600,0.000847
rebuffer15,VGND,li1,227.0100,152.3200,0.001460
rebuffer14,VGND,li1,80.2700,217.6000,0.000135
rebuffer13,VGND,li1,77.0500,217.6000,0.000132
rebuffer12,VGND,li1,22.5400,157.7600,0.000110
rebuffer10,VGND,li1,67.1600,146.8800,0.000864
rebuffer9,VGND,li1,348.4500,266.5600,0.000335
rebuffer8,VGND,li1,345.6900,272.0000,0.000431
rebuffer7,VGND,li1,82.8000,217.6000,0.000139
rebuffer6,VGND,li1,36.8000,152.3200,0.000403
rebuffer5,VGND,li1,34.5000,146.8800,0.000315
rebuffer4,VGND,li1,336.7200,157.7600,0.001046
rebuffer3,VGND,li1,346.1500,250.2400,0.000288
rebuffer2,VGND,li1,334.6500,244.8000,0.000279
rebuffer1,VGND,li1,341.7800,244.8000,0.000341
rebuffer11,VGND,li1,21.6200,146.8800,0.000184
clkload6,VGND,li1,356.2700,272.0000,0.000526
clkload5,VGND,li1,312.3400,320.9600,0.001874
clkload4,VGND,li1,342.2400,152.3200,0.001420
clkload3,VGND,li1,182.3900,359.0400,0.000236
clkload2,VGND,li1,140.3000,359.0400,0.000830
clkload1,VGND,li1,154.5600,157.7600,0.000948
clkload0,VGND,li1,79.5800,190.4000,0.000647
clkbuf_3_7__f_clk,VGND,li1,354.6600,277.4400,0.000380
clkbuf_3_6__f_clk,VGND,li1,315.5600,315.5200,0.001058
clkbuf_3_5__f_clk,VGND,li1,345.4600,152.3200,0.001587
clkbuf_3_4__f_clk,VGND,li1,373.9800,195.8400,0.000431
clkbuf_3_3__f_clk,VGND,li1,184.4600,353.6000,0.000160
clkbuf_3_2__f_clk,VGND,li1,139.3800,353.6000,0.000414
clkbuf_3_1__f_clk,VGND,li1,158.2400,152.3200,0.001931
clkbuf_3_0__f_clk,VGND,li1,85.1000,190.4000,0.000676
clkbuf_0_clk,VGND,li1,203.3200,212.1600,0.000417
fanout700,VGND,li1,206.0800,130.5600,0.000204
fanout699,VGND,li1,275.0800,195.8400,0.000249
fanout698,VGND,li1,205.6200,130.5600,0.000204
fanout697,VGND,li1,16.5600,130.5600,0.000062
fanout696,VGND,li1,109.9400,212.1600,0.000150
fanout695,VGND,li1,107.1800,212.1600,0.000149
fanout694,VGND,li1,14.7200,130.5600,0.000063
fanout693,VGND,li1,332.1200,348.1600,0.000099
fanout692,VGND,li1,333.0400,342.7200,0.000375
fanout691,VGND,li1,354.4300,184.9600,0.000471
fanout690,VGND,li1,356.5000,168.6400,0.000140
fanout689,VGND,li1,174.3400,359.0400,0.000265
fanout688,VGND,li1,158.9300,359.0400,0.000548
fanout687,VGND,li1,170.2000,359.0400,0.000336
fanout686,VGND,li1,164.2200,179.5200,0.000249
fanout685,VGND,li1,135.7000,288.3200,0.000098
fanout684,VGND,li1,163.3000,288.3200,0.000077
fanout683,VGND,li1,141.6800,282.8800,0.000157
fanout682,VGND,li1,155.0200,293.7600,0.000097
fanout681,VGND,li1,45.5400,288.3200,0.000063
fanout680,VGND,li1,97.0600,293.7600,0.000122
fanout679,VGND,li1,26.6800,293.7600,0.000041
fanout678,VGND,li1,17.9400,293.7600,0.000040
fanout677,VGND,li1,308.2000,179.5200,0.000417
fanout676,VGND,li1,293.9400,136.0000,0.000492
fanout675,VGND,li1,287.5000,146.8800,0.001610
fanout674,VGND,li1,283.3600,103.3600,0.001601
fanout673,VGND,li1,291.6400,130.5600,0.000266
fanout672,VGND,li1,285.2000,103.3600,0.001620
fanout671,VGND,li1,335.8000,348.1600,0.000126
fanout670,VGND,li1,299.2300,348.1600,0.000229
fanout669,VGND,li1,335.8000,342.7200,0.000393
fanout668,VGND,li1,162.3800,364.4800,0.003613
fanout667,VGND,li1,165.1400,359.0400,0.000421
fanout666,VGND,li1,313.7200,179.5200,0.000393
fanout665,VGND,li1,318.7800,174.0800,0.000151
fanout664,VGND,li1,166.5200,179.5200,0.000225
fanout663,VGND,li1,183.0800,174.0800,0.000123
fanout662,VGND,li1,286.5800,81.6000,0.000536
fanout661,VGND,li1,296.2400,119.6800,0.000537
fanout660,VGND,li1,297.6200,81.6000,0.000458
fanout659,VGND,li1,299.2300,114.2400,0.000426
fanout658,VGND,li1,299.4600,81.6000,0.000445
fanout657,VGND,li1,289.8000,59.8400,0.000829
fanout656,VGND,li1,66.0100,168.6400,0.000230
fanout655,VGND,li1,63.0200,163.2000,0.000347
fanout654,VGND,li1,76.3600,152.3200,0.001083
fanout653,VGND,li1,109.9400,168.6400,0.000273
fanout652,VGND,li1,65.3200,174.0800,0.000397
fanout651,VGND,li1,107.6400,157.7600,0.000782
fanout650,VGND,li1,77.2800,174.0800,0.000478
fanout649,VGND,li1,109.9400,70.7200,0.000271
fanout648,VGND,li1,126.5000,125.1200,0.001000
fanout647,VGND,li1,117.3000,65.2800,0.000261
fanout646,VGND,li1,315.5600,348.1600,0.000170
fanout645,VGND,li1,290.0300,359.0400,0.000242
fanout644,VGND,li1,320.6200,348.1600,0.000145
fanout643,VGND,li1,137.5400,375.3600,0.000265
fanout642,VGND,li1,138.4600,375.3600,0.000265
fanout641,VGND,li1,313.7200,179.5200,0.000393
fanout640,VGND,li1,309.5800,168.6400,0.000160
fanout639,VGND,li1,187.2200,174.0800,0.000134
fanout638,VGND,li1,138.9200,201.2800,0.000073
fanout637,VGND,li1,128.1100,125.1200,0.001005
fanout636,VGND,li1,115.4600,65.2800,0.000261
fanout635,VGND,li1,130.1800,125.1200,0.001009
fanout634,VGND,li1,316.4800,266.5600,0.000186
fanout633,VGND,li1,342.2400,261.1200,0.000227
fanout632,VGND,li1,333.0400,277.4400,0.000181
fanout631,VGND,li1,342.2400,272.0000,0.000368
fanout630,VGND,li1,326.1400,282.8800,0.000086
fanout629,VGND,li1,331.2000,277.4400,0.000163
fanout628,VGND,li1,314.1800,272.0000,0.000422
fanout627,VGND,li1,293.9400,288.3200,0.000103
fanout626,VGND,li1,309.1200,288.3200,0.000081
fanout625,VGND,li1,291.1800,282.8800,0.000157
fanout624,VGND,li1,285.2000,299.2000,0.000213
fanout623,VGND,li1,284.5100,359.0400,0.000269
fanout622,VGND,li1,300.3800,331.8400,0.005843
fanout621,VGND,li1,281.0600,359.0400,0.000282
fanout620,VGND,li1,125.5800,359.0400,0.000760
fanout619,VGND,li1,126.9600,353.6000,0.000383
fanout618,VGND,li1,316.9400,179.5200,0.000380
fanout617,VGND,li1,364.3200,136.0000,0.000511
fanout616,VGND,li1,172.0400,179.5200,0.000174
fanout615,VGND,li1,133.4000,184.9600,0.000757
fanout614,VGND,li1,8.7400,212.1600,0.000043
fanout613,VGND,li1,138.0000,228.4800,0.000304
fanout612,VGND,li1,45.5400,239.3600,0.000171
fanout611,VGND,li1,125.1200,233.9200,0.000277
fanout610,VGND,li1,127.8800,239.3600,0.000313
fanout609,VGND,li1,46.0000,244.8000,0.000145
fanout608,VGND,li1,111.7800,250.2400,0.000148
fanout607,VGND,li1,40.0200,239.3600,0.000153
fanout606,VGND,li1,105.3400,250.2400,0.000148
fanout605,VGND,li1,26.2200,250.2400,0.000048
fanout604,VGND,li1,85.5600,255.6800,0.000285
fanout603,VGND,li1,23.4600,255.6800,0.000065
fanout602,VGND,li1,27.1400,250.2400,0.000048
fanout601,VGND,li1,251.6200,114.2400,0.000523
fanout600,VGND,li1,235.0600,157.7600,0.000849
fanout599,VGND,li1,233.2200,65.2800,0.000489
fanout598,VGND,li1,233.2200,136.0000,0.000430
fanout597,VGND,li1,285.2000,353.6000,0.000113
fanout596,VGND,li1,287.9600,359.0400,0.000252
fanout595,VGND,li1,130.1800,359.0400,0.000788
fanout594,VGND,li1,131.5600,359.0400,0.000788
fanout593,VGND,li1,307.2800,168.6400,0.000167
fanout592,VGND,li1,367.5400,136.0000,0.000514
fanout591,VGND,li1,171.5800,179.5200,0.000191
fanout590,VGND,li1,190.9000,119.6800,0.000672
fanout589,VGND,li1,235.5200,136.0000,0.000438
fanout588,VGND,li1,235.9800,65.2800,0.000514
fanout587,VGND,li1,236.4400,59.8400,0.000578
fanout586,VGND,li1,251.6200,103.3600,0.001293
fanout585,VGND,li1,247.4800,43.5200,0.000669
fanout584,VGND,li1,250.0100,108.8000,0.000321
fanout583,VGND,li1,249.3200,43.5200,0.000662
fanout582,VGND,li1,250.9300,87.0400,0.001177
fanout581,VGND,li1,248.4000,38.0800,0.000617
fanout580,VGND,li1,17.0200,97.9200,0.000170
fanout579,VGND,li1,30.3600,141.4400,0.000216
fanout578,VGND,li1,47.8400,157.7600,0.000333
fanout577,VGND,li1,49.2200,163.2000,0.000262
fanout576,VGND,li1,43.2400,152.3200,0.000549
fanout575,VGND,li1,45.0800,146.8800,0.000507
fanout574,VGND,li1,51.5200,103.3600,0.000405
fanout573,VGND,li1,262.6600,359.0400,0.000335
fanout572,VGND,li1,258.0600,359.0400,0.000334
fanout571,VGND,li1,121.9000,369.9200,0.005898
fanout570,VGND,li1,97.0600,364.4800,0.005897
fanout569,VGND,li1,308.6600,152.3200,0.001016
fanout568,VGND,li1,307.7400,125.1200,0.000729
fanout567,VGND,li1,339.0200,70.7200,0.000274
fanout566,VGND,li1,187.2200,108.8000,0.000248
fanout565,VGND,li1,142.1400,130.5600,0.000400
fanout564,VGND,li1,68.5400,119.6800,0.000728
fanout563,VGND,li1,54.2800,157.7600,0.000391
fanout562,VGND,li1,69.2300,130.5600,0.000261
fanout561,VGND,li1,69.4600,136.0000,0.000159
fanout560,VGND,li1,73.8300,130.5600,0.000274
fanout559,VGND,li1,64.8600,130.5600,0.000245
fanout558,VGND,li1,345.0000,217.6000,0.000064
fanout557,VGND,li1,356.0400,223.0400,0.000081
fanout556,VGND,li1,341.7800,228.4800,0.000101
fanout555,VGND,li1,356.0400,228.4800,0.000129
fanout554,VGND,li1,327.0600,228.4800,0.000104
fanout553,VGND,li1,343.6200,228.4800,0.000106
fanout552,VGND,li1,324.3000,228.4800,0.000113
fanout551,VGND,li1,322.0000,239.3600,0.000218
fanout550,VGND,li1,323.8400,239.3600,0.000195
fanout549,VGND,li1,294.1700,239.3600,0.000348
fanout548,VGND,li1,299.9200,239.3600,0.000327
fanout547,VGND,li1,252.0800,359.0400,0.000332
fanout546,VGND,li1,247.9400,364.4800,0.000936
fanout545,VGND,li1,248.8600,359.0400,0.000330
fanout544,VGND,li1,251.6200,359.0400,0.000332
fanout543,VGND,li1,119.1400,364.4800,0.006269
fanout542,VGND,li1,309.3500,125.1200,0.000729
fanout541,VGND,li1,360.1800,125.1200,0.000817
fanout540,VGND,li1,181.7000,70.7200,0.000107
fanout539,VGND,li1,138.0000,130.5600,0.000396
fanout538,VGND,li1,275.0800,266.5600,0.000254
fanout537,VGND,li1,240.1200,250.2400,0.000289
fanout536,VGND,li1,297.1600,125.1200,0.000802
fanout535,VGND,li1,365.2400,255.6800,0.000183
fanout534,VGND,li1,295.3200,125.1200,0.000814
fanout533,VGND,li1,133.4000,125.1200,0.001015
fanout532,VGND,li1,178.4800,261.1200,0.000191
fanout531,VGND,li1,135.7000,125.1200,0.001020
fanout530,VGND,li1,300.8400,146.8800,0.001530
fanout529,VGND,li1,301.3000,141.4400,0.000754
fanout528,VGND,li1,120.0600,146.8800,0.001451
fanout527,VGND,li1,167.9000,288.3200,0.000071
fanout526,VGND,li1,117.3000,141.4400,0.001081
fanout525,VGND,li1,293.9400,119.6800,0.000550
fanout524,VGND,li1,296.2400,114.2400,0.000443
fanout523,VGND,li1,338.1000,261.1200,0.000203
fanout522,VGND,li1,122.8200,125.1200,0.000990
fanout521,VGND,li1,133.4000,201.2800,0.000078
fanout520,VGND,li1,120.5200,125.1200,0.000984
fanout519,VGND,li1,13.8000,179.5200,0.000113
fanout518,VGND,li1,246.5600,195.8400,0.000236
fanout517,VGND,li1,248.4000,195.8400,0.000237
fanout516,VGND,li1,167.9000,206.7200,0.000070
fanout515,VGND,li1,218.9600,157.7600,0.000829
fanout514,VGND,li1,102.1200,206.7200,0.000137
fanout513,VGND,li1,11.5000,179.5200,0.000115
fanout512,VGND,li1,11.9600,130.5600,0.000063
fanout511,VGND,li1,64.4000,299.2000,0.000123
fanout510,VGND,li1,228.1600,299.2000,0.000253
fanout509,VGND,li1,262.2000,288.3200,0.000138
fanout508,VGND,li1,277.3800,163.2000,0.000468
fanout507,VGND,li1,287.5000,168.6400,0.000218
fanout506,VGND,li1,145.3600,282.8800,0.000150
fanout505,VGND,li1,63.9400,293.7600,0.000106
fanout504,VGND,li1,74.5200,157.7600,0.000557
fanout503,VGND,li1,80.0400,157.7600,0.000600
fanout502,VGND,li1,222.6400,299.2000,0.000253
fanout501,VGND,li1,249.3200,293.7600,0.000165
fanout500,VGND,li1,263.1200,146.8800,0.001748
fanout499,VGND,li1,287.0400,163.2000,0.000446
fanout498,VGND,li1,53.8200,299.2000,0.000102
fanout497,VGND,li1,51.0600,299.2000,0.000094
fanout496,VGND,li1,121.6700,103.3600,0.000883
fanout495,VGND,li1,78.2000,157.7600,0.000577
fanout494,VGND,li1,220.3400,293.7600,0.000150
fanout493,VGND,li1,214.8200,293.7600,0.000144
fanout492,VGND,li1,262.6600,152.3200,0.001298
fanout491,VGND,li1,37.7200,293.7600,0.000067
fanout490,VGND,li1,40.0200,293.7600,0.000072
fanout489,VGND,li1,74.5200,146.8800,0.000975
fanout488,VGND,li1,210.2200,293.7600,0.000140
fanout487,VGND,li1,215.7400,288.3200,0.000135
fanout486,VGND,li1,286.1200,108.8000,0.000307
fanout485,VGND,li1,34.5000,299.2000,0.000053
fanout484,VGND,li1,29.9000,293.7600,0.000048
fanout483,VGND,li1,27.1400,293.7600,0.000041
fanout482,VGND,li1,74.9800,141.4400,0.000760
fanout481,VGND,li1,23.0000,299.2000,0.000033
fanout480,VGND,li1,214.3600,288.3200,0.000133
fanout479,VGND,li1,209.7600,288.3200,0.000128
fanout478,VGND,li1,264.5000,103.3600,0.001435
fanout477,VGND,li1,24.3800,293.7600,0.000036
fanout476,VGND,li1,15.1800,293.7600,0.000041
fanout475,VGND,li1,80.5000,119.6800,0.000869
fanout474,VGND,li1,257.1400,119.6800,0.000674
fanout473,VGND,li1,358.3400,223.0400,0.000082
fanout472,VGND,li1,253.2300,119.6800,0.000680
fanout471,VGND,li1,255.7600,119.6800,0.000677
fanout470,VGND,li1,174.8000,228.4800,0.000159
fanout469,VGND,li1,174.3400,223.0400,0.000107
fanout468,VGND,li1,71.0700,119.6800,0.000749
fanout467,VGND,li1,69.0000,114.2400,0.000450
fanout466,VGND,li1,250.7000,152.3200,0.001366
fanout465,VGND,li1,283.3600,250.2400,0.000360
fanout464,VGND,li1,280.6000,244.8000,0.000643
fanout463,VGND,li1,253.0000,146.8800,0.001803
fanout462,VGND,li1,245.6400,136.0000,0.000469
fanout461,VGND,li1,82.3400,255.6800,0.000277
fanout460,VGND,li1,131.5600,255.6800,0.000337
fanout459,VGND,li1,40.0200,152.3200,0.000491
fanout458,VGND,li1,30.8200,179.5200,0.000144
fanout457,VGND,li1,234.1400,163.2000,0.000401
fanout456,VGND,li1,244.2600,184.9600,0.000339
fanout455,VGND,li1,280.6000,244.8000,0.000643
fanout454,VGND,li1,241.9600,163.2000,0.000429
fanout453,VGND,li1,35.4200,179.5200,0.000181
fanout452,VGND,li1,113.1600,255.6800,0.000331
fanout451,VGND,li1,38.8700,163.2000,0.000195
fanout450,VGND,li1,42.3200,146.8800,0.000473
fanout449,VGND,li1,225.8600,261.1200,0.000302
fanout448,VGND,li1,246.5600,250.2400,0.000302
fanout447,VGND,li1,221.7200,261.1200,0.000298
fanout446,VGND,li1,239.2000,163.2000,0.000416
fanout445,VGND,li1,57.5000,255.6800,0.000219
fanout444,VGND,li1,52.9000,261.1200,0.000329
fanout443,VGND,li1,34.9600,168.6400,0.000116
fanout442,VGND,li1,45.0800,152.3200,0.000582
fanout441,VGND,li1,43.2400,136.0000,0.000099
fanout440,VGND,li1,229.0800,141.4400,0.000950
fanout439,VGND,li1,243.3400,250.2400,0.000296
fanout438,VGND,li1,229.5400,163.2000,0.000383
fanout437,VGND,li1,230.9200,141.4400,0.000953
fanout436,VGND,li1,110.4000,255.6800,0.000328
fanout435,VGND,li1,39.5600,261.1200,0.000219
fanout434,VGND,li1,40.0200,130.5600,0.000133
fanout433,VGND,li1,41.8600,141.4400,0.000352
fanout432,VGND,li1,9.6600,76.1600,0.000148
fanout431,VGND,li1,192.2800,81.6000,0.000515
fanout430,VGND,li1,253.4600,190.4000,0.000319
fanout429,VGND,li1,208.3800,157.7600,0.000807
fanout428,VGND,li1,188.6000,81.6000,0.000506
fanout427,VGND,li1,86.4800,201.2800,0.000085
fanout426,VGND,li1,12.6500,163.2000,0.000086
fanout425,VGND,li1,15.1800,76.1600,0.000146
fanout424,VGND,li1,26.6800,266.5600,0.000082
fanout423,VGND,li1,202.8600,266.5600,0.000203
fanout422,VGND,li1,225.8600,250.2400,0.000250
fanout421,VGND,li1,226.3200,141.4400,0.000946
fanout420,VGND,li1,233.2200,103.3600,0.001106
fanout419,VGND,li1,96.1400,250.2400,0.000145
fanout418,VGND,li1,28.9800,266.5600,0.000097
fanout417,VGND,li1,28.5200,141.4400,0.000175
fanout416,VGND,li1,53.3600,103.3600,0.000428
fanout415,VGND,li1,206.5400,244.8000,0.000424
fanout414,VGND,li1,217.5800,244.8000,0.000471
fanout413,VGND,li1,216.6600,125.1200,0.000739
fanout412,VGND,li1,248.8600,76.1600,0.000458
fanout411,VGND,li1,25.3000,255.6800,0.000075
fanout410,VGND,li1,22.5400,250.2400,0.000044
fanout409,VGND,li1,27.6000,125.1200,0.000164
fanout408,VGND,li1,51.5200,87.0400,0.000953
fanout407,VGND,li1,241.0400,195.8400,0.000228
fanout406,VGND,li1,208.3800,244.8000,0.000435
fanout405,VGND,li1,199.1800,97.9200,0.000952
fanout404,VGND,li1,229.5400,76.1600,0.000425
fanout403,VGND,li1,13.3400,217.6000,0.000041
fanout402,VGND,li1,16.5600,212.1600,0.000040
fanout401,VGND,li1,7.8200,103.3600,0.000125
fanout400,VGND,li1,11.0400,103.3600,0.000124
fanout399,VGND,li1,376.0500,228.4800,0.000151
fanout398,VGND,li1,376.7400,233.9200,0.000132
fanout397,VGND,li1,368.0000,54.4000,0.001241
fanout396,VGND,li1,376.7400,146.8800,0.003844
fanout395,VGND,li1,178.4800,48.9600,0.000836
fanout394,VGND,li1,193.6600,364.4800,0.001290
fanout393,VGND,li1,180.7800,48.9600,0.000837
fanout392,VGND,li1,204.4700,157.7600,0.000797
fanout391,VGND,li1,64.6300,217.6000,0.000117
fanout390,VGND,li1,127.1900,206.7200,0.000126
fanout389,VGND,li1,65.5500,212.1600,0.000109
fanout388,VGND,li1,130.4100,212.1600,0.000156
fanout387,VGND,li1,66.2400,217.6000,0.000121
fanout386,VGND,li1,112.7000,201.2800,0.000084
fanout385,VGND,li1,28.0600,212.1600,0.000044
fanout384,VGND,li1,117.5300,201.2800,0.000083
fanout383,VGND,li1,34.9600,212.1600,0.000058
fanout382,VGND,li1,90.6200,206.7200,0.000134
fanout381,VGND,li1,33.5800,217.6000,0.000054
fanout380,VGND,li1,192.2800,70.7200,0.000156
fanout379,VGND,li1,185.3800,65.2800,0.000163
fanout378,VGND,li1,155.4800,206.7200,0.000092
fanout377,VGND,li1,9.6600,65.2800,0.000051
fanout376,VGND,li1,12.4200,141.4400,0.000151
fanout375,VGND,li1,9.6600,70.7200,0.000082
fanout374,VGND,li1,14.2600,201.2800,0.000043
fanout373,VGND,li1,17.0200,206.7200,0.000052
fanout371,VGND,li1,227.0100,136.0000,0.000399
fanout370,VGND,li1,225.4000,136.0000,0.000399
fanout369,VGND,li1,218.0400,87.0400,0.001339
fanout368,VGND,li1,222.6400,136.0000,0.000381
fanout367,VGND,li1,205.8500,114.2400,0.000358
fanout366,VGND,li1,205.1600,54.4000,0.000264
fanout365,VGND,li1,212.7500,119.6800,0.000692
fanout364,VGND,li1,207.0000,54.4000,0.000275
fanout363,VGND,li1,205.1600,92.4800,0.000695
fanout362,VGND,li1,208.8400,54.4000,0.000286
fanout361,VGND,li1,204.2400,43.5200,0.000750
fanout360,VGND,li1,200.5600,43.5200,0.000755
fanout359,VGND,li1,204.2400,97.9200,0.000974
fanout358,VGND,li1,206.0800,146.8800,0.001986
fanout357,VGND,li1,202.4000,146.8800,0.002001
fanout356,VGND,li1,9.6600,92.4800,0.000146
fanout355,VGND,li1,11.9600,152.3200,0.000206
fanout354,VGND,li1,11.0400,141.4400,0.000151
fanout353,VGND,li1,11.9600,157.7600,0.000115
fanout352,VGND,li1,23.0000,146.8800,0.000184
fanout351,VGND,li1,11.9600,152.3200,0.000206
fanout350,VGND,li1,14.7200,179.5200,0.000113
fanout349,VGND,li1,9.4300,125.1200,0.000139
fanout348,VGND,li1,28.5200,70.7200,0.000093
fanout347,VGND,li1,20.4700,141.4400,0.000148
fanout346,VGND,li1,12.4200,136.0000,0.000051
fanout345,VGND,li1,21.1600,125.1200,0.000135
fanout344,VGND,li1,17.4800,92.4800,0.000141
fanout343,VGND,li1,17.4800,76.1600,0.000145
fanout342,VGND,li1,23.9200,103.3600,0.000119
fanout341,VGND,li1,360.1800,223.0400,0.000082
fanout340,VGND,li1,294.4000,206.7200,0.000128
fanout339,VGND,li1,318.7800,201.2800,0.000150
fanout338,VGND,li1,326.6000,212.1600,0.000097
fanout337,VGND,li1,14.4900,92.4800,0.000144
fanout336,VGND,li1,218.2700,146.8800,0.001947
fanout335,VGND,li1,217.8100,136.0000,0.000367
fanout334,VGND,li1,207.9200,97.9200,0.000986
fanout333,VGND,li1,9.6600,146.8800,0.000191
fanout332,VGND,li1,8.9700,152.3200,0.000206
fanout331,VGND,li1,17.4800,87.0400,0.000277
fanout330,VGND,li1,299.0000,217.6000,0.000208
fanout329,VGND,li1,317.8600,212.1600,0.000137
fanout328,VGND,li1,286.8100,195.8400,0.000248
fanout327,VGND,li1,297.1600,217.6000,0.000214
fanout326,VGND,li1,285.2000,201.2800,0.000159
fanout325,VGND,li1,276.0000,195.8400,0.000249
fanout324,VGND,li1,252.0800,195.8400,0.000239
fanout323,VGND,li1,168.3600,359.0400,0.000387
fanout322,VGND,li1,177.5600,359.0400,0.000217
fanout321,VGND,li1,169.7400,331.8400,0.002445
fanout320,VGND,li1,172.5000,359.0400,0.000300
fanout319,VGND,li1,170.6600,320.9600,0.000790
fanout318,VGND,li1,172.9600,331.8400,0.002246
fanout317,VGND,li1,163.3000,359.0400,0.000468
fanout316,VGND,li1,172.5000,348.1600,0.000583
fanout315,VGND,li1,187.4500,54.4000,0.000155
fanout314,VGND,li1,214.8200,141.4400,0.000926
fanout313,VGND,li1,202.1700,201.2800,0.000082
fanout312,VGND,li1,184.4600,54.4000,0.000135
fanout311,VGND,li1,26.2200,70.7200,0.000072
fanout310,VGND,li1,74.5200,217.6000,0.000129
fanout309,VGND,li1,17.4800,136.0000,0.000048
fanout308,VGND,li1,27.6000,65.2800,0.000064
fanout307,VGND,li1,157.5500,359.0400,0.000548
fanout306,VGND,li1,169.7400,342.7200,0.001195
fanout305,VGND,li1,135.7000,375.3600,0.000268
fanout304,VGND,li1,152.2600,353.6000,0.000381
fanout303,VGND,li1,158.2400,353.6000,0.000362
fanout302,VGND,li1,362.0200,125.1200,0.000819
fanout301,VGND,li1,365.2400,184.9600,0.000501
fanout300,VGND,li1,363.8600,125.1200,0.000820
fanout299,VGND,li1,361.1000,184.9600,0.000492
fanout298,VGND,li1,370.7600,184.9600,0.000512
fanout297,VGND,li1,364.7800,136.0000,0.000513
fanout296,VGND,li1,358.3400,92.4800,0.000413
fanout295,VGND,li1,370.3000,136.0000,0.000516
fanout294,VGND,li1,366.6200,92.4800,0.000415
fanout293,VGND,li1,364.7800,81.6000,0.000192
fanout292,VGND,li1,216.2000,87.0400,0.001346
fanout291,VGND,li1,178.0200,190.4000,0.000123
fanout290,VGND,li1,215.7400,81.6000,0.000590
fanout289,VGND,li1,34.5000,92.4800,0.000227
fanout288,VGND,li1,72.4500,212.1600,0.000117
fanout287,VGND,li1,16.1000,206.7200,0.000052
fanout286,VGND,li1,15.1800,114.2400,0.000111
fanout285,VGND,li1,350.0600,114.2400,0.000174
fanout284,VGND,li1,350.9800,81.6000,0.000187
fanout283,VGND,li1,132.0200,114.2400,0.000609
fanout282,VGND,li1,126.0400,163.2000,0.000475
fanout281,VGND,li1,133.4000,108.8000,0.000499
fanout280,VGND,li1,126.0400,157.7600,0.000878
fanout279,VGND,li1,126.9600,108.8000,0.000483
fanout278,VGND,li1,171.3500,174.0800,0.000169
fanout277,VGND,li1,176.1800,59.8400,0.000164
fanout276,VGND,li1,185.1500,174.0800,0.000129
fanout275,VGND,li1,168.8200,59.8400,0.000211
fanout274,VGND,li1,173.8800,59.8400,0.000178
fanout273,VGND,li1,171.5800,114.2400,0.000326
fanout272,VGND,li1,157.7800,59.8400,0.000267
fanout271,VGND,li1,377.2000,141.4400,0.000908
fanout270,VGND,li1,365.2400,282.8800,0.000135
fanout269,VGND,li1,377.6600,141.4400,0.000908
fanout268,VGND,li1,164.2200,136.0000,0.000200
fanout267,VGND,li1,175.2600,331.8400,0.002066
fanout266,VGND,li1,166.0600,136.0000,0.000196
fanout265,VGND,li1,369.3800,288.3200,0.000054
fanout264,VGND,li1,369.8400,282.8800,0.000141
fanout263,VGND,li1,366.1600,293.7600,0.000064
fanout262,VGND,li1,368.4600,282.8800,0.000141
fanout261,VGND,li1,372.3700,293.7600,0.000065
fanout260,VGND,li1,370.7600,293.7600,0.000065
fanout259,VGND,li1,318.3200,342.7200,0.000868
fanout258,VGND,li1,284.2800,359.0400,0.000269
fanout257,VGND,li1,317.4000,348.1600,0.000159
fanout256,VGND,li1,291.1800,353.6000,0.000104
fanout255,VGND,li1,317.8600,348.1600,0.000159
fanout254,VGND,li1,303.1400,348.1600,0.000220
fanout253,VGND,li1,325.2200,342.7200,0.000604
fanout252,VGND,li1,170.6600,288.3200,0.000067
fanout251,VGND,li1,157.3200,277.4400,0.000418
fanout250,VGND,li1,85.7900,141.4400,0.000873
fanout249,VGND,li1,94.3000,304.6400,0.000199
max_cap248,VGND,li1,218.2700,212.1600,0.000405
fanout247,VGND,li1,138.0000,114.2400,0.000610
max_cap246,VGND,li1,39.7900,81.6000,0.000318
max_cap245,VGND,li1,311.1900,190.4000,0.000322
max_cap244,VGND,li1,219.1900,76.1600,0.000402
max_cap243,VGND,li1,174.3400,255.6800,0.000147
max_cap242,VGND,li1,157.0900,261.1200,0.000503
max_cap241,VGND,li1,320.6200,239.3600,0.000218
max_cap240,VGND,li1,269.5600,239.3600,0.000428
max_cap239,VGND,li1,55.8900,174.0800,0.000330
max_cap238,VGND,li1,63.7100,157.7600,0.000472
max_cap237,VGND,li1,59.8000,168.6400,0.000216
max_cap236,VGND,li1,63.0200,119.6800,0.000673
max_cap235,VGND,li1,257.1400,179.5200,0.000492
max_cap234,VGND,li1,265.6500,163.2000,0.000479
max_cap233,VGND,li1,243.5700,119.6800,0.000693
max_cap232,VGND,li1,194.3500,277.4400,0.000415
max_cap231,VGND,li1,348.4500,250.2400,0.000304
max_cap230,VGND,li1,86.2500,179.5200,0.000566
max_cap229,VGND,li1,283.5900,190.4000,0.000352
max_cap228,VGND,li1,188.3700,293.7600,0.000105
max_cap227,VGND,li1,355.8100,266.5600,0.000395
max_cap226,VGND,li1,77.2800,184.9600,0.000741
output225,VGND,li1,377.6600,337.2800,0.003695
output224,VGND,li1,377.6600,342.7200,0.000580
output223,VGND,li1,377.6600,299.2000,0.000371
output222,VGND,li1,377.6600,282.8800,0.000150
output221,VGND,li1,377.6600,272.0000,0.000582
output220,VGND,li1,377.6600,266.5600,0.000437
output219,VGND,li1,377.6600,250.2400,0.000411
output218,VGND,li1,375.8200,244.8000,0.000496
output217,VGND,li1,377.6600,244.8000,0.000497
output216,VGND,li1,265.4200,380.8000,0.000274
output215,VGND,li1,268.6400,380.8000,0.000270
output214,VGND,li1,284.7400,380.8000,0.000230
output213,VGND,li1,377.6600,348.1600,0.000206
output212,VGND,li1,377.6600,353.6000,0.000075
output211,VGND,li1,377.6600,348.1600,0.000206
output210,VGND,li1,372.6000,228.4800,0.000150
output209,VGND,li1,204.2400,10.8800,0.000189
output208,VGND,li1,201.0200,10.8800,0.000181
output207,VGND,li1,7.8200,184.9600,0.000153
output206,VGND,li1,7.8200,201.2800,0.000049
output205,VGND,li1,7.8200,190.4000,0.000151
output204,VGND,li1,7.8200,201.2800,0.000049
output203,VGND,li1,7.8200,206.7200,0.000063
output202,VGND,li1,7.8200,195.8400,0.000110
output201,VGND,li1,7.8200,179.5200,0.000117
output200,VGND,li1,179.8600,10.8800,0.000078
output199,VGND,li1,181.7000,10.8800,0.000098
output198,VGND,li1,188.1400,10.8800,0.000127
output197,VGND,li1,191.3600,10.8800,0.000141
output196,VGND,li1,223.5600,10.8800,0.000199
output195,VGND,li1,207.4600,10.8800,0.000194
output194,VGND,li1,7.8200,179.5200,0.000117
output193,VGND,li1,377.6600,184.9600,0.000527
output192,VGND,li1,375.8200,179.5200,0.000541
output191,VGND,li1,375.8200,184.9600,0.000525
output190,VGND,li1,377.6600,184.9600,0.000527
output189,VGND,li1,377.6600,201.2800,0.000361
output188,VGND,li1,377.6600,206.7200,0.000242
output187,VGND,li1,377.6600,212.1600,0.000154
output186,VGND,li1,377.6600,206.7200,0.000242
output185,VGND,li1,375.8200,201.2800,0.000360
output184,VGND,li1,377.6600,43.5200,0.000179
output183,VGND,li1,377.6600,65.2800,0.000239
output182,VGND,li1,375.8200,103.3600,0.005661
output181,VGND,li1,377.6600,108.8000,0.000465
output180,VGND,li1,377.6600,152.3200,0.002363
output179,VGND,li1,377.6600,163.2000,0.001061
output178,VGND,li1,377.6600,163.2000,0.001061
output177,VGND,li1,181.7000,380.8000,0.000163
output176,VGND,li1,184.9200,380.8000,0.000181
output175,VGND,li1,188.1400,380.8000,0.000209
output174,VGND,li1,194.5800,380.8000,0.000245
output173,VGND,li1,204.2400,380.8000,0.000275
output172,VGND,li1,201.0200,380.8000,0.000266
output171,VGND,li1,207.4600,380.8000,0.000284
output170,VGND,li1,210.6800,380.8000,0.000286
output169,VGND,li1,197.8000,380.8000,0.000259
output168,VGND,li1,97.9800,380.8000,0.000228
output167,VGND,li1,101.2000,380.8000,0.000232
output166,VGND,li1,120.5200,380.8000,0.000247
output165,VGND,li1,130.1800,380.8000,0.000244
output164,VGND,li1,152.7200,380.8000,0.000212
output163,VGND,li1,159.1600,380.8000,0.000198
output162,VGND,li1,191.3600,380.8000,0.000227
input161,VGND,li1,377.2000,261.1200,0.000409
input160,VGND,li1,275.0800,380.8000,0.000258
input159,VGND,li1,377.8900,255.6800,0.000192
input158,VGND,li1,376.0500,272.0000,0.000582
input157,VGND,li1,376.2800,250.2400,0.000411
input156,VGND,li1,377.8900,233.9200,0.000132
input155,VGND,li1,377.8900,239.3600,0.000273
input154,VGND,li1,374.6700,233.9200,0.000131
input153,VGND,li1,7.8200,81.6000,0.000136
input152,VGND,li1,8.9700,130.5600,0.000064
input151,VGND,li1,7.5900,125.1200,0.000140
input150,VGND,li1,8.9700,125.1200,0.000139
input149,VGND,li1,9.2000,108.8000,0.000075
input148,VGND,li1,21.3900,152.3200,0.000203
input147,VGND,li1,25.0700,152.3200,0.000200
input146,VGND,li1,7.5900,103.3600,0.000125
input145,VGND,li1,233.2200,10.8800,0.000189
input144,VGND,li1,252.3100,10.8800,0.000165
input143,VGND,li1,249.0900,10.8800,0.000168
input142,VGND,li1,247.2500,10.8800,0.000171
input141,VGND,li1,236.4400,10.8800,0.000186
input140,VGND,li1,244.2600,10.8800,0.000175
input139,VGND,li1,255.5300,10.8800,0.000161
input138,VGND,li1,239.4300,10.8800,0.000183
input137,VGND,li1,7.8200,261.1200,0.000101
input136,VGND,li1,7.8200,255.6800,0.000071
input135,VGND,li1,7.5900,255.6800,0.000071
input134,VGND,li1,7.5900,250.2400,0.000051
input133,VGND,li1,7.5900,244.8000,0.000060
input132,VGND,li1,9.2000,233.9200,0.000113
input131,VGND,li1,7.5900,239.3600,0.000125
input130,VGND,li1,11.7300,233.9200,0.000113
input129,VGND,li1,262.2000,380.8000,0.000275
input128,VGND,li1,291.1800,380.8000,0.000207
input127,VGND,li1,300.6100,380.8000,0.000176
input126,VGND,li1,304.0600,380.8000,0.000159
input125,VGND,li1,377.8900,288.3200,0.000054
input124,VGND,li1,377.8900,282.8800,0.000150
input123,VGND,li1,377.8900,277.4400,0.000421
input122,VGND,li1,377.6600,266.5600,0.000437
input121,VGND,li1,7.8200,119.6800,0.000152
input120,VGND,li1,126.7300,10.8800,0.000068
input119,VGND,li1,123.5100,10.8800,0.000066
input118,VGND,li1,117.3000,10.8800,0.000063
input117,VGND,li1,24.1500,157.7600,0.000108
input116,VGND,li1,7.5900,168.6400,0.000066
input115,VGND,li1,17.2500,136.0000,0.000048
input114,VGND,li1,7.5900,168.6400,0.000066
input113,VGND,li1,258.7500,10.8800,0.000155
input112,VGND,li1,377.8900,76.1600,0.000155
input111,VGND,li1,377.8900,70.7200,0.000284
input110,VGND,li1,377.6600,81.6000,0.000194
input109,VGND,li1,377.8900,97.9200,0.001372
input108,VGND,li1,376.2800,97.9200,0.001372
input107,VGND,li1,377.6600,103.3600,0.005662
input106,VGND,li1,377.6600,146.8800,0.003844
input105,VGND,li1,7.8200,282.8800,0.000085
input104,VGND,li1,7.8200,299.2000,0.000036
input103,VGND,li1,7.5900,299.2000,0.000036
input102,VGND,li1,7.8200,288.3200,0.000026
input101,VGND,li1,136.3900,380.8000,0.000236
input100,VGND,li1,139.6100,380.8000,0.000231
input99,VGND,li1,143.0600,380.8000,0.000227
input98,VGND,li1,162.3800,380.8000,0.000184
input97,VGND,li1,278.7600,380.8000,0.000246
input96,VGND,li1,307.0500,380.8000,0.000148
input95,VGND,li1,310.2700,380.8000,0.000135
input94,VGND,li1,313.4900,380.8000,0.000125
input93,VGND,li1,316.7100,380.8000,0.000110
input92,VGND,li1,377.8900,299.2000,0.000371
input91,VGND,li1,377.8900,293.7600,0.000065
input90,VGND,li1,377.8900,288.3200,0.000054
input89,VGND,li1,21.1600,10.8800,0.000009
input88,VGND,li1,155.7100,10.8800,0.000076
input87,VGND,li1,184.9200,10.8800,0.000117
input86,VGND,li1,176.6400,10.8800,0.000078
input85,VGND,li1,173.4200,16.3200,0.000001
input84,VGND,li1,146.2800,10.8800,0.000075
input83,VGND,li1,142.8300,10.8800,0.000073
input82,VGND,li1,139.6100,10.8800,0.000072
input81,VGND,li1,264.9600,10.8800,0.000145
input80,VGND,li1,377.8900,81.6000,0.000194
input79,VGND,li1,377.8900,87.0400,0.000763
input78,VGND,li1,377.8900,92.4800,0.000415
input77,VGND,li1,377.8900,92.4800,0.000415
input76,VGND,li1,376.2800,136.0000,0.000518
input75,VGND,li1,377.8900,130.5600,0.000168
input74,VGND,li1,377.8900,125.1200,0.000825
input73,VGND,li1,8.2800,337.2800,0.001006
input72,VGND,li1,146.0500,380.8000,0.000222
input71,VGND,li1,149.2700,380.8000,0.000219
input70,VGND,li1,155.7100,380.8000,0.000205
input69,VGND,li1,165.3700,380.8000,0.000172
input68,VGND,li1,168.5900,380.8000,0.000161
input67,VGND,li1,171.8100,380.8000,0.000148
input66,VGND,li1,175.0300,380.8000,0.000141
input65,VGND,li1,373.9800,184.9600,0.000521
input64,VGND,li1,377.6600,179.5200,0.000541
input63,VGND,li1,377.6600,174.0800,0.000135
input62,VGND,li1,377.8900,223.0400,0.000084
input61,VGND,li1,377.8900,217.6000,0.000066
input60,VGND,li1,377.2000,168.6400,0.000174
input59,VGND,li1,377.8900,217.6000,0.000066
input58,VGND,li1,377.8900,223.0400,0.000084
input57,VGND,li1,22.7700,92.4800,0.000136
input56,VGND,li1,9.2000,81.6000,0.000135
input55,VGND,li1,16.3300,81.6000,0.000133
input54,VGND,li1,7.5900,130.5600,0.000064
input53,VGND,li1,7.5900,70.7200,0.000082
input52,VGND,li1,7.8200,92.4800,0.000146
input51,VGND,li1,19.5500,157.7600,0.000112
input50,VGND,li1,15.8700,136.0000,0.000050
input49,VGND,li1,194.3500,10.8800,0.000152
input48,VGND,li1,217.1200,10.8800,0.000198
input47,VGND,li1,197.5700,10.8800,0.000163
input46,VGND,li1,210.4500,10.8800,0.000195
input45,VGND,li1,220.1100,10.8800,0.000198
input44,VGND,li1,214.3600,10.8800,0.000197
input43,VGND,li1,226.5500,10.8800,0.000197
input42,VGND,li1,229.5400,10.8800,0.000195
input41,VGND,li1,9.2000,228.4800,0.000103
input40,VGND,li1,7.8200,190.4000,0.000151
input39,VGND,li1,7.5900,206.7200,0.000063
input38,VGND,li1,11.2700,217.6000,0.000042
input37,VGND,li1,7.5900,223.0400,0.000051
input36,VGND,li1,7.8200,217.6000,0.000043
input35,VGND,li1,9.4300,217.6000,0.000042
input34,VGND,li1,7.8200,228.4800,0.000103
input33,VGND,li1,377.2000,54.4000,0.001243
input32,VGND,li1,8.2800,174.0800,0.000095
input31,VGND,li1,8.2800,108.8000,0.000075
input30,VGND,li1,7.5900,261.1200,0.000101
input29,VGND,li1,13.5700,114.2400,0.000111
input28,VGND,li1,7.8200,244.8000,0.000060
input27,VGND,li1,7.8200,146.8800,0.000191
input26,VGND,li1,8.2800,136.0000,0.000051
input25,VGND,li1,377.6600,119.6800,0.000466
input24,VGND,li1,7.5900,288.3200,0.000026
input23,VGND,li1,7.8200,277.4400,0.000215
input22,VGND,li1,7.8200,282.8800,0.000085
input21,VGND,li1,8.2800,293.7600,0.000042
input20,VGND,li1,7.5900,272.0000,0.000090
input19,VGND,li1,377.8900,114.2400,0.000178
input18,VGND,li1,377.2000,136.0000,0.000518
input17,VGND,li1,377.6600,125.1200,0.000825
input16,VGND,li1,319.9300,380.8000,0.000097
input15,VGND,li1,323.8400,380.8000,0.000083
input14,VGND,li1,329.3600,380.8000,0.000059
input13,VGND,li1,331.4300,380.8000,0.000048
input12,VGND,li1,336.0300,380.8000,0.000048
input11,VGND,li1,332.8100,380.8000,0.000048
input10,VGND,li1,342.2400,380.8000,0.000050
input9,VGND,li1,374.9000,136.0000,0.000518
input8,VGND,li1,13.3400,92.4800,0.000144
input7,VGND,li1,11.9600,70.7200,0.000081
input6,VGND,li1,17.7100,81.6000,0.000133
input5,VGND,li1,10.5800,97.9200,0.000174
input4,VGND,li1,10.5800,59.8400,0.000087
input3,VGND,li1,8.9700,70.7200,0.000082
input2,VGND,li1,7.5900,174.0800,0.000095
input1,VGND,li1,7.8200,125.1200,0.000140
TAP_TAPCELL_ROW_136_2219,VGND,li1,366.3900,381.0910,0.000050
TAP_TAPCELL_ROW_136_2218,VGND,li1,353.5100,381.0910,0.000050
TAP_TAPCELL_ROW_136_2217,VGND,li1,340.6300,381.0910,0.000050
TAP_TAPCELL_ROW_136_2216,VGND,li1,327.7500,381.0910,0.000071
TAP_TAPCELL_ROW_136_2215,VGND,li1,314.8700,381.0910,0.000117
TAP_TAPCELL_ROW_136_2214,VGND,li1,301.9900,381.0910,0.000169
TAP_TAPCELL_ROW_136_2213,VGND,li1,289.1100,381.0910,0.000215
TAP_TAPCELL_ROW_136_2212,VGND,li1,276.2300,381.0910,0.000252
TAP_TAPCELL_ROW_136_2211,VGND,li1,263.3500,381.0910,0.000275
TAP_TAPCELL_ROW_136_2210,VGND,li1,250.4700,381.0910,0.000278
TAP_TAPCELL_ROW_136_2209,VGND,li1,237.5900,381.0910,0.000280
TAP_TAPCELL_ROW_136_2208,VGND,li1,224.7100,381.0910,0.000283
TAP_TAPCELL_ROW_136_2207,VGND,li1,211.8300,381.0910,0.000285
TAP_TAPCELL_ROW_136_2206,VGND,li1,198.9500,381.0910,0.000259
TAP_TAPCELL_ROW_136_2205,VGND,li1,186.0700,381.0910,0.000195
TAP_TAPCELL_ROW_136_2204,VGND,li1,173.1900,381.0910,0.000148
TAP_TAPCELL_ROW_136_2203,VGND,li1,160.3100,381.0910,0.000191
TAP_TAPCELL_ROW_136_2202,VGND,li1,147.4300,381.0910,0.000222
TAP_TAPCELL_ROW_136_2201,VGND,li1,134.5500,381.0910,0.000238
TAP_TAPCELL_ROW_136_2200,VGND,li1,121.6700,381.0910,0.000246
TAP_TAPCELL_ROW_136_2199,VGND,li1,108.7900,381.0910,0.000239
TAP_TAPCELL_ROW_136_2198,VGND,li1,95.9100,381.0910,0.000222
TAP_TAPCELL_ROW_136_2197,VGND,li1,83.0300,381.0910,0.000189
TAP_TAPCELL_ROW_136_2196,VGND,li1,70.1500,381.0910,0.000150
TAP_TAPCELL_ROW_136_2195,VGND,li1,57.2700,381.0910,0.000117
TAP_TAPCELL_ROW_136_2194,VGND,li1,44.3900,381.0910,0.000079
TAP_TAPCELL_ROW_136_2193,VGND,li1,31.5100,381.0910,0.000041
TAP_TAPCELL_ROW_136_2192,VGND,li1,18.6300,381.0910,0.000028
TAP_TAPCELL_ROW_135_2191,VGND,li1,366.3900,380.5080,0.000050
TAP_TAPCELL_ROW_135_2190,VGND,li1,340.6300,380.5080,0.000050
TAP_TAPCELL_ROW_135_2189,VGND,li1,314.8700,380.5080,0.000117
TAP_TAPCELL_ROW_135_2188,VGND,li1,289.1100,380.5080,0.000215
TAP_TAPCELL_ROW_135_2187,VGND,li1,263.3500,380.5080,0.000275
TAP_TAPCELL_ROW_135_2186,VGND,li1,237.5900,380.5080,0.000280
TAP_TAPCELL_ROW_135_2185,VGND,li1,211.8300,380.5080,0.000285
TAP_TAPCELL_ROW_135_2184,VGND,li1,186.0700,380.5080,0.000195
TAP_TAPCELL_ROW_135_2183,VGND,li1,160.3100,380.5080,0.000191
TAP_TAPCELL_ROW_135_2182,VGND,li1,134.5500,380.5080,0.000238
TAP_TAPCELL_ROW_135_2181,VGND,li1,108.7900,380.5080,0.000239
TAP_TAPCELL_ROW_135_2180,VGND,li1,83.0300,380.5080,0.000189
TAP_TAPCELL_ROW_135_2179,VGND,li1,57.2700,380.5080,0.000117
TAP_TAPCELL_ROW_135_2178,VGND,li1,31.5100,380.5080,0.000041
TAP_TAPCELL_ROW_134_2177,VGND,li1,353.5100,375.6510,0.000006
TAP_TAPCELL_ROW_134_2176,VGND,li1,327.7500,375.6510,0.000007
TAP_TAPCELL_ROW_134_2175,VGND,li1,301.9900,375.6510,0.000022
TAP_TAPCELL_ROW_134_2174,VGND,li1,276.2300,375.6510,0.000036
TAP_TAPCELL_ROW_134_2173,VGND,li1,250.4700,375.6510,0.000051
TAP_TAPCELL_ROW_134_2172,VGND,li1,224.7100,375.6510,0.000066
TAP_TAPCELL_ROW_134_2171,VGND,li1,198.9500,375.6510,0.000080
TAP_TAPCELL_ROW_134_2170,VGND,li1,173.1900,375.6510,0.000103
TAP_TAPCELL_ROW_134_2169,VGND,li1,147.4300,375.6510,0.000246
TAP_TAPCELL_ROW_134_2168,VGND,li1,121.6700,375.6510,0.000290
TAP_TAPCELL_ROW_134_2167,VGND,li1,95.9100,375.6510,0.000219
TAP_TAPCELL_ROW_134_2166,VGND,li1,70.1500,375.6510,0.000150
TAP_TAPCELL_ROW_134_2165,VGND,li1,44.3900,375.6510,0.000080
TAP_TAPCELL_ROW_134_2164,VGND,li1,18.6300,375.6510,0.000027
TAP_TAPCELL_ROW_133_2163,VGND,li1,366.3900,375.0680,0.000006
TAP_TAPCELL_ROW_133_2162,VGND,li1,340.6300,375.0680,0.000006
TAP_TAPCELL_ROW_133_2161,VGND,li1,314.8700,375.0680,0.000015
TAP_TAPCELL_ROW_133_2160,VGND,li1,289.1100,375.0680,0.000029
TAP_TAPCELL_ROW_133_2159,VGND,li1,263.3500,375.0680,0.000044
TAP_TAPCELL_ROW_133_2158,VGND,li1,237.5900,375.0680,0.000058
TAP_TAPCELL_ROW_133_2157,VGND,li1,211.8300,375.0680,0.000073
TAP_TAPCELL_ROW_133_2156,VGND,li1,186.0700,375.0680,0.000077
TAP_TAPCELL_ROW_133_2155,VGND,li1,160.3100,375.0680,0.000182
TAP_TAPCELL_ROW_133_2154,VGND,li1,134.5500,375.0680,0.000271
TAP_TAPCELL_ROW_133_2153,VGND,li1,108.7900,375.0680,0.000253
TAP_TAPCELL_ROW_133_2152,VGND,li1,83.0300,375.0680,0.000185
TAP_TAPCELL_ROW_133_2151,VGND,li1,57.2700,375.0680,0.000115
TAP_TAPCELL_ROW_133_2150,VGND,li1,31.5100,375.0680,0.000040
TAP_TAPCELL_ROW_132_2149,VGND,li1,353.5100,370.2110,0.000062
TAP_TAPCELL_ROW_132_2148,VGND,li1,327.7500,370.2110,0.000081
TAP_TAPCELL_ROW_132_2147,VGND,li1,301.9900,370.2110,0.000242
TAP_TAPCELL_ROW_132_2146,VGND,li1,276.2300,370.2110,0.000402
TAP_TAPCELL_ROW_132_2145,VGND,li1,250.4700,370.2110,0.000563
TAP_TAPCELL_ROW_132_2144,VGND,li1,224.7100,370.2110,0.000729
TAP_TAPCELL_ROW_132_2143,VGND,li1,198.9500,370.2110,0.000880
TAP_TAPCELL_ROW_132_2142,VGND,li1,173.1900,370.2110,0.001550
TAP_TAPCELL_ROW_132_2141,VGND,li1,147.4300,370.2110,0.004144
TAP_TAPCELL_ROW_132_2140,VGND,li1,121.6700,370.2110,0.005898
TAP_TAPCELL_ROW_132_2139,VGND,li1,95.9100,370.2110,0.006407
TAP_TAPCELL_ROW_132_2138,VGND,li1,70.1500,370.2110,0.004647
TAP_TAPCELL_ROW_132_2137,VGND,li1,44.3900,370.2110,0.002471
TAP_TAPCELL_ROW_132_2136,VGND,li1,18.6300,370.2110,0.000845
TAP_TAPCELL_ROW_131_2135,VGND,li1,366.3900,369.6280,0.000062
TAP_TAPCELL_ROW_131_2134,VGND,li1,340.6300,369.6280,0.000062
TAP_TAPCELL_ROW_131_2133,VGND,li1,314.8700,369.6280,0.000161
TAP_TAPCELL_ROW_131_2132,VGND,li1,289.1100,369.6280,0.000322
TAP_TAPCELL_ROW_131_2131,VGND,li1,263.3500,369.6280,0.000482
TAP_TAPCELL_ROW_131_2130,VGND,li1,237.5900,369.6280,0.000643
TAP_TAPCELL_ROW_131_2129,VGND,li1,211.8300,369.6280,0.000808
TAP_TAPCELL_ROW_131_2128,VGND,li1,186.0700,369.6280,0.000948
TAP_TAPCELL_ROW_131_2127,VGND,li1,160.3100,369.6280,0.002859
TAP_TAPCELL_ROW_131_2126,VGND,li1,134.5500,369.6280,0.005112
TAP_TAPCELL_ROW_131_2125,VGND,li1,108.7900,369.6280,0.006630
TAP_TAPCELL_ROW_131_2124,VGND,li1,83.0300,369.6280,0.005735
TAP_TAPCELL_ROW_131_2123,VGND,li1,57.2700,369.6280,0.003559
TAP_TAPCELL_ROW_131_2122,VGND,li1,31.5100,369.6280,0.001247
TAP_TAPCELL_ROW_130_2121,VGND,li1,353.5100,364.7710,0.000115
TAP_TAPCELL_ROW_130_2120,VGND,li1,327.7500,364.7710,0.000149
TAP_TAPCELL_ROW_130_2119,VGND,li1,301.9900,364.7710,0.000444
TAP_TAPCELL_ROW_130_2118,VGND,li1,276.2300,364.7710,0.000726
TAP_TAPCELL_ROW_130_2117,VGND,li1,250.4700,364.7710,0.000907
TAP_TAPCELL_ROW_130_2116,VGND,li1,224.7100,364.7710,0.001085
TAP_TAPCELL_ROW_130_2115,VGND,li1,198.9500,364.7710,0.001263
TAP_TAPCELL_ROW_130_2114,VGND,li1,173.1900,364.7710,0.002352
TAP_TAPCELL_ROW_130_2113,VGND,li1,147.4300,364.7710,0.005631
TAP_TAPCELL_ROW_130_2112,VGND,li1,121.6700,364.7710,0.006246
TAP_TAPCELL_ROW_130_2111,VGND,li1,95.9100,364.7710,0.005897
TAP_TAPCELL_ROW_130_2110,VGND,li1,70.1500,364.7710,0.004307
TAP_TAPCELL_ROW_130_2109,VGND,li1,44.3900,364.7710,0.002290
TAP_TAPCELL_ROW_130_2108,VGND,li1,18.6300,364.7710,0.000783
TAP_TAPCELL_ROW_129_2107,VGND,li1,366.3900,364.1880,0.000115
TAP_TAPCELL_ROW_129_2106,VGND,li1,340.6300,364.1880,0.000115
TAP_TAPCELL_ROW_129_2105,VGND,li1,314.8700,364.1880,0.000296
TAP_TAPCELL_ROW_129_2104,VGND,li1,289.1100,364.1880,0.000610
TAP_TAPCELL_ROW_129_2103,VGND,li1,263.3500,364.1880,0.000828
TAP_TAPCELL_ROW_129_2102,VGND,li1,237.5900,364.1880,0.000996
TAP_TAPCELL_ROW_129_2101,VGND,li1,211.8300,364.1880,0.001173
TAP_TAPCELL_ROW_129_2100,VGND,li1,186.0700,364.1880,0.001333
TAP_TAPCELL_ROW_129_2099,VGND,li1,160.3100,364.1880,0.003896
TAP_TAPCELL_ROW_129_2098,VGND,li1,134.5500,364.1880,0.006121
TAP_TAPCELL_ROW_129_2097,VGND,li1,108.7900,364.1880,0.006312
TAP_TAPCELL_ROW_129_2096,VGND,li1,83.0300,364.1880,0.005315
TAP_TAPCELL_ROW_129_2095,VGND,li1,57.2700,364.1880,0.003299
TAP_TAPCELL_ROW_129_2094,VGND,li1,31.5100,364.1880,0.001156
TAP_TAPCELL_ROW_128_2093,VGND,li1,353.5100,359.3310,0.000048
TAP_TAPCELL_ROW_128_2092,VGND,li1,327.7500,359.3310,0.000062
TAP_TAPCELL_ROW_128_2091,VGND,li1,301.9900,359.3310,0.000185
TAP_TAPCELL_ROW_128_2090,VGND,li1,276.2300,359.3310,0.000308
TAP_TAPCELL_ROW_128_2089,VGND,li1,250.4700,359.3310,0.000332
TAP_TAPCELL_ROW_128_2088,VGND,li1,224.7100,359.3310,0.000306
TAP_TAPCELL_ROW_128_2087,VGND,li1,198.9500,359.3310,0.000276
TAP_TAPCELL_ROW_128_2086,VGND,li1,173.1900,359.3310,0.000300
TAP_TAPCELL_ROW_128_2085,VGND,li1,147.4300,359.3310,0.000725
TAP_TAPCELL_ROW_128_2084,VGND,li1,121.6700,359.3310,0.000729
TAP_TAPCELL_ROW_128_2083,VGND,li1,95.9100,359.3310,0.000569
TAP_TAPCELL_ROW_128_2082,VGND,li1,70.1500,359.3310,0.000386
TAP_TAPCELL_ROW_128_2081,VGND,li1,44.3900,359.3310,0.000207
TAP_TAPCELL_ROW_128_2080,VGND,li1,18.6300,359.3310,0.000071
TAP_TAPCELL_ROW_127_2079,VGND,li1,366.3900,358.7480,0.000048
TAP_TAPCELL_ROW_127_2078,VGND,li1,340.6300,358.7480,0.000048
TAP_TAPCELL_ROW_127_2077,VGND,li1,314.8700,358.7480,0.000129
TAP_TAPCELL_ROW_127_2076,VGND,li1,289.1100,358.7480,0.000252
TAP_TAPCELL_ROW_127_2075,VGND,li1,263.3500,358.7480,0.000335
TAP_TAPCELL_ROW_127_2074,VGND,li1,237.5900,358.7480,0.000319
TAP_TAPCELL_ROW_127_2073,VGND,li1,211.8300,358.7480,0.000292
TAP_TAPCELL_ROW_127_2072,VGND,li1,186.0700,358.7480,0.000243
TAP_TAPCELL_ROW_127_2071,VGND,li1,160.3100,358.7480,0.000510
TAP_TAPCELL_ROW_127_2070,VGND,li1,134.5500,358.7480,0.000806
TAP_TAPCELL_ROW_127_2069,VGND,li1,108.7900,358.7480,0.000644
TAP_TAPCELL_ROW_127_2068,VGND,li1,83.0300,358.7480,0.000470
TAP_TAPCELL_ROW_127_2067,VGND,li1,57.2700,358.7480,0.000298
TAP_TAPCELL_ROW_127_2066,VGND,li1,31.5100,358.7480,0.000104
TAP_TAPCELL_ROW_126_2065,VGND,li1,353.5100,353.8910,0.000052
TAP_TAPCELL_ROW_126_2064,VGND,li1,327.7500,353.8910,0.000034
TAP_TAPCELL_ROW_126_2063,VGND,li1,301.9900,353.8910,0.000084
TAP_TAPCELL_ROW_126_2062,VGND,li1,276.2300,353.8910,0.000125
TAP_TAPCELL_ROW_126_2061,VGND,li1,250.4700,353.8910,0.000152
TAP_TAPCELL_ROW_126_2060,VGND,li1,224.7100,353.8910,0.000163
TAP_TAPCELL_ROW_126_2059,VGND,li1,198.9500,353.8910,0.000169
TAP_TAPCELL_ROW_126_2058,VGND,li1,173.1900,353.8910,0.000221
TAP_TAPCELL_ROW_126_2057,VGND,li1,147.4300,353.8910,0.000394
TAP_TAPCELL_ROW_126_2056,VGND,li1,121.6700,353.8910,0.000368
TAP_TAPCELL_ROW_126_2055,VGND,li1,95.9100,353.8910,0.000301
TAP_TAPCELL_ROW_126_2054,VGND,li1,70.1500,353.8910,0.000215
TAP_TAPCELL_ROW_126_2053,VGND,li1,44.3900,353.8910,0.000115
TAP_TAPCELL_ROW_126_2052,VGND,li1,18.6300,353.8910,0.000039
TAP_TAPCELL_ROW_125_2051,VGND,li1,366.3900,353.3080,0.000065
TAP_TAPCELL_ROW_125_2050,VGND,li1,340.6300,353.3080,0.000039
TAP_TAPCELL_ROW_125_2049,VGND,li1,314.8700,353.3080,0.000059
TAP_TAPCELL_ROW_125_2048,VGND,li1,289.1100,353.3080,0.000108
TAP_TAPCELL_ROW_125_2047,VGND,li1,263.3500,353.3080,0.000142
TAP_TAPCELL_ROW_125_2046,VGND,li1,237.5900,353.3080,0.000159
TAP_TAPCELL_ROW_125_2045,VGND,li1,211.8300,353.3080,0.000166
TAP_TAPCELL_ROW_125_2044,VGND,li1,186.0700,353.3080,0.000163
TAP_TAPCELL_ROW_125_2043,VGND,li1,160.3100,353.3080,0.000355
TAP_TAPCELL_ROW_125_2042,VGND,li1,134.5500,353.3080,0.000403
TAP_TAPCELL_ROW_125_2041,VGND,li1,108.7900,353.3080,0.000338
TAP_TAPCELL_ROW_125_2040,VGND,li1,83.0300,353.3080,0.000260
TAP_TAPCELL_ROW_125_2039,VGND,li1,57.2700,353.3080,0.000166
TAP_TAPCELL_ROW_125_2038,VGND,li1,31.5100,353.3080,0.000058
TAP_TAPCELL_ROW_124_2037,VGND,li1,353.5100,348.4510,0.000183
TAP_TAPCELL_ROW_124_2036,VGND,li1,327.7500,348.4510,0.000113
TAP_TAPCELL_ROW_124_2035,VGND,li1,301.9900,348.4510,0.000220
TAP_TAPCELL_ROW_124_2034,VGND,li1,276.2300,348.4510,0.000314
TAP_TAPCELL_ROW_124_2033,VGND,li1,250.4700,348.4510,0.000374
TAP_TAPCELL_ROW_124_2032,VGND,li1,224.7100,348.4510,0.000418
TAP_TAPCELL_ROW_124_2031,VGND,li1,198.9500,348.4510,0.000451
TAP_TAPCELL_ROW_124_2030,VGND,li1,173.1900,348.4510,0.000583
TAP_TAPCELL_ROW_124_2029,VGND,li1,147.4300,348.4510,0.000875
TAP_TAPCELL_ROW_124_2028,VGND,li1,121.6700,348.4510,0.000758
TAP_TAPCELL_ROW_124_2027,VGND,li1,95.9100,348.4510,0.000606
TAP_TAPCELL_ROW_124_2026,VGND,li1,70.1500,348.4510,0.000428
TAP_TAPCELL_ROW_124_2025,VGND,li1,44.3900,348.4510,0.000235
TAP_TAPCELL_ROW_124_2024,VGND,li1,18.6300,348.4510,0.000081
TAP_TAPCELL_ROW_123_2023,VGND,li1,366.3900,347.8680,0.000195
TAP_TAPCELL_ROW_123_2022,VGND,li1,340.6300,347.8680,0.000151
TAP_TAPCELL_ROW_123_2021,VGND,li1,314.8700,347.8680,0.000170
TAP_TAPCELL_ROW_123_2020,VGND,li1,289.1100,347.8680,0.000266
TAP_TAPCELL_ROW_123_2019,VGND,li1,263.3500,347.8680,0.000346
TAP_TAPCELL_ROW_123_2018,VGND,li1,237.5900,347.8680,0.000399
TAP_TAPCELL_ROW_123_2017,VGND,li1,211.8300,347.8680,0.000435
TAP_TAPCELL_ROW_123_2016,VGND,li1,186.0700,347.8680,0.000441
TAP_TAPCELL_ROW_123_2015,VGND,li1,160.3100,347.8680,0.000888
TAP_TAPCELL_ROW_123_2014,VGND,li1,134.5500,347.8680,0.000825
TAP_TAPCELL_ROW_123_2013,VGND,li1,108.7900,347.8680,0.000690
TAP_TAPCELL_ROW_123_2012,VGND,li1,83.0300,347.8680,0.000523
TAP_TAPCELL_ROW_123_2011,VGND,li1,57.2700,347.8680,0.000325
TAP_TAPCELL_ROW_123_2010,VGND,li1,31.5100,347.8680,0.000119
TAP_TAPCELL_ROW_122_2009,VGND,li1,353.5100,343.0110,0.000474
TAP_TAPCELL_ROW_122_2008,VGND,li1,327.7500,343.0110,0.000530
TAP_TAPCELL_ROW_122_2007,VGND,li1,301.9900,343.0110,0.001376
TAP_TAPCELL_ROW_122_2006,VGND,li1,276.2300,343.0110,0.002154
TAP_TAPCELL_ROW_122_2005,VGND,li1,250.4700,343.0110,0.002450
TAP_TAPCELL_ROW_122_2004,VGND,li1,224.7100,343.0110,0.001945
TAP_TAPCELL_ROW_122_2003,VGND,li1,198.9500,343.0110,0.001407
TAP_TAPCELL_ROW_122_2002,VGND,li1,173.1900,343.0110,0.001116
TAP_TAPCELL_ROW_122_2001,VGND,li1,147.4300,343.0110,0.002008
TAP_TAPCELL_ROW_122_2000,VGND,li1,121.6700,343.0110,0.001893
TAP_TAPCELL_ROW_122_1999,VGND,li1,95.9100,343.0110,0.001438
TAP_TAPCELL_ROW_122_1998,VGND,li1,70.1500,343.0110,0.001016
TAP_TAPCELL_ROW_122_1997,VGND,li1,44.3900,343.0110,0.000516
TAP_TAPCELL_ROW_122_1996,VGND,li1,18.6300,343.0110,0.000187
TAP_TAPCELL_ROW_121_1995,VGND,li1,366.3900,342.4280,0.000543
TAP_TAPCELL_ROW_121_1994,VGND,li1,340.6300,342.4280,0.000413
TAP_TAPCELL_ROW_121_1993,VGND,li1,314.8700,342.4280,0.000956
TAP_TAPCELL_ROW_121_1992,VGND,li1,289.1100,342.4280,0.001743
TAP_TAPCELL_ROW_121_1991,VGND,li1,263.3500,342.4280,0.002521
TAP_TAPCELL_ROW_121_1990,VGND,li1,237.5900,342.4280,0.002192
TAP_TAPCELL_ROW_121_1989,VGND,li1,211.8300,342.4280,0.001666
TAP_TAPCELL_ROW_121_1988,VGND,li1,186.0700,342.4280,0.001121
TAP_TAPCELL_ROW_121_1987,VGND,li1,160.3100,342.4280,0.001640
TAP_TAPCELL_ROW_121_1986,VGND,li1,134.5500,342.4280,0.002081
TAP_TAPCELL_ROW_121_1985,VGND,li1,108.7900,342.4280,0.001670
TAP_TAPCELL_ROW_121_1984,VGND,li1,83.0300,342.4280,0.001243
TAP_TAPCELL_ROW_121_1983,VGND,li1,57.2700,342.4280,0.000783
TAP_TAPCELL_ROW_121_1982,VGND,li1,31.5100,342.4280,0.000276
TAP_TAPCELL_ROW_120_1981,VGND,li1,353.5100,337.5710,0.003597
TAP_TAPCELL_ROW_120_1980,VGND,li1,327.7500,337.5710,0.002591
TAP_TAPCELL_ROW_120_1979,VGND,li1,301.9900,337.5710,0.004699
TAP_TAPCELL_ROW_120_1978,VGND,li1,276.2300,337.5710,0.006729
TAP_TAPCELL_ROW_120_1977,VGND,li1,250.4700,337.5710,0.006341
TAP_TAPCELL_ROW_120_1976,VGND,li1,224.7100,337.5710,0.004756
TAP_TAPCELL_ROW_120_1975,VGND,li1,198.9500,337.5710,0.003166
TAP_TAPCELL_ROW_120_1974,VGND,li1,173.1900,337.5710,0.002297
TAP_TAPCELL_ROW_120_1973,VGND,li1,147.4300,337.5710,0.004809
TAP_TAPCELL_ROW_120_1972,VGND,li1,121.6700,337.5710,0.006697
TAP_TAPCELL_ROW_120_1971,VGND,li1,95.9100,337.5710,0.006889
TAP_TAPCELL_ROW_120_1970,VGND,li1,70.1500,337.5710,0.005460
TAP_TAPCELL_ROW_120_1969,VGND,li1,44.3900,337.5710,0.002931
TAP_TAPCELL_ROW_120_1968,VGND,li1,18.6300,337.5710,0.001004
TAP_TAPCELL_ROW_119_1967,VGND,li1,366.3900,336.9880,0.003663
TAP_TAPCELL_ROW_119_1966,VGND,li1,340.6300,336.9880,0.003100
TAP_TAPCELL_ROW_119_1965,VGND,li1,314.8700,336.9880,0.003743
TAP_TAPCELL_ROW_119_1964,VGND,li1,289.1100,336.9880,0.005780
TAP_TAPCELL_ROW_119_1963,VGND,li1,263.3500,336.9880,0.006770
TAP_TAPCELL_ROW_119_1962,VGND,li1,237.5900,336.9880,0.005612
TAP_TAPCELL_ROW_119_1961,VGND,li1,211.8300,336.9880,0.003984
TAP_TAPCELL_ROW_119_1960,VGND,li1,186.0700,336.9880,0.002236
TAP_TAPCELL_ROW_119_1959,VGND,li1,160.3100,336.9880,0.003507
TAP_TAPCELL_ROW_119_1958,VGND,li1,134.5500,336.9880,0.005700
TAP_TAPCELL_ROW_119_1957,VGND,li1,108.7900,336.9880,0.007013
TAP_TAPCELL_ROW_119_1956,VGND,li1,83.0300,336.9880,0.006336
TAP_TAPCELL_ROW_119_1955,VGND,li1,57.2700,336.9880,0.004174
TAP_TAPCELL_ROW_119_1954,VGND,li1,31.5100,336.9880,0.001480
TAP_TAPCELL_ROW_118_1953,VGND,li1,353.5100,332.1310,0.002557
TAP_TAPCELL_ROW_118_1952,VGND,li1,327.7500,332.1310,0.002581
TAP_TAPCELL_ROW_118_1951,VGND,li1,301.9900,332.1310,0.005507
TAP_TAPCELL_ROW_118_1950,VGND,li1,276.2300,332.1310,0.007659
TAP_TAPCELL_ROW_118_1949,VGND,li1,250.4700,332.1310,0.007295
TAP_TAPCELL_ROW_118_1948,VGND,li1,224.7100,332.1310,0.005822
TAP_TAPCELL_ROW_118_1947,VGND,li1,198.9500,332.1310,0.003487
TAP_TAPCELL_ROW_118_1946,VGND,li1,173.1900,332.1310,0.002246
TAP_TAPCELL_ROW_118_1945,VGND,li1,147.4300,332.1310,0.004079
TAP_TAPCELL_ROW_118_1944,VGND,li1,121.6700,332.1310,0.005641
TAP_TAPCELL_ROW_118_1943,VGND,li1,95.9100,332.1310,0.005873
TAP_TAPCELL_ROW_118_1942,VGND,li1,70.1500,332.1310,0.005050
TAP_TAPCELL_ROW_118_1941,VGND,li1,44.3900,332.1310,0.002822
TAP_TAPCELL_ROW_118_1940,VGND,li1,18.6300,332.1310,0.001013
TAP_TAPCELL_ROW_117_1939,VGND,li1,366.3900,331.5480,0.002557
TAP_TAPCELL_ROW_117_1938,VGND,li1,340.6300,331.5480,0.002470
TAP_TAPCELL_ROW_117_1937,VGND,li1,314.8700,331.5480,0.004059
TAP_TAPCELL_ROW_117_1936,VGND,li1,289.1100,331.5480,0.007032
TAP_TAPCELL_ROW_117_1935,VGND,li1,263.3500,331.5480,0.007679
TAP_TAPCELL_ROW_117_1934,VGND,li1,237.5900,331.5480,0.006674
TAP_TAPCELL_ROW_117_1933,VGND,li1,211.8300,331.5480,0.004803
TAP_TAPCELL_ROW_117_1932,VGND,li1,186.0700,331.5480,0.002348
TAP_TAPCELL_ROW_117_1931,VGND,li1,160.3100,331.5480,0.003171
TAP_TAPCELL_ROW_117_1930,VGND,li1,134.5500,331.5480,0.004864
TAP_TAPCELL_ROW_117_1929,VGND,li1,108.7900,331.5480,0.005954
TAP_TAPCELL_ROW_117_1928,VGND,li1,83.0300,331.5480,0.005577
TAP_TAPCELL_ROW_117_1927,VGND,li1,57.2700,331.5480,0.004071
TAP_TAPCELL_ROW_117_1926,VGND,li1,31.5100,331.5480,0.001495
TAP_TAPCELL_ROW_116_1925,VGND,li1,353.5100,326.6910,0.001861
TAP_TAPCELL_ROW_116_1924,VGND,li1,327.7500,326.6910,0.001699
TAP_TAPCELL_ROW_116_1923,VGND,li1,301.9900,326.6910,0.003399
TAP_TAPCELL_ROW_116_1922,VGND,li1,276.2300,326.6910,0.004304
TAP_TAPCELL_ROW_116_1921,VGND,li1,250.4700,326.6910,0.004096
TAP_TAPCELL_ROW_116_1920,VGND,li1,224.7100,326.6910,0.003279
TAP_TAPCELL_ROW_116_1919,VGND,li1,198.9500,326.6910,0.002117
TAP_TAPCELL_ROW_116_1918,VGND,li1,173.1900,326.6910,0.001318
TAP_TAPCELL_ROW_116_1917,VGND,li1,147.4300,326.6910,0.002519
TAP_TAPCELL_ROW_116_1916,VGND,li1,121.6700,326.6910,0.003306
TAP_TAPCELL_ROW_116_1915,VGND,li1,95.9100,326.6910,0.003575
TAP_TAPCELL_ROW_116_1914,VGND,li1,70.1500,326.6910,0.002906
TAP_TAPCELL_ROW_116_1913,VGND,li1,44.3900,326.6910,0.001790
TAP_TAPCELL_ROW_116_1912,VGND,li1,18.6300,326.6910,0.000646
TAP_TAPCELL_ROW_115_1911,VGND,li1,366.3900,326.1080,0.001869
TAP_TAPCELL_ROW_115_1910,VGND,li1,340.6300,326.1080,0.001628
TAP_TAPCELL_ROW_115_1909,VGND,li1,314.8700,326.1080,0.002661
TAP_TAPCELL_ROW_115_1908,VGND,li1,289.1100,326.1080,0.004121
TAP_TAPCELL_ROW_115_1907,VGND,li1,263.3500,326.1080,0.004295
TAP_TAPCELL_ROW_115_1906,VGND,li1,237.5900,326.1080,0.003745
TAP_TAPCELL_ROW_115_1905,VGND,li1,211.8300,326.1080,0.002727
TAP_TAPCELL_ROW_115_1904,VGND,li1,186.0700,326.1080,0.001439
TAP_TAPCELL_ROW_115_1903,VGND,li1,160.3100,326.1080,0.001948
TAP_TAPCELL_ROW_115_1902,VGND,li1,134.5500,326.1080,0.002963
TAP_TAPCELL_ROW_115_1901,VGND,li1,108.7900,326.1080,0.003569
TAP_TAPCELL_ROW_115_1900,VGND,li1,83.0300,326.1080,0.003322
TAP_TAPCELL_ROW_115_1899,VGND,li1,57.2700,326.1080,0.002429
TAP_TAPCELL_ROW_115_1898,VGND,li1,31.5100,326.1080,0.001054
TAP_TAPCELL_ROW_114_1897,VGND,li1,353.5100,321.2510,0.001543
TAP_TAPCELL_ROW_114_1896,VGND,li1,327.7500,321.2510,0.001250
TAP_TAPCELL_ROW_114_1895,VGND,li1,301.9900,321.2510,0.002278
TAP_TAPCELL_ROW_114_1894,VGND,li1,276.2300,321.2510,0.003017
TAP_TAPCELL_ROW_114_1893,VGND,li1,250.4700,321.2510,0.003138
TAP_TAPCELL_ROW_114_1892,VGND,li1,224.7100,321.2510,0.002500
TAP_TAPCELL_ROW_114_1891,VGND,li1,198.9500,321.2510,0.001476
TAP_TAPCELL_ROW_114_1890,VGND,li1,173.1900,321.2510,0.000746
TAP_TAPCELL_ROW_114_1889,VGND,li1,147.4300,321.2510,0.001180
TAP_TAPCELL_ROW_114_1888,VGND,li1,121.6700,321.2510,0.001531
TAP_TAPCELL_ROW_114_1887,VGND,li1,95.9100,321.2510,0.001669
TAP_TAPCELL_ROW_114_1886,VGND,li1,70.1500,321.2510,0.001471
TAP_TAPCELL_ROW_114_1885,VGND,li1,44.3900,321.2510,0.000840
TAP_TAPCELL_ROW_114_1884,VGND,li1,18.6300,321.2510,0.000293
TAP_TAPCELL_ROW_113_1883,VGND,li1,366.3900,320.6680,0.001543
TAP_TAPCELL_ROW_113_1882,VGND,li1,340.6300,320.6680,0.001336
TAP_TAPCELL_ROW_113_1881,VGND,li1,314.8700,320.6680,0.001802
TAP_TAPCELL_ROW_113_1880,VGND,li1,289.1100,320.6680,0.002745
TAP_TAPCELL_ROW_113_1879,VGND,li1,263.3500,320.6680,0.003185
TAP_TAPCELL_ROW_113_1878,VGND,li1,237.5900,320.6680,0.002866
TAP_TAPCELL_ROW_113_1877,VGND,li1,211.8300,320.6680,0.002063
TAP_TAPCELL_ROW_113_1876,VGND,li1,186.0700,320.6680,0.000947
TAP_TAPCELL_ROW_113_1875,VGND,li1,160.3100,320.6680,0.000994
TAP_TAPCELL_ROW_113_1874,VGND,li1,134.5500,320.6680,0.001367
TAP_TAPCELL_ROW_113_1873,VGND,li1,108.7900,320.6680,0.001626
TAP_TAPCELL_ROW_113_1872,VGND,li1,83.0300,320.6680,0.001632
TAP_TAPCELL_ROW_113_1871,VGND,li1,57.2700,320.6680,0.001183
TAP_TAPCELL_ROW_113_1870,VGND,li1,31.5100,320.6680,0.000433
TAP_TAPCELL_ROW_112_1869,VGND,li1,353.5100,315.8110,0.000533
TAP_TAPCELL_ROW_112_1868,VGND,li1,327.7500,315.8110,0.000658
TAP_TAPCELL_ROW_112_1867,VGND,li1,301.9900,315.8110,0.001299
TAP_TAPCELL_ROW_112_1866,VGND,li1,276.2300,315.8110,0.001540
TAP_TAPCELL_ROW_112_1865,VGND,li1,250.4700,315.8110,0.001347
TAP_TAPCELL_ROW_112_1864,VGND,li1,224.7100,315.8110,0.001011
TAP_TAPCELL_ROW_112_1863,VGND,li1,198.9500,315.8110,0.000626
TAP_TAPCELL_ROW_112_1862,VGND,li1,173.1900,315.8110,0.000283
TAP_TAPCELL_ROW_112_1861,VGND,li1,147.4300,315.8110,0.000396
TAP_TAPCELL_ROW_112_1860,VGND,li1,121.6700,315.8110,0.000463
TAP_TAPCELL_ROW_112_1859,VGND,li1,95.9100,315.8110,0.000467
TAP_TAPCELL_ROW_112_1858,VGND,li1,70.1500,315.8110,0.000370
TAP_TAPCELL_ROW_112_1857,VGND,li1,44.3900,315.8110,0.000223
TAP_TAPCELL_ROW_112_1856,VGND,li1,18.6300,315.8110,0.000080
TAP_TAPCELL_ROW_111_1855,VGND,li1,366.3900,315.2280,0.000533
TAP_TAPCELL_ROW_111_1854,VGND,li1,340.6300,315.2280,0.000516
TAP_TAPCELL_ROW_111_1853,VGND,li1,314.8700,315.2280,0.001058
TAP_TAPCELL_ROW_111_1852,VGND,li1,289.1100,315.2280,0.001463
TAP_TAPCELL_ROW_111_1851,VGND,li1,263.3500,315.2280,0.001485
TAP_TAPCELL_ROW_111_1850,VGND,li1,237.5900,315.2280,0.001194
TAP_TAPCELL_ROW_111_1849,VGND,li1,211.8300,315.2280,0.000825
TAP_TAPCELL_ROW_111_1848,VGND,li1,186.0700,315.2280,0.000390
TAP_TAPCELL_ROW_111_1847,VGND,li1,160.3100,315.2280,0.000341
TAP_TAPCELL_ROW_111_1846,VGND,li1,134.5500,315.2280,0.000436
TAP_TAPCELL_ROW_111_1845,VGND,li1,108.7900,315.2280,0.000472
TAP_TAPCELL_ROW_111_1844,VGND,li1,83.0300,315.2280,0.000437
TAP_TAPCELL_ROW_111_1843,VGND,li1,57.2700,315.2280,0.000300
TAP_TAPCELL_ROW_111_1842,VGND,li1,31.5100,315.2280,0.000123
TAP_TAPCELL_ROW_110_1841,VGND,li1,353.5100,310.3710,0.000445
TAP_TAPCELL_ROW_110_1840,VGND,li1,327.7500,310.3710,0.000506
TAP_TAPCELL_ROW_110_1839,VGND,li1,301.9900,310.3710,0.000833
TAP_TAPCELL_ROW_110_1838,VGND,li1,276.2300,310.3710,0.000947
TAP_TAPCELL_ROW_110_1837,VGND,li1,250.4700,310.3710,0.000881
TAP_TAPCELL_ROW_110_1836,VGND,li1,224.7100,310.3710,0.000743
TAP_TAPCELL_ROW_110_1835,VGND,li1,198.9500,310.3710,0.000521
TAP_TAPCELL_ROW_110_1834,VGND,li1,173.1900,310.3710,0.000253
TAP_TAPCELL_ROW_110_1833,VGND,li1,147.4300,310.3710,0.000401
TAP_TAPCELL_ROW_110_1832,VGND,li1,121.6700,310.3710,0.000529
TAP_TAPCELL_ROW_110_1831,VGND,li1,95.9100,310.3710,0.000518
TAP_TAPCELL_ROW_110_1830,VGND,li1,70.1500,310.3710,0.000411
TAP_TAPCELL_ROW_110_1829,VGND,li1,44.3900,310.3710,0.000227
TAP_TAPCELL_ROW_110_1828,VGND,li1,18.6300,310.3710,0.000089
TAP_TAPCELL_ROW_109_1827,VGND,li1,366.3900,309.7880,0.000445
TAP_TAPCELL_ROW_109_1826,VGND,li1,340.6300,309.7880,0.000438
TAP_TAPCELL_ROW_109_1825,VGND,li1,314.8700,309.7880,0.000726
TAP_TAPCELL_ROW_109_1824,VGND,li1,289.1100,309.7880,0.000910
TAP_TAPCELL_ROW_109_1823,VGND,li1,263.3500,309.7880,0.000928
TAP_TAPCELL_ROW_109_1822,VGND,li1,237.5900,309.7880,0.000823
TAP_TAPCELL_ROW_109_1821,VGND,li1,211.8300,309.7880,0.000639
TAP_TAPCELL_ROW_109_1820,VGND,li1,186.0700,309.7880,0.000350
TAP_TAPCELL_ROW_109_1819,VGND,li1,160.3100,309.7880,0.000328
TAP_TAPCELL_ROW_109_1818,VGND,li1,134.5500,309.7880,0.000471
TAP_TAPCELL_ROW_109_1817,VGND,li1,108.7900,309.7880,0.000562
TAP_TAPCELL_ROW_109_1816,VGND,li1,83.0300,309.7880,0.000475
TAP_TAPCELL_ROW_109_1815,VGND,li1,57.2700,309.7880,0.000333
TAP_TAPCELL_ROW_109_1814,VGND,li1,31.5100,309.7880,0.000138
TAP_TAPCELL_ROW_108_1813,VGND,li1,353.5100,304.9310,0.000630
TAP_TAPCELL_ROW_108_1812,VGND,li1,327.7500,304.9310,0.000323
TAP_TAPCELL_ROW_108_1811,VGND,li1,301.9900,304.9310,0.000399
TAP_TAPCELL_ROW_108_1810,VGND,li1,276.2300,304.9310,0.000421
TAP_TAPCELL_ROW_108_1809,VGND,li1,250.4700,304.9310,0.000401
TAP_TAPCELL_ROW_108_1808,VGND,li1,224.7100,304.9310,0.000337
TAP_TAPCELL_ROW_108_1807,VGND,li1,198.9500,304.9310,0.000239
TAP_TAPCELL_ROW_108_1806,VGND,li1,173.1900,304.9310,0.000127
TAP_TAPCELL_ROW_108_1805,VGND,li1,147.4300,304.9310,0.000173
TAP_TAPCELL_ROW_108_1804,VGND,li1,121.6700,304.9310,0.000197
TAP_TAPCELL_ROW_108_1803,VGND,li1,95.9100,304.9310,0.000199
TAP_TAPCELL_ROW_108_1802,VGND,li1,70.1500,304.9310,0.000168
TAP_TAPCELL_ROW_108_1801,VGND,li1,44.3900,304.9310,0.000106
TAP_TAPCELL_ROW_108_1800,VGND,li1,18.6300,304.9310,0.000045
TAP_TAPCELL_ROW_107_1799,VGND,li1,366.3900,304.3480,0.000684
TAP_TAPCELL_ROW_107_1798,VGND,li1,340.6300,304.3480,0.000404
TAP_TAPCELL_ROW_107_1797,VGND,li1,314.8700,304.3480,0.000375
TAP_TAPCELL_ROW_107_1796,VGND,li1,289.1100,304.3480,0.000412
TAP_TAPCELL_ROW_107_1795,VGND,li1,263.3500,304.3480,0.000421
TAP_TAPCELL_ROW_107_1794,VGND,li1,237.5900,304.3480,0.000373
TAP_TAPCELL_ROW_107_1793,VGND,li1,211.8300,304.3480,0.000292
TAP_TAPCELL_ROW_107_1792,VGND,li1,186.0700,304.3480,0.000181
TAP_TAPCELL_ROW_107_1791,VGND,li1,160.3100,304.3480,0.000154
TAP_TAPCELL_ROW_107_1790,VGND,li1,134.5500,304.3480,0.000186
TAP_TAPCELL_ROW_107_1789,VGND,li1,108.7900,304.3480,0.000200
TAP_TAPCELL_ROW_107_1788,VGND,li1,83.0300,304.3480,0.000188
TAP_TAPCELL_ROW_107_1787,VGND,li1,57.2700,304.3480,0.000136
TAP_TAPCELL_ROW_107_1786,VGND,li1,31.5100,304.3480,0.000067
TAP_TAPCELL_ROW_106_1785,VGND,li1,353.5100,299.4910,0.000292
TAP_TAPCELL_ROW_106_1784,VGND,li1,327.7500,299.4910,0.000126
TAP_TAPCELL_ROW_106_1783,VGND,li1,301.9900,299.4910,0.000182
TAP_TAPCELL_ROW_106_1782,VGND,li1,276.2300,299.4910,0.000226
TAP_TAPCELL_ROW_106_1781,VGND,li1,250.4700,299.4910,0.000248
TAP_TAPCELL_ROW_106_1780,VGND,li1,224.7100,299.4910,0.000253
TAP_TAPCELL_ROW_106_1779,VGND,li1,198.9500,299.4910,0.000242
TAP_TAPCELL_ROW_106_1778,VGND,li1,173.1900,299.4910,0.000179
TAP_TAPCELL_ROW_106_1777,VGND,li1,147.4300,299.4910,0.000195
TAP_TAPCELL_ROW_106_1776,VGND,li1,121.6700,299.4910,0.000187
TAP_TAPCELL_ROW_106_1775,VGND,li1,95.9100,299.4910,0.000165
TAP_TAPCELL_ROW_106_1774,VGND,li1,70.1500,299.4910,0.000129
TAP_TAPCELL_ROW_106_1773,VGND,li1,44.3900,299.4910,0.000078
TAP_TAPCELL_ROW_106_1772,VGND,li1,18.6300,299.4910,0.000034
TAP_TAPCELL_ROW_105_1771,VGND,li1,366.3900,298.9080,0.000353
TAP_TAPCELL_ROW_105_1770,VGND,li1,340.6300,298.9080,0.000176
TAP_TAPCELL_ROW_105_1769,VGND,li1,314.8700,298.9080,0.000154
TAP_TAPCELL_ROW_105_1768,VGND,li1,289.1100,298.9080,0.000206
TAP_TAPCELL_ROW_105_1767,VGND,li1,263.3500,298.9080,0.000242
TAP_TAPCELL_ROW_105_1766,VGND,li1,237.5900,298.9080,0.000252
TAP_TAPCELL_ROW_105_1765,VGND,li1,211.8300,298.9080,0.000250
TAP_TAPCELL_ROW_105_1764,VGND,li1,186.0700,298.9080,0.000218
TAP_TAPCELL_ROW_105_1763,VGND,li1,160.3100,298.9080,0.000195
TAP_TAPCELL_ROW_105_1762,VGND,li1,134.5500,298.9080,0.000192
TAP_TAPCELL_ROW_105_1761,VGND,li1,108.7900,298.9080,0.000180
TAP_TAPCELL_ROW_105_1760,VGND,li1,83.0300,298.9080,0.000148
TAP_TAPCELL_ROW_105_1759,VGND,li1,57.2700,298.9080,0.000107
TAP_TAPCELL_ROW_105_1758,VGND,li1,31.5100,298.9080,0.000046
TAP_TAPCELL_ROW_104_1757,VGND,li1,353.5100,294.0510,0.000059
TAP_TAPCELL_ROW_104_1756,VGND,li1,327.7500,294.0510,0.000060
TAP_TAPCELL_ROW_104_1755,VGND,li1,301.9900,294.0510,0.000117
TAP_TAPCELL_ROW_104_1754,VGND,li1,276.2300,294.0510,0.000153
TAP_TAPCELL_ROW_104_1753,VGND,li1,250.4700,294.0510,0.000165
TAP_TAPCELL_ROW_104_1752,VGND,li1,224.7100,294.0510,0.000154
TAP_TAPCELL_ROW_104_1751,VGND,li1,198.9500,294.0510,0.000124
TAP_TAPCELL_ROW_104_1750,VGND,li1,173.1900,294.0510,0.000071
TAP_TAPCELL_ROW_104_1749,VGND,li1,147.4300,294.0510,0.000105
TAP_TAPCELL_ROW_104_1748,VGND,li1,121.6700,294.0510,0.000119
TAP_TAPCELL_ROW_104_1747,VGND,li1,95.9100,294.0510,0.000122
TAP_TAPCELL_ROW_104_1746,VGND,li1,70.1500,294.0510,0.000110
TAP_TAPCELL_ROW_104_1745,VGND,li1,44.3900,294.0510,0.000080
TAP_TAPCELL_ROW_104_1744,VGND,li1,18.6300,294.0510,0.000039
TAP_TAPCELL_ROW_103_1743,VGND,li1,366.3900,293.4680,0.000064
TAP_TAPCELL_ROW_103_1742,VGND,li1,340.6300,293.4680,0.000050
TAP_TAPCELL_ROW_103_1741,VGND,li1,314.8700,293.4680,0.000094
TAP_TAPCELL_ROW_103_1740,VGND,li1,289.1100,293.4680,0.000140
TAP_TAPCELL_ROW_103_1739,VGND,li1,263.3500,293.4680,0.000163
TAP_TAPCELL_ROW_103_1738,VGND,li1,237.5900,293.4680,0.000161
TAP_TAPCELL_ROW_103_1737,VGND,li1,211.8300,293.4680,0.000140
TAP_TAPCELL_ROW_103_1736,VGND,li1,186.0700,293.4680,0.000097
TAP_TAPCELL_ROW_103_1735,VGND,li1,160.3100,293.4680,0.000091
TAP_TAPCELL_ROW_103_1734,VGND,li1,134.5500,293.4680,0.000115
TAP_TAPCELL_ROW_103_1733,VGND,li1,108.7900,293.4680,0.000121
TAP_TAPCELL_ROW_103_1732,VGND,li1,83.0300,293.4680,0.000119
TAP_TAPCELL_ROW_103_1731,VGND,li1,57.2700,293.4680,0.000098
TAP_TAPCELL_ROW_103_1730,VGND,li1,31.5100,293.4680,0.000054
TAP_TAPCELL_ROW_102_1729,VGND,li1,353.5100,288.6110,0.000049
TAP_TAPCELL_ROW_102_1728,VGND,li1,327.7500,288.6110,0.000046
TAP_TAPCELL_ROW_102_1727,VGND,li1,301.9900,288.6110,0.000091
TAP_TAPCELL_ROW_102_1726,VGND,li1,276.2300,288.6110,0.000126
TAP_TAPCELL_ROW_102_1725,VGND,li1,250.4700,288.6110,0.000142
TAP_TAPCELL_ROW_102_1724,VGND,li1,224.7100,288.6110,0.000141
TAP_TAPCELL_ROW_102_1723,VGND,li1,198.9500,288.6110,0.000112
TAP_TAPCELL_ROW_102_1722,VGND,li1,173.1900,288.6110,0.000063
TAP_TAPCELL_ROW_102_1721,VGND,li1,147.4300,288.6110,0.000090
TAP_TAPCELL_ROW_102_1720,VGND,li1,121.6700,288.6110,0.000102
TAP_TAPCELL_ROW_102_1719,VGND,li1,95.9100,288.6110,0.000102
TAP_TAPCELL_ROW_102_1718,VGND,li1,70.1500,288.6110,0.000092
TAP_TAPCELL_ROW_102_1717,VGND,li1,44.3900,288.6110,0.000063
TAP_TAPCELL_ROW_102_1716,VGND,li1,18.6300,288.6110,0.000024
TAP_TAPCELL_ROW_101_1715,VGND,li1,366.3900,288.0280,0.000053
TAP_TAPCELL_ROW_101_1714,VGND,li1,340.6300,288.0280,0.000043
TAP_TAPCELL_ROW_101_1713,VGND,li1,314.8700,288.0280,0.000069
TAP_TAPCELL_ROW_101_1712,VGND,li1,289.1100,288.0280,0.000110
TAP_TAPCELL_ROW_101_1711,VGND,li1,263.3500,288.0280,0.000136
TAP_TAPCELL_ROW_101_1710,VGND,li1,237.5900,288.0280,0.000144
TAP_TAPCELL_ROW_101_1709,VGND,li1,211.8300,288.0280,0.000131
TAP_TAPCELL_ROW_101_1708,VGND,li1,186.0700,288.0280,0.000086
TAP_TAPCELL_ROW_101_1707,VGND,li1,160.3100,288.0280,0.000079
TAP_TAPCELL_ROW_101_1706,VGND,li1,134.5500,288.0280,0.000098
TAP_TAPCELL_ROW_101_1705,VGND,li1,108.7900,288.0280,0.000103
TAP_TAPCELL_ROW_101_1704,VGND,li1,83.0300,288.0280,0.000098
TAP_TAPCELL_ROW_101_1703,VGND,li1,57.2700,288.0280,0.000078
TAP_TAPCELL_ROW_101_1702,VGND,li1,31.5100,288.0280,0.000040
TAP_TAPCELL_ROW_100_1701,VGND,li1,353.5100,283.1710,0.000115
TAP_TAPCELL_ROW_100_1700,VGND,li1,327.7500,283.1710,0.000079
TAP_TAPCELL_ROW_100_1699,VGND,li1,301.9900,283.1710,0.000140
TAP_TAPCELL_ROW_100_1698,VGND,li1,276.2300,283.1710,0.000177
TAP_TAPCELL_ROW_100_1697,VGND,li1,250.4700,283.1710,0.000205
TAP_TAPCELL_ROW_100_1696,VGND,li1,224.7100,283.1710,0.000214
TAP_TAPCELL_ROW_100_1695,VGND,li1,198.9500,283.1710,0.000139
TAP_TAPCELL_ROW_100_1694,VGND,li1,173.1900,283.1710,0.000080
TAP_TAPCELL_ROW_100_1693,VGND,li1,147.4300,283.1710,0.000143
TAP_TAPCELL_ROW_100_1692,VGND,li1,121.6700,283.1710,0.000192
TAP_TAPCELL_ROW_100_1691,VGND,li1,95.9100,283.1710,0.000219
TAP_TAPCELL_ROW_100_1690,VGND,li1,70.1500,283.1710,0.000231
TAP_TAPCELL_ROW_100_1689,VGND,li1,44.3900,283.1710,0.000173
TAP_TAPCELL_ROW_100_1688,VGND,li1,18.6300,283.1710,0.000084
TAP_TAPCELL_ROW_99_1687,VGND,li1,366.3900,282.5880,0.000138
TAP_TAPCELL_ROW_99_1686,VGND,li1,340.6300,282.5880,0.000088
TAP_TAPCELL_ROW_99_1685,VGND,li1,314.8700,282.5880,0.000113
TAP_TAPCELL_ROW_99_1684,VGND,li1,289.1100,282.5880,0.000160
TAP_TAPCELL_ROW_99_1683,VGND,li1,263.3500,282.5880,0.000192
TAP_TAPCELL_ROW_99_1682,VGND,li1,237.5900,282.5880,0.000215
TAP_TAPCELL_ROW_99_1681,VGND,li1,211.8300,282.5880,0.000181
TAP_TAPCELL_ROW_99_1680,VGND,li1,186.0700,282.5880,0.000097
TAP_TAPCELL_ROW_99_1679,VGND,li1,160.3100,282.5880,0.000112
TAP_TAPCELL_ROW_99_1678,VGND,li1,134.5500,282.5880,0.000169
TAP_TAPCELL_ROW_99_1677,VGND,li1,108.7900,282.5880,0.000210
TAP_TAPCELL_ROW_99_1676,VGND,li1,83.0300,282.5880,0.000226
TAP_TAPCELL_ROW_99_1675,VGND,li1,57.2700,282.5880,0.000209
TAP_TAPCELL_ROW_99_1674,VGND,li1,31.5100,282.5880,0.000126
TAP_TAPCELL_ROW_98_1673,VGND,li1,353.5100,277.7310,0.000362
TAP_TAPCELL_ROW_98_1672,VGND,li1,327.7500,277.7310,0.000188
TAP_TAPCELL_ROW_98_1671,VGND,li1,301.9900,277.7310,0.000335
TAP_TAPCELL_ROW_98_1670,VGND,li1,276.2300,277.7310,0.000476
TAP_TAPCELL_ROW_98_1669,VGND,li1,250.4700,277.7310,0.000599
TAP_TAPCELL_ROW_98_1668,VGND,li1,224.7100,277.7310,0.000595
TAP_TAPCELL_ROW_98_1667,VGND,li1,198.9500,277.7310,0.000459
TAP_TAPCELL_ROW_98_1666,VGND,li1,173.1900,277.7310,0.000264
TAP_TAPCELL_ROW_98_1665,VGND,li1,147.4300,277.7310,0.000502
TAP_TAPCELL_ROW_98_1664,VGND,li1,121.6700,277.7310,0.000701
TAP_TAPCELL_ROW_98_1663,VGND,li1,95.9100,277.7310,0.000863
TAP_TAPCELL_ROW_98_1662,VGND,li1,70.1500,277.7310,0.000858
TAP_TAPCELL_ROW_98_1661,VGND,li1,44.3900,277.7310,0.000582
TAP_TAPCELL_ROW_98_1660,VGND,li1,18.6300,277.7310,0.000214
TAP_TAPCELL_ROW_97_1659,VGND,li1,366.3900,277.1480,0.000411
TAP_TAPCELL_ROW_97_1658,VGND,li1,340.6300,277.1480,0.000255
TAP_TAPCELL_ROW_97_1657,VGND,li1,314.8700,277.1480,0.000269
TAP_TAPCELL_ROW_97_1656,VGND,li1,289.1100,277.1480,0.000411
TAP_TAPCELL_ROW_97_1655,VGND,li1,263.3500,277.1480,0.000536
TAP_TAPCELL_ROW_97_1654,VGND,li1,237.5900,277.1480,0.000613
TAP_TAPCELL_ROW_97_1653,VGND,li1,211.8300,277.1480,0.000546
TAP_TAPCELL_ROW_97_1652,VGND,li1,186.0700,277.1480,0.000330
TAP_TAPCELL_ROW_97_1651,VGND,li1,160.3100,277.1480,0.000391
TAP_TAPCELL_ROW_97_1650,VGND,li1,134.5500,277.1480,0.000604
TAP_TAPCELL_ROW_97_1649,VGND,li1,108.7900,277.1480,0.000798
TAP_TAPCELL_ROW_97_1648,VGND,li1,83.0300,277.1480,0.000893
TAP_TAPCELL_ROW_97_1647,VGND,li1,57.2700,277.1480,0.000763
TAP_TAPCELL_ROW_97_1646,VGND,li1,31.5100,277.1480,0.000336
TAP_TAPCELL_ROW_96_1645,VGND,li1,353.5100,272.2910,0.000507
TAP_TAPCELL_ROW_96_1644,VGND,li1,327.7500,272.2910,0.000298
TAP_TAPCELL_ROW_96_1643,VGND,li1,301.9900,272.2910,0.000536
TAP_TAPCELL_ROW_96_1642,VGND,li1,276.2300,272.2910,0.000761
TAP_TAPCELL_ROW_96_1641,VGND,li1,250.4700,272.2910,0.000839
TAP_TAPCELL_ROW_96_1640,VGND,li1,224.7100,272.2910,0.000706
TAP_TAPCELL_ROW_96_1639,VGND,li1,198.9500,272.2910,0.000456
TAP_TAPCELL_ROW_96_1638,VGND,li1,173.1900,272.2910,0.000243
TAP_TAPCELL_ROW_96_1637,VGND,li1,147.4300,272.2910,0.000358
TAP_TAPCELL_ROW_96_1636,VGND,li1,121.6700,272.2910,0.000438
TAP_TAPCELL_ROW_96_1635,VGND,li1,95.9100,272.2910,0.000447
TAP_TAPCELL_ROW_96_1634,VGND,li1,70.1500,272.2910,0.000370
TAP_TAPCELL_ROW_96_1633,VGND,li1,44.3900,272.2910,0.000242
TAP_TAPCELL_ROW_96_1632,VGND,li1,18.6300,272.2910,0.000089
TAP_TAPCELL_ROW_95_1631,VGND,li1,366.3900,271.7080,0.000565
TAP_TAPCELL_ROW_95_1630,VGND,li1,340.6300,271.7080,0.000368
TAP_TAPCELL_ROW_95_1629,VGND,li1,314.8700,271.7080,0.000422
TAP_TAPCELL_ROW_95_1628,VGND,li1,289.1100,271.7080,0.000642
TAP_TAPCELL_ROW_95_1627,VGND,li1,263.3500,271.7080,0.000832
TAP_TAPCELL_ROW_95_1626,VGND,li1,237.5900,271.7080,0.000815
TAP_TAPCELL_ROW_95_1625,VGND,li1,211.8300,271.7080,0.000599
TAP_TAPCELL_ROW_95_1624,VGND,li1,186.0700,271.7080,0.000306
TAP_TAPCELL_ROW_95_1623,VGND,li1,160.3100,271.7080,0.000309
TAP_TAPCELL_ROW_95_1622,VGND,li1,134.5500,271.7080,0.000405
TAP_TAPCELL_ROW_95_1621,VGND,li1,108.7900,271.7080,0.000447
TAP_TAPCELL_ROW_95_1620,VGND,li1,83.0300,271.7080,0.000415
TAP_TAPCELL_ROW_95_1619,VGND,li1,57.2700,271.7080,0.000307
TAP_TAPCELL_ROW_95_1618,VGND,li1,31.5100,271.7080,0.000141
TAP_TAPCELL_ROW_94_1617,VGND,li1,353.5100,266.8510,0.000377
TAP_TAPCELL_ROW_94_1616,VGND,li1,327.7500,266.8510,0.000161
TAP_TAPCELL_ROW_94_1615,VGND,li1,301.9900,266.8510,0.000213
TAP_TAPCELL_ROW_94_1614,VGND,li1,276.2300,266.8510,0.000251
TAP_TAPCELL_ROW_94_1613,VGND,li1,250.4700,266.8510,0.000257
TAP_TAPCELL_ROW_94_1612,VGND,li1,224.7100,266.8510,0.000236
TAP_TAPCELL_ROW_94_1611,VGND,li1,198.9500,266.8510,0.000198
TAP_TAPCELL_ROW_94_1610,VGND,li1,173.1900,266.8510,0.000230
TAP_TAPCELL_ROW_94_1609,VGND,li1,147.4300,266.8510,0.000462
TAP_TAPCELL_ROW_94_1608,VGND,li1,121.6700,266.8510,0.000470
TAP_TAPCELL_ROW_94_1607,VGND,li1,95.9100,266.8510,0.000421
TAP_TAPCELL_ROW_94_1606,VGND,li1,70.1500,266.8510,0.000317
TAP_TAPCELL_ROW_94_1605,VGND,li1,44.3900,266.8510,0.000186
TAP_TAPCELL_ROW_94_1604,VGND,li1,18.6300,266.8510,0.000068
TAP_TAPCELL_ROW_93_1603,VGND,li1,366.3900,266.2680,0.000429
TAP_TAPCELL_ROW_93_1602,VGND,li1,340.6300,266.2680,0.000249
TAP_TAPCELL_ROW_93_1601,VGND,li1,314.8700,266.2680,0.000191
TAP_TAPCELL_ROW_93_1600,VGND,li1,289.1100,266.2680,0.000235
TAP_TAPCELL_ROW_93_1599,VGND,li1,263.3500,266.2680,0.000264
TAP_TAPCELL_ROW_93_1598,VGND,li1,237.5900,266.2680,0.000248
TAP_TAPCELL_ROW_93_1597,VGND,li1,211.8300,266.2680,0.000218
TAP_TAPCELL_ROW_93_1596,VGND,li1,186.0700,266.2680,0.000173
TAP_TAPCELL_ROW_93_1595,VGND,li1,160.3100,266.2680,0.000371
TAP_TAPCELL_ROW_93_1594,VGND,li1,134.5500,266.2680,0.000481
TAP_TAPCELL_ROW_93_1593,VGND,li1,108.7900,266.2680,0.000457
TAP_TAPCELL_ROW_93_1592,VGND,li1,83.0300,266.2680,0.000367
TAP_TAPCELL_ROW_93_1591,VGND,li1,57.2700,266.2680,0.000249
TAP_TAPCELL_ROW_93_1590,VGND,li1,31.5100,266.2680,0.000112
TAP_TAPCELL_ROW_92_1589,VGND,li1,353.5100,261.4110,0.000330
TAP_TAPCELL_ROW_92_1588,VGND,li1,327.7500,261.4110,0.000146
TAP_TAPCELL_ROW_92_1587,VGND,li1,301.9900,261.4110,0.000232
TAP_TAPCELL_ROW_92_1586,VGND,li1,276.2300,261.4110,0.000305
TAP_TAPCELL_ROW_92_1585,VGND,li1,250.4700,261.4110,0.000328
TAP_TAPCELL_ROW_92_1584,VGND,li1,224.7100,261.4110,0.000302
TAP_TAPCELL_ROW_92_1583,VGND,li1,198.9500,261.4110,0.000249
TAP_TAPCELL_ROW_92_1582,VGND,li1,173.1900,261.4110,0.000279
TAP_TAPCELL_ROW_92_1581,VGND,li1,147.4300,261.4110,0.000652
TAP_TAPCELL_ROW_92_1580,VGND,li1,121.6700,261.4110,0.000770
TAP_TAPCELL_ROW_92_1579,VGND,li1,95.9100,261.4110,0.000633
TAP_TAPCELL_ROW_92_1578,VGND,li1,70.1500,261.4110,0.000456
TAP_TAPCELL_ROW_92_1577,VGND,li1,44.3900,261.4110,0.000253
TAP_TAPCELL_ROW_92_1576,VGND,li1,18.6300,261.4110,0.000098
TAP_TAPCELL_ROW_91_1575,VGND,li1,366.3900,260.8280,0.000396
TAP_TAPCELL_ROW_91_1574,VGND,li1,340.6300,260.8280,0.000227
TAP_TAPCELL_ROW_91_1573,VGND,li1,314.8700,260.8280,0.000193
TAP_TAPCELL_ROW_91_1572,VGND,li1,289.1100,260.8280,0.000270
TAP_TAPCELL_ROW_91_1571,VGND,li1,263.3500,260.8280,0.000327
TAP_TAPCELL_ROW_91_1570,VGND,li1,237.5900,260.8280,0.000318
TAP_TAPCELL_ROW_91_1569,VGND,li1,211.8300,260.8280,0.000276
TAP_TAPCELL_ROW_91_1568,VGND,li1,186.0700,260.8280,0.000214
TAP_TAPCELL_ROW_91_1567,VGND,li1,160.3100,260.8280,0.000465
TAP_TAPCELL_ROW_91_1566,VGND,li1,134.5500,260.8280,0.000763
TAP_TAPCELL_ROW_91_1565,VGND,li1,108.7900,260.8280,0.000723
TAP_TAPCELL_ROW_91_1564,VGND,li1,83.0300,260.8280,0.000555
TAP_TAPCELL_ROW_91_1563,VGND,li1,57.2700,260.8280,0.000363
TAP_TAPCELL_ROW_91_1562,VGND,li1,31.5100,260.8280,0.000149
TAP_TAPCELL_ROW_90_1561,VGND,li1,353.5100,255.9710,0.000157
TAP_TAPCELL_ROW_90_1560,VGND,li1,327.7500,255.9710,0.000108
TAP_TAPCELL_ROW_90_1559,VGND,li1,301.9900,255.9710,0.000230
TAP_TAPCELL_ROW_90_1558,VGND,li1,276.2300,255.9710,0.000286
TAP_TAPCELL_ROW_90_1557,VGND,li1,250.4700,255.9710,0.000258
TAP_TAPCELL_ROW_90_1556,VGND,li1,224.7100,255.9710,0.000212
TAP_TAPCELL_ROW_90_1555,VGND,li1,198.9500,255.9710,0.000162
TAP_TAPCELL_ROW_90_1554,VGND,li1,173.1900,255.9710,0.000147
TAP_TAPCELL_ROW_90_1553,VGND,li1,147.4300,255.9710,0.000296
TAP_TAPCELL_ROW_90_1552,VGND,li1,121.6700,255.9710,0.000341
TAP_TAPCELL_ROW_90_1551,VGND,li1,95.9100,255.9710,0.000306
TAP_TAPCELL_ROW_90_1550,VGND,li1,70.1500,255.9710,0.000251
TAP_TAPCELL_ROW_90_1549,VGND,li1,44.3900,255.9710,0.000173
TAP_TAPCELL_ROW_90_1548,VGND,li1,18.6300,255.9710,0.000068
TAP_TAPCELL_ROW_89_1547,VGND,li1,366.3900,255.3880,0.000183
TAP_TAPCELL_ROW_89_1546,VGND,li1,340.6300,255.3880,0.000117
TAP_TAPCELL_ROW_89_1545,VGND,li1,314.8700,255.3880,0.000173
TAP_TAPCELL_ROW_89_1544,VGND,li1,289.1100,255.3880,0.000268
TAP_TAPCELL_ROW_89_1543,VGND,li1,263.3500,255.3880,0.000278
TAP_TAPCELL_ROW_89_1542,VGND,li1,237.5900,255.3880,0.000236
TAP_TAPCELL_ROW_89_1541,VGND,li1,211.8300,255.3880,0.000189
TAP_TAPCELL_ROW_89_1540,VGND,li1,186.0700,255.3880,0.000128
TAP_TAPCELL_ROW_89_1539,VGND,li1,160.3100,255.3880,0.000241
TAP_TAPCELL_ROW_89_1538,VGND,li1,134.5500,255.3880,0.000335
TAP_TAPCELL_ROW_89_1537,VGND,li1,108.7900,255.3880,0.000325
TAP_TAPCELL_ROW_89_1536,VGND,li1,83.0300,255.3880,0.000281
TAP_TAPCELL_ROW_89_1535,VGND,li1,57.2700,255.3880,0.000219
TAP_TAPCELL_ROW_89_1534,VGND,li1,31.5100,255.3880,0.000111
TAP_TAPCELL_ROW_88_1533,VGND,li1,353.5100,250.5310,0.000339
TAP_TAPCELL_ROW_88_1532,VGND,li1,327.7500,250.5310,0.000232
TAP_TAPCELL_ROW_88_1531,VGND,li1,301.9900,250.5310,0.000357
TAP_TAPCELL_ROW_88_1530,VGND,li1,276.2300,250.5310,0.000355
TAP_TAPCELL_ROW_88_1529,VGND,li1,250.4700,250.5310,0.000314
TAP_TAPCELL_ROW_88_1528,VGND,li1,224.7100,250.5310,0.000244
TAP_TAPCELL_ROW_88_1527,VGND,li1,198.9500,250.5310,0.000164
TAP_TAPCELL_ROW_88_1526,VGND,li1,173.1900,250.5310,0.000099
TAP_TAPCELL_ROW_88_1525,VGND,li1,147.4300,250.5310,0.000137
TAP_TAPCELL_ROW_88_1524,VGND,li1,121.6700,250.5310,0.000148
TAP_TAPCELL_ROW_88_1523,VGND,li1,95.9100,250.5310,0.000145
TAP_TAPCELL_ROW_88_1522,VGND,li1,70.1500,250.5310,0.000130
TAP_TAPCELL_ROW_88_1521,VGND,li1,44.3900,250.5310,0.000097
TAP_TAPCELL_ROW_88_1520,VGND,li1,18.6300,250.5310,0.000048
TAP_TAPCELL_ROW_87_1519,VGND,li1,366.3900,249.9480,0.000392
TAP_TAPCELL_ROW_87_1518,VGND,li1,340.6300,249.9480,0.000242
TAP_TAPCELL_ROW_87_1517,VGND,li1,314.8700,249.9480,0.000326
TAP_TAPCELL_ROW_87_1516,VGND,li1,289.1100,249.9480,0.000362
TAP_TAPCELL_ROW_87_1515,VGND,li1,263.3500,249.9480,0.000339
TAP_TAPCELL_ROW_87_1514,VGND,li1,237.5900,249.9480,0.000282
TAP_TAPCELL_ROW_87_1513,VGND,li1,211.8300,249.9480,0.000203
TAP_TAPCELL_ROW_87_1512,VGND,li1,186.0700,249.9480,0.000115
TAP_TAPCELL_ROW_87_1511,VGND,li1,160.3100,249.9480,0.000123
TAP_TAPCELL_ROW_87_1510,VGND,li1,134.5500,249.9480,0.000146
TAP_TAPCELL_ROW_87_1509,VGND,li1,108.7900,249.9480,0.000148
TAP_TAPCELL_ROW_87_1508,VGND,li1,83.0300,249.9480,0.000138
TAP_TAPCELL_ROW_87_1507,VGND,li1,57.2700,249.9480,0.000121
TAP_TAPCELL_ROW_87_1506,VGND,li1,31.5100,249.9480,0.000064
TAP_TAPCELL_ROW_86_1505,VGND,li1,353.5100,245.0910,0.000417
TAP_TAPCELL_ROW_86_1504,VGND,li1,327.7500,245.0910,0.000317
TAP_TAPCELL_ROW_86_1503,VGND,li1,301.9900,245.0910,0.000608
TAP_TAPCELL_ROW_86_1502,VGND,li1,276.2300,245.0910,0.000636
TAP_TAPCELL_ROW_86_1501,VGND,li1,250.4700,245.0910,0.000572
TAP_TAPCELL_ROW_86_1500,VGND,li1,224.7100,245.0910,0.000496
TAP_TAPCELL_ROW_86_1499,VGND,li1,198.9500,245.0910,0.000388
TAP_TAPCELL_ROW_86_1498,VGND,li1,173.1900,245.0910,0.000174
TAP_TAPCELL_ROW_86_1497,VGND,li1,147.4300,245.0910,0.000239
TAP_TAPCELL_ROW_86_1496,VGND,li1,121.6700,245.0910,0.000294
TAP_TAPCELL_ROW_86_1495,VGND,li1,95.9100,245.0910,0.000278
TAP_TAPCELL_ROW_86_1494,VGND,li1,70.1500,245.0910,0.000222
TAP_TAPCELL_ROW_86_1493,VGND,li1,44.3900,245.0910,0.000138
TAP_TAPCELL_ROW_86_1492,VGND,li1,18.6300,245.0910,0.000055
TAP_TAPCELL_ROW_85_1491,VGND,li1,366.3900,244.5080,0.000473
TAP_TAPCELL_ROW_85_1490,VGND,li1,340.6300,244.5080,0.000341
TAP_TAPCELL_ROW_85_1489,VGND,li1,314.8700,244.5080,0.000488
TAP_TAPCELL_ROW_85_1488,VGND,li1,289.1100,244.5080,0.000652
TAP_TAPCELL_ROW_85_1487,VGND,li1,263.3500,244.5080,0.000609
TAP_TAPCELL_ROW_85_1486,VGND,li1,237.5900,244.5080,0.000535
TAP_TAPCELL_ROW_85_1485,VGND,li1,211.8300,244.5080,0.000445
TAP_TAPCELL_ROW_85_1484,VGND,li1,186.0700,244.5080,0.000233
TAP_TAPCELL_ROW_85_1483,VGND,li1,160.3100,244.5080,0.000207
TAP_TAPCELL_ROW_85_1482,VGND,li1,134.5500,244.5080,0.000272
TAP_TAPCELL_ROW_85_1481,VGND,li1,108.7900,244.5080,0.000294
TAP_TAPCELL_ROW_85_1480,VGND,li1,83.0300,244.5080,0.000258
TAP_TAPCELL_ROW_85_1479,VGND,li1,57.2700,244.5080,0.000183
TAP_TAPCELL_ROW_85_1478,VGND,li1,31.5100,244.5080,0.000087
TAP_TAPCELL_ROW_84_1477,VGND,li1,353.5100,239.6510,0.000245
TAP_TAPCELL_ROW_84_1476,VGND,li1,327.7500,239.6510,0.000176
TAP_TAPCELL_ROW_84_1475,VGND,li1,301.9900,239.6510,0.000317
TAP_TAPCELL_ROW_84_1474,VGND,li1,276.2300,239.6510,0.000412
TAP_TAPCELL_ROW_84_1473,VGND,li1,250.4700,239.6510,0.000419
TAP_TAPCELL_ROW_84_1472,VGND,li1,224.7100,239.6510,0.000344
TAP_TAPCELL_ROW_84_1471,VGND,li1,198.9500,239.6510,0.000237
TAP_TAPCELL_ROW_84_1470,VGND,li1,173.1900,239.6510,0.000143
TAP_TAPCELL_ROW_84_1469,VGND,li1,147.4300,239.6510,0.000242
TAP_TAPCELL_ROW_84_1468,VGND,li1,121.6700,239.6510,0.000325
TAP_TAPCELL_ROW_84_1467,VGND,li1,95.9100,239.6510,0.000319
TAP_TAPCELL_ROW_84_1466,VGND,li1,70.1500,239.6510,0.000259
TAP_TAPCELL_ROW_84_1465,VGND,li1,44.3900,239.6510,0.000171
TAP_TAPCELL_ROW_84_1464,VGND,li1,18.6300,239.6510,0.000116
TAP_TAPCELL_ROW_83_1463,VGND,li1,366.3900,239.0680,0.000267
TAP_TAPCELL_ROW_83_1462,VGND,li1,340.6300,239.0680,0.000197
TAP_TAPCELL_ROW_83_1461,VGND,li1,314.8700,239.0680,0.000253
TAP_TAPCELL_ROW_83_1460,VGND,li1,289.1100,239.0680,0.000372
TAP_TAPCELL_ROW_83_1459,VGND,li1,263.3500,239.0680,0.000433
TAP_TAPCELL_ROW_83_1458,VGND,li1,237.5900,239.0680,0.000389
TAP_TAPCELL_ROW_83_1457,VGND,li1,211.8300,239.0680,0.000292
TAP_TAPCELL_ROW_83_1456,VGND,li1,186.0700,239.0680,0.000169
TAP_TAPCELL_ROW_83_1455,VGND,li1,160.3100,239.0680,0.000199
TAP_TAPCELL_ROW_83_1454,VGND,li1,134.5500,239.0680,0.000287
TAP_TAPCELL_ROW_83_1453,VGND,li1,108.7900,239.0680,0.000330
TAP_TAPCELL_ROW_83_1452,VGND,li1,83.0300,239.0680,0.000289
TAP_TAPCELL_ROW_83_1451,VGND,li1,57.2700,239.0680,0.000214
TAP_TAPCELL_ROW_83_1450,VGND,li1,31.5100,239.0680,0.000116
TAP_TAPCELL_ROW_82_1449,VGND,li1,353.5100,234.2110,0.000114
TAP_TAPCELL_ROW_82_1448,VGND,li1,327.7500,234.2110,0.000099
TAP_TAPCELL_ROW_82_1447,VGND,li1,301.9900,234.2110,0.000200
TAP_TAPCELL_ROW_82_1446,VGND,li1,276.2300,234.2110,0.000270
TAP_TAPCELL_ROW_82_1445,VGND,li1,250.4700,234.2110,0.000259
TAP_TAPCELL_ROW_82_1444,VGND,li1,224.7100,234.2110,0.000226
TAP_TAPCELL_ROW_82_1443,VGND,li1,198.9500,234.2110,0.000158
TAP_TAPCELL_ROW_82_1442,VGND,li1,173.1900,234.2110,0.000110
TAP_TAPCELL_ROW_82_1441,VGND,li1,147.4300,234.2110,0.000202
TAP_TAPCELL_ROW_82_1440,VGND,li1,121.6700,234.2110,0.000283
TAP_TAPCELL_ROW_82_1439,VGND,li1,95.9100,234.2110,0.000351
TAP_TAPCELL_ROW_82_1438,VGND,li1,70.1500,234.2110,0.000370
TAP_TAPCELL_ROW_82_1437,VGND,li1,44.3900,234.2110,0.000252
TAP_TAPCELL_ROW_82_1436,VGND,li1,18.6300,234.2110,0.000109
TAP_TAPCELL_ROW_81_1435,VGND,li1,366.3900,233.6280,0.000128
TAP_TAPCELL_ROW_81_1434,VGND,li1,340.6300,233.6280,0.000095
TAP_TAPCELL_ROW_81_1433,VGND,li1,314.8700,233.6280,0.000154
TAP_TAPCELL_ROW_81_1432,VGND,li1,289.1100,233.6280,0.000243
TAP_TAPCELL_ROW_81_1431,VGND,li1,263.3500,233.6280,0.000271
TAP_TAPCELL_ROW_81_1430,VGND,li1,237.5900,233.6280,0.000244
TAP_TAPCELL_ROW_81_1429,VGND,li1,211.8300,233.6280,0.000198
TAP_TAPCELL_ROW_81_1428,VGND,li1,186.0700,233.6280,0.000117
TAP_TAPCELL_ROW_81_1427,VGND,li1,160.3100,233.6280,0.000157
TAP_TAPCELL_ROW_81_1426,VGND,li1,134.5500,233.6280,0.000249
TAP_TAPCELL_ROW_81_1425,VGND,li1,108.7900,233.6280,0.000320
TAP_TAPCELL_ROW_81_1424,VGND,li1,83.0300,233.6280,0.000376
TAP_TAPCELL_ROW_81_1423,VGND,li1,57.2700,233.6280,0.000316
TAP_TAPCELL_ROW_81_1422,VGND,li1,31.5100,233.6280,0.000156
TAP_TAPCELL_ROW_80_1421,VGND,li1,353.5100,228.7710,0.000125
TAP_TAPCELL_ROW_80_1420,VGND,li1,327.7500,228.7710,0.000104
TAP_TAPCELL_ROW_80_1419,VGND,li1,301.9900,228.7710,0.000218
TAP_TAPCELL_ROW_80_1418,VGND,li1,276.2300,228.7710,0.000328
TAP_TAPCELL_ROW_80_1417,VGND,li1,250.4700,228.7710,0.000421
TAP_TAPCELL_ROW_80_1416,VGND,li1,224.7100,228.7710,0.000449
TAP_TAPCELL_ROW_80_1415,VGND,li1,198.9500,228.7710,0.000287
TAP_TAPCELL_ROW_80_1414,VGND,li1,173.1900,228.7710,0.000167
TAP_TAPCELL_ROW_80_1413,VGND,li1,147.4300,228.7710,0.000274
TAP_TAPCELL_ROW_80_1412,VGND,li1,121.6700,228.7710,0.000337
TAP_TAPCELL_ROW_80_1411,VGND,li1,95.9100,228.7710,0.000338
TAP_TAPCELL_ROW_80_1410,VGND,li1,70.1500,228.7710,0.000288
TAP_TAPCELL_ROW_80_1409,VGND,li1,44.3900,228.7710,0.000188
TAP_TAPCELL_ROW_80_1408,VGND,li1,18.6300,228.7710,0.000093
TAP_TAPCELL_ROW_79_1407,VGND,li1,366.3900,228.1880,0.000141
TAP_TAPCELL_ROW_79_1406,VGND,li1,340.6300,228.1880,0.000101
TAP_TAPCELL_ROW_79_1405,VGND,li1,314.8700,228.1880,0.000159
TAP_TAPCELL_ROW_79_1404,VGND,li1,289.1100,228.1880,0.000280
TAP_TAPCELL_ROW_79_1403,VGND,li1,263.3500,228.1880,0.000380
TAP_TAPCELL_ROW_79_1402,VGND,li1,237.5900,228.1880,0.000456
TAP_TAPCELL_ROW_79_1401,VGND,li1,211.8300,228.1880,0.000388
TAP_TAPCELL_ROW_79_1400,VGND,li1,186.0700,228.1880,0.000190
TAP_TAPCELL_ROW_79_1399,VGND,li1,160.3100,228.1880,0.000222
TAP_TAPCELL_ROW_79_1398,VGND,li1,134.5500,228.1880,0.000311
TAP_TAPCELL_ROW_79_1397,VGND,li1,108.7900,228.1880,0.000347
TAP_TAPCELL_ROW_79_1396,VGND,li1,83.0300,228.1880,0.000321
TAP_TAPCELL_ROW_79_1395,VGND,li1,57.2700,228.1880,0.000239
TAP_TAPCELL_ROW_79_1394,VGND,li1,31.5100,228.1880,0.000112
TAP_TAPCELL_ROW_78_1393,VGND,li1,353.5100,223.3310,0.000079
TAP_TAPCELL_ROW_78_1392,VGND,li1,327.7500,223.3310,0.000073
TAP_TAPCELL_ROW_78_1391,VGND,li1,301.9900,223.3310,0.000176
TAP_TAPCELL_ROW_78_1390,VGND,li1,276.2300,223.3310,0.000264
TAP_TAPCELL_ROW_78_1389,VGND,li1,250.4700,223.3310,0.000295
TAP_TAPCELL_ROW_78_1388,VGND,li1,224.7100,223.3310,0.000300
TAP_TAPCELL_ROW_78_1387,VGND,li1,198.9500,223.3310,0.000226
TAP_TAPCELL_ROW_78_1386,VGND,li1,173.1900,223.3310,0.000112
TAP_TAPCELL_ROW_78_1385,VGND,li1,147.4300,223.3310,0.000163
TAP_TAPCELL_ROW_78_1384,VGND,li1,121.6700,223.3310,0.000197
TAP_TAPCELL_ROW_78_1383,VGND,li1,95.9100,223.3310,0.000201
TAP_TAPCELL_ROW_78_1382,VGND,li1,70.1500,223.3310,0.000172
TAP_TAPCELL_ROW_78_1381,VGND,li1,44.3900,223.3310,0.000106
TAP_TAPCELL_ROW_78_1380,VGND,li1,18.6300,223.3310,0.000047
TAP_TAPCELL_ROW_77_1379,VGND,li1,366.3900,222.7480,0.000083
TAP_TAPCELL_ROW_77_1378,VGND,li1,340.6300,222.7480,0.000067
TAP_TAPCELL_ROW_77_1377,VGND,li1,314.8700,222.7480,0.000124
TAP_TAPCELL_ROW_77_1376,VGND,li1,289.1100,222.7480,0.000219
TAP_TAPCELL_ROW_77_1375,VGND,li1,263.3500,222.7480,0.000283
TAP_TAPCELL_ROW_77_1374,VGND,li1,237.5900,222.7480,0.000304
TAP_TAPCELL_ROW_77_1373,VGND,li1,211.8300,222.7480,0.000278
TAP_TAPCELL_ROW_77_1372,VGND,li1,186.0700,222.7480,0.000136
TAP_TAPCELL_ROW_77_1371,VGND,li1,160.3100,222.7480,0.000140
TAP_TAPCELL_ROW_77_1370,VGND,li1,134.5500,222.7480,0.000181
TAP_TAPCELL_ROW_77_1369,VGND,li1,108.7900,222.7480,0.000202
TAP_TAPCELL_ROW_77_1368,VGND,li1,83.0300,222.7480,0.000189
TAP_TAPCELL_ROW_77_1367,VGND,li1,57.2700,222.7480,0.000139
TAP_TAPCELL_ROW_77_1366,VGND,li1,31.5100,222.7480,0.000063
TAP_TAPCELL_ROW_76_1365,VGND,li1,353.5100,217.8910,0.000065
TAP_TAPCELL_ROW_76_1364,VGND,li1,327.7500,217.8910,0.000086
TAP_TAPCELL_ROW_76_1363,VGND,li1,301.9900,217.8910,0.000201
TAP_TAPCELL_ROW_76_1362,VGND,li1,276.2300,217.8910,0.000277
TAP_TAPCELL_ROW_76_1361,VGND,li1,250.4700,217.8910,0.000307
TAP_TAPCELL_ROW_76_1360,VGND,li1,224.7100,217.8910,0.000281
TAP_TAPCELL_ROW_76_1359,VGND,li1,198.9500,217.8910,0.000188
TAP_TAPCELL_ROW_76_1358,VGND,li1,173.1900,217.8910,0.000090
TAP_TAPCELL_ROW_76_1357,VGND,li1,147.4300,217.8910,0.000131
TAP_TAPCELL_ROW_76_1356,VGND,li1,121.6700,217.8910,0.000150
TAP_TAPCELL_ROW_76_1355,VGND,li1,95.9100,217.8910,0.000147
TAP_TAPCELL_ROW_76_1354,VGND,li1,70.1500,217.8910,0.000125
TAP_TAPCELL_ROW_76_1353,VGND,li1,44.3900,217.8910,0.000082
TAP_TAPCELL_ROW_76_1352,VGND,li1,18.6300,217.8910,0.000039
TAP_TAPCELL_ROW_75_1351,VGND,li1,366.3900,217.3080,0.000065
TAP_TAPCELL_ROW_75_1350,VGND,li1,340.6300,217.3080,0.000063
TAP_TAPCELL_ROW_75_1349,VGND,li1,314.8700,217.3080,0.000146
TAP_TAPCELL_ROW_75_1348,VGND,li1,289.1100,217.3080,0.000239
TAP_TAPCELL_ROW_75_1347,VGND,li1,263.3500,217.3080,0.000305
TAP_TAPCELL_ROW_75_1346,VGND,li1,237.5900,217.3080,0.000297
TAP_TAPCELL_ROW_75_1345,VGND,li1,211.8300,217.3080,0.000243
TAP_TAPCELL_ROW_75_1344,VGND,li1,186.0700,217.3080,0.000124
TAP_TAPCELL_ROW_75_1343,VGND,li1,160.3100,217.3080,0.000110
TAP_TAPCELL_ROW_75_1342,VGND,li1,134.5500,217.3080,0.000142
TAP_TAPCELL_ROW_75_1341,VGND,li1,108.7900,217.3080,0.000152
TAP_TAPCELL_ROW_75_1340,VGND,li1,83.0300,217.3080,0.000139
TAP_TAPCELL_ROW_75_1339,VGND,li1,57.2700,217.3080,0.000107
TAP_TAPCELL_ROW_75_1338,VGND,li1,31.5100,217.3080,0.000049
TAP_TAPCELL_ROW_74_1337,VGND,li1,353.5100,212.4510,0.000112
TAP_TAPCELL_ROW_74_1336,VGND,li1,327.7500,212.4510,0.000097
TAP_TAPCELL_ROW_74_1335,VGND,li1,301.9900,212.4510,0.000208
TAP_TAPCELL_ROW_74_1334,VGND,li1,276.2300,212.4510,0.000292
TAP_TAPCELL_ROW_74_1333,VGND,li1,250.4700,212.4510,0.000356
TAP_TAPCELL_ROW_74_1332,VGND,li1,224.7100,212.4510,0.000397
TAP_TAPCELL_ROW_74_1331,VGND,li1,198.9500,212.4510,0.000352
TAP_TAPCELL_ROW_74_1330,VGND,li1,173.1900,212.4510,0.000135
TAP_TAPCELL_ROW_74_1329,VGND,li1,147.4300,212.4510,0.000153
TAP_TAPCELL_ROW_74_1328,VGND,li1,121.6700,212.4510,0.000154
TAP_TAPCELL_ROW_74_1327,VGND,li1,95.9100,212.4510,0.000141
TAP_TAPCELL_ROW_74_1326,VGND,li1,70.1500,212.4510,0.000114
TAP_TAPCELL_ROW_74_1325,VGND,li1,44.3900,212.4510,0.000072
TAP_TAPCELL_ROW_74_1324,VGND,li1,18.6300,212.4510,0.000038
TAP_TAPCELL_ROW_73_1323,VGND,li1,366.3900,211.8680,0.000139
TAP_TAPCELL_ROW_73_1322,VGND,li1,340.6300,211.8680,0.000089
TAP_TAPCELL_ROW_73_1321,VGND,li1,314.8700,211.8680,0.000153
TAP_TAPCELL_ROW_73_1320,VGND,li1,289.1100,211.8680,0.000253
TAP_TAPCELL_ROW_73_1319,VGND,li1,263.3500,211.8680,0.000325
TAP_TAPCELL_ROW_73_1318,VGND,li1,237.5900,211.8680,0.000377
TAP_TAPCELL_ROW_73_1317,VGND,li1,211.8300,211.8680,0.000413
TAP_TAPCELL_ROW_73_1316,VGND,li1,186.0700,211.8680,0.000215
TAP_TAPCELL_ROW_73_1315,VGND,li1,160.3100,211.8680,0.000147
TAP_TAPCELL_ROW_73_1314,VGND,li1,134.5500,211.8680,0.000156
TAP_TAPCELL_ROW_73_1313,VGND,li1,108.7900,211.8680,0.000149
TAP_TAPCELL_ROW_73_1312,VGND,li1,83.0300,211.8680,0.000129
TAP_TAPCELL_ROW_73_1311,VGND,li1,57.2700,211.8680,0.000094
TAP_TAPCELL_ROW_73_1310,VGND,li1,31.5100,211.8680,0.000049
TAP_TAPCELL_ROW_72_1309,VGND,li1,353.5100,207.0110,0.000191
TAP_TAPCELL_ROW_72_1308,VGND,li1,327.7500,207.0110,0.000094
TAP_TAPCELL_ROW_72_1307,VGND,li1,301.9900,207.0110,0.000124
TAP_TAPCELL_ROW_72_1306,VGND,li1,276.2300,207.0110,0.000134
TAP_TAPCELL_ROW_72_1305,VGND,li1,250.4700,207.0110,0.000134
TAP_TAPCELL_ROW_72_1304,VGND,li1,224.7100,207.0110,0.000117
TAP_TAPCELL_ROW_72_1303,VGND,li1,198.9500,207.0110,0.000081
TAP_TAPCELL_ROW_72_1302,VGND,li1,173.1900,207.0110,0.000059
TAP_TAPCELL_ROW_72_1301,VGND,li1,147.4300,207.0110,0.000104
TAP_TAPCELL_ROW_72_1300,VGND,li1,121.6700,207.0110,0.000130
TAP_TAPCELL_ROW_72_1299,VGND,li1,95.9100,207.0110,0.000137
TAP_TAPCELL_ROW_72_1298,VGND,li1,70.1500,207.0110,0.000118
TAP_TAPCELL_ROW_72_1297,VGND,li1,44.3900,207.0110,0.000081
TAP_TAPCELL_ROW_72_1296,VGND,li1,18.6300,207.0110,0.000048
TAP_TAPCELL_ROW_71_1295,VGND,li1,366.3900,206.4280,0.000226
TAP_TAPCELL_ROW_71_1294,VGND,li1,340.6300,206.4280,0.000134
TAP_TAPCELL_ROW_71_1293,VGND,li1,314.8700,206.4280,0.000110
TAP_TAPCELL_ROW_71_1292,VGND,li1,289.1100,206.4280,0.000131
TAP_TAPCELL_ROW_71_1291,VGND,li1,263.3500,206.4280,0.000135
TAP_TAPCELL_ROW_71_1290,VGND,li1,237.5900,206.4280,0.000128
TAP_TAPCELL_ROW_71_1289,VGND,li1,211.8300,206.4280,0.000101
TAP_TAPCELL_ROW_71_1288,VGND,li1,186.0700,206.4280,0.000060
TAP_TAPCELL_ROW_71_1287,VGND,li1,160.3100,206.4280,0.000084
TAP_TAPCELL_ROW_71_1286,VGND,li1,134.5500,206.4280,0.000119
TAP_TAPCELL_ROW_71_1285,VGND,li1,108.7900,206.4280,0.000136
TAP_TAPCELL_ROW_71_1284,VGND,li1,83.0300,206.4280,0.000130
TAP_TAPCELL_ROW_71_1283,VGND,li1,57.2700,206.4280,0.000103
TAP_TAPCELL_ROW_71_1282,VGND,li1,31.5100,206.4280,0.000050
TAP_TAPCELL_ROW_70_1281,VGND,li1,353.5100,201.5710,0.000296
TAP_TAPCELL_ROW_70_1280,VGND,li1,327.7500,201.5710,0.000143
TAP_TAPCELL_ROW_70_1279,VGND,li1,301.9900,201.5710,0.000156
TAP_TAPCELL_ROW_70_1278,VGND,li1,276.2300,201.5710,0.000157
TAP_TAPCELL_ROW_70_1277,VGND,li1,250.4700,201.5710,0.000143
TAP_TAPCELL_ROW_70_1276,VGND,li1,224.7100,201.5710,0.000114
TAP_TAPCELL_ROW_70_1275,VGND,li1,198.9500,201.5710,0.000079
TAP_TAPCELL_ROW_70_1274,VGND,li1,173.1900,201.5710,0.000041
TAP_TAPCELL_ROW_70_1273,VGND,li1,147.4300,201.5710,0.000065
TAP_TAPCELL_ROW_70_1272,VGND,li1,121.6700,201.5710,0.000082
TAP_TAPCELL_ROW_70_1271,VGND,li1,95.9100,201.5710,0.000085
TAP_TAPCELL_ROW_70_1270,VGND,li1,70.1500,201.5710,0.000079
TAP_TAPCELL_ROW_70_1269,VGND,li1,44.3900,201.5710,0.000055
TAP_TAPCELL_ROW_70_1268,VGND,li1,18.6300,201.5710,0.000036
TAP_TAPCELL_ROW_69_1267,VGND,li1,366.3900,200.9880,0.000336
TAP_TAPCELL_ROW_69_1266,VGND,li1,340.6300,200.9880,0.000212
TAP_TAPCELL_ROW_69_1265,VGND,li1,314.8700,200.9880,0.000152
TAP_TAPCELL_ROW_69_1264,VGND,li1,289.1100,200.9880,0.000159
TAP_TAPCELL_ROW_69_1263,VGND,li1,263.3500,200.9880,0.000153
TAP_TAPCELL_ROW_69_1262,VGND,li1,237.5900,200.9880,0.000130
TAP_TAPCELL_ROW_69_1261,VGND,li1,211.8300,200.9880,0.000097
TAP_TAPCELL_ROW_69_1260,VGND,li1,186.0700,200.9880,0.000051
TAP_TAPCELL_ROW_69_1259,VGND,li1,160.3100,200.9880,0.000052
TAP_TAPCELL_ROW_69_1258,VGND,li1,134.5500,200.9880,0.000076
TAP_TAPCELL_ROW_69_1257,VGND,li1,108.7900,200.9880,0.000084
TAP_TAPCELL_ROW_69_1256,VGND,li1,83.0300,200.9880,0.000084
TAP_TAPCELL_ROW_69_1255,VGND,li1,57.2700,200.9880,0.000068
TAP_TAPCELL_ROW_69_1254,VGND,li1,31.5100,200.9880,0.000037
TAP_TAPCELL_ROW_68_1253,VGND,li1,353.5100,196.1310,0.000327
TAP_TAPCELL_ROW_68_1252,VGND,li1,327.7500,196.1310,0.000178
TAP_TAPCELL_ROW_68_1251,VGND,li1,301.9900,196.1310,0.000236
TAP_TAPCELL_ROW_68_1250,VGND,li1,276.2300,196.1310,0.000249
TAP_TAPCELL_ROW_68_1249,VGND,li1,250.4700,196.1310,0.000239
TAP_TAPCELL_ROW_68_1248,VGND,li1,224.7100,196.1310,0.000202
TAP_TAPCELL_ROW_68_1247,VGND,li1,198.9500,196.1310,0.000144
TAP_TAPCELL_ROW_68_1246,VGND,li1,173.1900,196.1310,0.000118
TAP_TAPCELL_ROW_68_1245,VGND,li1,147.4300,196.1310,0.000257
TAP_TAPCELL_ROW_68_1244,VGND,li1,121.6700,196.1310,0.000391
TAP_TAPCELL_ROW_68_1243,VGND,li1,95.9100,196.1310,0.000460
TAP_TAPCELL_ROW_68_1242,VGND,li1,70.1500,196.1310,0.000371
TAP_TAPCELL_ROW_68_1241,VGND,li1,44.3900,196.1310,0.000214
TAP_TAPCELL_ROW_68_1240,VGND,li1,18.6300,196.1310,0.000098
TAP_TAPCELL_ROW_67_1239,VGND,li1,366.3900,195.5480,0.000397
TAP_TAPCELL_ROW_67_1238,VGND,li1,340.6300,195.5480,0.000247
TAP_TAPCELL_ROW_67_1237,VGND,li1,314.8700,195.5480,0.000214
TAP_TAPCELL_ROW_67_1236,VGND,li1,289.1100,195.5480,0.000247
TAP_TAPCELL_ROW_67_1235,VGND,li1,263.3500,195.5480,0.000245
TAP_TAPCELL_ROW_67_1234,VGND,li1,237.5900,195.5480,0.000225
TAP_TAPCELL_ROW_67_1233,VGND,li1,211.8300,195.5480,0.000178
TAP_TAPCELL_ROW_67_1232,VGND,li1,186.0700,195.5480,0.000111
TAP_TAPCELL_ROW_67_1231,VGND,li1,160.3100,195.5480,0.000192
TAP_TAPCELL_ROW_67_1230,VGND,li1,134.5500,195.5480,0.000329
TAP_TAPCELL_ROW_67_1229,VGND,li1,108.7900,195.5480,0.000446
TAP_TAPCELL_ROW_67_1228,VGND,li1,83.0300,195.5480,0.000427
TAP_TAPCELL_ROW_67_1227,VGND,li1,57.2700,195.5480,0.000294
TAP_TAPCELL_ROW_67_1226,VGND,li1,31.5100,195.5480,0.000143
TAP_TAPCELL_ROW_66_1225,VGND,li1,353.5100,190.6910,0.000430
TAP_TAPCELL_ROW_66_1224,VGND,li1,327.7500,190.6910,0.000266
TAP_TAPCELL_ROW_66_1223,VGND,li1,301.9900,190.6910,0.000336
TAP_TAPCELL_ROW_66_1222,VGND,li1,276.2300,190.6910,0.000347
TAP_TAPCELL_ROW_66_1221,VGND,li1,250.4700,190.6910,0.000313
TAP_TAPCELL_ROW_66_1220,VGND,li1,224.7100,190.6910,0.000271
TAP_TAPCELL_ROW_66_1219,VGND,li1,198.9500,190.6910,0.000198
TAP_TAPCELL_ROW_66_1218,VGND,li1,173.1900,190.6910,0.000161
TAP_TAPCELL_ROW_66_1217,VGND,li1,147.4300,190.6910,0.000373
TAP_TAPCELL_ROW_66_1216,VGND,li1,121.6700,190.6910,0.000581
TAP_TAPCELL_ROW_66_1215,VGND,li1,95.9100,190.6910,0.000705
TAP_TAPCELL_ROW_66_1214,VGND,li1,70.1500,190.6910,0.000578
TAP_TAPCELL_ROW_66_1213,VGND,li1,44.3900,190.6910,0.000346
TAP_TAPCELL_ROW_66_1212,VGND,li1,18.6300,190.6910,0.000139
TAP_TAPCELL_ROW_65_1211,VGND,li1,366.3900,190.1080,0.000469
TAP_TAPCELL_ROW_65_1210,VGND,li1,340.6300,190.1080,0.000334
TAP_TAPCELL_ROW_65_1209,VGND,li1,314.8700,190.1080,0.000311
TAP_TAPCELL_ROW_65_1208,VGND,li1,289.1100,190.1080,0.000350
TAP_TAPCELL_ROW_65_1207,VGND,li1,263.3500,190.1080,0.000329
TAP_TAPCELL_ROW_65_1206,VGND,li1,237.5900,190.1080,0.000294
TAP_TAPCELL_ROW_65_1205,VGND,li1,211.8300,190.1080,0.000237
TAP_TAPCELL_ROW_65_1204,VGND,li1,186.0700,190.1080,0.000155
TAP_TAPCELL_ROW_65_1203,VGND,li1,160.3100,190.1080,0.000280
TAP_TAPCELL_ROW_65_1202,VGND,li1,134.5500,190.1080,0.000491
TAP_TAPCELL_ROW_65_1201,VGND,li1,108.7900,190.1080,0.000681
TAP_TAPCELL_ROW_65_1200,VGND,li1,83.0300,190.1080,0.000657
TAP_TAPCELL_ROW_65_1199,VGND,li1,57.2700,190.1080,0.000471
TAP_TAPCELL_ROW_65_1198,VGND,li1,31.5100,190.1080,0.000211
TAP_TAPCELL_ROW_64_1197,VGND,li1,353.5100,185.2510,0.000471
TAP_TAPCELL_ROW_64_1196,VGND,li1,327.7500,185.2510,0.000260
TAP_TAPCELL_ROW_64_1195,VGND,li1,301.9900,185.2510,0.000338
TAP_TAPCELL_ROW_64_1194,VGND,li1,276.2300,185.2510,0.000374
TAP_TAPCELL_ROW_64_1193,VGND,li1,250.4700,185.2510,0.000351
TAP_TAPCELL_ROW_64_1192,VGND,li1,224.7100,185.2510,0.000293
TAP_TAPCELL_ROW_64_1191,VGND,li1,198.9500,185.2510,0.000224
TAP_TAPCELL_ROW_64_1190,VGND,li1,173.1900,185.2510,0.000249
TAP_TAPCELL_ROW_64_1189,VGND,li1,147.4300,185.2510,0.000573
TAP_TAPCELL_ROW_64_1188,VGND,li1,121.6700,185.2510,0.000874
TAP_TAPCELL_ROW_64_1187,VGND,li1,95.9100,185.2510,0.000891
TAP_TAPCELL_ROW_64_1186,VGND,li1,70.1500,185.2510,0.000649
TAP_TAPCELL_ROW_64_1185,VGND,li1,44.3900,185.2510,0.000350
TAP_TAPCELL_ROW_64_1184,VGND,li1,18.6300,185.2510,0.000141
TAP_TAPCELL_ROW_63_1183,VGND,li1,366.3900,184.6680,0.000501
TAP_TAPCELL_ROW_63_1182,VGND,li1,340.6300,184.6680,0.000375
TAP_TAPCELL_ROW_63_1181,VGND,li1,314.8700,184.6680,0.000308
TAP_TAPCELL_ROW_63_1180,VGND,li1,289.1100,184.6680,0.000368
TAP_TAPCELL_ROW_63_1179,VGND,li1,263.3500,184.6680,0.000367
TAP_TAPCELL_ROW_63_1178,VGND,li1,237.5900,184.6680,0.000321
TAP_TAPCELL_ROW_63_1177,VGND,li1,211.8300,184.6680,0.000260
TAP_TAPCELL_ROW_63_1176,VGND,li1,186.0700,184.6680,0.000184
TAP_TAPCELL_ROW_63_1175,VGND,li1,160.3100,184.6680,0.000402
TAP_TAPCELL_ROW_63_1174,VGND,li1,134.5500,184.6680,0.000724
TAP_TAPCELL_ROW_63_1173,VGND,li1,108.7900,184.6680,0.000958
TAP_TAPCELL_ROW_63_1172,VGND,li1,83.0300,184.6680,0.000790
TAP_TAPCELL_ROW_63_1171,VGND,li1,57.2700,184.6680,0.000513
TAP_TAPCELL_ROW_63_1170,VGND,li1,31.5100,184.6680,0.000218
TAP_TAPCELL_ROW_62_1169,VGND,li1,353.5100,179.8110,0.000475
TAP_TAPCELL_ROW_62_1168,VGND,li1,327.7500,179.8110,0.000322
TAP_TAPCELL_ROW_62_1167,VGND,li1,301.9900,179.8110,0.000444
TAP_TAPCELL_ROW_62_1166,VGND,li1,276.2300,179.8110,0.000526
TAP_TAPCELL_ROW_62_1165,VGND,li1,250.4700,179.8110,0.000462
TAP_TAPCELL_ROW_62_1164,VGND,li1,224.7100,179.8110,0.000350
TAP_TAPCELL_ROW_62_1163,VGND,li1,198.9500,179.8110,0.000234
TAP_TAPCELL_ROW_62_1162,VGND,li1,173.1900,179.8110,0.000174
TAP_TAPCELL_ROW_62_1161,VGND,li1,147.4300,179.8110,0.000370
TAP_TAPCELL_ROW_62_1160,VGND,li1,121.6700,179.8110,0.000561
TAP_TAPCELL_ROW_62_1159,VGND,li1,95.9100,179.8110,0.000612
TAP_TAPCELL_ROW_62_1158,VGND,li1,70.1500,179.8110,0.000460
TAP_TAPCELL_ROW_62_1157,VGND,li1,44.3900,179.8110,0.000261
TAP_TAPCELL_ROW_62_1156,VGND,li1,18.6300,179.8110,0.000109
TAP_TAPCELL_ROW_61_1155,VGND,li1,366.3900,179.2280,0.000520
TAP_TAPCELL_ROW_61_1154,VGND,li1,340.6300,179.2280,0.000401
TAP_TAPCELL_ROW_61_1153,VGND,li1,314.8700,179.2280,0.000393
TAP_TAPCELL_ROW_61_1152,VGND,li1,289.1100,179.2280,0.000496
TAP_TAPCELL_ROW_61_1151,VGND,li1,263.3500,179.2280,0.000505
TAP_TAPCELL_ROW_61_1150,VGND,li1,237.5900,179.2280,0.000407
TAP_TAPCELL_ROW_61_1149,VGND,li1,211.8300,179.2280,0.000296
TAP_TAPCELL_ROW_61_1148,VGND,li1,186.0700,179.2280,0.000165
TAP_TAPCELL_ROW_61_1147,VGND,li1,160.3100,179.2280,0.000267
TAP_TAPCELL_ROW_61_1146,VGND,li1,134.5500,179.2280,0.000471
TAP_TAPCELL_ROW_61_1145,VGND,li1,108.7900,179.2280,0.000640
TAP_TAPCELL_ROW_61_1144,VGND,li1,83.0300,179.2280,0.000553
TAP_TAPCELL_ROW_61_1143,VGND,li1,57.2700,179.2280,0.000361
TAP_TAPCELL_ROW_61_1142,VGND,li1,31.5100,179.2280,0.000160
TAP_TAPCELL_ROW_60_1141,VGND,li1,353.5100,174.3710,0.000119
TAP_TAPCELL_ROW_60_1140,VGND,li1,327.7500,174.3710,0.000115
TAP_TAPCELL_ROW_60_1139,VGND,li1,301.9900,174.3710,0.000205
TAP_TAPCELL_ROW_60_1138,VGND,li1,276.2300,174.3710,0.000278
TAP_TAPCELL_ROW_60_1137,VGND,li1,250.4700,174.3710,0.000269
TAP_TAPCELL_ROW_60_1136,VGND,li1,224.7100,174.3710,0.000220
TAP_TAPCELL_ROW_60_1135,VGND,li1,198.9500,174.3710,0.000163
TAP_TAPCELL_ROW_60_1134,VGND,li1,173.1900,174.3710,0.000154
TAP_TAPCELL_ROW_60_1133,VGND,li1,147.4300,174.3710,0.000350
TAP_TAPCELL_ROW_60_1132,VGND,li1,121.6700,174.3710,0.000520
TAP_TAPCELL_ROW_60_1131,VGND,li1,95.9100,174.3710,0.000571
TAP_TAPCELL_ROW_60_1130,VGND,li1,70.1500,174.3710,0.000426
TAP_TAPCELL_ROW_60_1129,VGND,li1,44.3900,174.3710,0.000239
TAP_TAPCELL_ROW_60_1128,VGND,li1,18.6300,174.3710,0.000091
TAP_TAPCELL_ROW_59_1127,VGND,li1,366.3900,173.7880,0.000130
TAP_TAPCELL_ROW_59_1126,VGND,li1,340.6300,173.7880,0.000099
TAP_TAPCELL_ROW_59_1125,VGND,li1,314.8700,173.7880,0.000169
TAP_TAPCELL_ROW_59_1124,VGND,li1,289.1100,173.7880,0.000247
TAP_TAPCELL_ROW_59_1123,VGND,li1,263.3500,173.7880,0.000284
TAP_TAPCELL_ROW_59_1122,VGND,li1,237.5900,173.7880,0.000248
TAP_TAPCELL_ROW_59_1121,VGND,li1,211.8300,173.7880,0.000195
TAP_TAPCELL_ROW_59_1120,VGND,li1,186.0700,173.7880,0.000129
TAP_TAPCELL_ROW_59_1119,VGND,li1,160.3100,173.7880,0.000267
TAP_TAPCELL_ROW_59_1118,VGND,li1,134.5500,173.7880,0.000435
TAP_TAPCELL_ROW_59_1117,VGND,li1,108.7900,173.7880,0.000580
TAP_TAPCELL_ROW_59_1116,VGND,li1,83.0300,173.7880,0.000514
TAP_TAPCELL_ROW_59_1115,VGND,li1,57.2700,173.7880,0.000330
TAP_TAPCELL_ROW_59_1114,VGND,li1,31.5100,173.7880,0.000132
TAP_TAPCELL_ROW_58_1113,VGND,li1,353.5100,168.9310,0.000134
TAP_TAPCELL_ROW_58_1112,VGND,li1,327.7500,168.9310,0.000101
TAP_TAPCELL_ROW_58_1111,VGND,li1,301.9900,168.9310,0.000181
TAP_TAPCELL_ROW_58_1110,VGND,li1,276.2300,168.9310,0.000241
TAP_TAPCELL_ROW_58_1109,VGND,li1,250.4700,168.9310,0.000241
TAP_TAPCELL_ROW_58_1108,VGND,li1,224.7100,168.9310,0.000194
TAP_TAPCELL_ROW_58_1107,VGND,li1,198.9500,168.9310,0.000129
TAP_TAPCELL_ROW_58_1106,VGND,li1,173.1900,168.9310,0.000108
TAP_TAPCELL_ROW_58_1105,VGND,li1,147.4300,168.9310,0.000222
TAP_TAPCELL_ROW_58_1104,VGND,li1,121.6700,168.9310,0.000262
TAP_TAPCELL_ROW_58_1103,VGND,li1,95.9100,168.9310,0.000278
TAP_TAPCELL_ROW_58_1102,VGND,li1,70.1500,168.9310,0.000239
TAP_TAPCELL_ROW_58_1101,VGND,li1,44.3900,168.9310,0.000160
TAP_TAPCELL_ROW_58_1100,VGND,li1,18.6300,168.9310,0.000063
TAP_TAPCELL_ROW_57_1099,VGND,li1,366.3900,168.3480,0.000160
TAP_TAPCELL_ROW_57_1098,VGND,li1,340.6300,168.3480,0.000103
TAP_TAPCELL_ROW_57_1097,VGND,li1,314.8700,168.3480,0.000146
TAP_TAPCELL_ROW_57_1096,VGND,li1,289.1100,168.3480,0.000214
TAP_TAPCELL_ROW_57_1095,VGND,li1,263.3500,168.3480,0.000255
TAP_TAPCELL_ROW_57_1094,VGND,li1,237.5900,168.3480,0.000222
TAP_TAPCELL_ROW_57_1093,VGND,li1,211.8300,168.3480,0.000166
TAP_TAPCELL_ROW_57_1092,VGND,li1,186.0700,168.3480,0.000098
TAP_TAPCELL_ROW_57_1091,VGND,li1,160.3100,168.3480,0.000167
TAP_TAPCELL_ROW_57_1090,VGND,li1,134.5500,168.3480,0.000246
TAP_TAPCELL_ROW_57_1089,VGND,li1,108.7900,168.3480,0.000275
TAP_TAPCELL_ROW_57_1088,VGND,li1,83.0300,168.3480,0.000263
TAP_TAPCELL_ROW_57_1087,VGND,li1,57.2700,168.3480,0.000209
TAP_TAPCELL_ROW_57_1086,VGND,li1,31.5100,168.3480,0.000094
TAP_TAPCELL_ROW_56_1085,VGND,li1,353.5100,163.4910,0.000877
TAP_TAPCELL_ROW_56_1084,VGND,li1,327.7500,163.4910,0.000334
TAP_TAPCELL_ROW_56_1083,VGND,li1,301.9900,163.4910,0.000407
TAP_TAPCELL_ROW_56_1082,VGND,li1,276.2300,163.4910,0.000472
TAP_TAPCELL_ROW_56_1081,VGND,li1,250.4700,163.4910,0.000451
TAP_TAPCELL_ROW_56_1080,VGND,li1,224.7100,163.4910,0.000370
TAP_TAPCELL_ROW_56_1079,VGND,li1,198.9500,163.4910,0.000254
TAP_TAPCELL_ROW_56_1078,VGND,li1,173.1900,163.4910,0.000246
TAP_TAPCELL_ROW_56_1077,VGND,li1,147.4300,163.4910,0.000441
TAP_TAPCELL_ROW_56_1076,VGND,li1,121.6700,163.4910,0.000480
TAP_TAPCELL_ROW_56_1075,VGND,li1,95.9100,163.4910,0.000483
TAP_TAPCELL_ROW_56_1074,VGND,li1,70.1500,163.4910,0.000377
TAP_TAPCELL_ROW_56_1073,VGND,li1,44.3900,163.4910,0.000227
TAP_TAPCELL_ROW_56_1072,VGND,li1,18.6300,163.4910,0.000085
TAP_TAPCELL_ROW_55_1071,VGND,li1,366.3900,162.9080,0.001057
TAP_TAPCELL_ROW_55_1070,VGND,li1,340.6300,162.9080,0.000531
TAP_TAPCELL_ROW_55_1069,VGND,li1,314.8700,162.9080,0.000372
TAP_TAPCELL_ROW_55_1068,VGND,li1,289.1100,162.9080,0.000441
TAP_TAPCELL_ROW_55_1067,VGND,li1,263.3500,162.9080,0.000476
TAP_TAPCELL_ROW_55_1066,VGND,li1,237.5900,162.9080,0.000416
TAP_TAPCELL_ROW_55_1065,VGND,li1,211.8300,162.9080,0.000312
TAP_TAPCELL_ROW_55_1064,VGND,li1,186.0700,162.9080,0.000194
TAP_TAPCELL_ROW_55_1063,VGND,li1,160.3100,162.9080,0.000383
TAP_TAPCELL_ROW_55_1062,VGND,li1,134.5500,162.9080,0.000463
TAP_TAPCELL_ROW_55_1061,VGND,li1,108.7900,162.9080,0.000494
TAP_TAPCELL_ROW_55_1060,VGND,li1,83.0300,162.9080,0.000430
TAP_TAPCELL_ROW_55_1059,VGND,li1,57.2700,162.9080,0.000310
TAP_TAPCELL_ROW_55_1058,VGND,li1,31.5100,162.9080,0.000141
TAP_TAPCELL_ROW_54_1057,VGND,li1,353.5100,158.0510,0.001763
TAP_TAPCELL_ROW_54_1056,VGND,li1,327.7500,158.0510,0.000785
TAP_TAPCELL_ROW_54_1055,VGND,li1,301.9900,158.0510,0.000829
TAP_TAPCELL_ROW_54_1054,VGND,li1,276.2300,158.0510,0.000853
TAP_TAPCELL_ROW_54_1053,VGND,li1,250.4700,158.0510,0.000859
TAP_TAPCELL_ROW_54_1052,VGND,li1,224.7100,158.0510,0.000839
TAP_TAPCELL_ROW_54_1051,VGND,li1,198.9500,158.0510,0.000779
TAP_TAPCELL_ROW_54_1050,VGND,li1,173.1900,158.0510,0.000773
TAP_TAPCELL_ROW_54_1049,VGND,li1,147.4300,158.0510,0.000956
TAP_TAPCELL_ROW_54_1048,VGND,li1,121.6700,158.0510,0.000855
TAP_TAPCELL_ROW_54_1047,VGND,li1,95.9100,158.0510,0.000717
TAP_TAPCELL_ROW_54_1046,VGND,li1,70.1500,158.0510,0.000516
TAP_TAPCELL_ROW_54_1045,VGND,li1,44.3900,158.0510,0.000295
TAP_TAPCELL_ROW_54_1044,VGND,li1,18.6300,158.0510,0.000113
TAP_TAPCELL_ROW_53_1043,VGND,li1,366.3900,157.4680,0.001858
TAP_TAPCELL_ROW_53_1042,VGND,li1,340.6300,157.4680,0.001202
TAP_TAPCELL_ROW_53_1041,VGND,li1,314.8700,157.4680,0.000807
TAP_TAPCELL_ROW_53_1040,VGND,li1,289.1100,157.4680,0.000842
TAP_TAPCELL_ROW_53_1039,VGND,li1,263.3500,157.4680,0.000861
TAP_TAPCELL_ROW_53_1038,VGND,li1,237.5900,157.4680,0.000851
TAP_TAPCELL_ROW_53_1037,VGND,li1,211.8300,157.4680,0.000813
TAP_TAPCELL_ROW_53_1036,VGND,li1,186.0700,157.4680,0.000706
TAP_TAPCELL_ROW_53_1035,VGND,li1,160.3100,157.4680,0.000926
TAP_TAPCELL_ROW_53_1034,VGND,li1,134.5500,157.4680,0.000925
TAP_TAPCELL_ROW_53_1033,VGND,li1,108.7900,157.4680,0.000795
TAP_TAPCELL_ROW_53_1032,VGND,li1,83.0300,157.4680,0.000614
TAP_TAPCELL_ROW_53_1031,VGND,li1,57.2700,157.4680,0.000408
TAP_TAPCELL_ROW_53_1030,VGND,li1,31.5100,157.4680,0.000174
TAP_TAPCELL_ROW_52_1029,VGND,li1,353.5100,152.6110,0.002034
TAP_TAPCELL_ROW_52_1028,VGND,li1,327.7500,152.6110,0.000871
TAP_TAPCELL_ROW_52_1027,VGND,li1,301.9900,152.6110,0.001058
TAP_TAPCELL_ROW_52_1026,VGND,li1,276.2300,152.6110,0.001228
TAP_TAPCELL_ROW_52_1025,VGND,li1,250.4700,152.6110,0.001366
TAP_TAPCELL_ROW_52_1024,VGND,li1,224.7100,152.6110,0.001468
TAP_TAPCELL_ROW_52_1023,VGND,li1,198.9500,152.6110,0.001539
TAP_TAPCELL_ROW_52_1022,VGND,li1,173.1900,152.6110,0.001487
TAP_TAPCELL_ROW_52_1021,VGND,li1,147.4300,152.6110,0.001980
TAP_TAPCELL_ROW_52_1020,VGND,li1,121.6700,152.6110,0.001739
TAP_TAPCELL_ROW_52_1019,VGND,li1,95.9100,152.6110,0.001406
TAP_TAPCELL_ROW_52_1018,VGND,li1,70.1500,152.6110,0.001003
TAP_TAPCELL_ROW_52_1017,VGND,li1,44.3900,152.6110,0.000549
TAP_TAPCELL_ROW_52_1016,VGND,li1,18.6300,152.6110,0.000204
TAP_TAPCELL_ROW_51_1015,VGND,li1,366.3900,152.0280,0.002320
TAP_TAPCELL_ROW_51_1014,VGND,li1,340.6300,152.0280,0.001266
TAP_TAPCELL_ROW_51_1013,VGND,li1,314.8700,152.0280,0.000975
TAP_TAPCELL_ROW_51_1012,VGND,li1,289.1100,152.0280,0.001139
TAP_TAPCELL_ROW_51_1011,VGND,li1,263.3500,152.0280,0.001298
TAP_TAPCELL_ROW_51_1010,VGND,li1,237.5900,152.0280,0.001422
TAP_TAPCELL_ROW_51_1009,VGND,li1,211.8300,152.0280,0.001511
TAP_TAPCELL_ROW_51_1008,VGND,li1,186.0700,152.0280,0.001450
TAP_TAPCELL_ROW_51_1007,VGND,li1,160.3100,152.0280,0.001893
TAP_TAPCELL_ROW_51_1006,VGND,li1,134.5500,152.0280,0.001874
TAP_TAPCELL_ROW_51_1005,VGND,li1,108.7900,152.0280,0.001581
TAP_TAPCELL_ROW_51_1004,VGND,li1,83.0300,152.0280,0.001212
TAP_TAPCELL_ROW_51_1003,VGND,li1,57.2700,152.0280,0.000773
TAP_TAPCELL_ROW_51_1002,VGND,li1,31.5100,152.0280,0.000314
TAP_TAPCELL_ROW_50_1001,VGND,li1,353.5100,147.1710,0.003677
TAP_TAPCELL_ROW_50_1000,VGND,li1,327.7500,147.1710,0.001344
TAP_TAPCELL_ROW_50_999,VGND,li1,301.9900,147.1710,0.001530
TAP_TAPCELL_ROW_50_998,VGND,li1,276.2300,147.1710,0.001673
TAP_TAPCELL_ROW_50_997,VGND,li1,250.4700,147.1710,0.001816
TAP_TAPCELL_ROW_50_996,VGND,li1,224.7100,147.1710,0.001927
TAP_TAPCELL_ROW_50_995,VGND,li1,198.9500,147.1710,0.002008
TAP_TAPCELL_ROW_50_994,VGND,li1,173.1900,147.1710,0.001369
TAP_TAPCELL_ROW_50_993,VGND,li1,147.4300,147.1710,0.001643
TAP_TAPCELL_ROW_50_992,VGND,li1,121.6700,147.1710,0.001470
TAP_TAPCELL_ROW_50_991,VGND,li1,95.9100,147.1710,0.001234
TAP_TAPCELL_ROW_50_990,VGND,li1,70.1500,147.1710,0.000909
TAP_TAPCELL_ROW_50_989,VGND,li1,44.3900,147.1710,0.000507
TAP_TAPCELL_ROW_50_988,VGND,li1,18.6300,147.1710,0.000186
TAP_TAPCELL_ROW_49_987,VGND,li1,366.3900,146.5880,0.003840
TAP_TAPCELL_ROW_49_986,VGND,li1,340.6300,146.5880,0.002361
TAP_TAPCELL_ROW_49_985,VGND,li1,314.8700,146.5880,0.001447
TAP_TAPCELL_ROW_49_984,VGND,li1,289.1100,146.5880,0.001610
TAP_TAPCELL_ROW_49_983,VGND,li1,263.3500,146.5880,0.001748
TAP_TAPCELL_ROW_49_982,VGND,li1,237.5900,146.5880,0.001869
TAP_TAPCELL_ROW_49_981,VGND,li1,211.8300,146.5880,0.001971
TAP_TAPCELL_ROW_49_980,VGND,li1,186.0700,146.5880,0.001786
TAP_TAPCELL_ROW_49_979,VGND,li1,160.3100,146.5880,0.001586
TAP_TAPCELL_ROW_49_978,VGND,li1,134.5500,146.5880,0.001572
TAP_TAPCELL_ROW_49_977,VGND,li1,108.7900,146.5880,0.001371
TAP_TAPCELL_ROW_49_976,VGND,li1,83.0300,146.5880,0.001081
TAP_TAPCELL_ROW_49_975,VGND,li1,57.2700,146.5880,0.000689
TAP_TAPCELL_ROW_49_974,VGND,li1,31.5100,146.5880,0.000268
TAP_TAPCELL_ROW_48_973,VGND,li1,353.5100,141.7310,0.000888
TAP_TAPCELL_ROW_48_972,VGND,li1,327.7500,141.7310,0.000550
TAP_TAPCELL_ROW_48_971,VGND,li1,301.9900,141.7310,0.000754
TAP_TAPCELL_ROW_48_970,VGND,li1,276.2300,141.7310,0.000931
TAP_TAPCELL_ROW_48_969,VGND,li1,250.4700,141.7310,0.000970
TAP_TAPCELL_ROW_48_968,VGND,li1,224.7100,141.7310,0.000942
TAP_TAPCELL_ROW_48_967,VGND,li1,198.9500,141.7310,0.000890
TAP_TAPCELL_ROW_48_966,VGND,li1,173.1900,141.7310,0.000792
TAP_TAPCELL_ROW_48_965,VGND,li1,147.4300,141.7310,0.001147
TAP_TAPCELL_ROW_48_964,VGND,li1,121.6700,141.7310,0.001099
TAP_TAPCELL_ROW_48_963,VGND,li1,95.9100,141.7310,0.000960
TAP_TAPCELL_ROW_48_962,VGND,li1,70.1500,141.7310,0.000708
TAP_TAPCELL_ROW_48_961,VGND,li1,44.3900,141.7310,0.000387
TAP_TAPCELL_ROW_48_960,VGND,li1,18.6300,141.7310,0.000149
TAP_TAPCELL_ROW_47_959,VGND,li1,366.3900,141.1480,0.000901
TAP_TAPCELL_ROW_47_958,VGND,li1,340.6300,141.1480,0.000703
TAP_TAPCELL_ROW_47_957,VGND,li1,314.8700,141.1480,0.000650
TAP_TAPCELL_ROW_47_956,VGND,li1,289.1100,141.1480,0.000845
TAP_TAPCELL_ROW_47_955,VGND,li1,263.3500,141.1480,0.000963
TAP_TAPCELL_ROW_47_954,VGND,li1,237.5900,141.1480,0.000959
TAP_TAPCELL_ROW_47_953,VGND,li1,211.8300,141.1480,0.000916
TAP_TAPCELL_ROW_47_952,VGND,li1,186.0700,141.1480,0.000862
TAP_TAPCELL_ROW_47_951,VGND,li1,160.3100,141.1480,0.001030
TAP_TAPCELL_ROW_47_950,VGND,li1,134.5500,141.1480,0.001135
TAP_TAPCELL_ROW_47_949,VGND,li1,108.7900,141.1480,0.001055
TAP_TAPCELL_ROW_47_948,VGND,li1,83.0300,141.1480,0.000844
TAP_TAPCELL_ROW_47_947,VGND,li1,57.2700,141.1480,0.000560
TAP_TAPCELL_ROW_47_946,VGND,li1,31.5100,141.1480,0.000216
TAP_TAPCELL_ROW_46_945,VGND,li1,353.5100,136.2910,0.000502
TAP_TAPCELL_ROW_46_944,VGND,li1,327.7500,136.2910,0.000340
TAP_TAPCELL_ROW_46_943,VGND,li1,301.9900,136.2910,0.000468
TAP_TAPCELL_ROW_46_942,VGND,li1,276.2300,136.2910,0.000547
TAP_TAPCELL_ROW_46_941,VGND,li1,250.4700,136.2910,0.000486
TAP_TAPCELL_ROW_46_940,VGND,li1,224.7100,136.2910,0.000390
TAP_TAPCELL_ROW_46_939,VGND,li1,198.9500,136.2910,0.000275
TAP_TAPCELL_ROW_46_938,VGND,li1,173.1900,136.2910,0.000181
TAP_TAPCELL_ROW_46_937,VGND,li1,147.4300,136.2910,0.000230
TAP_TAPCELL_ROW_46_936,VGND,li1,121.6700,136.2910,0.000241
TAP_TAPCELL_ROW_46_935,VGND,li1,95.9100,136.2910,0.000215
TAP_TAPCELL_ROW_46_934,VGND,li1,70.1500,136.2910,0.000163
TAP_TAPCELL_ROW_46_933,VGND,li1,44.3900,136.2910,0.000099
TAP_TAPCELL_ROW_46_932,VGND,li1,18.6300,136.2910,0.000048
TAP_TAPCELL_ROW_45_931,VGND,li1,366.3900,135.7080,0.000513
TAP_TAPCELL_ROW_45_930,VGND,li1,340.6300,135.7080,0.000475
TAP_TAPCELL_ROW_45_929,VGND,li1,314.8700,135.7080,0.000416
TAP_TAPCELL_ROW_45_928,VGND,li1,289.1100,135.7080,0.000511
TAP_TAPCELL_ROW_45_927,VGND,li1,263.3500,135.7080,0.000527
TAP_TAPCELL_ROW_45_926,VGND,li1,237.5900,135.7080,0.000445
TAP_TAPCELL_ROW_45_925,VGND,li1,211.8300,135.7080,0.000334
TAP_TAPCELL_ROW_45_924,VGND,li1,186.0700,135.7080,0.000207
TAP_TAPCELL_ROW_45_923,VGND,li1,160.3100,135.7080,0.000207
TAP_TAPCELL_ROW_45_922,VGND,li1,134.5500,135.7080,0.000247
TAP_TAPCELL_ROW_45_921,VGND,li1,108.7900,135.7080,0.000230
TAP_TAPCELL_ROW_45_920,VGND,li1,83.0300,135.7080,0.000188
TAP_TAPCELL_ROW_45_919,VGND,li1,57.2700,135.7080,0.000130
TAP_TAPCELL_ROW_45_918,VGND,li1,31.5100,135.7080,0.000062
TAP_TAPCELL_ROW_44_917,VGND,li1,353.5100,130.8510,0.000155
TAP_TAPCELL_ROW_44_916,VGND,li1,327.7500,130.8510,0.000163
TAP_TAPCELL_ROW_44_915,VGND,li1,301.9900,130.8510,0.000249
TAP_TAPCELL_ROW_44_914,VGND,li1,276.2300,130.8510,0.000282
TAP_TAPCELL_ROW_44_913,VGND,li1,250.4700,130.8510,0.000283
TAP_TAPCELL_ROW_44_912,VGND,li1,224.7100,130.8510,0.000246
TAP_TAPCELL_ROW_44_911,VGND,li1,198.9500,130.8510,0.000184
TAP_TAPCELL_ROW_44_910,VGND,li1,173.1900,130.8510,0.000186
TAP_TAPCELL_ROW_44_909,VGND,li1,147.4300,130.8510,0.000398
TAP_TAPCELL_ROW_44_908,VGND,li1,121.6700,130.8510,0.000380
TAP_TAPCELL_ROW_44_907,VGND,li1,95.9100,130.8510,0.000329
TAP_TAPCELL_ROW_44_906,VGND,li1,70.1500,130.8510,0.000261
TAP_TAPCELL_ROW_44_905,VGND,li1,44.3900,130.8510,0.000162
TAP_TAPCELL_ROW_44_904,VGND,li1,18.6300,130.8510,0.000061
TAP_TAPCELL_ROW_43_903,VGND,li1,366.3900,130.2680,0.000164
TAP_TAPCELL_ROW_43_902,VGND,li1,340.6300,130.2680,0.000135
TAP_TAPCELL_ROW_43_901,VGND,li1,314.8700,130.2680,0.000216
TAP_TAPCELL_ROW_43_900,VGND,li1,289.1100,130.2680,0.000269
TAP_TAPCELL_ROW_43_899,VGND,li1,263.3500,130.2680,0.000284
TAP_TAPCELL_ROW_43_898,VGND,li1,237.5900,130.2680,0.000273
TAP_TAPCELL_ROW_43_897,VGND,li1,211.8300,130.2680,0.000219
TAP_TAPCELL_ROW_43_896,VGND,li1,186.0700,130.2680,0.000150
TAP_TAPCELL_ROW_43_895,VGND,li1,160.3100,130.2680,0.000312
TAP_TAPCELL_ROW_43_894,VGND,li1,134.5500,130.2680,0.000394
TAP_TAPCELL_ROW_43_893,VGND,li1,108.7900,130.2680,0.000357
TAP_TAPCELL_ROW_43_892,VGND,li1,83.0300,130.2680,0.000300
TAP_TAPCELL_ROW_43_891,VGND,li1,57.2700,130.2680,0.000219
TAP_TAPCELL_ROW_43_890,VGND,li1,31.5100,130.2680,0.000098
TAP_TAPCELL_ROW_42_889,VGND,li1,353.5100,125.4110,0.000812
TAP_TAPCELL_ROW_42_888,VGND,li1,327.7500,125.4110,0.000571
TAP_TAPCELL_ROW_42_887,VGND,li1,301.9900,125.4110,0.000769
TAP_TAPCELL_ROW_42_886,VGND,li1,276.2300,125.4110,0.000931
TAP_TAPCELL_ROW_42_885,VGND,li1,250.4700,125.4110,0.000889
TAP_TAPCELL_ROW_42_884,VGND,li1,224.7100,125.4110,0.000788
TAP_TAPCELL_ROW_42_883,VGND,li1,198.9500,125.4110,0.000623
TAP_TAPCELL_ROW_42_882,VGND,li1,173.1900,125.4110,0.000749
TAP_TAPCELL_ROW_42_881,VGND,li1,147.4300,125.4110,0.001036
TAP_TAPCELL_ROW_42_880,VGND,li1,121.6700,125.4110,0.000990
TAP_TAPCELL_ROW_42_879,VGND,li1,95.9100,125.4110,0.000873
TAP_TAPCELL_ROW_42_878,VGND,li1,70.1500,125.4110,0.000618
TAP_TAPCELL_ROW_42_877,VGND,li1,44.3900,125.4110,0.000347
TAP_TAPCELL_ROW_42_876,VGND,li1,18.6300,125.4110,0.000136
TAP_TAPCELL_ROW_41_875,VGND,li1,366.3900,124.8280,0.000821
TAP_TAPCELL_ROW_41_874,VGND,li1,340.6300,124.8280,0.000765
TAP_TAPCELL_ROW_41_873,VGND,li1,314.8700,124.8280,0.000684
TAP_TAPCELL_ROW_41_872,VGND,li1,289.1100,124.8280,0.000865
TAP_TAPCELL_ROW_41_871,VGND,li1,263.3500,124.8280,0.000920
TAP_TAPCELL_ROW_41_870,VGND,li1,237.5900,124.8280,0.000850
TAP_TAPCELL_ROW_41_869,VGND,li1,211.8300,124.8280,0.000713
TAP_TAPCELL_ROW_41_868,VGND,li1,186.0700,124.8280,0.000540
TAP_TAPCELL_ROW_41_867,VGND,li1,160.3100,124.8280,0.001038
TAP_TAPCELL_ROW_41_866,VGND,li1,134.5500,124.8280,0.001015
TAP_TAPCELL_ROW_41_865,VGND,li1,108.7900,124.8280,0.000957
TAP_TAPCELL_ROW_41_864,VGND,li1,83.0300,124.8280,0.000741
TAP_TAPCELL_ROW_41_863,VGND,li1,57.2700,124.8280,0.000492
TAP_TAPCELL_ROW_41_862,VGND,li1,31.5100,124.8280,0.000212
TAP_TAPCELL_ROW_40_861,VGND,li1,353.5100,119.9710,0.000456
TAP_TAPCELL_ROW_40_860,VGND,li1,327.7500,119.9710,0.000330
TAP_TAPCELL_ROW_40_859,VGND,li1,301.9900,119.9710,0.000503
TAP_TAPCELL_ROW_40_858,VGND,li1,276.2300,119.9710,0.000632
TAP_TAPCELL_ROW_40_857,VGND,li1,250.4700,119.9710,0.000684
TAP_TAPCELL_ROW_40_856,VGND,li1,224.7100,119.9710,0.000698
TAP_TAPCELL_ROW_40_855,VGND,li1,198.9500,119.9710,0.000679
TAP_TAPCELL_ROW_40_854,VGND,li1,173.1900,119.9710,0.001012
TAP_TAPCELL_ROW_40_853,VGND,li1,147.4300,119.9710,0.001289
TAP_TAPCELL_ROW_40_852,VGND,li1,121.6700,119.9710,0.001195
TAP_TAPCELL_ROW_40_851,VGND,li1,95.9100,119.9710,0.001013
TAP_TAPCELL_ROW_40_850,VGND,li1,70.1500,119.9710,0.000749
TAP_TAPCELL_ROW_40_849,VGND,li1,44.3900,119.9710,0.000416
TAP_TAPCELL_ROW_40_848,VGND,li1,18.6300,119.9710,0.000149
TAP_TAPCELL_ROW_39_847,VGND,li1,366.3900,119.3880,0.000462
TAP_TAPCELL_ROW_39_846,VGND,li1,340.6300,119.3880,0.000439
TAP_TAPCELL_ROW_39_845,VGND,li1,314.8700,119.3880,0.000424
TAP_TAPCELL_ROW_39_844,VGND,li1,289.1100,119.3880,0.000581
TAP_TAPCELL_ROW_39_843,VGND,li1,263.3500,119.3880,0.000664
TAP_TAPCELL_ROW_39_842,VGND,li1,237.5900,119.3880,0.000696
TAP_TAPCELL_ROW_39_841,VGND,li1,211.8300,119.3880,0.000692
TAP_TAPCELL_ROW_39_840,VGND,li1,186.0700,119.3880,0.000666
TAP_TAPCELL_ROW_39_839,VGND,li1,160.3100,119.3880,0.001315
TAP_TAPCELL_ROW_39_838,VGND,li1,134.5500,119.3880,0.001245
TAP_TAPCELL_ROW_39_837,VGND,li1,108.7900,119.3880,0.001126
TAP_TAPCELL_ROW_39_836,VGND,li1,83.0300,119.3880,0.000892
TAP_TAPCELL_ROW_39_835,VGND,li1,57.2700,119.3880,0.000588
TAP_TAPCELL_ROW_39_834,VGND,li1,31.5100,119.3880,0.000253
TAP_TAPCELL_ROW_38_833,VGND,li1,353.5100,114.5310,0.000175
TAP_TAPCELL_ROW_38_832,VGND,li1,327.7500,114.5310,0.000248
TAP_TAPCELL_ROW_38_831,VGND,li1,301.9900,114.5310,0.000410
TAP_TAPCELL_ROW_38_830,VGND,li1,276.2300,114.5310,0.000534
TAP_TAPCELL_ROW_38_829,VGND,li1,250.4700,114.5310,0.000523
TAP_TAPCELL_ROW_38_828,VGND,li1,224.7100,114.5310,0.000452
TAP_TAPCELL_ROW_38_827,VGND,li1,198.9500,114.5310,0.000315
TAP_TAPCELL_ROW_38_826,VGND,li1,173.1900,114.5310,0.000326
TAP_TAPCELL_ROW_38_825,VGND,li1,147.4300,114.5310,0.000601
TAP_TAPCELL_ROW_38_824,VGND,li1,121.6700,114.5310,0.000602
TAP_TAPCELL_ROW_38_823,VGND,li1,95.9100,114.5310,0.000556
TAP_TAPCELL_ROW_38_822,VGND,li1,70.1500,114.5310,0.000450
TAP_TAPCELL_ROW_38_821,VGND,li1,44.3900,114.5310,0.000272
TAP_TAPCELL_ROW_38_820,VGND,li1,18.6300,114.5310,0.000109
TAP_TAPCELL_ROW_37_819,VGND,li1,366.3900,113.9480,0.000178
TAP_TAPCELL_ROW_37_818,VGND,li1,340.6300,113.9480,0.000170
TAP_TAPCELL_ROW_37_817,VGND,li1,314.8700,113.9480,0.000333
TAP_TAPCELL_ROW_37_816,VGND,li1,289.1100,113.9480,0.000483
TAP_TAPCELL_ROW_37_815,VGND,li1,263.3500,113.9480,0.000533
TAP_TAPCELL_ROW_37_814,VGND,li1,237.5900,113.9480,0.000499
TAP_TAPCELL_ROW_37_813,VGND,li1,211.8300,113.9480,0.000389
TAP_TAPCELL_ROW_37_812,VGND,li1,186.0700,113.9480,0.000249
TAP_TAPCELL_ROW_37_811,VGND,li1,160.3100,113.9480,0.000502
TAP_TAPCELL_ROW_37_810,VGND,li1,134.5500,113.9480,0.000610
TAP_TAPCELL_ROW_37_809,VGND,li1,108.7900,113.9480,0.000591
TAP_TAPCELL_ROW_37_808,VGND,li1,83.0300,113.9480,0.000504
TAP_TAPCELL_ROW_37_807,VGND,li1,57.2700,113.9480,0.000386
TAP_TAPCELL_ROW_37_806,VGND,li1,31.5100,113.9480,0.000161
TAP_TAPCELL_ROW_36_805,VGND,li1,353.5100,109.0910,0.000356
TAP_TAPCELL_ROW_36_804,VGND,li1,327.7500,109.0910,0.000225
TAP_TAPCELL_ROW_36_803,VGND,li1,301.9900,109.0910,0.000288
TAP_TAPCELL_ROW_36_802,VGND,li1,276.2300,109.0910,0.000317
TAP_TAPCELL_ROW_36_801,VGND,li1,250.4700,109.0910,0.000321
TAP_TAPCELL_ROW_36_800,VGND,li1,224.7100,109.0910,0.000306
TAP_TAPCELL_ROW_36_799,VGND,li1,198.9500,109.0910,0.000273
TAP_TAPCELL_ROW_36_798,VGND,li1,173.1900,109.0910,0.000357
TAP_TAPCELL_ROW_36_797,VGND,li1,147.4300,109.0910,0.000524
TAP_TAPCELL_ROW_36_796,VGND,li1,121.6700,109.0910,0.000466
TAP_TAPCELL_ROW_36_795,VGND,li1,95.9100,109.0910,0.000391
TAP_TAPCELL_ROW_36_794,VGND,li1,70.1500,109.0910,0.000286
TAP_TAPCELL_ROW_36_793,VGND,li1,44.3900,109.0910,0.000168
TAP_TAPCELL_ROW_36_792,VGND,li1,18.6300,109.0910,0.000071
TAP_TAPCELL_ROW_35_791,VGND,li1,366.3900,108.5080,0.000424
TAP_TAPCELL_ROW_35_790,VGND,li1,340.6300,108.5080,0.000284
TAP_TAPCELL_ROW_35_789,VGND,li1,314.8700,108.5080,0.000265
TAP_TAPCELL_ROW_35_788,VGND,li1,289.1100,108.5080,0.000305
TAP_TAPCELL_ROW_35_787,VGND,li1,263.3500,108.5080,0.000322
TAP_TAPCELL_ROW_35_786,VGND,li1,237.5900,108.5080,0.000317
TAP_TAPCELL_ROW_35_785,VGND,li1,211.8300,108.5080,0.000290
TAP_TAPCELL_ROW_35_784,VGND,li1,186.0700,108.5080,0.000248
TAP_TAPCELL_ROW_35_783,VGND,li1,160.3100,108.5080,0.000525
TAP_TAPCELL_ROW_35_782,VGND,li1,134.5500,108.5080,0.000499
TAP_TAPCELL_ROW_35_781,VGND,li1,108.7900,108.5080,0.000433
TAP_TAPCELL_ROW_35_780,VGND,li1,83.0300,108.5080,0.000339
TAP_TAPCELL_ROW_35_779,VGND,li1,57.2700,108.5080,0.000230
TAP_TAPCELL_ROW_35_778,VGND,li1,31.5100,108.5080,0.000101
TAP_TAPCELL_ROW_34_777,VGND,li1,353.5100,103.6510,0.005157
TAP_TAPCELL_ROW_34_776,VGND,li1,327.7500,103.6510,0.001958
TAP_TAPCELL_ROW_34_775,VGND,li1,301.9900,103.6510,0.001774
TAP_TAPCELL_ROW_34_774,VGND,li1,276.2300,103.6510,0.001542
TAP_TAPCELL_ROW_34_773,VGND,li1,250.4700,103.6510,0.001293
TAP_TAPCELL_ROW_34_772,VGND,li1,224.7100,103.6510,0.000994
TAP_TAPCELL_ROW_34_771,VGND,li1,198.9500,103.6510,0.000668
TAP_TAPCELL_ROW_34_770,VGND,li1,173.1900,103.6510,0.000616
TAP_TAPCELL_ROW_34_769,VGND,li1,147.4300,103.6510,0.000991
TAP_TAPCELL_ROW_34_768,VGND,li1,121.6700,103.6510,0.000883
TAP_TAPCELL_ROW_34_767,VGND,li1,95.9100,103.6510,0.000758
TAP_TAPCELL_ROW_34_766,VGND,li1,70.1500,103.6510,0.000563
TAP_TAPCELL_ROW_34_765,VGND,li1,44.3900,103.6510,0.000342
TAP_TAPCELL_ROW_34_764,VGND,li1,18.6300,103.6510,0.000122
TAP_TAPCELL_ROW_33_763,VGND,li1,366.3900,103.0680,0.005628
TAP_TAPCELL_ROW_33_762,VGND,li1,340.6300,103.0680,0.003611
TAP_TAPCELL_ROW_33_761,VGND,li1,314.8700,103.0680,0.001870
TAP_TAPCELL_ROW_33_760,VGND,li1,289.1100,103.0680,0.001653
TAP_TAPCELL_ROW_33_759,VGND,li1,263.3500,103.0680,0.001412
TAP_TAPCELL_ROW_33_758,VGND,li1,237.5900,103.0680,0.001156
TAP_TAPCELL_ROW_33_757,VGND,li1,211.8300,103.0680,0.000831
TAP_TAPCELL_ROW_33_756,VGND,li1,186.0700,103.0680,0.000513
TAP_TAPCELL_ROW_33_755,VGND,li1,160.3100,103.0680,0.000958
TAP_TAPCELL_ROW_33_754,VGND,li1,134.5500,103.0680,0.000945
TAP_TAPCELL_ROW_33_753,VGND,li1,108.7900,103.0680,0.000826
TAP_TAPCELL_ROW_33_752,VGND,li1,83.0300,103.0680,0.000662
TAP_TAPCELL_ROW_33_751,VGND,li1,57.2700,103.0680,0.000469
TAP_TAPCELL_ROW_33_750,VGND,li1,31.5100,103.0680,0.000201
TAP_TAPCELL_ROW_32_749,VGND,li1,353.5100,98.2110,0.001264
TAP_TAPCELL_ROW_32_748,VGND,li1,327.7500,98.2110,0.000645
TAP_TAPCELL_ROW_32_747,VGND,li1,301.9900,98.2110,0.000901
TAP_TAPCELL_ROW_32_746,VGND,li1,276.2300,98.2110,0.001054
TAP_TAPCELL_ROW_32_745,VGND,li1,250.4700,98.2110,0.001101
TAP_TAPCELL_ROW_32_744,VGND,li1,224.7100,98.2110,0.001052
TAP_TAPCELL_ROW_32_743,VGND,li1,198.9500,98.2110,0.000952
TAP_TAPCELL_ROW_32_742,VGND,li1,173.1900,98.2110,0.001158
TAP_TAPCELL_ROW_32_741,VGND,li1,147.4300,98.2110,0.001483
TAP_TAPCELL_ROW_32_740,VGND,li1,121.6700,98.2110,0.001352
TAP_TAPCELL_ROW_32_739,VGND,li1,95.9100,98.2110,0.001166
TAP_TAPCELL_ROW_32_738,VGND,li1,70.1500,98.2110,0.000820
TAP_TAPCELL_ROW_32_737,VGND,li1,44.3900,98.2110,0.000436
TAP_TAPCELL_ROW_32_736,VGND,li1,18.6300,98.2110,0.000170
TAP_TAPCELL_ROW_31_735,VGND,li1,366.3900,97.6280,0.001370
TAP_TAPCELL_ROW_31_734,VGND,li1,340.6300,97.6280,0.000894
TAP_TAPCELL_ROW_31_733,VGND,li1,314.8700,97.6280,0.000817
TAP_TAPCELL_ROW_31_732,VGND,li1,289.1100,97.6280,0.000975
TAP_TAPCELL_ROW_31_731,VGND,li1,263.3500,97.6280,0.001081
TAP_TAPCELL_ROW_31_730,VGND,li1,237.5900,97.6280,0.001087
TAP_TAPCELL_ROW_31_729,VGND,li1,211.8300,97.6280,0.001005
TAP_TAPCELL_ROW_31_728,VGND,li1,186.0700,97.6280,0.000888
TAP_TAPCELL_ROW_31_727,VGND,li1,160.3100,97.6280,0.001518
TAP_TAPCELL_ROW_31_726,VGND,li1,134.5500,97.6280,0.001412
TAP_TAPCELL_ROW_31_725,VGND,li1,108.7900,97.6280,0.001282
TAP_TAPCELL_ROW_31_724,VGND,li1,83.0300,97.6280,0.000995
TAP_TAPCELL_ROW_31_723,VGND,li1,57.2700,97.6280,0.000637
TAP_TAPCELL_ROW_31_722,VGND,li1,31.5100,97.6280,0.000237
TAP_TAPCELL_ROW_30_721,VGND,li1,353.5100,92.7710,0.000410
TAP_TAPCELL_ROW_30_720,VGND,li1,327.7500,92.7710,0.000395
TAP_TAPCELL_ROW_30_719,VGND,li1,301.9900,92.7710,0.000510
TAP_TAPCELL_ROW_30_718,VGND,li1,276.2300,92.7710,0.000621
TAP_TAPCELL_ROW_30_717,VGND,li1,250.4700,92.7710,0.000666
TAP_TAPCELL_ROW_30_716,VGND,li1,224.7100,92.7710,0.000690
TAP_TAPCELL_ROW_30_715,VGND,li1,198.9500,92.7710,0.000694
TAP_TAPCELL_ROW_30_714,VGND,li1,173.1900,92.7710,0.000938
TAP_TAPCELL_ROW_30_713,VGND,li1,147.4300,92.7710,0.001254
TAP_TAPCELL_ROW_30_712,VGND,li1,121.6700,92.7710,0.001080
TAP_TAPCELL_ROW_30_711,VGND,li1,95.9100,92.7710,0.000872
TAP_TAPCELL_ROW_30_710,VGND,li1,70.1500,92.7710,0.000626
TAP_TAPCELL_ROW_30_709,VGND,li1,44.3900,92.7710,0.000355
TAP_TAPCELL_ROW_30_708,VGND,li1,18.6300,92.7710,0.000141
TAP_TAPCELL_ROW_29_707,VGND,li1,366.3900,92.1880,0.000415
TAP_TAPCELL_ROW_29_706,VGND,li1,340.6300,92.1880,0.000398
TAP_TAPCELL_ROW_29_705,VGND,li1,314.8700,92.1880,0.000452
TAP_TAPCELL_ROW_29_704,VGND,li1,289.1100,92.1880,0.000571
TAP_TAPCELL_ROW_29_703,VGND,li1,263.3500,92.1880,0.000648
TAP_TAPCELL_ROW_29_702,VGND,li1,237.5900,92.1880,0.000680
TAP_TAPCELL_ROW_29_701,VGND,li1,211.8300,92.1880,0.000695
TAP_TAPCELL_ROW_29_700,VGND,li1,186.0700,92.1880,0.000689
TAP_TAPCELL_ROW_29_699,VGND,li1,160.3100,92.1880,0.001231
TAP_TAPCELL_ROW_29_698,VGND,li1,134.5500,92.1880,0.001171
TAP_TAPCELL_ROW_29_697,VGND,li1,108.7900,92.1880,0.000967
TAP_TAPCELL_ROW_29_696,VGND,li1,83.0300,92.1880,0.000755
TAP_TAPCELL_ROW_29_695,VGND,li1,57.2700,92.1880,0.000494
TAP_TAPCELL_ROW_29_694,VGND,li1,31.5100,92.1880,0.000189
TAP_TAPCELL_ROW_28_693,VGND,li1,353.5100,87.3310,0.000761
TAP_TAPCELL_ROW_28_692,VGND,li1,327.7500,87.3310,0.000553
TAP_TAPCELL_ROW_28_691,VGND,li1,301.9900,87.3310,0.000791
TAP_TAPCELL_ROW_28_690,VGND,li1,276.2300,87.3310,0.000994
TAP_TAPCELL_ROW_28_689,VGND,li1,250.4700,87.3310,0.001177
TAP_TAPCELL_ROW_28_688,VGND,li1,224.7100,87.3310,0.001317
TAP_TAPCELL_ROW_28_687,VGND,li1,198.9500,87.3310,0.001418
TAP_TAPCELL_ROW_28_686,VGND,li1,173.1900,87.3310,0.002065
TAP_TAPCELL_ROW_28_685,VGND,li1,147.4300,87.3310,0.002646
TAP_TAPCELL_ROW_28_684,VGND,li1,121.6700,87.3310,0.002320
TAP_TAPCELL_ROW_28_683,VGND,li1,95.9100,87.3310,0.001922
TAP_TAPCELL_ROW_28_682,VGND,li1,70.1500,87.3310,0.001423
TAP_TAPCELL_ROW_28_681,VGND,li1,44.3900,87.3310,0.000790
TAP_TAPCELL_ROW_28_680,VGND,li1,18.6300,87.3310,0.000277
TAP_TAPCELL_ROW_27_679,VGND,li1,366.3900,86.7480,0.000762
TAP_TAPCELL_ROW_27_678,VGND,li1,340.6300,86.7480,0.000758
TAP_TAPCELL_ROW_27_677,VGND,li1,314.8700,86.7480,0.000678
TAP_TAPCELL_ROW_27_676,VGND,li1,289.1100,86.7480,0.000896
TAP_TAPCELL_ROW_27_675,VGND,li1,263.3500,86.7480,0.001095
TAP_TAPCELL_ROW_27_674,VGND,li1,237.5900,86.7480,0.001250
TAP_TAPCELL_ROW_27_673,VGND,li1,211.8300,86.7480,0.001364
TAP_TAPCELL_ROW_27_672,VGND,li1,186.0700,86.7480,0.001466
TAP_TAPCELL_ROW_27_671,VGND,li1,160.3100,86.7480,0.002680
TAP_TAPCELL_ROW_27_670,VGND,li1,134.5500,86.7480,0.002492
TAP_TAPCELL_ROW_27_669,VGND,li1,108.7900,86.7480,0.002158
TAP_TAPCELL_ROW_27_668,VGND,li1,83.0300,86.7480,0.001691
TAP_TAPCELL_ROW_27_667,VGND,li1,57.2700,86.7480,0.001105
TAP_TAPCELL_ROW_27_666,VGND,li1,31.5100,86.7480,0.000463
TAP_TAPCELL_ROW_26_665,VGND,li1,353.5100,81.8910,0.000188
TAP_TAPCELL_ROW_26_664,VGND,li1,327.7500,81.8910,0.000223
TAP_TAPCELL_ROW_26_663,VGND,li1,301.9900,81.8910,0.000430
TAP_TAPCELL_ROW_26_662,VGND,li1,276.2300,81.8910,0.000606
TAP_TAPCELL_ROW_26_661,VGND,li1,250.4700,81.8910,0.000630
TAP_TAPCELL_ROW_26_660,VGND,li1,224.7100,81.8910,0.000611
TAP_TAPCELL_ROW_26_659,VGND,li1,198.9500,81.8910,0.000539
TAP_TAPCELL_ROW_26_658,VGND,li1,173.1900,81.8910,0.000665
TAP_TAPCELL_ROW_26_657,VGND,li1,147.4300,81.8910,0.001192
TAP_TAPCELL_ROW_26_656,VGND,li1,121.6700,81.8910,0.001058
TAP_TAPCELL_ROW_26_655,VGND,li1,95.9100,81.8910,0.000898
TAP_TAPCELL_ROW_26_654,VGND,li1,70.1500,81.8910,0.000652
TAP_TAPCELL_ROW_26_653,VGND,li1,44.3900,81.8910,0.000372
TAP_TAPCELL_ROW_26_652,VGND,li1,18.6300,81.8910,0.000132
TAP_TAPCELL_ROW_25_651,VGND,li1,366.3900,81.3080,0.000192
TAP_TAPCELL_ROW_25_650,VGND,li1,340.6300,81.3080,0.000179
TAP_TAPCELL_ROW_25_649,VGND,li1,314.8700,81.3080,0.000332
TAP_TAPCELL_ROW_25_648,VGND,li1,289.1100,81.3080,0.000518
TAP_TAPCELL_ROW_25_647,VGND,li1,263.3500,81.3080,0.000624
TAP_TAPCELL_ROW_25_646,VGND,li1,237.5900,81.3080,0.000630
TAP_TAPCELL_ROW_25_645,VGND,li1,211.8300,81.3080,0.000576
TAP_TAPCELL_ROW_25_644,VGND,li1,186.0700,81.3080,0.000494
TAP_TAPCELL_ROW_25_643,VGND,li1,160.3100,81.3080,0.001082
TAP_TAPCELL_ROW_25_642,VGND,li1,134.5500,81.3080,0.001124
TAP_TAPCELL_ROW_25_641,VGND,li1,108.7900,81.3080,0.000996
TAP_TAPCELL_ROW_25_640,VGND,li1,83.0300,81.3080,0.000777
TAP_TAPCELL_ROW_25_639,VGND,li1,57.2700,81.3080,0.000504
TAP_TAPCELL_ROW_25_638,VGND,li1,31.5100,81.3080,0.000208
TAP_TAPCELL_ROW_24_637,VGND,li1,353.5100,76.4510,0.000154
TAP_TAPCELL_ROW_24_636,VGND,li1,327.7500,76.4510,0.000199
TAP_TAPCELL_ROW_24_635,VGND,li1,301.9900,76.4510,0.000359
TAP_TAPCELL_ROW_24_634,VGND,li1,276.2300,76.4510,0.000468
TAP_TAPCELL_ROW_24_633,VGND,li1,250.4700,76.4510,0.000458
TAP_TAPCELL_ROW_24_632,VGND,li1,224.7100,76.4510,0.000416
TAP_TAPCELL_ROW_24_631,VGND,li1,198.9500,76.4510,0.000349
TAP_TAPCELL_ROW_24_630,VGND,li1,173.1900,76.4510,0.000457
TAP_TAPCELL_ROW_24_629,VGND,li1,147.4300,76.4510,0.001020
TAP_TAPCELL_ROW_24_628,VGND,li1,121.6700,76.4510,0.001030
TAP_TAPCELL_ROW_24_627,VGND,li1,95.9100,76.4510,0.000947
TAP_TAPCELL_ROW_24_626,VGND,li1,70.1500,76.4510,0.000674
TAP_TAPCELL_ROW_24_625,VGND,li1,44.3900,76.4510,0.000386
TAP_TAPCELL_ROW_24_624,VGND,li1,18.6300,76.4510,0.000145
TAP_TAPCELL_ROW_23_623,VGND,li1,366.3900,75.8680,0.000155
TAP_TAPCELL_ROW_23_622,VGND,li1,340.6300,75.8680,0.000150
TAP_TAPCELL_ROW_23_621,VGND,li1,314.8700,75.8680,0.000290
TAP_TAPCELL_ROW_23_620,VGND,li1,289.1100,75.8680,0.000413
TAP_TAPCELL_ROW_23_619,VGND,li1,263.3500,75.8680,0.000475
TAP_TAPCELL_ROW_23_618,VGND,li1,237.5900,75.8680,0.000439
TAP_TAPCELL_ROW_23_617,VGND,li1,211.8300,75.8680,0.000385
TAP_TAPCELL_ROW_23_616,VGND,li1,186.0700,75.8680,0.000318
TAP_TAPCELL_ROW_23_615,VGND,li1,160.3100,75.8680,0.000785
TAP_TAPCELL_ROW_23_614,VGND,li1,134.5500,75.8680,0.001034
TAP_TAPCELL_ROW_23_613,VGND,li1,108.7900,75.8680,0.001020
TAP_TAPCELL_ROW_23_612,VGND,li1,83.0300,75.8680,0.000810
TAP_TAPCELL_ROW_23_611,VGND,li1,57.2700,75.8680,0.000523
TAP_TAPCELL_ROW_23_610,VGND,li1,31.5100,75.8680,0.000210
TAP_TAPCELL_ROW_22_609,VGND,li1,353.5100,71.0110,0.000282
TAP_TAPCELL_ROW_22_608,VGND,li1,327.7500,71.0110,0.000341
TAP_TAPCELL_ROW_22_607,VGND,li1,301.9900,71.0110,0.000374
TAP_TAPCELL_ROW_22_606,VGND,li1,276.2300,71.0110,0.000347
TAP_TAPCELL_ROW_22_605,VGND,li1,250.4700,71.0110,0.000313
TAP_TAPCELL_ROW_22_604,VGND,li1,224.7100,71.0110,0.000263
TAP_TAPCELL_ROW_22_603,VGND,li1,198.9500,71.0110,0.000183
TAP_TAPCELL_ROW_22_602,VGND,li1,173.1900,71.0110,0.000114
TAP_TAPCELL_ROW_22_601,VGND,li1,147.4300,71.0110,0.000225
TAP_TAPCELL_ROW_22_600,VGND,li1,121.6700,71.0110,0.000260
TAP_TAPCELL_ROW_22_599,VGND,li1,95.9100,71.0110,0.000279
TAP_TAPCELL_ROW_22_598,VGND,li1,70.1500,71.0110,0.000260
TAP_TAPCELL_ROW_22_597,VGND,li1,44.3900,71.0110,0.000174
TAP_TAPCELL_ROW_22_596,VGND,li1,18.6300,71.0110,0.000078
TAP_TAPCELL_ROW_21_595,VGND,li1,366.3900,70.4280,0.000283
TAP_TAPCELL_ROW_21_594,VGND,li1,340.6300,70.4280,0.000274
TAP_TAPCELL_ROW_21_593,VGND,li1,314.8700,70.4280,0.000383
TAP_TAPCELL_ROW_21_592,VGND,li1,289.1100,70.4280,0.000361
TAP_TAPCELL_ROW_21_591,VGND,li1,263.3500,70.4280,0.000334
TAP_TAPCELL_ROW_21_590,VGND,li1,237.5900,70.4280,0.000290
TAP_TAPCELL_ROW_21_589,VGND,li1,211.8300,70.4280,0.000225
TAP_TAPCELL_ROW_21_588,VGND,li1,186.0700,70.4280,0.000130
TAP_TAPCELL_ROW_21_587,VGND,li1,160.3100,70.4280,0.000179
TAP_TAPCELL_ROW_21_586,VGND,li1,134.5500,70.4280,0.000244
TAP_TAPCELL_ROW_21_585,VGND,li1,108.7900,70.4280,0.000271
TAP_TAPCELL_ROW_21_584,VGND,li1,83.0300,70.4280,0.000270
TAP_TAPCELL_ROW_21_583,VGND,li1,57.2700,70.4280,0.000237
TAP_TAPCELL_ROW_21_582,VGND,li1,31.5100,70.4280,0.000105
TAP_TAPCELL_ROW_20_581,VGND,li1,353.5100,65.5710,0.000215
TAP_TAPCELL_ROW_20_580,VGND,li1,327.7500,65.5710,0.000253
TAP_TAPCELL_ROW_20_579,VGND,li1,301.9900,65.5710,0.000460
TAP_TAPCELL_ROW_20_578,VGND,li1,276.2300,65.5710,0.000588
TAP_TAPCELL_ROW_20_577,VGND,li1,250.4700,65.5710,0.000572
TAP_TAPCELL_ROW_20_576,VGND,li1,224.7100,65.5710,0.000444
TAP_TAPCELL_ROW_20_575,VGND,li1,198.9500,65.5710,0.000261
TAP_TAPCELL_ROW_20_574,VGND,li1,173.1900,65.5710,0.000138
TAP_TAPCELL_ROW_20_573,VGND,li1,147.4300,65.5710,0.000229
TAP_TAPCELL_ROW_20_572,VGND,li1,121.6700,65.5710,0.000260
TAP_TAPCELL_ROW_20_571,VGND,li1,95.9100,65.5710,0.000249
TAP_TAPCELL_ROW_20_570,VGND,li1,70.1500,65.5710,0.000198
TAP_TAPCELL_ROW_20_569,VGND,li1,44.3900,65.5710,0.000127
TAP_TAPCELL_ROW_20_568,VGND,li1,18.6300,65.5710,0.000049
TAP_TAPCELL_ROW_19_567,VGND,li1,366.3900,64.9880,0.000228
TAP_TAPCELL_ROW_19_566,VGND,li1,340.6300,64.9880,0.000199
TAP_TAPCELL_ROW_19_565,VGND,li1,314.8700,64.9880,0.000378
TAP_TAPCELL_ROW_19_564,VGND,li1,289.1100,64.9880,0.000534
TAP_TAPCELL_ROW_19_563,VGND,li1,263.3500,64.9880,0.000585
TAP_TAPCELL_ROW_19_562,VGND,li1,237.5900,64.9880,0.000514
TAP_TAPCELL_ROW_19_561,VGND,li1,211.8300,64.9880,0.000350
TAP_TAPCELL_ROW_19_560,VGND,li1,186.0700,64.9880,0.000163
TAP_TAPCELL_ROW_19_559,VGND,li1,160.3100,64.9880,0.000191
TAP_TAPCELL_ROW_19_558,VGND,li1,134.5500,64.9880,0.000254
TAP_TAPCELL_ROW_19_557,VGND,li1,108.7900,64.9880,0.000260
TAP_TAPCELL_ROW_19_556,VGND,li1,83.0300,64.9880,0.000225
TAP_TAPCELL_ROW_19_555,VGND,li1,57.2700,64.9880,0.000164
TAP_TAPCELL_ROW_19_554,VGND,li1,31.5100,64.9880,0.000077
TAP_TAPCELL_ROW_18_553,VGND,li1,353.5100,60.1310,0.001993
TAP_TAPCELL_ROW_18_552,VGND,li1,327.7500,60.1310,0.000878
TAP_TAPCELL_ROW_18_551,VGND,li1,301.9900,60.1310,0.000872
TAP_TAPCELL_ROW_18_550,VGND,li1,276.2300,60.1310,0.000781
TAP_TAPCELL_ROW_18_549,VGND,li1,250.4700,60.1310,0.000651
TAP_TAPCELL_ROW_18_548,VGND,li1,224.7100,60.1310,0.000501
TAP_TAPCELL_ROW_18_547,VGND,li1,198.9500,60.1310,0.000316
TAP_TAPCELL_ROW_18_546,VGND,li1,173.1900,60.1310,0.000178
TAP_TAPCELL_ROW_18_545,VGND,li1,147.4300,60.1310,0.000321
TAP_TAPCELL_ROW_18_544,VGND,li1,121.6700,60.1310,0.000402
TAP_TAPCELL_ROW_18_543,VGND,li1,95.9100,60.1310,0.000450
TAP_TAPCELL_ROW_18_542,VGND,li1,70.1500,60.1310,0.000355
TAP_TAPCELL_ROW_18_541,VGND,li1,44.3900,60.1310,0.000209
TAP_TAPCELL_ROW_18_540,VGND,li1,18.6300,60.1310,0.000084
TAP_TAPCELL_ROW_17_539,VGND,li1,366.3900,59.5480,0.002185
TAP_TAPCELL_ROW_17_538,VGND,li1,340.6300,59.5480,0.001287
TAP_TAPCELL_ROW_17_537,VGND,li1,314.8700,59.5480,0.000907
TAP_TAPCELL_ROW_17_536,VGND,li1,289.1100,59.5480,0.000829
TAP_TAPCELL_ROW_17_535,VGND,li1,263.3500,59.5480,0.000714
TAP_TAPCELL_ROW_17_534,VGND,li1,237.5900,59.5480,0.000578
TAP_TAPCELL_ROW_17_533,VGND,li1,211.8300,59.5480,0.000414
TAP_TAPCELL_ROW_17_532,VGND,li1,186.0700,59.5480,0.000211
TAP_TAPCELL_ROW_17_531,VGND,li1,160.3100,59.5480,0.000257
TAP_TAPCELL_ROW_17_530,VGND,li1,134.5500,59.5480,0.000368
TAP_TAPCELL_ROW_17_529,VGND,li1,108.7900,59.5480,0.000430
TAP_TAPCELL_ROW_17_528,VGND,li1,83.0300,59.5480,0.000405
TAP_TAPCELL_ROW_17_527,VGND,li1,57.2700,59.5480,0.000286
TAP_TAPCELL_ROW_17_526,VGND,li1,31.5100,59.5480,0.000125
TAP_TAPCELL_ROW_16_525,VGND,li1,353.5100,54.6910,0.001162
TAP_TAPCELL_ROW_16_524,VGND,li1,327.7500,54.6910,0.000722
TAP_TAPCELL_ROW_16_523,VGND,li1,301.9900,54.6910,0.000678
TAP_TAPCELL_ROW_16_522,VGND,li1,276.2300,54.6910,0.000596
TAP_TAPCELL_ROW_16_521,VGND,li1,250.4700,54.6910,0.000492
TAP_TAPCELL_ROW_16_520,VGND,li1,224.7100,54.6910,0.000371
TAP_TAPCELL_ROW_16_519,VGND,li1,198.9500,54.6910,0.000226
TAP_TAPCELL_ROW_16_518,VGND,li1,173.1900,54.6910,0.000104
TAP_TAPCELL_ROW_16_517,VGND,li1,147.4300,54.6910,0.000162
TAP_TAPCELL_ROW_16_516,VGND,li1,121.6700,54.6910,0.000184
TAP_TAPCELL_ROW_16_515,VGND,li1,95.9100,54.6910,0.000178
TAP_TAPCELL_ROW_16_514,VGND,li1,70.1500,54.6910,0.000159
TAP_TAPCELL_ROW_16_513,VGND,li1,44.3900,54.6910,0.000102
TAP_TAPCELL_ROW_16_512,VGND,li1,18.6300,54.6910,0.000042
TAP_TAPCELL_ROW_15_511,VGND,li1,366.3900,54.1080,0.001241
TAP_TAPCELL_ROW_15_510,VGND,li1,340.6300,54.1080,0.000868
TAP_TAPCELL_ROW_15_509,VGND,li1,314.8700,54.1080,0.000714
TAP_TAPCELL_ROW_15_508,VGND,li1,289.1100,54.1080,0.000638
TAP_TAPCELL_ROW_15_507,VGND,li1,263.3500,54.1080,0.000543
TAP_TAPCELL_ROW_15_506,VGND,li1,237.5900,54.1080,0.000436
TAP_TAPCELL_ROW_15_505,VGND,li1,211.8300,54.1080,0.000296
TAP_TAPCELL_ROW_15_504,VGND,li1,186.0700,54.1080,0.000135
TAP_TAPCELL_ROW_15_503,VGND,li1,160.3100,54.1080,0.000134
TAP_TAPCELL_ROW_15_502,VGND,li1,134.5500,54.1080,0.000176
TAP_TAPCELL_ROW_15_501,VGND,li1,108.7900,54.1080,0.000185
TAP_TAPCELL_ROW_15_500,VGND,li1,83.0300,54.1080,0.000171
TAP_TAPCELL_ROW_15_499,VGND,li1,57.2700,54.1080,0.000139
TAP_TAPCELL_ROW_15_498,VGND,li1,31.5100,54.1080,0.000060
TAP_TAPCELL_ROW_14_497,VGND,li1,353.5100,49.2510,0.000398
TAP_TAPCELL_ROW_14_496,VGND,li1,327.7500,49.2510,0.000411
TAP_TAPCELL_ROW_14_495,VGND,li1,301.9900,49.2510,0.000608
TAP_TAPCELL_ROW_14_494,VGND,li1,276.2300,49.2510,0.000707
TAP_TAPCELL_ROW_14_493,VGND,li1,250.4700,49.2510,0.000785
TAP_TAPCELL_ROW_14_492,VGND,li1,224.7100,49.2510,0.000829
TAP_TAPCELL_ROW_14_491,VGND,li1,198.9500,49.2510,0.000840
TAP_TAPCELL_ROW_14_490,VGND,li1,173.1900,49.2510,0.001315
TAP_TAPCELL_ROW_14_489,VGND,li1,147.4300,49.2510,0.001963
TAP_TAPCELL_ROW_14_488,VGND,li1,121.6700,49.2510,0.001792
TAP_TAPCELL_ROW_14_487,VGND,li1,95.9100,49.2510,0.001454
TAP_TAPCELL_ROW_14_486,VGND,li1,70.1500,49.2510,0.001014
TAP_TAPCELL_ROW_14_485,VGND,li1,44.3900,49.2510,0.000542
TAP_TAPCELL_ROW_14_484,VGND,li1,18.6300,49.2510,0.000187
TAP_TAPCELL_ROW_13_483,VGND,li1,366.3900,48.6680,0.000437
TAP_TAPCELL_ROW_13_482,VGND,li1,340.6300,48.6680,0.000346
TAP_TAPCELL_ROW_13_481,VGND,li1,314.8700,48.6680,0.000546
TAP_TAPCELL_ROW_13_480,VGND,li1,289.1100,48.6680,0.000658
TAP_TAPCELL_ROW_13_479,VGND,li1,263.3500,48.6680,0.000747
TAP_TAPCELL_ROW_13_478,VGND,li1,237.5900,48.6680,0.000813
TAP_TAPCELL_ROW_13_477,VGND,li1,211.8300,48.6680,0.000838
TAP_TAPCELL_ROW_13_476,VGND,li1,186.0700,48.6680,0.000838
TAP_TAPCELL_ROW_13_475,VGND,li1,160.3100,48.6680,0.001916
TAP_TAPCELL_ROW_13_474,VGND,li1,134.5500,48.6680,0.001896
TAP_TAPCELL_ROW_13_473,VGND,li1,108.7900,48.6680,0.001641
TAP_TAPCELL_ROW_13_472,VGND,li1,83.0300,48.6680,0.001213
TAP_TAPCELL_ROW_13_471,VGND,li1,57.2700,48.6680,0.000760
TAP_TAPCELL_ROW_13_470,VGND,li1,31.5100,48.6680,0.000311
TAP_TAPCELL_ROW_12_469,VGND,li1,353.5100,43.8110,0.000154
TAP_TAPCELL_ROW_12_468,VGND,li1,327.7500,43.8110,0.000176
TAP_TAPCELL_ROW_12_467,VGND,li1,301.9900,43.8110,0.000433
TAP_TAPCELL_ROW_12_466,VGND,li1,276.2300,43.8110,0.000580
TAP_TAPCELL_ROW_12_465,VGND,li1,250.4700,43.8110,0.000662
TAP_TAPCELL_ROW_12_464,VGND,li1,224.7100,43.8110,0.000722
TAP_TAPCELL_ROW_12_463,VGND,li1,198.9500,43.8110,0.000755
TAP_TAPCELL_ROW_12_462,VGND,li1,173.1900,43.8110,0.001253
TAP_TAPCELL_ROW_12_461,VGND,li1,147.4300,43.8110,0.002459
TAP_TAPCELL_ROW_12_460,VGND,li1,121.6700,43.8110,0.002171
TAP_TAPCELL_ROW_12_459,VGND,li1,95.9100,43.8110,0.001730
TAP_TAPCELL_ROW_12_458,VGND,li1,70.1500,43.8110,0.001220
TAP_TAPCELL_ROW_12_457,VGND,li1,44.3900,43.8110,0.000642
TAP_TAPCELL_ROW_12_456,VGND,li1,18.6300,43.8110,0.000234
TAP_TAPCELL_ROW_11_455,VGND,li1,366.3900,43.2280,0.000167
TAP_TAPCELL_ROW_11_454,VGND,li1,340.6300,43.2280,0.000141
TAP_TAPCELL_ROW_11_453,VGND,li1,314.8700,43.2280,0.000316
TAP_TAPCELL_ROW_11_452,VGND,li1,289.1100,43.2280,0.000524
TAP_TAPCELL_ROW_11_451,VGND,li1,263.3500,43.2280,0.000623
TAP_TAPCELL_ROW_11_450,VGND,li1,237.5900,43.2280,0.000696
TAP_TAPCELL_ROW_11_449,VGND,li1,211.8300,43.2280,0.000741
TAP_TAPCELL_ROW_11_448,VGND,li1,186.0700,43.2280,0.000765
TAP_TAPCELL_ROW_11_447,VGND,li1,160.3100,43.2280,0.002067
TAP_TAPCELL_ROW_11_446,VGND,li1,134.5500,43.2280,0.002362
TAP_TAPCELL_ROW_11_445,VGND,li1,108.7900,43.2280,0.001988
TAP_TAPCELL_ROW_11_444,VGND,li1,83.0300,43.2280,0.001472
TAP_TAPCELL_ROW_11_443,VGND,li1,57.2700,43.2280,0.000958
TAP_TAPCELL_ROW_11_442,VGND,li1,31.5100,43.2280,0.000381
TAP_TAPCELL_ROW_10_441,VGND,li1,353.5100,38.3710,0.000230
TAP_TAPCELL_ROW_10_440,VGND,li1,327.7500,38.3710,0.000336
TAP_TAPCELL_ROW_10_439,VGND,li1,301.9900,38.3710,0.000624
TAP_TAPCELL_ROW_10_438,VGND,li1,276.2300,38.3710,0.000668
TAP_TAPCELL_ROW_10_437,VGND,li1,250.4700,38.3710,0.000623
TAP_TAPCELL_ROW_10_436,VGND,li1,224.7100,38.3710,0.000542
TAP_TAPCELL_ROW_10_435,VGND,li1,198.9500,38.3710,0.000414
TAP_TAPCELL_ROW_10_434,VGND,li1,173.1900,38.3710,0.000435
TAP_TAPCELL_ROW_10_433,VGND,li1,147.4300,38.3710,0.001044
TAP_TAPCELL_ROW_10_432,VGND,li1,121.6700,38.3710,0.001165
TAP_TAPCELL_ROW_10_431,VGND,li1,95.9100,38.3710,0.001004
TAP_TAPCELL_ROW_10_430,VGND,li1,70.1500,38.3710,0.000737
TAP_TAPCELL_ROW_10_429,VGND,li1,44.3900,38.3710,0.000408
TAP_TAPCELL_ROW_10_428,VGND,li1,18.6300,38.3710,0.000141
TAP_TAPCELL_ROW_9_427,VGND,li1,366.3900,37.7880,0.000230
TAP_TAPCELL_ROW_9_426,VGND,li1,340.6300,37.7880,0.000230
TAP_TAPCELL_ROW_9_425,VGND,li1,314.8700,37.7880,0.000520
TAP_TAPCELL_ROW_9_424,VGND,li1,289.1100,37.7880,0.000668
TAP_TAPCELL_ROW_9_423,VGND,li1,263.3500,37.7880,0.000649
TAP_TAPCELL_ROW_9_422,VGND,li1,237.5900,37.7880,0.000589
TAP_TAPCELL_ROW_9_421,VGND,li1,211.8300,37.7880,0.000479
TAP_TAPCELL_ROW_9_420,VGND,li1,186.0700,37.7880,0.000342
TAP_TAPCELL_ROW_9_419,VGND,li1,160.3100,37.7880,0.000777
TAP_TAPCELL_ROW_9_418,VGND,li1,134.5500,37.7880,0.001167
TAP_TAPCELL_ROW_9_417,VGND,li1,108.7900,37.7880,0.001093
TAP_TAPCELL_ROW_9_416,VGND,li1,83.0300,37.7880,0.000862
TAP_TAPCELL_ROW_9_415,VGND,li1,57.2700,37.7880,0.000564
TAP_TAPCELL_ROW_9_414,VGND,li1,31.5100,37.7880,0.000232
TAP_TAPCELL_ROW_8_413,VGND,li1,353.5100,32.9310,0.000075
TAP_TAPCELL_ROW_8_412,VGND,li1,327.7500,32.9310,0.000104
TAP_TAPCELL_ROW_8_411,VGND,li1,301.9900,32.9310,0.000278
TAP_TAPCELL_ROW_8_410,VGND,li1,276.2300,32.9310,0.000399
TAP_TAPCELL_ROW_8_409,VGND,li1,250.4700,32.9310,0.000401
TAP_TAPCELL_ROW_8_408,VGND,li1,224.7100,32.9310,0.000315
TAP_TAPCELL_ROW_8_407,VGND,li1,198.9500,32.9310,0.000209
TAP_TAPCELL_ROW_8_406,VGND,li1,173.1900,32.9310,0.000148
TAP_TAPCELL_ROW_8_405,VGND,li1,147.4300,32.9310,0.000321
TAP_TAPCELL_ROW_8_404,VGND,li1,121.6700,32.9310,0.000435
TAP_TAPCELL_ROW_8_403,VGND,li1,95.9100,32.9310,0.000497
TAP_TAPCELL_ROW_8_402,VGND,li1,70.1500,32.9310,0.000441
TAP_TAPCELL_ROW_8_401,VGND,li1,44.3900,32.9310,0.000262
TAP_TAPCELL_ROW_8_400,VGND,li1,18.6300,32.9310,0.000091
TAP_TAPCELL_ROW_7_399,VGND,li1,366.3900,32.3480,0.000075
TAP_TAPCELL_ROW_7_398,VGND,li1,340.6300,32.3480,0.000075
TAP_TAPCELL_ROW_7_397,VGND,li1,314.8700,32.3480,0.000197
TAP_TAPCELL_ROW_7_396,VGND,li1,289.1100,32.3480,0.000351
TAP_TAPCELL_ROW_7_395,VGND,li1,263.3500,32.3480,0.000410
TAP_TAPCELL_ROW_7_394,VGND,li1,237.5900,32.3480,0.000365
TAP_TAPCELL_ROW_7_393,VGND,li1,211.8300,32.3480,0.000260
TAP_TAPCELL_ROW_7_392,VGND,li1,186.0700,32.3480,0.000148
TAP_TAPCELL_ROW_7_391,VGND,li1,160.3100,32.3480,0.000232
TAP_TAPCELL_ROW_7_390,VGND,li1,134.5500,32.3480,0.000408
TAP_TAPCELL_ROW_7_389,VGND,li1,108.7900,32.3480,0.000466
TAP_TAPCELL_ROW_7_388,VGND,li1,83.0300,32.3480,0.000500
TAP_TAPCELL_ROW_7_387,VGND,li1,57.2700,32.3480,0.000366
TAP_TAPCELL_ROW_7_386,VGND,li1,31.5100,32.3480,0.000134
TAP_TAPCELL_ROW_6_385,VGND,li1,353.5100,27.4910,0.000012
TAP_TAPCELL_ROW_6_384,VGND,li1,327.7500,27.4910,0.000016
TAP_TAPCELL_ROW_6_383,VGND,li1,301.9900,27.4910,0.000046
TAP_TAPCELL_ROW_6_382,VGND,li1,276.2300,27.4910,0.000077
TAP_TAPCELL_ROW_6_381,VGND,li1,250.4700,27.4910,0.000108
TAP_TAPCELL_ROW_6_380,VGND,li1,224.7100,27.4910,0.000116
TAP_TAPCELL_ROW_6_379,VGND,li1,198.9500,27.4910,0.000064
TAP_TAPCELL_ROW_6_378,VGND,li1,173.1900,27.4910,0.000020
TAP_TAPCELL_ROW_6_377,VGND,li1,147.4300,27.4910,0.000017
TAP_TAPCELL_ROW_6_376,VGND,li1,121.6700,27.4910,0.000015
TAP_TAPCELL_ROW_6_375,VGND,li1,95.9100,27.4910,0.000012
TAP_TAPCELL_ROW_6_374,VGND,li1,70.1500,27.4910,0.000010
TAP_TAPCELL_ROW_6_373,VGND,li1,44.3900,27.4910,0.000006
TAP_TAPCELL_ROW_6_372,VGND,li1,18.6300,27.4910,0.000002
TAP_TAPCELL_ROW_5_371,VGND,li1,366.3900,26.9080,0.000012
TAP_TAPCELL_ROW_5_370,VGND,li1,340.6300,26.9080,0.000012
TAP_TAPCELL_ROW_5_369,VGND,li1,314.8700,26.9080,0.000031
TAP_TAPCELL_ROW_5_368,VGND,li1,289.1100,26.9080,0.000062
TAP_TAPCELL_ROW_5_367,VGND,li1,263.3500,26.9080,0.000093
TAP_TAPCELL_ROW_5_366,VGND,li1,237.5900,26.9080,0.000122
TAP_TAPCELL_ROW_5_365,VGND,li1,211.8300,26.9080,0.000091
TAP_TAPCELL_ROW_5_364,VGND,li1,186.0700,26.9080,0.000036
TAP_TAPCELL_ROW_5_363,VGND,li1,160.3100,26.9080,0.000019
TAP_TAPCELL_ROW_5_362,VGND,li1,134.5500,26.9080,0.000016
TAP_TAPCELL_ROW_5_361,VGND,li1,108.7900,26.9080,0.000014
TAP_TAPCELL_ROW_5_360,VGND,li1,83.0300,26.9080,0.000011
TAP_TAPCELL_ROW_5_359,VGND,li1,57.2700,26.9080,0.000008
TAP_TAPCELL_ROW_5_358,VGND,li1,31.5100,26.9080,0.000003
TAP_TAPCELL_ROW_4_357,VGND,li1,353.5100,22.0510,0.000000
TAP_TAPCELL_ROW_4_356,VGND,li1,327.7500,22.0510,0.000000
TAP_TAPCELL_ROW_4_355,VGND,li1,301.9900,22.0510,0.000000
TAP_TAPCELL_ROW_4_354,VGND,li1,276.2300,22.0510,0.000000
TAP_TAPCELL_ROW_4_353,VGND,li1,250.4700,22.0510,0.000000
TAP_TAPCELL_ROW_4_352,VGND,li1,224.7100,22.0510,0.000000
TAP_TAPCELL_ROW_4_351,VGND,li1,198.9500,22.0510,0.000000
TAP_TAPCELL_ROW_4_350,VGND,li1,173.1900,22.0510,0.000000
TAP_TAPCELL_ROW_4_349,VGND,li1,147.4300,22.0510,0.000000
TAP_TAPCELL_ROW_4_348,VGND,li1,121.6700,22.0510,0.000000
TAP_TAPCELL_ROW_4_347,VGND,li1,95.9100,22.0510,0.000000
TAP_TAPCELL_ROW_4_346,VGND,li1,70.1500,22.0510,0.000000
TAP_TAPCELL_ROW_4_345,VGND,li1,44.3900,22.0510,0.000000
TAP_TAPCELL_ROW_4_344,VGND,li1,18.6300,22.0510,0.000000
TAP_TAPCELL_ROW_3_343,VGND,li1,366.3900,21.4680,0.000000
TAP_TAPCELL_ROW_3_342,VGND,li1,340.6300,21.4680,0.000000
TAP_TAPCELL_ROW_3_341,VGND,li1,314.8700,21.4680,0.000000
TAP_TAPCELL_ROW_3_340,VGND,li1,289.1100,21.4680,0.000000
TAP_TAPCELL_ROW_3_339,VGND,li1,263.3500,21.4680,0.000000
TAP_TAPCELL_ROW_3_338,VGND,li1,237.5900,21.4680,0.000000
TAP_TAPCELL_ROW_3_337,VGND,li1,211.8300,21.4680,0.000000
TAP_TAPCELL_ROW_3_336,VGND,li1,186.0700,21.4680,0.000000
TAP_TAPCELL_ROW_3_335,VGND,li1,160.3100,21.4680,0.000000
TAP_TAPCELL_ROW_3_334,VGND,li1,134.5500,21.4680,0.000000
TAP_TAPCELL_ROW_3_333,VGND,li1,108.7900,21.4680,0.000000
TAP_TAPCELL_ROW_3_332,VGND,li1,83.0300,21.4680,0.000000
TAP_TAPCELL_ROW_3_331,VGND,li1,57.2700,21.4680,0.000000
TAP_TAPCELL_ROW_3_330,VGND,li1,31.5100,21.4680,0.000000
TAP_TAPCELL_ROW_2_329,VGND,li1,353.5100,16.6110,0.000000
TAP_TAPCELL_ROW_2_328,VGND,li1,327.7500,16.6110,0.000000
TAP_TAPCELL_ROW_2_327,VGND,li1,301.9900,16.6110,0.000000
TAP_TAPCELL_ROW_2_326,VGND,li1,276.2300,16.6110,0.000000
TAP_TAPCELL_ROW_2_325,VGND,li1,250.4700,16.6110,0.000001
TAP_TAPCELL_ROW_2_324,VGND,li1,224.7100,16.6110,0.000001
TAP_TAPCELL_ROW_2_323,VGND,li1,198.9500,16.6110,0.000001
TAP_TAPCELL_ROW_2_322,VGND,li1,173.1900,16.6110,0.000001
TAP_TAPCELL_ROW_2_321,VGND,li1,147.4300,16.6110,0.000001
TAP_TAPCELL_ROW_2_320,VGND,li1,121.6700,16.6110,0.000001
TAP_TAPCELL_ROW_2_319,VGND,li1,95.9100,16.6110,0.000001
TAP_TAPCELL_ROW_2_318,VGND,li1,70.1500,16.6110,0.000001
TAP_TAPCELL_ROW_2_317,VGND,li1,44.3900,16.6110,0.000000
TAP_TAPCELL_ROW_2_316,VGND,li1,18.6300,16.6110,0.000000
TAP_TAPCELL_ROW_1_315,VGND,li1,366.3900,16.0280,0.000000
TAP_TAPCELL_ROW_1_314,VGND,li1,340.6300,16.0280,0.000000
TAP_TAPCELL_ROW_1_313,VGND,li1,314.8700,16.0280,0.000000
TAP_TAPCELL_ROW_1_312,VGND,li1,289.1100,16.0280,0.000000
TAP_TAPCELL_ROW_1_311,VGND,li1,263.3500,16.0280,0.000000
TAP_TAPCELL_ROW_1_310,VGND,li1,237.5900,16.0280,0.000001
TAP_TAPCELL_ROW_1_309,VGND,li1,211.8300,16.0280,0.000001
TAP_TAPCELL_ROW_1_308,VGND,li1,186.0700,16.0280,0.000001
TAP_TAPCELL_ROW_1_307,VGND,li1,160.3100,16.0280,0.000001
TAP_TAPCELL_ROW_1_306,VGND,li1,134.5500,16.0280,0.000001
TAP_TAPCELL_ROW_1_305,VGND,li1,108.7900,16.0280,0.000001
TAP_TAPCELL_ROW_1_304,VGND,li1,83.0300,16.0280,0.000001
TAP_TAPCELL_ROW_1_303,VGND,li1,57.2700,16.0280,0.000000
TAP_TAPCELL_ROW_1_302,VGND,li1,31.5100,16.0280,0.000000
TAP_TAPCELL_ROW_0_301,VGND,li1,366.3900,11.1710,0.000019
TAP_TAPCELL_ROW_0_300,VGND,li1,353.5100,11.1710,0.000019
TAP_TAPCELL_ROW_0_299,VGND,li1,340.6300,11.1710,0.000019
TAP_TAPCELL_ROW_0_298,VGND,li1,327.7500,11.1710,0.000026
TAP_TAPCELL_ROW_0_297,VGND,li1,314.8700,11.1710,0.000050
TAP_TAPCELL_ROW_0_296,VGND,li1,301.9900,11.1710,0.000074
TAP_TAPCELL_ROW_0_295,VGND,li1,289.1100,11.1710,0.000098
TAP_TAPCELL_ROW_0_294,VGND,li1,276.2300,11.1710,0.000122
TAP_TAPCELL_ROW_0_293,VGND,li1,263.3500,11.1710,0.000145
TAP_TAPCELL_ROW_0_292,VGND,li1,250.4700,11.1710,0.000168
TAP_TAPCELL_ROW_0_291,VGND,li1,237.5900,11.1710,0.000186
TAP_TAPCELL_ROW_0_290,VGND,li1,224.7100,11.1710,0.000199
TAP_TAPCELL_ROW_0_289,VGND,li1,211.8300,11.1710,0.000195
TAP_TAPCELL_ROW_0_288,VGND,li1,198.9500,11.1710,0.000172
TAP_TAPCELL_ROW_0_287,VGND,li1,186.0700,11.1710,0.000117
TAP_TAPCELL_ROW_0_286,VGND,li1,173.1900,11.1710,0.000078
TAP_TAPCELL_ROW_0_285,VGND,li1,160.3100,11.1710,0.000076
TAP_TAPCELL_ROW_0_284,VGND,li1,147.4300,11.1710,0.000075
TAP_TAPCELL_ROW_0_283,VGND,li1,134.5500,11.1710,0.000070
TAP_TAPCELL_ROW_0_282,VGND,li1,121.6700,11.1710,0.000065
TAP_TAPCELL_ROW_0_281,VGND,li1,108.7900,11.1710,0.000058
TAP_TAPCELL_ROW_0_280,VGND,li1,95.9100,11.1710,0.000050
TAP_TAPCELL_ROW_0_279,VGND,li1,83.0300,11.1710,0.000042
TAP_TAPCELL_ROW_0_278,VGND,li1,70.1500,11.1710,0.000035
TAP_TAPCELL_ROW_0_277,VGND,li1,57.2700,11.1710,0.000027
TAP_TAPCELL_ROW_0_276,VGND,li1,44.3900,11.1710,0.000019
TAP_TAPCELL_ROW_0_275,VGND,li1,31.5100,11.1710,0.000012
TAP_TAPCELL_ROW_0_274,VGND,li1,18.6300,11.1710,0.000009
PHY_EDGE_ROW_136_Left_273,VGND,li1,6.2100,380.8000,0.000028
PHY_EDGE_ROW_135_Left_272,VGND,li1,6.2100,380.8000,0.000028
PHY_EDGE_ROW_134_Left_271,VGND,li1,6.2100,375.3600,0.000027
PHY_EDGE_ROW_133_Left_270,VGND,li1,6.2100,375.3600,0.000027
PHY_EDGE_ROW_132_Left_269,VGND,li1,6.2100,369.9200,0.000845
PHY_EDGE_ROW_131_Left_268,VGND,li1,6.2100,369.9200,0.000845
PHY_EDGE_ROW_130_Left_267,VGND,li1,6.2100,364.4800,0.000783
PHY_EDGE_ROW_129_Left_266,VGND,li1,6.2100,364.4800,0.000783
PHY_EDGE_ROW_128_Left_265,VGND,li1,6.2100,359.0400,0.000071
PHY_EDGE_ROW_127_Left_264,VGND,li1,6.2100,359.0400,0.000071
PHY_EDGE_ROW_126_Left_263,VGND,li1,6.2100,353.6000,0.000039
PHY_EDGE_ROW_125_Left_262,VGND,li1,6.2100,353.6000,0.000039
PHY_EDGE_ROW_124_Left_261,VGND,li1,6.2100,348.1600,0.000081
PHY_EDGE_ROW_123_Left_260,VGND,li1,6.2100,348.1600,0.000081
PHY_EDGE_ROW_122_Left_259,VGND,li1,6.2100,342.7200,0.000187
PHY_EDGE_ROW_121_Left_258,VGND,li1,6.2100,342.7200,0.000187
PHY_EDGE_ROW_120_Left_257,VGND,li1,6.2100,337.2800,0.001006
PHY_EDGE_ROW_119_Left_256,VGND,li1,6.2100,337.2800,0.001006
PHY_EDGE_ROW_118_Left_255,VGND,li1,6.2100,331.8400,0.001013
PHY_EDGE_ROW_117_Left_254,VGND,li1,6.2100,331.8400,0.001013
PHY_EDGE_ROW_116_Left_253,VGND,li1,6.2100,326.4000,0.000646
PHY_EDGE_ROW_115_Left_252,VGND,li1,6.2100,326.4000,0.000646
PHY_EDGE_ROW_114_Left_251,VGND,li1,6.2100,320.9600,0.000293
PHY_EDGE_ROW_113_Left_250,VGND,li1,6.2100,320.9600,0.000293
PHY_EDGE_ROW_112_Left_249,VGND,li1,6.2100,315.5200,0.000080
PHY_EDGE_ROW_111_Left_248,VGND,li1,6.2100,315.5200,0.000080
PHY_EDGE_ROW_110_Left_247,VGND,li1,6.2100,310.0800,0.000089
PHY_EDGE_ROW_109_Left_246,VGND,li1,6.2100,310.0800,0.000089
PHY_EDGE_ROW_108_Left_245,VGND,li1,6.2100,304.6400,0.000045
PHY_EDGE_ROW_107_Left_244,VGND,li1,6.2100,304.6400,0.000045
PHY_EDGE_ROW_106_Left_243,VGND,li1,6.2100,299.2000,0.000036
PHY_EDGE_ROW_105_Left_242,VGND,li1,6.2100,299.2000,0.000036
PHY_EDGE_ROW_104_Left_241,VGND,li1,6.2100,293.7600,0.000042
PHY_EDGE_ROW_103_Left_240,VGND,li1,6.2100,293.7600,0.000042
PHY_EDGE_ROW_102_Left_239,VGND,li1,6.2100,288.3200,0.000026
PHY_EDGE_ROW_101_Left_238,VGND,li1,6.2100,288.3200,0.000026
PHY_EDGE_ROW_100_Left_237,VGND,li1,6.2100,282.8800,0.000085
PHY_EDGE_ROW_99_Left_236,VGND,li1,6.2100,282.8800,0.000085
PHY_EDGE_ROW_98_Left_235,VGND,li1,6.2100,277.4400,0.000215
PHY_EDGE_ROW_97_Left_234,VGND,li1,6.2100,277.4400,0.000215
PHY_EDGE_ROW_96_Left_233,VGND,li1,6.2100,272.0000,0.000090
PHY_EDGE_ROW_95_Left_232,VGND,li1,6.2100,272.0000,0.000090
PHY_EDGE_ROW_94_Left_231,VGND,li1,6.2100,266.5600,0.000069
PHY_EDGE_ROW_93_Left_230,VGND,li1,6.2100,266.5600,0.000069
PHY_EDGE_ROW_92_Left_229,VGND,li1,6.2100,261.1200,0.000101
PHY_EDGE_ROW_91_Left_228,VGND,li1,6.2100,261.1200,0.000101
PHY_EDGE_ROW_90_Left_227,VGND,li1,6.2100,255.6800,0.000071
PHY_EDGE_ROW_89_Left_226,VGND,li1,6.2100,255.6800,0.000071
PHY_EDGE_ROW_88_Left_225,VGND,li1,6.2100,250.2400,0.000051
PHY_EDGE_ROW_87_Left_224,VGND,li1,6.2100,250.2400,0.000051
PHY_EDGE_ROW_86_Left_223,VGND,li1,6.2100,244.8000,0.000060
PHY_EDGE_ROW_85_Left_222,VGND,li1,6.2100,244.8000,0.000060
PHY_EDGE_ROW_84_Left_221,VGND,li1,6.2100,239.3600,0.000125
PHY_EDGE_ROW_83_Left_220,VGND,li1,6.2100,239.3600,0.000125
PHY_EDGE_ROW_82_Left_219,VGND,li1,6.2100,233.9200,0.000113
PHY_EDGE_ROW_81_Left_218,VGND,li1,6.2100,233.9200,0.000113
PHY_EDGE_ROW_80_Left_217,VGND,li1,6.2100,228.4800,0.000103
PHY_EDGE_ROW_79_Left_216,VGND,li1,6.2100,228.4800,0.000103
PHY_EDGE_ROW_78_Left_215,VGND,li1,6.2100,223.0400,0.000051
PHY_EDGE_ROW_77_Left_214,VGND,li1,6.2100,223.0400,0.000051
PHY_EDGE_ROW_76_Left_213,VGND,li1,6.2100,217.6000,0.000043
PHY_EDGE_ROW_75_Left_212,VGND,li1,6.2100,217.6000,0.000043
PHY_EDGE_ROW_74_Left_211,VGND,li1,6.2100,212.1600,0.000043
PHY_EDGE_ROW_73_Left_210,VGND,li1,6.2100,212.1600,0.000043
PHY_EDGE_ROW_72_Left_209,VGND,li1,6.2100,206.7200,0.000063
PHY_EDGE_ROW_71_Left_208,VGND,li1,6.2100,206.7200,0.000063
PHY_EDGE_ROW_70_Left_207,VGND,li1,6.2100,201.2800,0.000049
PHY_EDGE_ROW_69_Left_206,VGND,li1,6.2100,201.2800,0.000049
PHY_EDGE_ROW_68_Left_205,VGND,li1,6.2100,195.8400,0.000110
PHY_EDGE_ROW_67_Left_204,VGND,li1,6.2100,195.8400,0.000110
PHY_EDGE_ROW_66_Left_203,VGND,li1,6.2100,190.4000,0.000151
PHY_EDGE_ROW_65_Left_202,VGND,li1,6.2100,190.4000,0.000151
PHY_EDGE_ROW_64_Left_201,VGND,li1,6.2100,184.9600,0.000153
PHY_EDGE_ROW_63_Left_200,VGND,li1,6.2100,184.9600,0.000153
PHY_EDGE_ROW_62_Left_199,VGND,li1,6.2100,179.5200,0.000117
PHY_EDGE_ROW_61_Left_198,VGND,li1,6.2100,179.5200,0.000117
PHY_EDGE_ROW_60_Left_197,VGND,li1,6.2100,174.0800,0.000095
PHY_EDGE_ROW_59_Left_196,VGND,li1,6.2100,174.0800,0.000095
PHY_EDGE_ROW_58_Left_195,VGND,li1,6.2100,168.6400,0.000066
PHY_EDGE_ROW_57_Left_194,VGND,li1,6.2100,168.6400,0.000066
PHY_EDGE_ROW_56_Left_193,VGND,li1,6.2100,163.2000,0.000086
PHY_EDGE_ROW_55_Left_192,VGND,li1,6.2100,163.2000,0.000086
PHY_EDGE_ROW_54_Left_191,VGND,li1,6.2100,157.7600,0.000116
PHY_EDGE_ROW_53_Left_190,VGND,li1,6.2100,157.7600,0.000116
PHY_EDGE_ROW_52_Left_189,VGND,li1,6.2100,152.3200,0.000206
PHY_EDGE_ROW_51_Left_188,VGND,li1,6.2100,152.3200,0.000206
PHY_EDGE_ROW_50_Left_187,VGND,li1,6.2100,146.8800,0.000191
PHY_EDGE_ROW_49_Left_186,VGND,li1,6.2100,146.8800,0.000191
PHY_EDGE_ROW_48_Left_185,VGND,li1,6.2100,141.4400,0.000151
PHY_EDGE_ROW_47_Left_184,VGND,li1,6.2100,141.4400,0.000151
PHY_EDGE_ROW_46_Left_183,VGND,li1,6.2100,136.0000,0.000051
PHY_EDGE_ROW_45_Left_182,VGND,li1,6.2100,136.0000,0.000051
PHY_EDGE_ROW_44_Left_181,VGND,li1,6.2100,130.5600,0.000064
PHY_EDGE_ROW_43_Left_180,VGND,li1,6.2100,130.5600,0.000064
PHY_EDGE_ROW_42_Left_179,VGND,li1,6.2100,125.1200,0.000140
PHY_EDGE_ROW_41_Left_178,VGND,li1,6.2100,125.1200,0.000140
PHY_EDGE_ROW_40_Left_177,VGND,li1,6.2100,119.6800,0.000152
PHY_EDGE_ROW_39_Left_176,VGND,li1,6.2100,119.6800,0.000152
PHY_EDGE_ROW_38_Left_175,VGND,li1,6.2100,114.2400,0.000111
PHY_EDGE_ROW_37_Left_174,VGND,li1,6.2100,114.2400,0.000111
PHY_EDGE_ROW_36_Left_173,VGND,li1,6.2100,108.8000,0.000075
PHY_EDGE_ROW_35_Left_172,VGND,li1,6.2100,108.8000,0.000075
PHY_EDGE_ROW_34_Left_171,VGND,li1,6.2100,103.3600,0.000125
PHY_EDGE_ROW_33_Left_170,VGND,li1,6.2100,103.3600,0.000125
PHY_EDGE_ROW_32_Left_169,VGND,li1,6.2100,97.9200,0.000174
PHY_EDGE_ROW_31_Left_168,VGND,li1,6.2100,97.9200,0.000174
PHY_EDGE_ROW_30_Left_167,VGND,li1,6.2100,92.4800,0.000146
PHY_EDGE_ROW_29_Left_166,VGND,li1,6.2100,92.4800,0.000146
PHY_EDGE_ROW_28_Left_165,VGND,li1,6.2100,87.0400,0.000279
PHY_EDGE_ROW_27_Left_164,VGND,li1,6.2100,87.0400,0.000279
PHY_EDGE_ROW_26_Left_163,VGND,li1,6.2100,81.6000,0.000136
PHY_EDGE_ROW_25_Left_162,VGND,li1,6.2100,81.6000,0.000136
PHY_EDGE_ROW_24_Left_161,VGND,li1,6.2100,76.1600,0.000148
PHY_EDGE_ROW_23_Left_160,VGND,li1,6.2100,76.1600,0.000148
PHY_EDGE_ROW_22_Left_159,VGND,li1,6.2100,70.7200,0.000082
PHY_EDGE_ROW_21_Left_158,VGND,li1,6.2100,70.7200,0.000082
PHY_EDGE_ROW_20_Left_157,VGND,li1,6.2100,65.2800,0.000051
PHY_EDGE_ROW_19_Left_156,VGND,li1,6.2100,65.2800,0.000051
PHY_EDGE_ROW_18_Left_155,VGND,li1,6.2100,59.8400,0.000087
PHY_EDGE_ROW_17_Left_154,VGND,li1,6.2100,59.8400,0.000087
PHY_EDGE_ROW_16_Left_153,VGND,li1,6.2100,54.4000,0.000044
PHY_EDGE_ROW_15_Left_152,VGND,li1,6.2100,54.4000,0.000044
PHY_EDGE_ROW_14_Left_151,VGND,li1,6.2100,48.9600,0.000187
PHY_EDGE_ROW_13_Left_150,VGND,li1,6.2100,48.9600,0.000187
PHY_EDGE_ROW_12_Left_149,VGND,li1,6.2100,43.5200,0.000234
PHY_EDGE_ROW_11_Left_148,VGND,li1,6.2100,43.5200,0.000234
PHY_EDGE_ROW_10_Left_147,VGND,li1,6.2100,38.0800,0.000141
PHY_EDGE_ROW_9_Left_146,VGND,li1,6.2100,38.0800,0.000141
PHY_EDGE_ROW_8_Left_145,VGND,li1,6.2100,32.6400,0.000091
PHY_EDGE_ROW_7_Left_144,VGND,li1,6.2100,32.6400,0.000091
PHY_EDGE_ROW_6_Left_143,VGND,li1,6.2100,27.2000,0.000002
PHY_EDGE_ROW_5_Left_142,VGND,li1,6.2100,27.2000,0.000002
PHY_EDGE_ROW_4_Left_141,VGND,li1,6.2100,21.7600,0.000000
PHY_EDGE_ROW_3_Left_140,VGND,li1,6.2100,21.7600,0.000000
PHY_EDGE_ROW_2_Left_139,VGND,li1,6.2100,16.3200,0.000000
PHY_EDGE_ROW_1_Left_138,VGND,li1,6.2100,16.3200,0.000000
PHY_EDGE_ROW_0_Left_137,VGND,li1,6.2100,10.8800,0.000009
PHY_EDGE_ROW_136_Right_136,VGND,li1,379.2700,380.8000,0.000050
PHY_EDGE_ROW_135_Right_135,VGND,li1,379.2700,380.8000,0.000050
PHY_EDGE_ROW_134_Right_134,VGND,li1,379.2700,375.3600,0.000006
PHY_EDGE_ROW_133_Right_133,VGND,li1,379.2700,375.3600,0.000006
PHY_EDGE_ROW_132_Right_132,VGND,li1,379.2700,369.9200,0.000062
PHY_EDGE_ROW_131_Right_131,VGND,li1,379.2700,369.9200,0.000062
PHY_EDGE_ROW_130_Right_130,VGND,li1,379.2700,364.4800,0.000115
PHY_EDGE_ROW_129_Right_129,VGND,li1,379.2700,364.4800,0.000115
PHY_EDGE_ROW_128_Right_128,VGND,li1,379.2700,359.0400,0.000048
PHY_EDGE_ROW_127_Right_127,VGND,li1,379.2700,359.0400,0.000048
PHY_EDGE_ROW_126_Right_126,VGND,li1,379.2700,353.6000,0.000075
PHY_EDGE_ROW_125_Right_125,VGND,li1,379.2700,353.6000,0.000075
PHY_EDGE_ROW_124_Right_124,VGND,li1,379.2700,348.1600,0.000206
PHY_EDGE_ROW_123_Right_123,VGND,li1,379.2700,348.1600,0.000206
PHY_EDGE_ROW_122_Right_122,VGND,li1,379.2700,342.7200,0.000580
PHY_EDGE_ROW_121_Right_121,VGND,li1,379.2700,342.7200,0.000580
PHY_EDGE_ROW_120_Right_120,VGND,li1,379.2700,337.2800,0.003695
PHY_EDGE_ROW_119_Right_119,VGND,li1,379.2700,337.2800,0.003695
PHY_EDGE_ROW_118_Right_118,VGND,li1,379.2700,331.8400,0.002557
PHY_EDGE_ROW_117_Right_117,VGND,li1,379.2700,331.8400,0.002557
PHY_EDGE_ROW_116_Right_116,VGND,li1,379.2700,326.4000,0.001869
PHY_EDGE_ROW_115_Right_115,VGND,li1,379.2700,326.4000,0.001869
PHY_EDGE_ROW_114_Right_114,VGND,li1,379.2700,320.9600,0.001543
PHY_EDGE_ROW_113_Right_113,VGND,li1,379.2700,320.9600,0.001543
PHY_EDGE_ROW_112_Right_112,VGND,li1,379.2700,315.5200,0.000533
PHY_EDGE_ROW_111_Right_111,VGND,li1,379.2700,315.5200,0.000533
PHY_EDGE_ROW_110_Right_110,VGND,li1,379.2700,310.0800,0.000445
PHY_EDGE_ROW_109_Right_109,VGND,li1,379.2700,310.0800,0.000445
PHY_EDGE_ROW_108_Right_108,VGND,li1,379.2700,304.6400,0.000684
PHY_EDGE_ROW_107_Right_107,VGND,li1,379.2700,304.6400,0.000684
PHY_EDGE_ROW_106_Right_106,VGND,li1,379.2700,299.2000,0.000371
PHY_EDGE_ROW_105_Right_105,VGND,li1,379.2700,299.2000,0.000371
PHY_EDGE_ROW_104_Right_104,VGND,li1,379.2700,293.7600,0.000065
PHY_EDGE_ROW_103_Right_103,VGND,li1,379.2700,293.7600,0.000065
PHY_EDGE_ROW_102_Right_102,VGND,li1,379.2700,288.3200,0.000054
PHY_EDGE_ROW_101_Right_101,VGND,li1,379.2700,288.3200,0.000054
PHY_EDGE_ROW_100_Right_100,VGND,li1,379.2700,282.8800,0.000150
PHY_EDGE_ROW_99_Right_99,VGND,li1,379.2700,282.8800,0.000150
PHY_EDGE_ROW_98_Right_98,VGND,li1,379.2700,277.4400,0.000421
PHY_EDGE_ROW_97_Right_97,VGND,li1,379.2700,277.4400,0.000421
PHY_EDGE_ROW_96_Right_96,VGND,li1,379.2700,272.0000,0.000582
PHY_EDGE_ROW_95_Right_95,VGND,li1,379.2700,272.0000,0.000582
PHY_EDGE_ROW_94_Right_94,VGND,li1,379.2700,266.5600,0.000437
PHY_EDGE_ROW_93_Right_93,VGND,li1,379.2700,266.5600,0.000437
PHY_EDGE_ROW_92_Right_92,VGND,li1,379.2700,261.1200,0.000409
PHY_EDGE_ROW_91_Right_91,VGND,li1,379.2700,261.1200,0.000409
PHY_EDGE_ROW_90_Right_90,VGND,li1,379.2700,255.6800,0.000192
PHY_EDGE_ROW_89_Right_89,VGND,li1,379.2700,255.6800,0.000192
PHY_EDGE_ROW_88_Right_88,VGND,li1,379.2700,250.2400,0.000411
PHY_EDGE_ROW_87_Right_87,VGND,li1,379.2700,250.2400,0.000411
PHY_EDGE_ROW_86_Right_86,VGND,li1,379.2700,244.8000,0.000497
PHY_EDGE_ROW_85_Right_85,VGND,li1,379.2700,244.8000,0.000497
PHY_EDGE_ROW_84_Right_84,VGND,li1,379.2700,239.3600,0.000273
PHY_EDGE_ROW_83_Right_83,VGND,li1,379.2700,239.3600,0.000273
PHY_EDGE_ROW_82_Right_82,VGND,li1,379.2700,233.9200,0.000132
PHY_EDGE_ROW_81_Right_81,VGND,li1,379.2700,233.9200,0.000132
PHY_EDGE_ROW_80_Right_80,VGND,li1,379.2700,228.4800,0.000151
PHY_EDGE_ROW_79_Right_79,VGND,li1,379.2700,228.4800,0.000151
PHY_EDGE_ROW_78_Right_78,VGND,li1,379.2700,223.0400,0.000084
PHY_EDGE_ROW_77_Right_77,VGND,li1,379.2700,223.0400,0.000084
PHY_EDGE_ROW_76_Right_76,VGND,li1,379.2700,217.6000,0.000066
PHY_EDGE_ROW_75_Right_75,VGND,li1,379.2700,217.6000,0.000066
PHY_EDGE_ROW_74_Right_74,VGND,li1,379.2700,212.1600,0.000154
PHY_EDGE_ROW_73_Right_73,VGND,li1,379.2700,212.1600,0.000154
PHY_EDGE_ROW_72_Right_72,VGND,li1,379.2700,206.7200,0.000242
PHY_EDGE_ROW_71_Right_71,VGND,li1,379.2700,206.7200,0.000242
PHY_EDGE_ROW_70_Right_70,VGND,li1,379.2700,201.2800,0.000361
PHY_EDGE_ROW_69_Right_69,VGND,li1,379.2700,201.2800,0.000361
PHY_EDGE_ROW_68_Right_68,VGND,li1,379.2700,195.8400,0.000431
PHY_EDGE_ROW_67_Right_67,VGND,li1,379.2700,195.8400,0.000431
PHY_EDGE_ROW_66_Right_66,VGND,li1,379.2700,190.4000,0.000488
PHY_EDGE_ROW_65_Right_65,VGND,li1,379.2700,190.4000,0.000488
PHY_EDGE_ROW_64_Right_64,VGND,li1,379.2700,184.9600,0.000527
PHY_EDGE_ROW_63_Right_63,VGND,li1,379.2700,184.9600,0.000527
PHY_EDGE_ROW_62_Right_62,VGND,li1,379.2700,179.5200,0.000541
PHY_EDGE_ROW_61_Right_61,VGND,li1,379.2700,179.5200,0.000541
PHY_EDGE_ROW_60_Right_60,VGND,li1,379.2700,174.0800,0.000135
PHY_EDGE_ROW_59_Right_59,VGND,li1,379.2700,174.0800,0.000135
PHY_EDGE_ROW_58_Right_58,VGND,li1,379.2700,168.6400,0.000174
PHY_EDGE_ROW_57_Right_57,VGND,li1,379.2700,168.6400,0.000174
PHY_EDGE_ROW_56_Right_56,VGND,li1,379.2700,163.2000,0.001061
PHY_EDGE_ROW_55_Right_55,VGND,li1,379.2700,163.2000,0.001061
PHY_EDGE_ROW_54_Right_54,VGND,li1,379.2700,157.7600,0.001877
PHY_EDGE_ROW_53_Right_53,VGND,li1,379.2700,157.7600,0.001877
PHY_EDGE_ROW_52_Right_52,VGND,li1,379.2700,152.3200,0.002363
PHY_EDGE_ROW_51_Right_51,VGND,li1,379.2700,152.3200,0.002363
PHY_EDGE_ROW_50_Right_50,VGND,li1,379.2700,146.8800,0.003844
PHY_EDGE_ROW_49_Right_49,VGND,li1,379.2700,146.8800,0.003844
PHY_EDGE_ROW_48_Right_48,VGND,li1,379.2700,141.4400,0.000908
PHY_EDGE_ROW_47_Right_47,VGND,li1,379.2700,141.4400,0.000908
PHY_EDGE_ROW_46_Right_46,VGND,li1,379.2700,136.0000,0.000518
PHY_EDGE_ROW_45_Right_45,VGND,li1,379.2700,136.0000,0.000518
PHY_EDGE_ROW_44_Right_44,VGND,li1,379.2700,130.5600,0.000168
PHY_EDGE_ROW_43_Right_43,VGND,li1,379.2700,130.5600,0.000168
PHY_EDGE_ROW_42_Right_42,VGND,li1,379.2700,125.1200,0.000825
PHY_EDGE_ROW_41_Right_41,VGND,li1,379.2700,125.1200,0.000825
PHY_EDGE_ROW_40_Right_40,VGND,li1,379.2700,119.6800,0.000466
PHY_EDGE_ROW_39_Right_39,VGND,li1,379.2700,119.6800,0.000466
PHY_EDGE_ROW_38_Right_38,VGND,li1,379.2700,114.2400,0.000178
PHY_EDGE_ROW_37_Right_37,VGND,li1,379.2700,114.2400,0.000178
PHY_EDGE_ROW_36_Right_36,VGND,li1,379.2700,108.8000,0.000465
PHY_EDGE_ROW_35_Right_35,VGND,li1,379.2700,108.8000,0.000465
PHY_EDGE_ROW_34_Right_34,VGND,li1,379.2700,103.3600,0.005662
PHY_EDGE_ROW_33_Right_33,VGND,li1,379.2700,103.3600,0.005662
PHY_EDGE_ROW_32_Right_32,VGND,li1,379.2700,97.9200,0.001372
PHY_EDGE_ROW_31_Right_31,VGND,li1,379.2700,97.9200,0.001372
PHY_EDGE_ROW_30_Right_30,VGND,li1,379.2700,92.4800,0.000415
PHY_EDGE_ROW_29_Right_29,VGND,li1,379.2700,92.4800,0.000415
PHY_EDGE_ROW_28_Right_28,VGND,li1,379.2700,87.0400,0.000763
PHY_EDGE_ROW_27_Right_27,VGND,li1,379.2700,87.0400,0.000763
PHY_EDGE_ROW_26_Right_26,VGND,li1,379.2700,81.6000,0.000194
PHY_EDGE_ROW_25_Right_25,VGND,li1,379.2700,81.6000,0.000194
PHY_EDGE_ROW_24_Right_24,VGND,li1,379.2700,76.1600,0.000155
PHY_EDGE_ROW_23_Right_23,VGND,li1,379.2700,76.1600,0.000155
PHY_EDGE_ROW_22_Right_22,VGND,li1,379.2700,70.7200,0.000284
PHY_EDGE_ROW_21_Right_21,VGND,li1,379.2700,70.7200,0.000284
PHY_EDGE_ROW_20_Right_20,VGND,li1,379.2700,65.2800,0.000239
PHY_EDGE_ROW_19_Right_19,VGND,li1,379.2700,65.2800,0.000239
PHY_EDGE_ROW_18_Right_18,VGND,li1,379.2700,59.8400,0.002185
PHY_EDGE_ROW_17_Right_17,VGND,li1,379.2700,59.8400,0.002185
PHY_EDGE_ROW_16_Right_16,VGND,li1,379.2700,54.4000,0.001243
PHY_EDGE_ROW_15_Right_15,VGND,li1,379.2700,54.4000,0.001243
PHY_EDGE_ROW_14_Right_14,VGND,li1,379.2700,48.9600,0.000437
PHY_EDGE_ROW_13_Right_13,VGND,li1,379.2700,48.9600,0.000437
PHY_EDGE_ROW_12_Right_12,VGND,li1,379.2700,43.5200,0.000179
PHY_EDGE_ROW_11_Right_11,VGND,li1,379.2700,43.5200,0.000179
PHY_EDGE_ROW_10_Right_10,VGND,li1,379.2700,38.0800,0.000230
PHY_EDGE_ROW_9_Right_9,VGND,li1,379.2700,38.0800,0.000230
PHY_EDGE_ROW_8_Right_8,VGND,li1,379.2700,32.6400,0.000075
PHY_EDGE_ROW_7_Right_7,VGND,li1,379.2700,32.6400,0.000075
PHY_EDGE_ROW_6_Right_6,VGND,li1,379.2700,27.2000,0.000012
PHY_EDGE_ROW_5_Right_5,VGND,li1,379.2700,27.2000,0.000012
PHY_EDGE_ROW_4_Right_4,VGND,li1,379.2700,21.7600,0.000000
PHY_EDGE_ROW_3_Right_3,VGND,li1,379.2700,21.7600,0.000000
PHY_EDGE_ROW_2_Right_2,VGND,li1,379.2700,16.3200,0.000000
PHY_EDGE_ROW_1_Right_1,VGND,li1,379.2700,16.3200,0.000000
PHY_EDGE_ROW_0_Right_0,VGND,li1,379.2700,10.8800,0.000019
_13417_,VGND,li1,268.1800,342.7200,0.002397
_13416_,VGND,li1,268.1800,359.0400,0.000336
_13415_,VGND,li1,280.1400,364.4800,0.000705
_13414_,VGND,li1,373.9800,342.7200,0.000578
_13413_,VGND,li1,345.4600,348.1600,0.000175
_13412_,VGND,li1,373.9800,337.2800,0.003691
_13411_,VGND,li1,358.3400,326.4000,0.001869
_13410_,VGND,li1,358.8000,337.2800,0.003633
_13409_,VGND,li1,368.9200,299.2000,0.000362
_13408_,VGND,li1,373.9800,277.4400,0.000421
_13407_,VGND,li1,373.9800,272.0000,0.000580
_13406_,VGND,li1,373.9800,261.1200,0.000409
_13405_,VGND,li1,373.9800,255.6800,0.000192
_13404_,VGND,li1,373.9800,244.8000,0.000492
_13403_,VGND,li1,373.9800,239.3600,0.000273
_13402_,VGND,li1,373.9800,228.4800,0.000150
_13401_,VGND,li1,173.4200,43.5200,0.001253
_13400_,VGND,li1,176.1800,48.9600,0.001027
_13399_,VGND,li1,181.7000,81.6000,0.000481
_13398_,VGND,li1,184.9200,87.0400,0.001466
_13397_,VGND,li1,198.2600,141.4400,0.000890
_13396_,VGND,li1,200.1000,152.3200,0.001540
_13395_,VGND,li1,197.3400,157.7600,0.000779
_13394_,VGND,li1,192.2800,157.7600,0.000745
_13393_,VGND,li1,114.5400,195.8400,0.000425
_13392_,VGND,li1,107.1800,195.8400,0.000446
_13391_,VGND,li1,36.3400,190.4000,0.000259
_13390_,VGND,li1,23.4600,195.8400,0.000093
_13389_,VGND,li1,34.9600,190.4000,0.000259
_13388_,VGND,li1,23.9200,195.8400,0.000093
_13387_,VGND,li1,24.3800,184.9600,0.000135
_13386_,VGND,li1,24.3800,184.9600,0.000135
_13385_,VGND,li1,363.4000,48.9600,0.000437
_13384_,VGND,li1,364.3200,59.8400,0.002185
_13383_,VGND,li1,372.1400,103.3600,0.005658
_13382_,VGND,li1,373.9800,108.8000,0.000462
_13381_,VGND,li1,373.9800,152.3200,0.002361
_13380_,VGND,li1,373.9800,157.7600,0.001877
_13379_,VGND,li1,373.9800,179.5200,0.000539
_13378_,VGND,li1,373.9800,168.6400,0.000174
_13377_,VGND,li1,373.9800,190.4000,0.000488
_13376_,VGND,li1,373.5200,190.4000,0.000488
_13375_,VGND,li1,373.9800,201.2800,0.000355
_13374_,VGND,li1,361.5600,206.7200,0.000216
_13373_,VGND,li1,371.2200,212.1600,0.000149
_13372_,VGND,li1,372.1400,206.7200,0.000236
_13371_,VGND,li1,371.6800,195.8400,0.000422
_13370_,VGND,li1,373.9800,174.0800,0.000135
_13369_,VGND,li1,91.0800,369.9200,0.006207
_13368_,VGND,li1,95.6800,369.9200,0.006407
_13367_,VGND,li1,114.0800,369.9200,0.006411
_13366_,VGND,li1,122.3600,375.3600,0.000290
_13365_,VGND,li1,149.9600,375.3600,0.000241
_13364_,VGND,li1,155.4800,369.9200,0.003350
_13363_,VGND,li1,172.0400,364.4800,0.002352
_13362_,VGND,li1,176.6400,369.9200,0.001246
_13361_,VGND,li1,182.1600,364.4800,0.001347
_13360_,VGND,li1,189.0600,369.9200,0.000929
_13359_,VGND,li1,203.7800,369.9200,0.000854
_13358_,VGND,li1,196.4200,375.3600,0.000082
_13357_,VGND,li1,201.0200,359.0400,0.000282
_13356_,VGND,li1,201.9400,364.4800,0.001241
_13355_,VGND,li1,191.8200,364.4800,0.001300
_13354_,VGND,li1,184.0000,375.3600,0.000076
_13353_,VGND,li1,266.1100,337.2800,0.006787
_13352_,VGND,li1,267.4900,359.0400,0.000336
_13351_,VGND,li1,285.4300,364.4800,0.000642
_13350_,VGND,li1,376.0500,342.7200,0.000580
_13349_,VGND,li1,345.2300,342.7200,0.000431
_13348_,VGND,li1,375.5900,337.2800,0.003693
_13347_,VGND,li1,357.1900,326.4000,0.001869
_13346_,VGND,li1,364.0900,337.2800,0.003654
_13345_,VGND,li1,374.2100,299.2000,0.000368
_13344_,VGND,li1,376.0500,277.4400,0.000421
_13343_,VGND,li1,376.0500,266.5600,0.000437
_13342_,VGND,li1,376.0500,266.5600,0.000437
_13341_,VGND,li1,376.0500,250.2400,0.000409
_13340_,VGND,li1,374.2100,244.8000,0.000492
_13339_,VGND,li1,376.0500,233.9200,0.000132
_13338_,VGND,li1,376.0500,223.0400,0.000084
_13337_,VGND,li1,175.0300,43.5200,0.001039
_13336_,VGND,li1,176.4100,48.9600,0.001027
_13335_,VGND,li1,186.9900,81.6000,0.000494
_13334_,VGND,li1,190.2100,87.0400,0.001452
_13333_,VGND,li1,199.8700,141.4400,0.000890
_13332_,VGND,li1,205.3900,152.3200,0.001525
_13331_,VGND,li1,199.8700,152.3200,0.001540
_13330_,VGND,li1,192.0500,157.7600,0.000745
_13329_,VGND,li1,119.8300,195.8400,0.000399
_13328_,VGND,li1,112.4700,195.8400,0.000431
_13327_,VGND,li1,37.0300,195.8400,0.000177
_13326_,VGND,li1,28.7500,195.8400,0.000126
_13325_,VGND,li1,35.6500,195.8400,0.000163
_13324_,VGND,li1,25.5300,190.4000,0.000132
_13323_,VGND,li1,29.6700,184.9600,0.000197
_13322_,VGND,li1,26.4500,190.4000,0.000155
_13321_,VGND,li1,368.6900,48.9600,0.000437
_13320_,VGND,li1,369.6100,59.8400,0.002185
_13319_,VGND,li1,377.4300,103.3600,0.005662
_13318_,VGND,li1,375.1300,108.8000,0.000462
_13317_,VGND,li1,376.0500,152.3200,0.002363
_13316_,VGND,li1,376.0500,157.7600,0.001877
_13315_,VGND,li1,376.0500,184.9600,0.000525
_13314_,VGND,li1,375.1300,163.2000,0.001060
_13313_,VGND,li1,372.3700,184.9600,0.000516
_13312_,VGND,li1,368.2300,190.4000,0.000474
_13311_,VGND,li1,374.2100,201.2800,0.000355
_13310_,VGND,li1,363.6300,201.2800,0.000331
_13309_,VGND,li1,369.1500,206.7200,0.000231
_13308_,VGND,li1,372.8300,206.7200,0.000236
_13307_,VGND,li1,376.9700,195.8400,0.000431
_13306_,VGND,li1,375.1300,168.6400,0.000174
_13305_,VGND,li1,92.2300,375.3600,0.000210
_13304_,VGND,li1,96.8300,369.9200,0.006407
_13303_,VGND,li1,115.2300,375.3600,0.000272
_13302_,VGND,li1,127.6500,375.3600,0.000281
_13301_,VGND,li1,155.2500,375.3600,0.000209
_13300_,VGND,li1,161.2300,369.9200,0.002859
_13299_,VGND,li1,174.1100,364.4800,0.002001
_13298_,VGND,li1,176.8700,364.4800,0.001617
_13297_,VGND,li1,183.3100,364.4800,0.001347
_13296_,VGND,li1,194.3500,369.9200,0.000910
_13295_,VGND,li1,200.7900,369.9200,0.000869
_13294_,VGND,li1,201.7100,375.3600,0.000078
_13293_,VGND,li1,206.3100,359.0400,0.000287
_13292_,VGND,li1,207.2300,364.4800,0.001205
_13291_,VGND,li1,197.1100,364.4800,0.001276
_13290_,VGND,li1,355.3500,206.7200,0.000197
_13289_,VGND,li1,355.8100,54.4000,0.001237
_13288_,VGND,li1,334.1900,54.4000,0.000733
_13287_,VGND,li1,329.5900,48.9600,0.000380
_13286_,VGND,li1,324.0700,38.0800,0.000384
_13285_,VGND,li1,307.9700,38.0800,0.000594
_13284_,VGND,li1,310.5000,38.0800,0.000572
_13283_,VGND,li1,309.3500,43.5200,0.000371
_13282_,VGND,li1,320.8500,38.0800,0.000438
_13281_,VGND,li1,321.3100,43.5200,0.000246
_13280_,VGND,li1,321.3100,43.5200,0.000246
_13279_,VGND,li1,318.0900,43.5200,0.000294
_13278_,VGND,li1,276.4600,43.5200,0.000573
_13277_,VGND,li1,341.7800,48.9600,0.000346
_13276_,VGND,li1,314.8700,43.5200,0.000316
_13275_,VGND,li1,312.1100,48.9600,0.000566
_13274_,VGND,li1,310.2700,54.4000,0.000707
_13273_,VGND,li1,310.2700,54.4000,0.000707
_13272_,VGND,li1,307.0500,54.4000,0.000698
_13271_,VGND,li1,302.4500,59.8400,0.000872
_13270_,VGND,li1,303.8300,54.4000,0.000689
_13269_,VGND,li1,286.1200,54.4000,0.000632
_13268_,VGND,li1,298.5400,54.4000,0.000673
_13267_,VGND,li1,343.8500,54.4000,0.000943
_13266_,VGND,li1,297.1600,43.5200,0.000471
_13265_,VGND,li1,309.5800,43.5200,0.000371
_13264_,VGND,li1,283.5900,32.6400,0.000386
_13263_,VGND,li1,259.6700,32.6400,0.000412
_13262_,VGND,li1,236.6700,27.2000,0.000123
_13261_,VGND,li1,231.3800,32.6400,0.000338
_13260_,VGND,li1,235.5200,27.2000,0.000123
_13259_,VGND,li1,256.4500,32.6400,0.000408
_13258_,VGND,li1,222.8700,27.2000,0.000114
_13257_,VGND,li1,211.3700,27.2000,0.000091
_13256_,VGND,li1,256.9100,32.6400,0.000410
_13255_,VGND,li1,216.4300,27.2000,0.000102
_13254_,VGND,li1,201.0200,32.6400,0.000219
_13253_,VGND,li1,216.4300,32.6400,0.000282
_13252_,VGND,li1,232.9900,32.6400,0.000350
_13251_,VGND,li1,259.4400,38.0800,0.000644
_13250_,VGND,li1,255.9900,38.0800,0.000637
_13249_,VGND,li1,213.4400,32.6400,0.000272
_13248_,VGND,li1,204.2400,32.6400,0.000232
_13247_,VGND,li1,268.4100,38.0800,0.000660
_13246_,VGND,li1,277.8400,32.6400,0.000398
_13245_,VGND,li1,325.6800,48.9600,0.000446
_13244_,VGND,li1,332.5800,54.4000,0.000658
_13243_,VGND,li1,356.2700,59.8400,0.002139
_13242_,VGND,li1,355.8100,59.8400,0.002139
_13241_,VGND,li1,353.9700,103.3600,0.005375
_13240_,VGND,li1,354.4300,97.9200,0.001310
_13239_,VGND,li1,352.1300,59.8400,0.001993
_13238_,VGND,li1,359.0300,59.8400,0.002164
_13237_,VGND,li1,337.6400,87.0400,0.000730
_13236_,VGND,li1,334.1900,59.8400,0.000953
_13235_,VGND,li1,330.9700,54.4000,0.000713
_13234_,VGND,li1,329.5900,54.4000,0.000713
_13233_,VGND,li1,330.2800,65.2800,0.000219
_13232_,VGND,li1,325.4500,54.4000,0.000734
_13231_,VGND,li1,323.3800,54.4000,0.000732
_13230_,VGND,li1,326.3700,65.2800,0.000278
_13229_,VGND,li1,322.9200,65.2800,0.000311
_13228_,VGND,li1,339.4800,65.2800,0.000199
_13227_,VGND,li1,320.3900,48.9600,0.000514
_13226_,VGND,li1,323.3800,48.9600,0.000478
_13225_,VGND,li1,321.0800,59.8400,0.000916
_13224_,VGND,li1,313.0300,38.0800,0.000554
_13223_,VGND,li1,309.3500,38.0800,0.000594
_13222_,VGND,li1,312.3400,38.0800,0.000554
_13221_,VGND,li1,306.1300,43.5200,0.000400
_13220_,VGND,li1,307.0500,38.0800,0.000603
_13219_,VGND,li1,304.9800,43.5200,0.000414
_13218_,VGND,li1,307.0500,43.5200,0.000400
_13217_,VGND,li1,306.3600,48.9600,0.000585
_13216_,VGND,li1,304.0600,48.9600,0.000596
_13215_,VGND,li1,298.3100,48.9600,0.000622
_13214_,VGND,li1,301.3000,48.9600,0.000608
_13213_,VGND,li1,295.0900,48.9600,0.000635
_13212_,VGND,li1,296.4700,54.4000,0.000666
_13211_,VGND,li1,296.2400,54.4000,0.000666
_13210_,VGND,li1,297.8500,59.8400,0.000858
_13209_,VGND,li1,295.3200,59.8400,0.000844
_13208_,VGND,li1,287.9600,54.4000,0.000638
_13207_,VGND,li1,298.0800,65.2800,0.000475
_13206_,VGND,li1,338.7900,48.9600,0.000337
_13205_,VGND,li1,342.4700,48.9600,0.000354
_13204_,VGND,li1,347.5300,54.4000,0.001034
_13203_,VGND,li1,343.1600,54.4000,0.000943
_13202_,VGND,li1,345.2300,54.4000,0.000991
_13201_,VGND,li1,347.0700,54.4000,0.001034
_13200_,VGND,li1,341.0900,54.4000,0.000868
_13199_,VGND,li1,346.6100,59.8400,0.001634
_13198_,VGND,li1,288.4200,43.5200,0.000524
_13197_,VGND,li1,311.8800,65.2800,0.000392
_13196_,VGND,li1,308.2000,32.6400,0.000243
_13195_,VGND,li1,294.6300,38.0800,0.000655
_13194_,VGND,li1,292.1000,38.0800,0.000664
_13193_,VGND,li1,280.3700,32.6400,0.000393
_13192_,VGND,li1,278.0700,38.0800,0.000670
_13191_,VGND,li1,273.4700,38.0800,0.000667
_13190_,VGND,li1,275.0800,38.0800,0.000667
_13189_,VGND,li1,272.0900,38.0800,0.000664
_13188_,VGND,li1,268.8700,32.6400,0.000405
_13187_,VGND,li1,265.1900,38.0800,0.000654
_13186_,VGND,li1,266.8000,32.6400,0.000407
_13185_,VGND,li1,256.4500,38.0800,0.000637
_13184_,VGND,li1,258.9800,43.5200,0.000636
_13183_,VGND,li1,252.7700,38.0800,0.000627
_13182_,VGND,li1,253.0000,43.5200,0.000651
_13181_,VGND,li1,251.6200,38.0800,0.000627
_13180_,VGND,li1,254.1500,43.5200,0.000651
_13179_,VGND,li1,256.2200,48.9600,0.000767
_13178_,VGND,li1,255.7600,48.9600,0.000773
_13177_,VGND,li1,281.2900,54.4000,0.000615
_13176_,VGND,li1,284.7400,59.8400,0.000813
_13175_,VGND,li1,229.3100,43.5200,0.000713
_13174_,VGND,li1,275.0800,48.9600,0.000715
_13173_,VGND,li1,245.8700,32.6400,0.000392
_13172_,VGND,li1,248.6300,32.6400,0.000398
_13171_,VGND,li1,233.6800,38.0800,0.000580
_13170_,VGND,li1,239.8900,27.2000,0.000121
_13169_,VGND,li1,233.4500,27.2000,0.000123
_13168_,VGND,li1,234.8300,32.6400,0.000356
_13167_,VGND,li1,228.3900,32.6400,0.000330
_13166_,VGND,li1,227.7000,38.0800,0.000551
_13165_,VGND,li1,225.4000,38.0800,0.000542
_13164_,VGND,li1,233.4500,32.6400,0.000350
_13163_,VGND,li1,226.5500,27.2000,0.000118
_13162_,VGND,li1,229.3100,27.2000,0.000120
_13161_,VGND,li1,216.6600,32.6400,0.000282
_13160_,VGND,li1,219.6500,27.2000,0.000108
_13159_,VGND,li1,207.6900,32.6400,0.000249
_13158_,VGND,li1,203.7800,32.6400,0.000232
_13157_,VGND,li1,202.1700,38.0800,0.000424
_13156_,VGND,li1,201.2500,32.6400,0.000219
_13155_,VGND,li1,200.7900,38.0800,0.000424
_13154_,VGND,li1,198.0300,38.0800,0.000404
_13153_,VGND,li1,199.8700,38.0800,0.000414
_13152_,VGND,li1,201.2500,43.5200,0.000753
_13151_,VGND,li1,194.1200,43.5200,0.000759
_13150_,VGND,li1,359.9500,103.3600,0.005590
_13149_,VGND,li1,358.5700,97.9200,0.001368
_13148_,VGND,li1,355.3500,103.3600,0.005375
_13147_,VGND,li1,341.7800,97.9200,0.000990
_13146_,VGND,li1,345.4600,103.3600,0.004389
_13145_,VGND,li1,338.3300,87.0400,0.000758
_13144_,VGND,li1,334.1900,87.0400,0.000668
_13143_,VGND,li1,335.1100,81.6000,0.000173
_13142_,VGND,li1,333.9600,92.4800,0.000386
_13141_,VGND,li1,332.3500,70.7200,0.000268
_13140_,VGND,li1,332.5800,76.1600,0.000143
_13139_,VGND,li1,336.4900,76.1600,0.000148
_13138_,VGND,li1,333.0400,76.1600,0.000143
_13137_,VGND,li1,340.4000,76.1600,0.000150
_13136_,VGND,li1,329.1300,70.7200,0.000319
_13135_,VGND,li1,331.8900,65.2800,0.000219
_13134_,VGND,li1,333.2700,65.2800,0.000187
_13133_,VGND,li1,324.3000,70.7200,0.000361
_13132_,VGND,li1,324.0700,59.8400,0.000904
_13131_,VGND,li1,319.4700,65.2800,0.000340
_13130_,VGND,li1,321.5400,65.2800,0.000311
_13129_,VGND,li1,316.2500,65.2800,0.000358
_13128_,VGND,li1,317.6300,70.7200,0.000384
_13127_,VGND,li1,318.5500,65.2800,0.000340
_13126_,VGND,li1,309.5800,65.2800,0.000404
_13125_,VGND,li1,313.4900,65.2800,0.000378
_13124_,VGND,li1,310.2700,70.7200,0.000381
_13123_,VGND,li1,312.3400,70.7200,0.000382
_13122_,VGND,li1,305.6700,70.7200,0.000377
_13121_,VGND,li1,304.9800,65.2800,0.000433
_13120_,VGND,li1,301.0700,65.2800,0.000460
_13119_,VGND,li1,303.6000,59.8400,0.000872
_13118_,VGND,li1,300.6100,65.2800,0.000460
_13117_,VGND,li1,303.8300,65.2800,0.000446
_13116_,VGND,li1,299.6900,59.8400,0.000864
_13115_,VGND,li1,295.5500,65.2800,0.000490
_13114_,VGND,li1,288.4200,65.2800,0.000534
_13113_,VGND,li1,286.1200,65.2800,0.000553
_13112_,VGND,li1,305.4400,76.1600,0.000335
_13111_,VGND,li1,336.9500,65.2800,0.000195
_13110_,VGND,li1,341.5500,65.2800,0.000202
_13109_,VGND,li1,345.4600,65.2800,0.000206
_13108_,VGND,li1,342.7000,65.2800,0.000202
_13107_,VGND,li1,345.0000,70.7200,0.000277
_13106_,VGND,li1,342.4700,59.8400,0.001434
_13105_,VGND,li1,343.8500,59.8400,0.001434
_13104_,VGND,li1,342.4700,59.8400,0.001434
_13103_,VGND,li1,345.9200,59.8400,0.001634
_13102_,VGND,li1,337.6400,59.8400,0.001073
_13101_,VGND,li1,355.8100,65.2800,0.000219
_13100_,VGND,li1,280.3700,65.2800,0.000575
_13099_,VGND,li1,318.7800,76.1600,0.000271
_13098_,VGND,li1,316.7100,59.8400,0.000918
_13097_,VGND,li1,316.2500,54.4000,0.000721
_13096_,VGND,li1,278.7600,65.2800,0.000587
_13095_,VGND,li1,294.1700,43.5200,0.000494
_13094_,VGND,li1,292.3300,38.0800,0.000664
_13093_,VGND,li1,290.9500,43.5200,0.000512
_13092_,VGND,li1,282.6700,43.5200,0.000550
_13091_,VGND,li1,285.6600,43.5200,0.000537
_13090_,VGND,li1,278.0700,48.9600,0.000701
_13089_,VGND,li1,272.0900,48.9600,0.000721
_13088_,VGND,li1,272.5500,43.5200,0.000590
_13087_,VGND,li1,266.3400,54.4000,0.000559
_13086_,VGND,li1,269.7900,48.9600,0.000729
_13085_,VGND,li1,267.9500,48.9600,0.000738
_13084_,VGND,li1,267.0300,43.5200,0.000606
_13083_,VGND,li1,268.4100,43.5200,0.000606
_13082_,VGND,li1,265.6500,38.0800,0.000654
_13081_,VGND,li1,265.1900,43.5200,0.000614
_13080_,VGND,li1,261.7400,43.5200,0.000623
_13079_,VGND,li1,260.3600,48.9600,0.000755
_13078_,VGND,li1,251.1600,43.5200,0.000656
_13077_,VGND,li1,265.4200,54.4000,0.000550
_13076_,VGND,li1,283.5900,48.9600,0.000685
_13075_,VGND,li1,288.6500,54.4000,0.000638
_13074_,VGND,li1,283.8200,54.4000,0.000624
_13073_,VGND,li1,290.4900,59.8400,0.000829
_13072_,VGND,li1,291.4100,59.8400,0.000837
_13071_,VGND,li1,290.2600,65.2800,0.000521
_13070_,VGND,li1,241.7300,48.9600,0.000806
_13069_,VGND,li1,277.3800,59.8400,0.000781
_13068_,VGND,li1,287.2700,38.0800,0.000670
_13067_,VGND,li1,290.2600,38.0800,0.000668
_13066_,VGND,li1,243.3400,48.9600,0.000806
_13065_,VGND,li1,236.6700,38.0800,0.000589
_13064_,VGND,li1,231.6100,43.5200,0.000709
_13063_,VGND,li1,234.6000,43.5200,0.000703
_13062_,VGND,li1,229.7700,43.5200,0.000713
_13061_,VGND,li1,226.0900,43.5200,0.000722
_13060_,VGND,li1,228.1600,43.5200,0.000717
_13059_,VGND,li1,236.2100,32.6400,0.000356
_13058_,VGND,li1,234.3700,38.0800,0.000580
_13057_,VGND,li1,236.2100,38.0800,0.000589
_13056_,VGND,li1,243.5700,38.0800,0.000605
_13055_,VGND,li1,243.8000,38.0800,0.000605
_13054_,VGND,li1,233.6800,43.5200,0.000703
_13053_,VGND,li1,226.5500,38.0800,0.000551
_13052_,VGND,li1,225.4000,43.5200,0.000722
_13051_,VGND,li1,223.1000,43.5200,0.000726
_13050_,VGND,li1,216.8900,38.0800,0.000506
_13049_,VGND,li1,209.5300,38.0800,0.000470
_13048_,VGND,li1,212.7500,38.0800,0.000479
_13047_,VGND,li1,203.0900,38.0800,0.000436
_13046_,VGND,li1,204.4700,38.0800,0.000436
_13045_,VGND,li1,195.2700,38.0800,0.000390
_13044_,VGND,li1,192.5100,43.5200,0.000761
_13043_,VGND,li1,188.8300,48.9600,0.000839
_13042_,VGND,li1,190.4400,48.9600,0.000839
_13041_,VGND,li1,205.8500,38.0800,0.000451
_13040_,VGND,li1,207.6900,38.0800,0.000461
_13039_,VGND,li1,196.4200,48.9600,0.000840
_13038_,VGND,li1,219.6500,38.0800,0.000519
_13037_,VGND,li1,215.5100,43.5200,0.000736
_13036_,VGND,li1,217.3500,43.5200,0.000733
_13035_,VGND,li1,358.5700,103.3600,0.005590
_13034_,VGND,li1,356.9600,146.8800,0.003785
_13033_,VGND,li1,353.0500,146.8800,0.003569
_13032_,VGND,li1,355.3500,146.8800,0.003785
_13031_,VGND,li1,348.9100,103.3600,0.004662
_13030_,VGND,li1,347.9900,103.3600,0.004662
_13029_,VGND,li1,349.8300,103.3600,0.004940
_13028_,VGND,li1,339.9400,119.6800,0.000439
_13027_,VGND,li1,342.4700,103.3600,0.003922
_13026_,VGND,li1,340.1700,97.9200,0.000894
_13025_,VGND,li1,336.0300,103.3600,0.002818
_13024_,VGND,li1,338.7900,103.3600,0.003299
_13023_,VGND,li1,332.5800,103.3600,0.001957
_13022_,VGND,li1,334.1900,92.4800,0.000386
_13021_,VGND,li1,329.5900,92.4800,0.000382
_13020_,VGND,li1,330.2800,92.4800,0.000382
_13019_,VGND,li1,322.0000,97.9200,0.000734
_13018_,VGND,li1,325.9100,76.1600,0.000220
_13017_,VGND,li1,327.2900,81.6000,0.000223
_13016_,VGND,li1,329.3600,76.1600,0.000199
_13015_,VGND,li1,324.0700,81.6000,0.000255
_13014_,VGND,li1,330.2800,81.6000,0.000188
_13013_,VGND,li1,319.9300,81.6000,0.000292
_13012_,VGND,li1,316.7100,81.6000,0.000318
_13011_,VGND,li1,313.4900,81.6000,0.000353
_13010_,VGND,li1,312.8000,87.0400,0.000697
_13009_,VGND,li1,310.2700,81.6000,0.000367
_13008_,VGND,li1,309.8100,76.1600,0.000319
_13007_,VGND,li1,306.5900,76.1600,0.000335
_13006_,VGND,li1,307.0500,76.1600,0.000335
_13005_,VGND,li1,302.9100,76.1600,0.000347
_13004_,VGND,li1,300.6100,76.1600,0.000359
_13003_,VGND,li1,300.6100,76.1600,0.000359
_13002_,VGND,li1,303.1400,76.1600,0.000347
_13001_,VGND,li1,292.3300,76.1600,0.000400
_13000_,VGND,li1,305.4400,87.0400,0.000772
_12999_,VGND,li1,338.7900,81.6000,0.000177
_12998_,VGND,li1,342.4700,76.1600,0.000151
_12997_,VGND,li1,349.1400,76.1600,0.000153
_12996_,VGND,li1,346.8400,76.1600,0.000152
_12995_,VGND,li1,348.9100,70.7200,0.000280
_12994_,VGND,li1,351.2100,70.7200,0.000281
_12993_,VGND,li1,359.4900,70.7200,0.000283
_12992_,VGND,li1,355.8100,70.7200,0.000282
_12991_,VGND,li1,356.7300,70.7200,0.000282
_12990_,VGND,li1,361.7900,70.7200,0.000283
_12989_,VGND,li1,342.4700,70.7200,0.000275
_12988_,VGND,li1,345.4600,70.7200,0.000278
_12987_,VGND,li1,336.4900,70.7200,0.000272
_12986_,VGND,li1,270.9400,81.6000,0.000618
_12985_,VGND,li1,322.4600,87.0400,0.000606
_12984_,VGND,li1,319.0100,70.7200,0.000384
_12983_,VGND,li1,321.7700,70.7200,0.000376
_12982_,VGND,li1,273.2400,76.1600,0.000479
_12981_,VGND,li1,278.0700,65.2800,0.000587
_12980_,VGND,li1,275.7700,70.7200,0.000347
_12979_,VGND,li1,273.7000,65.2800,0.000588
_12978_,VGND,li1,273.7000,65.2800,0.000588
_12977_,VGND,li1,270.7100,65.2800,0.000588
_12976_,VGND,li1,276.4600,65.2800,0.000588
_12975_,VGND,li1,274.3900,59.8400,0.000774
_12974_,VGND,li1,271.1700,59.8400,0.000759
_12973_,VGND,li1,271.6300,54.4000,0.000579
_12972_,VGND,li1,261.7400,70.7200,0.000331
_12971_,VGND,li1,266.5700,59.8400,0.000736
_12970_,VGND,li1,266.3400,59.8400,0.000736
_12969_,VGND,li1,263.8100,54.4000,0.000550
_12968_,VGND,li1,260.1300,54.4000,0.000535
_12967_,VGND,li1,260.8200,54.4000,0.000535
_12966_,VGND,li1,258.5200,48.9600,0.000761
_12965_,VGND,li1,252.5400,54.4000,0.000504
_12964_,VGND,li1,265.4200,65.2800,0.000586
_12963_,VGND,li1,282.2100,59.8400,0.000804
_12962_,VGND,li1,284.5100,65.2800,0.000553
_12961_,VGND,li1,283.5900,70.7200,0.000355
_12960_,VGND,li1,287.9600,65.2800,0.000534
_12959_,VGND,li1,292.5600,65.2800,0.000507
_12958_,VGND,li1,290.7200,70.7200,0.000363
_12957_,VGND,li1,282.9000,81.6000,0.000572
_12956_,VGND,li1,239.6600,65.2800,0.000526
_12955_,VGND,li1,268.6400,70.7200,0.000341
_12954_,VGND,li1,250.9300,65.2800,0.000577
_12953_,VGND,li1,252.0800,59.8400,0.000666
_12952_,VGND,li1,243.8000,65.2800,0.000552
_12951_,VGND,li1,245.4100,54.4000,0.000474
_12950_,VGND,li1,240.3500,54.4000,0.000452
_12949_,VGND,li1,239.8900,48.9600,0.000809
_12948_,VGND,li1,237.1300,48.9600,0.000813
_12947_,VGND,li1,239.8900,48.9600,0.000809
_12946_,VGND,li1,235.2900,48.9600,0.000817
_12945_,VGND,li1,242.4200,43.5200,0.000681
_12944_,VGND,li1,246.3300,38.0800,0.000612
_12943_,VGND,li1,244.7200,43.5200,0.000675
_12942_,VGND,li1,248.6300,38.0800,0.000617
_12941_,VGND,li1,247.0200,38.0800,0.000617
_12940_,VGND,li1,205.1600,59.8400,0.000364
_12939_,VGND,li1,236.9000,54.4000,0.000436
_12938_,VGND,li1,226.0900,54.4000,0.000384
_12937_,VGND,li1,226.5500,48.9600,0.000827
_12936_,VGND,li1,224.0200,59.8400,0.000501
_12935_,VGND,li1,228.3900,54.4000,0.000395
_12934_,VGND,li1,223.3300,48.9600,0.000831
_12933_,VGND,li1,221.4900,48.9600,0.000834
_12932_,VGND,li1,216.4300,48.9600,0.000836
_12931_,VGND,li1,218.7300,48.9600,0.000835
_12930_,VGND,li1,209.0700,48.9600,0.000839
_12929_,VGND,li1,209.9900,48.9600,0.000839
_12928_,VGND,li1,200.7900,48.9600,0.000840
_12927_,VGND,li1,196.6500,48.9600,0.000840
_12926_,VGND,li1,193.2000,48.9600,0.000840
_12925_,VGND,li1,194.1200,48.9600,0.000840
_12924_,VGND,li1,204.2400,48.9600,0.000840
_12923_,VGND,li1,193.2000,59.8400,0.000266
_12922_,VGND,li1,218.2700,48.9600,0.000835
_12921_,VGND,li1,219.4200,43.5200,0.000730
_12920_,VGND,li1,217.1200,59.8400,0.000453
_12919_,VGND,li1,214.5900,43.5200,0.000739
_12918_,VGND,li1,208.6100,43.5200,0.000746
_12917_,VGND,li1,207.0000,43.5200,0.000746
_12916_,VGND,li1,337.4100,92.4800,0.000392
_12915_,VGND,li1,336.4900,92.4800,0.000392
_12914_,VGND,li1,345.9200,87.0400,0.000760
_12913_,VGND,li1,327.9800,97.9200,0.000645
_12912_,VGND,li1,358.5700,152.3200,0.002289
_12911_,VGND,li1,361.5600,146.8800,0.003831
_12910_,VGND,li1,349.8300,146.8800,0.003416
_12909_,VGND,li1,350.7500,141.4400,0.000884
_12908_,VGND,li1,349.6000,141.4400,0.000884
_12907_,VGND,li1,342.4700,125.1200,0.000800
_12906_,VGND,li1,336.9500,119.6800,0.000420
_12905_,VGND,li1,339.2500,119.6800,0.000439
_12904_,VGND,li1,338.5600,125.1200,0.000725
_12903_,VGND,li1,332.8100,108.8000,0.000240
_12902_,VGND,li1,329.5900,103.3600,0.001965
_12901_,VGND,li1,329.5900,103.3600,0.001964
_12900_,VGND,li1,326.6000,114.2400,0.000248
_12899_,VGND,li1,324.0700,103.3600,0.001950
_12898_,VGND,li1,316.7100,97.9200,0.000792
_12897_,VGND,li1,313.4900,97.9200,0.000817
_12896_,VGND,li1,273.7000,92.4800,0.000631
_12895_,VGND,li1,278.5300,81.6000,0.000600
_12894_,VGND,li1,275.3100,81.6000,0.000606
_12893_,VGND,li1,277.1500,81.6000,0.000600
_12892_,VGND,li1,272.0900,81.6000,0.000618
_12891_,VGND,li1,268.8700,81.6000,0.000620
_12890_,VGND,li1,269.3300,87.0400,0.001045
_12889_,VGND,li1,268.4100,76.1600,0.000481
_12888_,VGND,li1,265.1900,76.1600,0.000477
_12887_,VGND,li1,265.1900,70.7200,0.000337
_12886_,VGND,li1,260.3600,87.0400,0.001117
_12885_,VGND,li1,261.0500,70.7200,0.000331
_12884_,VGND,li1,257.8300,70.7200,0.000326
_12883_,VGND,li1,259.4400,70.7200,0.000326
_12882_,VGND,li1,258.2900,65.2800,0.000582
_12881_,VGND,li1,255.9900,65.2800,0.000581
_12880_,VGND,li1,254.3800,65.2800,0.000579
_12879_,VGND,li1,251.3900,70.7200,0.000313
_12878_,VGND,li1,258.9800,76.1600,0.000471
_12877_,VGND,li1,285.4300,76.1600,0.000434
_12876_,VGND,li1,290.4900,76.1600,0.000413
_12875_,VGND,li1,284.0500,76.1600,0.000434
_12874_,VGND,li1,286.3500,76.1600,0.000424
_12873_,VGND,li1,280.8300,76.1600,0.000447
_12872_,VGND,li1,281.2900,81.6000,0.000572
_12871_,VGND,li1,287.7300,87.0400,0.000910
_12870_,VGND,li1,297.8500,76.1600,0.000379
_12869_,VGND,li1,296.2400,76.1600,0.000379
_12868_,VGND,li1,295.3200,81.6000,0.000475
_12867_,VGND,li1,291.8700,76.1600,0.000400
_12866_,VGND,li1,292.5600,81.6000,0.000494
_12865_,VGND,li1,294.6300,76.1600,0.000390
_12864_,VGND,li1,241.0400,81.6000,0.000632
_12863_,VGND,li1,269.5600,87.0400,0.001045
_12862_,VGND,li1,269.7900,76.1600,0.000482
_12861_,VGND,li1,242.8800,81.6000,0.000633
_12860_,VGND,li1,246.3300,65.2800,0.000565
_12859_,VGND,li1,243.1100,65.2800,0.000552
_12858_,VGND,li1,239.4300,65.2800,0.000526
_12857_,VGND,li1,236.2100,65.2800,0.000514
_12856_,VGND,li1,239.4300,59.8400,0.000591
_12855_,VGND,li1,247.7100,54.4000,0.000484
_12854_,VGND,li1,245.4100,54.4000,0.000474
_12853_,VGND,li1,249.3200,59.8400,0.000651
_12852_,VGND,li1,248.1700,43.5200,0.000669
_12851_,VGND,li1,250.2400,54.4000,0.000492
_12850_,VGND,li1,230.9200,59.8400,0.000545
_12849_,VGND,li1,233.9100,59.8400,0.000558
_12848_,VGND,li1,201.0200,70.7200,0.000190
_12847_,VGND,li1,238.2800,70.7200,0.000290
_12846_,VGND,li1,229.7700,65.2800,0.000473
_12845_,VGND,li1,230.2300,65.2800,0.000473
_12844_,VGND,li1,225.4000,70.7200,0.000263
_12843_,VGND,li1,226.5500,59.8400,0.000518
_12842_,VGND,li1,202.6300,59.8400,0.000345
_12841_,VGND,li1,200.7900,59.8400,0.000331
_12840_,VGND,li1,201.7100,65.2800,0.000283
_12839_,VGND,li1,197.1100,59.8400,0.000301
_12838_,VGND,li1,194.3500,54.4000,0.000197
_12837_,VGND,li1,189.2900,59.8400,0.000230
_12836_,VGND,li1,189.9800,59.8400,0.000230
_12835_,VGND,li1,191.1300,54.4000,0.000171
_12834_,VGND,li1,204.2400,59.8400,0.000345
_12833_,VGND,li1,193.2000,65.2800,0.000218
_12832_,VGND,li1,221.0300,59.8400,0.000469
_12831_,VGND,li1,221.9500,54.4000,0.000360
_12830_,VGND,li1,219.4200,59.8400,0.000469
_12829_,VGND,li1,216.4300,59.8400,0.000438
_12828_,VGND,li1,210.4500,54.4000,0.000286
_12827_,VGND,li1,206.3100,48.9600,0.000840
_12826_,VGND,li1,212.7500,54.4000,0.000308
_12825_,VGND,li1,208.1500,48.9600,0.000839
_12824_,VGND,li1,206.0800,48.9600,0.000840
_12823_,VGND,li1,321.7700,97.9200,0.000734
_12822_,VGND,li1,324.7600,97.9200,0.000683
_12821_,VGND,li1,325.4500,97.9200,0.000683
_12820_,VGND,li1,322.6900,92.4800,0.000418
_12819_,VGND,li1,324.9900,92.4800,0.000406
_12818_,VGND,li1,319.9300,87.0400,0.000631
_12817_,VGND,li1,319.9300,87.0400,0.000631
_12816_,VGND,li1,319.0100,92.4800,0.000438
_12815_,VGND,li1,313.7200,103.3600,0.001870
_12814_,VGND,li1,316.2500,87.0400,0.000678
_12813_,VGND,li1,309.3500,87.0400,0.000736
_12812_,VGND,li1,310.2700,87.0400,0.000720
_12811_,VGND,li1,306.1300,87.0400,0.000756
_12810_,VGND,li1,307.0500,87.0400,0.000756
_12809_,VGND,li1,302.9100,87.0400,0.000791
_12808_,VGND,li1,303.1400,87.0400,0.000791
_12807_,VGND,li1,292.5600,87.0400,0.000872
_12806_,VGND,li1,307.7400,97.9200,0.000856
_12805_,VGND,li1,344.7700,92.4800,0.000403
_12804_,VGND,li1,347.9900,92.4800,0.000407
_12803_,VGND,li1,350.9800,92.4800,0.000408
_12802_,VGND,li1,353.2800,92.4800,0.000410
_12801_,VGND,li1,348.9100,81.6000,0.000186
_12800_,VGND,li1,347.3000,81.6000,0.000183
_12799_,VGND,li1,353.0500,81.6000,0.000188
_12798_,VGND,li1,350.0600,81.6000,0.000186
_12797_,VGND,li1,343.8500,76.1600,0.000151
_12796_,VGND,li1,343.6200,81.6000,0.000182
_12795_,VGND,li1,354.8900,81.6000,0.000189
_12794_,VGND,li1,358.8000,76.1600,0.000154
_12793_,VGND,li1,356.7300,76.1600,0.000154
_12792_,VGND,li1,359.2600,81.6000,0.000191
_12791_,VGND,li1,361.7900,70.7200,0.000283
_12790_,VGND,li1,356.9600,76.1600,0.000154
_12789_,VGND,li1,358.5700,65.2800,0.000222
_12788_,VGND,li1,358.8000,76.1600,0.000154
_12787_,VGND,li1,275.5400,97.9200,0.001054
_12786_,VGND,li1,319.2400,108.8000,0.000257
_12785_,VGND,li1,335.1100,108.8000,0.000255
_12784_,VGND,li1,330.9700,108.8000,0.000209
_12783_,VGND,li1,333.0400,108.8000,0.000240
_12782_,VGND,li1,341.7800,108.8000,0.000295
_12781_,VGND,li1,359.4900,152.3200,0.002289
_12780_,VGND,li1,355.3500,152.3200,0.002131
_12779_,VGND,li1,357.6500,157.7600,0.001832
_12778_,VGND,li1,353.5100,157.7600,0.001763
_12777_,VGND,li1,351.6700,146.8800,0.003569
_12776_,VGND,li1,344.7700,146.8800,0.002905
_12775_,VGND,li1,347.0700,141.4400,0.000861
_12774_,VGND,li1,340.6300,136.0000,0.000475
_12773_,VGND,li1,342.9300,136.0000,0.000485
_12772_,VGND,li1,338.7900,136.0000,0.000434
_12771_,VGND,li1,336.9500,125.1200,0.000678
_12770_,VGND,li1,332.8100,125.1200,0.000523
_12769_,VGND,li1,333.9600,125.1200,0.000600
_12768_,VGND,li1,330.5100,130.5600,0.000148
_12767_,VGND,li1,329.5900,114.2400,0.000215
_12766_,VGND,li1,324.9900,119.6800,0.000352
_12765_,VGND,li1,279.9100,114.2400,0.000528
_12764_,VGND,li1,281.9800,114.2400,0.000521
_12763_,VGND,li1,278.0700,97.9200,0.001046
_12762_,VGND,li1,247.7100,97.9200,0.001102
_12761_,VGND,li1,250.4700,97.9200,0.001101
_12760_,VGND,li1,241.5000,97.9200,0.001095
_12759_,VGND,li1,241.7300,87.0400,0.001227
_12758_,VGND,li1,238.5100,81.6000,0.000630
_12757_,VGND,li1,235.2900,81.6000,0.000628
_12756_,VGND,li1,238.9700,81.6000,0.000630
_12755_,VGND,li1,239.4300,76.1600,0.000444
_12754_,VGND,li1,239.8900,70.7200,0.000295
_12753_,VGND,li1,234.3700,76.1600,0.000436
_12752_,VGND,li1,233.4500,70.7200,0.000282
_12751_,VGND,li1,232.9900,70.7200,0.000282
_12750_,VGND,li1,228.8500,70.7200,0.000270
_12749_,VGND,li1,232.9900,54.4000,0.000409
_12748_,VGND,li1,230.6900,70.7200,0.000277
_12747_,VGND,li1,231.3800,76.1600,0.000430
_12746_,VGND,li1,246.3300,76.1600,0.000455
_12745_,VGND,li1,249.7800,76.1600,0.000458
_12744_,VGND,li1,245.6400,76.1600,0.000452
_12743_,VGND,li1,253.4600,76.1600,0.000464
_12742_,VGND,li1,248.1700,70.7200,0.000309
_12741_,VGND,li1,204.2400,87.0400,0.001396
_12740_,VGND,li1,235.5200,87.0400,0.001265
_12739_,VGND,li1,227.4700,81.6000,0.000619
_12738_,VGND,li1,230.4600,81.6000,0.000623
_12737_,VGND,li1,226.7800,87.0400,0.001300
_12736_,VGND,li1,222.8700,70.7200,0.000257
_12735_,VGND,li1,204.0100,70.7200,0.000199
_12734_,VGND,li1,200.7900,70.7200,0.000190
_12733_,VGND,li1,203.5500,70.7200,0.000199
_12732_,VGND,li1,195.2700,70.7200,0.000169
_12731_,VGND,li1,196.6500,65.2800,0.000246
_12730_,VGND,li1,188.8300,70.7200,0.000139
_12729_,VGND,li1,193.6600,76.1600,0.000335
_12728_,VGND,li1,198.0300,70.7200,0.000176
_12727_,VGND,li1,205.8500,76.1600,0.000373
_12726_,VGND,li1,193.6600,76.1600,0.000335
_12725_,VGND,li1,219.6500,70.7200,0.000250
_12724_,VGND,li1,220.5700,65.2800,0.000415
_12723_,VGND,li1,218.9600,76.1600,0.000402
_12722_,VGND,li1,215.0500,65.2800,0.000377
_12721_,VGND,li1,209.0700,65.2800,0.000335
_12720_,VGND,li1,212.7500,65.2800,0.000350
_12719_,VGND,li1,207.0000,59.8400,0.000378
_12718_,VGND,li1,204.0100,48.9600,0.000840
_12717_,VGND,li1,209.3000,59.8400,0.000392
_12716_,VGND,li1,215.5100,76.1600,0.000397
_12715_,VGND,li1,219.1900,70.7200,0.000250
_12714_,VGND,li1,277.6100,97.9200,0.001046
_12713_,VGND,li1,272.5500,97.9200,0.001064
_12712_,VGND,li1,269.3300,97.9200,0.001071
_12711_,VGND,li1,270.4800,92.4800,0.000637
_12710_,VGND,li1,268.8700,92.4800,0.000642
_12709_,VGND,li1,264.7300,87.0400,0.001078
_12708_,VGND,li1,267.4900,87.0400,0.001058
_12707_,VGND,li1,263.5800,97.9200,0.001081
_12706_,VGND,li1,260.1300,87.0400,0.001117
_12705_,VGND,li1,256.9100,87.0400,0.001131
_12704_,VGND,li1,258.5200,81.6000,0.000626
_12703_,VGND,li1,257.3700,81.6000,0.000627
_12702_,VGND,li1,254.1500,81.6000,0.000629
_12701_,VGND,li1,251.1600,81.6000,0.000630
_12700_,VGND,li1,252.3100,87.0400,0.001161
_12699_,VGND,li1,258.9800,92.4800,0.000654
_12698_,VGND,li1,289.5700,87.0400,0.000896
_12697_,VGND,li1,284.9700,87.0400,0.000939
_12696_,VGND,li1,285.4300,87.0400,0.000925
_12695_,VGND,li1,284.9700,97.9200,0.001001
_12694_,VGND,li1,287.2700,87.0400,0.000910
_12693_,VGND,li1,279.6800,87.0400,0.000978
_12692_,VGND,li1,281.9800,87.0400,0.000956
_12691_,VGND,li1,282.2100,87.0400,0.000956
_12690_,VGND,li1,280.3700,81.6000,0.000584
_12689_,VGND,li1,282.6700,92.4800,0.000591
_12688_,VGND,li1,296.9300,87.0400,0.000833
_12687_,VGND,li1,295.7800,92.4800,0.000535
_12686_,VGND,li1,298.7700,92.4800,0.000522
_12685_,VGND,li1,300.1500,87.0400,0.000807
_12684_,VGND,li1,298.3100,87.0400,0.000833
_12683_,VGND,li1,239.2000,92.4800,0.000678
_12682_,VGND,li1,270.9400,103.3600,0.001497
_12681_,VGND,li1,324.0700,114.2400,0.000272
_12680_,VGND,li1,325.4500,114.2400,0.000272
_12679_,VGND,li1,323.1500,114.2400,0.000289
_12678_,VGND,li1,320.3900,114.2400,0.000303
_12677_,VGND,li1,318.3200,114.2400,0.000319
_12676_,VGND,li1,318.5500,108.8000,0.000257
_12675_,VGND,li1,315.3300,108.8000,0.000265
_12674_,VGND,li1,316.2500,108.8000,0.000265
_12673_,VGND,li1,311.4200,114.2400,0.000361
_12672_,VGND,li1,311.6500,108.8000,0.000274
_12671_,VGND,li1,308.8900,103.3600,0.001831
_12670_,VGND,li1,311.6500,103.3600,0.001853
_12669_,VGND,li1,307.0500,97.9200,0.000870
_12668_,VGND,li1,305.6700,97.9200,0.000870
_12667_,VGND,li1,303.8300,97.9200,0.000886
_12666_,VGND,li1,292.5600,97.9200,0.000963
_12665_,VGND,li1,304.2900,103.3600,0.001794
_12664_,VGND,li1,301.9900,103.3600,0.001774
_12663_,VGND,li1,291.6400,108.8000,0.000301
_12662_,VGND,li1,306.3600,108.8000,0.000282
_12661_,VGND,li1,339.2500,108.8000,0.000271
_12660_,VGND,li1,347.0700,108.8000,0.000321
_12659_,VGND,li1,350.7500,108.8000,0.000344
_12658_,VGND,li1,352.8200,108.8000,0.000356
_12657_,VGND,li1,349.8300,92.4800,0.000408
_12656_,VGND,li1,347.9900,97.9200,0.001147
_12655_,VGND,li1,350.0600,97.9200,0.001200
_12654_,VGND,li1,342.4700,97.9200,0.000989
_12653_,VGND,li1,357.1900,92.4800,0.000413
_12652_,VGND,li1,357.6500,87.0400,0.000762
_12651_,VGND,li1,364.0900,92.4800,0.000414
_12650_,VGND,li1,359.0300,87.0400,0.000762
_12649_,VGND,li1,361.3300,87.0400,0.000762
_12648_,VGND,li1,359.9500,81.6000,0.000191
_12647_,VGND,li1,355.8100,81.6000,0.000189
_12646_,VGND,li1,359.4900,70.7200,0.000283
_12645_,VGND,li1,362.4800,81.6000,0.000192
_12644_,VGND,li1,322.0000,119.6800,0.000376
_12643_,VGND,li1,336.4900,119.6800,0.000385
_12642_,VGND,li1,336.4900,125.1200,0.000678
_12641_,VGND,li1,331.6600,125.1200,0.000523
_12640_,VGND,li1,348.2200,119.6800,0.000451
_12639_,VGND,li1,347.3000,136.0000,0.000497
_12638_,VGND,li1,361.7900,163.2000,0.001056
_12637_,VGND,li1,358.5700,163.2000,0.000999
_12636_,VGND,li1,348.9100,157.7600,0.001624
_12635_,VGND,li1,342.7000,157.7600,0.001381
_12634_,VGND,li1,346.1500,157.7600,0.001537
_12633_,VGND,li1,340.8600,146.8800,0.002361
_12632_,VGND,li1,338.5600,146.8800,0.002047
_12631_,VGND,li1,338.7900,141.4400,0.000655
_12630_,VGND,li1,343.1600,146.8800,0.002712
_12629_,VGND,li1,337.1800,136.0000,0.000434
_12628_,VGND,li1,334.8800,136.0000,0.000367
_12627_,VGND,li1,330.0500,130.5600,0.000148
_12626_,VGND,li1,331.2000,136.0000,0.000313
_12625_,VGND,li1,327.9800,130.5600,0.000163
_12624_,VGND,li1,327.9800,125.1200,0.000572
_12623_,VGND,li1,278.0700,125.1200,0.000925
_12622_,VGND,li1,278.7600,125.1200,0.000925
_12621_,VGND,li1,276.4600,119.6800,0.000632
_12620_,VGND,li1,278.7600,119.6800,0.000622
_12619_,VGND,li1,241.2700,119.6800,0.000695
_12618_,VGND,li1,244.2600,114.2400,0.000517
_12617_,VGND,li1,240.5800,103.3600,0.001190
_12616_,VGND,li1,242.8800,103.3600,0.001215
_12615_,VGND,li1,222.8700,97.9200,0.001047
_12614_,VGND,li1,227.2400,97.9200,0.001060
_12613_,VGND,li1,223.5600,92.4800,0.000690
_12612_,VGND,li1,223.1000,87.0400,0.001317
_12611_,VGND,li1,201.7100,87.0400,0.001406
_12610_,VGND,li1,199.4100,87.0400,0.001418
_12609_,VGND,li1,202.1700,87.0400,0.001406
_12608_,VGND,li1,196.6500,81.6000,0.000531
_12607_,VGND,li1,196.1900,81.6000,0.000531
_12606_,VGND,li1,191.1300,81.6000,0.000515
_12605_,VGND,li1,194.1200,81.6000,0.000525
_12604_,VGND,li1,190.6700,76.1600,0.000326
_12603_,VGND,li1,206.3100,92.4800,0.000695
_12602_,VGND,li1,195.0400,97.9200,0.000932
_12601_,VGND,li1,224.9400,87.0400,0.001309
_12600_,VGND,li1,223.1000,81.6000,0.000606
_12599_,VGND,li1,217.1200,92.4800,0.000694
_12598_,VGND,li1,219.8800,81.6000,0.000600
_12597_,VGND,li1,222.1800,81.6000,0.000606
_12596_,VGND,li1,217.5800,76.1600,0.000402
_12595_,VGND,li1,221.4900,76.1600,0.000411
_12594_,VGND,li1,215.7400,76.1600,0.000397
_12593_,VGND,li1,215.0500,70.7200,0.000236
_12592_,VGND,li1,213.9000,76.1600,0.000391
_12591_,VGND,li1,217.3500,70.7200,0.000244
_12590_,VGND,li1,213.4400,81.6000,0.000583
_12589_,VGND,li1,205.8500,76.1600,0.000373
_12588_,VGND,li1,208.1500,76.1600,0.000379
_12587_,VGND,li1,204.2400,81.6000,0.000551
_12586_,VGND,li1,202.6300,76.1600,0.000364
_12585_,VGND,li1,202.6300,76.1600,0.000364
_12584_,VGND,li1,238.0500,97.9200,0.001087
_12583_,VGND,li1,239.4300,97.9200,0.001091
_12582_,VGND,li1,242.4200,97.9200,0.001095
_12581_,VGND,li1,235.2900,92.4800,0.000682
_12580_,VGND,li1,232.0700,87.0400,0.001275
_12579_,VGND,li1,237.1300,87.0400,0.001250
_12578_,VGND,li1,231.1500,97.9200,0.001070
_12577_,VGND,li1,230.2300,81.6000,0.000623
_12576_,VGND,li1,231.1500,76.1600,0.000430
_12575_,VGND,li1,226.5500,76.1600,0.000421
_12574_,VGND,li1,232.9900,59.8400,0.000558
_12573_,VGND,li1,228.3900,76.1600,0.000425
_12572_,VGND,li1,244.4900,87.0400,0.001210
_12571_,VGND,li1,253.0000,87.0400,0.001161
_12570_,VGND,li1,247.4800,87.0400,0.001191
_12569_,VGND,li1,248.8600,92.4800,0.000669
_12568_,VGND,li1,247.7100,87.0400,0.001191
_12567_,VGND,li1,207.0000,97.9200,0.000986
_12566_,VGND,li1,234.8300,103.3600,0.001106
_12565_,VGND,li1,273.0100,114.2400,0.000536
_12564_,VGND,li1,277.6100,114.2400,0.000532
_12563_,VGND,li1,272.0900,114.2400,0.000536
_12562_,VGND,li1,275.0800,114.2400,0.000534
_12561_,VGND,li1,272.5500,108.8000,0.000320
_12560_,VGND,li1,269.3300,108.8000,0.000321
_12559_,VGND,li1,268.6400,103.3600,0.001475
_12558_,VGND,li1,268.8700,108.8000,0.000321
_12557_,VGND,li1,261.2800,114.2400,0.000532
_12556_,VGND,li1,265.1900,103.3600,0.001435
_12555_,VGND,li1,258.7500,97.9200,0.001088
_12554_,VGND,li1,261.5100,97.9200,0.001084
_12553_,VGND,li1,257.8300,92.4800,0.000657
_12552_,VGND,li1,254.6100,92.4800,0.000660
_12551_,VGND,li1,253.0000,92.4800,0.000664
_12550_,VGND,li1,252.3100,97.9200,0.001097
_12549_,VGND,li1,259.4400,103.3600,0.001384
_12548_,VGND,li1,291.8700,103.3600,0.001688
_12547_,VGND,li1,294.8600,103.3600,0.001704
_12546_,VGND,li1,286.1200,103.3600,0.001637
_12545_,VGND,li1,290.4900,103.3600,0.001672
_12544_,VGND,li1,285.4300,114.2400,0.000506
_12543_,VGND,li1,283.1300,97.9200,0.001018
_12542_,VGND,li1,286.8100,97.9200,0.000990
_12541_,VGND,li1,289.1100,97.9200,0.000975
_12540_,VGND,li1,282.2100,97.9200,0.001018
_12539_,VGND,li1,285.4300,92.4800,0.000583
_12538_,VGND,li1,282.2100,103.3600,0.001601
_12537_,VGND,li1,293.7100,103.3600,0.001704
_12536_,VGND,li1,296.4700,103.3600,0.001728
_12535_,VGND,li1,295.5500,97.9200,0.000935
_12534_,VGND,li1,295.0900,97.9200,0.000947
_12533_,VGND,li1,298.3100,97.9200,0.000917
_12532_,VGND,li1,236.6700,108.8000,0.000317
_12531_,VGND,li1,270.4800,119.6800,0.000647
_12530_,VGND,li1,324.5300,125.1200,0.000618
_12529_,VGND,li1,329.1300,125.1200,0.000571
_12528_,VGND,li1,321.3100,125.1200,0.000633
_12527_,VGND,li1,323.1500,125.1200,0.000618
_12526_,VGND,li1,319.0100,119.6800,0.000397
_12525_,VGND,li1,315.3300,119.6800,0.000424
_12524_,VGND,li1,316.7100,125.1200,0.000671
_12523_,VGND,li1,316.2500,119.6800,0.000424
_12522_,VGND,li1,310.7300,130.5600,0.000228
_12521_,VGND,li1,311.6500,119.6800,0.000454
_12520_,VGND,li1,308.4300,119.6800,0.000471
_12519_,VGND,li1,309.3500,114.2400,0.000374
_12518_,VGND,li1,304.2900,114.2400,0.000397
_12517_,VGND,li1,300.3800,108.8000,0.000291
_12516_,VGND,li1,303.8300,108.8000,0.000286
_12515_,VGND,li1,307.0500,108.8000,0.000282
_12514_,VGND,li1,303.3700,108.8000,0.000288
_12513_,VGND,li1,305.2100,119.6800,0.000491
_12512_,VGND,li1,310.2700,119.6800,0.000454
_12511_,VGND,li1,296.9300,114.2400,0.000443
_12510_,VGND,li1,298.0800,108.8000,0.000293
_12509_,VGND,li1,287.5000,119.6800,0.000581
_12508_,VGND,li1,300.3800,130.5600,0.000252
_12507_,VGND,li1,345.6900,119.6800,0.000449
_12506_,VGND,li1,351.6700,119.6800,0.000454
_12505_,VGND,li1,350.7500,119.6800,0.000454
_12504_,VGND,li1,355.3500,119.6800,0.000458
_12503_,VGND,li1,351.4400,114.2400,0.000175
_12502_,VGND,li1,350.2900,108.8000,0.000344
_12501_,VGND,li1,352.5900,108.8000,0.000356
_12500_,VGND,li1,345.2300,108.8000,0.000306
_12499_,VGND,li1,347.3000,114.2400,0.000174
_12498_,VGND,li1,337.4100,114.2400,0.000169
_12497_,VGND,li1,360.8700,108.8000,0.000394
_12496_,VGND,li1,362.2500,103.3600,0.005602
_12495_,VGND,li1,364.0900,108.8000,0.000415
_12494_,VGND,li1,362.7100,97.9200,0.001370
_12493_,VGND,li1,365.0100,97.9200,0.001370
_12492_,VGND,li1,364.3200,92.4800,0.000414
_12491_,VGND,li1,360.8700,92.4800,0.000413
_12490_,VGND,li1,361.3300,92.4800,0.000414
_12489_,VGND,li1,273.7000,125.1200,0.000934
_12488_,VGND,li1,316.7100,130.5600,0.000210
_12487_,VGND,li1,348.9100,136.0000,0.000497
_12486_,VGND,li1,345.6900,136.0000,0.000491
_12485_,VGND,li1,346.6100,130.5600,0.000144
_12484_,VGND,li1,351.9000,130.5600,0.000151
_12483_,VGND,li1,322.9200,136.0000,0.000370
_12482_,VGND,li1,362.7100,163.2000,0.001056
_12481_,VGND,li1,352.5900,163.2000,0.000833
_12480_,VGND,li1,355.3500,163.2000,0.000933
_12479_,VGND,li1,344.3100,184.9600,0.000439
_12478_,VGND,li1,350.2900,157.7600,0.001697
_12477_,VGND,li1,345.6900,157.7600,0.001537
_12476_,VGND,li1,345.0000,152.3200,0.001587
_12475_,VGND,li1,339.4800,157.7600,0.001202
_12474_,VGND,li1,342.7000,157.7600,0.001381
_12473_,VGND,li1,337.1800,152.3200,0.001057
_12472_,VGND,li1,333.2700,146.8800,0.001608
_12471_,VGND,li1,336.9500,146.8800,0.002047
_12470_,VGND,li1,328.6700,141.4400,0.000528
_12469_,VGND,li1,341.0900,141.4400,0.000703
_12468_,VGND,li1,330.2800,141.4400,0.000528
_12467_,VGND,li1,325.6800,141.4400,0.000575
_12466_,VGND,li1,331.2000,136.0000,0.000313
_12465_,VGND,li1,329.1300,136.0000,0.000340
_12464_,VGND,li1,278.7600,136.0000,0.000544
_12463_,VGND,li1,332.8100,136.0000,0.000313
_12462_,VGND,li1,272.7800,136.0000,0.000551
_12461_,VGND,li1,273.2400,130.5600,0.000284
_12460_,VGND,li1,274.3900,125.1200,0.000934
_12459_,VGND,li1,241.0400,125.1200,0.000866
_12458_,VGND,li1,280.3700,125.1200,0.000911
_12457_,VGND,li1,239.8900,125.1200,0.000866
_12456_,VGND,li1,239.4300,108.8000,0.000319
_12455_,VGND,li1,241.7300,114.2400,0.000511
_12454_,VGND,li1,227.2400,114.2400,0.000462
_12453_,VGND,li1,226.7800,114.2400,0.000462
_12452_,VGND,li1,221.2600,103.3600,0.000966
_12451_,VGND,li1,218.9600,103.3600,0.000939
_12450_,VGND,li1,223.7900,103.3600,0.000994
_12449_,VGND,li1,217.5800,97.9200,0.001028
_12448_,VGND,li1,224.2500,97.9200,0.001047
_12447_,VGND,li1,219.8800,97.9200,0.001036
_12446_,VGND,li1,221.7200,108.8000,0.000304
_12445_,VGND,li1,218.0400,92.4800,0.000693
_12444_,VGND,li1,215.7400,92.4800,0.000694
_12443_,VGND,li1,209.0700,92.4800,0.000695
_12442_,VGND,li1,211.3700,92.4800,0.000695
_12441_,VGND,li1,209.3000,92.4800,0.000695
_12440_,VGND,li1,201.2500,92.4800,0.000695
_12439_,VGND,li1,203.0900,92.4800,0.000695
_12438_,VGND,li1,213.9000,92.4800,0.000695
_12437_,VGND,li1,216.2000,87.0400,0.001346
_12436_,VGND,li1,214.8200,97.9200,0.001017
_12435_,VGND,li1,210.6800,87.0400,0.001375
_12434_,VGND,li1,213.9000,87.0400,0.001356
_12433_,VGND,li1,214.1300,81.6000,0.000583
_12432_,VGND,li1,219.4200,81.6000,0.000600
_12431_,VGND,li1,211.1400,81.6000,0.000576
_12430_,VGND,li1,207.6900,103.3600,0.000799
_12429_,VGND,li1,203.5500,103.3600,0.000744
_12428_,VGND,li1,204.9300,103.3600,0.000744
_12427_,VGND,li1,197.1100,97.9200,0.000943
_12426_,VGND,li1,200.7900,97.9200,0.000960
_12425_,VGND,li1,191.1300,97.9200,0.000914
_12424_,VGND,li1,192.7400,97.9200,0.000923
_12423_,VGND,li1,204.0100,114.2400,0.000349
_12422_,VGND,li1,207.6900,114.2400,0.000368
_12421_,VGND,li1,235.5200,114.2400,0.000493
_12420_,VGND,li1,239.6600,114.2400,0.000505
_12419_,VGND,li1,235.9800,114.2400,0.000493
_12418_,VGND,li1,233.9100,114.2400,0.000486
_12417_,VGND,li1,232.3000,108.8000,0.000314
_12416_,VGND,li1,234.6000,108.8000,0.000316
_12415_,VGND,li1,230.9200,103.3600,0.001077
_12414_,VGND,li1,233.2200,103.3600,0.001106
_12413_,VGND,li1,198.9500,108.8000,0.000273
_12412_,VGND,li1,233.9100,97.9200,0.001077
_12411_,VGND,li1,230.6900,103.3600,0.001077
_12410_,VGND,li1,231.1500,97.9200,0.001070
_12409_,VGND,li1,229.3100,97.9200,0.001065
_12408_,VGND,li1,245.4100,103.3600,0.001239
_12407_,VGND,li1,243.1100,103.3600,0.001215
_12406_,VGND,li1,248.8600,103.3600,0.001260
_12405_,VGND,li1,248.6300,103.3600,0.001260
_12404_,VGND,li1,251.8500,103.3600,0.001293
_12403_,VGND,li1,215.7400,119.6800,0.000695
_12402_,VGND,li1,270.7100,125.1200,0.000932
_12401_,VGND,li1,267.4900,125.1200,0.000928
_12400_,VGND,li1,268.1800,125.1200,0.000928
_12399_,VGND,li1,266.5700,119.6800,0.000660
_12398_,VGND,li1,265.1900,119.6800,0.000660
_12397_,VGND,li1,268.1800,119.6800,0.000653
_12396_,VGND,li1,264.7300,114.2400,0.000533
_12395_,VGND,li1,261.0500,130.5600,0.000284
_12394_,VGND,li1,258.2900,114.2400,0.000530
_12393_,VGND,li1,256.4500,114.2400,0.000529
_12392_,VGND,li1,259.2100,114.2400,0.000530
_12391_,VGND,li1,256.9100,108.8000,0.000322
_12390_,VGND,li1,265.6500,108.8000,0.000322
_12389_,VGND,li1,262.2000,103.3600,0.001412
_12388_,VGND,li1,254.6100,103.3600,0.001336
_12387_,VGND,li1,257.8300,54.4000,0.000526
_12386_,VGND,li1,253.0000,108.8000,0.000321
_12385_,VGND,li1,249.0900,114.2400,0.000521
_12384_,VGND,li1,252.7700,125.1200,0.000894
_12383_,VGND,li1,287.7300,119.6800,0.000581
_12382_,VGND,li1,284.5100,119.6800,0.000595
_12381_,VGND,li1,290.4900,119.6800,0.000566
_12380_,VGND,li1,259.6700,125.1200,0.000912
_12379_,VGND,li1,284.0500,108.8000,0.000310
_12378_,VGND,li1,278.9900,108.8000,0.000314
_12377_,VGND,li1,281.0600,108.8000,0.000312
_12376_,VGND,li1,287.2700,108.8000,0.000307
_12375_,VGND,li1,283.5900,108.8000,0.000310
_12374_,VGND,li1,290.9500,119.6800,0.000566
_12373_,VGND,li1,290.9500,114.2400,0.000472
_12372_,VGND,li1,288.6500,114.2400,0.000494
_12371_,VGND,li1,293.7100,114.2400,0.000457
_12370_,VGND,li1,293.7100,114.2400,0.000457
_12369_,VGND,li1,235.9800,125.1200,0.000850
_12368_,VGND,li1,266.5700,136.0000,0.000534
_12367_,VGND,li1,320.3900,136.0000,0.000396
_12366_,VGND,li1,317.1700,136.0000,0.000409
_12365_,VGND,li1,318.7800,136.0000,0.000396
_12364_,VGND,li1,317.1700,130.5600,0.000210
_12363_,VGND,li1,319.9300,130.5600,0.000196
_12362_,VGND,li1,313.9500,130.5600,0.000223
_12361_,VGND,li1,312.5700,130.5600,0.000223
_12360_,VGND,li1,311.4200,141.4400,0.000677
_12359_,VGND,li1,307.5100,130.5600,0.000237
_12358_,VGND,li1,303.8300,130.5600,0.000245
_12357_,VGND,li1,304.7500,130.5600,0.000245
_12356_,VGND,li1,296.4700,130.5600,0.000258
_12355_,VGND,li1,299.6900,130.5600,0.000252
_12354_,VGND,li1,294.6300,130.5600,0.000261
_12353_,VGND,li1,295.5500,125.1200,0.000814
_12352_,VGND,li1,297.6200,130.5600,0.000258
_12351_,VGND,li1,299.9200,125.1200,0.000783
_12350_,VGND,li1,307.5100,119.6800,0.000471
_12349_,VGND,li1,304.0600,119.6800,0.000491
_12348_,VGND,li1,305.6700,125.1200,0.000748
_12347_,VGND,li1,312.3400,119.6800,0.000441
_12346_,VGND,li1,300.6100,119.6800,0.000514
_12345_,VGND,li1,290.9500,136.0000,0.000503
_12344_,VGND,li1,283.8200,130.5600,0.000275
_12343_,VGND,li1,304.5200,141.4400,0.000735
_12342_,VGND,li1,355.3500,130.5600,0.000158
_12341_,VGND,li1,351.6700,130.5600,0.000151
_12340_,VGND,li1,354.4300,130.5600,0.000155
_12339_,VGND,li1,372.1400,130.5600,0.000168
_12338_,VGND,li1,351.2100,125.1200,0.000808
_12337_,VGND,li1,350.0600,119.6800,0.000454
_12336_,VGND,li1,353.0500,119.6800,0.000456
_12335_,VGND,li1,358.5700,119.6800,0.000459
_12334_,VGND,li1,360.8700,119.6800,0.000460
_12333_,VGND,li1,360.8700,119.6800,0.000460
_12332_,VGND,li1,364.0900,114.2400,0.000178
_12331_,VGND,li1,366.3900,114.2400,0.000178
_12330_,VGND,li1,364.3200,114.2400,0.000178
_12329_,VGND,li1,362.2500,108.8000,0.000406
_12328_,VGND,li1,365.4700,108.8000,0.000415
_12327_,VGND,li1,355.5800,119.6800,0.000458
_12326_,VGND,li1,344.0800,119.6800,0.000446
_12325_,VGND,li1,356.7300,136.0000,0.000506
_12324_,VGND,li1,359.0300,136.0000,0.000508
_12323_,VGND,li1,358.5700,130.5600,0.000159
_12322_,VGND,li1,357.8800,141.4400,0.000892
_12321_,VGND,li1,362.2500,136.0000,0.000510
_12320_,VGND,li1,270.0200,141.4400,0.000952
_12319_,VGND,li1,317.4000,146.8800,0.001422
_12318_,VGND,li1,335.1100,146.8800,0.001828
_12317_,VGND,li1,333.2700,146.8800,0.001608
_12316_,VGND,li1,332.5800,152.3200,0.000798
_12315_,VGND,li1,362.0200,146.8800,0.003834
_12314_,VGND,li1,346.1500,190.4000,0.000405
_12313_,VGND,li1,348.2200,190.4000,0.000417
_12312_,VGND,li1,343.3900,184.9600,0.000439
_12311_,VGND,li1,347.0700,184.9600,0.000453
_12310_,VGND,li1,342.0100,179.5200,0.000426
_12309_,VGND,li1,338.3300,179.5200,0.000376
_12308_,VGND,li1,345.6900,179.5200,0.000444
_12307_,VGND,li1,344.0800,179.5200,0.000444
_12306_,VGND,li1,334.6500,157.7600,0.000916
_12305_,VGND,li1,339.7100,157.7600,0.001202
_12304_,VGND,li1,330.0500,157.7600,0.000777
_12303_,VGND,li1,331.4300,157.7600,0.000777
_12302_,VGND,li1,323.6100,174.0800,0.000131
_12301_,VGND,li1,327.2900,152.3200,0.000872
_12300_,VGND,li1,328.6700,146.8800,0.001344
_12299_,VGND,li1,323.1500,146.8800,0.001380
_12298_,VGND,li1,324.3000,141.4400,0.000575
_12297_,VGND,li1,269.5600,163.2000,0.000481
_12296_,VGND,li1,276.6900,141.4400,0.000931
_12295_,VGND,li1,273.9300,141.4400,0.000939
_12294_,VGND,li1,255.5300,141.4400,0.000974
_12293_,VGND,li1,259.6700,141.4400,0.000972
_12292_,VGND,li1,254.3800,146.8800,0.001792
_12291_,VGND,li1,242.6500,130.5600,0.000280
_12290_,VGND,li1,238.0500,125.1200,0.000859
_12289_,VGND,li1,228.3900,125.1200,0.000814
_12288_,VGND,li1,228.8500,125.1200,0.000814
_12287_,VGND,li1,225.8600,146.8800,0.001920
_12286_,VGND,li1,223.7900,125.1200,0.000788
_12285_,VGND,li1,223.3300,119.6800,0.000698
_12284_,VGND,li1,220.5700,119.6800,0.000697
_12283_,VGND,li1,221.0300,114.2400,0.000429
_12282_,VGND,li1,218.5000,141.4400,0.000933
_12281_,VGND,li1,217.3500,114.2400,0.000414
_12280_,VGND,li1,215.9700,108.8000,0.000296
_12279_,VGND,li1,218.9600,108.8000,0.000301
_12278_,VGND,li1,215.2800,136.0000,0.000356
_12277_,VGND,li1,214.5900,108.8000,0.000296
_12276_,VGND,li1,213.6700,103.3600,0.000873
_12275_,VGND,li1,212.2900,97.9200,0.001005
_12274_,VGND,li1,208.6100,108.8000,0.000286
_12273_,VGND,li1,207.4600,108.8000,0.000286
_12272_,VGND,li1,206.0800,108.8000,0.000282
_12271_,VGND,li1,210.9100,108.8000,0.000290
_12270_,VGND,li1,207.0000,114.2400,0.000358
_12269_,VGND,li1,218.2700,119.6800,0.000696
_12268_,VGND,li1,215.2800,119.6800,0.000693
_12267_,VGND,li1,210.6800,119.6800,0.000690
_12266_,VGND,li1,209.9900,125.1200,0.000701
_12265_,VGND,li1,209.9900,119.6800,0.000690
_12264_,VGND,li1,207.6900,119.6800,0.000688
_12263_,VGND,li1,204.9300,119.6800,0.000686
_12262_,VGND,li1,207.6900,119.6800,0.000688
_12261_,VGND,li1,207.2300,125.1200,0.000684
_12260_,VGND,li1,239.4300,130.5600,0.000277
_12259_,VGND,li1,231.6100,125.1200,0.000829
_12258_,VGND,li1,233.9100,125.1200,0.000840
_12257_,VGND,li1,233.9100,119.6800,0.000697
_12256_,VGND,li1,231.8400,114.2400,0.000477
_12255_,VGND,li1,232.3000,119.6800,0.000697
_12254_,VGND,li1,227.7000,108.8000,0.000310
_12253_,VGND,li1,230.9200,114.2400,0.000477
_12252_,VGND,li1,229.0800,130.5600,0.000256
_12251_,VGND,li1,201.7100,108.8000,0.000277
_12250_,VGND,li1,197.1100,108.8000,0.000269
_12249_,VGND,li1,193.8900,108.8000,0.000264
_12248_,VGND,li1,200.3300,114.2400,0.000330
_12247_,VGND,li1,197.5700,114.2400,0.000315
_12246_,VGND,li1,193.8900,92.4800,0.000692
_12245_,VGND,li1,248.1700,114.2400,0.000521
_12244_,VGND,li1,253.2300,114.2400,0.000525
_12243_,VGND,li1,249.3200,119.6800,0.000686
_12242_,VGND,li1,252.3100,114.2400,0.000525
_12241_,VGND,li1,197.1100,92.4800,0.000694
_12240_,VGND,li1,200.5600,81.6000,0.000545
_12239_,VGND,li1,238.9700,136.0000,0.000445
_12238_,VGND,li1,273.4700,141.4400,0.000945
_12237_,VGND,li1,267.0300,136.0000,0.000534
_12236_,VGND,li1,264.9600,141.4400,0.000960
_12235_,VGND,li1,265.1900,141.4400,0.000960
_12234_,VGND,li1,264.5000,136.0000,0.000527
_12233_,VGND,li1,264.5000,136.0000,0.000527
_12232_,VGND,li1,261.2800,136.0000,0.000521
_12231_,VGND,li1,261.7400,136.0000,0.000521
_12230_,VGND,li1,261.0500,141.4400,0.000967
_12229_,VGND,li1,258.7500,146.8800,0.001775
_12228_,VGND,li1,258.9800,136.0000,0.000514
_12227_,VGND,li1,258.5200,130.5600,0.000284
_12226_,VGND,li1,252.0800,130.5600,0.000283
_12225_,VGND,li1,254.3800,130.5600,0.000283
_12224_,VGND,li1,253.2300,130.5600,0.000283
_12223_,VGND,li1,250.4700,130.5600,0.000283
_12222_,VGND,li1,246.7900,125.1200,0.000880
_12221_,VGND,li1,247.2500,125.1200,0.000880
_12220_,VGND,li1,250.0100,136.0000,0.000486
_12219_,VGND,li1,282.6700,136.0000,0.000531
_12218_,VGND,li1,279.9100,130.5600,0.000279
_12217_,VGND,li1,283.1300,130.5600,0.000277
_12216_,VGND,li1,277.6100,130.5600,0.000282
_12215_,VGND,li1,279.4500,141.4400,0.000913
_12214_,VGND,li1,257.8300,125.1200,0.000906
_12213_,VGND,li1,261.5100,125.1200,0.000916
_12212_,VGND,li1,254.6100,125.1200,0.000901
_12211_,VGND,li1,255.0700,119.6800,0.000677
_12210_,VGND,li1,253.4600,119.6800,0.000680
_12209_,VGND,li1,256.9100,125.1200,0.000906
_12208_,VGND,li1,287.2700,130.5600,0.000271
_12207_,VGND,li1,287.5000,130.5600,0.000271
_12206_,VGND,li1,290.9500,130.5600,0.000266
_12205_,VGND,li1,282.6700,146.8800,0.001637
_12204_,VGND,li1,242.8800,141.4400,0.000965
_12203_,VGND,li1,273.4700,152.3200,0.001240
_12202_,VGND,li1,324.5300,152.3200,0.000894
_12201_,VGND,li1,326.8300,152.3200,0.000871
_12200_,VGND,li1,320.3900,152.3200,0.000930
_12199_,VGND,li1,320.8500,152.3200,0.000930
_12198_,VGND,li1,318.0900,152.3200,0.000949
_12197_,VGND,li1,314.8700,146.8800,0.001447
_12196_,VGND,li1,319.0100,146.8800,0.001422
_12195_,VGND,li1,320.3900,146.8800,0.001400
_12194_,VGND,li1,312.8000,157.7600,0.000811
_12193_,VGND,li1,311.1900,146.8800,0.001464
_12192_,VGND,li1,308.4300,141.4400,0.000700
_12191_,VGND,li1,308.4300,141.4400,0.000700
_12190_,VGND,li1,303.8300,141.4400,0.000735
_12189_,VGND,li1,300.1500,141.4400,0.000769
_12188_,VGND,li1,300.6100,136.0000,0.000468
_12187_,VGND,li1,298.3100,136.0000,0.000476
_12186_,VGND,li1,301.5300,136.0000,0.000468
_12185_,VGND,li1,299.2300,141.4400,0.000769
_12184_,VGND,li1,305.2100,146.8800,0.001504
_12183_,VGND,li1,292.1000,146.8800,0.001583
_12182_,VGND,li1,366.3900,146.8800,0.003840
_12181_,VGND,li1,368.6900,146.8800,0.003842
_12180_,VGND,li1,368.9200,141.4400,0.000903
_12179_,VGND,li1,371.2200,141.4400,0.000905
_12178_,VGND,li1,373.2900,130.5600,0.000168
_12177_,VGND,li1,371.4500,125.1200,0.000824
_12176_,VGND,li1,374.2100,125.1200,0.000824
_12175_,VGND,li1,372.1400,119.6800,0.000464
_12174_,VGND,li1,363.6300,125.1200,0.000820
_12173_,VGND,li1,359.0300,125.1200,0.000817
_12172_,VGND,li1,363.6300,119.6800,0.000461
_12171_,VGND,li1,297.6200,119.6800,0.000527
_12170_,VGND,li1,361.3300,125.1200,0.000819
_12169_,VGND,li1,370.0700,130.5600,0.000167
_12168_,VGND,li1,368.0000,130.5600,0.000166
_12167_,VGND,li1,362.2500,130.5600,0.000162
_12166_,VGND,li1,365.4700,130.5600,0.000164
_12165_,VGND,li1,365.4700,146.8800,0.003837
_12164_,VGND,li1,360.8700,141.4400,0.000896
_12163_,VGND,li1,356.2700,136.0000,0.000504
_12162_,VGND,li1,360.8700,136.0000,0.000510
_12161_,VGND,li1,360.4100,141.4400,0.000896
_12160_,VGND,li1,363.6300,141.4400,0.000899
_12159_,VGND,li1,267.2600,157.7600,0.000860
_12158_,VGND,li1,326.1400,163.2000,0.000340
_12157_,VGND,li1,335.5700,163.2000,0.000405
_12156_,VGND,li1,344.3100,163.2000,0.000644
_12155_,VGND,li1,330.2800,168.6400,0.000094
_12154_,VGND,li1,342.9300,195.8400,0.000265
_12153_,VGND,li1,342.2400,201.2800,0.000237
_12152_,VGND,li1,336.2600,201.2800,0.000191
_12151_,VGND,li1,345.4600,190.4000,0.000405
_12150_,VGND,li1,342.4700,190.4000,0.000373
_12149_,VGND,li1,336.9500,190.4000,0.000281
_12148_,VGND,li1,333.2700,184.9600,0.000273
_12147_,VGND,li1,331.4300,190.4000,0.000254
_12146_,VGND,li1,332.5800,179.5200,0.000276
_12145_,VGND,li1,332.1200,179.5200,0.000276
_12144_,VGND,li1,322.2300,184.9600,0.000285
_12143_,VGND,li1,323.3800,179.5200,0.000343
_12142_,VGND,li1,322.0000,174.0800,0.000144
_12141_,VGND,li1,324.3000,174.0800,0.000131
_12140_,VGND,li1,266.3400,168.6400,0.000257
_12139_,VGND,li1,273.2400,174.0800,0.000281
_12138_,VGND,li1,267.7200,163.2000,0.000481
_12137_,VGND,li1,270.0200,163.2000,0.000481
_12136_,VGND,li1,257.8300,157.7600,0.000862
_12135_,VGND,li1,258.9800,163.2000,0.000472
_12134_,VGND,li1,254.3800,152.3200,0.001342
_12133_,VGND,li1,257.6000,152.3200,0.001325
_12132_,VGND,li1,228.6200,152.3200,0.001460
_12131_,VGND,li1,227.9300,146.8800,0.001911
_12130_,VGND,li1,226.5500,141.4400,0.000946
_12129_,VGND,li1,228.3900,146.8800,0.001911
_12128_,VGND,li1,221.7200,146.8800,0.001935
_12127_,VGND,li1,222.6400,146.8800,0.001935
_12126_,VGND,li1,211.1400,146.8800,0.001971
_12125_,VGND,li1,218.5000,141.4400,0.000933
_12124_,VGND,li1,216.2000,141.4400,0.000926
_12123_,VGND,li1,221.2600,141.4400,0.000938
_12122_,VGND,li1,217.1200,146.8800,0.001955
_12121_,VGND,li1,209.3000,141.4400,0.000912
_12120_,VGND,li1,223.1000,136.0000,0.000390
_12119_,VGND,li1,221.0300,136.0000,0.000381
_12118_,VGND,li1,218.9600,136.0000,0.000367
_12117_,VGND,li1,214.1300,136.0000,0.000345
_12116_,VGND,li1,216.8900,130.5600,0.000230
_12115_,VGND,li1,209.9900,130.5600,0.000215
_12114_,VGND,li1,211.1400,125.1200,0.000701
_12113_,VGND,li1,204.9300,125.1200,0.000669
_12112_,VGND,li1,208.1500,125.1200,0.000684
_12111_,VGND,li1,208.6100,130.5600,0.000209
_12110_,VGND,li1,220.5700,130.5600,0.000238
_12109_,VGND,li1,220.1100,130.5600,0.000238
_12108_,VGND,li1,221.9500,130.5600,0.000241
_12107_,VGND,li1,215.9700,125.1200,0.000739
_12106_,VGND,li1,218.9600,125.1200,0.000758
_12105_,VGND,li1,204.7000,136.0000,0.000298
_12104_,VGND,li1,245.4100,146.8800,0.001838
_12103_,VGND,li1,242.6500,146.8800,0.001850
_12102_,VGND,li1,240.5800,141.4400,0.000963
_12101_,VGND,li1,238.5100,141.4400,0.000961
_12100_,VGND,li1,239.2000,141.4400,0.000961
_12099_,VGND,li1,241.5000,141.4400,0.000963
_12098_,VGND,li1,234.6000,141.4400,0.000957
_12097_,VGND,li1,234.6000,141.4400,0.000957
_12096_,VGND,li1,235.5200,146.8800,0.001878
_12095_,VGND,li1,237.3600,136.0000,0.000445
_12094_,VGND,li1,233.4500,136.0000,0.000430
_12093_,VGND,li1,230.0000,136.0000,0.000417
_12092_,VGND,li1,230.6900,136.0000,0.000417
_12091_,VGND,li1,246.3300,114.2400,0.000519
_12090_,VGND,li1,232.5300,141.4400,0.000953
_12089_,VGND,li1,242.6500,136.0000,0.000460
_12088_,VGND,li1,248.4000,141.4400,0.000969
_12087_,VGND,li1,248.1700,136.0000,0.000480
_12086_,VGND,li1,252.3100,136.0000,0.000494
_12085_,VGND,li1,243.1100,136.0000,0.000460
_12084_,VGND,li1,245.1800,152.3200,0.001388
_12083_,VGND,li1,273.0100,163.2000,0.000477
_12082_,VGND,li1,265.1900,157.7600,0.000860
_12081_,VGND,li1,269.7900,157.7600,0.000858
_12080_,VGND,li1,263.8100,157.7600,0.000861
_12079_,VGND,li1,270.2500,152.3200,0.001258
_12078_,VGND,li1,272.5500,152.3200,0.001240
_12077_,VGND,li1,269.7900,146.8800,0.001716
_12076_,VGND,li1,269.5600,152.3200,0.001258
_12075_,VGND,li1,264.7300,146.8800,0.001737
_12074_,VGND,li1,260.5900,152.3200,0.001308
_12073_,VGND,li1,264.5000,152.3200,0.001287
_12072_,VGND,li1,265.6500,152.3200,0.001287
_12071_,VGND,li1,260.8200,146.8800,0.001758
_12070_,VGND,li1,295.5500,146.8800,0.001562
_12069_,VGND,li1,290.9500,141.4400,0.000832
_12068_,VGND,li1,290.9500,152.3200,0.001126
_12067_,VGND,li1,285.4300,146.8800,0.001621
_12066_,VGND,li1,283.3600,141.4400,0.000881
_12065_,VGND,li1,286.5800,141.4400,0.000861
_12064_,VGND,li1,282.6700,146.8800,0.001637
_12063_,VGND,li1,283.1300,141.4400,0.000881
_12062_,VGND,li1,285.4300,130.5600,0.000275
_12061_,VGND,li1,280.8300,141.4400,0.000897
_12060_,VGND,li1,297.3900,141.4400,0.000782
_12059_,VGND,li1,292.5600,141.4400,0.000816
_12058_,VGND,li1,294.6300,141.4400,0.000801
_12057_,VGND,li1,278.7600,163.2000,0.000468
_12056_,VGND,li1,329.5900,168.6400,0.000094
_12055_,VGND,li1,332.5800,168.6400,0.000080
_12054_,VGND,li1,327.7500,168.6400,0.000101
_12053_,VGND,li1,325.4500,163.2000,0.000340
_12052_,VGND,li1,323.6100,157.7600,0.000791
_12051_,VGND,li1,320.6200,163.2000,0.000355
_12050_,VGND,li1,323.3800,163.2000,0.000350
_12049_,VGND,li1,318.7800,168.6400,0.000133
_12048_,VGND,li1,323.8400,168.6400,0.000114
_12047_,VGND,li1,316.7100,163.2000,0.000367
_12046_,VGND,li1,311.6500,157.7600,0.000815
_12045_,VGND,li1,308.4300,157.7600,0.000818
_12044_,VGND,li1,310.7300,152.3200,0.000997
_12043_,VGND,li1,307.5100,163.2000,0.000397
_12042_,VGND,li1,306.1300,157.7600,0.000822
_12041_,VGND,li1,308.4300,157.7600,0.000818
_12040_,VGND,li1,305.9000,152.3200,0.001040
_12039_,VGND,li1,304.7500,152.3200,0.001040
_12038_,VGND,li1,307.9700,152.3200,0.001016
_12037_,VGND,li1,367.3100,125.1200,0.000821
_12036_,VGND,li1,297.3900,157.7600,0.000833
_12035_,VGND,li1,338.7900,163.2000,0.000456
_12034_,VGND,li1,342.0100,163.2000,0.000582
_12033_,VGND,li1,337.8700,157.7600,0.001046
_12032_,VGND,li1,373.2900,141.4400,0.000906
_12031_,VGND,li1,374.9000,141.4400,0.000907
_12030_,VGND,li1,375.3600,141.4400,0.000907
_12029_,VGND,li1,372.3700,141.4400,0.000906
_12028_,VGND,li1,371.9100,146.8800,0.003843
_12027_,VGND,li1,369.3800,157.7600,0.001866
_12026_,VGND,li1,375.5900,119.6800,0.000465
_12025_,VGND,li1,370.5300,125.1200,0.000823
_12024_,VGND,li1,371.9100,125.1200,0.000824
_12023_,VGND,li1,371.2200,119.6800,0.000464
_12022_,VGND,li1,368.6900,119.6800,0.000463
_12021_,VGND,li1,367.7700,130.5600,0.000166
_12020_,VGND,li1,278.5300,168.6400,0.000234
_12019_,VGND,li1,338.5600,168.6400,0.000097
_12018_,VGND,li1,346.3800,201.2800,0.000266
_12017_,VGND,li1,346.1500,206.7200,0.000162
_12016_,VGND,li1,342.9300,206.7200,0.000146
_12015_,VGND,li1,333.0400,201.2800,0.000158
_12014_,VGND,li1,337.1800,206.7200,0.000111
_12013_,VGND,li1,332.5800,206.7200,0.000086
_12012_,VGND,li1,336.0300,195.8400,0.000202
_12011_,VGND,li1,339.2500,190.4000,0.000334
_12010_,VGND,li1,332.3500,195.8400,0.000161
_12009_,VGND,li1,325.6800,190.4000,0.000276
_12008_,VGND,li1,329.8200,184.9600,0.000251
_12007_,VGND,li1,322.4600,190.4000,0.000294
_12006_,VGND,li1,325.2200,184.9600,0.000272
_12005_,VGND,li1,321.3100,179.5200,0.000363
_12004_,VGND,li1,280.1400,179.5200,0.000522
_12003_,VGND,li1,275.5400,179.5200,0.000526
_12002_,VGND,li1,281.7500,179.5200,0.000522
_12001_,VGND,li1,270.2500,179.5200,0.000523
_12000_,VGND,li1,271.1700,174.0800,0.000283
_11999_,VGND,li1,259.9000,174.0800,0.000283
_11998_,VGND,li1,267.2600,174.0800,0.000283
_11997_,VGND,li1,255.0700,163.2000,0.000463
_11996_,VGND,li1,259.2100,163.2000,0.000472
_11995_,VGND,li1,228.1600,157.7600,0.000844
_11994_,VGND,li1,230.4600,163.2000,0.000392
_11993_,VGND,li1,224.0200,157.7600,0.000836
_11992_,VGND,li1,222.4100,152.3200,0.001475
_11991_,VGND,li1,230.9200,152.3200,0.001445
_11990_,VGND,li1,213.9000,157.7600,0.000819
_11989_,VGND,li1,231.6100,152.3200,0.001445
_11988_,VGND,li1,219.1900,152.3200,0.001485
_11987_,VGND,li1,218.0400,163.2000,0.000344
_11986_,VGND,li1,213.4400,152.3200,0.001504
_11985_,VGND,li1,210.6800,152.3200,0.001511
_11984_,VGND,li1,209.3000,152.3200,0.001519
_11983_,VGND,li1,210.6800,146.8800,0.001977
_11982_,VGND,li1,207.0000,163.2000,0.000295
_11981_,VGND,li1,211.6000,141.4400,0.000916
_11980_,VGND,li1,214.1300,146.8800,0.001961
_11979_,VGND,li1,207.4600,146.8800,0.001986
_11978_,VGND,li1,206.3100,141.4400,0.000908
_11977_,VGND,li1,208.1500,141.4400,0.000912
_11976_,VGND,li1,208.1500,136.0000,0.000319
_11975_,VGND,li1,204.0100,136.0000,0.000298
_11974_,VGND,li1,203.7800,130.5600,0.000195
_11973_,VGND,li1,201.2500,136.0000,0.000288
_11972_,VGND,li1,207.6900,130.5600,0.000209
_11971_,VGND,li1,233.9100,152.3200,0.001433
_11970_,VGND,li1,222.6400,157.7600,0.000836
_11969_,VGND,li1,227.9300,157.7600,0.000844
_11968_,VGND,li1,252.5400,157.7600,0.000860
_11967_,VGND,li1,252.0800,157.7600,0.000860
_11966_,VGND,li1,247.2500,152.3200,0.001375
_11965_,VGND,li1,244.4900,152.3200,0.001388
_11964_,VGND,li1,241.9600,152.3200,0.001399
_11963_,VGND,li1,239.8900,152.3200,0.001413
_11962_,VGND,li1,237.5900,157.7600,0.000851
_11961_,VGND,li1,236.4400,152.3200,0.001422
_11960_,VGND,li1,237.1300,152.3200,0.001422
_11959_,VGND,li1,240.1200,152.3200,0.001413
_11958_,VGND,li1,233.9100,152.3200,0.001433
_11957_,VGND,li1,237.5900,146.8800,0.001869
_11956_,VGND,li1,249.0900,146.8800,0.001816
_11955_,VGND,li1,250.0100,146.8800,0.001816
_11954_,VGND,li1,247.0200,146.8800,0.001826
_11953_,VGND,li1,285.4300,174.0800,0.000259
_11952_,VGND,li1,276.9200,174.0800,0.000274
_11951_,VGND,li1,277.8400,174.0800,0.000274
_11950_,VGND,li1,272.5500,168.6400,0.000245
_11949_,VGND,li1,276.2300,163.2000,0.000472
_11948_,VGND,li1,274.3900,157.7600,0.000855
_11947_,VGND,li1,281.7500,163.2000,0.000459
_11946_,VGND,li1,281.7500,157.7600,0.000850
_11945_,VGND,li1,278.0700,157.7600,0.000852
_11944_,VGND,li1,278.3000,152.3200,0.001209
_11943_,VGND,li1,266.5700,146.8800,0.001727
_11942_,VGND,li1,280.8300,152.3200,0.001189
_11941_,VGND,li1,300.6100,157.7600,0.000829
_11940_,VGND,li1,296.7000,152.3200,0.001089
_11939_,VGND,li1,294.4000,157.7600,0.000837
_11938_,VGND,li1,293.7100,152.3200,0.001108
_11937_,VGND,li1,293.4800,163.2000,0.000433
_11936_,VGND,li1,291.1800,157.7600,0.000840
_11935_,VGND,li1,288.8800,152.3200,0.001139
_11934_,VGND,li1,286.8100,157.7600,0.000846
_11933_,VGND,li1,286.3500,152.3200,0.001155
_11932_,VGND,li1,284.5100,157.7600,0.000847
_11931_,VGND,li1,298.7700,152.3200,0.001076
_11930_,VGND,li1,284.0500,174.0800,0.000259
_11929_,VGND,li1,331.4300,184.9600,0.000241
_11928_,VGND,li1,335.8000,179.5200,0.000336
_11927_,VGND,li1,336.9500,179.5200,0.000336
_11926_,VGND,li1,331.4300,174.0800,0.000083
_11925_,VGND,li1,339.2500,179.5200,0.000376
_11924_,VGND,li1,342.4700,174.0800,0.000104
_11923_,VGND,li1,339.2500,174.0800,0.000099
_11922_,VGND,li1,337.1800,174.0800,0.000095
_11921_,VGND,li1,341.5500,168.6400,0.000103
_11920_,VGND,li1,320.8500,168.6400,0.000125
_11919_,VGND,li1,314.4100,168.6400,0.000146
_11918_,VGND,li1,313.9500,163.2000,0.000378
_11917_,VGND,li1,313.4900,174.0800,0.000169
_11916_,VGND,li1,316.7100,168.6400,0.000139
_11915_,VGND,li1,312.1100,168.6400,0.000155
_11914_,VGND,li1,309.8100,163.2000,0.000386
_11913_,VGND,li1,302.6800,168.6400,0.000181
_11912_,VGND,li1,305.6700,168.6400,0.000175
_11911_,VGND,li1,308.8900,168.6400,0.000167
_11910_,VGND,li1,343.3900,168.6400,0.000108
_11909_,VGND,li1,346.6100,168.6400,0.000114
_11908_,VGND,li1,348.4500,168.6400,0.000121
_11907_,VGND,li1,367.7700,157.7600,0.001858
_11906_,VGND,li1,368.6900,152.3200,0.002333
_11905_,VGND,li1,370.9900,163.2000,0.001059
_11904_,VGND,li1,368.9200,163.2000,0.001059
_11903_,VGND,li1,364.5500,157.7600,0.001852
_11902_,VGND,li1,350.5200,179.5200,0.000463
_11901_,VGND,li1,319.4700,190.4000,0.000301
_11900_,VGND,li1,317.8600,190.4000,0.000307
_11899_,VGND,li1,349.3700,206.7200,0.000176
_11898_,VGND,li1,357.1900,201.2800,0.000313
_11897_,VGND,li1,352.5900,201.2800,0.000296
_11896_,VGND,li1,350.5200,201.2800,0.000287
_11895_,VGND,li1,355.3500,201.2800,0.000307
_11894_,VGND,li1,352.8200,201.2800,0.000296
_11893_,VGND,li1,337.4100,201.2800,0.000191
_11892_,VGND,li1,349.8300,201.2800,0.000278
_11891_,VGND,li1,344.5400,201.2800,0.000254
_11890_,VGND,li1,341.5500,195.8400,0.000247
_11889_,VGND,li1,331.8900,201.2800,0.000138
_11888_,VGND,li1,325.2200,195.8400,0.000188
_11887_,VGND,li1,331.6600,195.8400,0.000161
_11886_,VGND,li1,328.4400,195.8400,0.000178
_11885_,VGND,li1,337.8700,195.8400,0.000223
_11884_,VGND,li1,297.1600,195.8400,0.000242
_11883_,VGND,li1,350.7500,190.4000,0.000424
_11882_,VGND,li1,351.4400,184.9600,0.000466
_11881_,VGND,li1,293.9400,195.8400,0.000245
_11880_,VGND,li1,294.8600,190.4000,0.000345
_11879_,VGND,li1,287.9600,190.4000,0.000352
_11878_,VGND,li1,325.4500,201.2800,0.000145
_11877_,VGND,li1,322.0000,190.4000,0.000294
_11876_,VGND,li1,323.6100,195.8400,0.000196
_11875_,VGND,li1,284.2800,190.4000,0.000353
_11874_,VGND,li1,285.8900,184.9600,0.000372
_11873_,VGND,li1,291.4100,190.4000,0.000349
_11872_,VGND,li1,285.2000,190.4000,0.000353
_11871_,VGND,li1,256.2200,184.9600,0.000360
_11870_,VGND,li1,301.0700,190.4000,0.000336
_11869_,VGND,li1,297.8500,184.9600,0.000350
_11868_,VGND,li1,259.2100,184.9600,0.000364
_11867_,VGND,li1,251.6200,179.5200,0.000470
_11866_,VGND,li1,250.9300,184.9600,0.000351
_11865_,VGND,li1,283.5900,184.9600,0.000373
_11864_,VGND,li1,291.4100,184.9600,0.000363
_11863_,VGND,li1,277.6100,184.9600,0.000374
_11862_,VGND,li1,258.9800,179.5200,0.000498
_11861_,VGND,li1,261.7400,179.5200,0.000505
_11860_,VGND,li1,253.6900,179.5200,0.000479
_11859_,VGND,li1,240.5800,179.5200,0.000427
_11858_,VGND,li1,253.2300,174.0800,0.000272
_11857_,VGND,li1,249.5500,168.6400,0.000241
_11856_,VGND,li1,243.3400,179.5200,0.000439
_11855_,VGND,li1,246.3300,179.5200,0.000451
_11854_,VGND,li1,238.7400,174.0800,0.000248
_11853_,VGND,li1,258.0600,168.6400,0.000252
_11852_,VGND,li1,260.5900,174.0800,0.000283
_11851_,VGND,li1,264.5000,174.0800,0.000284
_11850_,VGND,li1,237.3600,168.6400,0.000222
_11849_,VGND,li1,261.0500,168.6400,0.000254
_11848_,VGND,li1,234.3700,168.6400,0.000217
_11847_,VGND,li1,235.0600,174.0800,0.000244
_11846_,VGND,li1,235.5200,174.0800,0.000244
_11845_,VGND,li1,229.0800,174.0800,0.000230
_11844_,VGND,li1,241.2700,174.0800,0.000255
_11843_,VGND,li1,230.0000,174.0800,0.000234
_11842_,VGND,li1,226.5500,168.6400,0.000201
_11841_,VGND,li1,231.6100,168.6400,0.000208
_11840_,VGND,li1,227.7000,168.6400,0.000201
_11839_,VGND,li1,221.7200,163.2000,0.000352
_11838_,VGND,li1,222.6400,163.2000,0.000362
_11837_,VGND,li1,221.2600,168.6400,0.000189
_11836_,VGND,li1,221.0300,174.0800,0.000216
_11835_,VGND,li1,218.0400,168.6400,0.000178
_11834_,VGND,li1,217.3500,174.0800,0.000208
_11833_,VGND,li1,210.6800,174.0800,0.000189
_11832_,VGND,li1,214.1300,174.0800,0.000201
_11831_,VGND,li1,218.9600,163.2000,0.000344
_11830_,VGND,li1,218.9600,157.7600,0.000829
_11829_,VGND,li1,213.4400,168.6400,0.000166
_11828_,VGND,li1,212.0600,157.7600,0.000813
_11827_,VGND,li1,214.8200,168.6400,0.000173
_11826_,VGND,li1,214.1300,174.0800,0.000201
_11825_,VGND,li1,209.3000,174.0800,0.000189
_11824_,VGND,li1,206.3100,174.0800,0.000180
_11823_,VGND,li1,208.1500,168.6400,0.000156
_11822_,VGND,li1,210.6800,163.2000,0.000312
_11821_,VGND,li1,214.1300,163.2000,0.000327
_11820_,VGND,li1,207.4600,163.2000,0.000295
_11819_,VGND,li1,204.0100,157.7600,0.000797
_11818_,VGND,li1,204.4700,163.2000,0.000284
_11817_,VGND,li1,220.5700,157.7600,0.000829
_11816_,VGND,li1,216.2000,157.7600,0.000824
_11815_,VGND,li1,216.4300,152.3200,0.001494
_11814_,VGND,li1,221.0300,168.6400,0.000184
_11813_,VGND,li1,257.8300,168.6400,0.000252
_11812_,VGND,li1,253.6900,168.6400,0.000247
_11811_,VGND,li1,274.8500,168.6400,0.000241
_11810_,VGND,li1,255.5300,168.6400,0.000249
_11809_,VGND,li1,251.8500,168.6400,0.000244
_11808_,VGND,li1,243.1100,168.6400,0.000230
_11807_,VGND,li1,242.4200,163.2000,0.000429
_11806_,VGND,li1,250.9300,163.2000,0.000451
_11805_,VGND,li1,254.6100,157.7600,0.000861
_11804_,VGND,li1,244.9500,163.2000,0.000437
_11803_,VGND,li1,247.9400,163.2000,0.000443
_11802_,VGND,li1,244.4900,168.6400,0.000233
_11801_,VGND,li1,243.3400,168.6400,0.000230
_11800_,VGND,li1,247.0200,168.6400,0.000237
_11799_,VGND,li1,239.4300,168.6400,0.000225
_11798_,VGND,li1,239.4300,163.2000,0.000421
_11797_,VGND,li1,236.9000,163.2000,0.000408
_11796_,VGND,li1,235.7500,163.2000,0.000408
_11795_,VGND,li1,234.3700,157.7600,0.000849
_11794_,VGND,li1,239.8900,157.7600,0.000853
_11793_,VGND,li1,251.3900,163.2000,0.000451
_11792_,VGND,li1,291.8700,179.5200,0.000489
_11791_,VGND,li1,289.3400,179.5200,0.000496
_11790_,VGND,li1,287.0400,179.5200,0.000503
_11789_,VGND,li1,294.1700,179.5200,0.000479
_11788_,VGND,li1,282.6700,174.0800,0.000266
_11787_,VGND,li1,281.2900,174.0800,0.000266
_11786_,VGND,li1,286.3500,174.0800,0.000253
_11785_,VGND,li1,291.4100,174.0800,0.000238
_11784_,VGND,li1,281.2900,163.2000,0.000459
_11783_,VGND,li1,280.3700,157.7600,0.000850
_11782_,VGND,li1,272.5500,146.8800,0.001699
_11781_,VGND,li1,277.6100,152.3200,0.001209
_11780_,VGND,li1,284.5100,163.2000,0.000452
_11779_,VGND,li1,300.1500,168.6400,0.000185
_11778_,VGND,li1,296.9300,174.0800,0.000225
_11777_,VGND,li1,298.3100,168.6400,0.000194
_11776_,VGND,li1,295.0900,163.2000,0.000426
_11775_,VGND,li1,297.3900,163.2000,0.000419
_11774_,VGND,li1,296.2400,163.2000,0.000426
_11773_,VGND,li1,289.1100,163.2000,0.000441
_11772_,VGND,li1,295.5500,157.7600,0.000837
_11771_,VGND,li1,317.1700,190.4000,0.000307
_11770_,VGND,li1,349.1400,184.9600,0.000460
_11769_,VGND,li1,354.4300,179.5200,0.000482
_11768_,VGND,li1,359.9500,179.5200,0.000495
_11767_,VGND,li1,319.4700,184.9600,0.000293
_11766_,VGND,li1,315.7900,184.9600,0.000303
_11765_,VGND,li1,317.6300,184.9600,0.000298
_11764_,VGND,li1,351.2100,174.0800,0.000116
_11763_,VGND,li1,351.6700,168.6400,0.000127
_11762_,VGND,li1,351.9000,174.0800,0.000116
_11761_,VGND,li1,356.2700,179.5200,0.000488
_11760_,VGND,li1,353.9700,179.5200,0.000475
_11759_,VGND,li1,356.7300,179.5200,0.000488
_11758_,VGND,li1,362.2500,179.5200,0.000507
_11757_,VGND,li1,348.6800,174.0800,0.000113
_11756_,VGND,li1,343.8500,174.0800,0.000107
_11755_,VGND,li1,345.4600,174.0800,0.000107
_11754_,VGND,li1,362.4800,168.6400,0.000152
_11753_,VGND,li1,310.7300,174.0800,0.000178
_11752_,VGND,li1,313.2600,174.0800,0.000169
_11751_,VGND,li1,317.4000,174.0800,0.000158
_11750_,VGND,li1,316.4800,174.0800,0.000158
_11749_,VGND,li1,311.1900,179.5200,0.000408
_11748_,VGND,li1,362.2500,174.0800,0.000127
_11747_,VGND,li1,365.9300,168.6400,0.000157
_11746_,VGND,li1,359.9500,168.6400,0.000144
_11745_,VGND,li1,364.3200,174.0800,0.000128
_11744_,VGND,li1,362.2500,168.6400,0.000152
_11743_,VGND,li1,364.5500,168.6400,0.000157
_11742_,VGND,li1,365.4700,179.5200,0.000514
_11741_,VGND,li1,354.6600,168.6400,0.000134
_11740_,VGND,li1,353.9700,168.6400,0.000134
_11739_,VGND,li1,356.2700,168.6400,0.000140
_11738_,VGND,li1,349.3700,168.6400,0.000121
_11737_,VGND,li1,296.0100,184.9600,0.000355
_11736_,VGND,li1,295.0900,184.9600,0.000355
_11735_,VGND,li1,290.9500,179.5200,0.000489
_11734_,VGND,li1,293.4800,179.5200,0.000479
_11733_,VGND,li1,288.8800,174.0800,0.000247
_11732_,VGND,li1,285.8900,168.6400,0.000218
_11731_,VGND,li1,287.7300,168.6400,0.000214
_11730_,VGND,li1,295.0900,168.6400,0.000198
_11729_,VGND,li1,294.6300,168.6400,0.000198
_11728_,VGND,li1,297.6200,168.6400,0.000194
_11727_,VGND,li1,361.7900,201.2800,0.000323
_11726_,VGND,li1,363.4000,201.2800,0.000331
_11725_,VGND,li1,360.4100,201.2800,0.000323
_11724_,VGND,li1,358.5700,195.8400,0.000353
_11723_,VGND,li1,360.6400,195.8400,0.000369
_11722_,VGND,li1,355.3500,195.8400,0.000341
_11721_,VGND,li1,356.2700,195.8400,0.000341
_11720_,VGND,li1,354.4300,195.8400,0.000327
_11719_,VGND,li1,356.7300,184.9600,0.000481
_11718_,VGND,li1,358.5700,179.5200,0.000495
_11717_,VGND,li1,362.2500,184.9600,0.000492
_11716_,VGND,li1,365.4700,179.5200,0.000514
_11715_,VGND,li1,368.0000,174.0800,0.000130
_11714_,VGND,li1,368.9200,179.5200,0.000528
_11713_,VGND,li1,372.6000,179.5200,0.000539
_11712_,VGND,li1,367.7700,179.5200,0.000520
_11711_,VGND,li1,309.3500,195.8400,0.000224
_11710_,VGND,li1,312.1100,195.8400,0.000218
_11709_,VGND,li1,298.7700,190.4000,0.000340
_11708_,VGND,li1,298.7700,190.4000,0.000340
_11707_,VGND,li1,302.9100,184.9600,0.000338
_11706_,VGND,li1,300.1500,184.9600,0.000343
_11705_,VGND,li1,297.8500,184.9600,0.000350
_11704_,VGND,li1,300.6100,179.5200,0.000452
_11703_,VGND,li1,300.1500,179.5200,0.000452
_11702_,VGND,li1,306.8200,179.5200,0.000425
_11701_,VGND,li1,300.1500,174.0800,0.000211
_11700_,VGND,li1,294.6300,174.0800,0.000232
_11699_,VGND,li1,265.1900,157.7600,0.000860
_11698_,VGND,li1,274.3900,190.4000,0.000345
_11697_,VGND,li1,276.6900,190.4000,0.000347
_11696_,VGND,li1,272.3200,184.9600,0.000372
_11695_,VGND,li1,253.2300,184.9600,0.000356
_11694_,VGND,li1,251.8500,174.0800,0.000272
_11693_,VGND,li1,247.7100,174.0800,0.000265
_11692_,VGND,li1,250.7000,174.0800,0.000269
_11691_,VGND,li1,247.7100,184.9600,0.000346
_11690_,VGND,li1,241.7300,184.9600,0.000334
_11689_,VGND,li1,240.8100,179.5200,0.000427
_11688_,VGND,li1,244.0300,184.9600,0.000339
_11687_,VGND,li1,231.6100,179.5200,0.000388
_11686_,VGND,li1,228.3900,179.5200,0.000373
_11685_,VGND,li1,221.0300,179.5200,0.000339
_11684_,VGND,li1,217.5800,179.5200,0.000323
_11683_,VGND,li1,214.5900,179.5200,0.000309
_11682_,VGND,li1,217.8100,179.5200,0.000323
_11681_,VGND,li1,221.0300,174.0800,0.000216
_11680_,VGND,li1,365.4700,195.8400,0.000388
_11679_,VGND,li1,365.0100,195.8400,0.000388
_11678_,VGND,li1,367.3100,195.8400,0.000397
_11677_,VGND,li1,360.8700,195.8400,0.000369
_11676_,VGND,li1,359.0300,190.4000,0.000446
_11675_,VGND,li1,359.0300,195.8400,0.000353
_11674_,VGND,li1,359.0300,184.9600,0.000487
_11673_,VGND,li1,356.7300,184.9600,0.000481
_11672_,VGND,li1,359.7200,184.9600,0.000487
_11671_,VGND,li1,355.3500,190.4000,0.000438
_11670_,VGND,li1,313.0300,190.4000,0.000315
_11669_,VGND,li1,310.2700,190.4000,0.000322
_11668_,VGND,li1,307.9700,190.4000,0.000327
_11667_,VGND,li1,304.7500,190.4000,0.000330
_11666_,VGND,li1,306.1300,184.9600,0.000328
_11665_,VGND,li1,304.2900,184.9600,0.000333
_11664_,VGND,li1,303.6000,179.5200,0.000444
_11663_,VGND,li1,303.8300,174.0800,0.000200
_11662_,VGND,li1,305.6700,174.0800,0.000194
_11661_,VGND,li1,296.4700,174.0800,0.000225
_11660_,VGND,li1,269.3300,184.9600,0.000371
_11659_,VGND,li1,267.9500,184.9600,0.000370
_11658_,VGND,li1,265.1900,184.9600,0.000369
_11657_,VGND,li1,266.1100,190.4000,0.000333
_11656_,VGND,li1,238.5100,184.9600,0.000327
_11655_,VGND,li1,235.9800,184.9600,0.000321
_11654_,VGND,li1,232.9900,184.9600,0.000313
_11653_,VGND,li1,229.3100,184.9600,0.000301
_11652_,VGND,li1,225.6300,179.5200,0.000361
_11651_,VGND,li1,228.3900,179.5200,0.000373
_11650_,VGND,li1,367.7700,190.4000,0.000469
_11649_,VGND,li1,362.0200,190.4000,0.000454
_11648_,VGND,li1,364.0900,190.4000,0.000463
_11647_,VGND,li1,366.8500,184.9600,0.000506
_11646_,VGND,li1,307.2800,190.4000,0.000327
_11645_,VGND,li1,308.6600,184.9600,0.000321
_11644_,VGND,li1,310.2700,179.5200,0.000408
_11643_,VGND,li1,265.4200,184.9600,0.000369
_11642_,VGND,li1,310.2700,184.9600,0.000321
_11641_,VGND,li1,261.5100,184.9600,0.000366
_11640_,VGND,li1,66.9300,190.4000,0.000557
_11639_,VGND,li1,165.3700,48.9600,0.001808
_11638_,VGND,li1,151.5700,43.5200,0.002436
_11637_,VGND,li1,149.2700,38.0800,0.001018
_11636_,VGND,li1,142.3700,38.0800,0.001117
_11635_,VGND,li1,139.1500,38.0800,0.001144
_11634_,VGND,li1,133.4000,38.0800,0.001175
_11633_,VGND,li1,133.1700,32.6400,0.000408
_11632_,VGND,li1,84.4100,32.6400,0.000510
_11631_,VGND,li1,90.6200,32.6400,0.000508
_11630_,VGND,li1,78.4300,32.6400,0.000485
_11629_,VGND,li1,75.2100,32.6400,0.000475
_11628_,VGND,li1,81.8800,38.0800,0.000862
_11627_,VGND,li1,58.8800,32.6400,0.000366
_11626_,VGND,li1,71.9900,32.6400,0.000457
_11625_,VGND,li1,49.4500,32.6400,0.000305
_11624_,VGND,li1,51.9800,32.6400,0.000325
_11623_,VGND,li1,42.7800,32.6400,0.000239
_11622_,VGND,li1,67.8500,38.0800,0.000711
_11621_,VGND,li1,64.6300,38.0800,0.000670
_11620_,VGND,li1,60.0300,38.0800,0.000616
_11619_,VGND,li1,56.8100,38.0800,0.000564
_11618_,VGND,li1,36.5700,38.0800,0.000315
_11617_,VGND,li1,75.6700,38.0800,0.000799
_11616_,VGND,li1,72.4500,38.0800,0.000761
_11615_,VGND,li1,74.7500,48.9600,0.001094
_11614_,VGND,li1,74.0600,43.5200,0.001281
_11613_,VGND,li1,32.4300,38.0800,0.000260
_11612_,VGND,li1,129.9500,38.0800,0.001178
_11611_,VGND,li1,126.7300,38.0800,0.001175
_11610_,VGND,li1,123.5100,38.0800,0.001170
_11609_,VGND,li1,123.5100,43.5200,0.002208
_11608_,VGND,li1,119.3700,48.9600,0.001773
_11607_,VGND,li1,118.4500,48.9600,0.001773
_11606_,VGND,li1,160.7700,54.4000,0.000134
_11605_,VGND,li1,115.6900,54.4000,0.000185
_11604_,VGND,li1,111.5500,54.4000,0.000185
_11603_,VGND,li1,108.5600,54.4000,0.000185
_11602_,VGND,li1,123.9700,108.8000,0.000473
_11601_,VGND,li1,122.8200,59.8400,0.000396
_11600_,VGND,li1,125.1200,54.4000,0.000183
_11599_,VGND,li1,97.0600,38.0800,0.001004
_11598_,VGND,li1,135.4700,48.9600,0.001916
_11597_,VGND,li1,136.1600,54.4000,0.000175
_11596_,VGND,li1,154.1000,54.4000,0.000148
_11595_,VGND,li1,130.4100,38.0800,0.001178
_11594_,VGND,li1,146.7400,43.5200,0.002469
_11593_,VGND,li1,155.0200,43.5200,0.002310
_11592_,VGND,li1,166.2900,43.5200,0.001692
_11591_,VGND,li1,168.5900,48.9600,0.001693
_11590_,VGND,li1,168.5900,87.0400,0.002428
_11589_,VGND,li1,162.1500,48.9600,0.001907
_11588_,VGND,li1,163.0700,43.5200,0.001889
_11587_,VGND,li1,161.4600,81.6000,0.001082
_11586_,VGND,li1,158.4700,43.5200,0.002232
_11585_,VGND,li1,152.4900,43.5200,0.002436
_11584_,VGND,li1,152.4900,48.9600,0.001951
_11583_,VGND,li1,152.7200,76.1600,0.000979
_11582_,VGND,li1,145.5900,43.5200,0.002469
_11581_,VGND,li1,143.9800,54.4000,0.000167
_11580_,VGND,li1,147.4300,59.8400,0.000321
_11579_,VGND,li1,143.9800,59.8400,0.000344
_11578_,VGND,li1,150.4200,65.2800,0.000224
_11577_,VGND,li1,141.4500,43.5200,0.002449
_11576_,VGND,li1,144.4400,43.5200,0.002462
_11575_,VGND,li1,142.1400,48.9600,0.001958
_11574_,VGND,li1,136.3900,38.0800,0.001162
_11573_,VGND,li1,132.7100,43.5200,0.002338
_11572_,VGND,li1,129.7200,43.5200,0.002297
_11571_,VGND,li1,130.1800,48.9600,0.001874
_11570_,VGND,li1,132.7100,43.5200,0.002338
_11569_,VGND,li1,129.2600,43.5200,0.002271
_11568_,VGND,li1,138.6900,48.9600,0.001932
_11567_,VGND,li1,138.2300,54.4000,0.000173
_11566_,VGND,li1,134.0900,54.4000,0.000176
_11565_,VGND,li1,136.1600,54.4000,0.000175
_11564_,VGND,li1,128.1100,54.4000,0.000182
_11563_,VGND,li1,127.6500,54.4000,0.000182
_11562_,VGND,li1,125.8100,59.8400,0.000389
_11561_,VGND,li1,125.8100,54.4000,0.000183
_11560_,VGND,li1,123.5100,54.4000,0.000184
_11559_,VGND,li1,120.5200,59.8400,0.000402
_11558_,VGND,li1,118.4500,54.4000,0.000185
_11557_,VGND,li1,117.3000,59.8400,0.000410
_11556_,VGND,li1,109.9400,54.4000,0.000185
_11555_,VGND,li1,124.6600,65.2800,0.000260
_11554_,VGND,li1,151.1100,54.4000,0.000154
_11553_,VGND,li1,155.2500,54.4000,0.000148
_11552_,VGND,li1,157.5500,54.4000,0.000143
_11551_,VGND,li1,158.2400,54.4000,0.000139
_11550_,VGND,li1,162.1500,59.8400,0.000242
_11549_,VGND,li1,162.1500,54.4000,0.000130
_11548_,VGND,li1,163.9900,54.4000,0.000126
_11547_,VGND,li1,164.9100,54.4000,0.000126
_11546_,VGND,li1,138.4600,65.2800,0.000250
_11545_,VGND,li1,117.5300,38.0800,0.001155
_11544_,VGND,li1,113.1600,38.0800,0.001132
_11543_,VGND,li1,115.9200,38.0800,0.001145
_11542_,VGND,li1,110.8600,43.5200,0.002021
_11541_,VGND,li1,96.3700,38.0800,0.001004
_11540_,VGND,li1,93.6100,32.6400,0.000503
_11539_,VGND,li1,93.6100,38.0800,0.000987
_11538_,VGND,li1,90.3900,38.0800,0.000956
_11537_,VGND,li1,92.0000,38.0800,0.000956
_11536_,VGND,li1,86.2500,38.0800,0.000914
_11535_,VGND,li1,83.9500,38.0800,0.000889
_11534_,VGND,li1,86.2500,43.5200,0.001551
_11533_,VGND,li1,84.4100,43.5200,0.001514
_11532_,VGND,li1,81.1900,43.5200,0.001431
_11531_,VGND,li1,77.5100,43.5200,0.001370
_11530_,VGND,li1,77.7400,54.4000,0.000167
_11529_,VGND,li1,72.9100,43.5200,0.001281
_11528_,VGND,li1,70.6100,54.4000,0.000161
_11527_,VGND,li1,74.0600,54.4000,0.000164
_11526_,VGND,li1,75.4400,59.8400,0.000377
_11525_,VGND,li1,68.7700,48.9600,0.000966
_11524_,VGND,li1,85.1000,48.9600,0.001261
_11523_,VGND,li1,104.1900,54.4000,0.000184
_11522_,VGND,li1,106.9500,59.8400,0.000434
_11521_,VGND,li1,48.5300,48.9600,0.000613
_11520_,VGND,li1,94.3000,48.9600,0.001424
_11519_,VGND,li1,87.6300,32.6400,0.000511
_11518_,VGND,li1,50.6000,43.5200,0.000818
_11517_,VGND,li1,61.8700,32.6400,0.000386
_11516_,VGND,li1,55.8900,32.6400,0.000352
_11515_,VGND,li1,53.5900,32.6400,0.000325
_11514_,VGND,li1,48.7600,38.0800,0.000474
_11513_,VGND,li1,51.5200,38.0800,0.000503
_11512_,VGND,li1,24.8400,38.0800,0.000141
_11511_,VGND,li1,53.5900,38.0800,0.000535
_11510_,VGND,li1,55.8900,38.0800,0.000564
_11509_,VGND,li1,55.4300,32.6400,0.000352
_11508_,VGND,li1,56.3500,27.2000,0.000008
_11507_,VGND,li1,41.6300,32.6400,0.000239
_11506_,VGND,li1,34.7300,38.0800,0.000291
_11505_,VGND,li1,37.4900,38.0800,0.000315
_11504_,VGND,li1,33.5800,38.0800,0.000260
_11503_,VGND,li1,35.6500,43.5200,0.000477
_11502_,VGND,li1,31.0500,38.0800,0.000232
_11501_,VGND,li1,33.1200,43.5200,0.000381
_11500_,VGND,li1,30.5900,43.5200,0.000333
_11499_,VGND,li1,33.8100,48.9600,0.000366
_11498_,VGND,li1,23.0000,43.5200,0.000234
_11497_,VGND,li1,39.5600,32.6400,0.000221
_11496_,VGND,li1,173.1900,87.0400,0.002065
_11495_,VGND,li1,175.4900,87.0400,0.001740
_11494_,VGND,li1,170.8900,87.0400,0.002235
_11493_,VGND,li1,178.2500,87.0400,0.001465
_11492_,VGND,li1,166.7500,87.0400,0.002591
_11491_,VGND,li1,163.7600,87.0400,0.002654
_11490_,VGND,li1,163.0700,87.0400,0.002654
_11489_,VGND,li1,158.4700,81.6000,0.001131
_11488_,VGND,li1,155.4800,81.6000,0.001162
_11487_,VGND,li1,158.2400,87.0400,0.002700
_11486_,VGND,li1,154.3300,76.1600,0.000939
_11485_,VGND,li1,156.1700,76.1600,0.000893
_11484_,VGND,li1,158.4700,76.1600,0.000833
_11483_,VGND,li1,166.5200,76.1600,0.000622
_11482_,VGND,li1,151.5700,81.6000,0.001184
_11481_,VGND,li1,147.8900,76.1600,0.001017
_11480_,VGND,li1,149.0400,70.7200,0.000220
_11479_,VGND,li1,146.7400,81.6000,0.001192
_11478_,VGND,li1,143.7500,48.9600,0.001968
_11477_,VGND,li1,142.3700,59.8400,0.000344
_11476_,VGND,li1,145.3600,59.8400,0.000331
_11475_,VGND,li1,140.5300,65.2800,0.000248
_11474_,VGND,li1,142.8300,65.2800,0.000242
_11473_,VGND,li1,144.6700,65.2800,0.000237
_11472_,VGND,li1,143.0600,65.2800,0.000242
_11471_,VGND,li1,140.9900,65.2800,0.000248
_11470_,VGND,li1,135.9300,70.7200,0.000241
_11469_,VGND,li1,138.0000,70.7200,0.000238
_11468_,VGND,li1,132.2500,65.2800,0.000257
_11467_,VGND,li1,132.4800,65.2800,0.000257
_11466_,VGND,li1,129.0300,65.2800,0.000258
_11465_,VGND,li1,130.6400,59.8400,0.000376
_11464_,VGND,li1,125.8100,59.8400,0.000389
_11463_,VGND,li1,123.5100,65.2800,0.000260
_11462_,VGND,li1,121.6700,65.2800,0.000260
_11461_,VGND,li1,113.8500,65.2800,0.000261
_11460_,VGND,li1,106.7200,65.2800,0.000259
_11459_,VGND,li1,126.9600,70.7200,0.000253
_11458_,VGND,li1,149.2700,65.2800,0.000224
_11457_,VGND,li1,152.0300,65.2800,0.000215
_11456_,VGND,li1,154.1000,65.2800,0.000208
_11455_,VGND,li1,156.8600,65.2800,0.000200
_11454_,VGND,li1,161.9200,65.2800,0.000181
_11453_,VGND,li1,155.2500,59.8400,0.000280
_11452_,VGND,li1,157.5500,59.8400,0.000267
_11451_,VGND,li1,159.3900,59.8400,0.000257
_11450_,VGND,li1,159.6200,65.2800,0.000191
_11449_,VGND,li1,152.7200,59.8400,0.000293
_11448_,VGND,li1,170.4300,59.8400,0.000195
_11447_,VGND,li1,102.8100,65.2800,0.000258
_11446_,VGND,li1,141.2200,76.1600,0.001031
_11445_,VGND,li1,113.3900,48.9600,0.001721
_11444_,VGND,li1,116.1500,48.9600,0.001752
_11443_,VGND,li1,97.9800,59.8400,0.000454
_11442_,VGND,li1,108.7900,43.5200,0.001988
_11441_,VGND,li1,105.1100,43.5200,0.001910
_11440_,VGND,li1,106.0300,48.9600,0.001613
_11439_,VGND,li1,100.5100,48.9600,0.001528
_11438_,VGND,li1,103.5000,48.9600,0.001575
_11437_,VGND,li1,97.7500,48.9600,0.001484
_11436_,VGND,li1,91.7700,48.9600,0.001385
_11435_,VGND,li1,94.0700,48.9600,0.001424
_11434_,VGND,li1,86.0200,59.8400,0.000419
_11433_,VGND,li1,88.5500,48.9600,0.001327
_11432_,VGND,li1,81.6500,48.9600,0.001213
_11431_,VGND,li1,84.4100,48.9600,0.001261
_11430_,VGND,li1,81.1900,54.4000,0.000169
_11429_,VGND,li1,84.6400,54.4000,0.000172
_11428_,VGND,li1,77.7400,59.8400,0.000386
_11427_,VGND,li1,68.3100,48.9600,0.000966
_11426_,VGND,li1,82.3400,54.4000,0.000171
_11425_,VGND,li1,103.7300,54.4000,0.000184
_11424_,VGND,li1,112.4700,59.8400,0.000424
_11423_,VGND,li1,104.4200,59.8400,0.000442
_11422_,VGND,li1,110.1700,59.8400,0.000430
_11421_,VGND,li1,112.9300,59.8400,0.000424
_11420_,VGND,li1,114.5400,59.8400,0.000417
_11419_,VGND,li1,60.4900,54.4000,0.000148
_11418_,VGND,li1,92.9200,70.7200,0.000278
_11417_,VGND,li1,101.4300,43.5200,0.001854
_11416_,VGND,li1,104.4200,43.5200,0.001910
_11415_,VGND,li1,63.0200,54.4000,0.000153
_11414_,VGND,li1,50.8300,43.5200,0.000818
_11413_,VGND,li1,47.6100,43.5200,0.000751
_11412_,VGND,li1,48.3000,43.5200,0.000751
_11411_,VGND,li1,45.3100,43.5200,0.000699
_11410_,VGND,li1,43.4700,48.9600,0.000542
_11409_,VGND,li1,45.5400,48.9600,0.000580
_11408_,VGND,li1,59.5700,43.5200,0.001006
_11407_,VGND,li1,57.2700,43.5200,0.000958
_11406_,VGND,li1,61.4100,43.5200,0.001044
_11405_,VGND,li1,62.7900,48.9600,0.000881
_11404_,VGND,li1,63.4800,43.5200,0.001087
_11403_,VGND,li1,52.4400,48.9600,0.000703
_11402_,VGND,li1,47.1500,48.9600,0.000580
_11401_,VGND,li1,43.2400,43.5200,0.000642
_11400_,VGND,li1,42.7800,43.5200,0.000642
_11399_,VGND,li1,40.7100,38.0800,0.000370
_11398_,VGND,li1,25.5300,38.0800,0.000166
_11397_,VGND,li1,28.2900,38.0800,0.000204
_11396_,VGND,li1,21.3900,38.0800,0.000141
_11395_,VGND,li1,20.4700,43.5200,0.000234
_11394_,VGND,li1,20.9300,48.9600,0.000187
_11393_,VGND,li1,24.1500,48.9600,0.000187
_11392_,VGND,li1,24.8400,48.9600,0.000187
_11391_,VGND,li1,30.5900,54.4000,0.000060
_11390_,VGND,li1,22.0800,48.9600,0.000187
_11389_,VGND,li1,37.0300,32.6400,0.000198
_11388_,VGND,li1,37.4900,54.4000,0.000085
_11387_,VGND,li1,37.0300,59.8400,0.000154
_11386_,VGND,li1,177.3300,92.4800,0.000687
_11385_,VGND,li1,175.4900,92.4800,0.000821
_11384_,VGND,li1,168.8200,92.4800,0.001149
_11383_,VGND,li1,179.1700,152.3200,0.001263
_11382_,VGND,li1,178.4800,146.8800,0.001258
_11381_,VGND,li1,182.3900,146.8800,0.001645
_11380_,VGND,li1,180.5500,152.3200,0.001331
_11379_,VGND,li1,184.6900,146.8800,0.001786
_11378_,VGND,li1,171.3500,97.9200,0.001341
_11377_,VGND,li1,169.0500,97.9200,0.001403
_11376_,VGND,li1,170.8900,97.9200,0.001341
_11375_,VGND,li1,171.1200,119.6800,0.001219
_11374_,VGND,li1,164.9100,97.9200,0.001507
_11373_,VGND,li1,165.3700,97.9200,0.001507
_11372_,VGND,li1,163.0700,97.9200,0.001528
_11371_,VGND,li1,163.9900,92.4800,0.001200
_11370_,VGND,li1,164.6800,103.3600,0.000873
_11369_,VGND,li1,162.1500,92.4800,0.001213
_11368_,VGND,li1,153.4100,87.0400,0.002708
_11367_,VGND,li1,154.1000,87.0400,0.002708
_11366_,VGND,li1,155.9400,92.4800,0.001257
_11365_,VGND,li1,149.2700,81.6000,0.001194
_11364_,VGND,li1,144.6700,87.0400,0.002623
_11363_,VGND,li1,147.6600,87.0400,0.002646
_11362_,VGND,li1,141.4500,87.0400,0.002586
_11361_,VGND,li1,143.9800,81.6000,0.001180
_11360_,VGND,li1,140.9900,76.1600,0.001031
_11359_,VGND,li1,137.7700,76.1600,0.001032
_11358_,VGND,li1,138.6900,76.1600,0.001032
_11357_,VGND,li1,136.6200,92.4800,0.001189
_11356_,VGND,li1,133.6300,76.1600,0.001034
_11355_,VGND,li1,130.8700,76.1600,0.001034
_11354_,VGND,li1,132.2500,76.1600,0.001034
_11353_,VGND,li1,128.5700,76.1600,0.001033
_11352_,VGND,li1,126.5000,76.1600,0.001033
_11351_,VGND,li1,127.1900,76.1600,0.001033
_11350_,VGND,li1,123.5100,70.7200,0.000258
_11349_,VGND,li1,124.4300,70.7200,0.000256
_11348_,VGND,li1,122.8200,81.6000,0.001069
_11347_,VGND,li1,132.0200,87.0400,0.002444
_11346_,VGND,li1,163.5300,76.1600,0.000701
_11345_,VGND,li1,168.5900,76.1600,0.000567
_11344_,VGND,li1,170.6600,70.7200,0.000126
_11343_,VGND,li1,168.3600,70.7200,0.000142
_11342_,VGND,li1,164.4500,65.2800,0.000171
_11341_,VGND,li1,167.6700,65.2800,0.000159
_11340_,VGND,li1,171.3500,59.8400,0.000195
_11339_,VGND,li1,175.4900,59.8400,0.000164
_11338_,VGND,li1,171.3500,65.2800,0.000145
_11337_,VGND,li1,171.3500,54.4000,0.000108
_11336_,VGND,li1,156.6300,65.2800,0.000200
_11335_,VGND,li1,162.3800,70.7200,0.000163
_11334_,VGND,li1,156.6300,70.7200,0.000188
_11333_,VGND,li1,94.3000,81.6000,0.000898
_11332_,VGND,li1,144.4400,92.4800,0.001240
_11331_,VGND,li1,100.9700,76.1600,0.001007
_11330_,VGND,li1,103.7300,76.1600,0.001015
_11329_,VGND,li1,100.7400,81.6000,0.000951
_11328_,VGND,li1,97.7500,59.8400,0.000454
_11327_,VGND,li1,97.7500,65.2800,0.000253
_11326_,VGND,li1,98.9000,70.7200,0.000279
_11325_,VGND,li1,95.9100,70.7200,0.000279
_11324_,VGND,li1,100.7400,65.2800,0.000257
_11323_,VGND,li1,99.1300,70.7200,0.000279
_11322_,VGND,li1,89.9300,70.7200,0.000276
_11321_,VGND,li1,90.3900,65.2800,0.000240
_11320_,VGND,li1,86.9400,76.1600,0.000855
_11319_,VGND,li1,85.7900,65.2800,0.000230
_11318_,VGND,li1,87.8600,65.2800,0.000236
_11317_,VGND,li1,84.8700,65.2800,0.000230
_11316_,VGND,li1,80.7300,59.8400,0.000397
_11315_,VGND,li1,83.7200,59.8400,0.000405
_11314_,VGND,li1,77.7400,59.8400,0.000386
_11313_,VGND,li1,68.5400,65.2800,0.000192
_11312_,VGND,li1,85.1000,70.7200,0.000273
_11311_,VGND,li1,104.1900,70.7200,0.000275
_11310_,VGND,li1,109.2500,65.2800,0.000260
_11309_,VGND,li1,110.1700,70.7200,0.000271
_11308_,VGND,li1,112.2400,65.2800,0.000260
_11307_,VGND,li1,116.8400,65.2800,0.000261
_11306_,VGND,li1,115.0000,70.7200,0.000265
_11305_,VGND,li1,108.3300,76.1600,0.001020
_11304_,VGND,li1,55.2000,70.7200,0.000228
_11303_,VGND,li1,92.4600,76.1600,0.000923
_11302_,VGND,li1,92.6900,59.8400,0.000444
_11301_,VGND,li1,95.6800,59.8400,0.000450
_11300_,VGND,li1,60.7200,70.7200,0.000247
_11299_,VGND,li1,65.0900,59.8400,0.000332
_11298_,VGND,li1,59.5700,59.8400,0.000305
_11297_,VGND,li1,58.6500,54.4000,0.000144
_11296_,VGND,li1,55.8900,54.4000,0.000134
_11295_,VGND,li1,53.1300,54.4000,0.000127
_11294_,VGND,li1,54.5100,54.4000,0.000134
_11293_,VGND,li1,62.5600,48.9600,0.000881
_11292_,VGND,li1,65.5500,43.5200,0.001129
_11291_,VGND,li1,65.7800,48.9600,0.000922
_11290_,VGND,li1,67.3900,54.4000,0.000157
_11289_,VGND,li1,65.7800,65.2800,0.000186
_11288_,VGND,li1,23.0000,59.8400,0.000081
_11287_,VGND,li1,56.1200,59.8400,0.000286
_11286_,VGND,li1,48.5300,59.8400,0.000242
_11285_,VGND,li1,51.2900,59.8400,0.000258
_11284_,VGND,li1,45.0800,65.2800,0.000127
_11283_,VGND,li1,46.2300,54.4000,0.000112
_11282_,VGND,li1,43.4700,54.4000,0.000102
_11281_,VGND,li1,38.4100,54.4000,0.000085
_11280_,VGND,li1,38.8700,48.9600,0.000454
_11279_,VGND,li1,33.8100,48.9600,0.000366
_11278_,VGND,li1,36.5700,48.9600,0.000416
_11277_,VGND,li1,28.2900,48.9600,0.000264
_11276_,VGND,li1,26.4500,48.9600,0.000230
_11275_,VGND,li1,22.5400,54.4000,0.000041
_11274_,VGND,li1,26.2200,54.4000,0.000040
_11273_,VGND,li1,32.6600,54.4000,0.000067
_11272_,VGND,li1,13.8000,54.4000,0.000043
_11271_,VGND,li1,39.3300,59.8400,0.000180
_11270_,VGND,li1,40.4800,54.4000,0.000094
_11269_,VGND,li1,36.8000,81.6000,0.000264
_11268_,VGND,li1,35.6500,59.8400,0.000154
_11267_,VGND,li1,34.2700,59.8400,0.000141
_11266_,VGND,li1,32.6600,59.8400,0.000125
_11265_,VGND,li1,158.0100,92.4800,0.001244
_11264_,VGND,li1,164.4500,92.4800,0.001200
_11263_,VGND,li1,177.1000,97.9200,0.000847
_11262_,VGND,li1,153.1800,97.9200,0.001503
_11261_,VGND,li1,189.7500,146.8800,0.001996
_11260_,VGND,li1,192.7400,146.8800,0.002023
_11259_,VGND,li1,182.8500,146.8800,0.001645
_11258_,VGND,li1,181.9300,136.0000,0.000189
_11257_,VGND,li1,169.9700,119.6800,0.001219
_11256_,VGND,li1,167.2100,119.6800,0.001284
_11255_,VGND,li1,166.7500,114.2400,0.000423
_11254_,VGND,li1,165.3700,125.1200,0.000968
_11253_,VGND,li1,164.9100,108.8000,0.000517
_11252_,VGND,li1,160.7700,103.3600,0.000958
_11251_,VGND,li1,157.0900,103.3600,0.000999
_11250_,VGND,li1,157.0900,114.2400,0.000549
_11249_,VGND,li1,156.6300,103.3600,0.000999
_11248_,VGND,li1,151.1100,92.4800,0.001271
_11247_,VGND,li1,149.7300,92.4800,0.001271
_11246_,VGND,li1,100.5100,97.9200,0.001222
_11245_,VGND,li1,102.3500,87.0400,0.002072
_11244_,VGND,li1,98.2100,87.0400,0.001997
_11243_,VGND,li1,95.4500,87.0400,0.001922
_11242_,VGND,li1,92.2300,87.0400,0.001881
_11241_,VGND,li1,92.6900,87.0400,0.001881
_11240_,VGND,li1,92.2300,76.1600,0.000923
_11239_,VGND,li1,88.0900,76.1600,0.000879
_11238_,VGND,li1,88.5500,76.1600,0.000879
_11237_,VGND,li1,84.1800,87.0400,0.001691
_11236_,VGND,li1,83.4900,76.1600,0.000830
_11235_,VGND,li1,79.8100,76.1600,0.000790
_11234_,VGND,li1,84.6400,76.1600,0.000830
_11233_,VGND,li1,78.4300,70.7200,0.000268
_11232_,VGND,li1,75.6700,70.7200,0.000264
_11231_,VGND,li1,78.6600,70.7200,0.000268
_11230_,VGND,li1,72.2200,76.1600,0.000705
_11229_,VGND,li1,80.0400,81.6000,0.000754
_11228_,VGND,li1,114.3100,76.1600,0.001025
_11227_,VGND,li1,114.0800,81.6000,0.001016
_11226_,VGND,li1,116.3800,76.1600,0.001027
_11225_,VGND,li1,110.6300,81.6000,0.001006
_11224_,VGND,li1,108.3300,70.7200,0.000273
_11223_,VGND,li1,110.1700,76.1600,0.001022
_11222_,VGND,li1,106.9500,81.6000,0.000986
_11221_,VGND,li1,110.6300,76.1600,0.001022
_11220_,VGND,li1,110.1700,87.0400,0.002158
_11219_,VGND,li1,117.0700,81.6000,0.001041
_11218_,VGND,li1,119.6000,76.1600,0.001029
_11217_,VGND,li1,123.0500,76.1600,0.001030
_11216_,VGND,li1,124.4300,81.6000,0.001080
_11215_,VGND,li1,120.2900,81.6000,0.001058
_11214_,VGND,li1,58.8800,87.0400,0.001162
_11213_,VGND,li1,92.0000,92.4800,0.000840
_11212_,VGND,li1,97.7500,81.6000,0.000924
_11211_,VGND,li1,66.7000,87.0400,0.001350
_11210_,VGND,li1,62.7900,70.7200,0.000253
_11209_,VGND,li1,57.7300,70.7200,0.000237
_11208_,VGND,li1,54.9700,70.7200,0.000228
_11207_,VGND,li1,55.4300,65.2800,0.000158
_11206_,VGND,li1,54.0500,65.2800,0.000158
_11205_,VGND,li1,65.0900,65.2800,0.000186
_11204_,VGND,li1,65.5500,59.8400,0.000332
_11203_,VGND,li1,71.3000,65.2800,0.000198
_11202_,VGND,li1,67.8500,65.2800,0.000192
_11201_,VGND,li1,71.7600,65.2800,0.000198
_11200_,VGND,li1,50.6000,76.1600,0.000454
_11199_,VGND,li1,53.5900,76.1600,0.000494
_11198_,VGND,li1,20.2400,70.7200,0.000076
_11197_,VGND,li1,57.0400,76.1600,0.000523
_11196_,VGND,li1,48.5300,70.7200,0.000195
_11195_,VGND,li1,50.8300,70.7200,0.000210
_11194_,VGND,li1,41.8600,76.1600,0.000356
_11193_,VGND,li1,46.2300,65.2800,0.000135
_11192_,VGND,li1,21.3900,59.8400,0.000083
_11191_,VGND,li1,16.7900,59.8400,0.000085
_11190_,VGND,li1,20.9300,59.8400,0.000083
_11189_,VGND,li1,14.4900,54.4000,0.000043
_11188_,VGND,li1,10.3500,54.4000,0.000044
_11187_,VGND,li1,10.8100,54.4000,0.000044
_11186_,VGND,li1,16.7900,59.8400,0.000085
_11185_,VGND,li1,8.0500,54.4000,0.000044
_11184_,VGND,li1,23.4600,65.2800,0.000047
_11183_,VGND,li1,13.3400,65.2800,0.000051
_11182_,VGND,li1,42.0900,65.2800,0.000120
_11181_,VGND,li1,43.0100,70.7200,0.000174
_11180_,VGND,li1,38.6400,70.7200,0.000152
_11179_,VGND,li1,37.4900,65.2800,0.000102
_11178_,VGND,li1,33.3500,65.2800,0.000087
_11177_,VGND,li1,30.5900,59.8400,0.000107
_11176_,VGND,li1,33.8100,65.2800,0.000087
_11175_,VGND,li1,29.2100,65.2800,0.000064
_11174_,VGND,li1,25.7600,65.2800,0.000056
_11173_,VGND,li1,150.6500,103.3600,0.001003
_11172_,VGND,li1,150.8800,97.9200,0.001492
_11171_,VGND,li1,146.0500,103.3600,0.000991
_11170_,VGND,li1,145.5900,97.9200,0.001475
_11169_,VGND,li1,141.4500,97.9200,0.001454
_11168_,VGND,li1,142.8300,97.9200,0.001463
_11167_,VGND,li1,139.1500,97.9200,0.001445
_11166_,VGND,li1,141.2200,103.3600,0.000972
_11165_,VGND,li1,136.8500,92.4800,0.001189
_11164_,VGND,li1,132.7100,92.4800,0.001153
_11163_,VGND,li1,134.0900,92.4800,0.001171
_11162_,VGND,li1,132.2500,87.0400,0.002468
_11161_,VGND,li1,128.5700,87.0400,0.002417
_11160_,VGND,li1,129.9500,81.6000,0.001108
_11159_,VGND,li1,125.5800,87.0400,0.002381
_11158_,VGND,li1,115.4600,87.0400,0.002247
_11157_,VGND,li1,132.9400,97.9200,0.001412
_11156_,VGND,li1,175.0300,92.4800,0.000821
_11155_,VGND,li1,178.2500,92.4800,0.000687
_11154_,VGND,li1,181.2400,92.4800,0.000688
_11153_,VGND,li1,179.4000,97.9200,0.000858
_11152_,VGND,li1,177.7900,81.6000,0.000448
_11151_,VGND,li1,174.5700,76.1600,0.000408
_11150_,VGND,li1,176.4100,76.1600,0.000359
_11149_,VGND,li1,174.3400,81.6000,0.000573
_11148_,VGND,li1,168.1300,76.1600,0.000622
_11147_,VGND,li1,169.2800,81.6000,0.000757
_11146_,VGND,li1,174.1100,70.7200,0.000114
_11145_,VGND,li1,176.6400,70.7200,0.000104
_11144_,VGND,li1,174.5700,70.7200,0.000114
_11143_,VGND,li1,180.7800,70.7200,0.000107
_11142_,VGND,li1,174.5700,65.2800,0.000138
_11141_,VGND,li1,176.6400,65.2800,0.000124
_11140_,VGND,li1,178.2500,59.8400,0.000147
_11139_,VGND,li1,174.3400,54.4000,0.000104
_11138_,VGND,li1,98.9000,103.3600,0.000774
_11137_,VGND,li1,148.5800,108.8000,0.000526
_11136_,VGND,li1,161.2300,108.8000,0.000525
_11135_,VGND,li1,163.0700,108.8000,0.000522
_11134_,VGND,li1,165.1400,108.8000,0.000517
_11133_,VGND,li1,174.3400,108.8000,0.000357
_11132_,VGND,li1,191.1300,152.3200,0.001534
_11131_,VGND,li1,183.7700,152.3200,0.001419
_11130_,VGND,li1,178.2500,152.3200,0.001263
_11129_,VGND,li1,176.8700,157.7600,0.000676
_11128_,VGND,li1,188.3700,146.8800,0.001917
_11127_,VGND,li1,192.5100,146.8800,0.002023
_11126_,VGND,li1,188.3700,152.3200,0.001492
_11125_,VGND,li1,162.6100,152.3200,0.001851
_11124_,VGND,li1,183.7700,141.4400,0.000858
_11123_,VGND,li1,181.0100,141.4400,0.000773
_11122_,VGND,li1,184.6900,141.4400,0.000857
_11121_,VGND,li1,155.7100,141.4400,0.001095
_11120_,VGND,li1,167.6700,125.1200,0.000911
_11119_,VGND,li1,161.6900,125.1200,0.001036
_11118_,VGND,li1,162.3800,125.1200,0.001036
_11117_,VGND,li1,148.5800,130.5600,0.000398
_11116_,VGND,li1,157.5500,119.6800,0.001323
_11115_,VGND,li1,145.1300,114.2400,0.000610
_11114_,VGND,li1,148.8100,114.2400,0.000592
_11113_,VGND,li1,104.4200,119.6800,0.001110
_11112_,VGND,li1,101.4300,97.9200,0.001242
_11111_,VGND,li1,97.2900,97.9200,0.001198
_11110_,VGND,li1,97.7500,97.9200,0.001198
_11109_,VGND,li1,98.4400,92.4800,0.000897
_11108_,VGND,li1,62.5600,103.3600,0.000514
_11107_,VGND,li1,66.9300,87.0400,0.001350
_11106_,VGND,li1,62.7900,87.0400,0.001240
_11105_,VGND,li1,60.0300,81.6000,0.000547
_11104_,VGND,li1,60.0300,87.0400,0.001162
_11103_,VGND,li1,60.4900,81.6000,0.000547
_11102_,VGND,li1,60.0300,76.1600,0.000568
_11101_,VGND,li1,51.7500,76.1600,0.000454
_11100_,VGND,li1,52.2100,81.6000,0.000460
_11099_,VGND,li1,48.0700,81.6000,0.000398
_11098_,VGND,li1,49.4500,81.6000,0.000429
_11097_,VGND,li1,53.5900,76.1600,0.000494
_11096_,VGND,li1,48.5300,76.1600,0.000421
_11095_,VGND,li1,51.0600,87.0400,0.000953
_11094_,VGND,li1,67.8500,81.6000,0.000629
_11093_,VGND,li1,67.8500,76.1600,0.000651
_11092_,VGND,li1,70.6100,81.6000,0.000652
_11091_,VGND,li1,69.2300,81.6000,0.000629
_11090_,VGND,li1,69.4600,76.1600,0.000674
_11089_,VGND,li1,64.6300,76.1600,0.000620
_11088_,VGND,li1,20.9300,87.0400,0.000275
_11087_,VGND,li1,60.9500,92.4800,0.000525
_11086_,VGND,li1,46.2300,87.0400,0.000850
_11085_,VGND,li1,46.0000,81.6000,0.000372
_11084_,VGND,li1,39.5600,92.4800,0.000286
_11083_,VGND,li1,43.0100,76.1600,0.000356
_11082_,VGND,li1,23.2300,76.1600,0.000142
_11081_,VGND,li1,21.8500,70.7200,0.000076
_11080_,VGND,li1,17.2500,70.7200,0.000078
_11079_,VGND,li1,14.0300,65.2800,0.000050
_11078_,VGND,li1,9.8900,65.2800,0.000051
_11077_,VGND,li1,7.5900,65.2800,0.000051
_11076_,VGND,li1,14.4900,59.8400,0.000085
_11075_,VGND,li1,15.4100,65.2800,0.000050
_11074_,VGND,li1,20.9300,76.1600,0.000144
_11073_,VGND,li1,11.7300,76.1600,0.000147
_11072_,VGND,li1,40.2500,70.7200,0.000152
_11071_,VGND,li1,39.3300,76.1600,0.000323
_11070_,VGND,li1,37.7200,81.6000,0.000294
_11069_,VGND,li1,34.2700,70.7200,0.000127
_11068_,VGND,li1,34.7300,70.7200,0.000127
_11067_,VGND,li1,30.1300,70.7200,0.000093
_11066_,VGND,li1,25.5300,70.7200,0.000072
_11065_,VGND,li1,22.7700,70.7200,0.000074
_11064_,VGND,li1,28.5200,70.7200,0.000093
_11063_,VGND,li1,33.3500,81.6000,0.000231
_11062_,VGND,li1,30.5900,81.6000,0.000208
_11061_,VGND,li1,95.9100,103.3600,0.000758
_11060_,VGND,li1,92.2300,103.3600,0.000734
_11059_,VGND,li1,92.9200,97.9200,0.001138
_11058_,VGND,li1,90.3900,92.4800,0.000821
_11057_,VGND,li1,87.1700,92.4800,0.000795
_11056_,VGND,li1,89.9300,92.4800,0.000821
_11055_,VGND,li1,85.5600,97.9200,0.001037
_11054_,VGND,li1,81.1900,92.4800,0.000725
_11053_,VGND,li1,78.8900,87.0400,0.001606
_11052_,VGND,li1,81.8800,87.0400,0.001648
_11051_,VGND,li1,77.5100,87.0400,0.001558
_11050_,VGND,li1,75.2100,81.6000,0.000704
_11049_,VGND,li1,78.2000,81.6000,0.000728
_11048_,VGND,li1,72.4500,92.4800,0.000649
_11047_,VGND,li1,80.0400,92.4800,0.000725
_11046_,VGND,li1,114.7700,92.4800,0.001027
_11045_,VGND,li1,111.0900,92.4800,0.000998
_11044_,VGND,li1,111.5500,87.0400,0.002195
_11043_,VGND,li1,111.0900,97.9200,0.001295
_11042_,VGND,li1,112.9300,92.4800,0.001013
_11041_,VGND,li1,108.1000,87.0400,0.002131
_11040_,VGND,li1,107.1800,92.4800,0.000967
_11039_,VGND,li1,109.7100,87.0400,0.002158
_11038_,VGND,li1,108.3300,81.6000,0.000986
_11037_,VGND,li1,108.3300,92.4800,0.000967
_11036_,VGND,li1,119.8300,92.4800,0.001066
_11035_,VGND,li1,123.2800,87.0400,0.002351
_11034_,VGND,li1,123.5100,92.4800,0.001094
_11033_,VGND,li1,123.0500,92.4800,0.001080
_11032_,VGND,li1,126.2700,92.4800,0.001114
_11031_,VGND,li1,56.1200,103.3600,0.000445
_11030_,VGND,li1,95.2200,108.8000,0.000391
_11029_,VGND,li1,153.4100,114.2400,0.000565
_11028_,VGND,li1,157.0900,114.2400,0.000548
_11027_,VGND,li1,153.4100,114.2400,0.000565
_11026_,VGND,li1,154.3300,108.8000,0.000526
_11025_,VGND,li1,150.1900,108.8000,0.000526
_11024_,VGND,li1,144.2100,108.8000,0.000521
_11023_,VGND,li1,145.1300,108.8000,0.000521
_11022_,VGND,li1,143.5200,119.6800,0.001281
_11021_,VGND,li1,139.6100,108.8000,0.000510
_11020_,VGND,li1,136.3900,103.3600,0.000953
_11019_,VGND,li1,139.1500,103.3600,0.000964
_11018_,VGND,li1,136.3900,103.3600,0.000953
_11017_,VGND,li1,129.4900,97.9200,0.001394
_11016_,VGND,li1,130.8700,97.9200,0.001394
_11015_,VGND,li1,127.1900,103.3600,0.000913
_11014_,VGND,li1,129.0300,108.8000,0.000489
_11013_,VGND,li1,131.3300,108.8000,0.000494
_11012_,VGND,li1,118.2200,103.3600,0.000872
_11011_,VGND,li1,134.3200,108.8000,0.000499
_11010_,VGND,li1,170.8900,108.8000,0.000400
_11009_,VGND,li1,175.9500,108.8000,0.000290
_11008_,VGND,li1,178.7100,108.8000,0.000232
_11007_,VGND,li1,180.7800,108.8000,0.000237
_11006_,VGND,li1,179.1700,103.3600,0.000427
_11005_,VGND,li1,175.9500,103.3600,0.000549
_11004_,VGND,li1,175.7200,103.3600,0.000549
_11003_,VGND,li1,175.0300,97.9200,0.001011
_11002_,VGND,li1,182.8500,103.3600,0.000478
_11001_,VGND,li1,183.7700,97.9200,0.000879
_11000_,VGND,li1,188.8300,103.3600,0.000545
_10999_,VGND,li1,181.9300,76.1600,0.000306
_10998_,VGND,li1,184.2300,76.1600,0.000313
_10997_,VGND,li1,183.7700,70.7200,0.000120
_10996_,VGND,li1,177.7900,70.7200,0.000093
_10995_,VGND,li1,174.1100,65.2800,0.000138
_10994_,VGND,li1,185.3800,70.7200,0.000120
_10993_,VGND,li1,102.1200,114.2400,0.000582
_10992_,VGND,li1,150.8800,119.6800,0.001305
_10991_,VGND,li1,167.2100,130.5600,0.000245
_10990_,VGND,li1,165.3700,130.5600,0.000262
_10989_,VGND,li1,162.6100,130.5600,0.000285
_10988_,VGND,li1,174.8000,125.1200,0.000663
_10987_,VGND,li1,169.2800,146.8800,0.001423
_10986_,VGND,li1,183.3100,157.7600,0.000688
_10985_,VGND,li1,180.3200,157.7600,0.000614
_10984_,VGND,li1,184.2300,152.3200,0.001419
_10983_,VGND,li1,166.2900,152.3200,0.001775
_10982_,VGND,li1,165.1400,157.7600,0.000895
_10981_,VGND,li1,165.6000,152.3200,0.001775
_10980_,VGND,li1,152.2600,152.3200,0.001988
_10979_,VGND,li1,161.0000,146.8800,0.001553
_10978_,VGND,li1,156.1700,146.8800,0.001622
_10977_,VGND,li1,157.3200,146.8800,0.001622
_10976_,VGND,li1,154.5600,141.4400,0.001095
_10975_,VGND,li1,156.8600,141.4400,0.001061
_10974_,VGND,li1,145.1300,141.4400,0.001156
_10973_,VGND,li1,149.0400,141.4400,0.001142
_10972_,VGND,li1,145.8200,130.5600,0.000401
_10971_,VGND,li1,151.8000,130.5600,0.000378
_10970_,VGND,li1,105.5700,119.6800,0.001110
_10969_,VGND,li1,106.7200,125.1200,0.000951
_10968_,VGND,li1,103.9600,114.2400,0.000586
_10967_,VGND,li1,107.1800,119.6800,0.001126
_10966_,VGND,li1,62.3300,114.2400,0.000419
_10965_,VGND,li1,63.4800,114.2400,0.000419
_10964_,VGND,li1,62.1000,103.3600,0.000514
_10963_,VGND,li1,64.4000,103.3600,0.000532
_10962_,VGND,li1,38.4100,97.9200,0.000363
_10961_,VGND,li1,39.5600,103.3600,0.000277
_10960_,VGND,li1,40.4800,97.9200,0.000396
_10959_,VGND,li1,38.1800,97.9200,0.000363
_10958_,VGND,li1,20.9300,92.4800,0.000138
_10957_,VGND,li1,13.1100,87.0400,0.000279
_10956_,VGND,li1,15.4100,87.0400,0.000278
_10955_,VGND,li1,10.8100,81.6000,0.000135
_10954_,VGND,li1,13.5700,70.7200,0.000081
_10953_,VGND,li1,12.6500,70.7200,0.000081
_10952_,VGND,li1,8.0500,76.1600,0.000148
_10951_,VGND,li1,14.9500,70.7200,0.000079
_10950_,VGND,li1,12.1900,87.0400,0.000279
_10949_,VGND,li1,16.3300,97.9200,0.000171
_10948_,VGND,li1,36.3400,92.4800,0.000265
_10947_,VGND,li1,38.1800,92.4800,0.000286
_10946_,VGND,li1,28.5200,97.9200,0.000202
_10945_,VGND,li1,39.5600,87.0400,0.000639
_10944_,VGND,li1,41.8600,87.0400,0.000736
_10943_,VGND,li1,34.5000,87.0400,0.000511
_10942_,VGND,li1,36.1100,87.0400,0.000584
_10941_,VGND,li1,34.0400,81.6000,0.000231
_10940_,VGND,li1,32.8900,87.0400,0.000463
_10939_,VGND,li1,30.3600,87.0400,0.000402
_10938_,VGND,li1,27.3700,87.0400,0.000353
_10937_,VGND,li1,29.9000,87.0400,0.000402
_10936_,VGND,li1,25.9900,81.6000,0.000152
_10935_,VGND,li1,29.2100,81.6000,0.000183
_10934_,VGND,li1,27.1400,81.6000,0.000152
_10933_,VGND,li1,20.9300,81.6000,0.000131
_10932_,VGND,li1,24.1500,81.6000,0.000129
_10931_,VGND,li1,59.1100,103.3600,0.000487
_10930_,VGND,li1,59.1100,103.3600,0.000487
_10929_,VGND,li1,59.8000,97.9200,0.000673
_10928_,VGND,li1,57.7300,92.4800,0.000494
_10927_,VGND,li1,54.5100,92.4800,0.000450
_10926_,VGND,li1,55.4300,92.4800,0.000475
_10925_,VGND,li1,51.2900,97.9200,0.000552
_10924_,VGND,li1,50.8300,92.4800,0.000425
_10923_,VGND,li1,53.1300,87.0400,0.001021
_10922_,VGND,li1,53.1300,92.4800,0.000450
_10921_,VGND,li1,48.9900,92.4800,0.000398
_10920_,VGND,li1,46.2300,92.4800,0.000375
_10919_,VGND,li1,65.0900,92.4800,0.000575
_10918_,VGND,li1,69.4600,92.4800,0.000605
_10917_,VGND,li1,68.0800,92.4800,0.000605
_10916_,VGND,li1,71.7600,92.4800,0.000626
_10915_,VGND,li1,65.5500,92.4800,0.000575
_10914_,VGND,li1,20.7000,108.8000,0.000068
_10913_,VGND,li1,58.1900,108.8000,0.000230
_10912_,VGND,li1,99.5900,114.2400,0.000576
_10911_,VGND,li1,96.8300,114.2400,0.000567
_10910_,VGND,li1,99.8200,114.2400,0.000576
_10909_,VGND,li1,97.7500,108.8000,0.000400
_10908_,VGND,li1,89.9300,108.8000,0.000372
_10907_,VGND,li1,90.6200,108.8000,0.000372
_10906_,VGND,li1,93.1500,108.8000,0.000383
_10905_,VGND,li1,86.9400,114.2400,0.000527
_10904_,VGND,li1,84.8700,103.3600,0.000682
_10903_,VGND,li1,80.7300,97.9200,0.000970
_10902_,VGND,li1,83.4900,97.9200,0.000995
_10901_,VGND,li1,78.8900,97.9200,0.000944
_10900_,VGND,li1,75.2100,97.9200,0.000892
_10899_,VGND,li1,72.2200,97.9200,0.000850
_10898_,VGND,li1,70.6100,103.3600,0.000578
_10897_,VGND,li1,80.9600,103.3600,0.000644
_10896_,VGND,li1,115.2300,103.3600,0.000858
_10895_,VGND,li1,115.0000,108.8000,0.000450
_10894_,VGND,li1,111.7800,103.3600,0.000838
_10893_,VGND,li1,112.4700,108.8000,0.000440
_10892_,VGND,li1,110.1700,108.8000,0.000433
_10891_,VGND,li1,111.0900,103.3600,0.000838
_10890_,VGND,li1,115.6900,103.3600,0.000858
_10889_,VGND,li1,109.7100,103.3600,0.000826
_10888_,VGND,li1,106.9500,103.3600,0.000816
_10887_,VGND,li1,111.0900,92.4800,0.000998
_10886_,VGND,li1,106.9500,97.9200,0.001272
_10885_,VGND,li1,123.9700,103.3600,0.000893
_10884_,VGND,li1,129.9500,103.3600,0.000925
_10883_,VGND,li1,124.8900,103.3600,0.000903
_10882_,VGND,li1,123.9700,97.9200,0.001362
_10881_,VGND,li1,123.5100,97.9200,0.001362
_10880_,VGND,li1,60.0300,114.2400,0.000404
_10879_,VGND,li1,92.4600,119.6800,0.000989
_10878_,VGND,li1,149.2700,130.5600,0.000390
_10877_,VGND,li1,153.8700,130.5600,0.000358
_10876_,VGND,li1,152.4900,125.1200,0.001044
_10875_,VGND,li1,155.2500,125.1200,0.001043
_10874_,VGND,li1,151.5700,125.1200,0.001044
_10873_,VGND,li1,147.8900,125.1200,0.001040
_10872_,VGND,li1,148.8100,119.6800,0.001296
_10871_,VGND,li1,148.3500,125.1200,0.001040
_10870_,VGND,li1,127.6500,130.5600,0.000388
_10869_,VGND,li1,140.9900,119.6800,0.001273
_10868_,VGND,li1,137.7700,119.6800,0.001256
_10867_,VGND,li1,139.1500,119.6800,0.001266
_10866_,VGND,li1,135.0100,114.2400,0.000610
_10865_,VGND,li1,136.1600,114.2400,0.000610
_10864_,VGND,li1,132.7100,114.2400,0.000609
_10863_,VGND,li1,122.8200,108.8000,0.000473
_10862_,VGND,li1,128.1100,114.2400,0.000606
_10861_,VGND,li1,126.7300,114.2400,0.000606
_10860_,VGND,li1,129.4900,119.6800,0.001224
_10859_,VGND,li1,138.4600,114.2400,0.000610
_10858_,VGND,li1,116.8400,119.6800,0.001174
_10857_,VGND,li1,118.2200,125.1200,0.000979
_10856_,VGND,li1,175.4900,125.1200,0.000586
_10855_,VGND,li1,177.7900,125.1200,0.000490
_10854_,VGND,li1,180.0900,125.1200,0.000506
_10853_,VGND,li1,180.0900,125.1200,0.000506
_10852_,VGND,li1,181.2400,130.5600,0.000137
_10851_,VGND,li1,178.7100,114.2400,0.000214
_10850_,VGND,li1,178.2500,114.2400,0.000243
_10849_,VGND,li1,174.1100,114.2400,0.000287
_10848_,VGND,li1,174.8000,114.2400,0.000287
_10847_,VGND,li1,170.8900,114.2400,0.000355
_10846_,VGND,li1,187.9100,114.2400,0.000264
_10845_,VGND,li1,185.1500,114.2400,0.000249
_10844_,VGND,li1,187.9100,119.6800,0.000668
_10843_,VGND,li1,187.4500,108.8000,0.000251
_10842_,VGND,li1,189.7500,108.8000,0.000256
_10841_,VGND,li1,187.6800,103.3600,0.000545
_10840_,VGND,li1,185.6100,103.3600,0.000513
_10839_,VGND,li1,182.3900,103.3600,0.000478
_10838_,VGND,li1,101.2000,125.1200,0.000918
_10837_,VGND,li1,137.7700,136.0000,0.000243
_10836_,VGND,li1,169.5100,141.4400,0.000872
_10835_,VGND,li1,168.1300,141.4400,0.000872
_10834_,VGND,li1,165.8300,141.4400,0.000911
_10833_,VGND,li1,174.8000,136.0000,0.000175
_10832_,VGND,li1,138.2300,141.4400,0.001150
_10831_,VGND,li1,182.8500,157.7600,0.000688
_10830_,VGND,li1,114.3100,184.9600,0.000954
_10829_,VGND,li1,179.6300,157.7600,0.000614
_10828_,VGND,li1,172.7300,157.7600,0.000773
_10827_,VGND,li1,175.4900,152.3200,0.001390
_10826_,VGND,li1,167.4400,157.7600,0.000863
_10825_,VGND,li1,169.0500,157.7600,0.000863
_10824_,VGND,li1,169.7400,146.8800,0.001423
_10823_,VGND,li1,164.6800,157.7600,0.000909
_10822_,VGND,li1,156.4000,152.3200,0.001956
_10821_,VGND,li1,153.4100,146.8800,0.001637
_10820_,VGND,li1,150.6500,152.3200,0.001991
_10819_,VGND,li1,146.0500,146.8800,0.001644
_10818_,VGND,li1,151.1100,146.8800,0.001643
_10817_,VGND,li1,144.9000,146.8800,0.001644
_10816_,VGND,li1,143.0600,146.8800,0.001627
_10815_,VGND,li1,148.5800,141.4400,0.001142
_10814_,VGND,li1,145.1300,141.4400,0.001156
_10813_,VGND,li1,104.8800,141.4400,0.001040
_10812_,VGND,li1,150.1900,141.4400,0.001142
_10811_,VGND,li1,102.1200,141.4400,0.001019
_10810_,VGND,li1,103.5000,125.1200,0.000936
_10809_,VGND,li1,103.7300,125.1200,0.000936
_10808_,VGND,li1,62.5600,125.1200,0.000549
_10807_,VGND,li1,105.1100,130.5600,0.000349
_10806_,VGND,li1,61.4100,119.6800,0.000642
_10805_,VGND,li1,60.4900,119.6800,0.000642
_10804_,VGND,li1,57.2700,114.2400,0.000386
_10803_,VGND,li1,38.1800,114.2400,0.000232
_10802_,VGND,li1,34.0400,114.2400,0.000194
_10801_,VGND,li1,33.1200,108.8000,0.000111
_10800_,VGND,li1,35.4200,108.8000,0.000123
_10799_,VGND,li1,33.3500,103.3600,0.000229
_10798_,VGND,li1,28.5200,103.3600,0.000176
_10797_,VGND,li1,36.5700,103.3600,0.000251
_10796_,VGND,li1,30.8200,103.3600,0.000201
_10795_,VGND,li1,24.8400,114.2400,0.000106
_10794_,VGND,li1,29.9000,97.9200,0.000237
_10793_,VGND,li1,27.6000,97.9200,0.000202
_10792_,VGND,li1,20.4700,92.4800,0.000138
_10791_,VGND,li1,16.7900,92.4800,0.000143
_10790_,VGND,li1,15.1800,87.0400,0.000278
_10789_,VGND,li1,8.9700,87.0400,0.000279
_10788_,VGND,li1,13.1100,81.6000,0.000134
_10787_,VGND,li1,25.3000,97.9200,0.000164
_10786_,VGND,li1,23.0000,97.9200,0.000166
_10785_,VGND,li1,23.4600,103.3600,0.000119
_10784_,VGND,li1,30.8200,92.4800,0.000189
_10783_,VGND,li1,28.5200,92.4800,0.000159
_10782_,VGND,li1,27.3700,92.4800,0.000159
_10781_,VGND,li1,31.2800,108.8000,0.000101
_10780_,VGND,li1,28.0600,108.8000,0.000083
_10779_,VGND,li1,17.7100,108.8000,0.000071
_10778_,VGND,li1,14.0300,108.8000,0.000073
_10777_,VGND,li1,14.9500,103.3600,0.000123
_10776_,VGND,li1,12.1900,97.9200,0.000172
_10775_,VGND,li1,19.0900,97.9200,0.000168
_10774_,VGND,li1,10.3500,92.4800,0.000146
_10773_,VGND,li1,14.9500,97.9200,0.000171
_10772_,VGND,li1,12.6500,108.8000,0.000073
_10771_,VGND,li1,14.9500,119.6800,0.000150
_10770_,VGND,li1,51.5200,114.2400,0.000342
_10769_,VGND,li1,53.3600,114.2400,0.000356
_10768_,VGND,li1,58.4200,114.2400,0.000386
_10767_,VGND,li1,53.5900,108.8000,0.000209
_10766_,VGND,li1,52.9000,108.8000,0.000209
_10765_,VGND,li1,55.2000,108.8000,0.000220
_10764_,VGND,li1,50.6000,103.3600,0.000405
_10763_,VGND,li1,52.9000,103.3600,0.000428
_10762_,VGND,li1,42.0900,108.8000,0.000156
_10761_,VGND,li1,48.9900,97.9200,0.000519
_10760_,VGND,li1,48.9900,103.3600,0.000387
_10759_,VGND,li1,46.2300,97.9200,0.000466
_10758_,VGND,li1,46.6900,97.9200,0.000466
_10757_,VGND,li1,67.8500,108.8000,0.000277
_10756_,VGND,li1,70.1500,108.8000,0.000286
_10755_,VGND,li1,68.5400,103.3600,0.000563
_10754_,VGND,li1,71.9900,103.3600,0.000578
_10753_,VGND,li1,67.3900,103.3600,0.000546
_10752_,VGND,li1,20.2400,125.1200,0.000135
_10751_,VGND,li1,98.2100,125.1200,0.000893
_10750_,VGND,li1,94.0700,125.1200,0.000856
_10749_,VGND,li1,97.0600,125.1200,0.000873
_10748_,VGND,li1,91.7700,119.6800,0.000989
_10747_,VGND,li1,88.5500,119.6800,0.000943
_10746_,VGND,li1,89.7000,119.6800,0.000967
_10745_,VGND,li1,89.9300,125.1200,0.000816
_10744_,VGND,li1,82.1100,125.1200,0.000741
_10743_,VGND,li1,84.8700,119.6800,0.000917
_10742_,VGND,li1,82.1100,114.2400,0.000504
_10741_,VGND,li1,84.8700,114.2400,0.000519
_10740_,VGND,li1,79.8100,108.8000,0.000330
_10739_,VGND,li1,76.1300,108.8000,0.000314
_10738_,VGND,li1,84.4100,108.8000,0.000348
_10737_,VGND,li1,79.8100,108.8000,0.000330
_10736_,VGND,li1,77.0500,65.2800,0.000213
_10735_,VGND,li1,72.6800,108.8000,0.000299
_10734_,VGND,li1,48.5300,119.6800,0.000468
_10733_,VGND,li1,75.2100,119.6800,0.000792
_10732_,VGND,li1,114.3100,119.6800,0.001162
_10731_,VGND,li1,112.4700,119.6800,0.001153
_10730_,VGND,li1,114.3100,114.2400,0.000596
_10729_,VGND,li1,77.5100,119.6800,0.000818
_10728_,VGND,li1,109.7100,114.2400,0.000591
_10727_,VGND,li1,112.0100,114.2400,0.000594
_10726_,VGND,li1,110.4000,114.2400,0.000591
_10725_,VGND,li1,106.9500,108.8000,0.000427
_10724_,VGND,li1,103.7300,108.8000,0.000418
_10723_,VGND,li1,126.2700,119.6800,0.001212
_10722_,VGND,li1,129.4900,125.1200,0.001005
_10721_,VGND,li1,128.5700,119.6800,0.001224
_10720_,VGND,li1,125.8100,119.6800,0.001212
_10719_,VGND,li1,125.8100,125.1200,0.001000
_10718_,VGND,li1,57.5000,125.1200,0.000492
_10717_,VGND,li1,92.2300,136.0000,0.000209
_10716_,VGND,li1,141.4500,141.4400,0.001155
_10715_,VGND,li1,135.0100,141.4400,0.001141
_10714_,VGND,li1,136.6200,141.4400,0.001141
_10713_,VGND,li1,135.0100,136.0000,0.000247
_10712_,VGND,li1,135.9300,136.0000,0.000245
_10711_,VGND,li1,130.8700,136.0000,0.000247
_10710_,VGND,li1,131.7900,130.5600,0.000392
_10709_,VGND,li1,130.6400,146.8800,0.001543
_10708_,VGND,li1,127.1900,136.0000,0.000245
_10707_,VGND,li1,124.4300,130.5600,0.000384
_10706_,VGND,li1,129.9500,130.5600,0.000390
_10705_,VGND,li1,119.8300,130.5600,0.000377
_10704_,VGND,li1,123.5100,136.0000,0.000243
_10703_,VGND,li1,116.1500,130.5600,0.000370
_10702_,VGND,li1,117.0700,125.1200,0.000979
_10701_,VGND,li1,115.4600,125.1200,0.000974
_10700_,VGND,li1,123.7400,114.2400,0.000604
_10699_,VGND,li1,124.8900,114.2400,0.000604
_10698_,VGND,li1,121.4400,114.2400,0.000602
_10697_,VGND,li1,118.4500,114.2400,0.000599
_10696_,VGND,li1,120.5200,108.8000,0.000466
_10695_,VGND,li1,131.3300,108.8000,0.000494
_10694_,VGND,li1,85.7900,130.5600,0.000306
_10693_,VGND,li1,99.3600,136.0000,0.000218
_10692_,VGND,li1,124.6600,141.4400,0.001105
_10691_,VGND,li1,170.4300,136.0000,0.000187
_10690_,VGND,li1,174.1100,136.0000,0.000181
_10689_,VGND,li1,176.8700,136.0000,0.000168
_10688_,VGND,li1,177.5600,163.2000,0.000186
_10687_,VGND,li1,176.8700,130.5600,0.000156
_10686_,VGND,li1,176.6400,125.1200,0.000586
_10685_,VGND,li1,179.1700,130.5600,0.000130
_10684_,VGND,li1,182.8500,125.1200,0.000525
_10683_,VGND,li1,185.1500,125.1200,0.000540
_10682_,VGND,li1,142.8300,130.5600,0.000400
_10681_,VGND,li1,187.9100,125.1200,0.000558
_10680_,VGND,li1,190.2100,125.1200,0.000573
_10679_,VGND,li1,187.2200,119.6800,0.000666
_10678_,VGND,li1,184.2300,119.6800,0.000663
_10677_,VGND,li1,185.6100,114.2400,0.000249
_10676_,VGND,li1,176.1800,130.5600,0.000156
_10675_,VGND,li1,175.2600,119.6800,0.000879
_10674_,VGND,li1,172.2700,141.4400,0.000792
_10673_,VGND,li1,174.5700,141.4400,0.000747
_10672_,VGND,li1,164.4500,141.4400,0.000957
_10671_,VGND,li1,161.4600,141.4400,0.000999
_10670_,VGND,li1,169.9700,179.5200,0.000191
_10669_,VGND,li1,97.9800,141.4400,0.000990
_10668_,VGND,li1,135.0100,152.3200,0.001893
_10667_,VGND,li1,152.4900,157.7600,0.000954
_10666_,VGND,li1,149.7300,152.3200,0.001991
_10665_,VGND,li1,149.7300,157.7600,0.000961
_10664_,VGND,li1,158.7000,163.2000,0.000383
_10663_,VGND,li1,110.6300,190.4000,0.000667
_10662_,VGND,li1,105.3400,190.4000,0.000692
_10661_,VGND,li1,109.7100,184.9600,0.000969
_10660_,VGND,li1,117.9900,184.9600,0.000931
_10659_,VGND,li1,110.6300,179.5200,0.000637
_10658_,VGND,li1,110.4000,174.0800,0.000576
_10657_,VGND,li1,112.9300,179.5200,0.000621
_10656_,VGND,li1,154.3300,163.2000,0.000423
_10655_,VGND,li1,156.1700,163.2000,0.000408
_10654_,VGND,li1,156.1700,157.7600,0.000948
_10653_,VGND,li1,150.1900,157.7600,0.000961
_10652_,VGND,li1,152.4900,157.7600,0.000954
_10651_,VGND,li1,105.1100,163.2000,0.000496
_10650_,VGND,li1,144.6700,152.3200,0.001971
_10649_,VGND,li1,145.1300,152.3200,0.001971
_10648_,VGND,li1,123.0500,152.3200,0.001778
_10647_,VGND,li1,126.0400,152.3200,0.001811
_10646_,VGND,li1,100.2800,152.3200,0.001466
_10645_,VGND,li1,100.0500,146.8800,0.001294
_10644_,VGND,li1,103.2700,146.8800,0.001326
_10643_,VGND,li1,71.5300,146.8800,0.000937
_10642_,VGND,li1,67.3900,141.4400,0.000664
_10641_,VGND,li1,66.7000,146.8800,0.000864
_10640_,VGND,li1,59.1100,130.5600,0.000227
_10639_,VGND,li1,59.1100,125.1200,0.000513
_10638_,VGND,li1,38.4100,125.1200,0.000286
_10637_,VGND,li1,41.1700,125.1200,0.000324
_10636_,VGND,li1,34.9600,136.0000,0.000074
_10635_,VGND,li1,33.3500,125.1200,0.000234
_10634_,VGND,li1,33.8100,119.6800,0.000285
_10633_,VGND,li1,29.2100,119.6800,0.000222
_10632_,VGND,li1,32.4300,119.6800,0.000253
_10631_,VGND,li1,28.7500,136.0000,0.000055
_10630_,VGND,li1,25.0700,114.2400,0.000106
_10629_,VGND,li1,21.8500,114.2400,0.000109
_10628_,VGND,li1,23.0000,119.6800,0.000148
_10627_,VGND,li1,21.1600,130.5600,0.000059
_10626_,VGND,li1,20.4700,114.2400,0.000109
_10625_,VGND,li1,20.9300,103.3600,0.000120
_10624_,VGND,li1,26.9100,103.3600,0.000140
_10623_,VGND,li1,12.1900,114.2400,0.000111
_10622_,VGND,li1,11.5000,114.2400,0.000111
_10621_,VGND,li1,9.6600,114.2400,0.000111
_10620_,VGND,li1,10.8100,108.8000,0.000074
_10619_,VGND,li1,17.4800,114.2400,0.000110
_10618_,VGND,li1,25.9900,125.1200,0.000132
_10617_,VGND,li1,23.0000,125.1200,0.000134
_10616_,VGND,li1,16.5600,119.6800,0.000150
_10615_,VGND,li1,20.0100,119.6800,0.000149
_10614_,VGND,li1,12.6500,119.6800,0.000151
_10613_,VGND,li1,13.5700,119.6800,0.000150
_10612_,VGND,li1,9.4300,119.6800,0.000151
_10611_,VGND,li1,9.8900,119.6800,0.000151
_10610_,VGND,li1,15.4100,125.1200,0.000137
_10609_,VGND,li1,54.9700,125.1200,0.000473
_10608_,VGND,li1,51.2900,125.1200,0.000434
_10607_,VGND,li1,52.2100,125.1200,0.000434
_10606_,VGND,li1,51.2900,119.6800,0.000508
_10605_,VGND,li1,48.3000,114.2400,0.000312
_10604_,VGND,li1,47.8400,114.2400,0.000312
_10603_,VGND,li1,44.6200,114.2400,0.000272
_10602_,VGND,li1,48.7600,108.8000,0.000189
_10601_,VGND,li1,49.2200,130.5600,0.000182
_10600_,VGND,li1,42.3200,108.8000,0.000156
_10599_,VGND,li1,46.2300,108.8000,0.000177
_10598_,VGND,li1,37.9500,103.3600,0.000277
_10597_,VGND,li1,38.4100,108.8000,0.000138
_10596_,VGND,li1,38.4100,108.8000,0.000138
_10595_,VGND,li1,15.4100,92.4800,0.000143
_10594_,VGND,li1,45.3100,119.6800,0.000441
_10593_,VGND,li1,43.0100,114.2400,0.000272
_10592_,VGND,li1,38.6400,119.6800,0.000329
_10591_,VGND,li1,41.6300,119.6800,0.000391
_10590_,VGND,li1,13.5700,103.3600,0.000123
_10589_,VGND,li1,8.9700,97.9200,0.000174
_10588_,VGND,li1,54.9700,130.5600,0.000204
_10587_,VGND,li1,95.4500,146.8800,0.001234
_10586_,VGND,li1,92.6900,141.4400,0.000940
_10585_,VGND,li1,90.1600,141.4400,0.000900
_10584_,VGND,li1,92.6900,141.4400,0.000940
_10583_,VGND,li1,90.6200,136.0000,0.000205
_10582_,VGND,li1,90.1600,136.0000,0.000205
_10581_,VGND,li1,80.9600,130.5600,0.000294
_10580_,VGND,li1,83.2600,130.5600,0.000300
_10579_,VGND,li1,82.5700,136.0000,0.000188
_10578_,VGND,li1,79.3500,136.0000,0.000181
_10577_,VGND,li1,77.7400,130.5600,0.000282
_10576_,VGND,li1,78.2000,125.1200,0.000703
_10575_,VGND,li1,73.6000,125.1200,0.000658
_10574_,VGND,li1,75.9000,125.1200,0.000681
_10573_,VGND,li1,74.7500,125.1200,0.000658
_10572_,VGND,li1,71.9900,125.1200,0.000636
_10571_,VGND,li1,67.8500,119.6800,0.000728
_10570_,VGND,li1,71.5300,119.6800,0.000769
_10569_,VGND,li1,69.2300,130.5600,0.000261
_10568_,VGND,li1,95.9100,136.0000,0.000215
_10567_,VGND,li1,97.7500,130.5600,0.000335
_10566_,VGND,li1,102.3500,136.0000,0.000223
_10565_,VGND,li1,98.6700,136.0000,0.000218
_10564_,VGND,li1,111.0900,136.0000,0.000232
_10563_,VGND,li1,78.8900,114.2400,0.000494
_10562_,VGND,li1,78.4300,119.6800,0.000846
_10561_,VGND,li1,71.9900,114.2400,0.000459
_10560_,VGND,li1,73.3700,114.2400,0.000470
_10559_,VGND,li1,74.9800,114.2400,0.000470
_10558_,VGND,li1,71.0700,114.2400,0.000459
_10557_,VGND,li1,88.5500,130.5600,0.000313
_10556_,VGND,li1,85.5600,130.5600,0.000306
_10555_,VGND,li1,81.1900,130.5600,0.000294
_10554_,VGND,li1,84.4100,136.0000,0.000193
_10553_,VGND,li1,58.8800,141.4400,0.000560
_10552_,VGND,li1,85.3300,146.8800,0.001114
_10551_,VGND,li1,142.3700,157.7600,0.000949
_10550_,VGND,li1,144.6700,157.7600,0.000953
_10549_,VGND,li1,137.7700,157.7600,0.000933
_10548_,VGND,li1,138.2300,152.3200,0.001909
_10547_,VGND,li1,132.7100,157.7600,0.000917
_10546_,VGND,li1,132.2500,157.7600,0.000917
_10545_,VGND,li1,130.4100,157.7600,0.000906
_10544_,VGND,li1,135.4700,157.7600,0.000925
_10543_,VGND,li1,131.1000,168.6400,0.000249
_10542_,VGND,li1,129.9500,152.3200,0.001847
_10541_,VGND,li1,127.6500,146.8800,0.001521
_10540_,VGND,li1,128.1100,146.8800,0.001521
_10539_,VGND,li1,123.9700,146.8800,0.001490
_10538_,VGND,li1,119.8300,141.4400,0.001088
_10537_,VGND,li1,121.2100,136.0000,0.000240
_10536_,VGND,li1,117.9900,136.0000,0.000238
_10535_,VGND,li1,118.4500,136.0000,0.000238
_10534_,VGND,li1,119.8300,141.4400,0.001088
_10533_,VGND,li1,124.4300,157.7600,0.000878
_10532_,VGND,li1,110.8600,146.8800,0.001388
_10531_,VGND,li1,163.5300,163.2000,0.000335
_10530_,VGND,li1,164.4500,163.2000,0.000335
_10529_,VGND,li1,169.7400,163.2000,0.000271
_10528_,VGND,li1,167.4400,163.2000,0.000292
_10527_,VGND,li1,181.0100,163.2000,0.000176
_10526_,VGND,li1,176.8700,163.2000,0.000186
_10525_,VGND,li1,174.5700,163.2000,0.000225
_10524_,VGND,li1,181.2400,168.6400,0.000084
_10523_,VGND,li1,143.2900,136.0000,0.000235
_10522_,VGND,li1,138.2300,130.5600,0.000396
_10521_,VGND,li1,138.2300,125.1200,0.001023
_10520_,VGND,li1,132.9400,125.1200,0.001015
_10519_,VGND,li1,133.6300,130.5600,0.000394
_10518_,VGND,li1,175.0300,174.0800,0.000140
_10517_,VGND,li1,175.2600,179.5200,0.000148
_10516_,VGND,li1,169.0500,174.0800,0.000187
_10515_,VGND,li1,167.6700,179.5200,0.000209
_10514_,VGND,li1,163.0700,141.4400,0.000957
_10513_,VGND,li1,159.3900,136.0000,0.000210
_10512_,VGND,li1,164.4500,136.0000,0.000200
_10511_,VGND,li1,162.1500,136.0000,0.000204
_10510_,VGND,li1,158.4700,136.0000,0.000210
_10509_,VGND,li1,162.1500,136.0000,0.000204
_10508_,VGND,li1,95.6800,152.3200,0.001406
_10507_,VGND,li1,140.7600,163.2000,0.000452
_10506_,VGND,li1,155.2500,168.6400,0.000188
_10505_,VGND,li1,158.4700,168.6400,0.000180
_10504_,VGND,li1,148.5800,168.6400,0.000215
_10503_,VGND,li1,102.3500,190.4000,0.000700
_10502_,VGND,li1,92.4600,195.8400,0.000458
_10501_,VGND,li1,97.7500,190.4000,0.000706
_10500_,VGND,li1,103.7300,195.8400,0.000459
_10499_,VGND,li1,102.3500,190.4000,0.000700
_10498_,VGND,li1,105.5700,190.4000,0.000692
_10497_,VGND,li1,102.8100,179.5200,0.000641
_10496_,VGND,li1,103.9600,184.9600,0.000939
_10495_,VGND,li1,105.8000,179.5200,0.000644
_10494_,VGND,li1,108.5600,174.0800,0.000580
_10493_,VGND,li1,102.3500,174.0800,0.000586
_10492_,VGND,li1,104.4200,174.0800,0.000586
_10491_,VGND,li1,102.1200,168.6400,0.000280
_10490_,VGND,li1,102.1200,163.2000,0.000494
_10489_,VGND,li1,100.0500,157.7600,0.000746
_10488_,VGND,li1,101.2000,163.2000,0.000494
_10487_,VGND,li1,99.3600,157.7600,0.000730
_10486_,VGND,li1,101.6600,157.7600,0.000746
_10485_,VGND,li1,69.6900,152.3200,0.001003
_10484_,VGND,li1,67.1600,152.3200,0.000963
_10483_,VGND,li1,63.4800,146.8800,0.000788
_10482_,VGND,li1,71.3000,146.8800,0.000909
_10481_,VGND,li1,36.3400,146.8800,0.000374
_10480_,VGND,li1,36.1100,141.4400,0.000287
_10479_,VGND,li1,37.7200,141.4400,0.000314
_10478_,VGND,li1,35.6500,141.4400,0.000287
_10477_,VGND,li1,33.1200,141.4400,0.000247
_10476_,VGND,li1,30.3600,141.4400,0.000216
_10475_,VGND,li1,20.7000,141.4400,0.000148
_10474_,VGND,li1,28.0600,136.0000,0.000055
_10473_,VGND,li1,30.3600,136.0000,0.000062
_10472_,VGND,li1,24.3800,136.0000,0.000043
_10471_,VGND,li1,25.3000,136.0000,0.000043
_10470_,VGND,li1,15.1800,141.4400,0.000150
_10469_,VGND,li1,22.0800,136.0000,0.000045
_10468_,VGND,li1,25.5300,141.4400,0.000145
_10467_,VGND,li1,22.0800,136.0000,0.000045
_10466_,VGND,li1,19.5500,136.0000,0.000047
_10465_,VGND,li1,22.3100,141.4400,0.000147
_10464_,VGND,li1,21.3900,130.5600,0.000059
_10463_,VGND,li1,17.4800,125.1200,0.000136
_10462_,VGND,li1,12.6500,125.1200,0.000138
_10461_,VGND,li1,12.1900,125.1200,0.000138
_10460_,VGND,li1,23.6900,130.5600,0.000058
_10459_,VGND,li1,32.8900,130.5600,0.000098
_10458_,VGND,li1,33.3500,130.5600,0.000107
_10457_,VGND,li1,35.1900,130.5600,0.000116
_10456_,VGND,li1,25.0700,125.1200,0.000132
_10455_,VGND,li1,33.1200,125.1200,0.000212
_10454_,VGND,li1,11.5000,136.0000,0.000051
_10453_,VGND,li1,60.4900,141.4400,0.000599
_10452_,VGND,li1,60.9500,141.4400,0.000599
_10451_,VGND,li1,53.3600,141.4400,0.000506
_10450_,VGND,li1,55.4300,141.4400,0.000537
_10449_,VGND,li1,54.7400,136.0000,0.000124
_10448_,VGND,li1,58.4200,136.0000,0.000137
_10447_,VGND,li1,47.8400,136.0000,0.000111
_10446_,VGND,li1,48.7600,130.5600,0.000182
_10445_,VGND,li1,48.3000,141.4400,0.000448
_10444_,VGND,li1,45.5400,136.0000,0.000105
_10443_,VGND,li1,46.6900,130.5600,0.000173
_10442_,VGND,li1,45.5400,130.5600,0.000162
_10441_,VGND,li1,42.5500,130.5600,0.000151
_10440_,VGND,li1,45.3100,114.2400,0.000291
_10439_,VGND,li1,46.2300,125.1200,0.000367
_10438_,VGND,li1,63.7100,130.5600,0.000245
_10437_,VGND,li1,71.7600,130.5600,0.000269
_10436_,VGND,li1,66.9300,130.5600,0.000254
_10435_,VGND,li1,66.9300,136.0000,0.000153
_10434_,VGND,li1,64.6300,136.0000,0.000148
_10433_,VGND,li1,57.0400,141.4400,0.000537
_10432_,VGND,li1,94.0700,152.3200,0.001368
_10431_,VGND,li1,96.8300,152.3200,0.001406
_10430_,VGND,li1,93.1500,152.3200,0.001368
_10429_,VGND,li1,91.3100,152.3200,0.001315
_10428_,VGND,li1,89.0100,146.8800,0.001148
_10427_,VGND,li1,88.0900,146.8800,0.001148
_10426_,VGND,li1,84.4100,141.4400,0.000844
_10425_,VGND,li1,80.9600,146.8800,0.001038
_10424_,VGND,li1,80.2700,141.4400,0.000801
_10423_,VGND,li1,76.1300,136.0000,0.000176
_10422_,VGND,li1,75.4400,141.4400,0.000760
_10421_,VGND,li1,74.0600,136.0000,0.000170
_10420_,VGND,li1,77.7400,141.4400,0.000782
_10419_,VGND,li1,108.7900,141.4400,0.001055
_10418_,VGND,li1,106.9500,146.8800,0.001356
_10417_,VGND,li1,112.0100,152.3200,0.001631
_10416_,VGND,li1,109.2500,136.0000,0.000230
_10415_,VGND,li1,110.8600,136.0000,0.000232
_10414_,VGND,li1,109.4800,130.5600,0.000357
_10413_,VGND,li1,106.9500,136.0000,0.000228
_10412_,VGND,li1,113.8500,136.0000,0.000234
_10411_,VGND,li1,90.8500,130.5600,0.000319
_10410_,VGND,li1,104.6500,136.0000,0.000225
_10409_,VGND,li1,114.7700,141.4400,0.001070
_10408_,VGND,li1,113.6200,141.4400,0.001070
_10407_,VGND,li1,116.6100,141.4400,0.001081
_10406_,VGND,li1,87.8600,152.3200,0.001287
_10405_,VGND,li1,148.3500,168.6400,0.000222
_10404_,VGND,li1,149.0400,163.2000,0.000436
_10403_,VGND,li1,143.7500,168.6400,0.000230
_10402_,VGND,li1,143.7500,163.2000,0.000448
_10401_,VGND,li1,141.4500,168.6400,0.000234
_10400_,VGND,li1,138.4600,168.6400,0.000239
_10399_,VGND,li1,139.3800,168.6400,0.000239
_10398_,VGND,li1,137.0800,174.0800,0.000418
_10397_,VGND,li1,142.6000,174.0800,0.000382
_10396_,VGND,li1,136.3900,168.6400,0.000242
_10395_,VGND,li1,129.4900,163.2000,0.000469
_10394_,VGND,li1,125.8100,163.2000,0.000475
_10393_,VGND,li1,126.7300,168.6400,0.000255
_10392_,VGND,li1,125.3500,174.0800,0.000492
_10391_,VGND,li1,123.5100,163.2000,0.000477
_10390_,VGND,li1,123.5100,163.2000,0.000477
_10389_,VGND,li1,120.0600,157.7600,0.000855
_10388_,VGND,li1,127.6500,157.7600,0.000894
_10387_,VGND,li1,123.5100,157.7600,0.000867
_10386_,VGND,li1,143.7500,130.5600,0.000400
_10385_,VGND,li1,116.1500,157.7600,0.000833
_10384_,VGND,li1,156.6300,168.6400,0.000188
_10383_,VGND,li1,156.6300,163.2000,0.000408
_10382_,VGND,li1,152.9500,168.6400,0.000202
_10381_,VGND,li1,167.6700,168.6400,0.000138
_10380_,VGND,li1,172.5000,168.6400,0.000108
_10379_,VGND,li1,170.2000,168.6400,0.000119
_10378_,VGND,li1,168.1300,168.6400,0.000129
_10377_,VGND,li1,170.8900,168.6400,0.000119
_10376_,VGND,li1,163.5300,174.0800,0.000230
_10375_,VGND,li1,184.6900,168.6400,0.000092
_10374_,VGND,li1,181.9300,168.6400,0.000084
_10373_,VGND,li1,177.7900,174.0800,0.000125
_10372_,VGND,li1,183.0800,174.0800,0.000123
_10371_,VGND,li1,180.0900,174.0800,0.000110
_10370_,VGND,li1,177.3300,179.5200,0.000130
_10369_,VGND,li1,92.2300,163.2000,0.000468
_10368_,VGND,li1,149.5000,174.0800,0.000336
_10367_,VGND,li1,116.3800,174.0800,0.000545
_10366_,VGND,li1,89.2400,195.8400,0.000453
_10365_,VGND,li1,95.9100,195.8400,0.000460
_10364_,VGND,li1,91.7700,195.8400,0.000458
_10363_,VGND,li1,92.9200,190.4000,0.000704
_10362_,VGND,li1,100.2800,195.8400,0.000460
_10361_,VGND,li1,88.7800,190.4000,0.000685
_10360_,VGND,li1,99.1300,190.4000,0.000706
_10359_,VGND,li1,102.5800,184.9600,0.000939
_10358_,VGND,li1,99.5900,184.9600,0.000912
_10357_,VGND,li1,100.7400,184.9600,0.000927
_10356_,VGND,li1,98.4400,179.5200,0.000631
_10355_,VGND,li1,99.8200,179.5200,0.000631
_10354_,VGND,li1,110.4000,179.5200,0.000637
_10353_,VGND,li1,99.1300,174.0800,0.000581
_10352_,VGND,li1,90.6200,174.0800,0.000555
_10351_,VGND,li1,97.5200,174.0800,0.000581
_10350_,VGND,li1,94.0700,163.2000,0.000477
_10349_,VGND,li1,98.2100,163.2000,0.000489
_10348_,VGND,li1,100.2800,168.6400,0.000280
_10347_,VGND,li1,61.6400,157.7600,0.000444
_10346_,VGND,li1,63.9400,163.2000,0.000347
_10345_,VGND,li1,61.1800,152.3200,0.000844
_10344_,VGND,li1,64.1700,152.3200,0.000910
_10343_,VGND,li1,31.2800,152.3200,0.000314
_10342_,VGND,li1,35.4200,157.7600,0.000218
_10341_,VGND,li1,33.1200,152.3200,0.000365
_10340_,VGND,li1,30.1300,146.8800,0.000268
_10339_,VGND,li1,30.3600,152.3200,0.000314
_10338_,VGND,li1,22.5400,152.3200,0.000202
_10337_,VGND,li1,35.1900,152.3200,0.000403
_10336_,VGND,li1,23.2300,152.3200,0.000202
_10335_,VGND,li1,21.6200,157.7600,0.000110
_10334_,VGND,li1,20.2400,152.3200,0.000203
_10333_,VGND,li1,23.4600,141.4400,0.000147
_10332_,VGND,li1,16.1000,152.3200,0.000205
_10331_,VGND,li1,17.4800,141.4400,0.000149
_10330_,VGND,li1,17.9400,157.7600,0.000113
_10329_,VGND,li1,10.5800,136.0000,0.000051
_10328_,VGND,li1,16.3300,146.8800,0.000188
_10327_,VGND,li1,19.3200,146.8800,0.000186
_10326_,VGND,li1,9.4300,141.4400,0.000151
_10325_,VGND,li1,7.5900,141.4400,0.000151
_10324_,VGND,li1,14.9500,136.0000,0.000050
_10323_,VGND,li1,19.0900,141.4400,0.000149
_10322_,VGND,li1,8.2800,136.0000,0.000051
_10321_,VGND,li1,9.4300,130.5600,0.000064
_10320_,VGND,li1,11.2700,130.5600,0.000063
_10319_,VGND,li1,30.1300,146.8800,0.000268
_10318_,VGND,li1,28.5200,152.3200,0.000279
_10317_,VGND,li1,32.8900,146.8800,0.000315
_10316_,VGND,li1,58.8800,152.3200,0.000805
_10315_,VGND,li1,57.9600,152.3200,0.000805
_10314_,VGND,li1,59.1100,146.8800,0.000741
_10313_,VGND,li1,54.5100,141.4400,0.000506
_10312_,VGND,li1,51.0600,141.4400,0.000483
_10311_,VGND,li1,48.9900,141.4400,0.000448
_10310_,VGND,li1,47.6100,146.8800,0.000537
_10309_,VGND,li1,45.5400,141.4400,0.000414
_10308_,VGND,li1,46.2300,136.0000,0.000105
_10307_,VGND,li1,44.6200,141.4400,0.000387
_10306_,VGND,li1,40.7100,141.4400,0.000352
_10305_,VGND,li1,47.1500,141.4400,0.000414
_10304_,VGND,li1,67.8500,141.4400,0.000684
_10303_,VGND,li1,68.3100,136.0000,0.000159
_10302_,VGND,li1,71.7600,136.0000,0.000163
_10301_,VGND,li1,96.8300,163.2000,0.000483
_10300_,VGND,li1,88.7800,163.2000,0.000451
_10299_,VGND,li1,90.1600,168.6400,0.000273
_10298_,VGND,li1,89.0100,163.2000,0.000459
_10297_,VGND,li1,87.6300,157.7600,0.000657
_10296_,VGND,li1,81.1900,152.3200,0.001184
_10295_,VGND,li1,84.4100,157.7600,0.000631
_10294_,VGND,li1,83.4900,152.3200,0.001212
_10293_,VGND,li1,79.1200,152.3200,0.001134
_10292_,VGND,li1,77.2800,146.8800,0.001011
_10291_,VGND,li1,77.0500,141.4400,0.000782
_10290_,VGND,li1,79.3500,146.8800,0.001038
_10289_,VGND,li1,117.5300,152.3200,0.001705
_10288_,VGND,li1,119.1400,157.7600,0.000846
_10287_,VGND,li1,111.7800,157.7600,0.000809
_10286_,VGND,li1,112.9300,157.7600,0.000809
_10285_,VGND,li1,112.2400,163.2000,0.000490
_10284_,VGND,li1,109.9400,152.3200,0.001581
_10283_,VGND,li1,113.1600,152.3200,0.001631
_10282_,VGND,li1,106.4900,152.3200,0.001541
_10281_,VGND,li1,110.1700,152.3200,0.001606
_10280_,VGND,li1,109.7100,157.7600,0.000795
_10279_,VGND,li1,118.9100,152.3200,0.001705
_10278_,VGND,li1,83.0300,163.2000,0.000430
_10277_,VGND,li1,118.9100,174.0800,0.000533
_10276_,VGND,li1,118.6800,179.5200,0.000580
_10275_,VGND,li1,115.9200,179.5200,0.000600
_10274_,VGND,li1,113.3900,174.0800,0.000561
_10273_,VGND,li1,152.9500,174.0800,0.000318
_10272_,VGND,li1,145.5900,174.0800,0.000362
_10271_,VGND,li1,145.1300,179.5200,0.000389
_10270_,VGND,li1,139.6100,174.0800,0.000402
_10269_,VGND,li1,132.7100,174.0800,0.000446
_10268_,VGND,li1,133.6300,168.6400,0.000246
_10267_,VGND,li1,134.5500,179.5200,0.000471
_10266_,VGND,li1,131.7900,179.5200,0.000485
_10265_,VGND,li1,126.7300,174.0800,0.000492
_10264_,VGND,li1,129.0300,174.0800,0.000474
_10263_,VGND,li1,128.3400,174.0800,0.000474
_10262_,VGND,li1,122.1300,174.0800,0.000520
_10261_,VGND,li1,123.9700,168.6400,0.000259
_10260_,VGND,li1,152.0300,174.0800,0.000318
_10259_,VGND,li1,156.6300,174.0800,0.000283
_10258_,VGND,li1,156.6300,174.0800,0.000283
_10257_,VGND,li1,159.8500,174.0800,0.000267
_10256_,VGND,li1,161.2300,174.0800,0.000248
_10255_,VGND,li1,161.4600,179.5200,0.000267
_10254_,VGND,li1,158.4700,179.5200,0.000281
_10253_,VGND,li1,162.6100,179.5200,0.000249
_10252_,VGND,li1,153.4100,184.9600,0.000491
_10251_,VGND,li1,120.0600,179.5200,0.000580
_10250_,VGND,li1,78.8900,195.8400,0.000418
_10249_,VGND,li1,73.8300,190.4000,0.000612
_10248_,VGND,li1,73.3700,184.9600,0.000700
_10247_,VGND,li1,74.2900,195.8400,0.000397
_10246_,VGND,li1,71.9900,190.4000,0.000599
_10245_,VGND,li1,81.4200,190.4000,0.000657
_10244_,VGND,li1,92.6900,190.4000,0.000704
_10243_,VGND,li1,90.8500,190.4000,0.000698
_10242_,VGND,li1,76.8200,190.4000,0.000632
_10241_,VGND,li1,81.1900,184.9600,0.000765
_10240_,VGND,li1,85.7900,184.9600,0.000810
_10239_,VGND,li1,89.2400,184.9600,0.000848
_10238_,VGND,li1,85.1000,190.4000,0.000676
_10237_,VGND,li1,79.5800,184.9600,0.000765
_10236_,VGND,li1,83.0300,179.5200,0.000553
_10235_,VGND,li1,135.4700,184.9600,0.000724
_10234_,VGND,li1,141.6800,184.9600,0.000647
_10233_,VGND,li1,77.9700,179.5200,0.000521
_10232_,VGND,li1,67.1600,179.5200,0.000443
_10231_,VGND,li1,79.1200,174.0800,0.000490
_10230_,VGND,li1,89.7000,184.9600,0.000848
_10229_,VGND,li1,90.8500,179.5200,0.000596
_10228_,VGND,li1,83.9500,174.0800,0.000514
_10227_,VGND,li1,90.8500,179.5200,0.000596
_10226_,VGND,li1,77.9700,179.5200,0.000521
_10225_,VGND,li1,80.9600,179.5200,0.000540
_10224_,VGND,li1,58.8800,174.0800,0.000352
_10223_,VGND,li1,72.4500,179.5200,0.000484
_10222_,VGND,li1,55.8900,174.0800,0.000330
_10221_,VGND,li1,51.5200,168.6400,0.000185
_10220_,VGND,li1,44.8500,179.5200,0.000261
_10219_,VGND,li1,93.1500,168.6400,0.000277
_10218_,VGND,li1,87.6300,174.0800,0.000540
_10217_,VGND,li1,88.5500,168.6400,0.000273
_10216_,VGND,li1,53.8200,168.6400,0.000195
_10215_,VGND,li1,57.0400,168.6400,0.000209
_10214_,VGND,li1,48.5300,168.6400,0.000178
_10213_,VGND,li1,35.6500,174.0800,0.000171
_10212_,VGND,li1,46.6900,163.2000,0.000240
_10211_,VGND,li1,44.3900,163.2000,0.000227
_10210_,VGND,li1,40.0200,168.6400,0.000137
_10209_,VGND,li1,42.5500,168.6400,0.000151
_10208_,VGND,li1,43.2400,168.6400,0.000151
_10207_,VGND,li1,54.2800,163.2000,0.000299
_10206_,VGND,li1,54.9700,163.2000,0.000299
_10205_,VGND,li1,51.9800,163.2000,0.000277
_10204_,VGND,li1,32.8900,163.2000,0.000141
_10203_,VGND,li1,56.3500,163.2000,0.000310
_10202_,VGND,li1,36.1100,163.2000,0.000175
_10201_,VGND,li1,29.4400,168.6400,0.000081
_10200_,VGND,li1,34.9600,168.6400,0.000116
_10199_,VGND,li1,26.2200,168.6400,0.000072
_10198_,VGND,li1,30.1300,163.2000,0.000120
_10197_,VGND,li1,29.4400,163.2000,0.000120
_10196_,VGND,li1,24.6100,168.6400,0.000061
_10195_,VGND,li1,33.3500,163.2000,0.000155
_10194_,VGND,li1,32.4300,157.7600,0.000174
_10193_,VGND,li1,17.0200,157.7600,0.000113
_10192_,VGND,li1,26.6800,157.7600,0.000133
_10191_,VGND,li1,21.6200,168.6400,0.000062
_10190_,VGND,li1,24.1500,163.2000,0.000083
_10189_,VGND,li1,13.5700,168.6400,0.000065
_10188_,VGND,li1,16.3300,168.6400,0.000064
_10187_,VGND,li1,11.0400,168.6400,0.000066
_10186_,VGND,li1,16.7900,179.5200,0.000111
_10185_,VGND,li1,21.1600,163.2000,0.000084
_10184_,VGND,li1,17.4800,163.2000,0.000085
_10183_,VGND,li1,14.2600,157.7600,0.000114
_10182_,VGND,li1,19.7800,152.3200,0.000204
_10181_,VGND,li1,14.2600,168.6400,0.000065
_10180_,VGND,li1,17.7100,168.6400,0.000064
_10179_,VGND,li1,10.5800,168.6400,0.000066
_10178_,VGND,li1,19.5500,163.2000,0.000085
_10177_,VGND,li1,9.4300,163.2000,0.000086
_10176_,VGND,li1,7.8200,152.3200,0.000206
_10175_,VGND,li1,16.7900,163.2000,0.000085
_10174_,VGND,li1,11.0400,157.7600,0.000115
_10173_,VGND,li1,9.4300,157.7600,0.000115
_10172_,VGND,li1,18.1700,152.3200,0.000204
_10171_,VGND,li1,25.9900,152.3200,0.000200
_10170_,VGND,li1,27.1400,146.8800,0.000217
_10169_,VGND,li1,25.5300,146.8800,0.000181
_10168_,VGND,li1,26.9100,163.2000,0.000104
_10167_,VGND,li1,58.6500,163.2000,0.000323
_10166_,VGND,li1,48.5300,163.2000,0.000262
_10165_,VGND,li1,91.7700,157.7600,0.000680
_10164_,VGND,li1,51.7500,163.2000,0.000277
_10163_,VGND,li1,46.6900,168.6400,0.000170
_10162_,VGND,li1,45.3100,152.3200,0.000582
_10161_,VGND,li1,41.4000,157.7600,0.000274
_10160_,VGND,li1,51.7500,157.7600,0.000369
_10159_,VGND,li1,55.8900,152.3200,0.000773
_10158_,VGND,li1,50.8300,152.3200,0.000684
_10157_,VGND,li1,53.8200,152.3200,0.000720
_10156_,VGND,li1,45.3100,157.7600,0.000295
_10155_,VGND,li1,41.8600,157.7600,0.000274
_10154_,VGND,li1,45.5400,157.7600,0.000312
_10153_,VGND,li1,37.9500,157.7600,0.000242
_10152_,VGND,li1,48.5300,152.3200,0.000623
_10151_,VGND,li1,49.2200,146.8800,0.000585
_10150_,VGND,li1,46.2300,146.8800,0.000537
_10149_,VGND,li1,42.5500,146.8800,0.000473
_10148_,VGND,li1,50.8300,152.3200,0.000684
_10147_,VGND,li1,49.4500,157.7600,0.000333
_10146_,VGND,li1,92.6900,168.6400,0.000277
_10145_,VGND,li1,85.5600,174.0800,0.000529
_10144_,VGND,li1,81.4200,174.0800,0.000501
_10143_,VGND,li1,74.2900,168.6400,0.000247
_10142_,VGND,li1,83.0300,168.6400,0.000263
_10141_,VGND,li1,80.2700,163.2000,0.000423
_10140_,VGND,li1,80.2700,163.2000,0.000423
_10139_,VGND,li1,77.9700,152.3200,0.001134
_10138_,VGND,li1,81.1900,152.3200,0.001184
_10137_,VGND,li1,78.8900,141.4400,0.000801
_10136_,VGND,li1,77.5100,146.8800,0.001011
_10135_,VGND,li1,74.7500,152.3200,0.001083
_10134_,VGND,li1,116.1500,168.6400,0.000267
_10133_,VGND,li1,114.3100,168.6400,0.000270
_10132_,VGND,li1,118.4500,168.6400,0.000265
_10131_,VGND,li1,113.3900,168.6400,0.000270
_10130_,VGND,li1,114.3100,163.2000,0.000487
_10129_,VGND,li1,110.4000,163.2000,0.000493
_10128_,VGND,li1,109.2500,163.2000,0.000493
_10127_,VGND,li1,113.8500,163.2000,0.000490
_10126_,VGND,li1,119.8300,184.9600,0.000895
_10125_,VGND,li1,140.9900,184.9600,0.000647
_10124_,VGND,li1,141.9100,190.4000,0.000418
_10123_,VGND,li1,143.7500,190.4000,0.000403
_10122_,VGND,li1,124.4300,184.9600,0.000843
_10121_,VGND,li1,122.5900,184.9600,0.000874
_10120_,VGND,li1,117.5300,184.9600,0.000931
_10119_,VGND,li1,150.1900,184.9600,0.000541
_10118_,VGND,li1,149.5000,184.9600,0.000541
_10117_,VGND,li1,145.1300,184.9600,0.000595
_10116_,VGND,li1,145.5900,190.4000,0.000388
_10115_,VGND,li1,143.2900,184.9600,0.000618
_10114_,VGND,li1,142.8300,195.8400,0.000282
_10113_,VGND,li1,146.9700,184.9600,0.000573
_10112_,VGND,li1,138.6900,184.9600,0.000675
_10111_,VGND,li1,138.9200,184.9600,0.000675
_10110_,VGND,li1,138.9200,195.8400,0.000304
_10109_,VGND,li1,136.3900,179.5200,0.000448
_10108_,VGND,li1,131.5600,179.5200,0.000485
_10107_,VGND,li1,132.0200,184.9600,0.000757
_10106_,VGND,li1,136.1600,184.9600,0.000724
_10105_,VGND,li1,128.1100,184.9600,0.000800
_10104_,VGND,li1,145.8200,195.8400,0.000268
_10103_,VGND,li1,140.5300,195.8400,0.000295
_10102_,VGND,li1,142.8300,195.8400,0.000282
_10101_,VGND,li1,133.8600,195.8400,0.000329
_10100_,VGND,li1,136.8500,195.8400,0.000320
_10099_,VGND,li1,140.0700,190.4000,0.000433
_10098_,VGND,li1,129.7200,195.8400,0.000356
_10097_,VGND,li1,152.0300,179.5200,0.000330
_10096_,VGND,li1,156.1700,184.9600,0.000455
_10095_,VGND,li1,156.6300,179.5200,0.000295
_10094_,VGND,li1,159.8500,179.5200,0.000281
_10093_,VGND,li1,158.4700,184.9600,0.000426
_10092_,VGND,li1,162.1500,184.9600,0.000378
_10091_,VGND,li1,73.3700,174.0800,0.000452
_10090_,VGND,li1,72.9100,174.0800,0.000438
_10089_,VGND,li1,74.5200,168.6400,0.000247
_10088_,VGND,li1,77.0500,163.2000,0.000409
_10087_,VGND,li1,72.6800,163.2000,0.000387
_10086_,VGND,li1,74.5200,163.2000,0.000398
_10085_,VGND,li1,72.9100,152.3200,0.001047
_10084_,VGND,li1,72.4500,152.3200,0.001047
_10083_,VGND,li1,79.3500,168.6400,0.000257
_10082_,VGND,li1,106.0300,168.6400,0.000277
_10081_,VGND,li1,76.8200,168.6400,0.000252
_10080_,VGND,li1,55.8900,190.4000,0.000450
_10079_,VGND,li1,61.6400,190.4000,0.000515
_10078_,VGND,li1,58.6500,190.4000,0.000488
_10077_,VGND,li1,58.6500,190.4000,0.000488
_10076_,VGND,li1,58.4200,195.8400,0.000307
_10075_,VGND,li1,67.8500,190.4000,0.000557
_10074_,VGND,li1,66.4700,190.4000,0.000557
_10073_,VGND,li1,69.6900,190.4000,0.000578
_10072_,VGND,li1,126.2700,190.4000,0.000544
_10071_,VGND,li1,120.7500,190.4000,0.000595
_10070_,VGND,li1,129.0300,190.4000,0.000522
_10069_,VGND,li1,126.2700,195.8400,0.000368
_10068_,VGND,li1,129.9500,195.8400,0.000356
_10067_,VGND,li1,128.5700,195.8400,0.000356
_10066_,VGND,li1,132.9400,195.8400,0.000341
_10065_,VGND,li1,126.2700,190.4000,0.000544
_10064_,VGND,li1,66.0100,184.9600,0.000619
_10063_,VGND,li1,68.7700,184.9600,0.000649
_10062_,VGND,li1,64.1700,179.5200,0.000421
_10061_,VGND,li1,66.4700,179.5200,0.000443
_10060_,VGND,li1,68.3100,174.0800,0.000412
_10059_,VGND,li1,66.4700,174.0800,0.000397
_10058_,VGND,li1,67.3900,174.0800,0.000412
_10057_,VGND,li1,64.1700,168.6400,0.000225
_10056_,VGND,li1,67.3900,168.6400,0.000230
_10055_,VGND,li1,69.9200,168.6400,0.000235
_10054_,VGND,li1,71.9900,163.2000,0.000387
_10053_,VGND,li1,69.6900,163.2000,0.000377
_10052_,VGND,li1,59.1100,179.5200,0.000388
_10051_,VGND,li1,61.4100,179.5200,0.000402
_10050_,VGND,li1,49.6800,179.5200,0.000313
_10049_,VGND,li1,46.2300,174.0800,0.000257
_10048_,VGND,li1,48.9900,168.6400,0.000178
_10047_,VGND,li1,46.2300,163.2000,0.000240
_10046_,VGND,li1,42.7800,163.2000,0.000211
_10045_,VGND,li1,38.4100,179.5200,0.000221
_10044_,VGND,li1,33.8100,179.5200,0.000181
_10043_,VGND,li1,35.1900,174.0800,0.000171
_10042_,VGND,li1,36.1100,179.5200,0.000201
_10041_,VGND,li1,26.4500,179.5200,0.000103
_10040_,VGND,li1,25.5300,174.0800,0.000089
_10039_,VGND,li1,20.4700,174.0800,0.000091
_10038_,VGND,li1,17.9400,174.0800,0.000092
_10037_,VGND,li1,14.4900,174.0800,0.000093
_10036_,VGND,li1,14.9500,174.0800,0.000093
_10035_,VGND,li1,22.7700,174.0800,0.000090
_10034_,VGND,li1,48.5300,190.4000,0.000393
_10033_,VGND,li1,47.1500,190.4000,0.000375
_10032_,VGND,li1,48.9900,190.4000,0.000393
_10031_,VGND,li1,54.5100,195.8400,0.000276
_10030_,VGND,li1,54.5100,190.4000,0.000450
_10029_,VGND,li1,53.5900,190.4000,0.000431
_10028_,VGND,li1,123.0500,190.4000,0.000581
_10027_,VGND,li1,123.0500,190.4000,0.000581
_10026_,VGND,li1,122.3600,195.8400,0.000391
_10025_,VGND,li1,55.8900,190.4000,0.000450
_10024_,VGND,li1,50.3700,190.4000,0.000411
_10023_,VGND,li1,51.0600,184.9600,0.000447
_10022_,VGND,li1,59.1100,184.9600,0.000540
_10021_,VGND,li1,59.1100,179.5200,0.000388
_10020_,VGND,li1,60.9500,179.5200,0.000402
_10019_,VGND,li1,61.4100,174.0800,0.000370
_10018_,VGND,li1,63.9400,168.6400,0.000225
_10017_,VGND,li1,66.0100,163.2000,0.000361
_10016_,VGND,li1,58.1900,168.6400,0.000209
_10015_,VGND,li1,68.3100,163.2000,0.000369
_10014_,VGND,li1,52.6700,179.5200,0.000337
_10013_,VGND,li1,49.9100,163.2000,0.000262
_10012_,VGND,li1,47.6100,179.5200,0.000295
_10011_,VGND,li1,49.9100,179.5200,0.000313
_10010_,VGND,li1,37.0300,179.5200,0.000201
_10009_,VGND,li1,33.1200,179.5200,0.000160
_10008_,VGND,li1,32.4300,174.0800,0.000147
_10007_,VGND,li1,26.9100,179.5200,0.000119
_10006_,VGND,li1,23.2300,179.5200,0.000104
_10005_,VGND,li1,29.6700,179.5200,0.000144
_10004_,VGND,li1,44.3900,190.4000,0.000346
_10003_,VGND,li1,42.3200,190.4000,0.000321
_10002_,VGND,li1,46.6900,190.4000,0.000375
_10001_,VGND,li1,120.7500,190.4000,0.000595
_10000_,VGND,li1,46.9200,184.9600,0.000399
_09999_,VGND,li1,46.4600,184.9600,0.000377
_09998_,VGND,li1,60.4900,184.9600,0.000540
_09997_,VGND,li1,41.6300,179.5200,0.000240
_09996_,VGND,li1,44.3900,184.9600,0.000350
_09995_,VGND,li1,40.7100,179.5200,0.000240
_09994_,VGND,li1,369.6100,250.2400,0.000400
_09993_,VGND,li1,258.2900,342.7200,0.002610
_09992_,VGND,li1,250.0100,337.2800,0.006341
_09991_,VGND,li1,228.8500,331.8400,0.006175
_09990_,VGND,li1,216.8900,331.8400,0.005242
_09989_,VGND,li1,206.3100,331.8400,0.004317
_09988_,VGND,li1,213.6700,331.8400,0.004966
_09987_,VGND,li1,204.0100,310.0800,0.000577
_09986_,VGND,li1,200.7900,310.0800,0.000545
_09985_,VGND,li1,199.4100,315.5200,0.000626
_09984_,VGND,li1,193.6600,250.2400,0.000144
_09983_,VGND,li1,200.5600,315.5200,0.000661
_09982_,VGND,li1,195.7300,304.6400,0.000230
_09981_,VGND,li1,195.7300,304.6400,0.000230
_09980_,VGND,li1,194.8100,293.7600,0.000117
_09979_,VGND,li1,198.0300,293.7600,0.000121
_09978_,VGND,li1,199.6400,288.3200,0.000115
_09977_,VGND,li1,205.8500,310.0800,0.000597
_09976_,VGND,li1,210.2200,299.2000,0.000250
_09975_,VGND,li1,210.4500,299.2000,0.000250
_09974_,VGND,li1,209.5300,342.7200,0.001628
_09973_,VGND,li1,200.1000,299.2000,0.000242
_09972_,VGND,li1,196.6500,244.8000,0.000369
_09971_,VGND,li1,189.2900,239.3600,0.000194
_09970_,VGND,li1,187.9100,244.8000,0.000270
_09969_,VGND,li1,187.6800,250.2400,0.000115
_09968_,VGND,li1,184.9200,217.6000,0.000124
_09967_,VGND,li1,185.1500,239.3600,0.000169
_09966_,VGND,li1,182.8500,233.9200,0.000105
_09965_,VGND,li1,186.0700,233.9200,0.000117
_09964_,VGND,li1,183.0800,228.4800,0.000162
_09963_,VGND,li1,181.4700,239.3600,0.000135
_09962_,VGND,li1,177.7900,233.9200,0.000086
_09961_,VGND,li1,193.4300,233.9200,0.000143
_09960_,VGND,li1,178.2500,206.7200,0.000051
_09959_,VGND,li1,177.7900,201.2800,0.000035
_09958_,VGND,li1,185.6100,255.6800,0.000128
_09957_,VGND,li1,182.6200,255.6800,0.000119
_09956_,VGND,li1,181.7000,212.1600,0.000174
_09955_,VGND,li1,199.6400,244.8000,0.000388
_09954_,VGND,li1,204.0100,331.8400,0.004105
_09953_,VGND,li1,205.6200,337.2800,0.003590
_09952_,VGND,li1,204.7000,320.9600,0.001725
_09951_,VGND,li1,215.9700,326.4000,0.002913
_09950_,VGND,li1,228.6200,331.8400,0.006037
_09949_,VGND,li1,249.5500,331.8400,0.007295
_09948_,VGND,li1,262.4300,337.2800,0.006758
_09947_,VGND,li1,261.5100,342.7200,0.002598
_09946_,VGND,li1,273.4700,337.2800,0.006811
_09945_,VGND,li1,259.6700,337.2800,0.006718
_09944_,VGND,li1,259.2100,337.2800,0.006718
_09943_,VGND,li1,257.8300,337.2800,0.006643
_09942_,VGND,li1,258.5200,331.8400,0.007624
_09941_,VGND,li1,246.7900,337.2800,0.006190
_09940_,VGND,li1,247.4800,331.8400,0.007205
_09939_,VGND,li1,241.7300,331.8400,0.006943
_09938_,VGND,li1,244.7200,331.8400,0.007085
_09937_,VGND,li1,242.8800,326.4000,0.003894
_09936_,VGND,li1,231.6100,331.8400,0.006351
_09935_,VGND,li1,223.7900,331.8400,0.005679
_09934_,VGND,li1,221.4900,331.8400,0.005534
_09933_,VGND,li1,219.6500,331.8400,0.005388
_09932_,VGND,li1,222.1800,337.2800,0.004610
_09931_,VGND,li1,221.9500,320.9600,0.002419
_09930_,VGND,li1,230.0000,326.4000,0.003497
_09929_,VGND,li1,232.0700,326.4000,0.003572
_09928_,VGND,li1,227.9300,326.4000,0.003376
_09927_,VGND,li1,228.1600,320.9600,0.002625
_09926_,VGND,li1,213.6700,326.4000,0.002813
_09925_,VGND,li1,212.0600,320.9600,0.002063
_09924_,VGND,li1,206.7700,326.4000,0.002491
_09923_,VGND,li1,202.6300,326.4000,0.002217
_09922_,VGND,li1,204.0100,326.4000,0.002316
_09921_,VGND,li1,201.2500,320.9600,0.001639
_09920_,VGND,li1,203.0900,315.5200,0.000701
_09919_,VGND,li1,202.1700,315.5200,0.000661
_09918_,VGND,li1,204.2400,315.5200,0.000701
_09917_,VGND,li1,196.6500,299.2000,0.000240
_09916_,VGND,li1,193.6600,299.2000,0.000237
_09915_,VGND,li1,197.1100,293.7600,0.000121
_09914_,VGND,li1,196.8800,299.2000,0.000240
_09913_,VGND,li1,205.3900,299.2000,0.000247
_09912_,VGND,li1,208.1500,299.2000,0.000248
_09911_,VGND,li1,202.4000,293.7600,0.000127
_09910_,VGND,li1,204.4700,293.7600,0.000132
_09909_,VGND,li1,206.7700,293.7600,0.000135
_09908_,VGND,li1,205.1600,299.2000,0.000247
_09907_,VGND,li1,203.0900,337.2800,0.003430
_09906_,VGND,li1,204.9300,342.7200,0.001533
_09905_,VGND,li1,213.2100,342.7200,0.001713
_09904_,VGND,li1,206.5400,342.7200,0.001585
_09903_,VGND,li1,210.4500,342.7200,0.001666
_09902_,VGND,li1,212.7500,342.7200,0.001713
_09901_,VGND,li1,208.6100,342.7200,0.001628
_09900_,VGND,li1,215.9700,342.7200,0.001778
_09899_,VGND,li1,201.0200,277.4400,0.000479
_09898_,VGND,li1,217.8100,320.9600,0.002285
_09897_,VGND,li1,207.6900,320.9600,0.001903
_09896_,VGND,li1,208.8400,315.5200,0.000778
_09895_,VGND,li1,207.4600,277.4400,0.000534
_09894_,VGND,li1,202.6300,244.8000,0.000407
_09893_,VGND,li1,198.4900,250.2400,0.000164
_09892_,VGND,li1,195.7300,250.2400,0.000154
_09891_,VGND,li1,194.3500,244.8000,0.000345
_09890_,VGND,li1,196.4200,244.8000,0.000369
_09889_,VGND,li1,189.2900,244.8000,0.000270
_09888_,VGND,li1,190.6700,250.2400,0.000132
_09887_,VGND,li1,192.0500,255.6800,0.000147
_09886_,VGND,li1,194.1200,255.6800,0.000151
_09885_,VGND,li1,187.9100,255.6800,0.000137
_09884_,VGND,li1,191.5900,261.1200,0.000229
_09883_,VGND,li1,181.9300,255.6800,0.000119
_09882_,VGND,li1,183.3100,250.2400,0.000102
_09881_,VGND,li1,184.6900,255.6800,0.000128
_09880_,VGND,li1,182.8500,261.1200,0.000208
_09879_,VGND,li1,188.1400,261.1200,0.000221
_09878_,VGND,li1,190.9000,255.6800,0.000142
_09877_,VGND,li1,206.7700,255.6800,0.000179
_09876_,VGND,li1,194.3500,282.8800,0.000122
_09875_,VGND,li1,200.5600,282.8800,0.000148
_09874_,VGND,li1,196.4200,272.0000,0.000427
_09873_,VGND,li1,198.0300,239.3600,0.000237
_09872_,VGND,li1,196.6500,223.0400,0.000213
_09871_,VGND,li1,196.1900,228.4800,0.000265
_09870_,VGND,li1,194.5800,223.0400,0.000201
_09869_,VGND,li1,187.9100,223.0400,0.000159
_09868_,VGND,li1,184.4600,223.0400,0.000136
_09867_,VGND,li1,182.8500,228.4800,0.000162
_09866_,VGND,li1,179.6300,228.4800,0.000135
_09865_,VGND,li1,187.4500,228.4800,0.000208
_09864_,VGND,li1,183.5400,206.7200,0.000055
_09863_,VGND,li1,191.1300,233.9200,0.000134
_09862_,VGND,li1,182.3900,217.6000,0.000110
_09861_,VGND,li1,180.0900,217.6000,0.000096
_09860_,VGND,li1,176.8700,206.7200,0.000051
_09859_,VGND,li1,175.0300,206.7200,0.000055
_09858_,VGND,li1,175.0300,201.2800,0.000038
_09857_,VGND,li1,177.7900,195.8400,0.000088
_09856_,VGND,li1,175.7200,190.4000,0.000140
_09855_,VGND,li1,185.8400,212.1600,0.000215
_09854_,VGND,li1,278.0700,337.2800,0.006619
_09853_,VGND,li1,280.3700,337.2800,0.006468
_09852_,VGND,li1,274.1600,337.2800,0.006811
_09851_,VGND,li1,271.8600,337.2800,0.006818
_09850_,VGND,li1,276.4600,337.2800,0.006729
_09849_,VGND,li1,261.5100,331.8400,0.007670
_09848_,VGND,li1,255.9900,331.8400,0.007557
_09847_,VGND,li1,258.9800,331.8400,0.007624
_09846_,VGND,li1,259.4400,326.4000,0.004273
_09845_,VGND,li1,247.2500,326.4000,0.004054
_09844_,VGND,li1,241.7300,331.8400,0.006943
_09843_,VGND,li1,239.4300,326.4000,0.003824
_09842_,VGND,li1,239.2000,331.8400,0.006795
_09841_,VGND,li1,238.2800,337.2800,0.005612
_09840_,VGND,li1,244.9500,326.4000,0.003957
_09839_,VGND,li1,244.7200,320.9600,0.003059
_09838_,VGND,li1,242.8800,320.9600,0.003021
_09837_,VGND,li1,229.3100,320.9600,0.002682
_09836_,VGND,li1,225.6300,320.9600,0.002564
_09835_,VGND,li1,226.3200,315.5200,0.001047
_09834_,VGND,li1,221.4900,320.9600,0.002419
_09833_,VGND,li1,223.7900,320.9600,0.002500
_09832_,VGND,li1,219.1900,320.9600,0.002285
_09831_,VGND,li1,226.0900,320.9600,0.002564
_09830_,VGND,li1,218.2700,315.5200,0.000931
_09829_,VGND,li1,218.2700,315.5200,0.000931
_09828_,VGND,li1,226.7800,304.6400,0.000343
_09827_,VGND,li1,214.5900,310.0800,0.000669
_09826_,VGND,li1,217.3500,310.0800,0.000690
_09825_,VGND,li1,210.9100,310.0800,0.000639
_09824_,VGND,li1,208.6100,310.0800,0.000612
_09823_,VGND,li1,209.5300,304.6400,0.000283
_09822_,VGND,li1,209.5300,304.6400,0.000283
_09821_,VGND,li1,207.6900,299.2000,0.000248
_09820_,VGND,li1,206.5400,288.3200,0.000125
_09819_,VGND,li1,211.6000,288.3200,0.000131
_09818_,VGND,li1,216.6600,304.6400,0.000310
_09817_,VGND,li1,222.4100,331.8400,0.005679
_09816_,VGND,li1,222.8700,337.2800,0.004610
_09815_,VGND,li1,222.1800,342.7200,0.001903
_09814_,VGND,li1,224.9400,342.7200,0.001945
_09813_,VGND,li1,226.7800,348.1600,0.000415
_09812_,VGND,li1,215.9700,342.7200,0.001778
_09811_,VGND,li1,212.7500,348.1600,0.000435
_09810_,VGND,li1,218.2700,342.7200,0.001824
_09809_,VGND,li1,220.3400,342.7200,0.001866
_09808_,VGND,li1,215.7400,337.2800,0.004173
_09807_,VGND,li1,228.8500,348.1600,0.000412
_09806_,VGND,li1,226.3200,277.4400,0.000595
_09805_,VGND,li1,233.6800,320.9600,0.002795
_09804_,VGND,li1,223.7900,315.5200,0.001011
_09803_,VGND,li1,226.3200,310.0800,0.000757
_09802_,VGND,li1,227.7000,282.8800,0.000218
_09801_,VGND,li1,208.6100,277.4400,0.000534
_09800_,VGND,li1,203.5500,277.4400,0.000502
_09799_,VGND,li1,200.7900,272.0000,0.000480
_09798_,VGND,li1,201.4800,272.0000,0.000480
_09797_,VGND,li1,195.2700,272.0000,0.000427
_09796_,VGND,li1,193.4300,272.0000,0.000404
_09795_,VGND,li1,195.2700,266.5600,0.000190
_09794_,VGND,li1,206.0800,266.5600,0.000208
_09793_,VGND,li1,196.1900,266.5600,0.000194
_09792_,VGND,li1,200.3300,261.1200,0.000254
_09791_,VGND,li1,198.4900,261.1200,0.000249
_09790_,VGND,li1,200.7900,255.6800,0.000166
_09789_,VGND,li1,197.5700,255.6800,0.000156
_09788_,VGND,li1,194.8100,261.1200,0.000240
_09787_,VGND,li1,193.6600,261.1200,0.000235
_09786_,VGND,li1,190.4400,261.1200,0.000229
_09785_,VGND,li1,206.3100,250.2400,0.000188
_09784_,VGND,li1,202.8600,261.1200,0.000258
_09783_,VGND,li1,198.9500,282.8800,0.000139
_09782_,VGND,li1,197.5700,288.3200,0.000112
_09781_,VGND,li1,196.1900,282.8800,0.000129
_09780_,VGND,li1,197.8000,282.8800,0.000139
_09779_,VGND,li1,203.0900,282.8800,0.000155
_09778_,VGND,li1,203.0900,288.3200,0.000118
_09777_,VGND,li1,207.9200,282.8800,0.000170
_09776_,VGND,li1,208.1500,233.9200,0.000187
_09775_,VGND,li1,217.1200,272.0000,0.000648
_09774_,VGND,li1,204.0100,272.0000,0.000524
_09773_,VGND,li1,207.0000,272.0000,0.000554
_09772_,VGND,li1,207.9200,223.0400,0.000269
_09771_,VGND,li1,200.7900,223.0400,0.000237
_09770_,VGND,li1,194.8100,228.4800,0.000265
_09769_,VGND,li1,195.7300,233.9200,0.000153
_09768_,VGND,li1,197.5700,228.4800,0.000287
_09767_,VGND,li1,192.5100,228.4800,0.000249
_09766_,VGND,li1,194.5800,228.4800,0.000265
_09765_,VGND,li1,193.2000,233.9200,0.000143
_09764_,VGND,li1,196.1900,233.9200,0.000153
_09763_,VGND,li1,197.5700,233.9200,0.000158
_09762_,VGND,li1,203.0900,244.8000,0.000407
_09761_,VGND,li1,206.5400,239.3600,0.000270
_09760_,VGND,li1,206.0800,233.9200,0.000180
_09759_,VGND,li1,196.6500,223.0400,0.000213
_09758_,VGND,li1,193.6600,217.6000,0.000161
_09757_,VGND,li1,195.9600,217.6000,0.000180
_09756_,VGND,li1,189.2900,212.1600,0.000263
_09755_,VGND,li1,187.9100,206.7200,0.000064
_09754_,VGND,li1,183.3100,206.7200,0.000055
_09753_,VGND,li1,182.8500,201.2800,0.000044
_09752_,VGND,li1,181.0100,190.4000,0.000136
_09751_,VGND,li1,183.3100,190.4000,0.000144
_09750_,VGND,li1,177.7900,190.4000,0.000123
_09749_,VGND,li1,181.2400,190.4000,0.000136
_09748_,VGND,li1,193.8900,201.2800,0.000067
_09747_,VGND,li1,181.7000,201.2800,0.000044
_09746_,VGND,li1,186.9900,212.1600,0.000236
_09745_,VGND,li1,195.2700,212.1600,0.000330
_09744_,VGND,li1,190.2100,212.1600,0.000263
_09743_,VGND,li1,345.0000,337.2800,0.003427
_09742_,VGND,li1,348.9100,337.2800,0.003578
_09741_,VGND,li1,341.0900,331.8400,0.002470
_09740_,VGND,li1,326.6000,331.8400,0.002861
_09739_,VGND,li1,329.5900,331.8400,0.002357
_09738_,VGND,li1,344.5400,331.8400,0.002513
_09737_,VGND,li1,345.4600,337.2800,0.003426
_09736_,VGND,li1,338.7900,337.2800,0.002943
_09735_,VGND,li1,283.5900,331.8400,0.007358
_09734_,VGND,li1,279.9100,331.8400,0.007561
_09733_,VGND,li1,287.5000,331.8400,0.007032
_09732_,VGND,li1,278.9900,331.8400,0.007561
_09731_,VGND,li1,277.6100,331.8400,0.007634
_09730_,VGND,li1,274.8500,331.8400,0.007659
_09729_,VGND,li1,269.7900,331.8400,0.007706
_09728_,VGND,li1,272.5500,331.8400,0.007686
_09727_,VGND,li1,276.4600,331.8400,0.007634
_09726_,VGND,li1,263.8100,326.4000,0.004315
_09725_,VGND,li1,256.4500,320.9600,0.003199
_09724_,VGND,li1,259.4400,320.9600,0.003202
_09723_,VGND,li1,261.2800,320.9600,0.003198
_09722_,VGND,li1,246.3300,320.9600,0.003092
_09721_,VGND,li1,248.6300,320.9600,0.003119
_09720_,VGND,li1,242.6500,320.9600,0.003021
_09719_,VGND,li1,241.5000,315.5200,0.001254
_09718_,VGND,li1,239.4300,320.9600,0.002942
_09717_,VGND,li1,237.3600,315.5200,0.001194
_09716_,VGND,li1,234.3700,315.5200,0.001160
_09715_,VGND,li1,232.0700,310.0800,0.000795
_09714_,VGND,li1,235.0600,310.0800,0.000812
_09713_,VGND,li1,242.8800,304.6400,0.000387
_09712_,VGND,li1,227.9300,310.0800,0.000769
_09711_,VGND,li1,222.8700,304.6400,0.000331
_09710_,VGND,li1,223.3300,304.6400,0.000331
_09709_,VGND,li1,219.1900,304.6400,0.000316
_09708_,VGND,li1,220.1100,299.2000,0.000253
_09707_,VGND,li1,220.5700,299.2000,0.000253
_09706_,VGND,li1,218.5000,299.2000,0.000252
_09705_,VGND,li1,224.4800,293.7600,0.000154
_09704_,VGND,li1,234.6000,304.6400,0.000366
_09703_,VGND,li1,235.2900,337.2800,0.005467
_09702_,VGND,li1,236.6700,342.7200,0.002192
_09701_,VGND,li1,238.7400,342.7200,0.002232
_09700_,VGND,li1,234.6000,342.7200,0.002151
_09699_,VGND,li1,230.2300,342.7200,0.002065
_09698_,VGND,li1,229.3100,348.1600,0.000412
_09697_,VGND,li1,232.5300,348.1600,0.000407
_09696_,VGND,li1,232.5300,353.6000,0.000162
_09695_,VGND,li1,228.8500,353.6000,0.000162
_09694_,VGND,li1,231.1500,353.6000,0.000162
_09693_,VGND,li1,227.4700,342.7200,0.001996
_09692_,VGND,li1,226.7800,342.7200,0.001996
_09691_,VGND,li1,226.5500,337.2800,0.004901
_09690_,VGND,li1,239.2000,277.4400,0.000618
_09689_,VGND,li1,249.3200,315.5200,0.001347
_09688_,VGND,li1,239.8900,310.0800,0.000839
_09687_,VGND,li1,242.6500,310.0800,0.000854
_09686_,VGND,li1,239.2000,272.0000,0.000825
_09685_,VGND,li1,225.1700,282.8800,0.000219
_09684_,VGND,li1,222.8700,277.4400,0.000591
_09683_,VGND,li1,218.7300,277.4400,0.000577
_09682_,VGND,li1,219.8800,277.4400,0.000582
_09681_,VGND,li1,215.9700,277.4400,0.000569
_09680_,VGND,li1,213.2100,277.4400,0.000557
_09679_,VGND,li1,214.5900,272.0000,0.000625
_09678_,VGND,li1,224.4800,266.5600,0.000236
_09677_,VGND,li1,211.8300,266.5600,0.000218
_09676_,VGND,li1,213.4400,266.5600,0.000222
_09675_,VGND,li1,208.6100,266.5600,0.000213
_09674_,VGND,li1,204.4700,261.1200,0.000263
_09673_,VGND,li1,207.4600,261.1200,0.000270
_09672_,VGND,li1,205.6200,261.1200,0.000263
_09671_,VGND,li1,210.2200,250.2400,0.000203
_09670_,VGND,li1,214.3600,261.1200,0.000284
_09669_,VGND,li1,212.7500,282.8800,0.000181
_09668_,VGND,li1,217.3500,288.3200,0.000135
_09667_,VGND,li1,207.2300,288.3200,0.000125
_09666_,VGND,li1,205.1600,288.3200,0.000121
_09665_,VGND,li1,209.7600,282.8800,0.000175
_09664_,VGND,li1,208.8400,288.3200,0.000128
_09663_,VGND,li1,213.4400,288.3200,0.000133
_09662_,VGND,li1,233.4500,282.8800,0.000216
_09661_,VGND,li1,219.8800,239.3600,0.000331
_09660_,VGND,li1,230.0000,272.0000,0.000761
_09659_,VGND,li1,218.2700,228.4800,0.000431
_09658_,VGND,li1,221.2600,228.4800,0.000444
_09657_,VGND,li1,221.7200,228.4800,0.000444
_09656_,VGND,li1,211.3700,223.0400,0.000278
_09655_,VGND,li1,207.6900,228.4800,0.000359
_09654_,VGND,li1,209.5300,233.9200,0.000193
_09653_,VGND,li1,204.4700,233.9200,0.000180
_09652_,VGND,li1,207.2300,233.9200,0.000187
_09651_,VGND,li1,203.0900,233.9200,0.000174
_09650_,VGND,li1,205.6200,244.8000,0.000424
_09649_,VGND,li1,207.2300,250.2400,0.000188
_09648_,VGND,li1,208.8400,244.8000,0.000435
_09647_,VGND,li1,212.7500,250.2400,0.000210
_09646_,VGND,li1,210.6800,250.2400,0.000203
_09645_,VGND,li1,202.8600,190.4000,0.000213
_09644_,VGND,li1,211.1400,233.9200,0.000193
_09643_,VGND,li1,205.8500,223.0400,0.000261
_09642_,VGND,li1,208.6100,223.0400,0.000269
_09641_,VGND,li1,208.3800,217.6000,0.000234
_09640_,VGND,li1,198.9500,217.6000,0.000188
_09639_,VGND,li1,201.2500,217.6000,0.000204
_09638_,VGND,li1,192.9700,195.8400,0.000131
_09637_,VGND,li1,195.7300,195.8400,0.000138
_09636_,VGND,li1,190.2100,201.2800,0.000062
_09635_,VGND,li1,194.3500,201.2800,0.000067
_09634_,VGND,li1,185.6100,195.8400,0.000111
_09633_,VGND,li1,183.3100,201.2800,0.000044
_09632_,VGND,li1,181.7000,195.8400,0.000099
_09631_,VGND,li1,182.6200,195.8400,0.000099
_09630_,VGND,li1,192.7400,201.2800,0.000067
_09629_,VGND,li1,190.4400,190.4000,0.000170
_09628_,VGND,li1,195.7300,212.1600,0.000330
_09627_,VGND,li1,200.5600,212.1600,0.000387
_09626_,VGND,li1,220.3400,212.1600,0.000403
_09625_,VGND,li1,192.5100,212.1600,0.000296
_09624_,VGND,li1,194.3500,206.7200,0.000074
_09623_,VGND,li1,199.6400,206.7200,0.000084
_09622_,VGND,li1,255.9900,326.4000,0.004185
_09621_,VGND,li1,261.0500,331.8400,0.007670
_09620_,VGND,li1,255.7600,348.1600,0.000364
_09619_,VGND,li1,257.6000,320.9600,0.003199
_09618_,VGND,li1,334.1900,337.2800,0.002492
_09617_,VGND,li1,331.8900,331.8400,0.002058
_09616_,VGND,li1,329.5900,337.2800,0.002440
_09615_,VGND,li1,324.3000,326.4000,0.001867
_09614_,VGND,li1,292.3300,326.4000,0.004083
_09613_,VGND,li1,292.3300,331.8400,0.006592
_09612_,VGND,li1,285.4300,331.8400,0.007207
_09611_,VGND,li1,293.2500,320.9600,0.002615
_09610_,VGND,li1,280.8300,326.4000,0.004292
_09609_,VGND,li1,277.1500,326.4000,0.004301
_09608_,VGND,li1,280.8300,326.4000,0.004292
_09607_,VGND,li1,277.1500,315.5200,0.001547
_09606_,VGND,li1,267.0300,320.9600,0.003163
_09605_,VGND,li1,262.8900,304.6400,0.000421
_09604_,VGND,li1,261.5100,304.6400,0.000420
_09603_,VGND,li1,265.1900,272.0000,0.000827
_09602_,VGND,li1,244.0300,277.4400,0.000621
_09601_,VGND,li1,241.2700,277.4400,0.000620
_09600_,VGND,li1,240.3500,272.0000,0.000825
_09599_,VGND,li1,232.5300,272.0000,0.000782
_09598_,VGND,li1,233.2200,272.0000,0.000782
_09597_,VGND,li1,227.4700,272.0000,0.000740
_09596_,VGND,li1,225.6300,272.0000,0.000723
_09595_,VGND,li1,228.3900,272.0000,0.000740
_09594_,VGND,li1,237.8200,261.1200,0.000318
_09593_,VGND,li1,221.9500,266.5600,0.000233
_09592_,VGND,li1,219.6500,261.1200,0.000294
_09591_,VGND,li1,222.6400,261.1200,0.000298
_09590_,VGND,li1,217.8100,261.1200,0.000288
_09589_,VGND,li1,212.7500,255.6800,0.000189
_09588_,VGND,li1,215.7400,255.6800,0.000195
_09587_,VGND,li1,222.4100,250.2400,0.000236
_09586_,VGND,li1,224.9400,261.1200,0.000302
_09585_,VGND,li1,226.5500,288.3200,0.000142
_09584_,VGND,li1,228.8500,288.3200,0.000143
_09583_,VGND,li1,233.4500,288.3200,0.000144
_09582_,VGND,li1,234.3700,288.3200,0.000144
_09581_,VGND,li1,229.7700,288.3200,0.000143
_09580_,VGND,li1,233.9100,282.8800,0.000216
_09579_,VGND,li1,219.1900,293.7600,0.000150
_09578_,VGND,li1,223.1000,293.7600,0.000153
_09577_,VGND,li1,222.1800,293.7600,0.000153
_09576_,VGND,li1,218.2700,299.2000,0.000252
_09575_,VGND,li1,216.2000,293.7600,0.000147
_09574_,VGND,li1,217.3500,293.7600,0.000147
_09573_,VGND,li1,231.8400,244.8000,0.000517
_09572_,VGND,li1,244.7200,272.0000,0.000834
_09571_,VGND,li1,237.1300,272.0000,0.000815
_09570_,VGND,li1,235.0600,228.4800,0.000458
_09569_,VGND,li1,226.5500,228.4800,0.000457
_09568_,VGND,li1,222.8700,233.9200,0.000223
_09567_,VGND,li1,222.8700,233.9200,0.000223
_09566_,VGND,li1,218.7300,233.9200,0.000214
_09565_,VGND,li1,215.0500,239.3600,0.000312
_09564_,VGND,li1,213.6700,244.8000,0.000456
_09563_,VGND,li1,209.9900,244.8000,0.000435
_09562_,VGND,li1,214.1300,250.2400,0.000215
_09561_,VGND,li1,215.5100,250.2400,0.000215
_09560_,VGND,li1,217.1200,250.2400,0.000224
_09559_,VGND,li1,213.9000,233.9200,0.000203
_09558_,VGND,li1,232.9900,233.9200,0.000237
_09557_,VGND,li1,215.7400,190.4000,0.000250
_09556_,VGND,li1,225.8600,239.3600,0.000354
_09555_,VGND,li1,219.6500,223.0400,0.000296
_09554_,VGND,li1,223.3300,223.0400,0.000300
_09553_,VGND,li1,216.8900,217.6000,0.000264
_09552_,VGND,li1,211.8300,217.6000,0.000243
_09551_,VGND,li1,208.1500,190.4000,0.000230
_09550_,VGND,li1,202.1700,190.4000,0.000206
_09549_,VGND,li1,200.7900,190.4000,0.000206
_09548_,VGND,li1,193.8900,190.4000,0.000177
_09547_,VGND,li1,196.1900,190.4000,0.000191
_09546_,VGND,li1,190.6700,184.9600,0.000199
_09545_,VGND,li1,193.6600,184.9600,0.000205
_09544_,VGND,li1,188.3700,184.9600,0.000192
_09543_,VGND,li1,201.4800,195.8400,0.000150
_09542_,VGND,li1,203.7800,184.9600,0.000238
_09541_,VGND,li1,209.0700,212.1600,0.000415
_09540_,VGND,li1,208.6100,206.7200,0.000096
_09539_,VGND,li1,210.6800,206.7200,0.000101
_09538_,VGND,li1,209.5300,212.1600,0.000415
_09537_,VGND,li1,202.6300,206.7200,0.000089
_09536_,VGND,li1,197.5700,206.7200,0.000081
_09535_,VGND,li1,202.6300,206.7200,0.000089
_09534_,VGND,li1,200.7900,201.2800,0.000082
_09533_,VGND,li1,202.4000,201.2800,0.000082
_09532_,VGND,li1,262.8900,315.5200,0.001485
_09531_,VGND,li1,260.8200,315.5200,0.001455
_09530_,VGND,li1,256.9100,315.5200,0.001434
_09529_,VGND,li1,253.2300,315.5200,0.001395
_09528_,VGND,li1,250.9300,315.5200,0.001368
_09527_,VGND,li1,253.6900,315.5200,0.001395
_09526_,VGND,li1,255.9900,315.5200,0.001415
_09525_,VGND,li1,256.2200,310.0800,0.000904
_09524_,VGND,li1,245.8700,310.0800,0.000867
_09523_,VGND,li1,239.4300,304.6400,0.000379
_09522_,VGND,li1,241.2700,310.0800,0.000839
_09521_,VGND,li1,239.4300,304.6400,0.000379
_09520_,VGND,li1,236.2100,304.6400,0.000366
_09519_,VGND,li1,232.0700,304.6400,0.000359
_09518_,VGND,li1,226.3200,299.2000,0.000253
_09517_,VGND,li1,243.3400,293.7600,0.000164
_09516_,VGND,li1,247.9400,304.6400,0.000396
_09515_,VGND,li1,256.4500,342.7200,0.002574
_09514_,VGND,li1,250.4700,348.1600,0.000374
_09513_,VGND,li1,253.4600,348.1600,0.000370
_09512_,VGND,li1,255.7600,353.6000,0.000149
_09511_,VGND,li1,243.1100,348.1600,0.000390
_09510_,VGND,li1,240.8100,342.7200,0.002272
_09509_,VGND,li1,245.4100,342.7200,0.002361
_09508_,VGND,li1,242.8800,342.7200,0.002308
_09507_,VGND,li1,242.6500,342.7200,0.002308
_09506_,VGND,li1,237.8200,342.7200,0.002192
_09505_,VGND,li1,238.9700,348.1600,0.000399
_09504_,VGND,li1,237.3600,348.1600,0.000399
_09503_,VGND,li1,238.9700,353.6000,0.000159
_09502_,VGND,li1,245.6400,353.6000,0.000155
_09501_,VGND,li1,233.4500,353.6000,0.000161
_09500_,VGND,li1,235.5200,353.6000,0.000160
_09499_,VGND,li1,234.8300,348.1600,0.000403
_09498_,VGND,li1,244.7200,353.6000,0.000155
_09497_,VGND,li1,258.9800,272.0000,0.000841
_09496_,VGND,li1,267.2600,315.5200,0.001507
_09495_,VGND,li1,277.1500,326.4000,0.004301
_09494_,VGND,li1,273.0100,326.4000,0.004307
_09493_,VGND,li1,273.7000,326.4000,0.004307
_09492_,VGND,li1,272.3200,348.1600,0.000321
_09491_,VGND,li1,342.4700,337.2800,0.003257
_09490_,VGND,li1,336.7200,331.8400,0.002245
_09489_,VGND,li1,343.3900,331.8400,0.002513
_09488_,VGND,li1,342.4700,326.4000,0.001693
_09487_,VGND,li1,336.4900,331.8400,0.002245
_09486_,VGND,li1,330.9700,320.9600,0.001030
_09485_,VGND,li1,321.7700,326.4000,0.002184
_09484_,VGND,li1,318.5500,326.4000,0.002352
_09483_,VGND,li1,320.8500,326.4000,0.002184
_09482_,VGND,li1,320.6200,320.9600,0.001531
_09481_,VGND,li1,290.9500,326.4000,0.004083
_09480_,VGND,li1,286.3500,320.9600,0.002846
_09479_,VGND,li1,290.7200,320.9600,0.002745
_09478_,VGND,li1,294.4000,315.5200,0.001406
_09477_,VGND,li1,281.2900,315.5200,0.001530
_09476_,VGND,li1,272.0900,310.0800,0.000957
_09475_,VGND,li1,274.8500,310.0800,0.000953
_09474_,VGND,li1,269.1000,244.8000,0.000627
_09473_,VGND,li1,268.4100,272.0000,0.000812
_09472_,VGND,li1,262.8900,266.5600,0.000264
_09471_,VGND,li1,261.5100,272.0000,0.000837
_09470_,VGND,li1,261.7400,272.0000,0.000837
_09469_,VGND,li1,259.4400,239.3600,0.000433
_09468_,VGND,li1,240.8100,228.4800,0.000454
_09467_,VGND,li1,233.9100,239.3600,0.000378
_09466_,VGND,li1,228.8500,244.8000,0.000511
_09465_,VGND,li1,229.5400,239.3600,0.000366
_09464_,VGND,li1,226.5500,239.3600,0.000354
_09463_,VGND,li1,223.3300,239.3600,0.000344
_09462_,VGND,li1,215.9700,233.9200,0.000208
_09461_,VGND,li1,218.7300,233.9200,0.000214
_09460_,VGND,li1,232.9900,233.9200,0.000237
_09459_,VGND,li1,234.8300,233.9200,0.000241
_09458_,VGND,li1,237.8200,233.9200,0.000244
_09457_,VGND,li1,222.8700,244.8000,0.000490
_09456_,VGND,li1,224.9400,250.2400,0.000244
_09455_,VGND,li1,220.8000,250.2400,0.000236
_09454_,VGND,li1,226.3200,244.8000,0.000496
_09453_,VGND,li1,228.8500,250.2400,0.000258
_09452_,VGND,li1,227.7000,190.4000,0.000277
_09451_,VGND,li1,242.6500,239.3600,0.000403
_09450_,VGND,li1,231.6100,223.0400,0.000308
_09449_,VGND,li1,231.3800,228.4800,0.000458
_09448_,VGND,li1,231.8400,223.0400,0.000308
_09447_,VGND,li1,221.4900,217.6000,0.000275
_09446_,VGND,li1,221.0300,195.8400,0.000199
_09445_,VGND,li1,215.0500,195.8400,0.000185
_09444_,VGND,li1,210.4500,195.8400,0.000171
_09443_,VGND,li1,208.6100,190.4000,0.000230
_09442_,VGND,li1,209.0700,184.9600,0.000253
_09441_,VGND,li1,204.0100,184.9600,0.000238
_09440_,VGND,li1,207.0000,184.9600,0.000247
_09439_,VGND,li1,201.7100,184.9600,0.000231
_09438_,VGND,li1,214.5900,195.8400,0.000185
_09437_,VGND,li1,216.2000,190.4000,0.000250
_09436_,VGND,li1,217.8100,217.6000,0.000264
_09435_,VGND,li1,221.4900,217.6000,0.000275
_09434_,VGND,li1,220.3400,212.1600,0.000403
_09433_,VGND,li1,215.0500,212.1600,0.000410
_09432_,VGND,li1,206.3100,201.2800,0.000090
_09431_,VGND,li1,204.9300,206.7200,0.000092
_09430_,VGND,li1,205.8500,201.2800,0.000090
_09429_,VGND,li1,208.6100,201.2800,0.000094
_09428_,VGND,li1,205.1600,195.8400,0.000158
_09427_,VGND,li1,227.0100,206.7200,0.000119
_09426_,VGND,li1,227.9300,212.1600,0.000392
_09425_,VGND,li1,257.3700,272.0000,0.000843
_09424_,VGND,li1,253.2300,272.0000,0.000842
_09423_,VGND,li1,256.2200,272.0000,0.000843
_09422_,VGND,li1,247.2500,272.0000,0.000837
_09421_,VGND,li1,244.0300,266.5600,0.000255
_09420_,VGND,li1,246.7900,266.5600,0.000256
_09419_,VGND,li1,245.6400,261.1200,0.000325
_09418_,VGND,li1,239.4300,266.5600,0.000250
_09417_,VGND,li1,232.5300,261.1200,0.000312
_09416_,VGND,li1,235.5200,261.1200,0.000316
_09415_,VGND,li1,231.6100,261.1200,0.000312
_09414_,VGND,li1,228.3900,261.1200,0.000306
_09413_,VGND,li1,226.3200,255.6800,0.000216
_09412_,VGND,li1,234.8300,250.2400,0.000275
_09411_,VGND,li1,239.6600,261.1200,0.000320
_09410_,VGND,li1,240.8100,293.7600,0.000164
_09409_,VGND,li1,241.7300,293.7600,0.000164
_09408_,VGND,li1,243.3400,288.3200,0.000143
_09407_,VGND,li1,241.2700,288.3200,0.000144
_09406_,VGND,li1,246.3300,288.3200,0.000143
_09405_,VGND,li1,240.1200,288.3200,0.000144
_09404_,VGND,li1,238.0500,288.3200,0.000144
_09403_,VGND,li1,235.2900,288.3200,0.000144
_09402_,VGND,li1,241.5000,282.8800,0.000211
_09401_,VGND,li1,238.7400,282.8800,0.000213
_09400_,VGND,li1,233.4500,299.2000,0.000253
_09399_,VGND,li1,230.4600,299.2000,0.000253
_09398_,VGND,li1,231.6100,299.2000,0.000253
_09397_,VGND,li1,229.7700,293.7600,0.000157
_09396_,VGND,li1,232.9900,293.7600,0.000160
_09395_,VGND,li1,252.5400,239.3600,0.000423
_09394_,VGND,li1,254.8400,261.1200,0.000330
_09393_,VGND,li1,278.0700,315.5200,0.001547
_09392_,VGND,li1,274.8500,315.5200,0.001540
_09391_,VGND,li1,272.0900,315.5200,0.001530
_09390_,VGND,li1,271.6300,320.9600,0.003084
_09389_,VGND,li1,268.8700,315.5200,0.001519
_09388_,VGND,li1,266.1100,310.0800,0.000939
_09387_,VGND,li1,268.8700,310.0800,0.000947
_09386_,VGND,li1,271.8600,304.6400,0.000421
_09385_,VGND,li1,258.2900,304.6400,0.000418
_09384_,VGND,li1,254.1500,304.6400,0.000410
_09383_,VGND,li1,255.9900,304.6400,0.000414
_09382_,VGND,li1,250.9300,304.6400,0.000405
_09381_,VGND,li1,253.6900,304.6400,0.000410
_09380_,VGND,li1,247.7100,299.2000,0.000249
_09379_,VGND,li1,249.7800,299.2000,0.000248
_09378_,VGND,li1,255.0700,299.2000,0.000246
_09377_,VGND,li1,257.3700,299.2000,0.000245
_09376_,VGND,li1,253.4600,288.3200,0.000142
_09375_,VGND,li1,261.7400,299.2000,0.000242
_09374_,VGND,li1,269.7900,348.1600,0.000328
_09373_,VGND,li1,275.3100,348.1600,0.000314
_09372_,VGND,li1,273.4700,348.1600,0.000321
_09371_,VGND,li1,271.4000,348.1600,0.000328
_09370_,VGND,li1,259.2100,353.6000,0.000145
_09369_,VGND,li1,256.4500,348.1600,0.000364
_09368_,VGND,li1,259.9000,348.1600,0.000353
_09367_,VGND,li1,252.3100,342.7200,0.002495
_09366_,VGND,li1,254.6100,353.6000,0.000149
_09365_,VGND,li1,257.3700,353.6000,0.000147
_09364_,VGND,li1,260.5900,359.0400,0.000335
_09363_,VGND,li1,248.6300,359.0400,0.000330
_09362_,VGND,li1,246.3300,359.0400,0.000328
_09361_,VGND,li1,248.6300,353.6000,0.000153
_09360_,VGND,li1,244.0300,359.0400,0.000326
_09359_,VGND,li1,242.6500,353.6000,0.000156
_09358_,VGND,li1,246.5600,359.0400,0.000328
_09357_,VGND,li1,270.4800,261.1200,0.000316
_09356_,VGND,li1,281.5200,304.6400,0.000419
_09355_,VGND,li1,285.4300,320.9600,0.002846
_09354_,VGND,li1,287.2700,320.9600,0.002796
_09353_,VGND,li1,290.0300,320.9600,0.002745
_09352_,VGND,li1,287.9600,342.7200,0.001821
_09351_,VGND,li1,310.0400,320.9600,0.001983
_09350_,VGND,li1,347.5300,326.4000,0.001799
_09349_,VGND,li1,347.9900,320.9600,0.001519
_09348_,VGND,li1,345.6900,331.8400,0.002533
_09347_,VGND,li1,342.9300,326.4000,0.001693
_09346_,VGND,li1,338.1000,320.9600,0.001269
_09345_,VGND,li1,346.6100,326.4000,0.001753
_09344_,VGND,li1,343.1600,320.9600,0.001396
_09343_,VGND,li1,334.4200,320.9600,0.001156
_09342_,VGND,li1,330.7400,326.4000,0.001277
_09341_,VGND,li1,328.6700,320.9600,0.001162
_09340_,VGND,li1,331.6600,320.9600,0.001030
_09339_,VGND,li1,317.8600,320.9600,0.001651
_09338_,VGND,li1,315.5600,320.9600,0.001802
_09337_,VGND,li1,312.5700,315.5200,0.001097
_09336_,VGND,li1,317.4000,315.5200,0.000980
_09335_,VGND,li1,297.6200,315.5200,0.001361
_09334_,VGND,li1,299.9200,315.5200,0.001331
_09333_,VGND,li1,297.1600,244.8000,0.000642
_09332_,VGND,li1,294.8600,244.8000,0.000650
_09331_,VGND,li1,269.1000,244.8000,0.000627
_09330_,VGND,li1,268.1800,250.2400,0.000348
_09329_,VGND,li1,266.5700,239.3600,0.000431
_09328_,VGND,li1,267.2600,239.3600,0.000431
_09327_,VGND,li1,262.6600,239.3600,0.000433
_09326_,VGND,li1,259.9000,239.3600,0.000433
_09325_,VGND,li1,255.5300,217.6000,0.000310
_09324_,VGND,li1,256.2200,223.0400,0.000292
_09323_,VGND,li1,234.6000,217.6000,0.000295
_09322_,VGND,li1,232.3000,217.6000,0.000292
_09321_,VGND,li1,230.6900,190.4000,0.000283
_09320_,VGND,li1,226.0900,190.4000,0.000271
_09319_,VGND,li1,229.0800,190.4000,0.000277
_09318_,VGND,li1,220.5700,190.4000,0.000261
_09317_,VGND,li1,222.8700,190.4000,0.000266
_09316_,VGND,li1,220.1100,184.9600,0.000278
_09315_,VGND,li1,223.1000,184.9600,0.000285
_09314_,VGND,li1,213.2100,184.9600,0.000260
_09313_,VGND,li1,225.8600,195.8400,0.000207
_09312_,VGND,li1,235.5200,190.4000,0.000290
_09311_,VGND,li1,229.5400,217.6000,0.000288
_09310_,VGND,li1,231.8400,217.6000,0.000292
_09309_,VGND,li1,235.5200,212.1600,0.000380
_09308_,VGND,li1,226.3200,212.1600,0.000397
_09307_,VGND,li1,223.5600,212.1600,0.000400
_09306_,VGND,li1,224.9400,206.7200,0.000117
_09305_,VGND,li1,222.4100,206.7200,0.000114
_09304_,VGND,li1,219.4200,206.7200,0.000111
_09303_,VGND,li1,227.4700,206.7200,0.000119
_09302_,VGND,li1,226.3200,212.1600,0.000397
_09301_,VGND,li1,231.1500,206.7200,0.000123
_09300_,VGND,li1,230.4600,206.7200,0.000122
_09299_,VGND,li1,216.4300,206.7200,0.000108
_09298_,VGND,li1,218.7300,206.7200,0.000111
_09297_,VGND,li1,215.7400,201.2800,0.000104
_09296_,VGND,li1,213.6700,201.2800,0.000101
_09295_,VGND,li1,216.8900,201.2800,0.000104
_09294_,VGND,li1,255.5300,239.3600,0.000428
_09293_,VGND,li1,252.3100,239.3600,0.000423
_09292_,VGND,li1,248.8600,239.3600,0.000414
_09291_,VGND,li1,245.8700,239.3600,0.000407
_09290_,VGND,li1,242.1900,239.3600,0.000398
_09289_,VGND,li1,244.4900,239.3600,0.000407
_09288_,VGND,li1,244.0300,228.4800,0.000443
_09287_,VGND,li1,241.2700,233.9200,0.000249
_09286_,VGND,li1,236.6700,233.9200,0.000244
_09285_,VGND,li1,235.2900,239.3600,0.000383
_09284_,VGND,li1,241.0400,233.9200,0.000249
_09283_,VGND,li1,238.9700,233.9200,0.000247
_09282_,VGND,li1,238.0500,250.2400,0.000282
_09281_,VGND,li1,240.1200,250.2400,0.000289
_09280_,VGND,li1,235.5200,250.2400,0.000275
_09279_,VGND,li1,238.7400,244.8000,0.000541
_09278_,VGND,li1,234.8300,244.8000,0.000529
_09277_,VGND,li1,254.8400,206.7200,0.000135
_09276_,VGND,li1,256.4500,233.9200,0.000265
_09275_,VGND,li1,268.4100,255.6800,0.000287
_09274_,VGND,li1,266.5700,261.1200,0.000324
_09273_,VGND,li1,270.9400,261.1200,0.000316
_09272_,VGND,li1,260.5900,261.1200,0.000329
_09271_,VGND,li1,258.7500,261.1200,0.000330
_09270_,VGND,li1,257.1400,261.1200,0.000330
_09269_,VGND,li1,257.8300,266.5600,0.000261
_09268_,VGND,li1,259.9000,244.8000,0.000602
_09267_,VGND,li1,248.1700,261.1200,0.000327
_09266_,VGND,li1,244.4900,255.6800,0.000250
_09265_,VGND,li1,245.8700,261.1200,0.000325
_09264_,VGND,li1,243.1100,261.1200,0.000322
_09263_,VGND,li1,236.2100,255.6800,0.000236
_09262_,VGND,li1,239.2000,255.6800,0.000241
_09261_,VGND,li1,246.3300,255.6800,0.000254
_09260_,VGND,li1,248.8600,261.1200,0.000327
_09259_,VGND,li1,256.4500,288.3200,0.000141
_09258_,VGND,li1,259.4400,288.3200,0.000139
_09257_,VGND,li1,256.2200,282.8800,0.000200
_09256_,VGND,li1,258.7500,282.8800,0.000197
_09255_,VGND,li1,261.5100,282.8800,0.000194
_09254_,VGND,li1,252.7700,282.8800,0.000202
_09253_,VGND,li1,250.0100,282.8800,0.000205
_09252_,VGND,li1,248.6300,282.8800,0.000207
_09251_,VGND,li1,246.7900,282.8800,0.000208
_09250_,VGND,li1,238.2800,282.8800,0.000213
_09249_,VGND,li1,245.8700,282.8800,0.000208
_09248_,VGND,li1,251.8500,293.7600,0.000165
_09247_,VGND,li1,250.9300,272.0000,0.000839
_09246_,VGND,li1,254.6100,293.7600,0.000165
_09245_,VGND,li1,252.3100,293.7600,0.000165
_09244_,VGND,li1,248.6300,293.7600,0.000165
_09243_,VGND,li1,264.2700,233.9200,0.000271
_09242_,VGND,li1,272.3200,255.6800,0.000288
_09241_,VGND,li1,292.7900,315.5200,0.001429
_09240_,VGND,li1,295.5500,315.5200,0.001406
_09239_,VGND,li1,287.7300,310.0800,0.000910
_09238_,VGND,li1,290.0300,310.0800,0.000897
_09237_,VGND,li1,284.9700,310.0800,0.000923
_09236_,VGND,li1,281.7500,310.0800,0.000935
_09235_,VGND,li1,281.7500,310.0800,0.000935
_09234_,VGND,li1,279.4500,310.0800,0.000941
_09233_,VGND,li1,288.1900,293.7600,0.000140
_09232_,VGND,li1,276.6900,304.6400,0.000421
_09231_,VGND,li1,271.6300,299.2000,0.000233
_09230_,VGND,li1,275.3100,299.2000,0.000229
_09229_,VGND,li1,266.5700,299.2000,0.000238
_09228_,VGND,li1,263.5800,299.2000,0.000240
_09227_,VGND,li1,262.8900,293.7600,0.000163
_09226_,VGND,li1,267.4900,293.7600,0.000161
_09225_,VGND,li1,258.2900,293.7600,0.000164
_09224_,VGND,li1,275.7700,293.7600,0.000153
_09223_,VGND,li1,278.5300,293.7600,0.000151
_09222_,VGND,li1,265.6500,288.3200,0.000134
_09221_,VGND,li1,259.4400,299.2000,0.000243
_09220_,VGND,li1,270.9400,277.4400,0.000506
_09219_,VGND,li1,277.8400,282.8800,0.000175
_09218_,VGND,li1,284.5100,342.7200,0.001933
_09217_,VGND,li1,288.6500,337.2800,0.005780
_09216_,VGND,li1,290.4900,342.7200,0.001743
_09215_,VGND,li1,286.8100,342.7200,0.001821
_09214_,VGND,li1,284.7400,342.7200,0.001877
_09213_,VGND,li1,279.9100,348.1600,0.000298
_09212_,VGND,li1,277.1500,348.1600,0.000308
_09211_,VGND,li1,276.6900,348.1600,0.000308
_09210_,VGND,li1,279.6800,348.1600,0.000298
_09209_,VGND,li1,270.2500,342.7200,0.002314
_09208_,VGND,li1,278.0700,353.6000,0.000123
_09207_,VGND,li1,273.9300,353.6000,0.000128
_09206_,VGND,li1,281.2900,353.6000,0.000119
_09205_,VGND,li1,268.8700,353.6000,0.000134
_09204_,VGND,li1,271.1700,353.6000,0.000132
_09203_,VGND,li1,263.5800,353.6000,0.000140
_09202_,VGND,li1,260.1300,359.0400,0.000335
_09201_,VGND,li1,260.5900,353.6000,0.000145
_09200_,VGND,li1,287.0400,255.6800,0.000273
_09199_,VGND,li1,297.8500,310.0800,0.000861
_09198_,VGND,li1,311.1900,326.4000,0.002822
_09197_,VGND,li1,307.9700,326.4000,0.003098
_09196_,VGND,li1,308.4300,326.4000,0.003098
_09195_,VGND,li1,302.2200,326.4000,0.003399
_09194_,VGND,li1,307.2800,315.5200,0.001214
_09193_,VGND,li1,350.2900,331.8400,0.002557
_09192_,VGND,li1,357.6500,299.2000,0.000333
_09191_,VGND,li1,347.0700,331.8400,0.002533
_09190_,VGND,li1,352.8200,326.4000,0.001861
_09189_,VGND,li1,350.5200,320.9600,0.001543
_09188_,VGND,li1,347.5300,320.9600,0.001519
_09187_,VGND,li1,345.4600,315.5200,0.000533
_09186_,VGND,li1,342.4700,315.5200,0.000525
_09185_,VGND,li1,339.4800,320.9600,0.001336
_09184_,VGND,li1,336.7200,315.5200,0.000508
_09183_,VGND,li1,336.7200,315.5200,0.000508
_09182_,VGND,li1,326.8300,315.5200,0.000724
_09181_,VGND,li1,330.0500,315.5200,0.000573
_09180_,VGND,li1,324.5300,310.0800,0.000597
_09179_,VGND,li1,324.0700,320.9600,0.001371
_09178_,VGND,li1,322.9200,315.5200,0.000821
_09177_,VGND,li1,316.4800,310.0800,0.000726
_09176_,VGND,li1,318.7800,310.0800,0.000670
_09175_,VGND,li1,313.0300,310.0800,0.000745
_09174_,VGND,li1,310.0400,250.2400,0.000344
_09173_,VGND,li1,320.3900,310.0800,0.000670
_09172_,VGND,li1,307.2800,244.8000,0.000580
_09171_,VGND,li1,292.5600,250.2400,0.000364
_09170_,VGND,li1,291.8700,244.8000,0.000655
_09169_,VGND,li1,281.0600,239.3600,0.000397
_09168_,VGND,li1,294.6300,250.2400,0.000363
_09167_,VGND,li1,278.0700,239.3600,0.000406
_09166_,VGND,li1,266.5700,233.9200,0.000273
_09165_,VGND,li1,272.0900,233.9200,0.000273
_09164_,VGND,li1,266.8000,223.0400,0.000280
_09163_,VGND,li1,264.9600,217.6000,0.000303
_09162_,VGND,li1,258.5200,217.6000,0.000309
_09161_,VGND,li1,260.8200,217.6000,0.000307
_09160_,VGND,li1,255.9900,217.6000,0.000310
_09159_,VGND,li1,249.3200,217.6000,0.000307
_09158_,VGND,li1,257.8300,217.6000,0.000309
_09157_,VGND,li1,251.6200,217.6000,0.000308
_09156_,VGND,li1,251.1600,212.1600,0.000351
_09155_,VGND,li1,238.7400,212.1600,0.000377
_09154_,VGND,li1,241.5000,212.1600,0.000370
_09153_,VGND,li1,229.7700,195.8400,0.000213
_09152_,VGND,li1,227.9300,201.2800,0.000119
_09151_,VGND,li1,226.0900,201.2800,0.000117
_09150_,VGND,li1,223.1000,195.8400,0.000202
_09149_,VGND,li1,226.5500,195.8400,0.000207
_09148_,VGND,li1,238.7400,212.1600,0.000377
_09147_,VGND,li1,232.7600,212.1600,0.000387
_09146_,VGND,li1,241.5000,217.6000,0.000301
_09145_,VGND,li1,236.9000,206.7200,0.000126
_09144_,VGND,li1,234.6000,206.7200,0.000125
_09143_,VGND,li1,233.9100,201.2800,0.000126
_09142_,VGND,li1,240.5800,206.7200,0.000129
_09141_,VGND,li1,235.5200,206.7200,0.000126
_09140_,VGND,li1,251.8500,206.7200,0.000134
_09139_,VGND,li1,248.1700,201.2800,0.000141
_09138_,VGND,li1,251.8500,201.2800,0.000144
_09137_,VGND,li1,240.3500,195.8400,0.000228
_09136_,VGND,li1,241.7300,190.4000,0.000301
_09135_,VGND,li1,239.4300,190.4000,0.000297
_09134_,VGND,li1,239.2000,190.4000,0.000297
_09133_,VGND,li1,245.4100,201.2800,0.000137
_09132_,VGND,li1,255.9900,201.2800,0.000147
_09131_,VGND,li1,266.8000,233.9200,0.000273
_09130_,VGND,li1,270.9400,233.9200,0.000273
_09129_,VGND,li1,263.5800,233.9200,0.000271
_09128_,VGND,li1,261.5100,233.9200,0.000269
_09127_,VGND,li1,252.5400,233.9200,0.000262
_09126_,VGND,li1,254.8400,233.9200,0.000265
_09125_,VGND,li1,248.8600,228.4800,0.000428
_09124_,VGND,li1,251.6200,228.4800,0.000421
_09123_,VGND,li1,255.0700,195.8400,0.000241
_09122_,VGND,li1,245.8700,228.4800,0.000437
_09121_,VGND,li1,248.6300,228.4800,0.000428
_09120_,VGND,li1,245.4100,228.4800,0.000443
_09119_,VGND,li1,244.4900,223.0400,0.000300
_09118_,VGND,li1,251.8500,250.2400,0.000314
_09117_,VGND,li1,249.5500,244.8000,0.000572
_09116_,VGND,li1,247.4800,244.8000,0.000562
_09115_,VGND,li1,248.6300,250.2400,0.000310
_09114_,VGND,li1,245.4100,250.2400,0.000302
_09113_,VGND,li1,263.5800,201.2800,0.000153
_09112_,VGND,li1,290.9500,255.6800,0.000264
_09111_,VGND,li1,281.2900,255.6800,0.000283
_09110_,VGND,li1,284.2800,255.6800,0.000279
_09109_,VGND,li1,278.0700,255.6800,0.000285
_09108_,VGND,li1,271.6300,255.6800,0.000288
_09107_,VGND,li1,268.6400,255.6800,0.000287
_09106_,VGND,li1,274.3900,255.6800,0.000287
_09105_,VGND,li1,280.8300,255.6800,0.000283
_09104_,VGND,li1,265.1900,244.8000,0.000617
_09103_,VGND,li1,257.8300,250.2400,0.000329
_09102_,VGND,li1,260.5900,250.2400,0.000335
_09101_,VGND,li1,254.6100,255.6800,0.000265
_09100_,VGND,li1,255.0700,261.1200,0.000330
_09099_,VGND,li1,251.8500,261.1200,0.000329
_09098_,VGND,li1,251.3900,255.6800,0.000262
_09097_,VGND,li1,196.6500,261.1200,0.000245
_09096_,VGND,li1,252.0800,250.2400,0.000314
_09095_,VGND,li1,257.8300,228.4800,0.000395
_09094_,VGND,li1,277.1500,250.2400,0.000355
_09093_,VGND,li1,273.0100,277.4400,0.000490
_09092_,VGND,li1,269.7900,277.4400,0.000506
_09091_,VGND,li1,275.7700,277.4400,0.000476
_09090_,VGND,li1,278.0700,266.5600,0.000249
_09089_,VGND,li1,265.1900,277.4400,0.000527
_09088_,VGND,li1,267.4900,277.4400,0.000516
_09087_,VGND,li1,261.2800,277.4400,0.000544
_09086_,VGND,li1,258.2900,282.8800,0.000197
_09085_,VGND,li1,258.2900,277.4400,0.000558
_09084_,VGND,li1,267.9500,282.8800,0.000187
_09083_,VGND,li1,270.7100,282.8800,0.000184
_09082_,VGND,li1,268.4100,288.3200,0.000132
_09081_,VGND,li1,268.8700,288.3200,0.000132
_09080_,VGND,li1,265.6500,288.3200,0.000134
_09079_,VGND,li1,277.8400,233.9200,0.000268
_09078_,VGND,li1,293.2500,255.6800,0.000257
_09077_,VGND,li1,310.2700,310.0800,0.000777
_09076_,VGND,li1,307.0500,310.0800,0.000797
_09075_,VGND,li1,305.4400,310.0800,0.000819
_09074_,VGND,li1,303.8300,310.0800,0.000819
_09073_,VGND,li1,300.1500,310.0800,0.000849
_09072_,VGND,li1,298.3100,304.6400,0.000403
_09071_,VGND,li1,295.5500,304.6400,0.000407
_09070_,VGND,li1,303.6000,299.2000,0.000178
_09069_,VGND,li1,290.9500,299.2000,0.000202
_09068_,VGND,li1,284.9700,293.7600,0.000144
_09067_,VGND,li1,285.8900,293.7600,0.000144
_09066_,VGND,li1,280.3700,288.3200,0.000121
_09065_,VGND,li1,287.9600,282.8800,0.000163
_09064_,VGND,li1,276.2300,288.3200,0.000126
_09063_,VGND,li1,277.6100,288.3200,0.000124
_09062_,VGND,li1,273.2400,288.3200,0.000128
_09061_,VGND,li1,278.3000,293.7600,0.000151
_09060_,VGND,li1,276.2300,299.2000,0.000226
_09059_,VGND,li1,274.1600,293.7600,0.000155
_09058_,VGND,li1,281.2900,293.7600,0.000148
_09057_,VGND,li1,280.6000,293.7600,0.000148
_09056_,VGND,li1,278.9900,299.2000,0.000222
_09055_,VGND,li1,282.2100,277.4400,0.000442
_09054_,VGND,li1,291.1800,277.4400,0.000400
_09053_,VGND,li1,292.1000,288.3200,0.000106
_09052_,VGND,li1,300.1500,320.9600,0.002349
_09051_,VGND,li1,297.3900,337.2800,0.005072
_09050_,VGND,li1,300.1500,337.2800,0.004848
_09049_,VGND,li1,307.7400,337.2800,0.004231
_09048_,VGND,li1,296.4700,342.7200,0.001514
_09047_,VGND,li1,294.8600,342.7200,0.001578
_09046_,VGND,li1,292.7900,342.7200,0.001657
_09045_,VGND,li1,289.5700,342.7200,0.001743
_09044_,VGND,li1,291.8700,342.7200,0.001657
_09043_,VGND,li1,290.9500,304.6400,0.000410
_09042_,VGND,li1,290.9500,353.6000,0.000104
_09041_,VGND,li1,287.2700,348.1600,0.000277
_09040_,VGND,li1,288.8800,353.6000,0.000108
_09039_,VGND,li1,286.3500,353.6000,0.000113
_09038_,VGND,li1,283.1300,353.6000,0.000116
_09037_,VGND,li1,294.4000,342.7200,0.001578
_09036_,VGND,li1,281.0600,342.7200,0.001988
_09035_,VGND,li1,303.8300,320.9600,0.002206
_09034_,VGND,li1,304.7500,326.4000,0.003227
_09033_,VGND,li1,305.2100,326.4000,0.003227
_09032_,VGND,li1,300.8400,342.7200,0.001376
_09031_,VGND,li1,303.3700,326.4000,0.003399
_09030_,VGND,li1,303.1400,255.6800,0.000230
_09029_,VGND,li1,310.0400,304.6400,0.000384
_09028_,VGND,li1,325.4500,320.9600,0.001371
_09027_,VGND,li1,325.9100,315.5200,0.000724
_09026_,VGND,li1,323.1500,315.5200,0.000821
_09025_,VGND,li1,318.3200,331.8400,0.003721
_09024_,VGND,li1,362.2500,304.6400,0.000684
_09023_,VGND,li1,360.6400,277.4400,0.000399
_09022_,VGND,li1,357.1900,304.6400,0.000665
_09021_,VGND,li1,358.1100,299.2000,0.000333
_09020_,VGND,li1,347.9900,304.6400,0.000566
_09019_,VGND,li1,346.1500,310.0800,0.000445
_09018_,VGND,li1,348.9100,272.0000,0.000458
_09017_,VGND,li1,340.6300,310.0800,0.000438
_09016_,VGND,li1,338.7900,310.0800,0.000430
_09015_,VGND,li1,337.8700,310.0800,0.000416
_09014_,VGND,li1,333.2700,310.0800,0.000380
_09013_,VGND,li1,334.6500,310.0800,0.000403
_09012_,VGND,li1,333.0400,272.0000,0.000255
_09011_,VGND,li1,327.2900,310.0800,0.000506
_09010_,VGND,li1,329.5900,310.0800,0.000450
_09009_,VGND,li1,322.2300,304.6400,0.000352
_09008_,VGND,li1,326.6000,304.6400,0.000323
_09007_,VGND,li1,321.5400,244.8000,0.000394
_09006_,VGND,li1,307.5100,250.2400,0.000348
_09005_,VGND,li1,312.1100,250.2400,0.000337
_09004_,VGND,li1,305.6700,244.8000,0.000580
_09003_,VGND,li1,301.5300,244.8000,0.000622
_09002_,VGND,li1,306.8200,239.3600,0.000296
_09001_,VGND,li1,281.2900,233.9200,0.000262
_09000_,VGND,li1,283.5900,233.9200,0.000256
_08999_,VGND,li1,276.6900,223.0400,0.000260
_08998_,VGND,li1,279.4500,223.0400,0.000255
_08997_,VGND,li1,279.6800,217.6000,0.000272
_08996_,VGND,li1,271.1700,217.6000,0.000290
_08995_,VGND,li1,268.8700,217.6000,0.000295
_08994_,VGND,li1,266.5700,217.6000,0.000303
_08993_,VGND,li1,268.8700,217.6000,0.000295
_08992_,VGND,li1,272.0900,212.1600,0.000303
_08991_,VGND,li1,255.5300,212.1600,0.000342
_08990_,VGND,li1,252.3100,212.1600,0.000351
_08989_,VGND,li1,248.8600,212.1600,0.000356
_08988_,VGND,li1,259.9000,212.1600,0.000335
_08987_,VGND,li1,244.9500,217.6000,0.000304
_08986_,VGND,li1,241.7300,217.6000,0.000301
_08985_,VGND,li1,238.9700,217.6000,0.000299
_08984_,VGND,li1,246.3300,206.7200,0.000132
_08983_,VGND,li1,244.2600,201.2800,0.000137
_08982_,VGND,li1,240.1200,201.2800,0.000133
_08981_,VGND,li1,244.4900,206.7200,0.000131
_08980_,VGND,li1,237.3600,201.2800,0.000128
_08979_,VGND,li1,266.5700,201.2800,0.000154
_08978_,VGND,li1,264.9600,201.2800,0.000154
_08977_,VGND,li1,261.2800,201.2800,0.000151
_08976_,VGND,li1,258.7500,201.2800,0.000149
_08975_,VGND,li1,261.5100,195.8400,0.000245
_08974_,VGND,li1,258.7500,195.8400,0.000243
_08973_,VGND,li1,255.5300,195.8400,0.000242
_08972_,VGND,li1,257.8300,195.8400,0.000243
_08971_,VGND,li1,265.1900,195.8400,0.000246
_08970_,VGND,li1,277.6100,233.9200,0.000268
_08969_,VGND,li1,278.0700,228.4800,0.000319
_08968_,VGND,li1,280.3700,228.4800,0.000309
_08967_,VGND,li1,268.8700,228.4800,0.000355
_08966_,VGND,li1,266.8000,228.4800,0.000364
_08965_,VGND,li1,269.1000,228.4800,0.000355
_08964_,VGND,li1,265.4200,223.0400,0.000280
_08963_,VGND,li1,268.6400,223.0400,0.000275
_08962_,VGND,li1,285.2000,223.0400,0.000239
_08961_,VGND,li1,250.9300,195.8400,0.000239
_08960_,VGND,li1,246.7900,195.8400,0.000236
_08959_,VGND,li1,246.7900,190.4000,0.000309
_08958_,VGND,li1,247.2500,190.4000,0.000309
_08957_,VGND,li1,257.8300,190.4000,0.000324
_08956_,VGND,li1,236.2100,190.4000,0.000290
_08955_,VGND,li1,259.6700,228.4800,0.000388
_08954_,VGND,li1,258.2900,223.0400,0.000288
_08953_,VGND,li1,256.2200,223.0400,0.000292
_08952_,VGND,li1,255.9900,228.4800,0.000402
_08951_,VGND,li1,243.1100,195.8400,0.000232
_08950_,VGND,li1,237.8200,195.8400,0.000225
_08949_,VGND,li1,289.1100,228.4800,0.000280
_08948_,VGND,li1,307.9700,255.6800,0.000205
_08947_,VGND,li1,304.7500,250.2400,0.000352
_08946_,VGND,li1,299.4600,255.6800,0.000237
_08945_,VGND,li1,298.3100,250.2400,0.000359
_08944_,VGND,li1,296.7000,255.6800,0.000246
_08943_,VGND,li1,293.9400,250.2400,0.000363
_08942_,VGND,li1,293.9400,255.6800,0.000257
_08941_,VGND,li1,290.7200,250.2400,0.000363
_08940_,VGND,li1,291.4100,261.1200,0.000264
_08939_,VGND,li1,288.1900,261.1200,0.000270
_08938_,VGND,li1,283.8200,255.6800,0.000279
_08937_,VGND,li1,287.0400,255.6800,0.000273
_08936_,VGND,li1,281.0600,250.2400,0.000358
_08935_,VGND,li1,285.2000,250.2400,0.000361
_08934_,VGND,li1,275.3100,250.2400,0.000353
_08933_,VGND,li1,278.0700,244.8000,0.000640
_08932_,VGND,li1,273.0100,244.8000,0.000633
_08931_,VGND,li1,273.4700,244.8000,0.000633
_08930_,VGND,li1,283.1300,244.8000,0.000646
_08929_,VGND,li1,290.9500,272.0000,0.000627
_08928_,VGND,li1,287.7300,272.0000,0.000658
_08927_,VGND,li1,290.4900,272.0000,0.000642
_08926_,VGND,li1,287.2700,272.0000,0.000658
_08925_,VGND,li1,296.9300,277.4400,0.000370
_08924_,VGND,li1,281.2900,266.5600,0.000245
_08923_,VGND,li1,278.9900,266.5600,0.000249
_08922_,VGND,li1,274.3900,266.5600,0.000254
_08921_,VGND,li1,277.6100,261.1200,0.000298
_08920_,VGND,li1,274.6200,261.1200,0.000305
_08919_,VGND,li1,272.0900,266.5600,0.000256
_08918_,VGND,li1,282.6700,272.0000,0.000700
_08917_,VGND,li1,279.6800,272.0000,0.000720
_08916_,VGND,li1,278.9900,277.4400,0.000459
_08915_,VGND,li1,282.2100,272.0000,0.000700
_08914_,VGND,li1,296.2400,239.3600,0.000340
_08913_,VGND,li1,306.1300,261.1200,0.000223
_08912_,VGND,li1,324.5300,304.6400,0.000337
_08911_,VGND,li1,326.8300,304.6400,0.000323
_08910_,VGND,li1,319.0100,304.6400,0.000360
_08909_,VGND,li1,321.7700,304.6400,0.000352
_08908_,VGND,li1,314.4100,304.6400,0.000375
_08907_,VGND,li1,310.7300,304.6400,0.000384
_08906_,VGND,li1,313.0300,304.6400,0.000380
_08905_,VGND,li1,311.1900,299.2000,0.000163
_08904_,VGND,li1,316.9400,293.7600,0.000086
_08903_,VGND,li1,305.2100,304.6400,0.000393
_08902_,VGND,li1,305.6700,299.2000,0.000174
_08901_,VGND,li1,300.1500,299.2000,0.000188
_08900_,VGND,li1,301.9900,299.2000,0.000182
_08899_,VGND,li1,295.5500,293.7600,0.000127
_08898_,VGND,li1,287.2700,288.3200,0.000113
_08897_,VGND,li1,297.3900,288.3200,0.000099
_08896_,VGND,li1,290.4900,288.3200,0.000110
_08895_,VGND,li1,282.2100,282.8800,0.000169
_08894_,VGND,li1,285.2000,282.8800,0.000165
_08893_,VGND,li1,296.9300,288.3200,0.000099
_08892_,VGND,li1,299.0000,282.8800,0.000147
_08891_,VGND,li1,315.3300,331.8400,0.004059
_08890_,VGND,li1,316.7100,337.2800,0.003592
_08889_,VGND,li1,321.0800,337.2800,0.003140
_08888_,VGND,li1,318.7800,337.2800,0.003329
_08887_,VGND,li1,310.2700,331.8400,0.004577
_08886_,VGND,li1,311.1900,337.2800,0.003950
_08885_,VGND,li1,307.0500,331.8400,0.004939
_08884_,VGND,li1,312.3400,342.7200,0.001057
_08883_,VGND,li1,294.1700,304.6400,0.000407
_08882_,VGND,li1,288.1900,299.2000,0.000210
_08881_,VGND,li1,290.9500,299.2000,0.000202
_08880_,VGND,li1,284.7400,299.2000,0.000213
_08879_,VGND,li1,287.7300,299.2000,0.000210
_08878_,VGND,li1,304.2900,337.2800,0.004512
_08877_,VGND,li1,304.0600,331.8400,0.005275
_08876_,VGND,li1,298.3100,326.4000,0.003712
_08875_,VGND,li1,299.2300,326.4000,0.003570
_08874_,VGND,li1,311.1900,337.2800,0.003950
_08873_,VGND,li1,303.8300,342.7200,0.001282
_08872_,VGND,li1,298.7700,342.7200,0.001441
_08871_,VGND,li1,306.5900,342.7200,0.001195
_08870_,VGND,li1,301.5300,348.1600,0.000220
_08869_,VGND,li1,304.7500,348.1600,0.000208
_08868_,VGND,li1,321.5400,250.2400,0.000269
_08867_,VGND,li1,328.9000,299.2000,0.000122
_08866_,VGND,li1,334.6500,304.6400,0.000318
_08865_,VGND,li1,337.4100,304.6400,0.000370
_08864_,VGND,li1,333.0400,282.8800,0.000067
_08863_,VGND,li1,365.0100,272.0000,0.000560
_08862_,VGND,li1,367.5400,261.1200,0.000396
_08861_,VGND,li1,363.8600,261.1200,0.000386
_08860_,VGND,li1,363.4000,277.4400,0.000408
_08859_,VGND,li1,360.4100,272.0000,0.000542
_08858_,VGND,li1,359.0300,272.0000,0.000542
_08857_,VGND,li1,362.4800,266.5600,0.000423
_08856_,VGND,li1,354.2000,272.0000,0.000507
_08855_,VGND,li1,344.0800,272.0000,0.000410
_08854_,VGND,li1,348.2200,272.0000,0.000458
_08853_,VGND,li1,341.5500,266.5600,0.000249
_08852_,VGND,li1,343.6200,266.5600,0.000285
_08851_,VGND,li1,345.0000,266.5600,0.000285
_08850_,VGND,li1,335.8000,272.0000,0.000287
_08849_,VGND,li1,334.4200,272.0000,0.000287
_08848_,VGND,li1,328.2100,244.8000,0.000317
_08847_,VGND,li1,331.2000,244.8000,0.000254
_08846_,VGND,li1,324.7600,244.8000,0.000344
_08845_,VGND,li1,322.4600,244.8000,0.000394
_08844_,VGND,li1,313.4900,239.3600,0.000267
_08843_,VGND,li1,317.4000,239.3600,0.000239
_08842_,VGND,li1,310.0400,239.3600,0.000280
_08841_,VGND,li1,307.7400,239.3600,0.000296
_08840_,VGND,li1,306.3600,217.6000,0.000182
_08839_,VGND,li1,307.0500,217.6000,0.000182
_08838_,VGND,li1,284.2800,217.6000,0.000254
_08837_,VGND,li1,282.2100,217.6000,0.000260
_08836_,VGND,li1,279.6800,212.1600,0.000278
_08835_,VGND,li1,281.9800,212.1600,0.000271
_08834_,VGND,li1,291.1800,212.1600,0.000241
_08833_,VGND,li1,275.5400,212.1600,0.000292
_08832_,VGND,li1,272.7800,206.7200,0.000135
_08831_,VGND,li1,268.6400,212.1600,0.000309
_08830_,VGND,li1,266.3400,212.1600,0.000315
_08829_,VGND,li1,282.4400,206.7200,0.000133
_08828_,VGND,li1,262.2000,212.1600,0.000325
_08827_,VGND,li1,265.6500,206.7200,0.000135
_08826_,VGND,li1,258.0600,206.7200,0.000135
_08825_,VGND,li1,261.9700,206.7200,0.000135
_08824_,VGND,li1,268.4100,206.7200,0.000135
_08823_,VGND,li1,269.3300,201.2800,0.000156
_08822_,VGND,li1,268.1800,195.8400,0.000247
_08821_,VGND,li1,265.1900,195.8400,0.000246
_08820_,VGND,li1,268.4100,195.8400,0.000247
_08819_,VGND,li1,271.6300,201.2800,0.000157
_08818_,VGND,li1,277.1500,201.2800,0.000158
_08817_,VGND,li1,279.9100,201.2800,0.000158
_08816_,VGND,li1,274.8500,201.2800,0.000157
_08815_,VGND,li1,278.0700,195.8400,0.000249
_08814_,VGND,li1,272.7800,195.8400,0.000248
_08813_,VGND,li1,282.9000,195.8400,0.000249
_08812_,VGND,li1,299.6900,239.3600,0.000327
_08811_,VGND,li1,296.4700,233.9200,0.000220
_08810_,VGND,li1,295.3200,233.9200,0.000220
_08809_,VGND,li1,293.2500,233.9200,0.000229
_08808_,VGND,li1,290.7200,233.9200,0.000234
_08807_,VGND,li1,287.9600,233.9200,0.000243
_08806_,VGND,li1,290.7200,228.4800,0.000267
_08805_,VGND,li1,293.0200,228.4800,0.000259
_08804_,VGND,li1,299.9200,228.4800,0.000227
_08803_,VGND,li1,287.0400,228.4800,0.000289
_08802_,VGND,li1,290.9500,223.0400,0.000213
_08801_,VGND,li1,287.5000,223.0400,0.000226
_08800_,VGND,li1,283.5900,223.0400,0.000239
_08799_,VGND,li1,261.9700,228.4800,0.000380
_08798_,VGND,li1,287.2700,223.0400,0.000226
_08797_,VGND,li1,285.4300,239.3600,0.000382
_08796_,VGND,li1,286.1200,244.8000,0.000650
_08795_,VGND,li1,283.1300,244.8000,0.000646
_08794_,VGND,li1,286.3500,244.8000,0.000650
_08793_,VGND,li1,287.7300,239.3600,0.000372
_08792_,VGND,li1,304.0600,233.9200,0.000191
_08791_,VGND,li1,318.5500,250.2400,0.000297
_08790_,VGND,li1,318.0900,250.2400,0.000297
_08789_,VGND,li1,316.2500,250.2400,0.000311
_08788_,VGND,li1,313.0300,255.6800,0.000182
_08787_,VGND,li1,309.8100,261.1200,0.000211
_08786_,VGND,li1,303.3700,261.1200,0.000232
_08785_,VGND,li1,300.1500,261.1200,0.000237
_08784_,VGND,li1,304.0600,266.5600,0.000209
_08783_,VGND,li1,296.0100,261.1200,0.000249
_08782_,VGND,li1,293.7100,261.1200,0.000255
_08781_,VGND,li1,290.2600,261.1200,0.000264
_08780_,VGND,li1,291.4100,266.5600,0.000231
_08779_,VGND,li1,294.8600,266.5600,0.000227
_08778_,VGND,li1,301.9900,282.8800,0.000140
_08777_,VGND,li1,304.7500,282.8800,0.000133
_08776_,VGND,li1,303.6000,277.4400,0.000335
_08775_,VGND,li1,300.6100,277.4400,0.000352
_08774_,VGND,li1,311.8800,277.4400,0.000283
_08773_,VGND,li1,299.4600,277.4400,0.000352
_08772_,VGND,li1,299.4600,272.0000,0.000552
_08771_,VGND,li1,302.9100,277.4400,0.000335
_08770_,VGND,li1,303.3700,272.0000,0.000517
_08769_,VGND,li1,284.9700,272.0000,0.000679
_08768_,VGND,li1,295.5500,277.4400,0.000380
_08767_,VGND,li1,293.9400,282.8800,0.000154
_08766_,VGND,li1,290.9500,282.8800,0.000157
_08765_,VGND,li1,294.6300,288.3200,0.000103
_08764_,VGND,li1,292.7900,282.8800,0.000154
_08763_,VGND,li1,322.9200,255.6800,0.000133
_08762_,VGND,li1,334.6500,282.8800,0.000076
_08761_,VGND,li1,337.6400,282.8800,0.000081
_08760_,VGND,li1,331.4300,282.8800,0.000073
_08759_,VGND,li1,332.8100,293.7600,0.000044
_08758_,VGND,li1,329.5900,293.7600,0.000052
_08757_,VGND,li1,326.1400,293.7600,0.000067
_08756_,VGND,li1,326.6000,288.3200,0.000046
_08755_,VGND,li1,332.5800,288.3200,0.000034
_08754_,VGND,li1,321.7700,293.7600,0.000075
_08753_,VGND,li1,313.4900,293.7600,0.000094
_08752_,VGND,li1,310.2700,299.2000,0.000163
_08751_,VGND,li1,308.8900,293.7600,0.000105
_08750_,VGND,li1,310.7300,293.7600,0.000101
_08749_,VGND,li1,310.2700,288.3200,0.000077
_08748_,VGND,li1,305.2100,293.7600,0.000110
_08747_,VGND,li1,307.5100,293.7600,0.000105
_08746_,VGND,li1,303.6000,288.3200,0.000091
_08745_,VGND,li1,301.9900,293.7600,0.000117
_08744_,VGND,li1,298.7700,293.7600,0.000122
_08743_,VGND,li1,296.4700,304.6400,0.000405
_08742_,VGND,li1,318.5500,282.8800,0.000106
_08741_,VGND,li1,334.1900,299.2000,0.000130
_08740_,VGND,li1,336.4900,299.2000,0.000150
_08739_,VGND,li1,332.3500,304.6400,0.000274
_08738_,VGND,li1,323.1500,337.2800,0.002989
_08737_,VGND,li1,325.2200,337.2800,0.002800
_08736_,VGND,li1,322.9200,337.2800,0.002989
_08735_,VGND,li1,320.3900,342.7200,0.000758
_08734_,VGND,li1,323.1500,342.7200,0.000670
_08733_,VGND,li1,329.8200,342.7200,0.000456
_08732_,VGND,li1,315.7900,342.7200,0.000956
_08731_,VGND,li1,322.2300,348.1600,0.000145
_08730_,VGND,li1,313.0300,348.1600,0.000177
_08729_,VGND,li1,313.2600,348.1600,0.000177
_08728_,VGND,li1,310.2700,348.1600,0.000187
_08727_,VGND,li1,301.9900,337.2800,0.004699
_08726_,VGND,li1,332.5800,250.2400,0.000178
_08725_,VGND,li1,336.7200,288.3200,0.000039
_08724_,VGND,li1,371.4500,266.5600,0.000437
_08723_,VGND,li1,368.2300,266.5600,0.000432
_08722_,VGND,li1,365.2400,266.5600,0.000429
_08721_,VGND,li1,361.5600,272.0000,0.000551
_08720_,VGND,li1,358.8000,261.1200,0.000365
_08719_,VGND,li1,359.4900,266.5600,0.000413
_08718_,VGND,li1,355.1200,261.1200,0.000344
_08717_,VGND,li1,358.8000,261.1200,0.000365
_08716_,VGND,li1,356.7300,266.5600,0.000395
_08715_,VGND,li1,347.7600,261.1200,0.000293
_08714_,VGND,li1,351.6700,266.5600,0.000362
_08713_,VGND,li1,348.9100,266.5600,0.000335
_08712_,VGND,li1,345.4600,244.8000,0.000378
_08711_,VGND,li1,338.5600,244.8000,0.000325
_08710_,VGND,li1,336.4900,244.8000,0.000306
_08709_,VGND,li1,337.4100,239.3600,0.000182
_08708_,VGND,li1,331.6600,244.8000,0.000254
_08707_,VGND,li1,334.4200,239.3600,0.000164
_08706_,VGND,li1,331.6600,239.3600,0.000143
_08705_,VGND,li1,317.1700,233.9200,0.000146
_08704_,VGND,li1,318.7800,239.3600,0.000239
_08703_,VGND,li1,318.7800,223.0400,0.000109
_08702_,VGND,li1,316.0200,217.6000,0.000146
_08701_,VGND,li1,303.6000,212.1600,0.000198
_08700_,VGND,li1,303.3700,217.6000,0.000194
_08699_,VGND,li1,304.0600,223.0400,0.000166
_08698_,VGND,li1,300.8400,212.1600,0.000208
_08697_,VGND,li1,304.2900,223.0400,0.000166
_08696_,VGND,li1,298.7700,212.1600,0.000215
_08695_,VGND,li1,301.3000,212.1600,0.000208
_08694_,VGND,li1,287.5000,212.1600,0.000253
_08693_,VGND,li1,289.3400,212.1600,0.000248
_08692_,VGND,li1,289.3400,206.7200,0.000131
_08691_,VGND,li1,291.6400,206.7200,0.000130
_08690_,VGND,li1,292.5600,206.7200,0.000129
_08689_,VGND,li1,281.5200,201.2800,0.000158
_08688_,VGND,li1,285.8900,206.7200,0.000132
_08687_,VGND,li1,278.7600,206.7200,0.000134
_08686_,VGND,li1,278.0700,206.7200,0.000134
_08685_,VGND,li1,285.8900,206.7200,0.000132
_08684_,VGND,li1,286.3500,195.8400,0.000248
_08683_,VGND,li1,280.3700,195.8400,0.000249
_08682_,VGND,li1,284.7400,195.8400,0.000248
_08681_,VGND,li1,281.2900,195.8400,0.000249
_08680_,VGND,li1,288.6500,195.8400,0.000247
_08679_,VGND,li1,299.2300,217.6000,0.000208
_08678_,VGND,li1,294.4000,217.6000,0.000223
_08677_,VGND,li1,292.3300,217.6000,0.000231
_08676_,VGND,li1,313.7200,239.3600,0.000267
_08675_,VGND,li1,320.1600,233.9200,0.000136
_08674_,VGND,li1,307.5100,233.9200,0.000179
_08673_,VGND,li1,303.8300,233.9200,0.000191
_08672_,VGND,li1,305.4400,228.4800,0.000204
_08671_,VGND,li1,303.3700,228.4800,0.000218
_08670_,VGND,li1,307.5100,223.0400,0.000152
_08669_,VGND,li1,298.5400,228.4800,0.000240
_08668_,VGND,li1,302.4500,228.4800,0.000218
_08667_,VGND,li1,299.0000,223.0400,0.000184
_08666_,VGND,li1,296.9300,228.4800,0.000240
_08665_,VGND,li1,300.1500,228.4800,0.000227
_08664_,VGND,li1,297.8500,239.3600,0.000340
_08663_,VGND,li1,290.9500,244.8000,0.000655
_08662_,VGND,li1,298.5400,244.8000,0.000642
_08661_,VGND,li1,330.5100,250.2400,0.000203
_08660_,VGND,li1,326.1400,250.2400,0.000232
_08659_,VGND,li1,327.5200,250.2400,0.000232
_08658_,VGND,li1,329.5900,250.2400,0.000203
_08657_,VGND,li1,319.0100,255.6800,0.000159
_08656_,VGND,li1,313.0300,261.1200,0.000202
_08655_,VGND,li1,317.6300,261.1200,0.000187
_08654_,VGND,li1,318.5500,266.5600,0.000181
_08653_,VGND,li1,316.2500,261.1200,0.000187
_08652_,VGND,li1,300.3800,266.5600,0.000217
_08651_,VGND,li1,297.8500,266.5600,0.000220
_08650_,VGND,li1,299.6900,266.5600,0.000217
_08649_,VGND,li1,313.9500,282.8800,0.000117
_08648_,VGND,li1,312.8000,288.3200,0.000073
_08647_,VGND,li1,312.3400,282.8800,0.000117
_08646_,VGND,li1,313.4900,277.4400,0.000269
_08645_,VGND,li1,317.8600,277.4400,0.000243
_08644_,VGND,li1,306.3600,277.4400,0.000318
_08643_,VGND,li1,311.1900,277.4400,0.000283
_08642_,VGND,li1,310.9600,272.0000,0.000450
_08641_,VGND,li1,308.8900,277.4400,0.000296
_08640_,VGND,li1,313.9500,277.4400,0.000269
_08639_,VGND,li1,308.4300,282.8800,0.000127
_08638_,VGND,li1,325.9100,266.5600,0.000166
_08637_,VGND,li1,345.2300,277.4400,0.000298
_08636_,VGND,li1,347.3000,277.4400,0.000316
_08635_,VGND,li1,340.6300,277.4400,0.000255
_08634_,VGND,li1,342.0100,277.4400,0.000255
_08633_,VGND,li1,338.7900,288.3200,0.000042
_08632_,VGND,li1,340.1700,288.3200,0.000042
_08631_,VGND,li1,336.9500,293.7600,0.000048
_08630_,VGND,li1,329.5900,288.3200,0.000041
_08629_,VGND,li1,326.8300,293.7600,0.000060
_08628_,VGND,li1,324.5300,293.7600,0.000067
_08627_,VGND,li1,321.3100,288.3200,0.000058
_08626_,VGND,li1,347.9900,293.7600,0.000056
_08625_,VGND,li1,316.7100,293.7600,0.000086
_08624_,VGND,li1,319.0100,293.7600,0.000081
_08623_,VGND,li1,313.2600,288.3200,0.000073
_08622_,VGND,li1,313.0300,293.7600,0.000097
_08621_,VGND,li1,309.8100,293.7600,0.000101
_08620_,VGND,li1,338.3300,293.7600,0.000048
_08619_,VGND,li1,342.0100,304.6400,0.000455
_08618_,VGND,li1,339.2500,304.6400,0.000404
_08617_,VGND,li1,333.2700,342.7200,0.000375
_08616_,VGND,li1,323.6100,342.7200,0.000670
_08615_,VGND,li1,337.4100,342.7200,0.000393
_08614_,VGND,li1,330.7400,342.7200,0.000456
_08613_,VGND,li1,325.9100,342.7200,0.000604
_08612_,VGND,li1,351.9000,261.1200,0.000312
_08611_,VGND,li1,370.9900,261.1200,0.000405
_08610_,VGND,li1,368.6900,261.1200,0.000401
_08609_,VGND,li1,368.2300,266.5600,0.000432
_08608_,VGND,li1,372.1400,250.2400,0.000407
_08607_,VGND,li1,372.3700,250.2400,0.000407
_08606_,VGND,li1,365.4700,250.2400,0.000392
_08605_,VGND,li1,368.4600,250.2400,0.000400
_08604_,VGND,li1,365.0100,244.8000,0.000467
_08603_,VGND,li1,360.8700,250.2400,0.000377
_08602_,VGND,li1,363.1700,261.1200,0.000386
_08601_,VGND,li1,363.1700,250.2400,0.000386
_08600_,VGND,li1,359.9500,239.3600,0.000259
_08599_,VGND,li1,355.1200,244.8000,0.000429
_08598_,VGND,li1,361.3300,255.6800,0.000178
_08597_,VGND,li1,351.4400,250.2400,0.000326
_08596_,VGND,li1,357.4200,250.2400,0.000363
_08595_,VGND,li1,356.9600,244.8000,0.000437
_08594_,VGND,li1,350.9800,239.3600,0.000240
_08593_,VGND,li1,354.8900,277.4400,0.000380
_08592_,VGND,li1,359.0300,277.4400,0.000399
_08591_,VGND,li1,350.9800,239.3600,0.000240
_08590_,VGND,li1,347.3000,233.9200,0.000107
_08589_,VGND,li1,356.5000,239.3600,0.000254
_08588_,VGND,li1,350.7500,244.8000,0.000407
_08587_,VGND,li1,355.5800,250.2400,0.000354
_08586_,VGND,li1,350.7500,250.2400,0.000326
_08585_,VGND,li1,345.9200,239.3600,0.000221
_08584_,VGND,li1,347.0700,244.8000,0.000378
_08583_,VGND,li1,347.5300,239.3600,0.000229
_08582_,VGND,li1,354.6600,239.3600,0.000245
_08581_,VGND,li1,344.0800,233.9200,0.000099
_08580_,VGND,li1,347.9900,255.6800,0.000142
_08579_,VGND,li1,345.6900,255.6800,0.000135
_08578_,VGND,li1,342.4700,228.4800,0.000106
_08577_,VGND,li1,337.1800,223.0400,0.000065
_08576_,VGND,li1,341.5500,217.6000,0.000064
_08575_,VGND,li1,341.0900,239.3600,0.000197
_08574_,VGND,li1,342.9300,239.3600,0.000211
_08573_,VGND,li1,342.7000,250.2400,0.000264
_08572_,VGND,li1,335.8000,228.4800,0.000089
_08571_,VGND,li1,336.7200,233.9200,0.000087
_08570_,VGND,li1,336.0300,223.0400,0.000062
_08569_,VGND,li1,334.8800,223.0400,0.000062
_08568_,VGND,li1,333.7300,228.4800,0.000084
_08567_,VGND,li1,330.9700,223.0400,0.000057
_08566_,VGND,li1,330.7400,223.0400,0.000057
_08565_,VGND,li1,332.8100,223.0400,0.000059
_08564_,VGND,li1,327.9800,217.6000,0.000086
_08563_,VGND,li1,327.9800,233.9200,0.000099
_08562_,VGND,li1,333.2700,233.9200,0.000077
_08561_,VGND,li1,331.2000,233.9200,0.000089
_08560_,VGND,li1,326.1400,217.6000,0.000099
_08559_,VGND,li1,329.5900,239.3600,0.000161
_08558_,VGND,li1,323.1500,217.6000,0.000109
_08557_,VGND,li1,324.7600,217.6000,0.000099
_08556_,VGND,li1,328.9000,217.6000,0.000086
_08555_,VGND,li1,324.3000,212.1600,0.000108
_08554_,VGND,li1,310.2700,217.6000,0.000171
_08553_,VGND,li1,321.5400,212.1600,0.000126
_08552_,VGND,li1,321.5400,206.7200,0.000101
_08551_,VGND,li1,313.0300,217.6000,0.000154
_08550_,VGND,li1,317.4000,217.6000,0.000134
_08549_,VGND,li1,311.4200,212.1600,0.000165
_08548_,VGND,li1,311.8800,212.1600,0.000165
_08547_,VGND,li1,315.5600,206.7200,0.000110
_08546_,VGND,li1,320.3900,206.7200,0.000104
_08545_,VGND,li1,310.5000,206.7200,0.000114
_08544_,VGND,li1,312.5700,206.7200,0.000112
_08543_,VGND,li1,311.8800,201.2800,0.000153
_08542_,VGND,li1,316.7100,201.2800,0.000151
_08541_,VGND,li1,304.5200,212.1600,0.000198
_08540_,VGND,li1,303.1400,206.7200,0.000121
_08539_,VGND,li1,300.8400,206.7200,0.000124
_08538_,VGND,li1,303.1400,206.7200,0.000121
_08537_,VGND,li1,308.2000,206.7200,0.000117
_08536_,VGND,li1,308.8900,201.2800,0.000155
_08535_,VGND,li1,304.5200,201.2800,0.000156
_08534_,VGND,li1,306.1300,206.7200,0.000118
_08533_,VGND,li1,300.1500,201.2800,0.000157
_08532_,VGND,li1,298.0800,206.7200,0.000125
_08531_,VGND,li1,296.9300,206.7200,0.000127
_08530_,VGND,li1,291.6400,201.2800,0.000158
_08529_,VGND,li1,295.5500,201.2800,0.000158
_08528_,VGND,li1,297.8500,201.2800,0.000157
_08527_,VGND,li1,293.7100,212.1600,0.000233
_08526_,VGND,li1,295.7800,212.1600,0.000226
_08525_,VGND,li1,291.8700,217.6000,0.000231
_08524_,VGND,li1,317.6300,206.7200,0.000107
_08523_,VGND,li1,330.0500,233.9200,0.000089
_08522_,VGND,li1,325.9100,233.9200,0.000107
_08521_,VGND,li1,334.6500,250.2400,0.000198
_08520_,VGND,li1,329.1300,228.4800,0.000088
_08519_,VGND,li1,331.4300,228.4800,0.000078
_08518_,VGND,li1,322.2300,228.4800,0.000124
_08517_,VGND,li1,322.0000,223.0400,0.000094
_08516_,VGND,li1,323.6100,233.9200,0.000117
_08515_,VGND,li1,319.0100,233.9200,0.000136
_08514_,VGND,li1,317.1700,228.4800,0.000149
_08513_,VGND,li1,320.1600,228.4800,0.000137
_08512_,VGND,li1,319.4700,228.4800,0.000137
_08511_,VGND,li1,322.4600,228.4800,0.000124
_08510_,VGND,li1,325.2200,223.0400,0.000081
_08509_,VGND,li1,318.5500,223.0400,0.000109
_08508_,VGND,li1,311.6500,223.0400,0.000136
_08507_,VGND,li1,309.5800,228.4800,0.000183
_08506_,VGND,li1,311.1900,228.4800,0.000183
_08505_,VGND,li1,307.9700,228.4800,0.000194
_08504_,VGND,li1,313.4900,228.4800,0.000168
_08503_,VGND,li1,325.9100,233.9200,0.000107
_08502_,VGND,li1,334.1900,266.5600,0.000172
_08501_,VGND,li1,338.5600,272.0000,0.000341
_08500_,VGND,li1,333.2700,261.1200,0.000157
_08499_,VGND,li1,334.1900,261.1200,0.000157
_08498_,VGND,li1,325.9100,272.0000,0.000316
_08497_,VGND,li1,321.7700,266.5600,0.000175
_08496_,VGND,li1,321.3100,266.5600,0.000175
_08495_,VGND,li1,324.0700,261.1200,0.000159
_08494_,VGND,li1,311.1900,266.5600,0.000196
_08493_,VGND,li1,311.6500,261.1200,0.000202
_08492_,VGND,li1,301.0700,266.5600,0.000217
_08491_,VGND,li1,297.3900,266.5600,0.000223
_08490_,VGND,li1,307.5100,266.5600,0.000203
_08489_,VGND,li1,329.1300,277.4400,0.000175
_08488_,VGND,li1,327.7500,282.8800,0.000079
_08487_,VGND,li1,326.3700,277.4400,0.000201
_08486_,VGND,li1,320.8500,277.4400,0.000228
_08485_,VGND,li1,320.3900,277.4400,0.000228
_08484_,VGND,li1,320.6200,282.8800,0.000101
_08483_,VGND,li1,318.0900,277.4400,0.000243
_08482_,VGND,li1,315.7900,277.4400,0.000256
_08481_,VGND,li1,351.2100,255.6800,0.000152
_08480_,VGND,li1,357.1900,277.4400,0.000391
_08479_,VGND,li1,356.7300,282.8800,0.000120
_08478_,VGND,li1,362.4800,282.8800,0.000132
_08477_,VGND,li1,348.4500,261.1200,0.000293
_08476_,VGND,li1,354.4300,255.6800,0.000157
_08475_,VGND,li1,346.1500,282.8800,0.000101
_08474_,VGND,li1,343.3900,282.8800,0.000096
_08473_,VGND,li1,349.3700,282.8800,0.000109
_08472_,VGND,li1,346.6100,282.8800,0.000101
_08471_,VGND,li1,358.5700,282.8800,0.000125
_08470_,VGND,li1,363.6300,282.8800,0.000132
_08469_,VGND,li1,355.8100,288.3200,0.000051
_08468_,VGND,li1,349.3700,288.3200,0.000048
_08467_,VGND,li1,351.9000,288.3200,0.000049
_08466_,VGND,li1,354.8900,288.3200,0.000050
_08465_,VGND,li1,355.8100,293.7600,0.000060
_08464_,VGND,li1,358.3400,293.7600,0.000061
_08463_,VGND,li1,367.3100,288.3200,0.000053
_08462_,VGND,li1,348.9100,293.7600,0.000056
_08461_,VGND,li1,345.9200,293.7600,0.000054
_08460_,VGND,li1,354.4300,293.7600,0.000060
_08459_,VGND,li1,355.3500,293.7600,0.000060
_08458_,VGND,li1,355.8100,299.2000,0.000317
_08457_,VGND,li1,352.5900,293.7600,0.000059
_08456_,VGND,li1,352.1300,293.7600,0.000058
_08455_,VGND,li1,342.4700,293.7600,0.000052
_08454_,VGND,li1,345.0000,293.7600,0.000054
_08453_,VGND,li1,345.4600,299.2000,0.000214
_08452_,VGND,li1,347.3000,299.2000,0.000230
_08451_,VGND,li1,343.8500,299.2000,0.000214
_08450_,VGND,li1,343.3900,310.0800,0.000441
_08449_,VGND,li1,340.6300,304.6400,0.000404
_08448_,VGND,li1,349.3700,304.6400,0.000566
_08447_,VGND,li1,343.6200,304.6400,0.000455
_08446_,VGND,li1,344.7700,255.6800,0.000128
_08445_,VGND,li1,333.7300,255.6800,0.000095
_08444_,VGND,li1,329.5900,255.6800,0.000099
_08443_,VGND,li1,329.3600,261.1200,0.000146
_08442_,VGND,li1,321.5400,261.1200,0.000168
_08441_,VGND,li1,319.0100,261.1200,0.000177
_08440_,VGND,li1,313.4900,266.5600,0.000191
_08439_,VGND,li1,332.8100,277.4400,0.000163
_08438_,VGND,li1,324.9900,277.4400,0.000201
_08437_,VGND,li1,330.2800,277.4400,0.000175
_08436_,VGND,li1,370.5300,244.8000,0.000485
_08435_,VGND,li1,362.9400,244.8000,0.000455
_08434_,VGND,li1,368.2300,244.8000,0.000478
_08433_,VGND,li1,367.3100,244.8000,0.000473
_08432_,VGND,li1,361.3300,244.8000,0.000455
_08431_,VGND,li1,364.5500,244.8000,0.000467
_08430_,VGND,li1,367.3100,233.9200,0.000128
_08429_,VGND,li1,360.8700,239.3600,0.000262
_08428_,VGND,li1,362.2500,239.3600,0.000262
_08427_,VGND,li1,359.9500,282.8800,0.000128
_08426_,VGND,li1,362.2500,288.3200,0.000053
_08425_,VGND,li1,361.5600,293.7600,0.000062
_08424_,VGND,li1,368.2300,293.7600,0.000064
_08423_,VGND,li1,364.5500,288.3200,0.000053
_08422_,VGND,li1,369.1500,293.7600,0.000064
_08421_,VGND,li1,364.5500,293.7600,0.000063
_08420_,VGND,li1,356.7300,239.3600,0.000254
_08419_,VGND,li1,350.2900,233.9200,0.000111
_08418_,VGND,li1,345.6900,250.2400,0.000288
_08417_,VGND,li1,341.5500,255.6800,0.000117
_08416_,VGND,li1,343.3900,255.6800,0.000128
_08415_,VGND,li1,343.8500,272.0000,0.000410
_08414_,VGND,li1,338.3300,255.6800,0.000111
_08413_,VGND,li1,324.9900,261.1200,0.000159
_08412_,VGND,li1,325.9100,261.1200,0.000153
_08411_,VGND,li1,290.9500,266.5600,0.000231
_08410_,VGND,li1,347.0700,228.4800,0.000115
_08409_,VGND,li1,349.3700,228.4800,0.000119
_08408_,VGND,li1,350.5200,228.4800,0.000119
_08407_,VGND,li1,344.3100,223.0400,0.000072
_08406_,VGND,li1,343.3900,223.0400,0.000072
_08405_,VGND,li1,338.7900,228.4800,0.000097
_08404_,VGND,li1,340.8600,223.0400,0.000069
_08403_,VGND,li1,342.4700,217.6000,0.000064
_08402_,VGND,li1,334.1900,217.6000,0.000061
_08401_,VGND,li1,331.4300,217.6000,0.000073
_08400_,VGND,li1,332.8100,212.1600,0.000071
_08399_,VGND,li1,329.5900,212.1600,0.000082
_08398_,VGND,li1,326.8300,212.1600,0.000097
_08397_,VGND,li1,321.3100,201.2800,0.000148
_08396_,VGND,li1,316.9400,206.7200,0.000107
_08395_,VGND,li1,313.0300,201.2800,0.000153
_08394_,VGND,li1,316.2500,201.2800,0.000152
_08393_,VGND,li1,323.6100,201.2800,0.000146
_08392_,VGND,li1,368.6900,239.3600,0.000269
_08391_,VGND,li1,373.2900,233.9200,0.000131
_08390_,VGND,li1,369.1500,233.9200,0.000130
_08389_,VGND,li1,370.5300,233.9200,0.000130
_08388_,VGND,li1,367.7700,282.8800,0.000138
_08387_,VGND,li1,361.3300,282.8800,0.000128
_08386_,VGND,li1,366.1600,282.8800,0.000135
_08385_,VGND,li1,364.0900,233.9200,0.000126
_08384_,VGND,li1,360.8700,233.9200,0.000122
_08383_,VGND,li1,357.6500,233.9200,0.000120
_08382_,VGND,li1,359.4900,233.9200,0.000122
_08381_,VGND,li1,358.1100,239.3600,0.000254
_08380_,VGND,li1,341.3200,255.6800,0.000117
_08379_,VGND,li1,336.0300,255.6800,0.000103
_08378_,VGND,li1,335.5700,261.1200,0.000179
_08377_,VGND,li1,329.1300,261.1200,0.000146
_08376_,VGND,li1,343.3900,255.6800,0.000128
_08375_,VGND,li1,339.7100,261.1200,0.000203
_08374_,VGND,li1,353.5100,228.4800,0.000125
_08373_,VGND,li1,354.4300,228.4800,0.000125
_08372_,VGND,li1,348.4500,223.0400,0.000076
_08371_,VGND,li1,351.6700,223.0400,0.000078
_08370_,VGND,li1,349.8300,223.0400,0.000076
_08369_,VGND,li1,346.6100,217.6000,0.000064
_08368_,VGND,li1,341.7800,212.1600,0.000089
_08367_,VGND,li1,338.7900,212.1600,0.000085
_08366_,VGND,li1,331.8900,212.1600,0.000071
_08365_,VGND,li1,324.0700,206.7200,0.000098
_08364_,VGND,li1,324.0700,212.1600,0.000116
_08363_,VGND,li1,368.6900,223.0400,0.000083
_08362_,VGND,li1,364.7800,223.0400,0.000083
_08361_,VGND,li1,367.7700,228.4800,0.000144
_08360_,VGND,li1,365.9300,277.4400,0.000411
_08359_,VGND,li1,361.5600,228.4800,0.000136
_08358_,VGND,li1,364.0900,228.4800,0.000139
_08357_,VGND,li1,359.2600,228.4800,0.000131
_08356_,VGND,li1,367.7700,255.6800,0.000186
_08355_,VGND,li1,353.9700,223.0400,0.000079
_08354_,VGND,li1,361.7900,223.0400,0.000082
_08353_,VGND,li1,357.1900,223.0400,0.000081
_08352_,VGND,li1,198.0300,353.6000,0.000169
_08351_,VGND,li1,194.3500,353.6000,0.000168
_08350_,VGND,li1,84.8700,369.9200,0.005890
_08349_,VGND,li1,67.8500,337.2800,0.005278
_08348_,VGND,li1,56.3500,331.8400,0.004071
_08347_,VGND,li1,46.6900,331.8400,0.003183
_08346_,VGND,li1,43.0100,331.8400,0.002822
_08345_,VGND,li1,35.1900,326.4000,0.001257
_08344_,VGND,li1,32.8900,282.8800,0.000141
_08343_,VGND,li1,28.7500,282.8800,0.000106
_08342_,VGND,li1,29.6700,326.4000,0.000938
_08341_,VGND,li1,21.8500,239.3600,0.000113
_08340_,VGND,li1,34.7300,326.4000,0.001257
_08339_,VGND,li1,36.3400,320.9600,0.000575
_08338_,VGND,li1,42.7800,342.7200,0.000516
_08337_,VGND,li1,33.5800,282.8800,0.000141
_08336_,VGND,li1,13.5700,239.3600,0.000123
_08335_,VGND,li1,11.2700,244.8000,0.000059
_08334_,VGND,li1,10.8100,250.2400,0.000051
_08333_,VGND,li1,11.2700,239.3600,0.000125
_08332_,VGND,li1,9.4300,233.9200,0.000113
_08331_,VGND,li1,8.7400,250.2400,0.000051
_08330_,VGND,li1,14.9500,217.6000,0.000041
_08329_,VGND,li1,10.3500,255.6800,0.000071
_08328_,VGND,li1,15.6400,255.6800,0.000069
_08327_,VGND,li1,23.2300,239.3600,0.000100
_08326_,VGND,li1,13.1100,233.9200,0.000113
_08325_,VGND,li1,8.9700,217.6000,0.000042
_08324_,VGND,li1,9.2000,212.1600,0.000043
_08323_,VGND,li1,20.9300,272.0000,0.000089
_08322_,VGND,li1,12.8800,223.0400,0.000050
_08321_,VGND,li1,25.7600,277.4400,0.000254
_08320_,VGND,li1,12.6500,228.4800,0.000102
_08319_,VGND,li1,16.5600,228.4800,0.000097
_08318_,VGND,li1,23.0000,228.4800,0.000085
_08317_,VGND,li1,27.3700,304.6400,0.000054
_08316_,VGND,li1,24.1500,310.0800,0.000088
_08315_,VGND,li1,23.2300,310.0800,0.000088
_08314_,VGND,li1,23.2300,315.5200,0.000080
_08313_,VGND,li1,20.0100,299.2000,0.000034
_08312_,VGND,li1,19.5500,310.0800,0.000089
_08311_,VGND,li1,21.6200,288.3200,0.000024
_08310_,VGND,li1,51.2900,348.1600,0.000291
_08309_,VGND,li1,20.7000,304.6400,0.000045
_08308_,VGND,li1,29.9000,304.6400,0.000060
_08307_,VGND,li1,42.0900,326.4000,0.001689
_08306_,VGND,li1,39.1000,326.4000,0.001517
_08305_,VGND,li1,39.3300,320.9600,0.000668
_08304_,VGND,li1,58.8800,331.8400,0.004276
_08303_,VGND,li1,72.2200,331.8400,0.005164
_08302_,VGND,li1,86.4800,364.4800,0.005514
_08301_,VGND,li1,88.5500,369.9200,0.006117
_08300_,VGND,li1,104.1900,369.9200,0.006695
_08299_,VGND,li1,108.7900,369.9200,0.006630
_08298_,VGND,li1,83.4900,364.4800,0.005315
_08297_,VGND,li1,84.4100,364.4800,0.005315
_08296_,VGND,li1,88.3200,337.2800,0.006640
_08295_,VGND,li1,76.5900,337.2800,0.005971
_08294_,VGND,li1,68.3100,331.8400,0.004899
_08293_,VGND,li1,68.7700,331.8400,0.004899
_08292_,VGND,li1,73.6000,331.8400,0.005164
_08291_,VGND,li1,61.4100,331.8400,0.004475
_08290_,VGND,li1,62.3300,331.8400,0.004475
_08289_,VGND,li1,52.4400,331.8400,0.003714
_08288_,VGND,li1,55.4300,331.8400,0.003882
_08287_,VGND,li1,59.3400,331.8400,0.004276
_08286_,VGND,li1,55.2000,342.7200,0.000745
_08285_,VGND,li1,56.8100,326.4000,0.002343
_08284_,VGND,li1,61.1800,326.4000,0.002593
_08283_,VGND,li1,48.0700,326.4000,0.001935
_08282_,VGND,li1,46.6900,326.4000,0.001935
_08281_,VGND,li1,44.3900,320.9600,0.000840
_08280_,VGND,li1,47.3800,320.9600,0.000935
_08279_,VGND,li1,39.7900,315.5200,0.000193
_08278_,VGND,li1,38.8700,315.5200,0.000174
_08277_,VGND,li1,37.2600,315.5200,0.000174
_08276_,VGND,li1,42.5500,315.5200,0.000210
_08275_,VGND,li1,40.4800,310.0800,0.000209
_08274_,VGND,li1,38.1800,310.0800,0.000191
_08273_,VGND,li1,36.1100,310.0800,0.000175
_08272_,VGND,li1,35.6500,304.6400,0.000082
_08271_,VGND,li1,33.5800,304.6400,0.000075
_08270_,VGND,li1,29.2100,304.6400,0.000060
_08269_,VGND,li1,23.2300,304.6400,0.000045
_08268_,VGND,li1,26.2200,304.6400,0.000044
_08267_,VGND,li1,21.3900,299.2000,0.000034
_08266_,VGND,li1,22.7700,299.2000,0.000033
_08265_,VGND,li1,21.6200,293.7600,0.000037
_08264_,VGND,li1,27.6000,288.3200,0.000030
_08263_,VGND,li1,46.2300,342.7200,0.000580
_08262_,VGND,li1,46.2300,342.7200,0.000580
_08261_,VGND,li1,48.9900,342.7200,0.000631
_08260_,VGND,li1,48.0700,348.1600,0.000252
_08259_,VGND,li1,49.2200,348.1600,0.000274
_08258_,VGND,li1,52.2100,348.1600,0.000291
_08257_,VGND,li1,52.6700,342.7200,0.000699
_08256_,VGND,li1,54.0500,348.1600,0.000310
_08255_,VGND,li1,63.2500,348.1600,0.000383
_08254_,VGND,li1,39.1000,277.4400,0.000479
_08253_,VGND,li1,51.9800,315.5200,0.000262
_08252_,VGND,li1,43.9300,326.4000,0.001790
_08251_,VGND,li1,43.2400,277.4400,0.000582
_08250_,VGND,li1,36.1100,282.8800,0.000156
_08249_,VGND,li1,27.8300,277.4400,0.000291
_08248_,VGND,li1,30.8200,277.4400,0.000336
_08247_,VGND,li1,23.6900,277.4400,0.000212
_08246_,VGND,li1,20.4700,277.4400,0.000213
_08245_,VGND,li1,17.7100,272.0000,0.000090
_08244_,VGND,li1,19.7800,272.0000,0.000089
_08243_,VGND,li1,17.4800,272.0000,0.000090
_08242_,VGND,li1,11.2700,261.1200,0.000100
_08241_,VGND,li1,13.5700,261.1200,0.000100
_08240_,VGND,li1,16.7900,261.1200,0.000099
_08239_,VGND,li1,12.6500,250.2400,0.000050
_08238_,VGND,li1,17.0200,250.2400,0.000048
_08237_,VGND,li1,12.1900,255.6800,0.000070
_08236_,VGND,li1,19.5500,255.6800,0.000067
_08235_,VGND,li1,21.3900,255.6800,0.000066
_08234_,VGND,li1,23.4600,255.6800,0.000065
_08233_,VGND,li1,20.9300,250.2400,0.000045
_08232_,VGND,li1,20.4700,282.8800,0.000084
_08231_,VGND,li1,21.6200,288.3200,0.000024
_08230_,VGND,li1,28.9800,233.9200,0.000138
_08229_,VGND,li1,29.9000,277.4400,0.000336
_08228_,VGND,li1,34.2700,277.4400,0.000393
_08227_,VGND,li1,35.4200,233.9200,0.000187
_08226_,VGND,li1,32.6600,233.9200,0.000156
_08225_,VGND,li1,39.1000,233.9200,0.000219
_08224_,VGND,li1,20.4700,233.9200,0.000108
_08223_,VGND,li1,17.2500,228.4800,0.000097
_08222_,VGND,li1,20.4700,228.4800,0.000090
_08221_,VGND,li1,21.3900,228.4800,0.000090
_08220_,VGND,li1,24.8400,223.0400,0.000043
_08219_,VGND,li1,22.5400,223.0400,0.000045
_08218_,VGND,li1,20.4700,239.3600,0.000113
_08217_,VGND,li1,13.5700,228.4800,0.000101
_08216_,VGND,li1,16.1000,223.0400,0.000049
_08215_,VGND,li1,9.4300,223.0400,0.000051
_08214_,VGND,li1,11.2700,212.1600,0.000042
_08213_,VGND,li1,11.2700,217.6000,0.000042
_08212_,VGND,li1,12.4200,212.1600,0.000042
_08211_,VGND,li1,14.0300,206.7200,0.000055
_08210_,VGND,li1,14.9500,212.1600,0.000041
_08209_,VGND,li1,11.5000,206.7200,0.000058
_08208_,VGND,li1,9.4300,206.7200,0.000061
_08207_,VGND,li1,13.5700,206.7200,0.000055
_08206_,VGND,li1,24.3800,212.1600,0.000034
_08205_,VGND,li1,106.4900,369.9200,0.006683
_08204_,VGND,li1,110.4000,369.9200,0.006564
_08203_,VGND,li1,102.3500,364.4800,0.006122
_08202_,VGND,li1,105.8000,337.2800,0.007087
_08201_,VGND,li1,103.5000,337.2800,0.007068
_08200_,VGND,li1,90.8500,337.2800,0.006729
_08199_,VGND,li1,85.3300,337.2800,0.006453
_08198_,VGND,li1,85.7900,331.8400,0.005635
_08197_,VGND,li1,88.7800,331.8400,0.005716
_08196_,VGND,li1,80.7300,331.8400,0.005518
_08195_,VGND,li1,76.8200,331.8400,0.005357
_08194_,VGND,li1,77.9700,326.4000,0.003204
_08193_,VGND,li1,77.2800,331.8400,0.005357
_08192_,VGND,li1,79.1200,342.7200,0.001159
_08191_,VGND,li1,71.9900,326.4000,0.003025
_08190_,VGND,li1,74.7500,326.4000,0.003110
_08189_,VGND,li1,77.2800,320.9600,0.001584
_08188_,VGND,li1,65.5500,320.9600,0.001380
_08187_,VGND,li1,59.1100,320.9600,0.001248
_08186_,VGND,li1,62.1000,320.9600,0.001324
_08185_,VGND,li1,54.5100,320.9600,0.001129
_08184_,VGND,li1,58.1900,320.9600,0.001183
_08183_,VGND,li1,52.2100,320.9600,0.001066
_08182_,VGND,li1,56.5800,315.5200,0.000300
_08181_,VGND,li1,54.5100,315.5200,0.000280
_08180_,VGND,li1,52.6700,310.0800,0.000301
_08179_,VGND,li1,54.7400,310.0800,0.000316
_08178_,VGND,li1,49.9100,310.0800,0.000281
_08177_,VGND,li1,47.6100,310.0800,0.000262
_08176_,VGND,li1,45.5400,310.0800,0.000248
_08175_,VGND,li1,42.0900,304.6400,0.000101
_08174_,VGND,li1,40.9400,310.0800,0.000209
_08173_,VGND,li1,38.4100,304.6400,0.000088
_08172_,VGND,li1,37.4900,304.6400,0.000088
_08171_,VGND,li1,35.1900,299.2000,0.000058
_08170_,VGND,li1,35.1900,304.6400,0.000075
_08169_,VGND,li1,35.4200,293.7600,0.000060
_08168_,VGND,li1,42.0900,288.3200,0.000059
_08167_,VGND,li1,53.5900,337.2800,0.003852
_08166_,VGND,li1,58.1900,342.7200,0.000783
_08165_,VGND,li1,57.7300,342.7200,0.000783
_08164_,VGND,li1,59.5700,342.7200,0.000825
_08163_,VGND,li1,67.1600,348.1600,0.000412
_08162_,VGND,li1,56.3500,348.1600,0.000325
_08161_,VGND,li1,55.6600,348.1600,0.000325
_08160_,VGND,li1,59.1100,348.1600,0.000351
_08159_,VGND,li1,65.3200,348.1600,0.000398
_08158_,VGND,li1,65.3200,342.7200,0.000920
_08157_,VGND,li1,61.1800,353.6000,0.000175
_08156_,VGND,li1,58.1900,277.4400,0.000763
_08155_,VGND,li1,66.2400,315.5200,0.000355
_08154_,VGND,li1,62.3300,320.9600,0.001324
_08153_,VGND,li1,60.0300,320.9600,0.001248
_08152_,VGND,li1,64.6300,320.9600,0.001380
_08151_,VGND,li1,63.7100,277.4400,0.000825
_08150_,VGND,li1,48.0700,277.4400,0.000658
_08149_,VGND,li1,43.4700,277.4400,0.000582
_08148_,VGND,li1,37.4900,272.0000,0.000197
_08147_,VGND,li1,38.1800,272.0000,0.000197
_08146_,VGND,li1,31.5100,272.0000,0.000141
_08145_,VGND,li1,33.8100,272.0000,0.000163
_08144_,VGND,li1,32.8900,272.0000,0.000163
_08143_,VGND,li1,30.1300,272.0000,0.000141
_08142_,VGND,li1,34.9600,266.5600,0.000123
_08141_,VGND,li1,24.1500,266.5600,0.000067
_08140_,VGND,li1,26.4500,266.5600,0.000082
_08139_,VGND,li1,20.4700,266.5600,0.000068
_08138_,VGND,li1,17.2500,266.5600,0.000068
_08137_,VGND,li1,15.4100,266.5600,0.000069
_08136_,VGND,li1,20.7000,261.1200,0.000097
_08135_,VGND,li1,20.2400,261.1200,0.000097
_08134_,VGND,li1,20.7000,250.2400,0.000045
_08133_,VGND,li1,25.7600,261.1200,0.000094
_08132_,VGND,li1,26.4500,288.3200,0.000030
_08131_,VGND,li1,23.6900,293.7600,0.000036
_08130_,VGND,li1,28.2900,293.7600,0.000048
_08129_,VGND,li1,19.5500,293.7600,0.000039
_08128_,VGND,li1,19.7800,293.7600,0.000039
_08127_,VGND,li1,17.2500,293.7600,0.000040
_08126_,VGND,li1,39.1000,244.8000,0.000117
_08125_,VGND,li1,42.7800,272.0000,0.000229
_08124_,VGND,li1,45.3100,255.6800,0.000187
_08123_,VGND,li1,49.6800,255.6800,0.000200
_08122_,VGND,li1,47.8400,250.2400,0.000111
_08121_,VGND,li1,39.7900,233.9200,0.000219
_08120_,VGND,li1,34.7300,233.9200,0.000187
_08119_,VGND,li1,30.1300,228.4800,0.000112
_08118_,VGND,li1,30.1300,228.4800,0.000112
_08117_,VGND,li1,32.6600,228.4800,0.000127
_08116_,VGND,li1,26.4500,239.3600,0.000092
_08115_,VGND,li1,28.7500,239.3600,0.000108
_08114_,VGND,li1,23.6900,233.9200,0.000105
_08113_,VGND,li1,23.6900,244.8000,0.000052
_08112_,VGND,li1,25.7600,244.8000,0.000061
_08111_,VGND,li1,33.3500,244.8000,0.000095
_08110_,VGND,li1,36.5700,228.4800,0.000143
_08109_,VGND,li1,35.6500,228.4800,0.000143
_08108_,VGND,li1,37.9500,228.4800,0.000156
_08107_,VGND,li1,45.0800,228.4800,0.000188
_08106_,VGND,li1,25.0700,223.0400,0.000043
_08105_,VGND,li1,21.3900,217.6000,0.000036
_08104_,VGND,li1,24.3800,217.6000,0.000034
_08103_,VGND,li1,20.9300,212.1600,0.000036
_08102_,VGND,li1,23.6900,212.1600,0.000034
_08101_,VGND,li1,21.8500,212.1600,0.000036
_08100_,VGND,li1,23.2300,206.7200,0.000043
_08099_,VGND,li1,22.3100,206.7200,0.000043
_08098_,VGND,li1,25.7600,206.7200,0.000039
_08097_,VGND,li1,30.3600,212.1600,0.000049
_08096_,VGND,li1,21.6200,201.2800,0.000034
_08095_,VGND,li1,46.4600,217.6000,0.000086
_08094_,VGND,li1,46.6900,223.0400,0.000113
_08093_,VGND,li1,113.8500,369.9200,0.006411
_08092_,VGND,li1,142.3700,364.4800,0.005996
_08091_,VGND,li1,148.3500,364.4800,0.005459
_08090_,VGND,li1,147.4300,369.9200,0.004144
_08089_,VGND,li1,110.6300,364.4800,0.006343
_08088_,VGND,li1,108.3300,364.4800,0.006312
_08087_,VGND,li1,106.4900,364.4800,0.006273
_08086_,VGND,li1,115.4600,337.2800,0.006841
_08085_,VGND,li1,107.4100,337.2800,0.007060
_08084_,VGND,li1,105.1100,337.2800,0.007087
_08083_,VGND,li1,106.9500,337.2800,0.007060
_08082_,VGND,li1,100.5100,337.2800,0.007023
_08081_,VGND,li1,101.8900,331.8400,0.005933
_08080_,VGND,li1,102.5800,331.8400,0.005948
_08079_,VGND,li1,93.1500,331.8400,0.005843
_08078_,VGND,li1,87.1700,326.4000,0.003466
_08077_,VGND,li1,89.9300,326.4000,0.003499
_08076_,VGND,li1,90.6200,326.4000,0.003499
_08075_,VGND,li1,81.1900,320.9600,0.001623
_08074_,VGND,li1,80.7300,320.9600,0.001623
_08073_,VGND,li1,79.3500,315.5200,0.000424
_08072_,VGND,li1,73.8300,320.9600,0.001520
_08071_,VGND,li1,75.4400,315.5200,0.000399
_08070_,VGND,li1,71.9900,315.5200,0.000386
_08069_,VGND,li1,65.0900,310.0800,0.000385
_08068_,VGND,li1,67.8500,310.0800,0.000398
_08067_,VGND,li1,70.3800,310.0800,0.000411
_08066_,VGND,li1,59.1100,310.0800,0.000345
_08065_,VGND,li1,55.8900,310.0800,0.000316
_08064_,VGND,li1,53.1300,304.6400,0.000131
_08063_,VGND,li1,52.6700,310.0800,0.000301
_08062_,VGND,li1,48.9900,304.6400,0.000118
_08061_,VGND,li1,46.2300,304.6400,0.000113
_08060_,VGND,li1,48.0700,304.6400,0.000118
_08059_,VGND,li1,48.0700,299.2000,0.000089
_08058_,VGND,li1,50.1400,299.2000,0.000094
_08057_,VGND,li1,53.3600,293.7600,0.000093
_08056_,VGND,li1,61.1800,304.6400,0.000149
_08055_,VGND,li1,76.1300,342.7200,0.001103
_08054_,VGND,li1,76.5900,342.7200,0.001103
_08053_,VGND,li1,78.6600,348.1600,0.000496
_08052_,VGND,li1,76.3600,348.1600,0.000479
_08051_,VGND,li1,70.6100,348.1600,0.000428
_08050_,VGND,li1,67.8500,348.1600,0.000412
_08049_,VGND,li1,67.6200,353.6000,0.000200
_08048_,VGND,li1,67.3900,359.0400,0.000370
_08047_,VGND,li1,64.1700,353.6000,0.000192
_08046_,VGND,li1,66.0100,353.6000,0.000200
_08045_,VGND,li1,67.8500,342.7200,0.000974
_08044_,VGND,li1,72.2200,342.7200,0.001053
_08043_,VGND,li1,67.8500,342.7200,0.000974
_08042_,VGND,li1,70.6100,277.4400,0.000858
_08041_,VGND,li1,84.1800,315.5200,0.000437
_08040_,VGND,li1,74.2900,310.0800,0.000440
_08039_,VGND,li1,77.2800,310.0800,0.000456
_08038_,VGND,li1,76.8200,277.4400,0.000893
_08037_,VGND,li1,66.0100,282.8800,0.000232
_08036_,VGND,li1,55.4300,277.4400,0.000744
_08035_,VGND,li1,56.5800,272.0000,0.000307
_08034_,VGND,li1,52.2100,272.0000,0.000283
_08033_,VGND,li1,52.9000,272.0000,0.000293
_08032_,VGND,li1,46.6900,272.0000,0.000257
_08031_,VGND,li1,46.2300,266.5600,0.000196
_08030_,VGND,li1,43.4700,266.5600,0.000173
_08029_,VGND,li1,51.0600,266.5600,0.000214
_08028_,VGND,li1,37.9500,266.5600,0.000150
_08027_,VGND,li1,33.3500,266.5600,0.000123
_08026_,VGND,li1,34.5000,261.1200,0.000175
_08025_,VGND,li1,29.2100,261.1200,0.000130
_08024_,VGND,li1,28.5200,261.1200,0.000110
_08023_,VGND,li1,25.7600,261.1200,0.000094
_08022_,VGND,li1,34.0400,255.6800,0.000121
_08021_,VGND,li1,41.4000,261.1200,0.000234
_08020_,VGND,li1,41.6300,288.3200,0.000056
_08019_,VGND,li1,40.2500,288.3200,0.000056
_08018_,VGND,li1,37.0300,293.7600,0.000067
_08017_,VGND,li1,33.8100,293.7600,0.000060
_08016_,VGND,li1,39.7900,293.7600,0.000072
_08015_,VGND,li1,34.7300,288.3200,0.000046
_08014_,VGND,li1,33.8100,293.7600,0.000060
_08013_,VGND,li1,47.6100,288.3200,0.000067
_08012_,VGND,li1,56.1200,233.9200,0.000307
_08011_,VGND,li1,59.8000,272.0000,0.000320
_08010_,VGND,li1,61.4100,277.4400,0.000806
_08009_,VGND,li1,64.1700,277.4400,0.000825
_08008_,VGND,li1,62.5600,233.9200,0.000340
_08007_,VGND,li1,48.9900,250.2400,0.000111
_08006_,VGND,li1,42.5500,244.8000,0.000129
_08005_,VGND,li1,39.3300,250.2400,0.000082
_08004_,VGND,li1,38.4100,244.8000,0.000117
_08003_,VGND,li1,29.6700,244.8000,0.000079
_08002_,VGND,li1,30.1300,239.3600,0.000108
_08001_,VGND,li1,30.1300,244.8000,0.000079
_08000_,VGND,li1,25.0700,250.2400,0.000042
_07999_,VGND,li1,28.0600,244.8000,0.000071
_07998_,VGND,li1,28.7500,250.2400,0.000056
_07997_,VGND,li1,24.3800,250.2400,0.000042
_07996_,VGND,li1,22.7700,250.2400,0.000044
_07995_,VGND,li1,43.0100,206.7200,0.000076
_07994_,VGND,li1,41.4000,244.8000,0.000129
_07993_,VGND,li1,47.1500,233.9200,0.000268
_07992_,VGND,li1,50.1400,233.9200,0.000285
_07991_,VGND,li1,52.9000,228.4800,0.000226
_07990_,VGND,li1,42.5500,228.4800,0.000179
_07989_,VGND,li1,34.2700,223.0400,0.000075
_07988_,VGND,li1,37.2600,223.0400,0.000085
_07987_,VGND,li1,30.1300,217.6000,0.000049
_07986_,VGND,li1,33.1200,217.6000,0.000054
_07985_,VGND,li1,28.7500,201.2800,0.000034
_07984_,VGND,li1,23.2300,201.2800,0.000031
_07983_,VGND,li1,20.7000,201.2800,0.000034
_07982_,VGND,li1,25.3000,201.2800,0.000029
_07981_,VGND,li1,33.5800,212.1600,0.000054
_07980_,VGND,li1,34.9600,201.2800,0.000043
_07979_,VGND,li1,46.2300,223.0400,0.000113
_07978_,VGND,li1,48.9900,223.0400,0.000121
_07977_,VGND,li1,46.4600,217.6000,0.000086
_07976_,VGND,li1,42.5500,217.6000,0.000078
_07975_,VGND,li1,38.6400,212.1600,0.000063
_07974_,VGND,li1,40.4800,212.1600,0.000068
_07973_,VGND,li1,90.1600,331.8400,0.005786
_07972_,VGND,li1,92.6900,331.8400,0.005843
_07971_,VGND,li1,92.0000,337.2800,0.006787
_07970_,VGND,li1,92.4600,342.7200,0.001407
_07969_,VGND,li1,144.6700,369.9200,0.004383
_07968_,VGND,li1,149.7300,364.4800,0.005459
_07967_,VGND,li1,139.6100,364.4800,0.006057
_07966_,VGND,li1,139.1500,359.0400,0.000830
_07965_,VGND,li1,140.5300,359.0400,0.000830
_07964_,VGND,li1,139.3800,342.7200,0.002144
_07963_,VGND,li1,120.2900,337.2800,0.006697
_07962_,VGND,li1,115.6900,331.8400,0.005849
_07961_,VGND,li1,115.6900,331.8400,0.005849
_07960_,VGND,li1,123.5100,331.8400,0.005570
_07959_,VGND,li1,109.2500,331.8400,0.005954
_07958_,VGND,li1,105.1100,326.4000,0.003612
_07957_,VGND,li1,108.7900,326.4000,0.003569
_07956_,VGND,li1,110.6300,326.4000,0.003528
_07955_,VGND,li1,98.2100,326.4000,0.003609
_07954_,VGND,li1,94.0700,326.4000,0.003544
_07953_,VGND,li1,90.8500,320.9600,0.001673
_07952_,VGND,li1,93.8400,277.4400,0.000869
_07951_,VGND,li1,79.3500,277.4400,0.000899
_07950_,VGND,li1,73.3700,277.4400,0.000880
_07949_,VGND,li1,73.6000,277.4400,0.000880
_07948_,VGND,li1,71.9900,272.0000,0.000379
_07947_,VGND,li1,71.3000,272.0000,0.000379
_07946_,VGND,li1,62.7900,272.0000,0.000342
_07945_,VGND,li1,59.5700,266.5600,0.000267
_07944_,VGND,li1,62.3300,266.5600,0.000280
_07943_,VGND,li1,65.7800,266.5600,0.000297
_07942_,VGND,li1,53.5900,266.5600,0.000236
_07941_,VGND,li1,49.9100,261.1200,0.000305
_07940_,VGND,li1,52.9000,261.1200,0.000329
_07939_,VGND,li1,46.2300,261.1200,0.000274
_07938_,VGND,li1,42.0900,261.1200,0.000234
_07937_,VGND,li1,45.0800,261.1200,0.000253
_07936_,VGND,li1,55.6600,250.2400,0.000119
_07935_,VGND,li1,56.5800,261.1200,0.000349
_07934_,VGND,li1,59.1100,293.7600,0.000100
_07933_,VGND,li1,54.5100,288.3200,0.000076
_07932_,VGND,li1,54.5100,288.3200,0.000076
_07931_,VGND,li1,44.3900,288.3200,0.000063
_07930_,VGND,li1,49.4500,288.3200,0.000070
_07929_,VGND,li1,50.8300,288.3200,0.000070
_07928_,VGND,li1,51.2900,288.3200,0.000072
_07927_,VGND,li1,49.4500,293.7600,0.000086
_07926_,VGND,li1,48.3000,299.2000,0.000089
_07925_,VGND,li1,50.3700,293.7600,0.000089
_07924_,VGND,li1,48.5300,293.7600,0.000086
_07923_,VGND,li1,46.0000,293.7600,0.000080
_07922_,VGND,li1,46.2300,293.7600,0.000083
_07921_,VGND,li1,70.3800,244.8000,0.000222
_07920_,VGND,li1,75.4400,272.0000,0.000389
_07919_,VGND,li1,74.7500,233.9200,0.000383
_07918_,VGND,li1,72.4500,233.9200,0.000377
_07917_,VGND,li1,75.4400,233.9200,0.000382
_07916_,VGND,li1,66.0100,233.9200,0.000358
_07915_,VGND,li1,59.5700,233.9200,0.000331
_07914_,VGND,li1,52.6700,233.9200,0.000297
_07913_,VGND,li1,54.5100,233.9200,0.000307
_07912_,VGND,li1,39.3300,239.3600,0.000153
_07911_,VGND,li1,37.4900,255.6800,0.000144
_07910_,VGND,li1,34.2700,255.6800,0.000121
_07909_,VGND,li1,35.6500,255.6800,0.000134
_07908_,VGND,li1,34.5000,250.2400,0.000073
_07907_,VGND,li1,29.6700,255.6800,0.000100
_07906_,VGND,li1,34.7300,239.3600,0.000130
_07905_,VGND,li1,48.5300,239.3600,0.000188
_07904_,VGND,li1,57.0400,201.2800,0.000068
_07903_,VGND,li1,58.4200,239.3600,0.000223
_07902_,VGND,li1,63.2500,228.4800,0.000270
_07901_,VGND,li1,66.9300,228.4800,0.000278
_07900_,VGND,li1,65.5500,228.4800,0.000278
_07899_,VGND,li1,67.6200,223.0400,0.000168
_07898_,VGND,li1,59.1100,228.4800,0.000251
_07897_,VGND,li1,46.2300,206.7200,0.000085
_07896_,VGND,li1,44.6200,206.7200,0.000081
_07895_,VGND,li1,41.6300,206.7200,0.000076
_07894_,VGND,li1,42.3200,201.2800,0.000052
_07893_,VGND,li1,38.4100,201.2800,0.000048
_07892_,VGND,li1,33.3500,201.2800,0.000040
_07891_,VGND,li1,32.4300,201.2800,0.000040
_07890_,VGND,li1,36.1100,201.2800,0.000043
_07889_,VGND,li1,30.5900,201.2800,0.000037
_07888_,VGND,li1,49.9100,206.7200,0.000089
_07887_,VGND,li1,46.4600,201.2800,0.000057
_07886_,VGND,li1,52.6700,223.0400,0.000132
_07885_,VGND,li1,55.6600,223.0400,0.000139
_07884_,VGND,li1,54.0500,223.0400,0.000132
_07883_,VGND,li1,49.9100,217.6000,0.000092
_07882_,VGND,li1,37.0300,217.6000,0.000065
_07881_,VGND,li1,36.5700,212.1600,0.000058
_07880_,VGND,li1,37.9500,212.1600,0.000063
_07879_,VGND,li1,36.3400,212.1600,0.000058
_07878_,VGND,li1,32.8900,212.1600,0.000054
_07877_,VGND,li1,94.0700,320.9600,0.001673
_07876_,VGND,li1,97.2900,320.9600,0.001669
_07875_,VGND,li1,89.9300,315.5200,0.000458
_07874_,VGND,li1,92.9200,315.5200,0.000464
_07873_,VGND,li1,86.7100,315.5200,0.000452
_07872_,VGND,li1,83.4900,310.0800,0.000475
_07871_,VGND,li1,80.7300,310.0800,0.000464
_07870_,VGND,li1,86.2500,310.0800,0.000489
_07869_,VGND,li1,86.4800,304.6400,0.000192
_07868_,VGND,li1,74.2900,310.0800,0.000440
_07867_,VGND,li1,68.3100,304.6400,0.000164
_07866_,VGND,li1,71.5300,304.6400,0.000168
_07865_,VGND,li1,63.7100,304.6400,0.000155
_07864_,VGND,li1,60.0300,299.2000,0.000113
_07863_,VGND,li1,64.1700,304.6400,0.000155
_07862_,VGND,li1,62.3300,299.2000,0.000117
_07861_,VGND,li1,68.0800,288.3200,0.000090
_07860_,VGND,li1,74.5200,304.6400,0.000176
_07859_,VGND,li1,89.9300,342.7200,0.001364
_07858_,VGND,li1,88.5500,348.1600,0.000564
_07857_,VGND,li1,91.5400,348.1600,0.000583
_07856_,VGND,li1,92.0000,353.6000,0.000287
_07855_,VGND,li1,81.1900,348.1600,0.000511
_07854_,VGND,li1,80.7300,348.1600,0.000511
_07853_,VGND,li1,82.5700,348.1600,0.000523
_07852_,VGND,li1,85.1000,348.1600,0.000541
_07851_,VGND,li1,79.8100,342.7200,0.001159
_07850_,VGND,li1,83.2600,342.7200,0.001243
_07849_,VGND,li1,76.1300,353.6000,0.000237
_07848_,VGND,li1,78.8900,353.6000,0.000246
_07847_,VGND,li1,80.9600,353.6000,0.000253
_07846_,VGND,li1,71.9900,353.6000,0.000222
_07845_,VGND,li1,71.5300,353.6000,0.000215
_07844_,VGND,li1,68.3100,353.6000,0.000209
_07843_,VGND,li1,87.4000,353.6000,0.000275
_07842_,VGND,li1,91.5400,277.4400,0.000876
_07841_,VGND,li1,97.0600,315.5200,0.000469
_07840_,VGND,li1,105.5700,331.8400,0.005951
_07839_,VGND,li1,106.4900,331.8400,0.005953
_07838_,VGND,li1,104.4200,331.8400,0.005951
_07837_,VGND,li1,104.4200,348.1600,0.000664
_07836_,VGND,li1,152.9500,364.4800,0.005061
_07835_,VGND,li1,163.0700,348.1600,0.000871
_07834_,VGND,li1,158.4700,348.1600,0.000902
_07833_,VGND,li1,146.5100,364.4800,0.005631
_07832_,VGND,li1,142.8300,364.4800,0.005996
_07831_,VGND,li1,144.2100,364.4800,0.005811
_07830_,VGND,li1,147.4300,342.7200,0.002008
_07829_,VGND,li1,139.6100,342.7200,0.002144
_07828_,VGND,li1,136.8500,342.7200,0.002127
_07827_,VGND,li1,140.9900,342.7200,0.002144
_07826_,VGND,li1,140.7600,337.2800,0.005220
_07825_,VGND,li1,125.8100,337.2800,0.006337
_07824_,VGND,li1,122.1300,331.8400,0.005570
_07823_,VGND,li1,125.1200,331.8400,0.005410
_07822_,VGND,li1,126.9600,326.4000,0.003168
_07821_,VGND,li1,113.8500,326.4000,0.003471
_07820_,VGND,li1,110.6300,310.0800,0.000569
_07819_,VGND,li1,113.6200,310.0800,0.000562
_07818_,VGND,li1,112.7000,261.1200,0.000744
_07817_,VGND,li1,97.7500,277.4400,0.000858
_07816_,VGND,li1,92.6900,272.0000,0.000445
_07815_,VGND,li1,97.5200,272.0000,0.000448
_07814_,VGND,li1,96.6000,239.3600,0.000322
_07813_,VGND,li1,78.4300,233.9200,0.000382
_07812_,VGND,li1,72.4500,239.3600,0.000267
_07811_,VGND,li1,67.8500,239.3600,0.000254
_07810_,VGND,li1,69.4600,239.3600,0.000254
_07809_,VGND,li1,60.4900,239.3600,0.000230
_07808_,VGND,li1,53.1300,239.3600,0.000205
_07807_,VGND,li1,44.3900,239.3600,0.000171
_07806_,VGND,li1,43.9300,244.8000,0.000138
_07805_,VGND,li1,49.9100,244.8000,0.000159
_07804_,VGND,li1,47.1500,239.3600,0.000181
_07803_,VGND,li1,56.3500,239.3600,0.000214
_07802_,VGND,li1,60.4900,244.8000,0.000191
_07801_,VGND,li1,59.1100,250.2400,0.000122
_07800_,VGND,li1,60.9500,250.2400,0.000124
_07799_,VGND,li1,56.3500,250.2400,0.000119
_07798_,VGND,li1,58.8800,250.2400,0.000121
_07797_,VGND,li1,52.2100,250.2400,0.000116
_07796_,VGND,li1,73.6000,206.7200,0.000122
_07795_,VGND,li1,72.6800,244.8000,0.000228
_07794_,VGND,li1,72.9100,228.4800,0.000302
_07793_,VGND,li1,75.9000,228.4800,0.000309
_07792_,VGND,li1,77.2800,228.4800,0.000309
_07791_,VGND,li1,65.5500,223.0400,0.000164
_07790_,VGND,li1,59.1100,206.7200,0.000106
_07789_,VGND,li1,55.4300,206.7200,0.000100
_07788_,VGND,li1,56.8100,206.7200,0.000100
_07787_,VGND,li1,53.1300,206.7200,0.000095
_07786_,VGND,li1,49.9100,201.2800,0.000061
_07785_,VGND,li1,46.2300,195.8400,0.000233
_07784_,VGND,li1,43.9300,201.2800,0.000052
_07783_,VGND,li1,43.0100,195.8400,0.000214
_07782_,VGND,li1,41.1700,195.8400,0.000199
_07781_,VGND,li1,62.3300,206.7200,0.000109
_07780_,VGND,li1,63.9400,201.2800,0.000074
_07779_,VGND,li1,62.3300,223.0400,0.000157
_07778_,VGND,li1,65.3200,223.0400,0.000164
_07777_,VGND,li1,67.6200,217.6000,0.000121
_07776_,VGND,li1,56.8100,217.6000,0.000103
_07775_,VGND,li1,55.6600,217.6000,0.000103
_07774_,VGND,li1,53.5900,217.6000,0.000100
_07773_,VGND,li1,53.3600,212.1600,0.000089
_07772_,VGND,li1,52.4400,206.7200,0.000095
_07771_,VGND,li1,54.2800,212.1600,0.000089
_07770_,VGND,li1,49.4500,212.1600,0.000083
_07769_,VGND,li1,59.5700,217.6000,0.000111
_07768_,VGND,li1,89.0100,277.4400,0.000882
_07767_,VGND,li1,84.8700,272.0000,0.000426
_07766_,VGND,li1,87.8600,272.0000,0.000434
_07765_,VGND,li1,78.4300,272.0000,0.000405
_07764_,VGND,li1,74.2900,266.5600,0.000336
_07763_,VGND,li1,77.0500,266.5600,0.000347
_07762_,VGND,li1,79.5800,266.5600,0.000359
_07761_,VGND,li1,68.3100,266.5600,0.000309
_07760_,VGND,li1,64.6300,261.1200,0.000420
_07759_,VGND,li1,67.6200,261.1200,0.000441
_07758_,VGND,li1,60.4900,261.1200,0.000386
_07757_,VGND,li1,55.4300,261.1200,0.000349
_07756_,VGND,li1,55.2000,255.6800,0.000211
_07755_,VGND,li1,66.4700,255.6800,0.000243
_07754_,VGND,li1,70.8400,261.1200,0.000456
_07753_,VGND,li1,69.6900,288.3200,0.000090
_07752_,VGND,li1,66.4700,288.3200,0.000088
_07751_,VGND,li1,71.9900,288.3200,0.000093
_07750_,VGND,li1,80.7300,288.3200,0.000097
_07749_,VGND,li1,59.5700,282.8800,0.000216
_07748_,VGND,li1,58.6500,288.3200,0.000081
_07747_,VGND,li1,57.9600,282.8800,0.000209
_07746_,VGND,li1,57.7300,288.3200,0.000078
_07745_,VGND,li1,51.2900,282.8800,0.000195
_07744_,VGND,li1,63.4800,288.3200,0.000086
_07743_,VGND,li1,65.5500,293.7600,0.000107
_07742_,VGND,li1,61.8700,293.7600,0.000102
_07741_,VGND,li1,63.7100,293.7600,0.000106
_07740_,VGND,li1,66.7000,293.7600,0.000107
_07739_,VGND,li1,60.4900,293.7600,0.000102
_07738_,VGND,li1,89.2400,244.8000,0.000270
_07737_,VGND,li1,90.6200,272.0000,0.000440
_07736_,VGND,li1,109.2500,320.9600,0.001626
_07735_,VGND,li1,112.0100,320.9600,0.001599
_07734_,VGND,li1,105.5700,320.9600,0.001638
_07733_,VGND,li1,105.1100,320.9600,0.001646
_07732_,VGND,li1,101.4300,320.9600,0.001654
_07731_,VGND,li1,97.7500,315.5200,0.000469
_07730_,VGND,li1,101.4300,315.5200,0.000470
_07729_,VGND,li1,100.0500,315.5200,0.000470
_07728_,VGND,li1,102.5800,310.0800,0.000547
_07727_,VGND,li1,89.9300,304.6400,0.000197
_07726_,VGND,li1,84.8700,304.6400,0.000192
_07725_,VGND,li1,87.8600,304.6400,0.000195
_07724_,VGND,li1,79.3500,304.6400,0.000184
_07723_,VGND,li1,73.8300,299.2000,0.000138
_07722_,VGND,li1,76.5900,299.2000,0.000142
_07721_,VGND,li1,74.0600,299.2000,0.000138
_07720_,VGND,li1,83.4900,299.2000,0.000151
_07719_,VGND,li1,83.0300,304.6400,0.000188
_07718_,VGND,li1,83.2600,293.7600,0.000119
_07717_,VGND,li1,97.0600,304.6400,0.000199
_07716_,VGND,li1,102.8100,342.7200,0.001579
_07715_,VGND,li1,101.4300,348.1600,0.000646
_07714_,VGND,li1,104.4200,348.1600,0.000664
_07713_,VGND,li1,104.4200,353.6000,0.000326
_07712_,VGND,li1,97.7500,348.1600,0.000623
_07711_,VGND,li1,94.9900,353.6000,0.000296
_07710_,VGND,li1,98.4400,353.6000,0.000309
_07709_,VGND,li1,97.7500,342.7200,0.001485
_07708_,VGND,li1,91.3100,353.6000,0.000287
_07707_,VGND,li1,97.9800,359.0400,0.000583
_07706_,VGND,li1,85.3300,353.6000,0.000268
_07705_,VGND,li1,82.3400,359.0400,0.000470
_07704_,VGND,li1,81.6500,359.0400,0.000470
_07703_,VGND,li1,83.2600,353.6000,0.000260
_07702_,VGND,li1,85.5600,359.0400,0.000498
_07701_,VGND,li1,88.0900,359.0400,0.000515
_07700_,VGND,li1,107.1800,266.5600,0.000457
_07699_,VGND,li1,113.1600,315.5200,0.000473
_07698_,VGND,li1,129.0300,331.8400,0.005185
_07697_,VGND,li1,120.2900,331.8400,0.005641
_07696_,VGND,li1,126.7300,331.8400,0.005410
_07695_,VGND,li1,118.2200,342.7200,0.001838
_07694_,VGND,li1,131.5600,342.7200,0.002050
_07693_,VGND,li1,163.0700,353.6000,0.000346
_07692_,VGND,li1,162.8400,348.1600,0.000871
_07691_,VGND,li1,156.1700,348.1600,0.000912
_07690_,VGND,li1,154.1000,342.7200,0.001809
_07689_,VGND,li1,155.9400,342.7200,0.001744
_07688_,VGND,li1,152.4900,342.7200,0.001918
_07687_,VGND,li1,150.8800,342.7200,0.001918
_07686_,VGND,li1,148.5800,337.2800,0.004575
_07685_,VGND,li1,151.1100,337.2800,0.004359
_07684_,VGND,li1,147.2000,337.2800,0.004809
_07683_,VGND,li1,138.0000,337.2800,0.005544
_07682_,VGND,li1,135.7000,337.2800,0.005700
_07681_,VGND,li1,136.3900,331.8400,0.004757
_07680_,VGND,li1,136.6200,326.4000,0.002905
_07679_,VGND,li1,130.1800,326.4000,0.003109
_07678_,VGND,li1,132.4800,326.4000,0.003022
_07677_,VGND,li1,128.8000,261.1200,0.000785
_07676_,VGND,li1,126.9600,261.1200,0.000784
_07675_,VGND,li1,113.6200,261.1200,0.000752
_07674_,VGND,li1,111.3200,261.1200,0.000743
_07673_,VGND,li1,113.6200,239.3600,0.000332
_07672_,VGND,li1,117.0700,244.8000,0.000297
_07671_,VGND,li1,92.4600,239.3600,0.000315
_07670_,VGND,li1,94.5300,239.3600,0.000319
_07669_,VGND,li1,90.8500,233.9200,0.000363
_07668_,VGND,li1,92.9200,228.4800,0.000335
_07667_,VGND,li1,94.3000,233.9200,0.000356
_07666_,VGND,li1,79.1200,228.4800,0.000313
_07665_,VGND,li1,80.5000,228.4800,0.000318
_07664_,VGND,li1,75.6700,201.2800,0.000082
_07663_,VGND,li1,72.4500,201.2800,0.000080
_07662_,VGND,li1,73.3700,201.2800,0.000080
_07661_,VGND,li1,68.3100,201.2800,0.000078
_07660_,VGND,li1,62.7900,195.8400,0.000333
_07659_,VGND,li1,61.4100,201.2800,0.000072
_07658_,VGND,li1,65.5500,195.8400,0.000348
_07657_,VGND,li1,60.4900,195.8400,0.000319
_07656_,VGND,li1,80.7300,206.7200,0.000129
_07655_,VGND,li1,81.4200,201.2800,0.000084
_07654_,VGND,li1,80.0400,223.0400,0.000186
_07653_,VGND,li1,76.5900,223.0400,0.000182
_07652_,VGND,li1,87.8600,223.0400,0.000195
_07651_,VGND,li1,79.5800,223.0400,0.000186
_07650_,VGND,li1,77.5100,223.0400,0.000182
_07649_,VGND,li1,75.9000,212.1600,0.000121
_07648_,VGND,li1,81.1900,223.0400,0.000186
_07647_,VGND,li1,63.7100,217.6000,0.000117
_07646_,VGND,li1,75.6700,217.6000,0.000132
_07645_,VGND,li1,78.6600,217.6000,0.000135
_07644_,VGND,li1,81.1900,212.1600,0.000127
_07643_,VGND,li1,69.6900,217.6000,0.000125
_07642_,VGND,li1,66.0100,212.1600,0.000109
_07641_,VGND,li1,68.3100,212.1600,0.000112
_07640_,VGND,li1,69.0000,212.1600,0.000112
_07639_,VGND,li1,61.4100,206.7200,0.000109
_07638_,VGND,li1,64.6300,206.7200,0.000112
_07637_,VGND,li1,86.7100,244.8000,0.000266
_07636_,VGND,li1,81.1900,244.8000,0.000254
_07635_,VGND,li1,84.6400,239.3600,0.000297
_07634_,VGND,li1,76.1300,244.8000,0.000241
_07633_,VGND,li1,78.8900,244.8000,0.000248
_07632_,VGND,li1,72.4500,244.8000,0.000228
_07631_,VGND,li1,92.2300,244.8000,0.000275
_07630_,VGND,li1,62.3300,244.8000,0.000200
_07629_,VGND,li1,64.6300,244.8000,0.000207
_07628_,VGND,li1,50.3700,239.3600,0.000195
_07627_,VGND,li1,48.7600,239.3600,0.000188
_07626_,VGND,li1,69.6900,255.6800,0.000251
_07625_,VGND,li1,72.6800,250.2400,0.000132
_07624_,VGND,li1,68.0800,250.2400,0.000129
_07623_,VGND,li1,70.8400,250.2400,0.000130
_07622_,VGND,li1,64.6300,250.2400,0.000126
_07621_,VGND,li1,90.6200,206.7200,0.000134
_07620_,VGND,li1,101.8900,244.8000,0.000288
_07619_,VGND,li1,107.4100,266.5600,0.000457
_07618_,VGND,li1,102.8100,266.5600,0.000446
_07617_,VGND,li1,104.8800,266.5600,0.000451
_07616_,VGND,li1,97.7500,266.5600,0.000430
_07615_,VGND,li1,93.1500,266.5600,0.000414
_07614_,VGND,li1,90.1600,266.5600,0.000402
_07613_,VGND,li1,91.7700,266.5600,0.000402
_07612_,VGND,li1,94.3000,261.1200,0.000633
_07611_,VGND,li1,84.8700,266.5600,0.000381
_07610_,VGND,li1,78.4300,261.1200,0.000522
_07609_,VGND,li1,81.1900,261.1200,0.000540
_07608_,VGND,li1,74.2900,261.1200,0.000483
_07607_,VGND,li1,67.3900,261.1200,0.000441
_07606_,VGND,li1,71.7600,255.6800,0.000256
_07605_,VGND,li1,81.1900,255.6800,0.000277
_07604_,VGND,li1,85.1000,261.1200,0.000569
_07603_,VGND,li1,84.8700,293.7600,0.000120
_07602_,VGND,li1,87.6300,293.7600,0.000121
_07601_,VGND,li1,83.2600,288.3200,0.000098
_07600_,VGND,li1,85.7900,288.3200,0.000099
_07599_,VGND,li1,89.0100,288.3200,0.000101
_07598_,VGND,li1,85.1000,288.3200,0.000099
_07597_,VGND,li1,81.6500,282.8800,0.000226
_07596_,VGND,li1,77.0500,288.3200,0.000096
_07595_,VGND,li1,85.3300,282.8800,0.000225
_07594_,VGND,li1,80.2700,288.3200,0.000097
_07593_,VGND,li1,61.4100,288.3200,0.000084
_07592_,VGND,li1,76.1300,293.7600,0.000115
_07591_,VGND,li1,75.6700,293.7600,0.000115
_07590_,VGND,li1,78.8900,293.7600,0.000117
_07589_,VGND,li1,73.3700,293.7600,0.000113
_07588_,VGND,li1,72.9100,293.7600,0.000113
_07587_,VGND,li1,106.0300,244.8000,0.000292
_07586_,VGND,li1,104.4200,272.0000,0.000448
_07585_,VGND,li1,123.5100,320.9600,0.001502
_07584_,VGND,li1,120.2900,320.9600,0.001531
_07583_,VGND,li1,118.9100,320.9600,0.001557
_07582_,VGND,li1,118.4500,320.9600,0.001557
_07581_,VGND,li1,116.1500,315.5200,0.000472
_07580_,VGND,li1,113.3900,315.5200,0.000473
_07579_,VGND,li1,115.6900,315.5200,0.000472
_07578_,VGND,li1,117.0700,315.5200,0.000472
_07577_,VGND,li1,117.3000,304.6400,0.000199
_07576_,VGND,li1,106.0300,310.0800,0.000556
_07575_,VGND,li1,100.9700,310.0800,0.000540
_07574_,VGND,li1,103.2700,310.0800,0.000547
_07573_,VGND,li1,97.7500,304.6400,0.000200
_07572_,VGND,li1,91.7700,299.2000,0.000162
_07571_,VGND,li1,92.4600,299.2000,0.000162
_07570_,VGND,li1,97.5200,299.2000,0.000168
_07569_,VGND,li1,101.8900,299.2000,0.000173
_07568_,VGND,li1,94.3000,288.3200,0.000102
_07567_,VGND,li1,100.0500,304.6400,0.000200
_07566_,VGND,li1,104.8800,282.8800,0.000212
_07565_,VGND,li1,106.7200,299.2000,0.000178
_07564_,VGND,li1,119.8300,342.7200,0.001838
_07563_,VGND,li1,122.5900,342.7200,0.001893
_07562_,VGND,li1,118.4500,348.1600,0.000745
_07561_,VGND,li1,116.6100,348.1600,0.000735
_07560_,VGND,li1,122.8200,348.1600,0.000769
_07559_,VGND,li1,110.6300,353.6000,0.000343
_07558_,VGND,li1,108.3300,348.1600,0.000678
_07557_,VGND,li1,112.2400,348.1600,0.000707
_07556_,VGND,li1,110.1700,342.7200,0.001705
_07555_,VGND,li1,102.3500,359.0400,0.000612
_07554_,VGND,li1,105.1100,359.0400,0.000630
_07553_,VGND,li1,105.5700,359.0400,0.000630
_07552_,VGND,li1,94.0700,359.0400,0.000553
_07551_,VGND,li1,94.9900,359.0400,0.000553
_07550_,VGND,li1,96.3700,359.0400,0.000569
_07549_,VGND,li1,94.7600,364.4800,0.005799
_07548_,VGND,li1,90.8500,359.0400,0.000534
_07547_,VGND,li1,119.6000,277.4400,0.000725
_07546_,VGND,li1,124.8900,315.5200,0.000460
_07545_,VGND,li1,132.2500,337.2800,0.005870
_07544_,VGND,li1,129.0300,337.2800,0.006104
_07543_,VGND,li1,133.6300,342.7200,0.002081
_07542_,VGND,li1,129.2600,348.1600,0.000799
_07541_,VGND,li1,133.4000,320.9600,0.001392
_07540_,VGND,li1,166.2900,353.6000,0.000322
_07539_,VGND,li1,177.3300,348.1600,0.000419
_07538_,VGND,li1,166.2900,348.1600,0.000793
_07537_,VGND,li1,158.7000,342.7200,0.001640
_07536_,VGND,li1,162.1500,342.7200,0.001510
_07535_,VGND,li1,165.6000,342.7200,0.001390
_07534_,VGND,li1,162.6100,342.7200,0.001510
_07533_,VGND,li1,156.4000,342.7200,0.001744
_07532_,VGND,li1,154.5600,331.8400,0.003618
_07531_,VGND,li1,156.4000,337.2800,0.003884
_07530_,VGND,li1,152.7200,331.8400,0.003763
_07529_,VGND,li1,149.7300,331.8400,0.003935
_07528_,VGND,li1,145.5900,326.4000,0.002591
_07527_,VGND,li1,146.5100,331.8400,0.004237
_07526_,VGND,li1,149.9600,326.4000,0.002420
_07525_,VGND,li1,139.8400,326.4000,0.002807
_07524_,VGND,li1,137.5400,326.4000,0.002905
_07523_,VGND,li1,142.3700,326.4000,0.002718
_07522_,VGND,li1,138.9200,261.1200,0.000731
_07521_,VGND,li1,139.6100,326.4000,0.002807
_07520_,VGND,li1,135.2400,261.1200,0.000763
_07519_,VGND,li1,130.1800,261.1200,0.000785
_07518_,VGND,li1,126.7300,255.6800,0.000346
_07517_,VGND,li1,126.0400,244.8000,0.000289
_07516_,VGND,li1,131.7900,261.1200,0.000774
_07515_,VGND,li1,123.0500,244.8000,0.000294
_07514_,VGND,li1,117.5300,239.3600,0.000329
_07513_,VGND,li1,112.7000,244.8000,0.000297
_07512_,VGND,li1,112.7000,239.3600,0.000332
_07511_,VGND,li1,111.5500,228.4800,0.000348
_07510_,VGND,li1,112.9300,228.4800,0.000348
_07509_,VGND,li1,104.4200,228.4800,0.000346
_07508_,VGND,li1,101.2000,228.4800,0.000344
_07507_,VGND,li1,98.2100,228.4800,0.000342
_07506_,VGND,li1,101.2000,223.0400,0.000202
_07505_,VGND,li1,96.3700,228.4800,0.000338
_07504_,VGND,li1,97.9800,223.0400,0.000202
_07503_,VGND,li1,103.0400,223.0400,0.000203
_07502_,VGND,li1,94.3000,223.0400,0.000199
_07501_,VGND,li1,91.0800,223.0400,0.000197
_07500_,VGND,li1,85.3300,206.7200,0.000132
_07499_,VGND,li1,89.4700,212.1600,0.000135
_07498_,VGND,li1,80.9600,206.7200,0.000129
_07497_,VGND,li1,74.7500,206.7200,0.000122
_07496_,VGND,li1,77.5100,206.7200,0.000126
_07495_,VGND,li1,86.4800,217.6000,0.000141
_07494_,VGND,li1,88.7800,217.6000,0.000143
_07493_,VGND,li1,90.6200,223.0400,0.000197
_07492_,VGND,li1,85.3300,217.6000,0.000141
_07491_,VGND,li1,89.2400,217.6000,0.000143
_07490_,VGND,li1,72.2200,217.6000,0.000127
_07489_,VGND,li1,80.9600,217.6000,0.000137
_07488_,VGND,li1,78.4300,212.1600,0.000124
_07487_,VGND,li1,96.8300,206.7200,0.000137
_07486_,VGND,li1,93.6100,206.7200,0.000136
_07485_,VGND,li1,94.5300,201.2800,0.000085
_07484_,VGND,li1,88.0900,201.2800,0.000086
_07483_,VGND,li1,84.4100,206.7200,0.000132
_07482_,VGND,li1,84.4100,201.2800,0.000085
_07481_,VGND,li1,84.4100,195.8400,0.000437
_07480_,VGND,li1,95.4500,212.1600,0.000139
_07479_,VGND,li1,111.5500,212.1600,0.000151
_07478_,VGND,li1,103.5000,239.3600,0.000328
_07477_,VGND,li1,107.6400,239.3600,0.000330
_07476_,VGND,li1,106.7200,244.8000,0.000292
_07475_,VGND,li1,104.6500,244.8000,0.000290
_07474_,VGND,li1,101.2000,244.8000,0.000285
_07473_,VGND,li1,100.7400,250.2400,0.000147
_07472_,VGND,li1,103.9600,244.8000,0.000290
_07471_,VGND,li1,100.2800,244.8000,0.000285
_07470_,VGND,li1,101.8900,206.7200,0.000137
_07469_,VGND,li1,94.5300,244.8000,0.000278
_07468_,VGND,li1,97.7500,244.8000,0.000283
_07467_,VGND,li1,92.6900,244.8000,0.000275
_07466_,VGND,li1,95.4500,244.8000,0.000278
_07465_,VGND,li1,42.5500,239.3600,0.000160
_07464_,VGND,li1,90.3900,250.2400,0.000143
_07463_,VGND,li1,92.6900,250.2400,0.000144
_07462_,VGND,li1,85.1000,250.2400,0.000140
_07461_,VGND,li1,85.3300,250.2400,0.000140
_07460_,VGND,li1,82.1100,250.2400,0.000138
_07459_,VGND,li1,110.4000,217.6000,0.000152
_07458_,VGND,li1,123.5100,272.0000,0.000432
_07457_,VGND,li1,116.6100,272.0000,0.000443
_07456_,VGND,li1,117.7600,272.0000,0.000441
_07455_,VGND,li1,110.6300,277.4400,0.000776
_07454_,VGND,li1,106.9500,272.0000,0.000448
_07453_,VGND,li1,106.7200,272.0000,0.000448
_07452_,VGND,li1,110.1700,272.0000,0.000447
_07451_,VGND,li1,117.0700,266.5600,0.000467
_07450_,VGND,li1,97.7500,261.1200,0.000656
_07449_,VGND,li1,91.3100,255.6800,0.000298
_07448_,VGND,li1,94.0700,255.6800,0.000302
_07447_,VGND,li1,86.7100,255.6800,0.000289
_07446_,VGND,li1,88.0900,261.1200,0.000591
_07445_,VGND,li1,91.5400,261.1200,0.000614
_07444_,VGND,li1,78.4300,255.6800,0.000270
_07443_,VGND,li1,23.6900,261.1200,0.000096
_07442_,VGND,li1,80.9600,261.1200,0.000540
_07441_,VGND,li1,89.9300,233.9200,0.000363
_07440_,VGND,li1,110.6300,255.6800,0.000328
_07439_,VGND,li1,102.8100,277.4400,0.000827
_07438_,VGND,li1,100.0500,282.8800,0.000216
_07437_,VGND,li1,102.8100,282.8800,0.000214
_07436_,VGND,li1,101.8900,261.1200,0.000683
_07435_,VGND,li1,97.7500,282.8800,0.000217
_07434_,VGND,li1,94.9900,282.8800,0.000219
_07433_,VGND,li1,91.5400,282.8800,0.000221
_07432_,VGND,li1,92.6900,282.8800,0.000221
_07431_,VGND,li1,89.4700,282.8800,0.000222
_07430_,VGND,li1,97.7500,288.3200,0.000103
_07429_,VGND,li1,90.3900,293.7600,0.000121
_07428_,VGND,li1,92.2300,293.7600,0.000121
_07427_,VGND,li1,98.2100,293.7600,0.000122
_07426_,VGND,li1,94.9900,293.7600,0.000122
_07425_,VGND,li1,122.8200,239.3600,0.000322
_07424_,VGND,li1,121.6700,272.0000,0.000438
_07423_,VGND,li1,134.5500,320.9600,0.001367
_07422_,VGND,li1,130.8700,320.9600,0.001415
_07421_,VGND,li1,136.1600,320.9600,0.001367
_07420_,VGND,li1,127.6500,315.5200,0.000454
_07419_,VGND,li1,130.4100,315.5200,0.000447
_07418_,VGND,li1,124.4300,310.0800,0.000518
_07417_,VGND,li1,127.1900,310.0800,0.000503
_07416_,VGND,li1,131.5600,310.0800,0.000490
_07415_,VGND,li1,119.8300,310.0800,0.000537
_07414_,VGND,li1,115.2300,304.6400,0.000199
_07413_,VGND,li1,118.2200,304.6400,0.000199
_07412_,VGND,li1,112.9300,299.2000,0.000183
_07411_,VGND,li1,112.9300,299.2000,0.000183
_07410_,VGND,li1,114.7700,293.7600,0.000121
_07409_,VGND,li1,117.0700,299.2000,0.000185
_07408_,VGND,li1,110.6300,299.2000,0.000181
_07407_,VGND,li1,103.9600,299.2000,0.000175
_07406_,VGND,li1,101.8900,299.2000,0.000173
_07405_,VGND,li1,104.8800,299.2000,0.000175
_07404_,VGND,li1,107.6400,299.2000,0.000178
_07403_,VGND,li1,106.7200,304.6400,0.000200
_07402_,VGND,li1,104.6500,304.6400,0.000200
_07401_,VGND,li1,107.6400,288.3200,0.000103
_07400_,VGND,li1,114.5400,282.8800,0.000202
_07399_,VGND,li1,125.1200,299.2000,0.000189
_07398_,VGND,li1,128.1100,342.7200,0.001985
_07397_,VGND,li1,126.2700,348.1600,0.000778
_07396_,VGND,li1,126.7300,348.1600,0.000788
_07395_,VGND,li1,130.6400,364.4800,0.006149
_07394_,VGND,li1,120.7500,348.1600,0.000758
_07393_,VGND,li1,117.3000,353.6000,0.000358
_07392_,VGND,li1,118.9100,348.1600,0.000745
_07391_,VGND,li1,116.1500,359.0400,0.000701
_07390_,VGND,li1,118.4500,359.0400,0.000716
_07389_,VGND,li1,118.4500,364.4800,0.006269
_07388_,VGND,li1,112.4700,359.0400,0.000674
_07387_,VGND,li1,112.9300,353.6000,0.000349
_07386_,VGND,li1,111.7800,359.0400,0.000674
_07385_,VGND,li1,102.3500,359.0400,0.000612
_07384_,VGND,li1,108.7900,359.0400,0.000644
_07383_,VGND,li1,120.0600,353.6000,0.000368
_07382_,VGND,li1,116.3800,342.7200,0.001800
_07381_,VGND,li1,131.3300,348.1600,0.000810
_07380_,VGND,li1,130.8700,353.6000,0.000392
_07379_,VGND,li1,129.0300,353.6000,0.000388
_07378_,VGND,li1,133.4000,353.6000,0.000398
_07377_,VGND,li1,129.4900,359.0400,0.000774
_07376_,VGND,li1,132.0200,277.4400,0.000620
_07375_,VGND,li1,138.0000,315.5200,0.000427
_07374_,VGND,li1,154.3300,331.8400,0.003618
_07373_,VGND,li1,150.6500,331.8400,0.003935
_07372_,VGND,li1,147.8900,331.8400,0.004079
_07371_,VGND,li1,145.8200,348.1600,0.000875
_07370_,VGND,li1,179.1700,342.7200,0.000936
_07369_,VGND,li1,185.8400,342.7200,0.001121
_07368_,VGND,li1,175.0300,342.7200,0.000978
_07367_,VGND,li1,177.3300,342.7200,0.000863
_07366_,VGND,li1,170.4300,337.2800,0.002514
_07365_,VGND,li1,167.6700,337.2800,0.002788
_07364_,VGND,li1,187.9100,304.6400,0.000197
_07363_,VGND,li1,164.9100,337.2800,0.003086
_07362_,VGND,li1,163.5300,331.8400,0.002929
_07361_,VGND,li1,165.3700,331.8400,0.002787
_07360_,VGND,li1,158.4700,326.4000,0.002051
_07359_,VGND,li1,161.2300,326.4000,0.001948
_07358_,VGND,li1,167.6700,299.2000,0.000190
_07357_,VGND,li1,153.4100,326.4000,0.002274
_07356_,VGND,li1,155.7100,326.4000,0.002169
_07355_,VGND,li1,149.2700,266.5600,0.000454
_07354_,VGND,li1,144.9000,266.5600,0.000474
_07353_,VGND,li1,151.8000,261.1200,0.000592
_07352_,VGND,li1,141.4500,261.1200,0.000707
_07351_,VGND,li1,138.6900,266.5600,0.000484
_07350_,VGND,li1,138.2300,255.6800,0.000329
_07349_,VGND,li1,142.3700,255.6800,0.000316
_07348_,VGND,li1,142.6000,255.6800,0.000316
_07347_,VGND,li1,124.8900,239.3600,0.000318
_07346_,VGND,li1,127.1900,239.3600,0.000313
_07345_,VGND,li1,123.5100,228.4800,0.000335
_07344_,VGND,li1,126.2700,228.4800,0.000330
_07343_,VGND,li1,129.2600,228.4800,0.000323
_07342_,VGND,li1,118.4500,228.4800,0.000342
_07341_,VGND,li1,118.4500,223.0400,0.000199
_07340_,VGND,li1,114.3100,223.0400,0.000202
_07339_,VGND,li1,110.6300,223.0400,0.000202
_07338_,VGND,li1,132.7100,217.6000,0.000144
_07337_,VGND,li1,105.5700,217.6000,0.000152
_07336_,VGND,li1,102.3500,217.6000,0.000151
_07335_,VGND,li1,103.0400,217.6000,0.000151
_07334_,VGND,li1,134.7800,206.7200,0.000119
_07333_,VGND,li1,97.7500,223.0400,0.000202
_07332_,VGND,li1,87.6300,223.0400,0.000195
_07331_,VGND,li1,88.0900,228.4800,0.000329
_07330_,VGND,li1,96.8300,217.6000,0.000148
_07329_,VGND,li1,98.4400,212.1600,0.000143
_07328_,VGND,li1,93.8400,212.1600,0.000139
_07327_,VGND,li1,94.9900,217.6000,0.000147
_07326_,VGND,li1,91.0800,212.1600,0.000135
_07325_,VGND,li1,113.8500,217.6000,0.000152
_07324_,VGND,li1,116.3800,217.6000,0.000152
_07323_,VGND,li1,113.6200,212.1600,0.000152
_07322_,VGND,li1,116.1500,206.7200,0.000134
_07321_,VGND,li1,115.6900,201.2800,0.000083
_07320_,VGND,li1,112.9300,206.7200,0.000135
_07319_,VGND,li1,110.1700,201.2800,0.000084
_07318_,VGND,li1,110.1700,206.7200,0.000136
_07317_,VGND,li1,119.3700,206.7200,0.000131
_07316_,VGND,li1,120.2900,239.3600,0.000325
_07315_,VGND,li1,118.4500,233.9200,0.000296
_07314_,VGND,li1,122.5900,233.9200,0.000283
_07313_,VGND,li1,108.3300,233.9200,0.000320
_07312_,VGND,li1,106.7200,233.9200,0.000326
_07311_,VGND,li1,106.2600,233.9200,0.000326
_07310_,VGND,li1,104.8800,228.4800,0.000346
_07309_,VGND,li1,108.1000,228.4800,0.000347
_07308_,VGND,li1,126.9600,233.9200,0.000268
_07307_,VGND,li1,105.3400,206.7200,0.000137
_07306_,VGND,li1,108.7900,206.7200,0.000136
_07305_,VGND,li1,102.3500,212.1600,0.000146
_07304_,VGND,li1,99.1300,206.7200,0.000137
_07303_,VGND,li1,104.6500,206.7200,0.000137
_07302_,VGND,li1,88.5500,201.2800,0.000086
_07301_,VGND,li1,99.1300,233.9200,0.000343
_07300_,VGND,li1,85.1000,233.9200,0.000374
_07299_,VGND,li1,87.6300,233.9200,0.000367
_07298_,VGND,li1,85.7900,233.9200,0.000370
_07297_,VGND,li1,85.7900,228.4800,0.000325
_07296_,VGND,li1,14.2600,212.1600,0.000041
_07295_,VGND,li1,132.2500,244.8000,0.000277
_07294_,VGND,li1,135.9300,272.0000,0.000400
_07293_,VGND,li1,129.9500,272.0000,0.000421
_07292_,VGND,li1,128.3400,272.0000,0.000421
_07291_,VGND,li1,129.0300,277.4400,0.000643
_07290_,VGND,li1,120.0600,272.0000,0.000438
_07289_,VGND,li1,120.0600,272.0000,0.000438
_07288_,VGND,li1,120.0600,266.5600,0.000470
_07287_,VGND,li1,122.8200,266.5600,0.000472
_07286_,VGND,li1,128.1100,266.5600,0.000476
_07285_,VGND,li1,132.2500,266.5600,0.000480
_07284_,VGND,li1,118.2200,261.1200,0.000763
_07283_,VGND,li1,117.7600,261.1200,0.000763
_07282_,VGND,li1,116.3800,255.6800,0.000336
_07281_,VGND,li1,118.6800,255.6800,0.000339
_07280_,VGND,li1,115.6900,255.6800,0.000334
_07279_,VGND,li1,112.9300,255.6800,0.000331
_07278_,VGND,li1,107.8700,250.2400,0.000148
_07277_,VGND,li1,110.1700,250.2400,0.000148
_07276_,VGND,li1,119.8300,255.6800,0.000339
_07275_,VGND,li1,115.2300,282.8800,0.000202
_07274_,VGND,li1,112.0100,282.8800,0.000205
_07273_,VGND,li1,116.6100,282.8800,0.000199
_07272_,VGND,li1,125.3500,288.3200,0.000101
_07271_,VGND,li1,105.1100,255.6800,0.000321
_07270_,VGND,li1,105.5700,261.1200,0.000700
_07269_,VGND,li1,100.9700,255.6800,0.000314
_07268_,VGND,li1,102.3500,255.6800,0.000314
_07267_,VGND,li1,97.5200,255.6800,0.000306
_07266_,VGND,li1,100.5100,255.6800,0.000311
_07265_,VGND,li1,110.6300,288.3200,0.000103
_07264_,VGND,li1,107.8700,282.8800,0.000210
_07263_,VGND,li1,106.2600,288.3200,0.000103
_07262_,VGND,li1,104.6500,288.3200,0.000103
_07261_,VGND,li1,136.1600,250.2400,0.000146
_07260_,VGND,li1,140.0700,277.4400,0.000562
_07259_,VGND,li1,151.1100,320.9600,0.001130
_07258_,VGND,li1,153.4100,320.9600,0.001084
_07257_,VGND,li1,147.8900,320.9600,0.001180
_07256_,VGND,li1,150.6500,320.9600,0.001130
_07255_,VGND,li1,144.2100,315.5200,0.000405
_07254_,VGND,li1,140.5300,315.5200,0.000417
_07253_,VGND,li1,140.0700,320.9600,0.001311
_07252_,VGND,li1,140.9900,315.5200,0.000417
_07251_,VGND,li1,144.4400,310.0800,0.000415
_07250_,VGND,li1,136.3900,310.0800,0.000457
_07249_,VGND,li1,132.2500,304.6400,0.000188
_07248_,VGND,li1,131.3300,299.2000,0.000192
_07247_,VGND,li1,133.1700,299.2000,0.000192
_07246_,VGND,li1,128.5700,299.2000,0.000191
_07245_,VGND,li1,125.8100,293.7600,0.000118
_07244_,VGND,li1,130.4100,293.7600,0.000116
_07243_,VGND,li1,119.3700,293.7600,0.000120
_07242_,VGND,li1,116.1500,293.7600,0.000120
_07241_,VGND,li1,116.8400,288.3200,0.000102
_07240_,VGND,li1,124.4300,299.2000,0.000189
_07239_,VGND,li1,132.4800,288.3200,0.000099
_07238_,VGND,li1,142.8300,348.1600,0.000863
_07237_,VGND,li1,147.8900,353.6000,0.000394
_07236_,VGND,li1,146.2800,353.6000,0.000402
_07235_,VGND,li1,145.8200,353.6000,0.000402
_07234_,VGND,li1,136.3900,364.4800,0.006097
_07233_,VGND,li1,129.0300,369.9200,0.005415
_07232_,VGND,li1,131.7900,369.9200,0.005248
_07231_,VGND,li1,133.8600,369.9200,0.005112
_07230_,VGND,li1,123.5100,364.4800,0.006219
_07229_,VGND,li1,116.6100,364.4800,0.006297
_07228_,VGND,li1,121.2100,364.4800,0.006246
_07227_,VGND,li1,105.3400,293.7600,0.000122
_07226_,VGND,li1,120.7500,364.4800,0.006246
_07225_,VGND,li1,127.1900,364.4800,0.006183
_07224_,VGND,li1,127.8800,359.0400,0.000774
_07223_,VGND,li1,123.5100,359.0400,0.000746
_07222_,VGND,li1,126.7300,359.0400,0.000760
_07221_,VGND,li1,144.6700,353.6000,0.000402
_07220_,VGND,li1,136.8500,353.6000,0.000408
_07219_,VGND,li1,126.7300,353.6000,0.000383
_07218_,VGND,li1,142.8300,353.6000,0.000406
_07217_,VGND,li1,133.1700,353.6000,0.000398
_07216_,VGND,li1,140.0700,353.6000,0.000414
_07215_,VGND,li1,150.8800,272.0000,0.000343
_07214_,VGND,li1,155.0200,315.5200,0.000362
_07213_,VGND,li1,159.8500,331.8400,0.003309
_07212_,VGND,li1,161.6900,337.2800,0.003507
_07211_,VGND,li1,161.4600,299.2000,0.000196
_07210_,VGND,li1,183.7700,348.1600,0.000437
_07209_,VGND,li1,192.2800,342.7200,0.001266
_07208_,VGND,li1,183.0800,342.7200,0.001050
_07207_,VGND,li1,182.1600,342.7200,0.000999
_07206_,VGND,li1,188.6000,342.7200,0.001189
_07205_,VGND,li1,188.6000,320.9600,0.001102
_07204_,VGND,li1,183.5400,320.9600,0.000832
_07203_,VGND,li1,182.1600,299.2000,0.000195
_07202_,VGND,li1,189.5200,304.6400,0.000197
_07201_,VGND,li1,187.2200,299.2000,0.000218
_07200_,VGND,li1,188.6000,299.2000,0.000228
_07199_,VGND,li1,185.3800,304.6400,0.000181
_07198_,VGND,li1,172.0400,299.2000,0.000179
_07197_,VGND,li1,174.3400,299.2000,0.000171
_07196_,VGND,li1,168.3600,266.5600,0.000287
_07195_,VGND,li1,167.4400,266.5600,0.000287
_07194_,VGND,li1,155.9400,266.5600,0.000412
_07193_,VGND,li1,155.4800,261.1200,0.000539
_07192_,VGND,li1,152.4900,261.1200,0.000567
_07191_,VGND,li1,153.6400,255.6800,0.000276
_07190_,VGND,li1,145.8200,255.6800,0.000306
_07189_,VGND,li1,150.8800,255.6800,0.000287
_07188_,VGND,li1,144.9000,228.4800,0.000284
_07187_,VGND,li1,143.7500,228.4800,0.000284
_07186_,VGND,li1,135.7000,228.4800,0.000311
_07185_,VGND,li1,132.7100,228.4800,0.000318
_07184_,VGND,li1,131.5600,223.0400,0.000184
_07183_,VGND,li1,135.7000,223.0400,0.000179
_07182_,VGND,li1,139.8400,217.6000,0.000138
_07181_,VGND,li1,129.2600,217.6000,0.000146
_07180_,VGND,li1,126.9600,217.6000,0.000147
_07179_,VGND,li1,136.1600,212.1600,0.000156
_07178_,VGND,li1,133.4000,212.1600,0.000156
_07177_,VGND,li1,145.3600,206.7200,0.000107
_07176_,VGND,li1,126.5000,212.1600,0.000155
_07175_,VGND,li1,138.6900,212.1600,0.000155
_07174_,VGND,li1,132.0200,206.7200,0.000122
_07173_,VGND,li1,127.1900,206.7200,0.000126
_07172_,VGND,li1,136.3900,212.1600,0.000156
_07171_,VGND,li1,123.5100,206.7200,0.000129
_07170_,VGND,li1,123.2800,201.2800,0.000082
_07169_,VGND,li1,119.8300,206.7200,0.000131
_07168_,VGND,li1,119.8300,201.2800,0.000082
_07167_,VGND,li1,125.8100,201.2800,0.000080
_07166_,VGND,li1,120.7500,223.0400,0.000197
_07165_,VGND,li1,117.5300,217.6000,0.000152
_07164_,VGND,li1,119.3700,217.6000,0.000151
_07163_,VGND,li1,113.3900,217.6000,0.000152
_07162_,VGND,li1,113.1600,212.1600,0.000151
_07161_,VGND,li1,122.3600,217.6000,0.000150
_07160_,VGND,li1,137.7700,250.2400,0.000145
_07159_,VGND,li1,138.2300,250.2400,0.000145
_07158_,VGND,li1,135.2400,244.8000,0.000267
_07157_,VGND,li1,133.1700,244.8000,0.000272
_07156_,VGND,li1,130.6400,244.8000,0.000277
_07155_,VGND,li1,130.6400,244.8000,0.000277
_07154_,VGND,li1,132.4800,239.3600,0.000294
_07153_,VGND,li1,130.1800,239.3600,0.000305
_07152_,VGND,li1,138.4600,233.9200,0.000231
_07151_,VGND,li1,132.9400,233.9200,0.000249
_07150_,VGND,li1,130.8700,233.9200,0.000260
_07149_,VGND,li1,130.6400,233.9200,0.000260
_07148_,VGND,li1,127.6500,233.9200,0.000268
_07147_,VGND,li1,101.4300,233.9200,0.000337
_07146_,VGND,li1,134.5500,233.9200,0.000249
_07145_,VGND,li1,123.0500,250.2400,0.000148
_07144_,VGND,li1,122.8200,255.6800,0.000343
_07143_,VGND,li1,119.8300,250.2400,0.000148
_07142_,VGND,li1,123.5100,250.2400,0.000148
_07141_,VGND,li1,125.3500,250.2400,0.000148
_07140_,VGND,li1,141.6800,250.2400,0.000142
_07139_,VGND,li1,152.0300,266.5600,0.000431
_07138_,VGND,li1,154.3300,266.5600,0.000412
_07137_,VGND,li1,149.2700,266.5600,0.000454
_07136_,VGND,li1,146.5100,266.5600,0.000474
_07135_,VGND,li1,141.4500,272.0000,0.000380
_07134_,VGND,li1,144.2100,272.0000,0.000369
_07133_,VGND,li1,140.5300,272.0000,0.000388
_07132_,VGND,li1,143.9800,277.4400,0.000528
_07131_,VGND,li1,134.0900,266.5600,0.000481
_07130_,VGND,li1,132.2500,266.5600,0.000480
_07129_,VGND,li1,129.7200,266.5600,0.000478
_07128_,VGND,li1,126.2700,266.5600,0.000475
_07127_,VGND,li1,129.4900,266.5600,0.000478
_07126_,VGND,li1,132.7100,282.8800,0.000173
_07125_,VGND,li1,131.7900,288.3200,0.000099
_07124_,VGND,li1,129.7200,288.3200,0.000100
_07123_,VGND,li1,127.1900,288.3200,0.000100
_07122_,VGND,li1,139.3800,288.3200,0.000095
_07121_,VGND,li1,126.0400,282.8800,0.000184
_07120_,VGND,li1,129.2600,282.8800,0.000179
_07119_,VGND,li1,124.4300,282.8800,0.000189
_07118_,VGND,li1,123.0500,282.8800,0.000189
_07117_,VGND,li1,109.7100,282.8800,0.000207
_07116_,VGND,li1,123.9700,288.3200,0.000101
_07115_,VGND,li1,127.6500,293.7600,0.000117
_07114_,VGND,li1,119.1400,293.7600,0.000120
_07113_,VGND,li1,128.5700,293.7600,0.000117
_07112_,VGND,li1,117.0700,293.7600,0.000120
_07111_,VGND,li1,153.1800,272.0000,0.000333
_07110_,VGND,li1,163.9900,299.2000,0.000195
_07109_,VGND,li1,164.6800,299.2000,0.000195
_07108_,VGND,li1,162.1500,293.7600,0.000089
_07107_,VGND,li1,158.0100,315.5200,0.000350
_07106_,VGND,li1,157.0900,310.0800,0.000343
_07105_,VGND,li1,155.0200,315.5200,0.000362
_07104_,VGND,li1,157.7800,315.5200,0.000350
_07103_,VGND,li1,158.2400,310.0800,0.000343
_07102_,VGND,li1,161.9200,310.0800,0.000314
_07101_,VGND,li1,149.2700,310.0800,0.000388
_07100_,VGND,li1,140.9900,310.0800,0.000433
_07099_,VGND,li1,136.3900,304.6400,0.000184
_07098_,VGND,li1,138.6900,304.6400,0.000182
_07097_,VGND,li1,139.1500,304.6400,0.000182
_07096_,VGND,li1,129.9500,304.6400,0.000190
_07095_,VGND,li1,132.2500,304.6400,0.000188
_07094_,VGND,li1,126.9600,304.6400,0.000192
_07093_,VGND,li1,123.5100,304.6400,0.000195
_07092_,VGND,li1,124.8900,304.6400,0.000194
_07091_,VGND,li1,123.5100,369.9200,0.005778
_07090_,VGND,li1,141.4500,293.7600,0.000110
_07089_,VGND,li1,161.6900,331.8400,0.003171
_07088_,VGND,li1,158.4700,331.8400,0.003309
_07087_,VGND,li1,157.5500,331.8400,0.003446
_07086_,VGND,li1,152.0300,353.6000,0.000381
_07085_,VGND,li1,149.9600,353.6000,0.000387
_07084_,VGND,li1,155.9400,353.6000,0.000371
_07083_,VGND,li1,149.2700,359.0400,0.000684
_07082_,VGND,li1,148.8100,353.6000,0.000394
_07081_,VGND,li1,162.3800,359.0400,0.000468
_07080_,VGND,li1,137.3100,369.9200,0.004869
_07079_,VGND,li1,140.0700,375.3600,0.000260
_07078_,VGND,li1,141.4500,375.3600,0.000260
_07077_,VGND,li1,136.1600,375.3600,0.000268
_07076_,VGND,li1,131.7900,375.3600,0.000277
_07075_,VGND,li1,128.1100,364.4800,0.006183
_07074_,VGND,li1,161.9200,272.0000,0.000297
_07073_,VGND,li1,168.3600,304.6400,0.000138
_07072_,VGND,li1,193.4300,348.1600,0.000451
_07071_,VGND,li1,196.6500,348.1600,0.000453
_07070_,VGND,li1,192.2800,337.2800,0.002736
_07069_,VGND,li1,190.2100,337.2800,0.002597
_07068_,VGND,li1,193.2000,337.2800,0.002736
_07067_,VGND,li1,186.9900,337.2800,0.002379
_07066_,VGND,li1,194.5800,320.9600,0.001360
_07065_,VGND,li1,189.9800,320.9600,0.001102
_07064_,VGND,li1,190.2100,315.5200,0.000467
_07063_,VGND,li1,189.9800,310.0800,0.000394
_07062_,VGND,li1,180.3200,299.2000,0.000178
_07061_,VGND,li1,181.4700,304.6400,0.000142
_07060_,VGND,li1,186.7600,272.0000,0.000306
_07059_,VGND,li1,179.8600,272.0000,0.000209
_07058_,VGND,li1,170.4300,272.0000,0.000255
_07057_,VGND,li1,172.7300,266.5600,0.000230
_07056_,VGND,li1,166.5200,272.0000,0.000277
_07055_,VGND,li1,169.2800,255.6800,0.000185
_07054_,VGND,li1,163.7600,255.6800,0.000213
_07053_,VGND,li1,153.8700,255.6800,0.000267
_07052_,VGND,li1,159.3900,250.2400,0.000123
_07051_,VGND,li1,154.1000,228.4800,0.000247
_07050_,VGND,li1,152.2600,228.4800,0.000254
_07049_,VGND,li1,146.7400,228.4800,0.000274
_07048_,VGND,li1,150.1900,228.4800,0.000262
_07047_,VGND,li1,145.3600,233.9200,0.000209
_07046_,VGND,li1,149.0400,223.0400,0.000163
_07045_,VGND,li1,145.5900,223.0400,0.000166
_07044_,VGND,li1,146.0500,223.0400,0.000166
_07043_,VGND,li1,150.4200,217.6000,0.000125
_07042_,VGND,li1,143.5200,217.6000,0.000133
_07041_,VGND,li1,145.8200,217.6000,0.000131
_07040_,VGND,li1,143.0600,212.1600,0.000155
_07039_,VGND,li1,147.6600,212.1600,0.000153
_07038_,VGND,li1,149.9600,206.7200,0.000100
_07037_,VGND,li1,145.1300,212.1600,0.000154
_07036_,VGND,li1,149.7300,206.7200,0.000100
_07035_,VGND,li1,141.6800,206.7200,0.000111
_07034_,VGND,li1,137.7700,206.7200,0.000117
_07033_,VGND,li1,146.9700,206.7200,0.000104
_07032_,VGND,li1,125.8100,217.6000,0.000149
_07031_,VGND,li1,123.0500,217.6000,0.000150
_07030_,VGND,li1,123.7400,212.1600,0.000155
_07029_,VGND,li1,123.5100,212.1600,0.000155
_07028_,VGND,li1,125.8100,212.1600,0.000155
_07027_,VGND,li1,140.0700,228.4800,0.000295
_07026_,VGND,li1,140.3000,228.4800,0.000295
_07025_,VGND,li1,138.2300,228.4800,0.000304
_07024_,VGND,li1,156.4000,255.6800,0.000253
_07023_,VGND,li1,152.7200,250.2400,0.000132
_07022_,VGND,li1,144.2100,250.2400,0.000140
_07021_,VGND,li1,144.2100,250.2400,0.000140
_07020_,VGND,li1,144.4400,244.8000,0.000246
_07019_,VGND,li1,142.3700,244.8000,0.000254
_07018_,VGND,li1,145.5900,239.3600,0.000248
_07017_,VGND,li1,143.0600,239.3600,0.000257
_07016_,VGND,li1,140.9900,239.3600,0.000270
_07015_,VGND,li1,141.2200,239.3600,0.000264
_07014_,VGND,li1,137.3100,239.3600,0.000277
_07013_,VGND,li1,144.2100,239.3600,0.000257
_07012_,VGND,li1,133.1700,250.2400,0.000146
_07011_,VGND,li1,129.0300,255.6800,0.000341
_07010_,VGND,li1,130.6400,250.2400,0.000147
_07009_,VGND,li1,169.9700,261.1200,0.000308
_07008_,VGND,li1,164.2200,272.0000,0.000285
_07007_,VGND,li1,163.7600,266.5600,0.000329
_07006_,VGND,li1,161.2300,266.5600,0.000347
_07005_,VGND,li1,156.6300,277.4400,0.000418
_07004_,VGND,li1,161.2300,277.4400,0.000391
_07003_,VGND,li1,151.1100,277.4400,0.000469
_07002_,VGND,li1,152.9500,277.4400,0.000449
_07001_,VGND,li1,152.9500,282.8800,0.000129
_07000_,VGND,li1,141.6800,277.4400,0.000543
_06999_,VGND,li1,131.3300,272.0000,0.000413
_06998_,VGND,li1,142.8300,272.0000,0.000380
_06997_,VGND,li1,141.9100,293.7600,0.000110
_06996_,VGND,li1,137.7700,293.7600,0.000113
_06995_,VGND,li1,146.2800,293.7600,0.000107
_06994_,VGND,li1,146.0500,288.3200,0.000092
_06993_,VGND,li1,149.5000,293.7600,0.000103
_06992_,VGND,li1,141.6800,288.3200,0.000094
_06991_,VGND,li1,145.5900,288.3200,0.000092
_06990_,VGND,li1,142.1400,288.3200,0.000094
_06989_,VGND,li1,138.2300,288.3200,0.000096
_06988_,VGND,li1,143.2900,288.3200,0.000094
_06987_,VGND,li1,136.3900,293.7600,0.000114
_06986_,VGND,li1,163.5300,277.4400,0.000368
_06985_,VGND,li1,182.3900,304.6400,0.000160
_06984_,VGND,li1,182.1600,310.0800,0.000282
_06983_,VGND,li1,180.0900,304.6400,0.000142
_06982_,VGND,li1,177.7900,299.2000,0.000153
_06981_,VGND,li1,175.9500,299.2000,0.000162
_06980_,VGND,li1,175.0300,304.6400,0.000123
_06979_,VGND,li1,168.1300,304.6400,0.000138
_06978_,VGND,li1,167.2100,310.0800,0.000289
_06977_,VGND,li1,162.1500,304.6400,0.000149
_06976_,VGND,li1,152.4900,304.6400,0.000165
_06975_,VGND,li1,148.3500,310.0800,0.000401
_06974_,VGND,li1,155.2500,304.6400,0.000160
_06973_,VGND,li1,152.0300,299.2000,0.000195
_06972_,VGND,li1,143.2900,304.6400,0.000176
_06971_,VGND,li1,143.7500,299.2000,0.000194
_06970_,VGND,li1,145.3600,299.2000,0.000194
_06969_,VGND,li1,142.3700,299.2000,0.000194
_06968_,VGND,li1,139.1500,299.2000,0.000194
_06967_,VGND,li1,170.8900,304.6400,0.000132
_06966_,VGND,li1,167.6700,337.2800,0.002788
_06965_,VGND,li1,165.8300,337.2800,0.003086
_06964_,VGND,li1,161.2300,353.6000,0.000355
_06963_,VGND,li1,154.3300,359.0400,0.000601
_06962_,VGND,li1,155.7100,359.0400,0.000601
_06961_,VGND,li1,161.0000,359.0400,0.000510
_06960_,VGND,li1,158.0100,359.0400,0.000548
_06959_,VGND,li1,183.0800,315.5200,0.000316
_06958_,VGND,li1,193.4300,348.1600,0.000451
_06957_,VGND,li1,198.7200,342.7200,0.001407
_06956_,VGND,li1,195.2700,342.7200,0.001345
_06955_,VGND,li1,199.1800,348.1600,0.000451
_06954_,VGND,li1,200.7900,342.7200,0.001466
_06953_,VGND,li1,194.1200,331.8400,0.003189
_06952_,VGND,li1,194.5800,337.2800,0.002885
_06951_,VGND,li1,197.1100,337.2800,0.003048
_06950_,VGND,li1,195.0400,331.8400,0.003189
_06949_,VGND,li1,182.3900,331.8400,0.001958
_06948_,VGND,li1,189.0600,326.4000,0.001545
_06947_,VGND,li1,199.8700,337.2800,0.003166
_06946_,VGND,li1,197.1100,326.4000,0.002028
_06945_,VGND,li1,193.2000,326.4000,0.001813
_06944_,VGND,li1,192.9700,326.4000,0.001813
_06943_,VGND,li1,194.8100,288.3200,0.000107
_06942_,VGND,li1,187.4500,326.4000,0.001545
_06941_,VGND,li1,184.2300,326.4000,0.001322
_06940_,VGND,li1,191.1300,288.3200,0.000099
_06939_,VGND,li1,187.6800,288.3200,0.000086
_06938_,VGND,li1,189.5200,282.8800,0.000107
_06937_,VGND,li1,189.5200,315.5200,0.000467
_06936_,VGND,li1,195.9600,315.5200,0.000583
_06935_,VGND,li1,181.2400,277.4400,0.000277
_06934_,VGND,li1,188.3700,277.4400,0.000355
_06933_,VGND,li1,188.3700,282.8800,0.000107
_06932_,VGND,li1,191.3600,272.0000,0.000378
_06931_,VGND,li1,181.2400,250.2400,0.000091
_06930_,VGND,li1,184.6900,288.3200,0.000081
_06929_,VGND,li1,182.3900,288.3200,0.000073
_06928_,VGND,li1,178.2500,250.2400,0.000088
_06927_,VGND,li1,171.1200,239.3600,0.000152
_06926_,VGND,li1,176.8700,244.8000,0.000162
_06925_,VGND,li1,182.8500,277.4400,0.000277
_06924_,VGND,li1,188.3700,277.4400,0.000355
_06923_,VGND,li1,176.4100,272.0000,0.000231
_06922_,VGND,li1,176.6400,250.2400,0.000088
_06921_,VGND,li1,175.2600,255.6800,0.000131
_06920_,VGND,li1,171.3500,244.8000,0.000180
_06919_,VGND,li1,169.2800,233.9200,0.000122
_06918_,VGND,li1,167.6700,244.8000,0.000188
_06917_,VGND,li1,165.3700,239.3600,0.000172
_06916_,VGND,li1,170.6600,233.9200,0.000122
_06915_,VGND,li1,167.6700,233.9200,0.000129
_06914_,VGND,li1,167.4400,228.4800,0.000188
_06913_,VGND,li1,167.9000,255.6800,0.000185
_06912_,VGND,li1,164.4500,255.6800,0.000213
_06911_,VGND,li1,166.9800,250.2400,0.000109
_06910_,VGND,li1,159.1600,233.9200,0.000165
_06909_,VGND,li1,165.3700,261.1200,0.000392
_06908_,VGND,li1,162.6100,233.9200,0.000148
_06907_,VGND,li1,164.2200,228.4800,0.000203
_06906_,VGND,li1,165.6000,233.9200,0.000138
_06905_,VGND,li1,164.2200,223.0400,0.000130
_06904_,VGND,li1,164.9100,228.4800,0.000203
_06903_,VGND,li1,166.0600,223.0400,0.000126
_06902_,VGND,li1,164.2200,223.0400,0.000130
_06901_,VGND,li1,162.1500,228.4800,0.000212
_06900_,VGND,li1,158.2400,228.4800,0.000231
_06899_,VGND,li1,157.7800,223.0400,0.000144
_06898_,VGND,li1,154.5600,223.0400,0.000150
_06897_,VGND,li1,161.9200,223.0400,0.000135
_06896_,VGND,li1,163.0700,217.6000,0.000107
_06895_,VGND,li1,162.8400,212.1600,0.000145
_06894_,VGND,li1,160.7700,212.1600,0.000147
_06893_,VGND,li1,161.9200,212.1600,0.000145
_06892_,VGND,li1,164.9100,212.1600,0.000143
_06891_,VGND,li1,153.6400,217.6000,0.000120
_06890_,VGND,li1,151.3400,217.6000,0.000125
_06889_,VGND,li1,152.2600,212.1600,0.000152
_06888_,VGND,li1,154.5600,212.1600,0.000150
_06887_,VGND,li1,158.2400,212.1600,0.000148
_06886_,VGND,li1,155.4800,212.1600,0.000149
_06885_,VGND,li1,159.8500,206.7200,0.000084
_06884_,VGND,li1,161.6900,206.7200,0.000081
_06883_,VGND,li1,158.9300,206.7200,0.000088
_06882_,VGND,li1,151.3400,212.1600,0.000152
_06881_,VGND,li1,153.6400,212.1600,0.000150
_06880_,VGND,li1,153.4100,206.7200,0.000097
_06879_,VGND,li1,156.1700,206.7200,0.000092
_06878_,VGND,li1,150.1900,201.2800,0.000063
_06877_,VGND,li1,140.5300,223.0400,0.000173
_06876_,VGND,li1,138.9200,217.6000,0.000138
_06875_,VGND,li1,136.3900,217.6000,0.000140
_06874_,VGND,li1,158.4700,217.6000,0.000113
_06873_,VGND,li1,170.4300,255.6800,0.000167
_06872_,VGND,li1,169.5100,250.2400,0.000104
_06871_,VGND,li1,163.9900,266.5600,0.000329
_06870_,VGND,li1,163.5300,250.2400,0.000116
_06869_,VGND,li1,165.3700,244.8000,0.000198
_06868_,VGND,li1,158.9300,239.3600,0.000199
_06867_,VGND,li1,162.8400,239.3600,0.000186
_06866_,VGND,li1,157.5500,250.2400,0.000126
_06865_,VGND,li1,154.3300,250.2400,0.000129
_06864_,VGND,li1,153.8700,244.8000,0.000224
_06863_,VGND,li1,156.8600,244.8000,0.000216
_06862_,VGND,li1,155.7100,239.3600,0.000211
_06861_,VGND,li1,158.7000,239.3600,0.000199
_06860_,VGND,li1,161.9200,239.3600,0.000186
_06859_,VGND,li1,156.6300,239.3600,0.000211
_06858_,VGND,li1,150.6500,239.3600,0.000230
_06857_,VGND,li1,153.6400,239.3600,0.000219
_06856_,VGND,li1,151.1100,239.3600,0.000230
_06855_,VGND,li1,147.8900,239.3600,0.000242
_06854_,VGND,li1,148.3500,239.3600,0.000242
_06853_,VGND,li1,163.9900,250.2400,0.000116
_06852_,VGND,li1,174.5700,277.4400,0.000264
_06851_,VGND,li1,174.8000,277.4400,0.000264
_06850_,VGND,li1,174.5700,282.8800,0.000080
_06849_,VGND,li1,165.3700,277.4400,0.000338
_06848_,VGND,li1,162.1500,277.4400,0.000368
_06847_,VGND,li1,168.1300,277.4400,0.000319
_06846_,VGND,li1,166.2900,282.8800,0.000097
_06845_,VGND,li1,154.3300,277.4400,0.000449
_06844_,VGND,li1,148.8100,277.4400,0.000486
_06843_,VGND,li1,146.9700,277.4400,0.000502
_06842_,VGND,li1,150.6500,277.4400,0.000469
_06841_,VGND,li1,162.1500,293.7600,0.000089
_06840_,VGND,li1,159.3900,288.3200,0.000079
_06839_,VGND,li1,158.9300,293.7600,0.000091
_06838_,VGND,li1,152.4900,293.7600,0.000101
_06837_,VGND,li1,151.1100,293.7600,0.000101
_06836_,VGND,li1,152.7200,288.3200,0.000085
_06835_,VGND,li1,149.7300,288.3200,0.000088
_06834_,VGND,li1,149.2700,288.3200,0.000088
_06833_,VGND,li1,185.6100,315.5200,0.000390
_06832_,VGND,li1,182.3900,326.4000,0.001216
_06831_,VGND,li1,176.8700,320.9600,0.000682
_06830_,VGND,li1,185.1500,315.5200,0.000353
_06829_,VGND,li1,184.2300,310.0800,0.000323
_06828_,VGND,li1,186.0700,310.0800,0.000350
_06827_,VGND,li1,178.7100,310.0800,0.000218
_06826_,VGND,li1,181.4700,310.0800,0.000282
_06825_,VGND,li1,175.4900,310.0800,0.000230
_06824_,VGND,li1,177.3300,310.0800,0.000218
_06823_,VGND,li1,179.1700,320.9600,0.000649
_06822_,VGND,li1,174.1100,320.9600,0.000746
_06821_,VGND,li1,174.3400,320.9600,0.000746
_06820_,VGND,li1,172.7300,310.0800,0.000253
_06819_,VGND,li1,171.3500,315.5200,0.000292
_06818_,VGND,li1,170.8900,310.0800,0.000268
_06817_,VGND,li1,171.5800,320.9600,0.000790
_06816_,VGND,li1,168.5900,320.9600,0.000845
_06815_,VGND,li1,163.9900,310.0800,0.000301
_06814_,VGND,li1,164.4500,310.0800,0.000301
_06813_,VGND,li1,165.3700,320.9600,0.000880
_06812_,VGND,li1,168.3600,315.5200,0.000303
_06811_,VGND,li1,164.9100,320.9600,0.000912
_06810_,VGND,li1,170.4300,315.5200,0.000292
_06809_,VGND,li1,165.3700,315.5200,0.000315
_06808_,VGND,li1,157.0900,304.6400,0.000158
_06807_,VGND,li1,157.7800,304.6400,0.000158
_06806_,VGND,li1,153.6400,304.6400,0.000165
_06805_,VGND,li1,155.0200,299.2000,0.000195
_06804_,VGND,li1,149.7300,304.6400,0.000168
_06803_,VGND,li1,172.2700,342.7200,0.001116
_06802_,VGND,li1,168.5900,342.7200,0.001293
_06801_,VGND,li1,177.7900,337.2800,0.001742
_06800_,VGND,li1,171.5800,342.7200,0.001116
_06799_,VGND,li1,182.8500,293.7600,0.000081
_06798_,VGND,li1,176.4100,288.3200,0.000059
_06797_,VGND,li1,172.2700,282.8800,0.000086
_06796_,VGND,li1,170.6600,282.8800,0.000086
_06795_,VGND,li1,163.7600,282.8800,0.000103
_06794_,VGND,li1,155.7100,282.8800,0.000125
_06793_,VGND,li1,145.1300,277.4400,0.000528
_06792_,VGND,li1,161.6900,288.3200,0.000077
_06791_,VGND,li1,158.0100,288.3200,0.000082
_06790_,VGND,li1,161.0000,288.3200,0.000079
_06789_,VGND,li1,192.5100,359.0400,0.000264
_06788_,VGND,li1,192.5100,359.0400,0.000264
_06787_,VGND,li1,190.6700,353.6000,0.000167
_06786_,VGND,li1,192.0500,353.6000,0.000167
_06785_,VGND,li1,193.6600,353.6000,0.000168
_06784_,VGND,li1,178.2500,353.6000,0.000155
_06783_,VGND,li1,185.1500,331.8400,0.002348
_06782_,VGND,li1,182.8500,337.2800,0.002093
_06781_,VGND,li1,183.3100,331.8400,0.002175
_06780_,VGND,li1,177.3300,331.8400,0.001903
_06779_,VGND,li1,174.5700,331.8400,0.002066
_06778_,VGND,li1,172.2700,331.8400,0.002246
_06777_,VGND,li1,174.1100,326.4000,0.001221
_06776_,VGND,li1,170.2000,326.4000,0.001439
_06775_,VGND,li1,169.9700,331.8400,0.002445
_06774_,VGND,li1,166.7500,331.8400,0.002787
_06773_,VGND,li1,172.2700,326.4000,0.001318
_06772_,VGND,li1,169.9700,326.4000,0.001439
_06771_,VGND,li1,181.0100,331.8400,0.001958
_06770_,VGND,li1,184.2300,288.3200,0.000081
_06769_,VGND,li1,186.9900,288.3200,0.000086
_06768_,VGND,li1,178.7100,288.3200,0.000055
_06767_,VGND,li1,180.5500,288.3200,0.000063
_06766_,VGND,li1,177.3300,288.3200,0.000055
_06765_,VGND,li1,175.0300,288.3200,0.000059
_06764_,VGND,li1,172.7300,288.3200,0.000063
_06763_,VGND,li1,167.2100,288.3200,0.000071
_06762_,VGND,li1,168.1300,282.8800,0.000093
_06761_,VGND,li1,154.7900,282.8800,0.000125
_06760_,VGND,li1,182.3900,266.5600,0.000168
_06759_,VGND,li1,184.6900,272.0000,0.000280
_06758_,VGND,li1,179.4000,266.5600,0.000158
_06757_,VGND,li1,176.8700,244.8000,0.000162
_06756_,VGND,li1,168.1300,239.3600,0.000161
_06755_,VGND,li1,164.9100,244.8000,0.000198
_06754_,VGND,li1,167.9000,244.8000,0.000188
_06753_,VGND,li1,175.0300,239.3600,0.000133
_06752_,VGND,li1,172.2700,233.9200,0.000110
_06751_,VGND,li1,175.0300,233.9200,0.000098
_06750_,VGND,li1,171.8100,228.4800,0.000167
_06749_,VGND,li1,170.4300,217.6000,0.000094
_06748_,VGND,li1,167.6700,217.6000,0.000100
_06747_,VGND,li1,168.1300,212.1600,0.000140
_06746_,VGND,li1,163.3000,206.7200,0.000081
_06745_,VGND,li1,169.5100,206.7200,0.000070
_06744_,VGND,li1,166.2900,206.7200,0.000076
_06743_,VGND,li1,171.8100,206.7200,0.000063
_06742_,VGND,li1,188.3700,359.0400,0.000250
_06741_,VGND,li1,186.0700,359.0400,0.000243
_06740_,VGND,li1,187.4500,359.0400,0.000250
_06739_,VGND,li1,181.9300,359.0400,0.000236
_06738_,VGND,li1,174.5700,353.6000,0.000195
_06737_,VGND,li1,170.8900,353.6000,0.000247
_06736_,VGND,li1,171.1200,353.6000,0.000247
_06735_,VGND,li1,175.0300,353.6000,0.000195
_06734_,VGND,li1,182.8500,353.6000,0.000160
_06733_,VGND,li1,178.7100,331.8400,0.001740
_06732_,VGND,li1,179.6300,331.8400,0.001740
_06731_,VGND,li1,177.7900,331.8400,0.001903
_06730_,VGND,li1,175.4900,293.7600,0.000067
_06729_,VGND,li1,171.5800,293.7600,0.000074
_06728_,VGND,li1,169.9700,288.3200,0.000067
_06727_,VGND,li1,165.3700,288.3200,0.000074
_06726_,VGND,li1,173.6500,293.7600,0.000071
_06725_,VGND,li1,166.7500,293.7600,0.000080
_06724_,VGND,li1,177.7900,266.5600,0.000158
_06723_,VGND,li1,172.2700,250.2400,0.000099
_06722_,VGND,li1,180.0900,261.1200,0.000197
_06721_,VGND,li1,177.3300,261.1200,0.000191
_06720_,VGND,li1,171.8100,261.1200,0.000279
_06719_,VGND,li1,175.9500,223.0400,0.000107
_06718_,VGND,li1,175.2600,223.0400,0.000107
_06717_,VGND,li1,172.2700,223.0400,0.000112
_06716_,VGND,li1,174.1100,217.6000,0.000090
_06715_,VGND,li1,166.7500,217.6000,0.000100
_06714_,VGND,li1,169.9700,217.6000,0.000094
_06713_,VGND,li1,179.1700,359.0400,0.000225
_06712_,VGND,li1,175.7200,359.0400,0.000265
_06711_,VGND,li1,177.3300,353.6000,0.000155
_06710_,VGND,li1,174.1100,348.1600,0.000583
_06709_,VGND,li1,174.3400,261.1200,0.000239
_06708_,VGND,li1,175.4900,261.1200,0.000239
_06707_,VGND,li1,173.1900,228.4800,0.000167
_06706_,VGND,li1,179.1700,261.1200,0.000197
_06705_,VGND,li1,176.4100,228.4800,0.000145
_06704_,VGND,li1,185.1500,375.3600,0.000076
_06703_,VGND,li1,254.1500,48.9600,0.000773
_06702_,VGND,li1,195.2700,108.8000,0.000264
_06701_,VGND,li1,344.7700,114.2400,0.000173
_06700_,VGND,li1,266.1100,152.3200,0.001287
_06699_,VGND,li1,75.6700,65.2800,0.000207
_06698_,VGND,li1,40.2500,103.3600,0.000301
_06697_,VGND,li1,168.1300,114.2400,0.000391
_06696_,VGND,li1,209.0700,261.1200,0.000270
_06695_,VGND,li1,186.9900,190.4000,0.000155
_06694_,VGND,li1,282.2100,348.1600,0.000289
_06693_,VGND,li1,288.1900,266.5600,0.000235
_06692_,VGND,li1,24.6100,190.4000,0.000132
_06691_,VGND,li1,25.0700,255.6800,0.000065
_06690_,VGND,li1,91.3100,288.3200,0.000101
_06689_,VGND,li1,106.9500,206.7200,0.000136
_06688_,VGND,li1,112.9300,342.7200,0.001735
_06687_,VGND,li1,83.9500,244.8000,0.000258
_06686_,VGND,li1,187.9100,54.4000,0.000155
_06685_,VGND,li1,75.6700,70.7200,0.000264
_06684_,VGND,li1,191.5900,174.0800,0.000143
_06683_,VGND,li1,103.2700,103.3600,0.000790
_06682_,VGND,li1,83.9500,282.8800,0.000225
_06681_,VGND,li1,117.5300,119.6800,0.001174
_06680_,VGND,li1,136.3900,201.2800,0.000075
_06679_,VGND,li1,83.0300,212.1600,0.000129
_06678_,VGND,li1,136.3900,282.8800,0.000166
_06677_,VGND,li1,170.4300,195.8400,0.000130
