Instance,Terminal,Layer,X location,Y location,Voltage
FILLER_136_809,VPWR,li1,378.1200,383.5200,1.799948
FILLER_136_797,VPWR,li1,374.9000,383.5200,1.799948
FILLER_136_785,VPWR,li1,369.3800,383.5200,1.799948
FILLER_136_781,VPWR,li1,365.4700,383.5200,1.799948
FILLER_136_769,VPWR,li1,362.0200,383.5200,1.799948
FILLER_136_757,VPWR,li1,356.5000,383.5200,1.799948
FILLER_136_755,VPWR,li1,353.0500,383.5200,1.799948
FILLER_136_747,VPWR,li1,350.9800,383.5200,1.799948
FILLER_136_735,VPWR,li1,346.3800,383.5200,1.799948
FILLER_136_720,VPWR,li1,338.5600,383.5200,1.799948
FILLER_136_713,VPWR,li1,334.4200,383.5200,1.799949
FILLER_136_699,VPWR,li1,327.2900,383.5200,1.799938
FILLER_136_695,VPWR,li1,326.1400,383.5200,1.799938
FILLER_136_685,VPWR,li1,321.5400,383.5200,1.799911
FILLER_136_678,VPWR,li1,318.3200,383.5200,1.799897
FILLER_136_673,VPWR,li1,315.5600,383.5200,1.799888
FILLER_136_671,VPWR,li1,314.4100,383.5200,1.799888
FILLER_136_664,VPWR,li1,311.8800,383.5200,1.799877
FILLER_136_657,VPWR,li1,308.6600,383.5200,1.799864
FILLER_136_651,VPWR,li1,305.6700,383.5200,1.799852
FILLER_136_645,VPWR,li1,302.6800,383.5200,1.799840
FILLER_136_643,VPWR,li1,301.5300,383.5200,1.799832
FILLER_136_639,VPWR,li1,299.6900,383.5200,1.799824
FILLER_136_635,VPWR,li1,298.5400,383.5200,1.799824
FILLER_136_623,VPWR,li1,294.8600,383.5200,1.799809
FILLER_136_617,VPWR,li1,289.8000,383.5200,1.799787
FILLER_136_615,VPWR,li1,288.6500,383.5200,1.799780
FILLER_136_609,VPWR,li1,287.0400,383.5200,1.799780
FILLER_136_597,VPWR,li1,281.9800,383.5200,1.799763
FILLER_136_589,VPWR,li1,276.9200,383.5200,1.799748
FILLER_136_582,VPWR,li1,273.7000,383.5200,1.799741
FILLER_136_574,VPWR,li1,271.4000,383.5200,1.799736
FILLER_136_567,VPWR,li1,267.0300,383.5200,1.799724
FILLER_136_561,VPWR,li1,264.0400,383.5200,1.799723
FILLER_136_553,VPWR,li1,260.5900,383.5200,1.799722
FILLER_136_545,VPWR,li1,258.0600,383.5200,1.799721
FILLER_136_533,VPWR,li1,253.4600,383.5200,1.799719
FILLER_136_529,VPWR,li1,249.5500,383.5200,1.799717
FILLER_136_517,VPWR,li1,246.1000,383.5200,1.799716
FILLER_136_505,VPWR,li1,240.5800,383.5200,1.799714
FILLER_136_501,VPWR,li1,236.6700,383.5200,1.799713
FILLER_136_489,VPWR,li1,233.2200,383.5200,1.799711
FILLER_136_477,VPWR,li1,227.7000,383.5200,1.799709
FILLER_136_473,VPWR,li1,223.7900,383.5200,1.799708
FILLER_136_461,VPWR,li1,220.3400,383.5200,1.799706
FILLER_136_449,VPWR,li1,214.8200,383.5200,1.799704
FILLER_136_441,VPWR,li1,209.0700,383.5200,1.799702
FILLER_136_434,VPWR,li1,205.8500,383.5200,1.799704
FILLER_136_427,VPWR,li1,202.6300,383.5200,1.799709
FILLER_136_421,VPWR,li1,199.6400,383.5200,1.799717
FILLER_136_413,VPWR,li1,196.1900,383.5200,1.799738
FILLER_136_406,VPWR,li1,192.9700,383.5200,1.799755
FILLER_136_399,VPWR,li1,189.7500,383.5200,1.799773
FILLER_136_393,VPWR,li1,186.7600,383.5200,1.799787
FILLER_136_385,VPWR,li1,183.3100,383.5200,1.799805
FILLER_136_378,VPWR,li1,180.0900,383.5200,1.799830
FILLER_136_370,VPWR,li1,177.5600,383.5200,1.799851
FILLER_136_365,VPWR,li1,173.8800,383.5200,1.799864
FILLER_136_363,VPWR,li1,172.7300,383.5200,1.799864
FILLER_136_356,VPWR,li1,170.2000,383.5200,1.799854
FILLER_136_349,VPWR,li1,166.9800,383.5200,1.799841
FILLER_136_343,VPWR,li1,163.9900,383.5200,1.799829
FILLER_136_337,VPWR,li1,161.0000,383.5200,1.799817
FILLER_136_328,VPWR,li1,157.3200,383.5200,1.799801
FILLER_136_322,VPWR,li1,154.3300,383.5200,1.799793
FILLER_136_314,VPWR,li1,150.8800,383.5200,1.799789
FILLER_136_309,VPWR,li1,148.1200,383.5200,1.799785
FILLER_136_307,VPWR,li1,146.9700,383.5200,1.799781
FILLER_136_301,VPWR,li1,144.6700,383.5200,1.799776
FILLER_136_293,VPWR,li1,141.2200,383.5200,1.799771
FILLER_136_286,VPWR,li1,138.0000,383.5200,1.799766
FILLER_136_281,VPWR,li1,135.2400,383.5200,1.799764
FILLER_136_279,VPWR,li1,134.0900,383.5200,1.799761
FILLER_136_273,VPWR,li1,132.4800,383.5200,1.799761
FILLER_136_265,VPWR,li1,128.3400,383.5200,1.799757
FILLER_136_253,VPWR,li1,124.6600,383.5200,1.799755
FILLER_136_245,VPWR,li1,118.9100,383.5200,1.799753
FILLER_136_237,VPWR,li1,116.3800,383.5200,1.799755
FILLER_136_225,VPWR,li1,111.7800,383.5200,1.799758
FILLER_136_222,VPWR,li1,108.1000,383.5200,1.799760
FILLER_136_210,VPWR,li1,104.8800,383.5200,1.799762
FILLER_136_203,VPWR,li1,99.5900,383.5200,1.799770
FILLER_136_197,VPWR,li1,96.6000,383.5200,1.799778
FILLER_136_193,VPWR,li1,94.9900,383.5200,1.799778
FILLER_136_181,VPWR,li1,91.5400,383.5200,1.799787
FILLER_136_169,VPWR,li1,86.0200,383.5200,1.799802
FILLER_136_165,VPWR,li1,82.1100,383.5200,1.799812
FILLER_136_153,VPWR,li1,78.6600,383.5200,1.799821
FILLER_136_141,VPWR,li1,73.1400,383.5200,1.799836
FILLER_136_137,VPWR,li1,69.2300,383.5200,1.799846
FILLER_136_125,VPWR,li1,65.7800,383.5200,1.799856
FILLER_136_113,VPWR,li1,60.2600,383.5200,1.799870
FILLER_136_109,VPWR,li1,56.3500,383.5200,1.799881
FILLER_136_97,VPWR,li1,52.9000,383.5200,1.799890
FILLER_136_85,VPWR,li1,47.3800,383.5200,1.799905
FILLER_136_81,VPWR,li1,43.4700,383.5200,1.799915
FILLER_136_69,VPWR,li1,40.0200,383.5200,1.799924
FILLER_136_57,VPWR,li1,34.5000,383.5200,1.799939
FILLER_136_53,VPWR,li1,30.5900,383.5200,1.799949
FILLER_136_41,VPWR,li1,27.1400,383.5200,1.799959
FILLER_136_29,VPWR,li1,21.6200,383.5200,1.799973
FILLER_136_27,VPWR,li1,18.1700,383.5200,1.799973
FILLER_136_15,VPWR,li1,15.1800,383.5200,1.799973
FILLER_136_3,VPWR,li1,9.6600,383.5200,1.799973
FILLER_135_809,VPWR,li1,378.1200,378.0800,1.799999
FILLER_135_797,VPWR,li1,374.9000,378.0800,1.799999
FILLER_135_785,VPWR,li1,369.3800,378.0800,1.799999
FILLER_135_783,VPWR,li1,365.9300,378.0800,1.799999
FILLER_135_777,VPWR,li1,364.3200,378.0800,1.799999
FILLER_135_765,VPWR,li1,360.1800,378.0800,1.799999
FILLER_135_753,VPWR,li1,354.6600,378.0800,1.799999
FILLER_135_741,VPWR,li1,349.1400,378.0800,1.799999
FILLER_135_729,VPWR,li1,343.6200,378.0800,1.799999
FILLER_135_727,VPWR,li1,340.1700,378.0800,1.799999
FILLER_135_721,VPWR,li1,338.5600,378.0800,1.799999
FILLER_135_709,VPWR,li1,334.4200,378.0800,1.799999
FILLER_135_697,VPWR,li1,328.9000,378.0800,1.799999
FILLER_135_685,VPWR,li1,323.3800,378.0800,1.799999
FILLER_135_673,VPWR,li1,317.8600,378.0800,1.799998
FILLER_135_671,VPWR,li1,314.4100,378.0800,1.799998
FILLER_135_665,VPWR,li1,312.8000,378.0800,1.799998
FILLER_135_653,VPWR,li1,308.6600,378.0800,1.799998
FILLER_135_641,VPWR,li1,303.1400,378.0800,1.799997
FILLER_135_629,VPWR,li1,297.6200,378.0800,1.799997
FILLER_135_617,VPWR,li1,292.1000,378.0800,1.799996
FILLER_135_615,VPWR,li1,288.6500,378.0800,1.799996
FILLER_135_609,VPWR,li1,287.0400,378.0800,1.799996
FILLER_135_597,VPWR,li1,282.9000,378.0800,1.799996
FILLER_135_585,VPWR,li1,277.3800,378.0800,1.799995
FILLER_135_573,VPWR,li1,271.8600,378.0800,1.799995
FILLER_135_561,VPWR,li1,266.3400,378.0800,1.799994
FILLER_135_559,VPWR,li1,262.8900,378.0800,1.799994
FILLER_135_553,VPWR,li1,261.2800,378.0800,1.799994
FILLER_135_541,VPWR,li1,257.1400,378.0800,1.799994
FILLER_135_529,VPWR,li1,251.6200,378.0800,1.799993
FILLER_135_517,VPWR,li1,246.1000,378.0800,1.799993
FILLER_135_505,VPWR,li1,240.5800,378.0800,1.799992
FILLER_135_503,VPWR,li1,237.1300,378.0800,1.799992
FILLER_135_497,VPWR,li1,235.5200,378.0800,1.799992
FILLER_135_485,VPWR,li1,231.3800,378.0800,1.799991
FILLER_135_473,VPWR,li1,225.8600,378.0800,1.799991
FILLER_135_461,VPWR,li1,220.3400,378.0800,1.799991
FILLER_135_449,VPWR,li1,214.8200,378.0800,1.799990
FILLER_135_447,VPWR,li1,211.3700,378.0800,1.799990
FILLER_135_441,VPWR,li1,209.7600,378.0800,1.799990
FILLER_135_429,VPWR,li1,205.6200,378.0800,1.799989
FILLER_135_417,VPWR,li1,200.1000,378.0800,1.799989
FILLER_135_405,VPWR,li1,194.5800,378.0800,1.799989
FILLER_135_393,VPWR,li1,189.0600,378.0800,1.799988
FILLER_135_391,VPWR,li1,185.6100,378.0800,1.799988
FILLER_135_385,VPWR,li1,184.0000,378.0800,1.799988
FILLER_135_373,VPWR,li1,179.8600,378.0800,1.799991
FILLER_135_361,VPWR,li1,174.3400,378.0800,1.799992
FILLER_135_349,VPWR,li1,168.8200,378.0800,1.799992
FILLER_135_337,VPWR,li1,163.3000,378.0800,1.799991
FILLER_135_335,VPWR,li1,159.8500,378.0800,1.799991
FILLER_135_329,VPWR,li1,158.2400,378.0800,1.799991
FILLER_135_317,VPWR,li1,154.1000,378.0800,1.799990
FILLER_135_305,VPWR,li1,148.5800,378.0800,1.799989
FILLER_135_293,VPWR,li1,143.0600,378.0800,1.799989
FILLER_135_281,VPWR,li1,137.5400,378.0800,1.799988
FILLER_135_279,VPWR,li1,134.0900,378.0800,1.799988
FILLER_135_273,VPWR,li1,132.4800,378.0800,1.799988
FILLER_135_261,VPWR,li1,128.3400,378.0800,1.799988
FILLER_135_249,VPWR,li1,122.8200,378.0800,1.799989
FILLER_135_237,VPWR,li1,117.3000,378.0800,1.799990
FILLER_135_225,VPWR,li1,111.7800,378.0800,1.799990
FILLER_135_223,VPWR,li1,108.3300,378.0800,1.799991
FILLER_135_217,VPWR,li1,106.7200,378.0800,1.799991
FILLER_135_205,VPWR,li1,102.5800,378.0800,1.799991
FILLER_135_193,VPWR,li1,97.0600,378.0800,1.799992
FILLER_135_181,VPWR,li1,91.5400,378.0800,1.799992
FILLER_135_169,VPWR,li1,86.0200,378.0800,1.799993
FILLER_135_167,VPWR,li1,82.5700,378.0800,1.799993
FILLER_135_161,VPWR,li1,80.9600,378.0800,1.799993
FILLER_135_149,VPWR,li1,76.8200,378.0800,1.799994
FILLER_135_137,VPWR,li1,71.3000,378.0800,1.799994
FILLER_135_125,VPWR,li1,65.7800,378.0800,1.799995
FILLER_135_113,VPWR,li1,60.2600,378.0800,1.799995
FILLER_135_111,VPWR,li1,56.8100,378.0800,1.799996
FILLER_135_105,VPWR,li1,55.2000,378.0800,1.799996
FILLER_135_93,VPWR,li1,51.0600,378.0800,1.799996
FILLER_135_81,VPWR,li1,45.5400,378.0800,1.799997
FILLER_135_69,VPWR,li1,40.0200,378.0800,1.799997
FILLER_135_57,VPWR,li1,34.5000,378.0800,1.799998
FILLER_135_55,VPWR,li1,31.0500,378.0800,1.799998
FILLER_135_51,VPWR,li1,29.9000,378.0800,1.799998
FILLER_135_39,VPWR,li1,26.2200,378.0800,1.799998
FILLER_135_27,VPWR,li1,20.7000,378.0800,1.799999
FILLER_135_15,VPWR,li1,15.1800,378.0800,1.799999
FILLER_135_3,VPWR,li1,9.6600,378.0800,1.799999
FILLER_134_805,VPWR,li1,377.2000,378.0800,1.799999
FILLER_134_793,VPWR,li1,373.0600,378.0800,1.799999
FILLER_134_781,VPWR,li1,367.5400,378.0800,1.799999
FILLER_134_769,VPWR,li1,362.0200,378.0800,1.799999
FILLER_134_757,VPWR,li1,356.5000,378.0800,1.799999
FILLER_134_755,VPWR,li1,353.0500,378.0800,1.799999
FILLER_134_749,VPWR,li1,351.4400,378.0800,1.799999
FILLER_134_737,VPWR,li1,347.3000,378.0800,1.799999
FILLER_134_725,VPWR,li1,341.7800,378.0800,1.799999
FILLER_134_713,VPWR,li1,336.2600,378.0800,1.799999
FILLER_134_701,VPWR,li1,330.7400,378.0800,1.799999
FILLER_134_699,VPWR,li1,327.2900,378.0800,1.799999
FILLER_134_693,VPWR,li1,325.6800,378.0800,1.799999
FILLER_134_681,VPWR,li1,321.5400,378.0800,1.799999
FILLER_134_669,VPWR,li1,316.0200,378.0800,1.799998
FILLER_134_657,VPWR,li1,310.5000,378.0800,1.799998
FILLER_134_645,VPWR,li1,304.9800,378.0800,1.799997
FILLER_134_643,VPWR,li1,301.5300,378.0800,1.799997
FILLER_134_637,VPWR,li1,299.9200,378.0800,1.799997
FILLER_134_625,VPWR,li1,295.7800,378.0800,1.799997
FILLER_134_613,VPWR,li1,290.2600,378.0800,1.799996
FILLER_134_601,VPWR,li1,284.7400,378.0800,1.799996
FILLER_134_589,VPWR,li1,279.2200,378.0800,1.799995
FILLER_134_587,VPWR,li1,275.7700,378.0800,1.799995
FILLER_134_581,VPWR,li1,274.1600,378.0800,1.799995
FILLER_134_569,VPWR,li1,270.0200,378.0800,1.799995
FILLER_134_557,VPWR,li1,264.5000,378.0800,1.799994
FILLER_134_545,VPWR,li1,258.9800,378.0800,1.799994
FILLER_134_533,VPWR,li1,253.4600,378.0800,1.799993
FILLER_134_531,VPWR,li1,250.0100,378.0800,1.799993
FILLER_134_525,VPWR,li1,248.4000,378.0800,1.799993
FILLER_134_513,VPWR,li1,244.2600,378.0800,1.799993
FILLER_134_501,VPWR,li1,238.7400,378.0800,1.799992
FILLER_134_489,VPWR,li1,233.2200,378.0800,1.799992
FILLER_134_477,VPWR,li1,227.7000,378.0800,1.799991
FILLER_134_475,VPWR,li1,224.2500,378.0800,1.799991
FILLER_134_469,VPWR,li1,222.6400,378.0800,1.799991
FILLER_134_457,VPWR,li1,218.5000,378.0800,1.799990
FILLER_134_445,VPWR,li1,212.9800,378.0800,1.799990
FILLER_134_433,VPWR,li1,207.4600,378.0800,1.799990
FILLER_134_421,VPWR,li1,201.9400,378.0800,1.799989
FILLER_134_418,VPWR,li1,198.2600,378.0800,1.799989
FILLER_134_410,VPWR,li1,195.9600,378.0800,1.799989
FILLER_134_398,VPWR,li1,191.3600,378.0800,1.799988
FILLER_134_377,VPWR,li1,179.1700,378.0800,1.799991
FILLER_134_365,VPWR,li1,176.1800,378.0800,1.799993
FILLER_134_363,VPWR,li1,172.7300,378.0800,1.799992
FILLER_134_357,VPWR,li1,171.1200,378.0800,1.799992
FILLER_134_345,VPWR,li1,166.9800,378.0800,1.799992
FILLER_134_333,VPWR,li1,161.4600,378.0800,1.799991
FILLER_134_321,VPWR,li1,155.9400,378.0800,1.799990
FILLER_134_309,VPWR,li1,150.4200,378.0800,1.799990
FILLER_134_307,VPWR,li1,146.9700,378.0800,1.799989
FILLER_134_301,VPWR,li1,145.3600,378.0800,1.799989
FILLER_134_289,VPWR,li1,141.2200,378.0800,1.799988
FILLER_134_277,VPWR,li1,133.8600,378.0800,1.799988
FILLER_134_265,VPWR,li1,130.1800,378.0800,1.799988
FILLER_134_253,VPWR,li1,124.6600,378.0800,1.799989
FILLER_134_251,VPWR,li1,121.2100,378.0800,1.799989
FILLER_134_245,VPWR,li1,119.6000,378.0800,1.799989
FILLER_134_233,VPWR,li1,115.4600,378.0800,1.799990
FILLER_134_221,VPWR,li1,109.9400,378.0800,1.799990
FILLER_134_209,VPWR,li1,104.4200,378.0800,1.799991
FILLER_134_197,VPWR,li1,98.9000,378.0800,1.799991
FILLER_134_195,VPWR,li1,95.4500,378.0800,1.799992
FILLER_134_189,VPWR,li1,93.8400,378.0800,1.799992
FILLER_134_177,VPWR,li1,89.7000,378.0800,1.799992
FILLER_134_165,VPWR,li1,84.1800,378.0800,1.799993
FILLER_134_153,VPWR,li1,78.6600,378.0800,1.799993
FILLER_134_141,VPWR,li1,73.1400,378.0800,1.799994
FILLER_134_139,VPWR,li1,69.6900,378.0800,1.799994
FILLER_134_133,VPWR,li1,68.0800,378.0800,1.799994
FILLER_134_121,VPWR,li1,63.9400,378.0800,1.799995
FILLER_134_109,VPWR,li1,58.4200,378.0800,1.799995
FILLER_134_97,VPWR,li1,52.9000,378.0800,1.799996
FILLER_134_85,VPWR,li1,47.3800,378.0800,1.799996
FILLER_134_83,VPWR,li1,43.9300,378.0800,1.799997
FILLER_134_77,VPWR,li1,42.3200,378.0800,1.799997
FILLER_134_65,VPWR,li1,38.1800,378.0800,1.799997
FILLER_134_53,VPWR,li1,32.6600,378.0800,1.799998
FILLER_134_41,VPWR,li1,27.1400,378.0800,1.799998
FILLER_134_29,VPWR,li1,21.6200,378.0800,1.799999
FILLER_134_27,VPWR,li1,18.1700,378.0800,1.799999
FILLER_134_15,VPWR,li1,15.1800,378.0800,1.799999
FILLER_134_3,VPWR,li1,9.6600,378.0800,1.799999
FILLER_133_809,VPWR,li1,378.1200,372.6400,1.799979
FILLER_133_797,VPWR,li1,374.9000,372.6400,1.799979
FILLER_133_785,VPWR,li1,369.3800,372.6400,1.799979
FILLER_133_783,VPWR,li1,365.9300,372.6400,1.799979
FILLER_133_777,VPWR,li1,364.3200,372.6400,1.799979
FILLER_133_765,VPWR,li1,360.1800,372.6400,1.799979
FILLER_133_753,VPWR,li1,354.6600,372.6400,1.799979
FILLER_133_741,VPWR,li1,349.1400,372.6400,1.799979
FILLER_133_729,VPWR,li1,343.6200,372.6400,1.799979
FILLER_133_727,VPWR,li1,340.1700,372.6400,1.799979
FILLER_133_721,VPWR,li1,338.5600,372.6400,1.799979
FILLER_133_709,VPWR,li1,334.4200,372.6400,1.799979
FILLER_133_697,VPWR,li1,328.9000,372.6400,1.799979
FILLER_133_685,VPWR,li1,323.3800,372.6400,1.799970
FILLER_133_673,VPWR,li1,317.8600,372.6400,1.799959
FILLER_133_671,VPWR,li1,314.4100,372.6400,1.799948
FILLER_133_665,VPWR,li1,312.8000,372.6400,1.799948
FILLER_133_653,VPWR,li1,308.6600,372.6400,1.799940
FILLER_133_641,VPWR,li1,303.1400,372.6400,1.799926
FILLER_133_629,VPWR,li1,297.6200,372.6400,1.799917
FILLER_133_617,VPWR,li1,292.1000,372.6400,1.799906
FILLER_133_615,VPWR,li1,288.6500,372.6400,1.799895
FILLER_133_609,VPWR,li1,287.0400,372.6400,1.799895
FILLER_133_597,VPWR,li1,282.9000,372.6400,1.799886
FILLER_133_585,VPWR,li1,277.3800,372.6400,1.799873
FILLER_133_573,VPWR,li1,271.8600,372.6400,1.799864
FILLER_133_561,VPWR,li1,266.3400,372.6400,1.799852
FILLER_133_559,VPWR,li1,262.8900,372.6400,1.799842
FILLER_133_553,VPWR,li1,261.2800,372.6400,1.799842
FILLER_133_541,VPWR,li1,257.1400,372.6400,1.799833
FILLER_133_529,VPWR,li1,251.6200,372.6400,1.799819
FILLER_133_517,VPWR,li1,246.1000,372.6400,1.799810
FILLER_133_505,VPWR,li1,240.5800,372.6400,1.799799
FILLER_133_503,VPWR,li1,237.1300,372.6400,1.799788
FILLER_133_497,VPWR,li1,235.5200,372.6400,1.799788
FILLER_133_485,VPWR,li1,231.3800,372.6400,1.799780
FILLER_133_473,VPWR,li1,225.8600,372.6400,1.799768
FILLER_133_461,VPWR,li1,220.3400,372.6400,1.799757
FILLER_133_449,VPWR,li1,214.8200,372.6400,1.799746
FILLER_133_440,VPWR,li1,209.7600,372.6400,1.799735
FILLER_133_428,VPWR,li1,205.1600,372.6400,1.799723
FILLER_133_393,VPWR,li1,189.0600,372.6400,1.799716
FILLER_133_385,VPWR,li1,183.5400,372.6400,1.799722
FILLER_133_373,VPWR,li1,179.8600,372.6400,1.799727
FILLER_133_361,VPWR,li1,174.3400,372.6400,1.799675
FILLER_133_349,VPWR,li1,168.8200,372.6400,1.799563
FILLER_133_337,VPWR,li1,163.3000,372.6400,1.799422
FILLER_133_335,VPWR,li1,159.8500,372.6400,1.799333
FILLER_133_327,VPWR,li1,157.7800,372.6400,1.799280
FILLER_133_303,VPWR,li1,145.1300,372.6400,1.798941
FILLER_133_297,VPWR,li1,143.5200,372.6400,1.798941
FILLER_133_278,VPWR,li1,133.8600,372.6400,1.798733
FILLER_133_267,VPWR,li1,129.2600,372.6400,1.798601
FILLER_133_240,VPWR,li1,116.8400,372.6400,1.798394
FILLER_133_225,VPWR,li1,111.7800,372.6400,1.798318
FILLER_133_222,VPWR,li1,108.1000,372.6400,1.798272
FILLER_133_214,VPWR,li1,105.8000,372.6400,1.798250
FILLER_133_202,VPWR,li1,101.2000,372.6400,1.798331
FILLER_133_190,VPWR,li1,95.6800,372.6400,1.798399
FILLER_133_181,VPWR,li1,90.1600,372.6400,1.798481
FILLER_133_169,VPWR,li1,86.0200,372.6400,1.798564
FILLER_133_167,VPWR,li1,82.5700,372.6400,1.798656
FILLER_133_161,VPWR,li1,80.9600,372.6400,1.798656
FILLER_133_149,VPWR,li1,76.8200,372.6400,1.798736
FILLER_133_137,VPWR,li1,71.3000,372.6400,1.798863
FILLER_133_125,VPWR,li1,65.7800,372.6400,1.798947
FILLER_133_113,VPWR,li1,60.2600,372.6400,1.799052
FILLER_133_111,VPWR,li1,56.8100,372.6400,1.799149
FILLER_133_105,VPWR,li1,55.2000,372.6400,1.799149
FILLER_133_93,VPWR,li1,51.0600,372.6400,1.799228
FILLER_133_81,VPWR,li1,45.5400,372.6400,1.799356
FILLER_133_69,VPWR,li1,40.0200,372.6400,1.799439
FILLER_133_57,VPWR,li1,34.5000,372.6400,1.799545
FILLER_133_55,VPWR,li1,31.0500,372.6400,1.799633
FILLER_133_51,VPWR,li1,29.9000,372.6400,1.799633
FILLER_133_39,VPWR,li1,26.2200,372.6400,1.799703
FILLER_133_27,VPWR,li1,20.7000,372.6400,1.799809
FILLER_133_15,VPWR,li1,15.1800,372.6400,1.799809
FILLER_133_3,VPWR,li1,9.6600,372.6400,1.799809
FILLER_132_805,VPWR,li1,377.2000,372.6400,1.799979
FILLER_132_793,VPWR,li1,373.0600,372.6400,1.799979
FILLER_132_781,VPWR,li1,367.5400,372.6400,1.799979
FILLER_132_769,VPWR,li1,362.0200,372.6400,1.799979
FILLER_132_757,VPWR,li1,356.5000,372.6400,1.799979
FILLER_132_755,VPWR,li1,353.0500,372.6400,1.799979
FILLER_132_749,VPWR,li1,351.4400,372.6400,1.799979
FILLER_132_737,VPWR,li1,347.3000,372.6400,1.799979
FILLER_132_725,VPWR,li1,341.7800,372.6400,1.799979
FILLER_132_713,VPWR,li1,336.2600,372.6400,1.799979
FILLER_132_701,VPWR,li1,330.7400,372.6400,1.799979
FILLER_132_699,VPWR,li1,327.2900,372.6400,1.799975
FILLER_132_693,VPWR,li1,325.6800,372.6400,1.799975
FILLER_132_681,VPWR,li1,321.5400,372.6400,1.799966
FILLER_132_669,VPWR,li1,316.0200,372.6400,1.799953
FILLER_132_657,VPWR,li1,310.5000,372.6400,1.799944
FILLER_132_645,VPWR,li1,304.9800,372.6400,1.799932
FILLER_132_643,VPWR,li1,301.5300,372.6400,1.799922
FILLER_132_637,VPWR,li1,299.9200,372.6400,1.799922
FILLER_132_625,VPWR,li1,295.7800,372.6400,1.799913
FILLER_132_613,VPWR,li1,290.2600,372.6400,1.799899
FILLER_132_601,VPWR,li1,284.7400,372.6400,1.799890
FILLER_132_589,VPWR,li1,279.2200,372.6400,1.799879
FILLER_132_587,VPWR,li1,275.7700,372.6400,1.799868
FILLER_132_581,VPWR,li1,274.1600,372.6400,1.799868
FILLER_132_569,VPWR,li1,270.0200,372.6400,1.799860
FILLER_132_557,VPWR,li1,264.5000,372.6400,1.799846
FILLER_132_545,VPWR,li1,258.9800,372.6400,1.799837
FILLER_132_533,VPWR,li1,253.4600,372.6400,1.799826
FILLER_132_531,VPWR,li1,250.0100,372.6400,1.799815
FILLER_132_525,VPWR,li1,248.4000,372.6400,1.799815
FILLER_132_513,VPWR,li1,244.2600,372.6400,1.799806
FILLER_132_501,VPWR,li1,238.7400,372.6400,1.799793
FILLER_132_489,VPWR,li1,233.2200,372.6400,1.799784
FILLER_132_477,VPWR,li1,227.7000,372.6400,1.799772
FILLER_132_473,VPWR,li1,223.7900,372.6400,1.799764
FILLER_132_465,VPWR,li1,221.2600,372.6400,1.799757
FILLER_132_453,VPWR,li1,216.6600,372.6400,1.799749
FILLER_132_441,VPWR,li1,211.1400,372.6400,1.799735
FILLER_132_412,VPWR,li1,196.8800,372.6400,1.799716
FILLER_132_377,VPWR,li1,181.7000,372.6400,1.799725
FILLER_132_365,VPWR,li1,176.1800,372.6400,1.799732
FILLER_132_363,VPWR,li1,172.7300,372.6400,1.799622
FILLER_132_357,VPWR,li1,171.1200,372.6400,1.799622
FILLER_132_345,VPWR,li1,166.9800,372.6400,1.799516
FILLER_132_333,VPWR,li1,161.4600,372.6400,1.799333
FILLER_132_321,VPWR,li1,155.9400,372.6400,1.799216
FILLER_132_309,VPWR,li1,150.4200,372.6400,1.799080
FILLER_132_302,VPWR,li1,145.8200,372.6400,1.798991
FILLER_132_290,VPWR,li1,141.6800,372.6400,1.798896
FILLER_132_273,VPWR,li1,131.5600,372.6400,1.798684
FILLER_132_265,VPWR,li1,129.2600,372.6400,1.798601
FILLER_132_253,VPWR,li1,124.6600,372.6400,1.798537
FILLER_132_246,VPWR,li1,120.0600,372.6400,1.798449
FILLER_132_212,VPWR,li1,103.9600,372.6400,1.798277
FILLER_132_200,VPWR,li1,100.2800,372.6400,1.798331
FILLER_132_173,VPWR,li1,85.7900,372.6400,1.798564
FILLER_132_165,VPWR,li1,83.2600,372.6400,1.798617
FILLER_132_153,VPWR,li1,78.6600,372.6400,1.798700
FILLER_132_141,VPWR,li1,73.1400,372.6400,1.798806
FILLER_132_139,VPWR,li1,69.6900,372.6400,1.798903
FILLER_132_133,VPWR,li1,68.0800,372.6400,1.798903
FILLER_132_121,VPWR,li1,63.9400,372.6400,1.798982
FILLER_132_109,VPWR,li1,58.4200,372.6400,1.799109
FILLER_132_97,VPWR,li1,52.9000,372.6400,1.799193
FILLER_132_85,VPWR,li1,47.3800,372.6400,1.799299
FILLER_132_83,VPWR,li1,43.9300,372.6400,1.799395
FILLER_132_77,VPWR,li1,42.3200,372.6400,1.799395
FILLER_132_65,VPWR,li1,38.1800,372.6400,1.799474
FILLER_132_53,VPWR,li1,32.6600,372.6400,1.799580
FILLER_132_41,VPWR,li1,27.1400,372.6400,1.799703
FILLER_132_29,VPWR,li1,21.6200,372.6400,1.799809
FILLER_132_27,VPWR,li1,18.1700,372.6400,1.799809
FILLER_132_15,VPWR,li1,15.1800,372.6400,1.799809
FILLER_132_3,VPWR,li1,9.6600,372.6400,1.799809
FILLER_131_809,VPWR,li1,378.1200,367.2000,1.799897
FILLER_131_797,VPWR,li1,374.9000,367.2000,1.799897
FILLER_131_785,VPWR,li1,369.3800,367.2000,1.799897
FILLER_131_783,VPWR,li1,365.9300,367.2000,1.799897
FILLER_131_777,VPWR,li1,364.3200,367.2000,1.799897
FILLER_131_765,VPWR,li1,360.1800,367.2000,1.799897
FILLER_131_753,VPWR,li1,354.6600,367.2000,1.799897
FILLER_131_741,VPWR,li1,349.1400,367.2000,1.799897
FILLER_131_729,VPWR,li1,343.6200,367.2000,1.799897
FILLER_131_727,VPWR,li1,340.1700,367.2000,1.799897
FILLER_131_721,VPWR,li1,338.5600,367.2000,1.799897
FILLER_131_709,VPWR,li1,334.4200,367.2000,1.799897
FILLER_131_697,VPWR,li1,328.9000,367.2000,1.799897
FILLER_131_685,VPWR,li1,323.3800,367.2000,1.799852
FILLER_131_673,VPWR,li1,317.8600,367.2000,1.799795
FILLER_131_671,VPWR,li1,314.4100,367.2000,1.799743
FILLER_131_665,VPWR,li1,312.8000,367.2000,1.799743
FILLER_131_653,VPWR,li1,308.6600,367.2000,1.799701
FILLER_131_641,VPWR,li1,303.1400,367.2000,1.799632
FILLER_131_629,VPWR,li1,297.6200,367.2000,1.799587
FILLER_131_617,VPWR,li1,292.1000,367.2000,1.799530
FILLER_131_615,VPWR,li1,288.6500,367.2000,1.799478
FILLER_131_609,VPWR,li1,287.0400,367.2000,1.799478
FILLER_131_597,VPWR,li1,282.9000,367.2000,1.799435
FILLER_131_585,VPWR,li1,277.3800,367.2000,1.799367
FILLER_131_573,VPWR,li1,271.8600,367.2000,1.799322
FILLER_131_561,VPWR,li1,266.3400,367.2000,1.799265
FILLER_131_559,VPWR,li1,262.8900,367.2000,1.799213
FILLER_131_553,VPWR,li1,261.2800,367.2000,1.799213
FILLER_131_541,VPWR,li1,257.1400,367.2000,1.799170
FILLER_131_529,VPWR,li1,251.6200,367.2000,1.799102
FILLER_131_517,VPWR,li1,246.1000,367.2000,1.799057
FILLER_131_505,VPWR,li1,240.5800,367.2000,1.799000
FILLER_131_503,VPWR,li1,237.1300,367.2000,1.798948
FILLER_131_497,VPWR,li1,235.5200,367.2000,1.798948
FILLER_131_485,VPWR,li1,231.3800,367.2000,1.798905
FILLER_131_473,VPWR,li1,225.8600,367.2000,1.798836
FILLER_131_461,VPWR,li1,220.3400,367.2000,1.798791
FILLER_131_449,VPWR,li1,214.8200,367.2000,1.798735
FILLER_131_446,VPWR,li1,211.1400,367.2000,1.798697
FILLER_131_438,VPWR,li1,208.8400,367.2000,1.798659
FILLER_131_426,VPWR,li1,204.2400,367.2000,1.798626
FILLER_131_417,VPWR,li1,198.7200,367.2000,1.798552
FILLER_131_405,VPWR,li1,194.5800,367.2000,1.798526
FILLER_131_393,VPWR,li1,189.0600,367.2000,1.798472
FILLER_131_390,VPWR,li1,185.3800,367.2000,1.798437
FILLER_131_382,VPWR,li1,183.0800,367.2000,1.798407
FILLER_131_360,VPWR,li1,171.5800,367.2000,1.797915
FILLER_131_352,VPWR,li1,169.2800,367.2000,1.797285
FILLER_131_340,VPWR,li1,164.6800,367.2000,1.796734
FILLER_131_315,VPWR,li1,150.6500,367.2000,1.794134
FILLER_131_311,VPWR,li1,149.5000,367.2000,1.794134
FILLER_131_293,VPWR,li1,141.6800,367.2000,1.793134
FILLER_131_281,VPWR,li1,137.5400,367.2000,1.792823
FILLER_131_277,VPWR,li1,133.6300,367.2000,1.792530
FILLER_131_264,VPWR,li1,127.1900,367.2000,1.791926
FILLER_131_258,VPWR,li1,125.5800,367.2000,1.791926
FILLER_131_247,VPWR,li1,119.6000,367.2000,1.791445
FILLER_131_239,VPWR,li1,117.3000,367.2000,1.791256
FILLER_131_231,VPWR,li1,112.0100,367.2000,1.790840
FILLER_131_223,VPWR,li1,108.3300,367.2000,1.790794
FILLER_131_184,VPWR,li1,90.6200,367.2000,1.791223
FILLER_131_176,VPWR,li1,86.7100,367.2000,1.791424
FILLER_131_167,VPWR,li1,82.5700,367.2000,1.791955
FILLER_131_161,VPWR,li1,80.9600,367.2000,1.791955
FILLER_131_149,VPWR,li1,76.8200,367.2000,1.792429
FILLER_131_137,VPWR,li1,71.3000,367.2000,1.793193
FILLER_131_125,VPWR,li1,65.7800,367.2000,1.793693
FILLER_131_113,VPWR,li1,60.2600,367.2000,1.794325
FILLER_131_111,VPWR,li1,56.8100,367.2000,1.794904
FILLER_131_105,VPWR,li1,55.2000,367.2000,1.794904
FILLER_131_93,VPWR,li1,51.0600,367.2000,1.795378
FILLER_131_81,VPWR,li1,45.5400,367.2000,1.796142
FILLER_131_69,VPWR,li1,40.0200,367.2000,1.796642
FILLER_131_57,VPWR,li1,34.5000,367.2000,1.797275
FILLER_131_55,VPWR,li1,31.0500,367.2000,1.797801
FILLER_131_51,VPWR,li1,29.9000,367.2000,1.797801
FILLER_131_39,VPWR,li1,26.2200,367.2000,1.798223
FILLER_131_27,VPWR,li1,20.7000,367.2000,1.798855
FILLER_131_15,VPWR,li1,15.1800,367.2000,1.798855
FILLER_131_3,VPWR,li1,9.6600,367.2000,1.798855
FILLER_130_805,VPWR,li1,377.2000,367.2000,1.799897
FILLER_130_793,VPWR,li1,373.0600,367.2000,1.799897
FILLER_130_781,VPWR,li1,367.5400,367.2000,1.799897
FILLER_130_769,VPWR,li1,362.0200,367.2000,1.799897
FILLER_130_757,VPWR,li1,356.5000,367.2000,1.799897
FILLER_130_755,VPWR,li1,353.0500,367.2000,1.799897
FILLER_130_749,VPWR,li1,351.4400,367.2000,1.799897
FILLER_130_737,VPWR,li1,347.3000,367.2000,1.799897
FILLER_130_725,VPWR,li1,341.7800,367.2000,1.799897
FILLER_130_713,VPWR,li1,336.2600,367.2000,1.799897
FILLER_130_701,VPWR,li1,330.7400,367.2000,1.799897
FILLER_130_699,VPWR,li1,327.2900,367.2000,1.799876
FILLER_130_693,VPWR,li1,325.6800,367.2000,1.799876
FILLER_130_681,VPWR,li1,321.5400,367.2000,1.799833
FILLER_130_669,VPWR,li1,316.0200,367.2000,1.799764
FILLER_130_657,VPWR,li1,310.5000,367.2000,1.799719
FILLER_130_645,VPWR,li1,304.9800,367.2000,1.799663
FILLER_130_643,VPWR,li1,301.5300,367.2000,1.799611
FILLER_130_637,VPWR,li1,299.9200,367.2000,1.799611
FILLER_130_625,VPWR,li1,295.7800,367.2000,1.799568
FILLER_130_613,VPWR,li1,290.2600,367.2000,1.799499
FILLER_130_601,VPWR,li1,284.7400,367.2000,1.799454
FILLER_130_589,VPWR,li1,279.2200,367.2000,1.799398
FILLER_130_587,VPWR,li1,275.7700,367.2000,1.799345
FILLER_130_581,VPWR,li1,274.1600,367.2000,1.799345
FILLER_130_569,VPWR,li1,270.0200,367.2000,1.799303
FILLER_130_557,VPWR,li1,264.5000,367.2000,1.799234
FILLER_130_545,VPWR,li1,258.9800,367.2000,1.799189
FILLER_130_533,VPWR,li1,253.4600,367.2000,1.799132
FILLER_130_531,VPWR,li1,250.0100,367.2000,1.799080
FILLER_130_525,VPWR,li1,248.4000,367.2000,1.799080
FILLER_130_513,VPWR,li1,244.2600,367.2000,1.799038
FILLER_130_501,VPWR,li1,238.7400,367.2000,1.798969
FILLER_130_489,VPWR,li1,233.2200,367.2000,1.798924
FILLER_130_477,VPWR,li1,227.7000,367.2000,1.798867
FILLER_130_475,VPWR,li1,224.2500,367.2000,1.798815
FILLER_130_469,VPWR,li1,222.6400,367.2000,1.798815
FILLER_130_457,VPWR,li1,218.5000,367.2000,1.798773
FILLER_130_445,VPWR,li1,212.9800,367.2000,1.798716
FILLER_130_433,VPWR,li1,207.4600,367.2000,1.798659
FILLER_130_421,VPWR,li1,201.9400,367.2000,1.798590
FILLER_130_418,VPWR,li1,198.2600,367.2000,1.798552
FILLER_130_394,VPWR,li1,186.9900,367.2000,1.798437
FILLER_130_368,VPWR,li1,175.4900,367.2000,1.798348
FILLER_130_363,VPWR,li1,172.7300,367.2000,1.797915
FILLER_130_359,VPWR,li1,171.5800,367.2000,1.797915
FILLER_130_347,VPWR,li1,167.9000,367.2000,1.797285
FILLER_130_335,VPWR,li1,162.3800,367.2000,1.796340
FILLER_130_323,VPWR,li1,156.8600,367.2000,1.795159
FILLER_130_312,VPWR,li1,149.2700,367.2000,1.794134
FILLER_130_286,VPWR,li1,137.3100,367.2000,1.792685
FILLER_130_280,VPWR,li1,135.7000,367.2000,1.792685
FILLER_130_268,VPWR,li1,131.5600,367.2000,1.792374
FILLER_130_264,VPWR,li1,127.1900,367.2000,1.791926
FILLER_130_260,VPWR,li1,126.0400,367.2000,1.791926
FILLER_130_237,VPWR,li1,114.7700,367.2000,1.791000
FILLER_130_231,VPWR,li1,113.1600,367.2000,1.791000
FILLER_130_212,VPWR,li1,104.4200,367.2000,1.790714
FILLER_130_197,VPWR,li1,98.9000,367.2000,1.790887
FILLER_130_195,VPWR,li1,95.4500,367.2000,1.791064
FILLER_130_191,VPWR,li1,94.3000,367.2000,1.791064
FILLER_130_179,VPWR,li1,90.6200,367.2000,1.791223
FILLER_130_165,VPWR,li1,81.6500,367.2000,1.791955
FILLER_130_153,VPWR,li1,78.6600,367.2000,1.792218
FILLER_130_141,VPWR,li1,73.1400,367.2000,1.792850
FILLER_130_139,VPWR,li1,69.6900,367.2000,1.793430
FILLER_130_133,VPWR,li1,68.0800,367.2000,1.793430
FILLER_130_121,VPWR,li1,63.9400,367.2000,1.793904
FILLER_130_109,VPWR,li1,58.4200,367.2000,1.794667
FILLER_130_97,VPWR,li1,52.9000,367.2000,1.795168
FILLER_130_85,VPWR,li1,47.3800,367.2000,1.795800
FILLER_130_83,VPWR,li1,43.9300,367.2000,1.796379
FILLER_130_77,VPWR,li1,42.3200,367.2000,1.796379
FILLER_130_65,VPWR,li1,38.1800,367.2000,1.796853
FILLER_130_53,VPWR,li1,32.6600,367.2000,1.797485
FILLER_130_41,VPWR,li1,27.1400,367.2000,1.798223
FILLER_130_29,VPWR,li1,21.6200,367.2000,1.798855
FILLER_130_27,VPWR,li1,18.1700,367.2000,1.798855
FILLER_130_15,VPWR,li1,15.1800,367.2000,1.798855
FILLER_130_3,VPWR,li1,9.6600,367.2000,1.798855
FILLER_129_809,VPWR,li1,378.1200,361.7600,1.799922
FILLER_129_797,VPWR,li1,374.9000,361.7600,1.799922
FILLER_129_785,VPWR,li1,369.3800,361.7600,1.799922
FILLER_129_783,VPWR,li1,365.9300,361.7600,1.799922
FILLER_129_777,VPWR,li1,364.3200,361.7600,1.799922
FILLER_129_765,VPWR,li1,360.1800,361.7600,1.799922
FILLER_129_753,VPWR,li1,354.6600,361.7600,1.799922
FILLER_129_741,VPWR,li1,349.1400,361.7600,1.799922
FILLER_129_729,VPWR,li1,343.6200,361.7600,1.799922
FILLER_129_727,VPWR,li1,340.1700,361.7600,1.799922
FILLER_129_721,VPWR,li1,338.5600,361.7600,1.799922
FILLER_129_709,VPWR,li1,334.4200,361.7600,1.799922
FILLER_129_697,VPWR,li1,328.9000,361.7600,1.799922
FILLER_129_685,VPWR,li1,323.3800,361.7600,1.799888
FILLER_129_673,VPWR,li1,317.8600,361.7600,1.799845
FILLER_129_671,VPWR,li1,314.4100,361.7600,1.799805
FILLER_129_665,VPWR,li1,312.8000,361.7600,1.799805
FILLER_129_653,VPWR,li1,308.6600,361.7600,1.799773
FILLER_129_641,VPWR,li1,303.1400,361.7600,1.799721
FILLER_129_629,VPWR,li1,297.6200,361.7600,1.799687
FILLER_129_617,VPWR,li1,292.1000,361.7600,1.799644
FILLER_129_610,VPWR,li1,287.5000,361.7600,1.799608
FILLER_129_585,VPWR,li1,275.0800,361.7600,1.799529
FILLER_129_573,VPWR,li1,271.8600,361.7600,1.799517
FILLER_129_561,VPWR,li1,266.3400,361.7600,1.799498
FILLER_129_554,VPWR,li1,261.7400,361.7600,1.799482
FILLER_129_542,VPWR,li1,257.6000,361.7600,1.799475
FILLER_129_530,VPWR,li1,252.0800,361.7600,1.799458
FILLER_129_523,VPWR,li1,246.3300,361.7600,1.799442
FILLER_129_517,VPWR,li1,244.7200,361.7600,1.799435
FILLER_129_505,VPWR,li1,240.5800,361.7600,1.799428
FILLER_129_503,VPWR,li1,237.1300,361.7600,1.799416
FILLER_129_497,VPWR,li1,235.5200,361.7600,1.799416
FILLER_129_485,VPWR,li1,231.3800,361.7600,1.799405
FILLER_129_473,VPWR,li1,225.8600,361.7600,1.799389
FILLER_129_461,VPWR,li1,220.3400,361.7600,1.799378
FILLER_129_449,VPWR,li1,214.8200,361.7600,1.799364
FILLER_129_440,VPWR,li1,209.7600,361.7600,1.799352
FILLER_129_416,VPWR,li1,197.1100,361.7600,1.799324
FILLER_129_412,VPWR,li1,195.9600,361.7600,1.799324
FILLER_129_405,VPWR,li1,192.0500,361.7600,1.799318
FILLER_129_393,VPWR,li1,189.0600,361.7600,1.799316
FILLER_129_388,VPWR,li1,184.9200,361.7600,1.799312
FILLER_129_384,VPWR,li1,182.3900,361.7600,1.799310
FILLER_129_372,VPWR,li1,179.4000,361.7600,1.799309
FILLER_129_351,VPWR,li1,167.2100,361.7600,1.798821
FILLER_129_343,VPWR,li1,165.1400,361.7600,1.798681
FILLER_129_337,VPWR,li1,161.0000,361.7600,1.798355
FILLER_129_324,VPWR,li1,157.3200,361.7600,1.798154
FILLER_129_295,VPWR,li1,141.6800,361.7600,1.797397
FILLER_129_276,VPWR,li1,133.4000,361.7600,1.797443
FILLER_129_260,VPWR,li1,125.3500,361.7600,1.797582
FILLER_129_254,VPWR,li1,123.7400,361.7600,1.797619
FILLER_129_241,VPWR,li1,116.6100,361.7600,1.797757
FILLER_129_237,VPWR,li1,115.4600,361.7600,1.797757
FILLER_129_225,VPWR,li1,111.7800,361.7600,1.797822
FILLER_129_221,VPWR,li1,107.8700,361.7600,1.797891
FILLER_129_213,VPWR,li1,105.3400,361.7600,1.797936
FILLER_129_201,VPWR,li1,100.7400,361.7600,1.798025
FILLER_129_190,VPWR,li1,93.1500,361.7600,1.798153
FILLER_129_186,VPWR,li1,92.0000,361.7600,1.798194
FILLER_129_174,VPWR,li1,88.3200,361.7600,1.798240
FILLER_129_167,VPWR,li1,82.5700,361.7600,1.798384
FILLER_129_161,VPWR,li1,80.9600,361.7600,1.798384
FILLER_129_149,VPWR,li1,76.8200,361.7600,1.798479
FILLER_129_137,VPWR,li1,71.3000,361.7600,1.798632
FILLER_129_125,VPWR,li1,65.7800,361.7600,1.798733
FILLER_129_113,VPWR,li1,60.2600,361.7600,1.798860
FILLER_129_111,VPWR,li1,56.8100,361.7600,1.798976
FILLER_129_105,VPWR,li1,55.2000,361.7600,1.798976
FILLER_129_93,VPWR,li1,51.0600,361.7600,1.799071
FILLER_129_81,VPWR,li1,45.5400,361.7600,1.799225
FILLER_129_69,VPWR,li1,40.0200,361.7600,1.799325
FILLER_129_57,VPWR,li1,34.5000,361.7600,1.799452
FILLER_129_55,VPWR,li1,31.0500,361.7600,1.799558
FILLER_129_51,VPWR,li1,29.9000,361.7600,1.799558
FILLER_129_39,VPWR,li1,26.2200,361.7600,1.799643
FILLER_129_27,VPWR,li1,20.7000,361.7600,1.799770
FILLER_129_15,VPWR,li1,15.1800,361.7600,1.799770
FILLER_129_3,VPWR,li1,9.6600,361.7600,1.799770
FILLER_128_805,VPWR,li1,377.2000,361.7600,1.799922
FILLER_128_793,VPWR,li1,373.0600,361.7600,1.799922
FILLER_128_781,VPWR,li1,367.5400,361.7600,1.799922
FILLER_128_769,VPWR,li1,362.0200,361.7600,1.799922
FILLER_128_757,VPWR,li1,356.5000,361.7600,1.799922
FILLER_128_755,VPWR,li1,353.0500,361.7600,1.799922
FILLER_128_749,VPWR,li1,351.4400,361.7600,1.799922
FILLER_128_737,VPWR,li1,347.3000,361.7600,1.799922
FILLER_128_725,VPWR,li1,341.7800,361.7600,1.799922
FILLER_128_713,VPWR,li1,336.2600,361.7600,1.799922
FILLER_128_701,VPWR,li1,330.7400,361.7600,1.799922
FILLER_128_699,VPWR,li1,327.2900,361.7600,1.799906
FILLER_128_693,VPWR,li1,325.6800,361.7600,1.799906
FILLER_128_681,VPWR,li1,321.5400,361.7600,1.799873
FILLER_128_669,VPWR,li1,316.0200,361.7600,1.799821
FILLER_128_657,VPWR,li1,310.5000,361.7600,1.799787
FILLER_128_645,VPWR,li1,304.9800,361.7600,1.799744
FILLER_128_632,VPWR,li1,299.0000,361.7600,1.799687
FILLER_128_620,VPWR,li1,293.4800,361.7600,1.799644
FILLER_128_608,VPWR,li1,287.9600,361.7600,1.799608
FILLER_128_601,VPWR,li1,282.6700,361.7600,1.799570
FILLER_128_589,VPWR,li1,279.2200,361.7600,1.799544
FILLER_128_587,VPWR,li1,275.7700,361.7600,1.799529
FILLER_128_583,VPWR,li1,274.6200,361.7600,1.799529
FILLER_128_571,VPWR,li1,270.9400,361.7600,1.799517
FILLER_128_567,VPWR,li1,266.5700,361.7600,1.799498
FILLER_128_561,VPWR,li1,264.9600,361.7600,1.799498
FILLER_128_547,VPWR,li1,257.8300,361.7600,1.799475
FILLER_128_539,VPWR,li1,255.3000,361.7600,1.799468
FILLER_128_531,VPWR,li1,250.0100,361.7600,1.799449
FILLER_128_513,VPWR,li1,243.3400,361.7600,1.799435
FILLER_128_501,VPWR,li1,238.7400,361.7600,1.799421
FILLER_128_489,VPWR,li1,233.2200,361.7600,1.799410
FILLER_128_477,VPWR,li1,227.7000,361.7600,1.799396
FILLER_128_475,VPWR,li1,224.2500,361.7600,1.799384
FILLER_128_469,VPWR,li1,222.6400,361.7600,1.799384
FILLER_128_457,VPWR,li1,218.5000,361.7600,1.799373
FILLER_128_445,VPWR,li1,212.9800,361.7600,1.799357
FILLER_128_433,VPWR,li1,207.4600,361.7600,1.799346
FILLER_128_421,VPWR,li1,201.9400,361.7600,1.799332
FILLER_128_418,VPWR,li1,198.2600,361.7600,1.799327
FILLER_128_410,VPWR,li1,195.9600,361.7600,1.799324
FILLER_128_400,VPWR,li1,190.2100,361.7600,1.799316
FILLER_128_394,VPWR,li1,186.9900,361.7600,1.799314
FILLER_128_387,VPWR,li1,184.4600,361.7600,1.799312
FILLER_128_371,VPWR,li1,177.1000,361.7600,1.799308
FILLER_128_361,VPWR,li1,172.2700,361.7600,1.799147
FILLER_128_349,VPWR,li1,168.8200,361.7600,1.798821
FILLER_128_321,VPWR,li1,155.0200,361.7600,1.797999
FILLER_128_309,VPWR,li1,150.4200,361.7600,1.797687
FILLER_128_307,VPWR,li1,146.9700,361.7600,1.797537
FILLER_128_295,VPWR,li1,143.9800,361.7600,1.797457
FILLER_128_285,VPWR,li1,137.5400,361.7600,1.797392
FILLER_128_273,VPWR,li1,133.8600,361.7600,1.797443
FILLER_128_253,VPWR,li1,123.2800,361.7600,1.797619
FILLER_128_246,VPWR,li1,120.0600,361.7600,1.797704
FILLER_128_234,VPWR,li1,115.9200,361.7600,1.797757
FILLER_128_205,VPWR,li1,100.2800,361.7600,1.798025
FILLER_128_181,VPWR,li1,89.0100,361.7600,1.798240
FILLER_128_169,VPWR,li1,86.0200,361.7600,1.798282
FILLER_128_153,VPWR,li1,78.6600,361.7600,1.798437
FILLER_128_141,VPWR,li1,73.1400,361.7600,1.798564
FILLER_128_139,VPWR,li1,69.6900,361.7600,1.798680
FILLER_128_133,VPWR,li1,68.0800,361.7600,1.798680
FILLER_128_121,VPWR,li1,63.9400,361.7600,1.798775
FILLER_128_109,VPWR,li1,58.4200,361.7600,1.798929
FILLER_128_97,VPWR,li1,52.9000,361.7600,1.799029
FILLER_128_85,VPWR,li1,47.3800,361.7600,1.799156
FILLER_128_83,VPWR,li1,43.9300,361.7600,1.799273
FILLER_128_77,VPWR,li1,42.3200,361.7600,1.799273
FILLER_128_65,VPWR,li1,38.1800,361.7600,1.799368
FILLER_128_53,VPWR,li1,32.6600,361.7600,1.799495
FILLER_128_41,VPWR,li1,27.1400,361.7600,1.799643
FILLER_128_29,VPWR,li1,21.6200,361.7600,1.799770
FILLER_128_27,VPWR,li1,18.1700,361.7600,1.799770
FILLER_128_15,VPWR,li1,15.1800,361.7600,1.799770
FILLER_128_3,VPWR,li1,9.6600,361.7600,1.799770
FILLER_127_809,VPWR,li1,378.1200,356.3200,1.799949
FILLER_127_797,VPWR,li1,374.9000,356.3200,1.799949
FILLER_127_785,VPWR,li1,369.3800,356.3200,1.799949
FILLER_127_783,VPWR,li1,365.9300,356.3200,1.799949
FILLER_127_777,VPWR,li1,364.3200,356.3200,1.799949
FILLER_127_765,VPWR,li1,360.1800,356.3200,1.799949
FILLER_127_753,VPWR,li1,354.6600,356.3200,1.799949
FILLER_127_741,VPWR,li1,349.1400,356.3200,1.799949
FILLER_127_729,VPWR,li1,343.6200,356.3200,1.799949
FILLER_127_727,VPWR,li1,340.1700,356.3200,1.799949
FILLER_127_721,VPWR,li1,338.5600,356.3200,1.799949
FILLER_127_709,VPWR,li1,334.4200,356.3200,1.799949
FILLER_127_697,VPWR,li1,328.9000,356.3200,1.799949
FILLER_127_685,VPWR,li1,323.3800,356.3200,1.799927
FILLER_127_673,VPWR,li1,317.8600,356.3200,1.799899
FILLER_127_668,VPWR,li1,313.7200,356.3200,1.799878
FILLER_127_656,VPWR,li1,310.0400,356.3200,1.799859
FILLER_127_644,VPWR,li1,304.5200,356.3200,1.799831
FILLER_127_632,VPWR,li1,299.0000,356.3200,1.799803
FILLER_127_620,VPWR,li1,293.4800,356.3200,1.799775
FILLER_127_593,VPWR,li1,279.2200,356.3200,1.799705
FILLER_127_581,VPWR,li1,275.5400,356.3200,1.799688
FILLER_127_558,VPWR,li1,262.6600,356.3200,1.799667
FILLER_127_546,VPWR,li1,256.9100,356.3200,1.799669
FILLER_127_538,VPWR,li1,254.8400,356.3200,1.799670
FILLER_127_513,VPWR,li1,241.9600,356.3200,1.799680
FILLER_127_505,VPWR,li1,239.6600,356.3200,1.799682
FILLER_127_503,VPWR,li1,237.1300,356.3200,1.799686
FILLER_127_497,VPWR,li1,235.5200,356.3200,1.799686
FILLER_127_485,VPWR,li1,231.3800,356.3200,1.799690
FILLER_127_473,VPWR,li1,225.8600,356.3200,1.799696
FILLER_127_461,VPWR,li1,220.3400,356.3200,1.799700
FILLER_127_449,VPWR,li1,214.8200,356.3200,1.799705
FILLER_127_446,VPWR,li1,211.1400,356.3200,1.799709
FILLER_127_438,VPWR,li1,208.8400,356.3200,1.799711
FILLER_127_409,VPWR,li1,195.0400,356.3200,1.799731
FILLER_127_398,VPWR,li1,189.9800,356.3200,1.799742
FILLER_127_390,VPWR,li1,185.3800,356.3200,1.799758
FILLER_127_376,VPWR,li1,179.1700,356.3200,1.799812
FILLER_127_366,VPWR,li1,174.3400,356.3200,1.799839
FILLER_127_351,VPWR,li1,167.2100,356.3200,1.799775
FILLER_127_345,VPWR,li1,165.6000,356.3200,1.799775
FILLER_127_335,VPWR,li1,159.8500,356.3200,1.799734
FILLER_127_316,VPWR,li1,152.2600,356.3200,1.799682
FILLER_127_305,VPWR,li1,146.7400,356.3200,1.799645
FILLER_127_276,VPWR,li1,133.4000,356.3200,1.799610
FILLER_127_247,VPWR,li1,120.5200,356.3200,1.799638
FILLER_127_236,VPWR,li1,114.3100,356.3200,1.799653
FILLER_127_225,VPWR,li1,109.9400,356.3200,1.799667
FILLER_127_223,VPWR,li1,108.3300,356.3200,1.799671
FILLER_127_219,VPWR,li1,107.1800,356.3200,1.799671
FILLER_127_199,VPWR,li1,98.9000,356.3200,1.799694
FILLER_127_190,VPWR,li1,93.6100,356.3200,1.799708
FILLER_127_182,VPWR,li1,91.0800,356.3200,1.799715
FILLER_127_169,VPWR,li1,83.7200,356.3200,1.799739
FILLER_127_160,VPWR,li1,79.8100,356.3200,1.799753
FILLER_127_148,VPWR,li1,76.3600,356.3200,1.799762
FILLER_127_136,VPWR,li1,70.8400,356.3200,1.799783
FILLER_127_125,VPWR,li1,64.8600,356.3200,1.799803
FILLER_127_113,VPWR,li1,60.2600,356.3200,1.799820
FILLER_127_111,VPWR,li1,56.8100,356.3200,1.799836
FILLER_127_105,VPWR,li1,55.2000,356.3200,1.799836
FILLER_127_93,VPWR,li1,51.0600,356.3200,1.799851
FILLER_127_81,VPWR,li1,45.5400,356.3200,1.799876
FILLER_127_69,VPWR,li1,40.0200,356.3200,1.799892
FILLER_127_57,VPWR,li1,34.5000,356.3200,1.799912
FILLER_127_55,VPWR,li1,31.0500,356.3200,1.799929
FILLER_127_51,VPWR,li1,29.9000,356.3200,1.799929
FILLER_127_39,VPWR,li1,26.2200,356.3200,1.799943
FILLER_127_27,VPWR,li1,20.7000,356.3200,1.799963
FILLER_127_15,VPWR,li1,15.1800,356.3200,1.799963
FILLER_127_3,VPWR,li1,9.6600,356.3200,1.799963
FILLER_126_805,VPWR,li1,377.2000,356.3200,1.799949
FILLER_126_793,VPWR,li1,373.0600,356.3200,1.799949
FILLER_126_781,VPWR,li1,367.5400,356.3200,1.799949
FILLER_126_769,VPWR,li1,362.0200,356.3200,1.799949
FILLER_126_757,VPWR,li1,356.5000,356.3200,1.799949
FILLER_126_755,VPWR,li1,353.0500,356.3200,1.799949
FILLER_126_749,VPWR,li1,351.4400,356.3200,1.799949
FILLER_126_737,VPWR,li1,347.3000,356.3200,1.799949
FILLER_126_725,VPWR,li1,341.7800,356.3200,1.799949
FILLER_126_713,VPWR,li1,336.2600,356.3200,1.799949
FILLER_126_701,VPWR,li1,330.7400,356.3200,1.799949
FILLER_126_699,VPWR,li1,327.2900,356.3200,1.799939
FILLER_126_693,VPWR,li1,325.6800,356.3200,1.799939
FILLER_126_681,VPWR,li1,321.5400,356.3200,1.799918
FILLER_126_669,VPWR,li1,316.0200,356.3200,1.799890
FILLER_126_657,VPWR,li1,310.5000,356.3200,1.799859
FILLER_126_645,VPWR,li1,304.9800,356.3200,1.799831
FILLER_126_643,VPWR,li1,301.5300,356.3200,1.799816
FILLER_126_635,VPWR,li1,299.4600,356.3200,1.799803
FILLER_126_623,VPWR,li1,294.8600,356.3200,1.799775
FILLER_126_585,VPWR,li1,275.3100,356.3200,1.799688
FILLER_126_579,VPWR,li1,272.5500,356.3200,1.799677
FILLER_126_568,VPWR,li1,267.0300,356.3200,1.799666
FILLER_126_564,VPWR,li1,265.8800,356.3200,1.799666
FILLER_126_550,VPWR,li1,258.7500,356.3200,1.799668
FILLER_126_537,VPWR,li1,252.7700,356.3200,1.799671
FILLER_126_533,VPWR,li1,251.6200,356.3200,1.799673
FILLER_126_531,VPWR,li1,250.0100,356.3200,1.799674
FILLER_126_510,VPWR,li1,241.9600,356.3200,1.799680
FILLER_126_498,VPWR,li1,237.3600,356.3200,1.799684
FILLER_126_492,VPWR,li1,232.0700,356.3200,1.799690
FILLER_126_477,VPWR,li1,227.7000,356.3200,1.799693
FILLER_126_475,VPWR,li1,224.2500,356.3200,1.799698
FILLER_126_469,VPWR,li1,222.6400,356.3200,1.799698
FILLER_126_457,VPWR,li1,218.5000,356.3200,1.799702
FILLER_126_445,VPWR,li1,212.9800,356.3200,1.799707
FILLER_126_433,VPWR,li1,207.4600,356.3200,1.799714
FILLER_126_421,VPWR,li1,201.9400,356.3200,1.799719
FILLER_126_412,VPWR,li1,196.8800,356.3200,1.799727
FILLER_126_363,VPWR,li1,172.7300,356.3200,1.799825
FILLER_126_354,VPWR,li1,168.8200,356.3200,1.799794
FILLER_126_342,VPWR,li1,165.6000,356.3200,1.799775
FILLER_126_334,VPWR,li1,159.3900,356.3200,1.799721
FILLER_126_301,VPWR,li1,144.2100,356.3200,1.799629
FILLER_126_266,VPWR,li1,129.7200,356.3200,1.799618
FILLER_126_261,VPWR,li1,125.8100,356.3200,1.799626
FILLER_126_253,VPWR,li1,123.7400,356.3200,1.799631
FILLER_126_251,VPWR,li1,121.2100,356.3200,1.799638
FILLER_126_247,VPWR,li1,120.0600,356.3200,1.799643
FILLER_126_235,VPWR,li1,116.3800,356.3200,1.799649
FILLER_126_229,VPWR,li1,111.5500,356.3200,1.799660
FILLER_126_221,VPWR,li1,109.0200,356.3200,1.799667
FILLER_126_209,VPWR,li1,104.4200,356.3200,1.799679
FILLER_126_197,VPWR,li1,98.9000,356.3200,1.799694
FILLER_126_190,VPWR,li1,94.3000,356.3200,1.799708
FILLER_126_180,VPWR,li1,89.0100,356.3200,1.799726
FILLER_126_166,VPWR,li1,82.1100,356.3200,1.799746
FILLER_126_148,VPWR,li1,74.0600,356.3200,1.799769
FILLER_126_139,VPWR,li1,69.6900,356.3200,1.799783
FILLER_126_117,VPWR,li1,59.5700,356.3200,1.799820
FILLER_126_109,VPWR,li1,57.5000,356.3200,1.799828
FILLER_126_97,VPWR,li1,52.9000,356.3200,1.799844
FILLER_126_85,VPWR,li1,47.3800,356.3200,1.799865
FILLER_126_83,VPWR,li1,43.9300,356.3200,1.799883
FILLER_126_77,VPWR,li1,42.3200,356.3200,1.799883
FILLER_126_65,VPWR,li1,38.1800,356.3200,1.799899
FILLER_126_53,VPWR,li1,32.6600,356.3200,1.799919
FILLER_126_41,VPWR,li1,27.1400,356.3200,1.799943
FILLER_126_29,VPWR,li1,21.6200,356.3200,1.799963
FILLER_126_27,VPWR,li1,18.1700,356.3200,1.799963
FILLER_126_15,VPWR,li1,15.1800,356.3200,1.799963
FILLER_126_3,VPWR,li1,9.6600,356.3200,1.799963
FILLER_125_805,VPWR,li1,376.2800,350.8800,1.799916
FILLER_125_797,VPWR,li1,373.9800,350.8800,1.799919
FILLER_125_785,VPWR,li1,369.3800,350.8800,1.799923
FILLER_125_783,VPWR,li1,365.9300,350.8800,1.799928
FILLER_125_777,VPWR,li1,364.3200,350.8800,1.799928
FILLER_125_765,VPWR,li1,360.1800,350.8800,1.799932
FILLER_125_753,VPWR,li1,354.6600,350.8800,1.799939
FILLER_125_741,VPWR,li1,349.1400,350.8800,1.799943
FILLER_125_729,VPWR,li1,343.6200,350.8800,1.799949
FILLER_125_727,VPWR,li1,340.1700,350.8800,1.799954
FILLER_125_721,VPWR,li1,338.5600,350.8800,1.799954
FILLER_125_709,VPWR,li1,334.4200,350.8800,1.799958
FILLER_125_697,VPWR,li1,328.9000,350.8800,1.799965
FILLER_125_685,VPWR,li1,323.3800,350.8800,1.799954
FILLER_125_673,VPWR,li1,317.8600,350.8800,1.799940
FILLER_125_660,VPWR,li1,311.8800,350.8800,1.799925
FILLER_125_648,VPWR,li1,306.3600,350.8800,1.799916
FILLER_125_636,VPWR,li1,300.8400,350.8800,1.799904
FILLER_125_624,VPWR,li1,295.3200,350.8800,1.799894
FILLER_125_614,VPWR,li1,288.4200,350.8800,1.799881
FILLER_125_597,VPWR,li1,280.8300,350.8800,1.799865
FILLER_125_585,VPWR,li1,277.3800,350.8800,1.799861
FILLER_125_573,VPWR,li1,271.8600,350.8800,1.799853
FILLER_125_561,VPWR,li1,266.3400,350.8800,1.799846
FILLER_125_559,VPWR,li1,262.8900,350.8800,1.799841
FILLER_125_555,VPWR,li1,261.7400,350.8800,1.799841
FILLER_125_546,VPWR,li1,257.1400,350.8800,1.799836
FILLER_125_534,VPWR,li1,253.0000,350.8800,1.799832
FILLER_125_522,VPWR,li1,248.4000,350.8800,1.799827
FILLER_125_510,VPWR,li1,240.8100,350.8800,1.799822
FILLER_125_502,VPWR,li1,236.9000,350.8800,1.799819
FILLER_125_481,VPWR,li1,227.0100,350.8800,1.799813
FILLER_125_473,VPWR,li1,224.9400,350.8800,1.799812
FILLER_125_461,VPWR,li1,220.3400,350.8800,1.799810
FILLER_125_449,VPWR,li1,214.8200,350.8800,1.799807
FILLER_125_447,VPWR,li1,211.3700,350.8800,1.799806
FILLER_125_435,VPWR,li1,208.3800,350.8800,1.799804
FILLER_125_423,VPWR,li1,202.8600,350.8800,1.799801
FILLER_125_401,VPWR,li1,190.6700,350.8800,1.799801
FILLER_125_393,VPWR,li1,188.1400,350.8800,1.799804
FILLER_125_391,VPWR,li1,185.6100,350.8800,1.799807
FILLER_125_387,VPWR,li1,184.4600,350.8800,1.799810
FILLER_125_376,VPWR,li1,180.3200,350.8800,1.799813
FILLER_125_370,VPWR,li1,175.9500,350.8800,1.799819
FILLER_125_363,VPWR,li1,172.9600,350.8800,1.799777
FILLER_125_353,VPWR,li1,168.8200,350.8800,1.799708
FILLER_125_337,VPWR,li1,161.0000,350.8800,1.799627
FILLER_125_332,VPWR,li1,159.1600,350.8800,1.799627
FILLER_125_320,VPWR,li1,155.4800,350.8800,1.799627
FILLER_125_316,VPWR,li1,151.1100,350.8800,1.799628
FILLER_125_311,VPWR,li1,148.8100,350.8800,1.799628
FILLER_125_281,VPWR,li1,135.0100,350.8800,1.799643
FILLER_125_275,VPWR,li1,132.2500,350.8800,1.799647
FILLER_125_265,VPWR,li1,127.8800,350.8800,1.799653
FILLER_125_261,VPWR,li1,125.8100,350.8800,1.799656
FILLER_125_253,VPWR,li1,123.7400,350.8800,1.799659
FILLER_125_240,VPWR,li1,116.1500,350.8800,1.799671
FILLER_125_232,VPWR,li1,114.0800,350.8800,1.799676
FILLER_125_223,VPWR,li1,108.3300,350.8800,1.799692
FILLER_125_217,VPWR,li1,106.7200,350.8800,1.799692
FILLER_125_212,VPWR,li1,103.2700,350.8800,1.799700
FILLER_125_206,VPWR,li1,101.6600,350.8800,1.799704
FILLER_125_196,VPWR,li1,96.1400,350.8800,1.799719
FILLER_125_192,VPWR,li1,94.0700,350.8800,1.799724
FILLER_125_181,VPWR,li1,89.4700,350.8800,1.799738
FILLER_125_169,VPWR,li1,86.0200,350.8800,1.799748
FILLER_125_165,VPWR,li1,82.1100,350.8800,1.799760
FILLER_125_157,VPWR,li1,79.5800,350.8800,1.799768
FILLER_125_145,VPWR,li1,74.9800,350.8800,1.799782
FILLER_125_138,VPWR,li1,69.9200,350.8800,1.799800
FILLER_125_133,VPWR,li1,67.1600,350.8800,1.799806
FILLER_125_129,VPWR,li1,65.0900,350.8800,1.799813
FILLER_125_125,VPWR,li1,63.9400,350.8800,1.799819
FILLER_125_113,VPWR,li1,60.2600,350.8800,1.799829
FILLER_125_111,VPWR,li1,56.8100,350.8800,1.799842
FILLER_125_105,VPWR,li1,55.2000,350.8800,1.799849
FILLER_125_93,VPWR,li1,51.0600,350.8800,1.799859
FILLER_125_81,VPWR,li1,45.5400,350.8800,1.799883
FILLER_125_69,VPWR,li1,40.0200,350.8800,1.799898
FILLER_125_57,VPWR,li1,34.5000,350.8800,1.799917
FILLER_125_55,VPWR,li1,31.0500,350.8800,1.799933
FILLER_125_51,VPWR,li1,29.9000,350.8800,1.799933
FILLER_125_39,VPWR,li1,26.2200,350.8800,1.799946
FILLER_125_27,VPWR,li1,20.7000,350.8800,1.799965
FILLER_125_15,VPWR,li1,15.1800,350.8800,1.799965
FILLER_125_3,VPWR,li1,9.6600,350.8800,1.799965
FILLER_124_805,VPWR,li1,376.2800,350.8800,1.799916
FILLER_124_793,VPWR,li1,373.0600,350.8800,1.799919
FILLER_124_781,VPWR,li1,367.5400,350.8800,1.799926
FILLER_124_769,VPWR,li1,362.0200,350.8800,1.799930
FILLER_124_757,VPWR,li1,356.5000,350.8800,1.799936
FILLER_124_755,VPWR,li1,353.0500,350.8800,1.799941
FILLER_124_749,VPWR,li1,351.4400,350.8800,1.799941
FILLER_124_737,VPWR,li1,347.3000,350.8800,1.799945
FILLER_124_725,VPWR,li1,341.7800,350.8800,1.799952
FILLER_124_713,VPWR,li1,336.2600,350.8800,1.799956
FILLER_124_701,VPWR,li1,330.7400,350.8800,1.799962
FILLER_124_699,VPWR,li1,327.2900,350.8800,1.799960
FILLER_124_693,VPWR,li1,325.6800,350.8800,1.799960
FILLER_124_681,VPWR,li1,321.5400,350.8800,1.799950
FILLER_124_670,VPWR,li1,313.9500,350.8800,1.799930
FILLER_124_661,VPWR,li1,310.9600,350.8800,1.799925
FILLER_124_649,VPWR,li1,306.8200,350.8800,1.799916
FILLER_124_638,VPWR,li1,300.3800,350.8800,1.799904
FILLER_124_626,VPWR,li1,296.2400,350.8800,1.799894
FILLER_124_614,VPWR,li1,290.7200,350.8800,1.799885
FILLER_124_608,VPWR,li1,285.8900,350.8800,1.799876
FILLER_124_600,VPWR,li1,283.3600,350.8800,1.799871
FILLER_124_592,VPWR,li1,278.0700,350.8800,1.799861
FILLER_124_575,VPWR,li1,270.2500,350.8800,1.799850
FILLER_124_571,VPWR,li1,269.1000,350.8800,1.799850
FILLER_124_559,VPWR,li1,265.4200,350.8800,1.799846
FILLER_124_547,VPWR,li1,259.9000,350.8800,1.799838
FILLER_124_541,VPWR,li1,255.0700,350.8800,1.799834
FILLER_124_533,VPWR,li1,252.5400,350.8800,1.799832
FILLER_124_529,VPWR,li1,249.5500,350.8800,1.799829
FILLER_124_521,VPWR,li1,247.0200,350.8800,1.799827
FILLER_124_509,VPWR,li1,242.4200,350.8800,1.799822
FILLER_124_500,VPWR,li1,235.9800,350.8800,1.799817
FILLER_124_477,VPWR,li1,225.8600,350.8800,1.799812
FILLER_124_475,VPWR,li1,224.2500,350.8800,1.799811
FILLER_124_469,VPWR,li1,222.6400,350.8800,1.799811
FILLER_124_457,VPWR,li1,218.5000,350.8800,1.799809
FILLER_124_445,VPWR,li1,212.9800,350.8800,1.799806
FILLER_124_433,VPWR,li1,207.4600,350.8800,1.799804
FILLER_124_421,VPWR,li1,201.9400,350.8800,1.799801
FILLER_124_419,VPWR,li1,198.4900,350.8800,1.799800
FILLER_124_411,VPWR,li1,196.4200,350.8800,1.799799
FILLER_124_404,VPWR,li1,191.8200,350.8800,1.799801
FILLER_124_392,VPWR,li1,188.6000,350.8800,1.799804
FILLER_124_380,VPWR,li1,183.0800,350.8800,1.799810
FILLER_124_368,VPWR,li1,177.5600,350.8800,1.799817
FILLER_124_363,VPWR,li1,172.7300,350.8800,1.799746
FILLER_124_351,VPWR,li1,169.7400,350.8800,1.799708
FILLER_124_333,VPWR,li1,158.9300,350.8800,1.799627
FILLER_124_321,VPWR,li1,155.9400,350.8800,1.799627
FILLER_124_309,VPWR,li1,150.4200,350.8800,1.799628
FILLER_124_294,VPWR,li1,140.9900,350.8800,1.799635
FILLER_124_288,VPWR,li1,139.3800,350.8800,1.799635
FILLER_124_276,VPWR,li1,135.2400,350.8800,1.799641
FILLER_124_270,VPWR,li1,129.9500,350.8800,1.799650
FILLER_124_266,VPWR,li1,128.8000,350.8800,1.799650
FILLER_124_257,VPWR,li1,124.6600,350.8800,1.799656
FILLER_124_236,VPWR,li1,114.7700,350.8800,1.799676
FILLER_124_225,VPWR,li1,109.7100,350.8800,1.799687
FILLER_124_218,VPWR,li1,106.7200,350.8800,1.799692
FILLER_124_204,VPWR,li1,99.5900,350.8800,1.799709
FILLER_124_193,VPWR,li1,94.9900,350.8800,1.799724
FILLER_124_181,VPWR,li1,91.5400,350.8800,1.799732
FILLER_124_169,VPWR,li1,86.0200,350.8800,1.799748
FILLER_124_153,VPWR,li1,77.7400,350.8800,1.799773
FILLER_124_141,VPWR,li1,73.1400,350.8800,1.799793
FILLER_124_137,VPWR,li1,69.2300,350.8800,1.799800
FILLER_124_125,VPWR,li1,63.2500,350.8800,1.799819
FILLER_124_113,VPWR,li1,60.2600,350.8800,1.799829
FILLER_124_107,VPWR,li1,54.9700,350.8800,1.799849
FILLER_124_97,VPWR,li1,50.6000,350.8800,1.799866
FILLER_124_85,VPWR,li1,46.4600,350.8800,1.799875
FILLER_124_83,VPWR,li1,43.9300,350.8800,1.799890
FILLER_124_77,VPWR,li1,42.3200,350.8800,1.799890
FILLER_124_65,VPWR,li1,38.1800,350.8800,1.799904
FILLER_124_53,VPWR,li1,32.6600,350.8800,1.799923
FILLER_124_41,VPWR,li1,27.1400,350.8800,1.799946
FILLER_124_29,VPWR,li1,21.6200,350.8800,1.799965
FILLER_124_27,VPWR,li1,18.1700,350.8800,1.799965
FILLER_124_15,VPWR,li1,15.1800,350.8800,1.799965
FILLER_124_3,VPWR,li1,9.6600,350.8800,1.799965
FILLER_123_805,VPWR,li1,376.2800,345.4400,1.799538
FILLER_123_797,VPWR,li1,373.9800,345.4400,1.799541
FILLER_123_785,VPWR,li1,369.3800,345.4400,1.799566
FILLER_123_781,VPWR,li1,365.4700,345.4400,1.799582
FILLER_123_773,VPWR,li1,362.9400,345.4400,1.799599
FILLER_123_761,VPWR,li1,358.3400,345.4400,1.799617
FILLER_123_749,VPWR,li1,352.8200,345.4400,1.799647
FILLER_123_727,VPWR,li1,340.1700,345.4400,1.799737
FILLER_123_721,VPWR,li1,338.5600,345.4400,1.799737
FILLER_123_702,VPWR,li1,329.1300,345.4400,1.799837
FILLER_123_690,VPWR,li1,325.6800,345.4400,1.799823
FILLER_123_658,VPWR,li1,308.4300,345.4400,1.799712
FILLER_123_654,VPWR,li1,307.2800,345.4400,1.799700
FILLER_123_629,VPWR,li1,296.7000,345.4400,1.799641
FILLER_123_617,VPWR,li1,292.1000,345.4400,1.799613
FILLER_123_615,VPWR,li1,288.6500,345.4400,1.799594
FILLER_123_603,VPWR,li1,285.6600,345.4400,1.799572
FILLER_123_591,VPWR,li1,277.6100,345.4400,1.799528
FILLER_123_582,VPWR,li1,274.6200,345.4400,1.799517
FILLER_123_569,VPWR,li1,267.7200,345.4400,1.799480
FILLER_123_561,VPWR,li1,265.4200,345.4400,1.799470
FILLER_123_557,VPWR,li1,262.4300,345.4400,1.799455
FILLER_123_546,VPWR,li1,257.3700,345.4400,1.799426
FILLER_123_528,VPWR,li1,248.6300,345.4400,1.799388
FILLER_123_520,VPWR,li1,246.5600,345.4400,1.799378
FILLER_123_505,VPWR,li1,239.6600,345.4400,1.799355
FILLER_123_500,VPWR,li1,236.4400,345.4400,1.799343
FILLER_123_488,VPWR,li1,232.7600,345.4400,1.799328
FILLER_123_484,VPWR,li1,228.3900,345.4400,1.799307
FILLER_123_476,VPWR,li1,224.9400,345.4400,1.799301
FILLER_123_464,VPWR,li1,221.7200,345.4400,1.799285
FILLER_123_452,VPWR,li1,216.2000,345.4400,1.799270
FILLER_123_447,VPWR,li1,211.3700,345.4400,1.799251
FILLER_123_435,VPWR,li1,208.3800,345.4400,1.799245
FILLER_123_423,VPWR,li1,202.8600,345.4400,1.799227
FILLER_123_393,VPWR,li1,189.0600,345.4400,1.799215
FILLER_123_391,VPWR,li1,185.6100,345.4400,1.799221
FILLER_123_380,VPWR,li1,181.2400,345.4400,1.799239
FILLER_123_365,VPWR,li1,173.8800,345.4400,1.799322
FILLER_123_353,VPWR,li1,169.7400,345.4400,1.799083
FILLER_123_337,VPWR,li1,160.7700,345.4400,1.798775
FILLER_123_325,VPWR,li1,155.2500,345.4400,1.798653
FILLER_123_317,VPWR,li1,153.1800,345.4400,1.798618
FILLER_123_305,VPWR,li1,148.5800,345.4400,1.798581
FILLER_123_293,VPWR,li1,143.0600,345.4400,1.798554
FILLER_123_281,VPWR,li1,137.5400,345.4400,1.798557
FILLER_123_272,VPWR,li1,132.4800,345.4400,1.798595
FILLER_123_256,VPWR,li1,123.9700,345.4400,1.798674
FILLER_123_248,VPWR,li1,121.4400,345.4400,1.798698
FILLER_123_237,VPWR,li1,115.9200,345.4400,1.798753
FILLER_123_225,VPWR,li1,111.7800,345.4400,1.798812
FILLER_123_223,VPWR,li1,108.3300,345.4400,1.798834
FILLER_123_217,VPWR,li1,106.7200,345.4400,1.798858
FILLER_123_210,VPWR,li1,102.8100,345.4400,1.798889
FILLER_123_202,VPWR,li1,100.2800,345.4400,1.798920
FILLER_123_190,VPWR,li1,95.6800,345.4400,1.798978
FILLER_123_145,VPWR,li1,73.6000,345.4400,1.799227
FILLER_123_120,VPWR,li1,60.9500,345.4400,1.799363
FILLER_123_104,VPWR,li1,53.8200,345.4400,1.799464
FILLER_123_89,VPWR,li1,46.6900,345.4400,1.799539
FILLER_123_81,VPWR,li1,44.6200,345.4400,1.799565
FILLER_123_69,VPWR,li1,40.0200,345.4400,1.799624
FILLER_123_57,VPWR,li1,34.5000,345.4400,1.799695
FILLER_123_55,VPWR,li1,31.0500,345.4400,1.799754
FILLER_123_51,VPWR,li1,29.9000,345.4400,1.799754
FILLER_123_39,VPWR,li1,26.2200,345.4400,1.799801
FILLER_123_27,VPWR,li1,20.7000,345.4400,1.799872
FILLER_123_15,VPWR,li1,15.1800,345.4400,1.799872
FILLER_123_3,VPWR,li1,9.6600,345.4400,1.799872
FILLER_122_789,VPWR,li1,368.9200,345.4400,1.799566
FILLER_122_781,VPWR,li1,366.6200,345.4400,1.799582
FILLER_122_769,VPWR,li1,362.0200,345.4400,1.799599
FILLER_122_757,VPWR,li1,356.5000,345.4400,1.799626
FILLER_122_752,VPWR,li1,352.3600,345.4400,1.799647
FILLER_122_740,VPWR,li1,348.6800,345.4400,1.799665
FILLER_122_735,VPWR,li1,344.0800,345.4400,1.799687
FILLER_122_723,VPWR,li1,340.8600,345.4400,1.799718
FILLER_122_682,VPWR,li1,321.0800,345.4400,1.799789
FILLER_122_657,VPWR,li1,309.1200,345.4400,1.799712
FILLER_122_639,VPWR,li1,299.6900,345.4400,1.799653
FILLER_122_632,VPWR,li1,297.1600,345.4400,1.799641
FILLER_122_601,VPWR,li1,282.9000,345.4400,1.799558
FILLER_122_589,VPWR,li1,279.2200,345.4400,1.799542
FILLER_122_587,VPWR,li1,275.7700,345.4400,1.799517
FILLER_122_579,VPWR,li1,273.7000,345.4400,1.799505
FILLER_122_569,VPWR,li1,267.4900,345.4400,1.799480
FILLER_122_561,VPWR,li1,265.4200,345.4400,1.799470
FILLER_122_549,VPWR,li1,260.8200,345.4400,1.799443
FILLER_122_531,VPWR,li1,250.0100,345.4400,1.799397
FILLER_122_523,VPWR,li1,247.9400,345.4400,1.799388
FILLER_122_509,VPWR,li1,240.3500,345.4400,1.799355
FILLER_122_492,VPWR,li1,232.5300,345.4400,1.799328
FILLER_122_475,VPWR,li1,224.2500,345.4400,1.799294
FILLER_122_471,VPWR,li1,223.1000,345.4400,1.799294
FILLER_122_462,VPWR,li1,218.2700,345.4400,1.799278
FILLER_122_428,VPWR,li1,205.1600,345.4400,1.799234
FILLER_122_417,VPWR,li1,198.0300,345.4400,1.799211
FILLER_122_381,VPWR,li1,181.2400,345.4400,1.799239
FILLER_122_372,VPWR,li1,177.1000,345.4400,1.799273
FILLER_122_343,VPWR,li1,165.1400,345.4400,1.798928
FILLER_122_335,VPWR,li1,160.3100,345.4400,1.798775
FILLER_122_315,VPWR,li1,150.6500,345.4400,1.798595
FILLER_122_309,VPWR,li1,149.0400,345.4400,1.798595
FILLER_122_307,VPWR,li1,146.9700,345.4400,1.798581
FILLER_122_295,VPWR,li1,143.9800,345.4400,1.798554
FILLER_122_282,VPWR,li1,136.6200,345.4400,1.798557
FILLER_122_270,VPWR,li1,132.4800,345.4400,1.798595
FILLER_122_262,VPWR,li1,126.2700,345.4400,1.798652
FILLER_122_256,VPWR,li1,124.6600,345.4400,1.798674
FILLER_122_235,VPWR,li1,114.0800,345.4400,1.798772
FILLER_122_231,VPWR,li1,112.0100,345.4400,1.798793
FILLER_122_221,VPWR,li1,107.4100,345.4400,1.798858
FILLER_122_215,VPWR,li1,105.8000,345.4400,1.798858
FILLER_122_206,VPWR,li1,100.7400,345.4400,1.798920
FILLER_122_195,VPWR,li1,95.4500,345.4400,1.798978
FILLER_122_191,VPWR,li1,94.3000,345.4400,1.798978
FILLER_122_179,VPWR,li1,88.0900,345.4400,1.799044
FILLER_122_173,VPWR,li1,86.4800,345.4400,1.799078
FILLER_122_163,VPWR,li1,80.9600,345.4400,1.799125
FILLER_122_156,VPWR,li1,78.2000,345.4400,1.799156
FILLER_122_149,VPWR,li1,74.9800,345.4400,1.799194
FILLER_122_137,VPWR,li1,69.2300,345.4400,1.799262
FILLER_122_125,VPWR,li1,63.2500,345.4400,1.799335
FILLER_122_119,VPWR,li1,61.6400,345.4400,1.799363
FILLER_122_105,VPWR,li1,55.2000,345.4400,1.799433
FILLER_122_97,VPWR,li1,50.8300,345.4400,1.799487
FILLER_122_77,VPWR,li1,41.1700,345.4400,1.799624
FILLER_122_65,VPWR,li1,38.1800,345.4400,1.799647
FILLER_122_53,VPWR,li1,32.6600,345.4400,1.799718
FILLER_122_41,VPWR,li1,27.1400,345.4400,1.799801
FILLER_122_29,VPWR,li1,21.6200,345.4400,1.799872
FILLER_122_27,VPWR,li1,18.1700,345.4400,1.799872
FILLER_122_15,VPWR,li1,15.1800,345.4400,1.799872
FILLER_122_3,VPWR,li1,9.6600,345.4400,1.799872
FILLER_121_803,VPWR,li1,375.1300,340.0000,1.798264
FILLER_121_797,VPWR,li1,373.5200,340.0000,1.798264
FILLER_121_785,VPWR,li1,369.3800,340.0000,1.798282
FILLER_121_783,VPWR,li1,365.9300,340.0000,1.798300
FILLER_121_777,VPWR,li1,364.3200,340.0000,1.798300
FILLER_121_765,VPWR,li1,360.1800,340.0000,1.798316
FILLER_121_753,VPWR,li1,354.6600,340.0000,1.798337
FILLER_121_741,VPWR,li1,349.1400,340.0000,1.798359
FILLER_121_729,VPWR,li1,343.6200,340.0000,1.798427
FILLER_121_726,VPWR,li1,339.9400,340.0000,1.798518
FILLER_121_714,VPWR,li1,336.7200,340.0000,1.798621
FILLER_121_703,VPWR,li1,329.1300,340.0000,1.798868
FILLER_121_697,VPWR,li1,327.5200,340.0000,1.798868
FILLER_121_673,VPWR,li1,316.9400,340.0000,1.797973
FILLER_121_670,VPWR,li1,314.1800,340.0000,1.797740
FILLER_121_658,VPWR,li1,310.9600,340.0000,1.797468
FILLER_121_646,VPWR,li1,305.4400,340.0000,1.796963
FILLER_121_634,VPWR,li1,299.9200,340.0000,1.796536
FILLER_121_610,VPWR,li1,286.5800,340.0000,1.795413
FILLER_121_593,VPWR,li1,278.7600,340.0000,1.794721
FILLER_121_581,VPWR,li1,275.5400,340.0000,1.794604
FILLER_121_545,VPWR,li1,256.4500,340.0000,1.794456
FILLER_121_541,VPWR,li1,255.3000,340.0000,1.794456
FILLER_121_529,VPWR,li1,251.6200,340.0000,1.794647
FILLER_121_517,VPWR,li1,246.1000,340.0000,1.794932
FILLER_121_497,VPWR,li1,235.0600,340.0000,1.795504
FILLER_121_485,VPWR,li1,231.3800,340.0000,1.795721
FILLER_121_464,VPWR,li1,219.8800,340.0000,1.796384
FILLER_121_431,VPWR,li1,204.0100,340.0000,1.797188
FILLER_121_423,VPWR,li1,201.9400,340.0000,1.797299
FILLER_121_407,VPWR,li1,192.9700,340.0000,1.797776
FILLER_121_403,VPWR,li1,191.8200,340.0000,1.797894
FILLER_121_375,VPWR,li1,178.2500,340.0000,1.798667
FILLER_121_371,VPWR,li1,176.4100,340.0000,1.798828
FILLER_121_365,VPWR,li1,174.8000,340.0000,1.798828
FILLER_121_359,VPWR,li1,170.8900,340.0000,1.798559
FILLER_121_354,VPWR,li1,168.5900,340.0000,1.798449
FILLER_121_350,VPWR,li1,167.4400,340.0000,1.798449
FILLER_121_330,VPWR,li1,158.7000,340.0000,1.798050
FILLER_121_319,VPWR,li1,152.4900,340.0000,1.797705
FILLER_121_296,VPWR,li1,143.5200,340.0000,1.797393
FILLER_121_281,VPWR,li1,135.0100,340.0000,1.797191
FILLER_121_259,VPWR,li1,127.4200,340.0000,1.797101
FILLER_121_247,VPWR,li1,121.9000,340.0000,1.797027
FILLER_121_237,VPWR,li1,115.9200,340.0000,1.796948
FILLER_121_225,VPWR,li1,111.7800,340.0000,1.796881
FILLER_121_223,VPWR,li1,108.3300,340.0000,1.796847
FILLER_121_217,VPWR,li1,106.7200,340.0000,1.796814
FILLER_121_205,VPWR,li1,102.5800,340.0000,1.796863
FILLER_121_193,VPWR,li1,97.0600,340.0000,1.796989
FILLER_121_181,VPWR,li1,91.5400,340.0000,1.797096
FILLER_121_169,VPWR,li1,86.0200,340.0000,1.797268
FILLER_121_167,VPWR,li1,82.5700,340.0000,1.797433
FILLER_121_163,VPWR,li1,81.4200,340.0000,1.797433
FILLER_121_147,VPWR,li1,73.8300,340.0000,1.797730
FILLER_121_139,VPWR,li1,71.3000,340.0000,1.797838
FILLER_121_128,VPWR,li1,64.8600,340.0000,1.798079
FILLER_121_116,VPWR,li1,61.6400,340.0000,1.798145
FILLER_121_110,VPWR,li1,56.5800,340.0000,1.798378
FILLER_121_102,VPWR,li1,53.3600,340.0000,1.798444
FILLER_121_90,VPWR,li1,49.6800,340.0000,1.798578
FILLER_121_81,VPWR,li1,44.1600,340.0000,1.798779
FILLER_121_69,VPWR,li1,40.0200,340.0000,1.798930
FILLER_121_57,VPWR,li1,34.5000,340.0000,1.799131
FILLER_121_55,VPWR,li1,31.0500,340.0000,1.799299
FILLER_121_51,VPWR,li1,29.9000,340.0000,1.799299
FILLER_121_39,VPWR,li1,26.2200,340.0000,1.799433
FILLER_121_27,VPWR,li1,20.7000,340.0000,1.799634
FILLER_121_15,VPWR,li1,15.1800,340.0000,1.799633
FILLER_121_3,VPWR,li1,9.6600,340.0000,1.799632
FILLER_120_789,VPWR,li1,368.9200,340.0000,1.798282
FILLER_120_781,VPWR,li1,366.6200,340.0000,1.798292
FILLER_120_769,VPWR,li1,362.0200,340.0000,1.798309
FILLER_120_757,VPWR,li1,356.5000,340.0000,1.798330
FILLER_120_753,VPWR,li1,352.5900,340.0000,1.798345
FILLER_120_741,VPWR,li1,349.1400,340.0000,1.798359
FILLER_120_733,VPWR,li1,343.1600,340.0000,1.798427
FILLER_120_725,VPWR,li1,340.8600,340.0000,1.798518
FILLER_120_713,VPWR,li1,336.2600,340.0000,1.798621
FILLER_120_701,VPWR,li1,330.7400,340.0000,1.798777
FILLER_120_697,VPWR,li1,326.8300,340.0000,1.798673
FILLER_120_686,VPWR,li1,321.3100,340.0000,1.798342
FILLER_120_678,VPWR,li1,319.2400,340.0000,1.798167
FILLER_120_666,VPWR,li1,314.6400,340.0000,1.797740
FILLER_120_657,VPWR,li1,309.1200,340.0000,1.797312
FILLER_120_645,VPWR,li1,304.9800,340.0000,1.796963
FILLER_120_641,VPWR,li1,301.0700,340.0000,1.796536
FILLER_120_629,VPWR,li1,297.6200,340.0000,1.796342
FILLER_120_617,VPWR,li1,292.1000,340.0000,1.795741
FILLER_120_611,VPWR,li1,287.2700,340.0000,1.795413
FILLER_120_599,VPWR,li1,283.8200,340.0000,1.795182
FILLER_120_586,VPWR,li1,275.5400,340.0000,1.794604
FILLER_120_576,VPWR,li1,271.1700,340.0000,1.794455
FILLER_120_568,VPWR,li1,268.6400,340.0000,1.794385
FILLER_120_562,VPWR,li1,264.7300,340.0000,1.794292
FILLER_120_549,VPWR,li1,258.2900,340.0000,1.794361
FILLER_120_545,VPWR,li1,257.1400,340.0000,1.794361
FILLER_120_533,VPWR,li1,253.4600,340.0000,1.794551
FILLER_120_529,VPWR,li1,249.5500,340.0000,1.794754
FILLER_120_521,VPWR,li1,247.0200,340.0000,1.794932
FILLER_120_509,VPWR,li1,242.4200,340.0000,1.795206
FILLER_120_494,VPWR,li1,233.2200,340.0000,1.795600
FILLER_120_486,VPWR,li1,230.9200,340.0000,1.795721
FILLER_120_474,VPWR,li1,224.0200,340.0000,1.796082
FILLER_120_469,VPWR,li1,221.7200,340.0000,1.796203
FILLER_120_461,VPWR,li1,219.4200,340.0000,1.796384
FILLER_120_449,VPWR,li1,212.9800,340.0000,1.796725
FILLER_120_437,VPWR,li1,209.3000,340.0000,1.796859
FILLER_120_424,VPWR,li1,201.0200,340.0000,1.797299
FILLER_120_419,VPWR,li1,198.4900,340.0000,1.797508
FILLER_120_397,VPWR,li1,188.6000,340.0000,1.798080
FILLER_120_388,VPWR,li1,184.9200,340.0000,1.798203
FILLER_120_376,VPWR,li1,181.2400,340.0000,1.798421
FILLER_120_365,VPWR,li1,175.2600,340.0000,1.798828
FILLER_120_362,VPWR,li1,172.5000,340.0000,1.798693
FILLER_120_345,VPWR,li1,164.6800,340.0000,1.798318
FILLER_120_337,VPWR,li1,162.3800,340.0000,1.798215
FILLER_120_325,VPWR,li1,157.7800,340.0000,1.797947
FILLER_120_313,VPWR,li1,152.2600,340.0000,1.797705
FILLER_120_307,VPWR,li1,146.9700,340.0000,1.797513
FILLER_120_303,VPWR,li1,145.8200,340.0000,1.797513
FILLER_120_291,VPWR,li1,142.1400,340.0000,1.797393
FILLER_120_279,VPWR,li1,136.6200,340.0000,1.797236
FILLER_120_253,VPWR,li1,124.6600,340.0000,1.797064
FILLER_120_251,VPWR,li1,121.2100,340.0000,1.797003
FILLER_120_247,VPWR,li1,120.0600,340.0000,1.797003
FILLER_120_235,VPWR,li1,116.3800,340.0000,1.796948
FILLER_120_223,VPWR,li1,110.8600,340.0000,1.796881
FILLER_120_209,VPWR,li1,101.8900,340.0000,1.796863
FILLER_120_197,VPWR,li1,98.9000,340.0000,1.796926
FILLER_120_195,VPWR,li1,95.4500,340.0000,1.797033
FILLER_120_189,VPWR,li1,93.8400,340.0000,1.797033
FILLER_120_181,VPWR,li1,89.0100,340.0000,1.797203
FILLER_120_177,VPWR,li1,87.8600,340.0000,1.797203
FILLER_120_165,VPWR,li1,84.1800,340.0000,1.797334
FILLER_120_153,VPWR,li1,78.6600,340.0000,1.797531
FILLER_120_141,VPWR,li1,73.1400,340.0000,1.797730
FILLER_120_132,VPWR,li1,68.0800,340.0000,1.797921
FILLER_120_120,VPWR,li1,63.4800,340.0000,1.798079
FILLER_120_108,VPWR,li1,57.9600,340.0000,1.798303
FILLER_120_97,VPWR,li1,51.0600,340.0000,1.798578
FILLER_120_85,VPWR,li1,47.3800,340.0000,1.798704
FILLER_120_83,VPWR,li1,43.9300,340.0000,1.798846
FILLER_120_77,VPWR,li1,42.3200,340.0000,1.798846
FILLER_120_65,VPWR,li1,38.1800,340.0000,1.798997
FILLER_120_53,VPWR,li1,32.6600,340.0000,1.799198
FILLER_120_41,VPWR,li1,27.1400,340.0000,1.799433
FILLER_120_29,VPWR,li1,21.6200,340.0000,1.799634
FILLER_120_27,VPWR,li1,18.1700,340.0000,1.799634
FILLER_120_21,VPWR,li1,16.5600,340.0000,1.799633
FILLER_120_9,VPWR,li1,12.4200,340.0000,1.799633
FILLER_119_806,VPWR,li1,376.5100,334.5600,1.795179
FILLER_119_797,VPWR,li1,373.5200,334.5600,1.795181
FILLER_119_785,VPWR,li1,369.3800,334.5600,1.795185
FILLER_119_781,VPWR,li1,365.4700,334.5600,1.795191
FILLER_119_757,VPWR,li1,353.9700,334.5600,1.795214
FILLER_119_751,VPWR,li1,352.3600,334.5600,1.795214
FILLER_119_727,VPWR,li1,340.1700,334.5600,1.795736
FILLER_119_718,VPWR,li1,336.7200,334.5600,1.795971
FILLER_119_708,VPWR,li1,331.8900,334.5600,1.796559
FILLER_119_700,VPWR,li1,327.7500,334.5600,1.797240
FILLER_119_692,VPWR,li1,325.6800,334.5600,1.797006
FILLER_119_688,VPWR,li1,322.2300,334.5600,1.796596
FILLER_119_673,VPWR,li1,315.5600,334.5600,1.796017
FILLER_119_668,VPWR,li1,313.7200,334.5600,1.795825
FILLER_119_629,VPWR,li1,295.3200,334.5600,1.794218
FILLER_119_617,VPWR,li1,292.1000,334.5600,1.793924
FILLER_119_615,VPWR,li1,288.6500,334.5600,1.793545
FILLER_119_603,VPWR,li1,285.6600,334.5600,1.793335
FILLER_119_591,VPWR,li1,280.1400,334.5600,1.792948
FILLER_119_573,VPWR,li1,270.0200,334.5600,1.792649
FILLER_119_561,VPWR,li1,266.3400,334.5600,1.792612
FILLER_119_559,VPWR,li1,262.8900,334.5600,1.792571
FILLER_119_553,VPWR,li1,261.2800,334.5600,1.792571
FILLER_119_535,VPWR,li1,254.3800,334.5600,1.792685
FILLER_119_517,VPWR,li1,244.2600,334.5600,1.792994
FILLER_119_505,VPWR,li1,240.5800,334.5600,1.793236
FILLER_119_498,VPWR,li1,235.9800,334.5600,1.793477
FILLER_119_486,VPWR,li1,231.8400,334.5600,1.793732
FILLER_119_474,VPWR,li1,226.3200,334.5600,1.794100
FILLER_119_467,VPWR,li1,220.5700,334.5600,1.794517
FILLER_119_461,VPWR,li1,218.9600,334.5600,1.794668
FILLER_119_449,VPWR,li1,214.8200,334.5600,1.795002
FILLER_119_436,VPWR,li1,208.8400,334.5600,1.795404
FILLER_119_424,VPWR,li1,203.3200,334.5600,1.795772
FILLER_119_412,VPWR,li1,197.8000,334.5600,1.796210
FILLER_119_401,VPWR,li1,190.6700,334.5600,1.796702
FILLER_119_393,VPWR,li1,188.1400,334.5600,1.796891
FILLER_119_388,VPWR,li1,184.9200,334.5600,1.797131
FILLER_119_382,VPWR,li1,181.4700,334.5600,1.797424
FILLER_119_378,VPWR,li1,180.3200,334.5600,1.797598
FILLER_119_366,VPWR,li1,176.6400,334.5600,1.797755
FILLER_119_354,VPWR,li1,171.1200,334.5600,1.797269
FILLER_119_348,VPWR,li1,166.2900,334.5600,1.796691
FILLER_119_342,VPWR,li1,163.5300,334.5600,1.796450
FILLER_119_297,VPWR,li1,143.5200,334.5600,1.794012
FILLER_119_277,VPWR,li1,133.6300,334.5600,1.793006
FILLER_119_265,VPWR,li1,130.1800,334.5600,1.792670
FILLER_119_256,VPWR,li1,123.7400,334.5600,1.792159
FILLER_119_241,VPWR,li1,116.8400,334.5600,1.791619
FILLER_119_225,VPWR,li1,111.7800,334.5600,1.791533
FILLER_119_222,VPWR,li1,108.1000,334.5600,1.791453
FILLER_119_210,VPWR,li1,103.0400,334.5600,1.791453
FILLER_119_200,VPWR,li1,98.2100,334.5600,1.791512
FILLER_119_192,VPWR,li1,95.6800,334.5600,1.791567
FILLER_119_183,VPWR,li1,89.9300,334.5600,1.791694
FILLER_119_169,VPWR,li1,83.4900,334.5600,1.792004
FILLER_119_166,VPWR,li1,82.3400,334.5600,1.792004
FILLER_119_158,VPWR,li1,80.0400,334.5600,1.792130
FILLER_119_139,VPWR,li1,72.2200,334.5600,1.792630
FILLER_119_131,VPWR,li1,66.0100,334.5600,1.793303
FILLER_119_125,VPWR,li1,64.4000,334.5600,1.793303
FILLER_119_113,VPWR,li1,60.2600,334.5600,1.793896
FILLER_119_111,VPWR,li1,56.8100,334.5600,1.794182
FILLER_119_105,VPWR,li1,55.2000,334.5600,1.794436
FILLER_119_93,VPWR,li1,51.0600,334.5600,1.794831
FILLER_119_81,VPWR,li1,45.5400,334.5600,1.795664
FILLER_119_69,VPWR,li1,40.0200,334.5600,1.796226
FILLER_119_57,VPWR,li1,34.5000,334.5600,1.796937
FILLER_119_55,VPWR,li1,31.0500,334.5600,1.797529
FILLER_119_51,VPWR,li1,29.9000,334.5600,1.797529
FILLER_119_39,VPWR,li1,26.2200,334.5600,1.798002
FILLER_119_27,VPWR,li1,20.7000,334.5600,1.798713
FILLER_119_15,VPWR,li1,15.1800,334.5600,1.798713
FILLER_119_3,VPWR,li1,9.6600,334.5600,1.798713
FILLER_118_805,VPWR,li1,377.2000,334.5600,1.795179
FILLER_118_793,VPWR,li1,373.0600,334.5600,1.795181
FILLER_118_781,VPWR,li1,367.5400,334.5600,1.795188
FILLER_118_769,VPWR,li1,362.0200,334.5600,1.795193
FILLER_118_757,VPWR,li1,356.5000,334.5600,1.795202
FILLER_118_753,VPWR,li1,352.5900,334.5600,1.795214
FILLER_118_745,VPWR,li1,348.4500,334.5600,1.795242
FILLER_118_741,VPWR,li1,347.3000,334.5600,1.795242
FILLER_118_723,VPWR,li1,338.7900,334.5600,1.795736
FILLER_118_701,VPWR,li1,328.4400,334.5600,1.797240
FILLER_118_695,VPWR,li1,325.4500,334.5600,1.797006
FILLER_118_683,VPWR,li1,322.4600,334.5600,1.796596
FILLER_118_666,VPWR,li1,312.8000,334.5600,1.795825
FILLER_118_658,VPWR,li1,308.4300,334.5600,1.795294
FILLER_118_645,VPWR,li1,304.0600,334.5600,1.795020
FILLER_118_632,VPWR,li1,299.0000,334.5600,1.794407
FILLER_118_620,VPWR,li1,293.4800,334.5600,1.793924
FILLER_118_608,VPWR,li1,287.9600,334.5600,1.793545
FILLER_118_599,VPWR,li1,281.5200,334.5600,1.792948
FILLER_118_587,VPWR,li1,275.7700,334.5600,1.792706
FILLER_118_572,VPWR,li1,271.4000,334.5600,1.792649
FILLER_118_560,VPWR,li1,265.8800,334.5600,1.792612
FILLER_118_552,VPWR,li1,259.6700,334.5600,1.792582
FILLER_118_545,VPWR,li1,256.9100,334.5600,1.792613
FILLER_118_533,VPWR,li1,253.4600,334.5600,1.792685
FILLER_118_509,VPWR,li1,239.8900,334.5600,1.793236
FILLER_118_501,VPWR,li1,237.8200,334.5600,1.793363
FILLER_118_489,VPWR,li1,233.2200,334.5600,1.793732
FILLER_118_481,VPWR,li1,227.0100,334.5600,1.794100
FILLER_118_477,VPWR,li1,225.8600,334.5600,1.794250
FILLER_118_475,VPWR,li1,224.2500,334.5600,1.794250
FILLER_118_467,VPWR,li1,220.5700,334.5600,1.794517
FILLER_118_459,VPWR,li1,218.5000,334.5600,1.794668
FILLER_118_447,VPWR,li1,213.9000,334.5600,1.795002
FILLER_118_435,VPWR,li1,208.3800,334.5600,1.795404
FILLER_118_427,VPWR,li1,202.1700,334.5600,1.795974
FILLER_118_421,VPWR,li1,200.5600,334.5600,1.795974
FILLER_118_414,VPWR,li1,197.3400,334.5600,1.796210
FILLER_118_405,VPWR,li1,192.0500,334.5600,1.796702
FILLER_118_393,VPWR,li1,189.0600,334.5600,1.796891
FILLER_118_370,VPWR,li1,176.1800,334.5600,1.797911
FILLER_118_359,VPWR,li1,171.1200,334.5600,1.797269
FILLER_118_349,VPWR,li1,167.4400,334.5600,1.796963
FILLER_118_339,VPWR,li1,161.9200,334.5600,1.796215
FILLER_118_328,VPWR,li1,156.6300,334.5600,1.795541
FILLER_118_318,VPWR,li1,152.2600,334.5600,1.795051
FILLER_118_302,VPWR,li1,145.1300,334.5600,1.794270
FILLER_118_294,VPWR,li1,142.6000,334.5600,1.794012
FILLER_118_282,VPWR,li1,138.0000,334.5600,1.793550
FILLER_118_270,VPWR,li1,132.4800,334.5600,1.793006
FILLER_118_246,VPWR,li1,118.9100,334.5600,1.791788
FILLER_118_232,VPWR,li1,112.4700,334.5600,1.791533
FILLER_118_212,VPWR,li1,103.9600,334.5600,1.791453
FILLER_118_205,VPWR,li1,100.2800,334.5600,1.791466
FILLER_118_197,VPWR,li1,97.9800,334.5600,1.791512
FILLER_118_194,VPWR,li1,95.2200,334.5600,1.791567
FILLER_118_180,VPWR,li1,88.5500,334.5600,1.791773
FILLER_118_176,VPWR,li1,87.4000,334.5600,1.791773
FILLER_118_170,VPWR,li1,84.4100,334.5600,1.791891
FILLER_118_158,VPWR,li1,80.9600,334.5600,1.792130
FILLER_118_149,VPWR,li1,74.7500,334.5600,1.792449
FILLER_118_125,VPWR,li1,64.8600,334.5600,1.793303
FILLER_118_105,VPWR,li1,54.2800,334.5600,1.794436
FILLER_118_93,VPWR,li1,51.0600,334.5600,1.794831
FILLER_118_85,VPWR,li1,44.8500,334.5600,1.795664
FILLER_118_83,VPWR,li1,43.9300,334.5600,1.795930
FILLER_118_77,VPWR,li1,42.3200,334.5600,1.795930
FILLER_118_65,VPWR,li1,38.1800,334.5600,1.796463
FILLER_118_53,VPWR,li1,32.6600,334.5600,1.797174
FILLER_118_41,VPWR,li1,27.1400,334.5600,1.798002
FILLER_118_29,VPWR,li1,21.6200,334.5600,1.798713
FILLER_118_27,VPWR,li1,18.1700,334.5600,1.798713
FILLER_118_15,VPWR,li1,15.1800,334.5600,1.798713
FILLER_118_3,VPWR,li1,9.6600,334.5600,1.798713
FILLER_117_809,VPWR,li1,378.1200,329.1200,1.798092
FILLER_117_797,VPWR,li1,374.9000,329.1200,1.798092
FILLER_117_785,VPWR,li1,369.3800,329.1200,1.798092
FILLER_117_780,VPWR,li1,365.2400,329.1200,1.798092
FILLER_117_768,VPWR,li1,361.5600,329.1200,1.798092
FILLER_117_756,VPWR,li1,356.0400,329.1200,1.798097
FILLER_117_744,VPWR,li1,350.5200,329.1200,1.798107
FILLER_117_729,VPWR,li1,341.3200,329.1200,1.798195
FILLER_117_727,VPWR,li1,340.1700,329.1200,1.798243
FILLER_117_723,VPWR,li1,339.0200,329.1200,1.798243
FILLER_117_716,VPWR,li1,335.1100,329.1200,1.798324
FILLER_117_708,VPWR,li1,333.0400,329.1200,1.798376
FILLER_117_697,VPWR,li1,327.0600,329.1200,1.798130
FILLER_117_685,VPWR,li1,323.3800,329.1200,1.797625
FILLER_117_673,VPWR,li1,317.8600,329.1200,1.797202
FILLER_117_664,VPWR,li1,312.8000,329.1200,1.796667
FILLER_117_652,VPWR,li1,308.2000,329.1200,1.796311
FILLER_117_630,VPWR,li1,296.7000,329.1200,1.795132
FILLER_117_604,VPWR,li1,284.0500,329.1200,1.794252
FILLER_117_596,VPWR,li1,281.5200,329.1200,1.794071
FILLER_117_591,VPWR,li1,277.8400,329.1200,1.793920
FILLER_117_583,VPWR,li1,274.6200,329.1200,1.793860
FILLER_117_569,VPWR,li1,267.7200,329.1200,1.793767
FILLER_117_561,VPWR,li1,265.4200,329.1200,1.793752
FILLER_117_557,VPWR,li1,262.4300,329.1200,1.793748
FILLER_117_540,VPWR,li1,254.1500,329.1200,1.793911
FILLER_117_528,VPWR,li1,251.1600,329.1200,1.794002
FILLER_117_516,VPWR,li1,245.6400,329.1200,1.794170
FILLER_117_503,VPWR,li1,237.1300,329.1200,1.794481
FILLER_117_495,VPWR,li1,235.0600,329.1200,1.794590
FILLER_117_481,VPWR,li1,227.0100,329.1200,1.795029
FILLER_117_477,VPWR,li1,225.8600,329.1200,1.795029
FILLER_117_463,VPWR,li1,218.7300,329.1200,1.795459
FILLER_117_440,VPWR,li1,209.7600,329.1200,1.796059
FILLER_117_429,VPWR,li1,203.7800,329.1200,1.796536
FILLER_117_417,VPWR,li1,200.1000,329.1200,1.796841
FILLER_117_405,VPWR,li1,192.2800,329.1200,1.797336
FILLER_117_393,VPWR,li1,189.0600,329.1200,1.797580
FILLER_117_388,VPWR,li1,184.9200,329.1200,1.797893
FILLER_117_371,VPWR,li1,176.6400,329.1200,1.798522
FILLER_117_346,VPWR,li1,164.9100,329.1200,1.798176
FILLER_117_342,VPWR,li1,163.7600,329.1200,1.798176
FILLER_117_335,VPWR,li1,159.8500,329.1200,1.797907
FILLER_117_329,VPWR,li1,157.0900,329.1200,1.797791
FILLER_117_325,VPWR,li1,155.9400,329.1200,1.797791
FILLER_117_300,VPWR,li1,144.9000,329.1200,1.797322
FILLER_117_288,VPWR,li1,140.7600,329.1200,1.797126
FILLER_117_279,VPWR,li1,134.0900,329.1200,1.796888
FILLER_117_275,VPWR,li1,132.9400,329.1200,1.796888
FILLER_117_263,VPWR,li1,129.2600,329.1200,1.796794
FILLER_117_249,VPWR,li1,120.2900,329.1200,1.796594
FILLER_117_241,VPWR,li1,118.2200,329.1200,1.796561
FILLER_117_237,VPWR,li1,114.7700,329.1200,1.796522
FILLER_117_225,VPWR,li1,111.7800,329.1200,1.796491
FILLER_117_222,VPWR,li1,108.1000,329.1200,1.796441
FILLER_117_205,VPWR,li1,100.7400,329.1200,1.796450
FILLER_117_193,VPWR,li1,97.0600,329.1200,1.796484
FILLER_117_184,VPWR,li1,90.6200,329.1200,1.796550
FILLER_117_177,VPWR,li1,87.1700,329.1200,1.796583
FILLER_117_169,VPWR,li1,85.1000,329.1200,1.796620
FILLER_117_167,VPWR,li1,82.5700,329.1200,1.796665
FILLER_117_140,VPWR,li1,70.8400,329.1200,1.797023
FILLER_117_134,VPWR,li1,67.3900,329.1200,1.797102
FILLER_117_126,VPWR,li1,65.3200,329.1200,1.797179
FILLER_117_97,VPWR,li1,50.6000,329.1200,1.797785
FILLER_117_85,VPWR,li1,47.3800,329.1200,1.797933
FILLER_117_77,VPWR,li1,41.1700,329.1200,1.798245
FILLER_117_69,VPWR,li1,39.1000,329.1200,1.798359
FILLER_117_57,VPWR,li1,34.5000,329.1200,1.798613
FILLER_117_55,VPWR,li1,31.0500,329.1200,1.798881
FILLER_117_51,VPWR,li1,29.9000,329.1200,1.798881
FILLER_117_39,VPWR,li1,26.2200,329.1200,1.799095
FILLER_117_27,VPWR,li1,20.7000,329.1200,1.799417
FILLER_117_15,VPWR,li1,15.1800,329.1200,1.799417
FILLER_117_3,VPWR,li1,9.6600,329.1200,1.799417
FILLER_116_803,VPWR,li1,376.7400,329.1200,1.798092
FILLER_116_791,VPWR,li1,372.1400,329.1200,1.798092
FILLER_116_779,VPWR,li1,366.6200,329.1200,1.798092
FILLER_116_755,VPWR,li1,353.0500,329.1200,1.798102
FILLER_116_747,VPWR,li1,350.9800,329.1200,1.798107
FILLER_116_736,VPWR,li1,345.0000,329.1200,1.798158
FILLER_116_725,VPWR,li1,339.9400,329.1200,1.798243
FILLER_116_713,VPWR,li1,336.2600,329.1200,1.798324
FILLER_116_701,VPWR,li1,330.7400,329.1200,1.798475
FILLER_116_699,VPWR,li1,327.2900,329.1200,1.798130
FILLER_116_695,VPWR,li1,326.1400,329.1200,1.798130
FILLER_116_672,VPWR,li1,317.4000,329.1200,1.797202
FILLER_116_660,VPWR,li1,311.8800,329.1200,1.796667
FILLER_116_653,VPWR,li1,306.8200,329.1200,1.796021
FILLER_116_640,VPWR,li1,300.8400,329.1200,1.795554
FILLER_116_630,VPWR,li1,296.0100,329.1200,1.795132
FILLER_116_605,VPWR,li1,286.5800,329.1200,1.794400
FILLER_116_585,VPWR,li1,275.3100,329.1200,1.793860
FILLER_116_577,VPWR,li1,271.8600,329.1200,1.793817
FILLER_116_565,VPWR,li1,268.1800,329.1200,1.793767
FILLER_116_556,VPWR,li1,261.7400,329.1200,1.793748
FILLER_116_533,VPWR,li1,252.5400,329.1200,1.793911
FILLER_116_529,VPWR,li1,249.5500,329.1200,1.794002
FILLER_116_518,VPWR,li1,244.7200,329.1200,1.794170
FILLER_116_512,VPWR,li1,241.5000,329.1200,1.794293
FILLER_116_502,VPWR,li1,237.1300,329.1200,1.794481
FILLER_116_494,VPWR,li1,234.6000,329.1200,1.794590
FILLER_116_481,VPWR,li1,227.0100,329.1200,1.795029
FILLER_116_477,VPWR,li1,225.8600,329.1200,1.795029
FILLER_116_475,VPWR,li1,224.2500,329.1200,1.795153
FILLER_116_469,VPWR,li1,222.6400,329.1200,1.795291
FILLER_116_457,VPWR,li1,218.5000,329.1200,1.795570
FILLER_116_445,VPWR,li1,212.9800,329.1200,1.795915
FILLER_116_433,VPWR,li1,207.4600,329.1200,1.796300
FILLER_116_429,VPWR,li1,203.0900,329.1200,1.796536
FILLER_116_421,VPWR,li1,201.0200,329.1200,1.796688
FILLER_116_392,VPWR,li1,186.5300,329.1200,1.797893
FILLER_116_380,VPWR,li1,183.0800,329.1200,1.798085
FILLER_116_368,VPWR,li1,177.5600,329.1200,1.798522
FILLER_116_353,VPWR,li1,168.3600,329.1200,1.798332
FILLER_116_341,VPWR,li1,165.1400,329.1200,1.798176
FILLER_116_327,VPWR,li1,156.4000,329.1200,1.797791
FILLER_116_319,VPWR,li1,154.1000,329.1200,1.797643
FILLER_116_293,VPWR,li1,142.1400,329.1200,1.797219
FILLER_116_278,VPWR,li1,133.8600,329.1200,1.796888
FILLER_116_259,VPWR,li1,124.8900,329.1200,1.796678
FILLER_116_253,VPWR,li1,123.2800,329.1200,1.796617
FILLER_116_250,VPWR,li1,120.9800,329.1200,1.796594
FILLER_116_238,VPWR,li1,117.7600,329.1200,1.796561
FILLER_116_226,VPWR,li1,112.2400,329.1200,1.796491
FILLER_116_209,VPWR,li1,101.8900,329.1200,1.796450
FILLER_116_197,VPWR,li1,98.9000,329.1200,1.796467
FILLER_116_194,VPWR,li1,95.2200,329.1200,1.796500
FILLER_116_186,VPWR,li1,92.9200,329.1200,1.796524
FILLER_116_173,VPWR,li1,85.3300,329.1200,1.796620
FILLER_116_161,VPWR,li1,82.3400,329.1200,1.796697
FILLER_116_153,VPWR,li1,76.1300,329.1200,1.796822
FILLER_116_141,VPWR,li1,73.1400,329.1200,1.796905
FILLER_116_139,VPWR,li1,69.6900,329.1200,1.797023
FILLER_116_127,VPWR,li1,66.7000,329.1200,1.797179
FILLER_116_115,VPWR,li1,61.1800,329.1200,1.797334
FILLER_116_96,VPWR,li1,52.4400,329.1200,1.797700
FILLER_116_85,VPWR,li1,45.5400,329.1200,1.798024
FILLER_116_83,VPWR,li1,43.9300,329.1200,1.798149
FILLER_116_68,VPWR,li1,37.2600,329.1200,1.798461
FILLER_116_53,VPWR,li1,31.7400,329.1200,1.798774
FILLER_116_41,VPWR,li1,27.1400,329.1200,1.799095
FILLER_116_29,VPWR,li1,21.6200,329.1200,1.799417
FILLER_116_27,VPWR,li1,18.1700,329.1200,1.799417
FILLER_116_15,VPWR,li1,15.1800,329.1200,1.799417
FILLER_116_3,VPWR,li1,9.6600,329.1200,1.799417
FILLER_115_809,VPWR,li1,378.1200,323.6800,1.798286
FILLER_115_797,VPWR,li1,374.9000,323.6800,1.798286
FILLER_115_785,VPWR,li1,369.3800,323.6800,1.798286
FILLER_115_778,VPWR,li1,364.7800,323.6800,1.798286
FILLER_115_766,VPWR,li1,360.6400,323.6800,1.798286
FILLER_115_745,VPWR,li1,348.6800,323.6800,1.798317
FILLER_115_727,VPWR,li1,340.1700,323.6800,1.798506
FILLER_115_721,VPWR,li1,338.5600,323.6800,1.798574
FILLER_115_709,VPWR,li1,334.4200,323.6800,1.798735
FILLER_115_699,VPWR,li1,328.4400,323.6800,1.798995
FILLER_115_687,VPWR,li1,324.3000,323.6800,1.798804
FILLER_115_673,VPWR,li1,316.0200,323.6800,1.798344
FILLER_115_668,VPWR,li1,313.7200,323.6800,1.798267
FILLER_115_653,VPWR,li1,306.1300,323.6800,1.798024
FILLER_115_632,VPWR,li1,296.9300,323.6800,1.797694
FILLER_115_624,VPWR,li1,294.4000,323.6800,1.797574
FILLER_115_612,VPWR,li1,287.9600,323.6800,1.797447
FILLER_115_600,VPWR,li1,284.2800,323.6800,1.797384
FILLER_115_573,VPWR,li1,270.4800,323.6800,1.797258
FILLER_115_561,VPWR,li1,266.3400,323.6800,1.797254
FILLER_115_559,VPWR,li1,262.8900,323.6800,1.797249
FILLER_115_547,VPWR,li1,259.9000,323.6800,1.797244
FILLER_115_535,VPWR,li1,254.3800,323.6800,1.797269
FILLER_115_523,VPWR,li1,248.8600,323.6800,1.797338
FILLER_115_517,VPWR,li1,243.5700,323.6800,1.797397
FILLER_115_505,VPWR,li1,240.5800,323.6800,1.797442
FILLER_115_503,VPWR,li1,237.1300,323.6800,1.797508
FILLER_115_495,VPWR,li1,235.0600,323.6800,1.797548
FILLER_115_483,VPWR,li1,230.4600,323.6800,1.797636
FILLER_115_471,VPWR,li1,224.9400,323.6800,1.797775
FILLER_115_459,VPWR,li1,219.4200,323.6800,1.797910
FILLER_115_447,VPWR,li1,211.3700,323.6800,1.798123
FILLER_115_441,VPWR,li1,209.7600,323.6800,1.798123
FILLER_115_432,VPWR,li1,204.7000,323.6800,1.798318
FILLER_115_423,VPWR,li1,200.5600,323.6800,1.798442
FILLER_115_415,VPWR,li1,198.2600,323.6800,1.798509
FILLER_115_398,VPWR,li1,189.0600,323.6800,1.798843
FILLER_115_390,VPWR,li1,185.3800,323.6800,1.798915
FILLER_115_381,VPWR,li1,181.0100,323.6800,1.799073
FILLER_115_373,VPWR,li1,178.9400,323.6800,1.799150
FILLER_115_361,VPWR,li1,174.3400,323.6800,1.799201
FILLER_115_353,VPWR,li1,168.1300,323.6800,1.798984
FILLER_115_349,VPWR,li1,166.9800,323.6800,1.798984
FILLER_115_337,VPWR,li1,163.3000,323.6800,1.798856
FILLER_115_328,VPWR,li1,158.2400,323.6800,1.798681
FILLER_115_312,VPWR,li1,150.4200,323.6800,1.798425
FILLER_115_300,VPWR,li1,146.2800,323.6800,1.798305
FILLER_115_281,VPWR,li1,135.7000,323.6800,1.797979
FILLER_115_279,VPWR,li1,134.0900,323.6800,1.797979
FILLER_115_275,VPWR,li1,132.9400,323.6800,1.797920
FILLER_115_263,VPWR,li1,129.2600,323.6800,1.797834
FILLER_115_251,VPWR,li1,123.7400,323.6800,1.797733
FILLER_115_239,VPWR,li1,118.2200,323.6800,1.797602
FILLER_115_220,VPWR,li1,107.6400,323.6800,1.797448
FILLER_115_208,VPWR,li1,103.9600,323.6800,1.797423
FILLER_115_188,VPWR,li1,92.4600,323.6800,1.797390
FILLER_115_181,VPWR,li1,89.0100,323.6800,1.797422
FILLER_115_169,VPWR,li1,86.0200,323.6800,1.797464
FILLER_115_165,VPWR,li1,82.1100,323.6800,1.797521
FILLER_115_153,VPWR,li1,78.6600,323.6800,1.797582
FILLER_115_135,VPWR,li1,69.0000,323.6800,1.797790
FILLER_115_123,VPWR,li1,64.8600,323.6800,1.797938
FILLER_115_113,VPWR,li1,58.8800,323.6800,1.798167
FILLER_115_104,VPWR,li1,55.2000,323.6800,1.798245
FILLER_115_92,VPWR,li1,50.6000,323.6800,1.798417
FILLER_115_79,VPWR,li1,42.0900,323.6800,1.798743
FILLER_115_67,VPWR,li1,39.1000,323.6800,1.798895
FILLER_115_57,VPWR,li1,32.4300,323.6800,1.799155
FILLER_115_47,VPWR,li1,27.6000,323.6800,1.799330
FILLER_115_39,VPWR,li1,25.3000,323.6800,1.799405
FILLER_115_27,VPWR,li1,20.7000,323.6800,1.799592
FILLER_115_15,VPWR,li1,15.1800,323.6800,1.799592
FILLER_115_3,VPWR,li1,9.6600,323.6800,1.799592
FILLER_114_805,VPWR,li1,377.2000,323.6800,1.798286
FILLER_114_793,VPWR,li1,373.0600,323.6800,1.798286
FILLER_114_781,VPWR,li1,367.5400,323.6800,1.798286
FILLER_114_769,VPWR,li1,362.0200,323.6800,1.798286
FILLER_114_757,VPWR,li1,356.5000,323.6800,1.798286
FILLER_114_755,VPWR,li1,353.0500,323.6800,1.798286
FILLER_114_751,VPWR,li1,351.9000,323.6800,1.798286
FILLER_114_730,VPWR,li1,341.5500,323.6800,1.798506
FILLER_114_712,VPWR,li1,333.9600,323.6800,1.798735
FILLER_114_701,VPWR,li1,328.4400,323.6800,1.798995
FILLER_114_688,VPWR,li1,324.7600,323.6800,1.798804
FILLER_114_671,VPWR,li1,314.4100,323.6800,1.798267
FILLER_114_665,VPWR,li1,312.8000,323.6800,1.798267
FILLER_114_651,VPWR,li1,306.8200,323.6800,1.798024
FILLER_114_645,VPWR,li1,302.4500,323.6800,1.797878
FILLER_114_629,VPWR,li1,296.7000,323.6800,1.797694
FILLER_114_601,VPWR,li1,283.3600,323.6800,1.797384
FILLER_114_589,VPWR,li1,279.2200,323.6800,1.797318
FILLER_114_587,VPWR,li1,275.7700,323.6800,1.797269
FILLER_114_579,VPWR,li1,273.7000,323.6800,1.797263
FILLER_114_567,VPWR,li1,269.1000,323.6800,1.797258
FILLER_114_555,VPWR,li1,263.5800,323.6800,1.797249
FILLER_114_541,VPWR,li1,254.6100,323.6800,1.797269
FILLER_114_533,VPWR,li1,252.5400,323.6800,1.797288
FILLER_114_530,VPWR,li1,249.7800,323.6800,1.797315
FILLER_114_522,VPWR,li1,247.4800,323.6800,1.797338
FILLER_114_510,VPWR,li1,241.0400,323.6800,1.797442
FILLER_114_498,VPWR,li1,237.3600,323.6800,1.797508
FILLER_114_486,VPWR,li1,231.8400,323.6800,1.797636
FILLER_114_452,VPWR,li1,215.2800,323.6800,1.798010
FILLER_114_443,VPWR,li1,209.9900,323.6800,1.798123
FILLER_114_435,VPWR,li1,207.4600,323.6800,1.798212
FILLER_114_429,VPWR,li1,203.3200,323.6800,1.798318
FILLER_114_421,VPWR,li1,199.4100,323.6800,1.798442
FILLER_114_414,VPWR,li1,197.3400,323.6800,1.798509
FILLER_114_379,VPWR,li1,180.0900,323.6800,1.799150
FILLER_114_350,VPWR,li1,167.4400,323.6800,1.798984
FILLER_114_335,VPWR,li1,161.4600,323.6800,1.798752
FILLER_114_323,VPWR,li1,156.8600,323.6800,1.798593
FILLER_114_309,VPWR,li1,148.5800,323.6800,1.798372
FILLER_114_296,VPWR,li1,144.4400,323.6800,1.798252
FILLER_114_284,VPWR,li1,138.9200,323.6800,1.798063
FILLER_114_276,VPWR,li1,132.7100,323.6800,1.797920
FILLER_114_272,VPWR,li1,131.5600,323.6800,1.797920
FILLER_114_260,VPWR,li1,127.8800,323.6800,1.797834
FILLER_114_242,VPWR,li1,117.3000,323.6800,1.797602
FILLER_114_234,VPWR,li1,115.0000,323.6800,1.797532
FILLER_114_219,VPWR,li1,106.9500,323.6800,1.797448
FILLER_114_202,VPWR,li1,101.2000,323.6800,1.797400
FILLER_114_180,VPWR,li1,88.7800,323.6800,1.797422
FILLER_114_168,VPWR,li1,85.5600,323.6800,1.797464
FILLER_114_153,VPWR,li1,77.7400,323.6800,1.797582
FILLER_114_141,VPWR,li1,73.1400,323.6800,1.797691
FILLER_114_134,VPWR,li1,68.5400,323.6800,1.797790
FILLER_114_126,VPWR,li1,63.7100,323.6800,1.797938
FILLER_114_109,VPWR,li1,56.5800,323.6800,1.798245
FILLER_114_97,VPWR,li1,52.9000,323.6800,1.798331
FILLER_114_85,VPWR,li1,47.3800,323.6800,1.798564
FILLER_114_83,VPWR,li1,43.9300,323.6800,1.798671
FILLER_114_77,VPWR,li1,42.3200,323.6800,1.798743
FILLER_114_65,VPWR,li1,38.1800,323.6800,1.798895
FILLER_114_53,VPWR,li1,32.6600,323.6800,1.799155
FILLER_114_41,VPWR,li1,27.1400,323.6800,1.799330
FILLER_114_29,VPWR,li1,21.6200,323.6800,1.799592
FILLER_114_27,VPWR,li1,18.1700,323.6800,1.799592
FILLER_114_15,VPWR,li1,15.1800,323.6800,1.799592
FILLER_114_3,VPWR,li1,9.6600,323.6800,1.799592
FILLER_113_809,VPWR,li1,378.1200,318.2400,1.798618
FILLER_113_797,VPWR,li1,374.9000,318.2400,1.798618
FILLER_113_785,VPWR,li1,369.3800,318.2400,1.798618
FILLER_113_776,VPWR,li1,364.3200,318.2400,1.798618
FILLER_113_764,VPWR,li1,359.7200,318.2400,1.798618
FILLER_113_752,VPWR,li1,354.2000,318.2400,1.798618
FILLER_113_718,VPWR,li1,337.1800,318.2400,1.798848
FILLER_113_697,VPWR,li1,326.6000,318.2400,1.798921
FILLER_113_685,VPWR,li1,322.0000,318.2400,1.798718
FILLER_113_673,VPWR,li1,317.8600,318.2400,1.798589
FILLER_113_670,VPWR,li1,314.1800,318.2400,1.798430
FILLER_113_663,VPWR,li1,310.7300,318.2400,1.798237
FILLER_113_659,VPWR,li1,309.5800,318.2400,1.798237
FILLER_113_647,VPWR,li1,305.9000,318.2400,1.798079
FILLER_113_635,VPWR,li1,300.3800,318.2400,1.797886
FILLER_113_623,VPWR,li1,294.8600,318.2400,1.797690
FILLER_113_614,VPWR,li1,288.4200,318.2400,1.797503
FILLER_113_605,VPWR,li1,284.2800,318.2400,1.797403
FILLER_113_593,VPWR,li1,281.0600,318.2400,1.797340
FILLER_113_581,VPWR,li1,275.5400,318.2400,1.797257
FILLER_113_575,VPWR,li1,270.2500,318.2400,1.797189
FILLER_113_561,VPWR,li1,263.8100,318.2400,1.797170
FILLER_113_550,VPWR,li1,258.9800,318.2400,1.797191
FILLER_113_542,VPWR,li1,255.7600,318.2400,1.797227
FILLER_113_530,VPWR,li1,252.0800,318.2400,1.797276
FILLER_113_519,VPWR,li1,244.4900,318.2400,1.797362
FILLER_113_500,VPWR,li1,236.4400,318.2400,1.797529
FILLER_113_490,VPWR,li1,231.3800,318.2400,1.797646
FILLER_113_482,VPWR,li1,227.4700,318.2400,1.797749
FILLER_113_474,VPWR,li1,223.7900,318.2400,1.797858
FILLER_113_461,VPWR,li1,218.9600,318.2400,1.798030
FILLER_113_449,VPWR,li1,214.8200,318.2400,1.798138
FILLER_113_447,VPWR,li1,211.3700,318.2400,1.798283
FILLER_113_443,VPWR,li1,210.2200,318.2400,1.798283
FILLER_113_435,VPWR,li1,205.8500,318.2400,1.798435
FILLER_113_427,VPWR,li1,203.7800,318.2400,1.798523
FILLER_113_415,VPWR,li1,199.1800,318.2400,1.798659
FILLER_113_403,VPWR,li1,193.6600,318.2400,1.798886
FILLER_113_389,VPWR,li1,185.1500,318.2400,1.799159
FILLER_113_381,VPWR,li1,182.6200,318.2400,1.799253
FILLER_113_369,VPWR,li1,178.0200,318.2400,1.799427
FILLER_113_343,VPWR,li1,163.5300,318.2400,1.799406
FILLER_113_337,VPWR,li1,161.9200,318.2400,1.799375
FILLER_113_330,VPWR,li1,158.7000,318.2400,1.799353
FILLER_113_318,VPWR,li1,154.5600,318.2400,1.799310
FILLER_113_294,VPWR,li1,143.5200,318.2400,1.799216
FILLER_113_287,VPWR,li1,138.4600,318.2400,1.799185
FILLER_113_268,VPWR,li1,129.0300,318.2400,1.799124
FILLER_113_262,VPWR,li1,127.4200,318.2400,1.799117
FILLER_113_250,VPWR,li1,123.2800,318.2400,1.799101
FILLER_113_237,VPWR,li1,115.9200,318.2400,1.799084
FILLER_113_225,VPWR,li1,111.7800,318.2400,1.799076
FILLER_113_221,VPWR,li1,107.8700,318.2400,1.799073
FILLER_113_212,VPWR,li1,103.5000,318.2400,1.799070
FILLER_113_193,VPWR,li1,97.0600,318.2400,1.799075
FILLER_113_181,VPWR,li1,91.5400,318.2400,1.799078
FILLER_113_169,VPWR,li1,86.0200,318.2400,1.799083
FILLER_113_167,VPWR,li1,82.5700,318.2400,1.799086
FILLER_113_142,VPWR,li1,71.5300,318.2400,1.799147
FILLER_113_130,VPWR,li1,68.0800,318.2400,1.799163
FILLER_113_116,VPWR,li1,59.1100,318.2400,1.799250
FILLER_113_110,VPWR,li1,56.5800,318.2400,1.799281
FILLER_113_94,VPWR,li1,50.1400,318.2400,1.799367
FILLER_113_80,VPWR,li1,42.5500,318.2400,1.799493
FILLER_113_76,VPWR,li1,41.4000,318.2400,1.799493
FILLER_113_70,VPWR,li1,37.9500,318.2400,1.799558
FILLER_113_63,VPWR,li1,34.7300,318.2400,1.799599
FILLER_113_57,VPWR,li1,33.1200,318.2400,1.799634
FILLER_113_55,VPWR,li1,31.0500,318.2400,1.799680
FILLER_113_51,VPWR,li1,29.9000,318.2400,1.799680
FILLER_113_39,VPWR,li1,26.2200,318.2400,1.799741
FILLER_113_27,VPWR,li1,20.7000,318.2400,1.799833
FILLER_113_15,VPWR,li1,15.1800,318.2400,1.799833
FILLER_113_3,VPWR,li1,9.6600,318.2400,1.799833
FILLER_112_805,VPWR,li1,377.2000,318.2400,1.798618
FILLER_112_793,VPWR,li1,373.0600,318.2400,1.798618
FILLER_112_781,VPWR,li1,367.5400,318.2400,1.798618
FILLER_112_769,VPWR,li1,362.0200,318.2400,1.798618
FILLER_112_757,VPWR,li1,356.5000,318.2400,1.798618
FILLER_112_753,VPWR,li1,352.5900,318.2400,1.798618
FILLER_112_741,VPWR,li1,349.1400,318.2400,1.798642
FILLER_112_724,VPWR,li1,339.4800,318.2400,1.798785
FILLER_112_710,VPWR,li1,333.5000,318.2400,1.798934
FILLER_112_699,VPWR,li1,327.2900,318.2400,1.799004
FILLER_112_684,VPWR,li1,320.8500,318.2400,1.798718
FILLER_112_663,VPWR,li1,310.7300,318.2400,1.798237
FILLER_112_657,VPWR,li1,309.1200,318.2400,1.798237
FILLER_112_645,VPWR,li1,304.9800,318.2400,1.798079
FILLER_112_642,VPWR,li1,301.3000,318.2400,1.797886
FILLER_112_623,VPWR,li1,292.3300,318.2400,1.797623
FILLER_112_615,VPWR,li1,290.2600,318.2400,1.797556
FILLER_112_603,VPWR,li1,285.6600,318.2400,1.797403
FILLER_112_566,VPWR,li1,266.5700,318.2400,1.797167
FILLER_112_550,VPWR,li1,259.2100,318.2400,1.797191
FILLER_112_542,VPWR,li1,255.0700,318.2400,1.797227
FILLER_112_533,VPWR,li1,251.1600,318.2400,1.797276
FILLER_112_516,VPWR,li1,245.6400,318.2400,1.797362
FILLER_112_507,VPWR,li1,239.4300,318.2400,1.797463
FILLER_112_491,VPWR,li1,232.0700,318.2400,1.797646
FILLER_112_483,VPWR,li1,229.5400,318.2400,1.797696
FILLER_112_473,VPWR,li1,223.7900,318.2400,1.797858
FILLER_112_465,VPWR,li1,221.2600,318.2400,1.797936
FILLER_112_457,VPWR,li1,216.4300,318.2400,1.798138
FILLER_112_445,VPWR,li1,212.9800,318.2400,1.798196
FILLER_112_438,VPWR,li1,207.2300,318.2400,1.798435
FILLER_112_432,VPWR,li1,205.6200,318.2400,1.798435
FILLER_112_419,VPWR,li1,198.4900,318.2400,1.798724
FILLER_112_415,VPWR,li1,197.3400,318.2400,1.798724
FILLER_112_403,VPWR,li1,193.6600,318.2400,1.798886
FILLER_112_395,VPWR,li1,187.6800,318.2400,1.799064
FILLER_112_383,VPWR,li1,181.9300,318.2400,1.799340
FILLER_112_377,VPWR,li1,180.3200,318.2400,1.799340
FILLER_112_365,VPWR,li1,176.1800,318.2400,1.799524
FILLER_112_360,VPWR,li1,172.0400,318.2400,1.799474
FILLER_112_343,VPWR,li1,163.5300,318.2400,1.799406
FILLER_112_335,VPWR,li1,161.4600,318.2400,1.799375
FILLER_112_321,VPWR,li1,153.4100,318.2400,1.799310
FILLER_112_309,VPWR,li1,150.4200,318.2400,1.799283
FILLER_112_305,VPWR,li1,146.5100,318.2400,1.799248
FILLER_112_297,VPWR,li1,142.3700,318.2400,1.799216
FILLER_112_274,VPWR,li1,134.3200,318.2400,1.799154
FILLER_112_261,VPWR,li1,125.8100,318.2400,1.799117
FILLER_112_257,VPWR,li1,123.9700,318.2400,1.799109
FILLER_112_253,VPWR,li1,122.8200,318.2400,1.799101
FILLER_112_244,VPWR,li1,119.6000,318.2400,1.799092
FILLER_112_225,VPWR,li1,110.4000,318.2400,1.799076
FILLER_112_213,VPWR,li1,106.2600,318.2400,1.799070
FILLER_112_201,VPWR,li1,100.7400,318.2400,1.799070
FILLER_112_195,VPWR,li1,95.4500,318.2400,1.799075
FILLER_112_187,VPWR,li1,93.3800,318.2400,1.799077
FILLER_112_175,VPWR,li1,88.7800,318.2400,1.799080
FILLER_112_163,VPWR,li1,83.2600,318.2400,1.799086
FILLER_112_155,VPWR,li1,77.5100,318.2400,1.799094
FILLER_112_148,VPWR,li1,73.8300,318.2400,1.799118
FILLER_112_134,VPWR,li1,68.5400,318.2400,1.799163
FILLER_112_129,VPWR,li1,65.0900,318.2400,1.799191
FILLER_112_125,VPWR,li1,63.9400,318.2400,1.799212
FILLER_112_113,VPWR,li1,60.2600,318.2400,1.799250
FILLER_112_97,VPWR,li1,50.3700,318.2400,1.799367
FILLER_112_85,VPWR,li1,47.3800,318.2400,1.799406
FILLER_112_83,VPWR,li1,43.9300,318.2400,1.799455
FILLER_112_65,VPWR,li1,35.8800,318.2400,1.799599
FILLER_112_53,VPWR,li1,32.6600,318.2400,1.799634
FILLER_112_41,VPWR,li1,27.1400,318.2400,1.799741
FILLER_112_29,VPWR,li1,21.6200,318.2400,1.799833
FILLER_112_27,VPWR,li1,18.1700,318.2400,1.799833
FILLER_112_15,VPWR,li1,15.1800,318.2400,1.799833
FILLER_112_3,VPWR,li1,9.6600,318.2400,1.799833
FILLER_111_809,VPWR,li1,378.1200,312.8000,1.799435
FILLER_111_797,VPWR,li1,374.9000,312.8000,1.799435
FILLER_111_785,VPWR,li1,369.3800,312.8000,1.799435
FILLER_111_783,VPWR,li1,365.9300,312.8000,1.799435
FILLER_111_777,VPWR,li1,364.3200,312.8000,1.799435
FILLER_111_765,VPWR,li1,360.1800,312.8000,1.799435
FILLER_111_753,VPWR,li1,354.6600,312.8000,1.799435
FILLER_111_741,VPWR,li1,349.1400,312.8000,1.799435
FILLER_111_729,VPWR,li1,343.6200,312.8000,1.799435
FILLER_111_711,VPWR,li1,332.8100,312.8000,1.799511
FILLER_111_705,VPWR,li1,331.2000,312.8000,1.799511
FILLER_111_683,VPWR,li1,320.1600,312.8000,1.799280
FILLER_111_671,VPWR,li1,314.4100,312.8000,1.799154
FILLER_111_658,VPWR,li1,309.5800,312.8000,1.799078
FILLER_111_653,VPWR,li1,306.1300,312.8000,1.799034
FILLER_111_645,VPWR,li1,304.0600,312.8000,1.799008
FILLER_111_633,VPWR,li1,299.4600,312.8000,1.798946
FILLER_111_617,VPWR,li1,290.2600,312.8000,1.798867
FILLER_111_615,VPWR,li1,288.6500,312.8000,1.798867
FILLER_111_607,VPWR,li1,286.5800,312.8000,1.798852
FILLER_111_595,VPWR,li1,281.9800,312.8000,1.798816
FILLER_111_584,VPWR,li1,274.6200,312.8000,1.798789
FILLER_111_572,VPWR,li1,271.4000,312.8000,1.798784
FILLER_111_565,VPWR,li1,265.6500,312.8000,1.798780
FILLER_111_561,VPWR,li1,264.5000,312.8000,1.798780
FILLER_111_558,VPWR,li1,262.6600,312.8000,1.798779
FILLER_111_551,VPWR,li1,259.2100,312.8000,1.798779
FILLER_111_547,VPWR,li1,258.0600,312.8000,1.798779
FILLER_111_529,VPWR,li1,249.0900,312.8000,1.798781
FILLER_111_517,VPWR,li1,246.1000,312.8000,1.798783
FILLER_111_505,VPWR,li1,240.5800,312.8000,1.798791
FILLER_111_502,VPWR,li1,236.9000,312.8000,1.798811
FILLER_111_490,VPWR,li1,233.6800,312.8000,1.798844
FILLER_111_478,VPWR,li1,228.1600,312.8000,1.798872
FILLER_111_470,VPWR,li1,221.9500,312.8000,1.798943
FILLER_111_466,VPWR,li1,220.8000,312.8000,1.798943
FILLER_111_457,VPWR,li1,216.2000,312.8000,1.799021
FILLER_111_449,VPWR,li1,213.9000,312.8000,1.799045
FILLER_111_446,VPWR,li1,211.1400,312.8000,1.799068
FILLER_111_434,VPWR,li1,207.9200,312.8000,1.799126
FILLER_111_386,VPWR,li1,183.7700,312.8000,1.799548
FILLER_111_374,VPWR,li1,180.3200,312.8000,1.799659
FILLER_111_362,VPWR,li1,174.8000,312.8000,1.799723
FILLER_111_357,VPWR,li1,170.2000,312.8000,1.799707
FILLER_111_349,VPWR,li1,167.9000,312.8000,1.799698
FILLER_111_337,VPWR,li1,163.3000,312.8000,1.799676
FILLER_111_334,VPWR,li1,159.6200,312.8000,1.799665
FILLER_111_320,VPWR,li1,153.1800,312.8000,1.799638
FILLER_111_308,VPWR,li1,149.9600,312.8000,1.799625
FILLER_111_296,VPWR,li1,144.4400,312.8000,1.799608
FILLER_111_281,VPWR,li1,137.5400,312.8000,1.799580
FILLER_111_268,VPWR,li1,131.5600,312.8000,1.799561
FILLER_111_256,VPWR,li1,126.0400,312.8000,1.799537
FILLER_111_244,VPWR,li1,120.5200,312.8000,1.799524
FILLER_111_225,VPWR,li1,110.4000,312.8000,1.799498
FILLER_111_222,VPWR,li1,108.1000,312.8000,1.799492
FILLER_111_210,VPWR,li1,104.8800,312.8000,1.799484
FILLER_111_193,VPWR,li1,95.2200,312.8000,1.799467
FILLER_111_167,VPWR,li1,82.5700,312.8000,1.799471
FILLER_111_161,VPWR,li1,80.9600,312.8000,1.799471
FILLER_111_149,VPWR,li1,76.8200,312.8000,1.799479
FILLER_111_137,VPWR,li1,71.3000,312.8000,1.799517
FILLER_111_125,VPWR,li1,65.7800,312.8000,1.799553
FILLER_111_113,VPWR,li1,60.2600,312.8000,1.799590
FILLER_111_110,VPWR,li1,56.5800,312.8000,1.799618
FILLER_111_98,VPWR,li1,53.3600,312.8000,1.799648
FILLER_111_86,VPWR,li1,47.8400,312.8000,1.799690
FILLER_111_74,VPWR,li1,42.3200,312.8000,1.799730
FILLER_111_69,VPWR,li1,37.7200,312.8000,1.799778
FILLER_111_57,VPWR,li1,34.5000,312.8000,1.799805
FILLER_111_54,VPWR,li1,30.8200,312.8000,1.799824
FILLER_111_42,VPWR,li1,27.6000,312.8000,1.799851
FILLER_111_27,VPWR,li1,19.7800,312.8000,1.799914
FILLER_111_15,VPWR,li1,15.1800,312.8000,1.799914
FILLER_111_3,VPWR,li1,9.6600,312.8000,1.799914
FILLER_110_805,VPWR,li1,377.2000,312.8000,1.799435
FILLER_110_793,VPWR,li1,373.0600,312.8000,1.799435
FILLER_110_781,VPWR,li1,367.5400,312.8000,1.799435
FILLER_110_769,VPWR,li1,362.0200,312.8000,1.799435
FILLER_110_757,VPWR,li1,356.5000,312.8000,1.799435
FILLER_110_754,VPWR,li1,352.8200,312.8000,1.799435
FILLER_110_742,VPWR,li1,349.6000,312.8000,1.799435
FILLER_110_730,VPWR,li1,344.0800,312.8000,1.799435
FILLER_110_724,VPWR,li1,339.2500,312.8000,1.799435
FILLER_110_718,VPWR,li1,336.4900,312.8000,1.799443
FILLER_110_701,VPWR,li1,330.7400,312.8000,1.799540
FILLER_110_697,VPWR,li1,326.8300,312.8000,1.799471
FILLER_110_643,VPWR,li1,301.5300,312.8000,1.798969
FILLER_110_637,VPWR,li1,298.7700,312.8000,1.798946
FILLER_110_632,VPWR,li1,296.7000,312.8000,1.798923
FILLER_110_620,VPWR,li1,293.4800,312.8000,1.798898
FILLER_110_602,VPWR,li1,284.2800,312.8000,1.798839
FILLER_110_597,VPWR,li1,280.6000,312.8000,1.798816
FILLER_110_589,VPWR,li1,278.3000,312.8000,1.798803
FILLER_110_587,VPWR,li1,275.7700,312.8000,1.798789
FILLER_110_581,VPWR,li1,274.1600,312.8000,1.798789
FILLER_110_569,VPWR,li1,270.0200,312.8000,1.798784
FILLER_110_557,VPWR,li1,264.5000,312.8000,1.798780
FILLER_110_545,VPWR,li1,258.9800,312.8000,1.798779
FILLER_110_533,VPWR,li1,253.4600,312.8000,1.798779
FILLER_110_530,VPWR,li1,249.7800,312.8000,1.798781
FILLER_110_518,VPWR,li1,246.5600,312.8000,1.798783
FILLER_110_502,VPWR,li1,237.3600,312.8000,1.798811
FILLER_110_483,VPWR,li1,229.0800,312.8000,1.798872
FILLER_110_475,VPWR,li1,224.2500,312.8000,1.798907
FILLER_110_463,VPWR,li1,221.2600,312.8000,1.798943
FILLER_110_450,VPWR,li1,212.7500,312.8000,1.799045
FILLER_110_439,VPWR,li1,207.6900,312.8000,1.799126
FILLER_110_435,VPWR,li1,206.5400,312.8000,1.799126
FILLER_110_408,VPWR,li1,195.9600,312.8000,1.799302
FILLER_110_385,VPWR,li1,182.8500,312.8000,1.799598
FILLER_110_365,VPWR,li1,173.6500,312.8000,1.799723
FILLER_110_362,VPWR,li1,172.5000,312.8000,1.799715
FILLER_110_356,VPWR,li1,169.5100,312.8000,1.799707
FILLER_110_348,VPWR,li1,167.4400,312.8000,1.799698
FILLER_110_340,VPWR,li1,162.1500,312.8000,1.799676
FILLER_110_332,VPWR,li1,160.0800,312.8000,1.799665
FILLER_110_324,VPWR,li1,155.2500,312.8000,1.799646
FILLER_110_316,VPWR,li1,152.7200,312.8000,1.799638
FILLER_110_307,VPWR,li1,146.9700,312.8000,1.799617
FILLER_110_303,VPWR,li1,145.8200,312.8000,1.799608
FILLER_110_291,VPWR,li1,142.1400,312.8000,1.799595
FILLER_110_279,VPWR,li1,136.6200,312.8000,1.799580
FILLER_110_267,VPWR,li1,131.1000,312.8000,1.799561
FILLER_110_253,VPWR,li1,122.3600,312.8000,1.799531
FILLER_110_246,VPWR,li1,120.0600,312.8000,1.799524
FILLER_110_234,VPWR,li1,115.9200,312.8000,1.799511
FILLER_110_222,VPWR,li1,110.4000,312.8000,1.799498
FILLER_110_214,VPWR,li1,104.1900,312.8000,1.799479
FILLER_110_205,VPWR,li1,100.5100,312.8000,1.799474
FILLER_110_197,VPWR,li1,97.9800,312.8000,1.799470
FILLER_110_190,VPWR,li1,94.3000,312.8000,1.799464
FILLER_110_178,VPWR,li1,90.1600,312.8000,1.799461
FILLER_110_159,VPWR,li1,79.1200,312.8000,1.799474
FILLER_110_145,VPWR,li1,72.4500,312.8000,1.799501
FILLER_110_141,VPWR,li1,71.3000,312.8000,1.799517
FILLER_110_138,VPWR,li1,69.4600,312.8000,1.799533
FILLER_110_125,VPWR,li1,63.2500,312.8000,1.799576
FILLER_110_121,VPWR,li1,62.1000,312.8000,1.799576
FILLER_110_109,VPWR,li1,58.4200,312.8000,1.799604
FILLER_110_97,VPWR,li1,50.8300,312.8000,1.799662
FILLER_110_85,VPWR,li1,47.3800,312.8000,1.799690
FILLER_110_78,VPWR,li1,42.7800,312.8000,1.799730
FILLER_110_66,VPWR,li1,36.3400,312.8000,1.799778
FILLER_110_54,VPWR,li1,33.1200,312.8000,1.799805
FILLER_110_42,VPWR,li1,27.6000,312.8000,1.799851
FILLER_110_29,VPWR,li1,20.2400,312.8000,1.799914
FILLER_110_27,VPWR,li1,18.1700,312.8000,1.799914
FILLER_110_15,VPWR,li1,15.1800,312.8000,1.799914
FILLER_110_3,VPWR,li1,9.6600,312.8000,1.799914
FILLER_109_809,VPWR,li1,378.1200,307.3600,1.799482
FILLER_109_797,VPWR,li1,374.9000,307.3600,1.799482
FILLER_109_785,VPWR,li1,369.3800,307.3600,1.799482
FILLER_109_778,VPWR,li1,364.7800,307.3600,1.799482
FILLER_109_766,VPWR,li1,360.6400,307.3600,1.799482
FILLER_109_754,VPWR,li1,355.1200,307.3600,1.799482
FILLER_109_742,VPWR,li1,349.6000,307.3600,1.799482
FILLER_109_737,VPWR,li1,345.0000,307.3600,1.799516
FILLER_109_729,VPWR,li1,341.5500,307.3600,1.799538
FILLER_109_727,VPWR,li1,340.1700,307.3600,1.799553
FILLER_109_716,VPWR,li1,336.2600,307.3600,1.799579
FILLER_109_706,VPWR,li1,330.9700,307.3600,1.799638
FILLER_109_694,VPWR,li1,325.2200,307.3600,1.799581
FILLER_109_686,VPWR,li1,322.9200,307.3600,1.799540
FILLER_109_671,VPWR,li1,314.4100,307.3600,1.799447
FILLER_109_667,VPWR,li1,313.2600,307.3600,1.799421
FILLER_109_655,VPWR,li1,309.5800,307.3600,1.799385
FILLER_109_641,VPWR,li1,302.2200,307.3600,1.799311
FILLER_109_629,VPWR,li1,297.6200,307.3600,1.799279
FILLER_109_617,VPWR,li1,292.1000,307.3600,1.799219
FILLER_109_615,VPWR,li1,288.6500,307.3600,1.799185
FILLER_109_611,VPWR,li1,287.5000,307.3600,1.799185
FILLER_109_588,VPWR,li1,277.3800,307.3600,1.799101
FILLER_109_575,VPWR,li1,270.2500,307.3600,1.799057
FILLER_109_561,VPWR,li1,264.0400,307.3600,1.799048
FILLER_109_559,VPWR,li1,262.8900,307.3600,1.799048
FILLER_109_547,VPWR,li1,259.9000,307.3600,1.799077
FILLER_109_542,VPWR,li1,255.0700,307.3600,1.799106
FILLER_109_538,VPWR,li1,253.9200,307.3600,1.799106
FILLER_109_526,VPWR,li1,250.2400,307.3600,1.799132
FILLER_109_515,VPWR,li1,243.3400,307.3600,1.799182
FILLER_109_509,VPWR,li1,239.8900,307.3600,1.799216
FILLER_109_505,VPWR,li1,238.7400,307.3600,1.799216
FILLER_109_503,VPWR,li1,237.1300,307.3600,1.799238
FILLER_109_499,VPWR,li1,235.9800,307.3600,1.799238
FILLER_109_487,VPWR,li1,232.3000,307.3600,1.799275
FILLER_109_479,VPWR,li1,226.0900,307.3600,1.799329
FILLER_109_473,VPWR,li1,224.4800,307.3600,1.799345
FILLER_109_461,VPWR,li1,220.3400,307.3600,1.799367
FILLER_109_449,VPWR,li1,214.8200,307.3600,1.799424
FILLER_109_447,VPWR,li1,211.3700,307.3600,1.799446
FILLER_109_439,VPWR,li1,209.3000,307.3600,1.799479
FILLER_109_429,VPWR,li1,203.5500,307.3600,1.799531
FILLER_109_417,VPWR,li1,200.1000,307.3600,1.799548
FILLER_109_405,VPWR,li1,194.5800,307.3600,1.799598
FILLER_109_393,VPWR,li1,189.0600,307.3600,1.799661
FILLER_109_386,VPWR,li1,184.4600,307.3600,1.799698
FILLER_109_381,VPWR,li1,181.0100,307.3600,1.799757
FILLER_109_375,VPWR,li1,179.4000,307.3600,1.799757
FILLER_109_371,VPWR,li1,176.4100,307.3600,1.799814
FILLER_109_365,VPWR,li1,174.8000,307.3600,1.799814
FILLER_109_361,VPWR,li1,171.8100,307.3600,1.799796
FILLER_109_353,VPWR,li1,169.7400,307.3600,1.799784
FILLER_109_348,VPWR,li1,166.0600,307.3600,1.799754
FILLER_109_334,VPWR,li1,159.6200,307.3600,1.799726
FILLER_109_324,VPWR,li1,155.9400,307.3600,1.799705
FILLER_109_312,VPWR,li1,151.8000,307.3600,1.799687
FILLER_109_306,VPWR,li1,146.9700,307.3600,1.799662
FILLER_109_288,VPWR,li1,138.6900,307.3600,1.799621
FILLER_109_277,VPWR,li1,133.6300,307.3600,1.799592
FILLER_109_270,VPWR,li1,129.9500,307.3600,1.799581
FILLER_109_264,VPWR,li1,128.3400,307.3600,1.799570
FILLER_109_252,VPWR,li1,124.2000,307.3600,1.799556
FILLER_109_244,VPWR,li1,117.9900,307.3600,1.799522
FILLER_109_238,VPWR,li1,116.3800,307.3600,1.799522
FILLER_109_222,VPWR,li1,108.1000,307.3600,1.799513
FILLER_109_214,VPWR,li1,105.8000,307.3600,1.799519
FILLER_109_201,VPWR,li1,98.6700,307.3600,1.799542
FILLER_109_193,VPWR,li1,96.1400,307.3600,1.799550
FILLER_109_181,VPWR,li1,91.5400,307.3600,1.799568
FILLER_109_169,VPWR,li1,86.0200,307.3600,1.799586
FILLER_109_165,VPWR,li1,82.1100,307.3600,1.799596
FILLER_109_153,VPWR,li1,78.6600,307.3600,1.799610
FILLER_109_145,VPWR,li1,72.4500,307.3600,1.799634
FILLER_109_136,VPWR,li1,68.3100,307.3600,1.799653
FILLER_109_132,VPWR,li1,67.1600,307.3600,1.799663
FILLER_109_120,VPWR,li1,63.4800,307.3600,1.799675
FILLER_109_104,VPWR,li1,54.0500,307.3600,1.799725
FILLER_109_99,VPWR,li1,51.5200,307.3600,1.799736
FILLER_109_84,VPWR,li1,44.3900,307.3600,1.799776
FILLER_109_80,VPWR,li1,43.2400,307.3600,1.799787
FILLER_109_68,VPWR,li1,38.1800,307.3600,1.799811
FILLER_109_57,VPWR,li1,33.5800,307.3600,1.799841
FILLER_109_44,VPWR,li1,28.5200,307.3600,1.799882
FILLER_109_34,VPWR,li1,21.8500,307.3600,1.799924
FILLER_109_15,VPWR,li1,15.1800,307.3600,1.799923
FILLER_109_3,VPWR,li1,9.6600,307.3600,1.799923
FILLER_108_805,VPWR,li1,377.2000,307.3600,1.799482
FILLER_108_793,VPWR,li1,373.0600,307.3600,1.799482
FILLER_108_781,VPWR,li1,367.5400,307.3600,1.799482
FILLER_108_769,VPWR,li1,362.0200,307.3600,1.799482
FILLER_108_757,VPWR,li1,356.5000,307.3600,1.799482
FILLER_108_748,VPWR,li1,351.4400,307.3600,1.799482
FILLER_108_738,VPWR,li1,345.6900,307.3600,1.799497
FILLER_108_713,VPWR,li1,336.2600,307.3600,1.799579
FILLER_108_701,VPWR,li1,330.7400,307.3600,1.799662
FILLER_108_675,VPWR,li1,316.7100,307.3600,1.799468
FILLER_108_664,VPWR,li1,311.8800,307.3600,1.799421
FILLER_108_657,VPWR,li1,308.4300,307.3600,1.799385
FILLER_108_645,VPWR,li1,304.9800,307.3600,1.799351
FILLER_108_640,VPWR,li1,300.8400,307.3600,1.799311
FILLER_108_627,VPWR,li1,294.1700,307.3600,1.799247
FILLER_108_615,VPWR,li1,291.1800,307.3600,1.799219
FILLER_108_603,VPWR,li1,285.6600,307.3600,1.799162
FILLER_108_589,VPWR,li1,278.3000,307.3600,1.799101
FILLER_108_586,VPWR,li1,275.5400,307.3600,1.799081
FILLER_108_578,VPWR,li1,273.2400,307.3600,1.799063
FILLER_108_566,VPWR,li1,268.6400,307.3600,1.799057
FILLER_108_544,VPWR,li1,256.2200,307.3600,1.799091
FILLER_108_533,VPWR,li1,251.6200,307.3600,1.799132
FILLER_108_520,VPWR,li1,247.4800,307.3600,1.799163
FILLER_108_497,VPWR,li1,235.9800,307.3600,1.799238
FILLER_108_485,VPWR,li1,231.3800,307.3600,1.799275
FILLER_108_467,VPWR,li1,220.8000,307.3600,1.799367
FILLER_108_459,VPWR,li1,218.5000,307.3600,1.799383
FILLER_108_447,VPWR,li1,213.9000,307.3600,1.799424
FILLER_108_439,VPWR,li1,207.6900,307.3600,1.799479
FILLER_108_433,VPWR,li1,206.0800,307.3600,1.799495
FILLER_108_421,VPWR,li1,201.9400,307.3600,1.799531
FILLER_108_417,VPWR,li1,198.0300,307.3600,1.799567
FILLER_108_398,VPWR,li1,191.3600,307.3600,1.799628
FILLER_108_376,VPWR,li1,178.7100,307.3600,1.799783
FILLER_108_372,VPWR,li1,177.5600,307.3600,1.799783
FILLER_108_361,VPWR,li1,172.2700,307.3600,1.799796
FILLER_108_344,VPWR,li1,165.1400,307.3600,1.799754
FILLER_108_331,VPWR,li1,159.1600,307.3600,1.799726
FILLER_108_315,VPWR,li1,150.6500,307.3600,1.799673
FILLER_108_309,VPWR,li1,149.0400,307.3600,1.799673
FILLER_108_307,VPWR,li1,146.9700,307.3600,1.799662
FILLER_108_303,VPWR,li1,145.8200,307.3600,1.799649
FILLER_108_291,VPWR,li1,142.1400,307.3600,1.799632
FILLER_108_277,VPWR,li1,133.8600,307.3600,1.799592
FILLER_108_263,VPWR,li1,127.4200,307.3600,1.799570
FILLER_108_253,VPWR,li1,122.5900,307.3600,1.799545
FILLER_108_246,VPWR,li1,120.0600,307.3600,1.799537
FILLER_108_228,VPWR,li1,113.1600,307.3600,1.799510
FILLER_108_216,VPWR,li1,107.6400,307.3600,1.799513
FILLER_108_204,VPWR,li1,102.1200,307.3600,1.799532
FILLER_108_195,VPWR,li1,95.4500,307.3600,1.799550
FILLER_108_187,VPWR,li1,93.3800,307.3600,1.799556
FILLER_108_178,VPWR,li1,87.8600,307.3600,1.799575
FILLER_108_171,VPWR,li1,84.8700,307.3600,1.799586
FILLER_108_158,VPWR,li1,80.0400,307.3600,1.799610
FILLER_108_146,VPWR,li1,75.4400,307.3600,1.799627
FILLER_108_130,VPWR,li1,66.0100,307.3600,1.799663
FILLER_108_119,VPWR,li1,61.1800,307.3600,1.799685
FILLER_108_107,VPWR,li1,57.5000,307.3600,1.799711
FILLER_108_98,VPWR,li1,51.0600,307.3600,1.799736
FILLER_108_85,VPWR,li1,44.8500,307.3600,1.799776
FILLER_108_83,VPWR,li1,43.9300,307.3600,1.799776
FILLER_108_75,VPWR,li1,40.2500,307.3600,1.799798
FILLER_108_55,VPWR,li1,31.7400,307.3600,1.799853
FILLER_108_41,VPWR,li1,25.0700,307.3600,1.799905
FILLER_108_29,VPWR,li1,21.6200,307.3600,1.799924
FILLER_108_27,VPWR,li1,18.1700,307.3600,1.799923
FILLER_108_15,VPWR,li1,15.1800,307.3600,1.799923
FILLER_108_3,VPWR,li1,9.6600,307.3600,1.799923
FILLER_107_809,VPWR,li1,378.1200,301.9200,1.799139
FILLER_107_797,VPWR,li1,374.9000,301.9200,1.799143
FILLER_107_785,VPWR,li1,369.3800,301.9200,1.799148
FILLER_107_783,VPWR,li1,365.9300,301.9200,1.799159
FILLER_107_779,VPWR,li1,364.7800,301.9200,1.799159
FILLER_107_771,VPWR,li1,360.4100,301.9200,1.799176
FILLER_107_757,VPWR,li1,353.9700,301.9200,1.799256
FILLER_107_749,VPWR,li1,351.9000,301.9200,1.799296
FILLER_107_734,VPWR,li1,345.9200,301.9200,1.799415
FILLER_107_727,VPWR,li1,340.1700,301.9200,1.799539
FILLER_107_701,VPWR,li1,329.8200,301.9200,1.799739
FILLER_107_681,VPWR,li1,319.0100,301.9200,1.799695
FILLER_107_673,VPWR,li1,316.9400,301.9200,1.799690
FILLER_107_670,VPWR,li1,314.1800,301.9200,1.799681
FILLER_107_659,VPWR,li1,308.8900,301.9200,1.799669
FILLER_107_655,VPWR,li1,307.7400,301.9200,1.799669
FILLER_107_646,VPWR,li1,303.1400,301.9200,1.799658
FILLER_107_634,VPWR,li1,299.9200,301.9200,1.799654
FILLER_107_608,VPWR,li1,287.0400,301.9200,1.799636
FILLER_107_596,VPWR,li1,282.4400,301.9200,1.799631
FILLER_107_581,VPWR,li1,273.2400,301.9200,1.799621
FILLER_107_573,VPWR,li1,270.0200,301.9200,1.799620
FILLER_107_561,VPWR,li1,266.3400,301.9200,1.799619
FILLER_107_559,VPWR,li1,262.8900,301.9200,1.799619
FILLER_107_553,VPWR,li1,260.1300,301.9200,1.799622
FILLER_107_547,VPWR,li1,258.5200,301.9200,1.799622
FILLER_107_529,VPWR,li1,249.0900,301.9200,1.799635
FILLER_107_524,VPWR,li1,246.7900,301.9200,1.799638
FILLER_107_512,VPWR,li1,243.8000,301.9200,1.799641
FILLER_107_503,VPWR,li1,237.1300,301.9200,1.799652
FILLER_107_488,VPWR,li1,230.2300,301.9200,1.799664
FILLER_107_476,VPWR,li1,227.2400,301.9200,1.799670
FILLER_107_468,VPWR,li1,221.4900,301.9200,1.799681
FILLER_107_449,VPWR,li1,213.9000,301.9200,1.799698
FILLER_107_445,VPWR,li1,210.9100,301.9200,1.799708
FILLER_107_441,VPWR,li1,208.6100,301.9200,1.799712
FILLER_107_429,VPWR,li1,205.6200,301.9200,1.799719
FILLER_107_417,VPWR,li1,200.1000,301.9200,1.799736
FILLER_107_407,VPWR,li1,193.4300,301.9200,1.799753
FILLER_107_391,VPWR,li1,185.6100,301.9200,1.799785
FILLER_107_373,VPWR,li1,177.3300,301.9200,1.799865
FILLER_107_369,VPWR,li1,176.1800,301.9200,1.799865
FILLER_107_357,VPWR,li1,172.5000,301.9200,1.799880
FILLER_107_349,VPWR,li1,166.2900,301.9200,1.799868
FILLER_107_337,VPWR,li1,163.3000,301.9200,1.799865
FILLER_107_335,VPWR,li1,159.8500,301.9200,1.799861
FILLER_107_309,VPWR,li1,147.8900,301.9200,1.799849
FILLER_107_303,VPWR,li1,146.2800,301.9200,1.799847
FILLER_107_294,VPWR,li1,141.2200,301.9200,1.799844
FILLER_107_281,VPWR,li1,136.1600,301.9200,1.799840
FILLER_107_277,VPWR,li1,133.6300,301.9200,1.799838
FILLER_107_273,VPWR,li1,131.3300,301.9200,1.799837
FILLER_107_267,VPWR,li1,129.7200,301.9200,1.799837
FILLER_107_260,VPWR,li1,125.3500,301.9200,1.799835
FILLER_107_252,VPWR,li1,121.6700,301.9200,1.799833
FILLER_107_248,VPWR,li1,120.5200,301.9200,1.799833
FILLER_107_233,VPWR,li1,113.1600,301.9200,1.799831
FILLER_107_225,VPWR,li1,110.8600,301.9200,1.799832
FILLER_107_222,VPWR,li1,108.1000,301.9200,1.799832
FILLER_107_209,VPWR,li1,102.5800,301.9200,1.799834
FILLER_107_182,VPWR,li1,91.0800,301.9200,1.799840
FILLER_107_164,VPWR,li1,81.8800,301.9200,1.799850
FILLER_107_156,VPWR,li1,77.5100,301.9200,1.799858
FILLER_107_152,VPWR,li1,76.3600,301.9200,1.799858
FILLER_107_142,VPWR,li1,72.2200,301.9200,1.799865
FILLER_107_130,VPWR,li1,68.0800,301.9200,1.799872
FILLER_107_113,VPWR,li1,58.4200,301.9200,1.799892
FILLER_107_106,VPWR,li1,55.6600,301.9200,1.799895
FILLER_107_94,VPWR,li1,51.5200,301.9200,1.799906
FILLER_107_83,VPWR,li1,45.5400,301.9200,1.799916
FILLER_107_71,VPWR,li1,40.9400,301.9200,1.799928
FILLER_107_67,VPWR,li1,36.5700,301.9200,1.799938
FILLER_107_61,VPWR,li1,33.8100,301.9200,1.799942
FILLER_107_57,VPWR,li1,32.6600,301.9200,1.799947
FILLER_107_55,VPWR,li1,31.0500,301.9200,1.799947
FILLER_107_27,VPWR,li1,18.8600,301.9200,1.799972
FILLER_107_15,VPWR,li1,15.1800,301.9200,1.799972
FILLER_107_3,VPWR,li1,9.6600,301.9200,1.799971
FILLER_106_803,VPWR,li1,375.8200,301.9200,1.799143
FILLER_106_772,VPWR,li1,362.4800,301.9200,1.799165
FILLER_106_757,VPWR,li1,354.2000,301.9200,1.799256
FILLER_106_754,VPWR,li1,352.8200,301.9200,1.799296
FILLER_106_746,VPWR,li1,350.5200,301.9200,1.799344
FILLER_106_739,VPWR,li1,345.6900,301.9200,1.799415
FILLER_106_730,VPWR,li1,341.7800,301.9200,1.799490
FILLER_106_722,VPWR,li1,339.4800,301.9200,1.799539
FILLER_106_709,VPWR,li1,332.3500,301.9200,1.799673
FILLER_106_701,VPWR,li1,329.8200,301.9200,1.799739
FILLER_106_698,VPWR,li1,327.0600,301.9200,1.799723
FILLER_106_690,VPWR,li1,324.7600,301.9200,1.799715
FILLER_106_678,VPWR,li1,320.1600,301.9200,1.799695
FILLER_106_666,VPWR,li1,314.6400,301.9200,1.799681
FILLER_106_662,VPWR,li1,310.2700,301.9200,1.799674
FILLER_106_654,VPWR,li1,308.2000,301.9200,1.799669
FILLER_106_643,VPWR,li1,301.5300,301.9200,1.799658
FILLER_106_635,VPWR,li1,299.4600,301.9200,1.799654
FILLER_106_623,VPWR,li1,294.8600,301.9200,1.799646
FILLER_106_601,VPWR,li1,282.9000,301.9200,1.799631
FILLER_106_589,VPWR,li1,279.2200,301.9200,1.799627
FILLER_106_564,VPWR,li1,266.8000,301.9200,1.799619
FILLER_106_557,VPWR,li1,261.9700,301.9200,1.799619
FILLER_106_545,VPWR,li1,258.9800,301.9200,1.799622
FILLER_106_533,VPWR,li1,253.4600,301.9200,1.799628
FILLER_106_530,VPWR,li1,249.7800,301.9200,1.799632
FILLER_106_522,VPWR,li1,245.8700,301.9200,1.799638
FILLER_106_518,VPWR,li1,244.7200,301.9200,1.799641
FILLER_106_506,VPWR,li1,241.0400,301.9200,1.799648
FILLER_106_494,VPWR,li1,235.5200,301.9200,1.799656
FILLER_106_477,VPWR,li1,227.7000,301.9200,1.799670
FILLER_106_468,VPWR,li1,222.6400,301.9200,1.799681
FILLER_106_459,VPWR,li1,217.1200,301.9200,1.799692
FILLER_106_447,VPWR,li1,213.9000,301.9200,1.799698
FILLER_106_431,VPWR,li1,204.0100,301.9200,1.799726
FILLER_106_425,VPWR,li1,202.4000,301.9200,1.799726
FILLER_106_419,VPWR,li1,198.4900,301.9200,1.799736
FILLER_106_411,VPWR,li1,194.8100,301.9200,1.799746
FILLER_106_387,VPWR,li1,183.7700,301.9200,1.799798
FILLER_106_365,VPWR,li1,174.1100,301.9200,1.799884
FILLER_106_361,VPWR,li1,172.2700,301.9200,1.799880
FILLER_106_349,VPWR,li1,168.8200,301.9200,1.799873
FILLER_106_341,VPWR,li1,162.8400,301.9200,1.799865
FILLER_106_336,VPWR,li1,160.3100,301.9200,1.799861
FILLER_106_328,VPWR,li1,158.2400,301.9200,1.799859
FILLER_106_320,VPWR,li1,153.1800,301.9200,1.799853
FILLER_106_309,VPWR,li1,149.5000,301.9200,1.799851
FILLER_106_307,VPWR,li1,146.9700,301.9200,1.799847
FILLER_106_285,VPWR,li1,137.0800,301.9200,1.799842
FILLER_106_273,VPWR,li1,133.8600,301.9200,1.799838
FILLER_106_261,VPWR,li1,128.3400,301.9200,1.799836
FILLER_106_253,VPWR,li1,122.5900,301.9200,1.799834
FILLER_106_249,VPWR,li1,120.7500,301.9200,1.799833
FILLER_106_237,VPWR,li1,117.3000,301.9200,1.799832
FILLER_106_229,VPWR,li1,111.0900,301.9200,1.799832
FILLER_106_225,VPWR,li1,109.9400,301.9200,1.799832
FILLER_106_203,VPWR,li1,99.5900,301.9200,1.799834
FILLER_106_195,VPWR,li1,95.4500,301.9200,1.799837
FILLER_106_191,VPWR,li1,94.3000,301.9200,1.799837
FILLER_106_172,VPWR,li1,87.4000,301.9200,1.799843
FILLER_106_165,VPWR,li1,81.8800,301.9200,1.799850
FILLER_106_157,VPWR,li1,79.5800,301.9200,1.799853
FILLER_106_141,VPWR,li1,71.3000,301.9200,1.799869
FILLER_106_134,VPWR,li1,68.5400,301.9200,1.799872
FILLER_106_122,VPWR,li1,64.4000,301.9200,1.799879
FILLER_106_111,VPWR,li1,57.5000,301.9200,1.799892
FILLER_106_99,VPWR,li1,53.8200,301.9200,1.799899
FILLER_106_89,VPWR,li1,46.6900,301.9200,1.799916
FILLER_106_85,VPWR,li1,45.5400,301.9200,1.799916
FILLER_106_80,VPWR,li1,43.2400,301.9200,1.799921
FILLER_106_68,VPWR,li1,39.5600,301.9200,1.799928
FILLER_106_59,VPWR,li1,33.1200,301.9200,1.799942
FILLER_106_51,VPWR,li1,30.8200,301.9200,1.799951
FILLER_106_39,VPWR,li1,26.2200,301.9200,1.799958
FILLER_106_29,VPWR,li1,19.7800,301.9200,1.799972
FILLER_106_27,VPWR,li1,18.1700,301.9200,1.799972
FILLER_106_19,VPWR,li1,16.1000,301.9200,1.799972
FILLER_106_7,VPWR,li1,11.5000,301.9200,1.799971
FILLER_105_805,VPWR,li1,376.5100,296.4800,1.799896
FILLER_105_797,VPWR,li1,373.9800,296.4800,1.799896
FILLER_105_785,VPWR,li1,369.3800,296.4800,1.799896
FILLER_105_780,VPWR,li1,365.2400,296.4800,1.799896
FILLER_105_768,VPWR,li1,361.5600,296.4800,1.799897
FILLER_105_756,VPWR,li1,353.7400,296.4800,1.799904
FILLER_105_744,VPWR,li1,350.5200,296.4800,1.799907
FILLER_105_733,VPWR,li1,342.9300,296.4800,1.799919
FILLER_105_729,VPWR,li1,341.7800,296.4800,1.799919
FILLER_105_726,VPWR,li1,339.9400,296.4800,1.799922
FILLER_105_718,VPWR,li1,337.6400,296.4800,1.799926
FILLER_105_706,VPWR,li1,333.0400,296.4800,1.799933
FILLER_105_697,VPWR,li1,326.8300,296.4800,1.799930
FILLER_105_685,VPWR,li1,323.3800,296.4800,1.799920
FILLER_105_673,VPWR,li1,317.8600,296.4800,1.799896
FILLER_105_671,VPWR,li1,314.4100,296.4800,1.799882
FILLER_105_665,VPWR,li1,312.8000,296.4800,1.799882
FILLER_105_658,VPWR,li1,308.6600,296.4800,1.799868
FILLER_105_646,VPWR,li1,305.4400,296.4800,1.799856
FILLER_105_636,VPWR,li1,298.5400,296.4800,1.799834
FILLER_105_624,VPWR,li1,295.3200,296.4800,1.799826
FILLER_105_615,VPWR,li1,288.6500,296.4800,1.799804
FILLER_105_610,VPWR,li1,286.5800,296.4800,1.799797
FILLER_105_603,VPWR,li1,283.1300,296.4800,1.799793
FILLER_105_597,VPWR,li1,281.5200,296.4800,1.799789
FILLER_105_582,VPWR,li1,273.9300,296.4800,1.799774
FILLER_105_574,VPWR,li1,271.4000,296.4800,1.799767
FILLER_105_539,VPWR,li1,253.6900,296.4800,1.799744
FILLER_105_533,VPWR,li1,252.0800,296.4800,1.799742
FILLER_105_517,VPWR,li1,246.1000,296.4800,1.799739
FILLER_105_505,VPWR,li1,240.5800,296.4800,1.799737
FILLER_105_503,VPWR,li1,237.1300,296.4800,1.799735
FILLER_105_499,VPWR,li1,235.9800,296.4800,1.799735
FILLER_105_474,VPWR,li1,224.4800,296.4800,1.799734
FILLER_105_457,VPWR,li1,216.4300,296.4800,1.799737
FILLER_105_449,VPWR,li1,213.9000,296.4800,1.799738
FILLER_105_428,VPWR,li1,203.0900,296.4800,1.799745
FILLER_105_420,VPWR,li1,200.5600,296.4800,1.799749
FILLER_105_403,VPWR,li1,191.5900,296.4800,1.799758
FILLER_105_369,VPWR,li1,176.1800,296.4800,1.799842
FILLER_105_357,VPWR,li1,170.2000,296.4800,1.799846
FILLER_105_337,VPWR,li1,161.4600,296.4800,1.799829
FILLER_105_334,VPWR,li1,159.6200,296.4800,1.799829
FILLER_105_326,VPWR,li1,157.3200,296.4800,1.799828
FILLER_105_314,VPWR,li1,152.7200,296.4800,1.799827
FILLER_105_302,VPWR,li1,147.2000,296.4800,1.799826
FILLER_105_293,VPWR,li1,141.6800,296.4800,1.799824
FILLER_105_281,VPWR,li1,137.5400,296.4800,1.799824
FILLER_105_279,VPWR,li1,134.0900,296.4800,1.799824
FILLER_105_244,VPWR,li1,120.5200,296.4800,1.799826
FILLER_105_235,VPWR,li1,115.0000,296.4800,1.799828
FILLER_105_223,VPWR,li1,108.3300,296.4800,1.799831
FILLER_105_216,VPWR,li1,105.1100,296.4800,1.799833
FILLER_105_204,VPWR,li1,100.0500,296.4800,1.799836
FILLER_105_192,VPWR,li1,96.6000,296.4800,1.799839
FILLER_105_185,VPWR,li1,90.8500,296.4800,1.799844
FILLER_105_181,VPWR,li1,89.7000,296.4800,1.799844
FILLER_105_169,VPWR,li1,86.0200,296.4800,1.799847
FILLER_105_167,VPWR,li1,82.5700,296.4800,1.799851
FILLER_105_163,VPWR,li1,81.4200,296.4800,1.799851
FILLER_105_151,VPWR,li1,77.7400,296.4800,1.799856
FILLER_105_143,VPWR,li1,72.2200,296.4800,1.799861
FILLER_105_131,VPWR,li1,68.5400,296.4800,1.799864
FILLER_105_121,VPWR,li1,61.4100,296.4800,1.799874
FILLER_105_113,VPWR,li1,59.3400,296.4800,1.799876
FILLER_105_108,VPWR,li1,56.1200,296.4800,1.799880
FILLER_105_89,VPWR,li1,46.6900,296.4800,1.799898
FILLER_105_81,VPWR,li1,44.6200,296.4800,1.799902
FILLER_105_69,VPWR,li1,40.0200,296.4800,1.799911
FILLER_105_53,VPWR,li1,30.5900,296.4800,1.799936
FILLER_105_41,VPWR,li1,27.1400,296.4800,1.799944
FILLER_105_26,VPWR,li1,17.9400,296.4800,1.799958
FILLER_105_18,VPWR,li1,15.6400,296.4800,1.799957
FILLER_105_6,VPWR,li1,11.0400,296.4800,1.799955
FILLER_104_804,VPWR,li1,376.2800,296.4800,1.799896
FILLER_104_792,VPWR,li1,372.6000,296.4800,1.799896
FILLER_104_778,VPWR,li1,363.6300,296.4800,1.799896
FILLER_104_770,VPWR,li1,361.5600,296.4800,1.799897
FILLER_104_747,VPWR,li1,350.5200,296.4800,1.799907
FILLER_104_727,VPWR,li1,340.8600,296.4800,1.799922
FILLER_104_715,VPWR,li1,337.1800,296.4800,1.799926
FILLER_104_693,VPWR,li1,324.5300,296.4800,1.799920
FILLER_104_681,VPWR,li1,321.5400,296.4800,1.799913
FILLER_104_665,VPWR,li1,311.6500,296.4800,1.799875
FILLER_104_645,VPWR,li1,304.9800,296.4800,1.799856
FILLER_104_642,VPWR,li1,301.3000,296.4800,1.799841
FILLER_104_630,VPWR,li1,298.0800,296.4800,1.799834
FILLER_104_618,VPWR,li1,292.5600,296.4800,1.799813
FILLER_104_602,VPWR,li1,282.9000,296.4800,1.799789
FILLER_104_579,VPWR,li1,272.0900,296.4800,1.799767
FILLER_104_573,VPWR,li1,270.4800,296.4800,1.799767
FILLER_104_540,VPWR,li1,255.3000,296.4800,1.799746
FILLER_104_519,VPWR,li1,245.6400,296.4800,1.799739
FILLER_104_506,VPWR,li1,238.7400,296.4800,1.799736
FILLER_104_498,VPWR,li1,236.4400,296.4800,1.799735
FILLER_104_483,VPWR,li1,227.9300,296.4800,1.799734
FILLER_104_477,VPWR,li1,226.3200,296.4800,1.799734
FILLER_104_452,VPWR,li1,213.6700,296.4800,1.799738
FILLER_104_440,VPWR,li1,210.6800,296.4800,1.799740
FILLER_104_425,VPWR,li1,201.2500,296.4800,1.799747
FILLER_104_421,VPWR,li1,200.1000,296.4800,1.799749
FILLER_104_410,VPWR,li1,194.8100,296.4800,1.799755
FILLER_104_402,VPWR,li1,192.2800,296.4800,1.799758
FILLER_104_392,VPWR,li1,186.0700,296.4800,1.799772
FILLER_104_379,VPWR,li1,180.0900,296.4800,1.799808
FILLER_104_371,VPWR,li1,178.0200,296.4800,1.799826
FILLER_104_365,VPWR,li1,174.1100,296.4800,1.799860
FILLER_104_356,VPWR,li1,171.1200,296.4800,1.799846
FILLER_104_344,VPWR,li1,166.5200,296.4800,1.799835
FILLER_104_336,VPWR,li1,160.3100,296.4800,1.799829
FILLER_104_330,VPWR,li1,158.7000,296.4800,1.799828
FILLER_104_318,VPWR,li1,154.5600,296.4800,1.799827
FILLER_104_309,VPWR,li1,149.0400,296.4800,1.799826
FILLER_104_307,VPWR,li1,146.9700,296.4800,1.799826
FILLER_104_299,VPWR,li1,144.9000,296.4800,1.799825
FILLER_104_286,VPWR,li1,138.4600,296.4800,1.799824
FILLER_104_281,VPWR,li1,135.2400,296.4800,1.799824
FILLER_104_273,VPWR,li1,132.9400,296.4800,1.799824
FILLER_104_257,VPWR,li1,123.9700,296.4800,1.799825
FILLER_104_253,VPWR,li1,122.8200,296.4800,1.799825
FILLER_104_250,VPWR,li1,120.9800,296.4800,1.799826
FILLER_104_233,VPWR,li1,113.1600,296.4800,1.799829
FILLER_104_225,VPWR,li1,110.8600,296.4800,1.799830
FILLER_104_213,VPWR,li1,106.2600,296.4800,1.799832
FILLER_104_201,VPWR,li1,100.7400,296.4800,1.799836
FILLER_104_195,VPWR,li1,95.4500,296.4800,1.799839
FILLER_104_183,VPWR,li1,92.4600,296.4800,1.799842
FILLER_104_171,VPWR,li1,86.9400,296.4800,1.799847
FILLER_104_166,VPWR,li1,82.1100,296.4800,1.799851
FILLER_104_162,VPWR,li1,80.9600,296.4800,1.799851
FILLER_104_141,VPWR,li1,70.8400,296.4800,1.799861
FILLER_104_136,VPWR,li1,69.0000,296.4800,1.799864
FILLER_104_115,VPWR,li1,58.6500,296.4800,1.799876
FILLER_104_107,VPWR,li1,56.5800,296.4800,1.799880
FILLER_104_99,VPWR,li1,51.5200,296.4800,1.799888
FILLER_104_83,VPWR,li1,43.9300,296.4800,1.799906
FILLER_104_77,VPWR,li1,42.3200,296.4800,1.799906
FILLER_104_17,VPWR,li1,13.8000,296.4800,1.799956
FILLER_104_9,VPWR,li1,11.5000,296.4800,1.799955
FILLER_103_799,VPWR,li1,375.8200,291.0400,1.799935
FILLER_103_763,VPWR,li1,358.3400,291.0400,1.799939
FILLER_103_729,VPWR,li1,342.7000,291.0400,1.799950
FILLER_103_725,VPWR,li1,339.7100,291.0400,1.799953
FILLER_103_713,VPWR,li1,334.8800,291.0400,1.799959
FILLER_103_701,VPWR,li1,330.7400,291.0400,1.799966
FILLER_103_683,VPWR,li1,319.9300,291.0400,1.799949
FILLER_103_625,VPWR,li1,293.4800,291.0400,1.799921
FILLER_103_617,VPWR,li1,291.1800,291.0400,1.799919
FILLER_103_615,VPWR,li1,288.6500,291.0400,1.799917
FILLER_103_611,VPWR,li1,287.5000,291.0400,1.799915
FILLER_103_600,VPWR,li1,283.3600,291.0400,1.799913
FILLER_103_581,VPWR,li1,273.4700,291.0400,1.799907
FILLER_103_573,VPWR,li1,270.9400,291.0400,1.799905
FILLER_103_561,VPWR,li1,266.3400,291.0400,1.799902
FILLER_103_556,VPWR,li1,262.2000,291.0400,1.799901
FILLER_103_544,VPWR,li1,258.5200,291.0400,1.799899
FILLER_103_527,VPWR,li1,248.1700,291.0400,1.799895
FILLER_103_515,VPWR,li1,245.1800,291.0400,1.799895
FILLER_103_511,VPWR,li1,240.8100,291.0400,1.799894
FILLER_103_505,VPWR,li1,239.2000,291.0400,1.799894
FILLER_103_502,VPWR,li1,236.9000,291.0400,1.799894
FILLER_103_490,VPWR,li1,233.6800,291.0400,1.799894
FILLER_103_478,VPWR,li1,228.1600,291.0400,1.799895
FILLER_103_449,VPWR,li1,213.4400,291.0400,1.799902
FILLER_103_434,VPWR,li1,207.0000,291.0400,1.799908
FILLER_103_422,VPWR,li1,202.4000,291.0400,1.799914
FILLER_103_405,VPWR,li1,192.5100,291.0400,1.799929
FILLER_103_393,VPWR,li1,189.0600,291.0400,1.799932
FILLER_103_391,VPWR,li1,185.6100,291.0400,1.799937
FILLER_103_387,VPWR,li1,184.4600,291.0400,1.799941
FILLER_103_383,VPWR,li1,181.9300,291.0400,1.799946
FILLER_103_379,VPWR,li1,180.7800,291.0400,1.799946
FILLER_103_367,VPWR,li1,177.1000,291.0400,1.799953
FILLER_103_352,VPWR,li1,168.8200,291.0400,1.799943
FILLER_103_343,VPWR,li1,164.6800,291.0400,1.799936
FILLER_103_337,VPWR,li1,160.7700,291.0400,1.799932
FILLER_103_327,VPWR,li1,156.8600,291.0400,1.799927
FILLER_103_309,VPWR,li1,147.8900,291.0400,1.799914
FILLER_103_281,VPWR,li1,135.7000,291.0400,1.799906
FILLER_103_279,VPWR,li1,134.0900,291.0400,1.799906
FILLER_103_267,VPWR,li1,131.1000,291.0400,1.799905
FILLER_103_262,VPWR,li1,126.5000,291.0400,1.799903
FILLER_103_250,VPWR,li1,123.2800,291.0400,1.799902
FILLER_103_225,VPWR,li1,111.7800,291.0400,1.799898
FILLER_103_220,VPWR,li1,107.6400,291.0400,1.799897
FILLER_103_213,VPWR,li1,103.7300,291.0400,1.799896
FILLER_103_205,VPWR,li1,101.6600,291.0400,1.799896
FILLER_103_181,VPWR,li1,89.2400,291.0400,1.799896
FILLER_103_166,VPWR,li1,82.3400,291.0400,1.799898
FILLER_103_154,VPWR,li1,79.1200,291.0400,1.799900
FILLER_103_132,VPWR,li1,69.0000,291.0400,1.799906
FILLER_103_111,VPWR,li1,56.8100,291.0400,1.799918
FILLER_103_99,VPWR,li1,53.8200,291.0400,1.799921
FILLER_103_77,VPWR,li1,42.7800,291.0400,1.799937
FILLER_103_57,VPWR,li1,31.9700,291.0400,1.799955
FILLER_103_55,VPWR,li1,31.0500,291.0400,1.799959
FILLER_103_51,VPWR,li1,29.9000,291.0400,1.799959
FILLER_103_43,VPWR,li1,25.5300,291.0400,1.799967
FILLER_103_33,VPWR,li1,21.3900,291.0400,1.799975
FILLER_103_23,VPWR,li1,16.5600,291.0400,1.799974
FILLER_103_15,VPWR,li1,14.2600,291.0400,1.799974
FILLER_103_3,VPWR,li1,9.6600,291.0400,1.799973
FILLER_102_805,VPWR,li1,376.5100,291.0400,1.799935
FILLER_102_793,VPWR,li1,373.0600,291.0400,1.799935
FILLER_102_762,VPWR,li1,358.8000,291.0400,1.799939
FILLER_102_755,VPWR,li1,353.0500,291.0400,1.799943
FILLER_102_743,VPWR,li1,349.1400,291.0400,1.799945
FILLER_102_731,VPWR,li1,344.5400,291.0400,1.799949
FILLER_102_714,VPWR,li1,334.4200,291.0400,1.799959
FILLER_102_688,VPWR,li1,323.8400,291.0400,1.799957
FILLER_102_684,VPWR,li1,320.3900,291.0400,1.799949
FILLER_102_672,VPWR,li1,317.4000,291.0400,1.799946
FILLER_102_651,VPWR,li1,306.8200,291.0400,1.799932
FILLER_102_636,VPWR,li1,299.9200,291.0400,1.799926
FILLER_102_630,VPWR,li1,295.5500,291.0400,1.799923
FILLER_102_618,VPWR,li1,290.0300,291.0400,1.799917
FILLER_102_606,VPWR,li1,287.0400,291.0400,1.799915
FILLER_102_594,VPWR,li1,281.5200,291.0400,1.799911
FILLER_102_586,VPWR,li1,275.5400,291.0400,1.799908
FILLER_102_574,VPWR,li1,272.3200,291.0400,1.799905
FILLER_102_561,VPWR,li1,263.8100,291.0400,1.799901
FILLER_102_557,VPWR,li1,262.6600,291.0400,1.799901
FILLER_102_545,VPWR,li1,258.9800,291.0400,1.799899
FILLER_102_533,VPWR,li1,253.4600,291.0400,1.799896
FILLER_102_531,VPWR,li1,250.0100,291.0400,1.799896
FILLER_102_519,VPWR,li1,247.0200,291.0400,1.799895
FILLER_102_509,VPWR,li1,239.8900,291.0400,1.799894
FILLER_102_501,VPWR,li1,236.2100,291.0400,1.799894
FILLER_102_487,VPWR,li1,230.9200,291.0400,1.799894
FILLER_102_475,VPWR,li1,224.2500,291.0400,1.799895
FILLER_102_469,VPWR,li1,222.6400,291.0400,1.799896
FILLER_102_457,VPWR,li1,218.5000,291.0400,1.799898
FILLER_102_433,VPWR,li1,205.1600,291.0400,1.799910
FILLER_102_421,VPWR,li1,201.9400,291.0400,1.799914
FILLER_102_417,VPWR,li1,198.0300,291.0400,1.799919
FILLER_102_409,VPWR,li1,195.5000,291.0400,1.799923
FILLER_102_397,VPWR,li1,190.9000,291.0400,1.799929
FILLER_102_383,VPWR,li1,182.1600,291.0400,1.799946
FILLER_102_362,VPWR,li1,172.5000,291.0400,1.799952
FILLER_102_327,VPWR,li1,156.1700,291.0400,1.799924
FILLER_102_323,VPWR,li1,155.0200,291.0400,1.799924
FILLER_102_309,VPWR,li1,147.8900,291.0400,1.799914
FILLER_102_301,VPWR,li1,144.4400,291.0400,1.799913
FILLER_102_285,VPWR,li1,137.3100,291.0400,1.799908
FILLER_102_277,VPWR,li1,134.7800,291.0400,1.799906
FILLER_102_271,VPWR,li1,130.4100,291.0400,1.799904
FILLER_102_265,VPWR,li1,128.8000,291.0400,1.799904
FILLER_102_253,VPWR,li1,124.6600,291.0400,1.799902
FILLER_102_251,VPWR,li1,121.2100,291.0400,1.799901
FILLER_102_245,VPWR,li1,119.6000,291.0400,1.799900
FILLER_102_237,VPWR,li1,115.0000,291.0400,1.799899
FILLER_102_225,VPWR,li1,111.7800,291.0400,1.799898
FILLER_102_204,VPWR,li1,101.2000,291.0400,1.799896
FILLER_102_195,VPWR,li1,95.4500,291.0400,1.799895
FILLER_102_188,VPWR,li1,92.6900,291.0400,1.799895
FILLER_102_177,VPWR,li1,88.7800,291.0400,1.799896
FILLER_102_153,VPWR,li1,77.7400,291.0400,1.799900
FILLER_102_141,VPWR,li1,73.1400,291.0400,1.799903
FILLER_102_138,VPWR,li1,69.4600,291.0400,1.799906
FILLER_102_133,VPWR,li1,66.9300,291.0400,1.799907
FILLER_102_127,VPWR,li1,65.3200,291.0400,1.799910
FILLER_102_115,VPWR,li1,61.1800,291.0400,1.799912
FILLER_102_108,VPWR,li1,56.1200,291.0400,1.799918
FILLER_102_101,VPWR,li1,52.9000,291.0400,1.799924
FILLER_102_89,VPWR,li1,47.3800,291.0400,1.799929
FILLER_102_81,VPWR,li1,43.4700,291.0400,1.799937
FILLER_102_67,VPWR,li1,37.7200,291.0400,1.799945
FILLER_102_58,VPWR,li1,32.6600,291.0400,1.799955
FILLER_102_50,VPWR,li1,30.3600,291.0400,1.799959
FILLER_102_38,VPWR,li1,24.8400,291.0400,1.799971
FILLER_102_29,VPWR,li1,19.5500,291.0400,1.799974
FILLER_102_27,VPWR,li1,18.1700,291.0400,1.799974
FILLER_102_19,VPWR,li1,16.1000,291.0400,1.799974
FILLER_102_7,VPWR,li1,11.5000,291.0400,1.799974
FILLER_101_805,VPWR,li1,376.5100,285.6000,1.799891
FILLER_101_797,VPWR,li1,373.9800,285.6000,1.799893
FILLER_101_785,VPWR,li1,369.3800,285.6000,1.799898
FILLER_101_783,VPWR,li1,365.9300,285.6000,1.799901
FILLER_101_777,VPWR,li1,364.3200,285.6000,1.799904
FILLER_101_765,VPWR,li1,360.1800,285.6000,1.799911
FILLER_101_757,VPWR,li1,353.9700,285.6000,1.799917
FILLER_101_749,VPWR,li1,351.9000,285.6000,1.799920
FILLER_101_745,VPWR,li1,348.4500,285.6000,1.799926
FILLER_101_741,VPWR,li1,347.3000,285.6000,1.799926
FILLER_101_729,VPWR,li1,343.6200,285.6000,1.799932
FILLER_101_709,VPWR,li1,334.4200,285.6000,1.799947
FILLER_101_697,VPWR,li1,328.9000,285.6000,1.799958
FILLER_101_685,VPWR,li1,323.3800,285.6000,1.799945
FILLER_101_673,VPWR,li1,317.8600,285.6000,1.799934
FILLER_101_671,VPWR,li1,314.4100,285.6000,1.799923
FILLER_101_662,VPWR,li1,310.7300,285.6000,1.799918
FILLER_101_657,VPWR,li1,307.9700,285.6000,1.799915
FILLER_101_649,VPWR,li1,305.9000,285.6000,1.799910
FILLER_101_637,VPWR,li1,301.3000,285.6000,1.799904
FILLER_101_601,VPWR,li1,283.8200,285.6000,1.799878
FILLER_101_592,VPWR,li1,278.3000,285.6000,1.799873
FILLER_101_576,VPWR,li1,271.1700,285.6000,1.799868
FILLER_101_561,VPWR,li1,263.8100,285.6000,1.799863
FILLER_101_555,VPWR,li1,261.0500,285.6000,1.799862
FILLER_101_535,VPWR,li1,251.8500,285.6000,1.799860
FILLER_101_527,VPWR,li1,249.7800,285.6000,1.799860
FILLER_101_519,VPWR,li1,244.4900,285.6000,1.799861
FILLER_101_515,VPWR,li1,243.3400,285.6000,1.799861
FILLER_101_482,VPWR,li1,227.7000,285.6000,1.799869
FILLER_101_474,VPWR,li1,225.4000,285.6000,1.799872
FILLER_101_462,VPWR,li1,220.8000,285.6000,1.799874
FILLER_101_447,VPWR,li1,211.3700,285.6000,1.799885
FILLER_101_431,VPWR,li1,204.0100,285.6000,1.799892
FILLER_101_424,VPWR,li1,201.4800,285.6000,1.799896
FILLER_101_381,VPWR,li1,181.0100,285.6000,1.799935
FILLER_101_375,VPWR,li1,179.4000,285.6000,1.799941
FILLER_101_365,VPWR,li1,174.1100,285.6000,1.799953
FILLER_101_360,VPWR,li1,171.5800,285.6000,1.799945
FILLER_101_342,VPWR,li1,164.2200,285.6000,1.799935
FILLER_101_332,VPWR,li1,158.4700,285.6000,1.799923
FILLER_101_326,VPWR,li1,156.8600,285.6000,1.799923
FILLER_101_314,VPWR,li1,152.7200,285.6000,1.799916
FILLER_101_307,VPWR,li1,147.6600,285.6000,1.799907
FILLER_101_279,VPWR,li1,134.0900,285.6000,1.799886
FILLER_101_244,VPWR,li1,120.5200,285.6000,1.799874
FILLER_101_232,VPWR,li1,115.0000,285.6000,1.799870
FILLER_101_222,VPWR,li1,108.1000,285.6000,1.799867
FILLER_101_215,VPWR,li1,104.6500,285.6000,1.799865
FILLER_101_209,VPWR,li1,103.0400,285.6000,1.799864
FILLER_101_197,VPWR,li1,98.9000,285.6000,1.799862
FILLER_101_185,VPWR,li1,93.3800,285.6000,1.799861
FILLER_101_177,VPWR,li1,87.1700,285.6000,1.799860
FILLER_101_166,VPWR,li1,82.3400,285.6000,1.799859
FILLER_101_146,VPWR,li1,74.0600,285.6000,1.799859
FILLER_101_128,VPWR,li1,64.6300,285.6000,1.799859
FILLER_101_118,VPWR,li1,60.0300,285.6000,1.799860
FILLER_101_110,VPWR,li1,56.5800,285.6000,1.799861
FILLER_101_102,VPWR,li1,52.6700,285.6000,1.799862
FILLER_101_86,VPWR,li1,45.5400,285.6000,1.799865
FILLER_101_82,VPWR,li1,43.4700,285.6000,1.799866
FILLER_101_69,VPWR,li1,38.6400,285.6000,1.799870
FILLER_101_57,VPWR,li1,34.5000,285.6000,1.799881
FILLER_101_55,VPWR,li1,31.0500,285.6000,1.799891
FILLER_101_49,VPWR,li1,29.4400,285.6000,1.799901
FILLER_101_41,VPWR,li1,24.6100,285.6000,1.799929
FILLER_101_37,VPWR,li1,23.4600,285.6000,1.799940
FILLER_101_30,VPWR,li1,20.0100,285.6000,1.799940
FILLER_101_18,VPWR,li1,16.5600,285.6000,1.799939
FILLER_101_6,VPWR,li1,11.0400,285.6000,1.799938
FILLER_100_803,VPWR,li1,375.8200,285.6000,1.799891
FILLER_100_791,VPWR,li1,372.1400,285.6000,1.799895
FILLER_100_780,VPWR,li1,364.5500,285.6000,1.799904
FILLER_100_757,VPWR,li1,355.5800,285.6000,1.799917
FILLER_100_755,VPWR,li1,353.0500,285.6000,1.799920
FILLER_100_743,VPWR,li1,350.0600,285.6000,1.799923
FILLER_100_738,VPWR,li1,345.4600,285.6000,1.799929
FILLER_100_726,VPWR,li1,342.2400,285.6000,1.799936
FILLER_100_714,VPWR,li1,336.7200,285.6000,1.799943
FILLER_100_709,VPWR,li1,331.8900,285.6000,1.799952
FILLER_100_701,VPWR,li1,329.8200,285.6000,1.799958
FILLER_100_696,VPWR,li1,326.6000,285.6000,1.799953
FILLER_100_684,VPWR,li1,322.9200,285.6000,1.799945
FILLER_100_660,VPWR,li1,310.0400,285.6000,1.799918
FILLER_100_645,VPWR,li1,304.9800,285.6000,1.799910
FILLER_100_642,VPWR,li1,301.3000,285.6000,1.799904
FILLER_100_630,VPWR,li1,298.0800,285.6000,1.799898
FILLER_100_595,VPWR,li1,279.9100,285.6000,1.799875
FILLER_100_587,VPWR,li1,275.7700,285.6000,1.799872
FILLER_100_579,VPWR,li1,273.7000,285.6000,1.799870
FILLER_100_565,VPWR,li1,265.8800,285.6000,1.799864
FILLER_100_553,VPWR,li1,262.6600,285.6000,1.799862
FILLER_100_530,VPWR,li1,249.7800,285.6000,1.799860
FILLER_100_526,VPWR,li1,247.7100,285.6000,1.799860
FILLER_100_516,VPWR,li1,243.5700,285.6000,1.799861
FILLER_100_477,VPWR,li1,227.7000,285.6000,1.799869
FILLER_100_474,VPWR,li1,224.0200,285.6000,1.799872
FILLER_100_466,VPWR,li1,221.7200,285.6000,1.799874
FILLER_100_454,VPWR,li1,217.1200,285.6000,1.799879
FILLER_100_446,VPWR,li1,210.9100,285.6000,1.799885
FILLER_100_432,VPWR,li1,205.6200,285.6000,1.799892
FILLER_100_410,VPWR,li1,194.8100,285.6000,1.799906
FILLER_100_402,VPWR,li1,192.2800,285.6000,1.799910
FILLER_100_394,VPWR,li1,187.6800,285.6000,1.799922
FILLER_100_382,VPWR,li1,184.0000,285.6000,1.799927
FILLER_100_370,VPWR,li1,178.4800,285.6000,1.799941
FILLER_100_361,VPWR,li1,172.2700,285.6000,1.799950
FILLER_100_351,VPWR,li1,168.3600,285.6000,1.799940
FILLER_100_339,VPWR,li1,164.2200,285.6000,1.799935
FILLER_100_327,VPWR,li1,158.7000,285.6000,1.799926
FILLER_100_321,VPWR,li1,153.4100,285.6000,1.799916
FILLER_100_309,VPWR,li1,150.4200,285.6000,1.799910
FILLER_100_307,VPWR,li1,146.9700,285.6000,1.799904
FILLER_100_301,VPWR,li1,145.3600,285.6000,1.799904
FILLER_100_288,VPWR,li1,138.6900,285.6000,1.799893
FILLER_100_280,VPWR,li1,136.1600,285.6000,1.799888
FILLER_100_272,VPWR,li1,130.8700,285.6000,1.799882
FILLER_100_251,VPWR,li1,121.2100,285.6000,1.799875
FILLER_100_243,VPWR,li1,119.1400,285.6000,1.799874
FILLER_100_228,VPWR,li1,111.7800,285.6000,1.799869
FILLER_100_216,VPWR,li1,105.8000,285.6000,1.799865
FILLER_100_204,VPWR,li1,102.1200,285.6000,1.799864
FILLER_100_175,VPWR,li1,86.9400,285.6000,1.799860
FILLER_100_161,VPWR,li1,79.8100,285.6000,1.799859
FILLER_100_153,VPWR,li1,77.7400,285.6000,1.799859
FILLER_100_141,VPWR,li1,73.1400,285.6000,1.799859
FILLER_100_139,VPWR,li1,69.6900,285.6000,1.799859
FILLER_100_131,VPWR,li1,67.6200,285.6000,1.799859
FILLER_100_119,VPWR,li1,63.0200,285.6000,1.799859
FILLER_100_110,VPWR,li1,56.5800,285.6000,1.799861
FILLER_100_102,VPWR,li1,54.2800,285.6000,1.799862
FILLER_100_85,VPWR,li1,47.3800,285.6000,1.799864
FILLER_100_82,VPWR,li1,43.7000,285.6000,1.799866
FILLER_100_70,VPWR,li1,40.4800,285.6000,1.799868
FILLER_100_54,VPWR,li1,30.8200,285.6000,1.799891
FILLER_100_44,VPWR,li1,26.4500,285.6000,1.799914
FILLER_100_36,VPWR,li1,23.9200,285.6000,1.799929
FILLER_100_27,VPWR,li1,18.1700,285.6000,1.799939
FILLER_100_19,VPWR,li1,16.1000,285.6000,1.799939
FILLER_100_7,VPWR,li1,11.5000,285.6000,1.799938
FILLER_99_806,VPWR,li1,376.7400,280.1600,1.799790
FILLER_99_794,VPWR,li1,373.5200,280.1600,1.799790
FILLER_99_778,VPWR,li1,363.8600,280.1600,1.799805
FILLER_99_766,VPWR,li1,358.1100,280.1600,1.799814
FILLER_99_759,VPWR,li1,355.1200,280.1600,1.799818
FILLER_99_751,VPWR,li1,352.8200,280.1600,1.799823
FILLER_99_729,VPWR,li1,341.5500,280.1600,1.799850
FILLER_99_725,VPWR,li1,339.7100,280.1600,1.799856
FILLER_99_702,VPWR,li1,329.1300,280.1600,1.799900
FILLER_99_694,VPWR,li1,324.9900,280.1600,1.799881
FILLER_99_688,VPWR,li1,323.3800,280.1600,1.799871
FILLER_99_681,VPWR,li1,319.0100,280.1600,1.799848
FILLER_99_673,VPWR,li1,316.9400,280.1600,1.799839
FILLER_99_670,VPWR,li1,314.1800,280.1600,1.799828
FILLER_99_661,VPWR,li1,310.2700,280.1600,1.799810
FILLER_99_653,VPWR,li1,307.7400,280.1600,1.799799
FILLER_99_634,VPWR,li1,297.3900,280.1600,1.799760
FILLER_99_626,VPWR,li1,295.3200,280.1600,1.799752
FILLER_99_617,VPWR,li1,289.8000,280.1600,1.799729
FILLER_99_615,VPWR,li1,288.6500,280.1600,1.799721
FILLER_99_609,VPWR,li1,287.0400,280.1600,1.799721
FILLER_99_597,VPWR,li1,282.9000,280.1600,1.799706
FILLER_99_585,VPWR,li1,277.3800,280.1600,1.799679
FILLER_99_573,VPWR,li1,271.8600,280.1600,1.799661
FILLER_99_561,VPWR,li1,266.3400,280.1600,1.799641
FILLER_99_543,VPWR,li1,255.9900,280.1600,1.799610
FILLER_99_535,VPWR,li1,253.4600,280.1600,1.799602
FILLER_99_509,VPWR,li1,242.4200,280.1600,1.799562
FILLER_99_498,VPWR,li1,235.9800,280.1600,1.799550
FILLER_99_493,VPWR,li1,232.7600,280.1600,1.799542
FILLER_99_485,VPWR,li1,230.4600,280.1600,1.799537
FILLER_99_473,VPWR,li1,223.3300,280.1600,1.799534
FILLER_99_461,VPWR,li1,220.3400,280.1600,1.799550
FILLER_99_449,VPWR,li1,214.8200,280.1600,1.799567
FILLER_99_436,VPWR,li1,208.8400,280.1600,1.799593
FILLER_99_424,VPWR,li1,203.3200,280.1600,1.799638
FILLER_99_402,VPWR,li1,190.9000,280.1600,1.799714
FILLER_99_390,VPWR,li1,185.3800,280.1600,1.799757
FILLER_99_378,VPWR,li1,182.1600,280.1600,1.799790
FILLER_99_366,VPWR,li1,176.6400,280.1600,1.799843
FILLER_99_355,VPWR,li1,169.7400,280.1600,1.799795
FILLER_99_337,VPWR,li1,161.4600,280.1600,1.799746
FILLER_99_335,VPWR,li1,159.8500,280.1600,1.799734
FILLER_99_329,VPWR,li1,158.2400,280.1600,1.799734
FILLER_99_314,VPWR,li1,150.6500,280.1600,1.799689
FILLER_99_306,VPWR,li1,148.1200,280.1600,1.799670
FILLER_99_288,VPWR,li1,140.7600,280.1600,1.799626
FILLER_99_274,VPWR,li1,132.9400,280.1600,1.799591
FILLER_99_262,VPWR,li1,128.8000,280.1600,1.799569
FILLER_99_254,VPWR,li1,122.5900,280.1600,1.799530
FILLER_99_242,VPWR,li1,119.6000,280.1600,1.799514
FILLER_99_225,VPWR,li1,109.7100,280.1600,1.799472
FILLER_99_218,VPWR,li1,107.1800,280.1600,1.799460
FILLER_99_190,VPWR,li1,95.6800,280.1600,1.799414
FILLER_99_181,VPWR,li1,89.4700,280.1600,1.799407
FILLER_99_169,VPWR,li1,86.0200,280.1600,1.799404
FILLER_99_167,VPWR,li1,82.5700,280.1600,1.799401
FILLER_99_159,VPWR,li1,80.5000,280.1600,1.799397
FILLER_99_147,VPWR,li1,75.9000,280.1600,1.799406
FILLER_99_135,VPWR,li1,70.3800,280.1600,1.799423
FILLER_99_125,VPWR,li1,63.7100,280.1600,1.799447
FILLER_99_113,VPWR,li1,60.2600,280.1600,1.799467
FILLER_99_111,VPWR,li1,56.8100,280.1600,1.799487
FILLER_99_99,VPWR,li1,53.8200,280.1600,1.799504
FILLER_99_87,VPWR,li1,48.3000,280.1600,1.799537
FILLER_99_75,VPWR,li1,42.7800,280.1600,1.799604
FILLER_99_63,VPWR,li1,37.2600,280.1600,1.799650
FILLER_99_57,VPWR,li1,32.2000,280.1600,1.799724
FILLER_99_55,VPWR,li1,31.0500,280.1600,1.799724
FILLER_99_43,VPWR,li1,28.0600,280.1600,1.799761
FILLER_99_31,VPWR,li1,22.5400,280.1600,1.799831
FILLER_99_19,VPWR,li1,17.0200,280.1600,1.799859
FILLER_99_7,VPWR,li1,11.5000,280.1600,1.799858
FILLER_98_785,VPWR,li1,368.0000,280.1600,1.799797
FILLER_98_770,VPWR,li1,362.4800,280.1600,1.799805
FILLER_98_753,VPWR,li1,352.5900,280.1600,1.799823
FILLER_98_745,VPWR,li1,350.0600,280.1600,1.799829
FILLER_98_732,VPWR,li1,343.1600,280.1600,1.799850
FILLER_98_722,VPWR,li1,338.3300,280.1600,1.799863
FILLER_98_714,VPWR,li1,335.8000,280.1600,1.799870
FILLER_98_698,VPWR,li1,327.0600,280.1600,1.799890
FILLER_98_689,VPWR,li1,322.9200,280.1600,1.799871
FILLER_98_672,VPWR,li1,314.8700,280.1600,1.799828
FILLER_98_659,VPWR,li1,309.3500,280.1600,1.799810
FILLER_98_651,VPWR,li1,306.8200,280.1600,1.799799
FILLER_98_637,VPWR,li1,299.0000,280.1600,1.799760
FILLER_98_625,VPWR,li1,295.7800,280.1600,1.799752
FILLER_98_613,VPWR,li1,290.2600,280.1600,1.799729
FILLER_98_601,VPWR,li1,284.7400,280.1600,1.799713
FILLER_98_589,VPWR,li1,279.2200,280.1600,1.799692
FILLER_98_587,VPWR,li1,275.7700,280.1600,1.799679
FILLER_98_579,VPWR,li1,273.7000,280.1600,1.799672
FILLER_98_571,VPWR,li1,269.1000,280.1600,1.799649
FILLER_98_559,VPWR,li1,263.1200,280.1600,1.799634
FILLER_98_545,VPWR,li1,256.4500,280.1600,1.799610
FILLER_98_533,VPWR,li1,253.4600,280.1600,1.799602
FILLER_98_531,VPWR,li1,250.0100,280.1600,1.799587
FILLER_98_527,VPWR,li1,248.8600,280.1600,1.799587
FILLER_98_515,VPWR,li1,245.1800,280.1600,1.799575
FILLER_98_507,VPWR,li1,239.4300,280.1600,1.799556
FILLER_98_495,VPWR,li1,235.9800,280.1600,1.799550
FILLER_98_483,VPWR,li1,230.4600,280.1600,1.799537
FILLER_98_467,VPWR,li1,220.8000,280.1600,1.799542
FILLER_98_457,VPWR,li1,216.4300,280.1600,1.799567
FILLER_98_445,VPWR,li1,212.9800,280.1600,1.799580
FILLER_98_437,VPWR,li1,206.7700,280.1600,1.799614
FILLER_98_433,VPWR,li1,205.6200,280.1600,1.799614
FILLER_98_421,VPWR,li1,201.9400,280.1600,1.799638
FILLER_98_418,VPWR,li1,198.2600,280.1600,1.799663
FILLER_98_406,VPWR,li1,195.0400,280.1600,1.799685
FILLER_98_371,VPWR,li1,177.1000,280.1600,1.799843
FILLER_98_356,VPWR,li1,171.1200,280.1600,1.799814
FILLER_98_333,VPWR,li1,159.6200,280.1600,1.799734
FILLER_98_309,VPWR,li1,147.8900,280.1600,1.799670
FILLER_98_306,VPWR,li1,146.7400,280.1600,1.799659
FILLER_98_299,VPWR,li1,143.5200,280.1600,1.799648
FILLER_98_289,VPWR,li1,139.3800,280.1600,1.799626
FILLER_98_277,VPWR,li1,135.7000,280.1600,1.799605
FILLER_98_265,VPWR,li1,130.1800,280.1600,1.799569
FILLER_98_253,VPWR,li1,124.6600,280.1600,1.799547
FILLER_98_251,VPWR,li1,121.2100,280.1600,1.799530
FILLER_98_239,VPWR,li1,118.2200,280.1600,1.799514
FILLER_98_227,VPWR,li1,112.7000,280.1600,1.799483
FILLER_98_215,VPWR,li1,107.1800,280.1600,1.799460
FILLER_98_204,VPWR,li1,100.2800,280.1600,1.799427
FILLER_98_188,VPWR,li1,93.8400,280.1600,1.799412
FILLER_98_176,VPWR,li1,89.2400,280.1600,1.799407
FILLER_98_164,VPWR,li1,83.7200,280.1600,1.799401
FILLER_98_151,VPWR,li1,76.3600,280.1600,1.799406
FILLER_98_141,VPWR,li1,71.3000,280.1600,1.799423
FILLER_98_139,VPWR,li1,69.6900,280.1600,1.799423
FILLER_98_131,VPWR,li1,67.6200,280.1600,1.799434
FILLER_98_119,VPWR,li1,60.9500,280.1600,1.799467
FILLER_98_111,VPWR,li1,58.4200,280.1600,1.799487
FILLER_98_99,VPWR,li1,53.8200,280.1600,1.799504
FILLER_98_85,VPWR,li1,44.8500,280.1600,1.799584
FILLER_98_76,VPWR,li1,41.4000,280.1600,1.799604
FILLER_98_64,VPWR,li1,37.7200,280.1600,1.799650
FILLER_98_58,VPWR,li1,32.8900,280.1600,1.799699
FILLER_98_43,VPWR,li1,25.7600,280.1600,1.799788
FILLER_98_27,VPWR,li1,18.1700,280.1600,1.799859
FILLER_98_15,VPWR,li1,15.1800,280.1600,1.799859
FILLER_98_3,VPWR,li1,9.6600,280.1600,1.799858
FILLER_97_807,VPWR,li1,376.9700,274.7200,1.799362
FILLER_97_803,VPWR,li1,375.1300,274.7200,1.799365
FILLER_97_797,VPWR,li1,373.5200,274.7200,1.799365
FILLER_97_785,VPWR,li1,369.3800,274.7200,1.799369
FILLER_97_781,VPWR,li1,365.4700,274.7200,1.799374
FILLER_97_746,VPWR,li1,349.3700,274.7200,1.799492
FILLER_97_734,VPWR,li1,345.9200,274.7200,1.799534
FILLER_97_726,VPWR,li1,339.9400,274.7200,1.799631
FILLER_97_714,VPWR,li1,336.7200,274.7200,1.799666
FILLER_97_700,VPWR,li1,328.2100,274.7200,1.799747
FILLER_97_694,VPWR,li1,324.9900,274.7200,1.799732
FILLER_97_686,VPWR,li1,322.9200,274.7200,1.799714
FILLER_97_673,VPWR,li1,315.7900,274.7200,1.799653
FILLER_97_650,VPWR,li1,304.9800,274.7200,1.799550
FILLER_97_625,VPWR,li1,293.9400,274.7200,1.799474
FILLER_97_613,VPWR,li1,288.1900,274.7200,1.799426
FILLER_97_605,VPWR,li1,285.6600,274.7200,1.799406
FILLER_97_590,VPWR,li1,277.1500,274.7200,1.799339
FILLER_97_569,VPWR,li1,267.7200,274.7200,1.799283
FILLER_97_561,VPWR,li1,265.4200,274.7200,1.799268
FILLER_97_557,VPWR,li1,262.4300,274.7200,1.799241
FILLER_97_549,VPWR,li1,259.9000,274.7200,1.799226
FILLER_97_537,VPWR,li1,255.3000,274.7200,1.799205
FILLER_97_525,VPWR,li1,249.7800,274.7200,1.799177
FILLER_97_511,VPWR,li1,240.8100,274.7200,1.799150
FILLER_97_501,VPWR,li1,236.6700,274.7200,1.799155
FILLER_97_493,VPWR,li1,234.1400,274.7200,1.799174
FILLER_97_481,VPWR,li1,229.5400,274.7200,1.799189
FILLER_97_469,VPWR,li1,224.0200,274.7200,1.799220
FILLER_97_461,VPWR,li1,218.0400,274.7200,1.799261
FILLER_97_447,VPWR,li1,211.3700,274.7200,1.799306
FILLER_97_443,VPWR,li1,210.2200,274.7200,1.799306
FILLER_97_434,VPWR,li1,205.3900,274.7200,1.799343
FILLER_97_420,VPWR,li1,199.4100,274.7200,1.799412
FILLER_97_412,VPWR,li1,196.8800,274.7200,1.799436
FILLER_97_371,VPWR,li1,178.0200,274.7200,1.799722
FILLER_97_358,VPWR,li1,171.5800,274.7200,1.799720
FILLER_97_346,VPWR,li1,167.4400,274.7200,1.799683
FILLER_97_340,VPWR,li1,162.1500,274.7200,1.799650
FILLER_97_335,VPWR,li1,159.8500,274.7200,1.799634
FILLER_97_310,VPWR,li1,148.5800,274.7200,1.799549
FILLER_97_287,VPWR,li1,137.7700,274.7200,1.799472
FILLER_97_281,VPWR,li1,136.1600,274.7200,1.799459
FILLER_97_279,VPWR,li1,134.0900,274.7200,1.799448
FILLER_97_263,VPWR,li1,127.1900,274.7200,1.799401
FILLER_97_251,VPWR,li1,123.7400,274.7200,1.799387
FILLER_97_244,VPWR,li1,117.9900,274.7200,1.799355
FILLER_97_232,VPWR,li1,115.0000,274.7200,1.799348
FILLER_97_218,VPWR,li1,107.1800,274.7200,1.799324
FILLER_97_206,VPWR,li1,103.0400,274.7200,1.799310
FILLER_97_194,VPWR,li1,97.5200,274.7200,1.799294
FILLER_97_189,VPWR,li1,92.6900,274.7200,1.799286
FILLER_97_177,VPWR,li1,87.1700,274.7200,1.799286
FILLER_97_169,VPWR,li1,85.1000,274.7200,1.799288
FILLER_97_167,VPWR,li1,82.5700,274.7200,1.799291
FILLER_97_159,VPWR,li1,80.5000,274.7200,1.799293
FILLER_97_138,VPWR,li1,69.2300,274.7200,1.799332
FILLER_97_130,VPWR,li1,67.1600,274.7200,1.799345
FILLER_97_116,VPWR,li1,59.3400,274.7200,1.799400
FILLER_97_101,VPWR,li1,52.9000,274.7200,1.799466
FILLER_97_89,VPWR,li1,49.2200,274.7200,1.799498
FILLER_97_69,VPWR,li1,37.4900,274.7200,1.799635
FILLER_97_57,VPWR,li1,34.5000,274.7200,1.799682
FILLER_97_46,VPWR,li1,27.6000,274.7200,1.799764
FILLER_97_39,VPWR,li1,24.1500,274.7200,1.799812
FILLER_97_31,VPWR,li1,21.6200,274.7200,1.799856
FILLER_97_19,VPWR,li1,17.0200,274.7200,1.799855
FILLER_97_7,VPWR,li1,11.5000,274.7200,1.799854
FILLER_96_803,VPWR,li1,375.1300,274.7200,1.799365
FILLER_96_797,VPWR,li1,373.5200,274.7200,1.799365
FILLER_96_785,VPWR,li1,369.3800,274.7200,1.799369
FILLER_96_775,VPWR,li1,362.7100,274.7200,1.799379
FILLER_96_748,VPWR,li1,351.4400,274.7200,1.799462
FILLER_96_741,VPWR,li1,347.3000,274.7200,1.799534
FILLER_96_737,VPWR,li1,344.7700,274.7200,1.799559
FILLER_96_728,VPWR,li1,340.8600,274.7200,1.799603
FILLER_96_720,VPWR,li1,338.5600,274.7200,1.799631
FILLER_96_701,VPWR,li1,330.7400,274.7200,1.799766
FILLER_96_697,VPWR,li1,326.8300,274.7200,1.799747
FILLER_96_685,VPWR,li1,323.3800,274.7200,1.799714
FILLER_96_673,VPWR,li1,317.8600,274.7200,1.799671
FILLER_96_658,VPWR,li1,308.4300,274.7200,1.799592
FILLER_96_650,VPWR,li1,306.3600,274.7200,1.799575
FILLER_96_642,VPWR,li1,301.3000,274.7200,1.799534
FILLER_96_624,VPWR,li1,295.3200,274.7200,1.799474
FILLER_96_609,VPWR,li1,285.8900,274.7200,1.799406
FILLER_96_589,VPWR,li1,277.3800,274.7200,1.799339
FILLER_96_587,VPWR,li1,275.7700,274.7200,1.799339
FILLER_96_583,VPWR,li1,274.6200,274.7200,1.799319
FILLER_96_571,VPWR,li1,270.9400,274.7200,1.799297
FILLER_96_559,VPWR,li1,265.4200,274.7200,1.799268
FILLER_96_533,VPWR,li1,251.1600,274.7200,1.799177
FILLER_96_529,VPWR,li1,249.5500,274.7200,1.799177
FILLER_96_514,VPWR,li1,242.8800,274.7200,1.799148
FILLER_96_497,VPWR,li1,234.8300,274.7200,1.799163
FILLER_96_477,VPWR,li1,225.4000,274.7200,1.799220
FILLER_96_474,VPWR,li1,224.0200,274.7200,1.799220
FILLER_96_462,VPWR,li1,220.8000,274.7200,1.799244
FILLER_96_449,VPWR,li1,212.5200,274.7200,1.799290
FILLER_96_441,VPWR,li1,210.2200,274.7200,1.799306
FILLER_96_416,VPWR,li1,197.8000,274.7200,1.799436
FILLER_96_406,VPWR,li1,192.9700,274.7200,1.799503
FILLER_96_371,VPWR,li1,176.4100,274.7200,1.799722
FILLER_96_365,VPWR,li1,174.8000,274.7200,1.799752
FILLER_96_363,VPWR,li1,172.7300,274.7200,1.799737
FILLER_96_355,VPWR,li1,170.6600,274.7200,1.799720
FILLER_96_343,VPWR,li1,166.0600,274.7200,1.799683
FILLER_96_335,VPWR,li1,160.0800,274.7200,1.799634
FILLER_96_323,VPWR,li1,156.8600,274.7200,1.799609
FILLER_96_317,VPWR,li1,151.8000,274.7200,1.799565
FILLER_96_309,VPWR,li1,149.5000,274.7200,1.799549
FILLER_96_307,VPWR,li1,146.9700,274.7200,1.799529
FILLER_96_303,VPWR,li1,145.8200,274.7200,1.799529
FILLER_96_260,VPWR,li1,126.0400,274.7200,1.799401
FILLER_96_245,VPWR,li1,118.4500,274.7200,1.799363
FILLER_96_236,VPWR,li1,114.5400,274.7200,1.799348
FILLER_96_224,VPWR,li1,111.3200,274.7200,1.799335
FILLER_96_215,VPWR,li1,104.8800,274.7200,1.799318
FILLER_96_203,VPWR,li1,101.6600,274.7200,1.799310
FILLER_96_193,VPWR,li1,94.9900,274.7200,1.799288
FILLER_96_182,VPWR,li1,90.1600,274.7200,1.799285
FILLER_96_168,VPWR,li1,83.0300,274.7200,1.799291
FILLER_96_162,VPWR,li1,81.4200,274.7200,1.799293
FILLER_96_148,VPWR,li1,73.8300,274.7200,1.799309
FILLER_96_128,VPWR,li1,67.1600,274.7200,1.799345
FILLER_96_114,VPWR,li1,58.1900,274.7200,1.799424
FILLER_96_105,VPWR,li1,54.5100,274.7200,1.799443
FILLER_96_97,VPWR,li1,50.3700,274.7200,1.799498
FILLER_96_93,VPWR,li1,49.2200,274.7200,1.799498
FILLER_96_85,VPWR,li1,44.8500,274.7200,1.799546
FILLER_96_77,VPWR,li1,41.1700,274.7200,1.799603
FILLER_96_73,VPWR,li1,40.0200,274.7200,1.799603
FILLER_96_63,VPWR,li1,35.1900,274.7200,1.799682
FILLER_96_50,VPWR,li1,29.2100,274.7200,1.799764
FILLER_96_38,VPWR,li1,25.7600,274.7200,1.799812
FILLER_96_24,VPWR,li1,16.7900,274.7200,1.799855
FILLER_96_18,VPWR,li1,15.1800,274.7200,1.799855
FILLER_96_6,VPWR,li1,11.0400,274.7200,1.799854
FILLER_95_785,VPWR,li1,368.0000,269.2800,1.799318
FILLER_95_776,VPWR,li1,364.3200,269.2800,1.799323
FILLER_95_749,VPWR,li1,350.5200,269.2800,1.799412
FILLER_95_729,VPWR,li1,341.3200,269.2800,1.799537
FILLER_95_727,VPWR,li1,340.1700,269.2800,1.799570
FILLER_95_703,VPWR,li1,330.2800,269.2800,1.799710
FILLER_95_689,VPWR,li1,322.6900,269.2800,1.799718
FILLER_95_685,VPWR,li1,321.5400,269.2800,1.799718
FILLER_95_673,VPWR,li1,317.8600,269.2800,1.799696
FILLER_95_670,VPWR,li1,314.1800,269.2800,1.799673
FILLER_95_658,VPWR,li1,310.9600,269.2800,1.799651
FILLER_95_646,VPWR,li1,305.4400,269.2800,1.799618
FILLER_95_634,VPWR,li1,299.9200,269.2800,1.799586
FILLER_95_622,VPWR,li1,294.4000,269.2800,1.799550
FILLER_95_614,VPWR,li1,288.4200,269.2800,1.799513
FILLER_95_610,VPWR,li1,286.3500,269.2800,1.799498
FILLER_95_604,VPWR,li1,284.7400,269.2800,1.799498
FILLER_95_587,VPWR,li1,278.3000,269.2800,1.799460
FILLER_95_575,VPWR,li1,272.7800,269.2800,1.799426
FILLER_95_551,VPWR,li1,259.6700,269.2800,1.799399
FILLER_95_536,VPWR,li1,253.9200,269.2800,1.799415
FILLER_95_523,VPWR,li1,247.9400,269.2800,1.799434
FILLER_95_511,VPWR,li1,243.3400,269.2800,1.799449
FILLER_95_498,VPWR,li1,235.9800,269.2800,1.799475
FILLER_95_491,VPWR,li1,231.6100,269.2800,1.799506
FILLER_95_487,VPWR,li1,230.4600,269.2800,1.799506
FILLER_95_473,VPWR,li1,223.5600,269.2800,1.799545
FILLER_95_461,VPWR,li1,220.3400,269.2800,1.799564
FILLER_95_449,VPWR,li1,214.8200,269.2800,1.799597
FILLER_95_447,VPWR,li1,211.3700,269.2800,1.799628
FILLER_95_441,VPWR,li1,209.7600,269.2800,1.799628
FILLER_95_429,VPWR,li1,205.6200,269.2800,1.799653
FILLER_95_422,VPWR,li1,199.8700,269.2800,1.799688
FILLER_95_418,VPWR,li1,198.7200,269.2800,1.799704
FILLER_95_393,VPWR,li1,189.0600,269.2800,1.799759
FILLER_95_391,VPWR,li1,185.6100,269.2800,1.799783
FILLER_95_387,VPWR,li1,183.7700,269.2800,1.799796
FILLER_95_341,VPWR,li1,162.6100,269.2800,1.799801
FILLER_95_337,VPWR,li1,161.4600,269.2800,1.799801
FILLER_95_335,VPWR,li1,159.8500,269.2800,1.799794
FILLER_95_331,VPWR,li1,158.7000,269.2800,1.799794
FILLER_95_319,VPWR,li1,155.0200,269.2800,1.799783
FILLER_95_311,VPWR,li1,149.0400,269.2800,1.799770
FILLER_95_299,VPWR,li1,145.8200,269.2800,1.799766
FILLER_95_289,VPWR,li1,139.1500,269.2800,1.799758
FILLER_95_281,VPWR,li1,136.6200,269.2800,1.799754
FILLER_95_279,VPWR,li1,134.0900,269.2800,1.799751
FILLER_95_273,VPWR,li1,132.4800,269.2800,1.799749
FILLER_95_266,VPWR,li1,128.3400,269.2800,1.799744
FILLER_95_254,VPWR,li1,125.1200,269.2800,1.799741
FILLER_95_238,VPWR,li1,115.6900,269.2800,1.799734
FILLER_95_230,VPWR,li1,113.1600,269.2800,1.799733
FILLER_95_223,VPWR,li1,108.3300,269.2800,1.799730
FILLER_95_211,VPWR,li1,103.0400,269.2800,1.799732
FILLER_95_199,VPWR,li1,99.8200,269.2800,1.799736
FILLER_95_187,VPWR,li1,94.3000,269.2800,1.799746
FILLER_95_181,VPWR,li1,89.2400,269.2800,1.799757
FILLER_95_169,VPWR,li1,86.0200,269.2800,1.799763
FILLER_95_166,VPWR,li1,82.3400,269.2800,1.799771
FILLER_95_158,VPWR,li1,80.0400,269.2800,1.799776
FILLER_95_146,VPWR,li1,75.4400,269.2800,1.799790
FILLER_95_137,VPWR,li1,69.2300,269.2800,1.799803
FILLER_95_125,VPWR,li1,65.7800,269.2800,1.799812
FILLER_95_113,VPWR,li1,60.2600,269.2800,1.799829
FILLER_95_106,VPWR,li1,55.6600,269.2800,1.799842
FILLER_95_98,VPWR,li1,51.0600,269.2800,1.799856
FILLER_95_86,VPWR,li1,47.8400,269.2800,1.799870
FILLER_95_74,VPWR,li1,42.3200,269.2800,1.799884
FILLER_95_62,VPWR,li1,35.4200,269.2800,1.799909
FILLER_95_55,VPWR,li1,31.0500,269.2800,1.799923
FILLER_95_51,VPWR,li1,29.2100,269.2800,1.799930
FILLER_95_45,VPWR,li1,27.6000,269.2800,1.799940
FILLER_95_33,VPWR,li1,23.4600,269.2800,1.799958
FILLER_95_15,VPWR,li1,14.2600,269.2800,1.799957
FILLER_95_3,VPWR,li1,9.6600,269.2800,1.799957
FILLER_94_802,VPWR,li1,374.9000,269.2800,1.799302
FILLER_94_790,VPWR,li1,371.6800,269.2800,1.799307
FILLER_94_785,VPWR,li1,367.0800,269.2800,1.799318
FILLER_94_721,VPWR,li1,338.5600,269.2800,1.799570
FILLER_94_707,VPWR,li1,330.9700,269.2800,1.799710
FILLER_94_701,VPWR,li1,329.3600,269.2800,1.799756
FILLER_94_699,VPWR,li1,327.2900,269.2800,1.799744
FILLER_94_669,VPWR,li1,316.0200,269.2800,1.799684
FILLER_94_657,VPWR,li1,310.5000,269.2800,1.799651
FILLER_94_645,VPWR,li1,304.9800,269.2800,1.799618
FILLER_94_630,VPWR,li1,296.0100,269.2800,1.799565
FILLER_94_622,VPWR,li1,293.4800,269.2800,1.799550
FILLER_94_615,VPWR,li1,289.3400,269.2800,1.799524
FILLER_94_603,VPWR,li1,285.6600,269.2800,1.799498
FILLER_94_583,VPWR,li1,273.9300,269.2800,1.799437
FILLER_94_575,VPWR,li1,271.8600,269.2800,1.799426
FILLER_94_563,VPWR,li1,267.2600,269.2800,1.799400
FILLER_94_553,VPWR,li1,260.5900,269.2800,1.799399
FILLER_94_545,VPWR,li1,258.0600,269.2800,1.799404
FILLER_94_533,VPWR,li1,253.4600,269.2800,1.799415
FILLER_94_531,VPWR,li1,250.0100,269.2800,1.799428
FILLER_94_527,VPWR,li1,248.8600,269.2800,1.799428
FILLER_94_513,VPWR,li1,241.9600,269.2800,1.799449
FILLER_94_501,VPWR,li1,238.7400,269.2800,1.799460
FILLER_94_489,VPWR,li1,233.2200,269.2800,1.799490
FILLER_94_477,VPWR,li1,227.7000,269.2800,1.799521
FILLER_94_464,VPWR,li1,221.7200,269.2800,1.799564
FILLER_94_452,VPWR,li1,216.2000,269.2800,1.799597
FILLER_94_433,VPWR,li1,207.4600,269.2800,1.799642
FILLER_94_421,VPWR,li1,201.9400,269.2800,1.799676
FILLER_94_419,VPWR,li1,198.4900,269.2800,1.799704
FILLER_94_415,VPWR,li1,197.3400,269.2800,1.799704
FILLER_94_408,VPWR,li1,193.6600,269.2800,1.799729
FILLER_94_400,VPWR,li1,191.3600,269.2800,1.799744
FILLER_94_388,VPWR,li1,186.7600,269.2800,1.799783
FILLER_94_361,VPWR,li1,172.2700,269.2800,1.799841
FILLER_94_346,VPWR,li1,164.9100,269.2800,1.799811
FILLER_94_342,VPWR,li1,163.0700,269.2800,1.799806
FILLER_94_333,VPWR,li1,159.1600,269.2800,1.799794
FILLER_94_325,VPWR,li1,156.8600,269.2800,1.799790
FILLER_94_309,VPWR,li1,147.8900,269.2800,1.799770
FILLER_94_302,VPWR,li1,145.1300,269.2800,1.799766
FILLER_94_294,VPWR,li1,142.6000,269.2800,1.799761
FILLER_94_282,VPWR,li1,138.0000,269.2800,1.799754
FILLER_94_272,VPWR,li1,131.1000,269.2800,1.799746
FILLER_94_257,VPWR,li1,125.5800,269.2800,1.799741
FILLER_94_245,VPWR,li1,118.4500,269.2800,1.799735
FILLER_94_237,VPWR,li1,116.3800,269.2800,1.799734
FILLER_94_225,VPWR,li1,111.7800,269.2800,1.799731
FILLER_94_215,VPWR,li1,105.1100,269.2800,1.799731
FILLER_94_204,VPWR,li1,100.2800,269.2800,1.799736
FILLER_94_194,VPWR,li1,95.2200,269.2800,1.799743
FILLER_94_178,VPWR,li1,88.0900,269.2800,1.799757
FILLER_94_170,VPWR,li1,85.5600,269.2800,1.799763
FILLER_94_158,VPWR,li1,80.9600,269.2800,1.799776
FILLER_94_145,VPWR,li1,72.4500,269.2800,1.799798
FILLER_94_141,VPWR,li1,71.3000,269.2800,1.799798
FILLER_94_138,VPWR,li1,69.4600,269.2800,1.799803
FILLER_94_126,VPWR,li1,66.2400,269.2800,1.799812
FILLER_94_112,VPWR,li1,57.5000,269.2800,1.799836
FILLER_94_104,VPWR,li1,55.2000,269.2800,1.799842
FILLER_94_92,VPWR,li1,50.6000,269.2800,1.799856
FILLER_94_78,VPWR,li1,42.0900,269.2800,1.799884
FILLER_94_66,VPWR,li1,38.6400,269.2800,1.799897
FILLER_94_59,VPWR,li1,33.3500,269.2800,1.799916
FILLER_94_47,VPWR,li1,29.9000,269.2800,1.799930
FILLER_94_36,VPWR,li1,22.3100,269.2800,1.799958
FILLER_94_15,VPWR,li1,14.2600,269.2800,1.799957
FILLER_94_3,VPWR,li1,9.6600,269.2800,1.799957
FILLER_93_803,VPWR,li1,375.1300,263.8400,1.799507
FILLER_93_799,VPWR,li1,373.9800,263.8400,1.799507
FILLER_93_783,VPWR,li1,365.9300,263.8400,1.799531
FILLER_93_779,VPWR,li1,364.7800,263.8400,1.799531
FILLER_93_729,VPWR,li1,341.5500,263.8400,1.799700
FILLER_93_725,VPWR,li1,339.7100,263.8400,1.799728
FILLER_93_713,VPWR,li1,336.2600,263.8400,1.799766
FILLER_93_701,VPWR,li1,330.7400,263.8400,1.799820
FILLER_93_689,VPWR,li1,325.2200,263.8400,1.799841
FILLER_93_682,VPWR,li1,319.7000,263.8400,1.799823
FILLER_93_671,VPWR,li1,314.4100,263.8400,1.799805
FILLER_93_660,VPWR,li1,309.3500,263.8400,1.799795
FILLER_93_611,VPWR,li1,287.0400,263.8400,1.799746
FILLER_93_599,VPWR,li1,283.8200,263.8400,1.799740
FILLER_93_588,VPWR,li1,276.4600,263.8400,1.799724
FILLER_93_577,VPWR,li1,271.1700,263.8400,1.799715
FILLER_93_573,VPWR,li1,270.0200,263.8400,1.799713
FILLER_93_561,VPWR,li1,266.3400,263.8400,1.799709
FILLER_93_559,VPWR,li1,262.8900,263.8400,1.799707
FILLER_93_551,VPWR,li1,260.8200,263.8400,1.799704
FILLER_93_544,VPWR,li1,256.2200,263.8400,1.799701
FILLER_93_536,VPWR,li1,253.9200,263.8400,1.799700
FILLER_93_524,VPWR,li1,249.3200,263.8400,1.799699
FILLER_93_512,VPWR,li1,243.8000,263.8400,1.799699
FILLER_93_502,VPWR,li1,236.9000,263.8400,1.799701
FILLER_93_490,VPWR,li1,233.6800,263.8400,1.799702
FILLER_93_478,VPWR,li1,228.1600,263.8400,1.799705
FILLER_93_455,VPWR,li1,217.5800,263.8400,1.799714
FILLER_93_445,VPWR,li1,210.9100,263.8400,1.799720
FILLER_93_431,VPWR,li1,204.4700,263.8400,1.799728
FILLER_93_424,VPWR,li1,201.2500,263.8400,1.799734
FILLER_93_416,VPWR,li1,198.7200,263.8400,1.799737
FILLER_93_405,VPWR,li1,193.6600,263.8400,1.799747
FILLER_93_393,VPWR,li1,189.0600,263.8400,1.799756
FILLER_93_389,VPWR,li1,185.1500,263.8400,1.799761
FILLER_93_381,VPWR,li1,182.6200,263.8400,1.799766
FILLER_93_357,VPWR,li1,170.2000,263.8400,1.799676
FILLER_93_337,VPWR,li1,161.4600,263.8400,1.799507
FILLER_93_330,VPWR,li1,158.7000,263.8400,1.799467
FILLER_93_323,VPWR,li1,154.3300,263.8400,1.799405
FILLER_93_319,VPWR,li1,153.1800,263.8400,1.799365
FILLER_93_285,VPWR,li1,136.8500,263.8400,1.799228
FILLER_93_281,VPWR,li1,135.7000,263.8400,1.799220
FILLER_93_278,VPWR,li1,133.8600,263.8400,1.799221
FILLER_93_265,VPWR,li1,127.6500,263.8400,1.799231
FILLER_93_257,VPWR,li1,124.4300,263.8400,1.799240
FILLER_93_245,VPWR,li1,120.9800,263.8400,1.799250
FILLER_93_237,VPWR,li1,115.2300,263.8400,1.799270
FILLER_93_225,VPWR,li1,111.7800,263.8400,1.799283
FILLER_93_223,VPWR,li1,108.3300,263.8400,1.799308
FILLER_93_210,VPWR,li1,102.8100,263.8400,1.799335
FILLER_93_202,VPWR,li1,100.2800,263.8400,1.799359
FILLER_93_190,VPWR,li1,95.6800,263.8400,1.799387
FILLER_93_184,VPWR,li1,90.3900,263.8400,1.799411
FILLER_93_176,VPWR,li1,88.3200,263.8400,1.799425
FILLER_93_167,VPWR,li1,82.5700,263.8400,1.799470
FILLER_93_163,VPWR,li1,81.4200,263.8400,1.799470
FILLER_93_158,VPWR,li1,78.4300,263.8400,1.799488
FILLER_93_152,VPWR,li1,76.8200,263.8400,1.799502
FILLER_93_140,VPWR,li1,72.6800,263.8400,1.799527
FILLER_93_125,VPWR,li1,63.9400,263.8400,1.799596
FILLER_93_113,VPWR,li1,60.2600,263.8400,1.799612
FILLER_93_108,VPWR,li1,56.1200,263.8400,1.799642
FILLER_93_94,VPWR,li1,49.4500,263.8400,1.799701
FILLER_93_86,VPWR,li1,46.9200,263.8400,1.799715
FILLER_93_74,VPWR,li1,42.3200,263.8400,1.799752
FILLER_93_64,VPWR,li1,35.6500,263.8400,1.799797
FILLER_93_53,VPWR,li1,30.5900,263.8400,1.799851
FILLER_93_37,VPWR,li1,23.9200,263.8400,1.799894
FILLER_93_25,VPWR,li1,19.7800,263.8400,1.799911
FILLER_93_15,VPWR,li1,13.1100,263.8400,1.799911
FILLER_93_3,VPWR,li1,9.6600,263.8400,1.799911
FILLER_92_757,VPWR,li1,354.6600,263.8400,1.799586
FILLER_92_755,VPWR,li1,353.0500,263.8400,1.799606
FILLER_92_751,VPWR,li1,351.9000,263.8400,1.799606
FILLER_92_731,VPWR,li1,343.1600,263.8400,1.799700
FILLER_92_719,VPWR,li1,339.0200,263.8400,1.799728
FILLER_92_706,VPWR,li1,330.9700,263.8400,1.799820
FILLER_92_698,VPWR,li1,327.0600,263.8400,1.799847
FILLER_92_645,VPWR,li1,302.4500,263.8400,1.799776
FILLER_92_634,VPWR,li1,297.8500,263.8400,1.799767
FILLER_92_606,VPWR,li1,285.2000,263.8400,1.799740
FILLER_92_594,VPWR,li1,281.5200,263.8400,1.799735
FILLER_92_586,VPWR,li1,275.5400,263.8400,1.799724
FILLER_92_578,VPWR,li1,273.2400,263.8400,1.799720
FILLER_92_570,VPWR,li1,268.6400,263.8400,1.799713
FILLER_92_558,VPWR,li1,264.9600,263.8400,1.799709
FILLER_92_550,VPWR,li1,258.7500,263.8400,1.799703
FILLER_92_539,VPWR,li1,253.6900,263.8400,1.799700
FILLER_92_533,VPWR,li1,252.0800,263.8400,1.799700
FILLER_92_531,VPWR,li1,250.0100,263.8400,1.799700
FILLER_92_519,VPWR,li1,244.4900,263.8400,1.799699
FILLER_92_507,VPWR,li1,241.5000,263.8400,1.799700
FILLER_92_489,VPWR,li1,230.6900,263.8400,1.799704
FILLER_92_483,VPWR,li1,229.0800,263.8400,1.799704
FILLER_92_475,VPWR,li1,224.2500,263.8400,1.799706
FILLER_92_454,VPWR,li1,216.2000,263.8400,1.799714
FILLER_92_442,VPWR,li1,211.6000,263.8400,1.799720
FILLER_92_426,VPWR,li1,202.1700,263.8400,1.799731
FILLER_92_418,VPWR,li1,198.2600,263.8400,1.799737
FILLER_92_393,VPWR,li1,187.6800,263.8400,1.799756
FILLER_92_381,VPWR,li1,183.5400,263.8400,1.799766
FILLER_92_361,VPWR,li1,172.2700,263.8400,1.799719
FILLER_92_353,VPWR,li1,168.1300,263.8400,1.799643
FILLER_92_345,VPWR,li1,166.0600,263.8400,1.799606
FILLER_92_333,VPWR,li1,161.4600,263.8400,1.799507
FILLER_92_313,VPWR,li1,149.7300,263.8400,1.799328
FILLER_92_309,VPWR,li1,148.5800,263.8400,1.799307
FILLER_92_302,VPWR,li1,145.8200,263.8400,1.799278
FILLER_92_253,VPWR,li1,123.7400,263.8400,1.799240
FILLER_92_249,VPWR,li1,120.7500,263.8400,1.799250
FILLER_92_240,VPWR,li1,116.1500,263.8400,1.799270
FILLER_92_221,VPWR,li1,109.0200,263.8400,1.799298
FILLER_92_209,VPWR,li1,104.4200,263.8400,1.799335
FILLER_92_197,VPWR,li1,98.9000,263.8400,1.799359
FILLER_92_190,VPWR,li1,94.3000,263.8400,1.799387
FILLER_92_167,VPWR,li1,84.1800,263.8400,1.799458
FILLER_92_153,VPWR,li1,76.3600,263.8400,1.799502
FILLER_92_141,VPWR,li1,73.1400,263.8400,1.799527
FILLER_92_138,VPWR,li1,69.4600,263.8400,1.799548
FILLER_92_123,VPWR,li1,62.5600,263.8400,1.799596
FILLER_92_115,VPWR,li1,60.2600,263.8400,1.799612
FILLER_92_106,VPWR,li1,54.5100,263.8400,1.799665
FILLER_92_92,VPWR,li1,48.0700,263.8400,1.799701
FILLER_92_82,VPWR,li1,43.7000,263.8400,1.799734
FILLER_92_66,VPWR,li1,37.7200,263.8400,1.799780
FILLER_92_59,VPWR,li1,32.8900,263.8400,1.799830
FILLER_92_55,VPWR,li1,31.7400,263.8400,1.799830
FILLER_92_37,VPWR,li1,23.2300,263.8400,1.799912
FILLER_92_26,VPWR,li1,17.9400,263.8400,1.799911
FILLER_92_18,VPWR,li1,15.6400,263.8400,1.799911
FILLER_92_6,VPWR,li1,11.0400,263.8400,1.799911
FILLER_91_797,VPWR,li1,373.9800,258.4000,1.799635
FILLER_91_785,VPWR,li1,367.0800,258.4000,1.799639
FILLER_91_763,VPWR,li1,356.9600,258.4000,1.799672
FILLER_91_755,VPWR,li1,353.2800,258.4000,1.799696
FILLER_91_749,VPWR,li1,350.5200,258.4000,1.799712
FILLER_91_741,VPWR,li1,346.6100,258.4000,1.799741
FILLER_91_735,VPWR,li1,345.0000,258.4000,1.799764
FILLER_91_708,VPWR,li1,331.6600,258.4000,1.799855
FILLER_91_698,VPWR,li1,327.0600,258.4000,1.799867
FILLER_91_689,VPWR,li1,322.9200,258.4000,1.799849
FILLER_91_681,VPWR,li1,320.6200,258.4000,1.799839
FILLER_91_673,VPWR,li1,315.7900,258.4000,1.799814
FILLER_91_671,VPWR,li1,314.4100,258.4000,1.799814
FILLER_91_667,VPWR,li1,313.2600,258.4000,1.799804
FILLER_91_663,VPWR,li1,310.7300,258.4000,1.799794
FILLER_91_657,VPWR,li1,309.1200,258.4000,1.799794
FILLER_91_645,VPWR,li1,304.9800,258.4000,1.799778
FILLER_91_633,VPWR,li1,299.4600,258.4000,1.799757
FILLER_91_621,VPWR,li1,293.9400,258.4000,1.799730
FILLER_91_612,VPWR,li1,287.9600,258.4000,1.799710
FILLER_91_600,VPWR,li1,284.2800,258.4000,1.799702
FILLER_91_588,VPWR,li1,278.7600,258.4000,1.799686
FILLER_91_580,VPWR,li1,272.7800,258.4000,1.799676
FILLER_91_554,VPWR,li1,261.7400,258.4000,1.799673
FILLER_91_503,VPWR,li1,237.1300,258.4000,1.799704
FILLER_91_495,VPWR,li1,235.0600,258.4000,1.799708
FILLER_91_465,VPWR,li1,219.8800,258.4000,1.799735
FILLER_91_449,VPWR,li1,212.2900,258.4000,1.799753
FILLER_91_444,VPWR,li1,210.6800,258.4000,1.799759
FILLER_91_437,VPWR,li1,207.4600,258.4000,1.799763
FILLER_91_421,VPWR,li1,200.1000,258.4000,1.799784
FILLER_91_415,VPWR,li1,197.1100,258.4000,1.799789
FILLER_91_389,VPWR,li1,185.1500,258.4000,1.799823
FILLER_91_379,VPWR,li1,180.5500,258.4000,1.799842
FILLER_91_357,VPWR,li1,170.4300,258.4000,1.799798
FILLER_91_349,VPWR,li1,167.9000,258.4000,1.799770
FILLER_91_345,VPWR,li1,164.4500,258.4000,1.799733
FILLER_91_337,VPWR,li1,162.3800,258.4000,1.799711
FILLER_91_334,VPWR,li1,159.6200,258.4000,1.799683
FILLER_91_323,VPWR,li1,154.5600,258.4000,1.799634
FILLER_91_315,VPWR,li1,150.6500,258.4000,1.799600
FILLER_91_307,VPWR,li1,148.5800,258.4000,1.799582
FILLER_91_295,VPWR,li1,143.9800,258.4000,1.799531
FILLER_91_281,VPWR,li1,135.7000,258.4000,1.799489
FILLER_91_276,VPWR,li1,133.4000,258.4000,1.799480
FILLER_91_247,VPWR,li1,121.9000,258.4000,1.799464
FILLER_91_238,VPWR,li1,115.6900,258.4000,1.799471
FILLER_91_225,VPWR,li1,109.7100,258.4000,1.799491
FILLER_91_222,VPWR,li1,108.1000,258.4000,1.799491
FILLER_91_204,VPWR,li1,99.8200,258.4000,1.799522
FILLER_91_195,VPWR,li1,95.6800,258.4000,1.799547
FILLER_91_189,VPWR,li1,92.9200,258.4000,1.799559
FILLER_91_177,VPWR,li1,89.7000,258.4000,1.799569
FILLER_91_167,VPWR,li1,82.5700,258.4000,1.799606
FILLER_91_153,VPWR,li1,77.7400,258.4000,1.799622
FILLER_91_123,VPWR,li1,63.9400,258.4000,1.799691
FILLER_91_113,VPWR,li1,58.1900,258.4000,1.799726
FILLER_91_89,VPWR,li1,49.2200,258.4000,1.799770
FILLER_91_69,VPWR,li1,37.9500,258.4000,1.799834
FILLER_91_57,VPWR,li1,34.5000,258.4000,1.799861
FILLER_91_53,VPWR,li1,30.5900,258.4000,1.799878
FILLER_91_46,VPWR,li1,26.9100,258.4000,1.799906
FILLER_91_35,VPWR,li1,22.0800,258.4000,1.799933
FILLER_91_28,VPWR,li1,18.6300,258.4000,1.799930
FILLER_91_19,VPWR,li1,14.7200,258.4000,1.799929
FILLER_91_7,VPWR,li1,9.2000,258.4000,1.799927
FILLER_90_802,VPWR,li1,375.8200,258.4000,1.799634
FILLER_90_790,VPWR,li1,371.6800,258.4000,1.799635
FILLER_90_760,VPWR,li1,356.9600,258.4000,1.799672
FILLER_90_755,VPWR,li1,353.0500,258.4000,1.799696
FILLER_90_747,VPWR,li1,349.3700,258.4000,1.799727
FILLER_90_739,VPWR,li1,347.3000,258.4000,1.799741
FILLER_90_708,VPWR,li1,331.6600,258.4000,1.799855
FILLER_90_692,VPWR,li1,325.6800,258.4000,1.799858
FILLER_90_669,VPWR,li1,314.6400,258.4000,1.799814
FILLER_90_657,VPWR,li1,310.5000,258.4000,1.799794
FILLER_90_645,VPWR,li1,304.9800,258.4000,1.799778
FILLER_90_643,VPWR,li1,301.5300,258.4000,1.799765
FILLER_90_639,VPWR,li1,300.3800,258.4000,1.799757
FILLER_90_627,VPWR,li1,296.7000,258.4000,1.799747
FILLER_90_623,VPWR,li1,292.3300,258.4000,1.799730
FILLER_90_615,VPWR,li1,290.2600,258.4000,1.799718
FILLER_90_582,VPWR,li1,274.6200,258.4000,1.799679
FILLER_90_557,VPWR,li1,263.5800,258.4000,1.799671
FILLER_90_545,VPWR,li1,258.9800,258.4000,1.799675
FILLER_90_533,VPWR,li1,253.4600,258.4000,1.799683
FILLER_90_531,VPWR,li1,250.0100,258.4000,1.799685
FILLER_90_523,VPWR,li1,247.9400,258.4000,1.799687
FILLER_90_515,VPWR,li1,242.6500,258.4000,1.799696
FILLER_90_511,VPWR,li1,241.5000,258.4000,1.799696
FILLER_90_495,VPWR,li1,233.9100,258.4000,1.799708
FILLER_90_483,VPWR,li1,230.4600,258.4000,1.799714
FILLER_90_472,VPWR,li1,223.5600,258.4000,1.799727
FILLER_90_460,VPWR,li1,219.8800,258.4000,1.799735
FILLER_90_446,VPWR,li1,210.9100,258.4000,1.799759
FILLER_90_440,VPWR,li1,209.3000,258.4000,1.799759
FILLER_90_428,VPWR,li1,205.1600,258.4000,1.799769
FILLER_90_414,VPWR,li1,196.1900,258.4000,1.799795
FILLER_90_406,VPWR,li1,194.1200,258.4000,1.799801
FILLER_90_396,VPWR,li1,188.6000,258.4000,1.799814
FILLER_90_381,VPWR,li1,181.2400,258.4000,1.799835
FILLER_90_369,VPWR,li1,178.0200,258.4000,1.799848
FILLER_90_360,VPWR,li1,172.0400,258.4000,1.799798
FILLER_90_334,VPWR,li1,159.6200,258.4000,1.799683
FILLER_90_309,VPWR,li1,149.5000,258.4000,1.799582
FILLER_90_300,VPWR,li1,143.9800,258.4000,1.799531
FILLER_90_280,VPWR,li1,134.7800,258.4000,1.799480
FILLER_90_268,VPWR,li1,131.5600,258.4000,1.799466
FILLER_90_253,VPWR,li1,123.2800,258.4000,1.799460
FILLER_90_248,VPWR,li1,120.5200,258.4000,1.799464
FILLER_90_236,VPWR,li1,114.5400,258.4000,1.799475
FILLER_90_230,VPWR,li1,111.7800,258.4000,1.799481
FILLER_90_226,VPWR,li1,109.7100,258.4000,1.799491
FILLER_90_220,VPWR,li1,108.1000,258.4000,1.799491
FILLER_90_211,VPWR,li1,103.0400,258.4000,1.799514
FILLER_90_203,VPWR,li1,99.1300,258.4000,1.799531
FILLER_90_195,VPWR,li1,95.4500,258.4000,1.799547
FILLER_90_180,VPWR,li1,89.0100,258.4000,1.799569
FILLER_90_172,VPWR,li1,84.8700,258.4000,1.799588
FILLER_90_147,VPWR,li1,74.9800,258.4000,1.799639
FILLER_90_139,VPWR,li1,69.6900,258.4000,1.799662
FILLER_90_127,VPWR,li1,66.7000,258.4000,1.799677
FILLER_90_115,VPWR,li1,61.1800,258.4000,1.799709
FILLER_90_97,VPWR,li1,51.9800,258.4000,1.799755
FILLER_90_85,VPWR,li1,47.3800,258.4000,1.799781
FILLER_90_83,VPWR,li1,43.9300,258.4000,1.799800
FILLER_90_79,VPWR,li1,42.7800,258.4000,1.799810
FILLER_90_67,VPWR,li1,39.1000,258.4000,1.799834
FILLER_90_60,VPWR,li1,33.3500,258.4000,1.799861
FILLER_90_56,VPWR,li1,32.2000,258.4000,1.799878
FILLER_90_44,VPWR,li1,28.5200,258.4000,1.799890
FILLER_90_24,VPWR,li1,17.4800,258.4000,1.799930
FILLER_90_18,VPWR,li1,14.2600,258.4000,1.799929
FILLER_90_7,VPWR,li1,9.6600,258.4000,1.799927
FILLER_89_785,VPWR,li1,368.0000,252.9600,1.799688
FILLER_89_783,VPWR,li1,365.9300,252.9600,1.799695
FILLER_89_771,VPWR,li1,362.9400,252.9600,1.799703
FILLER_89_759,VPWR,li1,357.4200,252.9600,1.799722
FILLER_89_747,VPWR,li1,351.9000,252.9600,1.799749
FILLER_89_727,VPWR,li1,340.1700,252.9600,1.799805
FILLER_89_721,VPWR,li1,338.5600,252.9600,1.799817
FILLER_89_709,VPWR,li1,334.4200,252.9600,1.799837
FILLER_89_697,VPWR,li1,328.9000,252.9600,1.799867
FILLER_89_685,VPWR,li1,323.3800,252.9600,1.799826
FILLER_89_673,VPWR,li1,317.8600,252.9600,1.799786
FILLER_89_670,VPWR,li1,314.1800,252.9600,1.799753
FILLER_89_664,VPWR,li1,311.6500,252.9600,1.799740
FILLER_89_642,VPWR,li1,301.0700,252.9600,1.799724
FILLER_89_615,VPWR,li1,288.6500,252.9600,1.799722
FILLER_89_595,VPWR,li1,279.4500,252.9600,1.799727
FILLER_89_587,VPWR,li1,277.3800,252.9600,1.799729
FILLER_89_561,VPWR,li1,265.4200,252.9600,1.799738
FILLER_89_557,VPWR,li1,262.4300,252.9600,1.799742
FILLER_89_545,VPWR,li1,258.9800,252.9600,1.799745
FILLER_89_527,VPWR,li1,248.8600,252.9600,1.799757
FILLER_89_517,VPWR,li1,244.0300,252.9600,1.799765
FILLER_89_505,VPWR,li1,240.5800,252.9600,1.799770
FILLER_89_503,VPWR,li1,237.1300,252.9600,1.799777
FILLER_89_497,VPWR,li1,235.5200,252.9600,1.799777
FILLER_89_485,VPWR,li1,231.3800,252.9600,1.799785
FILLER_89_473,VPWR,li1,225.8600,252.9600,1.799796
FILLER_89_461,VPWR,li1,220.3400,252.9600,1.799805
FILLER_89_449,VPWR,li1,214.8200,252.9600,1.799817
FILLER_89_440,VPWR,li1,209.7600,252.9600,1.799825
FILLER_89_432,VPWR,li1,204.9300,252.9600,1.799835
FILLER_89_424,VPWR,li1,202.4000,252.9600,1.799842
FILLER_89_412,VPWR,li1,197.8000,252.9600,1.799852
FILLER_89_400,VPWR,li1,190.2100,252.9600,1.799869
FILLER_89_377,VPWR,li1,179.6300,252.9600,1.799900
FILLER_89_337,VPWR,li1,161.4600,252.9600,1.799862
FILLER_89_330,VPWR,li1,158.7000,252.9600,1.799853
FILLER_89_318,VPWR,li1,152.0300,252.9600,1.799837
FILLER_89_302,VPWR,li1,144.9000,252.9600,1.799823
FILLER_89_293,VPWR,li1,140.5300,252.9600,1.799819
FILLER_89_281,VPWR,li1,137.5400,252.9600,1.799816
FILLER_89_276,VPWR,li1,133.4000,252.9600,1.799814
FILLER_89_264,VPWR,li1,127.1900,252.9600,1.799809
FILLER_89_258,VPWR,li1,125.5800,252.9600,1.799809
FILLER_89_242,VPWR,li1,117.5300,252.9600,1.799806
FILLER_89_225,VPWR,li1,109.2500,252.9600,1.799804
FILLER_89_221,VPWR,li1,107.8700,252.9600,1.799804
FILLER_89_213,VPWR,li1,105.3400,252.9600,1.799803
FILLER_89_203,VPWR,li1,99.3600,252.9600,1.799803
FILLER_89_191,VPWR,li1,96.1400,252.9600,1.799803
FILLER_89_179,VPWR,li1,90.6200,252.9600,1.799804
FILLER_89_160,VPWR,li1,79.3500,252.9600,1.799807
FILLER_89_154,VPWR,li1,77.7400,252.9600,1.799807
FILLER_89_142,VPWR,li1,73.6000,252.9600,1.799809
FILLER_89_134,VPWR,li1,67.8500,252.9600,1.799811
FILLER_89_125,VPWR,li1,64.4000,252.9600,1.799812
FILLER_89_113,VPWR,li1,60.2600,252.9600,1.799815
FILLER_89_111,VPWR,li1,56.8100,252.9600,1.799817
FILLER_89_99,VPWR,li1,53.8200,252.9600,1.799820
FILLER_89_79,VPWR,li1,42.0900,252.9600,1.799852
FILLER_89_73,VPWR,li1,40.4800,252.9600,1.799852
FILLER_89_57,VPWR,li1,31.9700,252.9600,1.799894
FILLER_89_45,VPWR,li1,27.1400,252.9600,1.799919
FILLER_89_34,VPWR,li1,21.8500,252.9600,1.799941
FILLER_89_26,VPWR,li1,19.3200,252.9600,1.799940
FILLER_89_14,VPWR,li1,14.7200,252.9600,1.799937
FILLER_89_6,VPWR,li1,8.5100,252.9600,1.799935
FILLER_88_800,VPWR,li1,374.4400,252.9600,1.799675
FILLER_88_784,VPWR,li1,367.0800,252.9600,1.799695
FILLER_88_780,VPWR,li1,364.5500,252.9600,1.799703
FILLER_88_776,VPWR,li1,363.4000,252.9600,1.799703
FILLER_88_765,VPWR,li1,358.3400,252.9600,1.799722
FILLER_88_755,VPWR,li1,353.0500,252.9600,1.799739
FILLER_88_742,VPWR,li1,347.7600,252.9600,1.799765
FILLER_88_729,VPWR,li1,342.7000,252.9600,1.799792
FILLER_88_717,VPWR,li1,338.1000,252.9600,1.799817
FILLER_88_690,VPWR,li1,323.8400,252.9600,1.799826
FILLER_88_656,VPWR,li1,307.5100,252.9600,1.799733
FILLER_88_643,VPWR,li1,301.5300,252.9600,1.799724
FILLER_88_639,VPWR,li1,300.3800,252.9600,1.799724
FILLER_88_633,VPWR,li1,296.9300,252.9600,1.799721
FILLER_88_629,VPWR,li1,295.7800,252.9600,1.799721
FILLER_88_622,VPWR,li1,292.3300,252.9600,1.799720
FILLER_88_617,VPWR,li1,289.5700,252.9600,1.799721
FILLER_88_613,VPWR,li1,288.4200,252.9600,1.799722
FILLER_88_601,VPWR,li1,284.7400,252.9600,1.799724
FILLER_88_589,VPWR,li1,279.2200,252.9600,1.799727
FILLER_88_587,VPWR,li1,275.7700,252.9600,1.799730
FILLER_88_575,VPWR,li1,272.7800,252.9600,1.799732
FILLER_88_563,VPWR,li1,267.2600,252.9600,1.799736
FILLER_88_551,VPWR,li1,261.7400,252.9600,1.799742
FILLER_88_539,VPWR,li1,256.2200,252.9600,1.799750
FILLER_88_529,VPWR,li1,249.5500,252.9600,1.799757
FILLER_88_512,VPWR,li1,241.7300,252.9600,1.799770
FILLER_88_500,VPWR,li1,236.2100,252.9600,1.799777
FILLER_88_493,VPWR,li1,233.2200,252.9600,1.799781
FILLER_88_481,VPWR,li1,229.5400,252.9600,1.799788
FILLER_88_473,VPWR,li1,223.7900,252.9600,1.799801
FILLER_88_467,VPWR,li1,221.0300,252.9600,1.799805
FILLER_88_459,VPWR,li1,218.5000,252.9600,1.799808
FILLER_88_452,VPWR,li1,213.9000,252.9600,1.799817
FILLER_88_440,VPWR,li1,208.1500,252.9600,1.799831
FILLER_88_421,VPWR,li1,201.9400,252.9600,1.799842
FILLER_88_419,VPWR,li1,198.4900,252.9600,1.799852
FILLER_88_415,VPWR,li1,197.3400,252.9600,1.799852
FILLER_88_404,VPWR,li1,193.2000,252.9600,1.799864
FILLER_88_389,VPWR,li1,187.2200,252.9600,1.799877
FILLER_88_383,VPWR,li1,181.9300,252.9600,1.799893
FILLER_88_379,VPWR,li1,180.7800,252.9600,1.799900
FILLER_88_358,VPWR,li1,171.5800,252.9600,1.799899
FILLER_88_346,VPWR,li1,164.9100,252.9600,1.799870
FILLER_88_323,VPWR,li1,154.7900,252.9600,1.799841
FILLER_88_309,VPWR,li1,149.5000,252.9600,1.799832
FILLER_88_305,VPWR,li1,146.5100,252.9600,1.799827
FILLER_88_297,VPWR,li1,142.3700,252.9600,1.799821
FILLER_88_291,VPWR,li1,140.7600,252.9600,1.799819
FILLER_88_280,VPWR,li1,135.2400,252.9600,1.799815
FILLER_88_268,VPWR,li1,129.0300,252.9600,1.799811
FILLER_88_260,VPWR,li1,126.9600,252.9600,1.799809
FILLER_88_244,VPWR,li1,117.9900,252.9600,1.799806
FILLER_88_236,VPWR,li1,115.9200,252.9600,1.799805
FILLER_88_209,VPWR,li1,103.0400,252.9600,1.799803
FILLER_88_197,VPWR,li1,98.9000,252.9600,1.799803
FILLER_88_195,VPWR,li1,95.4500,252.9600,1.799803
FILLER_88_191,VPWR,li1,94.3000,252.9600,1.799804
FILLER_88_177,VPWR,li1,87.8600,252.9600,1.799804
FILLER_88_151,VPWR,li1,77.7400,252.9600,1.799807
FILLER_88_122,VPWR,li1,62.3300,252.9600,1.799814
FILLER_88_85,VPWR,li1,46.0000,252.9600,1.799830
FILLER_88_78,VPWR,li1,42.7800,252.9600,1.799842
FILLER_88_66,VPWR,li1,38.6400,252.9600,1.799866
FILLER_88_59,VPWR,li1,32.8900,252.9600,1.799894
FILLER_88_47,VPWR,li1,29.9000,252.9600,1.799903
FILLER_88_29,VPWR,li1,19.3200,252.9600,1.799940
FILLER_88_3,VPWR,li1,7.3600,252.9600,1.799935
FILLER_87_782,VPWR,li1,365.7000,247.5200,1.799460
FILLER_87_726,VPWR,li1,339.9400,247.5200,1.799597
FILLER_87_710,VPWR,li1,333.5000,247.5200,1.799658
FILLER_87_693,VPWR,li1,325.2200,247.5200,1.799633
FILLER_87_681,VPWR,li1,321.5400,247.5200,1.799579
FILLER_87_670,VPWR,li1,314.1800,247.5200,1.799465
FILLER_87_642,VPWR,li1,302.6800,247.5200,1.799325
FILLER_87_630,VPWR,li1,298.0800,247.5200,1.799299
FILLER_87_626,VPWR,li1,293.7100,247.5200,1.799288
FILLER_87_621,VPWR,li1,291.4100,247.5200,1.799282
FILLER_87_617,VPWR,li1,290.2600,247.5200,1.799282
FILLER_87_610,VPWR,li1,287.5000,247.5200,1.799283
FILLER_87_592,VPWR,li1,278.7600,247.5200,1.799288
FILLER_87_583,VPWR,li1,273.9300,247.5200,1.799291
FILLER_87_575,VPWR,li1,271.8600,247.5200,1.799293
FILLER_87_561,VPWR,li1,264.9600,247.5200,1.799308
FILLER_87_557,VPWR,li1,262.4300,247.5200,1.799320
FILLER_87_539,VPWR,li1,254.8400,247.5200,1.799351
FILLER_87_515,VPWR,li1,243.1100,247.5200,1.799405
FILLER_87_495,VPWR,li1,233.4500,247.5200,1.799457
FILLER_87_489,VPWR,li1,231.8400,247.5200,1.799457
FILLER_87_463,VPWR,li1,218.7300,247.5200,1.799528
FILLER_87_449,VPWR,li1,212.2900,247.5200,1.799562
FILLER_87_441,VPWR,li1,209.0700,247.5200,1.799574
FILLER_87_434,VPWR,li1,205.6200,247.5200,1.799589
FILLER_87_426,VPWR,li1,203.3200,247.5200,1.799606
FILLER_87_404,VPWR,li1,191.5900,247.5200,1.799722
FILLER_87_398,VPWR,li1,189.9800,247.5200,1.799722
FILLER_87_393,VPWR,li1,186.5300,247.5200,1.799765
FILLER_87_384,VPWR,li1,184.0000,247.5200,1.799785
FILLER_87_370,VPWR,li1,175.9500,247.5200,1.799877
FILLER_87_364,VPWR,li1,174.3400,247.5200,1.799874
FILLER_87_358,VPWR,li1,170.8900,247.5200,1.799871
FILLER_87_346,VPWR,li1,167.4400,247.5200,1.799868
FILLER_87_337,VPWR,li1,161.4600,247.5200,1.799862
FILLER_87_334,VPWR,li1,159.6200,247.5200,1.799860
FILLER_87_326,VPWR,li1,155.7100,247.5200,1.799857
FILLER_87_315,VPWR,li1,151.8000,247.5200,1.799854
FILLER_87_303,VPWR,li1,147.6600,247.5200,1.799852
FILLER_87_290,VPWR,li1,139.3800,247.5200,1.799847
FILLER_87_274,VPWR,li1,132.9400,247.5200,1.799846
FILLER_87_262,VPWR,li1,128.8000,247.5200,1.799845
FILLER_87_250,VPWR,li1,120.9800,247.5200,1.799845
FILLER_87_242,VPWR,li1,118.6800,247.5200,1.799845
FILLER_87_230,VPWR,li1,114.0800,247.5200,1.799845
FILLER_87_221,VPWR,li1,107.8700,247.5200,1.799845
FILLER_87_209,VPWR,li1,104.4200,247.5200,1.799845
FILLER_87_199,VPWR,li1,98.4400,247.5200,1.799847
FILLER_87_192,VPWR,li1,94.0700,247.5200,1.799849
FILLER_87_188,VPWR,li1,92.9200,247.5200,1.799850
FILLER_87_176,VPWR,li1,89.2400,247.5200,1.799852
FILLER_87_169,VPWR,li1,83.4900,247.5200,1.799855
FILLER_87_165,VPWR,li1,82.1100,247.5200,1.799857
FILLER_87_157,VPWR,li1,79.5800,247.5200,1.799859
FILLER_87_145,VPWR,li1,74.9800,247.5200,1.799863
FILLER_87_138,VPWR,li1,69.2300,247.5200,1.799871
FILLER_87_132,VPWR,li1,67.6200,247.5200,1.799871
FILLER_87_120,VPWR,li1,63.4800,247.5200,1.799876
FILLER_87_108,VPWR,li1,55.4300,247.5200,1.799886
FILLER_87_96,VPWR,li1,52.4400,247.5200,1.799890
FILLER_87_76,VPWR,li1,43.2400,247.5200,1.799908
FILLER_87_69,VPWR,li1,37.7200,247.5200,1.799922
FILLER_87_57,VPWR,li1,34.5000,247.5200,1.799931
FILLER_87_52,VPWR,li1,30.3600,247.5200,1.799940
FILLER_87_31,VPWR,li1,20.0100,247.5200,1.799963
FILLER_87_27,VPWR,li1,18.8600,247.5200,1.799963
FILLER_87_15,VPWR,li1,15.1800,247.5200,1.799961
FILLER_87_6,VPWR,li1,8.7400,247.5200,1.799959
FILLER_86_784,VPWR,li1,366.6200,247.5200,1.799460
FILLER_86_771,VPWR,li1,360.4100,247.5200,1.799473
FILLER_86_754,VPWR,li1,352.8200,247.5200,1.799506
FILLER_86_713,VPWR,li1,333.7300,247.5200,1.799658
FILLER_86_701,VPWR,li1,328.4400,247.5200,1.799669
FILLER_86_697,VPWR,li1,326.8300,247.5200,1.799669
FILLER_86_675,VPWR,li1,317.8600,247.5200,1.799496
FILLER_86_663,VPWR,li1,313.2600,247.5200,1.799433
FILLER_86_645,VPWR,li1,303.1400,247.5200,1.799339
FILLER_86_641,VPWR,li1,301.0700,247.5200,1.799325
FILLER_86_617,VPWR,li1,289.5700,247.5200,1.799282
FILLER_86_613,VPWR,li1,288.4200,247.5200,1.799283
FILLER_86_585,VPWR,li1,275.3100,247.5200,1.799289
FILLER_86_577,VPWR,li1,271.1700,247.5200,1.799293
FILLER_86_568,VPWR,li1,267.0300,247.5200,1.799300
FILLER_86_555,VPWR,li1,262.2000,247.5200,1.799320
FILLER_86_545,VPWR,li1,257.6000,247.5200,1.799339
FILLER_86_533,VPWR,li1,253.4600,247.5200,1.799364
FILLER_86_522,VPWR,li1,245.8700,247.5200,1.799394
FILLER_86_510,VPWR,li1,242.8800,247.5200,1.799405
FILLER_86_502,VPWR,li1,236.9000,247.5200,1.799433
FILLER_86_483,VPWR,li1,230.4600,247.5200,1.799471
FILLER_86_474,VPWR,li1,224.0200,247.5200,1.799500
FILLER_86_463,VPWR,li1,220.3400,247.5200,1.799512
FILLER_86_421,VPWR,li1,199.4100,247.5200,1.799640
FILLER_86_417,VPWR,li1,198.0300,247.5200,1.799659
FILLER_86_407,VPWR,li1,192.9700,247.5200,1.799704
FILLER_86_403,VPWR,li1,191.8200,247.5200,1.799704
FILLER_86_388,VPWR,li1,185.8400,247.5200,1.799765
FILLER_86_376,VPWR,li1,181.2400,247.5200,1.799814
FILLER_86_365,VPWR,li1,174.3400,247.5200,1.799874
FILLER_86_363,VPWR,li1,172.7300,247.5200,1.799874
FILLER_86_355,VPWR,li1,170.6600,247.5200,1.799871
FILLER_86_344,VPWR,li1,163.9900,247.5200,1.799864
FILLER_86_332,VPWR,li1,161.0000,247.5200,1.799860
FILLER_86_317,VPWR,li1,151.8000,247.5200,1.799854
FILLER_86_309,VPWR,li1,149.5000,247.5200,1.799853
FILLER_86_296,VPWR,li1,144.4400,247.5200,1.799850
FILLER_86_284,VPWR,li1,138.9200,247.5200,1.799847
FILLER_86_265,VPWR,li1,128.3400,247.5200,1.799845
FILLER_86_253,VPWR,li1,124.6600,247.5200,1.799845
FILLER_86_244,VPWR,li1,119.6000,247.5200,1.799845
FILLER_86_232,VPWR,li1,115.0000,247.5200,1.799845
FILLER_86_220,VPWR,li1,109.4800,247.5200,1.799845
FILLER_86_204,VPWR,li1,99.5900,247.5200,1.799846
FILLER_86_184,VPWR,li1,90.6200,247.5200,1.799852
FILLER_86_172,VPWR,li1,87.4000,247.5200,1.799853
FILLER_86_168,VPWR,li1,83.0300,247.5200,1.799857
FILLER_86_162,VPWR,li1,81.4200,247.5200,1.799857
FILLER_86_149,VPWR,li1,74.2900,247.5200,1.799863
FILLER_86_141,VPWR,li1,70.6100,247.5200,1.799868
FILLER_86_139,VPWR,li1,69.6900,247.5200,1.799868
FILLER_86_133,VPWR,li1,68.0800,247.5200,1.799871
FILLER_86_121,VPWR,li1,63.9400,247.5200,1.799876
FILLER_86_117,VPWR,li1,59.5700,247.5200,1.799881
FILLER_86_109,VPWR,li1,57.5000,247.5200,1.799884
FILLER_86_97,VPWR,li1,52.9000,247.5200,1.799890
FILLER_86_85,VPWR,li1,47.3800,247.5200,1.799897
FILLER_86_67,VPWR,li1,36.8000,247.5200,1.799922
FILLER_86_55,VPWR,li1,33.5800,247.5200,1.799931
FILLER_86_29,VPWR,li1,20.7000,247.5200,1.799963
FILLER_86_27,VPWR,li1,18.1700,247.5200,1.799963
FILLER_86_19,VPWR,li1,16.1000,247.5200,1.799961
FILLER_86_7,VPWR,li1,11.5000,247.5200,1.799959
FILLER_85_799,VPWR,li1,373.2900,242.0800,1.799611
FILLER_85_795,VPWR,li1,372.1400,242.0800,1.799616
FILLER_85_788,VPWR,li1,368.9200,242.0800,1.799622
FILLER_85_782,VPWR,li1,365.7000,242.0800,1.799626
FILLER_85_775,VPWR,li1,362.9400,242.0800,1.799632
FILLER_85_763,VPWR,li1,359.2600,242.0800,1.799644
FILLER_85_751,VPWR,li1,352.3600,242.0800,1.799667
FILLER_85_733,VPWR,li1,342.9300,242.0800,1.799712
FILLER_85_726,VPWR,li1,339.9400,242.0800,1.799724
FILLER_85_697,VPWR,li1,326.3700,242.0800,1.799796
FILLER_85_691,VPWR,li1,324.7600,242.0800,1.799776
FILLER_85_685,VPWR,li1,321.0800,242.0800,1.799742
FILLER_85_673,VPWR,li1,317.8600,242.0800,1.799713
FILLER_85_671,VPWR,li1,314.4100,242.0800,1.799681
FILLER_85_659,VPWR,li1,311.4200,242.0800,1.799653
FILLER_85_640,VPWR,li1,300.1500,242.0800,1.799585
FILLER_85_614,VPWR,li1,288.4200,242.0800,1.799539
FILLER_85_593,VPWR,li1,278.9900,242.0800,1.799516
FILLER_85_585,VPWR,li1,276.4600,242.0800,1.799508
FILLER_85_576,VPWR,li1,271.4000,242.0800,1.799498
FILLER_85_569,VPWR,li1,267.4900,242.0800,1.799490
FILLER_85_561,VPWR,li1,265.4200,242.0800,1.799489
FILLER_85_559,VPWR,li1,262.8900,242.0800,1.799487
FILLER_85_553,VPWR,li1,261.2800,242.0800,1.799487
FILLER_85_541,VPWR,li1,257.1400,242.0800,1.799489
FILLER_85_529,VPWR,li1,251.6200,242.0800,1.799493
FILLER_85_517,VPWR,li1,246.1000,242.0800,1.799500
FILLER_85_505,VPWR,li1,240.5800,242.0800,1.799509
FILLER_85_502,VPWR,li1,236.9000,242.0800,1.799515
FILLER_85_494,VPWR,li1,234.6000,242.0800,1.799520
FILLER_85_489,VPWR,li1,230.6900,242.0800,1.799528
FILLER_85_481,VPWR,li1,227.0100,242.0800,1.799539
FILLER_85_473,VPWR,li1,224.9400,242.0800,1.799546
FILLER_85_461,VPWR,li1,220.3400,242.0800,1.799558
FILLER_85_449,VPWR,li1,214.8200,242.0800,1.799575
FILLER_85_445,VPWR,li1,210.9100,242.0800,1.799587
FILLER_85_425,VPWR,li1,201.7100,242.0800,1.799616
FILLER_85_400,VPWR,li1,192.2800,242.0800,1.799667
FILLER_85_388,VPWR,li1,184.9200,242.0800,1.799747
FILLER_85_376,VPWR,li1,181.2400,242.0800,1.799784
FILLER_85_365,VPWR,li1,174.3400,242.0800,1.799839
FILLER_85_337,VPWR,li1,161.9200,242.0800,1.799768
FILLER_85_328,VPWR,li1,158.2400,242.0800,1.799758
FILLER_85_316,VPWR,li1,153.6400,242.0800,1.799736
FILLER_85_304,VPWR,li1,148.1200,242.0800,1.799706
FILLER_85_293,VPWR,li1,140.7600,242.0800,1.799669
FILLER_85_281,VPWR,li1,137.5400,242.0800,1.799661
FILLER_85_277,VPWR,li1,133.6300,242.0800,1.799637
FILLER_85_269,VPWR,li1,129.4900,242.0800,1.799625
FILLER_85_265,VPWR,li1,128.3400,242.0800,1.799615
FILLER_85_246,VPWR,li1,120.0600,242.0800,1.799597
FILLER_85_225,VPWR,li1,109.4800,242.0800,1.799595
FILLER_85_222,VPWR,li1,108.1000,242.0800,1.799598
FILLER_85_211,VPWR,li1,103.0400,242.0800,1.799603
FILLER_85_198,VPWR,li1,97.9800,242.0800,1.799613
FILLER_85_184,VPWR,li1,90.6200,242.0800,1.799627
FILLER_85_169,VPWR,li1,84.1800,242.0800,1.799644
FILLER_85_160,VPWR,li1,79.3500,242.0800,1.799654
FILLER_85_148,VPWR,li1,76.3600,242.0800,1.799663
FILLER_85_143,VPWR,li1,71.5300,242.0800,1.799677
FILLER_85_138,VPWR,li1,69.2300,242.0800,1.799685
FILLER_85_130,VPWR,li1,67.1600,242.0800,1.799692
FILLER_85_119,VPWR,li1,60.4900,242.0800,1.799718
FILLER_85_113,VPWR,li1,58.8800,242.0800,1.799726
FILLER_85_100,VPWR,li1,54.2800,242.0800,1.799747
FILLER_85_90,VPWR,li1,47.6100,242.0800,1.799777
FILLER_85_64,VPWR,li1,35.8800,242.0800,1.799824
FILLER_85_48,VPWR,li1,27.8300,242.0800,1.799866
FILLER_85_40,VPWR,li1,25.7600,242.0800,1.799877
FILLER_85_28,VPWR,li1,21.1600,242.0800,1.799902
FILLER_85_16,VPWR,li1,15.6400,242.0800,1.799894
FILLER_85_6,VPWR,li1,8.9700,242.0800,1.799890
FILLER_84_800,VPWR,li1,375.3600,242.0800,1.799608
FILLER_84_788,VPWR,li1,370.7600,242.0800,1.799616
FILLER_84_776,VPWR,li1,365.2400,242.0800,1.799626
FILLER_84_768,VPWR,li1,359.0300,242.0800,1.799644
FILLER_84_755,VPWR,li1,353.0500,242.0800,1.799660
FILLER_84_699,VPWR,li1,327.2900,242.0800,1.799796
FILLER_84_687,VPWR,li1,324.3000,242.0800,1.799776
FILLER_84_665,VPWR,li1,311.6500,242.0800,1.799653
FILLER_84_645,VPWR,li1,303.6000,242.0800,1.799597
FILLER_84_642,VPWR,li1,301.3000,242.0800,1.799585
FILLER_84_629,VPWR,li1,295.7800,242.0800,1.799559
FILLER_84_623,VPWR,li1,292.7900,242.0800,1.799553
FILLER_84_615,VPWR,li1,290.2600,242.0800,1.799546
FILLER_84_601,VPWR,li1,282.9000,242.0800,1.799526
FILLER_84_589,VPWR,li1,279.2200,242.0800,1.799516
FILLER_84_586,VPWR,li1,275.5400,242.0800,1.799508
FILLER_84_574,VPWR,li1,272.3200,242.0800,1.799498
FILLER_84_562,VPWR,li1,264.5000,242.0800,1.799488
FILLER_84_547,VPWR,li1,257.3700,242.0800,1.799488
FILLER_84_511,VPWR,li1,240.8100,242.0800,1.799509
FILLER_84_503,VPWR,li1,238.7400,242.0800,1.799512
FILLER_84_475,VPWR,li1,224.2500,242.0800,1.799546
FILLER_84_463,VPWR,li1,221.2600,242.0800,1.799558
FILLER_84_451,VPWR,li1,215.7400,242.0800,1.799575
FILLER_84_439,VPWR,li1,210.2200,242.0800,1.799593
FILLER_84_433,VPWR,li1,205.1600,242.0800,1.799605
FILLER_84_421,VPWR,li1,201.9400,242.0800,1.799616
FILLER_84_419,VPWR,li1,198.4900,242.0800,1.799626
FILLER_84_415,VPWR,li1,197.3400,242.0800,1.799634
FILLER_84_403,VPWR,li1,193.6600,242.0800,1.799667
FILLER_84_394,VPWR,li1,187.2200,242.0800,1.799709
FILLER_84_386,VPWR,li1,183.3100,242.0800,1.799747
FILLER_84_378,VPWR,li1,179.6300,242.0800,1.799784
FILLER_84_372,VPWR,li1,178.0200,242.0800,1.799813
FILLER_84_362,VPWR,li1,172.5000,242.0800,1.799829
FILLER_84_356,VPWR,li1,169.7400,242.0800,1.799814
FILLER_84_349,VPWR,li1,166.5200,242.0800,1.799790
FILLER_84_290,VPWR,li1,139.3800,242.0800,1.799669
FILLER_84_278,VPWR,li1,136.1600,242.0800,1.799648
FILLER_84_266,VPWR,li1,130.6400,242.0800,1.799625
FILLER_84_253,VPWR,li1,122.5900,242.0800,1.799600
FILLER_84_251,VPWR,li1,121.2100,242.0800,1.799597
FILLER_84_247,VPWR,li1,120.0600,242.0800,1.799597
FILLER_84_197,VPWR,li1,98.9000,242.0800,1.799613
FILLER_84_195,VPWR,li1,95.4500,242.0800,1.799618
FILLER_84_187,VPWR,li1,93.3800,242.0800,1.799623
FILLER_84_175,VPWR,li1,88.7800,242.0800,1.799631
FILLER_84_161,VPWR,li1,81.4200,242.0800,1.799649
FILLER_84_149,VPWR,li1,76.8200,242.0800,1.799663
FILLER_84_141,VPWR,li1,70.6100,242.0800,1.799685
FILLER_84_139,VPWR,li1,69.6900,242.0800,1.799685
FILLER_84_131,VPWR,li1,66.0100,242.0800,1.799702
FILLER_84_123,VPWR,li1,63.9400,242.0800,1.799711
FILLER_84_114,VPWR,li1,58.4200,242.0800,1.799726
FILLER_84_99,VPWR,li1,51.2900,242.0800,1.799755
FILLER_84_83,VPWR,li1,43.9300,242.0800,1.799786
FILLER_84_77,VPWR,li1,41.1700,242.0800,1.799799
FILLER_84_65,VPWR,li1,37.2600,242.0800,1.799824
FILLER_84_61,VPWR,li1,33.8100,242.0800,1.799837
FILLER_84_55,VPWR,li1,32.2000,242.0800,1.799847
FILLER_84_50,VPWR,li1,28.9800,242.0800,1.799866
FILLER_84_42,VPWR,li1,26.6800,242.0800,1.799877
FILLER_84_27,VPWR,li1,18.1700,242.0800,1.799898
FILLER_84_21,VPWR,li1,16.5600,242.0800,1.799894
FILLER_84_6,VPWR,li1,10.1200,242.0800,1.799890
FILLER_83_785,VPWR,li1,367.3100,236.6400,1.799764
FILLER_83_783,VPWR,li1,365.9300,236.6400,1.799764
FILLER_83_777,VPWR,li1,364.3200,236.6400,1.799766
FILLER_83_754,VPWR,li1,353.7400,236.6400,1.799789
FILLER_83_738,VPWR,li1,345.2300,236.6400,1.799812
FILLER_83_727,VPWR,li1,340.1700,236.6400,1.799834
FILLER_83_719,VPWR,li1,338.1000,236.6400,1.799843
FILLER_83_710,VPWR,li1,332.3500,236.6400,1.799869
FILLER_83_706,VPWR,li1,331.2000,236.6400,1.799884
FILLER_83_702,VPWR,li1,328.6700,236.6400,1.799894
FILLER_83_694,VPWR,li1,326.6000,236.6400,1.799884
FILLER_83_673,VPWR,li1,315.7900,236.6400,1.799831
FILLER_83_667,VPWR,li1,312.5700,236.6400,1.799822
FILLER_83_659,VPWR,li1,310.5000,236.6400,1.799813
FILLER_83_643,VPWR,li1,304.0600,236.6400,1.799789
FILLER_83_635,VPWR,li1,297.8500,236.6400,1.799767
FILLER_83_617,VPWR,li1,292.1000,236.6400,1.799748
FILLER_83_614,VPWR,li1,288.4200,236.6400,1.799732
FILLER_83_602,VPWR,li1,285.2000,236.6400,1.799726
FILLER_83_588,VPWR,li1,276.2300,236.6400,1.799701
FILLER_83_576,VPWR,li1,273.2400,236.6400,1.799694
FILLER_83_571,VPWR,li1,268.4100,236.6400,1.799690
FILLER_83_561,VPWR,li1,264.2700,236.6400,1.799690
FILLER_83_559,VPWR,li1,262.8900,236.6400,1.799690
FILLER_83_555,VPWR,li1,261.7400,236.6400,1.799690
FILLER_83_539,VPWR,li1,256.2200,236.6400,1.799694
FILLER_83_533,VPWR,li1,251.1600,236.6400,1.799698
FILLER_83_521,VPWR,li1,247.9400,236.6400,1.799700
FILLER_83_505,VPWR,li1,239.2000,236.6400,1.799712
FILLER_83_501,VPWR,li1,236.6700,236.6400,1.799715
FILLER_83_497,VPWR,li1,234.3700,236.6400,1.799718
FILLER_83_493,VPWR,li1,233.2200,236.6400,1.799718
FILLER_83_481,VPWR,li1,229.5400,236.6400,1.799724
FILLER_83_444,VPWR,li1,210.6800,236.6400,1.799763
FILLER_83_432,VPWR,li1,207.0000,236.6400,1.799776
FILLER_83_420,VPWR,li1,201.4800,236.6400,1.799796
FILLER_83_405,VPWR,li1,194.5800,236.6400,1.799817
FILLER_83_393,VPWR,li1,189.0600,236.6400,1.799841
FILLER_83_386,VPWR,li1,184.4600,236.6400,1.799869
FILLER_83_374,VPWR,li1,180.3200,236.6400,1.799884
FILLER_83_362,VPWR,li1,174.8000,236.6400,1.799909
FILLER_83_343,VPWR,li1,166.0600,236.6400,1.799871
FILLER_83_335,VPWR,li1,159.8500,236.6400,1.799848
FILLER_83_324,VPWR,li1,154.7900,236.6400,1.799828
FILLER_83_320,VPWR,li1,153.6400,236.6400,1.799828
FILLER_83_303,VPWR,li1,145.5900,236.6400,1.799793
FILLER_83_281,VPWR,li1,135.2400,236.6400,1.799758
FILLER_83_279,VPWR,li1,134.0900,236.6400,1.799751
FILLER_83_268,VPWR,li1,129.0300,236.6400,1.799735
FILLER_83_263,VPWR,li1,126.7300,236.6400,1.799727
FILLER_83_257,VPWR,li1,125.1200,236.6400,1.799727
FILLER_83_238,VPWR,li1,116.8400,236.6400,1.799702
FILLER_83_225,VPWR,li1,109.7100,236.6400,1.799681
FILLER_83_212,VPWR,li1,105.8000,236.6400,1.799676
FILLER_83_200,VPWR,li1,100.2800,236.6400,1.799663
FILLER_83_181,VPWR,li1,90.1600,236.6400,1.799653
FILLER_83_169,VPWR,li1,86.0200,236.6400,1.799651
FILLER_83_166,VPWR,li1,82.3400,236.6400,1.799651
FILLER_83_154,VPWR,li1,79.1200,236.6400,1.799650
FILLER_83_142,VPWR,li1,73.6000,236.6400,1.799661
FILLER_83_135,VPWR,li1,67.8500,236.6400,1.799683
FILLER_83_129,VPWR,li1,66.2400,236.6400,1.799683
FILLER_83_117,VPWR,li1,62.1000,236.6400,1.799698
FILLER_83_111,VPWR,li1,56.8100,236.6400,1.799723
FILLER_83_107,VPWR,li1,55.6600,236.6400,1.799723
FILLER_83_95,VPWR,li1,51.9800,236.6400,1.799745
FILLER_83_86,VPWR,li1,46.4600,236.6400,1.799764
FILLER_83_77,VPWR,li1,42.3200,236.6400,1.799782
FILLER_83_69,VPWR,li1,37.4900,236.6400,1.799806
FILLER_83_57,VPWR,li1,34.5000,236.6400,1.799823
FILLER_83_53,VPWR,li1,30.5900,236.6400,1.799849
FILLER_83_28,VPWR,li1,19.0900,236.6400,1.799918
FILLER_83_16,VPWR,li1,15.6400,236.6400,1.799916
FILLER_83_3,VPWR,li1,8.2800,236.6400,1.799913
FILLER_82_807,VPWR,li1,376.9700,236.6400,1.799755
FILLER_82_802,VPWR,li1,374.9000,236.6400,1.799756
FILLER_82_774,VPWR,li1,362.0200,236.6400,1.799769
FILLER_82_757,VPWR,li1,355.1200,236.6400,1.799782
FILLER_82_753,VPWR,li1,352.5900,236.6400,1.799789
FILLER_82_737,VPWR,li1,345.2300,236.6400,1.799812
FILLER_82_729,VPWR,li1,342.7000,236.6400,1.799822
FILLER_82_717,VPWR,li1,338.1000,236.6400,1.799843
FILLER_82_701,VPWR,li1,328.4400,236.6400,1.799894
FILLER_82_698,VPWR,li1,327.0600,236.6400,1.799884
FILLER_82_687,VPWR,li1,321.7700,236.6400,1.799855
FILLER_82_672,VPWR,li1,315.1000,236.6400,1.799831
FILLER_82_660,VPWR,li1,311.8800,236.6400,1.799813
FILLER_82_642,VPWR,li1,301.3000,236.6400,1.799773
FILLER_82_634,VPWR,li1,299.0000,236.6400,1.799767
FILLER_82_630,VPWR,li1,295.5500,236.6400,1.799759
FILLER_82_618,VPWR,li1,292.5600,236.6400,1.799748
FILLER_82_606,VPWR,li1,287.0400,236.6400,1.799732
FILLER_82_594,VPWR,li1,281.5200,236.6400,1.799713
FILLER_82_589,VPWR,li1,276.6900,236.6400,1.799701
FILLER_82_563,VPWR,li1,264.7300,236.6400,1.799690
FILLER_82_553,VPWR,li1,260.1300,236.6400,1.799691
FILLER_82_547,VPWR,li1,258.5200,236.6400,1.799691
FILLER_82_533,VPWR,li1,250.9300,236.6400,1.799698
FILLER_82_528,VPWR,li1,249.3200,236.6400,1.799700
FILLER_82_516,VPWR,li1,245.6400,236.6400,1.799704
FILLER_82_485,VPWR,li1,229.3100,236.6400,1.799724
FILLER_82_477,VPWR,li1,226.7800,236.6400,1.799728
FILLER_82_475,VPWR,li1,224.2500,236.6400,1.799734
FILLER_82_442,VPWR,li1,209.5300,236.6400,1.799770
FILLER_82_425,VPWR,li1,201.2500,236.6400,1.799796
FILLER_82_421,VPWR,li1,200.1000,236.6400,1.799796
FILLER_82_419,VPWR,li1,198.4900,236.6400,1.799804
FILLER_82_396,VPWR,li1,189.5200,236.6400,1.799841
FILLER_82_381,VPWR,li1,181.0100,236.6400,1.799884
FILLER_82_377,VPWR,li1,179.8600,236.6400,1.799884
FILLER_82_365,VPWR,li1,176.1800,236.6400,1.799909
FILLER_82_363,VPWR,li1,172.7300,236.6400,1.799901
FILLER_82_349,VPWR,li1,166.2900,236.6400,1.799871
FILLER_82_345,VPWR,li1,165.1400,236.6400,1.799871
FILLER_82_333,VPWR,li1,161.4600,236.6400,1.799857
FILLER_82_321,VPWR,li1,155.9400,236.6400,1.799836
FILLER_82_309,VPWR,li1,150.4200,236.6400,1.799816
FILLER_82_304,VPWR,li1,146.2800,236.6400,1.799801
FILLER_82_292,VPWR,li1,142.6000,236.6400,1.799782
FILLER_82_282,VPWR,li1,136.1600,236.6400,1.799758
FILLER_82_269,VPWR,li1,129.4900,236.6400,1.799741
FILLER_82_256,VPWR,li1,123.7400,236.6400,1.799719
FILLER_82_237,VPWR,li1,115.0000,236.6400,1.799697
FILLER_82_225,VPWR,li1,111.7800,236.6400,1.799689
FILLER_82_221,VPWR,li1,107.4100,236.6400,1.799676
FILLER_82_216,VPWR,li1,105.1100,236.6400,1.799671
FILLER_82_210,VPWR,li1,103.5000,236.6400,1.799671
FILLER_82_197,VPWR,li1,96.8300,236.6400,1.799658
FILLER_82_195,VPWR,li1,95.4500,236.6400,1.799655
FILLER_82_187,VPWR,li1,93.3800,236.6400,1.799654
FILLER_82_176,VPWR,li1,87.4000,236.6400,1.799652
FILLER_82_170,VPWR,li1,84.4100,236.6400,1.799651
FILLER_82_162,VPWR,li1,81.8800,236.6400,1.799651
FILLER_82_154,VPWR,li1,76.5900,236.6400,1.799652
FILLER_82_141,VPWR,li1,71.0700,236.6400,1.799669
FILLER_82_139,VPWR,li1,69.6900,236.6400,1.799677
FILLER_82_133,VPWR,li1,68.0800,236.6400,1.799677
FILLER_82_121,VPWR,li1,63.9400,236.6400,1.799692
FILLER_82_97,VPWR,li1,50.6000,236.6400,1.799745
FILLER_82_85,VPWR,li1,47.3800,236.6400,1.799764
FILLER_82_81,VPWR,li1,43.4700,236.6400,1.799782
FILLER_82_53,VPWR,li1,30.5900,236.6400,1.799849
FILLER_82_41,VPWR,li1,27.1400,236.6400,1.799878
FILLER_82_37,VPWR,li1,22.7700,236.6400,1.799903
FILLER_82_29,VPWR,li1,20.7000,236.6400,1.799920
FILLER_82_20,VPWR,li1,16.5600,236.6400,1.799916
FILLER_81_810,VPWR,li1,378.3500,231.2000,1.799875
FILLER_81_800,VPWR,li1,373.7500,231.2000,1.799876
FILLER_81_792,VPWR,li1,371.6800,231.2000,1.799877
FILLER_81_785,VPWR,li1,367.5400,231.2000,1.799880
FILLER_81_782,VPWR,li1,365.7000,231.2000,1.799882
FILLER_81_774,VPWR,li1,363.4000,231.2000,1.799884
FILLER_81_762,VPWR,li1,358.8000,231.2000,1.799888
FILLER_81_750,VPWR,li1,353.2800,231.2000,1.799892
FILLER_81_738,VPWR,li1,347.7600,231.2000,1.799897
FILLER_81_733,VPWR,li1,342.9300,231.2000,1.799903
FILLER_81_729,VPWR,li1,341.7800,231.2000,1.799903
FILLER_81_692,VPWR,li1,324.5300,231.2000,1.799919
FILLER_81_684,VPWR,li1,322.0000,231.2000,1.799911
FILLER_81_673,VPWR,li1,316.4800,231.2000,1.799891
FILLER_81_670,VPWR,li1,314.1800,231.2000,1.799883
FILLER_81_662,VPWR,li1,311.8800,231.2000,1.799876
FILLER_81_650,VPWR,li1,307.2800,231.2000,1.799860
FILLER_81_644,VPWR,li1,302.4500,231.2000,1.799843
FILLER_81_632,VPWR,li1,299.0000,231.2000,1.799828
FILLER_81_606,VPWR,li1,285.6600,231.2000,1.799793
FILLER_81_595,VPWR,li1,279.4500,231.2000,1.799780
FILLER_81_582,VPWR,li1,274.6200,231.2000,1.799776
FILLER_81_558,VPWR,li1,262.6600,231.2000,1.799772
FILLER_81_550,VPWR,li1,260.3600,231.2000,1.799772
FILLER_81_538,VPWR,li1,255.7600,231.2000,1.799773
FILLER_81_526,VPWR,li1,250.2400,231.2000,1.799773
FILLER_81_514,VPWR,li1,244.7200,231.2000,1.799775
FILLER_81_500,VPWR,li1,235.7500,231.2000,1.799778
FILLER_81_491,VPWR,li1,231.6100,231.2000,1.799779
FILLER_81_479,VPWR,li1,228.6200,231.2000,1.799781
FILLER_81_465,VPWR,li1,219.6500,231.2000,1.799789
FILLER_81_460,VPWR,li1,217.5800,231.2000,1.799795
FILLER_81_449,VPWR,li1,213.4400,231.2000,1.799804
FILLER_81_446,VPWR,li1,211.1400,231.2000,1.799809
FILLER_81_428,VPWR,li1,202.6300,231.2000,1.799828
FILLER_81_416,VPWR,li1,199.6400,231.2000,1.799834
FILLER_81_401,VPWR,li1,190.2100,231.2000,1.799863
FILLER_81_393,VPWR,li1,188.1400,231.2000,1.799870
FILLER_81_390,VPWR,li1,185.3800,231.2000,1.799880
FILLER_81_378,VPWR,li1,182.1600,231.2000,1.799893
FILLER_81_358,VPWR,li1,170.4300,231.2000,1.799887
FILLER_81_350,VPWR,li1,167.4400,231.2000,1.799879
FILLER_81_331,VPWR,li1,158.0100,231.2000,1.799833
FILLER_81_325,VPWR,li1,156.4000,231.2000,1.799833
FILLER_81_320,VPWR,li1,153.1800,231.2000,1.799817
FILLER_81_308,VPWR,li1,149.9600,231.2000,1.799810
FILLER_81_299,VPWR,li1,143.2900,231.2000,1.799784
FILLER_81_293,VPWR,li1,141.6800,231.2000,1.799778
FILLER_81_281,VPWR,li1,137.5400,231.2000,1.799769
FILLER_81_277,VPWR,li1,133.6300,231.2000,1.799760
FILLER_81_249,VPWR,li1,122.8200,231.2000,1.799731
FILLER_81_237,VPWR,li1,117.3000,231.2000,1.799719
FILLER_81_225,VPWR,li1,111.7800,231.2000,1.799711
FILLER_81_223,VPWR,li1,108.3300,231.2000,1.799705
FILLER_81_209,VPWR,li1,103.5000,231.2000,1.799700
FILLER_81_197,VPWR,li1,98.9000,231.2000,1.799696
FILLER_81_169,VPWR,li1,83.7200,231.2000,1.799685
FILLER_81_167,VPWR,li1,82.5700,231.2000,1.799685
FILLER_81_155,VPWR,li1,79.5800,231.2000,1.799684
FILLER_81_147,VPWR,li1,73.6000,231.2000,1.799686
FILLER_81_135,VPWR,li1,70.3800,231.2000,1.799690
FILLER_81_126,VPWR,li1,63.9400,231.2000,1.799705
FILLER_81_121,VPWR,li1,61.4100,231.2000,1.799711
FILLER_81_113,VPWR,li1,59.3400,231.2000,1.799723
FILLER_81_109,VPWR,li1,56.3500,231.2000,1.799732
FILLER_81_100,VPWR,li1,52.4400,231.2000,1.799747
FILLER_81_84,VPWR,li1,44.8500,231.2000,1.799783
FILLER_81_76,VPWR,li1,42.3200,231.2000,1.799793
FILLER_81_55,VPWR,li1,31.0500,231.2000,1.799859
FILLER_81_44,VPWR,li1,26.4500,231.2000,1.799886
FILLER_81_36,VPWR,li1,23.9200,231.2000,1.799903
FILLER_81_27,VPWR,li1,18.4000,231.2000,1.799916
FILLER_81_15,VPWR,li1,15.1800,231.2000,1.799914
FILLER_81_3,VPWR,li1,7.3600,231.2000,1.799910
FILLER_80_784,VPWR,li1,368.9200,231.2000,1.799880
FILLER_80_772,VPWR,li1,363.4000,231.2000,1.799884
FILLER_80_760,VPWR,li1,357.8800,231.2000,1.799888
FILLER_80_755,VPWR,li1,353.0500,231.2000,1.799893
FILLER_80_749,VPWR,li1,351.4400,231.2000,1.799893
FILLER_80_737,VPWR,li1,345.0000,231.2000,1.799900
FILLER_80_725,VPWR,li1,339.7100,231.2000,1.799907
FILLER_80_710,VPWR,li1,332.3500,231.2000,1.799925
FILLER_80_706,VPWR,li1,331.2000,231.2000,1.799925
FILLER_80_699,VPWR,li1,327.2900,231.2000,1.799926
FILLER_80_695,VPWR,li1,326.1400,231.2000,1.799926
FILLER_80_690,VPWR,li1,323.1500,231.2000,1.799911
FILLER_80_672,VPWR,li1,315.1000,231.2000,1.799883
FILLER_80_664,VPWR,li1,312.8000,231.2000,1.799876
FILLER_80_654,VPWR,li1,307.2800,231.2000,1.799860
FILLER_80_642,VPWR,li1,301.3000,231.2000,1.799837
FILLER_80_634,VPWR,li1,297.3900,231.2000,1.799828
FILLER_80_630,VPWR,li1,296.2400,231.2000,1.799822
FILLER_80_618,VPWR,li1,292.5600,231.2000,1.799814
FILLER_80_611,VPWR,li1,287.5000,231.2000,1.799798
FILLER_80_599,VPWR,li1,283.8200,231.2000,1.799788
FILLER_80_586,VPWR,li1,275.5400,231.2000,1.799776
FILLER_80_574,VPWR,li1,272.3200,231.2000,1.799774
FILLER_80_570,VPWR,li1,267.9500,231.2000,1.799772
FILLER_80_564,VPWR,li1,266.3400,231.2000,1.799772
FILLER_80_552,VPWR,li1,262.2000,231.2000,1.799772
FILLER_80_537,VPWR,li1,254.3800,231.2000,1.799773
FILLER_80_525,VPWR,li1,247.2500,231.2000,1.799774
FILLER_80_513,VPWR,li1,242.4200,231.2000,1.799776
FILLER_80_501,VPWR,li1,238.7400,231.2000,1.799776
FILLER_80_489,VPWR,li1,233.2200,231.2000,1.799779
FILLER_80_477,VPWR,li1,227.7000,231.2000,1.799781
FILLER_80_472,VPWR,li1,223.5600,231.2000,1.799783
FILLER_80_463,VPWR,li1,219.1900,231.2000,1.799789
FILLER_80_455,VPWR,li1,216.6600,231.2000,1.799795
FILLER_80_443,VPWR,li1,212.0600,231.2000,1.799804
FILLER_80_433,VPWR,li1,205.3900,231.2000,1.799821
FILLER_80_421,VPWR,li1,201.9400,231.2000,1.799828
FILLER_80_400,VPWR,li1,191.3600,231.2000,1.799863
FILLER_80_388,VPWR,li1,186.7600,231.2000,1.799880
FILLER_80_382,VPWR,li1,181.7000,231.2000,1.799893
FILLER_80_370,VPWR,li1,178.4800,231.2000,1.799907
FILLER_80_365,VPWR,li1,173.6500,231.2000,1.799907
FILLER_80_363,VPWR,li1,172.7300,231.2000,1.799898
FILLER_80_359,VPWR,li1,170.8900,231.2000,1.799887
FILLER_80_355,VPWR,li1,169.7400,231.2000,1.799887
FILLER_80_337,VPWR,li1,161.4600,231.2000,1.799848
FILLER_80_309,VPWR,li1,148.1200,231.2000,1.799801
FILLER_80_295,VPWR,li1,141.9100,231.2000,1.799784
FILLER_80_285,VPWR,li1,136.8500,231.2000,1.799769
FILLER_80_277,VPWR,li1,134.7800,231.2000,1.799760
FILLER_80_265,VPWR,li1,130.1800,231.2000,1.799750
FILLER_80_246,VPWR,li1,120.0600,231.2000,1.799726
FILLER_80_234,VPWR,li1,115.9200,231.2000,1.799719
FILLER_80_209,VPWR,li1,102.5800,231.2000,1.799700
FILLER_80_197,VPWR,li1,98.9000,231.2000,1.799696
FILLER_80_193,VPWR,li1,94.9900,231.2000,1.799691
FILLER_80_179,VPWR,li1,89.7000,231.2000,1.799687
FILLER_80_162,VPWR,li1,81.8800,231.2000,1.799685
FILLER_80_156,VPWR,li1,77.7400,231.2000,1.799684
FILLER_80_141,VPWR,li1,70.8400,231.2000,1.799690
FILLER_80_139,VPWR,li1,69.6900,231.2000,1.799693
FILLER_80_135,VPWR,li1,68.5400,231.2000,1.799693
FILLER_80_121,VPWR,li1,61.4100,231.2000,1.799711
FILLER_80_109,VPWR,li1,58.4200,231.2000,1.799723
FILLER_80_97,VPWR,li1,52.9000,231.2000,1.799747
FILLER_80_85,VPWR,li1,47.3800,231.2000,1.799769
FILLER_80_81,VPWR,li1,43.4700,231.2000,1.799793
FILLER_80_69,VPWR,li1,40.0200,231.2000,1.799809
FILLER_80_64,VPWR,li1,35.4200,231.2000,1.799828
FILLER_80_56,VPWR,li1,33.1200,231.2000,1.799841
FILLER_80_48,VPWR,li1,28.2900,231.2000,1.799870
FILLER_80_40,VPWR,li1,25.7600,231.2000,1.799886
FILLER_80_19,VPWR,li1,15.1800,231.2000,1.799914
FILLER_80_11,VPWR,li1,10.8100,231.2000,1.799910
FILLER_80_7,VPWR,li1,9.6600,231.2000,1.799910
FILLER_79_790,VPWR,li1,369.1500,225.7600,1.799848
FILLER_79_782,VPWR,li1,365.7000,225.7600,1.799850
FILLER_79_764,VPWR,li1,357.6500,225.7600,1.799860
FILLER_79_745,VPWR,li1,348.6800,225.7600,1.799871
FILLER_79_737,VPWR,li1,346.3800,225.7600,1.799875
FILLER_79_720,VPWR,li1,336.9500,225.7600,1.799894
FILLER_79_716,VPWR,li1,335.8000,225.7600,1.799894
FILLER_79_704,VPWR,li1,329.8200,225.7600,1.799910
FILLER_79_673,VPWR,li1,316.9400,225.7600,1.799831
FILLER_79_671,VPWR,li1,314.4100,225.7600,1.799809
FILLER_79_648,VPWR,li1,304.9800,225.7600,1.799751
FILLER_79_627,VPWR,li1,294.6300,225.7600,1.799682
FILLER_79_614,VPWR,li1,288.4200,225.7600,1.799650
FILLER_79_607,VPWR,li1,285.4300,225.7600,1.799638
FILLER_79_599,VPWR,li1,282.9000,225.7600,1.799615
FILLER_79_587,VPWR,li1,278.3000,225.7600,1.799597
FILLER_79_575,VPWR,li1,272.7800,225.7600,1.799568
FILLER_79_561,VPWR,li1,264.5000,225.7600,1.799527
FILLER_79_559,VPWR,li1,262.8900,225.7600,1.799515
FILLER_79_548,VPWR,li1,257.8300,225.7600,1.799495
FILLER_79_540,VPWR,li1,254.1500,225.7600,1.799478
FILLER_79_532,VPWR,li1,252.0800,225.7600,1.799469
FILLER_79_501,VPWR,li1,236.6700,225.7600,1.799409
FILLER_79_494,VPWR,li1,233.4500,225.7600,1.799402
FILLER_79_487,VPWR,li1,229.7700,225.7600,1.799400
FILLER_79_457,VPWR,li1,216.2000,225.7600,1.799440
FILLER_79_449,VPWR,li1,213.9000,225.7600,1.799456
FILLER_79_440,VPWR,li1,209.7600,225.7600,1.799486
FILLER_79_428,VPWR,li1,205.1600,225.7600,1.799533
FILLER_79_416,VPWR,li1,199.6400,225.7600,1.799583
FILLER_79_398,VPWR,li1,189.9800,225.7600,1.799677
FILLER_79_389,VPWR,li1,185.1500,225.7600,1.799733
FILLER_79_349,VPWR,li1,168.8200,225.7600,1.799834
FILLER_79_335,VPWR,li1,159.8500,225.7600,1.799809
FILLER_79_327,VPWR,li1,157.7800,225.7600,1.799803
FILLER_79_295,VPWR,li1,141.6800,225.7600,1.799762
FILLER_79_285,VPWR,li1,136.8500,225.7600,1.799755
FILLER_79_279,VPWR,li1,134.0900,225.7600,1.799749
FILLER_79_272,VPWR,li1,131.1000,225.7600,1.799743
FILLER_79_265,VPWR,li1,127.6500,225.7600,1.799735
FILLER_79_261,VPWR,li1,126.5000,225.7600,1.799735
FILLER_79_249,VPWR,li1,122.8200,225.7600,1.799728
FILLER_79_218,VPWR,li1,107.1800,225.7600,1.799713
FILLER_79_194,VPWR,li1,95.2200,225.7600,1.799721
FILLER_79_182,VPWR,li1,92.0000,225.7600,1.799725
FILLER_79_169,VPWR,li1,85.1000,225.7600,1.799732
FILLER_79_166,VPWR,li1,82.3400,225.7600,1.799735
FILLER_79_144,VPWR,li1,73.6000,225.7600,1.799753
FILLER_79_132,VPWR,li1,69.0000,225.7600,1.799761
FILLER_79_120,VPWR,li1,63.4800,225.7600,1.799774
FILLER_79_106,VPWR,li1,55.6600,225.7600,1.799795
FILLER_79_88,VPWR,li1,48.7600,225.7600,1.799818
FILLER_79_73,VPWR,li1,40.0200,225.7600,1.799852
FILLER_79_61,VPWR,li1,34.0400,225.7600,1.799879
FILLER_79_48,VPWR,li1,28.2900,225.7600,1.799907
FILLER_79_36,VPWR,li1,24.8400,225.7600,1.799924
FILLER_79_27,VPWR,li1,19.3200,225.7600,1.799935
FILLER_79_13,VPWR,li1,11.7300,225.7600,1.799932
FILLER_78_807,VPWR,li1,376.9700,225.7600,1.799844
FILLER_78_792,VPWR,li1,372.6000,225.7600,1.799844
FILLER_78_783,VPWR,li1,366.6200,225.7600,1.799850
FILLER_78_776,VPWR,li1,363.1700,225.7600,1.799852
FILLER_78_757,VPWR,li1,354.2000,225.7600,1.799864
FILLER_78_755,VPWR,li1,353.0500,225.7600,1.799864
FILLER_78_743,VPWR,li1,347.5300,225.7600,1.799875
FILLER_78_737,VPWR,li1,345.9200,225.7600,1.799875
FILLER_78_723,VPWR,li1,338.7900,225.7600,1.799888
FILLER_78_713,VPWR,li1,333.7300,225.7600,1.799899
FILLER_78_709,VPWR,li1,332.5800,225.7600,1.799905
FILLER_78_705,VPWR,li1,330.0500,225.7600,1.799910
FILLER_78_701,VPWR,li1,328.9000,225.7600,1.799910
FILLER_78_698,VPWR,li1,327.0600,225.7600,1.799897
FILLER_78_669,VPWR,li1,315.1000,225.7600,1.799809
FILLER_78_660,VPWR,li1,309.5800,225.7600,1.799784
FILLER_78_651,VPWR,li1,305.4400,225.7600,1.799751
FILLER_78_645,VPWR,li1,302.9100,225.7600,1.799734
FILLER_78_643,VPWR,li1,301.5300,225.7600,1.799734
FILLER_78_631,VPWR,li1,296.2400,225.7600,1.799702
FILLER_78_623,VPWR,li1,293.9400,225.7600,1.799682
FILLER_78_599,VPWR,li1,281.5200,225.7600,1.799615
FILLER_78_576,VPWR,li1,273.2400,225.7600,1.799568
FILLER_78_559,VPWR,li1,263.3500,225.7600,1.799515
FILLER_78_551,VPWR,li1,260.8200,225.7600,1.799504
FILLER_78_541,VPWR,li1,254.6100,225.7600,1.799478
FILLER_78_533,VPWR,li1,252.5400,225.7600,1.799469
FILLER_78_530,VPWR,li1,249.7800,225.7600,1.799458
FILLER_78_522,VPWR,li1,247.4800,225.7600,1.799447
FILLER_78_516,VPWR,li1,243.1100,225.7600,1.799428
FILLER_78_510,VPWR,li1,241.5000,225.7600,1.799417
FILLER_78_498,VPWR,li1,237.3600,225.7600,1.799409
FILLER_78_477,VPWR,li1,226.7800,225.7600,1.799402
FILLER_78_475,VPWR,li1,224.2500,225.7600,1.799408
FILLER_78_451,VPWR,li1,214.8200,225.7600,1.799456
FILLER_78_428,VPWR,li1,204.2400,225.7600,1.799533
FILLER_78_418,VPWR,li1,198.2600,225.7600,1.799605
FILLER_78_408,VPWR,li1,193.4300,225.7600,1.799649
FILLER_78_396,VPWR,li1,190.4400,225.7600,1.799677
FILLER_78_384,VPWR,li1,184.9200,225.7600,1.799733
FILLER_78_372,VPWR,li1,179.4000,225.7600,1.799794
FILLER_78_360,VPWR,li1,172.0400,225.7600,1.799845
FILLER_78_348,VPWR,li1,168.3600,225.7600,1.799834
FILLER_78_341,VPWR,li1,162.6100,225.7600,1.799815
FILLER_78_333,VPWR,li1,160.5400,225.7600,1.799809
FILLER_78_321,VPWR,li1,155.9400,225.7600,1.799798
FILLER_78_309,VPWR,li1,150.4200,225.7600,1.799783
FILLER_78_306,VPWR,li1,146.7400,225.7600,1.799773
FILLER_78_301,VPWR,li1,144.4400,225.7600,1.799769
FILLER_78_289,VPWR,li1,141.2200,225.7600,1.799762
FILLER_78_277,VPWR,li1,135.7000,225.7600,1.799749
FILLER_78_265,VPWR,li1,130.1800,225.7600,1.799739
FILLER_78_253,VPWR,li1,124.6600,225.7600,1.799732
FILLER_78_248,VPWR,li1,120.5200,225.7600,1.799725
FILLER_78_223,VPWR,li1,109.0200,225.7600,1.799713
FILLER_78_211,VPWR,li1,105.3400,225.7600,1.799714
FILLER_78_188,VPWR,li1,93.8400,225.7600,1.799721
FILLER_78_173,VPWR,li1,85.5600,225.7600,1.799732
FILLER_78_165,VPWR,li1,83.2600,225.7600,1.799735
FILLER_78_149,VPWR,li1,74.2900,225.7600,1.799749
FILLER_78_141,VPWR,li1,72.2200,225.7600,1.799753
FILLER_78_134,VPWR,li1,68.5400,225.7600,1.799761
FILLER_78_124,VPWR,li1,63.2500,225.7600,1.799774
FILLER_78_112,VPWR,li1,59.8000,225.7600,1.799784
FILLER_78_97,VPWR,li1,50.6000,225.7600,1.799811
FILLER_78_72,VPWR,li1,41.4000,225.7600,1.799852
FILLER_78_56,VPWR,li1,31.9700,225.7600,1.799889
FILLER_78_44,VPWR,li1,28.5200,225.7600,1.799907
FILLER_78_33,VPWR,li1,20.9300,225.7600,1.799937
FILLER_78_29,VPWR,li1,19.7800,225.7600,1.799937
FILLER_78_26,VPWR,li1,17.9400,225.7600,1.799935
FILLER_78_18,VPWR,li1,15.6400,225.7600,1.799933
FILLER_78_6,VPWR,li1,11.0400,225.7600,1.799932
FILLER_77_805,VPWR,li1,376.5100,220.3200,1.799929
FILLER_77_797,VPWR,li1,373.9800,220.3200,1.799929
FILLER_77_785,VPWR,li1,369.3800,220.3200,1.799929
FILLER_77_780,VPWR,li1,365.2400,220.3200,1.799929
FILLER_77_768,VPWR,li1,361.5600,220.3200,1.799930
FILLER_77_752,VPWR,li1,351.9000,220.3200,1.799931
FILLER_77_740,VPWR,li1,348.6800,220.3200,1.799931
FILLER_77_729,VPWR,li1,341.7800,220.3200,1.799932
FILLER_77_727,VPWR,li1,340.1700,220.3200,1.799934
FILLER_77_723,VPWR,li1,339.0200,220.3200,1.799934
FILLER_77_718,VPWR,li1,336.0300,220.3200,1.799936
FILLER_77_697,VPWR,li1,327.9800,220.3200,1.799941
FILLER_77_685,VPWR,li1,323.3800,220.3200,1.799917
FILLER_77_673,VPWR,li1,316.0200,220.3200,1.799878
FILLER_77_660,VPWR,li1,311.8800,220.3200,1.799858
FILLER_77_641,VPWR,li1,301.3000,220.3200,1.799817
FILLER_77_629,VPWR,li1,297.6200,220.3200,1.799802
FILLER_77_617,VPWR,li1,292.1000,220.3200,1.799783
FILLER_77_614,VPWR,li1,288.4200,220.3200,1.799765
FILLER_77_604,VPWR,li1,283.5900,220.3200,1.799745
FILLER_77_598,VPWR,li1,281.9800,220.3200,1.799745
FILLER_77_585,VPWR,li1,274.8500,220.3200,1.799719
FILLER_77_573,VPWR,li1,271.8600,220.3200,1.799711
FILLER_77_561,VPWR,li1,264.0400,220.3200,1.799697
FILLER_77_558,VPWR,li1,262.6600,220.3200,1.799697
FILLER_77_550,VPWR,li1,260.3600,220.3200,1.799695
FILLER_77_537,VPWR,li1,253.2300,220.3200,1.799695
FILLER_77_529,VPWR,li1,250.7000,220.3200,1.799696
FILLER_77_517,VPWR,li1,246.1000,220.3200,1.799698
FILLER_77_505,VPWR,li1,240.5800,220.3200,1.799702
FILLER_77_496,VPWR,li1,235.5200,220.3200,1.799705
FILLER_77_485,VPWR,li1,229.3100,220.3200,1.799712
FILLER_77_473,VPWR,li1,225.8600,220.3200,1.799716
FILLER_77_461,VPWR,li1,220.3400,220.3200,1.799722
FILLER_77_449,VPWR,li1,214.8200,220.3200,1.799735
FILLER_77_444,VPWR,li1,210.6800,220.3200,1.799745
FILLER_77_429,VPWR,li1,203.5500,220.3200,1.799777
FILLER_77_417,VPWR,li1,200.1000,220.3200,1.799789
FILLER_77_412,VPWR,li1,195.5000,220.3200,1.799810
FILLER_77_400,VPWR,li1,192.2800,220.3200,1.799817
FILLER_77_384,VPWR,li1,182.6200,220.3200,1.799865
FILLER_77_372,VPWR,li1,179.4000,220.3200,1.799882
FILLER_77_355,VPWR,li1,169.7400,220.3200,1.799902
FILLER_77_334,VPWR,li1,159.6200,220.3200,1.799876
FILLER_77_314,VPWR,li1,151.3400,220.3200,1.799859
FILLER_77_295,VPWR,li1,141.9100,220.3200,1.799846
FILLER_77_291,VPWR,li1,139.6100,220.3200,1.799841
FILLER_77_285,VPWR,li1,138.0000,220.3200,1.799841
FILLER_77_277,VPWR,li1,133.6300,220.3200,1.799837
FILLER_77_270,VPWR,li1,129.9500,220.3200,1.799833
FILLER_77_266,VPWR,li1,128.8000,220.3200,1.799833
FILLER_77_254,VPWR,li1,125.1200,220.3200,1.799831
FILLER_77_245,VPWR,li1,118.6800,220.3200,1.799828
FILLER_77_237,VPWR,li1,116.3800,220.3200,1.799827
FILLER_77_225,VPWR,li1,111.7800,220.3200,1.799825
FILLER_77_223,VPWR,li1,108.3300,220.3200,1.799824
FILLER_77_215,VPWR,li1,106.2600,220.3200,1.799823
FILLER_77_208,VPWR,li1,101.4300,220.3200,1.799824
FILLER_77_204,VPWR,li1,100.2800,220.3200,1.799824
FILLER_77_169,VPWR,li1,84.6400,220.3200,1.799833
FILLER_77_166,VPWR,li1,82.3400,220.3200,1.799835
FILLER_77_145,VPWR,li1,72.6800,220.3200,1.799846
FILLER_77_137,VPWR,li1,70.3800,220.3200,1.799849
FILLER_77_119,VPWR,li1,60.4900,220.3200,1.799866
FILLER_77_113,VPWR,li1,58.8800,220.3200,1.799871
FILLER_77_108,VPWR,li1,56.1200,220.3200,1.799875
FILLER_77_91,VPWR,li1,50.1400,220.3200,1.799886
FILLER_77_87,VPWR,li1,45.7700,220.3200,1.799899
FILLER_77_81,VPWR,li1,44.1600,220.3200,1.799903
FILLER_77_69,VPWR,li1,40.0200,220.3200,1.799910
FILLER_77_57,VPWR,li1,34.5000,220.3200,1.799927
FILLER_77_54,VPWR,li1,30.8200,220.3200,1.799935
FILLER_77_46,VPWR,li1,28.5200,220.3200,1.799940
FILLER_77_38,VPWR,li1,23.2300,220.3200,1.799954
FILLER_77_26,VPWR,li1,20.2400,220.3200,1.799963
FILLER_77_3,VPWR,li1,7.3600,220.3200,1.799956
FILLER_76_805,VPWR,li1,376.5100,220.3200,1.799929
FILLER_76_793,VPWR,li1,373.0600,220.3200,1.799929
FILLER_76_781,VPWR,li1,367.5400,220.3200,1.799929
FILLER_76_769,VPWR,li1,362.0200,220.3200,1.799930
FILLER_76_757,VPWR,li1,356.5000,220.3200,1.799930
FILLER_76_754,VPWR,li1,352.8200,220.3200,1.799930
FILLER_76_746,VPWR,li1,350.5200,220.3200,1.799931
FILLER_76_734,VPWR,li1,345.9200,220.3200,1.799931
FILLER_76_726,VPWR,li1,339.7100,220.3200,1.799934
FILLER_76_720,VPWR,li1,338.1000,220.3200,1.799934
FILLER_76_708,VPWR,li1,333.9600,220.3200,1.799937
FILLER_76_699,VPWR,li1,327.2900,220.3200,1.799931
FILLER_76_683,VPWR,li1,320.3900,220.3200,1.799896
FILLER_76_659,VPWR,li1,310.5000,220.3200,1.799858
FILLER_76_648,VPWR,li1,303.8300,220.3200,1.799825
FILLER_76_641,VPWR,li1,301.0700,220.3200,1.799817
FILLER_76_626,VPWR,li1,294.4000,220.3200,1.799792
FILLER_76_613,VPWR,li1,289.3400,220.3200,1.799772
FILLER_76_601,VPWR,li1,284.7400,220.3200,1.799755
FILLER_76_589,VPWR,li1,279.2200,220.3200,1.799735
FILLER_76_587,VPWR,li1,275.7700,220.3200,1.799719
FILLER_76_581,VPWR,li1,274.1600,220.3200,1.799719
FILLER_76_539,VPWR,li1,253.6900,220.3200,1.799695
FILLER_76_533,VPWR,li1,252.0800,220.3200,1.799695
FILLER_76_528,VPWR,li1,249.3200,220.3200,1.799696
FILLER_76_516,VPWR,li1,245.6400,220.3200,1.799698
FILLER_76_508,VPWR,li1,239.6600,220.3200,1.799702
FILLER_76_500,VPWR,li1,237.3600,220.3200,1.799703
FILLER_76_489,VPWR,li1,230.6900,220.3200,1.799708
FILLER_76_477,VPWR,li1,227.7000,220.3200,1.799712
FILLER_76_455,VPWR,li1,215.0500,220.3200,1.799735
FILLER_76_441,VPWR,li1,208.6100,220.3200,1.799752
FILLER_76_433,VPWR,li1,206.5400,220.3200,1.799761
FILLER_76_421,VPWR,li1,201.9400,220.3200,1.799777
FILLER_76_416,VPWR,li1,197.8000,220.3200,1.799799
FILLER_76_404,VPWR,li1,194.1200,220.3200,1.799810
FILLER_76_392,VPWR,li1,188.6000,220.3200,1.799836
FILLER_76_380,VPWR,li1,180.5500,220.3200,1.799882
FILLER_76_368,VPWR,li1,177.5600,220.3200,1.799893
FILLER_76_362,VPWR,li1,172.5000,220.3200,1.799909
FILLER_76_347,VPWR,li1,165.8300,220.3200,1.799893
FILLER_76_334,VPWR,li1,160.0800,220.3200,1.799876
FILLER_76_325,VPWR,li1,156.4000,220.3200,1.799871
FILLER_76_309,VPWR,li1,148.1200,220.3200,1.799855
FILLER_76_306,VPWR,li1,146.7400,220.3200,1.799852
FILLER_76_261,VPWR,li1,125.8100,220.3200,1.799831
FILLER_76_257,VPWR,li1,124.6600,220.3200,1.799830
FILLER_76_253,VPWR,li1,122.1300,220.3200,1.799829
FILLER_76_249,VPWR,li1,120.7500,220.3200,1.799829
FILLER_76_239,VPWR,li1,115.9200,220.3200,1.799827
FILLER_76_229,VPWR,li1,111.5500,220.3200,1.799825
FILLER_76_221,VPWR,li1,109.0200,220.3200,1.799824
FILLER_76_205,VPWR,li1,100.2800,220.3200,1.799824
FILLER_76_197,VPWR,li1,97.9800,220.3200,1.799825
FILLER_76_195,VPWR,li1,95.4500,220.3200,1.799827
FILLER_76_183,VPWR,li1,92.4600,220.3200,1.799828
FILLER_76_170,VPWR,li1,84.4100,220.3200,1.799833
FILLER_76_145,VPWR,li1,72.4500,220.3200,1.799846
FILLER_76_141,VPWR,li1,71.3000,220.3200,1.799849
FILLER_76_137,VPWR,li1,69.2300,220.3200,1.799853
FILLER_76_122,VPWR,li1,62.1000,220.3200,1.799862
FILLER_76_114,VPWR,li1,59.8000,220.3200,1.799866
FILLER_76_108,VPWR,li1,55.4300,220.3200,1.799875
FILLER_76_100,VPWR,li1,53.3600,220.3200,1.799879
FILLER_76_75,VPWR,li1,40.4800,220.3200,1.799910
FILLER_76_63,VPWR,li1,37.2600,220.3200,1.799917
FILLER_76_49,VPWR,li1,28.2900,220.3200,1.799940
FILLER_76_41,VPWR,li1,26.2200,220.3200,1.799949
FILLER_76_29,VPWR,li1,21.6200,220.3200,1.799963
FILLER_76_26,VPWR,li1,17.9400,220.3200,1.799961
FILLER_76_14,VPWR,li1,14.7200,220.3200,1.799959
FILLER_76_3,VPWR,li1,7.1300,220.3200,1.799956
FILLER_75_805,VPWR,li1,376.5100,214.8800,1.799889
FILLER_75_797,VPWR,li1,373.9800,214.8800,1.799893
FILLER_75_785,VPWR,li1,369.3800,214.8800,1.799897
FILLER_75_783,VPWR,li1,365.9300,214.8800,1.799902
FILLER_75_779,VPWR,li1,364.7800,214.8800,1.799902
FILLER_75_767,VPWR,li1,361.1000,214.8800,1.799906
FILLER_75_755,VPWR,li1,355.5800,214.8800,1.799911
FILLER_75_743,VPWR,li1,350.0600,214.8800,1.799917
FILLER_75_726,VPWR,li1,339.9400,214.8800,1.799929
FILLER_75_718,VPWR,li1,337.6400,214.8800,1.799932
FILLER_75_704,VPWR,li1,329.8200,214.8800,1.799945
FILLER_75_689,VPWR,li1,322.6900,214.8800,1.799917
FILLER_75_683,VPWR,li1,321.0800,214.8800,1.799917
FILLER_75_659,VPWR,li1,308.8900,214.8800,1.799876
FILLER_75_630,VPWR,li1,296.0100,214.8800,1.799843
FILLER_75_617,VPWR,li1,289.8000,214.8800,1.799829
FILLER_75_608,VPWR,li1,287.0400,214.8800,1.799825
FILLER_75_592,VPWR,li1,278.0700,214.8800,1.799808
FILLER_75_586,VPWR,li1,276.4600,214.8800,1.799808
FILLER_75_574,VPWR,li1,272.3200,214.8800,1.799800
FILLER_75_561,VPWR,li1,264.2700,214.8800,1.799790
FILLER_75_558,VPWR,li1,262.6600,214.8800,1.799790
FILLER_75_550,VPWR,li1,260.3600,214.8800,1.799788
FILLER_75_541,VPWR,li1,254.6100,214.8800,1.799783
FILLER_75_537,VPWR,li1,253.4600,214.8800,1.799783
FILLER_75_524,VPWR,li1,247.2500,214.8800,1.799782
FILLER_75_502,VPWR,li1,236.9000,214.8800,1.799786
FILLER_75_494,VPWR,li1,234.6000,214.8800,1.799787
FILLER_75_483,VPWR,li1,227.9300,214.8800,1.799792
FILLER_75_471,VPWR,li1,224.9400,214.8800,1.799795
FILLER_75_449,VPWR,li1,213.4400,214.8800,1.799811
FILLER_75_444,VPWR,li1,210.6800,214.8800,1.799816
FILLER_75_435,VPWR,li1,206.3100,214.8800,1.799827
FILLER_75_427,VPWR,li1,203.7800,214.8800,1.799832
FILLER_75_405,VPWR,li1,192.2800,214.8800,1.799867
FILLER_75_393,VPWR,li1,189.0600,214.8800,1.799879
FILLER_75_391,VPWR,li1,185.6100,214.8800,1.799893
FILLER_75_383,VPWR,li1,183.5400,214.8800,1.799901
FILLER_75_373,VPWR,li1,177.7900,214.8800,1.799934
FILLER_75_361,VPWR,li1,174.3400,214.8800,1.799942
FILLER_75_345,VPWR,li1,164.6800,214.8800,1.799932
FILLER_75_337,VPWR,li1,162.3800,214.8800,1.799929
FILLER_75_335,VPWR,li1,159.8500,214.8800,1.799927
FILLER_75_331,VPWR,li1,158.7000,214.8800,1.799925
FILLER_75_319,VPWR,li1,155.0200,214.8800,1.799922
FILLER_75_307,VPWR,li1,148.5800,214.8800,1.799917
FILLER_75_293,VPWR,li1,141.2200,214.8800,1.799912
FILLER_75_281,VPWR,li1,136.1600,214.8800,1.799910
FILLER_75_277,VPWR,li1,133.6300,214.8800,1.799908
FILLER_75_265,VPWR,li1,130.1800,214.8800,1.799906
FILLER_75_244,VPWR,li1,119.1400,214.8800,1.799902
FILLER_75_223,VPWR,li1,108.3300,214.8800,1.799899
FILLER_75_215,VPWR,li1,106.2600,214.8800,1.799899
FILLER_75_208,VPWR,li1,101.4300,214.8800,1.799898
FILLER_75_200,VPWR,li1,99.3600,214.8800,1.799898
FILLER_75_186,VPWR,li1,92.4600,214.8800,1.799898
FILLER_75_166,VPWR,li1,82.3400,214.8800,1.799900
FILLER_75_148,VPWR,li1,73.8300,214.8800,1.799903
FILLER_75_134,VPWR,li1,67.8500,214.8800,1.799906
FILLER_75_122,VPWR,li1,61.8700,214.8800,1.799911
FILLER_75_111,VPWR,li1,56.8100,214.8800,1.799918
FILLER_75_99,VPWR,li1,51.7500,214.8800,1.799923
FILLER_75_91,VPWR,li1,49.2200,214.8800,1.799925
FILLER_75_84,VPWR,li1,44.8500,214.8800,1.799931
FILLER_75_72,VPWR,li1,41.4000,214.8800,1.799937
FILLER_75_63,VPWR,li1,34.9600,214.8800,1.799944
FILLER_75_57,VPWR,li1,32.2000,214.8800,1.799948
FILLER_75_44,VPWR,li1,28.5200,214.8800,1.799955
FILLER_75_30,VPWR,li1,19.5500,214.8800,1.799967
FILLER_75_22,VPWR,li1,17.4800,214.8800,1.799965
FILLER_74_805,VPWR,li1,376.2800,214.8800,1.799889
FILLER_74_793,VPWR,li1,373.0600,214.8800,1.799893
FILLER_74_781,VPWR,li1,367.5400,214.8800,1.799899
FILLER_74_769,VPWR,li1,362.0200,214.8800,1.799906
FILLER_74_757,VPWR,li1,356.5000,214.8800,1.799911
FILLER_74_754,VPWR,li1,352.8200,214.8800,1.799914
FILLER_74_746,VPWR,li1,350.5200,214.8800,1.799917
FILLER_74_734,VPWR,li1,345.9200,214.8800,1.799923
FILLER_74_713,VPWR,li1,335.3400,214.8800,1.799937
FILLER_74_709,VPWR,li1,331.8900,214.8800,1.799941
FILLER_74_701,VPWR,li1,329.8200,214.8800,1.799945
FILLER_74_684,VPWR,li1,320.3900,214.8800,1.799910
FILLER_74_680,VPWR,li1,319.2400,214.8800,1.799910
FILLER_74_668,VPWR,li1,315.5600,214.8800,1.799895
FILLER_74_659,VPWR,li1,309.3500,214.8800,1.799876
FILLER_74_651,VPWR,li1,306.8200,214.8800,1.799870
FILLER_74_634,VPWR,li1,297.3900,214.8800,1.799843
FILLER_74_619,VPWR,li1,291.6400,214.8800,1.799834
FILLER_74_603,VPWR,li1,285.6600,214.8800,1.799820
FILLER_74_589,VPWR,li1,277.3800,214.8800,1.799808
FILLER_74_587,VPWR,li1,275.7700,214.8800,1.799805
FILLER_74_583,VPWR,li1,274.6200,214.8800,1.799805
FILLER_74_571,VPWR,li1,270.9400,214.8800,1.799800
FILLER_74_559,VPWR,li1,265.4200,214.8800,1.799793
FILLER_74_547,VPWR,li1,259.9000,214.8800,1.799788
FILLER_74_524,VPWR,li1,247.0200,214.8800,1.799782
FILLER_74_516,VPWR,li1,244.7200,214.8800,1.799783
FILLER_74_491,VPWR,li1,231.6100,214.8800,1.799789
FILLER_74_483,VPWR,li1,229.5400,214.8800,1.799792
FILLER_74_470,VPWR,li1,222.1800,214.8800,1.799797
FILLER_74_449,VPWR,li1,214.8200,214.8800,1.799811
FILLER_74_435,VPWR,li1,205.8500,214.8800,1.799827
FILLER_74_427,VPWR,li1,203.7800,214.8800,1.799832
FILLER_74_417,VPWR,li1,198.0300,214.8800,1.799847
FILLER_74_409,VPWR,li1,193.8900,214.8800,1.799867
FILLER_74_403,VPWR,li1,192.2800,214.8800,1.799867
FILLER_74_385,VPWR,li1,183.3100,214.8800,1.799909
FILLER_74_377,VPWR,li1,179.8600,214.8800,1.799917
FILLER_74_365,VPWR,li1,176.1800,214.8800,1.799934
FILLER_74_362,VPWR,li1,172.5000,214.8800,1.799940
FILLER_74_354,VPWR,li1,170.2000,214.8800,1.799938
FILLER_74_334,VPWR,li1,159.3900,214.8800,1.799927
FILLER_74_326,VPWR,li1,157.3200,214.8800,1.799925
FILLER_74_315,VPWR,li1,150.6500,214.8800,1.799919
FILLER_74_309,VPWR,li1,149.0400,214.8800,1.799917
FILLER_74_302,VPWR,li1,145.8200,214.8800,1.799915
FILLER_74_294,VPWR,li1,141.2200,214.8800,1.799912
FILLER_74_286,VPWR,li1,138.9200,214.8800,1.799911
FILLER_74_275,VPWR,li1,133.8600,214.8800,1.799908
FILLER_74_263,VPWR,li1,129.2600,214.8800,1.799906
FILLER_74_249,VPWR,li1,120.7500,214.8800,1.799902
FILLER_74_237,VPWR,li1,117.3000,214.8800,1.799901
FILLER_74_219,VPWR,li1,109.0200,214.8800,1.799899
FILLER_74_207,VPWR,li1,103.5000,214.8800,1.799899
FILLER_74_182,VPWR,li1,89.7000,214.8800,1.799898
FILLER_74_170,VPWR,li1,86.4800,214.8800,1.799899
FILLER_74_161,VPWR,li1,79.8100,214.8800,1.799900
FILLER_74_138,VPWR,li1,69.4600,214.8800,1.799906
FILLER_74_125,VPWR,li1,63.2500,214.8800,1.799911
FILLER_74_121,VPWR,li1,62.1000,214.8800,1.799911
FILLER_74_109,VPWR,li1,58.4200,214.8800,1.799915
FILLER_74_97,VPWR,li1,51.5200,214.8800,1.799923
FILLER_74_85,VPWR,li1,47.3800,214.8800,1.799928
FILLER_74_78,VPWR,li1,42.7800,214.8800,1.799934
FILLER_74_69,VPWR,li1,37.4900,214.8800,1.799941
FILLER_74_46,VPWR,li1,26.9100,214.8800,1.799960
FILLER_74_42,VPWR,li1,25.7600,214.8800,1.799960
FILLER_74_29,VPWR,li1,19.0900,214.8800,1.799967
FILLER_74_26,VPWR,li1,17.9400,214.8800,1.799965
FILLER_74_3,VPWR,li1,7.3600,214.8800,1.799961
FILLER_73_805,VPWR,li1,377.2000,209.4400,1.799843
FILLER_73_783,VPWR,li1,365.9300,209.4400,1.799863
FILLER_73_777,VPWR,li1,364.3200,209.4400,1.799863
FILLER_73_765,VPWR,li1,360.1800,209.4400,1.799871
FILLER_73_753,VPWR,li1,354.6600,209.4400,1.799884
FILLER_73_741,VPWR,li1,349.1400,209.4400,1.799893
FILLER_73_729,VPWR,li1,343.6200,209.4400,1.799904
FILLER_73_727,VPWR,li1,340.1700,209.4400,1.799913
FILLER_73_723,VPWR,li1,339.0200,209.4400,1.799913
FILLER_73_711,VPWR,li1,335.3400,209.4400,1.799921
FILLER_73_688,VPWR,li1,322.4600,209.4400,1.799904
FILLER_73_673,VPWR,li1,316.0200,209.4400,1.799876
FILLER_73_670,VPWR,li1,314.1800,209.4400,1.799867
FILLER_73_661,VPWR,li1,309.8100,209.4400,1.799850
FILLER_73_653,VPWR,li1,307.7400,209.4400,1.799839
FILLER_73_637,VPWR,li1,299.0000,209.4400,1.799805
FILLER_73_625,VPWR,li1,295.7800,209.4400,1.799797
FILLER_73_602,VPWR,li1,284.2800,209.4400,1.799758
FILLER_73_590,VPWR,li1,279.6800,209.4400,1.799741
FILLER_73_561,VPWR,li1,264.5000,209.4400,1.799701
FILLER_73_549,VPWR,li1,258.2900,209.4400,1.799685
FILLER_73_537,VPWR,li1,255.3000,209.4400,1.799678
FILLER_73_529,VPWR,li1,249.3200,209.4400,1.799665
FILLER_73_521,VPWR,li1,247.0200,209.4400,1.799658
FILLER_73_509,VPWR,li1,242.4200,209.4400,1.799650
FILLER_73_503,VPWR,li1,237.1300,209.4400,1.799638
FILLER_73_497,VPWR,li1,235.5200,209.4400,1.799633
FILLER_73_485,VPWR,li1,231.3800,209.4400,1.799624
FILLER_73_470,VPWR,li1,223.5600,209.4400,1.799609
FILLER_73_462,VPWR,li1,218.5000,209.4400,1.799602
FILLER_73_447,VPWR,li1,211.3700,209.4400,1.799592
FILLER_73_419,VPWR,li1,198.4900,209.4400,1.799638
FILLER_73_415,VPWR,li1,197.3400,209.4400,1.799638
FILLER_73_396,VPWR,li1,188.6000,209.4400,1.799745
FILLER_73_389,VPWR,li1,185.1500,209.4400,1.799764
FILLER_73_381,VPWR,li1,182.6200,209.4400,1.799791
FILLER_73_369,VPWR,li1,178.0200,209.4400,1.799851
FILLER_73_357,VPWR,li1,172.5000,209.4400,1.799875
FILLER_73_311,VPWR,li1,149.2700,209.4400,1.799851
FILLER_73_292,VPWR,li1,140.0700,209.4400,1.799844
FILLER_73_265,VPWR,li1,127.8800,209.4400,1.799841
FILLER_73_260,VPWR,li1,125.3500,209.4400,1.799841
FILLER_73_246,VPWR,li1,118.9100,209.4400,1.799842
FILLER_73_238,VPWR,li1,116.8400,209.4400,1.799843
FILLER_73_214,VPWR,li1,104.8800,209.4400,1.799847
FILLER_73_206,VPWR,li1,100.5100,209.4400,1.799850
FILLER_73_198,VPWR,li1,98.4400,209.4400,1.799852
FILLER_73_192,VPWR,li1,94.0700,209.4400,1.799856
FILLER_73_184,VPWR,li1,92.0000,209.4400,1.799858
FILLER_73_173,VPWR,li1,85.3300,209.4400,1.799864
FILLER_73_169,VPWR,li1,84.1800,209.4400,1.799867
FILLER_73_165,VPWR,li1,82.1100,209.4400,1.799869
FILLER_73_153,VPWR,li1,78.6600,209.4400,1.799872
FILLER_73_141,VPWR,li1,73.1400,209.4400,1.799880
FILLER_73_125,VPWR,li1,63.7100,209.4400,1.799891
FILLER_73_113,VPWR,li1,60.2600,209.4400,1.799897
FILLER_73_109,VPWR,li1,56.3500,209.4400,1.799903
FILLER_73_84,VPWR,li1,46.0000,209.4400,1.799918
FILLER_73_72,VPWR,li1,41.4000,209.4400,1.799930
FILLER_73_55,VPWR,li1,31.0500,209.4400,1.799951
FILLER_73_43,VPWR,li1,28.0600,209.4400,1.799956
FILLER_73_30,VPWR,li1,19.7800,209.4400,1.799969
FILLER_73_22,VPWR,li1,17.4800,209.4400,1.799968
FILLER_73_3,VPWR,li1,7.3600,209.4400,1.799965
FILLER_72_806,VPWR,li1,376.5100,209.4400,1.799845
FILLER_72_800,VPWR,li1,374.9000,209.4400,1.799845
FILLER_72_796,VPWR,li1,371.9100,209.4400,1.799849
FILLER_72_792,VPWR,li1,370.7600,209.4400,1.799853
FILLER_72_781,VPWR,li1,366.6200,209.4400,1.799859
FILLER_72_769,VPWR,li1,362.0200,209.4400,1.799867
FILLER_72_757,VPWR,li1,356.5000,209.4400,1.799878
FILLER_72_755,VPWR,li1,353.0500,209.4400,1.799889
FILLER_72_749,VPWR,li1,351.4400,209.4400,1.799889
FILLER_72_737,VPWR,li1,347.3000,209.4400,1.799897
FILLER_72_725,VPWR,li1,341.7800,209.4400,1.799908
FILLER_72_713,VPWR,li1,336.2600,209.4400,1.799921
FILLER_72_701,VPWR,li1,330.7400,209.4400,1.799933
FILLER_72_696,VPWR,li1,326.6000,209.4400,1.799922
FILLER_72_670,VPWR,li1,313.9500,209.4400,1.799867
FILLER_72_649,VPWR,li1,306.8200,209.4400,1.799839
FILLER_72_638,VPWR,li1,300.3800,209.4400,1.799814
FILLER_72_630,VPWR,li1,296.2400,209.4400,1.799797
FILLER_72_624,VPWR,li1,293.0200,209.4400,1.799787
FILLER_72_587,VPWR,li1,275.7700,209.4400,1.799729
FILLER_72_583,VPWR,li1,274.6200,209.4400,1.799729
FILLER_72_573,VPWR,li1,270.4800,209.4400,1.799717
FILLER_72_541,VPWR,li1,255.0700,209.4400,1.799678
FILLER_72_533,VPWR,li1,252.5400,209.4400,1.799669
FILLER_72_529,VPWR,li1,249.5500,209.4400,1.799665
FILLER_72_517,VPWR,li1,246.1000,209.4400,1.799658
FILLER_72_505,VPWR,li1,240.5800,209.4400,1.799646
FILLER_72_492,VPWR,li1,232.5300,209.4400,1.799629
FILLER_72_460,VPWR,li1,217.8100,209.4400,1.799602
FILLER_72_448,VPWR,li1,214.3600,209.4400,1.799597
FILLER_72_438,VPWR,li1,207.2300,209.4400,1.799587
FILLER_72_432,VPWR,li1,205.6200,209.4400,1.799587
FILLER_72_421,VPWR,li1,200.1000,209.4400,1.799609
FILLER_72_419,VPWR,li1,198.4900,209.4400,1.799638
FILLER_72_413,VPWR,li1,196.8800,209.4400,1.799659
FILLER_72_401,VPWR,li1,192.7400,209.4400,1.799687
FILLER_72_389,VPWR,li1,187.2200,209.4400,1.799745
FILLER_72_376,VPWR,li1,180.3200,209.4400,1.799815
FILLER_72_365,VPWR,li1,174.3400,209.4400,1.799878
FILLER_72_363,VPWR,li1,172.7300,209.4400,1.799875
FILLER_72_339,VPWR,li1,161.6900,209.4400,1.799861
FILLER_72_318,VPWR,li1,152.2600,209.4400,1.799852
FILLER_72_307,VPWR,li1,146.9700,209.4400,1.799849
FILLER_72_260,VPWR,li1,125.3500,209.4400,1.799841
FILLER_72_242,VPWR,li1,117.5300,209.4400,1.799842
FILLER_72_197,VPWR,li1,97.0600,209.4400,1.799854
FILLER_72_190,VPWR,li1,94.3000,209.4400,1.799856
FILLER_72_141,VPWR,li1,71.7600,209.4400,1.799880
FILLER_72_139,VPWR,li1,69.6900,209.4400,1.799883
FILLER_72_117,VPWR,li1,59.5700,209.4400,1.799897
FILLER_72_113,VPWR,li1,58.4200,209.4400,1.799900
FILLER_72_106,VPWR,li1,55.2000,209.4400,1.799903
FILLER_72_92,VPWR,li1,48.5300,209.4400,1.799914
FILLER_72_78,VPWR,li1,41.6300,209.4400,1.799930
FILLER_72_72,VPWR,li1,40.0200,209.4400,1.799930
FILLER_72_60,VPWR,li1,35.8800,209.4400,1.799940
FILLER_72_48,VPWR,li1,30.3600,209.4400,1.799951
FILLER_72_29,VPWR,li1,19.3200,209.4400,1.799969
FILLER_72_25,VPWR,li1,17.7100,209.4400,1.799968
FILLER_72_6,VPWR,li1,8.5100,209.4400,1.799965
FILLER_71_785,VPWR,li1,367.0800,204.0000,1.799532
FILLER_71_751,VPWR,li1,352.3600,204.0000,1.799590
FILLER_71_729,VPWR,li1,341.0900,204.0000,1.799680
FILLER_71_707,VPWR,li1,330.9700,204.0000,1.799793
FILLER_71_701,VPWR,li1,329.3600,204.0000,1.799841
FILLER_71_689,VPWR,li1,325.2200,204.0000,1.799838
FILLER_71_684,VPWR,li1,320.3900,204.0000,1.799834
FILLER_71_680,VPWR,li1,319.2400,204.0000,1.799834
FILLER_71_673,VPWR,li1,315.3300,204.0000,1.799831
FILLER_71_661,VPWR,li1,309.8100,204.0000,1.799829
FILLER_71_649,VPWR,li1,304.7500,204.0000,1.799826
FILLER_71_638,VPWR,li1,299.2300,204.0000,1.799825
FILLER_71_627,VPWR,li1,294.4000,204.0000,1.799824
FILLER_71_617,VPWR,li1,289.5700,204.0000,1.799824
FILLER_71_615,VPWR,li1,288.6500,204.0000,1.799824
FILLER_71_611,VPWR,li1,287.5000,204.0000,1.799824
FILLER_71_596,VPWR,li1,280.1400,204.0000,1.799824
FILLER_71_585,VPWR,li1,275.5400,204.0000,1.799825
FILLER_71_573,VPWR,li1,271.8600,204.0000,1.799826
FILLER_71_561,VPWR,li1,266.3400,204.0000,1.799827
FILLER_71_557,VPWR,li1,262.4300,204.0000,1.799828
FILLER_71_545,VPWR,li1,258.9800,204.0000,1.799830
FILLER_71_531,VPWR,li1,250.0100,204.0000,1.799834
FILLER_71_525,VPWR,li1,248.4000,204.0000,1.799835
FILLER_71_493,VPWR,li1,232.9900,204.0000,1.799851
FILLER_71_485,VPWR,li1,229.3100,204.0000,1.799856
FILLER_71_479,VPWR,li1,226.0900,204.0000,1.799860
FILLER_71_473,VPWR,li1,223.5600,204.0000,1.799863
FILLER_71_465,VPWR,li1,221.2600,204.0000,1.799866
FILLER_71_449,VPWR,li1,213.4400,204.0000,1.799877
FILLER_71_447,VPWR,li1,211.3700,204.0000,1.799881
FILLER_71_435,VPWR,li1,208.3800,204.0000,1.799885
FILLER_71_430,VPWR,li1,203.7800,204.0000,1.799895
FILLER_71_424,VPWR,li1,201.2500,204.0000,1.799900
FILLER_71_412,VPWR,li1,195.7300,204.0000,1.799907
FILLER_71_408,VPWR,li1,193.4300,204.0000,1.799911
FILLER_71_400,VPWR,li1,191.3600,204.0000,1.799916
FILLER_71_391,VPWR,li1,185.6100,204.0000,1.799928
FILLER_71_379,VPWR,li1,180.7800,204.0000,1.799941
FILLER_71_364,VPWR,li1,173.1900,204.0000,1.799949
FILLER_71_356,VPWR,li1,171.1200,204.0000,1.799944
FILLER_71_342,VPWR,li1,164.6800,204.0000,1.799935
FILLER_71_330,VPWR,li1,157.5500,204.0000,1.799921
FILLER_71_309,VPWR,li1,147.8900,204.0000,1.799907
FILLER_71_301,VPWR,li1,144.4400,204.0000,1.799903
FILLER_71_269,VPWR,li1,129.4900,204.0000,1.799884
FILLER_71_251,VPWR,li1,121.4400,204.0000,1.799877
FILLER_71_243,VPWR,li1,117.5300,204.0000,1.799874
FILLER_71_237,VPWR,li1,114.7700,204.0000,1.799873
FILLER_71_222,VPWR,li1,108.1000,204.0000,1.799870
FILLER_71_202,VPWR,li1,99.8200,204.0000,1.799868
FILLER_71_181,VPWR,li1,89.0100,204.0000,1.799870
FILLER_71_173,VPWR,li1,85.3300,204.0000,1.799872
FILLER_71_169,VPWR,li1,83.4900,204.0000,1.799873
FILLER_71_167,VPWR,li1,82.5700,204.0000,1.799873
FILLER_71_151,VPWR,li1,75.4400,204.0000,1.799878
FILLER_71_139,VPWR,li1,70.8400,204.0000,1.799883
FILLER_71_127,VPWR,li1,66.7000,204.0000,1.799887
FILLER_71_100,VPWR,li1,51.9800,204.0000,1.799906
FILLER_71_88,VPWR,li1,48.7600,204.0000,1.799913
FILLER_71_69,VPWR,li1,38.6400,204.0000,1.799928
FILLER_71_57,VPWR,li1,34.5000,204.0000,1.799936
FILLER_71_52,VPWR,li1,30.3600,204.0000,1.799947
FILLER_71_40,VPWR,li1,26.6800,204.0000,1.799955
FILLER_71_36,VPWR,li1,22.3100,204.0000,1.799965
FILLER_71_28,VPWR,li1,20.2400,204.0000,1.799962
FILLER_71_7,VPWR,li1,10.1200,204.0000,1.799952
FILLER_70_788,VPWR,li1,368.6900,204.0000,1.799525
FILLER_70_780,VPWR,li1,366.1600,204.0000,1.799532
FILLER_70_752,VPWR,li1,351.6700,204.0000,1.799600
FILLER_70_744,VPWR,li1,348.6800,204.0000,1.799612
FILLER_70_736,VPWR,li1,344.5400,204.0000,1.799659
FILLER_70_701,VPWR,li1,328.6700,204.0000,1.799841
FILLER_70_699,VPWR,li1,327.2900,204.0000,1.799839
FILLER_70_693,VPWR,li1,325.6800,204.0000,1.799839
FILLER_70_664,VPWR,li1,311.1900,204.0000,1.799829
FILLER_70_655,VPWR,li1,307.2800,204.0000,1.799828
FILLER_70_613,VPWR,li1,288.4200,204.0000,1.799824
FILLER_70_602,VPWR,li1,282.6700,204.0000,1.799824
FILLER_70_597,VPWR,li1,280.3700,204.0000,1.799824
FILLER_70_589,VPWR,li1,278.3000,204.0000,1.799825
FILLER_70_587,VPWR,li1,275.7700,204.0000,1.799825
FILLER_70_583,VPWR,li1,274.6200,204.0000,1.799825
FILLER_70_571,VPWR,li1,270.9400,204.0000,1.799826
FILLER_70_550,VPWR,li1,260.3600,204.0000,1.799830
FILLER_70_538,VPWR,li1,255.7600,204.0000,1.799831
FILLER_70_531,VPWR,li1,250.0100,204.0000,1.799834
FILLER_70_499,VPWR,li1,235.7500,204.0000,1.799848
FILLER_70_493,VPWR,li1,232.5300,204.0000,1.799853
FILLER_70_489,VPWR,li1,231.3800,204.0000,1.799853
FILLER_70_477,VPWR,li1,227.7000,204.0000,1.799860
FILLER_70_472,VPWR,li1,223.5600,204.0000,1.799863
FILLER_70_460,VPWR,li1,219.8800,204.0000,1.799870
FILLER_70_451,VPWR,li1,213.6700,204.0000,1.799877
FILLER_70_443,VPWR,li1,211.1400,204.0000,1.799881
FILLER_70_421,VPWR,li1,199.6400,204.0000,1.799900
FILLER_70_412,VPWR,li1,196.8800,204.0000,1.799907
FILLER_70_401,VPWR,li1,191.3600,204.0000,1.799916
FILLER_70_389,VPWR,li1,187.2200,204.0000,1.799928
FILLER_70_381,VPWR,li1,181.0100,204.0000,1.799941
FILLER_70_377,VPWR,li1,179.8600,204.0000,1.799941
FILLER_70_361,VPWR,li1,172.2700,204.0000,1.799949
FILLER_70_353,VPWR,li1,169.7400,204.0000,1.799944
FILLER_70_341,VPWR,li1,165.1400,204.0000,1.799935
FILLER_70_329,VPWR,li1,159.6200,204.0000,1.799925
FILLER_70_317,VPWR,li1,154.1000,204.0000,1.799916
FILLER_70_309,VPWR,li1,148.3500,204.0000,1.799907
FILLER_70_300,VPWR,li1,145.3600,204.0000,1.799903
FILLER_70_288,VPWR,li1,140.7600,204.0000,1.799898
FILLER_70_263,VPWR,li1,129.2600,204.0000,1.799884
FILLER_70_259,VPWR,li1,124.8900,204.0000,1.799878
FILLER_70_235,VPWR,li1,114.0800,204.0000,1.799872
FILLER_70_221,VPWR,li1,107.8700,204.0000,1.799870
FILLER_70_209,VPWR,li1,104.4200,204.0000,1.799869
FILLER_70_197,VPWR,li1,98.9000,204.0000,1.799868
FILLER_70_183,VPWR,li1,91.5400,204.0000,1.799869
FILLER_70_175,VPWR,li1,86.2500,204.0000,1.799871
FILLER_70_156,VPWR,li1,78.6600,204.0000,1.799876
FILLER_70_141,VPWR,li1,70.6100,204.0000,1.799883
FILLER_70_139,VPWR,li1,69.6900,204.0000,1.799883
FILLER_70_127,VPWR,li1,66.7000,204.0000,1.799887
FILLER_70_115,VPWR,li1,61.1800,204.0000,1.799893
FILLER_70_97,VPWR,li1,52.9000,204.0000,1.799906
FILLER_70_85,VPWR,li1,47.3800,204.0000,1.799913
FILLER_70_83,VPWR,li1,43.9300,204.0000,1.799922
FILLER_70_75,VPWR,li1,40.4800,204.0000,1.799925
FILLER_70_54,VPWR,li1,31.0500,204.0000,1.799943
FILLER_70_37,VPWR,li1,23.0000,204.0000,1.799960
FILLER_70_27,VPWR,li1,18.1700,204.0000,1.799959
FILLER_70_21,VPWR,li1,16.5600,204.0000,1.799959
FILLER_70_15,VPWR,li1,12.8800,204.0000,1.799955
FILLER_70_7,VPWR,li1,10.5800,204.0000,1.799952
FILLER_69_797,VPWR,li1,372.8300,198.5600,1.799741
FILLER_69_785,VPWR,li1,369.3800,198.5600,1.799746
FILLER_69_781,VPWR,li1,365.4700,198.5600,1.799755
FILLER_69_767,VPWR,li1,358.5700,198.5600,1.799774
FILLER_69_763,VPWR,li1,357.4200,198.5600,1.799774
FILLER_69_727,VPWR,li1,340.1700,198.5600,1.799829
FILLER_69_723,VPWR,li1,339.0200,198.5600,1.799839
FILLER_69_707,VPWR,li1,331.2000,198.5600,1.799875
FILLER_69_699,VPWR,li1,328.9000,198.5600,1.799901
FILLER_69_680,VPWR,li1,321.0800,198.5600,1.799889
FILLER_69_668,VPWR,li1,313.7200,198.5600,1.799882
FILLER_69_643,VPWR,li1,301.7600,198.5600,1.799869
FILLER_69_629,VPWR,li1,296.7000,198.5600,1.799865
FILLER_69_617,VPWR,li1,292.1000,198.5600,1.799860
FILLER_69_610,VPWR,li1,287.5000,198.5600,1.799856
FILLER_69_605,VPWR,li1,284.0500,198.5600,1.799853
FILLER_69_599,VPWR,li1,282.4400,198.5600,1.799853
FILLER_69_580,VPWR,li1,273.2400,198.5600,1.799848
FILLER_69_567,VPWR,li1,267.0300,198.5600,1.799848
FILLER_69_559,VPWR,li1,262.8900,198.5600,1.799848
FILLER_69_546,VPWR,li1,257.1400,198.5600,1.799850
FILLER_69_542,VPWR,li1,255.0700,198.5600,1.799850
FILLER_69_536,VPWR,li1,253.4600,198.5600,1.799850
FILLER_69_524,VPWR,li1,249.3200,198.5600,1.799852
FILLER_69_517,VPWR,li1,243.8000,198.5600,1.799855
FILLER_69_505,VPWR,li1,240.5800,198.5600,1.799858
FILLER_69_503,VPWR,li1,237.1300,198.5600,1.799862
FILLER_69_497,VPWR,li1,235.5200,198.5600,1.799862
FILLER_69_485,VPWR,li1,231.3800,198.5600,1.799868
FILLER_69_475,VPWR,li1,224.4800,198.5600,1.799875
FILLER_69_463,VPWR,li1,221.2600,198.5600,1.799877
FILLER_69_444,VPWR,li1,210.6800,198.5600,1.799890
FILLER_69_420,VPWR,li1,199.4100,198.5600,1.799910
FILLER_69_412,VPWR,li1,196.8800,198.5600,1.799913
FILLER_69_397,VPWR,li1,188.3700,198.5600,1.799927
FILLER_69_393,VPWR,li1,187.2200,198.5600,1.799933
FILLER_69_388,VPWR,li1,184.9200,198.5600,1.799937
FILLER_69_373,VPWR,li1,178.9400,198.5600,1.799951
FILLER_69_361,VPWR,li1,174.3400,198.5600,1.799959
FILLER_69_349,VPWR,li1,168.8200,198.5600,1.799949
FILLER_69_337,VPWR,li1,163.3000,198.5600,1.799942
FILLER_69_335,VPWR,li1,159.8500,198.5600,1.799934
FILLER_69_329,VPWR,li1,158.2400,198.5600,1.799934
FILLER_69_317,VPWR,li1,154.1000,198.5600,1.799928
FILLER_69_305,VPWR,li1,148.5800,198.5600,1.799918
FILLER_69_293,VPWR,li1,143.0600,198.5600,1.799911
FILLER_69_281,VPWR,li1,136.1600,198.5600,1.799900
FILLER_69_279,VPWR,li1,134.0900,198.5600,1.799898
FILLER_69_273,VPWR,li1,132.4800,198.5600,1.799898
FILLER_69_261,VPWR,li1,128.3400,198.5600,1.799892
FILLER_69_249,VPWR,li1,122.8200,198.5600,1.799887
FILLER_69_237,VPWR,li1,117.3000,198.5600,1.799880
FILLER_69_225,VPWR,li1,111.7800,198.5600,1.799875
FILLER_69_218,VPWR,li1,107.1800,198.5600,1.799870
FILLER_69_206,VPWR,li1,103.0400,198.5600,1.799873
FILLER_69_194,VPWR,li1,97.5200,198.5600,1.799875
FILLER_69_182,VPWR,li1,92.0000,198.5600,1.799878
FILLER_69_169,VPWR,li1,84.1800,198.5600,1.799883
FILLER_69_162,VPWR,li1,81.4200,198.5600,1.799886
FILLER_69_150,VPWR,li1,77.2800,198.5600,1.799889
FILLER_69_144,VPWR,li1,71.9900,198.5600,1.799893
FILLER_69_140,VPWR,li1,70.8400,198.5600,1.799895
FILLER_69_131,VPWR,li1,66.2400,198.5600,1.799898
FILLER_69_119,VPWR,li1,60.4900,198.5600,1.799906
FILLER_69_113,VPWR,li1,58.8800,198.5600,1.799906
FILLER_69_100,VPWR,li1,54.2800,198.5600,1.799911
FILLER_69_81,VPWR,li1,43.0100,198.5600,1.799925
FILLER_69_69,VPWR,li1,40.0200,198.5600,1.799929
FILLER_69_52,VPWR,li1,29.6700,198.5600,1.799946
FILLER_69_40,VPWR,li1,26.6800,198.5600,1.799949
FILLER_69_31,VPWR,li1,20.2400,198.5600,1.799963
FILLER_69_19,VPWR,li1,17.0200,198.5600,1.799960
FILLER_69_7,VPWR,li1,11.5000,198.5600,1.799954
FILLER_68_809,VPWR,li1,378.1200,198.5600,1.799734
FILLER_68_784,VPWR,li1,366.6200,198.5600,1.799755
FILLER_68_780,VPWR,li1,364.5500,198.5600,1.799760
FILLER_68_774,VPWR,li1,362.9400,198.5600,1.799760
FILLER_68_762,VPWR,li1,356.7300,198.5600,1.799780
FILLER_68_757,VPWR,li1,354.2000,198.5600,1.799787
FILLER_68_754,VPWR,li1,352.8200,198.5600,1.799787
FILLER_68_746,VPWR,li1,350.5200,198.5600,1.799796
FILLER_68_734,VPWR,li1,345.9200,198.5600,1.799812
FILLER_68_717,VPWR,li1,335.5700,198.5600,1.799850
FILLER_68_689,VPWR,li1,322.6900,198.5600,1.799892
FILLER_68_681,VPWR,li1,320.6200,198.5600,1.799889
FILLER_68_669,VPWR,li1,316.0200,198.5600,1.799884
FILLER_68_657,VPWR,li1,310.5000,198.5600,1.799876
FILLER_68_645,VPWR,li1,304.9800,198.5600,1.799872
FILLER_68_641,VPWR,li1,301.0700,198.5600,1.799867
FILLER_68_629,VPWR,li1,297.6200,198.5600,1.799865
FILLER_68_617,VPWR,li1,292.1000,198.5600,1.799860
FILLER_68_574,VPWR,li1,270.4800,198.5600,1.799848
FILLER_68_538,VPWR,li1,253.4600,198.5600,1.799850
FILLER_68_533,VPWR,li1,250.9300,198.5600,1.799851
FILLER_68_530,VPWR,li1,249.7800,198.5600,1.799852
FILLER_68_514,VPWR,li1,243.8000,198.5600,1.799855
FILLER_68_499,VPWR,li1,235.7500,198.5600,1.799862
FILLER_68_491,VPWR,li1,233.2200,198.5600,1.799864
FILLER_68_458,VPWR,li1,218.9600,198.5600,1.799880
FILLER_68_449,VPWR,li1,212.5200,198.5600,1.799888
FILLER_68_437,VPWR,li1,209.3000,198.5600,1.799893
FILLER_68_430,VPWR,li1,203.5500,198.5600,1.799900
FILLER_68_421,VPWR,li1,199.4100,198.5600,1.799910
FILLER_68_416,VPWR,li1,197.8000,198.5600,1.799910
FILLER_68_403,VPWR,li1,191.1300,198.5600,1.799923
FILLER_68_395,VPWR,li1,189.0600,198.5600,1.799927
FILLER_68_387,VPWR,li1,183.7700,198.5600,1.799937
FILLER_68_369,VPWR,li1,175.4900,198.5600,1.799959
FILLER_68_365,VPWR,li1,174.3400,198.5600,1.799959
FILLER_68_362,VPWR,li1,172.5000,198.5600,1.799956
FILLER_68_353,VPWR,li1,168.3600,198.5600,1.799949
FILLER_68_345,VPWR,li1,166.0600,198.5600,1.799946
FILLER_68_333,VPWR,li1,161.4600,198.5600,1.799937
FILLER_68_321,VPWR,li1,155.9400,198.5600,1.799931
FILLER_68_309,VPWR,li1,150.4200,198.5600,1.799922
FILLER_68_300,VPWR,li1,145.3600,198.5600,1.799915
FILLER_68_289,VPWR,li1,138.6900,198.5600,1.799905
FILLER_68_272,VPWR,li1,131.5600,198.5600,1.799895
FILLER_68_265,VPWR,li1,127.6500,198.5600,1.799892
FILLER_68_253,VPWR,li1,124.6600,198.5600,1.799889
FILLER_68_246,VPWR,li1,120.0600,198.5600,1.799884
FILLER_68_234,VPWR,li1,115.9200,198.5600,1.799880
FILLER_68_209,VPWR,li1,102.1200,198.5600,1.799873
FILLER_68_197,VPWR,li1,98.9000,198.5600,1.799875
FILLER_68_195,VPWR,li1,95.4500,198.5600,1.799877
FILLER_68_191,VPWR,li1,94.3000,198.5600,1.799877
FILLER_68_182,VPWR,li1,89.7000,198.5600,1.799880
FILLER_68_174,VPWR,li1,87.4000,198.5600,1.799881
FILLER_68_165,VPWR,li1,82.3400,198.5600,1.799886
FILLER_68_153,VPWR,li1,78.6600,198.5600,1.799889
FILLER_68_141,VPWR,li1,73.1400,198.5600,1.799893
FILLER_68_139,VPWR,li1,69.6900,198.5600,1.799897
FILLER_68_133,VPWR,li1,68.0800,198.5600,1.799897
FILLER_68_116,VPWR,li1,59.3400,198.5600,1.799906
FILLER_68_104,VPWR,li1,56.1200,198.5600,1.799909
FILLER_68_92,VPWR,li1,50.6000,198.5600,1.799916
FILLER_68_64,VPWR,li1,37.7200,198.5600,1.799935
FILLER_68_52,VPWR,li1,32.2000,198.5600,1.799943
FILLER_68_27,VPWR,li1,18.1700,198.5600,1.799960
FILLER_68_15,VPWR,li1,15.1800,198.5600,1.799958
FILLER_68_3,VPWR,li1,9.6600,198.5600,1.799952
FILLER_67_788,VPWR,li1,368.6900,193.1200,1.799392
FILLER_67_778,VPWR,li1,363.6300,193.1200,1.799416
FILLER_67_774,VPWR,li1,362.4800,193.1200,1.799430
FILLER_67_764,VPWR,li1,357.4200,193.1200,1.799455
FILLER_67_755,VPWR,li1,353.0500,193.1200,1.799476
FILLER_67_749,VPWR,li1,351.4400,193.1200,1.799487
FILLER_67_737,VPWR,li1,347.3000,193.1200,1.799508
FILLER_67_729,VPWR,li1,341.0900,193.1200,1.799564
FILLER_67_722,VPWR,li1,339.0200,193.1200,1.799590
FILLER_67_696,VPWR,li1,326.1400,193.1200,1.799759
FILLER_67_685,VPWR,li1,321.0800,193.1200,1.799733
FILLER_67_673,VPWR,li1,317.8600,193.1200,1.799726
FILLER_67_669,VPWR,li1,313.9500,193.1200,1.799717
FILLER_67_649,VPWR,li1,305.9000,193.1200,1.799698
FILLER_67_637,VPWR,li1,301.3000,193.1200,1.799688
FILLER_67_617,VPWR,li1,290.7200,193.1200,1.799676
FILLER_67_613,VPWR,li1,288.1900,193.1200,1.799675
FILLER_67_603,VPWR,li1,283.1300,193.1200,1.799675
FILLER_67_590,VPWR,li1,278.3000,193.1200,1.799677
FILLER_67_583,VPWR,li1,274.3900,193.1200,1.799678
FILLER_67_575,VPWR,li1,271.8600,193.1200,1.799679
FILLER_67_559,VPWR,li1,262.8900,193.1200,1.799684
FILLER_67_551,VPWR,li1,259.6700,193.1200,1.799685
FILLER_67_519,VPWR,li1,244.7200,193.1200,1.799697
FILLER_67_505,VPWR,li1,238.2800,193.1200,1.799705
FILLER_67_503,VPWR,li1,237.1300,193.1200,1.799705
FILLER_67_495,VPWR,li1,235.0600,193.1200,1.799707
FILLER_67_483,VPWR,li1,230.4600,193.1200,1.799714
FILLER_67_441,VPWR,li1,208.8400,193.1200,1.799758
FILLER_67_429,VPWR,li1,205.6200,193.1200,1.799766
FILLER_67_417,VPWR,li1,200.1000,193.1200,1.799785
FILLER_67_405,VPWR,li1,194.5800,193.1200,1.799799
FILLER_67_393,VPWR,li1,189.0600,193.1200,1.799816
FILLER_67_389,VPWR,li1,185.1500,193.1200,1.799828
FILLER_67_373,VPWR,li1,178.9400,193.1200,1.799850
FILLER_67_361,VPWR,li1,174.3400,193.1200,1.799835
FILLER_67_349,VPWR,li1,168.8200,193.1200,1.799788
FILLER_67_337,VPWR,li1,163.3000,193.1200,1.799730
FILLER_67_332,VPWR,li1,159.1600,193.1200,1.799685
FILLER_67_320,VPWR,li1,155.4800,193.1200,1.799646
FILLER_67_308,VPWR,li1,149.9600,193.1200,1.799587
FILLER_67_294,VPWR,li1,140.9900,193.1200,1.799483
FILLER_67_285,VPWR,li1,136.8500,193.1200,1.799437
FILLER_67_281,VPWR,li1,135.7000,193.1200,1.799437
FILLER_67_257,VPWR,li1,124.2000,193.1200,1.799306
FILLER_67_250,VPWR,li1,120.7500,193.1200,1.799283
FILLER_67_225,VPWR,li1,109.4800,193.1200,1.799179
FILLER_67_223,VPWR,li1,108.3300,193.1200,1.799168
FILLER_67_219,VPWR,li1,107.1800,193.1200,1.799168
FILLER_67_200,VPWR,li1,98.4400,193.1200,1.799151
FILLER_67_177,VPWR,li1,87.4000,193.1200,1.799187
FILLER_67_169,VPWR,li1,85.1000,193.1200,1.799201
FILLER_67_167,VPWR,li1,82.5700,193.1200,1.799225
FILLER_67_163,VPWR,li1,81.4200,193.1200,1.799225
FILLER_67_153,VPWR,li1,76.5900,193.1200,1.799259
FILLER_67_141,VPWR,li1,70.6100,193.1200,1.799323
FILLER_67_129,VPWR,li1,67.6200,193.1200,1.799344
FILLER_67_117,VPWR,li1,62.1000,193.1200,1.799398
FILLER_67_108,VPWR,li1,56.1200,193.1200,1.799457
FILLER_67_102,VPWR,li1,53.1300,193.1200,1.799487
FILLER_67_94,VPWR,li1,50.6000,193.1200,1.799533
FILLER_67_82,VPWR,li1,46.0000,193.1200,1.799566
FILLER_67_70,VPWR,li1,40.4800,193.1200,1.799628
FILLER_67_63,VPWR,li1,34.7300,193.1200,1.799713
FILLER_67_57,VPWR,li1,33.1200,193.1200,1.799713
FILLER_67_50,VPWR,li1,29.9000,193.1200,1.799752
FILLER_67_27,VPWR,li1,18.6300,193.1200,1.799853
FILLER_67_19,VPWR,li1,16.1000,193.1200,1.799851
FILLER_67_7,VPWR,li1,11.5000,193.1200,1.799847
FILLER_66_810,VPWR,li1,378.3500,193.1200,1.799365
FILLER_66_786,VPWR,li1,367.3100,193.1200,1.799403
FILLER_66_782,VPWR,li1,366.1600,193.1200,1.799403
FILLER_66_770,VPWR,li1,362.4800,193.1200,1.799430
FILLER_66_766,VPWR,li1,358.1100,193.1200,1.799445
FILLER_66_762,VPWR,li1,356.9600,193.1200,1.799455
FILLER_66_757,VPWR,li1,354.2000,193.1200,1.799476
FILLER_66_753,VPWR,li1,352.5900,193.1200,1.799476
FILLER_66_710,VPWR,li1,332.5800,193.1200,1.799689
FILLER_66_666,VPWR,li1,313.7200,193.1200,1.799717
FILLER_66_659,VPWR,li1,309.5800,193.1200,1.799702
FILLER_66_653,VPWR,li1,306.5900,193.1200,1.799698
FILLER_66_645,VPWR,li1,304.0600,193.1200,1.799694
FILLER_66_641,VPWR,li1,301.0700,193.1200,1.799688
FILLER_66_632,VPWR,li1,296.7000,193.1200,1.799680
FILLER_66_624,VPWR,li1,293.0200,193.1200,1.799676
FILLER_66_616,VPWR,li1,290.7200,193.1200,1.799676
FILLER_66_610,VPWR,li1,286.5800,193.1200,1.799675
FILLER_66_601,VPWR,li1,282.4400,193.1200,1.799676
FILLER_66_589,VPWR,li1,279.2200,193.1200,1.799677
FILLER_66_576,VPWR,li1,273.2400,193.1200,1.799679
FILLER_66_564,VPWR,li1,267.7200,193.1200,1.799681
FILLER_66_552,VPWR,li1,262.2000,193.1200,1.799684
FILLER_66_528,VPWR,li1,249.3200,193.1200,1.799692
FILLER_66_515,VPWR,li1,243.8000,193.1200,1.799697
FILLER_66_493,VPWR,li1,232.7600,193.1200,1.799711
FILLER_66_477,VPWR,li1,225.6300,193.1200,1.799721
FILLER_66_472,VPWR,li1,223.5600,193.1200,1.799725
FILLER_66_460,VPWR,li1,219.8800,193.1200,1.799731
FILLER_66_453,VPWR,li1,214.1300,193.1200,1.799748
FILLER_66_447,VPWR,li1,212.5200,193.1200,1.799748
FILLER_66_412,VPWR,li1,196.8800,193.1200,1.799792
FILLER_66_400,VPWR,li1,192.2800,193.1200,1.799806
FILLER_66_388,VPWR,li1,186.7600,193.1200,1.799828
FILLER_66_365,VPWR,li1,174.1100,193.1200,1.799835
FILLER_66_363,VPWR,li1,172.7300,193.1200,1.799813
FILLER_66_357,VPWR,li1,171.1200,193.1200,1.799813
FILLER_66_345,VPWR,li1,166.9800,193.1200,1.799769
FILLER_66_333,VPWR,li1,161.4600,193.1200,1.799710
FILLER_66_321,VPWR,li1,155.9400,193.1200,1.799646
FILLER_66_309,VPWR,li1,150.4200,193.1200,1.799587
FILLER_66_306,VPWR,li1,146.7400,193.1200,1.799543
FILLER_66_294,VPWR,li1,143.5200,193.1200,1.799511
FILLER_66_283,VPWR,li1,137.5400,193.1200,1.799456
FILLER_66_271,VPWR,li1,132.9400,193.1200,1.799408
FILLER_66_258,VPWR,li1,124.4300,193.1200,1.799306
FILLER_66_248,VPWR,li1,119.8300,193.1200,1.799262
FILLER_66_244,VPWR,li1,118.6800,193.1200,1.799262
FILLER_66_232,VPWR,li1,115.0000,193.1200,1.799220
FILLER_66_224,VPWR,li1,108.7900,193.1200,1.799168
FILLER_66_220,VPWR,li1,107.6400,193.1200,1.799168
FILLER_66_204,VPWR,li1,100.0500,193.1200,1.799149
FILLER_66_156,VPWR,li1,77.9700,193.1200,1.799259
FILLER_66_137,VPWR,li1,69.2300,193.1200,1.799323
FILLER_66_129,VPWR,li1,65.0900,193.1200,1.799374
FILLER_66_125,VPWR,li1,63.9400,193.1200,1.799374
FILLER_66_96,VPWR,li1,51.0600,193.1200,1.799510
FILLER_66_85,VPWR,li1,45.3100,193.1200,1.799592
FILLER_66_82,VPWR,li1,43.7000,193.1200,1.799592
FILLER_66_74,VPWR,li1,41.4000,193.1200,1.799628
FILLER_66_53,VPWR,li1,30.1300,193.1200,1.799752
FILLER_66_45,VPWR,li1,28.0600,193.1200,1.799775
FILLER_66_41,VPWR,li1,24.6100,193.1200,1.799826
FILLER_66_29,VPWR,li1,21.6200,193.1200,1.799857
FILLER_66_27,VPWR,li1,18.1700,193.1200,1.799853
FILLER_66_19,VPWR,li1,16.1000,193.1200,1.799851
FILLER_66_7,VPWR,li1,11.5000,193.1200,1.799847
FILLER_65_790,VPWR,li1,369.1500,187.6800,1.799415
FILLER_65_782,VPWR,li1,365.7000,187.6800,1.799421
FILLER_65_772,VPWR,li1,360.8700,187.6800,1.799431
FILLER_65_768,VPWR,li1,359.7200,187.6800,1.799436
FILLER_65_756,VPWR,li1,356.0400,187.6800,1.799443
FILLER_65_744,VPWR,li1,350.5200,187.6800,1.799458
FILLER_65_729,VPWR,li1,342.7000,187.6800,1.799499
FILLER_65_724,VPWR,li1,339.4800,187.6800,1.799552
FILLER_65_697,VPWR,li1,326.8300,187.6800,1.799727
FILLER_65_673,VPWR,li1,316.0200,187.6800,1.799687
FILLER_65_671,VPWR,li1,314.4100,187.6800,1.799681
FILLER_65_645,VPWR,li1,302.9100,187.6800,1.799656
FILLER_65_634,VPWR,li1,297.3900,187.6800,1.799647
FILLER_65_626,VPWR,li1,295.3200,187.6800,1.799643
FILLER_65_613,VPWR,li1,288.1900,187.6800,1.799631
FILLER_65_591,VPWR,li1,279.2200,187.6800,1.799628
FILLER_65_580,VPWR,li1,272.5500,187.6800,1.799633
FILLER_65_568,VPWR,li1,269.5600,187.6800,1.799636
FILLER_65_561,VPWR,li1,264.5000,187.6800,1.799643
FILLER_65_554,VPWR,li1,261.7400,187.6800,1.799645
FILLER_65_542,VPWR,li1,257.6000,187.6800,1.799652
FILLER_65_511,VPWR,li1,243.3400,187.6800,1.799672
FILLER_65_503,VPWR,li1,237.1300,187.6800,1.799679
FILLER_65_497,VPWR,li1,234.8300,187.6800,1.799683
FILLER_65_489,VPWR,li1,232.3000,187.6800,1.799686
FILLER_65_474,VPWR,li1,224.0200,187.6800,1.799701
FILLER_65_463,VPWR,li1,218.7300,187.6800,1.799708
FILLER_65_449,VPWR,li1,212.9800,187.6800,1.799719
FILLER_65_437,VPWR,li1,206.7700,187.6800,1.799736
FILLER_65_431,VPWR,li1,205.1600,187.6800,1.799736
FILLER_65_416,VPWR,li1,198.2600,187.6800,1.799752
FILLER_65_405,VPWR,li1,192.0500,187.6800,1.799772
FILLER_65_396,VPWR,li1,188.3700,187.6800,1.799781
FILLER_65_386,VPWR,li1,184.4600,187.6800,1.799788
FILLER_65_361,VPWR,li1,173.4200,187.6800,1.799765
FILLER_65_349,VPWR,li1,168.8200,187.6800,1.799711
FILLER_65_337,VPWR,li1,163.3000,187.6800,1.799624
FILLER_65_335,VPWR,li1,159.8500,187.6800,1.799552
FILLER_65_331,VPWR,li1,158.7000,187.6800,1.799552
FILLER_65_319,VPWR,li1,155.0200,187.6800,1.799480
FILLER_65_307,VPWR,li1,149.5000,187.6800,1.799408
FILLER_65_293,VPWR,li1,140.5300,187.6800,1.799268
FILLER_65_281,VPWR,li1,137.5400,187.6800,1.799222
FILLER_65_277,VPWR,li1,133.6300,187.6800,1.799162
FILLER_65_265,VPWR,li1,130.1800,187.6800,1.799097
FILLER_65_259,VPWR,li1,124.8900,187.6800,1.799031
FILLER_65_237,VPWR,li1,117.3000,187.6800,1.798919
FILLER_65_225,VPWR,li1,111.7800,187.6800,1.798860
FILLER_65_221,VPWR,li1,107.8700,187.6800,1.798847
FILLER_65_199,VPWR,li1,97.2900,187.6800,1.798875
FILLER_65_193,VPWR,li1,95.6800,187.6800,1.798886
FILLER_65_177,VPWR,li1,87.1700,187.6800,1.798942
FILLER_65_147,VPWR,li1,73.3700,187.6800,1.799104
FILLER_65_130,VPWR,li1,65.5500,187.6800,1.799186
FILLER_65_118,VPWR,li1,62.5600,187.6800,1.799227
FILLER_65_111,VPWR,li1,56.8100,187.6800,1.799305
FILLER_65_104,VPWR,li1,53.5900,187.6800,1.799366
FILLER_65_100,VPWR,li1,52.4400,187.6800,1.799366
FILLER_65_77,VPWR,li1,41.1700,187.6800,1.799525
FILLER_65_55,VPWR,li1,31.0500,187.6800,1.799676
FILLER_65_47,VPWR,li1,28.9800,187.6800,1.799708
FILLER_65_31,VPWR,li1,21.6200,187.6800,1.799824
FILLER_65_19,VPWR,li1,17.0200,187.6800,1.799819
FILLER_65_7,VPWR,li1,11.5000,187.6800,1.799814
FILLER_64_795,VPWR,li1,371.4500,187.6800,1.799407
FILLER_64_787,VPWR,li1,369.3800,187.6800,1.799415
FILLER_64_779,VPWR,li1,364.0900,187.6800,1.799426
FILLER_64_775,VPWR,li1,362.9400,187.6800,1.799426
FILLER_64_757,VPWR,li1,354.6600,187.6800,1.799451
FILLER_64_755,VPWR,li1,353.0500,187.6800,1.799451
FILLER_64_744,VPWR,li1,347.9900,187.6800,1.799465
FILLER_64_716,VPWR,li1,337.6400,187.6800,1.799594
FILLER_64_696,VPWR,li1,326.6000,187.6800,1.799727
FILLER_64_684,VPWR,li1,322.9200,187.6800,1.799708
FILLER_64_680,VPWR,li1,318.5500,187.6800,1.799694
FILLER_64_664,VPWR,li1,312.8000,187.6800,1.799681
FILLER_64_655,VPWR,li1,307.2800,187.6800,1.799665
FILLER_64_651,VPWR,li1,305.2100,187.6800,1.799661
FILLER_64_643,VPWR,li1,301.5300,187.6800,1.799652
FILLER_64_618,VPWR,li1,292.5600,187.6800,1.799636
FILLER_64_589,VPWR,li1,279.2200,187.6800,1.799628
FILLER_64_587,VPWR,li1,275.7700,187.6800,1.799631
FILLER_64_583,VPWR,li1,274.6200,187.6800,1.799631
FILLER_64_568,VPWR,li1,267.2600,187.6800,1.799639
FILLER_64_560,VPWR,li1,263.3500,187.6800,1.799643
FILLER_64_550,VPWR,li1,259.2100,187.6800,1.799648
FILLER_64_542,VPWR,li1,256.6800,187.6800,1.799652
FILLER_64_533,VPWR,li1,251.1600,187.6800,1.799661
FILLER_64_520,VPWR,li1,247.4800,187.6800,1.799665
FILLER_64_513,VPWR,li1,242.4200,187.6800,1.799672
FILLER_64_501,VPWR,li1,238.7400,187.6800,1.799679
FILLER_64_489,VPWR,li1,233.2200,187.6800,1.799686
FILLER_64_477,VPWR,li1,227.7000,187.6800,1.799693
FILLER_64_425,VPWR,li1,201.2500,187.6800,1.799748
FILLER_64_421,VPWR,li1,200.1000,187.6800,1.799748
FILLER_64_412,VPWR,li1,196.8800,187.6800,1.799757
FILLER_64_395,VPWR,li1,187.4500,187.6800,1.799781
FILLER_64_389,VPWR,li1,185.8400,187.6800,1.799788
FILLER_64_377,VPWR,li1,181.7000,187.6800,1.799798
FILLER_64_365,VPWR,li1,176.1800,187.6800,1.799814
FILLER_64_361,VPWR,li1,172.2700,187.6800,1.799765
FILLER_64_353,VPWR,li1,169.7400,187.6800,1.799711
FILLER_64_341,VPWR,li1,165.1400,187.6800,1.799653
FILLER_64_329,VPWR,li1,159.6200,187.6800,1.799552
FILLER_64_317,VPWR,li1,154.1000,187.6800,1.799480
FILLER_64_307,VPWR,li1,146.9700,187.6800,1.799368
FILLER_64_299,VPWR,li1,143.2900,187.6800,1.799311
FILLER_64_284,VPWR,li1,136.6200,187.6800,1.799190
FILLER_64_280,VPWR,li1,134.5500,187.6800,1.799162
FILLER_64_273,VPWR,li1,131.7900,187.6800,1.799134
FILLER_64_265,VPWR,li1,129.2600,187.6800,1.799097
FILLER_64_253,VPWR,li1,124.6600,187.6800,1.799004
FILLER_64_246,VPWR,li1,120.0600,187.6800,1.798959
FILLER_64_221,VPWR,li1,107.6400,187.6800,1.798847
FILLER_64_213,VPWR,li1,105.3400,187.6800,1.798848
FILLER_64_197,VPWR,li1,96.8300,187.6800,1.798886
FILLER_64_195,VPWR,li1,95.4500,187.6800,1.798886
FILLER_64_187,VPWR,li1,93.3800,187.6800,1.798901
FILLER_64_171,VPWR,li1,84.4100,187.6800,1.798980
FILLER_64_150,VPWR,li1,75.4400,187.6800,1.799061
FILLER_64_141,VPWR,li1,71.3000,187.6800,1.799132
FILLER_64_126,VPWR,li1,63.9400,187.6800,1.799227
FILLER_64_114,VPWR,li1,60.7200,187.6800,1.799252
FILLER_64_102,VPWR,li1,55.2000,187.6800,1.799337
FILLER_64_93,VPWR,li1,48.9900,187.6800,1.799420
FILLER_64_85,VPWR,li1,45.0800,187.6800,1.799479
FILLER_64_78,VPWR,li1,42.7800,187.6800,1.799525
FILLER_64_66,VPWR,li1,38.6400,187.6800,1.799561
FILLER_64_54,VPWR,li1,33.1200,187.6800,1.799644
FILLER_64_29,VPWR,li1,19.3200,187.6800,1.799821
FILLER_64_27,VPWR,li1,18.1700,187.6800,1.799819
FILLER_64_21,VPWR,li1,16.5600,187.6800,1.799819
FILLER_64_9,VPWR,li1,12.4200,187.6800,1.799814
FILLER_63_796,VPWR,li1,373.5200,182.2400,1.799324
FILLER_63_791,VPWR,li1,369.6100,182.2400,1.799335
FILLER_63_785,VPWR,li1,368.0000,182.2400,1.799345
FILLER_63_778,VPWR,li1,364.7800,182.2400,1.799350
FILLER_63_755,VPWR,li1,353.2800,182.2400,1.799388
FILLER_63_743,VPWR,li1,350.0600,182.2400,1.799399
FILLER_63_729,VPWR,li1,341.0900,182.2400,1.799474
FILLER_63_724,VPWR,li1,339.4800,182.2400,1.799506
FILLER_63_712,VPWR,li1,335.8000,182.2400,1.799556
FILLER_63_704,VPWR,li1,329.5900,182.2400,1.799680
FILLER_63_698,VPWR,li1,327.9800,182.2400,1.799718
FILLER_63_673,VPWR,li1,317.8600,182.2400,1.799658
FILLER_63_669,VPWR,li1,313.9500,182.2400,1.799646
FILLER_63_661,VPWR,li1,311.4200,182.2400,1.799633
FILLER_63_649,VPWR,li1,306.8200,182.2400,1.799618
FILLER_63_637,VPWR,li1,301.3000,182.2400,1.799600
FILLER_63_633,VPWR,li1,296.9300,182.2400,1.799585
FILLER_63_615,VPWR,li1,288.6500,182.2400,1.799559
FILLER_63_611,VPWR,li1,287.5000,182.2400,1.799553
FILLER_63_584,VPWR,li1,274.3900,182.2400,1.799549
FILLER_63_572,VPWR,li1,271.4000,182.2400,1.799552
FILLER_63_556,VPWR,li1,262.2000,182.2400,1.799564
FILLER_63_537,VPWR,li1,253.9200,182.2400,1.799582
FILLER_63_521,VPWR,li1,245.6400,182.2400,1.799606
FILLER_63_508,VPWR,li1,239.6600,182.2400,1.799630
FILLER_63_488,VPWR,li1,230.6900,182.2400,1.799659
FILLER_63_473,VPWR,li1,225.8600,182.2400,1.799682
FILLER_63_465,VPWR,li1,219.6500,182.2400,1.799701
FILLER_63_461,VPWR,li1,218.5000,182.2400,1.799710
FILLER_63_449,VPWR,li1,214.8200,182.2400,1.799721
FILLER_63_444,VPWR,li1,210.6800,182.2400,1.799743
FILLER_63_419,VPWR,li1,199.6400,182.2400,1.799786
FILLER_63_413,VPWR,li1,195.9600,182.2400,1.799797
FILLER_63_405,VPWR,li1,193.6600,182.2400,1.799810
FILLER_63_393,VPWR,li1,189.0600,182.2400,1.799825
FILLER_63_380,VPWR,li1,183.0800,182.2400,1.799856
FILLER_63_368,VPWR,li1,177.5600,182.2400,1.799874
FILLER_63_356,VPWR,li1,172.0400,182.2400,1.799857
FILLER_63_344,VPWR,li1,166.5200,182.2400,1.799815
FILLER_63_334,VPWR,li1,159.6200,182.2400,1.799755
FILLER_63_330,VPWR,li1,157.5500,182.2400,1.799738
FILLER_63_310,VPWR,li1,148.3500,182.2400,1.799671
FILLER_63_302,VPWR,li1,145.1300,182.2400,1.799659
FILLER_63_296,VPWR,li1,141.9100,182.2400,1.799630
FILLER_63_260,VPWR,li1,125.8100,182.2400,1.799518
FILLER_63_241,VPWR,li1,116.6100,182.2400,1.799462
FILLER_63_237,VPWR,li1,115.4600,182.2400,1.799462
FILLER_63_225,VPWR,li1,111.7800,182.2400,1.799434
FILLER_63_223,VPWR,li1,108.3300,182.2400,1.799431
FILLER_63_219,VPWR,li1,107.1800,182.2400,1.799431
FILLER_63_199,VPWR,li1,98.4400,182.2400,1.799435
FILLER_63_187,VPWR,li1,94.3000,182.2400,1.799448
FILLER_63_166,VPWR,li1,82.3400,182.2400,1.799495
FILLER_63_153,VPWR,li1,76.5900,182.2400,1.799526
FILLER_63_145,VPWR,li1,74.0600,182.2400,1.799548
FILLER_63_133,VPWR,li1,69.4600,182.2400,1.799572
FILLER_63_121,VPWR,li1,63.9400,182.2400,1.799605
FILLER_63_113,VPWR,li1,57.9600,182.2400,1.799655
FILLER_63_111,VPWR,li1,56.8100,182.2400,1.799655
FILLER_63_103,VPWR,li1,54.7400,182.2400,1.799679
FILLER_63_91,VPWR,li1,50.1400,182.2400,1.799703
FILLER_63_86,VPWR,li1,45.3100,182.2400,1.799735
FILLER_63_81,VPWR,li1,43.2400,182.2400,1.799750
FILLER_63_69,VPWR,li1,40.0200,182.2400,1.799773
FILLER_63_57,VPWR,li1,34.5000,182.2400,1.799813
FILLER_63_55,VPWR,li1,31.0500,182.2400,1.799849
FILLER_63_51,VPWR,li1,29.9000,182.2400,1.799849
FILLER_63_27,VPWR,li1,18.8600,182.2400,1.799910
FILLER_63_15,VPWR,li1,15.1800,182.2400,1.799907
FILLER_63_3,VPWR,li1,9.6600,182.2400,1.799905
FILLER_62_780,VPWR,li1,364.5500,182.2400,1.799350
FILLER_62_772,VPWR,li1,362.4800,182.2400,1.799357
FILLER_62_760,VPWR,li1,355.3500,182.2400,1.799382
FILLER_62_753,VPWR,li1,352.5900,182.2400,1.799388
FILLER_62_741,VPWR,li1,349.1400,182.2400,1.799399
FILLER_62_726,VPWR,li1,340.1700,182.2400,1.799474
FILLER_62_701,VPWR,li1,328.9000,182.2400,1.799718
FILLER_62_696,VPWR,li1,326.6000,182.2400,1.799700
FILLER_62_682,VPWR,li1,320.1600,182.2400,1.799671
FILLER_62_664,VPWR,li1,311.8800,182.2400,1.799633
FILLER_62_653,VPWR,li1,306.3600,182.2400,1.799618
FILLER_62_645,VPWR,li1,304.0600,182.2400,1.799610
FILLER_62_643,VPWR,li1,301.5300,182.2400,1.799600
FILLER_62_638,VPWR,li1,299.4600,182.2400,1.799594
FILLER_62_630,VPWR,li1,297.1600,182.2400,1.799585
FILLER_62_574,VPWR,li1,270.4800,182.2400,1.799552
FILLER_62_537,VPWR,li1,254.3800,182.2400,1.799582
FILLER_62_528,VPWR,li1,249.3200,182.2400,1.799600
FILLER_62_507,VPWR,li1,239.2000,182.2400,1.799630
FILLER_62_495,VPWR,li1,235.9800,182.2400,1.799639
FILLER_62_477,VPWR,li1,225.8600,182.2400,1.799682
FILLER_62_464,VPWR,li1,221.7200,182.2400,1.799694
FILLER_62_457,VPWR,li1,215.9700,182.2400,1.799721
FILLER_62_445,VPWR,li1,212.9800,182.2400,1.799732
FILLER_62_433,VPWR,li1,207.4600,182.2400,1.799752
FILLER_62_421,VPWR,li1,201.9400,182.2400,1.799773
FILLER_62_419,VPWR,li1,198.4900,182.2400,1.799786
FILLER_62_413,VPWR,li1,196.8800,182.2400,1.799797
FILLER_62_401,VPWR,li1,192.7400,182.2400,1.799810
FILLER_62_389,VPWR,li1,187.2200,182.2400,1.799838
FILLER_62_377,VPWR,li1,181.7000,182.2400,1.799856
FILLER_62_365,VPWR,li1,176.1800,182.2400,1.799882
FILLER_62_337,VPWR,li1,160.7700,182.2400,1.799769
FILLER_62_330,VPWR,li1,157.5500,182.2400,1.799738
FILLER_62_326,VPWR,li1,155.7100,182.2400,1.799723
FILLER_62_320,VPWR,li1,154.1000,182.2400,1.799723
FILLER_62_309,VPWR,li1,149.5000,182.2400,1.799689
FILLER_62_306,VPWR,li1,146.7400,182.2400,1.799659
FILLER_62_298,VPWR,li1,144.4400,182.2400,1.799646
FILLER_62_286,VPWR,li1,139.8400,182.2400,1.799615
FILLER_62_269,VPWR,li1,129.4900,182.2400,1.799542
FILLER_62_265,VPWR,li1,128.3400,182.2400,1.799542
FILLER_62_253,VPWR,li1,124.6600,182.2400,1.799518
FILLER_62_251,VPWR,li1,121.2100,182.2400,1.799488
FILLER_62_235,VPWR,li1,116.3800,182.2400,1.799462
FILLER_62_222,VPWR,li1,108.3300,182.2400,1.799431
FILLER_62_190,VPWR,li1,94.3000,182.2400,1.799448
FILLER_62_175,VPWR,li1,87.4000,182.2400,1.799471
FILLER_62_141,VPWR,li1,73.1400,182.2400,1.799548
FILLER_62_137,VPWR,li1,69.2300,182.2400,1.799572
FILLER_62_122,VPWR,li1,62.1000,182.2400,1.799626
FILLER_62_110,VPWR,li1,57.0400,182.2400,1.799655
FILLER_62_98,VPWR,li1,53.3600,182.2400,1.799679
FILLER_62_85,VPWR,li1,45.3100,182.2400,1.799735
FILLER_62_80,VPWR,li1,43.2400,182.2400,1.799750
FILLER_62_70,VPWR,li1,38.4100,182.2400,1.799794
FILLER_62_52,VPWR,li1,29.6700,182.2400,1.799849
FILLER_62_48,VPWR,li1,28.5200,182.2400,1.799869
FILLER_62_41,VPWR,li1,25.3000,182.2400,1.799889
FILLER_62_29,VPWR,li1,21.6200,182.2400,1.799911
FILLER_62_22,VPWR,li1,17.0200,182.2400,1.799909
FILLER_62_15,VPWR,li1,13.1100,182.2400,1.799906
FILLER_62_7,VPWR,li1,10.5800,182.2400,1.799905
FILLER_61_801,VPWR,li1,374.4400,176.8000,1.799786
FILLER_61_779,VPWR,li1,364.3200,176.8000,1.799798
FILLER_61_764,VPWR,li1,358.8000,176.8000,1.799805
FILLER_61_745,VPWR,li1,348.4500,176.8000,1.799821
FILLER_61_741,VPWR,li1,347.3000,176.8000,1.799825
FILLER_61_729,VPWR,li1,343.6200,176.8000,1.799830
FILLER_61_701,VPWR,li1,328.6700,176.8000,1.799872
FILLER_61_693,VPWR,li1,326.1400,176.8000,1.799854
FILLER_61_679,VPWR,li1,318.0900,176.8000,1.799798
FILLER_61_673,VPWR,li1,316.4800,176.8000,1.799798
FILLER_61_658,VPWR,li1,308.8900,176.8000,1.799762
FILLER_61_636,VPWR,li1,298.3100,176.8000,1.799719
FILLER_61_628,VPWR,li1,296.2400,176.8000,1.799709
FILLER_61_615,VPWR,li1,288.6500,176.8000,1.799676
FILLER_61_607,VPWR,li1,285.2000,176.8000,1.799669
FILLER_61_569,VPWR,li1,267.7200,176.8000,1.799637
FILLER_61_561,VPWR,li1,265.4200,176.8000,1.799639
FILLER_61_558,VPWR,li1,262.6600,176.8000,1.799640
FILLER_61_534,VPWR,li1,251.3900,176.8000,1.799658
FILLER_61_526,VPWR,li1,249.3200,176.8000,1.799663
FILLER_61_508,VPWR,li1,239.4300,176.8000,1.799685
FILLER_61_503,VPWR,li1,237.1300,176.8000,1.799695
FILLER_61_499,VPWR,li1,235.9800,176.8000,1.799695
FILLER_61_487,VPWR,li1,232.3000,176.8000,1.799704
FILLER_61_472,VPWR,li1,223.3300,176.8000,1.799729
FILLER_61_449,VPWR,li1,212.5200,176.8000,1.799763
FILLER_61_447,VPWR,li1,211.3700,176.8000,1.799763
FILLER_61_441,VPWR,li1,209.7600,176.8000,1.799770
FILLER_61_429,VPWR,li1,205.6200,176.8000,1.799781
FILLER_61_417,VPWR,li1,200.1000,176.8000,1.799804
FILLER_61_405,VPWR,li1,194.5800,176.8000,1.799817
FILLER_61_393,VPWR,li1,189.0600,176.8000,1.799835
FILLER_61_391,VPWR,li1,185.6100,176.8000,1.799847
FILLER_61_387,VPWR,li1,184.4600,176.8000,1.799856
FILLER_61_375,VPWR,li1,180.7800,176.8000,1.799864
FILLER_61_347,VPWR,li1,165.6000,176.8000,1.799800
FILLER_61_341,VPWR,li1,162.8400,176.8000,1.799783
FILLER_61_335,VPWR,li1,159.8500,176.8000,1.799767
FILLER_61_329,VPWR,li1,158.2400,176.8000,1.799753
FILLER_61_317,VPWR,li1,154.1000,176.8000,1.799716
FILLER_61_305,VPWR,li1,148.5800,176.8000,1.799678
FILLER_61_301,VPWR,li1,144.2100,176.8000,1.799656
FILLER_61_293,VPWR,li1,142.1400,176.8000,1.799643
FILLER_61_281,VPWR,li1,137.5400,176.8000,1.799613
FILLER_61_276,VPWR,li1,133.4000,176.8000,1.799577
FILLER_61_261,VPWR,li1,128.3400,176.8000,1.799546
FILLER_61_249,VPWR,li1,122.8200,176.8000,1.799523
FILLER_61_231,VPWR,li1,113.1600,176.8000,1.799470
FILLER_61_221,VPWR,li1,107.8700,176.8000,1.799447
FILLER_61_206,VPWR,li1,100.7400,176.8000,1.799434
FILLER_61_194,VPWR,li1,95.6800,176.8000,1.799446
FILLER_61_173,VPWR,li1,85.3300,176.8000,1.799480
FILLER_61_169,VPWR,li1,84.1800,176.8000,1.799491
FILLER_61_166,VPWR,li1,82.3400,176.8000,1.799501
FILLER_61_149,VPWR,li1,74.9800,176.8000,1.799534
FILLER_61_141,VPWR,li1,70.6100,176.8000,1.799562
FILLER_61_135,VPWR,li1,69.0000,176.8000,1.799572
FILLER_61_129,VPWR,li1,65.0900,176.8000,1.799601
FILLER_61_123,VPWR,li1,63.4800,176.8000,1.799601
FILLER_61_106,VPWR,li1,55.6600,176.8000,1.799650
FILLER_61_89,VPWR,li1,47.3800,176.8000,1.799715
FILLER_61_57,VPWR,li1,31.9700,176.8000,1.799832
FILLER_61_34,VPWR,li1,21.3900,176.8000,1.799912
FILLER_61_28,VPWR,li1,19.7800,176.8000,1.799911
FILLER_61_7,VPWR,li1,9.6600,176.8000,1.799907
FILLER_60_804,VPWR,li1,376.0500,176.8000,1.799786
FILLER_60_792,VPWR,li1,372.6000,176.8000,1.799788
FILLER_60_778,VPWR,li1,364.7800,176.8000,1.799798
FILLER_60_769,VPWR,li1,360.1800,176.8000,1.799805
FILLER_60_757,VPWR,li1,356.5000,176.8000,1.799809
FILLER_60_749,VPWR,li1,350.2900,176.8000,1.799818
FILLER_60_739,VPWR,li1,346.3800,176.8000,1.799825
FILLER_60_730,VPWR,li1,341.7800,176.8000,1.799834
FILLER_60_722,VPWR,li1,339.4800,176.8000,1.799839
FILLER_60_710,VPWR,li1,334.8800,176.8000,1.799849
FILLER_60_701,VPWR,li1,329.3600,176.8000,1.799872
FILLER_60_699,VPWR,li1,327.2900,176.8000,1.799854
FILLER_60_695,VPWR,li1,326.1400,176.8000,1.799854
FILLER_60_683,VPWR,li1,320.1600,176.8000,1.799814
FILLER_60_654,VPWR,li1,308.2000,176.8000,1.799762
FILLER_60_645,VPWR,li1,302.4500,176.8000,1.799736
FILLER_60_634,VPWR,li1,297.8500,176.8000,1.799719
FILLER_60_630,VPWR,li1,295.5500,176.8000,1.799709
FILLER_60_624,VPWR,li1,293.2500,176.8000,1.799700
FILLER_60_611,VPWR,li1,287.0400,176.8000,1.799676
FILLER_60_595,VPWR,li1,280.1400,176.8000,1.799653
FILLER_60_584,VPWR,li1,275.0800,176.8000,1.799641
FILLER_60_567,VPWR,li1,267.2600,176.8000,1.799637
FILLER_60_538,VPWR,li1,255.7600,176.8000,1.799649
FILLER_60_531,VPWR,li1,250.0100,176.8000,1.799663
FILLER_60_527,VPWR,li1,248.8600,176.8000,1.799663
FILLER_60_515,VPWR,li1,245.1800,176.8000,1.799671
FILLER_60_495,VPWR,li1,233.4500,176.8000,1.799704
FILLER_60_489,VPWR,li1,231.8400,176.8000,1.799704
FILLER_60_477,VPWR,li1,226.3200,176.8000,1.799721
FILLER_60_470,VPWR,li1,223.1000,176.8000,1.799729
FILLER_60_448,VPWR,li1,212.0600,176.8000,1.799763
FILLER_60_433,VPWR,li1,206.5400,176.8000,1.799781
FILLER_60_421,VPWR,li1,201.9400,176.8000,1.799793
FILLER_60_419,VPWR,li1,198.4900,176.8000,1.799804
FILLER_60_407,VPWR,li1,195.5000,176.8000,1.799817
FILLER_60_401,VPWR,li1,190.2100,176.8000,1.799835
FILLER_60_389,VPWR,li1,187.2200,176.8000,1.799847
FILLER_60_380,VPWR,li1,181.0100,176.8000,1.799864
FILLER_60_372,VPWR,li1,178.4800,176.8000,1.799876
FILLER_60_362,VPWR,li1,172.5000,176.8000,1.799855
FILLER_60_346,VPWR,li1,166.0600,176.8000,1.799814
FILLER_60_339,VPWR,li1,161.9200,176.8000,1.799783
FILLER_60_331,VPWR,li1,158.0100,176.8000,1.799753
FILLER_60_324,VPWR,li1,155.0200,176.8000,1.799731
FILLER_60_280,VPWR,li1,136.1600,176.8000,1.799595
FILLER_60_270,VPWR,li1,130.4100,176.8000,1.799560
FILLER_60_259,VPWR,li1,124.8900,176.8000,1.799535
FILLER_60_253,VPWR,li1,123.2800,176.8000,1.799523
FILLER_60_249,VPWR,li1,120.7500,176.8000,1.799511
FILLER_60_228,VPWR,li1,111.0900,176.8000,1.799457
FILLER_60_193,VPWR,li1,94.9900,176.8000,1.799446
FILLER_60_166,VPWR,li1,82.1100,176.8000,1.799501
FILLER_60_162,VPWR,li1,80.9600,176.8000,1.799501
FILLER_60_150,VPWR,li1,76.3600,176.8000,1.799534
FILLER_60_141,VPWR,li1,71.3000,176.8000,1.799562
FILLER_60_138,VPWR,li1,69.4600,176.8000,1.799572
FILLER_60_118,VPWR,li1,62.5600,176.8000,1.799614
FILLER_60_104,VPWR,li1,53.5900,176.8000,1.799670
FILLER_60_92,VPWR,li1,50.6000,176.8000,1.799691
FILLER_60_83,VPWR,li1,43.9300,176.8000,1.799731
FILLER_60_79,VPWR,li1,42.7800,176.8000,1.799748
FILLER_60_67,VPWR,li1,39.1000,176.8000,1.799772
FILLER_60_54,VPWR,li1,30.5900,176.8000,1.799832
FILLER_60_46,VPWR,li1,28.5200,176.8000,1.799848
FILLER_60_39,VPWR,li1,23.9200,176.8000,1.799894
FILLER_60_24,VPWR,li1,17.4800,176.8000,1.799910
FILLER_60_14,VPWR,li1,12.6500,176.8000,1.799907
FILLER_60_6,VPWR,li1,10.1200,176.8000,1.799907
FILLER_59_785,VPWR,li1,368.0000,171.3600,1.799850
FILLER_59_783,VPWR,li1,365.9300,171.3600,1.799852
FILLER_59_775,VPWR,li1,362.4800,171.3600,1.799854
FILLER_59_767,VPWR,li1,360.1800,171.3600,1.799856
FILLER_59_755,VPWR,li1,355.5800,171.3600,1.799860
FILLER_59_742,VPWR,li1,348.2200,171.3600,1.799869
FILLER_59_716,VPWR,li1,335.5700,171.3600,1.799892
FILLER_59_708,VPWR,li1,333.0400,171.3600,1.799898
FILLER_59_696,VPWR,li1,328.4400,171.3600,1.799909
FILLER_59_683,VPWR,li1,320.6200,171.3600,1.799867
FILLER_59_659,VPWR,li1,310.5000,171.3600,1.799819
FILLER_59_647,VPWR,li1,305.9000,171.3600,1.799805
FILLER_59_635,VPWR,li1,300.3800,171.3600,1.799783
FILLER_59_629,VPWR,li1,295.5500,171.3600,1.799763
FILLER_59_617,VPWR,li1,292.1000,171.3600,1.799754
FILLER_59_613,VPWR,li1,288.1900,171.3600,1.799740
FILLER_59_593,VPWR,li1,278.9900,171.3600,1.799708
FILLER_59_545,VPWR,li1,256.4500,171.3600,1.799692
FILLER_59_541,VPWR,li1,255.3000,171.3600,1.799695
FILLER_59_520,VPWR,li1,245.4100,171.3600,1.799712
FILLER_59_508,VPWR,li1,241.9600,171.3600,1.799716
FILLER_59_503,VPWR,li1,237.1300,171.3600,1.799726
FILLER_59_492,VPWR,li1,232.5300,171.3600,1.799738
FILLER_59_483,VPWR,li1,227.9300,171.3600,1.799748
FILLER_59_463,VPWR,li1,218.7300,171.3600,1.799771
FILLER_59_433,VPWR,li1,205.1600,171.3600,1.799810
FILLER_59_421,VPWR,li1,201.9400,171.3600,1.799820
FILLER_59_409,VPWR,li1,196.4200,171.3600,1.799837
FILLER_59_397,VPWR,li1,190.9000,171.3600,1.799854
FILLER_59_372,VPWR,li1,176.8700,171.3600,1.799900
FILLER_59_364,VPWR,li1,174.8000,171.3600,1.799907
FILLER_59_352,VPWR,li1,170.2000,171.3600,1.799881
FILLER_59_340,VPWR,li1,164.6800,171.3600,1.799849
FILLER_59_330,VPWR,li1,158.7000,171.3600,1.799816
FILLER_59_326,VPWR,li1,155.7100,171.3600,1.799791
FILLER_59_320,VPWR,li1,154.1000,171.3600,1.799791
FILLER_59_316,VPWR,li1,151.1100,171.3600,1.799775
FILLER_59_312,VPWR,li1,149.9600,171.3600,1.799761
FILLER_59_300,VPWR,li1,146.2800,171.3600,1.799749
FILLER_59_288,VPWR,li1,140.7600,171.3600,1.799717
FILLER_59_281,VPWR,li1,135.4700,171.3600,1.799687
FILLER_59_278,VPWR,li1,133.8600,171.3600,1.799687
FILLER_59_270,VPWR,li1,131.5600,171.3600,1.799676
FILLER_59_242,VPWR,li1,118.6800,171.3600,1.799614
FILLER_59_230,VPWR,li1,114.0800,171.3600,1.799590
FILLER_59_225,VPWR,li1,109.2500,171.3600,1.799574
FILLER_59_222,VPWR,li1,108.1000,171.3600,1.799574
FILLER_59_214,VPWR,li1,105.8000,171.3600,1.799571
FILLER_59_169,VPWR,li1,83.7200,171.3600,1.799604
FILLER_59_158,VPWR,li1,79.1200,171.3600,1.799619
FILLER_59_150,VPWR,li1,75.4400,171.3600,1.799639
FILLER_59_142,VPWR,li1,71.0700,171.3600,1.799659
FILLER_59_136,VPWR,li1,69.4600,171.3600,1.799659
FILLER_59_123,VPWR,li1,63.0200,171.3600,1.799695
FILLER_59_119,VPWR,li1,60.4900,171.3600,1.799706
FILLER_59_113,VPWR,li1,58.8800,171.3600,1.799706
FILLER_59_111,VPWR,li1,56.8100,171.3600,1.799720
FILLER_59_96,VPWR,li1,52.4400,171.3600,1.799743
FILLER_59_84,VPWR,li1,46.9200,171.3600,1.799768
FILLER_59_72,VPWR,li1,41.4000,171.3600,1.799800
FILLER_59_57,VPWR,li1,32.2000,171.3600,1.799854
FILLER_59_42,VPWR,li1,25.7600,171.3600,1.799906
FILLER_59_30,VPWR,li1,22.0800,171.3600,1.799927
FILLER_59_23,VPWR,li1,16.3300,171.3600,1.799924
FILLER_59_15,VPWR,li1,12.6500,171.3600,1.799922
FILLER_59_9,VPWR,li1,11.0400,171.3600,1.799922
FILLER_58_799,VPWR,li1,373.7500,171.3600,1.799844
FILLER_58_787,VPWR,li1,370.3000,171.3600,1.799847
FILLER_58_765,VPWR,li1,358.3400,171.3600,1.799858
FILLER_58_744,VPWR,li1,348.2200,171.3600,1.799869
FILLER_58_736,VPWR,li1,345.9200,171.3600,1.799873
FILLER_58_714,VPWR,li1,335.3400,171.3600,1.799892
FILLER_58_699,VPWR,li1,327.2900,171.3600,1.799895
FILLER_58_695,VPWR,li1,326.1400,171.3600,1.799895
FILLER_58_678,VPWR,li1,318.3200,171.3600,1.799856
FILLER_58_667,VPWR,li1,312.5700,171.3600,1.799827
FILLER_58_663,VPWR,li1,311.4200,171.3600,1.799827
FILLER_58_645,VPWR,li1,304.0600,171.3600,1.799798
FILLER_58_643,VPWR,li1,301.5300,171.3600,1.799783
FILLER_58_623,VPWR,li1,292.5600,171.3600,1.799754
FILLER_58_615,VPWR,li1,290.2600,171.3600,1.799747
FILLER_58_610,VPWR,li1,286.3500,171.3600,1.799733
FILLER_58_598,VPWR,li1,283.3600,171.3600,1.799723
FILLER_58_587,VPWR,li1,275.7700,171.3600,1.799695
FILLER_58_552,VPWR,li1,259.9000,171.3600,1.799685
FILLER_58_521,VPWR,li1,247.0200,171.3600,1.799707
FILLER_58_514,VPWR,li1,242.1900,171.3600,1.799716
FILLER_58_506,VPWR,li1,240.1200,171.3600,1.799720
FILLER_58_492,VPWR,li1,232.0700,171.3600,1.799738
FILLER_58_484,VPWR,li1,230.0000,171.3600,1.799743
FILLER_58_472,VPWR,li1,223.5600,171.3600,1.799759
FILLER_58_464,VPWR,li1,219.4200,171.3600,1.799771
FILLER_58_458,VPWR,li1,216.6600,171.3600,1.799777
FILLER_58_444,VPWR,li1,209.9900,171.3600,1.799796
FILLER_58_433,VPWR,li1,205.6200,171.3600,1.799810
FILLER_58_421,VPWR,li1,201.9400,171.3600,1.799820
FILLER_58_417,VPWR,li1,198.0300,171.3600,1.799837
FILLER_58_405,VPWR,li1,194.5800,171.3600,1.799842
FILLER_58_393,VPWR,li1,189.0600,171.3600,1.799859
FILLER_58_377,VPWR,li1,179.1700,171.3600,1.799891
FILLER_58_365,VPWR,li1,176.1800,171.3600,1.799907
FILLER_58_362,VPWR,li1,172.5000,171.3600,1.799894
FILLER_58_349,VPWR,li1,166.2900,171.3600,1.799849
FILLER_58_343,VPWR,li1,164.6800,171.3600,1.799849
FILLER_58_331,VPWR,li1,160.5400,171.3600,1.799826
FILLER_58_325,VPWR,li1,155.2500,171.3600,1.799791
FILLER_58_313,VPWR,li1,152.2600,171.3600,1.799775
FILLER_58_306,VPWR,li1,146.7400,171.3600,1.799749
FILLER_58_298,VPWR,li1,144.4400,171.3600,1.799740
FILLER_58_292,VPWR,li1,140.0700,171.3600,1.799717
FILLER_58_285,VPWR,li1,136.8500,171.3600,1.799701
FILLER_58_273,VPWR,li1,133.8600,171.3600,1.799687
FILLER_58_261,VPWR,li1,128.3400,171.3600,1.799661
FILLER_58_253,VPWR,li1,122.1300,171.3600,1.799624
FILLER_58_248,VPWR,li1,120.5200,171.3600,1.799624
FILLER_58_233,VPWR,li1,113.1600,171.3600,1.799590
FILLER_58_225,VPWR,li1,110.8600,171.3600,1.799578
FILLER_58_213,VPWR,li1,106.2600,171.3600,1.799571
FILLER_58_205,VPWR,li1,100.2800,171.3600,1.799566
FILLER_58_197,VPWR,li1,97.9800,171.3600,1.799567
FILLER_58_194,VPWR,li1,95.2200,171.3600,1.799570
FILLER_58_172,VPWR,li1,85.1000,171.3600,1.799597
FILLER_58_163,VPWR,li1,80.9600,171.3600,1.799612
FILLER_58_141,VPWR,li1,71.7600,171.3600,1.799649
FILLER_58_139,VPWR,li1,69.6900,171.3600,1.799659
FILLER_58_131,VPWR,li1,67.6200,171.3600,1.799668
FILLER_58_120,VPWR,li1,61.6400,171.3600,1.799695
FILLER_58_102,VPWR,li1,52.9000,171.3600,1.799743
FILLER_58_85,VPWR,li1,45.5400,171.3600,1.799785
FILLER_58_83,VPWR,li1,43.9300,171.3600,1.799785
FILLER_58_48,VPWR,li1,28.0600,171.3600,1.799880
FILLER_58_26,VPWR,li1,17.9400,171.3600,1.799924
FILLER_57_785,VPWR,li1,368.0000,165.9200,1.799576
FILLER_57_782,VPWR,li1,365.7000,165.9200,1.799576
FILLER_57_764,VPWR,li1,358.8000,165.9200,1.799608
FILLER_57_753,VPWR,li1,352.1300,165.9200,1.799683
FILLER_57_747,VPWR,li1,350.5200,165.9200,1.799683
FILLER_57_737,VPWR,li1,345.0000,165.9200,1.799733
FILLER_57_729,VPWR,li1,342.7000,165.9200,1.799754
FILLER_57_720,VPWR,li1,338.5600,165.9200,1.799792
FILLER_57_708,VPWR,li1,333.9600,165.9200,1.799834
FILLER_57_695,VPWR,li1,325.6800,165.9200,1.799871
FILLER_57_683,VPWR,li1,322.4600,165.9200,1.799865
FILLER_57_673,VPWR,li1,316.4800,165.9200,1.799854
FILLER_57_670,VPWR,li1,314.1800,165.9200,1.799850
FILLER_57_639,VPWR,li1,300.3800,165.9200,1.799826
FILLER_57_632,VPWR,li1,296.7000,165.9200,1.799821
FILLER_57_625,VPWR,li1,293.4800,165.9200,1.799817
FILLER_57_617,VPWR,li1,291.1800,165.9200,1.799814
FILLER_57_615,VPWR,li1,288.6500,165.9200,1.799809
FILLER_57_604,VPWR,li1,284.0500,165.9200,1.799804
FILLER_57_592,VPWR,li1,280.6000,165.9200,1.799798
FILLER_57_580,VPWR,li1,275.0800,165.9200,1.799792
FILLER_57_568,VPWR,li1,269.5600,165.9200,1.799786
FILLER_57_557,VPWR,li1,262.4300,165.9200,1.799783
FILLER_57_551,VPWR,li1,259.6700,165.9200,1.799784
FILLER_57_540,VPWR,li1,255.3000,165.9200,1.799786
FILLER_57_528,VPWR,li1,251.1600,165.9200,1.799790
FILLER_57_503,VPWR,li1,237.1300,165.9200,1.799800
FILLER_57_495,VPWR,li1,235.0600,165.9200,1.799803
FILLER_57_470,VPWR,li1,223.5600,165.9200,1.799819
FILLER_57_455,VPWR,li1,217.5800,165.9200,1.799828
FILLER_57_447,VPWR,li1,211.3700,165.9200,1.799842
FILLER_57_441,VPWR,li1,209.7600,165.9200,1.799842
FILLER_57_429,VPWR,li1,205.6200,165.9200,1.799851
FILLER_57_417,VPWR,li1,200.1000,165.9200,1.799861
FILLER_57_405,VPWR,li1,194.5800,165.9200,1.799872
FILLER_57_393,VPWR,li1,189.0600,165.9200,1.799884
FILLER_57_391,VPWR,li1,185.6100,165.9200,1.799894
FILLER_57_385,VPWR,li1,184.0000,165.9200,1.799894
FILLER_57_381,VPWR,li1,181.0100,165.9200,1.799902
FILLER_57_377,VPWR,li1,179.8600,165.9200,1.799902
FILLER_57_365,VPWR,li1,176.1800,165.9200,1.799913
FILLER_57_354,VPWR,li1,168.5900,165.9200,1.799868
FILLER_57_349,VPWR,li1,166.5200,165.9200,1.799857
FILLER_57_337,VPWR,li1,163.3000,165.9200,1.799843
FILLER_57_335,VPWR,li1,159.8500,165.9200,1.799815
FILLER_57_329,VPWR,li1,157.0900,165.9200,1.799805
FILLER_57_317,VPWR,li1,151.8000,165.9200,1.799778
FILLER_57_294,VPWR,li1,141.4500,165.9200,1.799736
FILLER_57_265,VPWR,li1,128.3400,165.9200,1.799699
FILLER_57_250,VPWR,li1,123.2800,165.9200,1.799689
FILLER_57_238,VPWR,li1,117.7600,165.9200,1.799677
FILLER_57_229,VPWR,li1,111.3200,165.9200,1.799661
FILLER_57_222,VPWR,li1,108.1000,165.9200,1.799657
FILLER_57_214,VPWR,li1,104.1900,165.9200,1.799650
FILLER_57_210,VPWR,li1,103.0400,165.9200,1.799649
FILLER_57_200,VPWR,li1,97.9800,165.9200,1.799651
FILLER_57_192,VPWR,li1,95.6800,165.9200,1.799656
FILLER_57_169,VPWR,li1,86.0200,165.9200,1.799675
FILLER_57_167,VPWR,li1,82.5700,165.9200,1.799682
FILLER_57_155,VPWR,li1,79.5800,165.9200,1.799693
FILLER_57_143,VPWR,li1,71.7600,165.9200,1.799714
FILLER_57_136,VPWR,li1,68.3100,165.9200,1.799719
FILLER_57_97,VPWR,li1,50.3700,165.9200,1.799786
FILLER_57_85,VPWR,li1,45.0800,165.9200,1.799805
FILLER_57_45,VPWR,li1,26.9100,165.9200,1.799904
FILLER_57_31,VPWR,li1,20.0100,165.9200,1.799935
FILLER_56_805,VPWR,li1,376.2800,165.9200,1.799573
FILLER_56_800,VPWR,li1,373.9800,165.9200,1.799574
FILLER_56_792,VPWR,li1,371.6800,165.9200,1.799574
FILLER_56_780,VPWR,li1,367.0800,165.9200,1.799576
FILLER_56_769,VPWR,li1,360.1800,165.9200,1.799608
FILLER_56_757,VPWR,li1,356.5000,165.9200,1.799631
FILLER_56_755,VPWR,li1,353.0500,165.9200,1.799660
FILLER_56_749,VPWR,li1,351.4400,165.9200,1.799683
FILLER_56_737,VPWR,li1,347.3000,165.9200,1.799712
FILLER_56_725,VPWR,li1,341.7800,165.9200,1.799773
FILLER_56_713,VPWR,li1,336.2600,165.9200,1.799813
FILLER_56_701,VPWR,li1,330.7400,165.9200,1.799879
FILLER_56_699,VPWR,li1,327.2900,165.9200,1.799875
FILLER_56_691,VPWR,li1,323.6100,165.9200,1.799865
FILLER_56_687,VPWR,li1,322.4600,165.9200,1.799865
FILLER_56_675,VPWR,li1,318.7800,165.9200,1.799858
FILLER_56_663,VPWR,li1,313.2600,165.9200,1.799846
FILLER_56_645,VPWR,li1,304.0600,165.9200,1.799833
FILLER_56_636,VPWR,li1,299.9200,165.9200,1.799826
FILLER_56_620,VPWR,li1,292.1000,165.9200,1.799814
FILLER_56_611,VPWR,li1,287.0400,165.9200,1.799806
FILLER_56_603,VPWR,li1,284.7400,165.9200,1.799804
FILLER_56_597,VPWR,li1,280.3700,165.9200,1.799798
FILLER_56_593,VPWR,li1,279.2200,165.9200,1.799798
FILLER_56_585,VPWR,li1,275.3100,165.9200,1.799792
FILLER_56_577,VPWR,li1,272.7800,165.9200,1.799789
FILLER_56_542,VPWR,li1,255.0700,165.9200,1.799787
FILLER_56_536,VPWR,li1,253.4600,165.9200,1.799787
FILLER_56_531,VPWR,li1,250.0100,165.9200,1.799790
FILLER_56_519,VPWR,li1,247.0200,165.9200,1.799792
FILLER_56_510,VPWR,li1,240.3500,165.9200,1.799798
FILLER_56_499,VPWR,li1,235.2900,165.9200,1.799803
FILLER_56_494,VPWR,li1,232.9900,165.9200,1.799806
FILLER_56_490,VPWR,li1,231.8400,165.9200,1.799806
FILLER_56_483,VPWR,li1,227.9300,165.9200,1.799811
FILLER_56_477,VPWR,li1,226.3200,165.9200,1.799816
FILLER_56_467,VPWR,li1,220.5700,165.9200,1.799823
FILLER_56_433,VPWR,li1,205.1600,165.9200,1.799851
FILLER_56_421,VPWR,li1,201.9400,165.9200,1.799858
FILLER_56_417,VPWR,li1,198.0300,165.9200,1.799866
FILLER_56_409,VPWR,li1,195.5000,165.9200,1.799872
FILLER_56_397,VPWR,li1,190.9000,165.9200,1.799880
FILLER_56_385,VPWR,li1,185.3800,165.9200,1.799894
FILLER_56_363,VPWR,li1,172.7300,165.9200,1.799894
FILLER_56_359,VPWR,li1,171.5800,165.9200,1.799894
FILLER_56_347,VPWR,li1,165.6000,165.9200,1.799857
FILLER_56_343,VPWR,li1,163.5300,165.9200,1.799843
FILLER_56_331,VPWR,li1,160.5400,165.9200,1.799826
FILLER_56_323,VPWR,li1,154.7900,165.9200,1.799795
FILLER_56_315,VPWR,li1,152.2600,165.9200,1.799778
FILLER_56_304,VPWR,li1,146.2800,165.9200,1.799752
FILLER_56_285,VPWR,li1,138.0000,165.9200,1.799721
FILLER_56_273,VPWR,li1,133.8600,165.9200,1.799714
FILLER_56_265,VPWR,li1,127.6500,165.9200,1.799699
FILLER_56_253,VPWR,li1,122.3600,165.9200,1.799684
FILLER_56_250,VPWR,li1,120.9800,165.9200,1.799684
FILLER_56_238,VPWR,li1,117.7600,165.9200,1.799677
FILLER_56_221,VPWR,li1,107.4100,165.9200,1.799653
FILLER_56_206,VPWR,li1,100.7400,165.9200,1.799650
FILLER_56_177,VPWR,li1,87.1700,165.9200,1.799675
FILLER_56_171,VPWR,li1,85.5600,165.9200,1.799675
FILLER_56_157,VPWR,li1,78.2000,165.9200,1.799693
FILLER_56_149,VPWR,li1,75.9000,165.9200,1.799703
FILLER_56_141,VPWR,li1,70.8400,165.9200,1.799714
FILLER_56_138,VPWR,li1,69.4600,165.9200,1.799719
FILLER_56_98,VPWR,li1,50.8300,165.9200,1.799777
FILLER_56_77,VPWR,li1,41.1700,165.9200,1.799831
FILLER_56_63,VPWR,li1,34.7300,165.9200,1.799859
FILLER_56_19,VPWR,li1,14.4900,165.9200,1.799933
FILLER_56_3,VPWR,li1,7.3600,165.9200,1.799932
FILLER_55_804,VPWR,li1,376.0500,160.4800,1.797605
FILLER_55_796,VPWR,li1,373.5200,160.4800,1.797607
FILLER_55_785,VPWR,li1,367.0800,160.4800,1.797635
FILLER_55_778,VPWR,li1,364.7800,160.4800,1.797642
FILLER_55_751,VPWR,li1,351.2100,160.4800,1.797946
FILLER_55_739,VPWR,li1,348.2200,160.4800,1.798045
FILLER_55_727,VPWR,li1,340.1700,160.4800,1.798503
FILLER_55_721,VPWR,li1,337.4100,160.4800,1.798645
FILLER_55_712,VPWR,li1,333.5000,160.4800,1.798930
FILLER_55_700,VPWR,li1,330.2800,160.4800,1.799133
FILLER_55_680,VPWR,li1,318.7800,160.4800,1.799239
FILLER_55_667,VPWR,li1,312.8000,160.4800,1.799226
FILLER_55_659,VPWR,li1,310.5000,160.4800,1.799221
FILLER_55_647,VPWR,li1,305.9000,160.4800,1.799211
FILLER_55_635,VPWR,li1,300.3800,160.4800,1.799197
FILLER_55_617,VPWR,li1,290.7200,160.4800,1.799177
FILLER_55_614,VPWR,li1,288.4200,160.4800,1.799173
FILLER_55_556,VPWR,li1,262.2000,160.4800,1.799155
FILLER_55_537,VPWR,li1,253.0000,160.4800,1.799175
FILLER_55_516,VPWR,li1,243.1100,160.4800,1.799205
FILLER_55_473,VPWR,li1,224.9400,160.4800,1.799268
FILLER_55_466,VPWR,li1,220.1100,160.4800,1.799288
FILLER_55_429,VPWR,li1,203.3200,160.4800,1.799373
FILLER_55_417,VPWR,li1,200.1000,160.4800,1.799383
FILLER_55_405,VPWR,li1,194.5800,160.4800,1.799411
FILLER_55_393,VPWR,li1,189.0600,160.4800,1.799457
FILLER_55_388,VPWR,li1,184.9200,160.4800,1.799476
FILLER_55_376,VPWR,li1,181.2400,160.4800,1.799526
FILLER_55_368,VPWR,li1,175.0300,160.4800,1.799611
FILLER_55_362,VPWR,li1,173.4200,160.4800,1.799561
FILLER_55_350,VPWR,li1,169.2800,160.4800,1.799496
FILLER_55_321,VPWR,li1,153.4100,160.4800,1.799315
FILLER_55_317,VPWR,li1,152.2600,160.4800,1.799315
FILLER_55_305,VPWR,li1,148.5800,160.4800,1.799316
FILLER_55_293,VPWR,li1,143.0600,160.4800,1.799328
FILLER_55_281,VPWR,li1,137.5400,160.4800,1.799338
FILLER_55_276,VPWR,li1,133.4000,160.4800,1.799347
FILLER_55_264,VPWR,li1,129.7200,160.4800,1.799352
FILLER_55_249,VPWR,li1,120.9800,160.4800,1.799375
FILLER_55_237,VPWR,li1,117.3000,160.4800,1.799385
FILLER_55_231,VPWR,li1,112.4700,160.4800,1.799394
FILLER_55_221,VPWR,li1,107.8700,160.4800,1.799406
FILLER_55_213,VPWR,li1,105.3400,160.4800,1.799415
FILLER_55_201,VPWR,li1,98.4400,160.4800,1.799434
FILLER_55_185,VPWR,li1,91.5400,160.4800,1.799467
FILLER_55_177,VPWR,li1,87.1700,160.4800,1.799485
FILLER_55_169,VPWR,li1,85.1000,160.4800,1.799501
FILLER_55_165,VPWR,li1,82.1100,160.4800,1.799511
FILLER_55_158,VPWR,li1,78.6600,160.4800,1.799537
FILLER_55_146,VPWR,li1,72.9100,160.4800,1.799563
FILLER_55_135,VPWR,li1,67.8500,160.4800,1.799590
FILLER_55_118,VPWR,li1,60.0300,160.4800,1.799639
FILLER_55_86,VPWR,li1,45.3100,160.4800,1.799733
FILLER_55_82,VPWR,li1,43.4700,160.4800,1.799746
FILLER_55_74,VPWR,li1,41.4000,160.4800,1.799761
FILLER_55_69,VPWR,li1,37.7200,160.4800,1.799800
FILLER_55_50,VPWR,li1,28.7500,160.4800,1.799855
FILLER_55_42,VPWR,li1,26.6800,160.4800,1.799871
FILLER_55_37,VPWR,li1,22.7700,160.4800,1.799914
FILLER_55_29,VPWR,li1,19.3200,160.4800,1.799913
FILLER_55_3,VPWR,li1,7.3600,160.4800,1.799910
FILLER_54_774,VPWR,li1,362.2500,160.4800,1.797653
FILLER_54_728,VPWR,li1,340.8600,160.4800,1.798503
FILLER_54_709,VPWR,li1,333.0400,160.4800,1.798930
FILLER_54_701,VPWR,li1,328.2100,160.4800,1.799264
FILLER_54_694,VPWR,li1,326.1400,160.4800,1.799258
FILLER_54_688,VPWR,li1,322.2300,160.4800,1.799243
FILLER_54_684,VPWR,li1,321.0800,160.4800,1.799243
FILLER_54_672,VPWR,li1,317.4000,160.4800,1.799234
FILLER_54_662,VPWR,li1,310.5000,160.4800,1.799221
FILLER_54_653,VPWR,li1,306.3600,160.4800,1.799211
FILLER_54_645,VPWR,li1,304.0600,160.4800,1.799207
FILLER_54_632,VPWR,li1,299.0000,160.4800,1.799197
FILLER_54_626,VPWR,li1,294.1700,160.4800,1.799186
FILLER_54_614,VPWR,li1,290.7200,160.4800,1.799177
FILLER_54_602,VPWR,li1,285.2000,160.4800,1.799169
FILLER_54_577,VPWR,li1,271.8600,160.4800,1.799149
FILLER_54_552,VPWR,li1,261.2800,160.4800,1.799155
FILLER_54_544,VPWR,li1,255.9900,160.4800,1.799168
FILLER_54_531,VPWR,li1,250.0100,160.4800,1.799181
FILLER_54_523,VPWR,li1,247.9400,160.4800,1.799187
FILLER_54_511,VPWR,li1,243.3400,160.4800,1.799205
FILLER_54_491,VPWR,li1,232.0700,160.4800,1.799245
FILLER_54_474,VPWR,li1,224.0200,160.4800,1.799277
FILLER_54_469,VPWR,li1,221.4900,160.4800,1.799288
FILLER_54_459,VPWR,li1,217.3500,160.4800,1.799300
FILLER_54_451,VPWR,li1,214.8200,160.4800,1.799315
FILLER_54_427,VPWR,li1,202.1700,160.4800,1.799373
FILLER_54_421,VPWR,li1,200.5600,160.4800,1.799383
FILLER_54_416,VPWR,li1,197.8000,160.4800,1.799395
FILLER_54_395,VPWR,li1,187.4500,160.4800,1.799457
FILLER_54_389,VPWR,li1,185.8400,160.4800,1.799476
FILLER_54_362,VPWR,li1,172.5000,160.4800,1.799561
FILLER_54_354,VPWR,li1,170.2000,160.4800,1.799496
FILLER_54_342,VPWR,li1,163.3000,160.4800,1.799403
FILLER_54_330,VPWR,li1,160.0800,160.4800,1.799358
FILLER_54_321,VPWR,li1,154.1000,160.4800,1.799319
FILLER_54_309,VPWR,li1,148.1200,160.4800,1.799316
FILLER_54_307,VPWR,li1,146.9700,160.4800,1.799321
FILLER_54_303,VPWR,li1,145.8200,160.4800,1.799321
FILLER_54_291,VPWR,li1,142.1400,160.4800,1.799328
FILLER_54_279,VPWR,li1,136.6200,160.4800,1.799338
FILLER_54_269,VPWR,li1,129.9500,160.4800,1.799352
FILLER_54_253,VPWR,li1,122.3600,160.4800,1.799369
FILLER_54_244,VPWR,li1,118.2200,160.4800,1.799379
FILLER_54_236,VPWR,li1,115.9200,160.4800,1.799385
FILLER_54_229,VPWR,li1,111.3200,160.4800,1.799399
FILLER_54_221,VPWR,li1,109.0200,160.4800,1.799406
FILLER_54_209,VPWR,li1,104.4200,160.4800,1.799415
FILLER_54_201,VPWR,li1,98.2100,160.4800,1.799434
FILLER_54_197,VPWR,li1,97.0600,160.4800,1.799443
FILLER_54_195,VPWR,li1,95.4500,160.4800,1.799452
FILLER_54_189,VPWR,li1,93.8400,160.4800,1.799452
FILLER_54_185,VPWR,li1,90.8500,160.4800,1.799467
FILLER_54_177,VPWR,li1,88.7800,160.4800,1.799485
FILLER_54_165,VPWR,li1,84.1800,160.4800,1.799501
FILLER_54_153,VPWR,li1,78.6600,160.4800,1.799537
FILLER_54_141,VPWR,li1,73.1400,160.4800,1.799563
FILLER_54_137,VPWR,li1,69.2300,160.4800,1.799577
FILLER_54_129,VPWR,li1,66.7000,160.4800,1.799590
FILLER_54_112,VPWR,li1,57.7300,160.4800,1.799655
FILLER_54_100,VPWR,li1,54.2800,160.4800,1.799669
FILLER_54_88,VPWR,li1,48.7600,160.4800,1.799710
FILLER_54_82,VPWR,li1,43.7000,160.4800,1.799746
FILLER_54_3,VPWR,li1,7.3600,160.4800,1.799910
FILLER_53_807,VPWR,li1,377.6600,155.0400,1.798196
FILLER_53_803,VPWR,li1,375.1300,155.0400,1.798196
FILLER_53_795,VPWR,li1,373.0600,155.0400,1.798196
FILLER_53_785,VPWR,li1,367.0800,155.0400,1.798196
FILLER_53_781,VPWR,li1,365.4700,155.0400,1.798197
FILLER_53_773,VPWR,li1,362.9400,155.0400,1.798197
FILLER_53_761,VPWR,li1,358.3400,155.0400,1.798197
FILLER_53_748,VPWR,li1,350.5200,155.0400,1.798391
FILLER_53_744,VPWR,li1,347.9900,155.0400,1.798460
FILLER_53_719,VPWR,li1,336.7200,155.0400,1.798927
FILLER_53_711,VPWR,li1,332.8100,155.0400,1.799212
FILLER_53_705,VPWR,li1,330.0500,155.0400,1.799353
FILLER_53_697,VPWR,li1,327.9800,155.0400,1.799340
FILLER_53_685,VPWR,li1,323.3800,155.0400,1.799318
FILLER_53_673,VPWR,li1,317.8600,155.0400,1.799300
FILLER_53_669,VPWR,li1,313.9500,155.0400,1.799286
FILLER_53_660,VPWR,li1,309.5800,155.0400,1.799267
FILLER_53_649,VPWR,li1,304.2900,155.0400,1.799251
FILLER_53_645,VPWR,li1,303.1400,155.0400,1.799251
FILLER_53_615,VPWR,li1,288.6500,155.0400,1.799213
FILLER_53_602,VPWR,li1,283.1300,155.0400,1.799196
FILLER_53_590,VPWR,li1,279.6800,155.0400,1.799192
FILLER_53_578,VPWR,li1,274.1600,155.0400,1.799176
FILLER_53_566,VPWR,li1,268.6400,155.0400,1.799166
FILLER_53_561,VPWR,li1,264.0400,155.0400,1.799156
FILLER_53_559,VPWR,li1,262.8900,155.0400,1.799156
FILLER_53_551,VPWR,li1,260.8200,155.0400,1.799153
FILLER_53_539,VPWR,li1,256.2200,155.0400,1.799142
FILLER_53_529,VPWR,li1,250.2400,155.0400,1.799134
FILLER_53_517,VPWR,li1,246.1000,155.0400,1.799129
FILLER_53_505,VPWR,li1,240.5800,155.0400,1.799123
FILLER_53_501,VPWR,li1,236.6700,155.0400,1.799118
FILLER_53_486,VPWR,li1,229.3100,155.0400,1.799111
FILLER_53_467,VPWR,li1,220.8000,155.0400,1.799108
FILLER_53_449,VPWR,li1,212.5200,155.0400,1.799110
FILLER_53_446,VPWR,li1,211.1400,155.0400,1.799111
FILLER_53_438,VPWR,li1,208.8400,155.0400,1.799112
FILLER_53_401,VPWR,li1,190.6700,155.0400,1.799127
FILLER_53_393,VPWR,li1,188.1400,155.0400,1.799129
FILLER_53_390,VPWR,li1,185.3800,155.0400,1.799132
FILLER_53_367,VPWR,li1,174.5700,155.0400,1.799315
FILLER_53_350,VPWR,li1,166.7500,155.0400,1.799068
FILLER_53_341,VPWR,li1,162.6100,155.0400,1.798994
FILLER_53_337,VPWR,li1,161.4600,155.0400,1.798994
FILLER_53_334,VPWR,li1,159.6200,155.0400,1.798965
FILLER_53_326,VPWR,li1,157.3200,155.0400,1.798928
FILLER_53_304,VPWR,li1,146.7400,155.0400,1.798862
FILLER_53_291,VPWR,li1,140.0700,155.0400,1.798870
FILLER_53_264,VPWR,li1,128.3400,155.0400,1.798922
FILLER_53_250,VPWR,li1,121.2100,155.0400,1.798963
FILLER_53_234,VPWR,li1,113.8500,155.0400,1.799006
FILLER_53_219,VPWR,li1,106.4900,155.0400,1.799051
FILLER_53_211,VPWR,li1,104.4200,155.0400,1.799070
FILLER_53_200,VPWR,li1,97.7500,155.0400,1.799109
FILLER_53_194,VPWR,li1,96.1400,155.0400,1.799124
FILLER_53_182,VPWR,li1,92.0000,155.0400,1.799168
FILLER_53_174,VPWR,li1,85.7900,155.0400,1.799222
FILLER_53_164,VPWR,li1,81.8800,155.0400,1.799244
FILLER_53_155,VPWR,li1,77.0500,155.0400,1.799288
FILLER_53_144,VPWR,li1,71.9900,155.0400,1.799335
FILLER_53_140,VPWR,li1,70.8400,155.0400,1.799357
FILLER_53_128,VPWR,li1,67.1600,155.0400,1.799381
FILLER_53_113,VPWR,li1,60.2600,155.0400,1.799447
FILLER_53_108,VPWR,li1,56.1200,155.0400,1.799491
FILLER_53_73,VPWR,li1,39.3300,155.0400,1.799666
FILLER_53_54,VPWR,li1,30.8200,155.0400,1.799762
FILLER_53_42,VPWR,li1,27.6000,155.0400,1.799811
FILLER_53_30,VPWR,li1,19.5500,155.0400,1.799869
FILLER_52_803,VPWR,li1,375.1300,155.0400,1.798196
FILLER_52_791,VPWR,li1,372.1400,155.0400,1.798196
FILLER_52_776,VPWR,li1,365.2400,155.0400,1.798197
FILLER_52_757,VPWR,li1,355.1200,155.0400,1.798273
FILLER_52_755,VPWR,li1,353.0500,155.0400,1.798322
FILLER_52_749,VPWR,li1,351.4400,155.0400,1.798391
FILLER_52_701,VPWR,li1,330.7400,155.0400,1.799353
FILLER_52_688,VPWR,li1,322.4600,155.0400,1.799318
FILLER_52_677,VPWR,li1,317.8600,155.0400,1.799300
FILLER_52_665,VPWR,li1,314.1800,155.0400,1.799286
FILLER_52_649,VPWR,li1,304.2900,155.0400,1.799251
FILLER_52_645,VPWR,li1,303.1400,155.0400,1.799251
FILLER_52_643,VPWR,li1,301.5300,155.0400,1.799244
FILLER_52_639,VPWR,li1,300.3800,155.0400,1.799239
FILLER_52_629,VPWR,li1,295.0900,155.0400,1.799225
FILLER_52_622,VPWR,li1,292.1000,155.0400,1.799218
FILLER_52_606,VPWR,li1,284.7400,155.0400,1.799203
FILLER_52_594,VPWR,li1,281.5200,155.0400,1.799196
FILLER_52_582,VPWR,li1,274.6200,155.0400,1.799181
FILLER_52_568,VPWR,li1,267.7200,155.0400,1.799166
FILLER_52_554,VPWR,li1,261.0500,155.0400,1.799153
FILLER_52_546,VPWR,li1,258.5200,155.0400,1.799149
FILLER_52_539,VPWR,li1,253.6900,155.0400,1.799138
FILLER_52_533,VPWR,li1,252.0800,155.0400,1.799138
FILLER_52_529,VPWR,li1,249.5500,155.0400,1.799134
FILLER_52_521,VPWR,li1,245.4100,155.0400,1.799129
FILLER_52_516,VPWR,li1,243.3400,155.0400,1.799126
FILLER_52_506,VPWR,li1,238.5100,155.0400,1.799120
FILLER_52_499,VPWR,li1,235.5200,155.0400,1.799115
FILLER_52_436,VPWR,li1,207.9200,155.0400,1.799112
FILLER_52_424,VPWR,li1,203.3200,155.0400,1.799115
FILLER_52_419,VPWR,li1,198.4900,155.0400,1.799121
FILLER_52_415,VPWR,li1,197.3400,155.0400,1.799121
FILLER_52_403,VPWR,li1,193.6600,155.0400,1.799125
FILLER_52_391,VPWR,li1,188.1400,155.0400,1.799129
FILLER_52_362,VPWR,li1,172.5000,155.0400,1.799247
FILLER_52_342,VPWR,li1,163.3000,155.0400,1.799023
FILLER_52_309,VPWR,li1,148.1200,155.0400,1.798862
FILLER_52_306,VPWR,li1,146.7400,155.0400,1.798862
FILLER_52_291,VPWR,li1,141.2200,155.0400,1.798870
FILLER_52_285,VPWR,li1,136.8500,155.0400,1.798880
FILLER_52_277,VPWR,li1,133.1700,155.0400,1.798898
FILLER_52_265,VPWR,li1,130.1800,155.0400,1.798912
FILLER_52_253,VPWR,li1,124.6600,155.0400,1.798950
FILLER_52_251,VPWR,li1,121.2100,155.0400,1.798963
FILLER_52_247,VPWR,li1,120.0600,155.0400,1.798974
FILLER_52_237,VPWR,li1,115.2300,155.0400,1.799006
FILLER_52_210,VPWR,li1,103.5000,155.0400,1.799070
FILLER_52_200,VPWR,li1,97.9800,155.0400,1.799109
FILLER_52_181,VPWR,li1,90.6200,155.0400,1.799168
FILLER_52_171,VPWR,li1,85.5600,155.0400,1.799222
FILLER_52_141,VPWR,li1,71.0700,155.0400,1.799357
FILLER_52_139,VPWR,li1,69.6900,155.0400,1.799357
FILLER_52_125,VPWR,li1,63.9400,155.0400,1.799414
FILLER_52_108,VPWR,li1,55.8900,155.0400,1.799491
FILLER_52_94,VPWR,li1,48.9900,155.0400,1.799580
FILLER_52_88,VPWR,li1,47.3800,155.0400,1.799580
FILLER_52_66,VPWR,li1,36.8000,155.0400,1.799712
FILLER_52_48,VPWR,li1,27.8300,155.0400,1.799811
FILLER_52_44,VPWR,li1,26.6800,155.0400,1.799811
FILLER_51_785,VPWR,li1,368.0000,149.6000,1.795894
FILLER_51_783,VPWR,li1,365.9300,149.6000,1.795902
FILLER_51_771,VPWR,li1,362.9400,149.6000,1.795922
FILLER_51_763,VPWR,li1,356.7300,149.6000,1.796066
FILLER_51_757,VPWR,li1,353.9700,149.6000,1.796208
FILLER_51_753,VPWR,li1,352.8200,149.6000,1.796351
FILLER_51_741,VPWR,li1,349.1400,149.6000,1.796730
FILLER_51_725,VPWR,li1,339.7100,149.6000,1.797680
FILLER_51_713,VPWR,li1,336.2600,149.6000,1.798060
FILLER_51_703,VPWR,li1,330.2800,149.6000,1.798734
FILLER_51_688,VPWR,li1,323.8400,149.6000,1.798669
FILLER_51_673,VPWR,li1,315.7900,149.6000,1.798585
FILLER_51_669,VPWR,li1,313.9500,149.6000,1.798568
FILLER_51_661,VPWR,li1,311.4200,149.6000,1.798545
FILLER_51_641,VPWR,li1,301.7600,149.6000,1.798451
FILLER_51_629,VPWR,li1,297.6200,149.6000,1.798420
FILLER_51_617,VPWR,li1,292.1000,149.6000,1.798370
FILLER_51_612,VPWR,li1,287.9600,149.6000,1.798320
FILLER_51_600,VPWR,li1,284.2800,149.6000,1.798285
FILLER_51_587,VPWR,li1,276.0000,149.6000,1.798224
FILLER_51_557,VPWR,li1,262.4300,149.6000,1.798105
FILLER_51_535,VPWR,li1,252.3100,149.6000,1.798021
FILLER_51_525,VPWR,li1,247.9400,149.6000,1.797983
FILLER_51_515,VPWR,li1,242.8800,149.6000,1.797949
FILLER_51_479,VPWR,li1,226.0900,149.6000,1.797821
FILLER_51_467,VPWR,li1,223.1000,149.6000,1.797808
FILLER_51_455,VPWR,li1,217.5800,149.6000,1.797767
FILLER_51_446,VPWR,li1,211.1400,149.6000,1.797737
FILLER_51_436,VPWR,li1,207.0000,149.6000,1.797702
FILLER_51_407,VPWR,li1,194.1200,149.6000,1.797657
FILLER_51_393,VPWR,li1,186.7600,149.6000,1.797788
FILLER_51_391,VPWR,li1,185.6100,149.6000,1.797859
FILLER_51_365,VPWR,li1,174.3400,149.6000,1.798485
FILLER_51_353,VPWR,li1,168.3600,149.6000,1.798331
FILLER_51_305,VPWR,li1,147.2000,149.6000,1.798069
FILLER_51_301,VPWR,li1,144.2100,149.6000,1.798083
FILLER_51_293,VPWR,li1,142.1400,149.6000,1.798103
FILLER_51_281,VPWR,li1,137.5400,149.6000,1.798143
FILLER_51_274,VPWR,li1,132.9400,149.6000,1.798184
FILLER_51_265,VPWR,li1,127.8800,149.6000,1.798233
FILLER_51_248,VPWR,li1,120.5200,149.6000,1.798337
FILLER_51_233,VPWR,li1,115.4600,149.6000,1.798384
FILLER_51_223,VPWR,li1,108.3300,149.6000,1.798481
FILLER_51_211,VPWR,li1,105.3400,149.6000,1.798534
FILLER_51_199,VPWR,li1,99.8200,149.6000,1.798609
FILLER_51_181,VPWR,li1,89.7000,149.6000,1.798746
FILLER_51_169,VPWR,li1,86.0200,149.6000,1.798788
FILLER_51_166,VPWR,li1,82.3400,149.6000,1.798856
FILLER_51_150,VPWR,li1,74.7500,149.6000,1.798948
FILLER_51_118,VPWR,li1,60.0300,149.6000,1.799168
FILLER_51_113,VPWR,li1,57.7300,149.6000,1.799205
FILLER_51_106,VPWR,li1,54.5100,149.6000,1.799281
FILLER_51_100,VPWR,li1,52.9000,149.6000,1.799281
FILLER_51_88,VPWR,li1,46.4600,149.6000,1.799386
FILLER_51_81,VPWR,li1,43.4700,149.6000,1.799430
FILLER_51_73,VPWR,li1,40.9400,149.6000,1.799471
FILLER_51_46,VPWR,li1,27.1400,149.6000,1.799700
FILLER_51_7,VPWR,li1,8.9700,149.6000,1.799814
FILLER_50_810,VPWR,li1,378.3500,149.6000,1.795871
FILLER_50_803,VPWR,li1,375.1300,149.6000,1.795871
FILLER_50_791,VPWR,li1,372.1400,149.6000,1.795878
FILLER_50_777,VPWR,li1,363.1700,149.6000,1.795922
FILLER_50_748,VPWR,li1,349.8300,149.6000,1.796530
FILLER_50_740,VPWR,li1,347.7600,149.6000,1.796730
FILLER_50_732,VPWR,li1,342.9300,149.6000,1.797212
FILLER_50_718,VPWR,li1,336.7200,149.6000,1.798060
FILLER_50_704,VPWR,li1,330.7400,149.6000,1.798734
FILLER_50_698,VPWR,li1,327.0600,149.6000,1.798703
FILLER_50_686,VPWR,li1,323.8400,149.6000,1.798669
FILLER_50_667,VPWR,li1,312.8000,149.6000,1.798545
FILLER_50_655,VPWR,li1,309.5800,149.6000,1.798513
FILLER_50_645,VPWR,li1,302.9100,149.6000,1.798467
FILLER_50_641,VPWR,li1,301.0700,149.6000,1.798451
FILLER_50_629,VPWR,li1,297.6200,149.6000,1.798420
FILLER_50_617,VPWR,li1,292.1000,149.6000,1.798370
FILLER_50_605,VPWR,li1,286.5800,149.6000,1.798320
FILLER_50_597,VPWR,li1,280.8300,149.6000,1.798268
FILLER_50_589,VPWR,li1,278.3000,149.6000,1.798245
FILLER_50_582,VPWR,li1,274.6200,149.6000,1.798202
FILLER_50_578,VPWR,li1,271.6300,149.6000,1.798185
FILLER_50_570,VPWR,li1,267.9500,149.6000,1.798153
FILLER_50_543,VPWR,li1,255.9900,149.6000,1.798038
FILLER_50_525,VPWR,li1,247.4800,149.6000,1.797983
FILLER_50_506,VPWR,li1,241.0400,149.6000,1.797929
FILLER_50_491,VPWR,li1,232.7600,149.6000,1.797876
FILLER_50_477,VPWR,li1,225.6300,149.6000,1.797821
FILLER_50_474,VPWR,li1,224.0200,149.6000,1.797808
FILLER_50_462,VPWR,li1,219.8800,149.6000,1.797791
FILLER_50_457,VPWR,li1,215.9700,149.6000,1.797767
FILLER_50_451,VPWR,li1,214.3600,149.6000,1.797751
FILLER_50_442,VPWR,li1,209.0700,149.6000,1.797724
FILLER_50_429,VPWR,li1,203.0900,149.6000,1.797689
FILLER_50_421,VPWR,li1,201.0200,149.6000,1.797672
FILLER_50_418,VPWR,li1,198.2600,149.6000,1.797667
FILLER_50_410,VPWR,li1,195.9600,149.6000,1.797662
FILLER_50_377,VPWR,li1,179.8600,149.6000,1.798152
FILLER_50_365,VPWR,li1,176.1800,149.6000,1.798562
FILLER_50_361,VPWR,li1,172.2700,149.6000,1.798415
FILLER_50_352,VPWR,li1,167.6700,149.6000,1.798268
FILLER_50_340,VPWR,li1,163.7600,149.6000,1.798183
FILLER_50_335,VPWR,li1,159.8500,149.6000,1.798138
FILLER_50_309,VPWR,li1,149.0400,149.6000,1.798061
FILLER_50_295,VPWR,li1,141.9100,149.6000,1.798103
FILLER_50_287,VPWR,li1,139.3800,149.6000,1.798126
FILLER_50_275,VPWR,li1,134.7800,149.6000,1.798168
FILLER_50_261,VPWR,li1,125.8100,149.6000,1.798251
FILLER_50_253,VPWR,li1,123.7400,149.6000,1.798281
FILLER_50_251,VPWR,li1,121.2100,149.6000,1.798306
FILLER_50_245,VPWR,li1,119.6000,149.6000,1.798337
FILLER_50_233,VPWR,li1,115.4600,149.6000,1.798384
FILLER_50_221,VPWR,li1,109.9400,149.6000,1.798481
FILLER_50_209,VPWR,li1,104.4200,149.6000,1.798534
FILLER_50_197,VPWR,li1,98.9000,149.6000,1.798609
FILLER_50_193,VPWR,li1,94.9900,149.6000,1.798662
FILLER_50_185,VPWR,li1,92.4600,149.6000,1.798713
FILLER_50_174,VPWR,li1,86.4800,149.6000,1.798788
FILLER_50_162,VPWR,li1,82.8000,149.6000,1.798856
FILLER_50_152,VPWR,li1,75.9000,149.6000,1.798948
FILLER_50_145,VPWR,li1,72.9100,149.6000,1.798975
FILLER_50_139,VPWR,li1,69.6900,149.6000,1.799022
FILLER_50_122,VPWR,li1,61.8700,149.6000,1.799139
FILLER_50_110,VPWR,li1,58.8800,149.6000,1.799205
FILLER_50_98,VPWR,li1,53.3600,149.6000,1.799281
FILLER_50_82,VPWR,li1,43.7000,149.6000,1.799430
FILLER_50_47,VPWR,li1,27.6000,149.6000,1.799700
FILLER_50_29,VPWR,li1,19.0900,149.6000,1.799818
FILLER_49_799,VPWR,li1,374.9000,144.1600,1.798293
FILLER_49_791,VPWR,li1,370.0700,144.1600,1.798295
FILLER_49_785,VPWR,li1,367.3100,144.1600,1.798297
FILLER_49_778,VPWR,li1,364.0900,144.1600,1.798299
FILLER_49_770,VPWR,li1,360.1800,144.1600,1.798303
FILLER_49_762,VPWR,li1,357.8800,144.1600,1.798306
FILLER_49_739,VPWR,li1,346.8400,144.1600,1.798477
FILLER_49_725,VPWR,li1,339.7100,144.1600,1.798795
FILLER_49_706,VPWR,li1,330.9700,144.1600,1.799186
FILLER_49_694,VPWR,li1,327.5200,144.1600,1.799255
FILLER_49_685,VPWR,li1,321.0800,144.1600,1.799175
FILLER_49_673,VPWR,li1,317.8600,144.1600,1.799150
FILLER_49_668,VPWR,li1,313.7200,144.1600,1.799106
FILLER_49_657,VPWR,li1,308.6600,144.1600,1.799051
FILLER_49_645,VPWR,li1,304.9800,144.1600,1.799012
FILLER_49_638,VPWR,li1,299.2300,144.1600,1.798959
FILLER_49_634,VPWR,li1,298.0800,144.1600,1.798941
FILLER_49_617,VPWR,li1,289.8000,144.1600,1.798870
FILLER_49_615,VPWR,li1,288.6500,144.1600,1.798848
FILLER_49_598,VPWR,li1,280.8300,144.1600,1.798788
FILLER_49_590,VPWR,li1,278.7600,144.1600,1.798768
FILLER_49_578,VPWR,li1,274.1600,144.1600,1.798727
FILLER_49_566,VPWR,li1,268.6400,144.1600,1.798689
FILLER_49_558,VPWR,li1,262.6600,144.1600,1.798646
FILLER_49_551,VPWR,li1,259.2100,144.1600,1.798610
FILLER_49_545,VPWR,li1,257.6000,144.1600,1.798610
FILLER_49_535,VPWR,li1,252.0800,144.1600,1.798572
FILLER_49_521,VPWR,li1,245.4100,144.1600,1.798528
FILLER_49_517,VPWR,li1,244.2600,144.1600,1.798510
FILLER_49_513,VPWR,li1,241.7300,144.1600,1.798496
FILLER_49_505,VPWR,li1,239.6600,144.1600,1.798483
FILLER_49_503,VPWR,li1,237.1300,144.1600,1.798470
FILLER_49_499,VPWR,li1,235.9800,144.1600,1.798458
FILLER_49_487,VPWR,li1,232.3000,144.1600,1.798435
FILLER_49_473,VPWR,li1,223.7900,144.1600,1.798390
FILLER_49_421,VPWR,li1,199.4100,144.1600,1.798258
FILLER_49_409,VPWR,li1,196.4200,144.1600,1.798241
FILLER_49_393,VPWR,li1,187.2200,144.1600,1.798305
FILLER_49_371,VPWR,li1,176.6400,144.1600,1.798966
FILLER_49_359,VPWR,li1,173.4200,144.1600,1.798915
FILLER_49_349,VPWR,li1,166.9800,144.1600,1.798792
FILLER_49_337,VPWR,li1,163.3000,144.1600,1.798750
FILLER_49_335,VPWR,li1,159.8500,144.1600,1.798672
FILLER_49_331,VPWR,li1,158.7000,144.1600,1.798672
FILLER_49_321,VPWR,li1,153.8700,144.1600,1.798595
FILLER_49_309,VPWR,li1,150.4200,144.1600,1.798573
FILLER_49_293,VPWR,li1,140.9900,144.1600,1.798537
FILLER_49_281,VPWR,li1,137.5400,144.1600,1.798541
FILLER_49_268,VPWR,li1,131.5600,144.1600,1.798560
FILLER_49_261,VPWR,li1,126.5000,144.1600,1.798578
FILLER_49_251,VPWR,li1,121.6700,144.1600,1.798596
FILLER_49_245,VPWR,li1,118.6800,144.1600,1.798608
FILLER_49_233,VPWR,li1,115.4600,144.1600,1.798621
FILLER_49_216,VPWR,li1,105.1100,144.1600,1.798665
FILLER_49_199,VPWR,li1,97.7500,144.1600,1.798723
FILLER_49_189,VPWR,li1,93.1500,144.1600,1.798777
FILLER_49_181,VPWR,li1,90.6200,144.1600,1.798801
FILLER_49_150,VPWR,li1,74.9800,144.1600,1.798981
FILLER_49_128,VPWR,li1,64.6300,144.1600,1.799118
FILLER_49_120,VPWR,li1,62.5600,144.1600,1.799149
FILLER_49_111,VPWR,li1,56.8100,144.1600,1.799254
FILLER_49_107,VPWR,li1,55.6600,144.1600,1.799254
FILLER_49_95,VPWR,li1,51.9800,144.1600,1.799326
FILLER_49_76,VPWR,li1,40.7100,144.1600,1.799515
FILLER_49_72,VPWR,li1,39.5600,144.1600,1.799515
FILLER_49_50,VPWR,li1,28.7500,144.1600,1.799713
FILLER_49_41,VPWR,li1,25.0700,144.1600,1.799748
FILLER_48_776,VPWR,li1,365.2400,144.1600,1.798299
FILLER_48_757,VPWR,li1,356.5000,144.1600,1.798310
FILLER_48_753,VPWR,li1,352.5900,144.1600,1.798337
FILLER_48_747,VPWR,li1,349.3700,144.1600,1.798384
FILLER_48_743,VPWR,li1,348.2200,144.1600,1.798477
FILLER_48_731,VPWR,li1,344.5400,144.1600,1.798614
FILLER_48_719,VPWR,li1,336.7200,144.1600,1.798889
FILLER_48_711,VPWR,li1,334.4200,144.1600,1.799062
FILLER_48_696,VPWR,li1,326.6000,144.1600,1.799255
FILLER_48_688,VPWR,li1,322.4600,144.1600,1.799199
FILLER_48_680,VPWR,li1,320.1600,144.1600,1.799175
FILLER_48_668,VPWR,li1,315.5600,144.1600,1.799126
FILLER_48_624,VPWR,li1,292.7900,144.1600,1.798891
FILLER_48_614,VPWR,li1,288.6500,144.1600,1.798848
FILLER_48_593,VPWR,li1,278.5300,144.1600,1.798768
FILLER_48_589,VPWR,li1,277.3800,144.1600,1.798744
FILLER_48_587,VPWR,li1,275.7700,144.1600,1.798744
FILLER_48_579,VPWR,li1,272.0900,144.1600,1.798714
FILLER_48_567,VPWR,li1,269.1000,144.1600,1.798689
FILLER_48_558,VPWR,li1,263.1200,144.1600,1.798646
FILLER_48_545,VPWR,li1,258.0600,144.1600,1.798610
FILLER_48_533,VPWR,li1,253.4600,144.1600,1.798572
FILLER_48_531,VPWR,li1,250.0100,144.1600,1.798558
FILLER_48_519,VPWR,li1,247.0200,144.1600,1.798528
FILLER_48_500,VPWR,li1,236.4400,144.1600,1.798470
FILLER_48_484,VPWR,li1,230.9200,144.1600,1.798435
FILLER_48_472,VPWR,li1,223.5600,144.1600,1.798390
FILLER_48_450,VPWR,li1,213.9000,144.1600,1.798337
FILLER_48_432,VPWR,li1,204.4700,144.1600,1.798289
FILLER_48_424,VPWR,li1,202.4000,144.1600,1.798278
FILLER_48_418,VPWR,li1,198.2600,144.1600,1.798258
FILLER_48_406,VPWR,li1,195.0400,144.1600,1.798241
FILLER_48_394,VPWR,li1,189.5200,144.1600,1.798230
FILLER_48_377,VPWR,li1,179.8600,144.1600,1.798708
FILLER_48_365,VPWR,li1,176.1800,144.1600,1.798966
FILLER_48_363,VPWR,li1,172.7300,144.1600,1.798915
FILLER_48_343,VPWR,li1,164.2200,144.1600,1.798750
FILLER_48_331,VPWR,li1,160.5400,144.1600,1.798703
FILLER_48_320,VPWR,li1,152.9500,144.1600,1.798595
FILLER_48_316,VPWR,li1,151.8000,144.1600,1.798573
FILLER_48_306,VPWR,li1,146.7400,144.1600,1.798540
FILLER_48_299,VPWR,li1,143.5200,144.1600,1.798537
FILLER_48_276,VPWR,li1,132.9400,144.1600,1.798560
FILLER_48_264,VPWR,li1,129.7200,144.1600,1.798566
FILLER_48_253,VPWR,li1,122.1300,144.1600,1.798596
FILLER_48_228,VPWR,li1,111.3200,144.1600,1.798640
FILLER_48_205,VPWR,li1,101.2000,144.1600,1.798700
FILLER_48_192,VPWR,li1,94.7600,144.1600,1.798755
FILLER_48_175,VPWR,li1,88.7800,144.1600,1.798829
FILLER_48_141,VPWR,li1,72.2200,144.1600,1.799021
FILLER_48_137,VPWR,li1,69.2300,144.1600,1.799053
FILLER_48_131,VPWR,li1,66.0100,144.1600,1.799118
FILLER_48_123,VPWR,li1,63.9400,144.1600,1.799149
FILLER_48_101,VPWR,li1,52.9000,144.1600,1.799297
FILLER_48_81,VPWR,li1,43.4700,144.1600,1.799471
FILLER_48_76,VPWR,li1,40.7100,144.1600,1.799515
FILLER_48_70,VPWR,li1,39.1000,144.1600,1.799515
FILLER_48_62,VPWR,li1,34.2700,144.1600,1.799621
FILLER_48_56,VPWR,li1,32.6600,144.1600,1.799621
FILLER_48_47,VPWR,li1,27.3700,144.1600,1.799713
FILLER_48_41,VPWR,li1,25.7600,144.1600,1.799748
FILLER_47_793,VPWR,li1,370.5300,138.7200,1.798860
FILLER_47_785,VPWR,li1,368.4600,138.7200,1.798861
FILLER_47_782,VPWR,li1,365.7000,138.7200,1.798863
FILLER_47_762,VPWR,li1,356.5000,138.7200,1.798867
FILLER_47_750,VPWR,li1,353.2800,138.7200,1.798870
FILLER_47_737,VPWR,li1,345.0000,138.7200,1.798936
FILLER_47_729,VPWR,li1,342.7000,138.7200,1.798972
FILLER_47_726,VPWR,li1,339.9400,138.7200,1.799033
FILLER_47_718,VPWR,li1,337.6400,138.7200,1.799119
FILLER_47_706,VPWR,li1,333.0400,138.7200,1.799262
FILLER_47_685,VPWR,li1,322.4600,138.7200,1.799393
FILLER_47_673,VPWR,li1,317.8600,138.7200,1.799337
FILLER_47_660,VPWR,li1,311.8800,138.7200,1.799276
FILLER_47_656,VPWR,li1,307.5100,138.7200,1.799239
FILLER_47_652,VPWR,li1,306.3600,138.7200,1.799239
FILLER_47_635,VPWR,li1,297.8500,138.7200,1.799162
FILLER_47_627,VPWR,li1,295.7800,138.7200,1.799136
FILLER_47_617,VPWR,li1,290.2600,138.7200,1.799095
FILLER_47_614,VPWR,li1,288.4200,138.7200,1.799079
FILLER_47_606,VPWR,li1,286.1200,138.7200,1.799059
FILLER_47_593,VPWR,li1,280.1400,138.7200,1.798994
FILLER_47_567,VPWR,li1,267.2600,138.7200,1.798961
FILLER_47_559,VPWR,li1,262.8900,138.7200,1.798963
FILLER_47_555,VPWR,li1,261.7400,138.7200,1.798963
FILLER_47_531,VPWR,li1,251.1600,138.7200,1.798979
FILLER_47_523,VPWR,li1,246.5600,138.7200,1.798988
FILLER_47_515,VPWR,li1,244.2600,138.7200,1.798993
FILLER_47_501,VPWR,li1,236.6700,138.7200,1.799016
FILLER_47_466,VPWR,li1,222.6400,138.7200,1.799064
FILLER_47_458,VPWR,li1,216.6600,138.7200,1.799080
FILLER_47_449,VPWR,li1,212.7500,138.7200,1.799098
FILLER_47_442,VPWR,li1,210.2200,138.7200,1.799106
FILLER_47_437,VPWR,li1,207.0000,138.7200,1.799119
FILLER_47_429,VPWR,li1,204.7000,138.7200,1.799136
FILLER_47_405,VPWR,li1,192.7400,138.7200,1.799210
FILLER_47_393,VPWR,li1,189.0600,138.7200,1.799234
FILLER_47_391,VPWR,li1,185.6100,138.7200,1.799271
FILLER_47_374,VPWR,li1,177.7900,138.7200,1.799462
FILLER_47_370,VPWR,li1,176.6400,138.7200,1.799462
FILLER_47_335,VPWR,li1,159.8500,138.7200,1.799406
FILLER_47_331,VPWR,li1,158.7000,138.7200,1.799391
FILLER_47_321,VPWR,li1,153.4100,138.7200,1.799366
FILLER_47_317,VPWR,li1,152.2600,138.7200,1.799366
FILLER_47_288,VPWR,li1,140.7600,138.7200,1.799374
FILLER_47_281,VPWR,li1,135.0100,138.7200,1.799392
FILLER_47_279,VPWR,li1,134.0900,138.7200,1.799392
FILLER_47_275,VPWR,li1,132.9400,138.7200,1.799400
FILLER_47_263,VPWR,li1,129.2600,138.7200,1.799415
FILLER_47_251,VPWR,li1,123.7400,138.7200,1.799431
FILLER_47_245,VPWR,li1,118.4500,138.7200,1.799450
FILLER_47_240,VPWR,li1,116.1500,138.7200,1.799459
FILLER_47_233,VPWR,li1,113.1600,138.7200,1.799471
FILLER_47_225,VPWR,li1,110.8600,138.7200,1.799480
FILLER_47_223,VPWR,li1,108.3300,138.7200,1.799490
FILLER_47_217,VPWR,li1,106.7200,138.7200,1.799498
FILLER_47_200,VPWR,li1,98.2100,138.7200,1.799530
FILLER_47_192,VPWR,li1,95.6800,138.7200,1.799541
FILLER_47_180,VPWR,li1,88.5500,138.7200,1.799570
FILLER_47_165,VPWR,li1,82.1100,138.7200,1.799600
FILLER_47_138,VPWR,li1,71.7600,138.7200,1.799659
FILLER_47_130,VPWR,li1,66.0100,138.7200,1.799684
FILLER_47_122,VPWR,li1,63.4800,138.7200,1.799693
FILLER_47_111,VPWR,li1,56.8100,138.7200,1.799734
FILLER_47_96,VPWR,li1,51.0600,138.7200,1.799762
FILLER_47_72,VPWR,li1,38.8700,138.7200,1.799830
FILLER_47_46,VPWR,li1,28.0600,138.7200,1.799887
FILLER_47_38,VPWR,li1,23.6900,138.7200,1.799914
FILLER_47_34,VPWR,li1,21.3900,138.7200,1.799928
FILLER_47_3,VPWR,li1,7.3600,138.7200,1.799921
FILLER_46_795,VPWR,li1,372.6000,138.7200,1.798859
FILLER_46_783,VPWR,li1,368.4600,138.7200,1.798861
FILLER_46_775,VPWR,li1,362.9400,138.7200,1.798864
FILLER_46_764,VPWR,li1,358.3400,138.7200,1.798866
FILLER_46_757,VPWR,li1,354.6600,138.7200,1.798868
FILLER_46_754,VPWR,li1,352.8200,138.7200,1.798870
FILLER_46_746,VPWR,li1,350.5200,138.7200,1.798872
FILLER_46_739,VPWR,li1,345.6900,138.7200,1.798936
FILLER_46_735,VPWR,li1,344.5400,138.7200,1.798936
FILLER_46_724,VPWR,li1,338.7900,138.7200,1.799119
FILLER_46_713,VPWR,li1,333.7300,138.7200,1.799262
FILLER_46_692,VPWR,li1,325.6800,138.7200,1.799432
FILLER_46_673,VPWR,li1,315.3300,138.7200,1.799310
FILLER_46_669,VPWR,li1,314.1800,138.7200,1.799310
FILLER_46_657,VPWR,li1,310.5000,138.7200,1.799276
FILLER_46_645,VPWR,li1,304.9800,138.7200,1.799215
FILLER_46_635,VPWR,li1,298.5400,138.7200,1.799162
FILLER_46_623,VPWR,li1,294.8600,138.7200,1.799136
FILLER_46_611,VPWR,li1,289.3400,138.7200,1.799079
FILLER_46_599,VPWR,li1,283.8200,138.7200,1.799033
FILLER_46_571,VPWR,li1,268.8700,138.7200,1.798961
FILLER_46_559,VPWR,li1,262.8900,138.7200,1.798963
FILLER_46_552,VPWR,li1,259.6700,138.7200,1.798964
FILLER_46_540,VPWR,li1,256.6800,138.7200,1.798967
FILLER_46_531,VPWR,li1,250.0100,138.7200,1.798983
FILLER_46_519,VPWR,li1,244.4900,138.7200,1.798993
FILLER_46_509,VPWR,li1,240.3500,138.7200,1.799006
FILLER_46_475,VPWR,li1,224.2500,138.7200,1.799057
FILLER_46_449,VPWR,li1,212.2900,138.7200,1.799098
FILLER_46_445,VPWR,li1,211.1400,138.7200,1.799106
FILLER_46_433,VPWR,li1,207.4600,138.7200,1.799119
FILLER_46_429,VPWR,li1,203.0900,138.7200,1.799136
FILLER_46_421,VPWR,li1,201.0200,138.7200,1.799144
FILLER_46_419,VPWR,li1,198.4900,138.7200,1.799156
FILLER_46_411,VPWR,li1,196.4200,138.7200,1.799171
FILLER_46_399,VPWR,li1,191.8200,138.7200,1.799210
FILLER_46_387,VPWR,li1,186.3000,138.7200,1.799271
FILLER_46_379,VPWR,li1,180.0900,138.7200,1.799338
FILLER_46_371,VPWR,li1,178.0200,138.7200,1.799462
FILLER_46_362,VPWR,li1,172.5000,138.7200,1.799514
FILLER_46_351,VPWR,li1,167.9000,138.7200,1.799473
FILLER_46_329,VPWR,li1,157.3200,138.7200,1.799391
FILLER_46_321,VPWR,li1,155.0200,138.7200,1.799374
FILLER_46_309,VPWR,li1,150.4200,138.7200,1.799358
FILLER_46_305,VPWR,li1,146.5100,138.7200,1.799358
FILLER_46_297,VPWR,li1,143.9800,138.7200,1.799358
FILLER_46_285,VPWR,li1,139.3800,138.7200,1.799374
FILLER_46_272,VPWR,li1,132.0200,138.7200,1.799400
FILLER_46_260,VPWR,li1,127.8800,138.7200,1.799415
FILLER_46_249,VPWR,li1,120.7500,138.7200,1.799442
FILLER_46_239,VPWR,li1,116.1500,138.7200,1.799459
FILLER_46_231,VPWR,li1,113.6200,138.7200,1.799471
FILLER_46_222,VPWR,li1,107.8700,138.7200,1.799498
FILLER_46_216,VPWR,li1,106.2600,138.7200,1.799498
FILLER_46_204,VPWR,li1,102.1200,138.7200,1.799515
FILLER_46_197,VPWR,li1,97.0600,138.7200,1.799541
FILLER_46_188,VPWR,li1,93.8400,138.7200,1.799553
FILLER_46_170,VPWR,li1,86.4800,138.7200,1.799583
FILLER_46_127,VPWR,li1,65.3200,138.7200,1.799684
FILLER_46_115,VPWR,li1,61.1800,138.7200,1.799706
FILLER_46_103,VPWR,li1,55.6600,138.7200,1.799734
FILLER_46_91,VPWR,li1,50.1400,138.7200,1.799762
FILLER_46_85,VPWR,li1,44.8500,138.7200,1.799792
FILLER_46_83,VPWR,li1,43.9300,138.7200,1.799802
FILLER_46_79,VPWR,li1,42.7800,138.7200,1.799802
FILLER_46_67,VPWR,li1,39.1000,138.7200,1.799830
FILLER_46_60,VPWR,li1,33.3500,138.7200,1.799862
FILLER_46_56,VPWR,li1,32.2000,138.7200,1.799862
FILLER_46_45,VPWR,li1,26.4500,138.7200,1.799903
FILLER_46_29,VPWR,li1,19.3200,138.7200,1.799927
FILLER_45_795,VPWR,li1,372.6000,133.2800,1.799766
FILLER_45_789,VPWR,li1,368.9200,133.2800,1.799767
FILLER_45_782,VPWR,li1,365.7000,133.2800,1.799770
FILLER_45_771,VPWR,li1,360.6400,133.2800,1.799773
FILLER_45_758,VPWR,li1,354.8900,133.2800,1.799778
FILLER_45_750,VPWR,li1,352.3600,133.2800,1.799783
FILLER_45_735,VPWR,li1,343.8500,133.2800,1.799803
FILLER_45_729,VPWR,li1,342.2400,133.2800,1.799803
FILLER_45_727,VPWR,li1,340.1700,133.2800,1.799809
FILLER_45_721,VPWR,li1,337.4100,133.2800,1.799815
FILLER_45_713,VPWR,li1,335.3400,133.2800,1.799831
FILLER_45_702,VPWR,li1,328.6700,133.2800,1.799860
FILLER_45_696,VPWR,li1,327.0600,133.2800,1.799860
FILLER_45_684,VPWR,li1,322.9200,133.2800,1.799848
FILLER_45_677,VPWR,li1,317.1700,133.2800,1.799830
FILLER_45_673,VPWR,li1,316.0200,133.2800,1.799830
FILLER_45_671,VPWR,li1,314.4100,133.2800,1.799825
FILLER_45_659,VPWR,li1,311.4200,133.2800,1.799819
FILLER_45_647,VPWR,li1,305.9000,133.2800,1.799810
FILLER_45_630,VPWR,li1,296.0100,133.2800,1.799799
FILLER_45_614,VPWR,li1,288.4200,133.2800,1.799793
FILLER_45_606,VPWR,li1,286.1200,133.2800,1.799792
FILLER_45_593,VPWR,li1,279.6800,133.2800,1.799790
FILLER_45_581,VPWR,li1,275.5400,133.2800,1.799790
FILLER_45_569,VPWR,li1,270.0200,133.2800,1.799790
FILLER_45_565,VPWR,li1,265.6500,133.2800,1.799791
FILLER_45_559,VPWR,li1,262.8900,133.2800,1.799791
FILLER_45_535,VPWR,li1,254.3800,133.2800,1.799796
FILLER_45_526,VPWR,li1,247.9400,133.2800,1.799800
FILLER_45_518,VPWR,li1,245.6400,133.2800,1.799802
FILLER_45_513,VPWR,li1,241.9600,133.2800,1.799804
FILLER_45_505,VPWR,li1,239.6600,133.2800,1.799805
FILLER_45_503,VPWR,li1,237.1300,133.2800,1.799809
FILLER_45_497,VPWR,li1,235.5200,133.2800,1.799809
FILLER_45_481,VPWR,li1,227.2400,133.2800,1.799816
FILLER_45_449,VPWR,li1,212.9800,133.2800,1.799837
FILLER_45_444,VPWR,li1,210.6800,133.2800,1.799840
FILLER_45_421,VPWR,li1,199.4100,133.2800,1.799863
FILLER_45_417,VPWR,li1,198.2600,133.2800,1.799863
FILLER_45_405,VPWR,li1,194.5800,133.2800,1.799870
FILLER_45_393,VPWR,li1,189.0600,133.2800,1.799882
FILLER_45_391,VPWR,li1,185.6100,133.2800,1.799891
FILLER_45_387,VPWR,li1,184.4600,133.2800,1.799891
FILLER_45_375,VPWR,li1,180.7800,133.2800,1.799900
FILLER_45_359,VPWR,li1,171.5800,133.2800,1.799881
FILLER_45_347,VPWR,li1,167.9000,133.2800,1.799850
FILLER_45_326,VPWR,li1,156.1700,133.2800,1.799777
FILLER_45_318,VPWR,li1,153.6400,133.2800,1.799765
FILLER_45_306,VPWR,li1,149.0400,133.2800,1.799740
FILLER_45_289,VPWR,li1,139.3800,133.2800,1.799718
FILLER_45_276,VPWR,li1,133.4000,133.2800,1.799715
FILLER_45_268,VPWR,li1,129.0300,133.2800,1.799714
FILLER_45_260,VPWR,li1,125.3500,133.2800,1.799716
FILLER_45_254,VPWR,li1,123.7400,133.2800,1.799716
FILLER_45_248,VPWR,li1,119.8300,133.2800,1.799719
FILLER_45_238,VPWR,li1,115.6900,133.2800,1.799723
FILLER_45_213,VPWR,li1,103.7300,133.2800,1.799738
FILLER_45_190,VPWR,li1,93.6100,133.2800,1.799752
FILLER_45_186,VPWR,li1,91.3100,133.2800,1.799756
FILLER_45_174,VPWR,li1,87.4000,133.2800,1.799761
FILLER_45_165,VPWR,li1,82.1100,133.2800,1.799775
FILLER_45_153,VPWR,li1,78.6600,133.2800,1.799781
FILLER_45_141,VPWR,li1,73.1400,133.2800,1.799797
FILLER_45_125,VPWR,li1,63.4800,133.2800,1.799819
FILLER_45_117,VPWR,li1,61.1800,133.2800,1.799825
FILLER_45_110,VPWR,li1,56.5800,133.2800,1.799842
FILLER_45_103,VPWR,li1,53.1300,133.2800,1.799847
FILLER_45_95,VPWR,li1,51.0600,133.2800,1.799853
FILLER_45_77,VPWR,li1,41.4000,133.2800,1.799883
FILLER_45_69,VPWR,li1,39.1000,133.2800,1.799892
FILLER_45_57,VPWR,li1,34.5000,133.2800,1.799912
FILLER_45_55,VPWR,li1,31.0500,133.2800,1.799919
FILLER_45_44,VPWR,li1,26.2200,133.2800,1.799936
FILLER_44_807,VPWR,li1,376.9700,133.2800,1.799765
FILLER_44_803,VPWR,li1,375.8200,133.2800,1.799765
FILLER_44_769,VPWR,li1,359.9500,133.2800,1.799775
FILLER_44_764,VPWR,li1,357.4200,133.2800,1.799777
FILLER_44_749,VPWR,li1,350.2900,133.2800,1.799788
FILLER_44_743,VPWR,li1,348.6800,133.2800,1.799788
FILLER_44_739,VPWR,li1,345.6900,133.2800,1.799799
FILLER_44_733,VPWR,li1,344.0800,133.2800,1.799799
FILLER_44_721,VPWR,li1,339.9400,133.2800,1.799809
FILLER_44_709,VPWR,li1,334.4200,133.2800,1.799831
FILLER_44_701,VPWR,li1,328.2100,133.2800,1.799860
FILLER_44_698,VPWR,li1,327.0600,133.2800,1.799860
FILLER_44_686,VPWR,li1,323.8400,133.2800,1.799848
FILLER_44_652,VPWR,li1,305.6700,133.2800,1.799810
FILLER_44_643,VPWR,li1,301.5300,133.2800,1.799805
FILLER_44_627,VPWR,li1,294.4000,133.2800,1.799797
FILLER_44_616,VPWR,li1,289.1100,133.2800,1.799793
FILLER_44_600,VPWR,li1,281.7500,133.2800,1.799790
FILLER_44_589,VPWR,li1,276.6900,133.2800,1.799790
FILLER_44_582,VPWR,li1,274.6200,133.2800,1.799790
FILLER_44_570,VPWR,li1,270.4800,133.2800,1.799790
FILLER_44_558,VPWR,li1,264.9600,133.2800,1.799791
FILLER_44_543,VPWR,li1,256.2200,133.2800,1.799794
FILLER_44_526,VPWR,li1,248.8600,133.2800,1.799800
FILLER_44_514,VPWR,li1,244.7200,133.2800,1.799802
FILLER_44_509,VPWR,li1,240.1200,133.2800,1.799805
FILLER_44_501,VPWR,li1,237.8200,133.2800,1.799807
FILLER_44_489,VPWR,li1,233.2200,133.2800,1.799811
FILLER_44_477,VPWR,li1,226.3200,133.2800,1.799819
FILLER_44_475,VPWR,li1,224.2500,133.2800,1.799821
FILLER_44_471,VPWR,li1,223.1000,133.2800,1.799821
FILLER_44_461,VPWR,li1,218.2700,133.2800,1.799827
FILLER_44_456,VPWR,li1,215.7400,133.2800,1.799832
FILLER_44_448,VPWR,li1,213.4400,133.2800,1.799837
FILLER_44_427,VPWR,li1,202.1700,133.2800,1.799858
FILLER_44_421,VPWR,li1,200.5600,133.2800,1.799858
FILLER_44_418,VPWR,li1,198.2600,133.2800,1.799863
FILLER_44_410,VPWR,li1,195.9600,133.2800,1.799870
FILLER_44_398,VPWR,li1,191.3600,133.2800,1.799877
FILLER_44_386,VPWR,li1,185.8400,133.2800,1.799891
FILLER_44_374,VPWR,li1,180.3200,133.2800,1.799900
FILLER_44_365,VPWR,li1,174.8000,133.2800,1.799894
FILLER_44_356,VPWR,li1,171.1200,133.2800,1.799881
FILLER_44_344,VPWR,li1,166.5200,133.2800,1.799850
FILLER_44_332,VPWR,li1,161.0000,133.2800,1.799809
FILLER_44_320,VPWR,li1,155.4800,133.2800,1.799777
FILLER_44_294,VPWR,li1,140.9900,133.2800,1.799720
FILLER_44_290,VPWR,li1,139.8400,133.2800,1.799720
FILLER_44_285,VPWR,li1,136.8500,133.2800,1.799717
FILLER_44_277,VPWR,li1,134.7800,133.2800,1.799715
FILLER_44_253,VPWR,li1,122.3600,133.2800,1.799718
FILLER_44_249,VPWR,li1,120.7500,133.2800,1.799719
FILLER_44_241,VPWR,li1,118.2200,133.2800,1.799721
FILLER_44_229,VPWR,li1,113.6200,133.2800,1.799725
FILLER_44_222,VPWR,li1,107.8700,133.2800,1.799732
FILLER_44_216,VPWR,li1,106.2600,133.2800,1.799735
FILLER_44_204,VPWR,li1,102.1200,133.2800,1.799738
FILLER_44_195,VPWR,li1,95.4500,133.2800,1.799746
FILLER_44_187,VPWR,li1,93.3800,133.2800,1.799752
FILLER_44_158,VPWR,li1,78.8900,133.2800,1.799781
FILLER_44_150,VPWR,li1,76.3600,133.2800,1.799786
FILLER_44_121,VPWR,li1,61.6400,133.2800,1.799825
FILLER_44_109,VPWR,li1,58.4200,133.2800,1.799836
FILLER_44_104,VPWR,li1,53.8200,133.2800,1.799847
FILLER_44_96,VPWR,li1,51.5200,133.2800,1.799853
FILLER_44_85,VPWR,li1,45.0800,133.2800,1.799871
FILLER_44_71,VPWR,li1,38.6400,133.2800,1.799892
FILLER_44_63,VPWR,li1,36.3400,133.2800,1.799900
FILLER_44_55,VPWR,li1,31.0500,133.2800,1.799919
FILLER_44_49,VPWR,li1,29.4400,133.2800,1.799927
FILLER_44_37,VPWR,li1,25.3000,133.2800,1.799943
FILLER_44_29,VPWR,li1,19.3200,133.2800,1.799953
FILLER_44_26,VPWR,li1,17.9400,133.2800,1.799952
FILLER_44_16,VPWR,li1,13.3400,133.2800,1.799950
FILLER_44_3,VPWR,li1,7.3600,133.2800,1.799950
FILLER_43_809,VPWR,li1,378.1200,127.8400,1.799602
FILLER_43_801,VPWR,li1,375.8200,127.8400,1.799602
FILLER_43_791,VPWR,li1,369.8400,127.8400,1.799603
FILLER_43_781,VPWR,li1,365.4700,127.8400,1.799605
FILLER_43_773,VPWR,li1,362.9400,127.8400,1.799606
FILLER_43_761,VPWR,li1,358.3400,127.8400,1.799609
FILLER_43_741,VPWR,li1,348.2200,127.8400,1.799619
FILLER_43_729,VPWR,li1,343.6200,127.8400,1.799622
FILLER_43_720,VPWR,li1,338.5600,127.8400,1.799630
FILLER_43_708,VPWR,li1,333.9600,127.8400,1.799665
FILLER_43_704,VPWR,li1,329.5900,127.8400,1.799723
FILLER_43_690,VPWR,li1,324.7600,127.8400,1.799679
FILLER_43_678,VPWR,li1,320.1600,127.8400,1.799642
FILLER_43_673,VPWR,li1,315.5600,127.8400,1.799615
FILLER_43_670,VPWR,li1,314.1800,127.8400,1.799601
FILLER_43_664,VPWR,li1,311.1900,127.8400,1.799589
FILLER_43_652,VPWR,li1,308.2000,127.8400,1.799575
FILLER_43_648,VPWR,li1,303.8300,127.8400,1.799543
FILLER_43_644,VPWR,li1,302.6800,127.8400,1.799543
FILLER_43_624,VPWR,li1,292.7900,127.8400,1.799486
FILLER_43_606,VPWR,li1,284.5100,127.8400,1.799432
FILLER_43_600,VPWR,li1,281.7500,127.8400,1.799417
FILLER_43_596,VPWR,li1,280.6000,127.8400,1.799417
FILLER_43_584,VPWR,li1,276.9200,127.8400,1.799397
FILLER_43_579,VPWR,li1,272.0900,127.8400,1.799385
FILLER_43_573,VPWR,li1,270.4800,127.8400,1.799385
FILLER_43_561,VPWR,li1,266.3400,127.8400,1.799380
FILLER_43_559,VPWR,li1,262.8900,127.8400,1.799377
FILLER_43_553,VPWR,li1,261.2800,127.8400,1.799377
FILLER_43_541,VPWR,li1,257.1400,127.8400,1.799375
FILLER_43_527,VPWR,li1,248.4000,127.8400,1.799372
FILLER_43_519,VPWR,li1,246.1000,127.8400,1.799371
FILLER_43_496,VPWR,li1,235.5200,127.8400,1.799387
FILLER_43_484,VPWR,li1,230.9200,127.8400,1.799394
FILLER_43_472,VPWR,li1,225.4000,127.8400,1.799416
FILLER_43_461,VPWR,li1,218.2700,127.8400,1.799437
FILLER_43_449,VPWR,li1,214.8200,127.8400,1.799454
FILLER_43_447,VPWR,li1,211.3700,127.8400,1.799466
FILLER_43_443,VPWR,li1,210.2200,127.8400,1.799466
FILLER_43_437,VPWR,li1,207.2300,127.8400,1.799477
FILLER_43_429,VPWR,li1,203.7800,127.8400,1.799492
FILLER_43_417,VPWR,li1,200.1000,127.8400,1.799504
FILLER_43_405,VPWR,li1,194.5800,127.8400,1.799525
FILLER_43_393,VPWR,li1,189.0600,127.8400,1.799549
FILLER_43_384,VPWR,li1,184.0000,127.8400,1.799567
FILLER_43_365,VPWR,li1,173.8800,127.8400,1.799532
FILLER_43_353,VPWR,li1,170.6600,127.8400,1.799459
FILLER_43_337,VPWR,li1,160.7700,127.8400,1.799235
FILLER_43_333,VPWR,li1,159.3900,127.8400,1.799235
FILLER_43_325,VPWR,li1,156.8600,127.8400,1.799228
FILLER_43_319,VPWR,li1,152.4900,127.8400,1.799215
FILLER_43_315,VPWR,li1,151.3400,127.8400,1.799210
FILLER_43_306,VPWR,li1,146.5100,127.8400,1.799207
FILLER_43_302,VPWR,li1,145.3600,127.8400,1.799207
FILLER_43_281,VPWR,li1,135.0100,127.8400,1.799221
FILLER_43_276,VPWR,li1,132.7100,127.8400,1.799224
FILLER_43_264,VPWR,li1,129.7200,127.8400,1.799228
FILLER_43_252,VPWR,li1,124.2000,127.8400,1.799238
FILLER_43_244,VPWR,li1,117.9900,127.8400,1.799249
FILLER_43_225,VPWR,li1,111.7800,127.8400,1.799265
FILLER_43_218,VPWR,li1,107.1800,127.8400,1.799274
FILLER_43_214,VPWR,li1,104.1900,127.8400,1.799288
FILLER_43_202,VPWR,li1,101.2000,127.8400,1.799300
FILLER_43_190,VPWR,li1,95.6800,127.8400,1.799335
FILLER_43_178,VPWR,li1,90.1600,127.8400,1.799364
FILLER_43_169,VPWR,li1,83.7200,127.8400,1.799412
FILLER_43_150,VPWR,li1,75.2100,127.8400,1.799465
FILLER_43_142,VPWR,li1,72.6800,127.8400,1.799479
FILLER_43_131,VPWR,li1,66.7000,127.8400,1.799509
FILLER_43_126,VPWR,li1,63.7100,127.8400,1.799538
FILLER_43_120,VPWR,li1,62.1000,127.8400,1.799538
FILLER_43_110,VPWR,li1,56.5800,127.8400,1.799591
FILLER_43_98,VPWR,li1,53.3600,127.8400,1.799606
FILLER_43_78,VPWR,li1,42.3200,127.8400,1.799707
FILLER_43_66,VPWR,li1,38.6400,127.8400,1.799731
FILLER_43_57,VPWR,li1,31.9700,127.8400,1.799794
FILLER_43_53,VPWR,li1,30.5900,127.8400,1.799814
FILLER_43_41,VPWR,li1,27.1400,127.8400,1.799841
FILLER_43_30,VPWR,li1,19.5500,127.8400,1.799897
FILLER_43_26,VPWR,li1,18.4000,127.8400,1.799896
FILLER_43_14,VPWR,li1,14.7200,127.8400,1.799896
FILLER_43_9,VPWR,li1,10.1200,127.8400,1.799895
FILLER_42_804,VPWR,li1,376.2800,127.8400,1.799602
FILLER_42_789,VPWR,li1,369.1500,127.8400,1.799603
FILLER_42_781,VPWR,li1,366.6200,127.8400,1.799604
FILLER_42_757,VPWR,li1,356.5000,127.8400,1.799610
FILLER_42_748,VPWR,li1,351.4400,127.8400,1.799614
FILLER_42_736,VPWR,li1,346.8400,127.8400,1.799619
FILLER_42_724,VPWR,li1,341.3200,127.8400,1.799626
FILLER_42_715,VPWR,li1,334.8800,127.8400,1.799647
FILLER_42_706,VPWR,li1,330.7400,127.8400,1.799723
FILLER_42_697,VPWR,li1,326.8300,127.8400,1.799699
FILLER_42_681,VPWR,li1,319.2400,127.8400,1.799642
FILLER_42_669,VPWR,li1,316.0200,127.8400,1.799615
FILLER_42_657,VPWR,li1,310.5000,127.8400,1.799589
FILLER_42_645,VPWR,li1,304.9800,127.8400,1.799555
FILLER_42_641,VPWR,li1,301.0700,127.8400,1.799529
FILLER_42_633,VPWR,li1,298.5400,127.8400,1.799513
FILLER_42_627,VPWR,li1,294.1700,127.8400,1.799486
FILLER_42_623,VPWR,li1,293.0200,127.8400,1.799486
FILLER_42_611,VPWR,li1,289.3400,127.8400,1.799466
FILLER_42_599,VPWR,li1,283.8200,127.8400,1.799432
FILLER_42_586,VPWR,li1,275.5400,127.8400,1.799397
FILLER_42_565,VPWR,li1,265.6500,127.8400,1.799380
FILLER_42_561,VPWR,li1,264.5000,127.8400,1.799378
FILLER_42_539,VPWR,li1,254.8400,127.8400,1.799374
FILLER_42_533,VPWR,li1,251.3900,127.8400,1.799372
FILLER_42_528,VPWR,li1,249.3200,127.8400,1.799372
FILLER_42_517,VPWR,li1,244.2600,127.8400,1.799371
FILLER_42_503,VPWR,li1,237.1300,127.8400,1.799381
FILLER_42_498,VPWR,li1,234.8300,127.8400,1.799387
FILLER_42_477,VPWR,li1,225.8600,127.8400,1.799416
FILLER_42_475,VPWR,li1,224.2500,127.8400,1.799416
FILLER_42_467,VPWR,li1,222.1800,127.8400,1.799424
FILLER_42_450,VPWR,li1,213.4400,127.8400,1.799454
FILLER_42_429,VPWR,li1,203.0900,127.8400,1.799492
FILLER_42_421,VPWR,li1,201.0200,127.8400,1.799504
FILLER_42_416,VPWR,li1,197.8000,127.8400,1.799513
FILLER_42_404,VPWR,li1,194.1200,127.8400,1.799533
FILLER_42_392,VPWR,li1,188.6000,127.8400,1.799549
FILLER_42_374,VPWR,li1,178.2500,127.8400,1.799597
FILLER_42_365,VPWR,li1,173.6500,127.8400,1.799532
FILLER_42_363,VPWR,li1,172.7300,127.8400,1.799532
FILLER_42_359,VPWR,li1,171.5800,127.8400,1.799459
FILLER_42_327,VPWR,li1,157.3200,127.8400,1.799228
FILLER_42_323,VPWR,li1,154.3300,127.8400,1.799220
FILLER_42_312,VPWR,li1,149.9600,127.8400,1.799210
FILLER_42_307,VPWR,li1,146.9700,127.8400,1.799207
FILLER_42_303,VPWR,li1,145.8200,127.8400,1.799207
FILLER_42_291,VPWR,li1,142.1400,127.8400,1.799210
FILLER_42_285,VPWR,li1,136.8500,127.8400,1.799218
FILLER_42_268,VPWR,li1,129.0300,127.8400,1.799228
FILLER_42_253,VPWR,li1,123.7400,127.8400,1.799238
FILLER_42_248,VPWR,li1,120.5200,127.8400,1.799245
FILLER_42_233,VPWR,li1,113.3900,127.8400,1.799259
FILLER_42_225,VPWR,li1,110.8600,127.8400,1.799265
FILLER_42_197,VPWR,li1,96.3700,127.8400,1.799335
FILLER_42_193,VPWR,li1,94.9900,127.8400,1.799335
FILLER_42_181,VPWR,li1,91.5400,127.8400,1.799364
FILLER_42_169,VPWR,li1,86.0200,127.8400,1.799390
FILLER_42_161,VPWR,li1,80.2700,127.8400,1.799423
FILLER_42_141,VPWR,li1,71.3000,127.8400,1.799479
FILLER_42_138,VPWR,li1,69.4600,127.8400,1.799492
FILLER_42_130,VPWR,li1,67.1600,127.8400,1.799509
FILLER_42_118,VPWR,li1,62.5600,127.8400,1.799538
FILLER_42_103,VPWR,li1,53.1300,127.8400,1.799606
FILLER_42_90,VPWR,li1,48.3000,127.8400,1.799646
FILLER_42_85,VPWR,li1,45.0800,127.8400,1.799674
FILLER_42_80,VPWR,li1,43.2400,127.8400,1.799689
FILLER_42_67,VPWR,li1,36.5700,127.8400,1.799762
FILLER_42_63,VPWR,li1,35.4200,127.8400,1.799762
FILLER_42_56,VPWR,li1,31.5100,127.8400,1.799814
FILLER_42_50,VPWR,li1,29.9000,127.8400,1.799814
FILLER_42_25,VPWR,li1,17.7100,127.8400,1.799896
FILLER_42_9,VPWR,li1,10.1200,127.8400,1.799895
FILLER_41_806,VPWR,li1,376.5100,122.4000,1.799313
FILLER_41_798,VPWR,li1,374.4400,122.4000,1.799313
FILLER_41_788,VPWR,li1,368.9200,122.4000,1.799315
FILLER_41_782,VPWR,li1,365.7000,122.4000,1.799316
FILLER_41_753,VPWR,li1,354.6600,122.4000,1.799322
FILLER_41_748,VPWR,li1,350.0600,122.4000,1.799326
FILLER_41_736,VPWR,li1,346.8400,122.4000,1.799330
FILLER_41_726,VPWR,li1,339.9400,122.4000,1.799410
FILLER_41_703,VPWR,li1,329.8200,122.4000,1.799645
FILLER_41_698,VPWR,li1,326.8300,122.4000,1.799613
FILLER_41_692,VPWR,li1,325.2200,122.4000,1.799613
FILLER_41_686,VPWR,li1,321.7700,122.4000,1.799587
FILLER_41_678,VPWR,li1,319.2400,122.4000,1.799568
FILLER_41_673,VPWR,li1,315.5600,122.4000,1.799538
FILLER_41_670,VPWR,li1,314.1800,122.4000,1.799538
FILLER_41_662,VPWR,li1,311.8800,122.4000,1.799525
FILLER_41_644,VPWR,li1,303.1400,122.4000,1.799471
FILLER_41_625,VPWR,li1,293.7100,122.4000,1.799427
FILLER_41_617,VPWR,li1,291.1800,122.4000,1.799413
FILLER_41_615,VPWR,li1,288.6500,122.4000,1.799398
FILLER_41_611,VPWR,li1,287.5000,122.4000,1.799398
FILLER_41_599,VPWR,li1,283.8200,122.4000,1.799375
FILLER_41_574,VPWR,li1,270.9400,122.4000,1.799348
FILLER_41_567,VPWR,li1,266.5700,122.4000,1.799348
FILLER_41_561,VPWR,li1,264.9600,122.4000,1.799348
FILLER_41_556,VPWR,li1,262.2000,122.4000,1.799348
FILLER_41_548,VPWR,li1,257.8300,122.4000,1.799348
FILLER_41_536,VPWR,li1,252.5400,122.4000,1.799349
FILLER_41_528,VPWR,li1,250.2400,122.4000,1.799350
FILLER_41_521,VPWR,li1,245.6400,122.4000,1.799352
FILLER_41_513,VPWR,li1,243.3400,122.4000,1.799353
FILLER_41_505,VPWR,li1,238.0500,122.4000,1.799358
FILLER_41_500,VPWR,li1,236.4400,122.4000,1.799358
FILLER_41_488,VPWR,li1,232.7600,122.4000,1.799363
FILLER_41_482,VPWR,li1,227.4700,122.4000,1.799372
FILLER_41_478,VPWR,li1,226.3200,122.4000,1.799372
FILLER_41_469,VPWR,li1,221.7200,122.4000,1.799382
FILLER_41_461,VPWR,li1,219.4200,122.4000,1.799386
FILLER_41_449,VPWR,li1,213.9000,122.4000,1.799399
FILLER_41_447,VPWR,li1,211.3700,122.4000,1.799408
FILLER_41_427,VPWR,li1,203.7800,122.4000,1.799425
FILLER_41_415,VPWR,li1,199.1800,122.4000,1.799440
FILLER_41_403,VPWR,li1,193.6600,122.4000,1.799455
FILLER_41_390,VPWR,li1,185.3800,122.4000,1.799476
FILLER_41_382,VPWR,li1,183.0800,122.4000,1.799483
FILLER_41_376,VPWR,li1,178.7100,122.4000,1.799498
FILLER_41_363,VPWR,li1,173.1900,122.4000,1.799412
FILLER_41_351,VPWR,li1,169.7400,122.4000,1.799254
FILLER_41_337,VPWR,li1,160.7700,122.4000,1.799198
FILLER_41_333,VPWR,li1,159.3900,122.4000,1.799198
FILLER_41_321,VPWR,li1,155.9400,122.4000,1.799198
FILLER_41_313,VPWR,li1,149.7300,122.4000,1.799200
FILLER_41_305,VPWR,li1,146.0500,122.4000,1.799205
FILLER_41_293,VPWR,li1,143.0600,122.4000,1.799209
FILLER_41_281,VPWR,li1,137.5400,122.4000,1.799218
FILLER_41_272,VPWR,li1,131.1000,122.4000,1.799232
FILLER_41_265,VPWR,li1,127.8800,122.4000,1.799239
FILLER_41_245,VPWR,li1,118.9100,122.4000,1.799259
FILLER_41_237,VPWR,li1,115.2300,122.4000,1.799271
FILLER_41_225,VPWR,li1,111.7800,122.4000,1.799279
FILLER_41_218,VPWR,li1,107.1800,122.4000,1.799297
FILLER_41_208,VPWR,li1,101.4300,122.4000,1.799318
FILLER_41_202,VPWR,li1,99.8200,122.4000,1.799331
FILLER_41_186,VPWR,li1,91.7700,122.4000,1.799370
FILLER_41_169,VPWR,li1,86.0200,122.4000,1.799404
FILLER_41_165,VPWR,li1,82.1100,122.4000,1.799438
FILLER_41_153,VPWR,li1,78.6600,122.4000,1.799456
FILLER_41_129,VPWR,li1,67.6200,122.4000,1.799519
FILLER_41_113,VPWR,li1,58.8800,122.4000,1.799581
FILLER_41_111,VPWR,li1,56.8100,122.4000,1.799598
FILLER_41_103,VPWR,li1,54.7400,122.4000,1.799615
FILLER_41_88,VPWR,li1,48.7600,122.4000,1.799677
FILLER_41_76,VPWR,li1,43.2400,122.4000,1.799723
FILLER_41_64,VPWR,li1,37.7200,122.4000,1.799762
FILLER_41_48,VPWR,li1,29.4400,122.4000,1.799831
FILLER_41_19,VPWR,li1,15.1800,122.4000,1.799897
FILLER_41_10,VPWR,li1,10.5800,122.4000,1.799896
FILLER_40_808,VPWR,li1,377.8900,122.4000,1.799313
FILLER_40_785,VPWR,li1,366.8500,122.4000,1.799316
FILLER_40_781,VPWR,li1,365.7000,122.4000,1.799316
FILLER_40_765,VPWR,li1,358.3400,122.4000,1.799320
FILLER_40_754,VPWR,li1,352.8200,122.4000,1.799324
FILLER_40_735,VPWR,li1,343.8500,122.4000,1.799334
FILLER_40_729,VPWR,li1,342.2400,122.4000,1.799370
FILLER_40_721,VPWR,li1,338.1000,122.4000,1.799457
FILLER_40_717,VPWR,li1,335.5700,122.4000,1.799517
FILLER_40_713,VPWR,li1,334.4200,122.4000,1.799517
FILLER_40_701,VPWR,li1,330.7400,122.4000,1.799645
FILLER_40_699,VPWR,li1,327.2900,122.4000,1.799629
FILLER_40_691,VPWR,li1,325.2200,122.4000,1.799613
FILLER_40_677,VPWR,li1,317.1700,122.4000,1.799554
FILLER_40_669,VPWR,li1,313.4900,122.4000,1.799525
FILLER_40_638,VPWR,li1,299.2300,122.4000,1.799456
FILLER_40_630,VPWR,li1,295.7800,122.4000,1.799436
FILLER_40_622,VPWR,li1,293.4800,122.4000,1.799427
FILLER_40_601,VPWR,li1,282.4400,122.4000,1.799375
FILLER_40_589,VPWR,li1,279.2200,122.4000,1.799359
FILLER_40_587,VPWR,li1,275.7700,122.4000,1.799348
FILLER_40_583,VPWR,li1,274.6200,122.4000,1.799348
FILLER_40_571,VPWR,li1,270.9400,122.4000,1.799348
FILLER_40_561,VPWR,li1,264.2700,122.4000,1.799348
FILLER_40_549,VPWR,li1,260.8200,122.4000,1.799348
FILLER_40_533,VPWR,li1,251.6200,122.4000,1.799350
FILLER_40_531,VPWR,li1,250.0100,122.4000,1.799351
FILLER_40_525,VPWR,li1,248.4000,122.4000,1.799351
FILLER_40_513,VPWR,li1,244.2600,122.4000,1.799353
FILLER_40_501,VPWR,li1,238.7400,122.4000,1.799355
FILLER_40_489,VPWR,li1,233.2200,122.4000,1.799363
FILLER_40_477,VPWR,li1,227.7000,122.4000,1.799372
FILLER_40_475,VPWR,li1,224.2500,122.4000,1.799377
FILLER_40_466,VPWR,li1,221.2600,122.4000,1.799382
FILLER_40_452,VPWR,li1,213.6700,122.4000,1.799399
FILLER_40_433,VPWR,li1,205.3900,122.4000,1.799425
FILLER_40_421,VPWR,li1,201.9400,122.4000,1.799430
FILLER_40_418,VPWR,li1,198.2600,122.4000,1.799440
FILLER_40_410,VPWR,li1,195.9600,122.4000,1.799447
FILLER_40_398,VPWR,li1,191.3600,122.4000,1.799462
FILLER_40_391,VPWR,li1,185.6100,122.4000,1.799476
FILLER_40_385,VPWR,li1,184.0000,122.4000,1.799483
FILLER_40_373,VPWR,li1,179.8600,122.4000,1.799492
FILLER_40_343,VPWR,li1,165.1400,122.4000,1.799207
FILLER_40_331,VPWR,li1,160.5400,122.4000,1.799198
FILLER_40_319,VPWR,li1,155.0200,122.4000,1.799198
FILLER_40_309,VPWR,li1,147.8900,122.4000,1.799202
FILLER_40_302,VPWR,li1,145.8200,122.4000,1.799205
FILLER_40_281,VPWR,li1,135.4700,122.4000,1.799223
FILLER_40_273,VPWR,li1,132.9400,122.4000,1.799228
FILLER_40_253,VPWR,li1,123.2800,122.4000,1.799252
FILLER_40_244,VPWR,li1,119.6000,122.4000,1.799259
FILLER_40_221,VPWR,li1,109.9400,122.4000,1.799288
FILLER_40_213,VPWR,li1,103.7300,122.4000,1.799307
FILLER_40_209,VPWR,li1,102.5800,122.4000,1.799318
FILLER_40_197,VPWR,li1,98.9000,122.4000,1.799331
FILLER_40_195,VPWR,li1,95.4500,122.4000,1.799356
FILLER_40_191,VPWR,li1,94.3000,122.4000,1.799356
FILLER_40_174,VPWR,li1,86.2500,122.4000,1.799404
FILLER_40_166,VPWR,li1,83.7200,122.4000,1.799422
FILLER_40_146,VPWR,li1,73.6000,122.4000,1.799481
FILLER_40_139,VPWR,li1,69.6900,122.4000,1.799506
FILLER_40_131,VPWR,li1,66.0100,122.4000,1.799540
FILLER_40_125,VPWR,li1,64.4000,122.4000,1.799540
FILLER_40_117,VPWR,li1,59.5700,122.4000,1.799581
FILLER_40_109,VPWR,li1,57.5000,122.4000,1.799598
FILLER_40_97,VPWR,li1,52.9000,122.4000,1.799637
FILLER_40_85,VPWR,li1,47.3800,122.4000,1.799677
FILLER_40_83,VPWR,li1,43.9300,122.4000,1.799706
FILLER_40_75,VPWR,li1,41.8600,122.4000,1.799723
FILLER_40_63,VPWR,li1,37.2600,122.4000,1.799762
FILLER_40_59,VPWR,li1,32.8900,122.4000,1.799811
FILLER_40_55,VPWR,li1,31.7400,122.4000,1.799811
FILLER_40_46,VPWR,li1,27.1400,122.4000,1.799861
FILLER_40_34,VPWR,li1,23.9200,122.4000,1.799881
FILLER_40_27,VPWR,li1,18.1700,122.4000,1.799898
FILLER_40_12,VPWR,li1,11.5000,122.4000,1.799897
FILLER_40_3,VPWR,li1,7.3600,122.4000,1.799896
FILLER_39_806,VPWR,li1,376.5100,116.9600,1.799516
FILLER_39_798,VPWR,li1,374.4400,116.9600,1.799516
FILLER_39_791,VPWR,li1,369.6100,116.9600,1.799517
FILLER_39_785,VPWR,li1,368.0000,116.9600,1.799517
FILLER_39_782,VPWR,li1,365.7000,116.9600,1.799518
FILLER_39_774,VPWR,li1,363.4000,116.9600,1.799518
FILLER_39_763,VPWR,li1,356.7300,116.9600,1.799521
FILLER_39_740,VPWR,li1,347.7600,116.9600,1.799527
FILLER_39_729,VPWR,li1,341.5500,116.9600,1.799533
FILLER_39_727,VPWR,li1,340.1700,116.9600,1.799535
FILLER_39_716,VPWR,li1,335.1100,116.9600,1.799569
FILLER_39_708,VPWR,li1,333.0400,116.9600,1.799598
FILLER_39_696,VPWR,li1,328.4400,116.9600,1.799665
FILLER_39_689,VPWR,li1,323.3800,116.9600,1.799587
FILLER_39_677,VPWR,li1,319.7000,116.9600,1.799566
FILLER_39_673,VPWR,li1,315.3300,116.9600,1.799514
FILLER_39_669,VPWR,li1,313.9500,116.9600,1.799514
FILLER_39_646,VPWR,li1,303.1400,116.9600,1.799412
FILLER_39_634,VPWR,li1,299.9200,116.9600,1.799389
FILLER_39_615,VPWR,li1,288.6500,116.9600,1.799294
FILLER_39_608,VPWR,li1,285.8900,116.9600,1.799276
FILLER_39_596,VPWR,li1,282.4400,116.9600,1.799256
FILLER_39_578,VPWR,li1,273.2400,116.9600,1.799228
FILLER_39_558,VPWR,li1,262.6600,116.9600,1.799224
FILLER_39_546,VPWR,li1,259.4400,116.9600,1.799224
FILLER_39_533,VPWR,li1,251.3900,116.9600,1.799225
FILLER_39_519,VPWR,li1,246.1000,116.9600,1.799227
FILLER_39_505,VPWR,li1,238.7400,116.9600,1.799238
FILLER_39_498,VPWR,li1,235.9800,116.9600,1.799245
FILLER_39_483,VPWR,li1,229.5400,116.9600,1.799264
FILLER_39_471,VPWR,li1,224.9400,116.9600,1.799280
FILLER_39_460,VPWR,li1,218.0400,116.9600,1.799312
FILLER_39_453,VPWR,li1,214.1300,116.9600,1.799323
FILLER_39_449,VPWR,li1,212.9800,116.9600,1.799333
FILLER_39_447,VPWR,li1,211.3700,116.9600,1.799340
FILLER_39_418,VPWR,li1,200.5600,116.9600,1.799381
FILLER_39_406,VPWR,li1,195.0400,116.9600,1.799405
FILLER_39_382,VPWR,li1,181.9300,116.9600,1.799464
FILLER_39_374,VPWR,li1,179.4000,116.9600,1.799479
FILLER_39_362,VPWR,li1,174.8000,116.9600,1.799501
FILLER_39_337,VPWR,li1,162.3800,116.9600,1.799105
FILLER_39_334,VPWR,li1,159.6200,116.9600,1.799064
FILLER_39_324,VPWR,li1,155.2500,116.9600,1.799009
FILLER_39_316,VPWR,li1,152.7200,116.9600,1.798994
FILLER_39_304,VPWR,li1,148.1200,116.9600,1.798972
FILLER_39_292,VPWR,li1,142.6000,116.9600,1.798974
FILLER_39_281,VPWR,li1,136.6200,116.9600,1.798985
FILLER_39_278,VPWR,li1,133.8600,116.9600,1.798989
FILLER_39_270,VPWR,li1,131.5600,116.9600,1.798994
FILLER_39_255,VPWR,li1,123.5100,116.9600,1.799011
FILLER_39_247,VPWR,li1,120.9800,116.9600,1.799018
FILLER_39_236,VPWR,li1,115.0000,116.9600,1.799035
FILLER_39_225,VPWR,li1,109.9400,116.9600,1.799051
FILLER_39_223,VPWR,li1,108.3300,116.9600,1.799057
FILLER_39_203,VPWR,li1,100.7400,116.9600,1.799095
FILLER_39_191,VPWR,li1,96.1400,116.9600,1.799120
FILLER_39_186,VPWR,li1,91.3100,116.9600,1.799166
FILLER_39_176,VPWR,li1,87.4000,116.9600,1.799186
FILLER_39_167,VPWR,li1,82.5700,116.9600,1.799228
FILLER_39_163,VPWR,li1,81.4200,116.9600,1.799228
FILLER_39_152,VPWR,li1,75.9000,116.9600,1.799279
FILLER_39_144,VPWR,li1,73.6000,116.9600,1.799304
FILLER_39_139,VPWR,li1,69.9200,116.9600,1.799321
FILLER_39_127,VPWR,li1,65.7800,116.9600,1.799355
FILLER_39_113,VPWR,li1,58.1900,116.9600,1.799427
FILLER_39_109,VPWR,li1,56.3500,116.9600,1.799446
FILLER_39_101,VPWR,li1,53.8200,116.9600,1.799473
FILLER_39_97,VPWR,li1,50.3700,116.9600,1.799511
FILLER_39_82,VPWR,li1,43.4700,116.9600,1.799590
FILLER_39_68,VPWR,li1,37.0300,116.9600,1.799664
FILLER_39_60,VPWR,li1,34.9600,116.9600,1.799700
FILLER_39_53,VPWR,li1,30.5900,116.9600,1.799759
FILLER_39_41,VPWR,li1,27.1400,116.9600,1.799789
FILLER_39_34,VPWR,li1,21.3900,116.9600,1.799864
FILLER_39_22,VPWR,li1,18.4000,116.9600,1.799863
FILLER_39_18,VPWR,li1,14.0300,116.9600,1.799861
FILLER_39_12,VPWR,li1,11.2700,116.9600,1.799860
FILLER_38_810,VPWR,li1,378.3500,116.9600,1.799516
FILLER_38_798,VPWR,li1,375.3600,116.9600,1.799516
FILLER_38_786,VPWR,li1,369.8400,116.9600,1.799517
FILLER_38_775,VPWR,li1,362.2500,116.9600,1.799519
FILLER_38_769,VPWR,li1,360.6400,116.9600,1.799519
FILLER_38_757,VPWR,li1,356.5000,116.9600,1.799521
FILLER_38_754,VPWR,li1,352.8200,116.9600,1.799523
FILLER_38_744,VPWR,li1,349.1400,116.9600,1.799527
FILLER_38_732,VPWR,li1,345.0000,116.9600,1.799531
FILLER_38_720,VPWR,li1,339.4800,116.9600,1.799535
FILLER_38_708,VPWR,li1,333.9600,116.9600,1.799598
FILLER_38_687,VPWR,li1,322.0000,116.9600,1.799587
FILLER_38_679,VPWR,li1,319.7000,116.9600,1.799566
FILLER_38_667,VPWR,li1,315.1000,116.9600,1.799514
FILLER_38_662,VPWR,li1,310.2700,116.9600,1.799481
FILLER_38_657,VPWR,li1,308.2000,116.9600,1.799463
FILLER_38_645,VPWR,li1,304.9800,116.9600,1.799437
FILLER_38_640,VPWR,li1,300.8400,116.9600,1.799389
FILLER_38_611,VPWR,li1,287.0400,116.9600,1.799294
FILLER_38_603,VPWR,li1,284.7400,116.9600,1.799276
FILLER_38_585,VPWR,li1,275.3100,116.9600,1.799231
FILLER_38_566,VPWR,li1,268.6400,116.9600,1.799226
FILLER_38_553,VPWR,li1,261.7400,116.9600,1.799224
FILLER_38_540,VPWR,li1,255.3000,116.9600,1.799224
FILLER_38_531,VPWR,li1,250.0100,116.9600,1.799225
FILLER_38_495,VPWR,li1,233.4500,116.9600,1.799257
FILLER_38_487,VPWR,li1,230.0000,116.9600,1.799264
FILLER_38_470,VPWR,li1,223.1000,116.9600,1.799287
FILLER_38_465,VPWR,li1,219.8800,116.9600,1.799299
FILLER_38_453,VPWR,li1,216.6600,116.9600,1.799312
FILLER_38_441,VPWR,li1,211.1400,116.9600,1.799340
FILLER_38_437,VPWR,li1,206.7700,116.9600,1.799354
FILLER_38_433,VPWR,li1,204.9300,116.9600,1.799362
FILLER_38_421,VPWR,li1,201.9400,116.9600,1.799381
FILLER_38_419,VPWR,li1,198.4900,116.9600,1.799390
FILLER_38_407,VPWR,li1,195.5000,116.9600,1.799405
FILLER_38_395,VPWR,li1,189.9800,116.9600,1.799427
FILLER_38_380,VPWR,li1,182.1600,116.9600,1.799464
FILLER_38_372,VPWR,li1,176.8700,116.9600,1.799488
FILLER_38_368,VPWR,li1,175.7200,116.9600,1.799501
FILLER_38_363,VPWR,li1,172.7300,116.9600,1.799387
FILLER_38_355,VPWR,li1,169.7400,116.9600,1.799305
FILLER_38_346,VPWR,li1,165.3700,116.9600,1.799165
FILLER_38_334,VPWR,li1,161.9200,116.9600,1.799105
FILLER_38_314,VPWR,li1,150.8800,116.9600,1.798986
FILLER_38_307,VPWR,li1,146.9700,116.9600,1.798972
FILLER_38_299,VPWR,li1,143.2900,116.9600,1.798970
FILLER_38_291,VPWR,li1,141.2200,116.9600,1.798974
FILLER_38_277,VPWR,li1,133.1700,116.9600,1.798989
FILLER_38_272,VPWR,li1,130.8700,116.9600,1.798994
FILLER_38_266,VPWR,li1,129.2600,116.9600,1.799000
FILLER_38_251,VPWR,li1,121.2100,116.9600,1.799018
FILLER_38_239,VPWR,li1,118.2200,116.9600,1.799026
FILLER_38_233,VPWR,li1,112.9300,116.9600,1.799042
FILLER_38_217,VPWR,li1,106.7200,116.9600,1.799057
FILLER_38_208,VPWR,li1,101.8900,116.9600,1.799081
FILLER_38_197,VPWR,li1,97.0600,116.9600,1.799120
FILLER_38_195,VPWR,li1,95.4500,116.9600,1.799133
FILLER_38_191,VPWR,li1,94.3000,116.9600,1.799133
FILLER_38_179,VPWR,li1,90.6200,116.9600,1.799166
FILLER_38_154,VPWR,li1,76.8200,116.9600,1.799264
FILLER_38_135,VPWR,li1,67.8500,116.9600,1.799338
FILLER_38_131,VPWR,li1,66.7000,116.9600,1.799355
FILLER_38_88,VPWR,li1,46.4600,116.9600,1.799568
FILLER_38_83,VPWR,li1,43.9300,116.9600,1.799590
FILLER_38_76,VPWR,li1,41.4000,116.9600,1.799613
FILLER_38_46,VPWR,li1,29.4400,116.9600,1.799759
FILLER_38_29,VPWR,li1,19.5500,116.9600,1.799863
FILLER_38_27,VPWR,li1,18.1700,116.9600,1.799863
FILLER_38_19,VPWR,li1,16.1000,116.9600,1.799862
FILLER_38_3,VPWR,li1,7.3600,116.9600,1.799860
FILLER_37_805,VPWR,li1,376.5100,111.5200,1.799842
FILLER_37_797,VPWR,li1,373.9800,111.5200,1.799845
FILLER_37_785,VPWR,li1,369.3800,111.5200,1.799849
FILLER_37_783,VPWR,li1,365.9300,111.5200,1.799855
FILLER_37_775,VPWR,li1,362.4800,111.5200,1.799857
FILLER_37_763,VPWR,li1,359.2600,111.5200,1.799860
FILLER_37_751,VPWR,li1,353.7400,111.5200,1.799868
FILLER_37_735,VPWR,li1,343.8500,111.5200,1.799882
FILLER_37_729,VPWR,li1,342.2400,111.5200,1.799885
FILLER_37_725,VPWR,li1,339.7100,111.5200,1.799890
FILLER_37_710,VPWR,li1,333.9600,111.5200,1.799903
FILLER_37_698,VPWR,li1,329.3600,111.5200,1.799918
FILLER_37_687,VPWR,li1,321.7700,111.5200,1.799882
FILLER_37_677,VPWR,li1,317.1700,111.5200,1.799870
FILLER_37_673,VPWR,li1,316.0200,111.5200,1.799863
FILLER_37_671,VPWR,li1,314.4100,111.5200,1.799858
FILLER_37_665,VPWR,li1,312.8000,111.5200,1.799858
FILLER_37_653,VPWR,li1,308.6600,111.5200,1.799844
FILLER_37_634,VPWR,li1,299.9200,111.5200,1.799829
FILLER_37_617,VPWR,li1,290.7200,111.5200,1.799809
FILLER_37_612,VPWR,li1,287.9600,111.5200,1.799805
FILLER_37_601,VPWR,li1,282.9000,111.5200,1.799798
FILLER_37_589,VPWR,li1,279.2200,111.5200,1.799792
FILLER_37_573,VPWR,li1,269.7900,111.5200,1.799779
FILLER_37_561,VPWR,li1,266.3400,111.5200,1.799777
FILLER_37_558,VPWR,li1,262.6600,111.5200,1.799774
FILLER_37_540,VPWR,li1,254.3800,111.5200,1.799769
FILLER_37_525,VPWR,li1,247.2500,111.5200,1.799767
FILLER_37_503,VPWR,li1,237.1300,111.5200,1.799769
FILLER_37_485,VPWR,li1,228.8500,111.5200,1.799779
FILLER_37_476,VPWR,li1,224.7100,111.5200,1.799785
FILLER_37_464,VPWR,li1,221.7200,111.5200,1.799789
FILLER_37_449,VPWR,li1,213.9000,111.5200,1.799805
FILLER_37_440,VPWR,li1,209.7600,111.5200,1.799815
FILLER_37_434,VPWR,li1,205.6200,111.5200,1.799829
FILLER_37_426,VPWR,li1,202.1700,111.5200,1.799833
FILLER_37_412,VPWR,li1,195.5000,111.5200,1.799850
FILLER_37_400,VPWR,li1,192.2800,111.5200,1.799859
FILLER_37_377,VPWR,li1,181.7000,111.5200,1.799892
FILLER_37_372,VPWR,li1,177.1000,111.5200,1.799903
FILLER_37_363,VPWR,li1,172.7300,111.5200,1.799899
FILLER_37_355,VPWR,li1,169.0500,111.5200,1.799871
FILLER_37_349,VPWR,li1,167.4400,111.5200,1.799871
FILLER_37_337,VPWR,li1,163.3000,111.5200,1.799850
FILLER_37_332,VPWR,li1,159.1600,111.5200,1.799831
FILLER_37_325,VPWR,li1,155.4800,111.5200,1.799811
FILLER_37_315,VPWR,li1,151.1100,111.5200,1.799798
FILLER_37_303,VPWR,li1,147.6600,111.5200,1.799792
FILLER_37_291,VPWR,li1,142.1400,111.5200,1.799785
FILLER_37_270,VPWR,li1,130.4100,111.5200,1.799769
FILLER_37_231,VPWR,li1,114.5400,111.5200,1.799759
FILLER_37_212,VPWR,li1,105.8000,111.5200,1.799754
FILLER_37_193,VPWR,li1,94.7600,111.5200,1.799758
FILLER_37_181,VPWR,li1,91.5400,111.5200,1.799763
FILLER_37_169,VPWR,li1,86.0200,111.5200,1.799769
FILLER_37_162,VPWR,li1,81.4200,111.5200,1.799779
FILLER_37_150,VPWR,li1,77.2800,111.5200,1.799784
FILLER_37_144,VPWR,li1,71.9900,111.5200,1.799793
FILLER_37_139,VPWR,li1,69.9200,111.5200,1.799796
FILLER_37_127,VPWR,li1,66.7000,111.5200,1.799802
FILLER_37_81,VPWR,li1,43.0100,111.5200,1.799873
FILLER_37_69,VPWR,li1,40.0200,111.5200,1.799882
FILLER_37_57,VPWR,li1,34.5000,111.5200,1.799902
FILLER_37_53,VPWR,li1,30.5900,111.5200,1.799917
FILLER_37_45,VPWR,li1,28.0600,111.5200,1.799926
FILLER_37_36,VPWR,li1,22.7700,111.5200,1.799947
FILLER_37_28,VPWR,li1,18.6300,111.5200,1.799955
FILLER_37_7,VPWR,li1,8.9700,111.5200,1.799953
FILLER_37_3,VPWR,li1,7.8200,111.5200,1.799953
FILLER_36_805,VPWR,li1,376.2800,111.5200,1.799842
FILLER_36_798,VPWR,li1,373.5200,111.5200,1.799845
FILLER_36_786,VPWR,li1,369.8400,111.5200,1.799849
FILLER_36_769,VPWR,li1,359.9500,111.5200,1.799860
FILLER_36_757,VPWR,li1,356.5000,111.5200,1.799864
FILLER_36_744,VPWR,li1,348.2200,111.5200,1.799874
FILLER_36_740,VPWR,li1,346.1500,111.5200,1.799877
FILLER_36_733,VPWR,li1,343.6200,111.5200,1.799882
FILLER_36_714,VPWR,li1,335.8000,111.5200,1.799897
FILLER_36_701,VPWR,li1,328.9000,111.5200,1.799918
FILLER_36_696,VPWR,li1,326.6000,111.5200,1.799905
FILLER_36_684,VPWR,li1,322.9200,111.5200,1.799893
FILLER_36_667,VPWR,li1,313.0300,111.5200,1.799858
FILLER_36_659,VPWR,li1,310.5000,111.5200,1.799853
FILLER_36_628,VPWR,li1,295.7800,111.5200,1.799821
FILLER_36_616,VPWR,li1,291.6400,111.5200,1.799813
FILLER_36_589,VPWR,li1,277.3800,111.5200,1.799789
FILLER_36_587,VPWR,li1,275.7700,111.5200,1.799785
FILLER_36_575,VPWR,li1,272.7800,111.5200,1.799781
FILLER_36_569,VPWR,li1,267.4900,111.5200,1.799777
FILLER_36_557,VPWR,li1,264.5000,111.5200,1.799775
FILLER_36_545,VPWR,li1,258.9800,111.5200,1.799772
FILLER_36_533,VPWR,li1,253.4600,111.5200,1.799769
FILLER_36_524,VPWR,li1,248.4000,111.5200,1.799767
FILLER_36_512,VPWR,li1,243.8000,111.5200,1.799766
FILLER_36_504,VPWR,li1,237.5900,111.5200,1.799769
FILLER_36_498,VPWR,li1,235.2900,111.5200,1.799772
FILLER_36_486,VPWR,li1,231.8400,111.5200,1.799775
FILLER_36_477,VPWR,li1,225.6300,111.5200,1.799782
FILLER_36_473,VPWR,li1,223.7900,111.5200,1.799785
FILLER_36_453,VPWR,li1,214.1300,111.5200,1.799805
FILLER_36_449,VPWR,li1,212.9800,111.5200,1.799810
FILLER_36_432,VPWR,li1,204.7000,111.5200,1.799829
FILLER_36_402,VPWR,li1,191.3600,111.5200,1.799866
FILLER_36_391,VPWR,li1,185.6100,111.5200,1.799877
FILLER_36_383,VPWR,li1,183.5400,111.5200,1.799884
FILLER_36_372,VPWR,li1,177.1000,111.5200,1.799903
FILLER_36_363,VPWR,li1,172.7300,111.5200,1.799899
FILLER_36_355,VPWR,li1,169.0500,111.5200,1.799871
FILLER_36_349,VPWR,li1,167.4400,111.5200,1.799871
FILLER_36_338,VPWR,li1,161.4600,111.5200,1.799841
FILLER_36_326,VPWR,li1,158.2400,111.5200,1.799822
FILLER_36_318,VPWR,li1,152.4900,111.5200,1.799804
FILLER_36_309,VPWR,li1,148.1200,111.5200,1.799792
FILLER_36_305,VPWR,li1,146.5100,111.5200,1.799792
FILLER_36_295,VPWR,li1,141.9100,111.5200,1.799785
FILLER_36_283,VPWR,li1,138.4600,111.5200,1.799780
FILLER_36_276,VPWR,li1,132.7100,111.5200,1.799771
FILLER_36_247,VPWR,li1,119.3700,111.5200,1.799761
FILLER_36_243,VPWR,li1,118.2200,111.5200,1.799761
FILLER_36_231,VPWR,li1,114.5400,111.5200,1.799759
FILLER_36_204,VPWR,li1,100.7400,111.5200,1.799753
FILLER_36_195,VPWR,li1,95.4500,111.5200,1.799755
FILLER_36_187,VPWR,li1,93.3800,111.5200,1.799758
FILLER_36_177,VPWR,li1,87.6300,111.5200,1.799769
FILLER_36_165,VPWR,li1,84.1800,111.5200,1.799774
FILLER_36_157,VPWR,li1,77.9700,111.5200,1.799784
FILLER_36_153,VPWR,li1,76.8200,111.5200,1.799784
FILLER_36_141,VPWR,li1,73.1400,111.5200,1.799793
FILLER_36_139,VPWR,li1,69.6900,111.5200,1.799796
FILLER_36_131,VPWR,li1,67.6200,111.5200,1.799802
FILLER_36_119,VPWR,li1,63.0200,111.5200,1.799809
FILLER_36_107,VPWR,li1,57.5000,111.5200,1.799823
FILLER_36_96,VPWR,li1,51.0600,111.5200,1.799843
FILLER_36_74,VPWR,li1,40.0200,111.5200,1.799882
FILLER_36_67,VPWR,li1,36.8000,111.5200,1.799894
FILLER_36_59,VPWR,li1,34.5000,111.5200,1.799902
FILLER_36_41,VPWR,li1,25.3000,111.5200,1.799939
FILLER_36_29,VPWR,li1,21.6200,111.5200,1.799956
FILLER_36_26,VPWR,li1,17.9400,111.5200,1.799955
FILLER_36_18,VPWR,li1,15.6400,111.5200,1.799954
FILLER_35_785,VPWR,li1,368.0000,106.0800,1.797801
FILLER_35_783,VPWR,li1,365.9300,106.0800,1.797811
FILLER_35_757,VPWR,li1,356.5000,106.0800,1.797896
FILLER_35_747,VPWR,li1,349.3700,106.0800,1.798202
FILLER_35_741,VPWR,li1,347.7600,106.0800,1.798202
FILLER_35_729,VPWR,li1,343.6200,106.0800,1.798411
FILLER_35_726,VPWR,li1,339.9400,106.0800,1.798596
FILLER_35_718,VPWR,li1,337.6400,106.0800,1.798711
FILLER_35_705,VPWR,li1,330.5100,106.0800,1.799145
FILLER_35_697,VPWR,li1,327.9800,106.0800,1.799277
FILLER_35_685,VPWR,li1,323.3800,106.0800,1.799273
FILLER_35_678,VPWR,li1,317.6300,106.0800,1.799269
FILLER_35_669,VPWR,li1,313.9500,106.0800,1.799269
FILLER_35_661,VPWR,li1,309.8100,106.0800,1.799268
FILLER_35_657,VPWR,li1,308.6600,106.0800,1.799268
FILLER_35_643,VPWR,li1,301.5300,106.0800,1.799270
FILLER_35_637,VPWR,li1,299.9200,106.0800,1.799271
FILLER_35_625,VPWR,li1,295.7800,106.0800,1.799273
FILLER_35_617,VPWR,li1,289.8000,106.0800,1.799276
FILLER_35_612,VPWR,li1,287.9600,106.0800,1.799277
FILLER_35_600,VPWR,li1,281.7500,106.0800,1.799283
FILLER_35_596,VPWR,li1,280.6000,106.0800,1.799286
FILLER_35_584,VPWR,li1,276.9200,106.0800,1.799290
FILLER_35_558,VPWR,li1,262.6600,106.0800,1.799314
FILLER_35_550,VPWR,li1,260.3600,106.0800,1.799319
FILLER_35_541,VPWR,li1,254.8400,106.0800,1.799333
FILLER_35_533,VPWR,li1,251.1600,106.0800,1.799343
FILLER_35_529,VPWR,li1,249.0900,106.0800,1.799349
FILLER_35_517,VPWR,li1,246.1000,106.0800,1.799360
FILLER_35_505,VPWR,li1,240.5800,106.0800,1.799374
FILLER_35_500,VPWR,li1,236.4400,106.0800,1.799387
FILLER_35_482,VPWR,li1,229.0800,106.0800,1.799410
FILLER_35_470,VPWR,li1,224.4800,106.0800,1.799429
FILLER_35_458,VPWR,li1,218.9600,106.0800,1.799445
FILLER_35_449,VPWR,li1,212.5200,106.0800,1.799471
FILLER_35_447,VPWR,li1,211.3700,106.0800,1.799471
FILLER_35_443,VPWR,li1,210.2200,106.0800,1.799480
FILLER_35_424,VPWR,li1,202.4000,106.0800,1.799507
FILLER_35_414,VPWR,li1,196.6500,106.0800,1.799528
FILLER_35_399,VPWR,li1,191.8200,106.0800,1.799541
FILLER_35_389,VPWR,li1,185.1500,106.0800,1.799567
FILLER_35_377,VPWR,li1,181.7000,106.0800,1.799585
FILLER_35_365,VPWR,li1,176.1800,106.0800,1.799605
FILLER_35_353,VPWR,li1,170.6600,106.0800,1.799436
FILLER_35_334,VPWR,li1,159.6200,106.0800,1.799163
FILLER_35_326,VPWR,li1,157.3200,106.0800,1.799165
FILLER_35_314,VPWR,li1,152.7200,106.0800,1.799176
FILLER_35_306,VPWR,li1,146.7400,106.0800,1.799192
FILLER_35_295,VPWR,li1,142.6000,106.0800,1.799209
FILLER_35_287,VPWR,li1,137.7700,106.0800,1.799227
FILLER_35_281,VPWR,li1,136.1600,106.0800,1.799227
FILLER_35_270,VPWR,li1,129.9500,106.0800,1.799257
FILLER_35_258,VPWR,li1,126.9600,106.0800,1.799265
FILLER_35_249,VPWR,li1,120.7500,106.0800,1.799292
FILLER_35_241,VPWR,li1,118.2200,106.0800,1.799302
FILLER_35_229,VPWR,li1,111.0900,106.0800,1.799334
FILLER_35_225,VPWR,li1,109.9400,106.0800,1.799345
FILLER_35_221,VPWR,li1,107.8700,106.0800,1.799356
FILLER_35_209,VPWR,li1,104.4200,106.0800,1.799365
FILLER_35_197,VPWR,li1,98.9000,106.0800,1.799391
FILLER_35_174,VPWR,li1,87.4000,106.0800,1.799451
FILLER_35_165,VPWR,li1,82.1100,106.0800,1.799479
FILLER_35_142,VPWR,li1,71.0700,106.0800,1.799540
FILLER_35_128,VPWR,li1,65.3200,106.0800,1.799579
FILLER_35_116,VPWR,li1,61.6400,106.0800,1.799597
FILLER_35_110,VPWR,li1,56.5800,106.0800,1.799641
FILLER_35_99,VPWR,li1,51.2900,106.0800,1.799675
FILLER_35_95,VPWR,li1,50.1400,106.0800,1.799688
FILLER_35_83,VPWR,li1,46.4600,106.0800,1.799705
FILLER_35_75,VPWR,li1,40.2500,106.0800,1.799751
FILLER_35_67,VPWR,li1,36.5700,106.0800,1.799787
FILLER_35_48,VPWR,li1,29.4400,106.0800,1.799842
FILLER_35_36,VPWR,li1,24.8400,106.0800,1.799880
FILLER_35_22,VPWR,li1,15.8700,106.0800,1.799904
FILLER_35_14,VPWR,li1,12.1900,106.0800,1.799903
FILLER_34_801,VPWR,li1,374.4400,106.0800,1.797771
FILLER_34_789,VPWR,li1,371.2200,106.0800,1.797785
FILLER_34_777,VPWR,li1,365.7000,106.0800,1.797821
FILLER_34_771,VPWR,li1,360.8700,106.0800,1.797837
FILLER_34_762,VPWR,li1,356.5000,106.0800,1.797896
FILLER_34_757,VPWR,li1,354.2000,106.0800,1.797948
FILLER_34_750,VPWR,li1,351.9000,106.0800,1.798036
FILLER_34_741,VPWR,li1,346.6100,106.0800,1.798318
FILLER_34_737,VPWR,li1,345.4600,106.0800,1.798318
FILLER_34_725,VPWR,li1,341.7800,106.0800,1.798503
FILLER_34_713,VPWR,li1,336.2600,106.0800,1.798838
FILLER_34_708,VPWR,li1,331.4300,106.0800,1.799025
FILLER_34_699,VPWR,li1,327.2900,106.0800,1.799275
FILLER_34_693,VPWR,li1,325.6800,106.0800,1.799275
FILLER_34_681,VPWR,li1,321.5400,106.0800,1.799272
FILLER_34_669,VPWR,li1,316.0200,106.0800,1.799269
FILLER_34_657,VPWR,li1,310.5000,106.0800,1.799268
FILLER_34_645,VPWR,li1,304.9800,106.0800,1.799269
FILLER_34_632,VPWR,li1,299.0000,106.0800,1.799271
FILLER_34_618,VPWR,li1,290.0300,106.0800,1.799276
FILLER_34_610,VPWR,li1,287.9600,106.0800,1.799277
FILLER_34_601,VPWR,li1,282.2100,106.0800,1.799283
FILLER_34_589,VPWR,li1,279.2200,106.0800,1.799286
FILLER_34_587,VPWR,li1,275.7700,106.0800,1.799290
FILLER_34_579,VPWR,li1,273.7000,106.0800,1.799292
FILLER_34_565,VPWR,li1,266.3400,106.0800,1.799305
FILLER_34_553,VPWR,li1,260.3600,106.0800,1.799319
FILLER_34_545,VPWR,li1,258.0600,106.0800,1.799328
FILLER_34_537,VPWR,li1,252.7700,106.0800,1.799343
FILLER_34_525,VPWR,li1,247.2500,106.0800,1.799354
FILLER_34_512,VPWR,li1,241.7300,106.0800,1.799374
FILLER_34_500,VPWR,li1,238.2800,106.0800,1.799381
FILLER_34_485,VPWR,li1,229.0800,106.0800,1.799410
FILLER_34_477,VPWR,li1,226.7800,106.0800,1.799418
FILLER_34_472,VPWR,li1,223.5600,106.0800,1.799429
FILLER_34_460,VPWR,li1,219.8800,106.0800,1.799445
FILLER_34_448,VPWR,li1,214.3600,106.0800,1.799460
FILLER_34_436,VPWR,li1,208.8400,106.0800,1.799480
FILLER_34_429,VPWR,li1,203.3200,106.0800,1.799499
FILLER_34_421,VPWR,li1,201.0200,106.0800,1.799507
FILLER_34_414,VPWR,li1,197.3400,106.0800,1.799521
FILLER_34_402,VPWR,li1,193.2000,106.0800,1.799541
FILLER_34_380,VPWR,li1,180.5500,106.0800,1.799585
FILLER_34_372,VPWR,li1,178.4800,106.0800,1.799593
FILLER_34_365,VPWR,li1,174.3400,106.0800,1.799526
FILLER_34_360,VPWR,li1,172.0400,106.0800,1.799436
FILLER_34_348,VPWR,li1,168.3600,106.0800,1.799355
FILLER_34_327,VPWR,li1,156.1700,106.0800,1.799171
FILLER_34_321,VPWR,li1,154.5600,106.0800,1.799171
FILLER_34_309,VPWR,li1,150.4200,106.0800,1.799181
FILLER_34_305,VPWR,li1,146.5100,106.0800,1.799192
FILLER_34_297,VPWR,li1,143.9800,106.0800,1.799200
FILLER_34_280,VPWR,li1,134.5500,106.0800,1.799238
FILLER_34_274,VPWR,li1,132.9400,106.0800,1.799247
FILLER_34_262,VPWR,li1,128.8000,106.0800,1.799257
FILLER_34_253,VPWR,li1,122.8200,106.0800,1.799283
FILLER_34_248,VPWR,li1,120.5200,106.0800,1.799292
FILLER_34_234,VPWR,li1,113.3900,106.0800,1.799323
FILLER_34_223,VPWR,li1,108.5600,106.0800,1.799345
FILLER_34_215,VPWR,li1,106.2600,106.0800,1.799356
FILLER_34_209,VPWR,li1,101.8900,106.0800,1.799377
FILLER_34_197,VPWR,li1,98.9000,106.0800,1.799391
FILLER_34_192,VPWR,li1,94.7600,106.0800,1.799420
FILLER_34_180,VPWR,li1,91.0800,106.0800,1.799433
FILLER_34_168,VPWR,li1,85.5600,106.0800,1.799467
FILLER_34_148,VPWR,li1,76.3600,106.0800,1.799512
FILLER_34_130,VPWR,li1,66.2400,106.0800,1.799568
FILLER_34_105,VPWR,li1,55.6600,106.0800,1.799641
FILLER_34_93,VPWR,li1,48.7600,106.0800,1.799688
FILLER_34_85,VPWR,li1,46.4600,106.0800,1.799705
FILLER_34_83,VPWR,li1,43.9300,106.0800,1.799724
FILLER_34_77,VPWR,li1,42.3200,106.0800,1.799738
FILLER_34_63,VPWR,li1,35.4200,106.0800,1.799787
FILLER_34_57,VPWR,li1,31.9700,106.0800,1.799823
FILLER_34_43,VPWR,li1,26.2200,106.0800,1.799861
FILLER_34_29,VPWR,li1,19.0900,106.0800,1.799905
FILLER_34_27,VPWR,li1,18.1700,106.0800,1.799905
FILLER_34_23,VPWR,li1,17.0200,106.0800,1.799904
FILLER_34_6,VPWR,li1,11.0400,106.0800,1.799903
FILLER_33_810,VPWR,li1,378.3500,100.6400,1.794486
FILLER_33_785,VPWR,li1,367.0800,100.6400,1.794514
FILLER_33_782,VPWR,li1,365.7000,100.6400,1.794514
FILLER_33_774,VPWR,li1,363.4000,100.6400,1.794524
FILLER_33_766,VPWR,li1,358.1100,100.6400,1.794590
FILLER_33_742,VPWR,li1,347.3000,100.6400,1.795383
FILLER_33_727,VPWR,li1,340.1700,100.6400,1.796541
FILLER_33_714,VPWR,li1,334.1900,100.6400,1.797292
FILLER_33_706,VPWR,li1,332.1200,100.6400,1.797882
FILLER_33_702,VPWR,li1,328.6700,100.6400,1.798236
FILLER_33_696,VPWR,li1,327.0600,100.6400,1.798229
FILLER_33_685,VPWR,li1,321.5400,100.6400,1.798229
FILLER_33_673,VPWR,li1,317.8600,100.6400,1.798239
FILLER_33_652,VPWR,li1,306.3600,100.6400,1.798278
FILLER_33_641,VPWR,li1,300.6100,100.6400,1.798302
FILLER_33_635,VPWR,li1,299.0000,100.6400,1.798312
FILLER_33_622,VPWR,li1,291.8700,100.6400,1.798348
FILLER_33_613,VPWR,li1,288.1900,100.6400,1.798359
FILLER_33_605,VPWR,li1,284.2800,100.6400,1.798377
FILLER_33_592,VPWR,li1,279.2200,100.6400,1.798408
FILLER_33_580,VPWR,li1,275.0800,100.6400,1.798428
FILLER_33_568,VPWR,li1,269.5600,100.6400,1.798466
FILLER_33_556,VPWR,li1,262.2000,100.6400,1.798521
FILLER_33_547,VPWR,li1,257.3700,100.6400,1.798550
FILLER_33_539,VPWR,li1,255.3000,100.6400,1.798565
FILLER_33_524,VPWR,li1,246.7900,100.6400,1.798639
FILLER_33_518,VPWR,li1,245.1800,100.6400,1.798639
FILLER_33_505,VPWR,li1,238.5100,100.6400,1.798700
FILLER_33_503,VPWR,li1,237.1300,100.6400,1.798719
FILLER_33_497,VPWR,li1,235.5200,100.6400,1.798719
FILLER_33_485,VPWR,li1,228.8500,100.6400,1.798781
FILLER_33_477,VPWR,li1,226.7800,100.6400,1.798801
FILLER_33_456,VPWR,li1,216.6600,100.6400,1.798905
FILLER_33_447,VPWR,li1,211.3700,100.6400,1.798983
FILLER_33_443,VPWR,li1,210.2200,100.6400,1.798983
FILLER_33_434,VPWR,li1,205.6200,100.6400,1.799030
FILLER_33_423,VPWR,li1,201.0200,100.6400,1.799084
FILLER_33_411,VPWR,li1,197.3400,100.6400,1.799130
FILLER_33_399,VPWR,li1,191.8200,100.6400,1.799204
FILLER_33_389,VPWR,li1,185.1500,100.6400,1.799273
FILLER_33_381,VPWR,li1,181.0100,100.6400,1.799323
FILLER_33_365,VPWR,li1,173.6500,100.6400,1.799308
FILLER_33_361,VPWR,li1,172.5000,100.6400,1.799198
FILLER_33_349,VPWR,li1,168.8200,100.6400,1.799080
FILLER_33_337,VPWR,li1,163.3000,100.6400,1.798972
FILLER_33_335,VPWR,li1,159.8500,100.6400,1.798923
FILLER_33_300,VPWR,li1,143.9800,100.6400,1.798864
FILLER_33_288,VPWR,li1,140.7600,100.6400,1.798869
FILLER_33_279,VPWR,li1,134.0900,100.6400,1.798887
FILLER_33_273,VPWR,li1,132.4800,100.6400,1.798887
FILLER_33_243,VPWR,li1,119.1400,100.6400,1.798921
FILLER_33_214,VPWR,li1,104.6500,100.6400,1.798962
FILLER_33_206,VPWR,li1,102.1200,100.6400,1.798970
FILLER_33_192,VPWR,li1,94.0700,100.6400,1.799026
FILLER_33_184,VPWR,li1,90.3900,100.6400,1.799061
FILLER_33_176,VPWR,li1,88.3200,100.6400,1.799082
FILLER_33_165,VPWR,li1,82.1100,100.6400,1.799145
FILLER_33_157,VPWR,li1,79.5800,100.6400,1.799170
FILLER_33_145,VPWR,li1,74.9800,100.6400,1.799218
FILLER_33_128,VPWR,li1,65.0900,100.6400,1.799321
FILLER_33_106,VPWR,li1,54.7400,100.6400,1.799453
FILLER_33_79,VPWR,li1,44.6200,100.6400,1.799567
FILLER_33_65,VPWR,li1,35.6500,100.6400,1.799670
FILLER_33_57,VPWR,li1,33.5800,100.6400,1.799697
FILLER_33_55,VPWR,li1,31.0500,100.6400,1.799751
FILLER_33_49,VPWR,li1,29.4400,100.6400,1.799751
FILLER_33_32,VPWR,li1,21.1600,100.6400,1.799860
FILLER_33_20,VPWR,li1,17.4800,100.6400,1.799857
FILLER_32_807,VPWR,li1,376.9700,100.6400,1.794486
FILLER_32_799,VPWR,li1,374.9000,100.6400,1.794486
FILLER_32_787,VPWR,li1,370.3000,100.6400,1.794494
FILLER_32_775,VPWR,li1,364.7800,100.6400,1.794524
FILLER_32_753,VPWR,li1,352.5900,100.6400,1.794873
FILLER_32_733,VPWR,li1,345.4600,100.6400,1.795618
FILLER_32_725,VPWR,li1,339.2500,100.6400,1.796541
FILLER_32_713,VPWR,li1,336.2600,100.6400,1.796977
FILLER_32_701,VPWR,li1,330.7400,100.6400,1.797882
FILLER_32_697,VPWR,li1,326.8300,100.6400,1.798229
FILLER_32_683,VPWR,li1,319.9300,100.6400,1.798229
FILLER_32_671,VPWR,li1,316.9400,100.6400,1.798239
FILLER_32_659,VPWR,li1,311.4200,100.6400,1.798259
FILLER_32_640,VPWR,li1,300.8400,100.6400,1.798302
FILLER_32_618,VPWR,li1,290.7200,100.6400,1.798348
FILLER_32_596,VPWR,li1,279.9100,100.6400,1.798399
FILLER_32_587,VPWR,li1,275.7700,100.6400,1.798428
FILLER_32_575,VPWR,li1,272.7800,100.6400,1.798444
FILLER_32_563,VPWR,li1,267.2600,100.6400,1.798481
FILLER_32_546,VPWR,li1,256.9100,100.6400,1.798565
FILLER_32_540,VPWR,li1,255.3000,100.6400,1.798565
FILLER_32_529,VPWR,li1,249.5500,100.6400,1.798614
FILLER_32_517,VPWR,li1,246.1000,100.6400,1.798639
FILLER_32_499,VPWR,li1,235.7500,100.6400,1.798719
FILLER_32_468,VPWR,li1,221.0300,100.6400,1.798858
FILLER_32_441,VPWR,li1,209.7600,100.6400,1.798983
FILLER_32_427,VPWR,li1,202.1700,100.6400,1.799084
FILLER_32_421,VPWR,li1,200.5600,100.6400,1.799108
FILLER_32_410,VPWR,li1,194.8100,100.6400,1.799158
FILLER_32_402,VPWR,li1,190.9000,100.6400,1.799204
FILLER_32_390,VPWR,li1,187.6800,100.6400,1.799243
FILLER_32_384,VPWR,li1,182.3900,100.6400,1.799323
FILLER_32_380,VPWR,li1,181.2400,100.6400,1.799323
FILLER_32_374,VPWR,li1,178.0200,100.6400,1.799371
FILLER_32_361,VPWR,li1,172.2700,100.6400,1.799198
FILLER_32_350,VPWR,li1,167.2100,100.6400,1.799080
FILLER_32_335,VPWR,li1,161.4600,100.6400,1.798923
FILLER_32_323,VPWR,li1,156.8600,100.6400,1.798878
FILLER_32_309,VPWR,li1,148.5800,100.6400,1.798858
FILLER_32_307,VPWR,li1,146.9700,100.6400,1.798859
FILLER_32_301,VPWR,li1,145.3600,100.6400,1.798859
FILLER_32_293,VPWR,li1,140.9900,100.6400,1.798869
FILLER_32_281,VPWR,li1,137.5400,100.6400,1.798878
FILLER_32_265,VPWR,li1,127.6500,100.6400,1.798901
FILLER_32_261,VPWR,li1,126.5000,100.6400,1.798901
FILLER_32_253,VPWR,li1,122.1300,100.6400,1.798914
FILLER_32_244,VPWR,li1,119.6000,100.6400,1.798921
FILLER_32_232,VPWR,li1,115.0000,100.6400,1.798936
FILLER_32_224,VPWR,li1,109.2500,100.6400,1.798949
FILLER_32_216,VPWR,li1,105.1100,100.6400,1.798962
FILLER_32_212,VPWR,li1,103.9600,100.6400,1.798962
FILLER_32_203,VPWR,li1,99.3600,100.6400,1.798995
FILLER_32_197,VPWR,li1,96.3700,100.6400,1.799010
FILLER_32_193,VPWR,li1,94.9900,100.6400,1.799026
FILLER_32_184,VPWR,li1,90.8500,100.6400,1.799061
FILLER_32_176,VPWR,li1,88.3200,100.6400,1.799082
FILLER_32_159,VPWR,li1,78.8900,100.6400,1.799194
FILLER_32_153,VPWR,li1,77.2800,100.6400,1.799194
FILLER_32_141,VPWR,li1,73.1400,100.6400,1.799237
FILLER_32_139,VPWR,li1,69.6900,100.6400,1.799273
FILLER_32_133,VPWR,li1,68.0800,100.6400,1.799297
FILLER_32_121,VPWR,li1,63.9400,100.6400,1.799347
FILLER_32_113,VPWR,li1,57.9600,100.6400,1.799399
FILLER_32_101,VPWR,li1,54.7400,100.6400,1.799453
FILLER_32_97,VPWR,li1,50.3700,100.6400,1.799506
FILLER_32_83,VPWR,li1,43.9300,100.6400,1.799567
FILLER_32_75,VPWR,li1,41.8600,100.6400,1.799592
FILLER_32_67,VPWR,li1,36.5700,100.6400,1.799670
FILLER_32_55,VPWR,li1,33.5800,100.6400,1.799697
FILLER_32_41,VPWR,li1,25.3000,100.6400,1.799805
FILLER_32_29,VPWR,li1,21.6200,100.6400,1.799860
FILLER_32_27,VPWR,li1,18.1700,100.6400,1.799857
FILLER_32_3,VPWR,li1,7.1300,100.6400,1.799852
FILLER_31_797,VPWR,li1,373.0600,95.2000,1.799551
FILLER_31_785,VPWR,li1,369.3800,95.2000,1.799551
FILLER_31_783,VPWR,li1,365.9300,95.2000,1.799552
FILLER_31_770,VPWR,li1,360.4100,95.2000,1.799554
FILLER_31_758,VPWR,li1,356.9600,95.2000,1.799556
FILLER_31_746,VPWR,li1,351.4400,95.2000,1.799559
FILLER_31_742,VPWR,li1,347.0700,95.2000,1.799563
FILLER_31_736,VPWR,li1,345.4600,95.2000,1.799563
FILLER_31_727,VPWR,li1,340.1700,95.2000,1.799567
FILLER_31_715,VPWR,li1,337.1800,95.2000,1.799570
FILLER_31_703,VPWR,li1,331.6600,95.2000,1.799604
FILLER_31_680,VPWR,li1,319.2400,95.2000,1.799479
FILLER_31_659,VPWR,li1,310.5000,95.2000,1.799393
FILLER_31_649,VPWR,li1,304.2900,95.2000,1.799345
FILLER_31_645,VPWR,li1,303.1400,95.2000,1.799324
FILLER_31_633,VPWR,li1,299.4600,95.2000,1.799308
FILLER_31_625,VPWR,li1,293.7100,95.2000,1.799265
FILLER_31_617,VPWR,li1,291.1800,95.2000,1.799238
FILLER_31_610,VPWR,li1,287.5000,95.2000,1.799217
FILLER_31_597,VPWR,li1,280.3700,95.2000,1.799163
FILLER_31_593,VPWR,li1,279.2200,95.2000,1.799143
FILLER_31_569,VPWR,li1,267.4900,95.2000,1.799086
FILLER_31_561,VPWR,li1,265.4200,95.2000,1.799079
FILLER_31_559,VPWR,li1,262.8900,95.2000,1.799071
FILLER_31_547,VPWR,li1,259.9000,95.2000,1.799058
FILLER_31_535,VPWR,li1,254.3800,95.2000,1.799043
FILLER_31_522,VPWR,li1,245.8700,95.2000,1.799022
FILLER_31_518,VPWR,li1,244.7200,95.2000,1.799022
FILLER_31_492,VPWR,li1,234.6000,95.2000,1.799019
FILLER_31_483,VPWR,li1,227.9300,95.2000,1.799020
FILLER_31_477,VPWR,li1,226.3200,95.2000,1.799020
FILLER_31_473,VPWR,li1,223.3300,95.2000,1.799020
FILLER_31_461,VPWR,li1,220.3400,95.2000,1.799021
FILLER_31_449,VPWR,li1,214.8200,95.2000,1.799022
FILLER_31_442,VPWR,li1,210.2200,95.2000,1.799023
FILLER_31_399,VPWR,li1,189.2900,95.2000,1.799045
FILLER_31_393,VPWR,li1,187.6800,95.2000,1.799045
FILLER_31_391,VPWR,li1,185.6100,95.2000,1.799049
FILLER_31_387,VPWR,li1,184.4600,95.2000,1.799049
FILLER_31_375,VPWR,li1,180.7800,95.2000,1.799054
FILLER_31_363,VPWR,li1,174.3400,95.2000,1.798852
FILLER_31_357,VPWR,li1,169.9700,95.2000,1.798599
FILLER_31_349,VPWR,li1,167.9000,95.2000,1.798480
FILLER_31_337,VPWR,li1,161.0000,95.2000,1.798353
FILLER_31_332,VPWR,li1,159.1600,95.2000,1.798344
FILLER_31_320,VPWR,li1,155.4800,95.2000,1.798325
FILLER_31_308,VPWR,li1,149.9600,95.2000,1.798321
FILLER_31_299,VPWR,li1,143.5200,95.2000,1.798363
FILLER_31_281,VPWR,li1,136.6200,95.2000,1.798417
FILLER_31_274,VPWR,li1,132.9400,95.2000,1.798459
FILLER_31_268,VPWR,li1,129.4900,95.2000,1.798477
FILLER_31_260,VPWR,li1,126.9600,95.2000,1.798498
FILLER_31_249,VPWR,li1,120.9800,95.2000,1.798556
FILLER_31_237,VPWR,li1,117.3000,95.2000,1.798587
FILLER_31_225,VPWR,li1,111.7800,95.2000,1.798632
FILLER_31_222,VPWR,li1,108.1000,95.2000,1.798658
FILLER_31_210,VPWR,li1,104.8800,95.2000,1.798686
FILLER_31_193,VPWR,li1,94.9900,95.2000,1.798801
FILLER_31_181,VPWR,li1,91.5400,95.2000,1.798846
FILLER_31_169,VPWR,li1,86.0200,95.2000,1.798922
FILLER_31_167,VPWR,li1,82.5700,95.2000,1.798965
FILLER_31_163,VPWR,li1,81.4200,95.2000,1.798965
FILLER_31_155,VPWR,li1,77.0500,95.2000,1.799024
FILLER_31_141,VPWR,li1,70.6100,95.2000,1.799117
FILLER_31_137,VPWR,li1,69.4600,95.2000,1.799145
FILLER_31_125,VPWR,li1,65.7800,95.2000,1.799186
FILLER_31_113,VPWR,li1,60.2600,95.2000,1.799252
FILLER_31_104,VPWR,li1,55.2000,95.2000,1.799332
FILLER_31_92,VPWR,li1,50.6000,95.2000,1.799411
FILLER_31_86,VPWR,li1,45.3100,95.2000,1.799464
FILLER_31_78,VPWR,li1,43.2400,95.2000,1.799500
FILLER_31_65,VPWR,li1,36.1100,95.2000,1.799598
FILLER_31_57,VPWR,li1,33.5800,95.2000,1.799643
FILLER_31_54,VPWR,li1,30.8200,95.2000,1.799678
FILLER_31_35,VPWR,li1,21.8500,95.2000,1.799837
FILLER_31_31,VPWR,li1,20.7000,95.2000,1.799837
FILLER_30_807,VPWR,li1,376.9700,95.2000,1.799550
FILLER_30_799,VPWR,li1,374.9000,95.2000,1.799550
FILLER_30_787,VPWR,li1,370.3000,95.2000,1.799551
FILLER_30_757,VPWR,li1,355.5800,95.2000,1.799556
FILLER_30_752,VPWR,li1,352.3600,95.2000,1.799558
FILLER_30_737,VPWR,li1,346.3800,95.2000,1.799563
FILLER_30_725,VPWR,li1,341.7800,95.2000,1.799567
FILLER_30_708,VPWR,li1,331.8900,95.2000,1.799604
FILLER_30_699,VPWR,li1,327.2900,95.2000,1.799602
FILLER_30_693,VPWR,li1,325.6800,95.2000,1.799571
FILLER_30_681,VPWR,li1,321.5400,95.2000,1.799507
FILLER_30_669,VPWR,li1,316.0200,95.2000,1.799438
FILLER_30_657,VPWR,li1,310.5000,95.2000,1.799393
FILLER_30_645,VPWR,li1,304.9800,95.2000,1.799345
FILLER_30_643,VPWR,li1,301.5300,95.2000,1.799324
FILLER_30_637,VPWR,li1,299.9200,95.2000,1.799308
FILLER_30_625,VPWR,li1,295.7800,95.2000,1.799279
FILLER_30_613,VPWR,li1,290.2600,95.2000,1.799238
FILLER_30_601,VPWR,li1,284.7400,95.2000,1.799196
FILLER_30_589,VPWR,li1,279.2200,95.2000,1.799143
FILLER_30_586,VPWR,li1,275.5400,95.2000,1.799128
FILLER_30_579,VPWR,li1,272.0900,95.2000,1.799103
FILLER_30_567,VPWR,li1,267.7200,95.2000,1.799086
FILLER_30_555,VPWR,li1,263.5800,95.2000,1.799071
FILLER_30_545,VPWR,li1,256.6800,95.2000,1.799050
FILLER_30_537,VPWR,li1,252.7700,95.2000,1.799034
FILLER_30_533,VPWR,li1,251.6200,95.2000,1.799034
FILLER_30_530,VPWR,li1,249.7800,95.2000,1.799029
FILLER_30_522,VPWR,li1,247.4800,95.2000,1.799023
FILLER_30_510,VPWR,li1,242.8800,95.2000,1.799020
FILLER_30_505,VPWR,li1,238.0500,95.2000,1.799019
FILLER_30_501,VPWR,li1,236.9000,95.2000,1.799019
FILLER_30_489,VPWR,li1,233.2200,95.2000,1.799019
FILLER_30_477,VPWR,li1,227.7000,95.2000,1.799020
FILLER_30_464,VPWR,li1,221.7200,95.2000,1.799021
FILLER_30_453,VPWR,li1,214.1300,95.2000,1.799022
FILLER_30_449,VPWR,li1,212.9800,95.2000,1.799022
FILLER_30_421,VPWR,li1,199.4100,95.2000,1.799031
FILLER_30_419,VPWR,li1,198.4900,95.2000,1.799033
FILLER_30_411,VPWR,li1,195.2700,95.2000,1.799035
FILLER_30_405,VPWR,li1,192.5100,95.2000,1.799038
FILLER_30_397,VPWR,li1,189.9800,95.2000,1.799042
FILLER_30_385,VPWR,li1,185.3800,95.2000,1.799049
FILLER_30_363,VPWR,li1,172.7300,95.2000,1.798852
FILLER_30_339,VPWR,li1,162.1500,95.2000,1.798353
FILLER_30_331,VPWR,li1,159.6200,95.2000,1.798344
FILLER_30_309,VPWR,li1,147.8900,95.2000,1.798336
FILLER_30_306,VPWR,li1,146.7400,95.2000,1.798348
FILLER_30_297,VPWR,li1,142.3700,95.2000,1.798378
FILLER_30_289,VPWR,li1,140.3000,95.2000,1.798397
FILLER_30_271,VPWR,li1,131.5600,95.2000,1.798459
FILLER_30_259,VPWR,li1,127.4200,95.2000,1.798498
FILLER_30_253,VPWR,li1,122.1300,95.2000,1.798539
FILLER_30_251,VPWR,li1,121.2100,95.2000,1.798556
FILLER_30_247,VPWR,li1,120.0600,95.2000,1.798556
FILLER_30_235,VPWR,li1,116.3800,95.2000,1.798587
FILLER_30_217,VPWR,li1,106.0300,95.2000,1.798686
FILLER_30_205,VPWR,li1,102.5800,95.2000,1.798705
FILLER_30_197,VPWR,li1,96.6000,95.2000,1.798775
FILLER_30_188,VPWR,li1,93.8400,95.2000,1.798801
FILLER_30_178,VPWR,li1,88.0900,95.2000,1.798877
FILLER_30_166,VPWR,li1,84.6400,95.2000,1.798922
FILLER_30_155,VPWR,li1,77.5100,95.2000,1.799024
FILLER_30_147,VPWR,li1,74.9800,95.2000,1.799051
FILLER_30_124,VPWR,li1,63.2500,95.2000,1.799211
FILLER_30_101,VPWR,li1,52.4400,95.2000,1.799362
FILLER_30_85,VPWR,li1,45.3100,95.2000,1.799464
FILLER_30_78,VPWR,li1,42.7800,95.2000,1.799500
FILLER_30_63,VPWR,li1,34.7300,95.2000,1.799643
FILLER_30_57,VPWR,li1,33.1200,95.2000,1.799643
FILLER_30_39,VPWR,li1,25.3000,95.2000,1.799763
FILLER_30_26,VPWR,li1,17.9400,95.2000,1.799835
FILLER_29_805,VPWR,li1,376.5100,89.7600,1.799453
FILLER_29_797,VPWR,li1,373.9800,89.7600,1.799453
FILLER_29_785,VPWR,li1,369.3800,89.7600,1.799453
FILLER_29_783,VPWR,li1,365.9300,89.7600,1.799453
FILLER_29_768,VPWR,li1,359.2600,89.7600,1.799454
FILLER_29_758,VPWR,li1,354.8900,89.7600,1.799454
FILLER_29_733,VPWR,li1,342.9300,89.7600,1.799461
FILLER_29_729,VPWR,li1,341.7800,89.7600,1.799463
FILLER_29_727,VPWR,li1,340.1700,89.7600,1.799463
FILLER_29_721,VPWR,li1,338.5600,89.7600,1.799465
FILLER_29_709,VPWR,li1,331.8900,89.7600,1.799583
FILLER_29_702,VPWR,li1,328.6700,89.7600,1.799631
FILLER_29_696,VPWR,li1,327.0600,89.7600,1.799631
FILLER_29_683,VPWR,li1,320.3900,89.7600,1.799569
FILLER_29_679,VPWR,li1,318.0900,89.7600,1.799555
FILLER_29_673,VPWR,li1,316.4800,89.7600,1.799531
FILLER_29_664,VPWR,li1,312.8000,89.7600,1.799516
FILLER_29_652,VPWR,li1,308.2000,89.7600,1.799483
FILLER_29_640,VPWR,li1,302.6800,89.7600,1.799441
FILLER_29_634,VPWR,li1,297.3900,89.7600,1.799399
FILLER_29_625,VPWR,li1,293.7100,89.7600,1.799386
FILLER_29_617,VPWR,li1,291.1800,89.7600,1.799370
FILLER_29_615,VPWR,li1,288.6500,89.7600,1.799345
FILLER_29_611,VPWR,li1,287.5000,89.7600,1.799345
FILLER_29_596,VPWR,li1,280.3700,89.7600,1.799304
FILLER_29_588,VPWR,li1,277.8400,89.7600,1.799280
FILLER_29_576,VPWR,li1,273.2400,89.7600,1.799263
FILLER_29_561,VPWR,li1,265.4200,89.7600,1.799216
FILLER_29_552,VPWR,li1,261.2800,89.7600,1.799194
FILLER_29_541,VPWR,li1,255.3000,89.7600,1.799172
FILLER_29_532,VPWR,li1,250.9300,89.7600,1.799147
FILLER_29_525,VPWR,li1,247.2500,89.7600,1.799135
FILLER_29_517,VPWR,li1,245.1800,89.7600,1.799123
FILLER_29_505,VPWR,li1,240.5800,89.7600,1.799106
FILLER_29_503,VPWR,li1,237.1300,89.7600,1.799091
FILLER_29_488,VPWR,li1,231.8400,89.7600,1.799068
FILLER_29_476,VPWR,li1,227.2400,89.7600,1.799049
FILLER_29_464,VPWR,li1,220.8000,89.7600,1.799028
FILLER_29_449,VPWR,li1,212.2900,89.7600,1.798998
FILLER_29_446,VPWR,li1,211.1400,89.7600,1.798998
FILLER_29_425,VPWR,li1,201.2500,89.7600,1.798969
FILLER_29_417,VPWR,li1,199.1800,89.7600,1.798964
FILLER_29_405,VPWR,li1,194.5800,89.7600,1.798952
FILLER_29_393,VPWR,li1,189.0600,89.7600,1.798937
FILLER_29_391,VPWR,li1,185.6100,89.7600,1.798925
FILLER_29_387,VPWR,li1,184.4600,89.7600,1.798925
FILLER_29_375,VPWR,li1,180.7800,89.7600,1.798930
FILLER_29_359,VPWR,li1,172.5000,89.7600,1.798794
FILLER_29_347,VPWR,li1,167.9000,89.7600,1.798504
FILLER_29_335,VPWR,li1,159.8500,89.7600,1.798330
FILLER_29_316,VPWR,li1,153.6400,89.7600,1.798313
FILLER_29_309,VPWR,li1,148.1200,89.7600,1.798357
FILLER_29_301,VPWR,li1,145.8200,89.7600,1.798378
FILLER_29_289,VPWR,li1,141.2200,89.7600,1.798421
FILLER_29_272,VPWR,li1,130.8700,89.7600,1.798523
FILLER_29_266,VPWR,li1,129.2600,89.7600,1.798543
FILLER_29_241,VPWR,li1,117.3000,89.7600,1.798652
FILLER_29_233,VPWR,li1,112.9300,89.7600,1.798696
FILLER_29_225,VPWR,li1,109.2500,89.7600,1.798735
FILLER_29_214,VPWR,li1,104.8800,89.7600,1.798786
FILLER_29_202,VPWR,li1,101.2000,89.7600,1.798820
FILLER_29_190,VPWR,li1,95.6800,89.7600,1.798894
FILLER_29_173,VPWR,li1,85.3300,89.7600,1.798992
FILLER_29_169,VPWR,li1,84.1800,89.7600,1.799017
FILLER_29_159,VPWR,li1,79.1200,89.7600,1.799064
FILLER_29_147,VPWR,li1,75.9000,89.7600,1.799099
FILLER_29_125,VPWR,li1,63.4800,89.7600,1.799268
FILLER_29_113,VPWR,li1,60.2600,89.7600,1.799296
FILLER_29_110,VPWR,li1,56.5800,89.7600,1.799360
FILLER_29_105,VPWR,li1,54.2800,89.7600,1.799392
FILLER_29_91,VPWR,li1,48.3000,89.7600,1.799459
FILLER_29_85,VPWR,li1,44.8500,89.7600,1.799521
FILLER_29_73,VPWR,li1,41.8600,89.7600,1.799550
FILLER_29_50,VPWR,li1,29.9000,89.7600,1.799720
FILLER_29_37,VPWR,li1,24.3800,89.7600,1.799799
FILLER_29_28,VPWR,li1,18.8600,89.7600,1.799846
FILLER_28_810,VPWR,li1,378.3500,89.7600,1.799453
FILLER_28_804,VPWR,li1,376.7400,89.7600,1.799453
FILLER_28_792,VPWR,li1,372.6000,89.7600,1.799453
FILLER_28_780,VPWR,li1,367.0800,89.7600,1.799453
FILLER_28_768,VPWR,li1,361.5600,89.7600,1.799453
FILLER_28_757,VPWR,li1,355.1200,89.7600,1.799454
FILLER_28_754,VPWR,li1,352.8200,89.7600,1.799455
FILLER_28_742,VPWR,li1,349.6000,89.7600,1.799457
FILLER_28_735,VPWR,li1,344.3100,89.7600,1.799461
FILLER_28_727,VPWR,li1,341.7800,89.7600,1.799463
FILLER_28_719,VPWR,li1,336.4900,89.7600,1.799495
FILLER_28_713,VPWR,li1,334.8800,89.7600,1.799535
FILLER_28_701,VPWR,li1,330.7400,89.7600,1.799649
FILLER_28_692,VPWR,li1,325.6800,89.7600,1.799612
FILLER_28_679,VPWR,li1,318.3200,89.7600,1.799555
FILLER_28_649,VPWR,li1,304.2900,89.7600,1.799456
FILLER_28_627,VPWR,li1,294.6300,89.7600,1.799386
FILLER_28_593,VPWR,li1,278.5300,89.7600,1.799294
FILLER_28_589,VPWR,li1,277.3800,89.7600,1.799280
FILLER_28_576,VPWR,li1,273.2400,89.7600,1.799263
FILLER_28_557,VPWR,li1,262.4300,89.7600,1.799205
FILLER_28_549,VPWR,li1,258.2900,89.7600,1.799183
FILLER_28_543,VPWR,li1,256.6800,89.7600,1.799172
FILLER_28_530,VPWR,li1,249.7800,89.7600,1.799147
FILLER_28_505,VPWR,li1,240.5800,89.7600,1.799106
FILLER_28_496,VPWR,li1,234.1400,89.7600,1.799078
FILLER_28_485,VPWR,li1,229.5400,89.7600,1.799059
FILLER_28_468,VPWR,li1,221.2600,89.7600,1.799028
FILLER_28_460,VPWR,li1,218.9600,89.7600,1.799022
FILLER_28_442,VPWR,li1,210.6800,89.7600,1.798992
FILLER_28_430,VPWR,li1,206.0800,89.7600,1.798983
FILLER_28_421,VPWR,li1,199.6400,89.7600,1.798964
FILLER_28_419,VPWR,li1,198.4900,89.7600,1.798959
FILLER_28_415,VPWR,li1,197.3400,89.7600,1.798959
FILLER_28_403,VPWR,li1,193.6600,89.7600,1.798947
FILLER_28_377,VPWR,li1,179.6300,89.7600,1.798930
FILLER_28_363,VPWR,li1,172.7300,89.7600,1.798794
FILLER_28_336,VPWR,li1,161.4600,89.7600,1.798330
FILLER_28_325,VPWR,li1,155.7100,89.7600,1.798314
FILLER_28_317,VPWR,li1,151.5700,89.7600,1.798328
FILLER_28_309,VPWR,li1,149.5000,89.7600,1.798357
FILLER_28_307,VPWR,li1,146.9700,89.7600,1.798378
FILLER_28_303,VPWR,li1,145.8200,89.7600,1.798378
FILLER_28_291,VPWR,li1,142.1400,89.7600,1.798421
FILLER_28_279,VPWR,li1,136.6200,89.7600,1.798464
FILLER_28_271,VPWR,li1,130.4100,89.7600,1.798523
FILLER_28_263,VPWR,li1,128.3400,89.7600,1.798543
FILLER_28_250,VPWR,li1,120.9800,89.7600,1.798627
FILLER_28_242,VPWR,li1,118.6800,89.7600,1.798652
FILLER_28_233,VPWR,li1,113.3900,89.7600,1.798696
FILLER_28_209,VPWR,li1,104.4200,89.7600,1.798786
FILLER_28_197,VPWR,li1,98.9000,89.7600,1.798845
FILLER_28_195,VPWR,li1,95.4500,89.7600,1.798894
FILLER_28_191,VPWR,li1,94.3000,89.7600,1.798894
FILLER_28_185,VPWR,li1,91.3100,89.7600,1.798941
FILLER_28_173,VPWR,li1,87.8600,89.7600,1.798971
FILLER_28_153,VPWR,li1,76.5900,89.7600,1.799099
FILLER_28_141,VPWR,li1,73.1400,89.7600,1.799139
FILLER_28_126,VPWR,li1,63.7100,89.7600,1.799268
FILLER_28_120,VPWR,li1,62.1000,89.7600,1.799268
FILLER_28_105,VPWR,li1,56.5800,89.7600,1.799360
FILLER_28_97,VPWR,li1,50.3700,89.7600,1.799430
FILLER_28_85,VPWR,li1,47.3800,89.7600,1.799488
FILLER_28_83,VPWR,li1,43.9300,89.7600,1.799521
FILLER_28_77,VPWR,li1,42.3200,89.7600,1.799550
FILLER_28_65,VPWR,li1,38.1800,89.7600,1.799602
FILLER_28_60,VPWR,li1,33.3500,89.7600,1.799687
FILLER_28_56,VPWR,li1,32.2000,89.7600,1.799687
FILLER_28_44,VPWR,li1,25.9900,89.7600,1.799799
FILLER_28_38,VPWR,li1,24.3800,89.7600,1.799799
FILLER_28_3,VPWR,li1,7.1300,89.7600,1.799843
FILLER_27_805,VPWR,li1,376.5100,84.3200,1.799366
FILLER_27_797,VPWR,li1,373.9800,84.3200,1.799367
FILLER_27_785,VPWR,li1,369.3800,84.3200,1.799368
FILLER_27_783,VPWR,li1,365.9300,84.3200,1.799368
FILLER_27_775,VPWR,li1,363.8600,84.3200,1.799369
FILLER_27_753,VPWR,li1,354.6600,84.3200,1.799373
FILLER_27_741,VPWR,li1,349.1400,84.3200,1.799376
FILLER_27_729,VPWR,li1,343.6200,84.3200,1.799378
FILLER_27_726,VPWR,li1,339.9400,84.3200,1.799381
FILLER_27_710,VPWR,li1,332.3500,84.3200,1.799522
FILLER_27_698,VPWR,li1,329.3600,84.3200,1.799614
FILLER_27_686,VPWR,li1,323.8400,84.3200,1.799583
FILLER_27_673,VPWR,li1,316.9400,84.3200,1.799530
FILLER_27_671,VPWR,li1,314.4100,84.3200,1.799498
FILLER_27_665,VPWR,li1,312.8000,84.3200,1.799498
FILLER_27_657,VPWR,li1,308.4300,84.3200,1.799454
FILLER_27_640,VPWR,li1,300.6100,84.3200,1.799406
FILLER_27_629,VPWR,li1,295.7800,84.3200,1.799370
FILLER_27_617,VPWR,li1,292.1000,84.3200,1.799343
FILLER_27_603,VPWR,li1,283.5900,84.3200,1.799270
FILLER_27_599,VPWR,li1,281.2900,84.3200,1.799256
FILLER_27_587,VPWR,li1,278.3000,84.3200,1.799241
FILLER_27_575,VPWR,li1,272.7800,84.3200,1.799196
FILLER_27_569,VPWR,li1,267.9500,84.3200,1.799169
FILLER_27_561,VPWR,li1,265.4200,84.3200,1.799154
FILLER_27_556,VPWR,li1,262.2000,84.3200,1.799134
FILLER_27_550,VPWR,li1,258.9800,84.3200,1.799115
FILLER_27_542,VPWR,li1,255.0700,84.3200,1.799093
FILLER_27_538,VPWR,li1,253.9200,84.3200,1.799077
FILLER_27_530,VPWR,li1,249.7800,84.3200,1.799063
FILLER_27_517,VPWR,li1,244.7200,84.3200,1.799034
FILLER_27_509,VPWR,li1,239.8900,84.3200,1.799011
FILLER_27_505,VPWR,li1,238.7400,84.3200,1.799003
FILLER_27_492,VPWR,li1,234.6000,84.3200,1.798993
FILLER_27_480,VPWR,li1,229.0800,84.3200,1.798972
FILLER_27_472,VPWR,li1,223.1000,84.3200,1.798965
FILLER_27_464,VPWR,li1,220.8000,84.3200,1.798961
FILLER_27_453,VPWR,li1,214.1300,84.3200,1.798949
FILLER_27_449,VPWR,li1,212.9800,84.3200,1.798949
FILLER_27_442,VPWR,li1,209.3000,84.3200,1.798944
FILLER_27_434,VPWR,li1,207.0000,84.3200,1.798941
FILLER_27_413,VPWR,li1,195.9600,84.3200,1.798929
FILLER_27_405,VPWR,li1,193.6600,84.3200,1.798926
FILLER_27_393,VPWR,li1,189.0600,84.3200,1.798924
FILLER_27_380,VPWR,li1,183.0800,84.3200,1.798920
FILLER_27_368,VPWR,li1,177.5600,84.3200,1.798937
FILLER_27_357,VPWR,li1,169.9700,84.3200,1.798424
FILLER_27_353,VPWR,li1,168.8200,84.3200,1.798424
FILLER_27_346,VPWR,li1,165.1400,84.3200,1.798177
FILLER_27_337,VPWR,li1,161.0000,84.3200,1.797942
FILLER_27_334,VPWR,li1,159.6200,84.3200,1.797942
FILLER_27_326,VPWR,li1,157.3200,84.3200,1.797879
FILLER_27_312,VPWR,li1,150.8800,84.3200,1.797833
FILLER_27_289,VPWR,li1,139.1500,84.3200,1.797882
FILLER_27_281,VPWR,li1,136.6200,84.3200,1.797900
FILLER_27_279,VPWR,li1,134.0900,84.3200,1.797919
FILLER_27_262,VPWR,li1,126.5000,84.3200,1.797970
FILLER_27_254,VPWR,li1,124.2000,84.3200,1.797987
FILLER_27_242,VPWR,li1,119.6000,84.3200,1.798029
FILLER_27_230,VPWR,li1,114.0800,84.3200,1.798064
FILLER_27_223,VPWR,li1,108.3300,84.3200,1.798112
FILLER_27_217,VPWR,li1,106.7200,84.3200,1.798112
FILLER_27_181,VPWR,li1,89.7000,84.3200,1.798338
FILLER_27_169,VPWR,li1,86.0200,84.3200,1.798407
FILLER_27_160,VPWR,li1,80.9600,84.3200,1.798502
FILLER_27_147,VPWR,li1,74.5200,84.3200,1.798624
FILLER_27_135,VPWR,li1,70.3800,84.3200,1.798724
FILLER_27_113,VPWR,li1,57.7300,84.3200,1.798972
FILLER_27_111,VPWR,li1,56.8100,84.3200,1.798972
FILLER_27_103,VPWR,li1,54.7400,84.3200,1.799034
FILLER_27_81,VPWR,li1,43.0100,84.3200,1.799291
FILLER_27_51,VPWR,li1,29.2100,84.3200,1.799610
FILLER_27_47,VPWR,li1,28.0600,84.3200,1.799610
FILLER_27_35,VPWR,li1,24.3800,84.3200,1.799696
FILLER_27_23,VPWR,li1,18.8600,84.3200,1.799760
FILLER_27_12,VPWR,li1,11.2700,84.3200,1.799758
FILLER_27_3,VPWR,li1,7.3600,84.3200,1.799758
FILLER_26_795,VPWR,li1,373.9800,84.3200,1.799367
FILLER_26_783,VPWR,li1,368.4600,84.3200,1.799368
FILLER_26_757,VPWR,li1,353.9700,84.3200,1.799373
FILLER_26_753,VPWR,li1,352.5900,84.3200,1.799374
FILLER_26_743,VPWR,li1,347.5300,84.3200,1.799376
FILLER_26_731,VPWR,li1,344.5400,84.3200,1.799378
FILLER_26_719,VPWR,li1,339.0200,84.3200,1.799383
FILLER_26_713,VPWR,li1,333.7300,84.3200,1.799429
FILLER_26_701,VPWR,li1,330.7400,84.3200,1.799522
FILLER_26_699,VPWR,li1,327.2900,84.3200,1.799598
FILLER_26_693,VPWR,li1,325.6800,84.3200,1.799598
FILLER_26_681,VPWR,li1,321.5400,84.3200,1.799553
FILLER_26_669,VPWR,li1,316.0200,84.3200,1.799514
FILLER_26_657,VPWR,li1,310.5000,84.3200,1.799479
FILLER_26_645,VPWR,li1,304.9800,84.3200,1.799439
FILLER_26_643,VPWR,li1,301.5300,84.3200,1.799406
FILLER_26_637,VPWR,li1,299.9200,84.3200,1.799389
FILLER_26_625,VPWR,li1,295.7800,84.3200,1.799370
FILLER_26_613,VPWR,li1,290.2600,84.3200,1.799329
FILLER_26_601,VPWR,li1,284.7400,84.3200,1.799289
FILLER_26_597,VPWR,li1,280.3700,84.3200,1.799256
FILLER_26_589,VPWR,li1,278.3000,84.3200,1.799241
FILLER_26_587,VPWR,li1,275.7700,84.3200,1.799214
FILLER_26_583,VPWR,li1,274.6200,84.3200,1.799214
FILLER_26_565,VPWR,li1,266.3400,84.3200,1.799154
FILLER_26_553,VPWR,li1,262.6600,84.3200,1.799134
FILLER_26_545,VPWR,li1,256.6800,84.3200,1.799093
FILLER_26_533,VPWR,li1,253.4600,84.3200,1.799077
FILLER_26_530,VPWR,li1,249.7800,84.3200,1.799063
FILLER_26_518,VPWR,li1,246.5600,84.3200,1.799044
FILLER_26_492,VPWR,li1,232.7600,84.3200,1.798987
FILLER_26_477,VPWR,li1,225.4000,84.3200,1.798968
FILLER_26_475,VPWR,li1,224.2500,84.3200,1.798965
FILLER_26_456,VPWR,li1,215.9700,84.3200,1.798951
FILLER_26_439,VPWR,li1,208.3800,84.3200,1.798941
FILLER_26_427,VPWR,li1,204.7000,84.3200,1.798938
FILLER_26_419,VPWR,li1,198.4900,84.3200,1.798931
FILLER_26_396,VPWR,li1,188.6000,84.3200,1.798924
FILLER_26_365,VPWR,li1,175.2600,84.3200,1.798947
FILLER_26_362,VPWR,li1,172.5000,84.3200,1.798562
FILLER_26_354,VPWR,li1,170.2000,84.3200,1.798424
FILLER_26_342,VPWR,li1,165.6000,84.3200,1.798177
FILLER_26_319,VPWR,li1,153.1800,84.3200,1.797837
FILLER_26_304,VPWR,li1,146.2800,84.3200,1.797843
FILLER_26_297,VPWR,li1,142.3700,84.3200,1.797866
FILLER_26_285,VPWR,li1,139.3800,84.3200,1.797882
FILLER_26_273,VPWR,li1,133.8600,84.3200,1.797919
FILLER_26_265,VPWR,li1,128.1100,84.3200,1.797970
FILLER_26_257,VPWR,li1,125.5800,84.3200,1.797987
FILLER_26_251,VPWR,li1,121.2100,84.3200,1.798008
FILLER_26_239,VPWR,li1,118.2200,84.3200,1.798029
FILLER_26_233,VPWR,li1,113.3900,84.3200,1.798064
FILLER_26_225,VPWR,li1,110.8600,84.3200,1.798082
FILLER_26_210,VPWR,li1,104.8800,84.3200,1.798125
FILLER_26_189,VPWR,li1,92.6900,84.3200,1.798304
FILLER_26_185,VPWR,li1,91.5400,84.3200,1.798304
FILLER_26_173,VPWR,li1,87.8600,84.3200,1.798373
FILLER_26_161,VPWR,li1,82.3400,84.3200,1.798502
FILLER_26_147,VPWR,li1,73.3700,84.3200,1.798676
FILLER_26_141,VPWR,li1,71.7600,84.3200,1.798676
FILLER_26_137,VPWR,li1,69.2300,84.3200,1.798724
FILLER_26_125,VPWR,li1,65.7800,84.3200,1.798790
FILLER_26_111,VPWR,li1,56.8100,84.3200,1.798972
FILLER_26_99,VPWR,li1,53.8200,84.3200,1.799034
FILLER_26_91,VPWR,li1,47.6100,84.3200,1.799192
FILLER_26_76,VPWR,li1,42.3200,84.3200,1.799291
FILLER_26_65,VPWR,li1,35.8800,84.3200,1.799428
FILLER_26_52,VPWR,li1,29.6700,84.3200,1.799610
FILLER_26_48,VPWR,li1,28.5200,84.3200,1.799610
FILLER_26_29,VPWR,li1,21.6200,84.3200,1.799761
FILLER_26_20,VPWR,li1,16.5600,84.3200,1.799759
FILLER_25_805,VPWR,li1,376.5100,78.8800,1.799790
FILLER_25_797,VPWR,li1,373.9800,78.8800,1.799790
FILLER_25_785,VPWR,li1,369.3800,78.8800,1.799791
FILLER_25_781,VPWR,li1,365.4700,78.8800,1.799791
FILLER_25_773,VPWR,li1,362.9400,78.8800,1.799791
FILLER_25_767,VPWR,li1,358.5700,78.8800,1.799791
FILLER_25_761,VPWR,li1,356.9600,78.8800,1.799791
FILLER_25_739,VPWR,li1,345.9200,78.8800,1.799795
FILLER_25_729,VPWR,li1,341.3200,78.8800,1.799797
FILLER_25_709,VPWR,li1,334.4200,78.8800,1.799805
FILLER_25_687,VPWR,li1,322.0000,78.8800,1.799753
FILLER_25_666,VPWR,li1,312.1100,78.8800,1.799694
FILLER_25_653,VPWR,li1,307.2800,78.8800,1.799665
FILLER_25_641,VPWR,li1,303.1400,78.8800,1.799642
FILLER_25_617,VPWR,li1,290.2600,78.8800,1.799587
FILLER_25_613,VPWR,li1,288.1900,78.8800,1.799578
FILLER_25_607,VPWR,li1,285.2000,78.8800,1.799565
FILLER_25_595,VPWR,li1,279.4500,78.8800,1.799541
FILLER_25_580,VPWR,li1,273.2400,78.8800,1.799531
FILLER_25_573,VPWR,li1,269.3300,78.8800,1.799531
FILLER_25_561,VPWR,li1,266.3400,78.8800,1.799538
FILLER_25_559,VPWR,li1,262.8900,78.8800,1.799546
FILLER_25_551,VPWR,li1,260.8200,78.8800,1.799551
FILLER_25_529,VPWR,li1,249.3200,78.8800,1.799580
FILLER_25_521,VPWR,li1,247.0200,78.8800,1.799587
FILLER_25_509,VPWR,li1,242.4200,78.8800,1.799597
FILLER_25_505,VPWR,li1,238.0500,78.8800,1.799611
FILLER_25_492,VPWR,li1,234.6000,78.8800,1.799619
FILLER_25_473,VPWR,li1,225.8600,78.8800,1.799644
FILLER_25_459,VPWR,li1,217.5800,78.8800,1.799669
FILLER_25_447,VPWR,li1,211.3700,78.8800,1.799692
FILLER_25_435,VPWR,li1,208.3800,78.8800,1.799701
FILLER_25_428,VPWR,li1,202.6300,78.8800,1.799720
FILLER_25_416,VPWR,li1,199.6400,78.8800,1.799733
FILLER_25_393,VPWR,li1,186.9900,78.8800,1.799784
FILLER_25_390,VPWR,li1,185.3800,78.8800,1.799784
FILLER_25_378,VPWR,li1,182.1600,78.8800,1.799796
FILLER_25_360,VPWR,li1,171.8100,78.8800,1.799794
FILLER_25_349,VPWR,li1,166.7500,78.8800,1.799728
FILLER_25_337,VPWR,li1,163.3000,78.8800,1.799683
FILLER_25_335,VPWR,li1,159.8500,78.8800,1.799623
FILLER_25_323,VPWR,li1,156.8600,78.8800,1.799599
FILLER_25_311,VPWR,li1,151.3400,78.8800,1.799550
FILLER_25_301,VPWR,li1,144.4400,78.8800,1.799512
FILLER_25_293,VPWR,li1,142.1400,78.8800,1.799493
FILLER_25_281,VPWR,li1,137.5400,78.8800,1.799477
FILLER_25_274,VPWR,li1,132.9400,78.8800,1.799457
FILLER_25_262,VPWR,li1,128.8000,78.8800,1.799439
FILLER_25_232,VPWR,li1,112.4700,78.8800,1.799378
FILLER_25_205,VPWR,li1,102.5800,78.8800,1.799348
FILLER_25_193,VPWR,li1,97.0600,78.8800,1.799370
FILLER_25_181,VPWR,li1,91.5400,78.8800,1.799410
FILLER_25_169,VPWR,li1,86.0200,78.8800,1.799437
FILLER_25_166,VPWR,li1,82.3400,78.8800,1.799459
FILLER_25_155,VPWR,li1,77.5100,78.8800,1.799495
FILLER_25_143,VPWR,li1,74.0600,78.8800,1.799514
FILLER_25_126,VPWR,li1,65.3200,78.8800,1.799577
FILLER_25_108,VPWR,li1,56.1200,78.8800,1.799637
FILLER_25_89,VPWR,li1,46.6900,78.8800,1.799707
FILLER_25_83,VPWR,li1,45.0800,78.8800,1.799725
FILLER_25_71,VPWR,li1,40.9400,78.8800,1.799758
FILLER_25_64,VPWR,li1,35.1900,78.8800,1.799806
FILLER_25_57,VPWR,li1,32.4300,78.8800,1.799826
FILLER_25_53,VPWR,li1,30.5900,78.8800,1.799844
FILLER_25_28,VPWR,li1,18.8600,78.8800,1.799909
FILLER_25_7,VPWR,li1,8.9700,78.8800,1.799904
FILLER_24_806,VPWR,li1,376.7400,78.8800,1.799790
FILLER_24_794,VPWR,li1,373.5200,78.8800,1.799790
FILLER_24_782,VPWR,li1,368.0000,78.8800,1.799791
FILLER_24_770,VPWR,li1,362.4800,78.8800,1.799791
FILLER_24_757,VPWR,li1,354.6600,78.8800,1.799792
FILLER_24_755,VPWR,li1,353.0500,78.8800,1.799792
FILLER_24_749,VPWR,li1,351.4400,78.8800,1.799792
FILLER_24_737,VPWR,li1,345.0000,78.8800,1.799795
FILLER_24_723,VPWR,li1,338.5600,78.8800,1.799798
FILLER_24_707,VPWR,li1,330.9700,78.8800,1.799810
FILLER_24_691,VPWR,li1,323.8400,78.8800,1.799769
FILLER_24_683,VPWR,li1,321.5400,78.8800,1.799753
FILLER_24_676,VPWR,li1,317.1700,78.8800,1.799720
FILLER_24_664,VPWR,li1,313.7200,78.8800,1.799694
FILLER_24_658,VPWR,li1,308.4300,78.8800,1.799674
FILLER_24_649,VPWR,li1,304.5200,78.8800,1.799654
FILLER_24_612,VPWR,li1,288.8800,78.8800,1.799578
FILLER_24_589,VPWR,li1,277.8400,78.8800,1.799532
FILLER_24_586,VPWR,li1,275.5400,78.8800,1.799531
FILLER_24_567,VPWR,li1,267.2600,78.8800,1.799538
FILLER_24_555,VPWR,li1,263.5800,78.8800,1.799546
FILLER_24_545,VPWR,li1,256.6800,78.8800,1.799560
FILLER_24_533,VPWR,li1,253.4600,78.8800,1.799568
FILLER_24_531,VPWR,li1,250.0100,78.8800,1.799580
FILLER_24_525,VPWR,li1,247.4800,78.8800,1.799587
FILLER_24_516,VPWR,li1,244.2600,78.8800,1.799592
FILLER_24_504,VPWR,li1,240.1200,78.8800,1.799604
FILLER_24_492,VPWR,li1,234.6000,78.8800,1.799619
FILLER_24_477,VPWR,li1,226.7800,78.8800,1.799644
FILLER_24_474,VPWR,li1,224.0200,78.8800,1.799649
FILLER_24_466,VPWR,li1,221.7200,78.8800,1.799656
FILLER_24_450,VPWR,li1,212.7500,78.8800,1.799685
FILLER_24_442,VPWR,li1,210.6800,78.8800,1.799692
FILLER_24_421,VPWR,li1,200.1000,78.8800,1.799733
FILLER_24_414,VPWR,li1,197.3400,78.8800,1.799743
FILLER_24_397,VPWR,li1,189.0600,78.8800,1.799771
FILLER_24_385,VPWR,li1,185.3800,78.8800,1.799784
FILLER_24_373,VPWR,li1,179.8600,78.8800,1.799805
FILLER_24_363,VPWR,li1,172.7300,78.8800,1.799794
FILLER_24_355,VPWR,li1,170.6600,78.8800,1.799761
FILLER_24_351,VPWR,li1,167.2100,78.8800,1.799728
FILLER_24_339,VPWR,li1,164.2200,78.8800,1.799683
FILLER_24_327,VPWR,li1,158.7000,78.8800,1.799623
FILLER_24_317,VPWR,li1,152.0300,78.8800,1.799550
FILLER_24_309,VPWR,li1,149.5000,78.8800,1.799540
FILLER_24_306,VPWR,li1,146.7400,78.8800,1.799525
FILLER_24_298,VPWR,li1,144.4400,78.8800,1.799512
FILLER_24_282,VPWR,li1,135.7000,78.8800,1.799469
FILLER_24_258,VPWR,li1,124.8900,78.8800,1.799422
FILLER_24_251,VPWR,li1,121.2100,78.8800,1.799404
FILLER_24_244,VPWR,li1,117.9900,78.8800,1.799392
FILLER_24_234,VPWR,li1,113.3900,78.8800,1.799378
FILLER_24_230,VPWR,li1,112.2400,78.8800,1.799372
FILLER_24_216,VPWR,li1,105.8000,78.8800,1.799357
FILLER_24_203,VPWR,li1,99.1300,78.8800,1.799358
FILLER_24_197,VPWR,li1,97.5200,78.8800,1.799370
FILLER_24_192,VPWR,li1,94.7600,78.8800,1.799383
FILLER_24_183,VPWR,li1,90.1600,78.8800,1.799410
FILLER_24_173,VPWR,li1,85.7900,78.8800,1.799437
FILLER_24_165,VPWR,li1,81.6500,78.8800,1.799474
FILLER_24_161,VPWR,li1,80.5000,78.8800,1.799474
FILLER_24_149,VPWR,li1,76.8200,78.8800,1.799495
FILLER_24_139,VPWR,li1,69.6900,78.8800,1.799543
FILLER_24_121,VPWR,li1,62.1000,78.8800,1.799594
FILLER_24_106,VPWR,li1,54.7400,78.8800,1.799655
FILLER_24_96,VPWR,li1,50.1400,78.8800,1.799693
FILLER_24_85,VPWR,li1,46.0000,78.8800,1.799725
FILLER_24_81,VPWR,li1,43.4700,78.8800,1.799744
FILLER_24_73,VPWR,li1,40.0200,78.8800,1.799758
FILLER_24_61,VPWR,li1,36.3400,78.8800,1.799787
FILLER_24_49,VPWR,li1,30.8200,78.8800,1.799844
FILLER_24_37,VPWR,li1,25.3000,78.8800,1.799885
FILLER_24_29,VPWR,li1,19.0900,78.8800,1.799909
FILLER_24_27,VPWR,li1,18.1700,78.8800,1.799909
FILLER_23_809,VPWR,li1,378.1200,73.4400,1.799738
FILLER_23_797,VPWR,li1,374.9000,73.4400,1.799738
FILLER_23_785,VPWR,li1,369.3800,73.4400,1.799739
FILLER_23_782,VPWR,li1,365.7000,73.4400,1.799739
FILLER_23_770,VPWR,li1,362.4800,73.4400,1.799739
FILLER_23_761,VPWR,li1,355.8100,73.4400,1.799740
FILLER_23_753,VPWR,li1,353.7400,73.4400,1.799741
FILLER_23_741,VPWR,li1,349.1400,73.4400,1.799742
FILLER_23_729,VPWR,li1,343.6200,73.4400,1.799743
FILLER_23_726,VPWR,li1,339.9400,73.4400,1.799744
FILLER_23_714,VPWR,li1,336.7200,73.4400,1.799745
FILLER_23_705,VPWR,li1,330.5100,73.4400,1.799784
FILLER_23_697,VPWR,li1,327.9800,73.4400,1.799759
FILLER_23_685,VPWR,li1,323.3800,73.4400,1.799719
FILLER_23_673,VPWR,li1,317.8600,73.4400,1.799701
FILLER_23_669,VPWR,li1,313.9500,73.4400,1.799697
FILLER_23_657,VPWR,li1,310.5000,73.4400,1.799692
FILLER_23_639,VPWR,li1,299.6900,73.4400,1.799676
FILLER_23_635,VPWR,li1,298.5400,73.4400,1.799676
FILLER_23_625,VPWR,li1,293.9400,73.4400,1.799670
FILLER_23_612,VPWR,li1,287.9600,73.4400,1.799666
FILLER_23_599,VPWR,li1,282.4400,73.4400,1.799661
FILLER_23_587,VPWR,li1,278.3000,73.4400,1.799658
FILLER_23_575,VPWR,li1,272.7800,73.4400,1.799655
FILLER_23_554,VPWR,li1,261.7400,73.4400,1.799654
FILLER_23_542,VPWR,li1,257.6000,73.4400,1.799657
FILLER_23_512,VPWR,li1,242.4200,73.4400,1.799667
FILLER_23_500,VPWR,li1,236.4400,73.4400,1.799673
FILLER_23_478,VPWR,li1,225.6300,73.4400,1.799690
FILLER_23_472,VPWR,li1,224.0200,73.4400,1.799690
FILLER_23_449,VPWR,li1,212.7500,73.4400,1.799712
FILLER_23_447,VPWR,li1,211.3700,73.4400,1.799712
FILLER_23_439,VPWR,li1,209.3000,73.4400,1.799716
FILLER_23_424,VPWR,li1,200.7900,73.4400,1.799732
FILLER_23_412,VPWR,li1,197.8000,73.4400,1.799741
FILLER_23_405,VPWR,li1,192.0500,73.4400,1.799751
FILLER_23_393,VPWR,li1,189.0600,73.4400,1.799760
FILLER_23_390,VPWR,li1,185.3800,73.4400,1.799769
FILLER_23_368,VPWR,li1,177.5600,73.4400,1.799786
FILLER_23_356,VPWR,li1,172.0400,73.4400,1.799704
FILLER_23_337,VPWR,li1,161.2300,73.4400,1.799519
FILLER_23_334,VPWR,li1,159.6200,73.4400,1.799487
FILLER_23_313,VPWR,li1,150.1900,73.4400,1.799369
FILLER_23_305,VPWR,li1,146.0500,73.4400,1.799354
FILLER_23_297,VPWR,li1,143.9800,73.4400,1.799361
FILLER_23_292,VPWR,li1,140.0700,73.4400,1.799365
FILLER_23_281,VPWR,li1,136.1600,73.4400,1.799378
FILLER_23_277,VPWR,li1,133.6300,73.4400,1.799383
FILLER_23_268,VPWR,li1,130.1800,73.4400,1.799389
FILLER_23_260,VPWR,li1,125.3500,73.4400,1.799401
FILLER_23_254,VPWR,li1,123.7400,73.4400,1.799406
FILLER_23_242,VPWR,li1,119.6000,73.4400,1.799421
FILLER_23_230,VPWR,li1,114.0800,73.4400,1.799434
FILLER_23_216,VPWR,li1,106.7200,73.4400,1.799454
FILLER_23_204,VPWR,li1,102.1200,73.4400,1.799467
FILLER_23_192,VPWR,li1,96.6000,73.4400,1.799489
FILLER_23_182,VPWR,li1,90.1600,73.4400,1.799506
FILLER_23_165,VPWR,li1,82.1100,73.4400,1.799535
FILLER_23_154,VPWR,li1,77.2800,73.4400,1.799554
FILLER_23_142,VPWR,li1,73.6000,73.4400,1.799574
FILLER_23_133,VPWR,li1,67.3900,73.4400,1.799596
FILLER_23_125,VPWR,li1,64.8600,73.4400,1.799606
FILLER_23_113,VPWR,li1,60.2600,73.4400,1.799629
FILLER_23_108,VPWR,li1,56.1200,73.4400,1.799654
FILLER_23_94,VPWR,li1,48.9900,73.4400,1.799709
FILLER_23_88,VPWR,li1,47.3800,73.4400,1.799709
FILLER_23_69,VPWR,li1,37.9500,73.4400,1.799775
FILLER_23_57,VPWR,li1,34.5000,73.4400,1.799804
FILLER_23_53,VPWR,li1,30.5900,73.4400,1.799837
FILLER_23_45,VPWR,li1,28.0600,73.4400,1.799854
FILLER_23_28,VPWR,li1,19.3200,73.4400,1.799903
FILLER_23_8,VPWR,li1,9.4300,73.4400,1.799900
FILLER_22_807,VPWR,li1,376.9700,73.4400,1.799738
FILLER_22_801,VPWR,li1,375.3600,73.4400,1.799738
FILLER_22_789,VPWR,li1,371.2200,73.4400,1.799739
FILLER_22_777,VPWR,li1,365.7000,73.4400,1.799739
FILLER_22_757,VPWR,li1,354.4300,73.4400,1.799740
FILLER_22_753,VPWR,li1,352.5900,73.4400,1.799741
FILLER_22_741,VPWR,li1,349.1400,73.4400,1.799742
FILLER_22_734,VPWR,li1,343.3900,73.4400,1.799743
FILLER_22_726,VPWR,li1,341.3200,73.4400,1.799744
FILLER_22_714,VPWR,li1,336.7200,73.4400,1.799745
FILLER_22_701,VPWR,li1,329.3600,73.4400,1.799784
FILLER_22_696,VPWR,li1,326.6000,73.4400,1.799759
FILLER_22_677,VPWR,li1,317.1700,73.4400,1.799701
FILLER_22_669,VPWR,li1,315.1000,73.4400,1.799697
FILLER_22_657,VPWR,li1,310.5000,73.4400,1.799692
FILLER_22_645,VPWR,li1,304.9800,73.4400,1.799684
FILLER_22_643,VPWR,li1,301.5300,73.4400,1.799679
FILLER_22_637,VPWR,li1,299.9200,73.4400,1.799676
FILLER_22_625,VPWR,li1,295.7800,73.4400,1.799673
FILLER_22_613,VPWR,li1,290.2600,73.4400,1.799668
FILLER_22_601,VPWR,li1,284.7400,73.4400,1.799663
FILLER_22_589,VPWR,li1,279.2200,73.4400,1.799658
FILLER_22_587,VPWR,li1,275.7700,73.4400,1.799657
FILLER_22_575,VPWR,li1,272.7800,73.4400,1.799655
FILLER_22_566,VPWR,li1,266.5700,73.4400,1.799652
FILLER_22_559,VPWR,li1,263.5800,73.4400,1.799653
FILLER_22_544,VPWR,li1,255.9900,73.4400,1.799657
FILLER_22_536,VPWR,li1,253.9200,73.4400,1.799659
FILLER_22_531,VPWR,li1,250.0100,73.4400,1.799661
FILLER_22_523,VPWR,li1,246.3300,73.4400,1.799665
FILLER_22_511,VPWR,li1,243.3400,73.4400,1.799667
FILLER_22_502,VPWR,li1,236.9000,73.4400,1.799673
FILLER_22_481,VPWR,li1,227.0100,73.4400,1.799687
FILLER_22_477,VPWR,li1,225.8600,73.4400,1.799687
FILLER_22_474,VPWR,li1,224.0200,73.4400,1.799690
FILLER_22_466,VPWR,li1,221.7200,73.4400,1.799694
FILLER_22_445,VPWR,li1,212.0600,73.4400,1.799712
FILLER_22_433,VPWR,li1,207.4600,73.4400,1.799722
FILLER_22_418,VPWR,li1,198.2600,73.4400,1.799737
FILLER_22_394,VPWR,li1,188.1400,73.4400,1.799760
FILLER_22_368,VPWR,li1,175.4900,73.4400,1.799791
FILLER_22_361,VPWR,li1,172.2700,73.4400,1.799704
FILLER_22_339,VPWR,li1,164.2200,73.4400,1.799576
FILLER_22_327,VPWR,li1,158.7000,73.4400,1.799487
FILLER_22_315,VPWR,li1,153.1800,73.4400,1.799390
FILLER_22_304,VPWR,li1,146.2800,73.4400,1.799354
FILLER_22_292,VPWR,li1,142.6000,73.4400,1.799361
FILLER_22_280,VPWR,li1,137.0800,73.4400,1.799372
FILLER_22_268,VPWR,li1,131.5600,73.4400,1.799389
FILLER_22_249,VPWR,li1,120.7500,73.4400,1.799414
FILLER_22_241,VPWR,li1,118.2200,73.4400,1.799421
FILLER_22_229,VPWR,li1,113.6200,73.4400,1.799434
FILLER_22_218,VPWR,li1,106.7200,73.4400,1.799454
FILLER_22_206,VPWR,li1,103.0400,73.4400,1.799467
FILLER_22_197,VPWR,li1,96.8300,73.4400,1.799489
FILLER_22_194,VPWR,li1,95.2200,73.4400,1.799489
FILLER_22_186,VPWR,li1,92.9200,73.4400,1.799498
FILLER_22_174,VPWR,li1,88.3200,73.4400,1.799518
FILLER_22_162,VPWR,li1,82.8000,73.4400,1.799535
FILLER_22_149,VPWR,li1,74.2900,73.4400,1.799565
FILLER_22_141,VPWR,li1,72.2200,73.4400,1.799574
FILLER_22_128,VPWR,li1,67.1600,73.4400,1.799596
FILLER_22_117,VPWR,li1,60.2600,73.4400,1.799629
FILLER_22_97,VPWR,li1,51.9800,73.4400,1.799688
FILLER_22_85,VPWR,li1,47.3800,73.4400,1.799709
FILLER_22_82,VPWR,li1,43.7000,73.4400,1.799737
FILLER_22_55,VPWR,li1,31.0500,73.4400,1.799837
FILLER_22_22,VPWR,li1,15.8700,73.4400,1.799901
FILLER_21_809,VPWR,li1,378.1200,68.0000,1.799756
FILLER_21_797,VPWR,li1,374.9000,68.0000,1.799756
FILLER_21_785,VPWR,li1,369.3800,68.0000,1.799756
FILLER_21_776,VPWR,li1,364.3200,68.0000,1.799756
FILLER_21_753,VPWR,li1,352.8200,68.0000,1.799758
FILLER_21_729,VPWR,li1,341.0900,68.0000,1.799764
FILLER_21_727,VPWR,li1,340.1700,68.0000,1.799765
FILLER_21_715,VPWR,li1,334.6500,68.0000,1.799769
FILLER_21_707,VPWR,li1,332.5800,68.0000,1.799772
FILLER_21_692,VPWR,li1,325.6800,68.0000,1.799754
FILLER_21_680,VPWR,li1,321.0800,68.0000,1.799728
FILLER_21_673,VPWR,li1,316.0200,68.0000,1.799696
FILLER_21_669,VPWR,li1,313.9500,68.0000,1.799685
FILLER_21_656,VPWR,li1,308.2000,68.0000,1.799653
FILLER_21_647,VPWR,li1,303.6000,68.0000,1.799635
FILLER_21_635,VPWR,li1,300.3800,68.0000,1.799625
FILLER_21_623,VPWR,li1,294.8600,68.0000,1.799603
FILLER_21_615,VPWR,li1,288.6500,68.0000,1.799579
FILLER_21_607,VPWR,li1,286.5800,68.0000,1.799572
FILLER_21_601,VPWR,li1,282.2100,68.0000,1.799556
FILLER_21_589,VPWR,li1,279.2200,68.0000,1.799543
FILLER_21_585,VPWR,li1,274.8500,68.0000,1.799543
FILLER_21_573,VPWR,li1,271.8600,68.0000,1.799545
FILLER_21_561,VPWR,li1,266.3400,68.0000,1.799549
FILLER_21_559,VPWR,li1,262.8900,68.0000,1.799554
FILLER_21_541,VPWR,li1,256.2200,68.0000,1.799560
FILLER_21_529,VPWR,li1,251.6200,68.0000,1.799566
FILLER_21_517,VPWR,li1,246.1000,68.0000,1.799573
FILLER_21_505,VPWR,li1,240.5800,68.0000,1.799591
FILLER_21_503,VPWR,li1,237.1300,68.0000,1.799604
FILLER_21_497,VPWR,li1,235.5200,68.0000,1.799604
FILLER_21_486,VPWR,li1,229.3100,68.0000,1.799627
FILLER_21_480,VPWR,li1,227.7000,68.0000,1.799635
FILLER_21_461,VPWR,li1,217.8100,68.0000,1.799672
FILLER_21_449,VPWR,li1,214.8200,68.0000,1.799694
FILLER_21_447,VPWR,li1,211.3700,68.0000,1.799703
FILLER_21_435,VPWR,li1,208.3800,68.0000,1.799722
FILLER_21_420,VPWR,li1,199.1800,68.0000,1.799764
FILLER_21_416,VPWR,li1,197.1100,68.0000,1.799774
FILLER_21_393,VPWR,li1,186.7600,68.0000,1.799834
FILLER_21_390,VPWR,li1,185.3800,68.0000,1.799847
FILLER_21_374,VPWR,li1,178.2500,68.0000,1.799889
FILLER_21_357,VPWR,li1,171.5800,68.0000,1.799889
FILLER_21_345,VPWR,li1,166.9800,68.0000,1.799871
FILLER_21_332,VPWR,li1,159.1600,68.0000,1.799842
FILLER_21_322,VPWR,li1,154.3300,68.0000,1.799824
FILLER_21_314,VPWR,li1,151.8000,68.0000,1.799815
FILLER_21_302,VPWR,li1,147.2000,68.0000,1.799795
FILLER_21_290,VPWR,li1,141.6800,68.0000,1.799778
FILLER_21_279,VPWR,li1,134.0900,68.0000,1.799761
FILLER_21_273,VPWR,li1,132.4800,68.0000,1.799757
FILLER_21_261,VPWR,li1,128.3400,68.0000,1.799749
FILLER_21_253,VPWR,li1,122.5900,68.0000,1.799737
FILLER_21_241,VPWR,li1,119.1400,68.0000,1.799734
FILLER_21_234,VPWR,li1,113.3900,68.0000,1.799725
FILLER_21_230,VPWR,li1,112.2400,68.0000,1.799722
FILLER_21_218,VPWR,li1,107.1800,68.0000,1.799713
FILLER_21_207,VPWR,li1,101.6600,68.0000,1.799708
FILLER_21_177,VPWR,li1,87.6300,68.0000,1.799717
FILLER_21_162,VPWR,li1,81.4200,68.0000,1.799726
FILLER_21_148,VPWR,li1,73.8300,68.0000,1.799739
FILLER_21_136,VPWR,li1,70.8400,68.0000,1.799745
FILLER_21_124,VPWR,li1,65.3200,68.0000,1.799753
FILLER_21_113,VPWR,li1,58.1900,68.0000,1.799770
FILLER_21_100,VPWR,li1,52.4400,68.0000,1.799785
FILLER_21_84,VPWR,li1,45.5400,68.0000,1.799818
FILLER_21_78,VPWR,li1,41.6300,68.0000,1.799828
FILLER_21_74,VPWR,li1,40.4800,68.0000,1.799837
FILLER_21_53,VPWR,li1,30.5900,68.0000,1.799883
FILLER_21_27,VPWR,li1,18.4000,68.0000,1.799938
FILLER_21_19,VPWR,li1,16.1000,68.0000,1.799937
FILLER_20_805,VPWR,li1,377.2000,68.0000,1.799756
FILLER_20_793,VPWR,li1,373.0600,68.0000,1.799756
FILLER_20_781,VPWR,li1,367.5400,68.0000,1.799756
FILLER_20_769,VPWR,li1,362.0200,68.0000,1.799756
FILLER_20_754,VPWR,li1,352.8200,68.0000,1.799758
FILLER_20_742,VPWR,li1,349.6000,68.0000,1.799759
FILLER_20_728,VPWR,li1,340.8600,68.0000,1.799764
FILLER_20_714,VPWR,li1,334.6500,68.0000,1.799769
FILLER_20_701,VPWR,li1,328.6700,68.0000,1.799770
FILLER_20_698,VPWR,li1,327.0600,68.0000,1.799770
FILLER_20_690,VPWR,li1,324.7600,68.0000,1.799754
FILLER_20_682,VPWR,li1,319.7000,68.0000,1.799711
FILLER_20_669,VPWR,li1,313.9500,68.0000,1.799685
FILLER_20_658,VPWR,li1,308.4300,68.0000,1.799653
FILLER_20_654,VPWR,li1,307.2800,68.0000,1.799653
FILLER_20_645,VPWR,li1,302.9100,68.0000,1.799635
FILLER_20_643,VPWR,li1,301.5300,68.0000,1.799625
FILLER_20_634,VPWR,li1,298.5400,68.0000,1.799618
FILLER_20_620,VPWR,li1,290.9500,68.0000,1.799588
FILLER_20_599,VPWR,li1,281.9800,68.0000,1.799550
FILLER_20_586,VPWR,li1,275.5400,68.0000,1.799542
FILLER_20_565,VPWR,li1,267.2600,68.0000,1.799549
FILLER_20_553,VPWR,li1,262.6600,68.0000,1.799554
FILLER_20_544,VPWR,li1,256.2200,68.0000,1.799560
FILLER_20_537,VPWR,li1,252.7700,68.0000,1.799566
FILLER_20_533,VPWR,li1,251.6200,68.0000,1.799566
FILLER_20_531,VPWR,li1,250.0100,68.0000,1.799569
FILLER_20_527,VPWR,li1,248.8600,68.0000,1.799569
FILLER_20_490,VPWR,li1,232.7600,68.0000,1.799614
FILLER_20_485,VPWR,li1,229.0800,68.0000,1.799627
FILLER_20_477,VPWR,li1,226.7800,68.0000,1.799635
FILLER_20_475,VPWR,li1,224.2500,68.0000,1.799651
FILLER_20_469,VPWR,li1,222.6400,68.0000,1.799651
FILLER_20_465,VPWR,li1,219.6500,68.0000,1.799664
FILLER_20_459,VPWR,li1,218.0400,68.0000,1.799672
FILLER_20_451,VPWR,li1,213.2100,68.0000,1.799694
FILLER_20_445,VPWR,li1,211.6000,68.0000,1.799703
FILLER_20_433,VPWR,li1,207.4600,68.0000,1.799722
FILLER_20_421,VPWR,li1,201.9400,68.0000,1.799754
FILLER_20_417,VPWR,li1,198.0300,68.0000,1.799774
FILLER_20_413,VPWR,li1,195.7300,68.0000,1.799784
FILLER_20_399,VPWR,li1,189.9800,68.0000,1.799819
FILLER_20_382,VPWR,li1,181.4700,68.0000,1.799860
FILLER_20_374,VPWR,li1,179.4000,68.0000,1.799872
FILLER_20_361,VPWR,li1,172.2700,68.0000,1.799889
FILLER_20_349,VPWR,li1,168.8200,68.0000,1.799878
FILLER_20_339,VPWR,li1,162.1500,68.0000,1.799853
FILLER_20_324,VPWR,li1,155.0200,68.0000,1.799824
FILLER_20_316,VPWR,li1,152.7200,68.0000,1.799815
FILLER_20_304,VPWR,li1,146.2800,68.0000,1.799795
FILLER_20_285,VPWR,li1,136.8500,68.0000,1.799764
FILLER_20_279,VPWR,li1,135.2400,68.0000,1.799761
FILLER_20_260,VPWR,li1,127.8800,68.0000,1.799749
FILLER_20_251,VPWR,li1,121.2100,68.0000,1.799737
FILLER_20_245,VPWR,li1,119.6000,68.0000,1.799734
FILLER_20_229,VPWR,li1,111.5500,68.0000,1.799722
FILLER_20_217,VPWR,li1,105.5700,68.0000,1.799713
FILLER_20_213,VPWR,li1,104.4200,68.0000,1.799709
FILLER_20_194,VPWR,li1,95.2200,68.0000,1.799708
FILLER_20_186,VPWR,li1,92.9200,68.0000,1.799710
FILLER_20_182,VPWR,li1,89.4700,68.0000,1.799714
FILLER_20_178,VPWR,li1,88.3200,68.0000,1.799717
FILLER_20_170,VPWR,li1,83.9500,68.0000,1.799722
FILLER_20_166,VPWR,li1,82.8000,68.0000,1.799726
FILLER_20_154,VPWR,li1,79.1200,68.0000,1.799731
FILLER_20_147,VPWR,li1,74.0600,68.0000,1.799739
FILLER_20_138,VPWR,li1,69.4600,68.0000,1.799749
FILLER_20_128,VPWR,li1,64.6300,68.0000,1.799757
FILLER_20_124,VPWR,li1,63.4800,68.0000,1.799757
FILLER_20_112,VPWR,li1,59.8000,68.0000,1.799763
FILLER_20_104,VPWR,li1,53.5900,68.0000,1.799785
FILLER_20_92,VPWR,li1,50.6000,68.0000,1.799791
FILLER_20_83,VPWR,li1,43.9300,68.0000,1.799818
FILLER_20_73,VPWR,li1,39.7900,68.0000,1.799837
FILLER_20_64,VPWR,li1,35.4200,68.0000,1.799859
FILLER_20_53,VPWR,li1,30.8200,68.0000,1.799883
FILLER_20_41,VPWR,li1,24.6100,68.0000,1.799915
FILLER_20_29,VPWR,li1,21.6200,68.0000,1.799939
FILLER_20_22,VPWR,li1,17.0200,68.0000,1.799937
FILLER_19_805,VPWR,li1,376.2800,62.5600,1.798992
FILLER_19_797,VPWR,li1,373.9800,62.5600,1.798995
FILLER_19_785,VPWR,li1,369.3800,62.5600,1.798999
FILLER_19_780,VPWR,li1,365.2400,62.5600,1.799004
FILLER_19_768,VPWR,li1,361.5600,62.5600,1.799019
FILLER_19_756,VPWR,li1,356.0400,62.5600,1.799050
FILLER_19_744,VPWR,li1,350.5200,62.5600,1.799170
FILLER_19_732,VPWR,li1,345.0000,62.5600,1.799296
FILLER_19_725,VPWR,li1,339.7100,62.5600,1.799416
FILLER_19_713,VPWR,li1,336.2600,62.5600,1.799495
FILLER_19_701,VPWR,li1,330.7400,62.5600,1.799661
FILLER_19_673,VPWR,li1,316.4800,62.5600,1.799579
FILLER_19_663,VPWR,li1,311.4200,62.5600,1.799565
FILLER_19_651,VPWR,li1,307.7400,62.5600,1.799556
FILLER_19_638,VPWR,li1,299.2300,62.5600,1.799536
FILLER_19_633,VPWR,li1,296.9300,62.5600,1.799531
FILLER_19_621,VPWR,li1,293.9400,62.5600,1.799524
FILLER_19_596,VPWR,li1,282.4400,62.5600,1.799502
FILLER_19_577,VPWR,li1,271.6300,62.5600,1.799496
FILLER_19_569,VPWR,li1,269.1000,62.5600,1.799497
FILLER_19_548,VPWR,li1,260.3600,62.5600,1.799500
FILLER_19_537,VPWR,li1,253.4600,62.5600,1.799504
FILLER_19_522,VPWR,li1,247.4800,62.5600,1.799514
FILLER_19_511,VPWR,li1,241.2700,62.5600,1.799536
FILLER_19_505,VPWR,li1,238.0500,62.5600,1.799548
FILLER_19_491,VPWR,li1,231.6100,62.5600,1.799574
FILLER_19_476,VPWR,li1,226.3200,62.5600,1.799599
FILLER_19_464,VPWR,li1,221.7200,62.5600,1.799624
FILLER_19_452,VPWR,li1,216.2000,62.5600,1.799661
FILLER_19_446,VPWR,li1,211.1400,62.5600,1.799683
FILLER_19_437,VPWR,li1,207.0000,62.5600,1.799707
FILLER_19_429,VPWR,li1,204.7000,62.5600,1.799723
FILLER_19_423,VPWR,li1,200.3300,62.5600,1.799746
FILLER_19_417,VPWR,li1,198.7200,62.5600,1.799761
FILLER_19_405,VPWR,li1,194.5800,62.5600,1.799780
FILLER_19_393,VPWR,li1,189.0600,62.5600,1.799818
FILLER_19_389,VPWR,li1,185.1500,62.5600,1.799837
FILLER_19_381,VPWR,li1,182.6200,62.5600,1.799858
FILLER_19_369,VPWR,li1,178.0200,62.5600,1.799880
FILLER_19_354,VPWR,li1,169.0500,62.5600,1.799864
FILLER_19_343,VPWR,li1,165.1400,62.5600,1.799854
FILLER_19_332,VPWR,li1,159.1600,62.5600,1.799830
FILLER_19_312,VPWR,li1,149.2700,62.5600,1.799795
FILLER_19_300,VPWR,li1,146.2800,62.5600,1.799782
FILLER_19_289,VPWR,li1,138.6900,62.5600,1.799769
FILLER_19_281,VPWR,li1,136.6200,62.5600,1.799766
FILLER_19_279,VPWR,li1,134.0900,62.5600,1.799761
FILLER_19_272,VPWR,li1,130.8700,62.5600,1.799759
FILLER_19_263,VPWR,li1,126.9600,62.5600,1.799755
FILLER_19_254,VPWR,li1,122.5900,62.5600,1.799752
FILLER_19_245,VPWR,li1,119.6000,62.5600,1.799751
FILLER_19_234,VPWR,li1,113.8500,62.5600,1.799747
FILLER_19_229,VPWR,li1,111.0900,62.5600,1.799747
FILLER_19_225,VPWR,li1,109.9400,62.5600,1.799747
FILLER_19_218,VPWR,li1,107.1800,62.5600,1.799746
FILLER_19_206,VPWR,li1,103.0400,62.5600,1.799745
FILLER_19_194,VPWR,li1,97.5200,62.5600,1.799748
FILLER_19_182,VPWR,li1,92.0000,62.5600,1.799756
FILLER_19_166,VPWR,li1,82.3400,62.5600,1.799781
FILLER_19_158,VPWR,li1,80.0400,62.5600,1.799785
FILLER_19_145,VPWR,li1,74.0600,62.5600,1.799800
FILLER_19_125,VPWR,li1,63.2500,62.5600,1.799826
FILLER_19_113,VPWR,li1,60.2600,62.5600,1.799835
FILLER_19_109,VPWR,li1,56.3500,62.5600,1.799845
FILLER_19_101,VPWR,li1,52.2100,62.5600,1.799858
FILLER_19_89,VPWR,li1,49.2200,62.5600,1.799866
FILLER_19_75,VPWR,li1,41.8600,62.5600,1.799893
FILLER_19_63,VPWR,li1,37.2600,62.5600,1.799904
FILLER_19_57,VPWR,li1,32.4300,62.5600,1.799920
FILLER_19_55,VPWR,li1,31.0500,62.5600,1.799926
FILLER_19_43,VPWR,li1,28.0600,62.5600,1.799935
FILLER_19_23,VPWR,li1,18.8600,62.5600,1.799956
FILLER_19_13,VPWR,li1,11.7300,62.5600,1.799953
FILLER_18_805,VPWR,li1,377.2000,62.5600,1.798992
FILLER_18_793,VPWR,li1,373.0600,62.5600,1.798995
FILLER_18_769,VPWR,li1,359.4900,62.5600,1.799037
FILLER_18_765,VPWR,li1,358.3400,62.5600,1.799037
FILLER_18_757,VPWR,li1,353.9700,62.5600,1.799103
FILLER_18_744,VPWR,li1,350.5200,62.5600,1.799170
FILLER_18_725,VPWR,li1,339.9400,62.5600,1.799416
FILLER_18_713,VPWR,li1,336.2600,62.5600,1.799495
FILLER_18_701,VPWR,li1,330.7400,62.5600,1.799661
FILLER_18_696,VPWR,li1,326.6000,62.5600,1.799632
FILLER_18_687,VPWR,li1,322.0000,62.5600,1.799598
FILLER_18_675,VPWR,li1,318.7800,62.5600,1.799585
FILLER_18_663,VPWR,li1,313.2600,62.5600,1.799570
FILLER_18_651,VPWR,li1,307.7400,62.5600,1.799556
FILLER_18_641,VPWR,li1,301.0700,62.5600,1.799540
FILLER_18_635,VPWR,li1,298.3100,62.5600,1.799531
FILLER_18_623,VPWR,li1,294.8600,62.5600,1.799524
FILLER_18_613,VPWR,li1,288.1900,62.5600,1.799512
FILLER_18_601,VPWR,li1,284.7400,62.5600,1.799506
FILLER_18_589,VPWR,li1,279.2200,62.5600,1.799495
FILLER_18_582,VPWR,li1,274.6200,62.5600,1.799495
FILLER_18_570,VPWR,li1,270.4800,62.5600,1.799497
FILLER_18_563,VPWR,li1,264.7300,62.5600,1.799499
FILLER_18_551,VPWR,li1,261.7400,62.5600,1.799500
FILLER_18_539,VPWR,li1,256.2200,62.5600,1.799502
FILLER_18_531,VPWR,li1,250.0100,62.5600,1.799506
FILLER_18_525,VPWR,li1,248.4000,62.5600,1.799514
FILLER_18_513,VPWR,li1,244.2600,62.5600,1.799526
FILLER_18_501,VPWR,li1,238.7400,62.5600,1.799548
FILLER_18_484,VPWR,li1,229.0800,62.5600,1.799585
FILLER_18_475,VPWR,li1,224.2500,62.5600,1.799610
FILLER_18_467,VPWR,li1,222.1800,62.5600,1.799624
FILLER_18_454,VPWR,li1,215.0500,62.5600,1.799661
FILLER_18_446,VPWR,li1,212.5200,62.5600,1.799683
FILLER_18_416,VPWR,li1,197.8000,62.5600,1.799761
FILLER_18_404,VPWR,li1,194.1200,62.5600,1.799791
FILLER_18_397,VPWR,li1,188.3700,62.5600,1.799818
FILLER_18_389,VPWR,li1,186.3000,62.5600,1.799837
FILLER_18_377,VPWR,li1,181.7000,62.5600,1.799858
FILLER_18_352,VPWR,li1,167.6700,62.5600,1.799864
FILLER_18_348,VPWR,li1,166.5200,62.5600,1.799854
FILLER_18_336,VPWR,li1,162.8400,62.5600,1.799841
FILLER_18_321,VPWR,li1,153.4100,62.5600,1.799804
FILLER_18_309,VPWR,li1,150.4200,62.5600,1.799795
FILLER_18_307,VPWR,li1,146.9700,62.5600,1.799782
FILLER_18_293,VPWR,li1,140.5300,62.5600,1.799771
FILLER_18_287,VPWR,li1,138.9200,62.5600,1.799769
FILLER_18_275,VPWR,li1,134.7800,62.5600,1.799764
FILLER_18_265,VPWR,li1,128.3400,62.5600,1.799757
FILLER_18_257,VPWR,li1,123.9700,62.5600,1.799753
FILLER_18_253,VPWR,li1,122.8200,62.5600,1.799752
FILLER_18_251,VPWR,li1,121.2100,62.5600,1.799751
FILLER_18_239,VPWR,li1,118.2200,62.5600,1.799750
FILLER_18_228,VPWR,li1,111.3200,62.5600,1.799747
FILLER_18_216,VPWR,li1,107.6400,62.5600,1.799746
FILLER_18_204,VPWR,li1,102.1200,62.5600,1.799745
FILLER_18_195,VPWR,li1,95.4500,62.5600,1.799752
FILLER_18_189,VPWR,li1,93.8400,62.5600,1.799752
FILLER_18_177,VPWR,li1,89.7000,62.5600,1.799761
FILLER_18_159,VPWR,li1,78.8900,62.5600,1.799785
FILLER_18_153,VPWR,li1,76.3600,62.5600,1.799791
FILLER_18_141,VPWR,li1,73.1400,62.5600,1.799800
FILLER_18_132,VPWR,li1,68.0800,62.5600,1.799813
FILLER_18_128,VPWR,li1,64.6300,62.5600,1.799826
FILLER_18_124,VPWR,li1,63.4800,62.5600,1.799826
FILLER_18_112,VPWR,li1,59.8000,62.5600,1.799835
FILLER_18_105,VPWR,li1,54.5100,62.5600,1.799851
FILLER_18_97,VPWR,li1,51.9800,62.5600,1.799858
FILLER_18_85,VPWR,li1,47.3800,62.5600,1.799871
FILLER_18_82,VPWR,li1,43.7000,62.5600,1.799883
FILLER_18_70,VPWR,li1,40.4800,62.5600,1.799893
FILLER_18_64,VPWR,li1,35.6500,62.5600,1.799913
FILLER_18_50,VPWR,li1,28.9800,62.5600,1.799935
FILLER_18_38,VPWR,li1,25.7600,62.5600,1.799942
FILLER_18_29,VPWR,li1,19.3200,62.5600,1.799956
FILLER_18_19,VPWR,li1,14.7200,62.5600,1.799954
FILLER_17_809,VPWR,li1,378.1200,57.1200,1.798249
FILLER_17_797,VPWR,li1,374.9000,57.1200,1.798249
FILLER_17_785,VPWR,li1,369.3800,57.1200,1.798249
FILLER_17_783,VPWR,li1,365.9300,57.1200,1.798249
FILLER_17_771,VPWR,li1,362.9400,57.1200,1.798249
FILLER_17_757,VPWR,li1,354.2000,57.1200,1.798301
FILLER_17_746,VPWR,li1,349.6000,57.1200,1.798430
FILLER_17_729,VPWR,li1,341.3200,57.1200,1.798781
FILLER_17_726,VPWR,li1,339.9400,57.1200,1.798781
FILLER_17_710,VPWR,li1,332.3500,57.1200,1.799083
FILLER_17_702,VPWR,li1,330.2800,57.1200,1.799237
FILLER_17_690,VPWR,li1,325.6800,57.1200,1.799330
FILLER_17_680,VPWR,li1,318.7800,57.1200,1.799293
FILLER_17_669,VPWR,li1,313.9500,57.1200,1.799291
FILLER_17_661,VPWR,li1,311.4200,57.1200,1.799295
FILLER_17_649,VPWR,li1,306.8200,57.1200,1.799302
FILLER_17_638,VPWR,li1,299.9200,57.1200,1.799319
FILLER_17_626,VPWR,li1,293.7100,57.1200,1.799330
FILLER_17_622,VPWR,li1,292.5600,57.1200,1.799335
FILLER_17_615,VPWR,li1,288.6500,57.1200,1.799346
FILLER_17_609,VPWR,li1,287.0400,57.1200,1.799346
FILLER_17_594,VPWR,li1,279.6800,57.1200,1.799366
FILLER_17_571,VPWR,li1,268.8700,57.1200,1.799400
FILLER_17_561,VPWR,li1,264.2700,57.1200,1.799419
FILLER_17_556,VPWR,li1,262.2000,57.1200,1.799426
FILLER_17_544,VPWR,li1,258.5200,57.1200,1.799441
FILLER_17_532,VPWR,li1,253.0000,57.1200,1.799465
FILLER_17_524,VPWR,li1,247.4800,57.1200,1.799486
FILLER_17_512,VPWR,li1,243.8000,57.1200,1.799502
FILLER_17_486,VPWR,li1,229.3100,57.1200,1.799569
FILLER_17_478,VPWR,li1,227.2400,57.1200,1.799580
FILLER_17_462,VPWR,li1,218.7300,57.1200,1.799624
FILLER_17_449,VPWR,li1,213.4400,57.1200,1.799657
FILLER_17_436,VPWR,li1,208.8400,57.1200,1.799681
FILLER_17_424,VPWR,li1,200.7900,57.1200,1.799726
FILLER_17_420,VPWR,li1,199.6400,57.1200,1.799737
FILLER_17_393,VPWR,li1,186.9900,57.1200,1.799812
FILLER_17_391,VPWR,li1,185.6100,57.1200,1.799825
FILLER_17_385,VPWR,li1,184.0000,57.1200,1.799840
FILLER_17_373,VPWR,li1,179.8600,57.1200,1.799858
FILLER_17_351,VPWR,li1,167.6700,57.1200,1.799869
FILLER_17_343,VPWR,li1,165.1400,57.1200,1.799859
FILLER_17_337,VPWR,li1,160.7700,57.1200,1.799843
FILLER_17_332,VPWR,li1,159.1600,57.1200,1.799834
FILLER_17_328,VPWR,li1,156.6300,57.1200,1.799826
FILLER_17_324,VPWR,li1,155.4800,57.1200,1.799826
FILLER_17_312,VPWR,li1,149.9600,57.1200,1.799808
FILLER_17_293,VPWR,li1,141.2200,57.1200,1.799779
FILLER_17_281,VPWR,li1,137.5400,57.1200,1.799769
FILLER_17_276,VPWR,li1,133.4000,57.1200,1.799762
FILLER_17_264,VPWR,li1,129.7200,57.1200,1.799749
FILLER_17_257,VPWR,li1,124.2000,57.1200,1.799739
FILLER_17_246,VPWR,li1,118.9100,57.1200,1.799730
FILLER_17_239,VPWR,li1,115.6900,57.1200,1.799721
FILLER_17_235,VPWR,li1,114.5400,57.1200,1.799721
FILLER_17_211,VPWR,li1,103.0400,57.1200,1.799702
FILLER_17_203,VPWR,li1,100.7400,57.1200,1.799699
FILLER_17_185,VPWR,li1,90.8500,57.1200,1.799693
FILLER_17_181,VPWR,li1,89.7000,57.1200,1.799693
FILLER_17_169,VPWR,li1,86.0200,57.1200,1.799697
FILLER_17_167,VPWR,li1,82.5700,57.1200,1.799700
FILLER_17_159,VPWR,li1,80.5000,57.1200,1.799702
FILLER_17_145,VPWR,li1,73.1400,57.1200,1.799710
FILLER_17_133,VPWR,li1,69.4600,57.1200,1.799714
FILLER_17_125,VPWR,li1,63.2500,57.1200,1.799725
FILLER_17_121,VPWR,li1,62.1000,57.1200,1.799725
FILLER_17_113,VPWR,li1,57.7300,57.1200,1.799741
FILLER_17_110,VPWR,li1,56.5800,57.1200,1.799748
FILLER_17_102,VPWR,li1,54.2800,57.1200,1.799759
FILLER_17_89,VPWR,li1,46.6900,57.1200,1.799791
FILLER_17_77,VPWR,li1,43.7000,57.1200,1.799809
FILLER_17_69,VPWR,li1,37.4900,57.1200,1.799839
FILLER_17_61,VPWR,li1,33.8100,57.1200,1.799867
FILLER_17_57,VPWR,li1,32.6600,57.1200,1.799867
FILLER_17_52,VPWR,li1,30.3600,57.1200,1.799890
FILLER_17_40,VPWR,li1,26.6800,57.1200,1.799905
FILLER_17_27,VPWR,li1,18.8600,57.1200,1.799936
FILLER_17_3,VPWR,li1,7.8200,57.1200,1.799934
FILLER_16_805,VPWR,li1,377.2000,57.1200,1.798249
FILLER_16_793,VPWR,li1,373.0600,57.1200,1.798249
FILLER_16_781,VPWR,li1,367.5400,57.1200,1.798249
FILLER_16_769,VPWR,li1,362.0200,57.1200,1.798249
FILLER_16_757,VPWR,li1,356.5000,57.1200,1.798264
FILLER_16_753,VPWR,li1,352.5900,57.1200,1.798339
FILLER_16_745,VPWR,li1,350.0600,57.1200,1.798430
FILLER_16_727,VPWR,li1,340.1700,57.1200,1.798781
FILLER_16_715,VPWR,li1,337.1800,57.1200,1.798881
FILLER_16_701,VPWR,li1,328.2100,57.1200,1.799345
FILLER_16_694,VPWR,li1,326.1400,57.1200,1.799330
FILLER_16_686,VPWR,li1,321.5400,57.1200,1.799300
FILLER_16_678,VPWR,li1,319.2400,57.1200,1.799293
FILLER_16_672,VPWR,li1,314.8700,57.1200,1.799291
FILLER_16_666,VPWR,li1,313.2600,57.1200,1.799291
FILLER_16_643,VPWR,li1,301.5300,57.1200,1.799315
FILLER_16_639,VPWR,li1,300.3800,57.1200,1.799315
FILLER_16_626,VPWR,li1,294.1700,57.1200,1.799330
FILLER_16_618,VPWR,li1,291.6400,57.1200,1.799335
FILLER_16_601,VPWR,li1,282.4400,57.1200,1.799358
FILLER_16_589,VPWR,li1,279.2200,57.1200,1.799366
FILLER_16_580,VPWR,li1,274.1600,57.1200,1.799381
FILLER_16_569,VPWR,li1,269.1000,57.1200,1.799400
FILLER_16_557,VPWR,li1,261.9700,57.1200,1.799426
FILLER_16_549,VPWR,li1,258.2900,57.1200,1.799441
FILLER_16_541,VPWR,li1,256.2200,57.1200,1.799450
FILLER_16_530,VPWR,li1,249.7800,57.1200,1.799479
FILLER_16_517,VPWR,li1,244.0300,57.1200,1.799502
FILLER_16_505,VPWR,li1,240.5800,57.1200,1.799522
FILLER_16_500,VPWR,li1,235.7500,57.1200,1.799538
FILLER_16_496,VPWR,li1,234.6000,57.1200,1.799547
FILLER_16_489,VPWR,li1,231.3800,57.1200,1.799559
FILLER_16_477,VPWR,li1,227.7000,57.1200,1.799580
FILLER_16_473,VPWR,li1,223.7900,57.1200,1.799597
FILLER_16_464,VPWR,li1,219.8800,57.1200,1.799624
FILLER_16_452,VPWR,li1,216.2000,57.1200,1.799638
FILLER_16_441,VPWR,li1,208.6100,57.1200,1.799681
FILLER_16_433,VPWR,li1,206.5400,57.1200,1.799700
FILLER_16_421,VPWR,li1,201.9400,57.1200,1.799726
FILLER_16_412,VPWR,li1,196.8800,57.1200,1.799750
FILLER_16_405,VPWR,li1,192.7400,57.1200,1.799786
FILLER_16_400,VPWR,li1,189.9800,57.1200,1.799797
FILLER_16_389,VPWR,li1,184.9200,57.1200,1.799825
FILLER_16_381,VPWR,li1,182.6200,57.1200,1.799840
FILLER_16_369,VPWR,li1,178.0200,57.1200,1.799870
FILLER_16_362,VPWR,li1,172.5000,57.1200,1.799887
FILLER_16_351,VPWR,li1,168.8200,57.1200,1.799869
FILLER_16_327,VPWR,li1,156.1700,57.1200,1.799826
FILLER_16_321,VPWR,li1,153.8700,57.1200,1.799818
FILLER_16_309,VPWR,li1,150.4200,57.1200,1.799808
FILLER_16_306,VPWR,li1,146.7400,57.1200,1.799798
FILLER_16_298,VPWR,li1,144.4400,57.1200,1.799790
FILLER_16_286,VPWR,li1,139.8400,57.1200,1.799779
FILLER_16_276,VPWR,li1,132.7100,57.1200,1.799756
FILLER_16_270,VPWR,li1,131.1000,57.1200,1.799756
FILLER_16_248,VPWR,li1,120.5200,57.1200,1.799730
FILLER_16_242,VPWR,li1,117.0700,57.1200,1.799726
FILLER_16_234,VPWR,li1,115.0000,57.1200,1.799721
FILLER_16_205,VPWR,li1,100.5100,57.1200,1.799699
FILLER_16_197,VPWR,li1,97.9800,57.1200,1.799695
FILLER_16_195,VPWR,li1,95.4500,57.1200,1.799692
FILLER_16_183,VPWR,li1,92.4600,57.1200,1.799690
FILLER_16_171,VPWR,li1,86.9400,57.1200,1.799697
FILLER_16_161,VPWR,li1,80.0400,57.1200,1.799702
FILLER_16_153,VPWR,li1,77.7400,57.1200,1.799705
FILLER_16_141,VPWR,li1,73.1400,57.1200,1.799710
FILLER_16_137,VPWR,li1,69.2300,57.1200,1.799714
FILLER_16_129,VPWR,li1,66.7000,57.1200,1.799718
FILLER_16_100,VPWR,li1,51.7500,57.1200,1.799767
FILLER_16_92,VPWR,li1,49.6800,57.1200,1.799779
FILLER_16_83,VPWR,li1,43.9300,57.1200,1.799809
FILLER_16_79,VPWR,li1,42.7800,57.1200,1.799809
FILLER_16_72,VPWR,li1,38.8700,57.1200,1.799839
FILLER_16_61,VPWR,li1,34.9600,57.1200,1.799853
FILLER_16_49,VPWR,li1,28.7500,57.1200,1.799890
FILLER_16_41,VPWR,li1,26.2200,57.1200,1.799905
FILLER_16_29,VPWR,li1,21.6200,57.1200,1.799936
FILLER_16_27,VPWR,li1,18.1700,57.1200,1.799935
FILLER_16_23,VPWR,li1,17.0200,57.1200,1.799935
FILLER_16_14,VPWR,li1,12.4200,57.1200,1.799934
FILLER_16_3,VPWR,li1,7.1300,57.1200,1.799934
FILLER_15_803,VPWR,li1,375.3600,51.6800,1.798231
FILLER_15_791,VPWR,li1,372.1400,51.6800,1.798232
FILLER_15_783,VPWR,li1,365.9300,51.6800,1.798234
FILLER_15_777,VPWR,li1,364.3200,51.6800,1.798235
FILLER_15_765,VPWR,li1,360.1800,51.6800,1.798250
FILLER_15_746,VPWR,li1,351.4400,51.6800,1.798410
FILLER_15_729,VPWR,li1,341.5500,51.6800,1.798701
FILLER_15_726,VPWR,li1,339.9400,51.6800,1.798701
FILLER_15_718,VPWR,li1,337.6400,51.6800,1.798765
FILLER_15_703,VPWR,li1,329.1300,51.6800,1.799182
FILLER_15_699,VPWR,li1,327.9800,51.6800,1.799182
FILLER_15_691,VPWR,li1,323.6100,51.6800,1.799131
FILLER_15_685,VPWR,li1,322.0000,51.6800,1.799116
FILLER_15_673,VPWR,li1,317.8600,51.6800,1.799121
FILLER_15_666,VPWR,li1,313.2600,51.6800,1.799129
FILLER_15_656,VPWR,li1,307.9700,51.6800,1.799139
FILLER_15_648,VPWR,li1,305.4400,51.6800,1.799145
FILLER_15_636,VPWR,li1,300.8400,51.6800,1.799154
FILLER_15_617,VPWR,li1,292.1000,51.6800,1.799173
FILLER_15_611,VPWR,li1,286.8100,51.6800,1.799185
FILLER_15_603,VPWR,li1,284.7400,51.6800,1.799192
FILLER_15_593,VPWR,li1,278.9900,51.6800,1.799203
FILLER_15_581,VPWR,li1,275.5400,51.6800,1.799215
FILLER_15_569,VPWR,li1,270.0200,51.6800,1.799227
FILLER_15_558,VPWR,li1,262.6600,51.6800,1.799244
FILLER_15_551,VPWR,li1,259.2100,51.6800,1.799257
FILLER_15_543,VPWR,li1,255.9900,51.6800,1.799262
FILLER_15_535,VPWR,li1,253.4600,51.6800,1.799273
FILLER_15_525,VPWR,li1,247.9400,51.6800,1.799285
FILLER_15_514,VPWR,li1,242.8800,51.6800,1.799302
FILLER_15_505,VPWR,li1,238.2800,51.6800,1.799324
FILLER_15_498,VPWR,li1,235.9800,51.6800,1.799335
FILLER_15_486,VPWR,li1,231.8400,51.6800,1.799364
FILLER_15_473,VPWR,li1,223.7900,51.6800,1.799404
FILLER_15_461,VPWR,li1,220.3400,51.6800,1.799433
FILLER_15_449,VPWR,li1,214.8200,51.6800,1.799461
FILLER_15_444,VPWR,li1,210.6800,51.6800,1.799488
FILLER_15_424,VPWR,li1,202.4000,51.6800,1.799558
FILLER_15_412,VPWR,li1,197.8000,51.6800,1.799589
FILLER_15_400,VPWR,li1,192.2800,51.6800,1.799622
FILLER_15_382,VPWR,li1,182.1600,51.6800,1.799708
FILLER_15_370,VPWR,li1,178.4800,51.6800,1.799726
FILLER_15_358,VPWR,li1,172.9600,51.6800,1.799727
FILLER_15_346,VPWR,li1,167.4400,51.6800,1.799644
FILLER_15_337,VPWR,li1,160.7700,51.6800,1.799602
FILLER_15_334,VPWR,li1,159.6200,51.6800,1.799590
FILLER_15_326,VPWR,li1,156.4000,51.6800,1.799577
FILLER_15_312,VPWR,li1,149.2700,51.6800,1.799540
FILLER_15_304,VPWR,li1,147.2000,51.6800,1.799524
FILLER_15_290,VPWR,li1,140.7600,51.6800,1.799512
FILLER_15_279,VPWR,li1,134.0900,51.6800,1.799522
FILLER_15_267,VPWR,li1,131.1000,51.6800,1.799529
FILLER_15_255,VPWR,li1,123.0500,51.6800,1.799545
FILLER_15_243,VPWR,li1,120.0600,51.6800,1.799556
FILLER_15_235,VPWR,li1,113.8500,51.6800,1.799572
FILLER_15_229,VPWR,li1,112.2400,51.6800,1.799572
FILLER_15_223,VPWR,li1,108.3300,51.6800,1.799587
FILLER_15_217,VPWR,li1,106.7200,51.6800,1.799587
FILLER_15_207,VPWR,li1,101.4300,51.6800,1.799602
FILLER_15_199,VPWR,li1,98.9000,51.6800,1.799612
FILLER_15_187,VPWR,li1,94.3000,51.6800,1.799624
FILLER_15_175,VPWR,li1,88.7800,51.6800,1.799643
FILLER_15_136,VPWR,li1,68.5400,51.6800,1.799727
FILLER_15_125,VPWR,li1,64.8600,51.6800,1.799738
FILLER_15_113,VPWR,li1,60.2600,51.6800,1.799759
FILLER_15_110,VPWR,li1,56.5800,51.6800,1.799775
FILLER_15_102,VPWR,li1,52.6700,51.6800,1.799793
FILLER_15_96,VPWR,li1,51.0600,51.6800,1.799803
FILLER_15_84,VPWR,li1,46.9200,51.6800,1.799819
FILLER_15_75,VPWR,li1,41.4000,51.6800,1.799845
FILLER_15_65,VPWR,li1,36.1100,51.6800,1.799871
FILLER_15_57,VPWR,li1,33.5800,51.6800,1.799884
FILLER_15_55,VPWR,li1,31.0500,51.6800,1.799898
FILLER_15_49,VPWR,li1,29.4400,51.6800,1.799911
FILLER_15_21,VPWR,li1,17.9400,51.6800,1.799945
FILLER_15_13,VPWR,li1,11.9600,51.6800,1.799945
FILLER_15_9,VPWR,li1,9.8900,51.6800,1.799945
FILLER_15_3,VPWR,li1,8.2800,51.6800,1.799945
FILLER_14_803,VPWR,li1,376.7400,51.6800,1.798231
FILLER_14_791,VPWR,li1,372.1400,51.6800,1.798232
FILLER_14_765,VPWR,li1,358.1100,51.6800,1.798260
FILLER_14_757,VPWR,li1,355.5800,51.6800,1.798271
FILLER_14_754,VPWR,li1,352.8200,51.6800,1.798347
FILLER_14_746,VPWR,li1,350.5200,51.6800,1.798410
FILLER_14_734,VPWR,li1,345.9200,51.6800,1.798555
FILLER_14_728,VPWR,li1,341.0900,51.6800,1.798701
FILLER_14_720,VPWR,li1,338.5600,51.6800,1.798765
FILLER_14_708,VPWR,li1,333.9600,51.6800,1.798867
FILLER_14_698,VPWR,li1,327.0600,51.6800,1.799146
FILLER_14_669,VPWR,li1,316.0200,51.6800,1.799124
FILLER_14_657,VPWR,li1,310.5000,51.6800,1.799134
FILLER_14_645,VPWR,li1,304.9800,51.6800,1.799145
FILLER_14_632,VPWR,li1,299.0000,51.6800,1.799158
FILLER_14_620,VPWR,li1,293.4800,51.6800,1.799173
FILLER_14_608,VPWR,li1,287.9600,51.6800,1.799185
FILLER_14_589,VPWR,li1,279.2200,51.6800,1.799203
FILLER_14_580,VPWR,li1,274.1600,51.6800,1.799215
FILLER_14_568,VPWR,li1,269.5600,51.6800,1.799227
FILLER_14_556,VPWR,li1,264.0400,51.6800,1.799244
FILLER_14_546,VPWR,li1,257.1400,51.6800,1.799262
FILLER_14_533,VPWR,li1,252.0800,51.6800,1.799273
FILLER_14_529,VPWR,li1,249.5500,51.6800,1.799285
FILLER_14_521,VPWR,li1,247.0200,51.6800,1.799292
FILLER_14_512,VPWR,li1,241.2700,51.6800,1.799313
FILLER_14_499,VPWR,li1,235.2900,51.6800,1.799345
FILLER_14_495,VPWR,li1,234.1400,51.6800,1.799345
FILLER_14_483,VPWR,li1,230.4600,51.6800,1.799364
FILLER_14_477,VPWR,li1,225.1700,51.6800,1.799392
FILLER_14_465,VPWR,li1,220.1100,51.6800,1.799433
FILLER_14_454,VPWR,li1,214.5900,51.6800,1.799461
FILLER_14_446,VPWR,li1,212.5200,51.6800,1.799475
FILLER_14_438,VPWR,li1,207.2300,51.6800,1.799513
FILLER_14_428,VPWR,li1,202.6300,51.6800,1.799545
FILLER_14_417,VPWR,li1,198.0300,51.6800,1.799589
FILLER_14_395,VPWR,li1,187.9100,51.6800,1.799654
FILLER_14_383,VPWR,li1,184.4600,51.6800,1.799681
FILLER_14_369,VPWR,li1,175.4900,51.6800,1.799758
FILLER_14_365,VPWR,li1,174.3400,51.6800,1.799758
FILLER_14_362,VPWR,li1,172.5000,51.6800,1.799727
FILLER_14_354,VPWR,li1,170.2000,51.6800,1.799689
FILLER_14_345,VPWR,li1,165.6000,51.6800,1.799623
FILLER_14_333,VPWR,li1,161.4600,51.6800,1.799602
FILLER_14_321,VPWR,li1,155.9400,51.6800,1.799577
FILLER_14_309,VPWR,li1,150.4200,51.6800,1.799540
FILLER_14_304,VPWR,li1,146.2800,51.6800,1.799524
FILLER_14_293,VPWR,li1,141.2200,51.6800,1.799512
FILLER_14_277,VPWR,li1,133.4000,51.6800,1.799522
FILLER_14_265,VPWR,li1,130.1800,51.6800,1.799529
FILLER_14_253,VPWR,li1,124.6600,51.6800,1.799545
FILLER_14_249,VPWR,li1,120.7500,51.6800,1.799550
FILLER_14_240,VPWR,li1,116.3800,51.6800,1.799563
FILLER_14_228,VPWR,li1,113.1600,51.6800,1.799572
FILLER_14_216,VPWR,li1,107.6400,51.6800,1.799587
FILLER_14_204,VPWR,li1,102.1200,51.6800,1.799602
FILLER_14_194,VPWR,li1,95.2200,51.6800,1.799624
FILLER_14_154,VPWR,li1,78.2000,51.6800,1.799684
FILLER_14_141,VPWR,li1,71.7600,51.6800,1.799715
FILLER_14_132,VPWR,li1,66.4700,51.6800,1.799738
FILLER_14_126,VPWR,li1,64.8600,51.6800,1.799738
FILLER_14_122,VPWR,li1,61.8700,51.6800,1.799759
FILLER_14_118,VPWR,li1,60.7200,51.6800,1.799759
FILLER_14_106,VPWR,li1,57.0400,51.6800,1.799775
FILLER_14_97,VPWR,li1,50.3700,51.6800,1.799803
FILLER_14_85,VPWR,li1,47.3800,51.6800,1.799819
FILLER_14_82,VPWR,li1,43.7000,51.6800,1.799835
FILLER_14_74,VPWR,li1,41.4000,51.6800,1.799845
FILLER_14_70,VPWR,li1,37.9500,51.6800,1.799862
FILLER_14_57,VPWR,li1,31.9700,51.6800,1.799898
FILLER_14_53,VPWR,li1,30.8200,51.6800,1.799898
FILLER_14_33,VPWR,li1,20.9300,51.6800,1.799945
FILLER_14_29,VPWR,li1,19.7800,51.6800,1.799945
FILLER_14_27,VPWR,li1,18.1700,51.6800,1.799945
FILLER_14_15,VPWR,li1,15.1800,51.6800,1.799945
FILLER_14_3,VPWR,li1,9.6600,51.6800,1.799945
FILLER_13_809,VPWR,li1,378.1200,46.2400,1.799812
FILLER_13_797,VPWR,li1,374.9000,46.2400,1.799815
FILLER_13_785,VPWR,li1,369.3800,46.2400,1.799821
FILLER_13_781,VPWR,li1,365.4700,46.2400,1.799825
FILLER_13_769,VPWR,li1,362.0200,46.2400,1.799828
FILLER_13_757,VPWR,li1,356.5000,46.2400,1.799834
FILLER_13_745,VPWR,li1,350.9800,46.2400,1.799839
FILLER_13_733,VPWR,li1,345.4600,46.2400,1.799845
FILLER_13_709,VPWR,li1,334.4200,46.2400,1.799856
FILLER_13_697,VPWR,li1,328.9000,46.2400,1.799863
FILLER_13_685,VPWR,li1,323.3800,46.2400,1.799793
FILLER_13_673,VPWR,li1,317.8600,46.2400,1.799728
FILLER_13_670,VPWR,li1,314.1800,46.2400,1.799687
FILLER_13_662,VPWR,li1,310.2700,46.2400,1.799631
FILLER_13_656,VPWR,li1,308.6600,46.2400,1.799631
FILLER_13_625,VPWR,li1,293.2500,46.2400,1.799493
FILLER_13_617,VPWR,li1,291.1800,46.2400,1.799475
FILLER_13_608,VPWR,li1,287.0400,46.2400,1.799431
FILLER_13_596,VPWR,li1,282.4400,46.2400,1.799406
FILLER_13_567,VPWR,li1,266.5700,46.2400,1.799299
FILLER_13_561,VPWR,li1,264.9600,46.2400,1.799286
FILLER_13_548,VPWR,li1,260.3600,46.2400,1.799258
FILLER_13_539,VPWR,li1,254.1500,46.2400,1.799223
FILLER_13_527,VPWR,li1,250.7000,46.2400,1.799197
FILLER_13_515,VPWR,li1,245.1800,46.2400,1.799161
FILLER_13_505,VPWR,li1,238.2800,46.2400,1.799121
FILLER_13_503,VPWR,li1,237.1300,46.2400,1.799121
FILLER_13_490,VPWR,li1,232.3000,46.2400,1.799087
FILLER_13_478,VPWR,li1,228.1600,46.2400,1.799071
FILLER_13_466,VPWR,li1,222.6400,46.2400,1.799041
FILLER_13_457,VPWR,li1,216.2000,46.2400,1.799006
FILLER_13_449,VPWR,li1,213.9000,46.2400,1.798994
FILLER_13_447,VPWR,li1,211.3700,46.2400,1.798975
FILLER_13_418,VPWR,li1,200.5600,46.2400,1.798921
FILLER_13_402,VPWR,li1,190.9000,46.2400,1.798884
FILLER_13_389,VPWR,li1,185.1500,46.2400,1.798858
FILLER_13_381,VPWR,li1,182.6200,46.2400,1.798847
FILLER_13_358,VPWR,li1,170.8900,46.2400,1.798321
FILLER_13_334,VPWR,li1,159.6200,46.2400,1.797366
FILLER_13_322,VPWR,li1,156.4000,46.2400,1.797279
FILLER_13_313,VPWR,li1,150.4200,46.2400,1.797216
FILLER_13_301,VPWR,li1,146.7400,46.2400,1.797221
FILLER_13_281,VPWR,li1,137.5400,46.2400,1.797301
FILLER_13_274,VPWR,li1,132.9400,46.2400,1.797350
FILLER_13_267,VPWR,li1,128.5700,46.2400,1.797397
FILLER_13_263,VPWR,li1,127.4200,46.2400,1.797429
FILLER_13_251,VPWR,li1,123.7400,46.2400,1.797461
FILLER_13_243,VPWR,li1,117.5300,46.2400,1.797556
FILLER_13_225,VPWR,li1,110.4000,46.2400,1.797682
FILLER_13_221,VPWR,li1,107.8700,46.2400,1.797720
FILLER_13_202,VPWR,li1,98.6700,46.2400,1.797937
FILLER_13_196,VPWR,li1,97.0600,46.2400,1.797937
FILLER_13_186,VPWR,li1,92.0000,46.2400,1.798051
FILLER_13_174,VPWR,li1,88.3200,46.2400,1.798156
FILLER_13_164,VPWR,li1,81.8800,46.2400,1.798282
FILLER_13_152,VPWR,li1,78.2000,46.2400,1.798382
FILLER_13_140,VPWR,li1,72.6800,46.2400,1.798493
FILLER_13_134,VPWR,li1,67.3900,46.2400,1.798616
FILLER_13_119,VPWR,li1,60.4900,46.2400,1.798814
FILLER_13_113,VPWR,li1,58.8800,46.2400,1.798814
FILLER_13_111,VPWR,li1,56.8100,46.2400,1.798863
FILLER_13_107,VPWR,li1,55.6600,46.2400,1.798922
FILLER_13_95,VPWR,li1,51.9800,46.2400,1.799004
FILLER_13_78,VPWR,li1,41.8600,46.2400,1.799251
FILLER_13_66,VPWR,li1,38.6400,46.2400,1.799334
FILLER_13_55,VPWR,li1,31.0500,46.2400,1.799505
FILLER_13_47,VPWR,li1,28.9800,46.2400,1.799558
FILLER_13_31,VPWR,li1,20.0100,46.2400,1.799741
FILLER_13_27,VPWR,li1,18.8600,46.2400,1.799741
FILLER_13_15,VPWR,li1,15.1800,46.2400,1.799741
FILLER_13_3,VPWR,li1,9.6600,46.2400,1.799741
FILLER_12_805,VPWR,li1,376.2800,46.2400,1.799815
FILLER_12_793,VPWR,li1,373.0600,46.2400,1.799817
FILLER_12_781,VPWR,li1,367.5400,46.2400,1.799822
FILLER_12_769,VPWR,li1,362.0200,46.2400,1.799828
FILLER_12_757,VPWR,li1,356.5000,46.2400,1.799834
FILLER_12_755,VPWR,li1,353.0500,46.2400,1.799837
FILLER_12_749,VPWR,li1,351.4400,46.2400,1.799839
FILLER_12_737,VPWR,li1,347.3000,46.2400,1.799843
FILLER_12_725,VPWR,li1,341.7800,46.2400,1.799849
FILLER_12_713,VPWR,li1,336.2600,46.2400,1.799854
FILLER_12_701,VPWR,li1,330.7400,46.2400,1.799861
FILLER_12_698,VPWR,li1,327.0600,46.2400,1.799840
FILLER_12_690,VPWR,li1,324.7600,46.2400,1.799793
FILLER_12_668,VPWR,li1,313.0300,46.2400,1.799663
FILLER_12_664,VPWR,li1,311.8800,46.2400,1.799663
FILLER_12_645,VPWR,li1,303.1400,46.2400,1.799569
FILLER_12_636,VPWR,li1,299.9200,46.2400,1.799550
FILLER_12_630,VPWR,li1,295.7800,46.2400,1.799508
FILLER_12_618,VPWR,li1,292.5600,46.2400,1.799475
FILLER_12_597,VPWR,li1,280.6000,46.2400,1.799393
FILLER_12_589,VPWR,li1,278.3000,46.2400,1.799374
FILLER_12_582,VPWR,li1,274.6200,46.2400,1.799351
FILLER_12_578,VPWR,li1,271.6300,46.2400,1.799331
FILLER_12_570,VPWR,li1,269.5600,46.2400,1.799318
FILLER_12_566,VPWR,li1,266.1100,46.2400,1.799286
FILLER_12_560,VPWR,li1,264.5000,46.2400,1.799286
FILLER_12_552,VPWR,li1,259.9000,46.2400,1.799258
FILLER_12_544,VPWR,li1,257.6000,46.2400,1.799236
FILLER_12_533,VPWR,li1,251.6200,46.2400,1.799208
FILLER_12_530,VPWR,li1,249.7800,46.2400,1.799197
FILLER_12_524,VPWR,li1,246.7900,46.2400,1.799178
FILLER_12_512,VPWR,li1,243.8000,46.2400,1.799161
FILLER_12_500,VPWR,li1,238.2800,46.2400,1.799121
FILLER_12_489,VPWR,li1,231.1500,46.2400,1.799087
FILLER_12_468,VPWR,li1,222.6400,46.2400,1.799041
FILLER_12_458,VPWR,li1,217.1200,46.2400,1.799006
FILLER_12_443,VPWR,li1,211.1400,46.2400,1.798975
FILLER_12_434,VPWR,li1,205.6200,46.2400,1.798946
FILLER_12_408,VPWR,li1,195.9600,46.2400,1.798907
FILLER_12_402,VPWR,li1,191.1300,46.2400,1.798884
FILLER_12_394,VPWR,li1,188.6000,46.2400,1.798874
FILLER_12_382,VPWR,li1,184.0000,46.2400,1.798847
FILLER_12_370,VPWR,li1,178.4800,46.2400,1.798828
FILLER_12_365,VPWR,li1,173.8800,46.2400,1.798594
FILLER_12_361,VPWR,li1,172.2700,46.2400,1.798321
FILLER_12_353,VPWR,li1,169.7400,46.2400,1.798048
FILLER_12_345,VPWR,li1,164.4500,46.2400,1.797653
FILLER_12_336,VPWR,li1,161.0000,46.2400,1.797435
FILLER_12_313,VPWR,li1,149.7300,46.2400,1.797216
FILLER_12_309,VPWR,li1,148.5800,46.2400,1.797218
FILLER_12_300,VPWR,li1,143.7500,46.2400,1.797234
FILLER_12_292,VPWR,li1,141.6800,46.2400,1.797250
FILLER_12_280,VPWR,li1,137.0800,46.2400,1.797301
FILLER_12_264,VPWR,li1,127.1900,46.2400,1.797429
FILLER_12_260,VPWR,li1,126.0400,46.2400,1.797429
FILLER_12_240,VPWR,li1,118.6800,46.2400,1.797523
FILLER_12_228,VPWR,li1,113.1600,46.2400,1.797599
FILLER_12_220,VPWR,li1,106.9500,46.2400,1.797720
FILLER_12_209,VPWR,li1,102.5800,46.2400,1.797814
FILLER_12_197,VPWR,li1,98.9000,46.2400,1.797895
FILLER_12_184,VPWR,li1,92.9200,46.2400,1.798051
FILLER_12_172,VPWR,li1,87.4000,46.2400,1.798156
FILLER_12_160,VPWR,li1,81.8800,46.2400,1.798282
FILLER_12_141,VPWR,li1,71.3000,46.2400,1.798562
FILLER_12_139,VPWR,li1,69.6900,46.2400,1.798562
FILLER_12_133,VPWR,li1,68.0800,46.2400,1.798616
FILLER_12_123,VPWR,li1,62.3300,46.2400,1.798755
FILLER_12_102,VPWR,li1,54.2800,46.2400,1.798922
FILLER_12_76,VPWR,li1,40.9400,46.2400,1.799251
FILLER_12_64,VPWR,li1,37.7200,46.2400,1.799334
FILLER_12_52,VPWR,li1,32.2000,46.2400,1.799505
FILLER_12_40,VPWR,li1,26.6800,46.2400,1.799623
FILLER_12_27,VPWR,li1,18.1700,46.2400,1.799741
FILLER_12_15,VPWR,li1,15.1800,46.2400,1.799741
FILLER_12_3,VPWR,li1,9.6600,46.2400,1.799741
FILLER_11_809,VPWR,li1,378.1200,40.8000,1.799898
FILLER_11_797,VPWR,li1,374.9000,40.8000,1.799898
FILLER_11_785,VPWR,li1,369.3800,40.8000,1.799898
FILLER_11_783,VPWR,li1,365.9300,40.8000,1.799898
FILLER_11_777,VPWR,li1,364.3200,40.8000,1.799898
FILLER_11_765,VPWR,li1,360.1800,40.8000,1.799898
FILLER_11_753,VPWR,li1,354.6600,40.8000,1.799898
FILLER_11_741,VPWR,li1,349.1400,40.8000,1.799898
FILLER_11_729,VPWR,li1,343.6200,40.8000,1.799898
FILLER_11_726,VPWR,li1,339.9400,40.8000,1.799898
FILLER_11_714,VPWR,li1,336.7200,40.8000,1.799898
FILLER_11_702,VPWR,li1,331.2000,40.8000,1.799898
FILLER_11_690,VPWR,li1,325.6800,40.8000,1.799877
FILLER_11_681,VPWR,li1,319.2400,40.8000,1.799815
FILLER_11_673,VPWR,li1,316.9400,40.8000,1.799794
FILLER_11_664,VPWR,li1,312.8000,40.8000,1.799753
FILLER_11_649,VPWR,li1,304.2900,40.8000,1.799685
FILLER_11_643,VPWR,li1,302.6800,40.8000,1.799665
FILLER_11_631,VPWR,li1,298.5400,40.8000,1.799642
FILLER_11_615,VPWR,li1,288.6500,40.8000,1.799573
FILLER_11_603,VPWR,li1,285.6600,40.8000,1.799567
FILLER_11_591,VPWR,li1,280.1400,40.8000,1.799551
FILLER_11_575,VPWR,li1,272.7800,40.8000,1.799531
FILLER_11_559,VPWR,li1,262.8900,40.8000,1.799517
FILLER_11_555,VPWR,li1,261.7400,40.8000,1.799517
FILLER_11_546,VPWR,li1,256.9100,40.8000,1.799509
FILLER_11_540,VPWR,li1,255.3000,40.8000,1.799509
FILLER_11_522,VPWR,li1,246.1000,40.8000,1.799499
FILLER_11_511,VPWR,li1,240.8100,40.8000,1.799496
FILLER_11_505,VPWR,li1,239.2000,40.8000,1.799496
FILLER_11_501,VPWR,li1,236.6700,40.8000,1.799495
FILLER_11_484,VPWR,li1,228.3900,40.8000,1.799494
FILLER_11_480,VPWR,li1,227.2400,40.8000,1.799494
FILLER_11_462,VPWR,li1,219.8800,40.8000,1.799498
FILLER_11_453,VPWR,li1,214.1300,40.8000,1.799505
FILLER_11_449,VPWR,li1,212.9800,40.8000,1.799505
FILLER_11_446,VPWR,li1,211.1400,40.8000,1.799507
FILLER_11_438,VPWR,li1,208.8400,40.8000,1.799511
FILLER_11_426,VPWR,li1,204.2400,40.8000,1.799517
FILLER_11_421,VPWR,li1,199.4100,40.8000,1.799523
FILLER_11_413,VPWR,li1,197.3400,40.8000,1.799525
FILLER_11_405,VPWR,li1,192.2800,40.8000,1.799534
FILLER_11_393,VPWR,li1,189.0600,40.8000,1.799539
FILLER_11_391,VPWR,li1,185.6100,40.8000,1.799547
FILLER_11_387,VPWR,li1,184.4600,40.8000,1.799547
FILLER_11_375,VPWR,li1,180.7800,40.8000,1.799553
FILLER_11_349,VPWR,li1,167.4400,40.8000,1.799252
FILLER_11_337,VPWR,li1,163.3000,40.8000,1.799097
FILLER_11_335,VPWR,li1,159.8500,40.8000,1.798941
FILLER_11_323,VPWR,li1,156.8600,40.8000,1.798855
FILLER_11_315,VPWR,li1,150.6500,40.8000,1.798608
FILLER_11_309,VPWR,li1,149.0400,40.8000,1.798608
FILLER_11_289,VPWR,li1,139.1500,40.8000,1.798518
FILLER_11_281,VPWR,li1,136.6200,40.8000,1.798512
FILLER_11_265,VPWR,li1,127.8800,40.8000,1.798535
FILLER_11_257,VPWR,li1,125.5800,40.8000,1.798547
FILLER_11_245,VPWR,li1,120.9800,40.8000,1.798585
FILLER_11_233,VPWR,li1,115.4600,40.8000,1.798616
FILLER_11_218,VPWR,li1,107.1800,40.8000,1.798699
FILLER_11_201,VPWR,li1,98.9000,40.8000,1.798774
FILLER_11_189,VPWR,li1,95.2200,40.8000,1.798833
FILLER_11_177,VPWR,li1,89.7000,40.8000,1.798897
FILLER_11_166,VPWR,li1,82.3400,40.8000,1.798987
FILLER_11_162,VPWR,li1,80.2700,40.8000,1.799020
FILLER_11_150,VPWR,li1,77.2800,40.8000,1.799059
FILLER_11_137,VPWR,li1,69.9200,40.8000,1.799156
FILLER_11_125,VPWR,li1,65.7800,40.8000,1.799213
FILLER_11_113,VPWR,li1,60.2600,40.8000,1.799272
FILLER_11_100,VPWR,li1,54.2800,40.8000,1.799362
FILLER_11_84,VPWR,li1,45.5400,40.8000,1.799477
FILLER_11_68,VPWR,li1,39.5600,40.8000,1.799565
FILLER_11_51,VPWR,li1,29.4400,40.8000,1.799729
FILLER_11_39,VPWR,li1,26.2200,40.8000,1.799785
FILLER_11_27,VPWR,li1,20.7000,40.8000,1.799847
FILLER_11_15,VPWR,li1,15.1800,40.8000,1.799847
FILLER_11_3,VPWR,li1,9.6600,40.8000,1.799847
FILLER_10_805,VPWR,li1,377.2000,40.8000,1.799898
FILLER_10_793,VPWR,li1,373.0600,40.8000,1.799898
FILLER_10_781,VPWR,li1,367.5400,40.8000,1.799898
FILLER_10_769,VPWR,li1,362.0200,40.8000,1.799898
FILLER_10_757,VPWR,li1,356.5000,40.8000,1.799898
FILLER_10_755,VPWR,li1,353.0500,40.8000,1.799898
FILLER_10_749,VPWR,li1,351.4400,40.8000,1.799898
FILLER_10_737,VPWR,li1,347.3000,40.8000,1.799898
FILLER_10_725,VPWR,li1,341.7800,40.8000,1.799898
FILLER_10_713,VPWR,li1,336.2600,40.8000,1.799898
FILLER_10_701,VPWR,li1,330.7400,40.8000,1.799898
FILLER_10_694,VPWR,li1,326.1400,40.8000,1.799877
FILLER_10_682,VPWR,li1,322.0000,40.8000,1.799833
FILLER_10_670,VPWR,li1,316.4800,40.8000,1.799775
FILLER_10_653,VPWR,li1,306.1300,40.8000,1.799701
FILLER_10_645,VPWR,li1,304.0600,40.8000,1.799685
FILLER_10_643,VPWR,li1,301.5300,40.8000,1.799665
FILLER_10_637,VPWR,li1,299.9200,40.8000,1.799642
FILLER_10_625,VPWR,li1,295.7800,40.8000,1.799607
FILLER_10_608,VPWR,li1,285.4300,40.8000,1.799567
FILLER_10_596,VPWR,li1,282.4400,40.8000,1.799558
FILLER_10_586,VPWR,li1,275.5400,40.8000,1.799539
FILLER_10_576,VPWR,li1,271.1700,40.8000,1.799531
FILLER_10_568,VPWR,li1,268.6400,40.8000,1.799527
FILLER_10_555,VPWR,li1,262.6600,40.8000,1.799517
FILLER_10_533,VPWR,li1,251.1600,40.8000,1.799504
FILLER_10_530,VPWR,li1,249.7800,40.8000,1.799503
FILLER_10_520,VPWR,li1,244.9500,40.8000,1.799499
FILLER_10_514,VPWR,li1,242.4200,40.8000,1.799498
FILLER_10_506,VPWR,li1,240.1200,40.8000,1.799496
FILLER_10_490,VPWR,li1,231.6100,40.8000,1.799493
FILLER_10_482,VPWR,li1,229.0800,40.8000,1.799494
FILLER_10_477,VPWR,li1,225.4000,40.8000,1.799495
FILLER_10_468,VPWR,li1,222.6400,40.8000,1.799496
FILLER_10_453,VPWR,li1,214.5900,40.8000,1.799505
FILLER_10_441,VPWR,li1,211.1400,40.8000,1.799507
FILLER_10_424,VPWR,li1,201.0200,40.8000,1.799520
FILLER_10_416,VPWR,li1,197.1100,40.8000,1.799525
FILLER_10_401,VPWR,li1,191.8200,40.8000,1.799534
FILLER_10_389,VPWR,li1,187.2200,40.8000,1.799542
FILLER_10_377,VPWR,li1,181.7000,40.8000,1.799553
FILLER_10_365,VPWR,li1,176.1800,40.8000,1.799563
FILLER_10_352,VPWR,li1,170.2000,40.8000,1.799356
FILLER_10_340,VPWR,li1,164.6800,40.8000,1.799097
FILLER_10_328,VPWR,li1,159.1600,40.8000,1.798941
FILLER_10_316,VPWR,li1,153.6400,40.8000,1.798690
FILLER_10_300,VPWR,li1,145.3600,40.8000,1.798550
FILLER_10_288,VPWR,li1,140.7600,40.8000,1.798518
FILLER_10_274,VPWR,li1,131.7900,40.8000,1.798517
FILLER_10_267,VPWR,li1,128.8000,40.8000,1.798535
FILLER_10_251,VPWR,li1,121.2100,40.8000,1.798585
FILLER_10_245,VPWR,li1,119.6000,40.8000,1.798585
FILLER_10_241,VPWR,li1,116.6100,40.8000,1.798616
FILLER_10_237,VPWR,li1,115.4600,40.8000,1.798616
FILLER_10_225,VPWR,li1,111.7800,40.8000,1.798655
FILLER_10_213,VPWR,li1,106.2600,40.8000,1.798699
FILLER_10_201,VPWR,li1,100.7400,40.8000,1.798754
FILLER_10_195,VPWR,li1,95.4500,40.8000,1.798812
FILLER_10_179,VPWR,li1,88.3200,40.8000,1.798897
FILLER_10_170,VPWR,li1,84.1800,40.8000,1.798964
FILLER_10_156,VPWR,li1,78.6600,40.8000,1.799020
FILLER_10_141,VPWR,li1,70.6100,40.8000,1.799128
FILLER_10_134,VPWR,li1,68.5400,40.8000,1.799156
FILLER_10_122,VPWR,li1,64.4000,40.8000,1.799213
FILLER_10_107,VPWR,li1,54.9700,40.8000,1.799362
FILLER_10_101,VPWR,li1,52.2100,40.8000,1.799404
FILLER_10_97,VPWR,li1,51.0600,40.8000,1.799404
FILLER_10_85,VPWR,li1,47.3800,40.8000,1.799450
FILLER_10_82,VPWR,li1,43.7000,40.8000,1.799511
FILLER_10_70,VPWR,li1,40.4800,40.8000,1.799565
FILLER_10_46,VPWR,li1,28.5200,40.8000,1.799729
FILLER_10_29,VPWR,li1,19.3200,40.8000,1.799847
FILLER_10_27,VPWR,li1,18.1700,40.8000,1.799847
FILLER_10_15,VPWR,li1,15.1800,40.8000,1.799847
FILLER_10_3,VPWR,li1,9.6600,40.8000,1.799847
FILLER_9_809,VPWR,li1,378.1200,35.3600,1.799767
FILLER_9_797,VPWR,li1,374.9000,35.3600,1.799767
FILLER_9_785,VPWR,li1,369.3800,35.3600,1.799767
FILLER_9_783,VPWR,li1,365.9300,35.3600,1.799767
FILLER_9_777,VPWR,li1,364.3200,35.3600,1.799767
FILLER_9_765,VPWR,li1,360.1800,35.3600,1.799767
FILLER_9_753,VPWR,li1,354.6600,35.3600,1.799767
FILLER_9_741,VPWR,li1,349.1400,35.3600,1.799767
FILLER_9_729,VPWR,li1,343.6200,35.3600,1.799767
FILLER_9_720,VPWR,li1,338.5600,35.3600,1.799767
FILLER_9_708,VPWR,li1,333.9600,35.3600,1.799767
FILLER_9_696,VPWR,li1,328.4400,35.3600,1.799716
FILLER_9_681,VPWR,li1,319.0100,35.3600,1.799567
FILLER_9_673,VPWR,li1,316.9400,35.3600,1.799538
FILLER_9_651,VPWR,li1,305.6700,35.3600,1.799411
FILLER_9_643,VPWR,li1,303.1400,35.3600,1.799401
FILLER_9_631,VPWR,li1,298.5400,35.3600,1.799385
FILLER_9_617,VPWR,li1,290.0300,35.3600,1.799355
FILLER_9_613,VPWR,li1,288.1900,35.3600,1.799351
FILLER_9_601,VPWR,li1,284.7400,35.3600,1.799342
FILLER_9_589,VPWR,li1,279.2200,35.3600,1.799350
FILLER_9_561,VPWR,li1,263.8100,35.3600,1.799399
FILLER_9_557,VPWR,li1,262.4300,35.3600,1.799399
FILLER_9_549,VPWR,li1,259.9000,35.3600,1.799408
FILLER_9_541,VPWR,li1,254.6100,35.3600,1.799432
FILLER_9_537,VPWR,li1,253.4600,35.3600,1.799432
FILLER_9_530,VPWR,li1,250.0100,35.3600,1.799448
FILLER_9_519,VPWR,li1,245.1800,35.3600,1.799465
FILLER_9_513,VPWR,li1,242.1900,35.3600,1.799477
FILLER_9_505,VPWR,li1,239.6600,35.3600,1.799487
FILLER_9_503,VPWR,li1,237.1300,35.3600,1.799501
FILLER_9_493,VPWR,li1,232.7600,35.3600,1.799515
FILLER_9_485,VPWR,li1,230.4600,35.3600,1.799525
FILLER_9_472,VPWR,li1,223.3300,35.3600,1.799556
FILLER_9_464,VPWR,li1,220.8000,35.3600,1.799569
FILLER_9_452,VPWR,li1,216.2000,35.3600,1.799591
FILLER_9_447,VPWR,li1,211.3700,35.3600,1.799609
FILLER_9_434,VPWR,li1,206.5400,35.3600,1.799631
FILLER_9_429,VPWR,li1,203.3200,35.3600,1.799647
FILLER_9_417,VPWR,li1,198.7200,35.3600,1.799670
FILLER_9_405,VPWR,li1,194.5800,35.3600,1.799690
FILLER_9_393,VPWR,li1,189.0600,35.3600,1.799718
FILLER_9_391,VPWR,li1,185.6100,35.3600,1.799743
FILLER_9_385,VPWR,li1,184.0000,35.3600,1.799743
FILLER_9_373,VPWR,li1,179.8600,35.3600,1.799764
FILLER_9_361,VPWR,li1,174.3400,35.3600,1.799749
FILLER_9_349,VPWR,li1,168.8200,35.3600,1.799677
FILLER_9_337,VPWR,li1,163.3000,35.3600,1.799587
FILLER_9_333,VPWR,li1,159.3900,35.3600,1.799523
FILLER_9_325,VPWR,li1,156.8600,35.3600,1.799466
FILLER_9_313,VPWR,li1,152.2600,35.3600,1.799406
FILLER_9_301,VPWR,li1,146.7400,35.3600,1.799311
FILLER_9_281,VPWR,li1,136.1600,35.3600,1.799185
FILLER_9_274,VPWR,li1,132.9400,35.3600,1.799153
FILLER_9_255,VPWR,li1,125.5800,35.3600,1.799132
FILLER_9_243,VPWR,li1,120.0600,35.3600,1.799118
FILLER_9_225,VPWR,li1,110.4000,35.3600,1.799105
FILLER_9_221,VPWR,li1,107.8700,35.3600,1.799105
FILLER_9_213,VPWR,li1,105.3400,35.3600,1.799105
FILLER_9_201,VPWR,li1,100.7400,35.3600,1.799105
FILLER_9_191,VPWR,li1,94.0700,35.3600,1.799109
FILLER_9_184,VPWR,li1,90.3900,35.3600,1.799116
FILLER_9_172,VPWR,li1,87.4000,35.3600,1.799125
FILLER_9_167,VPWR,li1,82.5700,35.3600,1.799160
FILLER_9_163,VPWR,li1,81.4200,35.3600,1.799160
FILLER_9_151,VPWR,li1,77.7400,35.3600,1.799189
FILLER_9_139,VPWR,li1,72.2200,35.3600,1.799243
FILLER_9_113,VPWR,li1,60.2600,35.3600,1.799371
FILLER_9_111,VPWR,li1,56.8100,35.3600,1.799421
FILLER_9_107,VPWR,li1,54.9700,35.3600,1.799447
FILLER_9_103,VPWR,li1,53.8200,35.3600,1.799447
FILLER_9_88,VPWR,li1,46.6900,35.3600,1.799538
FILLER_9_80,VPWR,li1,44.1600,35.3600,1.799578
FILLER_9_72,VPWR,li1,38.8700,35.3600,1.799626
FILLER_9_52,VPWR,li1,30.3600,35.3600,1.799737
FILLER_9_39,VPWR,li1,23.6900,35.3600,1.799826
FILLER_9_27,VPWR,li1,20.7000,35.3600,1.799866
FILLER_9_15,VPWR,li1,15.1800,35.3600,1.799866
FILLER_9_3,VPWR,li1,9.6600,35.3600,1.799866
FILLER_8_805,VPWR,li1,377.2000,35.3600,1.799767
FILLER_8_793,VPWR,li1,373.0600,35.3600,1.799767
FILLER_8_781,VPWR,li1,367.5400,35.3600,1.799767
FILLER_8_769,VPWR,li1,362.0200,35.3600,1.799767
FILLER_8_757,VPWR,li1,356.5000,35.3600,1.799767
FILLER_8_755,VPWR,li1,353.0500,35.3600,1.799767
FILLER_8_749,VPWR,li1,351.4400,35.3600,1.799767
FILLER_8_737,VPWR,li1,347.3000,35.3600,1.799767
FILLER_8_725,VPWR,li1,341.7800,35.3600,1.799767
FILLER_8_713,VPWR,li1,336.2600,35.3600,1.799767
FILLER_8_701,VPWR,li1,330.7400,35.3600,1.799767
FILLER_8_697,VPWR,li1,326.8300,35.3600,1.799716
FILLER_8_685,VPWR,li1,323.3800,35.3600,1.799636
FILLER_8_673,VPWR,li1,317.8600,35.3600,1.799538
FILLER_8_661,VPWR,li1,312.3400,35.3600,1.799474
FILLER_8_653,VPWR,li1,306.3600,35.3600,1.799421
FILLER_8_645,VPWR,li1,304.0600,35.3600,1.799411
FILLER_8_632,VPWR,li1,299.0000,35.3600,1.799385
FILLER_8_620,VPWR,li1,293.4800,35.3600,1.799359
FILLER_8_608,VPWR,li1,287.9600,35.3600,1.799351
FILLER_8_589,VPWR,li1,276.6900,35.3600,1.799358
FILLER_8_586,VPWR,li1,275.5400,35.3600,1.799358
FILLER_8_574,VPWR,li1,272.3200,35.3600,1.799366
FILLER_8_570,VPWR,li1,267.9500,35.3600,1.799383
FILLER_8_562,VPWR,li1,264.9600,35.3600,1.799390
FILLER_8_550,VPWR,li1,261.2800,35.3600,1.799408
FILLER_8_541,VPWR,li1,254.8400,35.3600,1.799432
FILLER_8_533,VPWR,li1,252.5400,35.3600,1.799439
FILLER_8_528,VPWR,li1,249.3200,35.3600,1.799448
FILLER_8_516,VPWR,li1,245.6400,35.3600,1.799465
FILLER_8_504,VPWR,li1,240.1200,35.3600,1.799487
FILLER_8_489,VPWR,li1,230.6900,35.3600,1.799525
FILLER_8_477,VPWR,li1,227.7000,35.3600,1.799537
FILLER_8_473,VPWR,li1,223.7900,35.3600,1.799556
FILLER_8_461,VPWR,li1,220.3400,35.3600,1.799569
FILLER_8_455,VPWR,li1,215.2800,35.3600,1.799591
FILLER_8_447,VPWR,li1,212.9800,35.3600,1.799609
FILLER_8_435,VPWR,li1,208.3800,35.3600,1.799623
FILLER_8_421,VPWR,li1,199.8700,35.3600,1.799670
FILLER_8_419,VPWR,li1,198.4900,35.3600,1.799679
FILLER_8_413,VPWR,li1,196.8800,35.3600,1.799679
FILLER_8_401,VPWR,li1,192.7400,35.3600,1.799700
FILLER_8_389,VPWR,li1,187.2200,35.3600,1.799733
FILLER_8_377,VPWR,li1,181.7000,35.3600,1.799755
FILLER_8_365,VPWR,li1,176.1800,35.3600,1.799786
FILLER_8_363,VPWR,li1,172.7300,35.3600,1.799715
FILLER_8_357,VPWR,li1,171.1200,35.3600,1.799715
FILLER_8_345,VPWR,li1,166.9800,35.3600,1.799647
FILLER_8_333,VPWR,li1,161.4600,35.3600,1.799557
FILLER_8_321,VPWR,li1,155.9400,35.3600,1.799466
FILLER_8_309,VPWR,li1,150.4200,35.3600,1.799376
FILLER_8_305,VPWR,li1,146.5100,35.3600,1.799311
FILLER_8_293,VPWR,li1,143.0600,35.3600,1.799243
FILLER_8_281,VPWR,li1,137.5400,35.3600,1.799185
FILLER_8_273,VPWR,li1,131.3300,35.3600,1.799153
FILLER_8_265,VPWR,li1,129.2600,35.3600,1.799144
FILLER_8_253,VPWR,li1,124.6600,35.3600,1.799132
FILLER_8_251,VPWR,li1,121.2100,35.3600,1.799118
FILLER_8_245,VPWR,li1,119.6000,35.3600,1.799118
FILLER_8_233,VPWR,li1,115.4600,35.3600,1.799107
FILLER_8_221,VPWR,li1,109.9400,35.3600,1.799105
FILLER_8_209,VPWR,li1,104.4200,35.3600,1.799105
FILLER_8_197,VPWR,li1,98.9000,35.3600,1.799105
FILLER_8_194,VPWR,li1,95.2200,35.3600,1.799109
FILLER_8_188,VPWR,li1,92.2300,35.3600,1.799112
FILLER_8_162,VPWR,li1,81.4200,35.3600,1.799160
FILLER_8_137,VPWR,li1,69.2300,35.3600,1.799286
FILLER_8_125,VPWR,li1,65.7800,35.3600,1.799322
FILLER_8_113,VPWR,li1,60.2600,35.3600,1.799371
FILLER_8_91,VPWR,li1,47.6100,35.3600,1.799538
FILLER_8_85,VPWR,li1,46.0000,35.3600,1.799538
FILLER_8_65,VPWR,li1,35.8800,35.3600,1.799680
FILLER_8_53,VPWR,li1,32.6600,35.3600,1.799710
FILLER_8_41,VPWR,li1,27.1400,35.3600,1.799801
FILLER_8_29,VPWR,li1,21.6200,35.3600,1.799866
FILLER_8_27,VPWR,li1,18.1700,35.3600,1.799866
FILLER_8_15,VPWR,li1,15.1800,35.3600,1.799866
FILLER_8_3,VPWR,li1,9.6600,35.3600,1.799866
FILLER_7_809,VPWR,li1,378.1200,29.9200,1.799967
FILLER_7_797,VPWR,li1,374.9000,29.9200,1.799967
FILLER_7_785,VPWR,li1,369.3800,29.9200,1.799967
FILLER_7_783,VPWR,li1,365.9300,29.9200,1.799967
FILLER_7_777,VPWR,li1,364.3200,29.9200,1.799967
FILLER_7_765,VPWR,li1,360.1800,29.9200,1.799967
FILLER_7_753,VPWR,li1,354.6600,29.9200,1.799967
FILLER_7_741,VPWR,li1,349.1400,29.9200,1.799967
FILLER_7_729,VPWR,li1,343.6200,29.9200,1.799967
FILLER_7_727,VPWR,li1,340.1700,29.9200,1.799967
FILLER_7_721,VPWR,li1,338.5600,29.9200,1.799967
FILLER_7_709,VPWR,li1,334.4200,29.9200,1.799967
FILLER_7_697,VPWR,li1,328.9000,29.9200,1.799967
FILLER_7_685,VPWR,li1,323.3800,29.9200,1.799952
FILLER_7_673,VPWR,li1,317.8600,29.9200,1.799933
FILLER_7_671,VPWR,li1,314.4100,29.9200,1.799917
FILLER_7_665,VPWR,li1,312.8000,29.9200,1.799917
FILLER_7_653,VPWR,li1,308.6600,29.9200,1.799903
FILLER_7_641,VPWR,li1,303.1400,29.9200,1.799880
FILLER_7_629,VPWR,li1,297.6200,29.9200,1.799866
FILLER_7_617,VPWR,li1,292.1000,29.9200,1.799847
FILLER_7_615,VPWR,li1,288.6500,29.9200,1.799830
FILLER_7_609,VPWR,li1,287.0400,29.9200,1.799830
FILLER_7_597,VPWR,li1,282.9000,29.9200,1.799817
FILLER_7_585,VPWR,li1,277.3800,29.9200,1.799794
FILLER_7_573,VPWR,li1,271.8600,29.9200,1.799780
FILLER_7_561,VPWR,li1,266.3400,29.9200,1.799761
FILLER_7_556,VPWR,li1,262.2000,29.9200,1.799747
FILLER_7_539,VPWR,li1,254.1500,29.9200,1.799728
FILLER_7_531,VPWR,li1,251.6200,29.9200,1.799725
FILLER_7_517,VPWR,li1,243.8000,29.9200,1.799722
FILLER_7_505,VPWR,li1,240.5800,29.9200,1.799724
FILLER_7_500,VPWR,li1,236.4400,29.9200,1.799728
FILLER_7_487,VPWR,li1,229.7700,29.9200,1.799744
FILLER_7_474,VPWR,li1,225.4000,29.9200,1.799753
FILLER_7_462,VPWR,li1,220.8000,29.9200,1.799770
FILLER_7_447,VPWR,li1,211.3700,29.9200,1.799801
FILLER_7_443,VPWR,li1,210.2200,29.9200,1.799810
FILLER_7_421,VPWR,li1,199.4100,29.9200,1.799853
FILLER_7_417,VPWR,li1,198.2600,29.9200,1.799862
FILLER_7_405,VPWR,li1,194.5800,29.9200,1.799872
FILLER_7_393,VPWR,li1,189.0600,29.9200,1.799895
FILLER_7_391,VPWR,li1,185.6100,29.9200,1.799917
FILLER_7_385,VPWR,li1,184.0000,29.9200,1.799917
FILLER_7_373,VPWR,li1,179.8600,29.9200,1.799935
FILLER_7_361,VPWR,li1,174.3400,29.9200,1.799954
FILLER_7_349,VPWR,li1,168.8200,29.9200,1.799953
FILLER_7_337,VPWR,li1,163.3000,29.9200,1.799951
FILLER_7_335,VPWR,li1,159.8500,29.9200,1.799950
FILLER_7_329,VPWR,li1,158.2400,29.9200,1.799950
FILLER_7_317,VPWR,li1,154.1000,29.9200,1.799949
FILLER_7_305,VPWR,li1,148.5800,29.9200,1.799947
FILLER_7_293,VPWR,li1,143.0600,29.9200,1.799946
FILLER_7_281,VPWR,li1,137.5400,29.9200,1.799945
FILLER_7_279,VPWR,li1,134.0900,29.9200,1.799944
FILLER_7_273,VPWR,li1,132.4800,29.9200,1.799944
FILLER_7_261,VPWR,li1,128.3400,29.9200,1.799943
FILLER_7_249,VPWR,li1,122.8200,29.9200,1.799941
FILLER_7_237,VPWR,li1,117.3000,29.9200,1.799940
FILLER_7_225,VPWR,li1,111.7800,29.9200,1.799939
FILLER_7_223,VPWR,li1,108.3300,29.9200,1.799937
FILLER_7_217,VPWR,li1,106.7200,29.9200,1.799937
FILLER_7_205,VPWR,li1,102.5800,29.9200,1.799936
FILLER_7_193,VPWR,li1,97.0600,29.9200,1.799935
FILLER_7_181,VPWR,li1,91.5400,29.9200,1.799934
FILLER_7_169,VPWR,li1,86.0200,29.9200,1.799932
FILLER_7_162,VPWR,li1,81.4200,29.9200,1.799931
FILLER_7_150,VPWR,li1,77.2800,29.9200,1.799930
FILLER_7_138,VPWR,li1,71.7600,29.9200,1.799929
FILLER_7_126,VPWR,li1,66.2400,29.9200,1.799927
FILLER_7_102,VPWR,li1,53.1300,29.9200,1.799932
FILLER_7_94,VPWR,li1,50.6000,29.9200,1.799936
FILLER_7_82,VPWR,li1,46.0000,29.9200,1.799943
FILLER_7_69,VPWR,li1,38.6400,29.9200,1.799954
FILLER_7_57,VPWR,li1,34.5000,29.9200,1.799961
FILLER_7_55,VPWR,li1,31.0500,29.9200,1.799968
FILLER_7_51,VPWR,li1,29.9000,29.9200,1.799968
FILLER_7_39,VPWR,li1,26.2200,29.9200,1.799974
FILLER_7_27,VPWR,li1,20.7000,29.9200,1.799983
FILLER_7_15,VPWR,li1,15.1800,29.9200,1.799983
FILLER_7_3,VPWR,li1,9.6600,29.9200,1.799983
FILLER_6_805,VPWR,li1,377.2000,29.9200,1.799967
FILLER_6_793,VPWR,li1,373.0600,29.9200,1.799967
FILLER_6_781,VPWR,li1,367.5400,29.9200,1.799967
FILLER_6_769,VPWR,li1,362.0200,29.9200,1.799967
FILLER_6_757,VPWR,li1,356.5000,29.9200,1.799967
FILLER_6_755,VPWR,li1,353.0500,29.9200,1.799967
FILLER_6_749,VPWR,li1,351.4400,29.9200,1.799967
FILLER_6_737,VPWR,li1,347.3000,29.9200,1.799967
FILLER_6_725,VPWR,li1,341.7800,29.9200,1.799967
FILLER_6_713,VPWR,li1,336.2600,29.9200,1.799967
FILLER_6_701,VPWR,li1,330.7400,29.9200,1.799967
FILLER_6_699,VPWR,li1,327.2900,29.9200,1.799960
FILLER_6_693,VPWR,li1,325.6800,29.9200,1.799960
FILLER_6_681,VPWR,li1,321.5400,29.9200,1.799946
FILLER_6_669,VPWR,li1,316.0200,29.9200,1.799923
FILLER_6_657,VPWR,li1,310.5000,29.9200,1.799909
FILLER_6_645,VPWR,li1,304.9800,29.9200,1.799890
FILLER_6_643,VPWR,li1,301.5300,29.9200,1.799874
FILLER_6_637,VPWR,li1,299.9200,29.9200,1.799874
FILLER_6_625,VPWR,li1,295.7800,29.9200,1.799860
FILLER_6_613,VPWR,li1,290.2600,29.9200,1.799837
FILLER_6_601,VPWR,li1,284.7400,29.9200,1.799823
FILLER_6_589,VPWR,li1,279.2200,29.9200,1.799804
FILLER_6_587,VPWR,li1,275.7700,29.9200,1.799787
FILLER_6_581,VPWR,li1,274.1600,29.9200,1.799787
FILLER_6_569,VPWR,li1,270.0200,29.9200,1.799774
FILLER_6_557,VPWR,li1,264.5000,29.9200,1.799755
FILLER_6_545,VPWR,li1,258.9800,29.9200,1.799737
FILLER_6_533,VPWR,li1,253.4600,29.9200,1.799728
FILLER_6_531,VPWR,li1,250.0100,29.9200,1.799722
FILLER_6_525,VPWR,li1,248.4000,29.9200,1.799722
FILLER_6_513,VPWR,li1,244.2600,29.9200,1.799722
FILLER_6_489,VPWR,li1,231.1500,29.9200,1.799738
FILLER_6_451,VPWR,li1,213.9000,29.9200,1.799793
FILLER_6_441,VPWR,li1,209.0700,29.9200,1.799810
FILLER_6_433,VPWR,li1,206.5400,29.9200,1.799821
FILLER_6_421,VPWR,li1,201.9400,29.9200,1.799844
FILLER_6_419,VPWR,li1,198.4900,29.9200,1.799862
FILLER_6_413,VPWR,li1,196.8800,29.9200,1.799862
FILLER_6_401,VPWR,li1,192.7400,29.9200,1.799880
FILLER_6_389,VPWR,li1,187.2200,29.9200,1.799908
FILLER_6_377,VPWR,li1,181.7000,29.9200,1.799927
FILLER_6_365,VPWR,li1,176.1800,29.9200,1.799954
FILLER_6_363,VPWR,li1,172.7300,29.9200,1.799953
FILLER_6_357,VPWR,li1,171.1200,29.9200,1.799953
FILLER_6_345,VPWR,li1,166.9800,29.9200,1.799952
FILLER_6_333,VPWR,li1,161.4600,29.9200,1.799951
FILLER_6_321,VPWR,li1,155.9400,29.9200,1.799949
FILLER_6_309,VPWR,li1,150.4200,29.9200,1.799948
FILLER_6_307,VPWR,li1,146.9700,29.9200,1.799947
FILLER_6_301,VPWR,li1,145.3600,29.9200,1.799947
FILLER_6_289,VPWR,li1,141.2200,29.9200,1.799946
FILLER_6_277,VPWR,li1,135.7000,29.9200,1.799944
FILLER_6_265,VPWR,li1,130.1800,29.9200,1.799943
FILLER_6_253,VPWR,li1,124.6600,29.9200,1.799942
FILLER_6_251,VPWR,li1,121.2100,29.9200,1.799940
FILLER_6_245,VPWR,li1,119.6000,29.9200,1.799940
FILLER_6_233,VPWR,li1,115.4600,29.9200,1.799939
FILLER_6_221,VPWR,li1,109.9400,29.9200,1.799938
FILLER_6_209,VPWR,li1,104.4200,29.9200,1.799937
FILLER_6_197,VPWR,li1,98.9000,29.9200,1.799935
FILLER_6_195,VPWR,li1,95.4500,29.9200,1.799934
FILLER_6_189,VPWR,li1,93.8400,29.9200,1.799934
FILLER_6_177,VPWR,li1,89.7000,29.9200,1.799933
FILLER_6_165,VPWR,li1,84.1800,29.9200,1.799932
FILLER_6_153,VPWR,li1,78.6600,29.9200,1.799930
FILLER_6_141,VPWR,li1,73.1400,29.9200,1.799929
FILLER_6_137,VPWR,li1,69.2300,29.9200,1.799928
FILLER_6_125,VPWR,li1,65.7800,29.9200,1.799927
FILLER_6_113,VPWR,li1,60.2600,29.9200,1.799926
FILLER_6_105,VPWR,li1,54.5100,29.9200,1.799932
FILLER_6_97,VPWR,li1,51.9800,29.9200,1.799936
FILLER_6_85,VPWR,li1,47.3800,29.9200,1.799943
FILLER_6_83,VPWR,li1,43.9300,29.9200,1.799945
FILLER_6_77,VPWR,li1,42.3200,29.9200,1.799949
FILLER_6_65,VPWR,li1,38.1800,29.9200,1.799954
FILLER_6_53,VPWR,li1,32.6600,29.9200,1.799964
FILLER_6_41,VPWR,li1,27.1400,29.9200,1.799974
FILLER_6_29,VPWR,li1,21.6200,29.9200,1.799983
FILLER_6_27,VPWR,li1,18.1700,29.9200,1.799983
FILLER_6_15,VPWR,li1,15.1800,29.9200,1.799983
FILLER_6_3,VPWR,li1,9.6600,29.9200,1.799983
FILLER_5_809,VPWR,li1,378.1200,24.4800,1.799999
FILLER_5_797,VPWR,li1,374.9000,24.4800,1.799999
FILLER_5_785,VPWR,li1,369.3800,24.4800,1.799999
FILLER_5_783,VPWR,li1,365.9300,24.4800,1.799999
FILLER_5_777,VPWR,li1,364.3200,24.4800,1.799999
FILLER_5_765,VPWR,li1,360.1800,24.4800,1.799999
FILLER_5_753,VPWR,li1,354.6600,24.4800,1.799999
FILLER_5_741,VPWR,li1,349.1400,24.4800,1.799999
FILLER_5_729,VPWR,li1,343.6200,24.4800,1.799999
FILLER_5_727,VPWR,li1,340.1700,24.4800,1.799999
FILLER_5_721,VPWR,li1,338.5600,24.4800,1.799999
FILLER_5_709,VPWR,li1,334.4200,24.4800,1.799999
FILLER_5_697,VPWR,li1,328.9000,24.4800,1.799999
FILLER_5_685,VPWR,li1,323.3800,24.4800,1.799998
FILLER_5_673,VPWR,li1,317.8600,24.4800,1.799997
FILLER_5_671,VPWR,li1,314.4100,24.4800,1.799996
FILLER_5_665,VPWR,li1,312.8000,24.4800,1.799996
FILLER_5_653,VPWR,li1,308.6600,24.4800,1.799996
FILLER_5_641,VPWR,li1,303.1400,24.4800,1.799995
FILLER_5_629,VPWR,li1,297.6200,24.4800,1.799994
FILLER_5_617,VPWR,li1,292.1000,24.4800,1.799994
FILLER_5_615,VPWR,li1,288.6500,24.4800,1.799993
FILLER_5_609,VPWR,li1,287.0400,24.4800,1.799993
FILLER_5_597,VPWR,li1,282.9000,24.4800,1.799992
FILLER_5_585,VPWR,li1,277.3800,24.4800,1.799991
FILLER_5_573,VPWR,li1,271.8600,24.4800,1.799991
FILLER_5_561,VPWR,li1,266.3400,24.4800,1.799990
FILLER_5_559,VPWR,li1,262.8900,24.4800,1.799989
FILLER_5_553,VPWR,li1,261.2800,24.4800,1.799989
FILLER_5_541,VPWR,li1,257.1400,24.4800,1.799989
FILLER_5_529,VPWR,li1,251.6200,24.4800,1.799988
FILLER_5_517,VPWR,li1,246.1000,24.4800,1.799987
FILLER_5_505,VPWR,li1,240.5800,24.4800,1.799986
FILLER_5_503,VPWR,li1,237.1300,24.4800,1.799986
FILLER_5_485,VPWR,li1,231.3800,24.4800,1.799986
FILLER_5_473,VPWR,li1,225.8600,24.4800,1.799988
FILLER_5_461,VPWR,li1,220.3400,24.4800,1.799989
FILLER_5_449,VPWR,li1,214.8200,24.4800,1.799990
FILLER_5_447,VPWR,li1,211.3700,24.4800,1.799991
FILLER_5_441,VPWR,li1,209.7600,24.4800,1.799991
FILLER_5_429,VPWR,li1,205.6200,24.4800,1.799992
FILLER_5_417,VPWR,li1,200.1000,24.4800,1.799993
FILLER_5_405,VPWR,li1,194.5800,24.4800,1.799994
FILLER_5_393,VPWR,li1,189.0600,24.4800,1.799995
FILLER_5_391,VPWR,li1,185.6100,24.4800,1.799996
FILLER_5_385,VPWR,li1,184.0000,24.4800,1.799996
FILLER_5_373,VPWR,li1,179.8600,24.4800,1.799997
FILLER_5_361,VPWR,li1,174.3400,24.4800,1.799998
FILLER_5_349,VPWR,li1,168.8200,24.4800,1.799998
FILLER_5_337,VPWR,li1,163.3000,24.4800,1.799998
FILLER_5_335,VPWR,li1,159.8500,24.4800,1.799998
FILLER_5_329,VPWR,li1,158.2400,24.4800,1.799998
FILLER_5_317,VPWR,li1,154.1000,24.4800,1.799998
FILLER_5_305,VPWR,li1,148.5800,24.4800,1.799998
FILLER_5_293,VPWR,li1,143.0600,24.4800,1.799998
FILLER_5_281,VPWR,li1,137.5400,24.4800,1.799998
FILLER_5_279,VPWR,li1,134.0900,24.4800,1.799999
FILLER_5_273,VPWR,li1,132.4800,24.4800,1.799999
FILLER_5_261,VPWR,li1,128.3400,24.4800,1.799999
FILLER_5_249,VPWR,li1,122.8200,24.4800,1.799999
FILLER_5_237,VPWR,li1,117.3000,24.4800,1.799999
FILLER_5_225,VPWR,li1,111.7800,24.4800,1.799999
FILLER_5_223,VPWR,li1,108.3300,24.4800,1.799999
FILLER_5_217,VPWR,li1,106.7200,24.4800,1.799999
FILLER_5_205,VPWR,li1,102.5800,24.4800,1.799999
FILLER_5_193,VPWR,li1,97.0600,24.4800,1.799999
FILLER_5_181,VPWR,li1,91.5400,24.4800,1.799999
FILLER_5_169,VPWR,li1,86.0200,24.4800,1.799999
FILLER_5_167,VPWR,li1,82.5700,24.4800,1.799999
FILLER_5_161,VPWR,li1,80.9600,24.4800,1.799999
FILLER_5_149,VPWR,li1,76.8200,24.4800,1.799999
FILLER_5_137,VPWR,li1,71.3000,24.4800,1.799999
FILLER_5_125,VPWR,li1,65.7800,24.4800,1.799999
FILLER_5_113,VPWR,li1,60.2600,24.4800,1.799999
FILLER_5_111,VPWR,li1,56.8100,24.4800,1.799999
FILLER_5_105,VPWR,li1,55.2000,24.4800,1.799999
FILLER_5_93,VPWR,li1,51.0600,24.4800,1.800000
FILLER_5_81,VPWR,li1,45.5400,24.4800,1.800000
FILLER_5_69,VPWR,li1,40.0200,24.4800,1.800000
FILLER_5_57,VPWR,li1,34.5000,24.4800,1.800000
FILLER_5_55,VPWR,li1,31.0500,24.4800,1.800000
FILLER_5_51,VPWR,li1,29.9000,24.4800,1.800000
FILLER_5_39,VPWR,li1,26.2200,24.4800,1.800000
FILLER_5_27,VPWR,li1,20.7000,24.4800,1.800000
FILLER_5_15,VPWR,li1,15.1800,24.4800,1.800000
FILLER_5_3,VPWR,li1,9.6600,24.4800,1.800000
FILLER_4_805,VPWR,li1,377.2000,24.4800,1.799999
FILLER_4_793,VPWR,li1,373.0600,24.4800,1.799999
FILLER_4_781,VPWR,li1,367.5400,24.4800,1.799999
FILLER_4_769,VPWR,li1,362.0200,24.4800,1.799999
FILLER_4_757,VPWR,li1,356.5000,24.4800,1.799999
FILLER_4_755,VPWR,li1,353.0500,24.4800,1.799999
FILLER_4_749,VPWR,li1,351.4400,24.4800,1.799999
FILLER_4_737,VPWR,li1,347.3000,24.4800,1.799999
FILLER_4_725,VPWR,li1,341.7800,24.4800,1.799999
FILLER_4_713,VPWR,li1,336.2600,24.4800,1.799999
FILLER_4_701,VPWR,li1,330.7400,24.4800,1.799999
FILLER_4_699,VPWR,li1,327.2900,24.4800,1.799998
FILLER_4_693,VPWR,li1,325.6800,24.4800,1.799998
FILLER_4_681,VPWR,li1,321.5400,24.4800,1.799998
FILLER_4_669,VPWR,li1,316.0200,24.4800,1.799997
FILLER_4_657,VPWR,li1,310.5000,24.4800,1.799996
FILLER_4_645,VPWR,li1,304.9800,24.4800,1.799995
FILLER_4_643,VPWR,li1,301.5300,24.4800,1.799995
FILLER_4_637,VPWR,li1,299.9200,24.4800,1.799995
FILLER_4_625,VPWR,li1,295.7800,24.4800,1.799994
FILLER_4_613,VPWR,li1,290.2600,24.4800,1.799993
FILLER_4_601,VPWR,li1,284.7400,24.4800,1.799993
FILLER_4_589,VPWR,li1,279.2200,24.4800,1.799992
FILLER_4_587,VPWR,li1,275.7700,24.4800,1.799991
FILLER_4_581,VPWR,li1,274.1600,24.4800,1.799991
FILLER_4_569,VPWR,li1,270.0200,24.4800,1.799990
FILLER_4_557,VPWR,li1,264.5000,24.4800,1.799990
FILLER_4_545,VPWR,li1,258.9800,24.4800,1.799989
FILLER_4_533,VPWR,li1,253.4600,24.4800,1.799988
FILLER_4_531,VPWR,li1,250.0100,24.4800,1.799987
FILLER_4_525,VPWR,li1,248.4000,24.4800,1.799987
FILLER_4_513,VPWR,li1,244.2600,24.4800,1.799987
FILLER_4_501,VPWR,li1,238.7400,24.4800,1.799986
FILLER_4_489,VPWR,li1,233.2200,24.4800,1.799986
FILLER_4_477,VPWR,li1,227.7000,24.4800,1.799987
FILLER_4_475,VPWR,li1,224.2500,24.4800,1.799988
FILLER_4_469,VPWR,li1,222.6400,24.4800,1.799988
FILLER_4_457,VPWR,li1,218.5000,24.4800,1.799989
FILLER_4_445,VPWR,li1,212.9800,24.4800,1.799991
FILLER_4_433,VPWR,li1,207.4600,24.4800,1.799991
FILLER_4_421,VPWR,li1,201.9400,24.4800,1.799993
FILLER_4_419,VPWR,li1,198.4900,24.4800,1.799994
FILLER_4_413,VPWR,li1,196.8800,24.4800,1.799994
FILLER_4_401,VPWR,li1,192.7400,24.4800,1.799994
FILLER_4_389,VPWR,li1,187.2200,24.4800,1.799996
FILLER_4_377,VPWR,li1,181.7000,24.4800,1.799997
FILLER_4_365,VPWR,li1,176.1800,24.4800,1.799998
FILLER_4_363,VPWR,li1,172.7300,24.4800,1.799998
FILLER_4_357,VPWR,li1,171.1200,24.4800,1.799998
FILLER_4_345,VPWR,li1,166.9800,24.4800,1.799998
FILLER_4_333,VPWR,li1,161.4600,24.4800,1.799998
FILLER_4_321,VPWR,li1,155.9400,24.4800,1.799998
FILLER_4_309,VPWR,li1,150.4200,24.4800,1.799998
FILLER_4_307,VPWR,li1,146.9700,24.4800,1.799998
FILLER_4_301,VPWR,li1,145.3600,24.4800,1.799998
FILLER_4_289,VPWR,li1,141.2200,24.4800,1.799998
FILLER_4_277,VPWR,li1,135.7000,24.4800,1.799999
FILLER_4_265,VPWR,li1,130.1800,24.4800,1.799999
FILLER_4_253,VPWR,li1,124.6600,24.4800,1.799999
FILLER_4_251,VPWR,li1,121.2100,24.4800,1.799999
FILLER_4_245,VPWR,li1,119.6000,24.4800,1.799999
FILLER_4_233,VPWR,li1,115.4600,24.4800,1.799999
FILLER_4_221,VPWR,li1,109.9400,24.4800,1.799999
FILLER_4_209,VPWR,li1,104.4200,24.4800,1.799999
FILLER_4_197,VPWR,li1,98.9000,24.4800,1.799999
FILLER_4_195,VPWR,li1,95.4500,24.4800,1.799999
FILLER_4_189,VPWR,li1,93.8400,24.4800,1.799999
FILLER_4_177,VPWR,li1,89.7000,24.4800,1.799999
FILLER_4_165,VPWR,li1,84.1800,24.4800,1.799999
FILLER_4_153,VPWR,li1,78.6600,24.4800,1.799999
FILLER_4_141,VPWR,li1,73.1400,24.4800,1.799999
FILLER_4_139,VPWR,li1,69.6900,24.4800,1.799999
FILLER_4_133,VPWR,li1,68.0800,24.4800,1.799999
FILLER_4_121,VPWR,li1,63.9400,24.4800,1.799999
FILLER_4_109,VPWR,li1,58.4200,24.4800,1.799999
FILLER_4_97,VPWR,li1,52.9000,24.4800,1.800000
FILLER_4_85,VPWR,li1,47.3800,24.4800,1.800000
FILLER_4_83,VPWR,li1,43.9300,24.4800,1.800000
FILLER_4_77,VPWR,li1,42.3200,24.4800,1.800000
FILLER_4_65,VPWR,li1,38.1800,24.4800,1.800000
FILLER_4_53,VPWR,li1,32.6600,24.4800,1.800000
FILLER_4_41,VPWR,li1,27.1400,24.4800,1.800000
FILLER_4_29,VPWR,li1,21.6200,24.4800,1.800000
FILLER_4_27,VPWR,li1,18.1700,24.4800,1.800000
FILLER_4_15,VPWR,li1,15.1800,24.4800,1.800000
FILLER_4_3,VPWR,li1,9.6600,24.4800,1.800000
FILLER_3_809,VPWR,li1,378.1200,19.0400,1.800000
FILLER_3_797,VPWR,li1,374.9000,19.0400,1.800000
FILLER_3_785,VPWR,li1,369.3800,19.0400,1.800000
FILLER_3_783,VPWR,li1,365.9300,19.0400,1.800000
FILLER_3_777,VPWR,li1,364.3200,19.0400,1.800000
FILLER_3_765,VPWR,li1,360.1800,19.0400,1.800000
FILLER_3_753,VPWR,li1,354.6600,19.0400,1.800000
FILLER_3_741,VPWR,li1,349.1400,19.0400,1.800000
FILLER_3_729,VPWR,li1,343.6200,19.0400,1.800000
FILLER_3_727,VPWR,li1,340.1700,19.0400,1.800000
FILLER_3_721,VPWR,li1,338.5600,19.0400,1.800000
FILLER_3_709,VPWR,li1,334.4200,19.0400,1.800000
FILLER_3_697,VPWR,li1,328.9000,19.0400,1.800000
FILLER_3_685,VPWR,li1,323.3800,19.0400,1.800000
FILLER_3_673,VPWR,li1,317.8600,19.0400,1.800000
FILLER_3_671,VPWR,li1,314.4100,19.0400,1.800000
FILLER_3_665,VPWR,li1,312.8000,19.0400,1.800000
FILLER_3_653,VPWR,li1,308.6600,19.0400,1.800000
FILLER_3_641,VPWR,li1,303.1400,19.0400,1.800000
FILLER_3_629,VPWR,li1,297.6200,19.0400,1.800000
FILLER_3_617,VPWR,li1,292.1000,19.0400,1.800000
FILLER_3_615,VPWR,li1,288.6500,19.0400,1.800000
FILLER_3_609,VPWR,li1,287.0400,19.0400,1.800000
FILLER_3_597,VPWR,li1,282.9000,19.0400,1.800000
FILLER_3_585,VPWR,li1,277.3800,19.0400,1.800000
FILLER_3_573,VPWR,li1,271.8600,19.0400,1.800000
FILLER_3_561,VPWR,li1,266.3400,19.0400,1.800000
FILLER_3_559,VPWR,li1,262.8900,19.0400,1.800000
FILLER_3_553,VPWR,li1,261.2800,19.0400,1.800000
FILLER_3_541,VPWR,li1,257.1400,19.0400,1.800000
FILLER_3_529,VPWR,li1,251.6200,19.0400,1.800000
FILLER_3_517,VPWR,li1,246.1000,19.0400,1.800000
FILLER_3_505,VPWR,li1,240.5800,19.0400,1.800000
FILLER_3_503,VPWR,li1,237.1300,19.0400,1.800000
FILLER_3_497,VPWR,li1,235.5200,19.0400,1.800000
FILLER_3_485,VPWR,li1,231.3800,19.0400,1.800000
FILLER_3_473,VPWR,li1,225.8600,19.0400,1.800000
FILLER_3_461,VPWR,li1,220.3400,19.0400,1.800000
FILLER_3_449,VPWR,li1,214.8200,19.0400,1.800000
FILLER_3_447,VPWR,li1,211.3700,19.0400,1.800000
FILLER_3_441,VPWR,li1,209.7600,19.0400,1.800000
FILLER_3_429,VPWR,li1,205.6200,19.0400,1.800000
FILLER_3_417,VPWR,li1,200.1000,19.0400,1.800000
FILLER_3_405,VPWR,li1,194.5800,19.0400,1.800000
FILLER_3_393,VPWR,li1,189.0600,19.0400,1.800000
FILLER_3_391,VPWR,li1,185.6100,19.0400,1.800000
FILLER_3_385,VPWR,li1,184.0000,19.0400,1.800000
FILLER_3_373,VPWR,li1,179.8600,19.0400,1.800000
FILLER_3_361,VPWR,li1,174.3400,19.0400,1.800000
FILLER_3_349,VPWR,li1,168.8200,19.0400,1.800000
FILLER_3_337,VPWR,li1,163.3000,19.0400,1.800000
FILLER_3_335,VPWR,li1,159.8500,19.0400,1.800000
FILLER_3_329,VPWR,li1,158.2400,19.0400,1.800000
FILLER_3_317,VPWR,li1,154.1000,19.0400,1.800000
FILLER_3_305,VPWR,li1,148.5800,19.0400,1.800000
FILLER_3_293,VPWR,li1,143.0600,19.0400,1.800000
FILLER_3_281,VPWR,li1,137.5400,19.0400,1.800000
FILLER_3_279,VPWR,li1,134.0900,19.0400,1.800000
FILLER_3_273,VPWR,li1,132.4800,19.0400,1.800000
FILLER_3_261,VPWR,li1,128.3400,19.0400,1.800000
FILLER_3_249,VPWR,li1,122.8200,19.0400,1.800000
FILLER_3_237,VPWR,li1,117.3000,19.0400,1.800000
FILLER_3_225,VPWR,li1,111.7800,19.0400,1.800000
FILLER_3_223,VPWR,li1,108.3300,19.0400,1.800000
FILLER_3_217,VPWR,li1,106.7200,19.0400,1.800000
FILLER_3_205,VPWR,li1,102.5800,19.0400,1.800000
FILLER_3_193,VPWR,li1,97.0600,19.0400,1.800000
FILLER_3_181,VPWR,li1,91.5400,19.0400,1.800000
FILLER_3_169,VPWR,li1,86.0200,19.0400,1.800000
FILLER_3_167,VPWR,li1,82.5700,19.0400,1.800000
FILLER_3_161,VPWR,li1,80.9600,19.0400,1.800000
FILLER_3_149,VPWR,li1,76.8200,19.0400,1.800000
FILLER_3_137,VPWR,li1,71.3000,19.0400,1.800000
FILLER_3_125,VPWR,li1,65.7800,19.0400,1.800000
FILLER_3_113,VPWR,li1,60.2600,19.0400,1.800000
FILLER_3_111,VPWR,li1,56.8100,19.0400,1.800000
FILLER_3_105,VPWR,li1,55.2000,19.0400,1.800000
FILLER_3_93,VPWR,li1,51.0600,19.0400,1.800000
FILLER_3_81,VPWR,li1,45.5400,19.0400,1.800000
FILLER_3_69,VPWR,li1,40.0200,19.0400,1.800000
FILLER_3_57,VPWR,li1,34.5000,19.0400,1.800000
FILLER_3_55,VPWR,li1,31.0500,19.0400,1.800000
FILLER_3_51,VPWR,li1,29.9000,19.0400,1.800000
FILLER_3_39,VPWR,li1,26.2200,19.0400,1.800000
FILLER_3_27,VPWR,li1,20.7000,19.0400,1.800000
FILLER_3_15,VPWR,li1,15.1800,19.0400,1.800000
FILLER_3_3,VPWR,li1,9.6600,19.0400,1.800000
FILLER_2_805,VPWR,li1,377.2000,19.0400,1.800000
FILLER_2_793,VPWR,li1,373.0600,19.0400,1.800000
FILLER_2_781,VPWR,li1,367.5400,19.0400,1.800000
FILLER_2_769,VPWR,li1,362.0200,19.0400,1.800000
FILLER_2_757,VPWR,li1,356.5000,19.0400,1.800000
FILLER_2_755,VPWR,li1,353.0500,19.0400,1.800000
FILLER_2_749,VPWR,li1,351.4400,19.0400,1.800000
FILLER_2_737,VPWR,li1,347.3000,19.0400,1.800000
FILLER_2_725,VPWR,li1,341.7800,19.0400,1.800000
FILLER_2_713,VPWR,li1,336.2600,19.0400,1.800000
FILLER_2_701,VPWR,li1,330.7400,19.0400,1.800000
FILLER_2_699,VPWR,li1,327.2900,19.0400,1.800000
FILLER_2_693,VPWR,li1,325.6800,19.0400,1.800000
FILLER_2_681,VPWR,li1,321.5400,19.0400,1.800000
FILLER_2_669,VPWR,li1,316.0200,19.0400,1.800000
FILLER_2_657,VPWR,li1,310.5000,19.0400,1.800000
FILLER_2_645,VPWR,li1,304.9800,19.0400,1.800000
FILLER_2_643,VPWR,li1,301.5300,19.0400,1.800000
FILLER_2_637,VPWR,li1,299.9200,19.0400,1.800000
FILLER_2_625,VPWR,li1,295.7800,19.0400,1.800000
FILLER_2_613,VPWR,li1,290.2600,19.0400,1.800000
FILLER_2_601,VPWR,li1,284.7400,19.0400,1.800000
FILLER_2_589,VPWR,li1,279.2200,19.0400,1.800000
FILLER_2_587,VPWR,li1,275.7700,19.0400,1.800000
FILLER_2_581,VPWR,li1,274.1600,19.0400,1.800000
FILLER_2_569,VPWR,li1,270.0200,19.0400,1.800000
FILLER_2_557,VPWR,li1,264.5000,19.0400,1.800000
FILLER_2_545,VPWR,li1,258.9800,19.0400,1.800000
FILLER_2_533,VPWR,li1,253.4600,19.0400,1.800000
FILLER_2_531,VPWR,li1,250.0100,19.0400,1.800000
FILLER_2_525,VPWR,li1,248.4000,19.0400,1.800000
FILLER_2_513,VPWR,li1,244.2600,19.0400,1.800000
FILLER_2_501,VPWR,li1,238.7400,19.0400,1.800000
FILLER_2_489,VPWR,li1,233.2200,19.0400,1.800000
FILLER_2_477,VPWR,li1,227.7000,19.0400,1.800000
FILLER_2_475,VPWR,li1,224.2500,19.0400,1.800000
FILLER_2_469,VPWR,li1,222.6400,19.0400,1.800000
FILLER_2_457,VPWR,li1,218.5000,19.0400,1.800000
FILLER_2_445,VPWR,li1,212.9800,19.0400,1.800000
FILLER_2_433,VPWR,li1,207.4600,19.0400,1.800000
FILLER_2_421,VPWR,li1,201.9400,19.0400,1.800000
FILLER_2_419,VPWR,li1,198.4900,19.0400,1.800000
FILLER_2_413,VPWR,li1,196.8800,19.0400,1.800000
FILLER_2_401,VPWR,li1,192.7400,19.0400,1.800000
FILLER_2_389,VPWR,li1,187.2200,19.0400,1.800000
FILLER_2_377,VPWR,li1,181.7000,19.0400,1.800000
FILLER_2_365,VPWR,li1,176.1800,19.0400,1.800000
FILLER_2_363,VPWR,li1,172.7300,19.0400,1.800000
FILLER_2_357,VPWR,li1,171.1200,19.0400,1.800000
FILLER_2_345,VPWR,li1,166.9800,19.0400,1.800000
FILLER_2_333,VPWR,li1,161.4600,19.0400,1.800000
FILLER_2_321,VPWR,li1,155.9400,19.0400,1.800000
FILLER_2_309,VPWR,li1,150.4200,19.0400,1.800000
FILLER_2_307,VPWR,li1,146.9700,19.0400,1.800000
FILLER_2_301,VPWR,li1,145.3600,19.0400,1.800000
FILLER_2_289,VPWR,li1,141.2200,19.0400,1.800000
FILLER_2_277,VPWR,li1,135.7000,19.0400,1.800000
FILLER_2_265,VPWR,li1,130.1800,19.0400,1.800000
FILLER_2_253,VPWR,li1,124.6600,19.0400,1.800000
FILLER_2_251,VPWR,li1,121.2100,19.0400,1.800000
FILLER_2_245,VPWR,li1,119.6000,19.0400,1.800000
FILLER_2_233,VPWR,li1,115.4600,19.0400,1.800000
FILLER_2_221,VPWR,li1,109.9400,19.0400,1.800000
FILLER_2_209,VPWR,li1,104.4200,19.0400,1.800000
FILLER_2_197,VPWR,li1,98.9000,19.0400,1.800000
FILLER_2_195,VPWR,li1,95.4500,19.0400,1.800000
FILLER_2_189,VPWR,li1,93.8400,19.0400,1.800000
FILLER_2_177,VPWR,li1,89.7000,19.0400,1.800000
FILLER_2_165,VPWR,li1,84.1800,19.0400,1.800000
FILLER_2_153,VPWR,li1,78.6600,19.0400,1.800000
FILLER_2_141,VPWR,li1,73.1400,19.0400,1.800000
FILLER_2_139,VPWR,li1,69.6900,19.0400,1.800000
FILLER_2_133,VPWR,li1,68.0800,19.0400,1.800000
FILLER_2_121,VPWR,li1,63.9400,19.0400,1.800000
FILLER_2_109,VPWR,li1,58.4200,19.0400,1.800000
FILLER_2_97,VPWR,li1,52.9000,19.0400,1.800000
FILLER_2_85,VPWR,li1,47.3800,19.0400,1.800000
FILLER_2_83,VPWR,li1,43.9300,19.0400,1.800000
FILLER_2_77,VPWR,li1,42.3200,19.0400,1.800000
FILLER_2_65,VPWR,li1,38.1800,19.0400,1.800000
FILLER_2_53,VPWR,li1,32.6600,19.0400,1.800000
FILLER_2_41,VPWR,li1,27.1400,19.0400,1.800000
FILLER_2_29,VPWR,li1,21.6200,19.0400,1.800000
FILLER_2_27,VPWR,li1,18.1700,19.0400,1.800000
FILLER_2_15,VPWR,li1,15.1800,19.0400,1.800000
FILLER_2_3,VPWR,li1,9.6600,19.0400,1.800000
FILLER_1_809,VPWR,li1,378.1200,13.6000,1.799980
FILLER_1_797,VPWR,li1,374.9000,13.6000,1.799980
FILLER_1_785,VPWR,li1,369.3800,13.6000,1.799980
FILLER_1_783,VPWR,li1,365.9300,13.6000,1.799980
FILLER_1_777,VPWR,li1,364.3200,13.6000,1.799980
FILLER_1_765,VPWR,li1,360.1800,13.6000,1.799980
FILLER_1_753,VPWR,li1,354.6600,13.6000,1.799980
FILLER_1_741,VPWR,li1,349.1400,13.6000,1.799980
FILLER_1_729,VPWR,li1,343.6200,13.6000,1.799980
FILLER_1_727,VPWR,li1,340.1700,13.6000,1.799980
FILLER_1_721,VPWR,li1,338.5600,13.6000,1.799980
FILLER_1_709,VPWR,li1,334.4200,13.6000,1.799980
FILLER_1_697,VPWR,li1,328.9000,13.6000,1.799980
FILLER_1_685,VPWR,li1,323.3800,13.6000,1.799968
FILLER_1_673,VPWR,li1,317.8600,13.6000,1.799957
FILLER_1_671,VPWR,li1,314.4100,13.6000,1.799947
FILLER_1_665,VPWR,li1,312.8000,13.6000,1.799947
FILLER_1_653,VPWR,li1,308.6600,13.6000,1.799938
FILLER_1_641,VPWR,li1,303.1400,13.6000,1.799927
FILLER_1_629,VPWR,li1,297.6200,13.6000,1.799916
FILLER_1_617,VPWR,li1,292.1000,13.6000,1.799905
FILLER_1_615,VPWR,li1,288.6500,13.6000,1.799894
FILLER_1_609,VPWR,li1,287.0400,13.6000,1.799894
FILLER_1_597,VPWR,li1,282.9000,13.6000,1.799886
FILLER_1_585,VPWR,li1,277.3800,13.6000,1.799871
FILLER_1_573,VPWR,li1,271.8600,13.6000,1.799863
FILLER_1_561,VPWR,li1,266.3400,13.6000,1.799852
FILLER_1_559,VPWR,li1,262.8900,13.6000,1.799842
FILLER_1_553,VPWR,li1,261.2800,13.6000,1.799842
FILLER_1_541,VPWR,li1,257.1400,13.6000,1.799832
FILLER_1_529,VPWR,li1,251.6200,13.6000,1.799822
FILLER_1_517,VPWR,li1,246.1000,13.6000,1.799816
FILLER_1_505,VPWR,li1,240.5800,13.6000,1.799806
FILLER_1_503,VPWR,li1,237.1300,13.6000,1.799800
FILLER_1_497,VPWR,li1,235.5200,13.6000,1.799800
FILLER_1_485,VPWR,li1,231.3800,13.6000,1.799795
FILLER_1_473,VPWR,li1,225.8600,13.6000,1.799788
FILLER_1_461,VPWR,li1,220.3400,13.6000,1.799786
FILLER_1_449,VPWR,li1,214.8200,13.6000,1.799786
FILLER_1_447,VPWR,li1,211.3700,13.6000,1.799787
FILLER_1_441,VPWR,li1,209.7600,13.6000,1.799787
FILLER_1_429,VPWR,li1,205.6200,13.6000,1.799791
FILLER_1_417,VPWR,li1,200.1000,13.6000,1.799802
FILLER_1_405,VPWR,li1,194.5800,13.6000,1.799820
FILLER_1_393,VPWR,li1,189.0600,13.6000,1.799840
FILLER_1_390,VPWR,li1,185.3800,13.6000,1.799861
FILLER_1_382,VPWR,li1,183.0800,13.6000,1.799879
FILLER_1_370,VPWR,li1,178.4800,13.6000,1.799900
FILLER_1_357,VPWR,li1,170.4300,13.6000,1.799923
FILLER_1_349,VPWR,li1,167.9000,13.6000,1.799924
FILLER_1_337,VPWR,li1,163.3000,13.6000,1.799924
FILLER_1_335,VPWR,li1,159.8500,13.6000,1.799925
FILLER_1_329,VPWR,li1,158.2400,13.6000,1.799925
FILLER_1_317,VPWR,li1,154.1000,13.6000,1.799926
FILLER_1_305,VPWR,li1,148.5800,13.6000,1.799927
FILLER_1_293,VPWR,li1,143.0600,13.6000,1.799928
FILLER_1_281,VPWR,li1,137.5400,13.6000,1.799931
FILLER_1_279,VPWR,li1,134.0900,13.6000,1.799932
FILLER_1_273,VPWR,li1,132.4800,13.6000,1.799932
FILLER_1_261,VPWR,li1,128.3400,13.6000,1.799935
FILLER_1_249,VPWR,li1,122.8200,13.6000,1.799937
FILLER_1_237,VPWR,li1,117.3000,13.6000,1.799940
FILLER_1_225,VPWR,li1,111.7800,13.6000,1.799943
FILLER_1_223,VPWR,li1,108.3300,13.6000,1.799945
FILLER_1_217,VPWR,li1,106.7200,13.6000,1.799945
FILLER_1_205,VPWR,li1,102.5800,13.6000,1.799948
FILLER_1_193,VPWR,li1,97.0600,13.6000,1.799951
FILLER_1_181,VPWR,li1,91.5400,13.6000,1.799954
FILLER_1_169,VPWR,li1,86.0200,13.6000,1.799957
FILLER_1_167,VPWR,li1,82.5700,13.6000,1.799959
FILLER_1_161,VPWR,li1,80.9600,13.6000,1.799959
FILLER_1_149,VPWR,li1,76.8200,13.6000,1.799962
FILLER_1_137,VPWR,li1,71.3000,13.6000,1.799965
FILLER_1_125,VPWR,li1,65.7800,13.6000,1.799968
FILLER_1_113,VPWR,li1,60.2600,13.6000,1.799971
FILLER_1_111,VPWR,li1,56.8100,13.6000,1.799973
FILLER_1_105,VPWR,li1,55.2000,13.6000,1.799973
FILLER_1_93,VPWR,li1,51.0600,13.6000,1.799976
FILLER_1_81,VPWR,li1,45.5400,13.6000,1.799979
FILLER_1_69,VPWR,li1,40.0200,13.6000,1.799982
FILLER_1_57,VPWR,li1,34.5000,13.6000,1.799985
FILLER_1_55,VPWR,li1,31.0500,13.6000,1.799987
FILLER_1_51,VPWR,li1,29.9000,13.6000,1.799987
FILLER_1_39,VPWR,li1,26.2200,13.6000,1.799990
FILLER_1_27,VPWR,li1,20.7000,13.6000,1.799992
FILLER_1_15,VPWR,li1,15.1800,13.6000,1.799992
FILLER_1_3,VPWR,li1,9.6600,13.6000,1.799992
FILLER_0_809,VPWR,li1,378.1200,13.6000,1.799980
FILLER_0_797,VPWR,li1,374.9000,13.6000,1.799980
FILLER_0_785,VPWR,li1,369.3800,13.6000,1.799980
FILLER_0_781,VPWR,li1,365.4700,13.6000,1.799980
FILLER_0_769,VPWR,li1,362.0200,13.6000,1.799980
FILLER_0_757,VPWR,li1,356.5000,13.6000,1.799980
FILLER_0_753,VPWR,li1,352.5900,13.6000,1.799980
FILLER_0_741,VPWR,li1,349.1400,13.6000,1.799980
FILLER_0_729,VPWR,li1,343.6200,13.6000,1.799980
FILLER_0_725,VPWR,li1,339.7100,13.6000,1.799980
FILLER_0_713,VPWR,li1,336.2600,13.6000,1.799980
FILLER_0_701,VPWR,li1,330.7400,13.6000,1.799980
FILLER_0_697,VPWR,li1,326.8300,13.6000,1.799975
FILLER_0_685,VPWR,li1,323.3800,13.6000,1.799968
FILLER_0_673,VPWR,li1,317.8600,13.6000,1.799957
FILLER_0_669,VPWR,li1,313.9500,13.6000,1.799947
FILLER_0_657,VPWR,li1,310.5000,13.6000,1.799942
FILLER_0_645,VPWR,li1,304.9800,13.6000,1.799931
FILLER_0_641,VPWR,li1,301.0700,13.6000,1.799923
FILLER_0_629,VPWR,li1,297.6200,13.6000,1.799916
FILLER_0_617,VPWR,li1,292.1000,13.6000,1.799905
FILLER_0_613,VPWR,li1,288.1900,13.6000,1.799894
FILLER_0_601,VPWR,li1,284.7400,13.6000,1.799890
FILLER_0_589,VPWR,li1,279.2200,13.6000,1.799878
FILLER_0_587,VPWR,li1,275.7700,13.6000,1.799871
FILLER_0_579,VPWR,li1,273.7000,13.6000,1.799867
FILLER_0_567,VPWR,li1,269.1000,13.6000,1.799858
FILLER_0_552,VPWR,li1,261.2800,13.6000,1.799842
FILLER_0_545,VPWR,li1,257.1400,13.6000,1.799832
FILLER_0_538,VPWR,li1,253.9200,13.6000,1.799826
FILLER_0_533,VPWR,li1,251.1600,13.6000,1.799822
FILLER_0_531,VPWR,li1,250.0100,13.6000,1.799822
FILLER_0_527,VPWR,li1,248.1700,13.6000,1.799819
FILLER_0_510,VPWR,li1,241.0400,13.6000,1.799806
FILLER_0_505,VPWR,li1,238.2800,13.6000,1.799803
FILLER_0_497,VPWR,li1,234.8300,13.6000,1.799797
FILLER_0_489,VPWR,li1,231.3800,13.6000,1.799795
FILLER_0_482,VPWR,li1,227.9300,13.6000,1.799790
FILLER_0_477,VPWR,li1,225.4000,13.6000,1.799788
FILLER_0_468,VPWR,li1,221.7200,13.6000,1.799786
FILLER_0_462,VPWR,li1,218.7300,13.6000,1.799786
FILLER_0_457,VPWR,li1,215.9700,13.6000,1.799786
FILLER_0_449,VPWR,li1,212.5200,13.6000,1.799787
FILLER_0_447,VPWR,li1,211.3700,13.6000,1.799787
FILLER_0_441,VPWR,li1,209.0700,13.6000,1.799788
FILLER_0_434,VPWR,li1,205.8500,13.6000,1.799791
FILLER_0_427,VPWR,li1,202.6300,13.6000,1.799795
FILLER_0_421,VPWR,li1,199.6400,13.6000,1.799802
FILLER_0_419,VPWR,li1,198.4900,13.6000,1.799809
FILLER_0_412,VPWR,li1,195.9600,13.6000,1.799820
FILLER_0_406,VPWR,li1,192.9700,13.6000,1.799830
FILLER_0_399,VPWR,li1,189.7500,13.6000,1.799840
FILLER_0_393,VPWR,li1,186.7600,13.6000,1.799850
FILLER_0_385,VPWR,li1,183.3100,13.6000,1.799879
FILLER_0_365,VPWR,li1,173.8800,13.6000,1.799923
FILLER_0_361,VPWR,li1,172.2700,13.6000,1.799923
FILLER_0_349,VPWR,li1,168.8200,13.6000,1.799924
FILLER_0_337,VPWR,li1,163.3000,13.6000,1.799924
FILLER_0_328,VPWR,li1,158.2400,13.6000,1.799925
FILLER_0_321,VPWR,li1,154.1000,13.6000,1.799926
FILLER_0_309,VPWR,li1,150.4200,13.6000,1.799926
FILLER_0_300,VPWR,li1,144.4400,13.6000,1.799928
FILLER_0_293,VPWR,li1,141.2200,13.6000,1.799929
FILLER_0_289,VPWR,li1,138.6900,13.6000,1.799930
FILLER_0_281,VPWR,li1,136.6200,13.6000,1.799931
FILLER_0_277,VPWR,li1,133.6300,13.6000,1.799932
FILLER_0_265,VPWR,li1,130.1800,13.6000,1.799933
FILLER_0_258,VPWR,li1,125.1200,13.6000,1.799936
FILLER_0_253,VPWR,li1,122.3600,13.6000,1.799937
FILLER_0_251,VPWR,li1,121.2100,13.6000,1.799938
FILLER_0_245,VPWR,li1,119.6000,13.6000,1.799938
FILLER_0_237,VPWR,li1,115.4600,13.6000,1.799941
FILLER_0_225,VPWR,li1,111.7800,13.6000,1.799943
FILLER_0_221,VPWR,li1,107.8700,13.6000,1.799945
FILLER_0_209,VPWR,li1,104.4200,13.6000,1.799947
FILLER_0_197,VPWR,li1,98.9000,13.6000,1.799950
FILLER_0_193,VPWR,li1,94.9900,13.6000,1.799952
FILLER_0_181,VPWR,li1,91.5400,13.6000,1.799954
FILLER_0_169,VPWR,li1,86.0200,13.6000,1.799957
FILLER_0_165,VPWR,li1,82.1100,13.6000,1.799959
FILLER_0_153,VPWR,li1,78.6600,13.6000,1.799961
FILLER_0_141,VPWR,li1,73.1400,13.6000,1.799964
FILLER_0_137,VPWR,li1,69.2300,13.6000,1.799966
FILLER_0_125,VPWR,li1,65.7800,13.6000,1.799968
FILLER_0_113,VPWR,li1,60.2600,13.6000,1.799971
FILLER_0_109,VPWR,li1,56.3500,13.6000,1.799973
FILLER_0_97,VPWR,li1,52.9000,13.6000,1.799975
FILLER_0_85,VPWR,li1,47.3800,13.6000,1.799978
FILLER_0_81,VPWR,li1,43.4700,13.6000,1.799980
FILLER_0_69,VPWR,li1,40.0200,13.6000,1.799982
FILLER_0_57,VPWR,li1,34.5000,13.6000,1.799985
FILLER_0_55,VPWR,li1,31.0500,13.6000,1.799987
FILLER_0_49,VPWR,li1,29.4400,13.6000,1.799987
FILLER_0_37,VPWR,li1,25.3000,13.6000,1.799990
FILLER_0_29,VPWR,li1,19.3200,13.6000,1.799992
FILLER_0_27,VPWR,li1,18.1700,13.6000,1.799992
FILLER_0_15,VPWR,li1,15.1800,13.6000,1.799992
FILLER_0_3,VPWR,li1,9.6600,13.6000,1.799992
ANTENNA_33,VPWR,li1,336.7200,258.4000,1.799820
ANTENNA_32,VPWR,li1,73.1400,220.3200,1.799846
ANTENNA_31,VPWR,li1,295.7800,220.3200,1.799792
ANTENNA_30,VPWR,li1,175.7200,187.6800,1.799814
ANTENNA_29,VPWR,li1,363.4000,329.1200,1.798092
ANTENNA_28,VPWR,li1,188.6000,106.0800,1.799559
ANTENNA_27,VPWR,li1,143.9800,280.1600,1.799648
ANTENNA_26,VPWR,li1,122.3600,78.8800,1.799412
ANTENNA_25,VPWR,li1,227.7000,138.7200,1.799045
ANTENNA_24,VPWR,li1,94.7600,247.5200,1.799849
ANTENNA_23,VPWR,li1,9.2000,187.6800,1.799812
ANTENNA_22,VPWR,li1,177.1000,100.6400,1.799371
ANTENNA_21,VPWR,li1,25.3000,100.6400,1.799805
ANTENNA_20,VPWR,li1,239.6600,198.5600,1.799858
ANTENNA_19,VPWR,li1,197.8000,95.2000,1.799033
ANTENNA_18,VPWR,li1,9.2000,100.6400,1.799853
ANTENNA_17,VPWR,li1,227.2400,263.8400,1.799705
ANTENNA_16,VPWR,li1,249.3200,149.6000,1.797997
ANTENNA_15,VPWR,li1,131.5600,127.8400,1.799224
ANTENNA_14,VPWR,li1,120.5200,367.2000,1.791445
ANTENNA_13,VPWR,li1,175.7200,361.7600,1.799307
ANTENNA_12,VPWR,li1,214.8200,84.3200,1.798951
ANTENNA_11,VPWR,li1,186.7600,46.2400,1.798858
ANTENNA_10,VPWR,li1,22.0800,46.2400,1.799741
ANTENNA_9,VPWR,li1,20.2400,209.4400,1.799969
ANTENNA_8,VPWR,li1,228.6200,340.0000,1.795841
ANTENNA_7,VPWR,li1,65.7800,340.0000,1.797995
ANTENNA_6,VPWR,li1,280.6000,100.6400,1.798399
ANTENNA_5,VPWR,li1,113.6200,100.6400,1.798936
ANTENNA_4,VPWR,li1,254.3800,345.4400,1.799416
ANTENNA_3,VPWR,li1,99.8200,345.4400,1.798920
ANTENNA_2,VPWR,li1,268.1800,345.4400,1.799480
ANTENNA_1,VPWR,li1,108.1000,345.4400,1.798834
rebuffer246,VPWR,li1,246.7900,182.2400,1.799606
rebuffer245,VPWR,li1,9.2000,171.3600,1.799921
rebuffer244,VPWR,li1,15.6400,165.9200,1.799933
rebuffer243,VPWR,li1,39.3300,171.3600,1.799812
rebuffer240,VPWR,li1,166.0600,214.8800,1.799932
rebuffer239,VPWR,li1,157.5500,258.4000,1.799658
rebuffer238,VPWR,li1,154.3300,231.2000,1.799825
rebuffer237,VPWR,li1,175.7200,269.2800,1.799858
rebuffer236,VPWR,li1,181.4700,269.2800,1.799812
rebuffer232,VPWR,li1,28.7500,171.3600,1.799880
rebuffer231,VPWR,li1,24.1500,171.3600,1.799906
rebuffer230,VPWR,li1,30.3600,171.3600,1.799865
rebuffer229,VPWR,li1,250.0100,187.6800,1.799661
clone221,VPWR,li1,71.7600,193.1200,1.799299
rebuffer220,VPWR,li1,136.3900,204.0000,1.799892
rebuffer219,VPWR,li1,167.9000,220.3200,1.799897
rebuffer218,VPWR,li1,170.4300,236.6400,1.799892
rebuffer217,VPWR,li1,192.5100,301.9200,1.799753
rebuffer216,VPWR,li1,184.0000,296.4800,1.799781
rebuffer215,VPWR,li1,181.2400,296.4800,1.799808
rebuffer212,VPWR,li1,230.4600,149.6000,1.797859
rebuffer205,VPWR,li1,40.2500,165.9200,1.799831
rebuffer204,VPWR,li1,37.2600,165.9200,1.799845
rebuffer203,VPWR,li1,21.1600,171.3600,1.799927
rebuffer202,VPWR,li1,23.9200,160.4800,1.799893
rebuffer201,VPWR,li1,12.6500,165.9200,1.799933
rebuffer200,VPWR,li1,27.3700,171.3600,1.799892
rebuffer199,VPWR,li1,105.5700,182.2400,1.799428
rebuffer198,VPWR,li1,30.5900,171.3600,1.799865
rebuffer197,VPWR,li1,61.6400,165.9200,1.799738
rebuffer186,VPWR,li1,343.3900,323.6800,1.798415
rebuffer185,VPWR,li1,302.9100,220.3200,1.799825
rebuffer184,VPWR,li1,314.6400,252.9600,1.799753
rebuffer183,VPWR,li1,329.1300,312.8000,1.799540
rebuffer167,VPWR,li1,59.3400,165.9200,1.799745
rebuffer166,VPWR,li1,94.9900,165.9200,1.799656
rebuffer165,VPWR,li1,92.0000,176.8000,1.799457
rebuffer164,VPWR,li1,21.1600,165.9200,1.799935
rebuffer149,VPWR,li1,210.9100,187.6800,1.799725
rebuffer147,VPWR,li1,320.6200,312.8000,1.799280
rebuffer146,VPWR,li1,316.2500,312.8000,1.799188
rebuffer139,VPWR,li1,207.0000,187.6800,1.799732
rebuffer135,VPWR,li1,158.0100,263.8400,1.799467
rebuffer133,VPWR,li1,270.2500,171.3600,1.799684
rebuffer127,VPWR,li1,114.7700,84.3200,1.798064
rebuffer126,VPWR,li1,81.1900,144.1600,1.798911
rebuffer125,VPWR,li1,32.2000,296.4800,1.799930
rebuffer124,VPWR,li1,299.9200,198.5600,1.799867
rebuffer123,VPWR,li1,312.3400,204.0000,1.799829
rebuffer122,VPWR,li1,9.2000,160.4800,1.799910
rebuffer121,VPWR,li1,141.6800,209.4400,1.799846
rebuffer120,VPWR,li1,115.2300,209.4400,1.799843
rebuffer119,VPWR,li1,77.9700,209.4400,1.799872
rebuffer118,VPWR,li1,11.5000,149.6000,1.799814
rebuffer117,VPWR,li1,112.0100,209.4400,1.799843
rebuffer116,VPWR,li1,15.6400,155.0400,1.799867
rebuffer105,VPWR,li1,141.9100,209.4400,1.799846
rebuffer104,VPWR,li1,131.1000,209.4400,1.799842
rebuffer103,VPWR,li1,74.7500,220.3200,1.799844
rebuffer102,VPWR,li1,192.0500,274.7200,1.799503
rebuffer101,VPWR,li1,110.6300,242.0800,1.799593
rebuffer100,VPWR,li1,147.6600,252.9600,1.799827
rebuffer99,VPWR,li1,115.2300,263.8400,1.799270
rebuffer95,VPWR,li1,192.0500,68.0000,1.799801
rebuffer94,VPWR,li1,290.4900,204.0000,1.799824
rebuffer93,VPWR,li1,282.9000,204.0000,1.799824
rebuffer92,VPWR,li1,210.6800,165.9200,1.799842
clone91,VPWR,li1,197.1100,84.3200,1.798929
rebuffer90,VPWR,li1,218.0400,176.8000,1.799744
clone89,VPWR,li1,209.0700,176.8000,1.799770
rebuffer88,VPWR,li1,253.2300,187.6800,1.799656
rebuffer87,VPWR,li1,221.4900,182.2400,1.799694
clone86,VPWR,li1,197.3400,182.2400,1.799797
rebuffer85,VPWR,li1,216.2000,187.6800,1.799713
rebuffer84,VPWR,li1,210.2200,187.6800,1.799725
rebuffer83,VPWR,li1,215.2800,165.9200,1.799832
rebuffer82,VPWR,li1,238.5100,176.8000,1.799689
rebuffer81,VPWR,li1,211.8300,171.3600,1.799791
rebuffer80,VPWR,li1,213.2100,155.0400,1.799110
rebuffer79,VPWR,li1,264.7300,165.9200,1.799783
rebuffer78,VPWR,li1,265.1900,165.9200,1.799783
rebuffer77,VPWR,li1,335.3400,193.1200,1.799640
rebuffer76,VPWR,li1,285.8900,182.2400,1.799553
rebuffer75,VPWR,li1,330.0500,193.1200,1.799728
rebuffer74,VPWR,li1,261.7400,171.3600,1.799682
rebuffer73,VPWR,li1,166.5200,149.6000,1.798268
rebuffer72,VPWR,li1,16.1000,144.1600,1.799820
rebuffer71,VPWR,li1,145.5900,204.0000,1.799903
rebuffer70,VPWR,li1,123.5100,209.4400,1.799841
rebuffer69,VPWR,li1,120.7500,209.4400,1.799842
rebuffer68,VPWR,li1,87.1700,204.0000,1.799871
rebuffer67,VPWR,li1,14.2600,138.7200,1.799923
rebuffer66,VPWR,li1,204.0100,100.6400,1.799054
rebuffer65,VPWR,li1,171.1200,149.6000,1.798415
rebuffer64,VPWR,li1,175.7200,160.4800,1.799611
rebuffer55,VPWR,li1,11.0400,57.1200,1.799934
rebuffer54,VPWR,li1,14.0300,78.8800,1.799906
rebuffer53,VPWR,li1,9.4300,84.3200,1.799758
rebuffer52,VPWR,li1,138.6900,204.0000,1.799895
rebuffer51,VPWR,li1,24.3800,149.6000,1.799747
rebuffer50,VPWR,li1,67.8500,209.4400,1.799885
rebuffer49,VPWR,li1,7.8200,155.0400,1.799864
rebuffer48,VPWR,li1,39.1000,149.6000,1.799501
rebuffer47,VPWR,li1,14.7200,144.1600,1.799820
rebuffer46,VPWR,li1,14.9500,155.0400,1.799867
rebuffer45,VPWR,li1,169.7400,155.0400,1.799148
rebuffer44,VPWR,li1,167.6700,51.6800,1.799644
rebuffer43,VPWR,li1,87.1700,209.4400,1.799862
rebuffer42,VPWR,li1,15.1800,78.8800,1.799906
rebuffer41,VPWR,li1,330.5100,220.3200,1.799939
rebuffer40,VPWR,li1,309.3500,204.0000,1.799829
rebuffer39,VPWR,li1,238.5100,171.3600,1.799726
rebuffer38,VPWR,li1,304.5200,204.0000,1.799826
rebuffer37,VPWR,li1,285.2000,204.0000,1.799824
rebuffer36,VPWR,li1,261.9700,198.5600,1.799848
rebuffer35,VPWR,li1,196.4200,73.4400,1.799741
rebuffer34,VPWR,li1,336.0300,274.7200,1.799666
rebuffer33,VPWR,li1,241.2700,133.2800,1.799805
rebuffer32,VPWR,li1,307.5100,220.3200,1.799839
rebuffer31,VPWR,li1,278.7600,225.7600,1.799597
rebuffer30,VPWR,li1,85.5600,182.2400,1.799479
rebuffer29,VPWR,li1,243.5700,182.2400,1.799613
rebuffer28,VPWR,li1,225.4000,171.3600,1.799754
rebuffer27,VPWR,li1,141.9100,263.8400,1.799246
rebuffer26,VPWR,li1,143.2900,220.3200,1.799846
rebuffer25,VPWR,li1,143.9800,220.3200,1.799849
rebuffer24,VPWR,li1,320.3900,209.4400,1.799894
rebuffer23,VPWR,li1,362.2500,263.8400,1.799542
rebuffer22,VPWR,li1,337.1800,247.5200,1.799620
rebuffer21,VPWR,li1,151.8000,367.2000,1.794539
rebuffer20,VPWR,li1,254.6100,155.0400,1.799142
rebuffer19,VPWR,li1,255.9900,155.0400,1.799142
rebuffer18,VPWR,li1,273.7000,182.2400,1.799549
rebuffer17,VPWR,li1,267.4900,182.2400,1.799554
rebuffer16,VPWR,li1,231.8400,155.0400,1.799113
rebuffer15,VPWR,li1,227.0100,155.0400,1.799109
rebuffer14,VPWR,li1,80.2700,220.3200,1.799838
rebuffer13,VPWR,li1,77.0500,220.3200,1.799841
rebuffer12,VPWR,li1,22.5400,160.4800,1.799914
rebuffer10,VPWR,li1,67.1600,149.6000,1.799059
rebuffer9,VPWR,li1,348.4500,269.2800,1.799437
rebuffer8,VPWR,li1,345.6900,274.7200,1.799534
rebuffer7,VPWR,li1,82.8000,220.3200,1.799835
rebuffer6,VPWR,li1,36.8000,149.6000,1.799538
rebuffer5,VPWR,li1,34.5000,149.6000,1.799599
rebuffer4,VPWR,li1,336.7200,160.4800,1.798758
rebuffer3,VPWR,li1,346.1500,247.5200,1.799551
rebuffer2,VPWR,li1,334.6500,247.5200,1.799658
rebuffer1,VPWR,li1,341.7800,242.0800,1.799712
rebuffer11,VPWR,li1,21.6200,149.6000,1.799819
clkload6,VPWR,li1,356.2700,274.7200,1.799415
clkload5,VPWR,li1,312.3400,318.2400,1.798360
clkload4,VPWR,li1,342.2400,149.6000,1.797452
clkload3,VPWR,li1,182.3900,356.3200,1.799772
clkload2,VPWR,li1,140.3000,356.3200,1.799598
clkload1,VPWR,li1,154.5600,155.0400,1.798897
clkload0,VPWR,li1,79.5800,193.1200,1.799241
clkbuf_3_7__f_clk,VPWR,li1,354.6600,274.7200,1.799437
clkbuf_3_6__f_clk,VPWR,li1,315.5600,318.2400,1.798430
clkbuf_3_5__f_clk,VPWR,li1,345.4600,155.0400,1.798543
clkbuf_3_4__f_clk,VPWR,li1,373.9800,193.1200,1.799365
clkbuf_3_3__f_clk,VPWR,li1,184.4600,356.3200,1.799758
clkbuf_3_2__f_clk,VPWR,li1,139.3800,356.3200,1.799598
clkbuf_3_1__f_clk,VPWR,li1,158.2400,155.0400,1.798928
clkbuf_3_0__f_clk,VPWR,li1,85.1000,193.1200,1.799201
clkbuf_0_clk,VPWR,li1,203.3200,209.4400,1.799584
fanout700,VPWR,li1,206.0800,133.2800,1.799847
fanout699,VPWR,li1,275.0800,198.5600,1.799849
fanout698,VPWR,li1,205.6200,127.8400,1.799485
fanout697,VPWR,li1,16.5600,133.2800,1.799952
fanout696,VPWR,li1,109.9400,209.4400,1.799844
fanout695,VPWR,li1,107.1800,209.4400,1.799845
fanout694,VPWR,li1,14.7200,133.2800,1.799950
fanout693,VPWR,li1,332.1200,345.4400,1.799796
fanout692,VPWR,li1,333.0400,340.0000,1.798712
fanout691,VPWR,li1,354.4300,182.2400,1.799382
fanout690,VPWR,li1,356.5000,171.3600,1.799860
fanout689,VPWR,li1,174.3400,361.7600,1.799307
fanout688,VPWR,li1,158.9300,361.7600,1.798154
fanout687,VPWR,li1,170.2000,356.3200,1.799808
fanout686,VPWR,li1,164.2200,176.8000,1.799800
fanout685,VPWR,li1,135.7000,285.6000,1.799888
fanout684,VPWR,li1,163.3000,291.0400,1.799936
fanout683,VPWR,li1,141.6800,285.6000,1.799898
fanout682,VPWR,li1,155.0200,291.0400,1.799924
fanout681,VPWR,li1,45.5400,291.0400,1.799933
fanout680,VPWR,li1,97.0600,296.4800,1.799839
fanout679,VPWR,li1,26.6800,291.0400,1.799967
fanout678,VPWR,li1,17.9400,291.0400,1.799974
fanout677,VPWR,li1,308.2000,182.2400,1.799625
fanout676,VPWR,li1,293.9400,133.2800,1.799797
fanout675,VPWR,li1,287.5000,144.1600,1.798848
fanout674,VPWR,li1,283.3600,106.0800,1.799283
fanout673,VPWR,li1,291.6400,133.2800,1.799795
fanout672,VPWR,li1,285.2000,106.0800,1.799281
fanout671,VPWR,li1,335.8000,345.4400,1.799762
fanout670,VPWR,li1,299.2300,345.4400,1.799653
fanout669,VPWR,li1,335.8000,345.4400,1.799762
fanout668,VPWR,li1,162.3800,361.7600,1.798494
fanout667,VPWR,li1,165.1400,361.7600,1.798681
fanout666,VPWR,li1,313.7200,176.8000,1.799783
fanout665,VPWR,li1,318.7800,171.3600,1.799856
fanout664,VPWR,li1,166.5200,182.2400,1.799815
fanout663,VPWR,li1,183.0800,171.3600,1.799878
fanout662,VPWR,li1,286.5800,78.8800,1.799565
fanout661,VPWR,li1,296.2400,116.9600,1.799365
fanout660,VPWR,li1,297.6200,78.8800,1.799621
fanout659,VPWR,li1,299.2300,116.9600,1.799389
fanout658,VPWR,li1,299.4600,78.8800,1.799629
fanout657,VPWR,li1,289.8000,62.5600,1.799516
fanout656,VPWR,li1,66.0100,165.9200,1.799725
fanout655,VPWR,li1,63.0200,165.9200,1.799738
fanout654,VPWR,li1,76.3600,149.6000,1.798948
fanout653,VPWR,li1,109.9400,165.9200,1.799661
fanout652,VPWR,li1,65.3200,171.3600,1.799682
fanout651,VPWR,li1,107.6400,155.0400,1.799051
fanout650,VPWR,li1,77.2800,171.3600,1.799628
fanout649,VPWR,li1,109.9400,73.4400,1.799447
fanout648,VPWR,li1,126.5000,127.8400,1.799233
fanout647,VPWR,li1,117.3000,62.5600,1.799750
fanout646,VPWR,li1,315.5600,350.8800,1.799933
fanout645,VPWR,li1,290.0300,356.3200,1.799758
fanout644,VPWR,li1,320.6200,345.4400,1.799789
fanout643,VPWR,li1,137.5400,378.0800,1.799988
fanout642,VPWR,li1,138.4600,372.6400,1.798831
fanout641,VPWR,li1,313.7200,182.2400,1.799646
fanout640,VPWR,li1,309.5800,171.3600,1.799819
fanout639,VPWR,li1,187.2200,171.3600,1.799865
fanout638,VPWR,li1,138.9200,198.5600,1.799905
fanout637,VPWR,li1,128.1100,127.8400,1.799233
fanout636,VPWR,li1,115.4600,62.5600,1.799748
fanout635,VPWR,li1,130.1800,127.8400,1.799228
fanout634,VPWR,li1,316.4800,263.8400,1.799811
fanout633,VPWR,li1,342.2400,258.4000,1.799785
fanout632,VPWR,li1,333.0400,280.1600,1.799880
fanout631,VPWR,li1,342.2400,274.7200,1.799603
fanout630,VPWR,li1,326.1400,280.1600,1.799881
fanout629,VPWR,li1,331.2000,280.1600,1.799889
fanout628,VPWR,li1,314.1800,274.7200,1.799638
fanout627,VPWR,li1,293.9400,285.6000,1.799893
fanout626,VPWR,li1,309.1200,285.6000,1.799915
fanout625,VPWR,li1,291.1800,280.1600,1.799736
fanout624,VPWR,li1,285.2000,301.9200,1.799634
fanout623,VPWR,li1,284.5100,356.3200,1.799731
fanout622,VPWR,li1,300.3800,329.1200,1.795554
fanout621,VPWR,li1,281.0600,356.3200,1.799717
fanout620,VPWR,li1,125.5800,361.7600,1.797582
fanout619,VPWR,li1,126.9600,356.3200,1.799626
fanout618,VPWR,li1,316.9400,182.2400,1.799658
fanout617,VPWR,li1,364.3200,133.2800,1.799770
fanout616,VPWR,li1,172.0400,182.2400,1.799857
fanout615,VPWR,li1,133.4000,187.6800,1.799134
fanout614,VPWR,li1,8.7400,214.8800,1.799961
fanout613,VPWR,li1,138.0000,231.2000,1.799769
fanout612,VPWR,li1,45.5400,242.0800,1.799786
fanout611,VPWR,li1,125.1200,236.6400,1.799727
fanout610,VPWR,li1,127.8800,236.6400,1.799735
fanout609,VPWR,li1,46.0000,242.0800,1.799777
fanout608,VPWR,li1,111.7800,252.9600,1.799804
fanout607,VPWR,li1,40.0200,242.0800,1.799812
fanout606,VPWR,li1,105.3400,252.9600,1.799803
fanout605,VPWR,li1,26.2200,252.9600,1.799919
fanout604,VPWR,li1,85.5600,252.9600,1.799804
fanout603,VPWR,li1,23.4600,252.9600,1.799941
fanout602,VPWR,li1,27.1400,247.5200,1.799953
fanout601,VPWR,li1,251.6200,111.5200,1.799768
fanout600,VPWR,li1,235.0600,155.0400,1.799115
fanout599,VPWR,li1,233.2200,62.5600,1.799574
fanout598,VPWR,li1,233.2200,133.2800,1.799811
fanout597,VPWR,li1,285.2000,356.3200,1.799731
fanout596,VPWR,li1,287.9600,356.3200,1.799748
fanout595,VPWR,li1,130.1800,361.7600,1.797498
fanout594,VPWR,li1,131.5600,356.3200,1.799614
fanout593,VPWR,li1,307.2800,171.3600,1.799805
fanout592,VPWR,li1,367.5400,133.2800,1.799769
fanout591,VPWR,li1,171.5800,176.8000,1.799855
fanout590,VPWR,li1,190.9000,116.9600,1.799427
fanout589,VPWR,li1,235.5200,138.7200,1.799016
fanout588,VPWR,li1,235.9800,62.5600,1.799556
fanout587,VPWR,li1,236.4400,57.1200,1.799538
fanout586,VPWR,li1,251.6200,106.0800,1.799343
fanout585,VPWR,li1,247.4800,40.8000,1.799501
fanout584,VPWR,li1,250.0100,106.0800,1.799349
fanout583,VPWR,li1,249.3200,40.8000,1.799503
fanout582,VPWR,li1,250.9300,84.3200,1.799063
fanout581,VPWR,li1,248.4000,40.8000,1.799501
fanout580,VPWR,li1,17.0200,100.6400,1.799857
fanout579,VPWR,li1,30.3600,144.1600,1.799663
fanout578,VPWR,li1,47.8400,155.0400,1.799580
fanout577,VPWR,li1,49.2200,165.9200,1.799786
fanout576,VPWR,li1,43.2400,155.0400,1.799639
fanout575,VPWR,li1,45.0800,144.1600,1.799431
fanout574,VPWR,li1,51.5200,100.6400,1.799478
fanout573,VPWR,li1,262.6600,361.7600,1.799490
fanout572,VPWR,li1,258.0600,356.3200,1.799669
fanout571,VPWR,li1,121.9000,367.2000,1.791633
fanout570,VPWR,li1,97.0600,361.7600,1.798103
fanout569,VPWR,li1,308.6600,155.0400,1.799267
fanout568,VPWR,li1,307.7400,122.4000,1.799501
fanout567,VPWR,li1,339.0200,68.0000,1.799765
fanout566,VPWR,li1,187.2200,106.0800,1.799559
fanout565,VPWR,li1,142.1400,133.2800,1.799723
fanout564,VPWR,li1,68.5400,116.9600,1.799338
fanout563,VPWR,li1,54.2800,155.0400,1.799512
fanout562,VPWR,li1,69.2300,133.2800,1.799803
fanout561,VPWR,li1,69.4600,133.2800,1.799803
fanout560,VPWR,li1,73.8300,133.2800,1.799792
fanout559,VPWR,li1,64.8600,127.8400,1.799520
fanout558,VPWR,li1,345.0000,214.8800,1.799923
fanout557,VPWR,li1,356.0400,225.7600,1.799860
fanout556,VPWR,li1,341.7800,225.7600,1.799884
fanout555,VPWR,li1,356.0400,225.7600,1.799860
fanout554,VPWR,li1,327.0600,225.7600,1.799897
fanout553,VPWR,li1,343.6200,225.7600,1.799879
fanout552,VPWR,li1,324.3000,231.2000,1.799919
fanout551,VPWR,li1,322.0000,236.6400,1.799864
fanout550,VPWR,li1,323.8400,236.6400,1.799873
fanout549,VPWR,li1,294.1700,242.0800,1.799553
fanout548,VPWR,li1,299.9200,242.0800,1.799585
fanout547,VPWR,li1,252.0800,361.7600,1.799458
fanout546,VPWR,li1,247.9400,361.7600,1.799442
fanout545,VPWR,li1,248.8600,361.7600,1.799449
fanout544,VPWR,li1,251.6200,356.3200,1.799673
fanout543,VPWR,li1,119.1400,367.2000,1.791445
fanout542,VPWR,li1,309.3500,122.4000,1.799511
fanout541,VPWR,li1,360.1800,127.8400,1.799607
fanout540,VPWR,li1,181.7000,73.4400,1.799775
fanout539,VPWR,li1,138.0000,133.2800,1.799718
fanout538,VPWR,li1,275.0800,269.2800,1.799437
fanout537,VPWR,li1,240.1200,252.9600,1.799770
fanout536,VPWR,li1,297.1600,122.4000,1.799445
fanout535,VPWR,li1,365.2400,258.4000,1.799641
fanout534,VPWR,li1,295.3200,122.4000,1.799436
fanout533,VPWR,li1,133.4000,127.8400,1.799221
fanout532,VPWR,li1,178.4800,263.8400,1.799775
fanout531,VPWR,li1,135.7000,127.8400,1.799218
fanout530,VPWR,li1,300.8400,144.1600,1.798959
fanout529,VPWR,li1,301.3000,138.7200,1.799187
fanout528,VPWR,li1,120.0600,144.1600,1.798608
fanout527,VPWR,li1,167.9000,291.0400,1.799943
fanout526,VPWR,li1,117.3000,138.7200,1.799459
fanout525,VPWR,li1,293.9400,116.9600,1.799345
fanout524,VPWR,li1,296.2400,111.5200,1.799821
fanout523,VPWR,li1,338.1000,258.4000,1.799804
fanout522,VPWR,li1,122.8200,122.4000,1.799252
fanout521,VPWR,li1,133.4000,204.0000,1.799886
fanout520,VPWR,li1,120.5200,122.4000,1.799259
fanout519,VPWR,li1,13.8000,176.8000,1.799908
fanout518,VPWR,li1,246.5600,198.5600,1.799854
fanout517,VPWR,li1,248.4000,198.5600,1.799852
fanout516,VPWR,li1,167.9000,204.0000,1.799941
fanout515,VPWR,li1,218.9600,155.0400,1.799108
fanout514,VPWR,li1,102.1200,204.0000,1.799869
fanout513,VPWR,li1,11.5000,176.8000,1.799907
fanout512,VPWR,li1,11.9600,133.2800,1.799950
fanout511,VPWR,li1,64.4000,296.4800,1.799868
fanout510,VPWR,li1,228.1600,296.4800,1.799734
fanout509,VPWR,li1,262.2000,285.6000,1.799862
fanout508,VPWR,li1,277.3800,165.9200,1.799795
fanout507,VPWR,li1,287.5000,171.3600,1.799733
fanout506,VPWR,li1,145.3600,280.1600,1.799659
fanout505,VPWR,li1,63.9400,291.0400,1.799910
fanout504,VPWR,li1,74.5200,155.0400,1.799311
fanout503,VPWR,li1,80.0400,155.0400,1.799261
fanout502,VPWR,li1,222.6400,296.4800,1.799734
fanout501,VPWR,li1,249.3200,291.0400,1.799896
fanout500,VPWR,li1,263.1200,149.6000,1.798105
fanout499,VPWR,li1,287.0400,160.4800,1.799173
fanout498,VPWR,li1,53.8200,296.4800,1.799884
fanout497,VPWR,li1,51.0600,296.4800,1.799888
fanout496,VPWR,li1,121.6700,100.6400,1.798914
fanout495,VPWR,li1,78.2000,155.0400,1.799288
fanout494,VPWR,li1,220.3400,296.4800,1.799735
fanout493,VPWR,li1,214.8200,296.4800,1.799738
fanout492,VPWR,li1,262.6600,155.0400,1.799156
fanout491,VPWR,li1,37.7200,296.4800,1.799916
fanout490,VPWR,li1,40.0200,296.4800,1.799911
fanout489,VPWR,li1,74.5200,149.6000,1.798975
fanout488,VPWR,li1,210.2200,291.0400,1.799906
fanout487,VPWR,li1,215.7400,285.6000,1.799879
fanout486,VPWR,li1,286.1200,106.0800,1.799279
fanout485,VPWR,li1,34.5000,296.4800,1.799924
fanout484,VPWR,li1,29.9000,296.4800,1.799936
fanout483,VPWR,li1,27.1400,296.4800,1.799944
fanout482,VPWR,li1,74.9800,144.1600,1.798981
fanout481,VPWR,li1,23.0000,296.4800,1.799960
fanout480,VPWR,li1,214.3600,291.0400,1.799902
fanout479,VPWR,li1,209.7600,285.6000,1.799885
fanout478,VPWR,li1,264.5000,106.0800,1.799309
fanout477,VPWR,li1,24.3800,296.4800,1.799952
fanout476,VPWR,li1,15.1800,296.4800,1.799956
fanout475,VPWR,li1,80.5000,122.4000,1.799438
fanout474,VPWR,li1,257.1400,122.4000,1.799348
fanout473,VPWR,li1,358.3400,225.7600,1.799857
fanout472,VPWR,li1,253.2300,122.4000,1.799349
fanout471,VPWR,li1,255.7600,116.9600,1.799224
fanout470,VPWR,li1,174.8000,231.2000,1.799907
fanout469,VPWR,li1,174.3400,225.7600,1.799852
fanout468,VPWR,li1,71.0700,116.9600,1.799321
fanout467,VPWR,li1,69.0000,116.9600,1.799338
fanout466,VPWR,li1,250.7000,149.6000,1.797997
fanout465,VPWR,li1,283.3600,247.5200,1.799284
fanout464,VPWR,li1,280.6000,242.0800,1.799516
fanout463,VPWR,li1,253.0000,149.6000,1.798021
fanout462,VPWR,li1,245.6400,138.7200,1.798993
fanout461,VPWR,li1,82.3400,258.4000,1.799606
fanout460,VPWR,li1,131.5600,252.9600,1.799812
fanout459,VPWR,li1,40.0200,155.0400,1.799666
fanout458,VPWR,li1,30.8200,182.2400,1.799849
fanout457,VPWR,li1,234.1400,165.9200,1.799803
fanout456,VPWR,li1,244.2600,182.2400,1.799613
fanout455,VPWR,li1,280.6000,247.5200,1.799285
fanout454,VPWR,li1,241.9600,160.4800,1.799205
fanout453,VPWR,li1,35.4200,182.2400,1.799813
fanout452,VPWR,li1,113.1600,258.4000,1.799475
fanout451,VPWR,li1,38.8700,160.4800,1.799786
fanout450,VPWR,li1,42.3200,149.6000,1.799471
fanout449,VPWR,li1,225.8600,263.8400,1.799706
fanout448,VPWR,li1,246.5600,252.9600,1.799760
fanout447,VPWR,li1,221.7200,258.4000,1.799731
fanout446,VPWR,li1,239.2000,165.9200,1.799798
fanout445,VPWR,li1,57.5000,258.4000,1.799726
fanout444,VPWR,li1,52.9000,258.4000,1.799755
fanout443,VPWR,li1,34.9600,171.3600,1.799837
fanout442,VPWR,li1,45.0800,149.6000,1.799430
fanout441,VPWR,li1,43.2400,133.2800,1.799877
fanout440,VPWR,li1,229.0800,138.7200,1.799036
fanout439,VPWR,li1,243.3400,252.9600,1.799765
fanout438,VPWR,li1,229.5400,165.9200,1.799809
fanout437,VPWR,li1,230.9200,138.7200,1.799030
fanout436,VPWR,li1,110.4000,252.9600,1.799804
fanout435,VPWR,li1,39.5600,258.4000,1.799834
fanout434,VPWR,li1,40.0200,133.2800,1.799892
fanout433,VPWR,li1,41.8600,144.1600,1.799471
fanout432,VPWR,li1,9.6600,78.8800,1.799904
fanout431,VPWR,li1,192.2800,84.3200,1.798926
fanout430,VPWR,li1,253.4600,193.1200,1.799689
fanout429,VPWR,li1,208.3800,160.4800,1.799347
fanout428,VPWR,li1,188.6000,78.8800,1.799771
fanout427,VPWR,li1,86.4800,198.5600,1.799881
fanout426,VPWR,li1,12.6500,160.4800,1.799910
fanout425,VPWR,li1,15.1800,73.4400,1.799901
fanout424,VPWR,li1,26.6800,263.8400,1.799878
fanout423,VPWR,li1,202.8600,263.8400,1.799731
fanout422,VPWR,li1,225.8600,252.9600,1.799796
fanout421,VPWR,li1,226.3200,138.7200,1.799045
fanout420,VPWR,li1,233.2200,100.6400,1.798740
fanout419,VPWR,li1,96.1400,247.5200,1.799848
fanout418,VPWR,li1,28.9800,263.8400,1.799851
fanout417,VPWR,li1,28.5200,144.1600,1.799713
fanout416,VPWR,li1,53.3600,100.6400,1.799453
fanout415,VPWR,li1,206.5400,247.5200,1.799589
fanout414,VPWR,li1,217.5800,247.5200,1.799528
fanout413,VPWR,li1,216.6600,122.4000,1.799392
fanout412,VPWR,li1,248.8600,78.8800,1.799580
fanout411,VPWR,li1,25.3000,252.9600,1.799928
fanout410,VPWR,li1,22.5400,252.9600,1.799941
fanout409,VPWR,li1,27.6000,127.8400,1.799841
fanout408,VPWR,li1,51.5200,89.7600,1.799430
fanout407,VPWR,li1,241.0400,198.5600,1.799858
fanout406,VPWR,li1,208.3800,247.5200,1.799574
fanout405,VPWR,li1,199.1800,95.2000,1.799031
fanout404,VPWR,li1,229.5400,78.8800,1.799633
fanout403,VPWR,li1,13.3400,214.8800,1.799963
fanout402,VPWR,li1,16.5600,214.8800,1.799965
fanout401,VPWR,li1,7.8200,100.6400,1.799852
fanout400,VPWR,li1,11.0400,100.6400,1.799853
fanout399,VPWR,li1,376.0500,231.2000,1.799875
fanout398,VPWR,li1,376.7400,231.2000,1.799875
fanout397,VPWR,li1,368.0000,51.6800,1.798233
fanout396,VPWR,li1,376.7400,149.6000,1.795871
fanout395,VPWR,li1,178.4800,51.6800,1.799726
fanout394,VPWR,li1,193.6600,361.7600,1.799318
fanout393,VPWR,li1,180.7800,51.6800,1.799708
fanout392,VPWR,li1,204.4700,155.0400,1.799115
fanout391,VPWR,li1,64.6300,220.3200,1.799857
fanout390,VPWR,li1,127.1900,204.0000,1.799880
fanout389,VPWR,li1,65.5500,214.8800,1.799907
fanout388,VPWR,li1,130.4100,209.4400,1.799842
fanout387,VPWR,li1,66.2400,214.8800,1.799907
fanout386,VPWR,li1,112.7000,204.0000,1.799872
fanout385,VPWR,li1,28.0600,214.8800,1.799955
fanout384,VPWR,li1,117.5300,204.0000,1.799874
fanout383,VPWR,li1,34.9600,209.4400,1.799940
fanout382,VPWR,li1,90.6200,209.4400,1.799860
fanout381,VPWR,li1,33.5800,214.8800,1.799948
fanout380,VPWR,li1,192.2800,73.4400,1.799751
fanout379,VPWR,li1,185.3800,68.0000,1.799847
fanout378,VPWR,li1,155.4800,209.4400,1.799856
fanout377,VPWR,li1,9.6600,68.0000,1.799935
fanout376,VPWR,li1,12.4200,138.7200,1.799922
fanout375,VPWR,li1,9.6600,68.0000,1.799935
fanout374,VPWR,li1,14.2600,204.0000,1.799955
fanout373,VPWR,li1,17.0200,204.0000,1.799959
fanout371,VPWR,li1,227.0100,138.7200,1.799045
fanout370,VPWR,li1,225.4000,133.2800,1.799819
fanout369,VPWR,li1,218.0400,84.3200,1.798956
fanout368,VPWR,li1,222.6400,133.2800,1.799821
fanout367,VPWR,li1,205.8500,116.9600,1.799362
fanout366,VPWR,li1,205.1600,51.6800,1.799526
fanout365,VPWR,li1,212.7500,122.4000,1.799404
fanout364,VPWR,li1,207.0000,51.6800,1.799513
fanout363,VPWR,li1,205.1600,95.2000,1.799026
fanout362,VPWR,li1,208.8400,51.6800,1.799500
fanout361,VPWR,li1,204.2400,46.2400,1.798946
fanout360,VPWR,li1,200.5600,40.8000,1.799523
fanout359,VPWR,li1,204.2400,95.2000,1.799026
fanout358,VPWR,li1,206.0800,149.6000,1.797702
fanout357,VPWR,li1,202.4000,144.1600,1.798278
fanout356,VPWR,li1,9.6600,89.7600,1.799843
fanout355,VPWR,li1,11.9600,149.6000,1.799814
fanout354,VPWR,li1,11.0400,144.1600,1.799818
fanout353,VPWR,li1,11.9600,160.4800,1.799910
fanout352,VPWR,li1,23.0000,144.1600,1.799783
fanout351,VPWR,li1,11.9600,155.0400,1.799865
fanout350,VPWR,li1,14.7200,182.2400,1.799906
fanout349,VPWR,li1,9.4300,122.4000,1.799896
fanout348,VPWR,li1,28.5200,73.4400,1.799854
fanout347,VPWR,li1,20.4700,138.7200,1.799927
fanout346,VPWR,li1,12.4200,138.7200,1.799922
fanout345,VPWR,li1,21.1600,127.8400,1.799897
fanout344,VPWR,li1,17.4800,89.7600,1.799846
fanout343,VPWR,li1,17.4800,73.4400,1.799902
fanout342,VPWR,li1,23.9200,106.0800,1.799880
fanout341,VPWR,li1,360.1800,225.7600,1.799855
fanout340,VPWR,li1,294.4000,209.4400,1.799787
fanout339,VPWR,li1,318.7800,204.0000,1.799834
fanout338,VPWR,li1,326.6000,214.8800,1.799936
fanout337,VPWR,li1,14.4900,89.7600,1.799845
fanout336,VPWR,li1,218.2700,144.1600,1.798360
fanout335,VPWR,li1,217.8100,138.7200,1.799080
fanout334,VPWR,li1,207.9200,95.2000,1.799024
fanout333,VPWR,li1,9.6600,144.1600,1.799818
fanout332,VPWR,li1,8.9700,155.0400,1.799864
fanout331,VPWR,li1,17.4800,89.7600,1.799846
fanout330,VPWR,li1,299.0000,214.8800,1.799849
fanout329,VPWR,li1,317.8600,209.4400,1.799883
fanout328,VPWR,li1,286.8100,193.1200,1.799675
fanout327,VPWR,li1,297.1600,220.3200,1.799802
fanout326,VPWR,li1,285.2000,198.5600,1.799854
fanout325,VPWR,li1,276.0000,193.1200,1.799678
fanout324,VPWR,li1,252.0800,198.5600,1.799851
fanout323,VPWR,li1,168.3600,356.3200,1.799794
fanout322,VPWR,li1,177.5600,356.3200,1.799812
fanout321,VPWR,li1,169.7400,334.5600,1.797269
fanout320,VPWR,li1,172.5000,356.3200,1.799825
fanout319,VPWR,li1,170.6600,323.6800,1.799088
fanout318,VPWR,li1,172.9600,329.1200,1.798619
fanout317,VPWR,li1,163.3000,361.7600,1.798494
fanout316,VPWR,li1,172.5000,345.4400,1.799218
fanout315,VPWR,li1,187.4500,57.1200,1.799812
fanout314,VPWR,li1,214.8200,138.7200,1.799090
fanout313,VPWR,li1,202.1700,198.5600,1.799903
fanout312,VPWR,li1,184.4600,51.6800,1.799681
fanout311,VPWR,li1,26.2200,73.4400,1.799869
fanout310,VPWR,li1,74.5200,220.3200,1.799844
fanout309,VPWR,li1,17.4800,138.7200,1.799925
fanout308,VPWR,li1,27.6000,68.0000,1.799899
fanout307,VPWR,li1,157.5500,361.7600,1.798154
fanout306,VPWR,li1,169.7400,340.0000,1.798559
fanout305,VPWR,li1,135.7000,378.0800,1.799988
fanout304,VPWR,li1,152.2600,356.3200,1.799682
fanout303,VPWR,li1,158.2400,356.3200,1.799721
fanout302,VPWR,li1,362.0200,127.8400,1.799606
fanout301,VPWR,li1,365.2400,187.6800,1.799421
fanout300,VPWR,li1,363.8600,127.8400,1.799605
fanout299,VPWR,li1,361.1000,187.6800,1.799431
fanout298,VPWR,li1,370.7600,182.2400,1.799335
fanout297,VPWR,li1,364.7800,138.7200,1.798863
fanout296,VPWR,li1,358.3400,95.2000,1.799555
fanout295,VPWR,li1,370.3000,133.2800,1.799767
fanout294,VPWR,li1,366.6200,95.2000,1.799552
fanout293,VPWR,li1,364.7800,84.3200,1.799369
fanout292,VPWR,li1,216.2000,84.3200,1.798951
fanout291,VPWR,li1,178.0200,193.1200,1.799850
fanout290,VPWR,li1,215.7400,78.8800,1.799675
fanout289,VPWR,li1,34.5000,89.7600,1.799654
fanout288,VPWR,li1,72.4500,214.8800,1.799903
fanout287,VPWR,li1,16.1000,209.4400,1.799968
fanout286,VPWR,li1,15.1800,111.5200,1.799954
fanout285,VPWR,li1,350.0600,111.5200,1.799871
fanout284,VPWR,li1,350.9800,84.3200,1.799374
fanout283,VPWR,li1,132.0200,116.9600,1.798994
fanout282,VPWR,li1,126.0400,160.4800,1.799364
fanout281,VPWR,li1,133.4000,106.0800,1.799238
fanout280,VPWR,li1,126.0400,155.0400,1.798935
fanout279,VPWR,li1,126.9600,111.5200,1.799767
fanout278,VPWR,li1,171.3500,176.8000,1.799855
fanout277,VPWR,li1,176.1800,57.1200,1.799882
fanout276,VPWR,li1,185.1500,171.3600,1.799871
fanout275,VPWR,li1,168.8200,62.5600,1.799864
fanout274,VPWR,li1,173.8800,57.1200,1.799887
fanout273,VPWR,li1,171.5800,116.9600,1.799387
fanout272,VPWR,li1,157.7800,62.5600,1.799821
fanout271,VPWR,li1,377.2000,138.7200,1.798858
fanout270,VPWR,li1,365.2400,280.1600,1.799801
fanout269,VPWR,li1,377.6600,144.1600,1.798293
fanout268,VPWR,li1,164.2200,138.7200,1.799444
fanout267,VPWR,li1,175.2600,329.1200,1.798715
fanout266,VPWR,li1,166.0600,138.7200,1.799458
fanout265,VPWR,li1,369.3800,291.0400,1.799935
fanout264,VPWR,li1,369.8400,280.1600,1.799795
fanout263,VPWR,li1,366.1600,296.4800,1.799896
fanout262,VPWR,li1,368.4600,285.6000,1.799898
fanout261,VPWR,li1,372.3700,291.0400,1.799935
fanout260,VPWR,li1,370.7600,291.0400,1.799935
fanout259,VPWR,li1,318.3200,345.4400,1.799768
fanout258,VPWR,li1,284.2800,361.7600,1.799570
fanout257,VPWR,li1,317.4000,345.4400,1.799768
fanout256,VPWR,li1,291.1800,356.3200,1.799758
fanout255,VPWR,li1,317.8600,350.8800,1.799940
fanout254,VPWR,li1,303.1400,350.8800,1.799909
fanout253,VPWR,li1,325.2200,340.0000,1.798673
fanout252,VPWR,li1,170.6600,291.0400,1.799949
fanout251,VPWR,li1,157.3200,280.1600,1.799718
fanout250,VPWR,li1,85.7900,138.7200,1.799583
fanout249,VPWR,li1,94.3000,301.9200,1.799837
max_cap248,VPWR,li1,218.2700,214.8800,1.799803
fanout247,VPWR,li1,138.0000,116.9600,1.798979
max_cap246,VPWR,li1,39.7900,84.3200,1.799344
max_cap245,VPWR,li1,311.1900,193.1200,1.799710
max_cap244,VPWR,li1,219.1900,78.8800,1.799669
max_cap243,VPWR,li1,174.3400,258.4000,1.799828
max_cap242,VPWR,li1,157.0900,258.4000,1.799658
max_cap241,VPWR,li1,320.6200,242.0800,1.799742
max_cap240,VPWR,li1,269.5600,236.6400,1.799690
max_cap239,VPWR,li1,55.8900,171.3600,1.799720
max_cap238,VPWR,li1,63.7100,155.0400,1.799414
max_cap237,VPWR,li1,59.8000,165.9200,1.799745
max_cap236,VPWR,li1,63.0200,116.9600,1.799379
max_cap235,VPWR,li1,257.1400,182.2400,1.799576
max_cap234,VPWR,li1,265.6500,160.4800,1.799150
max_cap233,VPWR,li1,243.5700,116.9600,1.799228
max_cap232,VPWR,li1,194.3500,274.7200,1.799466
max_cap231,VPWR,li1,348.4500,247.5200,1.799531
max_cap230,VPWR,li1,86.2500,176.8000,1.799480
max_cap229,VPWR,li1,283.5900,193.1200,1.799675
max_cap228,VPWR,li1,188.3700,296.4800,1.799762
max_cap227,VPWR,li1,355.8100,269.2800,1.799363
max_cap226,VPWR,li1,77.2800,187.6800,1.799041
output225,VPWR,li1,377.6600,334.5600,1.795177
output224,VPWR,li1,377.6600,340.0000,1.798261
output223,VPWR,li1,377.6600,301.9200,1.799139
output222,VPWR,li1,377.6600,285.6000,1.799889
output221,VPWR,li1,377.6600,274.7200,1.799362
output220,VPWR,li1,377.6600,269.2800,1.799300
output219,VPWR,li1,377.6600,252.9600,1.799672
output218,VPWR,li1,375.8200,242.0800,1.799608
output217,VPWR,li1,377.6600,242.0800,1.799606
output216,VPWR,li1,265.4200,383.5200,1.799724
output215,VPWR,li1,268.6400,383.5200,1.799729
output214,VPWR,li1,284.7400,383.5200,1.799771
output213,VPWR,li1,377.6600,350.8800,1.799916
output212,VPWR,li1,377.6600,350.8800,1.799916
output211,VPWR,li1,377.6600,345.4400,1.799538
output210,VPWR,li1,372.6000,231.2000,1.799877
output209,VPWR,li1,204.2400,13.6000,1.799795
output208,VPWR,li1,201.0200,13.6000,1.799802
output207,VPWR,li1,7.8200,187.6800,1.799809
output206,VPWR,li1,7.8200,198.5600,1.799949
output205,VPWR,li1,7.8200,193.1200,1.799841
output204,VPWR,li1,7.8200,204.0000,1.799948
output203,VPWR,li1,7.8200,204.0000,1.799948
output202,VPWR,li1,7.8200,193.1200,1.799841
output201,VPWR,li1,7.8200,182.2400,1.799903
output200,VPWR,li1,179.8600,13.6000,1.799900
output199,VPWR,li1,181.7000,13.6000,1.799879
output198,VPWR,li1,188.1400,13.6000,1.799850
output197,VPWR,li1,191.3600,13.6000,1.799830
output196,VPWR,li1,223.5600,13.6000,1.799786
output195,VPWR,li1,207.4600,13.6000,1.799788
output194,VPWR,li1,7.8200,176.8000,1.799906
output193,VPWR,li1,377.6600,182.2400,1.799321
output192,VPWR,li1,375.8200,176.8000,1.799786
output191,VPWR,li1,375.8200,187.6800,1.799398
output190,VPWR,li1,377.6600,187.6800,1.799396
output189,VPWR,li1,377.6600,198.5600,1.799734
output188,VPWR,li1,377.6600,204.0000,1.799507
output187,VPWR,li1,377.6600,214.8800,1.799889
output186,VPWR,li1,377.6600,209.4400,1.799843
output185,VPWR,li1,375.8200,198.5600,1.799737
output184,VPWR,li1,377.6600,46.2400,1.799812
output183,VPWR,li1,377.6600,62.5600,1.798992
output182,VPWR,li1,375.8200,106.0800,1.797769
output181,VPWR,li1,377.6600,111.5200,1.799842
output180,VPWR,li1,377.6600,155.0400,1.798196
output179,VPWR,li1,377.6600,160.4800,1.797605
output178,VPWR,li1,377.6600,165.9200,1.799573
output177,VPWR,li1,181.7000,383.5200,1.799830
output176,VPWR,li1,184.9200,383.5200,1.799805
output175,VPWR,li1,188.1400,383.5200,1.799773
output174,VPWR,li1,194.5800,383.5200,1.799738
output173,VPWR,li1,204.2400,383.5200,1.799709
output172,VPWR,li1,201.0200,383.5200,1.799717
output171,VPWR,li1,207.4600,383.5200,1.799704
output170,VPWR,li1,210.6800,383.5200,1.799702
output169,VPWR,li1,197.8000,383.5200,1.799724
output168,VPWR,li1,97.9800,383.5200,1.799770
output167,VPWR,li1,101.2000,383.5200,1.799765
output166,VPWR,li1,120.5200,383.5200,1.799753
output165,VPWR,li1,130.1800,383.5200,1.799758
output164,VPWR,li1,152.7200,383.5200,1.799793
output163,VPWR,li1,159.1600,383.5200,1.799810
output162,VPWR,li1,191.3600,383.5200,1.799755
input161,VPWR,li1,377.2000,258.4000,1.799634
input160,VPWR,li1,275.0800,383.5200,1.799741
input159,VPWR,li1,377.8900,258.4000,1.799634
input158,VPWR,li1,376.0500,274.7200,1.799362
input157,VPWR,li1,376.2800,247.5200,1.799447
input156,VPWR,li1,377.8900,236.6400,1.799755
input155,VPWR,li1,377.8900,242.0800,1.799606
input154,VPWR,li1,374.6700,231.2000,1.799876
input153,VPWR,li1,7.8200,78.8800,1.799904
input152,VPWR,li1,8.9700,127.8400,1.799895
input151,VPWR,li1,7.5900,127.8400,1.799895
input150,VPWR,li1,8.9700,127.8400,1.799895
input149,VPWR,li1,9.2000,111.5200,1.799953
input148,VPWR,li1,21.3900,155.0400,1.799870
input147,VPWR,li1,25.0700,155.0400,1.799841
input146,VPWR,li1,7.5900,106.0800,1.799902
input145,VPWR,li1,233.2200,13.6000,1.799797
input144,VPWR,li1,252.3100,13.6000,1.799826
input143,VPWR,li1,249.0900,13.6000,1.799819
input142,VPWR,li1,247.2500,13.6000,1.799816
input141,VPWR,li1,236.4400,13.6000,1.799800
input140,VPWR,li1,244.2600,13.6000,1.799813
input139,VPWR,li1,255.5300,13.6000,1.799832
input138,VPWR,li1,239.4300,13.6000,1.799806
input137,VPWR,li1,7.8200,258.4000,1.799927
input136,VPWR,li1,7.8200,258.4000,1.799927
input135,VPWR,li1,7.5900,252.9600,1.799935
input134,VPWR,li1,7.5900,247.5200,1.799959
input133,VPWR,li1,7.5900,242.0800,1.799890
input132,VPWR,li1,9.2000,236.6400,1.799913
input131,VPWR,li1,7.5900,242.0800,1.799890
input130,VPWR,li1,11.7300,231.2000,1.799911
input129,VPWR,li1,262.2000,383.5200,1.799722
input128,VPWR,li1,291.1800,383.5200,1.799795
input127,VPWR,li1,300.6100,383.5200,1.799832
input126,VPWR,li1,304.0600,383.5200,1.799840
input125,VPWR,li1,377.8900,285.6000,1.799889
input124,VPWR,li1,377.8900,280.1600,1.799790
input123,VPWR,li1,377.8900,274.7200,1.799362
input122,VPWR,li1,377.6600,263.8400,1.799507
input121,VPWR,li1,7.8200,116.9600,1.799860
input120,VPWR,li1,126.7300,13.6000,1.799935
input119,VPWR,li1,123.5100,13.6000,1.799936
input118,VPWR,li1,117.3000,13.6000,1.799940
input117,VPWR,li1,24.1500,155.0400,1.799841
input116,VPWR,li1,7.5900,171.3600,1.799921
input115,VPWR,li1,17.2500,133.2800,1.799952
input114,VPWR,li1,7.5900,165.9200,1.799932
input113,VPWR,li1,258.7500,13.6000,1.799838
input112,VPWR,li1,377.8900,78.8800,1.799790
input111,VPWR,li1,377.8900,73.4400,1.799738
input110,VPWR,li1,377.6600,84.3200,1.799366
input109,VPWR,li1,377.8900,100.6400,1.794486
input108,VPWR,li1,376.2800,95.2000,1.799550
input107,VPWR,li1,377.6600,106.0800,1.797769
input106,VPWR,li1,377.6600,144.1600,1.798293
input105,VPWR,li1,7.8200,285.6000,1.799937
input104,VPWR,li1,7.8200,301.9200,1.799971
input103,VPWR,li1,7.5900,296.4800,1.799954
input102,VPWR,li1,7.8200,291.0400,1.799973
input101,VPWR,li1,136.3900,383.5200,1.799766
input100,VPWR,li1,139.6100,383.5200,1.799771
input99,VPWR,li1,143.0600,383.5200,1.799776
input98,VPWR,li1,162.3800,383.5200,1.799817
input97,VPWR,li1,278.7600,383.5200,1.799754
input96,VPWR,li1,307.0500,383.5200,1.799852
input95,VPWR,li1,310.2700,383.5200,1.799864
input94,VPWR,li1,313.4900,383.5200,1.799877
input93,VPWR,li1,316.7100,383.5200,1.799897
input92,VPWR,li1,377.8900,296.4800,1.799896
input91,VPWR,li1,377.8900,296.4800,1.799896
input90,VPWR,li1,377.8900,291.0400,1.799935
input89,VPWR,li1,21.1600,13.6000,1.799992
input88,VPWR,li1,155.7100,13.6000,1.799926
input87,VPWR,li1,184.9200,13.6000,1.799861
input86,VPWR,li1,176.6400,13.6000,1.799923
input85,VPWR,li1,173.4200,13.6000,1.799923
input84,VPWR,li1,146.2800,13.6000,1.799927
input83,VPWR,li1,142.8300,13.6000,1.799929
input82,VPWR,li1,139.6100,13.6000,1.799930
input81,VPWR,li1,264.9600,13.6000,1.799846
input80,VPWR,li1,377.8900,78.8800,1.799790
input79,VPWR,li1,377.8900,84.3200,1.799366
input78,VPWR,li1,377.8900,95.2000,1.799550
input77,VPWR,li1,377.8900,89.7600,1.799453
input76,VPWR,li1,376.2800,133.2800,1.799765
input75,VPWR,li1,377.8900,133.2800,1.799765
input74,VPWR,li1,377.8900,127.8400,1.799602
input73,VPWR,li1,8.2800,340.0000,1.799632
input72,VPWR,li1,146.0500,383.5200,1.799781
input71,VPWR,li1,149.2700,383.5200,1.799785
input70,VPWR,li1,155.7100,383.5200,1.799801
input69,VPWR,li1,165.3700,383.5200,1.799829
input68,VPWR,li1,168.5900,383.5200,1.799841
input67,VPWR,li1,171.8100,383.5200,1.799854
input66,VPWR,li1,175.0300,383.5200,1.799873
input65,VPWR,li1,373.9800,187.6800,1.799402
input64,VPWR,li1,377.6600,176.8000,1.799786
input63,VPWR,li1,377.6600,176.8000,1.799786
input62,VPWR,li1,377.8900,225.7600,1.799844
input61,VPWR,li1,377.8900,220.3200,1.799929
input60,VPWR,li1,377.2000,171.3600,1.799843
input59,VPWR,li1,377.8900,214.8800,1.799889
input58,VPWR,li1,377.8900,220.3200,1.799929
input57,VPWR,li1,22.7700,95.2000,1.799802
input56,VPWR,li1,9.2000,84.3200,1.799758
input55,VPWR,li1,16.3300,78.8800,1.799908
input54,VPWR,li1,7.5900,127.8400,1.799895
input53,VPWR,li1,7.5900,68.0000,1.799935
input52,VPWR,li1,7.8200,95.2000,1.799830
input51,VPWR,li1,19.5500,160.4800,1.799913
input50,VPWR,li1,15.8700,138.7200,1.799923
input49,VPWR,li1,194.3500,13.6000,1.799820
input48,VPWR,li1,217.1200,13.6000,1.799786
input47,VPWR,li1,197.5700,13.6000,1.799809
input46,VPWR,li1,210.4500,13.6000,1.799787
input45,VPWR,li1,220.1100,13.6000,1.799786
input44,VPWR,li1,214.3600,13.6000,1.799786
input43,VPWR,li1,226.5500,13.6000,1.799788
input42,VPWR,li1,229.5400,13.6000,1.799790
input41,VPWR,li1,9.2000,225.7600,1.799931
input40,VPWR,li1,7.8200,187.6800,1.799809
input39,VPWR,li1,7.5900,209.4400,1.799965
input38,VPWR,li1,11.2700,220.3200,1.799957
input37,VPWR,li1,7.5900,225.7600,1.799931
input36,VPWR,li1,7.8200,214.8800,1.799961
input35,VPWR,li1,9.4300,214.8800,1.799961
input34,VPWR,li1,7.8200,231.2000,1.799910
input33,VPWR,li1,377.2000,51.6800,1.798231
input32,VPWR,li1,8.2800,171.3600,1.799921
input31,VPWR,li1,8.2800,106.0800,1.799902
input30,VPWR,li1,7.5900,263.8400,1.799910
input29,VPWR,li1,13.5700,116.9600,1.799861
input28,VPWR,li1,7.8200,247.5200,1.799959
input27,VPWR,li1,7.8200,149.6000,1.799814
input26,VPWR,li1,8.2800,138.7200,1.799921
input25,VPWR,li1,377.6600,116.9600,1.799516
input24,VPWR,li1,7.5900,285.6000,1.799937
input23,VPWR,li1,7.8200,274.7200,1.799853
input22,VPWR,li1,7.8200,280.1600,1.799857
input21,VPWR,li1,8.2800,296.4800,1.799954
input20,VPWR,li1,7.5900,274.7200,1.799853
input19,VPWR,li1,377.8900,111.5200,1.799842
input18,VPWR,li1,377.2000,138.7200,1.798858
input17,VPWR,li1,377.6600,122.4000,1.799313
input16,VPWR,li1,319.9300,383.5200,1.799911
input15,VPWR,li1,323.8400,383.5200,1.799927
input14,VPWR,li1,329.3600,383.5200,1.799950
input13,VPWR,li1,331.4300,383.5200,1.799950
input12,VPWR,li1,336.0300,383.5200,1.799949
input11,VPWR,li1,332.8100,383.5200,1.799950
input10,VPWR,li1,342.2400,383.5200,1.799948
input9,VPWR,li1,374.9000,138.7200,1.798859
input8,VPWR,li1,13.3400,95.2000,1.799832
input7,VPWR,li1,11.9600,68.0000,1.799936
input6,VPWR,li1,17.7100,78.8800,1.799908
input5,VPWR,li1,10.5800,95.2000,1.799831
input4,VPWR,li1,10.5800,62.5600,1.799953
input3,VPWR,li1,8.9700,73.4400,1.799900
input2,VPWR,li1,7.5900,176.8000,1.799906
input1,VPWR,li1,7.8200,122.4000,1.799896
TAP_TAPCELL_ROW_136_2219,VPWR,li1,366.3900,383.2130,1.799948
TAP_TAPCELL_ROW_136_2218,VPWR,li1,353.5100,383.2130,1.799948
TAP_TAPCELL_ROW_136_2217,VPWR,li1,340.6300,383.2130,1.799948
TAP_TAPCELL_ROW_136_2216,VPWR,li1,327.7500,383.2130,1.799938
TAP_TAPCELL_ROW_136_2215,VPWR,li1,314.8700,383.2130,1.799888
TAP_TAPCELL_ROW_136_2214,VPWR,li1,301.9900,383.2130,1.799832
TAP_TAPCELL_ROW_136_2213,VPWR,li1,289.1100,383.2130,1.799787
TAP_TAPCELL_ROW_136_2212,VPWR,li1,276.2300,383.2130,1.799748
TAP_TAPCELL_ROW_136_2211,VPWR,li1,263.3500,383.2130,1.799723
TAP_TAPCELL_ROW_136_2210,VPWR,li1,250.4700,383.2130,1.799717
TAP_TAPCELL_ROW_136_2209,VPWR,li1,237.5900,383.2130,1.799713
TAP_TAPCELL_ROW_136_2208,VPWR,li1,224.7100,383.2130,1.799708
TAP_TAPCELL_ROW_136_2207,VPWR,li1,211.8300,383.2130,1.799703
TAP_TAPCELL_ROW_136_2206,VPWR,li1,198.9500,383.2130,1.799724
TAP_TAPCELL_ROW_136_2205,VPWR,li1,186.0700,383.2130,1.799787
TAP_TAPCELL_ROW_136_2204,VPWR,li1,173.1900,383.2130,1.799864
TAP_TAPCELL_ROW_136_2203,VPWR,li1,160.3100,383.2130,1.799810
TAP_TAPCELL_ROW_136_2202,VPWR,li1,147.4300,383.2130,1.799781
TAP_TAPCELL_ROW_136_2201,VPWR,li1,134.5500,383.2130,1.799764
TAP_TAPCELL_ROW_136_2200,VPWR,li1,121.6700,383.2130,1.799754
TAP_TAPCELL_ROW_136_2199,VPWR,li1,108.7900,383.2130,1.799760
TAP_TAPCELL_ROW_136_2198,VPWR,li1,95.9100,383.2130,1.799778
TAP_TAPCELL_ROW_136_2197,VPWR,li1,83.0300,383.2130,1.799812
TAP_TAPCELL_ROW_136_2196,VPWR,li1,70.1500,383.2130,1.799846
TAP_TAPCELL_ROW_136_2195,VPWR,li1,57.2700,383.2130,1.799881
TAP_TAPCELL_ROW_136_2194,VPWR,li1,44.3900,383.2130,1.799915
TAP_TAPCELL_ROW_136_2193,VPWR,li1,31.5100,383.2130,1.799949
TAP_TAPCELL_ROW_136_2192,VPWR,li1,18.6300,383.2130,1.799973
TAP_TAPCELL_ROW_135_2191,VPWR,li1,366.3900,378.3860,1.799999
TAP_TAPCELL_ROW_135_2190,VPWR,li1,340.6300,378.3860,1.799999
TAP_TAPCELL_ROW_135_2189,VPWR,li1,314.8700,378.3860,1.799998
TAP_TAPCELL_ROW_135_2188,VPWR,li1,289.1100,378.3860,1.799996
TAP_TAPCELL_ROW_135_2187,VPWR,li1,263.3500,378.3860,1.799994
TAP_TAPCELL_ROW_135_2186,VPWR,li1,237.5900,378.3860,1.799992
TAP_TAPCELL_ROW_135_2185,VPWR,li1,211.8300,378.3860,1.799990
TAP_TAPCELL_ROW_135_2184,VPWR,li1,186.0700,378.3860,1.799988
TAP_TAPCELL_ROW_135_2183,VPWR,li1,160.3100,378.3860,1.799991
TAP_TAPCELL_ROW_135_2182,VPWR,li1,134.5500,378.3860,1.799988
TAP_TAPCELL_ROW_135_2181,VPWR,li1,108.7900,378.3860,1.799990
TAP_TAPCELL_ROW_135_2180,VPWR,li1,83.0300,378.3860,1.799993
TAP_TAPCELL_ROW_135_2179,VPWR,li1,57.2700,378.3860,1.799995
TAP_TAPCELL_ROW_135_2178,VPWR,li1,31.5100,378.3860,1.799998
TAP_TAPCELL_ROW_134_2177,VPWR,li1,353.5100,377.7730,1.799999
TAP_TAPCELL_ROW_134_2176,VPWR,li1,327.7500,377.7730,1.799999
TAP_TAPCELL_ROW_134_2175,VPWR,li1,301.9900,377.7730,1.799997
TAP_TAPCELL_ROW_134_2174,VPWR,li1,276.2300,377.7730,1.799995
TAP_TAPCELL_ROW_134_2173,VPWR,li1,250.4700,377.7730,1.799993
TAP_TAPCELL_ROW_134_2172,VPWR,li1,224.7100,377.7730,1.799991
TAP_TAPCELL_ROW_134_2171,VPWR,li1,198.9500,377.7730,1.799989
TAP_TAPCELL_ROW_134_2170,VPWR,li1,173.1900,377.7730,1.799992
TAP_TAPCELL_ROW_134_2169,VPWR,li1,147.4300,377.7730,1.799989
TAP_TAPCELL_ROW_134_2168,VPWR,li1,121.6700,377.7730,1.799989
TAP_TAPCELL_ROW_134_2167,VPWR,li1,95.9100,377.7730,1.799992
TAP_TAPCELL_ROW_134_2166,VPWR,li1,70.1500,377.7730,1.799994
TAP_TAPCELL_ROW_134_2165,VPWR,li1,44.3900,377.7730,1.799997
TAP_TAPCELL_ROW_134_2164,VPWR,li1,18.6300,377.7730,1.799999
TAP_TAPCELL_ROW_133_2163,VPWR,li1,366.3900,372.9460,1.799979
TAP_TAPCELL_ROW_133_2162,VPWR,li1,340.6300,372.9460,1.799979
TAP_TAPCELL_ROW_133_2161,VPWR,li1,314.8700,372.9460,1.799953
TAP_TAPCELL_ROW_133_2160,VPWR,li1,289.1100,372.9460,1.799899
TAP_TAPCELL_ROW_133_2159,VPWR,li1,263.3500,372.9460,1.799846
TAP_TAPCELL_ROW_133_2158,VPWR,li1,237.5900,372.9460,1.799793
TAP_TAPCELL_ROW_133_2157,VPWR,li1,211.8300,372.9460,1.799739
TAP_TAPCELL_ROW_133_2156,VPWR,li1,186.0700,372.9460,1.799719
TAP_TAPCELL_ROW_133_2155,VPWR,li1,160.3100,372.9460,1.799333
TAP_TAPCELL_ROW_133_2154,VPWR,li1,134.5500,372.9460,1.798733
TAP_TAPCELL_ROW_133_2153,VPWR,li1,108.7900,372.9460,1.798272
TAP_TAPCELL_ROW_133_2152,VPWR,li1,83.0300,372.9460,1.798617
TAP_TAPCELL_ROW_133_2151,VPWR,li1,57.2700,372.9460,1.799109
TAP_TAPCELL_ROW_133_2150,VPWR,li1,31.5100,372.9460,1.799633
TAP_TAPCELL_ROW_132_2149,VPWR,li1,353.5100,372.3330,1.799979
TAP_TAPCELL_ROW_132_2148,VPWR,li1,327.7500,372.3330,1.799979
TAP_TAPCELL_ROW_132_2147,VPWR,li1,301.9900,372.3330,1.799926
TAP_TAPCELL_ROW_132_2146,VPWR,li1,276.2300,372.3330,1.799873
TAP_TAPCELL_ROW_132_2145,VPWR,li1,250.4700,372.3330,1.799819
TAP_TAPCELL_ROW_132_2144,VPWR,li1,224.7100,372.3330,1.799764
TAP_TAPCELL_ROW_132_2143,VPWR,li1,198.9500,372.3330,1.799718
TAP_TAPCELL_ROW_132_2142,VPWR,li1,173.1900,372.3330,1.799675
TAP_TAPCELL_ROW_132_2141,VPWR,li1,147.4300,372.3330,1.798991
TAP_TAPCELL_ROW_132_2140,VPWR,li1,121.6700,372.3330,1.798449
TAP_TAPCELL_ROW_132_2139,VPWR,li1,95.9100,372.3330,1.798399
TAP_TAPCELL_ROW_132_2138,VPWR,li1,70.1500,372.3330,1.798863
TAP_TAPCELL_ROW_132_2137,VPWR,li1,44.3900,372.3330,1.799356
TAP_TAPCELL_ROW_132_2136,VPWR,li1,18.6300,372.3330,1.799809
TAP_TAPCELL_ROW_131_2135,VPWR,li1,366.3900,367.5060,1.799897
TAP_TAPCELL_ROW_131_2134,VPWR,li1,340.6300,367.5060,1.799897
TAP_TAPCELL_ROW_131_2133,VPWR,li1,314.8700,367.5060,1.799764
TAP_TAPCELL_ROW_131_2132,VPWR,li1,289.1100,367.5060,1.799499
TAP_TAPCELL_ROW_131_2131,VPWR,li1,263.3500,367.5060,1.799234
TAP_TAPCELL_ROW_131_2130,VPWR,li1,237.5900,367.5060,1.798969
TAP_TAPCELL_ROW_131_2129,VPWR,li1,211.8300,367.5060,1.798697
TAP_TAPCELL_ROW_131_2128,VPWR,li1,186.0700,367.5060,1.798437
TAP_TAPCELL_ROW_131_2127,VPWR,li1,160.3100,367.5060,1.795986
TAP_TAPCELL_ROW_131_2126,VPWR,li1,134.5500,367.5060,1.792530
TAP_TAPCELL_ROW_131_2125,VPWR,li1,108.7900,367.5060,1.790794
TAP_TAPCELL_ROW_131_2124,VPWR,li1,83.0300,367.5060,1.791718
TAP_TAPCELL_ROW_131_2123,VPWR,li1,57.2700,367.5060,1.794667
TAP_TAPCELL_ROW_131_2122,VPWR,li1,31.5100,367.5060,1.797801
TAP_TAPCELL_ROW_130_2121,VPWR,li1,353.5100,366.8930,1.799897
TAP_TAPCELL_ROW_130_2120,VPWR,li1,327.7500,366.8930,1.799897
TAP_TAPCELL_ROW_130_2119,VPWR,li1,301.9900,366.8930,1.799632
TAP_TAPCELL_ROW_130_2118,VPWR,li1,276.2300,366.8930,1.799367
TAP_TAPCELL_ROW_130_2117,VPWR,li1,250.4700,366.8930,1.799102
TAP_TAPCELL_ROW_130_2116,VPWR,li1,224.7100,366.8930,1.798836
TAP_TAPCELL_ROW_130_2115,VPWR,li1,198.9500,366.8930,1.798571
TAP_TAPCELL_ROW_130_2114,VPWR,li1,173.1900,366.8930,1.797915
TAP_TAPCELL_ROW_130_2113,VPWR,li1,147.4300,366.8930,1.793839
TAP_TAPCELL_ROW_130_2112,VPWR,li1,121.6700,366.8930,1.791633
TAP_TAPCELL_ROW_130_2111,VPWR,li1,95.9100,366.8930,1.791064
TAP_TAPCELL_ROW_130_2110,VPWR,li1,70.1500,366.8930,1.793193
TAP_TAPCELL_ROW_130_2109,VPWR,li1,44.3900,366.8930,1.796142
TAP_TAPCELL_ROW_130_2108,VPWR,li1,18.6300,366.8930,1.798855
TAP_TAPCELL_ROW_129_2107,VPWR,li1,366.3900,362.0660,1.799922
TAP_TAPCELL_ROW_129_2106,VPWR,li1,340.6300,362.0660,1.799922
TAP_TAPCELL_ROW_129_2105,VPWR,li1,314.8700,362.0660,1.799821
TAP_TAPCELL_ROW_129_2104,VPWR,li1,289.1100,362.0660,1.799608
TAP_TAPCELL_ROW_129_2103,VPWR,li1,263.3500,362.0660,1.799490
TAP_TAPCELL_ROW_129_2102,VPWR,li1,237.5900,362.0660,1.799421
TAP_TAPCELL_ROW_129_2101,VPWR,li1,211.8300,362.0660,1.799357
TAP_TAPCELL_ROW_129_2100,VPWR,li1,186.0700,362.0660,1.799312
TAP_TAPCELL_ROW_129_2099,VPWR,li1,160.3100,362.0660,1.798355
TAP_TAPCELL_ROW_129_2098,VPWR,li1,134.5500,362.0660,1.797443
TAP_TAPCELL_ROW_129_2097,VPWR,li1,108.7900,362.0660,1.797891
TAP_TAPCELL_ROW_129_2096,VPWR,li1,83.0300,362.0660,1.798336
TAP_TAPCELL_ROW_129_2095,VPWR,li1,57.2700,362.0660,1.798929
TAP_TAPCELL_ROW_129_2094,VPWR,li1,31.5100,362.0660,1.799558
TAP_TAPCELL_ROW_128_2093,VPWR,li1,353.5100,361.4530,1.799922
TAP_TAPCELL_ROW_128_2092,VPWR,li1,327.7500,361.4530,1.799922
TAP_TAPCELL_ROW_128_2091,VPWR,li1,301.9900,361.4530,1.799721
TAP_TAPCELL_ROW_128_2090,VPWR,li1,276.2300,361.4530,1.799529
TAP_TAPCELL_ROW_128_2089,VPWR,li1,250.4700,361.4530,1.799449
TAP_TAPCELL_ROW_128_2088,VPWR,li1,224.7100,361.4530,1.799389
TAP_TAPCELL_ROW_128_2087,VPWR,li1,198.9500,361.4530,1.799327
TAP_TAPCELL_ROW_128_2086,VPWR,li1,173.1900,361.4530,1.799147
TAP_TAPCELL_ROW_128_2085,VPWR,li1,147.4300,361.4530,1.797537
TAP_TAPCELL_ROW_128_2084,VPWR,li1,121.6700,361.4530,1.797655
TAP_TAPCELL_ROW_128_2083,VPWR,li1,95.9100,361.4530,1.798103
TAP_TAPCELL_ROW_128_2082,VPWR,li1,70.1500,361.4530,1.798632
TAP_TAPCELL_ROW_128_2081,VPWR,li1,44.3900,361.4530,1.799225
TAP_TAPCELL_ROW_128_2080,VPWR,li1,18.6300,361.4530,1.799770
TAP_TAPCELL_ROW_127_2079,VPWR,li1,366.3900,356.6260,1.799949
TAP_TAPCELL_ROW_127_2078,VPWR,li1,340.6300,356.6260,1.799949
TAP_TAPCELL_ROW_127_2077,VPWR,li1,314.8700,356.6260,1.799878
TAP_TAPCELL_ROW_127_2076,VPWR,li1,289.1100,356.6260,1.799748
TAP_TAPCELL_ROW_127_2075,VPWR,li1,263.3500,356.6260,1.799667
TAP_TAPCELL_ROW_127_2074,VPWR,li1,237.5900,356.6260,1.799684
TAP_TAPCELL_ROW_127_2073,VPWR,li1,211.8300,356.6260,1.799709
TAP_TAPCELL_ROW_127_2072,VPWR,li1,186.0700,356.6260,1.799758
TAP_TAPCELL_ROW_127_2071,VPWR,li1,160.3100,356.6260,1.799734
TAP_TAPCELL_ROW_127_2070,VPWR,li1,134.5500,356.6260,1.799610
TAP_TAPCELL_ROW_127_2069,VPWR,li1,108.7900,356.6260,1.799671
TAP_TAPCELL_ROW_127_2068,VPWR,li1,83.0300,356.6260,1.799739
TAP_TAPCELL_ROW_127_2067,VPWR,li1,57.2700,356.6260,1.799828
TAP_TAPCELL_ROW_127_2066,VPWR,li1,31.5100,356.6260,1.799929
TAP_TAPCELL_ROW_126_2065,VPWR,li1,353.5100,356.0130,1.799949
TAP_TAPCELL_ROW_126_2064,VPWR,li1,327.7500,356.0130,1.799949
TAP_TAPCELL_ROW_126_2063,VPWR,li1,301.9900,356.0130,1.799816
TAP_TAPCELL_ROW_126_2062,VPWR,li1,276.2300,356.0130,1.799697
TAP_TAPCELL_ROW_126_2061,VPWR,li1,250.4700,356.0130,1.799673
TAP_TAPCELL_ROW_126_2060,VPWR,li1,224.7100,356.0130,1.799696
TAP_TAPCELL_ROW_126_2059,VPWR,li1,198.9500,356.0130,1.799723
TAP_TAPCELL_ROW_126_2058,VPWR,li1,173.1900,356.0130,1.799825
TAP_TAPCELL_ROW_126_2057,VPWR,li1,147.4300,356.0130,1.799645
TAP_TAPCELL_ROW_126_2056,VPWR,li1,121.6700,356.0130,1.799638
TAP_TAPCELL_ROW_126_2055,VPWR,li1,95.9100,356.0130,1.799702
TAP_TAPCELL_ROW_126_2054,VPWR,li1,70.1500,356.0130,1.799783
TAP_TAPCELL_ROW_126_2053,VPWR,li1,44.3900,356.0130,1.799876
TAP_TAPCELL_ROW_126_2052,VPWR,li1,18.6300,356.0130,1.799963
TAP_TAPCELL_ROW_125_2051,VPWR,li1,366.3900,351.1860,1.799926
TAP_TAPCELL_ROW_125_2050,VPWR,li1,340.6300,351.1860,1.799952
TAP_TAPCELL_ROW_125_2049,VPWR,li1,314.8700,351.1860,1.799933
TAP_TAPCELL_ROW_125_2048,VPWR,li1,289.1100,351.1860,1.799881
TAP_TAPCELL_ROW_125_2047,VPWR,li1,263.3500,351.1860,1.799841
TAP_TAPCELL_ROW_125_2046,VPWR,li1,237.5900,351.1860,1.799819
TAP_TAPCELL_ROW_125_2045,VPWR,li1,211.8300,351.1860,1.799806
TAP_TAPCELL_ROW_125_2044,VPWR,li1,186.0700,351.1860,1.799807
TAP_TAPCELL_ROW_125_2043,VPWR,li1,160.3100,351.1860,1.799627
TAP_TAPCELL_ROW_125_2042,VPWR,li1,134.5500,351.1860,1.799643
TAP_TAPCELL_ROW_125_2041,VPWR,li1,108.7900,351.1860,1.799687
TAP_TAPCELL_ROW_125_2040,VPWR,li1,83.0300,351.1860,1.799760
TAP_TAPCELL_ROW_125_2039,VPWR,li1,57.2700,351.1860,1.799842
TAP_TAPCELL_ROW_125_2038,VPWR,li1,31.5100,351.1860,1.799933
TAP_TAPCELL_ROW_124_2037,VPWR,li1,353.5100,350.5730,1.799939
TAP_TAPCELL_ROW_124_2036,VPWR,li1,327.7500,350.5730,1.799965
TAP_TAPCELL_ROW_124_2035,VPWR,li1,301.9900,350.5730,1.799904
TAP_TAPCELL_ROW_124_2034,VPWR,li1,276.2300,350.5730,1.799858
TAP_TAPCELL_ROW_124_2033,VPWR,li1,250.4700,350.5730,1.799829
TAP_TAPCELL_ROW_124_2032,VPWR,li1,224.7100,350.5730,1.799812
TAP_TAPCELL_ROW_124_2031,VPWR,li1,198.9500,350.5730,1.799800
TAP_TAPCELL_ROW_124_2030,VPWR,li1,173.1900,350.5730,1.799777
TAP_TAPCELL_ROW_124_2029,VPWR,li1,147.4300,350.5730,1.799628
TAP_TAPCELL_ROW_124_2028,VPWR,li1,121.6700,350.5730,1.799663
TAP_TAPCELL_ROW_124_2027,VPWR,li1,95.9100,350.5730,1.799719
TAP_TAPCELL_ROW_124_2026,VPWR,li1,70.1500,350.5730,1.799800
TAP_TAPCELL_ROW_124_2025,VPWR,li1,44.3900,350.5730,1.799883
TAP_TAPCELL_ROW_124_2024,VPWR,li1,18.6300,350.5730,1.799965
TAP_TAPCELL_ROW_123_2023,VPWR,li1,366.3900,345.7460,1.799582
TAP_TAPCELL_ROW_123_2022,VPWR,li1,340.6300,345.7460,1.799718
TAP_TAPCELL_ROW_123_2021,VPWR,li1,314.8700,345.7460,1.799752
TAP_TAPCELL_ROW_123_2020,VPWR,li1,289.1100,345.7460,1.799594
TAP_TAPCELL_ROW_123_2019,VPWR,li1,263.3500,345.7460,1.799455
TAP_TAPCELL_ROW_123_2018,VPWR,li1,237.5900,345.7460,1.799343
TAP_TAPCELL_ROW_123_2017,VPWR,li1,211.8300,345.7460,1.799251
TAP_TAPCELL_ROW_123_2016,VPWR,li1,186.0700,345.7460,1.799221
TAP_TAPCELL_ROW_123_2015,VPWR,li1,160.3100,345.7460,1.798775
TAP_TAPCELL_ROW_123_2014,VPWR,li1,134.5500,345.7460,1.798576
TAP_TAPCELL_ROW_123_2013,VPWR,li1,108.7900,345.7460,1.798834
TAP_TAPCELL_ROW_123_2012,VPWR,li1,83.0300,345.7460,1.799101
TAP_TAPCELL_ROW_123_2011,VPWR,li1,57.2700,345.7460,1.799407
TAP_TAPCELL_ROW_123_2010,VPWR,li1,31.5100,345.7460,1.799754
TAP_TAPCELL_ROW_122_2009,VPWR,li1,353.5100,345.1330,1.799647
TAP_TAPCELL_ROW_122_2008,VPWR,li1,327.7500,345.1330,1.799837
TAP_TAPCELL_ROW_122_2007,VPWR,li1,301.9900,345.1330,1.799665
TAP_TAPCELL_ROW_122_2006,VPWR,li1,276.2300,345.1330,1.799517
TAP_TAPCELL_ROW_122_2005,VPWR,li1,250.4700,345.1330,1.799397
TAP_TAPCELL_ROW_122_2004,VPWR,li1,224.7100,345.1330,1.799294
TAP_TAPCELL_ROW_122_2003,VPWR,li1,198.9500,345.1330,1.799216
TAP_TAPCELL_ROW_122_2002,VPWR,li1,173.1900,345.1330,1.799218
TAP_TAPCELL_ROW_122_2001,VPWR,li1,147.4300,345.1330,1.798581
TAP_TAPCELL_ROW_122_2000,VPWR,li1,121.6700,345.1330,1.798698
TAP_TAPCELL_ROW_122_1999,VPWR,li1,95.9100,345.1330,1.798978
TAP_TAPCELL_ROW_122_1998,VPWR,li1,70.1500,345.1330,1.799262
TAP_TAPCELL_ROW_122_1997,VPWR,li1,44.3900,345.1330,1.799588
TAP_TAPCELL_ROW_122_1996,VPWR,li1,18.6300,345.1330,1.799872
TAP_TAPCELL_ROW_121_1995,VPWR,li1,366.3900,340.3060,1.798292
TAP_TAPCELL_ROW_121_1994,VPWR,li1,340.6300,340.3060,1.798518
TAP_TAPCELL_ROW_121_1993,VPWR,li1,314.8700,340.3060,1.797740
TAP_TAPCELL_ROW_121_1992,VPWR,li1,289.1100,340.3060,1.795587
TAP_TAPCELL_ROW_121_1991,VPWR,li1,263.3500,340.3060,1.794292
TAP_TAPCELL_ROW_121_1990,VPWR,li1,237.5900,340.3060,1.795372
TAP_TAPCELL_ROW_121_1989,VPWR,li1,211.8300,340.3060,1.796725
TAP_TAPCELL_ROW_121_1988,VPWR,li1,186.0700,340.3060,1.798203
TAP_TAPCELL_ROW_121_1987,VPWR,li1,160.3100,340.3060,1.798050
TAP_TAPCELL_ROW_121_1986,VPWR,li1,134.5500,340.3060,1.797191
TAP_TAPCELL_ROW_121_1985,VPWR,li1,108.7900,340.3060,1.796847
TAP_TAPCELL_ROW_121_1984,VPWR,li1,83.0300,340.3060,1.797433
TAP_TAPCELL_ROW_121_1983,VPWR,li1,57.2700,340.3060,1.798303
TAP_TAPCELL_ROW_121_1982,VPWR,li1,31.5100,340.3060,1.799299
TAP_TAPCELL_ROW_120_1981,VPWR,li1,353.5100,339.6930,1.798345
TAP_TAPCELL_ROW_120_1980,VPWR,li1,327.7500,339.6930,1.798868
TAP_TAPCELL_ROW_120_1979,VPWR,li1,301.9900,339.6930,1.796711
TAP_TAPCELL_ROW_120_1978,VPWR,li1,276.2300,339.6930,1.794604
TAP_TAPCELL_ROW_120_1977,VPWR,li1,250.4700,339.6930,1.794754
TAP_TAPCELL_ROW_120_1976,VPWR,li1,224.7100,339.6930,1.796082
TAP_TAPCELL_ROW_120_1975,VPWR,li1,198.9500,339.6930,1.797409
TAP_TAPCELL_ROW_120_1974,VPWR,li1,173.1900,339.6930,1.798693
TAP_TAPCELL_ROW_120_1973,VPWR,li1,147.4300,339.6930,1.797513
TAP_TAPCELL_ROW_120_1972,VPWR,li1,121.6700,339.6930,1.797003
TAP_TAPCELL_ROW_120_1971,VPWR,li1,95.9100,339.6930,1.796989
TAP_TAPCELL_ROW_120_1970,VPWR,li1,70.1500,339.6930,1.797838
TAP_TAPCELL_ROW_120_1969,VPWR,li1,44.3900,339.6930,1.798779
TAP_TAPCELL_ROW_120_1968,VPWR,li1,18.6300,339.6930,1.799634
TAP_TAPCELL_ROW_119_1967,VPWR,li1,366.3900,334.8660,1.795188
TAP_TAPCELL_ROW_119_1966,VPWR,li1,340.6300,334.8660,1.795570
TAP_TAPCELL_ROW_119_1965,VPWR,li1,314.8700,334.8660,1.796017
TAP_TAPCELL_ROW_119_1964,VPWR,li1,289.1100,334.8660,1.793545
TAP_TAPCELL_ROW_119_1963,VPWR,li1,263.3500,334.8660,1.792589
TAP_TAPCELL_ROW_119_1962,VPWR,li1,237.5900,334.8660,1.793477
TAP_TAPCELL_ROW_119_1961,VPWR,li1,211.8300,334.8660,1.795153
TAP_TAPCELL_ROW_119_1960,VPWR,li1,186.0700,334.8660,1.797131
TAP_TAPCELL_ROW_119_1959,VPWR,li1,160.3100,334.8660,1.795981
TAP_TAPCELL_ROW_119_1958,VPWR,li1,134.5500,334.8660,1.793208
TAP_TAPCELL_ROW_119_1957,VPWR,li1,108.7900,334.8660,1.791463
TAP_TAPCELL_ROW_119_1956,VPWR,li1,83.0300,334.8660,1.792004
TAP_TAPCELL_ROW_119_1955,VPWR,li1,57.2700,334.8660,1.794182
TAP_TAPCELL_ROW_119_1954,VPWR,li1,31.5100,334.8660,1.797529
TAP_TAPCELL_ROW_118_1953,VPWR,li1,353.5100,334.2530,1.795214
TAP_TAPCELL_ROW_118_1952,VPWR,li1,327.7500,334.2530,1.797240
TAP_TAPCELL_ROW_118_1951,VPWR,li1,301.9900,334.2530,1.794829
TAP_TAPCELL_ROW_118_1950,VPWR,li1,276.2300,334.2530,1.792773
TAP_TAPCELL_ROW_118_1949,VPWR,li1,250.4700,334.2530,1.792767
TAP_TAPCELL_ROW_118_1948,VPWR,li1,224.7100,334.2530,1.794250
TAP_TAPCELL_ROW_118_1947,VPWR,li1,198.9500,334.2530,1.796210
TAP_TAPCELL_ROW_118_1946,VPWR,li1,173.1900,334.2530,1.797605
TAP_TAPCELL_ROW_118_1945,VPWR,li1,147.4300,334.2530,1.794485
TAP_TAPCELL_ROW_118_1944,VPWR,li1,121.6700,334.2530,1.792010
TAP_TAPCELL_ROW_118_1943,VPWR,li1,95.9100,334.2530,1.791567
TAP_TAPCELL_ROW_118_1942,VPWR,li1,70.1500,334.2530,1.792777
TAP_TAPCELL_ROW_118_1941,VPWR,li1,44.3900,334.2530,1.795664
TAP_TAPCELL_ROW_118_1940,VPWR,li1,18.6300,334.2530,1.798713
TAP_TAPCELL_ROW_117_1939,VPWR,li1,366.3900,329.4260,1.798092
TAP_TAPCELL_ROW_117_1938,VPWR,li1,340.6300,329.4260,1.798243
TAP_TAPCELL_ROW_117_1937,VPWR,li1,314.8700,329.4260,1.796957
TAP_TAPCELL_ROW_117_1936,VPWR,li1,289.1100,329.4260,1.794566
TAP_TAPCELL_ROW_117_1935,VPWR,li1,263.3500,329.4260,1.793739
TAP_TAPCELL_ROW_117_1934,VPWR,li1,237.5900,329.4260,1.794481
TAP_TAPCELL_ROW_117_1933,VPWR,li1,211.8300,329.4260,1.795915
TAP_TAPCELL_ROW_117_1932,VPWR,li1,186.0700,329.4260,1.797893
TAP_TAPCELL_ROW_117_1931,VPWR,li1,160.3100,329.4260,1.797997
TAP_TAPCELL_ROW_117_1930,VPWR,li1,134.5500,329.4260,1.796952
TAP_TAPCELL_ROW_117_1929,VPWR,li1,108.7900,329.4260,1.796460
TAP_TAPCELL_ROW_117_1928,VPWR,li1,83.0300,329.4260,1.796665
TAP_TAPCELL_ROW_117_1927,VPWR,li1,57.2700,329.4260,1.797489
TAP_TAPCELL_ROW_117_1926,VPWR,li1,31.5100,329.4260,1.798881
TAP_TAPCELL_ROW_116_1925,VPWR,li1,353.5100,328.8130,1.798102
TAP_TAPCELL_ROW_116_1924,VPWR,li1,327.7500,328.8130,1.798130
TAP_TAPCELL_ROW_116_1923,VPWR,li1,301.9900,328.8130,1.795554
TAP_TAPCELL_ROW_116_1922,VPWR,li1,276.2300,328.8130,1.793920
TAP_TAPCELL_ROW_116_1921,VPWR,li1,250.4700,328.8130,1.794002
TAP_TAPCELL_ROW_116_1920,VPWR,li1,224.7100,328.8130,1.795153
TAP_TAPCELL_ROW_116_1919,VPWR,li1,198.9500,328.8130,1.796841
TAP_TAPCELL_ROW_116_1918,VPWR,li1,173.1900,328.8130,1.798619
TAP_TAPCELL_ROW_116_1917,VPWR,li1,147.4300,328.8130,1.797422
TAP_TAPCELL_ROW_116_1916,VPWR,li1,121.6700,328.8130,1.796594
TAP_TAPCELL_ROW_116_1915,VPWR,li1,95.9100,328.8130,1.796500
TAP_TAPCELL_ROW_116_1914,VPWR,li1,70.1500,328.8130,1.797023
TAP_TAPCELL_ROW_116_1913,VPWR,li1,44.3900,328.8130,1.798149
TAP_TAPCELL_ROW_116_1912,VPWR,li1,18.6300,328.8130,1.799417
TAP_TAPCELL_ROW_115_1911,VPWR,li1,366.3900,323.9860,1.798286
TAP_TAPCELL_ROW_115_1910,VPWR,li1,340.6300,323.9860,1.798506
TAP_TAPCELL_ROW_115_1909,VPWR,li1,314.8700,323.9860,1.798344
TAP_TAPCELL_ROW_115_1908,VPWR,li1,289.1100,323.9860,1.797479
TAP_TAPCELL_ROW_115_1907,VPWR,li1,263.3500,323.9860,1.797249
TAP_TAPCELL_ROW_115_1906,VPWR,li1,237.5900,323.9860,1.797508
TAP_TAPCELL_ROW_115_1905,VPWR,li1,211.8300,323.9860,1.798062
TAP_TAPCELL_ROW_115_1904,VPWR,li1,186.0700,323.9860,1.798915
TAP_TAPCELL_ROW_115_1903,VPWR,li1,160.3100,323.9860,1.798752
TAP_TAPCELL_ROW_115_1902,VPWR,li1,134.5500,323.9860,1.797979
TAP_TAPCELL_ROW_115_1901,VPWR,li1,108.7900,323.9860,1.797464
TAP_TAPCELL_ROW_115_1900,VPWR,li1,83.0300,323.9860,1.797497
TAP_TAPCELL_ROW_115_1899,VPWR,li1,57.2700,323.9860,1.798167
TAP_TAPCELL_ROW_115_1898,VPWR,li1,31.5100,323.9860,1.799155
TAP_TAPCELL_ROW_114_1897,VPWR,li1,353.5100,323.3730,1.798286
TAP_TAPCELL_ROW_114_1896,VPWR,li1,327.7500,323.3730,1.798995
TAP_TAPCELL_ROW_114_1895,VPWR,li1,301.9900,323.3730,1.797878
TAP_TAPCELL_ROW_114_1894,VPWR,li1,276.2300,323.3730,1.797269
TAP_TAPCELL_ROW_114_1893,VPWR,li1,250.4700,323.3730,1.797315
TAP_TAPCELL_ROW_114_1892,VPWR,li1,224.7100,323.3730,1.797775
TAP_TAPCELL_ROW_114_1891,VPWR,li1,198.9500,323.3730,1.798509
TAP_TAPCELL_ROW_114_1890,VPWR,li1,173.1900,323.3730,1.799201
TAP_TAPCELL_ROW_114_1889,VPWR,li1,147.4300,323.3730,1.798305
TAP_TAPCELL_ROW_114_1888,VPWR,li1,121.6700,323.3730,1.797664
TAP_TAPCELL_ROW_114_1887,VPWR,li1,95.9100,323.3730,1.797380
TAP_TAPCELL_ROW_114_1886,VPWR,li1,70.1500,323.3730,1.797790
TAP_TAPCELL_ROW_114_1885,VPWR,li1,44.3900,323.3730,1.798671
TAP_TAPCELL_ROW_114_1884,VPWR,li1,18.6300,323.3730,1.799592
TAP_TAPCELL_ROW_113_1883,VPWR,li1,366.3900,318.5460,1.798618
TAP_TAPCELL_ROW_113_1882,VPWR,li1,340.6300,318.5460,1.798785
TAP_TAPCELL_ROW_113_1881,VPWR,li1,314.8700,318.5460,1.798430
TAP_TAPCELL_ROW_113_1880,VPWR,li1,289.1100,318.5460,1.797503
TAP_TAPCELL_ROW_113_1879,VPWR,li1,263.3500,318.5460,1.797170
TAP_TAPCELL_ROW_113_1878,VPWR,li1,237.5900,318.5460,1.797529
TAP_TAPCELL_ROW_113_1877,VPWR,li1,211.8300,318.5460,1.798283
TAP_TAPCELL_ROW_113_1876,VPWR,li1,186.0700,318.5460,1.799159
TAP_TAPCELL_ROW_113_1875,VPWR,li1,160.3100,318.5460,1.799375
TAP_TAPCELL_ROW_113_1874,VPWR,li1,134.5500,318.5460,1.799154
TAP_TAPCELL_ROW_113_1873,VPWR,li1,108.7900,318.5460,1.799073
TAP_TAPCELL_ROW_113_1872,VPWR,li1,83.0300,318.5460,1.799086
TAP_TAPCELL_ROW_113_1871,VPWR,li1,57.2700,318.5460,1.799281
TAP_TAPCELL_ROW_113_1870,VPWR,li1,31.5100,318.5460,1.799680
TAP_TAPCELL_ROW_112_1869,VPWR,li1,353.5100,317.9330,1.798618
TAP_TAPCELL_ROW_112_1868,VPWR,li1,327.7500,317.9330,1.799004
TAP_TAPCELL_ROW_112_1867,VPWR,li1,301.9900,317.9330,1.797965
TAP_TAPCELL_ROW_112_1866,VPWR,li1,276.2300,317.9330,1.797257
TAP_TAPCELL_ROW_112_1865,VPWR,li1,250.4700,317.9330,1.797276
TAP_TAPCELL_ROW_112_1864,VPWR,li1,224.7100,317.9330,1.797858
TAP_TAPCELL_ROW_112_1863,VPWR,li1,198.9500,317.9330,1.798724
TAP_TAPCELL_ROW_112_1862,VPWR,li1,173.1900,317.9330,1.799501
TAP_TAPCELL_ROW_112_1861,VPWR,li1,147.4300,317.9330,1.799248
TAP_TAPCELL_ROW_112_1860,VPWR,li1,121.6700,317.9330,1.799101
TAP_TAPCELL_ROW_112_1859,VPWR,li1,95.9100,317.9330,1.799075
TAP_TAPCELL_ROW_112_1858,VPWR,li1,70.1500,317.9330,1.799147
TAP_TAPCELL_ROW_112_1857,VPWR,li1,44.3900,317.9330,1.799455
TAP_TAPCELL_ROW_112_1856,VPWR,li1,18.6300,317.9330,1.799833
TAP_TAPCELL_ROW_111_1855,VPWR,li1,366.3900,313.1060,1.799435
TAP_TAPCELL_ROW_111_1854,VPWR,li1,340.6300,313.1060,1.799435
TAP_TAPCELL_ROW_111_1853,VPWR,li1,314.8700,313.1060,1.799154
TAP_TAPCELL_ROW_111_1852,VPWR,li1,289.1100,313.1060,1.798867
TAP_TAPCELL_ROW_111_1851,VPWR,li1,263.3500,313.1060,1.798779
TAP_TAPCELL_ROW_111_1850,VPWR,li1,237.5900,313.1060,1.798811
TAP_TAPCELL_ROW_111_1849,VPWR,li1,211.8300,313.1060,1.799068
TAP_TAPCELL_ROW_111_1848,VPWR,li1,186.0700,313.1060,1.799497
TAP_TAPCELL_ROW_111_1847,VPWR,li1,160.3100,313.1060,1.799665
TAP_TAPCELL_ROW_111_1846,VPWR,li1,134.5500,313.1060,1.799573
TAP_TAPCELL_ROW_111_1845,VPWR,li1,108.7900,313.1060,1.799492
TAP_TAPCELL_ROW_111_1844,VPWR,li1,83.0300,313.1060,1.799467
TAP_TAPCELL_ROW_111_1843,VPWR,li1,57.2700,313.1060,1.799618
TAP_TAPCELL_ROW_111_1842,VPWR,li1,31.5100,313.1060,1.799824
TAP_TAPCELL_ROW_110_1841,VPWR,li1,353.5100,312.4930,1.799435
TAP_TAPCELL_ROW_110_1840,VPWR,li1,327.7500,312.4930,1.799471
TAP_TAPCELL_ROW_110_1839,VPWR,li1,301.9900,312.4930,1.798989
TAP_TAPCELL_ROW_110_1838,VPWR,li1,276.2300,312.4930,1.798791
TAP_TAPCELL_ROW_110_1837,VPWR,li1,250.4700,312.4930,1.798781
TAP_TAPCELL_ROW_110_1836,VPWR,li1,224.7100,312.4930,1.798907
TAP_TAPCELL_ROW_110_1835,VPWR,li1,198.9500,312.4930,1.799247
TAP_TAPCELL_ROW_110_1834,VPWR,li1,173.1900,312.4930,1.799723
TAP_TAPCELL_ROW_110_1833,VPWR,li1,147.4300,312.4930,1.799617
TAP_TAPCELL_ROW_110_1832,VPWR,li1,121.6700,312.4930,1.799524
TAP_TAPCELL_ROW_110_1831,VPWR,li1,95.9100,312.4930,1.799467
TAP_TAPCELL_ROW_110_1830,VPWR,li1,70.1500,312.4930,1.799517
TAP_TAPCELL_ROW_110_1829,VPWR,li1,44.3900,312.4930,1.799713
TAP_TAPCELL_ROW_110_1828,VPWR,li1,18.6300,312.4930,1.799914
TAP_TAPCELL_ROW_109_1827,VPWR,li1,366.3900,307.6660,1.799482
TAP_TAPCELL_ROW_109_1826,VPWR,li1,340.6300,307.6660,1.799538
TAP_TAPCELL_ROW_109_1825,VPWR,li1,314.8700,307.6660,1.799447
TAP_TAPCELL_ROW_109_1824,VPWR,li1,289.1100,307.6660,1.799185
TAP_TAPCELL_ROW_109_1823,VPWR,li1,263.3500,307.6660,1.799048
TAP_TAPCELL_ROW_109_1822,VPWR,li1,237.5900,307.6660,1.799238
TAP_TAPCELL_ROW_109_1821,VPWR,li1,211.8300,307.6660,1.799446
TAP_TAPCELL_ROW_109_1820,VPWR,li1,186.0700,307.6660,1.799698
TAP_TAPCELL_ROW_109_1819,VPWR,li1,160.3100,307.6660,1.799726
TAP_TAPCELL_ROW_109_1818,VPWR,li1,134.5500,307.6660,1.799602
TAP_TAPCELL_ROW_109_1817,VPWR,li1,108.7900,307.6660,1.799513
TAP_TAPCELL_ROW_109_1816,VPWR,li1,83.0300,307.6660,1.799596
TAP_TAPCELL_ROW_109_1815,VPWR,li1,57.2700,307.6660,1.799711
TAP_TAPCELL_ROW_109_1814,VPWR,li1,31.5100,307.6660,1.799865
TAP_TAPCELL_ROW_108_1813,VPWR,li1,353.5100,307.0530,1.799482
TAP_TAPCELL_ROW_108_1812,VPWR,li1,327.7500,307.0530,1.799619
TAP_TAPCELL_ROW_108_1811,VPWR,li1,301.9900,307.0530,1.799311
TAP_TAPCELL_ROW_108_1810,VPWR,li1,276.2300,307.0530,1.799081
TAP_TAPCELL_ROW_108_1809,VPWR,li1,250.4700,307.0530,1.799132
TAP_TAPCELL_ROW_108_1808,VPWR,li1,224.7100,307.0530,1.799329
TAP_TAPCELL_ROW_108_1807,VPWR,li1,198.9500,307.0530,1.799567
TAP_TAPCELL_ROW_108_1806,VPWR,li1,173.1900,307.0530,1.799796
TAP_TAPCELL_ROW_108_1805,VPWR,li1,147.4300,307.0530,1.799662
TAP_TAPCELL_ROW_108_1804,VPWR,li1,121.6700,307.0530,1.799545
TAP_TAPCELL_ROW_108_1803,VPWR,li1,95.9100,307.0530,1.799550
TAP_TAPCELL_ROW_108_1802,VPWR,li1,70.1500,307.0530,1.799644
TAP_TAPCELL_ROW_108_1801,VPWR,li1,44.3900,307.0530,1.799776
TAP_TAPCELL_ROW_108_1800,VPWR,li1,18.6300,307.0530,1.799923
TAP_TAPCELL_ROW_107_1799,VPWR,li1,366.3900,302.2260,1.799159
TAP_TAPCELL_ROW_107_1798,VPWR,li1,340.6300,302.2260,1.799539
TAP_TAPCELL_ROW_107_1797,VPWR,li1,314.8700,302.2260,1.799685
TAP_TAPCELL_ROW_107_1796,VPWR,li1,289.1100,302.2260,1.799639
TAP_TAPCELL_ROW_107_1795,VPWR,li1,263.3500,302.2260,1.799619
TAP_TAPCELL_ROW_107_1794,VPWR,li1,237.5900,302.2260,1.799652
TAP_TAPCELL_ROW_107_1793,VPWR,li1,211.8300,302.2260,1.799703
TAP_TAPCELL_ROW_107_1792,VPWR,li1,186.0700,302.2260,1.799785
TAP_TAPCELL_ROW_107_1791,VPWR,li1,160.3100,302.2260,1.799861
TAP_TAPCELL_ROW_107_1790,VPWR,li1,134.5500,302.2260,1.799840
TAP_TAPCELL_ROW_107_1789,VPWR,li1,108.7900,302.2260,1.799832
TAP_TAPCELL_ROW_107_1788,VPWR,li1,83.0300,302.2260,1.799850
TAP_TAPCELL_ROW_107_1787,VPWR,li1,57.2700,302.2260,1.799895
TAP_TAPCELL_ROW_107_1786,VPWR,li1,31.5100,302.2260,1.799947
TAP_TAPCELL_ROW_106_1785,VPWR,li1,353.5100,301.6130,1.799296
TAP_TAPCELL_ROW_106_1784,VPWR,li1,327.7500,301.6130,1.799723
TAP_TAPCELL_ROW_106_1783,VPWR,li1,301.9900,301.6130,1.799658
TAP_TAPCELL_ROW_106_1782,VPWR,li1,276.2300,301.6130,1.799623
TAP_TAPCELL_ROW_106_1781,VPWR,li1,250.4700,301.6130,1.799632
TAP_TAPCELL_ROW_106_1780,VPWR,li1,224.7100,301.6130,1.799678
TAP_TAPCELL_ROW_106_1779,VPWR,li1,198.9500,301.6130,1.799736
TAP_TAPCELL_ROW_106_1778,VPWR,li1,173.1900,301.6130,1.799880
TAP_TAPCELL_ROW_106_1777,VPWR,li1,147.4300,301.6130,1.799849
TAP_TAPCELL_ROW_106_1776,VPWR,li1,121.6700,301.6130,1.799833
TAP_TAPCELL_ROW_106_1775,VPWR,li1,95.9100,301.6130,1.799837
TAP_TAPCELL_ROW_106_1774,VPWR,li1,70.1500,301.6130,1.799869
TAP_TAPCELL_ROW_106_1773,VPWR,li1,44.3900,301.6130,1.799921
TAP_TAPCELL_ROW_106_1772,VPWR,li1,18.6300,301.6130,1.799972
TAP_TAPCELL_ROW_105_1771,VPWR,li1,366.3900,296.7860,1.799896
TAP_TAPCELL_ROW_105_1770,VPWR,li1,340.6300,296.7860,1.799922
TAP_TAPCELL_ROW_105_1769,VPWR,li1,314.8700,296.7860,1.799889
TAP_TAPCELL_ROW_105_1768,VPWR,li1,289.1100,296.7860,1.799804
TAP_TAPCELL_ROW_105_1767,VPWR,li1,263.3500,296.7860,1.799753
TAP_TAPCELL_ROW_105_1766,VPWR,li1,237.5900,296.7860,1.799735
TAP_TAPCELL_ROW_105_1765,VPWR,li1,211.8300,296.7860,1.799740
TAP_TAPCELL_ROW_105_1764,VPWR,li1,186.0700,296.7860,1.799772
TAP_TAPCELL_ROW_105_1763,VPWR,li1,160.3100,296.7860,1.799829
TAP_TAPCELL_ROW_105_1762,VPWR,li1,134.5500,296.7860,1.799824
TAP_TAPCELL_ROW_105_1761,VPWR,li1,108.7900,296.7860,1.799831
TAP_TAPCELL_ROW_105_1760,VPWR,li1,83.0300,296.7860,1.799849
TAP_TAPCELL_ROW_105_1759,VPWR,li1,57.2700,296.7860,1.799880
TAP_TAPCELL_ROW_105_1758,VPWR,li1,31.5100,296.7860,1.799936
TAP_TAPCELL_ROW_104_1757,VPWR,li1,353.5100,296.1730,1.799904
TAP_TAPCELL_ROW_104_1756,VPWR,li1,327.7500,296.1730,1.799930
TAP_TAPCELL_ROW_104_1755,VPWR,li1,301.9900,296.1730,1.799847
TAP_TAPCELL_ROW_104_1754,VPWR,li1,276.2300,296.1730,1.799778
TAP_TAPCELL_ROW_104_1753,VPWR,li1,250.4700,296.1730,1.799742
TAP_TAPCELL_ROW_104_1752,VPWR,li1,224.7100,296.1730,1.799734
TAP_TAPCELL_ROW_104_1751,VPWR,li1,198.9500,296.1730,1.799749
TAP_TAPCELL_ROW_104_1750,VPWR,li1,173.1900,296.1730,1.799851
TAP_TAPCELL_ROW_104_1749,VPWR,li1,147.4300,296.1730,1.799826
TAP_TAPCELL_ROW_104_1748,VPWR,li1,121.6700,296.1730,1.799825
TAP_TAPCELL_ROW_104_1747,VPWR,li1,95.9100,296.1730,1.799839
TAP_TAPCELL_ROW_104_1746,VPWR,li1,70.1500,296.1730,1.799864
TAP_TAPCELL_ROW_104_1745,VPWR,li1,44.3900,296.1730,1.799902
TAP_TAPCELL_ROW_104_1744,VPWR,li1,18.6300,296.1730,1.799958
TAP_TAPCELL_ROW_103_1743,VPWR,li1,366.3900,291.3460,1.799936
TAP_TAPCELL_ROW_103_1742,VPWR,li1,340.6300,291.3460,1.799953
TAP_TAPCELL_ROW_103_1741,VPWR,li1,314.8700,291.3460,1.799944
TAP_TAPCELL_ROW_103_1740,VPWR,li1,289.1100,291.3460,1.799917
TAP_TAPCELL_ROW_103_1739,VPWR,li1,263.3500,291.3460,1.799901
TAP_TAPCELL_ROW_103_1738,VPWR,li1,237.5900,291.3460,1.799894
TAP_TAPCELL_ROW_103_1737,VPWR,li1,211.8300,291.3460,1.799903
TAP_TAPCELL_ROW_103_1736,VPWR,li1,186.0700,291.3460,1.799937
TAP_TAPCELL_ROW_103_1735,VPWR,li1,160.3100,291.3460,1.799929
TAP_TAPCELL_ROW_103_1734,VPWR,li1,134.5500,291.3460,1.799906
TAP_TAPCELL_ROW_103_1733,VPWR,li1,108.7900,291.3460,1.799897
TAP_TAPCELL_ROW_103_1732,VPWR,li1,83.0300,291.3460,1.799897
TAP_TAPCELL_ROW_103_1731,VPWR,li1,57.2700,291.3460,1.799918
TAP_TAPCELL_ROW_103_1730,VPWR,li1,31.5100,291.3460,1.799959
TAP_TAPCELL_ROW_102_1729,VPWR,li1,353.5100,290.7330,1.799943
TAP_TAPCELL_ROW_102_1728,VPWR,li1,327.7500,290.7330,1.799962
TAP_TAPCELL_ROW_102_1727,VPWR,li1,301.9900,290.7330,1.799929
TAP_TAPCELL_ROW_102_1726,VPWR,li1,276.2300,290.7330,1.799908
TAP_TAPCELL_ROW_102_1725,VPWR,li1,250.4700,290.7330,1.799896
TAP_TAPCELL_ROW_102_1724,VPWR,li1,224.7100,290.7330,1.799895
TAP_TAPCELL_ROW_102_1723,VPWR,li1,198.9500,290.7330,1.799919
TAP_TAPCELL_ROW_102_1722,VPWR,li1,173.1900,290.7330,1.799952
TAP_TAPCELL_ROW_102_1721,VPWR,li1,147.4300,290.7330,1.799914
TAP_TAPCELL_ROW_102_1720,VPWR,li1,121.6700,290.7330,1.799901
TAP_TAPCELL_ROW_102_1719,VPWR,li1,95.9100,290.7330,1.799895
TAP_TAPCELL_ROW_102_1718,VPWR,li1,70.1500,290.7330,1.799906
TAP_TAPCELL_ROW_102_1717,VPWR,li1,44.3900,290.7330,1.799933
TAP_TAPCELL_ROW_102_1716,VPWR,li1,18.6300,290.7330,1.799974
TAP_TAPCELL_ROW_101_1715,VPWR,li1,366.3900,285.9060,1.799901
TAP_TAPCELL_ROW_101_1714,VPWR,li1,340.6300,285.9060,1.799936
TAP_TAPCELL_ROW_101_1713,VPWR,li1,314.8700,285.9060,1.799927
TAP_TAPCELL_ROW_101_1712,VPWR,li1,289.1100,285.9060,1.799886
TAP_TAPCELL_ROW_101_1711,VPWR,li1,263.3500,285.9060,1.799863
TAP_TAPCELL_ROW_101_1710,VPWR,li1,237.5900,285.9060,1.799863
TAP_TAPCELL_ROW_101_1709,VPWR,li1,211.8300,285.9060,1.799883
TAP_TAPCELL_ROW_101_1708,VPWR,li1,186.0700,285.9060,1.799922
TAP_TAPCELL_ROW_101_1707,VPWR,li1,160.3100,285.9060,1.799926
TAP_TAPCELL_ROW_101_1706,VPWR,li1,134.5500,285.9060,1.799888
TAP_TAPCELL_ROW_101_1705,VPWR,li1,108.7900,285.9060,1.799867
TAP_TAPCELL_ROW_101_1704,VPWR,li1,83.0300,285.9060,1.799859
TAP_TAPCELL_ROW_101_1703,VPWR,li1,57.2700,285.9060,1.799861
TAP_TAPCELL_ROW_101_1702,VPWR,li1,31.5100,285.9060,1.799891
TAP_TAPCELL_ROW_100_1701,VPWR,li1,353.5100,285.2930,1.799920
TAP_TAPCELL_ROW_100_1700,VPWR,li1,327.7500,285.2930,1.799953
TAP_TAPCELL_ROW_100_1699,VPWR,li1,301.9900,285.2930,1.799904
TAP_TAPCELL_ROW_100_1698,VPWR,li1,276.2300,285.2930,1.799872
TAP_TAPCELL_ROW_100_1697,VPWR,li1,250.4700,285.2930,1.799860
TAP_TAPCELL_ROW_100_1696,VPWR,li1,224.7100,285.2930,1.799872
TAP_TAPCELL_ROW_100_1695,VPWR,li1,198.9500,285.2930,1.799901
TAP_TAPCELL_ROW_100_1694,VPWR,li1,173.1900,285.2930,1.799950
TAP_TAPCELL_ROW_100_1693,VPWR,li1,147.4300,285.2930,1.799907
TAP_TAPCELL_ROW_100_1692,VPWR,li1,121.6700,285.2930,1.799875
TAP_TAPCELL_ROW_100_1691,VPWR,li1,95.9100,285.2930,1.799862
TAP_TAPCELL_ROW_100_1690,VPWR,li1,70.1500,285.2930,1.799859
TAP_TAPCELL_ROW_100_1689,VPWR,li1,44.3900,285.2930,1.799866
TAP_TAPCELL_ROW_100_1688,VPWR,li1,18.6300,285.2930,1.799939
TAP_TAPCELL_ROW_99_1687,VPWR,li1,366.3900,280.4660,1.799801
TAP_TAPCELL_ROW_99_1686,VPWR,li1,340.6300,280.4660,1.799856
TAP_TAPCELL_ROW_99_1685,VPWR,li1,314.8700,280.4660,1.799828
TAP_TAPCELL_ROW_99_1684,VPWR,li1,289.1100,280.4660,1.799729
TAP_TAPCELL_ROW_99_1683,VPWR,li1,263.3500,280.4660,1.799634
TAP_TAPCELL_ROW_99_1682,VPWR,li1,237.5900,280.4660,1.799550
TAP_TAPCELL_ROW_99_1681,VPWR,li1,211.8300,280.4660,1.799580
TAP_TAPCELL_ROW_99_1680,VPWR,li1,186.0700,280.4660,1.799757
TAP_TAPCELL_ROW_99_1679,VPWR,li1,160.3100,280.4660,1.799746
TAP_TAPCELL_ROW_99_1678,VPWR,li1,134.5500,280.4660,1.799591
TAP_TAPCELL_ROW_99_1677,VPWR,li1,108.7900,280.4660,1.799460
TAP_TAPCELL_ROW_99_1676,VPWR,li1,83.0300,280.4660,1.799401
TAP_TAPCELL_ROW_99_1675,VPWR,li1,57.2700,280.4660,1.799487
TAP_TAPCELL_ROW_99_1674,VPWR,li1,31.5100,280.4660,1.799724
TAP_TAPCELL_ROW_98_1673,VPWR,li1,353.5100,279.8530,1.799823
TAP_TAPCELL_ROW_98_1672,VPWR,li1,327.7500,279.8530,1.799890
TAP_TAPCELL_ROW_98_1671,VPWR,li1,301.9900,279.8530,1.799773
TAP_TAPCELL_ROW_98_1670,VPWR,li1,276.2300,279.8530,1.799679
TAP_TAPCELL_ROW_98_1669,VPWR,li1,250.4700,279.8530,1.799587
TAP_TAPCELL_ROW_98_1668,VPWR,li1,224.7100,279.8530,1.799529
TAP_TAPCELL_ROW_98_1667,VPWR,li1,198.9500,279.8530,1.799663
TAP_TAPCELL_ROW_98_1666,VPWR,li1,173.1900,279.8530,1.799828
TAP_TAPCELL_ROW_98_1665,VPWR,li1,147.4300,279.8530,1.799670
TAP_TAPCELL_ROW_98_1664,VPWR,li1,121.6700,279.8530,1.799530
TAP_TAPCELL_ROW_98_1663,VPWR,li1,95.9100,279.8530,1.799414
TAP_TAPCELL_ROW_98_1662,VPWR,li1,70.1500,279.8530,1.799423
TAP_TAPCELL_ROW_98_1661,VPWR,li1,44.3900,279.8530,1.799584
TAP_TAPCELL_ROW_98_1660,VPWR,li1,18.6300,279.8530,1.799859
TAP_TAPCELL_ROW_97_1659,VPWR,li1,366.3900,275.0260,1.799374
TAP_TAPCELL_ROW_97_1658,VPWR,li1,340.6300,275.0260,1.799603
TAP_TAPCELL_ROW_97_1657,VPWR,li1,314.8700,275.0260,1.799638
TAP_TAPCELL_ROW_97_1656,VPWR,li1,289.1100,275.0260,1.799426
TAP_TAPCELL_ROW_97_1655,VPWR,li1,263.3500,275.0260,1.799254
TAP_TAPCELL_ROW_97_1654,VPWR,li1,237.5900,275.0260,1.799155
TAP_TAPCELL_ROW_97_1653,VPWR,li1,211.8300,275.0260,1.799306
TAP_TAPCELL_ROW_97_1652,VPWR,li1,186.0700,275.0260,1.799573
TAP_TAPCELL_ROW_97_1651,VPWR,li1,160.3100,275.0260,1.799634
TAP_TAPCELL_ROW_97_1650,VPWR,li1,134.5500,275.0260,1.799448
TAP_TAPCELL_ROW_97_1649,VPWR,li1,108.7900,275.0260,1.799329
TAP_TAPCELL_ROW_97_1648,VPWR,li1,83.0300,275.0260,1.799291
TAP_TAPCELL_ROW_97_1647,VPWR,li1,57.2700,275.0260,1.799424
TAP_TAPCELL_ROW_97_1646,VPWR,li1,31.5100,275.0260,1.799733
TAP_TAPCELL_ROW_96_1645,VPWR,li1,353.5100,274.4130,1.799437
TAP_TAPCELL_ROW_96_1644,VPWR,li1,327.7500,274.4130,1.799747
TAP_TAPCELL_ROW_96_1643,VPWR,li1,301.9900,274.4130,1.799534
TAP_TAPCELL_ROW_96_1642,VPWR,li1,276.2300,274.4130,1.799339
TAP_TAPCELL_ROW_96_1641,VPWR,li1,250.4700,274.4130,1.799177
TAP_TAPCELL_ROW_96_1640,VPWR,li1,224.7100,274.4130,1.799220
TAP_TAPCELL_ROW_96_1639,VPWR,li1,198.9500,274.4130,1.799412
TAP_TAPCELL_ROW_96_1638,VPWR,li1,173.1900,274.4130,1.799737
TAP_TAPCELL_ROW_96_1637,VPWR,li1,147.4300,274.4130,1.799529
TAP_TAPCELL_ROW_96_1636,VPWR,li1,121.6700,274.4130,1.799378
TAP_TAPCELL_ROW_96_1635,VPWR,li1,95.9100,274.4130,1.799294
TAP_TAPCELL_ROW_96_1634,VPWR,li1,70.1500,274.4130,1.799332
TAP_TAPCELL_ROW_96_1633,VPWR,li1,44.3900,274.4130,1.799569
TAP_TAPCELL_ROW_96_1632,VPWR,li1,18.6300,274.4130,1.799855
TAP_TAPCELL_ROW_95_1631,VPWR,li1,366.3900,269.5860,1.799318
TAP_TAPCELL_ROW_95_1630,VPWR,li1,340.6300,269.5860,1.799537
TAP_TAPCELL_ROW_95_1629,VPWR,li1,314.8700,269.5860,1.799673
TAP_TAPCELL_ROW_95_1628,VPWR,li1,289.1100,269.5860,1.799524
TAP_TAPCELL_ROW_95_1627,VPWR,li1,263.3500,269.5860,1.799395
TAP_TAPCELL_ROW_95_1626,VPWR,li1,237.5900,269.5860,1.799475
TAP_TAPCELL_ROW_95_1625,VPWR,li1,211.8300,269.5860,1.799615
TAP_TAPCELL_ROW_95_1624,VPWR,li1,186.0700,269.5860,1.799783
TAP_TAPCELL_ROW_95_1623,VPWR,li1,160.3100,269.5860,1.799794
TAP_TAPCELL_ROW_95_1622,VPWR,li1,134.5500,269.5860,1.799751
TAP_TAPCELL_ROW_95_1621,VPWR,li1,108.7900,269.5860,1.799730
TAP_TAPCELL_ROW_95_1620,VPWR,li1,83.0300,269.5860,1.799771
TAP_TAPCELL_ROW_95_1619,VPWR,li1,57.2700,269.5860,1.799836
TAP_TAPCELL_ROW_95_1618,VPWR,li1,31.5100,269.5860,1.799923
TAP_TAPCELL_ROW_94_1617,VPWR,li1,353.5100,268.9730,1.799381
TAP_TAPCELL_ROW_94_1616,VPWR,li1,327.7500,268.9730,1.799756
TAP_TAPCELL_ROW_94_1615,VPWR,li1,301.9900,268.9730,1.799600
TAP_TAPCELL_ROW_94_1614,VPWR,li1,276.2300,268.9730,1.799450
TAP_TAPCELL_ROW_94_1613,VPWR,li1,250.4700,268.9730,1.799428
TAP_TAPCELL_ROW_94_1612,VPWR,li1,224.7100,268.9730,1.799545
TAP_TAPCELL_ROW_94_1611,VPWR,li1,198.9500,268.9730,1.799704
TAP_TAPCELL_ROW_94_1610,VPWR,li1,173.1900,268.9730,1.799841
TAP_TAPCELL_ROW_94_1609,VPWR,li1,147.4300,268.9730,1.799770
TAP_TAPCELL_ROW_94_1608,VPWR,li1,121.6700,268.9730,1.799736
TAP_TAPCELL_ROW_94_1607,VPWR,li1,95.9100,268.9730,1.799743
TAP_TAPCELL_ROW_94_1606,VPWR,li1,70.1500,268.9730,1.799803
TAP_TAPCELL_ROW_94_1605,VPWR,li1,44.3900,268.9730,1.799876
TAP_TAPCELL_ROW_94_1604,VPWR,li1,18.6300,268.9730,1.799957
TAP_TAPCELL_ROW_93_1603,VPWR,li1,366.3900,264.1460,1.799531
TAP_TAPCELL_ROW_93_1602,VPWR,li1,340.6300,264.1460,1.799728
TAP_TAPCELL_ROW_93_1601,VPWR,li1,314.8700,264.1460,1.799811
TAP_TAPCELL_ROW_93_1600,VPWR,li1,289.1100,264.1460,1.799750
TAP_TAPCELL_ROW_93_1599,VPWR,li1,263.3500,264.1460,1.799707
TAP_TAPCELL_ROW_93_1598,VPWR,li1,237.5900,264.1460,1.799700
TAP_TAPCELL_ROW_93_1597,VPWR,li1,211.8300,264.1460,1.799720
TAP_TAPCELL_ROW_93_1596,VPWR,li1,186.0700,264.1460,1.799761
TAP_TAPCELL_ROW_93_1595,VPWR,li1,160.3100,264.1460,1.799507
TAP_TAPCELL_ROW_93_1594,VPWR,li1,134.5500,264.1460,1.799220
TAP_TAPCELL_ROW_93_1593,VPWR,li1,108.7900,264.1460,1.799308
TAP_TAPCELL_ROW_93_1592,VPWR,li1,83.0300,264.1460,1.799458
TAP_TAPCELL_ROW_93_1591,VPWR,li1,57.2700,264.1460,1.799642
TAP_TAPCELL_ROW_93_1590,VPWR,li1,31.5100,264.1460,1.799830
TAP_TAPCELL_ROW_92_1589,VPWR,li1,353.5100,263.5330,1.799606
TAP_TAPCELL_ROW_92_1588,VPWR,li1,327.7500,263.5330,1.799854
TAP_TAPCELL_ROW_92_1587,VPWR,li1,301.9900,263.5330,1.799776
TAP_TAPCELL_ROW_92_1586,VPWR,li1,276.2300,263.5330,1.799724
TAP_TAPCELL_ROW_92_1585,VPWR,li1,250.4700,263.5330,1.799700
TAP_TAPCELL_ROW_92_1584,VPWR,li1,224.7100,263.5330,1.799706
TAP_TAPCELL_ROW_92_1583,VPWR,li1,198.9500,263.5330,1.799737
TAP_TAPCELL_ROW_92_1582,VPWR,li1,173.1900,263.5330,1.799719
TAP_TAPCELL_ROW_92_1581,VPWR,li1,147.4300,263.5330,1.799307
TAP_TAPCELL_ROW_92_1580,VPWR,li1,121.6700,263.5330,1.799250
TAP_TAPCELL_ROW_92_1579,VPWR,li1,95.9100,263.5330,1.799387
TAP_TAPCELL_ROW_92_1578,VPWR,li1,70.1500,263.5330,1.799548
TAP_TAPCELL_ROW_92_1577,VPWR,li1,44.3900,263.5330,1.799734
TAP_TAPCELL_ROW_92_1576,VPWR,li1,18.6300,263.5330,1.799911
TAP_TAPCELL_ROW_91_1575,VPWR,li1,366.3900,258.7060,1.799641
TAP_TAPCELL_ROW_91_1574,VPWR,li1,340.6300,258.7060,1.799785
TAP_TAPCELL_ROW_91_1573,VPWR,li1,314.8700,258.7060,1.799814
TAP_TAPCELL_ROW_91_1572,VPWR,li1,289.1100,258.7060,1.799718
TAP_TAPCELL_ROW_91_1571,VPWR,li1,263.3500,258.7060,1.799673
TAP_TAPCELL_ROW_91_1570,VPWR,li1,237.5900,258.7060,1.799704
TAP_TAPCELL_ROW_91_1569,VPWR,li1,211.8300,258.7060,1.799753
TAP_TAPCELL_ROW_91_1568,VPWR,li1,186.0700,258.7060,1.799823
TAP_TAPCELL_ROW_91_1567,VPWR,li1,160.3100,258.7060,1.799683
TAP_TAPCELL_ROW_91_1566,VPWR,li1,134.5500,258.7060,1.799480
TAP_TAPCELL_ROW_91_1565,VPWR,li1,108.7900,258.7060,1.799491
TAP_TAPCELL_ROW_91_1564,VPWR,li1,83.0300,258.7060,1.799597
TAP_TAPCELL_ROW_91_1563,VPWR,li1,57.2700,258.7060,1.799726
TAP_TAPCELL_ROW_91_1562,VPWR,li1,31.5100,258.7060,1.799878
TAP_TAPCELL_ROW_90_1561,VPWR,li1,353.5100,258.0930,1.799696
TAP_TAPCELL_ROW_90_1560,VPWR,li1,327.7500,258.0930,1.799867
TAP_TAPCELL_ROW_90_1559,VPWR,li1,301.9900,258.0930,1.799765
TAP_TAPCELL_ROW_90_1558,VPWR,li1,276.2300,258.0930,1.799679
TAP_TAPCELL_ROW_90_1557,VPWR,li1,250.4700,258.0930,1.799685
TAP_TAPCELL_ROW_90_1556,VPWR,li1,224.7100,258.0930,1.799727
TAP_TAPCELL_ROW_90_1555,VPWR,li1,198.9500,258.0930,1.799784
TAP_TAPCELL_ROW_90_1554,VPWR,li1,173.1900,258.0930,1.799828
TAP_TAPCELL_ROW_90_1553,VPWR,li1,147.4300,258.0930,1.799559
TAP_TAPCELL_ROW_90_1552,VPWR,li1,121.6700,258.0930,1.799464
TAP_TAPCELL_ROW_90_1551,VPWR,li1,95.9100,258.0930,1.799539
TAP_TAPCELL_ROW_90_1550,VPWR,li1,70.1500,258.0930,1.799662
TAP_TAPCELL_ROW_90_1549,VPWR,li1,44.3900,258.0930,1.799800
TAP_TAPCELL_ROW_90_1548,VPWR,li1,18.6300,258.0930,1.799930
TAP_TAPCELL_ROW_89_1547,VPWR,li1,366.3900,253.2660,1.799695
TAP_TAPCELL_ROW_89_1546,VPWR,li1,340.6300,253.2660,1.799805
TAP_TAPCELL_ROW_89_1545,VPWR,li1,314.8700,253.2660,1.799766
TAP_TAPCELL_ROW_89_1544,VPWR,li1,289.1100,253.2660,1.799721
TAP_TAPCELL_ROW_89_1543,VPWR,li1,263.3500,253.2660,1.799742
TAP_TAPCELL_ROW_89_1542,VPWR,li1,237.5900,253.2660,1.799774
TAP_TAPCELL_ROW_89_1541,VPWR,li1,211.8300,253.2660,1.799821
TAP_TAPCELL_ROW_89_1540,VPWR,li1,186.0700,253.2660,1.799885
TAP_TAPCELL_ROW_89_1539,VPWR,li1,160.3100,253.2660,1.799853
TAP_TAPCELL_ROW_89_1538,VPWR,li1,134.5500,253.2660,1.799814
TAP_TAPCELL_ROW_89_1537,VPWR,li1,108.7900,253.2660,1.799804
TAP_TAPCELL_ROW_89_1536,VPWR,li1,83.0300,253.2660,1.799805
TAP_TAPCELL_ROW_89_1535,VPWR,li1,57.2700,253.2660,1.799817
TAP_TAPCELL_ROW_89_1534,VPWR,li1,31.5100,253.2660,1.799894
TAP_TAPCELL_ROW_88_1533,VPWR,li1,353.5100,252.6530,1.799739
TAP_TAPCELL_ROW_88_1532,VPWR,li1,327.7500,252.6530,1.799846
TAP_TAPCELL_ROW_88_1531,VPWR,li1,301.9900,252.6530,1.799724
TAP_TAPCELL_ROW_88_1530,VPWR,li1,276.2300,252.6530,1.799729
TAP_TAPCELL_ROW_88_1529,VPWR,li1,250.4700,252.6530,1.799757
TAP_TAPCELL_ROW_88_1528,VPWR,li1,224.7100,252.6530,1.799796
TAP_TAPCELL_ROW_88_1527,VPWR,li1,198.9500,252.6530,1.799852
TAP_TAPCELL_ROW_88_1526,VPWR,li1,173.1900,252.6530,1.799899
TAP_TAPCELL_ROW_88_1525,VPWR,li1,147.4300,252.6530,1.799827
TAP_TAPCELL_ROW_88_1524,VPWR,li1,121.6700,252.6530,1.799808
TAP_TAPCELL_ROW_88_1523,VPWR,li1,95.9100,252.6530,1.799803
TAP_TAPCELL_ROW_88_1522,VPWR,li1,70.1500,252.6530,1.799810
TAP_TAPCELL_ROW_88_1521,VPWR,li1,44.3900,252.6530,1.799842
TAP_TAPCELL_ROW_88_1520,VPWR,li1,18.6300,252.6530,1.799938
TAP_TAPCELL_ROW_87_1519,VPWR,li1,366.3900,247.8260,1.799460
TAP_TAPCELL_ROW_87_1518,VPWR,li1,340.6300,247.8260,1.799597
TAP_TAPCELL_ROW_87_1517,VPWR,li1,314.8700,247.8260,1.799465
TAP_TAPCELL_ROW_87_1516,VPWR,li1,289.1100,247.8260,1.799283
TAP_TAPCELL_ROW_87_1515,VPWR,li1,263.3500,247.8260,1.799320
TAP_TAPCELL_ROW_87_1514,VPWR,li1,237.5900,247.8260,1.799433
TAP_TAPCELL_ROW_87_1513,VPWR,li1,211.8300,247.8260,1.799562
TAP_TAPCELL_ROW_87_1512,VPWR,li1,186.0700,247.8260,1.799765
TAP_TAPCELL_ROW_87_1511,VPWR,li1,160.3100,247.8260,1.799860
TAP_TAPCELL_ROW_87_1510,VPWR,li1,134.5500,247.8260,1.799846
TAP_TAPCELL_ROW_87_1509,VPWR,li1,108.7900,247.8260,1.799845
TAP_TAPCELL_ROW_87_1508,VPWR,li1,83.0300,247.8260,1.799857
TAP_TAPCELL_ROW_87_1507,VPWR,li1,57.2700,247.8260,1.799884
TAP_TAPCELL_ROW_87_1506,VPWR,li1,31.5100,247.8260,1.799940
TAP_TAPCELL_ROW_86_1505,VPWR,li1,353.5100,247.2130,1.799506
TAP_TAPCELL_ROW_86_1504,VPWR,li1,327.7500,247.2130,1.799669
TAP_TAPCELL_ROW_86_1503,VPWR,li1,301.9900,247.2130,1.799325
TAP_TAPCELL_ROW_86_1502,VPWR,li1,276.2300,247.2130,1.799289
TAP_TAPCELL_ROW_86_1501,VPWR,li1,250.4700,247.2130,1.799375
TAP_TAPCELL_ROW_86_1500,VPWR,li1,224.7100,247.2130,1.799491
TAP_TAPCELL_ROW_86_1499,VPWR,li1,198.9500,247.2130,1.799640
TAP_TAPCELL_ROW_86_1498,VPWR,li1,173.1900,247.2130,1.799874
TAP_TAPCELL_ROW_86_1497,VPWR,li1,147.4300,247.2130,1.799852
TAP_TAPCELL_ROW_86_1496,VPWR,li1,121.6700,247.2130,1.799845
TAP_TAPCELL_ROW_86_1495,VPWR,li1,95.9100,247.2130,1.799848
TAP_TAPCELL_ROW_86_1494,VPWR,li1,70.1500,247.2130,1.799868
TAP_TAPCELL_ROW_86_1493,VPWR,li1,44.3900,247.2130,1.799904
TAP_TAPCELL_ROW_86_1492,VPWR,li1,18.6300,247.2130,1.799963
TAP_TAPCELL_ROW_85_1491,VPWR,li1,366.3900,242.3860,1.799626
TAP_TAPCELL_ROW_85_1490,VPWR,li1,340.6300,242.3860,1.799724
TAP_TAPCELL_ROW_85_1489,VPWR,li1,314.8700,242.3860,1.799681
TAP_TAPCELL_ROW_85_1488,VPWR,li1,289.1100,242.3860,1.799539
TAP_TAPCELL_ROW_85_1487,VPWR,li1,263.3500,242.3860,1.799488
TAP_TAPCELL_ROW_85_1486,VPWR,li1,237.5900,242.3860,1.799515
TAP_TAPCELL_ROW_85_1485,VPWR,li1,211.8300,242.3860,1.799587
TAP_TAPCELL_ROW_85_1484,VPWR,li1,186.0700,242.3860,1.799728
TAP_TAPCELL_ROW_85_1483,VPWR,li1,160.3100,242.3860,1.799768
TAP_TAPCELL_ROW_85_1482,VPWR,li1,134.5500,242.3860,1.799648
TAP_TAPCELL_ROW_85_1481,VPWR,li1,108.7900,242.3860,1.799595
TAP_TAPCELL_ROW_85_1480,VPWR,li1,83.0300,242.3860,1.799644
TAP_TAPCELL_ROW_85_1479,VPWR,li1,57.2700,242.3860,1.799734
TAP_TAPCELL_ROW_85_1478,VPWR,li1,31.5100,242.3860,1.799847
TAP_TAPCELL_ROW_84_1477,VPWR,li1,353.5100,241.7730,1.799660
TAP_TAPCELL_ROW_84_1476,VPWR,li1,327.7500,241.7730,1.799796
TAP_TAPCELL_ROW_84_1475,VPWR,li1,301.9900,241.7730,1.799597
TAP_TAPCELL_ROW_84_1474,VPWR,li1,276.2300,241.7730,1.799508
TAP_TAPCELL_ROW_84_1473,VPWR,li1,250.4700,241.7730,1.799496
TAP_TAPCELL_ROW_84_1472,VPWR,li1,224.7100,241.7730,1.799546
TAP_TAPCELL_ROW_84_1471,VPWR,li1,198.9500,241.7730,1.799626
TAP_TAPCELL_ROW_84_1470,VPWR,li1,173.1900,241.7730,1.799829
TAP_TAPCELL_ROW_84_1469,VPWR,li1,147.4300,241.7730,1.799706
TAP_TAPCELL_ROW_84_1468,VPWR,li1,121.6700,241.7730,1.799597
TAP_TAPCELL_ROW_84_1467,VPWR,li1,95.9100,241.7730,1.799618
TAP_TAPCELL_ROW_84_1466,VPWR,li1,70.1500,241.7730,1.799685
TAP_TAPCELL_ROW_84_1465,VPWR,li1,44.3900,241.7730,1.799786
TAP_TAPCELL_ROW_84_1464,VPWR,li1,18.6300,241.7730,1.799898
TAP_TAPCELL_ROW_83_1463,VPWR,li1,366.3900,236.9460,1.799764
TAP_TAPCELL_ROW_83_1462,VPWR,li1,340.6300,236.9460,1.799834
TAP_TAPCELL_ROW_83_1461,VPWR,li1,314.8700,236.9460,1.799831
TAP_TAPCELL_ROW_83_1460,VPWR,li1,289.1100,236.9460,1.799739
TAP_TAPCELL_ROW_83_1459,VPWR,li1,263.3500,236.9460,1.799690
TAP_TAPCELL_ROW_83_1458,VPWR,li1,237.5900,236.9460,1.799712
TAP_TAPCELL_ROW_83_1457,VPWR,li1,211.8300,236.9460,1.799763
TAP_TAPCELL_ROW_83_1456,VPWR,li1,186.0700,236.9460,1.799854
TAP_TAPCELL_ROW_83_1455,VPWR,li1,160.3100,236.9460,1.799848
TAP_TAPCELL_ROW_83_1454,VPWR,li1,134.5500,236.9460,1.799758
TAP_TAPCELL_ROW_83_1453,VPWR,li1,108.7900,236.9460,1.799681
TAP_TAPCELL_ROW_83_1452,VPWR,li1,83.0300,236.9460,1.799651
TAP_TAPCELL_ROW_83_1451,VPWR,li1,57.2700,236.9460,1.799723
TAP_TAPCELL_ROW_83_1450,VPWR,li1,31.5100,236.9460,1.799849
TAP_TAPCELL_ROW_82_1449,VPWR,li1,353.5100,236.3330,1.799789
TAP_TAPCELL_ROW_82_1448,VPWR,li1,327.7500,236.3330,1.799894
TAP_TAPCELL_ROW_82_1447,VPWR,li1,301.9900,236.3330,1.799781
TAP_TAPCELL_ROW_82_1446,VPWR,li1,276.2300,236.3330,1.799701
TAP_TAPCELL_ROW_82_1445,VPWR,li1,250.4700,236.3330,1.799698
TAP_TAPCELL_ROW_82_1444,VPWR,li1,224.7100,236.3330,1.799731
TAP_TAPCELL_ROW_82_1443,VPWR,li1,198.9500,236.3330,1.799804
TAP_TAPCELL_ROW_82_1442,VPWR,li1,173.1900,236.3330,1.799901
TAP_TAPCELL_ROW_82_1441,VPWR,li1,147.4300,236.3330,1.799801
TAP_TAPCELL_ROW_82_1440,VPWR,li1,121.6700,236.3330,1.799712
TAP_TAPCELL_ROW_82_1439,VPWR,li1,95.9100,236.3330,1.799655
TAP_TAPCELL_ROW_82_1438,VPWR,li1,70.1500,236.3330,1.799669
TAP_TAPCELL_ROW_82_1437,VPWR,li1,44.3900,236.3330,1.799773
TAP_TAPCELL_ROW_82_1436,VPWR,li1,18.6300,236.3330,1.799918
TAP_TAPCELL_ROW_81_1435,VPWR,li1,366.3900,231.5060,1.799882
TAP_TAPCELL_ROW_81_1434,VPWR,li1,340.6300,231.5060,1.799907
TAP_TAPCELL_ROW_81_1433,VPWR,li1,314.8700,231.5060,1.799883
TAP_TAPCELL_ROW_81_1432,VPWR,li1,289.1100,231.5060,1.799798
TAP_TAPCELL_ROW_81_1431,VPWR,li1,263.3500,231.5060,1.799772
TAP_TAPCELL_ROW_81_1430,VPWR,li1,237.5900,231.5060,1.799777
TAP_TAPCELL_ROW_81_1429,VPWR,li1,211.8300,231.5060,1.799804
TAP_TAPCELL_ROW_81_1428,VPWR,li1,186.0700,231.5060,1.799880
TAP_TAPCELL_ROW_81_1427,VPWR,li1,160.3100,231.5060,1.799848
TAP_TAPCELL_ROW_81_1426,VPWR,li1,134.5500,231.5060,1.799760
TAP_TAPCELL_ROW_81_1425,VPWR,li1,108.7900,231.5060,1.799708
TAP_TAPCELL_ROW_81_1424,VPWR,li1,83.0300,231.5060,1.799685
TAP_TAPCELL_ROW_81_1423,VPWR,li1,57.2700,231.5060,1.799732
TAP_TAPCELL_ROW_81_1422,VPWR,li1,31.5100,231.5060,1.799859
TAP_TAPCELL_ROW_80_1421,VPWR,li1,353.5100,230.8930,1.799892
TAP_TAPCELL_ROW_80_1420,VPWR,li1,327.7500,230.8930,1.799926
TAP_TAPCELL_ROW_80_1419,VPWR,li1,301.9900,230.8930,1.799843
TAP_TAPCELL_ROW_80_1418,VPWR,li1,276.2300,230.8930,1.799776
TAP_TAPCELL_ROW_80_1417,VPWR,li1,250.4700,230.8930,1.799773
TAP_TAPCELL_ROW_80_1416,VPWR,li1,224.7100,230.8930,1.799783
TAP_TAPCELL_ROW_80_1415,VPWR,li1,198.9500,230.8930,1.799840
TAP_TAPCELL_ROW_80_1414,VPWR,li1,173.1900,230.8930,1.799898
TAP_TAPCELL_ROW_80_1413,VPWR,li1,147.4300,230.8930,1.799801
TAP_TAPCELL_ROW_80_1412,VPWR,li1,121.6700,230.8930,1.799726
TAP_TAPCELL_ROW_80_1411,VPWR,li1,95.9100,230.8930,1.799691
TAP_TAPCELL_ROW_80_1410,VPWR,li1,70.1500,230.8930,1.799693
TAP_TAPCELL_ROW_80_1409,VPWR,li1,44.3900,230.8930,1.799783
TAP_TAPCELL_ROW_80_1408,VPWR,li1,18.6300,230.8930,1.799916
TAP_TAPCELL_ROW_79_1407,VPWR,li1,366.3900,226.0660,1.799850
TAP_TAPCELL_ROW_79_1406,VPWR,li1,340.6300,226.0660,1.799884
TAP_TAPCELL_ROW_79_1405,VPWR,li1,314.8700,226.0660,1.799809
TAP_TAPCELL_ROW_79_1404,VPWR,li1,289.1100,226.0660,1.799650
TAP_TAPCELL_ROW_79_1403,VPWR,li1,263.3500,226.0660,1.799515
TAP_TAPCELL_ROW_79_1402,VPWR,li1,237.5900,226.0660,1.799409
TAP_TAPCELL_ROW_79_1401,VPWR,li1,211.8300,226.0660,1.799471
TAP_TAPCELL_ROW_79_1400,VPWR,li1,186.0700,226.0660,1.799733
TAP_TAPCELL_ROW_79_1399,VPWR,li1,160.3100,226.0660,1.799809
TAP_TAPCELL_ROW_79_1398,VPWR,li1,134.5500,226.0660,1.799749
TAP_TAPCELL_ROW_79_1397,VPWR,li1,108.7900,226.0660,1.799713
TAP_TAPCELL_ROW_79_1396,VPWR,li1,83.0300,226.0660,1.799735
TAP_TAPCELL_ROW_79_1395,VPWR,li1,57.2700,226.0660,1.799795
TAP_TAPCELL_ROW_79_1394,VPWR,li1,31.5100,226.0660,1.799898
TAP_TAPCELL_ROW_78_1393,VPWR,li1,353.5100,225.4530,1.799864
TAP_TAPCELL_ROW_78_1392,VPWR,li1,327.7500,225.4530,1.799897
TAP_TAPCELL_ROW_78_1391,VPWR,li1,301.9900,225.4530,1.799734
TAP_TAPCELL_ROW_78_1390,VPWR,li1,276.2300,225.4530,1.799586
TAP_TAPCELL_ROW_78_1389,VPWR,li1,250.4700,225.4530,1.799458
TAP_TAPCELL_ROW_78_1388,VPWR,li1,224.7100,225.4530,1.799408
TAP_TAPCELL_ROW_78_1387,VPWR,li1,198.9500,225.4530,1.799583
TAP_TAPCELL_ROW_78_1386,VPWR,li1,173.1900,225.4530,1.799845
TAP_TAPCELL_ROW_78_1385,VPWR,li1,147.4300,225.4530,1.799777
TAP_TAPCELL_ROW_78_1384,VPWR,li1,121.6700,225.4530,1.799725
TAP_TAPCELL_ROW_78_1383,VPWR,li1,95.9100,225.4530,1.799719
TAP_TAPCELL_ROW_78_1382,VPWR,li1,70.1500,225.4530,1.799761
TAP_TAPCELL_ROW_78_1381,VPWR,li1,44.3900,225.4530,1.799834
TAP_TAPCELL_ROW_78_1380,VPWR,li1,18.6300,225.4530,1.799935
TAP_TAPCELL_ROW_77_1379,VPWR,li1,366.3900,220.6260,1.799929
TAP_TAPCELL_ROW_77_1378,VPWR,li1,340.6300,220.6260,1.799934
TAP_TAPCELL_ROW_77_1377,VPWR,li1,314.8700,220.6260,1.799878
TAP_TAPCELL_ROW_77_1376,VPWR,li1,289.1100,220.6260,1.799772
TAP_TAPCELL_ROW_77_1375,VPWR,li1,263.3500,220.6260,1.799697
TAP_TAPCELL_ROW_77_1374,VPWR,li1,237.5900,220.6260,1.799703
TAP_TAPCELL_ROW_77_1373,VPWR,li1,211.8300,220.6260,1.799745
TAP_TAPCELL_ROW_77_1372,VPWR,li1,186.0700,220.6260,1.799853
TAP_TAPCELL_ROW_77_1371,VPWR,li1,160.3100,220.6260,1.799880
TAP_TAPCELL_ROW_77_1370,VPWR,li1,134.5500,220.6260,1.799837
TAP_TAPCELL_ROW_77_1369,VPWR,li1,108.7900,220.6260,1.799824
TAP_TAPCELL_ROW_77_1368,VPWR,li1,83.0300,220.6260,1.799835
TAP_TAPCELL_ROW_77_1367,VPWR,li1,57.2700,220.6260,1.799871
TAP_TAPCELL_ROW_77_1366,VPWR,li1,31.5100,220.6260,1.799935
TAP_TAPCELL_ROW_76_1365,VPWR,li1,353.5100,220.0130,1.799930
TAP_TAPCELL_ROW_76_1364,VPWR,li1,327.7500,220.0130,1.799931
TAP_TAPCELL_ROW_76_1363,VPWR,li1,301.9900,220.0130,1.799817
TAP_TAPCELL_ROW_76_1362,VPWR,li1,276.2300,220.0130,1.799725
TAP_TAPCELL_ROW_76_1361,VPWR,li1,250.4700,220.0130,1.799696
TAP_TAPCELL_ROW_76_1360,VPWR,li1,224.7100,220.0130,1.799716
TAP_TAPCELL_ROW_76_1359,VPWR,li1,198.9500,220.0130,1.799789
TAP_TAPCELL_ROW_76_1358,VPWR,li1,173.1900,220.0130,1.799909
TAP_TAPCELL_ROW_76_1357,VPWR,li1,147.4300,220.0130,1.799852
TAP_TAPCELL_ROW_76_1356,VPWR,li1,121.6700,220.0130,1.799829
TAP_TAPCELL_ROW_76_1355,VPWR,li1,95.9100,220.0130,1.799827
TAP_TAPCELL_ROW_76_1354,VPWR,li1,70.1500,220.0130,1.799849
TAP_TAPCELL_ROW_76_1353,VPWR,li1,44.3900,220.0130,1.799899
TAP_TAPCELL_ROW_76_1352,VPWR,li1,18.6300,220.0130,1.799961
TAP_TAPCELL_ROW_75_1351,VPWR,li1,366.3900,215.1860,1.799902
TAP_TAPCELL_ROW_75_1350,VPWR,li1,340.6300,215.1860,1.799929
TAP_TAPCELL_ROW_75_1349,VPWR,li1,314.8700,215.1860,1.799895
TAP_TAPCELL_ROW_75_1348,VPWR,li1,289.1100,215.1860,1.799829
TAP_TAPCELL_ROW_75_1347,VPWR,li1,263.3500,215.1860,1.799790
TAP_TAPCELL_ROW_75_1346,VPWR,li1,237.5900,215.1860,1.799786
TAP_TAPCELL_ROW_75_1345,VPWR,li1,211.8300,215.1860,1.799816
TAP_TAPCELL_ROW_75_1344,VPWR,li1,186.0700,215.1860,1.799893
TAP_TAPCELL_ROW_75_1343,VPWR,li1,160.3100,215.1860,1.799927
TAP_TAPCELL_ROW_75_1342,VPWR,li1,134.5500,215.1860,1.799908
TAP_TAPCELL_ROW_75_1341,VPWR,li1,108.7900,215.1860,1.799899
TAP_TAPCELL_ROW_75_1340,VPWR,li1,83.0300,215.1860,1.799899
TAP_TAPCELL_ROW_75_1339,VPWR,li1,57.2700,215.1860,1.799918
TAP_TAPCELL_ROW_75_1338,VPWR,li1,31.5100,215.1860,1.799951
TAP_TAPCELL_ROW_74_1337,VPWR,li1,353.5100,214.5730,1.799914
TAP_TAPCELL_ROW_74_1336,VPWR,li1,327.7500,214.5730,1.799936
TAP_TAPCELL_ROW_74_1335,VPWR,li1,301.9900,214.5730,1.799854
TAP_TAPCELL_ROW_74_1334,VPWR,li1,276.2300,214.5730,1.799805
TAP_TAPCELL_ROW_74_1333,VPWR,li1,250.4700,214.5730,1.799782
TAP_TAPCELL_ROW_74_1332,VPWR,li1,224.7100,214.5730,1.799795
TAP_TAPCELL_ROW_74_1331,VPWR,li1,198.9500,214.5730,1.799847
TAP_TAPCELL_ROW_74_1330,VPWR,li1,173.1900,214.5730,1.799940
TAP_TAPCELL_ROW_74_1329,VPWR,li1,147.4300,214.5730,1.799915
TAP_TAPCELL_ROW_74_1328,VPWR,li1,121.6700,214.5730,1.799903
TAP_TAPCELL_ROW_74_1327,VPWR,li1,95.9100,214.5730,1.799898
TAP_TAPCELL_ROW_74_1326,VPWR,li1,70.1500,214.5730,1.799905
TAP_TAPCELL_ROW_74_1325,VPWR,li1,44.3900,214.5730,1.799934
TAP_TAPCELL_ROW_74_1324,VPWR,li1,18.6300,214.5730,1.799967
TAP_TAPCELL_ROW_73_1323,VPWR,li1,366.3900,209.7460,1.799859
TAP_TAPCELL_ROW_73_1322,VPWR,li1,340.6300,209.7460,1.799913
TAP_TAPCELL_ROW_73_1321,VPWR,li1,314.8700,209.7460,1.799867
TAP_TAPCELL_ROW_73_1320,VPWR,li1,289.1100,209.7460,1.799769
TAP_TAPCELL_ROW_73_1319,VPWR,li1,263.3500,209.7460,1.799695
TAP_TAPCELL_ROW_73_1318,VPWR,li1,237.5900,209.7460,1.799638
TAP_TAPCELL_ROW_73_1317,VPWR,li1,211.8300,209.7460,1.799592
TAP_TAPCELL_ROW_73_1316,VPWR,li1,186.0700,209.7460,1.799764
TAP_TAPCELL_ROW_73_1315,VPWR,li1,160.3100,209.7460,1.799861
TAP_TAPCELL_ROW_73_1314,VPWR,li1,134.5500,209.7460,1.799842
TAP_TAPCELL_ROW_73_1313,VPWR,li1,108.7900,209.7460,1.799845
TAP_TAPCELL_ROW_73_1312,VPWR,li1,83.0300,209.7460,1.799867
TAP_TAPCELL_ROW_73_1311,VPWR,li1,57.2700,209.7460,1.799900
TAP_TAPCELL_ROW_73_1310,VPWR,li1,31.5100,209.7460,1.799951
TAP_TAPCELL_ROW_72_1309,VPWR,li1,353.5100,209.1330,1.799884
TAP_TAPCELL_ROW_72_1308,VPWR,li1,327.7500,209.1330,1.799922
TAP_TAPCELL_ROW_72_1307,VPWR,li1,301.9900,209.1330,1.799814
TAP_TAPCELL_ROW_72_1306,VPWR,li1,276.2300,209.1330,1.799729
TAP_TAPCELL_ROW_72_1305,VPWR,li1,250.4700,209.1330,1.799665
TAP_TAPCELL_ROW_72_1304,VPWR,li1,224.7100,209.1330,1.799613
TAP_TAPCELL_ROW_72_1303,VPWR,li1,198.9500,209.1330,1.799638
TAP_TAPCELL_ROW_72_1302,VPWR,li1,173.1900,209.1330,1.799875
TAP_TAPCELL_ROW_72_1301,VPWR,li1,147.4300,209.1330,1.799849
TAP_TAPCELL_ROW_72_1300,VPWR,li1,121.6700,209.1330,1.799842
TAP_TAPCELL_ROW_72_1299,VPWR,li1,95.9100,209.1330,1.799854
TAP_TAPCELL_ROW_72_1298,VPWR,li1,70.1500,209.1330,1.799883
TAP_TAPCELL_ROW_72_1297,VPWR,li1,44.3900,209.1330,1.799924
TAP_TAPCELL_ROW_72_1296,VPWR,li1,18.6300,209.1330,1.799969
TAP_TAPCELL_ROW_71_1295,VPWR,li1,366.3900,204.3060,1.799532
TAP_TAPCELL_ROW_71_1294,VPWR,li1,340.6300,204.3060,1.799680
TAP_TAPCELL_ROW_71_1293,VPWR,li1,314.8700,204.3060,1.799831
TAP_TAPCELL_ROW_71_1292,VPWR,li1,289.1100,204.3060,1.799824
TAP_TAPCELL_ROW_71_1291,VPWR,li1,263.3500,204.3060,1.799828
TAP_TAPCELL_ROW_71_1290,VPWR,li1,237.5900,204.3060,1.799846
TAP_TAPCELL_ROW_71_1289,VPWR,li1,211.8300,204.3060,1.799881
TAP_TAPCELL_ROW_71_1288,VPWR,li1,186.0700,204.3060,1.799928
TAP_TAPCELL_ROW_71_1287,VPWR,li1,160.3100,204.3060,1.799925
TAP_TAPCELL_ROW_71_1286,VPWR,li1,134.5500,204.3060,1.799890
TAP_TAPCELL_ROW_71_1285,VPWR,li1,108.7900,204.3060,1.799870
TAP_TAPCELL_ROW_71_1284,VPWR,li1,83.0300,204.3060,1.799873
TAP_TAPCELL_ROW_71_1283,VPWR,li1,57.2700,204.3060,1.799898
TAP_TAPCELL_ROW_71_1282,VPWR,li1,31.5100,204.3060,1.799943
TAP_TAPCELL_ROW_70_1281,VPWR,li1,353.5100,203.6930,1.799590
TAP_TAPCELL_ROW_70_1280,VPWR,li1,327.7500,203.6930,1.799841
TAP_TAPCELL_ROW_70_1279,VPWR,li1,301.9900,203.6930,1.799826
TAP_TAPCELL_ROW_70_1278,VPWR,li1,276.2300,203.6930,1.799825
TAP_TAPCELL_ROW_70_1277,VPWR,li1,250.4700,203.6930,1.799834
TAP_TAPCELL_ROW_70_1276,VPWR,li1,224.7100,203.6930,1.799863
TAP_TAPCELL_ROW_70_1275,VPWR,li1,198.9500,203.6930,1.799904
TAP_TAPCELL_ROW_70_1274,VPWR,li1,173.1900,203.6930,1.799949
TAP_TAPCELL_ROW_70_1273,VPWR,li1,147.4300,203.6930,1.799907
TAP_TAPCELL_ROW_70_1272,VPWR,li1,121.6700,203.6930,1.799877
TAP_TAPCELL_ROW_70_1271,VPWR,li1,95.9100,203.6930,1.799868
TAP_TAPCELL_ROW_70_1270,VPWR,li1,70.1500,203.6930,1.799883
TAP_TAPCELL_ROW_70_1269,VPWR,li1,44.3900,203.6930,1.799918
TAP_TAPCELL_ROW_70_1268,VPWR,li1,18.6300,203.6930,1.799962
TAP_TAPCELL_ROW_69_1267,VPWR,li1,366.3900,198.8660,1.799755
TAP_TAPCELL_ROW_69_1266,VPWR,li1,340.6300,198.8660,1.799829
TAP_TAPCELL_ROW_69_1265,VPWR,li1,314.8700,198.8660,1.799882
TAP_TAPCELL_ROW_69_1264,VPWR,li1,289.1100,198.8660,1.799856
TAP_TAPCELL_ROW_69_1263,VPWR,li1,263.3500,198.8660,1.799848
TAP_TAPCELL_ROW_69_1262,VPWR,li1,237.5900,198.8660,1.799860
TAP_TAPCELL_ROW_69_1261,VPWR,li1,211.8300,198.8660,1.799890
TAP_TAPCELL_ROW_69_1260,VPWR,li1,186.0700,198.8660,1.799933
TAP_TAPCELL_ROW_69_1259,VPWR,li1,160.3100,198.8660,1.799937
TAP_TAPCELL_ROW_69_1258,VPWR,li1,134.5500,198.8660,1.799900
TAP_TAPCELL_ROW_69_1257,VPWR,li1,108.7900,198.8660,1.799870
TAP_TAPCELL_ROW_69_1256,VPWR,li1,83.0300,198.8660,1.799886
TAP_TAPCELL_ROW_69_1255,VPWR,li1,57.2700,198.8660,1.799909
TAP_TAPCELL_ROW_69_1254,VPWR,li1,31.5100,198.8660,1.799943
TAP_TAPCELL_ROW_68_1253,VPWR,li1,353.5100,198.2530,1.799787
TAP_TAPCELL_ROW_68_1252,VPWR,li1,327.7500,198.2530,1.799901
TAP_TAPCELL_ROW_68_1251,VPWR,li1,301.9900,198.2530,1.799869
TAP_TAPCELL_ROW_68_1250,VPWR,li1,276.2300,198.2530,1.799849
TAP_TAPCELL_ROW_68_1249,VPWR,li1,250.4700,198.2530,1.799851
TAP_TAPCELL_ROW_68_1248,VPWR,li1,224.7100,198.2530,1.799875
TAP_TAPCELL_ROW_68_1247,VPWR,li1,198.9500,198.2530,1.799910
TAP_TAPCELL_ROW_68_1246,VPWR,li1,173.1900,198.2530,1.799956
TAP_TAPCELL_ROW_68_1245,VPWR,li1,147.4300,198.2530,1.799918
TAP_TAPCELL_ROW_68_1244,VPWR,li1,121.6700,198.2530,1.799884
TAP_TAPCELL_ROW_68_1243,VPWR,li1,95.9100,198.2530,1.799877
TAP_TAPCELL_ROW_68_1242,VPWR,li1,70.1500,198.2530,1.799895
TAP_TAPCELL_ROW_68_1241,VPWR,li1,44.3900,198.2530,1.799925
TAP_TAPCELL_ROW_68_1240,VPWR,li1,18.6300,198.2530,1.799960
TAP_TAPCELL_ROW_67_1239,VPWR,li1,366.3900,193.4260,1.799403
TAP_TAPCELL_ROW_67_1238,VPWR,li1,340.6300,193.4260,1.799590
TAP_TAPCELL_ROW_67_1237,VPWR,li1,314.8700,193.4260,1.799717
TAP_TAPCELL_ROW_67_1236,VPWR,li1,289.1100,193.4260,1.799675
TAP_TAPCELL_ROW_67_1235,VPWR,li1,263.3500,193.4260,1.799683
TAP_TAPCELL_ROW_67_1234,VPWR,li1,237.5900,193.4260,1.799705
TAP_TAPCELL_ROW_67_1233,VPWR,li1,211.8300,193.4260,1.799753
TAP_TAPCELL_ROW_67_1232,VPWR,li1,186.0700,193.4260,1.799828
TAP_TAPCELL_ROW_67_1231,VPWR,li1,160.3100,193.4260,1.799685
TAP_TAPCELL_ROW_67_1230,VPWR,li1,134.5500,193.4260,1.799408
TAP_TAPCELL_ROW_67_1229,VPWR,li1,108.7900,193.4260,1.799168
TAP_TAPCELL_ROW_67_1228,VPWR,li1,83.0300,193.4260,1.799225
TAP_TAPCELL_ROW_67_1227,VPWR,li1,57.2700,193.4260,1.799457
TAP_TAPCELL_ROW_67_1226,VPWR,li1,31.5100,193.4260,1.799752
TAP_TAPCELL_ROW_66_1225,VPWR,li1,353.5100,192.8130,1.799476
TAP_TAPCELL_ROW_66_1224,VPWR,li1,327.7500,192.8130,1.799769
TAP_TAPCELL_ROW_66_1223,VPWR,li1,301.9900,192.8130,1.799688
TAP_TAPCELL_ROW_66_1222,VPWR,li1,276.2300,192.8130,1.799677
TAP_TAPCELL_ROW_66_1221,VPWR,li1,250.4700,192.8130,1.799692
TAP_TAPCELL_ROW_66_1220,VPWR,li1,224.7100,192.8130,1.799725
TAP_TAPCELL_ROW_66_1219,VPWR,li1,198.9500,192.8130,1.799785
TAP_TAPCELL_ROW_66_1218,VPWR,li1,173.1900,192.8130,1.799835
TAP_TAPCELL_ROW_66_1217,VPWR,li1,147.4300,192.8130,1.799543
TAP_TAPCELL_ROW_66_1216,VPWR,li1,121.6700,192.8130,1.799283
TAP_TAPCELL_ROW_66_1215,VPWR,li1,95.9100,192.8130,1.799153
TAP_TAPCELL_ROW_66_1214,VPWR,li1,70.1500,192.8130,1.799323
TAP_TAPCELL_ROW_66_1213,VPWR,li1,44.3900,192.8130,1.799592
TAP_TAPCELL_ROW_66_1212,VPWR,li1,18.6300,192.8130,1.799853
TAP_TAPCELL_ROW_65_1211,VPWR,li1,366.3900,187.9860,1.799421
TAP_TAPCELL_ROW_65_1210,VPWR,li1,340.6300,187.9860,1.799552
TAP_TAPCELL_ROW_65_1209,VPWR,li1,314.8700,187.9860,1.799687
TAP_TAPCELL_ROW_65_1208,VPWR,li1,289.1100,187.9860,1.799631
TAP_TAPCELL_ROW_65_1207,VPWR,li1,263.3500,187.9860,1.799643
TAP_TAPCELL_ROW_65_1206,VPWR,li1,237.5900,187.9860,1.799679
TAP_TAPCELL_ROW_65_1205,VPWR,li1,211.8300,187.9860,1.799725
TAP_TAPCELL_ROW_65_1204,VPWR,li1,186.0700,187.9860,1.799788
TAP_TAPCELL_ROW_65_1203,VPWR,li1,160.3100,187.9860,1.799552
TAP_TAPCELL_ROW_65_1202,VPWR,li1,134.5500,187.9860,1.799162
TAP_TAPCELL_ROW_65_1201,VPWR,li1,108.7900,187.9860,1.798847
TAP_TAPCELL_ROW_65_1200,VPWR,li1,83.0300,187.9860,1.798980
TAP_TAPCELL_ROW_65_1199,VPWR,li1,57.2700,187.9860,1.799305
TAP_TAPCELL_ROW_65_1198,VPWR,li1,31.5100,187.9860,1.799676
TAP_TAPCELL_ROW_64_1197,VPWR,li1,353.5100,187.3730,1.799451
TAP_TAPCELL_ROW_64_1196,VPWR,li1,327.7500,187.3730,1.799727
TAP_TAPCELL_ROW_64_1195,VPWR,li1,301.9900,187.3730,1.799656
TAP_TAPCELL_ROW_64_1194,VPWR,li1,276.2300,187.3730,1.799630
TAP_TAPCELL_ROW_64_1193,VPWR,li1,250.4700,187.3730,1.799661
TAP_TAPCELL_ROW_64_1192,VPWR,li1,224.7100,187.3730,1.799698
TAP_TAPCELL_ROW_64_1191,VPWR,li1,198.9500,187.3730,1.799752
TAP_TAPCELL_ROW_64_1190,VPWR,li1,173.1900,187.3730,1.799765
TAP_TAPCELL_ROW_64_1189,VPWR,li1,147.4300,187.3730,1.799368
TAP_TAPCELL_ROW_64_1188,VPWR,li1,121.6700,187.3730,1.798959
TAP_TAPCELL_ROW_64_1187,VPWR,li1,95.9100,187.3730,1.798886
TAP_TAPCELL_ROW_64_1186,VPWR,li1,70.1500,187.3730,1.799132
TAP_TAPCELL_ROW_64_1185,VPWR,li1,44.3900,187.3730,1.799479
TAP_TAPCELL_ROW_64_1184,VPWR,li1,18.6300,187.3730,1.799821
TAP_TAPCELL_ROW_63_1183,VPWR,li1,366.3900,182.5460,1.799345
TAP_TAPCELL_ROW_63_1182,VPWR,li1,340.6300,182.5460,1.799474
TAP_TAPCELL_ROW_63_1181,VPWR,li1,314.8700,182.5460,1.799646
TAP_TAPCELL_ROW_63_1180,VPWR,li1,289.1100,182.5460,1.799559
TAP_TAPCELL_ROW_63_1179,VPWR,li1,263.3500,182.5460,1.799564
TAP_TAPCELL_ROW_63_1178,VPWR,li1,237.5900,182.5460,1.799639
TAP_TAPCELL_ROW_63_1177,VPWR,li1,211.8300,182.5460,1.799732
TAP_TAPCELL_ROW_63_1176,VPWR,li1,186.0700,182.5460,1.799838
TAP_TAPCELL_ROW_63_1175,VPWR,li1,160.3100,182.5460,1.799769
TAP_TAPCELL_ROW_63_1174,VPWR,li1,134.5500,182.5460,1.799585
TAP_TAPCELL_ROW_63_1173,VPWR,li1,108.7900,182.5460,1.799431
TAP_TAPCELL_ROW_63_1172,VPWR,li1,83.0300,182.5460,1.799495
TAP_TAPCELL_ROW_63_1171,VPWR,li1,57.2700,182.5460,1.799655
TAP_TAPCELL_ROW_63_1170,VPWR,li1,31.5100,182.5460,1.799835
TAP_TAPCELL_ROW_62_1169,VPWR,li1,353.5100,181.9330,1.799388
TAP_TAPCELL_ROW_62_1168,VPWR,li1,327.7500,181.9330,1.799718
TAP_TAPCELL_ROW_62_1167,VPWR,li1,301.9900,181.9330,1.799600
TAP_TAPCELL_ROW_62_1166,VPWR,li1,276.2300,181.9330,1.799547
TAP_TAPCELL_ROW_62_1165,VPWR,li1,250.4700,181.9330,1.799592
TAP_TAPCELL_ROW_62_1164,VPWR,li1,224.7100,181.9330,1.799682
TAP_TAPCELL_ROW_62_1163,VPWR,li1,198.9500,181.9330,1.799786
TAP_TAPCELL_ROW_62_1162,VPWR,li1,173.1900,181.9330,1.799857
TAP_TAPCELL_ROW_62_1161,VPWR,li1,147.4300,181.9330,1.799671
TAP_TAPCELL_ROW_62_1160,VPWR,li1,121.6700,181.9330,1.799500
TAP_TAPCELL_ROW_62_1159,VPWR,li1,95.9100,181.9330,1.799448
TAP_TAPCELL_ROW_62_1158,VPWR,li1,70.1500,181.9330,1.799572
TAP_TAPCELL_ROW_62_1157,VPWR,li1,44.3900,181.9330,1.799750
TAP_TAPCELL_ROW_62_1156,VPWR,li1,18.6300,181.9330,1.799909
TAP_TAPCELL_ROW_61_1155,VPWR,li1,366.3900,177.1060,1.799796
TAP_TAPCELL_ROW_61_1154,VPWR,li1,340.6300,177.1060,1.799839
TAP_TAPCELL_ROW_61_1153,VPWR,li1,314.8700,177.1060,1.799783
TAP_TAPCELL_ROW_61_1152,VPWR,li1,289.1100,177.1060,1.799683
TAP_TAPCELL_ROW_61_1151,VPWR,li1,263.3500,177.1060,1.799640
TAP_TAPCELL_ROW_61_1150,VPWR,li1,237.5900,177.1060,1.799689
TAP_TAPCELL_ROW_61_1149,VPWR,li1,211.8300,177.1060,1.799763
TAP_TAPCELL_ROW_61_1148,VPWR,li1,186.0700,177.1060,1.799847
TAP_TAPCELL_ROW_61_1147,VPWR,li1,160.3100,177.1060,1.799767
TAP_TAPCELL_ROW_61_1146,VPWR,li1,134.5500,177.1060,1.799595
TAP_TAPCELL_ROW_61_1145,VPWR,li1,108.7900,177.1060,1.799447
TAP_TAPCELL_ROW_61_1144,VPWR,li1,83.0300,177.1060,1.799491
TAP_TAPCELL_ROW_61_1143,VPWR,li1,57.2700,177.1060,1.799650
TAP_TAPCELL_ROW_61_1142,VPWR,li1,31.5100,177.1060,1.799832
TAP_TAPCELL_ROW_60_1141,VPWR,li1,353.5100,176.4930,1.799813
TAP_TAPCELL_ROW_60_1140,VPWR,li1,327.7500,176.4930,1.799854
TAP_TAPCELL_ROW_60_1139,VPWR,li1,301.9900,176.4930,1.799736
TAP_TAPCELL_ROW_60_1138,VPWR,li1,276.2300,176.4930,1.799641
TAP_TAPCELL_ROW_60_1137,VPWR,li1,250.4700,176.4930,1.799663
TAP_TAPCELL_ROW_60_1136,VPWR,li1,224.7100,176.4930,1.799729
TAP_TAPCELL_ROW_60_1135,VPWR,li1,198.9500,176.4930,1.799804
TAP_TAPCELL_ROW_60_1134,VPWR,li1,173.1900,176.4930,1.799869
TAP_TAPCELL_ROW_60_1133,VPWR,li1,147.4300,176.4930,1.799678
TAP_TAPCELL_ROW_60_1132,VPWR,li1,121.6700,176.4930,1.799511
TAP_TAPCELL_ROW_60_1131,VPWR,li1,95.9100,176.4930,1.799446
TAP_TAPCELL_ROW_60_1130,VPWR,li1,70.1500,176.4930,1.799562
TAP_TAPCELL_ROW_60_1129,VPWR,li1,44.3900,176.4930,1.799731
TAP_TAPCELL_ROW_60_1128,VPWR,li1,18.6300,176.4930,1.799911
TAP_TAPCELL_ROW_59_1127,VPWR,li1,366.3900,171.6660,1.799850
TAP_TAPCELL_ROW_59_1126,VPWR,li1,340.6300,171.6660,1.799884
TAP_TAPCELL_ROW_59_1125,VPWR,li1,314.8700,171.6660,1.799835
TAP_TAPCELL_ROW_59_1124,VPWR,li1,289.1100,171.6660,1.799740
TAP_TAPCELL_ROW_59_1123,VPWR,li1,263.3500,171.6660,1.799682
TAP_TAPCELL_ROW_59_1122,VPWR,li1,237.5900,171.6660,1.799726
TAP_TAPCELL_ROW_59_1121,VPWR,li1,211.8300,171.6660,1.799791
TAP_TAPCELL_ROW_59_1120,VPWR,li1,186.0700,171.6660,1.799871
TAP_TAPCELL_ROW_59_1119,VPWR,li1,160.3100,171.6660,1.799816
TAP_TAPCELL_ROW_59_1118,VPWR,li1,134.5500,171.6660,1.799687
TAP_TAPCELL_ROW_59_1117,VPWR,li1,108.7900,171.6660,1.799574
TAP_TAPCELL_ROW_59_1116,VPWR,li1,83.0300,171.6660,1.799604
TAP_TAPCELL_ROW_59_1115,VPWR,li1,57.2700,171.6660,1.799720
TAP_TAPCELL_ROW_59_1114,VPWR,li1,31.5100,171.6660,1.799865
TAP_TAPCELL_ROW_58_1113,VPWR,li1,353.5100,171.0530,1.799862
TAP_TAPCELL_ROW_58_1112,VPWR,li1,327.7500,171.0530,1.799895
TAP_TAPCELL_ROW_58_1111,VPWR,li1,301.9900,171.0530,1.799790
TAP_TAPCELL_ROW_58_1110,VPWR,li1,276.2300,171.0530,1.799695
TAP_TAPCELL_ROW_58_1109,VPWR,li1,250.4700,171.0530,1.799702
TAP_TAPCELL_ROW_58_1108,VPWR,li1,224.7100,171.0530,1.799759
TAP_TAPCELL_ROW_58_1107,VPWR,li1,198.9500,171.0530,1.799829
TAP_TAPCELL_ROW_58_1106,VPWR,li1,173.1900,171.0530,1.799894
TAP_TAPCELL_ROW_58_1105,VPWR,li1,147.4300,171.0530,1.799749
TAP_TAPCELL_ROW_58_1104,VPWR,li1,121.6700,171.0530,1.799624
TAP_TAPCELL_ROW_58_1103,VPWR,li1,95.9100,171.0530,1.799570
TAP_TAPCELL_ROW_58_1102,VPWR,li1,70.1500,171.0530,1.799659
TAP_TAPCELL_ROW_58_1101,VPWR,li1,44.3900,171.0530,1.799785
TAP_TAPCELL_ROW_58_1100,VPWR,li1,18.6300,171.0530,1.799925
TAP_TAPCELL_ROW_57_1099,VPWR,li1,366.3900,166.2260,1.799576
TAP_TAPCELL_ROW_57_1098,VPWR,li1,340.6300,166.2260,1.799773
TAP_TAPCELL_ROW_57_1097,VPWR,li1,314.8700,166.2260,1.799850
TAP_TAPCELL_ROW_57_1096,VPWR,li1,289.1100,166.2260,1.799809
TAP_TAPCELL_ROW_57_1095,VPWR,li1,263.3500,166.2260,1.799783
TAP_TAPCELL_ROW_57_1094,VPWR,li1,237.5900,166.2260,1.799800
TAP_TAPCELL_ROW_57_1093,VPWR,li1,211.8300,166.2260,1.799838
TAP_TAPCELL_ROW_57_1092,VPWR,li1,186.0700,166.2260,1.799890
TAP_TAPCELL_ROW_57_1091,VPWR,li1,160.3100,166.2260,1.799826
TAP_TAPCELL_ROW_57_1090,VPWR,li1,134.5500,166.2260,1.799714
TAP_TAPCELL_ROW_57_1089,VPWR,li1,108.7900,166.2260,1.799657
TAP_TAPCELL_ROW_57_1088,VPWR,li1,83.0300,166.2260,1.799682
TAP_TAPCELL_ROW_57_1087,VPWR,li1,57.2700,166.2260,1.799752
TAP_TAPCELL_ROW_57_1086,VPWR,li1,31.5100,166.2260,1.799877
TAP_TAPCELL_ROW_56_1085,VPWR,li1,353.5100,165.6130,1.799660
TAP_TAPCELL_ROW_56_1084,VPWR,li1,327.7500,165.6130,1.799875
TAP_TAPCELL_ROW_56_1083,VPWR,li1,301.9900,165.6130,1.799830
TAP_TAPCELL_ROW_56_1082,VPWR,li1,276.2300,165.6130,1.799792
TAP_TAPCELL_ROW_56_1081,VPWR,li1,250.4700,165.6130,1.799790
TAP_TAPCELL_ROW_56_1080,VPWR,li1,224.7100,165.6130,1.799816
TAP_TAPCELL_ROW_56_1079,VPWR,li1,198.9500,165.6130,1.799866
TAP_TAPCELL_ROW_56_1078,VPWR,li1,173.1900,165.6130,1.799894
TAP_TAPCELL_ROW_56_1077,VPWR,li1,147.4300,165.6130,1.799752
TAP_TAPCELL_ROW_56_1076,VPWR,li1,121.6700,165.6130,1.799684
TAP_TAPCELL_ROW_56_1075,VPWR,li1,95.9100,165.6130,1.799656
TAP_TAPCELL_ROW_56_1074,VPWR,li1,70.1500,165.6130,1.799714
TAP_TAPCELL_ROW_56_1073,VPWR,li1,44.3900,165.6130,1.799816
TAP_TAPCELL_ROW_56_1072,VPWR,li1,18.6300,165.6130,1.799934
TAP_TAPCELL_ROW_55_1071,VPWR,li1,366.3900,160.7860,1.797635
TAP_TAPCELL_ROW_55_1070,VPWR,li1,340.6300,160.7860,1.798503
TAP_TAPCELL_ROW_55_1069,VPWR,li1,314.8700,160.7860,1.799230
TAP_TAPCELL_ROW_55_1068,VPWR,li1,289.1100,160.7860,1.799177
TAP_TAPCELL_ROW_55_1067,VPWR,li1,263.3500,160.7860,1.799152
TAP_TAPCELL_ROW_55_1066,VPWR,li1,237.5900,160.7860,1.799220
TAP_TAPCELL_ROW_55_1065,VPWR,li1,211.8300,160.7860,1.799331
TAP_TAPCELL_ROW_55_1064,VPWR,li1,186.0700,160.7860,1.799476
TAP_TAPCELL_ROW_55_1063,VPWR,li1,160.3100,160.7860,1.799358
TAP_TAPCELL_ROW_55_1062,VPWR,li1,134.5500,160.7860,1.799342
TAP_TAPCELL_ROW_55_1061,VPWR,li1,108.7900,160.7860,1.799406
TAP_TAPCELL_ROW_55_1060,VPWR,li1,83.0300,160.7860,1.799511
TAP_TAPCELL_ROW_55_1059,VPWR,li1,57.2700,160.7860,1.799655
TAP_TAPCELL_ROW_55_1058,VPWR,li1,31.5100,160.7860,1.799834
TAP_TAPCELL_ROW_54_1057,VPWR,li1,353.5100,160.1730,1.797863
TAP_TAPCELL_ROW_54_1056,VPWR,li1,327.7500,160.1730,1.799258
TAP_TAPCELL_ROW_54_1055,VPWR,li1,301.9900,160.1730,1.799203
TAP_TAPCELL_ROW_54_1054,VPWR,li1,276.2300,160.1730,1.799155
TAP_TAPCELL_ROW_54_1053,VPWR,li1,250.4700,160.1730,1.799181
TAP_TAPCELL_ROW_54_1052,VPWR,li1,224.7100,160.1730,1.799268
TAP_TAPCELL_ROW_54_1051,VPWR,li1,198.9500,160.1730,1.799395
TAP_TAPCELL_ROW_54_1050,VPWR,li1,173.1900,160.1730,1.799561
TAP_TAPCELL_ROW_54_1049,VPWR,li1,147.4300,160.1730,1.799321
TAP_TAPCELL_ROW_54_1048,VPWR,li1,121.6700,160.1730,1.799375
TAP_TAPCELL_ROW_54_1047,VPWR,li1,95.9100,160.1730,1.799443
TAP_TAPCELL_ROW_54_1046,VPWR,li1,70.1500,160.1730,1.799577
TAP_TAPCELL_ROW_54_1045,VPWR,li1,44.3900,160.1730,1.799746
TAP_TAPCELL_ROW_54_1044,VPWR,li1,18.6300,160.1730,1.799913
TAP_TAPCELL_ROW_53_1043,VPWR,li1,366.3900,155.3460,1.798197
TAP_TAPCELL_ROW_53_1042,VPWR,li1,340.6300,155.3460,1.798803
TAP_TAPCELL_ROW_53_1041,VPWR,li1,314.8700,155.3460,1.799286
TAP_TAPCELL_ROW_53_1040,VPWR,li1,289.1100,155.3460,1.799213
TAP_TAPCELL_ROW_53_1039,VPWR,li1,263.3500,155.3460,1.799156
TAP_TAPCELL_ROW_53_1038,VPWR,li1,237.5900,155.3460,1.799118
TAP_TAPCELL_ROW_53_1037,VPWR,li1,211.8300,155.3460,1.799111
TAP_TAPCELL_ROW_53_1036,VPWR,li1,186.0700,155.3460,1.799132
TAP_TAPCELL_ROW_53_1035,VPWR,li1,160.3100,155.3460,1.798965
TAP_TAPCELL_ROW_53_1034,VPWR,li1,134.5500,155.3460,1.798890
TAP_TAPCELL_ROW_53_1033,VPWR,li1,108.7900,155.3460,1.799037
TAP_TAPCELL_ROW_53_1032,VPWR,li1,83.0300,155.3460,1.799244
TAP_TAPCELL_ROW_53_1031,VPWR,li1,57.2700,155.3460,1.799491
TAP_TAPCELL_ROW_53_1030,VPWR,li1,31.5100,155.3460,1.799762
TAP_TAPCELL_ROW_52_1029,VPWR,li1,353.5100,154.7330,1.798322
TAP_TAPCELL_ROW_52_1028,VPWR,li1,327.7500,154.7330,1.799340
TAP_TAPCELL_ROW_52_1027,VPWR,li1,301.9900,154.7330,1.799244
TAP_TAPCELL_ROW_52_1026,VPWR,li1,276.2300,154.7330,1.799181
TAP_TAPCELL_ROW_52_1025,VPWR,li1,250.4700,154.7330,1.799134
TAP_TAPCELL_ROW_52_1024,VPWR,li1,224.7100,154.7330,1.799108
TAP_TAPCELL_ROW_52_1023,VPWR,li1,198.9500,154.7330,1.799121
TAP_TAPCELL_ROW_52_1022,VPWR,li1,173.1900,154.7330,1.799247
TAP_TAPCELL_ROW_52_1021,VPWR,li1,147.4300,154.7330,1.798862
TAP_TAPCELL_ROW_52_1020,VPWR,li1,121.6700,154.7330,1.798963
TAP_TAPCELL_ROW_52_1019,VPWR,li1,95.9100,154.7330,1.799124
TAP_TAPCELL_ROW_52_1018,VPWR,li1,70.1500,154.7330,1.799357
TAP_TAPCELL_ROW_52_1017,VPWR,li1,44.3900,154.7330,1.799612
TAP_TAPCELL_ROW_52_1016,VPWR,li1,18.6300,154.7330,1.799869
TAP_TAPCELL_ROW_51_1015,VPWR,li1,366.3900,149.9060,1.795902
TAP_TAPCELL_ROW_51_1014,VPWR,li1,340.6300,149.9060,1.797452
TAP_TAPCELL_ROW_51_1013,VPWR,li1,314.8700,149.9060,1.798568
TAP_TAPCELL_ROW_51_1012,VPWR,li1,289.1100,149.9060,1.798343
TAP_TAPCELL_ROW_51_1011,VPWR,li1,263.3500,149.9060,1.798105
TAP_TAPCELL_ROW_51_1010,VPWR,li1,237.5900,149.9060,1.797910
TAP_TAPCELL_ROW_51_1009,VPWR,li1,211.8300,149.9060,1.797737
TAP_TAPCELL_ROW_51_1008,VPWR,li1,186.0700,149.9060,1.797788
TAP_TAPCELL_ROW_51_1007,VPWR,li1,160.3100,149.9060,1.798138
TAP_TAPCELL_ROW_51_1006,VPWR,li1,134.5500,149.9060,1.798184
TAP_TAPCELL_ROW_51_1005,VPWR,li1,108.7900,149.9060,1.798481
TAP_TAPCELL_ROW_51_1004,VPWR,li1,83.0300,149.9060,1.798830
TAP_TAPCELL_ROW_51_1003,VPWR,li1,57.2700,149.9060,1.799233
TAP_TAPCELL_ROW_51_1002,VPWR,li1,31.5100,149.9060,1.799649
TAP_TAPCELL_ROW_50_1001,VPWR,li1,353.5100,149.2930,1.796208
TAP_TAPCELL_ROW_50_1000,VPWR,li1,327.7500,149.2930,1.798703
TAP_TAPCELL_ROW_50_999,VPWR,li1,301.9900,149.2930,1.798451
TAP_TAPCELL_ROW_50_998,VPWR,li1,276.2300,149.2930,1.798224
TAP_TAPCELL_ROW_50_997,VPWR,li1,250.4700,149.2930,1.797997
TAP_TAPCELL_ROW_50_996,VPWR,li1,224.7100,149.2930,1.797821
TAP_TAPCELL_ROW_50_995,VPWR,li1,198.9500,149.2930,1.797667
TAP_TAPCELL_ROW_50_994,VPWR,li1,173.1900,149.2930,1.798485
TAP_TAPCELL_ROW_50_993,VPWR,li1,147.4300,149.2930,1.798069
TAP_TAPCELL_ROW_50_992,VPWR,li1,121.6700,149.2930,1.798306
TAP_TAPCELL_ROW_50_991,VPWR,li1,95.9100,149.2930,1.798662
TAP_TAPCELL_ROW_50_990,VPWR,li1,70.1500,149.2930,1.799022
TAP_TAPCELL_ROW_50_989,VPWR,li1,44.3900,149.2930,1.799430
TAP_TAPCELL_ROW_50_988,VPWR,li1,18.6300,149.2930,1.799818
TAP_TAPCELL_ROW_49_987,VPWR,li1,366.3900,144.4660,1.798297
TAP_TAPCELL_ROW_49_986,VPWR,li1,340.6300,144.4660,1.798717
TAP_TAPCELL_ROW_49_985,VPWR,li1,314.8700,144.4660,1.799106
TAP_TAPCELL_ROW_49_984,VPWR,li1,289.1100,144.4660,1.798848
TAP_TAPCELL_ROW_49_983,VPWR,li1,263.3500,144.4660,1.798646
TAP_TAPCELL_ROW_49_982,VPWR,li1,237.5900,144.4660,1.798470
TAP_TAPCELL_ROW_49_981,VPWR,li1,211.8300,144.4660,1.798325
TAP_TAPCELL_ROW_49_980,VPWR,li1,186.0700,144.4660,1.798305
TAP_TAPCELL_ROW_49_979,VPWR,li1,160.3100,144.4660,1.798672
TAP_TAPCELL_ROW_49_978,VPWR,li1,134.5500,144.4660,1.798549
TAP_TAPCELL_ROW_49_977,VPWR,li1,108.7900,144.4660,1.798648
TAP_TAPCELL_ROW_49_976,VPWR,li1,83.0300,144.4660,1.798887
TAP_TAPCELL_ROW_49_975,VPWR,li1,57.2700,144.4660,1.799254
TAP_TAPCELL_ROW_49_974,VPWR,li1,31.5100,144.4660,1.799663
TAP_TAPCELL_ROW_48_973,VPWR,li1,353.5100,143.8530,1.798337
TAP_TAPCELL_ROW_48_972,VPWR,li1,327.7500,143.8530,1.799255
TAP_TAPCELL_ROW_48_971,VPWR,li1,301.9900,143.8530,1.798987
TAP_TAPCELL_ROW_48_970,VPWR,li1,276.2300,143.8530,1.798744
TAP_TAPCELL_ROW_48_969,VPWR,li1,250.4700,143.8530,1.798558
TAP_TAPCELL_ROW_48_968,VPWR,li1,224.7100,143.8530,1.798390
TAP_TAPCELL_ROW_48_967,VPWR,li1,198.9500,143.8530,1.798258
TAP_TAPCELL_ROW_48_966,VPWR,li1,173.1900,143.8530,1.798915
TAP_TAPCELL_ROW_48_965,VPWR,li1,147.4300,143.8530,1.798553
TAP_TAPCELL_ROW_48_964,VPWR,li1,121.6700,143.8530,1.798596
TAP_TAPCELL_ROW_48_963,VPWR,li1,95.9100,143.8530,1.798755
TAP_TAPCELL_ROW_48_962,VPWR,li1,70.1500,143.8530,1.799053
TAP_TAPCELL_ROW_48_961,VPWR,li1,44.3900,143.8530,1.799431
TAP_TAPCELL_ROW_48_960,VPWR,li1,18.6300,143.8530,1.799822
TAP_TAPCELL_ROW_47_959,VPWR,li1,366.3900,139.0260,1.798863
TAP_TAPCELL_ROW_47_958,VPWR,li1,340.6300,139.0260,1.799033
TAP_TAPCELL_ROW_47_957,VPWR,li1,314.8700,139.0260,1.799310
TAP_TAPCELL_ROW_47_956,VPWR,li1,289.1100,139.0260,1.799079
TAP_TAPCELL_ROW_47_955,VPWR,li1,263.3500,139.0260,1.798963
TAP_TAPCELL_ROW_47_954,VPWR,li1,237.5900,139.0260,1.799011
TAP_TAPCELL_ROW_47_953,VPWR,li1,211.8300,139.0260,1.799106
TAP_TAPCELL_ROW_47_952,VPWR,li1,186.0700,139.0260,1.799271
TAP_TAPCELL_ROW_47_951,VPWR,li1,160.3100,139.0260,1.799406
TAP_TAPCELL_ROW_47_950,VPWR,li1,134.5500,139.0260,1.799392
TAP_TAPCELL_ROW_47_949,VPWR,li1,108.7900,139.0260,1.799490
TAP_TAPCELL_ROW_47_948,VPWR,li1,83.0300,139.0260,1.799600
TAP_TAPCELL_ROW_47_947,VPWR,li1,57.2700,139.0260,1.799725
TAP_TAPCELL_ROW_47_946,VPWR,li1,31.5100,139.0260,1.799873
TAP_TAPCELL_ROW_46_945,VPWR,li1,353.5100,138.4130,1.798870
TAP_TAPCELL_ROW_46_944,VPWR,li1,327.7500,138.4130,1.799457
TAP_TAPCELL_ROW_46_943,VPWR,li1,301.9900,138.4130,1.799187
TAP_TAPCELL_ROW_46_942,VPWR,li1,276.2300,138.4130,1.798978
TAP_TAPCELL_ROW_46_941,VPWR,li1,250.4700,138.4130,1.798979
TAP_TAPCELL_ROW_46_940,VPWR,li1,224.7100,138.4130,1.799057
TAP_TAPCELL_ROW_46_939,VPWR,li1,198.9500,138.4130,1.799156
TAP_TAPCELL_ROW_46_938,VPWR,li1,173.1900,138.4130,1.799514
TAP_TAPCELL_ROW_46_937,VPWR,li1,147.4300,138.4130,1.799358
TAP_TAPCELL_ROW_46_936,VPWR,li1,121.6700,138.4130,1.799442
TAP_TAPCELL_ROW_46_935,VPWR,li1,95.9100,138.4130,1.799541
TAP_TAPCELL_ROW_46_934,VPWR,li1,70.1500,138.4130,1.799659
TAP_TAPCELL_ROW_46_933,VPWR,li1,44.3900,138.4130,1.799802
TAP_TAPCELL_ROW_46_932,VPWR,li1,18.6300,138.4130,1.799925
TAP_TAPCELL_ROW_45_931,VPWR,li1,366.3900,133.5860,1.799769
TAP_TAPCELL_ROW_45_930,VPWR,li1,340.6300,133.5860,1.799809
TAP_TAPCELL_ROW_45_929,VPWR,li1,314.8700,133.5860,1.799825
TAP_TAPCELL_ROW_45_928,VPWR,li1,289.1100,133.5860,1.799793
TAP_TAPCELL_ROW_45_927,VPWR,li1,263.3500,133.5860,1.799791
TAP_TAPCELL_ROW_45_926,VPWR,li1,237.5900,133.5860,1.799807
TAP_TAPCELL_ROW_45_925,VPWR,li1,211.8300,133.5860,1.799837
TAP_TAPCELL_ROW_45_924,VPWR,li1,186.0700,133.5860,1.799891
TAP_TAPCELL_ROW_45_923,VPWR,li1,160.3100,133.5860,1.799809
TAP_TAPCELL_ROW_45_922,VPWR,li1,134.5500,133.5860,1.799715
TAP_TAPCELL_ROW_45_921,VPWR,li1,108.7900,133.5860,1.799730
TAP_TAPCELL_ROW_45_920,VPWR,li1,83.0300,133.5860,1.799771
TAP_TAPCELL_ROW_45_919,VPWR,li1,57.2700,133.5860,1.799836
TAP_TAPCELL_ROW_45_918,VPWR,li1,31.5100,133.5860,1.799919
TAP_TAPCELL_ROW_44_917,VPWR,li1,353.5100,132.9730,1.799783
TAP_TAPCELL_ROW_44_916,VPWR,li1,327.7500,132.9730,1.799860
TAP_TAPCELL_ROW_44_915,VPWR,li1,301.9900,132.9730,1.799805
TAP_TAPCELL_ROW_44_914,VPWR,li1,276.2300,132.9730,1.799790
TAP_TAPCELL_ROW_44_913,VPWR,li1,250.4700,132.9730,1.799798
TAP_TAPCELL_ROW_44_912,VPWR,li1,224.7100,132.9730,1.799819
TAP_TAPCELL_ROW_44_911,VPWR,li1,198.9500,132.9730,1.799863
TAP_TAPCELL_ROW_44_910,VPWR,li1,173.1900,132.9730,1.799894
TAP_TAPCELL_ROW_44_909,VPWR,li1,147.4300,132.9730,1.799729
TAP_TAPCELL_ROW_44_908,VPWR,li1,121.6700,132.9730,1.799718
TAP_TAPCELL_ROW_44_907,VPWR,li1,95.9100,132.9730,1.799746
TAP_TAPCELL_ROW_44_906,VPWR,li1,70.1500,132.9730,1.799803
TAP_TAPCELL_ROW_44_905,VPWR,li1,44.3900,132.9730,1.799877
TAP_TAPCELL_ROW_44_904,VPWR,li1,18.6300,132.9730,1.799953
TAP_TAPCELL_ROW_43_903,VPWR,li1,366.3900,128.1460,1.799604
TAP_TAPCELL_ROW_43_902,VPWR,li1,340.6300,128.1460,1.799626
TAP_TAPCELL_ROW_43_901,VPWR,li1,314.8700,128.1460,1.799615
TAP_TAPCELL_ROW_43_900,VPWR,li1,289.1100,128.1460,1.799456
TAP_TAPCELL_ROW_43_899,VPWR,li1,263.3500,128.1460,1.799378
TAP_TAPCELL_ROW_43_898,VPWR,li1,237.5900,128.1460,1.799381
TAP_TAPCELL_ROW_43_897,VPWR,li1,211.8300,128.1460,1.799466
TAP_TAPCELL_ROW_43_896,VPWR,li1,186.0700,128.1460,1.799559
TAP_TAPCELL_ROW_43_895,VPWR,li1,160.3100,128.1460,1.799235
TAP_TAPCELL_ROW_43_894,VPWR,li1,134.5500,128.1460,1.799221
TAP_TAPCELL_ROW_43_893,VPWR,li1,108.7900,128.1460,1.799269
TAP_TAPCELL_ROW_43_892,VPWR,li1,83.0300,128.1460,1.799412
TAP_TAPCELL_ROW_43_891,VPWR,li1,57.2700,128.1460,1.799572
TAP_TAPCELL_ROW_43_890,VPWR,li1,31.5100,128.1460,1.799814
TAP_TAPCELL_ROW_42_889,VPWR,li1,353.5100,127.5330,1.799612
TAP_TAPCELL_ROW_42_888,VPWR,li1,327.7500,127.5330,1.799699
TAP_TAPCELL_ROW_42_887,VPWR,li1,301.9900,127.5330,1.799529
TAP_TAPCELL_ROW_42_886,VPWR,li1,276.2300,127.5330,1.799397
TAP_TAPCELL_ROW_42_885,VPWR,li1,250.4700,127.5330,1.799372
TAP_TAPCELL_ROW_42_884,VPWR,li1,224.7100,127.5330,1.799416
TAP_TAPCELL_ROW_42_883,VPWR,li1,198.9500,127.5330,1.799513
TAP_TAPCELL_ROW_42_882,VPWR,li1,173.1900,127.5330,1.799532
TAP_TAPCELL_ROW_42_881,VPWR,li1,147.4300,127.5330,1.799204
TAP_TAPCELL_ROW_42_880,VPWR,li1,121.6700,127.5330,1.799242
TAP_TAPCELL_ROW_42_879,VPWR,li1,95.9100,127.5330,1.799335
TAP_TAPCELL_ROW_42_878,VPWR,li1,70.1500,127.5330,1.799492
TAP_TAPCELL_ROW_42_877,VPWR,li1,44.3900,127.5330,1.799689
TAP_TAPCELL_ROW_42_876,VPWR,li1,18.6300,127.5330,1.799896
TAP_TAPCELL_ROW_41_875,VPWR,li1,366.3900,122.7060,1.799316
TAP_TAPCELL_ROW_41_874,VPWR,li1,340.6300,122.7060,1.799370
TAP_TAPCELL_ROW_41_873,VPWR,li1,314.8700,122.7060,1.799538
TAP_TAPCELL_ROW_41_872,VPWR,li1,289.1100,122.7060,1.799398
TAP_TAPCELL_ROW_41_871,VPWR,li1,263.3500,122.7060,1.799348
TAP_TAPCELL_ROW_41_870,VPWR,li1,237.5900,122.7060,1.799358
TAP_TAPCELL_ROW_41_869,VPWR,li1,211.8300,122.7060,1.799404
TAP_TAPCELL_ROW_41_868,VPWR,li1,186.0700,122.7060,1.799476
TAP_TAPCELL_ROW_41_867,VPWR,li1,160.3100,122.7060,1.799198
TAP_TAPCELL_ROW_41_866,VPWR,li1,134.5500,122.7060,1.799228
TAP_TAPCELL_ROW_41_865,VPWR,li1,108.7900,122.7060,1.799288
TAP_TAPCELL_ROW_41_864,VPWR,li1,83.0300,122.7060,1.799422
TAP_TAPCELL_ROW_41_863,VPWR,li1,57.2700,122.7060,1.799598
TAP_TAPCELL_ROW_41_862,VPWR,li1,31.5100,122.7060,1.799811
TAP_TAPCELL_ROW_40_861,VPWR,li1,353.5100,122.0930,1.799324
TAP_TAPCELL_ROW_40_860,VPWR,li1,327.7500,122.0930,1.799629
TAP_TAPCELL_ROW_40_859,VPWR,li1,301.9900,122.0930,1.799471
TAP_TAPCELL_ROW_40_858,VPWR,li1,276.2300,122.0930,1.799353
TAP_TAPCELL_ROW_40_857,VPWR,li1,250.4700,122.0930,1.799350
TAP_TAPCELL_ROW_40_856,VPWR,li1,224.7100,122.0930,1.799377
TAP_TAPCELL_ROW_40_855,VPWR,li1,198.9500,122.0930,1.799440
TAP_TAPCELL_ROW_40_854,VPWR,li1,173.1900,122.0930,1.799412
TAP_TAPCELL_ROW_40_853,VPWR,li1,147.4300,122.0930,1.799205
TAP_TAPCELL_ROW_40_852,VPWR,li1,121.6700,122.0930,1.799252
TAP_TAPCELL_ROW_40_851,VPWR,li1,95.9100,122.0930,1.799347
TAP_TAPCELL_ROW_40_850,VPWR,li1,70.1500,122.0930,1.799506
TAP_TAPCELL_ROW_40_849,VPWR,li1,44.3900,122.0930,1.799706
TAP_TAPCELL_ROW_40_848,VPWR,li1,18.6300,122.0930,1.799899
TAP_TAPCELL_ROW_39_847,VPWR,li1,366.3900,117.2660,1.799518
TAP_TAPCELL_ROW_39_846,VPWR,li1,340.6300,117.2660,1.799535
TAP_TAPCELL_ROW_39_845,VPWR,li1,314.8700,117.2660,1.799514
TAP_TAPCELL_ROW_39_844,VPWR,li1,289.1100,117.2660,1.799309
TAP_TAPCELL_ROW_39_843,VPWR,li1,263.3500,117.2660,1.799224
TAP_TAPCELL_ROW_39_842,VPWR,li1,237.5900,117.2660,1.799245
TAP_TAPCELL_ROW_39_841,VPWR,li1,211.8300,117.2660,1.799333
TAP_TAPCELL_ROW_39_840,VPWR,li1,186.0700,117.2660,1.799445
TAP_TAPCELL_ROW_39_839,VPWR,li1,160.3100,117.2660,1.799064
TAP_TAPCELL_ROW_39_838,VPWR,li1,134.5500,117.2660,1.798989
TAP_TAPCELL_ROW_39_837,VPWR,li1,108.7900,117.2660,1.799051
TAP_TAPCELL_ROW_39_836,VPWR,li1,83.0300,117.2660,1.799228
TAP_TAPCELL_ROW_39_835,VPWR,li1,57.2700,117.2660,1.799446
TAP_TAPCELL_ROW_39_834,VPWR,li1,31.5100,117.2660,1.799732
TAP_TAPCELL_ROW_38_833,VPWR,li1,353.5100,116.6530,1.799523
TAP_TAPCELL_ROW_38_832,VPWR,li1,327.7500,116.6530,1.799637
TAP_TAPCELL_ROW_38_831,VPWR,li1,301.9900,116.6530,1.799412
TAP_TAPCELL_ROW_38_830,VPWR,li1,276.2300,116.6530,1.799231
TAP_TAPCELL_ROW_38_829,VPWR,li1,250.4700,116.6530,1.799225
TAP_TAPCELL_ROW_38_828,VPWR,li1,224.7100,116.6530,1.799287
TAP_TAPCELL_ROW_38_827,VPWR,li1,198.9500,116.6530,1.799390
TAP_TAPCELL_ROW_38_826,VPWR,li1,173.1900,116.6530,1.799387
TAP_TAPCELL_ROW_38_825,VPWR,li1,147.4300,116.6530,1.798972
TAP_TAPCELL_ROW_38_824,VPWR,li1,121.6700,116.6530,1.799018
TAP_TAPCELL_ROW_38_823,VPWR,li1,95.9100,116.6530,1.799133
TAP_TAPCELL_ROW_38_822,VPWR,li1,70.1500,116.6530,1.799321
TAP_TAPCELL_ROW_38_821,VPWR,li1,44.3900,116.6530,1.799590
TAP_TAPCELL_ROW_38_820,VPWR,li1,18.6300,116.6530,1.799863
TAP_TAPCELL_ROW_37_819,VPWR,li1,366.3900,111.8260,1.799852
TAP_TAPCELL_ROW_37_818,VPWR,li1,340.6300,111.8260,1.799890
TAP_TAPCELL_ROW_37_817,VPWR,li1,314.8700,111.8260,1.799863
TAP_TAPCELL_ROW_37_816,VPWR,li1,289.1100,111.8260,1.799809
TAP_TAPCELL_ROW_37_815,VPWR,li1,263.3500,111.8260,1.799775
TAP_TAPCELL_ROW_37_814,VPWR,li1,237.5900,111.8260,1.799769
TAP_TAPCELL_ROW_37_813,VPWR,li1,211.8300,111.8260,1.799810
TAP_TAPCELL_ROW_37_812,VPWR,li1,186.0700,111.8260,1.799877
TAP_TAPCELL_ROW_37_811,VPWR,li1,160.3100,111.8260,1.799831
TAP_TAPCELL_ROW_37_810,VPWR,li1,134.5500,111.8260,1.799775
TAP_TAPCELL_ROW_37_809,VPWR,li1,108.7900,111.8260,1.799756
TAP_TAPCELL_ROW_37_808,VPWR,li1,83.0300,111.8260,1.799774
TAP_TAPCELL_ROW_37_807,VPWR,li1,57.2700,111.8260,1.799823
TAP_TAPCELL_ROW_37_806,VPWR,li1,31.5100,111.8260,1.799917
TAP_TAPCELL_ROW_36_805,VPWR,li1,353.5100,111.2130,1.799868
TAP_TAPCELL_ROW_36_804,VPWR,li1,327.7500,111.2130,1.799918
TAP_TAPCELL_ROW_36_803,VPWR,li1,301.9900,111.2130,1.799833
TAP_TAPCELL_ROW_36_802,VPWR,li1,276.2300,111.2130,1.799785
TAP_TAPCELL_ROW_36_801,VPWR,li1,250.4700,111.2130,1.799768
TAP_TAPCELL_ROW_36_800,VPWR,li1,224.7100,111.2130,1.799785
TAP_TAPCELL_ROW_36_799,VPWR,li1,198.9500,111.2130,1.799845
TAP_TAPCELL_ROW_36_798,VPWR,li1,173.1900,111.2130,1.799899
TAP_TAPCELL_ROW_36_797,VPWR,li1,147.4300,111.2130,1.799792
TAP_TAPCELL_ROW_36_796,VPWR,li1,121.6700,111.2130,1.799762
TAP_TAPCELL_ROW_36_795,VPWR,li1,95.9100,111.2130,1.799755
TAP_TAPCELL_ROW_36_794,VPWR,li1,70.1500,111.2130,1.799796
TAP_TAPCELL_ROW_36_793,VPWR,li1,44.3900,111.2130,1.799865
TAP_TAPCELL_ROW_36_792,VPWR,li1,18.6300,111.2130,1.799955
TAP_TAPCELL_ROW_35_791,VPWR,li1,366.3900,106.3860,1.797811
TAP_TAPCELL_ROW_35_790,VPWR,li1,340.6300,106.3860,1.798596
TAP_TAPCELL_ROW_35_789,VPWR,li1,314.8700,106.3860,1.799269
TAP_TAPCELL_ROW_35_788,VPWR,li1,289.1100,106.3860,1.799277
TAP_TAPCELL_ROW_35_787,VPWR,li1,263.3500,106.3860,1.799314
TAP_TAPCELL_ROW_35_786,VPWR,li1,237.5900,106.3860,1.799387
TAP_TAPCELL_ROW_35_785,VPWR,li1,211.8300,106.3860,1.799471
TAP_TAPCELL_ROW_35_784,VPWR,li1,186.0700,106.3860,1.799567
TAP_TAPCELL_ROW_35_783,VPWR,li1,160.3100,106.3860,1.799163
TAP_TAPCELL_ROW_35_782,VPWR,li1,134.5500,106.3860,1.799238
TAP_TAPCELL_ROW_35_781,VPWR,li1,108.7900,106.3860,1.799345
TAP_TAPCELL_ROW_35_780,VPWR,li1,83.0300,106.3860,1.799479
TAP_TAPCELL_ROW_35_779,VPWR,li1,57.2700,106.3860,1.799627
TAP_TAPCELL_ROW_35_778,VPWR,li1,31.5100,106.3860,1.799823
TAP_TAPCELL_ROW_34_777,VPWR,li1,353.5100,105.7730,1.798036
TAP_TAPCELL_ROW_34_776,VPWR,li1,327.7500,105.7730,1.799277
TAP_TAPCELL_ROW_34_775,VPWR,li1,301.9900,105.7730,1.799270
TAP_TAPCELL_ROW_34_774,VPWR,li1,276.2300,105.7730,1.799290
TAP_TAPCELL_ROW_34_773,VPWR,li1,250.4700,105.7730,1.799349
TAP_TAPCELL_ROW_34_772,VPWR,li1,224.7100,105.7730,1.799429
TAP_TAPCELL_ROW_34_771,VPWR,li1,198.9500,105.7730,1.799521
TAP_TAPCELL_ROW_34_770,VPWR,li1,173.1900,105.7730,1.799526
TAP_TAPCELL_ROW_34_769,VPWR,li1,147.4300,105.7730,1.799192
TAP_TAPCELL_ROW_34_768,VPWR,li1,121.6700,105.7730,1.799292
TAP_TAPCELL_ROW_34_767,VPWR,li1,95.9100,105.7730,1.799410
TAP_TAPCELL_ROW_34_766,VPWR,li1,70.1500,105.7730,1.799555
TAP_TAPCELL_ROW_34_765,VPWR,li1,44.3900,105.7730,1.799724
TAP_TAPCELL_ROW_34_764,VPWR,li1,18.6300,105.7730,1.799905
TAP_TAPCELL_ROW_33_763,VPWR,li1,366.3900,100.9460,1.794514
TAP_TAPCELL_ROW_33_762,VPWR,li1,340.6300,100.9460,1.796259
TAP_TAPCELL_ROW_33_761,VPWR,li1,314.8700,100.9460,1.798250
TAP_TAPCELL_ROW_33_760,VPWR,li1,289.1100,100.9460,1.798359
TAP_TAPCELL_ROW_33_759,VPWR,li1,263.3500,100.9460,1.798508
TAP_TAPCELL_ROW_33_758,VPWR,li1,237.5900,100.9460,1.798700
TAP_TAPCELL_ROW_33_757,VPWR,li1,211.8300,100.9460,1.798959
TAP_TAPCELL_ROW_33_756,VPWR,li1,186.0700,100.9460,1.799273
TAP_TAPCELL_ROW_33_755,VPWR,li1,160.3100,100.9460,1.798923
TAP_TAPCELL_ROW_33_754,VPWR,li1,134.5500,100.9460,1.798882
TAP_TAPCELL_ROW_33_753,VPWR,li1,108.7900,100.9460,1.798949
TAP_TAPCELL_ROW_33_752,VPWR,li1,83.0300,100.9460,1.799145
TAP_TAPCELL_ROW_33_751,VPWR,li1,57.2700,100.9460,1.799420
TAP_TAPCELL_ROW_33_750,VPWR,li1,31.5100,100.9460,1.799724
TAP_TAPCELL_ROW_32_749,VPWR,li1,353.5100,100.3330,1.794873
TAP_TAPCELL_ROW_32_748,VPWR,li1,327.7500,100.3330,1.798229
TAP_TAPCELL_ROW_32_747,VPWR,li1,301.9900,100.3330,1.798302
TAP_TAPCELL_ROW_32_746,VPWR,li1,276.2300,100.3330,1.798428
TAP_TAPCELL_ROW_32_745,VPWR,li1,250.4700,100.3330,1.798600
TAP_TAPCELL_ROW_32_744,VPWR,li1,224.7100,100.3330,1.798821
TAP_TAPCELL_ROW_32_743,VPWR,li1,198.9500,100.3330,1.799108
TAP_TAPCELL_ROW_32_742,VPWR,li1,173.1900,100.3330,1.799308
TAP_TAPCELL_ROW_32_741,VPWR,li1,147.4300,100.3330,1.798858
TAP_TAPCELL_ROW_32_740,VPWR,li1,121.6700,100.3330,1.798914
TAP_TAPCELL_ROW_32_739,VPWR,li1,95.9100,100.3330,1.799010
TAP_TAPCELL_ROW_32_738,VPWR,li1,70.1500,100.3330,1.799273
TAP_TAPCELL_ROW_32_737,VPWR,li1,44.3900,100.3330,1.799567
TAP_TAPCELL_ROW_32_736,VPWR,li1,18.6300,100.3330,1.799857
TAP_TAPCELL_ROW_31_735,VPWR,li1,366.3900,95.5060,1.799552
TAP_TAPCELL_ROW_31_734,VPWR,li1,340.6300,95.5060,1.799567
TAP_TAPCELL_ROW_31_733,VPWR,li1,314.8700,95.5060,1.799416
TAP_TAPCELL_ROW_31_732,VPWR,li1,289.1100,95.5060,1.799217
TAP_TAPCELL_ROW_31_731,VPWR,li1,263.3500,95.5060,1.799071
TAP_TAPCELL_ROW_31_730,VPWR,li1,237.5900,95.5060,1.799019
TAP_TAPCELL_ROW_31_729,VPWR,li1,211.8300,95.5060,1.799023
TAP_TAPCELL_ROW_31_728,VPWR,li1,186.0700,95.5060,1.799049
TAP_TAPCELL_ROW_31_727,VPWR,li1,160.3100,95.5060,1.798344
TAP_TAPCELL_ROW_31_726,VPWR,li1,134.5500,95.5060,1.798438
TAP_TAPCELL_ROW_31_725,VPWR,li1,108.7900,95.5060,1.798658
TAP_TAPCELL_ROW_31_724,VPWR,li1,83.0300,95.5060,1.798965
TAP_TAPCELL_ROW_31_723,VPWR,li1,57.2700,95.5060,1.799294
TAP_TAPCELL_ROW_31_722,VPWR,li1,31.5100,95.5060,1.799678
TAP_TAPCELL_ROW_30_721,VPWR,li1,353.5100,94.8930,1.799558
TAP_TAPCELL_ROW_30_720,VPWR,li1,327.7500,94.8930,1.799602
TAP_TAPCELL_ROW_30_719,VPWR,li1,301.9900,94.8930,1.799324
TAP_TAPCELL_ROW_30_718,VPWR,li1,276.2300,94.8930,1.799128
TAP_TAPCELL_ROW_30_717,VPWR,li1,250.4700,94.8930,1.799029
TAP_TAPCELL_ROW_30_716,VPWR,li1,224.7100,94.8930,1.799020
TAP_TAPCELL_ROW_30_715,VPWR,li1,198.9500,94.8930,1.799031
TAP_TAPCELL_ROW_30_714,VPWR,li1,173.1900,94.8930,1.798852
TAP_TAPCELL_ROW_30_713,VPWR,li1,147.4300,94.8930,1.798336
TAP_TAPCELL_ROW_30_712,VPWR,li1,121.6700,94.8930,1.798556
TAP_TAPCELL_ROW_30_711,VPWR,li1,95.9100,94.8930,1.798775
TAP_TAPCELL_ROW_30_710,VPWR,li1,70.1500,94.8930,1.799117
TAP_TAPCELL_ROW_30_709,VPWR,li1,44.3900,94.8930,1.799500
TAP_TAPCELL_ROW_30_708,VPWR,li1,18.6300,94.8930,1.799835
TAP_TAPCELL_ROW_29_707,VPWR,li1,366.3900,90.0660,1.799453
TAP_TAPCELL_ROW_29_706,VPWR,li1,340.6300,90.0660,1.799463
TAP_TAPCELL_ROW_29_705,VPWR,li1,314.8700,90.0660,1.799531
TAP_TAPCELL_ROW_29_704,VPWR,li1,289.1100,90.0660,1.799357
TAP_TAPCELL_ROW_29_703,VPWR,li1,263.3500,90.0660,1.799205
TAP_TAPCELL_ROW_29_702,VPWR,li1,237.5900,90.0660,1.799091
TAP_TAPCELL_ROW_29_701,VPWR,li1,211.8300,90.0660,1.798998
TAP_TAPCELL_ROW_29_700,VPWR,li1,186.0700,90.0660,1.798925
TAP_TAPCELL_ROW_29_699,VPWR,li1,160.3100,90.0660,1.798330
TAP_TAPCELL_ROW_29_698,VPWR,li1,134.5500,90.0660,1.798483
TAP_TAPCELL_ROW_29_697,VPWR,li1,108.7900,90.0660,1.798757
TAP_TAPCELL_ROW_29_696,VPWR,li1,83.0300,90.0660,1.799017
TAP_TAPCELL_ROW_29_695,VPWR,li1,57.2700,90.0660,1.799334
TAP_TAPCELL_ROW_29_694,VPWR,li1,31.5100,90.0660,1.799720
TAP_TAPCELL_ROW_28_693,VPWR,li1,353.5100,89.4530,1.799455
TAP_TAPCELL_ROW_28_692,VPWR,li1,327.7500,89.4530,1.799631
TAP_TAPCELL_ROW_28_691,VPWR,li1,301.9900,89.4530,1.799441
TAP_TAPCELL_ROW_28_690,VPWR,li1,276.2300,89.4530,1.799280
TAP_TAPCELL_ROW_28_689,VPWR,li1,250.4700,89.4530,1.799147
TAP_TAPCELL_ROW_28_688,VPWR,li1,224.7100,89.4530,1.799035
TAP_TAPCELL_ROW_28_687,VPWR,li1,198.9500,89.4530,1.798959
TAP_TAPCELL_ROW_28_686,VPWR,li1,173.1900,89.4530,1.798794
TAP_TAPCELL_ROW_28_685,VPWR,li1,147.4300,89.4530,1.798378
TAP_TAPCELL_ROW_28_684,VPWR,li1,121.6700,89.4530,1.798608
TAP_TAPCELL_ROW_28_683,VPWR,li1,95.9100,89.4530,1.798894
TAP_TAPCELL_ROW_28_682,VPWR,li1,70.1500,89.4530,1.799174
TAP_TAPCELL_ROW_28_681,VPWR,li1,44.3900,89.4530,1.799521
TAP_TAPCELL_ROW_28_680,VPWR,li1,18.6300,89.4530,1.799846
TAP_TAPCELL_ROW_27_679,VPWR,li1,366.3900,84.6260,1.799368
TAP_TAPCELL_ROW_27_678,VPWR,li1,340.6300,84.6260,1.799381
TAP_TAPCELL_ROW_27_677,VPWR,li1,314.8700,84.6260,1.799514
TAP_TAPCELL_ROW_27_676,VPWR,li1,289.1100,84.6260,1.799311
TAP_TAPCELL_ROW_27_675,VPWR,li1,263.3500,84.6260,1.799134
TAP_TAPCELL_ROW_27_674,VPWR,li1,237.5900,84.6260,1.799003
TAP_TAPCELL_ROW_27_673,VPWR,li1,211.8300,84.6260,1.798947
TAP_TAPCELL_ROW_27_672,VPWR,li1,186.0700,84.6260,1.798922
TAP_TAPCELL_ROW_27_671,VPWR,li1,160.3100,84.6260,1.797942
TAP_TAPCELL_ROW_27_670,VPWR,li1,134.5500,84.6260,1.797919
TAP_TAPCELL_ROW_27_669,VPWR,li1,108.7900,84.6260,1.798097
TAP_TAPCELL_ROW_27_668,VPWR,li1,83.0300,84.6260,1.798464
TAP_TAPCELL_ROW_27_667,VPWR,li1,57.2700,84.6260,1.798972
TAP_TAPCELL_ROW_27_666,VPWR,li1,31.5100,84.6260,1.799556
TAP_TAPCELL_ROW_26_665,VPWR,li1,353.5100,84.0130,1.799373
TAP_TAPCELL_ROW_26_664,VPWR,li1,327.7500,84.0130,1.799614
TAP_TAPCELL_ROW_26_663,VPWR,li1,301.9900,84.0130,1.799406
TAP_TAPCELL_ROW_26_662,VPWR,li1,276.2300,84.0130,1.799214
TAP_TAPCELL_ROW_26_661,VPWR,li1,250.4700,84.0130,1.799063
TAP_TAPCELL_ROW_26_660,VPWR,li1,224.7100,84.0130,1.798965
TAP_TAPCELL_ROW_26_659,VPWR,li1,198.9500,84.0130,1.798931
TAP_TAPCELL_ROW_26_658,VPWR,li1,173.1900,84.0130,1.798737
TAP_TAPCELL_ROW_26_657,VPWR,li1,147.4300,84.0130,1.797843
TAP_TAPCELL_ROW_26_656,VPWR,li1,121.6700,84.0130,1.798008
TAP_TAPCELL_ROW_26_655,VPWR,li1,95.9100,84.0130,1.798253
TAP_TAPCELL_ROW_26_654,VPWR,li1,70.1500,84.0130,1.798724
TAP_TAPCELL_ROW_26_653,VPWR,li1,44.3900,84.0130,1.799234
TAP_TAPCELL_ROW_26_652,VPWR,li1,18.6300,84.0130,1.799760
TAP_TAPCELL_ROW_25_651,VPWR,li1,366.3900,79.1860,1.799791
TAP_TAPCELL_ROW_25_650,VPWR,li1,340.6300,79.1860,1.799797
TAP_TAPCELL_ROW_25_649,VPWR,li1,314.8700,79.1860,1.799710
TAP_TAPCELL_ROW_25_648,VPWR,li1,289.1100,79.1860,1.799578
TAP_TAPCELL_ROW_25_647,VPWR,li1,263.3500,79.1860,1.799546
TAP_TAPCELL_ROW_25_646,VPWR,li1,237.5900,79.1860,1.799611
TAP_TAPCELL_ROW_25_645,VPWR,li1,211.8300,79.1860,1.799692
TAP_TAPCELL_ROW_25_644,VPWR,li1,186.0700,79.1860,1.799784
TAP_TAPCELL_ROW_25_643,VPWR,li1,160.3100,79.1860,1.799623
TAP_TAPCELL_ROW_25_642,VPWR,li1,134.5500,79.1860,1.799457
TAP_TAPCELL_ROW_25_641,VPWR,li1,108.7900,79.1860,1.799365
TAP_TAPCELL_ROW_25_640,VPWR,li1,83.0300,79.1860,1.799459
TAP_TAPCELL_ROW_25_639,VPWR,li1,57.2700,79.1860,1.799637
TAP_TAPCELL_ROW_25_638,VPWR,li1,31.5100,79.1860,1.799826
TAP_TAPCELL_ROW_24_637,VPWR,li1,353.5100,78.5730,1.799792
TAP_TAPCELL_ROW_24_636,VPWR,li1,327.7500,78.5730,1.799816
TAP_TAPCELL_ROW_24_635,VPWR,li1,301.9900,78.5730,1.799642
TAP_TAPCELL_ROW_24_634,VPWR,li1,276.2300,78.5730,1.799531
TAP_TAPCELL_ROW_24_633,VPWR,li1,250.4700,78.5730,1.799580
TAP_TAPCELL_ROW_24_632,VPWR,li1,224.7100,78.5730,1.799649
TAP_TAPCELL_ROW_24_631,VPWR,li1,198.9500,78.5730,1.799733
TAP_TAPCELL_ROW_24_630,VPWR,li1,173.1900,78.5730,1.799794
TAP_TAPCELL_ROW_24_629,VPWR,li1,147.4300,78.5730,1.799525
TAP_TAPCELL_ROW_24_628,VPWR,li1,121.6700,78.5730,1.799412
TAP_TAPCELL_ROW_24_627,VPWR,li1,95.9100,78.5730,1.799383
TAP_TAPCELL_ROW_24_626,VPWR,li1,70.1500,78.5730,1.799543
TAP_TAPCELL_ROW_24_625,VPWR,li1,44.3900,78.5730,1.799725
TAP_TAPCELL_ROW_24_624,VPWR,li1,18.6300,78.5730,1.799909
TAP_TAPCELL_ROW_23_623,VPWR,li1,366.3900,73.7460,1.799739
TAP_TAPCELL_ROW_23_622,VPWR,li1,340.6300,73.7460,1.799744
TAP_TAPCELL_ROW_23_621,VPWR,li1,314.8700,73.7460,1.799697
TAP_TAPCELL_ROW_23_620,VPWR,li1,289.1100,73.7460,1.799666
TAP_TAPCELL_ROW_23_619,VPWR,li1,263.3500,73.7460,1.799653
TAP_TAPCELL_ROW_23_618,VPWR,li1,237.5900,73.7460,1.799673
TAP_TAPCELL_ROW_23_617,VPWR,li1,211.8300,73.7460,1.799712
TAP_TAPCELL_ROW_23_616,VPWR,li1,186.0700,73.7460,1.799765
TAP_TAPCELL_ROW_23_615,VPWR,li1,160.3100,73.7460,1.799519
TAP_TAPCELL_ROW_23_614,VPWR,li1,134.5500,73.7460,1.799378
TAP_TAPCELL_ROW_23_613,VPWR,li1,108.7900,73.7460,1.799447
TAP_TAPCELL_ROW_23_612,VPWR,li1,83.0300,73.7460,1.799535
TAP_TAPCELL_ROW_23_611,VPWR,li1,57.2700,73.7460,1.799654
TAP_TAPCELL_ROW_23_610,VPWR,li1,31.5100,73.7460,1.799837
TAP_TAPCELL_ROW_22_609,VPWR,li1,353.5100,73.1330,1.799741
TAP_TAPCELL_ROW_22_608,VPWR,li1,327.7500,73.1330,1.799759
TAP_TAPCELL_ROW_22_607,VPWR,li1,301.9900,73.1330,1.799679
TAP_TAPCELL_ROW_22_606,VPWR,li1,276.2300,73.1330,1.799657
TAP_TAPCELL_ROW_22_605,VPWR,li1,250.4700,73.1330,1.799661
TAP_TAPCELL_ROW_22_604,VPWR,li1,224.7100,73.1330,1.799690
TAP_TAPCELL_ROW_22_603,VPWR,li1,198.9500,73.1330,1.799737
TAP_TAPCELL_ROW_22_602,VPWR,li1,173.1900,73.1330,1.799750
TAP_TAPCELL_ROW_22_601,VPWR,li1,147.4300,73.1330,1.799354
TAP_TAPCELL_ROW_22_600,VPWR,li1,121.6700,73.1330,1.799414
TAP_TAPCELL_ROW_22_599,VPWR,li1,95.9100,73.1330,1.799489
TAP_TAPCELL_ROW_22_598,VPWR,li1,70.1500,73.1330,1.799586
TAP_TAPCELL_ROW_22_597,VPWR,li1,44.3900,73.1330,1.799737
TAP_TAPCELL_ROW_22_596,VPWR,li1,18.6300,73.1330,1.799902
TAP_TAPCELL_ROW_21_595,VPWR,li1,366.3900,68.3060,1.799756
TAP_TAPCELL_ROW_21_594,VPWR,li1,340.6300,68.3060,1.799765
TAP_TAPCELL_ROW_21_593,VPWR,li1,314.8700,68.3060,1.799685
TAP_TAPCELL_ROW_21_592,VPWR,li1,289.1100,68.3060,1.799579
TAP_TAPCELL_ROW_21_591,VPWR,li1,263.3500,68.3060,1.799554
TAP_TAPCELL_ROW_21_590,VPWR,li1,237.5900,68.3060,1.799597
TAP_TAPCELL_ROW_21_589,VPWR,li1,211.8300,68.3060,1.799703
TAP_TAPCELL_ROW_21_588,VPWR,li1,186.0700,68.3060,1.799834
TAP_TAPCELL_ROW_21_587,VPWR,li1,160.3100,68.3060,1.799842
TAP_TAPCELL_ROW_21_586,VPWR,li1,134.5500,68.3060,1.799761
TAP_TAPCELL_ROW_21_585,VPWR,li1,108.7900,68.3060,1.799717
TAP_TAPCELL_ROW_21_584,VPWR,li1,83.0300,68.3060,1.799726
TAP_TAPCELL_ROW_21_583,VPWR,li1,57.2700,68.3060,1.799770
TAP_TAPCELL_ROW_21_582,VPWR,li1,31.5100,68.3060,1.799883
TAP_TAPCELL_ROW_20_581,VPWR,li1,353.5100,67.6930,1.799758
TAP_TAPCELL_ROW_20_580,VPWR,li1,327.7500,67.6930,1.799770
TAP_TAPCELL_ROW_20_579,VPWR,li1,301.9900,67.6930,1.799625
TAP_TAPCELL_ROW_20_578,VPWR,li1,276.2300,67.6930,1.799542
TAP_TAPCELL_ROW_20_577,VPWR,li1,250.4700,67.6930,1.799569
TAP_TAPCELL_ROW_20_576,VPWR,li1,224.7100,67.6930,1.799642
TAP_TAPCELL_ROW_20_575,VPWR,li1,198.9500,67.6930,1.799764
TAP_TAPCELL_ROW_20_574,VPWR,li1,173.1900,67.6930,1.799889
TAP_TAPCELL_ROW_20_573,VPWR,li1,147.4300,67.6930,1.799795
TAP_TAPCELL_ROW_20_572,VPWR,li1,121.6700,67.6930,1.799737
TAP_TAPCELL_ROW_20_571,VPWR,li1,95.9100,67.6930,1.799708
TAP_TAPCELL_ROW_20_570,VPWR,li1,70.1500,67.6930,1.799745
TAP_TAPCELL_ROW_20_569,VPWR,li1,44.3900,67.6930,1.799818
TAP_TAPCELL_ROW_20_568,VPWR,li1,18.6300,67.6930,1.799938
TAP_TAPCELL_ROW_19_567,VPWR,li1,366.3900,62.8660,1.799002
TAP_TAPCELL_ROW_19_566,VPWR,li1,340.6300,62.8660,1.799416
TAP_TAPCELL_ROW_19_565,VPWR,li1,314.8700,62.8660,1.799570
TAP_TAPCELL_ROW_19_564,VPWR,li1,289.1100,62.8660,1.799512
TAP_TAPCELL_ROW_19_563,VPWR,li1,263.3500,62.8660,1.799499
TAP_TAPCELL_ROW_19_562,VPWR,li1,237.5900,62.8660,1.799556
TAP_TAPCELL_ROW_19_561,VPWR,li1,211.8300,62.8660,1.799683
TAP_TAPCELL_ROW_19_560,VPWR,li1,186.0700,62.8660,1.799837
TAP_TAPCELL_ROW_19_559,VPWR,li1,160.3100,62.8660,1.799830
TAP_TAPCELL_ROW_19_558,VPWR,li1,134.5500,62.8660,1.799764
TAP_TAPCELL_ROW_19_557,VPWR,li1,108.7900,62.8660,1.799746
TAP_TAPCELL_ROW_19_556,VPWR,li1,83.0300,62.8660,1.799775
TAP_TAPCELL_ROW_19_555,VPWR,li1,57.2700,62.8660,1.799845
TAP_TAPCELL_ROW_19_554,VPWR,li1,31.5100,62.8660,1.799926
TAP_TAPCELL_ROW_18_553,VPWR,li1,353.5100,62.2530,1.799103
TAP_TAPCELL_ROW_18_552,VPWR,li1,327.7500,62.2530,1.799632
TAP_TAPCELL_ROW_18_551,VPWR,li1,301.9900,62.2530,1.799540
TAP_TAPCELL_ROW_18_550,VPWR,li1,276.2300,62.2530,1.799495
TAP_TAPCELL_ROW_18_549,VPWR,li1,250.4700,62.2530,1.799506
TAP_TAPCELL_ROW_18_548,VPWR,li1,224.7100,62.2530,1.799610
TAP_TAPCELL_ROW_18_547,VPWR,li1,198.9500,62.2530,1.799761
TAP_TAPCELL_ROW_18_546,VPWR,li1,173.1900,62.2530,1.799886
TAP_TAPCELL_ROW_18_545,VPWR,li1,147.4300,62.2530,1.799789
TAP_TAPCELL_ROW_18_544,VPWR,li1,121.6700,62.2530,1.799752
TAP_TAPCELL_ROW_18_543,VPWR,li1,95.9100,62.2530,1.799748
TAP_TAPCELL_ROW_18_542,VPWR,li1,70.1500,62.2530,1.799807
TAP_TAPCELL_ROW_18_541,VPWR,li1,44.3900,62.2530,1.799883
TAP_TAPCELL_ROW_18_540,VPWR,li1,18.6300,62.2530,1.799956
TAP_TAPCELL_ROW_17_539,VPWR,li1,366.3900,57.4260,1.798249
TAP_TAPCELL_ROW_17_538,VPWR,li1,340.6300,57.4260,1.798781
TAP_TAPCELL_ROW_17_537,VPWR,li1,314.8700,57.4260,1.799291
TAP_TAPCELL_ROW_17_536,VPWR,li1,289.1100,57.4260,1.799341
TAP_TAPCELL_ROW_17_535,VPWR,li1,263.3500,57.4260,1.799426
TAP_TAPCELL_ROW_17_534,VPWR,li1,237.5900,57.4260,1.799530
TAP_TAPCELL_ROW_17_533,VPWR,li1,211.8300,57.4260,1.799670
TAP_TAPCELL_ROW_17_532,VPWR,li1,186.0700,57.4260,1.799825
TAP_TAPCELL_ROW_17_531,VPWR,li1,160.3100,57.4260,1.799843
TAP_TAPCELL_ROW_17_530,VPWR,li1,134.5500,57.4260,1.799762
TAP_TAPCELL_ROW_17_529,VPWR,li1,108.7900,57.4260,1.799711
TAP_TAPCELL_ROW_17_528,VPWR,li1,83.0300,57.4260,1.799700
TAP_TAPCELL_ROW_17_527,VPWR,li1,57.2700,57.4260,1.799748
TAP_TAPCELL_ROW_17_526,VPWR,li1,31.5100,57.4260,1.799879
TAP_TAPCELL_ROW_16_525,VPWR,li1,353.5100,56.8130,1.798339
TAP_TAPCELL_ROW_16_524,VPWR,li1,327.7500,56.8130,1.799345
TAP_TAPCELL_ROW_16_523,VPWR,li1,301.9900,56.8130,1.799315
TAP_TAPCELL_ROW_16_522,VPWR,li1,276.2300,56.8130,1.799374
TAP_TAPCELL_ROW_16_521,VPWR,li1,250.4700,56.8130,1.799479
TAP_TAPCELL_ROW_16_520,VPWR,li1,224.7100,56.8130,1.799597
TAP_TAPCELL_ROW_16_519,VPWR,li1,198.9500,56.8130,1.799737
TAP_TAPCELL_ROW_16_518,VPWR,li1,173.1900,56.8130,1.799887
TAP_TAPCELL_ROW_16_517,VPWR,li1,147.4300,56.8130,1.799798
TAP_TAPCELL_ROW_16_516,VPWR,li1,121.6700,56.8130,1.799735
TAP_TAPCELL_ROW_16_515,VPWR,li1,95.9100,56.8130,1.799692
TAP_TAPCELL_ROW_16_514,VPWR,li1,70.1500,56.8130,1.799714
TAP_TAPCELL_ROW_16_513,VPWR,li1,44.3900,56.8130,1.799809
TAP_TAPCELL_ROW_16_512,VPWR,li1,18.6300,56.8130,1.799936
TAP_TAPCELL_ROW_15_511,VPWR,li1,366.3900,51.9860,1.798234
TAP_TAPCELL_ROW_15_510,VPWR,li1,340.6300,51.9860,1.798701
TAP_TAPCELL_ROW_15_509,VPWR,li1,314.8700,51.9860,1.799129
TAP_TAPCELL_ROW_15_508,VPWR,li1,289.1100,51.9860,1.799179
TAP_TAPCELL_ROW_15_507,VPWR,li1,263.3500,51.9860,1.799244
TAP_TAPCELL_ROW_15_506,VPWR,li1,237.5900,51.9860,1.799335
TAP_TAPCELL_ROW_15_505,VPWR,li1,211.8300,51.9860,1.799488
TAP_TAPCELL_ROW_15_504,VPWR,li1,186.0700,51.9860,1.799681
TAP_TAPCELL_ROW_15_503,VPWR,li1,160.3100,51.9860,1.799602
TAP_TAPCELL_ROW_15_502,VPWR,li1,134.5500,51.9860,1.799522
TAP_TAPCELL_ROW_15_501,VPWR,li1,108.7900,51.9860,1.799581
TAP_TAPCELL_ROW_15_500,VPWR,li1,83.0300,51.9860,1.799663
TAP_TAPCELL_ROW_15_499,VPWR,li1,57.2700,51.9860,1.799775
TAP_TAPCELL_ROW_15_498,VPWR,li1,31.5100,51.9860,1.799898
TAP_TAPCELL_ROW_14_497,VPWR,li1,353.5100,51.3730,1.798347
TAP_TAPCELL_ROW_14_496,VPWR,li1,327.7500,51.3730,1.799182
TAP_TAPCELL_ROW_14_495,VPWR,li1,301.9900,51.3730,1.799154
TAP_TAPCELL_ROW_14_494,VPWR,li1,276.2300,51.3730,1.799210
TAP_TAPCELL_ROW_14_493,VPWR,li1,250.4700,51.3730,1.799278
TAP_TAPCELL_ROW_14_492,VPWR,li1,224.7100,51.3730,1.799404
TAP_TAPCELL_ROW_14_491,VPWR,li1,198.9500,51.3730,1.799572
TAP_TAPCELL_ROW_14_490,VPWR,li1,173.1900,51.3730,1.799727
TAP_TAPCELL_ROW_14_489,VPWR,li1,147.4300,51.3730,1.799524
TAP_TAPCELL_ROW_14_488,VPWR,li1,121.6700,51.3730,1.799550
TAP_TAPCELL_ROW_14_487,VPWR,li1,95.9100,51.3730,1.799618
TAP_TAPCELL_ROW_14_486,VPWR,li1,70.1500,51.3730,1.799715
TAP_TAPCELL_ROW_14_485,VPWR,li1,44.3900,51.3730,1.799835
TAP_TAPCELL_ROW_14_484,VPWR,li1,18.6300,51.3730,1.799945
TAP_TAPCELL_ROW_13_483,VPWR,li1,366.3900,46.5460,1.799825
TAP_TAPCELL_ROW_13_482,VPWR,li1,340.6300,46.5460,1.799849
TAP_TAPCELL_ROW_13_481,VPWR,li1,314.8700,46.5460,1.799687
TAP_TAPCELL_ROW_13_480,VPWR,li1,289.1100,46.5460,1.799452
TAP_TAPCELL_ROW_13_479,VPWR,li1,263.3500,46.5460,1.799269
TAP_TAPCELL_ROW_13_478,VPWR,li1,237.5900,46.5460,1.799121
TAP_TAPCELL_ROW_13_477,VPWR,li1,211.8300,46.5460,1.798984
TAP_TAPCELL_ROW_13_476,VPWR,li1,186.0700,46.5460,1.798858
TAP_TAPCELL_ROW_13_475,VPWR,li1,160.3100,46.5460,1.797435
TAP_TAPCELL_ROW_13_474,VPWR,li1,134.5500,46.5460,1.797329
TAP_TAPCELL_ROW_13_473,VPWR,li1,108.7900,46.5460,1.797682
TAP_TAPCELL_ROW_13_472,VPWR,li1,83.0300,46.5460,1.798282
TAP_TAPCELL_ROW_13_471,VPWR,li1,57.2700,46.5460,1.798863
TAP_TAPCELL_ROW_13_470,VPWR,li1,31.5100,46.5460,1.799505
TAP_TAPCELL_ROW_12_469,VPWR,li1,353.5100,45.9330,1.799837
TAP_TAPCELL_ROW_12_468,VPWR,li1,327.7500,45.9330,1.799840
TAP_TAPCELL_ROW_12_467,VPWR,li1,301.9900,45.9330,1.799569
TAP_TAPCELL_ROW_12_466,VPWR,li1,276.2300,45.9330,1.799351
TAP_TAPCELL_ROW_12_465,VPWR,li1,250.4700,45.9330,1.799197
TAP_TAPCELL_ROW_12_464,VPWR,li1,224.7100,45.9330,1.799052
TAP_TAPCELL_ROW_12_463,VPWR,li1,198.9500,45.9330,1.798921
TAP_TAPCELL_ROW_12_462,VPWR,li1,173.1900,45.9330,1.798594
TAP_TAPCELL_ROW_12_461,VPWR,li1,147.4300,45.9330,1.797218
TAP_TAPCELL_ROW_12_460,VPWR,li1,121.6700,45.9330,1.797484
TAP_TAPCELL_ROW_12_459,VPWR,li1,95.9100,45.9330,1.797999
TAP_TAPCELL_ROW_12_458,VPWR,li1,70.1500,45.9330,1.798562
TAP_TAPCELL_ROW_12_457,VPWR,li1,44.3900,45.9330,1.799204
TAP_TAPCELL_ROW_12_456,VPWR,li1,18.6300,45.9330,1.799741
TAP_TAPCELL_ROW_11_455,VPWR,li1,366.3900,41.1060,1.799898
TAP_TAPCELL_ROW_11_454,VPWR,li1,340.6300,41.1060,1.799898
TAP_TAPCELL_ROW_11_453,VPWR,li1,314.8700,41.1060,1.799775
TAP_TAPCELL_ROW_11_452,VPWR,li1,289.1100,41.1060,1.799580
TAP_TAPCELL_ROW_11_451,VPWR,li1,263.3500,41.1060,1.799517
TAP_TAPCELL_ROW_11_450,VPWR,li1,237.5900,41.1060,1.799495
TAP_TAPCELL_ROW_11_449,VPWR,li1,211.8300,41.1060,1.799507
TAP_TAPCELL_ROW_11_448,VPWR,li1,186.0700,41.1060,1.799547
TAP_TAPCELL_ROW_11_447,VPWR,li1,160.3100,41.1060,1.798941
TAP_TAPCELL_ROW_11_446,VPWR,li1,134.5500,41.1060,1.798514
TAP_TAPCELL_ROW_11_445,VPWR,li1,108.7900,41.1060,1.798675
TAP_TAPCELL_ROW_11_444,VPWR,li1,83.0300,41.1060,1.798964
TAP_TAPCELL_ROW_11_443,VPWR,li1,57.2700,41.1060,1.799317
TAP_TAPCELL_ROW_11_442,VPWR,li1,31.5100,41.1060,1.799698
TAP_TAPCELL_ROW_10_441,VPWR,li1,353.5100,40.4930,1.799898
TAP_TAPCELL_ROW_10_440,VPWR,li1,327.7500,40.4930,1.799898
TAP_TAPCELL_ROW_10_439,VPWR,li1,301.9900,40.4930,1.799665
TAP_TAPCELL_ROW_10_438,VPWR,li1,276.2300,40.4930,1.799539
TAP_TAPCELL_ROW_10_437,VPWR,li1,250.4700,40.4930,1.799503
TAP_TAPCELL_ROW_10_436,VPWR,li1,224.7100,40.4930,1.799495
TAP_TAPCELL_ROW_10_435,VPWR,li1,198.9500,40.4930,1.799523
TAP_TAPCELL_ROW_10_434,VPWR,li1,173.1900,40.4930,1.799468
TAP_TAPCELL_ROW_10_433,VPWR,li1,147.4300,40.4930,1.798576
TAP_TAPCELL_ROW_10_432,VPWR,li1,121.6700,40.4930,1.798571
TAP_TAPCELL_ROW_10_431,VPWR,li1,95.9100,40.4930,1.798812
TAP_TAPCELL_ROW_10_430,VPWR,li1,70.1500,40.4930,1.799156
TAP_TAPCELL_ROW_10_429,VPWR,li1,44.3900,40.4930,1.799511
TAP_TAPCELL_ROW_10_428,VPWR,li1,18.6300,40.4930,1.799847
TAP_TAPCELL_ROW_9_427,VPWR,li1,366.3900,35.6660,1.799767
TAP_TAPCELL_ROW_9_426,VPWR,li1,340.6300,35.6660,1.799767
TAP_TAPCELL_ROW_9_425,VPWR,li1,314.8700,35.6660,1.799510
TAP_TAPCELL_ROW_9_424,VPWR,li1,289.1100,35.6660,1.799351
TAP_TAPCELL_ROW_9_423,VPWR,li1,263.3500,35.6660,1.799399
TAP_TAPCELL_ROW_9_422,VPWR,li1,237.5900,35.6660,1.799501
TAP_TAPCELL_ROW_9_421,VPWR,li1,211.8300,35.6660,1.799609
TAP_TAPCELL_ROW_9_420,VPWR,li1,186.0700,35.6660,1.799733
TAP_TAPCELL_ROW_9_419,VPWR,li1,160.3100,35.6660,1.799523
TAP_TAPCELL_ROW_9_418,VPWR,li1,134.5500,35.6660,1.799160
TAP_TAPCELL_ROW_9_417,VPWR,li1,108.7900,35.6660,1.799105
TAP_TAPCELL_ROW_9_416,VPWR,li1,83.0300,35.6660,1.799160
TAP_TAPCELL_ROW_9_415,VPWR,li1,57.2700,35.6660,1.799421
TAP_TAPCELL_ROW_9_414,VPWR,li1,31.5100,35.6660,1.799737
TAP_TAPCELL_ROW_8_413,VPWR,li1,353.5100,35.0530,1.799767
TAP_TAPCELL_ROW_8_412,VPWR,li1,327.7500,35.0530,1.799716
TAP_TAPCELL_ROW_8_411,VPWR,li1,301.9900,35.0530,1.799401
TAP_TAPCELL_ROW_8_410,VPWR,li1,276.2300,35.0530,1.799358
TAP_TAPCELL_ROW_8_409,VPWR,li1,250.4700,35.0530,1.799448
TAP_TAPCELL_ROW_8_408,VPWR,li1,224.7100,35.0530,1.799556
TAP_TAPCELL_ROW_8_407,VPWR,li1,198.9500,35.0530,1.799670
TAP_TAPCELL_ROW_8_406,VPWR,li1,173.1900,35.0530,1.799749
TAP_TAPCELL_ROW_8_405,VPWR,li1,147.4300,35.0530,1.799311
TAP_TAPCELL_ROW_8_404,VPWR,li1,121.6700,35.0530,1.799124
TAP_TAPCELL_ROW_8_403,VPWR,li1,95.9100,35.0530,1.799105
TAP_TAPCELL_ROW_8_402,VPWR,li1,70.1500,35.0530,1.799262
TAP_TAPCELL_ROW_8_401,VPWR,li1,44.3900,35.0530,1.799578
TAP_TAPCELL_ROW_8_400,VPWR,li1,18.6300,35.0530,1.799866
TAP_TAPCELL_ROW_7_399,VPWR,li1,366.3900,30.2260,1.799967
TAP_TAPCELL_ROW_7_398,VPWR,li1,340.6300,30.2260,1.799967
TAP_TAPCELL_ROW_7_397,VPWR,li1,314.8700,30.2260,1.799923
TAP_TAPCELL_ROW_7_396,VPWR,li1,289.1100,30.2260,1.799837
TAP_TAPCELL_ROW_7_395,VPWR,li1,263.3500,30.2260,1.799747
TAP_TAPCELL_ROW_7_394,VPWR,li1,237.5900,30.2260,1.799728
TAP_TAPCELL_ROW_7_393,VPWR,li1,211.8300,30.2260,1.799801
TAP_TAPCELL_ROW_7_392,VPWR,li1,186.0700,30.2260,1.799908
TAP_TAPCELL_ROW_7_391,VPWR,li1,160.3100,30.2260,1.799951
TAP_TAPCELL_ROW_7_390,VPWR,li1,134.5500,30.2260,1.799944
TAP_TAPCELL_ROW_7_389,VPWR,li1,108.7900,30.2260,1.799938
TAP_TAPCELL_ROW_7_388,VPWR,li1,83.0300,30.2260,1.799931
TAP_TAPCELL_ROW_7_387,VPWR,li1,57.2700,30.2260,1.799927
TAP_TAPCELL_ROW_7_386,VPWR,li1,31.5100,30.2260,1.799968
TAP_TAPCELL_ROW_6_385,VPWR,li1,353.5100,29.6130,1.799967
TAP_TAPCELL_ROW_6_384,VPWR,li1,327.7500,29.6130,1.799967
TAP_TAPCELL_ROW_6_383,VPWR,li1,301.9900,29.6130,1.799880
TAP_TAPCELL_ROW_6_382,VPWR,li1,276.2300,29.6130,1.799794
TAP_TAPCELL_ROW_6_381,VPWR,li1,250.4700,29.6130,1.799725
TAP_TAPCELL_ROW_6_380,VPWR,li1,224.7100,29.6130,1.799753
TAP_TAPCELL_ROW_6_379,VPWR,li1,198.9500,29.6130,1.799853
TAP_TAPCELL_ROW_6_378,VPWR,li1,173.1900,29.6130,1.799954
TAP_TAPCELL_ROW_6_377,VPWR,li1,147.4300,29.6130,1.799947
TAP_TAPCELL_ROW_6_376,VPWR,li1,121.6700,29.6130,1.799941
TAP_TAPCELL_ROW_6_375,VPWR,li1,95.9100,29.6130,1.799935
TAP_TAPCELL_ROW_6_374,VPWR,li1,70.1500,29.6130,1.799928
TAP_TAPCELL_ROW_6_373,VPWR,li1,44.3900,29.6130,1.799945
TAP_TAPCELL_ROW_6_372,VPWR,li1,18.6300,29.6130,1.799983
TAP_TAPCELL_ROW_5_371,VPWR,li1,366.3900,24.7860,1.799999
TAP_TAPCELL_ROW_5_370,VPWR,li1,340.6300,24.7860,1.799999
TAP_TAPCELL_ROW_5_369,VPWR,li1,314.8700,24.7860,1.799997
TAP_TAPCELL_ROW_5_368,VPWR,li1,289.1100,24.7860,1.799993
TAP_TAPCELL_ROW_5_367,VPWR,li1,263.3500,24.7860,1.799990
TAP_TAPCELL_ROW_5_366,VPWR,li1,237.5900,24.7860,1.799986
TAP_TAPCELL_ROW_5_365,VPWR,li1,211.8300,24.7860,1.799991
TAP_TAPCELL_ROW_5_364,VPWR,li1,186.0700,24.7860,1.799996
TAP_TAPCELL_ROW_5_363,VPWR,li1,160.3100,24.7860,1.799998
TAP_TAPCELL_ROW_5_362,VPWR,li1,134.5500,24.7860,1.799999
TAP_TAPCELL_ROW_5_361,VPWR,li1,108.7900,24.7860,1.799999
TAP_TAPCELL_ROW_5_360,VPWR,li1,83.0300,24.7860,1.799999
TAP_TAPCELL_ROW_5_359,VPWR,li1,57.2700,24.7860,1.799999
TAP_TAPCELL_ROW_5_358,VPWR,li1,31.5100,24.7860,1.800000
TAP_TAPCELL_ROW_4_357,VPWR,li1,353.5100,24.1730,1.799999
TAP_TAPCELL_ROW_4_356,VPWR,li1,327.7500,24.1730,1.799999
TAP_TAPCELL_ROW_4_355,VPWR,li1,301.9900,24.1730,1.799995
TAP_TAPCELL_ROW_4_354,VPWR,li1,276.2300,24.1730,1.799991
TAP_TAPCELL_ROW_4_353,VPWR,li1,250.4700,24.1730,1.799988
TAP_TAPCELL_ROW_4_352,VPWR,li1,224.7100,24.1730,1.799988
TAP_TAPCELL_ROW_4_351,VPWR,li1,198.9500,24.1730,1.799993
TAP_TAPCELL_ROW_4_350,VPWR,li1,173.1900,24.1730,1.799998
TAP_TAPCELL_ROW_4_349,VPWR,li1,147.4300,24.1730,1.799998
TAP_TAPCELL_ROW_4_348,VPWR,li1,121.6700,24.1730,1.799999
TAP_TAPCELL_ROW_4_347,VPWR,li1,95.9100,24.1730,1.799999
TAP_TAPCELL_ROW_4_346,VPWR,li1,70.1500,24.1730,1.799999
TAP_TAPCELL_ROW_4_345,VPWR,li1,44.3900,24.1730,1.800000
TAP_TAPCELL_ROW_4_344,VPWR,li1,18.6300,24.1730,1.800000
TAP_TAPCELL_ROW_3_343,VPWR,li1,366.3900,19.3460,1.800000
TAP_TAPCELL_ROW_3_342,VPWR,li1,340.6300,19.3460,1.800000
TAP_TAPCELL_ROW_3_341,VPWR,li1,314.8700,19.3460,1.800000
TAP_TAPCELL_ROW_3_340,VPWR,li1,289.1100,19.3460,1.800000
TAP_TAPCELL_ROW_3_339,VPWR,li1,263.3500,19.3460,1.800000
TAP_TAPCELL_ROW_3_338,VPWR,li1,237.5900,19.3460,1.800000
TAP_TAPCELL_ROW_3_337,VPWR,li1,211.8300,19.3460,1.800000
TAP_TAPCELL_ROW_3_336,VPWR,li1,186.0700,19.3460,1.800000
TAP_TAPCELL_ROW_3_335,VPWR,li1,160.3100,19.3460,1.800000
TAP_TAPCELL_ROW_3_334,VPWR,li1,134.5500,19.3460,1.800000
TAP_TAPCELL_ROW_3_333,VPWR,li1,108.7900,19.3460,1.800000
TAP_TAPCELL_ROW_3_332,VPWR,li1,83.0300,19.3460,1.800000
TAP_TAPCELL_ROW_3_331,VPWR,li1,57.2700,19.3460,1.800000
TAP_TAPCELL_ROW_3_330,VPWR,li1,31.5100,19.3460,1.800000
TAP_TAPCELL_ROW_2_329,VPWR,li1,353.5100,18.7330,1.800000
TAP_TAPCELL_ROW_2_328,VPWR,li1,327.7500,18.7330,1.800000
TAP_TAPCELL_ROW_2_327,VPWR,li1,301.9900,18.7330,1.800000
TAP_TAPCELL_ROW_2_326,VPWR,li1,276.2300,18.7330,1.800000
TAP_TAPCELL_ROW_2_325,VPWR,li1,250.4700,18.7330,1.800000
TAP_TAPCELL_ROW_2_324,VPWR,li1,224.7100,18.7330,1.800000
TAP_TAPCELL_ROW_2_323,VPWR,li1,198.9500,18.7330,1.800000
TAP_TAPCELL_ROW_2_322,VPWR,li1,173.1900,18.7330,1.800000
TAP_TAPCELL_ROW_2_321,VPWR,li1,147.4300,18.7330,1.800000
TAP_TAPCELL_ROW_2_320,VPWR,li1,121.6700,18.7330,1.800000
TAP_TAPCELL_ROW_2_319,VPWR,li1,95.9100,18.7330,1.800000
TAP_TAPCELL_ROW_2_318,VPWR,li1,70.1500,18.7330,1.800000
TAP_TAPCELL_ROW_2_317,VPWR,li1,44.3900,18.7330,1.800000
TAP_TAPCELL_ROW_2_316,VPWR,li1,18.6300,18.7330,1.800000
TAP_TAPCELL_ROW_1_315,VPWR,li1,366.3900,13.9060,1.799980
TAP_TAPCELL_ROW_1_314,VPWR,li1,340.6300,13.9060,1.799980
TAP_TAPCELL_ROW_1_313,VPWR,li1,314.8700,13.9060,1.799951
TAP_TAPCELL_ROW_1_312,VPWR,li1,289.1100,13.9060,1.799899
TAP_TAPCELL_ROW_1_311,VPWR,li1,263.3500,13.9060,1.799846
TAP_TAPCELL_ROW_1_310,VPWR,li1,237.5900,13.9060,1.799803
TAP_TAPCELL_ROW_1_309,VPWR,li1,211.8300,13.9060,1.799787
TAP_TAPCELL_ROW_1_308,VPWR,li1,186.0700,13.9060,1.799861
TAP_TAPCELL_ROW_1_307,VPWR,li1,160.3100,13.9060,1.799925
TAP_TAPCELL_ROW_1_306,VPWR,li1,134.5500,13.9060,1.799931
TAP_TAPCELL_ROW_1_305,VPWR,li1,108.7900,13.9060,1.799944
TAP_TAPCELL_ROW_1_304,VPWR,li1,83.0300,13.9060,1.799958
TAP_TAPCELL_ROW_1_303,VPWR,li1,57.2700,13.9060,1.799972
TAP_TAPCELL_ROW_1_302,VPWR,li1,31.5100,13.9060,1.799986
TAP_TAPCELL_ROW_0_301,VPWR,li1,366.3900,13.2930,1.799980
TAP_TAPCELL_ROW_0_300,VPWR,li1,353.5100,13.2930,1.799980
TAP_TAPCELL_ROW_0_299,VPWR,li1,340.6300,13.2930,1.799980
TAP_TAPCELL_ROW_0_298,VPWR,li1,327.7500,13.2930,1.799975
TAP_TAPCELL_ROW_0_297,VPWR,li1,314.8700,13.2930,1.799951
TAP_TAPCELL_ROW_0_296,VPWR,li1,301.9900,13.2930,1.799923
TAP_TAPCELL_ROW_0_295,VPWR,li1,289.1100,13.2930,1.799899
TAP_TAPCELL_ROW_0_294,VPWR,li1,276.2300,13.2930,1.799871
TAP_TAPCELL_ROW_0_293,VPWR,li1,263.3500,13.2930,1.799846
TAP_TAPCELL_ROW_0_292,VPWR,li1,250.4700,13.2930,1.799822
TAP_TAPCELL_ROW_0_291,VPWR,li1,237.5900,13.2930,1.799803
TAP_TAPCELL_ROW_0_290,VPWR,li1,224.7100,13.2930,1.799786
TAP_TAPCELL_ROW_0_289,VPWR,li1,211.8300,13.2930,1.799787
TAP_TAPCELL_ROW_0_288,VPWR,li1,198.9500,13.2930,1.799809
TAP_TAPCELL_ROW_0_287,VPWR,li1,186.0700,13.2930,1.799861
TAP_TAPCELL_ROW_0_286,VPWR,li1,173.1900,13.2930,1.799923
TAP_TAPCELL_ROW_0_285,VPWR,li1,160.3100,13.2930,1.799925
TAP_TAPCELL_ROW_0_284,VPWR,li1,147.4300,13.2930,1.799927
TAP_TAPCELL_ROW_0_283,VPWR,li1,134.5500,13.2930,1.799931
TAP_TAPCELL_ROW_0_282,VPWR,li1,121.6700,13.2930,1.799937
TAP_TAPCELL_ROW_0_281,VPWR,li1,108.7900,13.2930,1.799944
TAP_TAPCELL_ROW_0_280,VPWR,li1,95.9100,13.2930,1.799952
TAP_TAPCELL_ROW_0_279,VPWR,li1,83.0300,13.2930,1.799958
TAP_TAPCELL_ROW_0_278,VPWR,li1,70.1500,13.2930,1.799966
TAP_TAPCELL_ROW_0_277,VPWR,li1,57.2700,13.2930,1.799972
TAP_TAPCELL_ROW_0_276,VPWR,li1,44.3900,13.2930,1.799980
TAP_TAPCELL_ROW_0_275,VPWR,li1,31.5100,13.2930,1.799986
TAP_TAPCELL_ROW_0_274,VPWR,li1,18.6300,13.2930,1.799992
PHY_EDGE_ROW_136_Left_273,VPWR,li1,6.2100,383.5200,1.799973
PHY_EDGE_ROW_135_Left_272,VPWR,li1,6.2100,378.0800,1.799999
PHY_EDGE_ROW_134_Left_271,VPWR,li1,6.2100,378.0800,1.799999
PHY_EDGE_ROW_133_Left_270,VPWR,li1,6.2100,372.6400,1.799809
PHY_EDGE_ROW_132_Left_269,VPWR,li1,6.2100,372.6400,1.799809
PHY_EDGE_ROW_131_Left_268,VPWR,li1,6.2100,367.2000,1.798855
PHY_EDGE_ROW_130_Left_267,VPWR,li1,6.2100,367.2000,1.798855
PHY_EDGE_ROW_129_Left_266,VPWR,li1,6.2100,361.7600,1.799770
PHY_EDGE_ROW_128_Left_265,VPWR,li1,6.2100,361.7600,1.799770
PHY_EDGE_ROW_127_Left_264,VPWR,li1,6.2100,356.3200,1.799963
PHY_EDGE_ROW_126_Left_263,VPWR,li1,6.2100,356.3200,1.799963
PHY_EDGE_ROW_125_Left_262,VPWR,li1,6.2100,350.8800,1.799965
PHY_EDGE_ROW_124_Left_261,VPWR,li1,6.2100,350.8800,1.799965
PHY_EDGE_ROW_123_Left_260,VPWR,li1,6.2100,345.4400,1.799872
PHY_EDGE_ROW_122_Left_259,VPWR,li1,6.2100,345.4400,1.799872
PHY_EDGE_ROW_121_Left_258,VPWR,li1,6.2100,340.0000,1.799632
PHY_EDGE_ROW_120_Left_257,VPWR,li1,6.2100,340.0000,1.799632
PHY_EDGE_ROW_119_Left_256,VPWR,li1,6.2100,334.5600,1.798713
PHY_EDGE_ROW_118_Left_255,VPWR,li1,6.2100,334.5600,1.798713
PHY_EDGE_ROW_117_Left_254,VPWR,li1,6.2100,329.1200,1.799417
PHY_EDGE_ROW_116_Left_253,VPWR,li1,6.2100,329.1200,1.799417
PHY_EDGE_ROW_115_Left_252,VPWR,li1,6.2100,323.6800,1.799592
PHY_EDGE_ROW_114_Left_251,VPWR,li1,6.2100,323.6800,1.799592
PHY_EDGE_ROW_113_Left_250,VPWR,li1,6.2100,318.2400,1.799833
PHY_EDGE_ROW_112_Left_249,VPWR,li1,6.2100,318.2400,1.799833
PHY_EDGE_ROW_111_Left_248,VPWR,li1,6.2100,312.8000,1.799914
PHY_EDGE_ROW_110_Left_247,VPWR,li1,6.2100,312.8000,1.799914
PHY_EDGE_ROW_109_Left_246,VPWR,li1,6.2100,307.3600,1.799923
PHY_EDGE_ROW_108_Left_245,VPWR,li1,6.2100,307.3600,1.799923
PHY_EDGE_ROW_107_Left_244,VPWR,li1,6.2100,301.9200,1.799971
PHY_EDGE_ROW_106_Left_243,VPWR,li1,6.2100,301.9200,1.799971
PHY_EDGE_ROW_105_Left_242,VPWR,li1,6.2100,296.4800,1.799954
PHY_EDGE_ROW_104_Left_241,VPWR,li1,6.2100,296.4800,1.799954
PHY_EDGE_ROW_103_Left_240,VPWR,li1,6.2100,291.0400,1.799973
PHY_EDGE_ROW_102_Left_239,VPWR,li1,6.2100,291.0400,1.799973
PHY_EDGE_ROW_101_Left_238,VPWR,li1,6.2100,285.6000,1.799937
PHY_EDGE_ROW_100_Left_237,VPWR,li1,6.2100,285.6000,1.799937
PHY_EDGE_ROW_99_Left_236,VPWR,li1,6.2100,280.1600,1.799857
PHY_EDGE_ROW_98_Left_235,VPWR,li1,6.2100,280.1600,1.799857
PHY_EDGE_ROW_97_Left_234,VPWR,li1,6.2100,274.7200,1.799853
PHY_EDGE_ROW_96_Left_233,VPWR,li1,6.2100,274.7200,1.799853
PHY_EDGE_ROW_95_Left_232,VPWR,li1,6.2100,269.2800,1.799957
PHY_EDGE_ROW_94_Left_231,VPWR,li1,6.2100,269.2800,1.799957
PHY_EDGE_ROW_93_Left_230,VPWR,li1,6.2100,263.8400,1.799910
PHY_EDGE_ROW_92_Left_229,VPWR,li1,6.2100,263.8400,1.799910
PHY_EDGE_ROW_91_Left_228,VPWR,li1,6.2100,258.4000,1.799927
PHY_EDGE_ROW_90_Left_227,VPWR,li1,6.2100,258.4000,1.799927
PHY_EDGE_ROW_89_Left_226,VPWR,li1,6.2100,252.9600,1.799935
PHY_EDGE_ROW_88_Left_225,VPWR,li1,6.2100,252.9600,1.799935
PHY_EDGE_ROW_87_Left_224,VPWR,li1,6.2100,247.5200,1.799959
PHY_EDGE_ROW_86_Left_223,VPWR,li1,6.2100,247.5200,1.799959
PHY_EDGE_ROW_85_Left_222,VPWR,li1,6.2100,242.0800,1.799890
PHY_EDGE_ROW_84_Left_221,VPWR,li1,6.2100,242.0800,1.799890
PHY_EDGE_ROW_83_Left_220,VPWR,li1,6.2100,236.6400,1.799913
PHY_EDGE_ROW_82_Left_219,VPWR,li1,6.2100,236.6400,1.799913
PHY_EDGE_ROW_81_Left_218,VPWR,li1,6.2100,231.2000,1.799910
PHY_EDGE_ROW_80_Left_217,VPWR,li1,6.2100,231.2000,1.799910
PHY_EDGE_ROW_79_Left_216,VPWR,li1,6.2100,225.7600,1.799931
PHY_EDGE_ROW_78_Left_215,VPWR,li1,6.2100,225.7600,1.799931
PHY_EDGE_ROW_77_Left_214,VPWR,li1,6.2100,220.3200,1.799956
PHY_EDGE_ROW_76_Left_213,VPWR,li1,6.2100,220.3200,1.799956
PHY_EDGE_ROW_75_Left_212,VPWR,li1,6.2100,214.8800,1.799961
PHY_EDGE_ROW_74_Left_211,VPWR,li1,6.2100,214.8800,1.799961
PHY_EDGE_ROW_73_Left_210,VPWR,li1,6.2100,209.4400,1.799965
PHY_EDGE_ROW_72_Left_209,VPWR,li1,6.2100,209.4400,1.799965
PHY_EDGE_ROW_71_Left_208,VPWR,li1,6.2100,204.0000,1.799948
PHY_EDGE_ROW_70_Left_207,VPWR,li1,6.2100,204.0000,1.799948
PHY_EDGE_ROW_69_Left_206,VPWR,li1,6.2100,198.5600,1.799949
PHY_EDGE_ROW_68_Left_205,VPWR,li1,6.2100,198.5600,1.799949
PHY_EDGE_ROW_67_Left_204,VPWR,li1,6.2100,193.1200,1.799841
PHY_EDGE_ROW_66_Left_203,VPWR,li1,6.2100,193.1200,1.799841
PHY_EDGE_ROW_65_Left_202,VPWR,li1,6.2100,187.6800,1.799809
PHY_EDGE_ROW_64_Left_201,VPWR,li1,6.2100,187.6800,1.799809
PHY_EDGE_ROW_63_Left_200,VPWR,li1,6.2100,182.2400,1.799903
PHY_EDGE_ROW_62_Left_199,VPWR,li1,6.2100,182.2400,1.799903
PHY_EDGE_ROW_61_Left_198,VPWR,li1,6.2100,176.8000,1.799906
PHY_EDGE_ROW_60_Left_197,VPWR,li1,6.2100,176.8000,1.799906
PHY_EDGE_ROW_59_Left_196,VPWR,li1,6.2100,171.3600,1.799921
PHY_EDGE_ROW_58_Left_195,VPWR,li1,6.2100,171.3600,1.799921
PHY_EDGE_ROW_57_Left_194,VPWR,li1,6.2100,165.9200,1.799932
PHY_EDGE_ROW_56_Left_193,VPWR,li1,6.2100,165.9200,1.799932
PHY_EDGE_ROW_55_Left_192,VPWR,li1,6.2100,160.4800,1.799910
PHY_EDGE_ROW_54_Left_191,VPWR,li1,6.2100,160.4800,1.799910
PHY_EDGE_ROW_53_Left_190,VPWR,li1,6.2100,155.0400,1.799864
PHY_EDGE_ROW_52_Left_189,VPWR,li1,6.2100,155.0400,1.799864
PHY_EDGE_ROW_51_Left_188,VPWR,li1,6.2100,149.6000,1.799814
PHY_EDGE_ROW_50_Left_187,VPWR,li1,6.2100,149.6000,1.799814
PHY_EDGE_ROW_49_Left_186,VPWR,li1,6.2100,144.1600,1.799818
PHY_EDGE_ROW_48_Left_185,VPWR,li1,6.2100,144.1600,1.799818
PHY_EDGE_ROW_47_Left_184,VPWR,li1,6.2100,138.7200,1.799921
PHY_EDGE_ROW_46_Left_183,VPWR,li1,6.2100,138.7200,1.799921
PHY_EDGE_ROW_45_Left_182,VPWR,li1,6.2100,133.2800,1.799950
PHY_EDGE_ROW_44_Left_181,VPWR,li1,6.2100,133.2800,1.799950
PHY_EDGE_ROW_43_Left_180,VPWR,li1,6.2100,127.8400,1.799895
PHY_EDGE_ROW_42_Left_179,VPWR,li1,6.2100,127.8400,1.799895
PHY_EDGE_ROW_41_Left_178,VPWR,li1,6.2100,122.4000,1.799896
PHY_EDGE_ROW_40_Left_177,VPWR,li1,6.2100,122.4000,1.799896
PHY_EDGE_ROW_39_Left_176,VPWR,li1,6.2100,116.9600,1.799860
PHY_EDGE_ROW_38_Left_175,VPWR,li1,6.2100,116.9600,1.799860
PHY_EDGE_ROW_37_Left_174,VPWR,li1,6.2100,111.5200,1.799953
PHY_EDGE_ROW_36_Left_173,VPWR,li1,6.2100,111.5200,1.799953
PHY_EDGE_ROW_35_Left_172,VPWR,li1,6.2100,106.0800,1.799902
PHY_EDGE_ROW_34_Left_171,VPWR,li1,6.2100,106.0800,1.799902
PHY_EDGE_ROW_33_Left_170,VPWR,li1,6.2100,100.6400,1.799852
PHY_EDGE_ROW_32_Left_169,VPWR,li1,6.2100,100.6400,1.799852
PHY_EDGE_ROW_31_Left_168,VPWR,li1,6.2100,95.2000,1.799830
PHY_EDGE_ROW_30_Left_167,VPWR,li1,6.2100,95.2000,1.799830
PHY_EDGE_ROW_29_Left_166,VPWR,li1,6.2100,89.7600,1.799843
PHY_EDGE_ROW_28_Left_165,VPWR,li1,6.2100,89.7600,1.799843
PHY_EDGE_ROW_27_Left_164,VPWR,li1,6.2100,84.3200,1.799758
PHY_EDGE_ROW_26_Left_163,VPWR,li1,6.2100,84.3200,1.799758
PHY_EDGE_ROW_25_Left_162,VPWR,li1,6.2100,78.8800,1.799904
PHY_EDGE_ROW_24_Left_161,VPWR,li1,6.2100,78.8800,1.799904
PHY_EDGE_ROW_23_Left_160,VPWR,li1,6.2100,73.4400,1.799900
PHY_EDGE_ROW_22_Left_159,VPWR,li1,6.2100,73.4400,1.799900
PHY_EDGE_ROW_21_Left_158,VPWR,li1,6.2100,68.0000,1.799935
PHY_EDGE_ROW_20_Left_157,VPWR,li1,6.2100,68.0000,1.799935
PHY_EDGE_ROW_19_Left_156,VPWR,li1,6.2100,62.5600,1.799953
PHY_EDGE_ROW_18_Left_155,VPWR,li1,6.2100,62.5600,1.799953
PHY_EDGE_ROW_17_Left_154,VPWR,li1,6.2100,57.1200,1.799934
PHY_EDGE_ROW_16_Left_153,VPWR,li1,6.2100,57.1200,1.799934
PHY_EDGE_ROW_15_Left_152,VPWR,li1,6.2100,51.6800,1.799945
PHY_EDGE_ROW_14_Left_151,VPWR,li1,6.2100,51.6800,1.799945
PHY_EDGE_ROW_13_Left_150,VPWR,li1,6.2100,46.2400,1.799741
PHY_EDGE_ROW_12_Left_149,VPWR,li1,6.2100,46.2400,1.799741
PHY_EDGE_ROW_11_Left_148,VPWR,li1,6.2100,40.8000,1.799847
PHY_EDGE_ROW_10_Left_147,VPWR,li1,6.2100,40.8000,1.799847
PHY_EDGE_ROW_9_Left_146,VPWR,li1,6.2100,35.3600,1.799866
PHY_EDGE_ROW_8_Left_145,VPWR,li1,6.2100,35.3600,1.799866
PHY_EDGE_ROW_7_Left_144,VPWR,li1,6.2100,29.9200,1.799983
PHY_EDGE_ROW_6_Left_143,VPWR,li1,6.2100,29.9200,1.799983
PHY_EDGE_ROW_5_Left_142,VPWR,li1,6.2100,24.4800,1.800000
PHY_EDGE_ROW_4_Left_141,VPWR,li1,6.2100,24.4800,1.800000
PHY_EDGE_ROW_3_Left_140,VPWR,li1,6.2100,19.0400,1.800000
PHY_EDGE_ROW_2_Left_139,VPWR,li1,6.2100,19.0400,1.800000
PHY_EDGE_ROW_1_Left_138,VPWR,li1,6.2100,13.6000,1.799992
PHY_EDGE_ROW_0_Left_137,VPWR,li1,6.2100,13.6000,1.799992
PHY_EDGE_ROW_136_Right_136,VPWR,li1,379.2700,383.5200,1.799948
PHY_EDGE_ROW_135_Right_135,VPWR,li1,379.2700,378.0800,1.799999
PHY_EDGE_ROW_134_Right_134,VPWR,li1,379.2700,378.0800,1.799999
PHY_EDGE_ROW_133_Right_133,VPWR,li1,379.2700,372.6400,1.799979
PHY_EDGE_ROW_132_Right_132,VPWR,li1,379.2700,372.6400,1.799979
PHY_EDGE_ROW_131_Right_131,VPWR,li1,379.2700,367.2000,1.799897
PHY_EDGE_ROW_130_Right_130,VPWR,li1,379.2700,367.2000,1.799897
PHY_EDGE_ROW_129_Right_129,VPWR,li1,379.2700,361.7600,1.799922
PHY_EDGE_ROW_128_Right_128,VPWR,li1,379.2700,361.7600,1.799922
PHY_EDGE_ROW_127_Right_127,VPWR,li1,379.2700,356.3200,1.799949
PHY_EDGE_ROW_126_Right_126,VPWR,li1,379.2700,356.3200,1.799949
PHY_EDGE_ROW_125_Right_125,VPWR,li1,379.2700,350.8800,1.799916
PHY_EDGE_ROW_124_Right_124,VPWR,li1,379.2700,350.8800,1.799916
PHY_EDGE_ROW_123_Right_123,VPWR,li1,379.2700,345.4400,1.799538
PHY_EDGE_ROW_122_Right_122,VPWR,li1,379.2700,345.4400,1.799538
PHY_EDGE_ROW_121_Right_121,VPWR,li1,379.2700,340.0000,1.798261
PHY_EDGE_ROW_120_Right_120,VPWR,li1,379.2700,340.0000,1.798261
PHY_EDGE_ROW_119_Right_119,VPWR,li1,379.2700,334.5600,1.795177
PHY_EDGE_ROW_118_Right_118,VPWR,li1,379.2700,334.5600,1.795177
PHY_EDGE_ROW_117_Right_117,VPWR,li1,379.2700,329.1200,1.798092
PHY_EDGE_ROW_116_Right_116,VPWR,li1,379.2700,329.1200,1.798092
PHY_EDGE_ROW_115_Right_115,VPWR,li1,379.2700,323.6800,1.798286
PHY_EDGE_ROW_114_Right_114,VPWR,li1,379.2700,323.6800,1.798286
PHY_EDGE_ROW_113_Right_113,VPWR,li1,379.2700,318.2400,1.798618
PHY_EDGE_ROW_112_Right_112,VPWR,li1,379.2700,318.2400,1.798618
PHY_EDGE_ROW_111_Right_111,VPWR,li1,379.2700,312.8000,1.799435
PHY_EDGE_ROW_110_Right_110,VPWR,li1,379.2700,312.8000,1.799435
PHY_EDGE_ROW_109_Right_109,VPWR,li1,379.2700,307.3600,1.799482
PHY_EDGE_ROW_108_Right_108,VPWR,li1,379.2700,307.3600,1.799482
PHY_EDGE_ROW_107_Right_107,VPWR,li1,379.2700,301.9200,1.799139
PHY_EDGE_ROW_106_Right_106,VPWR,li1,379.2700,301.9200,1.799139
PHY_EDGE_ROW_105_Right_105,VPWR,li1,379.2700,296.4800,1.799896
PHY_EDGE_ROW_104_Right_104,VPWR,li1,379.2700,296.4800,1.799896
PHY_EDGE_ROW_103_Right_103,VPWR,li1,379.2700,291.0400,1.799935
PHY_EDGE_ROW_102_Right_102,VPWR,li1,379.2700,291.0400,1.799935
PHY_EDGE_ROW_101_Right_101,VPWR,li1,379.2700,285.6000,1.799889
PHY_EDGE_ROW_100_Right_100,VPWR,li1,379.2700,285.6000,1.799889
PHY_EDGE_ROW_99_Right_99,VPWR,li1,379.2700,280.1600,1.799790
PHY_EDGE_ROW_98_Right_98,VPWR,li1,379.2700,280.1600,1.799790
PHY_EDGE_ROW_97_Right_97,VPWR,li1,379.2700,274.7200,1.799362
PHY_EDGE_ROW_96_Right_96,VPWR,li1,379.2700,274.7200,1.799362
PHY_EDGE_ROW_95_Right_95,VPWR,li1,379.2700,269.2800,1.799300
PHY_EDGE_ROW_94_Right_94,VPWR,li1,379.2700,269.2800,1.799300
PHY_EDGE_ROW_93_Right_93,VPWR,li1,379.2700,263.8400,1.799507
PHY_EDGE_ROW_92_Right_92,VPWR,li1,379.2700,263.8400,1.799507
PHY_EDGE_ROW_91_Right_91,VPWR,li1,379.2700,258.4000,1.799634
PHY_EDGE_ROW_90_Right_90,VPWR,li1,379.2700,258.4000,1.799634
PHY_EDGE_ROW_89_Right_89,VPWR,li1,379.2700,252.9600,1.799672
PHY_EDGE_ROW_88_Right_88,VPWR,li1,379.2700,252.9600,1.799672
PHY_EDGE_ROW_87_Right_87,VPWR,li1,379.2700,247.5200,1.799447
PHY_EDGE_ROW_86_Right_86,VPWR,li1,379.2700,247.5200,1.799447
PHY_EDGE_ROW_85_Right_85,VPWR,li1,379.2700,242.0800,1.799606
PHY_EDGE_ROW_84_Right_84,VPWR,li1,379.2700,242.0800,1.799606
PHY_EDGE_ROW_83_Right_83,VPWR,li1,379.2700,236.6400,1.799755
PHY_EDGE_ROW_82_Right_82,VPWR,li1,379.2700,236.6400,1.799755
PHY_EDGE_ROW_81_Right_81,VPWR,li1,379.2700,231.2000,1.799875
PHY_EDGE_ROW_80_Right_80,VPWR,li1,379.2700,231.2000,1.799875
PHY_EDGE_ROW_79_Right_79,VPWR,li1,379.2700,225.7600,1.799844
PHY_EDGE_ROW_78_Right_78,VPWR,li1,379.2700,225.7600,1.799844
PHY_EDGE_ROW_77_Right_77,VPWR,li1,379.2700,220.3200,1.799929
PHY_EDGE_ROW_76_Right_76,VPWR,li1,379.2700,220.3200,1.799929
PHY_EDGE_ROW_75_Right_75,VPWR,li1,379.2700,214.8800,1.799889
PHY_EDGE_ROW_74_Right_74,VPWR,li1,379.2700,214.8800,1.799889
PHY_EDGE_ROW_73_Right_73,VPWR,li1,379.2700,209.4400,1.799843
PHY_EDGE_ROW_72_Right_72,VPWR,li1,379.2700,209.4400,1.799843
PHY_EDGE_ROW_71_Right_71,VPWR,li1,379.2700,204.0000,1.799507
PHY_EDGE_ROW_70_Right_70,VPWR,li1,379.2700,204.0000,1.799507
PHY_EDGE_ROW_69_Right_69,VPWR,li1,379.2700,198.5600,1.799734
PHY_EDGE_ROW_68_Right_68,VPWR,li1,379.2700,198.5600,1.799734
PHY_EDGE_ROW_67_Right_67,VPWR,li1,379.2700,193.1200,1.799365
PHY_EDGE_ROW_66_Right_66,VPWR,li1,379.2700,193.1200,1.799365
PHY_EDGE_ROW_65_Right_65,VPWR,li1,379.2700,187.6800,1.799396
PHY_EDGE_ROW_64_Right_64,VPWR,li1,379.2700,187.6800,1.799396
PHY_EDGE_ROW_63_Right_63,VPWR,li1,379.2700,182.2400,1.799321
PHY_EDGE_ROW_62_Right_62,VPWR,li1,379.2700,182.2400,1.799321
PHY_EDGE_ROW_61_Right_61,VPWR,li1,379.2700,176.8000,1.799786
PHY_EDGE_ROW_60_Right_60,VPWR,li1,379.2700,176.8000,1.799786
PHY_EDGE_ROW_59_Right_59,VPWR,li1,379.2700,171.3600,1.799843
PHY_EDGE_ROW_58_Right_58,VPWR,li1,379.2700,171.3600,1.799843
PHY_EDGE_ROW_57_Right_57,VPWR,li1,379.2700,165.9200,1.799573
PHY_EDGE_ROW_56_Right_56,VPWR,li1,379.2700,165.9200,1.799573
PHY_EDGE_ROW_55_Right_55,VPWR,li1,379.2700,160.4800,1.797605
PHY_EDGE_ROW_54_Right_54,VPWR,li1,379.2700,160.4800,1.797605
PHY_EDGE_ROW_53_Right_53,VPWR,li1,379.2700,155.0400,1.798196
PHY_EDGE_ROW_52_Right_52,VPWR,li1,379.2700,155.0400,1.798196
PHY_EDGE_ROW_51_Right_51,VPWR,li1,379.2700,149.6000,1.795871
PHY_EDGE_ROW_50_Right_50,VPWR,li1,379.2700,149.6000,1.795871
PHY_EDGE_ROW_49_Right_49,VPWR,li1,379.2700,144.1600,1.798293
PHY_EDGE_ROW_48_Right_48,VPWR,li1,379.2700,144.1600,1.798293
PHY_EDGE_ROW_47_Right_47,VPWR,li1,379.2700,138.7200,1.798858
PHY_EDGE_ROW_46_Right_46,VPWR,li1,379.2700,138.7200,1.798858
PHY_EDGE_ROW_45_Right_45,VPWR,li1,379.2700,133.2800,1.799765
PHY_EDGE_ROW_44_Right_44,VPWR,li1,379.2700,133.2800,1.799765
PHY_EDGE_ROW_43_Right_43,VPWR,li1,379.2700,127.8400,1.799602
PHY_EDGE_ROW_42_Right_42,VPWR,li1,379.2700,127.8400,1.799602
PHY_EDGE_ROW_41_Right_41,VPWR,li1,379.2700,122.4000,1.799313
PHY_EDGE_ROW_40_Right_40,VPWR,li1,379.2700,122.4000,1.799313
PHY_EDGE_ROW_39_Right_39,VPWR,li1,379.2700,116.9600,1.799516
PHY_EDGE_ROW_38_Right_38,VPWR,li1,379.2700,116.9600,1.799516
PHY_EDGE_ROW_37_Right_37,VPWR,li1,379.2700,111.5200,1.799842
PHY_EDGE_ROW_36_Right_36,VPWR,li1,379.2700,111.5200,1.799842
PHY_EDGE_ROW_35_Right_35,VPWR,li1,379.2700,106.0800,1.797769
PHY_EDGE_ROW_34_Right_34,VPWR,li1,379.2700,106.0800,1.797769
PHY_EDGE_ROW_33_Right_33,VPWR,li1,379.2700,100.6400,1.794486
PHY_EDGE_ROW_32_Right_32,VPWR,li1,379.2700,100.6400,1.794486
PHY_EDGE_ROW_31_Right_31,VPWR,li1,379.2700,95.2000,1.799550
PHY_EDGE_ROW_30_Right_30,VPWR,li1,379.2700,95.2000,1.799550
PHY_EDGE_ROW_29_Right_29,VPWR,li1,379.2700,89.7600,1.799453
PHY_EDGE_ROW_28_Right_28,VPWR,li1,379.2700,89.7600,1.799453
PHY_EDGE_ROW_27_Right_27,VPWR,li1,379.2700,84.3200,1.799366
PHY_EDGE_ROW_26_Right_26,VPWR,li1,379.2700,84.3200,1.799366
PHY_EDGE_ROW_25_Right_25,VPWR,li1,379.2700,78.8800,1.799790
PHY_EDGE_ROW_24_Right_24,VPWR,li1,379.2700,78.8800,1.799790
PHY_EDGE_ROW_23_Right_23,VPWR,li1,379.2700,73.4400,1.799738
PHY_EDGE_ROW_22_Right_22,VPWR,li1,379.2700,73.4400,1.799738
PHY_EDGE_ROW_21_Right_21,VPWR,li1,379.2700,68.0000,1.799756
PHY_EDGE_ROW_20_Right_20,VPWR,li1,379.2700,68.0000,1.799756
PHY_EDGE_ROW_19_Right_19,VPWR,li1,379.2700,62.5600,1.798992
PHY_EDGE_ROW_18_Right_18,VPWR,li1,379.2700,62.5600,1.798992
PHY_EDGE_ROW_17_Right_17,VPWR,li1,379.2700,57.1200,1.798249
PHY_EDGE_ROW_16_Right_16,VPWR,li1,379.2700,57.1200,1.798249
PHY_EDGE_ROW_15_Right_15,VPWR,li1,379.2700,51.6800,1.798231
PHY_EDGE_ROW_14_Right_14,VPWR,li1,379.2700,51.6800,1.798231
PHY_EDGE_ROW_13_Right_13,VPWR,li1,379.2700,46.2400,1.799812
PHY_EDGE_ROW_12_Right_12,VPWR,li1,379.2700,46.2400,1.799812
PHY_EDGE_ROW_11_Right_11,VPWR,li1,379.2700,40.8000,1.799898
PHY_EDGE_ROW_10_Right_10,VPWR,li1,379.2700,40.8000,1.799898
PHY_EDGE_ROW_9_Right_9,VPWR,li1,379.2700,35.3600,1.799767
PHY_EDGE_ROW_8_Right_8,VPWR,li1,379.2700,35.3600,1.799767
PHY_EDGE_ROW_7_Right_7,VPWR,li1,379.2700,29.9200,1.799967
PHY_EDGE_ROW_6_Right_6,VPWR,li1,379.2700,29.9200,1.799967
PHY_EDGE_ROW_5_Right_5,VPWR,li1,379.2700,24.4800,1.799999
PHY_EDGE_ROW_4_Right_4,VPWR,li1,379.2700,24.4800,1.799999
PHY_EDGE_ROW_3_Right_3,VPWR,li1,379.2700,19.0400,1.800000
PHY_EDGE_ROW_2_Right_2,VPWR,li1,379.2700,19.0400,1.800000
PHY_EDGE_ROW_1_Right_1,VPWR,li1,379.2700,13.6000,1.799980
PHY_EDGE_ROW_0_Right_0,VPWR,li1,379.2700,13.6000,1.799980
_13417_,VPWR,li1,268.1800,340.0000,1.794385
_13416_,VPWR,li1,268.1800,356.3200,1.799666
_13415_,VPWR,li1,280.1400,361.7600,1.799544
_13414_,VPWR,li1,373.9800,345.4400,1.799541
_13413_,VPWR,li1,345.4600,345.4400,1.799687
_13412_,VPWR,li1,373.9800,340.0000,1.798264
_13411_,VPWR,li1,358.3400,329.1200,1.798092
_13410_,VPWR,li1,358.8000,334.5600,1.795196
_13409_,VPWR,li1,368.9200,301.9200,1.799148
_13408_,VPWR,li1,373.9800,280.1600,1.799790
_13407_,VPWR,li1,373.9800,269.2800,1.799302
_13406_,VPWR,li1,373.9800,263.8400,1.799507
_13405_,VPWR,li1,373.9800,252.9600,1.799677
_13404_,VPWR,li1,373.9800,247.5200,1.799448
_13403_,VPWR,li1,373.9800,236.6400,1.799756
_13402_,VPWR,li1,373.9800,225.7600,1.799844
_13401_,VPWR,li1,173.4200,40.8000,1.799468
_13400_,VPWR,li1,176.1800,46.2400,1.798812
_13399_,VPWR,li1,181.7000,84.3200,1.798920
_13398_,VPWR,li1,184.9200,89.7600,1.798925
_13397_,VPWR,li1,198.2600,138.7200,1.799156
_13396_,VPWR,li1,200.1000,149.6000,1.797672
_13395_,VPWR,li1,197.3400,155.0400,1.799121
_13394_,VPWR,li1,192.2800,160.4800,1.799422
_13393_,VPWR,li1,114.5400,193.1200,1.799220
_13392_,VPWR,li1,107.1800,198.5600,1.799870
_13391_,VPWR,li1,36.3400,187.6800,1.799594
_13390_,VPWR,li1,23.4600,198.5600,1.799955
_13389_,VPWR,li1,34.9600,193.1200,1.799690
_13388_,VPWR,li1,23.9200,193.1200,1.799826
_13387_,VPWR,li1,24.3800,187.6800,1.799779
_13386_,VPWR,li1,24.3800,182.2400,1.799889
_13385_,VPWR,li1,363.4000,51.6800,1.798235
_13384_,VPWR,li1,364.3200,62.5600,1.799004
_13383_,VPWR,li1,372.1400,100.6400,1.794486
_13382_,VPWR,li1,373.9800,106.0800,1.797771
_13381_,VPWR,li1,373.9800,149.6000,1.795871
_13380_,VPWR,li1,373.9800,160.4800,1.797607
_13379_,VPWR,li1,373.9800,182.2400,1.799324
_13378_,VPWR,li1,373.9800,165.9200,1.799574
_13377_,VPWR,li1,373.9800,187.6800,1.799402
_13376_,VPWR,li1,373.5200,193.1200,1.799365
_13375_,VPWR,li1,373.9800,204.0000,1.799511
_13374_,VPWR,li1,361.5600,204.0000,1.799546
_13373_,VPWR,li1,371.2200,209.4400,1.799849
_13372_,VPWR,li1,372.1400,204.0000,1.799514
_13371_,VPWR,li1,371.6800,198.5600,1.799741
_13370_,VPWR,li1,373.9800,171.3600,1.799844
_13369_,VPWR,li1,91.0800,372.6400,1.798481
_13368_,VPWR,li1,95.6800,367.2000,1.791064
_13367_,VPWR,li1,114.0800,372.6400,1.798347
_13366_,VPWR,li1,122.3600,372.6400,1.798488
_13365_,VPWR,li1,149.9600,372.6400,1.799080
_13364_,VPWR,li1,155.4800,367.2000,1.795159
_13363_,VPWR,li1,172.0400,361.7600,1.799147
_13362_,VPWR,li1,176.6400,367.2000,1.798364
_13361_,VPWR,li1,182.1600,367.2000,1.798407
_13360_,VPWR,li1,189.0600,372.6400,1.799716
_13359_,VPWR,li1,203.7800,372.6400,1.799723
_13358_,VPWR,li1,196.4200,372.6400,1.799715
_13357_,VPWR,li1,201.0200,356.3200,1.799719
_13356_,VPWR,li1,201.9400,361.7600,1.799332
_13355_,VPWR,li1,191.8200,367.2000,1.798498
_13354_,VPWR,li1,184.0000,378.0800,1.799988
_13353_,VPWR,li1,266.1100,340.0000,1.794345
_13352_,VPWR,li1,267.4900,361.7600,1.799506
_13351_,VPWR,li1,285.4300,361.7600,1.799592
_13350_,VPWR,li1,376.0500,340.0000,1.798261
_13349_,VPWR,li1,345.2300,345.4400,1.799687
_13348_,VPWR,li1,375.5900,334.5600,1.795179
_13347_,VPWR,li1,357.1900,323.6800,1.798286
_13346_,VPWR,li1,364.0900,334.5600,1.795191
_13345_,VPWR,li1,374.2100,301.9200,1.799143
_13344_,VPWR,li1,376.0500,274.7200,1.799362
_13343_,VPWR,li1,376.0500,269.2800,1.799300
_13342_,VPWR,li1,376.0500,263.8400,1.799507
_13341_,VPWR,li1,376.0500,252.9600,1.799675
_13340_,VPWR,li1,374.2100,242.0800,1.799611
_13339_,VPWR,li1,376.0500,236.6400,1.799755
_13338_,VPWR,li1,376.0500,225.7600,1.799844
_13337_,VPWR,li1,175.0300,46.2400,1.798812
_13336_,VPWR,li1,176.4100,51.6800,1.799742
_13335_,VPWR,li1,186.9900,84.3200,1.798922
_13334_,VPWR,li1,190.2100,89.7600,1.798937
_13333_,VPWR,li1,199.8700,144.1600,1.798258
_13332_,VPWR,li1,205.3900,149.6000,1.797702
_13331_,VPWR,li1,199.8700,155.0400,1.799118
_13330_,VPWR,li1,192.0500,155.0400,1.799127
_13329_,VPWR,li1,119.8300,193.1200,1.799262
_13328_,VPWR,li1,112.4700,198.5600,1.799875
_13327_,VPWR,li1,37.0300,193.1200,1.799667
_13326_,VPWR,li1,28.7500,198.5600,1.799946
_13325_,VPWR,li1,35.6500,193.1200,1.799690
_13324_,VPWR,li1,25.5300,193.1200,1.799826
_13323_,VPWR,li1,29.6700,187.6800,1.799708
_13322_,VPWR,li1,26.4500,187.6800,1.799747
_13321_,VPWR,li1,368.6900,51.6800,1.798233
_13320_,VPWR,li1,369.6100,62.5600,1.798999
_13319_,VPWR,li1,377.4300,100.6400,1.794486
_13318_,VPWR,li1,375.1300,111.5200,1.799845
_13317_,VPWR,li1,376.0500,155.0400,1.798196
_13316_,VPWR,li1,376.0500,155.0400,1.798196
_13315_,VPWR,li1,376.0500,182.2400,1.799321
_13314_,VPWR,li1,375.1300,165.9200,1.799574
_13313_,VPWR,li1,372.3700,187.6800,1.799407
_13312_,VPWR,li1,368.2300,193.1200,1.799392
_13311_,VPWR,li1,374.2100,198.5600,1.799737
_13310_,VPWR,li1,363.6300,204.0000,1.799540
_13309_,VPWR,li1,369.1500,209.4400,1.799853
_13308_,VPWR,li1,372.8300,209.4400,1.799849
_13307_,VPWR,li1,376.9700,198.5600,1.799734
_13306_,VPWR,li1,375.1300,171.3600,1.799844
_13305_,VPWR,li1,92.2300,372.6400,1.798450
_13304_,VPWR,li1,96.8300,372.6400,1.798399
_13303_,VPWR,li1,115.2300,372.6400,1.798347
_13302_,VPWR,li1,127.6500,372.6400,1.798601
_13301_,VPWR,li1,155.2500,372.6400,1.799216
_13300_,VPWR,li1,161.2300,367.2000,1.795986
_13299_,VPWR,li1,174.1100,367.2000,1.798348
_13298_,VPWR,li1,176.8700,367.2000,1.798364
_13297_,VPWR,li1,183.3100,361.7600,1.799310
_13296_,VPWR,li1,194.3500,372.6400,1.799716
_13295_,VPWR,li1,200.7900,367.2000,1.798590
_13294_,VPWR,li1,201.7100,372.6400,1.799721
_13293_,VPWR,li1,206.3100,356.3200,1.799714
_13292_,VPWR,li1,207.2300,361.7600,1.799346
_13291_,VPWR,li1,197.1100,367.2000,1.798552
_13290_,VPWR,li1,355.3500,204.0000,1.799574
_13289_,VPWR,li1,355.8100,51.6800,1.798271
_13288_,VPWR,li1,334.1900,51.6800,1.798867
_13287_,VPWR,li1,329.5900,51.6800,1.799061
_13286_,VPWR,li1,324.0700,35.3600,1.799636
_13285_,VPWR,li1,307.9700,35.3600,1.799421
_13284_,VPWR,li1,310.5000,35.3600,1.799455
_13283_,VPWR,li1,309.3500,40.8000,1.799727
_13282_,VPWR,li1,320.8500,35.3600,1.799593
_13281_,VPWR,li1,321.3100,40.8000,1.799833
_13280_,VPWR,li1,321.3100,46.2400,1.799767
_13279_,VPWR,li1,318.0900,46.2400,1.799728
_13278_,VPWR,li1,276.4600,40.8000,1.799539
_13277_,VPWR,li1,341.7800,46.2400,1.799849
_13276_,VPWR,li1,314.8700,46.2400,1.799687
_13275_,VPWR,li1,312.1100,46.2400,1.799663
_13274_,VPWR,li1,310.2700,51.6800,1.799134
_13273_,VPWR,li1,310.2700,57.1200,1.799295
_13272_,VPWR,li1,307.0500,57.1200,1.799302
_13271_,VPWR,li1,302.4500,57.1200,1.799310
_13270_,VPWR,li1,303.8300,57.1200,1.799310
_13269_,VPWR,li1,286.1200,57.1200,1.799351
_13268_,VPWR,li1,298.5400,57.1200,1.799319
_13267_,VPWR,li1,343.8500,57.1200,1.798689
_13266_,VPWR,li1,297.1600,46.2400,1.799526
_13265_,VPWR,li1,309.5800,46.2400,1.799631
_13264_,VPWR,li1,283.5900,35.3600,1.799342
_13263_,VPWR,li1,259.6700,29.9200,1.799737
_13262_,VPWR,li1,236.6700,29.9200,1.799728
_13261_,VPWR,li1,231.3800,29.9200,1.799738
_13260_,VPWR,li1,235.5200,24.4800,1.799986
_13259_,VPWR,li1,256.4500,29.9200,1.799732
_13258_,VPWR,li1,222.8700,29.9200,1.799759
_13257_,VPWR,li1,211.3700,29.9200,1.799801
_13256_,VPWR,li1,256.9100,35.3600,1.799420
_13255_,VPWR,li1,216.4300,29.9200,1.799781
_13254_,VPWR,li1,201.0200,29.9200,1.799844
_13253_,VPWR,li1,216.4300,29.9200,1.799781
_13252_,VPWR,li1,232.9900,35.3600,1.799515
_13251_,VPWR,li1,259.4400,40.8000,1.799513
_13250_,VPWR,li1,255.9900,40.8000,1.799509
_13249_,VPWR,li1,213.4400,29.9200,1.799793
_13248_,VPWR,li1,204.2400,29.9200,1.799830
_13247_,VPWR,li1,268.4100,35.3600,1.799383
_13246_,VPWR,li1,277.8400,35.3600,1.799350
_13245_,VPWR,li1,325.6800,51.6800,1.799146
_13244_,VPWR,li1,332.5800,57.1200,1.799083
_13243_,VPWR,li1,356.2700,57.1200,1.798264
_13242_,VPWR,li1,355.8100,62.5600,1.799050
_13241_,VPWR,li1,353.9700,100.6400,1.794873
_13240_,VPWR,li1,354.4300,100.6400,1.794776
_13239_,VPWR,li1,352.1300,57.1200,1.798339
_13238_,VPWR,li1,359.0300,57.1200,1.798249
_13237_,VPWR,li1,337.6400,84.3200,1.799383
_13236_,VPWR,li1,334.1900,57.1200,1.798990
_13235_,VPWR,li1,330.9700,51.6800,1.799061
_13234_,VPWR,li1,329.5900,57.1200,1.799237
_13233_,VPWR,li1,330.2800,68.0000,1.799784
_13232_,VPWR,li1,325.4500,51.6800,1.799146
_13231_,VPWR,li1,323.3800,57.1200,1.799315
_13230_,VPWR,li1,326.3700,62.5600,1.799632
_13229_,VPWR,li1,322.9200,62.5600,1.799598
_13228_,VPWR,li1,339.4800,68.0000,1.799765
_13227_,VPWR,li1,320.3900,51.6800,1.799116
_13226_,VPWR,li1,323.3800,51.6800,1.799131
_13225_,VPWR,li1,321.0800,57.1200,1.799300
_13224_,VPWR,li1,313.0300,35.3600,1.799474
_13223_,VPWR,li1,309.3500,40.8000,1.799727
_13222_,VPWR,li1,312.3400,40.8000,1.799753
_13221_,VPWR,li1,306.1300,40.8000,1.799701
_13220_,VPWR,li1,307.0500,40.8000,1.799701
_13219_,VPWR,li1,304.9800,46.2400,1.799587
_13218_,VPWR,li1,307.0500,46.2400,1.799609
_13217_,VPWR,li1,306.3600,46.2400,1.799609
_13216_,VPWR,li1,304.0600,46.2400,1.799587
_13215_,VPWR,li1,298.3100,46.2400,1.799526
_13214_,VPWR,li1,301.3000,46.2400,1.799550
_13213_,VPWR,li1,295.0900,46.2400,1.799508
_13212_,VPWR,li1,296.4700,51.6800,1.799163
_13211_,VPWR,li1,296.2400,57.1200,1.799324
_13210_,VPWR,li1,297.8500,57.1200,1.799324
_13209_,VPWR,li1,295.3200,57.1200,1.799330
_13208_,VPWR,li1,287.9600,51.6800,1.799185
_13207_,VPWR,li1,298.0800,62.5600,1.799531
_13206_,VPWR,li1,338.7900,46.2400,1.799851
_13205_,VPWR,li1,342.4700,51.6800,1.798631
_13204_,VPWR,li1,347.5300,51.6800,1.798492
_13203_,VPWR,li1,343.1600,51.6800,1.798631
_13202_,VPWR,li1,345.2300,51.6800,1.798555
_13201_,VPWR,li1,347.0700,57.1200,1.798539
_13200_,VPWR,li1,341.0900,57.1200,1.798781
_13199_,VPWR,li1,346.6100,57.1200,1.798539
_13198_,VPWR,li1,288.4200,46.2400,1.799452
_13197_,VPWR,li1,311.8800,68.0000,1.799674
_13196_,VPWR,li1,308.2000,35.3600,1.799435
_13195_,VPWR,li1,294.6300,35.3600,1.799367
_13194_,VPWR,li1,292.1000,35.3600,1.799359
_13193_,VPWR,li1,280.3700,35.3600,1.799345
_13192_,VPWR,li1,278.0700,40.8000,1.799545
_13191_,VPWR,li1,273.4700,40.8000,1.799535
_13190_,VPWR,li1,275.0800,35.3600,1.799358
_13189_,VPWR,li1,272.0900,35.3600,1.799366
_13188_,VPWR,li1,268.8700,35.3600,1.799377
_13187_,VPWR,li1,265.1900,35.3600,1.799390
_13186_,VPWR,li1,266.8000,35.3600,1.799383
_13185_,VPWR,li1,256.4500,35.3600,1.799420
_13184_,VPWR,li1,258.9800,40.8000,1.799513
_13183_,VPWR,li1,252.7700,40.8000,1.799504
_13182_,VPWR,li1,253.0000,40.8000,1.799506
_13181_,VPWR,li1,251.6200,35.3600,1.799439
_13180_,VPWR,li1,254.1500,46.2400,1.799223
_13179_,VPWR,li1,256.2200,46.2400,1.799236
_13178_,VPWR,li1,255.7600,51.6800,1.799267
_13177_,VPWR,li1,281.2900,51.6800,1.799197
_13176_,VPWR,li1,284.7400,57.1200,1.799351
_13175_,VPWR,li1,229.3100,40.8000,1.799494
_13174_,VPWR,li1,275.0800,46.2400,1.799351
_13173_,VPWR,li1,245.8700,29.9200,1.799721
_13172_,VPWR,li1,248.6300,29.9200,1.799722
_13171_,VPWR,li1,233.6800,40.8000,1.799493
_13170_,VPWR,li1,239.8900,29.9200,1.799724
_13169_,VPWR,li1,233.4500,29.9200,1.799733
_13168_,VPWR,li1,234.8300,29.9200,1.799733
_13167_,VPWR,li1,228.3900,29.9200,1.799744
_13166_,VPWR,li1,227.7000,35.3600,1.799537
_13165_,VPWR,li1,225.4000,35.3600,1.799547
_13164_,VPWR,li1,233.4500,29.9200,1.799733
_13163_,VPWR,li1,226.5500,29.9200,1.799748
_13162_,VPWR,li1,229.3100,29.9200,1.799744
_13161_,VPWR,li1,216.6600,35.3600,1.799591
_13160_,VPWR,li1,219.6500,29.9200,1.799770
_13159_,VPWR,li1,207.6900,29.9200,1.799821
_13158_,VPWR,li1,203.7800,35.3600,1.799647
_13157_,VPWR,li1,202.1700,35.3600,1.799659
_13156_,VPWR,li1,201.2500,35.3600,1.799659
_13155_,VPWR,li1,200.7900,35.3600,1.799659
_13154_,VPWR,li1,198.0300,40.8000,1.799525
_13153_,VPWR,li1,199.8700,40.8000,1.799523
_13152_,VPWR,li1,201.2500,46.2400,1.798932
_13151_,VPWR,li1,194.1200,40.8000,1.799530
_13150_,VPWR,li1,359.9500,100.6400,1.794539
_13149_,VPWR,li1,358.5700,100.6400,1.794590
_13148_,VPWR,li1,355.3500,106.0800,1.797948
_13147_,VPWR,li1,341.7800,100.6400,1.796259
_13146_,VPWR,li1,345.4600,100.6400,1.795618
_13145_,VPWR,li1,338.3300,89.7600,1.799465
_13144_,VPWR,li1,334.1900,84.3200,1.799429
_13143_,VPWR,li1,335.1100,84.3200,1.799429
_13142_,VPWR,li1,333.9600,89.7600,1.799535
_13141_,VPWR,li1,332.3500,73.4400,1.799747
_13140_,VPWR,li1,332.5800,73.4400,1.799747
_13139_,VPWR,li1,336.4900,78.8800,1.799800
_13138_,VPWR,li1,333.0400,78.8800,1.799805
_13137_,VPWR,li1,340.4000,78.8800,1.799797
_13136_,VPWR,li1,329.1300,68.0000,1.799784
_13135_,VPWR,li1,331.8900,68.0000,1.799772
_13134_,VPWR,li1,333.2700,68.0000,1.799772
_13133_,VPWR,li1,324.3000,73.4400,1.799735
_13132_,VPWR,li1,324.0700,62.5600,1.799607
_13131_,VPWR,li1,319.4700,62.5600,1.799585
_13130_,VPWR,li1,321.5400,68.0000,1.799728
_13129_,VPWR,li1,316.2500,68.0000,1.799696
_13128_,VPWR,li1,317.6300,68.0000,1.799696
_13127_,VPWR,li1,318.5500,68.0000,1.799711
_13126_,VPWR,li1,309.5800,68.0000,1.799663
_13125_,VPWR,li1,313.4900,62.5600,1.799570
_13124_,VPWR,li1,310.2700,68.0000,1.799663
_13123_,VPWR,li1,312.3400,68.0000,1.799674
_13122_,VPWR,li1,305.6700,68.0000,1.799644
_13121_,VPWR,li1,304.9800,68.0000,1.799644
_13120_,VPWR,li1,301.0700,62.5600,1.799540
_13119_,VPWR,li1,303.6000,62.5600,1.799546
_13118_,VPWR,li1,300.6100,68.0000,1.799625
_13117_,VPWR,li1,303.8300,62.5600,1.799546
_13116_,VPWR,li1,299.6900,62.5600,1.799536
_13115_,VPWR,li1,295.5500,68.0000,1.799603
_13114_,VPWR,li1,288.4200,68.0000,1.799579
_13113_,VPWR,li1,286.1200,62.5600,1.799506
_13112_,VPWR,li1,305.4400,73.4400,1.799684
_13111_,VPWR,li1,336.9500,68.0000,1.799767
_13110_,VPWR,li1,341.5500,62.5600,1.799374
_13109_,VPWR,li1,345.4600,68.0000,1.799761
_13108_,VPWR,li1,342.7000,68.0000,1.799762
_13107_,VPWR,li1,345.0000,73.4400,1.799743
_13106_,VPWR,li1,342.4700,62.5600,1.799374
_13105_,VPWR,li1,343.8500,57.1200,1.798689
_13104_,VPWR,li1,342.4700,57.1200,1.798689
_13103_,VPWR,li1,345.9200,62.5600,1.799296
_13102_,VPWR,li1,337.6400,57.1200,1.798881
_13101_,VPWR,li1,355.8100,68.0000,1.799757
_13100_,VPWR,li1,280.3700,68.0000,1.799550
_13099_,VPWR,li1,318.7800,78.8800,1.799733
_13098_,VPWR,li1,316.7100,57.1200,1.799286
_13097_,VPWR,li1,316.2500,57.1200,1.799286
_13096_,VPWR,li1,278.7600,62.5600,1.799495
_13095_,VPWR,li1,294.1700,40.8000,1.799607
_13094_,VPWR,li1,292.3300,40.8000,1.799589
_13093_,VPWR,li1,290.9500,40.8000,1.799589
_13092_,VPWR,li1,282.6700,46.2400,1.799406
_13091_,VPWR,li1,285.6600,46.2400,1.799431
_13090_,VPWR,li1,278.0700,46.2400,1.799374
_13089_,VPWR,li1,272.0900,46.2400,1.799331
_13088_,VPWR,li1,272.5500,46.2400,1.799331
_13087_,VPWR,li1,266.3400,57.1200,1.799409
_13086_,VPWR,li1,269.7900,46.2400,1.799318
_13085_,VPWR,li1,267.9500,46.2400,1.799299
_13084_,VPWR,li1,267.0300,46.2400,1.799299
_13083_,VPWR,li1,268.4100,40.8000,1.799527
_13082_,VPWR,li1,265.6500,40.8000,1.799522
_13081_,VPWR,li1,265.1900,40.8000,1.799522
_13080_,VPWR,li1,261.7400,46.2400,1.799269
_13079_,VPWR,li1,260.3600,51.6800,1.799250
_13078_,VPWR,li1,251.1600,40.8000,1.799504
_13077_,VPWR,li1,265.4200,51.6800,1.799237
_13076_,VPWR,li1,283.5900,51.6800,1.799192
_13075_,VPWR,li1,288.6500,57.1200,1.799346
_13074_,VPWR,li1,283.8200,57.1200,1.799358
_13073_,VPWR,li1,290.4900,57.1200,1.799341
_13072_,VPWR,li1,291.4100,62.5600,1.799516
_13071_,VPWR,li1,290.2600,62.5600,1.799516
_13070_,VPWR,li1,241.7300,46.2400,1.799148
_13069_,VPWR,li1,277.3800,57.1200,1.799374
_13068_,VPWR,li1,287.2700,40.8000,1.799573
_13067_,VPWR,li1,290.2600,40.8000,1.799580
_13066_,VPWR,li1,243.3400,51.6800,1.799302
_13065_,VPWR,li1,236.6700,40.8000,1.799495
_13064_,VPWR,li1,231.6100,40.8000,1.799493
_13063_,VPWR,li1,234.6000,40.8000,1.799493
_13062_,VPWR,li1,229.7700,46.2400,1.799071
_13061_,VPWR,li1,226.0900,46.2400,1.799052
_13060_,VPWR,li1,228.1600,46.2400,1.799071
_13059_,VPWR,li1,236.2100,35.3600,1.799501
_13058_,VPWR,li1,234.3700,35.3600,1.799515
_13057_,VPWR,li1,236.2100,35.3600,1.799501
_13056_,VPWR,li1,243.5700,35.3600,1.799477
_13055_,VPWR,li1,243.8000,40.8000,1.799498
_13054_,VPWR,li1,233.6800,46.2400,1.799101
_13053_,VPWR,li1,226.5500,40.8000,1.799494
_13052_,VPWR,li1,225.4000,40.8000,1.799495
_13051_,VPWR,li1,223.1000,40.8000,1.799496
_13050_,VPWR,li1,216.8900,40.8000,1.799502
_13049_,VPWR,li1,209.5300,35.3600,1.799623
_13048_,VPWR,li1,212.7500,35.3600,1.799609
_13047_,VPWR,li1,203.0900,40.8000,1.799517
_13046_,VPWR,li1,204.4700,35.3600,1.799647
_13045_,VPWR,li1,195.2700,40.8000,1.799530
_13044_,VPWR,li1,192.5100,46.2400,1.798884
_13043_,VPWR,li1,188.8300,46.2400,1.798874
_13042_,VPWR,li1,190.4400,51.6800,1.799635
_13041_,VPWR,li1,205.8500,40.8000,1.799513
_13040_,VPWR,li1,207.6900,40.8000,1.799511
_13039_,VPWR,li1,196.4200,46.2400,1.798907
_13038_,VPWR,li1,219.6500,40.8000,1.799498
_13037_,VPWR,li1,215.5100,40.8000,1.799502
_13036_,VPWR,li1,217.3500,40.8000,1.799500
_13035_,VPWR,li1,358.5700,106.0800,1.797849
_13034_,VPWR,li1,356.9600,149.6000,1.796066
_13033_,VPWR,li1,353.0500,144.1600,1.798337
_13032_,VPWR,li1,355.3500,144.1600,1.798310
_13031_,VPWR,li1,348.9100,100.6400,1.795383
_13030_,VPWR,li1,347.9900,106.0800,1.798202
_13029_,VPWR,li1,349.8300,106.0800,1.798114
_13028_,VPWR,li1,339.9400,122.4000,1.799410
_13027_,VPWR,li1,342.4700,100.6400,1.796000
_13026_,VPWR,li1,340.1700,100.6400,1.796541
_13025_,VPWR,li1,336.0300,100.6400,1.796977
_13024_,VPWR,li1,338.7900,100.6400,1.796541
_13023_,VPWR,li1,332.5800,106.0800,1.799025
_13022_,VPWR,li1,334.1900,95.2000,1.799575
_13021_,VPWR,li1,329.5900,95.2000,1.799634
_13020_,VPWR,li1,330.2800,89.7600,1.799649
_13019_,VPWR,li1,322.0000,95.2000,1.799507
_13018_,VPWR,li1,325.9100,78.8800,1.799787
_13017_,VPWR,li1,327.2900,78.8800,1.799787
_13016_,VPWR,li1,329.3600,78.8800,1.799816
_13015_,VPWR,li1,324.0700,78.8800,1.799769
_13014_,VPWR,li1,330.2800,78.8800,1.799810
_13013_,VPWR,li1,319.9300,78.8800,1.799733
_13012_,VPWR,li1,316.7100,78.8800,1.799720
_13011_,VPWR,li1,313.4900,78.8800,1.799694
_13010_,VPWR,li1,312.8000,89.7600,1.799516
_13009_,VPWR,li1,310.2700,78.8800,1.799684
_13008_,VPWR,li1,309.8100,78.8800,1.799674
_13007_,VPWR,li1,306.5900,78.8800,1.799665
_13006_,VPWR,li1,307.0500,73.4400,1.799687
_13005_,VPWR,li1,302.9100,73.4400,1.799681
_13004_,VPWR,li1,300.6100,73.4400,1.799679
_13003_,VPWR,li1,300.6100,78.8800,1.799629
_13002_,VPWR,li1,303.1400,78.8800,1.799642
_13001_,VPWR,li1,292.3300,73.4400,1.799670
_13000_,VPWR,li1,305.4400,84.3200,1.799439
_12999_,VPWR,li1,338.7900,78.8800,1.799798
_12998_,VPWR,li1,342.4700,78.8800,1.799796
_12997_,VPWR,li1,349.1400,78.8800,1.799793
_12996_,VPWR,li1,346.8400,78.8800,1.799794
_12995_,VPWR,li1,348.9100,68.0000,1.799759
_12994_,VPWR,li1,351.2100,68.0000,1.799758
_12993_,VPWR,li1,359.4900,68.0000,1.799757
_12992_,VPWR,li1,355.8100,68.0000,1.799757
_12991_,VPWR,li1,356.7300,73.4400,1.799740
_12990_,VPWR,li1,361.7900,68.0000,1.799756
_12989_,VPWR,li1,342.4700,68.0000,1.799764
_12988_,VPWR,li1,345.4600,68.0000,1.799761
_12987_,VPWR,li1,336.4900,68.0000,1.799767
_12986_,VPWR,li1,270.9400,78.8800,1.799531
_12985_,VPWR,li1,322.4600,89.7600,1.799589
_12984_,VPWR,li1,319.0100,73.4400,1.799704
_12983_,VPWR,li1,321.7700,73.4400,1.799719
_12982_,VPWR,li1,273.2400,78.8800,1.799531
_12981_,VPWR,li1,278.0700,68.0000,1.799543
_12980_,VPWR,li1,275.7700,68.0000,1.799542
_12979_,VPWR,li1,273.7000,68.0000,1.799543
_12978_,VPWR,li1,273.7000,62.5600,1.799495
_12977_,VPWR,li1,270.7100,68.0000,1.799545
_12976_,VPWR,li1,276.4600,62.5600,1.799495
_12975_,VPWR,li1,274.3900,57.1200,1.799381
_12974_,VPWR,li1,271.1700,57.1200,1.799391
_12973_,VPWR,li1,271.6300,57.1200,1.799391
_12972_,VPWR,li1,261.7400,68.0000,1.799554
_12971_,VPWR,li1,266.5700,57.1200,1.799409
_12970_,VPWR,li1,266.3400,62.5600,1.799498
_12969_,VPWR,li1,263.8100,57.1200,1.799419
_12968_,VPWR,li1,260.1300,57.1200,1.799434
_12967_,VPWR,li1,260.8200,51.6800,1.799250
_12966_,VPWR,li1,258.5200,51.6800,1.799257
_12965_,VPWR,li1,252.5400,57.1200,1.799465
_12964_,VPWR,li1,265.4200,62.5600,1.799498
_12963_,VPWR,li1,282.2100,57.1200,1.799358
_12962_,VPWR,li1,284.5100,68.0000,1.799565
_12961_,VPWR,li1,283.5900,68.0000,1.799556
_12960_,VPWR,li1,287.9600,62.5600,1.799512
_12959_,VPWR,li1,292.5600,68.0000,1.799595
_12958_,VPWR,li1,290.7200,68.0000,1.799588
_12957_,VPWR,li1,282.9000,78.8800,1.799555
_12956_,VPWR,li1,239.6600,68.0000,1.799591
_12955_,VPWR,li1,268.6400,73.4400,1.799652
_12954_,VPWR,li1,250.9300,62.5600,1.799506
_12953_,VPWR,li1,252.0800,62.5600,1.799504
_12952_,VPWR,li1,243.8000,62.5600,1.799526
_12951_,VPWR,li1,245.4100,51.6800,1.799292
_12950_,VPWR,li1,240.3500,51.6800,1.799313
_12949_,VPWR,li1,239.8900,46.2400,1.799137
_12948_,VPWR,li1,237.1300,51.6800,1.799335
_12947_,VPWR,li1,239.8900,51.6800,1.799324
_12946_,VPWR,li1,235.2900,46.2400,1.799101
_12945_,VPWR,li1,242.4200,40.8000,1.799498
_12944_,VPWR,li1,246.3300,40.8000,1.799499
_12943_,VPWR,li1,244.7200,40.8000,1.799499
_12942_,VPWR,li1,248.6300,35.3600,1.799457
_12941_,VPWR,li1,247.0200,35.3600,1.799457
_12940_,VPWR,li1,205.1600,57.1200,1.799700
_12939_,VPWR,li1,236.9000,57.1200,1.799538
_12938_,VPWR,li1,226.0900,51.6800,1.799392
_12937_,VPWR,li1,226.5500,51.6800,1.799392
_12936_,VPWR,li1,224.0200,57.1200,1.799597
_12935_,VPWR,li1,228.3900,51.6800,1.799375
_12934_,VPWR,li1,223.3300,51.6800,1.799404
_12933_,VPWR,li1,221.4900,51.6800,1.799415
_12932_,VPWR,li1,216.4300,51.6800,1.799449
_12931_,VPWR,li1,218.7300,51.6800,1.799433
_12930_,VPWR,li1,209.0700,51.6800,1.799500
_12929_,VPWR,li1,209.9900,46.2400,1.798975
_12928_,VPWR,li1,200.7900,51.6800,1.799558
_12927_,VPWR,li1,196.6500,51.6800,1.799589
_12926_,VPWR,li1,193.2000,46.2400,1.798893
_12925_,VPWR,li1,194.1200,51.6800,1.799608
_12924_,VPWR,li1,204.2400,46.2400,1.798946
_12923_,VPWR,li1,193.2000,57.1200,1.799773
_12922_,VPWR,li1,218.2700,46.2400,1.799017
_12921_,VPWR,li1,219.4200,46.2400,1.799017
_12920_,VPWR,li1,217.1200,62.5600,1.799649
_12919_,VPWR,li1,214.5900,46.2400,1.798994
_12918_,VPWR,li1,208.6100,46.2400,1.798965
_12917_,VPWR,li1,207.0000,46.2400,1.798956
_12916_,VPWR,li1,337.4100,95.2000,1.799570
_12915_,VPWR,li1,336.4900,89.7600,1.799495
_12914_,VPWR,li1,345.9200,89.7600,1.799459
_12913_,VPWR,li1,327.9800,95.2000,1.799602
_12912_,VPWR,li1,358.5700,149.6000,1.795959
_12911_,VPWR,li1,361.5600,149.6000,1.795922
_12910_,VPWR,li1,349.8300,144.1600,1.798383
_12909_,VPWR,li1,350.7500,144.1600,1.798384
_12908_,VPWR,li1,349.6000,138.7200,1.798872
_12907_,VPWR,li1,342.4700,122.4000,1.799334
_12906_,VPWR,li1,336.9500,116.9600,1.799542
_12905_,VPWR,li1,339.2500,116.9600,1.799535
_12904_,VPWR,li1,338.5600,122.4000,1.799410
_12903_,VPWR,li1,332.8100,106.0800,1.799025
_12902_,VPWR,li1,329.5900,106.0800,1.799145
_12901_,VPWR,li1,329.5900,100.6400,1.798236
_12900_,VPWR,li1,326.6000,116.9600,1.799637
_12899_,VPWR,li1,324.0700,100.6400,1.798218
_12898_,VPWR,li1,316.7100,95.2000,1.799438
_12897_,VPWR,li1,313.4900,95.2000,1.799416
_12896_,VPWR,li1,273.7000,95.2000,1.799103
_12895_,VPWR,li1,278.5300,78.8800,1.799532
_12894_,VPWR,li1,275.3100,78.8800,1.799531
_12893_,VPWR,li1,277.1500,78.8800,1.799532
_12892_,VPWR,li1,272.0900,84.3200,1.799196
_12891_,VPWR,li1,268.8700,84.3200,1.799169
_12890_,VPWR,li1,269.3300,84.3200,1.799169
_12889_,VPWR,li1,268.4100,73.4400,1.799652
_12888_,VPWR,li1,265.1900,73.4400,1.799652
_12887_,VPWR,li1,265.1900,73.4400,1.799652
_12886_,VPWR,li1,260.3600,84.3200,1.799115
_12885_,VPWR,li1,261.0500,73.4400,1.799654
_12884_,VPWR,li1,257.8300,73.4400,1.799656
_12883_,VPWR,li1,259.4400,68.0000,1.799558
_12882_,VPWR,li1,258.2900,68.0000,1.799558
_12881_,VPWR,li1,255.9900,62.5600,1.799502
_12880_,VPWR,li1,254.3800,68.0000,1.799562
_12879_,VPWR,li1,251.3900,73.4400,1.799661
_12878_,VPWR,li1,258.9800,78.8800,1.799555
_12877_,VPWR,li1,285.4300,73.4400,1.799663
_12876_,VPWR,li1,290.4900,73.4400,1.799668
_12875_,VPWR,li1,284.0500,78.8800,1.799555
_12874_,VPWR,li1,286.3500,78.8800,1.799565
_12873_,VPWR,li1,280.8300,78.8800,1.799541
_12872_,VPWR,li1,281.2900,84.3200,1.799256
_12871_,VPWR,li1,287.7300,84.3200,1.799311
_12870_,VPWR,li1,297.8500,78.8800,1.799621
_12869_,VPWR,li1,296.2400,73.4400,1.799673
_12868_,VPWR,li1,295.3200,78.8800,1.799607
_12867_,VPWR,li1,291.8700,78.8800,1.799587
_12866_,VPWR,li1,292.5600,78.8800,1.799598
_12865_,VPWR,li1,294.6300,78.8800,1.799607
_12864_,VPWR,li1,241.0400,84.3200,1.799011
_12863_,VPWR,li1,269.5600,89.7600,1.799242
_12862_,VPWR,li1,269.7900,78.8800,1.799531
_12861_,VPWR,li1,242.8800,84.3200,1.799018
_12860_,VPWR,li1,246.3300,68.0000,1.799573
_12859_,VPWR,li1,243.1100,68.0000,1.799580
_12858_,VPWR,li1,239.4300,62.5600,1.799548
_12857_,VPWR,li1,236.2100,68.0000,1.799604
_12856_,VPWR,li1,239.4300,57.1200,1.799522
_12855_,VPWR,li1,247.7100,57.1200,1.799486
_12854_,VPWR,li1,245.4100,57.1200,1.799502
_12853_,VPWR,li1,249.3200,57.1200,1.799479
_12852_,VPWR,li1,248.1700,46.2400,1.799178
_12851_,VPWR,li1,250.2400,51.6800,1.799278
_12850_,VPWR,li1,230.9200,57.1200,1.799569
_12849_,VPWR,li1,233.9100,57.1200,1.799547
_12848_,VPWR,li1,201.0200,68.0000,1.799754
_12847_,VPWR,li1,238.2800,73.4400,1.799671
_12846_,VPWR,li1,229.7700,62.5600,1.799585
_12845_,VPWR,li1,230.2300,68.0000,1.799627
_12844_,VPWR,li1,225.4000,68.0000,1.799642
_12843_,VPWR,li1,226.5500,62.5600,1.799599
_12842_,VPWR,li1,202.6300,57.1200,1.799715
_12841_,VPWR,li1,200.7900,62.5600,1.799746
_12840_,VPWR,li1,201.7100,62.5600,1.799746
_12839_,VPWR,li1,197.1100,57.1200,1.799750
_12838_,VPWR,li1,194.3500,57.1200,1.799773
_12837_,VPWR,li1,189.2900,57.1200,1.799797
_12836_,VPWR,li1,189.9800,62.5600,1.799818
_12835_,VPWR,li1,191.1300,57.1200,1.799786
_12834_,VPWR,li1,204.2400,62.5600,1.799723
_12833_,VPWR,li1,193.2000,68.0000,1.799801
_12832_,VPWR,li1,221.0300,57.1200,1.799611
_12831_,VPWR,li1,221.9500,57.1200,1.799611
_12830_,VPWR,li1,219.4200,62.5600,1.799637
_12829_,VPWR,li1,216.4300,57.1200,1.799638
_12828_,VPWR,li1,210.4500,57.1200,1.799670
_12827_,VPWR,li1,206.3100,46.2400,1.798956
_12826_,VPWR,li1,212.7500,57.1200,1.799657
_12825_,VPWR,li1,208.1500,46.2400,1.798965
_12824_,VPWR,li1,206.0800,51.6800,1.799526
_12823_,VPWR,li1,321.7700,100.6400,1.798222
_12822_,VPWR,li1,324.7600,100.6400,1.798218
_12821_,VPWR,li1,325.4500,95.2000,1.799571
_12820_,VPWR,li1,322.6900,89.7600,1.799589
_12819_,VPWR,li1,324.9900,89.7600,1.799612
_12818_,VPWR,li1,319.9300,89.7600,1.799569
_12817_,VPWR,li1,319.9300,84.3200,1.799553
_12816_,VPWR,li1,319.0100,89.7600,1.799555
_12815_,VPWR,li1,313.7200,100.6400,1.798250
_12814_,VPWR,li1,316.2500,89.7600,1.799531
_12813_,VPWR,li1,309.3500,89.7600,1.799483
_12812_,VPWR,li1,310.2700,84.3200,1.799479
_12811_,VPWR,li1,306.1300,89.7600,1.799469
_12810_,VPWR,li1,307.0500,84.3200,1.799454
_12809_,VPWR,li1,302.9100,84.3200,1.799423
_12808_,VPWR,li1,303.1400,89.7600,1.799441
_12807_,VPWR,li1,292.5600,89.7600,1.799370
_12806_,VPWR,li1,307.7400,95.2000,1.799372
_12805_,VPWR,li1,344.7700,89.7600,1.799459
_12804_,VPWR,li1,347.9900,89.7600,1.799457
_12803_,VPWR,li1,350.9800,89.7600,1.799456
_12802_,VPWR,li1,353.2800,89.7600,1.799455
_12801_,VPWR,li1,348.9100,84.3200,1.799376
_12800_,VPWR,li1,347.3000,78.8800,1.799794
_12799_,VPWR,li1,353.0500,78.8800,1.799792
_12798_,VPWR,li1,350.0600,78.8800,1.799793
_12797_,VPWR,li1,343.8500,78.8800,1.799796
_12796_,VPWR,li1,343.6200,78.8800,1.799796
_12795_,VPWR,li1,354.8900,78.8800,1.799792
_12794_,VPWR,li1,358.8000,78.8800,1.799791
_12793_,VPWR,li1,356.7300,78.8800,1.799791
_12792_,VPWR,li1,359.2600,84.3200,1.799370
_12791_,VPWR,li1,361.7900,73.4400,1.799739
_12790_,VPWR,li1,356.9600,73.4400,1.799740
_12789_,VPWR,li1,358.5700,68.0000,1.799757
_12788_,VPWR,li1,358.8000,73.4400,1.799739
_12787_,VPWR,li1,275.5400,95.2000,1.799128
_12786_,VPWR,li1,319.2400,106.0800,1.799270
_12785_,VPWR,li1,335.1100,106.0800,1.798838
_12784_,VPWR,li1,330.9700,111.5200,1.799908
_12783_,VPWR,li1,333.0400,111.5200,1.799903
_12782_,VPWR,li1,341.7800,111.5200,1.799885
_12781_,VPWR,li1,359.4900,155.0400,1.798197
_12780_,VPWR,li1,355.3500,149.6000,1.796066
_12779_,VPWR,li1,357.6500,160.4800,1.797706
_12778_,VPWR,li1,353.5100,155.0400,1.798322
_12777_,VPWR,li1,351.6700,149.6000,1.796351
_12776_,VPWR,li1,344.7700,149.6000,1.797020
_12775_,VPWR,li1,347.0700,138.7200,1.798885
_12774_,VPWR,li1,340.6300,138.7200,1.799033
_12773_,VPWR,li1,342.9300,138.7200,1.798972
_12772_,VPWR,li1,338.7900,133.2800,1.799815
_12771_,VPWR,li1,336.9500,127.8400,1.799629
_12770_,VPWR,li1,332.8100,127.8400,1.799665
_12769_,VPWR,li1,333.9600,122.4000,1.799517
_12768_,VPWR,li1,330.5100,127.8400,1.799723
_12767_,VPWR,li1,329.5900,116.9600,1.799665
_12766_,VPWR,li1,324.9900,116.9600,1.799606
_12765_,VPWR,li1,279.9100,116.9600,1.799244
_12764_,VPWR,li1,281.9800,116.9600,1.799256
_12763_,VPWR,li1,278.0700,100.6400,1.798408
_12762_,VPWR,li1,247.7100,95.2000,1.799023
_12761_,VPWR,li1,250.4700,95.2000,1.799029
_12760_,VPWR,li1,241.5000,100.6400,1.798674
_12759_,VPWR,li1,241.7300,84.3200,1.799018
_12758_,VPWR,li1,238.5100,84.3200,1.799003
_12757_,VPWR,li1,235.2900,84.3200,1.798993
_12756_,VPWR,li1,238.9700,78.8800,1.799611
_12755_,VPWR,li1,239.4300,73.4400,1.799671
_12754_,VPWR,li1,239.8900,73.4400,1.799671
_12753_,VPWR,li1,234.3700,73.4400,1.799677
_12752_,VPWR,li1,233.4500,73.4400,1.799677
_12751_,VPWR,li1,232.9900,68.0000,1.799614
_12750_,VPWR,li1,228.8500,73.4400,1.799684
_12749_,VPWR,li1,232.9900,57.1200,1.799559
_12748_,VPWR,li1,230.6900,68.0000,1.799627
_12747_,VPWR,li1,231.3800,73.4400,1.799680
_12746_,VPWR,li1,246.3300,78.8800,1.799587
_12745_,VPWR,li1,249.7800,73.4400,1.799663
_12744_,VPWR,li1,245.6400,73.4400,1.799665
_12743_,VPWR,li1,253.4600,73.4400,1.799659
_12742_,VPWR,li1,248.1700,73.4400,1.799663
_12741_,VPWR,li1,204.2400,84.3200,1.798938
_12740_,VPWR,li1,235.5200,89.7600,1.799078
_12739_,VPWR,li1,227.4700,84.3200,1.798972
_12738_,VPWR,li1,230.4600,84.3200,1.798980
_12737_,VPWR,li1,226.7800,89.7600,1.799049
_12736_,VPWR,li1,222.8700,68.0000,1.799651
_12735_,VPWR,li1,204.0100,68.0000,1.799739
_12734_,VPWR,li1,200.7900,73.4400,1.799732
_12733_,VPWR,li1,203.5500,73.4400,1.799729
_12732_,VPWR,li1,195.2700,68.0000,1.799784
_12731_,VPWR,li1,196.6500,68.0000,1.799784
_12730_,VPWR,li1,188.8300,68.0000,1.799819
_12729_,VPWR,li1,193.6600,73.4400,1.799751
_12728_,VPWR,li1,198.0300,68.0000,1.799774
_12727_,VPWR,li1,205.8500,73.4400,1.799722
_12726_,VPWR,li1,193.6600,78.8800,1.799755
_12725_,VPWR,li1,219.6500,68.0000,1.799664
_12724_,VPWR,li1,220.5700,68.0000,1.799664
_12723_,VPWR,li1,218.9600,73.4400,1.799701
_12722_,VPWR,li1,215.0500,68.0000,1.799685
_12721_,VPWR,li1,209.0700,62.5600,1.799695
_12720_,VPWR,li1,212.7500,62.5600,1.799683
_12719_,VPWR,li1,207.0000,62.5600,1.799707
_12718_,VPWR,li1,204.0100,51.6800,1.799545
_12717_,VPWR,li1,209.3000,62.5600,1.799695
_12716_,VPWR,li1,215.5100,73.4400,1.799705
_12715_,VPWR,li1,219.1900,73.4400,1.799698
_12714_,VPWR,li1,277.6100,95.2000,1.799143
_12713_,VPWR,li1,272.5500,95.2000,1.799103
_12712_,VPWR,li1,269.3300,95.2000,1.799092
_12711_,VPWR,li1,270.4800,95.2000,1.799092
_12710_,VPWR,li1,268.8700,89.7600,1.799230
_12709_,VPWR,li1,264.7300,89.7600,1.799216
_12708_,VPWR,li1,267.4900,89.7600,1.799230
_12707_,VPWR,li1,263.5800,100.6400,1.798508
_12706_,VPWR,li1,260.1300,89.7600,1.799194
_12705_,VPWR,li1,256.9100,84.3200,1.799103
_12704_,VPWR,li1,258.5200,84.3200,1.799103
_12703_,VPWR,li1,257.3700,78.8800,1.799560
_12702_,VPWR,li1,254.1500,78.8800,1.799568
_12701_,VPWR,li1,251.1600,78.8800,1.799574
_12700_,VPWR,li1,252.3100,84.3200,1.799077
_12699_,VPWR,li1,258.9800,95.2000,1.799058
_12698_,VPWR,li1,289.5700,89.7600,1.799357
_12697_,VPWR,li1,284.9700,89.7600,1.799331
_12696_,VPWR,li1,285.4300,84.3200,1.799289
_12695_,VPWR,li1,284.9700,95.2000,1.799196
_12694_,VPWR,li1,287.2700,89.7600,1.799345
_12693_,VPWR,li1,279.6800,89.7600,1.799294
_12692_,VPWR,li1,281.9800,89.7600,1.799304
_12691_,VPWR,li1,282.2100,84.3200,1.799270
_12690_,VPWR,li1,280.3700,78.8800,1.799541
_12689_,VPWR,li1,282.6700,89.7600,1.799318
_12688_,VPWR,li1,296.9300,89.7600,1.799399
_12687_,VPWR,li1,295.7800,89.7600,1.799399
_12686_,VPWR,li1,298.7700,89.7600,1.799419
_12685_,VPWR,li1,300.1500,89.7600,1.799419
_12684_,VPWR,li1,298.3100,84.3200,1.799389
_12683_,VPWR,li1,239.2000,95.2000,1.799019
_12682_,VPWR,li1,270.9400,106.0800,1.799296
_12681_,VPWR,li1,324.0700,116.9600,1.799606
_12680_,VPWR,li1,325.4500,111.5200,1.799905
_12679_,VPWR,li1,323.1500,111.5200,1.799893
_12678_,VPWR,li1,320.3900,111.5200,1.799882
_12677_,VPWR,li1,318.3200,111.5200,1.799870
_12676_,VPWR,li1,318.5500,111.5200,1.799870
_12675_,VPWR,li1,315.3300,111.5200,1.799863
_12674_,VPWR,li1,316.2500,106.0800,1.799269
_12673_,VPWR,li1,311.4200,116.9600,1.799481
_12672_,VPWR,li1,311.6500,106.0800,1.799268
_12671_,VPWR,li1,308.8900,100.6400,1.798268
_12670_,VPWR,li1,311.6500,100.6400,1.798259
_12669_,VPWR,li1,307.0500,100.6400,1.798278
_12668_,VPWR,li1,305.6700,95.2000,1.799345
_12667_,VPWR,li1,303.8300,100.6400,1.798288
_12666_,VPWR,li1,292.5600,100.6400,1.798338
_12665_,VPWR,li1,304.2900,100.6400,1.798288
_12664_,VPWR,li1,301.9900,100.6400,1.798302
_12663_,VPWR,li1,291.6400,106.0800,1.799274
_12662_,VPWR,li1,306.3600,106.0800,1.799269
_12661_,VPWR,li1,339.2500,111.5200,1.799890
_12660_,VPWR,li1,347.0700,111.5200,1.799877
_12659_,VPWR,li1,350.7500,106.0800,1.798114
_12658_,VPWR,li1,352.8200,106.0800,1.798036
_12657_,VPWR,li1,349.8300,95.2000,1.799559
_12656_,VPWR,li1,347.9900,95.2000,1.799561
_12655_,VPWR,li1,350.0600,100.6400,1.795117
_12654_,VPWR,li1,342.4700,95.2000,1.799565
_12653_,VPWR,li1,357.1900,89.7600,1.799454
_12652_,VPWR,li1,357.6500,89.7600,1.799454
_12651_,VPWR,li1,364.0900,95.2000,1.799553
_12650_,VPWR,li1,359.0300,84.3200,1.799370
_12649_,VPWR,li1,361.3300,84.3200,1.799369
_12648_,VPWR,li1,359.9500,78.8800,1.799791
_12647_,VPWR,li1,355.8100,84.3200,1.799371
_12646_,VPWR,li1,359.4900,73.4400,1.799739
_12645_,VPWR,li1,362.4800,84.3200,1.799369
_12644_,VPWR,li1,322.0000,122.4000,1.799587
_12643_,VPWR,li1,336.4900,122.4000,1.799457
_12642_,VPWR,li1,336.4900,122.4000,1.799457
_12641_,VPWR,li1,331.6600,122.4000,1.799577
_12640_,VPWR,li1,348.2200,122.4000,1.799327
_12639_,VPWR,li1,347.3000,138.7200,1.798885
_12638_,VPWR,li1,361.7900,160.4800,1.797653
_12637_,VPWR,li1,358.5700,160.4800,1.797706
_12636_,VPWR,li1,348.9100,155.0400,1.798460
_12635_,VPWR,li1,342.7000,160.4800,1.798364
_12634_,VPWR,li1,346.1500,155.0400,1.798543
_12633_,VPWR,li1,340.8600,149.6000,1.797452
_12632_,VPWR,li1,338.5600,149.6000,1.797680
_12631_,VPWR,li1,338.7900,144.1600,1.798795
_12630_,VPWR,li1,343.1600,144.1600,1.798614
_12629_,VPWR,li1,337.1800,138.7200,1.799119
_12628_,VPWR,li1,334.8800,138.7200,1.799196
_12627_,VPWR,li1,330.0500,133.2800,1.799866
_12626_,VPWR,li1,331.2000,133.2800,1.799848
_12625_,VPWR,li1,327.9800,127.8400,1.799699
_12624_,VPWR,li1,327.9800,122.4000,1.799629
_12623_,VPWR,li1,278.0700,127.8400,1.799405
_12622_,VPWR,li1,278.7600,122.4000,1.799359
_12621_,VPWR,li1,276.4600,116.9600,1.799231
_12620_,VPWR,li1,278.7600,116.9600,1.799236
_12619_,VPWR,li1,241.2700,116.9600,1.799232
_12618_,VPWR,li1,244.2600,116.9600,1.799228
_12617_,VPWR,li1,240.5800,100.6400,1.798674
_12616_,VPWR,li1,242.8800,100.6400,1.798656
_12615_,VPWR,li1,222.8700,100.6400,1.798839
_12614_,VPWR,li1,227.2400,100.6400,1.798801
_12613_,VPWR,li1,223.5600,89.7600,1.799035
_12612_,VPWR,li1,223.1000,89.7600,1.799035
_12611_,VPWR,li1,201.7100,89.7600,1.798969
_12610_,VPWR,li1,199.4100,84.3200,1.798931
_12609_,VPWR,li1,202.1700,84.3200,1.798933
_12608_,VPWR,li1,196.6500,84.3200,1.798929
_12607_,VPWR,li1,196.1900,78.8800,1.799743
_12606_,VPWR,li1,191.1300,78.8800,1.799763
_12605_,VPWR,li1,194.1200,78.8800,1.799755
_12604_,VPWR,li1,190.6700,78.8800,1.799763
_12603_,VPWR,li1,206.3100,89.7600,1.798983
_12602_,VPWR,li1,195.0400,95.2000,1.799035
_12601_,VPWR,li1,224.9400,84.3200,1.798968
_12600_,VPWR,li1,223.1000,84.3200,1.798965
_12599_,VPWR,li1,217.1200,89.7600,1.799013
_12598_,VPWR,li1,219.8800,78.8800,1.799662
_12597_,VPWR,li1,222.1800,78.8800,1.799656
_12596_,VPWR,li1,217.5800,78.8800,1.799669
_12595_,VPWR,li1,221.4900,73.4400,1.799694
_12594_,VPWR,li1,215.7400,78.8800,1.799675
_12593_,VPWR,li1,215.0500,73.4400,1.799705
_12592_,VPWR,li1,213.9000,78.8800,1.799685
_12591_,VPWR,li1,217.3500,73.4400,1.799701
_12590_,VPWR,li1,213.4400,78.8800,1.799685
_12589_,VPWR,li1,205.8500,78.8800,1.799708
_12588_,VPWR,li1,208.1500,78.8800,1.799701
_12587_,VPWR,li1,204.2400,78.8800,1.799720
_12586_,VPWR,li1,202.6300,78.8800,1.799720
_12585_,VPWR,li1,202.6300,73.4400,1.799729
_12584_,VPWR,li1,238.0500,100.6400,1.798700
_12583_,VPWR,li1,239.4300,95.2000,1.799019
_12582_,VPWR,li1,242.4200,95.2000,1.799020
_12581_,VPWR,li1,235.2900,89.7600,1.799078
_12580_,VPWR,li1,232.0700,89.7600,1.799068
_12579_,VPWR,li1,237.1300,89.7600,1.799091
_12578_,VPWR,li1,231.1500,95.2000,1.799019
_12577_,VPWR,li1,230.2300,78.8800,1.799633
_12576_,VPWR,li1,231.1500,78.8800,1.799633
_12575_,VPWR,li1,226.5500,73.4400,1.799687
_12574_,VPWR,li1,232.9900,62.5600,1.799574
_12573_,VPWR,li1,228.3900,73.4400,1.799684
_12572_,VPWR,li1,244.4900,89.7600,1.799123
_12571_,VPWR,li1,253.0000,89.7600,1.799161
_12570_,VPWR,li1,247.4800,89.7600,1.799135
_12569_,VPWR,li1,248.8600,89.7600,1.799135
_12568_,VPWR,li1,247.7100,84.3200,1.799044
_12567_,VPWR,li1,207.0000,100.6400,1.799030
_12566_,VPWR,li1,234.8300,106.0800,1.799397
_12565_,VPWR,li1,273.0100,116.9600,1.799228
_12564_,VPWR,li1,277.6100,116.9600,1.799236
_12563_,VPWR,li1,272.0900,111.5200,1.799781
_12562_,VPWR,li1,275.0800,111.5200,1.799785
_12561_,VPWR,li1,272.5500,106.0800,1.799296
_12560_,VPWR,li1,269.3300,106.0800,1.799300
_12559_,VPWR,li1,268.6400,106.0800,1.799300
_12558_,VPWR,li1,268.8700,111.5200,1.799779
_12557_,VPWR,li1,261.2800,111.5200,1.799774
_12556_,VPWR,li1,265.1900,100.6400,1.798495
_12555_,VPWR,li1,258.7500,100.6400,1.798550
_12554_,VPWR,li1,261.5100,100.6400,1.798521
_12553_,VPWR,li1,257.8300,89.7600,1.799183
_12552_,VPWR,li1,254.6100,95.2000,1.799043
_12551_,VPWR,li1,253.0000,89.7600,1.799161
_12550_,VPWR,li1,252.3100,100.6400,1.798587
_12549_,VPWR,li1,259.4400,100.6400,1.798535
_12548_,VPWR,li1,291.8700,106.0800,1.799274
_12547_,VPWR,li1,294.8600,106.0800,1.799273
_12546_,VPWR,li1,286.1200,100.6400,1.798368
_12545_,VPWR,li1,290.4900,100.6400,1.798348
_12544_,VPWR,li1,285.4300,111.5200,1.799802
_12543_,VPWR,li1,283.1300,100.6400,1.798387
_12542_,VPWR,li1,286.8100,100.6400,1.798368
_12541_,VPWR,li1,289.1100,100.6400,1.798359
_12540_,VPWR,li1,282.2100,95.2000,1.799177
_12539_,VPWR,li1,285.4300,89.7600,1.799331
_12538_,VPWR,li1,282.2100,100.6400,1.798387
_12537_,VPWR,li1,293.7100,100.6400,1.798338
_12536_,VPWR,li1,296.4700,100.6400,1.798327
_12535_,VPWR,li1,295.5500,95.2000,1.799279
_12534_,VPWR,li1,295.0900,100.6400,1.798327
_12533_,VPWR,li1,298.3100,100.6400,1.798312
_12532_,VPWR,li1,236.6700,111.5200,1.799769
_12531_,VPWR,li1,270.4800,116.9600,1.799227
_12530_,VPWR,li1,324.5300,127.8400,1.799679
_12529_,VPWR,li1,329.1300,127.8400,1.799723
_12528_,VPWR,li1,321.3100,127.8400,1.799655
_12527_,VPWR,li1,323.1500,122.4000,1.799587
_12526_,VPWR,li1,319.0100,122.4000,1.799568
_12525_,VPWR,li1,315.3300,122.4000,1.799538
_12524_,VPWR,li1,316.7100,122.4000,1.799554
_12523_,VPWR,li1,316.2500,116.9600,1.799535
_12522_,VPWR,li1,310.7300,133.2800,1.799819
_12521_,VPWR,li1,311.6500,116.9600,1.799481
_12520_,VPWR,li1,308.4300,116.9600,1.799463
_12519_,VPWR,li1,309.3500,116.9600,1.799463
_12518_,VPWR,li1,304.2900,111.5200,1.799837
_12517_,VPWR,li1,300.3800,111.5200,1.799829
_12516_,VPWR,li1,303.8300,111.5200,1.799837
_12515_,VPWR,li1,307.0500,111.5200,1.799844
_12514_,VPWR,li1,303.3700,106.0800,1.799269
_12513_,VPWR,li1,305.2100,116.9600,1.799437
_12512_,VPWR,li1,310.2700,122.4000,1.799511
_12511_,VPWR,li1,296.9300,116.9600,1.799365
_12510_,VPWR,li1,298.0800,111.5200,1.799825
_12509_,VPWR,li1,287.5000,116.9600,1.799294
_12508_,VPWR,li1,300.3800,127.8400,1.799529
_12507_,VPWR,li1,345.6900,122.4000,1.799330
_12506_,VPWR,li1,351.6700,122.4000,1.799326
_12505_,VPWR,li1,350.7500,116.9600,1.799524
_12504_,VPWR,li1,355.3500,116.9600,1.799521
_12503_,VPWR,li1,351.4400,116.9600,1.799524
_12502_,VPWR,li1,350.2900,111.5200,1.799871
_12501_,VPWR,li1,352.5900,111.5200,1.799868
_12500_,VPWR,li1,345.2300,111.5200,1.799882
_12499_,VPWR,li1,347.3000,111.5200,1.799877
_12498_,VPWR,li1,337.4100,111.5200,1.799897
_12497_,VPWR,li1,360.8700,106.0800,1.797837
_12496_,VPWR,li1,362.2500,106.0800,1.797837
_12495_,VPWR,li1,364.0900,106.0800,1.797821
_12494_,VPWR,li1,362.7100,95.2000,1.799553
_12493_,VPWR,li1,365.0100,95.2000,1.799552
_12492_,VPWR,li1,364.3200,89.7600,1.799453
_12491_,VPWR,li1,360.8700,95.2000,1.799554
_12490_,VPWR,li1,361.3300,89.7600,1.799453
_12489_,VPWR,li1,273.7000,127.8400,1.799390
_12488_,VPWR,li1,316.7100,127.8400,1.799626
_12487_,VPWR,li1,348.9100,133.2800,1.799788
_12486_,VPWR,li1,345.6900,133.2800,1.799799
_12485_,VPWR,li1,346.6100,133.2800,1.799792
_12484_,VPWR,li1,351.9000,133.2800,1.799783
_12483_,VPWR,li1,322.9200,138.7200,1.799393
_12482_,VPWR,li1,362.7100,165.9200,1.799577
_12481_,VPWR,li1,352.5900,160.4800,1.797863
_12480_,VPWR,li1,355.3500,160.4800,1.797773
_12479_,VPWR,li1,344.3100,182.2400,1.799416
_12478_,VPWR,li1,350.2900,160.4800,1.797946
_12477_,VPWR,li1,345.6900,160.4800,1.798231
_12476_,VPWR,li1,345.0000,149.6000,1.797020
_12475_,VPWR,li1,339.4800,155.0400,1.798803
_12474_,VPWR,li1,342.7000,155.0400,1.798658
_12473_,VPWR,li1,337.1800,155.0400,1.798927
_12472_,VPWR,li1,333.2700,144.1600,1.799062
_12471_,VPWR,li1,336.9500,144.1600,1.798889
_12470_,VPWR,li1,328.6700,138.7200,1.799457
_12469_,VPWR,li1,341.0900,144.1600,1.798717
_12468_,VPWR,li1,330.2800,144.1600,1.799289
_12467_,VPWR,li1,325.6800,138.7200,1.799432
_12466_,VPWR,li1,331.2000,138.7200,1.799327
_12465_,VPWR,li1,329.1300,138.7200,1.799457
_12464_,VPWR,li1,278.7600,138.7200,1.798994
_12463_,VPWR,li1,332.8100,138.7200,1.799327
_12462_,VPWR,li1,272.7800,138.7200,1.798963
_12461_,VPWR,li1,273.2400,127.8400,1.799390
_12460_,VPWR,li1,274.3900,122.4000,1.799348
_12459_,VPWR,li1,241.0400,127.8400,1.799370
_12458_,VPWR,li1,280.3700,127.8400,1.799417
_12457_,VPWR,li1,239.8900,122.4000,1.799355
_12456_,VPWR,li1,239.4300,111.5200,1.799767
_12455_,VPWR,li1,241.7300,111.5200,1.799765
_12454_,VPWR,li1,227.2400,116.9600,1.799272
_12453_,VPWR,li1,226.7800,111.5200,1.799782
_12452_,VPWR,li1,221.2600,100.6400,1.798858
_12451_,VPWR,li1,218.9600,100.6400,1.798880
_12450_,VPWR,li1,223.7900,100.6400,1.798839
_12449_,VPWR,li1,217.5800,100.6400,1.798905
_12448_,VPWR,li1,224.2500,95.2000,1.799020
_12447_,VPWR,li1,219.8800,100.6400,1.798880
_12446_,VPWR,li1,221.7200,111.5200,1.799789
_12445_,VPWR,li1,218.0400,95.2000,1.799021
_12444_,VPWR,li1,215.7400,95.2000,1.799022
_12443_,VPWR,li1,209.0700,95.2000,1.799024
_12442_,VPWR,li1,211.3700,95.2000,1.799023
_12441_,VPWR,li1,209.3000,89.7600,1.798992
_12440_,VPWR,li1,201.2500,95.2000,1.799029
_12439_,VPWR,li1,203.0900,89.7600,1.798974
_12438_,VPWR,li1,213.9000,89.7600,1.799006
_12437_,VPWR,li1,216.2000,89.7600,1.799013
_12436_,VPWR,li1,214.8200,100.6400,1.798939
_12435_,VPWR,li1,210.6800,84.3200,1.798944
_12434_,VPWR,li1,213.9000,89.7600,1.799006
_12433_,VPWR,li1,214.1300,84.3200,1.798949
_12432_,VPWR,li1,219.4200,84.3200,1.798956
_12431_,VPWR,li1,211.1400,84.3200,1.798947
_12430_,VPWR,li1,207.6900,100.6400,1.799006
_12429_,VPWR,li1,203.5500,100.6400,1.799054
_12428_,VPWR,li1,204.9300,106.0800,1.799499
_12427_,VPWR,li1,197.1100,100.6400,1.799130
_12426_,VPWR,li1,200.7900,95.2000,1.799029
_12425_,VPWR,li1,191.1300,95.2000,1.799042
_12424_,VPWR,li1,192.7400,100.6400,1.799182
_12423_,VPWR,li1,204.0100,111.5200,1.799829
_12422_,VPWR,li1,207.6900,116.9600,1.799354
_12421_,VPWR,li1,235.5200,116.9600,1.799251
_12420_,VPWR,li1,239.6600,116.9600,1.799238
_12419_,VPWR,li1,235.9800,111.5200,1.799769
_12418_,VPWR,li1,233.9100,111.5200,1.799772
_12417_,VPWR,li1,232.3000,106.0800,1.799404
_12416_,VPWR,li1,234.6000,106.0800,1.799397
_12415_,VPWR,li1,230.9200,106.0800,1.799404
_12414_,VPWR,li1,233.2200,106.0800,1.799397
_12413_,VPWR,li1,198.9500,106.0800,1.799521
_12412_,VPWR,li1,233.9100,100.6400,1.798740
_12411_,VPWR,li1,230.6900,100.6400,1.798764
_12410_,VPWR,li1,231.1500,100.6400,1.798764
_12409_,VPWR,li1,229.3100,95.2000,1.799019
_12408_,VPWR,li1,245.4100,106.0800,1.799360
_12407_,VPWR,li1,243.1100,106.0800,1.799367
_12406_,VPWR,li1,248.8600,106.0800,1.799354
_12405_,VPWR,li1,248.6300,100.6400,1.798614
_12404_,VPWR,li1,251.8500,100.6400,1.798600
_12403_,VPWR,li1,215.7400,116.9600,1.799323
_12402_,VPWR,li1,270.7100,127.8400,1.799385
_12401_,VPWR,li1,267.4900,127.8400,1.799381
_12400_,VPWR,li1,268.1800,122.4000,1.799348
_12399_,VPWR,li1,266.5700,122.4000,1.799348
_12398_,VPWR,li1,265.1900,116.9600,1.799224
_12397_,VPWR,li1,268.1800,116.9600,1.799226
_12396_,VPWR,li1,264.7300,116.9600,1.799224
_12395_,VPWR,li1,261.0500,133.2800,1.799792
_12394_,VPWR,li1,258.2900,116.9600,1.799224
_12393_,VPWR,li1,256.4500,111.5200,1.799771
_12392_,VPWR,li1,259.2100,111.5200,1.799772
_12391_,VPWR,li1,256.9100,106.0800,1.799328
_12390_,VPWR,li1,265.6500,106.0800,1.799309
_12389_,VPWR,li1,262.2000,106.0800,1.799314
_12388_,VPWR,li1,254.6100,106.0800,1.799338
_12387_,VPWR,li1,257.8300,51.6800,1.799257
_12386_,VPWR,li1,253.0000,106.0800,1.799338
_12385_,VPWR,li1,249.0900,111.5200,1.799767
_12384_,VPWR,li1,252.7700,127.8400,1.799373
_12383_,VPWR,li1,287.7300,122.4000,1.799398
_12382_,VPWR,li1,284.5100,122.4000,1.799384
_12381_,VPWR,li1,290.4900,122.4000,1.799413
_12380_,VPWR,li1,259.6700,122.4000,1.799348
_12379_,VPWR,li1,284.0500,111.5200,1.799798
_12378_,VPWR,li1,278.9900,111.5200,1.799789
_12377_,VPWR,li1,281.0600,111.5200,1.799795
_12376_,VPWR,li1,287.2700,111.5200,1.799805
_12375_,VPWR,li1,283.5900,106.0800,1.799281
_12374_,VPWR,li1,290.9500,116.9600,1.799323
_12373_,VPWR,li1,290.9500,116.9600,1.799323
_12372_,VPWR,li1,288.6500,116.9600,1.799294
_12371_,VPWR,li1,293.7100,116.9600,1.799345
_12370_,VPWR,li1,293.7100,111.5200,1.799817
_12369_,VPWR,li1,235.9800,127.8400,1.799381
_12368_,VPWR,li1,266.5700,133.2800,1.799791
_12367_,VPWR,li1,320.3900,138.7200,1.799370
_12366_,VPWR,li1,317.1700,138.7200,1.799337
_12365_,VPWR,li1,318.7800,133.2800,1.799837
_12364_,VPWR,li1,317.1700,133.2800,1.799830
_12363_,VPWR,li1,319.9300,133.2800,1.799837
_12362_,VPWR,li1,313.9500,133.2800,1.799825
_12361_,VPWR,li1,312.5700,127.8400,1.799601
_12360_,VPWR,li1,311.4200,144.1600,1.799079
_12359_,VPWR,li1,307.5100,133.2800,1.799813
_12358_,VPWR,li1,303.8300,133.2800,1.799807
_12357_,VPWR,li1,304.7500,127.8400,1.799555
_12356_,VPWR,li1,296.4700,133.2800,1.799799
_12355_,VPWR,li1,299.6900,133.2800,1.799801
_12354_,VPWR,li1,294.6300,127.8400,1.799496
_12353_,VPWR,li1,295.5500,127.8400,1.799496
_12352_,VPWR,li1,297.6200,127.8400,1.799513
_12351_,VPWR,li1,299.9200,122.4000,1.799456
_12350_,VPWR,li1,307.5100,122.4000,1.799501
_12349_,VPWR,li1,304.0600,122.4000,1.799482
_12348_,VPWR,li1,305.6700,122.4000,1.799482
_12347_,VPWR,li1,312.3400,122.4000,1.799525
_12346_,VPWR,li1,300.6100,122.4000,1.799456
_12345_,VPWR,li1,290.9500,133.2800,1.799795
_12344_,VPWR,li1,283.8200,133.2800,1.799791
_12343_,VPWR,li1,304.5200,144.1600,1.799012
_12342_,VPWR,li1,355.3500,133.2800,1.799778
_12341_,VPWR,li1,351.6700,127.8400,1.799614
_12340_,VPWR,li1,354.4300,127.8400,1.799612
_12339_,VPWR,li1,372.1400,127.8400,1.799602
_12338_,VPWR,li1,351.2100,122.4000,1.799326
_12337_,VPWR,li1,350.0600,122.4000,1.799326
_12336_,VPWR,li1,353.0500,116.9600,1.799523
_12335_,VPWR,li1,358.5700,116.9600,1.799520
_12334_,VPWR,li1,360.8700,116.9600,1.799519
_12333_,VPWR,li1,360.8700,122.4000,1.799318
_12332_,VPWR,li1,364.0900,116.9600,1.799518
_12331_,VPWR,li1,366.3900,116.9600,1.799518
_12330_,VPWR,li1,364.3200,111.5200,1.799855
_12329_,VPWR,li1,362.2500,111.5200,1.799857
_12328_,VPWR,li1,365.4700,111.5200,1.799855
_12327_,VPWR,li1,355.5800,122.4000,1.799322
_12326_,VPWR,li1,344.0800,116.9600,1.799531
_12325_,VPWR,li1,356.7300,133.2800,1.799777
_12324_,VPWR,li1,359.0300,133.2800,1.799775
_12323_,VPWR,li1,358.5700,133.2800,1.799775
_12322_,VPWR,li1,357.8800,138.7200,1.798867
_12321_,VPWR,li1,362.2500,133.2800,1.799773
_12320_,VPWR,li1,270.0200,138.7200,1.798961
_12319_,VPWR,li1,317.4000,149.6000,1.798585
_12318_,VPWR,li1,335.1100,149.6000,1.798060
_12317_,VPWR,li1,333.2700,149.6000,1.798340
_12316_,VPWR,li1,332.5800,149.6000,1.798340
_12315_,VPWR,li1,362.0200,144.1600,1.798301
_12314_,VPWR,li1,346.1500,187.6800,1.799470
_12313_,VPWR,li1,348.2200,193.1200,1.799508
_12312_,VPWR,li1,343.3900,187.6800,1.799499
_12311_,VPWR,li1,347.0700,187.6800,1.799470
_12310_,VPWR,li1,342.0100,182.2400,1.799441
_12309_,VPWR,li1,338.3300,182.2400,1.799506
_12308_,VPWR,li1,345.6900,182.2400,1.799416
_12307_,VPWR,li1,344.0800,182.2400,1.799416
_12306_,VPWR,li1,334.6500,155.0400,1.799032
_12305_,VPWR,li1,339.7100,160.4800,1.798503
_12304_,VPWR,li1,330.0500,160.4800,1.799133
_12303_,VPWR,li1,331.4300,155.0400,1.799212
_12302_,VPWR,li1,323.6100,171.3600,1.799880
_12301_,VPWR,li1,327.2900,149.6000,1.798703
_12300_,VPWR,li1,328.6700,149.6000,1.798703
_12299_,VPWR,li1,323.1500,144.1600,1.799199
_12298_,VPWR,li1,324.3000,144.1600,1.799223
_12297_,VPWR,li1,269.5600,160.4800,1.799147
_12296_,VPWR,li1,276.6900,138.7200,1.798978
_12295_,VPWR,li1,273.9300,144.1600,1.798727
_12294_,VPWR,li1,255.5300,138.7200,1.798967
_12293_,VPWR,li1,259.6700,138.7200,1.798964
_12292_,VPWR,li1,254.3800,144.1600,1.798587
_12291_,VPWR,li1,242.6500,127.8400,1.799370
_12290_,VPWR,li1,238.0500,127.8400,1.799376
_12289_,VPWR,li1,228.3900,127.8400,1.799401
_12288_,VPWR,li1,228.8500,122.4000,1.799368
_12287_,VPWR,li1,225.8600,144.1600,1.798404
_12286_,VPWR,li1,223.7900,122.4000,1.799377
_12285_,VPWR,li1,223.3300,122.4000,1.799377
_12284_,VPWR,li1,220.5700,116.9600,1.799299
_12283_,VPWR,li1,221.0300,116.9600,1.799299
_12282_,VPWR,li1,218.5000,138.7200,1.799073
_12281_,VPWR,li1,217.3500,111.5200,1.799800
_12280_,VPWR,li1,215.9700,111.5200,1.799800
_12279_,VPWR,li1,218.9600,111.5200,1.799794
_12278_,VPWR,li1,215.2800,133.2800,1.799832
_12277_,VPWR,li1,214.5900,106.0800,1.799460
_12276_,VPWR,li1,213.6700,100.6400,1.798939
_12275_,VPWR,li1,212.2900,100.6400,1.798959
_12274_,VPWR,li1,208.6100,106.0800,1.799480
_12273_,VPWR,li1,207.4600,111.5200,1.799821
_12272_,VPWR,li1,206.0800,106.0800,1.799489
_12271_,VPWR,li1,210.9100,111.5200,1.799815
_12270_,VPWR,li1,207.0000,111.5200,1.799821
_12269_,VPWR,li1,218.2700,122.4000,1.799392
_12268_,VPWR,li1,215.2800,122.4000,1.799399
_12267_,VPWR,li1,210.6800,122.4000,1.799408
_12266_,VPWR,li1,209.9900,122.4000,1.799408
_12265_,VPWR,li1,209.9900,116.9600,1.799340
_12264_,VPWR,li1,207.6900,122.4000,1.799416
_12263_,VPWR,li1,204.9300,116.9600,1.799362
_12262_,VPWR,li1,207.6900,116.9600,1.799354
_12261_,VPWR,li1,207.2300,122.4000,1.799416
_12260_,VPWR,li1,239.4300,127.8400,1.799376
_12259_,VPWR,li1,231.6100,127.8400,1.799394
_12258_,VPWR,li1,233.9100,127.8400,1.799387
_12257_,VPWR,li1,233.9100,116.9600,1.799251
_12256_,VPWR,li1,231.8400,116.9600,1.799257
_12255_,VPWR,li1,232.3000,116.9600,1.799257
_12254_,VPWR,li1,227.7000,111.5200,1.799779
_12253_,VPWR,li1,230.9200,111.5200,1.799775
_12252_,VPWR,li1,229.0800,133.2800,1.799815
_12251_,VPWR,li1,201.7100,111.5200,1.799838
_12250_,VPWR,li1,197.1100,111.5200,1.799850
_12249_,VPWR,li1,193.8900,111.5200,1.799859
_12248_,VPWR,li1,200.3300,111.5200,1.799838
_12247_,VPWR,li1,197.5700,111.5200,1.799845
_12246_,VPWR,li1,193.8900,95.2000,1.799038
_12245_,VPWR,li1,248.1700,116.9600,1.799226
_12244_,VPWR,li1,253.2300,111.5200,1.799769
_12243_,VPWR,li1,249.3200,116.9600,1.799226
_12242_,VPWR,li1,252.3100,116.9600,1.799225
_12241_,VPWR,li1,197.1100,95.2000,1.799033
_12240_,VPWR,li1,200.5600,84.3200,1.798933
_12239_,VPWR,li1,238.9700,138.7200,1.799011
_12238_,VPWR,li1,273.4700,138.7200,1.798963
_12237_,VPWR,li1,267.0300,138.7200,1.798961
_12236_,VPWR,li1,264.9600,138.7200,1.798962
_12235_,VPWR,li1,265.1900,144.1600,1.798660
_12234_,VPWR,li1,264.5000,138.7200,1.798962
_12233_,VPWR,li1,264.5000,133.2800,1.799791
_12232_,VPWR,li1,261.2800,138.7200,1.798964
_12231_,VPWR,li1,261.7400,133.2800,1.799792
_12230_,VPWR,li1,261.0500,144.1600,1.798633
_12229_,VPWR,li1,258.7500,149.6000,1.798064
_12228_,VPWR,li1,258.9800,133.2800,1.799793
_12227_,VPWR,li1,258.5200,133.2800,1.799793
_12226_,VPWR,li1,252.0800,133.2800,1.799797
_12225_,VPWR,li1,254.3800,133.2800,1.799796
_12224_,VPWR,li1,253.2300,127.8400,1.799373
_12223_,VPWR,li1,250.4700,127.8400,1.799372
_12222_,VPWR,li1,246.7900,127.8400,1.799371
_12221_,VPWR,li1,247.2500,122.4000,1.799352
_12220_,VPWR,li1,250.0100,133.2800,1.799798
_12219_,VPWR,li1,282.6700,133.2800,1.799790
_12218_,VPWR,li1,279.9100,133.2800,1.799790
_12217_,VPWR,li1,283.1300,127.8400,1.799432
_12216_,VPWR,li1,277.6100,133.2800,1.799790
_12215_,VPWR,li1,279.4500,144.1600,1.798768
_12214_,VPWR,li1,257.8300,127.8400,1.799375
_12213_,VPWR,li1,261.5100,127.8400,1.799377
_12212_,VPWR,li1,254.6100,122.4000,1.799349
_12211_,VPWR,li1,255.0700,122.4000,1.799349
_12210_,VPWR,li1,253.4600,116.9600,1.799225
_12209_,VPWR,li1,256.9100,122.4000,1.799348
_12208_,VPWR,li1,287.2700,133.2800,1.799792
_12207_,VPWR,li1,287.5000,127.8400,1.799456
_12206_,VPWR,li1,290.9500,127.8400,1.799466
_12205_,VPWR,li1,282.6700,149.6000,1.798285
_12204_,VPWR,li1,242.8800,144.1600,1.798510
_12203_,VPWR,li1,273.4700,149.6000,1.798202
_12202_,VPWR,li1,324.5300,155.0400,1.799327
_12201_,VPWR,li1,326.8300,155.0400,1.799340
_12200_,VPWR,li1,320.3900,155.0400,1.799309
_12199_,VPWR,li1,320.8500,149.6000,1.798632
_12198_,VPWR,li1,318.0900,149.6000,1.798608
_12197_,VPWR,li1,314.8700,149.6000,1.798568
_12196_,VPWR,li1,319.0100,149.6000,1.798608
_12195_,VPWR,li1,320.3900,149.6000,1.798632
_12194_,VPWR,li1,312.8000,160.4800,1.799226
_12193_,VPWR,li1,311.1900,144.1600,1.799079
_12192_,VPWR,li1,308.4300,144.1600,1.799051
_12191_,VPWR,li1,308.4300,138.7200,1.799257
_12190_,VPWR,li1,303.8300,138.7200,1.799215
_12189_,VPWR,li1,300.1500,144.1600,1.798959
_12188_,VPWR,li1,300.6100,138.7200,1.799187
_12187_,VPWR,li1,298.3100,133.2800,1.799801
_12186_,VPWR,li1,301.5300,133.2800,1.799805
_12185_,VPWR,li1,299.2300,138.7200,1.799162
_12184_,VPWR,li1,305.2100,149.6000,1.798484
_12183_,VPWR,li1,292.1000,144.1600,1.798891
_12182_,VPWR,li1,366.3900,149.6000,1.795902
_12181_,VPWR,li1,368.6900,144.1600,1.798295
_12180_,VPWR,li1,368.9200,144.1600,1.798295
_12179_,VPWR,li1,371.2200,144.1600,1.798294
_12178_,VPWR,li1,373.2900,133.2800,1.799766
_12177_,VPWR,li1,371.4500,127.8400,1.799602
_12176_,VPWR,li1,374.2100,127.8400,1.799602
_12175_,VPWR,li1,372.1400,122.4000,1.799314
_12174_,VPWR,li1,363.6300,122.4000,1.799317
_12173_,VPWR,li1,359.0300,122.4000,1.799320
_12172_,VPWR,li1,363.6300,122.4000,1.799317
_12171_,VPWR,li1,297.6200,122.4000,1.799445
_12170_,VPWR,li1,361.3300,122.4000,1.799318
_12169_,VPWR,li1,370.0700,133.2800,1.799767
_12168_,VPWR,li1,368.0000,127.8400,1.799604
_12167_,VPWR,li1,362.2500,133.2800,1.799773
_12166_,VPWR,li1,365.4700,133.2800,1.799770
_12165_,VPWR,li1,365.4700,144.1600,1.798299
_12164_,VPWR,li1,360.8700,144.1600,1.798303
_12163_,VPWR,li1,356.2700,138.7200,1.798868
_12162_,VPWR,li1,360.8700,138.7200,1.798865
_12161_,VPWR,li1,360.4100,138.7200,1.798865
_12160_,VPWR,li1,363.6300,138.7200,1.798864
_12159_,VPWR,li1,267.2600,160.4800,1.799148
_12158_,VPWR,li1,326.1400,160.4800,1.799258
_12157_,VPWR,li1,335.5700,160.4800,1.798758
_12156_,VPWR,li1,344.3100,160.4800,1.798231
_12155_,VPWR,li1,330.2800,165.9200,1.799879
_12154_,VPWR,li1,342.9300,193.1200,1.799544
_12153_,VPWR,li1,342.2400,204.0000,1.799680
_12152_,VPWR,li1,336.2600,198.5600,1.799850
_12151_,VPWR,li1,345.4600,193.1200,1.799522
_12150_,VPWR,li1,342.4700,193.1200,1.799564
_12149_,VPWR,li1,336.9500,187.6800,1.799594
_12148_,VPWR,li1,333.2700,187.6800,1.799656
_12147_,VPWR,li1,331.4300,187.6800,1.799690
_12146_,VPWR,li1,332.5800,176.8000,1.799857
_12145_,VPWR,li1,332.1200,182.2400,1.799642
_12144_,VPWR,li1,322.2300,182.2400,1.799679
_12143_,VPWR,li1,323.3800,182.2400,1.799679
_12142_,VPWR,li1,322.0000,176.8000,1.799825
_12141_,VPWR,li1,324.3000,176.8000,1.799840
_12140_,VPWR,li1,266.3400,171.3600,1.799677
_12139_,VPWR,li1,273.2400,171.3600,1.799688
_12138_,VPWR,li1,267.7200,165.9200,1.799784
_12137_,VPWR,li1,270.0200,165.9200,1.799786
_12136_,VPWR,li1,257.8300,160.4800,1.799160
_12135_,VPWR,li1,258.9800,160.4800,1.799160
_12134_,VPWR,li1,254.3800,149.6000,1.798038
_12133_,VPWR,li1,257.6000,149.6000,1.798064
_12132_,VPWR,li1,228.6200,149.6000,1.797842
_12131_,VPWR,li1,227.9300,149.6000,1.797842
_12130_,VPWR,li1,226.5500,144.1600,1.798404
_12129_,VPWR,li1,228.3900,144.1600,1.798419
_12128_,VPWR,li1,221.7200,144.1600,1.798377
_12127_,VPWR,li1,222.6400,149.6000,1.797808
_12126_,VPWR,li1,211.1400,149.6000,1.797737
_12125_,VPWR,li1,218.5000,144.1600,1.798360
_12124_,VPWR,li1,216.2000,144.1600,1.798349
_12123_,VPWR,li1,221.2600,144.1600,1.798377
_12122_,VPWR,li1,217.1200,149.6000,1.797767
_12121_,VPWR,li1,209.3000,144.1600,1.798313
_12120_,VPWR,li1,223.1000,138.7200,1.799057
_12119_,VPWR,li1,221.0300,138.7200,1.799064
_12118_,VPWR,li1,218.9600,133.2800,1.799827
_12117_,VPWR,li1,214.1300,138.7200,1.799090
_12116_,VPWR,li1,216.8900,133.2800,1.799832
_12115_,VPWR,li1,209.9900,133.2800,1.799840
_12114_,VPWR,li1,211.1400,127.8400,1.799466
_12113_,VPWR,li1,204.9300,127.8400,1.799485
_12112_,VPWR,li1,208.1500,127.8400,1.799477
_12111_,VPWR,li1,208.6100,127.8400,1.799477
_12110_,VPWR,li1,220.5700,133.2800,1.799824
_12109_,VPWR,li1,220.1100,127.8400,1.799430
_12108_,VPWR,li1,221.9500,127.8400,1.799424
_12107_,VPWR,li1,215.9700,127.8400,1.799445
_12106_,VPWR,li1,218.9600,127.8400,1.799437
_12105_,VPWR,li1,204.7000,133.2800,1.799851
_12104_,VPWR,li1,245.4100,149.6000,1.797965
_12103_,VPWR,li1,242.6500,144.1600,1.798510
_12102_,VPWR,li1,240.5800,144.1600,1.798496
_12101_,VPWR,li1,238.5100,144.1600,1.798483
_12100_,VPWR,li1,239.2000,138.7200,1.799006
_12099_,VPWR,li1,241.5000,138.7200,1.799000
_12098_,VPWR,li1,234.6000,138.7200,1.799022
_12097_,VPWR,li1,234.6000,144.1600,1.798458
_12096_,VPWR,li1,235.5200,149.6000,1.797895
_12095_,VPWR,li1,237.3600,138.7200,1.799011
_12094_,VPWR,li1,233.4500,138.7200,1.799022
_12093_,VPWR,li1,230.0000,133.2800,1.799815
_12092_,VPWR,li1,230.6900,138.7200,1.799036
_12091_,VPWR,li1,246.3300,111.5200,1.799767
_12090_,VPWR,li1,232.5300,138.7200,1.799030
_12089_,VPWR,li1,242.6500,138.7200,1.799000
_12088_,VPWR,li1,248.4000,138.7200,1.798983
_12087_,VPWR,li1,248.1700,138.7200,1.798988
_12086_,VPWR,li1,252.3100,138.7200,1.798975
_12085_,VPWR,li1,243.1100,133.2800,1.799804
_12084_,VPWR,li1,245.1800,149.6000,1.797965
_12083_,VPWR,li1,273.0100,160.4800,1.799149
_12082_,VPWR,li1,265.1900,160.4800,1.799150
_12081_,VPWR,li1,269.7900,160.4800,1.799147
_12080_,VPWR,li1,263.8100,160.4800,1.799152
_12079_,VPWR,li1,270.2500,155.0400,1.799171
_12078_,VPWR,li1,272.5500,155.0400,1.799176
_12077_,VPWR,li1,269.7900,149.6000,1.798169
_12076_,VPWR,li1,269.5600,149.6000,1.798153
_12075_,VPWR,li1,264.7300,144.1600,1.798660
_12074_,VPWR,li1,260.5900,149.6000,1.798090
_12073_,VPWR,li1,264.5000,155.0400,1.799160
_12072_,VPWR,li1,265.6500,149.6000,1.798133
_12071_,VPWR,li1,260.8200,144.1600,1.798633
_12070_,VPWR,li1,295.5500,144.1600,1.798915
_12069_,VPWR,li1,290.9500,144.1600,1.798870
_12068_,VPWR,li1,290.9500,155.0400,1.799218
_12067_,VPWR,li1,285.4300,144.1600,1.798830
_12066_,VPWR,li1,283.3600,144.1600,1.798805
_12065_,VPWR,li1,286.5800,144.1600,1.798830
_12064_,VPWR,li1,282.6700,144.1600,1.798805
_12063_,VPWR,li1,283.1300,138.7200,1.799033
_12062_,VPWR,li1,285.4300,127.8400,1.799445
_12061_,VPWR,li1,280.8300,144.1600,1.798788
_12060_,VPWR,li1,297.3900,144.1600,1.798941
_12059_,VPWR,li1,292.5600,138.7200,1.799116
_12058_,VPWR,li1,294.6300,144.1600,1.798915
_12057_,VPWR,li1,278.7600,160.4800,1.799158
_12056_,VPWR,li1,329.5900,171.3600,1.799909
_12055_,VPWR,li1,332.5800,171.3600,1.799898
_12054_,VPWR,li1,327.7500,165.9200,1.799875
_12053_,VPWR,li1,325.4500,165.9200,1.799871
_12052_,VPWR,li1,323.6100,160.4800,1.799250
_12051_,VPWR,li1,320.6200,160.4800,1.799243
_12050_,VPWR,li1,323.3800,160.4800,1.799250
_12049_,VPWR,li1,318.7800,165.9200,1.799858
_12048_,VPWR,li1,323.8400,171.3600,1.799880
_12047_,VPWR,li1,316.7100,160.4800,1.799234
_12046_,VPWR,li1,311.6500,155.0400,1.799275
_12045_,VPWR,li1,308.4300,160.4800,1.799216
_12044_,VPWR,li1,310.7300,155.0400,1.799275
_12043_,VPWR,li1,307.5100,165.9200,1.799838
_12042_,VPWR,li1,306.1300,155.0400,1.799260
_12041_,VPWR,li1,308.4300,155.0400,1.799267
_12040_,VPWR,li1,305.9000,155.0400,1.799260
_12039_,VPWR,li1,304.7500,149.6000,1.798484
_12038_,VPWR,li1,307.9700,149.6000,1.798513
_12037_,VPWR,li1,367.3100,122.4000,1.799316
_12036_,VPWR,li1,297.3900,155.0400,1.799233
_12035_,VPWR,li1,338.7900,160.4800,1.798645
_12034_,VPWR,li1,342.0100,160.4800,1.798364
_12033_,VPWR,li1,337.8700,155.0400,1.798927
_12032_,VPWR,li1,373.2900,144.1600,1.798293
_12031_,VPWR,li1,374.9000,138.7200,1.798859
_12030_,VPWR,li1,375.3600,144.1600,1.798293
_12029_,VPWR,li1,372.3700,138.7200,1.798859
_12028_,VPWR,li1,371.9100,144.1600,1.798294
_12027_,VPWR,li1,369.3800,155.0400,1.798196
_12026_,VPWR,li1,375.5900,122.4000,1.799313
_12025_,VPWR,li1,370.5300,122.4000,1.799314
_12024_,VPWR,li1,371.9100,122.4000,1.799314
_12023_,VPWR,li1,371.2200,116.9600,1.799517
_12022_,VPWR,li1,368.6900,122.4000,1.799315
_12021_,VPWR,li1,367.7700,133.2800,1.799769
_12020_,VPWR,li1,278.5300,171.3600,1.799701
_12019_,VPWR,li1,338.5600,171.3600,1.799888
_12018_,VPWR,li1,346.3800,204.0000,1.799630
_12017_,VPWR,li1,346.1500,204.0000,1.799630
_12016_,VPWR,li1,342.9300,204.0000,1.799659
_12015_,VPWR,li1,333.0400,198.5600,1.799863
_12014_,VPWR,li1,337.1800,204.0000,1.799714
_12013_,VPWR,li1,332.5800,204.0000,1.799793
_12012_,VPWR,li1,336.0300,193.1200,1.799640
_12011_,VPWR,li1,339.2500,193.1200,1.799590
_12010_,VPWR,li1,332.3500,193.1200,1.799689
_12009_,VPWR,li1,325.6800,193.1200,1.799759
_12008_,VPWR,li1,329.8200,187.6800,1.799738
_12007_,VPWR,li1,322.4600,187.6800,1.799708
_12006_,VPWR,li1,325.2200,182.2400,1.799700
_12005_,VPWR,li1,321.3100,176.8000,1.799814
_12004_,VPWR,li1,280.1400,182.2400,1.799546
_12003_,VPWR,li1,275.5400,176.8000,1.799641
_12002_,VPWR,li1,281.7500,176.8000,1.799653
_12001_,VPWR,li1,270.2500,176.8000,1.799636
_12000_,VPWR,li1,271.1700,176.8000,1.799636
_11999_,VPWR,li1,259.9000,171.3600,1.799685
_11998_,VPWR,li1,267.2600,171.3600,1.799677
_11997_,VPWR,li1,255.0700,160.4800,1.799168
_11996_,VPWR,li1,259.2100,165.9200,1.799784
_11995_,VPWR,li1,228.1600,160.4800,1.799253
_11994_,VPWR,li1,230.4600,160.4800,1.799245
_11993_,VPWR,li1,224.0200,155.0400,1.799108
_11992_,VPWR,li1,222.4100,155.0400,1.799108
_11991_,VPWR,li1,230.9200,155.0400,1.799111
_11990_,VPWR,li1,213.9000,155.0400,1.799110
_11989_,VPWR,li1,231.6100,149.6000,1.797859
_11988_,VPWR,li1,219.1900,155.0400,1.799108
_11987_,VPWR,li1,218.0400,160.4800,1.799300
_11986_,VPWR,li1,213.4400,149.6000,1.797751
_11985_,VPWR,li1,210.6800,155.0400,1.799111
_11984_,VPWR,li1,209.3000,149.6000,1.797724
_11983_,VPWR,li1,210.6800,144.1600,1.798313
_11982_,VPWR,li1,207.0000,165.9200,1.799848
_11981_,VPWR,li1,211.6000,144.1600,1.798325
_11980_,VPWR,li1,214.1300,144.1600,1.798337
_11979_,VPWR,li1,207.4600,144.1600,1.798298
_11978_,VPWR,li1,206.3100,144.1600,1.798298
_11977_,VPWR,li1,208.1500,138.7200,1.799119
_11976_,VPWR,li1,208.1500,133.2800,1.799843
_11975_,VPWR,li1,204.0100,138.7200,1.799136
_11974_,VPWR,li1,203.7800,133.2800,1.799851
_11973_,VPWR,li1,201.2500,133.2800,1.799858
_11972_,VPWR,li1,207.6900,133.2800,1.799847
_11971_,VPWR,li1,233.9100,155.0400,1.799115
_11970_,VPWR,li1,222.6400,160.4800,1.799277
_11969_,VPWR,li1,227.9300,155.0400,1.799109
_11968_,VPWR,li1,252.5400,155.0400,1.799138
_11967_,VPWR,li1,252.0800,160.4800,1.799175
_11966_,VPWR,li1,247.2500,155.0400,1.799131
_11965_,VPWR,li1,244.4900,155.0400,1.799126
_11964_,VPWR,li1,241.9600,155.0400,1.799123
_11963_,VPWR,li1,239.8900,155.0400,1.799120
_11962_,VPWR,li1,237.5900,160.4800,1.799220
_11961_,VPWR,li1,236.4400,149.6000,1.797895
_11960_,VPWR,li1,237.1300,155.0400,1.799118
_11959_,VPWR,li1,240.1200,149.6000,1.797929
_11958_,VPWR,li1,233.9100,149.6000,1.797876
_11957_,VPWR,li1,237.5900,149.6000,1.797910
_11956_,VPWR,li1,249.0900,149.6000,1.797983
_11955_,VPWR,li1,250.0100,144.1600,1.798558
_11954_,VPWR,li1,247.0200,144.1600,1.798528
_11953_,VPWR,li1,285.4300,176.8000,1.799669
_11952_,VPWR,li1,276.9200,171.3600,1.799701
_11951_,VPWR,li1,277.8400,176.8000,1.799647
_11950_,VPWR,li1,272.5500,171.3600,1.799688
_11949_,VPWR,li1,276.2300,160.4800,1.799155
_11948_,VPWR,li1,274.3900,160.4800,1.799152
_11947_,VPWR,li1,281.7500,165.9200,1.799801
_11946_,VPWR,li1,281.7500,160.4800,1.799161
_11945_,VPWR,li1,278.0700,160.4800,1.799158
_11944_,VPWR,li1,278.3000,149.6000,1.798245
_11943_,VPWR,li1,266.5700,149.6000,1.798133
_11942_,VPWR,li1,280.8300,149.6000,1.798268
_11941_,VPWR,li1,300.6100,155.0400,1.799244
_11940_,VPWR,li1,296.7000,155.0400,1.799233
_11939_,VPWR,li1,294.4000,155.0400,1.799225
_11938_,VPWR,li1,293.7100,155.0400,1.799225
_11937_,VPWR,li1,293.4800,160.4800,1.799186
_11936_,VPWR,li1,291.1800,155.0400,1.799218
_11935_,VPWR,li1,288.8800,155.0400,1.799213
_11934_,VPWR,li1,286.8100,155.0400,1.799207
_11933_,VPWR,li1,286.3500,155.0400,1.799207
_11932_,VPWR,li1,284.5100,155.0400,1.799203
_11931_,VPWR,li1,298.7700,155.0400,1.799239
_11930_,VPWR,li1,284.0500,171.3600,1.799723
_11929_,VPWR,li1,331.4300,182.2400,1.799642
_11928_,VPWR,li1,335.8000,182.2400,1.799556
_11927_,VPWR,li1,336.9500,176.8000,1.799844
_11926_,VPWR,li1,331.4300,176.8000,1.799857
_11925_,VPWR,li1,339.2500,176.8000,1.799839
_11924_,VPWR,li1,342.4700,171.3600,1.799879
_11923_,VPWR,li1,339.2500,171.3600,1.799884
_11922_,VPWR,li1,337.1800,171.3600,1.799888
_11921_,VPWR,li1,341.5500,171.3600,1.799879
_11920_,VPWR,li1,320.8500,171.3600,1.799867
_11919_,VPWR,li1,314.4100,171.3600,1.799835
_11918_,VPWR,li1,313.9500,160.4800,1.799226
_11917_,VPWR,li1,313.4900,171.3600,1.799835
_11916_,VPWR,li1,316.7100,171.3600,1.799848
_11915_,VPWR,li1,312.1100,165.9200,1.799846
_11914_,VPWR,li1,309.8100,165.9200,1.799842
_11913_,VPWR,li1,302.6800,165.9200,1.799830
_11912_,VPWR,li1,305.6700,165.9200,1.799833
_11911_,VPWR,li1,308.8900,165.9200,1.799838
_11910_,VPWR,li1,343.3900,171.3600,1.799876
_11909_,VPWR,li1,346.6100,165.9200,1.799733
_11908_,VPWR,li1,348.4500,165.9200,1.799712
_11907_,VPWR,li1,367.7700,160.4800,1.797635
_11906_,VPWR,li1,368.6900,155.0400,1.798196
_11905_,VPWR,li1,370.9900,160.4800,1.797617
_11904_,VPWR,li1,368.9200,160.4800,1.797625
_11903_,VPWR,li1,364.5500,160.4800,1.797642
_11902_,VPWR,li1,350.5200,176.8000,1.799818
_11901_,VPWR,li1,319.4700,193.1200,1.799733
_11900_,VPWR,li1,317.8600,187.6800,1.799694
_11899_,VPWR,li1,349.3700,204.0000,1.799612
_11898_,VPWR,li1,357.1900,204.0000,1.799565
_11897_,VPWR,li1,352.5900,204.0000,1.799590
_11896_,VPWR,li1,350.5200,204.0000,1.799600
_11895_,VPWR,li1,355.3500,198.5600,1.799780
_11894_,VPWR,li1,352.8200,198.5600,1.799787
_11893_,VPWR,li1,337.4100,204.0000,1.799714
_11892_,VPWR,li1,349.8300,198.5600,1.799796
_11891_,VPWR,li1,344.5400,198.5600,1.799812
_11890_,VPWR,li1,341.5500,198.5600,1.799829
_11889_,VPWR,li1,331.8900,204.0000,1.799793
_11888_,VPWR,li1,325.2200,198.5600,1.799895
_11887_,VPWR,li1,331.6600,198.5600,1.799875
_11886_,VPWR,li1,328.4400,193.1200,1.799769
_11885_,VPWR,li1,337.8700,198.5600,1.799839
_11884_,VPWR,li1,297.1600,193.1200,1.799680
_11883_,VPWR,li1,350.7500,193.1200,1.799487
_11882_,VPWR,li1,351.4400,187.6800,1.799458
_11881_,VPWR,li1,293.9400,193.1200,1.799676
_11880_,VPWR,li1,294.8600,193.1200,1.799678
_11879_,VPWR,li1,287.9600,193.1200,1.799675
_11878_,VPWR,li1,325.4500,198.5600,1.799895
_11877_,VPWR,li1,322.0000,193.1200,1.799742
_11876_,VPWR,li1,323.6100,193.1200,1.799742
_11875_,VPWR,li1,284.2800,187.6800,1.799625
_11874_,VPWR,li1,285.8900,187.6800,1.799625
_11873_,VPWR,li1,291.4100,187.6800,1.799636
_11872_,VPWR,li1,285.2000,193.1200,1.799675
_11871_,VPWR,li1,256.2200,182.2400,1.799576
_11870_,VPWR,li1,301.0700,187.6800,1.799652
_11869_,VPWR,li1,297.8500,187.6800,1.799647
_11868_,VPWR,li1,259.2100,182.2400,1.799569
_11867_,VPWR,li1,251.6200,182.2400,1.799592
_11866_,VPWR,li1,250.9300,182.2400,1.799592
_11865_,VPWR,li1,283.5900,182.2400,1.799550
_11864_,VPWR,li1,291.4100,182.2400,1.799566
_11863_,VPWR,li1,277.6100,182.2400,1.799547
_11862_,VPWR,li1,258.9800,176.8000,1.799643
_11861_,VPWR,li1,261.7400,182.2400,1.799564
_11860_,VPWR,li1,253.6900,176.8000,1.799653
_11859_,VPWR,li1,240.5800,176.8000,1.799685
_11858_,VPWR,li1,253.2300,171.3600,1.799698
_11857_,VPWR,li1,249.5500,171.3600,1.799702
_11856_,VPWR,li1,243.3400,176.8000,1.799676
_11855_,VPWR,li1,246.3300,176.8000,1.799671
_11854_,VPWR,li1,238.7400,176.8000,1.799689
_11853_,VPWR,li1,258.0600,171.3600,1.799687
_11852_,VPWR,li1,260.5900,176.8000,1.799643
_11851_,VPWR,li1,264.5000,176.8000,1.799639
_11850_,VPWR,li1,237.3600,171.3600,1.799726
_11849_,VPWR,li1,261.0500,165.9200,1.799784
_11848_,VPWR,li1,234.3700,171.3600,1.799732
_11847_,VPWR,li1,235.0600,171.3600,1.799732
_11846_,VPWR,li1,235.5200,176.8000,1.799695
_11845_,VPWR,li1,229.0800,176.8000,1.799714
_11844_,VPWR,li1,241.2700,176.8000,1.799680
_11843_,VPWR,li1,230.0000,171.3600,1.799743
_11842_,VPWR,li1,226.5500,171.3600,1.799754
_11841_,VPWR,li1,231.6100,165.9200,1.799806
_11840_,VPWR,li1,227.7000,165.9200,1.799811
_11839_,VPWR,li1,221.7200,160.4800,1.799288
_11838_,VPWR,li1,222.6400,165.9200,1.799819
_11837_,VPWR,li1,221.2600,171.3600,1.799765
_11836_,VPWR,li1,221.0300,171.3600,1.799765
_11835_,VPWR,li1,218.0400,171.3600,1.799777
_11834_,VPWR,li1,217.3500,171.3600,1.799777
_11833_,VPWR,li1,210.6800,176.8000,1.799770
_11832_,VPWR,li1,214.1300,176.8000,1.799755
_11831_,VPWR,li1,218.9600,165.9200,1.799828
_11830_,VPWR,li1,218.9600,160.4800,1.799300
_11829_,VPWR,li1,213.4400,165.9200,1.799838
_11828_,VPWR,li1,212.0600,160.4800,1.799331
_11827_,VPWR,li1,214.8200,171.3600,1.799784
_11826_,VPWR,li1,214.1300,171.3600,1.799784
_11825_,VPWR,li1,209.3000,171.3600,1.799801
_11824_,VPWR,li1,206.3100,171.3600,1.799810
_11823_,VPWR,li1,208.1500,171.3600,1.799801
_11822_,VPWR,li1,210.6800,160.4800,1.799331
_11821_,VPWR,li1,214.1300,160.4800,1.799315
_11820_,VPWR,li1,207.4600,160.4800,1.799347
_11819_,VPWR,li1,204.0100,160.4800,1.799364
_11818_,VPWR,li1,204.4700,160.4800,1.799364
_11817_,VPWR,li1,220.5700,160.4800,1.799288
_11816_,VPWR,li1,216.2000,155.0400,1.799108
_11815_,VPWR,li1,216.4300,155.0400,1.799108
_11814_,VPWR,li1,221.0300,165.9200,1.799823
_11813_,VPWR,li1,257.8300,165.9200,1.799784
_11812_,VPWR,li1,253.6900,171.3600,1.799695
_11811_,VPWR,li1,274.8500,171.3600,1.799695
_11810_,VPWR,li1,255.5300,171.3600,1.799692
_11809_,VPWR,li1,251.8500,171.3600,1.799698
_11808_,VPWR,li1,243.1100,171.3600,1.799716
_11807_,VPWR,li1,242.4200,165.9200,1.799795
_11806_,VPWR,li1,250.9300,160.4800,1.799181
_11805_,VPWR,li1,254.6100,160.4800,1.799168
_11804_,VPWR,li1,244.9500,160.4800,1.799196
_11803_,VPWR,li1,247.9400,160.4800,1.799187
_11802_,VPWR,li1,244.4900,171.3600,1.799712
_11801_,VPWR,li1,243.3400,165.9200,1.799795
_11800_,VPWR,li1,247.0200,165.9200,1.799792
_11799_,VPWR,li1,239.4300,165.9200,1.799798
_11798_,VPWR,li1,239.4300,160.4800,1.799214
_11797_,VPWR,li1,236.9000,165.9200,1.799800
_11796_,VPWR,li1,235.7500,160.4800,1.799231
_11795_,VPWR,li1,234.3700,160.4800,1.799231
_11794_,VPWR,li1,239.8900,160.4800,1.799214
_11793_,VPWR,li1,251.3900,165.9200,1.799790
_11792_,VPWR,li1,291.8700,182.2400,1.799566
_11791_,VPWR,li1,289.3400,182.2400,1.799559
_11790_,VPWR,li1,287.0400,176.8000,1.799676
_11789_,VPWR,li1,294.1700,182.2400,1.799575
_11788_,VPWR,li1,282.6700,176.8000,1.799661
_11787_,VPWR,li1,281.2900,171.3600,1.799716
_11786_,VPWR,li1,286.3500,171.3600,1.799733
_11785_,VPWR,li1,291.4100,176.8000,1.799691
_11784_,VPWR,li1,281.2900,160.4800,1.799161
_11783_,VPWR,li1,280.3700,160.4800,1.799161
_11782_,VPWR,li1,272.5500,149.6000,1.798185
_11781_,VPWR,li1,277.6100,155.0400,1.799187
_11780_,VPWR,li1,284.5100,160.4800,1.799169
_11779_,VPWR,li1,300.1500,171.3600,1.799783
_11778_,VPWR,li1,296.9300,171.3600,1.799771
_11777_,VPWR,li1,298.3100,165.9200,1.799821
_11776_,VPWR,li1,295.0900,165.9200,1.799817
_11775_,VPWR,li1,297.3900,165.9200,1.799821
_11774_,VPWR,li1,296.2400,160.4800,1.799190
_11773_,VPWR,li1,289.1100,165.9200,1.799809
_11772_,VPWR,li1,295.5500,160.4800,1.799190
_11771_,VPWR,li1,317.1700,193.1200,1.799726
_11770_,VPWR,li1,349.1400,187.6800,1.799465
_11769_,VPWR,li1,354.4300,182.2400,1.799382
_11768_,VPWR,li1,359.9500,182.2400,1.799369
_11767_,VPWR,li1,319.4700,187.6800,1.799699
_11766_,VPWR,li1,315.7900,187.6800,1.799687
_11765_,VPWR,li1,317.6300,187.6800,1.799694
_11764_,VPWR,li1,351.2100,171.3600,1.799865
_11763_,VPWR,li1,351.6700,171.3600,1.799865
_11762_,VPWR,li1,351.9000,176.8000,1.799818
_11761_,VPWR,li1,356.2700,176.8000,1.799809
_11760_,VPWR,li1,353.9700,176.8000,1.799813
_11759_,VPWR,li1,356.7300,182.2400,1.799375
_11758_,VPWR,li1,362.2500,176.8000,1.799801
_11757_,VPWR,li1,348.6800,176.8000,1.799821
_11756_,VPWR,li1,343.8500,176.8000,1.799830
_11755_,VPWR,li1,345.4600,171.3600,1.799873
_11754_,VPWR,li1,362.4800,171.3600,1.799854
_11753_,VPWR,li1,310.7300,176.8000,1.799772
_11752_,VPWR,li1,313.2600,176.8000,1.799783
_11751_,VPWR,li1,317.4000,176.8000,1.799798
_11750_,VPWR,li1,316.4800,171.3600,1.799848
_11749_,VPWR,li1,311.1900,176.8000,1.799772
_11748_,VPWR,li1,362.2500,176.8000,1.799801
_11747_,VPWR,li1,365.9300,171.3600,1.799852
_11746_,VPWR,li1,359.9500,171.3600,1.799858
_11745_,VPWR,li1,364.3200,171.3600,1.799852
_11744_,VPWR,li1,362.2500,165.9200,1.799577
_11743_,VPWR,li1,364.5500,165.9200,1.799576
_11742_,VPWR,li1,365.4700,176.8000,1.799798
_11741_,VPWR,li1,354.6600,171.3600,1.799862
_11740_,VPWR,li1,353.9700,165.9200,1.799660
_11739_,VPWR,li1,356.2700,165.9200,1.799631
_11738_,VPWR,li1,349.3700,171.3600,1.799869
_11737_,VPWR,li1,296.0100,187.6800,1.799643
_11736_,VPWR,li1,295.0900,182.2400,1.799575
_11735_,VPWR,li1,290.9500,176.8000,1.799691
_11734_,VPWR,li1,293.4800,176.8000,1.799700
_11733_,VPWR,li1,288.8800,176.8000,1.799683
_11732_,VPWR,li1,285.8900,165.9200,1.799806
_11731_,VPWR,li1,287.7300,165.9200,1.799809
_11730_,VPWR,li1,295.0900,165.9200,1.799817
_11729_,VPWR,li1,294.6300,171.3600,1.799763
_11728_,VPWR,li1,297.6200,171.3600,1.799771
_11727_,VPWR,li1,361.7900,204.0000,1.799546
_11726_,VPWR,li1,363.4000,198.5600,1.799760
_11725_,VPWR,li1,360.4100,198.5600,1.799766
_11724_,VPWR,li1,358.5700,198.5600,1.799774
_11723_,VPWR,li1,360.6400,198.5600,1.799766
_11722_,VPWR,li1,355.3500,198.5600,1.799780
_11721_,VPWR,li1,356.2700,193.1200,1.799455
_11720_,VPWR,li1,354.4300,193.1200,1.799465
_11719_,VPWR,li1,356.7300,187.6800,1.799443
_11718_,VPWR,li1,358.5700,182.2400,1.799369
_11717_,VPWR,li1,362.2500,182.2400,1.799357
_11716_,VPWR,li1,365.4700,182.2400,1.799350
_11715_,VPWR,li1,368.0000,176.8000,1.799796
_11714_,VPWR,li1,368.9200,176.8000,1.799793
_11713_,VPWR,li1,372.6000,176.8000,1.799788
_11712_,VPWR,li1,367.7700,182.2400,1.799345
_11711_,VPWR,li1,309.3500,193.1200,1.799702
_11710_,VPWR,li1,312.1100,193.1200,1.799710
_11709_,VPWR,li1,298.7700,193.1200,1.799683
_11708_,VPWR,li1,298.7700,187.6800,1.799647
_11707_,VPWR,li1,302.9100,187.6800,1.799656
_11706_,VPWR,li1,300.1500,187.6800,1.799652
_11705_,VPWR,li1,297.8500,182.2400,1.799585
_11704_,VPWR,li1,300.6100,182.2400,1.799594
_11703_,VPWR,li1,300.1500,176.8000,1.799728
_11702_,VPWR,li1,306.8200,176.8000,1.799751
_11701_,VPWR,li1,300.1500,176.8000,1.799728
_11700_,VPWR,li1,294.6300,176.8000,1.799700
_11699_,VPWR,li1,265.1900,155.0400,1.799160
_11698_,VPWR,li1,274.3900,187.6800,1.799631
_11697_,VPWR,li1,276.6900,187.6800,1.799630
_11696_,VPWR,li1,272.3200,187.6800,1.799633
_11695_,VPWR,li1,253.2300,187.6800,1.799656
_11694_,VPWR,li1,251.8500,176.8000,1.799658
_11693_,VPWR,li1,247.7100,171.3600,1.799707
_11692_,VPWR,li1,250.7000,171.3600,1.799702
_11691_,VPWR,li1,247.7100,182.2400,1.799600
_11690_,VPWR,li1,241.7300,182.2400,1.799622
_11689_,VPWR,li1,240.8100,182.2400,1.799622
_11688_,VPWR,li1,244.0300,187.6800,1.799672
_11687_,VPWR,li1,231.6100,182.2400,1.799659
_11686_,VPWR,li1,228.3900,176.8000,1.799714
_11685_,VPWR,li1,221.0300,176.8000,1.799734
_11684_,VPWR,li1,217.5800,182.2400,1.799710
_11683_,VPWR,li1,214.5900,176.8000,1.799755
_11682_,VPWR,li1,217.8100,176.8000,1.799744
_11681_,VPWR,li1,221.0300,176.8000,1.799734
_11680_,VPWR,li1,365.4700,198.5600,1.799755
_11679_,VPWR,li1,365.0100,193.1200,1.799416
_11678_,VPWR,li1,367.3100,193.1200,1.799403
_11677_,VPWR,li1,360.8700,193.1200,1.799430
_11676_,VPWR,li1,359.0300,193.1200,1.799445
_11675_,VPWR,li1,359.0300,193.1200,1.799445
_11674_,VPWR,li1,359.0300,187.6800,1.799436
_11673_,VPWR,li1,356.7300,182.2400,1.799375
_11672_,VPWR,li1,359.7200,182.2400,1.799369
_11671_,VPWR,li1,355.3500,193.1200,1.799465
_11670_,VPWR,li1,313.0300,187.6800,1.799681
_11669_,VPWR,li1,310.2700,187.6800,1.799671
_11668_,VPWR,li1,307.9700,193.1200,1.799702
_11667_,VPWR,li1,304.7500,187.6800,1.799661
_11666_,VPWR,li1,306.1300,187.6800,1.799665
_11665_,VPWR,li1,304.2900,187.6800,1.799661
_11664_,VPWR,li1,303.6000,176.8000,1.799736
_11663_,VPWR,li1,303.8300,176.8000,1.799743
_11662_,VPWR,li1,305.6700,176.8000,1.799751
_11661_,VPWR,li1,296.4700,176.8000,1.799709
_11660_,VPWR,li1,269.3300,187.6800,1.799636
_11659_,VPWR,li1,267.9500,182.2400,1.799554
_11658_,VPWR,li1,265.1900,187.6800,1.799641
_11657_,VPWR,li1,266.1100,187.6800,1.799641
_11656_,VPWR,li1,238.5100,182.2400,1.799630
_11655_,VPWR,li1,235.9800,182.2400,1.799639
_11654_,VPWR,li1,232.9900,182.2400,1.799650
_11653_,VPWR,li1,229.3100,182.2400,1.799668
_11652_,VPWR,li1,225.6300,176.8000,1.799721
_11651_,VPWR,li1,228.3900,182.2400,1.799668
_11650_,VPWR,li1,367.7700,187.6800,1.799415
_11649_,VPWR,li1,362.0200,187.6800,1.799431
_11648_,VPWR,li1,364.0900,187.6800,1.799426
_11647_,VPWR,li1,366.8500,187.6800,1.799421
_11646_,VPWR,li1,307.2800,187.6800,1.799665
_11645_,VPWR,li1,308.6600,187.6800,1.799671
_11644_,VPWR,li1,310.2700,182.2400,1.799633
_11643_,VPWR,li1,265.4200,182.2400,1.799558
_11642_,VPWR,li1,310.2700,187.6800,1.799671
_11641_,VPWR,li1,261.5100,187.6800,1.799645
_11640_,VPWR,li1,66.9300,193.1200,1.799344
_11639_,VPWR,li1,165.3700,46.2400,1.797653
_11638_,VPWR,li1,151.5700,46.2400,1.797213
_11637_,VPWR,li1,149.2700,40.8000,1.798608
_11636_,VPWR,li1,142.3700,35.3600,1.799243
_11635_,VPWR,li1,139.1500,35.3600,1.799210
_11634_,VPWR,li1,133.4000,40.8000,1.798517
_11633_,VPWR,li1,133.1700,35.3600,1.799160
_11632_,VPWR,li1,84.4100,35.3600,1.799141
_11631_,VPWR,li1,90.6200,35.3600,1.799116
_11630_,VPWR,li1,78.4300,35.3600,1.799189
_11629_,VPWR,li1,75.2100,35.3600,1.799212
_11628_,VPWR,li1,81.8800,40.8000,1.798987
_11627_,VPWR,li1,58.8800,29.9200,1.799927
_11626_,VPWR,li1,71.9900,35.3600,1.799243
_11625_,VPWR,li1,49.4500,35.3600,1.799504
_11624_,VPWR,li1,51.9800,35.3600,1.799472
_11623_,VPWR,li1,42.7800,35.3600,1.799578
_11622_,VPWR,li1,67.8500,35.3600,1.799286
_11621_,VPWR,li1,64.6300,35.3600,1.799322
_11620_,VPWR,li1,60.0300,40.8000,1.799272
_11619_,VPWR,li1,56.8100,40.8000,1.799317
_11618_,VPWR,li1,36.5700,40.8000,1.799623
_11617_,VPWR,li1,75.6700,40.8000,1.799059
_11616_,VPWR,li1,72.4500,40.8000,1.799102
_11615_,VPWR,li1,74.7500,51.6800,1.799699
_11614_,VPWR,li1,74.0600,46.2400,1.798493
_11613_,VPWR,li1,32.4300,35.3600,1.799710
_11612_,VPWR,li1,129.9500,35.3600,1.799144
_11611_,VPWR,li1,126.7300,40.8000,1.798547
_11610_,VPWR,li1,123.5100,40.8000,1.798559
_11609_,VPWR,li1,123.5100,46.2400,1.797461
_11608_,VPWR,li1,119.3700,46.2400,1.797523
_11607_,VPWR,li1,118.4500,51.6800,1.799556
_11606_,VPWR,li1,160.7700,57.1200,1.799843
_11605_,VPWR,li1,115.6900,51.6800,1.799563
_11604_,VPWR,li1,111.5500,57.1200,1.799716
_11603_,VPWR,li1,108.5600,57.1200,1.799708
_11602_,VPWR,li1,123.9700,111.5200,1.799764
_11601_,VPWR,li1,122.8200,57.1200,1.799735
_11600_,VPWR,li1,125.1200,51.6800,1.799540
_11599_,VPWR,li1,97.0600,40.8000,1.798812
_11598_,VPWR,li1,135.4700,51.6800,1.799518
_11597_,VPWR,li1,136.1600,51.6800,1.799518
_11596_,VPWR,li1,154.1000,51.6800,1.799567
_11595_,VPWR,li1,130.4100,40.8000,1.798526
_11594_,VPWR,li1,146.7400,40.8000,1.798576
_11593_,VPWR,li1,155.0200,46.2400,1.797279
_11592_,VPWR,li1,166.2900,46.2400,1.797816
_11591_,VPWR,li1,168.5900,46.2400,1.798048
_11590_,VPWR,li1,168.5900,89.7600,1.798504
_11589_,VPWR,li1,162.1500,46.2400,1.797505
_11588_,VPWR,li1,163.0700,46.2400,1.797505
_11587_,VPWR,li1,161.4600,84.3200,1.797993
_11586_,VPWR,li1,158.4700,46.2400,1.797366
_11585_,VPWR,li1,152.4900,40.8000,1.798690
_11584_,VPWR,li1,152.4900,46.2400,1.797213
_11583_,VPWR,li1,152.7200,73.4400,1.799390
_11582_,VPWR,li1,145.5900,46.2400,1.797221
_11581_,VPWR,li1,143.9800,51.6800,1.799510
_11580_,VPWR,li1,147.4300,57.1200,1.799798
_11579_,VPWR,li1,143.9800,57.1200,1.799790
_11578_,VPWR,li1,150.4200,62.5600,1.799795
_11577_,VPWR,li1,141.4500,40.8000,1.798522
_11576_,VPWR,li1,144.4400,40.8000,1.798550
_11575_,VPWR,li1,142.1400,46.2400,1.797250
_11574_,VPWR,li1,136.3900,40.8000,1.798512
_11573_,VPWR,li1,132.7100,40.8000,1.798517
_11572_,VPWR,li1,129.7200,40.8000,1.798526
_11571_,VPWR,li1,130.1800,46.2400,1.797397
_11570_,VPWR,li1,132.7100,46.2400,1.797350
_11569_,VPWR,li1,129.2600,46.2400,1.797397
_11568_,VPWR,li1,138.6900,51.6800,1.799514
_11567_,VPWR,li1,138.2300,51.6800,1.799514
_11566_,VPWR,li1,134.0900,57.1200,1.799762
_11565_,VPWR,li1,136.1600,57.1200,1.799769
_11564_,VPWR,li1,128.1100,57.1200,1.799749
_11563_,VPWR,li1,127.6500,51.6800,1.799535
_11562_,VPWR,li1,125.8100,57.1200,1.799744
_11561_,VPWR,li1,125.8100,57.1200,1.799744
_11560_,VPWR,li1,123.5100,57.1200,1.799739
_11559_,VPWR,li1,120.5200,57.1200,1.799730
_11558_,VPWR,li1,118.4500,57.1200,1.799726
_11557_,VPWR,li1,117.3000,57.1200,1.799726
_11556_,VPWR,li1,109.9400,51.6800,1.799581
_11555_,VPWR,li1,124.6600,62.5600,1.799753
_11554_,VPWR,li1,151.1100,51.6800,1.799550
_11553_,VPWR,li1,155.2500,57.1200,1.799826
_11552_,VPWR,li1,157.5500,57.1200,1.799834
_11551_,VPWR,li1,158.2400,51.6800,1.799590
_11550_,VPWR,li1,162.1500,57.1200,1.799850
_11549_,VPWR,li1,162.1500,51.6800,1.799613
_11548_,VPWR,li1,163.9900,51.6800,1.799623
_11547_,VPWR,li1,164.9100,57.1200,1.799859
_11546_,VPWR,li1,138.4600,68.0000,1.799769
_11545_,VPWR,li1,117.5300,40.8000,1.798599
_11544_,VPWR,li1,113.1600,35.3600,1.799105
_11543_,VPWR,li1,115.9200,35.3600,1.799107
_11542_,VPWR,li1,110.8600,40.8000,1.798655
_11541_,VPWR,li1,96.3700,35.3600,1.799105
_11540_,VPWR,li1,93.6100,35.3600,1.799112
_11539_,VPWR,li1,93.6100,40.8000,1.798833
_11538_,VPWR,li1,90.3900,40.8000,1.798871
_11537_,VPWR,li1,92.0000,35.3600,1.799116
_11536_,VPWR,li1,86.2500,40.8000,1.798922
_11535_,VPWR,li1,83.9500,35.3600,1.799141
_11534_,VPWR,li1,86.2500,40.8000,1.798922
_11533_,VPWR,li1,84.4100,40.8000,1.798964
_11532_,VPWR,li1,81.1900,40.8000,1.798987
_11531_,VPWR,li1,77.5100,46.2400,1.798382
_11530_,VPWR,li1,77.7400,51.6800,1.799684
_11529_,VPWR,li1,72.9100,40.8000,1.799102
_11528_,VPWR,li1,70.6100,51.6800,1.799715
_11527_,VPWR,li1,74.0600,51.6800,1.799699
_11526_,VPWR,li1,75.4400,57.1200,1.799707
_11525_,VPWR,li1,68.7700,46.2400,1.798616
_11524_,VPWR,li1,85.1000,51.6800,1.799655
_11523_,VPWR,li1,104.1900,57.1200,1.799702
_11522_,VPWR,li1,106.9500,57.1200,1.799708
_11521_,VPWR,li1,48.5300,46.2400,1.799094
_11520_,VPWR,li1,94.3000,46.2400,1.797999
_11519_,VPWR,li1,87.6300,35.3600,1.799125
_11518_,VPWR,li1,50.6000,40.8000,1.799404
_11517_,VPWR,li1,61.8700,29.9200,1.799926
_11516_,VPWR,li1,55.8900,35.3600,1.799421
_11515_,VPWR,li1,53.5900,35.3600,1.799447
_11514_,VPWR,li1,48.7600,35.3600,1.799504
_11513_,VPWR,li1,51.5200,35.3600,1.799472
_11512_,VPWR,li1,24.8400,40.8000,1.799785
_11511_,VPWR,li1,53.5900,40.8000,1.799362
_11510_,VPWR,li1,55.8900,35.3600,1.799421
_11509_,VPWR,li1,55.4300,29.9200,1.799929
_11508_,VPWR,li1,56.3500,29.9200,1.799929
_11507_,VPWR,li1,41.6300,29.9200,1.799949
_11506_,VPWR,li1,34.7300,35.3600,1.799680
_11505_,VPWR,li1,37.4900,35.3600,1.799650
_11504_,VPWR,li1,33.5800,40.8000,1.799660
_11503_,VPWR,li1,35.6500,40.8000,1.799623
_11502_,VPWR,li1,31.0500,40.8000,1.799698
_11501_,VPWR,li1,33.1200,40.8000,1.799660
_11500_,VPWR,li1,30.5900,40.8000,1.799698
_11499_,VPWR,li1,33.8100,46.2400,1.799434
_11498_,VPWR,li1,23.0000,46.2400,1.799741
_11497_,VPWR,li1,39.5600,35.3600,1.799626
_11496_,VPWR,li1,173.1900,84.3200,1.798737
_11495_,VPWR,li1,175.4900,89.7600,1.798978
_11494_,VPWR,li1,170.8900,84.3200,1.798562
_11493_,VPWR,li1,178.2500,89.7600,1.798933
_11492_,VPWR,li1,166.7500,84.3200,1.798177
_11491_,VPWR,li1,163.7600,89.7600,1.798350
_11490_,VPWR,li1,163.0700,84.3200,1.797993
_11489_,VPWR,li1,158.4700,84.3200,1.797879
_11488_,VPWR,li1,155.4800,84.3200,1.797844
_11487_,VPWR,li1,158.2400,89.7600,1.798314
_11486_,VPWR,li1,154.3300,78.8800,1.799566
_11485_,VPWR,li1,156.1700,73.4400,1.799447
_11484_,VPWR,li1,158.4700,73.4400,1.799487
_11483_,VPWR,li1,166.5200,73.4400,1.799629
_11482_,VPWR,li1,151.5700,84.3200,1.797837
_11481_,VPWR,li1,147.8900,73.4400,1.799351
_11480_,VPWR,li1,149.0400,73.4400,1.799351
_11479_,VPWR,li1,146.7400,78.8800,1.799525
_11478_,VPWR,li1,143.7500,51.6800,1.799510
_11477_,VPWR,li1,142.3700,62.5600,1.799773
_11476_,VPWR,li1,145.3600,62.5600,1.799782
_11475_,VPWR,li1,140.5300,62.5600,1.799771
_11474_,VPWR,li1,142.8300,62.5600,1.799773
_11473_,VPWR,li1,144.6700,68.0000,1.799784
_11472_,VPWR,li1,143.0600,68.0000,1.799784
_11471_,VPWR,li1,140.9900,68.0000,1.799778
_11470_,VPWR,li1,135.9300,68.0000,1.799764
_11469_,VPWR,li1,138.0000,68.0000,1.799769
_11468_,VPWR,li1,132.2500,68.0000,1.799757
_11467_,VPWR,li1,132.4800,62.5600,1.799761
_11466_,VPWR,li1,129.0300,62.5600,1.799757
_11465_,VPWR,li1,130.6400,62.5600,1.799759
_11464_,VPWR,li1,125.8100,62.5600,1.799755
_11463_,VPWR,li1,123.5100,68.0000,1.799741
_11462_,VPWR,li1,121.6700,62.5600,1.799752
_11461_,VPWR,li1,113.8500,68.0000,1.799725
_11460_,VPWR,li1,106.7200,68.0000,1.799713
_11459_,VPWR,li1,126.9600,73.4400,1.799401
_11458_,VPWR,li1,149.2700,68.0000,1.799806
_11457_,VPWR,li1,152.0300,62.5600,1.799804
_11456_,VPWR,li1,154.1000,62.5600,1.799811
_11455_,VPWR,li1,156.8600,62.5600,1.799821
_11454_,VPWR,li1,161.9200,62.5600,1.799841
_11453_,VPWR,li1,155.2500,62.5600,1.799811
_11452_,VPWR,li1,157.5500,57.1200,1.799834
_11451_,VPWR,li1,159.3900,62.5600,1.799830
_11450_,VPWR,li1,159.6200,68.0000,1.799842
_11449_,VPWR,li1,152.7200,57.1200,1.799818
_11448_,VPWR,li1,170.4300,57.1200,1.799879
_11447_,VPWR,li1,102.8100,68.0000,1.799709
_11446_,VPWR,li1,141.2200,73.4400,1.799365
_11445_,VPWR,li1,113.3900,46.2400,1.797599
_11444_,VPWR,li1,116.1500,46.2400,1.797556
_11443_,VPWR,li1,97.9800,57.1200,1.799695
_11442_,VPWR,li1,108.7900,46.2400,1.797682
_11441_,VPWR,li1,105.1100,46.2400,1.797759
_11440_,VPWR,li1,106.0300,46.2400,1.797759
_11439_,VPWR,li1,100.5100,46.2400,1.797895
_11438_,VPWR,li1,103.5000,46.2400,1.797814
_11437_,VPWR,li1,97.7500,51.6800,1.799612
_11436_,VPWR,li1,91.7700,51.6800,1.799632
_11435_,VPWR,li1,94.0700,51.6800,1.799624
_11434_,VPWR,li1,86.0200,62.5600,1.799771
_11433_,VPWR,li1,88.5500,51.6800,1.799643
_11432_,VPWR,li1,81.6500,51.6800,1.799670
_11431_,VPWR,li1,84.4100,46.2400,1.798225
_11430_,VPWR,li1,81.1900,51.6800,1.799670
_11429_,VPWR,li1,84.6400,51.6800,1.799663
_11428_,VPWR,li1,77.7400,57.1200,1.799705
_11427_,VPWR,li1,68.3100,51.6800,1.799727
_11426_,VPWR,li1,82.3400,57.1200,1.799700
_11425_,VPWR,li1,103.7300,51.6800,1.799595
_11424_,VPWR,li1,112.4700,57.1200,1.799716
_11423_,VPWR,li1,104.4200,57.1200,1.799702
_11422_,VPWR,li1,110.1700,57.1200,1.799711
_11421_,VPWR,li1,112.9300,62.5600,1.799747
_11420_,VPWR,li1,114.5400,62.5600,1.799748
_11419_,VPWR,li1,60.4900,57.1200,1.799734
_11418_,VPWR,li1,92.9200,68.0000,1.799710
_11417_,VPWR,li1,101.4300,40.8000,1.798754
_11416_,VPWR,li1,104.4200,40.8000,1.798717
_11415_,VPWR,li1,63.0200,57.1200,1.799725
_11414_,VPWR,li1,50.8300,46.2400,1.799004
_11413_,VPWR,li1,47.6100,46.2400,1.799094
_11412_,VPWR,li1,48.3000,40.8000,1.799450
_11411_,VPWR,li1,45.3100,46.2400,1.799140
_11410_,VPWR,li1,43.4700,46.2400,1.799204
_11409_,VPWR,li1,45.5400,46.2400,1.799140
_11408_,VPWR,li1,59.5700,46.2400,1.798814
_11407_,VPWR,li1,57.2700,46.2400,1.798863
_11406_,VPWR,li1,61.4100,46.2400,1.798755
_11405_,VPWR,li1,62.7900,51.6800,1.799747
_11404_,VPWR,li1,63.4800,46.2400,1.798706
_11403_,VPWR,li1,52.4400,51.6800,1.799793
_11402_,VPWR,li1,47.1500,46.2400,1.799094
_11401_,VPWR,li1,43.2400,40.8000,1.799511
_11400_,VPWR,li1,42.7800,46.2400,1.799204
_11399_,VPWR,li1,40.7100,35.3600,1.799603
_11398_,VPWR,li1,25.5300,35.3600,1.799801
_11397_,VPWR,li1,28.2900,35.3600,1.799764
_11396_,VPWR,li1,21.3900,40.8000,1.799847
_11395_,VPWR,li1,20.4700,46.2400,1.799741
_11394_,VPWR,li1,20.9300,46.2400,1.799741
_11393_,VPWR,li1,24.1500,46.2400,1.799682
_11392_,VPWR,li1,24.8400,51.6800,1.799929
_11391_,VPWR,li1,30.5900,57.1200,1.799879
_11390_,VPWR,li1,22.0800,51.6800,1.799945
_11389_,VPWR,li1,37.0300,35.3600,1.799650
_11388_,VPWR,li1,37.4900,57.1200,1.799839
_11387_,VPWR,li1,37.0300,62.5600,1.799904
_11386_,VPWR,li1,177.3300,89.7600,1.798933
_11385_,VPWR,li1,175.4900,89.7600,1.798978
_11384_,VPWR,li1,168.8200,95.2000,1.798480
_11383_,VPWR,li1,179.1700,149.6000,1.798152
_11382_,VPWR,li1,178.4800,144.1600,1.798708
_11381_,VPWR,li1,182.3900,149.6000,1.797955
_11380_,VPWR,li1,180.5500,155.0400,1.799176
_11379_,VPWR,li1,184.6900,149.6000,1.797859
_11378_,VPWR,li1,171.3500,95.2000,1.798599
_11377_,VPWR,li1,169.0500,100.6400,1.799131
_11376_,VPWR,li1,170.8900,100.6400,1.799198
_11375_,VPWR,li1,171.1200,116.9600,1.799305
_11374_,VPWR,li1,164.9100,100.6400,1.798972
_11373_,VPWR,li1,165.3700,95.2000,1.798418
_11372_,VPWR,li1,163.0700,95.2000,1.798363
_11371_,VPWR,li1,163.9900,95.2000,1.798363
_11370_,VPWR,li1,164.6800,106.0800,1.799224
_11369_,VPWR,li1,162.1500,89.7600,1.798350
_11368_,VPWR,li1,153.4100,89.7600,1.798313
_11367_,VPWR,li1,154.1000,84.3200,1.797844
_11366_,VPWR,li1,155.9400,95.2000,1.798325
_11365_,VPWR,li1,149.2700,84.3200,1.797833
_11364_,VPWR,li1,144.6700,84.3200,1.797852
_11363_,VPWR,li1,147.6600,84.3200,1.797843
_11362_,VPWR,li1,141.4500,84.3200,1.797866
_11361_,VPWR,li1,143.9800,84.3200,1.797852
_11360_,VPWR,li1,140.9900,78.8800,1.799493
_11359_,VPWR,li1,137.7700,78.8800,1.799477
_11358_,VPWR,li1,138.6900,73.4400,1.799372
_11357_,VPWR,li1,136.6200,89.7600,1.798464
_11356_,VPWR,li1,133.6300,78.8800,1.799457
_11355_,VPWR,li1,130.8700,78.8800,1.799448
_11354_,VPWR,li1,132.2500,73.4400,1.799383
_11353_,VPWR,li1,128.5700,78.8800,1.799439
_11352_,VPWR,li1,126.5000,78.8800,1.799430
_11351_,VPWR,li1,127.1900,73.4400,1.799396
_11350_,VPWR,li1,123.5100,73.4400,1.799406
_11349_,VPWR,li1,124.4300,68.0000,1.799741
_11348_,VPWR,li1,122.8200,84.3200,1.798008
_11347_,VPWR,li1,132.0200,84.3200,1.797932
_11346_,VPWR,li1,163.5300,73.4400,1.799576
_11345_,VPWR,li1,168.5900,73.4400,1.799662
_11344_,VPWR,li1,170.6600,73.4400,1.799704
_11343_,VPWR,li1,168.3600,73.4400,1.799662
_11342_,VPWR,li1,164.4500,68.0000,1.799861
_11341_,VPWR,li1,167.6700,62.5600,1.799864
_11340_,VPWR,li1,171.3500,62.5600,1.799879
_11339_,VPWR,li1,175.4900,62.5600,1.799896
_11338_,VPWR,li1,171.3500,62.5600,1.799879
_11337_,VPWR,li1,171.3500,57.1200,1.799879
_11336_,VPWR,li1,156.6300,68.0000,1.799832
_11335_,VPWR,li1,162.3800,68.0000,1.799853
_11334_,VPWR,li1,156.6300,68.0000,1.799832
_11333_,VPWR,li1,94.3000,84.3200,1.798253
_11332_,VPWR,li1,144.4400,95.2000,1.798363
_11331_,VPWR,li1,100.9700,78.8800,1.799348
_11330_,VPWR,li1,103.7300,78.8800,1.799351
_11329_,VPWR,li1,100.7400,84.3200,1.798155
_11328_,VPWR,li1,97.7500,62.5600,1.799744
_11327_,VPWR,li1,97.7500,68.0000,1.799706
_11326_,VPWR,li1,98.9000,73.4400,1.799477
_11325_,VPWR,li1,95.9100,68.0000,1.799708
_11324_,VPWR,li1,100.7400,68.0000,1.799708
_11323_,VPWR,li1,99.1300,68.0000,1.799706
_11322_,VPWR,li1,89.9300,68.0000,1.799714
_11321_,VPWR,li1,90.3900,68.0000,1.799714
_11320_,VPWR,li1,86.9400,73.4400,1.799518
_11319_,VPWR,li1,85.7900,68.0000,1.799719
_11318_,VPWR,li1,87.8600,62.5600,1.799765
_11317_,VPWR,li1,84.8700,62.5600,1.799771
_11316_,VPWR,li1,80.7300,62.5600,1.799781
_11315_,VPWR,li1,83.7200,62.5600,1.799775
_11314_,VPWR,li1,77.7400,62.5600,1.799791
_11313_,VPWR,li1,68.5400,62.5600,1.799813
_11312_,VPWR,li1,85.1000,68.0000,1.799722
_11311_,VPWR,li1,104.1900,68.0000,1.799709
_11310_,VPWR,li1,109.2500,68.0000,1.799717
_11309_,VPWR,li1,110.1700,68.0000,1.799717
_11308_,VPWR,li1,112.2400,62.5600,1.799747
_11307_,VPWR,li1,116.8400,68.0000,1.799730
_11306_,VPWR,li1,115.0000,68.0000,1.799725
_11305_,VPWR,li1,108.3300,78.8800,1.799365
_11304_,VPWR,li1,55.2000,68.0000,1.799776
_11303_,VPWR,li1,92.4600,73.4400,1.799498
_11302_,VPWR,li1,92.6900,57.1200,1.799690
_11301_,VPWR,li1,95.6800,57.1200,1.799692
_11300_,VPWR,li1,60.7200,68.0000,1.799763
_11299_,VPWR,li1,65.0900,57.1200,1.799718
_11298_,VPWR,li1,59.5700,57.1200,1.799734
_11297_,VPWR,li1,58.6500,57.1200,1.799741
_11296_,VPWR,li1,55.8900,57.1200,1.799748
_11295_,VPWR,li1,53.1300,57.1200,1.799759
_11294_,VPWR,li1,54.5100,51.6800,1.799784
_11293_,VPWR,li1,62.5600,46.2400,1.798755
_11292_,VPWR,li1,65.5500,46.2400,1.798658
_11291_,VPWR,li1,65.7800,46.2400,1.798658
_11290_,VPWR,li1,67.3900,51.6800,1.799727
_11289_,VPWR,li1,65.7800,68.0000,1.799753
_11288_,VPWR,li1,23.0000,57.1200,1.799924
_11287_,VPWR,li1,56.1200,62.5600,1.799845
_11286_,VPWR,li1,48.5300,57.1200,1.799779
_11285_,VPWR,li1,51.2900,57.1200,1.799767
_11284_,VPWR,li1,45.0800,62.5600,1.799883
_11283_,VPWR,li1,46.2300,57.1200,1.799791
_11282_,VPWR,li1,43.4700,51.6800,1.799835
_11281_,VPWR,li1,38.4100,51.6800,1.799862
_11280_,VPWR,li1,38.8700,51.6800,1.799862
_11279_,VPWR,li1,33.8100,51.6800,1.799884
_11278_,VPWR,li1,36.5700,51.6800,1.799871
_11277_,VPWR,li1,28.2900,51.6800,1.799911
_11276_,VPWR,li1,26.4500,46.2400,1.799623
_11275_,VPWR,li1,22.5400,51.6800,1.799945
_11274_,VPWR,li1,26.2200,51.6800,1.799929
_11273_,VPWR,li1,32.6600,57.1200,1.799867
_11272_,VPWR,li1,13.8000,51.6800,1.799945
_11271_,VPWR,li1,39.3300,57.1200,1.799828
_11270_,VPWR,li1,40.4800,57.1200,1.799828
_11269_,VPWR,li1,36.8000,78.8800,1.799787
_11268_,VPWR,li1,35.6500,57.1200,1.799853
_11267_,VPWR,li1,34.2700,62.5600,1.799913
_11266_,VPWR,li1,32.6600,62.5600,1.799920
_11265_,VPWR,li1,158.0100,89.7600,1.798314
_11264_,VPWR,li1,164.4500,89.7600,1.798412
_11263_,VPWR,li1,177.1000,95.2000,1.799059
_11262_,VPWR,li1,153.1800,100.6400,1.798864
_11261_,VPWR,li1,189.7500,144.1600,1.798230
_11260_,VPWR,li1,192.7400,149.6000,1.797650
_11259_,VPWR,li1,182.8500,144.1600,1.798375
_11258_,VPWR,li1,181.9300,138.7200,1.799302
_11257_,VPWR,li1,169.9700,122.4000,1.799254
_11256_,VPWR,li1,167.2100,116.9600,1.799203
_11255_,VPWR,li1,166.7500,116.9600,1.799165
_11254_,VPWR,li1,165.3700,122.4000,1.799207
_11253_,VPWR,li1,164.9100,106.0800,1.799224
_11252_,VPWR,li1,160.7700,106.0800,1.799163
_11251_,VPWR,li1,157.0900,106.0800,1.799165
_11250_,VPWR,li1,157.0900,116.9600,1.799020
_11249_,VPWR,li1,156.6300,100.6400,1.798878
_11248_,VPWR,li1,151.1100,95.2000,1.798321
_11247_,VPWR,li1,149.7300,89.7600,1.798357
_11246_,VPWR,li1,100.5100,95.2000,1.798723
_11245_,VPWR,li1,102.3500,84.3200,1.798155
_11244_,VPWR,li1,98.2100,84.3200,1.798196
_11243_,VPWR,li1,95.4500,84.3200,1.798253
_11242_,VPWR,li1,92.2300,84.3200,1.798304
_11241_,VPWR,li1,92.6900,89.7600,1.798918
_11240_,VPWR,li1,92.2300,78.8800,1.799397
_11239_,VPWR,li1,88.0900,78.8800,1.799423
_11238_,VPWR,li1,88.5500,73.4400,1.799518
_11237_,VPWR,li1,84.1800,89.7600,1.799017
_11236_,VPWR,li1,83.4900,78.8800,1.799459
_11235_,VPWR,li1,79.8100,73.4400,1.799544
_11234_,VPWR,li1,84.6400,73.4400,1.799526
_11233_,VPWR,li1,78.4300,73.4400,1.799554
_11232_,VPWR,li1,75.6700,68.0000,1.799736
_11231_,VPWR,li1,78.6600,68.0000,1.799731
_11230_,VPWR,li1,72.2200,78.8800,1.799526
_11229_,VPWR,li1,80.0400,78.8800,1.799474
_11228_,VPWR,li1,114.3100,78.8800,1.799385
_11227_,VPWR,li1,114.0800,78.8800,1.799378
_11226_,VPWR,li1,116.3800,78.8800,1.799392
_11225_,VPWR,li1,110.6300,78.8800,1.799372
_11224_,VPWR,li1,108.3300,73.4400,1.799454
_11223_,VPWR,li1,110.1700,73.4400,1.799447
_11222_,VPWR,li1,106.9500,78.8800,1.799357
_11221_,VPWR,li1,110.6300,78.8800,1.799372
_11220_,VPWR,li1,110.1700,84.3200,1.798097
_11219_,VPWR,li1,117.0700,78.8800,1.799392
_11218_,VPWR,li1,119.6000,78.8800,1.799404
_11217_,VPWR,li1,123.0500,78.8800,1.799412
_11216_,VPWR,li1,124.4300,78.8800,1.799422
_11215_,VPWR,li1,120.2900,78.8800,1.799404
_11214_,VPWR,li1,58.8800,84.3200,1.798928
_11213_,VPWR,li1,92.0000,89.7600,1.798918
_11212_,VPWR,li1,97.7500,84.3200,1.798196
_11211_,VPWR,li1,66.7000,84.3200,1.798790
_11210_,VPWR,li1,62.7900,73.4400,1.799615
_11209_,VPWR,li1,57.7300,73.4400,1.799654
_11208_,VPWR,li1,54.9700,73.4400,1.799669
_11207_,VPWR,li1,55.4300,68.0000,1.799776
_11206_,VPWR,li1,54.0500,62.5600,1.799851
_11205_,VPWR,li1,65.0900,62.5600,1.799821
_11204_,VPWR,li1,65.5500,62.5600,1.799821
_11203_,VPWR,li1,71.3000,62.5600,1.799807
_11202_,VPWR,li1,67.8500,68.0000,1.799749
_11201_,VPWR,li1,71.7600,68.0000,1.799745
_11200_,VPWR,li1,50.6000,73.4400,1.799688
_11199_,VPWR,li1,53.5900,73.4400,1.799669
_11198_,VPWR,li1,20.2400,68.0000,1.799939
_11197_,VPWR,li1,57.0400,78.8800,1.799637
_11196_,VPWR,li1,48.5300,68.0000,1.799798
_11195_,VPWR,li1,50.8300,68.0000,1.799791
_11194_,VPWR,li1,41.8600,78.8800,1.799744
_11193_,VPWR,li1,46.2300,68.0000,1.799808
_11192_,VPWR,li1,21.3900,62.5600,1.799958
_11191_,VPWR,li1,16.7900,62.5600,1.799955
_11190_,VPWR,li1,20.9300,57.1200,1.799936
_11189_,VPWR,li1,14.4900,57.1200,1.799935
_11188_,VPWR,li1,10.3500,57.1200,1.799934
_11187_,VPWR,li1,10.8100,51.6800,1.799945
_11186_,VPWR,li1,16.7900,57.1200,1.799935
_11185_,VPWR,li1,8.0500,57.1200,1.799934
_11184_,VPWR,li1,23.4600,62.5600,1.799950
_11183_,VPWR,li1,13.3400,62.5600,1.799953
_11182_,VPWR,li1,42.0900,68.0000,1.799828
_11181_,VPWR,li1,43.0100,68.0000,1.799828
_11180_,VPWR,li1,38.6400,68.0000,1.799848
_11179_,VPWR,li1,37.4900,68.0000,1.799848
_11178_,VPWR,li1,33.3500,68.0000,1.799869
_11177_,VPWR,li1,30.5900,62.5600,1.799926
_11176_,VPWR,li1,33.8100,62.5600,1.799920
_11175_,VPWR,li1,29.2100,68.0000,1.799899
_11174_,VPWR,li1,25.7600,68.0000,1.799915
_11173_,VPWR,li1,150.6500,100.6400,1.798856
_11172_,VPWR,li1,150.8800,100.6400,1.798856
_11171_,VPWR,li1,146.0500,100.6400,1.798859
_11170_,VPWR,li1,145.5900,95.2000,1.798348
_11169_,VPWR,li1,141.4500,95.2000,1.798378
_11168_,VPWR,li1,142.8300,100.6400,1.798864
_11167_,VPWR,li1,139.1500,95.2000,1.798397
_11166_,VPWR,li1,141.2200,106.0800,1.799209
_11165_,VPWR,li1,136.8500,95.2000,1.798417
_11164_,VPWR,li1,132.7100,89.7600,1.798505
_11163_,VPWR,li1,134.0900,95.2000,1.798438
_11162_,VPWR,li1,132.2500,89.7600,1.798505
_11161_,VPWR,li1,128.5700,84.3200,1.797956
_11160_,VPWR,li1,129.9500,84.3200,1.797956
_11159_,VPWR,li1,125.5800,89.7600,1.798570
_11158_,VPWR,li1,115.4600,89.7600,1.798677
_11157_,VPWR,li1,132.9400,100.6400,1.798887
_11156_,VPWR,li1,175.0300,95.2000,1.799062
_11155_,VPWR,li1,178.2500,95.2000,1.799059
_11154_,VPWR,li1,181.2400,95.2000,1.799054
_11153_,VPWR,li1,179.4000,100.6400,1.799345
_11152_,VPWR,li1,177.7900,78.8800,1.799819
_11151_,VPWR,li1,174.5700,78.8800,1.799827
_11150_,VPWR,li1,176.4100,78.8800,1.799819
_11149_,VPWR,li1,174.3400,78.8800,1.799827
_11148_,VPWR,li1,168.1300,78.8800,1.799728
_11147_,VPWR,li1,169.2800,78.8800,1.799761
_11146_,VPWR,li1,174.1100,73.4400,1.799750
_11145_,VPWR,li1,176.6400,68.0000,1.799889
_11144_,VPWR,li1,174.5700,68.0000,1.799901
_11143_,VPWR,li1,180.7800,68.0000,1.799872
_11142_,VPWR,li1,174.5700,68.0000,1.799901
_11141_,VPWR,li1,176.6400,68.0000,1.799889
_11140_,VPWR,li1,178.2500,62.5600,1.799880
_11139_,VPWR,li1,174.3400,57.1200,1.799894
_11138_,VPWR,li1,98.9000,100.6400,1.798995
_11137_,VPWR,li1,148.5800,106.0800,1.799186
_11136_,VPWR,li1,161.2300,106.0800,1.799163
_11135_,VPWR,li1,163.0700,111.5200,1.799841
_11134_,VPWR,li1,165.1400,111.5200,1.799860
_11133_,VPWR,li1,174.3400,111.5200,1.799899
_11132_,VPWR,li1,191.1300,149.6000,1.797650
_11131_,VPWR,li1,183.7700,155.0400,1.799134
_11130_,VPWR,li1,178.2500,155.0400,1.799242
_11129_,VPWR,li1,176.8700,155.0400,1.799242
_11128_,VPWR,li1,188.3700,149.6000,1.797700
_11127_,VPWR,li1,192.5100,144.1600,1.798229
_11126_,VPWR,li1,188.3700,149.6000,1.797700
_11125_,VPWR,li1,162.6100,149.6000,1.798183
_11124_,VPWR,li1,183.7700,144.1600,1.798375
_11123_,VPWR,li1,181.0100,138.7200,1.799338
_11122_,VPWR,li1,184.6900,138.7200,1.799271
_11121_,VPWR,li1,155.7100,138.7200,1.799374
_11120_,VPWR,li1,167.6700,127.8400,1.799338
_11119_,VPWR,li1,161.6900,127.8400,1.799242
_11118_,VPWR,li1,162.3800,122.4000,1.799198
_11117_,VPWR,li1,148.5800,127.8400,1.799204
_11116_,VPWR,li1,157.5500,116.9600,1.799020
_11115_,VPWR,li1,145.1300,116.9600,1.798967
_11114_,VPWR,li1,148.8100,116.9600,1.798978
_11113_,VPWR,li1,104.4200,116.9600,1.799067
_11112_,VPWR,li1,101.4300,100.6400,1.798970
_11111_,VPWR,li1,97.2900,95.2000,1.798775
_11110_,VPWR,li1,97.7500,100.6400,1.798995
_11109_,VPWR,li1,98.4400,95.2000,1.798745
_11108_,VPWR,li1,62.5600,100.6400,1.799347
_11107_,VPWR,li1,66.9300,89.7600,1.799220
_11106_,VPWR,li1,62.7900,84.3200,1.798849
_11105_,VPWR,li1,60.0300,84.3200,1.798928
_11104_,VPWR,li1,60.0300,89.7600,1.799296
_11103_,VPWR,li1,60.4900,78.8800,1.799608
_11102_,VPWR,li1,60.0300,78.8800,1.799608
_11101_,VPWR,li1,51.7500,78.8800,1.799669
_11100_,VPWR,li1,52.2100,78.8800,1.799669
_11099_,VPWR,li1,48.0700,78.8800,1.799707
_11098_,VPWR,li1,49.4500,84.3200,1.799125
_11097_,VPWR,li1,53.5900,78.8800,1.799655
_11096_,VPWR,li1,48.5300,78.8800,1.799693
_11095_,VPWR,li1,51.0600,84.3200,1.799125
_11094_,VPWR,li1,67.8500,78.8800,1.799555
_11093_,VPWR,li1,67.8500,78.8800,1.799555
_11092_,VPWR,li1,70.6100,78.8800,1.799543
_11091_,VPWR,li1,69.2300,78.8800,1.799555
_11090_,VPWR,li1,69.4600,73.4400,1.799586
_11089_,VPWR,li1,64.6300,78.8800,1.799577
_11088_,VPWR,li1,20.9300,89.7600,1.799848
_11087_,VPWR,li1,60.9500,95.2000,1.799252
_11086_,VPWR,li1,46.2300,84.3200,1.799192
_11085_,VPWR,li1,46.0000,84.3200,1.799234
_11084_,VPWR,li1,39.5600,95.2000,1.799567
_11083_,VPWR,li1,43.0100,73.4400,1.799737
_11082_,VPWR,li1,23.2300,73.4400,1.799905
_11081_,VPWR,li1,21.8500,73.4400,1.799905
_11080_,VPWR,li1,17.2500,73.4400,1.799902
_11079_,VPWR,li1,14.0300,68.0000,1.799936
_11078_,VPWR,li1,9.8900,62.5600,1.799953
_11077_,VPWR,li1,7.5900,62.5600,1.799953
_11076_,VPWR,li1,14.4900,57.1200,1.799935
_11075_,VPWR,li1,15.4100,62.5600,1.799954
_11074_,VPWR,li1,20.9300,78.8800,1.799911
_11073_,VPWR,li1,11.7300,73.4400,1.799900
_11072_,VPWR,li1,40.2500,73.4400,1.799757
_11071_,VPWR,li1,39.3300,73.4400,1.799775
_11070_,VPWR,li1,37.7200,84.3200,1.799386
_11069_,VPWR,li1,34.2700,73.4400,1.799804
_11068_,VPWR,li1,34.7300,68.0000,1.799869
_11067_,VPWR,li1,30.1300,73.4400,1.799837
_11066_,VPWR,li1,25.5300,68.0000,1.799915
_11065_,VPWR,li1,22.7700,68.0000,1.799925
_11064_,VPWR,li1,28.5200,68.0000,1.799899
_11063_,VPWR,li1,33.3500,84.3200,1.799497
_11062_,VPWR,li1,30.5900,84.3200,1.799556
_11061_,VPWR,li1,95.9100,100.6400,1.799010
_11060_,VPWR,li1,92.2300,100.6400,1.799043
_11059_,VPWR,li1,92.9200,100.6400,1.799043
_11058_,VPWR,li1,90.3900,95.2000,1.798846
_11057_,VPWR,li1,87.1700,89.7600,1.798971
_11056_,VPWR,li1,89.9300,89.7600,1.798941
_11055_,VPWR,li1,85.5600,100.6400,1.799116
_11054_,VPWR,li1,81.1900,89.7600,1.799038
_11053_,VPWR,li1,78.8900,89.7600,1.799064
_11052_,VPWR,li1,81.8800,89.7600,1.799038
_11051_,VPWR,li1,77.5100,84.3200,1.798567
_11050_,VPWR,li1,75.2100,84.3200,1.798624
_11049_,VPWR,li1,78.2000,84.3200,1.798567
_11048_,VPWR,li1,72.4500,89.7600,1.799139
_11047_,VPWR,li1,80.0400,95.2000,1.798999
_11046_,VPWR,li1,114.7700,89.7600,1.798677
_11045_,VPWR,li1,111.0900,89.7600,1.798716
_11044_,VPWR,li1,111.5500,89.7600,1.798716
_11043_,VPWR,li1,111.0900,100.6400,1.798942
_11042_,VPWR,li1,112.9300,95.2000,1.798617
_11041_,VPWR,li1,108.1000,89.7600,1.798757
_11040_,VPWR,li1,107.1800,89.7600,1.798757
_11039_,VPWR,li1,109.7100,89.7600,1.798735
_11038_,VPWR,li1,108.3300,84.3200,1.798112
_11037_,VPWR,li1,108.3300,95.2000,1.798658
_11036_,VPWR,li1,119.8300,89.7600,1.798627
_11035_,VPWR,li1,123.2800,89.7600,1.798608
_11034_,VPWR,li1,123.5100,95.2000,1.798539
_11033_,VPWR,li1,123.0500,89.7600,1.798608
_11032_,VPWR,li1,126.2700,89.7600,1.798570
_11031_,VPWR,li1,56.1200,100.6400,1.799420
_11030_,VPWR,li1,95.2200,106.0800,1.799410
_11029_,VPWR,li1,153.4100,116.9600,1.798994
_11028_,VPWR,li1,157.0900,111.5200,1.799822
_11027_,VPWR,li1,153.4100,111.5200,1.799804
_11026_,VPWR,li1,154.3300,111.5200,1.799811
_11025_,VPWR,li1,150.1900,111.5200,1.799798
_11024_,VPWR,li1,144.2100,111.5200,1.799788
_11023_,VPWR,li1,145.1300,106.0800,1.799200
_11022_,VPWR,li1,143.5200,122.4000,1.799209
_11021_,VPWR,li1,139.6100,106.0800,1.799216
_11020_,VPWR,li1,136.3900,106.0800,1.799227
_11019_,VPWR,li1,139.1500,106.0800,1.799216
_11018_,VPWR,li1,136.3900,100.6400,1.798878
_11017_,VPWR,li1,129.4900,100.6400,1.798894
_11016_,VPWR,li1,130.8700,95.2000,1.798477
_11015_,VPWR,li1,127.1900,100.6400,1.798901
_11014_,VPWR,li1,129.0300,111.5200,1.799769
_11013_,VPWR,li1,131.3300,106.0800,1.799247
_11012_,VPWR,li1,118.2200,106.0800,1.799302
_11011_,VPWR,li1,134.3200,111.5200,1.799775
_11010_,VPWR,li1,170.8900,111.5200,1.799889
_11009_,VPWR,li1,175.9500,111.5200,1.799910
_11008_,VPWR,li1,178.7100,111.5200,1.799903
_11007_,VPWR,li1,180.7800,111.5200,1.799892
_11006_,VPWR,li1,179.1700,100.6400,1.799345
_11005_,VPWR,li1,175.9500,106.0800,1.799605
_11004_,VPWR,li1,175.7200,100.6400,1.799396
_11003_,VPWR,li1,175.0300,100.6400,1.799396
_11002_,VPWR,li1,182.8500,100.6400,1.799300
_11001_,VPWR,li1,183.7700,100.6400,1.799300
_11000_,VPWR,li1,188.8300,106.0800,1.799559
_10999_,VPWR,li1,181.9300,73.4400,1.799775
_10998_,VPWR,li1,184.2300,73.4400,1.799769
_10997_,VPWR,li1,183.7700,68.0000,1.799847
_10996_,VPWR,li1,177.7900,73.4400,1.799786
_10995_,VPWR,li1,174.1100,62.5600,1.799886
_10994_,VPWR,li1,185.3800,73.4400,1.799769
_10993_,VPWR,li1,102.1200,111.5200,1.799753
_10992_,VPWR,li1,150.8800,122.4000,1.799200
_10991_,VPWR,li1,167.2100,127.8400,1.799338
_10990_,VPWR,li1,165.3700,127.8400,1.799306
_10989_,VPWR,li1,162.6100,127.8400,1.799242
_10988_,VPWR,li1,174.8000,127.8400,1.799605
_10987_,VPWR,li1,169.2800,144.1600,1.798851
_10986_,VPWR,li1,183.3100,155.0400,1.799134
_10985_,VPWR,li1,180.3200,155.0400,1.799176
_10984_,VPWR,li1,184.2300,149.6000,1.797859
_10983_,VPWR,li1,166.2900,149.6000,1.798268
_10982_,VPWR,li1,165.1400,160.4800,1.799422
_10981_,VPWR,li1,165.6000,155.0400,1.799068
_10980_,VPWR,li1,152.2600,155.0400,1.798871
_10979_,VPWR,li1,161.0000,149.6000,1.798138
_10978_,VPWR,li1,156.1700,144.1600,1.798629
_10977_,VPWR,li1,157.3200,149.6000,1.798083
_10976_,VPWR,li1,154.5600,144.1600,1.798595
_10975_,VPWR,li1,156.8600,144.1600,1.798629
_10974_,VPWR,li1,145.1300,138.7200,1.799358
_10973_,VPWR,li1,149.0400,138.7200,1.799358
_10972_,VPWR,li1,145.8200,133.2800,1.799729
_10971_,VPWR,li1,151.8000,133.2800,1.799753
_10970_,VPWR,li1,105.5700,122.4000,1.799297
_10969_,VPWR,li1,106.7200,127.8400,1.799274
_10968_,VPWR,li1,103.9600,116.9600,1.799068
_10967_,VPWR,li1,107.1800,116.9600,1.799057
_10966_,VPWR,li1,62.3300,111.5200,1.799809
_10965_,VPWR,li1,63.4800,116.9600,1.799379
_10964_,VPWR,li1,62.1000,106.0800,1.799597
_10963_,VPWR,li1,64.4000,106.0800,1.799579
_10962_,VPWR,li1,38.4100,100.6400,1.799634
_10961_,VPWR,li1,39.5600,100.6400,1.799634
_10960_,VPWR,li1,40.4800,95.2000,1.799533
_10959_,VPWR,li1,38.1800,95.2000,1.799567
_10958_,VPWR,li1,20.9300,89.7600,1.799848
_10957_,VPWR,li1,13.1100,84.3200,1.799758
_10956_,VPWR,li1,15.4100,84.3200,1.799759
_10955_,VPWR,li1,10.8100,78.8800,1.799905
_10954_,VPWR,li1,13.5700,68.0000,1.799936
_10953_,VPWR,li1,12.6500,73.4400,1.799900
_10952_,VPWR,li1,8.0500,73.4400,1.799900
_10951_,VPWR,li1,14.9500,73.4400,1.799901
_10950_,VPWR,li1,12.1900,89.7600,1.799844
_10949_,VPWR,li1,16.3300,95.2000,1.799834
_10948_,VPWR,li1,36.3400,95.2000,1.799598
_10947_,VPWR,li1,38.1800,89.7600,1.799602
_10946_,VPWR,li1,28.5200,95.2000,1.799713
_10945_,VPWR,li1,39.5600,84.3200,1.799344
_10944_,VPWR,li1,41.8600,84.3200,1.799291
_10943_,VPWR,li1,34.5000,89.7600,1.799654
_10942_,VPWR,li1,36.1100,84.3200,1.799428
_10941_,VPWR,li1,34.0400,78.8800,1.799806
_10940_,VPWR,li1,32.8900,84.3200,1.799497
_10939_,VPWR,li1,30.3600,84.3200,1.799556
_10938_,VPWR,li1,27.3700,89.7600,1.799756
_10937_,VPWR,li1,29.9000,89.7600,1.799720
_10936_,VPWR,li1,25.9900,84.3200,1.799696
_10935_,VPWR,li1,29.2100,78.8800,1.799844
_10934_,VPWR,li1,27.1400,78.8800,1.799861
_10933_,VPWR,li1,20.9300,78.8800,1.799911
_10932_,VPWR,li1,24.1500,78.8800,1.799885
_10931_,VPWR,li1,59.1100,106.0800,1.799614
_10930_,VPWR,li1,59.1100,100.6400,1.799399
_10929_,VPWR,li1,59.8000,100.6400,1.799378
_10928_,VPWR,li1,57.7300,95.2000,1.799294
_10927_,VPWR,li1,54.5100,95.2000,1.799332
_10926_,VPWR,li1,55.4300,89.7600,1.799360
_10925_,VPWR,li1,51.2900,100.6400,1.799478
_10924_,VPWR,li1,50.8300,89.7600,1.799430
_10923_,VPWR,li1,53.1300,89.7600,1.799392
_10922_,VPWR,li1,53.1300,89.7600,1.799392
_10921_,VPWR,li1,48.9900,95.2000,1.799411
_10920_,VPWR,li1,46.2300,89.7600,1.799488
_10919_,VPWR,li1,65.0900,95.2000,1.799186
_10918_,VPWR,li1,69.4600,89.7600,1.799174
_10917_,VPWR,li1,68.0800,95.2000,1.799145
_10916_,VPWR,li1,71.7600,95.2000,1.799117
_10915_,VPWR,li1,65.5500,89.7600,1.799220
_10914_,VPWR,li1,20.7000,106.0800,1.799907
_10913_,VPWR,li1,58.1900,106.0800,1.799627
_10912_,VPWR,li1,99.5900,116.9600,1.799095
_10911_,VPWR,li1,96.8300,111.5200,1.799755
_10910_,VPWR,li1,99.8200,111.5200,1.799753
_10909_,VPWR,li1,97.7500,111.5200,1.799754
_10908_,VPWR,li1,89.9300,111.5200,1.799763
_10907_,VPWR,li1,90.6200,106.0800,1.799433
_10906_,VPWR,li1,93.1500,106.0800,1.799420
_10905_,VPWR,li1,86.9400,116.9600,1.799186
_10904_,VPWR,li1,84.8700,100.6400,1.799116
_10903_,VPWR,li1,80.7300,100.6400,1.799170
_10902_,VPWR,li1,83.4900,100.6400,1.799145
_10901_,VPWR,li1,78.8900,95.2000,1.798999
_10900_,VPWR,li1,75.2100,95.2000,1.799051
_10899_,VPWR,li1,72.2200,95.2000,1.799089
_10898_,VPWR,li1,70.6100,100.6400,1.799273
_10897_,VPWR,li1,80.9600,106.0800,1.799491
_10896_,VPWR,li1,115.2300,106.0800,1.799315
_10895_,VPWR,li1,115.0000,106.0800,1.799323
_10894_,VPWR,li1,111.7800,106.0800,1.799334
_10893_,VPWR,li1,112.4700,106.0800,1.799334
_10892_,VPWR,li1,110.1700,111.5200,1.799756
_10891_,VPWR,li1,111.0900,100.6400,1.798942
_10890_,VPWR,li1,115.6900,100.6400,1.798930
_10889_,VPWR,li1,109.7100,106.0800,1.799345
_10888_,VPWR,li1,106.9500,100.6400,1.798954
_10887_,VPWR,li1,111.0900,95.2000,1.798632
_10886_,VPWR,li1,106.9500,100.6400,1.798954
_10885_,VPWR,li1,123.9700,100.6400,1.798908
_10884_,VPWR,li1,129.9500,100.6400,1.798894
_10883_,VPWR,li1,124.8900,106.0800,1.799274
_10882_,VPWR,li1,123.9700,100.6400,1.798908
_10881_,VPWR,li1,123.5100,95.2000,1.798539
_10880_,VPWR,li1,60.0300,111.5200,1.799815
_10879_,VPWR,li1,92.4600,116.9600,1.799146
_10878_,VPWR,li1,149.2700,133.2800,1.799740
_10877_,VPWR,li1,153.8700,127.8400,1.799215
_10876_,VPWR,li1,152.4900,127.8400,1.799215
_10875_,VPWR,li1,155.2500,127.8400,1.799220
_10874_,VPWR,li1,151.5700,122.4000,1.799198
_10873_,VPWR,li1,147.8900,122.4000,1.799202
_10872_,VPWR,li1,148.8100,122.4000,1.799202
_10871_,VPWR,li1,148.3500,127.8400,1.799204
_10870_,VPWR,li1,127.6500,133.2800,1.799714
_10869_,VPWR,li1,140.9900,122.4000,1.799212
_10868_,VPWR,li1,137.7700,122.4000,1.799218
_10867_,VPWR,li1,139.1500,116.9600,1.798979
_10866_,VPWR,li1,135.0100,116.9600,1.798985
_10865_,VPWR,li1,136.1600,111.5200,1.799777
_10864_,VPWR,li1,132.7100,111.5200,1.799771
_10863_,VPWR,li1,122.8200,106.0800,1.799283
_10862_,VPWR,li1,128.1100,111.5200,1.799767
_10861_,VPWR,li1,126.7300,116.9600,1.799006
_10860_,VPWR,li1,129.4900,122.4000,1.799239
_10859_,VPWR,li1,138.4600,111.5200,1.799780
_10858_,VPWR,li1,116.8400,122.4000,1.799264
_10857_,VPWR,li1,118.2200,127.8400,1.799249
_10856_,VPWR,li1,175.4900,122.4000,1.799507
_10855_,VPWR,li1,177.7900,122.4000,1.799498
_10854_,VPWR,li1,180.0900,122.4000,1.799492
_10853_,VPWR,li1,180.0900,127.8400,1.799586
_10852_,VPWR,li1,181.2400,127.8400,1.799577
_10851_,VPWR,li1,178.7100,116.9600,1.799479
_10850_,VPWR,li1,178.2500,111.5200,1.799903
_10849_,VPWR,li1,174.1100,116.9600,1.799501
_10848_,VPWR,li1,174.8000,111.5200,1.799910
_10847_,VPWR,li1,170.8900,111.5200,1.799889
_10846_,VPWR,li1,187.9100,111.5200,1.799872
_10845_,VPWR,li1,185.1500,111.5200,1.799884
_10844_,VPWR,li1,187.9100,116.9600,1.799436
_10843_,VPWR,li1,187.4500,111.5200,1.799872
_10842_,VPWR,li1,189.7500,111.5200,1.799866
_10841_,VPWR,li1,187.6800,100.6400,1.799243
_10840_,VPWR,li1,185.6100,106.0800,1.799567
_10839_,VPWR,li1,182.3900,106.0800,1.799578
_10838_,VPWR,li1,101.2000,127.8400,1.799300
_10837_,VPWR,li1,137.7700,133.2800,1.799718
_10836_,VPWR,li1,169.5100,144.1600,1.798851
_10835_,VPWR,li1,168.1300,138.7200,1.799473
_10834_,VPWR,li1,165.8300,144.1600,1.798792
_10833_,VPWR,li1,174.8000,138.7200,1.799537
_10832_,VPWR,li1,138.2300,144.1600,1.798541
_10831_,VPWR,li1,182.8500,160.4800,1.799491
_10830_,VPWR,li1,114.3100,187.6800,1.798878
_10829_,VPWR,li1,179.6300,160.4800,1.799526
_10828_,VPWR,li1,172.7300,155.0400,1.799247
_10827_,VPWR,li1,175.4900,155.0400,1.799315
_10826_,VPWR,li1,167.4400,160.4800,1.799459
_10825_,VPWR,li1,169.0500,155.0400,1.799148
_10824_,VPWR,li1,169.7400,149.6000,1.798331
_10823_,VPWR,li1,164.6800,155.0400,1.799023
_10822_,VPWR,li1,156.4000,149.6000,1.798083
_10821_,VPWR,li1,153.4100,149.6000,1.798067
_10820_,VPWR,li1,150.6500,149.6000,1.798061
_10819_,VPWR,li1,146.0500,144.1600,1.798540
_10818_,VPWR,li1,151.1100,149.6000,1.798062
_10817_,VPWR,li1,144.9000,149.6000,1.798083
_10816_,VPWR,li1,143.0600,144.1600,1.798537
_10815_,VPWR,li1,148.5800,144.1600,1.798553
_10814_,VPWR,li1,145.1300,144.1600,1.798540
_10813_,VPWR,li1,104.8800,144.1600,1.798673
_10812_,VPWR,li1,150.1900,144.1600,1.798573
_10811_,VPWR,li1,102.1200,138.7200,1.799515
_10810_,VPWR,li1,103.5000,127.8400,1.799288
_10809_,VPWR,li1,103.7300,122.4000,1.799307
_10808_,VPWR,li1,62.5600,122.4000,1.799560
_10807_,VPWR,li1,105.1100,127.8400,1.799288
_10806_,VPWR,li1,61.4100,122.4000,1.799560
_10805_,VPWR,li1,60.4900,116.9600,1.799404
_10804_,VPWR,li1,57.2700,116.9600,1.799446
_10803_,VPWR,li1,38.1800,116.9600,1.799664
_10802_,VPWR,li1,34.0400,116.9600,1.799700
_10801_,VPWR,li1,33.1200,106.0800,1.799805
_10800_,VPWR,li1,35.4200,106.0800,1.799787
_10799_,VPWR,li1,33.3500,106.0800,1.799805
_10798_,VPWR,li1,28.5200,106.0800,1.799842
_10797_,VPWR,li1,36.5700,100.6400,1.799670
_10796_,VPWR,li1,30.8200,106.0800,1.799823
_10795_,VPWR,li1,24.8400,111.5200,1.799939
_10794_,VPWR,li1,29.9000,100.6400,1.799751
_10793_,VPWR,li1,27.6000,100.6400,1.799775
_10792_,VPWR,li1,20.4700,95.2000,1.799837
_10791_,VPWR,li1,16.7900,95.2000,1.799834
_10790_,VPWR,li1,15.1800,89.7600,1.799845
_10789_,VPWR,li1,8.9700,89.7600,1.799843
_10788_,VPWR,li1,13.1100,84.3200,1.799758
_10787_,VPWR,li1,25.3000,95.2000,1.799763
_10786_,VPWR,li1,23.0000,95.2000,1.799802
_10785_,VPWR,li1,23.4600,100.6400,1.799829
_10784_,VPWR,li1,30.8200,95.2000,1.799678
_10783_,VPWR,li1,28.5200,95.2000,1.799713
_10782_,VPWR,li1,27.3700,89.7600,1.799756
_10781_,VPWR,li1,31.2800,111.5200,1.799917
_10780_,VPWR,li1,28.0600,111.5200,1.799926
_10779_,VPWR,li1,17.7100,106.0800,1.799905
_10778_,VPWR,li1,14.0300,106.0800,1.799903
_10777_,VPWR,li1,14.9500,106.0800,1.799903
_10776_,VPWR,li1,12.1900,100.6400,1.799853
_10775_,VPWR,li1,19.0900,95.2000,1.799835
_10774_,VPWR,li1,10.3500,95.2000,1.799831
_10773_,VPWR,li1,14.9500,100.6400,1.799855
_10772_,VPWR,li1,12.6500,111.5200,1.799953
_10771_,VPWR,li1,14.9500,116.9600,1.799861
_10770_,VPWR,li1,51.5200,116.9600,1.799511
_10769_,VPWR,li1,53.3600,111.5200,1.799835
_10768_,VPWR,li1,58.4200,111.5200,1.799823
_10767_,VPWR,li1,53.5900,111.5200,1.799835
_10766_,VPWR,li1,52.9000,106.0800,1.799658
_10765_,VPWR,li1,55.2000,106.0800,1.799641
_10764_,VPWR,li1,50.6000,106.0800,1.799675
_10763_,VPWR,li1,52.9000,106.0800,1.799658
_10762_,VPWR,li1,42.0900,106.0800,1.799738
_10761_,VPWR,li1,48.9900,100.6400,1.799506
_10760_,VPWR,li1,48.9900,100.6400,1.799506
_10759_,VPWR,li1,46.2300,100.6400,1.799539
_10758_,VPWR,li1,46.6900,95.2000,1.799464
_10757_,VPWR,li1,67.8500,106.0800,1.799568
_10756_,VPWR,li1,70.1500,106.0800,1.799555
_10755_,VPWR,li1,68.5400,106.0800,1.799555
_10754_,VPWR,li1,71.9900,106.0800,1.799540
_10753_,VPWR,li1,67.3900,100.6400,1.799297
_10752_,VPWR,li1,20.2400,122.4000,1.799899
_10751_,VPWR,li1,98.2100,127.8400,1.799316
_10750_,VPWR,li1,94.0700,122.4000,1.799356
_10749_,VPWR,li1,97.0600,122.4000,1.799347
_10748_,VPWR,li1,91.7700,122.4000,1.799370
_10747_,VPWR,li1,88.5500,122.4000,1.799389
_10746_,VPWR,li1,89.7000,116.9600,1.799166
_10745_,VPWR,li1,89.9300,122.4000,1.799389
_10744_,VPWR,li1,82.1100,127.8400,1.799412
_10743_,VPWR,li1,84.8700,116.9600,1.799202
_10742_,VPWR,li1,82.1100,116.9600,1.799228
_10741_,VPWR,li1,84.8700,116.9600,1.799202
_10740_,VPWR,li1,79.8100,111.5200,1.799779
_10739_,VPWR,li1,76.1300,106.0800,1.799512
_10738_,VPWR,li1,84.4100,106.0800,1.799467
_10737_,VPWR,li1,79.8100,106.0800,1.799491
_10736_,VPWR,li1,77.0500,62.5600,1.799791
_10735_,VPWR,li1,72.6800,106.0800,1.799540
_10734_,VPWR,li1,48.5300,116.9600,1.799534
_10733_,VPWR,li1,75.2100,122.4000,1.799481
_10732_,VPWR,li1,114.3100,122.4000,1.799271
_10731_,VPWR,li1,112.4700,116.9600,1.799042
_10730_,VPWR,li1,114.3100,116.9600,1.799035
_10729_,VPWR,li1,77.5100,122.4000,1.799456
_10728_,VPWR,li1,109.7100,116.9600,1.799051
_10727_,VPWR,li1,112.0100,116.9600,1.799042
_10726_,VPWR,li1,110.4000,111.5200,1.799756
_10725_,VPWR,li1,106.9500,111.5200,1.799754
_10724_,VPWR,li1,103.7300,111.5200,1.799753
_10723_,VPWR,li1,126.2700,122.4000,1.799243
_10722_,VPWR,li1,129.4900,122.4000,1.799239
_10721_,VPWR,li1,128.5700,116.9600,1.799000
_10720_,VPWR,li1,125.8100,116.9600,1.799006
_10719_,VPWR,li1,125.8100,122.4000,1.799243
_10718_,VPWR,li1,57.5000,127.8400,1.799572
_10717_,VPWR,li1,92.2300,133.2800,1.799752
_10716_,VPWR,li1,141.4500,144.1600,1.798537
_10715_,VPWR,li1,135.0100,144.1600,1.798549
_10714_,VPWR,li1,136.6200,138.7200,1.799383
_10713_,VPWR,li1,135.0100,138.7200,1.799392
_10712_,VPWR,li1,135.9300,133.2800,1.799717
_10711_,VPWR,li1,130.8700,133.2800,1.799714
_10710_,VPWR,li1,131.7900,133.2800,1.799714
_10709_,VPWR,li1,130.6400,149.6000,1.798211
_10708_,VPWR,li1,127.1900,133.2800,1.799714
_10707_,VPWR,li1,124.4300,133.2800,1.799716
_10706_,VPWR,li1,129.9500,133.2800,1.799714
_10705_,VPWR,li1,119.8300,127.8400,1.799245
_10704_,VPWR,li1,123.5100,138.7200,1.799431
_10703_,VPWR,li1,116.1500,127.8400,1.799255
_10702_,VPWR,li1,117.0700,122.4000,1.799264
_10701_,VPWR,li1,115.4600,127.8400,1.799255
_10700_,VPWR,li1,123.7400,116.9600,1.799011
_10699_,VPWR,li1,124.8900,111.5200,1.799764
_10698_,VPWR,li1,121.4400,111.5200,1.799762
_10697_,VPWR,li1,118.4500,111.5200,1.799761
_10696_,VPWR,li1,120.5200,111.5200,1.799762
_10695_,VPWR,li1,131.3300,111.5200,1.799771
_10694_,VPWR,li1,85.7900,127.8400,1.799390
_10693_,VPWR,li1,99.3600,133.2800,1.799743
_10692_,VPWR,li1,124.6600,144.1600,1.798587
_10691_,VPWR,li1,170.4300,138.7200,1.799497
_10690_,VPWR,li1,174.1100,133.2800,1.799894
_10689_,VPWR,li1,176.8700,133.2800,1.799910
_10688_,VPWR,li1,177.5600,165.9200,1.799907
_10687_,VPWR,li1,176.8700,133.2800,1.799910
_10686_,VPWR,li1,176.6400,127.8400,1.799597
_10685_,VPWR,li1,179.1700,127.8400,1.799586
_10684_,VPWR,li1,182.8500,127.8400,1.799577
_10683_,VPWR,li1,185.1500,127.8400,1.799567
_10682_,VPWR,li1,142.8300,127.8400,1.799210
_10681_,VPWR,li1,187.9100,122.4000,1.799471
_10680_,VPWR,li1,190.2100,122.4000,1.799462
_10679_,VPWR,li1,187.2200,122.4000,1.799471
_10678_,VPWR,li1,184.2300,116.9600,1.799453
_10677_,VPWR,li1,185.6100,116.9600,1.799453
_10676_,VPWR,li1,176.1800,127.8400,1.799605
_10675_,VPWR,li1,175.2600,122.4000,1.799507
_10674_,VPWR,li1,172.2700,138.7200,1.799514
_10673_,VPWR,li1,174.5700,138.7200,1.799537
_10672_,VPWR,li1,164.4500,138.7200,1.799444
_10671_,VPWR,li1,161.4600,138.7200,1.799422
_10670_,VPWR,li1,169.9700,182.2400,1.799841
_10669_,VPWR,li1,97.9800,144.1600,1.798723
_10668_,VPWR,li1,135.0100,155.0400,1.798890
_10667_,VPWR,li1,152.4900,160.4800,1.799315
_10666_,VPWR,li1,149.7300,155.0400,1.798867
_10665_,VPWR,li1,149.7300,155.0400,1.798867
_10664_,VPWR,li1,158.7000,160.4800,1.799358
_10663_,VPWR,li1,110.6300,193.1200,1.799179
_10662_,VPWR,li1,105.3400,193.1200,1.799159
_10661_,VPWR,li1,109.7100,187.6800,1.798846
_10660_,VPWR,li1,117.9900,187.6800,1.798919
_10659_,VPWR,li1,110.6300,182.2400,1.799434
_10658_,VPWR,li1,110.4000,171.3600,1.799578
_10657_,VPWR,li1,112.9300,182.2400,1.799447
_10656_,VPWR,li1,154.3300,160.4800,1.799319
_10655_,VPWR,li1,156.1700,160.4800,1.799335
_10654_,VPWR,li1,156.1700,160.4800,1.799335
_10653_,VPWR,li1,150.1900,160.4800,1.799312
_10652_,VPWR,li1,152.4900,155.0400,1.798871
_10651_,VPWR,li1,105.1100,165.9200,1.799650
_10650_,VPWR,li1,144.6700,155.0400,1.798858
_10649_,VPWR,li1,145.1300,149.6000,1.798083
_10648_,VPWR,li1,123.0500,149.6000,1.798281
_10647_,VPWR,li1,126.0400,149.6000,1.798251
_10646_,VPWR,li1,100.2800,155.0400,1.799090
_10645_,VPWR,li1,100.0500,144.1600,1.798700
_10644_,VPWR,li1,103.2700,144.1600,1.798673
_10643_,VPWR,li1,71.5300,144.1600,1.799021
_10642_,VPWR,li1,67.3900,144.1600,1.799087
_10641_,VPWR,li1,66.7000,144.1600,1.799087
_10640_,VPWR,li1,59.1100,127.8400,1.799558
_10639_,VPWR,li1,59.1100,127.8400,1.799558
_10638_,VPWR,li1,38.4100,127.8400,1.799731
_10637_,VPWR,li1,41.1700,127.8400,1.799707
_10636_,VPWR,li1,34.9600,138.7200,1.799845
_10635_,VPWR,li1,33.3500,122.4000,1.799794
_10634_,VPWR,li1,33.8100,122.4000,1.799794
_10633_,VPWR,li1,29.2100,122.4000,1.799831
_10632_,VPWR,li1,32.4300,116.9600,1.799732
_10631_,VPWR,li1,28.7500,133.2800,1.799927
_10630_,VPWR,li1,25.0700,116.9600,1.799815
_10629_,VPWR,li1,21.8500,116.9600,1.799864
_10628_,VPWR,li1,23.0000,116.9600,1.799864
_10627_,VPWR,li1,21.1600,133.2800,1.799955
_10626_,VPWR,li1,20.4700,111.5200,1.799956
_10625_,VPWR,li1,20.9300,106.0800,1.799907
_10624_,VPWR,li1,26.9100,100.6400,1.799805
_10623_,VPWR,li1,12.1900,116.9600,1.799861
_10622_,VPWR,li1,11.5000,111.5200,1.799953
_10621_,VPWR,li1,9.6600,116.9600,1.799860
_10620_,VPWR,li1,10.8100,106.0800,1.799903
_10619_,VPWR,li1,17.4800,111.5200,1.799955
_10618_,VPWR,li1,25.9900,122.4000,1.799861
_10617_,VPWR,li1,23.0000,122.4000,1.799900
_10616_,VPWR,li1,16.5600,122.4000,1.799898
_10615_,VPWR,li1,20.0100,122.4000,1.799899
_10614_,VPWR,li1,12.6500,116.9600,1.799861
_10613_,VPWR,li1,13.5700,122.4000,1.799897
_10612_,VPWR,li1,9.4300,122.4000,1.799896
_10611_,VPWR,li1,9.8900,116.9600,1.799860
_10610_,VPWR,li1,15.4100,127.8400,1.799896
_10609_,VPWR,li1,54.9700,127.8400,1.799591
_10608_,VPWR,li1,51.2900,127.8400,1.799621
_10607_,VPWR,li1,52.2100,122.4000,1.799637
_10606_,VPWR,li1,51.2900,116.9600,1.799511
_10605_,VPWR,li1,48.3000,116.9600,1.799534
_10604_,VPWR,li1,47.8400,111.5200,1.799859
_10603_,VPWR,li1,44.6200,111.5200,1.799865
_10602_,VPWR,li1,48.7600,111.5200,1.799850
_10601_,VPWR,li1,49.2200,127.8400,1.799646
_10600_,VPWR,li1,42.3200,111.5200,1.799873
_10599_,VPWR,li1,46.2300,111.5200,1.799859
_10598_,VPWR,li1,37.9500,106.0800,1.799768
_10597_,VPWR,li1,38.4100,111.5200,1.799894
_10596_,VPWR,li1,38.4100,106.0800,1.799768
_10595_,VPWR,li1,15.4100,95.2000,1.799834
_10594_,VPWR,li1,45.3100,116.9600,1.799568
_10593_,VPWR,li1,43.0100,116.9600,1.799613
_10592_,VPWR,li1,38.6400,116.9600,1.799664
_10591_,VPWR,li1,41.6300,116.9600,1.799613
_10590_,VPWR,li1,13.5700,100.6400,1.799855
_10589_,VPWR,li1,8.9700,100.6400,1.799853
_10588_,VPWR,li1,54.9700,133.2800,1.799842
_10587_,VPWR,li1,95.4500,144.1600,1.798755
_10586_,VPWR,li1,92.6900,144.1600,1.798777
_10585_,VPWR,li1,90.1600,138.7200,1.799570
_10584_,VPWR,li1,92.6900,138.7200,1.799553
_10583_,VPWR,li1,90.6200,138.7200,1.799561
_10582_,VPWR,li1,90.1600,133.2800,1.799756
_10581_,VPWR,li1,80.9600,133.2800,1.799775
_10580_,VPWR,li1,83.2600,133.2800,1.799771
_10579_,VPWR,li1,82.5700,138.7200,1.799600
_10578_,VPWR,li1,79.3500,138.7200,1.799614
_10577_,VPWR,li1,77.7400,127.8400,1.799439
_10576_,VPWR,li1,78.2000,127.8400,1.799439
_10575_,VPWR,li1,73.6000,127.8400,1.799465
_10574_,VPWR,li1,75.9000,127.8400,1.799450
_10573_,VPWR,li1,74.7500,122.4000,1.799481
_10572_,VPWR,li1,71.9900,122.4000,1.799494
_10571_,VPWR,li1,67.8500,122.4000,1.799519
_10570_,VPWR,li1,71.5300,122.4000,1.799494
_10569_,VPWR,li1,69.2300,127.8400,1.799492
_10568_,VPWR,li1,95.9100,133.2800,1.799746
_10567_,VPWR,li1,97.7500,133.2800,1.799743
_10566_,VPWR,li1,102.3500,133.2800,1.799738
_10565_,VPWR,li1,98.6700,138.7200,1.799530
_10564_,VPWR,li1,111.0900,138.7200,1.799480
_10563_,VPWR,li1,78.8900,116.9600,1.799248
_10562_,VPWR,li1,78.4300,116.9600,1.799264
_10561_,VPWR,li1,71.9900,116.9600,1.799304
_10560_,VPWR,li1,73.3700,111.5200,1.799793
_10559_,VPWR,li1,74.9800,116.9600,1.799279
_10558_,VPWR,li1,71.0700,111.5200,1.799796
_10557_,VPWR,li1,88.5500,133.2800,1.799761
_10556_,VPWR,li1,85.5600,133.2800,1.799765
_10555_,VPWR,li1,81.1900,127.8400,1.799423
_10554_,VPWR,li1,84.4100,133.2800,1.799771
_10553_,VPWR,li1,58.8800,138.7200,1.799725
_10552_,VPWR,li1,85.3300,144.1600,1.798860
_10551_,VPWR,li1,142.3700,155.0400,1.798863
_10550_,VPWR,li1,144.6700,155.0400,1.798858
_10549_,VPWR,li1,137.7700,155.0400,1.798880
_10548_,VPWR,li1,138.2300,155.0400,1.798880
_10547_,VPWR,li1,132.7100,155.0400,1.798898
_10546_,VPWR,li1,132.2500,160.4800,1.799347
_10545_,VPWR,li1,130.4100,155.0400,1.798912
_10544_,VPWR,li1,135.4700,155.0400,1.798890
_10543_,VPWR,li1,131.1000,165.9200,1.799703
_10542_,VPWR,li1,129.9500,149.6000,1.798211
_10541_,VPWR,li1,127.6500,149.6000,1.798233
_10540_,VPWR,li1,128.1100,144.1600,1.798578
_10539_,VPWR,li1,123.9700,144.1600,1.798587
_10538_,VPWR,li1,119.8300,144.1600,1.798608
_10537_,VPWR,li1,121.2100,133.2800,1.799719
_10536_,VPWR,li1,117.9900,133.2800,1.799721
_10535_,VPWR,li1,118.4500,138.7200,1.799450
_10534_,VPWR,li1,119.8300,138.7200,1.799450
_10533_,VPWR,li1,124.4300,160.4800,1.799364
_10532_,VPWR,li1,110.8600,144.1600,1.798640
_10531_,VPWR,li1,163.5300,160.4800,1.799403
_10530_,VPWR,li1,164.4500,165.9200,1.799843
_10529_,VPWR,li1,169.7400,165.9200,1.799882
_10528_,VPWR,li1,167.4400,165.9200,1.799868
_10527_,VPWR,li1,181.0100,165.9200,1.799902
_10526_,VPWR,li1,176.8700,160.4800,1.799577
_10525_,VPWR,li1,174.5700,165.9200,1.799913
_10524_,VPWR,li1,181.2400,171.3600,1.799884
_10523_,VPWR,li1,143.2900,133.2800,1.799723
_10522_,VPWR,li1,138.2300,127.8400,1.799215
_10521_,VPWR,li1,138.2300,127.8400,1.799215
_10520_,VPWR,li1,132.9400,122.4000,1.799228
_10519_,VPWR,li1,133.6300,127.8400,1.799221
_10518_,VPWR,li1,175.0300,176.8000,1.799884
_10517_,VPWR,li1,175.2600,176.8000,1.799884
_10516_,VPWR,li1,169.0500,176.8000,1.799837
_10515_,VPWR,li1,167.6700,176.8000,1.799814
_10514_,VPWR,li1,163.0700,138.7200,1.799422
_10513_,VPWR,li1,159.3900,138.7200,1.799406
_10512_,VPWR,li1,164.4500,133.2800,1.799836
_10511_,VPWR,li1,162.1500,138.7200,1.799422
_10510_,VPWR,li1,158.4700,133.2800,1.799797
_10509_,VPWR,li1,162.1500,133.2800,1.799821
_10508_,VPWR,li1,95.6800,149.6000,1.798662
_10507_,VPWR,li1,140.7600,165.9200,1.799730
_10506_,VPWR,li1,155.2500,165.9200,1.799795
_10505_,VPWR,li1,158.4700,165.9200,1.799815
_10504_,VPWR,li1,148.5800,171.3600,1.799761
_10503_,VPWR,li1,102.3500,193.1200,1.799148
_10502_,VPWR,li1,92.4600,193.1200,1.799160
_10501_,VPWR,li1,97.7500,193.1200,1.799151
_10500_,VPWR,li1,103.7300,193.1200,1.799148
_10499_,VPWR,li1,102.3500,187.6800,1.798851
_10498_,VPWR,li1,105.5700,187.6800,1.798848
_10497_,VPWR,li1,102.8100,176.8000,1.799433
_10496_,VPWR,li1,103.9600,182.2400,1.799428
_10495_,VPWR,li1,105.8000,176.8000,1.799440
_10494_,VPWR,li1,108.5600,176.8000,1.799447
_10493_,VPWR,li1,102.3500,171.3600,1.799565
_10492_,VPWR,li1,104.4200,176.8000,1.799433
_10491_,VPWR,li1,102.1200,171.3600,1.799565
_10490_,VPWR,li1,102.1200,165.9200,1.799649
_10489_,VPWR,li1,100.0500,160.4800,1.799426
_10488_,VPWR,li1,101.2000,160.4800,1.799426
_10487_,VPWR,li1,99.3600,155.0400,1.799109
_10486_,VPWR,li1,101.6600,155.0400,1.799090
_10485_,VPWR,li1,69.6900,149.6000,1.799022
_10484_,VPWR,li1,67.1600,155.0400,1.799381
_10483_,VPWR,li1,63.4800,149.6000,1.799139
_10482_,VPWR,li1,71.3000,149.6000,1.799022
_10481_,VPWR,li1,36.3400,144.1600,1.799563
_10480_,VPWR,li1,36.1100,144.1600,1.799563
_10479_,VPWR,li1,37.7200,138.7200,1.799830
_10478_,VPWR,li1,35.6500,138.7200,1.799845
_10477_,VPWR,li1,33.1200,138.7200,1.799862
_10476_,VPWR,li1,30.3600,138.7200,1.799873
_10475_,VPWR,li1,20.7000,144.1600,1.799822
_10474_,VPWR,li1,28.0600,138.7200,1.799887
_10473_,VPWR,li1,30.3600,138.7200,1.799873
_10472_,VPWR,li1,24.3800,133.2800,1.799943
_10471_,VPWR,li1,25.3000,138.7200,1.799914
_10470_,VPWR,li1,15.1800,138.7200,1.799923
_10469_,VPWR,li1,22.0800,133.2800,1.799955
_10468_,VPWR,li1,25.5300,138.7200,1.799903
_10467_,VPWR,li1,22.0800,138.7200,1.799928
_10466_,VPWR,li1,19.5500,133.2800,1.799953
_10465_,VPWR,li1,22.3100,138.7200,1.799928
_10464_,VPWR,li1,21.3900,127.8400,1.799897
_10463_,VPWR,li1,17.4800,122.4000,1.799898
_10462_,VPWR,li1,12.6500,122.4000,1.799897
_10461_,VPWR,li1,12.1900,127.8400,1.799895
_10460_,VPWR,li1,23.6900,127.8400,1.799874
_10459_,VPWR,li1,32.8900,133.2800,1.799912
_10458_,VPWR,li1,33.3500,127.8400,1.799794
_10457_,VPWR,li1,35.1900,127.8400,1.799762
_10456_,VPWR,li1,25.0700,127.8400,1.799874
_10455_,VPWR,li1,33.1200,127.8400,1.799794
_10454_,VPWR,li1,11.5000,133.2800,1.799950
_10453_,VPWR,li1,60.4900,144.1600,1.799201
_10452_,VPWR,li1,60.9500,138.7200,1.799706
_10451_,VPWR,li1,53.3600,138.7200,1.799745
_10450_,VPWR,li1,55.4300,138.7200,1.799734
_10449_,VPWR,li1,54.7400,133.2800,1.799847
_10448_,VPWR,li1,58.4200,133.2800,1.799836
_10447_,VPWR,li1,47.8400,133.2800,1.799863
_10446_,VPWR,li1,48.7600,133.2800,1.799863
_10445_,VPWR,li1,48.3000,138.7200,1.799772
_10444_,VPWR,li1,45.5400,133.2800,1.799871
_10443_,VPWR,li1,46.6900,133.2800,1.799871
_10442_,VPWR,li1,45.5400,127.8400,1.799674
_10441_,VPWR,li1,42.5500,133.2800,1.799883
_10440_,VPWR,li1,45.3100,116.9600,1.799568
_10439_,VPWR,li1,46.2300,127.8400,1.799674
_10438_,VPWR,li1,63.7100,133.2800,1.799819
_10437_,VPWR,li1,71.7600,133.2800,1.799797
_10436_,VPWR,li1,66.9300,133.2800,1.799809
_10435_,VPWR,li1,66.9300,133.2800,1.799809
_10434_,VPWR,li1,64.6300,133.2800,1.799819
_10433_,VPWR,li1,57.0400,144.1600,1.799254
_10432_,VPWR,li1,94.0700,155.0400,1.799139
_10431_,VPWR,li1,96.8300,155.0400,1.799124
_10430_,VPWR,li1,93.1500,149.6000,1.798688
_10429_,VPWR,li1,91.3100,149.6000,1.798713
_10428_,VPWR,li1,89.0100,149.6000,1.798746
_10427_,VPWR,li1,88.0900,144.1600,1.798829
_10426_,VPWR,li1,84.4100,144.1600,1.798887
_10425_,VPWR,li1,80.9600,144.1600,1.798911
_10424_,VPWR,li1,80.2700,138.7200,1.799614
_10423_,VPWR,li1,76.1300,138.7200,1.799629
_10422_,VPWR,li1,75.4400,138.7200,1.799640
_10421_,VPWR,li1,74.0600,138.7200,1.799640
_10420_,VPWR,li1,77.7400,138.7200,1.799629
_10419_,VPWR,li1,108.7900,144.1600,1.798648
_10418_,VPWR,li1,106.9500,144.1600,1.798657
_10417_,VPWR,li1,112.0100,149.6000,1.798431
_10416_,VPWR,li1,109.2500,138.7200,1.799490
_10415_,VPWR,li1,110.8600,133.2800,1.799728
_10414_,VPWR,li1,109.4800,133.2800,1.799730
_10413_,VPWR,li1,106.9500,133.2800,1.799732
_10412_,VPWR,li1,113.8500,133.2800,1.799725
_10411_,VPWR,li1,90.8500,133.2800,1.799756
_10410_,VPWR,li1,104.6500,133.2800,1.799735
_10409_,VPWR,li1,114.7700,138.7200,1.799471
_10408_,VPWR,li1,113.6200,144.1600,1.798628
_10407_,VPWR,li1,116.6100,144.1600,1.798621
_10406_,VPWR,li1,87.8600,155.0400,1.799193
_10405_,VPWR,li1,148.3500,165.9200,1.799760
_10404_,VPWR,li1,149.0400,165.9200,1.799760
_10403_,VPWR,li1,143.7500,165.9200,1.799743
_10402_,VPWR,li1,143.7500,165.9200,1.799743
_10401_,VPWR,li1,141.4500,171.3600,1.799717
_10400_,VPWR,li1,138.4600,171.3600,1.799701
_10399_,VPWR,li1,139.3800,165.9200,1.799730
_10398_,VPWR,li1,137.0800,171.3600,1.799701
_10397_,VPWR,li1,142.6000,176.8000,1.799643
_10396_,VPWR,li1,136.3900,165.9200,1.799721
_10395_,VPWR,li1,129.4900,165.9200,1.799703
_10394_,VPWR,li1,125.8100,165.9200,1.799695
_10393_,VPWR,li1,126.7300,165.9200,1.799695
_10392_,VPWR,li1,125.3500,171.3600,1.799640
_10391_,VPWR,li1,123.5100,160.4800,1.799369
_10390_,VPWR,li1,123.5100,165.9200,1.799689
_10389_,VPWR,li1,120.0600,160.4800,1.799375
_10388_,VPWR,li1,127.6500,160.4800,1.799357
_10387_,VPWR,li1,123.5100,155.0400,1.798950
_10386_,VPWR,li1,143.7500,133.2800,1.799723
_10385_,VPWR,li1,116.1500,155.0400,1.798992
_10384_,VPWR,li1,156.6300,171.3600,1.799805
_10383_,VPWR,li1,156.6300,165.9200,1.799805
_10382_,VPWR,li1,152.9500,165.9200,1.799778
_10381_,VPWR,li1,167.6700,165.9200,1.799868
_10380_,VPWR,li1,172.5000,165.9200,1.799894
_10379_,VPWR,li1,170.2000,165.9200,1.799882
_10378_,VPWR,li1,168.1300,171.3600,1.799869
_10377_,VPWR,li1,170.8900,171.3600,1.799881
_10376_,VPWR,li1,163.5300,176.8000,1.799783
_10375_,VPWR,li1,184.6900,171.3600,1.799878
_10374_,VPWR,li1,181.9300,165.9200,1.799898
_10373_,VPWR,li1,177.7900,171.3600,1.799900
_10372_,VPWR,li1,183.0800,176.8000,1.799856
_10371_,VPWR,li1,180.0900,171.3600,1.799891
_10370_,VPWR,li1,177.3300,176.8000,1.799876
_10369_,VPWR,li1,92.2300,165.9200,1.799660
_10368_,VPWR,li1,149.5000,176.8000,1.799692
_10367_,VPWR,li1,116.3800,176.8000,1.799484
_10366_,VPWR,li1,89.2400,193.1200,1.799175
_10365_,VPWR,li1,95.9100,193.1200,1.799153
_10364_,VPWR,li1,91.7700,198.5600,1.799878
_10363_,VPWR,li1,92.9200,187.6800,1.798901
_10362_,VPWR,li1,100.2800,193.1200,1.799149
_10361_,VPWR,li1,88.7800,187.6800,1.798942
_10360_,VPWR,li1,99.1300,187.6800,1.798864
_10359_,VPWR,li1,102.5800,187.6800,1.798851
_10358_,VPWR,li1,99.5900,187.6800,1.798864
_10357_,VPWR,li1,100.7400,182.2400,1.799432
_10356_,VPWR,li1,98.4400,176.8000,1.799436
_10355_,VPWR,li1,99.8200,182.2400,1.799435
_10354_,VPWR,li1,110.4000,176.8000,1.799457
_10353_,VPWR,li1,99.1300,176.8000,1.799436
_10352_,VPWR,li1,90.6200,171.3600,1.799578
_10351_,VPWR,li1,97.5200,171.3600,1.799567
_10350_,VPWR,li1,94.0700,160.4800,1.799452
_10349_,VPWR,li1,98.2100,165.9200,1.799651
_10348_,VPWR,li1,100.2800,165.9200,1.799650
_10347_,VPWR,li1,61.6400,160.4800,1.799618
_10346_,VPWR,li1,63.9400,160.4800,1.799605
_10345_,VPWR,li1,61.1800,155.0400,1.799447
_10344_,VPWR,li1,64.1700,149.6000,1.799104
_10343_,VPWR,li1,31.2800,155.0400,1.799762
_10342_,VPWR,li1,35.4200,155.0400,1.799712
_10341_,VPWR,li1,33.1200,149.6000,1.799599
_10340_,VPWR,li1,30.1300,149.6000,1.799649
_10339_,VPWR,li1,30.3600,149.6000,1.799649
_10338_,VPWR,li1,22.5400,149.6000,1.799779
_10337_,VPWR,li1,35.1900,155.0400,1.799712
_10336_,VPWR,li1,23.2300,155.0400,1.799871
_10335_,VPWR,li1,21.6200,155.0400,1.799871
_10334_,VPWR,li1,20.2400,149.6000,1.799819
_10333_,VPWR,li1,23.4600,144.1600,1.799783
_10332_,VPWR,li1,16.1000,149.6000,1.799816
_10331_,VPWR,li1,17.4800,138.7200,1.799925
_10330_,VPWR,li1,17.9400,155.0400,1.799869
_10329_,VPWR,li1,10.5800,138.7200,1.799922
_10328_,VPWR,li1,16.3300,149.6000,1.799816
_10327_,VPWR,li1,19.3200,144.1600,1.799822
_10326_,VPWR,li1,9.4300,138.7200,1.799921
_10325_,VPWR,li1,7.5900,144.1600,1.799818
_10324_,VPWR,li1,14.9500,133.2800,1.799950
_10323_,VPWR,li1,19.0900,138.7200,1.799925
_10322_,VPWR,li1,8.2800,133.2800,1.799950
_10321_,VPWR,li1,9.4300,133.2800,1.799950
_10320_,VPWR,li1,11.2700,127.8400,1.799895
_10319_,VPWR,li1,30.1300,144.1600,1.799663
_10318_,VPWR,li1,28.5200,149.6000,1.799700
_10317_,VPWR,li1,32.8900,144.1600,1.799621
_10316_,VPWR,li1,58.8800,149.6000,1.799205
_10315_,VPWR,li1,57.9600,155.0400,1.799470
_10314_,VPWR,li1,59.1100,144.1600,1.799201
_10313_,VPWR,li1,54.5100,144.1600,1.799297
_10312_,VPWR,li1,51.0600,144.1600,1.799326
_10311_,VPWR,li1,48.9900,144.1600,1.799358
_10310_,VPWR,li1,47.6100,144.1600,1.799387
_10309_,VPWR,li1,45.5400,144.1600,1.799431
_10308_,VPWR,li1,46.2300,138.7200,1.799792
_10307_,VPWR,li1,44.6200,138.7200,1.799792
_10306_,VPWR,li1,40.7100,138.7200,1.799813
_10305_,VPWR,li1,47.1500,144.1600,1.799387
_10304_,VPWR,li1,67.8500,138.7200,1.799671
_10303_,VPWR,li1,68.3100,138.7200,1.799671
_10302_,VPWR,li1,71.7600,138.7200,1.799659
_10301_,VPWR,li1,96.8300,160.4800,1.799443
_10300_,VPWR,li1,88.7800,165.9200,1.799667
_10299_,VPWR,li1,90.1600,165.9200,1.799667
_10298_,VPWR,li1,89.0100,160.4800,1.799476
_10297_,VPWR,li1,87.6300,155.0400,1.799193
_10296_,VPWR,li1,81.1900,155.0400,1.799261
_10295_,VPWR,li1,84.4100,155.0400,1.799222
_10294_,VPWR,li1,83.4900,155.0400,1.799244
_10293_,VPWR,li1,79.1200,149.6000,1.798909
_10292_,VPWR,li1,77.2800,144.1600,1.798956
_10291_,VPWR,li1,77.0500,144.1600,1.798956
_10290_,VPWR,li1,79.3500,149.6000,1.798883
_10289_,VPWR,li1,117.5300,155.0400,1.798992
_10288_,VPWR,li1,119.1400,155.0400,1.798974
_10287_,VPWR,li1,111.7800,155.0400,1.799018
_10286_,VPWR,li1,112.9300,160.4800,1.799394
_10285_,VPWR,li1,112.2400,165.9200,1.799666
_10284_,VPWR,li1,109.9400,155.0400,1.799037
_10283_,VPWR,li1,113.1600,155.0400,1.799018
_10282_,VPWR,li1,106.4900,155.0400,1.799051
_10281_,VPWR,li1,110.1700,149.6000,1.798456
_10280_,VPWR,li1,109.7100,155.0400,1.799037
_10279_,VPWR,li1,118.9100,149.6000,1.798337
_10278_,VPWR,li1,83.0300,165.9200,1.799682
_10277_,VPWR,li1,118.9100,176.8000,1.799498
_10276_,VPWR,li1,118.6800,176.8000,1.799498
_10275_,VPWR,li1,115.9200,176.8000,1.799484
_10274_,VPWR,li1,113.3900,176.8000,1.799470
_10273_,VPWR,li1,152.9500,176.8000,1.799716
_10272_,VPWR,li1,145.5900,176.8000,1.799656
_10271_,VPWR,li1,145.1300,176.8000,1.799656
_10270_,VPWR,li1,139.6100,176.8000,1.799626
_10269_,VPWR,li1,132.7100,176.8000,1.799577
_10268_,VPWR,li1,133.6300,165.9200,1.799714
_10267_,VPWR,li1,134.5500,182.2400,1.799585
_10266_,VPWR,li1,131.7900,176.8000,1.799577
_10265_,VPWR,li1,126.7300,176.8000,1.799546
_10264_,VPWR,li1,129.0300,176.8000,1.799560
_10263_,VPWR,li1,128.3400,171.3600,1.799661
_10262_,VPWR,li1,122.1300,171.3600,1.799624
_10261_,VPWR,li1,123.9700,171.3600,1.799640
_10260_,VPWR,li1,152.0300,171.3600,1.799775
_10259_,VPWR,li1,156.6300,176.8000,1.799731
_10258_,VPWR,li1,156.6300,171.3600,1.799805
_10257_,VPWR,li1,159.8500,176.8000,1.799767
_10256_,VPWR,li1,161.2300,171.3600,1.799826
_10255_,VPWR,li1,161.4600,176.8000,1.799767
_10254_,VPWR,li1,158.4700,182.2400,1.799755
_10253_,VPWR,li1,162.6100,182.2400,1.799782
_10252_,VPWR,li1,153.4100,182.2400,1.799707
_10251_,VPWR,li1,120.0600,182.2400,1.799488
_10250_,VPWR,li1,78.8900,193.1200,1.799241
_10249_,VPWR,li1,73.8300,193.1200,1.799280
_10248_,VPWR,li1,73.3700,187.6800,1.799104
_10247_,VPWR,li1,74.2900,193.1200,1.799280
_10246_,VPWR,li1,71.9900,187.6800,1.799104
_10245_,VPWR,li1,81.4200,187.6800,1.798998
_10244_,VPWR,li1,92.6900,193.1200,1.799160
_10243_,VPWR,li1,90.8500,187.6800,1.798926
_10242_,VPWR,li1,76.8200,187.6800,1.799061
_10241_,VPWR,li1,81.1900,187.6800,1.798998
_10240_,VPWR,li1,85.7900,187.6800,1.798959
_10239_,VPWR,li1,89.2400,187.6800,1.798926
_10238_,VPWR,li1,85.1000,187.6800,1.798959
_10237_,VPWR,li1,79.5800,182.2400,1.799510
_10236_,VPWR,li1,83.0300,182.2400,1.799495
_10235_,VPWR,li1,135.4700,187.6800,1.799190
_10234_,VPWR,li1,141.6800,187.6800,1.799268
_10233_,VPWR,li1,77.9700,182.2400,1.799526
_10232_,VPWR,li1,67.1600,182.2400,1.799585
_10231_,VPWR,li1,79.1200,176.8000,1.799516
_10230_,VPWR,li1,89.7000,182.2400,1.799462
_10229_,VPWR,li1,90.8500,182.2400,1.799462
_10228_,VPWR,li1,83.9500,176.8000,1.799491
_10227_,VPWR,li1,90.8500,176.8000,1.799457
_10226_,VPWR,li1,77.9700,176.8000,1.799516
_10225_,VPWR,li1,80.9600,176.8000,1.799501
_10224_,VPWR,li1,58.8800,176.8000,1.799629
_10223_,VPWR,li1,72.4500,176.8000,1.799548
_10222_,VPWR,li1,55.8900,176.8000,1.799650
_10221_,VPWR,li1,51.5200,171.3600,1.799743
_10220_,VPWR,li1,44.8500,176.8000,1.799731
_10219_,VPWR,li1,93.1500,171.3600,1.799573
_10218_,VPWR,li1,87.6300,176.8000,1.799470
_10217_,VPWR,li1,88.5500,171.3600,1.799584
_10216_,VPWR,li1,53.8200,165.9200,1.799763
_10215_,VPWR,li1,57.0400,171.3600,1.799720
_10214_,VPWR,li1,48.5300,171.3600,1.799768
_10213_,VPWR,li1,35.6500,171.3600,1.799837
_10212_,VPWR,li1,46.6900,160.4800,1.799733
_10211_,VPWR,li1,44.3900,160.4800,1.799746
_10210_,VPWR,li1,40.0200,165.9200,1.799831
_10209_,VPWR,li1,42.5500,171.3600,1.799800
_10208_,VPWR,li1,43.2400,165.9200,1.799816
_10207_,VPWR,li1,54.2800,160.4800,1.799669
_10206_,VPWR,li1,54.9700,165.9200,1.799763
_10205_,VPWR,li1,51.9800,165.9200,1.799777
_10204_,VPWR,li1,32.8900,165.9200,1.799877
_10203_,VPWR,li1,56.3500,160.4800,1.799655
_10202_,VPWR,li1,36.1100,160.4800,1.799800
_10201_,VPWR,li1,29.4400,165.9200,1.799889
_10200_,VPWR,li1,34.9600,165.9200,1.799859
_10199_,VPWR,li1,26.2200,171.3600,1.799892
_10198_,VPWR,li1,30.1300,160.4800,1.799855
_10197_,VPWR,li1,29.4400,165.9200,1.799889
_10196_,VPWR,li1,24.6100,165.9200,1.799920
_10195_,VPWR,li1,33.3500,160.4800,1.799820
_10194_,VPWR,li1,32.4300,160.4800,1.799834
_10193_,VPWR,li1,17.0200,160.4800,1.799911
_10192_,VPWR,li1,26.6800,160.4800,1.799871
_10191_,VPWR,li1,21.6200,165.9200,1.799935
_10190_,VPWR,li1,24.1500,165.9200,1.799920
_10189_,VPWR,li1,13.5700,171.3600,1.799923
_10188_,VPWR,li1,16.3300,171.3600,1.799924
_10187_,VPWR,li1,11.0400,171.3600,1.799922
_10186_,VPWR,li1,16.7900,176.8000,1.799910
_10185_,VPWR,li1,21.1600,160.4800,1.799914
_10184_,VPWR,li1,17.4800,165.9200,1.799934
_10183_,VPWR,li1,14.2600,160.4800,1.799911
_10182_,VPWR,li1,19.7800,155.0400,1.799870
_10181_,VPWR,li1,14.2600,165.9200,1.799933
_10180_,VPWR,li1,17.7100,165.9200,1.799934
_10179_,VPWR,li1,10.5800,165.9200,1.799932
_10178_,VPWR,li1,19.5500,165.9200,1.799935
_10177_,VPWR,li1,9.4300,165.9200,1.799932
_10176_,VPWR,li1,7.8200,149.6000,1.799814
_10175_,VPWR,li1,16.7900,160.4800,1.799911
_10174_,VPWR,li1,11.0400,155.0400,1.799865
_10173_,VPWR,li1,9.4300,160.4800,1.799910
_10172_,VPWR,li1,18.1700,149.6000,1.799818
_10171_,VPWR,li1,25.9900,149.6000,1.799747
_10170_,VPWR,li1,27.1400,144.1600,1.799713
_10169_,VPWR,li1,25.5300,149.6000,1.799747
_10168_,VPWR,li1,26.9100,165.9200,1.799904
_10167_,VPWR,li1,58.6500,160.4800,1.799639
_10166_,VPWR,li1,48.5300,160.4800,1.799710
_10165_,VPWR,li1,91.7700,160.4800,1.799467
_10164_,VPWR,li1,51.7500,160.4800,1.799687
_10163_,VPWR,li1,46.6900,165.9200,1.799805
_10162_,VPWR,li1,45.3100,155.0400,1.799612
_10161_,VPWR,li1,41.4000,160.4800,1.799761
_10160_,VPWR,li1,51.7500,155.0400,1.799533
_10159_,VPWR,li1,55.8900,149.6000,1.799233
_10158_,VPWR,li1,50.8300,155.0400,1.799558
_10157_,VPWR,li1,53.8200,155.0400,1.799512
_10156_,VPWR,li1,45.3100,160.4800,1.799733
_10155_,VPWR,li1,41.8600,155.0400,1.799639
_10154_,VPWR,li1,45.5400,155.0400,1.799612
_10153_,VPWR,li1,37.9500,160.4800,1.799786
_10152_,VPWR,li1,48.5300,149.6000,1.799350
_10151_,VPWR,li1,49.2200,149.6000,1.799350
_10150_,VPWR,li1,46.2300,149.6000,1.799386
_10149_,VPWR,li1,42.5500,144.1600,1.799471
_10148_,VPWR,li1,50.8300,149.6000,1.799313
_10147_,VPWR,li1,49.4500,155.0400,1.799558
_10146_,VPWR,li1,92.6900,165.9200,1.799660
_10145_,VPWR,li1,85.5600,171.3600,1.799597
_10144_,VPWR,li1,81.4200,171.3600,1.799612
_10143_,VPWR,li1,74.2900,171.3600,1.799639
_10142_,VPWR,li1,83.0300,171.3600,1.799604
_10141_,VPWR,li1,80.2700,165.9200,1.799688
_10140_,VPWR,li1,80.2700,160.4800,1.799520
_10139_,VPWR,li1,77.9700,155.0400,1.799288
_10138_,VPWR,li1,81.1900,149.6000,1.798856
_10137_,VPWR,li1,78.8900,144.1600,1.798935
_10136_,VPWR,li1,77.5100,149.6000,1.798909
_10135_,VPWR,li1,74.7500,155.0400,1.799311
_10134_,VPWR,li1,116.1500,171.3600,1.799604
_10133_,VPWR,li1,114.3100,171.3600,1.799590
_10132_,VPWR,li1,118.4500,171.3600,1.799614
_10131_,VPWR,li1,113.3900,165.9200,1.799666
_10130_,VPWR,li1,114.3100,165.9200,1.799670
_10129_,VPWR,li1,110.4000,160.4800,1.799399
_10128_,VPWR,li1,109.2500,165.9200,1.799657
_10127_,VPWR,li1,113.8500,160.4800,1.799394
_10126_,VPWR,li1,119.8300,182.2400,1.799488
_10125_,VPWR,li1,140.9900,182.2400,1.799630
_10124_,VPWR,li1,141.9100,187.6800,1.799268
_10123_,VPWR,li1,143.7500,187.6800,1.799311
_10122_,VPWR,li1,124.4300,182.2400,1.799518
_10121_,VPWR,li1,122.5900,182.2400,1.799500
_10120_,VPWR,li1,117.5300,182.2400,1.799474
_10119_,VPWR,li1,150.1900,182.2400,1.799689
_10118_,VPWR,li1,149.5000,187.6800,1.799408
_10117_,VPWR,li1,145.1300,187.6800,1.799339
_10116_,VPWR,li1,145.5900,187.6800,1.799339
_10115_,VPWR,li1,143.2900,182.2400,1.799646
_10114_,VPWR,li1,142.8300,193.1200,1.799511
_10113_,VPWR,li1,146.9700,182.2400,1.799671
_10112_,VPWR,li1,138.6900,187.6800,1.799222
_10111_,VPWR,li1,138.9200,182.2400,1.799615
_10110_,VPWR,li1,138.9200,193.1200,1.799456
_10109_,VPWR,li1,136.3900,182.2400,1.799598
_10108_,VPWR,li1,131.5600,182.2400,1.799565
_10107_,VPWR,li1,132.0200,182.2400,1.799565
_10106_,VPWR,li1,136.1600,182.2400,1.799585
_10105_,VPWR,li1,128.1100,182.2400,1.799542
_10104_,VPWR,li1,145.8200,193.1200,1.799543
_10103_,VPWR,li1,140.5300,198.5600,1.799908
_10102_,VPWR,li1,142.8300,198.5600,1.799911
_10101_,VPWR,li1,133.8600,198.5600,1.799898
_10100_,VPWR,li1,136.8500,198.5600,1.799903
_10099_,VPWR,li1,140.0700,193.1200,1.799483
_10098_,VPWR,li1,129.7200,193.1200,1.799367
_10097_,VPWR,li1,152.0300,182.2400,1.799707
_10096_,VPWR,li1,156.1700,182.2400,1.799738
_10095_,VPWR,li1,156.6300,182.2400,1.799738
_10094_,VPWR,li1,159.8500,182.2400,1.799755
_10093_,VPWR,li1,158.4700,182.2400,1.799755
_10092_,VPWR,li1,162.1500,182.2400,1.799782
_10091_,VPWR,li1,73.3700,176.8000,1.799548
_10090_,VPWR,li1,72.9100,171.3600,1.799649
_10089_,VPWR,li1,74.5200,165.9200,1.799703
_10088_,VPWR,li1,77.0500,160.4800,1.799537
_10087_,VPWR,li1,72.6800,165.9200,1.799707
_10086_,VPWR,li1,74.5200,160.4800,1.799550
_10085_,VPWR,li1,72.9100,149.6000,1.798975
_10084_,VPWR,li1,72.4500,155.0400,1.799335
_10083_,VPWR,li1,79.3500,171.3600,1.799619
_10082_,VPWR,li1,106.0300,165.9200,1.799653
_10081_,VPWR,li1,76.8200,171.3600,1.799628
_10080_,VPWR,li1,55.8900,193.1200,1.799457
_10079_,VPWR,li1,61.6400,193.1200,1.799398
_10078_,VPWR,li1,58.6500,193.1200,1.799430
_10077_,VPWR,li1,58.6500,187.6800,1.799280
_10076_,VPWR,li1,58.4200,193.1200,1.799430
_10075_,VPWR,li1,67.8500,187.6800,1.799156
_10074_,VPWR,li1,66.4700,187.6800,1.799186
_10073_,VPWR,li1,69.6900,187.6800,1.799132
_10072_,VPWR,li1,126.2700,187.6800,1.799031
_10071_,VPWR,li1,120.7500,193.1200,1.799283
_10070_,VPWR,li1,129.0300,193.1200,1.799367
_10069_,VPWR,li1,126.2700,193.1200,1.799339
_10068_,VPWR,li1,129.9500,198.5600,1.799895
_10067_,VPWR,li1,128.5700,198.5600,1.799892
_10066_,VPWR,li1,132.9400,193.1200,1.799408
_10065_,VPWR,li1,126.2700,193.1200,1.799339
_10064_,VPWR,li1,66.0100,187.6800,1.799186
_10063_,VPWR,li1,68.7700,187.6800,1.799156
_10062_,VPWR,li1,64.1700,182.2400,1.799605
_10061_,VPWR,li1,66.4700,176.8000,1.799583
_10060_,VPWR,li1,68.3100,176.8000,1.799572
_10059_,VPWR,li1,66.4700,176.8000,1.799583
_10058_,VPWR,li1,67.3900,171.3600,1.799668
_10057_,VPWR,li1,64.1700,171.3600,1.799682
_10056_,VPWR,li1,67.3900,165.9200,1.799725
_10055_,VPWR,li1,69.9200,165.9200,1.799719
_10054_,VPWR,li1,71.9900,160.4800,1.799563
_10053_,VPWR,li1,69.6900,160.4800,1.799577
_10052_,VPWR,li1,59.1100,176.8000,1.799629
_10051_,VPWR,li1,61.4100,176.8000,1.799614
_10050_,VPWR,li1,49.6800,176.8000,1.799691
_10049_,VPWR,li1,46.2300,176.8000,1.799715
_10048_,VPWR,li1,48.9900,165.9200,1.799786
_10047_,VPWR,li1,46.2300,165.9200,1.799805
_10046_,VPWR,li1,42.7800,165.9200,1.799816
_10045_,VPWR,li1,38.4100,176.8000,1.799772
_10044_,VPWR,li1,33.8100,176.8000,1.799817
_10043_,VPWR,li1,35.1900,176.8000,1.799796
_10042_,VPWR,li1,36.1100,176.8000,1.799796
_10041_,VPWR,li1,26.4500,176.8000,1.799872
_10040_,VPWR,li1,25.5300,176.8000,1.799872
_10039_,VPWR,li1,20.4700,176.8000,1.799912
_10038_,VPWR,li1,17.9400,171.3600,1.799924
_10037_,VPWR,li1,14.4900,171.3600,1.799923
_10036_,VPWR,li1,14.9500,176.8000,1.799908
_10035_,VPWR,li1,22.7700,176.8000,1.799894
_10034_,VPWR,li1,48.5300,187.6800,1.799420
_10033_,VPWR,li1,47.1500,193.1200,1.799566
_10032_,VPWR,li1,48.9900,193.1200,1.799533
_10031_,VPWR,li1,54.5100,193.1200,1.799487
_10030_,VPWR,li1,54.5100,187.6800,1.799337
_10029_,VPWR,li1,53.5900,193.1200,1.799487
_10028_,VPWR,li1,123.0500,193.1200,1.799306
_10027_,VPWR,li1,123.0500,187.6800,1.799004
_10026_,VPWR,li1,122.3600,193.1200,1.799283
_10025_,VPWR,li1,55.8900,187.6800,1.799337
_10024_,VPWR,li1,50.3700,187.6800,1.799395
_10023_,VPWR,li1,51.0600,187.6800,1.799395
_10022_,VPWR,li1,59.1100,182.2400,1.799638
_10021_,VPWR,li1,59.1100,182.2400,1.799638
_10020_,VPWR,li1,60.9500,182.2400,1.799626
_10019_,VPWR,li1,61.4100,171.3600,1.799695
_10018_,VPWR,li1,63.9400,165.9200,1.799731
_10017_,VPWR,li1,66.0100,165.9200,1.799725
_10016_,VPWR,li1,58.1900,165.9200,1.799752
_10015_,VPWR,li1,68.3100,165.9200,1.799719
_10014_,VPWR,li1,52.6700,176.8000,1.799670
_10013_,VPWR,li1,49.9100,160.4800,1.799710
_10012_,VPWR,li1,47.6100,182.2400,1.799719
_10011_,VPWR,li1,49.9100,182.2400,1.799703
_10010_,VPWR,li1,37.0300,182.2400,1.799794
_10009_,VPWR,li1,33.1200,182.2400,1.799835
_10008_,VPWR,li1,32.4300,176.8000,1.799817
_10007_,VPWR,li1,26.9100,182.2400,1.799869
_10006_,VPWR,li1,23.2300,176.8000,1.799894
_10005_,VPWR,li1,29.6700,176.8000,1.799848
_10004_,VPWR,li1,44.3900,187.6800,1.799479
_10003_,VPWR,li1,42.3200,187.6800,1.799525
_10002_,VPWR,li1,46.6900,187.6800,1.799446
_10001_,VPWR,li1,120.7500,187.6800,1.798959
_10000_,VPWR,li1,46.9200,187.6800,1.799446
_09999_,VPWR,li1,46.4600,182.2400,1.799735
_09998_,VPWR,li1,60.4900,182.2400,1.799638
_09997_,VPWR,li1,41.6300,176.8000,1.799748
_09996_,VPWR,li1,44.3900,182.2400,1.799750
_09995_,VPWR,li1,40.7100,182.2400,1.799773
_09994_,VPWR,li1,369.6100,252.9600,1.799688
_09993_,VPWR,li1,258.2900,340.0000,1.794361
_09992_,VPWR,li1,250.0100,334.5600,1.792767
_09991_,VPWR,li1,228.8500,334.5600,1.793917
_09990_,VPWR,li1,216.8900,329.1200,1.795570
_09989_,VPWR,li1,206.3100,329.1200,1.796300
_09988_,VPWR,li1,213.6700,329.1200,1.795787
_09987_,VPWR,li1,204.0100,312.8000,1.799160
_09986_,VPWR,li1,200.7900,312.8000,1.799214
_09985_,VPWR,li1,199.4100,312.8000,1.799247
_09984_,VPWR,li1,193.6600,247.5200,1.799685
_09983_,VPWR,li1,200.5600,318.2400,1.798659
_09982_,VPWR,li1,195.7300,301.9200,1.799746
_09981_,VPWR,li1,195.7300,307.3600,1.799598
_09980_,VPWR,li1,194.8100,291.0400,1.799923
_09979_,VPWR,li1,198.0300,291.0400,1.799919
_09978_,VPWR,li1,199.6400,285.6000,1.799898
_09977_,VPWR,li1,205.8500,307.3600,1.799495
_09976_,VPWR,li1,210.2200,301.9200,1.799708
_09975_,VPWR,li1,210.4500,296.4800,1.799740
_09974_,VPWR,li1,209.5300,340.0000,1.796859
_09973_,VPWR,li1,200.1000,301.9200,1.799736
_09972_,VPWR,li1,196.6500,242.0800,1.799634
_09971_,VPWR,li1,189.2900,242.0800,1.799690
_09970_,VPWR,li1,187.9100,242.0800,1.799709
_09969_,VPWR,li1,187.6800,247.5200,1.799746
_09968_,VPWR,li1,184.9200,220.3200,1.799853
_09967_,VPWR,li1,185.1500,242.0800,1.799728
_09966_,VPWR,li1,182.8500,236.6400,1.799869
_09965_,VPWR,li1,186.0700,236.6400,1.799854
_09964_,VPWR,li1,183.0800,231.2000,1.799893
_09963_,VPWR,li1,181.4700,242.0800,1.799765
_09962_,VPWR,li1,177.7900,231.2000,1.799907
_09961_,VPWR,li1,193.4300,236.6400,1.799825
_09960_,VPWR,li1,178.2500,204.0000,1.799947
_09959_,VPWR,li1,177.7900,204.0000,1.799947
_09958_,VPWR,li1,185.6100,258.4000,1.799823
_09957_,VPWR,li1,182.6200,258.4000,1.799835
_09956_,VPWR,li1,181.7000,214.8800,1.799909
_09955_,VPWR,li1,199.6400,242.0800,1.799626
_09954_,VPWR,li1,204.0100,334.5600,1.795772
_09953_,VPWR,li1,205.6200,340.0000,1.797090
_09952_,VPWR,li1,204.7000,323.6800,1.798318
_09951_,VPWR,li1,215.9700,323.6800,1.797953
_09950_,VPWR,li1,228.6200,329.1200,1.794906
_09949_,VPWR,li1,249.5500,334.5600,1.792767
_09948_,VPWR,li1,262.4300,340.0000,1.794256
_09947_,VPWR,li1,261.5100,340.0000,1.794256
_09946_,VPWR,li1,273.4700,340.0000,1.794509
_09945_,VPWR,li1,259.6700,340.0000,1.794291
_09944_,VPWR,li1,259.2100,334.5600,1.792582
_09943_,VPWR,li1,257.8300,334.5600,1.792613
_09942_,VPWR,li1,258.5200,334.5600,1.792613
_09941_,VPWR,li1,246.7900,334.5600,1.792874
_09940_,VPWR,li1,247.4800,334.5600,1.792874
_09939_,VPWR,li1,241.7300,334.5600,1.793122
_09938_,VPWR,li1,244.7200,334.5600,1.792994
_09937_,VPWR,li1,242.8800,329.1200,1.794293
_09936_,VPWR,li1,231.6100,329.1200,1.794793
_09935_,VPWR,li1,223.7900,329.1200,1.795153
_09934_,VPWR,li1,221.4900,329.1200,1.795291
_09933_,VPWR,li1,219.6500,329.1200,1.795459
_09932_,VPWR,li1,222.1800,334.5600,1.794517
_09931_,VPWR,li1,221.9500,318.2400,1.797936
_09930_,VPWR,li1,230.0000,329.1200,1.794793
_09929_,VPWR,li1,232.0700,329.1200,1.794699
_09928_,VPWR,li1,227.9300,329.1200,1.794906
_09927_,VPWR,li1,228.1600,323.6800,1.797681
_09926_,VPWR,li1,213.6700,323.6800,1.798010
_09925_,VPWR,li1,212.0600,323.6800,1.798062
_09924_,VPWR,li1,206.7700,323.6800,1.798212
_09923_,VPWR,li1,202.6300,323.6800,1.798383
_09922_,VPWR,li1,204.0100,329.1200,1.796536
_09921_,VPWR,li1,201.2500,323.6800,1.798383
_09920_,VPWR,li1,203.0900,318.2400,1.798523
_09919_,VPWR,li1,202.1700,312.8000,1.799214
_09918_,VPWR,li1,204.2400,312.8000,1.799160
_09917_,VPWR,li1,196.6500,301.9200,1.799740
_09916_,VPWR,li1,193.6600,296.4800,1.799755
_09915_,VPWR,li1,197.1100,296.4800,1.799751
_09914_,VPWR,li1,196.8800,296.4800,1.799751
_09913_,VPWR,li1,205.3900,296.4800,1.799743
_09912_,VPWR,li1,208.1500,296.4800,1.799741
_09911_,VPWR,li1,202.4000,296.4800,1.799747
_09910_,VPWR,li1,204.4700,296.4800,1.799745
_09909_,VPWR,li1,206.7700,296.4800,1.799743
_09908_,VPWR,li1,205.1600,301.9200,1.799719
_09907_,VPWR,li1,203.0900,340.0000,1.797188
_09906_,VPWR,li1,204.9300,340.0000,1.797090
_09905_,VPWR,li1,213.2100,340.0000,1.796725
_09904_,VPWR,li1,206.5400,340.0000,1.797090
_09903_,VPWR,li1,210.4500,345.4400,1.799251
_09902_,VPWR,li1,212.7500,345.4400,1.799259
_09901_,VPWR,li1,208.6100,345.4400,1.799245
_09900_,VPWR,li1,215.9700,345.4400,1.799270
_09899_,VPWR,li1,201.0200,274.7200,1.799390
_09898_,VPWR,li1,217.8100,323.6800,1.797910
_09897_,VPWR,li1,207.6900,318.2400,1.798363
_09896_,VPWR,li1,208.8400,318.2400,1.798363
_09895_,VPWR,li1,207.4600,274.7200,1.799325
_09894_,VPWR,li1,202.6300,247.5200,1.799606
_09893_,VPWR,li1,198.4900,247.5200,1.799640
_09892_,VPWR,li1,195.7300,252.9600,1.799859
_09891_,VPWR,li1,194.3500,247.5200,1.799685
_09890_,VPWR,li1,196.4200,247.5200,1.799659
_09889_,VPWR,li1,189.2900,247.5200,1.799746
_09888_,VPWR,li1,190.6700,252.9600,1.799869
_09887_,VPWR,li1,192.0500,252.9600,1.799864
_09886_,VPWR,li1,194.1200,252.9600,1.799859
_09885_,VPWR,li1,187.9100,252.9600,1.799877
_09884_,VPWR,li1,191.5900,258.4000,1.799806
_09883_,VPWR,li1,181.9300,252.9600,1.799893
_09882_,VPWR,li1,183.3100,252.9600,1.799893
_09881_,VPWR,li1,184.6900,252.9600,1.799885
_09880_,VPWR,li1,182.8500,258.4000,1.799835
_09879_,VPWR,li1,188.1400,258.4000,1.799814
_09878_,VPWR,li1,190.9000,258.4000,1.799806
_09877_,VPWR,li1,206.7700,252.9600,1.799831
_09876_,VPWR,li1,194.3500,280.1600,1.799701
_09875_,VPWR,li1,200.5600,285.6000,1.799898
_09874_,VPWR,li1,196.4200,269.2800,1.799717
_09873_,VPWR,li1,198.0300,236.6400,1.799804
_09872_,VPWR,li1,196.6500,225.7600,1.799605
_09871_,VPWR,li1,196.1900,225.7600,1.799627
_09870_,VPWR,li1,194.5800,225.7600,1.799627
_09869_,VPWR,li1,187.9100,220.3200,1.799836
_09868_,VPWR,li1,184.4600,220.3200,1.799853
_09867_,VPWR,li1,182.8500,225.7600,1.799756
_09866_,VPWR,li1,179.6300,225.7600,1.799794
_09865_,VPWR,li1,187.4500,225.7600,1.799705
_09864_,VPWR,li1,183.5400,204.0000,1.799934
_09863_,VPWR,li1,191.1300,231.2000,1.799863
_09862_,VPWR,li1,182.3900,220.3200,1.799865
_09861_,VPWR,li1,180.0900,214.8800,1.799917
_09860_,VPWR,li1,176.8700,209.4400,1.799851
_09859_,VPWR,li1,175.0300,204.0000,1.799954
_09858_,VPWR,li1,175.0300,204.0000,1.799954
_09857_,VPWR,li1,177.7900,198.5600,1.799951
_09856_,VPWR,li1,175.7200,193.1200,1.799859
_09855_,VPWR,li1,185.8400,214.8800,1.799893
_09854_,VPWR,li1,278.0700,340.0000,1.794721
_09853_,VPWR,li1,280.3700,340.0000,1.794894
_09852_,VPWR,li1,274.1600,334.5600,1.792706
_09851_,VPWR,li1,271.8600,334.5600,1.792665
_09850_,VPWR,li1,276.4600,334.5600,1.792773
_09849_,VPWR,li1,261.5100,334.5600,1.792571
_09848_,VPWR,li1,255.9900,329.1200,1.793805
_09847_,VPWR,li1,258.9800,329.1200,1.793757
_09846_,VPWR,li1,259.4400,329.1200,1.793757
_09845_,VPWR,li1,247.2500,329.1200,1.794072
_09844_,VPWR,li1,241.7300,329.1200,1.794293
_09843_,VPWR,li1,239.4300,329.1200,1.794391
_09842_,VPWR,li1,239.2000,329.1200,1.794391
_09841_,VPWR,li1,238.2800,340.0000,1.795372
_09840_,VPWR,li1,244.9500,323.6800,1.797366
_09839_,VPWR,li1,244.7200,323.6800,1.797366
_09838_,VPWR,li1,242.8800,323.6800,1.797397
_09837_,VPWR,li1,229.3100,318.2400,1.797696
_09836_,VPWR,li1,225.6300,318.2400,1.797802
_09835_,VPWR,li1,226.3200,318.2400,1.797802
_09834_,VPWR,li1,221.4900,323.6800,1.797826
_09833_,VPWR,li1,223.7900,323.6800,1.797775
_09832_,VPWR,li1,219.1900,323.6800,1.797910
_09831_,VPWR,li1,226.0900,323.6800,1.797725
_09830_,VPWR,li1,218.2700,312.8000,1.798986
_09829_,VPWR,li1,218.2700,318.2400,1.798030
_09828_,VPWR,li1,226.7800,307.3600,1.799312
_09827_,VPWR,li1,214.5900,312.8000,1.799021
_09826_,VPWR,li1,217.3500,312.8000,1.798986
_09825_,VPWR,li1,210.9100,312.8000,1.799068
_09824_,VPWR,li1,208.6100,312.8000,1.799099
_09823_,VPWR,li1,209.5300,307.3600,1.799462
_09822_,VPWR,li1,209.5300,301.9200,1.799708
_09821_,VPWR,li1,207.6900,301.9200,1.799712
_09820_,VPWR,li1,206.5400,291.0400,1.799910
_09819_,VPWR,li1,211.6000,291.0400,1.799903
_09818_,VPWR,li1,216.6600,301.9200,1.799692
_09817_,VPWR,li1,222.4100,334.5600,1.794384
_09816_,VPWR,li1,222.8700,340.0000,1.796203
_09815_,VPWR,li1,222.1800,340.0000,1.796203
_09814_,VPWR,li1,224.9400,340.0000,1.796082
_09813_,VPWR,li1,226.7800,345.4400,1.799307
_09812_,VPWR,li1,215.9700,340.0000,1.796518
_09811_,VPWR,li1,212.7500,345.4400,1.799259
_09810_,VPWR,li1,218.2700,340.0000,1.796384
_09809_,VPWR,li1,220.3400,345.4400,1.799285
_09808_,VPWR,li1,215.7400,340.0000,1.796518
_09807_,VPWR,li1,228.8500,350.8800,1.799813
_09806_,VPWR,li1,226.3200,280.1600,1.799529
_09805_,VPWR,li1,233.6800,318.2400,1.797591
_09804_,VPWR,li1,223.7900,312.8000,1.798907
_09803_,VPWR,li1,226.3200,312.8000,1.798885
_09802_,VPWR,li1,227.7000,280.1600,1.799531
_09801_,VPWR,li1,208.6100,280.1600,1.799593
_09800_,VPWR,li1,203.5500,274.7200,1.799360
_09799_,VPWR,li1,200.7900,274.7200,1.799390
_09798_,VPWR,li1,201.4800,269.2800,1.799688
_09797_,VPWR,li1,195.2700,274.7200,1.799466
_09796_,VPWR,li1,193.4300,269.2800,1.799729
_09795_,VPWR,li1,195.2700,269.2800,1.799717
_09794_,VPWR,li1,206.0800,263.8400,1.799728
_09793_,VPWR,li1,196.1900,263.8400,1.799740
_09792_,VPWR,li1,200.3300,263.8400,1.799734
_09791_,VPWR,li1,198.4900,258.4000,1.799789
_09790_,VPWR,li1,200.7900,258.4000,1.799779
_09789_,VPWR,li1,197.5700,258.4000,1.799789
_09788_,VPWR,li1,194.8100,258.4000,1.799795
_09787_,VPWR,li1,193.6600,263.8400,1.799747
_09786_,VPWR,li1,190.4400,263.8400,1.799751
_09785_,VPWR,li1,206.3100,252.9600,1.799835
_09784_,VPWR,li1,202.8600,258.4000,1.799774
_09783_,VPWR,li1,198.9500,280.1600,1.799663
_09782_,VPWR,li1,197.5700,285.6000,1.799901
_09781_,VPWR,li1,196.1900,285.6000,1.799906
_09780_,VPWR,li1,197.8000,285.6000,1.799901
_09779_,VPWR,li1,203.0900,285.6000,1.799896
_09778_,VPWR,li1,203.0900,285.6000,1.799896
_09777_,VPWR,li1,207.9200,285.6000,1.799888
_09776_,VPWR,li1,208.1500,236.6400,1.799770
_09775_,VPWR,li1,217.1200,274.7200,1.799261
_09774_,VPWR,li1,204.0100,274.7200,1.799360
_09773_,VPWR,li1,207.0000,274.7200,1.799343
_09772_,VPWR,li1,207.9200,225.7600,1.799500
_09771_,VPWR,li1,200.7900,225.7600,1.799564
_09770_,VPWR,li1,194.8100,231.2000,1.799848
_09769_,VPWR,li1,195.7300,231.2000,1.799848
_09768_,VPWR,li1,197.5700,231.2000,1.799840
_09767_,VPWR,li1,192.5100,225.7600,1.799649
_09766_,VPWR,li1,194.5800,225.7600,1.799627
_09765_,VPWR,li1,193.2000,231.2000,1.799855
_09764_,VPWR,li1,196.1900,236.6400,1.799817
_09763_,VPWR,li1,197.5700,236.6400,1.799804
_09762_,VPWR,li1,203.0900,242.0800,1.799616
_09761_,VPWR,li1,206.5400,242.0800,1.799605
_09760_,VPWR,li1,206.0800,236.6400,1.799776
_09759_,VPWR,li1,196.6500,220.3200,1.799799
_09758_,VPWR,li1,193.6600,214.8800,1.799867
_09757_,VPWR,li1,195.9600,214.8800,1.799855
_09756_,VPWR,li1,189.2900,214.8800,1.799879
_09755_,VPWR,li1,187.9100,204.0000,1.799923
_09754_,VPWR,li1,183.3100,209.4400,1.799791
_09753_,VPWR,li1,182.8500,204.0000,1.799934
_09752_,VPWR,li1,181.0100,193.1200,1.799840
_09751_,VPWR,li1,183.3100,193.1200,1.799833
_09750_,VPWR,li1,177.7900,187.6800,1.799808
_09749_,VPWR,li1,181.2400,187.6800,1.799798
_09748_,VPWR,li1,193.8900,204.0000,1.799911
_09747_,VPWR,li1,181.7000,198.5600,1.799942
_09746_,VPWR,li1,186.9900,209.4400,1.799745
_09745_,VPWR,li1,195.2700,209.4400,1.799659
_09744_,VPWR,li1,190.2100,209.4400,1.799711
_09743_,VPWR,li1,345.0000,340.0000,1.798375
_09742_,VPWR,li1,348.9100,334.5600,1.795242
_09741_,VPWR,li1,341.0900,334.5600,1.795570
_09740_,VPWR,li1,326.6000,334.5600,1.797005
_09739_,VPWR,li1,329.5900,329.1200,1.798475
_09738_,VPWR,li1,344.5400,334.5600,1.795355
_09737_,VPWR,li1,345.4600,334.5600,1.795355
_09736_,VPWR,li1,338.7900,334.5600,1.795736
_09735_,VPWR,li1,283.5900,334.5600,1.793145
_09734_,VPWR,li1,279.9100,334.5600,1.792948
_09733_,VPWR,li1,287.5000,329.1200,1.794400
_09732_,VPWR,li1,278.9900,329.1200,1.794001
_09731_,VPWR,li1,277.6100,334.5600,1.792773
_09730_,VPWR,li1,274.8500,334.5600,1.792706
_09729_,VPWR,li1,269.7900,329.1200,1.793780
_09728_,VPWR,li1,272.5500,329.1200,1.793817
_09727_,VPWR,li1,276.4600,329.1200,1.793920
_09726_,VPWR,li1,263.8100,329.1200,1.793739
_09725_,VPWR,li1,256.4500,323.6800,1.797249
_09724_,VPWR,li1,259.4400,323.6800,1.797244
_09723_,VPWR,li1,261.2800,318.2400,1.797172
_09722_,VPWR,li1,246.3300,318.2400,1.797327
_09721_,VPWR,li1,248.6300,318.2400,1.797297
_09720_,VPWR,li1,242.6500,318.2400,1.797419
_09719_,VPWR,li1,241.5000,318.2400,1.797419
_09718_,VPWR,li1,239.4300,318.2400,1.797463
_09717_,VPWR,li1,237.3600,318.2400,1.797529
_09716_,VPWR,li1,234.3700,318.2400,1.797591
_09715_,VPWR,li1,232.0700,312.8000,1.798844
_09714_,VPWR,li1,235.0600,312.8000,1.798823
_09713_,VPWR,li1,242.8800,307.3600,1.799197
_09712_,VPWR,li1,227.9300,307.3600,1.799312
_09711_,VPWR,li1,222.8700,307.3600,1.799345
_09710_,VPWR,li1,223.3300,301.9200,1.799678
_09709_,VPWR,li1,219.1900,301.9200,1.799687
_09708_,VPWR,li1,220.1100,301.9200,1.799687
_09707_,VPWR,li1,220.5700,296.4800,1.799735
_09706_,VPWR,li1,218.5000,301.9200,1.799687
_09705_,VPWR,li1,224.4800,291.0400,1.799895
_09704_,VPWR,li1,234.6000,301.9200,1.799656
_09703_,VPWR,li1,235.2900,340.0000,1.795504
_09702_,VPWR,li1,236.6700,340.0000,1.795504
_09701_,VPWR,li1,238.7400,340.0000,1.795372
_09700_,VPWR,li1,234.6000,345.4400,1.799336
_09699_,VPWR,li1,230.2300,345.4400,1.799316
_09698_,VPWR,li1,229.3100,345.4400,1.799316
_09697_,VPWR,li1,232.5300,350.8800,1.799816
_09696_,VPWR,li1,232.5300,350.8800,1.799816
_09695_,VPWR,li1,228.8500,350.8800,1.799813
_09694_,VPWR,li1,231.1500,356.3200,1.799690
_09693_,VPWR,li1,227.4700,340.0000,1.795949
_09692_,VPWR,li1,226.7800,345.4400,1.799307
_09691_,VPWR,li1,226.5500,340.0000,1.795949
_09690_,VPWR,li1,239.2000,274.7200,1.799150
_09689_,VPWR,li1,249.3200,318.2400,1.797297
_09688_,VPWR,li1,239.8900,312.8000,1.798791
_09687_,VPWR,li1,242.6500,312.8000,1.798785
_09686_,VPWR,li1,239.2000,269.2800,1.799460
_09685_,VPWR,li1,225.1700,280.1600,1.799529
_09684_,VPWR,li1,222.8700,280.1600,1.799534
_09683_,VPWR,li1,218.7300,280.1600,1.799550
_09682_,VPWR,li1,219.8800,274.7200,1.799244
_09681_,VPWR,li1,215.9700,274.7200,1.799276
_09680_,VPWR,li1,213.2100,274.7200,1.799290
_09679_,VPWR,li1,214.5900,274.7200,1.799276
_09678_,VPWR,li1,224.4800,263.8400,1.799706
_09677_,VPWR,li1,211.8300,269.2800,1.799615
_09676_,VPWR,li1,213.4400,263.8400,1.799717
_09675_,VPWR,li1,208.6100,263.8400,1.799724
_09674_,VPWR,li1,204.4700,263.8400,1.799728
_09673_,VPWR,li1,207.4600,263.8400,1.799724
_09672_,VPWR,li1,205.6200,258.4000,1.799769
_09671_,VPWR,li1,210.2200,252.9600,1.799825
_09670_,VPWR,li1,214.3600,258.4000,1.799747
_09669_,VPWR,li1,212.7500,285.6000,1.799883
_09668_,VPWR,li1,217.3500,285.6000,1.799879
_09667_,VPWR,li1,207.2300,285.6000,1.799888
_09666_,VPWR,li1,205.1600,285.6000,1.799892
_09665_,VPWR,li1,209.7600,285.6000,1.799885
_09664_,VPWR,li1,208.8400,291.0400,1.799906
_09663_,VPWR,li1,213.4400,285.6000,1.799883
_09662_,VPWR,li1,233.4500,285.6000,1.799864
_09661_,VPWR,li1,219.8800,236.6400,1.799742
_09660_,VPWR,li1,230.0000,274.7200,1.799189
_09659_,VPWR,li1,218.2700,225.7600,1.799426
_09658_,VPWR,li1,221.2600,231.2000,1.799784
_09657_,VPWR,li1,221.7200,225.7600,1.799414
_09656_,VPWR,li1,211.3700,225.7600,1.799486
_09655_,VPWR,li1,207.6900,231.2000,1.799814
_09654_,VPWR,li1,209.5300,231.2000,1.799809
_09653_,VPWR,li1,204.4700,231.2000,1.799821
_09652_,VPWR,li1,207.2300,231.2000,1.799814
_09651_,VPWR,li1,203.0900,236.6400,1.799786
_09650_,VPWR,li1,205.6200,242.0800,1.799605
_09649_,VPWR,li1,207.2300,247.5200,1.799589
_09648_,VPWR,li1,208.8400,242.0800,1.799593
_09647_,VPWR,li1,212.7500,252.9600,1.799821
_09646_,VPWR,li1,210.6800,247.5200,1.799562
_09645_,VPWR,li1,202.8600,187.6800,1.799741
_09644_,VPWR,li1,211.1400,236.6400,1.799763
_09643_,VPWR,li1,205.8500,220.3200,1.799761
_09642_,VPWR,li1,208.6100,220.3200,1.799752
_09641_,VPWR,li1,208.3800,214.8800,1.799820
_09640_,VPWR,li1,198.9500,214.8800,1.799847
_09639_,VPWR,li1,201.2500,214.8800,1.799840
_09638_,VPWR,li1,192.9700,198.5600,1.799918
_09637_,VPWR,li1,195.7300,198.5600,1.799913
_09636_,VPWR,li1,190.2100,198.5600,1.799923
_09635_,VPWR,li1,194.3500,198.5600,1.799918
_09634_,VPWR,li1,185.6100,198.5600,1.799933
_09633_,VPWR,li1,183.3100,198.5600,1.799942
_09632_,VPWR,li1,181.7000,198.5600,1.799942
_09631_,VPWR,li1,182.6200,193.1200,1.799840
_09630_,VPWR,li1,192.7400,198.5600,1.799918
_09629_,VPWR,li1,190.4400,187.6800,1.799772
_09628_,VPWR,li1,195.7300,214.8800,1.799855
_09627_,VPWR,li1,200.5600,214.8800,1.799840
_09626_,VPWR,li1,220.3400,209.4400,1.799606
_09625_,VPWR,li1,192.5100,209.4400,1.799687
_09624_,VPWR,li1,194.3500,204.0000,1.799911
_09623_,VPWR,li1,199.6400,204.0000,1.799900
_09622_,VPWR,li1,255.9900,329.1200,1.793805
_09621_,VPWR,li1,261.0500,329.1200,1.793748
_09620_,VPWR,li1,255.7600,345.4400,1.799416
_09619_,VPWR,li1,257.6000,318.2400,1.797208
_09618_,VPWR,li1,334.1900,334.5600,1.796238
_09617_,VPWR,li1,331.8900,334.5600,1.796559
_09616_,VPWR,li1,329.5900,334.5600,1.796920
_09615_,VPWR,li1,324.3000,329.1200,1.797911
_09614_,VPWR,li1,292.3300,329.1200,1.794777
_09613_,VPWR,li1,292.3300,329.1200,1.794777
_09612_,VPWR,li1,285.4300,329.1200,1.794252
_09611_,VPWR,li1,293.2500,323.6800,1.797574
_09610_,VPWR,li1,280.8300,329.1200,1.794071
_09609_,VPWR,li1,277.1500,323.6800,1.797269
_09608_,VPWR,li1,280.8300,323.6800,1.797318
_09607_,VPWR,li1,277.1500,312.8000,1.798791
_09606_,VPWR,li1,267.0300,318.2400,1.797167
_09605_,VPWR,li1,262.8900,307.3600,1.799048
_09604_,VPWR,li1,261.5100,301.9200,1.799619
_09603_,VPWR,li1,265.1900,269.2800,1.799396
_09602_,VPWR,li1,244.0300,274.7200,1.799148
_09601_,VPWR,li1,241.2700,280.1600,1.799562
_09600_,VPWR,li1,240.3500,274.7200,1.799150
_09599_,VPWR,li1,232.5300,274.7200,1.799174
_09598_,VPWR,li1,233.2200,269.2800,1.799490
_09597_,VPWR,li1,227.4700,274.7200,1.799200
_09596_,VPWR,li1,225.6300,269.2800,1.799533
_09595_,VPWR,li1,228.3900,269.2800,1.799521
_09594_,VPWR,li1,237.8200,263.8400,1.799700
_09593_,VPWR,li1,221.9500,263.8400,1.799708
_09592_,VPWR,li1,219.6500,263.8400,1.799710
_09591_,VPWR,li1,222.6400,263.8400,1.799708
_09590_,VPWR,li1,217.8100,258.4000,1.799739
_09589_,VPWR,li1,212.7500,258.4000,1.799753
_09588_,VPWR,li1,215.7400,258.4000,1.799747
_09587_,VPWR,li1,222.4100,252.9600,1.799801
_09586_,VPWR,li1,224.9400,258.4000,1.799727
_09585_,VPWR,li1,226.5500,291.0400,1.799895
_09584_,VPWR,li1,228.8500,291.0400,1.799894
_09583_,VPWR,li1,233.4500,291.0400,1.799894
_09582_,VPWR,li1,234.3700,285.6000,1.799864
_09581_,VPWR,li1,229.7700,285.6000,1.799867
_09580_,VPWR,li1,233.9100,280.1600,1.799542
_09579_,VPWR,li1,219.1900,291.0400,1.799898
_09578_,VPWR,li1,223.1000,296.4800,1.799734
_09577_,VPWR,li1,222.1800,291.0400,1.799896
_09576_,VPWR,li1,218.2700,296.4800,1.799736
_09575_,VPWR,li1,216.2000,291.0400,1.799900
_09574_,VPWR,li1,217.3500,296.4800,1.799737
_09573_,VPWR,li1,231.8400,242.0800,1.799528
_09572_,VPWR,li1,244.7200,274.7200,1.799155
_09571_,VPWR,li1,237.1300,274.7200,1.799155
_09570_,VPWR,li1,235.0600,225.7600,1.799402
_09569_,VPWR,li1,226.5500,225.7600,1.799402
_09568_,VPWR,li1,222.8700,231.2000,1.799784
_09567_,VPWR,li1,222.8700,236.6400,1.799734
_09566_,VPWR,li1,218.7300,236.6400,1.799742
_09565_,VPWR,li1,215.0500,236.6400,1.799754
_09564_,VPWR,li1,213.6700,247.5200,1.799546
_09563_,VPWR,li1,209.9900,247.5200,1.799574
_09562_,VPWR,li1,214.1300,247.5200,1.799546
_09561_,VPWR,li1,215.5100,252.9600,1.799817
_09560_,VPWR,li1,217.1200,247.5200,1.799528
_09559_,VPWR,li1,213.9000,236.6400,1.799754
_09558_,VPWR,li1,232.9900,231.2000,1.799779
_09557_,VPWR,li1,215.7400,193.1200,1.799741
_09556_,VPWR,li1,225.8600,236.6400,1.799731
_09555_,VPWR,li1,219.6500,225.7600,1.799426
_09554_,VPWR,li1,223.3300,225.7600,1.799414
_09553_,VPWR,li1,216.8900,220.3200,1.799729
_09552_,VPWR,li1,211.8300,220.3200,1.799745
_09551_,VPWR,li1,208.1500,193.1200,1.799758
_09550_,VPWR,li1,202.1700,193.1200,1.799776
_09549_,VPWR,li1,200.7900,187.6800,1.799748
_09548_,VPWR,li1,193.8900,187.6800,1.799766
_09547_,VPWR,li1,196.1900,187.6800,1.799757
_09546_,VPWR,li1,190.6700,187.6800,1.799772
_09545_,VPWR,li1,193.6600,187.6800,1.799766
_09544_,VPWR,li1,188.3700,187.6800,1.799781
_09543_,VPWR,li1,201.4800,198.5600,1.799903
_09542_,VPWR,li1,203.7800,187.6800,1.799741
_09541_,VPWR,li1,209.0700,214.8800,1.799820
_09540_,VPWR,li1,208.6100,209.4400,1.799590
_09539_,VPWR,li1,210.6800,209.4400,1.799592
_09538_,VPWR,li1,209.5300,209.4400,1.799590
_09537_,VPWR,li1,202.6300,209.4400,1.799584
_09536_,VPWR,li1,197.5700,204.0000,1.799904
_09535_,VPWR,li1,202.6300,204.0000,1.799895
_09534_,VPWR,li1,200.7900,204.0000,1.799900
_09533_,VPWR,li1,202.4000,204.0000,1.799895
_09532_,VPWR,li1,262.8900,318.2400,1.797172
_09531_,VPWR,li1,260.8200,312.8000,1.798778
_09530_,VPWR,li1,256.9100,318.2400,1.797208
_09529_,VPWR,li1,253.2300,318.2400,1.797246
_09528_,VPWR,li1,250.9300,312.8000,1.798780
_09527_,VPWR,li1,253.6900,312.8000,1.798779
_09526_,VPWR,li1,255.9900,312.8000,1.798779
_09525_,VPWR,li1,256.2200,307.3600,1.799091
_09524_,VPWR,li1,245.8700,307.3600,1.799163
_09523_,VPWR,li1,239.4300,307.3600,1.799216
_09522_,VPWR,li1,241.2700,307.3600,1.799197
_09521_,VPWR,li1,239.4300,301.9200,1.799648
_09520_,VPWR,li1,236.2100,301.9200,1.799656
_09519_,VPWR,li1,232.0700,301.9200,1.799661
_09518_,VPWR,li1,226.3200,296.4800,1.799734
_09517_,VPWR,li1,243.3400,296.4800,1.799738
_09516_,VPWR,li1,247.9400,301.9200,1.799635
_09515_,VPWR,li1,256.4500,345.4400,1.799426
_09514_,VPWR,li1,250.4700,345.4400,1.799397
_09513_,VPWR,li1,253.4600,345.4400,1.799407
_09512_,VPWR,li1,255.7600,350.8800,1.799834
_09511_,VPWR,li1,243.1100,345.4400,1.799368
_09510_,VPWR,li1,240.8100,340.0000,1.795206
_09509_,VPWR,li1,245.4100,345.4400,1.799378
_09508_,VPWR,li1,242.8800,345.4400,1.799368
_09507_,VPWR,li1,242.6500,340.0000,1.795110
_09506_,VPWR,li1,237.8200,345.4400,1.799343
_09505_,VPWR,li1,238.9700,350.8800,1.799820
_09504_,VPWR,li1,237.3600,350.8800,1.799819
_09503_,VPWR,li1,238.9700,350.8800,1.799820
_09502_,VPWR,li1,245.6400,356.3200,1.799678
_09501_,VPWR,li1,233.4500,356.3200,1.799688
_09500_,VPWR,li1,235.5200,350.8800,1.799817
_09499_,VPWR,li1,234.8300,350.8800,1.799817
_09498_,VPWR,li1,244.7200,350.8800,1.799825
_09497_,VPWR,li1,258.9800,274.7200,1.799226
_09496_,VPWR,li1,267.2600,312.8000,1.798781
_09495_,VPWR,li1,277.1500,329.1200,1.793920
_09494_,VPWR,li1,273.0100,323.6800,1.797263
_09493_,VPWR,li1,273.7000,329.1200,1.793860
_09492_,VPWR,li1,272.3200,345.4400,1.799505
_09491_,VPWR,li1,342.4700,334.5600,1.795451
_09490_,VPWR,li1,336.7200,329.1200,1.798324
_09489_,VPWR,li1,343.3900,329.1200,1.798158
_09488_,VPWR,li1,342.4700,329.1200,1.798195
_09487_,VPWR,li1,336.4900,334.5600,1.795971
_09486_,VPWR,li1,330.9700,323.6800,1.798861
_09485_,VPWR,li1,321.7700,329.1200,1.797625
_09484_,VPWR,li1,318.5500,323.6800,1.798460
_09483_,VPWR,li1,320.8500,323.6800,1.798600
_09482_,VPWR,li1,320.6200,323.6800,1.798600
_09481_,VPWR,li1,290.9500,323.6800,1.797511
_09480_,VPWR,li1,286.3500,318.2400,1.797444
_09479_,VPWR,li1,290.7200,318.2400,1.797556
_09478_,VPWR,li1,294.4000,318.2400,1.797690
_09477_,VPWR,li1,281.2900,318.2400,1.797340
_09476_,VPWR,li1,272.0900,307.3600,1.799063
_09475_,VPWR,li1,274.8500,307.3600,1.799081
_09474_,VPWR,li1,269.1000,247.5200,1.799295
_09473_,VPWR,li1,268.4100,269.2800,1.799400
_09472_,VPWR,li1,262.8900,269.2800,1.799395
_09471_,VPWR,li1,261.5100,274.7200,1.799241
_09470_,VPWR,li1,261.7400,269.2800,1.799395
_09469_,VPWR,li1,259.4400,242.0800,1.799486
_09468_,VPWR,li1,240.8100,225.7600,1.799417
_09467_,VPWR,li1,233.9100,242.0800,1.799520
_09466_,VPWR,li1,228.8500,242.0800,1.799532
_09465_,VPWR,li1,229.5400,242.0800,1.799532
_09464_,VPWR,li1,226.5500,242.0800,1.799539
_09463_,VPWR,li1,223.3300,236.6400,1.799734
_09462_,VPWR,li1,215.9700,231.2000,1.799795
_09461_,VPWR,li1,218.7300,231.2000,1.799789
_09460_,VPWR,li1,232.9900,236.6400,1.799718
_09459_,VPWR,li1,234.8300,231.2000,1.799778
_09458_,VPWR,li1,237.8200,236.6400,1.799712
_09457_,VPWR,li1,222.8700,247.5200,1.799500
_09456_,VPWR,li1,224.9400,247.5200,1.799491
_09455_,VPWR,li1,220.8000,247.5200,1.799512
_09454_,VPWR,li1,226.3200,247.5200,1.799491
_09453_,VPWR,li1,228.8500,247.5200,1.799471
_09452_,VPWR,li1,227.7000,193.1200,1.799718
_09451_,VPWR,li1,242.6500,242.0800,1.799505
_09450_,VPWR,li1,231.6100,225.7600,1.799400
_09449_,VPWR,li1,231.3800,225.7600,1.799400
_09448_,VPWR,li1,231.8400,220.3200,1.799708
_09447_,VPWR,li1,221.4900,220.3200,1.799722
_09446_,VPWR,li1,221.0300,193.1200,1.799731
_09445_,VPWR,li1,215.0500,193.1200,1.799741
_09444_,VPWR,li1,210.4500,193.1200,1.799753
_09443_,VPWR,li1,208.6100,187.6800,1.799732
_09442_,VPWR,li1,209.0700,182.2400,1.799743
_09441_,VPWR,li1,204.0100,182.2400,1.799764
_09440_,VPWR,li1,207.0000,182.2400,1.799752
_09439_,VPWR,li1,201.7100,182.2400,1.799773
_09438_,VPWR,li1,214.5900,198.5600,1.799885
_09437_,VPWR,li1,216.2000,187.6800,1.799713
_09436_,VPWR,li1,217.8100,214.8800,1.799803
_09435_,VPWR,li1,221.4900,214.8800,1.799799
_09434_,VPWR,li1,220.3400,214.8800,1.799799
_09433_,VPWR,li1,215.0500,209.4400,1.799597
_09432_,VPWR,li1,206.3100,204.0000,1.799890
_09431_,VPWR,li1,204.9300,204.0000,1.799890
_09430_,VPWR,li1,205.8500,198.5600,1.799897
_09429_,VPWR,li1,208.6100,198.5600,1.799893
_09428_,VPWR,li1,205.1600,198.5600,1.799900
_09427_,VPWR,li1,227.0100,209.4400,1.799617
_09426_,VPWR,li1,227.9300,209.4400,1.799617
_09425_,VPWR,li1,257.3700,269.2800,1.799404
_09424_,VPWR,li1,253.2300,274.7200,1.799194
_09423_,VPWR,li1,256.2200,274.7200,1.799205
_09422_,VPWR,li1,247.2500,274.7200,1.799166
_09421_,VPWR,li1,244.0300,269.2800,1.799443
_09420_,VPWR,li1,246.7900,269.2800,1.799434
_09419_,VPWR,li1,245.6400,263.8400,1.799699
_09418_,VPWR,li1,239.4300,263.8400,1.799700
_09417_,VPWR,li1,232.5300,263.8400,1.799702
_09416_,VPWR,li1,235.5200,263.8400,1.799701
_09415_,VPWR,li1,231.6100,258.4000,1.799714
_09414_,VPWR,li1,228.3900,258.4000,1.799718
_09413_,VPWR,li1,226.3200,258.4000,1.799722
_09412_,VPWR,li1,234.8300,252.9600,1.799781
_09411_,VPWR,li1,239.6600,258.4000,1.799700
_09410_,VPWR,li1,240.8100,296.4800,1.799737
_09409_,VPWR,li1,241.7300,291.0400,1.799894
_09408_,VPWR,li1,243.3400,291.0400,1.799894
_09407_,VPWR,li1,241.2700,291.0400,1.799894
_09406_,VPWR,li1,246.3300,285.6000,1.799860
_09405_,VPWR,li1,240.1200,285.6000,1.799862
_09404_,VPWR,li1,238.0500,291.0400,1.799894
_09403_,VPWR,li1,235.2900,291.0400,1.799894
_09402_,VPWR,li1,241.5000,285.6000,1.799862
_09401_,VPWR,li1,238.7400,280.1600,1.799556
_09400_,VPWR,li1,233.4500,296.4800,1.799735
_09399_,VPWR,li1,230.4600,296.4800,1.799734
_09398_,VPWR,li1,231.6100,301.9200,1.799664
_09397_,VPWR,li1,229.7700,296.4800,1.799734
_09396_,VPWR,li1,232.9900,296.4800,1.799735
_09395_,VPWR,li1,252.5400,236.6400,1.799696
_09394_,VPWR,li1,254.8400,263.8400,1.799700
_09393_,VPWR,li1,278.0700,318.2400,1.797297
_09392_,VPWR,li1,274.8500,318.2400,1.797257
_09391_,VPWR,li1,272.0900,318.2400,1.797218
_09390_,VPWR,li1,271.6300,318.2400,1.797218
_09389_,VPWR,li1,268.8700,318.2400,1.797189
_09388_,VPWR,li1,266.1100,307.3600,1.799052
_09387_,VPWR,li1,268.8700,307.3600,1.799057
_09386_,VPWR,li1,271.8600,301.9200,1.799621
_09385_,VPWR,li1,258.2900,307.3600,1.799077
_09384_,VPWR,li1,254.1500,307.3600,1.799106
_09383_,VPWR,li1,255.9900,301.9200,1.799625
_09382_,VPWR,li1,250.9300,301.9200,1.799632
_09381_,VPWR,li1,253.6900,301.9200,1.799628
_09380_,VPWR,li1,247.7100,301.9200,1.799635
_09379_,VPWR,li1,249.7800,296.4800,1.799741
_09378_,VPWR,li1,255.0700,296.4800,1.799746
_09377_,VPWR,li1,257.3700,296.4800,1.799747
_09376_,VPWR,li1,253.4600,285.6000,1.799860
_09375_,VPWR,li1,261.7400,296.4800,1.799753
_09374_,VPWR,li1,269.7900,345.4400,1.799491
_09373_,VPWR,li1,275.3100,350.8800,1.799858
_09372_,VPWR,li1,273.4700,350.8800,1.799855
_09371_,VPWR,li1,271.4000,350.8800,1.799853
_09370_,VPWR,li1,259.2100,350.8800,1.799838
_09369_,VPWR,li1,256.4500,350.8800,1.799834
_09368_,VPWR,li1,259.9000,345.4400,1.799443
_09367_,VPWR,li1,252.3100,345.4400,1.799407
_09366_,VPWR,li1,254.6100,356.3200,1.799670
_09365_,VPWR,li1,257.3700,356.3200,1.799669
_09364_,VPWR,li1,260.5900,356.3200,1.799668
_09363_,VPWR,li1,248.6300,356.3200,1.799674
_09362_,VPWR,li1,246.3300,356.3200,1.799676
_09361_,VPWR,li1,248.6300,356.3200,1.799674
_09360_,VPWR,li1,244.0300,356.3200,1.799678
_09359_,VPWR,li1,242.6500,350.8800,1.799823
_09358_,VPWR,li1,246.5600,361.7600,1.799442
_09357_,VPWR,li1,270.4800,263.8400,1.799715
_09356_,VPWR,li1,281.5200,307.3600,1.799133
_09355_,VPWR,li1,285.4300,323.6800,1.797417
_09354_,VPWR,li1,287.2700,323.6800,1.797447
_09353_,VPWR,li1,290.0300,323.6800,1.797479
_09352_,VPWR,li1,287.9600,340.0000,1.795413
_09351_,VPWR,li1,310.0400,323.6800,1.798164
_09350_,VPWR,li1,347.5300,329.1200,1.798113
_09349_,VPWR,li1,347.9900,323.6800,1.798337
_09348_,VPWR,li1,345.6900,329.1200,1.798129
_09347_,VPWR,li1,342.9300,323.6800,1.798415
_09346_,VPWR,li1,338.1000,323.6800,1.798574
_09345_,VPWR,li1,346.6100,323.6800,1.798337
_09344_,VPWR,li1,343.1600,318.2400,1.798717
_09343_,VPWR,li1,334.4200,318.2400,1.798934
_09342_,VPWR,li1,330.7400,323.6800,1.798861
_09341_,VPWR,li1,328.6700,318.2400,1.799004
_09340_,VPWR,li1,331.6600,318.2400,1.798996
_09339_,VPWR,li1,317.8600,323.6800,1.798460
_09338_,VPWR,li1,315.5600,323.6800,1.798344
_09337_,VPWR,li1,312.5700,312.8000,1.799120
_09336_,VPWR,li1,317.4000,312.8000,1.799188
_09335_,VPWR,li1,297.6200,318.2400,1.797801
_09334_,VPWR,li1,299.9200,318.2400,1.797886
_09333_,VPWR,li1,297.1600,247.5200,1.799299
_09332_,VPWR,li1,294.8600,242.0800,1.799559
_09331_,VPWR,li1,269.1000,242.0800,1.799492
_09330_,VPWR,li1,268.1800,247.5200,1.799300
_09329_,VPWR,li1,266.5700,236.6400,1.799689
_09328_,VPWR,li1,267.2600,242.0800,1.799490
_09327_,VPWR,li1,262.6600,242.0800,1.799487
_09326_,VPWR,li1,259.9000,236.6400,1.799691
_09325_,VPWR,li1,255.5300,220.3200,1.799693
_09324_,VPWR,li1,256.2200,220.3200,1.799693
_09323_,VPWR,li1,234.6000,220.3200,1.799705
_09322_,VPWR,li1,232.3000,220.3200,1.799708
_09321_,VPWR,li1,230.6900,193.1200,1.799714
_09320_,VPWR,li1,226.0900,187.6800,1.799698
_09319_,VPWR,li1,229.0800,187.6800,1.799693
_09318_,VPWR,li1,220.5700,187.6800,1.799705
_09317_,VPWR,li1,222.8700,187.6800,1.799701
_09316_,VPWR,li1,220.1100,187.6800,1.799708
_09315_,VPWR,li1,223.1000,187.6800,1.799701
_09314_,VPWR,li1,213.2100,187.6800,1.799719
_09313_,VPWR,li1,225.8600,193.1200,1.799721
_09312_,VPWR,li1,235.5200,193.1200,1.799707
_09311_,VPWR,li1,229.5400,214.8800,1.799792
_09310_,VPWR,li1,231.8400,214.8800,1.799789
_09309_,VPWR,li1,235.5200,214.8800,1.799787
_09308_,VPWR,li1,226.3200,214.8800,1.799795
_09307_,VPWR,li1,223.5600,214.8800,1.799797
_09306_,VPWR,li1,224.9400,204.0000,1.799863
_09305_,VPWR,li1,222.4100,209.4400,1.799609
_09304_,VPWR,li1,219.4200,209.4400,1.799602
_09303_,VPWR,li1,227.4700,204.0000,1.799860
_09302_,VPWR,li1,226.3200,209.4400,1.799613
_09301_,VPWR,li1,231.1500,204.0000,1.799853
_09300_,VPWR,li1,230.4600,209.4400,1.799624
_09299_,VPWR,li1,216.4300,204.0000,1.799874
_09298_,VPWR,li1,218.7300,204.0000,1.799870
_09297_,VPWR,li1,215.7400,204.0000,1.799874
_09296_,VPWR,li1,213.6700,198.5600,1.799888
_09295_,VPWR,li1,216.8900,198.5600,1.799883
_09294_,VPWR,li1,255.5300,242.0800,1.799489
_09293_,VPWR,li1,252.3100,242.0800,1.799493
_09292_,VPWR,li1,248.8600,242.0800,1.799496
_09291_,VPWR,li1,245.8700,242.0800,1.799500
_09290_,VPWR,li1,242.1900,236.6400,1.799707
_09289_,VPWR,li1,244.4900,236.6400,1.799704
_09288_,VPWR,li1,244.0300,231.2000,1.799775
_09287_,VPWR,li1,241.2700,236.6400,1.799707
_09286_,VPWR,li1,236.6700,231.2000,1.799777
_09285_,VPWR,li1,235.2900,236.6400,1.799715
_09284_,VPWR,li1,241.0400,231.2000,1.799776
_09283_,VPWR,li1,238.9700,231.2000,1.799776
_09282_,VPWR,li1,238.0500,252.9600,1.799774
_09281_,VPWR,li1,240.1200,247.5200,1.799424
_09280_,VPWR,li1,235.5200,247.5200,1.799443
_09279_,VPWR,li1,238.7400,247.5200,1.799424
_09278_,VPWR,li1,234.8300,247.5200,1.799443
_09277_,VPWR,li1,254.8400,204.0000,1.799831
_09276_,VPWR,li1,256.4500,236.6400,1.799694
_09275_,VPWR,li1,268.4100,258.4000,1.799669
_09274_,VPWR,li1,266.5700,258.4000,1.799669
_09273_,VPWR,li1,270.9400,258.4000,1.799673
_09272_,VPWR,li1,260.5900,263.8400,1.799704
_09271_,VPWR,li1,258.7500,258.4000,1.799675
_09270_,VPWR,li1,257.1400,263.8400,1.799701
_09269_,VPWR,li1,257.8300,263.8400,1.799701
_09268_,VPWR,li1,259.9000,247.5200,1.799329
_09267_,VPWR,li1,248.1700,263.8400,1.799699
_09266_,VPWR,li1,244.4900,258.4000,1.799692
_09265_,VPWR,li1,245.8700,258.4000,1.799692
_09264_,VPWR,li1,243.1100,258.4000,1.799696
_09263_,VPWR,li1,236.2100,258.4000,1.799704
_09262_,VPWR,li1,239.2000,258.4000,1.799700
_09261_,VPWR,li1,246.3300,252.9600,1.799760
_09260_,VPWR,li1,248.8600,258.4000,1.799687
_09259_,VPWR,li1,256.4500,285.6000,1.799860
_09258_,VPWR,li1,259.4400,285.6000,1.799861
_09257_,VPWR,li1,256.2200,285.6000,1.799860
_09256_,VPWR,li1,258.7500,285.6000,1.799861
_09255_,VPWR,li1,261.5100,280.1600,1.799628
_09254_,VPWR,li1,252.7700,285.6000,1.799860
_09253_,VPWR,li1,250.0100,280.1600,1.799587
_09252_,VPWR,li1,248.6300,285.6000,1.799860
_09251_,VPWR,li1,246.7900,280.1600,1.799575
_09250_,VPWR,li1,238.2800,285.6000,1.799863
_09249_,VPWR,li1,245.8700,285.6000,1.799860
_09248_,VPWR,li1,251.8500,291.0400,1.799896
_09247_,VPWR,li1,250.9300,269.2800,1.799422
_09246_,VPWR,li1,254.6100,291.0400,1.799898
_09245_,VPWR,li1,252.3100,296.4800,1.799744
_09244_,VPWR,li1,248.6300,296.4800,1.799741
_09243_,VPWR,li1,264.2700,231.2000,1.799772
_09242_,VPWR,li1,272.3200,258.4000,1.799673
_09241_,VPWR,li1,292.7900,312.8000,1.798898
_09240_,VPWR,li1,295.5500,312.8000,1.798923
_09239_,VPWR,li1,287.7300,312.8000,1.798852
_09238_,VPWR,li1,290.0300,312.8000,1.798867
_09237_,VPWR,li1,284.9700,307.3600,1.799162
_09236_,VPWR,li1,281.7500,307.3600,1.799133
_09235_,VPWR,li1,281.7500,312.8000,1.798816
_09234_,VPWR,li1,279.4500,307.3600,1.799117
_09233_,VPWR,li1,288.1900,296.4800,1.799804
_09232_,VPWR,li1,276.6900,301.9200,1.799623
_09231_,VPWR,li1,271.6300,301.9200,1.799620
_09230_,VPWR,li1,275.3100,301.9200,1.799623
_09229_,VPWR,li1,266.5700,296.4800,1.799760
_09228_,VPWR,li1,263.5800,301.9200,1.799619
_09227_,VPWR,li1,262.8900,296.4800,1.799753
_09226_,VPWR,li1,267.4900,296.4800,1.799760
_09225_,VPWR,li1,258.2900,296.4800,1.799747
_09224_,VPWR,li1,275.7700,291.0400,1.799908
_09223_,VPWR,li1,278.5300,291.0400,1.799909
_09222_,VPWR,li1,265.6500,291.0400,1.799902
_09221_,VPWR,li1,259.4400,296.4800,1.799750
_09220_,VPWR,li1,270.9400,280.1600,1.799661
_09219_,VPWR,li1,277.8400,285.6000,1.799873
_09218_,VPWR,li1,284.5100,340.0000,1.795182
_09217_,VPWR,li1,288.6500,340.0000,1.795587
_09216_,VPWR,li1,290.4900,340.0000,1.795741
_09215_,VPWR,li1,286.8100,345.4400,1.799583
_09214_,VPWR,li1,284.7400,345.4400,1.799572
_09213_,VPWR,li1,279.9100,350.8800,1.799865
_09212_,VPWR,li1,277.1500,350.8800,1.799861
_09211_,VPWR,li1,276.6900,345.4400,1.799528
_09210_,VPWR,li1,279.6800,345.4400,1.799542
_09209_,VPWR,li1,270.2500,345.4400,1.799491
_09208_,VPWR,li1,278.0700,356.3200,1.799705
_09207_,VPWR,li1,273.9300,356.3200,1.799688
_09206_,VPWR,li1,281.2900,356.3200,1.799717
_09205_,VPWR,li1,268.8700,356.3200,1.799666
_09204_,VPWR,li1,271.1700,356.3200,1.799677
_09203_,VPWR,li1,263.5800,356.3200,1.799667
_09202_,VPWR,li1,260.1300,361.7600,1.799482
_09201_,VPWR,li1,260.5900,356.3200,1.799668
_09200_,VPWR,li1,287.0400,258.4000,1.799710
_09199_,VPWR,li1,297.8500,312.8000,1.798946
_09198_,VPWR,li1,311.1900,323.6800,1.798164
_09197_,VPWR,li1,307.9700,323.6800,1.798090
_09196_,VPWR,li1,308.4300,329.1200,1.796311
_09195_,VPWR,li1,302.2200,323.6800,1.797878
_09194_,VPWR,li1,307.2800,312.8000,1.799034
_09193_,VPWR,li1,350.2900,334.5600,1.795219
_09192_,VPWR,li1,357.6500,301.9200,1.799194
_09191_,VPWR,li1,347.0700,329.1200,1.798129
_09190_,VPWR,li1,352.8200,323.6800,1.798286
_09189_,VPWR,li1,350.5200,318.2400,1.798618
_09188_,VPWR,li1,347.5300,318.2400,1.798641
_09187_,VPWR,li1,345.4600,318.2400,1.798669
_09186_,VPWR,li1,342.4700,318.2400,1.798717
_09185_,VPWR,li1,339.4800,318.2400,1.798785
_09184_,VPWR,li1,336.7200,318.2400,1.798848
_09183_,VPWR,li1,336.7200,312.8000,1.799443
_09182_,VPWR,li1,326.8300,312.8000,1.799471
_09181_,VPWR,li1,330.0500,318.2400,1.799092
_09180_,VPWR,li1,324.5300,312.8000,1.799349
_09179_,VPWR,li1,324.0700,318.2400,1.798818
_09178_,VPWR,li1,322.9200,312.8000,1.799349
_09177_,VPWR,li1,316.4800,307.3600,1.799468
_09176_,VPWR,li1,318.7800,307.3600,1.799495
_09175_,VPWR,li1,313.0300,312.8000,1.799120
_09174_,VPWR,li1,310.0400,252.9600,1.799740
_09173_,VPWR,li1,320.3900,307.3600,1.799495
_09172_,VPWR,li1,307.2800,247.5200,1.799366
_09171_,VPWR,li1,292.5600,247.5200,1.799282
_09170_,VPWR,li1,291.8700,247.5200,1.799282
_09169_,VPWR,li1,281.0600,236.6400,1.799713
_09168_,VPWR,li1,294.6300,247.5200,1.799288
_09167_,VPWR,li1,278.0700,236.6400,1.799705
_09166_,VPWR,li1,266.5700,236.6400,1.799689
_09165_,VPWR,li1,272.0900,236.6400,1.799694
_09164_,VPWR,li1,266.8000,220.3200,1.799701
_09163_,VPWR,li1,264.9600,220.3200,1.799698
_09162_,VPWR,li1,258.5200,220.3200,1.799694
_09161_,VPWR,li1,260.8200,220.3200,1.799695
_09160_,VPWR,li1,255.9900,214.8800,1.799784
_09159_,VPWR,li1,249.3200,214.8800,1.799782
_09158_,VPWR,li1,257.8300,214.8800,1.799786
_09157_,VPWR,li1,251.6200,214.8800,1.799782
_09156_,VPWR,li1,251.1600,209.4400,1.799669
_09155_,VPWR,li1,238.7400,209.4400,1.799642
_09154_,VPWR,li1,241.5000,214.8800,1.799783
_09153_,VPWR,li1,229.7700,198.5600,1.799868
_09152_,VPWR,li1,227.9300,198.5600,1.799870
_09151_,VPWR,li1,226.0900,198.5600,1.799872
_09150_,VPWR,li1,223.1000,198.5600,1.799875
_09149_,VPWR,li1,226.5500,198.5600,1.799872
_09148_,VPWR,li1,238.7400,214.8800,1.799785
_09147_,VPWR,li1,232.7600,214.8800,1.799789
_09146_,VPWR,li1,241.5000,220.3200,1.799701
_09145_,VPWR,li1,236.9000,209.4400,1.799638
_09144_,VPWR,li1,234.6000,209.4400,1.799633
_09143_,VPWR,li1,233.9100,204.0000,1.799851
_09142_,VPWR,li1,240.5800,204.0000,1.799843
_09141_,VPWR,li1,235.5200,204.0000,1.799848
_09140_,VPWR,li1,251.8500,204.0000,1.799833
_09139_,VPWR,li1,248.1700,204.0000,1.799835
_09138_,VPWR,li1,251.8500,204.0000,1.799833
_09137_,VPWR,li1,240.3500,193.1200,1.799702
_09136_,VPWR,li1,241.7300,193.1200,1.799699
_09135_,VPWR,li1,239.4300,193.1200,1.799702
_09134_,VPWR,li1,239.2000,187.6800,1.799676
_09133_,VPWR,li1,245.4100,198.5600,1.799855
_09132_,VPWR,li1,255.9900,198.5600,1.799850
_09131_,VPWR,li1,266.8000,231.2000,1.799772
_09130_,VPWR,li1,270.9400,231.2000,1.799774
_09129_,VPWR,li1,263.5800,236.6400,1.799690
_09128_,VPWR,li1,261.5100,236.6400,1.799690
_09127_,VPWR,li1,252.5400,236.6400,1.799696
_09126_,VPWR,li1,254.8400,236.6400,1.799694
_09125_,VPWR,li1,248.8600,231.2000,1.799773
_09124_,VPWR,li1,251.6200,231.2000,1.799773
_09123_,VPWR,li1,255.0700,193.1200,1.799689
_09122_,VPWR,li1,245.8700,231.2000,1.799774
_09121_,VPWR,li1,248.6300,225.7600,1.799447
_09120_,VPWR,li1,245.4100,225.7600,1.799438
_09119_,VPWR,li1,244.4900,225.7600,1.799428
_09118_,VPWR,li1,251.8500,247.5200,1.799364
_09117_,VPWR,li1,249.5500,247.5200,1.799375
_09116_,VPWR,li1,247.4800,247.5200,1.799384
_09115_,VPWR,li1,248.6300,247.5200,1.799384
_09114_,VPWR,li1,245.4100,247.5200,1.799394
_09113_,VPWR,li1,263.5800,204.0000,1.799828
_09112_,VPWR,li1,290.9500,252.9600,1.799720
_09111_,VPWR,li1,281.2900,258.4000,1.799693
_09110_,VPWR,li1,284.2800,258.4000,1.799702
_09109_,VPWR,li1,278.0700,258.4000,1.799686
_09108_,VPWR,li1,271.6300,252.9600,1.799732
_09107_,VPWR,li1,268.6400,252.9600,1.799736
_09106_,VPWR,li1,274.3900,252.9600,1.799730
_09105_,VPWR,li1,280.8300,252.9600,1.799727
_09104_,VPWR,li1,265.1900,247.5200,1.799308
_09103_,VPWR,li1,257.8300,247.5200,1.799339
_09102_,VPWR,li1,260.5900,247.5200,1.799329
_09101_,VPWR,li1,254.6100,252.9600,1.799750
_09100_,VPWR,li1,255.0700,258.4000,1.799679
_09099_,VPWR,li1,251.8500,258.4000,1.799683
_09098_,VPWR,li1,251.3900,252.9600,1.799754
_09097_,VPWR,li1,196.6500,263.8400,1.799740
_09096_,VPWR,li1,252.0800,252.9600,1.799754
_09095_,VPWR,li1,257.8300,231.2000,1.799772
_09094_,VPWR,li1,277.1500,247.5200,1.799288
_09093_,VPWR,li1,273.0100,274.7200,1.799319
_09092_,VPWR,li1,269.7900,274.7200,1.799297
_09091_,VPWR,li1,275.7700,274.7200,1.799339
_09090_,VPWR,li1,278.0700,269.2800,1.799460
_09089_,VPWR,li1,265.1900,280.1600,1.799641
_09088_,VPWR,li1,267.4900,280.1600,1.799649
_09087_,VPWR,li1,261.2800,280.1600,1.799628
_09086_,VPWR,li1,258.2900,280.1600,1.799618
_09085_,VPWR,li1,258.2900,280.1600,1.799618
_09084_,VPWR,li1,267.9500,285.6000,1.799866
_09083_,VPWR,li1,270.7100,285.6000,1.799868
_09082_,VPWR,li1,268.4100,291.0400,1.799904
_09081_,VPWR,li1,268.8700,285.6000,1.799866
_09080_,VPWR,li1,265.6500,285.6000,1.799864
_09079_,VPWR,li1,277.8400,236.6400,1.799701
_09078_,VPWR,li1,293.2500,258.4000,1.799730
_09077_,VPWR,li1,310.2700,312.8000,1.799078
_09076_,VPWR,li1,307.0500,312.8000,1.799034
_09075_,VPWR,li1,305.4400,307.3600,1.799351
_09074_,VPWR,li1,303.8300,312.8000,1.799008
_09073_,VPWR,li1,300.1500,312.8000,1.798969
_09072_,VPWR,li1,298.3100,307.3600,1.799279
_09071_,VPWR,li1,295.5500,307.3600,1.799247
_09070_,VPWR,li1,303.6000,301.9200,1.799661
_09069_,VPWR,li1,290.9500,296.4800,1.799813
_09068_,VPWR,li1,284.9700,296.4800,1.799797
_09067_,VPWR,li1,285.8900,291.0400,1.799915
_09066_,VPWR,li1,280.3700,285.6000,1.799875
_09065_,VPWR,li1,287.9600,285.6000,1.799884
_09064_,VPWR,li1,276.2300,285.6000,1.799872
_09063_,VPWR,li1,277.6100,291.0400,1.799909
_09062_,VPWR,li1,273.2400,285.6000,1.799870
_09061_,VPWR,li1,278.3000,296.4800,1.799782
_09060_,VPWR,li1,276.2300,296.4800,1.799778
_09059_,VPWR,li1,274.1600,296.4800,1.799774
_09058_,VPWR,li1,281.2900,296.4800,1.799789
_09057_,VPWR,li1,280.6000,291.0400,1.799911
_09056_,VPWR,li1,278.9900,296.4800,1.799782
_09055_,VPWR,li1,282.2100,274.7200,1.799385
_09054_,VPWR,li1,291.1800,274.7200,1.799450
_09053_,VPWR,li1,292.1000,291.0400,1.799919
_09052_,VPWR,li1,300.1500,323.6800,1.797782
_09051_,VPWR,li1,297.3900,334.5600,1.794407
_09050_,VPWR,li1,300.1500,334.5600,1.794660
_09049_,VPWR,li1,307.7400,334.5600,1.795294
_09048_,VPWR,li1,296.4700,340.0000,1.796109
_09047_,VPWR,li1,294.8600,340.0000,1.796109
_09046_,VPWR,li1,292.7900,340.0000,1.795935
_09045_,VPWR,li1,289.5700,345.4400,1.799594
_09044_,VPWR,li1,291.8700,345.4400,1.799613
_09043_,VPWR,li1,290.9500,301.9200,1.799641
_09042_,VPWR,li1,290.9500,350.8800,1.799885
_09041_,VPWR,li1,287.2700,350.8800,1.799876
_09040_,VPWR,li1,288.8800,356.3200,1.799748
_09039_,VPWR,li1,286.3500,350.8800,1.799876
_09038_,VPWR,li1,283.1300,350.8800,1.799871
_09037_,VPWR,li1,294.4000,345.4400,1.799627
_09036_,VPWR,li1,281.0600,340.0000,1.794894
_09035_,VPWR,li1,303.8300,323.6800,1.797943
_09034_,VPWR,li1,304.7500,323.6800,1.797943
_09033_,VPWR,li1,305.2100,329.1200,1.796021
_09032_,VPWR,li1,300.8400,345.4400,1.799665
_09031_,VPWR,li1,303.3700,329.1200,1.795843
_09030_,VPWR,li1,303.1400,252.9600,1.799726
_09029_,VPWR,li1,310.0400,307.3600,1.799385
_09028_,VPWR,li1,325.4500,318.2400,1.798921
_09027_,VPWR,li1,325.9100,318.2400,1.798921
_09026_,VPWR,li1,323.1500,318.2400,1.798818
_09025_,VPWR,li1,318.3200,334.5600,1.796188
_09024_,VPWR,li1,362.2500,301.9200,1.799165
_09023_,VPWR,li1,360.6400,274.7200,1.799388
_09022_,VPWR,li1,357.1900,301.9200,1.799194
_09021_,VPWR,li1,358.1100,296.4800,1.799897
_09020_,VPWR,li1,347.9900,307.3600,1.799482
_09019_,VPWR,li1,346.1500,307.3600,1.799497
_09018_,VPWR,li1,348.9100,274.7200,1.799492
_09017_,VPWR,li1,340.6300,312.8000,1.799435
_09016_,VPWR,li1,338.7900,307.3600,1.799553
_09015_,VPWR,li1,337.8700,312.8000,1.799443
_09014_,VPWR,li1,333.2700,307.3600,1.799609
_09013_,VPWR,li1,334.6500,312.8000,1.799463
_09012_,VPWR,li1,333.0400,269.2800,1.799659
_09011_,VPWR,li1,327.2900,307.3600,1.799619
_09010_,VPWR,li1,329.5900,307.3600,1.799662
_09009_,VPWR,li1,322.2300,301.9200,1.799702
_09008_,VPWR,li1,326.6000,301.9200,1.799723
_09007_,VPWR,li1,321.5400,247.5200,1.799579
_09006_,VPWR,li1,307.5100,247.5200,1.799366
_09005_,VPWR,li1,312.1100,247.5200,1.799433
_09004_,VPWR,li1,305.6700,242.0800,1.799619
_09003_,VPWR,li1,301.5300,242.0800,1.799585
_09002_,VPWR,li1,306.8200,242.0800,1.799619
_09001_,VPWR,li1,281.2900,231.2000,1.799782
_09000_,VPWR,li1,283.5900,231.2000,1.799788
_08999_,VPWR,li1,276.6900,220.3200,1.799725
_08998_,VPWR,li1,279.4500,220.3200,1.799735
_08997_,VPWR,li1,279.6800,214.8800,1.799812
_08996_,VPWR,li1,271.1700,220.3200,1.799711
_08995_,VPWR,li1,268.8700,220.3200,1.799706
_08994_,VPWR,li1,266.5700,214.8800,1.799793
_08993_,VPWR,li1,268.8700,214.8800,1.799797
_08992_,VPWR,li1,272.0900,209.4400,1.799717
_08991_,VPWR,li1,255.5300,214.8800,1.799784
_08990_,VPWR,li1,252.3100,214.8800,1.799782
_08989_,VPWR,li1,248.8600,214.8800,1.799782
_08988_,VPWR,li1,259.9000,209.4400,1.799690
_08987_,VPWR,li1,244.9500,214.8800,1.799783
_08986_,VPWR,li1,241.7300,214.8800,1.799783
_08985_,VPWR,li1,238.9700,214.8800,1.799785
_08984_,VPWR,li1,246.3300,204.0000,1.799837
_08983_,VPWR,li1,244.2600,204.0000,1.799839
_08982_,VPWR,li1,240.1200,204.0000,1.799843
_08981_,VPWR,li1,244.4900,204.0000,1.799839
_08980_,VPWR,li1,237.3600,204.0000,1.799846
_08979_,VPWR,li1,266.5700,204.0000,1.799827
_08978_,VPWR,li1,264.9600,198.5600,1.799848
_08977_,VPWR,li1,261.2800,198.5600,1.799848
_08976_,VPWR,li1,258.7500,198.5600,1.799849
_08975_,VPWR,li1,261.5100,193.1200,1.799684
_08974_,VPWR,li1,258.7500,198.5600,1.799849
_08973_,VPWR,li1,255.5300,198.5600,1.799850
_08972_,VPWR,li1,257.8300,193.1200,1.799687
_08971_,VPWR,li1,265.1900,198.5600,1.799848
_08970_,VPWR,li1,277.6100,231.2000,1.799778
_08969_,VPWR,li1,278.0700,231.2000,1.799778
_08968_,VPWR,li1,280.3700,231.2000,1.799780
_08967_,VPWR,li1,268.8700,231.2000,1.799773
_08966_,VPWR,li1,266.8000,225.7600,1.799538
_08965_,VPWR,li1,269.1000,225.7600,1.799547
_08964_,VPWR,li1,265.4200,225.7600,1.799527
_08963_,VPWR,li1,268.6400,225.7600,1.799547
_08962_,VPWR,li1,285.2000,220.3200,1.799755
_08961_,VPWR,li1,250.9300,193.1200,1.799692
_08960_,VPWR,li1,246.7900,193.1200,1.799695
_08959_,VPWR,li1,246.7900,193.1200,1.799695
_08958_,VPWR,li1,247.2500,187.6800,1.799665
_08957_,VPWR,li1,257.8300,193.1200,1.799687
_08956_,VPWR,li1,236.2100,187.6800,1.799683
_08955_,VPWR,li1,259.6700,225.7600,1.799504
_08954_,VPWR,li1,258.2900,225.7600,1.799495
_08953_,VPWR,li1,256.2200,225.7600,1.799487
_08952_,VPWR,li1,255.9900,225.7600,1.799487
_08951_,VPWR,li1,243.1100,193.1200,1.799699
_08950_,VPWR,li1,237.8200,198.5600,1.799860
_08949_,VPWR,li1,289.1100,231.2000,1.799798
_08948_,VPWR,li1,307.9700,252.9600,1.799733
_08947_,VPWR,li1,304.7500,252.9600,1.799726
_08946_,VPWR,li1,299.4600,252.9600,1.799722
_08945_,VPWR,li1,298.3100,252.9600,1.799722
_08944_,VPWR,li1,296.7000,252.9600,1.799721
_08943_,VPWR,li1,293.9400,252.9600,1.799720
_08942_,VPWR,li1,293.9400,252.9600,1.799720
_08941_,VPWR,li1,290.7200,252.9600,1.799721
_08940_,VPWR,li1,291.4100,263.8400,1.799754
_08939_,VPWR,li1,288.1900,263.8400,1.799746
_08938_,VPWR,li1,283.8200,252.9600,1.799724
_08937_,VPWR,li1,287.0400,252.9600,1.799722
_08936_,VPWR,li1,281.0600,247.5200,1.799285
_08935_,VPWR,li1,285.2000,247.5200,1.799283
_08934_,VPWR,li1,275.3100,247.5200,1.799289
_08933_,VPWR,li1,278.0700,247.5200,1.799288
_08932_,VPWR,li1,273.0100,247.5200,1.799291
_08931_,VPWR,li1,273.4700,242.0800,1.799503
_08930_,VPWR,li1,283.1300,247.5200,1.799284
_08929_,VPWR,li1,290.9500,274.7200,1.799450
_08928_,VPWR,li1,287.7300,274.7200,1.799426
_08927_,VPWR,li1,290.4900,269.2800,1.799524
_08926_,VPWR,li1,287.2700,269.2800,1.799513
_08925_,VPWR,li1,296.9300,274.7200,1.799498
_08924_,VPWR,li1,281.2900,269.2800,1.799478
_08923_,VPWR,li1,278.9900,263.8400,1.799728
_08922_,VPWR,li1,274.3900,263.8400,1.799720
_08921_,VPWR,li1,277.6100,263.8400,1.799728
_08920_,VPWR,li1,274.6200,258.4000,1.799679
_08919_,VPWR,li1,272.0900,263.8400,1.799715
_08918_,VPWR,li1,282.6700,274.7200,1.799385
_08917_,VPWR,li1,279.6800,274.7200,1.799362
_08916_,VPWR,li1,278.9900,274.7200,1.799362
_08915_,VPWR,li1,282.2100,269.2800,1.799478
_08914_,VPWR,li1,296.2400,236.6400,1.799759
_08913_,VPWR,li1,306.1300,263.8400,1.799786
_08912_,VPWR,li1,324.5300,307.3600,1.799581
_08911_,VPWR,li1,326.8300,307.3600,1.799619
_08910_,VPWR,li1,319.0100,307.3600,1.799495
_08909_,VPWR,li1,321.7700,307.3600,1.799540
_08908_,VPWR,li1,314.4100,307.3600,1.799447
_08907_,VPWR,li1,310.7300,301.9200,1.799674
_08906_,VPWR,li1,313.0300,301.9200,1.799681
_08905_,VPWR,li1,311.1900,301.9200,1.799674
_08904_,VPWR,li1,316.9400,296.4800,1.799896
_08903_,VPWR,li1,305.2100,301.9200,1.799661
_08902_,VPWR,li1,305.6700,301.9200,1.799665
_08901_,VPWR,li1,300.1500,296.4800,1.799841
_08900_,VPWR,li1,301.9900,296.4800,1.799847
_08899_,VPWR,li1,295.5500,291.0400,1.799923
_08898_,VPWR,li1,287.2700,285.6000,1.799884
_08897_,VPWR,li1,297.3900,285.6000,1.799898
_08896_,VPWR,li1,290.4900,285.6000,1.799886
_08895_,VPWR,li1,282.2100,285.6000,1.799878
_08894_,VPWR,li1,285.2000,285.6000,1.799882
_08893_,VPWR,li1,296.9300,291.0400,1.799923
_08892_,VPWR,li1,299.0000,280.1600,1.799760
_08891_,VPWR,li1,315.3300,334.5600,1.796017
_08890_,VPWR,li1,316.7100,334.5600,1.796188
_08889_,VPWR,li1,321.0800,334.5600,1.796596
_08888_,VPWR,li1,318.7800,334.5600,1.796381
_08887_,VPWR,li1,310.2700,334.5600,1.795591
_08886_,VPWR,li1,311.1900,334.5600,1.795591
_08885_,VPWR,li1,307.0500,334.5600,1.795294
_08884_,VPWR,li1,312.3400,345.4400,1.799736
_08883_,VPWR,li1,294.1700,301.9200,1.799646
_08882_,VPWR,li1,288.1900,301.9200,1.799636
_08881_,VPWR,li1,290.9500,301.9200,1.799641
_08880_,VPWR,li1,284.7400,296.4800,1.799793
_08879_,VPWR,li1,287.7300,296.4800,1.799804
_08878_,VPWR,li1,304.2900,334.5600,1.795020
_08877_,VPWR,li1,304.0600,329.1200,1.795843
_08876_,VPWR,li1,298.3100,329.1200,1.795354
_08875_,VPWR,li1,299.2300,323.6800,1.797782
_08874_,VPWR,li1,311.1900,340.0000,1.797468
_08873_,VPWR,li1,303.8300,345.4400,1.799683
_08872_,VPWR,li1,298.7700,345.4400,1.799653
_08871_,VPWR,li1,306.5900,345.4400,1.799700
_08870_,VPWR,li1,301.5300,345.4400,1.799665
_08869_,VPWR,li1,304.7500,345.4400,1.799683
_08868_,VPWR,li1,321.5400,252.9600,1.799812
_08867_,VPWR,li1,328.9000,296.4800,1.799940
_08866_,VPWR,li1,334.6500,301.9200,1.799637
_08865_,VPWR,li1,337.4100,301.9200,1.799592
_08864_,VPWR,li1,333.0400,285.6000,1.799952
_08863_,VPWR,li1,365.0100,274.7200,1.799374
_08862_,VPWR,li1,367.5400,263.8400,1.799519
_08861_,VPWR,li1,363.8600,263.8400,1.799542
_08860_,VPWR,li1,363.4000,274.7200,1.799379
_08859_,VPWR,li1,360.4100,274.7200,1.799388
_08858_,VPWR,li1,359.0300,269.2800,1.799343
_08857_,VPWR,li1,362.4800,269.2800,1.799331
_08856_,VPWR,li1,354.2000,269.2800,1.799381
_08855_,VPWR,li1,344.0800,269.2800,1.799487
_08854_,VPWR,li1,348.2200,269.2800,1.799437
_08853_,VPWR,li1,341.5500,269.2800,1.799537
_08852_,VPWR,li1,343.6200,263.8400,1.799677
_08851_,VPWR,li1,345.0000,269.2800,1.799487
_08850_,VPWR,li1,335.8000,269.2800,1.799613
_08849_,VPWR,li1,334.4200,274.7200,1.799711
_08848_,VPWR,li1,328.2100,242.0800,1.799813
_08847_,VPWR,li1,331.2000,247.5200,1.799683
_08846_,VPWR,li1,324.7600,247.5200,1.799633
_08845_,VPWR,li1,322.4600,242.0800,1.799758
_08844_,VPWR,li1,313.4900,242.0800,1.799681
_08843_,VPWR,li1,317.4000,242.0800,1.799713
_08842_,VPWR,li1,310.0400,242.0800,1.799653
_08841_,VPWR,li1,307.7400,236.6400,1.799801
_08840_,VPWR,li1,306.3600,220.3200,1.799839
_08839_,VPWR,li1,307.0500,214.8800,1.799870
_08838_,VPWR,li1,284.2800,214.8800,1.799820
_08837_,VPWR,li1,282.2100,214.8800,1.799816
_08836_,VPWR,li1,279.6800,214.8800,1.799812
_08835_,VPWR,li1,281.9800,214.8800,1.799816
_08834_,VPWR,li1,291.1800,209.4400,1.799781
_08833_,VPWR,li1,275.5400,209.4400,1.799729
_08832_,VPWR,li1,272.7800,209.4400,1.799724
_08831_,VPWR,li1,268.6400,209.4400,1.799711
_08830_,VPWR,li1,266.3400,209.4400,1.799706
_08829_,VPWR,li1,282.4400,209.4400,1.799753
_08828_,VPWR,li1,262.2000,209.4400,1.799695
_08827_,VPWR,li1,265.6500,209.4400,1.799701
_08826_,VPWR,li1,258.0600,209.4400,1.799685
_08825_,VPWR,li1,261.9700,209.4400,1.799695
_08824_,VPWR,li1,268.4100,209.4400,1.799711
_08823_,VPWR,li1,269.3300,198.5600,1.799848
_08822_,VPWR,li1,268.1800,198.5600,1.799848
_08821_,VPWR,li1,265.1900,193.1200,1.799682
_08820_,VPWR,li1,268.4100,193.1200,1.799681
_08819_,VPWR,li1,271.6300,198.5600,1.799848
_08818_,VPWR,li1,277.1500,198.5600,1.799850
_08817_,VPWR,li1,279.9100,198.5600,1.799851
_08816_,VPWR,li1,274.8500,198.5600,1.799849
_08815_,VPWR,li1,278.0700,198.5600,1.799850
_08814_,VPWR,li1,272.7800,198.5600,1.799848
_08813_,VPWR,li1,282.9000,198.5600,1.799853
_08812_,VPWR,li1,299.6900,236.6400,1.799773
_08811_,VPWR,li1,296.4700,236.6400,1.799759
_08810_,VPWR,li1,295.3200,231.2000,1.799822
_08809_,VPWR,li1,293.2500,231.2000,1.799814
_08808_,VPWR,li1,290.7200,231.2000,1.799808
_08807_,VPWR,li1,287.9600,231.2000,1.799798
_08806_,VPWR,li1,290.7200,225.7600,1.799669
_08805_,VPWR,li1,293.0200,225.7600,1.799682
_08804_,VPWR,li1,299.9200,225.7600,1.799718
_08803_,VPWR,li1,287.0400,225.7600,1.799638
_08802_,VPWR,li1,290.9500,225.7600,1.799669
_08801_,VPWR,li1,287.5000,225.7600,1.799650
_08800_,VPWR,li1,283.5900,225.7600,1.799627
_08799_,VPWR,li1,261.9700,225.7600,1.799515
_08798_,VPWR,li1,287.2700,220.3200,1.799765
_08797_,VPWR,li1,285.4300,242.0800,1.799533
_08796_,VPWR,li1,286.1200,247.5200,1.799283
_08795_,VPWR,li1,283.1300,242.0800,1.799526
_08794_,VPWR,li1,286.3500,242.0800,1.799533
_08793_,VPWR,li1,287.7300,242.0800,1.799539
_08792_,VPWR,li1,304.0600,236.6400,1.799789
_08791_,VPWR,li1,318.5500,252.9600,1.799786
_08790_,VPWR,li1,318.0900,247.5200,1.799525
_08789_,VPWR,li1,316.2500,247.5200,1.799496
_08788_,VPWR,li1,313.0300,252.9600,1.799753
_08787_,VPWR,li1,309.8100,263.8400,1.799795
_08786_,VPWR,li1,303.3700,263.8400,1.799776
_08785_,VPWR,li1,300.1500,263.8400,1.799772
_08784_,VPWR,li1,304.0600,263.8400,1.799781
_08783_,VPWR,li1,296.0100,263.8400,1.799763
_08782_,VPWR,li1,293.7100,263.8400,1.799759
_08781_,VPWR,li1,290.2600,258.4000,1.799718
_08780_,VPWR,li1,291.4100,263.8400,1.799754
_08779_,VPWR,li1,294.8600,263.8400,1.799759
_08778_,VPWR,li1,301.9900,280.1600,1.799773
_08777_,VPWR,li1,304.7500,280.1600,1.799786
_08776_,VPWR,li1,303.6000,280.1600,1.799786
_08775_,VPWR,li1,300.6100,280.1600,1.799773
_08774_,VPWR,li1,311.8800,274.7200,1.799613
_08773_,VPWR,li1,299.4600,274.7200,1.799519
_08772_,VPWR,li1,299.4600,274.7200,1.799519
_08771_,VPWR,li1,302.9100,274.7200,1.799534
_08770_,VPWR,li1,303.3700,274.7200,1.799550
_08769_,VPWR,li1,284.9700,274.7200,1.799406
_08768_,VPWR,li1,295.5500,274.7200,1.799474
_08767_,VPWR,li1,293.9400,285.6000,1.799893
_08766_,VPWR,li1,290.9500,285.6000,1.799889
_08765_,VPWR,li1,294.6300,291.0400,1.799921
_08764_,VPWR,li1,292.7900,280.1600,1.799736
_08763_,VPWR,li1,322.9200,258.4000,1.799849
_08762_,VPWR,li1,334.6500,280.1600,1.799880
_08761_,VPWR,li1,337.6400,280.1600,1.799863
_08760_,VPWR,li1,331.4300,280.1600,1.799889
_08759_,VPWR,li1,332.8100,296.4800,1.799933
_08758_,VPWR,li1,329.5900,296.4800,1.799940
_08757_,VPWR,li1,326.1400,296.4800,1.799930
_08756_,VPWR,li1,326.6000,291.0400,1.799962
_08755_,VPWR,li1,332.5800,291.0400,1.799962
_08754_,VPWR,li1,321.7700,291.0400,1.799953
_08753_,VPWR,li1,313.4900,296.4800,1.799882
_08752_,VPWR,li1,310.2700,296.4800,1.799868
_08751_,VPWR,li1,308.8900,296.4800,1.799868
_08750_,VPWR,li1,310.7300,296.4800,1.799875
_08749_,VPWR,li1,310.2700,291.0400,1.799937
_08748_,VPWR,li1,305.2100,291.0400,1.799932
_08747_,VPWR,li1,307.5100,291.0400,1.799935
_08746_,VPWR,li1,303.6000,291.0400,1.799929
_08745_,VPWR,li1,301.9900,291.0400,1.799929
_08744_,VPWR,li1,298.7700,291.0400,1.799926
_08743_,VPWR,li1,296.4700,301.9200,1.799650
_08742_,VPWR,li1,318.5500,285.6000,1.799934
_08741_,VPWR,li1,334.1900,301.9200,1.799637
_08740_,VPWR,li1,336.4900,301.9200,1.799592
_08739_,VPWR,li1,332.3500,301.9200,1.799673
_08738_,VPWR,li1,323.1500,334.5600,1.796790
_08737_,VPWR,li1,325.2200,340.0000,1.798673
_08736_,VPWR,li1,322.9200,340.0000,1.798342
_08735_,VPWR,li1,320.3900,340.0000,1.798167
_08734_,VPWR,li1,323.1500,340.0000,1.798498
_08733_,VPWR,li1,329.8200,345.4400,1.799817
_08732_,VPWR,li1,315.7900,345.4400,1.799752
_08731_,VPWR,li1,322.2300,345.4400,1.799789
_08730_,VPWR,li1,313.0300,350.8800,1.799930
_08729_,VPWR,li1,313.2600,345.4400,1.799736
_08728_,VPWR,li1,310.2700,345.4400,1.799723
_08727_,VPWR,li1,301.9900,334.5600,1.794829
_08726_,VPWR,li1,332.5800,252.9600,1.799847
_08725_,VPWR,li1,336.7200,291.0400,1.799956
_08724_,VPWR,li1,371.4500,263.8400,1.799510
_08723_,VPWR,li1,368.2300,263.8400,1.799519
_08722_,VPWR,li1,365.2400,269.2800,1.799323
_08721_,VPWR,li1,361.5600,269.2800,1.799331
_08720_,VPWR,li1,358.8000,258.4000,1.799662
_08719_,VPWR,li1,359.4900,269.2800,1.799343
_08718_,VPWR,li1,355.1200,258.4000,1.799682
_08717_,VPWR,li1,358.8000,263.8400,1.799560
_08716_,VPWR,li1,356.7300,263.8400,1.799572
_08715_,VPWR,li1,347.7600,263.8400,1.799635
_08714_,VPWR,li1,351.6700,269.2800,1.799412
_08713_,VPWR,li1,348.9100,263.8400,1.799635
_08712_,VPWR,li1,345.4600,247.5200,1.799551
_08711_,VPWR,li1,338.5600,247.5200,1.799620
_08710_,VPWR,li1,336.4900,242.0800,1.799746
_08709_,VPWR,li1,337.4100,242.0800,1.799746
_08708_,VPWR,li1,331.6600,242.0800,1.799785
_08707_,VPWR,li1,334.4200,236.6400,1.799859
_08706_,VPWR,li1,331.6600,242.0800,1.799785
_08705_,VPWR,li1,317.1700,236.6400,1.799841
_08704_,VPWR,li1,318.7800,236.6400,1.799841
_08703_,VPWR,li1,318.7800,220.3200,1.799896
_08702_,VPWR,li1,316.0200,220.3200,1.799878
_08701_,VPWR,li1,303.6000,214.8800,1.799860
_08700_,VPWR,li1,303.3700,214.8800,1.799860
_08699_,VPWR,li1,304.0600,220.3200,1.799825
_08698_,VPWR,li1,300.8400,214.8800,1.799854
_08697_,VPWR,li1,304.2900,225.7600,1.799751
_08696_,VPWR,li1,298.7700,214.8800,1.799849
_08695_,VPWR,li1,301.3000,209.4400,1.799814
_08694_,VPWR,li1,287.5000,209.4400,1.799769
_08693_,VPWR,li1,289.3400,214.8800,1.799829
_08692_,VPWR,li1,289.3400,209.4400,1.799775
_08691_,VPWR,li1,291.6400,209.4400,1.799781
_08690_,VPWR,li1,292.5600,204.0000,1.799824
_08689_,VPWR,li1,281.5200,204.0000,1.799824
_08688_,VPWR,li1,285.8900,209.4400,1.799758
_08687_,VPWR,li1,278.7600,209.4400,1.799741
_08686_,VPWR,li1,278.0700,204.0000,1.799825
_08685_,VPWR,li1,285.8900,204.0000,1.799824
_08684_,VPWR,li1,286.3500,198.5600,1.799854
_08683_,VPWR,li1,280.3700,198.5600,1.799851
_08682_,VPWR,li1,284.7400,193.1200,1.799675
_08681_,VPWR,li1,281.2900,193.1200,1.799676
_08680_,VPWR,li1,288.6500,198.5600,1.799856
_08679_,VPWR,li1,299.2300,220.3200,1.799810
_08678_,VPWR,li1,294.4000,214.8800,1.799838
_08677_,VPWR,li1,292.3300,220.3200,1.799783
_08676_,VPWR,li1,313.7200,236.6400,1.799822
_08675_,VPWR,li1,320.1600,236.6400,1.799855
_08674_,VPWR,li1,307.5100,236.6400,1.799801
_08673_,VPWR,li1,303.8300,231.2000,1.799849
_08672_,VPWR,li1,305.4400,231.2000,1.799849
_08671_,VPWR,li1,303.3700,231.2000,1.799843
_08670_,VPWR,li1,307.5100,225.7600,1.799771
_08669_,VPWR,li1,298.5400,231.2000,1.799828
_08668_,VPWR,li1,302.4500,225.7600,1.799734
_08667_,VPWR,li1,299.0000,225.7600,1.799718
_08666_,VPWR,li1,296.9300,225.7600,1.799702
_08665_,VPWR,li1,300.1500,231.2000,1.799837
_08664_,VPWR,li1,297.8500,242.0800,1.799574
_08663_,VPWR,li1,290.9500,242.0800,1.799546
_08662_,VPWR,li1,298.5400,242.0800,1.799574
_08661_,VPWR,li1,330.5100,247.5200,1.799707
_08660_,VPWR,li1,326.1400,252.9600,1.799846
_08659_,VPWR,li1,327.5200,247.5200,1.799669
_08658_,VPWR,li1,329.5900,252.9600,1.799867
_08657_,VPWR,li1,319.0100,258.4000,1.799827
_08656_,VPWR,li1,313.0300,263.8400,1.799805
_08655_,VPWR,li1,317.6300,258.4000,1.799827
_08654_,VPWR,li1,318.5500,263.8400,1.799823
_08653_,VPWR,li1,316.2500,263.8400,1.799811
_08652_,VPWR,li1,300.3800,263.8400,1.799772
_08651_,VPWR,li1,297.8500,269.2800,1.799576
_08650_,VPWR,li1,299.6900,269.2800,1.799586
_08649_,VPWR,li1,313.9500,285.6000,1.799923
_08648_,VPWR,li1,312.8000,285.6000,1.799923
_08647_,VPWR,li1,312.3400,280.1600,1.799818
_08646_,VPWR,li1,313.4900,280.1600,1.799828
_08645_,VPWR,li1,317.8600,280.1600,1.799848
_08644_,VPWR,li1,306.3600,274.7200,1.799575
_08643_,VPWR,li1,311.1900,280.1600,1.799818
_08642_,VPWR,li1,310.9600,274.7200,1.799613
_08641_,VPWR,li1,308.8900,274.7200,1.799592
_08640_,VPWR,li1,313.9500,274.7200,1.799638
_08639_,VPWR,li1,308.4300,285.6000,1.799915
_08638_,VPWR,li1,325.9100,269.2800,1.799744
_08637_,VPWR,li1,345.2300,280.1600,1.799839
_08636_,VPWR,li1,347.3000,280.1600,1.799834
_08635_,VPWR,li1,340.6300,280.1600,1.799856
_08634_,VPWR,li1,342.0100,274.7200,1.799603
_08633_,VPWR,li1,338.7900,285.6000,1.799939
_08632_,VPWR,li1,340.1700,291.0400,1.799953
_08631_,VPWR,li1,336.9500,291.0400,1.799956
_08630_,VPWR,li1,329.5900,291.0400,1.799966
_08629_,VPWR,li1,326.8300,291.0400,1.799962
_08628_,VPWR,li1,324.5300,291.0400,1.799957
_08627_,VPWR,li1,321.3100,291.0400,1.799953
_08626_,VPWR,li1,347.9900,296.4800,1.799910
_08625_,VPWR,li1,316.7100,291.0400,1.799946
_08624_,VPWR,li1,319.0100,291.0400,1.799949
_08623_,VPWR,li1,313.2600,291.0400,1.799941
_08622_,VPWR,li1,313.0300,291.0400,1.799941
_08621_,VPWR,li1,309.8100,291.0400,1.799937
_08620_,VPWR,li1,338.3300,291.0400,1.799956
_08619_,VPWR,li1,342.0100,301.9200,1.799490
_08618_,VPWR,li1,339.2500,301.9200,1.799539
_08617_,VPWR,li1,333.2700,345.4400,1.799796
_08616_,VPWR,li1,323.6100,345.4400,1.799809
_08615_,VPWR,li1,337.4100,345.4400,1.799762
_08614_,VPWR,li1,330.7400,340.0000,1.798777
_08613_,VPWR,li1,325.9100,345.4400,1.799823
_08612_,VPWR,li1,351.9000,258.4000,1.799712
_08611_,VPWR,li1,370.9900,258.4000,1.799635
_08610_,VPWR,li1,368.6900,258.4000,1.799639
_08609_,VPWR,li1,368.2300,269.2800,1.799314
_08608_,VPWR,li1,372.1400,247.5200,1.799450
_08607_,VPWR,li1,372.3700,252.9600,1.799677
_08606_,VPWR,li1,365.4700,252.9600,1.799695
_08605_,VPWR,li1,368.4600,247.5200,1.799455
_08604_,VPWR,li1,365.0100,247.5200,1.799460
_08603_,VPWR,li1,360.8700,252.9600,1.799710
_08602_,VPWR,li1,363.1700,258.4000,1.799645
_08601_,VPWR,li1,363.1700,247.5200,1.799464
_08600_,VPWR,li1,359.9500,236.6400,1.799773
_08599_,VPWR,li1,355.1200,242.0800,1.799653
_08598_,VPWR,li1,361.3300,258.4000,1.799651
_08597_,VPWR,li1,351.4400,247.5200,1.799516
_08596_,VPWR,li1,357.4200,247.5200,1.799484
_08595_,VPWR,li1,356.9600,247.5200,1.799484
_08594_,VPWR,li1,350.9800,236.6400,1.799795
_08593_,VPWR,li1,354.8900,280.1600,1.799818
_08592_,VPWR,li1,359.0300,280.1600,1.799810
_08591_,VPWR,li1,350.9800,242.0800,1.799667
_08590_,VPWR,li1,347.3000,236.6400,1.799804
_08589_,VPWR,li1,356.5000,242.0800,1.799653
_08588_,VPWR,li1,350.7500,247.5200,1.799516
_08587_,VPWR,li1,355.5800,252.9600,1.799729
_08586_,VPWR,li1,350.7500,252.9600,1.799749
_08585_,VPWR,li1,345.9200,242.0800,1.799687
_08584_,VPWR,li1,347.0700,242.0800,1.799687
_08583_,VPWR,li1,347.5300,236.6400,1.799804
_08582_,VPWR,li1,354.6600,242.0800,1.799660
_08581_,VPWR,li1,344.0800,231.2000,1.799900
_08580_,VPWR,li1,347.9900,252.9600,1.799765
_08579_,VPWR,li1,345.6900,252.9600,1.799776
_08578_,VPWR,li1,342.4700,231.2000,1.799903
_08577_,VPWR,li1,337.1800,220.3200,1.799934
_08576_,VPWR,li1,341.5500,220.3200,1.799932
_08575_,VPWR,li1,341.0900,242.0800,1.799724
_08574_,VPWR,li1,342.9300,236.6400,1.799822
_08573_,VPWR,li1,342.7000,247.5200,1.799573
_08572_,VPWR,li1,335.8000,231.2000,1.799913
_08571_,VPWR,li1,336.7200,231.2000,1.799913
_08570_,VPWR,li1,336.0300,225.7600,1.799894
_08569_,VPWR,li1,334.8800,220.3200,1.799936
_08568_,VPWR,li1,333.7300,225.7600,1.799899
_08567_,VPWR,li1,330.9700,225.7600,1.799905
_08566_,VPWR,li1,330.7400,220.3200,1.799939
_08565_,VPWR,li1,332.8100,220.3200,1.799937
_08564_,VPWR,li1,327.9800,214.8800,1.799936
_08563_,VPWR,li1,327.9800,231.2000,1.799933
_08562_,VPWR,li1,333.2700,236.6400,1.799869
_08561_,VPWR,li1,331.2000,231.2000,1.799925
_08560_,VPWR,li1,326.1400,220.3200,1.799931
_08559_,VPWR,li1,329.5900,236.6400,1.799884
_08558_,VPWR,li1,323.1500,220.3200,1.799917
_08557_,VPWR,li1,324.7600,214.8800,1.799927
_08556_,VPWR,li1,328.9000,220.3200,1.799941
_08555_,VPWR,li1,324.3000,209.4400,1.799912
_08554_,VPWR,li1,310.2700,214.8800,1.799876
_08553_,VPWR,li1,321.5400,214.8800,1.799917
_08552_,VPWR,li1,321.5400,204.0000,1.799836
_08551_,VPWR,li1,313.0300,214.8800,1.799884
_08550_,VPWR,li1,317.4000,214.8800,1.799904
_08549_,VPWR,li1,311.4200,214.8800,1.799884
_08548_,VPWR,li1,311.8800,209.4400,1.799858
_08547_,VPWR,li1,315.5600,209.4400,1.799867
_08546_,VPWR,li1,320.3900,209.4400,1.799894
_08545_,VPWR,li1,310.5000,209.4400,1.799850
_08544_,VPWR,li1,312.5700,209.4400,1.799858
_08543_,VPWR,li1,311.8800,198.5600,1.799879
_08542_,VPWR,li1,316.7100,198.5600,1.799884
_08541_,VPWR,li1,304.5200,209.4400,1.799824
_08540_,VPWR,li1,303.1400,209.4400,1.799824
_08539_,VPWR,li1,300.8400,204.0000,1.799825
_08538_,VPWR,li1,303.1400,204.0000,1.799826
_08537_,VPWR,li1,308.2000,204.0000,1.799828
_08536_,VPWR,li1,308.8900,198.5600,1.799876
_08535_,VPWR,li1,304.5200,198.5600,1.799872
_08534_,VPWR,li1,306.1300,204.0000,1.799826
_08533_,VPWR,li1,300.1500,204.0000,1.799825
_08532_,VPWR,li1,298.0800,209.4400,1.799805
_08531_,VPWR,li1,296.9300,204.0000,1.799824
_08530_,VPWR,li1,291.6400,204.0000,1.799824
_08529_,VPWR,li1,295.5500,204.0000,1.799824
_08528_,VPWR,li1,297.8500,204.0000,1.799824
_08527_,VPWR,li1,293.7100,214.8800,1.799838
_08526_,VPWR,li1,295.7800,214.8800,1.799843
_08525_,VPWR,li1,291.8700,214.8800,1.799834
_08524_,VPWR,li1,317.6300,209.4400,1.799876
_08523_,VPWR,li1,330.0500,236.6400,1.799884
_08522_,VPWR,li1,325.9100,231.2000,1.799919
_08521_,VPWR,li1,334.6500,252.9600,1.799837
_08520_,VPWR,li1,329.1300,231.2000,1.799933
_08519_,VPWR,li1,331.4300,225.7600,1.799905
_08518_,VPWR,li1,322.2300,231.2000,1.799911
_08517_,VPWR,li1,322.0000,225.7600,1.799864
_08516_,VPWR,li1,323.6100,236.6400,1.799864
_08515_,VPWR,li1,319.0100,231.2000,1.799900
_08514_,VPWR,li1,317.1700,231.2000,1.799891
_08513_,VPWR,li1,320.1600,231.2000,1.799900
_08512_,VPWR,li1,319.4700,225.7600,1.799847
_08511_,VPWR,li1,322.4600,225.7600,1.799864
_08510_,VPWR,li1,325.2200,225.7600,1.799885
_08509_,VPWR,li1,318.5500,225.7600,1.799831
_08508_,VPWR,li1,311.6500,225.7600,1.799797
_08507_,VPWR,li1,309.5800,231.2000,1.799868
_08506_,VPWR,li1,311.1900,225.7600,1.799784
_08505_,VPWR,li1,307.9700,225.7600,1.799771
_08504_,VPWR,li1,313.4900,225.7600,1.799809
_08503_,VPWR,li1,325.9100,236.6400,1.799884
_08502_,VPWR,li1,334.1900,269.2800,1.799659
_08501_,VPWR,li1,338.5600,269.2800,1.799570
_08500_,VPWR,li1,333.2700,263.8400,1.799792
_08499_,VPWR,li1,334.1900,258.4000,1.799838
_08498_,VPWR,li1,325.9100,269.2800,1.799744
_08497_,VPWR,li1,321.7700,269.2800,1.799718
_08496_,VPWR,li1,321.3100,263.8400,1.799832
_08495_,VPWR,li1,324.0700,263.8400,1.799841
_08494_,VPWR,li1,311.1900,263.8400,1.799800
_08493_,VPWR,li1,311.6500,258.4000,1.799804
_08492_,VPWR,li1,301.0700,269.2800,1.799586
_08491_,VPWR,li1,297.3900,263.8400,1.799763
_08490_,VPWR,li1,307.5100,263.8400,1.799786
_08489_,VPWR,li1,329.1300,280.1600,1.799900
_08488_,VPWR,li1,327.7500,280.1600,1.799890
_08487_,VPWR,li1,326.3700,274.7200,1.799732
_08486_,VPWR,li1,320.8500,280.1600,1.799860
_08485_,VPWR,li1,320.3900,274.7200,1.799692
_08484_,VPWR,li1,320.6200,280.1600,1.799860
_08483_,VPWR,li1,318.0900,274.7200,1.799671
_08482_,VPWR,li1,315.7900,280.1600,1.799839
_08481_,VPWR,li1,351.2100,258.4000,1.799712
_08480_,VPWR,li1,357.1900,280.1600,1.799814
_08479_,VPWR,li1,356.7300,280.1600,1.799814
_08478_,VPWR,li1,362.4800,280.1600,1.799805
_08477_,VPWR,li1,348.4500,258.4000,1.799727
_08476_,VPWR,li1,354.4300,258.4000,1.799696
_08475_,VPWR,li1,346.1500,280.1600,1.799839
_08474_,VPWR,li1,343.3900,280.1600,1.799844
_08473_,VPWR,li1,349.3700,280.1600,1.799829
_08472_,VPWR,li1,346.6100,285.6000,1.799929
_08471_,VPWR,li1,358.5700,285.6000,1.799911
_08470_,VPWR,li1,363.6300,285.6000,1.799904
_08469_,VPWR,li1,355.8100,285.6000,1.799914
_08468_,VPWR,li1,349.3700,285.6000,1.799923
_08467_,VPWR,li1,351.9000,291.0400,1.799943
_08466_,VPWR,li1,354.8900,291.0400,1.799942
_08465_,VPWR,li1,355.8100,291.0400,1.799942
_08464_,VPWR,li1,358.3400,296.4800,1.799897
_08463_,VPWR,li1,367.3100,291.0400,1.799936
_08462_,VPWR,li1,348.9100,291.0400,1.799945
_08461_,VPWR,li1,345.9200,291.0400,1.799949
_08460_,VPWR,li1,354.4300,291.0400,1.799942
_08459_,VPWR,li1,355.3500,296.4800,1.799901
_08458_,VPWR,li1,355.8100,296.4800,1.799901
_08457_,VPWR,li1,352.5900,296.4800,1.799904
_08456_,VPWR,li1,352.1300,291.0400,1.799943
_08455_,VPWR,li1,342.4700,296.4800,1.799919
_08454_,VPWR,li1,345.0000,296.4800,1.799914
_08453_,VPWR,li1,345.4600,296.4800,1.799914
_08452_,VPWR,li1,347.3000,301.9200,1.799415
_08451_,VPWR,li1,343.8500,301.9200,1.799450
_08450_,VPWR,li1,343.3900,307.3600,1.799516
_08449_,VPWR,li1,340.6300,307.3600,1.799538
_08448_,VPWR,li1,349.3700,301.9200,1.799344
_08447_,VPWR,li1,343.6200,307.3600,1.799516
_08446_,VPWR,li1,344.7700,258.4000,1.799764
_08445_,VPWR,li1,333.7300,258.4000,1.799838
_08444_,VPWR,li1,329.5900,258.4000,1.799875
_08443_,VPWR,li1,329.3600,258.4000,1.799875
_08442_,VPWR,li1,321.5400,263.8400,1.799832
_08441_,VPWR,li1,319.0100,263.8400,1.799823
_08440_,VPWR,li1,313.4900,263.8400,1.799805
_08439_,VPWR,li1,332.8100,274.7200,1.799711
_08438_,VPWR,li1,324.9900,280.1600,1.799881
_08437_,VPWR,li1,330.2800,274.7200,1.799766
_08436_,VPWR,li1,370.5300,242.0800,1.799616
_08435_,VPWR,li1,362.9400,247.5200,1.799464
_08434_,VPWR,li1,368.2300,247.5200,1.799455
_08433_,VPWR,li1,367.3100,242.0800,1.799622
_08432_,VPWR,li1,361.3300,247.5200,1.799473
_08431_,VPWR,li1,364.5500,242.0800,1.799632
_08430_,VPWR,li1,367.3100,236.6400,1.799764
_08429_,VPWR,li1,360.8700,242.0800,1.799636
_08428_,VPWR,li1,362.2500,236.6400,1.799769
_08427_,VPWR,li1,359.9500,280.1600,1.799810
_08426_,VPWR,li1,362.2500,291.0400,1.799938
_08425_,VPWR,li1,361.5600,291.0400,1.799938
_08424_,VPWR,li1,368.2300,291.0400,1.799935
_08423_,VPWR,li1,364.5500,291.0400,1.799937
_08422_,VPWR,li1,369.1500,296.4800,1.799896
_08421_,VPWR,li1,364.5500,291.0400,1.799937
_08420_,VPWR,li1,356.7300,236.6400,1.799782
_08419_,VPWR,li1,350.2900,236.6400,1.799795
_08418_,VPWR,li1,345.6900,252.9600,1.799776
_08417_,VPWR,li1,341.5500,252.9600,1.799805
_08416_,VPWR,li1,343.3900,252.9600,1.799792
_08415_,VPWR,li1,343.8500,274.7200,1.799559
_08414_,VPWR,li1,338.3300,258.4000,1.799804
_08413_,VPWR,li1,324.9900,258.4000,1.799858
_08412_,VPWR,li1,325.9100,263.8400,1.799847
_08411_,VPWR,li1,290.9500,269.2800,1.799535
_08410_,VPWR,li1,347.0700,231.2000,1.799897
_08409_,VPWR,li1,349.3700,231.2000,1.799895
_08408_,VPWR,li1,350.5200,225.7600,1.799868
_08407_,VPWR,li1,344.3100,220.3200,1.799931
_08406_,VPWR,li1,343.3900,225.7600,1.799879
_08405_,VPWR,li1,338.7900,225.7600,1.799888
_08404_,VPWR,li1,340.8600,225.7600,1.799884
_08403_,VPWR,li1,342.4700,214.8800,1.799926
_08402_,VPWR,li1,334.1900,214.8800,1.799937
_08401_,VPWR,li1,331.4300,214.8800,1.799941
_08400_,VPWR,li1,332.8100,214.8800,1.799941
_08399_,VPWR,li1,329.5900,209.4400,1.799933
_08398_,VPWR,li1,326.8300,209.4400,1.799922
_08397_,VPWR,li1,321.3100,204.0000,1.799836
_08396_,VPWR,li1,316.9400,204.0000,1.799833
_08395_,VPWR,li1,313.0300,204.0000,1.799830
_08394_,VPWR,li1,316.2500,204.0000,1.799831
_08393_,VPWR,li1,323.6100,204.0000,1.799838
_08392_,VPWR,li1,368.6900,236.6400,1.799761
_08391_,VPWR,li1,373.2900,236.6400,1.799756
_08390_,VPWR,li1,369.1500,231.2000,1.799880
_08389_,VPWR,li1,370.5300,236.6400,1.799758
_08388_,VPWR,li1,367.7700,280.1600,1.799797
_08387_,VPWR,li1,361.3300,285.6000,1.799907
_08386_,VPWR,li1,366.1600,285.6000,1.799901
_08385_,VPWR,li1,364.0900,236.6400,1.799766
_08384_,VPWR,li1,360.8700,236.6400,1.799773
_08383_,VPWR,li1,357.6500,236.6400,1.799777
_08382_,VPWR,li1,359.4900,236.6400,1.799773
_08381_,VPWR,li1,358.1100,242.0800,1.799644
_08380_,VPWR,li1,341.3200,258.4000,1.799785
_08379_,VPWR,li1,336.0300,258.4000,1.799820
_08378_,VPWR,li1,335.5700,263.8400,1.799766
_08377_,VPWR,li1,329.1300,263.8400,1.799854
_08376_,VPWR,li1,343.3900,258.4000,1.799764
_08375_,VPWR,li1,339.7100,258.4000,1.799804
_08374_,VPWR,li1,353.5100,225.7600,1.799864
_08373_,VPWR,li1,354.4300,231.2000,1.799892
_08372_,VPWR,li1,348.4500,225.7600,1.799871
_08371_,VPWR,li1,351.6700,225.7600,1.799868
_08370_,VPWR,li1,349.8300,225.7600,1.799871
_08369_,VPWR,li1,346.6100,214.8800,1.799923
_08368_,VPWR,li1,341.7800,214.8800,1.799926
_08367_,VPWR,li1,338.7900,214.8800,1.799932
_08366_,VPWR,li1,331.8900,209.4400,1.799927
_08365_,VPWR,li1,324.0700,209.4400,1.799904
_08364_,VPWR,li1,324.0700,214.8800,1.799927
_08363_,VPWR,li1,368.6900,225.7600,1.799848
_08362_,VPWR,li1,364.7800,225.7600,1.799852
_08361_,VPWR,li1,367.7700,225.7600,1.799848
_08360_,VPWR,li1,365.9300,280.1600,1.799801
_08359_,VPWR,li1,361.5600,225.7600,1.799855
_08358_,VPWR,li1,364.0900,225.7600,1.799852
_08357_,VPWR,li1,359.2600,225.7600,1.799857
_08356_,VPWR,li1,367.7700,258.4000,1.799639
_08355_,VPWR,li1,353.9700,220.3200,1.799930
_08354_,VPWR,li1,361.7900,225.7600,1.799855
_08353_,VPWR,li1,357.1900,220.3200,1.799930
_08352_,VPWR,li1,198.0300,350.8800,1.799799
_08351_,VPWR,li1,194.3500,350.8800,1.799799
_08350_,VPWR,li1,84.8700,367.2000,1.791536
_08349_,VPWR,li1,67.8500,334.5600,1.792941
_08348_,VPWR,li1,56.3500,334.5600,1.794182
_08347_,VPWR,li1,46.6900,334.5600,1.795368
_08346_,VPWR,li1,43.0100,329.1200,1.798149
_08345_,VPWR,li1,35.1900,329.1200,1.798613
_08344_,VPWR,li1,32.8900,285.6000,1.799881
_08343_,VPWR,li1,28.7500,285.6000,1.799901
_08342_,VPWR,li1,29.6700,323.6800,1.799227
_08341_,VPWR,li1,21.8500,242.0800,1.799902
_08340_,VPWR,li1,34.7300,323.6800,1.799028
_08339_,VPWR,li1,36.3400,318.2400,1.799599
_08338_,VPWR,li1,42.7800,345.4400,1.799588
_08337_,VPWR,li1,33.5800,280.1600,1.799699
_08336_,VPWR,li1,13.5700,242.0800,1.799891
_08335_,VPWR,li1,11.2700,242.0800,1.799890
_08334_,VPWR,li1,10.8100,247.5200,1.799959
_08333_,VPWR,li1,11.2700,236.6400,1.799913
_08332_,VPWR,li1,9.4300,231.2000,1.799910
_08331_,VPWR,li1,8.7400,252.9600,1.799935
_08330_,VPWR,li1,14.9500,214.8800,1.799963
_08329_,VPWR,li1,10.3500,252.9600,1.799935
_08328_,VPWR,li1,15.6400,258.4000,1.799929
_08327_,VPWR,li1,23.2300,236.6400,1.799903
_08326_,VPWR,li1,13.1100,236.6400,1.799914
_08325_,VPWR,li1,8.9700,220.3200,1.799956
_08324_,VPWR,li1,9.2000,209.4400,1.799965
_08323_,VPWR,li1,20.9300,274.7200,1.799856
_08322_,VPWR,li1,12.8800,220.3200,1.799957
_08321_,VPWR,li1,25.7600,274.7200,1.799811
_08320_,VPWR,li1,12.6500,231.2000,1.799911
_08319_,VPWR,li1,16.5600,225.7600,1.799933
_08318_,VPWR,li1,23.0000,231.2000,1.799903
_08317_,VPWR,li1,27.3700,307.3600,1.799882
_08316_,VPWR,li1,24.1500,307.3600,1.799905
_08315_,VPWR,li1,23.2300,312.8000,1.799888
_08314_,VPWR,li1,23.2300,312.8000,1.799888
_08313_,VPWR,li1,20.0100,296.4800,1.799959
_08312_,VPWR,li1,19.5500,307.3600,1.799923
_08311_,VPWR,li1,21.6200,291.0400,1.799975
_08310_,VPWR,li1,51.2900,345.4400,1.799487
_08309_,VPWR,li1,20.7000,301.9200,1.799972
_08308_,VPWR,li1,29.9000,307.3600,1.799865
_08307_,VPWR,li1,42.0900,329.1200,1.798245
_08306_,VPWR,li1,39.1000,329.1200,1.798359
_08305_,VPWR,li1,39.3300,318.2400,1.799524
_08304_,VPWR,li1,58.8800,334.5600,1.793896
_08303_,VPWR,li1,72.2200,334.5600,1.792630
_08302_,VPWR,li1,86.4800,367.2000,1.791537
_08301_,VPWR,li1,88.5500,367.2000,1.791312
_08300_,VPWR,li1,104.1900,367.2000,1.790713
_08299_,VPWR,li1,108.7900,372.6400,1.798272
_08298_,VPWR,li1,83.4900,367.2000,1.791718
_08297_,VPWR,li1,84.4100,361.7600,1.798336
_08296_,VPWR,li1,88.3200,334.5600,1.791773
_08295_,VPWR,li1,76.5900,334.5600,1.792318
_08294_,VPWR,li1,68.3100,334.5600,1.792941
_08293_,VPWR,li1,68.7700,329.1200,1.797102
_08292_,VPWR,li1,73.6000,329.1200,1.796905
_08291_,VPWR,li1,61.4100,334.5600,1.793617
_08290_,VPWR,li1,62.3300,329.1200,1.797334
_08289_,VPWR,li1,52.4400,329.1200,1.797700
_08288_,VPWR,li1,55.4300,329.1200,1.797562
_08287_,VPWR,li1,59.3400,329.1200,1.797407
_08286_,VPWR,li1,55.2000,340.0000,1.798378
_08285_,VPWR,li1,56.8100,329.1200,1.797562
_08284_,VPWR,li1,61.1800,323.6800,1.798023
_08283_,VPWR,li1,48.0700,329.1200,1.797933
_08282_,VPWR,li1,46.6900,323.6800,1.798564
_08281_,VPWR,li1,44.3900,318.2400,1.799455
_08280_,VPWR,li1,47.3800,318.2400,1.799406
_08279_,VPWR,li1,39.7900,318.2400,1.799524
_08278_,VPWR,li1,38.8700,312.8000,1.799763
_08277_,VPWR,li1,37.2600,318.2400,1.799558
_08276_,VPWR,li1,42.5500,318.2400,1.799493
_08275_,VPWR,li1,40.4800,312.8000,1.799744
_08274_,VPWR,li1,38.1800,312.8000,1.799763
_08273_,VPWR,li1,36.1100,307.3600,1.799827
_08272_,VPWR,li1,35.6500,307.3600,1.799827
_08271_,VPWR,li1,33.5800,307.3600,1.799841
_08270_,VPWR,li1,29.2100,301.9200,1.799951
_08269_,VPWR,li1,23.2300,301.9200,1.799967
_08268_,VPWR,li1,26.2200,301.9200,1.799958
_08267_,VPWR,li1,21.3900,301.9200,1.799972
_08266_,VPWR,li1,22.7700,301.9200,1.799967
_08265_,VPWR,li1,21.6200,296.4800,1.799959
_08264_,VPWR,li1,27.6000,291.0400,1.799963
_08263_,VPWR,li1,46.2300,345.4400,1.799565
_08262_,VPWR,li1,46.2300,340.0000,1.798704
_08261_,VPWR,li1,48.9900,345.4400,1.799510
_08260_,VPWR,li1,48.0700,345.4400,1.799539
_08259_,VPWR,li1,49.2200,350.8800,1.799866
_08258_,VPWR,li1,52.2100,350.8800,1.799859
_08257_,VPWR,li1,52.6700,345.4400,1.799464
_08256_,VPWR,li1,54.0500,350.8800,1.799849
_08255_,VPWR,li1,63.2500,345.4400,1.799335
_08254_,VPWR,li1,39.1000,274.7200,1.799635
_08253_,VPWR,li1,51.9800,318.2400,1.799342
_08252_,VPWR,li1,43.9300,323.6800,1.798671
_08251_,VPWR,li1,43.2400,280.1600,1.799584
_08250_,VPWR,li1,36.1100,285.6000,1.799872
_08249_,VPWR,li1,27.8300,280.1600,1.799761
_08248_,VPWR,li1,30.8200,280.1600,1.799724
_08247_,VPWR,li1,23.6900,280.1600,1.799831
_08246_,VPWR,li1,20.4700,280.1600,1.799859
_08245_,VPWR,li1,17.7100,274.7200,1.799855
_08244_,VPWR,li1,19.7800,269.2800,1.799957
_08243_,VPWR,li1,17.4800,269.2800,1.799957
_08242_,VPWR,li1,11.2700,258.4000,1.799928
_08241_,VPWR,li1,13.5700,258.4000,1.799929
_08240_,VPWR,li1,16.7900,258.4000,1.799929
_08239_,VPWR,li1,12.6500,252.9600,1.799936
_08238_,VPWR,li1,17.0200,252.9600,1.799938
_08237_,VPWR,li1,12.1900,258.4000,1.799928
_08236_,VPWR,li1,19.5500,258.4000,1.799932
_08235_,VPWR,li1,21.3900,258.4000,1.799933
_08234_,VPWR,li1,23.4600,258.4000,1.799920
_08233_,VPWR,li1,20.9300,247.5200,1.799963
_08232_,VPWR,li1,20.4700,285.6000,1.799940
_08231_,VPWR,li1,21.6200,285.6000,1.799940
_08230_,VPWR,li1,28.9800,231.2000,1.799870
_08229_,VPWR,li1,29.9000,274.7200,1.799733
_08228_,VPWR,li1,34.2700,280.1600,1.799699
_08227_,VPWR,li1,35.4200,236.6400,1.799823
_08226_,VPWR,li1,32.6600,236.6400,1.799835
_08225_,VPWR,li1,39.1000,231.2000,1.799809
_08224_,VPWR,li1,20.4700,231.2000,1.799920
_08223_,VPWR,li1,17.2500,231.2000,1.799916
_08222_,VPWR,li1,20.4700,231.2000,1.799920
_08221_,VPWR,li1,21.3900,225.7600,1.799937
_08220_,VPWR,li1,24.8400,225.7600,1.799924
_08219_,VPWR,li1,22.5400,225.7600,1.799939
_08218_,VPWR,li1,20.4700,236.6400,1.799920
_08217_,VPWR,li1,13.5700,225.7600,1.799932
_08216_,VPWR,li1,16.1000,220.3200,1.799959
_08215_,VPWR,li1,9.4300,220.3200,1.799956
_08214_,VPWR,li1,11.2700,214.8800,1.799962
_08213_,VPWR,li1,11.2700,214.8800,1.799962
_08212_,VPWR,li1,12.4200,209.4400,1.799966
_08211_,VPWR,li1,14.0300,209.4400,1.799967
_08210_,VPWR,li1,14.9500,209.4400,1.799967
_08209_,VPWR,li1,11.5000,209.4400,1.799966
_08208_,VPWR,li1,9.4300,209.4400,1.799965
_08207_,VPWR,li1,13.5700,204.0000,1.799955
_08206_,VPWR,li1,24.3800,209.4400,1.799964
_08205_,VPWR,li1,106.4900,372.6400,1.798250
_08204_,VPWR,li1,110.4000,367.2000,1.790840
_08203_,VPWR,li1,102.3500,367.2000,1.790754
_08202_,VPWR,li1,105.8000,340.0000,1.796814
_08201_,VPWR,li1,103.5000,340.0000,1.796863
_08200_,VPWR,li1,90.8500,340.0000,1.797096
_08199_,VPWR,li1,85.3300,334.5600,1.791891
_08198_,VPWR,li1,85.7900,334.5600,1.791891
_08197_,VPWR,li1,88.7800,329.1200,1.796583
_08196_,VPWR,li1,80.7300,329.1200,1.796697
_08195_,VPWR,li1,76.8200,334.5600,1.792318
_08194_,VPWR,li1,77.9700,329.1200,1.796772
_08193_,VPWR,li1,77.2800,329.1200,1.796822
_08192_,VPWR,li1,79.1200,340.0000,1.797531
_08191_,VPWR,li1,71.9900,323.6800,1.797691
_08190_,VPWR,li1,74.7500,323.6800,1.797636
_08189_,VPWR,li1,77.2800,318.2400,1.799094
_08188_,VPWR,li1,65.5500,323.6800,1.797876
_08187_,VPWR,li1,59.1100,323.6800,1.798098
_08186_,VPWR,li1,62.1000,323.6800,1.798023
_08185_,VPWR,li1,54.5100,318.2400,1.799308
_08184_,VPWR,li1,58.1900,318.2400,1.799281
_08183_,VPWR,li1,52.2100,318.2400,1.799342
_08182_,VPWR,li1,56.5800,318.2400,1.799281
_08181_,VPWR,li1,54.5100,318.2400,1.799308
_08180_,VPWR,li1,52.6700,312.8000,1.799648
_08179_,VPWR,li1,54.7400,312.8000,1.799632
_08178_,VPWR,li1,49.9100,307.3600,1.799747
_08177_,VPWR,li1,47.6100,307.3600,1.799763
_08176_,VPWR,li1,45.5400,307.3600,1.799776
_08175_,VPWR,li1,42.0900,307.3600,1.799787
_08174_,VPWR,li1,40.9400,307.3600,1.799798
_08173_,VPWR,li1,38.4100,307.3600,1.799811
_08172_,VPWR,li1,37.4900,301.9200,1.799933
_08171_,VPWR,li1,35.1900,301.9200,1.799938
_08170_,VPWR,li1,35.1900,301.9200,1.799938
_08169_,VPWR,li1,35.4200,296.4800,1.799924
_08168_,VPWR,li1,42.0900,291.0400,1.799937
_08167_,VPWR,li1,53.5900,340.0000,1.798444
_08166_,VPWR,li1,58.1900,340.0000,1.798303
_08165_,VPWR,li1,57.7300,345.4400,1.799407
_08164_,VPWR,li1,59.5700,345.4400,1.799385
_08163_,VPWR,li1,67.1600,345.4400,1.799287
_08162_,VPWR,li1,56.3500,350.8800,1.799842
_08161_,VPWR,li1,55.6600,345.4400,1.799433
_08160_,VPWR,li1,59.1100,345.4400,1.799385
_08159_,VPWR,li1,65.3200,350.8800,1.799813
_08158_,VPWR,li1,65.3200,345.4400,1.799309
_08157_,VPWR,li1,61.1800,356.3200,1.799820
_08156_,VPWR,li1,58.1900,274.7200,1.799424
_08155_,VPWR,li1,66.2400,318.2400,1.799191
_08154_,VPWR,li1,62.3300,318.2400,1.799212
_08153_,VPWR,li1,60.0300,318.2400,1.799250
_08152_,VPWR,li1,64.6300,318.2400,1.799191
_08151_,VPWR,li1,63.7100,280.1600,1.799447
_08150_,VPWR,li1,48.0700,280.1600,1.799537
_08149_,VPWR,li1,43.4700,274.7200,1.799569
_08148_,VPWR,li1,37.4900,274.7200,1.799635
_08147_,VPWR,li1,38.1800,269.2800,1.799897
_08146_,VPWR,li1,31.5100,274.7200,1.799733
_08145_,VPWR,li1,33.8100,274.7200,1.799682
_08144_,VPWR,li1,32.8900,269.2800,1.799916
_08143_,VPWR,li1,30.1300,269.2800,1.799930
_08142_,VPWR,li1,34.9600,269.2800,1.799909
_08141_,VPWR,li1,24.1500,269.2800,1.799949
_08140_,VPWR,li1,26.4500,269.2800,1.799940
_08139_,VPWR,li1,20.4700,269.2800,1.799957
_08138_,VPWR,li1,17.2500,269.2800,1.799957
_08137_,VPWR,li1,15.4100,263.8400,1.799911
_08136_,VPWR,li1,20.7000,263.8400,1.799911
_08135_,VPWR,li1,20.2400,258.4000,1.799932
_08134_,VPWR,li1,20.7000,252.9600,1.799940
_08133_,VPWR,li1,25.7600,263.8400,1.799878
_08132_,VPWR,li1,26.4500,285.6000,1.799914
_08131_,VPWR,li1,23.6900,291.0400,1.799971
_08130_,VPWR,li1,28.2900,291.0400,1.799963
_08129_,VPWR,li1,19.5500,296.4800,1.799958
_08128_,VPWR,li1,19.7800,291.0400,1.799975
_08127_,VPWR,li1,17.2500,296.4800,1.799957
_08126_,VPWR,li1,39.1000,247.5200,1.799916
_08125_,VPWR,li1,42.7800,274.7200,1.799569
_08124_,VPWR,li1,45.3100,252.9600,1.799830
_08123_,VPWR,li1,49.6800,252.9600,1.799822
_08122_,VPWR,li1,47.8400,247.5200,1.799897
_08121_,VPWR,li1,39.7900,236.6400,1.799796
_08120_,VPWR,li1,34.7300,231.2000,1.799841
_08119_,VPWR,li1,30.1300,231.2000,1.799859
_08118_,VPWR,li1,30.1300,225.7600,1.799898
_08117_,VPWR,li1,32.6600,225.7600,1.799889
_08116_,VPWR,li1,26.4500,236.6400,1.799878
_08115_,VPWR,li1,28.7500,236.6400,1.799862
_08114_,VPWR,li1,23.6900,236.6400,1.799903
_08113_,VPWR,li1,23.6900,247.5200,1.799959
_08112_,VPWR,li1,25.7600,247.5200,1.799953
_08111_,VPWR,li1,33.3500,242.0800,1.799837
_08110_,VPWR,li1,36.5700,231.2000,1.799828
_08109_,VPWR,li1,35.6500,225.7600,1.799879
_08108_,VPWR,li1,37.9500,225.7600,1.799864
_08107_,VPWR,li1,45.0800,225.7600,1.799834
_08106_,VPWR,li1,25.0700,220.3200,1.799949
_08105_,VPWR,li1,21.3900,214.8800,1.799969
_08104_,VPWR,li1,24.3800,214.8800,1.799963
_08103_,VPWR,li1,20.9300,214.8800,1.799969
_08102_,VPWR,li1,23.6900,214.8800,1.799963
_08101_,VPWR,li1,21.8500,209.4400,1.799970
_08100_,VPWR,li1,23.2300,204.0000,1.799960
_08099_,VPWR,li1,22.3100,209.4400,1.799970
_08098_,VPWR,li1,25.7600,209.4400,1.799964
_08097_,VPWR,li1,30.3600,214.8800,1.799951
_08096_,VPWR,li1,21.6200,198.5600,1.799963
_08095_,VPWR,li1,46.4600,220.3200,1.799894
_08094_,VPWR,li1,46.6900,220.3200,1.799894
_08093_,VPWR,li1,113.8500,367.2000,1.791000
_08092_,VPWR,li1,142.3700,367.2000,1.793134
_08091_,VPWR,li1,148.3500,367.2000,1.793839
_08090_,VPWR,li1,147.4300,367.2000,1.793839
_08089_,VPWR,li1,110.6300,367.2000,1.790840
_08088_,VPWR,li1,108.3300,367.2000,1.790794
_08087_,VPWR,li1,106.4900,367.2000,1.790753
_08086_,VPWR,li1,115.4600,334.5600,1.791619
_08085_,VPWR,li1,107.4100,340.0000,1.796814
_08084_,VPWR,li1,105.1100,334.5600,1.791444
_08083_,VPWR,li1,106.9500,334.5600,1.791453
_08082_,VPWR,li1,100.5100,334.5600,1.791466
_08081_,VPWR,li1,101.8900,334.5600,1.791466
_08080_,VPWR,li1,102.5800,329.1200,1.796433
_08079_,VPWR,li1,93.1500,334.5600,1.791631
_08078_,VPWR,li1,87.1700,329.1200,1.796583
_08077_,VPWR,li1,89.9300,329.1200,1.796550
_08076_,VPWR,li1,90.6200,323.6800,1.797399
_08075_,VPWR,li1,81.1900,323.6800,1.797521
_08074_,VPWR,li1,80.7300,318.2400,1.799088
_08073_,VPWR,li1,79.3500,318.2400,1.799088
_08072_,VPWR,li1,73.8300,318.2400,1.799118
_08071_,VPWR,li1,75.4400,318.2400,1.799118
_08070_,VPWR,li1,71.9900,318.2400,1.799132
_08069_,VPWR,li1,65.0900,312.8000,1.799553
_08068_,VPWR,li1,67.8500,312.8000,1.799533
_08067_,VPWR,li1,70.3800,307.3600,1.799644
_08066_,VPWR,li1,59.1100,307.3600,1.799695
_08065_,VPWR,li1,55.8900,307.3600,1.799711
_08064_,VPWR,li1,53.1300,307.3600,1.799725
_08063_,VPWR,li1,52.6700,307.3600,1.799736
_08062_,VPWR,li1,48.9900,307.3600,1.799747
_08061_,VPWR,li1,46.2300,307.3600,1.799763
_08060_,VPWR,li1,48.0700,301.9200,1.799911
_08059_,VPWR,li1,48.0700,301.9200,1.799911
_08058_,VPWR,li1,50.1400,301.9200,1.799906
_08057_,VPWR,li1,53.3600,296.4800,1.799884
_08056_,VPWR,li1,61.1800,301.9200,1.799887
_08055_,VPWR,li1,76.1300,340.0000,1.797622
_08054_,VPWR,li1,76.5900,345.4400,1.799194
_08053_,VPWR,li1,78.6600,345.4400,1.799156
_08052_,VPWR,li1,76.3600,345.4400,1.799194
_08051_,VPWR,li1,70.6100,345.4400,1.799262
_08050_,VPWR,li1,67.8500,350.8800,1.799806
_08049_,VPWR,li1,67.6200,356.3200,1.799791
_08048_,VPWR,li1,67.3900,356.3200,1.799791
_08047_,VPWR,li1,64.1700,356.3200,1.799803
_08046_,VPWR,li1,66.0100,350.8800,1.799813
_08045_,VPWR,li1,67.8500,345.4400,1.799287
_08044_,VPWR,li1,72.2200,345.4400,1.799227
_08043_,VPWR,li1,67.8500,340.0000,1.797921
_08042_,VPWR,li1,70.6100,274.7200,1.799332
_08041_,VPWR,li1,84.1800,312.8000,1.799467
_08040_,VPWR,li1,74.2900,312.8000,1.799488
_08039_,VPWR,li1,77.2800,312.8000,1.799479
_08038_,VPWR,li1,76.8200,274.7200,1.799298
_08037_,VPWR,li1,66.0100,280.1600,1.799434
_08036_,VPWR,li1,55.4300,274.7200,1.799443
_08035_,VPWR,li1,56.5800,274.7200,1.799424
_08034_,VPWR,li1,52.2100,274.7200,1.799466
_08033_,VPWR,li1,52.9000,269.2800,1.799849
_08032_,VPWR,li1,46.6900,274.7200,1.799526
_08031_,VPWR,li1,46.2300,269.2800,1.799870
_08030_,VPWR,li1,43.4700,269.2800,1.799884
_08029_,VPWR,li1,51.0600,263.8400,1.799687
_08028_,VPWR,li1,37.9500,263.8400,1.799780
_08027_,VPWR,li1,33.3500,263.8400,1.799815
_08026_,VPWR,li1,34.5000,263.8400,1.799815
_08025_,VPWR,li1,29.2100,263.8400,1.799851
_08024_,VPWR,li1,28.5200,258.4000,1.799890
_08023_,VPWR,li1,25.7600,258.4000,1.799906
_08022_,VPWR,li1,34.0400,252.9600,1.799882
_08021_,VPWR,li1,41.4000,263.8400,1.799752
_08020_,VPWR,li1,41.6300,285.6000,1.799868
_08019_,VPWR,li1,40.2500,291.0400,1.799941
_08018_,VPWR,li1,37.0300,291.0400,1.799945
_08017_,VPWR,li1,33.8100,296.4800,1.799930
_08016_,VPWR,li1,39.7900,291.0400,1.799941
_08015_,VPWR,li1,34.7300,291.0400,1.799951
_08014_,VPWR,li1,33.8100,291.0400,1.799951
_08013_,VPWR,li1,47.6100,285.6000,1.799864
_08012_,VPWR,li1,56.1200,236.6400,1.799723
_08011_,VPWR,li1,59.8000,274.7200,1.799400
_08010_,VPWR,li1,61.4100,274.7200,1.799382
_08009_,VPWR,li1,64.1700,274.7200,1.799364
_08008_,VPWR,li1,62.5600,231.2000,1.799711
_08007_,VPWR,li1,48.9900,252.9600,1.799822
_08006_,VPWR,li1,42.5500,247.5200,1.799908
_08005_,VPWR,li1,39.3300,247.5200,1.799916
_08004_,VPWR,li1,38.4100,242.0800,1.799812
_08003_,VPWR,li1,29.6700,242.0800,1.799856
_08002_,VPWR,li1,30.1300,242.0800,1.799856
_08001_,VPWR,li1,30.1300,247.5200,1.799940
_08000_,VPWR,li1,25.0700,247.5200,1.799959
_07999_,VPWR,li1,28.0600,247.5200,1.799946
_07998_,VPWR,li1,28.7500,247.5200,1.799946
_07997_,VPWR,li1,24.3800,252.9600,1.799928
_07996_,VPWR,li1,22.7700,247.5200,1.799964
_07995_,VPWR,li1,43.0100,209.4400,1.799924
_07994_,VPWR,li1,41.4000,242.0800,1.799799
_07993_,VPWR,li1,47.1500,231.2000,1.799769
_07992_,VPWR,li1,50.1400,231.2000,1.799757
_07991_,VPWR,li1,52.9000,225.7600,1.799804
_07990_,VPWR,li1,42.5500,225.7600,1.799841
_07989_,VPWR,li1,34.2700,225.7600,1.799879
_07988_,VPWR,li1,37.2600,225.7600,1.799864
_07987_,VPWR,li1,30.1300,220.3200,1.799935
_07986_,VPWR,li1,33.1200,220.3200,1.799927
_07985_,VPWR,li1,28.7500,204.0000,1.799947
_07984_,VPWR,li1,23.2300,198.5600,1.799955
_07983_,VPWR,li1,20.7000,204.0000,1.799965
_07982_,VPWR,li1,25.3000,204.0000,1.799955
_07981_,VPWR,li1,33.5800,214.8800,1.799948
_07980_,VPWR,li1,34.9600,204.0000,1.799936
_07979_,VPWR,li1,46.2300,225.7600,1.799827
_07978_,VPWR,li1,48.9900,225.7600,1.799818
_07977_,VPWR,li1,46.4600,214.8800,1.799931
_07976_,VPWR,li1,42.5500,220.3200,1.799903
_07975_,VPWR,li1,38.6400,214.8800,1.799941
_07974_,VPWR,li1,40.4800,214.8800,1.799937
_07973_,VPWR,li1,90.1600,334.5600,1.791694
_07972_,VPWR,li1,92.6900,329.1200,1.796524
_07971_,VPWR,li1,92.0000,334.5600,1.791631
_07970_,VPWR,li1,92.4600,345.4400,1.798997
_07969_,VPWR,li1,144.6700,367.2000,1.793471
_07968_,VPWR,li1,149.7300,361.7600,1.797687
_07967_,VPWR,li1,139.6100,361.7600,1.797345
_07966_,VPWR,li1,139.1500,361.7600,1.797345
_07965_,VPWR,li1,140.5300,361.7600,1.797345
_07964_,VPWR,li1,139.3800,340.0000,1.797303
_07963_,VPWR,li1,120.2900,334.5600,1.791788
_07962_,VPWR,li1,115.6900,334.5600,1.791619
_07961_,VPWR,li1,115.6900,329.1200,1.796522
_07960_,VPWR,li1,123.5100,334.5600,1.792159
_07959_,VPWR,li1,109.2500,334.5600,1.791463
_07958_,VPWR,li1,105.1100,329.1200,1.796424
_07957_,VPWR,li1,108.7900,329.1200,1.796460
_07956_,VPWR,li1,110.6300,323.6800,1.797484
_07955_,VPWR,li1,98.2100,323.6800,1.797375
_07954_,VPWR,li1,94.0700,323.6800,1.797390
_07953_,VPWR,li1,90.8500,323.6800,1.797399
_07952_,VPWR,li1,93.8400,274.7200,1.799288
_07951_,VPWR,li1,79.3500,280.1600,1.799397
_07950_,VPWR,li1,73.3700,274.7200,1.799317
_07949_,VPWR,li1,73.6000,280.1600,1.799412
_07948_,VPWR,li1,71.9900,274.7200,1.799317
_07947_,VPWR,li1,71.3000,269.2800,1.799798
_07946_,VPWR,li1,62.7900,274.7200,1.799382
_07945_,VPWR,li1,59.5700,269.2800,1.799829
_07944_,VPWR,li1,62.3300,269.2800,1.799821
_07943_,VPWR,li1,65.7800,263.8400,1.799581
_07942_,VPWR,li1,53.5900,263.8400,1.799665
_07941_,VPWR,li1,49.9100,263.8400,1.799687
_07940_,VPWR,li1,52.9000,263.8400,1.799665
_07939_,VPWR,li1,46.2300,263.8400,1.799715
_07938_,VPWR,li1,42.0900,258.4000,1.799810
_07937_,VPWR,li1,45.0800,258.4000,1.799800
_07936_,VPWR,li1,55.6600,252.9600,1.799817
_07935_,VPWR,li1,56.5800,263.8400,1.799642
_07934_,VPWR,li1,59.1100,291.0400,1.799914
_07933_,VPWR,li1,54.5100,291.0400,1.799921
_07932_,VPWR,li1,54.5100,285.6000,1.799861
_07931_,VPWR,li1,44.3900,285.6000,1.799866
_07930_,VPWR,li1,49.4500,291.0400,1.799926
_07929_,VPWR,li1,50.8300,285.6000,1.799863
_07928_,VPWR,li1,51.2900,291.0400,1.799924
_07927_,VPWR,li1,49.4500,296.4800,1.799894
_07926_,VPWR,li1,48.3000,296.4800,1.799894
_07925_,VPWR,li1,50.3700,291.0400,1.799926
_07924_,VPWR,li1,48.5300,291.0400,1.799929
_07923_,VPWR,li1,46.0000,291.0400,1.799933
_07922_,VPWR,li1,46.2300,296.4800,1.799898
_07921_,VPWR,li1,70.3800,242.0800,1.799685
_07920_,VPWR,li1,75.4400,274.7200,1.799309
_07919_,VPWR,li1,74.7500,236.6400,1.799654
_07918_,VPWR,li1,72.4500,236.6400,1.799661
_07917_,VPWR,li1,75.4400,231.2000,1.799684
_07916_,VPWR,li1,66.0100,231.2000,1.799698
_07915_,VPWR,li1,59.5700,236.6400,1.799712
_07914_,VPWR,li1,52.6700,236.6400,1.799736
_07913_,VPWR,li1,54.5100,231.2000,1.799739
_07912_,VPWR,li1,39.3300,236.6400,1.799796
_07911_,VPWR,li1,37.4900,252.9600,1.799866
_07910_,VPWR,li1,34.2700,258.4000,1.799861
_07909_,VPWR,li1,35.6500,258.4000,1.799848
_07908_,VPWR,li1,34.5000,252.9600,1.799882
_07907_,VPWR,li1,29.6700,252.9600,1.799903
_07906_,VPWR,li1,34.7300,242.0800,1.799837
_07905_,VPWR,li1,48.5300,236.6400,1.799754
_07904_,VPWR,li1,57.0400,204.0000,1.799900
_07903_,VPWR,li1,58.4200,236.6400,1.799712
_07902_,VPWR,li1,63.2500,231.2000,1.799705
_07901_,VPWR,li1,66.9300,231.2000,1.799698
_07900_,VPWR,li1,65.5500,231.2000,1.799698
_07899_,VPWR,li1,67.6200,220.3200,1.799853
_07898_,VPWR,li1,59.1100,225.7600,1.799784
_07897_,VPWR,li1,46.2300,209.4400,1.799918
_07896_,VPWR,li1,44.6200,204.0000,1.799918
_07895_,VPWR,li1,41.6300,204.0000,1.799925
_07894_,VPWR,li1,42.3200,204.0000,1.799922
_07893_,VPWR,li1,38.4100,204.0000,1.799928
_07892_,VPWR,li1,33.3500,198.5600,1.799939
_07891_,VPWR,li1,32.4300,204.0000,1.799943
_07890_,VPWR,li1,36.1100,198.5600,1.799935
_07889_,VPWR,li1,30.5900,198.5600,1.799943
_07888_,VPWR,li1,49.9100,209.4400,1.799914
_07887_,VPWR,li1,46.4600,198.5600,1.799921
_07886_,VPWR,li1,52.6700,225.7600,1.799804
_07885_,VPWR,li1,55.6600,225.7600,1.799795
_07884_,VPWR,li1,54.0500,220.3200,1.799879
_07883_,VPWR,li1,49.9100,220.3200,1.799886
_07882_,VPWR,li1,37.0300,214.8800,1.799941
_07881_,VPWR,li1,36.5700,209.4400,1.799940
_07880_,VPWR,li1,37.9500,209.4400,1.799934
_07879_,VPWR,li1,36.3400,214.8800,1.799944
_07878_,VPWR,li1,32.8900,209.4400,1.799945
_07877_,VPWR,li1,94.0700,323.6800,1.797390
_07876_,VPWR,li1,97.2900,323.6800,1.797380
_07875_,VPWR,li1,89.9300,312.8000,1.799461
_07874_,VPWR,li1,92.9200,312.8000,1.799464
_07873_,VPWR,li1,86.7100,312.8000,1.799462
_07872_,VPWR,li1,83.4900,312.8000,1.799467
_07871_,VPWR,li1,80.7300,312.8000,1.799474
_07870_,VPWR,li1,86.2500,312.8000,1.799462
_07869_,VPWR,li1,86.4800,307.3600,1.799586
_07868_,VPWR,li1,74.2900,307.3600,1.799627
_07867_,VPWR,li1,68.3100,307.3600,1.799653
_07866_,VPWR,li1,71.5300,307.3600,1.799644
_07865_,VPWR,li1,63.7100,307.3600,1.799675
_07864_,VPWR,li1,60.0300,301.9200,1.799887
_07863_,VPWR,li1,64.1700,301.9200,1.799879
_07862_,VPWR,li1,62.3300,296.4800,1.799871
_07861_,VPWR,li1,68.0800,291.0400,1.799907
_07860_,VPWR,li1,74.5200,301.9200,1.799861
_07859_,VPWR,li1,89.9300,345.4400,1.799024
_07858_,VPWR,li1,88.5500,345.4400,1.799044
_07857_,VPWR,li1,91.5400,345.4400,1.799024
_07856_,VPWR,li1,92.0000,350.8800,1.799732
_07855_,VPWR,li1,81.1900,345.4400,1.799125
_07854_,VPWR,li1,80.7300,350.8800,1.799768
_07853_,VPWR,li1,82.5700,350.8800,1.799760
_07852_,VPWR,li1,85.1000,345.4400,1.799078
_07851_,VPWR,li1,79.8100,345.4400,1.799156
_07850_,VPWR,li1,83.2600,345.4400,1.799101
_07849_,VPWR,li1,76.1300,356.3200,1.799762
_07848_,VPWR,li1,78.8900,356.3200,1.799753
_07847_,VPWR,li1,80.9600,356.3200,1.799746
_07846_,VPWR,li1,71.9900,356.3200,1.799776
_07845_,VPWR,li1,71.5300,350.8800,1.799793
_07844_,VPWR,li1,68.3100,350.8800,1.799806
_07843_,VPWR,li1,87.4000,356.3200,1.799726
_07842_,VPWR,li1,91.5400,274.7200,1.799286
_07841_,VPWR,li1,97.0600,318.2400,1.799075
_07840_,VPWR,li1,105.5700,334.5600,1.791444
_07839_,VPWR,li1,106.4900,329.1200,1.796441
_07838_,VPWR,li1,104.4200,329.1200,1.796424
_07837_,VPWR,li1,104.4200,345.4400,1.798889
_07836_,VPWR,li1,152.9500,361.7600,1.797860
_07835_,VPWR,li1,163.0700,350.8800,1.799627
_07834_,VPWR,li1,158.4700,345.4400,1.798723
_07833_,VPWR,li1,146.5100,361.7600,1.797537
_07832_,VPWR,li1,142.8300,361.7600,1.797397
_07831_,VPWR,li1,144.2100,361.7600,1.797457
_07830_,VPWR,li1,147.4300,340.0000,1.797513
_07829_,VPWR,li1,139.6100,345.4400,1.798531
_07828_,VPWR,li1,136.8500,340.0000,1.797236
_07827_,VPWR,li1,140.9900,340.0000,1.797303
_07826_,VPWR,li1,140.7600,334.5600,1.793824
_07825_,VPWR,li1,125.8100,334.5600,1.792359
_07824_,VPWR,li1,122.1300,329.1200,1.796617
_07823_,VPWR,li1,125.1200,329.1200,1.796678
_07822_,VPWR,li1,126.9600,329.1200,1.796730
_07821_,VPWR,li1,113.8500,323.6800,1.797532
_07820_,VPWR,li1,110.6300,307.3600,1.799505
_07819_,VPWR,li1,113.6200,307.3600,1.799510
_07818_,VPWR,li1,112.7000,263.8400,1.799283
_07817_,VPWR,li1,97.7500,280.1600,1.799417
_07816_,VPWR,li1,92.6900,274.7200,1.799286
_07815_,VPWR,li1,97.5200,274.7200,1.799294
_07814_,VPWR,li1,96.6000,236.6400,1.799658
_07813_,VPWR,li1,78.4300,236.6400,1.799650
_07812_,VPWR,li1,72.4500,242.0800,1.799677
_07811_,VPWR,li1,67.8500,242.0800,1.799692
_07810_,VPWR,li1,69.4600,236.6400,1.799677
_07809_,VPWR,li1,60.4900,242.0800,1.799718
_07808_,VPWR,li1,53.1300,242.0800,1.799747
_07807_,VPWR,li1,44.3900,236.6400,1.799773
_07806_,VPWR,li1,43.9300,242.0800,1.799786
_07805_,VPWR,li1,49.9100,242.0800,1.799765
_07804_,VPWR,li1,47.1500,242.0800,1.799777
_07803_,VPWR,li1,56.3500,242.0800,1.799734
_07802_,VPWR,li1,60.4900,247.5200,1.799881
_07801_,VPWR,li1,59.1100,247.5200,1.799881
_07800_,VPWR,li1,60.9500,252.9600,1.799814
_07799_,VPWR,li1,56.3500,247.5200,1.799886
_07798_,VPWR,li1,58.8800,252.9600,1.799815
_07797_,VPWR,li1,52.2100,252.9600,1.799820
_07796_,VPWR,li1,73.6000,204.0000,1.799880
_07795_,VPWR,li1,72.6800,242.0800,1.799677
_07794_,VPWR,li1,72.9100,231.2000,1.799686
_07793_,VPWR,li1,75.9000,231.2000,1.799684
_07792_,VPWR,li1,77.2800,225.7600,1.799744
_07791_,VPWR,li1,65.5500,225.7600,1.799768
_07790_,VPWR,li1,59.1100,204.0000,1.799895
_07789_,VPWR,li1,55.4300,204.0000,1.799900
_07788_,VPWR,li1,56.8100,209.4400,1.799903
_07787_,VPWR,li1,53.1300,204.0000,1.799906
_07786_,VPWR,li1,49.9100,198.5600,1.799916
_07785_,VPWR,li1,46.2300,198.5600,1.799921
_07784_,VPWR,li1,43.9300,198.5600,1.799925
_07783_,VPWR,li1,43.0100,198.5600,1.799925
_07782_,VPWR,li1,41.1700,198.5600,1.799929
_07781_,VPWR,li1,62.3300,204.0000,1.799893
_07780_,VPWR,li1,63.9400,198.5600,1.799901
_07779_,VPWR,li1,62.3300,220.3200,1.799862
_07778_,VPWR,li1,65.3200,220.3200,1.799857
_07777_,VPWR,li1,67.6200,220.3200,1.799853
_07776_,VPWR,li1,56.8100,220.3200,1.799875
_07775_,VPWR,li1,55.6600,214.8800,1.799918
_07774_,VPWR,li1,53.5900,214.8800,1.799920
_07773_,VPWR,li1,53.3600,209.4400,1.799907
_07772_,VPWR,li1,52.4400,209.4400,1.799907
_07771_,VPWR,li1,54.2800,214.8800,1.799920
_07770_,VPWR,li1,49.4500,209.4400,1.799914
_07769_,VPWR,li1,59.5700,214.8800,1.799915
_07768_,VPWR,li1,89.0100,274.7200,1.799285
_07767_,VPWR,li1,84.8700,274.7200,1.799288
_07766_,VPWR,li1,87.8600,274.7200,1.799286
_07765_,VPWR,li1,78.4300,274.7200,1.799298
_07764_,VPWR,li1,74.2900,269.2800,1.799790
_07763_,VPWR,li1,77.0500,269.2800,1.799783
_07762_,VPWR,li1,79.5800,263.8400,1.799488
_07761_,VPWR,li1,68.3100,263.8400,1.799561
_07760_,VPWR,li1,64.6300,263.8400,1.799581
_07759_,VPWR,li1,67.6200,263.8400,1.799561
_07758_,VPWR,li1,60.4900,258.4000,1.799709
_07757_,VPWR,li1,55.4300,258.4000,1.799737
_07756_,VPWR,li1,55.2000,258.4000,1.799737
_07755_,VPWR,li1,66.4700,252.9600,1.799811
_07754_,VPWR,li1,70.8400,258.4000,1.799662
_07753_,VPWR,li1,69.6900,285.6000,1.799859
_07752_,VPWR,li1,66.4700,285.6000,1.799859
_07751_,VPWR,li1,71.9900,285.6000,1.799859
_07750_,VPWR,li1,80.7300,291.0400,1.799898
_07749_,VPWR,li1,59.5700,285.6000,1.799860
_07748_,VPWR,li1,58.6500,285.6000,1.799860
_07747_,VPWR,li1,57.9600,285.6000,1.799861
_07746_,VPWR,li1,57.7300,291.0400,1.799918
_07745_,VPWR,li1,51.2900,285.6000,1.799863
_07744_,VPWR,li1,63.4800,285.6000,1.799859
_07743_,VPWR,li1,65.5500,291.0400,1.799910
_07742_,VPWR,li1,61.8700,291.0400,1.799912
_07741_,VPWR,li1,63.7100,296.4800,1.799871
_07740_,VPWR,li1,66.7000,296.4800,1.799866
_07739_,VPWR,li1,60.4900,296.4800,1.799874
_07738_,VPWR,li1,89.2400,242.0800,1.799631
_07737_,VPWR,li1,90.6200,269.2800,1.799752
_07736_,VPWR,li1,109.2500,323.6800,1.797464
_07735_,VPWR,li1,112.0100,323.6800,1.797484
_07734_,VPWR,li1,105.5700,318.2400,1.799070
_07733_,VPWR,li1,105.1100,323.6800,1.797423
_07732_,VPWR,li1,101.4300,318.2400,1.799070
_07731_,VPWR,li1,97.7500,312.8000,1.799470
_07730_,VPWR,li1,101.4300,312.8000,1.799474
_07729_,VPWR,li1,100.0500,312.8000,1.799474
_07728_,VPWR,li1,102.5800,312.8000,1.799479
_07727_,VPWR,li1,89.9300,307.3600,1.799568
_07726_,VPWR,li1,84.8700,301.9200,1.799846
_07725_,VPWR,li1,87.8600,301.9200,1.799843
_07724_,VPWR,li1,79.3500,301.9200,1.799853
_07723_,VPWR,li1,73.8300,301.9200,1.799865
_07722_,VPWR,li1,76.5900,301.9200,1.799858
_07721_,VPWR,li1,74.0600,296.4800,1.799859
_07720_,VPWR,li1,83.4900,301.9200,1.799850
_07719_,VPWR,li1,83.0300,307.3600,1.799596
_07718_,VPWR,li1,83.2600,296.4800,1.799849
_07717_,VPWR,li1,97.0600,301.9200,1.799835
_07716_,VPWR,li1,102.8100,345.4400,1.798889
_07715_,VPWR,li1,101.4300,350.8800,1.799704
_07714_,VPWR,li1,104.4200,350.8800,1.799700
_07713_,VPWR,li1,104.4200,350.8800,1.799700
_07712_,VPWR,li1,97.7500,350.8800,1.799714
_07711_,VPWR,li1,94.9900,350.8800,1.799724
_07710_,VPWR,li1,98.4400,350.8800,1.799714
_07709_,VPWR,li1,97.7500,345.4400,1.798942
_07708_,VPWR,li1,91.3100,356.3200,1.799715
_07707_,VPWR,li1,97.9800,361.7600,1.798066
_07706_,VPWR,li1,85.3300,356.3200,1.799732
_07705_,VPWR,li1,82.3400,361.7600,1.798384
_07704_,VPWR,li1,81.6500,356.3200,1.799746
_07703_,VPWR,li1,83.2600,356.3200,1.799739
_07702_,VPWR,li1,85.5600,356.3200,1.799732
_07701_,VPWR,li1,88.0900,356.3200,1.799726
_07700_,VPWR,li1,107.1800,263.8400,1.799308
_07699_,VPWR,li1,113.1600,318.2400,1.799080
_07698_,VPWR,li1,129.0300,334.5600,1.792670
_07697_,VPWR,li1,120.2900,334.5600,1.791788
_07696_,VPWR,li1,126.7300,334.5600,1.792359
_07695_,VPWR,li1,118.2200,340.0000,1.796978
_07694_,VPWR,li1,131.5600,340.0000,1.797159
_07693_,VPWR,li1,163.0700,350.8800,1.799627
_07692_,VPWR,li1,162.8400,345.4400,1.798827
_07691_,VPWR,li1,156.1700,345.4400,1.798653
_07690_,VPWR,li1,154.1000,340.0000,1.797844
_07689_,VPWR,li1,155.9400,345.4400,1.798653
_07688_,VPWR,li1,152.4900,345.4400,1.798618
_07687_,VPWR,li1,150.8800,340.0000,1.797705
_07686_,VPWR,li1,148.5800,340.0000,1.797617
_07685_,VPWR,li1,151.1100,334.5600,1.794756
_07684_,VPWR,li1,147.2000,334.5600,1.794485
_07683_,VPWR,li1,138.0000,334.5600,1.793550
_07682_,VPWR,li1,135.7000,334.5600,1.793208
_07681_,VPWR,li1,136.3900,329.1200,1.797009
_07680_,VPWR,li1,136.6200,329.1200,1.797009
_07679_,VPWR,li1,130.1800,329.1200,1.796794
_07678_,VPWR,li1,132.4800,329.1200,1.796888
_07677_,VPWR,li1,128.8000,263.8400,1.799222
_07676_,VPWR,li1,126.9600,258.4000,1.799456
_07675_,VPWR,li1,113.6200,258.4000,1.799475
_07674_,VPWR,li1,111.3200,258.4000,1.799481
_07673_,VPWR,li1,113.6200,242.0800,1.799591
_07672_,VPWR,li1,117.0700,242.0800,1.799592
_07671_,VPWR,li1,92.4600,236.6400,1.799654
_07670_,VPWR,li1,94.5300,236.6400,1.799655
_07669_,VPWR,li1,90.8500,231.2000,1.799687
_07668_,VPWR,li1,92.9200,231.2000,1.799689
_07667_,VPWR,li1,94.3000,231.2000,1.799689
_07666_,VPWR,li1,79.1200,231.2000,1.799684
_07665_,VPWR,li1,80.5000,225.7600,1.799738
_07664_,VPWR,li1,75.6700,204.0000,1.799878
_07663_,VPWR,li1,72.4500,204.0000,1.799880
_07662_,VPWR,li1,73.3700,198.5600,1.799893
_07661_,VPWR,li1,68.3100,198.5600,1.799897
_07660_,VPWR,li1,62.7900,198.5600,1.799903
_07659_,VPWR,li1,61.4100,198.5600,1.799903
_07658_,VPWR,li1,65.5500,198.5600,1.799901
_07657_,VPWR,li1,60.4900,198.5600,1.799906
_07656_,VPWR,li1,80.7300,204.0000,1.799874
_07655_,VPWR,li1,81.4200,204.0000,1.799874
_07654_,VPWR,li1,80.0400,225.7600,1.799738
_07653_,VPWR,li1,76.5900,225.7600,1.799744
_07652_,VPWR,li1,87.8600,220.3200,1.799832
_07651_,VPWR,li1,79.5800,220.3200,1.799838
_07650_,VPWR,li1,77.5100,220.3200,1.799841
_07649_,VPWR,li1,75.9000,214.8800,1.799901
_07648_,VPWR,li1,81.1900,220.3200,1.799838
_07647_,VPWR,li1,63.7100,214.8800,1.799909
_07646_,VPWR,li1,75.6700,214.8800,1.799901
_07645_,VPWR,li1,78.6600,214.8800,1.799900
_07644_,VPWR,li1,81.1900,214.8800,1.799900
_07643_,VPWR,li1,69.6900,214.8800,1.799905
_07642_,VPWR,li1,66.0100,209.4400,1.799887
_07641_,VPWR,li1,68.3100,214.8800,1.799906
_07640_,VPWR,li1,69.0000,209.4400,1.799885
_07639_,VPWR,li1,61.4100,209.4400,1.799894
_07638_,VPWR,li1,64.6300,209.4400,1.799891
_07637_,VPWR,li1,86.7100,242.0800,1.799635
_07636_,VPWR,li1,81.1900,242.0800,1.799649
_07635_,VPWR,li1,84.6400,242.0800,1.799644
_07634_,VPWR,li1,76.1300,247.5200,1.799861
_07633_,VPWR,li1,78.8900,247.5200,1.799859
_07632_,VPWR,li1,72.4500,247.5200,1.799865
_07631_,VPWR,li1,92.2300,247.5200,1.799850
_07630_,VPWR,li1,62.3300,242.0800,1.799711
_07629_,VPWR,li1,64.6300,242.0800,1.799702
_07628_,VPWR,li1,50.3700,242.0800,1.799765
_07627_,VPWR,li1,48.7600,242.0800,1.799765
_07626_,VPWR,li1,69.6900,252.9600,1.799810
_07625_,VPWR,li1,72.6800,252.9600,1.799809
_07624_,VPWR,li1,68.0800,252.9600,1.799811
_07623_,VPWR,li1,70.8400,247.5200,1.799868
_07622_,VPWR,li1,64.6300,252.9600,1.799812
_07621_,VPWR,li1,90.6200,204.0000,1.799869
_07620_,VPWR,li1,101.8900,242.0800,1.799608
_07619_,VPWR,li1,107.4100,269.2800,1.799730
_07618_,VPWR,li1,102.8100,269.2800,1.799732
_07617_,VPWR,li1,104.8800,263.8400,1.799322
_07616_,VPWR,li1,97.7500,269.2800,1.799738
_07615_,VPWR,li1,93.1500,269.2800,1.799746
_07614_,VPWR,li1,90.1600,269.2800,1.799752
_07613_,VPWR,li1,91.7700,263.8400,1.799411
_07612_,VPWR,li1,94.3000,258.4000,1.799547
_07611_,VPWR,li1,84.8700,263.8400,1.799446
_07610_,VPWR,li1,78.4300,263.8400,1.799488
_07609_,VPWR,li1,81.1900,263.8400,1.799470
_07608_,VPWR,li1,74.2900,258.4000,1.799639
_07607_,VPWR,li1,67.3900,258.4000,1.799677
_07606_,VPWR,li1,71.7600,258.4000,1.799651
_07605_,VPWR,li1,81.1900,252.9600,1.799806
_07604_,VPWR,li1,85.1000,258.4000,1.799588
_07603_,VPWR,li1,84.8700,291.0400,1.799896
_07602_,VPWR,li1,87.6300,291.0400,1.799896
_07601_,VPWR,li1,83.2600,291.0400,1.799897
_07600_,VPWR,li1,85.7900,291.0400,1.799896
_07599_,VPWR,li1,89.0100,285.6000,1.799860
_07598_,VPWR,li1,85.1000,285.6000,1.799859
_07597_,VPWR,li1,81.6500,285.6000,1.799859
_07596_,VPWR,li1,77.0500,285.6000,1.799859
_07595_,VPWR,li1,85.3300,285.6000,1.799859
_07594_,VPWR,li1,80.2700,285.6000,1.799859
_07593_,VPWR,li1,61.4100,285.6000,1.799859
_07592_,VPWR,li1,76.1300,296.4800,1.799856
_07591_,VPWR,li1,75.6700,291.0400,1.799902
_07590_,VPWR,li1,78.8900,296.4800,1.799853
_07589_,VPWR,li1,73.3700,291.0400,1.799903
_07588_,VPWR,li1,72.9100,296.4800,1.799859
_07587_,VPWR,li1,106.0300,247.5200,1.799845
_07586_,VPWR,li1,104.4200,269.2800,1.799732
_07585_,VPWR,li1,123.5100,323.6800,1.797733
_07584_,VPWR,li1,120.2900,323.6800,1.797664
_07583_,VPWR,li1,118.9100,318.2400,1.799092
_07582_,VPWR,li1,118.4500,323.6800,1.797602
_07581_,VPWR,li1,116.1500,318.2400,1.799084
_07580_,VPWR,li1,113.3900,312.8000,1.799505
_07579_,VPWR,li1,115.6900,312.8000,1.799511
_07578_,VPWR,li1,117.0700,312.8000,1.799511
_07577_,VPWR,li1,117.3000,307.3600,1.799522
_07576_,VPWR,li1,106.0300,312.8000,1.799484
_07575_,VPWR,li1,100.9700,307.3600,1.799532
_07574_,VPWR,li1,103.2700,307.3600,1.799526
_07573_,VPWR,li1,97.7500,307.3600,1.799542
_07572_,VPWR,li1,91.7700,301.9200,1.799840
_07571_,VPWR,li1,92.4600,296.4800,1.799842
_07570_,VPWR,li1,97.5200,301.9200,1.799835
_07569_,VPWR,li1,101.8900,301.9200,1.799834
_07568_,VPWR,li1,94.3000,291.0400,1.799895
_07567_,VPWR,li1,100.0500,301.9200,1.799834
_07566_,VPWR,li1,104.8800,280.1600,1.799449
_07565_,VPWR,li1,106.7200,296.4800,1.799832
_07564_,VPWR,li1,119.8300,345.4400,1.798727
_07563_,VPWR,li1,122.5900,345.4400,1.798698
_07562_,VPWR,li1,118.4500,345.4400,1.798727
_07561_,VPWR,li1,116.6100,350.8800,1.799671
_07560_,VPWR,li1,122.8200,350.8800,1.799659
_07559_,VPWR,li1,110.6300,350.8800,1.799683
_07558_,VPWR,li1,108.3300,350.8800,1.799692
_07557_,VPWR,li1,112.2400,350.8800,1.799683
_07556_,VPWR,li1,110.1700,345.4400,1.798812
_07555_,VPWR,li1,102.3500,356.3200,1.799684
_07554_,VPWR,li1,105.1100,356.3200,1.799679
_07553_,VPWR,li1,105.5700,361.7600,1.797936
_07552_,VPWR,li1,94.0700,361.7600,1.798153
_07551_,VPWR,li1,94.9900,356.3200,1.799708
_07550_,VPWR,li1,96.3700,356.3200,1.799702
_07549_,VPWR,li1,94.7600,361.7600,1.798153
_07548_,VPWR,li1,90.8500,361.7600,1.798194
_07547_,VPWR,li1,119.6000,274.7200,1.799363
_07546_,VPWR,li1,124.8900,318.2400,1.799109
_07545_,VPWR,li1,132.2500,340.0000,1.797159
_07544_,VPWR,li1,129.0300,340.0000,1.797101
_07543_,VPWR,li1,133.6300,340.0000,1.797191
_07542_,VPWR,li1,129.2600,345.4400,1.798634
_07541_,VPWR,li1,133.4000,318.2400,1.799154
_07540_,VPWR,li1,166.2900,350.8800,1.799665
_07539_,VPWR,li1,177.3300,345.4400,1.799273
_07538_,VPWR,li1,166.2900,345.4400,1.798928
_07537_,VPWR,li1,158.7000,345.4400,1.798723
_07536_,VPWR,li1,162.1500,345.4400,1.798827
_07535_,VPWR,li1,165.6000,340.0000,1.798318
_07534_,VPWR,li1,162.6100,340.0000,1.798215
_07533_,VPWR,li1,156.4000,340.0000,1.797947
_07532_,VPWR,li1,154.5600,334.5600,1.795319
_07531_,VPWR,li1,156.4000,334.5600,1.795541
_07530_,VPWR,li1,152.7200,329.1200,1.797643
_07529_,VPWR,li1,149.7300,334.5600,1.794756
_07528_,VPWR,li1,145.5900,329.1200,1.797322
_07527_,VPWR,li1,146.5100,334.5600,1.794270
_07526_,VPWR,li1,149.9600,329.1200,1.797523
_07525_,VPWR,li1,139.8400,323.6800,1.798122
_07524_,VPWR,li1,137.5400,323.6800,1.798063
_07523_,VPWR,li1,142.3700,323.6800,1.798191
_07522_,VPWR,li1,138.9200,258.4000,1.799500
_07521_,VPWR,li1,139.6100,329.1200,1.797126
_07520_,VPWR,li1,135.2400,263.8400,1.799220
_07519_,VPWR,li1,130.1800,258.4000,1.799466
_07518_,VPWR,li1,126.7300,258.4000,1.799456
_07517_,VPWR,li1,126.0400,242.0800,1.799606
_07516_,VPWR,li1,131.7900,258.4000,1.799466
_07515_,VPWR,li1,123.0500,242.0800,1.799600
_07514_,VPWR,li1,117.5300,242.0800,1.799592
_07513_,VPWR,li1,112.7000,242.0800,1.799591
_07512_,VPWR,li1,112.7000,236.6400,1.799689
_07511_,VPWR,li1,111.5500,231.2000,1.799711
_07510_,VPWR,li1,112.9300,225.7600,1.799714
_07509_,VPWR,li1,104.4200,225.7600,1.799714
_07508_,VPWR,li1,101.2000,225.7600,1.799715
_07507_,VPWR,li1,98.2100,225.7600,1.799717
_07506_,VPWR,li1,101.2000,225.7600,1.799715
_07505_,VPWR,li1,96.3700,225.7600,1.799719
_07504_,VPWR,li1,97.9800,225.7600,1.799717
_07503_,VPWR,li1,103.0400,220.3200,1.799824
_07502_,VPWR,li1,94.3000,220.3200,1.799827
_07501_,VPWR,li1,91.0800,220.3200,1.799828
_07500_,VPWR,li1,85.3300,209.4400,1.799864
_07499_,VPWR,li1,89.4700,209.4400,1.799860
_07498_,VPWR,li1,80.9600,209.4400,1.799869
_07497_,VPWR,li1,74.7500,209.4400,1.799876
_07496_,VPWR,li1,77.5100,204.0000,1.799876
_07495_,VPWR,li1,86.4800,220.3200,1.799832
_07494_,VPWR,li1,88.7800,220.3200,1.799830
_07493_,VPWR,li1,90.6200,225.7600,1.799725
_07492_,VPWR,li1,85.3300,214.8800,1.799899
_07491_,VPWR,li1,89.2400,214.8800,1.799898
_07490_,VPWR,li1,72.2200,214.8800,1.799903
_07489_,VPWR,li1,80.9600,214.8800,1.799900
_07488_,VPWR,li1,78.4300,214.8800,1.799900
_07487_,VPWR,li1,96.8300,204.0000,1.799868
_07486_,VPWR,li1,93.6100,204.0000,1.799868
_07485_,VPWR,li1,94.5300,204.0000,1.799868
_07484_,VPWR,li1,88.0900,204.0000,1.799870
_07483_,VPWR,li1,84.4100,204.0000,1.799872
_07482_,VPWR,li1,84.4100,204.0000,1.799872
_07481_,VPWR,li1,84.4100,198.5600,1.799883
_07480_,VPWR,li1,95.4500,209.4400,1.799856
_07479_,VPWR,li1,111.5500,209.4400,1.799844
_07478_,VPWR,li1,103.5000,242.0800,1.799603
_07477_,VPWR,li1,107.6400,242.0800,1.799598
_07476_,VPWR,li1,106.7200,242.0800,1.799598
_07475_,VPWR,li1,104.6500,242.0800,1.799603
_07474_,VPWR,li1,101.2000,247.5200,1.799846
_07473_,VPWR,li1,100.7400,247.5200,1.799846
_07472_,VPWR,li1,103.9600,247.5200,1.799845
_07471_,VPWR,li1,100.2800,242.0800,1.799608
_07470_,VPWR,li1,101.8900,209.4400,1.799850
_07469_,VPWR,li1,94.5300,247.5200,1.799849
_07468_,VPWR,li1,97.7500,247.5200,1.799847
_07467_,VPWR,li1,92.6900,242.0800,1.799623
_07466_,VPWR,li1,95.4500,242.0800,1.799618
_07465_,VPWR,li1,42.5500,242.0800,1.799799
_07464_,VPWR,li1,90.3900,252.9600,1.799804
_07463_,VPWR,li1,92.6900,252.9600,1.799804
_07462_,VPWR,li1,85.1000,247.5200,1.799855
_07461_,VPWR,li1,85.3300,252.9600,1.799804
_07460_,VPWR,li1,82.1100,252.9600,1.799806
_07459_,VPWR,li1,110.4000,214.8800,1.799900
_07458_,VPWR,li1,123.5100,274.7200,1.799387
_07457_,VPWR,li1,116.6100,274.7200,1.799355
_07456_,VPWR,li1,117.7600,269.2800,1.799735
_07455_,VPWR,li1,110.6300,274.7200,1.799335
_07454_,VPWR,li1,106.9500,274.7200,1.799324
_07453_,VPWR,li1,106.7200,269.2800,1.799731
_07452_,VPWR,li1,110.1700,269.2800,1.799731
_07451_,VPWR,li1,117.0700,263.8400,1.799263
_07450_,VPWR,li1,97.7500,258.4000,1.799531
_07449_,VPWR,li1,91.3100,258.4000,1.799559
_07448_,VPWR,li1,94.0700,258.4000,1.799547
_07447_,VPWR,li1,86.7100,258.4000,1.799579
_07446_,VPWR,li1,88.0900,263.8400,1.799425
_07445_,VPWR,li1,91.5400,263.8400,1.799411
_07444_,VPWR,li1,78.4300,258.4000,1.799622
_07443_,VPWR,li1,23.6900,258.4000,1.799920
_07442_,VPWR,li1,80.9600,258.4000,1.799606
_07441_,VPWR,li1,89.9300,236.6400,1.799653
_07440_,VPWR,li1,110.6300,258.4000,1.799481
_07439_,VPWR,li1,102.8100,280.1600,1.799439
_07438_,VPWR,li1,100.0500,280.1600,1.799427
_07437_,VPWR,li1,102.8100,280.1600,1.799439
_07436_,VPWR,li1,101.8900,258.4000,1.799514
_07435_,VPWR,li1,97.7500,285.6000,1.799862
_07434_,VPWR,li1,94.9900,285.6000,1.799862
_07433_,VPWR,li1,91.5400,280.1600,1.799410
_07432_,VPWR,li1,92.6900,285.6000,1.799861
_07431_,VPWR,li1,89.4700,285.6000,1.799860
_07430_,VPWR,li1,97.7500,291.0400,1.799895
_07429_,VPWR,li1,90.3900,291.0400,1.799895
_07428_,VPWR,li1,92.2300,291.0400,1.799895
_07427_,VPWR,li1,98.2100,291.0400,1.799895
_07426_,VPWR,li1,94.9900,291.0400,1.799895
_07425_,VPWR,li1,122.8200,236.6400,1.799719
_07424_,VPWR,li1,121.6700,269.2800,1.799736
_07423_,VPWR,li1,134.5500,323.6800,1.797979
_07422_,VPWR,li1,130.8700,318.2400,1.799136
_07421_,VPWR,li1,136.1600,318.2400,1.799172
_07420_,VPWR,li1,127.6500,318.2400,1.799124
_07419_,VPWR,li1,130.4100,318.2400,1.799136
_07418_,VPWR,li1,124.4300,312.8000,1.799537
_07417_,VPWR,li1,127.1900,312.8000,1.799547
_07416_,VPWR,li1,131.5600,307.3600,1.799581
_07415_,VPWR,li1,119.8300,307.3600,1.799537
_07414_,VPWR,li1,115.2300,301.9200,1.799831
_07413_,VPWR,li1,118.2200,301.9200,1.799832
_07412_,VPWR,li1,112.9300,301.9200,1.799831
_07411_,VPWR,li1,112.9300,296.4800,1.799829
_07410_,VPWR,li1,114.7700,296.4800,1.799828
_07409_,VPWR,li1,117.0700,296.4800,1.799827
_07408_,VPWR,li1,110.6300,296.4800,1.799830
_07407_,VPWR,li1,103.9600,296.4800,1.799833
_07406_,VPWR,li1,101.8900,296.4800,1.799835
_07405_,VPWR,li1,104.8800,301.9200,1.799833
_07404_,VPWR,li1,107.6400,301.9200,1.799832
_07403_,VPWR,li1,106.7200,301.9200,1.799832
_07402_,VPWR,li1,104.6500,301.9200,1.799833
_07401_,VPWR,li1,107.6400,291.0400,1.799897
_07400_,VPWR,li1,114.5400,285.6000,1.799870
_07399_,VPWR,li1,125.1200,296.4800,1.799825
_07398_,VPWR,li1,128.1100,345.4400,1.798634
_07397_,VPWR,li1,126.2700,345.4400,1.798652
_07396_,VPWR,li1,126.7300,350.8800,1.799653
_07395_,VPWR,li1,130.6400,361.7600,1.797498
_07394_,VPWR,li1,120.7500,350.8800,1.799663
_07393_,VPWR,li1,117.3000,350.8800,1.799671
_07392_,VPWR,li1,118.9100,350.8800,1.799666
_07391_,VPWR,li1,116.1500,356.3200,1.799649
_07390_,VPWR,li1,118.4500,356.3200,1.799643
_07389_,VPWR,li1,118.4500,361.7600,1.797704
_07388_,VPWR,li1,112.4700,356.3200,1.799660
_07387_,VPWR,li1,112.9300,356.3200,1.799660
_07386_,VPWR,li1,111.7800,361.7600,1.797822
_07385_,VPWR,li1,102.3500,361.7600,1.797989
_07384_,VPWR,li1,108.7900,361.7600,1.797891
_07383_,VPWR,li1,120.0600,350.8800,1.799666
_07382_,VPWR,li1,116.3800,345.4400,1.798753
_07381_,VPWR,li1,131.3300,350.8800,1.799647
_07380_,VPWR,li1,130.8700,350.8800,1.799647
_07379_,VPWR,li1,129.0300,350.8800,1.799650
_07378_,VPWR,li1,133.4000,350.8800,1.799643
_07377_,VPWR,li1,129.4900,356.3200,1.799618
_07376_,VPWR,li1,132.0200,274.7200,1.799431
_07375_,VPWR,li1,138.0000,318.2400,1.799185
_07374_,VPWR,li1,154.3300,329.1200,1.797643
_07373_,VPWR,li1,150.6500,329.1200,1.797523
_07372_,VPWR,li1,147.8900,329.1200,1.797422
_07371_,VPWR,li1,145.8200,350.8800,1.799629
_07370_,VPWR,li1,179.1700,345.4400,1.799252
_07369_,VPWR,li1,185.8400,345.4400,1.799221
_07368_,VPWR,li1,175.0300,345.4400,1.799322
_07367_,VPWR,li1,177.3300,340.0000,1.798667
_07366_,VPWR,li1,170.4300,340.0000,1.798559
_07365_,VPWR,li1,167.6700,334.5600,1.796963
_07364_,VPWR,li1,187.9100,307.3600,1.799661
_07363_,VPWR,li1,164.9100,334.5600,1.796450
_07362_,VPWR,li1,163.5300,334.5600,1.796450
_07361_,VPWR,li1,165.3700,334.5600,1.796691
_07360_,VPWR,li1,158.4700,329.1200,1.797907
_07359_,VPWR,li1,161.2300,329.1200,1.797997
_07358_,VPWR,li1,167.6700,296.4800,1.799835
_07357_,VPWR,li1,153.4100,323.6800,1.798516
_07356_,VPWR,li1,155.7100,323.6800,1.798593
_07355_,VPWR,li1,149.2700,263.8400,1.799328
_07354_,VPWR,li1,144.9000,263.8400,1.799278
_07353_,VPWR,li1,151.8000,263.8400,1.799365
_07352_,VPWR,li1,141.4500,263.8400,1.799246
_07351_,VPWR,li1,138.6900,263.8400,1.799233
_07350_,VPWR,li1,138.2300,258.4000,1.799500
_07349_,VPWR,li1,142.3700,258.4000,1.799531
_07348_,VPWR,li1,142.6000,252.9600,1.799821
_07347_,VPWR,li1,124.8900,242.0800,1.799606
_07346_,VPWR,li1,127.1900,242.0800,1.799615
_07345_,VPWR,li1,123.5100,231.2000,1.799731
_07344_,VPWR,li1,126.2700,231.2000,1.799739
_07343_,VPWR,li1,129.2600,225.7600,1.799739
_07342_,VPWR,li1,118.4500,225.7600,1.799721
_07341_,VPWR,li1,118.4500,225.7600,1.799721
_07340_,VPWR,li1,114.3100,225.7600,1.799714
_07339_,VPWR,li1,110.6300,225.7600,1.799713
_07338_,VPWR,li1,132.7100,220.3200,1.799835
_07337_,VPWR,li1,105.5700,220.3200,1.799823
_07336_,VPWR,li1,102.3500,220.3200,1.799824
_07335_,VPWR,li1,103.0400,214.8800,1.799898
_07334_,VPWR,li1,134.7800,209.4400,1.799842
_07333_,VPWR,li1,97.7500,220.3200,1.799825
_07332_,VPWR,li1,87.6300,225.7600,1.799728
_07331_,VPWR,li1,88.0900,225.7600,1.799728
_07330_,VPWR,li1,96.8300,214.8800,1.799898
_07329_,VPWR,li1,98.4400,214.8800,1.799898
_07328_,VPWR,li1,93.8400,214.8800,1.799898
_07327_,VPWR,li1,94.9900,214.8800,1.799898
_07326_,VPWR,li1,91.0800,214.8800,1.799898
_07325_,VPWR,li1,113.8500,220.3200,1.799826
_07324_,VPWR,li1,116.3800,214.8800,1.799901
_07323_,VPWR,li1,113.6200,209.4400,1.799843
_07322_,VPWR,li1,116.1500,204.0000,1.799873
_07321_,VPWR,li1,115.6900,204.0000,1.799873
_07320_,VPWR,li1,112.9300,204.0000,1.799872
_07319_,VPWR,li1,110.1700,204.0000,1.799870
_07318_,VPWR,li1,110.1700,204.0000,1.799870
_07317_,VPWR,li1,119.3700,204.0000,1.799875
_07316_,VPWR,li1,120.2900,236.6400,1.799712
_07315_,VPWR,li1,118.4500,236.6400,1.799702
_07314_,VPWR,li1,122.5900,236.6400,1.799719
_07313_,VPWR,li1,108.3300,236.6400,1.799681
_07312_,VPWR,li1,106.7200,231.2000,1.799705
_07311_,VPWR,li1,106.2600,236.6400,1.799676
_07310_,VPWR,li1,104.8800,231.2000,1.799703
_07309_,VPWR,li1,108.1000,231.2000,1.799705
_07308_,VPWR,li1,126.9600,231.2000,1.799739
_07307_,VPWR,li1,105.3400,209.4400,1.799847
_07306_,VPWR,li1,108.7900,209.4400,1.799845
_07305_,VPWR,li1,102.3500,209.4400,1.799849
_07304_,VPWR,li1,99.1300,209.4400,1.799852
_07303_,VPWR,li1,104.6500,204.0000,1.799869
_07302_,VPWR,li1,88.5500,198.5600,1.799880
_07301_,VPWR,li1,99.1300,236.6400,1.799663
_07300_,VPWR,li1,85.1000,231.2000,1.799685
_07299_,VPWR,li1,87.6300,231.2000,1.799686
_07298_,VPWR,li1,85.7900,236.6400,1.799651
_07297_,VPWR,li1,85.7900,231.2000,1.799685
_07296_,VPWR,li1,14.2600,214.8800,1.799963
_07295_,VPWR,li1,132.2500,242.0800,1.799637
_07294_,VPWR,li1,135.9300,274.7200,1.799459
_07293_,VPWR,li1,129.9500,269.2800,1.799746
_07292_,VPWR,li1,128.3400,274.7200,1.799414
_07291_,VPWR,li1,129.0300,274.7200,1.799414
_07290_,VPWR,li1,120.0600,274.7200,1.799363
_07289_,VPWR,li1,120.0600,269.2800,1.799736
_07288_,VPWR,li1,120.0600,269.2800,1.799736
_07287_,VPWR,li1,122.8200,269.2800,1.799739
_07286_,VPWR,li1,128.1100,269.2800,1.799744
_07285_,VPWR,li1,132.2500,269.2800,1.799749
_07284_,VPWR,li1,118.2200,263.8400,1.799263
_07283_,VPWR,li1,117.7600,258.4000,1.799468
_07282_,VPWR,li1,116.3800,258.4000,1.799471
_07281_,VPWR,li1,118.6800,258.4000,1.799468
_07280_,VPWR,li1,115.6900,252.9600,1.799805
_07279_,VPWR,li1,112.9300,252.9600,1.799805
_07278_,VPWR,li1,107.8700,252.9600,1.799804
_07277_,VPWR,li1,110.1700,247.5200,1.799845
_07276_,VPWR,li1,119.8300,252.9600,1.799807
_07275_,VPWR,li1,115.2300,280.1600,1.799499
_07274_,VPWR,li1,112.0100,280.1600,1.799483
_07273_,VPWR,li1,116.6100,285.6000,1.799872
_07272_,VPWR,li1,125.3500,285.6000,1.799879
_07271_,VPWR,li1,105.1100,258.4000,1.799502
_07270_,VPWR,li1,105.5700,258.4000,1.799502
_07269_,VPWR,li1,100.9700,258.4000,1.799522
_07268_,VPWR,li1,102.3500,252.9600,1.799803
_07267_,VPWR,li1,97.5200,258.4000,1.799539
_07266_,VPWR,li1,100.5100,252.9600,1.799803
_07265_,VPWR,li1,110.6300,285.6000,1.799867
_07264_,VPWR,li1,107.8700,285.6000,1.799867
_07263_,VPWR,li1,106.2600,285.6000,1.799865
_07262_,VPWR,li1,104.6500,291.0400,1.799896
_07261_,VPWR,li1,136.1600,247.5200,1.799846
_07260_,VPWR,li1,140.0700,274.7200,1.799488
_07259_,VPWR,li1,151.1100,323.6800,1.798425
_07258_,VPWR,li1,153.4100,323.6800,1.798516
_07257_,VPWR,li1,147.8900,318.2400,1.799248
_07256_,VPWR,li1,150.6500,318.2400,1.799283
_07255_,VPWR,li1,144.2100,318.2400,1.799230
_07254_,VPWR,li1,140.5300,318.2400,1.799199
_07253_,VPWR,li1,140.0700,318.2400,1.799199
_07252_,VPWR,li1,140.9900,312.8000,1.799595
_07251_,VPWR,li1,144.4400,307.3600,1.799649
_07250_,VPWR,li1,136.3900,307.3600,1.799610
_07249_,VPWR,li1,132.2500,301.9200,1.799838
_07248_,VPWR,li1,131.3300,296.4800,1.799823
_07247_,VPWR,li1,133.1700,296.4800,1.799824
_07246_,VPWR,li1,128.5700,296.4800,1.799824
_07245_,VPWR,li1,125.8100,296.4800,1.799824
_07244_,VPWR,li1,130.4100,296.4800,1.799823
_07243_,VPWR,li1,119.3700,296.4800,1.799826
_07242_,VPWR,li1,116.1500,291.0400,1.799899
_07241_,VPWR,li1,116.8400,291.0400,1.799900
_07240_,VPWR,li1,124.4300,301.9200,1.799835
_07239_,VPWR,li1,132.4800,285.6000,1.799886
_07238_,VPWR,li1,142.8300,350.8800,1.799631
_07237_,VPWR,li1,147.8900,350.8800,1.799628
_07236_,VPWR,li1,146.2800,350.8800,1.799629
_07235_,VPWR,li1,145.8200,356.3200,1.799629
_07234_,VPWR,li1,136.3900,361.7600,1.797392
_07233_,VPWR,li1,129.0300,367.2000,1.792115
_07232_,VPWR,li1,131.7900,367.2000,1.792374
_07231_,VPWR,li1,133.8600,372.6400,1.798733
_07230_,VPWR,li1,123.5100,367.2000,1.791771
_07229_,VPWR,li1,116.6100,367.2000,1.791256
_07228_,VPWR,li1,121.2100,361.7600,1.797655
_07227_,VPWR,li1,105.3400,291.0400,1.799896
_07226_,VPWR,li1,120.7500,367.2000,1.791445
_07225_,VPWR,li1,127.1900,361.7600,1.797550
_07224_,VPWR,li1,127.8800,361.7600,1.797550
_07223_,VPWR,li1,123.5100,356.3200,1.799631
_07222_,VPWR,li1,126.7300,356.3200,1.799626
_07221_,VPWR,li1,144.6700,350.8800,1.799629
_07220_,VPWR,li1,136.8500,350.8800,1.799641
_07219_,VPWR,li1,126.7300,350.8800,1.799653
_07218_,VPWR,li1,142.8300,350.8800,1.799631
_07217_,VPWR,li1,133.1700,356.3200,1.799614
_07216_,VPWR,li1,140.0700,350.8800,1.799635
_07215_,VPWR,li1,150.8800,269.2800,1.799773
_07214_,VPWR,li1,155.0200,318.2400,1.799310
_07213_,VPWR,li1,159.8500,334.5600,1.795981
_07212_,VPWR,li1,161.6900,334.5600,1.796215
_07211_,VPWR,li1,161.4600,301.9200,1.799861
_07210_,VPWR,li1,183.7700,345.4400,1.799228
_07209_,VPWR,li1,192.2800,345.4400,1.799209
_07208_,VPWR,li1,183.0800,345.4400,1.799228
_07207_,VPWR,li1,182.1600,340.0000,1.798421
_07206_,VPWR,li1,188.6000,340.0000,1.798080
_07205_,VPWR,li1,188.6000,318.2400,1.799064
_07204_,VPWR,li1,183.5400,323.6800,1.798979
_07203_,VPWR,li1,182.1600,296.4800,1.799791
_07202_,VPWR,li1,189.5200,301.9200,1.799766
_07201_,VPWR,li1,187.2200,301.9200,1.799785
_07200_,VPWR,li1,188.6000,296.4800,1.799762
_07199_,VPWR,li1,185.3800,307.3600,1.799698
_07198_,VPWR,li1,172.0400,296.4800,1.799851
_07197_,VPWR,li1,174.3400,296.4800,1.799860
_07196_,VPWR,li1,168.3600,269.2800,1.799822
_07195_,VPWR,li1,167.4400,263.8400,1.799606
_07194_,VPWR,li1,155.9400,263.8400,1.799405
_07193_,VPWR,li1,155.4800,263.8400,1.799405
_07192_,VPWR,li1,152.4900,258.4000,1.799615
_07191_,VPWR,li1,153.6400,258.4000,1.799615
_07190_,VPWR,li1,145.8200,258.4000,1.799559
_07189_,VPWR,li1,150.8800,252.9600,1.799832
_07188_,VPWR,li1,144.9000,231.2000,1.799792
_07187_,VPWR,li1,143.7500,225.7600,1.799769
_07186_,VPWR,li1,135.7000,225.7600,1.799749
_07185_,VPWR,li1,132.7100,225.7600,1.799743
_07184_,VPWR,li1,131.5600,220.3200,1.799835
_07183_,VPWR,li1,135.7000,220.3200,1.799839
_07182_,VPWR,li1,139.8400,220.3200,1.799843
_07181_,VPWR,li1,129.2600,220.3200,1.799833
_07180_,VPWR,li1,126.9600,220.3200,1.799832
_07179_,VPWR,li1,136.1600,209.4400,1.799843
_07178_,VPWR,li1,133.4000,209.4400,1.799842
_07177_,VPWR,li1,145.3600,209.4400,1.799848
_07176_,VPWR,li1,126.5000,209.4400,1.799841
_07175_,VPWR,li1,138.6900,209.4400,1.799844
_07174_,VPWR,li1,132.0200,204.0000,1.799886
_07173_,VPWR,li1,127.1900,209.4400,1.799841
_07172_,VPWR,li1,136.3900,214.8800,1.799910
_07171_,VPWR,li1,123.5100,204.0000,1.799878
_07170_,VPWR,li1,123.2800,204.0000,1.799878
_07169_,VPWR,li1,119.8300,209.4400,1.799842
_07168_,VPWR,li1,119.8300,204.0000,1.799875
_07167_,VPWR,li1,125.8100,204.0000,1.799880
_07166_,VPWR,li1,120.7500,220.3200,1.799829
_07165_,VPWR,li1,117.5300,220.3200,1.799827
_07164_,VPWR,li1,119.3700,220.3200,1.799828
_07163_,VPWR,li1,113.3900,214.8800,1.799900
_07162_,VPWR,li1,113.1600,214.8800,1.799900
_07161_,VPWR,li1,122.3600,214.8800,1.799903
_07160_,VPWR,li1,137.7700,252.9600,1.799816
_07159_,VPWR,li1,138.2300,247.5200,1.799847
_07158_,VPWR,li1,135.2400,247.5200,1.799846
_07157_,VPWR,li1,133.1700,247.5200,1.799846
_07156_,VPWR,li1,130.6400,247.5200,1.799845
_07155_,VPWR,li1,130.6400,242.0800,1.799625
_07154_,VPWR,li1,132.4800,236.6400,1.799751
_07153_,VPWR,li1,130.1800,236.6400,1.799741
_07152_,VPWR,li1,138.4600,236.6400,1.799768
_07151_,VPWR,li1,132.9400,236.6400,1.799751
_07150_,VPWR,li1,130.8700,236.6400,1.799741
_07149_,VPWR,li1,130.6400,231.2000,1.799750
_07148_,VPWR,li1,127.6500,236.6400,1.799735
_07147_,VPWR,li1,101.4300,236.6400,1.799667
_07146_,VPWR,li1,134.5500,236.6400,1.799758
_07145_,VPWR,li1,123.0500,247.5200,1.799845
_07144_,VPWR,li1,122.8200,252.9600,1.799808
_07143_,VPWR,li1,119.8300,252.9600,1.799807
_07142_,VPWR,li1,123.5100,252.9600,1.799809
_07141_,VPWR,li1,125.3500,247.5200,1.799845
_07140_,VPWR,li1,141.6800,247.5200,1.799849
_07139_,VPWR,li1,152.0300,269.2800,1.799778
_07138_,VPWR,li1,154.3300,269.2800,1.799783
_07137_,VPWR,li1,149.2700,269.2800,1.799773
_07136_,VPWR,li1,146.5100,269.2800,1.799766
_07135_,VPWR,li1,141.4500,269.2800,1.799761
_07134_,VPWR,li1,144.2100,274.7200,1.799507
_07133_,VPWR,li1,140.5300,274.7200,1.799488
_07132_,VPWR,li1,143.9800,274.7200,1.799507
_07131_,VPWR,li1,134.0900,269.2800,1.799751
_07130_,VPWR,li1,132.2500,263.8400,1.799221
_07129_,VPWR,li1,129.7200,269.2800,1.799744
_07128_,VPWR,li1,126.2700,263.8400,1.799231
_07127_,VPWR,li1,129.4900,263.8400,1.799222
_07126_,VPWR,li1,132.7100,285.6000,1.799886
_07125_,VPWR,li1,131.7900,291.0400,1.799905
_07124_,VPWR,li1,129.7200,285.6000,1.799882
_07123_,VPWR,li1,127.1900,285.6000,1.799880
_07122_,VPWR,li1,139.3800,291.0400,1.799909
_07121_,VPWR,li1,126.0400,285.6000,1.799879
_07120_,VPWR,li1,129.2600,285.6000,1.799882
_07119_,VPWR,li1,124.4300,280.1600,1.799547
_07118_,VPWR,li1,123.0500,285.6000,1.799877
_07117_,VPWR,li1,109.7100,285.6000,1.799867
_07116_,VPWR,li1,123.9700,285.6000,1.799877
_07115_,VPWR,li1,127.6500,291.0400,1.799903
_07114_,VPWR,li1,119.1400,291.0400,1.799900
_07113_,VPWR,li1,128.5700,296.4800,1.799824
_07112_,VPWR,li1,117.0700,296.4800,1.799827
_07111_,VPWR,li1,153.1800,274.7200,1.799581
_07110_,VPWR,li1,163.9900,296.4800,1.799831
_07109_,VPWR,li1,164.6800,301.9200,1.799868
_07108_,VPWR,li1,162.1500,296.4800,1.799829
_07107_,VPWR,li1,158.0100,318.2400,1.799353
_07106_,VPWR,li1,157.0900,312.8000,1.799655
_07105_,VPWR,li1,155.0200,312.8000,1.799646
_07104_,VPWR,li1,157.7800,312.8000,1.799655
_07103_,VPWR,li1,158.2400,307.3600,1.799714
_07102_,VPWR,li1,161.9200,307.3600,1.799740
_07101_,VPWR,li1,149.2700,312.8000,1.799625
_07100_,VPWR,li1,140.9900,307.3600,1.799632
_07099_,VPWR,li1,136.3900,307.3600,1.799610
_07098_,VPWR,li1,138.6900,307.3600,1.799621
_07097_,VPWR,li1,139.1500,301.9200,1.799843
_07096_,VPWR,li1,129.9500,307.3600,1.799581
_07095_,VPWR,li1,132.2500,307.3600,1.799592
_07094_,VPWR,li1,126.9600,301.9200,1.799836
_07093_,VPWR,li1,123.5100,301.9200,1.799834
_07092_,VPWR,li1,124.8900,307.3600,1.799556
_07091_,VPWR,li1,123.5100,367.2000,1.791771
_07090_,VPWR,li1,141.4500,296.4800,1.799824
_07089_,VPWR,li1,161.6900,329.1200,1.797997
_07088_,VPWR,li1,158.4700,329.1200,1.797907
_07087_,VPWR,li1,157.5500,334.5600,1.795541
_07086_,VPWR,li1,152.0300,350.8800,1.799627
_07085_,VPWR,li1,149.9600,350.8800,1.799628
_07084_,VPWR,li1,155.9400,356.3200,1.799696
_07083_,VPWR,li1,149.2700,356.3200,1.799659
_07082_,VPWR,li1,148.8100,356.3200,1.799659
_07081_,VPWR,li1,162.3800,356.3200,1.799752
_07080_,VPWR,li1,137.3100,372.6400,1.798782
_07079_,VPWR,li1,140.0700,372.6400,1.798831
_07078_,VPWR,li1,141.4500,372.6400,1.798896
_07077_,VPWR,li1,136.1600,372.6400,1.798782
_07076_,VPWR,li1,131.7900,372.6400,1.798684
_07075_,VPWR,li1,128.1100,367.2000,1.792115
_07074_,VPWR,li1,161.9200,274.7200,1.799650
_07073_,VPWR,li1,168.3600,307.3600,1.799770
_07072_,VPWR,li1,193.4300,345.4400,1.799209
_07071_,VPWR,li1,196.6500,345.4400,1.799211
_07070_,VPWR,li1,192.2800,340.0000,1.797776
_07069_,VPWR,li1,190.2100,340.0000,1.797894
_07068_,VPWR,li1,193.2000,334.5600,1.796548
_07067_,VPWR,li1,186.9900,340.0000,1.798080
_07066_,VPWR,li1,194.5800,323.6800,1.798598
_07065_,VPWR,li1,189.9800,323.6800,1.798755
_07064_,VPWR,li1,190.2100,312.8000,1.799412
_07063_,VPWR,li1,189.9800,312.8000,1.799412
_07062_,VPWR,li1,180.3200,301.9200,1.799823
_07061_,VPWR,li1,181.4700,301.9200,1.799823
_07060_,VPWR,li1,186.7600,274.7200,1.799573
_07059_,VPWR,li1,179.8600,274.7200,1.799666
_07058_,VPWR,li1,170.4300,269.2800,1.799832
_07057_,VPWR,li1,172.7300,263.8400,1.799719
_07056_,VPWR,li1,166.5200,269.2800,1.799811
_07055_,VPWR,li1,169.2800,258.4000,1.799770
_07054_,VPWR,li1,163.7600,258.4000,1.799711
_07053_,VPWR,li1,153.8700,252.9600,1.799841
_07052_,VPWR,li1,159.3900,252.9600,1.799853
_07051_,VPWR,li1,154.1000,225.7600,1.799793
_07050_,VPWR,li1,152.2600,231.2000,1.799817
_07049_,VPWR,li1,146.7400,225.7600,1.799773
_07048_,VPWR,li1,150.1900,225.7600,1.799783
_07047_,VPWR,li1,145.3600,231.2000,1.799792
_07046_,VPWR,li1,149.0400,220.3200,1.799855
_07045_,VPWR,li1,145.5900,225.7600,1.799773
_07044_,VPWR,li1,146.0500,220.3200,1.799852
_07043_,VPWR,li1,150.4200,220.3200,1.799859
_07042_,VPWR,li1,143.5200,214.8800,1.799913
_07041_,VPWR,li1,145.8200,214.8800,1.799915
_07040_,VPWR,li1,143.0600,214.8800,1.799913
_07039_,VPWR,li1,147.6600,209.4400,1.799849
_07038_,VPWR,li1,149.9600,204.0000,1.799911
_07037_,VPWR,li1,145.1300,209.4400,1.799848
_07036_,VPWR,li1,149.7300,209.4400,1.799851
_07035_,VPWR,li1,141.6800,204.0000,1.799898
_07034_,VPWR,li1,137.7700,209.4400,1.799843
_07033_,VPWR,li1,146.9700,204.0000,1.799907
_07032_,VPWR,li1,125.8100,214.8800,1.799904
_07031_,VPWR,li1,123.0500,220.3200,1.799830
_07030_,VPWR,li1,123.7400,209.4400,1.799841
_07029_,VPWR,li1,123.5100,214.8800,1.799903
_07028_,VPWR,li1,125.8100,214.8800,1.799904
_07027_,VPWR,li1,140.0700,231.2000,1.799778
_07026_,VPWR,li1,140.3000,225.7600,1.799762
_07025_,VPWR,li1,138.2300,225.7600,1.799755
_07024_,VPWR,li1,156.4000,252.9600,1.799847
_07023_,VPWR,li1,152.7200,252.9600,1.799837
_07022_,VPWR,li1,144.2100,252.9600,1.799823
_07021_,VPWR,li1,144.2100,247.5200,1.799850
_07020_,VPWR,li1,144.4400,242.0800,1.799692
_07019_,VPWR,li1,142.3700,242.0800,1.799683
_07018_,VPWR,li1,145.5900,242.0800,1.799692
_07017_,VPWR,li1,143.0600,242.0800,1.799683
_07016_,VPWR,li1,140.9900,242.0800,1.799669
_07015_,VPWR,li1,141.2200,236.6400,1.799782
_07014_,VPWR,li1,137.3100,236.6400,1.799768
_07013_,VPWR,li1,144.2100,236.6400,1.799793
_07012_,VPWR,li1,133.1700,252.9600,1.799812
_07011_,VPWR,li1,129.0300,252.9600,1.799811
_07010_,VPWR,li1,130.6400,252.9600,1.799811
_07009_,VPWR,li1,169.9700,263.8400,1.799676
_07008_,VPWR,li1,164.2200,269.2800,1.799806
_07007_,VPWR,li1,163.7600,263.8400,1.799566
_07006_,VPWR,li1,161.2300,269.2800,1.799801
_07005_,VPWR,li1,156.6300,274.7200,1.799609
_07004_,VPWR,li1,161.2300,274.7200,1.799634
_07003_,VPWR,li1,151.1100,280.1600,1.799689
_07002_,VPWR,li1,152.9500,274.7200,1.799581
_07001_,VPWR,li1,152.9500,280.1600,1.799702
_07000_,VPWR,li1,141.6800,280.1600,1.799638
_06999_,VPWR,li1,131.3300,274.7200,1.799431
_06998_,VPWR,li1,142.8300,274.7200,1.799507
_06997_,VPWR,li1,141.9100,291.0400,1.799910
_06996_,VPWR,li1,137.7700,291.0400,1.799908
_06995_,VPWR,li1,146.2800,291.0400,1.799914
_06994_,VPWR,li1,146.0500,291.0400,1.799913
_06993_,VPWR,li1,149.5000,291.0400,1.799918
_06992_,VPWR,li1,141.6800,291.0400,1.799910
_06991_,VPWR,li1,145.5900,285.6000,1.799904
_06990_,VPWR,li1,142.1400,285.6000,1.799898
_06989_,VPWR,li1,138.2300,285.6000,1.799893
_06988_,VPWR,li1,143.2900,291.0400,1.799910
_06987_,VPWR,li1,136.3900,296.4800,1.799824
_06986_,VPWR,li1,163.5300,274.7200,1.799650
_06985_,VPWR,li1,182.3900,307.3600,1.799724
_06984_,VPWR,li1,182.1600,307.3600,1.799724
_06983_,VPWR,li1,180.0900,307.3600,1.799757
_06982_,VPWR,li1,177.7900,296.4800,1.799842
_06981_,VPWR,li1,175.9500,301.9200,1.799865
_06980_,VPWR,li1,175.0300,307.3600,1.799814
_06979_,VPWR,li1,168.1300,301.9200,1.799873
_06978_,VPWR,li1,167.2100,307.3600,1.799770
_06977_,VPWR,li1,162.1500,307.3600,1.799740
_06976_,VPWR,li1,152.4900,307.3600,1.799687
_06975_,VPWR,li1,148.3500,307.3600,1.799662
_06974_,VPWR,li1,155.2500,307.3600,1.799705
_06973_,VPWR,li1,152.0300,301.9200,1.799853
_06972_,VPWR,li1,143.2900,301.9200,1.799846
_06971_,VPWR,li1,143.7500,296.4800,1.799825
_06970_,VPWR,li1,145.3600,301.9200,1.799847
_06969_,VPWR,li1,142.3700,301.9200,1.799844
_06968_,VPWR,li1,139.1500,301.9200,1.799843
_06967_,VPWR,li1,170.8900,307.3600,1.799784
_06966_,VPWR,li1,167.6700,340.0000,1.798449
_06965_,VPWR,li1,165.8300,340.0000,1.798318
_06964_,VPWR,li1,161.2300,356.3200,1.799734
_06963_,VPWR,li1,154.3300,356.3200,1.799696
_06962_,VPWR,li1,155.7100,356.3200,1.799696
_06961_,VPWR,li1,161.0000,361.7600,1.798355
_06960_,VPWR,li1,158.0100,356.3200,1.799721
_06959_,VPWR,li1,183.0800,318.2400,1.799253
_06958_,VPWR,li1,193.4300,350.8800,1.799799
_06957_,VPWR,li1,198.7200,340.0000,1.797508
_06956_,VPWR,li1,195.2700,340.0000,1.797647
_06955_,VPWR,li1,199.1800,345.4400,1.799216
_06954_,VPWR,li1,200.7900,345.4400,1.799220
_06953_,VPWR,li1,194.1200,334.5600,1.796548
_06952_,VPWR,li1,194.5800,340.0000,1.797647
_06951_,VPWR,li1,197.1100,340.0000,1.797508
_06950_,VPWR,li1,195.0400,329.1200,1.797130
_06949_,VPWR,li1,182.3900,329.1200,1.798085
_06948_,VPWR,li1,189.0600,329.1200,1.797580
_06947_,VPWR,li1,199.8700,340.0000,1.797409
_06946_,VPWR,li1,197.1100,329.1200,1.796976
_06945_,VPWR,li1,193.2000,329.1200,1.797336
_06944_,VPWR,li1,192.9700,323.6800,1.798660
_06943_,VPWR,li1,194.8100,285.6000,1.799906
_06942_,VPWR,li1,187.4500,323.6800,1.798843
_06941_,VPWR,li1,184.2300,323.6800,1.798979
_06940_,VPWR,li1,191.1300,285.6000,1.799914
_06939_,VPWR,li1,187.6800,285.6000,1.799922
_06938_,VPWR,li1,189.5200,285.6000,1.799914
_06937_,VPWR,li1,189.5200,318.2400,1.798999
_06936_,VPWR,li1,195.9600,312.8000,1.799302
_06935_,VPWR,li1,181.2400,280.1600,1.799790
_06934_,VPWR,li1,188.3700,280.1600,1.799732
_06933_,VPWR,li1,188.3700,280.1600,1.799732
_06932_,VPWR,li1,191.3600,274.7200,1.799503
_06931_,VPWR,li1,181.2400,247.5200,1.799814
_06930_,VPWR,li1,184.6900,285.6000,1.799927
_06929_,VPWR,li1,182.3900,285.6000,1.799935
_06928_,VPWR,li1,178.2500,247.5200,1.799846
_06927_,VPWR,li1,171.1200,242.0800,1.799814
_06926_,VPWR,li1,176.8700,242.0800,1.799813
_06925_,VPWR,li1,182.8500,274.7200,1.799620
_06924_,VPWR,li1,188.3700,274.7200,1.799542
_06923_,VPWR,li1,176.4100,269.2800,1.799858
_06922_,VPWR,li1,176.6400,252.9600,1.799914
_06921_,VPWR,li1,175.2600,252.9600,1.799914
_06920_,VPWR,li1,171.3500,242.0800,1.799814
_06919_,VPWR,li1,169.2800,231.2000,1.799887
_06918_,VPWR,li1,167.6700,247.5200,1.799868
_06917_,VPWR,li1,165.3700,242.0800,1.799790
_06916_,VPWR,li1,170.6600,236.6400,1.799892
_06915_,VPWR,li1,167.6700,236.6400,1.799881
_06914_,VPWR,li1,167.4400,231.2000,1.799879
_06913_,VPWR,li1,167.9000,252.9600,1.799880
_06912_,VPWR,li1,164.4500,252.9600,1.799870
_06911_,VPWR,li1,166.9800,252.9600,1.799880
_06910_,VPWR,li1,159.1600,231.2000,1.799840
_06909_,VPWR,li1,165.3700,258.4000,1.799733
_06908_,VPWR,li1,162.6100,231.2000,1.799858
_06907_,VPWR,li1,164.2200,231.2000,1.799858
_06906_,VPWR,li1,165.6000,231.2000,1.799871
_06905_,VPWR,li1,164.2200,225.7600,1.799821
_06904_,VPWR,li1,164.9100,225.7600,1.799821
_06903_,VPWR,li1,166.0600,220.3200,1.799893
_06902_,VPWR,li1,164.2200,220.3200,1.799886
_06901_,VPWR,li1,162.1500,225.7600,1.799815
_06900_,VPWR,li1,158.2400,231.2000,1.799840
_06899_,VPWR,li1,157.7800,220.3200,1.799871
_06898_,VPWR,li1,154.5600,220.3200,1.799865
_06897_,VPWR,li1,161.9200,220.3200,1.799880
_06896_,VPWR,li1,163.0700,220.3200,1.799886
_06895_,VPWR,li1,162.8400,214.8800,1.799929
_06894_,VPWR,li1,160.7700,214.8800,1.799927
_06893_,VPWR,li1,161.9200,209.4400,1.799861
_06892_,VPWR,li1,164.9100,209.4400,1.799864
_06891_,VPWR,li1,153.6400,220.3200,1.799865
_06890_,VPWR,li1,151.3400,214.8800,1.799919
_06889_,VPWR,li1,152.2600,214.8800,1.799919
_06888_,VPWR,li1,154.5600,214.8800,1.799922
_06887_,VPWR,li1,158.2400,209.4400,1.799858
_06886_,VPWR,li1,155.4800,209.4400,1.799856
_06885_,VPWR,li1,159.8500,209.4400,1.799858
_06884_,VPWR,li1,161.6900,204.0000,1.799930
_06883_,VPWR,li1,158.9300,204.0000,1.799925
_06882_,VPWR,li1,151.3400,209.4400,1.799852
_06881_,VPWR,li1,153.6400,209.4400,1.799854
_06880_,VPWR,li1,153.4100,204.0000,1.799916
_06879_,VPWR,li1,156.1700,204.0000,1.799921
_06878_,VPWR,li1,150.1900,204.0000,1.799911
_06877_,VPWR,li1,140.5300,220.3200,1.799843
_06876_,VPWR,li1,138.9200,214.8800,1.799911
_06875_,VPWR,li1,136.3900,220.3200,1.799839
_06874_,VPWR,li1,158.4700,220.3200,1.799876
_06873_,VPWR,li1,170.4300,252.9600,1.799890
_06872_,VPWR,li1,169.5100,252.9600,1.799890
_06871_,VPWR,li1,163.9900,269.2800,1.799806
_06870_,VPWR,li1,163.5300,247.5200,1.799864
_06869_,VPWR,li1,165.3700,247.5200,1.799866
_06868_,VPWR,li1,158.9300,236.6400,1.799848
_06867_,VPWR,li1,162.8400,242.0800,1.799780
_06866_,VPWR,li1,157.5500,247.5200,1.799858
_06865_,VPWR,li1,154.3300,247.5200,1.799856
_06864_,VPWR,li1,153.8700,247.5200,1.799856
_06863_,VPWR,li1,156.8600,247.5200,1.799857
_06862_,VPWR,li1,155.7100,242.0800,1.799746
_06861_,VPWR,li1,158.7000,242.0800,1.799758
_06860_,VPWR,li1,161.9200,236.6400,1.799857
_06859_,VPWR,li1,156.6300,236.6400,1.799836
_06858_,VPWR,li1,150.6500,242.0800,1.799722
_06857_,VPWR,li1,153.6400,242.0800,1.799736
_06856_,VPWR,li1,151.1100,236.6400,1.799816
_06855_,VPWR,li1,147.8900,236.6400,1.799801
_06854_,VPWR,li1,148.3500,242.0800,1.799706
_06853_,VPWR,li1,163.9900,252.9600,1.799870
_06852_,VPWR,li1,174.5700,274.7200,1.799752
_06851_,VPWR,li1,174.8000,280.1600,1.799828
_06850_,VPWR,li1,174.5700,285.6000,1.799953
_06849_,VPWR,li1,165.3700,280.1600,1.799777
_06848_,VPWR,li1,162.1500,280.1600,1.799757
_06847_,VPWR,li1,168.1300,280.1600,1.799795
_06846_,VPWR,li1,166.2900,280.1600,1.799777
_06845_,VPWR,li1,154.3300,280.1600,1.799702
_06844_,VPWR,li1,148.8100,280.1600,1.799670
_06843_,VPWR,li1,146.9700,274.7200,1.799529
_06842_,VPWR,li1,150.6500,274.7200,1.799565
_06841_,VPWR,li1,162.1500,291.0400,1.799932
_06840_,VPWR,li1,159.3900,285.6000,1.799926
_06839_,VPWR,li1,158.9300,291.0400,1.799929
_06838_,VPWR,li1,152.4900,291.0400,1.799921
_06837_,VPWR,li1,151.1100,296.4800,1.799827
_06836_,VPWR,li1,152.7200,291.0400,1.799921
_06835_,VPWR,li1,149.7300,291.0400,1.799918
_06834_,VPWR,li1,149.2700,285.6000,1.799910
_06833_,VPWR,li1,185.6100,318.2400,1.799159
_06832_,VPWR,li1,182.3900,323.6800,1.799073
_06831_,VPWR,li1,176.8700,323.6800,1.799279
_06830_,VPWR,li1,185.1500,312.8000,1.799548
_06829_,VPWR,li1,184.2300,312.8000,1.799548
_06828_,VPWR,li1,186.0700,312.8000,1.799497
_06827_,VPWR,li1,178.7100,312.8000,1.799659
_06826_,VPWR,li1,181.4700,312.8000,1.799598
_06825_,VPWR,li1,175.4900,312.8000,1.799732
_06824_,VPWR,li1,177.3300,307.3600,1.799783
_06823_,VPWR,li1,179.1700,323.6800,1.799150
_06822_,VPWR,li1,174.1100,318.2400,1.799501
_06821_,VPWR,li1,174.3400,323.6800,1.799201
_06820_,VPWR,li1,172.7300,307.3600,1.799796
_06819_,VPWR,li1,171.3500,312.8000,1.799715
_06818_,VPWR,li1,170.8900,312.8000,1.799707
_06817_,VPWR,li1,171.5800,318.2400,1.799474
_06816_,VPWR,li1,168.5900,318.2400,1.799453
_06815_,VPWR,li1,163.9900,312.8000,1.799683
_06814_,VPWR,li1,164.4500,307.3600,1.799754
_06813_,VPWR,li1,165.3700,318.2400,1.799424
_06812_,VPWR,li1,168.3600,318.2400,1.799453
_06811_,VPWR,li1,164.9100,323.6800,1.798856
_06810_,VPWR,li1,170.4300,318.2400,1.799474
_06809_,VPWR,li1,165.3700,318.2400,1.799424
_06808_,VPWR,li1,157.0900,307.3600,1.799714
_06807_,VPWR,li1,157.7800,301.9200,1.799859
_06806_,VPWR,li1,153.6400,301.9200,1.799853
_06805_,VPWR,li1,155.0200,301.9200,1.799856
_06804_,VPWR,li1,149.7300,301.9200,1.799851
_06803_,VPWR,li1,172.2700,340.0000,1.798693
_06802_,VPWR,li1,168.5900,345.4400,1.799083
_06801_,VPWR,li1,177.7900,340.0000,1.798667
_06800_,VPWR,li1,171.5800,345.4400,1.799218
_06799_,VPWR,li1,182.8500,291.0400,1.799941
_06798_,VPWR,li1,176.4100,285.6000,1.799947
_06797_,VPWR,li1,172.2700,280.1600,1.799814
_06796_,VPWR,li1,170.6600,285.6000,1.799945
_06795_,VPWR,li1,163.7600,280.1600,1.799757
_06794_,VPWR,li1,155.7100,280.1600,1.799718
_06793_,VPWR,li1,145.1300,280.1600,1.799648
_06792_,VPWR,li1,161.6900,285.6000,1.799931
_06791_,VPWR,li1,158.0100,291.0400,1.799927
_06790_,VPWR,li1,161.0000,291.0400,1.799932
_06789_,VPWR,li1,192.5100,361.7600,1.799318
_06788_,VPWR,li1,192.5100,356.3200,1.799736
_06787_,VPWR,li1,190.6700,356.3200,1.799742
_06786_,VPWR,li1,192.0500,350.8800,1.799801
_06785_,VPWR,li1,193.6600,356.3200,1.799736
_06784_,VPWR,li1,178.2500,356.3200,1.799812
_06783_,VPWR,li1,185.1500,334.5600,1.797131
_06782_,VPWR,li1,182.8500,334.5600,1.797286
_06781_,VPWR,li1,183.3100,334.5600,1.797286
_06780_,VPWR,li1,177.3300,334.5600,1.797755
_06779_,VPWR,li1,174.5700,334.5600,1.797911
_06778_,VPWR,li1,172.2700,334.5600,1.797605
_06777_,VPWR,li1,174.1100,329.1200,1.798715
_06776_,VPWR,li1,170.2000,329.1200,1.798499
_06775_,VPWR,li1,169.9700,329.1200,1.798499
_06774_,VPWR,li1,166.7500,329.1200,1.798332
_06773_,VPWR,li1,172.2700,329.1200,1.798619
_06772_,VPWR,li1,169.9700,323.6800,1.799088
_06771_,VPWR,li1,181.0100,334.5600,1.797424
_06770_,VPWR,li1,184.2300,291.0400,1.799941
_06769_,VPWR,li1,186.9900,291.0400,1.799937
_06768_,VPWR,li1,178.7100,291.0400,1.799953
_06767_,VPWR,li1,180.5500,291.0400,1.799946
_06766_,VPWR,li1,177.3300,291.0400,1.799953
_06765_,VPWR,li1,175.0300,291.0400,1.799957
_06764_,VPWR,li1,172.7300,285.6000,1.799950
_06763_,VPWR,li1,167.2100,285.6000,1.799940
_06762_,VPWR,li1,168.1300,280.1600,1.799795
_06761_,VPWR,li1,154.7900,285.6000,1.799919
_06760_,VPWR,li1,182.3900,269.2800,1.799812
_06759_,VPWR,li1,184.6900,269.2800,1.799796
_06758_,VPWR,li1,179.4000,269.2800,1.799827
_06757_,VPWR,li1,176.8700,247.5200,1.799877
_06756_,VPWR,li1,168.1300,242.0800,1.799805
_06755_,VPWR,li1,164.9100,242.0800,1.799790
_06754_,VPWR,li1,167.9000,242.0800,1.799805
_06753_,VPWR,li1,175.0300,242.0800,1.799839
_06752_,VPWR,li1,172.2700,231.2000,1.799898
_06751_,VPWR,li1,175.0300,231.2000,1.799907
_06750_,VPWR,li1,171.8100,231.2000,1.799898
_06749_,VPWR,li1,170.4300,220.3200,1.799902
_06748_,VPWR,li1,167.6700,220.3200,1.799897
_06747_,VPWR,li1,168.1300,209.4400,1.799870
_06746_,VPWR,li1,163.3000,209.4400,1.799864
_06745_,VPWR,li1,169.5100,209.4400,1.799870
_06744_,VPWR,li1,166.2900,209.4400,1.799868
_06743_,VPWR,li1,171.8100,209.4400,1.799875
_06742_,VPWR,li1,188.3700,361.7600,1.799314
_06741_,VPWR,li1,186.0700,361.7600,1.799312
_06740_,VPWR,li1,187.4500,356.3200,1.799749
_06739_,VPWR,li1,181.9300,361.7600,1.799310
_06738_,VPWR,li1,174.5700,350.8800,1.799777
_06737_,VPWR,li1,170.8900,356.3200,1.799808
_06736_,VPWR,li1,171.1200,350.8800,1.799746
_06735_,VPWR,li1,175.0300,356.3200,1.799839
_06734_,VPWR,li1,182.8500,350.8800,1.799810
_06733_,VPWR,li1,178.7100,334.5600,1.797598
_06732_,VPWR,li1,179.6300,329.1200,1.798295
_06731_,VPWR,li1,177.7900,329.1200,1.798522
_06730_,VPWR,li1,175.4900,296.4800,1.799860
_06729_,VPWR,li1,171.5800,291.0400,1.799949
_06728_,VPWR,li1,169.9700,285.6000,1.799945
_06727_,VPWR,li1,165.3700,291.0400,1.799939
_06726_,VPWR,li1,173.6500,291.0400,1.799952
_06725_,VPWR,li1,166.7500,291.0400,1.799939
_06724_,VPWR,li1,177.7900,263.8400,1.799775
_06723_,VPWR,li1,172.2700,247.5200,1.799871
_06722_,VPWR,li1,180.0900,263.8400,1.799771
_06721_,VPWR,li1,177.3300,258.4000,1.799848
_06720_,VPWR,li1,171.8100,258.4000,1.799798
_06719_,VPWR,li1,175.9500,225.7600,1.799852
_06718_,VPWR,li1,175.2600,220.3200,1.799914
_06717_,VPWR,li1,172.2700,220.3200,1.799909
_06716_,VPWR,li1,174.1100,220.3200,1.799914
_06715_,VPWR,li1,166.7500,214.8800,1.799934
_06714_,VPWR,li1,169.9700,214.8800,1.799938
_06713_,VPWR,li1,179.1700,361.7600,1.799309
_06712_,VPWR,li1,175.7200,356.3200,1.799839
_06711_,VPWR,li1,177.3300,350.8800,1.799817
_06710_,VPWR,li1,174.1100,350.8800,1.799777
_06709_,VPWR,li1,174.3400,258.4000,1.799828
_06708_,VPWR,li1,175.4900,263.8400,1.799781
_06707_,VPWR,li1,173.1900,225.7600,1.799845
_06706_,VPWR,li1,179.1700,258.4000,1.799842
_06705_,VPWR,li1,176.4100,225.7600,1.799829
_06704_,VPWR,li1,185.1500,372.6400,1.799722
_06703_,VPWR,li1,254.1500,51.6800,1.799267
_06702_,VPWR,li1,195.2700,106.0800,1.799528
_06701_,VPWR,li1,344.7700,111.5200,1.799882
_06700_,VPWR,li1,266.1100,155.0400,1.799160
_06699_,VPWR,li1,75.6700,68.0000,1.799736
_06698_,VPWR,li1,40.2500,106.0800,1.799751
_06697_,VPWR,li1,168.1300,116.9600,1.799203
_06696_,VPWR,li1,209.0700,258.4000,1.799763
_06695_,VPWR,li1,186.9900,187.6800,1.799781
_06694_,VPWR,li1,282.2100,345.4400,1.799558
_06693_,VPWR,li1,288.1900,263.8400,1.799746
_06692_,VPWR,li1,24.6100,187.6800,1.799779
_06691_,VPWR,li1,25.0700,258.4000,1.799920
_06690_,VPWR,li1,91.3100,291.0400,1.799895
_06689_,VPWR,li1,106.9500,204.0000,1.799870
_06688_,VPWR,li1,112.9300,345.4400,1.798793
_06687_,VPWR,li1,83.9500,247.5200,1.799855
_06686_,VPWR,li1,187.9100,51.6800,1.799654
_06685_,VPWR,li1,75.6700,73.4400,1.799565
_06684_,VPWR,li1,191.5900,176.8000,1.799826
_06683_,VPWR,li1,103.2700,106.0800,1.799377
_06682_,VPWR,li1,83.9500,285.6000,1.799859
_06681_,VPWR,li1,117.5300,116.9600,1.799026
_06680_,VPWR,li1,136.3900,204.0000,1.799892
_06679_,VPWR,li1,83.0300,214.8800,1.799899
_06678_,VPWR,li1,136.3900,280.1600,1.799605
_06677_,VPWR,li1,170.4300,198.5600,1.799952
