Reading OpenROAD database at '/mnt/c/Users/Default.DESKTOP-A45I1O9/akularanjith-akularanjith--ECE510-2026-SPRING/project/m3/synth/runs/RUN_2026-05-23_19-57-42/41-openroad-repairantennas/1-diodeinsertion/top.odb'…
Reading library file at '/home/default/.volare/volare/sky130/versions/0fe599b2afb6708d281543108caf8310912f54af/sky130A/libs.ref/sky130_fd_sc_hd/lib/sky130_fd_sc_hd__tt_025C_1v80.lib'…
Reading design constraints file at '/nix/store/h0ldzjka94yryiq8yxbxmwargpnmwhx6-python3-3.11.9-env/lib/python3.11/site-packages/openlane/scripts/base.sdc'…
[INFO] Using clock aclk…
[INFO] Setting output delay to: 2.0
[INFO] Setting input delay to: 2.0
[INFO] Setting load to: 0.033442
[INFO] Setting clock uncertainty to: 0.25
[INFO] Setting clock transition to: 0.1499999999999999944488848768742172978818416595458984375
[INFO] Setting timing derate to: 5%
[INFO] Setting RC values…
%OL_CREATE_REPORT min.rpt

===========================================================================
report_checks -path_delay min (Hold)
============================================================================
======================= nom_tt_025C_1v80 Corner ===================================

Startpoint: _1320_ (rising edge-triggered flip-flop clocked by aclk)
Endpoint: _1321_ (rising edge-triggered flip-flop clocked by aclk)
Path Group: aclk
Path Type: min

Fanout         Cap        Slew       Delay        Time   Description
---------------------------------------------------------------------------------------------
                                  0.000000    0.000000   clock aclk (rise edge)
                                  0.000000    0.000000   clock source latency
     1    0.015885    0.077393    0.053115    0.053115 ^ aclk (in)
                                                         aclk (net)
                      0.077407    0.000000    0.053115 ^ clkbuf_0_aclk/A (sky130_fd_sc_hd__clkbuf_16)
     4    0.039251    0.059047    0.152784    0.205898 ^ clkbuf_0_aclk/X (sky130_fd_sc_hd__clkbuf_16)
                                                         clknet_0_aclk (net)
                      0.059099    0.001496    0.207395 ^ clkbuf_2_0__f_aclk/A (sky130_fd_sc_hd__clkbuf_16)
    14    0.041031    0.060606    0.147314    0.354709 ^ clkbuf_2_0__f_aclk/X (sky130_fd_sc_hd__clkbuf_16)
                                                         clknet_2_0__leaf_aclk (net)
                      0.060697    0.001993    0.356702 ^ _1320_/CLK (sky130_fd_sc_hd__dfxtp_1)
     2    0.004635    0.055972    0.317764    0.674466 ^ _1320_/Q (sky130_fd_sc_hd__dfxtp_1)
                                                         cnn_mac_wrapper.valid_pipe[0] (net)
                      0.055972    0.000078    0.674545 ^ _1268_/A1 (sky130_fd_sc_hd__mux2_1)
     1    0.002670    0.040307    0.119899    0.794444 ^ _1268_/X (sky130_fd_sc_hd__mux2_1)
                                                         _0634_ (net)
                      0.040307    0.000063    0.794507 ^ _1269_/B (sky130_fd_sc_hd__and2_1)
     1    0.002974    0.047462    0.114546    0.909053 ^ _1269_/X (sky130_fd_sc_hd__and2_1)
                                                         _0051_ (net)
                      0.047462    0.000076    0.909129 ^ _1321_/D (sky130_fd_sc_hd__dfxtp_1)
                                              0.909129   data arrival time

                                  0.000000    0.000000   clock aclk (rise edge)
                                  0.000000    0.000000   clock source latency
     1    0.015885    0.077393    0.053115    0.053115 ^ aclk (in)
                                                         aclk (net)
                      0.077407    0.000000    0.053115 ^ clkbuf_0_aclk/A (sky130_fd_sc_hd__clkbuf_16)
     4    0.039251    0.059047    0.152784    0.205898 ^ clkbuf_0_aclk/X (sky130_fd_sc_hd__clkbuf_16)
                                                         clknet_0_aclk (net)
                      0.059099    0.001496    0.207395 ^ clkbuf_2_0__f_aclk/A (sky130_fd_sc_hd__clkbuf_16)
    14    0.041031    0.060606    0.147314    0.354709 ^ clkbuf_2_0__f_aclk/X (sky130_fd_sc_hd__clkbuf_16)
                                                         clknet_2_0__leaf_aclk (net)
                      0.060705    0.002073    0.356782 ^ _1321_/CLK (sky130_fd_sc_hd__dfxtp_1)
                                  0.250000    0.606782   clock uncertainty
                                  0.000000    0.606782   clock reconvergence pessimism
                                 -0.029714    0.577068   library hold time
                                              0.577068   data required time
---------------------------------------------------------------------------------------------
                                              0.577068   data required time
                                             -0.909129   data arrival time
---------------------------------------------------------------------------------------------
                                              0.332061   slack (MET)


Startpoint: _1302_ (rising edge-triggered flip-flop clocked by aclk)
Endpoint: _1270_ (rising edge-triggered flip-flop clocked by aclk)
Path Group: aclk
Path Type: min

Fanout         Cap        Slew       Delay        Time   Description
---------------------------------------------------------------------------------------------
                                  0.000000    0.000000   clock aclk (rise edge)
                                  0.000000    0.000000   clock source latency
     1    0.015885    0.077393    0.053115    0.053115 ^ aclk (in)
                                                         aclk (net)
                      0.077407    0.000000    0.053115 ^ clkbuf_0_aclk/A (sky130_fd_sc_hd__clkbuf_16)
     4    0.039251    0.059047    0.152784    0.205898 ^ clkbuf_0_aclk/X (sky130_fd_sc_hd__clkbuf_16)
                                                         clknet_0_aclk (net)
                      0.059081    0.001250    0.207149 ^ clkbuf_2_2__f_aclk/A (sky130_fd_sc_hd__clkbuf_16)
    14    0.040750    0.060360    0.147111    0.354259 ^ clkbuf_2_2__f_aclk/X (sky130_fd_sc_hd__clkbuf_16)
                                                         clknet_2_2__leaf_aclk (net)
                      0.060398    0.001340    0.355600 ^ _1302_/CLK (sky130_fd_sc_hd__dfxtp_1)
     4    0.010206    0.056751    0.326592    0.682191 v _1302_/Q (sky130_fd_sc_hd__dfxtp_1)
                                                         cnn_mac_wrapper.core_inst.product[0] (net)
                      0.056751    0.000147    0.682339 v _0640_/A (sky130_fd_sc_hd__nand2_1)
     2    0.009077    0.090789    0.098241    0.780579 ^ _0640_/Y (sky130_fd_sc_hd__nand2_1)
                                                         _0057_ (net)
                      0.090789    0.000131    0.780710 ^ _0641_/A2 (sky130_fd_sc_hd__o211a_1)
     1    0.001918    0.034232    0.130955    0.911666 ^ _0641_/X (sky130_fd_sc_hd__o211a_1)
                                                         _0000_ (net)
                      0.034232    0.000039    0.911704 ^ _1270_/D (sky130_fd_sc_hd__dfxtp_1)
                                              0.911704   data arrival time

                                  0.000000    0.000000   clock aclk (rise edge)
                                  0.000000    0.000000   clock source latency
     1    0.015885    0.077393    0.053115    0.053115 ^ aclk (in)
                                                         aclk (net)
                      0.077407    0.000000    0.053115 ^ clkbuf_0_aclk/A (sky130_fd_sc_hd__clkbuf_16)
     4    0.039251    0.059047    0.152784    0.205898 ^ clkbuf_0_aclk/X (sky130_fd_sc_hd__clkbuf_16)
                                                         clknet_0_aclk (net)
                      0.059081    0.001250    0.207149 ^ clkbuf_2_2__f_aclk/A (sky130_fd_sc_hd__clkbuf_16)
    14    0.040750    0.060360    0.147111    0.354259 ^ clkbuf_2_2__f_aclk/X (sky130_fd_sc_hd__clkbuf_16)
                                                         clknet_2_2__leaf_aclk (net)
                      0.060395    0.001300    0.355560 ^ _1270_/CLK (sky130_fd_sc_hd__dfxtp_1)
                                  0.250000    0.605560   clock uncertainty
                                  0.000000    0.605560   clock reconvergence pessimism
                                 -0.026991    0.578569   library hold time
                                              0.578569   data required time
---------------------------------------------------------------------------------------------
                                              0.578569   data required time
                                             -0.911704   data arrival time
---------------------------------------------------------------------------------------------
                                              0.333135   slack (MET)


Startpoint: _1318_ (rising edge-triggered flip-flop clocked by aclk)
Endpoint: _1319_ (rising edge-triggered flip-flop clocked by aclk)
Path Group: aclk
Path Type: min

Fanout         Cap        Slew       Delay        Time   Description
---------------------------------------------------------------------------------------------
                                  0.000000    0.000000   clock aclk (rise edge)
                                  0.000000    0.000000   clock source latency
     1    0.015885    0.077393    0.053115    0.053115 ^ aclk (in)
                                                         aclk (net)
                      0.077407    0.000000    0.053115 ^ clkbuf_0_aclk/A (sky130_fd_sc_hd__clkbuf_16)
     4    0.039251    0.059047    0.152784    0.205898 ^ clkbuf_0_aclk/X (sky130_fd_sc_hd__clkbuf_16)
                                                         clknet_0_aclk (net)
                      0.059099    0.001496    0.207395 ^ clkbuf_2_0__f_aclk/A (sky130_fd_sc_hd__clkbuf_16)
    14    0.041031    0.060606    0.147314    0.354709 ^ clkbuf_2_0__f_aclk/X (sky130_fd_sc_hd__clkbuf_16)
                                                         clknet_2_0__leaf_aclk (net)
                      0.060694    0.001959    0.356668 ^ _1318_/CLK (sky130_fd_sc_hd__dfxtp_1)
     2    0.005204    0.060919    0.321509    0.678177 ^ _1318_/Q (sky130_fd_sc_hd__dfxtp_1)
                                                         cnn_mac_wrapper.last_pipe[0] (net)
                      0.060919    0.000082    0.678259 ^ _1264_/A1 (sky130_fd_sc_hd__mux2_1)
     1    0.003154    0.043988    0.125426    0.803686 ^ _1264_/X (sky130_fd_sc_hd__mux2_1)
                                                         _0632_ (net)
                      0.043988    0.000084    0.803769 ^ _1265_/B (sky130_fd_sc_hd__and2_1)
     1    0.002357    0.042376    0.110931    0.914700 ^ _1265_/X (sky130_fd_sc_hd__and2_1)
                                                         _0049_ (net)
                      0.042376    0.000050    0.914750 ^ _1319_/D (sky130_fd_sc_hd__dfxtp_1)
                                              0.914750   data arrival time

                                  0.000000    0.000000   clock aclk (rise edge)
                                  0.000000    0.000000   clock source latency
     1    0.015885    0.077393    0.053115    0.053115 ^ aclk (in)
                                                         aclk (net)
                      0.077407    0.000000    0.053115 ^ clkbuf_0_aclk/A (sky130_fd_sc_hd__clkbuf_16)
     4    0.039251    0.059047    0.152784    0.205898 ^ clkbuf_0_aclk/X (sky130_fd_sc_hd__clkbuf_16)
                                                         clknet_0_aclk (net)
                      0.059099    0.001496    0.207395 ^ clkbuf_2_0__f_aclk/A (sky130_fd_sc_hd__clkbuf_16)
    14    0.041031    0.060606    0.147314    0.354709 ^ clkbuf_2_0__f_aclk/X (sky130_fd_sc_hd__clkbuf_16)
                                                         clknet_2_0__leaf_aclk (net)
                      0.060693    0.001942    0.356651 ^ _1319_/CLK (sky130_fd_sc_hd__dfxtp_1)
                                  0.250000    0.606651   clock uncertainty
                                  0.000000    0.606651   clock reconvergence pessimism
                                 -0.028653    0.577998   library hold time
                                              0.577998   data required time
---------------------------------------------------------------------------------------------
                                              0.577998   data required time
                                             -0.914750   data arrival time
---------------------------------------------------------------------------------------------
                                              0.336752   slack (MET)


Startpoint: _1282_ (rising edge-triggered flip-flop clocked by aclk)
Endpoint: _1282_ (rising edge-triggered flip-flop clocked by aclk)
Path Group: aclk
Path Type: min

Fanout         Cap        Slew       Delay        Time   Description
---------------------------------------------------------------------------------------------
                                  0.000000    0.000000   clock aclk (rise edge)
                                  0.000000    0.000000   clock source latency
     1    0.015885    0.077393    0.053115    0.053115 ^ aclk (in)
                                                         aclk (net)
                      0.077407    0.000000    0.053115 ^ clkbuf_0_aclk/A (sky130_fd_sc_hd__clkbuf_16)
     4    0.039251    0.059047    0.152784    0.205898 ^ clkbuf_0_aclk/X (sky130_fd_sc_hd__clkbuf_16)
                                                         clknet_0_aclk (net)
                      0.059099    0.001496    0.207395 ^ clkbuf_2_0__f_aclk/A (sky130_fd_sc_hd__clkbuf_16)
    14    0.041031    0.060606    0.147314    0.354709 ^ clkbuf_2_0__f_aclk/X (sky130_fd_sc_hd__clkbuf_16)
                                                         clknet_2_0__leaf_aclk (net)
                      0.060620    0.000958    0.355667 ^ _1282_/CLK (sky130_fd_sc_hd__dfxtp_1)
     5    0.016577    0.162022    0.394842    0.750509 ^ _1282_/Q (sky130_fd_sc_hd__dfxtp_1)
                                                         net24 (net)
                      0.162022    0.000564    0.751073 ^ _0731_/A1 (sky130_fd_sc_hd__o211a_1)
     1    0.002936    0.042649    0.173914    0.924987 ^ _0731_/X (sky130_fd_sc_hd__o211a_1)
                                                         _0012_ (net)
                      0.042649    0.000094    0.925082 ^ _1282_/D (sky130_fd_sc_hd__dfxtp_1)
                                              0.925082   data arrival time

                                  0.000000    0.000000   clock aclk (rise edge)
                                  0.000000    0.000000   clock source latency
     1    0.015885    0.077393    0.053115    0.053115 ^ aclk (in)
                                                         aclk (net)
                      0.077407    0.000000    0.053115 ^ clkbuf_0_aclk/A (sky130_fd_sc_hd__clkbuf_16)
     4    0.039251    0.059047    0.152784    0.205898 ^ clkbuf_0_aclk/X (sky130_fd_sc_hd__clkbuf_16)
                                                         clknet_0_aclk (net)
                      0.059099    0.001496    0.207395 ^ clkbuf_2_0__f_aclk/A (sky130_fd_sc_hd__clkbuf_16)
    14    0.041031    0.060606    0.147314    0.354709 ^ clkbuf_2_0__f_aclk/X (sky130_fd_sc_hd__clkbuf_16)
                                                         clknet_2_0__leaf_aclk (net)
                      0.060620    0.000958    0.355667 ^ _1282_/CLK (sky130_fd_sc_hd__dfxtp_1)
                                  0.250000    0.605667   clock uncertainty
                                  0.000000    0.605667   clock reconvergence pessimism
                                 -0.028720    0.576947   library hold time
                                              0.576947   data required time
---------------------------------------------------------------------------------------------
                                              0.576947   data required time
                                             -0.925082   data arrival time
---------------------------------------------------------------------------------------------
                                              0.348135   slack (MET)


Startpoint: _1290_ (rising edge-triggered flip-flop clocked by aclk)
Endpoint: _1290_ (rising edge-triggered flip-flop clocked by aclk)
Path Group: aclk
Path Type: min

Fanout         Cap        Slew       Delay        Time   Description
---------------------------------------------------------------------------------------------
                                  0.000000    0.000000   clock aclk (rise edge)
                                  0.000000    0.000000   clock source latency
     1    0.015885    0.077393    0.053115    0.053115 ^ aclk (in)
                                                         aclk (net)
                      0.077407    0.000000    0.053115 ^ clkbuf_0_aclk/A (sky130_fd_sc_hd__clkbuf_16)
     4    0.039251    0.059047    0.152784    0.205898 ^ clkbuf_0_aclk/X (sky130_fd_sc_hd__clkbuf_16)
                                                         clknet_0_aclk (net)
                      0.059104    0.001559    0.207457 ^ clkbuf_2_1__f_aclk/A (sky130_fd_sc_hd__clkbuf_16)
    12    0.039172    0.058988    0.146161    0.353618 ^ clkbuf_2_1__f_aclk/X (sky130_fd_sc_hd__clkbuf_16)
                                                         clknet_2_1__leaf_aclk (net)
                      0.059020    0.001200    0.354817 ^ _1290_/CLK (sky130_fd_sc_hd__dfxtp_1)
     6    0.017725    0.172306    0.401797    0.756614 ^ _1290_/Q (sky130_fd_sc_hd__dfxtp_1)
                                                         net33 (net)
                      0.172306    0.000322    0.756936 ^ _0798_/A1 (sky130_fd_sc_hd__o211a_1)
     1    0.002178    0.036856    0.170152    0.927088 ^ _0798_/X (sky130_fd_sc_hd__o211a_1)
                                                         _0020_ (net)
                      0.036856    0.000047    0.927135 ^ _1290_/D (sky130_fd_sc_hd__dfxtp_1)
                                              0.927135   data arrival time

                                  0.000000    0.000000   clock aclk (rise edge)
                                  0.000000    0.000000   clock source latency
     1    0.015885    0.077393    0.053115    0.053115 ^ aclk (in)
                                                         aclk (net)
                      0.077407    0.000000    0.053115 ^ clkbuf_0_aclk/A (sky130_fd_sc_hd__clkbuf_16)
     4    0.039251    0.059047    0.152784    0.205898 ^ clkbuf_0_aclk/X (sky130_fd_sc_hd__clkbuf_16)
                                                         clknet_0_aclk (net)
                      0.059104    0.001559    0.207457 ^ clkbuf_2_1__f_aclk/A (sky130_fd_sc_hd__clkbuf_16)
    12    0.039172    0.058988    0.146161    0.353618 ^ clkbuf_2_1__f_aclk/X (sky130_fd_sc_hd__clkbuf_16)
                                                         clknet_2_1__leaf_aclk (net)
                      0.059020    0.001200    0.354817 ^ _1290_/CLK (sky130_fd_sc_hd__dfxtp_1)
                                  0.250000    0.604817   clock uncertainty
                                  0.000000    0.604817   clock reconvergence pessimism
                                 -0.027720    0.577097   library hold time
                                              0.577097   data required time
---------------------------------------------------------------------------------------------
                                              0.577097   data required time
                                             -0.927135   data arrival time
---------------------------------------------------------------------------------------------
                                              0.350038   slack (MET)


Startpoint: _1299_ (rising edge-triggered flip-flop clocked by aclk)
Endpoint: _1299_ (rising edge-triggered flip-flop clocked by aclk)
Path Group: aclk
Path Type: min

Fanout         Cap        Slew       Delay        Time   Description
---------------------------------------------------------------------------------------------
                                  0.000000    0.000000   clock aclk (rise edge)
                                  0.000000    0.000000   clock source latency
     1    0.015885    0.077393    0.053115    0.053115 ^ aclk (in)
                                                         aclk (net)
                      0.077407    0.000000    0.053115 ^ clkbuf_0_aclk/A (sky130_fd_sc_hd__clkbuf_16)
     4    0.039251    0.059047    0.152784    0.205898 ^ clkbuf_0_aclk/X (sky130_fd_sc_hd__clkbuf_16)
                                                         clknet_0_aclk (net)
                      0.059084    0.001282    0.207181 ^ clkbuf_2_3__f_aclk/A (sky130_fd_sc_hd__clkbuf_16)
    14    0.042371    0.061866    0.148589    0.355770 ^ clkbuf_2_3__f_aclk/X (sky130_fd_sc_hd__clkbuf_16)
                                                         clknet_2_3__leaf_aclk (net)
                      0.061874    0.000687    0.356457 ^ _1299_/CLK (sky130_fd_sc_hd__dfxtp_1)
     4    0.014386    0.142242    0.381472    0.737929 ^ _1299_/Q (sky130_fd_sc_hd__dfxtp_1)
                                                         net42 (net)
                      0.142242    0.000219    0.738148 ^ _0861_/A1 (sky130_fd_sc_hd__o221a_1)
     1    0.002061    0.045576    0.192636    0.930784 ^ _0861_/X (sky130_fd_sc_hd__o221a_1)
                                                         _0029_ (net)
                      0.045576    0.000042    0.930826 ^ _1299_/D (sky130_fd_sc_hd__dfxtp_1)
                                              0.930826   data arrival time

                                  0.000000    0.000000   clock aclk (rise edge)
                                  0.000000    0.000000   clock source latency
     1    0.015885    0.077393    0.053115    0.053115 ^ aclk (in)
                                                         aclk (net)
                      0.077407    0.000000    0.053115 ^ clkbuf_0_aclk/A (sky130_fd_sc_hd__clkbuf_16)
     4    0.039251    0.059047    0.152784    0.205898 ^ clkbuf_0_aclk/X (sky130_fd_sc_hd__clkbuf_16)
                                                         clknet_0_aclk (net)
                      0.059084    0.001282    0.207181 ^ clkbuf_2_3__f_aclk/A (sky130_fd_sc_hd__clkbuf_16)
    14    0.042371    0.061866    0.148589    0.355770 ^ clkbuf_2_3__f_aclk/X (sky130_fd_sc_hd__clkbuf_16)
                                                         clknet_2_3__leaf_aclk (net)
                      0.061874    0.000687    0.356457 ^ _1299_/CLK (sky130_fd_sc_hd__dfxtp_1)
                                  0.250000    0.606457   clock uncertainty
                                  0.000000    0.606457   clock reconvergence pessimism
                                 -0.029166    0.577291   library hold time
                                              0.577291   data required time
---------------------------------------------------------------------------------------------
                                              0.577291   data required time
                                             -0.930826   data arrival time
---------------------------------------------------------------------------------------------
                                              0.353536   slack (MET)


Startpoint: _1294_ (rising edge-triggered flip-flop clocked by aclk)
Endpoint: _1294_ (rising edge-triggered flip-flop clocked by aclk)
Path Group: aclk
Path Type: min

Fanout         Cap        Slew       Delay        Time   Description
---------------------------------------------------------------------------------------------
                                  0.000000    0.000000   clock aclk (rise edge)
                                  0.000000    0.000000   clock source latency
     1    0.015885    0.077393    0.053115    0.053115 ^ aclk (in)
                                                         aclk (net)
                      0.077407    0.000000    0.053115 ^ clkbuf_0_aclk/A (sky130_fd_sc_hd__clkbuf_16)
     4    0.039251    0.059047    0.152784    0.205898 ^ clkbuf_0_aclk/X (sky130_fd_sc_hd__clkbuf_16)
                                                         clknet_0_aclk (net)
                      0.059104    0.001559    0.207457 ^ clkbuf_2_1__f_aclk/A (sky130_fd_sc_hd__clkbuf_16)
    12    0.039172    0.058988    0.146161    0.353618 ^ clkbuf_2_1__f_aclk/X (sky130_fd_sc_hd__clkbuf_16)
                                                         clknet_2_1__leaf_aclk (net)
                      0.059013    0.001077    0.354695 ^ _1294_/CLK (sky130_fd_sc_hd__dfxtp_1)
     6    0.018385    0.178270    0.405977    0.760672 ^ _1294_/Q (sky130_fd_sc_hd__dfxtp_1)
                                                         net37 (net)
                      0.178270    0.000343    0.761015 ^ _0829_/A1 (sky130_fd_sc_hd__o211a_1)
     1    0.002088    0.036644    0.170692    0.931706 ^ _0829_/X (sky130_fd_sc_hd__o211a_1)
                                                         _0024_ (net)
                      0.036644    0.000043    0.931750 ^ _1294_/D (sky130_fd_sc_hd__dfxtp_1)
                                              0.931750   data arrival time

                                  0.000000    0.000000   clock aclk (rise edge)
                                  0.000000    0.000000   clock source latency
     1    0.015885    0.077393    0.053115    0.053115 ^ aclk (in)
                                                         aclk (net)
                      0.077407    0.000000    0.053115 ^ clkbuf_0_aclk/A (sky130_fd_sc_hd__clkbuf_16)
     4    0.039251    0.059047    0.152784    0.205898 ^ clkbuf_0_aclk/X (sky130_fd_sc_hd__clkbuf_16)
                                                         clknet_0_aclk (net)
                      0.059104    0.001559    0.207457 ^ clkbuf_2_1__f_aclk/A (sky130_fd_sc_hd__clkbuf_16)
    12    0.039172    0.058988    0.146161    0.353618 ^ clkbuf_2_1__f_aclk/X (sky130_fd_sc_hd__clkbuf_16)
                                                         clknet_2_1__leaf_aclk (net)
                      0.059013    0.001077    0.354695 ^ _1294_/CLK (sky130_fd_sc_hd__dfxtp_1)
                                  0.250000    0.604695   clock uncertainty
                                  0.000000    0.604695   clock reconvergence pessimism
                                 -0.027677    0.577018   library hold time
                                              0.577018   data required time
---------------------------------------------------------------------------------------------
                                              0.577018   data required time
                                             -0.931750   data arrival time
---------------------------------------------------------------------------------------------
                                              0.354731   slack (MET)


Startpoint: _1315_ (rising edge-triggered flip-flop clocked by aclk)
Endpoint: _1315_ (rising edge-triggered flip-flop clocked by aclk)
Path Group: aclk
Path Type: min

Fanout         Cap        Slew       Delay        Time   Description
---------------------------------------------------------------------------------------------
                                  0.000000    0.000000   clock aclk (rise edge)
                                  0.000000    0.000000   clock source latency
     1    0.015885    0.077393    0.053115    0.053115 ^ aclk (in)
                                                         aclk (net)
                      0.077407    0.000000    0.053115 ^ clkbuf_0_aclk/A (sky130_fd_sc_hd__clkbuf_16)
     4    0.039251    0.059047    0.152784    0.205898 ^ clkbuf_0_aclk/X (sky130_fd_sc_hd__clkbuf_16)
                                                         clknet_0_aclk (net)
                      0.059099    0.001496    0.207395 ^ clkbuf_2_0__f_aclk/A (sky130_fd_sc_hd__clkbuf_16)
    14    0.041031    0.060606    0.147314    0.354709 ^ clkbuf_2_0__f_aclk/X (sky130_fd_sc_hd__clkbuf_16)
                                                         clknet_2_0__leaf_aclk (net)
                      0.060672    0.001716    0.356425 ^ _1315_/CLK (sky130_fd_sc_hd__dfxtp_1)
     4    0.014603    0.144181    0.382437    0.738861 ^ _1315_/Q (sky130_fd_sc_hd__dfxtp_1)
                                                         cnn_mac_wrapper.core_inst.product[13] (net)
                      0.144181    0.000192    0.739053 ^ _1233_/A1 (sky130_fd_sc_hd__o221a_1)
     1    0.002057    0.045556    0.193014    0.932067 ^ _1233_/X (sky130_fd_sc_hd__o221a_1)
                                                         _0045_ (net)
                      0.045556    0.000042    0.932109 ^ _1315_/D (sky130_fd_sc_hd__dfxtp_1)
                                              0.932109   data arrival time

                                  0.000000    0.000000   clock aclk (rise edge)
                                  0.000000    0.000000   clock source latency
     1    0.015885    0.077393    0.053115    0.053115 ^ aclk (in)
                                                         aclk (net)
                      0.077407    0.000000    0.053115 ^ clkbuf_0_aclk/A (sky130_fd_sc_hd__clkbuf_16)
     4    0.039251    0.059047    0.152784    0.205898 ^ clkbuf_0_aclk/X (sky130_fd_sc_hd__clkbuf_16)
                                                         clknet_0_aclk (net)
                      0.059099    0.001496    0.207395 ^ clkbuf_2_0__f_aclk/A (sky130_fd_sc_hd__clkbuf_16)
    14    0.041031    0.060606    0.147314    0.354709 ^ clkbuf_2_0__f_aclk/X (sky130_fd_sc_hd__clkbuf_16)
                                                         clknet_2_0__leaf_aclk (net)
                      0.060672    0.001716    0.356425 ^ _1315_/CLK (sky130_fd_sc_hd__dfxtp_1)
                                  0.250000    0.606425   clock uncertainty
                                  0.000000    0.606425   clock reconvergence pessimism
                                 -0.029320    0.577104   library hold time
                                              0.577104   data required time
---------------------------------------------------------------------------------------------
                                              0.577104   data required time
                                             -0.932109   data arrival time
---------------------------------------------------------------------------------------------
                                              0.355005   slack (MET)


Startpoint: _1310_ (rising edge-triggered flip-flop clocked by aclk)
Endpoint: _1310_ (rising edge-triggered flip-flop clocked by aclk)
Path Group: aclk
Path Type: min

Fanout         Cap        Slew       Delay        Time   Description
---------------------------------------------------------------------------------------------
                                  0.000000    0.000000   clock aclk (rise edge)
                                  0.000000    0.000000   clock source latency
     1    0.015885    0.077393    0.053115    0.053115 ^ aclk (in)
                                                         aclk (net)
                      0.077407    0.000000    0.053115 ^ clkbuf_0_aclk/A (sky130_fd_sc_hd__clkbuf_16)
     4    0.039251    0.059047    0.152784    0.205898 ^ clkbuf_0_aclk/X (sky130_fd_sc_hd__clkbuf_16)
                                                         clknet_0_aclk (net)
                      0.059081    0.001250    0.207149 ^ clkbuf_2_2__f_aclk/A (sky130_fd_sc_hd__clkbuf_16)
    14    0.040750    0.060360    0.147111    0.354259 ^ clkbuf_2_2__f_aclk/X (sky130_fd_sc_hd__clkbuf_16)
                                                         clknet_2_2__leaf_aclk (net)
                      0.060376    0.000994    0.355253 ^ _1310_/CLK (sky130_fd_sc_hd__dfxtp_1)
     3    0.007460    0.080601    0.336226    0.691480 ^ _1310_/Q (sky130_fd_sc_hd__dfxtp_1)
                                                         cnn_mac_wrapper.core_inst.product[8] (net)
                      0.080601    0.000127    0.691606 ^ _1072_/A (sky130_fd_sc_hd__or2_1)
     1    0.003326    0.044212    0.105741    0.797348 ^ _1072_/X (sky130_fd_sc_hd__or2_1)
                                                         _0449_ (net)
                      0.044212    0.000106    0.797454 ^ _1073_/B1 (sky130_fd_sc_hd__o211a_1)
     1    0.002765    0.040204    0.134947    0.932401 ^ _1073_/X (sky130_fd_sc_hd__o211a_1)
                                                         _0040_ (net)
                      0.040204    0.000090    0.932491 ^ _1310_/D (sky130_fd_sc_hd__dfxtp_1)
                                              0.932491   data arrival time

                                  0.000000    0.000000   clock aclk (rise edge)
                                  0.000000    0.000000   clock source latency
     1    0.015885    0.077393    0.053115    0.053115 ^ aclk (in)
                                                         aclk (net)
                      0.077407    0.000000    0.053115 ^ clkbuf_0_aclk/A (sky130_fd_sc_hd__clkbuf_16)
     4    0.039251    0.059047    0.152784    0.205898 ^ clkbuf_0_aclk/X (sky130_fd_sc_hd__clkbuf_16)
                                                         clknet_0_aclk (net)
                      0.059081    0.001250    0.207149 ^ clkbuf_2_2__f_aclk/A (sky130_fd_sc_hd__clkbuf_16)
    14    0.040750    0.060360    0.147111    0.354259 ^ clkbuf_2_2__f_aclk/X (sky130_fd_sc_hd__clkbuf_16)
                                                         clknet_2_2__leaf_aclk (net)
                      0.060376    0.000994    0.355253 ^ _1310_/CLK (sky130_fd_sc_hd__dfxtp_1)
                                  0.250000    0.605253   clock uncertainty
                                  0.000000    0.605253   clock reconvergence pessimism
                                 -0.028241    0.577012   library hold time
                                              0.577012   data required time
---------------------------------------------------------------------------------------------
                                              0.577012   data required time
                                             -0.932491   data arrival time
---------------------------------------------------------------------------------------------
                                              0.355478   slack (MET)


Startpoint: _1289_ (rising edge-triggered flip-flop clocked by aclk)
Endpoint: _1289_ (rising edge-triggered flip-flop clocked by aclk)
Path Group: aclk
Path Type: min

Fanout         Cap        Slew       Delay        Time   Description
---------------------------------------------------------------------------------------------
                                  0.000000    0.000000   clock aclk (rise edge)
                                  0.000000    0.000000   clock source latency
     1    0.015885    0.077393    0.053115    0.053115 ^ aclk (in)
                                                         aclk (net)
                      0.077407    0.000000    0.053115 ^ clkbuf_0_aclk/A (sky130_fd_sc_hd__clkbuf_16)
     4    0.039251    0.059047    0.152784    0.205898 ^ clkbuf_0_aclk/X (sky130_fd_sc_hd__clkbuf_16)
                                                         clknet_0_aclk (net)
                      0.059104    0.001559    0.207457 ^ clkbuf_2_1__f_aclk/A (sky130_fd_sc_hd__clkbuf_16)
    12    0.039172    0.058988    0.146161    0.353618 ^ clkbuf_2_1__f_aclk/X (sky130_fd_sc_hd__clkbuf_16)
                                                         clknet_2_1__leaf_aclk (net)
                      0.059004    0.000911    0.354528 ^ _1289_/CLK (sky130_fd_sc_hd__dfxtp_1)
     4    0.014384    0.142224    0.380345    0.734873 ^ _1289_/Q (sky130_fd_sc_hd__dfxtp_1)
                                                         net31 (net)
                      0.142224    0.000306    0.735179 ^ _0786_/A1 (sky130_fd_sc_hd__o221a_1)
     1    0.002334    0.047848    0.195076    0.930255 ^ _0786_/X (sky130_fd_sc_hd__o221a_1)
                                                         _0019_ (net)
                      0.047848    0.000051    0.930306 ^ _1289_/D (sky130_fd_sc_hd__dfxtp_1)
                                              0.930306   data arrival time

                                  0.000000    0.000000   clock aclk (rise edge)
                                  0.000000    0.000000   clock source latency
     1    0.015885    0.077393    0.053115    0.053115 ^ aclk (in)
                                                         aclk (net)
                      0.077407    0.000000    0.053115 ^ clkbuf_0_aclk/A (sky130_fd_sc_hd__clkbuf_16)
     4    0.039251    0.059047    0.152784    0.205898 ^ clkbuf_0_aclk/X (sky130_fd_sc_hd__clkbuf_16)
                                                         clknet_0_aclk (net)
                      0.059104    0.001559    0.207457 ^ clkbuf_2_1__f_aclk/A (sky130_fd_sc_hd__clkbuf_16)
    12    0.039172    0.058988    0.146161    0.353618 ^ clkbuf_2_1__f_aclk/X (sky130_fd_sc_hd__clkbuf_16)
                                                         clknet_2_1__leaf_aclk (net)
                      0.059004    0.000911    0.354528 ^ _1289_/CLK (sky130_fd_sc_hd__dfxtp_1)
                                  0.250000    0.604528   clock uncertainty
                                  0.000000    0.604528   clock reconvergence pessimism
                                 -0.030019    0.574509   library hold time
                                              0.574509   data required time
---------------------------------------------------------------------------------------------
                                              0.574509   data required time
                                             -0.930306   data arrival time
---------------------------------------------------------------------------------------------
                                              0.355797   slack (MET)


Startpoint: _1309_ (rising edge-triggered flip-flop clocked by aclk)
Endpoint: _1309_ (rising edge-triggered flip-flop clocked by aclk)
Path Group: aclk
Path Type: min

Fanout         Cap        Slew       Delay        Time   Description
---------------------------------------------------------------------------------------------
                                  0.000000    0.000000   clock aclk (rise edge)
                                  0.000000    0.000000   clock source latency
     1    0.015885    0.077393    0.053115    0.053115 ^ aclk (in)
                                                         aclk (net)
                      0.077407    0.000000    0.053115 ^ clkbuf_0_aclk/A (sky130_fd_sc_hd__clkbuf_16)
     4    0.039251    0.059047    0.152784    0.205898 ^ clkbuf_0_aclk/X (sky130_fd_sc_hd__clkbuf_16)
                                                         clknet_0_aclk (net)
                      0.059081    0.001250    0.207149 ^ clkbuf_2_2__f_aclk/A (sky130_fd_sc_hd__clkbuf_16)
    14    0.040750    0.060360    0.147111    0.354259 ^ clkbuf_2_2__f_aclk/X (sky130_fd_sc_hd__clkbuf_16)
                                                         clknet_2_2__leaf_aclk (net)
                      0.060376    0.000993    0.355252 ^ _1309_/CLK (sky130_fd_sc_hd__dfxtp_1)
     3    0.008092    0.086129    0.340390    0.695642 ^ _1309_/Q (sky130_fd_sc_hd__dfxtp_1)
                                                         cnn_mac_wrapper.core_inst.product[7] (net)
                      0.086129    0.000126    0.695768 ^ _1029_/A (sky130_fd_sc_hd__or2_1)
     1    0.003569    0.046273    0.109247    0.805015 ^ _1029_/X (sky130_fd_sc_hd__or2_1)
                                                         _0407_ (net)
                      0.046273    0.000092    0.805107 ^ _1030_/B1 (sky130_fd_sc_hd__o211a_1)
     1    0.003036    0.042093    0.137647    0.942754 ^ _1030_/X (sky130_fd_sc_hd__o211a_1)
                                                         _0039_ (net)
                      0.042093    0.000078    0.942832 ^ _1309_/D (sky130_fd_sc_hd__dfxtp_1)
                                              0.942832   data arrival time

                                  0.000000    0.000000   clock aclk (rise edge)
                                  0.000000    0.000000   clock source latency
     1    0.015885    0.077393    0.053115    0.053115 ^ aclk (in)
                                                         aclk (net)
                      0.077407    0.000000    0.053115 ^ clkbuf_0_aclk/A (sky130_fd_sc_hd__clkbuf_16)
     4    0.039251    0.059047    0.152784    0.205898 ^ clkbuf_0_aclk/X (sky130_fd_sc_hd__clkbuf_16)
                                                         clknet_0_aclk (net)
                      0.059081    0.001250    0.207149 ^ clkbuf_2_2__f_aclk/A (sky130_fd_sc_hd__clkbuf_16)
    14    0.040750    0.060360    0.147111    0.354259 ^ clkbuf_2_2__f_aclk/X (sky130_fd_sc_hd__clkbuf_16)
                                                         clknet_2_2__leaf_aclk (net)
                      0.060376    0.000993    0.355252 ^ _1309_/CLK (sky130_fd_sc_hd__dfxtp_1)
                                  0.250000    0.605252   clock uncertainty
                                  0.000000    0.605252   clock reconvergence pessimism
                                 -0.028636    0.576617   library hold time
                                              0.576617   data required time
---------------------------------------------------------------------------------------------
                                              0.576617   data required time
                                             -0.942832   data arrival time
---------------------------------------------------------------------------------------------
                                              0.366216   slack (MET)


Startpoint: _1304_ (rising edge-triggered flip-flop clocked by aclk)
Endpoint: _1304_ (rising edge-triggered flip-flop clocked by aclk)
Path Group: aclk
Path Type: min

Fanout         Cap        Slew       Delay        Time   Description
---------------------------------------------------------------------------------------------
                                  0.000000    0.000000   clock aclk (rise edge)
                                  0.000000    0.000000   clock source latency
     1    0.015885    0.077393    0.053115    0.053115 ^ aclk (in)
                                                         aclk (net)
                      0.077407    0.000000    0.053115 ^ clkbuf_0_aclk/A (sky130_fd_sc_hd__clkbuf_16)
     4    0.039251    0.059047    0.152784    0.205898 ^ clkbuf_0_aclk/X (sky130_fd_sc_hd__clkbuf_16)
                                                         clknet_0_aclk (net)
                      0.059081    0.001250    0.207149 ^ clkbuf_2_2__f_aclk/A (sky130_fd_sc_hd__clkbuf_16)
    14    0.040750    0.060360    0.147111    0.354259 ^ clkbuf_2_2__f_aclk/X (sky130_fd_sc_hd__clkbuf_16)
                                                         clknet_2_2__leaf_aclk (net)
                      0.060455    0.002020    0.356280 ^ _1304_/CLK (sky130_fd_sc_hd__dfxtp_1)
     3    0.007903    0.084489    0.339180    0.695460 ^ _1304_/Q (sky130_fd_sc_hd__dfxtp_1)
                                                         cnn_mac_wrapper.core_inst.product[2] (net)
                      0.084489    0.000131    0.695591 ^ _0891_/A (sky130_fd_sc_hd__or2_1)
     1    0.003534    0.045957    0.108448    0.804039 ^ _0891_/X (sky130_fd_sc_hd__or2_1)
                                                         _0274_ (net)
                      0.045957    0.000120    0.804159 ^ _0892_/B1 (sky130_fd_sc_hd__o211a_1)
     1    0.003682    0.046947    0.142418    0.946577 ^ _0892_/X (sky130_fd_sc_hd__o211a_1)
                                                         _0034_ (net)
                      0.046947    0.000131    0.946708 ^ _1304_/D (sky130_fd_sc_hd__dfxtp_1)
                                              0.946708   data arrival time

                                  0.000000    0.000000   clock aclk (rise edge)
                                  0.000000    0.000000   clock source latency
     1    0.015885    0.077393    0.053115    0.053115 ^ aclk (in)
                                                         aclk (net)
                      0.077407    0.000000    0.053115 ^ clkbuf_0_aclk/A (sky130_fd_sc_hd__clkbuf_16)
     4    0.039251    0.059047    0.152784    0.205898 ^ clkbuf_0_aclk/X (sky130_fd_sc_hd__clkbuf_16)
                                                         clknet_0_aclk (net)
                      0.059081    0.001250    0.207149 ^ clkbuf_2_2__f_aclk/A (sky130_fd_sc_hd__clkbuf_16)
    14    0.040750    0.060360    0.147111    0.354259 ^ clkbuf_2_2__f_aclk/X (sky130_fd_sc_hd__clkbuf_16)
                                                         clknet_2_2__leaf_aclk (net)
                      0.060455    0.002020    0.356280 ^ _1304_/CLK (sky130_fd_sc_hd__dfxtp_1)
                                  0.250000    0.606280   clock uncertainty
                                  0.000000    0.606280   clock reconvergence pessimism
                                 -0.029640    0.576640   library hold time
                                              0.576640   data required time
---------------------------------------------------------------------------------------------
                                              0.576640   data required time
                                             -0.946708   data arrival time
---------------------------------------------------------------------------------------------
                                              0.370068   slack (MET)


Startpoint: _1300_ (rising edge-triggered flip-flop clocked by aclk)
Endpoint: _1300_ (rising edge-triggered flip-flop clocked by aclk)
Path Group: aclk
Path Type: min

Fanout         Cap        Slew       Delay        Time   Description
---------------------------------------------------------------------------------------------
                                  0.000000    0.000000   clock aclk (rise edge)
                                  0.000000    0.000000   clock source latency
     1    0.015885    0.077393    0.053115    0.053115 ^ aclk (in)
                                                         aclk (net)
                      0.077407    0.000000    0.053115 ^ clkbuf_0_aclk/A (sky130_fd_sc_hd__clkbuf_16)
     4    0.039251    0.059047    0.152784    0.205898 ^ clkbuf_0_aclk/X (sky130_fd_sc_hd__clkbuf_16)
                                                         clknet_0_aclk (net)
                      0.059084    0.001282    0.207181 ^ clkbuf_2_3__f_aclk/A (sky130_fd_sc_hd__clkbuf_16)
    14    0.042371    0.061866    0.148589    0.355770 ^ clkbuf_2_3__f_aclk/X (sky130_fd_sc_hd__clkbuf_16)
                                                         clknet_2_3__leaf_aclk (net)
                      0.061888    0.001044    0.356814 ^ _1300_/CLK (sky130_fd_sc_hd__dfxtp_1)
     4    0.010563    0.107879    0.356967    0.713781 ^ _1300_/Q (sky130_fd_sc_hd__dfxtp_1)
                                                         net44 (net)
                      0.107879    0.000177    0.713958 ^ _0868_/A (sky130_fd_sc_hd__or2_1)
     1    0.003004    0.041841    0.112853    0.826811 ^ _0868_/X (sky130_fd_sc_hd__or2_1)
                                                         _0255_ (net)
                      0.041842    0.000068    0.826879 ^ _0869_/B1 (sky130_fd_sc_hd__o211a_1)
     1    0.001974    0.034531    0.128148    0.955027 ^ _0869_/X (sky130_fd_sc_hd__o211a_1)
                                                         _0030_ (net)
                      0.034531    0.000040    0.955067 ^ _1300_/D (sky130_fd_sc_hd__dfxtp_1)
                                              0.955067   data arrival time

                                  0.000000    0.000000   clock aclk (rise edge)
                                  0.000000    0.000000   clock source latency
     1    0.015885    0.077393    0.053115    0.053115 ^ aclk (in)
                                                         aclk (net)
                      0.077407    0.000000    0.053115 ^ clkbuf_0_aclk/A (sky130_fd_sc_hd__clkbuf_16)
     4    0.039251    0.059047    0.152784    0.205898 ^ clkbuf_0_aclk/X (sky130_fd_sc_hd__clkbuf_16)
                                                         clknet_0_aclk (net)
                      0.059084    0.001282    0.207181 ^ clkbuf_2_3__f_aclk/A (sky130_fd_sc_hd__clkbuf_16)
    14    0.042371    0.061866    0.148589    0.355770 ^ clkbuf_2_3__f_aclk/X (sky130_fd_sc_hd__clkbuf_16)
                                                         clknet_2_3__leaf_aclk (net)
                      0.061888    0.001044    0.356814 ^ _1300_/CLK (sky130_fd_sc_hd__dfxtp_1)
                                  0.250000    0.606814   clock uncertainty
                                  0.000000    0.606814   clock reconvergence pessimism
                                 -0.026857    0.579957   library hold time
                                              0.579957   data required time
---------------------------------------------------------------------------------------------
                                              0.579957   data required time
                                             -0.955067   data arrival time
---------------------------------------------------------------------------------------------
                                              0.375110   slack (MET)


Startpoint: _1286_ (rising edge-triggered flip-flop clocked by aclk)
Endpoint: _1286_ (rising edge-triggered flip-flop clocked by aclk)
Path Group: aclk
Path Type: min

Fanout         Cap        Slew       Delay        Time   Description
---------------------------------------------------------------------------------------------
                                  0.000000    0.000000   clock aclk (rise edge)
                                  0.000000    0.000000   clock source latency
     1    0.015885    0.077393    0.053115    0.053115 ^ aclk (in)
                                                         aclk (net)
                      0.077407    0.000000    0.053115 ^ clkbuf_0_aclk/A (sky130_fd_sc_hd__clkbuf_16)
     4    0.039251    0.059047    0.152784    0.205898 ^ clkbuf_0_aclk/X (sky130_fd_sc_hd__clkbuf_16)
                                                         clknet_0_aclk (net)
                      0.059099    0.001496    0.207395 ^ clkbuf_2_0__f_aclk/A (sky130_fd_sc_hd__clkbuf_16)
    14    0.041031    0.060606    0.147314    0.354709 ^ clkbuf_2_0__f_aclk/X (sky130_fd_sc_hd__clkbuf_16)
                                                         clknet_2_0__leaf_aclk (net)
                      0.060616    0.000891    0.355600 ^ _1286_/CLK (sky130_fd_sc_hd__dfxtp_1)
     6    0.019931    0.192190    0.416555    0.772155 ^ _1286_/Q (sky130_fd_sc_hd__dfxtp_1)
                                                         net28 (net)
                      0.192190    0.000280    0.772435 ^ _0766_/A1 (sky130_fd_sc_hd__o211a_1)
     1    0.003095    0.043395    0.181495    0.953930 ^ _0766_/X (sky130_fd_sc_hd__o211a_1)
                                                         _0016_ (net)
                      0.043395    0.000079    0.954010 ^ _1286_/D (sky130_fd_sc_hd__dfxtp_1)
                                              0.954010   data arrival time

                                  0.000000    0.000000   clock aclk (rise edge)
                                  0.000000    0.000000   clock source latency
     1    0.015885    0.077393    0.053115    0.053115 ^ aclk (in)
                                                         aclk (net)
                      0.077407    0.000000    0.053115 ^ clkbuf_0_aclk/A (sky130_fd_sc_hd__clkbuf_16)
     4    0.039251    0.059047    0.152784    0.205898 ^ clkbuf_0_aclk/X (sky130_fd_sc_hd__clkbuf_16)
                                                         clknet_0_aclk (net)
                      0.059099    0.001496    0.207395 ^ clkbuf_2_0__f_aclk/A (sky130_fd_sc_hd__clkbuf_16)
    14    0.041031    0.060606    0.147314    0.354709 ^ clkbuf_2_0__f_aclk/X (sky130_fd_sc_hd__clkbuf_16)
                                                         clknet_2_0__leaf_aclk (net)
                      0.060616    0.000891    0.355600 ^ _1286_/CLK (sky130_fd_sc_hd__dfxtp_1)
                                  0.250000    0.605600   clock uncertainty
                                  0.000000    0.605600   clock reconvergence pessimism
                                 -0.028876    0.576724   library hold time
                                              0.576724   data required time
---------------------------------------------------------------------------------------------
                                              0.576724   data required time
                                             -0.954010   data arrival time
---------------------------------------------------------------------------------------------
                                              0.377286   slack (MET)


Startpoint: _1274_ (rising edge-triggered flip-flop clocked by aclk)
Endpoint: _1274_ (rising edge-triggered flip-flop clocked by aclk)
Path Group: aclk
Path Type: min

Fanout         Cap        Slew       Delay        Time   Description
---------------------------------------------------------------------------------------------
                                  0.000000    0.000000   clock aclk (rise edge)
                                  0.000000    0.000000   clock source latency
     1    0.015885    0.077393    0.053115    0.053115 ^ aclk (in)
                                                         aclk (net)
                      0.077407    0.000000    0.053115 ^ clkbuf_0_aclk/A (sky130_fd_sc_hd__clkbuf_16)
     4    0.039251    0.059047    0.152784    0.205898 ^ clkbuf_0_aclk/X (sky130_fd_sc_hd__clkbuf_16)
                                                         clknet_0_aclk (net)
                      0.059084    0.001282    0.207181 ^ clkbuf_2_3__f_aclk/A (sky130_fd_sc_hd__clkbuf_16)
    14    0.042371    0.061866    0.148589    0.355770 ^ clkbuf_2_3__f_aclk/X (sky130_fd_sc_hd__clkbuf_16)
                                                         clknet_2_3__leaf_aclk (net)
                      0.061889    0.001055    0.356824 ^ _1274_/CLK (sky130_fd_sc_hd__dfxtp_1)
     4    0.010721    0.109293    0.357974    0.714798 ^ _1274_/Q (sky130_fd_sc_hd__dfxtp_1)
                                                         net47 (net)
                      0.109293    0.000174    0.714972 ^ _0666_/A (sky130_fd_sc_hd__or2_1)
     1    0.003037    0.042122    0.113560    0.828532 ^ _0666_/X (sky130_fd_sc_hd__or2_1)
                                                         _0079_ (net)
                      0.042122    0.000071    0.828602 ^ _0667_/B1 (sky130_fd_sc_hd__o211a_1)
     1    0.002171    0.036025    0.129753    0.958355 ^ _0667_/X (sky130_fd_sc_hd__o211a_1)
                                                         _0004_ (net)
                      0.036037    0.000045    0.958400 ^ _1274_/D (sky130_fd_sc_hd__dfxtp_1)
                                              0.958400   data arrival time

                                  0.000000    0.000000   clock aclk (rise edge)
                                  0.000000    0.000000   clock source latency
     1    0.015885    0.077393    0.053115    0.053115 ^ aclk (in)
                                                         aclk (net)
                      0.077407    0.000000    0.053115 ^ clkbuf_0_aclk/A (sky130_fd_sc_hd__clkbuf_16)
     4    0.039251    0.059047    0.152784    0.205898 ^ clkbuf_0_aclk/X (sky130_fd_sc_hd__clkbuf_16)
                                                         clknet_0_aclk (net)
                      0.059084    0.001282    0.207181 ^ clkbuf_2_3__f_aclk/A (sky130_fd_sc_hd__clkbuf_16)
    14    0.042371    0.061866    0.148589    0.355770 ^ clkbuf_2_3__f_aclk/X (sky130_fd_sc_hd__clkbuf_16)
                                                         clknet_2_3__leaf_aclk (net)
                      0.061889    0.001055    0.356824 ^ _1274_/CLK (sky130_fd_sc_hd__dfxtp_1)
                                  0.250000    0.606824   clock uncertainty
                                  0.000000    0.606824   clock reconvergence pessimism
                                 -0.027171    0.579653   library hold time
                                              0.579653   data required time
---------------------------------------------------------------------------------------------
                                              0.579653   data required time
                                             -0.958400   data arrival time
---------------------------------------------------------------------------------------------
                                              0.378747   slack (MET)


Startpoint: _1283_ (rising edge-triggered flip-flop clocked by aclk)
Endpoint: _1283_ (rising edge-triggered flip-flop clocked by aclk)
Path Group: aclk
Path Type: min

Fanout         Cap        Slew       Delay        Time   Description
---------------------------------------------------------------------------------------------
                                  0.000000    0.000000   clock aclk (rise edge)
                                  0.000000    0.000000   clock source latency
     1    0.015885    0.077393    0.053115    0.053115 ^ aclk (in)
                                                         aclk (net)
                      0.077407    0.000000    0.053115 ^ clkbuf_0_aclk/A (sky130_fd_sc_hd__clkbuf_16)
     4    0.039251    0.059047    0.152784    0.205898 ^ clkbuf_0_aclk/X (sky130_fd_sc_hd__clkbuf_16)
                                                         clknet_0_aclk (net)
                      0.059099    0.001496    0.207395 ^ clkbuf_2_0__f_aclk/A (sky130_fd_sc_hd__clkbuf_16)
    14    0.041031    0.060606    0.147314    0.354709 ^ clkbuf_2_0__f_aclk/X (sky130_fd_sc_hd__clkbuf_16)
                                                         clknet_2_0__leaf_aclk (net)
                      0.060643    0.001343    0.356052 ^ _1283_/CLK (sky130_fd_sc_hd__dfxtp_1)
     5    0.018180    0.176432    0.405258    0.761311 ^ _1283_/Q (sky130_fd_sc_hd__dfxtp_1)
                                                         net25 (net)
                      0.176432    0.000391    0.761702 ^ _0736_/A1 (sky130_fd_sc_hd__o221a_1)
     1    0.002104    0.045980    0.200349    0.962051 ^ _0736_/X (sky130_fd_sc_hd__o221a_1)
                                                         _0013_ (net)
                      0.045980    0.000045    0.962095 ^ _1283_/D (sky130_fd_sc_hd__dfxtp_1)
                                              0.962095   data arrival time

                                  0.000000    0.000000   clock aclk (rise edge)
                                  0.000000    0.000000   clock source latency
     1    0.015885    0.077393    0.053115    0.053115 ^ aclk (in)
                                                         aclk (net)
                      0.077407    0.000000    0.053115 ^ clkbuf_0_aclk/A (sky130_fd_sc_hd__clkbuf_16)
     4    0.039251    0.059047    0.152784    0.205898 ^ clkbuf_0_aclk/X (sky130_fd_sc_hd__clkbuf_16)
                                                         clknet_0_aclk (net)
                      0.059099    0.001496    0.207395 ^ clkbuf_2_0__f_aclk/A (sky130_fd_sc_hd__clkbuf_16)
    14    0.041031    0.060606    0.147314    0.354709 ^ clkbuf_2_0__f_aclk/X (sky130_fd_sc_hd__clkbuf_16)
                                                         clknet_2_0__leaf_aclk (net)
                      0.060643    0.001343    0.356052 ^ _1283_/CLK (sky130_fd_sc_hd__dfxtp_1)
                                  0.250000    0.606052   clock uncertainty
                                  0.000000    0.606052   clock reconvergence pessimism
                                 -0.029413    0.576639   library hold time
                                              0.576639   data required time
---------------------------------------------------------------------------------------------
                                              0.576639   data required time
                                             -0.962095   data arrival time
---------------------------------------------------------------------------------------------
                                              0.385456   slack (MET)


Startpoint: _1284_ (rising edge-triggered flip-flop clocked by aclk)
Endpoint: _1284_ (rising edge-triggered flip-flop clocked by aclk)
Path Group: aclk
Path Type: min

Fanout         Cap        Slew       Delay        Time   Description
---------------------------------------------------------------------------------------------
                                  0.000000    0.000000   clock aclk (rise edge)
                                  0.000000    0.000000   clock source latency
     1    0.015885    0.077393    0.053115    0.053115 ^ aclk (in)
                                                         aclk (net)
                      0.077407    0.000000    0.053115 ^ clkbuf_0_aclk/A (sky130_fd_sc_hd__clkbuf_16)
     4    0.039251    0.059047    0.152784    0.205898 ^ clkbuf_0_aclk/X (sky130_fd_sc_hd__clkbuf_16)
                                                         clknet_0_aclk (net)
                      0.059104    0.001559    0.207457 ^ clkbuf_2_1__f_aclk/A (sky130_fd_sc_hd__clkbuf_16)
    12    0.039172    0.058988    0.146161    0.353618 ^ clkbuf_2_1__f_aclk/X (sky130_fd_sc_hd__clkbuf_16)
                                                         clknet_2_1__leaf_aclk (net)
                      0.059036    0.001439    0.355056 ^ _1284_/CLK (sky130_fd_sc_hd__dfxtp_1)
     4    0.010133    0.104028    0.353103    0.708159 ^ _1284_/Q (sky130_fd_sc_hd__dfxtp_1)
                                                         net26 (net)
                      0.104028    0.000266    0.708425 ^ _0745_/A (sky130_fd_sc_hd__or2_1)
     1    0.003781    0.048202    0.116719    0.825144 ^ _0745_/X (sky130_fd_sc_hd__or2_1)
                                                         _0148_ (net)
                      0.048202    0.000103    0.825247 ^ _0746_/B1 (sky130_fd_sc_hd__o211a_1)
     1    0.002919    0.041243    0.137295    0.962542 ^ _0746_/X (sky130_fd_sc_hd__o211a_1)
                                                         _0014_ (net)
                      0.041243    0.000071    0.962614 ^ _1284_/D (sky130_fd_sc_hd__dfxtp_1)
                                              0.962614   data arrival time

                                  0.000000    0.000000   clock aclk (rise edge)
                                  0.000000    0.000000   clock source latency
     1    0.015885    0.077393    0.053115    0.053115 ^ aclk (in)
                                                         aclk (net)
                      0.077407    0.000000    0.053115 ^ clkbuf_0_aclk/A (sky130_fd_sc_hd__clkbuf_16)
     4    0.039251    0.059047    0.152784    0.205898 ^ clkbuf_0_aclk/X (sky130_fd_sc_hd__clkbuf_16)
                                                         clknet_0_aclk (net)
                      0.059104    0.001559    0.207457 ^ clkbuf_2_1__f_aclk/A (sky130_fd_sc_hd__clkbuf_16)
    12    0.039172    0.058988    0.146161    0.353618 ^ clkbuf_2_1__f_aclk/X (sky130_fd_sc_hd__clkbuf_16)
                                                         clknet_2_1__leaf_aclk (net)
                      0.059036    0.001439    0.355056 ^ _1284_/CLK (sky130_fd_sc_hd__dfxtp_1)
                                  0.250000    0.605056   clock uncertainty
                                  0.000000    0.605056   clock reconvergence pessimism
                                 -0.028635    0.576422   library hold time
                                              0.576422   data required time
---------------------------------------------------------------------------------------------
                                              0.576422   data required time
                                             -0.962614   data arrival time
---------------------------------------------------------------------------------------------
                                              0.386192   slack (MET)


Startpoint: _1307_ (rising edge-triggered flip-flop clocked by aclk)
Endpoint: _1307_ (rising edge-triggered flip-flop clocked by aclk)
Path Group: aclk
Path Type: min

Fanout         Cap        Slew       Delay        Time   Description
---------------------------------------------------------------------------------------------
                                  0.000000    0.000000   clock aclk (rise edge)
                                  0.000000    0.000000   clock source latency
     1    0.015885    0.077393    0.053115    0.053115 ^ aclk (in)
                                                         aclk (net)
                      0.077407    0.000000    0.053115 ^ clkbuf_0_aclk/A (sky130_fd_sc_hd__clkbuf_16)
     4    0.039251    0.059047    0.152784    0.205898 ^ clkbuf_0_aclk/X (sky130_fd_sc_hd__clkbuf_16)
                                                         clknet_0_aclk (net)
                      0.059081    0.001250    0.207149 ^ clkbuf_2_2__f_aclk/A (sky130_fd_sc_hd__clkbuf_16)
    14    0.040750    0.060360    0.147111    0.354259 ^ clkbuf_2_2__f_aclk/X (sky130_fd_sc_hd__clkbuf_16)
                                                         clknet_2_2__leaf_aclk (net)
                      0.060416    0.001583    0.355843 ^ _1307_/CLK (sky130_fd_sc_hd__dfxtp_1)
     4    0.011221    0.113807    0.360536    0.716379 ^ _1307_/Q (sky130_fd_sc_hd__dfxtp_1)
                                                         cnn_mac_wrapper.core_inst.product[5] (net)
                      0.113807    0.000350    0.716729 ^ _0955_/A (sky130_fd_sc_hd__or2_1)
     1    0.002950    0.041465    0.114503    0.831232 ^ _0955_/X (sky130_fd_sc_hd__or2_1)
                                                         _0335_ (net)
                      0.041465    0.000066    0.831297 ^ _0956_/B1 (sky130_fd_sc_hd__o211a_1)
     1    0.002694    0.039629    0.133609    0.964906 ^ _0956_/X (sky130_fd_sc_hd__o211a_1)
                                                         _0037_ (net)
                      0.039629    0.000086    0.964992 ^ _1307_/D (sky130_fd_sc_hd__dfxtp_1)
                                              0.964992   data arrival time

                                  0.000000    0.000000   clock aclk (rise edge)
                                  0.000000    0.000000   clock source latency
     1    0.015885    0.077393    0.053115    0.053115 ^ aclk (in)
                                                         aclk (net)
                      0.077407    0.000000    0.053115 ^ clkbuf_0_aclk/A (sky130_fd_sc_hd__clkbuf_16)
     4    0.039251    0.059047    0.152784    0.205898 ^ clkbuf_0_aclk/X (sky130_fd_sc_hd__clkbuf_16)
                                                         clknet_0_aclk (net)
                      0.059081    0.001250    0.207149 ^ clkbuf_2_2__f_aclk/A (sky130_fd_sc_hd__clkbuf_16)
    14    0.040750    0.060360    0.147111    0.354259 ^ clkbuf_2_2__f_aclk/X (sky130_fd_sc_hd__clkbuf_16)
                                                         clknet_2_2__leaf_aclk (net)
                      0.060416    0.001583    0.355843 ^ _1307_/CLK (sky130_fd_sc_hd__dfxtp_1)
                                  0.250000    0.605843   clock uncertainty
                                  0.000000    0.605843   clock reconvergence pessimism
                                 -0.028116    0.577727   library hold time
                                              0.577727   data required time
---------------------------------------------------------------------------------------------
                                              0.577727   data required time
                                             -0.964992   data arrival time
---------------------------------------------------------------------------------------------
                                              0.387265   slack (MET)


Startpoint: _1285_ (rising edge-triggered flip-flop clocked by aclk)
Endpoint: _1285_ (rising edge-triggered flip-flop clocked by aclk)
Path Group: aclk
Path Type: min

Fanout         Cap        Slew       Delay        Time   Description
---------------------------------------------------------------------------------------------
                                  0.000000    0.000000   clock aclk (rise edge)
                                  0.000000    0.000000   clock source latency
     1    0.015885    0.077393    0.053115    0.053115 ^ aclk (in)
                                                         aclk (net)
                      0.077407    0.000000    0.053115 ^ clkbuf_0_aclk/A (sky130_fd_sc_hd__clkbuf_16)
     4    0.039251    0.059047    0.152784    0.205898 ^ clkbuf_0_aclk/X (sky130_fd_sc_hd__clkbuf_16)
                                                         clknet_0_aclk (net)
                      0.059099    0.001496    0.207395 ^ clkbuf_2_0__f_aclk/A (sky130_fd_sc_hd__clkbuf_16)
    14    0.041031    0.060606    0.147314    0.354709 ^ clkbuf_2_0__f_aclk/X (sky130_fd_sc_hd__clkbuf_16)
                                                         clknet_2_0__leaf_aclk (net)
                      0.060707    0.002085    0.356794 ^ _1285_/CLK (sky130_fd_sc_hd__dfxtp_1)
     4    0.011272    0.114250    0.361045    0.717839 ^ _1285_/Q (sky130_fd_sc_hd__dfxtp_1)
                                                         net27 (net)
                      0.114250    0.000155    0.717994 ^ _0752_/A (sky130_fd_sc_hd__or2_1)
     1    0.003697    0.047575    0.119675    0.837670 ^ _0752_/X (sky130_fd_sc_hd__or2_1)
                                                         _0154_ (net)
                      0.047575    0.000099    0.837769 ^ _0753_/B1 (sky130_fd_sc_hd__o211a_1)
     1    0.002312    0.036848    0.132403    0.970172 ^ _0753_/X (sky130_fd_sc_hd__o211a_1)
                                                         _0015_ (net)
                      0.036848    0.000050    0.970221 ^ _1285_/D (sky130_fd_sc_hd__dfxtp_1)
                                              0.970221   data arrival time

                                  0.000000    0.000000   clock aclk (rise edge)
                                  0.000000    0.000000   clock source latency
     1    0.015885    0.077393    0.053115    0.053115 ^ aclk (in)
                                                         aclk (net)
                      0.077407    0.000000    0.053115 ^ clkbuf_0_aclk/A (sky130_fd_sc_hd__clkbuf_16)
     4    0.039251    0.059047    0.152784    0.205898 ^ clkbuf_0_aclk/X (sky130_fd_sc_hd__clkbuf_16)
                                                         clknet_0_aclk (net)
                      0.059099    0.001496    0.207395 ^ clkbuf_2_0__f_aclk/A (sky130_fd_sc_hd__clkbuf_16)
    14    0.041031    0.060606    0.147314    0.354709 ^ clkbuf_2_0__f_aclk/X (sky130_fd_sc_hd__clkbuf_16)
                                                         clknet_2_0__leaf_aclk (net)
                      0.060707    0.002085    0.356794 ^ _1285_/CLK (sky130_fd_sc_hd__dfxtp_1)
                                  0.250000    0.606794   clock uncertainty
                                  0.000000    0.606794   clock reconvergence pessimism
                                 -0.027496    0.579298   library hold time
                                              0.579298   data required time
---------------------------------------------------------------------------------------------
                                              0.579298   data required time
                                             -0.970221   data arrival time
---------------------------------------------------------------------------------------------
                                              0.390923   slack (MET)


Startpoint: _1314_ (rising edge-triggered flip-flop clocked by aclk)
Endpoint: _1314_ (rising edge-triggered flip-flop clocked by aclk)
Path Group: aclk
Path Type: min

Fanout         Cap        Slew       Delay        Time   Description
---------------------------------------------------------------------------------------------
                                  0.000000    0.000000   clock aclk (rise edge)
                                  0.000000    0.000000   clock source latency
     1    0.015885    0.077393    0.053115    0.053115 ^ aclk (in)
                                                         aclk (net)
                      0.077407    0.000000    0.053115 ^ clkbuf_0_aclk/A (sky130_fd_sc_hd__clkbuf_16)
     4    0.039251    0.059047    0.152784    0.205898 ^ clkbuf_0_aclk/X (sky130_fd_sc_hd__clkbuf_16)
                                                         clknet_0_aclk (net)
                      0.059099    0.001496    0.207395 ^ clkbuf_2_0__f_aclk/A (sky130_fd_sc_hd__clkbuf_16)
    14    0.041031    0.060606    0.147314    0.354709 ^ clkbuf_2_0__f_aclk/X (sky130_fd_sc_hd__clkbuf_16)
                                                         clknet_2_0__leaf_aclk (net)
                      0.060620    0.000972    0.355681 ^ _1314_/CLK (sky130_fd_sc_hd__dfxtp_1)
     4    0.011026    0.112043    0.359402    0.715083 ^ _1314_/Q (sky130_fd_sc_hd__dfxtp_1)
                                                         cnn_mac_wrapper.core_inst.product[12] (net)
                      0.112043    0.000311    0.715394 ^ _1204_/A (sky130_fd_sc_hd__or2_1)
     1    0.003592    0.046666    0.118234    0.833628 ^ _1204_/X (sky130_fd_sc_hd__or2_1)
                                                         _0577_ (net)
                      0.046666    0.000121    0.833749 ^ _1205_/B1 (sky130_fd_sc_hd__o211a_1)
     1    0.003007    0.041856    0.137531    0.971280 ^ _1205_/X (sky130_fd_sc_hd__o211a_1)
                                                         _0044_ (net)
                      0.041856    0.000075    0.971355 ^ _1314_/D (sky130_fd_sc_hd__dfxtp_1)
                                              0.971355   data arrival time

                                  0.000000    0.000000   clock aclk (rise edge)
                                  0.000000    0.000000   clock source latency
     1    0.015885    0.077393    0.053115    0.053115 ^ aclk (in)
                                                         aclk (net)
                      0.077407    0.000000    0.053115 ^ clkbuf_0_aclk/A (sky130_fd_sc_hd__clkbuf_16)
     4    0.039251    0.059047    0.152784    0.205898 ^ clkbuf_0_aclk/X (sky130_fd_sc_hd__clkbuf_16)
                                                         clknet_0_aclk (net)
                      0.059099    0.001496    0.207395 ^ clkbuf_2_0__f_aclk/A (sky130_fd_sc_hd__clkbuf_16)
    14    0.041031    0.060606    0.147314    0.354709 ^ clkbuf_2_0__f_aclk/X (sky130_fd_sc_hd__clkbuf_16)
                                                         clknet_2_0__leaf_aclk (net)
                      0.060620    0.000972    0.355681 ^ _1314_/CLK (sky130_fd_sc_hd__dfxtp_1)
                                  0.250000    0.605681   clock uncertainty
                                  0.000000    0.605681   clock reconvergence pessimism
                                 -0.028554    0.577127   library hold time
                                              0.577127   data required time
---------------------------------------------------------------------------------------------
                                              0.577127   data required time
                                             -0.971355   data arrival time
---------------------------------------------------------------------------------------------
                                              0.394229   slack (MET)


Startpoint: _1280_ (rising edge-triggered flip-flop clocked by aclk)
Endpoint: _1280_ (rising edge-triggered flip-flop clocked by aclk)
Path Group: aclk
Path Type: min

Fanout         Cap        Slew       Delay        Time   Description
---------------------------------------------------------------------------------------------
                                  0.000000    0.000000   clock aclk (rise edge)
                                  0.000000    0.000000   clock source latency
     1    0.015885    0.077393    0.053115    0.053115 ^ aclk (in)
                                                         aclk (net)
                      0.077407    0.000000    0.053115 ^ clkbuf_0_aclk/A (sky130_fd_sc_hd__clkbuf_16)
     4    0.039251    0.059047    0.152784    0.205898 ^ clkbuf_0_aclk/X (sky130_fd_sc_hd__clkbuf_16)
                                                         clknet_0_aclk (net)
                      0.059104    0.001559    0.207457 ^ clkbuf_2_1__f_aclk/A (sky130_fd_sc_hd__clkbuf_16)
    12    0.039172    0.058988    0.146161    0.353618 ^ clkbuf_2_1__f_aclk/X (sky130_fd_sc_hd__clkbuf_16)
                                                         clknet_2_1__leaf_aclk (net)
                      0.059003    0.000900    0.354518 ^ _1280_/CLK (sky130_fd_sc_hd__dfxtp_1)
     4    0.012067    0.121384    0.365532    0.720050 ^ _1280_/Q (sky130_fd_sc_hd__dfxtp_1)
                                                         net22 (net)
                      0.121384    0.000213    0.720263 ^ _0711_/A (sky130_fd_sc_hd__or2_1)
     1    0.003196    0.043516    0.118777    0.839039 ^ _0711_/X (sky130_fd_sc_hd__or2_1)
                                                         _0118_ (net)
                      0.043516    0.000077    0.839116 ^ _0712_/B1 (sky130_fd_sc_hd__o211a_1)
     1    0.002408    0.037541    0.131990    0.971106 ^ _0712_/X (sky130_fd_sc_hd__o211a_1)
                                                         _0010_ (net)
                      0.037541    0.000054    0.971160 ^ _1280_/D (sky130_fd_sc_hd__dfxtp_1)
                                              0.971160   data arrival time

                                  0.000000    0.000000   clock aclk (rise edge)
                                  0.000000    0.000000   clock source latency
     1    0.015885    0.077393    0.053115    0.053115 ^ aclk (in)
                                                         aclk (net)
                      0.077407    0.000000    0.053115 ^ clkbuf_0_aclk/A (sky130_fd_sc_hd__clkbuf_16)
     4    0.039251    0.059047    0.152784    0.205898 ^ clkbuf_0_aclk/X (sky130_fd_sc_hd__clkbuf_16)
                                                         clknet_0_aclk (net)
                      0.059104    0.001559    0.207457 ^ clkbuf_2_1__f_aclk/A (sky130_fd_sc_hd__clkbuf_16)
    12    0.039172    0.058988    0.146161    0.353618 ^ clkbuf_2_1__f_aclk/X (sky130_fd_sc_hd__clkbuf_16)
                                                         clknet_2_1__leaf_aclk (net)
                      0.059003    0.000900    0.354518 ^ _1280_/CLK (sky130_fd_sc_hd__dfxtp_1)
                                  0.250000    0.604518   clock uncertainty
                                  0.000000    0.604518   clock reconvergence pessimism
                                 -0.027865    0.576652   library hold time
                                              0.576652   data required time
---------------------------------------------------------------------------------------------
                                              0.576652   data required time
                                             -0.971160   data arrival time
---------------------------------------------------------------------------------------------
                                              0.394508   slack (MET)


Startpoint: _1296_ (rising edge-triggered flip-flop clocked by aclk)
Endpoint: _1296_ (rising edge-triggered flip-flop clocked by aclk)
Path Group: aclk
Path Type: min

Fanout         Cap        Slew       Delay        Time   Description
---------------------------------------------------------------------------------------------
                                  0.000000    0.000000   clock aclk (rise edge)
                                  0.000000    0.000000   clock source latency
     1    0.015885    0.077393    0.053115    0.053115 ^ aclk (in)
                                                         aclk (net)
                      0.077407    0.000000    0.053115 ^ clkbuf_0_aclk/A (sky130_fd_sc_hd__clkbuf_16)
     4    0.039251    0.059047    0.152784    0.205898 ^ clkbuf_0_aclk/X (sky130_fd_sc_hd__clkbuf_16)
                                                         clknet_0_aclk (net)
                      0.059084    0.001282    0.207181 ^ clkbuf_2_3__f_aclk/A (sky130_fd_sc_hd__clkbuf_16)
    14    0.042371    0.061866    0.148589    0.355770 ^ clkbuf_2_3__f_aclk/X (sky130_fd_sc_hd__clkbuf_16)
                                                         clknet_2_3__leaf_aclk (net)
                      0.061888    0.001047    0.356816 ^ _1296_/CLK (sky130_fd_sc_hd__dfxtp_1)
     5    0.012731    0.127360    0.370848    0.727665 ^ _1296_/Q (sky130_fd_sc_hd__dfxtp_1)
                                                         net39 (net)
                      0.127360    0.000308    0.727973 ^ _0841_/A (sky130_fd_sc_hd__or2_1)
     1    0.003462    0.045741    0.121986    0.849959 ^ _0841_/X (sky130_fd_sc_hd__or2_1)
                                                         _0232_ (net)
                      0.045741    0.000117    0.850076 ^ _0842_/B1 (sky130_fd_sc_hd__o211a_1)
     1    0.002042    0.034977    0.129787    0.979864 ^ _0842_/X (sky130_fd_sc_hd__o211a_1)
                                                         _0026_ (net)
                      0.034977    0.000043    0.979906 ^ _1296_/D (sky130_fd_sc_hd__dfxtp_1)
                                              0.979906   data arrival time

                                  0.000000    0.000000   clock aclk (rise edge)
                                  0.000000    0.000000   clock source latency
     1    0.015885    0.077393    0.053115    0.053115 ^ aclk (in)
                                                         aclk (net)
                      0.077407    0.000000    0.053115 ^ clkbuf_0_aclk/A (sky130_fd_sc_hd__clkbuf_16)
     4    0.039251    0.059047    0.152784    0.205898 ^ clkbuf_0_aclk/X (sky130_fd_sc_hd__clkbuf_16)
                                                         clknet_0_aclk (net)
                      0.059084    0.001282    0.207181 ^ clkbuf_2_3__f_aclk/A (sky130_fd_sc_hd__clkbuf_16)
    14    0.042371    0.061866    0.148589    0.355770 ^ clkbuf_2_3__f_aclk/X (sky130_fd_sc_hd__clkbuf_16)
                                                         clknet_2_3__leaf_aclk (net)
                      0.061888    0.001047    0.356816 ^ _1296_/CLK (sky130_fd_sc_hd__dfxtp_1)
                                  0.250000    0.606817   clock uncertainty
                                  0.000000    0.606817   clock reconvergence pessimism
                                 -0.026950    0.579867   library hold time
                                              0.579867   data required time
---------------------------------------------------------------------------------------------
                                              0.579867   data required time
                                             -0.979906   data arrival time
---------------------------------------------------------------------------------------------
                                              0.400040   slack (MET)


Startpoint: _1288_ (rising edge-triggered flip-flop clocked by aclk)
Endpoint: _1288_ (rising edge-triggered flip-flop clocked by aclk)
Path Group: aclk
Path Type: min

Fanout         Cap        Slew       Delay        Time   Description
---------------------------------------------------------------------------------------------
                                  0.000000    0.000000   clock aclk (rise edge)
                                  0.000000    0.000000   clock source latency
     1    0.015885    0.077393    0.053115    0.053115 ^ aclk (in)
                                                         aclk (net)
                      0.077407    0.000000    0.053115 ^ clkbuf_0_aclk/A (sky130_fd_sc_hd__clkbuf_16)
     4    0.039251    0.059047    0.152784    0.205898 ^ clkbuf_0_aclk/X (sky130_fd_sc_hd__clkbuf_16)
                                                         clknet_0_aclk (net)
                      0.059104    0.001559    0.207457 ^ clkbuf_2_1__f_aclk/A (sky130_fd_sc_hd__clkbuf_16)
    12    0.039172    0.058988    0.146161    0.353618 ^ clkbuf_2_1__f_aclk/X (sky130_fd_sc_hd__clkbuf_16)
                                                         clknet_2_1__leaf_aclk (net)
                      0.059011    0.001043    0.354660 ^ _1288_/CLK (sky130_fd_sc_hd__dfxtp_1)
     5    0.012775    0.127746    0.370083    0.724743 ^ _1288_/Q (sky130_fd_sc_hd__dfxtp_1)
                                                         net30 (net)
                      0.127746    0.000270    0.725013 ^ _0781_/A (sky130_fd_sc_hd__or2_1)
     1    0.003796    0.048540    0.124208    0.849222 ^ _0781_/X (sky130_fd_sc_hd__or2_1)
                                                         _0180_ (net)
                      0.048540    0.000132    0.849354 ^ _0782_/B1 (sky130_fd_sc_hd__o211a_1)
     1    0.002059    0.035094    0.130720    0.980074 ^ _0782_/X (sky130_fd_sc_hd__o211a_1)
                                                         _0018_ (net)
                      0.035094    0.000042    0.980115 ^ _1288_/D (sky130_fd_sc_hd__dfxtp_1)
                                              0.980115   data arrival time

                                  0.000000    0.000000   clock aclk (rise edge)
                                  0.000000    0.000000   clock source latency
     1    0.015885    0.077393    0.053115    0.053115 ^ aclk (in)
                                                         aclk (net)
                      0.077407    0.000000    0.053115 ^ clkbuf_0_aclk/A (sky130_fd_sc_hd__clkbuf_16)
     4    0.039251    0.059047    0.152784    0.205898 ^ clkbuf_0_aclk/X (sky130_fd_sc_hd__clkbuf_16)
                                                         clknet_0_aclk (net)
                      0.059104    0.001559    0.207457 ^ clkbuf_2_1__f_aclk/A (sky130_fd_sc_hd__clkbuf_16)
    12    0.039172    0.058988    0.146161    0.353618 ^ clkbuf_2_1__f_aclk/X (sky130_fd_sc_hd__clkbuf_16)
                                                         clknet_2_1__leaf_aclk (net)
                      0.059011    0.001043    0.354660 ^ _1288_/CLK (sky130_fd_sc_hd__dfxtp_1)
                                  0.250000    0.604660   clock uncertainty
                                  0.000000    0.604660   clock reconvergence pessimism
                                 -0.027353    0.577308   library hold time
                                              0.577308   data required time
---------------------------------------------------------------------------------------------
                                              0.577308   data required time
                                             -0.980115   data arrival time
---------------------------------------------------------------------------------------------
                                              0.402808   slack (MET)


Startpoint: _1277_ (rising edge-triggered flip-flop clocked by aclk)
Endpoint: _1277_ (rising edge-triggered flip-flop clocked by aclk)
Path Group: aclk
Path Type: min

Fanout         Cap        Slew       Delay        Time   Description
---------------------------------------------------------------------------------------------
                                  0.000000    0.000000   clock aclk (rise edge)
                                  0.000000    0.000000   clock source latency
     1    0.015885    0.077393    0.053115    0.053115 ^ aclk (in)
                                                         aclk (net)
                      0.077407    0.000000    0.053115 ^ clkbuf_0_aclk/A (sky130_fd_sc_hd__clkbuf_16)
     4    0.039251    0.059047    0.152784    0.205898 ^ clkbuf_0_aclk/X (sky130_fd_sc_hd__clkbuf_16)
                                                         clknet_0_aclk (net)
                      0.059084    0.001282    0.207181 ^ clkbuf_2_3__f_aclk/A (sky130_fd_sc_hd__clkbuf_16)
    14    0.042371    0.061866    0.148589    0.355770 ^ clkbuf_2_3__f_aclk/X (sky130_fd_sc_hd__clkbuf_16)
                                                         clknet_2_3__leaf_aclk (net)
                      0.061874    0.000692    0.356462 ^ _1277_/CLK (sky130_fd_sc_hd__dfxtp_1)
     4    0.011634    0.117488    0.363830    0.720293 ^ _1277_/Q (sky130_fd_sc_hd__dfxtp_1)
                                                         net50 (net)
                      0.117488    0.000212    0.720504 ^ _0688_/A (sky130_fd_sc_hd__or2_1)
     1    0.003609    0.046855    0.120204    0.840708 ^ _0688_/X (sky130_fd_sc_hd__or2_1)
                                                         _0098_ (net)
                      0.046855    0.000124    0.840833 ^ _0689_/B1 (sky130_fd_sc_hd__o211a_1)
     1    0.003508    0.045575    0.141466    0.982299 ^ _0689_/X (sky130_fd_sc_hd__o211a_1)
                                                         _0007_ (net)
                      0.045575    0.000121    0.982420 ^ _1277_/D (sky130_fd_sc_hd__dfxtp_1)
                                              0.982420   data arrival time

                                  0.000000    0.000000   clock aclk (rise edge)
                                  0.000000    0.000000   clock source latency
     1    0.015885    0.077393    0.053115    0.053115 ^ aclk (in)
                                                         aclk (net)
                      0.077407    0.000000    0.053115 ^ clkbuf_0_aclk/A (sky130_fd_sc_hd__clkbuf_16)
     4    0.039251    0.059047    0.152784    0.205898 ^ clkbuf_0_aclk/X (sky130_fd_sc_hd__clkbuf_16)
                                                         clknet_0_aclk (net)
                      0.059084    0.001282    0.207181 ^ clkbuf_2_3__f_aclk/A (sky130_fd_sc_hd__clkbuf_16)
    14    0.042371    0.061866    0.148589    0.355770 ^ clkbuf_2_3__f_aclk/X (sky130_fd_sc_hd__clkbuf_16)
                                                         clknet_2_3__leaf_aclk (net)
                      0.061874    0.000692    0.356462 ^ _1277_/CLK (sky130_fd_sc_hd__dfxtp_1)
                                  0.250000    0.606462   clock uncertainty
                                  0.000000    0.606462   clock reconvergence pessimism
                                 -0.029166    0.577296   library hold time
                                              0.577296   data required time
---------------------------------------------------------------------------------------------
                                              0.577296   data required time
                                             -0.982420   data arrival time
---------------------------------------------------------------------------------------------
                                              0.405124   slack (MET)


Startpoint: _1281_ (rising edge-triggered flip-flop clocked by aclk)
Endpoint: _1281_ (rising edge-triggered flip-flop clocked by aclk)
Path Group: aclk
Path Type: min

Fanout         Cap        Slew       Delay        Time   Description
---------------------------------------------------------------------------------------------
                                  0.000000    0.000000   clock aclk (rise edge)
                                  0.000000    0.000000   clock source latency
     1    0.015885    0.077393    0.053115    0.053115 ^ aclk (in)
                                                         aclk (net)
                      0.077407    0.000000    0.053115 ^ clkbuf_0_aclk/A (sky130_fd_sc_hd__clkbuf_16)
     4    0.039251    0.059047    0.152784    0.205898 ^ clkbuf_0_aclk/X (sky130_fd_sc_hd__clkbuf_16)
                                                         clknet_0_aclk (net)
                      0.059104    0.001559    0.207457 ^ clkbuf_2_1__f_aclk/A (sky130_fd_sc_hd__clkbuf_16)
    12    0.039172    0.058988    0.146161    0.353618 ^ clkbuf_2_1__f_aclk/X (sky130_fd_sc_hd__clkbuf_16)
                                                         clknet_2_1__leaf_aclk (net)
                      0.059002    0.000883    0.354500 ^ _1281_/CLK (sky130_fd_sc_hd__dfxtp_1)
     5    0.014410    0.142453    0.380564    0.735064 ^ _1281_/Q (sky130_fd_sc_hd__dfxtp_1)
                                                         net23 (net)
                      0.142453    0.000226    0.735290 ^ _0719_/A (sky130_fd_sc_hd__or2_1)
     1    0.002692    0.039828    0.119827    0.855116 ^ _0719_/X (sky130_fd_sc_hd__or2_1)
                                                         _0125_ (net)
                      0.039828    0.000056    0.855172 ^ _0720_/B1 (sky130_fd_sc_hd__o211a_1)
     1    0.001988    0.034602    0.127677    0.982849 ^ _0720_/X (sky130_fd_sc_hd__o211a_1)
                                                         _0011_ (net)
                      0.034602    0.000041    0.982890 ^ _1281_/D (sky130_fd_sc_hd__dfxtp_1)
                                              0.982890   data arrival time

                                  0.000000    0.000000   clock aclk (rise edge)
                                  0.000000    0.000000   clock source latency
     1    0.015885    0.077393    0.053115    0.053115 ^ aclk (in)
                                                         aclk (net)
                      0.077407    0.000000    0.053115 ^ clkbuf_0_aclk/A (sky130_fd_sc_hd__clkbuf_16)
     4    0.039251    0.059047    0.152784    0.205898 ^ clkbuf_0_aclk/X (sky130_fd_sc_hd__clkbuf_16)
                                                         clknet_0_aclk (net)
                      0.059104    0.001559    0.207457 ^ clkbuf_2_1__f_aclk/A (sky130_fd_sc_hd__clkbuf_16)
    12    0.039172    0.058988    0.146161    0.353618 ^ clkbuf_2_1__f_aclk/X (sky130_fd_sc_hd__clkbuf_16)
                                                         clknet_2_1__leaf_aclk (net)
                      0.059002    0.000883    0.354500 ^ _1281_/CLK (sky130_fd_sc_hd__dfxtp_1)
                                  0.250000    0.604500   clock uncertainty
                                  0.000000    0.604500   clock reconvergence pessimism
                                 -0.027251    0.577249   library hold time
                                              0.577249   data required time
---------------------------------------------------------------------------------------------
                                              0.577249   data required time
                                             -0.982890   data arrival time
---------------------------------------------------------------------------------------------
                                              0.405641   slack (MET)


Startpoint: _1295_ (rising edge-triggered flip-flop clocked by aclk)
Endpoint: _1295_ (rising edge-triggered flip-flop clocked by aclk)
Path Group: aclk
Path Type: min

Fanout         Cap        Slew       Delay        Time   Description
---------------------------------------------------------------------------------------------
                                  0.000000    0.000000   clock aclk (rise edge)
                                  0.000000    0.000000   clock source latency
     1    0.015885    0.077393    0.053115    0.053115 ^ aclk (in)
                                                         aclk (net)
                      0.077407    0.000000    0.053115 ^ clkbuf_0_aclk/A (sky130_fd_sc_hd__clkbuf_16)
     4    0.039251    0.059047    0.152784    0.205898 ^ clkbuf_0_aclk/X (sky130_fd_sc_hd__clkbuf_16)
                                                         clknet_0_aclk (net)
                      0.059084    0.001282    0.207181 ^ clkbuf_2_3__f_aclk/A (sky130_fd_sc_hd__clkbuf_16)
    14    0.042371    0.061866    0.148589    0.355770 ^ clkbuf_2_3__f_aclk/X (sky130_fd_sc_hd__clkbuf_16)
                                                         clknet_2_3__leaf_aclk (net)
                      0.061891    0.001104    0.356874 ^ _1295_/CLK (sky130_fd_sc_hd__dfxtp_1)
     5    0.020721    0.199345    0.422024    0.778898 ^ _1295_/Q (sky130_fd_sc_hd__dfxtp_1)
                                                         net38 (net)
                      0.199345    0.000415    0.779312 ^ _0833_/A1 (sky130_fd_sc_hd__o221a_1)
     1    0.002160    0.046395    0.205763    0.985076 ^ _0833_/X (sky130_fd_sc_hd__o221a_1)
                                                         _0025_ (net)
                      0.046395    0.000045    0.985121 ^ _1295_/D (sky130_fd_sc_hd__dfxtp_1)
                                              0.985121   data arrival time

                                  0.000000    0.000000   clock aclk (rise edge)
                                  0.000000    0.000000   clock source latency
     1    0.015885    0.077393    0.053115    0.053115 ^ aclk (in)
                                                         aclk (net)
                      0.077407    0.000000    0.053115 ^ clkbuf_0_aclk/A (sky130_fd_sc_hd__clkbuf_16)
     4    0.039251    0.059047    0.152784    0.205898 ^ clkbuf_0_aclk/X (sky130_fd_sc_hd__clkbuf_16)
                                                         clknet_0_aclk (net)
                      0.059084    0.001282    0.207181 ^ clkbuf_2_3__f_aclk/A (sky130_fd_sc_hd__clkbuf_16)
    14    0.042371    0.061866    0.148589    0.355770 ^ clkbuf_2_3__f_aclk/X (sky130_fd_sc_hd__clkbuf_16)
                                                         clknet_2_3__leaf_aclk (net)
                      0.061891    0.001104    0.356874 ^ _1295_/CLK (sky130_fd_sc_hd__dfxtp_1)
                                  0.250000    0.606874   clock uncertainty
                                  0.000000    0.606874   clock reconvergence pessimism
                                 -0.029335    0.577539   library hold time
                                              0.577539   data required time
---------------------------------------------------------------------------------------------
                                              0.577539   data required time
                                             -0.985121   data arrival time
---------------------------------------------------------------------------------------------
                                              0.407582   slack (MET)


Startpoint: _1292_ (rising edge-triggered flip-flop clocked by aclk)
Endpoint: _1292_ (rising edge-triggered flip-flop clocked by aclk)
Path Group: aclk
Path Type: min

Fanout         Cap        Slew       Delay        Time   Description
---------------------------------------------------------------------------------------------
                                  0.000000    0.000000   clock aclk (rise edge)
                                  0.000000    0.000000   clock source latency
     1    0.015885    0.077393    0.053115    0.053115 ^ aclk (in)
                                                         aclk (net)
                      0.077407    0.000000    0.053115 ^ clkbuf_0_aclk/A (sky130_fd_sc_hd__clkbuf_16)
     4    0.039251    0.059047    0.152784    0.205898 ^ clkbuf_0_aclk/X (sky130_fd_sc_hd__clkbuf_16)
                                                         clknet_0_aclk (net)
                      0.059104    0.001559    0.207457 ^ clkbuf_2_1__f_aclk/A (sky130_fd_sc_hd__clkbuf_16)
    12    0.039172    0.058988    0.146161    0.353618 ^ clkbuf_2_1__f_aclk/X (sky130_fd_sc_hd__clkbuf_16)
                                                         clknet_2_1__leaf_aclk (net)
                      0.059028    0.001325    0.354943 ^ _1292_/CLK (sky130_fd_sc_hd__dfxtp_1)
     5    0.014228    0.140823    0.379354    0.734297 ^ _1292_/Q (sky130_fd_sc_hd__dfxtp_1)
                                                         net35 (net)
                      0.140823    0.000375    0.734672 ^ _0810_/A (sky130_fd_sc_hd__or2_1)
     1    0.003150    0.043441    0.122653    0.857325 ^ _0810_/X (sky130_fd_sc_hd__or2_1)
                                                         _0205_ (net)
                      0.043441    0.000073    0.857398 ^ _0811_/B1 (sky130_fd_sc_hd__o211a_1)
     1    0.002033    0.034913    0.129058    0.986456 ^ _0811_/X (sky130_fd_sc_hd__o211a_1)
                                                         _0022_ (net)
                      0.034913    0.000041    0.986497 ^ _1292_/D (sky130_fd_sc_hd__dfxtp_1)
                                              0.986497   data arrival time

                                  0.000000    0.000000   clock aclk (rise edge)
                                  0.000000    0.000000   clock source latency
     1    0.015885    0.077393    0.053115    0.053115 ^ aclk (in)
                                                         aclk (net)
                      0.077407    0.000000    0.053115 ^ clkbuf_0_aclk/A (sky130_fd_sc_hd__clkbuf_16)
     4    0.039251    0.059047    0.152784    0.205898 ^ clkbuf_0_aclk/X (sky130_fd_sc_hd__clkbuf_16)
                                                         clknet_0_aclk (net)
                      0.059104    0.001559    0.207457 ^ clkbuf_2_1__f_aclk/A (sky130_fd_sc_hd__clkbuf_16)
    12    0.039172    0.058988    0.146161    0.353618 ^ clkbuf_2_1__f_aclk/X (sky130_fd_sc_hd__clkbuf_16)
                                                         clknet_2_1__leaf_aclk (net)
                      0.059028    0.001325    0.354943 ^ _1292_/CLK (sky130_fd_sc_hd__dfxtp_1)
                                  0.250000    0.604943   clock uncertainty
                                  0.000000    0.604943   clock reconvergence pessimism
                                 -0.027313    0.577630   library hold time
                                              0.577630   data required time
---------------------------------------------------------------------------------------------
                                              0.577630   data required time
                                             -0.986497   data arrival time
---------------------------------------------------------------------------------------------
                                              0.408868   slack (MET)


Startpoint: _1293_ (rising edge-triggered flip-flop clocked by aclk)
Endpoint: _1293_ (rising edge-triggered flip-flop clocked by aclk)
Path Group: aclk
Path Type: min

Fanout         Cap        Slew       Delay        Time   Description
---------------------------------------------------------------------------------------------
                                  0.000000    0.000000   clock aclk (rise edge)
                                  0.000000    0.000000   clock source latency
     1    0.015885    0.077393    0.053115    0.053115 ^ aclk (in)
                                                         aclk (net)
                      0.077407    0.000000    0.053115 ^ clkbuf_0_aclk/A (sky130_fd_sc_hd__clkbuf_16)
     4    0.039251    0.059047    0.152784    0.205898 ^ clkbuf_0_aclk/X (sky130_fd_sc_hd__clkbuf_16)
                                                         clknet_0_aclk (net)
                      0.059104    0.001559    0.207457 ^ clkbuf_2_1__f_aclk/A (sky130_fd_sc_hd__clkbuf_16)
    12    0.039172    0.058988    0.146161    0.353618 ^ clkbuf_2_1__f_aclk/X (sky130_fd_sc_hd__clkbuf_16)
                                                         clknet_2_1__leaf_aclk (net)
                      0.059034    0.001406    0.355024 ^ _1293_/CLK (sky130_fd_sc_hd__dfxtp_1)
     4    0.014302    0.141484    0.379850    0.734874 ^ _1293_/Q (sky130_fd_sc_hd__dfxtp_1)
                                                         net36 (net)
                      0.141484    0.000309    0.735183 ^ _0815_/A (sky130_fd_sc_hd__or2_1)
     1    0.003465    0.045971    0.124956    0.860139 ^ _0815_/X (sky130_fd_sc_hd__or2_1)
                                                         _0209_ (net)
                      0.045971    0.000087    0.860226 ^ _0816_/B1 (sky130_fd_sc_hd__o211a_1)
     1    0.002229    0.036410    0.131307    0.991533 ^ _0816_/X (sky130_fd_sc_hd__o211a_1)
                                                         _0023_ (net)
                      0.036410    0.000047    0.991580 ^ _1293_/D (sky130_fd_sc_hd__dfxtp_1)
                                              0.991580   data arrival time

                                  0.000000    0.000000   clock aclk (rise edge)
                                  0.000000    0.000000   clock source latency
     1    0.015885    0.077393    0.053115    0.053115 ^ aclk (in)
                                                         aclk (net)
                      0.077407    0.000000    0.053115 ^ clkbuf_0_aclk/A (sky130_fd_sc_hd__clkbuf_16)
     4    0.039251    0.059047    0.152784    0.205898 ^ clkbuf_0_aclk/X (sky130_fd_sc_hd__clkbuf_16)
                                                         clknet_0_aclk (net)
                      0.059104    0.001559    0.207457 ^ clkbuf_2_1__f_aclk/A (sky130_fd_sc_hd__clkbuf_16)
    12    0.039172    0.058988    0.146161    0.353618 ^ clkbuf_2_1__f_aclk/X (sky130_fd_sc_hd__clkbuf_16)
                                                         clknet_2_1__leaf_aclk (net)
                      0.059034    0.001406    0.355024 ^ _1293_/CLK (sky130_fd_sc_hd__dfxtp_1)
                                  0.250000    0.605024   clock uncertainty
                                  0.000000    0.605024   clock reconvergence pessimism
                                 -0.027625    0.577399   library hold time
                                              0.577399   data required time
---------------------------------------------------------------------------------------------
                                              0.577399   data required time
                                             -0.991580   data arrival time
---------------------------------------------------------------------------------------------
                                              0.414181   slack (MET)


Startpoint: _1291_ (rising edge-triggered flip-flop clocked by aclk)
Endpoint: _1291_ (rising edge-triggered flip-flop clocked by aclk)
Path Group: aclk
Path Type: min

Fanout         Cap        Slew       Delay        Time   Description
---------------------------------------------------------------------------------------------
                                  0.000000    0.000000   clock aclk (rise edge)
                                  0.000000    0.000000   clock source latency
     1    0.015885    0.077393    0.053115    0.053115 ^ aclk (in)
                                                         aclk (net)
                      0.077407    0.000000    0.053115 ^ clkbuf_0_aclk/A (sky130_fd_sc_hd__clkbuf_16)
     4    0.039251    0.059047    0.152784    0.205898 ^ clkbuf_0_aclk/X (sky130_fd_sc_hd__clkbuf_16)
                                                         clknet_0_aclk (net)
                      0.059104    0.001559    0.207457 ^ clkbuf_2_1__f_aclk/A (sky130_fd_sc_hd__clkbuf_16)
    12    0.039172    0.058988    0.146161    0.353618 ^ clkbuf_2_1__f_aclk/X (sky130_fd_sc_hd__clkbuf_16)
                                                         clknet_2_1__leaf_aclk (net)
                      0.059020    0.001200    0.354818 ^ _1291_/CLK (sky130_fd_sc_hd__dfxtp_1)
     5    0.022107    0.211822    0.429884    0.784702 ^ _1291_/Q (sky130_fd_sc_hd__dfxtp_1)
                                                         net34 (net)
                      0.211822    0.000438    0.785140 ^ _0803_/A1 (sky130_fd_sc_hd__o221a_1)
     1    0.002581    0.050001    0.212225    0.997365 ^ _0803_/X (sky130_fd_sc_hd__o221a_1)
                                                         _0021_ (net)
                      0.050001    0.000059    0.997424 ^ _1291_/D (sky130_fd_sc_hd__dfxtp_1)
                                              0.997424   data arrival time

                                  0.000000    0.000000   clock aclk (rise edge)
                                  0.000000    0.000000   clock source latency
     1    0.015885    0.077393    0.053115    0.053115 ^ aclk (in)
                                                         aclk (net)
                      0.077407    0.000000    0.053115 ^ clkbuf_0_aclk/A (sky130_fd_sc_hd__clkbuf_16)
     4    0.039251    0.059047    0.152784    0.205898 ^ clkbuf_0_aclk/X (sky130_fd_sc_hd__clkbuf_16)
                                                         clknet_0_aclk (net)
                      0.059104    0.001559    0.207457 ^ clkbuf_2_1__f_aclk/A (sky130_fd_sc_hd__clkbuf_16)
    12    0.039172    0.058988    0.146161    0.353618 ^ clkbuf_2_1__f_aclk/X (sky130_fd_sc_hd__clkbuf_16)
                                                         clknet_2_1__leaf_aclk (net)
                      0.059020    0.001200    0.354818 ^ _1291_/CLK (sky130_fd_sc_hd__dfxtp_1)
                                  0.250000    0.604818   clock uncertainty
                                  0.000000    0.604818   clock reconvergence pessimism
                                 -0.030467    0.574351   library hold time
                                              0.574351   data required time
---------------------------------------------------------------------------------------------
                                              0.574351   data required time
                                             -0.997424   data arrival time
---------------------------------------------------------------------------------------------
                                              0.423074   slack (MET)


Startpoint: _1271_ (rising edge-triggered flip-flop clocked by aclk)
Endpoint: _1271_ (rising edge-triggered flip-flop clocked by aclk)
Path Group: aclk
Path Type: min

Fanout         Cap        Slew       Delay        Time   Description
---------------------------------------------------------------------------------------------
                                  0.000000    0.000000   clock aclk (rise edge)
                                  0.000000    0.000000   clock source latency
     1    0.015885    0.077393    0.053115    0.053115 ^ aclk (in)
                                                         aclk (net)
                      0.077407    0.000000    0.053115 ^ clkbuf_0_aclk/A (sky130_fd_sc_hd__clkbuf_16)
     4    0.039251    0.059047    0.152784    0.205898 ^ clkbuf_0_aclk/X (sky130_fd_sc_hd__clkbuf_16)
                                                         clknet_0_aclk (net)
                      0.059081    0.001250    0.207149 ^ clkbuf_2_2__f_aclk/A (sky130_fd_sc_hd__clkbuf_16)
    14    0.040750    0.060360    0.147111    0.354259 ^ clkbuf_2_2__f_aclk/X (sky130_fd_sc_hd__clkbuf_16)
                                                         clknet_2_2__leaf_aclk (net)
                      0.060401    0.001388    0.355648 ^ _1271_/CLK (sky130_fd_sc_hd__dfxtp_1)
     4    0.015537    0.152602    0.388278    0.743926 ^ _1271_/Q (sky130_fd_sc_hd__dfxtp_1)
                                                         net32 (net)
                      0.152602    0.000323    0.744248 ^ _0645_/A (sky130_fd_sc_hd__or2_1)
     1    0.003648    0.047053    0.128441    0.872689 ^ _0645_/X (sky130_fd_sc_hd__or2_1)
                                                         _0061_ (net)
                      0.047053    0.000124    0.872813 ^ _0646_/B1 (sky130_fd_sc_hd__o211a_1)
     1    0.002018    0.034826    0.129972    1.002785 ^ _0646_/X (sky130_fd_sc_hd__o211a_1)
                                                         _0001_ (net)
                      0.034826    0.000041    1.002826 ^ _1271_/D (sky130_fd_sc_hd__dfxtp_1)
                                              1.002826   data arrival time

                                  0.000000    0.000000   clock aclk (rise edge)
                                  0.000000    0.000000   clock source latency
     1    0.015885    0.077393    0.053115    0.053115 ^ aclk (in)
                                                         aclk (net)
                      0.077407    0.000000    0.053115 ^ clkbuf_0_aclk/A (sky130_fd_sc_hd__clkbuf_16)
     4    0.039251    0.059047    0.152784    0.205898 ^ clkbuf_0_aclk/X (sky130_fd_sc_hd__clkbuf_16)
                                                         clknet_0_aclk (net)
                      0.059081    0.001250    0.207149 ^ clkbuf_2_2__f_aclk/A (sky130_fd_sc_hd__clkbuf_16)
    14    0.040750    0.060360    0.147111    0.354259 ^ clkbuf_2_2__f_aclk/X (sky130_fd_sc_hd__clkbuf_16)
                                                         clknet_2_2__leaf_aclk (net)
                      0.060401    0.001388    0.355648 ^ _1271_/CLK (sky130_fd_sc_hd__dfxtp_1)
                                  0.250000    0.605648   clock uncertainty
                                  0.000000    0.605648   clock reconvergence pessimism
                                 -0.027114    0.578534   library hold time
                                              0.578534   data required time
---------------------------------------------------------------------------------------------
                                              0.578534   data required time
                                             -1.002826   data arrival time
---------------------------------------------------------------------------------------------
                                              0.424293   slack (MET)


Startpoint: _1275_ (rising edge-triggered flip-flop clocked by aclk)
Endpoint: _1275_ (rising edge-triggered flip-flop clocked by aclk)
Path Group: aclk
Path Type: min

Fanout         Cap        Slew       Delay        Time   Description
---------------------------------------------------------------------------------------------
                                  0.000000    0.000000   clock aclk (rise edge)
                                  0.000000    0.000000   clock source latency
     1    0.015885    0.077393    0.053115    0.053115 ^ aclk (in)
                                                         aclk (net)
                      0.077407    0.000000    0.053115 ^ clkbuf_0_aclk/A (sky130_fd_sc_hd__clkbuf_16)
     4    0.039251    0.059047    0.152784    0.205898 ^ clkbuf_0_aclk/X (sky130_fd_sc_hd__clkbuf_16)
                                                         clknet_0_aclk (net)
                      0.059084    0.001282    0.207181 ^ clkbuf_2_3__f_aclk/A (sky130_fd_sc_hd__clkbuf_16)
    14    0.042371    0.061866    0.148589    0.355770 ^ clkbuf_2_3__f_aclk/X (sky130_fd_sc_hd__clkbuf_16)
                                                         clknet_2_3__leaf_aclk (net)
                      0.061889    0.001069    0.356839 ^ _1275_/CLK (sky130_fd_sc_hd__dfxtp_1)
     5    0.012838    0.128331    0.371487    0.728325 ^ _1275_/Q (sky130_fd_sc_hd__dfxtp_1)
                                                         net48 (net)
                      0.128331    0.000373    0.728698 ^ _0673_/A (sky130_fd_sc_hd__or2_1)
     1    0.003748    0.048146    0.124023    0.852721 ^ _0673_/X (sky130_fd_sc_hd__or2_1)
                                                         _0085_ (net)
                      0.048146    0.000128    0.852849 ^ _0674_/B1 (sky130_fd_sc_hd__o311a_1)
     1    0.003290    0.050135    0.154725    1.007574 ^ _0674_/X (sky130_fd_sc_hd__o311a_1)
                                                         _0005_ (net)
                      0.050135    0.000088    1.007662 ^ _1275_/D (sky130_fd_sc_hd__dfxtp_1)
                                              1.007662   data arrival time

                                  0.000000    0.000000   clock aclk (rise edge)
                                  0.000000    0.000000   clock source latency
     1    0.015885    0.077393    0.053115    0.053115 ^ aclk (in)
                                                         aclk (net)
                      0.077407    0.000000    0.053115 ^ clkbuf_0_aclk/A (sky130_fd_sc_hd__clkbuf_16)
     4    0.039251    0.059047    0.152784    0.205898 ^ clkbuf_0_aclk/X (sky130_fd_sc_hd__clkbuf_16)
                                                         clknet_0_aclk (net)
                      0.059084    0.001282    0.207181 ^ clkbuf_2_3__f_aclk/A (sky130_fd_sc_hd__clkbuf_16)
    14    0.042371    0.061866    0.148589    0.355770 ^ clkbuf_2_3__f_aclk/X (sky130_fd_sc_hd__clkbuf_16)
                                                         clknet_2_3__leaf_aclk (net)
                      0.061889    0.001069    0.356839 ^ _1275_/CLK (sky130_fd_sc_hd__dfxtp_1)
                                  0.250000    0.606839   clock uncertainty
                                  0.000000    0.606839   clock reconvergence pessimism
                                 -0.030116    0.576722   library hold time
                                              0.576722   data required time
---------------------------------------------------------------------------------------------
                                              0.576722   data required time
                                             -1.007662   data arrival time
---------------------------------------------------------------------------------------------
                                              0.430940   slack (MET)


Startpoint: _1317_ (rising edge-triggered flip-flop clocked by aclk)
Endpoint: _1317_ (rising edge-triggered flip-flop clocked by aclk)
Path Group: aclk
Path Type: min

Fanout         Cap        Slew       Delay        Time   Description
---------------------------------------------------------------------------------------------
                                  0.000000    0.000000   clock aclk (rise edge)
                                  0.000000    0.000000   clock source latency
     1    0.015885    0.077393    0.053115    0.053115 ^ aclk (in)
                                                         aclk (net)
                      0.077407    0.000000    0.053115 ^ clkbuf_0_aclk/A (sky130_fd_sc_hd__clkbuf_16)
     4    0.039251    0.059047    0.152784    0.205898 ^ clkbuf_0_aclk/X (sky130_fd_sc_hd__clkbuf_16)
                                                         clknet_0_aclk (net)
                      0.059099    0.001496    0.207395 ^ clkbuf_2_0__f_aclk/A (sky130_fd_sc_hd__clkbuf_16)
    14    0.041031    0.060606    0.147314    0.354709 ^ clkbuf_2_0__f_aclk/X (sky130_fd_sc_hd__clkbuf_16)
                                                         clknet_2_0__leaf_aclk (net)
                      0.060680    0.001804    0.356513 ^ _1317_/CLK (sky130_fd_sc_hd__dfxtp_1)
     1    0.004118    0.051562    0.314322    0.670835 ^ _1317_/Q (sky130_fd_sc_hd__dfxtp_1)
                                                         cnn_mac_wrapper.core_inst.product[15] (net)
                      0.051562    0.000157    0.670991 ^ fanout61/A (sky130_fd_sc_hd__clkbuf_2)
     5    0.024445    0.137940    0.172872    0.843864 ^ fanout61/X (sky130_fd_sc_hd__clkbuf_2)
                                                         net61 (net)
                      0.137942    0.000461    0.844325 ^ _1261_/A1 (sky130_fd_sc_hd__o211a_1)
     1    0.002657    0.040325    0.166715    1.011040 ^ _1261_/X (sky130_fd_sc_hd__o211a_1)
                                                         _0047_ (net)
                      0.040325    0.000063    1.011103 ^ _1317_/D (sky130_fd_sc_hd__dfxtp_1)
                                              1.011103   data arrival time

                                  0.000000    0.000000   clock aclk (rise edge)
                                  0.000000    0.000000   clock source latency
     1    0.015885    0.077393    0.053115    0.053115 ^ aclk (in)
                                                         aclk (net)
                      0.077407    0.000000    0.053115 ^ clkbuf_0_aclk/A (sky130_fd_sc_hd__clkbuf_16)
     4    0.039251    0.059047    0.152784    0.205898 ^ clkbuf_0_aclk/X (sky130_fd_sc_hd__clkbuf_16)
                                                         clknet_0_aclk (net)
                      0.059099    0.001496    0.207395 ^ clkbuf_2_0__f_aclk/A (sky130_fd_sc_hd__clkbuf_16)
    14    0.041031    0.060606    0.147314    0.354709 ^ clkbuf_2_0__f_aclk/X (sky130_fd_sc_hd__clkbuf_16)
                                                         clknet_2_0__leaf_aclk (net)
                      0.060680    0.001804    0.356513 ^ _1317_/CLK (sky130_fd_sc_hd__dfxtp_1)
                                  0.250000    0.606513   clock uncertainty
                                  0.000000    0.606513   clock reconvergence pessimism
                                 -0.028226    0.578287   library hold time
                                              0.578287   data required time
---------------------------------------------------------------------------------------------
                                              0.578287   data required time
                                             -1.011103   data arrival time
---------------------------------------------------------------------------------------------
                                              0.432816   slack (MET)


Startpoint: _1297_ (rising edge-triggered flip-flop clocked by aclk)
Endpoint: _1297_ (rising edge-triggered flip-flop clocked by aclk)
Path Group: aclk
Path Type: min

Fanout         Cap        Slew       Delay        Time   Description
---------------------------------------------------------------------------------------------
                                  0.000000    0.000000   clock aclk (rise edge)
                                  0.000000    0.000000   clock source latency
     1    0.015885    0.077393    0.053115    0.053115 ^ aclk (in)
                                                         aclk (net)
                      0.077407    0.000000    0.053115 ^ clkbuf_0_aclk/A (sky130_fd_sc_hd__clkbuf_16)
     4    0.039251    0.059047    0.152784    0.205898 ^ clkbuf_0_aclk/X (sky130_fd_sc_hd__clkbuf_16)
                                                         clknet_0_aclk (net)
                      0.059084    0.001282    0.207181 ^ clkbuf_2_3__f_aclk/A (sky130_fd_sc_hd__clkbuf_16)
    14    0.042371    0.061866    0.148589    0.355770 ^ clkbuf_2_3__f_aclk/X (sky130_fd_sc_hd__clkbuf_16)
                                                         clknet_2_3__leaf_aclk (net)
                      0.061885    0.000985    0.356755 ^ _1297_/CLK (sky130_fd_sc_hd__dfxtp_1)
     4    0.014323    0.141685    0.381031    0.737786 ^ _1297_/Q (sky130_fd_sc_hd__dfxtp_1)
                                                         net40 (net)
                      0.141685    0.000328    0.738114 ^ _0847_/A (sky130_fd_sc_hd__or2_1)
     1    0.004134    0.051570    0.129277    0.867390 ^ _0847_/X (sky130_fd_sc_hd__or2_1)
                                                         _0237_ (net)
                      0.051570    0.000150    0.867541 ^ _0848_/B1 (sky130_fd_sc_hd__o311a_1)
     1    0.003209    0.049393    0.154984    1.022525 ^ _0848_/X (sky130_fd_sc_hd__o311a_1)
                                                         _0027_ (net)
                      0.049393    0.000106    1.022630 ^ _1297_/D (sky130_fd_sc_hd__dfxtp_1)
                                              1.022630   data arrival time

                                  0.000000    0.000000   clock aclk (rise edge)
                                  0.000000    0.000000   clock source latency
     1    0.015885    0.077393    0.053115    0.053115 ^ aclk (in)
                                                         aclk (net)
                      0.077407    0.000000    0.053115 ^ clkbuf_0_aclk/A (sky130_fd_sc_hd__clkbuf_16)
     4    0.039251    0.059047    0.152784    0.205898 ^ clkbuf_0_aclk/X (sky130_fd_sc_hd__clkbuf_16)
                                                         clknet_0_aclk (net)
                      0.059084    0.001282    0.207181 ^ clkbuf_2_3__f_aclk/A (sky130_fd_sc_hd__clkbuf_16)
    14    0.042371    0.061866    0.148589    0.355770 ^ clkbuf_2_3__f_aclk/X (sky130_fd_sc_hd__clkbuf_16)
                                                         clknet_2_3__leaf_aclk (net)
                      0.061885    0.000985    0.356755 ^ _1297_/CLK (sky130_fd_sc_hd__dfxtp_1)
                                  0.250000    0.606755   clock uncertainty
                                  0.000000    0.606755   clock reconvergence pessimism
                                 -0.029962    0.576793   library hold time
                                              0.576793   data required time
---------------------------------------------------------------------------------------------
                                              0.576793   data required time
                                             -1.022630   data arrival time
---------------------------------------------------------------------------------------------
                                              0.445838   slack (MET)


Startpoint: _1287_ (rising edge-triggered flip-flop clocked by aclk)
Endpoint: _1287_ (rising edge-triggered flip-flop clocked by aclk)
Path Group: aclk
Path Type: min

Fanout         Cap        Slew       Delay        Time   Description
---------------------------------------------------------------------------------------------
                                  0.000000    0.000000   clock aclk (rise edge)
                                  0.000000    0.000000   clock source latency
     1    0.015885    0.077393    0.053115    0.053115 ^ aclk (in)
                                                         aclk (net)
                      0.077407    0.000000    0.053115 ^ clkbuf_0_aclk/A (sky130_fd_sc_hd__clkbuf_16)
     4    0.039251    0.059047    0.152784    0.205898 ^ clkbuf_0_aclk/X (sky130_fd_sc_hd__clkbuf_16)
                                                         clknet_0_aclk (net)
                      0.059104    0.001559    0.207457 ^ clkbuf_2_1__f_aclk/A (sky130_fd_sc_hd__clkbuf_16)
    12    0.039172    0.058988    0.146161    0.353618 ^ clkbuf_2_1__f_aclk/X (sky130_fd_sc_hd__clkbuf_16)
                                                         clknet_2_1__leaf_aclk (net)
                      0.059001    0.000854    0.354471 ^ _1287_/CLK (sky130_fd_sc_hd__dfxtp_1)
     5    0.018633    0.180493    0.407607    0.762078 ^ _1287_/Q (sky130_fd_sc_hd__dfxtp_1)
                                                         net29 (net)
                      0.180493    0.000238    0.762316 ^ _0770_/A (sky130_fd_sc_hd__or2_1)
     1    0.003930    0.050171    0.136074    0.898390 ^ _0770_/X (sky130_fd_sc_hd__or2_1)
                                                         _0170_ (net)
                      0.050171    0.000109    0.898499 ^ _0771_/B1 (sky130_fd_sc_hd__o211a_1)
     1    0.002596    0.039001    0.135355    1.033855 ^ _0771_/X (sky130_fd_sc_hd__o211a_1)
                                                         _0017_ (net)
                      0.039001    0.000059    1.033914 ^ _1287_/D (sky130_fd_sc_hd__dfxtp_1)
                                              1.033914   data arrival time

                                  0.000000    0.000000   clock aclk (rise edge)
                                  0.000000    0.000000   clock source latency
     1    0.015885    0.077393    0.053115    0.053115 ^ aclk (in)
                                                         aclk (net)
                      0.077407    0.000000    0.053115 ^ clkbuf_0_aclk/A (sky130_fd_sc_hd__clkbuf_16)
     4    0.039251    0.059047    0.152784    0.205898 ^ clkbuf_0_aclk/X (sky130_fd_sc_hd__clkbuf_16)
                                                         clknet_0_aclk (net)
                      0.059104    0.001559    0.207457 ^ clkbuf_2_1__f_aclk/A (sky130_fd_sc_hd__clkbuf_16)
    12    0.039172    0.058988    0.146161    0.353618 ^ clkbuf_2_1__f_aclk/X (sky130_fd_sc_hd__clkbuf_16)
                                                         clknet_2_1__leaf_aclk (net)
                      0.059001    0.000854    0.354471 ^ _1287_/CLK (sky130_fd_sc_hd__dfxtp_1)
                                  0.250000    0.604471   clock uncertainty
                                  0.000000    0.604471   clock reconvergence pessimism
                                 -0.028171    0.576301   library hold time
                                              0.576301   data required time
---------------------------------------------------------------------------------------------
                                              0.576301   data required time
                                             -1.033914   data arrival time
---------------------------------------------------------------------------------------------
                                              0.457613   slack (MET)


Startpoint: _1301_ (rising edge-triggered flip-flop clocked by aclk)
Endpoint: _1301_ (rising edge-triggered flip-flop clocked by aclk)
Path Group: aclk
Path Type: min

Fanout         Cap        Slew       Delay        Time   Description
---------------------------------------------------------------------------------------------
                                  0.000000    0.000000   clock aclk (rise edge)
                                  0.000000    0.000000   clock source latency
     1    0.015885    0.077393    0.053115    0.053115 ^ aclk (in)
                                                         aclk (net)
                      0.077407    0.000000    0.053115 ^ clkbuf_0_aclk/A (sky130_fd_sc_hd__clkbuf_16)
     4    0.039251    0.059047    0.152784    0.205898 ^ clkbuf_0_aclk/X (sky130_fd_sc_hd__clkbuf_16)
                                                         clknet_0_aclk (net)
                      0.059084    0.001282    0.207181 ^ clkbuf_2_3__f_aclk/A (sky130_fd_sc_hd__clkbuf_16)
    14    0.042371    0.061866    0.148589    0.355770 ^ clkbuf_2_3__f_aclk/X (sky130_fd_sc_hd__clkbuf_16)
                                                         clknet_2_3__leaf_aclk (net)
                      0.061890    0.001085    0.356854 ^ _1301_/CLK (sky130_fd_sc_hd__dfxtp_1)
     4    0.008694    0.050578    0.321718    0.678573 v _1301_/Q (sky130_fd_sc_hd__dfxtp_1)
                                                         net45 (net)
                      0.050643    0.000160    0.678732 v _0872_/B (sky130_fd_sc_hd__nand2_1)
     2    0.006226    0.069735    0.084935    0.763668 ^ _0872_/Y (sky130_fd_sc_hd__nand2_1)
                                                         _0258_ (net)
                      0.069735    0.000130    0.763798 ^ _0873_/A2 (sky130_fd_sc_hd__a21oi_1)
     1    0.003251    0.043643    0.068165    0.831962 v _0873_/Y (sky130_fd_sc_hd__a21oi_1)
                                                         _0259_ (net)
                      0.043643    0.000080    0.832042 v _0875_/B1 (sky130_fd_sc_hd__o221a_1)
     1    0.002261    0.030695    0.212727    1.044769 v _0875_/X (sky130_fd_sc_hd__o221a_1)
                                                         _0031_ (net)
                      0.030696    0.000049    1.044818 v _1301_/D (sky130_fd_sc_hd__dfxtp_1)
                                              1.044818   data arrival time

                                  0.000000    0.000000   clock aclk (rise edge)
                                  0.000000    0.000000   clock source latency
     1    0.015885    0.077393    0.053115    0.053115 ^ aclk (in)
                                                         aclk (net)
                      0.077407    0.000000    0.053115 ^ clkbuf_0_aclk/A (sky130_fd_sc_hd__clkbuf_16)
     4    0.039251    0.059047    0.152784    0.205898 ^ clkbuf_0_aclk/X (sky130_fd_sc_hd__clkbuf_16)
                                                         clknet_0_aclk (net)
                      0.059084    0.001282    0.207181 ^ clkbuf_2_3__f_aclk/A (sky130_fd_sc_hd__clkbuf_16)
    14    0.042371    0.061866    0.148589    0.355770 ^ clkbuf_2_3__f_aclk/X (sky130_fd_sc_hd__clkbuf_16)
                                                         clknet_2_3__leaf_aclk (net)
                      0.061890    0.001085    0.356854 ^ _1301_/CLK (sky130_fd_sc_hd__dfxtp_1)
                                  0.250000    0.606854   clock uncertainty
                                  0.000000    0.606854   clock reconvergence pessimism
                                 -0.043766    0.563089   library hold time
                                              0.563089   data required time
---------------------------------------------------------------------------------------------
                                              0.563089   data required time
                                             -1.044818   data arrival time
---------------------------------------------------------------------------------------------
                                              0.481729   slack (MET)


Startpoint: _1305_ (rising edge-triggered flip-flop clocked by aclk)
Endpoint: _1273_ (rising edge-triggered flip-flop clocked by aclk)
Path Group: aclk
Path Type: min

Fanout         Cap        Slew       Delay        Time   Description
---------------------------------------------------------------------------------------------
                                  0.000000    0.000000   clock aclk (rise edge)
                                  0.000000    0.000000   clock source latency
     1    0.015885    0.077393    0.053115    0.053115 ^ aclk (in)
                                                         aclk (net)
                      0.077407    0.000000    0.053115 ^ clkbuf_0_aclk/A (sky130_fd_sc_hd__clkbuf_16)
     4    0.039251    0.059047    0.152784    0.205898 ^ clkbuf_0_aclk/X (sky130_fd_sc_hd__clkbuf_16)
                                                         clknet_0_aclk (net)
                      0.059081    0.001250    0.207149 ^ clkbuf_2_2__f_aclk/A (sky130_fd_sc_hd__clkbuf_16)
    14    0.040750    0.060360    0.147111    0.354259 ^ clkbuf_2_2__f_aclk/X (sky130_fd_sc_hd__clkbuf_16)
                                                         clknet_2_2__leaf_aclk (net)
                      0.060450    0.001963    0.356222 ^ _1305_/CLK (sky130_fd_sc_hd__dfxtp_1)
     3    0.006256    0.040837    0.311296    0.667518 v _1305_/Q (sky130_fd_sc_hd__dfxtp_1)
                                                         cnn_mac_wrapper.core_inst.product[3] (net)
                      0.040837    0.000094    0.667613 v _0654_/A (sky130_fd_sc_hd__nand2_1)
     3    0.008019    0.081742    0.084836    0.752449 ^ _0654_/Y (sky130_fd_sc_hd__nand2_1)
                                                         _0068_ (net)
                      0.081742    0.000131    0.752580 ^ _0658_/A1 (sky130_fd_sc_hd__a21oi_1)
     1    0.004202    0.038662    0.073473    0.826054 v _0658_/Y (sky130_fd_sc_hd__a21oi_1)
                                                         _0072_ (net)
                      0.038663    0.000152    0.826206 v _0659_/A2 (sky130_fd_sc_hd__o21ai_1)
     1    0.003722    0.090026    0.120647    0.946853 ^ _0659_/Y (sky130_fd_sc_hd__o21ai_1)
                                                         _0073_ (net)
                      0.090026    0.000129    0.946981 ^ _0660_/B1 (sky130_fd_sc_hd__o211a_1)
     1    0.001996    0.035641    0.142026    1.089008 ^ _0660_/X (sky130_fd_sc_hd__o211a_1)
                                                         _0003_ (net)
                      0.035641    0.000040    1.089048 ^ _1273_/D (sky130_fd_sc_hd__dfxtp_1)
                                              1.089048   data arrival time

                                  0.000000    0.000000   clock aclk (rise edge)
                                  0.000000    0.000000   clock source latency
     1    0.015885    0.077393    0.053115    0.053115 ^ aclk (in)
                                                         aclk (net)
                      0.077407    0.000000    0.053115 ^ clkbuf_0_aclk/A (sky130_fd_sc_hd__clkbuf_16)
     4    0.039251    0.059047    0.152784    0.205898 ^ clkbuf_0_aclk/X (sky130_fd_sc_hd__clkbuf_16)
                                                         clknet_0_aclk (net)
                      0.059081    0.001250    0.207149 ^ clkbuf_2_2__f_aclk/A (sky130_fd_sc_hd__clkbuf_16)
    14    0.040750    0.060360    0.147111    0.354259 ^ clkbuf_2_2__f_aclk/X (sky130_fd_sc_hd__clkbuf_16)
                                                         clknet_2_2__leaf_aclk (net)
                      0.060441    0.001868    0.356127 ^ _1273_/CLK (sky130_fd_sc_hd__dfxtp_1)
                                  0.250000    0.606127   clock uncertainty
                                  0.000000    0.606127   clock reconvergence pessimism
                                 -0.027279    0.578848   library hold time
                                              0.578848   data required time
---------------------------------------------------------------------------------------------
                                              0.578848   data required time
                                             -1.089048   data arrival time
---------------------------------------------------------------------------------------------
                                              0.510200   slack (MET)


Startpoint: _1304_ (rising edge-triggered flip-flop clocked by aclk)
Endpoint: _1272_ (rising edge-triggered flip-flop clocked by aclk)
Path Group: aclk
Path Type: min

Fanout         Cap        Slew       Delay        Time   Description
---------------------------------------------------------------------------------------------
                                  0.000000    0.000000   clock aclk (rise edge)
                                  0.000000    0.000000   clock source latency
     1    0.015885    0.077393    0.053115    0.053115 ^ aclk (in)
                                                         aclk (net)
                      0.077407    0.000000    0.053115 ^ clkbuf_0_aclk/A (sky130_fd_sc_hd__clkbuf_16)
     4    0.039251    0.059047    0.152784    0.205898 ^ clkbuf_0_aclk/X (sky130_fd_sc_hd__clkbuf_16)
                                                         clknet_0_aclk (net)
                      0.059081    0.001250    0.207149 ^ clkbuf_2_2__f_aclk/A (sky130_fd_sc_hd__clkbuf_16)
    14    0.040750    0.060360    0.147111    0.354259 ^ clkbuf_2_2__f_aclk/X (sky130_fd_sc_hd__clkbuf_16)
                                                         clknet_2_2__leaf_aclk (net)
                      0.060455    0.002020    0.356280 ^ _1304_/CLK (sky130_fd_sc_hd__dfxtp_1)
     3    0.007494    0.046177    0.316302    0.672582 v _1304_/Q (sky130_fd_sc_hd__dfxtp_1)
                                                         cnn_mac_wrapper.core_inst.product[2] (net)
                      0.046177    0.000144    0.672726 v _0647_/A (sky130_fd_sc_hd__nand2_1)
     3    0.008011    0.081688    0.087001    0.759727 ^ _0647_/Y (sky130_fd_sc_hd__nand2_1)
                                                         _0062_ (net)
                      0.081689    0.000201    0.759928 ^ _0651_/A1 (sky130_fd_sc_hd__a21oi_1)
     1    0.004255    0.043824    0.073751    0.833679 v _0651_/Y (sky130_fd_sc_hd__a21oi_1)
                                                         _0066_ (net)
                      0.043824    0.000158    0.833837 v _0652_/A2 (sky130_fd_sc_hd__o21ai_1)
     1    0.004293    0.096141    0.129988    0.963825 ^ _0652_/Y (sky130_fd_sc_hd__o21ai_1)
                                                         _0067_ (net)
                      0.096141    0.000163    0.963988 ^ _0653_/B1 (sky130_fd_sc_hd__o211a_1)
     1    0.002719    0.040673    0.149350    1.113338 ^ _0653_/X (sky130_fd_sc_hd__o211a_1)
                                                         _0002_ (net)
                      0.040673    0.000084    1.113422 ^ _1272_/D (sky130_fd_sc_hd__dfxtp_1)
                                              1.113422   data arrival time

                                  0.000000    0.000000   clock aclk (rise edge)
                                  0.000000    0.000000   clock source latency
     1    0.015885    0.077393    0.053115    0.053115 ^ aclk (in)
                                                         aclk (net)
                      0.077407    0.000000    0.053115 ^ clkbuf_0_aclk/A (sky130_fd_sc_hd__clkbuf_16)
     4    0.039251    0.059047    0.152784    0.205898 ^ clkbuf_0_aclk/X (sky130_fd_sc_hd__clkbuf_16)
                                                         clknet_0_aclk (net)
                      0.059081    0.001250    0.207149 ^ clkbuf_2_2__f_aclk/A (sky130_fd_sc_hd__clkbuf_16)
    14    0.040750    0.060360    0.147111    0.354259 ^ clkbuf_2_2__f_aclk/X (sky130_fd_sc_hd__clkbuf_16)
                                                         clknet_2_2__leaf_aclk (net)
                      0.060453    0.001992    0.356252 ^ _1272_/CLK (sky130_fd_sc_hd__dfxtp_1)
                                  0.250000    0.606252   clock uncertainty
                                  0.000000    0.606252   clock reconvergence pessimism
                                 -0.028329    0.577923   library hold time
                                              0.577923   data required time
---------------------------------------------------------------------------------------------
                                              0.577923   data required time
                                             -1.113422   data arrival time
---------------------------------------------------------------------------------------------
                                              0.535500   slack (MET)


Startpoint: _1311_ (rising edge-triggered flip-flop clocked by aclk)
Endpoint: _1279_ (rising edge-triggered flip-flop clocked by aclk)
Path Group: aclk
Path Type: min

Fanout         Cap        Slew       Delay        Time   Description
---------------------------------------------------------------------------------------------
                                  0.000000    0.000000   clock aclk (rise edge)
                                  0.000000    0.000000   clock source latency
     1    0.015885    0.077393    0.053115    0.053115 ^ aclk (in)
                                                         aclk (net)
                      0.077407    0.000000    0.053115 ^ clkbuf_0_aclk/A (sky130_fd_sc_hd__clkbuf_16)
     4    0.039251    0.059047    0.152784    0.205898 ^ clkbuf_0_aclk/X (sky130_fd_sc_hd__clkbuf_16)
                                                         clknet_0_aclk (net)
                      0.059081    0.001250    0.207149 ^ clkbuf_2_2__f_aclk/A (sky130_fd_sc_hd__clkbuf_16)
    14    0.040750    0.060360    0.147111    0.354259 ^ clkbuf_2_2__f_aclk/X (sky130_fd_sc_hd__clkbuf_16)
                                                         clknet_2_2__leaf_aclk (net)
                      0.060378    0.001023    0.355283 ^ _1311_/CLK (sky130_fd_sc_hd__dfxtp_1)
     3    0.007908    0.048094    0.317891    0.673174 v _1311_/Q (sky130_fd_sc_hd__dfxtp_1)
                                                         cnn_mac_wrapper.core_inst.product[9] (net)
                      0.048094    0.000248    0.673421 v _0698_/A (sky130_fd_sc_hd__nand2_1)
     2    0.006400    0.067684    0.077630    0.751051 ^ _0698_/Y (sky130_fd_sc_hd__nand2_1)
                                                         _0106_ (net)
                      0.067707    0.000163    0.751215 ^ _0699_/B (sky130_fd_sc_hd__and2b_1)
     3    0.008603    0.088639    0.157081    0.908296 ^ _0699_/X (sky130_fd_sc_hd__and2b_1)
                                                         _0107_ (net)
                      0.088639    0.000263    0.908558 ^ _0702_/A1 (sky130_fd_sc_hd__a21o_1)
     1    0.002707    0.034770    0.111599    1.020158 ^ _0702_/X (sky130_fd_sc_hd__a21o_1)
                                                         _0110_ (net)
                      0.034770    0.000056    1.020214 ^ _0703_/B1 (sky130_fd_sc_hd__o211a_1)
     1    0.002031    0.035748    0.126566    1.146780 ^ _0703_/X (sky130_fd_sc_hd__o211a_1)
                                                         _0009_ (net)
                      0.035748    0.000042    1.146823 ^ _1279_/D (sky130_fd_sc_hd__dfxtp_1)
                                              1.146823   data arrival time

                                  0.000000    0.000000   clock aclk (rise edge)
                                  0.000000    0.000000   clock source latency
     1    0.015885    0.077393    0.053115    0.053115 ^ aclk (in)
                                                         aclk (net)
                      0.077407    0.000000    0.053115 ^ clkbuf_0_aclk/A (sky130_fd_sc_hd__clkbuf_16)
     4    0.039251    0.059047    0.152784    0.205898 ^ clkbuf_0_aclk/X (sky130_fd_sc_hd__clkbuf_16)
                                                         clknet_0_aclk (net)
                      0.059084    0.001282    0.207181 ^ clkbuf_2_3__f_aclk/A (sky130_fd_sc_hd__clkbuf_16)
    14    0.042371    0.061866    0.148589    0.355770 ^ clkbuf_2_3__f_aclk/X (sky130_fd_sc_hd__clkbuf_16)
                                                         clknet_2_3__leaf_aclk (net)
                      0.061886    0.001007    0.356777 ^ _1279_/CLK (sky130_fd_sc_hd__dfxtp_1)
                                  0.250000    0.606777   clock uncertainty
                                  0.000000    0.606777   clock reconvergence pessimism
                                 -0.027111    0.579666   library hold time
                                              0.579666   data required time
---------------------------------------------------------------------------------------------
                                              0.579666   data required time
                                             -1.146823   data arrival time
---------------------------------------------------------------------------------------------
                                              0.567157   slack (MET)


Startpoint: _1310_ (rising edge-triggered flip-flop clocked by aclk)
Endpoint: _1278_ (rising edge-triggered flip-flop clocked by aclk)
Path Group: aclk
Path Type: min

Fanout         Cap        Slew       Delay        Time   Description
---------------------------------------------------------------------------------------------
                                  0.000000    0.000000   clock aclk (rise edge)
                                  0.000000    0.000000   clock source latency
     1    0.015885    0.077393    0.053115    0.053115 ^ aclk (in)
                                                         aclk (net)
                      0.077407    0.000000    0.053115 ^ clkbuf_0_aclk/A (sky130_fd_sc_hd__clkbuf_16)
     4    0.039251    0.059047    0.152784    0.205898 ^ clkbuf_0_aclk/X (sky130_fd_sc_hd__clkbuf_16)
                                                         clknet_0_aclk (net)
                      0.059081    0.001250    0.207149 ^ clkbuf_2_2__f_aclk/A (sky130_fd_sc_hd__clkbuf_16)
    14    0.040750    0.060360    0.147111    0.354259 ^ clkbuf_2_2__f_aclk/X (sky130_fd_sc_hd__clkbuf_16)
                                                         clknet_2_2__leaf_aclk (net)
                      0.060376    0.000994    0.355253 ^ _1310_/CLK (sky130_fd_sc_hd__dfxtp_1)
     3    0.007051    0.044263    0.314468    0.669722 v _1310_/Q (sky130_fd_sc_hd__dfxtp_1)
                                                         cnn_mac_wrapper.core_inst.product[8] (net)
                      0.044263    0.000174    0.669895 v _0692_/A (sky130_fd_sc_hd__nand2_1)
     3    0.007870    0.080461    0.085308    0.755203 ^ _0692_/Y (sky130_fd_sc_hd__nand2_1)
                                                         _0101_ (net)
                      0.080461    0.000107    0.755311 ^ _0693_/B (sky130_fd_sc_hd__and2_1)
     3    0.010236    0.111225    0.175866    0.931177 ^ _0693_/X (sky130_fd_sc_hd__and2_1)
                                                         _0102_ (net)
                      0.111225    0.000183    0.931361 ^ _0694_/B (sky130_fd_sc_hd__xnor2_1)
     1    0.002556    0.035540    0.071439    1.002799 v _0694_/Y (sky130_fd_sc_hd__xnor2_1)
                                                         _0103_ (net)
                      0.035540    0.000054    1.002853 v _0695_/B (sky130_fd_sc_hd__nand2_1)
     1    0.003669    0.048752    0.062343    1.065196 ^ _0695_/Y (sky130_fd_sc_hd__nand2_1)
                                                         _0104_ (net)
                      0.048752    0.000127    1.065323 ^ _0696_/B1 (sky130_fd_sc_hd__o211a_1)
     1    0.003190    0.043988    0.139554    1.204877 ^ _0696_/X (sky130_fd_sc_hd__o211a_1)
                                                         _0008_ (net)
                      0.043988    0.000085    1.204962 ^ _1278_/D (sky130_fd_sc_hd__dfxtp_1)
                                              1.204962   data arrival time

                                  0.000000    0.000000   clock aclk (rise edge)
                                  0.000000    0.000000   clock source latency
     1    0.015885    0.077393    0.053115    0.053115 ^ aclk (in)
                                                         aclk (net)
                      0.077407    0.000000    0.053115 ^ clkbuf_0_aclk/A (sky130_fd_sc_hd__clkbuf_16)
     4    0.039251    0.059047    0.152784    0.205898 ^ clkbuf_0_aclk/X (sky130_fd_sc_hd__clkbuf_16)
                                                         clknet_0_aclk (net)
                      0.059084    0.001282    0.207181 ^ clkbuf_2_3__f_aclk/A (sky130_fd_sc_hd__clkbuf_16)
    14    0.042371    0.061866    0.148589    0.355770 ^ clkbuf_2_3__f_aclk/X (sky130_fd_sc_hd__clkbuf_16)
                                                         clknet_2_3__leaf_aclk (net)
                      0.061874    0.000699    0.356468 ^ _1278_/CLK (sky130_fd_sc_hd__dfxtp_1)
                                  0.250000    0.606468   clock uncertainty
                                  0.000000    0.606468   clock reconvergence pessimism
                                 -0.028834    0.577634   library hold time
                                              0.577634   data required time
---------------------------------------------------------------------------------------------
                                              0.577634   data required time
                                             -1.204962   data arrival time
---------------------------------------------------------------------------------------------
                                              0.627328   slack (MET)


Startpoint: _1308_ (rising edge-triggered flip-flop clocked by aclk)
Endpoint: _1276_ (rising edge-triggered flip-flop clocked by aclk)
Path Group: aclk
Path Type: min

Fanout         Cap        Slew       Delay        Time   Description
---------------------------------------------------------------------------------------------
                                  0.000000    0.000000   clock aclk (rise edge)
                                  0.000000    0.000000   clock source latency
     1    0.015885    0.077393    0.053115    0.053115 ^ aclk (in)
                                                         aclk (net)
                      0.077407    0.000000    0.053115 ^ clkbuf_0_aclk/A (sky130_fd_sc_hd__clkbuf_16)
     4    0.039251    0.059047    0.152784    0.205898 ^ clkbuf_0_aclk/X (sky130_fd_sc_hd__clkbuf_16)
                                                         clknet_0_aclk (net)
                      0.059081    0.001250    0.207149 ^ clkbuf_2_2__f_aclk/A (sky130_fd_sc_hd__clkbuf_16)
    14    0.040750    0.060360    0.147111    0.354259 ^ clkbuf_2_2__f_aclk/X (sky130_fd_sc_hd__clkbuf_16)
                                                         clknet_2_2__leaf_aclk (net)
                      0.060401    0.001391    0.355650 ^ _1308_/CLK (sky130_fd_sc_hd__dfxtp_1)
     3    0.007115    0.077572    0.333957    0.689607 ^ _1308_/Q (sky130_fd_sc_hd__dfxtp_1)
                                                         cnn_mac_wrapper.core_inst.product[6] (net)
                      0.077572    0.000144    0.689751 ^ _0676_/A (sky130_fd_sc_hd__or2_1)
     2    0.006095    0.067996    0.122473    0.812225 ^ _0676_/X (sky130_fd_sc_hd__or2_1)
                                                         _0087_ (net)
                      0.067996    0.000179    0.812403 ^ _0677_/B (sky130_fd_sc_hd__nand2b_1)
     1    0.006040    0.056667    0.074082    0.886486 v _0677_/Y (sky130_fd_sc_hd__nand2b_1)
                                                         _0088_ (net)
                      0.056667    0.000240    0.886726 v _0680_/A (sky130_fd_sc_hd__xnor2_1)
     1    0.003682    0.039676    0.129301    1.016027 v _0680_/Y (sky130_fd_sc_hd__xnor2_1)
                                                         _0091_ (net)
                      0.039676    0.000126    1.016153 v _0681_/B (sky130_fd_sc_hd__nand2_1)
     1    0.004045    0.053258    0.066503    1.082656 ^ _0681_/Y (sky130_fd_sc_hd__nand2_1)
                                                         _0092_ (net)
                      0.053258    0.000150    1.082806 ^ _0682_/B1 (sky130_fd_sc_hd__o211a_1)
     1    0.001946    0.036156    0.131193    1.213999 ^ _0682_/X (sky130_fd_sc_hd__o211a_1)
                                                         _0006_ (net)
                      0.036156    0.000039    1.214037 ^ _1276_/D (sky130_fd_sc_hd__dfxtp_1)
                                              1.214037   data arrival time

                                  0.000000    0.000000   clock aclk (rise edge)
                                  0.000000    0.000000   clock source latency
     1    0.015885    0.077393    0.053115    0.053115 ^ aclk (in)
                                                         aclk (net)
                      0.077407    0.000000    0.053115 ^ clkbuf_0_aclk/A (sky130_fd_sc_hd__clkbuf_16)
     4    0.039251    0.059047    0.152784    0.205898 ^ clkbuf_0_aclk/X (sky130_fd_sc_hd__clkbuf_16)
                                                         clknet_0_aclk (net)
                      0.059084    0.001282    0.207181 ^ clkbuf_2_3__f_aclk/A (sky130_fd_sc_hd__clkbuf_16)
    14    0.042371    0.061866    0.148589    0.355770 ^ clkbuf_2_3__f_aclk/X (sky130_fd_sc_hd__clkbuf_16)
                                                         clknet_2_3__leaf_aclk (net)
                      0.061885    0.000981    0.356751 ^ _1276_/CLK (sky130_fd_sc_hd__dfxtp_1)
                                  0.250000    0.606751   clock uncertainty
                                  0.000000    0.606751   clock reconvergence pessimism
                                 -0.027197    0.579554   library hold time
                                              0.579554   data required time
---------------------------------------------------------------------------------------------
                                              0.579554   data required time
                                             -1.214037   data arrival time
---------------------------------------------------------------------------------------------
                                              0.634483   slack (MET)


Startpoint: _1298_ (rising edge-triggered flip-flop clocked by aclk)
Endpoint: _1298_ (rising edge-triggered flip-flop clocked by aclk)
Path Group: aclk
Path Type: min

Fanout         Cap        Slew       Delay        Time   Description
---------------------------------------------------------------------------------------------
                                  0.000000    0.000000   clock aclk (rise edge)
                                  0.000000    0.000000   clock source latency
     1    0.015885    0.077393    0.053115    0.053115 ^ aclk (in)
                                                         aclk (net)
                      0.077407    0.000000    0.053115 ^ clkbuf_0_aclk/A (sky130_fd_sc_hd__clkbuf_16)
     4    0.039251    0.059047    0.152784    0.205898 ^ clkbuf_0_aclk/X (sky130_fd_sc_hd__clkbuf_16)
                                                         clknet_0_aclk (net)
                      0.059084    0.001282    0.207181 ^ clkbuf_2_3__f_aclk/A (sky130_fd_sc_hd__clkbuf_16)
    14    0.042371    0.061866    0.148589    0.355770 ^ clkbuf_2_3__f_aclk/X (sky130_fd_sc_hd__clkbuf_16)
                                                         clknet_2_3__leaf_aclk (net)
                      0.061873    0.000677    0.356447 ^ _1298_/CLK (sky130_fd_sc_hd__dfxtp_1)
     5    0.013108    0.069187    0.337200    0.693647 v _1298_/Q (sky130_fd_sc_hd__dfxtp_1)
                                                         net41 (net)
                      0.069187    0.000216    0.693863 v _0852_/B (sky130_fd_sc_hd__nand2_1)
     3    0.009739    0.097651    0.114953    0.808816 ^ _0852_/Y (sky130_fd_sc_hd__nand2_1)
                                                         _0241_ (net)
                      0.097685    0.000366    0.809182 ^ _0853_/B (sky130_fd_sc_hd__and2_1)
     3    0.008764    0.097780    0.171026    0.980208 ^ _0853_/X (sky130_fd_sc_hd__and2_1)
                                                         _0242_ (net)
                      0.097780    0.000208    0.980416 ^ _0855_/B (sky130_fd_sc_hd__or2_1)
     1    0.004157    0.051215    0.114433    1.094849 ^ _0855_/X (sky130_fd_sc_hd__or2_1)
                                                         _0244_ (net)
                      0.051215    0.000153    1.095001 ^ _0856_/A2 (sky130_fd_sc_hd__a21o_1)
     1    0.003958    0.044927    0.112353    1.207354 ^ _0856_/X (sky130_fd_sc_hd__a21o_1)
                                                         _0245_ (net)
                      0.044927    0.000143    1.207497 ^ _0857_/B1 (sky130_fd_sc_hd__o211a_1)
     1    0.002262    0.037316    0.131258    1.338755 ^ _0857_/X (sky130_fd_sc_hd__o211a_1)
                                                         _0028_ (net)
                      0.037329    0.000048    1.338803 ^ _1298_/D (sky130_fd_sc_hd__dfxtp_1)
                                              1.338803   data arrival time

                                  0.000000    0.000000   clock aclk (rise edge)
                                  0.000000    0.000000   clock source latency
     1    0.015885    0.077393    0.053115    0.053115 ^ aclk (in)
                                                         aclk (net)
                      0.077407    0.000000    0.053115 ^ clkbuf_0_aclk/A (sky130_fd_sc_hd__clkbuf_16)
     4    0.039251    0.059047    0.152784    0.205898 ^ clkbuf_0_aclk/X (sky130_fd_sc_hd__clkbuf_16)
                                                         clknet_0_aclk (net)
                      0.059084    0.001282    0.207181 ^ clkbuf_2_3__f_aclk/A (sky130_fd_sc_hd__clkbuf_16)
    14    0.042371    0.061866    0.148589    0.355770 ^ clkbuf_2_3__f_aclk/X (sky130_fd_sc_hd__clkbuf_16)
                                                         clknet_2_3__leaf_aclk (net)
                      0.061873    0.000677    0.356447 ^ _1298_/CLK (sky130_fd_sc_hd__dfxtp_1)
                                  0.250000    0.606447   clock uncertainty
                                  0.000000    0.606447   clock reconvergence pessimism
                                 -0.027443    0.579003   library hold time
                                              0.579003   data required time
---------------------------------------------------------------------------------------------
                                              0.579003   data required time
                                             -1.338803   data arrival time
---------------------------------------------------------------------------------------------
                                              0.759800   slack (MET)


Startpoint: _1306_ (rising edge-triggered flip-flop clocked by aclk)
Endpoint: _1306_ (rising edge-triggered flip-flop clocked by aclk)
Path Group: aclk
Path Type: min

Fanout         Cap        Slew       Delay        Time   Description
---------------------------------------------------------------------------------------------
                                  0.000000    0.000000   clock aclk (rise edge)
                                  0.000000    0.000000   clock source latency
     1    0.015885    0.077393    0.053115    0.053115 ^ aclk (in)
                                                         aclk (net)
                      0.077407    0.000000    0.053115 ^ clkbuf_0_aclk/A (sky130_fd_sc_hd__clkbuf_16)
     4    0.039251    0.059047    0.152784    0.205898 ^ clkbuf_0_aclk/X (sky130_fd_sc_hd__clkbuf_16)
                                                         clknet_0_aclk (net)
                      0.059081    0.001250    0.207149 ^ clkbuf_2_2__f_aclk/A (sky130_fd_sc_hd__clkbuf_16)
    14    0.040750    0.060360    0.147111    0.354259 ^ clkbuf_2_2__f_aclk/X (sky130_fd_sc_hd__clkbuf_16)
                                                         clknet_2_2__leaf_aclk (net)
                      0.060434    0.001798    0.356057 ^ _1306_/CLK (sky130_fd_sc_hd__dfxtp_1)
     3    0.006555    0.072664    0.330310    0.686368 ^ _1306_/Q (sky130_fd_sc_hd__dfxtp_1)
                                                         cnn_mac_wrapper.core_inst.product[4] (net)
                      0.072664    0.000095    0.686463 ^ hold3/A (sky130_fd_sc_hd__dlygate4sd3_1)
     1    0.003573    0.059528    0.550079    1.236542 ^ hold3/X (sky130_fd_sc_hd__dlygate4sd3_1)
                                                         net110 (net)
                      0.059528    0.000092    1.236634 ^ _0928_/A1 (sky130_fd_sc_hd__o211a_1)
     1    0.002091    0.035491    0.143009    1.379642 ^ _0928_/X (sky130_fd_sc_hd__o211a_1)
                                                         _0036_ (net)
                      0.035491    0.000042    1.379684 ^ _1306_/D (sky130_fd_sc_hd__dfxtp_1)
                                              1.379684   data arrival time

                                  0.000000    0.000000   clock aclk (rise edge)
                                  0.000000    0.000000   clock source latency
     1    0.015885    0.077393    0.053115    0.053115 ^ aclk (in)
                                                         aclk (net)
                      0.077407    0.000000    0.053115 ^ clkbuf_0_aclk/A (sky130_fd_sc_hd__clkbuf_16)
     4    0.039251    0.059047    0.152784    0.205898 ^ clkbuf_0_aclk/X (sky130_fd_sc_hd__clkbuf_16)
                                                         clknet_0_aclk (net)
                      0.059081    0.001250    0.207149 ^ clkbuf_2_2__f_aclk/A (sky130_fd_sc_hd__clkbuf_16)
    14    0.040750    0.060360    0.147111    0.354259 ^ clkbuf_2_2__f_aclk/X (sky130_fd_sc_hd__clkbuf_16)
                                                         clknet_2_2__leaf_aclk (net)
                      0.060434    0.001798    0.356057 ^ _1306_/CLK (sky130_fd_sc_hd__dfxtp_1)
                                  0.250000    0.606058   clock uncertainty
                                  0.000000    0.606058   clock reconvergence pessimism
                                 -0.027248    0.578809   library hold time
                                              0.578809   data required time
---------------------------------------------------------------------------------------------
                                              0.578809   data required time
                                             -1.379684   data arrival time
---------------------------------------------------------------------------------------------
                                              0.800875   slack (MET)


Startpoint: _1305_ (rising edge-triggered flip-flop clocked by aclk)
Endpoint: _1305_ (rising edge-triggered flip-flop clocked by aclk)
Path Group: aclk
Path Type: min

Fanout         Cap        Slew       Delay        Time   Description
---------------------------------------------------------------------------------------------
                                  0.000000    0.000000   clock aclk (rise edge)
                                  0.000000    0.000000   clock source latency
     1    0.015885    0.077393    0.053115    0.053115 ^ aclk (in)
                                                         aclk (net)
                      0.077407    0.000000    0.053115 ^ clkbuf_0_aclk/A (sky130_fd_sc_hd__clkbuf_16)
     4    0.039251    0.059047    0.152784    0.205898 ^ clkbuf_0_aclk/X (sky130_fd_sc_hd__clkbuf_16)
                                                         clknet_0_aclk (net)
                      0.059081    0.001250    0.207149 ^ clkbuf_2_2__f_aclk/A (sky130_fd_sc_hd__clkbuf_16)
    14    0.040750    0.060360    0.147111    0.354259 ^ clkbuf_2_2__f_aclk/X (sky130_fd_sc_hd__clkbuf_16)
                                                         clknet_2_2__leaf_aclk (net)
                      0.060450    0.001963    0.356222 ^ _1305_/CLK (sky130_fd_sc_hd__dfxtp_1)
     3    0.006686    0.073809    0.331181    0.687403 ^ _1305_/Q (sky130_fd_sc_hd__dfxtp_1)
                                                         cnn_mac_wrapper.core_inst.product[3] (net)
                      0.073809    0.000095    0.687498 ^ hold2/A (sky130_fd_sc_hd__dlygate4sd3_1)
     1    0.004084    0.064330    0.554321    1.241820 ^ hold2/X (sky130_fd_sc_hd__dlygate4sd3_1)
                                                         net109 (net)
                      0.064330    0.000149    1.241969 ^ _0907_/A1 (sky130_fd_sc_hd__o211a_1)
     1    0.002697    0.040513    0.148916    1.390885 ^ _0907_/X (sky130_fd_sc_hd__o211a_1)
                                                         _0035_ (net)
                      0.040513    0.000085    1.390970 ^ _1305_/D (sky130_fd_sc_hd__dfxtp_1)
                                              1.390970   data arrival time

                                  0.000000    0.000000   clock aclk (rise edge)
                                  0.000000    0.000000   clock source latency
     1    0.015885    0.077393    0.053115    0.053115 ^ aclk (in)
                                                         aclk (net)
                      0.077407    0.000000    0.053115 ^ clkbuf_0_aclk/A (sky130_fd_sc_hd__clkbuf_16)
     4    0.039251    0.059047    0.152784    0.205898 ^ clkbuf_0_aclk/X (sky130_fd_sc_hd__clkbuf_16)
                                                         clknet_0_aclk (net)
                      0.059081    0.001250    0.207149 ^ clkbuf_2_2__f_aclk/A (sky130_fd_sc_hd__clkbuf_16)
    14    0.040750    0.060360    0.147111    0.354259 ^ clkbuf_2_2__f_aclk/X (sky130_fd_sc_hd__clkbuf_16)
                                                         clknet_2_2__leaf_aclk (net)
                      0.060450    0.001963    0.356222 ^ _1305_/CLK (sky130_fd_sc_hd__dfxtp_1)
                                  0.250000    0.606222   clock uncertainty
                                  0.000000    0.606222   clock reconvergence pessimism
                                 -0.028296    0.577926   library hold time
                                              0.577926   data required time
---------------------------------------------------------------------------------------------
                                              0.577926   data required time
                                             -1.390970   data arrival time
---------------------------------------------------------------------------------------------
                                              0.813043   slack (MET)


Startpoint: _1316_ (rising edge-triggered flip-flop clocked by aclk)
Endpoint: _1316_ (rising edge-triggered flip-flop clocked by aclk)
Path Group: aclk
Path Type: min

Fanout         Cap        Slew       Delay        Time   Description
---------------------------------------------------------------------------------------------
                                  0.000000    0.000000   clock aclk (rise edge)
                                  0.000000    0.000000   clock source latency
     1    0.015885    0.077393    0.053115    0.053115 ^ aclk (in)
                                                         aclk (net)
                      0.077407    0.000000    0.053115 ^ clkbuf_0_aclk/A (sky130_fd_sc_hd__clkbuf_16)
     4    0.039251    0.059047    0.152784    0.205898 ^ clkbuf_0_aclk/X (sky130_fd_sc_hd__clkbuf_16)
                                                         clknet_0_aclk (net)
                      0.059099    0.001496    0.207395 ^ clkbuf_2_0__f_aclk/A (sky130_fd_sc_hd__clkbuf_16)
    14    0.041031    0.060606    0.147314    0.354709 ^ clkbuf_2_0__f_aclk/X (sky130_fd_sc_hd__clkbuf_16)
                                                         clknet_2_0__leaf_aclk (net)
                      0.060663    0.001615    0.356324 ^ _1316_/CLK (sky130_fd_sc_hd__dfxtp_1)
     3    0.009447    0.097886    0.349257    0.705581 ^ _1316_/Q (sky130_fd_sc_hd__dfxtp_1)
                                                         cnn_mac_wrapper.core_inst.product[14] (net)
                      0.097886    0.000290    0.705870 ^ hold4/A (sky130_fd_sc_hd__dlygate4sd3_1)
     1    0.004308    0.066197    0.562947    1.268818 ^ hold4/X (sky130_fd_sc_hd__dlygate4sd3_1)
                                                         net111 (net)
                      0.066197    0.000166    1.268983 ^ _1253_/A1 (sky130_fd_sc_hd__o211a_1)
     1    0.002554    0.039579    0.148294    1.417277 ^ _1253_/X (sky130_fd_sc_hd__o211a_1)
                                                         _0046_ (net)
                      0.039579    0.000058    1.417335 ^ _1316_/D (sky130_fd_sc_hd__dfxtp_1)
                                              1.417335   data arrival time

                                  0.000000    0.000000   clock aclk (rise edge)
                                  0.000000    0.000000   clock source latency
     1    0.015885    0.077393    0.053115    0.053115 ^ aclk (in)
                                                         aclk (net)
                      0.077407    0.000000    0.053115 ^ clkbuf_0_aclk/A (sky130_fd_sc_hd__clkbuf_16)
     4    0.039251    0.059047    0.152784    0.205898 ^ clkbuf_0_aclk/X (sky130_fd_sc_hd__clkbuf_16)
                                                         clknet_0_aclk (net)
                      0.059099    0.001496    0.207395 ^ clkbuf_2_0__f_aclk/A (sky130_fd_sc_hd__clkbuf_16)
    14    0.041031    0.060606    0.147314    0.354709 ^ clkbuf_2_0__f_aclk/X (sky130_fd_sc_hd__clkbuf_16)
                                                         clknet_2_0__leaf_aclk (net)
                      0.060663    0.001615    0.356324 ^ _1316_/CLK (sky130_fd_sc_hd__dfxtp_1)
                                  0.250000    0.606324   clock uncertainty
                                  0.000000    0.606324   clock reconvergence pessimism
                                 -0.028073    0.578251   library hold time
                                              0.578251   data required time
---------------------------------------------------------------------------------------------
                                              0.578251   data required time
                                             -1.417335   data arrival time
---------------------------------------------------------------------------------------------
                                              0.839084   slack (MET)


Startpoint: _1302_ (rising edge-triggered flip-flop clocked by aclk)
Endpoint: _1302_ (rising edge-triggered flip-flop clocked by aclk)
Path Group: aclk
Path Type: min

Fanout         Cap        Slew       Delay        Time   Description
---------------------------------------------------------------------------------------------
                                  0.000000    0.000000   clock aclk (rise edge)
                                  0.000000    0.000000   clock source latency
     1    0.015885    0.077393    0.053115    0.053115 ^ aclk (in)
                                                         aclk (net)
                      0.077407    0.000000    0.053115 ^ clkbuf_0_aclk/A (sky130_fd_sc_hd__clkbuf_16)
     4    0.039251    0.059047    0.152784    0.205898 ^ clkbuf_0_aclk/X (sky130_fd_sc_hd__clkbuf_16)
                                                         clknet_0_aclk (net)
                      0.059081    0.001250    0.207149 ^ clkbuf_2_2__f_aclk/A (sky130_fd_sc_hd__clkbuf_16)
    14    0.040750    0.060360    0.147111    0.354259 ^ clkbuf_2_2__f_aclk/X (sky130_fd_sc_hd__clkbuf_16)
                                                         clknet_2_2__leaf_aclk (net)
                      0.060398    0.001340    0.355600 ^ _1302_/CLK (sky130_fd_sc_hd__dfxtp_1)
     4    0.010892    0.110832    0.358523    0.714122 ^ _1302_/Q (sky130_fd_sc_hd__dfxtp_1)
                                                         cnn_mac_wrapper.core_inst.product[0] (net)
                      0.110832    0.000153    0.714276 ^ hold12/A (sky130_fd_sc_hd__dlygate4sd3_1)
     1    0.003430    0.058445    0.559924    1.274200 ^ hold12/X (sky130_fd_sc_hd__dlygate4sd3_1)
                                                         net119 (net)
                      0.058445    0.000086    1.274286 ^ _0877_/A1 (sky130_fd_sc_hd__o211a_1)
     1    0.002171    0.036827    0.143353    1.417639 ^ _0877_/X (sky130_fd_sc_hd__o211a_1)
                                                         _0032_ (net)
                      0.036827    0.000045    1.417684 ^ _1302_/D (sky130_fd_sc_hd__dfxtp_1)
                                              1.417684   data arrival time

                                  0.000000    0.000000   clock aclk (rise edge)
                                  0.000000    0.000000   clock source latency
     1    0.015885    0.077393    0.053115    0.053115 ^ aclk (in)
                                                         aclk (net)
                      0.077407    0.000000    0.053115 ^ clkbuf_0_aclk/A (sky130_fd_sc_hd__clkbuf_16)
     4    0.039251    0.059047    0.152784    0.205898 ^ clkbuf_0_aclk/X (sky130_fd_sc_hd__clkbuf_16)
                                                         clknet_0_aclk (net)
                      0.059081    0.001250    0.207149 ^ clkbuf_2_2__f_aclk/A (sky130_fd_sc_hd__clkbuf_16)
    14    0.040750    0.060360    0.147111    0.354259 ^ clkbuf_2_2__f_aclk/X (sky130_fd_sc_hd__clkbuf_16)
                                                         clknet_2_2__leaf_aclk (net)
                      0.060398    0.001340    0.355600 ^ _1302_/CLK (sky130_fd_sc_hd__dfxtp_1)
                                  0.250000    0.605600   clock uncertainty
                                  0.000000    0.605600   clock reconvergence pessimism
                                 -0.027533    0.578067   library hold time
                                              0.578067   data required time
---------------------------------------------------------------------------------------------
                                              0.578067   data required time
                                             -1.417684   data arrival time
---------------------------------------------------------------------------------------------
                                              0.839617   slack (MET)


Startpoint: _1311_ (rising edge-triggered flip-flop clocked by aclk)
Endpoint: _1311_ (rising edge-triggered flip-flop clocked by aclk)
Path Group: aclk
Path Type: min

Fanout         Cap        Slew       Delay        Time   Description
---------------------------------------------------------------------------------------------
                                  0.000000    0.000000   clock aclk (rise edge)
                                  0.000000    0.000000   clock source latency
     1    0.015885    0.077393    0.053115    0.053115 ^ aclk (in)
                                                         aclk (net)
                      0.077407    0.000000    0.053115 ^ clkbuf_0_aclk/A (sky130_fd_sc_hd__clkbuf_16)
     4    0.039251    0.059047    0.152784    0.205898 ^ clkbuf_0_aclk/X (sky130_fd_sc_hd__clkbuf_16)
                                                         clknet_0_aclk (net)
                      0.059081    0.001250    0.207149 ^ clkbuf_2_2__f_aclk/A (sky130_fd_sc_hd__clkbuf_16)
    14    0.040750    0.060360    0.147111    0.354259 ^ clkbuf_2_2__f_aclk/X (sky130_fd_sc_hd__clkbuf_16)
                                                         clknet_2_2__leaf_aclk (net)
                      0.060378    0.001023    0.355283 ^ _1311_/CLK (sky130_fd_sc_hd__dfxtp_1)
     3    0.008382    0.088623    0.342248    0.697531 ^ _1311_/Q (sky130_fd_sc_hd__dfxtp_1)
                                                         cnn_mac_wrapper.core_inst.product[9] (net)
                      0.088623    0.000248    0.697779 ^ hold5/A (sky130_fd_sc_hd__dlygate4sd3_1)
     1    0.002798    0.052917    0.547699    1.245478 ^ hold5/X (sky130_fd_sc_hd__dlygate4sd3_1)
                                                         net112 (net)
                      0.052917    0.000057    1.245534 ^ _1110_/A1 (sky130_fd_sc_hd__o221a_1)
     1    0.002564    0.049661    0.175485    1.421020 ^ _1110_/X (sky130_fd_sc_hd__o221a_1)
                                                         _0041_ (net)
                      0.049661    0.000082    1.421101 ^ _1311_/D (sky130_fd_sc_hd__dfxtp_1)
                                              1.421101   data arrival time

                                  0.000000    0.000000   clock aclk (rise edge)
                                  0.000000    0.000000   clock source latency
     1    0.015885    0.077393    0.053115    0.053115 ^ aclk (in)
                                                         aclk (net)
                      0.077407    0.000000    0.053115 ^ clkbuf_0_aclk/A (sky130_fd_sc_hd__clkbuf_16)
     4    0.039251    0.059047    0.152784    0.205898 ^ clkbuf_0_aclk/X (sky130_fd_sc_hd__clkbuf_16)
                                                         clknet_0_aclk (net)
                      0.059081    0.001250    0.207149 ^ clkbuf_2_2__f_aclk/A (sky130_fd_sc_hd__clkbuf_16)
    14    0.040750    0.060360    0.147111    0.354259 ^ clkbuf_2_2__f_aclk/X (sky130_fd_sc_hd__clkbuf_16)
                                                         clknet_2_2__leaf_aclk (net)
                      0.060378    0.001023    0.355283 ^ _1311_/CLK (sky130_fd_sc_hd__dfxtp_1)
                                  0.250000    0.605283   clock uncertainty
                                  0.000000    0.605283   clock reconvergence pessimism
                                 -0.030217    0.575066   library hold time
                                              0.575066   data required time
---------------------------------------------------------------------------------------------
                                              0.575066   data required time
                                             -1.421101   data arrival time
---------------------------------------------------------------------------------------------
                                              0.846035   slack (MET)


Startpoint: _1303_ (rising edge-triggered flip-flop clocked by aclk)
Endpoint: _1303_ (rising edge-triggered flip-flop clocked by aclk)
Path Group: aclk
Path Type: min

Fanout         Cap        Slew       Delay        Time   Description
---------------------------------------------------------------------------------------------
                                  0.000000    0.000000   clock aclk (rise edge)
                                  0.000000    0.000000   clock source latency
     1    0.015885    0.077393    0.053115    0.053115 ^ aclk (in)
                                                         aclk (net)
                      0.077407    0.000000    0.053115 ^ clkbuf_0_aclk/A (sky130_fd_sc_hd__clkbuf_16)
     4    0.039251    0.059047    0.152784    0.205898 ^ clkbuf_0_aclk/X (sky130_fd_sc_hd__clkbuf_16)
                                                         clknet_0_aclk (net)
                      0.059081    0.001250    0.207149 ^ clkbuf_2_2__f_aclk/A (sky130_fd_sc_hd__clkbuf_16)
    14    0.040750    0.060360    0.147111    0.354259 ^ clkbuf_2_2__f_aclk/X (sky130_fd_sc_hd__clkbuf_16)
                                                         clknet_2_2__leaf_aclk (net)
                      0.060402    0.001405    0.355665 ^ _1303_/CLK (sky130_fd_sc_hd__dfxtp_1)
     3    0.010775    0.109788    0.357722    0.713387 ^ _1303_/Q (sky130_fd_sc_hd__dfxtp_1)
                                                         cnn_mac_wrapper.core_inst.product[1] (net)
                      0.109788    0.000151    0.713538 ^ hold7/A (sky130_fd_sc_hd__dlygate4sd3_1)
     1    0.003441    0.058529    0.559710    1.273248 ^ hold7/X (sky130_fd_sc_hd__dlygate4sd3_1)
                                                         net114 (net)
                      0.058529    0.000085    1.273333 ^ _0882_/A1 (sky130_fd_sc_hd__o211a_1)
     1    0.003063    0.043175    0.150258    1.423592 ^ _0882_/X (sky130_fd_sc_hd__o211a_1)
                                                         _0033_ (net)
                      0.043175    0.000079    1.423671 ^ _1303_/D (sky130_fd_sc_hd__dfxtp_1)
                                              1.423671   data arrival time

                                  0.000000    0.000000   clock aclk (rise edge)
                                  0.000000    0.000000   clock source latency
     1    0.015885    0.077393    0.053115    0.053115 ^ aclk (in)
                                                         aclk (net)
                      0.077407    0.000000    0.053115 ^ clkbuf_0_aclk/A (sky130_fd_sc_hd__clkbuf_16)
     4    0.039251    0.059047    0.152784    0.205898 ^ clkbuf_0_aclk/X (sky130_fd_sc_hd__clkbuf_16)
                                                         clknet_0_aclk (net)
                      0.059081    0.001250    0.207149 ^ clkbuf_2_2__f_aclk/A (sky130_fd_sc_hd__clkbuf_16)
    14    0.040750    0.060360    0.147111    0.354259 ^ clkbuf_2_2__f_aclk/X (sky130_fd_sc_hd__clkbuf_16)
                                                         clknet_2_2__leaf_aclk (net)
                      0.060402    0.001405    0.355665 ^ _1303_/CLK (sky130_fd_sc_hd__dfxtp_1)
                                  0.250000    0.605665   clock uncertainty
                                  0.000000    0.605665   clock reconvergence pessimism
                                 -0.028858    0.576806   library hold time
                                              0.576806   data required time
---------------------------------------------------------------------------------------------
                                              0.576806   data required time
                                             -1.423671   data arrival time
---------------------------------------------------------------------------------------------
                                              0.846865   slack (MET)


Startpoint: _1318_ (rising edge-triggered flip-flop clocked by aclk)
Endpoint: _1318_ (rising edge-triggered flip-flop clocked by aclk)
Path Group: aclk
Path Type: min

Fanout         Cap        Slew       Delay        Time   Description
---------------------------------------------------------------------------------------------
                                  0.000000    0.000000   clock aclk (rise edge)
                                  0.000000    0.000000   clock source latency
     1    0.015885    0.077393    0.053115    0.053115 ^ aclk (in)
                                                         aclk (net)
                      0.077407    0.000000    0.053115 ^ clkbuf_0_aclk/A (sky130_fd_sc_hd__clkbuf_16)
     4    0.039251    0.059047    0.152784    0.205898 ^ clkbuf_0_aclk/X (sky130_fd_sc_hd__clkbuf_16)
                                                         clknet_0_aclk (net)
                      0.059099    0.001496    0.207395 ^ clkbuf_2_0__f_aclk/A (sky130_fd_sc_hd__clkbuf_16)
    14    0.041031    0.060606    0.147314    0.354709 ^ clkbuf_2_0__f_aclk/X (sky130_fd_sc_hd__clkbuf_16)
                                                         clknet_2_0__leaf_aclk (net)
                      0.060694    0.001959    0.356668 ^ _1318_/CLK (sky130_fd_sc_hd__dfxtp_1)
     2    0.005204    0.060919    0.321509    0.678177 ^ _1318_/Q (sky130_fd_sc_hd__dfxtp_1)
                                                         cnn_mac_wrapper.last_pipe[0] (net)
                      0.060919    0.000100    0.678277 ^ hold18/A (sky130_fd_sc_hd__dlygate4sd3_1)
     1    0.002655    0.051691    0.538382    1.216659 ^ hold18/X (sky130_fd_sc_hd__dlygate4sd3_1)
                                                         net125 (net)
                      0.051691    0.000063    1.216722 ^ _1262_/A0 (sky130_fd_sc_hd__mux2_1)
     1    0.001748    0.033596    0.108286    1.325009 ^ _1262_/X (sky130_fd_sc_hd__mux2_1)
                                                         _0631_ (net)
                      0.033596    0.000034    1.325043 ^ _1263_/B (sky130_fd_sc_hd__and2_1)
     1    0.002122    0.040506    0.106011    1.431054 ^ _1263_/X (sky130_fd_sc_hd__and2_1)
                                                         _0048_ (net)
                      0.040506    0.000046    1.431100 ^ _1318_/D (sky130_fd_sc_hd__dfxtp_1)
                                              1.431100   data arrival time

                                  0.000000    0.000000   clock aclk (rise edge)
                                  0.000000    0.000000   clock source latency
     1    0.015885    0.077393    0.053115    0.053115 ^ aclk (in)
                                                         aclk (net)
                      0.077407    0.000000    0.053115 ^ clkbuf_0_aclk/A (sky130_fd_sc_hd__clkbuf_16)
     4    0.039251    0.059047    0.152784    0.205898 ^ clkbuf_0_aclk/X (sky130_fd_sc_hd__clkbuf_16)
                                                         clknet_0_aclk (net)
                      0.059099    0.001496    0.207395 ^ clkbuf_2_0__f_aclk/A (sky130_fd_sc_hd__clkbuf_16)
    14    0.041031    0.060606    0.147314    0.354709 ^ clkbuf_2_0__f_aclk/X (sky130_fd_sc_hd__clkbuf_16)
                                                         clknet_2_0__leaf_aclk (net)
                      0.060694    0.001959    0.356668 ^ _1318_/CLK (sky130_fd_sc_hd__dfxtp_1)
                                  0.250000    0.606668   clock uncertainty
                                  0.000000    0.606668   clock reconvergence pessimism
                                 -0.028262    0.578405   library hold time
                                              0.578405   data required time
---------------------------------------------------------------------------------------------
                                              0.578405   data required time
                                             -1.431100   data arrival time
---------------------------------------------------------------------------------------------
                                              0.852694   slack (MET)


Startpoint: _1320_ (rising edge-triggered flip-flop clocked by aclk)
Endpoint: _1320_ (rising edge-triggered flip-flop clocked by aclk)
Path Group: aclk
Path Type: min

Fanout         Cap        Slew       Delay        Time   Description
---------------------------------------------------------------------------------------------
                                  0.000000    0.000000   clock aclk (rise edge)
                                  0.000000    0.000000   clock source latency
     1    0.015885    0.077393    0.053115    0.053115 ^ aclk (in)
                                                         aclk (net)
                      0.077407    0.000000    0.053115 ^ clkbuf_0_aclk/A (sky130_fd_sc_hd__clkbuf_16)
     4    0.039251    0.059047    0.152784    0.205898 ^ clkbuf_0_aclk/X (sky130_fd_sc_hd__clkbuf_16)
                                                         clknet_0_aclk (net)
                      0.059099    0.001496    0.207395 ^ clkbuf_2_0__f_aclk/A (sky130_fd_sc_hd__clkbuf_16)
    14    0.041031    0.060606    0.147314    0.354709 ^ clkbuf_2_0__f_aclk/X (sky130_fd_sc_hd__clkbuf_16)
                                                         clknet_2_0__leaf_aclk (net)
                      0.060697    0.001993    0.356702 ^ _1320_/CLK (sky130_fd_sc_hd__dfxtp_1)
     2    0.004635    0.055972    0.317764    0.674466 ^ _1320_/Q (sky130_fd_sc_hd__dfxtp_1)
                                                         cnn_mac_wrapper.valid_pipe[0] (net)
                      0.055972    0.000076    0.674543 ^ hold15/A (sky130_fd_sc_hd__dlygate4sd3_1)
     1    0.003067    0.055242    0.540841    1.215384 ^ hold15/X (sky130_fd_sc_hd__dlygate4sd3_1)
                                                         net122 (net)
                      0.055242    0.000078    1.215462 ^ _1266_/B (sky130_fd_sc_hd__and2b_1)
     1    0.004123    0.051795    0.124769    1.340232 ^ _1266_/X (sky130_fd_sc_hd__and2b_1)
                                                         _0633_ (net)
                      0.051795    0.000116    1.340348 ^ _1267_/A2 (sky130_fd_sc_hd__o21a_1)
     1    0.002024    0.033160    0.095656    1.436004 ^ _1267_/X (sky130_fd_sc_hd__o21a_1)
                                                         _0050_ (net)
                      0.033160    0.000042    1.436046 ^ _1320_/D (sky130_fd_sc_hd__dfxtp_1)
                                              1.436046   data arrival time

                                  0.000000    0.000000   clock aclk (rise edge)
                                  0.000000    0.000000   clock source latency
     1    0.015885    0.077393    0.053115    0.053115 ^ aclk (in)
                                                         aclk (net)
                      0.077407    0.000000    0.053115 ^ clkbuf_0_aclk/A (sky130_fd_sc_hd__clkbuf_16)
     4    0.039251    0.059047    0.152784    0.205898 ^ clkbuf_0_aclk/X (sky130_fd_sc_hd__clkbuf_16)
                                                         clknet_0_aclk (net)
                      0.059099    0.001496    0.207395 ^ clkbuf_2_0__f_aclk/A (sky130_fd_sc_hd__clkbuf_16)
    14    0.041031    0.060606    0.147314    0.354709 ^ clkbuf_2_0__f_aclk/X (sky130_fd_sc_hd__clkbuf_16)
                                                         clknet_2_0__leaf_aclk (net)
                      0.060697    0.001993    0.356702 ^ _1320_/CLK (sky130_fd_sc_hd__dfxtp_1)
                                  0.250000    0.606702   clock uncertainty
                                  0.000000    0.606702   clock reconvergence pessimism
                                 -0.026727    0.579975   library hold time
                                              0.579975   data required time
---------------------------------------------------------------------------------------------
                                              0.579975   data required time
                                             -1.436046   data arrival time
---------------------------------------------------------------------------------------------
                                              0.856070   slack (MET)


Startpoint: _1312_ (rising edge-triggered flip-flop clocked by aclk)
Endpoint: _1312_ (rising edge-triggered flip-flop clocked by aclk)
Path Group: aclk
Path Type: min

Fanout         Cap        Slew       Delay        Time   Description
---------------------------------------------------------------------------------------------
                                  0.000000    0.000000   clock aclk (rise edge)
                                  0.000000    0.000000   clock source latency
     1    0.015885    0.077393    0.053115    0.053115 ^ aclk (in)
                                                         aclk (net)
                      0.077407    0.000000    0.053115 ^ clkbuf_0_aclk/A (sky130_fd_sc_hd__clkbuf_16)
     4    0.039251    0.059047    0.152784    0.205898 ^ clkbuf_0_aclk/X (sky130_fd_sc_hd__clkbuf_16)
                                                         clknet_0_aclk (net)
                      0.059099    0.001496    0.207395 ^ clkbuf_2_0__f_aclk/A (sky130_fd_sc_hd__clkbuf_16)
    14    0.041031    0.060606    0.147314    0.354709 ^ clkbuf_2_0__f_aclk/X (sky130_fd_sc_hd__clkbuf_16)
                                                         clknet_2_0__leaf_aclk (net)
                      0.060625    0.001069    0.355778 ^ _1312_/CLK (sky130_fd_sc_hd__dfxtp_1)
     3    0.007271    0.078939    0.335092    0.690870 ^ _1312_/Q (sky130_fd_sc_hd__dfxtp_1)
                                                         cnn_mac_wrapper.core_inst.product[10] (net)
                      0.078939    0.000115    0.690985 ^ hold1/A (sky130_fd_sc_hd__dlygate4sd3_1)
     1    0.003160    0.056079    0.548319    1.239304 ^ hold1/X (sky130_fd_sc_hd__dlygate4sd3_1)
                                                         net108 (net)
                      0.056079    0.000074    1.239378 ^ _1143_/A1 (sky130_fd_sc_hd__o21ai_1)
     1    0.004158    0.050590    0.073560    1.312937 v _1143_/Y (sky130_fd_sc_hd__o21ai_1)
                                                         _0518_ (net)
                      0.050590    0.000125    1.313062 v _1144_/B1 (sky130_fd_sc_hd__a21oi_1)
     1    0.002867    0.088165    0.111951    1.425013 ^ _1144_/Y (sky130_fd_sc_hd__a21oi_1)
                                                         _0042_ (net)
                      0.088165    0.000070    1.425083 ^ _1312_/D (sky130_fd_sc_hd__dfxtp_1)
                                              1.425083   data arrival time

                                  0.000000    0.000000   clock aclk (rise edge)
                                  0.000000    0.000000   clock source latency
     1    0.015885    0.077393    0.053115    0.053115 ^ aclk (in)
                                                         aclk (net)
                      0.077407    0.000000    0.053115 ^ clkbuf_0_aclk/A (sky130_fd_sc_hd__clkbuf_16)
     4    0.039251    0.059047    0.152784    0.205898 ^ clkbuf_0_aclk/X (sky130_fd_sc_hd__clkbuf_16)
                                                         clknet_0_aclk (net)
                      0.059099    0.001496    0.207395 ^ clkbuf_2_0__f_aclk/A (sky130_fd_sc_hd__clkbuf_16)
    14    0.041031    0.060606    0.147314    0.354709 ^ clkbuf_2_0__f_aclk/X (sky130_fd_sc_hd__clkbuf_16)
                                                         clknet_2_0__leaf_aclk (net)
                      0.060625    0.001069    0.355778 ^ _1312_/CLK (sky130_fd_sc_hd__dfxtp_1)
                                  0.250000    0.605778   clock uncertainty
                                  0.000000    0.605778   clock reconvergence pessimism
                                 -0.038230    0.567548   library hold time
                                              0.567548   data required time
---------------------------------------------------------------------------------------------
                                              0.567548   data required time
                                             -1.425083   data arrival time
---------------------------------------------------------------------------------------------
                                              0.857535   slack (MET)


Startpoint: _1313_ (rising edge-triggered flip-flop clocked by aclk)
Endpoint: _1313_ (rising edge-triggered flip-flop clocked by aclk)
Path Group: aclk
Path Type: min

Fanout         Cap        Slew       Delay        Time   Description
---------------------------------------------------------------------------------------------
                                  0.000000    0.000000   clock aclk (rise edge)
                                  0.000000    0.000000   clock source latency
     1    0.015885    0.077393    0.053115    0.053115 ^ aclk (in)
                                                         aclk (net)
                      0.077407    0.000000    0.053115 ^ clkbuf_0_aclk/A (sky130_fd_sc_hd__clkbuf_16)
     4    0.039251    0.059047    0.152784    0.205898 ^ clkbuf_0_aclk/X (sky130_fd_sc_hd__clkbuf_16)
                                                         clknet_0_aclk (net)
                      0.059099    0.001496    0.207395 ^ clkbuf_2_0__f_aclk/A (sky130_fd_sc_hd__clkbuf_16)
    14    0.041031    0.060606    0.147314    0.354709 ^ clkbuf_2_0__f_aclk/X (sky130_fd_sc_hd__clkbuf_16)
                                                         clknet_2_0__leaf_aclk (net)
                      0.060623    0.001035    0.355744 ^ _1313_/CLK (sky130_fd_sc_hd__dfxtp_1)
     4    0.009707    0.100205    0.350971    0.706716 ^ _1313_/Q (sky130_fd_sc_hd__dfxtp_1)
                                                         cnn_mac_wrapper.core_inst.product[11] (net)
                      0.100205    0.000143    0.706859 ^ hold11/A (sky130_fd_sc_hd__dlygate4sd3_1)
     1    0.003093    0.055490    0.553792    1.260651 ^ hold11/X (sky130_fd_sc_hd__dlygate4sd3_1)
                                                         net118 (net)
                      0.055490    0.000071    1.260722 ^ _1175_/A1 (sky130_fd_sc_hd__o221a_1)
     1    0.002259    0.047248    0.173421    1.434143 ^ _1175_/X (sky130_fd_sc_hd__o221a_1)
                                                         _0043_ (net)
                      0.047257    0.000048    1.434191 ^ _1313_/D (sky130_fd_sc_hd__dfxtp_1)
                                              1.434191   data arrival time

                                  0.000000    0.000000   clock aclk (rise edge)
                                  0.000000    0.000000   clock source latency
     1    0.015885    0.077393    0.053115    0.053115 ^ aclk (in)
                                                         aclk (net)
                      0.077407    0.000000    0.053115 ^ clkbuf_0_aclk/A (sky130_fd_sc_hd__clkbuf_16)
     4    0.039251    0.059047    0.152784    0.205898 ^ clkbuf_0_aclk/X (sky130_fd_sc_hd__clkbuf_16)
                                                         clknet_0_aclk (net)
                      0.059099    0.001496    0.207395 ^ clkbuf_2_0__f_aclk/A (sky130_fd_sc_hd__clkbuf_16)
    14    0.041031    0.060606    0.147314    0.354709 ^ clkbuf_2_0__f_aclk/X (sky130_fd_sc_hd__clkbuf_16)
                                                         clknet_2_0__leaf_aclk (net)
                      0.060623    0.001035    0.355744 ^ _1313_/CLK (sky130_fd_sc_hd__dfxtp_1)
                                  0.250000    0.605744   clock uncertainty
                                  0.000000    0.605744   clock reconvergence pessimism
                                 -0.029682    0.576062   library hold time
                                              0.576062   data required time
---------------------------------------------------------------------------------------------
                                              0.576062   data required time
                                             -1.434191   data arrival time
---------------------------------------------------------------------------------------------
                                              0.858130   slack (MET)


Startpoint: _1308_ (rising edge-triggered flip-flop clocked by aclk)
Endpoint: _1308_ (rising edge-triggered flip-flop clocked by aclk)
Path Group: aclk
Path Type: min

Fanout         Cap        Slew       Delay        Time   Description
---------------------------------------------------------------------------------------------
                                  0.000000    0.000000   clock aclk (rise edge)
                                  0.000000    0.000000   clock source latency
     1    0.015885    0.077393    0.053115    0.053115 ^ aclk (in)
                                                         aclk (net)
                      0.077407    0.000000    0.053115 ^ clkbuf_0_aclk/A (sky130_fd_sc_hd__clkbuf_16)
     4    0.039251    0.059047    0.152784    0.205898 ^ clkbuf_0_aclk/X (sky130_fd_sc_hd__clkbuf_16)
                                                         clknet_0_aclk (net)
                      0.059081    0.001250    0.207149 ^ clkbuf_2_2__f_aclk/A (sky130_fd_sc_hd__clkbuf_16)
    14    0.040750    0.060360    0.147111    0.354259 ^ clkbuf_2_2__f_aclk/X (sky130_fd_sc_hd__clkbuf_16)
                                                         clknet_2_2__leaf_aclk (net)
                      0.060401    0.001391    0.355650 ^ _1308_/CLK (sky130_fd_sc_hd__dfxtp_1)
     3    0.007115    0.077572    0.333957    0.689607 ^ _1308_/Q (sky130_fd_sc_hd__dfxtp_1)
                                                         cnn_mac_wrapper.core_inst.product[6] (net)
                      0.077572    0.000193    0.689800 ^ hold17/A (sky130_fd_sc_hd__dlygate4sd3_1)
     1    0.002061    0.047095    0.537584    1.227384 ^ hold17/X (sky130_fd_sc_hd__dlygate4sd3_1)
                                                         net124 (net)
                      0.047095    0.000043    1.227427 ^ _0989_/A (sky130_fd_sc_hd__or2_1)
     1    0.004018    0.049834    0.098555    1.325983 ^ _0989_/X (sky130_fd_sc_hd__or2_1)
                                                         _0368_ (net)
                      0.049834    0.000147    1.326130 ^ _0990_/B1 (sky130_fd_sc_hd__o211a_1)
     1    0.002275    0.036645    0.132766    1.458896 ^ _0990_/X (sky130_fd_sc_hd__o211a_1)
                                                         _0038_ (net)
                      0.036645    0.000049    1.458945 ^ _1308_/D (sky130_fd_sc_hd__dfxtp_1)
                                              1.458945   data arrival time

                                  0.000000    0.000000   clock aclk (rise edge)
                                  0.000000    0.000000   clock source latency
     1    0.015885    0.077393    0.053115    0.053115 ^ aclk (in)
                                                         aclk (net)
                      0.077407    0.000000    0.053115 ^ clkbuf_0_aclk/A (sky130_fd_sc_hd__clkbuf_16)
     4    0.039251    0.059047    0.152784    0.205898 ^ clkbuf_0_aclk/X (sky130_fd_sc_hd__clkbuf_16)
                                                         clknet_0_aclk (net)
                      0.059081    0.001250    0.207149 ^ clkbuf_2_2__f_aclk/A (sky130_fd_sc_hd__clkbuf_16)
    14    0.040750    0.060360    0.147111    0.354259 ^ clkbuf_2_2__f_aclk/X (sky130_fd_sc_hd__clkbuf_16)
                                                         clknet_2_2__leaf_aclk (net)
                      0.060401    0.001391    0.355650 ^ _1308_/CLK (sky130_fd_sc_hd__dfxtp_1)
                                  0.250000    0.605650   clock uncertainty
                                  0.000000    0.605650   clock reconvergence pessimism
                                 -0.027494    0.578156   library hold time
                                              0.578156   data required time
---------------------------------------------------------------------------------------------
                                              0.578156   data required time
                                             -1.458945   data arrival time
---------------------------------------------------------------------------------------------
                                              0.880789   slack (MET)


Startpoint: _1321_ (rising edge-triggered flip-flop clocked by aclk)
Endpoint: m_axis_tvalid (output port clocked by aclk)
Path Group: aclk
Path Type: min

Fanout         Cap        Slew       Delay        Time   Description
---------------------------------------------------------------------------------------------
                                  0.000000    0.000000   clock aclk (rise edge)
                                  0.000000    0.000000   clock source latency
     1    0.015885    0.077393    0.053115    0.053115 ^ aclk (in)
                                                         aclk (net)
                      0.077407    0.000000    0.053115 ^ clkbuf_0_aclk/A (sky130_fd_sc_hd__clkbuf_16)
     4    0.039251    0.059047    0.152784    0.205898 ^ clkbuf_0_aclk/X (sky130_fd_sc_hd__clkbuf_16)
                                                         clknet_0_aclk (net)
                      0.059099    0.001496    0.207395 ^ clkbuf_2_0__f_aclk/A (sky130_fd_sc_hd__clkbuf_16)
    14    0.041031    0.060606    0.147314    0.354709 ^ clkbuf_2_0__f_aclk/X (sky130_fd_sc_hd__clkbuf_16)
                                                         clknet_2_0__leaf_aclk (net)
                      0.060705    0.002073    0.356782 ^ _1321_/CLK (sky130_fd_sc_hd__dfxtp_1)
     2    0.005260    0.036669    0.307327    0.664109 v _1321_/Q (sky130_fd_sc_hd__dfxtp_1)
                                                         net54 (net)
                      0.036669    0.000132    0.664241 v output54/A (sky130_fd_sc_hd__buf_2)
     1    0.034563    0.090316    0.176865    0.841106 v output54/X (sky130_fd_sc_hd__buf_2)
                                                         m_axis_tvalid (net)
                      0.090325    0.000902    0.842008 v m_axis_tvalid (out)
                                              0.842008   data arrival time

                                  0.000000    0.000000   clock aclk (rise edge)
                                  0.000000    0.000000   clock network delay (propagated)
                                  0.250000    0.250000   clock uncertainty
                                  0.000000    0.250000   clock reconvergence pessimism
                                 -2.000000   -1.750000   output external delay
                                             -1.750000   data required time
---------------------------------------------------------------------------------------------
                                             -1.750000   data required time
                                             -0.842008   data arrival time
---------------------------------------------------------------------------------------------
                                              2.592008   slack (MET)


Startpoint: _1319_ (rising edge-triggered flip-flop clocked by aclk)
Endpoint: m_axis_tlast (output port clocked by aclk)
Path Group: aclk
Path Type: min

Fanout         Cap        Slew       Delay        Time   Description
---------------------------------------------------------------------------------------------
                                  0.000000    0.000000   clock aclk (rise edge)
                                  0.000000    0.000000   clock source latency
     1    0.015885    0.077393    0.053115    0.053115 ^ aclk (in)
                                                         aclk (net)
                      0.077407    0.000000    0.053115 ^ clkbuf_0_aclk/A (sky130_fd_sc_hd__clkbuf_16)
     4    0.039251    0.059047    0.152784    0.205898 ^ clkbuf_0_aclk/X (sky130_fd_sc_hd__clkbuf_16)
                                                         clknet_0_aclk (net)
                      0.059099    0.001496    0.207395 ^ clkbuf_2_0__f_aclk/A (sky130_fd_sc_hd__clkbuf_16)
    14    0.041031    0.060606    0.147314    0.354709 ^ clkbuf_2_0__f_aclk/X (sky130_fd_sc_hd__clkbuf_16)
                                                         clknet_2_0__leaf_aclk (net)
                      0.060693    0.001942    0.356651 ^ _1319_/CLK (sky130_fd_sc_hd__dfxtp_1)
     2    0.005789    0.038877    0.309462    0.666113 v _1319_/Q (sky130_fd_sc_hd__dfxtp_1)
                                                         net53 (net)
                      0.038877    0.000141    0.666253 v output53/A (sky130_fd_sc_hd__buf_2)
     1    0.034667    0.090541    0.177978    0.844232 v output53/X (sky130_fd_sc_hd__buf_2)
                                                         m_axis_tlast (net)
                      0.090551    0.000944    0.845175 v m_axis_tlast (out)
                                              0.845175   data arrival time

                                  0.000000    0.000000   clock aclk (rise edge)
                                  0.000000    0.000000   clock network delay (propagated)
                                  0.250000    0.250000   clock uncertainty
                                  0.000000    0.250000   clock reconvergence pessimism
                                 -2.000000   -1.750000   output external delay
                                             -1.750000   data required time
---------------------------------------------------------------------------------------------
                                             -1.750000   data required time
                                             -0.845175   data arrival time
---------------------------------------------------------------------------------------------
                                              2.595176   slack (MET)


Startpoint: _1301_ (rising edge-triggered flip-flop clocked by aclk)
Endpoint: m_axis_tdata[31] (output port clocked by aclk)
Path Group: aclk
Path Type: min

Fanout         Cap        Slew       Delay        Time   Description
---------------------------------------------------------------------------------------------
                                  0.000000    0.000000   clock aclk (rise edge)
                                  0.000000    0.000000   clock source latency
     1    0.015885    0.077393    0.053115    0.053115 ^ aclk (in)
                                                         aclk (net)
                      0.077407    0.000000    0.053115 ^ clkbuf_0_aclk/A (sky130_fd_sc_hd__clkbuf_16)
     4    0.039251    0.059047    0.152784    0.205898 ^ clkbuf_0_aclk/X (sky130_fd_sc_hd__clkbuf_16)
                                                         clknet_0_aclk (net)
                      0.059084    0.001282    0.207181 ^ clkbuf_2_3__f_aclk/A (sky130_fd_sc_hd__clkbuf_16)
    14    0.042371    0.061866    0.148589    0.355770 ^ clkbuf_2_3__f_aclk/X (sky130_fd_sc_hd__clkbuf_16)
                                                         clknet_2_3__leaf_aclk (net)
                      0.061890    0.001085    0.356854 ^ _1301_/CLK (sky130_fd_sc_hd__dfxtp_1)
     4    0.008694    0.050578    0.321718    0.678573 v _1301_/Q (sky130_fd_sc_hd__dfxtp_1)
                                                         net45 (net)
                      0.050643    0.000125    0.678697 v output45/A (sky130_fd_sc_hd__buf_2)
     1    0.034914    0.091001    0.183479    0.862176 v output45/X (sky130_fd_sc_hd__buf_2)
                                                         m_axis_tdata[31] (net)
                      0.091012    0.000979    0.863155 v m_axis_tdata[31] (out)
                                              0.863155   data arrival time

                                  0.000000    0.000000   clock aclk (rise edge)
                                  0.000000    0.000000   clock network delay (propagated)
                                  0.250000    0.250000   clock uncertainty
                                  0.000000    0.250000   clock reconvergence pessimism
                                 -2.000000   -1.750000   output external delay
                                             -1.750000   data required time
---------------------------------------------------------------------------------------------
                                             -1.750000   data required time
                                             -0.863155   data arrival time
---------------------------------------------------------------------------------------------
                                              2.613155   slack (MET)


Startpoint: _1284_ (rising edge-triggered flip-flop clocked by aclk)
Endpoint: m_axis_tdata[14] (output port clocked by aclk)
Path Group: aclk
Path Type: min

Fanout         Cap        Slew       Delay        Time   Description
---------------------------------------------------------------------------------------------
                                  0.000000    0.000000   clock aclk (rise edge)
                                  0.000000    0.000000   clock source latency
     1    0.015885    0.077393    0.053115    0.053115 ^ aclk (in)
                                                         aclk (net)
                      0.077407    0.000000    0.053115 ^ clkbuf_0_aclk/A (sky130_fd_sc_hd__clkbuf_16)
     4    0.039251    0.059047    0.152784    0.205898 ^ clkbuf_0_aclk/X (sky130_fd_sc_hd__clkbuf_16)
                                                         clknet_0_aclk (net)
                      0.059104    0.001559    0.207457 ^ clkbuf_2_1__f_aclk/A (sky130_fd_sc_hd__clkbuf_16)
    12    0.039172    0.058988    0.146161    0.353618 ^ clkbuf_2_1__f_aclk/X (sky130_fd_sc_hd__clkbuf_16)
                                                         clknet_2_1__leaf_aclk (net)
                      0.059036    0.001439    0.355056 ^ _1284_/CLK (sky130_fd_sc_hd__dfxtp_1)
     4    0.009446    0.053468    0.323416    0.678472 v _1284_/Q (sky130_fd_sc_hd__dfxtp_1)
                                                         net26 (net)
                      0.053529    0.000204    0.678675 v output26/A (sky130_fd_sc_hd__buf_2)
     1    0.034443    0.089921    0.183949    0.862625 v output26/X (sky130_fd_sc_hd__buf_2)
                                                         m_axis_tdata[14] (net)
                      0.089929    0.000857    0.863481 v m_axis_tdata[14] (out)
                                              0.863481   data arrival time

                                  0.000000    0.000000   clock aclk (rise edge)
                                  0.000000    0.000000   clock network delay (propagated)
                                  0.250000    0.250000   clock uncertainty
                                  0.000000    0.250000   clock reconvergence pessimism
                                 -2.000000   -1.750000   output external delay
                                             -1.750000   data required time
---------------------------------------------------------------------------------------------
                                             -1.750000   data required time
                                             -0.863481   data arrival time
---------------------------------------------------------------------------------------------
                                              2.613481   slack (MET)


Startpoint: _1272_ (rising edge-triggered flip-flop clocked by aclk)
Endpoint: m_axis_tdata[2] (output port clocked by aclk)
Path Group: aclk
Path Type: min

Fanout         Cap        Slew       Delay        Time   Description
---------------------------------------------------------------------------------------------
                                  0.000000    0.000000   clock aclk (rise edge)
                                  0.000000    0.000000   clock source latency
     1    0.015885    0.077393    0.053115    0.053115 ^ aclk (in)
                                                         aclk (net)
                      0.077407    0.000000    0.053115 ^ clkbuf_0_aclk/A (sky130_fd_sc_hd__clkbuf_16)
     4    0.039251    0.059047    0.152784    0.205898 ^ clkbuf_0_aclk/X (sky130_fd_sc_hd__clkbuf_16)
                                                         clknet_0_aclk (net)
                      0.059081    0.001250    0.207149 ^ clkbuf_2_2__f_aclk/A (sky130_fd_sc_hd__clkbuf_16)
    14    0.040750    0.060360    0.147111    0.354259 ^ clkbuf_2_2__f_aclk/X (sky130_fd_sc_hd__clkbuf_16)
                                                         clknet_2_2__leaf_aclk (net)
                      0.060453    0.001992    0.356252 ^ _1272_/CLK (sky130_fd_sc_hd__dfxtp_1)
     4    0.009329    0.052958    0.323591    0.679843 v _1272_/Q (sky130_fd_sc_hd__dfxtp_1)
                                                         net43 (net)
                      0.053019    0.000161    0.680004 v output43/A (sky130_fd_sc_hd__buf_2)
     1    0.035168    0.091589    0.184864    0.864868 v output43/X (sky130_fd_sc_hd__buf_2)
                                                         m_axis_tdata[2] (net)
                      0.091604    0.001126    0.865995 v m_axis_tdata[2] (out)
                                              0.865995   data arrival time

                                  0.000000    0.000000   clock aclk (rise edge)
                                  0.000000    0.000000   clock network delay (propagated)
                                  0.250000    0.250000   clock uncertainty
                                  0.000000    0.250000   clock reconvergence pessimism
                                 -2.000000   -1.750000   output external delay
                                             -1.750000   data required time
---------------------------------------------------------------------------------------------
                                             -1.750000   data required time
                                             -0.865995   data arrival time
---------------------------------------------------------------------------------------------
                                              2.615995   slack (MET)


Startpoint: _1300_ (rising edge-triggered flip-flop clocked by aclk)
Endpoint: m_axis_tdata[30] (output port clocked by aclk)
Path Group: aclk
Path Type: min

Fanout         Cap        Slew       Delay        Time   Description
---------------------------------------------------------------------------------------------
                                  0.000000    0.000000   clock aclk (rise edge)
                                  0.000000    0.000000   clock source latency
     1    0.015885    0.077393    0.053115    0.053115 ^ aclk (in)
                                                         aclk (net)
                      0.077407    0.000000    0.053115 ^ clkbuf_0_aclk/A (sky130_fd_sc_hd__clkbuf_16)
     4    0.039251    0.059047    0.152784    0.205898 ^ clkbuf_0_aclk/X (sky130_fd_sc_hd__clkbuf_16)
                                                         clknet_0_aclk (net)
                      0.059084    0.001282    0.207181 ^ clkbuf_2_3__f_aclk/A (sky130_fd_sc_hd__clkbuf_16)
    14    0.042371    0.061866    0.148589    0.355770 ^ clkbuf_2_3__f_aclk/X (sky130_fd_sc_hd__clkbuf_16)
                                                         clknet_2_3__leaf_aclk (net)
                      0.061888    0.001044    0.356814 ^ _1300_/CLK (sky130_fd_sc_hd__dfxtp_1)
     4    0.009876    0.055351    0.325998    0.682812 v _1300_/Q (sky130_fd_sc_hd__dfxtp_1)
                                                         net44 (net)
                      0.055351    0.000148    0.682960 v output44/A (sky130_fd_sc_hd__buf_2)
     1    0.033999    0.088979    0.183933    0.866893 v output44/X (sky130_fd_sc_hd__buf_2)
                                                         m_axis_tdata[30] (net)
                      0.088988    0.000875    0.867768 v m_axis_tdata[30] (out)
                                              0.867768   data arrival time

                                  0.000000    0.000000   clock aclk (rise edge)
                                  0.000000    0.000000   clock network delay (propagated)
                                  0.250000    0.250000   clock uncertainty
                                  0.000000    0.250000   clock reconvergence pessimism
                                 -2.000000   -1.750000   output external delay
                                             -1.750000   data required time
---------------------------------------------------------------------------------------------
                                             -1.750000   data required time
                                             -0.867768   data arrival time
---------------------------------------------------------------------------------------------
                                              2.617767   slack (MET)


Startpoint: _1276_ (rising edge-triggered flip-flop clocked by aclk)
Endpoint: m_axis_tdata[6] (output port clocked by aclk)
Path Group: aclk
Path Type: min

Fanout         Cap        Slew       Delay        Time   Description
---------------------------------------------------------------------------------------------
                                  0.000000    0.000000   clock aclk (rise edge)
                                  0.000000    0.000000   clock source latency
     1    0.015885    0.077393    0.053115    0.053115 ^ aclk (in)
                                                         aclk (net)
                      0.077407    0.000000    0.053115 ^ clkbuf_0_aclk/A (sky130_fd_sc_hd__clkbuf_16)
     4    0.039251    0.059047    0.152784    0.205898 ^ clkbuf_0_aclk/X (sky130_fd_sc_hd__clkbuf_16)
                                                         clknet_0_aclk (net)
                      0.059084    0.001282    0.207181 ^ clkbuf_2_3__f_aclk/A (sky130_fd_sc_hd__clkbuf_16)
    14    0.042371    0.061866    0.148589    0.355770 ^ clkbuf_2_3__f_aclk/X (sky130_fd_sc_hd__clkbuf_16)
                                                         clknet_2_3__leaf_aclk (net)
                      0.061885    0.000981    0.356751 ^ _1276_/CLK (sky130_fd_sc_hd__dfxtp_1)
     4    0.009555    0.053986    0.324879    0.681630 v _1276_/Q (sky130_fd_sc_hd__dfxtp_1)
                                                         net49 (net)
                      0.053986    0.000250    0.681880 v output49/A (sky130_fd_sc_hd__buf_2)
     1    0.035243    0.091763    0.185415    0.867296 v output49/X (sky130_fd_sc_hd__buf_2)
                                                         m_axis_tdata[6] (net)
                      0.091779    0.001159    0.868454 v m_axis_tdata[6] (out)
                                              0.868454   data arrival time

                                  0.000000    0.000000   clock aclk (rise edge)
                                  0.000000    0.000000   clock network delay (propagated)
                                  0.250000    0.250000   clock uncertainty
                                  0.000000    0.250000   clock reconvergence pessimism
                                 -2.000000   -1.750000   output external delay
                                             -1.750000   data required time
---------------------------------------------------------------------------------------------
                                             -1.750000   data required time
                                             -0.868454   data arrival time
---------------------------------------------------------------------------------------------
                                              2.618454   slack (MET)


Startpoint: _1273_ (rising edge-triggered flip-flop clocked by aclk)
Endpoint: m_axis_tdata[3] (output port clocked by aclk)
Path Group: aclk
Path Type: min

Fanout         Cap        Slew       Delay        Time   Description
---------------------------------------------------------------------------------------------
                                  0.000000    0.000000   clock aclk (rise edge)
                                  0.000000    0.000000   clock source latency
     1    0.015885    0.077393    0.053115    0.053115 ^ aclk (in)
                                                         aclk (net)
                      0.077407    0.000000    0.053115 ^ clkbuf_0_aclk/A (sky130_fd_sc_hd__clkbuf_16)
     4    0.039251    0.059047    0.152784    0.205898 ^ clkbuf_0_aclk/X (sky130_fd_sc_hd__clkbuf_16)
                                                         clknet_0_aclk (net)
                      0.059081    0.001250    0.207149 ^ clkbuf_2_2__f_aclk/A (sky130_fd_sc_hd__clkbuf_16)
    14    0.040750    0.060360    0.147111    0.354259 ^ clkbuf_2_2__f_aclk/X (sky130_fd_sc_hd__clkbuf_16)
                                                         clknet_2_2__leaf_aclk (net)
                      0.060441    0.001868    0.356127 ^ _1273_/CLK (sky130_fd_sc_hd__dfxtp_1)
     4    0.010167    0.056587    0.326460    0.682588 v _1273_/Q (sky130_fd_sc_hd__dfxtp_1)
                                                         net46 (net)
                      0.056587    0.000230    0.682818 v output46/A (sky130_fd_sc_hd__buf_2)
     1    0.034373    0.089762    0.185234    0.868052 v output46/X (sky130_fd_sc_hd__buf_2)
                                                         m_axis_tdata[3] (net)
                      0.089769    0.000827    0.868879 v m_axis_tdata[3] (out)
                                              0.868879   data arrival time

                                  0.000000    0.000000   clock aclk (rise edge)
                                  0.000000    0.000000   clock network delay (propagated)
                                  0.250000    0.250000   clock uncertainty
                                  0.000000    0.250000   clock reconvergence pessimism
                                 -2.000000   -1.750000   output external delay
                                             -1.750000   data required time
---------------------------------------------------------------------------------------------
                                             -1.750000   data required time
                                             -0.868879   data arrival time
---------------------------------------------------------------------------------------------
                                              2.618879   slack (MET)


Startpoint: _1274_ (rising edge-triggered flip-flop clocked by aclk)
Endpoint: m_axis_tdata[4] (output port clocked by aclk)
Path Group: aclk
Path Type: min

Fanout         Cap        Slew       Delay        Time   Description
---------------------------------------------------------------------------------------------
                                  0.000000    0.000000   clock aclk (rise edge)
                                  0.000000    0.000000   clock source latency
     1    0.015885    0.077393    0.053115    0.053115 ^ aclk (in)
                                                         aclk (net)
                      0.077407    0.000000    0.053115 ^ clkbuf_0_aclk/A (sky130_fd_sc_hd__clkbuf_16)
     4    0.039251    0.059047    0.152784    0.205898 ^ clkbuf_0_aclk/X (sky130_fd_sc_hd__clkbuf_16)
                                                         clknet_0_aclk (net)
                      0.059084    0.001282    0.207181 ^ clkbuf_2_3__f_aclk/A (sky130_fd_sc_hd__clkbuf_16)
    14    0.042371    0.061866    0.148589    0.355770 ^ clkbuf_2_3__f_aclk/X (sky130_fd_sc_hd__clkbuf_16)
                                                         clknet_2_3__leaf_aclk (net)
                      0.061889    0.001055    0.356824 ^ _1274_/CLK (sky130_fd_sc_hd__dfxtp_1)
     4    0.009993    0.055847    0.326399    0.683223 v _1274_/Q (sky130_fd_sc_hd__dfxtp_1)
                                                         net47 (net)
                      0.055847    0.000150    0.683374 v output47/A (sky130_fd_sc_hd__buf_2)
     1    0.034342    0.089690    0.184846    0.868219 v output47/X (sky130_fd_sc_hd__buf_2)
                                                         m_axis_tdata[4] (net)
                      0.089697    0.000817    0.869037 v m_axis_tdata[4] (out)
                                              0.869037   data arrival time

                                  0.000000    0.000000   clock aclk (rise edge)
                                  0.000000    0.000000   clock network delay (propagated)
                                  0.250000    0.250000   clock uncertainty
                                  0.000000    0.250000   clock reconvergence pessimism
                                 -2.000000   -1.750000   output external delay
                                             -1.750000   data required time
---------------------------------------------------------------------------------------------
                                             -1.750000   data required time
                                             -0.869037   data arrival time
---------------------------------------------------------------------------------------------
                                              2.619037   slack (MET)


Startpoint: _1277_ (rising edge-triggered flip-flop clocked by aclk)
Endpoint: m_axis_tdata[7] (output port clocked by aclk)
Path Group: aclk
Path Type: min

Fanout         Cap        Slew       Delay        Time   Description
---------------------------------------------------------------------------------------------
                                  0.000000    0.000000   clock aclk (rise edge)
                                  0.000000    0.000000   clock source latency
     1    0.015885    0.077393    0.053115    0.053115 ^ aclk (in)
                                                         aclk (net)
                      0.077407    0.000000    0.053115 ^ clkbuf_0_aclk/A (sky130_fd_sc_hd__clkbuf_16)
     4    0.039251    0.059047    0.152784    0.205898 ^ clkbuf_0_aclk/X (sky130_fd_sc_hd__clkbuf_16)
                                                         clknet_0_aclk (net)
                      0.059084    0.001282    0.207181 ^ clkbuf_2_3__f_aclk/A (sky130_fd_sc_hd__clkbuf_16)
    14    0.042371    0.061866    0.148589    0.355770 ^ clkbuf_2_3__f_aclk/X (sky130_fd_sc_hd__clkbuf_16)
                                                         clknet_2_3__leaf_aclk (net)
                      0.061874    0.000692    0.356462 ^ _1277_/CLK (sky130_fd_sc_hd__dfxtp_1)
     4    0.010947    0.059912    0.329706    0.686168 v _1277_/Q (sky130_fd_sc_hd__dfxtp_1)
                                                         net50 (net)
                      0.059912    0.000204    0.686372 v output50/A (sky130_fd_sc_hd__buf_2)
     1    0.034128    0.089284    0.186209    0.872582 v output50/X (sky130_fd_sc_hd__buf_2)
                                                         m_axis_tdata[7] (net)
                      0.089294    0.000928    0.873510 v m_axis_tdata[7] (out)
                                              0.873510   data arrival time

                                  0.000000    0.000000   clock aclk (rise edge)
                                  0.000000    0.000000   clock network delay (propagated)
                                  0.250000    0.250000   clock uncertainty
                                  0.000000    0.250000   clock reconvergence pessimism
                                 -2.000000   -1.750000   output external delay
                                             -1.750000   data required time
---------------------------------------------------------------------------------------------
                                             -1.750000   data required time
                                             -0.873510   data arrival time
---------------------------------------------------------------------------------------------
                                              2.623510   slack (MET)


Startpoint: _1285_ (rising edge-triggered flip-flop clocked by aclk)
Endpoint: m_axis_tdata[15] (output port clocked by aclk)
Path Group: aclk
Path Type: min

Fanout         Cap        Slew       Delay        Time   Description
---------------------------------------------------------------------------------------------
                                  0.000000    0.000000   clock aclk (rise edge)
                                  0.000000    0.000000   clock source latency
     1    0.015885    0.077393    0.053115    0.053115 ^ aclk (in)
                                                         aclk (net)
                      0.077407    0.000000    0.053115 ^ clkbuf_0_aclk/A (sky130_fd_sc_hd__clkbuf_16)
     4    0.039251    0.059047    0.152784    0.205898 ^ clkbuf_0_aclk/X (sky130_fd_sc_hd__clkbuf_16)
                                                         clknet_0_aclk (net)
                      0.059099    0.001496    0.207395 ^ clkbuf_2_0__f_aclk/A (sky130_fd_sc_hd__clkbuf_16)
    14    0.041031    0.060606    0.147314    0.354709 ^ clkbuf_2_0__f_aclk/X (sky130_fd_sc_hd__clkbuf_16)
                                                         clknet_2_0__leaf_aclk (net)
                      0.060707    0.002085    0.356794 ^ _1285_/CLK (sky130_fd_sc_hd__dfxtp_1)
     4    0.010544    0.058203    0.327850    0.684644 v _1285_/Q (sky130_fd_sc_hd__dfxtp_1)
                                                         net27 (net)
                      0.058203    0.000211    0.684855 v output27/A (sky130_fd_sc_hd__buf_2)
     1    0.035387    0.092103    0.187556    0.872411 v output27/X (sky130_fd_sc_hd__buf_2)
                                                         m_axis_tdata[15] (net)
                      0.092121    0.001219    0.873630 v m_axis_tdata[15] (out)
                                              0.873630   data arrival time

                                  0.000000    0.000000   clock aclk (rise edge)
                                  0.000000    0.000000   clock network delay (propagated)
                                  0.250000    0.250000   clock uncertainty
                                  0.000000    0.250000   clock reconvergence pessimism
                                 -2.000000   -1.750000   output external delay
                                             -1.750000   data required time
---------------------------------------------------------------------------------------------
                                             -1.750000   data required time
                                             -0.873630   data arrival time
---------------------------------------------------------------------------------------------
                                              2.623630   slack (MET)


Startpoint: _1280_ (rising edge-triggered flip-flop clocked by aclk)
Endpoint: m_axis_tdata[10] (output port clocked by aclk)
Path Group: aclk
Path Type: min

Fanout         Cap        Slew       Delay        Time   Description
---------------------------------------------------------------------------------------------
                                  0.000000    0.000000   clock aclk (rise edge)
                                  0.000000    0.000000   clock source latency
     1    0.015885    0.077393    0.053115    0.053115 ^ aclk (in)
                                                         aclk (net)
                      0.077407    0.000000    0.053115 ^ clkbuf_0_aclk/A (sky130_fd_sc_hd__clkbuf_16)
     4    0.039251    0.059047    0.152784    0.205898 ^ clkbuf_0_aclk/X (sky130_fd_sc_hd__clkbuf_16)
                                                         clknet_0_aclk (net)
                      0.059104    0.001559    0.207457 ^ clkbuf_2_1__f_aclk/A (sky130_fd_sc_hd__clkbuf_16)
    12    0.039172    0.058988    0.146161    0.353618 ^ clkbuf_2_1__f_aclk/X (sky130_fd_sc_hd__clkbuf_16)
                                                         clknet_2_1__leaf_aclk (net)
                      0.059003    0.000900    0.354518 ^ _1280_/CLK (sky130_fd_sc_hd__dfxtp_1)
     4    0.011339    0.061588    0.329998    0.684515 v _1280_/Q (sky130_fd_sc_hd__dfxtp_1)
                                                         net22 (net)
                      0.061589    0.000251    0.684766 v output22/A (sky130_fd_sc_hd__buf_2)
     1    0.034899    0.090953    0.188386    0.873152 v output22/X (sky130_fd_sc_hd__buf_2)
                                                         m_axis_tdata[10] (net)
                      0.090963    0.000959    0.874111 v m_axis_tdata[10] (out)
                                              0.874111   data arrival time

                                  0.000000    0.000000   clock aclk (rise edge)
                                  0.000000    0.000000   clock network delay (propagated)
                                  0.250000    0.250000   clock uncertainty
                                  0.000000    0.250000   clock reconvergence pessimism
                                 -2.000000   -1.750000   output external delay
                                             -1.750000   data required time
---------------------------------------------------------------------------------------------
                                             -1.750000   data required time
                                             -0.874111   data arrival time
---------------------------------------------------------------------------------------------
                                              2.624111   slack (MET)


Startpoint: _1288_ (rising edge-triggered flip-flop clocked by aclk)
Endpoint: m_axis_tdata[18] (output port clocked by aclk)
Path Group: aclk
Path Type: min

Fanout         Cap        Slew       Delay        Time   Description
---------------------------------------------------------------------------------------------
                                  0.000000    0.000000   clock aclk (rise edge)
                                  0.000000    0.000000   clock source latency
     1    0.015885    0.077393    0.053115    0.053115 ^ aclk (in)
                                                         aclk (net)
                      0.077407    0.000000    0.053115 ^ clkbuf_0_aclk/A (sky130_fd_sc_hd__clkbuf_16)
     4    0.039251    0.059047    0.152784    0.205898 ^ clkbuf_0_aclk/X (sky130_fd_sc_hd__clkbuf_16)
                                                         clknet_0_aclk (net)
                      0.059104    0.001559    0.207457 ^ clkbuf_2_1__f_aclk/A (sky130_fd_sc_hd__clkbuf_16)
    12    0.039172    0.058988    0.146161    0.353618 ^ clkbuf_2_1__f_aclk/X (sky130_fd_sc_hd__clkbuf_16)
                                                         clknet_2_1__leaf_aclk (net)
                      0.059011    0.001043    0.354660 ^ _1288_/CLK (sky130_fd_sc_hd__dfxtp_1)
     5    0.011801    0.063566    0.331607    0.686267 v _1288_/Q (sky130_fd_sc_hd__dfxtp_1)
                                                         net30 (net)
                      0.063566    0.000155    0.686422 v output30/A (sky130_fd_sc_hd__buf_2)
     1    0.034131    0.089300    0.187866    0.874288 v output30/X (sky130_fd_sc_hd__buf_2)
                                                         m_axis_tdata[18] (net)
                      0.089310    0.000943    0.875231 v m_axis_tdata[18] (out)
                                              0.875231   data arrival time

                                  0.000000    0.000000   clock aclk (rise edge)
                                  0.000000    0.000000   clock network delay (propagated)
                                  0.250000    0.250000   clock uncertainty
                                  0.000000    0.250000   clock reconvergence pessimism
                                 -2.000000   -1.750000   output external delay
                                             -1.750000   data required time
---------------------------------------------------------------------------------------------
                                             -1.750000   data required time
                                             -0.875231   data arrival time
---------------------------------------------------------------------------------------------
                                              2.625231   slack (MET)


Startpoint: _1275_ (rising edge-triggered flip-flop clocked by aclk)
Endpoint: m_axis_tdata[5] (output port clocked by aclk)
Path Group: aclk
Path Type: min

Fanout         Cap        Slew       Delay        Time   Description
---------------------------------------------------------------------------------------------
                                  0.000000    0.000000   clock aclk (rise edge)
                                  0.000000    0.000000   clock source latency
     1    0.015885    0.077393    0.053115    0.053115 ^ aclk (in)
                                                         aclk (net)
                      0.077407    0.000000    0.053115 ^ clkbuf_0_aclk/A (sky130_fd_sc_hd__clkbuf_16)
     4    0.039251    0.059047    0.152784    0.205898 ^ clkbuf_0_aclk/X (sky130_fd_sc_hd__clkbuf_16)
                                                         clknet_0_aclk (net)
                      0.059084    0.001282    0.207181 ^ clkbuf_2_3__f_aclk/A (sky130_fd_sc_hd__clkbuf_16)
    14    0.042371    0.061866    0.148589    0.355770 ^ clkbuf_2_3__f_aclk/X (sky130_fd_sc_hd__clkbuf_16)
                                                         clknet_2_3__leaf_aclk (net)
                      0.061889    0.001069    0.356839 ^ _1275_/CLK (sky130_fd_sc_hd__dfxtp_1)
     5    0.011868    0.063886    0.332837    0.689675 v _1275_/Q (sky130_fd_sc_hd__dfxtp_1)
                                                         net48 (net)
                      0.063886    0.000272    0.689948 v output48/A (sky130_fd_sc_hd__buf_2)
     1    0.034242    0.089468    0.188348    0.878295 v output48/X (sky130_fd_sc_hd__buf_2)
                                                         m_axis_tdata[5] (net)
                      0.089474    0.000778    0.879074 v m_axis_tdata[5] (out)
                                              0.879074   data arrival time

                                  0.000000    0.000000   clock aclk (rise edge)
                                  0.000000    0.000000   clock network delay (propagated)
                                  0.250000    0.250000   clock uncertainty
                                  0.000000    0.250000   clock reconvergence pessimism
                                 -2.000000   -1.750000   output external delay
                                             -1.750000   data required time
---------------------------------------------------------------------------------------------
                                             -1.750000   data required time
                                             -0.879074   data arrival time
---------------------------------------------------------------------------------------------
                                              2.629073   slack (MET)


Startpoint: _1296_ (rising edge-triggered flip-flop clocked by aclk)
Endpoint: m_axis_tdata[26] (output port clocked by aclk)
Path Group: aclk
Path Type: min

Fanout         Cap        Slew       Delay        Time   Description
---------------------------------------------------------------------------------------------
                                  0.000000    0.000000   clock aclk (rise edge)
                                  0.000000    0.000000   clock source latency
     1    0.015885    0.077393    0.053115    0.053115 ^ aclk (in)
                                                         aclk (net)
                      0.077407    0.000000    0.053115 ^ clkbuf_0_aclk/A (sky130_fd_sc_hd__clkbuf_16)
     4    0.039251    0.059047    0.152784    0.205898 ^ clkbuf_0_aclk/X (sky130_fd_sc_hd__clkbuf_16)
                                                         clknet_0_aclk (net)
                      0.059084    0.001282    0.207181 ^ clkbuf_2_3__f_aclk/A (sky130_fd_sc_hd__clkbuf_16)
    14    0.042371    0.061866    0.148589    0.355770 ^ clkbuf_2_3__f_aclk/X (sky130_fd_sc_hd__clkbuf_16)
                                                         clknet_2_3__leaf_aclk (net)
                      0.061888    0.001047    0.356816 ^ _1296_/CLK (sky130_fd_sc_hd__dfxtp_1)
     5    0.011758    0.063394    0.332495    0.689311 v _1296_/Q (sky130_fd_sc_hd__dfxtp_1)
                                                         net39 (net)
                      0.063394    0.000296    0.689607 v output39/A (sky130_fd_sc_hd__buf_2)
     1    0.034668    0.090426    0.188839    0.878446 v output39/X (sky130_fd_sc_hd__buf_2)
                                                         m_axis_tdata[26] (net)
                      0.090434    0.000878    0.879324 v m_axis_tdata[26] (out)
                                              0.879324   data arrival time

                                  0.000000    0.000000   clock aclk (rise edge)
                                  0.000000    0.000000   clock network delay (propagated)
                                  0.250000    0.250000   clock uncertainty
                                  0.000000    0.250000   clock reconvergence pessimism
                                 -2.000000   -1.750000   output external delay
                                             -1.750000   data required time
---------------------------------------------------------------------------------------------
                                             -1.750000   data required time
                                             -0.879324   data arrival time
---------------------------------------------------------------------------------------------
                                              2.629324   slack (MET)


Startpoint: _1270_ (rising edge-triggered flip-flop clocked by aclk)
Endpoint: m_axis_tdata[0] (output port clocked by aclk)
Path Group: aclk
Path Type: min

Fanout         Cap        Slew       Delay        Time   Description
---------------------------------------------------------------------------------------------
                                  0.000000    0.000000   clock aclk (rise edge)
                                  0.000000    0.000000   clock source latency
     1    0.015885    0.077393    0.053115    0.053115 ^ aclk (in)
                                                         aclk (net)
                      0.077407    0.000000    0.053115 ^ clkbuf_0_aclk/A (sky130_fd_sc_hd__clkbuf_16)
     4    0.039251    0.059047    0.152784    0.205898 ^ clkbuf_0_aclk/X (sky130_fd_sc_hd__clkbuf_16)
                                                         clknet_0_aclk (net)
                      0.059081    0.001250    0.207149 ^ clkbuf_2_2__f_aclk/A (sky130_fd_sc_hd__clkbuf_16)
    14    0.040750    0.060360    0.147111    0.354259 ^ clkbuf_2_2__f_aclk/X (sky130_fd_sc_hd__clkbuf_16)
                                                         clknet_2_2__leaf_aclk (net)
                      0.060395    0.001300    0.355560 ^ _1270_/CLK (sky130_fd_sc_hd__dfxtp_1)
     4    0.012353    0.065964    0.333968    0.689528 v _1270_/Q (sky130_fd_sc_hd__dfxtp_1)
                                                         net21 (net)
                      0.065965    0.000398    0.689926 v output21/A (sky130_fd_sc_hd__buf_2)
     1    0.034491    0.090047    0.189683    0.879609 v output21/X (sky130_fd_sc_hd__buf_2)
                                                         m_axis_tdata[0] (net)
                      0.090055    0.000875    0.880484 v m_axis_tdata[0] (out)
                                              0.880484   data arrival time

                                  0.000000    0.000000   clock aclk (rise edge)
                                  0.000000    0.000000   clock network delay (propagated)
                                  0.250000    0.250000   clock uncertainty
                                  0.000000    0.250000   clock reconvergence pessimism
                                 -2.000000   -1.750000   output external delay
                                             -1.750000   data required time
---------------------------------------------------------------------------------------------
                                             -1.750000   data required time
                                             -0.880484   data arrival time
---------------------------------------------------------------------------------------------
                                              2.630484   slack (MET)


Startpoint: _1278_ (rising edge-triggered flip-flop clocked by aclk)
Endpoint: m_axis_tdata[8] (output port clocked by aclk)
Path Group: aclk
Path Type: min

Fanout         Cap        Slew       Delay        Time   Description
---------------------------------------------------------------------------------------------
                                  0.000000    0.000000   clock aclk (rise edge)
                                  0.000000    0.000000   clock source latency
     1    0.015885    0.077393    0.053115    0.053115 ^ aclk (in)
                                                         aclk (net)
                      0.077407    0.000000    0.053115 ^ clkbuf_0_aclk/A (sky130_fd_sc_hd__clkbuf_16)
     4    0.039251    0.059047    0.152784    0.205898 ^ clkbuf_0_aclk/X (sky130_fd_sc_hd__clkbuf_16)
                                                         clknet_0_aclk (net)
                      0.059084    0.001282    0.207181 ^ clkbuf_2_3__f_aclk/A (sky130_fd_sc_hd__clkbuf_16)
    14    0.042371    0.061866    0.148589    0.355770 ^ clkbuf_2_3__f_aclk/X (sky130_fd_sc_hd__clkbuf_16)
                                                         clknet_2_3__leaf_aclk (net)
                      0.061874    0.000699    0.356468 ^ _1278_/CLK (sky130_fd_sc_hd__dfxtp_1)
     4    0.012029    0.064563    0.333421    0.689889 v _1278_/Q (sky130_fd_sc_hd__dfxtp_1)
                                                         net51 (net)
                      0.064563    0.000255    0.690144 v output51/A (sky130_fd_sc_hd__buf_2)
     1    0.034890    0.090940    0.189720    0.879865 v output51/X (sky130_fd_sc_hd__buf_2)
                                                         m_axis_tdata[8] (net)
                      0.090950    0.000963    0.880828 v m_axis_tdata[8] (out)
                                              0.880828   data arrival time

                                  0.000000    0.000000   clock aclk (rise edge)
                                  0.000000    0.000000   clock network delay (propagated)
                                  0.250000    0.250000   clock uncertainty
                                  0.000000    0.250000   clock reconvergence pessimism
                                 -2.000000   -1.750000   output external delay
                                             -1.750000   data required time
---------------------------------------------------------------------------------------------
                                             -1.750000   data required time
                                             -0.880828   data arrival time
---------------------------------------------------------------------------------------------
                                              2.630828   slack (MET)


Startpoint: _1292_ (rising edge-triggered flip-flop clocked by aclk)
Endpoint: m_axis_tdata[22] (output port clocked by aclk)
Path Group: aclk
Path Type: min

Fanout         Cap        Slew       Delay        Time   Description
---------------------------------------------------------------------------------------------
                                  0.000000    0.000000   clock aclk (rise edge)
                                  0.000000    0.000000   clock source latency
     1    0.015885    0.077393    0.053115    0.053115 ^ aclk (in)
                                                         aclk (net)
                      0.077407    0.000000    0.053115 ^ clkbuf_0_aclk/A (sky130_fd_sc_hd__clkbuf_16)
     4    0.039251    0.059047    0.152784    0.205898 ^ clkbuf_0_aclk/X (sky130_fd_sc_hd__clkbuf_16)
                                                         clknet_0_aclk (net)
                      0.059104    0.001559    0.207457 ^ clkbuf_2_1__f_aclk/A (sky130_fd_sc_hd__clkbuf_16)
    12    0.039172    0.058988    0.146161    0.353618 ^ clkbuf_2_1__f_aclk/X (sky130_fd_sc_hd__clkbuf_16)
                                                         clknet_2_1__leaf_aclk (net)
                      0.059028    0.001325    0.354943 ^ _1292_/CLK (sky130_fd_sc_hd__dfxtp_1)
     5    0.013254    0.069832    0.336599    0.691541 v _1292_/Q (sky130_fd_sc_hd__dfxtp_1)
                                                         net35 (net)
                      0.069833    0.000364    0.691905 v output35/A (sky130_fd_sc_hd__buf_2)
     1    0.034089    0.089214    0.190644    0.882549 v output35/X (sky130_fd_sc_hd__buf_2)
                                                         m_axis_tdata[22] (net)
                      0.089224    0.000936    0.883485 v m_axis_tdata[22] (out)
                                              0.883485   data arrival time

                                  0.000000    0.000000   clock aclk (rise edge)
                                  0.000000    0.000000   clock network delay (propagated)
                                  0.250000    0.250000   clock uncertainty
                                  0.000000    0.250000   clock reconvergence pessimism
                                 -2.000000   -1.750000   output external delay
                                             -1.750000   data required time
---------------------------------------------------------------------------------------------
                                             -1.750000   data required time
                                             -0.883485   data arrival time
---------------------------------------------------------------------------------------------
                                              2.633485   slack (MET)


Startpoint: _1279_ (rising edge-triggered flip-flop clocked by aclk)
Endpoint: m_axis_tdata[9] (output port clocked by aclk)
Path Group: aclk
Path Type: min

Fanout         Cap        Slew       Delay        Time   Description
---------------------------------------------------------------------------------------------
                                  0.000000    0.000000   clock aclk (rise edge)
                                  0.000000    0.000000   clock source latency
     1    0.015885    0.077393    0.053115    0.053115 ^ aclk (in)
                                                         aclk (net)
                      0.077407    0.000000    0.053115 ^ clkbuf_0_aclk/A (sky130_fd_sc_hd__clkbuf_16)
     4    0.039251    0.059047    0.152784    0.205898 ^ clkbuf_0_aclk/X (sky130_fd_sc_hd__clkbuf_16)
                                                         clknet_0_aclk (net)
                      0.059084    0.001282    0.207181 ^ clkbuf_2_3__f_aclk/A (sky130_fd_sc_hd__clkbuf_16)
    14    0.042371    0.061866    0.148589    0.355770 ^ clkbuf_2_3__f_aclk/X (sky130_fd_sc_hd__clkbuf_16)
                                                         clknet_2_3__leaf_aclk (net)
                      0.061886    0.001007    0.356777 ^ _1279_/CLK (sky130_fd_sc_hd__dfxtp_1)
     4    0.012829    0.067983    0.336245    0.693023 v _1279_/Q (sky130_fd_sc_hd__dfxtp_1)
                                                         net52 (net)
                      0.067983    0.000227    0.693250 v output52/A (sky130_fd_sc_hd__buf_2)
     1    0.033973    0.088938    0.189631    0.882881 v output52/X (sky130_fd_sc_hd__buf_2)
                                                         m_axis_tdata[9] (net)
                      0.088947    0.000875    0.883756 v m_axis_tdata[9] (out)
                                              0.883756   data arrival time

                                  0.000000    0.000000   clock aclk (rise edge)
                                  0.000000    0.000000   clock network delay (propagated)
                                  0.250000    0.250000   clock uncertainty
                                  0.000000    0.250000   clock reconvergence pessimism
                                 -2.000000   -1.750000   output external delay
                                             -1.750000   data required time
---------------------------------------------------------------------------------------------
                                             -1.750000   data required time
                                             -0.883756   data arrival time
---------------------------------------------------------------------------------------------
                                              2.633756   slack (MET)


Startpoint: _1289_ (rising edge-triggered flip-flop clocked by aclk)
Endpoint: m_axis_tdata[19] (output port clocked by aclk)
Path Group: aclk
Path Type: min

Fanout         Cap        Slew       Delay        Time   Description
---------------------------------------------------------------------------------------------
                                  0.000000    0.000000   clock aclk (rise edge)
                                  0.000000    0.000000   clock source latency
     1    0.015885    0.077393    0.053115    0.053115 ^ aclk (in)
                                                         aclk (net)
                      0.077407    0.000000    0.053115 ^ clkbuf_0_aclk/A (sky130_fd_sc_hd__clkbuf_16)
     4    0.039251    0.059047    0.152784    0.205898 ^ clkbuf_0_aclk/X (sky130_fd_sc_hd__clkbuf_16)
                                                         clknet_0_aclk (net)
                      0.059104    0.001559    0.207457 ^ clkbuf_2_1__f_aclk/A (sky130_fd_sc_hd__clkbuf_16)
    12    0.039172    0.058988    0.146161    0.353618 ^ clkbuf_2_1__f_aclk/X (sky130_fd_sc_hd__clkbuf_16)
                                                         clknet_2_1__leaf_aclk (net)
                      0.059004    0.000911    0.354528 ^ _1289_/CLK (sky130_fd_sc_hd__dfxtp_1)
     4    0.013422    0.070555    0.337172    0.691700 v _1289_/Q (sky130_fd_sc_hd__dfxtp_1)
                                                         net31 (net)
                      0.070555    0.000367    0.692067 v output31/A (sky130_fd_sc_hd__buf_2)
     1    0.034914    0.090995    0.192497    0.884564 v output31/X (sky130_fd_sc_hd__buf_2)
                                                         m_axis_tdata[19] (net)
                      0.091005    0.000955    0.885519 v m_axis_tdata[19] (out)
                                              0.885519   data arrival time

                                  0.000000    0.000000   clock aclk (rise edge)
                                  0.000000    0.000000   clock network delay (propagated)
                                  0.250000    0.250000   clock uncertainty
                                  0.000000    0.250000   clock reconvergence pessimism
                                 -2.000000   -1.750000   output external delay
                                             -1.750000   data required time
---------------------------------------------------------------------------------------------
                                             -1.750000   data required time
                                             -0.885519   data arrival time
---------------------------------------------------------------------------------------------
                                              2.635519   slack (MET)


Startpoint: _1281_ (rising edge-triggered flip-flop clocked by aclk)
Endpoint: m_axis_tdata[11] (output port clocked by aclk)
Path Group: aclk
Path Type: min

Fanout         Cap        Slew       Delay        Time   Description
---------------------------------------------------------------------------------------------
                                  0.000000    0.000000   clock aclk (rise edge)
                                  0.000000    0.000000   clock source latency
     1    0.015885    0.077393    0.053115    0.053115 ^ aclk (in)
                                                         aclk (net)
                      0.077407    0.000000    0.053115 ^ clkbuf_0_aclk/A (sky130_fd_sc_hd__clkbuf_16)
     4    0.039251    0.059047    0.152784    0.205898 ^ clkbuf_0_aclk/X (sky130_fd_sc_hd__clkbuf_16)
                                                         clknet_0_aclk (net)
                      0.059104    0.001559    0.207457 ^ clkbuf_2_1__f_aclk/A (sky130_fd_sc_hd__clkbuf_16)
    12    0.039172    0.058988    0.146161    0.353618 ^ clkbuf_2_1__f_aclk/X (sky130_fd_sc_hd__clkbuf_16)
                                                         clknet_2_1__leaf_aclk (net)
                      0.059002    0.000883    0.354500 ^ _1281_/CLK (sky130_fd_sc_hd__dfxtp_1)
     5    0.013594    0.071280    0.337816    0.692317 v _1281_/Q (sky130_fd_sc_hd__dfxtp_1)
                                                         net23 (net)
                      0.071280    0.000277    0.692594 v output23/A (sky130_fd_sc_hd__buf_2)
     1    0.034891    0.090944    0.192784    0.885378 v output23/X (sky130_fd_sc_hd__buf_2)
                                                         m_axis_tdata[11] (net)
                      0.090954    0.000953    0.886331 v m_axis_tdata[11] (out)
                                              0.886331   data arrival time

                                  0.000000    0.000000   clock aclk (rise edge)
                                  0.000000    0.000000   clock network delay (propagated)
                                  0.250000    0.250000   clock uncertainty
                                  0.000000    0.250000   clock reconvergence pessimism
                                 -2.000000   -1.750000   output external delay
                                             -1.750000   data required time
---------------------------------------------------------------------------------------------
                                             -1.750000   data required time
                                             -0.886331   data arrival time
---------------------------------------------------------------------------------------------
                                              2.636331   slack (MET)


Startpoint: _1298_ (rising edge-triggered flip-flop clocked by aclk)
Endpoint: m_axis_tdata[28] (output port clocked by aclk)
Path Group: aclk
Path Type: min

Fanout         Cap        Slew       Delay        Time   Description
---------------------------------------------------------------------------------------------
                                  0.000000    0.000000   clock aclk (rise edge)
                                  0.000000    0.000000   clock source latency
     1    0.015885    0.077393    0.053115    0.053115 ^ aclk (in)
                                                         aclk (net)
                      0.077407    0.000000    0.053115 ^ clkbuf_0_aclk/A (sky130_fd_sc_hd__clkbuf_16)
     4    0.039251    0.059047    0.152784    0.205898 ^ clkbuf_0_aclk/X (sky130_fd_sc_hd__clkbuf_16)
                                                         clknet_0_aclk (net)
                      0.059084    0.001282    0.207181 ^ clkbuf_2_3__f_aclk/A (sky130_fd_sc_hd__clkbuf_16)
    14    0.042371    0.061866    0.148589    0.355770 ^ clkbuf_2_3__f_aclk/X (sky130_fd_sc_hd__clkbuf_16)
                                                         clknet_2_3__leaf_aclk (net)
                      0.061873    0.000677    0.356447 ^ _1298_/CLK (sky130_fd_sc_hd__dfxtp_1)
     5    0.013108    0.069187    0.337200    0.693647 v _1298_/Q (sky130_fd_sc_hd__dfxtp_1)
                                                         net41 (net)
                      0.069187    0.000284    0.693931 v output41/A (sky130_fd_sc_hd__buf_2)
     1    0.034717    0.090548    0.191548    0.885479 v output41/X (sky130_fd_sc_hd__buf_2)
                                                         m_axis_tdata[28] (net)
                      0.090557    0.000901    0.886380 v m_axis_tdata[28] (out)
                                              0.886380   data arrival time

                                  0.000000    0.000000   clock aclk (rise edge)
                                  0.000000    0.000000   clock network delay (propagated)
                                  0.250000    0.250000   clock uncertainty
                                  0.000000    0.250000   clock reconvergence pessimism
                                 -2.000000   -1.750000   output external delay
                                             -1.750000   data required time
---------------------------------------------------------------------------------------------
                                             -1.750000   data required time
                                             -0.886380   data arrival time
---------------------------------------------------------------------------------------------
                                              2.636380   slack (MET)


Startpoint: _1293_ (rising edge-triggered flip-flop clocked by aclk)
Endpoint: m_axis_tdata[23] (output port clocked by aclk)
Path Group: aclk
Path Type: min

Fanout         Cap        Slew       Delay        Time   Description
---------------------------------------------------------------------------------------------
                                  0.000000    0.000000   clock aclk (rise edge)
                                  0.000000    0.000000   clock source latency
     1    0.015885    0.077393    0.053115    0.053115 ^ aclk (in)
                                                         aclk (net)
                      0.077407    0.000000    0.053115 ^ clkbuf_0_aclk/A (sky130_fd_sc_hd__clkbuf_16)
     4    0.039251    0.059047    0.152784    0.205898 ^ clkbuf_0_aclk/X (sky130_fd_sc_hd__clkbuf_16)
                                                         clknet_0_aclk (net)
                      0.059104    0.001559    0.207457 ^ clkbuf_2_1__f_aclk/A (sky130_fd_sc_hd__clkbuf_16)
    12    0.039172    0.058988    0.146161    0.353618 ^ clkbuf_2_1__f_aclk/X (sky130_fd_sc_hd__clkbuf_16)
                                                         clknet_2_1__leaf_aclk (net)
                      0.059034    0.001406    0.355024 ^ _1293_/CLK (sky130_fd_sc_hd__dfxtp_1)
     4    0.013446    0.070651    0.337285    0.692308 v _1293_/Q (sky130_fd_sc_hd__dfxtp_1)
                                                         net36 (net)
                      0.070652    0.000289    0.692598 v output36/A (sky130_fd_sc_hd__buf_2)
     1    0.035390    0.092124    0.193226    0.885824 v output36/X (sky130_fd_sc_hd__buf_2)
                                                         m_axis_tdata[23] (net)
                      0.092142    0.001219    0.887043 v m_axis_tdata[23] (out)
                                              0.887043   data arrival time

                                  0.000000    0.000000   clock aclk (rise edge)
                                  0.000000    0.000000   clock network delay (propagated)
                                  0.250000    0.250000   clock uncertainty
                                  0.000000    0.250000   clock reconvergence pessimism
                                 -2.000000   -1.750000   output external delay
                                             -1.750000   data required time
---------------------------------------------------------------------------------------------
                                             -1.750000   data required time
                                             -0.887043   data arrival time
---------------------------------------------------------------------------------------------
                                              2.637043   slack (MET)


Startpoint: _1299_ (rising edge-triggered flip-flop clocked by aclk)
Endpoint: m_axis_tdata[29] (output port clocked by aclk)
Path Group: aclk
Path Type: min

Fanout         Cap        Slew       Delay        Time   Description
---------------------------------------------------------------------------------------------
                                  0.000000    0.000000   clock aclk (rise edge)
                                  0.000000    0.000000   clock source latency
     1    0.015885    0.077393    0.053115    0.053115 ^ aclk (in)
                                                         aclk (net)
                      0.077407    0.000000    0.053115 ^ clkbuf_0_aclk/A (sky130_fd_sc_hd__clkbuf_16)
     4    0.039251    0.059047    0.152784    0.205898 ^ clkbuf_0_aclk/X (sky130_fd_sc_hd__clkbuf_16)
                                                         clknet_0_aclk (net)
                      0.059084    0.001282    0.207181 ^ clkbuf_2_3__f_aclk/A (sky130_fd_sc_hd__clkbuf_16)
    14    0.042371    0.061866    0.148589    0.355770 ^ clkbuf_2_3__f_aclk/X (sky130_fd_sc_hd__clkbuf_16)
                                                         clknet_2_3__leaf_aclk (net)
                      0.061874    0.000687    0.356457 ^ _1299_/CLK (sky130_fd_sc_hd__dfxtp_1)
     4    0.013425    0.070560    0.338283    0.694740 v _1299_/Q (sky130_fd_sc_hd__dfxtp_1)
                                                         net42 (net)
                      0.070561    0.000309    0.695049 v output42/A (sky130_fd_sc_hd__buf_2)
     1    0.034235    0.089539    0.191224    0.886272 v output42/X (sky130_fd_sc_hd__buf_2)
                                                         m_axis_tdata[29] (net)
                      0.089549    0.000964    0.887237 v m_axis_tdata[29] (out)
                                              0.887237   data arrival time

                                  0.000000    0.000000   clock aclk (rise edge)
                                  0.000000    0.000000   clock network delay (propagated)
                                  0.250000    0.250000   clock uncertainty
                                  0.000000    0.250000   clock reconvergence pessimism
                                 -2.000000   -1.750000   output external delay
                                             -1.750000   data required time
---------------------------------------------------------------------------------------------
                                             -1.750000   data required time
                                             -0.887237   data arrival time
---------------------------------------------------------------------------------------------
                                              2.637237   slack (MET)


Startpoint: _1297_ (rising edge-triggered flip-flop clocked by aclk)
Endpoint: m_axis_tdata[27] (output port clocked by aclk)
Path Group: aclk
Path Type: min

Fanout         Cap        Slew       Delay        Time   Description
---------------------------------------------------------------------------------------------
                                  0.000000    0.000000   clock aclk (rise edge)
                                  0.000000    0.000000   clock source latency
     1    0.015885    0.077393    0.053115    0.053115 ^ aclk (in)
                                                         aclk (net)
                      0.077407    0.000000    0.053115 ^ clkbuf_0_aclk/A (sky130_fd_sc_hd__clkbuf_16)
     4    0.039251    0.059047    0.152784    0.205898 ^ clkbuf_0_aclk/X (sky130_fd_sc_hd__clkbuf_16)
                                                         clknet_0_aclk (net)
                      0.059084    0.001282    0.207181 ^ clkbuf_2_3__f_aclk/A (sky130_fd_sc_hd__clkbuf_16)
    14    0.042371    0.061866    0.148589    0.355770 ^ clkbuf_2_3__f_aclk/X (sky130_fd_sc_hd__clkbuf_16)
                                                         clknet_2_3__leaf_aclk (net)
                      0.061885    0.000985    0.356755 ^ _1297_/CLK (sky130_fd_sc_hd__dfxtp_1)
     4    0.013467    0.070757    0.338394    0.695149 v _1297_/Q (sky130_fd_sc_hd__dfxtp_1)
                                                         net40 (net)
                      0.070758    0.000366    0.695515 v output40/A (sky130_fd_sc_hd__buf_2)
     1    0.034249    0.089565    0.191347    0.886862 v output40/X (sky130_fd_sc_hd__buf_2)
                                                         m_axis_tdata[27] (net)
                      0.089575    0.000953    0.887816 v m_axis_tdata[27] (out)
                                              0.887816   data arrival time

                                  0.000000    0.000000   clock aclk (rise edge)
                                  0.000000    0.000000   clock network delay (propagated)
                                  0.250000    0.250000   clock uncertainty
                                  0.000000    0.250000   clock reconvergence pessimism
                                 -2.000000   -1.750000   output external delay
                                             -1.750000   data required time
---------------------------------------------------------------------------------------------
                                             -1.750000   data required time
                                             -0.887816   data arrival time
---------------------------------------------------------------------------------------------
                                              2.637816   slack (MET)


Startpoint: _1271_ (rising edge-triggered flip-flop clocked by aclk)
Endpoint: m_axis_tdata[1] (output port clocked by aclk)
Path Group: aclk
Path Type: min

Fanout         Cap        Slew       Delay        Time   Description
---------------------------------------------------------------------------------------------
                                  0.000000    0.000000   clock aclk (rise edge)
                                  0.000000    0.000000   clock source latency
     1    0.015885    0.077393    0.053115    0.053115 ^ aclk (in)
                                                         aclk (net)
                      0.077407    0.000000    0.053115 ^ clkbuf_0_aclk/A (sky130_fd_sc_hd__clkbuf_16)
     4    0.039251    0.059047    0.152784    0.205898 ^ clkbuf_0_aclk/X (sky130_fd_sc_hd__clkbuf_16)
                                                         clknet_0_aclk (net)
                      0.059081    0.001250    0.207149 ^ clkbuf_2_2__f_aclk/A (sky130_fd_sc_hd__clkbuf_16)
    14    0.040750    0.060360    0.147111    0.354259 ^ clkbuf_2_2__f_aclk/X (sky130_fd_sc_hd__clkbuf_16)
                                                         clknet_2_2__leaf_aclk (net)
                      0.060401    0.001388    0.355648 ^ _1271_/CLK (sky130_fd_sc_hd__dfxtp_1)
     4    0.014765    0.076351    0.342358    0.698006 v _1271_/Q (sky130_fd_sc_hd__dfxtp_1)
                                                         net32 (net)
                      0.076351    0.000351    0.698357 v output32/A (sky130_fd_sc_hd__buf_2)
     1    0.034566    0.090231    0.194524    0.892881 v output32/X (sky130_fd_sc_hd__buf_2)
                                                         m_axis_tdata[1] (net)
                      0.090240    0.000904    0.893785 v m_axis_tdata[1] (out)
                                              0.893785   data arrival time

                                  0.000000    0.000000   clock aclk (rise edge)
                                  0.000000    0.000000   clock network delay (propagated)
                                  0.250000    0.250000   clock uncertainty
                                  0.000000    0.250000   clock reconvergence pessimism
                                 -2.000000   -1.750000   output external delay
                                             -1.750000   data required time
---------------------------------------------------------------------------------------------
                                             -1.750000   data required time
                                             -0.893785   data arrival time
---------------------------------------------------------------------------------------------
                                              2.643785   slack (MET)


Startpoint: _1282_ (rising edge-triggered flip-flop clocked by aclk)
Endpoint: m_axis_tdata[12] (output port clocked by aclk)
Path Group: aclk
Path Type: min

Fanout         Cap        Slew       Delay        Time   Description
---------------------------------------------------------------------------------------------
                                  0.000000    0.000000   clock aclk (rise edge)
                                  0.000000    0.000000   clock source latency
     1    0.015885    0.077393    0.053115    0.053115 ^ aclk (in)
                                                         aclk (net)
                      0.077407    0.000000    0.053115 ^ clkbuf_0_aclk/A (sky130_fd_sc_hd__clkbuf_16)
     4    0.039251    0.059047    0.152784    0.205898 ^ clkbuf_0_aclk/X (sky130_fd_sc_hd__clkbuf_16)
                                                         clknet_0_aclk (net)
                      0.059099    0.001496    0.207395 ^ clkbuf_2_0__f_aclk/A (sky130_fd_sc_hd__clkbuf_16)
    14    0.041031    0.060606    0.147314    0.354709 ^ clkbuf_2_0__f_aclk/X (sky130_fd_sc_hd__clkbuf_16)
                                                         clknet_2_0__leaf_aclk (net)
                      0.060620    0.000958    0.355667 ^ _1282_/CLK (sky130_fd_sc_hd__dfxtp_1)
     5    0.015538    0.079778    0.344931    0.700598 v _1282_/Q (sky130_fd_sc_hd__dfxtp_1)
                                                         net24 (net)
                      0.079784    0.000754    0.701352 v output24/A (sky130_fd_sc_hd__buf_2)
     1    0.034710    0.090570    0.196309    0.897661 v output24/X (sky130_fd_sc_hd__buf_2)
                                                         m_axis_tdata[12] (net)
                      0.090581    0.000964    0.898624 v m_axis_tdata[12] (out)
                                              0.898624   data arrival time

                                  0.000000    0.000000   clock aclk (rise edge)
                                  0.000000    0.000000   clock network delay (propagated)
                                  0.250000    0.250000   clock uncertainty
                                  0.000000    0.250000   clock reconvergence pessimism
                                 -2.000000   -1.750000   output external delay
                                             -1.750000   data required time
---------------------------------------------------------------------------------------------
                                             -1.750000   data required time
                                             -0.898624   data arrival time
---------------------------------------------------------------------------------------------
                                              2.648624   slack (MET)


Startpoint: _1290_ (rising edge-triggered flip-flop clocked by aclk)
Endpoint: m_axis_tdata[20] (output port clocked by aclk)
Path Group: aclk
Path Type: min

Fanout         Cap        Slew       Delay        Time   Description
---------------------------------------------------------------------------------------------
                                  0.000000    0.000000   clock aclk (rise edge)
                                  0.000000    0.000000   clock source latency
     1    0.015885    0.077393    0.053115    0.053115 ^ aclk (in)
                                                         aclk (net)
                      0.077407    0.000000    0.053115 ^ clkbuf_0_aclk/A (sky130_fd_sc_hd__clkbuf_16)
     4    0.039251    0.059047    0.152784    0.205898 ^ clkbuf_0_aclk/X (sky130_fd_sc_hd__clkbuf_16)
                                                         clknet_0_aclk (net)
                      0.059104    0.001559    0.207457 ^ clkbuf_2_1__f_aclk/A (sky130_fd_sc_hd__clkbuf_16)
    12    0.039172    0.058988    0.146161    0.353618 ^ clkbuf_2_1__f_aclk/X (sky130_fd_sc_hd__clkbuf_16)
                                                         clknet_2_1__leaf_aclk (net)
                      0.059020    0.001200    0.354817 ^ _1290_/CLK (sky130_fd_sc_hd__dfxtp_1)
     6    0.016272    0.082872    0.347072    0.701889 v _1290_/Q (sky130_fd_sc_hd__dfxtp_1)
                                                         net33 (net)
                      0.082872    0.000236    0.702125 v output33/A (sky130_fd_sc_hd__buf_2)
     1    0.034776    0.090688    0.197885    0.900010 v output33/X (sky130_fd_sc_hd__buf_2)
                                                         m_axis_tdata[20] (net)
                      0.090697    0.000899    0.900909 v m_axis_tdata[20] (out)
                                              0.900909   data arrival time

                                  0.000000    0.000000   clock aclk (rise edge)
                                  0.000000    0.000000   clock network delay (propagated)
                                  0.250000    0.250000   clock uncertainty
                                  0.000000    0.250000   clock reconvergence pessimism
                                 -2.000000   -1.750000   output external delay
                                             -1.750000   data required time
---------------------------------------------------------------------------------------------
                                             -1.750000   data required time
                                             -0.900909   data arrival time
---------------------------------------------------------------------------------------------
                                              2.650909   slack (MET)


Startpoint: _1294_ (rising edge-triggered flip-flop clocked by aclk)
Endpoint: m_axis_tdata[24] (output port clocked by aclk)
Path Group: aclk
Path Type: min

Fanout         Cap        Slew       Delay        Time   Description
---------------------------------------------------------------------------------------------
                                  0.000000    0.000000   clock aclk (rise edge)
                                  0.000000    0.000000   clock source latency
     1    0.015885    0.077393    0.053115    0.053115 ^ aclk (in)
                                                         aclk (net)
                      0.077407    0.000000    0.053115 ^ clkbuf_0_aclk/A (sky130_fd_sc_hd__clkbuf_16)
     4    0.039251    0.059047    0.152784    0.205898 ^ clkbuf_0_aclk/X (sky130_fd_sc_hd__clkbuf_16)
                                                         clknet_0_aclk (net)
                      0.059104    0.001559    0.207457 ^ clkbuf_2_1__f_aclk/A (sky130_fd_sc_hd__clkbuf_16)
    12    0.039172    0.058988    0.146161    0.353618 ^ clkbuf_2_1__f_aclk/X (sky130_fd_sc_hd__clkbuf_16)
                                                         clknet_2_1__leaf_aclk (net)
                      0.059013    0.001077    0.354695 ^ _1294_/CLK (sky130_fd_sc_hd__dfxtp_1)
     6    0.016932    0.085758    0.349306    0.704001 v _1294_/Q (sky130_fd_sc_hd__dfxtp_1)
                                                         net37 (net)
                      0.085760    0.000458    0.704459 v output37/A (sky130_fd_sc_hd__buf_2)
     1    0.034064    0.089168    0.197859    0.902317 v output37/X (sky130_fd_sc_hd__buf_2)
                                                         m_axis_tdata[24] (net)
                      0.089177    0.000913    0.903230 v m_axis_tdata[24] (out)
                                              0.903230   data arrival time

                                  0.000000    0.000000   clock aclk (rise edge)
                                  0.000000    0.000000   clock network delay (propagated)
                                  0.250000    0.250000   clock uncertainty
                                  0.000000    0.250000   clock reconvergence pessimism
                                 -2.000000   -1.750000   output external delay
                                             -1.750000   data required time
---------------------------------------------------------------------------------------------
                                             -1.750000   data required time
                                             -0.903230   data arrival time
---------------------------------------------------------------------------------------------
                                              2.653230   slack (MET)


Startpoint: _1287_ (rising edge-triggered flip-flop clocked by aclk)
Endpoint: m_axis_tdata[17] (output port clocked by aclk)
Path Group: aclk
Path Type: min

Fanout         Cap        Slew       Delay        Time   Description
---------------------------------------------------------------------------------------------
                                  0.000000    0.000000   clock aclk (rise edge)
                                  0.000000    0.000000   clock source latency
     1    0.015885    0.077393    0.053115    0.053115 ^ aclk (in)
                                                         aclk (net)
                      0.077407    0.000000    0.053115 ^ clkbuf_0_aclk/A (sky130_fd_sc_hd__clkbuf_16)
     4    0.039251    0.059047    0.152784    0.205898 ^ clkbuf_0_aclk/X (sky130_fd_sc_hd__clkbuf_16)
                                                         clknet_0_aclk (net)
                      0.059104    0.001559    0.207457 ^ clkbuf_2_1__f_aclk/A (sky130_fd_sc_hd__clkbuf_16)
    12    0.039172    0.058988    0.146161    0.353618 ^ clkbuf_2_1__f_aclk/X (sky130_fd_sc_hd__clkbuf_16)
                                                         clknet_2_1__leaf_aclk (net)
                      0.059001    0.000854    0.354471 ^ _1287_/CLK (sky130_fd_sc_hd__dfxtp_1)
     5    0.017469    0.088071    0.351204    0.705675 v _1287_/Q (sky130_fd_sc_hd__dfxtp_1)
                                                         net29 (net)
                      0.088071    0.000270    0.705945 v output29/A (sky130_fd_sc_hd__buf_2)
     1    0.033970    0.088955    0.198757    0.904702 v output29/X (sky130_fd_sc_hd__buf_2)
                                                         m_axis_tdata[17] (net)
                      0.088964    0.000882    0.905585 v m_axis_tdata[17] (out)
                                              0.905585   data arrival time

                                  0.000000    0.000000   clock aclk (rise edge)
                                  0.000000    0.000000   clock network delay (propagated)
                                  0.250000    0.250000   clock uncertainty
                                  0.000000    0.250000   clock reconvergence pessimism
                                 -2.000000   -1.750000   output external delay
                                             -1.750000   data required time
---------------------------------------------------------------------------------------------
                                             -1.750000   data required time
                                             -0.905585   data arrival time
---------------------------------------------------------------------------------------------
                                              2.655585   slack (MET)


Startpoint: _1283_ (rising edge-triggered flip-flop clocked by aclk)
Endpoint: m_axis_tdata[13] (output port clocked by aclk)
Path Group: aclk
Path Type: min

Fanout         Cap        Slew       Delay        Time   Description
---------------------------------------------------------------------------------------------
                                  0.000000    0.000000   clock aclk (rise edge)
                                  0.000000    0.000000   clock source latency
     1    0.015885    0.077393    0.053115    0.053115 ^ aclk (in)
                                                         aclk (net)
                      0.077407    0.000000    0.053115 ^ clkbuf_0_aclk/A (sky130_fd_sc_hd__clkbuf_16)
     4    0.039251    0.059047    0.152784    0.205898 ^ clkbuf_0_aclk/X (sky130_fd_sc_hd__clkbuf_16)
                                                         clknet_0_aclk (net)
                      0.059099    0.001496    0.207395 ^ clkbuf_2_0__f_aclk/A (sky130_fd_sc_hd__clkbuf_16)
    14    0.041031    0.060606    0.147314    0.354709 ^ clkbuf_2_0__f_aclk/X (sky130_fd_sc_hd__clkbuf_16)
                                                         clknet_2_0__leaf_aclk (net)
                      0.060643    0.001343    0.356052 ^ _1283_/CLK (sky130_fd_sc_hd__dfxtp_1)
     5    0.016845    0.085391    0.349593    0.705646 v _1283_/Q (sky130_fd_sc_hd__dfxtp_1)
                                                         net25 (net)
                      0.085392    0.000464    0.706110 v output25/A (sky130_fd_sc_hd__buf_2)
     1    0.034636    0.090403    0.198743    0.904853 v output25/X (sky130_fd_sc_hd__buf_2)
                                                         m_axis_tdata[13] (net)
                      0.090413    0.000934    0.905787 v m_axis_tdata[13] (out)
                                              0.905787   data arrival time

                                  0.000000    0.000000   clock aclk (rise edge)
                                  0.000000    0.000000   clock network delay (propagated)
                                  0.250000    0.250000   clock uncertainty
                                  0.000000    0.250000   clock reconvergence pessimism
                                 -2.000000   -1.750000   output external delay
                                             -1.750000   data required time
---------------------------------------------------------------------------------------------
                                             -1.750000   data required time
                                             -0.905787   data arrival time
---------------------------------------------------------------------------------------------
                                              2.655787   slack (MET)


Startpoint: _1286_ (rising edge-triggered flip-flop clocked by aclk)
Endpoint: m_axis_tdata[16] (output port clocked by aclk)
Path Group: aclk
Path Type: min

Fanout         Cap        Slew       Delay        Time   Description
---------------------------------------------------------------------------------------------
                                  0.000000    0.000000   clock aclk (rise edge)
                                  0.000000    0.000000   clock source latency
     1    0.015885    0.077393    0.053115    0.053115 ^ aclk (in)
                                                         aclk (net)
                      0.077407    0.000000    0.053115 ^ clkbuf_0_aclk/A (sky130_fd_sc_hd__clkbuf_16)
     4    0.039251    0.059047    0.152784    0.205898 ^ clkbuf_0_aclk/X (sky130_fd_sc_hd__clkbuf_16)
                                                         clknet_0_aclk (net)
                      0.059099    0.001496    0.207395 ^ clkbuf_2_0__f_aclk/A (sky130_fd_sc_hd__clkbuf_16)
    14    0.041031    0.060606    0.147314    0.354709 ^ clkbuf_2_0__f_aclk/X (sky130_fd_sc_hd__clkbuf_16)
                                                         clknet_2_0__leaf_aclk (net)
                      0.060616    0.000891    0.355600 ^ _1286_/CLK (sky130_fd_sc_hd__dfxtp_1)
     6    0.018421    0.092200    0.355121    0.710721 v _1286_/Q (sky130_fd_sc_hd__dfxtp_1)
                                                         net28 (net)
                      0.092202    0.000502    0.711222 v output28/A (sky130_fd_sc_hd__buf_2)
     1    0.035014    0.091250    0.202501    0.913724 v output28/X (sky130_fd_sc_hd__buf_2)
                                                         m_axis_tdata[16] (net)
                      0.091261    0.000994    0.914718 v m_axis_tdata[16] (out)
                                              0.914718   data arrival time

                                  0.000000    0.000000   clock aclk (rise edge)
                                  0.000000    0.000000   clock network delay (propagated)
                                  0.250000    0.250000   clock uncertainty
                                  0.000000    0.250000   clock reconvergence pessimism
                                 -2.000000   -1.750000   output external delay
                                             -1.750000   data required time
---------------------------------------------------------------------------------------------
                                             -1.750000   data required time
                                             -0.914718   data arrival time
---------------------------------------------------------------------------------------------
                                              2.664718   slack (MET)


Startpoint: _1295_ (rising edge-triggered flip-flop clocked by aclk)
Endpoint: m_axis_tdata[25] (output port clocked by aclk)
Path Group: aclk
Path Type: min

Fanout         Cap        Slew       Delay        Time   Description
---------------------------------------------------------------------------------------------
                                  0.000000    0.000000   clock aclk (rise edge)
                                  0.000000    0.000000   clock source latency
     1    0.015885    0.077393    0.053115    0.053115 ^ aclk (in)
                                                         aclk (net)
                      0.077407    0.000000    0.053115 ^ clkbuf_0_aclk/A (sky130_fd_sc_hd__clkbuf_16)
     4    0.039251    0.059047    0.152784    0.205898 ^ clkbuf_0_aclk/X (sky130_fd_sc_hd__clkbuf_16)
                                                         clknet_0_aclk (net)
                      0.059084    0.001282    0.207181 ^ clkbuf_2_3__f_aclk/A (sky130_fd_sc_hd__clkbuf_16)
    14    0.042371    0.061866    0.148589    0.355770 ^ clkbuf_2_3__f_aclk/X (sky130_fd_sc_hd__clkbuf_16)
                                                         clknet_2_3__leaf_aclk (net)
                      0.061891    0.001104    0.356874 ^ _1295_/CLK (sky130_fd_sc_hd__dfxtp_1)
     5    0.019126    0.095307    0.357959    0.714833 v _1295_/Q (sky130_fd_sc_hd__dfxtp_1)
                                                         net38 (net)
                      0.095309    0.000536    0.715369 v output38/A (sky130_fd_sc_hd__buf_2)
     1    0.034082    0.089219    0.202233    0.917601 v output38/X (sky130_fd_sc_hd__buf_2)
                                                         m_axis_tdata[25] (net)
                      0.089228    0.000917    0.918518 v m_axis_tdata[25] (out)
                                              0.918518   data arrival time

                                  0.000000    0.000000   clock aclk (rise edge)
                                  0.000000    0.000000   clock network delay (propagated)
                                  0.250000    0.250000   clock uncertainty
                                  0.000000    0.250000   clock reconvergence pessimism
                                 -2.000000   -1.750000   output external delay
                                             -1.750000   data required time
---------------------------------------------------------------------------------------------
                                             -1.750000   data required time
                                             -0.918518   data arrival time
---------------------------------------------------------------------------------------------
                                              2.668518   slack (MET)


Startpoint: _1291_ (rising edge-triggered flip-flop clocked by aclk)
Endpoint: m_axis_tdata[21] (output port clocked by aclk)
Path Group: aclk
Path Type: min

Fanout         Cap        Slew       Delay        Time   Description
---------------------------------------------------------------------------------------------
                                  0.000000    0.000000   clock aclk (rise edge)
                                  0.000000    0.000000   clock source latency
     1    0.015885    0.077393    0.053115    0.053115 ^ aclk (in)
                                                         aclk (net)
                      0.077407    0.000000    0.053115 ^ clkbuf_0_aclk/A (sky130_fd_sc_hd__clkbuf_16)
     4    0.039251    0.059047    0.152784    0.205898 ^ clkbuf_0_aclk/X (sky130_fd_sc_hd__clkbuf_16)
                                                         clknet_0_aclk (net)
                      0.059104    0.001559    0.207457 ^ clkbuf_2_1__f_aclk/A (sky130_fd_sc_hd__clkbuf_16)
    12    0.039172    0.058988    0.146161    0.353618 ^ clkbuf_2_1__f_aclk/X (sky130_fd_sc_hd__clkbuf_16)
                                                         clknet_2_1__leaf_aclk (net)
                      0.059020    0.001200    0.354818 ^ _1291_/CLK (sky130_fd_sc_hd__dfxtp_1)
     5    0.020512    0.101319    0.361741    0.716559 v _1291_/Q (sky130_fd_sc_hd__dfxtp_1)
                                                         net34 (net)
                      0.101319    0.000277    0.716836 v output34/A (sky130_fd_sc_hd__buf_2)
     1    0.033973    0.088980    0.204782    0.921618 v output34/X (sky130_fd_sc_hd__buf_2)
                                                         m_axis_tdata[21] (net)
                      0.088989    0.000892    0.922510 v m_axis_tdata[21] (out)
                                              0.922510   data arrival time

                                  0.000000    0.000000   clock aclk (rise edge)
                                  0.000000    0.000000   clock network delay (propagated)
                                  0.250000    0.250000   clock uncertainty
                                  0.000000    0.250000   clock reconvergence pessimism
                                 -2.000000   -1.750000   output external delay
                                             -1.750000   data required time
---------------------------------------------------------------------------------------------
                                             -1.750000   data required time
                                             -0.922510   data arrival time
---------------------------------------------------------------------------------------------
                                              2.672510   slack (MET)


Startpoint: m_axis_tready (input port clocked by aclk)
Endpoint: s_axis_tready (output port clocked by aclk)
Path Group: aclk
Path Type: min

Fanout         Cap        Slew       Delay        Time   Description
---------------------------------------------------------------------------------------------
                                  0.000000    0.000000   clock aclk (rise edge)
                                  0.000000    0.000000   clock network delay (propagated)
                                  2.000000    2.000000 v input external delay
     1    0.002865    0.008774    0.004552    2.004552 v m_axis_tready (in)
                                                         m_axis_tready (net)
                      0.008775    0.000000    2.004552 v input2/A (sky130_fd_sc_hd__buf_2)
     8    0.031933    0.084686    0.160186    2.164739 v input2/X (sky130_fd_sc_hd__buf_2)
                                                         net2 (net)
                      0.084692    0.000769    2.165508 v _1322_/A (sky130_fd_sc_hd__clkbuf_1)
     1    0.002707    0.026439    0.104314    2.269821 v _1322_/X (sky130_fd_sc_hd__clkbuf_1)
                                                         net55 (net)
                      0.026439    0.000086    2.269907 v output55/A (sky130_fd_sc_hd__buf_2)
     1    0.034638    0.090563    0.172576    2.442483 v output55/X (sky130_fd_sc_hd__buf_2)
                                                         s_axis_tready (net)
                      0.090572    0.000931    2.443414 v s_axis_tready (out)
                                              2.443414   data arrival time

                                  0.000000    0.000000   clock aclk (rise edge)
                                  0.000000    0.000000   clock network delay (propagated)
                                  0.250000    0.250000   clock uncertainty
                                  0.000000    0.250000   clock reconvergence pessimism
                                 -2.000000   -1.750000   output external delay
                                             -1.750000   data required time
---------------------------------------------------------------------------------------------
                                             -1.750000   data required time
                                             -2.443414   data arrival time
---------------------------------------------------------------------------------------------
                                              4.193414   slack (MET)



%OL_END_REPORT
%OL_CREATE_REPORT max.rpt

===========================================================================
report_checks -path_delay max (Setup)
============================================================================
======================= nom_tt_025C_1v80 Corner ===================================

Startpoint: s_axis_tdata[14] (input port clocked by aclk)
Endpoint: _1316_ (rising edge-triggered flip-flop clocked by aclk)
Path Group: aclk
Path Type: max

Fanout         Cap        Slew       Delay        Time   Description
---------------------------------------------------------------------------------------------
                                  0.000000    0.000000   clock aclk (rise edge)
                                  0.000000    0.000000   clock network delay (propagated)
                                  2.000000    2.000000 ^ input external delay
     1    0.003489    0.022717    0.012741    2.012741 ^ s_axis_tdata[14] (in)
                                                         s_axis_tdata[14] (net)
                      0.022725    0.000000    2.012741 ^ input8/A (sky130_fd_sc_hd__clkbuf_1)
     1    0.003148    0.047818    0.075717    2.088458 ^ input8/X (sky130_fd_sc_hd__clkbuf_1)
                                                         net8 (net)
                      0.047818    0.000074    2.088532 ^ fanout77/A (sky130_fd_sc_hd__clkbuf_2)
     8    0.028050    0.156619    0.184928    2.273460 ^ fanout77/X (sky130_fd_sc_hd__clkbuf_2)
                                                         net77 (net)
                      0.156628    0.000973    2.274433 ^ fanout76/A (sky130_fd_sc_hd__buf_2)
    10    0.032540    0.162720    0.229651    2.504084 ^ fanout76/X (sky130_fd_sc_hd__buf_2)
                                                         net76 (net)
                      0.162723    0.000996    2.505080 ^ _1084_/A2 (sky130_fd_sc_hd__a22o_1)
     2    0.005539    0.069019    0.178764    2.683844 ^ _1084_/X (sky130_fd_sc_hd__a22o_1)
                                                         _0460_ (net)
                      0.069019    0.000162    2.684005 ^ _1085_/B1_N (sky130_fd_sc_hd__a21bo_1)
     1    0.005413    0.045625    0.210076    2.894082 v _1085_/X (sky130_fd_sc_hd__a21bo_1)
                                                         _0461_ (net)
                      0.045625    0.000151    2.894233 v _1086_/B (sky130_fd_sc_hd__xor2_1)
     2    0.007911    0.071573    0.158667    3.052899 v _1086_/X (sky130_fd_sc_hd__xor2_1)
                                                         _0462_ (net)
                      0.071573    0.000298    3.053198 v _1093_/A (sky130_fd_sc_hd__and3_1)
     4    0.011610    0.073572    0.189959    3.243156 v _1093_/X (sky130_fd_sc_hd__and3_1)
                                                         _0469_ (net)
                      0.073572    0.000281    3.243438 v _1096_/A (sky130_fd_sc_hd__nor3b_1)
     3    0.009477    0.340150    0.338656    3.582094 ^ _1096_/Y (sky130_fd_sc_hd__nor3b_1)
                                                         _0472_ (net)
                      0.340150    0.000224    3.582318 ^ _1098_/B (sky130_fd_sc_hd__nor3_1)
     2    0.004979    0.087317    0.110572    3.692890 v _1098_/Y (sky130_fd_sc_hd__nor3_1)
                                                         _0474_ (net)
                      0.087317    0.000087    3.692978 v max_cap56/A (sky130_fd_sc_hd__buf_1)
     2    0.008333    0.055466    0.131889    3.824866 v max_cap56/X (sky130_fd_sc_hd__buf_1)
                                                         net56 (net)
                      0.055466    0.000269    3.825135 v _1100_/B1 (sky130_fd_sc_hd__a211o_1)
     3    0.011451    0.086138    0.313839    4.138974 v _1100_/X (sky130_fd_sc_hd__a211o_1)
                                                         _0476_ (net)
                      0.086138    0.000180    4.139154 v _1103_/A1 (sky130_fd_sc_hd__a211o_1)
     2    0.006383    0.064440    0.286609    4.425764 v _1103_/X (sky130_fd_sc_hd__a211o_1)
                                                         _0479_ (net)
                      0.064440    0.000218    4.425982 v _1105_/A2 (sky130_fd_sc_hd__a211o_1)
     2    0.004767    0.056729    0.303935    4.729916 v _1105_/X (sky130_fd_sc_hd__a211o_1)
                                                         _0481_ (net)
                      0.056729    0.000077    4.729993 v _1106_/B (sky130_fd_sc_hd__and2b_1)
     3    0.007604    0.054319    0.178674    4.908668 v _1106_/X (sky130_fd_sc_hd__and2b_1)
                                                         _0482_ (net)
                      0.054319    0.000122    4.908790 v _1141_/A3 (sky130_fd_sc_hd__a31o_1)
     2    0.008275    0.061165    0.241601    5.150390 v _1141_/X (sky130_fd_sc_hd__a31o_1)
                                                         _0516_ (net)
                      0.061165    0.000273    5.150663 v _1145_/A2 (sky130_fd_sc_hd__a21oi_1)
     4    0.011679    0.270459    0.267649    5.418312 ^ _1145_/Y (sky130_fd_sc_hd__a21oi_1)
                                                         _0519_ (net)
                      0.270460    0.000434    5.418746 ^ _1201_/A1 (sky130_fd_sc_hd__a211o_1)
     5    0.015741    0.144725    0.248313    5.667059 ^ _1201_/X (sky130_fd_sc_hd__a211o_1)
                                                         _0574_ (net)
                      0.144725    0.000638    5.667696 ^ _1251_/A1 (sky130_fd_sc_hd__o2111ai_1)
     1    0.002589    0.089218    0.134737    5.802433 v _1251_/Y (sky130_fd_sc_hd__o2111ai_1)
                                                         _0622_ (net)
                      0.089218    0.000055    5.802488 v _1252_/A2 (sky130_fd_sc_hd__a21o_1)
     1    0.003428    0.035893    0.192065    5.994553 v _1252_/X (sky130_fd_sc_hd__a21o_1)
                                                         _0623_ (net)
                      0.035893    0.000089    5.994642 v _1253_/B1 (sky130_fd_sc_hd__o211a_1)
     1    0.002561    0.037240    0.113657    6.108298 v _1253_/X (sky130_fd_sc_hd__o211a_1)
                                                         _0046_ (net)
                      0.037240    0.000058    6.108356 v _1316_/D (sky130_fd_sc_hd__dfxtp_1)
                                              6.108356   data arrival time

                                 10.000000   10.000000   clock aclk (rise edge)
                                  0.000000   10.000000   clock source latency
     1    0.015885    0.077393    0.053115   10.053115 ^ aclk (in)
                                                         aclk (net)
                      0.077407    0.000000   10.053115 ^ clkbuf_0_aclk/A (sky130_fd_sc_hd__clkbuf_16)
     4    0.039251    0.059047    0.152784   10.205898 ^ clkbuf_0_aclk/X (sky130_fd_sc_hd__clkbuf_16)
                                                         clknet_0_aclk (net)
                      0.059099    0.001497   10.207396 ^ clkbuf_2_0__f_aclk/A (sky130_fd_sc_hd__clkbuf_16)
    14    0.041031    0.060606    0.147314   10.354710 ^ clkbuf_2_0__f_aclk/X (sky130_fd_sc_hd__clkbuf_16)
                                                         clknet_2_0__leaf_aclk (net)
                      0.060663    0.001615   10.356324 ^ _1316_/CLK (sky130_fd_sc_hd__dfxtp_1)
                                 -0.250000   10.106324   clock uncertainty
                                  0.000000   10.106324   clock reconvergence pessimism
                                 -0.103467   10.002856   library setup time
                                             10.002856   data required time
---------------------------------------------------------------------------------------------
                                             10.002856   data required time
                                             -6.108356   data arrival time
---------------------------------------------------------------------------------------------
                                              3.894500   slack (MET)


Startpoint: s_axis_tdata[14] (input port clocked by aclk)
Endpoint: _1317_ (rising edge-triggered flip-flop clocked by aclk)
Path Group: aclk
Path Type: max

Fanout         Cap        Slew       Delay        Time   Description
---------------------------------------------------------------------------------------------
                                  0.000000    0.000000   clock aclk (rise edge)
                                  0.000000    0.000000   clock network delay (propagated)
                                  2.000000    2.000000 ^ input external delay
     1    0.003489    0.022717    0.012741    2.012741 ^ s_axis_tdata[14] (in)
                                                         s_axis_tdata[14] (net)
                      0.022725    0.000000    2.012741 ^ input8/A (sky130_fd_sc_hd__clkbuf_1)
     1    0.003148    0.047818    0.075717    2.088458 ^ input8/X (sky130_fd_sc_hd__clkbuf_1)
                                                         net8 (net)
                      0.047818    0.000074    2.088532 ^ fanout77/A (sky130_fd_sc_hd__clkbuf_2)
     8    0.028050    0.156619    0.184928    2.273460 ^ fanout77/X (sky130_fd_sc_hd__clkbuf_2)
                                                         net77 (net)
                      0.156628    0.000973    2.274433 ^ fanout76/A (sky130_fd_sc_hd__buf_2)
    10    0.032540    0.162720    0.229651    2.504084 ^ fanout76/X (sky130_fd_sc_hd__buf_2)
                                                         net76 (net)
                      0.162723    0.000996    2.505080 ^ _1084_/A2 (sky130_fd_sc_hd__a22o_1)
     2    0.005539    0.069019    0.178764    2.683844 ^ _1084_/X (sky130_fd_sc_hd__a22o_1)
                                                         _0460_ (net)
                      0.069019    0.000162    2.684005 ^ _1085_/B1_N (sky130_fd_sc_hd__a21bo_1)
     1    0.005413    0.045625    0.210076    2.894082 v _1085_/X (sky130_fd_sc_hd__a21bo_1)
                                                         _0461_ (net)
                      0.045625    0.000151    2.894233 v _1086_/B (sky130_fd_sc_hd__xor2_1)
     2    0.007911    0.071573    0.158667    3.052899 v _1086_/X (sky130_fd_sc_hd__xor2_1)
                                                         _0462_ (net)
                      0.071573    0.000298    3.053198 v _1093_/A (sky130_fd_sc_hd__and3_1)
     4    0.011610    0.073572    0.189959    3.243156 v _1093_/X (sky130_fd_sc_hd__and3_1)
                                                         _0469_ (net)
                      0.073572    0.000281    3.243438 v _1096_/A (sky130_fd_sc_hd__nor3b_1)
     3    0.009477    0.340150    0.338656    3.582094 ^ _1096_/Y (sky130_fd_sc_hd__nor3b_1)
                                                         _0472_ (net)
                      0.340150    0.000224    3.582318 ^ _1098_/B (sky130_fd_sc_hd__nor3_1)
     2    0.004979    0.087317    0.110572    3.692890 v _1098_/Y (sky130_fd_sc_hd__nor3_1)
                                                         _0474_ (net)
                      0.087317    0.000087    3.692978 v max_cap56/A (sky130_fd_sc_hd__buf_1)
     2    0.008333    0.055466    0.131889    3.824866 v max_cap56/X (sky130_fd_sc_hd__buf_1)
                                                         net56 (net)
                      0.055466    0.000269    3.825135 v _1100_/B1 (sky130_fd_sc_hd__a211o_1)
     3    0.011451    0.086138    0.313839    4.138974 v _1100_/X (sky130_fd_sc_hd__a211o_1)
                                                         _0476_ (net)
                      0.086138    0.000180    4.139154 v _1103_/A1 (sky130_fd_sc_hd__a211o_1)
     2    0.006383    0.064440    0.286609    4.425764 v _1103_/X (sky130_fd_sc_hd__a211o_1)
                                                         _0479_ (net)
                      0.064440    0.000218    4.425982 v _1105_/A2 (sky130_fd_sc_hd__a211o_1)
     2    0.004767    0.056729    0.303935    4.729916 v _1105_/X (sky130_fd_sc_hd__a211o_1)
                                                         _0481_ (net)
                      0.056729    0.000077    4.729993 v _1106_/B (sky130_fd_sc_hd__and2b_1)
     3    0.007604    0.054319    0.178674    4.908668 v _1106_/X (sky130_fd_sc_hd__and2b_1)
                                                         _0482_ (net)
                      0.054319    0.000122    4.908790 v _1141_/A3 (sky130_fd_sc_hd__a31o_1)
     2    0.008275    0.061165    0.241601    5.150390 v _1141_/X (sky130_fd_sc_hd__a31o_1)
                                                         _0516_ (net)
                      0.061165    0.000273    5.150663 v _1145_/A2 (sky130_fd_sc_hd__a21oi_1)
     4    0.011679    0.270459    0.267649    5.418312 ^ _1145_/Y (sky130_fd_sc_hd__a21oi_1)
                                                         _0519_ (net)
                      0.270460    0.000434    5.418746 ^ _1201_/A1 (sky130_fd_sc_hd__a211o_1)
     5    0.015741    0.144725    0.248313    5.667059 ^ _1201_/X (sky130_fd_sc_hd__a211o_1)
                                                         _0574_ (net)
                      0.144725    0.000643    5.667702 ^ _1250_/A2 (sky130_fd_sc_hd__a311o_1)
     2    0.006039    0.083816    0.205338    5.873039 ^ _1250_/X (sky130_fd_sc_hd__a311o_1)
                                                         _0621_ (net)
                      0.083816    0.000115    5.873154 ^ _1260_/A2 (sky130_fd_sc_hd__a31o_1)
     1    0.003839    0.054169    0.148506    6.021660 ^ _1260_/X (sky130_fd_sc_hd__a31o_1)
                                                         _0630_ (net)
                      0.054169    0.000133    6.021793 ^ _1261_/B1 (sky130_fd_sc_hd__o211a_1)
     1    0.002657    0.041835    0.136970    6.158763 ^ _1261_/X (sky130_fd_sc_hd__o211a_1)
                                                         _0047_ (net)
                      0.041835    0.000063    6.158825 ^ _1317_/D (sky130_fd_sc_hd__dfxtp_1)
                                              6.158825   data arrival time

                                 10.000000   10.000000   clock aclk (rise edge)
                                  0.000000   10.000000   clock source latency
     1    0.015885    0.077393    0.053115   10.053115 ^ aclk (in)
                                                         aclk (net)
                      0.077407    0.000000   10.053115 ^ clkbuf_0_aclk/A (sky130_fd_sc_hd__clkbuf_16)
     4    0.039251    0.059047    0.152784   10.205898 ^ clkbuf_0_aclk/X (sky130_fd_sc_hd__clkbuf_16)
                                                         clknet_0_aclk (net)
                      0.059099    0.001497   10.207396 ^ clkbuf_2_0__f_aclk/A (sky130_fd_sc_hd__clkbuf_16)
    14    0.041031    0.060606    0.147314   10.354710 ^ clkbuf_2_0__f_aclk/X (sky130_fd_sc_hd__clkbuf_16)
                                                         clknet_2_0__leaf_aclk (net)
                      0.060680    0.001804   10.356513 ^ _1317_/CLK (sky130_fd_sc_hd__dfxtp_1)
                                 -0.250000   10.106513   clock uncertainty
                                  0.000000   10.106513   clock reconvergence pessimism
                                 -0.051028   10.055485   library setup time
                                             10.055485   data required time
---------------------------------------------------------------------------------------------
                                             10.055485   data required time
                                             -6.158825   data arrival time
---------------------------------------------------------------------------------------------
                                              3.896659   slack (MET)


Startpoint: s_axis_tdata[14] (input port clocked by aclk)
Endpoint: _1314_ (rising edge-triggered flip-flop clocked by aclk)
Path Group: aclk
Path Type: max

Fanout         Cap        Slew       Delay        Time   Description
---------------------------------------------------------------------------------------------
                                  0.000000    0.000000   clock aclk (rise edge)
                                  0.000000    0.000000   clock network delay (propagated)
                                  2.000000    2.000000 ^ input external delay
     1    0.003489    0.022717    0.012741    2.012741 ^ s_axis_tdata[14] (in)
                                                         s_axis_tdata[14] (net)
                      0.022725    0.000000    2.012741 ^ input8/A (sky130_fd_sc_hd__clkbuf_1)
     1    0.003148    0.047818    0.075717    2.088458 ^ input8/X (sky130_fd_sc_hd__clkbuf_1)
                                                         net8 (net)
                      0.047818    0.000074    2.088532 ^ fanout77/A (sky130_fd_sc_hd__clkbuf_2)
     8    0.028050    0.156619    0.184928    2.273460 ^ fanout77/X (sky130_fd_sc_hd__clkbuf_2)
                                                         net77 (net)
                      0.156628    0.000973    2.274433 ^ fanout76/A (sky130_fd_sc_hd__buf_2)
    10    0.032540    0.162720    0.229651    2.504084 ^ fanout76/X (sky130_fd_sc_hd__buf_2)
                                                         net76 (net)
                      0.162723    0.000996    2.505080 ^ _1084_/A2 (sky130_fd_sc_hd__a22o_1)
     2    0.005539    0.069019    0.178764    2.683844 ^ _1084_/X (sky130_fd_sc_hd__a22o_1)
                                                         _0460_ (net)
                      0.069019    0.000162    2.684005 ^ _1085_/B1_N (sky130_fd_sc_hd__a21bo_1)
     1    0.005413    0.045625    0.210076    2.894082 v _1085_/X (sky130_fd_sc_hd__a21bo_1)
                                                         _0461_ (net)
                      0.045625    0.000151    2.894233 v _1086_/B (sky130_fd_sc_hd__xor2_1)
     2    0.007911    0.071573    0.158667    3.052899 v _1086_/X (sky130_fd_sc_hd__xor2_1)
                                                         _0462_ (net)
                      0.071573    0.000298    3.053198 v _1093_/A (sky130_fd_sc_hd__and3_1)
     4    0.011610    0.073572    0.189959    3.243156 v _1093_/X (sky130_fd_sc_hd__and3_1)
                                                         _0469_ (net)
                      0.073572    0.000281    3.243438 v _1096_/A (sky130_fd_sc_hd__nor3b_1)
     3    0.009477    0.340150    0.338656    3.582094 ^ _1096_/Y (sky130_fd_sc_hd__nor3b_1)
                                                         _0472_ (net)
                      0.340150    0.000224    3.582318 ^ _1098_/B (sky130_fd_sc_hd__nor3_1)
     2    0.004979    0.087317    0.110572    3.692890 v _1098_/Y (sky130_fd_sc_hd__nor3_1)
                                                         _0474_ (net)
                      0.087317    0.000087    3.692978 v max_cap56/A (sky130_fd_sc_hd__buf_1)
     2    0.008333    0.055466    0.131889    3.824866 v max_cap56/X (sky130_fd_sc_hd__buf_1)
                                                         net56 (net)
                      0.055466    0.000269    3.825135 v _1100_/B1 (sky130_fd_sc_hd__a211o_1)
     3    0.011451    0.086138    0.313839    4.138974 v _1100_/X (sky130_fd_sc_hd__a211o_1)
                                                         _0476_ (net)
                      0.086138    0.000180    4.139154 v _1103_/A1 (sky130_fd_sc_hd__a211o_1)
     2    0.006383    0.064440    0.286609    4.425764 v _1103_/X (sky130_fd_sc_hd__a211o_1)
                                                         _0479_ (net)
                      0.064440    0.000218    4.425982 v _1105_/A2 (sky130_fd_sc_hd__a211o_1)
     2    0.004767    0.056729    0.303935    4.729916 v _1105_/X (sky130_fd_sc_hd__a211o_1)
                                                         _0481_ (net)
                      0.056729    0.000077    4.729993 v _1106_/B (sky130_fd_sc_hd__and2b_1)
     3    0.007604    0.054319    0.178674    4.908668 v _1106_/X (sky130_fd_sc_hd__and2b_1)
                                                         _0482_ (net)
                      0.054319    0.000122    4.908790 v _1141_/A3 (sky130_fd_sc_hd__a31o_1)
     2    0.008275    0.061165    0.241601    5.150390 v _1141_/X (sky130_fd_sc_hd__a31o_1)
                                                         _0516_ (net)
                      0.061165    0.000273    5.150663 v _1145_/A2 (sky130_fd_sc_hd__a21oi_1)
     4    0.011679    0.270459    0.267649    5.418312 ^ _1145_/Y (sky130_fd_sc_hd__a21oi_1)
                                                         _0519_ (net)
                      0.270460    0.000423    5.418735 ^ _1200_/A1 (sky130_fd_sc_hd__a21o_1)
     1    0.003680    0.046183    0.158656    5.577391 ^ _1200_/X (sky130_fd_sc_hd__a21o_1)
                                                         _0573_ (net)
                      0.046183    0.000126    5.577517 ^ _1202_/B (sky130_fd_sc_hd__nand2_1)
     1    0.002745    0.057366    0.047896    5.625412 v _1202_/Y (sky130_fd_sc_hd__nand2_1)
                                                         _0575_ (net)
                      0.057366    0.000067    5.625479 v _1203_/B (sky130_fd_sc_hd__and2_1)
     1    0.003502    0.038211    0.159486    5.784966 v _1203_/X (sky130_fd_sc_hd__and2_1)
                                                         _0576_ (net)
                      0.038211    0.000092    5.785058 v _1205_/A2 (sky130_fd_sc_hd__o211a_1)
     1    0.003014    0.039483    0.197504    5.982562 v _1205_/X (sky130_fd_sc_hd__o211a_1)
                                                         _0044_ (net)
                      0.039483    0.000075    5.982637 v _1314_/D (sky130_fd_sc_hd__dfxtp_1)
                                              5.982637   data arrival time

                                 10.000000   10.000000   clock aclk (rise edge)
                                  0.000000   10.000000   clock source latency
     1    0.015885    0.077393    0.053115   10.053115 ^ aclk (in)
                                                         aclk (net)
                      0.077407    0.000000   10.053115 ^ clkbuf_0_aclk/A (sky130_fd_sc_hd__clkbuf_16)
     4    0.039251    0.059047    0.152784   10.205898 ^ clkbuf_0_aclk/X (sky130_fd_sc_hd__clkbuf_16)
                                                         clknet_0_aclk (net)
                      0.059099    0.001497   10.207396 ^ clkbuf_2_0__f_aclk/A (sky130_fd_sc_hd__clkbuf_16)
    14    0.041031    0.060606    0.147314   10.354710 ^ clkbuf_2_0__f_aclk/X (sky130_fd_sc_hd__clkbuf_16)
                                                         clknet_2_0__leaf_aclk (net)
                      0.060620    0.000972   10.355681 ^ _1314_/CLK (sky130_fd_sc_hd__dfxtp_1)
                                 -0.250000   10.105681   clock uncertainty
                                  0.000000   10.105681   clock reconvergence pessimism
                                 -0.104461   10.001220   library setup time
                                             10.001220   data required time
---------------------------------------------------------------------------------------------
                                             10.001220   data required time
                                             -5.982637   data arrival time
---------------------------------------------------------------------------------------------
                                              4.018582   slack (MET)


Startpoint: s_axis_tdata[14] (input port clocked by aclk)
Endpoint: _1315_ (rising edge-triggered flip-flop clocked by aclk)
Path Group: aclk
Path Type: max

Fanout         Cap        Slew       Delay        Time   Description
---------------------------------------------------------------------------------------------
                                  0.000000    0.000000   clock aclk (rise edge)
                                  0.000000    0.000000   clock network delay (propagated)
                                  2.000000    2.000000 ^ input external delay
     1    0.003489    0.022717    0.012741    2.012741 ^ s_axis_tdata[14] (in)
                                                         s_axis_tdata[14] (net)
                      0.022725    0.000000    2.012741 ^ input8/A (sky130_fd_sc_hd__clkbuf_1)
     1    0.003148    0.047818    0.075717    2.088458 ^ input8/X (sky130_fd_sc_hd__clkbuf_1)
                                                         net8 (net)
                      0.047818    0.000074    2.088532 ^ fanout77/A (sky130_fd_sc_hd__clkbuf_2)
     8    0.028050    0.156619    0.184928    2.273460 ^ fanout77/X (sky130_fd_sc_hd__clkbuf_2)
                                                         net77 (net)
                      0.156628    0.000973    2.274433 ^ fanout76/A (sky130_fd_sc_hd__buf_2)
    10    0.032540    0.162720    0.229651    2.504084 ^ fanout76/X (sky130_fd_sc_hd__buf_2)
                                                         net76 (net)
                      0.162723    0.000996    2.505080 ^ _1084_/A2 (sky130_fd_sc_hd__a22o_1)
     2    0.005539    0.069019    0.178764    2.683844 ^ _1084_/X (sky130_fd_sc_hd__a22o_1)
                                                         _0460_ (net)
                      0.069019    0.000162    2.684005 ^ _1085_/B1_N (sky130_fd_sc_hd__a21bo_1)
     1    0.005413    0.045625    0.210076    2.894082 v _1085_/X (sky130_fd_sc_hd__a21bo_1)
                                                         _0461_ (net)
                      0.045625    0.000151    2.894233 v _1086_/B (sky130_fd_sc_hd__xor2_1)
     2    0.007911    0.071573    0.158667    3.052899 v _1086_/X (sky130_fd_sc_hd__xor2_1)
                                                         _0462_ (net)
                      0.071573    0.000298    3.053198 v _1093_/A (sky130_fd_sc_hd__and3_1)
     4    0.011610    0.073572    0.189959    3.243156 v _1093_/X (sky130_fd_sc_hd__and3_1)
                                                         _0469_ (net)
                      0.073572    0.000281    3.243438 v _1096_/A (sky130_fd_sc_hd__nor3b_1)
     3    0.009477    0.340150    0.338656    3.582094 ^ _1096_/Y (sky130_fd_sc_hd__nor3b_1)
                                                         _0472_ (net)
                      0.340150    0.000224    3.582318 ^ _1098_/B (sky130_fd_sc_hd__nor3_1)
     2    0.004979    0.087317    0.110572    3.692890 v _1098_/Y (sky130_fd_sc_hd__nor3_1)
                                                         _0474_ (net)
                      0.087317    0.000087    3.692978 v max_cap56/A (sky130_fd_sc_hd__buf_1)
     2    0.008333    0.055466    0.131889    3.824866 v max_cap56/X (sky130_fd_sc_hd__buf_1)
                                                         net56 (net)
                      0.055466    0.000269    3.825135 v _1100_/B1 (sky130_fd_sc_hd__a211o_1)
     3    0.011451    0.086138    0.313839    4.138974 v _1100_/X (sky130_fd_sc_hd__a211o_1)
                                                         _0476_ (net)
                      0.086138    0.000180    4.139154 v _1103_/A1 (sky130_fd_sc_hd__a211o_1)
     2    0.006383    0.064440    0.286609    4.425764 v _1103_/X (sky130_fd_sc_hd__a211o_1)
                                                         _0479_ (net)
                      0.064440    0.000218    4.425982 v _1105_/A2 (sky130_fd_sc_hd__a211o_1)
     2    0.004767    0.056729    0.303935    4.729916 v _1105_/X (sky130_fd_sc_hd__a211o_1)
                                                         _0481_ (net)
                      0.056729    0.000077    4.729993 v _1106_/B (sky130_fd_sc_hd__and2b_1)
     3    0.007604    0.054319    0.178674    4.908668 v _1106_/X (sky130_fd_sc_hd__and2b_1)
                                                         _0482_ (net)
                      0.054319    0.000122    4.908790 v _1141_/A3 (sky130_fd_sc_hd__a31o_1)
     2    0.008275    0.061165    0.241601    5.150390 v _1141_/X (sky130_fd_sc_hd__a31o_1)
                                                         _0516_ (net)
                      0.061165    0.000273    5.150663 v _1145_/A2 (sky130_fd_sc_hd__a21oi_1)
     4    0.011679    0.270459    0.267649    5.418312 ^ _1145_/Y (sky130_fd_sc_hd__a21oi_1)
                                                         _0519_ (net)
                      0.270460    0.000434    5.418746 ^ _1201_/A1 (sky130_fd_sc_hd__a211o_1)
     5    0.015741    0.144725    0.248313    5.667059 ^ _1201_/X (sky130_fd_sc_hd__a211o_1)
                                                         _0574_ (net)
                      0.144725    0.000552    5.667612 ^ _1231_/A2 (sky130_fd_sc_hd__a21oi_1)
     1    0.002535    0.052754    0.083667    5.751278 v _1231_/Y (sky130_fd_sc_hd__a21oi_1)
                                                         _0603_ (net)
                      0.052754    0.000052    5.751330 v _1233_/B1 (sky130_fd_sc_hd__o221a_1)
     1    0.002064    0.040918    0.214839    5.966169 v _1233_/X (sky130_fd_sc_hd__o221a_1)
                                                         _0045_ (net)
                      0.040918    0.000042    5.966211 v _1315_/D (sky130_fd_sc_hd__dfxtp_1)
                                              5.966211   data arrival time

                                 10.000000   10.000000   clock aclk (rise edge)
                                  0.000000   10.000000   clock source latency
     1    0.015885    0.077393    0.053115   10.053115 ^ aclk (in)
                                                         aclk (net)
                      0.077407    0.000000   10.053115 ^ clkbuf_0_aclk/A (sky130_fd_sc_hd__clkbuf_16)
     4    0.039251    0.059047    0.152784   10.205898 ^ clkbuf_0_aclk/X (sky130_fd_sc_hd__clkbuf_16)
                                                         clknet_0_aclk (net)
                      0.059099    0.001497   10.207396 ^ clkbuf_2_0__f_aclk/A (sky130_fd_sc_hd__clkbuf_16)
    14    0.041031    0.060606    0.147314   10.354710 ^ clkbuf_2_0__f_aclk/X (sky130_fd_sc_hd__clkbuf_16)
                                                         clknet_2_0__leaf_aclk (net)
                      0.060672    0.001715   10.356424 ^ _1315_/CLK (sky130_fd_sc_hd__dfxtp_1)
                                 -0.250000   10.106424   clock uncertainty
                                  0.000000   10.106424   clock reconvergence pessimism
                                 -0.105078   10.001346   library setup time
                                             10.001346   data required time
---------------------------------------------------------------------------------------------
                                             10.001346   data required time
                                             -5.966211   data arrival time
---------------------------------------------------------------------------------------------
                                              4.035135   slack (MET)


Startpoint: s_axis_tdata[14] (input port clocked by aclk)
Endpoint: _1313_ (rising edge-triggered flip-flop clocked by aclk)
Path Group: aclk
Path Type: max

Fanout         Cap        Slew       Delay        Time   Description
---------------------------------------------------------------------------------------------
                                  0.000000    0.000000   clock aclk (rise edge)
                                  0.000000    0.000000   clock network delay (propagated)
                                  2.000000    2.000000 ^ input external delay
     1    0.003489    0.022717    0.012741    2.012741 ^ s_axis_tdata[14] (in)
                                                         s_axis_tdata[14] (net)
                      0.022725    0.000000    2.012741 ^ input8/A (sky130_fd_sc_hd__clkbuf_1)
     1    0.003148    0.047818    0.075717    2.088458 ^ input8/X (sky130_fd_sc_hd__clkbuf_1)
                                                         net8 (net)
                      0.047818    0.000074    2.088532 ^ fanout77/A (sky130_fd_sc_hd__clkbuf_2)
     8    0.028050    0.156619    0.184928    2.273460 ^ fanout77/X (sky130_fd_sc_hd__clkbuf_2)
                                                         net77 (net)
                      0.156628    0.000973    2.274433 ^ fanout76/A (sky130_fd_sc_hd__buf_2)
    10    0.032540    0.162720    0.229651    2.504084 ^ fanout76/X (sky130_fd_sc_hd__buf_2)
                                                         net76 (net)
                      0.162723    0.000996    2.505080 ^ _1084_/A2 (sky130_fd_sc_hd__a22o_1)
     2    0.005539    0.069019    0.178764    2.683844 ^ _1084_/X (sky130_fd_sc_hd__a22o_1)
                                                         _0460_ (net)
                      0.069019    0.000162    2.684005 ^ _1085_/B1_N (sky130_fd_sc_hd__a21bo_1)
     1    0.005413    0.045625    0.210076    2.894082 v _1085_/X (sky130_fd_sc_hd__a21bo_1)
                                                         _0461_ (net)
                      0.045625    0.000151    2.894233 v _1086_/B (sky130_fd_sc_hd__xor2_1)
     2    0.007911    0.071573    0.158667    3.052899 v _1086_/X (sky130_fd_sc_hd__xor2_1)
                                                         _0462_ (net)
                      0.071573    0.000298    3.053198 v _1093_/A (sky130_fd_sc_hd__and3_1)
     4    0.011610    0.073572    0.189959    3.243156 v _1093_/X (sky130_fd_sc_hd__and3_1)
                                                         _0469_ (net)
                      0.073572    0.000281    3.243438 v _1096_/A (sky130_fd_sc_hd__nor3b_1)
     3    0.009477    0.340150    0.338656    3.582094 ^ _1096_/Y (sky130_fd_sc_hd__nor3b_1)
                                                         _0472_ (net)
                      0.340150    0.000224    3.582318 ^ _1098_/B (sky130_fd_sc_hd__nor3_1)
     2    0.004979    0.087317    0.110572    3.692890 v _1098_/Y (sky130_fd_sc_hd__nor3_1)
                                                         _0474_ (net)
                      0.087317    0.000087    3.692978 v max_cap56/A (sky130_fd_sc_hd__buf_1)
     2    0.008333    0.055466    0.131889    3.824866 v max_cap56/X (sky130_fd_sc_hd__buf_1)
                                                         net56 (net)
                      0.055466    0.000269    3.825135 v _1100_/B1 (sky130_fd_sc_hd__a211o_1)
     3    0.011451    0.086138    0.313839    4.138974 v _1100_/X (sky130_fd_sc_hd__a211o_1)
                                                         _0476_ (net)
                      0.086138    0.000180    4.139154 v _1103_/A1 (sky130_fd_sc_hd__a211o_1)
     2    0.006383    0.064440    0.286609    4.425764 v _1103_/X (sky130_fd_sc_hd__a211o_1)
                                                         _0479_ (net)
                      0.064440    0.000218    4.425982 v _1105_/A2 (sky130_fd_sc_hd__a211o_1)
     2    0.004767    0.056729    0.303935    4.729916 v _1105_/X (sky130_fd_sc_hd__a211o_1)
                                                         _0481_ (net)
                      0.056729    0.000077    4.729993 v _1106_/B (sky130_fd_sc_hd__and2b_1)
     3    0.007604    0.054319    0.178674    4.908668 v _1106_/X (sky130_fd_sc_hd__and2b_1)
                                                         _0482_ (net)
                      0.054319    0.000122    4.908790 v _1141_/A3 (sky130_fd_sc_hd__a31o_1)
     2    0.008275    0.061165    0.241601    5.150390 v _1141_/X (sky130_fd_sc_hd__a31o_1)
                                                         _0516_ (net)
                      0.061165    0.000273    5.150663 v _1145_/A2 (sky130_fd_sc_hd__a21oi_1)
     4    0.011679    0.270459    0.267649    5.418312 ^ _1145_/Y (sky130_fd_sc_hd__a21oi_1)
                                                         _0519_ (net)
                      0.270460    0.000382    5.418694 ^ _1174_/A1 (sky130_fd_sc_hd__o21ai_1)
     1    0.002725    0.064477    0.111112    5.529805 v _1174_/Y (sky130_fd_sc_hd__o21ai_1)
                                                         _0548_ (net)
                      0.064477    0.000060    5.529866 v _1175_/B2 (sky130_fd_sc_hd__o221a_1)
     1    0.002266    0.041932    0.203134    5.733000 v _1175_/X (sky130_fd_sc_hd__o221a_1)
                                                         _0043_ (net)
                      0.041932    0.000048    5.733048 v _1313_/D (sky130_fd_sc_hd__dfxtp_1)
                                              5.733048   data arrival time

                                 10.000000   10.000000   clock aclk (rise edge)
                                  0.000000   10.000000   clock source latency
     1    0.015885    0.077393    0.053115   10.053115 ^ aclk (in)
                                                         aclk (net)
                      0.077407    0.000000   10.053115 ^ clkbuf_0_aclk/A (sky130_fd_sc_hd__clkbuf_16)
     4    0.039251    0.059047    0.152784   10.205898 ^ clkbuf_0_aclk/X (sky130_fd_sc_hd__clkbuf_16)
                                                         clknet_0_aclk (net)
                      0.059099    0.001497   10.207396 ^ clkbuf_2_0__f_aclk/A (sky130_fd_sc_hd__clkbuf_16)
    14    0.041031    0.060606    0.147314   10.354710 ^ clkbuf_2_0__f_aclk/X (sky130_fd_sc_hd__clkbuf_16)
                                                         clknet_2_0__leaf_aclk (net)
                      0.060623    0.001035   10.355744 ^ _1313_/CLK (sky130_fd_sc_hd__dfxtp_1)
                                 -0.250000   10.105744   clock uncertainty
                                  0.000000   10.105744   clock reconvergence pessimism
                                 -0.105535   10.000210   library setup time
                                             10.000210   data required time
---------------------------------------------------------------------------------------------
                                             10.000210   data required time
                                             -5.733048   data arrival time
---------------------------------------------------------------------------------------------
                                              4.267162   slack (MET)


Startpoint: s_axis_tdata[14] (input port clocked by aclk)
Endpoint: _1312_ (rising edge-triggered flip-flop clocked by aclk)
Path Group: aclk
Path Type: max

Fanout         Cap        Slew       Delay        Time   Description
---------------------------------------------------------------------------------------------
                                  0.000000    0.000000   clock aclk (rise edge)
                                  0.000000    0.000000   clock network delay (propagated)
                                  2.000000    2.000000 ^ input external delay
     1    0.003489    0.022717    0.012741    2.012741 ^ s_axis_tdata[14] (in)
                                                         s_axis_tdata[14] (net)
                      0.022725    0.000000    2.012741 ^ input8/A (sky130_fd_sc_hd__clkbuf_1)
     1    0.003148    0.047818    0.075717    2.088458 ^ input8/X (sky130_fd_sc_hd__clkbuf_1)
                                                         net8 (net)
                      0.047818    0.000074    2.088532 ^ fanout77/A (sky130_fd_sc_hd__clkbuf_2)
     8    0.028050    0.156619    0.184928    2.273460 ^ fanout77/X (sky130_fd_sc_hd__clkbuf_2)
                                                         net77 (net)
                      0.156628    0.000973    2.274433 ^ fanout76/A (sky130_fd_sc_hd__buf_2)
    10    0.032540    0.162720    0.229651    2.504084 ^ fanout76/X (sky130_fd_sc_hd__buf_2)
                                                         net76 (net)
                      0.162723    0.000996    2.505080 ^ _1084_/A2 (sky130_fd_sc_hd__a22o_1)
     2    0.005539    0.069019    0.178764    2.683844 ^ _1084_/X (sky130_fd_sc_hd__a22o_1)
                                                         _0460_ (net)
                      0.069019    0.000162    2.684005 ^ _1085_/B1_N (sky130_fd_sc_hd__a21bo_1)
     1    0.005413    0.045625    0.210076    2.894082 v _1085_/X (sky130_fd_sc_hd__a21bo_1)
                                                         _0461_ (net)
                      0.045625    0.000151    2.894233 v _1086_/B (sky130_fd_sc_hd__xor2_1)
     2    0.007911    0.071573    0.158667    3.052899 v _1086_/X (sky130_fd_sc_hd__xor2_1)
                                                         _0462_ (net)
                      0.071573    0.000298    3.053198 v _1093_/A (sky130_fd_sc_hd__and3_1)
     4    0.011610    0.073572    0.189959    3.243156 v _1093_/X (sky130_fd_sc_hd__and3_1)
                                                         _0469_ (net)
                      0.073572    0.000281    3.243438 v _1096_/A (sky130_fd_sc_hd__nor3b_1)
     3    0.009477    0.340150    0.338656    3.582094 ^ _1096_/Y (sky130_fd_sc_hd__nor3b_1)
                                                         _0472_ (net)
                      0.340150    0.000224    3.582318 ^ _1098_/B (sky130_fd_sc_hd__nor3_1)
     2    0.004979    0.087317    0.110572    3.692890 v _1098_/Y (sky130_fd_sc_hd__nor3_1)
                                                         _0474_ (net)
                      0.087317    0.000087    3.692978 v max_cap56/A (sky130_fd_sc_hd__buf_1)
     2    0.008333    0.055466    0.131889    3.824866 v max_cap56/X (sky130_fd_sc_hd__buf_1)
                                                         net56 (net)
                      0.055466    0.000269    3.825135 v _1100_/B1 (sky130_fd_sc_hd__a211o_1)
     3    0.011451    0.086138    0.313839    4.138974 v _1100_/X (sky130_fd_sc_hd__a211o_1)
                                                         _0476_ (net)
                      0.086138    0.000180    4.139154 v _1103_/A1 (sky130_fd_sc_hd__a211o_1)
     2    0.006383    0.064440    0.286609    4.425764 v _1103_/X (sky130_fd_sc_hd__a211o_1)
                                                         _0479_ (net)
                      0.064440    0.000218    4.425982 v _1105_/A2 (sky130_fd_sc_hd__a211o_1)
     2    0.004767    0.056729    0.303935    4.729916 v _1105_/X (sky130_fd_sc_hd__a211o_1)
                                                         _0481_ (net)
                      0.056729    0.000077    4.729993 v _1106_/B (sky130_fd_sc_hd__and2b_1)
     3    0.007604    0.054319    0.178674    4.908668 v _1106_/X (sky130_fd_sc_hd__and2b_1)
                                                         _0482_ (net)
                      0.054319    0.000122    4.908790 v _1141_/A3 (sky130_fd_sc_hd__a31o_1)
     2    0.008275    0.061165    0.241601    5.150390 v _1141_/X (sky130_fd_sc_hd__a31o_1)
                                                         _0516_ (net)
                      0.061166    0.000305    5.150695 v _1142_/B (sky130_fd_sc_hd__xnor2_1)
     1    0.002693    0.057204    0.123471    5.274166 v _1142_/Y (sky130_fd_sc_hd__xnor2_1)
                                                         _0517_ (net)
                      0.057204    0.000058    5.274223 v _1144_/A2 (sky130_fd_sc_hd__a21oi_1)
     1    0.002867    0.105403    0.140979    5.415203 ^ _1144_/Y (sky130_fd_sc_hd__a21oi_1)
                                                         _0042_ (net)
                      0.105403    0.000070    5.415273 ^ _1312_/D (sky130_fd_sc_hd__dfxtp_1)
                                              5.415273   data arrival time

                                 10.000000   10.000000   clock aclk (rise edge)
                                  0.000000   10.000000   clock source latency
     1    0.015885    0.077393    0.053115   10.053115 ^ aclk (in)
                                                         aclk (net)
                      0.077407    0.000000   10.053115 ^ clkbuf_0_aclk/A (sky130_fd_sc_hd__clkbuf_16)
     4    0.039251    0.059047    0.152784   10.205898 ^ clkbuf_0_aclk/X (sky130_fd_sc_hd__clkbuf_16)
                                                         clknet_0_aclk (net)
                      0.059099    0.001497   10.207396 ^ clkbuf_2_0__f_aclk/A (sky130_fd_sc_hd__clkbuf_16)
    14    0.041031    0.060606    0.147314   10.354710 ^ clkbuf_2_0__f_aclk/X (sky130_fd_sc_hd__clkbuf_16)
                                                         clknet_2_0__leaf_aclk (net)
                      0.060625    0.001068   10.355778 ^ _1312_/CLK (sky130_fd_sc_hd__dfxtp_1)
                                 -0.250000   10.105778   clock uncertainty
                                  0.000000   10.105778   clock reconvergence pessimism
                                 -0.065678   10.040100   library setup time
                                             10.040100   data required time
---------------------------------------------------------------------------------------------
                                             10.040100   data required time
                                             -5.415273   data arrival time
---------------------------------------------------------------------------------------------
                                              4.624827   slack (MET)


Startpoint: s_axis_tdata[15] (input port clocked by aclk)
Endpoint: _1311_ (rising edge-triggered flip-flop clocked by aclk)
Path Group: aclk
Path Type: max

Fanout         Cap        Slew       Delay        Time   Description
---------------------------------------------------------------------------------------------
                                  0.000000    0.000000   clock aclk (rise edge)
                                  0.000000    0.000000   clock network delay (propagated)
                                  2.000000    2.000000 ^ input external delay
     1    0.004290    0.026208    0.015553    2.015553 ^ s_axis_tdata[15] (in)
                                                         s_axis_tdata[15] (net)
                      0.026208    0.000000    2.015553 ^ input9/A (sky130_fd_sc_hd__buf_1)
     4    0.012710    0.155460    0.152439    2.167992 ^ input9/X (sky130_fd_sc_hd__buf_1)
                                                         net9 (net)
                      0.155461    0.000288    2.168280 ^ fanout75/A (sky130_fd_sc_hd__buf_4)
    10    0.033434    0.100570    0.191243    2.359524 ^ fanout75/X (sky130_fd_sc_hd__buf_4)
                                                         net75 (net)
                      0.100570    0.000522    2.360046 ^ _1004_/A2 (sky130_fd_sc_hd__a21oi_1)
     3    0.007591    0.086868    0.101349    2.461395 v _1004_/Y (sky130_fd_sc_hd__a21oi_1)
                                                         _0382_ (net)
                      0.086868    0.000147    2.461542 v _1006_/B (sky130_fd_sc_hd__or3_1)
     2    0.008220    0.096123    0.395029    2.856571 v _1006_/X (sky130_fd_sc_hd__or3_1)
                                                         _0384_ (net)
                      0.096123    0.000261    2.856833 v _1009_/A1 (sky130_fd_sc_hd__a211o_1)
     3    0.009643    0.078567    0.309281    3.166113 v _1009_/X (sky130_fd_sc_hd__a211o_1)
                                                         _0387_ (net)
                      0.078567    0.000229    3.166342 v _1011_/A2 (sky130_fd_sc_hd__a21o_1)
     2    0.008353    0.057292    0.211085    3.377428 v _1011_/X (sky130_fd_sc_hd__a21o_1)
                                                         _0389_ (net)
                      0.057292    0.000204    3.377632 v _1014_/A2 (sky130_fd_sc_hd__a21o_1)
     3    0.009965    0.062389    0.209617    3.587249 v _1014_/X (sky130_fd_sc_hd__a21o_1)
                                                         _0392_ (net)
                      0.062391    0.000456    3.587705 v _1015_/C (sky130_fd_sc_hd__and3_1)
     3    0.008366    0.060639    0.209153    3.796858 v _1015_/X (sky130_fd_sc_hd__and3_1)
                                                         _0393_ (net)
                      0.060639    0.000210    3.797068 v _1019_/A1 (sky130_fd_sc_hd__o211a_1)
     2    0.005293    0.049656    0.236206    4.033274 v _1019_/X (sky130_fd_sc_hd__o211a_1)
                                                         _0397_ (net)
                      0.049656    0.000093    4.033367 v _1021_/B (sky130_fd_sc_hd__or3b_1)
     3    0.008271    0.096720    0.387314    4.420681 v _1021_/X (sky130_fd_sc_hd__or3b_1)
                                                         _0399_ (net)
                      0.096720    0.000209    4.420890 v _1025_/B (sky130_fd_sc_hd__and3_1)
     2    0.005282    0.047385    0.194366    4.615257 v _1025_/X (sky130_fd_sc_hd__and3_1)
                                                         _0403_ (net)
                      0.047385    0.000095    4.615352 v _1070_/B1 (sky130_fd_sc_hd__a21o_1)
     3    0.010636    0.065021    0.184808    4.800160 v _1070_/X (sky130_fd_sc_hd__a21o_1)
                                                         _0447_ (net)
                      0.065022    0.000302    4.800462 v _1107_/A2 (sky130_fd_sc_hd__a21oi_1)
     2    0.005749    0.157877    0.185385    4.985847 ^ _1107_/Y (sky130_fd_sc_hd__a21oi_1)
                                                         _0483_ (net)
                      0.157877    0.000168    4.986015 ^ _1108_/B (sky130_fd_sc_hd__nor2_1)
     1    0.003157    0.043110    0.059975    5.045990 v _1108_/Y (sky130_fd_sc_hd__nor2_1)
                                                         _0484_ (net)
                      0.043110    0.000076    5.046066 v _1110_/B1 (sky130_fd_sc_hd__o221a_1)
     1    0.002571    0.043762    0.215000    5.261066 v _1110_/X (sky130_fd_sc_hd__o221a_1)
                                                         _0041_ (net)
                      0.043762    0.000082    5.261148 v _1311_/D (sky130_fd_sc_hd__dfxtp_1)
                                              5.261148   data arrival time

                                 10.000000   10.000000   clock aclk (rise edge)
                                  0.000000   10.000000   clock source latency
     1    0.015885    0.077393    0.053115   10.053115 ^ aclk (in)
                                                         aclk (net)
                      0.077407    0.000000   10.053115 ^ clkbuf_0_aclk/A (sky130_fd_sc_hd__clkbuf_16)
     4    0.039251    0.059047    0.152784   10.205898 ^ clkbuf_0_aclk/X (sky130_fd_sc_hd__clkbuf_16)
                                                         clknet_0_aclk (net)
                      0.059081    0.001251   10.207150 ^ clkbuf_2_2__f_aclk/A (sky130_fd_sc_hd__clkbuf_16)
    14    0.040750    0.060360    0.147111   10.354259 ^ clkbuf_2_2__f_aclk/X (sky130_fd_sc_hd__clkbuf_16)
                                                         clknet_2_2__leaf_aclk (net)
                      0.060378    0.001023   10.355283 ^ _1311_/CLK (sky130_fd_sc_hd__dfxtp_1)
                                 -0.250000   10.105283   clock uncertainty
                                  0.000000   10.105283   clock reconvergence pessimism
                                 -0.106395    9.998888   library setup time
                                              9.998888   data required time
---------------------------------------------------------------------------------------------
                                              9.998888   data required time
                                             -5.261148   data arrival time
---------------------------------------------------------------------------------------------
                                              4.737740   slack (MET)


Startpoint: s_axis_tdata[15] (input port clocked by aclk)
Endpoint: _1309_ (rising edge-triggered flip-flop clocked by aclk)
Path Group: aclk
Path Type: max

Fanout         Cap        Slew       Delay        Time   Description
---------------------------------------------------------------------------------------------
                                  0.000000    0.000000   clock aclk (rise edge)
                                  0.000000    0.000000   clock network delay (propagated)
                                  2.000000    2.000000 ^ input external delay
     1    0.004290    0.026208    0.015553    2.015553 ^ s_axis_tdata[15] (in)
                                                         s_axis_tdata[15] (net)
                      0.026208    0.000000    2.015553 ^ input9/A (sky130_fd_sc_hd__buf_1)
     4    0.012710    0.155460    0.152439    2.167992 ^ input9/X (sky130_fd_sc_hd__buf_1)
                                                         net9 (net)
                      0.155461    0.000288    2.168280 ^ fanout75/A (sky130_fd_sc_hd__buf_4)
    10    0.033434    0.100570    0.191243    2.359524 ^ fanout75/X (sky130_fd_sc_hd__buf_4)
                                                         net75 (net)
                      0.100570    0.000522    2.360046 ^ _1004_/A2 (sky130_fd_sc_hd__a21oi_1)
     3    0.007591    0.086868    0.101349    2.461395 v _1004_/Y (sky130_fd_sc_hd__a21oi_1)
                                                         _0382_ (net)
                      0.086868    0.000147    2.461542 v _1006_/B (sky130_fd_sc_hd__or3_1)
     2    0.008220    0.096123    0.395029    2.856571 v _1006_/X (sky130_fd_sc_hd__or3_1)
                                                         _0384_ (net)
                      0.096123    0.000261    2.856833 v _1009_/A1 (sky130_fd_sc_hd__a211o_1)
     3    0.009643    0.078567    0.309281    3.166113 v _1009_/X (sky130_fd_sc_hd__a211o_1)
                                                         _0387_ (net)
                      0.078567    0.000229    3.166342 v _1011_/A2 (sky130_fd_sc_hd__a21o_1)
     2    0.008353    0.057292    0.211085    3.377428 v _1011_/X (sky130_fd_sc_hd__a21o_1)
                                                         _0389_ (net)
                      0.057292    0.000204    3.377632 v _1014_/A2 (sky130_fd_sc_hd__a21o_1)
     3    0.009965    0.062389    0.209617    3.587249 v _1014_/X (sky130_fd_sc_hd__a21o_1)
                                                         _0392_ (net)
                      0.062391    0.000456    3.587705 v _1015_/C (sky130_fd_sc_hd__and3_1)
     3    0.008366    0.060639    0.209153    3.796858 v _1015_/X (sky130_fd_sc_hd__and3_1)
                                                         _0393_ (net)
                      0.060639    0.000210    3.797068 v _1019_/A1 (sky130_fd_sc_hd__o211a_1)
     2    0.005293    0.049656    0.236206    4.033274 v _1019_/X (sky130_fd_sc_hd__o211a_1)
                                                         _0397_ (net)
                      0.049656    0.000093    4.033367 v _1021_/B (sky130_fd_sc_hd__or3b_1)
     3    0.008271    0.096720    0.387314    4.420681 v _1021_/X (sky130_fd_sc_hd__or3b_1)
                                                         _0399_ (net)
                      0.096720    0.000209    4.420890 v _1025_/B (sky130_fd_sc_hd__and3_1)
     2    0.005282    0.047385    0.194366    4.615257 v _1025_/X (sky130_fd_sc_hd__and3_1)
                                                         _0403_ (net)
                      0.047385    0.000118    4.615375 v _1026_/B (sky130_fd_sc_hd__or2_1)
     1    0.005130    0.058742    0.217076    4.832451 v _1026_/X (sky130_fd_sc_hd__or2_1)
                                                         _0404_ (net)
                      0.058742    0.000127    4.832578 v _1028_/A (sky130_fd_sc_hd__xnor2_1)
     1    0.003869    0.052317    0.131363    4.963941 v _1028_/Y (sky130_fd_sc_hd__xnor2_1)
                                                         _0406_ (net)
                      0.052317    0.000134    4.964075 v _1030_/A2 (sky130_fd_sc_hd__o211a_1)
     1    0.003043    0.039645    0.202725    5.166799 v _1030_/X (sky130_fd_sc_hd__o211a_1)
                                                         _0039_ (net)
                      0.039645    0.000078    5.166877 v _1309_/D (sky130_fd_sc_hd__dfxtp_1)
                                              5.166877   data arrival time

                                 10.000000   10.000000   clock aclk (rise edge)
                                  0.000000   10.000000   clock source latency
     1    0.015885    0.077393    0.053115   10.053115 ^ aclk (in)
                                                         aclk (net)
                      0.077407    0.000000   10.053115 ^ clkbuf_0_aclk/A (sky130_fd_sc_hd__clkbuf_16)
     4    0.039251    0.059047    0.152784   10.205898 ^ clkbuf_0_aclk/X (sky130_fd_sc_hd__clkbuf_16)
                                                         clknet_0_aclk (net)
                      0.059081    0.001251   10.207150 ^ clkbuf_2_2__f_aclk/A (sky130_fd_sc_hd__clkbuf_16)
    14    0.040750    0.060360    0.147111   10.354259 ^ clkbuf_2_2__f_aclk/X (sky130_fd_sc_hd__clkbuf_16)
                                                         clknet_2_2__leaf_aclk (net)
                      0.060376    0.000993   10.355253 ^ _1309_/CLK (sky130_fd_sc_hd__dfxtp_1)
                                 -0.250000   10.105253   clock uncertainty
                                  0.000000   10.105253   clock reconvergence pessimism
                                 -0.104589   10.000664   library setup time
                                             10.000664   data required time
---------------------------------------------------------------------------------------------
                                             10.000664   data required time
                                             -5.166877   data arrival time
---------------------------------------------------------------------------------------------
                                              4.833786   slack (MET)


Startpoint: s_axis_tdata[15] (input port clocked by aclk)
Endpoint: _1310_ (rising edge-triggered flip-flop clocked by aclk)
Path Group: aclk
Path Type: max

Fanout         Cap        Slew       Delay        Time   Description
---------------------------------------------------------------------------------------------
                                  0.000000    0.000000   clock aclk (rise edge)
                                  0.000000    0.000000   clock network delay (propagated)
                                  2.000000    2.000000 ^ input external delay
     1    0.004290    0.026208    0.015553    2.015553 ^ s_axis_tdata[15] (in)
                                                         s_axis_tdata[15] (net)
                      0.026208    0.000000    2.015553 ^ input9/A (sky130_fd_sc_hd__buf_1)
     4    0.012710    0.155460    0.152439    2.167992 ^ input9/X (sky130_fd_sc_hd__buf_1)
                                                         net9 (net)
                      0.155461    0.000288    2.168280 ^ fanout75/A (sky130_fd_sc_hd__buf_4)
    10    0.033434    0.100570    0.191243    2.359524 ^ fanout75/X (sky130_fd_sc_hd__buf_4)
                                                         net75 (net)
                      0.100570    0.000522    2.360046 ^ _1004_/A2 (sky130_fd_sc_hd__a21oi_1)
     3    0.007591    0.086868    0.101349    2.461395 v _1004_/Y (sky130_fd_sc_hd__a21oi_1)
                                                         _0382_ (net)
                      0.086868    0.000147    2.461542 v _1006_/B (sky130_fd_sc_hd__or3_1)
     2    0.008220    0.096123    0.395029    2.856571 v _1006_/X (sky130_fd_sc_hd__or3_1)
                                                         _0384_ (net)
                      0.096123    0.000261    2.856833 v _1009_/A1 (sky130_fd_sc_hd__a211o_1)
     3    0.009643    0.078567    0.309281    3.166113 v _1009_/X (sky130_fd_sc_hd__a211o_1)
                                                         _0387_ (net)
                      0.078567    0.000229    3.166342 v _1011_/A2 (sky130_fd_sc_hd__a21o_1)
     2    0.008353    0.057292    0.211085    3.377428 v _1011_/X (sky130_fd_sc_hd__a21o_1)
                                                         _0389_ (net)
                      0.057292    0.000204    3.377632 v _1014_/A2 (sky130_fd_sc_hd__a21o_1)
     3    0.009965    0.062389    0.209617    3.587249 v _1014_/X (sky130_fd_sc_hd__a21o_1)
                                                         _0392_ (net)
                      0.062391    0.000456    3.587705 v _1015_/C (sky130_fd_sc_hd__and3_1)
     3    0.008366    0.060639    0.209153    3.796858 v _1015_/X (sky130_fd_sc_hd__and3_1)
                                                         _0393_ (net)
                      0.060639    0.000210    3.797068 v _1019_/A1 (sky130_fd_sc_hd__o211a_1)
     2    0.005293    0.049656    0.236206    4.033274 v _1019_/X (sky130_fd_sc_hd__o211a_1)
                                                         _0397_ (net)
                      0.049656    0.000093    4.033367 v _1021_/B (sky130_fd_sc_hd__or3b_1)
     3    0.008271    0.096720    0.387314    4.420681 v _1021_/X (sky130_fd_sc_hd__or3b_1)
                                                         _0399_ (net)
                      0.096720    0.000209    4.420890 v _1025_/B (sky130_fd_sc_hd__and3_1)
     2    0.005282    0.047385    0.194366    4.615257 v _1025_/X (sky130_fd_sc_hd__and3_1)
                                                         _0403_ (net)
                      0.047385    0.000095    4.615352 v _1070_/B1 (sky130_fd_sc_hd__a21o_1)
     3    0.010636    0.065021    0.184808    4.800160 v _1070_/X (sky130_fd_sc_hd__a21o_1)
                                                         _0447_ (net)
                      0.065022    0.000317    4.800477 v _1071_/B (sky130_fd_sc_hd__xor2_1)
     1    0.002895    0.050724    0.143583    4.944060 v _1071_/X (sky130_fd_sc_hd__xor2_1)
                                                         _0448_ (net)
                      0.050724    0.000066    4.944126 v _1073_/A2 (sky130_fd_sc_hd__o211a_1)
     1    0.002772    0.038276    0.200222    5.144348 v _1073_/X (sky130_fd_sc_hd__o211a_1)
                                                         _0040_ (net)
                      0.038276    0.000090    5.144438 v _1310_/D (sky130_fd_sc_hd__dfxtp_1)
                                              5.144438   data arrival time

                                 10.000000   10.000000   clock aclk (rise edge)
                                  0.000000   10.000000   clock source latency
     1    0.015885    0.077393    0.053115   10.053115 ^ aclk (in)
                                                         aclk (net)
                      0.077407    0.000000   10.053115 ^ clkbuf_0_aclk/A (sky130_fd_sc_hd__clkbuf_16)
     4    0.039251    0.059047    0.152784   10.205898 ^ clkbuf_0_aclk/X (sky130_fd_sc_hd__clkbuf_16)
                                                         clknet_0_aclk (net)
                      0.059081    0.001251   10.207150 ^ clkbuf_2_2__f_aclk/A (sky130_fd_sc_hd__clkbuf_16)
    14    0.040750    0.060360    0.147111   10.354259 ^ clkbuf_2_2__f_aclk/X (sky130_fd_sc_hd__clkbuf_16)
                                                         clknet_2_2__leaf_aclk (net)
                      0.060376    0.000994   10.355254 ^ _1310_/CLK (sky130_fd_sc_hd__dfxtp_1)
                                 -0.250000   10.105254   clock uncertainty
                                  0.000000   10.105254   clock reconvergence pessimism
                                 -0.103989   10.001265   library setup time
                                             10.001265   data required time
---------------------------------------------------------------------------------------------
                                             10.001265   data required time
                                             -5.144438   data arrival time
---------------------------------------------------------------------------------------------
                                              4.856827   slack (MET)


Startpoint: m_axis_tready (input port clocked by aclk)
Endpoint: s_axis_tready (output port clocked by aclk)
Path Group: aclk
Path Type: max

Fanout         Cap        Slew       Delay        Time   Description
---------------------------------------------------------------------------------------------
                                  0.000000    0.000000   clock aclk (rise edge)
                                  0.000000    0.000000   clock network delay (propagated)
                                  2.000000    2.000000 ^ input external delay
     1    0.003025    0.020701    0.011114    2.011114 ^ m_axis_tready (in)
                                                         m_axis_tready (net)
                      0.020701    0.000000    2.011114 ^ input2/A (sky130_fd_sc_hd__buf_2)
     8    0.033272    0.165631    0.185048    2.196163 ^ input2/X (sky130_fd_sc_hd__buf_2)
                                                         net2 (net)
                      0.165636    0.000804    2.196967 ^ _1322_/A (sky130_fd_sc_hd__clkbuf_1)
     1    0.002867    0.045989    0.108364    2.305331 ^ _1322_/X (sky130_fd_sc_hd__clkbuf_1)
                                                         net55 (net)
                      0.045989    0.000092    2.305423 ^ output55/A (sky130_fd_sc_hd__buf_2)
     1    0.034638    0.171913    0.199384    2.504807 ^ output55/X (sky130_fd_sc_hd__buf_2)
                                                         s_axis_tready (net)
                      0.171968    0.000932    2.505739 ^ s_axis_tready (out)
                                              2.505739   data arrival time

                                 10.000000   10.000000   clock aclk (rise edge)
                                  0.000000   10.000000   clock network delay (propagated)
                                 -0.250000    9.750000   clock uncertainty
                                  0.000000    9.750000   clock reconvergence pessimism
                                 -2.000000    7.750000   output external delay
                                              7.750000   data required time
---------------------------------------------------------------------------------------------
                                              7.750000   data required time
                                             -2.505739   data arrival time
---------------------------------------------------------------------------------------------
                                              5.244261   slack (MET)


Startpoint: s_axis_tdata[12] (input port clocked by aclk)
Endpoint: _1308_ (rising edge-triggered flip-flop clocked by aclk)
Path Group: aclk
Path Type: max

Fanout         Cap        Slew       Delay        Time   Description
---------------------------------------------------------------------------------------------
                                  0.000000    0.000000   clock aclk (rise edge)
                                  0.000000    0.000000   clock network delay (propagated)
                                  2.000000    2.000000 ^ input external delay
     1    0.003625    0.023308    0.013219    2.013219 ^ s_axis_tdata[12] (in)
                                                         s_axis_tdata[12] (net)
                      0.023316    0.000000    2.013219 ^ input6/A (sky130_fd_sc_hd__buf_1)
     2    0.008913    0.112338    0.121628    2.134847 ^ input6/X (sky130_fd_sc_hd__buf_1)
                                                         net6 (net)
                      0.112338    0.000187    2.135034 ^ fanout81/A (sky130_fd_sc_hd__dlymetal6s2s_1)
     5    0.019335    0.208784    0.227620    2.362654 ^ fanout81/X (sky130_fd_sc_hd__dlymetal6s2s_1)
                                                         net81 (net)
                      0.208786    0.000484    2.363137 ^ _0966_/B (sky130_fd_sc_hd__nand2_1)
     3    0.008411    0.084017    0.120691    2.483829 v _0966_/Y (sky130_fd_sc_hd__nand2_1)
                                                         _0345_ (net)
                      0.084017    0.000248    2.484076 v _0971_/A (sky130_fd_sc_hd__or3_1)
     2    0.006297    0.084339    0.402619    2.886696 v _0971_/X (sky130_fd_sc_hd__or3_1)
                                                         _0350_ (net)
                      0.084339    0.000116    2.886812 v _0975_/A1 (sky130_fd_sc_hd__a21o_1)
     3    0.010312    0.063714    0.200034    3.086846 v _0975_/X (sky130_fd_sc_hd__a21o_1)
                                                         _0354_ (net)
                      0.063715    0.000366    3.087213 v _0977_/A2 (sky130_fd_sc_hd__a21o_1)
     2    0.008083    0.056025    0.203969    3.291181 v _0977_/X (sky130_fd_sc_hd__a21o_1)
                                                         _0356_ (net)
                      0.056025    0.000140    3.291321 v _0980_/A2 (sky130_fd_sc_hd__a21o_1)
     2    0.009617    0.061004    0.207894    3.499215 v _0980_/X (sky130_fd_sc_hd__a21o_1)
                                                         _0359_ (net)
                      0.061005    0.000345    3.499560 v _0982_/A2 (sky130_fd_sc_hd__a21o_1)
     2    0.005497    0.044427    0.190792    3.690351 v _0982_/X (sky130_fd_sc_hd__a21o_1)
                                                         _0361_ (net)
                      0.044427    0.000160    3.690511 v _0984_/A2 (sky130_fd_sc_hd__a211oi_1)
     2    0.007029    0.295567    0.313291    4.003802 ^ _0984_/Y (sky130_fd_sc_hd__a211oi_1)
                                                         _0363_ (net)
                      0.295567    0.000196    4.003998 ^ _0985_/C (sky130_fd_sc_hd__nor3_1)
     2    0.004553    0.076670    0.094421    4.098419 v _0985_/Y (sky130_fd_sc_hd__nor3_1)
                                                         _0364_ (net)
                      0.076670    0.000127    4.098546 v _0987_/A_N (sky130_fd_sc_hd__nand2b_1)
     1    0.004959    0.057319    0.162968    4.261514 v _0987_/Y (sky130_fd_sc_hd__nand2b_1)
                                                         _0366_ (net)
                      0.057319    0.000113    4.261627 v _0988_/B (sky130_fd_sc_hd__xnor2_1)
     1    0.005092    0.060251    0.135529    4.397156 v _0988_/Y (sky130_fd_sc_hd__xnor2_1)
                                                         _0367_ (net)
                      0.060251    0.000179    4.397335 v _0990_/A2 (sky130_fd_sc_hd__o211a_1)
     1    0.002282    0.035969    0.200463    4.597798 v _0990_/X (sky130_fd_sc_hd__o211a_1)
                                                         _0038_ (net)
                      0.035969    0.000049    4.597847 v _1308_/D (sky130_fd_sc_hd__dfxtp_1)
                                              4.597847   data arrival time

                                 10.000000   10.000000   clock aclk (rise edge)
                                  0.000000   10.000000   clock source latency
     1    0.015885    0.077393    0.053115   10.053115 ^ aclk (in)
                                                         aclk (net)
                      0.077407    0.000000   10.053115 ^ clkbuf_0_aclk/A (sky130_fd_sc_hd__clkbuf_16)
     4    0.039251    0.059047    0.152784   10.205898 ^ clkbuf_0_aclk/X (sky130_fd_sc_hd__clkbuf_16)
                                                         clknet_0_aclk (net)
                      0.059081    0.001251   10.207150 ^ clkbuf_2_2__f_aclk/A (sky130_fd_sc_hd__clkbuf_16)
    14    0.040750    0.060360    0.147111   10.354259 ^ clkbuf_2_2__f_aclk/X (sky130_fd_sc_hd__clkbuf_16)
                                                         clknet_2_2__leaf_aclk (net)
                      0.060401    0.001390   10.355650 ^ _1308_/CLK (sky130_fd_sc_hd__dfxtp_1)
                                 -0.250000   10.105650   clock uncertainty
                                  0.000000   10.105650   clock reconvergence pessimism
                                 -0.102971   10.002679   library setup time
                                             10.002679   data required time
---------------------------------------------------------------------------------------------
                                             10.002679   data required time
                                             -4.597847   data arrival time
---------------------------------------------------------------------------------------------
                                              5.404832   slack (MET)


Startpoint: s_axis_tdata[9] (input port clocked by aclk)
Endpoint: _1307_ (rising edge-triggered flip-flop clocked by aclk)
Path Group: aclk
Path Type: max

Fanout         Cap        Slew       Delay        Time   Description
---------------------------------------------------------------------------------------------
                                  0.000000    0.000000   clock aclk (rise edge)
                                  0.000000    0.000000   clock network delay (propagated)
                                  2.000000    2.000000 ^ input external delay
     1    0.003693    0.023605    0.013459    2.013458 ^ s_axis_tdata[9] (in)
                                                         s_axis_tdata[9] (net)
                      0.023613    0.000000    2.013458 ^ input18/A (sky130_fd_sc_hd__buf_1)
     5    0.016648    0.200255    0.182057    2.195515 ^ input18/X (sky130_fd_sc_hd__buf_1)
                                                         net18 (net)
                      0.200259    0.000763    2.196278 ^ fanout88/A (sky130_fd_sc_hd__buf_2)
    10    0.029742    0.149788    0.232522    2.428799 ^ fanout88/X (sky130_fd_sc_hd__buf_2)
                                                         net88 (net)
                      0.149795    0.001224    2.430024 ^ _0879_/C (sky130_fd_sc_hd__and3_1)
     4    0.012108    0.131035    0.236873    2.666897 ^ _0879_/X (sky130_fd_sc_hd__and3_1)
                                                         _0263_ (net)
                      0.131035    0.000363    2.667260 ^ _0884_/B (sky130_fd_sc_hd__and2_1)
     2    0.004954    0.065270    0.153790    2.821050 ^ _0884_/X (sky130_fd_sc_hd__and2_1)
                                                         _0267_ (net)
                      0.065270    0.000088    2.821138 ^ _0898_/B1_N (sky130_fd_sc_hd__o21ba_1)
     2    0.007436    0.056482    0.164373    2.985511 v _0898_/X (sky130_fd_sc_hd__o21ba_1)
                                                         _0280_ (net)
                      0.056482    0.000137    2.985648 v _0900_/B (sky130_fd_sc_hd__xnor2_1)
     2    0.005288    0.074986    0.136301    3.121948 v _0900_/Y (sky130_fd_sc_hd__xnor2_1)
                                                         _0282_ (net)
                      0.074986    0.000110    3.122058 v _0901_/C (sky130_fd_sc_hd__and3_1)
     3    0.007704    0.058384    0.211699    3.333757 v _0901_/X (sky130_fd_sc_hd__and3_1)
                                                         _0283_ (net)
                      0.058384    0.000152    3.333909 v _0921_/B (sky130_fd_sc_hd__or2_1)
     2    0.006068    0.062914    0.226395    3.560304 v _0921_/X (sky130_fd_sc_hd__or2_1)
                                                         _0302_ (net)
                      0.062914    0.000197    3.560502 v _0924_/B (sky130_fd_sc_hd__or2_1)
     3    0.007312    0.068920    0.235540    3.796041 v _0924_/X (sky130_fd_sc_hd__or2_1)
                                                         _0305_ (net)
                      0.068920    0.000124    3.796166 v _0925_/C (sky130_fd_sc_hd__and3_1)
     2    0.008848    0.062301    0.214449    4.010615 v _0925_/X (sky130_fd_sc_hd__and3_1)
                                                         _0306_ (net)
                      0.062301    0.000302    4.010917 v _0954_/A (sky130_fd_sc_hd__xnor2_1)
     1    0.005695    0.064306    0.143761    4.154677 v _0954_/Y (sky130_fd_sc_hd__xnor2_1)
                                                         _0334_ (net)
                      0.064306    0.000222    4.154899 v _0956_/A2 (sky130_fd_sc_hd__o211a_1)
     1    0.002701    0.037919    0.205063    4.359962 v _0956_/X (sky130_fd_sc_hd__o211a_1)
                                                         _0037_ (net)
                      0.037919    0.000086    4.360047 v _1307_/D (sky130_fd_sc_hd__dfxtp_1)
                                              4.360047   data arrival time

                                 10.000000   10.000000   clock aclk (rise edge)
                                  0.000000   10.000000   clock source latency
     1    0.015885    0.077393    0.053115   10.053115 ^ aclk (in)
                                                         aclk (net)
                      0.077407    0.000000   10.053115 ^ clkbuf_0_aclk/A (sky130_fd_sc_hd__clkbuf_16)
     4    0.039251    0.059047    0.152784   10.205898 ^ clkbuf_0_aclk/X (sky130_fd_sc_hd__clkbuf_16)
                                                         clknet_0_aclk (net)
                      0.059081    0.001251   10.207150 ^ clkbuf_2_2__f_aclk/A (sky130_fd_sc_hd__clkbuf_16)
    14    0.040750    0.060360    0.147111   10.354259 ^ clkbuf_2_2__f_aclk/X (sky130_fd_sc_hd__clkbuf_16)
                                                         clknet_2_2__leaf_aclk (net)
                      0.060416    0.001583   10.355843 ^ _1307_/CLK (sky130_fd_sc_hd__dfxtp_1)
                                 -0.250000   10.105843   clock uncertainty
                                  0.000000   10.105843   clock reconvergence pessimism
                                 -0.103823   10.002020   library setup time
                                             10.002020   data required time
---------------------------------------------------------------------------------------------
                                             10.002020   data required time
                                             -4.360047   data arrival time
---------------------------------------------------------------------------------------------
                                              5.641973   slack (MET)


Startpoint: s_axis_tdata[9] (input port clocked by aclk)
Endpoint: _1306_ (rising edge-triggered flip-flop clocked by aclk)
Path Group: aclk
Path Type: max

Fanout         Cap        Slew       Delay        Time   Description
---------------------------------------------------------------------------------------------
                                  0.000000    0.000000   clock aclk (rise edge)
                                  0.000000    0.000000   clock network delay (propagated)
                                  2.000000    2.000000 ^ input external delay
     1    0.003693    0.023605    0.013459    2.013458 ^ s_axis_tdata[9] (in)
                                                         s_axis_tdata[9] (net)
                      0.023613    0.000000    2.013458 ^ input18/A (sky130_fd_sc_hd__buf_1)
     5    0.016648    0.200255    0.182057    2.195515 ^ input18/X (sky130_fd_sc_hd__buf_1)
                                                         net18 (net)
                      0.200259    0.000763    2.196278 ^ fanout88/A (sky130_fd_sc_hd__buf_2)
    10    0.029742    0.149788    0.232522    2.428799 ^ fanout88/X (sky130_fd_sc_hd__buf_2)
                                                         net88 (net)
                      0.149795    0.001224    2.430024 ^ _0879_/C (sky130_fd_sc_hd__and3_1)
     4    0.012108    0.131035    0.236873    2.666897 ^ _0879_/X (sky130_fd_sc_hd__and3_1)
                                                         _0263_ (net)
                      0.131035    0.000363    2.667260 ^ _0884_/B (sky130_fd_sc_hd__and2_1)
     2    0.004954    0.065270    0.153790    2.821050 ^ _0884_/X (sky130_fd_sc_hd__and2_1)
                                                         _0267_ (net)
                      0.065270    0.000088    2.821138 ^ _0898_/B1_N (sky130_fd_sc_hd__o21ba_1)
     2    0.007436    0.056482    0.164373    2.985511 v _0898_/X (sky130_fd_sc_hd__o21ba_1)
                                                         _0280_ (net)
                      0.056482    0.000137    2.985648 v _0900_/B (sky130_fd_sc_hd__xnor2_1)
     2    0.005288    0.074986    0.136301    3.121948 v _0900_/Y (sky130_fd_sc_hd__xnor2_1)
                                                         _0282_ (net)
                      0.074986    0.000110    3.122058 v _0901_/C (sky130_fd_sc_hd__and3_1)
     3    0.007704    0.058384    0.211699    3.333757 v _0901_/X (sky130_fd_sc_hd__and3_1)
                                                         _0283_ (net)
                      0.058384    0.000152    3.333909 v _0921_/B (sky130_fd_sc_hd__or2_1)
     2    0.006068    0.062914    0.226395    3.560304 v _0921_/X (sky130_fd_sc_hd__or2_1)
                                                         _0302_ (net)
                      0.062914    0.000197    3.560502 v _0924_/B (sky130_fd_sc_hd__or2_1)
     3    0.007312    0.068920    0.235540    3.796041 v _0924_/X (sky130_fd_sc_hd__or2_1)
                                                         _0305_ (net)
                      0.068920    0.000124    3.796166 v _0925_/C (sky130_fd_sc_hd__and3_1)
     2    0.008848    0.062301    0.214449    4.010615 v _0925_/X (sky130_fd_sc_hd__and3_1)
                                                         _0306_ (net)
                      0.062301    0.000214    4.010829 v _0927_/A1 (sky130_fd_sc_hd__o21ai_1)
     1    0.006090    0.153218    0.173694    4.184524 ^ _0927_/Y (sky130_fd_sc_hd__o21ai_1)
                                                         _0308_ (net)
                      0.153218    0.000244    4.184768 ^ _0928_/B1 (sky130_fd_sc_hd__o211a_1)
     1    0.002091    0.037861    0.159102    4.343870 ^ _0928_/X (sky130_fd_sc_hd__o211a_1)
                                                         _0036_ (net)
                      0.037861    0.000042    4.343912 ^ _1306_/D (sky130_fd_sc_hd__dfxtp_1)
                                              4.343912   data arrival time

                                 10.000000   10.000000   clock aclk (rise edge)
                                  0.000000   10.000000   clock source latency
     1    0.015885    0.077393    0.053115   10.053115 ^ aclk (in)
                                                         aclk (net)
                      0.077407    0.000000   10.053115 ^ clkbuf_0_aclk/A (sky130_fd_sc_hd__clkbuf_16)
     4    0.039251    0.059047    0.152784   10.205898 ^ clkbuf_0_aclk/X (sky130_fd_sc_hd__clkbuf_16)
                                                         clknet_0_aclk (net)
                      0.059081    0.001251   10.207150 ^ clkbuf_2_2__f_aclk/A (sky130_fd_sc_hd__clkbuf_16)
    14    0.040750    0.060360    0.147111   10.354259 ^ clkbuf_2_2__f_aclk/X (sky130_fd_sc_hd__clkbuf_16)
                                                         clknet_2_2__leaf_aclk (net)
                      0.060434    0.001798   10.356057 ^ _1306_/CLK (sky130_fd_sc_hd__dfxtp_1)
                                 -0.250000   10.106057   clock uncertainty
                                  0.000000   10.106057   clock reconvergence pessimism
                                 -0.050148   10.055909   library setup time
                                             10.055909   data required time
---------------------------------------------------------------------------------------------
                                             10.055909   data required time
                                             -4.343912   data arrival time
---------------------------------------------------------------------------------------------
                                              5.711997   slack (MET)


Startpoint: _1271_ (rising edge-triggered flip-flop clocked by aclk)
Endpoint: _1301_ (rising edge-triggered flip-flop clocked by aclk)
Path Group: aclk
Path Type: max

Fanout         Cap        Slew       Delay        Time   Description
---------------------------------------------------------------------------------------------
                                  0.000000    0.000000   clock aclk (rise edge)
                                  0.000000    0.000000   clock source latency
     1    0.015885    0.077393    0.053115    0.053115 ^ aclk (in)
                                                         aclk (net)
                      0.077407    0.000000    0.053115 ^ clkbuf_0_aclk/A (sky130_fd_sc_hd__clkbuf_16)
     4    0.039251    0.059047    0.152784    0.205898 ^ clkbuf_0_aclk/X (sky130_fd_sc_hd__clkbuf_16)
                                                         clknet_0_aclk (net)
                      0.059081    0.001250    0.207149 ^ clkbuf_2_2__f_aclk/A (sky130_fd_sc_hd__clkbuf_16)
    14    0.040750    0.060360    0.147111    0.354259 ^ clkbuf_2_2__f_aclk/X (sky130_fd_sc_hd__clkbuf_16)
                                                         clknet_2_2__leaf_aclk (net)
                      0.060401    0.001388    0.355648 ^ _1271_/CLK (sky130_fd_sc_hd__dfxtp_1)
     4    0.014765    0.076351    0.342358    0.698006 v _1271_/Q (sky130_fd_sc_hd__dfxtp_1)
                                                         net32 (net)
                      0.076351    0.000365    0.698371 v _0643_/B (sky130_fd_sc_hd__xor2_1)
     2    0.009044    0.089129    0.174728    0.873098 v _0643_/X (sky130_fd_sc_hd__xor2_1)
                                                         _0059_ (net)
                      0.089129    0.000310    0.873408 v _0649_/A3 (sky130_fd_sc_hd__a31o_1)
     3    0.009559    0.065828    0.261994    1.135402 v _0649_/X (sky130_fd_sc_hd__a31o_1)
                                                         _0064_ (net)
                      0.065829    0.000324    1.135726 v _0656_/A2 (sky130_fd_sc_hd__a21bo_1)
     3    0.008304    0.058783    0.219068    1.354793 v _0656_/X (sky130_fd_sc_hd__a21bo_1)
                                                         _0070_ (net)
                      0.058783    0.000189    1.354982 v _0664_/A2 (sky130_fd_sc_hd__a21bo_1)
     3    0.012088    0.072626    0.231688    1.586670 v _0664_/X (sky130_fd_sc_hd__a21bo_1)
                                                         _0077_ (net)
                      0.072627    0.000370    1.587039 v _0678_/B2 (sky130_fd_sc_hd__a221o_1)
     2    0.005614    0.066013    0.341784    1.928823 v _0678_/X (sky130_fd_sc_hd__a221o_1)
                                                         _0089_ (net)
                      0.066013    0.000174    1.928997 v _0686_/A3 (sky130_fd_sc_hd__a31o_1)
     2    0.009850    0.066920    0.253426    2.182423 v _0686_/X (sky130_fd_sc_hd__a31o_1)
                                                         _0096_ (net)
                      0.066921    0.000378    2.182801 v _0690_/A2 (sky130_fd_sc_hd__a21bo_1)
     4    0.015378    0.086068    0.246934    2.429735 v _0690_/X (sky130_fd_sc_hd__a21bo_1)
                                                         _0099_ (net)
                      0.086070    0.000545    2.430280 v _0725_/A1 (sky130_fd_sc_hd__a21oi_1)
     2    0.007808    0.196610    0.204633    2.634913 ^ _0725_/Y (sky130_fd_sc_hd__a21oi_1)
                                                         _0130_ (net)
                      0.196611    0.000374    2.635288 ^ _0758_/A1 (sky130_fd_sc_hd__o31a_1)
     3    0.010118    0.116408    0.216397    2.851685 ^ _0758_/X (sky130_fd_sc_hd__o31a_1)
                                                         _0159_ (net)
                      0.116408    0.000242    2.851927 ^ _0819_/A2 (sky130_fd_sc_hd__a21oi_1)
     2    0.007055    0.071709    0.103499    2.955426 v _0819_/Y (sky130_fd_sc_hd__a21oi_1)
                                                         _0212_ (net)
                      0.071709    0.000266    2.955692 v _0825_/A2 (sky130_fd_sc_hd__o31a_1)
     3    0.010905    0.082025    0.323561    3.279253 v _0825_/X (sky130_fd_sc_hd__o31a_1)
                                                         _0218_ (net)
                      0.082026    0.000396    3.279649 v _0850_/A1 (sky130_fd_sc_hd__a41o_1)
     3    0.009510    0.067632    0.220526    3.500176 v _0850_/X (sky130_fd_sc_hd__a41o_1)
                                                         _0239_ (net)
                      0.067632    0.000342    3.500518 v _0866_/A1 (sky130_fd_sc_hd__a31o_1)
     2    0.009374    0.065085    0.210363    3.710881 v _0866_/X (sky130_fd_sc_hd__a31o_1)
                                                         _0253_ (net)
                      0.065085    0.000378    3.711259 v _0870_/A2 (sky130_fd_sc_hd__a21boi_1)
     2    0.006586    0.172549    0.195481    3.906740 ^ _0870_/Y (sky130_fd_sc_hd__a21boi_1)
                                                         _0256_ (net)
                      0.172549    0.000123    3.906862 ^ _0873_/B1 (sky130_fd_sc_hd__a21oi_1)
     1    0.003251    0.054296    0.062733    3.969596 v _0873_/Y (sky130_fd_sc_hd__a21oi_1)
                                                         _0259_ (net)
                      0.054296    0.000079    3.969675 v _0875_/B1 (sky130_fd_sc_hd__o221a_1)
     1    0.002261    0.041993    0.217033    4.186708 v _0875_/X (sky130_fd_sc_hd__o221a_1)
                                                         _0031_ (net)
                      0.041993    0.000049    4.186757 v _1301_/D (sky130_fd_sc_hd__dfxtp_1)
                                              4.186757   data arrival time

                                 10.000000   10.000000   clock aclk (rise edge)
                                  0.000000   10.000000   clock source latency
     1    0.015885    0.077393    0.053115   10.053115 ^ aclk (in)
                                                         aclk (net)
                      0.077407    0.000000   10.053115 ^ clkbuf_0_aclk/A (sky130_fd_sc_hd__clkbuf_16)
     4    0.039251    0.059047    0.152784   10.205898 ^ clkbuf_0_aclk/X (sky130_fd_sc_hd__clkbuf_16)
                                                         clknet_0_aclk (net)
                      0.059084    0.001283   10.207181 ^ clkbuf_2_3__f_aclk/A (sky130_fd_sc_hd__clkbuf_16)
    14    0.042371    0.061866    0.148589   10.355770 ^ clkbuf_2_3__f_aclk/X (sky130_fd_sc_hd__clkbuf_16)
                                                         clknet_2_3__leaf_aclk (net)
                      0.061890    0.001084   10.356854 ^ _1301_/CLK (sky130_fd_sc_hd__dfxtp_1)
                                 -0.250000   10.106854   clock uncertainty
                                  0.000000   10.106854   clock reconvergence pessimism
                                 -0.105265   10.001589   library setup time
                                             10.001589   data required time
---------------------------------------------------------------------------------------------
                                             10.001589   data required time
                                             -4.186757   data arrival time
---------------------------------------------------------------------------------------------
                                              5.814832   slack (MET)


Startpoint: _1271_ (rising edge-triggered flip-flop clocked by aclk)
Endpoint: _1300_ (rising edge-triggered flip-flop clocked by aclk)
Path Group: aclk
Path Type: max

Fanout         Cap        Slew       Delay        Time   Description
---------------------------------------------------------------------------------------------
                                  0.000000    0.000000   clock aclk (rise edge)
                                  0.000000    0.000000   clock source latency
     1    0.015885    0.077393    0.053115    0.053115 ^ aclk (in)
                                                         aclk (net)
                      0.077407    0.000000    0.053115 ^ clkbuf_0_aclk/A (sky130_fd_sc_hd__clkbuf_16)
     4    0.039251    0.059047    0.152784    0.205898 ^ clkbuf_0_aclk/X (sky130_fd_sc_hd__clkbuf_16)
                                                         clknet_0_aclk (net)
                      0.059081    0.001250    0.207149 ^ clkbuf_2_2__f_aclk/A (sky130_fd_sc_hd__clkbuf_16)
    14    0.040750    0.060360    0.147111    0.354259 ^ clkbuf_2_2__f_aclk/X (sky130_fd_sc_hd__clkbuf_16)
                                                         clknet_2_2__leaf_aclk (net)
                      0.060401    0.001388    0.355648 ^ _1271_/CLK (sky130_fd_sc_hd__dfxtp_1)
     4    0.014765    0.076351    0.342358    0.698006 v _1271_/Q (sky130_fd_sc_hd__dfxtp_1)
                                                         net32 (net)
                      0.076351    0.000365    0.698371 v _0643_/B (sky130_fd_sc_hd__xor2_1)
     2    0.009044    0.089129    0.174728    0.873098 v _0643_/X (sky130_fd_sc_hd__xor2_1)
                                                         _0059_ (net)
                      0.089129    0.000310    0.873408 v _0649_/A3 (sky130_fd_sc_hd__a31o_1)
     3    0.009559    0.065828    0.261994    1.135402 v _0649_/X (sky130_fd_sc_hd__a31o_1)
                                                         _0064_ (net)
                      0.065829    0.000324    1.135726 v _0656_/A2 (sky130_fd_sc_hd__a21bo_1)
     3    0.008304    0.058783    0.219068    1.354793 v _0656_/X (sky130_fd_sc_hd__a21bo_1)
                                                         _0070_ (net)
                      0.058783    0.000189    1.354982 v _0664_/A2 (sky130_fd_sc_hd__a21bo_1)
     3    0.012088    0.072626    0.231688    1.586670 v _0664_/X (sky130_fd_sc_hd__a21bo_1)
                                                         _0077_ (net)
                      0.072627    0.000370    1.587039 v _0678_/B2 (sky130_fd_sc_hd__a221o_1)
     2    0.005614    0.066013    0.341784    1.928823 v _0678_/X (sky130_fd_sc_hd__a221o_1)
                                                         _0089_ (net)
                      0.066013    0.000174    1.928997 v _0686_/A3 (sky130_fd_sc_hd__a31o_1)
     2    0.009850    0.066920    0.253426    2.182423 v _0686_/X (sky130_fd_sc_hd__a31o_1)
                                                         _0096_ (net)
                      0.066921    0.000378    2.182801 v _0690_/A2 (sky130_fd_sc_hd__a21bo_1)
     4    0.015378    0.086068    0.246934    2.429735 v _0690_/X (sky130_fd_sc_hd__a21bo_1)
                                                         _0099_ (net)
                      0.086070    0.000545    2.430280 v _0725_/A1 (sky130_fd_sc_hd__a21oi_1)
     2    0.007808    0.196610    0.204633    2.634913 ^ _0725_/Y (sky130_fd_sc_hd__a21oi_1)
                                                         _0130_ (net)
                      0.196611    0.000374    2.635288 ^ _0758_/A1 (sky130_fd_sc_hd__o31a_1)
     3    0.010118    0.116408    0.216397    2.851685 ^ _0758_/X (sky130_fd_sc_hd__o31a_1)
                                                         _0159_ (net)
                      0.116408    0.000242    2.851927 ^ _0819_/A2 (sky130_fd_sc_hd__a21oi_1)
     2    0.007055    0.071709    0.103499    2.955426 v _0819_/Y (sky130_fd_sc_hd__a21oi_1)
                                                         _0212_ (net)
                      0.071709    0.000266    2.955692 v _0825_/A2 (sky130_fd_sc_hd__o31a_1)
     3    0.010905    0.082025    0.323561    3.279253 v _0825_/X (sky130_fd_sc_hd__o31a_1)
                                                         _0218_ (net)
                      0.082026    0.000396    3.279649 v _0850_/A1 (sky130_fd_sc_hd__a41o_1)
     3    0.009510    0.067632    0.220526    3.500176 v _0850_/X (sky130_fd_sc_hd__a41o_1)
                                                         _0239_ (net)
                      0.067632    0.000342    3.500518 v _0866_/A1 (sky130_fd_sc_hd__a31o_1)
     2    0.009374    0.065085    0.210363    3.710881 v _0866_/X (sky130_fd_sc_hd__a31o_1)
                                                         _0253_ (net)
                      0.065086    0.000403    3.711283 v _0867_/B (sky130_fd_sc_hd__xnor2_1)
     1    0.003902    0.052531    0.132104    3.843388 v _0867_/Y (sky130_fd_sc_hd__xnor2_1)
                                                         _0254_ (net)
                      0.052531    0.000138    3.843525 v _0869_/A2 (sky130_fd_sc_hd__o211a_1)
     1    0.001981    0.034613    0.195248    4.038773 v _0869_/X (sky130_fd_sc_hd__o211a_1)
                                                         _0030_ (net)
                      0.034613    0.000040    4.038814 v _1300_/D (sky130_fd_sc_hd__dfxtp_1)
                                              4.038814   data arrival time

                                 10.000000   10.000000   clock aclk (rise edge)
                                  0.000000   10.000000   clock source latency
     1    0.015885    0.077393    0.053115   10.053115 ^ aclk (in)
                                                         aclk (net)
                      0.077407    0.000000   10.053115 ^ clkbuf_0_aclk/A (sky130_fd_sc_hd__clkbuf_16)
     4    0.039251    0.059047    0.152784   10.205898 ^ clkbuf_0_aclk/X (sky130_fd_sc_hd__clkbuf_16)
                                                         clknet_0_aclk (net)
                      0.059084    0.001283   10.207181 ^ clkbuf_2_3__f_aclk/A (sky130_fd_sc_hd__clkbuf_16)
    14    0.042371    0.061866    0.148589   10.355770 ^ clkbuf_2_3__f_aclk/X (sky130_fd_sc_hd__clkbuf_16)
                                                         clknet_2_3__leaf_aclk (net)
                      0.061888    0.001044   10.356814 ^ _1300_/CLK (sky130_fd_sc_hd__dfxtp_1)
                                 -0.250000   10.106814   clock uncertainty
                                  0.000000   10.106814   clock reconvergence pessimism
                                 -0.102029   10.004786   library setup time
                                             10.004786   data required time
---------------------------------------------------------------------------------------------
                                             10.004786   data required time
                                             -4.038814   data arrival time
---------------------------------------------------------------------------------------------
                                              5.965972   slack (MET)


Startpoint: _1271_ (rising edge-triggered flip-flop clocked by aclk)
Endpoint: _1298_ (rising edge-triggered flip-flop clocked by aclk)
Path Group: aclk
Path Type: max

Fanout         Cap        Slew       Delay        Time   Description
---------------------------------------------------------------------------------------------
                                  0.000000    0.000000   clock aclk (rise edge)
                                  0.000000    0.000000   clock source latency
     1    0.015885    0.077393    0.053115    0.053115 ^ aclk (in)
                                                         aclk (net)
                      0.077407    0.000000    0.053115 ^ clkbuf_0_aclk/A (sky130_fd_sc_hd__clkbuf_16)
     4    0.039251    0.059047    0.152784    0.205898 ^ clkbuf_0_aclk/X (sky130_fd_sc_hd__clkbuf_16)
                                                         clknet_0_aclk (net)
                      0.059081    0.001250    0.207149 ^ clkbuf_2_2__f_aclk/A (sky130_fd_sc_hd__clkbuf_16)
    14    0.040750    0.060360    0.147111    0.354259 ^ clkbuf_2_2__f_aclk/X (sky130_fd_sc_hd__clkbuf_16)
                                                         clknet_2_2__leaf_aclk (net)
                      0.060401    0.001388    0.355648 ^ _1271_/CLK (sky130_fd_sc_hd__dfxtp_1)
     4    0.014765    0.076351    0.342358    0.698006 v _1271_/Q (sky130_fd_sc_hd__dfxtp_1)
                                                         net32 (net)
                      0.076351    0.000365    0.698371 v _0643_/B (sky130_fd_sc_hd__xor2_1)
     2    0.009044    0.089129    0.174728    0.873098 v _0643_/X (sky130_fd_sc_hd__xor2_1)
                                                         _0059_ (net)
                      0.089129    0.000310    0.873408 v _0649_/A3 (sky130_fd_sc_hd__a31o_1)
     3    0.009559    0.065828    0.261994    1.135402 v _0649_/X (sky130_fd_sc_hd__a31o_1)
                                                         _0064_ (net)
                      0.065829    0.000324    1.135726 v _0656_/A2 (sky130_fd_sc_hd__a21bo_1)
     3    0.008304    0.058783    0.219068    1.354793 v _0656_/X (sky130_fd_sc_hd__a21bo_1)
                                                         _0070_ (net)
                      0.058783    0.000189    1.354982 v _0664_/A2 (sky130_fd_sc_hd__a21bo_1)
     3    0.012088    0.072626    0.231688    1.586670 v _0664_/X (sky130_fd_sc_hd__a21bo_1)
                                                         _0077_ (net)
                      0.072627    0.000370    1.587039 v _0678_/B2 (sky130_fd_sc_hd__a221o_1)
     2    0.005614    0.066013    0.341784    1.928823 v _0678_/X (sky130_fd_sc_hd__a221o_1)
                                                         _0089_ (net)
                      0.066013    0.000174    1.928997 v _0686_/A3 (sky130_fd_sc_hd__a31o_1)
     2    0.009850    0.066920    0.253426    2.182423 v _0686_/X (sky130_fd_sc_hd__a31o_1)
                                                         _0096_ (net)
                      0.066921    0.000378    2.182801 v _0690_/A2 (sky130_fd_sc_hd__a21bo_1)
     4    0.015378    0.086068    0.246934    2.429735 v _0690_/X (sky130_fd_sc_hd__a21bo_1)
                                                         _0099_ (net)
                      0.086070    0.000545    2.430280 v _0725_/A1 (sky130_fd_sc_hd__a21oi_1)
     2    0.007808    0.196610    0.204633    2.634913 ^ _0725_/Y (sky130_fd_sc_hd__a21oi_1)
                                                         _0130_ (net)
                      0.196611    0.000374    2.635288 ^ _0758_/A1 (sky130_fd_sc_hd__o31a_1)
     3    0.010118    0.116408    0.216397    2.851685 ^ _0758_/X (sky130_fd_sc_hd__o31a_1)
                                                         _0159_ (net)
                      0.116408    0.000242    2.851927 ^ _0819_/A2 (sky130_fd_sc_hd__a21oi_1)
     2    0.007055    0.071709    0.103499    2.955426 v _0819_/Y (sky130_fd_sc_hd__a21oi_1)
                                                         _0212_ (net)
                      0.071709    0.000266    2.955692 v _0825_/A2 (sky130_fd_sc_hd__o31a_1)
     3    0.010905    0.082025    0.323561    3.279253 v _0825_/X (sky130_fd_sc_hd__o31a_1)
                                                         _0218_ (net)
                      0.082026    0.000396    3.279649 v _0850_/A1 (sky130_fd_sc_hd__a41o_1)
     3    0.009510    0.067632    0.220526    3.500176 v _0850_/X (sky130_fd_sc_hd__a41o_1)
                                                         _0239_ (net)
                      0.067632    0.000357    3.500534 v _0855_/A (sky130_fd_sc_hd__or2_1)
     1    0.003956    0.053793    0.236341    3.736875 v _0855_/X (sky130_fd_sc_hd__or2_1)
                                                         _0244_ (net)
                      0.053793    0.000143    3.737017 v _0856_/A2 (sky130_fd_sc_hd__a21o_1)
     1    0.003792    0.037494    0.179974    3.916992 v _0856_/X (sky130_fd_sc_hd__a21o_1)
                                                         _0245_ (net)
                      0.037495    0.000135    3.917127 v _0857_/B1 (sky130_fd_sc_hd__o211a_1)
     1    0.002269    0.035891    0.112564    4.029691 v _0857_/X (sky130_fd_sc_hd__o211a_1)
                                                         _0028_ (net)
                      0.035891    0.000048    4.029739 v _1298_/D (sky130_fd_sc_hd__dfxtp_1)
                                              4.029739   data arrival time

                                 10.000000   10.000000   clock aclk (rise edge)
                                  0.000000   10.000000   clock source latency
     1    0.015885    0.077393    0.053115   10.053115 ^ aclk (in)
                                                         aclk (net)
                      0.077407    0.000000   10.053115 ^ clkbuf_0_aclk/A (sky130_fd_sc_hd__clkbuf_16)
     4    0.039251    0.059047    0.152784   10.205898 ^ clkbuf_0_aclk/X (sky130_fd_sc_hd__clkbuf_16)
                                                         clknet_0_aclk (net)
                      0.059084    0.001283   10.207181 ^ clkbuf_2_3__f_aclk/A (sky130_fd_sc_hd__clkbuf_16)
    14    0.042371    0.061866    0.148589   10.355770 ^ clkbuf_2_3__f_aclk/X (sky130_fd_sc_hd__clkbuf_16)
                                                         clknet_2_3__leaf_aclk (net)
                      0.061873    0.000677   10.356446 ^ _1298_/CLK (sky130_fd_sc_hd__dfxtp_1)
                                 -0.250000   10.106446   clock uncertainty
                                  0.000000   10.106446   clock reconvergence pessimism
                                 -0.102593   10.003854   library setup time
                                             10.003854   data required time
---------------------------------------------------------------------------------------------
                                             10.003854   data required time
                                             -4.029739   data arrival time
---------------------------------------------------------------------------------------------
                                              5.974115   slack (MET)


Startpoint: _1271_ (rising edge-triggered flip-flop clocked by aclk)
Endpoint: _1297_ (rising edge-triggered flip-flop clocked by aclk)
Path Group: aclk
Path Type: max

Fanout         Cap        Slew       Delay        Time   Description
---------------------------------------------------------------------------------------------
                                  0.000000    0.000000   clock aclk (rise edge)
                                  0.000000    0.000000   clock source latency
     1    0.015885    0.077393    0.053115    0.053115 ^ aclk (in)
                                                         aclk (net)
                      0.077407    0.000000    0.053115 ^ clkbuf_0_aclk/A (sky130_fd_sc_hd__clkbuf_16)
     4    0.039251    0.059047    0.152784    0.205898 ^ clkbuf_0_aclk/X (sky130_fd_sc_hd__clkbuf_16)
                                                         clknet_0_aclk (net)
                      0.059081    0.001250    0.207149 ^ clkbuf_2_2__f_aclk/A (sky130_fd_sc_hd__clkbuf_16)
    14    0.040750    0.060360    0.147111    0.354259 ^ clkbuf_2_2__f_aclk/X (sky130_fd_sc_hd__clkbuf_16)
                                                         clknet_2_2__leaf_aclk (net)
                      0.060401    0.001388    0.355648 ^ _1271_/CLK (sky130_fd_sc_hd__dfxtp_1)
     4    0.014765    0.076351    0.342358    0.698006 v _1271_/Q (sky130_fd_sc_hd__dfxtp_1)
                                                         net32 (net)
                      0.076351    0.000365    0.698371 v _0643_/B (sky130_fd_sc_hd__xor2_1)
     2    0.009044    0.089129    0.174728    0.873098 v _0643_/X (sky130_fd_sc_hd__xor2_1)
                                                         _0059_ (net)
                      0.089129    0.000310    0.873408 v _0649_/A3 (sky130_fd_sc_hd__a31o_1)
     3    0.009559    0.065828    0.261994    1.135402 v _0649_/X (sky130_fd_sc_hd__a31o_1)
                                                         _0064_ (net)
                      0.065829    0.000324    1.135726 v _0656_/A2 (sky130_fd_sc_hd__a21bo_1)
     3    0.008304    0.058783    0.219068    1.354793 v _0656_/X (sky130_fd_sc_hd__a21bo_1)
                                                         _0070_ (net)
                      0.058783    0.000189    1.354982 v _0664_/A2 (sky130_fd_sc_hd__a21bo_1)
     3    0.012088    0.072626    0.231688    1.586670 v _0664_/X (sky130_fd_sc_hd__a21bo_1)
                                                         _0077_ (net)
                      0.072627    0.000370    1.587039 v _0678_/B2 (sky130_fd_sc_hd__a221o_1)
     2    0.005614    0.066013    0.341784    1.928823 v _0678_/X (sky130_fd_sc_hd__a221o_1)
                                                         _0089_ (net)
                      0.066013    0.000174    1.928997 v _0686_/A3 (sky130_fd_sc_hd__a31o_1)
     2    0.009850    0.066920    0.253426    2.182423 v _0686_/X (sky130_fd_sc_hd__a31o_1)
                                                         _0096_ (net)
                      0.066921    0.000378    2.182801 v _0690_/A2 (sky130_fd_sc_hd__a21bo_1)
     4    0.015378    0.086068    0.246934    2.429735 v _0690_/X (sky130_fd_sc_hd__a21bo_1)
                                                         _0099_ (net)
                      0.086070    0.000545    2.430280 v _0725_/A1 (sky130_fd_sc_hd__a21oi_1)
     2    0.007808    0.196610    0.204633    2.634913 ^ _0725_/Y (sky130_fd_sc_hd__a21oi_1)
                                                         _0130_ (net)
                      0.196611    0.000374    2.635288 ^ _0758_/A1 (sky130_fd_sc_hd__o31a_1)
     3    0.010118    0.116408    0.216397    2.851685 ^ _0758_/X (sky130_fd_sc_hd__o31a_1)
                                                         _0159_ (net)
                      0.116408    0.000242    2.851927 ^ _0819_/A2 (sky130_fd_sc_hd__a21oi_1)
     2    0.007055    0.071709    0.103499    2.955426 v _0819_/Y (sky130_fd_sc_hd__a21oi_1)
                                                         _0212_ (net)
                      0.071709    0.000266    2.955692 v _0825_/A2 (sky130_fd_sc_hd__o31a_1)
     3    0.010905    0.082025    0.323561    3.279253 v _0825_/X (sky130_fd_sc_hd__o31a_1)
                                                         _0218_ (net)
                      0.082026    0.000393    3.279646 v _0839_/A1 (sky130_fd_sc_hd__a21o_1)
     2    0.007934    0.055428    0.189111    3.468758 v _0839_/X (sky130_fd_sc_hd__a21o_1)
                                                         _0230_ (net)
                      0.055429    0.000226    3.468984 v _0844_/A2 (sky130_fd_sc_hd__a21boi_1)
     2    0.005873    0.159655    0.181918    3.650902 ^ _0844_/Y (sky130_fd_sc_hd__a21boi_1)
                                                         _0234_ (net)
                      0.159655    0.000092    3.650994 ^ _0846_/B (sky130_fd_sc_hd__nor2_1)
     1    0.002976    0.054557    0.059088    3.710082 v _0846_/Y (sky130_fd_sc_hd__nor2_1)
                                                         _0236_ (net)
                      0.054557    0.000070    3.710152 v _0848_/A3 (sky130_fd_sc_hd__o311a_1)
     1    0.003216    0.053676    0.287224    3.997377 v _0848_/X (sky130_fd_sc_hd__o311a_1)
                                                         _0027_ (net)
                      0.053676    0.000106    3.997483 v _1297_/D (sky130_fd_sc_hd__dfxtp_1)
                                              3.997483   data arrival time

                                 10.000000   10.000000   clock aclk (rise edge)
                                  0.000000   10.000000   clock source latency
     1    0.015885    0.077393    0.053115   10.053115 ^ aclk (in)
                                                         aclk (net)
                      0.077407    0.000000   10.053115 ^ clkbuf_0_aclk/A (sky130_fd_sc_hd__clkbuf_16)
     4    0.039251    0.059047    0.152784   10.205898 ^ clkbuf_0_aclk/X (sky130_fd_sc_hd__clkbuf_16)
                                                         clknet_0_aclk (net)
                      0.059084    0.001283   10.207181 ^ clkbuf_2_3__f_aclk/A (sky130_fd_sc_hd__clkbuf_16)
    14    0.042371    0.061866    0.148589   10.355770 ^ clkbuf_2_3__f_aclk/X (sky130_fd_sc_hd__clkbuf_16)
                                                         clknet_2_3__leaf_aclk (net)
                      0.061885    0.000985   10.356755 ^ _1297_/CLK (sky130_fd_sc_hd__dfxtp_1)
                                 -0.250000   10.106755   clock uncertainty
                                  0.000000   10.106755   clock reconvergence pessimism
                                 -0.110391    9.996363   library setup time
                                              9.996363   data required time
---------------------------------------------------------------------------------------------
                                              9.996363   data required time
                                             -3.997483   data arrival time
---------------------------------------------------------------------------------------------
                                              5.998881   slack (MET)


Startpoint: _1271_ (rising edge-triggered flip-flop clocked by aclk)
Endpoint: _1293_ (rising edge-triggered flip-flop clocked by aclk)
Path Group: aclk
Path Type: max

Fanout         Cap        Slew       Delay        Time   Description
---------------------------------------------------------------------------------------------
                                  0.000000    0.000000   clock aclk (rise edge)
                                  0.000000    0.000000   clock source latency
     1    0.015885    0.077393    0.053115    0.053115 ^ aclk (in)
                                                         aclk (net)
                      0.077407    0.000000    0.053115 ^ clkbuf_0_aclk/A (sky130_fd_sc_hd__clkbuf_16)
     4    0.039251    0.059047    0.152784    0.205898 ^ clkbuf_0_aclk/X (sky130_fd_sc_hd__clkbuf_16)
                                                         clknet_0_aclk (net)
                      0.059081    0.001250    0.207149 ^ clkbuf_2_2__f_aclk/A (sky130_fd_sc_hd__clkbuf_16)
    14    0.040750    0.060360    0.147111    0.354259 ^ clkbuf_2_2__f_aclk/X (sky130_fd_sc_hd__clkbuf_16)
                                                         clknet_2_2__leaf_aclk (net)
                      0.060401    0.001388    0.355648 ^ _1271_/CLK (sky130_fd_sc_hd__dfxtp_1)
     4    0.014765    0.076351    0.342358    0.698006 v _1271_/Q (sky130_fd_sc_hd__dfxtp_1)
                                                         net32 (net)
                      0.076351    0.000365    0.698371 v _0643_/B (sky130_fd_sc_hd__xor2_1)
     2    0.009044    0.089129    0.174728    0.873098 v _0643_/X (sky130_fd_sc_hd__xor2_1)
                                                         _0059_ (net)
                      0.089129    0.000310    0.873408 v _0649_/A3 (sky130_fd_sc_hd__a31o_1)
     3    0.009559    0.065828    0.261994    1.135402 v _0649_/X (sky130_fd_sc_hd__a31o_1)
                                                         _0064_ (net)
                      0.065829    0.000324    1.135726 v _0656_/A2 (sky130_fd_sc_hd__a21bo_1)
     3    0.008304    0.058783    0.219068    1.354793 v _0656_/X (sky130_fd_sc_hd__a21bo_1)
                                                         _0070_ (net)
                      0.058783    0.000189    1.354982 v _0664_/A2 (sky130_fd_sc_hd__a21bo_1)
     3    0.012088    0.072626    0.231688    1.586670 v _0664_/X (sky130_fd_sc_hd__a21bo_1)
                                                         _0077_ (net)
                      0.072627    0.000370    1.587039 v _0678_/B2 (sky130_fd_sc_hd__a221o_1)
     2    0.005614    0.066013    0.341784    1.928823 v _0678_/X (sky130_fd_sc_hd__a221o_1)
                                                         _0089_ (net)
                      0.066013    0.000174    1.928997 v _0686_/A3 (sky130_fd_sc_hd__a31o_1)
     2    0.009850    0.066920    0.253426    2.182423 v _0686_/X (sky130_fd_sc_hd__a31o_1)
                                                         _0096_ (net)
                      0.066921    0.000378    2.182801 v _0690_/A2 (sky130_fd_sc_hd__a21bo_1)
     4    0.015378    0.086068    0.246934    2.429735 v _0690_/X (sky130_fd_sc_hd__a21bo_1)
                                                         _0099_ (net)
                      0.086070    0.000545    2.430280 v _0725_/A1 (sky130_fd_sc_hd__a21oi_1)
     2    0.007808    0.196610    0.204633    2.634913 ^ _0725_/Y (sky130_fd_sc_hd__a21oi_1)
                                                         _0130_ (net)
                      0.196611    0.000374    2.635288 ^ _0758_/A1 (sky130_fd_sc_hd__o31a_1)
     3    0.010118    0.116408    0.216397    2.851685 ^ _0758_/X (sky130_fd_sc_hd__o31a_1)
                                                         _0159_ (net)
                      0.116408    0.000224    2.851909 ^ _0776_/A2 (sky130_fd_sc_hd__a21o_1)
     3    0.008747    0.084749    0.161168    3.013077 ^ _0776_/X (sky130_fd_sc_hd__a21o_1)
                                                         _0175_ (net)
                      0.084749    0.000150    3.013226 ^ _0793_/A (sky130_fd_sc_hd__or2_1)
     3    0.009550    0.098256    0.146939    3.160166 ^ _0793_/X (sky130_fd_sc_hd__or2_1)
                                                         _0190_ (net)
                      0.098256    0.000385    3.160551 ^ _0794_/A2 (sky130_fd_sc_hd__a21oi_1)
     2    0.005698    0.060238    0.090559    3.251109 v _0794_/Y (sky130_fd_sc_hd__a21oi_1)
                                                         _0191_ (net)
                      0.060238    0.000091    3.251200 v _0808_/A1 (sky130_fd_sc_hd__a21o_1)
     2    0.009470    0.060454    0.187055    3.438255 v _0808_/X (sky130_fd_sc_hd__a21o_1)
                                                         _0203_ (net)
                      0.060455    0.000371    3.438626 v _0813_/A2 (sky130_fd_sc_hd__a21bo_1)
     1    0.005221    0.044806    0.202326    3.640952 v _0813_/X (sky130_fd_sc_hd__a21bo_1)
                                                         _0207_ (net)
                      0.044806    0.000140    3.641092 v _0814_/B (sky130_fd_sc_hd__xor2_1)
     1    0.002857    0.058437    0.135985    3.777076 v _0814_/X (sky130_fd_sc_hd__xor2_1)
                                                         _0208_ (net)
                      0.058437    0.000064    3.777140 v _0816_/A2 (sky130_fd_sc_hd__o211a_1)
     1    0.002236    0.035748    0.199409    3.976549 v _0816_/X (sky130_fd_sc_hd__o211a_1)
                                                         _0023_ (net)
                      0.035748    0.000047    3.976597 v _1293_/D (sky130_fd_sc_hd__dfxtp_1)
                                              3.976597   data arrival time

                                 10.000000   10.000000   clock aclk (rise edge)
                                  0.000000   10.000000   clock source latency
     1    0.015885    0.077393    0.053115   10.053115 ^ aclk (in)
                                                         aclk (net)
                      0.077407    0.000000   10.053115 ^ clkbuf_0_aclk/A (sky130_fd_sc_hd__clkbuf_16)
     4    0.039251    0.059047    0.152784   10.205898 ^ clkbuf_0_aclk/X (sky130_fd_sc_hd__clkbuf_16)
                                                         clknet_0_aclk (net)
                      0.059104    0.001559   10.207458 ^ clkbuf_2_1__f_aclk/A (sky130_fd_sc_hd__clkbuf_16)
    12    0.039172    0.058988    0.146160   10.353618 ^ clkbuf_2_1__f_aclk/X (sky130_fd_sc_hd__clkbuf_16)
                                                         clknet_2_1__leaf_aclk (net)
                      0.059034    0.001406   10.355023 ^ _1293_/CLK (sky130_fd_sc_hd__dfxtp_1)
                                 -0.250000   10.105023   clock uncertainty
                                  0.000000   10.105023   clock reconvergence pessimism
                                 -0.103193   10.001831   library setup time
                                             10.001831   data required time
---------------------------------------------------------------------------------------------
                                             10.001831   data required time
                                             -3.976597   data arrival time
---------------------------------------------------------------------------------------------
                                              6.025234   slack (MET)


Startpoint: _1271_ (rising edge-triggered flip-flop clocked by aclk)
Endpoint: _1299_ (rising edge-triggered flip-flop clocked by aclk)
Path Group: aclk
Path Type: max

Fanout         Cap        Slew       Delay        Time   Description
---------------------------------------------------------------------------------------------
                                  0.000000    0.000000   clock aclk (rise edge)
                                  0.000000    0.000000   clock source latency
     1    0.015885    0.077393    0.053115    0.053115 ^ aclk (in)
                                                         aclk (net)
                      0.077407    0.000000    0.053115 ^ clkbuf_0_aclk/A (sky130_fd_sc_hd__clkbuf_16)
     4    0.039251    0.059047    0.152784    0.205898 ^ clkbuf_0_aclk/X (sky130_fd_sc_hd__clkbuf_16)
                                                         clknet_0_aclk (net)
                      0.059081    0.001250    0.207149 ^ clkbuf_2_2__f_aclk/A (sky130_fd_sc_hd__clkbuf_16)
    14    0.040750    0.060360    0.147111    0.354259 ^ clkbuf_2_2__f_aclk/X (sky130_fd_sc_hd__clkbuf_16)
                                                         clknet_2_2__leaf_aclk (net)
                      0.060401    0.001388    0.355648 ^ _1271_/CLK (sky130_fd_sc_hd__dfxtp_1)
     4    0.014765    0.076351    0.342358    0.698006 v _1271_/Q (sky130_fd_sc_hd__dfxtp_1)
                                                         net32 (net)
                      0.076351    0.000365    0.698371 v _0643_/B (sky130_fd_sc_hd__xor2_1)
     2    0.009044    0.089129    0.174728    0.873098 v _0643_/X (sky130_fd_sc_hd__xor2_1)
                                                         _0059_ (net)
                      0.089129    0.000310    0.873408 v _0649_/A3 (sky130_fd_sc_hd__a31o_1)
     3    0.009559    0.065828    0.261994    1.135402 v _0649_/X (sky130_fd_sc_hd__a31o_1)
                                                         _0064_ (net)
                      0.065829    0.000324    1.135726 v _0656_/A2 (sky130_fd_sc_hd__a21bo_1)
     3    0.008304    0.058783    0.219068    1.354793 v _0656_/X (sky130_fd_sc_hd__a21bo_1)
                                                         _0070_ (net)
                      0.058783    0.000189    1.354982 v _0664_/A2 (sky130_fd_sc_hd__a21bo_1)
     3    0.012088    0.072626    0.231688    1.586670 v _0664_/X (sky130_fd_sc_hd__a21bo_1)
                                                         _0077_ (net)
                      0.072627    0.000370    1.587039 v _0678_/B2 (sky130_fd_sc_hd__a221o_1)
     2    0.005614    0.066013    0.341784    1.928823 v _0678_/X (sky130_fd_sc_hd__a221o_1)
                                                         _0089_ (net)
                      0.066013    0.000174    1.928997 v _0686_/A3 (sky130_fd_sc_hd__a31o_1)
     2    0.009850    0.066920    0.253426    2.182423 v _0686_/X (sky130_fd_sc_hd__a31o_1)
                                                         _0096_ (net)
                      0.066921    0.000378    2.182801 v _0690_/A2 (sky130_fd_sc_hd__a21bo_1)
     4    0.015378    0.086068    0.246934    2.429735 v _0690_/X (sky130_fd_sc_hd__a21bo_1)
                                                         _0099_ (net)
                      0.086070    0.000545    2.430280 v _0725_/A1 (sky130_fd_sc_hd__a21oi_1)
     2    0.007808    0.196610    0.204633    2.634913 ^ _0725_/Y (sky130_fd_sc_hd__a21oi_1)
                                                         _0130_ (net)
                      0.196611    0.000374    2.635288 ^ _0758_/A1 (sky130_fd_sc_hd__o31a_1)
     3    0.010118    0.116408    0.216397    2.851685 ^ _0758_/X (sky130_fd_sc_hd__o31a_1)
                                                         _0159_ (net)
                      0.116408    0.000242    2.851927 ^ _0819_/A2 (sky130_fd_sc_hd__a21oi_1)
     2    0.007055    0.071709    0.103499    2.955426 v _0819_/Y (sky130_fd_sc_hd__a21oi_1)
                                                         _0212_ (net)
                      0.071709    0.000266    2.955692 v _0825_/A2 (sky130_fd_sc_hd__o31a_1)
     3    0.010905    0.082025    0.323561    3.279253 v _0825_/X (sky130_fd_sc_hd__o31a_1)
                                                         _0218_ (net)
                      0.082026    0.000396    3.279649 v _0850_/A1 (sky130_fd_sc_hd__a41o_1)
     3    0.009510    0.067632    0.220526    3.500176 v _0850_/X (sky130_fd_sc_hd__a41o_1)
                                                         _0239_ (net)
                      0.067632    0.000360    3.500536 v _0854_/A (sky130_fd_sc_hd__nand2_1)
     3    0.009718    0.101350    0.107005    3.607541 ^ _0854_/Y (sky130_fd_sc_hd__nand2_1)
                                                         _0243_ (net)
                      0.101351    0.000283    3.607824 ^ _0859_/A2 (sky130_fd_sc_hd__a21oi_1)
     1    0.003405    0.065573    0.078383    3.686207 v _0859_/Y (sky130_fd_sc_hd__a21oi_1)
                                                         _0247_ (net)
                      0.065573    0.000113    3.686320 v _0861_/B1 (sky130_fd_sc_hd__o221a_1)
     1    0.002068    0.040909    0.219798    3.906117 v _0861_/X (sky130_fd_sc_hd__o221a_1)
                                                         _0029_ (net)
                      0.040909    0.000043    3.906160 v _1299_/D (sky130_fd_sc_hd__dfxtp_1)
                                              3.906160   data arrival time

                                 10.000000   10.000000   clock aclk (rise edge)
                                  0.000000   10.000000   clock source latency
     1    0.015885    0.077393    0.053115   10.053115 ^ aclk (in)
                                                         aclk (net)
                      0.077407    0.000000   10.053115 ^ clkbuf_0_aclk/A (sky130_fd_sc_hd__clkbuf_16)
     4    0.039251    0.059047    0.152784   10.205898 ^ clkbuf_0_aclk/X (sky130_fd_sc_hd__clkbuf_16)
                                                         clknet_0_aclk (net)
                      0.059084    0.001283   10.207181 ^ clkbuf_2_3__f_aclk/A (sky130_fd_sc_hd__clkbuf_16)
    14    0.042371    0.061866    0.148589   10.355770 ^ clkbuf_2_3__f_aclk/X (sky130_fd_sc_hd__clkbuf_16)
                                                         clknet_2_3__leaf_aclk (net)
                      0.061874    0.000687   10.356458 ^ _1299_/CLK (sky130_fd_sc_hd__dfxtp_1)
                                 -0.250000   10.106458   clock uncertainty
                                  0.000000   10.106458   clock reconvergence pessimism
                                 -0.104794   10.001663   library setup time
                                             10.001663   data required time
---------------------------------------------------------------------------------------------
                                             10.001663   data required time
                                             -3.906160   data arrival time
---------------------------------------------------------------------------------------------
                                              6.095503   slack (MET)


Startpoint: s_axis_tdata[9] (input port clocked by aclk)
Endpoint: _1305_ (rising edge-triggered flip-flop clocked by aclk)
Path Group: aclk
Path Type: max

Fanout         Cap        Slew       Delay        Time   Description
---------------------------------------------------------------------------------------------
                                  0.000000    0.000000   clock aclk (rise edge)
                                  0.000000    0.000000   clock network delay (propagated)
                                  2.000000    2.000000 ^ input external delay
     1    0.003693    0.023605    0.013459    2.013458 ^ s_axis_tdata[9] (in)
                                                         s_axis_tdata[9] (net)
                      0.023613    0.000000    2.013458 ^ input18/A (sky130_fd_sc_hd__buf_1)
     5    0.016648    0.200255    0.182057    2.195515 ^ input18/X (sky130_fd_sc_hd__buf_1)
                                                         net18 (net)
                      0.200259    0.000763    2.196278 ^ fanout88/A (sky130_fd_sc_hd__buf_2)
    10    0.029742    0.149788    0.232522    2.428799 ^ fanout88/X (sky130_fd_sc_hd__buf_2)
                                                         net88 (net)
                      0.149795    0.001224    2.430024 ^ _0879_/C (sky130_fd_sc_hd__and3_1)
     4    0.012108    0.131035    0.236873    2.666897 ^ _0879_/X (sky130_fd_sc_hd__and3_1)
                                                         _0263_ (net)
                      0.131035    0.000363    2.667260 ^ _0884_/B (sky130_fd_sc_hd__and2_1)
     2    0.004954    0.065270    0.153790    2.821050 ^ _0884_/X (sky130_fd_sc_hd__and2_1)
                                                         _0267_ (net)
                      0.065270    0.000088    2.821138 ^ _0898_/B1_N (sky130_fd_sc_hd__o21ba_1)
     2    0.007436    0.056482    0.164373    2.985511 v _0898_/X (sky130_fd_sc_hd__o21ba_1)
                                                         _0280_ (net)
                      0.056482    0.000137    2.985648 v _0900_/B (sky130_fd_sc_hd__xnor2_1)
     2    0.005732    0.171751    0.175146    3.160794 ^ _0900_/Y (sky130_fd_sc_hd__xnor2_1)
                                                         _0282_ (net)
                      0.171751    0.000119    3.160913 ^ _0901_/C (sky130_fd_sc_hd__and3_1)
     3    0.008367    0.098065    0.215951    3.376864 ^ _0901_/X (sky130_fd_sc_hd__and3_1)
                                                         _0283_ (net)
                      0.098065    0.000149    3.377012 ^ _0903_/A (sky130_fd_sc_hd__nor2_1)
     2    0.004637    0.040405    0.063491    3.440504 v _0903_/Y (sky130_fd_sc_hd__nor2_1)
                                                         _0285_ (net)
                      0.040405    0.000094    3.440598 v _0904_/B (sky130_fd_sc_hd__and2_1)
     4    0.009890    0.063937    0.180160    3.620757 v _0904_/X (sky130_fd_sc_hd__and2_1)
                                                         _0286_ (net)
                      0.063937    0.000161    3.620918 v _0906_/A1 (sky130_fd_sc_hd__o21ai_1)
     1    0.004434    0.125180    0.152572    3.773490 ^ _0906_/Y (sky130_fd_sc_hd__o21ai_1)
                                                         _0288_ (net)
                      0.125181    0.000168    3.773659 ^ _0907_/B1 (sky130_fd_sc_hd__o211a_1)
     1    0.002697    0.042157    0.157280    3.930938 ^ _0907_/X (sky130_fd_sc_hd__o211a_1)
                                                         _0035_ (net)
                      0.042157    0.000085    3.931023 ^ _1305_/D (sky130_fd_sc_hd__dfxtp_1)
                                              3.931023   data arrival time

                                 10.000000   10.000000   clock aclk (rise edge)
                                  0.000000   10.000000   clock source latency
     1    0.015885    0.077393    0.053115   10.053115 ^ aclk (in)
                                                         aclk (net)
                      0.077407    0.000000   10.053115 ^ clkbuf_0_aclk/A (sky130_fd_sc_hd__clkbuf_16)
     4    0.039251    0.059047    0.152784   10.205898 ^ clkbuf_0_aclk/X (sky130_fd_sc_hd__clkbuf_16)
                                                         clknet_0_aclk (net)
                      0.059081    0.001251   10.207150 ^ clkbuf_2_2__f_aclk/A (sky130_fd_sc_hd__clkbuf_16)
    14    0.040750    0.060360    0.147111   10.354259 ^ clkbuf_2_2__f_aclk/X (sky130_fd_sc_hd__clkbuf_16)
                                                         clknet_2_2__leaf_aclk (net)
                      0.060450    0.001962   10.356222 ^ _1305_/CLK (sky130_fd_sc_hd__dfxtp_1)
                                 -0.250000   10.106222   clock uncertainty
                                  0.000000   10.106222   clock reconvergence pessimism
                                 -0.051135   10.055087   library setup time
                                             10.055087   data required time
---------------------------------------------------------------------------------------------
                                             10.055087   data required time
                                             -3.931023   data arrival time
---------------------------------------------------------------------------------------------
                                              6.124063   slack (MET)


Startpoint: _1271_ (rising edge-triggered flip-flop clocked by aclk)
Endpoint: _1296_ (rising edge-triggered flip-flop clocked by aclk)
Path Group: aclk
Path Type: max

Fanout         Cap        Slew       Delay        Time   Description
---------------------------------------------------------------------------------------------
                                  0.000000    0.000000   clock aclk (rise edge)
                                  0.000000    0.000000   clock source latency
     1    0.015885    0.077393    0.053115    0.053115 ^ aclk (in)
                                                         aclk (net)
                      0.077407    0.000000    0.053115 ^ clkbuf_0_aclk/A (sky130_fd_sc_hd__clkbuf_16)
     4    0.039251    0.059047    0.152784    0.205898 ^ clkbuf_0_aclk/X (sky130_fd_sc_hd__clkbuf_16)
                                                         clknet_0_aclk (net)
                      0.059081    0.001250    0.207149 ^ clkbuf_2_2__f_aclk/A (sky130_fd_sc_hd__clkbuf_16)
    14    0.040750    0.060360    0.147111    0.354259 ^ clkbuf_2_2__f_aclk/X (sky130_fd_sc_hd__clkbuf_16)
                                                         clknet_2_2__leaf_aclk (net)
                      0.060401    0.001388    0.355648 ^ _1271_/CLK (sky130_fd_sc_hd__dfxtp_1)
     4    0.014765    0.076351    0.342358    0.698006 v _1271_/Q (sky130_fd_sc_hd__dfxtp_1)
                                                         net32 (net)
                      0.076351    0.000365    0.698371 v _0643_/B (sky130_fd_sc_hd__xor2_1)
     2    0.009044    0.089129    0.174728    0.873098 v _0643_/X (sky130_fd_sc_hd__xor2_1)
                                                         _0059_ (net)
                      0.089129    0.000310    0.873408 v _0649_/A3 (sky130_fd_sc_hd__a31o_1)
     3    0.009559    0.065828    0.261994    1.135402 v _0649_/X (sky130_fd_sc_hd__a31o_1)
                                                         _0064_ (net)
                      0.065829    0.000324    1.135726 v _0656_/A2 (sky130_fd_sc_hd__a21bo_1)
     3    0.008304    0.058783    0.219068    1.354793 v _0656_/X (sky130_fd_sc_hd__a21bo_1)
                                                         _0070_ (net)
                      0.058783    0.000189    1.354982 v _0664_/A2 (sky130_fd_sc_hd__a21bo_1)
     3    0.012088    0.072626    0.231688    1.586670 v _0664_/X (sky130_fd_sc_hd__a21bo_1)
                                                         _0077_ (net)
                      0.072627    0.000370    1.587039 v _0678_/B2 (sky130_fd_sc_hd__a221o_1)
     2    0.005614    0.066013    0.341784    1.928823 v _0678_/X (sky130_fd_sc_hd__a221o_1)
                                                         _0089_ (net)
                      0.066013    0.000174    1.928997 v _0686_/A3 (sky130_fd_sc_hd__a31o_1)
     2    0.009850    0.066920    0.253426    2.182423 v _0686_/X (sky130_fd_sc_hd__a31o_1)
                                                         _0096_ (net)
                      0.066921    0.000378    2.182801 v _0690_/A2 (sky130_fd_sc_hd__a21bo_1)
     4    0.015378    0.086068    0.246934    2.429735 v _0690_/X (sky130_fd_sc_hd__a21bo_1)
                                                         _0099_ (net)
                      0.086070    0.000545    2.430280 v _0725_/A1 (sky130_fd_sc_hd__a21oi_1)
     2    0.007808    0.196610    0.204633    2.634913 ^ _0725_/Y (sky130_fd_sc_hd__a21oi_1)
                                                         _0130_ (net)
                      0.196611    0.000374    2.635288 ^ _0758_/A1 (sky130_fd_sc_hd__o31a_1)
     3    0.010118    0.116408    0.216397    2.851685 ^ _0758_/X (sky130_fd_sc_hd__o31a_1)
                                                         _0159_ (net)
                      0.116408    0.000242    2.851927 ^ _0819_/A2 (sky130_fd_sc_hd__a21oi_1)
     2    0.007055    0.071709    0.103499    2.955426 v _0819_/Y (sky130_fd_sc_hd__a21oi_1)
                                                         _0212_ (net)
                      0.071709    0.000266    2.955692 v _0825_/A2 (sky130_fd_sc_hd__o31a_1)
     3    0.010905    0.082025    0.323561    3.279253 v _0825_/X (sky130_fd_sc_hd__o31a_1)
                                                         _0218_ (net)
                      0.082026    0.000393    3.279646 v _0839_/A1 (sky130_fd_sc_hd__a21o_1)
     2    0.007934    0.055428    0.189111    3.468758 v _0839_/X (sky130_fd_sc_hd__a21o_1)
                                                         _0230_ (net)
                      0.055429    0.000261    3.469019 v _0840_/B (sky130_fd_sc_hd__xnor2_1)
     1    0.002685    0.045820    0.120931    3.589951 v _0840_/Y (sky130_fd_sc_hd__xnor2_1)
                                                         _0231_ (net)
                      0.045820    0.000059    3.590009 v _0842_/A2 (sky130_fd_sc_hd__o211a_1)
     1    0.002049    0.034947    0.193336    3.783345 v _0842_/X (sky130_fd_sc_hd__o211a_1)
                                                         _0026_ (net)
                      0.034947    0.000043    3.783388 v _1296_/D (sky130_fd_sc_hd__dfxtp_1)
                                              3.783388   data arrival time

                                 10.000000   10.000000   clock aclk (rise edge)
                                  0.000000   10.000000   clock source latency
     1    0.015885    0.077393    0.053115   10.053115 ^ aclk (in)
                                                         aclk (net)
                      0.077407    0.000000   10.053115 ^ clkbuf_0_aclk/A (sky130_fd_sc_hd__clkbuf_16)
     4    0.039251    0.059047    0.152784   10.205898 ^ clkbuf_0_aclk/X (sky130_fd_sc_hd__clkbuf_16)
                                                         clknet_0_aclk (net)
                      0.059084    0.001283   10.207181 ^ clkbuf_2_3__f_aclk/A (sky130_fd_sc_hd__clkbuf_16)
    14    0.042371    0.061866    0.148589   10.355770 ^ clkbuf_2_3__f_aclk/X (sky130_fd_sc_hd__clkbuf_16)
                                                         clknet_2_3__leaf_aclk (net)
                      0.061888    0.001047   10.356817 ^ _1296_/CLK (sky130_fd_sc_hd__dfxtp_1)
                                 -0.250000   10.106817   clock uncertainty
                                  0.000000   10.106817   clock reconvergence pessimism
                                 -0.102176   10.004642   library setup time
                                             10.004642   data required time
---------------------------------------------------------------------------------------------
                                             10.004642   data required time
                                             -3.783388   data arrival time
---------------------------------------------------------------------------------------------
                                              6.221254   slack (MET)


Startpoint: _1271_ (rising edge-triggered flip-flop clocked by aclk)
Endpoint: _1292_ (rising edge-triggered flip-flop clocked by aclk)
Path Group: aclk
Path Type: max

Fanout         Cap        Slew       Delay        Time   Description
---------------------------------------------------------------------------------------------
                                  0.000000    0.000000   clock aclk (rise edge)
                                  0.000000    0.000000   clock source latency
     1    0.015885    0.077393    0.053115    0.053115 ^ aclk (in)
                                                         aclk (net)
                      0.077407    0.000000    0.053115 ^ clkbuf_0_aclk/A (sky130_fd_sc_hd__clkbuf_16)
     4    0.039251    0.059047    0.152784    0.205898 ^ clkbuf_0_aclk/X (sky130_fd_sc_hd__clkbuf_16)
                                                         clknet_0_aclk (net)
                      0.059081    0.001250    0.207149 ^ clkbuf_2_2__f_aclk/A (sky130_fd_sc_hd__clkbuf_16)
    14    0.040750    0.060360    0.147111    0.354259 ^ clkbuf_2_2__f_aclk/X (sky130_fd_sc_hd__clkbuf_16)
                                                         clknet_2_2__leaf_aclk (net)
                      0.060401    0.001388    0.355648 ^ _1271_/CLK (sky130_fd_sc_hd__dfxtp_1)
     4    0.014765    0.076351    0.342358    0.698006 v _1271_/Q (sky130_fd_sc_hd__dfxtp_1)
                                                         net32 (net)
                      0.076351    0.000365    0.698371 v _0643_/B (sky130_fd_sc_hd__xor2_1)
     2    0.009044    0.089129    0.174728    0.873098 v _0643_/X (sky130_fd_sc_hd__xor2_1)
                                                         _0059_ (net)
                      0.089129    0.000310    0.873408 v _0649_/A3 (sky130_fd_sc_hd__a31o_1)
     3    0.009559    0.065828    0.261994    1.135402 v _0649_/X (sky130_fd_sc_hd__a31o_1)
                                                         _0064_ (net)
                      0.065829    0.000324    1.135726 v _0656_/A2 (sky130_fd_sc_hd__a21bo_1)
     3    0.008304    0.058783    0.219068    1.354793 v _0656_/X (sky130_fd_sc_hd__a21bo_1)
                                                         _0070_ (net)
                      0.058783    0.000189    1.354982 v _0664_/A2 (sky130_fd_sc_hd__a21bo_1)
     3    0.012088    0.072626    0.231688    1.586670 v _0664_/X (sky130_fd_sc_hd__a21bo_1)
                                                         _0077_ (net)
                      0.072627    0.000370    1.587039 v _0678_/B2 (sky130_fd_sc_hd__a221o_1)
     2    0.005614    0.066013    0.341784    1.928823 v _0678_/X (sky130_fd_sc_hd__a221o_1)
                                                         _0089_ (net)
                      0.066013    0.000174    1.928997 v _0686_/A3 (sky130_fd_sc_hd__a31o_1)
     2    0.009850    0.066920    0.253426    2.182423 v _0686_/X (sky130_fd_sc_hd__a31o_1)
                                                         _0096_ (net)
                      0.066921    0.000378    2.182801 v _0690_/A2 (sky130_fd_sc_hd__a21bo_1)
     4    0.015378    0.086068    0.246934    2.429735 v _0690_/X (sky130_fd_sc_hd__a21bo_1)
                                                         _0099_ (net)
                      0.086070    0.000545    2.430280 v _0725_/A1 (sky130_fd_sc_hd__a21oi_1)
     2    0.007808    0.196610    0.204633    2.634913 ^ _0725_/Y (sky130_fd_sc_hd__a21oi_1)
                                                         _0130_ (net)
                      0.196611    0.000374    2.635288 ^ _0758_/A1 (sky130_fd_sc_hd__o31a_1)
     3    0.010118    0.116408    0.216397    2.851685 ^ _0758_/X (sky130_fd_sc_hd__o31a_1)
                                                         _0159_ (net)
                      0.116408    0.000224    2.851909 ^ _0776_/A2 (sky130_fd_sc_hd__a21o_1)
     3    0.008747    0.084749    0.161168    3.013077 ^ _0776_/X (sky130_fd_sc_hd__a21o_1)
                                                         _0175_ (net)
                      0.084749    0.000150    3.013226 ^ _0793_/A (sky130_fd_sc_hd__or2_1)
     3    0.009550    0.098256    0.146939    3.160166 ^ _0793_/X (sky130_fd_sc_hd__or2_1)
                                                         _0190_ (net)
                      0.098256    0.000385    3.160551 ^ _0794_/A2 (sky130_fd_sc_hd__a21oi_1)
     2    0.005698    0.060238    0.090559    3.251109 v _0794_/Y (sky130_fd_sc_hd__a21oi_1)
                                                         _0191_ (net)
                      0.060238    0.000091    3.251200 v _0808_/A1 (sky130_fd_sc_hd__a21o_1)
     2    0.009470    0.060454    0.187055    3.438255 v _0808_/X (sky130_fd_sc_hd__a21o_1)
                                                         _0203_ (net)
                      0.060455    0.000413    3.438668 v _0809_/B (sky130_fd_sc_hd__xnor2_1)
     1    0.002793    0.045352    0.123736    3.562404 v _0809_/Y (sky130_fd_sc_hd__xnor2_1)
                                                         _0204_ (net)
                      0.045352    0.000062    3.562466 v _0811_/A2 (sky130_fd_sc_hd__o211a_1)
     1    0.002040    0.034884    0.193103    3.755570 v _0811_/X (sky130_fd_sc_hd__o211a_1)
                                                         _0022_ (net)
                      0.034884    0.000041    3.755611 v _1292_/D (sky130_fd_sc_hd__dfxtp_1)
                                              3.755611   data arrival time

                                 10.000000   10.000000   clock aclk (rise edge)
                                  0.000000   10.000000   clock source latency
     1    0.015885    0.077393    0.053115   10.053115 ^ aclk (in)
                                                         aclk (net)
                      0.077407    0.000000   10.053115 ^ clkbuf_0_aclk/A (sky130_fd_sc_hd__clkbuf_16)
     4    0.039251    0.059047    0.152784   10.205898 ^ clkbuf_0_aclk/X (sky130_fd_sc_hd__clkbuf_16)
                                                         clknet_0_aclk (net)
                      0.059104    0.001559   10.207458 ^ clkbuf_2_1__f_aclk/A (sky130_fd_sc_hd__clkbuf_16)
    12    0.039172    0.058988    0.146160   10.353618 ^ clkbuf_2_1__f_aclk/X (sky130_fd_sc_hd__clkbuf_16)
                                                         clknet_2_1__leaf_aclk (net)
                      0.059028    0.001325   10.354943 ^ _1292_/CLK (sky130_fd_sc_hd__dfxtp_1)
                                 -0.250000   10.104943   clock uncertainty
                                  0.000000   10.104943   clock reconvergence pessimism
                                 -0.102815   10.002128   library setup time
                                             10.002128   data required time
---------------------------------------------------------------------------------------------
                                             10.002128   data required time
                                             -3.755611   data arrival time
---------------------------------------------------------------------------------------------
                                              6.246516   slack (MET)


Startpoint: _1271_ (rising edge-triggered flip-flop clocked by aclk)
Endpoint: _1295_ (rising edge-triggered flip-flop clocked by aclk)
Path Group: aclk
Path Type: max

Fanout         Cap        Slew       Delay        Time   Description
---------------------------------------------------------------------------------------------
                                  0.000000    0.000000   clock aclk (rise edge)
                                  0.000000    0.000000   clock source latency
     1    0.015885    0.077393    0.053115    0.053115 ^ aclk (in)
                                                         aclk (net)
                      0.077407    0.000000    0.053115 ^ clkbuf_0_aclk/A (sky130_fd_sc_hd__clkbuf_16)
     4    0.039251    0.059047    0.152784    0.205898 ^ clkbuf_0_aclk/X (sky130_fd_sc_hd__clkbuf_16)
                                                         clknet_0_aclk (net)
                      0.059081    0.001250    0.207149 ^ clkbuf_2_2__f_aclk/A (sky130_fd_sc_hd__clkbuf_16)
    14    0.040750    0.060360    0.147111    0.354259 ^ clkbuf_2_2__f_aclk/X (sky130_fd_sc_hd__clkbuf_16)
                                                         clknet_2_2__leaf_aclk (net)
                      0.060401    0.001388    0.355648 ^ _1271_/CLK (sky130_fd_sc_hd__dfxtp_1)
     4    0.014765    0.076351    0.342358    0.698006 v _1271_/Q (sky130_fd_sc_hd__dfxtp_1)
                                                         net32 (net)
                      0.076351    0.000365    0.698371 v _0643_/B (sky130_fd_sc_hd__xor2_1)
     2    0.009044    0.089129    0.174728    0.873098 v _0643_/X (sky130_fd_sc_hd__xor2_1)
                                                         _0059_ (net)
                      0.089129    0.000310    0.873408 v _0649_/A3 (sky130_fd_sc_hd__a31o_1)
     3    0.009559    0.065828    0.261994    1.135402 v _0649_/X (sky130_fd_sc_hd__a31o_1)
                                                         _0064_ (net)
                      0.065829    0.000324    1.135726 v _0656_/A2 (sky130_fd_sc_hd__a21bo_1)
     3    0.008304    0.058783    0.219068    1.354793 v _0656_/X (sky130_fd_sc_hd__a21bo_1)
                                                         _0070_ (net)
                      0.058783    0.000189    1.354982 v _0664_/A2 (sky130_fd_sc_hd__a21bo_1)
     3    0.012088    0.072626    0.231688    1.586670 v _0664_/X (sky130_fd_sc_hd__a21bo_1)
                                                         _0077_ (net)
                      0.072627    0.000370    1.587039 v _0678_/B2 (sky130_fd_sc_hd__a221o_1)
     2    0.005614    0.066013    0.341784    1.928823 v _0678_/X (sky130_fd_sc_hd__a221o_1)
                                                         _0089_ (net)
                      0.066013    0.000174    1.928997 v _0686_/A3 (sky130_fd_sc_hd__a31o_1)
     2    0.009850    0.066920    0.253426    2.182423 v _0686_/X (sky130_fd_sc_hd__a31o_1)
                                                         _0096_ (net)
                      0.066921    0.000378    2.182801 v _0690_/A2 (sky130_fd_sc_hd__a21bo_1)
     4    0.015378    0.086068    0.246934    2.429735 v _0690_/X (sky130_fd_sc_hd__a21bo_1)
                                                         _0099_ (net)
                      0.086070    0.000545    2.430280 v _0725_/A1 (sky130_fd_sc_hd__a21oi_1)
     2    0.007808    0.196610    0.204633    2.634913 ^ _0725_/Y (sky130_fd_sc_hd__a21oi_1)
                                                         _0130_ (net)
                      0.196611    0.000374    2.635288 ^ _0758_/A1 (sky130_fd_sc_hd__o31a_1)
     3    0.010118    0.116408    0.216397    2.851685 ^ _0758_/X (sky130_fd_sc_hd__o31a_1)
                                                         _0159_ (net)
                      0.116408    0.000242    2.851927 ^ _0819_/A2 (sky130_fd_sc_hd__a21oi_1)
     2    0.007055    0.071709    0.103499    2.955426 v _0819_/Y (sky130_fd_sc_hd__a21oi_1)
                                                         _0212_ (net)
                      0.071709    0.000268    2.955695 v _0821_/B (sky130_fd_sc_hd__or3_1)
     2    0.005563    0.080117    0.369680    3.325375 v _0821_/X (sky130_fd_sc_hd__or3_1)
                                                         _0214_ (net)
                      0.080117    0.000164    3.325538 v _0826_/A (sky130_fd_sc_hd__nand2_1)
     2    0.006936    0.077945    0.094995    3.420533 ^ _0826_/Y (sky130_fd_sc_hd__nand2_1)
                                                         _0219_ (net)
                      0.077945    0.000208    3.420742 ^ _0831_/A2 (sky130_fd_sc_hd__a21oi_1)
     1    0.003732    0.060255    0.073266    3.494008 v _0831_/Y (sky130_fd_sc_hd__a21oi_1)
                                                         _0223_ (net)
                      0.060255    0.000102    3.494110 v _0833_/B1 (sky130_fd_sc_hd__o221a_1)
     1    0.002167    0.041465    0.218559    3.712669 v _0833_/X (sky130_fd_sc_hd__o221a_1)
                                                         _0025_ (net)
                      0.041465    0.000046    3.712714 v _1295_/D (sky130_fd_sc_hd__dfxtp_1)
                                              3.712714   data arrival time

                                 10.000000   10.000000   clock aclk (rise edge)
                                  0.000000   10.000000   clock source latency
     1    0.015885    0.077393    0.053115   10.053115 ^ aclk (in)
                                                         aclk (net)
                      0.077407    0.000000   10.053115 ^ clkbuf_0_aclk/A (sky130_fd_sc_hd__clkbuf_16)
     4    0.039251    0.059047    0.152784   10.205898 ^ clkbuf_0_aclk/X (sky130_fd_sc_hd__clkbuf_16)
                                                         clknet_0_aclk (net)
                      0.059084    0.001283   10.207181 ^ clkbuf_2_3__f_aclk/A (sky130_fd_sc_hd__clkbuf_16)
    14    0.042371    0.061866    0.148589   10.355770 ^ clkbuf_2_3__f_aclk/X (sky130_fd_sc_hd__clkbuf_16)
                                                         clknet_2_3__leaf_aclk (net)
                      0.061891    0.001104   10.356874 ^ _1295_/CLK (sky130_fd_sc_hd__dfxtp_1)
                                 -0.250000   10.106874   clock uncertainty
                                  0.000000   10.106874   clock reconvergence pessimism
                                 -0.105034   10.001841   library setup time
                                             10.001841   data required time
---------------------------------------------------------------------------------------------
                                             10.001841   data required time
                                             -3.712714   data arrival time
---------------------------------------------------------------------------------------------
                                              6.289126   slack (MET)


Startpoint: _1271_ (rising edge-triggered flip-flop clocked by aclk)
Endpoint: _1294_ (rising edge-triggered flip-flop clocked by aclk)
Path Group: aclk
Path Type: max

Fanout         Cap        Slew       Delay        Time   Description
---------------------------------------------------------------------------------------------
                                  0.000000    0.000000   clock aclk (rise edge)
                                  0.000000    0.000000   clock source latency
     1    0.015885    0.077393    0.053115    0.053115 ^ aclk (in)
                                                         aclk (net)
                      0.077407    0.000000    0.053115 ^ clkbuf_0_aclk/A (sky130_fd_sc_hd__clkbuf_16)
     4    0.039251    0.059047    0.152784    0.205898 ^ clkbuf_0_aclk/X (sky130_fd_sc_hd__clkbuf_16)
                                                         clknet_0_aclk (net)
                      0.059081    0.001250    0.207149 ^ clkbuf_2_2__f_aclk/A (sky130_fd_sc_hd__clkbuf_16)
    14    0.040750    0.060360    0.147111    0.354259 ^ clkbuf_2_2__f_aclk/X (sky130_fd_sc_hd__clkbuf_16)
                                                         clknet_2_2__leaf_aclk (net)
                      0.060401    0.001388    0.355648 ^ _1271_/CLK (sky130_fd_sc_hd__dfxtp_1)
     4    0.014765    0.076351    0.342358    0.698006 v _1271_/Q (sky130_fd_sc_hd__dfxtp_1)
                                                         net32 (net)
                      0.076351    0.000365    0.698371 v _0643_/B (sky130_fd_sc_hd__xor2_1)
     2    0.009044    0.089129    0.174728    0.873098 v _0643_/X (sky130_fd_sc_hd__xor2_1)
                                                         _0059_ (net)
                      0.089129    0.000310    0.873408 v _0649_/A3 (sky130_fd_sc_hd__a31o_1)
     3    0.009559    0.065828    0.261994    1.135402 v _0649_/X (sky130_fd_sc_hd__a31o_1)
                                                         _0064_ (net)
                      0.065829    0.000324    1.135726 v _0656_/A2 (sky130_fd_sc_hd__a21bo_1)
     3    0.008304    0.058783    0.219068    1.354793 v _0656_/X (sky130_fd_sc_hd__a21bo_1)
                                                         _0070_ (net)
                      0.058783    0.000189    1.354982 v _0664_/A2 (sky130_fd_sc_hd__a21bo_1)
     3    0.012088    0.072626    0.231688    1.586670 v _0664_/X (sky130_fd_sc_hd__a21bo_1)
                                                         _0077_ (net)
                      0.072627    0.000370    1.587039 v _0678_/B2 (sky130_fd_sc_hd__a221o_1)
     2    0.005614    0.066013    0.341784    1.928823 v _0678_/X (sky130_fd_sc_hd__a221o_1)
                                                         _0089_ (net)
                      0.066013    0.000174    1.928997 v _0686_/A3 (sky130_fd_sc_hd__a31o_1)
     2    0.009850    0.066920    0.253426    2.182423 v _0686_/X (sky130_fd_sc_hd__a31o_1)
                                                         _0096_ (net)
                      0.066921    0.000378    2.182801 v _0690_/A2 (sky130_fd_sc_hd__a21bo_1)
     4    0.015378    0.086068    0.246934    2.429735 v _0690_/X (sky130_fd_sc_hd__a21bo_1)
                                                         _0099_ (net)
                      0.086070    0.000545    2.430280 v _0725_/A1 (sky130_fd_sc_hd__a21oi_1)
     2    0.007808    0.196610    0.204633    2.634913 ^ _0725_/Y (sky130_fd_sc_hd__a21oi_1)
                                                         _0130_ (net)
                      0.196611    0.000374    2.635288 ^ _0758_/A1 (sky130_fd_sc_hd__o31a_1)
     3    0.010118    0.116408    0.216397    2.851685 ^ _0758_/X (sky130_fd_sc_hd__o31a_1)
                                                         _0159_ (net)
                      0.116408    0.000242    2.851927 ^ _0819_/A2 (sky130_fd_sc_hd__a21oi_1)
     2    0.007055    0.071709    0.103499    2.955426 v _0819_/Y (sky130_fd_sc_hd__a21oi_1)
                                                         _0212_ (net)
                      0.071709    0.000268    2.955695 v _0821_/B (sky130_fd_sc_hd__or3_1)
     2    0.005563    0.080117    0.369680    3.325375 v _0821_/X (sky130_fd_sc_hd__or3_1)
                                                         _0214_ (net)
                      0.080117    0.000165    3.325539 v _0827_/A (sky130_fd_sc_hd__nor2_1)
     1    0.003005    0.080005    0.111952    3.437491 ^ _0827_/Y (sky130_fd_sc_hd__nor2_1)
                                                         _0220_ (net)
                      0.080005    0.000064    3.437555 ^ _0828_/A2 (sky130_fd_sc_hd__o21ai_1)
     1    0.003522    0.068879    0.065113    3.502668 v _0828_/Y (sky130_fd_sc_hd__o21ai_1)
                                                         _0221_ (net)
                      0.068879    0.000093    3.502761 v _0829_/B1 (sky130_fd_sc_hd__o211a_1)
     1    0.002095    0.035144    0.125635    3.628396 v _0829_/X (sky130_fd_sc_hd__o211a_1)
                                                         _0024_ (net)
                      0.035144    0.000044    3.628440 v _1294_/D (sky130_fd_sc_hd__dfxtp_1)
                                              3.628440   data arrival time

                                 10.000000   10.000000   clock aclk (rise edge)
                                  0.000000   10.000000   clock source latency
     1    0.015885    0.077393    0.053115   10.053115 ^ aclk (in)
                                                         aclk (net)
                      0.077407    0.000000   10.053115 ^ clkbuf_0_aclk/A (sky130_fd_sc_hd__clkbuf_16)
     4    0.039251    0.059047    0.152784   10.205898 ^ clkbuf_0_aclk/X (sky130_fd_sc_hd__clkbuf_16)
                                                         clknet_0_aclk (net)
                      0.059104    0.001559   10.207458 ^ clkbuf_2_1__f_aclk/A (sky130_fd_sc_hd__clkbuf_16)
    12    0.039172    0.058988    0.146160   10.353618 ^ clkbuf_2_1__f_aclk/X (sky130_fd_sc_hd__clkbuf_16)
                                                         clknet_2_1__leaf_aclk (net)
                      0.059013    0.001077   10.354695 ^ _1294_/CLK (sky130_fd_sc_hd__dfxtp_1)
                                 -0.250000   10.104695   clock uncertainty
                                  0.000000   10.104695   clock reconvergence pessimism
                                 -0.102933   10.001762   library setup time
                                             10.001762   data required time
---------------------------------------------------------------------------------------------
                                             10.001762   data required time
                                             -3.628440   data arrival time
---------------------------------------------------------------------------------------------
                                              6.373322   slack (MET)


Startpoint: _1271_ (rising edge-triggered flip-flop clocked by aclk)
Endpoint: _1291_ (rising edge-triggered flip-flop clocked by aclk)
Path Group: aclk
Path Type: max

Fanout         Cap        Slew       Delay        Time   Description
---------------------------------------------------------------------------------------------
                                  0.000000    0.000000   clock aclk (rise edge)
                                  0.000000    0.000000   clock source latency
     1    0.015885    0.077393    0.053115    0.053115 ^ aclk (in)
                                                         aclk (net)
                      0.077407    0.000000    0.053115 ^ clkbuf_0_aclk/A (sky130_fd_sc_hd__clkbuf_16)
     4    0.039251    0.059047    0.152784    0.205898 ^ clkbuf_0_aclk/X (sky130_fd_sc_hd__clkbuf_16)
                                                         clknet_0_aclk (net)
                      0.059081    0.001250    0.207149 ^ clkbuf_2_2__f_aclk/A (sky130_fd_sc_hd__clkbuf_16)
    14    0.040750    0.060360    0.147111    0.354259 ^ clkbuf_2_2__f_aclk/X (sky130_fd_sc_hd__clkbuf_16)
                                                         clknet_2_2__leaf_aclk (net)
                      0.060401    0.001388    0.355648 ^ _1271_/CLK (sky130_fd_sc_hd__dfxtp_1)
     4    0.015537    0.152602    0.388278    0.743926 ^ _1271_/Q (sky130_fd_sc_hd__dfxtp_1)
                                                         net32 (net)
                      0.152602    0.000388    0.744313 ^ _0643_/B (sky130_fd_sc_hd__xor2_1)
     2    0.009474    0.229456    0.246007    0.990320 ^ _0643_/X (sky130_fd_sc_hd__xor2_1)
                                                         _0059_ (net)
                      0.229457    0.000327    0.990646 ^ _0649_/A3 (sky130_fd_sc_hd__a31o_1)
     3    0.010255    0.109447    0.225597    1.216244 ^ _0649_/X (sky130_fd_sc_hd__a31o_1)
                                                         _0064_ (net)
                      0.109447    0.000348    1.216592 ^ _0656_/A2 (sky130_fd_sc_hd__a21bo_1)
     3    0.009000    0.084009    0.154962    1.371554 ^ _0656_/X (sky130_fd_sc_hd__a21bo_1)
                                                         _0070_ (net)
                      0.084009    0.000205    1.371759 ^ _0664_/A2 (sky130_fd_sc_hd__a21bo_1)
     3    0.012977    0.115649    0.170330    1.542089 ^ _0664_/X (sky130_fd_sc_hd__a21bo_1)
                                                         _0077_ (net)
                      0.115649    0.000402    1.542491 ^ _0678_/B2 (sky130_fd_sc_hd__a221o_1)
     2    0.006070    0.075379    0.172270    1.714761 ^ _0678_/X (sky130_fd_sc_hd__a221o_1)
                                                         _0089_ (net)
                      0.075379    0.000190    1.714951 ^ _0686_/A3 (sky130_fd_sc_hd__a31o_1)
     2    0.010284    0.109150    0.192996    1.907947 ^ _0686_/X (sky130_fd_sc_hd__a31o_1)
                                                         _0096_ (net)
                      0.109150    0.000399    1.908346 ^ _0690_/A2 (sky130_fd_sc_hd__a21bo_1)
     4    0.016150    0.141348    0.195473    2.103818 ^ _0690_/X (sky130_fd_sc_hd__a21bo_1)
                                                         _0099_ (net)
                      0.141348    0.000573    2.104391 ^ _0725_/A1 (sky130_fd_sc_hd__a21oi_1)
     2    0.007405    0.078457    0.109873    2.214264 v _0725_/Y (sky130_fd_sc_hd__a21oi_1)
                                                         _0130_ (net)
                      0.078458    0.000349    2.214613 v _0758_/A1 (sky130_fd_sc_hd__o31a_1)
     3    0.009502    0.076433    0.338323    2.552937 v _0758_/X (sky130_fd_sc_hd__o31a_1)
                                                         _0159_ (net)
                      0.076433    0.000209    2.553146 v _0776_/A2 (sky130_fd_sc_hd__a21o_1)
     3    0.008276    0.056930    0.209891    2.763036 v _0776_/X (sky130_fd_sc_hd__a21o_1)
                                                         _0175_ (net)
                      0.056930    0.000141    2.763177 v _0793_/A (sky130_fd_sc_hd__or2_1)
     3    0.009006    0.076337    0.261316    3.024493 v _0793_/X (sky130_fd_sc_hd__or2_1)
                                                         _0190_ (net)
                      0.076337    0.000362    3.024854 v _0795_/A2 (sky130_fd_sc_hd__a21o_1)
     2    0.005755    0.045500    0.198071    3.222925 v _0795_/X (sky130_fd_sc_hd__a21o_1)
                                                         _0192_ (net)
                      0.045500    0.000113    3.223039 v _0802_/A2 (sky130_fd_sc_hd__a31o_1)
     1    0.002847    0.037052    0.198543    3.421582 v _0802_/X (sky130_fd_sc_hd__a31o_1)
                                                         _0198_ (net)
                      0.037052    0.000065    3.421647 v _0803_/B2 (sky130_fd_sc_hd__o221a_1)
     1    0.002588    0.043884    0.195557    3.617203 v _0803_/X (sky130_fd_sc_hd__o221a_1)
                                                         _0021_ (net)
                      0.043884    0.000060    3.617263 v _1291_/D (sky130_fd_sc_hd__dfxtp_1)
                                              3.617263   data arrival time

                                 10.000000   10.000000   clock aclk (rise edge)
                                  0.000000   10.000000   clock source latency
     1    0.015885    0.077393    0.053115   10.053115 ^ aclk (in)
                                                         aclk (net)
                      0.077407    0.000000   10.053115 ^ clkbuf_0_aclk/A (sky130_fd_sc_hd__clkbuf_16)
     4    0.039251    0.059047    0.152784   10.205898 ^ clkbuf_0_aclk/X (sky130_fd_sc_hd__clkbuf_16)
                                                         clknet_0_aclk (net)
                      0.059104    0.001559   10.207458 ^ clkbuf_2_1__f_aclk/A (sky130_fd_sc_hd__clkbuf_16)
    12    0.039172    0.058988    0.146160   10.353618 ^ clkbuf_2_1__f_aclk/X (sky130_fd_sc_hd__clkbuf_16)
                                                         clknet_2_1__leaf_aclk (net)
                      0.059020    0.001200   10.354817 ^ _1291_/CLK (sky130_fd_sc_hd__dfxtp_1)
                                 -0.250000   10.104817   clock uncertainty
                                  0.000000   10.104817   clock reconvergence pessimism
                                 -0.106765    9.998053   library setup time
                                              9.998053   data required time
---------------------------------------------------------------------------------------------
                                              9.998053   data required time
                                             -3.617263   data arrival time
---------------------------------------------------------------------------------------------
                                              6.380789   slack (MET)


Startpoint: s_axis_tdata[9] (input port clocked by aclk)
Endpoint: _1304_ (rising edge-triggered flip-flop clocked by aclk)
Path Group: aclk
Path Type: max

Fanout         Cap        Slew       Delay        Time   Description
---------------------------------------------------------------------------------------------
                                  0.000000    0.000000   clock aclk (rise edge)
                                  0.000000    0.000000   clock network delay (propagated)
                                  2.000000    2.000000 ^ input external delay
     1    0.003693    0.023605    0.013459    2.013458 ^ s_axis_tdata[9] (in)
                                                         s_axis_tdata[9] (net)
                      0.023613    0.000000    2.013458 ^ input18/A (sky130_fd_sc_hd__buf_1)
     5    0.016648    0.200255    0.182057    2.195515 ^ input18/X (sky130_fd_sc_hd__buf_1)
                                                         net18 (net)
                      0.200259    0.000763    2.196278 ^ fanout88/A (sky130_fd_sc_hd__buf_2)
    10    0.029742    0.149788    0.232522    2.428799 ^ fanout88/X (sky130_fd_sc_hd__buf_2)
                                                         net88 (net)
                      0.149795    0.001224    2.430024 ^ _0879_/C (sky130_fd_sc_hd__and3_1)
     4    0.012108    0.131035    0.236873    2.666897 ^ _0879_/X (sky130_fd_sc_hd__and3_1)
                                                         _0263_ (net)
                      0.131035    0.000363    2.667260 ^ _0884_/B (sky130_fd_sc_hd__and2_1)
     2    0.004954    0.065270    0.153790    2.821050 ^ _0884_/X (sky130_fd_sc_hd__and2_1)
                                                         _0267_ (net)
                      0.065270    0.000102    2.821152 ^ _0886_/A (sky130_fd_sc_hd__nor2_1)
     1    0.005479    0.064262    0.056333    2.877485 v _0886_/Y (sky130_fd_sc_hd__nor2_1)
                                                         _0269_ (net)
                      0.064262    0.000145    2.877629 v _0887_/B (sky130_fd_sc_hd__xnor2_1)
     2    0.005432    0.165860    0.173653    3.051282 ^ _0887_/Y (sky130_fd_sc_hd__xnor2_1)
                                                         _0270_ (net)
                      0.165860    0.000106    3.051389 ^ _0888_/C (sky130_fd_sc_hd__and3_1)
     3    0.008581    0.099743    0.216333    3.267721 ^ _0888_/X (sky130_fd_sc_hd__and3_1)
                                                         _0271_ (net)
                      0.099743    0.000188    3.267909 ^ _0890_/A (sky130_fd_sc_hd__nor2_1)
     1    0.005130    0.044459    0.066097    3.334006 v _0890_/Y (sky130_fd_sc_hd__nor2_1)
                                                         _0273_ (net)
                      0.044459    0.000209    3.334214 v _0892_/A2 (sky130_fd_sc_hd__o211a_1)
     1    0.003689    0.042910    0.204327    3.538542 v _0892_/X (sky130_fd_sc_hd__o211a_1)
                                                         _0034_ (net)
                      0.042910    0.000131    3.538673 v _1304_/D (sky130_fd_sc_hd__dfxtp_1)
                                              3.538673   data arrival time

                                 10.000000   10.000000   clock aclk (rise edge)
                                  0.000000   10.000000   clock source latency
     1    0.015885    0.077393    0.053115   10.053115 ^ aclk (in)
                                                         aclk (net)
                      0.077407    0.000000   10.053115 ^ clkbuf_0_aclk/A (sky130_fd_sc_hd__clkbuf_16)
     4    0.039251    0.059047    0.152784   10.205898 ^ clkbuf_0_aclk/X (sky130_fd_sc_hd__clkbuf_16)
                                                         clknet_0_aclk (net)
                      0.059081    0.001251   10.207150 ^ clkbuf_2_2__f_aclk/A (sky130_fd_sc_hd__clkbuf_16)
    14    0.040750    0.060360    0.147111   10.354259 ^ clkbuf_2_2__f_aclk/X (sky130_fd_sc_hd__clkbuf_16)
                                                         clknet_2_2__leaf_aclk (net)
                      0.060455    0.002020   10.356279 ^ _1304_/CLK (sky130_fd_sc_hd__dfxtp_1)
                                 -0.250000   10.106279   clock uncertainty
                                  0.000000   10.106279   clock reconvergence pessimism
                                 -0.106003   10.000277   library setup time
                                             10.000277   data required time
---------------------------------------------------------------------------------------------
                                             10.000277   data required time
                                             -3.538673   data arrival time
---------------------------------------------------------------------------------------------
                                              6.461603   slack (MET)


Startpoint: _1271_ (rising edge-triggered flip-flop clocked by aclk)
Endpoint: _1290_ (rising edge-triggered flip-flop clocked by aclk)
Path Group: aclk
Path Type: max

Fanout         Cap        Slew       Delay        Time   Description
---------------------------------------------------------------------------------------------
                                  0.000000    0.000000   clock aclk (rise edge)
                                  0.000000    0.000000   clock source latency
     1    0.015885    0.077393    0.053115    0.053115 ^ aclk (in)
                                                         aclk (net)
                      0.077407    0.000000    0.053115 ^ clkbuf_0_aclk/A (sky130_fd_sc_hd__clkbuf_16)
     4    0.039251    0.059047    0.152784    0.205898 ^ clkbuf_0_aclk/X (sky130_fd_sc_hd__clkbuf_16)
                                                         clknet_0_aclk (net)
                      0.059081    0.001250    0.207149 ^ clkbuf_2_2__f_aclk/A (sky130_fd_sc_hd__clkbuf_16)
    14    0.040750    0.060360    0.147111    0.354259 ^ clkbuf_2_2__f_aclk/X (sky130_fd_sc_hd__clkbuf_16)
                                                         clknet_2_2__leaf_aclk (net)
                      0.060401    0.001388    0.355648 ^ _1271_/CLK (sky130_fd_sc_hd__dfxtp_1)
     4    0.014765    0.076351    0.342358    0.698006 v _1271_/Q (sky130_fd_sc_hd__dfxtp_1)
                                                         net32 (net)
                      0.076351    0.000365    0.698371 v _0643_/B (sky130_fd_sc_hd__xor2_1)
     2    0.009044    0.089129    0.174728    0.873098 v _0643_/X (sky130_fd_sc_hd__xor2_1)
                                                         _0059_ (net)
                      0.089129    0.000310    0.873408 v _0649_/A3 (sky130_fd_sc_hd__a31o_1)
     3    0.009559    0.065828    0.261994    1.135402 v _0649_/X (sky130_fd_sc_hd__a31o_1)
                                                         _0064_ (net)
                      0.065829    0.000324    1.135726 v _0656_/A2 (sky130_fd_sc_hd__a21bo_1)
     3    0.008304    0.058783    0.219068    1.354793 v _0656_/X (sky130_fd_sc_hd__a21bo_1)
                                                         _0070_ (net)
                      0.058783    0.000189    1.354982 v _0664_/A2 (sky130_fd_sc_hd__a21bo_1)
     3    0.012088    0.072626    0.231688    1.586670 v _0664_/X (sky130_fd_sc_hd__a21bo_1)
                                                         _0077_ (net)
                      0.072627    0.000370    1.587039 v _0678_/B2 (sky130_fd_sc_hd__a221o_1)
     2    0.005614    0.066013    0.341784    1.928823 v _0678_/X (sky130_fd_sc_hd__a221o_1)
                                                         _0089_ (net)
                      0.066013    0.000174    1.928997 v _0686_/A3 (sky130_fd_sc_hd__a31o_1)
     2    0.009850    0.066920    0.253426    2.182423 v _0686_/X (sky130_fd_sc_hd__a31o_1)
                                                         _0096_ (net)
                      0.066921    0.000378    2.182801 v _0690_/A2 (sky130_fd_sc_hd__a21bo_1)
     4    0.015378    0.086068    0.246934    2.429735 v _0690_/X (sky130_fd_sc_hd__a21bo_1)
                                                         _0099_ (net)
                      0.086070    0.000545    2.430280 v _0725_/A1 (sky130_fd_sc_hd__a21oi_1)
     2    0.007808    0.196610    0.204633    2.634913 ^ _0725_/Y (sky130_fd_sc_hd__a21oi_1)
                                                         _0130_ (net)
                      0.196611    0.000374    2.635288 ^ _0758_/A1 (sky130_fd_sc_hd__o31a_1)
     3    0.010118    0.116408    0.216397    2.851685 ^ _0758_/X (sky130_fd_sc_hd__o31a_1)
                                                         _0159_ (net)
                      0.116408    0.000224    2.851909 ^ _0776_/A2 (sky130_fd_sc_hd__a21o_1)
     3    0.008747    0.084749    0.161168    3.013077 ^ _0776_/X (sky130_fd_sc_hd__a21o_1)
                                                         _0175_ (net)
                      0.084749    0.000150    3.013226 ^ _0793_/A (sky130_fd_sc_hd__or2_1)
     3    0.009550    0.098256    0.146939    3.160166 ^ _0793_/X (sky130_fd_sc_hd__or2_1)
                                                         _0190_ (net)
                      0.098256    0.000376    3.160542 ^ _0796_/C (sky130_fd_sc_hd__and3_1)
     1    0.003664    0.056780    0.165868    3.326410 ^ _0796_/X (sky130_fd_sc_hd__and3_1)
                                                         _0193_ (net)
                      0.056780    0.000123    3.326533 ^ _0797_/A2 (sky130_fd_sc_hd__o21ai_1)
     1    0.004081    0.067862    0.062169    3.388702 v _0797_/Y (sky130_fd_sc_hd__o21ai_1)
                                                         _0194_ (net)
                      0.067862    0.000149    3.388850 v _0798_/B1 (sky130_fd_sc_hd__o211a_1)
     1    0.002185    0.035524    0.125717    3.514567 v _0798_/X (sky130_fd_sc_hd__o211a_1)
                                                         _0020_ (net)
                      0.035524    0.000047    3.514614 v _1290_/D (sky130_fd_sc_hd__dfxtp_1)
                                              3.514614   data arrival time

                                 10.000000   10.000000   clock aclk (rise edge)
                                  0.000000   10.000000   clock source latency
     1    0.015885    0.077393    0.053115   10.053115 ^ aclk (in)
                                                         aclk (net)
                      0.077407    0.000000   10.053115 ^ clkbuf_0_aclk/A (sky130_fd_sc_hd__clkbuf_16)
     4    0.039251    0.059047    0.152784   10.205898 ^ clkbuf_0_aclk/X (sky130_fd_sc_hd__clkbuf_16)
                                                         clknet_0_aclk (net)
                      0.059104    0.001559   10.207458 ^ clkbuf_2_1__f_aclk/A (sky130_fd_sc_hd__clkbuf_16)
    12    0.039172    0.058988    0.146160   10.353618 ^ clkbuf_2_1__f_aclk/X (sky130_fd_sc_hd__clkbuf_16)
                                                         clknet_2_1__leaf_aclk (net)
                      0.059020    0.001200   10.354817 ^ _1290_/CLK (sky130_fd_sc_hd__dfxtp_1)
                                 -0.250000   10.104817   clock uncertainty
                                  0.000000   10.104817   clock reconvergence pessimism
                                 -0.103098   10.001719   library setup time
                                             10.001719   data required time
---------------------------------------------------------------------------------------------
                                             10.001719   data required time
                                             -3.514614   data arrival time
---------------------------------------------------------------------------------------------
                                              6.487106   slack (MET)


Startpoint: _1271_ (rising edge-triggered flip-flop clocked by aclk)
Endpoint: _1285_ (rising edge-triggered flip-flop clocked by aclk)
Path Group: aclk
Path Type: max

Fanout         Cap        Slew       Delay        Time   Description
---------------------------------------------------------------------------------------------
                                  0.000000    0.000000   clock aclk (rise edge)
                                  0.000000    0.000000   clock source latency
     1    0.015885    0.077393    0.053115    0.053115 ^ aclk (in)
                                                         aclk (net)
                      0.077407    0.000000    0.053115 ^ clkbuf_0_aclk/A (sky130_fd_sc_hd__clkbuf_16)
     4    0.039251    0.059047    0.152784    0.205898 ^ clkbuf_0_aclk/X (sky130_fd_sc_hd__clkbuf_16)
                                                         clknet_0_aclk (net)
                      0.059081    0.001250    0.207149 ^ clkbuf_2_2__f_aclk/A (sky130_fd_sc_hd__clkbuf_16)
    14    0.040750    0.060360    0.147111    0.354259 ^ clkbuf_2_2__f_aclk/X (sky130_fd_sc_hd__clkbuf_16)
                                                         clknet_2_2__leaf_aclk (net)
                      0.060401    0.001388    0.355648 ^ _1271_/CLK (sky130_fd_sc_hd__dfxtp_1)
     4    0.014765    0.076351    0.342358    0.698006 v _1271_/Q (sky130_fd_sc_hd__dfxtp_1)
                                                         net32 (net)
                      0.076351    0.000365    0.698371 v _0643_/B (sky130_fd_sc_hd__xor2_1)
     2    0.009044    0.089129    0.174728    0.873098 v _0643_/X (sky130_fd_sc_hd__xor2_1)
                                                         _0059_ (net)
                      0.089129    0.000310    0.873408 v _0649_/A3 (sky130_fd_sc_hd__a31o_1)
     3    0.009559    0.065828    0.261994    1.135402 v _0649_/X (sky130_fd_sc_hd__a31o_1)
                                                         _0064_ (net)
                      0.065829    0.000324    1.135726 v _0656_/A2 (sky130_fd_sc_hd__a21bo_1)
     3    0.008304    0.058783    0.219068    1.354793 v _0656_/X (sky130_fd_sc_hd__a21bo_1)
                                                         _0070_ (net)
                      0.058783    0.000189    1.354982 v _0664_/A2 (sky130_fd_sc_hd__a21bo_1)
     3    0.012088    0.072626    0.231688    1.586670 v _0664_/X (sky130_fd_sc_hd__a21bo_1)
                                                         _0077_ (net)
                      0.072627    0.000370    1.587039 v _0678_/B2 (sky130_fd_sc_hd__a221o_1)
     2    0.005614    0.066013    0.341784    1.928823 v _0678_/X (sky130_fd_sc_hd__a221o_1)
                                                         _0089_ (net)
                      0.066013    0.000174    1.928997 v _0686_/A3 (sky130_fd_sc_hd__a31o_1)
     2    0.009850    0.066920    0.253426    2.182423 v _0686_/X (sky130_fd_sc_hd__a31o_1)
                                                         _0096_ (net)
                      0.066921    0.000378    2.182801 v _0690_/A2 (sky130_fd_sc_hd__a21bo_1)
     4    0.015378    0.086068    0.246934    2.429735 v _0690_/X (sky130_fd_sc_hd__a21bo_1)
                                                         _0099_ (net)
                      0.086070    0.000545    2.430280 v _0725_/A1 (sky130_fd_sc_hd__a21oi_1)
     2    0.007808    0.196610    0.204633    2.634913 ^ _0725_/Y (sky130_fd_sc_hd__a21oi_1)
                                                         _0130_ (net)
                      0.196611    0.000361    2.635274 ^ _0727_/A (sky130_fd_sc_hd__or2_1)
     4    0.011347    0.114655    0.186765    2.822040 ^ _0727_/X (sky130_fd_sc_hd__or2_1)
                                                         _0132_ (net)
                      0.114655    0.000339    2.822379 ^ _0743_/A1 (sky130_fd_sc_hd__o21ai_1)
     2    0.009530    0.099517    0.121597    2.943975 v _0743_/Y (sky130_fd_sc_hd__o21ai_1)
                                                         _0146_ (net)
                      0.099517    0.000307    2.944283 v _0750_/A2 (sky130_fd_sc_hd__a21bo_1)
     1    0.005546    0.046214    0.218781    3.163064 v _0750_/X (sky130_fd_sc_hd__a21bo_1)
                                                         _0152_ (net)
                      0.046214    0.000196    3.163260 v _0751_/B (sky130_fd_sc_hd__xnor2_1)
     1    0.003389    0.049153    0.121188    3.284447 v _0751_/Y (sky130_fd_sc_hd__xnor2_1)
                                                         _0153_ (net)
                      0.049153    0.000114    3.284561 v _0753_/A2 (sky130_fd_sc_hd__o211a_1)
     1    0.002319    0.036110    0.196445    3.481006 v _0753_/X (sky130_fd_sc_hd__o211a_1)
                                                         _0015_ (net)
                      0.036110    0.000050    3.481056 v _1285_/D (sky130_fd_sc_hd__dfxtp_1)
                                              3.481056   data arrival time

                                 10.000000   10.000000   clock aclk (rise edge)
                                  0.000000   10.000000   clock source latency
     1    0.015885    0.077393    0.053115   10.053115 ^ aclk (in)
                                                         aclk (net)
                      0.077407    0.000000   10.053115 ^ clkbuf_0_aclk/A (sky130_fd_sc_hd__clkbuf_16)
     4    0.039251    0.059047    0.152784   10.205898 ^ clkbuf_0_aclk/X (sky130_fd_sc_hd__clkbuf_16)
                                                         clknet_0_aclk (net)
                      0.059099    0.001497   10.207396 ^ clkbuf_2_0__f_aclk/A (sky130_fd_sc_hd__clkbuf_16)
    14    0.041031    0.060606    0.147314   10.354710 ^ clkbuf_2_0__f_aclk/X (sky130_fd_sc_hd__clkbuf_16)
                                                         clknet_2_0__leaf_aclk (net)
                      0.060707    0.002085   10.356794 ^ _1285_/CLK (sky130_fd_sc_hd__dfxtp_1)
                                 -0.250000   10.106794   clock uncertainty
                                  0.000000   10.106794   clock reconvergence pessimism
                                 -0.102962   10.003834   library setup time
                                             10.003834   data required time
---------------------------------------------------------------------------------------------
                                             10.003834   data required time
                                             -3.481056   data arrival time
---------------------------------------------------------------------------------------------
                                              6.522778   slack (MET)


Startpoint: _1271_ (rising edge-triggered flip-flop clocked by aclk)
Endpoint: _1286_ (rising edge-triggered flip-flop clocked by aclk)
Path Group: aclk
Path Type: max

Fanout         Cap        Slew       Delay        Time   Description
---------------------------------------------------------------------------------------------
                                  0.000000    0.000000   clock aclk (rise edge)
                                  0.000000    0.000000   clock source latency
     1    0.015885    0.077393    0.053115    0.053115 ^ aclk (in)
                                                         aclk (net)
                      0.077407    0.000000    0.053115 ^ clkbuf_0_aclk/A (sky130_fd_sc_hd__clkbuf_16)
     4    0.039251    0.059047    0.152784    0.205898 ^ clkbuf_0_aclk/X (sky130_fd_sc_hd__clkbuf_16)
                                                         clknet_0_aclk (net)
                      0.059081    0.001250    0.207149 ^ clkbuf_2_2__f_aclk/A (sky130_fd_sc_hd__clkbuf_16)
    14    0.040750    0.060360    0.147111    0.354259 ^ clkbuf_2_2__f_aclk/X (sky130_fd_sc_hd__clkbuf_16)
                                                         clknet_2_2__leaf_aclk (net)
                      0.060401    0.001388    0.355648 ^ _1271_/CLK (sky130_fd_sc_hd__dfxtp_1)
     4    0.014765    0.076351    0.342358    0.698006 v _1271_/Q (sky130_fd_sc_hd__dfxtp_1)
                                                         net32 (net)
                      0.076351    0.000365    0.698371 v _0643_/B (sky130_fd_sc_hd__xor2_1)
     2    0.009044    0.089129    0.174728    0.873098 v _0643_/X (sky130_fd_sc_hd__xor2_1)
                                                         _0059_ (net)
                      0.089129    0.000310    0.873408 v _0649_/A3 (sky130_fd_sc_hd__a31o_1)
     3    0.009559    0.065828    0.261994    1.135402 v _0649_/X (sky130_fd_sc_hd__a31o_1)
                                                         _0064_ (net)
                      0.065829    0.000324    1.135726 v _0656_/A2 (sky130_fd_sc_hd__a21bo_1)
     3    0.008304    0.058783    0.219068    1.354793 v _0656_/X (sky130_fd_sc_hd__a21bo_1)
                                                         _0070_ (net)
                      0.058783    0.000189    1.354982 v _0664_/A2 (sky130_fd_sc_hd__a21bo_1)
     3    0.012088    0.072626    0.231688    1.586670 v _0664_/X (sky130_fd_sc_hd__a21bo_1)
                                                         _0077_ (net)
                      0.072627    0.000370    1.587039 v _0678_/B2 (sky130_fd_sc_hd__a221o_1)
     2    0.005614    0.066013    0.341784    1.928823 v _0678_/X (sky130_fd_sc_hd__a221o_1)
                                                         _0089_ (net)
                      0.066013    0.000174    1.928997 v _0686_/A3 (sky130_fd_sc_hd__a31o_1)
     2    0.009850    0.066920    0.253426    2.182423 v _0686_/X (sky130_fd_sc_hd__a31o_1)
                                                         _0096_ (net)
                      0.066921    0.000378    2.182801 v _0690_/A2 (sky130_fd_sc_hd__a21bo_1)
     4    0.015378    0.086068    0.246934    2.429735 v _0690_/X (sky130_fd_sc_hd__a21bo_1)
                                                         _0099_ (net)
                      0.086070    0.000545    2.430280 v _0725_/A1 (sky130_fd_sc_hd__a21oi_1)
     2    0.007808    0.196610    0.204633    2.634913 ^ _0725_/Y (sky130_fd_sc_hd__a21oi_1)
                                                         _0130_ (net)
                      0.196611    0.000374    2.635288 ^ _0758_/A1 (sky130_fd_sc_hd__o31a_1)
     3    0.010118    0.116408    0.216397    2.851685 ^ _0758_/X (sky130_fd_sc_hd__o31a_1)
                                                         _0159_ (net)
                      0.116408    0.000227    2.851912 ^ _0759_/B (sky130_fd_sc_hd__nand2_1)
     3    0.007997    0.071385    0.096347    2.948259 v _0759_/Y (sky130_fd_sc_hd__nand2_1)
                                                         _0160_ (net)
                      0.071385    0.000127    2.948385 v _0764_/A (sky130_fd_sc_hd__or2_1)
     1    0.004132    0.054514    0.238741    3.187126 v _0764_/X (sky130_fd_sc_hd__or2_1)
                                                         _0165_ (net)
                      0.054514    0.000155    3.187282 v _0765_/A2 (sky130_fd_sc_hd__a21o_1)
     1    0.002705    0.032580    0.173952    3.361234 v _0765_/X (sky130_fd_sc_hd__a21o_1)
                                                         _0166_ (net)
                      0.032580    0.000058    3.361292 v _0766_/B1 (sky130_fd_sc_hd__o211a_1)
     1    0.003102    0.039997    0.115525    3.476817 v _0766_/X (sky130_fd_sc_hd__o211a_1)
                                                         _0016_ (net)
                      0.039997    0.000079    3.476897 v _1286_/D (sky130_fd_sc_hd__dfxtp_1)
                                              3.476897   data arrival time

                                 10.000000   10.000000   clock aclk (rise edge)
                                  0.000000   10.000000   clock source latency
     1    0.015885    0.077393    0.053115   10.053115 ^ aclk (in)
                                                         aclk (net)
                      0.077407    0.000000   10.053115 ^ clkbuf_0_aclk/A (sky130_fd_sc_hd__clkbuf_16)
     4    0.039251    0.059047    0.152784   10.205898 ^ clkbuf_0_aclk/X (sky130_fd_sc_hd__clkbuf_16)
                                                         clknet_0_aclk (net)
                      0.059099    0.001497   10.207396 ^ clkbuf_2_0__f_aclk/A (sky130_fd_sc_hd__clkbuf_16)
    14    0.041031    0.060606    0.147314   10.354710 ^ clkbuf_2_0__f_aclk/X (sky130_fd_sc_hd__clkbuf_16)
                                                         clknet_2_0__leaf_aclk (net)
                      0.060616    0.000891   10.355600 ^ _1286_/CLK (sky130_fd_sc_hd__dfxtp_1)
                                 -0.250000   10.105600   clock uncertainty
                                  0.000000   10.105600   clock reconvergence pessimism
                                 -0.104687   10.000914   library setup time
                                             10.000914   data required time
---------------------------------------------------------------------------------------------
                                             10.000914   data required time
                                             -3.476897   data arrival time
---------------------------------------------------------------------------------------------
                                              6.524017   slack (MET)


Startpoint: _1271_ (rising edge-triggered flip-flop clocked by aclk)
Endpoint: _1287_ (rising edge-triggered flip-flop clocked by aclk)
Path Group: aclk
Path Type: max

Fanout         Cap        Slew       Delay        Time   Description
---------------------------------------------------------------------------------------------
                                  0.000000    0.000000   clock aclk (rise edge)
                                  0.000000    0.000000   clock source latency
     1    0.015885    0.077393    0.053115    0.053115 ^ aclk (in)
                                                         aclk (net)
                      0.077407    0.000000    0.053115 ^ clkbuf_0_aclk/A (sky130_fd_sc_hd__clkbuf_16)
     4    0.039251    0.059047    0.152784    0.205898 ^ clkbuf_0_aclk/X (sky130_fd_sc_hd__clkbuf_16)
                                                         clknet_0_aclk (net)
                      0.059081    0.001250    0.207149 ^ clkbuf_2_2__f_aclk/A (sky130_fd_sc_hd__clkbuf_16)
    14    0.040750    0.060360    0.147111    0.354259 ^ clkbuf_2_2__f_aclk/X (sky130_fd_sc_hd__clkbuf_16)
                                                         clknet_2_2__leaf_aclk (net)
                      0.060401    0.001388    0.355648 ^ _1271_/CLK (sky130_fd_sc_hd__dfxtp_1)
     4    0.014765    0.076351    0.342358    0.698006 v _1271_/Q (sky130_fd_sc_hd__dfxtp_1)
                                                         net32 (net)
                      0.076351    0.000365    0.698371 v _0643_/B (sky130_fd_sc_hd__xor2_1)
     2    0.009044    0.089129    0.174728    0.873098 v _0643_/X (sky130_fd_sc_hd__xor2_1)
                                                         _0059_ (net)
                      0.089129    0.000310    0.873408 v _0649_/A3 (sky130_fd_sc_hd__a31o_1)
     3    0.009559    0.065828    0.261994    1.135402 v _0649_/X (sky130_fd_sc_hd__a31o_1)
                                                         _0064_ (net)
                      0.065829    0.000324    1.135726 v _0656_/A2 (sky130_fd_sc_hd__a21bo_1)
     3    0.008304    0.058783    0.219068    1.354793 v _0656_/X (sky130_fd_sc_hd__a21bo_1)
                                                         _0070_ (net)
                      0.058783    0.000189    1.354982 v _0664_/A2 (sky130_fd_sc_hd__a21bo_1)
     3    0.012088    0.072626    0.231688    1.586670 v _0664_/X (sky130_fd_sc_hd__a21bo_1)
                                                         _0077_ (net)
                      0.072627    0.000370    1.587039 v _0678_/B2 (sky130_fd_sc_hd__a221o_1)
     2    0.005614    0.066013    0.341784    1.928823 v _0678_/X (sky130_fd_sc_hd__a221o_1)
                                                         _0089_ (net)
                      0.066013    0.000174    1.928997 v _0686_/A3 (sky130_fd_sc_hd__a31o_1)
     2    0.009850    0.066920    0.253426    2.182423 v _0686_/X (sky130_fd_sc_hd__a31o_1)
                                                         _0096_ (net)
                      0.066921    0.000378    2.182801 v _0690_/A2 (sky130_fd_sc_hd__a21bo_1)
     4    0.015378    0.086068    0.246934    2.429735 v _0690_/X (sky130_fd_sc_hd__a21bo_1)
                                                         _0099_ (net)
                      0.086070    0.000545    2.430280 v _0725_/A1 (sky130_fd_sc_hd__a21oi_1)
     2    0.007808    0.196610    0.204633    2.634913 ^ _0725_/Y (sky130_fd_sc_hd__a21oi_1)
                                                         _0130_ (net)
                      0.196611    0.000374    2.635288 ^ _0758_/A1 (sky130_fd_sc_hd__o31a_1)
     3    0.010118    0.116408    0.216397    2.851685 ^ _0758_/X (sky130_fd_sc_hd__o31a_1)
                                                         _0159_ (net)
                      0.116408    0.000227    2.851912 ^ _0759_/B (sky130_fd_sc_hd__nand2_1)
     3    0.007997    0.071385    0.096347    2.948259 v _0759_/Y (sky130_fd_sc_hd__nand2_1)
                                                         _0160_ (net)
                      0.071385    0.000180    2.948439 v _0768_/A1 (sky130_fd_sc_hd__a21o_1)
     1    0.005320    0.043672    0.172884    3.121323 v _0768_/X (sky130_fd_sc_hd__a21o_1)
                                                         _0168_ (net)
                      0.043672    0.000191    3.121514 v _0769_/B (sky130_fd_sc_hd__xor2_1)
     1    0.003530    0.063520    0.138797    3.260310 v _0769_/X (sky130_fd_sc_hd__xor2_1)
                                                         _0169_ (net)
                      0.063520    0.000122    3.260432 v _0771_/A2 (sky130_fd_sc_hd__o211a_1)
     1    0.002603    0.037416    0.204062    3.464494 v _0771_/X (sky130_fd_sc_hd__o211a_1)
                                                         _0017_ (net)
                      0.037416    0.000060    3.464553 v _1287_/D (sky130_fd_sc_hd__dfxtp_1)
                                              3.464553   data arrival time

                                 10.000000   10.000000   clock aclk (rise edge)
                                  0.000000   10.000000   clock source latency
     1    0.015885    0.077393    0.053115   10.053115 ^ aclk (in)
                                                         aclk (net)
                      0.077407    0.000000   10.053115 ^ clkbuf_0_aclk/A (sky130_fd_sc_hd__clkbuf_16)
     4    0.039251    0.059047    0.152784   10.205898 ^ clkbuf_0_aclk/X (sky130_fd_sc_hd__clkbuf_16)
                                                         clknet_0_aclk (net)
                      0.059104    0.001559   10.207458 ^ clkbuf_2_1__f_aclk/A (sky130_fd_sc_hd__clkbuf_16)
    12    0.039172    0.058988    0.146160   10.353618 ^ clkbuf_2_1__f_aclk/X (sky130_fd_sc_hd__clkbuf_16)
                                                         clknet_2_1__leaf_aclk (net)
                      0.059001    0.000854   10.354471 ^ _1287_/CLK (sky130_fd_sc_hd__dfxtp_1)
                                 -0.250000   10.104471   clock uncertainty
                                  0.000000   10.104471   clock reconvergence pessimism
                                 -0.103932   10.000540   library setup time
                                             10.000540   data required time
---------------------------------------------------------------------------------------------
                                             10.000540   data required time
                                             -3.464553   data arrival time
---------------------------------------------------------------------------------------------
                                              6.535986   slack (MET)


Startpoint: _1271_ (rising edge-triggered flip-flop clocked by aclk)
Endpoint: _1289_ (rising edge-triggered flip-flop clocked by aclk)
Path Group: aclk
Path Type: max

Fanout         Cap        Slew       Delay        Time   Description
---------------------------------------------------------------------------------------------
                                  0.000000    0.000000   clock aclk (rise edge)
                                  0.000000    0.000000   clock source latency
     1    0.015885    0.077393    0.053115    0.053115 ^ aclk (in)
                                                         aclk (net)
                      0.077407    0.000000    0.053115 ^ clkbuf_0_aclk/A (sky130_fd_sc_hd__clkbuf_16)
     4    0.039251    0.059047    0.152784    0.205898 ^ clkbuf_0_aclk/X (sky130_fd_sc_hd__clkbuf_16)
                                                         clknet_0_aclk (net)
                      0.059081    0.001250    0.207149 ^ clkbuf_2_2__f_aclk/A (sky130_fd_sc_hd__clkbuf_16)
    14    0.040750    0.060360    0.147111    0.354259 ^ clkbuf_2_2__f_aclk/X (sky130_fd_sc_hd__clkbuf_16)
                                                         clknet_2_2__leaf_aclk (net)
                      0.060401    0.001388    0.355648 ^ _1271_/CLK (sky130_fd_sc_hd__dfxtp_1)
     4    0.014765    0.076351    0.342358    0.698006 v _1271_/Q (sky130_fd_sc_hd__dfxtp_1)
                                                         net32 (net)
                      0.076351    0.000365    0.698371 v _0643_/B (sky130_fd_sc_hd__xor2_1)
     2    0.009044    0.089129    0.174728    0.873098 v _0643_/X (sky130_fd_sc_hd__xor2_1)
                                                         _0059_ (net)
                      0.089129    0.000310    0.873408 v _0649_/A3 (sky130_fd_sc_hd__a31o_1)
     3    0.009559    0.065828    0.261994    1.135402 v _0649_/X (sky130_fd_sc_hd__a31o_1)
                                                         _0064_ (net)
                      0.065829    0.000324    1.135726 v _0656_/A2 (sky130_fd_sc_hd__a21bo_1)
     3    0.008304    0.058783    0.219068    1.354793 v _0656_/X (sky130_fd_sc_hd__a21bo_1)
                                                         _0070_ (net)
                      0.058783    0.000189    1.354982 v _0664_/A2 (sky130_fd_sc_hd__a21bo_1)
     3    0.012088    0.072626    0.231688    1.586670 v _0664_/X (sky130_fd_sc_hd__a21bo_1)
                                                         _0077_ (net)
                      0.072627    0.000370    1.587039 v _0678_/B2 (sky130_fd_sc_hd__a221o_1)
     2    0.005614    0.066013    0.341784    1.928823 v _0678_/X (sky130_fd_sc_hd__a221o_1)
                                                         _0089_ (net)
                      0.066013    0.000174    1.928997 v _0686_/A3 (sky130_fd_sc_hd__a31o_1)
     2    0.009850    0.066920    0.253426    2.182423 v _0686_/X (sky130_fd_sc_hd__a31o_1)
                                                         _0096_ (net)
                      0.066921    0.000378    2.182801 v _0690_/A2 (sky130_fd_sc_hd__a21bo_1)
     4    0.015378    0.086068    0.246934    2.429735 v _0690_/X (sky130_fd_sc_hd__a21bo_1)
                                                         _0099_ (net)
                      0.086070    0.000545    2.430280 v _0725_/A1 (sky130_fd_sc_hd__a21oi_1)
     2    0.007808    0.196610    0.204633    2.634913 ^ _0725_/Y (sky130_fd_sc_hd__a21oi_1)
                                                         _0130_ (net)
                      0.196611    0.000374    2.635288 ^ _0758_/A1 (sky130_fd_sc_hd__o31a_1)
     3    0.010118    0.116408    0.216397    2.851685 ^ _0758_/X (sky130_fd_sc_hd__o31a_1)
                                                         _0159_ (net)
                      0.116408    0.000224    2.851909 ^ _0776_/A2 (sky130_fd_sc_hd__a21o_1)
     3    0.008747    0.084749    0.161168    3.013077 ^ _0776_/X (sky130_fd_sc_hd__a21o_1)
                                                         _0175_ (net)
                      0.084749    0.000200    3.013276 ^ _0778_/A1 (sky130_fd_sc_hd__a21o_1)
     3    0.007754    0.077159    0.141945    3.155221 ^ _0778_/X (sky130_fd_sc_hd__a21o_1)
                                                         _0177_ (net)
                      0.077159    0.000110    3.155331 ^ _0784_/A2 (sky130_fd_sc_hd__a21oi_1)
     1    0.002851    0.061837    0.068131    3.223462 v _0784_/Y (sky130_fd_sc_hd__a21oi_1)
                                                         _0182_ (net)
                      0.061837    0.000065    3.223527 v _0786_/B1 (sky130_fd_sc_hd__o221a_1)
     1    0.002341    0.042410    0.220569    3.444096 v _0786_/X (sky130_fd_sc_hd__o221a_1)
                                                         _0019_ (net)
                      0.042410    0.000051    3.444147 v _1289_/D (sky130_fd_sc_hd__dfxtp_1)
                                              3.444147   data arrival time

                                 10.000000   10.000000   clock aclk (rise edge)
                                  0.000000   10.000000   clock source latency
     1    0.015885    0.077393    0.053115   10.053115 ^ aclk (in)
                                                         aclk (net)
                      0.077407    0.000000   10.053115 ^ clkbuf_0_aclk/A (sky130_fd_sc_hd__clkbuf_16)
     4    0.039251    0.059047    0.152784   10.205898 ^ clkbuf_0_aclk/X (sky130_fd_sc_hd__clkbuf_16)
                                                         clknet_0_aclk (net)
                      0.059104    0.001559   10.207458 ^ clkbuf_2_1__f_aclk/A (sky130_fd_sc_hd__clkbuf_16)
    12    0.039172    0.058988    0.146160   10.353618 ^ clkbuf_2_1__f_aclk/X (sky130_fd_sc_hd__clkbuf_16)
                                                         clknet_2_1__leaf_aclk (net)
                      0.059004    0.000910   10.354528 ^ _1289_/CLK (sky130_fd_sc_hd__dfxtp_1)
                                 -0.250000   10.104528   clock uncertainty
                                  0.000000   10.104528   clock reconvergence pessimism
                                 -0.106123    9.998405   library setup time
                                              9.998405   data required time
---------------------------------------------------------------------------------------------
                                              9.998405   data required time
                                             -3.444147   data arrival time
---------------------------------------------------------------------------------------------
                                              6.554258   slack (MET)


Startpoint: _1271_ (rising edge-triggered flip-flop clocked by aclk)
Endpoint: _1288_ (rising edge-triggered flip-flop clocked by aclk)
Path Group: aclk
Path Type: max

Fanout         Cap        Slew       Delay        Time   Description
---------------------------------------------------------------------------------------------
                                  0.000000    0.000000   clock aclk (rise edge)
                                  0.000000    0.000000   clock source latency
     1    0.015885    0.077393    0.053115    0.053115 ^ aclk (in)
                                                         aclk (net)
                      0.077407    0.000000    0.053115 ^ clkbuf_0_aclk/A (sky130_fd_sc_hd__clkbuf_16)
     4    0.039251    0.059047    0.152784    0.205898 ^ clkbuf_0_aclk/X (sky130_fd_sc_hd__clkbuf_16)
                                                         clknet_0_aclk (net)
                      0.059081    0.001250    0.207149 ^ clkbuf_2_2__f_aclk/A (sky130_fd_sc_hd__clkbuf_16)
    14    0.040750    0.060360    0.147111    0.354259 ^ clkbuf_2_2__f_aclk/X (sky130_fd_sc_hd__clkbuf_16)
                                                         clknet_2_2__leaf_aclk (net)
                      0.060401    0.001388    0.355648 ^ _1271_/CLK (sky130_fd_sc_hd__dfxtp_1)
     4    0.014765    0.076351    0.342358    0.698006 v _1271_/Q (sky130_fd_sc_hd__dfxtp_1)
                                                         net32 (net)
                      0.076351    0.000365    0.698371 v _0643_/B (sky130_fd_sc_hd__xor2_1)
     2    0.009044    0.089129    0.174728    0.873098 v _0643_/X (sky130_fd_sc_hd__xor2_1)
                                                         _0059_ (net)
                      0.089129    0.000310    0.873408 v _0649_/A3 (sky130_fd_sc_hd__a31o_1)
     3    0.009559    0.065828    0.261994    1.135402 v _0649_/X (sky130_fd_sc_hd__a31o_1)
                                                         _0064_ (net)
                      0.065829    0.000324    1.135726 v _0656_/A2 (sky130_fd_sc_hd__a21bo_1)
     3    0.008304    0.058783    0.219068    1.354793 v _0656_/X (sky130_fd_sc_hd__a21bo_1)
                                                         _0070_ (net)
                      0.058783    0.000189    1.354982 v _0664_/A2 (sky130_fd_sc_hd__a21bo_1)
     3    0.012088    0.072626    0.231688    1.586670 v _0664_/X (sky130_fd_sc_hd__a21bo_1)
                                                         _0077_ (net)
                      0.072627    0.000370    1.587039 v _0678_/B2 (sky130_fd_sc_hd__a221o_1)
     2    0.005614    0.066013    0.341784    1.928823 v _0678_/X (sky130_fd_sc_hd__a221o_1)
                                                         _0089_ (net)
                      0.066013    0.000174    1.928997 v _0686_/A3 (sky130_fd_sc_hd__a31o_1)
     2    0.009850    0.066920    0.253426    2.182423 v _0686_/X (sky130_fd_sc_hd__a31o_1)
                                                         _0096_ (net)
                      0.066921    0.000378    2.182801 v _0690_/A2 (sky130_fd_sc_hd__a21bo_1)
     4    0.015378    0.086068    0.246934    2.429735 v _0690_/X (sky130_fd_sc_hd__a21bo_1)
                                                         _0099_ (net)
                      0.086070    0.000545    2.430280 v _0725_/A1 (sky130_fd_sc_hd__a21oi_1)
     2    0.007808    0.196610    0.204633    2.634913 ^ _0725_/Y (sky130_fd_sc_hd__a21oi_1)
                                                         _0130_ (net)
                      0.196611    0.000374    2.635288 ^ _0758_/A1 (sky130_fd_sc_hd__o31a_1)
     3    0.010118    0.116408    0.216397    2.851685 ^ _0758_/X (sky130_fd_sc_hd__o31a_1)
                                                         _0159_ (net)
                      0.116408    0.000224    2.851909 ^ _0776_/A2 (sky130_fd_sc_hd__a21o_1)
     3    0.008747    0.084749    0.161168    3.013077 ^ _0776_/X (sky130_fd_sc_hd__a21o_1)
                                                         _0175_ (net)
                      0.084749    0.000196    3.013272 ^ _0779_/B (sky130_fd_sc_hd__nand3_1)
     1    0.002491    0.057355    0.075231    3.088503 v _0779_/Y (sky130_fd_sc_hd__nand3_1)
                                                         _0178_ (net)
                      0.057355    0.000076    3.088579 v _0780_/B (sky130_fd_sc_hd__and2_1)
     1    0.003351    0.037595    0.158712    3.247291 v _0780_/X (sky130_fd_sc_hd__and2_1)
                                                         _0179_ (net)
                      0.037595    0.000086    3.247377 v _0782_/A2 (sky130_fd_sc_hd__o211a_1)
     1    0.002066    0.034990    0.190524    3.437901 v _0782_/X (sky130_fd_sc_hd__o211a_1)
                                                         _0018_ (net)
                      0.034990    0.000042    3.437943 v _1288_/D (sky130_fd_sc_hd__dfxtp_1)
                                              3.437943   data arrival time

                                 10.000000   10.000000   clock aclk (rise edge)
                                  0.000000   10.000000   clock source latency
     1    0.015885    0.077393    0.053115   10.053115 ^ aclk (in)
                                                         aclk (net)
                      0.077407    0.000000   10.053115 ^ clkbuf_0_aclk/A (sky130_fd_sc_hd__clkbuf_16)
     4    0.039251    0.059047    0.152784   10.205898 ^ clkbuf_0_aclk/X (sky130_fd_sc_hd__clkbuf_16)
                                                         clknet_0_aclk (net)
                      0.059104    0.001559   10.207458 ^ clkbuf_2_1__f_aclk/A (sky130_fd_sc_hd__clkbuf_16)
    12    0.039172    0.058988    0.146160   10.353618 ^ clkbuf_2_1__f_aclk/X (sky130_fd_sc_hd__clkbuf_16)
                                                         clknet_2_1__leaf_aclk (net)
                      0.059011    0.001043   10.354661 ^ _1288_/CLK (sky130_fd_sc_hd__dfxtp_1)
                                 -0.250000   10.104660   clock uncertainty
                                  0.000000   10.104660   clock reconvergence pessimism
                                 -0.102866   10.001795   library setup time
                                             10.001795   data required time
---------------------------------------------------------------------------------------------
                                             10.001795   data required time
                                             -3.437943   data arrival time
---------------------------------------------------------------------------------------------
                                              6.563852   slack (MET)


Startpoint: _1271_ (rising edge-triggered flip-flop clocked by aclk)
Endpoint: _1284_ (rising edge-triggered flip-flop clocked by aclk)
Path Group: aclk
Path Type: max

Fanout         Cap        Slew       Delay        Time   Description
---------------------------------------------------------------------------------------------
                                  0.000000    0.000000   clock aclk (rise edge)
                                  0.000000    0.000000   clock source latency
     1    0.015885    0.077393    0.053115    0.053115 ^ aclk (in)
                                                         aclk (net)
                      0.077407    0.000000    0.053115 ^ clkbuf_0_aclk/A (sky130_fd_sc_hd__clkbuf_16)
     4    0.039251    0.059047    0.152784    0.205898 ^ clkbuf_0_aclk/X (sky130_fd_sc_hd__clkbuf_16)
                                                         clknet_0_aclk (net)
                      0.059081    0.001250    0.207149 ^ clkbuf_2_2__f_aclk/A (sky130_fd_sc_hd__clkbuf_16)
    14    0.040750    0.060360    0.147111    0.354259 ^ clkbuf_2_2__f_aclk/X (sky130_fd_sc_hd__clkbuf_16)
                                                         clknet_2_2__leaf_aclk (net)
                      0.060401    0.001388    0.355648 ^ _1271_/CLK (sky130_fd_sc_hd__dfxtp_1)
     4    0.014765    0.076351    0.342358    0.698006 v _1271_/Q (sky130_fd_sc_hd__dfxtp_1)
                                                         net32 (net)
                      0.076351    0.000365    0.698371 v _0643_/B (sky130_fd_sc_hd__xor2_1)
     2    0.009044    0.089129    0.174728    0.873098 v _0643_/X (sky130_fd_sc_hd__xor2_1)
                                                         _0059_ (net)
                      0.089129    0.000310    0.873408 v _0649_/A3 (sky130_fd_sc_hd__a31o_1)
     3    0.009559    0.065828    0.261994    1.135402 v _0649_/X (sky130_fd_sc_hd__a31o_1)
                                                         _0064_ (net)
                      0.065829    0.000324    1.135726 v _0656_/A2 (sky130_fd_sc_hd__a21bo_1)
     3    0.008304    0.058783    0.219068    1.354793 v _0656_/X (sky130_fd_sc_hd__a21bo_1)
                                                         _0070_ (net)
                      0.058783    0.000189    1.354982 v _0664_/A2 (sky130_fd_sc_hd__a21bo_1)
     3    0.012088    0.072626    0.231688    1.586670 v _0664_/X (sky130_fd_sc_hd__a21bo_1)
                                                         _0077_ (net)
                      0.072627    0.000370    1.587039 v _0678_/B2 (sky130_fd_sc_hd__a221o_1)
     2    0.005614    0.066013    0.341784    1.928823 v _0678_/X (sky130_fd_sc_hd__a221o_1)
                                                         _0089_ (net)
                      0.066013    0.000174    1.928997 v _0686_/A3 (sky130_fd_sc_hd__a31o_1)
     2    0.009850    0.066920    0.253426    2.182423 v _0686_/X (sky130_fd_sc_hd__a31o_1)
                                                         _0096_ (net)
                      0.066921    0.000378    2.182801 v _0690_/A2 (sky130_fd_sc_hd__a21bo_1)
     4    0.015378    0.086068    0.246934    2.429735 v _0690_/X (sky130_fd_sc_hd__a21bo_1)
                                                         _0099_ (net)
                      0.086070    0.000545    2.430280 v _0725_/A1 (sky130_fd_sc_hd__a21oi_1)
     2    0.007808    0.196610    0.204633    2.634913 ^ _0725_/Y (sky130_fd_sc_hd__a21oi_1)
                                                         _0130_ (net)
                      0.196611    0.000361    2.635274 ^ _0727_/A (sky130_fd_sc_hd__or2_1)
     4    0.011347    0.114655    0.186765    2.822040 ^ _0727_/X (sky130_fd_sc_hd__or2_1)
                                                         _0132_ (net)
                      0.114655    0.000339    2.822379 ^ _0743_/A1 (sky130_fd_sc_hd__o21ai_1)
     2    0.009530    0.099517    0.121597    2.943975 v _0743_/Y (sky130_fd_sc_hd__o21ai_1)
                                                         _0146_ (net)
                      0.099517    0.000385    2.944360 v _0744_/B (sky130_fd_sc_hd__xnor2_1)
     1    0.004241    0.061349    0.149100    3.093460 v _0744_/Y (sky130_fd_sc_hd__xnor2_1)
                                                         _0147_ (net)
                      0.061349    0.000158    3.093618 v _0746_/A2 (sky130_fd_sc_hd__o211a_1)
     1    0.002926    0.039041    0.205486    3.299104 v _0746_/X (sky130_fd_sc_hd__o211a_1)
                                                         _0014_ (net)
                      0.039041    0.000071    3.299176 v _1284_/D (sky130_fd_sc_hd__dfxtp_1)
                                              3.299176   data arrival time

                                 10.000000   10.000000   clock aclk (rise edge)
                                  0.000000   10.000000   clock source latency
     1    0.015885    0.077393    0.053115   10.053115 ^ aclk (in)
                                                         aclk (net)
                      0.077407    0.000000   10.053115 ^ clkbuf_0_aclk/A (sky130_fd_sc_hd__clkbuf_16)
     4    0.039251    0.059047    0.152784   10.205898 ^ clkbuf_0_aclk/X (sky130_fd_sc_hd__clkbuf_16)
                                                         clknet_0_aclk (net)
                      0.059104    0.001559   10.207458 ^ clkbuf_2_1__f_aclk/A (sky130_fd_sc_hd__clkbuf_16)
    12    0.039172    0.058988    0.146160   10.353618 ^ clkbuf_2_1__f_aclk/X (sky130_fd_sc_hd__clkbuf_16)
                                                         clknet_2_1__leaf_aclk (net)
                      0.059036    0.001439   10.355057 ^ _1284_/CLK (sky130_fd_sc_hd__dfxtp_1)
                                 -0.250000   10.105057   clock uncertainty
                                  0.000000   10.105057   clock reconvergence pessimism
                                 -0.104637   10.000420   library setup time
                                             10.000420   data required time
---------------------------------------------------------------------------------------------
                                             10.000420   data required time
                                             -3.299176   data arrival time
---------------------------------------------------------------------------------------------
                                              6.701243   slack (MET)


Startpoint: _1291_ (rising edge-triggered flip-flop clocked by aclk)
Endpoint: m_axis_tdata[21] (output port clocked by aclk)
Path Group: aclk
Path Type: max

Fanout         Cap        Slew       Delay        Time   Description
---------------------------------------------------------------------------------------------
                                  0.000000    0.000000   clock aclk (rise edge)
                                  0.000000    0.000000   clock source latency
     1    0.015885    0.077393    0.053115    0.053115 ^ aclk (in)
                                                         aclk (net)
                      0.077407    0.000000    0.053115 ^ clkbuf_0_aclk/A (sky130_fd_sc_hd__clkbuf_16)
     4    0.039251    0.059047    0.152784    0.205898 ^ clkbuf_0_aclk/X (sky130_fd_sc_hd__clkbuf_16)
                                                         clknet_0_aclk (net)
                      0.059104    0.001559    0.207457 ^ clkbuf_2_1__f_aclk/A (sky130_fd_sc_hd__clkbuf_16)
    12    0.039172    0.058988    0.146161    0.353618 ^ clkbuf_2_1__f_aclk/X (sky130_fd_sc_hd__clkbuf_16)
                                                         clknet_2_1__leaf_aclk (net)
                      0.059020    0.001200    0.354818 ^ _1291_/CLK (sky130_fd_sc_hd__dfxtp_1)
     5    0.022107    0.211822    0.429884    0.784702 ^ _1291_/Q (sky130_fd_sc_hd__dfxtp_1)
                                                         net34 (net)
                      0.211822    0.000299    0.785001 ^ output34/A (sky130_fd_sc_hd__buf_2)
     1    0.033973    0.169397    0.249657    1.034658 ^ output34/X (sky130_fd_sc_hd__buf_2)
                                                         m_axis_tdata[21] (net)
                      0.169399    0.000892    1.035550 ^ m_axis_tdata[21] (out)
                                              1.035550   data arrival time

                                 10.000000   10.000000   clock aclk (rise edge)
                                  0.000000   10.000000   clock network delay (propagated)
                                 -0.250000    9.750000   clock uncertainty
                                  0.000000    9.750000   clock reconvergence pessimism
                                 -2.000000    7.750000   output external delay
                                              7.750000   data required time
---------------------------------------------------------------------------------------------
                                              7.750000   data required time
                                             -1.035550   data arrival time
---------------------------------------------------------------------------------------------
                                              6.714449   slack (MET)


Startpoint: _1295_ (rising edge-triggered flip-flop clocked by aclk)
Endpoint: m_axis_tdata[25] (output port clocked by aclk)
Path Group: aclk
Path Type: max

Fanout         Cap        Slew       Delay        Time   Description
---------------------------------------------------------------------------------------------
                                  0.000000    0.000000   clock aclk (rise edge)
                                  0.000000    0.000000   clock source latency
     1    0.015885    0.077393    0.053115    0.053115 ^ aclk (in)
                                                         aclk (net)
                      0.077407    0.000000    0.053115 ^ clkbuf_0_aclk/A (sky130_fd_sc_hd__clkbuf_16)
     4    0.039251    0.059047    0.152784    0.205898 ^ clkbuf_0_aclk/X (sky130_fd_sc_hd__clkbuf_16)
                                                         clknet_0_aclk (net)
                      0.059084    0.001282    0.207181 ^ clkbuf_2_3__f_aclk/A (sky130_fd_sc_hd__clkbuf_16)
    14    0.042371    0.061866    0.148589    0.355770 ^ clkbuf_2_3__f_aclk/X (sky130_fd_sc_hd__clkbuf_16)
                                                         clknet_2_3__leaf_aclk (net)
                      0.061891    0.001104    0.356874 ^ _1295_/CLK (sky130_fd_sc_hd__dfxtp_1)
     5    0.020721    0.199345    0.422024    0.778898 ^ _1295_/Q (sky130_fd_sc_hd__dfxtp_1)
                                                         net38 (net)
                      0.199345    0.000582    0.779480 ^ output38/A (sky130_fd_sc_hd__buf_2)
     1    0.034082    0.169888    0.246626    1.026106 ^ output38/X (sky130_fd_sc_hd__buf_2)
                                                         m_axis_tdata[25] (net)
                      0.169890    0.000918    1.027024 ^ m_axis_tdata[25] (out)
                                              1.027024   data arrival time

                                 10.000000   10.000000   clock aclk (rise edge)
                                  0.000000   10.000000   clock network delay (propagated)
                                 -0.250000    9.750000   clock uncertainty
                                  0.000000    9.750000   clock reconvergence pessimism
                                 -2.000000    7.750000   output external delay
                                              7.750000   data required time
---------------------------------------------------------------------------------------------
                                              7.750000   data required time
                                             -1.027024   data arrival time
---------------------------------------------------------------------------------------------
                                              6.722976   slack (MET)


Startpoint: _1286_ (rising edge-triggered flip-flop clocked by aclk)
Endpoint: m_axis_tdata[16] (output port clocked by aclk)
Path Group: aclk
Path Type: max

Fanout         Cap        Slew       Delay        Time   Description
---------------------------------------------------------------------------------------------
                                  0.000000    0.000000   clock aclk (rise edge)
                                  0.000000    0.000000   clock source latency
     1    0.015885    0.077393    0.053115    0.053115 ^ aclk (in)
                                                         aclk (net)
                      0.077407    0.000000    0.053115 ^ clkbuf_0_aclk/A (sky130_fd_sc_hd__clkbuf_16)
     4    0.039251    0.059047    0.152784    0.205898 ^ clkbuf_0_aclk/X (sky130_fd_sc_hd__clkbuf_16)
                                                         clknet_0_aclk (net)
                      0.059099    0.001496    0.207395 ^ clkbuf_2_0__f_aclk/A (sky130_fd_sc_hd__clkbuf_16)
    14    0.041031    0.060606    0.147314    0.354709 ^ clkbuf_2_0__f_aclk/X (sky130_fd_sc_hd__clkbuf_16)
                                                         clknet_2_0__leaf_aclk (net)
                      0.060616    0.000891    0.355600 ^ _1286_/CLK (sky130_fd_sc_hd__dfxtp_1)
     6    0.019931    0.192190    0.416555    0.772155 ^ _1286_/Q (sky130_fd_sc_hd__dfxtp_1)
                                                         net28 (net)
                      0.192190    0.000543    0.772698 ^ output28/A (sky130_fd_sc_hd__buf_2)
     1    0.035014    0.174210    0.247728    1.020427 ^ output28/X (sky130_fd_sc_hd__buf_2)
                                                         m_axis_tdata[16] (net)
                      0.174213    0.000995    1.021422 ^ m_axis_tdata[16] (out)
                                              1.021422   data arrival time

                                 10.000000   10.000000   clock aclk (rise edge)
                                  0.000000   10.000000   clock network delay (propagated)
                                 -0.250000    9.750000   clock uncertainty
                                  0.000000    9.750000   clock reconvergence pessimism
                                 -2.000000    7.750000   output external delay
                                              7.750000   data required time
---------------------------------------------------------------------------------------------
                                              7.750000   data required time
                                             -1.021422   data arrival time
---------------------------------------------------------------------------------------------
                                              6.728578   slack (MET)


Startpoint: _1283_ (rising edge-triggered flip-flop clocked by aclk)
Endpoint: m_axis_tdata[13] (output port clocked by aclk)
Path Group: aclk
Path Type: max

Fanout         Cap        Slew       Delay        Time   Description
---------------------------------------------------------------------------------------------
                                  0.000000    0.000000   clock aclk (rise edge)
                                  0.000000    0.000000   clock source latency
     1    0.015885    0.077393    0.053115    0.053115 ^ aclk (in)
                                                         aclk (net)
                      0.077407    0.000000    0.053115 ^ clkbuf_0_aclk/A (sky130_fd_sc_hd__clkbuf_16)
     4    0.039251    0.059047    0.152784    0.205898 ^ clkbuf_0_aclk/X (sky130_fd_sc_hd__clkbuf_16)
                                                         clknet_0_aclk (net)
                      0.059099    0.001496    0.207395 ^ clkbuf_2_0__f_aclk/A (sky130_fd_sc_hd__clkbuf_16)
    14    0.041031    0.060606    0.147314    0.354709 ^ clkbuf_2_0__f_aclk/X (sky130_fd_sc_hd__clkbuf_16)
                                                         clknet_2_0__leaf_aclk (net)
                      0.060643    0.001343    0.356052 ^ _1283_/CLK (sky130_fd_sc_hd__dfxtp_1)
     5    0.018180    0.176432    0.405258    0.761311 ^ _1283_/Q (sky130_fd_sc_hd__dfxtp_1)
                                                         net25 (net)
                      0.176432    0.000501    0.761811 ^ output25/A (sky130_fd_sc_hd__buf_2)
     1    0.034636    0.172427    0.242253    1.004064 ^ output25/X (sky130_fd_sc_hd__buf_2)
                                                         m_axis_tdata[13] (net)
                      0.172430    0.000935    1.004999 ^ m_axis_tdata[13] (out)
                                              1.004999   data arrival time

                                 10.000000   10.000000   clock aclk (rise edge)
                                  0.000000   10.000000   clock network delay (propagated)
                                 -0.250000    9.750000   clock uncertainty
                                  0.000000    9.750000   clock reconvergence pessimism
                                 -2.000000    7.750000   output external delay
                                              7.750000   data required time
---------------------------------------------------------------------------------------------
                                              7.750000   data required time
                                             -1.004999   data arrival time
---------------------------------------------------------------------------------------------
                                              6.745001   slack (MET)


Startpoint: _1287_ (rising edge-triggered flip-flop clocked by aclk)
Endpoint: m_axis_tdata[17] (output port clocked by aclk)
Path Group: aclk
Path Type: max

Fanout         Cap        Slew       Delay        Time   Description
---------------------------------------------------------------------------------------------
                                  0.000000    0.000000   clock aclk (rise edge)
                                  0.000000    0.000000   clock source latency
     1    0.015885    0.077393    0.053115    0.053115 ^ aclk (in)
                                                         aclk (net)
                      0.077407    0.000000    0.053115 ^ clkbuf_0_aclk/A (sky130_fd_sc_hd__clkbuf_16)
     4    0.039251    0.059047    0.152784    0.205898 ^ clkbuf_0_aclk/X (sky130_fd_sc_hd__clkbuf_16)
                                                         clknet_0_aclk (net)
                      0.059104    0.001559    0.207457 ^ clkbuf_2_1__f_aclk/A (sky130_fd_sc_hd__clkbuf_16)
    12    0.039172    0.058988    0.146161    0.353618 ^ clkbuf_2_1__f_aclk/X (sky130_fd_sc_hd__clkbuf_16)
                                                         clknet_2_1__leaf_aclk (net)
                      0.059001    0.000854    0.354471 ^ _1287_/CLK (sky130_fd_sc_hd__dfxtp_1)
     5    0.018633    0.180493    0.407607    0.762078 ^ _1287_/Q (sky130_fd_sc_hd__dfxtp_1)
                                                         net29 (net)
                      0.180493    0.000288    0.762366 ^ output29/A (sky130_fd_sc_hd__buf_2)
     1    0.033970    0.169333    0.241177    1.003544 ^ output29/X (sky130_fd_sc_hd__buf_2)
                                                         m_axis_tdata[17] (net)
                      0.169335    0.000883    1.004427 ^ m_axis_tdata[17] (out)
                                              1.004427   data arrival time

                                 10.000000   10.000000   clock aclk (rise edge)
                                  0.000000   10.000000   clock network delay (propagated)
                                 -0.250000    9.750000   clock uncertainty
                                  0.000000    9.750000   clock reconvergence pessimism
                                 -2.000000    7.750000   output external delay
                                              7.750000   data required time
---------------------------------------------------------------------------------------------
                                              7.750000   data required time
                                             -1.004427   data arrival time
---------------------------------------------------------------------------------------------
                                              6.745573   slack (MET)


Startpoint: _1294_ (rising edge-triggered flip-flop clocked by aclk)
Endpoint: m_axis_tdata[24] (output port clocked by aclk)
Path Group: aclk
Path Type: max

Fanout         Cap        Slew       Delay        Time   Description
---------------------------------------------------------------------------------------------
                                  0.000000    0.000000   clock aclk (rise edge)
                                  0.000000    0.000000   clock source latency
     1    0.015885    0.077393    0.053115    0.053115 ^ aclk (in)
                                                         aclk (net)
                      0.077407    0.000000    0.053115 ^ clkbuf_0_aclk/A (sky130_fd_sc_hd__clkbuf_16)
     4    0.039251    0.059047    0.152784    0.205898 ^ clkbuf_0_aclk/X (sky130_fd_sc_hd__clkbuf_16)
                                                         clknet_0_aclk (net)
                      0.059104    0.001559    0.207457 ^ clkbuf_2_1__f_aclk/A (sky130_fd_sc_hd__clkbuf_16)
    12    0.039172    0.058988    0.146161    0.353618 ^ clkbuf_2_1__f_aclk/X (sky130_fd_sc_hd__clkbuf_16)
                                                         clknet_2_1__leaf_aclk (net)
                      0.059013    0.001077    0.354695 ^ _1294_/CLK (sky130_fd_sc_hd__dfxtp_1)
     6    0.018385    0.178270    0.405977    0.760672 ^ _1294_/Q (sky130_fd_sc_hd__dfxtp_1)
                                                         net37 (net)
                      0.178270    0.000498    0.761170 ^ output37/A (sky130_fd_sc_hd__buf_2)
     1    0.034064    0.169773    0.240869    1.002039 ^ output37/X (sky130_fd_sc_hd__buf_2)
                                                         m_axis_tdata[24] (net)
                      0.169775    0.000913    1.002952 ^ m_axis_tdata[24] (out)
                                              1.002952   data arrival time

                                 10.000000   10.000000   clock aclk (rise edge)
                                  0.000000   10.000000   clock network delay (propagated)
                                 -0.250000    9.750000   clock uncertainty
                                  0.000000    9.750000   clock reconvergence pessimism
                                 -2.000000    7.750000   output external delay
                                              7.750000   data required time
---------------------------------------------------------------------------------------------
                                              7.750000   data required time
                                             -1.002952   data arrival time
---------------------------------------------------------------------------------------------
                                              6.747048   slack (MET)


Startpoint: _1290_ (rising edge-triggered flip-flop clocked by aclk)
Endpoint: m_axis_tdata[20] (output port clocked by aclk)
Path Group: aclk
Path Type: max

Fanout         Cap        Slew       Delay        Time   Description
---------------------------------------------------------------------------------------------
                                  0.000000    0.000000   clock aclk (rise edge)
                                  0.000000    0.000000   clock source latency
     1    0.015885    0.077393    0.053115    0.053115 ^ aclk (in)
                                                         aclk (net)
                      0.077407    0.000000    0.053115 ^ clkbuf_0_aclk/A (sky130_fd_sc_hd__clkbuf_16)
     4    0.039251    0.059047    0.152784    0.205898 ^ clkbuf_0_aclk/X (sky130_fd_sc_hd__clkbuf_16)
                                                         clknet_0_aclk (net)
                      0.059104    0.001559    0.207457 ^ clkbuf_2_1__f_aclk/A (sky130_fd_sc_hd__clkbuf_16)
    12    0.039172    0.058988    0.146161    0.353618 ^ clkbuf_2_1__f_aclk/X (sky130_fd_sc_hd__clkbuf_16)
                                                         clknet_2_1__leaf_aclk (net)
                      0.059020    0.001200    0.354817 ^ _1290_/CLK (sky130_fd_sc_hd__dfxtp_1)
     6    0.017725    0.172306    0.401797    0.756614 ^ _1290_/Q (sky130_fd_sc_hd__dfxtp_1)
                                                         net33 (net)
                      0.172306    0.000257    0.756870 ^ output33/A (sky130_fd_sc_hd__buf_2)
     1    0.034776    0.173068    0.241626    0.998496 ^ output33/X (sky130_fd_sc_hd__buf_2)
                                                         m_axis_tdata[20] (net)
                      0.173070    0.000899    0.999395 ^ m_axis_tdata[20] (out)
                                              0.999395   data arrival time

                                 10.000000   10.000000   clock aclk (rise edge)
                                  0.000000   10.000000   clock network delay (propagated)
                                 -0.250000    9.750000   clock uncertainty
                                  0.000000    9.750000   clock reconvergence pessimism
                                 -2.000000    7.750000   output external delay
                                              7.750000   data required time
---------------------------------------------------------------------------------------------
                                              7.750000   data required time
                                             -0.999395   data arrival time
---------------------------------------------------------------------------------------------
                                              6.750605   slack (MET)


Startpoint: _1282_ (rising edge-triggered flip-flop clocked by aclk)
Endpoint: m_axis_tdata[12] (output port clocked by aclk)
Path Group: aclk
Path Type: max

Fanout         Cap        Slew       Delay        Time   Description
---------------------------------------------------------------------------------------------
                                  0.000000    0.000000   clock aclk (rise edge)
                                  0.000000    0.000000   clock source latency
     1    0.015885    0.077393    0.053115    0.053115 ^ aclk (in)
                                                         aclk (net)
                      0.077407    0.000000    0.053115 ^ clkbuf_0_aclk/A (sky130_fd_sc_hd__clkbuf_16)
     4    0.039251    0.059047    0.152784    0.205898 ^ clkbuf_0_aclk/X (sky130_fd_sc_hd__clkbuf_16)
                                                         clknet_0_aclk (net)
                      0.059099    0.001496    0.207395 ^ clkbuf_2_0__f_aclk/A (sky130_fd_sc_hd__clkbuf_16)
    14    0.041031    0.060606    0.147314    0.354709 ^ clkbuf_2_0__f_aclk/X (sky130_fd_sc_hd__clkbuf_16)
                                                         clknet_2_0__leaf_aclk (net)
                      0.060620    0.000958    0.355667 ^ _1282_/CLK (sky130_fd_sc_hd__dfxtp_1)
     5    0.016577    0.162022    0.394842    0.750509 ^ _1282_/Q (sky130_fd_sc_hd__dfxtp_1)
                                                         net24 (net)
                      0.162023    0.000804    0.751313 ^ output24/A (sky130_fd_sc_hd__buf_2)
     1    0.034710    0.172764    0.238584    0.989897 ^ output24/X (sky130_fd_sc_hd__buf_2)
                                                         m_axis_tdata[12] (net)
                      0.172767    0.000964    0.990861 ^ m_axis_tdata[12] (out)
                                              0.990861   data arrival time

                                 10.000000   10.000000   clock aclk (rise edge)
                                  0.000000   10.000000   clock network delay (propagated)
                                 -0.250000    9.750000   clock uncertainty
                                  0.000000    9.750000   clock reconvergence pessimism
                                 -2.000000    7.750000   output external delay
                                              7.750000   data required time
---------------------------------------------------------------------------------------------
                                              7.750000   data required time
                                             -0.990861   data arrival time
---------------------------------------------------------------------------------------------
                                              6.759139   slack (MET)


Startpoint: _1271_ (rising edge-triggered flip-flop clocked by aclk)
Endpoint: m_axis_tdata[1] (output port clocked by aclk)
Path Group: aclk
Path Type: max

Fanout         Cap        Slew       Delay        Time   Description
---------------------------------------------------------------------------------------------
                                  0.000000    0.000000   clock aclk (rise edge)
                                  0.000000    0.000000   clock source latency
     1    0.015885    0.077393    0.053115    0.053115 ^ aclk (in)
                                                         aclk (net)
                      0.077407    0.000000    0.053115 ^ clkbuf_0_aclk/A (sky130_fd_sc_hd__clkbuf_16)
     4    0.039251    0.059047    0.152784    0.205898 ^ clkbuf_0_aclk/X (sky130_fd_sc_hd__clkbuf_16)
                                                         clknet_0_aclk (net)
                      0.059081    0.001250    0.207149 ^ clkbuf_2_2__f_aclk/A (sky130_fd_sc_hd__clkbuf_16)
    14    0.040750    0.060360    0.147111    0.354259 ^ clkbuf_2_2__f_aclk/X (sky130_fd_sc_hd__clkbuf_16)
                                                         clknet_2_2__leaf_aclk (net)
                      0.060401    0.001388    0.355648 ^ _1271_/CLK (sky130_fd_sc_hd__dfxtp_1)
     4    0.015537    0.152602    0.388278    0.743926 ^ _1271_/Q (sky130_fd_sc_hd__dfxtp_1)
                                                         net32 (net)
                      0.152602    0.000371    0.744296 ^ output32/A (sky130_fd_sc_hd__buf_2)
     1    0.034566    0.172071    0.235599    0.979895 ^ output32/X (sky130_fd_sc_hd__buf_2)
                                                         m_axis_tdata[1] (net)
                      0.172073    0.000905    0.980800 ^ m_axis_tdata[1] (out)
                                              0.980800   data arrival time

                                 10.000000   10.000000   clock aclk (rise edge)
                                  0.000000   10.000000   clock network delay (propagated)
                                 -0.250000    9.750000   clock uncertainty
                                  0.000000    9.750000   clock reconvergence pessimism
                                 -2.000000    7.750000   output external delay
                                              7.750000   data required time
---------------------------------------------------------------------------------------------
                                              7.750000   data required time
                                             -0.980800   data arrival time
---------------------------------------------------------------------------------------------
                                              6.769200   slack (MET)


Startpoint: _1293_ (rising edge-triggered flip-flop clocked by aclk)
Endpoint: m_axis_tdata[23] (output port clocked by aclk)
Path Group: aclk
Path Type: max

Fanout         Cap        Slew       Delay        Time   Description
---------------------------------------------------------------------------------------------
                                  0.000000    0.000000   clock aclk (rise edge)
                                  0.000000    0.000000   clock source latency
     1    0.015885    0.077393    0.053115    0.053115 ^ aclk (in)
                                                         aclk (net)
                      0.077407    0.000000    0.053115 ^ clkbuf_0_aclk/A (sky130_fd_sc_hd__clkbuf_16)
     4    0.039251    0.059047    0.152784    0.205898 ^ clkbuf_0_aclk/X (sky130_fd_sc_hd__clkbuf_16)
                                                         clknet_0_aclk (net)
                      0.059104    0.001559    0.207457 ^ clkbuf_2_1__f_aclk/A (sky130_fd_sc_hd__clkbuf_16)
    12    0.039172    0.058988    0.146161    0.353618 ^ clkbuf_2_1__f_aclk/X (sky130_fd_sc_hd__clkbuf_16)
                                                         clknet_2_1__leaf_aclk (net)
                      0.059034    0.001406    0.355024 ^ _1293_/CLK (sky130_fd_sc_hd__dfxtp_1)
     4    0.014302    0.141484    0.379850    0.734874 ^ _1293_/Q (sky130_fd_sc_hd__dfxtp_1)
                                                         net36 (net)
                      0.141484    0.000309    0.735183 ^ output36/A (sky130_fd_sc_hd__buf_2)
     1    0.035390    0.175955    0.235113    0.970295 ^ output36/X (sky130_fd_sc_hd__buf_2)
                                                         m_axis_tdata[23] (net)
                      0.175960    0.001220    0.971515 ^ m_axis_tdata[23] (out)
                                              0.971515   data arrival time

                                 10.000000   10.000000   clock aclk (rise edge)
                                  0.000000   10.000000   clock network delay (propagated)
                                 -0.250000    9.750000   clock uncertainty
                                  0.000000    9.750000   clock reconvergence pessimism
                                 -2.000000    7.750000   output external delay
                                              7.750000   data required time
---------------------------------------------------------------------------------------------
                                              7.750000   data required time
                                             -0.971515   data arrival time
---------------------------------------------------------------------------------------------
                                              6.778485   slack (MET)


Startpoint: _1299_ (rising edge-triggered flip-flop clocked by aclk)
Endpoint: m_axis_tdata[29] (output port clocked by aclk)
Path Group: aclk
Path Type: max

Fanout         Cap        Slew       Delay        Time   Description
---------------------------------------------------------------------------------------------
                                  0.000000    0.000000   clock aclk (rise edge)
                                  0.000000    0.000000   clock source latency
     1    0.015885    0.077393    0.053115    0.053115 ^ aclk (in)
                                                         aclk (net)
                      0.077407    0.000000    0.053115 ^ clkbuf_0_aclk/A (sky130_fd_sc_hd__clkbuf_16)
     4    0.039251    0.059047    0.152784    0.205898 ^ clkbuf_0_aclk/X (sky130_fd_sc_hd__clkbuf_16)
                                                         clknet_0_aclk (net)
                      0.059084    0.001282    0.207181 ^ clkbuf_2_3__f_aclk/A (sky130_fd_sc_hd__clkbuf_16)
    14    0.042371    0.061866    0.148589    0.355770 ^ clkbuf_2_3__f_aclk/X (sky130_fd_sc_hd__clkbuf_16)
                                                         clknet_2_3__leaf_aclk (net)
                      0.061874    0.000687    0.356457 ^ _1299_/CLK (sky130_fd_sc_hd__dfxtp_1)
     4    0.014386    0.142242    0.381472    0.737929 ^ _1299_/Q (sky130_fd_sc_hd__dfxtp_1)
                                                         net42 (net)
                      0.142242    0.000331    0.738260 ^ output42/A (sky130_fd_sc_hd__buf_2)
     1    0.034235    0.170526    0.231655    0.969916 ^ output42/X (sky130_fd_sc_hd__buf_2)
                                                         m_axis_tdata[29] (net)
                      0.170528    0.000965    0.970881 ^ m_axis_tdata[29] (out)
                                              0.970881   data arrival time

                                 10.000000   10.000000   clock aclk (rise edge)
                                  0.000000   10.000000   clock network delay (propagated)
                                 -0.250000    9.750000   clock uncertainty
                                  0.000000    9.750000   clock reconvergence pessimism
                                 -2.000000    7.750000   output external delay
                                              7.750000   data required time
---------------------------------------------------------------------------------------------
                                              7.750000   data required time
                                             -0.970881   data arrival time
---------------------------------------------------------------------------------------------
                                              6.779119   slack (MET)


Startpoint: _1297_ (rising edge-triggered flip-flop clocked by aclk)
Endpoint: m_axis_tdata[27] (output port clocked by aclk)
Path Group: aclk
Path Type: max

Fanout         Cap        Slew       Delay        Time   Description
---------------------------------------------------------------------------------------------
                                  0.000000    0.000000   clock aclk (rise edge)
                                  0.000000    0.000000   clock source latency
     1    0.015885    0.077393    0.053115    0.053115 ^ aclk (in)
                                                         aclk (net)
                      0.077407    0.000000    0.053115 ^ clkbuf_0_aclk/A (sky130_fd_sc_hd__clkbuf_16)
     4    0.039251    0.059047    0.152784    0.205898 ^ clkbuf_0_aclk/X (sky130_fd_sc_hd__clkbuf_16)
                                                         clknet_0_aclk (net)
                      0.059084    0.001282    0.207181 ^ clkbuf_2_3__f_aclk/A (sky130_fd_sc_hd__clkbuf_16)
    14    0.042371    0.061866    0.148589    0.355770 ^ clkbuf_2_3__f_aclk/X (sky130_fd_sc_hd__clkbuf_16)
                                                         clknet_2_3__leaf_aclk (net)
                      0.061885    0.000985    0.356755 ^ _1297_/CLK (sky130_fd_sc_hd__dfxtp_1)
     4    0.014323    0.141685    0.381031    0.737786 ^ _1297_/Q (sky130_fd_sc_hd__dfxtp_1)
                                                         net40 (net)
                      0.141685    0.000391    0.738177 ^ output40/A (sky130_fd_sc_hd__buf_2)
     1    0.034249    0.170588    0.231558    0.969735 ^ output40/X (sky130_fd_sc_hd__buf_2)
                                                         m_axis_tdata[27] (net)
                      0.170590    0.000954    0.970689 ^ m_axis_tdata[27] (out)
                                              0.970689   data arrival time

                                 10.000000   10.000000   clock aclk (rise edge)
                                  0.000000   10.000000   clock network delay (propagated)
                                 -0.250000    9.750000   clock uncertainty
                                  0.000000    9.750000   clock reconvergence pessimism
                                 -2.000000    7.750000   output external delay
                                              7.750000   data required time
---------------------------------------------------------------------------------------------
                                              7.750000   data required time
                                             -0.970689   data arrival time
---------------------------------------------------------------------------------------------
                                              6.779312   slack (MET)


Startpoint: _1281_ (rising edge-triggered flip-flop clocked by aclk)
Endpoint: m_axis_tdata[11] (output port clocked by aclk)
Path Group: aclk
Path Type: max

Fanout         Cap        Slew       Delay        Time   Description
---------------------------------------------------------------------------------------------
                                  0.000000    0.000000   clock aclk (rise edge)
                                  0.000000    0.000000   clock source latency
     1    0.015885    0.077393    0.053115    0.053115 ^ aclk (in)
                                                         aclk (net)
                      0.077407    0.000000    0.053115 ^ clkbuf_0_aclk/A (sky130_fd_sc_hd__clkbuf_16)
     4    0.039251    0.059047    0.152784    0.205898 ^ clkbuf_0_aclk/X (sky130_fd_sc_hd__clkbuf_16)
                                                         clknet_0_aclk (net)
                      0.059104    0.001559    0.207457 ^ clkbuf_2_1__f_aclk/A (sky130_fd_sc_hd__clkbuf_16)
    12    0.039172    0.058988    0.146161    0.353618 ^ clkbuf_2_1__f_aclk/X (sky130_fd_sc_hd__clkbuf_16)
                                                         clknet_2_1__leaf_aclk (net)
                      0.059002    0.000883    0.354500 ^ _1281_/CLK (sky130_fd_sc_hd__dfxtp_1)
     5    0.014410    0.142453    0.380564    0.735064 ^ _1281_/Q (sky130_fd_sc_hd__dfxtp_1)
                                                         net23 (net)
                      0.142453    0.000293    0.735357 ^ output23/A (sky130_fd_sc_hd__buf_2)
     1    0.034891    0.173582    0.233897    0.969254 ^ output23/X (sky130_fd_sc_hd__buf_2)
                                                         m_axis_tdata[11] (net)
                      0.173585    0.000954    0.970208 ^ m_axis_tdata[11] (out)
                                              0.970208   data arrival time

                                 10.000000   10.000000   clock aclk (rise edge)
                                  0.000000   10.000000   clock network delay (propagated)
                                 -0.250000    9.750000   clock uncertainty
                                  0.000000    9.750000   clock reconvergence pessimism
                                 -2.000000    7.750000   output external delay
                                              7.750000   data required time
---------------------------------------------------------------------------------------------
                                              7.750000   data required time
                                             -0.970208   data arrival time
---------------------------------------------------------------------------------------------
                                              6.779792   slack (MET)


Startpoint: _1289_ (rising edge-triggered flip-flop clocked by aclk)
Endpoint: m_axis_tdata[19] (output port clocked by aclk)
Path Group: aclk
Path Type: max

Fanout         Cap        Slew       Delay        Time   Description
---------------------------------------------------------------------------------------------
                                  0.000000    0.000000   clock aclk (rise edge)
                                  0.000000    0.000000   clock source latency
     1    0.015885    0.077393    0.053115    0.053115 ^ aclk (in)
                                                         aclk (net)
                      0.077407    0.000000    0.053115 ^ clkbuf_0_aclk/A (sky130_fd_sc_hd__clkbuf_16)
     4    0.039251    0.059047    0.152784    0.205898 ^ clkbuf_0_aclk/X (sky130_fd_sc_hd__clkbuf_16)
                                                         clknet_0_aclk (net)
                      0.059104    0.001559    0.207457 ^ clkbuf_2_1__f_aclk/A (sky130_fd_sc_hd__clkbuf_16)
    12    0.039172    0.058988    0.146161    0.353618 ^ clkbuf_2_1__f_aclk/X (sky130_fd_sc_hd__clkbuf_16)
                                                         clknet_2_1__leaf_aclk (net)
                      0.059004    0.000911    0.354528 ^ _1289_/CLK (sky130_fd_sc_hd__dfxtp_1)
     4    0.014384    0.142224    0.380345    0.734873 ^ _1289_/Q (sky130_fd_sc_hd__dfxtp_1)
                                                         net31 (net)
                      0.142224    0.000394    0.735267 ^ output31/A (sky130_fd_sc_hd__buf_2)
     1    0.034914    0.173692    0.233912    0.969179 ^ output31/X (sky130_fd_sc_hd__buf_2)
                                                         m_axis_tdata[19] (net)
                      0.173695    0.000956    0.970135 ^ m_axis_tdata[19] (out)
                                              0.970135   data arrival time

                                 10.000000   10.000000   clock aclk (rise edge)
                                  0.000000   10.000000   clock network delay (propagated)
                                 -0.250000    9.750000   clock uncertainty
                                  0.000000    9.750000   clock reconvergence pessimism
                                 -2.000000    7.750000   output external delay
                                              7.750000   data required time
---------------------------------------------------------------------------------------------
                                              7.750000   data required time
                                             -0.970135   data arrival time
---------------------------------------------------------------------------------------------
                                              6.779865   slack (MET)


Startpoint: _1298_ (rising edge-triggered flip-flop clocked by aclk)
Endpoint: m_axis_tdata[28] (output port clocked by aclk)
Path Group: aclk
Path Type: max

Fanout         Cap        Slew       Delay        Time   Description
---------------------------------------------------------------------------------------------
                                  0.000000    0.000000   clock aclk (rise edge)
                                  0.000000    0.000000   clock source latency
     1    0.015885    0.077393    0.053115    0.053115 ^ aclk (in)
                                                         aclk (net)
                      0.077407    0.000000    0.053115 ^ clkbuf_0_aclk/A (sky130_fd_sc_hd__clkbuf_16)
     4    0.039251    0.059047    0.152784    0.205898 ^ clkbuf_0_aclk/X (sky130_fd_sc_hd__clkbuf_16)
                                                         clknet_0_aclk (net)
                      0.059084    0.001282    0.207181 ^ clkbuf_2_3__f_aclk/A (sky130_fd_sc_hd__clkbuf_16)
    14    0.042371    0.061866    0.148589    0.355770 ^ clkbuf_2_3__f_aclk/X (sky130_fd_sc_hd__clkbuf_16)
                                                         clknet_2_3__leaf_aclk (net)
                      0.061873    0.000677    0.356447 ^ _1298_/CLK (sky130_fd_sc_hd__dfxtp_1)
     5    0.014116    0.139806    0.379757    0.736203 ^ _1298_/Q (sky130_fd_sc_hd__dfxtp_1)
                                                         net41 (net)
                      0.139806    0.000305    0.736509 ^ output41/A (sky130_fd_sc_hd__buf_2)
     1    0.034717    0.172762    0.232641    0.969150 ^ output41/X (sky130_fd_sc_hd__buf_2)
                                                         m_axis_tdata[28] (net)
                      0.172764    0.000902    0.970052 ^ m_axis_tdata[28] (out)
                                              0.970052   data arrival time

                                 10.000000   10.000000   clock aclk (rise edge)
                                  0.000000   10.000000   clock network delay (propagated)
                                 -0.250000    9.750000   clock uncertainty
                                  0.000000    9.750000   clock reconvergence pessimism
                                 -2.000000    7.750000   output external delay
                                              7.750000   data required time
---------------------------------------------------------------------------------------------
                                              7.750000   data required time
                                             -0.970052   data arrival time
---------------------------------------------------------------------------------------------
                                              6.779948   slack (MET)


Startpoint: _1292_ (rising edge-triggered flip-flop clocked by aclk)
Endpoint: m_axis_tdata[22] (output port clocked by aclk)
Path Group: aclk
Path Type: max

Fanout         Cap        Slew       Delay        Time   Description
---------------------------------------------------------------------------------------------
                                  0.000000    0.000000   clock aclk (rise edge)
                                  0.000000    0.000000   clock source latency
     1    0.015885    0.077393    0.053115    0.053115 ^ aclk (in)
                                                         aclk (net)
                      0.077407    0.000000    0.053115 ^ clkbuf_0_aclk/A (sky130_fd_sc_hd__clkbuf_16)
     4    0.039251    0.059047    0.152784    0.205898 ^ clkbuf_0_aclk/X (sky130_fd_sc_hd__clkbuf_16)
                                                         clknet_0_aclk (net)
                      0.059104    0.001559    0.207457 ^ clkbuf_2_1__f_aclk/A (sky130_fd_sc_hd__clkbuf_16)
    12    0.039172    0.058988    0.146161    0.353618 ^ clkbuf_2_1__f_aclk/X (sky130_fd_sc_hd__clkbuf_16)
                                                         clknet_2_1__leaf_aclk (net)
                      0.059028    0.001325    0.354943 ^ _1292_/CLK (sky130_fd_sc_hd__dfxtp_1)
     5    0.014228    0.140823    0.379354    0.734297 ^ _1292_/Q (sky130_fd_sc_hd__dfxtp_1)
                                                         net35 (net)
                      0.140823    0.000392    0.734688 ^ output35/A (sky130_fd_sc_hd__buf_2)
     1    0.034089    0.169842    0.230809    0.965497 ^ output35/X (sky130_fd_sc_hd__buf_2)
                                                         m_axis_tdata[22] (net)
                      0.169844    0.000937    0.966434 ^ m_axis_tdata[22] (out)
                                              0.966434   data arrival time

                                 10.000000   10.000000   clock aclk (rise edge)
                                  0.000000   10.000000   clock network delay (propagated)
                                 -0.250000    9.750000   clock uncertainty
                                  0.000000    9.750000   clock reconvergence pessimism
                                 -2.000000    7.750000   output external delay
                                              7.750000   data required time
---------------------------------------------------------------------------------------------
                                              7.750000   data required time
                                             -0.966434   data arrival time
---------------------------------------------------------------------------------------------
                                              6.783566   slack (MET)


Startpoint: _1271_ (rising edge-triggered flip-flop clocked by aclk)
Endpoint: _1283_ (rising edge-triggered flip-flop clocked by aclk)
Path Group: aclk
Path Type: max

Fanout         Cap        Slew       Delay        Time   Description
---------------------------------------------------------------------------------------------
                                  0.000000    0.000000   clock aclk (rise edge)
                                  0.000000    0.000000   clock source latency
     1    0.015885    0.077393    0.053115    0.053115 ^ aclk (in)
                                                         aclk (net)
                      0.077407    0.000000    0.053115 ^ clkbuf_0_aclk/A (sky130_fd_sc_hd__clkbuf_16)
     4    0.039251    0.059047    0.152784    0.205898 ^ clkbuf_0_aclk/X (sky130_fd_sc_hd__clkbuf_16)
                                                         clknet_0_aclk (net)
                      0.059081    0.001250    0.207149 ^ clkbuf_2_2__f_aclk/A (sky130_fd_sc_hd__clkbuf_16)
    14    0.040750    0.060360    0.147111    0.354259 ^ clkbuf_2_2__f_aclk/X (sky130_fd_sc_hd__clkbuf_16)
                                                         clknet_2_2__leaf_aclk (net)
                      0.060401    0.001388    0.355648 ^ _1271_/CLK (sky130_fd_sc_hd__dfxtp_1)
     4    0.014765    0.076351    0.342358    0.698006 v _1271_/Q (sky130_fd_sc_hd__dfxtp_1)
                                                         net32 (net)
                      0.076351    0.000365    0.698371 v _0643_/B (sky130_fd_sc_hd__xor2_1)
     2    0.009044    0.089129    0.174728    0.873098 v _0643_/X (sky130_fd_sc_hd__xor2_1)
                                                         _0059_ (net)
                      0.089129    0.000310    0.873408 v _0649_/A3 (sky130_fd_sc_hd__a31o_1)
     3    0.009559    0.065828    0.261994    1.135402 v _0649_/X (sky130_fd_sc_hd__a31o_1)
                                                         _0064_ (net)
                      0.065829    0.000324    1.135726 v _0656_/A2 (sky130_fd_sc_hd__a21bo_1)
     3    0.008304    0.058783    0.219068    1.354793 v _0656_/X (sky130_fd_sc_hd__a21bo_1)
                                                         _0070_ (net)
                      0.058783    0.000189    1.354982 v _0664_/A2 (sky130_fd_sc_hd__a21bo_1)
     3    0.012088    0.072626    0.231688    1.586670 v _0664_/X (sky130_fd_sc_hd__a21bo_1)
                                                         _0077_ (net)
                      0.072627    0.000370    1.587039 v _0678_/B2 (sky130_fd_sc_hd__a221o_1)
     2    0.005614    0.066013    0.341784    1.928823 v _0678_/X (sky130_fd_sc_hd__a221o_1)
                                                         _0089_ (net)
                      0.066013    0.000174    1.928997 v _0686_/A3 (sky130_fd_sc_hd__a31o_1)
     2    0.009850    0.066920    0.253426    2.182423 v _0686_/X (sky130_fd_sc_hd__a31o_1)
                                                         _0096_ (net)
                      0.066921    0.000378    2.182801 v _0690_/A2 (sky130_fd_sc_hd__a21bo_1)
     4    0.015378    0.086068    0.246934    2.429735 v _0690_/X (sky130_fd_sc_hd__a21bo_1)
                                                         _0099_ (net)
                      0.086070    0.000545    2.430280 v _0725_/A1 (sky130_fd_sc_hd__a21oi_1)
     2    0.007808    0.196610    0.204633    2.634913 ^ _0725_/Y (sky130_fd_sc_hd__a21oi_1)
                                                         _0130_ (net)
                      0.196611    0.000361    2.635274 ^ _0727_/A (sky130_fd_sc_hd__or2_1)
     4    0.011347    0.114655    0.186765    2.822040 ^ _0727_/X (sky130_fd_sc_hd__or2_1)
                                                         _0132_ (net)
                      0.114655    0.000358    2.822398 ^ _0733_/A2 (sky130_fd_sc_hd__o21a_1)
     2    0.005547    0.064467    0.137096    2.959495 ^ _0733_/X (sky130_fd_sc_hd__o21a_1)
                                                         _0137_ (net)
                      0.064467    0.000173    2.959667 ^ _0735_/A2 (sky130_fd_sc_hd__o21ai_1)
     1    0.002699    0.061215    0.056778    3.016445 v _0735_/Y (sky130_fd_sc_hd__o21ai_1)
                                                         _0139_ (net)
                      0.061215    0.000057    3.016502 v _0736_/B2 (sky130_fd_sc_hd__o221a_1)
     1    0.002111    0.041085    0.200601    3.217103 v _0736_/X (sky130_fd_sc_hd__o221a_1)
                                                         _0013_ (net)
                      0.041085    0.000045    3.217148 v _1283_/D (sky130_fd_sc_hd__dfxtp_1)
                                              3.217148   data arrival time

                                 10.000000   10.000000   clock aclk (rise edge)
                                  0.000000   10.000000   clock source latency
     1    0.015885    0.077393    0.053115   10.053115 ^ aclk (in)
                                                         aclk (net)
                      0.077407    0.000000   10.053115 ^ clkbuf_0_aclk/A (sky130_fd_sc_hd__clkbuf_16)
     4    0.039251    0.059047    0.152784   10.205898 ^ clkbuf_0_aclk/X (sky130_fd_sc_hd__clkbuf_16)
                                                         clknet_0_aclk (net)
                      0.059099    0.001497   10.207396 ^ clkbuf_2_0__f_aclk/A (sky130_fd_sc_hd__clkbuf_16)
    14    0.041031    0.060606    0.147314   10.354710 ^ clkbuf_2_0__f_aclk/X (sky130_fd_sc_hd__clkbuf_16)
                                                         clknet_2_0__leaf_aclk (net)
                      0.060643    0.001343   10.356052 ^ _1283_/CLK (sky130_fd_sc_hd__dfxtp_1)
                                 -0.250000   10.106052   clock uncertainty
                                  0.000000   10.106052   clock reconvergence pessimism
                                 -0.105159   10.000894   library setup time
                                             10.000894   data required time
---------------------------------------------------------------------------------------------
                                             10.000894   data required time
                                             -3.217148   data arrival time
---------------------------------------------------------------------------------------------
                                              6.783745   slack (MET)


Startpoint: _1279_ (rising edge-triggered flip-flop clocked by aclk)
Endpoint: m_axis_tdata[9] (output port clocked by aclk)
Path Group: aclk
Path Type: max

Fanout         Cap        Slew       Delay        Time   Description
---------------------------------------------------------------------------------------------
                                  0.000000    0.000000   clock aclk (rise edge)
                                  0.000000    0.000000   clock source latency
     1    0.015885    0.077393    0.053115    0.053115 ^ aclk (in)
                                                         aclk (net)
                      0.077407    0.000000    0.053115 ^ clkbuf_0_aclk/A (sky130_fd_sc_hd__clkbuf_16)
     4    0.039251    0.059047    0.152784    0.205898 ^ clkbuf_0_aclk/X (sky130_fd_sc_hd__clkbuf_16)
                                                         clknet_0_aclk (net)
                      0.059084    0.001282    0.207181 ^ clkbuf_2_3__f_aclk/A (sky130_fd_sc_hd__clkbuf_16)
    14    0.042371    0.061866    0.148589    0.355770 ^ clkbuf_2_3__f_aclk/X (sky130_fd_sc_hd__clkbuf_16)
                                                         clknet_2_3__leaf_aclk (net)
                      0.061886    0.001007    0.356777 ^ _1279_/CLK (sky130_fd_sc_hd__dfxtp_1)
     4    0.013657    0.135676    0.376824    0.733601 ^ _1279_/Q (sky130_fd_sc_hd__dfxtp_1)
                                                         net52 (net)
                      0.135676    0.000242    0.733843 ^ output52/A (sky130_fd_sc_hd__buf_2)
     1    0.033973    0.169281    0.229071    0.962914 ^ output52/X (sky130_fd_sc_hd__buf_2)
                                                         m_axis_tdata[9] (net)
                      0.169283    0.000876    0.963790 ^ m_axis_tdata[9] (out)
                                              0.963790   data arrival time

                                 10.000000   10.000000   clock aclk (rise edge)
                                  0.000000   10.000000   clock network delay (propagated)
                                 -0.250000    9.750000   clock uncertainty
                                  0.000000    9.750000   clock reconvergence pessimism
                                 -2.000000    7.750000   output external delay
                                              7.750000   data required time
---------------------------------------------------------------------------------------------
                                              7.750000   data required time
                                             -0.963790   data arrival time
---------------------------------------------------------------------------------------------
                                              6.786210   slack (MET)


Startpoint: _1270_ (rising edge-triggered flip-flop clocked by aclk)
Endpoint: m_axis_tdata[0] (output port clocked by aclk)
Path Group: aclk
Path Type: max

Fanout         Cap        Slew       Delay        Time   Description
---------------------------------------------------------------------------------------------
                                  0.000000    0.000000   clock aclk (rise edge)
                                  0.000000    0.000000   clock source latency
     1    0.015885    0.077393    0.053115    0.053115 ^ aclk (in)
                                                         aclk (net)
                      0.077407    0.000000    0.053115 ^ clkbuf_0_aclk/A (sky130_fd_sc_hd__clkbuf_16)
     4    0.039251    0.059047    0.152784    0.205898 ^ clkbuf_0_aclk/X (sky130_fd_sc_hd__clkbuf_16)
                                                         clknet_0_aclk (net)
                      0.059081    0.001250    0.207149 ^ clkbuf_2_2__f_aclk/A (sky130_fd_sc_hd__clkbuf_16)
    14    0.040750    0.060360    0.147111    0.354259 ^ clkbuf_2_2__f_aclk/X (sky130_fd_sc_hd__clkbuf_16)
                                                         clknet_2_2__leaf_aclk (net)
                      0.060395    0.001300    0.355560 ^ _1270_/CLK (sky130_fd_sc_hd__dfxtp_1)
     4    0.013245    0.131988    0.373545    0.729105 ^ _1270_/Q (sky130_fd_sc_hd__dfxtp_1)
                                                         net21 (net)
                      0.131988    0.000427    0.729532 ^ output21/A (sky130_fd_sc_hd__buf_2)
     1    0.034491    0.171693    0.229795    0.959327 ^ output21/X (sky130_fd_sc_hd__buf_2)
                                                         m_axis_tdata[0] (net)
                      0.171695    0.000876    0.960203 ^ m_axis_tdata[0] (out)
                                              0.960203   data arrival time

                                 10.000000   10.000000   clock aclk (rise edge)
                                  0.000000   10.000000   clock network delay (propagated)
                                 -0.250000    9.750000   clock uncertainty
                                  0.000000    9.750000   clock reconvergence pessimism
                                 -2.000000    7.750000   output external delay
                                              7.750000   data required time
---------------------------------------------------------------------------------------------
                                              7.750000   data required time
                                             -0.960203   data arrival time
---------------------------------------------------------------------------------------------
                                              6.789797   slack (MET)


Startpoint: _1278_ (rising edge-triggered flip-flop clocked by aclk)
Endpoint: m_axis_tdata[8] (output port clocked by aclk)
Path Group: aclk
Path Type: max

Fanout         Cap        Slew       Delay        Time   Description
---------------------------------------------------------------------------------------------
                                  0.000000    0.000000   clock aclk (rise edge)
                                  0.000000    0.000000   clock source latency
     1    0.015885    0.077393    0.053115    0.053115 ^ aclk (in)
                                                         aclk (net)
                      0.077407    0.000000    0.053115 ^ clkbuf_0_aclk/A (sky130_fd_sc_hd__clkbuf_16)
     4    0.039251    0.059047    0.152784    0.205898 ^ clkbuf_0_aclk/X (sky130_fd_sc_hd__clkbuf_16)
                                                         clknet_0_aclk (net)
                      0.059084    0.001282    0.207181 ^ clkbuf_2_3__f_aclk/A (sky130_fd_sc_hd__clkbuf_16)
    14    0.042371    0.061866    0.148589    0.355770 ^ clkbuf_2_3__f_aclk/X (sky130_fd_sc_hd__clkbuf_16)
                                                         clknet_2_3__leaf_aclk (net)
                      0.061874    0.000699    0.356468 ^ _1278_/CLK (sky130_fd_sc_hd__dfxtp_1)
     4    0.012737    0.127414    0.370868    0.727337 ^ _1278_/Q (sky130_fd_sc_hd__dfxtp_1)
                                                         net51 (net)
                      0.127414    0.000271    0.727607 ^ output51/A (sky130_fd_sc_hd__buf_2)
     1    0.034890    0.173567    0.229822    0.957429 ^ output51/X (sky130_fd_sc_hd__buf_2)
                                                         m_axis_tdata[8] (net)
                      0.173570    0.000964    0.958393 ^ m_axis_tdata[8] (out)
                                              0.958393   data arrival time

                                 10.000000   10.000000   clock aclk (rise edge)
                                  0.000000   10.000000   clock network delay (propagated)
                                 -0.250000    9.750000   clock uncertainty
                                  0.000000    9.750000   clock reconvergence pessimism
                                 -2.000000    7.750000   output external delay
                                              7.750000   data required time
---------------------------------------------------------------------------------------------
                                              7.750000   data required time
                                             -0.958393   data arrival time
---------------------------------------------------------------------------------------------
                                              6.791606   slack (MET)


Startpoint: _1296_ (rising edge-triggered flip-flop clocked by aclk)
Endpoint: m_axis_tdata[26] (output port clocked by aclk)
Path Group: aclk
Path Type: max

Fanout         Cap        Slew       Delay        Time   Description
---------------------------------------------------------------------------------------------
                                  0.000000    0.000000   clock aclk (rise edge)
                                  0.000000    0.000000   clock source latency
     1    0.015885    0.077393    0.053115    0.053115 ^ aclk (in)
                                                         aclk (net)
                      0.077407    0.000000    0.053115 ^ clkbuf_0_aclk/A (sky130_fd_sc_hd__clkbuf_16)
     4    0.039251    0.059047    0.152784    0.205898 ^ clkbuf_0_aclk/X (sky130_fd_sc_hd__clkbuf_16)
                                                         clknet_0_aclk (net)
                      0.059084    0.001282    0.207181 ^ clkbuf_2_3__f_aclk/A (sky130_fd_sc_hd__clkbuf_16)
    14    0.042371    0.061866    0.148589    0.355770 ^ clkbuf_2_3__f_aclk/X (sky130_fd_sc_hd__clkbuf_16)
                                                         clknet_2_3__leaf_aclk (net)
                      0.061888    0.001047    0.356816 ^ _1296_/CLK (sky130_fd_sc_hd__dfxtp_1)
     5    0.012731    0.127360    0.370848    0.727665 ^ _1296_/Q (sky130_fd_sc_hd__dfxtp_1)
                                                         net39 (net)
                      0.127360    0.000321    0.727986 ^ output39/A (sky130_fd_sc_hd__buf_2)
     1    0.034668    0.172514    0.229127    0.957113 ^ output39/X (sky130_fd_sc_hd__buf_2)
                                                         m_axis_tdata[26] (net)
                      0.172516    0.000879    0.957991 ^ m_axis_tdata[26] (out)
                                              0.957991   data arrival time

                                 10.000000   10.000000   clock aclk (rise edge)
                                  0.000000   10.000000   clock network delay (propagated)
                                 -0.250000    9.750000   clock uncertainty
                                  0.000000    9.750000   clock reconvergence pessimism
                                 -2.000000    7.750000   output external delay
                                              7.750000   data required time
---------------------------------------------------------------------------------------------
                                              7.750000   data required time
                                             -0.957991   data arrival time
---------------------------------------------------------------------------------------------
                                              6.792008   slack (MET)


Startpoint: _1275_ (rising edge-triggered flip-flop clocked by aclk)
Endpoint: m_axis_tdata[5] (output port clocked by aclk)
Path Group: aclk
Path Type: max

Fanout         Cap        Slew       Delay        Time   Description
---------------------------------------------------------------------------------------------
                                  0.000000    0.000000   clock aclk (rise edge)
                                  0.000000    0.000000   clock source latency
     1    0.015885    0.077393    0.053115    0.053115 ^ aclk (in)
                                                         aclk (net)
                      0.077407    0.000000    0.053115 ^ clkbuf_0_aclk/A (sky130_fd_sc_hd__clkbuf_16)
     4    0.039251    0.059047    0.152784    0.205898 ^ clkbuf_0_aclk/X (sky130_fd_sc_hd__clkbuf_16)
                                                         clknet_0_aclk (net)
                      0.059084    0.001282    0.207181 ^ clkbuf_2_3__f_aclk/A (sky130_fd_sc_hd__clkbuf_16)
    14    0.042371    0.061866    0.148589    0.355770 ^ clkbuf_2_3__f_aclk/X (sky130_fd_sc_hd__clkbuf_16)
                                                         clknet_2_3__leaf_aclk (net)
                      0.061889    0.001069    0.356839 ^ _1275_/CLK (sky130_fd_sc_hd__dfxtp_1)
     5    0.012838    0.128331    0.371487    0.728325 ^ _1275_/Q (sky130_fd_sc_hd__dfxtp_1)
                                                         net48 (net)
                      0.128331    0.000295    0.728621 ^ output48/A (sky130_fd_sc_hd__buf_2)
     1    0.034242    0.170507    0.228046    0.956667 ^ output48/X (sky130_fd_sc_hd__buf_2)
                                                         m_axis_tdata[5] (net)
                      0.170508    0.000779    0.957445 ^ m_axis_tdata[5] (out)
                                              0.957445   data arrival time

                                 10.000000   10.000000   clock aclk (rise edge)
                                  0.000000   10.000000   clock network delay (propagated)
                                 -0.250000    9.750000   clock uncertainty
                                  0.000000    9.750000   clock reconvergence pessimism
                                 -2.000000    7.750000   output external delay
                                              7.750000   data required time
---------------------------------------------------------------------------------------------
                                              7.750000   data required time
                                             -0.957445   data arrival time
---------------------------------------------------------------------------------------------
                                              6.792555   slack (MET)


Startpoint: _1288_ (rising edge-triggered flip-flop clocked by aclk)
Endpoint: m_axis_tdata[18] (output port clocked by aclk)
Path Group: aclk
Path Type: max

Fanout         Cap        Slew       Delay        Time   Description
---------------------------------------------------------------------------------------------
                                  0.000000    0.000000   clock aclk (rise edge)
                                  0.000000    0.000000   clock source latency
     1    0.015885    0.077393    0.053115    0.053115 ^ aclk (in)
                                                         aclk (net)
                      0.077407    0.000000    0.053115 ^ clkbuf_0_aclk/A (sky130_fd_sc_hd__clkbuf_16)
     4    0.039251    0.059047    0.152784    0.205898 ^ clkbuf_0_aclk/X (sky130_fd_sc_hd__clkbuf_16)
                                                         clknet_0_aclk (net)
                      0.059104    0.001559    0.207457 ^ clkbuf_2_1__f_aclk/A (sky130_fd_sc_hd__clkbuf_16)
    12    0.039172    0.058988    0.146161    0.353618 ^ clkbuf_2_1__f_aclk/X (sky130_fd_sc_hd__clkbuf_16)
                                                         clknet_2_1__leaf_aclk (net)
                      0.059011    0.001043    0.354660 ^ _1288_/CLK (sky130_fd_sc_hd__dfxtp_1)
     5    0.012775    0.127746    0.370083    0.724743 ^ _1288_/Q (sky130_fd_sc_hd__dfxtp_1)
                                                         net30 (net)
                      0.127746    0.000168    0.724911 ^ output30/A (sky130_fd_sc_hd__buf_2)
     1    0.034131    0.170020    0.227406    0.952317 ^ output30/X (sky130_fd_sc_hd__buf_2)
                                                         m_axis_tdata[18] (net)
                      0.170022    0.000944    0.953261 ^ m_axis_tdata[18] (out)
                                              0.953261   data arrival time

                                 10.000000   10.000000   clock aclk (rise edge)
                                  0.000000   10.000000   clock network delay (propagated)
                                 -0.250000    9.750000   clock uncertainty
                                  0.000000    9.750000   clock reconvergence pessimism
                                 -2.000000    7.750000   output external delay
                                              7.750000   data required time
---------------------------------------------------------------------------------------------
                                              7.750000   data required time
                                             -0.953261   data arrival time
---------------------------------------------------------------------------------------------
                                              6.796739   slack (MET)


Startpoint: _1280_ (rising edge-triggered flip-flop clocked by aclk)
Endpoint: m_axis_tdata[10] (output port clocked by aclk)
Path Group: aclk
Path Type: max

Fanout         Cap        Slew       Delay        Time   Description
---------------------------------------------------------------------------------------------
                                  0.000000    0.000000   clock aclk (rise edge)
                                  0.000000    0.000000   clock source latency
     1    0.015885    0.077393    0.053115    0.053115 ^ aclk (in)
                                                         aclk (net)
                      0.077407    0.000000    0.053115 ^ clkbuf_0_aclk/A (sky130_fd_sc_hd__clkbuf_16)
     4    0.039251    0.059047    0.152784    0.205898 ^ clkbuf_0_aclk/X (sky130_fd_sc_hd__clkbuf_16)
                                                         clknet_0_aclk (net)
                      0.059104    0.001559    0.207457 ^ clkbuf_2_1__f_aclk/A (sky130_fd_sc_hd__clkbuf_16)
    12    0.039172    0.058988    0.146161    0.353618 ^ clkbuf_2_1__f_aclk/X (sky130_fd_sc_hd__clkbuf_16)
                                                         clknet_2_1__leaf_aclk (net)
                      0.059003    0.000900    0.354518 ^ _1280_/CLK (sky130_fd_sc_hd__dfxtp_1)
     4    0.012067    0.121384    0.365532    0.720050 ^ _1280_/Q (sky130_fd_sc_hd__dfxtp_1)
                                                         net22 (net)
                      0.121384    0.000267    0.720317 ^ output22/A (sky130_fd_sc_hd__buf_2)
     1    0.034899    0.173594    0.228115    0.948432 ^ output22/X (sky130_fd_sc_hd__buf_2)
                                                         m_axis_tdata[10] (net)
                      0.173597    0.000959    0.949392 ^ m_axis_tdata[10] (out)
                                              0.949392   data arrival time

                                 10.000000   10.000000   clock aclk (rise edge)
                                  0.000000   10.000000   clock network delay (propagated)
                                 -0.250000    9.750000   clock uncertainty
                                  0.000000    9.750000   clock reconvergence pessimism
                                 -2.000000    7.750000   output external delay
                                              7.750000   data required time
---------------------------------------------------------------------------------------------
                                              7.750000   data required time
                                             -0.949392   data arrival time
---------------------------------------------------------------------------------------------
                                              6.800608   slack (MET)


Startpoint: _1285_ (rising edge-triggered flip-flop clocked by aclk)
Endpoint: m_axis_tdata[15] (output port clocked by aclk)
Path Group: aclk
Path Type: max

Fanout         Cap        Slew       Delay        Time   Description
---------------------------------------------------------------------------------------------
                                  0.000000    0.000000   clock aclk (rise edge)
                                  0.000000    0.000000   clock source latency
     1    0.015885    0.077393    0.053115    0.053115 ^ aclk (in)
                                                         aclk (net)
                      0.077407    0.000000    0.053115 ^ clkbuf_0_aclk/A (sky130_fd_sc_hd__clkbuf_16)
     4    0.039251    0.059047    0.152784    0.205898 ^ clkbuf_0_aclk/X (sky130_fd_sc_hd__clkbuf_16)
                                                         clknet_0_aclk (net)
                      0.059099    0.001496    0.207395 ^ clkbuf_2_0__f_aclk/A (sky130_fd_sc_hd__clkbuf_16)
    14    0.041031    0.060606    0.147314    0.354709 ^ clkbuf_2_0__f_aclk/X (sky130_fd_sc_hd__clkbuf_16)
                                                         clknet_2_0__leaf_aclk (net)
                      0.060707    0.002085    0.356794 ^ _1285_/CLK (sky130_fd_sc_hd__dfxtp_1)
     4    0.011272    0.114250    0.361045    0.717839 ^ _1285_/Q (sky130_fd_sc_hd__dfxtp_1)
                                                         net27 (net)
                      0.114250    0.000226    0.718065 ^ output27/A (sky130_fd_sc_hd__buf_2)
     1    0.035387    0.175878    0.226931    0.944997 ^ output27/X (sky130_fd_sc_hd__buf_2)
                                                         m_axis_tdata[15] (net)
                      0.175884    0.001220    0.946217 ^ m_axis_tdata[15] (out)
                                              0.946217   data arrival time

                                 10.000000   10.000000   clock aclk (rise edge)
                                  0.000000   10.000000   clock network delay (propagated)
                                 -0.250000    9.750000   clock uncertainty
                                  0.000000    9.750000   clock reconvergence pessimism
                                 -2.000000    7.750000   output external delay
                                              7.750000   data required time
---------------------------------------------------------------------------------------------
                                              7.750000   data required time
                                             -0.946217   data arrival time
---------------------------------------------------------------------------------------------
                                              6.803783   slack (MET)


Startpoint: _1277_ (rising edge-triggered flip-flop clocked by aclk)
Endpoint: m_axis_tdata[7] (output port clocked by aclk)
Path Group: aclk
Path Type: max

Fanout         Cap        Slew       Delay        Time   Description
---------------------------------------------------------------------------------------------
                                  0.000000    0.000000   clock aclk (rise edge)
                                  0.000000    0.000000   clock source latency
     1    0.015885    0.077393    0.053115    0.053115 ^ aclk (in)
                                                         aclk (net)
                      0.077407    0.000000    0.053115 ^ clkbuf_0_aclk/A (sky130_fd_sc_hd__clkbuf_16)
     4    0.039251    0.059047    0.152784    0.205898 ^ clkbuf_0_aclk/X (sky130_fd_sc_hd__clkbuf_16)
                                                         clknet_0_aclk (net)
                      0.059084    0.001282    0.207181 ^ clkbuf_2_3__f_aclk/A (sky130_fd_sc_hd__clkbuf_16)
    14    0.042371    0.061866    0.148589    0.355770 ^ clkbuf_2_3__f_aclk/X (sky130_fd_sc_hd__clkbuf_16)
                                                         clknet_2_3__leaf_aclk (net)
                      0.061874    0.000692    0.356462 ^ _1277_/CLK (sky130_fd_sc_hd__dfxtp_1)
     4    0.011634    0.117488    0.363830    0.720293 ^ _1277_/Q (sky130_fd_sc_hd__dfxtp_1)
                                                         net50 (net)
                      0.117488    0.000218    0.720510 ^ output50/A (sky130_fd_sc_hd__buf_2)
     1    0.034128    0.169968    0.224143    0.944653 ^ output50/X (sky130_fd_sc_hd__buf_2)
                                                         m_axis_tdata[7] (net)
                      0.169970    0.000928    0.945582 ^ m_axis_tdata[7] (out)
                                              0.945582   data arrival time

                                 10.000000   10.000000   clock aclk (rise edge)
                                  0.000000   10.000000   clock network delay (propagated)
                                 -0.250000    9.750000   clock uncertainty
                                  0.000000    9.750000   clock reconvergence pessimism
                                 -2.000000    7.750000   output external delay
                                              7.750000   data required time
---------------------------------------------------------------------------------------------
                                              7.750000   data required time
                                             -0.945582   data arrival time
---------------------------------------------------------------------------------------------
                                              6.804419   slack (MET)


Startpoint: _1273_ (rising edge-triggered flip-flop clocked by aclk)
Endpoint: m_axis_tdata[3] (output port clocked by aclk)
Path Group: aclk
Path Type: max

Fanout         Cap        Slew       Delay        Time   Description
---------------------------------------------------------------------------------------------
                                  0.000000    0.000000   clock aclk (rise edge)
                                  0.000000    0.000000   clock source latency
     1    0.015885    0.077393    0.053115    0.053115 ^ aclk (in)
                                                         aclk (net)
                      0.077407    0.000000    0.053115 ^ clkbuf_0_aclk/A (sky130_fd_sc_hd__clkbuf_16)
     4    0.039251    0.059047    0.152784    0.205898 ^ clkbuf_0_aclk/X (sky130_fd_sc_hd__clkbuf_16)
                                                         clknet_0_aclk (net)
                      0.059081    0.001250    0.207149 ^ clkbuf_2_2__f_aclk/A (sky130_fd_sc_hd__clkbuf_16)
    14    0.040750    0.060360    0.147111    0.354259 ^ clkbuf_2_2__f_aclk/X (sky130_fd_sc_hd__clkbuf_16)
                                                         clknet_2_2__leaf_aclk (net)
                      0.060441    0.001868    0.356127 ^ _1273_/CLK (sky130_fd_sc_hd__dfxtp_1)
     4    0.010875    0.110678    0.358415    0.714543 ^ _1273_/Q (sky130_fd_sc_hd__dfxtp_1)
                                                         net46 (net)
                      0.110678    0.000247    0.714789 ^ output46/A (sky130_fd_sc_hd__buf_2)
     1    0.034373    0.171052    0.222517    0.937306 ^ output46/X (sky130_fd_sc_hd__buf_2)
                                                         m_axis_tdata[3] (net)
                      0.171053    0.000827    0.938133 ^ m_axis_tdata[3] (out)
                                              0.938133   data arrival time

                                 10.000000   10.000000   clock aclk (rise edge)
                                  0.000000   10.000000   clock network delay (propagated)
                                 -0.250000    9.750000   clock uncertainty
                                  0.000000    9.750000   clock reconvergence pessimism
                                 -2.000000    7.750000   output external delay
                                              7.750000   data required time
---------------------------------------------------------------------------------------------
                                              7.750000   data required time
                                             -0.938133   data arrival time
---------------------------------------------------------------------------------------------
                                              6.811866   slack (MET)


Startpoint: _1274_ (rising edge-triggered flip-flop clocked by aclk)
Endpoint: m_axis_tdata[4] (output port clocked by aclk)
Path Group: aclk
Path Type: max

Fanout         Cap        Slew       Delay        Time   Description
---------------------------------------------------------------------------------------------
                                  0.000000    0.000000   clock aclk (rise edge)
                                  0.000000    0.000000   clock source latency
     1    0.015885    0.077393    0.053115    0.053115 ^ aclk (in)
                                                         aclk (net)
                      0.077407    0.000000    0.053115 ^ clkbuf_0_aclk/A (sky130_fd_sc_hd__clkbuf_16)
     4    0.039251    0.059047    0.152784    0.205898 ^ clkbuf_0_aclk/X (sky130_fd_sc_hd__clkbuf_16)
                                                         clknet_0_aclk (net)
                      0.059084    0.001282    0.207181 ^ clkbuf_2_3__f_aclk/A (sky130_fd_sc_hd__clkbuf_16)
    14    0.042371    0.061866    0.148589    0.355770 ^ clkbuf_2_3__f_aclk/X (sky130_fd_sc_hd__clkbuf_16)
                                                         clknet_2_3__leaf_aclk (net)
                      0.061889    0.001055    0.356824 ^ _1274_/CLK (sky130_fd_sc_hd__dfxtp_1)
     4    0.010721    0.109293    0.357974    0.714798 ^ _1274_/Q (sky130_fd_sc_hd__dfxtp_1)
                                                         net47 (net)
                      0.109293    0.000162    0.714960 ^ output47/A (sky130_fd_sc_hd__buf_2)
     1    0.034342    0.170896    0.221908    0.936868 ^ output47/X (sky130_fd_sc_hd__buf_2)
                                                         m_axis_tdata[4] (net)
                      0.170897    0.000818    0.937686 ^ m_axis_tdata[4] (out)
                                              0.937686   data arrival time

                                 10.000000   10.000000   clock aclk (rise edge)
                                  0.000000   10.000000   clock network delay (propagated)
                                 -0.250000    9.750000   clock uncertainty
                                  0.000000    9.750000   clock reconvergence pessimism
                                 -2.000000    7.750000   output external delay
                                              7.750000   data required time
---------------------------------------------------------------------------------------------
                                              7.750000   data required time
                                             -0.937686   data arrival time
---------------------------------------------------------------------------------------------
                                              6.812314   slack (MET)


Startpoint: _1276_ (rising edge-triggered flip-flop clocked by aclk)
Endpoint: m_axis_tdata[6] (output port clocked by aclk)
Path Group: aclk
Path Type: max

Fanout         Cap        Slew       Delay        Time   Description
---------------------------------------------------------------------------------------------
                                  0.000000    0.000000   clock aclk (rise edge)
                                  0.000000    0.000000   clock source latency
     1    0.015885    0.077393    0.053115    0.053115 ^ aclk (in)
                                                         aclk (net)
                      0.077407    0.000000    0.053115 ^ clkbuf_0_aclk/A (sky130_fd_sc_hd__clkbuf_16)
     4    0.039251    0.059047    0.152784    0.205898 ^ clkbuf_0_aclk/X (sky130_fd_sc_hd__clkbuf_16)
                                                         clknet_0_aclk (net)
                      0.059084    0.001282    0.207181 ^ clkbuf_2_3__f_aclk/A (sky130_fd_sc_hd__clkbuf_16)
    14    0.042371    0.061866    0.148589    0.355770 ^ clkbuf_2_3__f_aclk/X (sky130_fd_sc_hd__clkbuf_16)
                                                         clknet_2_3__leaf_aclk (net)
                      0.061885    0.000981    0.356751 ^ _1276_/CLK (sky130_fd_sc_hd__dfxtp_1)
     4    0.010184    0.104474    0.354529    0.711280 ^ _1276_/Q (sky130_fd_sc_hd__dfxtp_1)
                                                         net49 (net)
                      0.104474    0.000266    0.711546 ^ output49/A (sky130_fd_sc_hd__buf_2)
     1    0.035243    0.175135    0.222891    0.934437 ^ output49/X (sky130_fd_sc_hd__buf_2)
                                                         m_axis_tdata[6] (net)
                      0.175140    0.001160    0.935597 ^ m_axis_tdata[6] (out)
                                              0.935597   data arrival time

                                 10.000000   10.000000   clock aclk (rise edge)
                                  0.000000   10.000000   clock network delay (propagated)
                                 -0.250000    9.750000   clock uncertainty
                                  0.000000    9.750000   clock reconvergence pessimism
                                 -2.000000    7.750000   output external delay
                                              7.750000   data required time
---------------------------------------------------------------------------------------------
                                              7.750000   data required time
                                             -0.935597   data arrival time
---------------------------------------------------------------------------------------------
                                              6.814403   slack (MET)


Startpoint: _1300_ (rising edge-triggered flip-flop clocked by aclk)
Endpoint: m_axis_tdata[30] (output port clocked by aclk)
Path Group: aclk
Path Type: max

Fanout         Cap        Slew       Delay        Time   Description
---------------------------------------------------------------------------------------------
                                  0.000000    0.000000   clock aclk (rise edge)
                                  0.000000    0.000000   clock source latency
     1    0.015885    0.077393    0.053115    0.053115 ^ aclk (in)
                                                         aclk (net)
                      0.077407    0.000000    0.053115 ^ clkbuf_0_aclk/A (sky130_fd_sc_hd__clkbuf_16)
     4    0.039251    0.059047    0.152784    0.205898 ^ clkbuf_0_aclk/X (sky130_fd_sc_hd__clkbuf_16)
                                                         clknet_0_aclk (net)
                      0.059084    0.001282    0.207181 ^ clkbuf_2_3__f_aclk/A (sky130_fd_sc_hd__clkbuf_16)
    14    0.042371    0.061866    0.148589    0.355770 ^ clkbuf_2_3__f_aclk/X (sky130_fd_sc_hd__clkbuf_16)
                                                         clknet_2_3__leaf_aclk (net)
                      0.061888    0.001044    0.356814 ^ _1300_/CLK (sky130_fd_sc_hd__dfxtp_1)
     4    0.010563    0.107879    0.356967    0.713781 ^ _1300_/Q (sky130_fd_sc_hd__dfxtp_1)
                                                         net44 (net)
                      0.107879    0.000159    0.713940 ^ output44/A (sky130_fd_sc_hd__buf_2)
     1    0.033999    0.169298    0.220207    0.934147 ^ output44/X (sky130_fd_sc_hd__buf_2)
                                                         m_axis_tdata[30] (net)
                      0.169300    0.000875    0.935022 ^ m_axis_tdata[30] (out)
                                              0.935022   data arrival time

                                 10.000000   10.000000   clock aclk (rise edge)
                                  0.000000   10.000000   clock network delay (propagated)
                                 -0.250000    9.750000   clock uncertainty
                                  0.000000    9.750000   clock reconvergence pessimism
                                 -2.000000    7.750000   output external delay
                                              7.750000   data required time
---------------------------------------------------------------------------------------------
                                              7.750000   data required time
                                             -0.935022   data arrival time
---------------------------------------------------------------------------------------------
                                              6.814978   slack (MET)


Startpoint: _1272_ (rising edge-triggered flip-flop clocked by aclk)
Endpoint: m_axis_tdata[2] (output port clocked by aclk)
Path Group: aclk
Path Type: max

Fanout         Cap        Slew       Delay        Time   Description
---------------------------------------------------------------------------------------------
                                  0.000000    0.000000   clock aclk (rise edge)
                                  0.000000    0.000000   clock source latency
     1    0.015885    0.077393    0.053115    0.053115 ^ aclk (in)
                                                         aclk (net)
                      0.077407    0.000000    0.053115 ^ clkbuf_0_aclk/A (sky130_fd_sc_hd__clkbuf_16)
     4    0.039251    0.059047    0.152784    0.205898 ^ clkbuf_0_aclk/X (sky130_fd_sc_hd__clkbuf_16)
                                                         clknet_0_aclk (net)
                      0.059081    0.001250    0.207149 ^ clkbuf_2_2__f_aclk/A (sky130_fd_sc_hd__clkbuf_16)
    14    0.040750    0.060360    0.147111    0.354259 ^ clkbuf_2_2__f_aclk/X (sky130_fd_sc_hd__clkbuf_16)
                                                         clknet_2_2__leaf_aclk (net)
                      0.060453    0.001992    0.356252 ^ _1272_/CLK (sky130_fd_sc_hd__dfxtp_1)
     4    0.010037    0.103157    0.353081    0.709333 ^ _1272_/Q (sky130_fd_sc_hd__dfxtp_1)
                                                         net43 (net)
                      0.103157    0.000174    0.709507 ^ output43/A (sky130_fd_sc_hd__buf_2)
     1    0.035168    0.174773    0.222180    0.931687 ^ output43/X (sky130_fd_sc_hd__buf_2)
                                                         m_axis_tdata[2] (net)
                      0.174777    0.001127    0.932814 ^ m_axis_tdata[2] (out)
                                              0.932814   data arrival time

                                 10.000000   10.000000   clock aclk (rise edge)
                                  0.000000   10.000000   clock network delay (propagated)
                                 -0.250000    9.750000   clock uncertainty
                                  0.000000    9.750000   clock reconvergence pessimism
                                 -2.000000    7.750000   output external delay
                                              7.750000   data required time
---------------------------------------------------------------------------------------------
                                              7.750000   data required time
                                             -0.932814   data arrival time
---------------------------------------------------------------------------------------------
                                              6.817186   slack (MET)


Startpoint: _1284_ (rising edge-triggered flip-flop clocked by aclk)
Endpoint: m_axis_tdata[14] (output port clocked by aclk)
Path Group: aclk
Path Type: max

Fanout         Cap        Slew       Delay        Time   Description
---------------------------------------------------------------------------------------------
                                  0.000000    0.000000   clock aclk (rise edge)
                                  0.000000    0.000000   clock source latency
     1    0.015885    0.077393    0.053115    0.053115 ^ aclk (in)
                                                         aclk (net)
                      0.077407    0.000000    0.053115 ^ clkbuf_0_aclk/A (sky130_fd_sc_hd__clkbuf_16)
     4    0.039251    0.059047    0.152784    0.205898 ^ clkbuf_0_aclk/X (sky130_fd_sc_hd__clkbuf_16)
                                                         clknet_0_aclk (net)
                      0.059104    0.001559    0.207457 ^ clkbuf_2_1__f_aclk/A (sky130_fd_sc_hd__clkbuf_16)
    12    0.039172    0.058988    0.146161    0.353618 ^ clkbuf_2_1__f_aclk/X (sky130_fd_sc_hd__clkbuf_16)
                                                         clknet_2_1__leaf_aclk (net)
                      0.059036    0.001439    0.355056 ^ _1284_/CLK (sky130_fd_sc_hd__dfxtp_1)
     4    0.010133    0.104028    0.353103    0.708159 ^ _1284_/Q (sky130_fd_sc_hd__dfxtp_1)
                                                         net26 (net)
                      0.104028    0.000219    0.708378 ^ output26/A (sky130_fd_sc_hd__buf_2)
     1    0.034443    0.171344    0.220276    0.928654 ^ output26/X (sky130_fd_sc_hd__buf_2)
                                                         m_axis_tdata[14] (net)
                      0.171346    0.000857    0.929511 ^ m_axis_tdata[14] (out)
                                              0.929511   data arrival time

                                 10.000000   10.000000   clock aclk (rise edge)
                                  0.000000   10.000000   clock network delay (propagated)
                                 -0.250000    9.750000   clock uncertainty
                                  0.000000    9.750000   clock reconvergence pessimism
                                 -2.000000    7.750000   output external delay
                                              7.750000   data required time
---------------------------------------------------------------------------------------------
                                              7.750000   data required time
                                             -0.929511   data arrival time
---------------------------------------------------------------------------------------------
                                              6.820489   slack (MET)


Startpoint: _1271_ (rising edge-triggered flip-flop clocked by aclk)
Endpoint: _1282_ (rising edge-triggered flip-flop clocked by aclk)
Path Group: aclk
Path Type: max

Fanout         Cap        Slew       Delay        Time   Description
---------------------------------------------------------------------------------------------
                                  0.000000    0.000000   clock aclk (rise edge)
                                  0.000000    0.000000   clock source latency
     1    0.015885    0.077393    0.053115    0.053115 ^ aclk (in)
                                                         aclk (net)
                      0.077407    0.000000    0.053115 ^ clkbuf_0_aclk/A (sky130_fd_sc_hd__clkbuf_16)
     4    0.039251    0.059047    0.152784    0.205898 ^ clkbuf_0_aclk/X (sky130_fd_sc_hd__clkbuf_16)
                                                         clknet_0_aclk (net)
                      0.059081    0.001250    0.207149 ^ clkbuf_2_2__f_aclk/A (sky130_fd_sc_hd__clkbuf_16)
    14    0.040750    0.060360    0.147111    0.354259 ^ clkbuf_2_2__f_aclk/X (sky130_fd_sc_hd__clkbuf_16)
                                                         clknet_2_2__leaf_aclk (net)
                      0.060401    0.001388    0.355648 ^ _1271_/CLK (sky130_fd_sc_hd__dfxtp_1)
     4    0.014765    0.076351    0.342358    0.698006 v _1271_/Q (sky130_fd_sc_hd__dfxtp_1)
                                                         net32 (net)
                      0.076351    0.000365    0.698371 v _0643_/B (sky130_fd_sc_hd__xor2_1)
     2    0.009044    0.089129    0.174728    0.873098 v _0643_/X (sky130_fd_sc_hd__xor2_1)
                                                         _0059_ (net)
                      0.089129    0.000310    0.873408 v _0649_/A3 (sky130_fd_sc_hd__a31o_1)
     3    0.009559    0.065828    0.261994    1.135402 v _0649_/X (sky130_fd_sc_hd__a31o_1)
                                                         _0064_ (net)
                      0.065829    0.000324    1.135726 v _0656_/A2 (sky130_fd_sc_hd__a21bo_1)
     3    0.008304    0.058783    0.219068    1.354793 v _0656_/X (sky130_fd_sc_hd__a21bo_1)
                                                         _0070_ (net)
                      0.058783    0.000189    1.354982 v _0664_/A2 (sky130_fd_sc_hd__a21bo_1)
     3    0.012088    0.072626    0.231688    1.586670 v _0664_/X (sky130_fd_sc_hd__a21bo_1)
                                                         _0077_ (net)
                      0.072627    0.000370    1.587039 v _0678_/B2 (sky130_fd_sc_hd__a221o_1)
     2    0.005614    0.066013    0.341784    1.928823 v _0678_/X (sky130_fd_sc_hd__a221o_1)
                                                         _0089_ (net)
                      0.066013    0.000174    1.928997 v _0686_/A3 (sky130_fd_sc_hd__a31o_1)
     2    0.009850    0.066920    0.253426    2.182423 v _0686_/X (sky130_fd_sc_hd__a31o_1)
                                                         _0096_ (net)
                      0.066921    0.000378    2.182801 v _0690_/A2 (sky130_fd_sc_hd__a21bo_1)
     4    0.015378    0.086068    0.246934    2.429735 v _0690_/X (sky130_fd_sc_hd__a21bo_1)
                                                         _0099_ (net)
                      0.086070    0.000545    2.430280 v _0725_/A1 (sky130_fd_sc_hd__a21oi_1)
     2    0.007808    0.196610    0.204633    2.634913 ^ _0725_/Y (sky130_fd_sc_hd__a21oi_1)
                                                         _0130_ (net)
                      0.196611    0.000361    2.635274 ^ _0727_/A (sky130_fd_sc_hd__or2_1)
     4    0.011347    0.114655    0.186765    2.822040 ^ _0727_/X (sky130_fd_sc_hd__or2_1)
                                                         _0132_ (net)
                      0.114655    0.000334    2.822374 ^ _0729_/B (sky130_fd_sc_hd__nand2_1)
     1    0.003726    0.047388    0.071447    2.893821 v _0729_/Y (sky130_fd_sc_hd__nand2_1)
                                                         _0134_ (net)
                      0.047389    0.000135    2.893956 v _0730_/A2 (sky130_fd_sc_hd__a21o_1)
     1    0.002680    0.032438    0.170861    3.064817 v _0730_/X (sky130_fd_sc_hd__a21o_1)
                                                         _0135_ (net)
                      0.032438    0.000058    3.064875 v _0731_/B1 (sky130_fd_sc_hd__o211a_1)
     1    0.002943    0.039237    0.114475    3.179351 v _0731_/X (sky130_fd_sc_hd__o211a_1)
                                                         _0012_ (net)
                      0.039237    0.000095    3.179446 v _1282_/D (sky130_fd_sc_hd__dfxtp_1)
                                              3.179446   data arrival time

                                 10.000000   10.000000   clock aclk (rise edge)
                                  0.000000   10.000000   clock source latency
     1    0.015885    0.077393    0.053115   10.053115 ^ aclk (in)
                                                         aclk (net)
                      0.077407    0.000000   10.053115 ^ clkbuf_0_aclk/A (sky130_fd_sc_hd__clkbuf_16)
     4    0.039251    0.059047    0.152784   10.205898 ^ clkbuf_0_aclk/X (sky130_fd_sc_hd__clkbuf_16)
                                                         clknet_0_aclk (net)
                      0.059099    0.001497   10.207396 ^ clkbuf_2_0__f_aclk/A (sky130_fd_sc_hd__clkbuf_16)
    14    0.041031    0.060606    0.147314   10.354710 ^ clkbuf_2_0__f_aclk/X (sky130_fd_sc_hd__clkbuf_16)
                                                         clknet_2_0__leaf_aclk (net)
                      0.060620    0.000957   10.355667 ^ _1282_/CLK (sky130_fd_sc_hd__dfxtp_1)
                                 -0.250000   10.105667   clock uncertainty
                                  0.000000   10.105667   clock reconvergence pessimism
                                 -0.104353   10.001314   library setup time
                                             10.001314   data required time
---------------------------------------------------------------------------------------------
                                             10.001314   data required time
                                             -3.179446   data arrival time
---------------------------------------------------------------------------------------------
                                              6.821868   slack (MET)


Startpoint: _1301_ (rising edge-triggered flip-flop clocked by aclk)
Endpoint: m_axis_tdata[31] (output port clocked by aclk)
Path Group: aclk
Path Type: max

Fanout         Cap        Slew       Delay        Time   Description
---------------------------------------------------------------------------------------------
                                  0.000000    0.000000   clock aclk (rise edge)
                                  0.000000    0.000000   clock source latency
     1    0.015885    0.077393    0.053115    0.053115 ^ aclk (in)
                                                         aclk (net)
                      0.077407    0.000000    0.053115 ^ clkbuf_0_aclk/A (sky130_fd_sc_hd__clkbuf_16)
     4    0.039251    0.059047    0.152784    0.205898 ^ clkbuf_0_aclk/X (sky130_fd_sc_hd__clkbuf_16)
                                                         clknet_0_aclk (net)
                      0.059084    0.001282    0.207181 ^ clkbuf_2_3__f_aclk/A (sky130_fd_sc_hd__clkbuf_16)
    14    0.042371    0.061866    0.148589    0.355770 ^ clkbuf_2_3__f_aclk/X (sky130_fd_sc_hd__clkbuf_16)
                                                         clknet_2_3__leaf_aclk (net)
                      0.061890    0.001085    0.356854 ^ _1301_/CLK (sky130_fd_sc_hd__dfxtp_1)
     4    0.009402    0.097464    0.349536    0.706391 ^ _1301_/Q (sky130_fd_sc_hd__dfxtp_1)
                                                         net45 (net)
                      0.097464    0.000135    0.706526 ^ output45/A (sky130_fd_sc_hd__buf_2)
     1    0.034914    0.173529    0.219338    0.925863 ^ output45/X (sky130_fd_sc_hd__buf_2)
                                                         m_axis_tdata[31] (net)
                      0.173532    0.000980    0.926843 ^ m_axis_tdata[31] (out)
                                              0.926843   data arrival time

                                 10.000000   10.000000   clock aclk (rise edge)
                                  0.000000   10.000000   clock network delay (propagated)
                                 -0.250000    9.750000   clock uncertainty
                                  0.000000    9.750000   clock reconvergence pessimism
                                 -2.000000    7.750000   output external delay
                                              7.750000   data required time
---------------------------------------------------------------------------------------------
                                              7.750000   data required time
                                             -0.926843   data arrival time
---------------------------------------------------------------------------------------------
                                              6.823157   slack (MET)


Startpoint: _1319_ (rising edge-triggered flip-flop clocked by aclk)
Endpoint: m_axis_tlast (output port clocked by aclk)
Path Group: aclk
Path Type: max

Fanout         Cap        Slew       Delay        Time   Description
---------------------------------------------------------------------------------------------
                                  0.000000    0.000000   clock aclk (rise edge)
                                  0.000000    0.000000   clock source latency
     1    0.015885    0.077393    0.053115    0.053115 ^ aclk (in)
                                                         aclk (net)
                      0.077407    0.000000    0.053115 ^ clkbuf_0_aclk/A (sky130_fd_sc_hd__clkbuf_16)
     4    0.039251    0.059047    0.152784    0.205898 ^ clkbuf_0_aclk/X (sky130_fd_sc_hd__clkbuf_16)
                                                         clknet_0_aclk (net)
                      0.059099    0.001496    0.207395 ^ clkbuf_2_0__f_aclk/A (sky130_fd_sc_hd__clkbuf_16)
    14    0.041031    0.060606    0.147314    0.354709 ^ clkbuf_2_0__f_aclk/X (sky130_fd_sc_hd__clkbuf_16)
                                                         clknet_2_0__leaf_aclk (net)
                      0.060693    0.001942    0.356651 ^ _1319_/CLK (sky130_fd_sc_hd__dfxtp_1)
     2    0.006055    0.068305    0.327086    0.683737 ^ _1319_/Q (sky130_fd_sc_hd__dfxtp_1)
                                                         net53 (net)
                      0.068305    0.000149    0.683885 ^ output53/A (sky130_fd_sc_hd__buf_2)
     1    0.034667    0.172201    0.207798    0.891683 ^ output53/X (sky130_fd_sc_hd__buf_2)
                                                         m_axis_tlast (net)
                      0.172204    0.000944    0.892628 ^ m_axis_tlast (out)
                                              0.892628   data arrival time

                                 10.000000   10.000000   clock aclk (rise edge)
                                  0.000000   10.000000   clock network delay (propagated)
                                 -0.250000    9.750000   clock uncertainty
                                  0.000000    9.750000   clock reconvergence pessimism
                                 -2.000000    7.750000   output external delay
                                              7.750000   data required time
---------------------------------------------------------------------------------------------
                                              7.750000   data required time
                                             -0.892628   data arrival time
---------------------------------------------------------------------------------------------
                                              6.857372   slack (MET)


Startpoint: _1321_ (rising edge-triggered flip-flop clocked by aclk)
Endpoint: m_axis_tvalid (output port clocked by aclk)
Path Group: aclk
Path Type: max

Fanout         Cap        Slew       Delay        Time   Description
---------------------------------------------------------------------------------------------
                                  0.000000    0.000000   clock aclk (rise edge)
                                  0.000000    0.000000   clock source latency
     1    0.015885    0.077393    0.053115    0.053115 ^ aclk (in)
                                                         aclk (net)
                      0.077407    0.000000    0.053115 ^ clkbuf_0_aclk/A (sky130_fd_sc_hd__clkbuf_16)
     4    0.039251    0.059047    0.152784    0.205898 ^ clkbuf_0_aclk/X (sky130_fd_sc_hd__clkbuf_16)
                                                         clknet_0_aclk (net)
                      0.059099    0.001496    0.207395 ^ clkbuf_2_0__f_aclk/A (sky130_fd_sc_hd__clkbuf_16)
    14    0.041031    0.060606    0.147314    0.354709 ^ clkbuf_2_0__f_aclk/X (sky130_fd_sc_hd__clkbuf_16)
                                                         clknet_2_0__leaf_aclk (net)
                      0.060705    0.002073    0.356782 ^ _1321_/CLK (sky130_fd_sc_hd__dfxtp_1)
     2    0.005526    0.063711    0.323614    0.680396 ^ _1321_/Q (sky130_fd_sc_hd__dfxtp_1)
                                                         net54 (net)
                      0.063711    0.000140    0.680537 ^ output54/A (sky130_fd_sc_hd__buf_2)
     1    0.034563    0.171681    0.205787    0.886324 ^ output54/X (sky130_fd_sc_hd__buf_2)
                                                         m_axis_tvalid (net)
                      0.171683    0.000903    0.887227 ^ m_axis_tvalid (out)
                                              0.887227   data arrival time

                                 10.000000   10.000000   clock aclk (rise edge)
                                  0.000000   10.000000   clock network delay (propagated)
                                 -0.250000    9.750000   clock uncertainty
                                  0.000000    9.750000   clock reconvergence pessimism
                                 -2.000000    7.750000   output external delay
                                              7.750000   data required time
---------------------------------------------------------------------------------------------
                                              7.750000   data required time
                                             -0.887227   data arrival time
---------------------------------------------------------------------------------------------
                                              6.862773   slack (MET)


Startpoint: m_axis_tready (input port clocked by aclk)
Endpoint: _1280_ (rising edge-triggered flip-flop clocked by aclk)
Path Group: aclk
Path Type: max

Fanout         Cap        Slew       Delay        Time   Description
---------------------------------------------------------------------------------------------
                                  0.000000    0.000000   clock aclk (rise edge)
                                  0.000000    0.000000   clock network delay (propagated)
                                  2.000000    2.000000 v input external delay
     1    0.002865    0.008774    0.004552    2.004552 v m_axis_tready (in)
                                                         m_axis_tready (net)
                      0.008775    0.000000    2.004552 v input2/A (sky130_fd_sc_hd__buf_2)
     8    0.031933    0.084686    0.160186    2.164739 v input2/X (sky130_fd_sc_hd__buf_2)
                                                         net2 (net)
                      0.084723    0.001632    2.166370 v _0637_/A (sky130_fd_sc_hd__and2_1)
     4    0.014390    0.082840    0.197393    2.363764 v _0637_/X (sky130_fd_sc_hd__and2_1)
                                                         _0054_ (net)
                      0.082841    0.000455    2.364218 v fanout70/A (sky130_fd_sc_hd__dlymetal6s2s_1)
     5    0.016797    0.095801    0.204901    2.569119 v fanout70/X (sky130_fd_sc_hd__dlymetal6s2s_1)
                                                         net70 (net)
                      0.095801    0.000332    2.569451 v fanout69/A (sky130_fd_sc_hd__dlymetal6s2s_1)
     6    0.016276    0.093621    0.208759    2.778209 v fanout69/X (sky130_fd_sc_hd__dlymetal6s2s_1)
                                                         net69 (net)
                      0.093621    0.000209    2.778419 v _0711_/B (sky130_fd_sc_hd__or2_1)
     1    0.003030    0.049140    0.221629    3.000047 v _0711_/X (sky130_fd_sc_hd__or2_1)
                                                         _0118_ (net)
                      0.049140    0.000072    3.000120 v _0712_/B1 (sky130_fd_sc_hd__o211a_1)
     1    0.002415    0.036536    0.118581    3.118701 v _0712_/X (sky130_fd_sc_hd__o211a_1)
                                                         _0010_ (net)
                      0.036536    0.000054    3.118755 v _1280_/D (sky130_fd_sc_hd__dfxtp_1)
                                              3.118755   data arrival time

                                 10.000000   10.000000   clock aclk (rise edge)
                                  0.000000   10.000000   clock source latency
     1    0.015885    0.077393    0.053115   10.053115 ^ aclk (in)
                                                         aclk (net)
                      0.077407    0.000000   10.053115 ^ clkbuf_0_aclk/A (sky130_fd_sc_hd__clkbuf_16)
     4    0.039251    0.059047    0.152784   10.205898 ^ clkbuf_0_aclk/X (sky130_fd_sc_hd__clkbuf_16)
                                                         clknet_0_aclk (net)
                      0.059104    0.001559   10.207458 ^ clkbuf_2_1__f_aclk/A (sky130_fd_sc_hd__clkbuf_16)
    12    0.039172    0.058988    0.146160   10.353618 ^ clkbuf_2_1__f_aclk/X (sky130_fd_sc_hd__clkbuf_16)
                                                         clknet_2_1__leaf_aclk (net)
                      0.059003    0.000900   10.354518 ^ _1280_/CLK (sky130_fd_sc_hd__dfxtp_1)
                                 -0.250000   10.104518   clock uncertainty
                                  0.000000   10.104518   clock reconvergence pessimism
                                 -0.103546   10.000972   library setup time
                                             10.000972   data required time
---------------------------------------------------------------------------------------------
                                             10.000972   data required time
                                             -3.118755   data arrival time
---------------------------------------------------------------------------------------------
                                              6.882217   slack (MET)


Startpoint: m_axis_tready (input port clocked by aclk)
Endpoint: _1281_ (rising edge-triggered flip-flop clocked by aclk)
Path Group: aclk
Path Type: max

Fanout         Cap        Slew       Delay        Time   Description
---------------------------------------------------------------------------------------------
                                  0.000000    0.000000   clock aclk (rise edge)
                                  0.000000    0.000000   clock network delay (propagated)
                                  2.000000    2.000000 v input external delay
     1    0.002865    0.008774    0.004552    2.004552 v m_axis_tready (in)
                                                         m_axis_tready (net)
                      0.008775    0.000000    2.004552 v input2/A (sky130_fd_sc_hd__buf_2)
     8    0.031933    0.084686    0.160186    2.164739 v input2/X (sky130_fd_sc_hd__buf_2)
                                                         net2 (net)
                      0.084723    0.001632    2.166370 v _0637_/A (sky130_fd_sc_hd__and2_1)
     4    0.014390    0.082840    0.197393    2.363764 v _0637_/X (sky130_fd_sc_hd__and2_1)
                                                         _0054_ (net)
                      0.082841    0.000455    2.364218 v fanout70/A (sky130_fd_sc_hd__dlymetal6s2s_1)
     5    0.016797    0.095801    0.204901    2.569119 v fanout70/X (sky130_fd_sc_hd__dlymetal6s2s_1)
                                                         net70 (net)
                      0.095801    0.000332    2.569451 v fanout69/A (sky130_fd_sc_hd__dlymetal6s2s_1)
     6    0.016276    0.093621    0.208759    2.778209 v fanout69/X (sky130_fd_sc_hd__dlymetal6s2s_1)
                                                         net69 (net)
                      0.093621    0.000422    2.778631 v _0719_/B (sky130_fd_sc_hd__or2_1)
     1    0.002526    0.046216    0.217641    2.996272 v _0719_/X (sky130_fd_sc_hd__or2_1)
                                                         _0125_ (net)
                      0.046216    0.000052    2.996325 v _0720_/B1 (sky130_fd_sc_hd__o211a_1)
     1    0.001995    0.034666    0.114715    3.111040 v _0720_/X (sky130_fd_sc_hd__o211a_1)
                                                         _0011_ (net)
                      0.034666    0.000041    3.111081 v _1281_/D (sky130_fd_sc_hd__dfxtp_1)
                                              3.111081   data arrival time

                                 10.000000   10.000000   clock aclk (rise edge)
                                  0.000000   10.000000   clock source latency
     1    0.015885    0.077393    0.053115   10.053115 ^ aclk (in)
                                                         aclk (net)
                      0.077407    0.000000   10.053115 ^ clkbuf_0_aclk/A (sky130_fd_sc_hd__clkbuf_16)
     4    0.039251    0.059047    0.152784   10.205898 ^ clkbuf_0_aclk/X (sky130_fd_sc_hd__clkbuf_16)
                                                         clknet_0_aclk (net)
                      0.059104    0.001559   10.207458 ^ clkbuf_2_1__f_aclk/A (sky130_fd_sc_hd__clkbuf_16)
    12    0.039172    0.058988    0.146160   10.353618 ^ clkbuf_2_1__f_aclk/X (sky130_fd_sc_hd__clkbuf_16)
                                                         clknet_2_1__leaf_aclk (net)
                      0.059002    0.000883   10.354501 ^ _1281_/CLK (sky130_fd_sc_hd__dfxtp_1)
                                 -0.250000   10.104501   clock uncertainty
                                  0.000000   10.104501   clock reconvergence pessimism
                                 -0.102726   10.001775   library setup time
                                             10.001775   data required time
---------------------------------------------------------------------------------------------
                                             10.001775   data required time
                                             -3.111081   data arrival time
---------------------------------------------------------------------------------------------
                                              6.890694   slack (MET)


Startpoint: m_axis_tready (input port clocked by aclk)
Endpoint: _1275_ (rising edge-triggered flip-flop clocked by aclk)
Path Group: aclk
Path Type: max

Fanout         Cap        Slew       Delay        Time   Description
---------------------------------------------------------------------------------------------
                                  0.000000    0.000000   clock aclk (rise edge)
                                  0.000000    0.000000   clock network delay (propagated)
                                  2.000000    2.000000 ^ input external delay
     1    0.003025    0.020701    0.011114    2.011114 ^ m_axis_tready (in)
                                                         m_axis_tready (net)
                      0.020701    0.000000    2.011114 ^ input2/A (sky130_fd_sc_hd__buf_2)
     8    0.033272    0.165631    0.185048    2.196163 ^ input2/X (sky130_fd_sc_hd__buf_2)
                                                         net2 (net)
                      0.165656    0.001709    2.197872 ^ _0638_/A (sky130_fd_sc_hd__nand2_1)
     2    0.009978    0.091398    0.119674    2.317546 v _0638_/Y (sky130_fd_sc_hd__nand2_1)
                                                         _0055_ (net)
                      0.091398    0.000249    2.317794 v fanout66/A (sky130_fd_sc_hd__clkbuf_2)
     6    0.024208    0.096815    0.181322    2.499116 v fanout66/X (sky130_fd_sc_hd__clkbuf_2)
                                                         net66 (net)
                      0.096816    0.000417    2.499533 v fanout65/A (sky130_fd_sc_hd__dlymetal6s2s_1)
     5    0.018854    0.104819    0.218570    2.718104 v fanout65/X (sky130_fd_sc_hd__dlymetal6s2s_1)
                                                         net65 (net)
                      0.104822    0.000751    2.718854 v _0674_/A1 (sky130_fd_sc_hd__o311a_1)
     1    0.003297    0.054153    0.366851    3.085706 v _0674_/X (sky130_fd_sc_hd__o311a_1)
                                                         _0005_ (net)
                      0.054153    0.000088    3.085794 v _1275_/D (sky130_fd_sc_hd__dfxtp_1)
                                              3.085794   data arrival time

                                 10.000000   10.000000   clock aclk (rise edge)
                                  0.000000   10.000000   clock source latency
     1    0.015885    0.077393    0.053115   10.053115 ^ aclk (in)
                                                         aclk (net)
                      0.077407    0.000000   10.053115 ^ clkbuf_0_aclk/A (sky130_fd_sc_hd__clkbuf_16)
     4    0.039251    0.059047    0.152784   10.205898 ^ clkbuf_0_aclk/X (sky130_fd_sc_hd__clkbuf_16)
                                                         clknet_0_aclk (net)
                      0.059084    0.001283   10.207181 ^ clkbuf_2_3__f_aclk/A (sky130_fd_sc_hd__clkbuf_16)
    14    0.042371    0.061866    0.148589   10.355770 ^ clkbuf_2_3__f_aclk/X (sky130_fd_sc_hd__clkbuf_16)
                                                         clknet_2_3__leaf_aclk (net)
                      0.061889    0.001069   10.356839 ^ _1275_/CLK (sky130_fd_sc_hd__dfxtp_1)
                                 -0.250000   10.106839   clock uncertainty
                                  0.000000   10.106839   clock reconvergence pessimism
                                 -0.110600    9.996240   library setup time
                                              9.996240   data required time
---------------------------------------------------------------------------------------------
                                              9.996240   data required time
                                             -3.085794   data arrival time
---------------------------------------------------------------------------------------------
                                              6.910446   slack (MET)


Startpoint: m_axis_tready (input port clocked by aclk)
Endpoint: _1272_ (rising edge-triggered flip-flop clocked by aclk)
Path Group: aclk
Path Type: max

Fanout         Cap        Slew       Delay        Time   Description
---------------------------------------------------------------------------------------------
                                  0.000000    0.000000   clock aclk (rise edge)
                                  0.000000    0.000000   clock network delay (propagated)
                                  2.000000    2.000000 ^ input external delay
     1    0.003025    0.020701    0.011114    2.011114 ^ m_axis_tready (in)
                                                         m_axis_tready (net)
                      0.020701    0.000000    2.011114 ^ input2/A (sky130_fd_sc_hd__buf_2)
     8    0.033272    0.165631    0.185048    2.196163 ^ input2/X (sky130_fd_sc_hd__buf_2)
                                                         net2 (net)
                      0.165656    0.001690    2.197853 ^ _0637_/A (sky130_fd_sc_hd__and2_1)
     4    0.015096    0.156500    0.229651    2.427504 ^ _0637_/X (sky130_fd_sc_hd__and2_1)
                                                         _0054_ (net)
                      0.156500    0.000462    2.427966 ^ fanout72/A (sky130_fd_sc_hd__clkbuf_2)
     6    0.020644    0.118459    0.194677    2.622643 ^ fanout72/X (sky130_fd_sc_hd__clkbuf_2)
                                                         net72 (net)
                      0.118459    0.000529    2.623172 ^ fanout71/A (sky130_fd_sc_hd__clkbuf_2)
    10    0.030438    0.169171    0.219615    2.842786 ^ fanout71/X (sky130_fd_sc_hd__clkbuf_2)
                                                         net71 (net)
                      0.169175    0.001043    2.843829 ^ _0652_/B1 (sky130_fd_sc_hd__o21ai_1)
     1    0.004127    0.068305    0.099418    2.943248 v _0652_/Y (sky130_fd_sc_hd__o21ai_1)
                                                         _0067_ (net)
                      0.068305    0.000155    2.943402 v _0653_/B1 (sky130_fd_sc_hd__o211a_1)
     1    0.002726    0.038183    0.129235    3.072638 v _0653_/X (sky130_fd_sc_hd__o211a_1)
                                                         _0002_ (net)
                      0.038183    0.000084    3.072722 v _1272_/D (sky130_fd_sc_hd__dfxtp_1)
                                              3.072722   data arrival time

                                 10.000000   10.000000   clock aclk (rise edge)
                                  0.000000   10.000000   clock source latency
     1    0.015885    0.077393    0.053115   10.053115 ^ aclk (in)
                                                         aclk (net)
                      0.077407    0.000000   10.053115 ^ clkbuf_0_aclk/A (sky130_fd_sc_hd__clkbuf_16)
     4    0.039251    0.059047    0.152784   10.205898 ^ clkbuf_0_aclk/X (sky130_fd_sc_hd__clkbuf_16)
                                                         clknet_0_aclk (net)
                      0.059081    0.001251   10.207150 ^ clkbuf_2_2__f_aclk/A (sky130_fd_sc_hd__clkbuf_16)
    14    0.040750    0.060360    0.147111   10.354259 ^ clkbuf_2_2__f_aclk/X (sky130_fd_sc_hd__clkbuf_16)
                                                         clknet_2_2__leaf_aclk (net)
                      0.060453    0.001992   10.356252 ^ _1272_/CLK (sky130_fd_sc_hd__dfxtp_1)
                                 -0.250000   10.106252   clock uncertainty
                                  0.000000   10.106252   clock reconvergence pessimism
                                 -0.103930   10.002322   library setup time
                                             10.002322   data required time
---------------------------------------------------------------------------------------------
                                             10.002322   data required time
                                             -3.072722   data arrival time
---------------------------------------------------------------------------------------------
                                              6.929600   slack (MET)


Startpoint: m_axis_tready (input port clocked by aclk)
Endpoint: _1273_ (rising edge-triggered flip-flop clocked by aclk)
Path Group: aclk
Path Type: max

Fanout         Cap        Slew       Delay        Time   Description
---------------------------------------------------------------------------------------------
                                  0.000000    0.000000   clock aclk (rise edge)
                                  0.000000    0.000000   clock network delay (propagated)
                                  2.000000    2.000000 ^ input external delay
     1    0.003025    0.020701    0.011114    2.011114 ^ m_axis_tready (in)
                                                         m_axis_tready (net)
                      0.020701    0.000000    2.011114 ^ input2/A (sky130_fd_sc_hd__buf_2)
     8    0.033272    0.165631    0.185048    2.196163 ^ input2/X (sky130_fd_sc_hd__buf_2)
                                                         net2 (net)
                      0.165656    0.001690    2.197853 ^ _0637_/A (sky130_fd_sc_hd__and2_1)
     4    0.015096    0.156500    0.229651    2.427504 ^ _0637_/X (sky130_fd_sc_hd__and2_1)
                                                         _0054_ (net)
                      0.156500    0.000462    2.427966 ^ fanout72/A (sky130_fd_sc_hd__clkbuf_2)
     6    0.020644    0.118459    0.194677    2.622643 ^ fanout72/X (sky130_fd_sc_hd__clkbuf_2)
                                                         net72 (net)
                      0.118459    0.000529    2.623172 ^ fanout71/A (sky130_fd_sc_hd__clkbuf_2)
    10    0.030438    0.169171    0.219615    2.842786 ^ fanout71/X (sky130_fd_sc_hd__clkbuf_2)
                                                         net71 (net)
                      0.169176    0.001120    2.843906 ^ _0659_/B1 (sky130_fd_sc_hd__o21ai_1)
     1    0.003556    0.065052    0.095234    2.939140 v _0659_/Y (sky130_fd_sc_hd__o21ai_1)
                                                         _0073_ (net)
                      0.065052    0.000121    2.939261 v _0660_/B1 (sky130_fd_sc_hd__o211a_1)
     1    0.002003    0.034557    0.123308    3.062569 v _0660_/X (sky130_fd_sc_hd__o211a_1)
                                                         _0003_ (net)
                      0.034557    0.000040    3.062610 v _1273_/D (sky130_fd_sc_hd__dfxtp_1)
                                              3.062610   data arrival time

                                 10.000000   10.000000   clock aclk (rise edge)
                                  0.000000   10.000000   clock source latency
     1    0.015885    0.077393    0.053115   10.053115 ^ aclk (in)
                                                         aclk (net)
                      0.077407    0.000000   10.053115 ^ clkbuf_0_aclk/A (sky130_fd_sc_hd__clkbuf_16)
     4    0.039251    0.059047    0.152784   10.205898 ^ clkbuf_0_aclk/X (sky130_fd_sc_hd__clkbuf_16)
                                                         clknet_0_aclk (net)
                      0.059081    0.001251   10.207150 ^ clkbuf_2_2__f_aclk/A (sky130_fd_sc_hd__clkbuf_16)
    14    0.040750    0.060360    0.147111   10.354259 ^ clkbuf_2_2__f_aclk/X (sky130_fd_sc_hd__clkbuf_16)
                                                         clknet_2_2__leaf_aclk (net)
                      0.060441    0.001868   10.356128 ^ _1273_/CLK (sky130_fd_sc_hd__dfxtp_1)
                                 -0.250000   10.106128   clock uncertainty
                                  0.000000   10.106128   clock reconvergence pessimism
                                 -0.102342   10.003786   library setup time
                                             10.003786   data required time
---------------------------------------------------------------------------------------------
                                             10.003786   data required time
                                             -3.062610   data arrival time
---------------------------------------------------------------------------------------------
                                              6.941176   slack (MET)


Startpoint: s_axis_tdata[9] (input port clocked by aclk)
Endpoint: _1303_ (rising edge-triggered flip-flop clocked by aclk)
Path Group: aclk
Path Type: max

Fanout         Cap        Slew       Delay        Time   Description
---------------------------------------------------------------------------------------------
                                  0.000000    0.000000   clock aclk (rise edge)
                                  0.000000    0.000000   clock network delay (propagated)
                                  2.000000    2.000000 ^ input external delay
     1    0.003693    0.023605    0.013459    2.013458 ^ s_axis_tdata[9] (in)
                                                         s_axis_tdata[9] (net)
                      0.023613    0.000000    2.013458 ^ input18/A (sky130_fd_sc_hd__buf_1)
     5    0.016648    0.200255    0.182057    2.195515 ^ input18/X (sky130_fd_sc_hd__buf_1)
                                                         net18 (net)
                      0.200259    0.000763    2.196278 ^ fanout88/A (sky130_fd_sc_hd__buf_2)
    10    0.029742    0.149788    0.232522    2.428799 ^ fanout88/X (sky130_fd_sc_hd__buf_2)
                                                         net88 (net)
                      0.149795    0.001224    2.430024 ^ _0879_/C (sky130_fd_sc_hd__and3_1)
     4    0.012108    0.131035    0.236873    2.666897 ^ _0879_/X (sky130_fd_sc_hd__and3_1)
                                                         _0263_ (net)
                      0.131035    0.000235    2.667131 ^ _0880_/B (sky130_fd_sc_hd__nand2_1)
     1    0.003588    0.058361    0.074107    2.741238 v _0880_/Y (sky130_fd_sc_hd__nand2_1)
                                                         _0264_ (net)
                      0.058361    0.000094    2.741333 v _0881_/A2 (sky130_fd_sc_hd__a21o_1)
     1    0.004942    0.042082    0.187156    2.928489 v _0881_/X (sky130_fd_sc_hd__a21o_1)
                                                         _0265_ (net)
                      0.042082    0.000169    2.928658 v _0882_/B1 (sky130_fd_sc_hd__o211a_1)
     1    0.003070    0.040000    0.119496    3.048154 v _0882_/X (sky130_fd_sc_hd__o211a_1)
                                                         _0033_ (net)
                      0.040000    0.000080    3.048233 v _1303_/D (sky130_fd_sc_hd__dfxtp_1)
                                              3.048233   data arrival time

                                 10.000000   10.000000   clock aclk (rise edge)
                                  0.000000   10.000000   clock source latency
     1    0.015885    0.077393    0.053115   10.053115 ^ aclk (in)
                                                         aclk (net)
                      0.077407    0.000000   10.053115 ^ clkbuf_0_aclk/A (sky130_fd_sc_hd__clkbuf_16)
     4    0.039251    0.059047    0.152784   10.205898 ^ clkbuf_0_aclk/X (sky130_fd_sc_hd__clkbuf_16)
                                                         clknet_0_aclk (net)
                      0.059081    0.001251   10.207150 ^ clkbuf_2_2__f_aclk/A (sky130_fd_sc_hd__clkbuf_16)
    14    0.040750    0.060360    0.147111   10.354259 ^ clkbuf_2_2__f_aclk/X (sky130_fd_sc_hd__clkbuf_16)
                                                         clknet_2_2__leaf_aclk (net)
                      0.060402    0.001405   10.355665 ^ _1303_/CLK (sky130_fd_sc_hd__dfxtp_1)
                                 -0.250000   10.105665   clock uncertainty
                                  0.000000   10.105665   clock reconvergence pessimism
                                 -0.104739   10.000927   library setup time
                                             10.000927   data required time
---------------------------------------------------------------------------------------------
                                             10.000927   data required time
                                             -3.048233   data arrival time
---------------------------------------------------------------------------------------------
                                              6.952693   slack (MET)


Startpoint: m_axis_tready (input port clocked by aclk)
Endpoint: _1279_ (rising edge-triggered flip-flop clocked by aclk)
Path Group: aclk
Path Type: max

Fanout         Cap        Slew       Delay        Time   Description
---------------------------------------------------------------------------------------------
                                  0.000000    0.000000   clock aclk (rise edge)
                                  0.000000    0.000000   clock network delay (propagated)
                                  2.000000    2.000000 ^ input external delay
     1    0.003025    0.020701    0.011114    2.011114 ^ m_axis_tready (in)
                                                         m_axis_tready (net)
                      0.020701    0.000000    2.011114 ^ input2/A (sky130_fd_sc_hd__buf_2)
     8    0.033272    0.165631    0.185048    2.196163 ^ input2/X (sky130_fd_sc_hd__buf_2)
                                                         net2 (net)
                      0.165656    0.001690    2.197853 ^ _0637_/A (sky130_fd_sc_hd__and2_1)
     4    0.015096    0.156500    0.229651    2.427504 ^ _0637_/X (sky130_fd_sc_hd__and2_1)
                                                         _0054_ (net)
                      0.156500    0.000591    2.428095 ^ fanout73/A (sky130_fd_sc_hd__buf_2)
    10    0.032263    0.161450    0.228628    2.656723 ^ fanout73/X (sky130_fd_sc_hd__buf_2)
                                                         net73 (net)
                      0.161466    0.001678    2.658401 ^ _0701_/B1 (sky130_fd_sc_hd__o21ai_1)
     1    0.003250    0.061968    0.091466    2.749867 v _0701_/Y (sky130_fd_sc_hd__o21ai_1)
                                                         _0109_ (net)
                      0.061968    0.000081    2.749949 v _0702_/B1 (sky130_fd_sc_hd__a21o_1)
     1    0.002541    0.031807    0.152090    2.902039 v _0702_/X (sky130_fd_sc_hd__a21o_1)
                                                         _0110_ (net)
                      0.031807    0.000052    2.902091 v _0703_/B1 (sky130_fd_sc_hd__o211a_1)
     1    0.002038    0.034863    0.108644    3.010735 v _0703_/X (sky130_fd_sc_hd__o211a_1)
                                                         _0009_ (net)
                      0.034863    0.000043    3.010777 v _1279_/D (sky130_fd_sc_hd__dfxtp_1)
                                              3.010777   data arrival time

                                 10.000000   10.000000   clock aclk (rise edge)
                                  0.000000   10.000000   clock source latency
     1    0.015885    0.077393    0.053115   10.053115 ^ aclk (in)
                                                         aclk (net)
                      0.077407    0.000000   10.053115 ^ clkbuf_0_aclk/A (sky130_fd_sc_hd__clkbuf_16)
     4    0.039251    0.059047    0.152784   10.205898 ^ clkbuf_0_aclk/X (sky130_fd_sc_hd__clkbuf_16)
                                                         clknet_0_aclk (net)
                      0.059084    0.001283   10.207181 ^ clkbuf_2_3__f_aclk/A (sky130_fd_sc_hd__clkbuf_16)
    14    0.042371    0.061866    0.148589   10.355770 ^ clkbuf_2_3__f_aclk/X (sky130_fd_sc_hd__clkbuf_16)
                                                         clknet_2_3__leaf_aclk (net)
                      0.061886    0.001008   10.356778 ^ _1279_/CLK (sky130_fd_sc_hd__dfxtp_1)
                                 -0.250000   10.106778   clock uncertainty
                                  0.000000   10.106778   clock reconvergence pessimism
                                 -0.102139   10.004640   library setup time
                                             10.004640   data required time
---------------------------------------------------------------------------------------------
                                             10.004640   data required time
                                             -3.010777   data arrival time
---------------------------------------------------------------------------------------------
                                              6.993862   slack (MET)


Startpoint: m_axis_tready (input port clocked by aclk)
Endpoint: _1320_ (rising edge-triggered flip-flop clocked by aclk)
Path Group: aclk
Path Type: max

Fanout         Cap        Slew       Delay        Time   Description
---------------------------------------------------------------------------------------------
                                  0.000000    0.000000   clock aclk (rise edge)
                                  0.000000    0.000000   clock network delay (propagated)
                                  2.000000    2.000000 ^ input external delay
     1    0.003025    0.020701    0.011114    2.011114 ^ m_axis_tready (in)
                                                         m_axis_tready (net)
                      0.020701    0.000000    2.011114 ^ input2/A (sky130_fd_sc_hd__buf_2)
     8    0.033272    0.165631    0.185048    2.196163 ^ input2/X (sky130_fd_sc_hd__buf_2)
                                                         net2 (net)
                      0.165656    0.001690    2.197853 ^ _0637_/A (sky130_fd_sc_hd__and2_1)
     4    0.015096    0.156500    0.229651    2.427504 ^ _0637_/X (sky130_fd_sc_hd__and2_1)
                                                         _0054_ (net)
                      0.156500    0.000479    2.427983 ^ fanout70/A (sky130_fd_sc_hd__dlymetal6s2s_1)
     5    0.017742    0.194033    0.227542    2.655525 ^ fanout70/X (sky130_fd_sc_hd__dlymetal6s2s_1)
                                                         net70 (net)
                      0.194033    0.000306    2.655831 ^ fanout67/A (sky130_fd_sc_hd__buf_2)
    10    0.035255    0.175456    0.248470    2.904301 ^ fanout67/X (sky130_fd_sc_hd__buf_2)
                                                         net67 (net)
                      0.175480    0.002048    2.906349 ^ _1267_/A1 (sky130_fd_sc_hd__o21a_1)
     1    0.002024    0.035744    0.141076    3.047425 ^ _1267_/X (sky130_fd_sc_hd__o21a_1)
                                                         _0050_ (net)
                      0.035744    0.000042    3.047467 ^ _1320_/D (sky130_fd_sc_hd__dfxtp_1)
                                              3.047467   data arrival time

                                 10.000000   10.000000   clock aclk (rise edge)
                                  0.000000   10.000000   clock source latency
     1    0.015885    0.077393    0.053115   10.053115 ^ aclk (in)
                                                         aclk (net)
                      0.077407    0.000000   10.053115 ^ clkbuf_0_aclk/A (sky130_fd_sc_hd__clkbuf_16)
     4    0.039251    0.059047    0.152784   10.205898 ^ clkbuf_0_aclk/X (sky130_fd_sc_hd__clkbuf_16)
                                                         clknet_0_aclk (net)
                      0.059099    0.001497   10.207396 ^ clkbuf_2_0__f_aclk/A (sky130_fd_sc_hd__clkbuf_16)
    14    0.041031    0.060606    0.147314   10.354710 ^ clkbuf_2_0__f_aclk/X (sky130_fd_sc_hd__clkbuf_16)
                                                         clknet_2_0__leaf_aclk (net)
                      0.060697    0.001993   10.356703 ^ _1320_/CLK (sky130_fd_sc_hd__dfxtp_1)
                                 -0.250000   10.106703   clock uncertainty
                                  0.000000   10.106703   clock reconvergence pessimism
                                 -0.049623   10.057080   library setup time
                                             10.057080   data required time
---------------------------------------------------------------------------------------------
                                             10.057080   data required time
                                             -3.047467   data arrival time
---------------------------------------------------------------------------------------------
                                              7.009613   slack (MET)


Startpoint: m_axis_tready (input port clocked by aclk)
Endpoint: _1271_ (rising edge-triggered flip-flop clocked by aclk)
Path Group: aclk
Path Type: max

Fanout         Cap        Slew       Delay        Time   Description
---------------------------------------------------------------------------------------------
                                  0.000000    0.000000   clock aclk (rise edge)
                                  0.000000    0.000000   clock network delay (propagated)
                                  2.000000    2.000000 ^ input external delay
     1    0.003025    0.020701    0.011114    2.011114 ^ m_axis_tready (in)
                                                         m_axis_tready (net)
                      0.020701    0.000000    2.011114 ^ input2/A (sky130_fd_sc_hd__buf_2)
     8    0.033272    0.165631    0.185048    2.196163 ^ input2/X (sky130_fd_sc_hd__buf_2)
                                                         net2 (net)
                      0.165656    0.001709    2.197872 ^ _0638_/A (sky130_fd_sc_hd__nand2_1)
     2    0.009978    0.091398    0.119674    2.317546 v _0638_/Y (sky130_fd_sc_hd__nand2_1)
                                                         _0055_ (net)
                      0.091398    0.000249    2.317794 v fanout66/A (sky130_fd_sc_hd__clkbuf_2)
     6    0.024208    0.096815    0.181322    2.499116 v fanout66/X (sky130_fd_sc_hd__clkbuf_2)
                                                         net66 (net)
                      0.096816    0.000417    2.499533 v fanout65/A (sky130_fd_sc_hd__dlymetal6s2s_1)
     5    0.018854    0.104819    0.218570    2.718104 v fanout65/X (sky130_fd_sc_hd__dlymetal6s2s_1)
                                                         net65 (net)
                      0.104819    0.000309    2.718413 v _0646_/A1 (sky130_fd_sc_hd__o211a_1)
     1    0.002025    0.034797    0.232431    2.950844 v _0646_/X (sky130_fd_sc_hd__o211a_1)
                                                         _0001_ (net)
                      0.034797    0.000041    2.950885 v _1271_/D (sky130_fd_sc_hd__dfxtp_1)
                                              2.950885   data arrival time

                                 10.000000   10.000000   clock aclk (rise edge)
                                  0.000000   10.000000   clock source latency
     1    0.015885    0.077393    0.053115   10.053115 ^ aclk (in)
                                                         aclk (net)
                      0.077407    0.000000   10.053115 ^ clkbuf_0_aclk/A (sky130_fd_sc_hd__clkbuf_16)
     4    0.039251    0.059047    0.152784   10.205898 ^ clkbuf_0_aclk/X (sky130_fd_sc_hd__clkbuf_16)
                                                         clknet_0_aclk (net)
                      0.059081    0.001251   10.207150 ^ clkbuf_2_2__f_aclk/A (sky130_fd_sc_hd__clkbuf_16)
    14    0.040750    0.060360    0.147111   10.354259 ^ clkbuf_2_2__f_aclk/X (sky130_fd_sc_hd__clkbuf_16)
                                                         clknet_2_2__leaf_aclk (net)
                      0.060401    0.001388   10.355648 ^ _1271_/CLK (sky130_fd_sc_hd__dfxtp_1)
                                 -0.250000   10.105648   clock uncertainty
                                  0.000000   10.105648   clock reconvergence pessimism
                                 -0.102457   10.003191   library setup time
                                             10.003191   data required time
---------------------------------------------------------------------------------------------
                                             10.003191   data required time
                                             -2.950885   data arrival time
---------------------------------------------------------------------------------------------
                                              7.052307   slack (MET)


Startpoint: m_axis_tready (input port clocked by aclk)
Endpoint: _1277_ (rising edge-triggered flip-flop clocked by aclk)
Path Group: aclk
Path Type: max

Fanout         Cap        Slew       Delay        Time   Description
---------------------------------------------------------------------------------------------
                                  0.000000    0.000000   clock aclk (rise edge)
                                  0.000000    0.000000   clock network delay (propagated)
                                  2.000000    2.000000 ^ input external delay
     1    0.003025    0.020701    0.011114    2.011114 ^ m_axis_tready (in)
                                                         m_axis_tready (net)
                      0.020701    0.000000    2.011114 ^ input2/A (sky130_fd_sc_hd__buf_2)
     8    0.033272    0.165631    0.185048    2.196163 ^ input2/X (sky130_fd_sc_hd__buf_2)
                                                         net2 (net)
                      0.165656    0.001709    2.197872 ^ _0638_/A (sky130_fd_sc_hd__nand2_1)
     2    0.009978    0.091398    0.119674    2.317546 v _0638_/Y (sky130_fd_sc_hd__nand2_1)
                                                         _0055_ (net)
                      0.091398    0.000249    2.317794 v fanout66/A (sky130_fd_sc_hd__clkbuf_2)
     6    0.024208    0.096815    0.181322    2.499116 v fanout66/X (sky130_fd_sc_hd__clkbuf_2)
                                                         net66 (net)
                      0.096815    0.000360    2.499476 v fanout64/A (sky130_fd_sc_hd__clkbuf_4)
    10    0.038073    0.086409    0.211445    2.710922 v fanout64/X (sky130_fd_sc_hd__clkbuf_4)
                                                         net64 (net)
                      0.086422    0.001071    2.711993 v _0689_/A1 (sky130_fd_sc_hd__o211a_1)
     1    0.003515    0.042138    0.236281    2.948274 v _0689_/X (sky130_fd_sc_hd__o211a_1)
                                                         _0007_ (net)
                      0.042138    0.000121    2.948395 v _1277_/D (sky130_fd_sc_hd__dfxtp_1)
                                              2.948395   data arrival time

                                 10.000000   10.000000   clock aclk (rise edge)
                                  0.000000   10.000000   clock source latency
     1    0.015885    0.077393    0.053115   10.053115 ^ aclk (in)
                                                         aclk (net)
                      0.077407    0.000000   10.053115 ^ clkbuf_0_aclk/A (sky130_fd_sc_hd__clkbuf_16)
     4    0.039251    0.059047    0.152784   10.205898 ^ clkbuf_0_aclk/X (sky130_fd_sc_hd__clkbuf_16)
                                                         clknet_0_aclk (net)
                      0.059084    0.001283   10.207181 ^ clkbuf_2_3__f_aclk/A (sky130_fd_sc_hd__clkbuf_16)
    14    0.042371    0.061866    0.148589   10.355770 ^ clkbuf_2_3__f_aclk/X (sky130_fd_sc_hd__clkbuf_16)
                                                         clknet_2_3__leaf_aclk (net)
                      0.061874    0.000693   10.356462 ^ _1277_/CLK (sky130_fd_sc_hd__dfxtp_1)
                                 -0.250000   10.106462   clock uncertainty
                                  0.000000   10.106462   clock reconvergence pessimism
                                 -0.105333   10.001130   library setup time
                                             10.001130   data required time
---------------------------------------------------------------------------------------------
                                             10.001130   data required time
                                             -2.948395   data arrival time
---------------------------------------------------------------------------------------------
                                              7.052734   slack (MET)


Startpoint: m_axis_tready (input port clocked by aclk)
Endpoint: _1270_ (rising edge-triggered flip-flop clocked by aclk)
Path Group: aclk
Path Type: max

Fanout         Cap        Slew       Delay        Time   Description
---------------------------------------------------------------------------------------------
                                  0.000000    0.000000   clock aclk (rise edge)
                                  0.000000    0.000000   clock network delay (propagated)
                                  2.000000    2.000000 ^ input external delay
     1    0.003025    0.020701    0.011114    2.011114 ^ m_axis_tready (in)
                                                         m_axis_tready (net)
                      0.020701    0.000000    2.011114 ^ input2/A (sky130_fd_sc_hd__buf_2)
     8    0.033272    0.165631    0.185048    2.196163 ^ input2/X (sky130_fd_sc_hd__buf_2)
                                                         net2 (net)
                      0.165656    0.001709    2.197872 ^ _0638_/A (sky130_fd_sc_hd__nand2_1)
     2    0.009978    0.091398    0.119674    2.317546 v _0638_/Y (sky130_fd_sc_hd__nand2_1)
                                                         _0055_ (net)
                      0.091398    0.000249    2.317794 v fanout66/A (sky130_fd_sc_hd__clkbuf_2)
     6    0.024208    0.096815    0.181322    2.499116 v fanout66/X (sky130_fd_sc_hd__clkbuf_2)
                                                         net66 (net)
                      0.096816    0.000417    2.499533 v fanout65/A (sky130_fd_sc_hd__dlymetal6s2s_1)
     5    0.018854    0.104819    0.218570    2.718104 v fanout65/X (sky130_fd_sc_hd__dlymetal6s2s_1)
                                                         net65 (net)
                      0.104819    0.000226    2.718329 v _0641_/A1 (sky130_fd_sc_hd__o211a_1)
     1    0.001925    0.034430    0.231721    2.950050 v _0641_/X (sky130_fd_sc_hd__o211a_1)
                                                         _0000_ (net)
                      0.034430    0.000039    2.950089 v _1270_/D (sky130_fd_sc_hd__dfxtp_1)
                                              2.950089   data arrival time

                                 10.000000   10.000000   clock aclk (rise edge)
                                  0.000000   10.000000   clock source latency
     1    0.015885    0.077393    0.053115   10.053115 ^ aclk (in)
                                                         aclk (net)
                      0.077407    0.000000   10.053115 ^ clkbuf_0_aclk/A (sky130_fd_sc_hd__clkbuf_16)
     4    0.039251    0.059047    0.152784   10.205898 ^ clkbuf_0_aclk/X (sky130_fd_sc_hd__clkbuf_16)
                                                         clknet_0_aclk (net)
                      0.059081    0.001251   10.207150 ^ clkbuf_2_2__f_aclk/A (sky130_fd_sc_hd__clkbuf_16)
    14    0.040750    0.060360    0.147111   10.354259 ^ clkbuf_2_2__f_aclk/X (sky130_fd_sc_hd__clkbuf_16)
                                                         clknet_2_2__leaf_aclk (net)
                      0.060395    0.001300   10.355560 ^ _1270_/CLK (sky130_fd_sc_hd__dfxtp_1)
                                 -0.250000   10.105560   clock uncertainty
                                  0.000000   10.105560   clock reconvergence pessimism
                                 -0.102297   10.003263   library setup time
                                             10.003263   data required time
---------------------------------------------------------------------------------------------
                                             10.003263   data required time
                                             -2.950089   data arrival time
---------------------------------------------------------------------------------------------
                                              7.053174   slack (MET)


Startpoint: m_axis_tready (input port clocked by aclk)
Endpoint: _1302_ (rising edge-triggered flip-flop clocked by aclk)
Path Group: aclk
Path Type: max

Fanout         Cap        Slew       Delay        Time   Description
---------------------------------------------------------------------------------------------
                                  0.000000    0.000000   clock aclk (rise edge)
                                  0.000000    0.000000   clock network delay (propagated)
                                  2.000000    2.000000 ^ input external delay
     1    0.003025    0.020701    0.011114    2.011114 ^ m_axis_tready (in)
                                                         m_axis_tready (net)
                      0.020701    0.000000    2.011114 ^ input2/A (sky130_fd_sc_hd__buf_2)
     8    0.033272    0.165631    0.185048    2.196163 ^ input2/X (sky130_fd_sc_hd__buf_2)
                                                         net2 (net)
                      0.165656    0.001690    2.197853 ^ _0637_/A (sky130_fd_sc_hd__and2_1)
     4    0.015096    0.156500    0.229651    2.427504 ^ _0637_/X (sky130_fd_sc_hd__and2_1)
                                                         _0054_ (net)
                      0.156500    0.000462    2.427966 ^ fanout72/A (sky130_fd_sc_hd__clkbuf_2)
     6    0.020644    0.118459    0.194677    2.622643 ^ fanout72/X (sky130_fd_sc_hd__clkbuf_2)
                                                         net72 (net)
                      0.118459    0.000529    2.623172 ^ fanout71/A (sky130_fd_sc_hd__clkbuf_2)
    10    0.030438    0.169171    0.219615    2.842786 ^ fanout71/X (sky130_fd_sc_hd__clkbuf_2)
                                                         net71 (net)
                      0.169171    0.000526    2.843312 ^ _0877_/A2 (sky130_fd_sc_hd__o211a_1)
     1    0.002171    0.038458    0.148848    2.992160 ^ _0877_/X (sky130_fd_sc_hd__o211a_1)
                                                         _0032_ (net)
                      0.038458    0.000045    2.992205 ^ _1302_/D (sky130_fd_sc_hd__dfxtp_1)
                                              2.992205   data arrival time

                                 10.000000   10.000000   clock aclk (rise edge)
                                  0.000000   10.000000   clock source latency
     1    0.015885    0.077393    0.053115   10.053115 ^ aclk (in)
                                                         aclk (net)
                      0.077407    0.000000   10.053115 ^ clkbuf_0_aclk/A (sky130_fd_sc_hd__clkbuf_16)
     4    0.039251    0.059047    0.152784   10.205898 ^ clkbuf_0_aclk/X (sky130_fd_sc_hd__clkbuf_16)
                                                         clknet_0_aclk (net)
                      0.059081    0.001251   10.207150 ^ clkbuf_2_2__f_aclk/A (sky130_fd_sc_hd__clkbuf_16)
    14    0.040750    0.060360    0.147111   10.354259 ^ clkbuf_2_2__f_aclk/X (sky130_fd_sc_hd__clkbuf_16)
                                                         clknet_2_2__leaf_aclk (net)
                      0.060398    0.001340   10.355600 ^ _1302_/CLK (sky130_fd_sc_hd__dfxtp_1)
                                 -0.250000   10.105600   clock uncertainty
                                  0.000000   10.105600   clock reconvergence pessimism
                                 -0.050290   10.055309   library setup time
                                             10.055309   data required time
---------------------------------------------------------------------------------------------
                                             10.055309   data required time
                                             -2.992205   data arrival time
---------------------------------------------------------------------------------------------
                                              7.063105   slack (MET)


Startpoint: m_axis_tready (input port clocked by aclk)
Endpoint: _1274_ (rising edge-triggered flip-flop clocked by aclk)
Path Group: aclk
Path Type: max

Fanout         Cap        Slew       Delay        Time   Description
---------------------------------------------------------------------------------------------
                                  0.000000    0.000000   clock aclk (rise edge)
                                  0.000000    0.000000   clock network delay (propagated)
                                  2.000000    2.000000 ^ input external delay
     1    0.003025    0.020701    0.011114    2.011114 ^ m_axis_tready (in)
                                                         m_axis_tready (net)
                      0.020701    0.000000    2.011114 ^ input2/A (sky130_fd_sc_hd__buf_2)
     8    0.033272    0.165631    0.185048    2.196163 ^ input2/X (sky130_fd_sc_hd__buf_2)
                                                         net2 (net)
                      0.165656    0.001709    2.197872 ^ _0638_/A (sky130_fd_sc_hd__nand2_1)
     2    0.009978    0.091398    0.119674    2.317546 v _0638_/Y (sky130_fd_sc_hd__nand2_1)
                                                         _0055_ (net)
                      0.091398    0.000249    2.317794 v fanout66/A (sky130_fd_sc_hd__clkbuf_2)
     6    0.024208    0.096815    0.181322    2.499116 v fanout66/X (sky130_fd_sc_hd__clkbuf_2)
                                                         net66 (net)
                      0.096815    0.000360    2.499476 v fanout64/A (sky130_fd_sc_hd__clkbuf_4)
    10    0.038073    0.086409    0.211445    2.710922 v fanout64/X (sky130_fd_sc_hd__clkbuf_4)
                                                         net64 (net)
                      0.086414    0.000769    2.711691 v _0667_/A1 (sky130_fd_sc_hd__o211a_1)
     1    0.002178    0.035511    0.226722    2.938413 v _0667_/X (sky130_fd_sc_hd__o211a_1)
                                                         _0004_ (net)
                      0.035511    0.000045    2.938458 v _1274_/D (sky130_fd_sc_hd__dfxtp_1)
                                              2.938458   data arrival time

                                 10.000000   10.000000   clock aclk (rise edge)
                                  0.000000   10.000000   clock source latency
     1    0.015885    0.077393    0.053115   10.053115 ^ aclk (in)
                                                         aclk (net)
                      0.077407    0.000000   10.053115 ^ clkbuf_0_aclk/A (sky130_fd_sc_hd__clkbuf_16)
     4    0.039251    0.059047    0.152784   10.205898 ^ clkbuf_0_aclk/X (sky130_fd_sc_hd__clkbuf_16)
                                                         clknet_0_aclk (net)
                      0.059084    0.001283   10.207181 ^ clkbuf_2_3__f_aclk/A (sky130_fd_sc_hd__clkbuf_16)
    14    0.042371    0.061866    0.148589   10.355770 ^ clkbuf_2_3__f_aclk/X (sky130_fd_sc_hd__clkbuf_16)
                                                         clknet_2_3__leaf_aclk (net)
                      0.061889    0.001055   10.356825 ^ _1274_/CLK (sky130_fd_sc_hd__dfxtp_1)
                                 -0.250000   10.106825   clock uncertainty
                                  0.000000   10.106825   clock reconvergence pessimism
                                 -0.102423   10.004402   library setup time
                                             10.004402   data required time
---------------------------------------------------------------------------------------------
                                             10.004402   data required time
                                             -2.938458   data arrival time
---------------------------------------------------------------------------------------------
                                              7.065945   slack (MET)


Startpoint: m_axis_tready (input port clocked by aclk)
Endpoint: _1276_ (rising edge-triggered flip-flop clocked by aclk)
Path Group: aclk
Path Type: max

Fanout         Cap        Slew       Delay        Time   Description
---------------------------------------------------------------------------------------------
                                  0.000000    0.000000   clock aclk (rise edge)
                                  0.000000    0.000000   clock network delay (propagated)
                                  2.000000    2.000000 ^ input external delay
     1    0.003025    0.020701    0.011114    2.011114 ^ m_axis_tready (in)
                                                         m_axis_tready (net)
                      0.020701    0.000000    2.011114 ^ input2/A (sky130_fd_sc_hd__buf_2)
     8    0.033272    0.165631    0.185048    2.196163 ^ input2/X (sky130_fd_sc_hd__buf_2)
                                                         net2 (net)
                      0.165656    0.001690    2.197853 ^ _0637_/A (sky130_fd_sc_hd__and2_1)
     4    0.015096    0.156500    0.229651    2.427504 ^ _0637_/X (sky130_fd_sc_hd__and2_1)
                                                         _0054_ (net)
                      0.156500    0.000532    2.428036 ^ fanout74/A (sky130_fd_sc_hd__dlymetal6s2s_1)
     7    0.022196    0.235668    0.256584    2.684620 ^ fanout74/X (sky130_fd_sc_hd__dlymetal6s2s_1)
                                                         net74 (net)
                      0.235671    0.000656    2.685276 ^ _0681_/A (sky130_fd_sc_hd__nand2_1)
     1    0.003879    0.071062    0.090167    2.775443 v _0681_/Y (sky130_fd_sc_hd__nand2_1)
                                                         _0092_ (net)
                      0.071062    0.000143    2.775586 v _0682_/B1 (sky130_fd_sc_hd__o211a_1)
     1    0.001953    0.034366    0.125774    2.901360 v _0682_/X (sky130_fd_sc_hd__o211a_1)
                                                         _0006_ (net)
                      0.034366    0.000039    2.901399 v _1276_/D (sky130_fd_sc_hd__dfxtp_1)
                                              2.901399   data arrival time

                                 10.000000   10.000000   clock aclk (rise edge)
                                  0.000000   10.000000   clock source latency
     1    0.015885    0.077393    0.053115   10.053115 ^ aclk (in)
                                                         aclk (net)
                      0.077407    0.000000   10.053115 ^ clkbuf_0_aclk/A (sky130_fd_sc_hd__clkbuf_16)
     4    0.039251    0.059047    0.152784   10.205898 ^ clkbuf_0_aclk/X (sky130_fd_sc_hd__clkbuf_16)
                                                         clknet_0_aclk (net)
                      0.059084    0.001283   10.207181 ^ clkbuf_2_3__f_aclk/A (sky130_fd_sc_hd__clkbuf_16)
    14    0.042371    0.061866    0.148589   10.355770 ^ clkbuf_2_3__f_aclk/X (sky130_fd_sc_hd__clkbuf_16)
                                                         clknet_2_3__leaf_aclk (net)
                      0.061885    0.000981   10.356751 ^ _1276_/CLK (sky130_fd_sc_hd__dfxtp_1)
                                 -0.250000   10.106751   clock uncertainty
                                  0.000000   10.106751   clock reconvergence pessimism
                                 -0.101921   10.004830   library setup time
                                             10.004830   data required time
---------------------------------------------------------------------------------------------
                                             10.004830   data required time
                                             -2.901399   data arrival time
---------------------------------------------------------------------------------------------
                                              7.103431   slack (MET)


Startpoint: m_axis_tready (input port clocked by aclk)
Endpoint: _1278_ (rising edge-triggered flip-flop clocked by aclk)
Path Group: aclk
Path Type: max

Fanout         Cap        Slew       Delay        Time   Description
---------------------------------------------------------------------------------------------
                                  0.000000    0.000000   clock aclk (rise edge)
                                  0.000000    0.000000   clock network delay (propagated)
                                  2.000000    2.000000 ^ input external delay
     1    0.003025    0.020701    0.011114    2.011114 ^ m_axis_tready (in)
                                                         m_axis_tready (net)
                      0.020701    0.000000    2.011114 ^ input2/A (sky130_fd_sc_hd__buf_2)
     8    0.033272    0.165631    0.185048    2.196163 ^ input2/X (sky130_fd_sc_hd__buf_2)
                                                         net2 (net)
                      0.165656    0.001690    2.197853 ^ _0637_/A (sky130_fd_sc_hd__and2_1)
     4    0.015096    0.156500    0.229651    2.427504 ^ _0637_/X (sky130_fd_sc_hd__and2_1)
                                                         _0054_ (net)
                      0.156500    0.000591    2.428095 ^ fanout73/A (sky130_fd_sc_hd__buf_2)
    10    0.032263    0.161450    0.228628    2.656723 ^ fanout73/X (sky130_fd_sc_hd__buf_2)
                                                         net73 (net)
                      0.161463    0.001558    2.658281 ^ _0695_/A (sky130_fd_sc_hd__nand2_1)
     1    0.003503    0.055993    0.075870    2.734151 v _0695_/Y (sky130_fd_sc_hd__nand2_1)
                                                         _0104_ (net)
                      0.055993    0.000120    2.734270 v _0696_/B1 (sky130_fd_sc_hd__o211a_1)
     1    0.003197    0.040483    0.126451    2.860721 v _0696_/X (sky130_fd_sc_hd__o211a_1)
                                                         _0008_ (net)
                      0.040483    0.000086    2.860807 v _1278_/D (sky130_fd_sc_hd__dfxtp_1)
                                              2.860807   data arrival time

                                 10.000000   10.000000   clock aclk (rise edge)
                                  0.000000   10.000000   clock source latency
     1    0.015885    0.077393    0.053115   10.053115 ^ aclk (in)
                                                         aclk (net)
                      0.077407    0.000000   10.053115 ^ clkbuf_0_aclk/A (sky130_fd_sc_hd__clkbuf_16)
     4    0.039251    0.059047    0.152784   10.205898 ^ clkbuf_0_aclk/X (sky130_fd_sc_hd__clkbuf_16)
                                                         clknet_0_aclk (net)
                      0.059084    0.001283   10.207181 ^ clkbuf_2_3__f_aclk/A (sky130_fd_sc_hd__clkbuf_16)
    14    0.042371    0.061866    0.148589   10.355770 ^ clkbuf_2_3__f_aclk/X (sky130_fd_sc_hd__clkbuf_16)
                                                         clknet_2_3__leaf_aclk (net)
                      0.061874    0.000699   10.356469 ^ _1278_/CLK (sky130_fd_sc_hd__dfxtp_1)
                                 -0.250000   10.106469   clock uncertainty
                                  0.000000   10.106469   clock reconvergence pessimism
                                 -0.104607   10.001862   library setup time
                                             10.001862   data required time
---------------------------------------------------------------------------------------------
                                             10.001862   data required time
                                             -2.860807   data arrival time
---------------------------------------------------------------------------------------------
                                              7.141055   slack (MET)


Startpoint: aresetn (input port clocked by aclk)
Endpoint: _1321_ (rising edge-triggered flip-flop clocked by aclk)
Path Group: aclk
Path Type: max

Fanout         Cap        Slew       Delay        Time   Description
---------------------------------------------------------------------------------------------
                                  0.000000    0.000000   clock aclk (rise edge)
                                  0.000000    0.000000   clock network delay (propagated)
                                  2.000000    2.000000 ^ input external delay
     1    0.003040    0.020768    0.011171    2.011171 ^ aresetn (in)
                                                         aresetn (net)
                      0.020768    0.000000    2.011171 ^ input1/A (sky130_fd_sc_hd__buf_1)
     2    0.010481    0.130117    0.132993    2.144164 ^ input1/X (sky130_fd_sc_hd__buf_1)
                                                         net1 (net)
                      0.130118    0.000221    2.144385 ^ fanout104/A (sky130_fd_sc_hd__buf_2)
     8    0.033553    0.167442    0.225598    2.369982 ^ fanout104/X (sky130_fd_sc_hd__buf_2)
                                                         net104 (net)
                      0.167458    0.001743    2.371726 ^ fanout102/A (sky130_fd_sc_hd__buf_2)
    10    0.033649    0.167830    0.236567    2.608292 ^ fanout102/X (sky130_fd_sc_hd__buf_2)
                                                         net102 (net)
                      0.167831    0.000797    2.609089 ^ _1269_/A (sky130_fd_sc_hd__and2_1)
     1    0.002974    0.049004    0.147891    2.756980 ^ _1269_/X (sky130_fd_sc_hd__and2_1)
                                                         _0051_ (net)
                      0.049004    0.000076    2.757056 ^ _1321_/D (sky130_fd_sc_hd__dfxtp_1)
                                              2.757056   data arrival time

                                 10.000000   10.000000   clock aclk (rise edge)
                                  0.000000   10.000000   clock source latency
     1    0.015885    0.077393    0.053115   10.053115 ^ aclk (in)
                                                         aclk (net)
                      0.077407    0.000000   10.053115 ^ clkbuf_0_aclk/A (sky130_fd_sc_hd__clkbuf_16)
     4    0.039251    0.059047    0.152784   10.205898 ^ clkbuf_0_aclk/X (sky130_fd_sc_hd__clkbuf_16)
                                                         clknet_0_aclk (net)
                      0.059099    0.001497   10.207396 ^ clkbuf_2_0__f_aclk/A (sky130_fd_sc_hd__clkbuf_16)
    14    0.041031    0.060606    0.147314   10.354710 ^ clkbuf_2_0__f_aclk/X (sky130_fd_sc_hd__clkbuf_16)
                                                         clknet_2_0__leaf_aclk (net)
                      0.060705    0.002073   10.356782 ^ _1321_/CLK (sky130_fd_sc_hd__dfxtp_1)
                                 -0.250000   10.106782   clock uncertainty
                                  0.000000   10.106782   clock reconvergence pessimism
                                 -0.052676   10.054107   library setup time
                                             10.054107   data required time
---------------------------------------------------------------------------------------------
                                             10.054107   data required time
                                             -2.757056   data arrival time
---------------------------------------------------------------------------------------------
                                              7.297050   slack (MET)


Startpoint: aresetn (input port clocked by aclk)
Endpoint: _1319_ (rising edge-triggered flip-flop clocked by aclk)
Path Group: aclk
Path Type: max

Fanout         Cap        Slew       Delay        Time   Description
---------------------------------------------------------------------------------------------
                                  0.000000    0.000000   clock aclk (rise edge)
                                  0.000000    0.000000   clock network delay (propagated)
                                  2.000000    2.000000 ^ input external delay
     1    0.003040    0.020768    0.011171    2.011171 ^ aresetn (in)
                                                         aresetn (net)
                      0.020768    0.000000    2.011171 ^ input1/A (sky130_fd_sc_hd__buf_1)
     2    0.010481    0.130117    0.132993    2.144164 ^ input1/X (sky130_fd_sc_hd__buf_1)
                                                         net1 (net)
                      0.130118    0.000221    2.144385 ^ fanout104/A (sky130_fd_sc_hd__buf_2)
     8    0.033553    0.167442    0.225598    2.369982 ^ fanout104/X (sky130_fd_sc_hd__buf_2)
                                                         net104 (net)
                      0.167458    0.001743    2.371726 ^ fanout102/A (sky130_fd_sc_hd__buf_2)
    10    0.033649    0.167830    0.236567    2.608292 ^ fanout102/X (sky130_fd_sc_hd__buf_2)
                                                         net102 (net)
                      0.167833    0.001014    2.609306 ^ _1265_/A (sky130_fd_sc_hd__and2_1)
     1    0.002357    0.043979    0.143102    2.752408 ^ _1265_/X (sky130_fd_sc_hd__and2_1)
                                                         _0049_ (net)
                      0.043979    0.000050    2.752458 ^ _1319_/D (sky130_fd_sc_hd__dfxtp_1)
                                              2.752458   data arrival time

                                 10.000000   10.000000   clock aclk (rise edge)
                                  0.000000   10.000000   clock source latency
     1    0.015885    0.077393    0.053115   10.053115 ^ aclk (in)
                                                         aclk (net)
                      0.077407    0.000000   10.053115 ^ clkbuf_0_aclk/A (sky130_fd_sc_hd__clkbuf_16)
     4    0.039251    0.059047    0.152784   10.205898 ^ clkbuf_0_aclk/X (sky130_fd_sc_hd__clkbuf_16)
                                                         clknet_0_aclk (net)
                      0.059099    0.001497   10.207396 ^ clkbuf_2_0__f_aclk/A (sky130_fd_sc_hd__clkbuf_16)
    14    0.041031    0.060606    0.147314   10.354710 ^ clkbuf_2_0__f_aclk/X (sky130_fd_sc_hd__clkbuf_16)
                                                         clknet_2_0__leaf_aclk (net)
                      0.060693    0.001942   10.356651 ^ _1319_/CLK (sky130_fd_sc_hd__dfxtp_1)
                                 -0.250000   10.106651   clock uncertainty
                                  0.000000   10.106651   clock reconvergence pessimism
                                 -0.051520   10.055130   library setup time
                                             10.055130   data required time
---------------------------------------------------------------------------------------------
                                             10.055130   data required time
                                             -2.752458   data arrival time
---------------------------------------------------------------------------------------------
                                              7.302672   slack (MET)


Startpoint: aresetn (input port clocked by aclk)
Endpoint: _1318_ (rising edge-triggered flip-flop clocked by aclk)
Path Group: aclk
Path Type: max

Fanout         Cap        Slew       Delay        Time   Description
---------------------------------------------------------------------------------------------
                                  0.000000    0.000000   clock aclk (rise edge)
                                  0.000000    0.000000   clock network delay (propagated)
                                  2.000000    2.000000 ^ input external delay
     1    0.003040    0.020768    0.011171    2.011171 ^ aresetn (in)
                                                         aresetn (net)
                      0.020768    0.000000    2.011171 ^ input1/A (sky130_fd_sc_hd__buf_1)
     2    0.010481    0.130117    0.132993    2.144164 ^ input1/X (sky130_fd_sc_hd__buf_1)
                                                         net1 (net)
                      0.130118    0.000221    2.144385 ^ fanout104/A (sky130_fd_sc_hd__buf_2)
     8    0.033553    0.167442    0.225598    2.369982 ^ fanout104/X (sky130_fd_sc_hd__buf_2)
                                                         net104 (net)
                      0.167458    0.001743    2.371726 ^ fanout102/A (sky130_fd_sc_hd__buf_2)
    10    0.033649    0.167830    0.236567    2.608292 ^ fanout102/X (sky130_fd_sc_hd__buf_2)
                                                         net102 (net)
                      0.167833    0.001008    2.609300 ^ _1263_/A (sky130_fd_sc_hd__and2_1)
     1    0.002122    0.042126    0.141276    2.750576 ^ _1263_/X (sky130_fd_sc_hd__and2_1)
                                                         _0048_ (net)
                      0.042126    0.000046    2.750621 ^ _1318_/D (sky130_fd_sc_hd__dfxtp_1)
                                              2.750621   data arrival time

                                 10.000000   10.000000   clock aclk (rise edge)
                                  0.000000   10.000000   clock source latency
     1    0.015885    0.077393    0.053115   10.053115 ^ aclk (in)
                                                         aclk (net)
                      0.077407    0.000000   10.053115 ^ clkbuf_0_aclk/A (sky130_fd_sc_hd__clkbuf_16)
     4    0.039251    0.059047    0.152784   10.205898 ^ clkbuf_0_aclk/X (sky130_fd_sc_hd__clkbuf_16)
                                                         clknet_0_aclk (net)
                      0.059099    0.001497   10.207396 ^ clkbuf_2_0__f_aclk/A (sky130_fd_sc_hd__clkbuf_16)
    14    0.041031    0.060606    0.147314   10.354710 ^ clkbuf_2_0__f_aclk/X (sky130_fd_sc_hd__clkbuf_16)
                                                         clknet_2_0__leaf_aclk (net)
                      0.060694    0.001958   10.356668 ^ _1318_/CLK (sky130_fd_sc_hd__dfxtp_1)
                                 -0.250000   10.106668   clock uncertainty
                                  0.000000   10.106668   clock reconvergence pessimism
                                 -0.051093   10.055574   library setup time
                                             10.055574   data required time
---------------------------------------------------------------------------------------------
                                             10.055574   data required time
                                             -2.750621   data arrival time
---------------------------------------------------------------------------------------------
                                              7.304953   slack (MET)



%OL_END_REPORT
%OL_CREATE_REPORT checks.rpt

===========================================================================
report_checks -unconstrained
===========================================================================
======================= nom_tt_025C_1v80 Corner ===================================

Startpoint: s_axis_tdata[14] (input port clocked by aclk)
Endpoint: _1316_ (rising edge-triggered flip-flop clocked by aclk)
Path Group: aclk
Path Type: max

Fanout         Cap        Slew       Delay        Time   Description
---------------------------------------------------------------------------------------------
                                  0.000000    0.000000   clock aclk (rise edge)
                                  0.000000    0.000000   clock network delay (propagated)
                                  2.000000    2.000000 ^ input external delay
     1    0.003489    0.022717    0.012741    2.012741 ^ s_axis_tdata[14] (in)
                                                         s_axis_tdata[14] (net)
                      0.022725    0.000000    2.012741 ^ input8/A (sky130_fd_sc_hd__clkbuf_1)
     1    0.003148    0.047818    0.075717    2.088458 ^ input8/X (sky130_fd_sc_hd__clkbuf_1)
                                                         net8 (net)
                      0.047818    0.000074    2.088532 ^ fanout77/A (sky130_fd_sc_hd__clkbuf_2)
     8    0.028050    0.156619    0.184928    2.273460 ^ fanout77/X (sky130_fd_sc_hd__clkbuf_2)
                                                         net77 (net)
                      0.156628    0.000973    2.274433 ^ fanout76/A (sky130_fd_sc_hd__buf_2)
    10    0.032540    0.162720    0.229651    2.504084 ^ fanout76/X (sky130_fd_sc_hd__buf_2)
                                                         net76 (net)
                      0.162723    0.000996    2.505080 ^ _1084_/A2 (sky130_fd_sc_hd__a22o_1)
     2    0.005539    0.069019    0.178764    2.683844 ^ _1084_/X (sky130_fd_sc_hd__a22o_1)
                                                         _0460_ (net)
                      0.069019    0.000162    2.684005 ^ _1085_/B1_N (sky130_fd_sc_hd__a21bo_1)
     1    0.005413    0.045625    0.210076    2.894082 v _1085_/X (sky130_fd_sc_hd__a21bo_1)
                                                         _0461_ (net)
                      0.045625    0.000151    2.894233 v _1086_/B (sky130_fd_sc_hd__xor2_1)
     2    0.007911    0.071573    0.158667    3.052899 v _1086_/X (sky130_fd_sc_hd__xor2_1)
                                                         _0462_ (net)
                      0.071573    0.000298    3.053198 v _1093_/A (sky130_fd_sc_hd__and3_1)
     4    0.011610    0.073572    0.189959    3.243156 v _1093_/X (sky130_fd_sc_hd__and3_1)
                                                         _0469_ (net)
                      0.073572    0.000281    3.243438 v _1096_/A (sky130_fd_sc_hd__nor3b_1)
     3    0.009477    0.340150    0.338656    3.582094 ^ _1096_/Y (sky130_fd_sc_hd__nor3b_1)
                                                         _0472_ (net)
                      0.340150    0.000224    3.582318 ^ _1098_/B (sky130_fd_sc_hd__nor3_1)
     2    0.004979    0.087317    0.110572    3.692890 v _1098_/Y (sky130_fd_sc_hd__nor3_1)
                                                         _0474_ (net)
                      0.087317    0.000087    3.692978 v max_cap56/A (sky130_fd_sc_hd__buf_1)
     2    0.008333    0.055466    0.131889    3.824866 v max_cap56/X (sky130_fd_sc_hd__buf_1)
                                                         net56 (net)
                      0.055466    0.000269    3.825135 v _1100_/B1 (sky130_fd_sc_hd__a211o_1)
     3    0.011451    0.086138    0.313839    4.138974 v _1100_/X (sky130_fd_sc_hd__a211o_1)
                                                         _0476_ (net)
                      0.086138    0.000180    4.139154 v _1103_/A1 (sky130_fd_sc_hd__a211o_1)
     2    0.006383    0.064440    0.286609    4.425764 v _1103_/X (sky130_fd_sc_hd__a211o_1)
                                                         _0479_ (net)
                      0.064440    0.000218    4.425982 v _1105_/A2 (sky130_fd_sc_hd__a211o_1)
     2    0.004767    0.056729    0.303935    4.729916 v _1105_/X (sky130_fd_sc_hd__a211o_1)
                                                         _0481_ (net)
                      0.056729    0.000077    4.729993 v _1106_/B (sky130_fd_sc_hd__and2b_1)
     3    0.007604    0.054319    0.178674    4.908668 v _1106_/X (sky130_fd_sc_hd__and2b_1)
                                                         _0482_ (net)
                      0.054319    0.000122    4.908790 v _1141_/A3 (sky130_fd_sc_hd__a31o_1)
     2    0.008275    0.061165    0.241601    5.150390 v _1141_/X (sky130_fd_sc_hd__a31o_1)
                                                         _0516_ (net)
                      0.061165    0.000273    5.150663 v _1145_/A2 (sky130_fd_sc_hd__a21oi_1)
     4    0.011679    0.270459    0.267649    5.418312 ^ _1145_/Y (sky130_fd_sc_hd__a21oi_1)
                                                         _0519_ (net)
                      0.270460    0.000434    5.418746 ^ _1201_/A1 (sky130_fd_sc_hd__a211o_1)
     5    0.015741    0.144725    0.248313    5.667059 ^ _1201_/X (sky130_fd_sc_hd__a211o_1)
                                                         _0574_ (net)
                      0.144725    0.000638    5.667696 ^ _1251_/A1 (sky130_fd_sc_hd__o2111ai_1)
     1    0.002589    0.089218    0.134737    5.802433 v _1251_/Y (sky130_fd_sc_hd__o2111ai_1)
                                                         _0622_ (net)
                      0.089218    0.000055    5.802488 v _1252_/A2 (sky130_fd_sc_hd__a21o_1)
     1    0.003428    0.035893    0.192065    5.994553 v _1252_/X (sky130_fd_sc_hd__a21o_1)
                                                         _0623_ (net)
                      0.035893    0.000089    5.994642 v _1253_/B1 (sky130_fd_sc_hd__o211a_1)
     1    0.002561    0.037240    0.113657    6.108298 v _1253_/X (sky130_fd_sc_hd__o211a_1)
                                                         _0046_ (net)
                      0.037240    0.000058    6.108356 v _1316_/D (sky130_fd_sc_hd__dfxtp_1)
                                              6.108356   data arrival time

                                 10.000000   10.000000   clock aclk (rise edge)
                                  0.000000   10.000000   clock source latency
     1    0.015885    0.077393    0.053115   10.053115 ^ aclk (in)
                                                         aclk (net)
                      0.077407    0.000000   10.053115 ^ clkbuf_0_aclk/A (sky130_fd_sc_hd__clkbuf_16)
     4    0.039251    0.059047    0.152784   10.205898 ^ clkbuf_0_aclk/X (sky130_fd_sc_hd__clkbuf_16)
                                                         clknet_0_aclk (net)
                      0.059099    0.001497   10.207396 ^ clkbuf_2_0__f_aclk/A (sky130_fd_sc_hd__clkbuf_16)
    14    0.041031    0.060606    0.147314   10.354710 ^ clkbuf_2_0__f_aclk/X (sky130_fd_sc_hd__clkbuf_16)
                                                         clknet_2_0__leaf_aclk (net)
                      0.060663    0.001615   10.356324 ^ _1316_/CLK (sky130_fd_sc_hd__dfxtp_1)
                                 -0.250000   10.106324   clock uncertainty
                                  0.000000   10.106324   clock reconvergence pessimism
                                 -0.103467   10.002856   library setup time
                                             10.002856   data required time
---------------------------------------------------------------------------------------------
                                             10.002856   data required time
                                             -6.108356   data arrival time
---------------------------------------------------------------------------------------------
                                              3.894500   slack (MET)




===========================================================================
report_checks --slack_max -0.01
============================================================================
======================= nom_tt_025C_1v80 Corner ===================================

No paths found.


===========================================================================
 report_check_types -max_slew -max_cap -max_fanout -violators
============================================================================
======================= nom_tt_025C_1v80 Corner ===================================

max fanout

Pin                                   Limit Fanout  Slack
---------------------------------------------------------
clkbuf_2_0__f_aclk/X                     10     14     -4 (VIOLATED)
clkbuf_2_2__f_aclk/X                     10     14     -4 (VIOLATED)
clkbuf_2_3__f_aclk/X                     10     14     -4 (VIOLATED)
clkbuf_2_1__f_aclk/X                     10     12     -2 (VIOLATED)



===========================================================================
report_parasitic_annotation -report_unannotated
============================================================================
Found 2 unannotated drivers.
 clkload0/Y
 clkload1/X
Found 0 partially unannotated drivers.

===========================================================================
max slew violation count 0
Writing metric design__max_slew_violation__count__corner:nom_tt_025C_1v80: 0
max fanout violation count 4
Writing metric design__max_fanout_violation__count__corner:nom_tt_025C_1v80: 4
max cap violation count 0
Writing metric design__max_cap_violation__count__corner:nom_tt_025C_1v80: 0
============================================================================

===========================================================================
check_setup -verbose -unconstrained_endpoints -multiple_clock -no_clock -no_input_delay -loops -generated_clocks
===========================================================================
%OL_END_REPORT
%OL_CREATE_REPORT power.rpt

===========================================================================
 report_power
============================================================================
======================= nom_tt_025C_1v80 Corner ===================================

Group                    Internal    Switching      Leakage        Total
                            Power        Power        Power        Power (Watts)
------------------------------------------------------------------------
Sequential           2.247566e-04 1.503891e-05 4.284348e-10 2.397959e-04  27.7%
Combinational        2.167145e-04 2.497512e-04 2.952349e-09 4.664687e-04  53.9%
Clock                9.340927e-05 6.563413e-05 3.811700e-10 1.590438e-04  18.4%
Macro                0.000000e+00 0.000000e+00 0.000000e+00 0.000000e+00   0.0%
Pad                  0.000000e+00 0.000000e+00 0.000000e+00 0.000000e+00   0.0%
------------------------------------------------------------------------
Total                5.348807e-04 3.304242e-04 3.761956e-09 8.653086e-04 100.0%
                            61.8%        38.2%         0.0%
Writing metric power__internal__total: 0.0005348806735128164
Writing metric power__switching__total: 0.00033042419818229973
Writing metric power__leakage__total: 3.761956079983975e-9
Writing metric power__total: 0.0008653086260892451

%OL_END_REPORT
%OL_CREATE_REPORT skew.min.rpt

===========================================================================
Clock Skew (Hold)
============================================================================
Writing metric clock__skew__worst_hold__corner:nom_tt_025C_1v80: -0.25240263371554245
======================= nom_tt_025C_1v80 Corner ===================================

Clock aclk
0.354471 source latency _1287_/CLK ^
-0.356874 target latency _1295_/CLK ^
-0.250000 clock uncertainty
0.000000 CRPR
--------------
-0.252403 hold skew

%OL_END_REPORT
%OL_CREATE_REPORT skew.max.rpt

===========================================================================
Clock Skew (Setup)
============================================================================
Writing metric clock__skew__worst_setup__corner:nom_tt_025C_1v80: 0.25236721760005526
======================= nom_tt_025C_1v80 Corner ===================================

Clock aclk
0.356839 source latency _1275_/CLK ^
-0.354471 target latency _1287_/CLK ^
0.250000 clock uncertainty
0.000000 CRPR
--------------
0.252367 setup skew

%OL_END_REPORT
%OL_CREATE_REPORT ws.min.rpt

===========================================================================
Worst Slack (Hold)
============================================================================
Writing metric timing__hold__ws__corner:nom_tt_025C_1v80: 0.33206088818510615
nom_tt_025C_1v80: 0.33206088818510615
%OL_END_REPORT
%OL_CREATE_REPORT ws.max.rpt

===========================================================================
Worst Slack (Setup)
============================================================================
Writing metric timing__setup__ws__corner:nom_tt_025C_1v80: 3.8944999438782246
nom_tt_025C_1v80: 3.8944999438782246
%OL_END_REPORT
%OL_CREATE_REPORT tns.min.rpt

===========================================================================
Total Negative Slack (Hold)
============================================================================
Writing metric timing__hold__tns__corner:nom_tt_025C_1v80: 0.0
nom_tt_025C_1v80: 0.0
%OL_END_REPORT
%OL_CREATE_REPORT tns.max.rpt

===========================================================================
Total Negative Slack (Setup)
============================================================================
Writing metric timing__setup__tns__corner:nom_tt_025C_1v80: 0.0
nom_tt_025C_1v80: 0.0
%OL_END_REPORT
%OL_CREATE_REPORT wns.min.rpt

===========================================================================
Worst Negative Slack (Hold)
============================================================================
Writing metric timing__hold__wns__corner:nom_tt_025C_1v80: 0
nom_tt_025C_1v80: 0
%OL_END_REPORT
%OL_CREATE_REPORT wns.max.rpt

===========================================================================
Worst Negative Slack (Setup)
============================================================================
Writing metric timing__setup__wns__corner:nom_tt_025C_1v80: 0.0
nom_tt_025C_1v80: 0.0
%OL_END_REPORT
%OL_CREATE_REPORT violator_list.rpt

===========================================================================
Violator List
============================================================================
Writing metric timing__hold_vio__count__corner:nom_tt_025C_1v80: 0
Writing metric timing__hold_r2r__ws__corner:nom_tt_025C_1v80: 0.332061
Writing metric timing__hold_r2r_vio__count__corner:nom_tt_025C_1v80: 0
Writing metric timing__setup_vio__count__corner:nom_tt_025C_1v80: 0
Writing metric timing__setup_r2r__ws__corner:nom_tt_025C_1v80: 5.814832
Writing metric timing__setup_r2r_vio__count__corner:nom_tt_025C_1v80: 0
%OL_END_REPORT
%OL_CREATE_REPORT unpropagated.rpt
%OL_END_REPORT
%OL_CREATE_REPORT clock.rpt
Clock: aclk
Sources: aclk 
Generated: no
Virtual: yes
Propagated: no
Period: 10.000000

===========================================================================
report_clock_properties
============================================================================
Clock                   Period          Waveform
----------------------------------------------------
aclk                 10.000000    0.000000  5.000000

===========================================================================
report_clock_latency
============================================================================
Clock aclk
rise -> rise
    min     max
0.000000 0.000000 source latency
0.354471         network latency _1287_/CLK
        0.356874 network latency _1295_/CLK
---------------
0.354471 0.356874 latency
        0.002403 skew

fall -> fall
    min     max
0.000000 0.000000 source latency
0.336698         network latency _1287_/CLK
        0.338747 network latency _1285_/CLK
---------------
0.336698 0.338747 latency
        0.002049 skew



===========================================================================
report_clock_min_period
============================================================================
aclk period_min = 4.19 fmax = 238.94
%OL_END_REPORT
