Instance,Terminal,Layer,X location,Y location,Voltage
FILLER_56_333,VGND,li1,159.1600,163.2000,0.000317
FILLER_56_321,VGND,li1,155.9400,163.2000,0.000317
FILLER_56_309,VGND,li1,150.4200,163.2000,0.000317
FILLER_56_307,VGND,li1,146.9700,163.2000,0.000316
FILLER_56_301,VGND,li1,145.3600,163.2000,0.000316
FILLER_56_289,VGND,li1,141.2200,163.2000,0.000314
FILLER_56_281,VGND,li1,136.1600,163.2000,0.000311
FILLER_56_279,VGND,li1,134.0900,163.2000,0.000310
FILLER_56_271,VGND,li1,132.0200,163.2000,0.000308
FILLER_56_259,VGND,li1,127.4200,163.2000,0.000305
FILLER_56_253,VGND,li1,122.3600,163.2000,0.000300
FILLER_56_249,VGND,li1,120.7500,163.2000,0.000297
FILLER_56_246,VGND,li1,118.9100,163.2000,0.000295
FILLER_56_242,VGND,li1,117.7600,163.2000,0.000295
FILLER_56_230,VGND,li1,114.0800,163.2000,0.000289
FILLER_56_225,VGND,li1,109.4800,163.2000,0.000284
FILLER_56_216,VGND,li1,105.8000,163.2000,0.000279
FILLER_56_203,VGND,li1,99.1300,163.2000,0.000268
FILLER_56_197,VGND,li1,96.6000,163.2000,0.000263
FILLER_56_187,VGND,li1,91.7700,163.2000,0.000252
FILLER_56_181,VGND,li1,90.1600,163.2000,0.000246
FILLER_56_169,VGND,li1,86.0200,163.2000,0.000236
FILLER_56_167,VGND,li1,82.5700,163.2000,0.000230
FILLER_56_161,VGND,li1,80.9600,163.2000,0.000225
FILLER_56_153,VGND,li1,76.8200,163.2000,0.000211
FILLER_56_141,VGND,li1,73.1400,163.2000,0.000203
FILLER_56_139,VGND,li1,69.6900,163.2000,0.000196
FILLER_56_131,VGND,li1,67.6200,163.2000,0.000188
FILLER_56_119,VGND,li1,63.0200,163.2000,0.000177
FILLER_56_113,VGND,li1,57.9600,163.2000,0.000155
FILLER_56_111,VGND,li1,56.8100,163.2000,0.000155
FILLER_56_105,VGND,li1,55.2000,163.2000,0.000148
FILLER_56_98,VGND,li1,51.2900,163.2000,0.000138
FILLER_56_93,VGND,li1,48.7600,163.2000,0.000129
FILLER_56_85,VGND,li1,46.4600,163.2000,0.000121
FILLER_56_81,VGND,li1,43.4700,163.2000,0.000104
FILLER_56_69,VGND,li1,40.0200,163.2000,0.000095
FILLER_56_57,VGND,li1,34.5000,163.2000,0.000074
FILLER_56_53,VGND,li1,30.5900,163.2000,0.000059
FILLER_56_41,VGND,li1,27.1400,163.2000,0.000048
FILLER_56_29,VGND,li1,21.6200,163.2000,0.000040
FILLER_56_27,VGND,li1,18.1700,163.2000,0.000040
FILLER_56_15,VGND,li1,15.1800,163.2000,0.000040
FILLER_56_3,VGND,li1,9.6600,163.2000,0.000040
FILLER_55_334,VGND,li1,159.3900,163.2000,0.000317
FILLER_55_328,VGND,li1,157.7800,163.2000,0.000317
FILLER_55_316,VGND,li1,153.6400,163.2000,0.000317
FILLER_55_281,VGND,li1,135.0100,163.2000,0.000310
FILLER_55_272,VGND,li1,131.1000,163.2000,0.000307
FILLER_55_265,VGND,li1,127.8800,163.2000,0.000305
FILLER_55_216,VGND,li1,106.7200,163.2000,0.000279
FILLER_55_184,VGND,li1,90.3900,163.2000,0.000246
FILLER_55_173,VGND,li1,85.3300,163.2000,0.000236
FILLER_55_169,VGND,li1,84.1800,163.2000,0.000230
FILLER_55_165,VGND,li1,82.1100,163.2000,0.000225
FILLER_55_122,VGND,li1,62.3300,163.2000,0.000170
FILLER_55_113,VGND,li1,58.4200,163.2000,0.000162
FILLER_55_96,VGND,li1,50.1400,163.2000,0.000129
FILLER_55_78,VGND,li1,41.8600,163.2000,0.000104
FILLER_55_71,VGND,li1,38.4100,163.2000,0.000086
FILLER_55_57,VGND,li1,31.9700,163.2000,0.000067
FILLER_55_55,VGND,li1,31.0500,163.2000,0.000059
FILLER_55_51,VGND,li1,29.9000,163.2000,0.000059
FILLER_55_39,VGND,li1,26.2200,163.2000,0.000040
FILLER_55_27,VGND,li1,20.7000,163.2000,0.000040
FILLER_55_15,VGND,li1,15.1800,163.2000,0.000040
FILLER_55_3,VGND,li1,9.6600,163.2000,0.000040
FILLER_54_333,VGND,li1,159.1600,157.7600,0.000296
FILLER_54_321,VGND,li1,155.9400,157.7600,0.000296
FILLER_54_309,VGND,li1,150.4200,157.7600,0.000296
FILLER_54_300,VGND,li1,145.3600,157.7600,0.000295
FILLER_54_297,VGND,li1,142.3700,157.7600,0.000294
FILLER_54_291,VGND,li1,140.7600,157.7600,0.000292
FILLER_54_283,VGND,li1,136.1600,157.7600,0.000290
FILLER_54_267,VGND,li1,128.5700,157.7600,0.000285
FILLER_54_253,VGND,li1,123.7400,157.7600,0.000281
FILLER_54_251,VGND,li1,121.2100,157.7600,0.000278
FILLER_54_241,VGND,li1,117.0700,157.7600,0.000275
FILLER_54_233,VGND,li1,113.3900,157.7600,0.000272
FILLER_54_228,VGND,li1,110.8600,157.7600,0.000269
FILLER_54_221,VGND,li1,107.4100,157.7600,0.000264
FILLER_54_209,VGND,li1,104.4200,157.7600,0.000261
FILLER_54_197,VGND,li1,98.9000,157.7600,0.000253
FILLER_54_192,VGND,li1,94.7600,157.7600,0.000247
FILLER_54_165,VGND,li1,82.8000,157.7600,0.000222
FILLER_54_160,VGND,li1,79.5800,157.7600,0.000211
FILLER_54_147,VGND,li1,73.3700,157.7600,0.000198
FILLER_54_143,VGND,li1,72.2200,157.7600,0.000192
FILLER_54_139,VGND,li1,69.6900,157.7600,0.000187
FILLER_54_131,VGND,li1,67.6200,157.7600,0.000181
FILLER_54_111,VGND,li1,58.4200,157.7600,0.000155
FILLER_54_99,VGND,li1,53.8200,157.7600,0.000137
FILLER_54_93,VGND,li1,48.9900,157.7600,0.000124
FILLER_54_85,VGND,li1,46.4600,157.7600,0.000112
FILLER_54_80,VGND,li1,43.2400,157.7600,0.000104
FILLER_54_68,VGND,li1,39.5600,157.7600,0.000091
FILLER_54_53,VGND,li1,31.2800,157.7600,0.000055
FILLER_54_41,VGND,li1,27.1400,157.7600,0.000045
FILLER_54_29,VGND,li1,21.6200,157.7600,0.000037
FILLER_54_27,VGND,li1,18.1700,157.7600,0.000037
FILLER_54_15,VGND,li1,15.1800,157.7600,0.000037
FILLER_54_3,VGND,li1,9.6600,157.7600,0.000037
FILLER_53_332,VGND,li1,158.9300,157.7600,0.000296
FILLER_53_320,VGND,li1,155.4800,157.7600,0.000296
FILLER_53_287,VGND,li1,137.7700,157.7600,0.000290
FILLER_53_281,VGND,li1,136.1600,157.7600,0.000290
FILLER_53_278,VGND,li1,133.8600,157.7600,0.000289
FILLER_53_270,VGND,li1,131.5600,157.7600,0.000287
FILLER_53_258,VGND,li1,126.9600,157.7600,0.000284
FILLER_53_243,VGND,li1,120.0600,157.7600,0.000278
FILLER_53_231,VGND,li1,114.5400,157.7600,0.000272
FILLER_53_223,VGND,li1,108.3300,157.7600,0.000264
FILLER_53_205,VGND,li1,100.0500,157.7600,0.000253
FILLER_53_177,VGND,li1,87.1700,157.7600,0.000232
FILLER_53_169,VGND,li1,85.1000,157.7600,0.000226
FILLER_53_164,VGND,li1,81.1900,157.7600,0.000218
FILLER_53_152,VGND,li1,78.2000,157.7600,0.000211
FILLER_53_142,VGND,li1,71.3000,157.7600,0.000192
FILLER_53_134,VGND,li1,69.0000,157.7600,0.000187
FILLER_53_113,VGND,li1,58.1900,157.7600,0.000155
FILLER_53_106,VGND,li1,55.6600,157.7600,0.000147
FILLER_53_93,VGND,li1,49.6800,157.7600,0.000124
FILLER_53_81,VGND,li1,45.5400,157.7600,0.000112
FILLER_53_69,VGND,li1,40.0200,157.7600,0.000091
FILLER_53_57,VGND,li1,34.5000,157.7600,0.000072
FILLER_53_55,VGND,li1,31.0500,157.7600,0.000055
FILLER_53_51,VGND,li1,29.9000,157.7600,0.000055
FILLER_53_39,VGND,li1,26.2200,157.7600,0.000037
FILLER_53_27,VGND,li1,20.7000,157.7600,0.000037
FILLER_53_15,VGND,li1,15.1800,157.7600,0.000037
FILLER_53_3,VGND,li1,9.6600,157.7600,0.000037
FILLER_52_333,VGND,li1,159.1600,152.3200,0.000148
FILLER_52_321,VGND,li1,155.9400,152.3200,0.000148
FILLER_52_309,VGND,li1,150.4200,152.3200,0.000148
FILLER_52_304,VGND,li1,146.2800,152.3200,0.000148
FILLER_52_296,VGND,li1,143.0600,152.3200,0.000148
FILLER_52_290,VGND,li1,139.3800,152.3200,0.000148
FILLER_52_282,VGND,li1,137.0800,152.3200,0.000148
FILLER_52_259,VGND,li1,127.4200,152.3200,0.000145
FILLER_52_242,VGND,li1,117.7600,152.3200,0.000138
FILLER_52_232,VGND,li1,112.4700,152.3200,0.000135
FILLER_52_228,VGND,li1,111.3200,152.3200,0.000133
FILLER_52_216,VGND,li1,107.6400,152.3200,0.000131
FILLER_52_209,VGND,li1,101.8900,152.3200,0.000126
FILLER_52_197,VGND,li1,98.9000,152.3200,0.000123
FILLER_52_195,VGND,li1,95.4500,152.3200,0.000119
FILLER_52_191,VGND,li1,94.3000,152.3200,0.000117
FILLER_52_181,VGND,li1,90.6200,152.3200,0.000114
FILLER_52_169,VGND,li1,86.0200,152.3200,0.000110
FILLER_52_160,VGND,li1,79.3500,152.3200,0.000101
FILLER_52_154,VGND,li1,77.7400,152.3200,0.000101
FILLER_52_137,VGND,li1,69.2300,152.3200,0.000090
FILLER_52_125,VGND,li1,65.7800,152.3200,0.000086
FILLER_52_98,VGND,li1,52.4400,152.3200,0.000070
FILLER_52_81,VGND,li1,43.4700,152.3200,0.000055
FILLER_52_73,VGND,li1,40.9400,152.3200,0.000050
FILLER_52_65,VGND,li1,35.8800,152.3200,0.000041
FILLER_52_57,VGND,li1,33.5800,152.3200,0.000037
FILLER_52_35,VGND,li1,21.8500,152.3200,0.000023
FILLER_52_29,VGND,li1,20.2400,152.3200,0.000023
FILLER_52_27,VGND,li1,18.1700,152.3200,0.000023
FILLER_52_15,VGND,li1,15.1800,152.3200,0.000023
FILLER_52_3,VGND,li1,9.6600,152.3200,0.000023
FILLER_51_334,VGND,li1,159.3900,152.3200,0.000148
FILLER_51_330,VGND,li1,158.2400,152.3200,0.000148
FILLER_51_318,VGND,li1,154.5600,152.3200,0.000148
FILLER_51_306,VGND,li1,149.0400,152.3200,0.000148
FILLER_51_290,VGND,li1,139.6100,152.3200,0.000148
FILLER_51_281,VGND,li1,135.2400,152.3200,0.000148
FILLER_51_278,VGND,li1,133.8600,152.3200,0.000147
FILLER_51_270,VGND,li1,131.5600,152.3200,0.000147
FILLER_51_266,VGND,li1,128.1100,152.3200,0.000145
FILLER_51_258,VGND,li1,124.6600,152.3200,0.000144
FILLER_51_250,VGND,li1,122.3600,152.3200,0.000142
FILLER_51_238,VGND,li1,117.7600,152.3200,0.000138
FILLER_51_231,VGND,li1,112.0100,152.3200,0.000133
FILLER_51_225,VGND,li1,110.4000,152.3200,0.000133
FILLER_51_222,VGND,li1,108.1000,152.3200,0.000131
FILLER_51_214,VGND,li1,105.8000,152.3200,0.000129
FILLER_51_209,VGND,li1,102.1200,152.3200,0.000126
FILLER_51_197,VGND,li1,98.9000,152.3200,0.000123
FILLER_51_187,VGND,li1,93.3800,152.3200,0.000117
FILLER_51_169,VGND,li1,86.0200,152.3200,0.000110
FILLER_51_166,VGND,li1,82.3400,152.3200,0.000105
FILLER_51_154,VGND,li1,79.1200,152.3200,0.000101
FILLER_51_142,VGND,li1,73.6000,152.3200,0.000095
FILLER_51_130,VGND,li1,68.0800,152.3200,0.000090
FILLER_51_121,VGND,li1,61.8700,152.3200,0.000082
FILLER_51_113,VGND,li1,59.3400,152.3200,0.000079
FILLER_51_110,VGND,li1,56.5800,152.3200,0.000075
FILLER_51_102,VGND,li1,54.2800,152.3200,0.000072
FILLER_51_90,VGND,li1,49.6800,152.3200,0.000066
FILLER_51_78,VGND,li1,42.0900,152.3200,0.000055
FILLER_51_59,VGND,li1,34.5000,152.3200,0.000041
FILLER_51_41,VGND,li1,26.2200,152.3200,0.000023
FILLER_51_35,VGND,li1,21.8500,152.3200,0.000023
FILLER_51_27,VGND,li1,19.7800,152.3200,0.000023
FILLER_51_15,VGND,li1,15.1800,152.3200,0.000023
FILLER_51_3,VGND,li1,9.6600,152.3200,0.000023
FILLER_50_333,VGND,li1,159.1600,146.8800,0.000276
FILLER_50_325,VGND,li1,156.8600,146.8800,0.000276
FILLER_50_285,VGND,li1,138.4600,146.8800,0.000269
FILLER_50_266,VGND,li1,130.6400,146.8800,0.000265
FILLER_50_249,VGND,li1,120.2900,146.8800,0.000255
FILLER_50_243,VGND,li1,118.6800,146.8800,0.000255
FILLER_50_228,VGND,li1,110.8600,146.8800,0.000248
FILLER_50_217,VGND,li1,106.7200,146.8800,0.000243
FILLER_50_195,VGND,li1,95.4500,146.8800,0.000229
FILLER_50_187,VGND,li1,91.7700,146.8800,0.000223
FILLER_50_168,VGND,li1,83.4900,146.8800,0.000209
FILLER_50_154,VGND,li1,76.5900,146.8800,0.000196
FILLER_50_150,VGND,li1,75.4400,146.8800,0.000191
FILLER_50_134,VGND,li1,68.5400,146.8800,0.000179
FILLER_50_120,VGND,li1,60.9500,146.8800,0.000156
FILLER_50_114,VGND,li1,59.3400,146.8800,0.000156
FILLER_50_108,VGND,li1,55.4300,146.8800,0.000144
FILLER_50_97,VGND,li1,50.6000,146.8800,0.000131
FILLER_50_85,VGND,li1,47.3800,146.8800,0.000119
FILLER_50_83,VGND,li1,43.9300,146.8800,0.000112
FILLER_50_71,VGND,li1,40.9400,146.8800,0.000097
FILLER_50_59,VGND,li1,35.4200,146.8800,0.000083
FILLER_50_47,VGND,li1,29.9000,146.8800,0.000064
FILLER_50_33,VGND,li1,20.9300,146.8800,0.000046
FILLER_50_29,VGND,li1,19.7800,146.8800,0.000047
FILLER_50_24,VGND,li1,17.4800,146.8800,0.000049
FILLER_50_12,VGND,li1,13.8000,146.8800,0.000050
FILLER_50_3,VGND,li1,7.3600,146.8800,0.000051
FILLER_49_334,VGND,li1,159.3900,146.8800,0.000276
FILLER_49_322,VGND,li1,156.4000,146.8800,0.000276
FILLER_49_313,VGND,li1,149.7300,146.8800,0.000276
FILLER_49_305,VGND,li1,147.6600,146.8800,0.000274
FILLER_49_293,VGND,li1,143.0600,146.8800,0.000272
FILLER_49_281,VGND,li1,137.5400,146.8800,0.000269
FILLER_49_274,VGND,li1,132.9400,146.8800,0.000266
FILLER_49_262,VGND,li1,128.8000,146.8800,0.000263
FILLER_49_242,VGND,li1,119.6000,146.8800,0.000255
FILLER_49_230,VGND,li1,114.0800,146.8800,0.000250
FILLER_49_212,VGND,li1,105.8000,146.8800,0.000241
FILLER_49_200,VGND,li1,100.2800,146.8800,0.000234
FILLER_49_197,VGND,li1,96.3700,146.8800,0.000229
FILLER_49_192,VGND,li1,94.5300,146.8800,0.000227
FILLER_49_184,VGND,li1,92.0000,146.8800,0.000223
FILLER_49_177,VGND,li1,87.1700,146.8800,0.000216
FILLER_49_169,VGND,li1,85.1000,146.8800,0.000213
FILLER_49_167,VGND,li1,82.5700,146.8800,0.000206
FILLER_49_163,VGND,li1,81.4200,146.8800,0.000206
FILLER_49_151,VGND,li1,77.7400,146.8800,0.000196
FILLER_49_143,VGND,li1,71.7600,146.8800,0.000186
FILLER_49_131,VGND,li1,68.5400,146.8800,0.000179
FILLER_49_121,VGND,li1,61.4100,146.8800,0.000162
FILLER_49_113,VGND,li1,59.3400,146.8800,0.000156
FILLER_49_110,VGND,li1,56.5800,146.8800,0.000149
FILLER_49_78,VGND,li1,41.8600,146.8800,0.000105
FILLER_49_70,VGND,li1,39.5600,146.8800,0.000097
FILLER_49_63,VGND,li1,34.7300,146.8800,0.000075
FILLER_49_57,VGND,li1,33.1200,146.8800,0.000075
FILLER_49_54,VGND,li1,30.8200,146.8800,0.000064
FILLER_49_42,VGND,li1,27.6000,146.8800,0.000056
FILLER_49_32,VGND,li1,20.4700,146.8800,0.000047
FILLER_49_3,VGND,li1,7.5900,146.8800,0.000051
FILLER_48_333,VGND,li1,159.1600,141.4400,0.000144
FILLER_48_321,VGND,li1,155.9400,141.4400,0.000144
FILLER_48_309,VGND,li1,150.4200,141.4400,0.000143
FILLER_48_300,VGND,li1,143.7500,141.4400,0.000142
FILLER_48_294,VGND,li1,142.1400,141.4400,0.000142
FILLER_48_282,VGND,li1,138.0000,141.4400,0.000141
FILLER_48_273,VGND,li1,131.5600,141.4400,0.000140
FILLER_48_260,VGND,li1,126.0400,141.4400,0.000137
FILLER_48_253,VGND,li1,122.8200,141.4400,0.000136
FILLER_48_249,VGND,li1,120.7500,141.4400,0.000134
FILLER_48_233,VGND,li1,114.0800,141.4400,0.000129
FILLER_48_221,VGND,li1,109.9400,141.4400,0.000127
FILLER_48_209,VGND,li1,104.4200,141.4400,0.000122
FILLER_48_197,VGND,li1,98.9000,141.4400,0.000118
FILLER_48_193,VGND,li1,94.9900,141.4400,0.000116
FILLER_48_185,VGND,li1,92.4600,141.4400,0.000113
FILLER_48_173,VGND,li1,87.8600,141.4400,0.000109
FILLER_48_161,VGND,li1,82.3400,141.4400,0.000103
FILLER_48_149,VGND,li1,76.8200,141.4400,0.000096
FILLER_48_145,VGND,li1,72.4500,141.4400,0.000093
FILLER_48_141,VGND,li1,71.3000,141.4400,0.000090
FILLER_48_139,VGND,li1,69.6900,141.4400,0.000087
FILLER_48_133,VGND,li1,68.0800,141.4400,0.000087
FILLER_48_121,VGND,li1,63.9400,141.4400,0.000081
FILLER_48_109,VGND,li1,58.4200,141.4400,0.000072
FILLER_48_97,VGND,li1,52.9000,141.4400,0.000064
FILLER_48_85,VGND,li1,47.3800,141.4400,0.000059
FILLER_48_80,VGND,li1,43.2400,141.4400,0.000051
FILLER_48_68,VGND,li1,39.5600,141.4400,0.000045
FILLER_48_58,VGND,li1,32.8900,141.4400,0.000037
FILLER_48_41,VGND,li1,25.3000,141.4400,0.000023
FILLER_48_29,VGND,li1,21.6200,141.4400,0.000020
FILLER_48_22,VGND,li1,17.0200,141.4400,0.000021
FILLER_48_19,VGND,li1,14.4900,141.4400,0.000021
FILLER_47_330,VGND,li1,157.5500,141.4400,0.000144
FILLER_47_326,VGND,li1,156.4000,141.4400,0.000144
FILLER_47_314,VGND,li1,152.7200,141.4400,0.000143
FILLER_47_302,VGND,li1,147.2000,141.4400,0.000143
FILLER_47_293,VGND,li1,140.7600,141.4400,0.000142
FILLER_47_281,VGND,li1,137.5400,141.4400,0.000141
FILLER_47_278,VGND,li1,133.8600,141.4400,0.000141
FILLER_47_266,VGND,li1,130.6400,141.4400,0.000139
FILLER_47_253,VGND,li1,122.5900,141.4400,0.000136
FILLER_47_245,VGND,li1,120.0600,141.4400,0.000134
FILLER_47_237,VGND,li1,115.2300,141.4400,0.000131
FILLER_47_229,VGND,li1,112.7000,141.4400,0.000129
FILLER_47_216,VGND,li1,105.3400,141.4400,0.000124
FILLER_47_208,VGND,li1,103.0400,141.4400,0.000122
FILLER_47_199,VGND,li1,98.4400,141.4400,0.000118
FILLER_47_186,VGND,li1,91.3100,141.4400,0.000111
FILLER_47_182,VGND,li1,90.1600,141.4400,0.000111
FILLER_47_160,VGND,li1,79.3500,141.4400,0.000099
FILLER_47_154,VGND,li1,77.7400,141.4400,0.000099
FILLER_47_142,VGND,li1,71.3000,141.4400,0.000090
FILLER_47_125,VGND,li1,65.7800,141.4400,0.000084
FILLER_47_113,VGND,li1,60.2600,141.4400,0.000076
FILLER_47_111,VGND,li1,56.8100,141.4400,0.000069
FILLER_47_105,VGND,li1,55.2000,141.4400,0.000069
FILLER_47_95,VGND,li1,49.4500,141.4400,0.000062
FILLER_47_89,VGND,li1,47.8400,141.4400,0.000059
FILLER_47_74,VGND,li1,40.0200,141.4400,0.000048
FILLER_47_65,VGND,li1,35.8800,141.4400,0.000041
FILLER_47_57,VGND,li1,33.5800,141.4400,0.000037
FILLER_47_54,VGND,li1,30.8200,141.4400,0.000031
FILLER_47_42,VGND,li1,27.6000,141.4400,0.000027
FILLER_47_29,VGND,li1,19.0900,141.4400,0.000021
FILLER_47_23,VGND,li1,17.4800,141.4400,0.000021
FILLER_47_11,VGND,li1,13.3400,141.4400,0.000021
FILLER_46_333,VGND,li1,159.1600,136.0000,0.000118
FILLER_46_321,VGND,li1,155.9400,136.0000,0.000118
FILLER_46_302,VGND,li1,145.3600,136.0000,0.000117
FILLER_46_290,VGND,li1,141.6800,136.0000,0.000116
FILLER_46_273,VGND,li1,131.7900,136.0000,0.000113
FILLER_46_265,VGND,li1,129.2600,136.0000,0.000112
FILLER_46_253,VGND,li1,122.5900,136.0000,0.000108
FILLER_46_250,VGND,li1,120.9800,136.0000,0.000107
FILLER_46_244,VGND,li1,117.9900,136.0000,0.000106
FILLER_46_231,VGND,li1,113.1600,136.0000,0.000103
FILLER_46_214,VGND,li1,105.8000,136.0000,0.000097
FILLER_46_205,VGND,li1,100.0500,136.0000,0.000094
FILLER_46_197,VGND,li1,97.9800,136.0000,0.000093
FILLER_46_195,VGND,li1,95.4500,136.0000,0.000090
FILLER_46_183,VGND,li1,92.4600,136.0000,0.000087
FILLER_46_171,VGND,li1,86.9400,136.0000,0.000083
FILLER_46_156,VGND,li1,79.1200,136.0000,0.000078
FILLER_46_141,VGND,li1,71.7600,136.0000,0.000072
FILLER_46_139,VGND,li1,69.6900,136.0000,0.000070
FILLER_46_133,VGND,li1,68.0800,136.0000,0.000067
FILLER_46_119,VGND,li1,60.4900,136.0000,0.000058
FILLER_46_113,VGND,li1,58.8800,136.0000,0.000058
FILLER_46_106,VGND,li1,54.9700,136.0000,0.000053
FILLER_46_94,VGND,li1,51.5200,136.0000,0.000048
FILLER_46_83,VGND,li1,43.9300,136.0000,0.000038
FILLER_46_73,VGND,li1,39.7900,136.0000,0.000034
FILLER_46_61,VGND,li1,36.3400,136.0000,0.000030
FILLER_46_41,VGND,li1,25.0700,136.0000,0.000014
FILLER_46_29,VGND,li1,19.5500,136.0000,0.000015
FILLER_46_25,VGND,li1,17.7100,136.0000,0.000015
FILLER_46_7,VGND,li1,9.4300,136.0000,0.000016
FILLER_45_323,VGND,li1,155.9400,136.0000,0.000118
FILLER_45_310,VGND,li1,148.8100,136.0000,0.000117
FILLER_45_298,VGND,li1,145.3600,136.0000,0.000117
FILLER_45_281,VGND,li1,135.0100,136.0000,0.000115
FILLER_45_277,VGND,li1,133.6300,136.0000,0.000114
FILLER_45_269,VGND,li1,131.1000,136.0000,0.000113
FILLER_45_257,VGND,li1,126.5000,136.0000,0.000111
FILLER_45_245,VGND,li1,120.9800,136.0000,0.000107
FILLER_45_237,VGND,li1,115.0000,136.0000,0.000105
FILLER_45_225,VGND,li1,111.7800,136.0000,0.000102
FILLER_45_223,VGND,li1,108.3300,136.0000,0.000099
FILLER_45_217,VGND,li1,106.7200,136.0000,0.000099
FILLER_45_211,VGND,li1,102.8100,136.0000,0.000096
FILLER_45_208,VGND,li1,101.4300,136.0000,0.000094
FILLER_45_204,VGND,li1,100.2800,136.0000,0.000094
FILLER_45_189,VGND,li1,94.3000,136.0000,0.000090
FILLER_45_181,VGND,li1,89.2400,136.0000,0.000086
FILLER_45_169,VGND,li1,86.0200,136.0000,0.000083
FILLER_45_167,VGND,li1,82.5700,136.0000,0.000080
FILLER_45_159,VGND,li1,80.5000,136.0000,0.000078
FILLER_45_147,VGND,li1,75.9000,136.0000,0.000074
FILLER_45_139,VGND,li1,69.9200,136.0000,0.000070
FILLER_45_131,VGND,li1,67.6200,136.0000,0.000067
FILLER_45_121,VGND,li1,61.4100,136.0000,0.000061
FILLER_45_113,VGND,li1,59.3400,136.0000,0.000058
FILLER_45_111,VGND,li1,56.8100,136.0000,0.000055
FILLER_45_105,VGND,li1,54.5100,136.0000,0.000053
FILLER_45_93,VGND,li1,51.0600,136.0000,0.000048
FILLER_45_81,VGND,li1,45.5400,136.0000,0.000042
FILLER_45_69,VGND,li1,40.0200,136.0000,0.000034
FILLER_45_57,VGND,li1,32.4300,136.0000,0.000025
FILLER_45_52,VGND,li1,30.3600,136.0000,0.000023
FILLER_45_46,VGND,li1,27.1400,136.0000,0.000019
FILLER_45_38,VGND,li1,24.8400,136.0000,0.000014
FILLER_45_26,VGND,li1,20.2400,136.0000,0.000015
FILLER_45_3,VGND,li1,7.1300,136.0000,0.000016
FILLER_44_333,VGND,li1,159.1600,130.5600,0.000092
FILLER_44_321,VGND,li1,155.9400,130.5600,0.000092
FILLER_44_309,VGND,li1,150.4200,130.5600,0.000092
FILLER_44_307,VGND,li1,146.9700,130.5600,0.000092
FILLER_44_299,VGND,li1,144.9000,130.5600,0.000092
FILLER_44_287,VGND,li1,140.3000,130.5600,0.000092
FILLER_44_275,VGND,li1,134.7800,130.5600,0.000091
FILLER_44_263,VGND,li1,129.2600,130.5600,0.000089
FILLER_44_253,VGND,li1,123.2800,130.5600,0.000088
FILLER_44_249,VGND,li1,120.7500,130.5600,0.000087
FILLER_44_237,VGND,li1,117.3000,130.5600,0.000087
FILLER_44_225,VGND,li1,111.7800,130.5600,0.000085
FILLER_44_219,VGND,li1,106.7200,130.5600,0.000083
FILLER_44_215,VGND,li1,104.6500,130.5600,0.000082
FILLER_44_201,VGND,li1,98.2100,130.5600,0.000079
FILLER_44_197,VGND,li1,97.0600,130.5600,0.000079
FILLER_44_194,VGND,li1,95.2200,130.5600,0.000078
FILLER_44_186,VGND,li1,92.9200,130.5600,0.000076
FILLER_44_173,VGND,li1,85.3300,130.5600,0.000071
FILLER_44_169,VGND,li1,84.1800,130.5600,0.000071
FILLER_44_157,VGND,li1,80.5000,130.5600,0.000068
FILLER_44_151,VGND,li1,75.2100,130.5600,0.000063
FILLER_44_145,VGND,li1,73.6000,130.5600,0.000063
FILLER_44_138,VGND,li1,69.4600,130.5600,0.000060
FILLER_44_126,VGND,li1,66.2400,130.5600,0.000058
FILLER_44_114,VGND,li1,60.7200,130.5600,0.000053
FILLER_44_97,VGND,li1,50.8300,130.5600,0.000044
FILLER_44_85,VGND,li1,45.0800,130.5600,0.000040
FILLER_44_72,VGND,li1,40.4800,130.5600,0.000034
FILLER_44_60,VGND,li1,35.8800,130.5600,0.000027
FILLER_44_48,VGND,li1,30.3600,130.5600,0.000020
FILLER_44_29,VGND,li1,19.3200,130.5600,0.000016
FILLER_44_27,VGND,li1,18.1700,130.5600,0.000016
FILLER_44_19,VGND,li1,16.1000,130.5600,0.000016
FILLER_44_14,VGND,li1,12.1900,130.5600,0.000016
FILLER_44_3,VGND,li1,7.5900,130.5600,0.000016
FILLER_43_327,VGND,li1,157.7800,130.5600,0.000092
FILLER_43_299,VGND,li1,144.4400,130.5600,0.000092
FILLER_43_294,VGND,li1,140.9900,130.5600,0.000092
FILLER_43_273,VGND,li1,132.0200,130.5600,0.000090
FILLER_43_247,VGND,li1,119.8300,130.5600,0.000087
FILLER_43_223,VGND,li1,108.3300,130.5600,0.000083
FILLER_43_190,VGND,li1,93.3800,130.5600,0.000076
FILLER_43_178,VGND,li1,90.1600,130.5600,0.000075
FILLER_43_156,VGND,li1,77.7400,130.5600,0.000065
FILLER_43_146,VGND,li1,73.6000,130.5600,0.000063
FILLER_43_125,VGND,li1,63.9400,130.5600,0.000055
FILLER_43_113,VGND,li1,57.7300,130.5600,0.000051
FILLER_43_108,VGND,li1,55.6600,130.5600,0.000049
FILLER_43_100,VGND,li1,53.3600,130.5600,0.000047
FILLER_43_88,VGND,li1,46.2300,130.5600,0.000040
FILLER_43_69,VGND,li1,38.6400,130.5600,0.000032
FILLER_43_57,VGND,li1,34.5000,130.5600,0.000027
FILLER_43_55,VGND,li1,31.0500,130.5600,0.000022
FILLER_43_47,VGND,li1,28.9800,130.5600,0.000020
FILLER_43_33,VGND,li1,20.9300,130.5600,0.000016
FILLER_43_27,VGND,li1,19.3200,130.5600,0.000016
FILLER_43_15,VGND,li1,15.1800,130.5600,0.000016
FILLER_43_3,VGND,li1,9.6600,130.5600,0.000016
FILLER_42_329,VGND,li1,158.2400,125.1200,0.000112
FILLER_42_317,VGND,li1,154.1000,125.1200,0.000112
FILLER_42_311,VGND,li1,148.8100,125.1200,0.000111
FILLER_42_307,VGND,li1,146.9700,125.1200,0.000111
FILLER_42_292,VGND,li1,140.7600,125.1200,0.000110
FILLER_42_280,VGND,li1,137.0800,125.1200,0.000110
FILLER_42_272,VGND,li1,130.8700,125.1200,0.000109
FILLER_42_264,VGND,li1,128.8000,125.1200,0.000109
FILLER_42_253,VGND,li1,123.2800,125.1200,0.000108
FILLER_42_238,VGND,li1,115.6900,125.1200,0.000106
FILLER_42_226,VGND,li1,112.2400,125.1200,0.000106
FILLER_42_193,VGND,li1,94.9900,125.1200,0.000098
FILLER_42_185,VGND,li1,92.4600,125.1200,0.000095
FILLER_42_173,VGND,li1,87.8600,125.1200,0.000091
FILLER_42_161,VGND,li1,82.3400,125.1200,0.000086
FILLER_42_153,VGND,li1,76.5900,125.1200,0.000080
FILLER_42_141,VGND,li1,73.1400,125.1200,0.000077
FILLER_42_137,VGND,li1,69.2300,125.1200,0.000074
FILLER_42_125,VGND,li1,63.2500,125.1200,0.000067
FILLER_42_121,VGND,li1,62.1000,125.1200,0.000067
FILLER_42_113,VGND,li1,57.9600,125.1200,0.000063
FILLER_42_105,VGND,li1,55.6600,125.1200,0.000061
FILLER_42_93,VGND,li1,51.0600,125.1200,0.000056
FILLER_42_85,VGND,li1,45.3100,125.1200,0.000049
FILLER_42_76,VGND,li1,42.3200,125.1200,0.000047
FILLER_42_57,VGND,li1,33.5800,125.1200,0.000035
FILLER_42_51,VGND,li1,29.2100,125.1200,0.000028
FILLER_42_41,VGND,li1,26.2200,125.1200,0.000025
FILLER_42_29,VGND,li1,21.6200,125.1200,0.000021
FILLER_42_26,VGND,li1,17.9400,125.1200,0.000021
FILLER_42_3,VGND,li1,7.3600,125.1200,0.000022
FILLER_41_319,VGND,li1,155.0200,125.1200,0.000112
FILLER_41_307,VGND,li1,149.5000,125.1200,0.000111
FILLER_41_304,VGND,li1,145.5900,125.1200,0.000111
FILLER_41_301,VGND,li1,144.2100,125.1200,0.000111
FILLER_41_293,VGND,li1,142.1400,125.1200,0.000110
FILLER_41_281,VGND,li1,137.5400,125.1200,0.000110
FILLER_41_276,VGND,li1,133.4000,125.1200,0.000109
FILLER_41_264,VGND,li1,129.7200,125.1200,0.000109
FILLER_41_252,VGND,li1,124.2000,125.1200,0.000108
FILLER_41_247,VGND,li1,119.3700,125.1200,0.000107
FILLER_41_243,VGND,li1,118.2200,125.1200,0.000107
FILLER_41_233,VGND,li1,114.5400,125.1200,0.000106
FILLER_41_181,VGND,li1,89.7000,125.1200,0.000093
FILLER_41_169,VGND,li1,86.0200,125.1200,0.000089
FILLER_41_167,VGND,li1,82.5700,125.1200,0.000086
FILLER_41_155,VGND,li1,79.5800,125.1200,0.000082
FILLER_41_152,VGND,li1,75.6700,125.1200,0.000080
FILLER_41_146,VGND,li1,74.0600,125.1200,0.000077
FILLER_41_142,VGND,li1,71.3000,125.1200,0.000076
FILLER_41_137,VGND,li1,69.2300,125.1200,0.000074
FILLER_41_125,VGND,li1,65.7800,125.1200,0.000069
FILLER_41_113,VGND,li1,60.2600,125.1200,0.000065
FILLER_41_93,VGND,li1,48.9900,125.1200,0.000054
FILLER_41_81,VGND,li1,43.0100,125.1200,0.000047
FILLER_41_77,VGND,li1,41.8600,125.1200,0.000047
FILLER_41_62,VGND,li1,34.5000,125.1200,0.000035
FILLER_41_55,VGND,li1,31.0500,125.1200,0.000032
FILLER_41_42,VGND,li1,25.0700,125.1200,0.000020
FILLER_41_31,VGND,li1,20.0100,125.1200,0.000021
FILLER_41_23,VGND,li1,17.9400,125.1200,0.000021
FILLER_41_17,VGND,li1,13.5700,125.1200,0.000022
FILLER_41_13,VGND,li1,12.4200,125.1200,0.000022
FILLER_41_3,VGND,li1,8.2800,125.1200,0.000022
FILLER_40_333,VGND,li1,159.1600,119.6800,0.001035
FILLER_40_325,VGND,li1,156.8600,119.6800,0.001035
FILLER_40_307,VGND,li1,146.9700,119.6800,0.001033
FILLER_40_303,VGND,li1,145.8200,119.6800,0.001033
FILLER_40_291,VGND,li1,142.1400,119.6800,0.001033
FILLER_40_281,VGND,li1,135.0100,119.6800,0.001027
FILLER_40_272,VGND,li1,130.8700,119.6800,0.001024
FILLER_40_266,VGND,li1,129.2600,119.6800,0.001024
FILLER_40_253,VGND,li1,122.1300,119.6800,0.001017
FILLER_40_201,VGND,li1,98.9000,119.6800,0.000949
FILLER_40_194,VGND,li1,95.2200,119.6800,0.000932
FILLER_40_141,VGND,li1,70.6100,119.6800,0.000739
FILLER_40_137,VGND,li1,68.7700,119.6800,0.000721
FILLER_40_125,VGND,li1,63.4800,119.6800,0.000675
FILLER_40_117,VGND,li1,61.1800,119.6800,0.000644
FILLER_40_108,VGND,li1,55.6600,119.6800,0.000568
FILLER_40_93,VGND,li1,48.5300,119.6800,0.000457
FILLER_40_89,VGND,li1,46.6900,119.6800,0.000428
FILLER_40_85,VGND,li1,45.5400,119.6800,0.000428
FILLER_40_82,VGND,li1,43.7000,119.6800,0.000402
FILLER_40_74,VGND,li1,41.4000,119.6800,0.000367
FILLER_40_62,VGND,li1,36.8000,119.6800,0.000306
FILLER_40_50,VGND,li1,31.2800,119.6800,0.000211
FILLER_40_45,VGND,li1,26.4500,119.6800,0.000145
FILLER_40_41,VGND,li1,25.3000,119.6800,0.000145
FILLER_40_29,VGND,li1,21.6200,119.6800,0.000147
FILLER_40_27,VGND,li1,18.1700,119.6800,0.000148
FILLER_40_15,VGND,li1,15.1800,119.6800,0.000150
FILLER_40_3,VGND,li1,9.6600,119.6800,0.000153
FILLER_39_329,VGND,li1,157.3200,119.6800,0.001035
FILLER_39_317,VGND,li1,154.1000,119.6800,0.001034
FILLER_39_305,VGND,li1,148.5800,119.6800,0.001034
FILLER_39_279,VGND,li1,134.0900,119.6800,0.001027
FILLER_39_235,VGND,li1,114.5400,119.6800,0.001010
FILLER_39_213,VGND,li1,103.7300,119.6800,0.000994
FILLER_39_195,VGND,li1,95.6800,119.6800,0.000932
FILLER_39_177,VGND,li1,89.7000,119.6800,0.000890
FILLER_39_169,VGND,li1,83.7200,119.6800,0.000834
FILLER_39_166,VGND,li1,82.3400,119.6800,0.000834
FILLER_39_158,VGND,li1,78.6600,119.6800,0.000795
FILLER_39_145,VGND,li1,72.4500,119.6800,0.000757
FILLER_39_113,VGND,li1,59.3400,119.6800,0.000596
FILLER_39_100,VGND,li1,54.2800,119.6800,0.000539
FILLER_39_94,VGND,li1,49.2200,119.6800,0.000457
FILLER_39_82,VGND,li1,46.0000,119.6800,0.000428
FILLER_39_77,VGND,li1,41.1700,119.6800,0.000367
FILLER_39_69,VGND,li1,39.1000,119.6800,0.000338
FILLER_39_57,VGND,li1,34.5000,119.6800,0.000275
FILLER_39_50,VGND,li1,29.9000,119.6800,0.000211
FILLER_39_38,VGND,li1,25.7600,119.6800,0.000145
FILLER_39_29,VGND,li1,19.5500,119.6800,0.000148
FILLER_38_333,VGND,li1,159.1600,114.2400,0.000127
FILLER_38_321,VGND,li1,155.9400,114.2400,0.000127
FILLER_38_309,VGND,li1,150.4200,114.2400,0.000126
FILLER_38_304,VGND,li1,146.2800,114.2400,0.000126
FILLER_38_292,VGND,li1,142.6000,114.2400,0.000126
FILLER_38_281,VGND,li1,136.1600,114.2400,0.000125
FILLER_38_267,VGND,li1,131.1000,114.2400,0.000125
FILLER_38_253,VGND,li1,122.3600,114.2400,0.000124
FILLER_38_251,VGND,li1,121.2100,114.2400,0.000123
FILLER_38_243,VGND,li1,117.7600,114.2400,0.000123
FILLER_38_231,VGND,li1,114.5400,114.2400,0.000122
FILLER_38_197,VGND,li1,96.6000,114.2400,0.000116
FILLER_38_195,VGND,li1,95.4500,114.2400,0.000115
FILLER_38_191,VGND,li1,94.3000,114.2400,0.000115
FILLER_38_179,VGND,li1,90.6200,114.2400,0.000114
FILLER_38_169,VGND,li1,83.4900,114.2400,0.000110
FILLER_38_161,VGND,li1,81.4200,114.2400,0.000109
FILLER_38_150,VGND,li1,76.3600,114.2400,0.000106
FILLER_38_132,VGND,li1,68.0800,114.2400,0.000099
FILLER_38_119,VGND,li1,60.7200,114.2400,0.000091
FILLER_38_108,VGND,li1,55.8900,114.2400,0.000083
FILLER_38_100,VGND,li1,53.3600,114.2400,0.000079
FILLER_38_88,VGND,li1,48.7600,114.2400,0.000068
FILLER_38_70,VGND,li1,38.1800,114.2400,0.000051
FILLER_38_51,VGND,li1,30.8200,114.2400,0.000034
FILLER_38_46,VGND,li1,27.1400,114.2400,0.000028
FILLER_38_25,VGND,li1,17.7100,114.2400,0.000025
FILLER_38_15,VGND,li1,13.1100,114.2400,0.000025
FILLER_37_330,VGND,li1,157.5500,114.2400,0.000127
FILLER_37_318,VGND,li1,154.5600,114.2400,0.000127
FILLER_37_297,VGND,li1,143.9800,114.2400,0.000126
FILLER_37_289,VGND,li1,139.1500,114.2400,0.000126
FILLER_37_281,VGND,li1,136.6200,114.2400,0.000125
FILLER_37_266,VGND,li1,128.1100,114.2400,0.000124
FILLER_37_262,VGND,li1,126.9600,114.2400,0.000124
FILLER_37_250,VGND,li1,123.2800,114.2400,0.000124
FILLER_37_234,VGND,li1,113.6200,114.2400,0.000122
FILLER_37_225,VGND,li1,109.2500,114.2400,0.000120
FILLER_37_212,VGND,li1,105.8000,114.2400,0.000119
FILLER_37_202,VGND,li1,99.8200,114.2400,0.000117
FILLER_37_190,VGND,li1,95.6800,114.2400,0.000115
FILLER_37_165,VGND,li1,81.6500,114.2400,0.000109
FILLER_37_159,VGND,li1,80.0400,114.2400,0.000107
FILLER_37_144,VGND,li1,72.2200,114.2400,0.000103
FILLER_37_132,VGND,li1,69.0000,114.2400,0.000099
FILLER_37_110,VGND,li1,56.5800,114.2400,0.000083
FILLER_37_87,VGND,li1,47.3800,114.2400,0.000068
FILLER_37_77,VGND,li1,41.1700,114.2400,0.000056
FILLER_37_69,VGND,li1,39.1000,114.2400,0.000051
FILLER_37_61,VGND,li1,34.0400,114.2400,0.000040
FILLER_37_50,VGND,li1,28.7500,114.2400,0.000028
FILLER_37_44,VGND,li1,27.1400,114.2400,0.000028
FILLER_37_32,VGND,li1,23.0000,114.2400,0.000024
FILLER_37_25,VGND,li1,17.2500,114.2400,0.000025
FILLER_37_15,VGND,li1,13.3400,114.2400,0.000025
FILLER_37_3,VGND,li1,9.6600,114.2400,0.000025
FILLER_36_278,VGND,li1,133.6300,108.8000,0.000190
FILLER_36_263,VGND,li1,126.9600,108.8000,0.000185
FILLER_36_251,VGND,li1,121.2100,108.8000,0.000182
FILLER_36_211,VGND,li1,103.2700,108.8000,0.000165
FILLER_36_189,VGND,li1,93.1500,108.8000,0.000151
FILLER_36_175,VGND,li1,86.9400,108.8000,0.000143
FILLER_36_170,VGND,li1,84.4100,108.8000,0.000139
FILLER_36_158,VGND,li1,80.9600,108.8000,0.000136
FILLER_36_148,VGND,li1,74.9800,108.8000,0.000127
FILLER_36_137,VGND,li1,69.2300,108.8000,0.000119
FILLER_36_125,VGND,li1,65.7800,108.8000,0.000113
FILLER_36_117,VGND,li1,59.8000,108.8000,0.000101
FILLER_36_109,VGND,li1,57.5000,108.8000,0.000097
FILLER_36_97,VGND,li1,52.9000,108.8000,0.000088
FILLER_36_85,VGND,li1,47.3800,108.8000,0.000077
FILLER_36_72,VGND,li1,41.4000,108.8000,0.000068
FILLER_36_60,VGND,li1,35.8800,108.8000,0.000053
FILLER_36_55,VGND,li1,31.2800,108.8000,0.000042
FILLER_36_41,VGND,li1,25.3000,108.8000,0.000031
FILLER_36_29,VGND,li1,21.6200,108.8000,0.000034
FILLER_36_25,VGND,li1,17.7100,108.8000,0.000036
FILLER_36_13,VGND,li1,14.2600,108.8000,0.000037
FILLER_36_3,VGND,li1,7.5900,108.8000,0.000040
FILLER_35_333,VGND,li1,159.1600,108.8000,0.000204
FILLER_35_319,VGND,li1,153.6400,108.8000,0.000202
FILLER_35_314,VGND,li1,150.6500,108.8000,0.000200
FILLER_35_305,VGND,li1,146.0500,108.8000,0.000197
FILLER_35_293,VGND,li1,142.1400,108.8000,0.000195
FILLER_35_281,VGND,li1,137.5400,108.8000,0.000193
FILLER_35_277,VGND,li1,133.6300,108.8000,0.000190
FILLER_35_265,VGND,li1,130.1800,108.8000,0.000188
FILLER_35_253,VGND,li1,124.6600,108.8000,0.000183
FILLER_35_244,VGND,li1,119.1400,108.8000,0.000180
FILLER_35_237,VGND,li1,114.7700,108.8000,0.000176
FILLER_35_225,VGND,li1,111.7800,108.8000,0.000173
FILLER_35_220,VGND,li1,107.6400,108.8000,0.000170
FILLER_35_205,VGND,li1,101.2000,108.8000,0.000163
FILLER_35_193,VGND,li1,97.0600,108.8000,0.000158
FILLER_35_181,VGND,li1,91.5400,108.8000,0.000151
FILLER_35_169,VGND,li1,86.0200,108.8000,0.000143
FILLER_35_160,VGND,li1,80.9600,108.8000,0.000136
FILLER_35_154,VGND,li1,76.5900,108.8000,0.000127
FILLER_35_142,VGND,li1,73.6000,108.8000,0.000123
FILLER_35_118,VGND,li1,62.5600,108.8000,0.000105
FILLER_35_110,VGND,li1,56.5800,108.8000,0.000097
FILLER_35_92,VGND,li1,48.5300,108.8000,0.000082
FILLER_35_84,VGND,li1,46.0000,108.8000,0.000077
FILLER_35_73,VGND,li1,39.3300,108.8000,0.000061
FILLER_35_69,VGND,li1,38.1800,108.8000,0.000061
FILLER_35_57,VGND,li1,34.5000,108.8000,0.000053
FILLER_35_52,VGND,li1,30.3600,108.8000,0.000042
FILLER_35_40,VGND,li1,26.6800,108.8000,0.000031
FILLER_35_21,VGND,li1,16.1000,108.8000,0.000036
FILLER_34_334,VGND,li1,159.3900,103.3600,0.000144
FILLER_34_326,VGND,li1,157.3200,103.3600,0.000144
FILLER_34_314,VGND,li1,152.7200,103.3600,0.000144
FILLER_34_307,VGND,li1,146.9700,103.3600,0.000144
FILLER_34_299,VGND,li1,144.9000,103.3600,0.000144
FILLER_34_283,VGND,li1,135.9300,103.3600,0.000143
FILLER_34_271,VGND,li1,132.9400,103.3600,0.000143
FILLER_34_265,VGND,li1,128.1100,103.3600,0.000141
FILLER_34_253,VGND,li1,124.6600,103.3600,0.000140
FILLER_34_251,VGND,li1,121.2100,103.3600,0.000138
FILLER_34_245,VGND,li1,118.6800,103.3600,0.000137
FILLER_34_233,VGND,li1,115.4600,103.3600,0.000136
FILLER_34_217,VGND,li1,106.0300,103.3600,0.000132
FILLER_34_209,VGND,li1,103.5000,103.3600,0.000130
FILLER_34_197,VGND,li1,98.9000,103.3600,0.000127
FILLER_34_193,VGND,li1,94.9900,103.3600,0.000123
FILLER_34_185,VGND,li1,92.4600,103.3600,0.000121
FILLER_34_180,VGND,li1,88.5500,103.3600,0.000118
FILLER_34_168,VGND,li1,83.7200,103.3600,0.000112
FILLER_34_153,VGND,li1,76.3600,103.3600,0.000105
FILLER_34_147,VGND,li1,73.3700,103.3600,0.000099
FILLER_34_141,VGND,li1,71.7600,103.3600,0.000099
FILLER_34_138,VGND,li1,69.4600,103.3600,0.000094
FILLER_34_126,VGND,li1,66.2400,103.3600,0.000089
FILLER_34_109,VGND,li1,56.5800,103.3600,0.000078
FILLER_34_97,VGND,li1,52.9000,103.3600,0.000072
FILLER_34_93,VGND,li1,48.5300,103.3600,0.000066
FILLER_34_85,VGND,li1,46.4600,103.3600,0.000062
FILLER_34_80,VGND,li1,43.2400,103.3600,0.000057
FILLER_34_63,VGND,li1,36.3400,103.3600,0.000043
FILLER_34_51,VGND,li1,31.7400,103.3600,0.000037
FILLER_34_39,VGND,li1,23.9200,103.3600,0.000023
FILLER_34_29,VGND,li1,19.5500,103.3600,0.000025
FILLER_34_22,VGND,li1,17.0200,103.3600,0.000026
FILLER_34_17,VGND,li1,13.5700,103.3600,0.000026
FILLER_33_327,VGND,li1,157.7800,103.3600,0.000144
FILLER_33_315,VGND,li1,153.1800,103.3600,0.000144
FILLER_33_299,VGND,li1,143.7500,103.3600,0.000144
FILLER_33_291,VGND,li1,141.2200,103.3600,0.000144
FILLER_33_279,VGND,li1,134.0900,103.3600,0.000143
FILLER_33_275,VGND,li1,132.9400,103.3600,0.000143
FILLER_33_230,VGND,li1,112.7000,103.3600,0.000135
FILLER_33_222,VGND,li1,108.1000,103.3600,0.000133
FILLER_33_216,VGND,li1,105.5700,103.3600,0.000132
FILLER_33_208,VGND,li1,103.0400,103.3600,0.000130
FILLER_33_191,VGND,li1,93.8400,103.3600,0.000123
FILLER_33_169,VGND,li1,84.1800,103.3600,0.000114
FILLER_33_165,VGND,li1,82.1100,103.3600,0.000112
FILLER_33_154,VGND,li1,76.8200,103.3600,0.000105
FILLER_33_142,VGND,li1,73.6000,103.3600,0.000101
FILLER_33_125,VGND,li1,64.8600,103.3600,0.000089
FILLER_33_113,VGND,li1,60.2600,103.3600,0.000081
FILLER_33_111,VGND,li1,56.8100,103.3600,0.000078
FILLER_33_99,VGND,li1,53.8200,103.3600,0.000072
FILLER_33_79,VGND,li1,43.2400,103.3600,0.000057
FILLER_33_63,VGND,li1,34.7300,103.3600,0.000043
FILLER_33_57,VGND,li1,33.1200,103.3600,0.000037
FILLER_33_55,VGND,li1,31.0500,103.3600,0.000034
FILLER_33_51,VGND,li1,29.9000,103.3600,0.000034
FILLER_33_39,VGND,li1,26.2200,103.3600,0.000027
FILLER_33_28,VGND,li1,18.8600,103.3600,0.000025
FILLER_33_3,VGND,li1,8.2800,103.3600,0.000027
FILLER_32_329,VGND,li1,158.2400,97.9200,0.000141
FILLER_32_317,VGND,li1,154.1000,97.9200,0.000141
FILLER_32_298,VGND,li1,143.2900,97.9200,0.000141
FILLER_32_285,VGND,li1,136.8500,97.9200,0.000140
FILLER_32_277,VGND,li1,134.7800,97.9200,0.000139
FILLER_32_265,VGND,li1,130.1800,97.9200,0.000137
FILLER_32_253,VGND,li1,124.6600,97.9200,0.000135
FILLER_32_250,VGND,li1,120.9800,97.9200,0.000133
FILLER_32_245,VGND,li1,118.4500,97.9200,0.000131
FILLER_32_239,VGND,li1,116.8400,97.9200,0.000131
FILLER_32_227,VGND,li1,112.7000,97.9200,0.000129
FILLER_32_207,VGND,li1,102.1200,97.9200,0.000122
FILLER_32_194,VGND,li1,95.2200,97.9200,0.000116
FILLER_32_182,VGND,li1,92.0000,97.9200,0.000113
FILLER_32_170,VGND,li1,86.4800,97.9200,0.000108
FILLER_32_151,VGND,li1,75.2100,97.9200,0.000095
FILLER_32_125,VGND,li1,63.2500,97.9200,0.000080
FILLER_32_121,VGND,li1,62.1000,97.9200,0.000080
FILLER_32_110,VGND,li1,56.5800,97.9200,0.000072
FILLER_32_102,VGND,li1,54.2800,97.9200,0.000069
FILLER_32_90,VGND,li1,49.6800,97.9200,0.000063
FILLER_32_83,VGND,li1,43.9300,97.9200,0.000052
FILLER_32_77,VGND,li1,42.3200,97.9200,0.000052
FILLER_32_65,VGND,li1,38.1800,97.9200,0.000046
FILLER_32_45,VGND,li1,26.6800,97.9200,0.000025
FILLER_32_37,VGND,li1,24.3800,97.9200,0.000022
FILLER_31_333,VGND,li1,159.1600,97.9200,0.000141
FILLER_31_321,VGND,li1,155.9400,97.9200,0.000141
FILLER_31_314,VGND,li1,150.6500,97.9200,0.000141
FILLER_31_289,VGND,li1,138.9200,97.9200,0.000140
FILLER_31_278,VGND,li1,133.8600,97.9200,0.000139
FILLER_31_261,VGND,li1,125.8100,97.9200,0.000136
FILLER_31_253,VGND,li1,123.7400,97.9200,0.000135
FILLER_31_225,VGND,li1,109.7100,97.9200,0.000126
FILLER_31_222,VGND,li1,108.1000,97.9200,0.000126
FILLER_31_214,VGND,li1,105.8000,97.9200,0.000124
FILLER_31_202,VGND,li1,101.2000,97.9200,0.000120
FILLER_31_190,VGND,li1,95.6800,97.9200,0.000116
FILLER_31_181,VGND,li1,89.0100,97.9200,0.000111
FILLER_31_169,VGND,li1,86.0200,97.9200,0.000108
FILLER_31_167,VGND,li1,82.5700,97.9200,0.000105
FILLER_31_143,VGND,li1,71.9900,97.9200,0.000093
FILLER_31_135,VGND,li1,69.4600,97.9200,0.000090
FILLER_31_131,VGND,li1,66.0100,97.9200,0.000085
FILLER_31_125,VGND,li1,64.4000,97.9200,0.000083
FILLER_31_113,VGND,li1,60.2600,97.9200,0.000077
FILLER_31_109,VGND,li1,56.3500,97.9200,0.000072
FILLER_31_93,VGND,li1,51.0600,97.9200,0.000063
FILLER_31_81,VGND,li1,45.5400,97.9200,0.000055
FILLER_31_69,VGND,li1,40.0200,97.9200,0.000049
FILLER_31_57,VGND,li1,34.5000,97.9200,0.000039
FILLER_31_55,VGND,li1,31.0500,97.9200,0.000034
FILLER_31_47,VGND,li1,28.9800,97.9200,0.000029
FILLER_31_39,VGND,li1,23.9200,97.9200,0.000022
FILLER_31_26,VGND,li1,17.7100,97.9200,0.000024
FILLER_30_334,VGND,li1,159.3900,92.4800,0.000207
FILLER_30_330,VGND,li1,158.2400,92.4800,0.000207
FILLER_30_309,VGND,li1,149.0400,92.4800,0.000207
FILLER_30_302,VGND,li1,145.8200,92.4800,0.000207
FILLER_30_298,VGND,li1,143.0600,92.4800,0.000207
FILLER_30_275,VGND,li1,132.2500,92.4800,0.000205
FILLER_30_253,VGND,li1,124.6600,92.4800,0.000202
FILLER_30_246,VGND,li1,120.0600,92.4800,0.000199
FILLER_30_239,VGND,li1,115.6900,92.4800,0.000196
FILLER_30_235,VGND,li1,114.5400,92.4800,0.000194
FILLER_30_223,VGND,li1,110.8600,92.4800,0.000193
FILLER_30_211,VGND,li1,105.3400,92.4800,0.000187
FILLER_30_199,VGND,li1,99.8200,92.4800,0.000182
FILLER_30_195,VGND,li1,95.4500,92.4800,0.000179
FILLER_30_163,VGND,li1,82.3400,92.4800,0.000163
FILLER_30_145,VGND,li1,72.9100,92.4800,0.000150
FILLER_30_133,VGND,li1,66.9300,92.4800,0.000139
FILLER_30_108,VGND,li1,55.4300,92.4800,0.000117
FILLER_30_91,VGND,li1,48.0700,92.4800,0.000100
FILLER_30_69,VGND,li1,37.7200,92.4800,0.000074
FILLER_30_61,VGND,li1,35.4200,92.4800,0.000068
FILLER_30_54,VGND,li1,30.5900,92.4800,0.000056
FILLER_30_42,VGND,li1,27.6000,92.4800,0.000045
FILLER_29_313,VGND,li1,149.7300,92.4800,0.000207
FILLER_29_304,VGND,li1,145.5900,92.4800,0.000207
FILLER_29_294,VGND,li1,142.6000,92.4800,0.000207
FILLER_29_285,VGND,li1,136.8500,92.4800,0.000206
FILLER_29_281,VGND,li1,135.7000,92.4800,0.000205
FILLER_29_279,VGND,li1,134.0900,92.4800,0.000205
FILLER_29_273,VGND,li1,132.4800,92.4800,0.000205
FILLER_29_267,VGND,li1,128.5700,92.4800,0.000203
FILLER_29_249,VGND,li1,121.9000,92.4800,0.000200
FILLER_29_243,VGND,li1,117.9900,92.4800,0.000198
FILLER_29_235,VGND,li1,115.4600,92.4800,0.000196
FILLER_29_216,VGND,li1,106.7200,92.4800,0.000189
FILLER_29_205,VGND,li1,100.0500,92.4800,0.000184
FILLER_29_185,VGND,li1,90.8500,92.4800,0.000173
FILLER_29_178,VGND,li1,87.6300,92.4800,0.000169
FILLER_29_167,VGND,li1,82.5700,92.4800,0.000163
FILLER_29_159,VGND,li1,80.5000,92.4800,0.000159
FILLER_29_147,VGND,li1,75.9000,92.4800,0.000154
FILLER_29_135,VGND,li1,70.3800,92.4800,0.000146
FILLER_29_132,VGND,li1,66.4700,92.4800,0.000139
FILLER_29_120,VGND,li1,63.4800,92.4800,0.000134
FILLER_29_96,VGND,li1,50.1400,92.4800,0.000105
FILLER_29_84,VGND,li1,46.9200,92.4800,0.000095
FILLER_29_73,VGND,li1,39.7900,92.4800,0.000079
FILLER_29_61,VGND,li1,36.3400,92.4800,0.000068
FILLER_29_53,VGND,li1,30.5900,92.4800,0.000056
FILLER_29_34,VGND,li1,21.3900,92.4800,0.000041
FILLER_29_30,VGND,li1,20.2400,92.4800,0.000043
FILLER_29_23,VGND,li1,16.3300,92.4800,0.000047
FILLER_28_309,VGND,li1,147.8900,87.0400,0.000482
FILLER_28_297,VGND,li1,142.3700,87.0400,0.000481
FILLER_28_291,VGND,li1,140.7600,87.0400,0.000481
FILLER_28_279,VGND,li1,136.6200,87.0400,0.000480
FILLER_28_267,VGND,li1,131.1000,87.0400,0.000477
FILLER_28_253,VGND,li1,122.8200,87.0400,0.000470
FILLER_28_251,VGND,li1,121.2100,87.0400,0.000468
FILLER_28_247,VGND,li1,120.0600,87.0400,0.000468
FILLER_28_239,VGND,li1,115.6900,87.0400,0.000463
FILLER_28_227,VGND,li1,112.7000,87.0400,0.000460
FILLER_28_215,VGND,li1,107.1800,87.0400,0.000455
FILLER_28_203,VGND,li1,101.6600,87.0400,0.000450
FILLER_28_195,VGND,li1,95.4500,87.0400,0.000443
FILLER_28_187,VGND,li1,93.3800,87.0400,0.000441
FILLER_28_184,VGND,li1,90.3900,87.0400,0.000438
FILLER_28_141,VGND,li1,71.3000,87.0400,0.000354
FILLER_28_139,VGND,li1,69.6900,87.0400,0.000343
FILLER_28_129,VGND,li1,65.0900,87.0400,0.000326
FILLER_28_121,VGND,li1,63.0200,87.0400,0.000312
FILLER_28_109,VGND,li1,58.4200,87.0400,0.000286
FILLER_28_97,VGND,li1,50.6000,87.0400,0.000238
FILLER_28_85,VGND,li1,47.3800,87.0400,0.000219
FILLER_28_82,VGND,li1,43.7000,87.0400,0.000196
FILLER_28_73,VGND,li1,39.7900,87.0400,0.000166
FILLER_28_61,VGND,li1,36.3400,87.0400,0.000141
FILLER_28_49,VGND,li1,30.8200,87.0400,0.000113
FILLER_28_37,VGND,li1,25.3000,87.0400,0.000079
FILLER_28_13,VGND,li1,12.8800,87.0400,0.000069
FILLER_28_7,VGND,li1,9.6600,87.0400,0.000070
FILLER_27_329,VGND,li1,158.2400,87.0400,0.000483
FILLER_27_326,VGND,li1,155.7100,87.0400,0.000483
FILLER_27_322,VGND,li1,154.5600,87.0400,0.000483
FILLER_27_313,VGND,li1,150.1900,87.0400,0.000483
FILLER_27_289,VGND,li1,138.6900,87.0400,0.000481
FILLER_27_281,VGND,li1,135.0100,87.0400,0.000478
FILLER_27_279,VGND,li1,134.0900,87.0400,0.000478
FILLER_27_271,VGND,li1,130.4100,87.0400,0.000475
FILLER_27_265,VGND,li1,128.8000,87.0400,0.000475
FILLER_27_254,VGND,li1,123.0500,87.0400,0.000470
FILLER_27_246,VGND,li1,120.5200,87.0400,0.000468
FILLER_27_237,VGND,li1,115.2300,87.0400,0.000463
FILLER_27_225,VGND,li1,111.7800,87.0400,0.000460
FILLER_27_223,VGND,li1,108.3300,87.0400,0.000455
FILLER_27_211,VGND,li1,105.3400,87.0400,0.000453
FILLER_27_199,VGND,li1,99.8200,87.0400,0.000448
FILLER_27_186,VGND,li1,91.3100,87.0400,0.000438
FILLER_27_174,VGND,li1,88.3200,87.0400,0.000435
FILLER_27_169,VGND,li1,83.7200,87.0400,0.000430
FILLER_27_166,VGND,li1,82.3400,87.0400,0.000419
FILLER_27_156,VGND,li1,77.7400,87.0400,0.000399
FILLER_27_149,VGND,li1,74.2900,87.0400,0.000370
FILLER_27_143,VGND,li1,72.6800,87.0400,0.000370
FILLER_27_135,VGND,li1,68.0800,87.0400,0.000343
FILLER_27_127,VGND,li1,65.7800,87.0400,0.000326
FILLER_27_113,VGND,li1,58.1900,87.0400,0.000275
FILLER_27_110,VGND,li1,56.5800,87.0400,0.000275
FILLER_27_94,VGND,li1,48.9900,87.0400,0.000219
FILLER_27_82,VGND,li1,44.6200,87.0400,0.000196
FILLER_27_75,VGND,li1,40.7100,87.0400,0.000178
FILLER_27_67,VGND,li1,37.0300,87.0400,0.000154
FILLER_27_57,VGND,li1,32.6600,87.0400,0.000126
FILLER_27_53,VGND,li1,30.5900,87.0400,0.000113
FILLER_27_45,VGND,li1,28.0600,87.0400,0.000097
FILLER_27_33,VGND,li1,23.4600,87.0400,0.000067
FILLER_27_25,VGND,li1,17.4800,87.0400,0.000068
FILLER_27_13,VGND,li1,14.2600,87.0400,0.000069
FILLER_27_3,VGND,li1,7.3600,87.0400,0.000070
FILLER_26_319,VGND,li1,155.0200,81.6000,0.000266
FILLER_26_309,VGND,li1,149.5000,81.6000,0.000263
FILLER_26_307,VGND,li1,146.9700,81.6000,0.000260
FILLER_26_300,VGND,li1,143.7500,81.6000,0.000258
FILLER_26_296,VGND,li1,142.6000,81.6000,0.000258
FILLER_26_284,VGND,li1,138.9200,81.6000,0.000255
FILLER_26_272,VGND,li1,133.4000,81.6000,0.000252
FILLER_26_253,VGND,li1,122.5900,81.6000,0.000242
FILLER_26_234,VGND,li1,113.3900,81.6000,0.000227
FILLER_26_220,VGND,li1,107.1800,81.6000,0.000218
FILLER_26_208,VGND,li1,101.6600,81.6000,0.000210
FILLER_26_197,VGND,li1,97.0600,81.6000,0.000201
FILLER_26_194,VGND,li1,95.2200,81.6000,0.000197
FILLER_26_166,VGND,li1,82.1100,81.6000,0.000173
FILLER_26_162,VGND,li1,80.9600,81.6000,0.000173
FILLER_26_132,VGND,li1,68.0800,81.6000,0.000140
FILLER_26_120,VGND,li1,63.4800,81.6000,0.000132
FILLER_26_115,VGND,li1,58.6500,81.6000,0.000121
FILLER_26_109,VGND,li1,57.0400,81.6000,0.000114
FILLER_26_97,VGND,li1,52.9000,81.6000,0.000106
FILLER_26_85,VGND,li1,47.3800,81.6000,0.000093
FILLER_26_81,VGND,li1,43.4700,81.6000,0.000082
FILLER_26_73,VGND,li1,40.9400,81.6000,0.000076
FILLER_26_68,VGND,li1,37.0300,81.6000,0.000062
FILLER_26_58,VGND,li1,32.4300,81.6000,0.000053
FILLER_26_50,VGND,li1,28.7500,81.6000,0.000038
FILLER_26_43,VGND,li1,25.5300,81.6000,0.000032
FILLER_26_31,VGND,li1,22.5400,81.6000,0.000034
FILLER_26_25,VGND,li1,17.7100,81.6000,0.000035
FILLER_26_7,VGND,li1,9.2000,81.6000,0.000036
FILLER_25_307,VGND,li1,148.1200,81.6000,0.000261
FILLER_25_303,VGND,li1,145.3600,81.6000,0.000260
FILLER_25_291,VGND,li1,142.1400,81.6000,0.000258
FILLER_25_281,VGND,li1,135.7000,81.6000,0.000253
FILLER_25_278,VGND,li1,133.8600,81.6000,0.000252
FILLER_25_266,VGND,li1,130.6400,81.6000,0.000249
FILLER_25_257,VGND,li1,123.9700,81.6000,0.000242
FILLER_25_249,VGND,li1,121.9000,81.6000,0.000240
FILLER_25_237,VGND,li1,117.3000,81.6000,0.000235
FILLER_25_225,VGND,li1,111.7800,81.6000,0.000227
FILLER_25_223,VGND,li1,108.3300,81.6000,0.000222
FILLER_25_211,VGND,li1,105.3400,81.6000,0.000214
FILLER_25_188,VGND,li1,94.7600,81.6000,0.000197
FILLER_25_167,VGND,li1,82.5700,81.6000,0.000173
FILLER_25_155,VGND,li1,79.5800,81.6000,0.000167
FILLER_25_143,VGND,li1,74.0600,81.6000,0.000157
FILLER_25_105,VGND,li1,54.0500,81.6000,0.000106
FILLER_25_99,VGND,li1,52.4400,81.6000,0.000106
FILLER_25_84,VGND,li1,45.5400,81.6000,0.000088
FILLER_25_72,VGND,li1,41.4000,81.6000,0.000076
FILLER_25_60,VGND,li1,35.8800,81.6000,0.000062
FILLER_25_57,VGND,li1,31.9700,81.6000,0.000047
FILLER_25_52,VGND,li1,30.3600,81.6000,0.000047
FILLER_25_40,VGND,li1,25.3000,81.6000,0.000032
FILLER_25_16,VGND,li1,13.1100,81.6000,0.000036
FILLER_25_7,VGND,li1,8.9700,81.6000,0.000036
FILLER_24_333,VGND,li1,159.1600,76.1600,0.000095
FILLER_24_324,VGND,li1,154.7900,76.1600,0.000095
FILLER_24_318,VGND,li1,153.1800,76.1600,0.000095
FILLER_24_307,VGND,li1,146.9700,76.1600,0.000095
FILLER_24_274,VGND,li1,132.9400,76.1600,0.000094
FILLER_24_257,VGND,li1,123.9700,76.1600,0.000091
FILLER_24_253,VGND,li1,122.8200,76.1600,0.000090
FILLER_24_251,VGND,li1,121.2100,76.1600,0.000089
FILLER_24_245,VGND,li1,119.6000,76.1600,0.000089
FILLER_24_233,VGND,li1,115.4600,76.1600,0.000087
FILLER_24_221,VGND,li1,109.9400,76.1600,0.000084
FILLER_24_209,VGND,li1,104.4200,76.1600,0.000081
FILLER_24_197,VGND,li1,98.9000,76.1600,0.000078
FILLER_24_195,VGND,li1,95.4500,76.1600,0.000075
FILLER_24_190,VGND,li1,93.6100,76.1600,0.000074
FILLER_24_170,VGND,li1,86.4800,76.1600,0.000069
FILLER_24_158,VGND,li1,80.9600,76.1600,0.000065
FILLER_24_146,VGND,li1,75.4400,76.1600,0.000062
FILLER_24_139,VGND,li1,69.6900,76.1600,0.000057
FILLER_24_135,VGND,li1,68.5400,76.1600,0.000057
FILLER_24_129,VGND,li1,65.7800,76.1600,0.000055
FILLER_24_119,VGND,li1,61.6400,76.1600,0.000051
FILLER_24_107,VGND,li1,57.5000,76.1600,0.000048
FILLER_24_100,VGND,li1,51.7500,76.1600,0.000042
FILLER_24_94,VGND,li1,50.1400,76.1600,0.000042
FILLER_24_83,VGND,li1,43.9300,76.1600,0.000036
FILLER_24_68,VGND,li1,37.4900,76.1600,0.000030
FILLER_24_60,VGND,li1,34.9600,76.1600,0.000028
FILLER_24_37,VGND,li1,23.0000,76.1600,0.000022
FILLER_24_29,VGND,li1,19.0900,76.1600,0.000027
FILLER_24_27,VGND,li1,18.1700,76.1600,0.000027
FILLER_23_323,VGND,li1,156.8600,76.1600,0.000095
FILLER_23_309,VGND,li1,149.5000,76.1600,0.000095
FILLER_23_290,VGND,li1,140.7600,76.1600,0.000095
FILLER_23_279,VGND,li1,134.0900,76.1600,0.000094
FILLER_23_271,VGND,li1,132.0200,76.1600,0.000094
FILLER_23_212,VGND,li1,103.2700,76.1600,0.000080
FILLER_23_208,VGND,li1,102.1200,76.1600,0.000080
FILLER_23_193,VGND,li1,94.5300,76.1600,0.000075
FILLER_23_176,VGND,li1,87.1700,76.1600,0.000070
FILLER_23_139,VGND,li1,72.2200,76.1600,0.000059
FILLER_23_127,VGND,li1,66.7000,76.1600,0.000055
FILLER_23_103,VGND,li1,53.3600,76.1600,0.000045
FILLER_23_91,VGND,li1,50.1400,76.1600,0.000042
FILLER_23_79,VGND,li1,44.6200,76.1600,0.000038
FILLER_23_65,VGND,li1,35.8800,76.1600,0.000030
FILLER_23_57,VGND,li1,33.5800,76.1600,0.000028
FILLER_23_55,VGND,li1,31.0500,76.1600,0.000026
FILLER_23_51,VGND,li1,29.9000,76.1600,0.000023
FILLER_23_39,VGND,li1,26.2200,76.1600,0.000020
FILLER_23_24,VGND,li1,16.7900,76.1600,0.000029
FILLER_22_307,VGND,li1,146.9700,70.7200,0.000233
FILLER_22_299,VGND,li1,143.9800,70.7200,0.000231
FILLER_22_292,VGND,li1,140.7600,70.7200,0.000229
FILLER_22_280,VGND,li1,137.0800,70.7200,0.000227
FILLER_22_250,VGND,li1,120.9800,70.7200,0.000212
FILLER_22_238,VGND,li1,117.7600,70.7200,0.000210
FILLER_22_222,VGND,li1,107.8700,70.7200,0.000199
FILLER_22_205,VGND,li1,100.0500,70.7200,0.000189
FILLER_22_197,VGND,li1,97.9800,70.7200,0.000186
FILLER_22_194,VGND,li1,95.2200,70.7200,0.000181
FILLER_22_175,VGND,li1,86.4800,70.7200,0.000169
FILLER_22_167,VGND,li1,84.1800,70.7200,0.000164
FILLER_22_157,VGND,li1,78.4300,70.7200,0.000158
FILLER_22_123,VGND,li1,62.3300,70.7200,0.000126
FILLER_22_117,VGND,li1,60.7200,70.7200,0.000126
FILLER_22_105,VGND,li1,56.5800,70.7200,0.000113
FILLER_22_93,VGND,li1,51.0600,70.7200,0.000102
FILLER_22_83,VGND,li1,43.9300,70.7200,0.000088
FILLER_22_75,VGND,li1,40.2500,70.7200,0.000077
FILLER_22_63,VGND,li1,35.1900,70.7200,0.000067
FILLER_22_57,VGND,li1,31.9700,70.7200,0.000057
FILLER_22_43,VGND,li1,26.6800,70.7200,0.000047
FILLER_22_19,VGND,li1,14.4900,70.7200,0.000057
FILLER_21_330,VGND,li1,157.5500,70.7200,0.000239
FILLER_21_324,VGND,li1,155.9400,70.7200,0.000239
FILLER_21_316,VGND,li1,151.1100,70.7200,0.000236
FILLER_21_301,VGND,li1,145.8200,70.7200,0.000233
FILLER_21_291,VGND,li1,140.0700,70.7200,0.000229
FILLER_21_287,VGND,li1,137.7700,70.7200,0.000227
FILLER_21_281,VGND,li1,136.1600,70.7200,0.000225
FILLER_21_272,VGND,li1,132.4800,70.7200,0.000224
FILLER_21_260,VGND,li1,126.9600,70.7200,0.000218
FILLER_21_244,VGND,li1,119.6000,70.7200,0.000212
FILLER_21_232,VGND,li1,115.0000,70.7200,0.000207
FILLER_21_223,VGND,li1,108.3300,70.7200,0.000199
FILLER_21_210,VGND,li1,102.3500,70.7200,0.000192
FILLER_21_204,VGND,li1,100.7400,70.7200,0.000189
FILLER_21_193,VGND,li1,96.1400,70.7200,0.000184
FILLER_21_181,VGND,li1,91.5400,70.7200,0.000177
FILLER_21_169,VGND,li1,86.0200,70.7200,0.000169
FILLER_21_167,VGND,li1,82.5700,70.7200,0.000164
FILLER_21_161,VGND,li1,80.9600,70.7200,0.000161
FILLER_21_149,VGND,li1,76.8200,70.7200,0.000154
FILLER_21_137,VGND,li1,71.3000,70.7200,0.000144
FILLER_21_117,VGND,li1,61.1800,70.7200,0.000126
FILLER_21_110,VGND,li1,56.5800,70.7200,0.000113
FILLER_21_77,VGND,li1,41.1700,70.7200,0.000082
FILLER_21_69,VGND,li1,37.4900,70.7200,0.000072
FILLER_21_57,VGND,li1,33.1200,70.7200,0.000063
FILLER_21_55,VGND,li1,31.0500,70.7200,0.000057
FILLER_21_49,VGND,li1,29.4400,70.7200,0.000053
FILLER_21_3,VGND,li1,7.1300,70.7200,0.000059
FILLER_20_334,VGND,li1,159.3900,65.2800,0.000166
FILLER_20_322,VGND,li1,156.4000,65.2800,0.000166
FILLER_20_317,VGND,li1,151.5700,65.2800,0.000165
FILLER_20_309,VGND,li1,149.5000,65.2800,0.000165
FILLER_20_305,VGND,li1,146.5100,65.2800,0.000165
FILLER_20_297,VGND,li1,142.8300,65.2800,0.000165
FILLER_20_289,VGND,li1,140.3000,65.2800,0.000164
FILLER_20_283,VGND,li1,135.9300,65.2800,0.000164
FILLER_20_277,VGND,li1,134.3200,65.2800,0.000163
FILLER_20_265,VGND,li1,130.1800,65.2800,0.000160
FILLER_20_253,VGND,li1,124.6600,65.2800,0.000158
FILLER_20_251,VGND,li1,121.2100,65.2800,0.000156
FILLER_20_243,VGND,li1,119.1400,65.2800,0.000155
FILLER_20_230,VGND,li1,113.1600,65.2800,0.000151
FILLER_20_222,VGND,li1,107.8700,65.2800,0.000147
FILLER_20_205,VGND,li1,100.2800,65.2800,0.000141
FILLER_20_197,VGND,li1,97.9800,65.2800,0.000139
FILLER_20_188,VGND,li1,93.8400,65.2800,0.000135
FILLER_20_176,VGND,li1,86.7100,65.2800,0.000128
FILLER_20_153,VGND,li1,76.8200,65.2800,0.000115
FILLER_20_141,VGND,li1,73.1400,65.2800,0.000111
FILLER_20_139,VGND,li1,69.6900,65.2800,0.000106
FILLER_20_132,VGND,li1,66.9300,65.2800,0.000103
FILLER_20_124,VGND,li1,64.4000,65.2800,0.000100
FILLER_20_111,VGND,li1,57.9600,65.2800,0.000089
FILLER_20_99,VGND,li1,53.8200,65.2800,0.000083
FILLER_20_93,VGND,li1,48.7600,65.2800,0.000075
FILLER_20_85,VGND,li1,46.4600,65.2800,0.000072
FILLER_20_72,VGND,li1,41.4000,65.2800,0.000064
FILLER_20_60,VGND,li1,35.8800,65.2800,0.000049
FILLER_20_23,VGND,li1,16.3300,65.2800,0.000031
FILLER_20_3,VGND,li1,7.1300,65.2800,0.000032
FILLER_19_331,VGND,li1,158.7000,65.2800,0.000166
FILLER_19_325,VGND,li1,155.7100,65.2800,0.000166
FILLER_19_314,VGND,li1,150.8800,65.2800,0.000165
FILLER_19_299,VGND,li1,143.2900,65.2800,0.000165
FILLER_19_293,VGND,li1,141.6800,65.2800,0.000164
FILLER_19_281,VGND,li1,137.5400,65.2800,0.000164
FILLER_19_278,VGND,li1,133.8600,65.2800,0.000163
FILLER_19_258,VGND,li1,125.5800,65.2800,0.000158
FILLER_19_245,VGND,li1,118.4500,65.2800,0.000155
FILLER_19_232,VGND,li1,113.6200,65.2800,0.000151
FILLER_19_210,VGND,li1,102.8100,65.2800,0.000143
FILLER_19_193,VGND,li1,94.5300,65.2800,0.000135
FILLER_19_181,VGND,li1,91.5400,65.2800,0.000133
FILLER_19_169,VGND,li1,83.4900,65.2800,0.000123
FILLER_19_164,VGND,li1,81.1900,65.2800,0.000120
FILLER_19_158,VGND,li1,79.5800,65.2800,0.000120
FILLER_19_147,VGND,li1,73.3700,65.2800,0.000111
FILLER_19_113,VGND,li1,57.7300,65.2800,0.000089
FILLER_19_102,VGND,li1,53.8200,65.2800,0.000083
FILLER_19_90,VGND,li1,47.8400,65.2800,0.000072
FILLER_19_57,VGND,li1,31.9700,65.2800,0.000041
FILLER_19_51,VGND,li1,29.2100,65.2800,0.000036
FILLER_19_43,VGND,li1,25.7600,65.2800,0.000028
FILLER_19_40,VGND,li1,24.1500,65.2800,0.000028
FILLER_19_36,VGND,li1,23.0000,65.2800,0.000028
FILLER_19_31,VGND,li1,20.4700,65.2800,0.000029
FILLER_18_333,VGND,li1,159.1600,59.8400,0.000373
FILLER_18_309,VGND,li1,148.3500,59.8400,0.000373
FILLER_18_305,VGND,li1,146.5100,59.8400,0.000373
FILLER_18_283,VGND,li1,136.1600,59.8400,0.000372
FILLER_18_275,VGND,li1,132.7100,59.8400,0.000371
FILLER_18_259,VGND,li1,127.4200,59.8400,0.000370
FILLER_18_253,VGND,li1,122.5900,59.8400,0.000368
FILLER_18_251,VGND,li1,121.2100,59.8400,0.000368
FILLER_18_245,VGND,li1,119.6000,59.8400,0.000367
FILLER_18_233,VGND,li1,115.4600,59.8400,0.000365
FILLER_18_224,VGND,li1,108.7900,59.8400,0.000363
FILLER_18_204,VGND,li1,100.0500,59.8400,0.000358
FILLER_18_197,VGND,li1,96.8300,59.8400,0.000356
FILLER_18_195,VGND,li1,95.4500,59.8400,0.000356
FILLER_18_183,VGND,li1,92.4600,59.8400,0.000354
FILLER_18_171,VGND,li1,86.9400,59.8400,0.000351
FILLER_18_159,VGND,li1,81.4200,59.8400,0.000347
FILLER_18_147,VGND,li1,75.9000,59.8400,0.000344
FILLER_18_139,VGND,li1,69.6900,59.8400,0.000339
FILLER_18_96,VGND,li1,50.1400,59.8400,0.000288
FILLER_18_85,VGND,li1,45.0800,59.8400,0.000254
FILLER_18_51,VGND,li1,29.2100,59.8400,0.000138
FILLER_17_323,VGND,li1,154.5600,59.8400,0.000373
FILLER_17_315,VGND,li1,152.2600,59.8400,0.000373
FILLER_17_303,VGND,li1,147.6600,59.8400,0.000373
FILLER_17_293,VGND,li1,141.6800,59.8400,0.000372
FILLER_17_281,VGND,li1,137.5400,59.8400,0.000372
FILLER_17_278,VGND,li1,133.8600,59.8400,0.000371
FILLER_17_271,VGND,li1,130.8700,59.8400,0.000371
FILLER_17_263,VGND,li1,128.3400,59.8400,0.000370
FILLER_17_251,VGND,li1,123.7400,59.8400,0.000369
FILLER_17_239,VGND,li1,118.2200,59.8400,0.000367
FILLER_17_230,VGND,li1,111.7800,59.8400,0.000364
FILLER_17_225,VGND,li1,109.4800,59.8400,0.000363
FILLER_17_205,VGND,li1,101.2000,59.8400,0.000360
FILLER_17_193,VGND,li1,97.0600,59.8400,0.000356
FILLER_17_181,VGND,li1,91.5400,59.8400,0.000354
FILLER_17_173,VGND,li1,85.3300,59.8400,0.000349
FILLER_17_169,VGND,li1,84.1800,59.8400,0.000349
FILLER_17_166,VGND,li1,82.3400,59.8400,0.000348
FILLER_17_158,VGND,li1,80.0400,59.8400,0.000347
FILLER_17_151,VGND,li1,75.2100,59.8400,0.000343
FILLER_17_147,VGND,li1,74.0600,59.8400,0.000343
FILLER_17_135,VGND,li1,70.3800,59.8400,0.000339
FILLER_17_123,VGND,li1,64.8600,59.8400,0.000335
FILLER_17_120,VGND,li1,60.9500,59.8400,0.000331
FILLER_17_113,VGND,li1,57.7300,59.8400,0.000329
FILLER_17_106,VGND,li1,55.6600,59.8400,0.000327
FILLER_17_96,VGND,li1,49.9100,59.8400,0.000288
FILLER_17_89,VGND,li1,47.1500,59.8400,0.000268
FILLER_17_77,VGND,li1,43.7000,59.8400,0.000238
FILLER_17_46,VGND,li1,26.9100,59.8400,0.000107
FILLER_17_40,VGND,li1,25.3000,59.8400,0.000107
FILLER_17_3,VGND,li1,7.1300,59.8400,0.000099
FILLER_16_327,VGND,li1,156.1700,54.4000,0.000544
FILLER_16_321,VGND,li1,154.5600,54.4000,0.000544
FILLER_16_309,VGND,li1,149.5000,54.4000,0.000543
FILLER_16_306,VGND,li1,146.7400,54.4000,0.000543
FILLER_16_296,VGND,li1,142.1400,54.4000,0.000543
FILLER_16_274,VGND,li1,132.4800,54.4000,0.000541
FILLER_16_259,VGND,li1,124.8900,54.4000,0.000538
FILLER_16_244,VGND,li1,119.6000,54.4000,0.000534
FILLER_16_232,VGND,li1,115.0000,54.4000,0.000531
FILLER_16_220,VGND,li1,109.4800,54.4000,0.000528
FILLER_16_208,VGND,li1,103.9600,54.4000,0.000525
FILLER_16_197,VGND,li1,96.3700,54.4000,0.000517
FILLER_16_192,VGND,li1,94.7600,54.4000,0.000517
FILLER_16_170,VGND,li1,86.4800,54.4000,0.000510
FILLER_16_139,VGND,li1,69.6900,54.4000,0.000389
FILLER_16_126,VGND,li1,63.7100,54.4000,0.000360
FILLER_16_122,VGND,li1,62.5600,54.4000,0.000342
FILLER_16_111,VGND,li1,56.8100,54.4000,0.000314
FILLER_16_103,VGND,li1,54.7400,54.4000,0.000297
FILLER_16_85,VGND,li1,46.4600,54.4000,0.000245
FILLER_16_64,VGND,li1,35.1900,54.4000,0.000168
FILLER_16_45,VGND,li1,26.9100,54.4000,0.000108
FILLER_16_41,VGND,li1,24.8400,54.4000,0.000093
FILLER_16_27,VGND,li1,18.1700,54.4000,0.000104
FILLER_16_10,VGND,li1,10.3500,54.4000,0.000108
FILLER_15_334,VGND,li1,159.3900,54.4000,0.000544
FILLER_15_308,VGND,li1,148.5800,54.4000,0.000543
FILLER_15_297,VGND,li1,142.3700,54.4000,0.000543
FILLER_15_293,VGND,li1,141.2200,54.4000,0.000543
FILLER_15_281,VGND,li1,137.5400,54.4000,0.000542
FILLER_15_279,VGND,li1,134.0900,54.4000,0.000541
FILLER_15_273,VGND,li1,132.4800,54.4000,0.000541
FILLER_15_249,VGND,li1,120.7500,54.4000,0.000535
FILLER_15_241,VGND,li1,118.2200,54.4000,0.000534
FILLER_15_233,VGND,li1,113.3900,54.4000,0.000531
FILLER_15_225,VGND,li1,110.8600,54.4000,0.000529
FILLER_15_221,VGND,li1,107.8700,54.4000,0.000527
FILLER_15_204,VGND,li1,99.5900,54.4000,0.000521
FILLER_15_200,VGND,li1,98.4400,54.4000,0.000519
FILLER_15_153,VGND,li1,76.5900,54.4000,0.000440
FILLER_15_141,VGND,li1,73.1400,54.4000,0.000417
FILLER_15_138,VGND,li1,69.2300,54.4000,0.000389
FILLER_15_134,VGND,li1,68.0800,54.4000,0.000389
FILLER_15_131,VGND,li1,66.0100,54.4000,0.000372
FILLER_15_125,VGND,li1,64.4000,54.4000,0.000360
FILLER_15_113,VGND,li1,60.2600,54.4000,0.000326
FILLER_15_100,VGND,li1,54.2800,54.4000,0.000297
FILLER_15_88,VGND,li1,48.7600,54.4000,0.000260
FILLER_15_75,VGND,li1,40.7100,54.4000,0.000201
FILLER_15_61,VGND,li1,33.8100,54.4000,0.000150
FILLER_15_57,VGND,li1,32.6600,54.4000,0.000150
FILLER_15_55,VGND,li1,31.0500,54.4000,0.000134
FILLER_15_3,VGND,li1,7.1300,54.4000,0.000109
FILLER_14_333,VGND,li1,159.1600,48.9600,0.000150
FILLER_14_324,VGND,li1,154.7900,48.9600,0.000150
FILLER_14_320,VGND,li1,153.1800,48.9600,0.000150
FILLER_14_309,VGND,li1,148.5800,48.9600,0.000150
FILLER_14_307,VGND,li1,146.9700,48.9600,0.000149
FILLER_14_301,VGND,li1,145.3600,48.9600,0.000149
FILLER_14_285,VGND,li1,137.0800,48.9600,0.000147
FILLER_14_277,VGND,li1,133.8600,48.9600,0.000146
FILLER_14_265,VGND,li1,130.1800,48.9600,0.000144
FILLER_14_253,VGND,li1,124.6600,48.9600,0.000142
FILLER_14_251,VGND,li1,121.2100,48.9600,0.000140
FILLER_14_243,VGND,li1,117.9900,48.9600,0.000139
FILLER_14_205,VGND,li1,100.0500,48.9600,0.000127
FILLER_14_197,VGND,li1,97.9800,48.9600,0.000126
FILLER_14_188,VGND,li1,93.8400,48.9600,0.000122
FILLER_14_176,VGND,li1,89.2400,48.9600,0.000119
FILLER_14_167,VGND,li1,82.8000,48.9600,0.000113
FILLER_14_161,VGND,li1,80.2700,48.9600,0.000110
FILLER_14_153,VGND,li1,77.7400,48.9600,0.000107
FILLER_14_141,VGND,li1,73.1400,48.9600,0.000101
FILLER_14_134,VGND,li1,68.5400,48.9600,0.000094
FILLER_14_122,VGND,li1,64.4000,48.9600,0.000090
FILLER_14_110,VGND,li1,56.5800,48.9600,0.000078
FILLER_14_98,VGND,li1,53.3600,48.9600,0.000074
FILLER_14_85,VGND,li1,46.0000,48.9600,0.000061
FILLER_14_82,VGND,li1,43.7000,48.9600,0.000056
FILLER_14_74,VGND,li1,41.4000,48.9600,0.000051
FILLER_14_63,VGND,li1,35.1900,48.9600,0.000041
FILLER_14_51,VGND,li1,31.7400,48.9600,0.000034
FILLER_14_43,VGND,li1,25.5300,48.9600,0.000024
FILLER_14_21,VGND,li1,15.4100,48.9600,0.000029
FILLER_14_3,VGND,li1,7.1300,48.9600,0.000030
FILLER_13_332,VGND,li1,158.9300,48.9600,0.000150
FILLER_13_324,VGND,li1,156.4000,48.9600,0.000150
FILLER_13_315,VGND,li1,150.6500,48.9600,0.000150
FILLER_13_311,VGND,li1,149.5000,48.9600,0.000150
FILLER_13_302,VGND,li1,145.3600,48.9600,0.000149
FILLER_13_290,VGND,li1,141.6800,48.9600,0.000149
FILLER_13_276,VGND,li1,133.4000,48.9600,0.000146
FILLER_13_264,VGND,li1,129.7200,48.9600,0.000144
FILLER_13_252,VGND,li1,124.2000,48.9600,0.000142
FILLER_13_233,VGND,li1,115.4600,48.9600,0.000138
FILLER_13_223,VGND,li1,108.3300,48.9600,0.000133
FILLER_13_219,VGND,li1,107.1800,48.9600,0.000133
FILLER_13_212,VGND,li1,103.2700,48.9600,0.000130
FILLER_13_204,VGND,li1,101.2000,48.9600,0.000127
FILLER_13_192,VGND,li1,96.6000,48.9600,0.000124
FILLER_13_169,VGND,li1,83.9500,48.9600,0.000113
FILLER_13_164,VGND,li1,81.8800,48.9600,0.000110
FILLER_13_148,VGND,li1,74.2900,48.9600,0.000101
FILLER_13_124,VGND,li1,64.4000,48.9600,0.000090
FILLER_13_113,VGND,li1,57.7300,48.9600,0.000081
FILLER_13_106,VGND,li1,54.5100,48.9600,0.000074
FILLER_13_102,VGND,li1,53.3600,48.9600,0.000074
FILLER_13_81,VGND,li1,43.0100,48.9600,0.000056
FILLER_13_69,VGND,li1,40.0200,48.9600,0.000051
FILLER_13_57,VGND,li1,34.5000,48.9600,0.000041
FILLER_13_52,VGND,li1,30.3600,48.9600,0.000034
FILLER_13_41,VGND,li1,24.8400,48.9600,0.000024
FILLER_13_15,VGND,li1,12.6500,48.9600,0.000029
FILLER_12_318,VGND,li1,152.0300,43.5200,0.000122
FILLER_12_305,VGND,li1,146.5100,43.5200,0.000122
FILLER_12_297,VGND,li1,143.9800,43.5200,0.000121
FILLER_12_285,VGND,li1,139.3800,43.5200,0.000120
FILLER_12_253,VGND,li1,122.8200,43.5200,0.000114
FILLER_12_249,VGND,li1,120.7500,43.5200,0.000113
FILLER_12_241,VGND,li1,118.2200,43.5200,0.000111
FILLER_12_229,VGND,li1,113.6200,43.5200,0.000109
FILLER_12_217,VGND,li1,108.1000,43.5200,0.000105
FILLER_12_189,VGND,li1,92.6900,43.5200,0.000095
FILLER_12_183,VGND,li1,91.0800,43.5200,0.000093
FILLER_12_161,VGND,li1,81.4200,43.5200,0.000086
FILLER_12_149,VGND,li1,74.7500,43.5200,0.000080
FILLER_12_141,VGND,li1,72.2200,43.5200,0.000078
FILLER_12_138,VGND,li1,69.4600,43.5200,0.000075
FILLER_12_131,VGND,li1,66.0100,43.5200,0.000071
FILLER_12_123,VGND,li1,63.9400,43.5200,0.000069
FILLER_12_111,VGND,li1,59.3400,43.5200,0.000065
FILLER_12_99,VGND,li1,53.8200,43.5200,0.000060
FILLER_12_85,VGND,li1,46.0000,43.5200,0.000050
FILLER_12_83,VGND,li1,43.9300,43.5200,0.000047
FILLER_12_77,VGND,li1,42.3200,43.5200,0.000047
FILLER_12_62,VGND,li1,34.2700,43.5200,0.000036
FILLER_12_58,VGND,li1,33.1200,43.5200,0.000036
FILLER_12_47,VGND,li1,27.3700,43.5200,0.000029
FILLER_12_3,VGND,li1,7.1300,43.5200,0.000037
FILLER_11_329,VGND,li1,157.3200,43.5200,0.000123
FILLER_11_325,VGND,li1,155.4800,43.5200,0.000123
FILLER_11_318,VGND,li1,152.0300,43.5200,0.000122
FILLER_11_313,VGND,li1,150.1900,43.5200,0.000122
FILLER_11_302,VGND,li1,144.6700,43.5200,0.000122
FILLER_11_293,VGND,li1,140.5300,43.5200,0.000120
FILLER_11_281,VGND,li1,137.5400,43.5200,0.000120
FILLER_11_276,VGND,li1,133.4000,43.5200,0.000118
FILLER_11_264,VGND,li1,129.7200,43.5200,0.000117
FILLER_11_256,VGND,li1,123.7400,43.5200,0.000114
FILLER_11_244,VGND,li1,120.5200,43.5200,0.000113
FILLER_11_232,VGND,li1,112.7000,43.5200,0.000109
FILLER_11_223,VGND,li1,108.3300,43.5200,0.000105
FILLER_11_203,VGND,li1,101.6600,43.5200,0.000101
FILLER_11_197,VGND,li1,96.3700,43.5200,0.000096
FILLER_11_191,VGND,li1,94.7600,43.5200,0.000096
FILLER_11_179,VGND,li1,90.6200,43.5200,0.000093
FILLER_11_169,VGND,li1,83.9500,43.5200,0.000087
FILLER_11_166,VGND,li1,82.3400,43.5200,0.000086
FILLER_11_158,VGND,li1,80.0400,43.5200,0.000083
FILLER_11_151,VGND,li1,75.2100,43.5200,0.000080
FILLER_11_143,VGND,li1,73.1400,43.5200,0.000078
FILLER_11_131,VGND,li1,68.5400,43.5200,0.000074
FILLER_11_113,VGND,li1,59.3400,43.5200,0.000065
FILLER_11_100,VGND,li1,54.2800,43.5200,0.000060
FILLER_11_88,VGND,li1,48.7600,43.5200,0.000054
FILLER_11_78,VGND,li1,41.6300,43.5200,0.000045
FILLER_11_74,VGND,li1,40.4800,43.5200,0.000045
FILLER_11_57,VGND,li1,32.6600,43.5200,0.000036
FILLER_11_53,VGND,li1,30.5900,43.5200,0.000033
FILLER_10_321,VGND,li1,154.5600,38.0800,0.000204
FILLER_10_309,VGND,li1,150.4200,38.0800,0.000201
FILLER_10_304,VGND,li1,146.2800,38.0800,0.000199
FILLER_10_293,VGND,li1,140.5300,38.0800,0.000195
FILLER_10_289,VGND,li1,139.3800,38.0800,0.000195
FILLER_10_277,VGND,li1,135.7000,38.0800,0.000192
FILLER_10_265,VGND,li1,130.1800,38.0800,0.000189
FILLER_10_253,VGND,li1,124.6600,38.0800,0.000184
FILLER_10_251,VGND,li1,121.2100,38.0800,0.000181
FILLER_10_245,VGND,li1,119.6000,38.0800,0.000179
FILLER_10_233,VGND,li1,115.4600,38.0800,0.000176
FILLER_10_221,VGND,li1,109.9400,38.0800,0.000169
FILLER_10_209,VGND,li1,104.4200,38.0800,0.000164
FILLER_10_197,VGND,li1,98.9000,38.0800,0.000158
FILLER_10_193,VGND,li1,94.9900,38.0800,0.000153
FILLER_10_170,VGND,li1,84.6400,38.0800,0.000135
FILLER_10_158,VGND,li1,80.9600,38.0800,0.000132
FILLER_10_147,VGND,li1,73.3700,38.0800,0.000116
FILLER_10_141,VGND,li1,71.7600,38.0800,0.000116
FILLER_10_139,VGND,li1,69.6900,38.0800,0.000112
FILLER_10_133,VGND,li1,68.0800,38.0800,0.000108
FILLER_10_117,VGND,li1,61.1800,38.0800,0.000097
FILLER_10_105,VGND,li1,54.2800,38.0800,0.000081
FILLER_10_102,VGND,li1,52.6700,38.0800,0.000081
FILLER_10_85,VGND,li1,46.4600,38.0800,0.000068
FILLER_10_83,VGND,li1,43.9300,38.0800,0.000063
FILLER_10_79,VGND,li1,42.7800,38.0800,0.000063
FILLER_10_67,VGND,li1,39.1000,38.0800,0.000055
FILLER_10_55,VGND,li1,33.5800,38.0800,0.000043
FILLER_10_43,VGND,li1,28.0600,38.0800,0.000034
FILLER_10_31,VGND,li1,22.5400,38.0800,0.000030
FILLER_9_309,VGND,li1,149.5000,38.0800,0.000201
FILLER_9_297,VGND,li1,144.9000,38.0800,0.000198
FILLER_9_279,VGND,li1,134.0900,38.0800,0.000191
FILLER_9_271,VGND,li1,130.6400,38.0800,0.000189
FILLER_9_263,VGND,li1,128.3400,38.0800,0.000187
FILLER_9_248,VGND,li1,119.8300,38.0800,0.000179
FILLER_9_244,VGND,li1,118.6800,38.0800,0.000179
FILLER_9_223,VGND,li1,108.3300,38.0800,0.000166
FILLER_9_217,VGND,li1,106.7200,38.0800,0.000166
FILLER_9_205,VGND,li1,102.5800,38.0800,0.000162
FILLER_9_186,VGND,li1,91.7700,38.0800,0.000149
FILLER_9_177,VGND,li1,87.6300,38.0800,0.000143
FILLER_9_169,VGND,li1,85.1000,38.0800,0.000139
FILLER_9_153,VGND,li1,76.1300,38.0800,0.000121
FILLER_9_149,VGND,li1,74.9800,38.0800,0.000121
FILLER_9_137,VGND,li1,71.3000,38.0800,0.000112
FILLER_9_121,VGND,li1,61.8700,38.0800,0.000097
FILLER_9_113,VGND,li1,59.3400,38.0800,0.000094
FILLER_9_104,VGND,li1,53.5900,38.0800,0.000081
FILLER_9_95,VGND,li1,49.4500,38.0800,0.000072
FILLER_9_89,VGND,li1,47.8400,38.0800,0.000072
FILLER_9_76,VGND,li1,40.7100,38.0800,0.000059
FILLER_9_50,VGND,li1,28.7500,38.0800,0.000034
FILLER_9_38,VGND,li1,25.7600,38.0800,0.000028
FILLER_9_28,VGND,li1,18.6300,38.0800,0.000033
FILLER_9_3,VGND,li1,7.1300,38.0800,0.000038
FILLER_8_330,VGND,li1,157.5500,32.6400,0.000195
FILLER_8_309,VGND,li1,147.8900,32.6400,0.000191
FILLER_8_305,VGND,li1,146.5100,32.6400,0.000190
FILLER_8_300,VGND,li1,143.7500,32.6400,0.000188
FILLER_8_292,VGND,li1,141.6800,32.6400,0.000187
FILLER_8_285,VGND,li1,136.8500,32.6400,0.000183
FILLER_8_281,VGND,li1,135.7000,32.6400,0.000183
FILLER_8_259,VGND,li1,125.3500,32.6400,0.000173
FILLER_8_247,VGND,li1,119.3700,32.6400,0.000165
FILLER_8_243,VGND,li1,118.2200,32.6400,0.000165
FILLER_8_231,VGND,li1,114.5400,32.6400,0.000161
FILLER_8_197,VGND,li1,96.3700,32.6400,0.000137
FILLER_8_182,VGND,li1,89.4700,32.6400,0.000129
FILLER_8_174,VGND,li1,87.4000,32.6400,0.000125
FILLER_8_162,VGND,li1,82.8000,32.6400,0.000118
FILLER_8_157,VGND,li1,77.9700,32.6400,0.000110
FILLER_8_153,VGND,li1,76.8200,32.6400,0.000107
FILLER_8_132,VGND,li1,67.1600,32.6400,0.000093
FILLER_8_120,VGND,li1,63.4800,32.6400,0.000087
FILLER_8_108,VGND,li1,57.9600,32.6400,0.000075
FILLER_8_94,VGND,li1,50.1400,32.6400,0.000065
FILLER_8_83,VGND,li1,43.9300,32.6400,0.000052
FILLER_8_77,VGND,li1,41.4000,32.6400,0.000047
FILLER_8_65,VGND,li1,38.1800,32.6400,0.000043
FILLER_8_53,VGND,li1,32.6600,32.6400,0.000031
FILLER_8_44,VGND,li1,26.2200,32.6400,0.000020
FILLER_8_33,VGND,li1,20.9300,32.6400,0.000020
FILLER_8_29,VGND,li1,19.7800,32.6400,0.000020
FILLER_8_27,VGND,li1,18.1700,32.6400,0.000020
FILLER_7_334,VGND,li1,159.3900,32.6400,0.000195
FILLER_7_330,VGND,li1,158.2400,32.6400,0.000195
FILLER_7_304,VGND,li1,145.5900,32.6400,0.000190
FILLER_7_295,VGND,li1,141.4500,32.6400,0.000187
FILLER_7_287,VGND,li1,139.3800,32.6400,0.000185
FILLER_7_272,VGND,li1,132.4800,32.6400,0.000179
FILLER_7_260,VGND,li1,127.8800,32.6400,0.000176
FILLER_7_256,VGND,li1,123.5100,32.6400,0.000171
FILLER_7_244,VGND,li1,120.5200,32.6400,0.000168
FILLER_7_232,VGND,li1,115.0000,32.6400,0.000161
FILLER_7_221,VGND,li1,107.8700,32.6400,0.000151
FILLER_7_209,VGND,li1,104.4200,32.6400,0.000147
FILLER_7_202,VGND,li1,99.1300,32.6400,0.000140
FILLER_7_194,VGND,li1,96.6000,32.6400,0.000137
FILLER_7_182,VGND,li1,92.0000,32.6400,0.000132
FILLER_7_169,VGND,li1,85.1000,32.6400,0.000122
FILLER_7_167,VGND,li1,82.5700,32.6400,0.000118
FILLER_7_154,VGND,li1,77.7400,32.6400,0.000110
FILLER_7_133,VGND,li1,67.1600,32.6400,0.000093
FILLER_7_125,VGND,li1,64.8600,32.6400,0.000087
FILLER_7_113,VGND,li1,60.2600,32.6400,0.000082
FILLER_7_110,VGND,li1,56.5800,32.6400,0.000075
FILLER_7_102,VGND,li1,54.2800,32.6400,0.000072
FILLER_7_81,VGND,li1,43.4700,32.6400,0.000052
FILLER_7_69,VGND,li1,40.0200,32.6400,0.000047
FILLER_7_57,VGND,li1,34.5000,32.6400,0.000037
FILLER_7_55,VGND,li1,31.0500,32.6400,0.000031
FILLER_7_43,VGND,li1,28.0600,32.6400,0.000025
FILLER_7_37,VGND,li1,23.2300,32.6400,0.000020
FILLER_7_28,VGND,li1,18.6300,32.6400,0.000020
FILLER_7_13,VGND,li1,13.3400,32.6400,0.000020
FILLER_7_7,VGND,li1,9.6600,32.6400,0.000021
FILLER_6_327,VGND,li1,157.7800,27.2000,0.000155
FILLER_6_315,VGND,li1,153.1800,27.2000,0.000155
FILLER_6_307,VGND,li1,146.9700,27.2000,0.000155
FILLER_6_297,VGND,li1,142.3700,27.2000,0.000155
FILLER_6_285,VGND,li1,139.3800,27.2000,0.000155
FILLER_6_277,VGND,li1,133.1700,27.2000,0.000154
FILLER_6_265,VGND,li1,130.1800,27.2000,0.000153
FILLER_6_261,VGND,li1,125.8100,27.2000,0.000151
FILLER_6_253,VGND,li1,123.7400,27.2000,0.000150
FILLER_6_249,VGND,li1,120.7500,27.2000,0.000149
FILLER_6_228,VGND,li1,111.7800,27.2000,0.000143
FILLER_6_216,VGND,li1,107.6400,27.2000,0.000141
FILLER_6_204,VGND,li1,102.1200,27.2000,0.000138
FILLER_6_184,VGND,li1,92.9200,27.2000,0.000129
FILLER_6_171,VGND,li1,84.8700,27.2000,0.000123
FILLER_6_159,VGND,li1,79.1200,27.2000,0.000117
FILLER_6_147,VGND,li1,73.6000,27.2000,0.000110
FILLER_6_137,VGND,li1,69.2300,27.2000,0.000104
FILLER_6_117,VGND,li1,59.8000,27.2000,0.000090
FILLER_6_93,VGND,li1,48.9900,27.2000,0.000073
FILLER_6_85,VGND,li1,46.4600,27.2000,0.000069
FILLER_6_83,VGND,li1,43.9300,27.2000,0.000061
FILLER_6_74,VGND,li1,40.2500,27.2000,0.000057
FILLER_6_66,VGND,li1,37.7200,27.2000,0.000053
FILLER_6_54,VGND,li1,31.2800,27.2000,0.000040
FILLER_6_45,VGND,li1,26.9100,27.2000,0.000030
FILLER_6_37,VGND,li1,24.3800,27.2000,0.000025
FILLER_6_33,VGND,li1,20.9300,27.2000,0.000027
FILLER_6_29,VGND,li1,19.7800,27.2000,0.000028
FILLER_6_27,VGND,li1,18.1700,27.2000,0.000029
FILLER_6_23,VGND,li1,17.0200,27.2000,0.000029
FILLER_6_11,VGND,li1,13.3400,27.2000,0.000031
FILLER_6_3,VGND,li1,7.1300,27.2000,0.000031
FILLER_5_334,VGND,li1,159.3900,27.2000,0.000155
FILLER_5_330,VGND,li1,158.2400,27.2000,0.000155
FILLER_5_318,VGND,li1,154.5600,27.2000,0.000155
FILLER_5_306,VGND,li1,149.0400,27.2000,0.000155
FILLER_5_281,VGND,li1,136.6200,27.2000,0.000155
FILLER_5_278,VGND,li1,133.8600,27.2000,0.000154
FILLER_5_272,VGND,li1,130.8700,27.2000,0.000153
FILLER_5_266,VGND,li1,129.2600,27.2000,0.000153
FILLER_5_256,VGND,li1,123.9700,27.2000,0.000150
FILLER_5_248,VGND,li1,121.4400,27.2000,0.000149
FILLER_5_236,VGND,li1,116.8400,27.2000,0.000147
FILLER_5_225,VGND,li1,110.8600,27.2000,0.000143
FILLER_5_222,VGND,li1,108.1000,27.2000,0.000141
FILLER_5_214,VGND,li1,105.8000,27.2000,0.000140
FILLER_5_190,VGND,li1,93.1500,27.2000,0.000129
FILLER_5_184,VGND,li1,91.5400,27.2000,0.000129
FILLER_5_175,VGND,li1,86.2500,27.2000,0.000123
FILLER_5_169,VGND,li1,84.6400,27.2000,0.000121
FILLER_5_167,VGND,li1,82.5700,27.2000,0.000119
FILLER_5_161,VGND,li1,80.9600,27.2000,0.000119
FILLER_5_149,VGND,li1,76.8200,27.2000,0.000115
FILLER_5_137,VGND,li1,71.3000,27.2000,0.000107
FILLER_5_125,VGND,li1,65.7800,27.2000,0.000102
FILLER_5_115,VGND,li1,58.8800,27.2000,0.000090
FILLER_5_109,VGND,li1,56.3500,27.2000,0.000086
FILLER_5_101,VGND,li1,53.8200,27.2000,0.000082
FILLER_5_89,VGND,li1,49.2200,27.2000,0.000073
FILLER_5_69,VGND,li1,38.6400,27.2000,0.000053
FILLER_5_57,VGND,li1,34.5000,27.2000,0.000044
FILLER_5_48,VGND,li1,29.4400,27.2000,0.000034
FILLER_5_29,VGND,li1,19.3200,27.2000,0.000028
FILLER_5_3,VGND,li1,7.5900,27.2000,0.000031
FILLER_4_333,VGND,li1,159.1600,21.7600,0.000237
FILLER_4_321,VGND,li1,155.9400,21.7600,0.000237
FILLER_4_309,VGND,li1,150.4200,21.7600,0.000237
FILLER_4_300,VGND,li1,145.3600,21.7600,0.000237
FILLER_4_291,VGND,li1,140.0700,21.7600,0.000237
FILLER_4_279,VGND,li1,136.6200,21.7600,0.000237
FILLER_4_270,VGND,li1,130.1800,21.7600,0.000237
FILLER_4_262,VGND,li1,127.8800,21.7600,0.000236
FILLER_4_250,VGND,li1,120.9800,21.7600,0.000235
FILLER_4_238,VGND,li1,117.7600,21.7600,0.000234
FILLER_4_227,VGND,li1,110.8600,21.7600,0.000232
FILLER_4_217,VGND,li1,105.5700,21.7600,0.000230
FILLER_4_213,VGND,li1,104.4200,21.7600,0.000230
FILLER_4_204,VGND,li1,99.8200,21.7600,0.000226
FILLER_4_197,VGND,li1,96.6000,21.7600,0.000225
FILLER_4_162,VGND,li1,81.8800,21.7600,0.000211
FILLER_4_143,VGND,li1,71.5300,21.7600,0.000191
FILLER_4_134,VGND,li1,67.3900,21.7600,0.000181
FILLER_4_109,VGND,li1,55.8900,21.7600,0.000153
FILLER_4_85,VGND,li1,47.3800,21.7600,0.000123
FILLER_4_83,VGND,li1,43.9300,21.7600,0.000105
FILLER_4_71,VGND,li1,40.9400,21.7600,0.000097
FILLER_4_49,VGND,li1,29.4400,21.7600,0.000055
FILLER_4_37,VGND,li1,25.3000,21.7600,0.000039
FILLER_4_29,VGND,li1,19.7800,21.7600,0.000039
FILLER_4_27,VGND,li1,18.1700,21.7600,0.000039
FILLER_4_19,VGND,li1,16.1000,21.7600,0.000039
FILLER_4_14,VGND,li1,12.4200,21.7600,0.000039
FILLER_4_3,VGND,li1,7.8200,21.7600,0.000039
FILLER_3_329,VGND,li1,158.2400,21.7600,0.000237
FILLER_3_317,VGND,li1,154.1000,21.7600,0.000237
FILLER_3_305,VGND,li1,148.5800,21.7600,0.000237
FILLER_3_293,VGND,li1,143.0600,21.7600,0.000237
FILLER_3_281,VGND,li1,137.5400,21.7600,0.000237
FILLER_3_279,VGND,li1,134.0900,21.7600,0.000237
FILLER_3_273,VGND,li1,132.4800,21.7600,0.000237
FILLER_3_261,VGND,li1,128.3400,21.7600,0.000236
FILLER_3_249,VGND,li1,122.8200,21.7600,0.000235
FILLER_3_245,VGND,li1,118.4500,21.7600,0.000234
FILLER_3_237,VGND,li1,116.3800,21.7600,0.000234
FILLER_3_225,VGND,li1,111.7800,21.7600,0.000232
FILLER_3_223,VGND,li1,108.3300,21.7600,0.000231
FILLER_3_216,VGND,li1,105.1100,21.7600,0.000230
FILLER_3_208,VGND,li1,103.0400,21.7600,0.000228
FILLER_3_196,VGND,li1,98.4400,21.7600,0.000226
FILLER_3_189,VGND,li1,93.3800,21.7600,0.000221
FILLER_3_186,VGND,li1,91.3100,21.7600,0.000219
FILLER_3_180,VGND,li1,89.7000,21.7600,0.000219
FILLER_3_171,VGND,li1,84.8700,21.7600,0.000213
FILLER_3_146,VGND,li1,73.6000,21.7600,0.000198
FILLER_3_126,VGND,li1,66.2400,21.7600,0.000181
FILLER_3_113,VGND,li1,57.7300,21.7600,0.000158
FILLER_3_111,VGND,li1,56.8100,21.7600,0.000153
FILLER_3_84,VGND,li1,44.3900,21.7600,0.000112
FILLER_3_75,VGND,li1,40.4800,21.7600,0.000097
FILLER_3_67,VGND,li1,38.1800,21.7600,0.000083
FILLER_3_57,VGND,li1,33.1200,21.7600,0.000063
FILLER_3_55,VGND,li1,31.0500,21.7600,0.000055
FILLER_3_51,VGND,li1,29.9000,21.7600,0.000055
FILLER_3_39,VGND,li1,26.2200,21.7600,0.000039
FILLER_3_27,VGND,li1,20.7000,21.7600,0.000039
FILLER_3_15,VGND,li1,15.1800,21.7600,0.000039
FILLER_3_3,VGND,li1,9.6600,21.7600,0.000039
FILLER_2_333,VGND,li1,159.1600,16.3200,0.000282
FILLER_2_321,VGND,li1,155.9400,16.3200,0.000282
FILLER_2_309,VGND,li1,150.4200,16.3200,0.000282
FILLER_2_307,VGND,li1,146.9700,16.3200,0.000282
FILLER_2_301,VGND,li1,145.3600,16.3200,0.000282
FILLER_2_289,VGND,li1,141.2200,16.3200,0.000282
FILLER_2_277,VGND,li1,135.7000,16.3200,0.000282
FILLER_2_265,VGND,li1,130.1800,16.3200,0.000282
FILLER_2_253,VGND,li1,124.6600,16.3200,0.000282
FILLER_2_250,VGND,li1,120.9800,16.3200,0.000282
FILLER_2_231,VGND,li1,114.5400,16.3200,0.000282
FILLER_2_223,VGND,li1,108.3300,16.3200,0.000277
FILLER_2_219,VGND,li1,107.1800,16.3200,0.000277
FILLER_2_207,VGND,li1,103.5000,16.3200,0.000274
FILLER_2_204,VGND,li1,99.5900,16.3200,0.000269
FILLER_2_195,VGND,li1,95.4500,16.3200,0.000264
FILLER_2_183,VGND,li1,92.4600,16.3200,0.000259
FILLER_2_171,VGND,li1,86.9400,16.3200,0.000249
FILLER_2_167,VGND,li1,82.5700,16.3200,0.000237
FILLER_2_161,VGND,li1,80.9600,16.3200,0.000237
FILLER_2_137,VGND,li1,69.2300,16.3200,0.000213
FILLER_2_131,VGND,li1,66.0100,16.3200,0.000200
FILLER_2_125,VGND,li1,64.4000,16.3200,0.000200
FILLER_2_102,VGND,li1,52.9000,16.3200,0.000158
FILLER_2_96,VGND,li1,49.9100,16.3200,0.000150
FILLER_2_92,VGND,li1,48.7600,16.3200,0.000150
FILLER_2_79,VGND,li1,42.0900,16.3200,0.000120
FILLER_2_65,VGND,li1,38.1800,16.3200,0.000107
FILLER_2_53,VGND,li1,32.6600,16.3200,0.000081
FILLER_2_41,VGND,li1,27.1400,16.3200,0.000056
FILLER_2_29,VGND,li1,21.6200,16.3200,0.000046
FILLER_2_27,VGND,li1,18.1700,16.3200,0.000046
FILLER_2_15,VGND,li1,15.1800,16.3200,0.000046
FILLER_2_3,VGND,li1,9.6600,16.3200,0.000046
FILLER_1_329,VGND,li1,158.2400,16.3200,0.000282
FILLER_1_317,VGND,li1,154.1000,16.3200,0.000282
FILLER_1_305,VGND,li1,148.5800,16.3200,0.000282
FILLER_1_293,VGND,li1,143.0600,16.3200,0.000282
FILLER_1_281,VGND,li1,137.5400,16.3200,0.000282
FILLER_1_279,VGND,li1,134.0900,16.3200,0.000282
FILLER_1_271,VGND,li1,132.0200,16.3200,0.000282
FILLER_1_259,VGND,li1,127.4200,16.3200,0.000282
FILLER_1_247,VGND,li1,121.9000,16.3200,0.000282
FILLER_1_225,VGND,li1,109.2500,16.3200,0.000278
FILLER_1_223,VGND,li1,108.3300,16.3200,0.000277
FILLER_1_177,VGND,li1,87.4000,16.3200,0.000249
FILLER_1_165,VGND,li1,81.6500,16.3200,0.000237
FILLER_1_113,VGND,li1,57.7300,16.3200,0.000180
FILLER_1_80,VGND,li1,42.5500,16.3200,0.000120
FILLER_1_63,VGND,li1,34.7300,16.3200,0.000091
FILLER_1_57,VGND,li1,33.1200,16.3200,0.000081
FILLER_1_55,VGND,li1,31.0500,16.3200,0.000068
FILLER_1_51,VGND,li1,29.9000,16.3200,0.000068
FILLER_1_39,VGND,li1,26.2200,16.3200,0.000046
FILLER_1_27,VGND,li1,20.7000,16.3200,0.000046
FILLER_1_15,VGND,li1,15.1800,16.3200,0.000046
FILLER_1_3,VGND,li1,9.6600,16.3200,0.000046
FILLER_0_333,VGND,li1,159.1600,10.8800,0.000077
FILLER_0_321,VGND,li1,155.9400,10.8800,0.000077
FILLER_0_309,VGND,li1,150.4200,10.8800,0.000077
FILLER_0_305,VGND,li1,146.5100,10.8800,0.000077
FILLER_0_293,VGND,li1,143.0600,10.8800,0.000077
FILLER_0_281,VGND,li1,137.5400,10.8800,0.000077
FILLER_0_277,VGND,li1,133.6300,10.8800,0.000077
FILLER_0_265,VGND,li1,130.1800,10.8800,0.000077
FILLER_0_253,VGND,li1,124.6600,10.8800,0.000077
FILLER_0_240,VGND,li1,118.6800,10.8800,0.000077
FILLER_0_227,VGND,li1,110.1700,10.8800,0.000076
FILLER_0_219,VGND,li1,106.4900,10.8800,0.000076
FILLER_0_207,VGND,li1,103.5000,10.8800,0.000076
FILLER_0_199,VGND,li1,97.2900,10.8800,0.000075
FILLER_0_192,VGND,li1,94.7600,10.8800,0.000075
FILLER_0_169,VGND,li1,83.4900,10.8800,0.000070
FILLER_0_162,VGND,li1,80.2700,10.8800,0.000069
FILLER_0_125,VGND,li1,63.2500,10.8800,0.000054
FILLER_0_98,VGND,li1,50.8300,10.8800,0.000041
FILLER_0_94,VGND,li1,49.6800,10.8800,0.000041
FILLER_0_83,VGND,li1,43.9300,10.8800,0.000034
FILLER_0_73,VGND,li1,39.5600,10.8800,0.000029
FILLER_0_57,VGND,li1,33.1200,10.8800,0.000022
FILLER_0_53,VGND,li1,30.5900,10.8800,0.000019
FILLER_0_41,VGND,li1,27.1400,10.8800,0.000014
FILLER_0_29,VGND,li1,21.6200,10.8800,0.000012
FILLER_0_27,VGND,li1,18.1700,10.8800,0.000012
FILLER_0_15,VGND,li1,15.1800,10.8800,0.000012
FILLER_0_3,VGND,li1,9.6600,10.8800,0.000012
ANTENNA_rebuffer16_X,VGND,li1,44.6200,70.7200,0.000088
ANTENNA_clone15_A,VGND,li1,143.9800,65.2800,0.000165
ANTENNA_rebuffer9_X,VGND,li1,32.6600,65.2800,0.000045
ANTENNA__1941__A2,VGND,li1,94.3000,130.5600,0.000076
ANTENNA_rebuffer2_X,VGND,li1,23.0000,48.9600,0.000025
ANTENNA_fanout92_A,VGND,li1,103.9600,65.2800,0.000144
ANTENNA_clkbuf_2_3__f_aclk_X,VGND,li1,111.3200,125.1200,0.000106
ANTENNA__2120__CLK,VGND,li1,146.7400,146.8800,0.000274
ANTENNA__2119__CLK,VGND,li1,144.9000,152.3200,0.000148
ANTENNA__2118__CLK,VGND,li1,143.0600,157.7600,0.000294
ANTENNA__2117__CLK,VGND,li1,119.6000,163.2000,0.000297
ANTENNA__2116__CLK,VGND,li1,103.9600,157.7600,0.000261
ANTENNA__2115__CLK,VGND,li1,104.4200,163.2000,0.000276
ANTENNA__2104__CLK,VGND,li1,111.3200,119.6800,0.001004
ANTENNA__2103__CLK,VGND,li1,110.4000,125.1200,0.000105
ANTENNA__2102__CLK,VGND,li1,138.9200,119.6800,0.001030
ANTENNA__2101__CLK,VGND,li1,151.8000,108.8000,0.000201
ANTENNA__2100__CLK,VGND,li1,151.8000,81.6000,0.000264
ANTENNA_clkload2_A,VGND,li1,109.4800,125.1200,0.000105
ANTENNA_clkbuf_2_2__f_aclk_X,VGND,li1,71.7600,114.2400,0.000101
ANTENNA__2114__CLK,VGND,li1,70.8400,157.7600,0.000192
ANTENNA__2113__CLK,VGND,li1,66.7000,157.7600,0.000181
ANTENNA__2112__CLK,VGND,li1,50.1400,146.8800,0.000131
ANTENNA__2111__CLK,VGND,li1,19.7800,146.8800,0.000047
ANTENNA__2110__CLK,VGND,li1,18.4000,119.6800,0.000148
ANTENNA__2109__CLK,VGND,li1,14.7200,108.8000,0.000037
ANTENNA__2108__CLK,VGND,li1,14.7200,87.0400,0.000069
ANTENNA__2106__CLK,VGND,li1,72.2200,70.7200,0.000147
ANTENNA__2105__CLK,VGND,li1,67.1600,92.4800,0.000139
ANTENNA_clkload1_A,VGND,li1,65.7800,114.2400,0.000097
ANTENNA_clkbuf_2_1__f_aclk_X,VGND,li1,97.0600,54.4000,0.000519
ANTENNA__2099__CLK,VGND,li1,151.8000,70.7200,0.000237
ANTENNA__2098__CLK,VGND,li1,149.5000,32.6400,0.000192
ANTENNA__2097__CLK,VGND,li1,151.8000,38.0800,0.000202
ANTENNA__2096__CLK,VGND,li1,111.3200,16.3200,0.000280
ANTENNA__2095__CLK,VGND,li1,100.2800,16.3200,0.000269
ANTENNA__2094__CLK,VGND,li1,68.0800,27.2000,0.000104
ANTENNA__2087__CLK,VGND,li1,83.7200,21.7600,0.000213
ANTENNA__2086__CLK,VGND,li1,79.5800,21.7600,0.000208
ANTENNA__2085__CLK,VGND,li1,70.8400,21.7600,0.000191
ANTENNA__2080__CLK,VGND,li1,88.3200,16.3200,0.000249
ANTENNA__2079__CLK,VGND,li1,93.3800,10.8800,0.000075
ANTENNA__2078__CLK,VGND,li1,74.9800,21.7600,0.000198
ANTENNA_clkload0_A,VGND,li1,83.2600,54.4000,0.000488
ANTENNA_clkbuf_2_0__f_aclk_X,VGND,li1,64.8600,59.8400,0.000335
ANTENNA__2121__CLK,VGND,li1,18.8600,59.8400,0.000096
ANTENNA__2107__CLK,VGND,li1,27.6000,70.7200,0.000047
ANTENNA__2093__CLK,VGND,li1,63.0200,21.7600,0.000173
ANTENNA__2092__CLK,VGND,li1,42.7800,16.3200,0.000120
ANTENNA__2091__CLK,VGND,li1,26.6800,43.5200,0.000029
ANTENNA__2090__CLK,VGND,li1,17.4800,32.6400,0.000020
ANTENNA__2089__CLK,VGND,li1,18.4000,27.2000,0.000029
ANTENNA__2088__CLK,VGND,li1,22.0800,43.5200,0.000029
ANTENNA__2084__CLK,VGND,li1,53.8200,16.3200,0.000167
ANTENNA__2083__CLK,VGND,li1,39.5600,54.4000,0.000189
ANTENNA__2082__CLK,VGND,li1,30.3600,54.4000,0.000134
ANTENNA__2081__CLK,VGND,li1,17.4800,54.4000,0.000104
ANTENNA__2077__CLK,VGND,li1,54.2800,16.3200,0.000167
ANTENNA__2076__CLK,VGND,li1,46.4600,65.2800,0.000072
ANTENNA__2075__CLK,VGND,li1,39.5600,59.8400,0.000215
ANTENNA__2074__CLK,VGND,li1,27.6000,65.2800,0.000032
ANTENNA__2073__CLK,VGND,li1,17.9400,65.2800,0.000030
ANTENNA__2072__CLK,VGND,li1,14.7200,81.6000,0.000036
ANTENNA_clkbuf_0_aclk_X,VGND,li1,89.7000,87.0400,0.000435
ANTENNA_clkbuf_2_0__f_aclk_A,VGND,li1,61.6400,59.8400,0.000331
ANTENNA_clkbuf_2_1__f_aclk_A,VGND,li1,96.1400,54.4000,0.000517
ANTENNA_clkbuf_2_2__f_aclk_A,VGND,li1,70.8400,114.2400,0.000101
ANTENNA_clkbuf_2_3__f_aclk_A,VGND,li1,100.2800,119.6800,0.000967
ANTENNA__1556__C1,VGND,li1,108.1000,119.6800,0.001001
ANTENNA__1588__C1,VGND,li1,97.5200,114.2400,0.000116
ANTENNA__1935__C1,VGND,li1,91.0800,163.2000,0.000246
ANTENNA__1964__C1,VGND,li1,92.9200,152.3200,0.000117
ANTENNA__1998__C1,VGND,li1,115.0000,163.2000,0.000291
ANTENNA__2029__C1,VGND,li1,138.0000,163.2000,0.000312
ANTENNA__2055__C1,VGND,li1,140.3000,152.3200,0.000148
ANTENNA__2069__C1,VGND,li1,140.7600,146.8800,0.000271
ANTENNA_fanout136_X,VGND,li1,93.3800,157.7600,0.000243
ANTENNA__1624__C1,VGND,li1,54.2800,97.9200,0.000069
ANTENNA__1717__C1,VGND,li1,7.3600,97.9200,0.000026
ANTENNA__1752__C1,VGND,li1,15.1800,103.3600,0.000026
ANTENNA__1781__C1,VGND,li1,11.9600,114.2400,0.000025
ANTENNA__1816__C1,VGND,li1,13.8000,141.4400,0.000021
ANTENNA__1844__C1,VGND,li1,40.9400,141.4400,0.000048
ANTENNA__1879__C1,VGND,li1,54.7400,152.3200,0.000072
ANTENNA__1906__C1,VGND,li1,60.7200,157.7600,0.000163
ANTENNA__1482__C1,VGND,li1,148.1200,108.8000,0.000198
ANTENNA__1518__C1,VGND,li1,128.8000,114.2400,0.000125
ANTENNA_fanout135_X,VGND,li1,18.8600,146.8800,0.000047
ANTENNA_fanout133_A,VGND,li1,22.0800,76.1600,0.000025
ANTENNA__2071__B1,VGND,li1,15.1800,59.8400,0.000098
ANTENNA__1687__C1,VGND,li1,19.3200,76.1600,0.000027
ANTENNA__1056__C1,VGND,li1,82.3400,16.3200,0.000237
ANTENNA__1211__C1,VGND,li1,96.6000,16.3200,0.000264
ANTENNA__1251__C1,VGND,li1,108.1000,10.8800,0.000076
ANTENNA__1299__C1,VGND,li1,148.5800,32.6400,0.000191
ANTENNA__1342__C1,VGND,li1,144.4400,32.6400,0.000188
ANTENNA__1391__C1,VGND,li1,146.2800,70.7200,0.000233
ANTENNA__1434__C1,VGND,li1,146.2800,81.6000,0.000260
ANTENNA_fanout134_X,VGND,li1,17.4800,76.1600,0.000029
ANTENNA_fanout132_A,VGND,li1,50.6000,21.7600,0.000135
ANTENNA_fanout131_A,VGND,li1,23.0000,54.4000,0.000096
ANTENNA__1040__B1,VGND,li1,12.4200,81.6000,0.000036
ANTENNA__1042__C1,VGND,li1,17.4800,65.2800,0.000030
ANTENNA__1044__C1,VGND,li1,17.0200,59.8400,0.000097
ANTENNA__1046__C1,VGND,li1,24.8400,65.2800,0.000028
ANTENNA__1048__C1,VGND,li1,33.5800,65.2800,0.000045
ANTENNA__1060__C1,VGND,li1,23.9200,48.9600,0.000025
ANTENNA__1062__C1,VGND,li1,24.8400,48.9600,0.000024
ANTENNA__1654__C1,VGND,li1,63.4800,70.7200,0.000132
ANTENNA_fanout133_X,VGND,li1,23.0000,76.1600,0.000022
ANTENNA__1058__C1,VGND,li1,14.7200,43.5200,0.000036
ANTENNA__1072__C1,VGND,li1,19.3200,38.0800,0.000033
ANTENNA__1078__A,VGND,li1,7.8200,27.2000,0.000031
ANTENNA__1086__C1,VGND,li1,11.0400,32.6400,0.000021
ANTENNA__1101__C1,VGND,li1,16.5600,43.5200,0.000034
ANTENNA__1120__C1,VGND,li1,34.9600,10.8800,0.000024
ANTENNA__1050__C1,VGND,li1,54.7400,16.3200,0.000167
ANTENNA__1052__C1,VGND,li1,63.9400,10.8800,0.000054
ANTENNA__1054__C1,VGND,li1,79.1200,16.3200,0.000233
ANTENNA__1064__C1,VGND,li1,41.4000,16.3200,0.000120
ANTENNA_fanout131_X,VGND,li1,23.9200,54.4000,0.000096
ANTENNA__1040__A1,VGND,li1,16.1000,76.1600,0.000029
ANTENNA__1041__B,VGND,li1,15.6400,65.2800,0.000031
ANTENNA__1043__B,VGND,li1,18.4000,65.2800,0.000030
ANTENNA__1045__B,VGND,li1,28.5200,65.2800,0.000036
ANTENNA__1047__B,VGND,li1,43.7000,59.8400,0.000238
ANTENNA__1057__B,VGND,li1,13.8000,43.5200,0.000036
ANTENNA__1059__B,VGND,li1,16.1000,48.9600,0.000028
ANTENNA__1061__B,VGND,li1,28.5200,48.9600,0.000027
ANTENNA__1071__B,VGND,li1,7.3600,43.5200,0.000037
ANTENNA__1049__B,VGND,li1,53.8200,10.8800,0.000045
ANTENNA_fanout129_X,VGND,li1,17.9400,43.5200,0.000033
ANTENNA__1042__A2,VGND,li1,19.3200,65.2800,0.000030
ANTENNA__1044__A2,VGND,li1,17.9400,59.8400,0.000096
ANTENNA__1046__A2,VGND,li1,23.9200,65.2800,0.000028
ANTENNA__1048__A2,VGND,li1,34.5000,65.2800,0.000049
ANTENNA__1058__A2,VGND,li1,15.6400,43.5200,0.000034
ANTENNA__1060__A2,VGND,li1,19.3200,48.9600,0.000027
ANTENNA__1062__A2,VGND,li1,25.7600,54.4000,0.000093
ANTENNA__1072__A2,VGND,li1,7.3600,38.0800,0.000038
ANTENNA__1064__A2,VGND,li1,43.7000,16.3200,0.000130
ANTENNA__1050__A2,VGND,li1,55.6600,16.3200,0.000173
ANTENNA_fanout127_X,VGND,li1,14.7200,65.2800,0.000031
ANTENNA_fanout122_A,VGND,li1,19.3200,81.6000,0.000035
ANTENNA_fanout123_A,VGND,li1,67.1600,76.1600,0.000055
ANTENNA_fanout121_A,VGND,li1,24.8400,70.7200,0.000042
ANTENNA_fanout125_A,VGND,li1,86.9400,27.2000,0.000125
ANTENNA__1407__A2,VGND,li1,159.1600,87.0400,0.000483
ANTENNA__1965__C,VGND,li1,125.1200,130.5600,0.000089
ANTENNA__1999__C,VGND,li1,154.5600,130.5600,0.000092
ANTENNA_fanout126_X,VGND,li1,13.8000,65.2800,0.000031
ANTENNA__1225__B,VGND,li1,151.3400,43.5200,0.000122
ANTENNA__1191__A2,VGND,li1,86.9400,21.7600,0.000216
ANTENNA__1192__C,VGND,li1,94.3000,21.7600,0.000223
ANTENNA__1271__C,VGND,li1,154.1000,48.9600,0.000150
ANTENNA__1272__A2,VGND,li1,159.1600,43.5200,0.000123
ANTENNA__1316__C,VGND,li1,158.2400,48.9600,0.000150
ANTENNA__1317__A2,VGND,li1,155.4800,48.9600,0.000150
ANTENNA__1359__C,VGND,li1,151.8000,70.7200,0.000237
ANTENNA__1360__A2,VGND,li1,151.8000,76.1600,0.000095
ANTENNA_fanout124_A,VGND,li1,98.9000,130.5600,0.000080
ANTENNA_fanout125_X,VGND,li1,92.0000,21.7600,0.000221
ANTENNA__1936__C,VGND,li1,107.6400,130.5600,0.000083
ANTENNA__1526__C,VGND,li1,115.9200,119.6800,0.001010
ANTENNA__1527__A2,VGND,li1,112.2400,119.6800,0.001008
ANTENNA__1907__C,VGND,li1,102.1200,136.0000,0.000096
ANTENNA__1226__B,VGND,li1,146.2800,125.1200,0.000111
ANTENNA__1406__C,VGND,li1,150.8800,92.4800,0.000207
ANTENNA__1448__C,VGND,li1,146.2800,114.2400,0.000126
ANTENNA__1449__A2,VGND,li1,146.7400,108.8000,0.000198
ANTENNA__1492__C,VGND,li1,134.3200,119.6800,0.001027
ANTENNA__1493__A2,VGND,li1,133.4000,119.6800,0.001027
ANTENNA_fanout124_X,VGND,li1,103.9600,130.5600,0.000082
ANTENNA__1688__C,VGND,li1,19.7800,76.1600,0.000027
ANTENNA__1689__A2,VGND,li1,17.4800,76.1600,0.000029
ANTENNA__1782__C,VGND,li1,7.8200,136.0000,0.000016
ANTENNA__1783__A2,VGND,li1,11.5000,130.5600,0.000016
ANTENNA__1753__C,VGND,li1,17.0200,125.1200,0.000021
ANTENNA__1754__A2,VGND,li1,11.0400,125.1200,0.000022
ANTENNA__1719__A2,VGND,li1,7.3600,97.9200,0.000026
ANTENNA__1718__C,VGND,li1,17.9400,103.3600,0.000026
ANTENNA__1560__C,VGND,li1,69.4600,119.6800,0.000721
ANTENNA__1561__A2,VGND,li1,74.0600,114.2400,0.000104
ANTENNA_fanout122_X,VGND,li1,23.4600,81.6000,0.000034
ANTENNA_fanout120_A,VGND,li1,14.2600,59.8400,0.000098
ANTENNA__1102__A2,VGND,li1,38.6400,54.4000,0.000189
ANTENNA__1625__C,VGND,li1,46.4600,70.7200,0.000094
ANTENNA__1149__C,VGND,li1,74.5200,27.2000,0.000112
ANTENNA__1126__A2,VGND,li1,51.9800,32.6400,0.000068
ANTENNA__1148__C,VGND,li1,75.9000,32.6400,0.000107
ANTENNA__1147__A2,VGND,li1,72.6800,27.2000,0.000110
ANTENNA__1127__C,VGND,li1,53.3600,38.0800,0.000081
ANTENNA__1626__A2,VGND,li1,49.6800,65.2800,0.000075
ANTENNA_fanout121_X,VGND,li1,14.7200,65.2800,0.000031
ANTENNA_fanout118_A,VGND,li1,43.7000,54.4000,0.000215
ANTENNA__1270__B,VGND,li1,29.9000,65.2800,0.000036
ANTENNA__1043__A,VGND,li1,21.6200,65.2800,0.000029
ANTENNA__1150__D_N,VGND,li1,68.5400,32.6400,0.000093
ANTENNA__1151__B2,VGND,li1,68.0800,32.6400,0.000093
ANTENNA__1221__D,VGND,li1,97.0600,32.6400,0.000137
ANTENNA__1222__B1,VGND,li1,100.2800,32.6400,0.000143
ANTENNA__1190__B,VGND,li1,87.4000,32.6400,0.000125
ANTENNA_fanout119_X,VGND,li1,40.4800,59.8400,0.000215
ANTENNA__1122__D,VGND,li1,46.0000,59.8400,0.000254
ANTENNA__1123__B1,VGND,li1,49.2200,65.2800,0.000075
ANTENNA__1156__B1,VGND,li1,56.5800,65.2800,0.000086
ANTENNA__1155__D,VGND,li1,55.6600,65.2800,0.000086
ANTENNA__1045__A,VGND,li1,32.6600,65.2800,0.000045
ANTENNA__1096__B,VGND,li1,28.0600,27.2000,0.000034
ANTENNA__1095__B,VGND,li1,27.1400,27.2000,0.000030
ANTENNA__1110__B1,VGND,li1,36.8000,38.0800,0.000051
ANTENNA__1111__D,VGND,li1,41.4000,38.0800,0.000059
ANTENNA__1355__A2,VGND,li1,102.1200,65.2800,0.000143
ANTENNA_fanout116_X,VGND,li1,26.6800,65.2800,0.000032
ANTENNA_fanout105_A,VGND,li1,22.0800,54.4000,0.000099
ANTENNA__1163__A1,VGND,li1,53.8200,59.8400,0.000315
ANTENNA__1164__A,VGND,li1,69.9200,54.4000,0.000402
ANTENNA__1165__A,VGND,li1,66.7000,54.4000,0.000372
ANTENNA__1180__A1,VGND,li1,72.2200,54.4000,0.000417
ANTENNA__1212__A,VGND,li1,97.5200,21.7600,0.000225
ANTENNA__1293__A1,VGND,li1,98.9000,27.2000,0.000136
ANTENNA_fanout106_X,VGND,li1,21.1600,54.4000,0.000099
ANTENNA__1126__A1,VGND,li1,54.7400,32.6400,0.000072
ANTENNA__1127__B,VGND,li1,56.5800,38.0800,0.000086
ANTENNA__1150__C_N,VGND,li1,69.4600,32.6400,0.000096
ANTENNA__1151__B1,VGND,li1,69.0000,32.6400,0.000096
ANTENNA__1065__A,VGND,li1,62.5600,16.3200,0.000191
ANTENNA__1186__A,VGND,li1,64.4000,65.2800,0.000100
ANTENNA__1187__B2,VGND,li1,65.7800,59.8400,0.000335
ANTENNA__1345__B,VGND,li1,78.2000,65.2800,0.000117
ANTENNA__1185__A,VGND,li1,111.3200,32.6400,0.000156
ANTENNA__1267__A1_N,VGND,li1,100.7400,48.9600,0.000127
ANTENNA_fanout97_X,VGND,li1,58.4200,21.7600,0.000158
ANTENNA__1192__B,VGND,li1,95.2200,21.7600,0.000223
ANTENNA__1191__A1,VGND,li1,86.0200,21.7600,0.000216
ANTENNA__1069__A,VGND,li1,80.9600,16.3200,0.000237
ANTENNA__1221__A,VGND,li1,97.9800,32.6400,0.000140
ANTENNA__1222__B2,VGND,li1,101.2000,32.6400,0.000143
ANTENNA_fanout93_A,VGND,li1,106.7200,54.4000,0.000527
ANTENNA__1393__A1,VGND,li1,100.7400,70.7200,0.000189
ANTENNA__1357__A,VGND,li1,110.8600,65.2800,0.000150
ANTENNA_fanout94_X,VGND,li1,87.8600,21.7600,0.000218
ANTENNA_fanout90_A,VGND,li1,146.7400,48.9600,0.000149
ANTENNA_fanout89_A,VGND,li1,108.1000,59.8400,0.000363
ANTENNA_fanout91_A,VGND,li1,104.8800,125.1200,0.000104
ANTENNA__1965__B,VGND,li1,126.0400,130.5600,0.000089
ANTENNA__1999__B,VGND,li1,155.4800,130.5600,0.000092
ANTENNA__1493__A1,VGND,li1,134.3200,114.2400,0.000125
ANTENNA__1226__A,VGND,li1,148.1200,125.1200,0.000111
ANTENNA_fanout92_X,VGND,li1,111.7800,65.2800,0.000150
ANTENNA__1941__A1,VGND,li1,102.1200,130.5600,0.000081
ANTENNA__1526__B,VGND,li1,116.8400,125.1200,0.000107
ANTENNA__1527__A1,VGND,li1,111.3200,114.2400,0.000121
ANTENNA__1907__B,VGND,li1,103.0400,130.5600,0.000081
ANTENNA__1936__B,VGND,li1,108.5600,130.5600,0.000084
ANTENNA__1449__A1,VGND,li1,147.6600,108.8000,0.000198
ANTENNA__1492__B,VGND,li1,138.0000,119.6800,0.001030
ANTENNA__1407__A1,VGND,li1,156.4000,87.0400,0.000483
ANTENNA__1406__B,VGND,li1,151.8000,92.4800,0.000207
ANTENNA__1448__B,VGND,li1,147.2000,114.2400,0.000126
ANTENNA_fanout91_X,VGND,li1,101.6600,125.1200,0.000102
ANTENNA__1354__A,VGND,li1,101.2000,65.2800,0.000141
ANTENNA__1312__B2,VGND,li1,103.0400,59.8400,0.000361
ANTENNA__1484__B1,VGND,li1,92.4600,76.1600,0.000074
ANTENNA__1403__A,VGND,li1,111.7800,70.7200,0.000202
ANTENNA__1439__A,VGND,li1,94.7600,76.1600,0.000075
ANTENNA__1520__B2,VGND,li1,94.3000,70.7200,0.000181
ANTENNA__1311__A,VGND,li1,108.1000,59.8400,0.000363
ANTENNA__1355__B1,VGND,li1,107.6400,70.7200,0.000199
ANTENNA__1271__B,VGND,li1,154.5600,43.5200,0.000123
ANTENNA__1272__A1,VGND,li1,156.4000,43.5200,0.000123
ANTENNA_fanout89_X,VGND,li1,101.2000,59.8400,0.000360
ANTENNA__1718__B,VGND,li1,14.2600,103.3600,0.000026
ANTENNA__1719__A1,VGND,li1,10.1200,103.3600,0.000027
ANTENNA__1754__A1,VGND,li1,10.1200,125.1200,0.000022
ANTENNA__1753__B,VGND,li1,12.4200,125.1200,0.000022
ANTENNA__1782__B,VGND,li1,13.8000,130.5600,0.000016
ANTENNA__1783__A1,VGND,li1,10.5800,130.5600,0.000016
ANTENNA__1560__B,VGND,li1,72.2200,125.1200,0.000076
ANTENNA__1817__B,VGND,li1,51.0600,130.5600,0.000044
ANTENNA__1852__A1,VGND,li1,58.8800,125.1200,0.000063
ANTENNA__1561__A1,VGND,li1,73.1400,119.6800,0.000757
ANTENNA_fanout87_X,VGND,li1,17.0200,103.3600,0.000026
ANTENNA__1270__A,VGND,li1,30.8200,65.2800,0.000041
ANTENNA__1595__B,VGND,li1,63.0200,81.6000,0.000132
ANTENNA__1440__B2,VGND,li1,74.0600,70.7200,0.000150
ANTENNA__1626__A1,VGND,li1,50.6000,65.2800,0.000078
ANTENNA__1596__A1,VGND,li1,62.1000,81.6000,0.000128
ANTENNA_fanout86_X,VGND,li1,17.9400,38.0800,0.000034
ANTENNA_fanout82_A,VGND,li1,23.9200,70.7200,0.000046
ANTENNA__1434__A2,VGND,li1,147.2000,76.1600,0.000095
ANTENNA_fanout84_A,VGND,li1,11.0400,87.0400,0.000069
ANTENNA__1935__A2,VGND,li1,92.4600,163.2000,0.000252
ANTENNA__1964__A2,VGND,li1,87.8600,157.7600,0.000232
ANTENNA_fanout83_A,VGND,li1,108.1000,125.1200,0.000105
ANTENNA_fanout85_X,VGND,li1,20.2400,92.4800,0.000043
ANTENNA__1844__A2,VGND,li1,41.8600,141.4400,0.000051
ANTENNA__1878__B,VGND,li1,62.5600,152.3200,0.000082
ANTENNA__1716__B,VGND,li1,19.3200,92.4800,0.000043
ANTENNA__1751__B,VGND,li1,11.0400,108.8000,0.000040
ANTENNA__1905__A,VGND,li1,59.8000,163.2000,0.000162
ANTENNA__1906__A2,VGND,li1,61.6400,157.7600,0.000163
ANTENNA__1815__B,VGND,li1,10.5800,146.8800,0.000051
ANTENNA__1781__A2,VGND,li1,11.0400,114.2400,0.000025
ANTENNA__1779__B1,VGND,li1,39.1000,114.2400,0.000051
ANTENNA__1623__B,VGND,li1,60.2600,92.4800,0.000128
ANTENNA_fanout84_X,VGND,li1,14.7200,92.4800,0.000047
ANTENNA__1518__A2,VGND,li1,129.7200,114.2400,0.000125
ANTENNA__1482__A2,VGND,li1,146.7400,108.8000,0.000198
ANTENNA__1481__A,VGND,li1,149.5000,103.3600,0.000144
ANTENNA__1556__A2,VGND,li1,113.1600,119.6800,0.001008
ANTENNA__1588__A2,VGND,li1,102.5800,114.2400,0.000118
ANTENNA__1997__B,VGND,li1,118.2200,157.7600,0.000275
ANTENNA__2069__A2,VGND,li1,141.6800,146.8800,0.000271
ANTENNA__2055__A2,VGND,li1,141.2200,152.3200,0.000148
ANTENNA__2029__A2,VGND,li1,138.9200,157.7600,0.000291
ANTENNA__1934__A,VGND,li1,93.3800,163.2000,0.000252
ANTENNA_fanout83_X,VGND,li1,112.2400,125.1200,0.000106
ANTENNA_fanout81_A,VGND,li1,22.0800,48.9600,0.000026
ANTENNA__2071__A1,VGND,li1,16.1000,59.8400,0.000097
ANTENNA__1686__B,VGND,li1,17.0200,65.2800,0.000030
ANTENNA__1653__A,VGND,li1,73.1400,70.7200,0.000147
ANTENNA__1654__A2,VGND,li1,64.4000,70.7200,0.000132
ANTENNA__1210__B,VGND,li1,97.9800,10.8800,0.000075
ANTENNA__1250__B,VGND,li1,109.4800,10.8800,0.000076
ANTENNA__1299__A2,VGND,li1,149.9600,27.2000,0.000155
ANTENNA__1342__A2,VGND,li1,145.3600,32.6400,0.000188
ANTENNA__1390__B,VGND,li1,148.1200,70.7200,0.000234
ANTENNA_fanout82_X,VGND,li1,23.0000,70.7200,0.000046
ANTENNA__1687__A1,VGND,li1,15.1800,70.7200,0.000055
ANTENNA__1085__B1,VGND,li1,11.0400,32.6400,0.000021
ANTENNA__1145__A1,VGND,li1,45.0800,21.7600,0.000112
ANTENNA__1211__A1,VGND,li1,96.6000,10.8800,0.000075
ANTENNA__1251__A1,VGND,li1,107.1800,10.8800,0.000076
ANTENNA__1298__B1,VGND,li1,142.1400,32.6400,0.000187
ANTENNA__1341__B1,VGND,li1,143.0600,27.2000,0.000155
ANTENNA__1391__A1,VGND,li1,145.3600,70.7200,0.000233
ANTENNA__1433__B1,VGND,li1,143.0600,76.1600,0.000095
ANTENNA_fanout79_A,VGND,li1,23.0000,97.9200,0.000022
ANTENNA_fanout80_X,VGND,li1,14.7200,97.9200,0.000025
ANTENNA__1624__A1,VGND,li1,55.2000,97.9200,0.000069
ANTENNA__1717__A1,VGND,li1,15.6400,92.4800,0.000047
ANTENNA__1752__A1,VGND,li1,12.8800,103.3600,0.000026
ANTENNA__1816__A1,VGND,li1,12.8800,141.4400,0.000021
ANTENNA__1843__B1,VGND,li1,48.3000,136.0000,0.000045
ANTENNA__1879__A1,VGND,li1,55.6600,152.3200,0.000072
ANTENNA__2068__B1,VGND,li1,140.7600,152.3200,0.000148
ANTENNA__1963__B1,VGND,li1,84.6400,157.7600,0.000226
ANTENNA__1587__B1,VGND,li1,101.6600,114.2400,0.000118
ANTENNA__1555__B1,VGND,li1,110.4000,114.2400,0.000121
ANTENNA_fanout79_X,VGND,li1,22.0800,97.9200,0.000022
ANTENNA__1274__A,VGND,li1,153.1800,48.9600,0.000150
ANTENNA__1319__A,VGND,li1,154.1000,48.9600,0.000150
ANTENNA__1362__A,VGND,li1,152.2600,65.2800,0.000165
ANTENNA__1361__A,VGND,li1,149.9600,81.6000,0.000263
ANTENNA_fanout77_A,VGND,li1,97.5200,119.6800,0.000949
ANTENNA_fanout78_X,VGND,li1,103.9600,125.1200,0.000103
ANTENNA_clone19_A,VGND,li1,108.1000,125.1200,0.000105
ANTENNA__1529__A,VGND,li1,116.8400,119.6800,0.001012
ANTENNA__1528__A,VGND,li1,94.7600,119.6800,0.000918
ANTENNA_fanout76_A,VGND,li1,131.5600,119.6800,0.001026
ANTENNA_fanout75_A,VGND,li1,156.8600,92.4800,0.000207
ANTENNA_fanout77_X,VGND,li1,96.6000,125.1200,0.000098
ANTENNA_clone18_A,VGND,li1,140.3000,114.2400,0.000126
ANTENNA_fanout71_A,VGND,li1,41.4000,76.1600,0.000034
ANTENNA__1627__A,VGND,li1,45.5400,70.7200,0.000088
ANTENNA__1628__A,VGND,li1,53.3600,70.7200,0.000106
ANTENNA_fanout73_A,VGND,li1,21.1600,97.9200,0.000023
ANTENNA__1883__B1,VGND,li1,74.9800,130.5600,0.000063
ANTENNA_fanout74_X,VGND,li1,40.4800,76.1600,0.000034
ANTENNA_fanout72_A,VGND,li1,18.4000,97.9200,0.000024
ANTENNA__1786__B1,VGND,li1,12.8800,130.5600,0.000016
ANTENNA__1563__A,VGND,li1,76.3600,125.1200,0.000080
ANTENNA__1564__B1,VGND,li1,75.9000,119.6800,0.000773
ANTENNA__1562__A,VGND,li1,70.3800,125.1200,0.000074
ANTENNA__1855__B1,VGND,li1,62.5600,130.5600,0.000055
ANTENNA__1854__A,VGND,li1,56.5800,130.5600,0.000049
ANTENNA__1853__A,VGND,li1,68.0800,125.1200,0.000071
ANTENNA__1819__A,VGND,li1,47.8400,125.1200,0.000052
ANTENNA__1882__A,VGND,li1,83.7200,130.5600,0.000071
ANTENNA_fanout73_X,VGND,li1,22.0800,97.9200,0.000022
ANTENNA__1973__A,VGND,li1,111.3200,136.0000,0.000102
ANTENNA__1414__A,VGND,li1,149.0400,87.0400,0.000483
ANTENNA__1500__B,VGND,li1,142.6000,103.3600,0.000144
ANTENNA__1534__B,VGND,li1,127.8800,114.2400,0.000124
ANTENNA__2060__S,VGND,li1,146.7400,136.0000,0.000117
ANTENNA_fanout64_X,VGND,li1,149.0400,92.4800,0.000207
ANTENNA__1456__B,VGND,li1,143.9800,92.4800,0.000207
ANTENNA__1568__B,VGND,li1,81.4200,119.6800,0.000819
ANTENNA__1633__B,VGND,li1,61.1800,81.6000,0.000128
ANTENNA__1663__B,VGND,li1,48.3000,76.1600,0.000041
ANTENNA__1696__B,VGND,li1,32.6600,81.6000,0.000053
ANTENNA__1726__B,VGND,li1,24.3800,92.4800,0.000038
ANTENNA__1761__B,VGND,li1,26.2200,114.2400,0.000024
ANTENNA__1603__B,VGND,li1,78.6600,87.0400,0.000399
ANTENNA__1790__B,VGND,li1,23.9200,136.0000,0.000014
ANTENNA__1859__A,VGND,li1,53.3600,141.4400,0.000067
ANTENNA__1887__A,VGND,li1,65.3200,136.0000,0.000065
ANTENNA_fanout63_X,VGND,li1,81.4200,87.0400,0.000419
ANTENNA__1610__A1,VGND,li1,82.3400,114.2400,0.000109
ANTENNA__1574__B1,VGND,li1,92.4600,114.2400,0.000114
ANTENNA__1573__A,VGND,li1,85.5600,108.8000,0.000143
ANTENNA__1609__B1,VGND,li1,83.2600,97.9200,0.000105
ANTENNA__1917__A,VGND,li1,81.4200,136.0000,0.000080
ANTENNA__1950__A,VGND,li1,95.6800,146.8800,0.000229
ANTENNA__1977__A,VGND,li1,108.5600,146.8800,0.000246
ANTENNA__2013__A,VGND,li1,116.3800,141.4400,0.000131
ANTENNA__2014__A,VGND,li1,115.9200,141.4400,0.000131
ANTENNA__2039__A,VGND,li1,123.7400,136.0000,0.000109
ANTENNA_fanout62_X,VGND,li1,82.3400,97.9200,0.000105
ANTENNA_fanout60_A,VGND,li1,73.1400,97.9200,0.000093
ANTENNA_fanout59_A,VGND,li1,55.6600,87.0400,0.000262
ANTENNA__1795__A,VGND,li1,26.6800,130.5600,0.000015
ANTENNA__1796__B1,VGND,li1,25.7600,130.5600,0.000015
ANTENNA__1831__A1,VGND,li1,27.1400,130.5600,0.000017
ANTENNA__1863__A,VGND,li1,57.5000,146.8800,0.000149
ANTENNA__1829__A,VGND,li1,26.6800,146.8800,0.000050
ANTENNA__1830__B1,VGND,li1,25.7600,146.8800,0.000050
ANTENNA__1891__A,VGND,li1,70.3800,141.4400,0.000090
ANTENNA_fanout61_X,VGND,li1,76.8200,97.9200,0.000098
ANTENNA_fanout57_A,VGND,li1,74.5200,97.9200,0.000095
ANTENNA__1801__B1,VGND,li1,28.5200,125.1200,0.000028
ANTENNA__1558__A,VGND,li1,116.8400,125.1200,0.000107
ANTENNA__1983__A1,VGND,li1,91.0800,152.3200,0.000114
ANTENNA__2020__A1,VGND,li1,102.5800,152.3200,0.000126
ANTENNA__2044__A1,VGND,li1,112.7000,152.3200,0.000135
ANTENNA__2056__A1,VGND,li1,122.8200,146.8800,0.000259
ANTENNA__2062__A,VGND,li1,127.4200,141.4400,0.000138
ANTENNA__1559__B1,VGND,li1,91.0800,87.0400,0.000438
ANTENNA_fanout58_X,VGND,li1,92.4600,97.9200,0.000113
ANTENNA_fanout56_A,VGND,li1,56.5800,92.4800,0.000117
ANTENNA__1644__B1,VGND,li1,69.4600,97.9200,0.000090
ANTENNA__1643__A,VGND,li1,63.9400,97.9200,0.000083
ANTENNA__1674__B1,VGND,li1,55.6600,92.4800,0.000117
ANTENNA__1673__A,VGND,li1,54.7400,92.4800,0.000113
ANTENNA__1956__A1,VGND,li1,72.6800,146.8800,0.000186
ANTENNA__1897__A1,VGND,li1,38.6400,152.3200,0.000047
ANTENNA__1870__A1,VGND,li1,31.2800,152.3200,0.000033
ANTENNA__1835__A,VGND,li1,32.2000,152.3200,0.000037
ANTENNA__1923__A1,VGND,li1,64.8600,152.3200,0.000086
ANTENNA_fanout57_X,VGND,li1,73.6000,97.9200,0.000095
ANTENNA_input1_X,VGND,li1,10.1200,141.4400,0.000022
ANTENNA_fanout134_A,VGND,li1,13.8000,81.6000,0.000036
ANTENNA_fanout135_A,VGND,li1,15.1800,141.4400,0.000021
ANTENNA_fanout136_A,VGND,li1,92.4600,157.7600,0.000243
ANTENNA__2077__Q,VGND,li1,65.7800,16.3200,0.000200
ANTENNA__1049__A,VGND,li1,57.9600,10.8800,0.000049
ANTENNA_fanout112_A,VGND,li1,60.2600,59.8400,0.000331
ANTENNA_fanout113_A,VGND,li1,109.4800,48.9600,0.000134
ANTENNA__1558__Y,VGND,li1,120.9800,125.1200,0.000108
ANTENNA__1613__A,VGND,li1,82.3400,103.3600,0.000112
ANTENNA__1614__B1,VGND,li1,81.4200,103.3600,0.000109
ANTENNA__1869__A,VGND,li1,36.3400,157.7600,0.000079
ANTENNA__1896__A,VGND,li1,46.4600,152.3200,0.000062
ANTENNA__1922__A,VGND,li1,74.0600,146.8800,0.000191
ANTENNA__1955__A,VGND,li1,91.0800,146.8800,0.000223
ANTENNA__1982__A,VGND,li1,104.8800,157.7600,0.000261
ANTENNA__2019__A,VGND,li1,116.3800,152.3200,0.000138
ANTENNA__2043__A,VGND,li1,120.9800,146.8800,0.000257
ANTENNA__1524__Y,VGND,li1,91.5400,81.6000,0.000191
ANTENNA__2063__S,VGND,li1,132.9400,136.0000,0.000114
ANTENNA_fanout61_A,VGND,li1,75.9000,97.9200,0.000098
ANTENNA_fanout62_A,VGND,li1,81.4200,97.9200,0.000103
ANTENNA__1523__Y,VGND,li1,94.7600,92.4800,0.000177
ANTENNA__1525__A0,VGND,li1,96.6000,92.4800,0.000179
ANTENNA__1864__A,VGND,li1,54.7400,146.8800,0.000144
ANTENNA__1892__A,VGND,li1,65.3200,146.8800,0.000172
ANTENNA__1918__A,VGND,li1,76.8200,136.0000,0.000076
ANTENNA__1951__A,VGND,li1,95.6800,152.3200,0.000119
ANTENNA__1978__A,VGND,li1,97.0600,146.8800,0.000229
ANTENNA__1404__X,VGND,li1,114.5400,70.7200,0.000207
ANTENNA_fanout65_A,VGND,li1,76.8200,87.0400,0.000386
ANTENNA_fanout66_A,VGND,li1,72.6800,136.0000,0.000072
ANTENNA_fanout68_A,VGND,li1,144.9000,92.4800,0.000207
ANTENNA__1270__Y,VGND,li1,42.7800,59.8400,0.000238
ANTENNA_fanout74_A,VGND,li1,36.8000,76.1600,0.000030
ANTENNA_fanout78_A,VGND,li1,96.6000,119.6800,0.000932
ANTENNA_rebuffer16_A,VGND,li1,34.9600,70.7200,0.000067
ANTENNA__1226__Y,VGND,li1,146.2800,125.1200,0.000111
ANTENNA__1276__A1,VGND,li1,143.0600,21.7600,0.000237
ANTENNA__2057__B1,VGND,li1,144.9000,125.1200,0.000111
ANTENNA__1225__X,VGND,li1,151.3400,43.5200,0.000122
ANTENNA__1229__A,VGND,li1,125.5800,21.7600,0.000236
ANTENNA__1881__B,VGND,li1,79.1200,125.1200,0.000082
ANTENNA__1908__B,VGND,li1,107.1800,125.1200,0.000105
ANTENNA__1937__B,VGND,li1,109.0200,125.1200,0.000105
ANTENNA__1966__B,VGND,li1,126.5000,125.1200,0.000108
ANTENNA__2000__B,VGND,li1,150.8800,125.1200,0.000111
ANTENNA__2031__A,VGND,li1,154.5600,119.6800,0.001034
ANTENNA__1074__Y,VGND,li1,16.5600,81.6000,0.000035
ANTENNA__1998__A1,VGND,li1,115.9200,163.2000,0.000291
ANTENNA__2028__B1,VGND,li1,135.7000,163.2000,0.000310
ANTENNA__2054__B1,VGND,li1,138.4600,157.7600,0.000291
ANTENNA__1517__B1,VGND,li1,132.9400,108.8000,0.000190
ANTENNA_fanout80_A,VGND,li1,11.0400,103.3600,0.000027
ANTENNA__1038__Y,VGND,li1,23.4600,59.8400,0.000092
ANTENNA_fanout127_A,VGND,li1,16.5600,65.2800,0.000030
ANTENNA_fanout128_A,VGND,li1,57.9600,27.2000,0.000086
ANTENNA_input19_A,VGND,li1,14.7200,54.4000,0.000106
ANTENNA_input18_A,VGND,li1,23.0000,48.9600,0.000025
ANTENNA_input17_A,VGND,li1,23.9200,48.9600,0.000025
ANTENNA_input16_A,VGND,li1,80.9600,10.8800,0.000069
ANTENNA_input15_A,VGND,li1,79.5800,10.8800,0.000067
ANTENNA_input14_A,VGND,li1,61.1800,10.8800,0.000052
ANTENNA_input13_A,VGND,li1,54.7400,10.8800,0.000045
ANTENNA_input12_A,VGND,li1,11.0400,87.0400,0.000069
ANTENNA_input11_A,VGND,li1,15.6400,65.2800,0.000031
ANTENNA_input10_A,VGND,li1,16.5600,54.4000,0.000104
ANTENNA_input9_A,VGND,li1,17.0200,38.0800,0.000034
ANTENNA_input8_A,VGND,li1,70.8400,10.8800,0.000061
ANTENNA_input7_A,VGND,li1,66.7000,16.3200,0.000206
ANTENNA_input6_A,VGND,li1,60.2600,10.8800,0.000052
ANTENNA_input5_A,VGND,li1,51.5200,10.8800,0.000043
ANTENNA_input4_A,VGND,li1,17.4800,43.5200,0.000033
ANTENNA_input3_A,VGND,li1,18.4000,76.1600,0.000027
ANTENNA_input2_A,VGND,li1,15.6400,54.4000,0.000106
ANTENNA_input1_A,VGND,li1,9.2000,141.4400,0.000022
ANTENNA_clkbuf_0_aclk_A,VGND,li1,79.5800,87.0400,0.000409
hold32,VGND,li1,156.8600,76.1600,0.000095
hold31,VGND,li1,151.8000,146.8800,0.000276
hold30,VGND,li1,72.2200,163.2000,0.000203
hold29,VGND,li1,12.4200,65.2800,0.000031
hold28,VGND,li1,41.8600,10.8800,0.000032
hold27,VGND,li1,155.4800,32.6400,0.000195
hold26,VGND,li1,101.2000,163.2000,0.000272
hold25,VGND,li1,156.8600,108.8000,0.000204
hold24,VGND,li1,16.1000,119.6800,0.000150
hold23,VGND,li1,24.3800,43.5200,0.000026
hold22,VGND,li1,157.7800,38.0800,0.000204
hold21,VGND,li1,16.5600,38.0800,0.000034
rebuffer20,VGND,li1,128.1100,92.4800,0.000203
clone19,VGND,li1,102.8100,125.1200,0.000103
clone18,VGND,li1,141.4500,114.2400,0.000126
rebuffer17,VGND,li1,145.3600,97.9200,0.000141
rebuffer16,VGND,li1,39.3300,70.7200,0.000077
clone15,VGND,li1,145.1300,65.2800,0.000165
rebuffer14,VGND,li1,140.3000,92.4800,0.000206
rebuffer13,VGND,li1,126.7300,114.2400,0.000124
rebuffer12,VGND,li1,157.0900,65.2800,0.000166
rebuffer11,VGND,li1,157.3200,59.8400,0.000373
rebuffer10,VGND,li1,158.0100,54.4000,0.000544
rebuffer9,VGND,li1,31.0500,59.8400,0.000152
rebuffer8,VGND,li1,47.8400,130.5600,0.000042
rebuffer7,VGND,li1,21.8500,103.3600,0.000024
rebuffer6,VGND,li1,21.8500,65.2800,0.000029
rebuffer5,VGND,li1,13.8000,48.9600,0.000029
clone4,VGND,li1,19.5500,65.2800,0.000030
rebuffer3,VGND,li1,122.1300,103.3600,0.000139
rebuffer2,VGND,li1,17.4800,48.9600,0.000028
rebuffer1,VGND,li1,118.2200,103.3600,0.000137
clkload2,VGND,li1,103.2700,125.1200,0.000103
clkload1,VGND,li1,63.2500,114.2400,0.000095
clkload0,VGND,li1,81.1900,54.4000,0.000476
clkbuf_2_3__f_aclk,VGND,li1,105.3400,119.6800,0.000994
clkbuf_2_2__f_aclk,VGND,li1,65.7800,119.6800,0.000703
clkbuf_2_1__f_aclk,VGND,li1,87.8600,54.4000,0.000510
clkbuf_2_0__f_aclk,VGND,li1,56.5800,59.8400,0.000327
clkbuf_0_aclk,VGND,li1,84.6400,87.0400,0.000430
fanout136,VGND,li1,91.0800,157.7600,0.000239
fanout135,VGND,li1,17.0200,146.8800,0.000049
fanout134,VGND,li1,15.6400,76.1600,0.000031
fanout133,VGND,li1,11.5000,76.1600,0.000033
fanout132,VGND,li1,53.3600,21.7600,0.000143
fanout131,VGND,li1,8.2800,54.4000,0.000109
fanout130,VGND,li1,47.1500,16.3200,0.000137
fanout129,VGND,li1,14.2600,48.9600,0.000029
fanout128,VGND,li1,58.8800,21.7600,0.000158
fanout127,VGND,li1,8.7400,70.7200,0.000059
fanout126,VGND,li1,10.3500,70.7200,0.000059
fanout125,VGND,li1,89.4700,21.7600,0.000218
fanout124,VGND,li1,101.4300,130.5600,0.000081
fanout123,VGND,li1,68.5400,81.6000,0.000145
fanout122,VGND,li1,20.2400,81.6000,0.000034
fanout121,VGND,li1,13.3400,70.7200,0.000057
fanout120,VGND,li1,9.6600,65.2800,0.000032
fanout119,VGND,li1,29.2100,59.8400,0.000138
fanout118,VGND,li1,36.3400,54.4000,0.000168
fanout117,VGND,li1,68.5400,65.2800,0.000106
fanout116,VGND,li1,25.3000,65.2800,0.000028
fanout115,VGND,li1,104.8800,70.7200,0.000195
fanout114,VGND,li1,48.7600,59.8400,0.000268
fanout113,VGND,li1,111.7800,48.9600,0.000136
fanout112,VGND,li1,58.8800,59.8400,0.000329
fanout111,VGND,li1,72.6800,16.3200,0.000221
fanout110,VGND,li1,82.1100,65.2800,0.000123
fanout109,VGND,li1,76.8200,59.8400,0.000344
fanout108,VGND,li1,85.7900,65.2800,0.000126
fanout107,VGND,li1,92.9200,48.9600,0.000122
fanout106,VGND,li1,11.5000,54.4000,0.000108
fanout105,VGND,li1,13.3400,54.4000,0.000107
fanout104,VGND,li1,61.6400,65.2800,0.000096
fanout103,VGND,li1,19.7800,54.4000,0.000102
fanout102,VGND,li1,72.2200,65.2800,0.000111
fanout101,VGND,li1,38.1800,54.4000,0.000189
fanout100,VGND,li1,86.9400,48.9600,0.000117
fanout99,VGND,li1,45.5400,16.3200,0.000137
fanout98,VGND,li1,84.4100,65.2800,0.000126
fanout97,VGND,li1,57.0400,21.7600,0.000153
fanout96,VGND,li1,105.5700,54.4000,0.000525
fanout95,VGND,li1,77.7400,27.2000,0.000115
fanout94,VGND,li1,86.4800,21.7600,0.000216
fanout93,VGND,li1,103.9600,54.4000,0.000525
fanout92,VGND,li1,106.4900,65.2800,0.000147
fanout91,VGND,li1,98.4400,125.1200,0.000101
fanout90,VGND,li1,147.8900,48.9600,0.000150
fanout89,VGND,li1,103.0400,59.8400,0.000361
fanout88,VGND,li1,9.6600,48.9600,0.000030
fanout87,VGND,li1,15.1800,103.3600,0.000026
fanout86,VGND,li1,10.5800,43.5200,0.000036
fanout85,VGND,li1,10.1200,92.4800,0.000050
fanout84,VGND,li1,12.8800,92.4800,0.000048
fanout83,VGND,li1,106.2600,125.1200,0.000104
fanout82,VGND,li1,17.0200,70.7200,0.000053
fanout81,VGND,li1,20.7000,48.9600,0.000026
fanout80,VGND,li1,11.0400,97.9200,0.000026
fanout79,VGND,li1,12.8800,97.9200,0.000026
fanout78,VGND,li1,98.9000,125.1200,0.000101
fanout77,VGND,li1,93.3800,125.1200,0.000095
fanout76,VGND,li1,132.9400,119.6800,0.001026
fanout75,VGND,li1,156.8600,92.4800,0.000207
fanout74,VGND,li1,38.6400,76.1600,0.000033
fanout73,VGND,li1,16.3300,97.9200,0.000025
fanout72,VGND,li1,19.7800,97.9200,0.000023
fanout71,VGND,li1,39.1000,70.7200,0.000077
max_cap70,VGND,li1,103.2700,43.5200,0.000102
wire69,VGND,li1,78.8900,114.2400,0.000107
fanout68,VGND,li1,146.2800,87.0400,0.000482
fanout67,VGND,li1,126.5000,119.6800,0.001022
fanout66,VGND,li1,71.3000,136.0000,0.000070
fanout65,VGND,li1,75.4400,87.0400,0.000386
fanout64,VGND,li1,147.2000,92.4800,0.000207
fanout63,VGND,li1,79.5800,87.0400,0.000409
fanout62,VGND,li1,80.0400,97.9200,0.000103
fanout61,VGND,li1,74.5200,97.9200,0.000095
fanout60,VGND,li1,80.0400,97.9200,0.000103
fanout59,VGND,li1,52.4400,87.0400,0.000251
fanout58,VGND,li1,90.6200,97.9200,0.000111
fanout57,VGND,li1,71.7600,97.9200,0.000093
fanout56,VGND,li1,51.5200,92.4800,0.000105
wire55,VGND,li1,60.9500,108.8000,0.000105
max_cap54,VGND,li1,62.3300,108.8000,0.000105
output53,VGND,li1,7.8200,87.0400,0.000070
output52,VGND,li1,7.8200,65.2800,0.000032
output51,VGND,li1,158.7000,32.6400,0.000195
output50,VGND,li1,158.7000,43.5200,0.000123
output49,VGND,li1,115.0000,10.8800,0.000077
output48,VGND,li1,92.0000,10.8800,0.000075
output47,VGND,li1,65.3200,10.8800,0.000056
output46,VGND,li1,56.1200,10.8800,0.000048
output45,VGND,li1,47.8400,10.8800,0.000039
output44,VGND,li1,158.7000,141.4400,0.000144
output43,VGND,li1,158.7000,125.1200,0.000112
output42,VGND,li1,14.2600,38.0800,0.000036
output41,VGND,li1,158.7000,136.0000,0.000118
output40,VGND,li1,123.7400,163.2000,0.000302
output39,VGND,li1,94.7600,163.2000,0.000259
output38,VGND,li1,97.9800,163.2000,0.000263
output37,VGND,li1,78.6600,163.2000,0.000219
output36,VGND,li1,59.3400,163.2000,0.000162
output35,VGND,li1,52.9000,163.2000,0.000138
output34,VGND,li1,7.8200,141.4400,0.000022
output33,VGND,li1,7.8200,136.0000,0.000016
output32,VGND,li1,7.8200,103.3600,0.000027
output31,VGND,li1,12.4200,38.0800,0.000037
output30,VGND,li1,7.8200,81.6000,0.000036
output29,VGND,li1,7.8200,76.1600,0.000035
output28,VGND,li1,7.8200,81.6000,0.000036
output27,VGND,li1,7.8200,92.4800,0.000050
output26,VGND,li1,103.9600,163.2000,0.000276
output25,VGND,li1,107.6400,163.2000,0.000282
output24,VGND,li1,158.7000,114.2400,0.000127
output23,VGND,li1,158.7000,119.6800,0.001035
output22,VGND,li1,158.7000,81.6000,0.000266
output21,VGND,li1,158.7000,70.7200,0.000240
output20,VGND,li1,7.8200,32.6400,0.000021
input19,VGND,li1,7.5900,59.8400,0.000099
input18,VGND,li1,18.1700,48.9600,0.000027
input17,VGND,li1,16.7900,48.9600,0.000028
input16,VGND,li1,82.1100,10.8800,0.000070
input15,VGND,li1,78.4300,10.8800,0.000067
input14,VGND,li1,73.3700,10.8800,0.000062
input13,VGND,li1,59.1100,10.8800,0.000049
input12,VGND,li1,9.8900,87.0400,0.000070
input11,VGND,li1,7.5900,70.7200,0.000059
input10,VGND,li1,9.4300,54.4000,0.000109
input9,VGND,li1,15.8700,38.0800,0.000036
input8,VGND,li1,74.7500,10.8800,0.000064
input7,VGND,li1,71.9900,10.8800,0.000062
input6,VGND,li1,62.3300,10.8800,0.000054
input5,VGND,li1,52.6700,10.8800,0.000043
input4,VGND,li1,15.4100,48.9600,0.000029
input3,VGND,li1,9.4300,76.1600,0.000034
input2,VGND,li1,7.8200,54.4000,0.000109
input1,VGND,li1,7.8200,141.4400,0.000022
TAP_TAPCELL_ROW_56_437,VGND,li1,147.4300,163.4910,0.000317
TAP_TAPCELL_ROW_56_436,VGND,li1,134.5500,163.4910,0.000310
TAP_TAPCELL_ROW_56_435,VGND,li1,121.6700,163.4910,0.000300
TAP_TAPCELL_ROW_56_434,VGND,li1,108.7900,163.4910,0.000282
TAP_TAPCELL_ROW_56_433,VGND,li1,95.9100,163.4910,0.000259
TAP_TAPCELL_ROW_56_432,VGND,li1,83.0300,163.4910,0.000230
TAP_TAPCELL_ROW_56_431,VGND,li1,70.1500,163.4910,0.000196
TAP_TAPCELL_ROW_56_430,VGND,li1,57.2700,163.4910,0.000155
TAP_TAPCELL_ROW_56_429,VGND,li1,44.3900,163.4910,0.000113
TAP_TAPCELL_ROW_56_428,VGND,li1,31.5100,163.4910,0.000059
TAP_TAPCELL_ROW_56_427,VGND,li1,18.6300,163.4910,0.000040
TAP_TAPCELL_ROW_55_426,VGND,li1,134.5500,162.9080,0.000310
TAP_TAPCELL_ROW_55_425,VGND,li1,108.7900,162.9080,0.000282
TAP_TAPCELL_ROW_55_424,VGND,li1,83.0300,162.9080,0.000230
TAP_TAPCELL_ROW_55_423,VGND,li1,57.2700,162.9080,0.000155
TAP_TAPCELL_ROW_55_422,VGND,li1,31.5100,162.9080,0.000059
TAP_TAPCELL_ROW_54_421,VGND,li1,147.4300,158.0510,0.000296
TAP_TAPCELL_ROW_54_420,VGND,li1,121.6700,158.0510,0.000280
TAP_TAPCELL_ROW_54_419,VGND,li1,95.9100,158.0510,0.000247
TAP_TAPCELL_ROW_54_418,VGND,li1,70.1500,158.0510,0.000187
TAP_TAPCELL_ROW_54_417,VGND,li1,44.3900,158.0510,0.000104
TAP_TAPCELL_ROW_54_416,VGND,li1,18.6300,158.0510,0.000037
TAP_TAPCELL_ROW_53_415,VGND,li1,134.5500,157.4680,0.000289
TAP_TAPCELL_ROW_53_414,VGND,li1,108.7900,157.4680,0.000267
TAP_TAPCELL_ROW_53_413,VGND,li1,83.0300,157.4680,0.000222
TAP_TAPCELL_ROW_53_412,VGND,li1,57.2700,157.4680,0.000147
TAP_TAPCELL_ROW_53_411,VGND,li1,31.5100,157.4680,0.000055
TAP_TAPCELL_ROW_52_410,VGND,li1,147.4300,152.6110,0.000148
TAP_TAPCELL_ROW_52_409,VGND,li1,121.6700,152.6110,0.000141
TAP_TAPCELL_ROW_52_408,VGND,li1,95.9100,152.6110,0.000119
TAP_TAPCELL_ROW_52_407,VGND,li1,70.1500,152.6110,0.000093
TAP_TAPCELL_ROW_52_406,VGND,li1,44.3900,152.6110,0.000059
TAP_TAPCELL_ROW_52_405,VGND,li1,18.6300,152.6110,0.000023
TAP_TAPCELL_ROW_51_404,VGND,li1,134.5500,152.0280,0.000147
TAP_TAPCELL_ROW_51_403,VGND,li1,108.7900,152.0280,0.000131
TAP_TAPCELL_ROW_51_402,VGND,li1,83.0300,152.0280,0.000107
TAP_TAPCELL_ROW_51_401,VGND,li1,57.2700,152.0280,0.000075
TAP_TAPCELL_ROW_51_400,VGND,li1,31.5100,152.0280,0.000033
TAP_TAPCELL_ROW_50_399,VGND,li1,147.4300,147.1710,0.000274
TAP_TAPCELL_ROW_50_398,VGND,li1,121.6700,147.1710,0.000257
TAP_TAPCELL_ROW_50_397,VGND,li1,95.9100,147.1710,0.000229
TAP_TAPCELL_ROW_50_396,VGND,li1,70.1500,147.1710,0.000179
TAP_TAPCELL_ROW_50_395,VGND,li1,44.3900,147.1710,0.000112
TAP_TAPCELL_ROW_50_394,VGND,li1,18.6300,147.1710,0.000049
TAP_TAPCELL_ROW_49_393,VGND,li1,134.5500,146.5880,0.000266
TAP_TAPCELL_ROW_49_392,VGND,li1,108.7900,146.5880,0.000246
TAP_TAPCELL_ROW_49_391,VGND,li1,83.0300,146.5880,0.000206
TAP_TAPCELL_ROW_49_390,VGND,li1,57.2700,146.5880,0.000149
TAP_TAPCELL_ROW_49_389,VGND,li1,31.5100,146.5880,0.000064
TAP_TAPCELL_ROW_48_388,VGND,li1,147.4300,141.7310,0.000143
TAP_TAPCELL_ROW_48_387,VGND,li1,121.6700,141.7310,0.000136
TAP_TAPCELL_ROW_48_386,VGND,li1,95.9100,141.7310,0.000116
TAP_TAPCELL_ROW_48_385,VGND,li1,70.1500,141.7310,0.000090
TAP_TAPCELL_ROW_48_384,VGND,li1,44.3900,141.7310,0.000054
TAP_TAPCELL_ROW_48_383,VGND,li1,18.6300,141.7310,0.000021
TAP_TAPCELL_ROW_47_382,VGND,li1,134.5500,141.1480,0.000141
TAP_TAPCELL_ROW_47_381,VGND,li1,108.7900,141.1480,0.000125
TAP_TAPCELL_ROW_47_380,VGND,li1,83.0300,141.1480,0.000104
TAP_TAPCELL_ROW_47_379,VGND,li1,57.2700,141.1480,0.000072
TAP_TAPCELL_ROW_47_378,VGND,li1,31.5100,141.1480,0.000031
TAP_TAPCELL_ROW_46_377,VGND,li1,147.4300,136.2910,0.000117
TAP_TAPCELL_ROW_46_376,VGND,li1,121.6700,136.2910,0.000108
TAP_TAPCELL_ROW_46_375,VGND,li1,95.9100,136.2910,0.000090
TAP_TAPCELL_ROW_46_374,VGND,li1,70.1500,136.2910,0.000070
TAP_TAPCELL_ROW_46_373,VGND,li1,44.3900,136.2910,0.000038
TAP_TAPCELL_ROW_46_372,VGND,li1,18.6300,136.2910,0.000015
TAP_TAPCELL_ROW_45_371,VGND,li1,134.5500,135.7080,0.000114
TAP_TAPCELL_ROW_45_370,VGND,li1,108.7900,135.7080,0.000101
TAP_TAPCELL_ROW_45_369,VGND,li1,83.0300,135.7080,0.000080
TAP_TAPCELL_ROW_45_368,VGND,li1,57.2700,135.7080,0.000055
TAP_TAPCELL_ROW_45_367,VGND,li1,31.5100,135.7080,0.000023
TAP_TAPCELL_ROW_44_366,VGND,li1,147.4300,130.8510,0.000092
TAP_TAPCELL_ROW_44_365,VGND,li1,121.6700,130.8510,0.000088
TAP_TAPCELL_ROW_44_364,VGND,li1,95.9100,130.8510,0.000078
TAP_TAPCELL_ROW_44_363,VGND,li1,70.1500,130.8510,0.000060
TAP_TAPCELL_ROW_44_362,VGND,li1,44.3900,130.8510,0.000037
TAP_TAPCELL_ROW_44_361,VGND,li1,18.6300,130.8510,0.000016
TAP_TAPCELL_ROW_43_360,VGND,li1,134.5500,130.2680,0.000091
TAP_TAPCELL_ROW_43_359,VGND,li1,108.7900,130.2680,0.000084
TAP_TAPCELL_ROW_43_358,VGND,li1,83.0300,130.2680,0.000069
TAP_TAPCELL_ROW_43_357,VGND,li1,57.2700,130.2680,0.000049
TAP_TAPCELL_ROW_43_356,VGND,li1,31.5100,130.2680,0.000022
TAP_TAPCELL_ROW_42_355,VGND,li1,147.4300,125.4110,0.000111
TAP_TAPCELL_ROW_42_354,VGND,li1,121.6700,125.4110,0.000108
TAP_TAPCELL_ROW_42_353,VGND,li1,95.9100,125.4110,0.000098
TAP_TAPCELL_ROW_42_352,VGND,li1,70.1500,125.4110,0.000074
TAP_TAPCELL_ROW_42_351,VGND,li1,44.3900,125.4110,0.000049
TAP_TAPCELL_ROW_42_350,VGND,li1,18.6300,125.4110,0.000021
TAP_TAPCELL_ROW_41_349,VGND,li1,134.5500,124.8280,0.000110
TAP_TAPCELL_ROW_41_348,VGND,li1,108.7900,124.8280,0.000105
TAP_TAPCELL_ROW_41_347,VGND,li1,83.0300,124.8280,0.000086
TAP_TAPCELL_ROW_41_346,VGND,li1,57.2700,124.8280,0.000061
TAP_TAPCELL_ROW_41_345,VGND,li1,31.5100,124.8280,0.000032
TAP_TAPCELL_ROW_40_344,VGND,li1,147.4300,119.9710,0.001033
TAP_TAPCELL_ROW_40_343,VGND,li1,121.6700,119.9710,0.001017
TAP_TAPCELL_ROW_40_342,VGND,li1,95.9100,119.9710,0.000932
TAP_TAPCELL_ROW_40_341,VGND,li1,70.1500,119.9710,0.000739
TAP_TAPCELL_ROW_40_340,VGND,li1,44.3900,119.9710,0.000402
TAP_TAPCELL_ROW_40_339,VGND,li1,18.6300,119.9710,0.000148
TAP_TAPCELL_ROW_39_338,VGND,li1,134.5500,119.3880,0.001027
TAP_TAPCELL_ROW_39_337,VGND,li1,108.7900,119.3880,0.001001
TAP_TAPCELL_ROW_39_336,VGND,li1,83.0300,119.3880,0.000834
TAP_TAPCELL_ROW_39_335,VGND,li1,57.2700,119.3880,0.000568
TAP_TAPCELL_ROW_39_334,VGND,li1,31.5100,119.3880,0.000211
TAP_TAPCELL_ROW_38_333,VGND,li1,147.4300,114.5310,0.000126
TAP_TAPCELL_ROW_38_332,VGND,li1,121.6700,114.5310,0.000124
TAP_TAPCELL_ROW_38_331,VGND,li1,95.9100,114.5310,0.000115
TAP_TAPCELL_ROW_38_330,VGND,li1,70.1500,114.5310,0.000101
TAP_TAPCELL_ROW_38_329,VGND,li1,44.3900,114.5310,0.000060
TAP_TAPCELL_ROW_38_328,VGND,li1,18.6300,114.5310,0.000025
TAP_TAPCELL_ROW_37_327,VGND,li1,134.5500,113.9480,0.000125
TAP_TAPCELL_ROW_37_326,VGND,li1,108.7900,113.9480,0.000120
TAP_TAPCELL_ROW_37_325,VGND,li1,83.0300,113.9480,0.000109
TAP_TAPCELL_ROW_37_324,VGND,li1,57.2700,113.9480,0.000083
TAP_TAPCELL_ROW_37_323,VGND,li1,31.5100,113.9480,0.000034
TAP_TAPCELL_ROW_36_322,VGND,li1,147.4300,109.0910,0.000198
TAP_TAPCELL_ROW_36_321,VGND,li1,121.6700,109.0910,0.000182
TAP_TAPCELL_ROW_36_320,VGND,li1,95.9100,109.0910,0.000155
TAP_TAPCELL_ROW_36_319,VGND,li1,70.1500,109.0910,0.000119
TAP_TAPCELL_ROW_36_318,VGND,li1,44.3900,109.0910,0.000072
TAP_TAPCELL_ROW_36_317,VGND,li1,18.6300,109.0910,0.000035
TAP_TAPCELL_ROW_35_316,VGND,li1,134.5500,108.5080,0.000190
TAP_TAPCELL_ROW_35_315,VGND,li1,108.7900,108.5080,0.000170
TAP_TAPCELL_ROW_35_314,VGND,li1,83.0300,108.5080,0.000139
TAP_TAPCELL_ROW_35_313,VGND,li1,57.2700,108.5080,0.000097
TAP_TAPCELL_ROW_35_312,VGND,li1,31.5100,108.5080,0.000042
TAP_TAPCELL_ROW_34_311,VGND,li1,147.4300,103.6510,0.000144
TAP_TAPCELL_ROW_34_310,VGND,li1,121.6700,103.6510,0.000138
TAP_TAPCELL_ROW_34_309,VGND,li1,95.9100,103.6510,0.000125
TAP_TAPCELL_ROW_34_308,VGND,li1,70.1500,103.6510,0.000097
TAP_TAPCELL_ROW_34_307,VGND,li1,44.3900,103.6510,0.000057
TAP_TAPCELL_ROW_34_306,VGND,li1,18.6300,103.6510,0.000026
TAP_TAPCELL_ROW_33_305,VGND,li1,134.5500,103.0680,0.000143
TAP_TAPCELL_ROW_33_304,VGND,li1,108.7900,103.0680,0.000133
TAP_TAPCELL_ROW_33_303,VGND,li1,83.0300,103.0680,0.000112
TAP_TAPCELL_ROW_33_302,VGND,li1,57.2700,103.0680,0.000078
TAP_TAPCELL_ROW_33_301,VGND,li1,31.5100,103.0680,0.000034
TAP_TAPCELL_ROW_32_300,VGND,li1,147.4300,98.2110,0.000141
TAP_TAPCELL_ROW_32_299,VGND,li1,121.6700,98.2110,0.000134
TAP_TAPCELL_ROW_32_298,VGND,li1,95.9100,98.2110,0.000116
TAP_TAPCELL_ROW_32_297,VGND,li1,70.1500,98.2110,0.000090
TAP_TAPCELL_ROW_32_296,VGND,li1,44.3900,98.2110,0.000055
TAP_TAPCELL_ROW_32_295,VGND,li1,18.6300,98.2110,0.000024
TAP_TAPCELL_ROW_31_294,VGND,li1,134.5500,97.6280,0.000139
TAP_TAPCELL_ROW_31_293,VGND,li1,108.7900,97.6280,0.000126
TAP_TAPCELL_ROW_31_292,VGND,li1,83.0300,97.6280,0.000105
TAP_TAPCELL_ROW_31_291,VGND,li1,57.2700,97.6280,0.000072
TAP_TAPCELL_ROW_31_290,VGND,li1,31.5100,97.6280,0.000034
TAP_TAPCELL_ROW_30_289,VGND,li1,147.4300,92.7710,0.000207
TAP_TAPCELL_ROW_30_288,VGND,li1,121.6700,92.7710,0.000200
TAP_TAPCELL_ROW_30_287,VGND,li1,95.9100,92.7710,0.000179
TAP_TAPCELL_ROW_30_286,VGND,li1,70.1500,92.7710,0.000143
TAP_TAPCELL_ROW_30_285,VGND,li1,44.3900,92.7710,0.000088
TAP_TAPCELL_ROW_30_284,VGND,li1,18.6300,92.7710,0.000044
TAP_TAPCELL_ROW_29_283,VGND,li1,134.5500,92.1880,0.000205
TAP_TAPCELL_ROW_29_282,VGND,li1,108.7900,92.1880,0.000191
TAP_TAPCELL_ROW_29_281,VGND,li1,83.0300,92.1880,0.000163
TAP_TAPCELL_ROW_29_280,VGND,li1,57.2700,92.1880,0.000121
TAP_TAPCELL_ROW_29_279,VGND,li1,31.5100,92.1880,0.000056
TAP_TAPCELL_ROW_28_278,VGND,li1,147.4300,87.3310,0.000482
TAP_TAPCELL_ROW_28_277,VGND,li1,121.6700,87.3310,0.000468
TAP_TAPCELL_ROW_28_276,VGND,li1,95.9100,87.3310,0.000443
TAP_TAPCELL_ROW_28_275,VGND,li1,70.1500,87.3310,0.000354
TAP_TAPCELL_ROW_28_274,VGND,li1,44.3900,87.3310,0.000196
TAP_TAPCELL_ROW_28_273,VGND,li1,18.6300,87.3310,0.000068
TAP_TAPCELL_ROW_27_272,VGND,li1,134.5500,86.7480,0.000478
TAP_TAPCELL_ROW_27_271,VGND,li1,108.7900,86.7480,0.000455
TAP_TAPCELL_ROW_27_270,VGND,li1,83.0300,86.7480,0.000419
TAP_TAPCELL_ROW_27_269,VGND,li1,57.2700,86.7480,0.000275
TAP_TAPCELL_ROW_27_268,VGND,li1,31.5100,86.7480,0.000113
TAP_TAPCELL_ROW_26_267,VGND,li1,147.4300,81.8910,0.000261
TAP_TAPCELL_ROW_26_266,VGND,li1,121.6700,81.8910,0.000240
TAP_TAPCELL_ROW_26_265,VGND,li1,95.9100,81.8910,0.000201
TAP_TAPCELL_ROW_26_264,VGND,li1,70.1500,81.8910,0.000145
TAP_TAPCELL_ROW_26_263,VGND,li1,44.3900,81.8910,0.000082
TAP_TAPCELL_ROW_26_262,VGND,li1,18.6300,81.8910,0.000035
TAP_TAPCELL_ROW_25_261,VGND,li1,134.5500,81.3080,0.000252
TAP_TAPCELL_ROW_25_260,VGND,li1,108.7900,81.3080,0.000222
TAP_TAPCELL_ROW_25_259,VGND,li1,83.0300,81.3080,0.000177
TAP_TAPCELL_ROW_25_258,VGND,li1,57.2700,81.3080,0.000114
TAP_TAPCELL_ROW_25_257,VGND,li1,31.5100,81.3080,0.000047
TAP_TAPCELL_ROW_24_256,VGND,li1,147.4300,76.4510,0.000095
TAP_TAPCELL_ROW_24_255,VGND,li1,121.6700,76.4510,0.000090
TAP_TAPCELL_ROW_24_254,VGND,li1,95.9100,76.4510,0.000075
TAP_TAPCELL_ROW_24_253,VGND,li1,70.1500,76.4510,0.000057
TAP_TAPCELL_ROW_24_252,VGND,li1,44.3900,76.4510,0.000038
TAP_TAPCELL_ROW_24_251,VGND,li1,18.6300,76.4510,0.000027
TAP_TAPCELL_ROW_23_250,VGND,li1,134.5500,75.8680,0.000094
TAP_TAPCELL_ROW_23_249,VGND,li1,108.7900,75.8680,0.000084
TAP_TAPCELL_ROW_23_248,VGND,li1,83.0300,75.8680,0.000067
TAP_TAPCELL_ROW_23_247,VGND,li1,57.2700,75.8680,0.000048
TAP_TAPCELL_ROW_23_246,VGND,li1,31.5100,75.8680,0.000026
TAP_TAPCELL_ROW_22_245,VGND,li1,147.4300,71.0110,0.000234
TAP_TAPCELL_ROW_22_244,VGND,li1,121.6700,71.0110,0.000214
TAP_TAPCELL_ROW_22_243,VGND,li1,95.9100,71.0110,0.000181
TAP_TAPCELL_ROW_22_242,VGND,li1,70.1500,71.0110,0.000144
TAP_TAPCELL_ROW_22_241,VGND,li1,44.3900,71.0110,0.000088
TAP_TAPCELL_ROW_22_240,VGND,li1,18.6300,71.0110,0.000053
TAP_TAPCELL_ROW_21_239,VGND,li1,134.5500,70.4280,0.000225
TAP_TAPCELL_ROW_21_238,VGND,li1,108.7900,70.4280,0.000199
TAP_TAPCELL_ROW_21_237,VGND,li1,83.0300,70.4280,0.000164
TAP_TAPCELL_ROW_21_236,VGND,li1,57.2700,70.4280,0.000118
TAP_TAPCELL_ROW_21_235,VGND,li1,31.5100,70.4280,0.000057
TAP_TAPCELL_ROW_20_234,VGND,li1,147.4300,65.5710,0.000165
TAP_TAPCELL_ROW_20_233,VGND,li1,121.6700,65.5710,0.000156
TAP_TAPCELL_ROW_20_232,VGND,li1,95.9100,65.5710,0.000137
TAP_TAPCELL_ROW_20_231,VGND,li1,70.1500,65.5710,0.000106
TAP_TAPCELL_ROW_20_230,VGND,li1,44.3900,65.5710,0.000068
TAP_TAPCELL_ROW_20_229,VGND,li1,18.6300,65.5710,0.000030
TAP_TAPCELL_ROW_19_228,VGND,li1,134.5500,64.9880,0.000163
TAP_TAPCELL_ROW_19_227,VGND,li1,108.7900,64.9880,0.000148
TAP_TAPCELL_ROW_19_226,VGND,li1,83.0300,64.9880,0.000123
TAP_TAPCELL_ROW_19_225,VGND,li1,57.2700,64.9880,0.000086
TAP_TAPCELL_ROW_19_224,VGND,li1,31.5100,64.9880,0.000041
TAP_TAPCELL_ROW_18_223,VGND,li1,147.4300,60.1310,0.000373
TAP_TAPCELL_ROW_18_222,VGND,li1,121.6700,60.1310,0.000368
TAP_TAPCELL_ROW_18_221,VGND,li1,95.9100,60.1310,0.000356
TAP_TAPCELL_ROW_18_220,VGND,li1,70.1500,60.1310,0.000339
TAP_TAPCELL_ROW_18_219,VGND,li1,44.3900,60.1310,0.000238
TAP_TAPCELL_ROW_18_218,VGND,li1,18.6300,60.1310,0.000096
TAP_TAPCELL_ROW_17_217,VGND,li1,134.5500,59.5480,0.000372
TAP_TAPCELL_ROW_17_216,VGND,li1,108.7900,59.5480,0.000363
TAP_TAPCELL_ROW_17_215,VGND,li1,83.0300,59.5480,0.000348
TAP_TAPCELL_ROW_17_214,VGND,li1,57.2700,59.5480,0.000327
TAP_TAPCELL_ROW_17_213,VGND,li1,31.5100,59.5480,0.000152
TAP_TAPCELL_ROW_16_212,VGND,li1,147.4300,54.6910,0.000543
TAP_TAPCELL_ROW_16_211,VGND,li1,121.6700,54.6910,0.000535
TAP_TAPCELL_ROW_16_210,VGND,li1,95.9100,54.6910,0.000517
TAP_TAPCELL_ROW_16_209,VGND,li1,70.1500,54.6910,0.000402
TAP_TAPCELL_ROW_16_208,VGND,li1,44.3900,54.6910,0.000231
TAP_TAPCELL_ROW_16_207,VGND,li1,18.6300,54.6910,0.000102
TAP_TAPCELL_ROW_15_206,VGND,li1,134.5500,54.1080,0.000541
TAP_TAPCELL_ROW_15_205,VGND,li1,108.7900,54.1080,0.000528
TAP_TAPCELL_ROW_15_204,VGND,li1,83.0300,54.1080,0.000488
TAP_TAPCELL_ROW_15_203,VGND,li1,57.2700,54.1080,0.000314
TAP_TAPCELL_ROW_15_202,VGND,li1,31.5100,54.1080,0.000134
TAP_TAPCELL_ROW_14_201,VGND,li1,147.4300,49.2510,0.000150
TAP_TAPCELL_ROW_14_200,VGND,li1,121.6700,49.2510,0.000141
TAP_TAPCELL_ROW_14_199,VGND,li1,95.9100,49.2510,0.000124
TAP_TAPCELL_ROW_14_198,VGND,li1,70.1500,49.2510,0.000098
TAP_TAPCELL_ROW_14_197,VGND,li1,44.3900,49.2510,0.000056
TAP_TAPCELL_ROW_14_196,VGND,li1,18.6300,49.2510,0.000027
TAP_TAPCELL_ROW_13_195,VGND,li1,134.5500,48.6680,0.000146
TAP_TAPCELL_ROW_13_194,VGND,li1,108.7900,48.6680,0.000133
TAP_TAPCELL_ROW_13_193,VGND,li1,83.0300,48.6680,0.000113
TAP_TAPCELL_ROW_13_192,VGND,li1,57.2700,48.6680,0.000078
TAP_TAPCELL_ROW_13_191,VGND,li1,31.5100,48.6680,0.000034
TAP_TAPCELL_ROW_12_190,VGND,li1,147.4300,43.8110,0.000122
TAP_TAPCELL_ROW_12_189,VGND,li1,121.6700,43.8110,0.000113
TAP_TAPCELL_ROW_12_188,VGND,li1,95.9100,43.8110,0.000096
TAP_TAPCELL_ROW_12_187,VGND,li1,70.1500,43.8110,0.000075
TAP_TAPCELL_ROW_12_186,VGND,li1,44.3900,43.8110,0.000050
TAP_TAPCELL_ROW_12_185,VGND,li1,18.6300,43.8110,0.000033
TAP_TAPCELL_ROW_11_184,VGND,li1,134.5500,43.2280,0.000119
TAP_TAPCELL_ROW_11_183,VGND,li1,108.7900,43.2280,0.000106
TAP_TAPCELL_ROW_11_182,VGND,li1,83.0300,43.2280,0.000086
TAP_TAPCELL_ROW_11_181,VGND,li1,57.2700,43.2280,0.000063
TAP_TAPCELL_ROW_11_180,VGND,li1,31.5100,43.2280,0.000033
TAP_TAPCELL_ROW_10_179,VGND,li1,147.4300,38.3710,0.000199
TAP_TAPCELL_ROW_10_178,VGND,li1,121.6700,38.3710,0.000181
TAP_TAPCELL_ROW_10_177,VGND,li1,95.9100,38.3710,0.000153
TAP_TAPCELL_ROW_10_176,VGND,li1,70.1500,38.3710,0.000112
TAP_TAPCELL_ROW_10_175,VGND,li1,44.3900,38.3710,0.000063
TAP_TAPCELL_ROW_10_174,VGND,li1,18.6300,38.3710,0.000033
TAP_TAPCELL_ROW_9_173,VGND,li1,134.5500,37.7880,0.000192
TAP_TAPCELL_ROW_9_172,VGND,li1,108.7900,37.7880,0.000169
TAP_TAPCELL_ROW_9_171,VGND,li1,83.0300,37.7880,0.000135
TAP_TAPCELL_ROW_9_170,VGND,li1,57.2700,37.7880,0.000089
TAP_TAPCELL_ROW_9_169,VGND,li1,31.5100,37.7880,0.000038
TAP_TAPCELL_ROW_8_168,VGND,li1,147.4300,32.9310,0.000191
TAP_TAPCELL_ROW_8_167,VGND,li1,121.6700,32.9310,0.000168
TAP_TAPCELL_ROW_8_166,VGND,li1,95.9100,32.9310,0.000137
TAP_TAPCELL_ROW_8_165,VGND,li1,70.1500,32.9310,0.000096
TAP_TAPCELL_ROW_8_164,VGND,li1,44.3900,32.9310,0.000052
TAP_TAPCELL_ROW_8_163,VGND,li1,18.6300,32.9310,0.000020
TAP_TAPCELL_ROW_7_162,VGND,li1,134.5500,32.3480,0.000181
TAP_TAPCELL_ROW_7_161,VGND,li1,108.7900,32.3480,0.000154
TAP_TAPCELL_ROW_7_160,VGND,li1,83.0300,32.3480,0.000118
TAP_TAPCELL_ROW_7_159,VGND,li1,57.2700,32.3480,0.000075
TAP_TAPCELL_ROW_7_158,VGND,li1,31.5100,32.3480,0.000031
TAP_TAPCELL_ROW_6_157,VGND,li1,147.4300,27.4910,0.000155
TAP_TAPCELL_ROW_6_156,VGND,li1,121.6700,27.4910,0.000149
TAP_TAPCELL_ROW_6_155,VGND,li1,95.9100,27.4910,0.000134
TAP_TAPCELL_ROW_6_154,VGND,li1,70.1500,27.4910,0.000107
TAP_TAPCELL_ROW_6_153,VGND,li1,44.3900,27.4910,0.000065
TAP_TAPCELL_ROW_6_152,VGND,li1,18.6300,27.4910,0.000028
TAP_TAPCELL_ROW_5_151,VGND,li1,134.5500,26.9080,0.000154
TAP_TAPCELL_ROW_5_150,VGND,li1,108.7900,26.9080,0.000141
TAP_TAPCELL_ROW_5_149,VGND,li1,83.0300,26.9080,0.000121
TAP_TAPCELL_ROW_5_148,VGND,li1,57.2700,26.9080,0.000086
TAP_TAPCELL_ROW_5_147,VGND,li1,31.5100,26.9080,0.000040
TAP_TAPCELL_ROW_4_146,VGND,li1,147.4300,22.0510,0.000237
TAP_TAPCELL_ROW_4_145,VGND,li1,121.6700,22.0510,0.000235
TAP_TAPCELL_ROW_4_144,VGND,li1,95.9100,22.0510,0.000223
TAP_TAPCELL_ROW_4_143,VGND,li1,70.1500,22.0510,0.000187
TAP_TAPCELL_ROW_4_142,VGND,li1,44.3900,22.0510,0.000112
TAP_TAPCELL_ROW_4_141,VGND,li1,18.6300,22.0510,0.000039
TAP_TAPCELL_ROW_3_140,VGND,li1,134.5500,21.4680,0.000237
TAP_TAPCELL_ROW_3_139,VGND,li1,108.7900,21.4680,0.000231
TAP_TAPCELL_ROW_3_138,VGND,li1,83.0300,21.4680,0.000211
TAP_TAPCELL_ROW_3_137,VGND,li1,57.2700,21.4680,0.000153
TAP_TAPCELL_ROW_3_136,VGND,li1,31.5100,21.4680,0.000063
TAP_TAPCELL_ROW_2_135,VGND,li1,147.4300,16.6110,0.000282
TAP_TAPCELL_ROW_2_134,VGND,li1,121.6700,16.6110,0.000282
TAP_TAPCELL_ROW_2_133,VGND,li1,95.9100,16.6110,0.000264
TAP_TAPCELL_ROW_2_132,VGND,li1,70.1500,16.6110,0.000213
TAP_TAPCELL_ROW_2_131,VGND,li1,44.3900,16.6110,0.000130
TAP_TAPCELL_ROW_2_130,VGND,li1,18.6300,16.6110,0.000046
TAP_TAPCELL_ROW_1_129,VGND,li1,134.5500,16.0280,0.000282
TAP_TAPCELL_ROW_1_128,VGND,li1,108.7900,16.0280,0.000277
TAP_TAPCELL_ROW_1_127,VGND,li1,83.0300,16.0280,0.000241
TAP_TAPCELL_ROW_1_126,VGND,li1,57.2700,16.0280,0.000173
TAP_TAPCELL_ROW_1_125,VGND,li1,31.5100,16.0280,0.000068
TAP_TAPCELL_ROW_0_124,VGND,li1,147.4300,11.1710,0.000077
TAP_TAPCELL_ROW_0_123,VGND,li1,134.5500,11.1710,0.000077
TAP_TAPCELL_ROW_0_122,VGND,li1,121.6700,11.1710,0.000077
TAP_TAPCELL_ROW_0_121,VGND,li1,108.7900,11.1710,0.000076
TAP_TAPCELL_ROW_0_120,VGND,li1,95.9100,11.1710,0.000075
TAP_TAPCELL_ROW_0_119,VGND,li1,83.0300,11.1710,0.000070
TAP_TAPCELL_ROW_0_118,VGND,li1,70.1500,11.1710,0.000061
TAP_TAPCELL_ROW_0_117,VGND,li1,57.2700,11.1710,0.000048
TAP_TAPCELL_ROW_0_116,VGND,li1,44.3900,11.1710,0.000034
TAP_TAPCELL_ROW_0_115,VGND,li1,31.5100,11.1710,0.000019
TAP_TAPCELL_ROW_0_114,VGND,li1,18.6300,11.1710,0.000012
PHY_EDGE_ROW_56_Left_113,VGND,li1,6.2100,163.2000,0.000040
PHY_EDGE_ROW_55_Left_112,VGND,li1,6.2100,163.2000,0.000040
PHY_EDGE_ROW_54_Left_111,VGND,li1,6.2100,157.7600,0.000037
PHY_EDGE_ROW_53_Left_110,VGND,li1,6.2100,157.7600,0.000037
PHY_EDGE_ROW_52_Left_109,VGND,li1,6.2100,152.3200,0.000023
PHY_EDGE_ROW_51_Left_108,VGND,li1,6.2100,152.3200,0.000023
PHY_EDGE_ROW_50_Left_107,VGND,li1,6.2100,146.8800,0.000051
PHY_EDGE_ROW_49_Left_106,VGND,li1,6.2100,146.8800,0.000051
PHY_EDGE_ROW_48_Left_105,VGND,li1,6.2100,141.4400,0.000022
PHY_EDGE_ROW_47_Left_104,VGND,li1,6.2100,141.4400,0.000022
PHY_EDGE_ROW_46_Left_103,VGND,li1,6.2100,136.0000,0.000016
PHY_EDGE_ROW_45_Left_102,VGND,li1,6.2100,136.0000,0.000016
PHY_EDGE_ROW_44_Left_101,VGND,li1,6.2100,130.5600,0.000016
PHY_EDGE_ROW_43_Left_100,VGND,li1,6.2100,130.5600,0.000016
PHY_EDGE_ROW_42_Left_99,VGND,li1,6.2100,125.1200,0.000022
PHY_EDGE_ROW_41_Left_98,VGND,li1,6.2100,125.1200,0.000022
PHY_EDGE_ROW_40_Left_97,VGND,li1,6.2100,119.6800,0.000153
PHY_EDGE_ROW_39_Left_96,VGND,li1,6.2100,119.6800,0.000153
PHY_EDGE_ROW_38_Left_95,VGND,li1,6.2100,114.2400,0.000025
PHY_EDGE_ROW_37_Left_94,VGND,li1,6.2100,114.2400,0.000025
PHY_EDGE_ROW_36_Left_93,VGND,li1,6.2100,108.8000,0.000040
PHY_EDGE_ROW_35_Left_92,VGND,li1,6.2100,108.8000,0.000040
PHY_EDGE_ROW_34_Left_91,VGND,li1,6.2100,103.3600,0.000027
PHY_EDGE_ROW_33_Left_90,VGND,li1,6.2100,103.3600,0.000027
PHY_EDGE_ROW_32_Left_89,VGND,li1,6.2100,97.9200,0.000026
PHY_EDGE_ROW_31_Left_88,VGND,li1,6.2100,97.9200,0.000026
PHY_EDGE_ROW_30_Left_87,VGND,li1,6.2100,92.4800,0.000050
PHY_EDGE_ROW_29_Left_86,VGND,li1,6.2100,92.4800,0.000050
PHY_EDGE_ROW_28_Left_85,VGND,li1,6.2100,87.0400,0.000070
PHY_EDGE_ROW_27_Left_84,VGND,li1,6.2100,87.0400,0.000070
PHY_EDGE_ROW_26_Left_83,VGND,li1,6.2100,81.6000,0.000036
PHY_EDGE_ROW_25_Left_82,VGND,li1,6.2100,81.6000,0.000036
PHY_EDGE_ROW_24_Left_81,VGND,li1,6.2100,76.1600,0.000035
PHY_EDGE_ROW_23_Left_80,VGND,li1,6.2100,76.1600,0.000035
PHY_EDGE_ROW_22_Left_79,VGND,li1,6.2100,70.7200,0.000059
PHY_EDGE_ROW_21_Left_78,VGND,li1,6.2100,70.7200,0.000059
PHY_EDGE_ROW_20_Left_77,VGND,li1,6.2100,65.2800,0.000032
PHY_EDGE_ROW_19_Left_76,VGND,li1,6.2100,65.2800,0.000032
PHY_EDGE_ROW_18_Left_75,VGND,li1,6.2100,59.8400,0.000099
PHY_EDGE_ROW_17_Left_74,VGND,li1,6.2100,59.8400,0.000099
PHY_EDGE_ROW_16_Left_73,VGND,li1,6.2100,54.4000,0.000109
PHY_EDGE_ROW_15_Left_72,VGND,li1,6.2100,54.4000,0.000109
PHY_EDGE_ROW_14_Left_71,VGND,li1,6.2100,48.9600,0.000030
PHY_EDGE_ROW_13_Left_70,VGND,li1,6.2100,48.9600,0.000030
PHY_EDGE_ROW_12_Left_69,VGND,li1,6.2100,43.5200,0.000037
PHY_EDGE_ROW_11_Left_68,VGND,li1,6.2100,43.5200,0.000037
PHY_EDGE_ROW_10_Left_67,VGND,li1,6.2100,38.0800,0.000038
PHY_EDGE_ROW_9_Left_66,VGND,li1,6.2100,38.0800,0.000038
PHY_EDGE_ROW_8_Left_65,VGND,li1,6.2100,32.6400,0.000021
PHY_EDGE_ROW_7_Left_64,VGND,li1,6.2100,32.6400,0.000021
PHY_EDGE_ROW_6_Left_63,VGND,li1,6.2100,27.2000,0.000031
PHY_EDGE_ROW_5_Left_62,VGND,li1,6.2100,27.2000,0.000031
PHY_EDGE_ROW_4_Left_61,VGND,li1,6.2100,21.7600,0.000039
PHY_EDGE_ROW_3_Left_60,VGND,li1,6.2100,21.7600,0.000039
PHY_EDGE_ROW_2_Left_59,VGND,li1,6.2100,16.3200,0.000046
PHY_EDGE_ROW_1_Left_58,VGND,li1,6.2100,16.3200,0.000046
PHY_EDGE_ROW_0_Left_57,VGND,li1,6.2100,10.8800,0.000012
PHY_EDGE_ROW_56_Right_56,VGND,li1,160.3100,163.2000,0.000317
PHY_EDGE_ROW_55_Right_55,VGND,li1,160.3100,163.2000,0.000317
PHY_EDGE_ROW_54_Right_54,VGND,li1,160.3100,157.7600,0.000296
PHY_EDGE_ROW_53_Right_53,VGND,li1,160.3100,157.7600,0.000296
PHY_EDGE_ROW_52_Right_52,VGND,li1,160.3100,152.3200,0.000148
PHY_EDGE_ROW_51_Right_51,VGND,li1,160.3100,152.3200,0.000148
PHY_EDGE_ROW_50_Right_50,VGND,li1,160.3100,146.8800,0.000276
PHY_EDGE_ROW_49_Right_49,VGND,li1,160.3100,146.8800,0.000276
PHY_EDGE_ROW_48_Right_48,VGND,li1,160.3100,141.4400,0.000144
PHY_EDGE_ROW_47_Right_47,VGND,li1,160.3100,141.4400,0.000144
PHY_EDGE_ROW_46_Right_46,VGND,li1,160.3100,136.0000,0.000118
PHY_EDGE_ROW_45_Right_45,VGND,li1,160.3100,136.0000,0.000118
PHY_EDGE_ROW_44_Right_44,VGND,li1,160.3100,130.5600,0.000092
PHY_EDGE_ROW_43_Right_43,VGND,li1,160.3100,130.5600,0.000092
PHY_EDGE_ROW_42_Right_42,VGND,li1,160.3100,125.1200,0.000112
PHY_EDGE_ROW_41_Right_41,VGND,li1,160.3100,125.1200,0.000112
PHY_EDGE_ROW_40_Right_40,VGND,li1,160.3100,119.6800,0.001035
PHY_EDGE_ROW_39_Right_39,VGND,li1,160.3100,119.6800,0.001035
PHY_EDGE_ROW_38_Right_38,VGND,li1,160.3100,114.2400,0.000127
PHY_EDGE_ROW_37_Right_37,VGND,li1,160.3100,114.2400,0.000127
PHY_EDGE_ROW_36_Right_36,VGND,li1,160.3100,108.8000,0.000204
PHY_EDGE_ROW_35_Right_35,VGND,li1,160.3100,108.8000,0.000204
PHY_EDGE_ROW_34_Right_34,VGND,li1,160.3100,103.3600,0.000144
PHY_EDGE_ROW_33_Right_33,VGND,li1,160.3100,103.3600,0.000144
PHY_EDGE_ROW_32_Right_32,VGND,li1,160.3100,97.9200,0.000141
PHY_EDGE_ROW_31_Right_31,VGND,li1,160.3100,97.9200,0.000141
PHY_EDGE_ROW_30_Right_30,VGND,li1,160.3100,92.4800,0.000207
PHY_EDGE_ROW_29_Right_29,VGND,li1,160.3100,92.4800,0.000207
PHY_EDGE_ROW_28_Right_28,VGND,li1,160.3100,87.0400,0.000483
PHY_EDGE_ROW_27_Right_27,VGND,li1,160.3100,87.0400,0.000483
PHY_EDGE_ROW_26_Right_26,VGND,li1,160.3100,81.6000,0.000266
PHY_EDGE_ROW_25_Right_25,VGND,li1,160.3100,81.6000,0.000266
PHY_EDGE_ROW_24_Right_24,VGND,li1,160.3100,76.1600,0.000095
PHY_EDGE_ROW_23_Right_23,VGND,li1,160.3100,76.1600,0.000095
PHY_EDGE_ROW_22_Right_22,VGND,li1,160.3100,70.7200,0.000240
PHY_EDGE_ROW_21_Right_21,VGND,li1,160.3100,70.7200,0.000240
PHY_EDGE_ROW_20_Right_20,VGND,li1,160.3100,65.2800,0.000166
PHY_EDGE_ROW_19_Right_19,VGND,li1,160.3100,65.2800,0.000166
PHY_EDGE_ROW_18_Right_18,VGND,li1,160.3100,59.8400,0.000373
PHY_EDGE_ROW_17_Right_17,VGND,li1,160.3100,59.8400,0.000373
PHY_EDGE_ROW_16_Right_16,VGND,li1,160.3100,54.4000,0.000544
PHY_EDGE_ROW_15_Right_15,VGND,li1,160.3100,54.4000,0.000544
PHY_EDGE_ROW_14_Right_14,VGND,li1,160.3100,48.9600,0.000150
PHY_EDGE_ROW_13_Right_13,VGND,li1,160.3100,48.9600,0.000150
PHY_EDGE_ROW_12_Right_12,VGND,li1,160.3100,43.5200,0.000123
PHY_EDGE_ROW_11_Right_11,VGND,li1,160.3100,43.5200,0.000123
PHY_EDGE_ROW_10_Right_10,VGND,li1,160.3100,38.0800,0.000204
PHY_EDGE_ROW_9_Right_9,VGND,li1,160.3100,38.0800,0.000204
PHY_EDGE_ROW_8_Right_8,VGND,li1,160.3100,32.6400,0.000195
PHY_EDGE_ROW_7_Right_7,VGND,li1,160.3100,32.6400,0.000195
PHY_EDGE_ROW_6_Right_6,VGND,li1,160.3100,27.2000,0.000155
PHY_EDGE_ROW_5_Right_5,VGND,li1,160.3100,27.2000,0.000155
PHY_EDGE_ROW_4_Right_4,VGND,li1,160.3100,21.7600,0.000237
PHY_EDGE_ROW_3_Right_3,VGND,li1,160.3100,21.7600,0.000237
PHY_EDGE_ROW_2_Right_2,VGND,li1,160.3100,16.3200,0.000282
PHY_EDGE_ROW_1_Right_1,VGND,li1,160.3100,16.3200,0.000282
PHY_EDGE_ROW_0_Right_0,VGND,li1,160.3100,10.8800,0.000077
_2122_,VGND,li1,8.5100,87.0400,0.000070
_2121_,VGND,li1,14.7200,59.8400,0.000098
_2120_,VGND,li1,151.3400,146.8800,0.000276
_2119_,VGND,li1,149.0400,157.7600,0.000296
_2118_,VGND,li1,147.2000,163.2000,0.000317
_2117_,VGND,li1,123.7400,163.2000,0.000302
_2116_,VGND,li1,96.1400,157.7600,0.000247
_2115_,VGND,li1,100.2800,163.2000,0.000268
_2114_,VGND,li1,66.7000,163.2000,0.000188
_2113_,VGND,li1,62.5600,157.7600,0.000169
_2112_,VGND,li1,46.0000,146.8800,0.000119
_2111_,VGND,li1,11.9600,146.8800,0.000051
_2110_,VGND,li1,10.5800,119.6800,0.000153
_2109_,VGND,li1,10.5800,108.8000,0.000040
_2108_,VGND,li1,10.5800,92.4800,0.000050
_2107_,VGND,li1,23.4600,70.7200,0.000046
_2106_,VGND,li1,66.2400,70.7200,0.000138
_2105_,VGND,li1,63.0200,92.4800,0.000134
_2104_,VGND,li1,99.8200,119.6800,0.000967
_2103_,VGND,li1,113.6200,119.6800,0.001008
_2102_,VGND,li1,142.1400,119.6800,0.001033
_2101_,VGND,li1,155.9400,108.8000,0.000204
_2100_,VGND,li1,155.9400,81.6000,0.000266
_2099_,VGND,li1,155.9400,70.7200,0.000239
_2098_,VGND,li1,153.6400,32.6400,0.000195
_2097_,VGND,li1,155.9400,38.0800,0.000204
_2096_,VGND,li1,115.4600,16.3200,0.000282
_2095_,VGND,li1,104.4200,16.3200,0.000274
_2094_,VGND,li1,63.9400,27.2000,0.000100
_2093_,VGND,li1,52.9000,21.7600,0.000143
_2092_,VGND,li1,38.6400,16.3200,0.000107
_2091_,VGND,li1,22.5400,43.5200,0.000029
_2090_,VGND,li1,11.0400,38.0800,0.000038
_2089_,VGND,li1,11.9600,27.2000,0.000031
_2088_,VGND,li1,13.5700,43.5200,0.000036
_2087_,VGND,li1,79.1200,21.7600,0.000208
_2086_,VGND,li1,75.4400,21.7600,0.000202
_2085_,VGND,li1,63.4800,21.7600,0.000173
_2084_,VGND,li1,50.1400,16.3200,0.000150
_2083_,VGND,li1,31.2800,54.4000,0.000134
_2082_,VGND,li1,22.5400,54.4000,0.000099
_2081_,VGND,li1,12.8800,54.4000,0.000107
_2080_,VGND,li1,92.4600,16.3200,0.000259
_2079_,VGND,li1,87.4000,10.8800,0.000074
_2078_,VGND,li1,70.8400,16.3200,0.000213
_2077_,VGND,li1,61.6400,16.3200,0.000191
_2076_,VGND,li1,42.3200,65.2800,0.000064
_2075_,VGND,li1,35.4200,59.8400,0.000186
_2074_,VGND,li1,25.0700,59.8400,0.000092
_2073_,VGND,li1,13.8000,70.7200,0.000057
_2072_,VGND,li1,10.5800,76.1600,0.000034
_2071_,VGND,li1,12.4200,59.8400,0.000098
_2070_,VGND,li1,9.6600,59.8400,0.000099
_2069_,VGND,li1,144.2100,146.8800,0.000272
_2068_,VGND,li1,142.8300,152.3200,0.000148
_2067_,VGND,li1,145.3600,152.3200,0.000148
_2066_,VGND,li1,137.3100,152.3200,0.000148
_2065_,VGND,li1,135.0100,146.8800,0.000268
_2064_,VGND,li1,133.6300,141.4400,0.000141
_2063_,VGND,li1,135.4700,136.0000,0.000115
_2062_,VGND,li1,129.4900,141.4400,0.000139
_2061_,VGND,li1,145.5900,141.4400,0.000143
_2060_,VGND,li1,149.7300,136.0000,0.000118
_2059_,VGND,li1,142.8300,141.4400,0.000142
_2058_,VGND,li1,142.1400,130.5600,0.000092
_2057_,VGND,li1,143.0600,125.1200,0.000111
_2056_,VGND,li1,124.6600,146.8800,0.000260
_2055_,VGND,li1,143.5200,157.7600,0.000294
_2054_,VGND,li1,140.3000,157.7600,0.000292
_2053_,VGND,li1,130.4100,157.7600,0.000287
_2052_,VGND,li1,133.8600,157.7600,0.000289
_2051_,VGND,li1,129.4900,163.2000,0.000307
_2050_,VGND,li1,134.5500,152.3200,0.000147
_2049_,VGND,li1,131.3300,152.3200,0.000147
_2048_,VGND,li1,133.1700,152.3200,0.000147
_2047_,VGND,li1,129.0300,152.3200,0.000146
_2046_,VGND,li1,126.5000,152.3200,0.000145
_2045_,VGND,li1,126.5000,146.8800,0.000262
_2044_,VGND,li1,114.0800,152.3200,0.000135
_2043_,VGND,li1,123.5100,146.8800,0.000259
_2042_,VGND,li1,124.4300,141.4400,0.000137
_2041_,VGND,li1,124.6600,141.4400,0.000137
_2040_,VGND,li1,126.9600,141.4400,0.000138
_2039_,VGND,li1,125.8100,136.0000,0.000111
_2038_,VGND,li1,138.2300,136.0000,0.000116
_2037_,VGND,li1,138.4600,136.0000,0.000116
_2036_,VGND,li1,136.3900,136.0000,0.000115
_2035_,VGND,li1,140.9900,136.0000,0.000116
_2034_,VGND,li1,152.4900,136.0000,0.000118
_2033_,VGND,li1,150.8800,136.0000,0.000118
_2032_,VGND,li1,153.1800,136.0000,0.000118
_2031_,VGND,li1,152.4900,119.6800,0.001034
_2030_,VGND,li1,149.2700,119.6800,0.001034
_2029_,VGND,li1,141.4500,163.2000,0.000314
_2028_,VGND,li1,137.7700,163.2000,0.000311
_2027_,VGND,li1,137.5400,157.7600,0.000290
_2026_,VGND,li1,132.9400,163.2000,0.000308
_2025_,VGND,li1,127.6500,157.7600,0.000284
_2024_,VGND,li1,126.2700,157.7600,0.000284
_2023_,VGND,li1,123.5100,157.7600,0.000281
_2022_,VGND,li1,123.2800,152.3200,0.000142
_2021_,VGND,li1,120.0600,152.3200,0.000141
_2020_,VGND,li1,103.9600,152.3200,0.000127
_2019_,VGND,li1,114.3100,152.3200,0.000136
_2018_,VGND,li1,116.6100,146.8800,0.000252
_2017_,VGND,li1,112.7000,146.8800,0.000250
_2016_,VGND,li1,115.0000,146.8800,0.000252
_2015_,VGND,li1,119.3700,141.4400,0.000134
_2014_,VGND,li1,117.5300,141.4400,0.000133
_2013_,VGND,li1,117.5300,141.4400,0.000133
_2012_,VGND,li1,116.1500,136.0000,0.000105
_2011_,VGND,li1,119.3700,136.0000,0.000107
_2010_,VGND,li1,116.8400,136.0000,0.000106
_2009_,VGND,li1,139.6100,130.5600,0.000092
_2008_,VGND,li1,137.3100,130.5600,0.000091
_2007_,VGND,li1,135.4700,130.5600,0.000091
_2006_,VGND,li1,132.7100,125.1200,0.000109
_2005_,VGND,li1,133.6300,130.5600,0.000090
_2004_,VGND,li1,129.9500,130.5600,0.000090
_2003_,VGND,li1,146.5100,130.5600,0.000092
_2002_,VGND,li1,150.4200,130.5600,0.000092
_2001_,VGND,li1,148.1200,130.5600,0.000092
_2000_,VGND,li1,149.7300,125.1200,0.000111
_1999_,VGND,li1,152.9500,130.5600,0.000092
_1998_,VGND,li1,118.2200,163.2000,0.000295
_1997_,VGND,li1,119.8300,157.7600,0.000278
_1996_,VGND,li1,115.2300,157.7600,0.000274
_1995_,VGND,li1,112.0100,157.7600,0.000269
_1994_,VGND,li1,112.9300,163.2000,0.000289
_1993_,VGND,li1,75.2100,157.7600,0.000203
_1992_,VGND,li1,78.4300,163.2000,0.000219
_1991_,VGND,li1,80.7300,163.2000,0.000225
_1990_,VGND,li1,80.7300,157.7600,0.000218
_1989_,VGND,li1,110.6300,163.2000,0.000284
_1988_,VGND,li1,110.1700,163.2000,0.000284
_1987_,VGND,li1,109.7100,157.7600,0.000267
_1986_,VGND,li1,108.3300,157.7600,0.000264
_1985_,VGND,li1,110.4000,157.7600,0.000267
_1984_,VGND,li1,106.7200,157.7600,0.000264
_1983_,VGND,li1,89.7000,152.3200,0.000114
_1982_,VGND,li1,101.8900,157.7600,0.000258
_1981_,VGND,li1,103.2700,152.3200,0.000126
_1980_,VGND,li1,104.4200,146.8800,0.000241
_1979_,VGND,li1,102.1200,146.8800,0.000238
_1978_,VGND,li1,99.1300,146.8800,0.000234
_1977_,VGND,li1,109.7100,146.8800,0.000246
_1976_,VGND,li1,110.1700,146.8800,0.000246
_1975_,VGND,li1,109.9400,141.4400,0.000127
_1974_,VGND,li1,107.1800,141.4400,0.000125
_1973_,VGND,li1,109.2500,136.0000,0.000101
_1972_,VGND,li1,115.2300,130.5600,0.000086
_1971_,VGND,li1,117.9900,130.5600,0.000087
_1970_,VGND,li1,112.4700,130.5600,0.000085
_1969_,VGND,li1,121.2100,130.5600,0.000087
_1968_,VGND,li1,125.1200,130.5600,0.000089
_1967_,VGND,li1,122.8200,130.5600,0.000088
_1966_,VGND,li1,125.3500,125.1200,0.000108
_1965_,VGND,li1,127.6500,130.5600,0.000089
_1964_,VGND,li1,90.3900,157.7600,0.000239
_1963_,VGND,li1,88.5500,157.7600,0.000232
_1962_,VGND,li1,86.0200,157.7600,0.000226
_1961_,VGND,li1,82.1100,157.7600,0.000218
_1960_,VGND,li1,80.7300,152.3200,0.000105
_1959_,VGND,li1,82.5700,152.3200,0.000107
_1958_,VGND,li1,78.4300,146.8800,0.000200
_1957_,VGND,li1,81.4200,146.8800,0.000206
_1956_,VGND,li1,74.0600,146.8800,0.000191
_1955_,VGND,li1,89.0100,146.8800,0.000220
_1954_,VGND,li1,85.7900,146.8800,0.000213
_1953_,VGND,li1,88.7800,146.8800,0.000216
_1952_,VGND,li1,84.6400,141.4400,0.000104
_1951_,VGND,li1,93.6100,146.8800,0.000227
_1950_,VGND,li1,96.8300,146.8800,0.000229
_1949_,VGND,li1,93.1500,141.4400,0.000113
_1948_,VGND,li1,95.9100,141.4400,0.000116
_1947_,VGND,li1,91.0800,136.0000,0.000087
_1946_,VGND,li1,100.5100,141.4400,0.000120
_1945_,VGND,li1,103.2700,136.0000,0.000096
_1944_,VGND,li1,101.4300,136.0000,0.000094
_1943_,VGND,li1,97.7500,136.0000,0.000093
_1942_,VGND,li1,104.1900,136.0000,0.000097
_1941_,VGND,li1,97.7500,130.5600,0.000079
_1940_,VGND,li1,105.5700,130.5600,0.000082
_1939_,VGND,li1,106.7200,130.5600,0.000083
_1938_,VGND,li1,104.4200,130.5600,0.000082
_1937_,VGND,li1,106.0300,125.1200,0.000104
_1936_,VGND,li1,110.1700,130.5600,0.000084
_1935_,VGND,li1,94.7600,163.2000,0.000259
_1934_,VGND,li1,92.2300,163.2000,0.000252
_1933_,VGND,li1,87.1700,163.2000,0.000241
_1932_,VGND,li1,89.4700,163.2000,0.000246
_1931_,VGND,li1,75.4400,163.2000,0.000211
_1930_,VGND,li1,48.7600,163.2000,0.000129
_1929_,VGND,li1,56.3500,163.2000,0.000155
_1928_,VGND,li1,77.9700,157.7600,0.000211
_1927_,VGND,li1,72.9100,157.7600,0.000198
_1926_,VGND,li1,74.7500,157.7600,0.000203
_1925_,VGND,li1,71.9900,152.3200,0.000095
_1924_,VGND,li1,74.9800,152.3200,0.000098
_1923_,VGND,li1,63.4800,152.3200,0.000082
_1922_,VGND,li1,71.9900,146.8800,0.000186
_1921_,VGND,li1,73.3700,141.4400,0.000093
_1920_,VGND,li1,73.1400,141.4400,0.000093
_1919_,VGND,li1,75.4400,141.4400,0.000096
_1918_,VGND,li1,74.7500,136.0000,0.000074
_1917_,VGND,li1,83.0300,136.0000,0.000080
_1916_,VGND,li1,81.1900,141.4400,0.000103
_1915_,VGND,li1,71.3000,130.5600,0.000062
_1914_,VGND,li1,87.6300,141.4400,0.000109
_1913_,VGND,li1,87.1700,130.5600,0.000072
_1912_,VGND,li1,89.9300,130.5600,0.000075
_1911_,VGND,li1,79.3500,130.5600,0.000068
_1910_,VGND,li1,85.7900,130.5600,0.000072
_1909_,VGND,li1,95.4500,130.5600,0.000078
_1908_,VGND,li1,100.5100,125.1200,0.000102
_1907_,VGND,li1,100.5100,130.5600,0.000080
_1906_,VGND,li1,63.9400,157.7600,0.000169
_1905_,VGND,li1,60.9500,163.2000,0.000170
_1904_,VGND,li1,54.0500,163.2000,0.000148
_1903_,VGND,li1,51.5200,163.2000,0.000138
_1902_,VGND,li1,46.4600,163.2000,0.000121
_1901_,VGND,li1,44.3900,163.2000,0.000113
_1900_,VGND,li1,43.0100,163.2000,0.000104
_1899_,VGND,li1,46.2300,152.3200,0.000062
_1898_,VGND,li1,49.2200,152.3200,0.000066
_1897_,VGND,li1,37.2600,152.3200,0.000047
_1896_,VGND,li1,44.3900,152.3200,0.000059
_1895_,VGND,li1,66.4700,146.8800,0.000172
_1894_,VGND,li1,62.5600,146.8800,0.000162
_1893_,VGND,li1,64.8600,146.8800,0.000166
_1892_,VGND,li1,63.2500,146.8800,0.000166
_1891_,VGND,li1,69.2300,141.4400,0.000087
_1890_,VGND,li1,62.3300,136.0000,0.000061
_1889_,VGND,li1,65.3200,136.0000,0.000065
_1888_,VGND,li1,56.5800,136.0000,0.000055
_1887_,VGND,li1,63.2500,136.0000,0.000063
_1886_,VGND,li1,71.9900,130.5600,0.000062
_1885_,VGND,li1,69.4600,130.5600,0.000060
_1884_,VGND,li1,66.2400,130.5600,0.000058
_1883_,VGND,li1,76.3600,130.5600,0.000065
_1882_,VGND,li1,81.6500,130.5600,0.000069
_1881_,VGND,li1,77.9700,125.1200,0.000082
_1880_,VGND,li1,76.5900,130.5600,0.000065
_1879_,VGND,li1,57.9600,152.3200,0.000075
_1878_,VGND,li1,60.9500,152.3200,0.000079
_1877_,VGND,li1,52.6700,157.7600,0.000137
_1876_,VGND,li1,50.3700,157.7600,0.000124
_1875_,VGND,li1,39.3300,163.2000,0.000095
_1874_,VGND,li1,49.9100,163.2000,0.000129
_1873_,VGND,li1,40.7100,163.2000,0.000095
_1872_,VGND,li1,33.8100,163.2000,0.000074
_1871_,VGND,li1,36.8000,163.2000,0.000086
_1870_,VGND,li1,28.0600,152.3200,0.000029
_1869_,VGND,li1,34.2700,157.7600,0.000072
_1868_,VGND,li1,40.7100,152.3200,0.000050
_1867_,VGND,li1,37.4900,152.3200,0.000047
_1866_,VGND,li1,39.3300,152.3200,0.000050
_1865_,VGND,li1,23.2300,152.3200,0.000023
_1864_,VGND,li1,52.6700,146.8800,0.000137
_1863_,VGND,li1,56.3500,146.8800,0.000144
_1862_,VGND,li1,52.2100,146.8800,0.000137
_1861_,VGND,li1,54.9700,146.8800,0.000144
_1860_,VGND,li1,31.5100,141.4400,0.000031
_1859_,VGND,li1,51.2900,141.4400,0.000064
_1858_,VGND,li1,55.8900,136.0000,0.000053
_1857_,VGND,li1,56.1200,130.5600,0.000049
_1856_,VGND,li1,52.9000,130.5600,0.000047
_1855_,VGND,li1,61.1800,130.5600,0.000053
_1854_,VGND,li1,59.1100,130.5600,0.000051
_1853_,VGND,li1,66.7000,125.1200,0.000071
_1852_,VGND,li1,60.2600,125.1200,0.000065
_1851_,VGND,li1,64.6300,125.1200,0.000069
_1850_,VGND,li1,53.3600,125.1200,0.000058
_1849_,VGND,li1,53.5900,119.6800,0.000539
_1848_,VGND,li1,45.0800,125.1200,0.000049
_1847_,VGND,li1,46.6900,125.1200,0.000052
_1846_,VGND,li1,50.3700,119.6800,0.000495
_1845_,VGND,li1,47.6100,125.1200,0.000052
_1844_,VGND,li1,44.3900,141.4400,0.000054
_1843_,VGND,li1,46.2300,136.0000,0.000042
_1842_,VGND,li1,42.7800,136.0000,0.000038
_1841_,VGND,li1,44.8500,130.5600,0.000040
_1840_,VGND,li1,43.0100,130.5600,0.000037
_1839_,VGND,li1,41.1700,130.5600,0.000034
_1838_,VGND,li1,35.1900,141.4400,0.000041
_1837_,VGND,li1,36.3400,146.8800,0.000083
_1836_,VGND,li1,30.5900,125.1200,0.000032
_1835_,VGND,li1,29.6700,152.3200,0.000029
_1834_,VGND,li1,30.1300,152.3200,0.000033
_1833_,VGND,li1,25.7600,152.3200,0.000023
_1832_,VGND,li1,23.4600,152.3200,0.000023
_1831_,VGND,li1,23.0000,130.5600,0.000015
_1830_,VGND,li1,24.3800,146.8800,0.000043
_1829_,VGND,li1,22.3100,146.8800,0.000046
_1828_,VGND,li1,21.8500,146.8800,0.000046
_1827_,VGND,li1,23.9200,146.8800,0.000043
_1826_,VGND,li1,23.4600,141.4400,0.000020
_1825_,VGND,li1,27.6000,141.4400,0.000027
_1824_,VGND,li1,29.9000,141.4400,0.000031
_1823_,VGND,li1,31.2800,136.0000,0.000023
_1822_,VGND,li1,27.3700,136.0000,0.000019
_1821_,VGND,li1,36.3400,136.0000,0.000030
_1820_,VGND,li1,34.2700,136.0000,0.000028
_1819_,VGND,li1,47.3800,130.5600,0.000042
_1818_,VGND,li1,43.2400,130.5600,0.000037
_1817_,VGND,li1,49.4500,130.5600,0.000044
_1816_,VGND,li1,10.5800,141.4400,0.000022
_1815_,VGND,li1,8.9700,146.8800,0.000051
_1814_,VGND,li1,37.9500,141.4400,0.000045
_1813_,VGND,li1,41.1700,136.0000,0.000034
_1812_,VGND,li1,42.3200,119.6800,0.000367
_1811_,VGND,li1,47.6100,119.6800,0.000457
_1810_,VGND,li1,45.3100,114.2400,0.000064
_1809_,VGND,li1,36.8000,114.2400,0.000046
_1808_,VGND,li1,35.8800,114.2400,0.000046
_1807_,VGND,li1,37.9500,125.1200,0.000041
_1806_,VGND,li1,36.8000,125.1200,0.000041
_1805_,VGND,li1,39.3300,125.1200,0.000044
_1804_,VGND,li1,29.4400,125.1200,0.000028
_1803_,VGND,li1,32.8900,125.1200,0.000035
_1802_,VGND,li1,28.2900,114.2400,0.000028
_1801_,VGND,li1,26.6800,125.1200,0.000025
_1800_,VGND,li1,27.6000,119.6800,0.000179
_1799_,VGND,li1,23.9200,125.1200,0.000020
_1798_,VGND,li1,21.6200,125.1200,0.000021
_1797_,VGND,li1,20.2400,108.8000,0.000034
_1796_,VGND,li1,24.3800,130.5600,0.000015
_1795_,VGND,li1,22.3100,130.5600,0.000016
_1794_,VGND,li1,25.5300,130.5600,0.000015
_1793_,VGND,li1,20.7000,130.5600,0.000016
_1792_,VGND,li1,21.6200,119.6800,0.000147
_1791_,VGND,li1,20.7000,141.4400,0.000021
_1790_,VGND,li1,21.8500,136.0000,0.000015
_1789_,VGND,li1,13.8000,136.0000,0.000015
_1788_,VGND,li1,15.1800,136.0000,0.000015
_1787_,VGND,li1,11.7300,136.0000,0.000016
_1786_,VGND,li1,11.5000,136.0000,0.000016
_1785_,VGND,li1,16.3300,136.0000,0.000015
_1784_,VGND,li1,28.5200,136.0000,0.000019
_1783_,VGND,li1,9.2000,130.5600,0.000016
_1782_,VGND,li1,9.4300,136.0000,0.000016
_1781_,VGND,li1,8.7400,114.2400,0.000025
_1780_,VGND,li1,40.9400,114.2400,0.000056
_1779_,VGND,li1,43.2400,114.2400,0.000060
_1778_,VGND,li1,44.8500,114.2400,0.000064
_1777_,VGND,li1,34.2700,114.2400,0.000040
_1776_,VGND,li1,32.4300,108.8000,0.000048
_1775_,VGND,li1,32.6600,114.2400,0.000040
_1774_,VGND,li1,30.1300,114.2400,0.000034
_1773_,VGND,li1,30.8200,97.9200,0.000034
_1772_,VGND,li1,27.6000,108.8000,0.000037
_1771_,VGND,li1,29.9000,108.8000,0.000042
_1770_,VGND,li1,28.0600,103.3600,0.000031
_1769_,VGND,li1,25.7600,103.3600,0.000027
_1768_,VGND,li1,25.7600,97.9200,0.000025
_1767_,VGND,li1,20.2400,103.3600,0.000025
_1766_,VGND,li1,22.3100,103.3600,0.000024
_1765_,VGND,li1,22.7700,108.8000,0.000032
_1764_,VGND,li1,17.9400,108.8000,0.000035
_1763_,VGND,li1,20.2400,97.9200,0.000023
_1762_,VGND,li1,18.8600,114.2400,0.000025
_1761_,VGND,li1,24.1500,114.2400,0.000024
_1760_,VGND,li1,15.6400,114.2400,0.000025
_1759_,VGND,li1,20.7000,114.2400,0.000024
_1758_,VGND,li1,15.4100,114.2400,0.000025
_1757_,VGND,li1,13.8000,125.1200,0.000022
_1756_,VGND,li1,14.9500,125.1200,0.000022
_1755_,VGND,li1,15.6400,125.1200,0.000022
_1754_,VGND,li1,8.7400,125.1200,0.000022
_1753_,VGND,li1,10.8100,125.1200,0.000022
_1752_,VGND,li1,10.5800,103.3600,0.000027
_1751_,VGND,li1,9.4300,108.8000,0.000040
_1750_,VGND,li1,41.1700,108.8000,0.000068
_1749_,VGND,li1,42.7800,114.2400,0.000060
_1748_,VGND,li1,50.6000,119.6800,0.000495
_1747_,VGND,li1,58.4200,114.2400,0.000087
_1746_,VGND,li1,51.0600,114.2400,0.000075
_1745_,VGND,li1,50.1400,108.8000,0.000082
_1744_,VGND,li1,43.4700,108.8000,0.000072
_1743_,VGND,li1,41.4000,103.3600,0.000054
_1742_,VGND,li1,39.3300,103.3600,0.000050
_1741_,VGND,li1,36.3400,103.3600,0.000043
_1740_,VGND,li1,40.9400,103.3600,0.000054
_1739_,VGND,li1,38.8700,103.3600,0.000050
_1738_,VGND,li1,40.0200,92.4800,0.000079
_1737_,VGND,li1,34.0400,97.9200,0.000039
_1736_,VGND,li1,28.0600,97.9200,0.000029
_1735_,VGND,li1,32.6600,92.4800,0.000061
_1734_,VGND,li1,32.2000,92.4800,0.000056
_1733_,VGND,li1,34.9600,87.0400,0.000141
_1732_,VGND,li1,26.6800,92.4800,0.000045
_1731_,VGND,li1,28.7500,92.4800,0.000050
_1730_,VGND,li1,24.6100,92.4800,0.000038
_1729_,VGND,li1,22.5400,92.4800,0.000041
_1728_,VGND,li1,27.1400,81.6000,0.000038
_1727_,VGND,li1,19.3200,87.0400,0.000068
_1726_,VGND,li1,22.3100,92.4800,0.000041
_1725_,VGND,li1,17.9400,92.4800,0.000044
_1724_,VGND,li1,20.7000,87.0400,0.000068
_1723_,VGND,li1,16.7900,87.0400,0.000068
_1722_,VGND,li1,17.4800,92.4800,0.000044
_1721_,VGND,li1,16.3300,97.9200,0.000025
_1720_,VGND,li1,13.3400,97.9200,0.000026
_1719_,VGND,li1,8.7400,97.9200,0.000026
_1718_,VGND,li1,12.6500,103.3600,0.000026
_1717_,VGND,li1,9.6600,97.9200,0.000026
_1716_,VGND,li1,15.4100,92.4800,0.000047
_1715_,VGND,li1,49.4500,103.3600,0.000066
_1714_,VGND,li1,54.2800,108.8000,0.000093
_1713_,VGND,li1,46.2300,103.3600,0.000062
_1712_,VGND,li1,51.7500,108.8000,0.000088
_1711_,VGND,li1,45.7700,97.9200,0.000055
_1710_,VGND,li1,43.2400,92.4800,0.000088
_1709_,VGND,li1,43.0100,92.4800,0.000088
_1708_,VGND,li1,50.6000,92.4800,0.000105
_1707_,VGND,li1,46.0000,92.4800,0.000095
_1706_,VGND,li1,41.4000,92.4800,0.000079
_1705_,VGND,li1,42.3200,87.0400,0.000178
_1704_,VGND,li1,41.8600,87.0400,0.000178
_1703_,VGND,li1,47.3800,87.0400,0.000219
_1702_,VGND,li1,38.1800,81.6000,0.000068
_1701_,VGND,li1,38.8700,87.0400,0.000166
_1700_,VGND,li1,35.6500,81.6000,0.000062
_1699_,VGND,li1,33.5800,81.6000,0.000053
_1698_,VGND,li1,39.5600,76.1600,0.000033
_1697_,VGND,li1,28.0600,81.6000,0.000038
_1696_,VGND,li1,30.5900,81.6000,0.000047
_1695_,VGND,li1,31.7400,76.1600,0.000026
_1694_,VGND,li1,28.5200,76.1600,0.000023
_1693_,VGND,li1,25.0700,76.1600,0.000020
_1692_,VGND,li1,20.7000,76.1600,0.000025
_1691_,VGND,li1,21.3900,76.1600,0.000025
_1690_,VGND,li1,22.0800,81.6000,0.000034
_1689_,VGND,li1,16.1000,81.6000,0.000035
_1688_,VGND,li1,18.1700,81.6000,0.000035
_1687_,VGND,li1,20.7000,70.7200,0.000049
_1686_,VGND,li1,18.6300,70.7200,0.000053
_1685_,VGND,li1,54.5100,114.2400,0.000079
_1684_,VGND,li1,58.8800,114.2400,0.000087
_1683_,VGND,li1,61.6400,114.2400,0.000091
_1682_,VGND,li1,71.9900,108.8000,0.000123
_1681_,VGND,li1,58.6500,108.8000,0.000101
_1680_,VGND,li1,62.1000,103.3600,0.000086
_1679_,VGND,li1,59.1100,103.3600,0.000081
_1678_,VGND,li1,60.2600,97.9200,0.000077
_1677_,VGND,li1,49.4500,103.3600,0.000066
_1676_,VGND,li1,58.1900,97.9200,0.000075
_1675_,VGND,li1,66.9300,97.9200,0.000085
_1674_,VGND,li1,53.8200,92.4800,0.000113
_1673_,VGND,li1,53.3600,92.4800,0.000113
_1672_,VGND,li1,54.7400,87.0400,0.000262
_1671_,VGND,li1,52.4400,87.0400,0.000251
_1670_,VGND,li1,60.2600,87.0400,0.000297
_1669_,VGND,li1,54.2800,87.0400,0.000262
_1668_,VGND,li1,50.3700,87.0400,0.000238
_1667_,VGND,li1,48.0700,81.6000,0.000093
_1666_,VGND,li1,50.1400,81.6000,0.000100
_1665_,VGND,li1,53.3600,76.1600,0.000045
_1664_,VGND,li1,42.3200,76.1600,0.000036
_1663_,VGND,li1,46.2300,76.1600,0.000039
_1662_,VGND,li1,42.7800,70.7200,0.000082
_1661_,VGND,li1,46.4600,70.7200,0.000094
_1660_,VGND,li1,42.0900,70.7200,0.000082
_1659_,VGND,li1,36.3400,70.7200,0.000067
_1658_,VGND,li1,37.0300,70.7200,0.000072
_1657_,VGND,li1,30.8200,70.7200,0.000057
_1656_,VGND,li1,28.9800,70.7200,0.000053
_1655_,VGND,li1,33.3500,70.7200,0.000063
_1654_,VGND,li1,66.7000,70.7200,0.000138
_1653_,VGND,li1,71.0700,70.7200,0.000144
_1652_,VGND,li1,65.5500,119.6800,0.000703
_1651_,VGND,li1,71.3000,119.6800,0.000739
_1650_,VGND,li1,64.6300,114.2400,0.000095
_1649_,VGND,li1,66.9300,108.8000,0.000113
_1648_,VGND,li1,69.6900,108.8000,0.000119
_1647_,VGND,li1,69.9200,103.3600,0.000097
_1646_,VGND,li1,67.8500,103.3600,0.000094
_1645_,VGND,li1,74.7500,103.3600,0.000101
_1644_,VGND,li1,67.6200,97.9200,0.000085
_1643_,VGND,li1,65.3200,97.9200,0.000083
_1642_,VGND,li1,71.3000,92.4800,0.000146
_1641_,VGND,li1,68.5400,92.4800,0.000143
_1640_,VGND,li1,76.8200,92.4800,0.000154
_1639_,VGND,li1,68.5400,87.0400,0.000343
_1638_,VGND,li1,66.4700,87.0400,0.000326
_1637_,VGND,li1,62.7900,87.0400,0.000312
_1636_,VGND,li1,59.8000,81.6000,0.000121
_1635_,VGND,li1,69.9200,87.0400,0.000354
_1634_,VGND,li1,55.6600,81.6000,0.000114
_1633_,VGND,li1,59.1100,81.6000,0.000121
_1632_,VGND,li1,62.5600,76.1600,0.000051
_1631_,VGND,li1,59.3400,76.1600,0.000050
_1630_,VGND,li1,55.4300,76.1600,0.000047
_1629_,VGND,li1,58.4200,70.7200,0.000118
_1628_,VGND,li1,54.9700,70.7200,0.000113
_1627_,VGND,li1,47.8400,70.7200,0.000094
_1626_,VGND,li1,51.9800,70.7200,0.000106
_1625_,VGND,li1,49.9100,70.7200,0.000102
_1624_,VGND,li1,57.5000,92.4800,0.000121
_1623_,VGND,li1,58.6500,92.4800,0.000121
_1622_,VGND,li1,57.7300,119.6800,0.000596
_1621_,VGND,li1,72.9100,114.2400,0.000103
_1620_,VGND,li1,73.3700,114.2400,0.000103
_1619_,VGND,li1,77.5100,114.2400,0.000106
_1618_,VGND,li1,75.2100,114.2400,0.000104
_1617_,VGND,li1,77.2800,108.8000,0.000131
_1616_,VGND,li1,77.9700,108.8000,0.000131
_1615_,VGND,li1,86.4800,103.3600,0.000116
_1614_,VGND,li1,80.0400,103.3600,0.000109
_1613_,VGND,li1,77.9700,103.3600,0.000105
_1612_,VGND,li1,78.2000,103.3600,0.000107
_1611_,VGND,li1,80.2700,103.3600,0.000109
_1610_,VGND,li1,84.6400,114.2400,0.000110
_1609_,VGND,li1,78.2000,97.9200,0.000101
_1608_,VGND,li1,76.5900,97.9200,0.000098
_1607_,VGND,li1,79.3500,92.4800,0.000159
_1606_,VGND,li1,74.5200,92.4800,0.000150
_1605_,VGND,li1,80.5000,119.6800,0.000819
_1604_,VGND,li1,73.6000,87.0400,0.000370
_1603_,VGND,li1,76.5900,87.0400,0.000386
_1602_,VGND,li1,78.6600,81.6000,0.000167
_1601_,VGND,li1,75.4400,81.6000,0.000157
_1600_,VGND,li1,71.9900,81.6000,0.000149
_1599_,VGND,li1,70.3800,81.6000,0.000149
_1598_,VGND,li1,71.5300,76.1600,0.000059
_1597_,VGND,li1,63.9400,76.1600,0.000053
_1596_,VGND,li1,64.4000,81.6000,0.000132
_1595_,VGND,li1,66.4700,81.6000,0.000140
_1594_,VGND,li1,67.8500,119.6800,0.000721
_1593_,VGND,li1,117.0700,108.8000,0.000178
_1592_,VGND,li1,107.1800,108.8000,0.000168
_1591_,VGND,li1,115.2300,114.2400,0.000122
_1590_,VGND,li1,118.4500,114.2400,0.000123
_1589_,VGND,li1,111.0900,108.8000,0.000173
_1588_,VGND,li1,100.0500,114.2400,0.000117
_1587_,VGND,li1,103.7300,114.2400,0.000119
_1586_,VGND,li1,106.2600,114.2400,0.000119
_1585_,VGND,li1,104.6500,108.8000,0.000165
_1584_,VGND,li1,105.8000,108.8000,0.000168
_1583_,VGND,li1,103.7300,108.8000,0.000165
_1582_,VGND,li1,89.7000,103.3600,0.000118
_1581_,VGND,li1,91.3100,103.3600,0.000121
_1580_,VGND,li1,100.0500,103.3600,0.000127
_1579_,VGND,li1,86.0200,103.3600,0.000116
_1578_,VGND,li1,88.0900,103.3600,0.000118
_1577_,VGND,li1,89.2400,108.8000,0.000148
_1576_,VGND,li1,91.5400,108.8000,0.000151
_1575_,VGND,li1,97.9800,108.8000,0.000158
_1574_,VGND,li1,91.0800,114.2400,0.000114
_1573_,VGND,li1,88.0900,114.2400,0.000112
_1572_,VGND,li1,86.9400,114.2400,0.000112
_1571_,VGND,li1,84.8700,114.2400,0.000110
_1570_,VGND,li1,119.6000,114.2400,0.000123
_1569_,VGND,li1,85.5600,119.6800,0.000858
_1568_,VGND,li1,83.4900,119.6800,0.000834
_1567_,VGND,li1,93.3800,119.6800,0.000918
_1566_,VGND,li1,90.1600,119.6800,0.000890
_1565_,VGND,li1,86.7100,119.6800,0.000858
_1564_,VGND,li1,77.2800,119.6800,0.000795
_1563_,VGND,li1,78.8900,119.6800,0.000795
_1562_,VGND,li1,71.7600,119.6800,0.000739
_1561_,VGND,li1,74.5200,119.6800,0.000773
_1560_,VGND,li1,74.7500,119.6800,0.000773
_1559_,VGND,li1,89.2400,92.4800,0.000173
_1558_,VGND,li1,118.9100,125.1200,0.000107
_1557_,VGND,li1,84.6400,92.4800,0.000166
_1556_,VGND,li1,105.8000,119.6800,0.000997
_1555_,VGND,li1,108.5600,114.2400,0.000120
_1554_,VGND,li1,112.4700,114.2400,0.000122
_1553_,VGND,li1,110.6300,114.2400,0.000121
_1552_,VGND,li1,116.3800,108.8000,0.000176
_1551_,VGND,li1,120.0600,103.3600,0.000138
_1550_,VGND,li1,109.7100,103.3600,0.000133
_1549_,VGND,li1,110.1700,103.3600,0.000134
_1548_,VGND,li1,106.9500,103.3600,0.000132
_1547_,VGND,li1,108.5600,97.9200,0.000126
_1546_,VGND,li1,105.3400,97.9200,0.000124
_1545_,VGND,li1,97.5200,97.9200,0.000118
_1544_,VGND,li1,99.8200,97.9200,0.000120
_1543_,VGND,li1,97.5200,103.3600,0.000125
_1542_,VGND,li1,95.2200,103.3600,0.000123
_1541_,VGND,li1,126.0400,103.3600,0.000140
_1540_,VGND,li1,101.2000,108.8000,0.000163
_1539_,VGND,li1,94.7600,108.8000,0.000155
_1538_,VGND,li1,123.2800,108.8000,0.000183
_1537_,VGND,li1,125.5800,108.8000,0.000185
_1536_,VGND,li1,135.2400,108.8000,0.000191
_1535_,VGND,li1,123.7400,119.6800,0.001019
_1534_,VGND,li1,124.4300,114.2400,0.000124
_1533_,VGND,li1,129.7200,119.6800,0.001024
_1532_,VGND,li1,126.5000,119.6800,0.001022
_1531_,VGND,li1,123.0500,119.6800,0.001017
_1530_,VGND,li1,120.5200,125.1200,0.000107
_1529_,VGND,li1,119.3700,119.6800,0.001015
_1528_,VGND,li1,93.3800,119.6800,0.000918
_1527_,VGND,li1,109.9400,119.6800,0.001004
_1526_,VGND,li1,119.3700,119.6800,0.001015
_1525_,VGND,li1,93.1500,92.4800,0.000177
_1524_,VGND,li1,86.2500,81.6000,0.000184
_1523_,VGND,li1,89.2400,92.4800,0.000173
_1522_,VGND,li1,87.4000,81.6000,0.000184
_1521_,VGND,li1,84.8700,87.0400,0.000430
_1520_,VGND,li1,89.0100,70.7200,0.000174
_1519_,VGND,li1,97.5200,87.0400,0.000445
_1518_,VGND,li1,132.2500,114.2400,0.000125
_1517_,VGND,li1,130.8700,108.8000,0.000188
_1516_,VGND,li1,128.3400,108.8000,0.000187
_1515_,VGND,li1,121.2100,108.8000,0.000182
_1514_,VGND,li1,115.2300,103.3600,0.000136
_1513_,VGND,li1,119.6000,97.9200,0.000133
_1512_,VGND,li1,117.3000,92.4800,0.000198
_1511_,VGND,li1,120.2900,97.9200,0.000133
_1510_,VGND,li1,116.8400,97.9200,0.000131
_1509_,VGND,li1,112.7000,97.9200,0.000129
_1508_,VGND,li1,136.6200,97.9200,0.000140
_1507_,VGND,li1,129.7200,97.9200,0.000137
_1506_,VGND,li1,131.1000,103.3600,0.000142
_1505_,VGND,li1,129.0300,103.3600,0.000141
_1504_,VGND,li1,136.1600,103.3600,0.000143
_1503_,VGND,li1,138.4600,103.3600,0.000143
_1502_,VGND,li1,141.2200,97.9200,0.000141
_1501_,VGND,li1,140.7600,103.3600,0.000144
_1500_,VGND,li1,137.7700,103.3600,0.000143
_1499_,VGND,li1,144.9000,108.8000,0.000197
_1498_,VGND,li1,141.6800,108.8000,0.000195
_1497_,VGND,li1,138.2300,108.8000,0.000193
_1496_,VGND,li1,137.5400,119.6800,0.001030
_1495_,VGND,li1,138.6900,114.2400,0.000126
_1494_,VGND,li1,132.0200,119.6800,0.001026
_1493_,VGND,li1,135.7000,119.6800,0.001029
_1492_,VGND,li1,136.3900,119.6800,0.001029
_1491_,VGND,li1,98.2100,92.4800,0.000182
_1490_,VGND,li1,93.1500,87.0400,0.000441
_1489_,VGND,li1,95.9100,92.4800,0.000179
_1488_,VGND,li1,95.9100,87.0400,0.000443
_1487_,VGND,li1,90.1600,81.6000,0.000191
_1486_,VGND,li1,93.6100,81.6000,0.000197
_1485_,VGND,li1,92.4600,70.7200,0.000177
_1484_,VGND,li1,90.6200,76.1600,0.000073
_1483_,VGND,li1,84.8700,76.1600,0.000069
_1482_,VGND,li1,150.4200,108.8000,0.000200
_1481_,VGND,li1,148.3500,103.3600,0.000144
_1480_,VGND,li1,136.8500,87.0400,0.000480
_1479_,VGND,li1,138.0000,76.1600,0.000095
_1478_,VGND,li1,143.2900,76.1600,0.000095
_1477_,VGND,li1,138.0000,81.6000,0.000255
_1476_,VGND,li1,136.1600,76.1600,0.000095
_1475_,VGND,li1,132.2500,87.0400,0.000477
_1474_,VGND,li1,129.4900,103.3600,0.000141
_1473_,VGND,li1,120.7500,81.6000,0.000240
_1472_,VGND,li1,115.0000,81.6000,0.000232
_1471_,VGND,li1,118.2200,81.6000,0.000235
_1470_,VGND,li1,117.3000,87.0400,0.000465
_1469_,VGND,li1,117.5300,87.0400,0.000465
_1468_,VGND,li1,125.5800,87.0400,0.000473
_1467_,VGND,li1,119.3700,92.4800,0.000199
_1466_,VGND,li1,126.0400,87.0400,0.000473
_1465_,VGND,li1,125.3500,92.4800,0.000202
_1464_,VGND,li1,129.9500,92.4800,0.000204
_1463_,VGND,li1,127.6500,92.4800,0.000203
_1462_,VGND,li1,130.4100,92.4800,0.000204
_1461_,VGND,li1,136.3900,92.4800,0.000206
_1460_,VGND,li1,138.9200,92.4800,0.000206
_1459_,VGND,li1,133.6300,92.4800,0.000205
_1458_,VGND,li1,143.9800,87.0400,0.000482
_1457_,VGND,li1,138.4600,97.9200,0.000140
_1456_,VGND,li1,141.4500,97.9200,0.000141
_1455_,VGND,li1,145.5900,97.9200,0.000141
_1454_,VGND,li1,148.5800,97.9200,0.000141
_1453_,VGND,li1,149.5000,97.9200,0.000141
_1452_,VGND,li1,149.5000,103.3600,0.000144
_1451_,VGND,li1,146.5100,103.3600,0.000144
_1450_,VGND,li1,144.9000,108.8000,0.000197
_1449_,VGND,li1,149.0400,108.8000,0.000200
_1448_,VGND,li1,149.7300,114.2400,0.000126
_1447_,VGND,li1,110.6300,92.4800,0.000193
_1446_,VGND,li1,112.9300,92.4800,0.000194
_1445_,VGND,li1,101.8900,92.4800,0.000185
_1444_,VGND,li1,104.1900,92.4800,0.000187
_1443_,VGND,li1,80.7300,70.7200,0.000161
_1442_,VGND,li1,82.1100,76.1600,0.000067
_1441_,VGND,li1,79.5800,76.1600,0.000065
_1440_,VGND,li1,76.1300,70.7200,0.000154
_1439_,VGND,li1,91.0800,76.1600,0.000073
_1438_,VGND,li1,76.3600,76.1600,0.000062
_1437_,VGND,li1,86.7100,92.4800,0.000169
_1436_,VGND,li1,102.8100,70.7200,0.000192
_1435_,VGND,li1,98.9000,81.6000,0.000206
_1434_,VGND,li1,149.7300,76.1600,0.000095
_1433_,VGND,li1,145.1300,76.1600,0.000095
_1432_,VGND,li1,145.8200,76.1600,0.000095
_1431_,VGND,li1,138.2300,76.1600,0.000095
_1430_,VGND,li1,130.6400,70.7200,0.000222
_1429_,VGND,li1,133.1700,70.7200,0.000224
_1428_,VGND,li1,129.7200,70.7200,0.000222
_1427_,VGND,li1,123.2800,70.7200,0.000214
_1426_,VGND,li1,125.5800,70.7200,0.000218
_1425_,VGND,li1,128.3400,76.1600,0.000093
_1424_,VGND,li1,122.8200,76.1600,0.000090
_1423_,VGND,li1,126.0400,81.6000,0.000246
_1422_,VGND,li1,127.8800,76.1600,0.000093
_1421_,VGND,li1,126.7300,81.6000,0.000246
_1420_,VGND,li1,124.2000,81.6000,0.000242
_1419_,VGND,li1,129.4900,81.6000,0.000249
_1418_,VGND,li1,140.3000,87.0400,0.000481
_1417_,VGND,li1,143.5200,87.0400,0.000482
_1416_,VGND,li1,145.3600,65.2800,0.000165
_1415_,VGND,li1,145.3600,81.6000,0.000260
_1414_,VGND,li1,146.9700,87.0400,0.000482
_1413_,VGND,li1,149.7300,87.0400,0.000483
_1412_,VGND,li1,152.2600,87.0400,0.000483
_1411_,VGND,li1,153.1800,87.0400,0.000483
_1410_,VGND,li1,155.9400,87.0400,0.000483
_1409_,VGND,li1,152.0300,92.4800,0.000207
_1408_,VGND,li1,152.2600,97.9200,0.000141
_1407_,VGND,li1,157.7800,87.0400,0.000483
_1406_,VGND,li1,154.3300,92.4800,0.000207
_1405_,VGND,li1,114.0800,76.1600,0.000087
_1404_,VGND,li1,111.0900,70.7200,0.000202
_1403_,VGND,li1,110.1700,70.7200,0.000202
_1402_,VGND,li1,109.2500,81.6000,0.000222
_1401_,VGND,li1,112.0100,81.6000,0.000227
_1400_,VGND,li1,103.7300,81.6000,0.000214
_1399_,VGND,li1,106.0300,81.6000,0.000218
_1398_,VGND,li1,99.5900,81.6000,0.000206
_1397_,VGND,li1,98.6700,70.7200,0.000186
_1396_,VGND,li1,101.4300,81.6000,0.000210
_1395_,VGND,li1,99.5900,76.1600,0.000078
_1394_,VGND,li1,96.3700,76.1600,0.000076
_1393_,VGND,li1,106.0300,70.7200,0.000195
_1392_,VGND,li1,91.0800,65.2800,0.000133
_1391_,VGND,li1,149.5000,70.7200,0.000236
_1390_,VGND,li1,149.7300,70.7200,0.000236
_1389_,VGND,li1,142.3700,70.7200,0.000231
_1388_,VGND,li1,142.3700,70.7200,0.000231
_1387_,VGND,li1,138.6900,70.7200,0.000227
_1386_,VGND,li1,136.1600,32.6400,0.000183
_1385_,VGND,li1,140.5300,27.2000,0.000155
_1384_,VGND,li1,137.3100,65.2800,0.000164
_1383_,VGND,li1,132.0200,65.2800,0.000162
_1382_,VGND,li1,131.1000,59.8400,0.000371
_1381_,VGND,li1,129.7200,54.4000,0.000540
_1380_,VGND,li1,128.3400,54.4000,0.000540
_1379_,VGND,li1,126.5000,54.4000,0.000538
_1378_,VGND,li1,123.0500,54.4000,0.000537
_1377_,VGND,li1,123.2800,54.4000,0.000537
_1376_,VGND,li1,139.8400,54.4000,0.000543
_1375_,VGND,li1,123.9700,59.8400,0.000369
_1374_,VGND,li1,135.7000,54.4000,0.000541
_1373_,VGND,li1,132.4800,59.8400,0.000371
_1372_,VGND,li1,128.8000,65.2800,0.000160
_1371_,VGND,li1,134.5500,59.8400,0.000372
_1370_,VGND,li1,138.0000,59.8400,0.000372
_1369_,VGND,li1,142.6000,59.8400,0.000372
_1368_,VGND,li1,144.4400,54.4000,0.000543
_1367_,VGND,li1,148.5800,65.2800,0.000165
_1366_,VGND,li1,143.9800,59.8400,0.000373
_1365_,VGND,li1,150.6500,59.8400,0.000373
_1364_,VGND,li1,154.5600,59.8400,0.000373
_1363_,VGND,li1,152.7200,65.2800,0.000165
_1362_,VGND,li1,153.8700,65.2800,0.000166
_1361_,VGND,li1,151.3400,81.6000,0.000264
_1360_,VGND,li1,153.1800,76.1600,0.000095
_1359_,VGND,li1,153.4100,70.7200,0.000237
_1358_,VGND,li1,109.7100,65.2800,0.000148
_1357_,VGND,li1,109.7100,65.2800,0.000148
_1356_,VGND,li1,106.0300,76.1600,0.000081
_1355_,VGND,li1,103.9600,65.2800,0.000144
_1354_,VGND,li1,106.4900,65.2800,0.000147
_1353_,VGND,li1,122.5900,65.2800,0.000156
_1352_,VGND,li1,119.8300,65.2800,0.000155
_1351_,VGND,li1,116.6100,65.2800,0.000153
_1350_,VGND,li1,116.1500,65.2800,0.000153
_1349_,VGND,li1,88.5500,65.2800,0.000130
_1348_,VGND,li1,88.0900,65.2800,0.000130
_1347_,VGND,li1,86.2500,65.2800,0.000128
_1346_,VGND,li1,83.4900,65.2800,0.000123
_1345_,VGND,li1,80.2700,65.2800,0.000120
_1344_,VGND,li1,110.8600,59.8400,0.000364
_1343_,VGND,li1,98.4400,59.8400,0.000358
_1342_,VGND,li1,147.8900,32.6400,0.000191
_1341_,VGND,li1,145.1300,27.2000,0.000155
_1340_,VGND,li1,148.5800,27.2000,0.000155
_1339_,VGND,li1,135.0100,27.2000,0.000154
_1338_,VGND,li1,133.6300,32.6400,0.000181
_1337_,VGND,li1,131.1000,32.6400,0.000179
_1336_,VGND,li1,127.8800,32.6400,0.000176
_1335_,VGND,li1,125.5800,43.5200,0.000116
_1334_,VGND,li1,125.3500,43.5200,0.000116
_1333_,VGND,li1,132.0200,43.5200,0.000118
_1332_,VGND,li1,128.5700,43.5200,0.000117
_1331_,VGND,li1,135.2400,43.5200,0.000119
_1330_,VGND,li1,138.0000,48.9600,0.000148
_1329_,VGND,li1,135.7000,48.9600,0.000147
_1328_,VGND,li1,135.9300,48.9600,0.000147
_1327_,VGND,li1,138.9200,48.9600,0.000148
_1326_,VGND,li1,142.1400,48.9600,0.000149
_1325_,VGND,li1,142.6000,43.5200,0.000121
_1324_,VGND,li1,143.9800,54.4000,0.000543
_1323_,VGND,li1,146.2800,54.4000,0.000543
_1322_,VGND,li1,151.1100,48.9600,0.000150
_1321_,VGND,li1,152.2600,54.4000,0.000544
_1320_,VGND,li1,152.2600,54.4000,0.000544
_1319_,VGND,li1,155.7100,54.4000,0.000544
_1318_,VGND,li1,157.7800,59.8400,0.000373
_1317_,VGND,li1,156.8600,48.9600,0.000150
_1316_,VGND,li1,158.0100,54.4000,0.000544
_1315_,VGND,li1,113.8500,59.8400,0.000365
_1314_,VGND,li1,106.9500,59.8400,0.000363
_1313_,VGND,li1,110.6300,59.8400,0.000364
_1312_,VGND,li1,104.8800,59.8400,0.000362
_1311_,VGND,li1,106.0300,59.8400,0.000362
_1310_,VGND,li1,119.8300,48.9600,0.000140
_1309_,VGND,li1,119.8300,48.9600,0.000140
_1308_,VGND,li1,115.6900,48.9600,0.000138
_1307_,VGND,li1,115.2300,54.4000,0.000532
_1306_,VGND,li1,98.2100,54.4000,0.000519
_1305_,VGND,li1,100.5100,54.4000,0.000521
_1304_,VGND,li1,101.4300,65.2800,0.000141
_1303_,VGND,li1,99.3600,65.2800,0.000139
_1302_,VGND,li1,96.3700,65.2800,0.000137
_1301_,VGND,li1,110.6300,48.9600,0.000134
_1300_,VGND,li1,104.6500,43.5200,0.000102
_1299_,VGND,li1,151.8000,32.6400,0.000194
_1298_,VGND,li1,143.9800,32.6400,0.000188
_1297_,VGND,li1,145.5900,27.2000,0.000155
_1296_,VGND,li1,143.7500,27.2000,0.000155
_1295_,VGND,li1,132.2500,21.7600,0.000237
_1294_,VGND,li1,132.2500,27.2000,0.000154
_1293_,VGND,li1,101.6600,27.2000,0.000138
_1292_,VGND,li1,126.2700,27.2000,0.000151
_1291_,VGND,li1,126.7300,27.2000,0.000151
_1290_,VGND,li1,124.4300,32.6400,0.000171
_1289_,VGND,li1,123.2800,32.6400,0.000171
_1288_,VGND,li1,120.5200,32.6400,0.000168
_1287_,VGND,li1,125.1200,38.0800,0.000184
_1286_,VGND,li1,121.9000,38.0800,0.000181
_1285_,VGND,li1,132.4800,38.0800,0.000191
_1284_,VGND,li1,136.6200,38.0800,0.000194
_1283_,VGND,li1,138.4600,32.6400,0.000185
_1282_,VGND,li1,140.3000,38.0800,0.000195
_1281_,VGND,li1,115.0000,27.2000,0.000145
_1280_,VGND,li1,142.1400,38.0800,0.000197
_1279_,VGND,li1,144.4400,38.0800,0.000198
_1278_,VGND,li1,146.2800,43.5200,0.000122
_1277_,VGND,li1,148.5800,43.5200,0.000122
_1276_,VGND,li1,141.6800,21.7600,0.000237
_1275_,VGND,li1,151.8000,48.9600,0.000150
_1274_,VGND,li1,153.4100,43.5200,0.000123
_1273_,VGND,li1,153.1800,43.5200,0.000123
_1272_,VGND,li1,157.7800,43.5200,0.000123
_1271_,VGND,li1,155.7100,43.5200,0.000123
_1270_,VGND,li1,36.3400,59.8400,0.000186
_1269_,VGND,li1,112.0100,48.9600,0.000136
_1268_,VGND,li1,107.1800,48.9600,0.000133
_1267_,VGND,li1,103.0400,48.9600,0.000130
_1266_,VGND,li1,104.8800,48.9600,0.000131
_1265_,VGND,li1,101.4300,54.4000,0.000523
_1264_,VGND,li1,114.7700,43.5200,0.000110
_1263_,VGND,li1,117.0700,43.5200,0.000111
_1262_,VGND,li1,110.6300,43.5200,0.000107
_1261_,VGND,li1,106.9500,43.5200,0.000105
_1260_,VGND,li1,105.1100,43.5200,0.000104
_1259_,VGND,li1,97.7500,43.5200,0.000098
_1258_,VGND,li1,100.9700,43.5200,0.000101
_1257_,VGND,li1,94.3000,43.5200,0.000095
_1256_,VGND,li1,97.7500,43.5200,0.000098
_1255_,VGND,li1,106.2600,32.6400,0.000151
_1254_,VGND,li1,88.0900,43.5200,0.000091
_1253_,VGND,li1,92.9200,54.4000,0.000516
_1252_,VGND,li1,89.7000,38.0800,0.000146
_1251_,VGND,li1,112.2400,10.8800,0.000077
_1250_,VGND,li1,110.6300,16.3200,0.000278
_1249_,VGND,li1,109.7100,16.3200,0.000278
_1248_,VGND,li1,106.7200,21.7600,0.000231
_1247_,VGND,li1,107.8700,21.7600,0.000231
_1246_,VGND,li1,101.8900,21.7600,0.000228
_1245_,VGND,li1,96.3700,27.2000,0.000134
_1244_,VGND,li1,97.2900,27.2000,0.000134
_1243_,VGND,li1,72.6800,48.9600,0.000101
_1242_,VGND,li1,92.6900,32.6400,0.000132
_1241_,VGND,li1,88.5500,38.0800,0.000143
_1240_,VGND,li1,92.9200,38.0800,0.000149
_1239_,VGND,li1,76.8200,43.5200,0.000082
_1238_,VGND,li1,95.4500,38.0800,0.000153
_1237_,VGND,li1,99.1300,38.0800,0.000158
_1236_,VGND,li1,112.0100,38.0800,0.000172
_1235_,VGND,li1,116.3800,38.0800,0.000176
_1234_,VGND,li1,80.9600,38.0800,0.000132
_1233_,VGND,li1,118.4500,27.2000,0.000147
_1232_,VGND,li1,113.3900,21.7600,0.000233
_1231_,VGND,li1,113.3900,27.2000,0.000145
_1230_,VGND,li1,88.7800,27.2000,0.000127
_1229_,VGND,li1,123.5100,21.7600,0.000235
_1228_,VGND,li1,118.9100,16.3200,0.000282
_1227_,VGND,li1,119.3700,21.7600,0.000234
_1226_,VGND,li1,145.1300,125.1200,0.000111
_1225_,VGND,li1,149.2700,43.5200,0.000122
_1224_,VGND,li1,110.6300,32.6400,0.000156
_1223_,VGND,li1,110.1700,32.6400,0.000154
_1222_,VGND,li1,103.0400,32.6400,0.000147
_1221_,VGND,li1,100.0500,32.6400,0.000143
_1220_,VGND,li1,94.0700,54.4000,0.000516
_1219_,VGND,li1,90.6200,54.4000,0.000514
_1218_,VGND,li1,87.1700,59.8400,0.000351
_1217_,VGND,li1,84.8700,48.9600,0.000115
_1216_,VGND,li1,90.6200,48.9600,0.000119
_1215_,VGND,li1,84.8700,43.5200,0.000087
_1214_,VGND,li1,86.2500,43.5200,0.000090
_1213_,VGND,li1,69.6900,65.2800,0.000106
_1212_,VGND,li1,98.6700,21.7600,0.000226
_1211_,VGND,li1,98.9000,16.3200,0.000267
_1210_,VGND,li1,99.5900,10.8800,0.000076
_1209_,VGND,li1,97.7500,16.3200,0.000267
_1208_,VGND,li1,53.5900,27.2000,0.000082
_1207_,VGND,li1,77.9700,48.9600,0.000107
_1206_,VGND,li1,70.3800,48.9600,0.000098
_1205_,VGND,li1,67.6200,43.5200,0.000074
_1204_,VGND,li1,67.6200,48.9600,0.000094
_1203_,VGND,li1,78.6600,43.5200,0.000083
_1202_,VGND,li1,76.5900,43.5200,0.000082
_1201_,VGND,li1,74.9800,38.0800,0.000121
_1200_,VGND,li1,77.2800,38.0800,0.000125
_1199_,VGND,li1,64.8600,38.0800,0.000102
_1198_,VGND,li1,77.7400,38.0800,0.000125
_1197_,VGND,li1,79.1200,32.6400,0.000110
_1196_,VGND,li1,81.8800,27.2000,0.000119
_1195_,VGND,li1,80.7300,32.6400,0.000115
_1194_,VGND,li1,86.9400,27.2000,0.000125
_1193_,VGND,li1,89.2400,27.2000,0.000127
_1192_,VGND,li1,92.6900,21.7600,0.000221
_1191_,VGND,li1,84.6400,21.7600,0.000213
_1190_,VGND,li1,88.5500,32.6400,0.000125
_1189_,VGND,li1,75.2100,65.2800,0.000115
_1188_,VGND,li1,71.7600,59.8400,0.000341
_1187_,VGND,li1,67.8500,59.8400,0.000338
_1186_,VGND,li1,66.4700,65.2800,0.000103
_1185_,VGND,li1,108.7900,32.6400,0.000154
_1184_,VGND,li1,77.5100,65.2800,0.000117
_1183_,VGND,li1,78.8900,54.4000,0.000458
_1182_,VGND,li1,78.4300,54.4000,0.000458
_1181_,VGND,li1,73.3700,54.4000,0.000417
_1180_,VGND,li1,75.6700,54.4000,0.000440
_1179_,VGND,li1,81.6500,54.4000,0.000476
_1178_,VGND,li1,81.6500,48.9600,0.000110
_1177_,VGND,li1,62.7900,59.8400,0.000333
_1176_,VGND,li1,61.1800,27.2000,0.000095
_1175_,VGND,li1,58.4200,27.2000,0.000090
_1174_,VGND,li1,56.3500,27.2000,0.000086
_1173_,VGND,li1,50.8300,27.2000,0.000077
_1172_,VGND,li1,40.9400,27.2000,0.000057
_1171_,VGND,li1,50.8300,32.6400,0.000065
_1170_,VGND,li1,46.6900,32.6400,0.000059
_1169_,VGND,li1,55.8900,48.9600,0.000078
_1168_,VGND,li1,58.4200,48.9600,0.000081
_1167_,VGND,li1,60.7200,48.9600,0.000085
_1166_,VGND,li1,65.5500,54.4000,0.000372
_1165_,VGND,li1,68.3100,54.4000,0.000389
_1164_,VGND,li1,71.0700,54.4000,0.000402
_1163_,VGND,li1,51.7500,59.8400,0.000300
_1162_,VGND,li1,59.3400,48.9600,0.000081
_1161_,VGND,li1,61.6400,48.9600,0.000085
_1160_,VGND,li1,62.5600,43.5200,0.000069
_1159_,VGND,li1,64.8600,43.5200,0.000071
_1158_,VGND,li1,58.6500,54.4000,0.000326
_1157_,VGND,li1,60.0300,65.2800,0.000092
_1156_,VGND,li1,62.5600,65.2800,0.000096
_1155_,VGND,li1,59.5700,65.2800,0.000092
_1154_,VGND,li1,60.9500,54.4000,0.000342
_1153_,VGND,li1,64.1700,38.0800,0.000102
_1152_,VGND,li1,67.1600,38.0800,0.000108
_1151_,VGND,li1,71.3000,32.6400,0.000100
_1150_,VGND,li1,73.1400,32.6400,0.000103
_1149_,VGND,li1,75.9000,27.2000,0.000112
_1148_,VGND,li1,74.2900,32.6400,0.000103
_1147_,VGND,li1,71.3000,27.2000,0.000107
_1146_,VGND,li1,49.2200,43.5200,0.000054
_1145_,VGND,li1,47.3800,21.7600,0.000123
_1144_,VGND,li1,51.2900,16.3200,0.000158
_1143_,VGND,li1,42.5500,21.7600,0.000105
_1142_,VGND,li1,45.3100,27.2000,0.000065
_1141_,VGND,li1,42.3200,27.2000,0.000061
_1140_,VGND,li1,43.0100,27.2000,0.000061
_1139_,VGND,li1,42.7800,32.6400,0.000052
_1138_,VGND,li1,46.6900,32.6400,0.000059
_1137_,VGND,li1,45.0800,43.5200,0.000050
_1136_,VGND,li1,43.0100,43.5200,0.000047
_1135_,VGND,li1,39.5600,43.5200,0.000043
_1134_,VGND,li1,44.6200,48.9600,0.000056
_1133_,VGND,li1,46.9200,48.9600,0.000061
_1132_,VGND,li1,48.9900,48.9600,0.000067
_1131_,VGND,li1,50.1400,48.9600,0.000067
_1130_,VGND,li1,51.5200,38.0800,0.000077
_1129_,VGND,li1,50.3700,38.0800,0.000077
_1128_,VGND,li1,57.0400,38.0800,0.000089
_1127_,VGND,li1,54.9700,38.0800,0.000086
_1126_,VGND,li1,53.3600,32.6400,0.000068
_1125_,VGND,li1,49.9100,54.4000,0.000260
_1124_,VGND,li1,51.2900,59.8400,0.000288
_1123_,VGND,li1,51.0600,65.2800,0.000078
_1122_,VGND,li1,48.0700,59.8400,0.000268
_1121_,VGND,li1,52.2100,54.4000,0.000283
_1120_,VGND,li1,37.2600,10.8800,0.000027
_1119_,VGND,li1,35.4200,21.7600,0.000072
_1118_,VGND,li1,31.5100,21.7600,0.000063
_1117_,VGND,li1,33.8100,21.7600,0.000072
_1116_,VGND,li1,36.8000,21.7600,0.000083
_1115_,VGND,li1,34.9600,27.2000,0.000047
_1114_,VGND,li1,33.1200,27.2000,0.000044
_1113_,VGND,li1,34.7300,38.0800,0.000047
_1112_,VGND,li1,45.3100,38.0800,0.000068
_1111_,VGND,li1,43.0100,38.0800,0.000063
_1110_,VGND,li1,38.8700,38.0800,0.000055
_1109_,VGND,li1,38.1800,43.5200,0.000043
_1108_,VGND,li1,35.1900,43.5200,0.000039
_1107_,VGND,li1,36.3400,43.5200,0.000039
_1106_,VGND,li1,37.7200,48.9600,0.000047
_1105_,VGND,li1,36.1100,54.4000,0.000168
_1104_,VGND,li1,43.7000,54.4000,0.000215
_1103_,VGND,li1,42.0900,54.4000,0.000215
_1102_,VGND,li1,40.0200,54.4000,0.000201
_1101_,VGND,li1,19.7800,43.5200,0.000031
_1100_,VGND,li1,21.6200,21.7600,0.000039
_1099_,VGND,li1,20.9300,27.2000,0.000027
_1098_,VGND,li1,21.8500,27.2000,0.000027
_1097_,VGND,li1,23.6900,27.2000,0.000025
_1096_,VGND,li1,29.4400,27.2000,0.000034
_1095_,VGND,li1,25.9900,27.2000,0.000030
_1094_,VGND,li1,28.2900,32.6400,0.000025
_1093_,VGND,li1,30.1300,38.0800,0.000038
_1092_,VGND,li1,24.6100,32.6400,0.000020
_1091_,VGND,li1,32.4300,38.0800,0.000043
_1090_,VGND,li1,28.0600,43.5200,0.000029
_1089_,VGND,li1,29.9000,43.5200,0.000033
_1088_,VGND,li1,28.2900,48.9600,0.000027
_1087_,VGND,li1,26.2200,48.9600,0.000024
_1086_,VGND,li1,8.7400,32.6400,0.000021
_1085_,VGND,li1,12.8800,32.6400,0.000020
_1084_,VGND,li1,15.6400,32.6400,0.000020
_1083_,VGND,li1,16.7900,32.6400,0.000020
_1082_,VGND,li1,20.7000,32.6400,0.000020
_1081_,VGND,li1,23.4600,32.6400,0.000020
_1080_,VGND,li1,21.8500,38.0800,0.000030
_1079_,VGND,li1,19.7800,38.0800,0.000033
_1078_,VGND,li1,9.4300,27.2000,0.000031
_1077_,VGND,li1,13.5700,21.7600,0.000039
_1076_,VGND,li1,16.7900,27.2000,0.000029
_1075_,VGND,li1,10.3500,21.7600,0.000039
_1074_,VGND,li1,11.7300,81.6000,0.000036
_1073_,VGND,li1,14.9500,81.6000,0.000036
_1072_,VGND,li1,9.6600,38.0800,0.000038
_1071_,VGND,li1,8.5100,43.5200,0.000037
_1070_,VGND,li1,76.8200,16.3200,0.000227
_1069_,VGND,li1,75.6700,16.3200,0.000227
_1068_,VGND,li1,70.8400,21.7600,0.000191
_1067_,VGND,li1,68.7700,21.7600,0.000187
_1066_,VGND,li1,60.7200,21.7600,0.000167
_1065_,VGND,li1,60.9500,16.3200,0.000191
_1064_,VGND,li1,44.6200,16.3200,0.000130
_1063_,VGND,li1,45.7700,10.8800,0.000037
_1062_,VGND,li1,28.0600,54.4000,0.000108
_1061_,VGND,li1,26.9100,48.9600,0.000027
_1060_,VGND,li1,20.7000,48.9600,0.000026
_1059_,VGND,li1,17.7100,54.4000,0.000104
_1058_,VGND,li1,9.2000,48.9600,0.000030
_1057_,VGND,li1,12.1900,48.9600,0.000029
_1056_,VGND,li1,85.1000,16.3200,0.000245
_1055_,VGND,li1,83.4900,16.3200,0.000241
_1054_,VGND,li1,78.6600,16.3200,0.000233
_1053_,VGND,li1,76.5900,10.8800,0.000066
_1052_,VGND,li1,68.0800,10.8800,0.000059
_1051_,VGND,li1,67.3900,16.3200,0.000206
_1050_,VGND,li1,57.9600,16.3200,0.000180
_1049_,VGND,li1,55.8900,16.3200,0.000173
_1048_,VGND,li1,36.8000,65.2800,0.000054
_1047_,VGND,li1,41.1700,59.8400,0.000215
_1046_,VGND,li1,28.0600,65.2800,0.000032
_1045_,VGND,li1,31.0500,65.2800,0.000041
_1044_,VGND,li1,21.1600,59.8400,0.000094
_1043_,VGND,li1,20.0100,59.8400,0.000094
_1042_,VGND,li1,9.2000,65.2800,0.000032
_1041_,VGND,li1,12.1900,65.2800,0.000031
_1040_,VGND,li1,14.2600,76.1600,0.000031
_1039_,VGND,li1,10.5800,81.6000,0.000036
_1038_,VGND,li1,10.3500,59.8400,0.000099
_1037_,VGND,li1,8.5100,59.8400,0.000099
_1036_,VGND,li1,94.9900,21.7600,0.000223
