Instance,Terminal,Layer,X location,Y location,Voltage
FILLER_56_333,VPWR,li1,159.1600,165.9200,1.799943
FILLER_56_321,VPWR,li1,155.9400,165.9200,1.799943
FILLER_56_309,VPWR,li1,150.4200,165.9200,1.799943
FILLER_56_307,VPWR,li1,146.9700,165.9200,1.799943
FILLER_56_301,VPWR,li1,145.3600,165.9200,1.799943
FILLER_56_289,VPWR,li1,141.2200,165.9200,1.799943
FILLER_56_281,VPWR,li1,136.1600,165.9200,1.799943
FILLER_56_279,VPWR,li1,134.0900,165.9200,1.799943
FILLER_56_271,VPWR,li1,132.0200,165.9200,1.799943
FILLER_56_259,VPWR,li1,127.4200,165.9200,1.799943
FILLER_56_253,VPWR,li1,122.3600,165.9200,1.799943
FILLER_56_249,VPWR,li1,120.7500,165.9200,1.799943
FILLER_56_246,VPWR,li1,118.9100,165.9200,1.799943
FILLER_56_242,VPWR,li1,117.7600,165.9200,1.799943
FILLER_56_230,VPWR,li1,114.0800,165.9200,1.799944
FILLER_56_225,VPWR,li1,109.4800,165.9200,1.799944
FILLER_56_216,VPWR,li1,105.8000,165.9200,1.799945
FILLER_56_203,VPWR,li1,99.1300,165.9200,1.799947
FILLER_56_197,VPWR,li1,96.6000,165.9200,1.799948
FILLER_56_187,VPWR,li1,91.7700,165.9200,1.799951
FILLER_56_181,VPWR,li1,90.1600,165.9200,1.799951
FILLER_56_169,VPWR,li1,86.0200,165.9200,1.799953
FILLER_56_167,VPWR,li1,82.5700,165.9200,1.799955
FILLER_56_161,VPWR,li1,80.9600,165.9200,1.799955
FILLER_56_153,VPWR,li1,76.8200,165.9200,1.799957
FILLER_56_141,VPWR,li1,73.1400,165.9200,1.799959
FILLER_56_139,VPWR,li1,69.6900,165.9200,1.799961
FILLER_56_131,VPWR,li1,67.6200,165.9200,1.799962
FILLER_56_119,VPWR,li1,63.0200,165.9200,1.799965
FILLER_56_113,VPWR,li1,57.9600,165.9200,1.799968
FILLER_56_111,VPWR,li1,56.8100,165.9200,1.799970
FILLER_56_105,VPWR,li1,55.2000,165.9200,1.799970
FILLER_56_98,VPWR,li1,51.2900,165.9200,1.799972
FILLER_56_93,VPWR,li1,48.7600,165.9200,1.799974
FILLER_56_85,VPWR,li1,46.4600,165.9200,1.799976
FILLER_56_81,VPWR,li1,43.4700,165.9200,1.799978
FILLER_56_69,VPWR,li1,40.0200,165.9200,1.799980
FILLER_56_57,VPWR,li1,34.5000,165.9200,1.799984
FILLER_56_53,VPWR,li1,30.5900,165.9200,1.799987
FILLER_56_41,VPWR,li1,27.1400,165.9200,1.799989
FILLER_56_29,VPWR,li1,21.6200,165.9200,1.799993
FILLER_56_27,VPWR,li1,18.1700,165.9200,1.799993
FILLER_56_15,VPWR,li1,15.1800,165.9200,1.799993
FILLER_56_3,VPWR,li1,9.6600,165.9200,1.799993
FILLER_55_334,VPWR,li1,159.3900,160.4800,1.799690
FILLER_55_328,VPWR,li1,157.7800,160.4800,1.799690
FILLER_55_316,VPWR,li1,153.6400,160.4800,1.799690
FILLER_55_281,VPWR,li1,135.0100,160.4800,1.799697
FILLER_55_272,VPWR,li1,131.1000,160.4800,1.799700
FILLER_55_265,VPWR,li1,127.8800,160.4800,1.799703
FILLER_55_216,VPWR,li1,106.7200,160.4800,1.799724
FILLER_55_184,VPWR,li1,90.3900,160.4800,1.799753
FILLER_55_173,VPWR,li1,85.3300,160.4800,1.799762
FILLER_55_169,VPWR,li1,84.1800,160.4800,1.799766
FILLER_55_165,VPWR,li1,82.1100,160.4800,1.799770
FILLER_55_122,VPWR,li1,62.3300,160.4800,1.799821
FILLER_55_113,VPWR,li1,58.4200,160.4800,1.799828
FILLER_55_96,VPWR,li1,50.1400,160.4800,1.799858
FILLER_55_78,VPWR,li1,41.8600,160.4800,1.799885
FILLER_55_71,VPWR,li1,38.4100,160.4800,1.799893
FILLER_55_57,VPWR,li1,31.9700,160.4800,1.799917
FILLER_55_55,VPWR,li1,31.0500,160.4800,1.799925
FILLER_55_51,VPWR,li1,29.9000,160.4800,1.799925
FILLER_55_39,VPWR,li1,26.2200,160.4800,1.799939
FILLER_55_27,VPWR,li1,20.7000,160.4800,1.799961
FILLER_55_15,VPWR,li1,15.1800,160.4800,1.799961
FILLER_55_3,VPWR,li1,9.6600,160.4800,1.799961
FILLER_54_333,VPWR,li1,159.1600,160.4800,1.799690
FILLER_54_321,VPWR,li1,155.9400,160.4800,1.799690
FILLER_54_309,VPWR,li1,150.4200,160.4800,1.799690
FILLER_54_300,VPWR,li1,145.3600,160.4800,1.799691
FILLER_54_297,VPWR,li1,142.3700,160.4800,1.799693
FILLER_54_291,VPWR,li1,140.7600,160.4800,1.799693
FILLER_54_283,VPWR,li1,136.1600,160.4800,1.799697
FILLER_54_267,VPWR,li1,128.5700,160.4800,1.799701
FILLER_54_253,VPWR,li1,123.7400,160.4800,1.799706
FILLER_54_251,VPWR,li1,121.2100,160.4800,1.799710
FILLER_54_241,VPWR,li1,117.0700,160.4800,1.799712
FILLER_54_233,VPWR,li1,113.3900,160.4800,1.799717
FILLER_54_228,VPWR,li1,110.8600,160.4800,1.799719
FILLER_54_221,VPWR,li1,107.4100,160.4800,1.799724
FILLER_54_209,VPWR,li1,104.4200,160.4800,1.799727
FILLER_54_197,VPWR,li1,98.9000,160.4800,1.799735
FILLER_54_192,VPWR,li1,94.7600,160.4800,1.799743
FILLER_54_165,VPWR,li1,82.8000,160.4800,1.799766
FILLER_54_160,VPWR,li1,79.5800,160.4800,1.799776
FILLER_54_147,VPWR,li1,73.3700,160.4800,1.799790
FILLER_54_143,VPWR,li1,72.2200,160.4800,1.799790
FILLER_54_139,VPWR,li1,69.6900,160.4800,1.799796
FILLER_54_131,VPWR,li1,67.6200,160.4800,1.799803
FILLER_54_111,VPWR,li1,58.4200,160.4800,1.799828
FILLER_54_99,VPWR,li1,53.8200,160.4800,1.799841
FILLER_54_93,VPWR,li1,48.9900,160.4800,1.799858
FILLER_54_85,VPWR,li1,46.4600,160.4800,1.799865
FILLER_54_80,VPWR,li1,43.2400,160.4800,1.799877
FILLER_54_68,VPWR,li1,39.5600,160.4800,1.799893
FILLER_54_53,VPWR,li1,31.2800,160.4800,1.799925
FILLER_54_41,VPWR,li1,27.1400,160.4800,1.799939
FILLER_54_29,VPWR,li1,21.6200,160.4800,1.799961
FILLER_54_27,VPWR,li1,18.1700,160.4800,1.799961
FILLER_54_15,VPWR,li1,15.1800,160.4800,1.799961
FILLER_54_3,VPWR,li1,9.6600,160.4800,1.799961
FILLER_53_332,VPWR,li1,158.9300,155.0400,1.799746
FILLER_53_320,VPWR,li1,155.4800,155.0400,1.799746
FILLER_53_287,VPWR,li1,137.7700,155.0400,1.799752
FILLER_53_281,VPWR,li1,136.1600,155.0400,1.799752
FILLER_53_278,VPWR,li1,133.8600,155.0400,1.799754
FILLER_53_270,VPWR,li1,131.5600,155.0400,1.799755
FILLER_53_258,VPWR,li1,126.9600,155.0400,1.799759
FILLER_53_243,VPWR,li1,120.0600,155.0400,1.799764
FILLER_53_231,VPWR,li1,114.5400,155.0400,1.799770
FILLER_53_223,VPWR,li1,108.3300,155.0400,1.799779
FILLER_53_205,VPWR,li1,100.0500,155.0400,1.799788
FILLER_53_177,VPWR,li1,87.1700,155.0400,1.799807
FILLER_53_169,VPWR,li1,85.1000,155.0400,1.799811
FILLER_53_164,VPWR,li1,81.1900,155.0400,1.799818
FILLER_53_152,VPWR,li1,78.2000,155.0400,1.799825
FILLER_53_142,VPWR,li1,71.3000,155.0400,1.799838
FILLER_53_134,VPWR,li1,69.0000,155.0400,1.799844
FILLER_53_113,VPWR,li1,58.1900,155.0400,1.799871
FILLER_53_106,VPWR,li1,55.6600,155.0400,1.799877
FILLER_53_93,VPWR,li1,49.6800,155.0400,1.799891
FILLER_53_81,VPWR,li1,45.5400,155.0400,1.799900
FILLER_53_69,VPWR,li1,40.0200,155.0400,1.799919
FILLER_53_57,VPWR,li1,34.5000,155.0400,1.799933
FILLER_53_55,VPWR,li1,31.0500,155.0400,1.799943
FILLER_53_51,VPWR,li1,29.9000,155.0400,1.799943
FILLER_53_39,VPWR,li1,26.2200,155.0400,1.799955
FILLER_53_27,VPWR,li1,20.7000,155.0400,1.799971
FILLER_53_15,VPWR,li1,15.1800,155.0400,1.799971
FILLER_53_3,VPWR,li1,9.6600,155.0400,1.799971
FILLER_52_333,VPWR,li1,159.1600,155.0400,1.799746
FILLER_52_321,VPWR,li1,155.9400,155.0400,1.799746
FILLER_52_309,VPWR,li1,150.4200,155.0400,1.799746
FILLER_52_304,VPWR,li1,146.2800,155.0400,1.799747
FILLER_52_296,VPWR,li1,143.0600,155.0400,1.799748
FILLER_52_290,VPWR,li1,139.3800,155.0400,1.799751
FILLER_52_282,VPWR,li1,137.0800,155.0400,1.799752
FILLER_52_259,VPWR,li1,127.4200,155.0400,1.799759
FILLER_52_242,VPWR,li1,117.7600,155.0400,1.799768
FILLER_52_232,VPWR,li1,112.4700,155.0400,1.799773
FILLER_52_228,VPWR,li1,111.3200,155.0400,1.799773
FILLER_52_216,VPWR,li1,107.6400,155.0400,1.799779
FILLER_52_209,VPWR,li1,101.8900,155.0400,1.799784
FILLER_52_197,VPWR,li1,98.9000,155.0400,1.799788
FILLER_52_195,VPWR,li1,95.4500,155.0400,1.799792
FILLER_52_191,VPWR,li1,94.3000,155.0400,1.799797
FILLER_52_181,VPWR,li1,90.6200,155.0400,1.799801
FILLER_52_169,VPWR,li1,86.0200,155.0400,1.799811
FILLER_52_160,VPWR,li1,79.3500,155.0400,1.799825
FILLER_52_154,VPWR,li1,77.7400,155.0400,1.799825
FILLER_52_137,VPWR,li1,69.2300,155.0400,1.799844
FILLER_52_125,VPWR,li1,65.7800,155.0400,1.799851
FILLER_52_98,VPWR,li1,52.4400,155.0400,1.799883
FILLER_52_81,VPWR,li1,43.4700,155.0400,1.799906
FILLER_52_73,VPWR,li1,40.9400,155.0400,1.799913
FILLER_52_65,VPWR,li1,35.8800,155.0400,1.799927
FILLER_52_57,VPWR,li1,33.5800,155.0400,1.799933
FILLER_52_35,VPWR,li1,21.8500,155.0400,1.799971
FILLER_52_29,VPWR,li1,20.2400,155.0400,1.799971
FILLER_52_27,VPWR,li1,18.1700,155.0400,1.799971
FILLER_52_15,VPWR,li1,15.1800,155.0400,1.799971
FILLER_52_3,VPWR,li1,9.6600,155.0400,1.799971
FILLER_51_334,VPWR,li1,159.3900,149.6000,1.799700
FILLER_51_330,VPWR,li1,158.2400,149.6000,1.799700
FILLER_51_318,VPWR,li1,154.5600,149.6000,1.799700
FILLER_51_306,VPWR,li1,149.0400,149.6000,1.799702
FILLER_51_290,VPWR,li1,139.6100,149.6000,1.799707
FILLER_51_281,VPWR,li1,135.2400,149.6000,1.799711
FILLER_51_278,VPWR,li1,133.8600,149.6000,1.799711
FILLER_51_270,VPWR,li1,131.5600,149.6000,1.799712
FILLER_51_266,VPWR,li1,128.1100,149.6000,1.799717
FILLER_51_258,VPWR,li1,124.6600,149.6000,1.799719
FILLER_51_250,VPWR,li1,122.3600,149.6000,1.799722
FILLER_51_238,VPWR,li1,117.7600,149.6000,1.799727
FILLER_51_231,VPWR,li1,112.0100,149.6000,1.799737
FILLER_51_225,VPWR,li1,110.4000,149.6000,1.799737
FILLER_51_222,VPWR,li1,108.1000,149.6000,1.799742
FILLER_51_214,VPWR,li1,105.8000,149.6000,1.799745
FILLER_51_209,VPWR,li1,102.1200,149.6000,1.799749
FILLER_51_197,VPWR,li1,98.9000,149.6000,1.799754
FILLER_51_187,VPWR,li1,93.3800,149.6000,1.799763
FILLER_51_169,VPWR,li1,86.0200,149.6000,1.799778
FILLER_51_166,VPWR,li1,82.3400,149.6000,1.799788
FILLER_51_154,VPWR,li1,79.1200,149.6000,1.799795
FILLER_51_142,VPWR,li1,73.6000,149.6000,1.799810
FILLER_51_130,VPWR,li1,68.0800,149.6000,1.799821
FILLER_51_121,VPWR,li1,61.8700,149.6000,1.799837
FILLER_51_113,VPWR,li1,59.3400,149.6000,1.799844
FILLER_51_110,VPWR,li1,56.5800,149.6000,1.799852
FILLER_51_102,VPWR,li1,54.2800,149.6000,1.799863
FILLER_51_90,VPWR,li1,49.6800,149.6000,1.799872
FILLER_51_78,VPWR,li1,42.0900,149.6000,1.799895
FILLER_51_59,VPWR,li1,34.5000,149.6000,1.799920
FILLER_51_41,VPWR,li1,26.2200,149.6000,1.799948
FILLER_51_35,VPWR,li1,21.8500,149.6000,1.799963
FILLER_51_27,VPWR,li1,19.7800,149.6000,1.799963
FILLER_51_15,VPWR,li1,15.1800,149.6000,1.799963
FILLER_51_3,VPWR,li1,9.6600,149.6000,1.799963
FILLER_50_333,VPWR,li1,159.1600,149.6000,1.799700
FILLER_50_325,VPWR,li1,156.8600,149.6000,1.799700
FILLER_50_285,VPWR,li1,138.4600,149.6000,1.799708
FILLER_50_266,VPWR,li1,130.6400,149.6000,1.799715
FILLER_50_249,VPWR,li1,120.2900,149.6000,1.799724
FILLER_50_243,VPWR,li1,118.6800,149.6000,1.799727
FILLER_50_228,VPWR,li1,110.8600,149.6000,1.799737
FILLER_50_217,VPWR,li1,106.7200,149.6000,1.799742
FILLER_50_195,VPWR,li1,95.4500,149.6000,1.799760
FILLER_50_187,VPWR,li1,91.7700,149.6000,1.799767
FILLER_50_168,VPWR,li1,83.4900,149.6000,1.799784
FILLER_50_154,VPWR,li1,76.5900,149.6000,1.799799
FILLER_50_150,VPWR,li1,75.4400,149.6000,1.799805
FILLER_50_134,VPWR,li1,68.5400,149.6000,1.799821
FILLER_50_120,VPWR,li1,60.9500,149.6000,1.799844
FILLER_50_114,VPWR,li1,59.3400,149.6000,1.799844
FILLER_50_108,VPWR,li1,55.4300,149.6000,1.799857
FILLER_50_97,VPWR,li1,50.6000,149.6000,1.799872
FILLER_50_85,VPWR,li1,47.3800,149.6000,1.799882
FILLER_50_83,VPWR,li1,43.9300,149.6000,1.799889
FILLER_50_71,VPWR,li1,40.9400,149.6000,1.799904
FILLER_50_59,VPWR,li1,35.4200,149.6000,1.799920
FILLER_50_47,VPWR,li1,29.9000,149.6000,1.799936
FILLER_50_33,VPWR,li1,20.9300,149.6000,1.799963
FILLER_50_29,VPWR,li1,19.7800,149.6000,1.799963
FILLER_50_24,VPWR,li1,17.4800,149.6000,1.799963
FILLER_50_12,VPWR,li1,13.8000,149.6000,1.799963
FILLER_50_3,VPWR,li1,7.3600,149.6000,1.799963
FILLER_49_334,VPWR,li1,159.3900,144.1600,1.799874
FILLER_49_322,VPWR,li1,156.4000,144.1600,1.799874
FILLER_49_313,VPWR,li1,149.7300,144.1600,1.799875
FILLER_49_305,VPWR,li1,147.6600,144.1600,1.799875
FILLER_49_293,VPWR,li1,143.0600,144.1600,1.799875
FILLER_49_281,VPWR,li1,137.5400,144.1600,1.799876
FILLER_49_274,VPWR,li1,132.9400,144.1600,1.799876
FILLER_49_262,VPWR,li1,128.8000,144.1600,1.799878
FILLER_49_242,VPWR,li1,119.6000,144.1600,1.799881
FILLER_49_230,VPWR,li1,114.0800,144.1600,1.799884
FILLER_49_212,VPWR,li1,105.8000,144.1600,1.799890
FILLER_49_200,VPWR,li1,100.2800,144.1600,1.799893
FILLER_49_197,VPWR,li1,96.3700,144.1600,1.799895
FILLER_49_192,VPWR,li1,94.5300,144.1600,1.799896
FILLER_49_184,VPWR,li1,92.0000,144.1600,1.799898
FILLER_49_177,VPWR,li1,87.1700,144.1600,1.799901
FILLER_49_169,VPWR,li1,85.1000,144.1600,1.799903
FILLER_49_167,VPWR,li1,82.5700,144.1600,1.799905
FILLER_49_163,VPWR,li1,81.4200,144.1600,1.799905
FILLER_49_151,VPWR,li1,77.7400,144.1600,1.799908
FILLER_49_143,VPWR,li1,71.7600,144.1600,1.799913
FILLER_49_131,VPWR,li1,68.5400,144.1600,1.799915
FILLER_49_121,VPWR,li1,61.4100,144.1600,1.799921
FILLER_49_113,VPWR,li1,59.3400,144.1600,1.799923
FILLER_49_110,VPWR,li1,56.5800,144.1600,1.799927
FILLER_49_78,VPWR,li1,41.8600,144.1600,1.799942
FILLER_49_70,VPWR,li1,39.5600,144.1600,1.799945
FILLER_49_63,VPWR,li1,34.7300,144.1600,1.799953
FILLER_49_57,VPWR,li1,33.1200,144.1600,1.799956
FILLER_49_54,VPWR,li1,30.8200,144.1600,1.799961
FILLER_49_42,VPWR,li1,27.6000,144.1600,1.799965
FILLER_49_32,VPWR,li1,20.4700,144.1600,1.799974
FILLER_49_3,VPWR,li1,7.5900,144.1600,1.799969
FILLER_48_333,VPWR,li1,159.1600,144.1600,1.799874
FILLER_48_321,VPWR,li1,155.9400,144.1600,1.799874
FILLER_48_309,VPWR,li1,150.4200,144.1600,1.799875
FILLER_48_300,VPWR,li1,143.7500,144.1600,1.799875
FILLER_48_294,VPWR,li1,142.1400,144.1600,1.799875
FILLER_48_282,VPWR,li1,138.0000,144.1600,1.799876
FILLER_48_273,VPWR,li1,131.5600,144.1600,1.799876
FILLER_48_260,VPWR,li1,126.0400,144.1600,1.799879
FILLER_48_253,VPWR,li1,122.8200,144.1600,1.799880
FILLER_48_249,VPWR,li1,120.7500,144.1600,1.799881
FILLER_48_233,VPWR,li1,114.0800,144.1600,1.799884
FILLER_48_221,VPWR,li1,109.9400,144.1600,1.799887
FILLER_48_209,VPWR,li1,104.4200,144.1600,1.799890
FILLER_48_197,VPWR,li1,98.9000,144.1600,1.799893
FILLER_48_193,VPWR,li1,94.9900,144.1600,1.799896
FILLER_48_185,VPWR,li1,92.4600,144.1600,1.799898
FILLER_48_173,VPWR,li1,87.8600,144.1600,1.799901
FILLER_48_161,VPWR,li1,82.3400,144.1600,1.799905
FILLER_48_149,VPWR,li1,76.8200,144.1600,1.799908
FILLER_48_145,VPWR,li1,72.4500,144.1600,1.799911
FILLER_48_141,VPWR,li1,71.3000,144.1600,1.799913
FILLER_48_139,VPWR,li1,69.6900,144.1600,1.799915
FILLER_48_133,VPWR,li1,68.0800,144.1600,1.799915
FILLER_48_121,VPWR,li1,63.9400,144.1600,1.799919
FILLER_48_109,VPWR,li1,58.4200,144.1600,1.799925
FILLER_48_97,VPWR,li1,52.9000,144.1600,1.799930
FILLER_48_85,VPWR,li1,47.3800,144.1600,1.799935
FILLER_48_80,VPWR,li1,43.2400,144.1600,1.799942
FILLER_48_68,VPWR,li1,39.5600,144.1600,1.799945
FILLER_48_58,VPWR,li1,32.8900,144.1600,1.799956
FILLER_48_41,VPWR,li1,25.3000,144.1600,1.799972
FILLER_48_29,VPWR,li1,21.6200,144.1600,1.799976
FILLER_48_22,VPWR,li1,17.0200,144.1600,1.799973
FILLER_48_19,VPWR,li1,14.4900,144.1600,1.799971
FILLER_47_330,VPWR,li1,157.5500,138.7200,1.799854
FILLER_47_326,VPWR,li1,156.4000,138.7200,1.799854
FILLER_47_314,VPWR,li1,152.7200,138.7200,1.799854
FILLER_47_302,VPWR,li1,147.2000,138.7200,1.799855
FILLER_47_293,VPWR,li1,140.7600,138.7200,1.799856
FILLER_47_281,VPWR,li1,137.5400,138.7200,1.799856
FILLER_47_278,VPWR,li1,133.8600,138.7200,1.799857
FILLER_47_266,VPWR,li1,130.6400,138.7200,1.799858
FILLER_47_253,VPWR,li1,122.5900,138.7200,1.799862
FILLER_47_245,VPWR,li1,120.0600,138.7200,1.799863
FILLER_47_237,VPWR,li1,115.2300,138.7200,1.799865
FILLER_47_229,VPWR,li1,112.7000,138.7200,1.799867
FILLER_47_216,VPWR,li1,105.3400,138.7200,1.799871
FILLER_47_208,VPWR,li1,103.0400,138.7200,1.799873
FILLER_47_199,VPWR,li1,98.4400,138.7200,1.799877
FILLER_47_186,VPWR,li1,91.3100,138.7200,1.799883
FILLER_47_182,VPWR,li1,90.1600,138.7200,1.799883
FILLER_47_160,VPWR,li1,79.3500,138.7200,1.799896
FILLER_47_154,VPWR,li1,77.7400,138.7200,1.799896
FILLER_47_142,VPWR,li1,71.3000,138.7200,1.799905
FILLER_47_125,VPWR,li1,65.7800,138.7200,1.799912
FILLER_47_113,VPWR,li1,60.2600,138.7200,1.799919
FILLER_47_111,VPWR,li1,56.8100,138.7200,1.799926
FILLER_47_105,VPWR,li1,55.2000,138.7200,1.799926
FILLER_47_95,VPWR,li1,49.4500,138.7200,1.799936
FILLER_47_89,VPWR,li1,47.8400,138.7200,1.799939
FILLER_47_74,VPWR,li1,40.0200,138.7200,1.799949
FILLER_47_65,VPWR,li1,35.8800,138.7200,1.799956
FILLER_47_57,VPWR,li1,33.5800,138.7200,1.799960
FILLER_47_54,VPWR,li1,30.8200,138.7200,1.799964
FILLER_47_42,VPWR,li1,27.6000,138.7200,1.799970
FILLER_47_29,VPWR,li1,19.0900,138.7200,1.799979
FILLER_47_23,VPWR,li1,17.4800,138.7200,1.799979
FILLER_47_11,VPWR,li1,13.3400,138.7200,1.799978
FILLER_46_333,VPWR,li1,159.1600,138.7200,1.799854
FILLER_46_321,VPWR,li1,155.9400,138.7200,1.799854
FILLER_46_302,VPWR,li1,145.3600,138.7200,1.799855
FILLER_46_290,VPWR,li1,141.6800,138.7200,1.799856
FILLER_46_273,VPWR,li1,131.7900,138.7200,1.799858
FILLER_46_265,VPWR,li1,129.2600,138.7200,1.799858
FILLER_46_253,VPWR,li1,122.5900,138.7200,1.799862
FILLER_46_250,VPWR,li1,120.9800,138.7200,1.799863
FILLER_46_244,VPWR,li1,117.9900,138.7200,1.799864
FILLER_46_231,VPWR,li1,113.1600,138.7200,1.799866
FILLER_46_214,VPWR,li1,105.8000,138.7200,1.799871
FILLER_46_205,VPWR,li1,100.0500,138.7200,1.799875
FILLER_46_197,VPWR,li1,97.9800,138.7200,1.799877
FILLER_46_195,VPWR,li1,95.4500,138.7200,1.799879
FILLER_46_183,VPWR,li1,92.4600,138.7200,1.799881
FILLER_46_171,VPWR,li1,86.9400,138.7200,1.799886
FILLER_46_156,VPWR,li1,79.1200,138.7200,1.799896
FILLER_46_141,VPWR,li1,71.7600,138.7200,1.799905
FILLER_46_139,VPWR,li1,69.6900,138.7200,1.799908
FILLER_46_133,VPWR,li1,68.0800,138.7200,1.799908
FILLER_46_119,VPWR,li1,60.4900,138.7200,1.799919
FILLER_46_113,VPWR,li1,58.8800,138.7200,1.799923
FILLER_46_106,VPWR,li1,54.9700,138.7200,1.799929
FILLER_46_94,VPWR,li1,51.5200,138.7200,1.799932
FILLER_46_83,VPWR,li1,43.9300,138.7200,1.799943
FILLER_46_73,VPWR,li1,39.7900,138.7200,1.799949
FILLER_46_61,VPWR,li1,36.3400,138.7200,1.799956
FILLER_46_41,VPWR,li1,25.0700,138.7200,1.799976
FILLER_46_29,VPWR,li1,19.5500,138.7200,1.799979
FILLER_46_25,VPWR,li1,17.7100,138.7200,1.799979
FILLER_46_7,VPWR,li1,9.4300,138.7200,1.799978
FILLER_45_323,VPWR,li1,155.9400,133.2800,1.799939
FILLER_45_310,VPWR,li1,148.8100,133.2800,1.799939
FILLER_45_298,VPWR,li1,145.3600,133.2800,1.799940
FILLER_45_281,VPWR,li1,135.0100,133.2800,1.799941
FILLER_45_277,VPWR,li1,133.6300,133.2800,1.799941
FILLER_45_269,VPWR,li1,131.1000,133.2800,1.799942
FILLER_45_257,VPWR,li1,126.5000,133.2800,1.799943
FILLER_45_245,VPWR,li1,120.9800,133.2800,1.799944
FILLER_45_237,VPWR,li1,115.0000,133.2800,1.799946
FILLER_45_225,VPWR,li1,111.7800,133.2800,1.799947
FILLER_45_223,VPWR,li1,108.3300,133.2800,1.799948
FILLER_45_217,VPWR,li1,106.7200,133.2800,1.799948
FILLER_45_211,VPWR,li1,102.8100,133.2800,1.799949
FILLER_45_208,VPWR,li1,101.4300,133.2800,1.799949
FILLER_45_204,VPWR,li1,100.2800,133.2800,1.799950
FILLER_45_189,VPWR,li1,94.3000,133.2800,1.799952
FILLER_45_181,VPWR,li1,89.2400,133.2800,1.799953
FILLER_45_169,VPWR,li1,86.0200,133.2800,1.799954
FILLER_45_167,VPWR,li1,82.5700,133.2800,1.799955
FILLER_45_159,VPWR,li1,80.5000,133.2800,1.799956
FILLER_45_147,VPWR,li1,75.9000,133.2800,1.799958
FILLER_45_139,VPWR,li1,69.9200,133.2800,1.799960
FILLER_45_131,VPWR,li1,67.6200,133.2800,1.799961
FILLER_45_121,VPWR,li1,61.4100,133.2800,1.799964
FILLER_45_113,VPWR,li1,59.3400,133.2800,1.799965
FILLER_45_111,VPWR,li1,56.8100,133.2800,1.799967
FILLER_45_105,VPWR,li1,54.5100,133.2800,1.799969
FILLER_45_93,VPWR,li1,51.0600,133.2800,1.799970
FILLER_45_81,VPWR,li1,45.5400,133.2800,1.799974
FILLER_45_69,VPWR,li1,40.0200,133.2800,1.799977
FILLER_45_57,VPWR,li1,32.4300,133.2800,1.799982
FILLER_45_52,VPWR,li1,30.3600,133.2800,1.799984
FILLER_45_46,VPWR,li1,27.1400,133.2800,1.799986
FILLER_45_38,VPWR,li1,24.8400,133.2800,1.799988
FILLER_45_26,VPWR,li1,20.2400,133.2800,1.799991
FILLER_45_3,VPWR,li1,7.1300,133.2800,1.799991
FILLER_44_333,VPWR,li1,159.1600,133.2800,1.799938
FILLER_44_321,VPWR,li1,155.9400,133.2800,1.799939
FILLER_44_309,VPWR,li1,150.4200,133.2800,1.799939
FILLER_44_307,VPWR,li1,146.9700,133.2800,1.799939
FILLER_44_299,VPWR,li1,144.9000,133.2800,1.799940
FILLER_44_287,VPWR,li1,140.3000,133.2800,1.799940
FILLER_44_275,VPWR,li1,134.7800,133.2800,1.799941
FILLER_44_263,VPWR,li1,129.2600,133.2800,1.799942
FILLER_44_253,VPWR,li1,123.2800,133.2800,1.799944
FILLER_44_249,VPWR,li1,120.7500,133.2800,1.799944
FILLER_44_237,VPWR,li1,117.3000,133.2800,1.799945
FILLER_44_225,VPWR,li1,111.7800,133.2800,1.799947
FILLER_44_219,VPWR,li1,106.7200,133.2800,1.799948
FILLER_44_215,VPWR,li1,104.6500,133.2800,1.799949
FILLER_44_201,VPWR,li1,98.2100,133.2800,1.799950
FILLER_44_197,VPWR,li1,97.0600,133.2800,1.799950
FILLER_44_194,VPWR,li1,95.2200,133.2800,1.799951
FILLER_44_186,VPWR,li1,92.9200,133.2800,1.799952
FILLER_44_173,VPWR,li1,85.3300,133.2800,1.799954
FILLER_44_169,VPWR,li1,84.1800,133.2800,1.799955
FILLER_44_157,VPWR,li1,80.5000,133.2800,1.799956
FILLER_44_151,VPWR,li1,75.2100,133.2800,1.799959
FILLER_44_145,VPWR,li1,73.6000,133.2800,1.799959
FILLER_44_138,VPWR,li1,69.4600,133.2800,1.799960
FILLER_44_126,VPWR,li1,66.2400,133.2800,1.799962
FILLER_44_114,VPWR,li1,60.7200,133.2800,1.799965
FILLER_44_97,VPWR,li1,50.8300,133.2800,1.799970
FILLER_44_85,VPWR,li1,45.0800,133.2800,1.799974
FILLER_44_72,VPWR,li1,40.4800,133.2800,1.799977
FILLER_44_60,VPWR,li1,35.8800,133.2800,1.799981
FILLER_44_48,VPWR,li1,30.3600,133.2800,1.799984
FILLER_44_29,VPWR,li1,19.3200,133.2800,1.799991
FILLER_44_27,VPWR,li1,18.1700,133.2800,1.799991
FILLER_44_19,VPWR,li1,16.1000,133.2800,1.799991
FILLER_44_14,VPWR,li1,12.1900,133.2800,1.799991
FILLER_44_3,VPWR,li1,7.5900,133.2800,1.799991
FILLER_43_327,VPWR,li1,157.7800,127.8400,1.799874
FILLER_43_299,VPWR,li1,144.4400,127.8400,1.799874
FILLER_43_294,VPWR,li1,140.9900,127.8400,1.799875
FILLER_43_273,VPWR,li1,132.0200,127.8400,1.799877
FILLER_43_247,VPWR,li1,119.8300,127.8400,1.799880
FILLER_43_223,VPWR,li1,108.3300,127.8400,1.799886
FILLER_43_190,VPWR,li1,93.3800,127.8400,1.799896
FILLER_43_178,VPWR,li1,90.1600,127.8400,1.799898
FILLER_43_156,VPWR,li1,77.7400,127.8400,1.799910
FILLER_43_146,VPWR,li1,73.6000,127.8400,1.799915
FILLER_43_125,VPWR,li1,63.9400,127.8400,1.799924
FILLER_43_113,VPWR,li1,57.7300,127.8400,1.799931
FILLER_43_108,VPWR,li1,55.6600,127.8400,1.799933
FILLER_43_100,VPWR,li1,53.3600,127.8400,1.799936
FILLER_43_88,VPWR,li1,46.2300,127.8400,1.799945
FILLER_43_69,VPWR,li1,38.6400,127.8400,1.799954
FILLER_43_57,VPWR,li1,34.5000,127.8400,1.799962
FILLER_43_55,VPWR,li1,31.0500,127.8400,1.799967
FILLER_43_47,VPWR,li1,28.9800,127.8400,1.799970
FILLER_43_33,VPWR,li1,20.9300,127.8400,1.799982
FILLER_43_27,VPWR,li1,19.3200,127.8400,1.799982
FILLER_43_15,VPWR,li1,15.1800,127.8400,1.799982
FILLER_43_3,VPWR,li1,9.6600,127.8400,1.799982
FILLER_42_329,VPWR,li1,158.2400,127.8400,1.799874
FILLER_42_317,VPWR,li1,154.1000,127.8400,1.799874
FILLER_42_311,VPWR,li1,148.8100,127.8400,1.799874
FILLER_42_307,VPWR,li1,146.9700,127.8400,1.799874
FILLER_42_292,VPWR,li1,140.7600,127.8400,1.799875
FILLER_42_280,VPWR,li1,137.0800,127.8400,1.799875
FILLER_42_272,VPWR,li1,130.8700,127.8400,1.799877
FILLER_42_264,VPWR,li1,128.8000,127.8400,1.799878
FILLER_42_253,VPWR,li1,123.2800,127.8400,1.799880
FILLER_42_238,VPWR,li1,115.6900,127.8400,1.799882
FILLER_42_226,VPWR,li1,112.2400,127.8400,1.799883
FILLER_42_193,VPWR,li1,94.9900,127.8400,1.799894
FILLER_42_185,VPWR,li1,92.4600,127.8400,1.799896
FILLER_42_173,VPWR,li1,87.8600,127.8400,1.799900
FILLER_42_161,VPWR,li1,82.3400,127.8400,1.799906
FILLER_42_153,VPWR,li1,76.5900,127.8400,1.799912
FILLER_42_141,VPWR,li1,73.1400,127.8400,1.799915
FILLER_42_137,VPWR,li1,69.2300,127.8400,1.799919
FILLER_42_125,VPWR,li1,63.2500,127.8400,1.799926
FILLER_42_121,VPWR,li1,62.1000,127.8400,1.799926
FILLER_42_113,VPWR,li1,57.9600,127.8400,1.799931
FILLER_42_105,VPWR,li1,55.6600,127.8400,1.799933
FILLER_42_93,VPWR,li1,51.0600,127.8400,1.799940
FILLER_42_85,VPWR,li1,45.3100,127.8400,1.799945
FILLER_42_76,VPWR,li1,42.3200,127.8400,1.799950
FILLER_42_57,VPWR,li1,33.5800,127.8400,1.799962
FILLER_42_51,VPWR,li1,29.2100,127.8400,1.799970
FILLER_42_41,VPWR,li1,26.2200,127.8400,1.799974
FILLER_42_29,VPWR,li1,21.6200,127.8400,1.799982
FILLER_42_26,VPWR,li1,17.9400,127.8400,1.799982
FILLER_42_3,VPWR,li1,7.3600,127.8400,1.799982
FILLER_41_319,VPWR,li1,155.0200,122.4000,1.799312
FILLER_41_307,VPWR,li1,149.5000,122.4000,1.799313
FILLER_41_304,VPWR,li1,145.5900,122.4000,1.799314
FILLER_41_301,VPWR,li1,144.2100,122.4000,1.799314
FILLER_41_293,VPWR,li1,142.1400,122.4000,1.799314
FILLER_41_281,VPWR,li1,137.5400,122.4000,1.799315
FILLER_41_276,VPWR,li1,133.4000,122.4000,1.799315
FILLER_41_264,VPWR,li1,129.7200,122.4000,1.799316
FILLER_41_252,VPWR,li1,124.2000,122.4000,1.799317
FILLER_41_247,VPWR,li1,119.3700,122.4000,1.799319
FILLER_41_243,VPWR,li1,118.2200,122.4000,1.799320
FILLER_41_233,VPWR,li1,114.5400,122.4000,1.799321
FILLER_41_181,VPWR,li1,89.7000,122.4000,1.799433
FILLER_41_169,VPWR,li1,86.0200,122.4000,1.799458
FILLER_41_167,VPWR,li1,82.5700,122.4000,1.799489
FILLER_41_155,VPWR,li1,79.5800,122.4000,1.799506
FILLER_41_152,VPWR,li1,75.6700,122.4000,1.799540
FILLER_41_146,VPWR,li1,74.0600,122.4000,1.799540
FILLER_41_142,VPWR,li1,71.3000,122.4000,1.799566
FILLER_41_137,VPWR,li1,69.2300,122.4000,1.799582
FILLER_41_125,VPWR,li1,65.7800,122.4000,1.799598
FILLER_41_113,VPWR,li1,60.2600,122.4000,1.799635
FILLER_41_93,VPWR,li1,48.9900,122.4000,1.799726
FILLER_41_81,VPWR,li1,43.0100,122.4000,1.799771
FILLER_41_77,VPWR,li1,41.8600,122.4000,1.799771
FILLER_41_62,VPWR,li1,34.5000,122.4000,1.799822
FILLER_41_55,VPWR,li1,31.0500,122.4000,1.799861
FILLER_41_42,VPWR,li1,25.0700,122.4000,1.799904
FILLER_41_31,VPWR,li1,20.0100,122.4000,1.799921
FILLER_41_23,VPWR,li1,17.9400,122.4000,1.799921
FILLER_41_17,VPWR,li1,13.5700,122.4000,1.799921
FILLER_41_13,VPWR,li1,12.4200,122.4000,1.799921
FILLER_41_3,VPWR,li1,8.2800,122.4000,1.799921
FILLER_40_333,VPWR,li1,159.1600,122.4000,1.799312
FILLER_40_325,VPWR,li1,156.8600,122.4000,1.799312
FILLER_40_307,VPWR,li1,146.9700,122.4000,1.799313
FILLER_40_303,VPWR,li1,145.8200,122.4000,1.799314
FILLER_40_291,VPWR,li1,142.1400,122.4000,1.799314
FILLER_40_281,VPWR,li1,135.0100,122.4000,1.799315
FILLER_40_272,VPWR,li1,130.8700,122.4000,1.799316
FILLER_40_266,VPWR,li1,129.2600,122.4000,1.799316
FILLER_40_253,VPWR,li1,122.1300,122.4000,1.799318
FILLER_40_201,VPWR,li1,98.9000,122.4000,1.799380
FILLER_40_194,VPWR,li1,95.2200,122.4000,1.799395
FILLER_40_141,VPWR,li1,70.6100,122.4000,1.799566
FILLER_40_137,VPWR,li1,68.7700,122.4000,1.799582
FILLER_40_125,VPWR,li1,63.4800,122.4000,1.799613
FILLER_40_117,VPWR,li1,61.1800,122.4000,1.799635
FILLER_40_108,VPWR,li1,55.6600,122.4000,1.799668
FILLER_40_93,VPWR,li1,48.5300,122.4000,1.799726
FILLER_40_89,VPWR,li1,46.6900,122.4000,1.799741
FILLER_40_85,VPWR,li1,45.5400,122.4000,1.799741
FILLER_40_82,VPWR,li1,43.7000,122.4000,1.799754
FILLER_40_74,VPWR,li1,41.4000,122.4000,1.799771
FILLER_40_62,VPWR,li1,36.8000,122.4000,1.799805
FILLER_40_50,VPWR,li1,31.2800,122.4000,1.799847
FILLER_40_45,VPWR,li1,26.4500,122.4000,1.799884
FILLER_40_41,VPWR,li1,25.3000,122.4000,1.799904
FILLER_40_29,VPWR,li1,21.6200,122.4000,1.799921
FILLER_40_27,VPWR,li1,18.1700,122.4000,1.799921
FILLER_40_15,VPWR,li1,15.1800,122.4000,1.799921
FILLER_40_3,VPWR,li1,9.6600,122.4000,1.799921
FILLER_39_329,VPWR,li1,157.3200,116.9600,1.799782
FILLER_39_317,VPWR,li1,154.1000,116.9600,1.799782
FILLER_39_305,VPWR,li1,148.5800,116.9600,1.799783
FILLER_39_279,VPWR,li1,134.0900,116.9600,1.799788
FILLER_39_235,VPWR,li1,114.5400,116.9600,1.799802
FILLER_39_213,VPWR,li1,103.7300,116.9600,1.799811
FILLER_39_195,VPWR,li1,95.6800,116.9600,1.799820
FILLER_39_177,VPWR,li1,89.7000,116.9600,1.799828
FILLER_39_169,VPWR,li1,83.7200,116.9600,1.799839
FILLER_39_166,VPWR,li1,82.3400,116.9600,1.799839
FILLER_39_158,VPWR,li1,78.6600,116.9600,1.799845
FILLER_39_145,VPWR,li1,72.4500,116.9600,1.799855
FILLER_39_113,VPWR,li1,59.3400,116.9600,1.799882
FILLER_39_100,VPWR,li1,54.2800,116.9600,1.799893
FILLER_39_94,VPWR,li1,49.2200,116.9600,1.799903
FILLER_39_82,VPWR,li1,46.0000,116.9600,1.799911
FILLER_39_77,VPWR,li1,41.1700,116.9600,1.799921
FILLER_39_69,VPWR,li1,39.1000,116.9600,1.799926
FILLER_39_57,VPWR,li1,34.5000,116.9600,1.799937
FILLER_39_50,VPWR,li1,29.9000,116.9600,1.799952
FILLER_39_38,VPWR,li1,25.7600,116.9600,1.799962
FILLER_39_29,VPWR,li1,19.5500,116.9600,1.799967
FILLER_38_333,VPWR,li1,159.1600,116.9600,1.799782
FILLER_38_321,VPWR,li1,155.9400,116.9600,1.799782
FILLER_38_309,VPWR,li1,150.4200,116.9600,1.799783
FILLER_38_304,VPWR,li1,146.2800,116.9600,1.799783
FILLER_38_292,VPWR,li1,142.6000,116.9600,1.799783
FILLER_38_281,VPWR,li1,136.1600,116.9600,1.799787
FILLER_38_267,VPWR,li1,131.1000,116.9600,1.799791
FILLER_38_253,VPWR,li1,122.3600,116.9600,1.799797
FILLER_38_251,VPWR,li1,121.2100,116.9600,1.799797
FILLER_38_243,VPWR,li1,117.7600,116.9600,1.799800
FILLER_38_231,VPWR,li1,114.5400,116.9600,1.799802
FILLER_38_197,VPWR,li1,96.6000,116.9600,1.799820
FILLER_38_195,VPWR,li1,95.4500,116.9600,1.799820
FILLER_38_191,VPWR,li1,94.3000,116.9600,1.799823
FILLER_38_179,VPWR,li1,90.6200,116.9600,1.799828
FILLER_38_169,VPWR,li1,83.4900,116.9600,1.799839
FILLER_38_161,VPWR,li1,81.4200,116.9600,1.799842
FILLER_38_150,VPWR,li1,76.3600,116.9600,1.799849
FILLER_38_132,VPWR,li1,68.0800,116.9600,1.799863
FILLER_38_119,VPWR,li1,60.7200,116.9600,1.799877
FILLER_38_108,VPWR,li1,55.8900,116.9600,1.799888
FILLER_38_100,VPWR,li1,53.3600,116.9600,1.799893
FILLER_38_88,VPWR,li1,48.7600,116.9600,1.799903
FILLER_38_70,VPWR,li1,38.1800,116.9600,1.799931
FILLER_38_51,VPWR,li1,30.8200,116.9600,1.799945
FILLER_38_46,VPWR,li1,27.1400,116.9600,1.799957
FILLER_38_25,VPWR,li1,17.7100,116.9600,1.799966
FILLER_38_15,VPWR,li1,13.1100,116.9600,1.799963
FILLER_37_330,VPWR,li1,157.5500,111.5200,1.799768
FILLER_37_318,VPWR,li1,154.5600,111.5200,1.799768
FILLER_37_297,VPWR,li1,143.9800,111.5200,1.799775
FILLER_37_289,VPWR,li1,139.1500,111.5200,1.799778
FILLER_37_281,VPWR,li1,136.6200,111.5200,1.799780
FILLER_37_266,VPWR,li1,128.1100,111.5200,1.799785
FILLER_37_262,VPWR,li1,126.9600,111.5200,1.799787
FILLER_37_250,VPWR,li1,123.2800,111.5200,1.799789
FILLER_37_234,VPWR,li1,113.6200,111.5200,1.799797
FILLER_37_225,VPWR,li1,109.2500,111.5200,1.799801
FILLER_37_212,VPWR,li1,105.8000,111.5200,1.799806
FILLER_37_202,VPWR,li1,99.8200,111.5200,1.799812
FILLER_37_190,VPWR,li1,95.6800,111.5200,1.799817
FILLER_37_165,VPWR,li1,81.6500,111.5200,1.799841
FILLER_37_159,VPWR,li1,80.0400,111.5200,1.799841
FILLER_37_144,VPWR,li1,72.2200,111.5200,1.799855
FILLER_37_132,VPWR,li1,69.0000,111.5200,1.799860
FILLER_37_110,VPWR,li1,56.5800,111.5200,1.799886
FILLER_37_87,VPWR,li1,47.3800,111.5200,1.799907
FILLER_37_77,VPWR,li1,41.1700,111.5200,1.799922
FILLER_37_69,VPWR,li1,39.1000,111.5200,1.799927
FILLER_37_61,VPWR,li1,34.0400,111.5200,1.799943
FILLER_37_50,VPWR,li1,28.7500,111.5200,1.799957
FILLER_37_44,VPWR,li1,27.1400,111.5200,1.799957
FILLER_37_32,VPWR,li1,23.0000,111.5200,1.799972
FILLER_37_25,VPWR,li1,17.2500,111.5200,1.799971
FILLER_37_15,VPWR,li1,13.3400,111.5200,1.799971
FILLER_37_3,VPWR,li1,9.6600,111.5200,1.799971
FILLER_36_278,VPWR,li1,133.6300,111.5200,1.799782
FILLER_36_263,VPWR,li1,126.9600,111.5200,1.799787
FILLER_36_251,VPWR,li1,121.2100,111.5200,1.799791
FILLER_36_211,VPWR,li1,103.2700,111.5200,1.799809
FILLER_36_189,VPWR,li1,93.1500,111.5200,1.799820
FILLER_36_175,VPWR,li1,86.9400,111.5200,1.799829
FILLER_36_170,VPWR,li1,84.4100,111.5200,1.799834
FILLER_36_158,VPWR,li1,80.9600,111.5200,1.799841
FILLER_36_148,VPWR,li1,74.9800,111.5200,1.799849
FILLER_36_137,VPWR,li1,69.2300,111.5200,1.799860
FILLER_36_125,VPWR,li1,65.7800,111.5200,1.799869
FILLER_36_117,VPWR,li1,59.8000,111.5200,1.799881
FILLER_36_109,VPWR,li1,57.5000,111.5200,1.799886
FILLER_36_97,VPWR,li1,52.9000,111.5200,1.799894
FILLER_36_85,VPWR,li1,47.3800,111.5200,1.799907
FILLER_36_72,VPWR,li1,41.4000,111.5200,1.799922
FILLER_36_60,VPWR,li1,35.8800,111.5200,1.799935
FILLER_36_55,VPWR,li1,31.2800,111.5200,1.799949
FILLER_36_41,VPWR,li1,25.3000,111.5200,1.799962
FILLER_36_29,VPWR,li1,21.6200,111.5200,1.799972
FILLER_36_25,VPWR,li1,17.7100,111.5200,1.799971
FILLER_36_13,VPWR,li1,14.2600,111.5200,1.799971
FILLER_36_3,VPWR,li1,7.5900,111.5200,1.799971
FILLER_35_333,VPWR,li1,159.1600,106.0800,1.799890
FILLER_35_319,VPWR,li1,153.6400,106.0800,1.799890
FILLER_35_314,VPWR,li1,150.6500,106.0800,1.799891
FILLER_35_305,VPWR,li1,146.0500,106.0800,1.799891
FILLER_35_293,VPWR,li1,142.1400,106.0800,1.799891
FILLER_35_281,VPWR,li1,137.5400,106.0800,1.799892
FILLER_35_277,VPWR,li1,133.6300,106.0800,1.799892
FILLER_35_265,VPWR,li1,130.1800,106.0800,1.799893
FILLER_35_253,VPWR,li1,124.6600,106.0800,1.799893
FILLER_35_244,VPWR,li1,119.1400,106.0800,1.799894
FILLER_35_237,VPWR,li1,114.7700,106.0800,1.799895
FILLER_35_225,VPWR,li1,111.7800,106.0800,1.799895
FILLER_35_220,VPWR,li1,107.6400,106.0800,1.799896
FILLER_35_205,VPWR,li1,101.2000,106.0800,1.799899
FILLER_35_193,VPWR,li1,97.0600,106.0800,1.799901
FILLER_35_181,VPWR,li1,91.5400,106.0800,1.799904
FILLER_35_169,VPWR,li1,86.0200,106.0800,1.799906
FILLER_35_160,VPWR,li1,80.9600,106.0800,1.799910
FILLER_35_154,VPWR,li1,76.5900,106.0800,1.799912
FILLER_35_142,VPWR,li1,73.6000,106.0800,1.799914
FILLER_35_118,VPWR,li1,62.5600,106.0800,1.799923
FILLER_35_110,VPWR,li1,56.5800,106.0800,1.799929
FILLER_35_92,VPWR,li1,48.5300,106.0800,1.799938
FILLER_35_84,VPWR,li1,46.0000,106.0800,1.799941
FILLER_35_73,VPWR,li1,39.3300,106.0800,1.799951
FILLER_35_69,VPWR,li1,38.1800,106.0800,1.799951
FILLER_35_57,VPWR,li1,34.5000,106.0800,1.799956
FILLER_35_52,VPWR,li1,30.3600,106.0800,1.799963
FILLER_35_40,VPWR,li1,26.6800,106.0800,1.799970
FILLER_35_21,VPWR,li1,16.1000,106.0800,1.799972
FILLER_34_334,VPWR,li1,159.3900,106.0800,1.799890
FILLER_34_326,VPWR,li1,157.3200,106.0800,1.799890
FILLER_34_314,VPWR,li1,152.7200,106.0800,1.799890
FILLER_34_307,VPWR,li1,146.9700,106.0800,1.799891
FILLER_34_299,VPWR,li1,144.9000,106.0800,1.799891
FILLER_34_283,VPWR,li1,135.9300,106.0800,1.799892
FILLER_34_271,VPWR,li1,132.9400,106.0800,1.799892
FILLER_34_265,VPWR,li1,128.1100,106.0800,1.799893
FILLER_34_253,VPWR,li1,124.6600,106.0800,1.799893
FILLER_34_251,VPWR,li1,121.2100,106.0800,1.799894
FILLER_34_245,VPWR,li1,118.6800,106.0800,1.799894
FILLER_34_233,VPWR,li1,115.4600,106.0800,1.799895
FILLER_34_217,VPWR,li1,106.0300,106.0800,1.799897
FILLER_34_209,VPWR,li1,103.5000,106.0800,1.799898
FILLER_34_197,VPWR,li1,98.9000,106.0800,1.799900
FILLER_34_193,VPWR,li1,94.9900,106.0800,1.799902
FILLER_34_185,VPWR,li1,92.4600,106.0800,1.799904
FILLER_34_180,VPWR,li1,88.5500,106.0800,1.799905
FILLER_34_168,VPWR,li1,83.7200,106.0800,1.799909
FILLER_34_153,VPWR,li1,76.3600,106.0800,1.799912
FILLER_34_147,VPWR,li1,73.3700,106.0800,1.799916
FILLER_34_141,VPWR,li1,71.7600,106.0800,1.799916
FILLER_34_138,VPWR,li1,69.4600,106.0800,1.799917
FILLER_34_126,VPWR,li1,66.2400,106.0800,1.799920
FILLER_34_109,VPWR,li1,56.5800,106.0800,1.799929
FILLER_34_97,VPWR,li1,52.9000,106.0800,1.799934
FILLER_34_93,VPWR,li1,48.5300,106.0800,1.799938
FILLER_34_85,VPWR,li1,46.4600,106.0800,1.799941
FILLER_34_80,VPWR,li1,43.2400,106.0800,1.799944
FILLER_34_63,VPWR,li1,36.3400,106.0800,1.799954
FILLER_34_51,VPWR,li1,31.7400,106.0800,1.799963
FILLER_34_39,VPWR,li1,23.9200,106.0800,1.799973
FILLER_34_29,VPWR,li1,19.5500,106.0800,1.799975
FILLER_34_22,VPWR,li1,17.0200,106.0800,1.799973
FILLER_34_17,VPWR,li1,13.5700,106.0800,1.799970
FILLER_33_327,VPWR,li1,157.7800,100.6400,1.799820
FILLER_33_315,VPWR,li1,153.1800,100.6400,1.799820
FILLER_33_299,VPWR,li1,143.7500,100.6400,1.799820
FILLER_33_291,VPWR,li1,141.2200,100.6400,1.799820
FILLER_33_279,VPWR,li1,134.0900,100.6400,1.799821
FILLER_33_275,VPWR,li1,132.9400,100.6400,1.799821
FILLER_33_230,VPWR,li1,112.7000,100.6400,1.799829
FILLER_33_222,VPWR,li1,108.1000,100.6400,1.799831
FILLER_33_216,VPWR,li1,105.5700,100.6400,1.799833
FILLER_33_208,VPWR,li1,103.0400,100.6400,1.799836
FILLER_33_191,VPWR,li1,93.8400,100.6400,1.799843
FILLER_33_169,VPWR,li1,84.1800,100.6400,1.799853
FILLER_33_165,VPWR,li1,82.1100,100.6400,1.799855
FILLER_33_154,VPWR,li1,76.8200,100.6400,1.799863
FILLER_33_142,VPWR,li1,73.6000,100.6400,1.799866
FILLER_33_125,VPWR,li1,64.8600,100.6400,1.799881
FILLER_33_113,VPWR,li1,60.2600,100.6400,1.799887
FILLER_33_111,VPWR,li1,56.8100,100.6400,1.799893
FILLER_33_99,VPWR,li1,53.8200,100.6400,1.799898
FILLER_33_79,VPWR,li1,43.2400,100.6400,1.799918
FILLER_33_63,VPWR,li1,34.7300,100.6400,1.799941
FILLER_33_57,VPWR,li1,33.1200,100.6400,1.799941
FILLER_33_55,VPWR,li1,31.0500,100.6400,1.799949
FILLER_33_51,VPWR,li1,29.9000,100.6400,1.799949
FILLER_33_39,VPWR,li1,26.2200,100.6400,1.799958
FILLER_33_28,VPWR,li1,18.8600,100.6400,1.799970
FILLER_33_3,VPWR,li1,8.2800,100.6400,1.799969
FILLER_32_329,VPWR,li1,158.2400,100.6400,1.799820
FILLER_32_317,VPWR,li1,154.1000,100.6400,1.799820
FILLER_32_298,VPWR,li1,143.2900,100.6400,1.799820
FILLER_32_285,VPWR,li1,136.8500,100.6400,1.799821
FILLER_32_277,VPWR,li1,134.7800,100.6400,1.799821
FILLER_32_265,VPWR,li1,130.1800,100.6400,1.799822
FILLER_32_253,VPWR,li1,124.6600,100.6400,1.799823
FILLER_32_250,VPWR,li1,120.9800,100.6400,1.799825
FILLER_32_245,VPWR,li1,118.4500,100.6400,1.799826
FILLER_32_239,VPWR,li1,116.8400,100.6400,1.799827
FILLER_32_227,VPWR,li1,112.7000,100.6400,1.799829
FILLER_32_207,VPWR,li1,102.1200,100.6400,1.799836
FILLER_32_194,VPWR,li1,95.2200,100.6400,1.799843
FILLER_32_182,VPWR,li1,92.0000,100.6400,1.799845
FILLER_32_170,VPWR,li1,86.4800,100.6400,1.799851
FILLER_32_151,VPWR,li1,75.2100,100.6400,1.799866
FILLER_32_125,VPWR,li1,63.2500,100.6400,1.799884
FILLER_32_121,VPWR,li1,62.1000,100.6400,1.799884
FILLER_32_110,VPWR,li1,56.5800,100.6400,1.799893
FILLER_32_102,VPWR,li1,54.2800,100.6400,1.799898
FILLER_32_90,VPWR,li1,49.6800,100.6400,1.799905
FILLER_32_83,VPWR,li1,43.9300,100.6400,1.799918
FILLER_32_77,VPWR,li1,42.3200,100.6400,1.799923
FILLER_32_65,VPWR,li1,38.1800,100.6400,1.799929
FILLER_32_45,VPWR,li1,26.6800,100.6400,1.799958
FILLER_32_37,VPWR,li1,24.3800,100.6400,1.799963
FILLER_31_333,VPWR,li1,159.1600,95.2000,1.799800
FILLER_31_321,VPWR,li1,155.9400,95.2000,1.799800
FILLER_31_314,VPWR,li1,150.6500,95.2000,1.799800
FILLER_31_289,VPWR,li1,138.9200,95.2000,1.799800
FILLER_31_278,VPWR,li1,133.8600,95.2000,1.799801
FILLER_31_261,VPWR,li1,125.8100,95.2000,1.799804
FILLER_31_253,VPWR,li1,123.7400,95.2000,1.799805
FILLER_31_225,VPWR,li1,109.7100,95.2000,1.799815
FILLER_31_222,VPWR,li1,108.1000,95.2000,1.799815
FILLER_31_214,VPWR,li1,105.8000,95.2000,1.799817
FILLER_31_202,VPWR,li1,101.2000,95.2000,1.799822
FILLER_31_190,VPWR,li1,95.6800,95.2000,1.799826
FILLER_31_181,VPWR,li1,89.0100,95.2000,1.799830
FILLER_31_169,VPWR,li1,86.0200,95.2000,1.799833
FILLER_31_167,VPWR,li1,82.5700,95.2000,1.799837
FILLER_31_143,VPWR,li1,71.9900,95.2000,1.799852
FILLER_31_135,VPWR,li1,69.4600,95.2000,1.799856
FILLER_31_131,VPWR,li1,66.0100,95.2000,1.799861
FILLER_31_125,VPWR,li1,64.4000,95.2000,1.799866
FILLER_31_113,VPWR,li1,60.2600,95.2000,1.799872
FILLER_31_109,VPWR,li1,56.3500,95.2000,1.799881
FILLER_31_93,VPWR,li1,51.0600,95.2000,1.799895
FILLER_31_81,VPWR,li1,45.5400,95.2000,1.799907
FILLER_31_69,VPWR,li1,40.0200,95.2000,1.799921
FILLER_31_57,VPWR,li1,34.5000,95.2000,1.799935
FILLER_31_55,VPWR,li1,31.0500,95.2000,1.799945
FILLER_31_47,VPWR,li1,28.9800,95.2000,1.799953
FILLER_31_39,VPWR,li1,23.9200,95.2000,1.799963
FILLER_31_26,VPWR,li1,17.7100,95.2000,1.799967
FILLER_30_334,VPWR,li1,159.3900,95.2000,1.799800
FILLER_30_330,VPWR,li1,158.2400,95.2000,1.799800
FILLER_30_309,VPWR,li1,149.0400,95.2000,1.799800
FILLER_30_302,VPWR,li1,145.8200,95.2000,1.799800
FILLER_30_298,VPWR,li1,143.0600,95.2000,1.799800
FILLER_30_275,VPWR,li1,132.2500,95.2000,1.799801
FILLER_30_253,VPWR,li1,124.6600,95.2000,1.799805
FILLER_30_246,VPWR,li1,120.0600,95.2000,1.799807
FILLER_30_239,VPWR,li1,115.6900,95.2000,1.799810
FILLER_30_235,VPWR,li1,114.5400,95.2000,1.799810
FILLER_30_223,VPWR,li1,110.8600,95.2000,1.799813
FILLER_30_211,VPWR,li1,105.3400,95.2000,1.799817
FILLER_30_199,VPWR,li1,99.8200,95.2000,1.799822
FILLER_30_195,VPWR,li1,95.4500,95.2000,1.799826
FILLER_30_163,VPWR,li1,82.3400,95.2000,1.799837
FILLER_30_145,VPWR,li1,72.9100,95.2000,1.799852
FILLER_30_133,VPWR,li1,66.9300,95.2000,1.799861
FILLER_30_108,VPWR,li1,55.4300,95.2000,1.799887
FILLER_30_91,VPWR,li1,48.0700,95.2000,1.799901
FILLER_30_69,VPWR,li1,37.7200,95.2000,1.799927
FILLER_30_61,VPWR,li1,35.4200,95.2000,1.799935
FILLER_30_54,VPWR,li1,30.5900,95.2000,1.799945
FILLER_30_42,VPWR,li1,27.6000,95.2000,1.799953
FILLER_29_313,VPWR,li1,149.7300,89.7600,1.799523
FILLER_29_304,VPWR,li1,145.5900,89.7600,1.799524
FILLER_29_294,VPWR,li1,142.6000,89.7600,1.799525
FILLER_29_285,VPWR,li1,136.8500,89.7600,1.799527
FILLER_29_281,VPWR,li1,135.7000,89.7600,1.799528
FILLER_29_279,VPWR,li1,134.0900,89.7600,1.799528
FILLER_29_273,VPWR,li1,132.4800,89.7600,1.799528
FILLER_29_267,VPWR,li1,128.5700,89.7600,1.799530
FILLER_29_249,VPWR,li1,121.9000,89.7600,1.799534
FILLER_29_243,VPWR,li1,117.9900,89.7600,1.799536
FILLER_29_235,VPWR,li1,115.4600,89.7600,1.799537
FILLER_29_216,VPWR,li1,106.7200,89.7600,1.799543
FILLER_29_205,VPWR,li1,100.0500,89.7600,1.799548
FILLER_29_185,VPWR,li1,90.8500,89.7600,1.799558
FILLER_29_178,VPWR,li1,87.6300,89.7600,1.799560
FILLER_29_167,VPWR,li1,82.5700,89.7600,1.799573
FILLER_29_159,VPWR,li1,80.5000,89.7600,1.799585
FILLER_29_147,VPWR,li1,75.9000,89.7600,1.799610
FILLER_29_135,VPWR,li1,70.3800,89.7600,1.799644
FILLER_29_132,VPWR,li1,66.4700,89.7600,1.799670
FILLER_29_120,VPWR,li1,63.4800,89.7600,1.799681
FILLER_29_96,VPWR,li1,50.1400,89.7600,1.799754
FILLER_29_84,VPWR,li1,46.9200,89.7600,1.799773
FILLER_29_73,VPWR,li1,39.7900,89.7600,1.799815
FILLER_29_61,VPWR,li1,36.3400,89.7600,1.799836
FILLER_29_53,VPWR,li1,30.5900,89.7600,1.799870
FILLER_29_34,VPWR,li1,21.3900,89.7600,1.799931
FILLER_29_30,VPWR,li1,20.2400,89.7600,1.799930
FILLER_29_23,VPWR,li1,16.3300,89.7600,1.799927
FILLER_28_309,VPWR,li1,147.8900,89.7600,1.799524
FILLER_28_297,VPWR,li1,142.3700,89.7600,1.799526
FILLER_28_291,VPWR,li1,140.7600,89.7600,1.799526
FILLER_28_279,VPWR,li1,136.6200,89.7600,1.799527
FILLER_28_267,VPWR,li1,131.1000,89.7600,1.799529
FILLER_28_253,VPWR,li1,122.8200,89.7600,1.799534
FILLER_28_251,VPWR,li1,121.2100,89.7600,1.799534
FILLER_28_247,VPWR,li1,120.0600,89.7600,1.799535
FILLER_28_239,VPWR,li1,115.6900,89.7600,1.799537
FILLER_28_227,VPWR,li1,112.7000,89.7600,1.799539
FILLER_28_215,VPWR,li1,107.1800,89.7600,1.799543
FILLER_28_203,VPWR,li1,101.6600,89.7600,1.799548
FILLER_28_195,VPWR,li1,95.4500,89.7600,1.799552
FILLER_28_187,VPWR,li1,93.3800,89.7600,1.799554
FILLER_28_184,VPWR,li1,90.3900,89.7600,1.799558
FILLER_28_141,VPWR,li1,71.3000,89.7600,1.799644
FILLER_28_139,VPWR,li1,69.6900,89.7600,1.799644
FILLER_28_129,VPWR,li1,65.0900,89.7600,1.799670
FILLER_28_121,VPWR,li1,63.0200,89.7600,1.799681
FILLER_28_109,VPWR,li1,58.4200,89.7600,1.799707
FILLER_28_97,VPWR,li1,50.6000,89.7600,1.799754
FILLER_28_85,VPWR,li1,47.3800,89.7600,1.799773
FILLER_28_82,VPWR,li1,43.7000,89.7600,1.799792
FILLER_28_73,VPWR,li1,39.7900,89.7600,1.799815
FILLER_28_61,VPWR,li1,36.3400,89.7600,1.799836
FILLER_28_49,VPWR,li1,30.8200,89.7600,1.799870
FILLER_28_37,VPWR,li1,25.3000,89.7600,1.799907
FILLER_28_13,VPWR,li1,12.8800,89.7600,1.799926
FILLER_28_7,VPWR,li1,9.6600,89.7600,1.799924
FILLER_27_329,VPWR,li1,158.2400,84.3200,1.799743
FILLER_27_326,VPWR,li1,155.7100,84.3200,1.799743
FILLER_27_322,VPWR,li1,154.5600,84.3200,1.799743
FILLER_27_313,VPWR,li1,150.1900,84.3200,1.799743
FILLER_27_289,VPWR,li1,138.6900,84.3200,1.799745
FILLER_27_281,VPWR,li1,135.0100,84.3200,1.799746
FILLER_27_279,VPWR,li1,134.0900,84.3200,1.799746
FILLER_27_271,VPWR,li1,130.4100,84.3200,1.799749
FILLER_27_265,VPWR,li1,128.8000,84.3200,1.799749
FILLER_27_254,VPWR,li1,123.0500,84.3200,1.799754
FILLER_27_246,VPWR,li1,120.5200,84.3200,1.799756
FILLER_27_237,VPWR,li1,115.2300,84.3200,1.799763
FILLER_27_225,VPWR,li1,111.7800,84.3200,1.799767
FILLER_27_223,VPWR,li1,108.3300,84.3200,1.799772
FILLER_27_211,VPWR,li1,105.3400,84.3200,1.799779
FILLER_27_199,VPWR,li1,99.8200,84.3200,1.799786
FILLER_27_186,VPWR,li1,91.3100,84.3200,1.799799
FILLER_27_174,VPWR,li1,88.3200,84.3200,1.799806
FILLER_27_169,VPWR,li1,83.7200,84.3200,1.799815
FILLER_27_166,VPWR,li1,82.3400,84.3200,1.799819
FILLER_27_156,VPWR,li1,77.7400,84.3200,1.799827
FILLER_27_149,VPWR,li1,74.2900,84.3200,1.799833
FILLER_27_143,VPWR,li1,72.6800,84.3200,1.799838
FILLER_27_135,VPWR,li1,68.0800,84.3200,1.799847
FILLER_27_127,VPWR,li1,65.7800,84.3200,1.799853
FILLER_27_113,VPWR,li1,58.1900,84.3200,1.799874
FILLER_27_110,VPWR,li1,56.5800,84.3200,1.799874
FILLER_27_94,VPWR,li1,48.9900,84.3200,1.799898
FILLER_27_82,VPWR,li1,44.6200,84.3200,1.799908
FILLER_27_75,VPWR,li1,40.7100,84.3200,1.799916
FILLER_27_67,VPWR,li1,37.0300,84.3200,1.799926
FILLER_27_57,VPWR,li1,32.6600,84.3200,1.799939
FILLER_27_53,VPWR,li1,30.5900,84.3200,1.799944
FILLER_27_45,VPWR,li1,28.0600,84.3200,1.799951
FILLER_27_33,VPWR,li1,23.4600,84.3200,1.799969
FILLER_27_25,VPWR,li1,17.4800,84.3200,1.799968
FILLER_27_13,VPWR,li1,14.2600,84.3200,1.799967
FILLER_27_3,VPWR,li1,7.3600,84.3200,1.799966
FILLER_26_319,VPWR,li1,155.0200,84.3200,1.799743
FILLER_26_309,VPWR,li1,149.5000,84.3200,1.799743
FILLER_26_307,VPWR,li1,146.9700,84.3200,1.799744
FILLER_26_300,VPWR,li1,143.7500,84.3200,1.799744
FILLER_26_296,VPWR,li1,142.6000,84.3200,1.799744
FILLER_26_284,VPWR,li1,138.9200,84.3200,1.799745
FILLER_26_272,VPWR,li1,133.4000,84.3200,1.799747
FILLER_26_253,VPWR,li1,122.5900,84.3200,1.799754
FILLER_26_234,VPWR,li1,113.3900,84.3200,1.799767
FILLER_26_220,VPWR,li1,107.1800,84.3200,1.799776
FILLER_26_208,VPWR,li1,101.6600,84.3200,1.799782
FILLER_26_197,VPWR,li1,97.0600,84.3200,1.799790
FILLER_26_194,VPWR,li1,95.2200,84.3200,1.799793
FILLER_26_166,VPWR,li1,82.1100,84.3200,1.799819
FILLER_26_162,VPWR,li1,80.9600,84.3200,1.799819
FILLER_26_132,VPWR,li1,68.0800,84.3200,1.799847
FILLER_26_120,VPWR,li1,63.4800,84.3200,1.799860
FILLER_26_115,VPWR,li1,58.6500,84.3200,1.799869
FILLER_26_109,VPWR,li1,57.0400,84.3200,1.799874
FILLER_26_97,VPWR,li1,52.9000,84.3200,1.799884
FILLER_26_85,VPWR,li1,47.3800,84.3200,1.799898
FILLER_26_81,VPWR,li1,43.4700,84.3200,1.799908
FILLER_26_73,VPWR,li1,40.9400,84.3200,1.799916
FILLER_26_68,VPWR,li1,37.0300,84.3200,1.799926
FILLER_26_58,VPWR,li1,32.4300,84.3200,1.799939
FILLER_26_50,VPWR,li1,28.7500,84.3200,1.799951
FILLER_26_43,VPWR,li1,25.5300,84.3200,1.799958
FILLER_26_31,VPWR,li1,22.5400,84.3200,1.799969
FILLER_26_25,VPWR,li1,17.7100,84.3200,1.799968
FILLER_26_7,VPWR,li1,9.2000,84.3200,1.799967
FILLER_25_307,VPWR,li1,148.1200,78.8800,1.799850
FILLER_25_303,VPWR,li1,145.3600,78.8800,1.799851
FILLER_25_291,VPWR,li1,142.1400,78.8800,1.799853
FILLER_25_281,VPWR,li1,135.7000,78.8800,1.799857
FILLER_25_278,VPWR,li1,133.8600,78.8800,1.799858
FILLER_25_266,VPWR,li1,130.6400,78.8800,1.799860
FILLER_25_257,VPWR,li1,123.9700,78.8800,1.799864
FILLER_25_249,VPWR,li1,121.9000,78.8800,1.799866
FILLER_25_237,VPWR,li1,117.3000,78.8800,1.799870
FILLER_25_225,VPWR,li1,111.7800,78.8800,1.799874
FILLER_25_223,VPWR,li1,108.3300,78.8800,1.799877
FILLER_25_211,VPWR,li1,105.3400,78.8800,1.799881
FILLER_25_188,VPWR,li1,94.7600,78.8800,1.799889
FILLER_25_167,VPWR,li1,82.5700,78.8800,1.799900
FILLER_25_155,VPWR,li1,79.5800,78.8800,1.799904
FILLER_25_143,VPWR,li1,74.0600,78.8800,1.799910
FILLER_25_105,VPWR,li1,54.0500,78.8800,1.799935
FILLER_25_99,VPWR,li1,52.4400,78.8800,1.799935
FILLER_25_84,VPWR,li1,45.5400,78.8800,1.799946
FILLER_25_72,VPWR,li1,41.4000,78.8800,1.799949
FILLER_25_60,VPWR,li1,35.8800,78.8800,1.799957
FILLER_25_57,VPWR,li1,31.9700,78.8800,1.799964
FILLER_25_52,VPWR,li1,30.3600,78.8800,1.799964
FILLER_25_40,VPWR,li1,25.3000,78.8800,1.799971
FILLER_25_16,VPWR,li1,13.1100,78.8800,1.799968
FILLER_25_7,VPWR,li1,8.9700,78.8800,1.799966
FILLER_24_333,VPWR,li1,159.1600,78.8800,1.799845
FILLER_24_324,VPWR,li1,154.7900,78.8800,1.799846
FILLER_24_318,VPWR,li1,153.1800,78.8800,1.799846
FILLER_24_307,VPWR,li1,146.9700,78.8800,1.799851
FILLER_24_274,VPWR,li1,132.9400,78.8800,1.799858
FILLER_24_257,VPWR,li1,123.9700,78.8800,1.799864
FILLER_24_253,VPWR,li1,122.8200,78.8800,1.799866
FILLER_24_251,VPWR,li1,121.2100,78.8800,1.799868
FILLER_24_245,VPWR,li1,119.6000,78.8800,1.799868
FILLER_24_233,VPWR,li1,115.4600,78.8800,1.799871
FILLER_24_221,VPWR,li1,109.9400,78.8800,1.799877
FILLER_24_209,VPWR,li1,104.4200,78.8800,1.799881
FILLER_24_197,VPWR,li1,98.9000,78.8800,1.799885
FILLER_24_195,VPWR,li1,95.4500,78.8800,1.799889
FILLER_24_190,VPWR,li1,93.6100,78.8800,1.799891
FILLER_24_170,VPWR,li1,86.4800,78.8800,1.799896
FILLER_24_158,VPWR,li1,80.9600,78.8800,1.799904
FILLER_24_146,VPWR,li1,75.4400,78.8800,1.799910
FILLER_24_139,VPWR,li1,69.6900,78.8800,1.799916
FILLER_24_135,VPWR,li1,68.5400,78.8800,1.799916
FILLER_24_129,VPWR,li1,65.7800,78.8800,1.799919
FILLER_24_119,VPWR,li1,61.6400,78.8800,1.799924
FILLER_24_107,VPWR,li1,57.5000,78.8800,1.799929
FILLER_24_100,VPWR,li1,51.7500,78.8800,1.799938
FILLER_24_94,VPWR,li1,50.1400,78.8800,1.799938
FILLER_24_83,VPWR,li1,43.9300,78.8800,1.799946
FILLER_24_68,VPWR,li1,37.4900,78.8800,1.799954
FILLER_24_60,VPWR,li1,34.9600,78.8800,1.799957
FILLER_24_37,VPWR,li1,23.0000,78.8800,1.799976
FILLER_24_29,VPWR,li1,19.0900,78.8800,1.799972
FILLER_24_27,VPWR,li1,18.1700,78.8800,1.799972
FILLER_23_323,VPWR,li1,156.8600,73.4400,1.799759
FILLER_23_309,VPWR,li1,149.5000,73.4400,1.799762
FILLER_23_290,VPWR,li1,140.7600,73.4400,1.799767
FILLER_23_279,VPWR,li1,134.0900,73.4400,1.799772
FILLER_23_271,VPWR,li1,132.0200,73.4400,1.799774
FILLER_23_212,VPWR,li1,103.2700,73.4400,1.799807
FILLER_23_208,VPWR,li1,102.1200,73.4400,1.799807
FILLER_23_193,VPWR,li1,94.5300,73.4400,1.799818
FILLER_23_176,VPWR,li1,87.1700,73.4400,1.799828
FILLER_23_139,VPWR,li1,72.2200,73.4400,1.799852
FILLER_23_127,VPWR,li1,66.7000,73.4400,1.799862
FILLER_23_103,VPWR,li1,53.3600,73.4400,1.799891
FILLER_23_91,VPWR,li1,50.1400,73.4400,1.799899
FILLER_23_79,VPWR,li1,44.6200,73.4400,1.799913
FILLER_23_65,VPWR,li1,35.8800,73.4400,1.799934
FILLER_23_57,VPWR,li1,33.5800,73.4400,1.799938
FILLER_23_55,VPWR,li1,31.0500,73.4400,1.799945
FILLER_23_51,VPWR,li1,29.9000,73.4400,1.799949
FILLER_23_39,VPWR,li1,26.2200,73.4400,1.799956
FILLER_23_24,VPWR,li1,16.7900,73.4400,1.799962
FILLER_22_307,VPWR,li1,146.9700,73.4400,1.799764
FILLER_22_299,VPWR,li1,143.9800,73.4400,1.799766
FILLER_22_292,VPWR,li1,140.7600,73.4400,1.799767
FILLER_22_280,VPWR,li1,137.0800,73.4400,1.799770
FILLER_22_250,VPWR,li1,120.9800,73.4400,1.799784
FILLER_22_238,VPWR,li1,117.7600,73.4400,1.799788
FILLER_22_222,VPWR,li1,107.8700,73.4400,1.799800
FILLER_22_205,VPWR,li1,100.0500,73.4400,1.799811
FILLER_22_197,VPWR,li1,97.9800,73.4400,1.799815
FILLER_22_194,VPWR,li1,95.2200,73.4400,1.799818
FILLER_22_175,VPWR,li1,86.4800,73.4400,1.799831
FILLER_22_167,VPWR,li1,84.1800,73.4400,1.799834
FILLER_22_157,VPWR,li1,78.4300,73.4400,1.799842
FILLER_22_123,VPWR,li1,62.3300,73.4400,1.799871
FILLER_22_117,VPWR,li1,60.7200,73.4400,1.799878
FILLER_22_105,VPWR,li1,56.5800,73.4400,1.799887
FILLER_22_93,VPWR,li1,51.0600,73.4400,1.799899
FILLER_22_83,VPWR,li1,43.9300,73.4400,1.799913
FILLER_22_75,VPWR,li1,40.2500,73.4400,1.799924
FILLER_22_63,VPWR,li1,35.1900,73.4400,1.799934
FILLER_22_57,VPWR,li1,31.9700,73.4400,1.799945
FILLER_22_43,VPWR,li1,26.6800,73.4400,1.799956
FILLER_22_19,VPWR,li1,14.4900,73.4400,1.799960
FILLER_21_330,VPWR,li1,157.5500,68.0000,1.799859
FILLER_21_324,VPWR,li1,155.9400,68.0000,1.799859
FILLER_21_316,VPWR,li1,151.1100,68.0000,1.799859
FILLER_21_301,VPWR,li1,145.8200,68.0000,1.799860
FILLER_21_291,VPWR,li1,140.0700,68.0000,1.799861
FILLER_21_287,VPWR,li1,137.7700,68.0000,1.799862
FILLER_21_281,VPWR,li1,136.1600,68.0000,1.799862
FILLER_21_272,VPWR,li1,132.4800,68.0000,1.799863
FILLER_21_260,VPWR,li1,126.9600,68.0000,1.799866
FILLER_21_244,VPWR,li1,119.6000,68.0000,1.799870
FILLER_21_232,VPWR,li1,115.0000,68.0000,1.799873
FILLER_21_223,VPWR,li1,108.3300,68.0000,1.799877
FILLER_21_210,VPWR,li1,102.3500,68.0000,1.799882
FILLER_21_204,VPWR,li1,100.7400,68.0000,1.799883
FILLER_21_193,VPWR,li1,96.1400,68.0000,1.799887
FILLER_21_181,VPWR,li1,91.5400,68.0000,1.799891
FILLER_21_169,VPWR,li1,86.0200,68.0000,1.799896
FILLER_21_167,VPWR,li1,82.5700,68.0000,1.799899
FILLER_21_161,VPWR,li1,80.9600,68.0000,1.799902
FILLER_21_149,VPWR,li1,76.8200,68.0000,1.799905
FILLER_21_137,VPWR,li1,71.3000,68.0000,1.799911
FILLER_21_117,VPWR,li1,61.1800,68.0000,1.799922
FILLER_21_110,VPWR,li1,56.5800,68.0000,1.799928
FILLER_21_77,VPWR,li1,41.1700,68.0000,1.799948
FILLER_21_69,VPWR,li1,37.4900,68.0000,1.799953
FILLER_21_57,VPWR,li1,33.1200,68.0000,1.799961
FILLER_21_55,VPWR,li1,31.0500,68.0000,1.799964
FILLER_21_49,VPWR,li1,29.4400,68.0000,1.799964
FILLER_21_3,VPWR,li1,7.1300,68.0000,1.799972
FILLER_20_334,VPWR,li1,159.3900,68.0000,1.799858
FILLER_20_322,VPWR,li1,156.4000,68.0000,1.799859
FILLER_20_317,VPWR,li1,151.5700,68.0000,1.799859
FILLER_20_309,VPWR,li1,149.5000,68.0000,1.799859
FILLER_20_305,VPWR,li1,146.5100,68.0000,1.799860
FILLER_20_297,VPWR,li1,142.8300,68.0000,1.799860
FILLER_20_289,VPWR,li1,140.3000,68.0000,1.799861
FILLER_20_283,VPWR,li1,135.9300,68.0000,1.799862
FILLER_20_277,VPWR,li1,134.3200,68.0000,1.799862
FILLER_20_265,VPWR,li1,130.1800,68.0000,1.799865
FILLER_20_253,VPWR,li1,124.6600,68.0000,1.799868
FILLER_20_251,VPWR,li1,121.2100,68.0000,1.799869
FILLER_20_243,VPWR,li1,119.1400,68.0000,1.799870
FILLER_20_230,VPWR,li1,113.1600,68.0000,1.799874
FILLER_20_222,VPWR,li1,107.8700,68.0000,1.799878
FILLER_20_205,VPWR,li1,100.2800,68.0000,1.799883
FILLER_20_197,VPWR,li1,97.9800,68.0000,1.799885
FILLER_20_188,VPWR,li1,93.8400,68.0000,1.799889
FILLER_20_176,VPWR,li1,86.7100,68.0000,1.799896
FILLER_20_153,VPWR,li1,76.8200,68.0000,1.799905
FILLER_20_141,VPWR,li1,73.1400,68.0000,1.799909
FILLER_20_139,VPWR,li1,69.6900,68.0000,1.799914
FILLER_20_132,VPWR,li1,66.9300,68.0000,1.799916
FILLER_20_124,VPWR,li1,64.4000,68.0000,1.799920
FILLER_20_111,VPWR,li1,57.9600,68.0000,1.799928
FILLER_20_99,VPWR,li1,53.8200,68.0000,1.799932
FILLER_20_93,VPWR,li1,48.7600,68.0000,1.799938
FILLER_20_85,VPWR,li1,46.4600,68.0000,1.799941
FILLER_20_72,VPWR,li1,41.4000,68.0000,1.799948
FILLER_20_60,VPWR,li1,35.8800,68.0000,1.799957
FILLER_20_23,VPWR,li1,16.3300,68.0000,1.799974
FILLER_20_3,VPWR,li1,7.1300,68.0000,1.799972
FILLER_19_331,VPWR,li1,158.7000,62.5600,1.799835
FILLER_19_325,VPWR,li1,155.7100,62.5600,1.799835
FILLER_19_314,VPWR,li1,150.8800,62.5600,1.799835
FILLER_19_299,VPWR,li1,143.2900,62.5600,1.799836
FILLER_19_293,VPWR,li1,141.6800,62.5600,1.799836
FILLER_19_281,VPWR,li1,137.5400,62.5600,1.799838
FILLER_19_278,VPWR,li1,133.8600,62.5600,1.799838
FILLER_19_258,VPWR,li1,125.5800,62.5600,1.799842
FILLER_19_245,VPWR,li1,118.4500,62.5600,1.799845
FILLER_19_232,VPWR,li1,113.6200,62.5600,1.799848
FILLER_19_210,VPWR,li1,102.8100,62.5600,1.799856
FILLER_19_193,VPWR,li1,94.5300,62.5600,1.799862
FILLER_19_181,VPWR,li1,91.5400,62.5600,1.799865
FILLER_19_169,VPWR,li1,83.4900,62.5600,1.799873
FILLER_19_164,VPWR,li1,81.1900,62.5600,1.799877
FILLER_19_158,VPWR,li1,79.5800,62.5600,1.799877
FILLER_19_147,VPWR,li1,73.3700,62.5600,1.799887
FILLER_19_113,VPWR,li1,57.7300,62.5600,1.799905
FILLER_19_102,VPWR,li1,53.8200,62.5600,1.799910
FILLER_19_90,VPWR,li1,47.8400,62.5600,1.799918
FILLER_19_57,VPWR,li1,31.9700,62.5600,1.799947
FILLER_19_51,VPWR,li1,29.2100,62.5600,1.799952
FILLER_19_43,VPWR,li1,25.7600,62.5600,1.799960
FILLER_19_40,VPWR,li1,24.1500,62.5600,1.799965
FILLER_19_36,VPWR,li1,23.0000,62.5600,1.799965
FILLER_19_31,VPWR,li1,20.4700,62.5600,1.799971
FILLER_18_333,VPWR,li1,159.1600,62.5600,1.799835
FILLER_18_309,VPWR,li1,148.3500,62.5600,1.799835
FILLER_18_305,VPWR,li1,146.5100,62.5600,1.799836
FILLER_18_283,VPWR,li1,136.1600,62.5600,1.799838
FILLER_18_275,VPWR,li1,132.7100,62.5600,1.799839
FILLER_18_259,VPWR,li1,127.4200,62.5600,1.799841
FILLER_18_253,VPWR,li1,122.5900,62.5600,1.799844
FILLER_18_251,VPWR,li1,121.2100,62.5600,1.799844
FILLER_18_245,VPWR,li1,119.6000,62.5600,1.799845
FILLER_18_233,VPWR,li1,115.4600,62.5600,1.799847
FILLER_18_224,VPWR,li1,108.7900,62.5600,1.799851
FILLER_18_204,VPWR,li1,100.0500,62.5600,1.799858
FILLER_18_197,VPWR,li1,96.8300,62.5600,1.799860
FILLER_18_195,VPWR,li1,95.4500,62.5600,1.799862
FILLER_18_183,VPWR,li1,92.4600,62.5600,1.799865
FILLER_18_171,VPWR,li1,86.9400,62.5600,1.799870
FILLER_18_159,VPWR,li1,81.4200,62.5600,1.799875
FILLER_18_147,VPWR,li1,75.9000,62.5600,1.799882
FILLER_18_139,VPWR,li1,69.6900,62.5600,1.799889
FILLER_18_96,VPWR,li1,50.1400,62.5600,1.799915
FILLER_18_85,VPWR,li1,45.0800,62.5600,1.799924
FILLER_18_51,VPWR,li1,29.2100,62.5600,1.799952
FILLER_17_323,VPWR,li1,154.5600,57.1200,1.799886
FILLER_17_315,VPWR,li1,152.2600,57.1200,1.799886
FILLER_17_303,VPWR,li1,147.6600,57.1200,1.799886
FILLER_17_293,VPWR,li1,141.6800,57.1200,1.799886
FILLER_17_281,VPWR,li1,137.5400,57.1200,1.799886
FILLER_17_278,VPWR,li1,133.8600,57.1200,1.799887
FILLER_17_271,VPWR,li1,130.8700,57.1200,1.799888
FILLER_17_263,VPWR,li1,128.3400,57.1200,1.799889
FILLER_17_251,VPWR,li1,123.7400,57.1200,1.799890
FILLER_17_239,VPWR,li1,118.2200,57.1200,1.799891
FILLER_17_230,VPWR,li1,111.7800,57.1200,1.799893
FILLER_17_225,VPWR,li1,109.4800,57.1200,1.799894
FILLER_17_205,VPWR,li1,101.2000,57.1200,1.799896
FILLER_17_193,VPWR,li1,97.0600,57.1200,1.799897
FILLER_17_181,VPWR,li1,91.5400,57.1200,1.799900
FILLER_17_173,VPWR,li1,85.3300,57.1200,1.799903
FILLER_17_169,VPWR,li1,84.1800,57.1200,1.799903
FILLER_17_166,VPWR,li1,82.3400,57.1200,1.799904
FILLER_17_158,VPWR,li1,80.0400,57.1200,1.799905
FILLER_17_151,VPWR,li1,75.2100,57.1200,1.799908
FILLER_17_147,VPWR,li1,74.0600,57.1200,1.799908
FILLER_17_135,VPWR,li1,70.3800,57.1200,1.799911
FILLER_17_123,VPWR,li1,64.8600,57.1200,1.799914
FILLER_17_120,VPWR,li1,60.9500,57.1200,1.799917
FILLER_17_113,VPWR,li1,57.7300,57.1200,1.799919
FILLER_17_106,VPWR,li1,55.6600,57.1200,1.799921
FILLER_17_96,VPWR,li1,49.9100,57.1200,1.799927
FILLER_17_89,VPWR,li1,47.1500,57.1200,1.799929
FILLER_17_77,VPWR,li1,43.7000,57.1200,1.799933
FILLER_17_46,VPWR,li1,26.9100,57.1200,1.799960
FILLER_17_40,VPWR,li1,25.3000,57.1200,1.799965
FILLER_17_3,VPWR,li1,7.1300,57.1200,1.799965
FILLER_16_327,VPWR,li1,156.1700,57.1200,1.799886
FILLER_16_321,VPWR,li1,154.5600,57.1200,1.799886
FILLER_16_309,VPWR,li1,149.5000,57.1200,1.799886
FILLER_16_306,VPWR,li1,146.7400,57.1200,1.799886
FILLER_16_296,VPWR,li1,142.1400,57.1200,1.799886
FILLER_16_274,VPWR,li1,132.4800,57.1200,1.799888
FILLER_16_259,VPWR,li1,124.8900,57.1200,1.799890
FILLER_16_244,VPWR,li1,119.6000,57.1200,1.799891
FILLER_16_232,VPWR,li1,115.0000,57.1200,1.799892
FILLER_16_220,VPWR,li1,109.4800,57.1200,1.799894
FILLER_16_208,VPWR,li1,103.9600,57.1200,1.799895
FILLER_16_197,VPWR,li1,96.3700,57.1200,1.799898
FILLER_16_192,VPWR,li1,94.7600,57.1200,1.799898
FILLER_16_170,VPWR,li1,86.4800,57.1200,1.799902
FILLER_16_139,VPWR,li1,69.6900,57.1200,1.799912
FILLER_16_126,VPWR,li1,63.7100,57.1200,1.799916
FILLER_16_122,VPWR,li1,62.5600,57.1200,1.799916
FILLER_16_111,VPWR,li1,56.8100,57.1200,1.799921
FILLER_16_103,VPWR,li1,54.7400,57.1200,1.799922
FILLER_16_85,VPWR,li1,46.4600,57.1200,1.799929
FILLER_16_64,VPWR,li1,35.1900,57.1200,1.799940
FILLER_16_45,VPWR,li1,26.9100,57.1200,1.799960
FILLER_16_41,VPWR,li1,24.8400,57.1200,1.799965
FILLER_16_27,VPWR,li1,18.1700,57.1200,1.799968
FILLER_16_10,VPWR,li1,10.3500,57.1200,1.799965
FILLER_15_334,VPWR,li1,159.3900,51.6800,1.799427
FILLER_15_308,VPWR,li1,148.5800,51.6800,1.799427
FILLER_15_297,VPWR,li1,142.3700,51.6800,1.799428
FILLER_15_293,VPWR,li1,141.2200,51.6800,1.799428
FILLER_15_281,VPWR,li1,137.5400,51.6800,1.799429
FILLER_15_279,VPWR,li1,134.0900,51.6800,1.799430
FILLER_15_273,VPWR,li1,132.4800,51.6800,1.799430
FILLER_15_249,VPWR,li1,120.7500,51.6800,1.799436
FILLER_15_241,VPWR,li1,118.2200,51.6800,1.799437
FILLER_15_233,VPWR,li1,113.3900,51.6800,1.799440
FILLER_15_225,VPWR,li1,110.8600,51.6800,1.799442
FILLER_15_221,VPWR,li1,107.8700,51.6800,1.799444
FILLER_15_204,VPWR,li1,99.5900,51.6800,1.799453
FILLER_15_200,VPWR,li1,98.4400,51.6800,1.799453
FILLER_15_153,VPWR,li1,76.5900,51.6800,1.799536
FILLER_15_141,VPWR,li1,73.1400,51.6800,1.799559
FILLER_15_138,VPWR,li1,69.2300,51.6800,1.799590
FILLER_15_134,VPWR,li1,68.0800,51.6800,1.799602
FILLER_15_131,VPWR,li1,66.0100,51.6800,1.799617
FILLER_15_125,VPWR,li1,64.4000,51.6800,1.799617
FILLER_15_113,VPWR,li1,60.2600,51.6800,1.799645
FILLER_15_100,VPWR,li1,54.2800,51.6800,1.799691
FILLER_15_88,VPWR,li1,48.7600,51.6800,1.799722
FILLER_15_75,VPWR,li1,40.7100,51.6800,1.799785
FILLER_15_61,VPWR,li1,33.8100,51.6800,1.799832
FILLER_15_57,VPWR,li1,32.6600,51.6800,1.799832
FILLER_15_55,VPWR,li1,31.0500,51.6800,1.799848
FILLER_15_3,VPWR,li1,7.1300,51.6800,1.799908
FILLER_14_333,VPWR,li1,159.1600,51.6800,1.799427
FILLER_14_324,VPWR,li1,154.7900,51.6800,1.799427
FILLER_14_320,VPWR,li1,153.1800,51.6800,1.799427
FILLER_14_309,VPWR,li1,148.5800,51.6800,1.799427
FILLER_14_307,VPWR,li1,146.9700,51.6800,1.799427
FILLER_14_301,VPWR,li1,145.3600,51.6800,1.799427
FILLER_14_285,VPWR,li1,137.0800,51.6800,1.799429
FILLER_14_277,VPWR,li1,133.8600,51.6800,1.799430
FILLER_14_265,VPWR,li1,130.1800,51.6800,1.799431
FILLER_14_253,VPWR,li1,124.6600,51.6800,1.799433
FILLER_14_251,VPWR,li1,121.2100,51.6800,1.799436
FILLER_14_243,VPWR,li1,117.9900,51.6800,1.799437
FILLER_14_205,VPWR,li1,100.0500,51.6800,1.799451
FILLER_14_197,VPWR,li1,97.9800,51.6800,1.799453
FILLER_14_188,VPWR,li1,93.8400,51.6800,1.799456
FILLER_14_176,VPWR,li1,89.2400,51.6800,1.799462
FILLER_14_167,VPWR,li1,82.8000,51.6800,1.799495
FILLER_14_161,VPWR,li1,80.2700,51.6800,1.799511
FILLER_14_153,VPWR,li1,77.7400,51.6800,1.799536
FILLER_14_141,VPWR,li1,73.1400,51.6800,1.799559
FILLER_14_134,VPWR,li1,68.5400,51.6800,1.799590
FILLER_14_122,VPWR,li1,64.4000,51.6800,1.799617
FILLER_14_110,VPWR,li1,56.5800,51.6800,1.799670
FILLER_14_98,VPWR,li1,53.3600,51.6800,1.799691
FILLER_14_85,VPWR,li1,46.0000,51.6800,1.799741
FILLER_14_82,VPWR,li1,43.7000,51.6800,1.799757
FILLER_14_74,VPWR,li1,41.4000,51.6800,1.799773
FILLER_14_63,VPWR,li1,35.1900,51.6800,1.799815
FILLER_14_51,VPWR,li1,31.7400,51.6800,1.799848
FILLER_14_43,VPWR,li1,25.5300,51.6800,1.799886
FILLER_14_21,VPWR,li1,15.4100,51.6800,1.799910
FILLER_14_3,VPWR,li1,7.1300,51.6800,1.799908
FILLER_13_332,VPWR,li1,158.9300,46.2400,1.799839
FILLER_13_324,VPWR,li1,156.4000,46.2400,1.799839
FILLER_13_315,VPWR,li1,150.6500,46.2400,1.799839
FILLER_13_311,VPWR,li1,149.5000,46.2400,1.799839
FILLER_13_302,VPWR,li1,145.3600,46.2400,1.799840
FILLER_13_290,VPWR,li1,141.6800,46.2400,1.799840
FILLER_13_276,VPWR,li1,133.4000,46.2400,1.799843
FILLER_13_264,VPWR,li1,129.7200,46.2400,1.799845
FILLER_13_252,VPWR,li1,124.2000,46.2400,1.799847
FILLER_13_233,VPWR,li1,115.4600,46.2400,1.799851
FILLER_13_223,VPWR,li1,108.3300,46.2400,1.799856
FILLER_13_219,VPWR,li1,107.1800,46.2400,1.799856
FILLER_13_212,VPWR,li1,103.2700,46.2400,1.799859
FILLER_13_204,VPWR,li1,101.2000,46.2400,1.799860
FILLER_13_192,VPWR,li1,96.6000,46.2400,1.799864
FILLER_13_169,VPWR,li1,83.9500,46.2400,1.799874
FILLER_13_164,VPWR,li1,81.8800,46.2400,1.799876
FILLER_13_148,VPWR,li1,74.2900,46.2400,1.799884
FILLER_13_124,VPWR,li1,64.4000,46.2400,1.799898
FILLER_13_113,VPWR,li1,57.7300,46.2400,1.799907
FILLER_13_106,VPWR,li1,54.5100,46.2400,1.799914
FILLER_13_102,VPWR,li1,53.3600,46.2400,1.799914
FILLER_13_81,VPWR,li1,43.0100,46.2400,1.799932
FILLER_13_69,VPWR,li1,40.0200,46.2400,1.799936
FILLER_13_57,VPWR,li1,34.5000,46.2400,1.799947
FILLER_13_52,VPWR,li1,30.3600,46.2400,1.799953
FILLER_13_41,VPWR,li1,24.8400,46.2400,1.799961
FILLER_13_15,VPWR,li1,12.6500,46.2400,1.799963
FILLER_12_318,VPWR,li1,152.0300,46.2400,1.799839
FILLER_12_305,VPWR,li1,146.5100,46.2400,1.799840
FILLER_12_297,VPWR,li1,143.9800,46.2400,1.799840
FILLER_12_285,VPWR,li1,139.3800,46.2400,1.799841
FILLER_12_253,VPWR,li1,122.8200,46.2400,1.799847
FILLER_12_249,VPWR,li1,120.7500,46.2400,1.799848
FILLER_12_241,VPWR,li1,118.2200,46.2400,1.799850
FILLER_12_229,VPWR,li1,113.6200,46.2400,1.799853
FILLER_12_217,VPWR,li1,108.1000,46.2400,1.799856
FILLER_12_189,VPWR,li1,92.6900,46.2400,1.799866
FILLER_12_183,VPWR,li1,91.0800,46.2400,1.799868
FILLER_12_161,VPWR,li1,81.4200,46.2400,1.799876
FILLER_12_149,VPWR,li1,74.7500,46.2400,1.799884
FILLER_12_141,VPWR,li1,72.2200,46.2400,1.799887
FILLER_12_138,VPWR,li1,69.4600,46.2400,1.799890
FILLER_12_131,VPWR,li1,66.0100,46.2400,1.799895
FILLER_12_123,VPWR,li1,63.9400,46.2400,1.799898
FILLER_12_111,VPWR,li1,59.3400,46.2400,1.799907
FILLER_12_99,VPWR,li1,53.8200,46.2400,1.799914
FILLER_12_85,VPWR,li1,46.0000,46.2400,1.799928
FILLER_12_83,VPWR,li1,43.9300,46.2400,1.799932
FILLER_12_77,VPWR,li1,42.3200,46.2400,1.799932
FILLER_12_62,VPWR,li1,34.2700,46.2400,1.799947
FILLER_12_58,VPWR,li1,33.1200,46.2400,1.799947
FILLER_12_47,VPWR,li1,27.3700,46.2400,1.799958
FILLER_12_3,VPWR,li1,7.1300,46.2400,1.799962
FILLER_11_329,VPWR,li1,157.3200,40.8000,1.799899
FILLER_11_325,VPWR,li1,155.4800,40.8000,1.799899
FILLER_11_318,VPWR,li1,152.0300,40.8000,1.799899
FILLER_11_313,VPWR,li1,150.1900,40.8000,1.799900
FILLER_11_302,VPWR,li1,144.6700,40.8000,1.799900
FILLER_11_293,VPWR,li1,140.5300,40.8000,1.799901
FILLER_11_281,VPWR,li1,137.5400,40.8000,1.799901
FILLER_11_276,VPWR,li1,133.4000,40.8000,1.799902
FILLER_11_264,VPWR,li1,129.7200,40.8000,1.799903
FILLER_11_256,VPWR,li1,123.7400,40.8000,1.799904
FILLER_11_244,VPWR,li1,120.5200,40.8000,1.799906
FILLER_11_232,VPWR,li1,112.7000,40.8000,1.799908
FILLER_11_223,VPWR,li1,108.3300,40.8000,1.799911
FILLER_11_203,VPWR,li1,101.6600,40.8000,1.799913
FILLER_11_197,VPWR,li1,96.3700,40.8000,1.799916
FILLER_11_191,VPWR,li1,94.7600,40.8000,1.799916
FILLER_11_179,VPWR,li1,90.6200,40.8000,1.799918
FILLER_11_169,VPWR,li1,83.9500,40.8000,1.799924
FILLER_11_166,VPWR,li1,82.3400,40.8000,1.799924
FILLER_11_158,VPWR,li1,80.0400,40.8000,1.799926
FILLER_11_151,VPWR,li1,75.2100,40.8000,1.799930
FILLER_11_143,VPWR,li1,73.1400,40.8000,1.799932
FILLER_11_131,VPWR,li1,68.5400,40.8000,1.799936
FILLER_11_113,VPWR,li1,59.3400,40.8000,1.799944
FILLER_11_100,VPWR,li1,54.2800,40.8000,1.799951
FILLER_11_88,VPWR,li1,48.7600,40.8000,1.799955
FILLER_11_78,VPWR,li1,41.6300,40.8000,1.799963
FILLER_11_74,VPWR,li1,40.4800,40.8000,1.799963
FILLER_11_57,VPWR,li1,32.6600,40.8000,1.799972
FILLER_11_53,VPWR,li1,30.5900,40.8000,1.799974
FILLER_10_321,VPWR,li1,154.5600,40.8000,1.799899
FILLER_10_309,VPWR,li1,150.4200,40.8000,1.799899
FILLER_10_304,VPWR,li1,146.2800,40.8000,1.799900
FILLER_10_293,VPWR,li1,140.5300,40.8000,1.799901
FILLER_10_289,VPWR,li1,139.3800,40.8000,1.799901
FILLER_10_277,VPWR,li1,135.7000,40.8000,1.799902
FILLER_10_265,VPWR,li1,130.1800,40.8000,1.799903
FILLER_10_253,VPWR,li1,124.6600,40.8000,1.799904
FILLER_10_251,VPWR,li1,121.2100,40.8000,1.799906
FILLER_10_245,VPWR,li1,119.6000,40.8000,1.799906
FILLER_10_233,VPWR,li1,115.4600,40.8000,1.799907
FILLER_10_221,VPWR,li1,109.9400,40.8000,1.799910
FILLER_10_209,VPWR,li1,104.4200,40.8000,1.799912
FILLER_10_197,VPWR,li1,98.9000,40.8000,1.799915
FILLER_10_193,VPWR,li1,94.9900,40.8000,1.799916
FILLER_10_170,VPWR,li1,84.6400,40.8000,1.799922
FILLER_10_158,VPWR,li1,80.9600,40.8000,1.799926
FILLER_10_147,VPWR,li1,73.3700,40.8000,1.799932
FILLER_10_141,VPWR,li1,71.7600,40.8000,1.799934
FILLER_10_139,VPWR,li1,69.6900,40.8000,1.799936
FILLER_10_133,VPWR,li1,68.0800,40.8000,1.799936
FILLER_10_117,VPWR,li1,61.1800,40.8000,1.799942
FILLER_10_105,VPWR,li1,54.2800,40.8000,1.799951
FILLER_10_102,VPWR,li1,52.6700,40.8000,1.799951
FILLER_10_85,VPWR,li1,46.4600,40.8000,1.799958
FILLER_10_83,VPWR,li1,43.9300,40.8000,1.799961
FILLER_10_79,VPWR,li1,42.7800,40.8000,1.799961
FILLER_10_67,VPWR,li1,39.1000,40.8000,1.799966
FILLER_10_55,VPWR,li1,33.5800,40.8000,1.799972
FILLER_10_43,VPWR,li1,28.0600,40.8000,1.799977
FILLER_10_31,VPWR,li1,22.5400,40.8000,1.799984
FILLER_9_309,VPWR,li1,149.5000,35.3600,1.799676
FILLER_9_297,VPWR,li1,144.9000,35.3600,1.799681
FILLER_9_279,VPWR,li1,134.0900,35.3600,1.799695
FILLER_9_271,VPWR,li1,130.6400,35.3600,1.799697
FILLER_9_263,VPWR,li1,128.3400,35.3600,1.799702
FILLER_9_248,VPWR,li1,119.8300,35.3600,1.799719
FILLER_9_244,VPWR,li1,118.6800,35.3600,1.799719
FILLER_9_223,VPWR,li1,108.3300,35.3600,1.799737
FILLER_9_217,VPWR,li1,106.7200,35.3600,1.799742
FILLER_9_205,VPWR,li1,102.5800,35.3600,1.799749
FILLER_9_186,VPWR,li1,91.7700,35.3600,1.799772
FILLER_9_177,VPWR,li1,87.6300,35.3600,1.799784
FILLER_9_169,VPWR,li1,85.1000,35.3600,1.799790
FILLER_9_153,VPWR,li1,76.1300,35.3600,1.799816
FILLER_9_149,VPWR,li1,74.9800,35.3600,1.799816
FILLER_9_137,VPWR,li1,71.3000,35.3600,1.799826
FILLER_9_121,VPWR,li1,61.8700,35.3600,1.799852
FILLER_9_113,VPWR,li1,59.3400,35.3600,1.799859
FILLER_9_104,VPWR,li1,53.5900,35.3600,1.799879
FILLER_9_95,VPWR,li1,49.4500,35.3600,1.799891
FILLER_9_89,VPWR,li1,47.8400,35.3600,1.799891
FILLER_9_76,VPWR,li1,40.7100,35.3600,1.799912
FILLER_9_50,VPWR,li1,28.7500,35.3600,1.799948
FILLER_9_38,VPWR,li1,25.7600,35.3600,1.799956
FILLER_9_28,VPWR,li1,18.6300,35.3600,1.799968
FILLER_9_3,VPWR,li1,7.1300,35.3600,1.799968
FILLER_8_330,VPWR,li1,157.5500,35.3600,1.799669
FILLER_8_309,VPWR,li1,147.8900,35.3600,1.799678
FILLER_8_305,VPWR,li1,146.5100,35.3600,1.799678
FILLER_8_300,VPWR,li1,143.7500,35.3600,1.799681
FILLER_8_292,VPWR,li1,141.6800,35.3600,1.799685
FILLER_8_285,VPWR,li1,136.8500,35.3600,1.799689
FILLER_8_281,VPWR,li1,135.7000,35.3600,1.799692
FILLER_8_259,VPWR,li1,125.3500,35.3600,1.799706
FILLER_8_247,VPWR,li1,119.3700,35.3600,1.799719
FILLER_8_243,VPWR,li1,118.2200,35.3600,1.799719
FILLER_8_231,VPWR,li1,114.5400,35.3600,1.799725
FILLER_8_197,VPWR,li1,96.3700,35.3600,1.799764
FILLER_8_182,VPWR,li1,89.4700,35.3600,1.799778
FILLER_8_174,VPWR,li1,87.4000,35.3600,1.799784
FILLER_8_162,VPWR,li1,82.8000,35.3600,1.799796
FILLER_8_157,VPWR,li1,77.9700,35.3600,1.799811
FILLER_8_153,VPWR,li1,76.8200,35.3600,1.799811
FILLER_8_132,VPWR,li1,67.1600,35.3600,1.799838
FILLER_8_120,VPWR,li1,63.4800,35.3600,1.799852
FILLER_8_108,VPWR,li1,57.9600,35.3600,1.799867
FILLER_8_94,VPWR,li1,50.1400,35.3600,1.799884
FILLER_8_83,VPWR,li1,43.9300,35.3600,1.799905
FILLER_8_77,VPWR,li1,41.4000,35.3600,1.799912
FILLER_8_65,VPWR,li1,38.1800,35.3600,1.799923
FILLER_8_53,VPWR,li1,32.6600,35.3600,1.799936
FILLER_8_44,VPWR,li1,26.2200,35.3600,1.799956
FILLER_8_33,VPWR,li1,20.9300,35.3600,1.799968
FILLER_8_29,VPWR,li1,19.7800,35.3600,1.799968
FILLER_8_27,VPWR,li1,18.1700,35.3600,1.799968
FILLER_7_334,VPWR,li1,159.3900,29.9200,1.799886
FILLER_7_330,VPWR,li1,158.2400,29.9200,1.799886
FILLER_7_304,VPWR,li1,145.5900,29.9200,1.799887
FILLER_7_295,VPWR,li1,141.4500,29.9200,1.799887
FILLER_7_287,VPWR,li1,139.3800,29.9200,1.799887
FILLER_7_272,VPWR,li1,132.4800,29.9200,1.799888
FILLER_7_260,VPWR,li1,127.8800,29.9200,1.799890
FILLER_7_256,VPWR,li1,123.5100,29.9200,1.799891
FILLER_7_244,VPWR,li1,120.5200,29.9200,1.799892
FILLER_7_232,VPWR,li1,115.0000,29.9200,1.799895
FILLER_7_221,VPWR,li1,107.8700,29.9200,1.799899
FILLER_7_209,VPWR,li1,104.4200,29.9200,1.799900
FILLER_7_202,VPWR,li1,99.1300,29.9200,1.799904
FILLER_7_194,VPWR,li1,96.6000,29.9200,1.799905
FILLER_7_182,VPWR,li1,92.0000,29.9200,1.799908
FILLER_7_169,VPWR,li1,85.1000,29.9200,1.799912
FILLER_7_167,VPWR,li1,82.5700,29.9200,1.799913
FILLER_7_154,VPWR,li1,77.7400,29.9200,1.799916
FILLER_7_133,VPWR,li1,67.1600,29.9200,1.799924
FILLER_7_125,VPWR,li1,64.8600,29.9200,1.799926
FILLER_7_113,VPWR,li1,60.2600,29.9200,1.799931
FILLER_7_110,VPWR,li1,56.5800,29.9200,1.799936
FILLER_7_102,VPWR,li1,54.2800,29.9200,1.799939
FILLER_7_81,VPWR,li1,43.4700,29.9200,1.799954
FILLER_7_69,VPWR,li1,40.0200,29.9200,1.799957
FILLER_7_57,VPWR,li1,34.5000,29.9200,1.799967
FILLER_7_55,VPWR,li1,31.0500,29.9200,1.799972
FILLER_7_43,VPWR,li1,28.0600,29.9200,1.799976
FILLER_7_37,VPWR,li1,23.2300,29.9200,1.799981
FILLER_7_28,VPWR,li1,18.6300,29.9200,1.799985
FILLER_7_13,VPWR,li1,13.3400,29.9200,1.799985
FILLER_7_7,VPWR,li1,9.6600,29.9200,1.799985
FILLER_6_327,VPWR,li1,157.7800,29.9200,1.799886
FILLER_6_315,VPWR,li1,153.1800,29.9200,1.799886
FILLER_6_307,VPWR,li1,146.9700,29.9200,1.799886
FILLER_6_297,VPWR,li1,142.3700,29.9200,1.799887
FILLER_6_285,VPWR,li1,139.3800,29.9200,1.799887
FILLER_6_277,VPWR,li1,133.1700,29.9200,1.799888
FILLER_6_265,VPWR,li1,130.1800,29.9200,1.799889
FILLER_6_261,VPWR,li1,125.8100,29.9200,1.799890
FILLER_6_253,VPWR,li1,123.7400,29.9200,1.799891
FILLER_6_249,VPWR,li1,120.7500,29.9200,1.799892
FILLER_6_228,VPWR,li1,111.7800,29.9200,1.799897
FILLER_6_216,VPWR,li1,107.6400,29.9200,1.799899
FILLER_6_204,VPWR,li1,102.1200,29.9200,1.799902
FILLER_6_184,VPWR,li1,92.9200,29.9200,1.799908
FILLER_6_171,VPWR,li1,84.8700,29.9200,1.799912
FILLER_6_159,VPWR,li1,79.1200,29.9200,1.799916
FILLER_6_147,VPWR,li1,73.6000,29.9200,1.799919
FILLER_6_137,VPWR,li1,69.2300,29.9200,1.799922
FILLER_6_117,VPWR,li1,59.8000,29.9200,1.799933
FILLER_6_93,VPWR,li1,48.9900,29.9200,1.799945
FILLER_6_85,VPWR,li1,46.4600,29.9200,1.799949
FILLER_6_83,VPWR,li1,43.9300,29.9200,1.799954
FILLER_6_74,VPWR,li1,40.2500,29.9200,1.799957
FILLER_6_66,VPWR,li1,37.7200,29.9200,1.799961
FILLER_6_54,VPWR,li1,31.2800,29.9200,1.799970
FILLER_6_45,VPWR,li1,26.9100,29.9200,1.799976
FILLER_6_37,VPWR,li1,24.3800,29.9200,1.799981
FILLER_6_33,VPWR,li1,20.9300,29.9200,1.799985
FILLER_6_29,VPWR,li1,19.7800,29.9200,1.799985
FILLER_6_27,VPWR,li1,18.1700,29.9200,1.799985
FILLER_6_23,VPWR,li1,17.0200,29.9200,1.799985
FILLER_6_11,VPWR,li1,13.3400,29.9200,1.799985
FILLER_6_3,VPWR,li1,7.1300,29.9200,1.799985
FILLER_5_334,VPWR,li1,159.3900,24.4800,1.799768
FILLER_5_330,VPWR,li1,158.2400,24.4800,1.799768
FILLER_5_318,VPWR,li1,154.5600,24.4800,1.799768
FILLER_5_306,VPWR,li1,149.0400,24.4800,1.799768
FILLER_5_281,VPWR,li1,136.6200,24.4800,1.799769
FILLER_5_278,VPWR,li1,133.8600,24.4800,1.799770
FILLER_5_272,VPWR,li1,130.8700,24.4800,1.799770
FILLER_5_266,VPWR,li1,129.2600,24.4800,1.799771
FILLER_5_256,VPWR,li1,123.9700,24.4800,1.799772
FILLER_5_248,VPWR,li1,121.4400,24.4800,1.799774
FILLER_5_236,VPWR,li1,116.8400,24.4800,1.799776
FILLER_5_225,VPWR,li1,110.8600,24.4800,1.799779
FILLER_5_222,VPWR,li1,108.1000,24.4800,1.799781
FILLER_5_214,VPWR,li1,105.8000,24.4800,1.799783
FILLER_5_190,VPWR,li1,93.1500,24.4800,1.799795
FILLER_5_184,VPWR,li1,91.5400,24.4800,1.799795
FILLER_5_175,VPWR,li1,86.2500,24.4800,1.799804
FILLER_5_169,VPWR,li1,84.6400,24.4800,1.799804
FILLER_5_167,VPWR,li1,82.5700,24.4800,1.799808
FILLER_5_161,VPWR,li1,80.9600,24.4800,1.799811
FILLER_5_149,VPWR,li1,76.8200,24.4800,1.799817
FILLER_5_137,VPWR,li1,71.3000,24.4800,1.799827
FILLER_5_125,VPWR,li1,65.7800,24.4800,1.799837
FILLER_5_115,VPWR,li1,58.8800,24.4800,1.799857
FILLER_5_109,VPWR,li1,56.3500,24.4800,1.799862
FILLER_5_101,VPWR,li1,53.8200,24.4800,1.799869
FILLER_5_89,VPWR,li1,49.2200,24.4800,1.799881
FILLER_5_69,VPWR,li1,38.6400,24.4800,1.799912
FILLER_5_57,VPWR,li1,34.5000,24.4800,1.799926
FILLER_5_48,VPWR,li1,29.4400,24.4800,1.799939
FILLER_5_29,VPWR,li1,19.3200,24.4800,1.799963
FILLER_5_3,VPWR,li1,7.5900,24.4800,1.799959
FILLER_4_333,VPWR,li1,159.1600,24.4800,1.799768
FILLER_4_321,VPWR,li1,155.9400,24.4800,1.799768
FILLER_4_309,VPWR,li1,150.4200,24.4800,1.799768
FILLER_4_300,VPWR,li1,145.3600,24.4800,1.799768
FILLER_4_291,VPWR,li1,140.0700,24.4800,1.799769
FILLER_4_279,VPWR,li1,136.6200,24.4800,1.799769
FILLER_4_270,VPWR,li1,130.1800,24.4800,1.799770
FILLER_4_262,VPWR,li1,127.8800,24.4800,1.799771
FILLER_4_250,VPWR,li1,120.9800,24.4800,1.799774
FILLER_4_238,VPWR,li1,117.7600,24.4800,1.799776
FILLER_4_227,VPWR,li1,110.8600,24.4800,1.799779
FILLER_4_217,VPWR,li1,105.5700,24.4800,1.799783
FILLER_4_213,VPWR,li1,104.4200,24.4800,1.799783
FILLER_4_204,VPWR,li1,99.8200,24.4800,1.799787
FILLER_4_197,VPWR,li1,96.6000,24.4800,1.799789
FILLER_4_162,VPWR,li1,81.8800,24.4800,1.799808
FILLER_4_143,VPWR,li1,71.5300,24.4800,1.799827
FILLER_4_134,VPWR,li1,67.3900,24.4800,1.799837
FILLER_4_109,VPWR,li1,55.8900,24.4800,1.799862
FILLER_4_85,VPWR,li1,47.3800,24.4800,1.799886
FILLER_4_83,VPWR,li1,43.9300,24.4800,1.799899
FILLER_4_71,VPWR,li1,40.9400,24.4800,1.799905
FILLER_4_49,VPWR,li1,29.4400,24.4800,1.799939
FILLER_4_37,VPWR,li1,25.3000,24.4800,1.799956
FILLER_4_29,VPWR,li1,19.7800,24.4800,1.799963
FILLER_4_27,VPWR,li1,18.1700,24.4800,1.799963
FILLER_4_19,VPWR,li1,16.1000,24.4800,1.799962
FILLER_4_14,VPWR,li1,12.4200,24.4800,1.799960
FILLER_4_3,VPWR,li1,7.8200,24.4800,1.799959
FILLER_3_329,VPWR,li1,158.2400,19.0400,1.799927
FILLER_3_317,VPWR,li1,154.1000,19.0400,1.799927
FILLER_3_305,VPWR,li1,148.5800,19.0400,1.799927
FILLER_3_293,VPWR,li1,143.0600,19.0400,1.799927
FILLER_3_281,VPWR,li1,137.5400,19.0400,1.799927
FILLER_3_279,VPWR,li1,134.0900,19.0400,1.799927
FILLER_3_273,VPWR,li1,132.4800,19.0400,1.799927
FILLER_3_261,VPWR,li1,128.3400,19.0400,1.799927
FILLER_3_249,VPWR,li1,122.8200,19.0400,1.799927
FILLER_3_245,VPWR,li1,118.4500,19.0400,1.799927
FILLER_3_237,VPWR,li1,116.3800,19.0400,1.799927
FILLER_3_225,VPWR,li1,111.7800,19.0400,1.799927
FILLER_3_223,VPWR,li1,108.3300,19.0400,1.799928
FILLER_3_216,VPWR,li1,105.1100,19.0400,1.799928
FILLER_3_208,VPWR,li1,103.0400,19.0400,1.799929
FILLER_3_196,VPWR,li1,98.4400,19.0400,1.799931
FILLER_3_189,VPWR,li1,93.3800,19.0400,1.799933
FILLER_3_186,VPWR,li1,91.3100,19.0400,1.799935
FILLER_3_180,VPWR,li1,89.7000,19.0400,1.799935
FILLER_3_171,VPWR,li1,84.8700,19.0400,1.799937
FILLER_3_146,VPWR,li1,73.6000,19.0400,1.799944
FILLER_3_126,VPWR,li1,66.2400,19.0400,1.799948
FILLER_3_113,VPWR,li1,57.7300,19.0400,1.799955
FILLER_3_111,VPWR,li1,56.8100,19.0400,1.799955
FILLER_3_84,VPWR,li1,44.3900,19.0400,1.799965
FILLER_3_75,VPWR,li1,40.4800,19.0400,1.799969
FILLER_3_67,VPWR,li1,38.1800,19.0400,1.799971
FILLER_3_57,VPWR,li1,33.1200,19.0400,1.799977
FILLER_3_55,VPWR,li1,31.0500,19.0400,1.799980
FILLER_3_51,VPWR,li1,29.9000,19.0400,1.799980
FILLER_3_39,VPWR,li1,26.2200,19.0400,1.799984
FILLER_3_27,VPWR,li1,20.7000,19.0400,1.799990
FILLER_3_15,VPWR,li1,15.1800,19.0400,1.799990
FILLER_3_3,VPWR,li1,9.6600,19.0400,1.799990
FILLER_2_333,VPWR,li1,159.1600,19.0400,1.799927
FILLER_2_321,VPWR,li1,155.9400,19.0400,1.799927
FILLER_2_309,VPWR,li1,150.4200,19.0400,1.799927
FILLER_2_307,VPWR,li1,146.9700,19.0400,1.799927
FILLER_2_301,VPWR,li1,145.3600,19.0400,1.799927
FILLER_2_289,VPWR,li1,141.2200,19.0400,1.799927
FILLER_2_277,VPWR,li1,135.7000,19.0400,1.799927
FILLER_2_265,VPWR,li1,130.1800,19.0400,1.799927
FILLER_2_253,VPWR,li1,124.6600,19.0400,1.799927
FILLER_2_250,VPWR,li1,120.9800,19.0400,1.799927
FILLER_2_231,VPWR,li1,114.5400,19.0400,1.799927
FILLER_2_223,VPWR,li1,108.3300,19.0400,1.799928
FILLER_2_219,VPWR,li1,107.1800,19.0400,1.799928
FILLER_2_207,VPWR,li1,103.5000,19.0400,1.799929
FILLER_2_204,VPWR,li1,99.5900,19.0400,1.799930
FILLER_2_195,VPWR,li1,95.4500,19.0400,1.799932
FILLER_2_183,VPWR,li1,92.4600,19.0400,1.799933
FILLER_2_171,VPWR,li1,86.9400,19.0400,1.799936
FILLER_2_167,VPWR,li1,82.5700,19.0400,1.799939
FILLER_2_161,VPWR,li1,80.9600,19.0400,1.799939
FILLER_2_137,VPWR,li1,69.2300,19.0400,1.799946
FILLER_2_131,VPWR,li1,66.0100,19.0400,1.799949
FILLER_2_125,VPWR,li1,64.4000,19.0400,1.799949
FILLER_2_102,VPWR,li1,52.9000,19.0400,1.799958
FILLER_2_96,VPWR,li1,49.9100,19.0400,1.799960
FILLER_2_92,VPWR,li1,48.7600,19.0400,1.799963
FILLER_2_79,VPWR,li1,42.0900,19.0400,1.799969
FILLER_2_65,VPWR,li1,38.1800,19.0400,1.799971
FILLER_2_53,VPWR,li1,32.6600,19.0400,1.799977
FILLER_2_41,VPWR,li1,27.1400,19.0400,1.799984
FILLER_2_29,VPWR,li1,21.6200,19.0400,1.799990
FILLER_2_27,VPWR,li1,18.1700,19.0400,1.799990
FILLER_2_15,VPWR,li1,15.1800,19.0400,1.799990
FILLER_2_3,VPWR,li1,9.6600,19.0400,1.799990
FILLER_1_329,VPWR,li1,158.2400,13.6000,1.799734
FILLER_1_317,VPWR,li1,154.1000,13.6000,1.799734
FILLER_1_305,VPWR,li1,148.5800,13.6000,1.799734
FILLER_1_293,VPWR,li1,143.0600,13.6000,1.799734
FILLER_1_281,VPWR,li1,137.5400,13.6000,1.799734
FILLER_1_279,VPWR,li1,134.0900,13.6000,1.799734
FILLER_1_271,VPWR,li1,132.0200,13.6000,1.799734
FILLER_1_259,VPWR,li1,127.4200,13.6000,1.799734
FILLER_1_247,VPWR,li1,121.9000,13.6000,1.799734
FILLER_1_225,VPWR,li1,109.2500,13.6000,1.799738
FILLER_1_223,VPWR,li1,108.3300,13.6000,1.799738
FILLER_1_177,VPWR,li1,87.4000,13.6000,1.799763
FILLER_1_165,VPWR,li1,81.6500,13.6000,1.799777
FILLER_1_113,VPWR,li1,57.7300,13.6000,1.799824
FILLER_1_80,VPWR,li1,42.5500,13.6000,1.799874
FILLER_1_63,VPWR,li1,34.7300,13.6000,1.799908
FILLER_1_57,VPWR,li1,33.1200,13.6000,1.799908
FILLER_1_55,VPWR,li1,31.0500,13.6000,1.799921
FILLER_1_51,VPWR,li1,29.9000,13.6000,1.799921
FILLER_1_39,VPWR,li1,26.2200,13.6000,1.799936
FILLER_1_27,VPWR,li1,20.7000,13.6000,1.799959
FILLER_1_15,VPWR,li1,15.1800,13.6000,1.799959
FILLER_1_3,VPWR,li1,9.6600,13.6000,1.799959
FILLER_0_333,VPWR,li1,159.1600,13.6000,1.799734
FILLER_0_321,VPWR,li1,155.9400,13.6000,1.799734
FILLER_0_309,VPWR,li1,150.4200,13.6000,1.799734
FILLER_0_305,VPWR,li1,146.5100,13.6000,1.799734
FILLER_0_293,VPWR,li1,143.0600,13.6000,1.799734
FILLER_0_281,VPWR,li1,137.5400,13.6000,1.799734
FILLER_0_277,VPWR,li1,133.6300,13.6000,1.799734
FILLER_0_265,VPWR,li1,130.1800,13.6000,1.799734
FILLER_0_253,VPWR,li1,124.6600,13.6000,1.799734
FILLER_0_240,VPWR,li1,118.6800,13.6000,1.799734
FILLER_0_227,VPWR,li1,110.1700,13.6000,1.799737
FILLER_0_219,VPWR,li1,106.4900,13.6000,1.799739
FILLER_0_207,VPWR,li1,103.5000,13.6000,1.799741
FILLER_0_199,VPWR,li1,97.2900,13.6000,1.799749
FILLER_0_192,VPWR,li1,94.7600,13.6000,1.799751
FILLER_0_169,VPWR,li1,83.4900,13.6000,1.799773
FILLER_0_162,VPWR,li1,80.2700,13.6000,1.799777
FILLER_0_125,VPWR,li1,63.2500,13.6000,1.799813
FILLER_0_98,VPWR,li1,50.8300,13.6000,1.799847
FILLER_0_94,VPWR,li1,49.6800,13.6000,1.799847
FILLER_0_83,VPWR,li1,43.9300,13.6000,1.799867
FILLER_0_73,VPWR,li1,39.5600,13.6000,1.799883
FILLER_0_57,VPWR,li1,33.1200,13.6000,1.799908
FILLER_0_53,VPWR,li1,30.5900,13.6000,1.799921
FILLER_0_41,VPWR,li1,27.1400,13.6000,1.799936
FILLER_0_29,VPWR,li1,21.6200,13.6000,1.799959
FILLER_0_27,VPWR,li1,18.1700,13.6000,1.799959
FILLER_0_15,VPWR,li1,15.1800,13.6000,1.799959
FILLER_0_3,VPWR,li1,9.6600,13.6000,1.799959
ANTENNA_rebuffer16_X,VPWR,li1,44.6200,68.0000,1.799944
ANTENNA_clone15_A,VPWR,li1,143.9800,68.0000,1.799860
ANTENNA_rebuffer9_X,VPWR,li1,32.6600,62.5600,1.799944
ANTENNA__1941__A2,VPWR,li1,94.3000,127.8400,1.799894
ANTENNA_rebuffer2_X,VPWR,li1,23.0000,51.6800,1.799902
ANTENNA_fanout92_A,VPWR,li1,103.9600,62.5600,1.799854
ANTENNA_clkbuf_2_3__f_aclk_X,VPWR,li1,111.3200,122.4000,1.799323
ANTENNA__2120__CLK,VPWR,li1,146.7400,149.6000,1.799703
ANTENNA__2119__CLK,VPWR,li1,144.9000,155.0400,1.799747
ANTENNA__2118__CLK,VPWR,li1,143.0600,160.4800,1.799692
ANTENNA__2117__CLK,VPWR,li1,119.6000,165.9200,1.799943
ANTENNA__2116__CLK,VPWR,li1,103.9600,155.0400,1.799782
ANTENNA__2115__CLK,VPWR,li1,104.4200,160.4800,1.799727
ANTENNA__2104__CLK,VPWR,li1,111.3200,116.9600,1.799806
ANTENNA__2103__CLK,VPWR,li1,110.4000,122.4000,1.799323
ANTENNA__2102__CLK,VPWR,li1,138.9200,122.4000,1.799314
ANTENNA__2101__CLK,VPWR,li1,151.8000,106.0800,1.799890
ANTENNA__2100__CLK,VPWR,li1,151.8000,84.3200,1.799743
ANTENNA_clkload2_A,VPWR,li1,109.4800,122.4000,1.799325
ANTENNA_clkbuf_2_2__f_aclk_X,VPWR,li1,71.7600,116.9600,1.799859
ANTENNA__2114__CLK,VPWR,li1,70.8400,160.4800,1.799796
ANTENNA__2113__CLK,VPWR,li1,66.7000,155.0400,1.799851
ANTENNA__2112__CLK,VPWR,li1,50.1400,144.1600,1.799932
ANTENNA__2111__CLK,VPWR,li1,19.7800,144.1600,1.799974
ANTENNA__2110__CLK,VPWR,li1,18.4000,116.9600,1.799966
ANTENNA__2109__CLK,VPWR,li1,14.7200,106.0800,1.799972
ANTENNA__2108__CLK,VPWR,li1,14.7200,89.7600,1.799927
ANTENNA__2106__CLK,VPWR,li1,72.2200,73.4400,1.799852
ANTENNA__2105__CLK,VPWR,li1,67.1600,89.7600,1.799658
ANTENNA_clkload1_A,VPWR,li1,65.7800,116.9600,1.799867
ANTENNA_clkbuf_2_1__f_aclk_X,VPWR,li1,97.0600,51.6800,1.799454
ANTENNA__2099__CLK,VPWR,li1,151.8000,73.4400,1.799761
ANTENNA__2098__CLK,VPWR,li1,149.5000,35.3600,1.799676
ANTENNA__2097__CLK,VPWR,li1,151.8000,35.3600,1.799672
ANTENNA__2096__CLK,VPWR,li1,111.3200,19.0400,1.799927
ANTENNA__2095__CLK,VPWR,li1,100.2800,19.0400,1.799930
ANTENNA__2094__CLK,VPWR,li1,68.0800,29.9200,1.799924
ANTENNA__2087__CLK,VPWR,li1,83.7200,19.0400,1.799938
ANTENNA__2086__CLK,VPWR,li1,79.5800,24.4800,1.799811
ANTENNA__2085__CLK,VPWR,li1,70.8400,24.4800,1.799827
ANTENNA__2080__CLK,VPWR,li1,88.3200,13.6000,1.799763
ANTENNA__2079__CLK,VPWR,li1,93.3800,13.6000,1.799755
ANTENNA__2078__CLK,VPWR,li1,74.9800,19.0400,1.799942
ANTENNA_clkload0_A,VPWR,li1,83.2600,57.1200,1.799904
ANTENNA_clkbuf_2_0__f_aclk_X,VPWR,li1,64.8600,62.5600,1.799896
ANTENNA__2121__CLK,VPWR,li1,18.8600,57.1200,1.799968
ANTENNA__2107__CLK,VPWR,li1,27.6000,68.0000,1.799967
ANTENNA__2093__CLK,VPWR,li1,63.0200,19.0400,1.799951
ANTENNA__2092__CLK,VPWR,li1,42.7800,19.0400,1.799967
ANTENNA__2091__CLK,VPWR,li1,26.6800,46.2400,1.799958
ANTENNA__2090__CLK,VPWR,li1,17.4800,35.3600,1.799968
ANTENNA__2089__CLK,VPWR,li1,18.4000,24.4800,1.799963
ANTENNA__2088__CLK,VPWR,li1,22.0800,40.8000,1.799984
ANTENNA__2084__CLK,VPWR,li1,53.8200,19.0400,1.799958
ANTENNA__2083__CLK,VPWR,li1,39.5600,51.6800,1.799785
ANTENNA__2082__CLK,VPWR,li1,30.3600,51.6800,1.799848
ANTENNA__2081__CLK,VPWR,li1,17.4800,57.1200,1.799967
ANTENNA__2077__CLK,VPWR,li1,54.2800,13.6000,1.799835
ANTENNA__2076__CLK,VPWR,li1,46.4600,62.5600,1.799920
ANTENNA__2075__CLK,VPWR,li1,39.5600,57.1200,1.799937
ANTENNA__2074__CLK,VPWR,li1,27.6000,62.5600,1.799956
ANTENNA__2073__CLK,VPWR,li1,17.9400,68.0000,1.799974
ANTENNA__2072__CLK,VPWR,li1,14.7200,78.8800,1.799969
ANTENNA_clkbuf_0_aclk_X,VPWR,li1,89.7000,89.7600,1.799558
ANTENNA_clkbuf_2_0__f_aclk_A,VPWR,li1,61.6400,57.1200,1.799917
ANTENNA_clkbuf_2_1__f_aclk_A,VPWR,li1,96.1400,51.6800,1.799454
ANTENNA_clkbuf_2_2__f_aclk_A,VPWR,li1,70.8400,116.9600,1.799859
ANTENNA_clkbuf_2_3__f_aclk_A,VPWR,li1,100.2800,122.4000,1.799361
ANTENNA__1556__C1,VPWR,li1,108.1000,116.9600,1.799807
ANTENNA__1588__C1,VPWR,li1,97.5200,116.9600,1.799817
ANTENNA__1935__C1,VPWR,li1,91.0800,160.4800,1.799753
ANTENNA__1964__C1,VPWR,li1,92.9200,155.0400,1.799797
ANTENNA__1998__C1,VPWR,li1,115.0000,160.4800,1.799714
ANTENNA__2029__C1,VPWR,li1,138.0000,165.9200,1.799943
ANTENNA__2055__C1,VPWR,li1,140.3000,155.0400,1.799750
ANTENNA__2069__C1,VPWR,li1,140.7600,149.6000,1.799707
ANTENNA_fanout136_X,VPWR,li1,93.3800,160.4800,1.799747
ANTENNA__1624__C1,VPWR,li1,54.2800,95.2000,1.799887
ANTENNA__1717__C1,VPWR,li1,7.3600,95.2000,1.799965
ANTENNA__1752__C1,VPWR,li1,15.1800,106.0800,1.799972
ANTENNA__1781__C1,VPWR,li1,11.9600,116.9600,1.799962
ANTENNA__1816__C1,VPWR,li1,13.8000,144.1600,1.799971
ANTENNA__1844__C1,VPWR,li1,40.9400,138.7200,1.799949
ANTENNA__1879__C1,VPWR,li1,54.7400,155.0400,1.799877
ANTENNA__1906__C1,VPWR,li1,60.7200,160.4800,1.799821
ANTENNA__1482__C1,VPWR,li1,148.1200,111.5200,1.799772
ANTENNA__1518__C1,VPWR,li1,128.8000,111.5200,1.799785
ANTENNA_fanout135_X,VPWR,li1,18.8600,144.1600,1.799974
ANTENNA_fanout133_A,VPWR,li1,22.0800,73.4400,1.799967
ANTENNA__2071__B1,VPWR,li1,15.1800,57.1200,1.799967
ANTENNA__1687__C1,VPWR,li1,19.3200,73.4400,1.799965
ANTENNA__1056__C1,VPWR,li1,82.3400,13.6000,1.799773
ANTENNA__1211__C1,VPWR,li1,96.6000,13.6000,1.799749
ANTENNA__1251__C1,VPWR,li1,108.1000,13.6000,1.799739
ANTENNA__1299__C1,VPWR,li1,148.5800,35.3600,1.799676
ANTENNA__1342__C1,VPWR,li1,144.4400,35.3600,1.799681
ANTENNA__1391__C1,VPWR,li1,146.2800,73.4400,1.799765
ANTENNA__1434__C1,VPWR,li1,146.2800,78.8800,1.799851
ANTENNA_fanout134_X,VPWR,li1,17.4800,73.4400,1.799963
ANTENNA_fanout132_A,VPWR,li1,50.6000,24.4800,1.799881
ANTENNA_fanout131_A,VPWR,li1,23.0000,57.1200,1.799970
ANTENNA__1040__B1,VPWR,li1,12.4200,78.8800,1.799968
ANTENNA__1042__C1,VPWR,li1,17.4800,62.5600,1.799971
ANTENNA__1044__C1,VPWR,li1,17.0200,57.1200,1.799967
ANTENNA__1046__C1,VPWR,li1,24.8400,62.5600,1.799960
ANTENNA__1048__C1,VPWR,li1,33.5800,62.5600,1.799944
ANTENNA__1060__C1,VPWR,li1,23.9200,51.6800,1.799902
ANTENNA__1062__C1,VPWR,li1,24.8400,51.6800,1.799886
ANTENNA__1654__C1,VPWR,li1,63.4800,68.0000,1.799920
ANTENNA_fanout133_X,VPWR,li1,23.0000,73.4400,1.799967
ANTENNA__1058__C1,VPWR,li1,14.7200,40.8000,1.799981
ANTENNA__1072__C1,VPWR,li1,19.3200,40.8000,1.799983
ANTENNA__1078__A,VPWR,li1,7.8200,29.9200,1.799985
ANTENNA__1086__C1,VPWR,li1,11.0400,29.9200,1.799985
ANTENNA__1101__C1,VPWR,li1,16.5600,40.8000,1.799982
ANTENNA__1120__C1,VPWR,li1,34.9600,13.6000,1.799900
ANTENNA__1050__C1,VPWR,li1,54.7400,19.0400,1.799956
ANTENNA__1052__C1,VPWR,li1,63.9400,13.6000,1.799813
ANTENNA__1054__C1,VPWR,li1,79.1200,19.0400,1.799940
ANTENNA__1064__C1,VPWR,li1,41.4000,19.0400,1.799969
ANTENNA_fanout131_X,VPWR,li1,23.9200,57.1200,1.799965
ANTENNA__1040__A1,VPWR,li1,16.1000,73.4400,1.799962
ANTENNA__1041__B,VPWR,li1,15.6400,62.5600,1.799970
ANTENNA__1043__B,VPWR,li1,18.4000,62.5600,1.799971
ANTENNA__1045__B,VPWR,li1,28.5200,62.5600,1.799952
ANTENNA__1047__B,VPWR,li1,43.7000,62.5600,1.799924
ANTENNA__1057__B,VPWR,li1,13.8000,40.8000,1.799981
ANTENNA__1059__B,VPWR,li1,16.1000,51.6800,1.799911
ANTENNA__1061__B,VPWR,li1,28.5200,51.6800,1.799872
ANTENNA__1071__B,VPWR,li1,7.3600,40.8000,1.799980
ANTENNA__1049__B,VPWR,li1,53.8200,13.6000,1.799835
ANTENNA_fanout129_X,VPWR,li1,17.9400,46.2400,1.799967
ANTENNA__1042__A2,VPWR,li1,19.3200,62.5600,1.799971
ANTENNA__1044__A2,VPWR,li1,17.9400,57.1200,1.799968
ANTENNA__1046__A2,VPWR,li1,23.9200,68.0000,1.799972
ANTENNA__1048__A2,VPWR,li1,34.5000,62.5600,1.799940
ANTENNA__1058__A2,VPWR,li1,15.6400,40.8000,1.799981
ANTENNA__1060__A2,VPWR,li1,19.3200,46.2400,1.799967
ANTENNA__1062__A2,VPWR,li1,25.7600,57.1200,1.799960
ANTENNA__1072__A2,VPWR,li1,7.3600,40.8000,1.799980
ANTENNA__1064__A2,VPWR,li1,43.7000,19.0400,1.799967
ANTENNA__1050__A2,VPWR,li1,55.6600,19.0400,1.799956
ANTENNA_fanout127_X,VPWR,li1,14.7200,62.5600,1.799970
ANTENNA_fanout122_A,VPWR,li1,19.3200,84.3200,1.799968
ANTENNA_fanout123_A,VPWR,li1,67.1600,78.8800,1.799919
ANTENNA_fanout121_A,VPWR,li1,24.8400,73.4400,1.799962
ANTENNA_fanout125_A,VPWR,li1,86.9400,24.4800,1.799801
ANTENNA__1407__A2,VPWR,li1,159.1600,89.7600,1.799523
ANTENNA__1965__C,VPWR,li1,125.1200,133.2800,1.799943
ANTENNA__1999__C,VPWR,li1,154.5600,127.8400,1.799874
ANTENNA_fanout126_X,VPWR,li1,13.8000,68.0000,1.799973
ANTENNA__1225__B,VPWR,li1,151.3400,46.2400,1.799839
ANTENNA__1191__A2,VPWR,li1,86.9400,19.0400,1.799936
ANTENNA__1192__C,VPWR,li1,94.3000,24.4800,1.799791
ANTENNA__1271__C,VPWR,li1,154.1000,46.2400,1.799839
ANTENNA__1272__A2,VPWR,li1,159.1600,46.2400,1.799839
ANTENNA__1316__C,VPWR,li1,158.2400,51.6800,1.799427
ANTENNA__1317__A2,VPWR,li1,155.4800,51.6800,1.799427
ANTENNA__1359__C,VPWR,li1,151.8000,68.0000,1.799859
ANTENNA__1360__A2,VPWR,li1,151.8000,73.4400,1.799761
ANTENNA_fanout124_A,VPWR,li1,98.9000,133.2800,1.799950
ANTENNA_fanout125_X,VPWR,li1,92.0000,19.0400,1.799933
ANTENNA__1936__C,VPWR,li1,107.6400,133.2800,1.799948
ANTENNA__1526__C,VPWR,li1,115.9200,116.9600,1.799802
ANTENNA__1527__A2,VPWR,li1,112.2400,116.9600,1.799804
ANTENNA__1907__C,VPWR,li1,102.1200,133.2800,1.799949
ANTENNA__1226__B,VPWR,li1,146.2800,127.8400,1.799874
ANTENNA__1406__C,VPWR,li1,150.8800,95.2000,1.799800
ANTENNA__1448__C,VPWR,li1,146.2800,111.5200,1.799773
ANTENNA__1449__A2,VPWR,li1,146.7400,106.0800,1.799891
ANTENNA__1492__C,VPWR,li1,134.3200,122.4000,1.799315
ANTENNA__1493__A2,VPWR,li1,133.4000,116.9600,1.799789
ANTENNA_fanout124_X,VPWR,li1,103.9600,133.2800,1.799949
ANTENNA__1688__C,VPWR,li1,19.7800,78.8800,1.799973
ANTENNA__1689__A2,VPWR,li1,17.4800,78.8800,1.799972
ANTENNA__1782__C,VPWR,li1,7.8200,133.2800,1.799991
ANTENNA__1783__A2,VPWR,li1,11.5000,133.2800,1.799991
ANTENNA__1753__C,VPWR,li1,17.0200,127.8400,1.799982
ANTENNA__1754__A2,VPWR,li1,11.0400,122.4000,1.799921
ANTENNA__1719__A2,VPWR,li1,7.3600,100.6400,1.799969
ANTENNA__1718__C,VPWR,li1,17.9400,100.6400,1.799969
ANTENNA__1560__C,VPWR,li1,69.4600,122.4000,1.799582
ANTENNA__1561__A2,VPWR,li1,74.0600,116.9600,1.799855
ANTENNA_fanout122_X,VPWR,li1,23.4600,78.8800,1.799976
ANTENNA_fanout120_A,VPWR,li1,14.2600,57.1200,1.799967
ANTENNA__1102__A2,VPWR,li1,38.6400,51.6800,1.799798
ANTENNA__1625__C,VPWR,li1,46.4600,68.0000,1.799941
ANTENNA__1149__C,VPWR,li1,74.5200,29.9200,1.799919
ANTENNA__1126__A2,VPWR,li1,51.9800,35.3600,1.799879
ANTENNA__1148__C,VPWR,li1,75.9000,29.9200,1.799918
ANTENNA__1147__A2,VPWR,li1,72.6800,29.9200,1.799921
ANTENNA__1127__C,VPWR,li1,53.3600,40.8000,1.799951
ANTENNA__1626__A2,VPWR,li1,49.6800,68.0000,1.799938
ANTENNA_fanout121_X,VPWR,li1,14.7200,68.0000,1.799974
ANTENNA_fanout118_A,VPWR,li1,43.7000,57.1200,1.799933
ANTENNA__1270__B,VPWR,li1,29.9000,62.5600,1.799952
ANTENNA__1043__A,VPWR,li1,21.6200,62.5600,1.799971
ANTENNA__1150__D_N,VPWR,li1,68.5400,35.3600,1.799838
ANTENNA__1151__B2,VPWR,li1,68.0800,29.9200,1.799924
ANTENNA__1221__D,VPWR,li1,97.0600,35.3600,1.799764
ANTENNA__1222__B1,VPWR,li1,100.2800,29.9200,1.799904
ANTENNA__1190__B,VPWR,li1,87.4000,29.9200,1.799910
ANTENNA_fanout119_X,VPWR,li1,40.4800,57.1200,1.799935
ANTENNA__1122__D,VPWR,li1,46.0000,62.5600,1.799920
ANTENNA__1123__B1,VPWR,li1,49.2200,62.5600,1.799918
ANTENNA__1156__B1,VPWR,li1,56.5800,62.5600,1.799907
ANTENNA__1155__D,VPWR,li1,55.6600,62.5600,1.799907
ANTENNA__1045__A,VPWR,li1,32.6600,68.0000,1.799961
ANTENNA__1096__B,VPWR,li1,28.0600,29.9200,1.799976
ANTENNA__1095__B,VPWR,li1,27.1400,24.4800,1.799949
ANTENNA__1110__B1,VPWR,li1,36.8000,35.3600,1.799923
ANTENNA__1111__D,VPWR,li1,41.4000,35.3600,1.799912
ANTENNA__1355__A2,VPWR,li1,102.1200,68.0000,1.799882
ANTENNA_fanout116_X,VPWR,li1,26.6800,62.5600,1.799956
ANTENNA_fanout105_A,VPWR,li1,22.0800,57.1200,1.799970
ANTENNA__1163__A1,VPWR,li1,53.8200,57.1200,1.799922
ANTENNA__1164__A,VPWR,li1,69.9200,51.6800,1.799590
ANTENNA__1165__A,VPWR,li1,66.7000,51.6800,1.799602
ANTENNA__1180__A1,VPWR,li1,72.2200,57.1200,1.799909
ANTENNA__1212__A,VPWR,li1,97.5200,24.4800,1.799789
ANTENNA__1293__A1,VPWR,li1,98.9000,29.9200,1.799904
ANTENNA_fanout106_X,VPWR,li1,21.1600,57.1200,1.799969
ANTENNA__1126__A1,VPWR,li1,54.7400,35.3600,1.799872
ANTENNA__1127__B,VPWR,li1,56.5800,35.3600,1.799867
ANTENNA__1150__C_N,VPWR,li1,69.4600,35.3600,1.799831
ANTENNA__1151__B1,VPWR,li1,69.0000,29.9200,1.799922
ANTENNA__1065__A,VPWR,li1,62.5600,19.0400,1.799951
ANTENNA__1186__A,VPWR,li1,64.4000,62.5600,1.799896
ANTENNA__1187__B2,VPWR,li1,65.7800,62.5600,1.799896
ANTENNA__1345__B,VPWR,li1,78.2000,68.0000,1.799905
ANTENNA__1185__A,VPWR,li1,111.3200,35.3600,1.799734
ANTENNA__1267__A1_N,VPWR,li1,100.7400,51.6800,1.799451
ANTENNA_fanout97_X,VPWR,li1,58.4200,19.0400,1.799955
ANTENNA__1192__B,VPWR,li1,95.2200,24.4800,1.799791
ANTENNA__1191__A1,VPWR,li1,86.0200,19.0400,1.799937
ANTENNA__1069__A,VPWR,li1,80.9600,13.6000,1.799777
ANTENNA__1221__A,VPWR,li1,97.9800,35.3600,1.799759
ANTENNA__1222__B2,VPWR,li1,101.2000,29.9200,1.799902
ANTENNA_fanout93_A,VPWR,li1,106.7200,51.6800,1.799446
ANTENNA__1393__A1,VPWR,li1,100.7400,73.4400,1.799811
ANTENNA__1357__A,VPWR,li1,110.8600,62.5600,1.799849
ANTENNA_fanout94_X,VPWR,li1,87.8600,19.0400,1.799936
ANTENNA_fanout90_A,VPWR,li1,146.7400,46.2400,1.799840
ANTENNA_fanout89_A,VPWR,li1,108.1000,57.1200,1.799894
ANTENNA_fanout91_A,VPWR,li1,104.8800,127.8400,1.799887
ANTENNA__1965__B,VPWR,li1,126.0400,133.2800,1.799943
ANTENNA__1999__B,VPWR,li1,155.4800,127.8400,1.799874
ANTENNA__1493__A1,VPWR,li1,134.3200,116.9600,1.799788
ANTENNA__1226__A,VPWR,li1,148.1200,127.8400,1.799874
ANTENNA_fanout92_X,VPWR,li1,111.7800,62.5600,1.799849
ANTENNA__1941__A1,VPWR,li1,102.1200,133.2800,1.799949
ANTENNA__1526__B,VPWR,li1,116.8400,122.4000,1.799320
ANTENNA__1527__A1,VPWR,li1,111.3200,116.9600,1.799806
ANTENNA__1907__B,VPWR,li1,103.0400,133.2800,1.799949
ANTENNA__1936__B,VPWR,li1,108.5600,133.2800,1.799947
ANTENNA__1449__A1,VPWR,li1,147.6600,106.0800,1.799891
ANTENNA__1492__B,VPWR,li1,138.0000,122.4000,1.799315
ANTENNA__1407__A1,VPWR,li1,156.4000,84.3200,1.799743
ANTENNA__1406__B,VPWR,li1,151.8000,95.2000,1.799800
ANTENNA__1448__B,VPWR,li1,147.2000,111.5200,1.799773
ANTENNA_fanout91_X,VPWR,li1,101.6600,127.8400,1.799889
ANTENNA__1354__A,VPWR,li1,101.2000,68.0000,1.799883
ANTENNA__1312__B2,VPWR,li1,103.0400,57.1200,1.799895
ANTENNA__1484__B1,VPWR,li1,92.4600,78.8800,1.799891
ANTENNA__1403__A,VPWR,li1,111.7800,68.0000,1.799876
ANTENNA__1439__A,VPWR,li1,94.7600,78.8800,1.799889
ANTENNA__1520__B2,VPWR,li1,94.3000,73.4400,1.799818
ANTENNA__1311__A,VPWR,li1,108.1000,62.5600,1.799851
ANTENNA__1355__B1,VPWR,li1,107.6400,68.0000,1.799878
ANTENNA__1271__B,VPWR,li1,154.5600,40.8000,1.799899
ANTENNA__1272__A1,VPWR,li1,156.4000,40.8000,1.799899
ANTENNA_fanout89_X,VPWR,li1,101.2000,62.5600,1.799856
ANTENNA__1718__B,VPWR,li1,14.2600,106.0800,1.799970
ANTENNA__1719__A1,VPWR,li1,10.1200,100.6400,1.799969
ANTENNA__1754__A1,VPWR,li1,10.1200,122.4000,1.799921
ANTENNA__1753__B,VPWR,li1,12.4200,127.8400,1.799982
ANTENNA__1782__B,VPWR,li1,13.8000,133.2800,1.799991
ANTENNA__1783__A1,VPWR,li1,10.5800,133.2800,1.799991
ANTENNA__1560__B,VPWR,li1,72.2200,122.4000,1.799552
ANTENNA__1817__B,VPWR,li1,51.0600,127.8400,1.799940
ANTENNA__1852__A1,VPWR,li1,58.8800,127.8400,1.799931
ANTENNA__1561__A1,VPWR,li1,73.1400,116.9600,1.799855
ANTENNA_fanout87_X,VPWR,li1,17.0200,100.6400,1.799969
ANTENNA__1270__A,VPWR,li1,30.8200,62.5600,1.799947
ANTENNA__1595__B,VPWR,li1,63.0200,78.8800,1.799922
ANTENNA__1440__B2,VPWR,li1,74.0600,73.4400,1.799849
ANTENNA__1626__A1,VPWR,li1,50.6000,68.0000,1.799936
ANTENNA__1596__A1,VPWR,li1,62.1000,78.8800,1.799924
ANTENNA_fanout86_X,VPWR,li1,17.9400,40.8000,1.799982
ANTENNA_fanout82_A,VPWR,li1,23.9200,73.4400,1.799962
ANTENNA__1434__A2,VPWR,li1,147.2000,73.4400,1.799764
ANTENNA_fanout84_A,VPWR,li1,11.0400,89.7600,1.799924
ANTENNA__1935__A2,VPWR,li1,92.4600,165.9200,1.799949
ANTENNA__1964__A2,VPWR,li1,87.8600,155.0400,1.799807
ANTENNA_fanout83_A,VPWR,li1,108.1000,122.4000,1.799325
ANTENNA_fanout85_X,VPWR,li1,20.2400,95.2000,1.799968
ANTENNA__1844__A2,VPWR,li1,41.8600,138.7200,1.799946
ANTENNA__1878__B,VPWR,li1,62.5600,155.0400,1.799863
ANTENNA__1716__B,VPWR,li1,19.3200,95.2000,1.799968
ANTENNA__1751__B,VPWR,li1,11.0400,111.5200,1.799971
ANTENNA__1905__A,VPWR,li1,59.8000,160.4800,1.799828
ANTENNA__1906__A2,VPWR,li1,61.6400,160.4800,1.799821
ANTENNA__1815__B,VPWR,li1,10.5800,149.6000,1.799963
ANTENNA__1781__A2,VPWR,li1,11.0400,116.9600,1.799962
ANTENNA__1779__B1,VPWR,li1,39.1000,116.9600,1.799926
ANTENNA__1623__B,VPWR,li1,60.2600,89.7600,1.799697
ANTENNA_fanout84_X,VPWR,li1,14.7200,89.7600,1.799927
ANTENNA__1518__A2,VPWR,li1,129.7200,111.5200,1.799785
ANTENNA__1482__A2,VPWR,li1,146.7400,111.5200,1.799773
ANTENNA__1481__A,VPWR,li1,149.5000,106.0800,1.799891
ANTENNA__1556__A2,VPWR,li1,113.1600,116.9600,1.799804
ANTENNA__1588__A2,VPWR,li1,102.5800,111.5200,1.799809
ANTENNA__1997__B,VPWR,li1,118.2200,160.4800,1.799712
ANTENNA__2069__A2,VPWR,li1,141.6800,149.6000,1.799706
ANTENNA__2055__A2,VPWR,li1,141.2200,155.0400,1.799750
ANTENNA__2029__A2,VPWR,li1,138.9200,160.4800,1.799695
ANTENNA__1934__A,VPWR,li1,93.3800,165.9200,1.799949
ANTENNA_fanout83_X,VPWR,li1,112.2400,122.4000,1.799321
ANTENNA_fanout81_A,VPWR,li1,22.0800,46.2400,1.799969
ANTENNA__2071__A1,VPWR,li1,16.1000,57.1200,1.799967
ANTENNA__1686__B,VPWR,li1,17.0200,68.0000,1.799974
ANTENNA__1653__A,VPWR,li1,73.1400,73.4400,1.799852
ANTENNA__1654__A2,VPWR,li1,64.4000,68.0000,1.799920
ANTENNA__1210__B,VPWR,li1,97.9800,13.6000,1.799749
ANTENNA__1250__B,VPWR,li1,109.4800,13.6000,1.799738
ANTENNA__1299__A2,VPWR,li1,149.9600,29.9200,1.799886
ANTENNA__1342__A2,VPWR,li1,145.3600,35.3600,1.799681
ANTENNA__1390__B,VPWR,li1,148.1200,68.0000,1.799859
ANTENNA_fanout82_X,VPWR,li1,23.0000,73.4400,1.799967
ANTENNA__1687__A1,VPWR,li1,15.1800,73.4400,1.799962
ANTENNA__1085__B1,VPWR,li1,11.0400,35.3600,1.799968
ANTENNA__1145__A1,VPWR,li1,45.0800,19.0400,1.799965
ANTENNA__1211__A1,VPWR,li1,96.6000,13.6000,1.799749
ANTENNA__1251__A1,VPWR,li1,107.1800,13.6000,1.799739
ANTENNA__1298__B1,VPWR,li1,142.1400,29.9200,1.799887
ANTENNA__1341__B1,VPWR,li1,143.0600,29.9200,1.799887
ANTENNA__1391__A1,VPWR,li1,145.3600,73.4400,1.799765
ANTENNA__1433__B1,VPWR,li1,143.0600,73.4400,1.799766
ANTENNA_fanout79_A,VPWR,li1,23.0000,95.2000,1.799969
ANTENNA_fanout80_X,VPWR,li1,14.7200,95.2000,1.799966
ANTENNA__1624__A1,VPWR,li1,55.2000,95.2000,1.799887
ANTENNA__1717__A1,VPWR,li1,15.6400,89.7600,1.799927
ANTENNA__1752__A1,VPWR,li1,12.8800,106.0800,1.799970
ANTENNA__1816__A1,VPWR,li1,12.8800,144.1600,1.799971
ANTENNA__1843__B1,VPWR,li1,48.3000,138.7200,1.799936
ANTENNA__1879__A1,VPWR,li1,55.6600,155.0400,1.799877
ANTENNA__2068__B1,VPWR,li1,140.7600,149.6000,1.799707
ANTENNA__1963__B1,VPWR,li1,84.6400,160.4800,1.799762
ANTENNA__1587__B1,VPWR,li1,101.6600,111.5200,1.799809
ANTENNA__1555__B1,VPWR,li1,110.4000,116.9600,1.799806
ANTENNA_fanout79_X,VPWR,li1,22.0800,95.2000,1.799969
ANTENNA__1274__A,VPWR,li1,153.1800,46.2400,1.799839
ANTENNA__1319__A,VPWR,li1,154.1000,51.6800,1.799427
ANTENNA__1362__A,VPWR,li1,152.2600,62.5600,1.799835
ANTENNA__1361__A,VPWR,li1,149.9600,78.8800,1.799848
ANTENNA_fanout77_A,VPWR,li1,97.5200,122.4000,1.799380
ANTENNA_fanout78_X,VPWR,li1,103.9600,127.8400,1.799888
ANTENNA_clone19_A,VPWR,li1,108.1000,127.8400,1.799886
ANTENNA__1529__A,VPWR,li1,116.8400,116.9600,1.799800
ANTENNA__1528__A,VPWR,li1,94.7600,116.9600,1.799823
ANTENNA_fanout76_A,VPWR,li1,131.5600,122.4000,1.799315
ANTENNA_fanout75_A,VPWR,li1,156.8600,95.2000,1.799800
ANTENNA_fanout77_X,VPWR,li1,96.6000,127.8400,1.799892
ANTENNA_clone18_A,VPWR,li1,140.3000,111.5200,1.799777
ANTENNA_fanout71_A,VPWR,li1,41.4000,73.4400,1.799919
ANTENNA__1627__A,VPWR,li1,45.5400,68.0000,1.799944
ANTENNA__1628__A,VPWR,li1,53.3600,68.0000,1.799932
ANTENNA_fanout73_A,VPWR,li1,21.1600,100.6400,1.799971
ANTENNA__1883__B1,VPWR,li1,74.9800,127.8400,1.799912
ANTENNA_fanout74_X,VPWR,li1,40.4800,73.4400,1.799924
ANTENNA_fanout72_A,VPWR,li1,18.4000,95.2000,1.799967
ANTENNA__1786__B1,VPWR,li1,12.8800,133.2800,1.799991
ANTENNA__1563__A,VPWR,li1,76.3600,122.4000,1.799524
ANTENNA__1564__B1,VPWR,li1,75.9000,116.9600,1.799852
ANTENNA__1562__A,VPWR,li1,70.3800,122.4000,1.799566
ANTENNA__1855__B1,VPWR,li1,62.5600,127.8400,1.799926
ANTENNA__1854__A,VPWR,li1,56.5800,127.8400,1.799933
ANTENNA__1853__A,VPWR,li1,68.0800,127.8400,1.799919
ANTENNA__1819__A,VPWR,li1,47.8400,127.8400,1.799943
ANTENNA__1882__A,VPWR,li1,83.7200,127.8400,1.799904
ANTENNA_fanout73_X,VPWR,li1,22.0800,100.6400,1.799971
ANTENNA__1973__A,VPWR,li1,111.3200,138.7200,1.799867
ANTENNA__1414__A,VPWR,li1,149.0400,84.3200,1.799743
ANTENNA__1500__B,VPWR,li1,142.6000,106.0800,1.799891
ANTENNA__1534__B,VPWR,li1,127.8800,116.9600,1.799793
ANTENNA__2060__S,VPWR,li1,146.7400,138.7200,1.799855
ANTENNA_fanout64_X,VPWR,li1,149.0400,89.7600,1.799523
ANTENNA__1456__B,VPWR,li1,143.9800,95.2000,1.799800
ANTENNA__1568__B,VPWR,li1,81.4200,122.4000,1.799489
ANTENNA__1633__B,VPWR,li1,61.1800,78.8800,1.799924
ANTENNA__1663__B,VPWR,li1,48.3000,78.8800,1.799940
ANTENNA__1696__B,VPWR,li1,32.6600,78.8800,1.799960
ANTENNA__1726__B,VPWR,li1,24.3800,95.2000,1.799963
ANTENNA__1761__B,VPWR,li1,26.2200,116.9600,1.799957
ANTENNA__1603__B,VPWR,li1,78.6600,89.7600,1.799595
ANTENNA__1790__B,VPWR,li1,23.9200,138.7200,1.799976
ANTENNA__1859__A,VPWR,li1,53.3600,138.7200,1.799929
ANTENNA__1887__A,VPWR,li1,65.3200,133.2800,1.799962
ANTENNA_fanout63_X,VPWR,li1,81.4200,84.3200,1.799819
ANTENNA__1610__A1,VPWR,li1,82.3400,111.5200,1.799837
ANTENNA__1574__B1,VPWR,li1,92.4600,111.5200,1.799823
ANTENNA__1573__A,VPWR,li1,85.5600,111.5200,1.799834
ANTENNA__1609__B1,VPWR,li1,83.2600,100.6400,1.799855
ANTENNA__1917__A,VPWR,li1,81.4200,138.7200,1.799892
ANTENNA__1950__A,VPWR,li1,95.6800,144.1600,1.799896
ANTENNA__1977__A,VPWR,li1,108.5600,149.6000,1.799739
ANTENNA__2013__A,VPWR,li1,116.3800,138.7200,1.799865
ANTENNA__2014__A,VPWR,li1,115.9200,144.1600,1.799883
ANTENNA__2039__A,VPWR,li1,123.7400,138.7200,1.799860
ANTENNA_fanout62_X,VPWR,li1,82.3400,100.6400,1.799855
ANTENNA_fanout60_A,VPWR,li1,73.1400,95.2000,1.799849
ANTENNA_fanout59_A,VPWR,li1,55.6600,84.3200,1.799880
ANTENNA__1795__A,VPWR,li1,26.6800,127.8400,1.799974
ANTENNA__1796__B1,VPWR,li1,25.7600,127.8400,1.799977
ANTENNA__1831__A1,VPWR,li1,27.1400,133.2800,1.799986
ANTENNA__1863__A,VPWR,li1,57.5000,149.6000,1.799852
ANTENNA__1829__A,VPWR,li1,26.6800,149.6000,1.799948
ANTENNA__1830__B1,VPWR,li1,25.7600,149.6000,1.799954
ANTENNA__1891__A,VPWR,li1,70.3800,138.7200,1.799905
ANTENNA_fanout61_X,VPWR,li1,76.8200,100.6400,1.799863
ANTENNA_fanout57_A,VPWR,li1,74.5200,100.6400,1.799866
ANTENNA__1801__B1,VPWR,li1,28.5200,127.8400,1.799970
ANTENNA__1558__A,VPWR,li1,116.8400,127.8400,1.799882
ANTENNA__1983__A1,VPWR,li1,91.0800,149.6000,1.799767
ANTENNA__2020__A1,VPWR,li1,102.5800,155.0400,1.799784
ANTENNA__2044__A1,VPWR,li1,112.7000,149.6000,1.799734
ANTENNA__2056__A1,VPWR,li1,122.8200,144.1600,1.799880
ANTENNA__2062__A,VPWR,li1,127.4200,144.1600,1.799878
ANTENNA__1559__B1,VPWR,li1,91.0800,89.7600,1.799556
ANTENNA_fanout58_X,VPWR,li1,92.4600,95.2000,1.799827
ANTENNA_fanout56_A,VPWR,li1,56.5800,89.7600,1.799718
ANTENNA__1644__B1,VPWR,li1,69.4600,100.6400,1.799872
ANTENNA__1643__A,VPWR,li1,63.9400,100.6400,1.799881
ANTENNA__1674__B1,VPWR,li1,55.6600,89.7600,1.799728
ANTENNA__1673__A,VPWR,li1,54.7400,89.7600,1.799728
ANTENNA__1956__A1,VPWR,li1,72.6800,144.1600,1.799911
ANTENNA__1897__A1,VPWR,li1,38.6400,155.0400,1.799919
ANTENNA__1870__A1,VPWR,li1,31.2800,155.0400,1.799943
ANTENNA__1835__A,VPWR,li1,32.2000,149.6000,1.799930
ANTENNA__1923__A1,VPWR,li1,64.8600,149.6000,1.799829
ANTENNA_fanout57_X,VPWR,li1,73.6000,100.6400,1.799866
ANTENNA_input1_X,VPWR,li1,10.1200,138.7200,1.799978
ANTENNA_fanout134_A,VPWR,li1,13.8000,78.8800,1.799968
ANTENNA_fanout135_A,VPWR,li1,15.1800,144.1600,1.799972
ANTENNA_fanout136_A,VPWR,li1,92.4600,160.4800,1.799747
ANTENNA__2077__Q,VPWR,li1,65.7800,13.6000,1.799806
ANTENNA__1049__A,VPWR,li1,57.9600,13.6000,1.799824
ANTENNA_fanout112_A,VPWR,li1,60.2600,57.1200,1.799917
ANTENNA_fanout113_A,VPWR,li1,109.4800,46.2400,1.799855
ANTENNA__1558__Y,VPWR,li1,120.9800,127.8400,1.799880
ANTENNA__1613__A,VPWR,li1,82.3400,106.0800,1.799909
ANTENNA__1614__B1,VPWR,li1,81.4200,106.0800,1.799910
ANTENNA__1869__A,VPWR,li1,36.3400,160.4800,1.799900
ANTENNA__1896__A,VPWR,li1,46.4600,149.6000,1.799882
ANTENNA__1922__A,VPWR,li1,74.0600,149.6000,1.799805
ANTENNA__1955__A,VPWR,li1,91.0800,149.6000,1.799767
ANTENNA__1982__A,VPWR,li1,104.8800,155.0400,1.799782
ANTENNA__2019__A,VPWR,li1,116.3800,155.0400,1.799768
ANTENNA__2043__A,VPWR,li1,120.9800,149.6000,1.799724
ANTENNA__1524__Y,VPWR,li1,91.5400,78.8800,1.799893
ANTENNA__2063__S,VPWR,li1,132.9400,138.7200,1.799858
ANTENNA_fanout61_A,VPWR,li1,75.9000,100.6400,1.799863
ANTENNA_fanout62_A,VPWR,li1,81.4200,100.6400,1.799857
ANTENNA__1523__Y,VPWR,li1,94.7600,95.2000,1.799826
ANTENNA__1525__A0,VPWR,li1,96.6000,95.2000,1.799824
ANTENNA__1864__A,VPWR,li1,54.7400,149.6000,1.799857
ANTENNA__1892__A,VPWR,li1,65.3200,144.1600,1.799917
ANTENNA__1918__A,VPWR,li1,76.8200,138.7200,1.799898
ANTENNA__1951__A,VPWR,li1,95.6800,149.6000,1.799760
ANTENNA__1978__A,VPWR,li1,97.0600,144.1600,1.799895
ANTENNA__1404__X,VPWR,li1,114.5400,73.4400,1.799792
ANTENNA_fanout65_A,VPWR,li1,76.8200,84.3200,1.799827
ANTENNA_fanout66_A,VPWR,li1,72.6800,133.2800,1.799959
ANTENNA_fanout68_A,VPWR,li1,144.9000,89.7600,1.799524
ANTENNA__1270__Y,VPWR,li1,42.7800,62.5600,1.799927
ANTENNA_fanout74_A,VPWR,li1,36.8000,73.4400,1.799934
ANTENNA_fanout78_A,VPWR,li1,96.6000,122.4000,1.799395
ANTENNA_rebuffer16_A,VPWR,li1,34.9600,68.0000,1.799957
ANTENNA__1226__Y,VPWR,li1,146.2800,122.4000,1.799313
ANTENNA__1276__A1,VPWR,li1,143.0600,24.4800,1.799769
ANTENNA__2057__B1,VPWR,li1,144.9000,122.4000,1.799314
ANTENNA__1225__X,VPWR,li1,151.3400,40.8000,1.799899
ANTENNA__1229__A,VPWR,li1,125.5800,24.4800,1.799772
ANTENNA__1881__B,VPWR,li1,79.1200,127.8400,1.799910
ANTENNA__1908__B,VPWR,li1,107.1800,127.8400,1.799886
ANTENNA__1937__B,VPWR,li1,109.0200,127.8400,1.799885
ANTENNA__1966__B,VPWR,li1,126.5000,127.8400,1.799879
ANTENNA__2000__B,VPWR,li1,150.8800,127.8400,1.799874
ANTENNA__2031__A,VPWR,li1,154.5600,122.4000,1.799312
ANTENNA__1074__Y,VPWR,li1,16.5600,84.3200,1.799968
ANTENNA__1998__A1,VPWR,li1,115.9200,160.4800,1.799714
ANTENNA__2028__B1,VPWR,li1,135.7000,160.4800,1.799697
ANTENNA__2054__B1,VPWR,li1,138.4600,155.0400,1.799751
ANTENNA__1517__B1,VPWR,li1,132.9400,111.5200,1.799782
ANTENNA_fanout80_A,VPWR,li1,11.0400,100.6400,1.799969
ANTENNA__1038__Y,VPWR,li1,23.4600,57.1200,1.799970
ANTENNA_fanout127_A,VPWR,li1,16.5600,62.5600,1.799971
ANTENNA_fanout128_A,VPWR,li1,57.9600,24.4800,1.799857
ANTENNA_input19_A,VPWR,li1,14.7200,57.1200,1.799967
ANTENNA_input18_A,VPWR,li1,23.0000,46.2400,1.799965
ANTENNA_input17_A,VPWR,li1,23.9200,46.2400,1.799965
ANTENNA_input16_A,VPWR,li1,80.9600,13.6000,1.799777
ANTENNA_input15_A,VPWR,li1,79.5800,13.6000,1.799780
ANTENNA_input14_A,VPWR,li1,61.1800,13.6000,1.799817
ANTENNA_input13_A,VPWR,li1,54.7400,13.6000,1.799835
ANTENNA_input12_A,VPWR,li1,11.0400,84.3200,1.799967
ANTENNA_input11_A,VPWR,li1,15.6400,68.0000,1.799974
ANTENNA_input10_A,VPWR,li1,16.5600,57.1200,1.799967
ANTENNA_input9_A,VPWR,li1,17.0200,40.8000,1.799982
ANTENNA_input8_A,VPWR,li1,70.8400,13.6000,1.799797
ANTENNA_input7_A,VPWR,li1,66.7000,13.6000,1.799806
ANTENNA_input6_A,VPWR,li1,60.2600,13.6000,1.799817
ANTENNA_input5_A,VPWR,li1,51.5200,13.6000,1.799842
ANTENNA_input4_A,VPWR,li1,17.4800,40.8000,1.799982
ANTENNA_input3_A,VPWR,li1,18.4000,73.4400,1.799963
ANTENNA_input2_A,VPWR,li1,15.6400,57.1200,1.799967
ANTENNA_input1_A,VPWR,li1,9.2000,138.7200,1.799978
ANTENNA_clkbuf_0_aclk_A,VPWR,li1,79.5800,89.7600,1.799595
hold32,VPWR,li1,156.8600,78.8800,1.799845
hold31,VPWR,li1,151.8000,144.1600,1.799874
hold30,VPWR,li1,72.2200,160.4800,1.799790
hold29,VPWR,li1,12.4200,62.5600,1.799970
hold28,VPWR,li1,41.8600,13.6000,1.799874
hold27,VPWR,li1,155.4800,29.9200,1.799886
hold26,VPWR,li1,101.2000,165.9200,1.799946
hold25,VPWR,li1,156.8600,106.0800,1.799890
hold24,VPWR,li1,16.1000,116.9600,1.799965
hold23,VPWR,li1,24.3800,40.8000,1.799981
hold22,VPWR,li1,157.7800,40.8000,1.799899
hold21,VPWR,li1,16.5600,35.3600,1.799968
rebuffer20,VPWR,li1,128.1100,95.2000,1.799803
clone19,VPWR,li1,102.8100,127.8400,1.799888
clone18,VPWR,li1,141.4500,111.5200,1.799777
rebuffer17,VPWR,li1,145.3600,95.2000,1.799800
rebuffer16,VPWR,li1,39.3300,68.0000,1.799951
clone15,VPWR,li1,145.1300,68.0000,1.799860
rebuffer14,VPWR,li1,140.3000,95.2000,1.799800
rebuffer13,VPWR,li1,126.7300,116.9600,1.799793
rebuffer12,VPWR,li1,157.0900,62.5600,1.799835
rebuffer11,VPWR,li1,157.3200,57.1200,1.799886
rebuffer10,VPWR,li1,158.0100,57.1200,1.799886
rebuffer9,VPWR,li1,31.0500,62.5600,1.799947
rebuffer8,VPWR,li1,47.8400,133.2800,1.799972
rebuffer7,VPWR,li1,21.8500,106.0800,1.799976
rebuffer6,VPWR,li1,21.8500,68.0000,1.799975
rebuffer5,VPWR,li1,13.8000,46.2400,1.799963
clone4,VPWR,li1,19.5500,68.0000,1.799975
rebuffer3,VPWR,li1,122.1300,100.6400,1.799825
rebuffer2,VPWR,li1,17.4800,51.6800,1.799911
rebuffer1,VPWR,li1,118.2200,100.6400,1.799826
clkload2,VPWR,li1,103.2700,122.4000,1.799341
clkload1,VPWR,li1,63.2500,116.9600,1.799872
clkload0,VPWR,li1,81.1900,51.6800,1.799511
clkbuf_2_3__f_aclk,VPWR,li1,105.3400,122.4000,1.799328
clkbuf_2_2__f_aclk,VPWR,li1,65.7800,116.9600,1.799867
clkbuf_2_1__f_aclk,VPWR,li1,87.8600,51.6800,1.799462
clkbuf_2_0__f_aclk,VPWR,li1,56.5800,62.5600,1.799907
clkbuf_0_aclk,VPWR,li1,84.6400,89.7600,1.799562
fanout136,VPWR,li1,91.0800,160.4800,1.799753
fanout135,VPWR,li1,17.0200,144.1600,1.799973
fanout134,VPWR,li1,15.6400,78.8800,1.799969
fanout133,VPWR,li1,11.5000,73.4400,1.799960
fanout132,VPWR,li1,53.3600,24.4800,1.799869
fanout131,VPWR,li1,8.2800,51.6800,1.799908
fanout130,VPWR,li1,47.1500,19.0400,1.799963
fanout129,VPWR,li1,14.2600,51.6800,1.799910
fanout128,VPWR,li1,58.8800,24.4800,1.799857
fanout127,VPWR,li1,8.7400,68.0000,1.799972
fanout126,VPWR,li1,10.3500,73.4400,1.799959
fanout125,VPWR,li1,89.4700,24.4800,1.799798
fanout124,VPWR,li1,101.4300,127.8400,1.799889
fanout123,VPWR,li1,68.5400,78.8800,1.799916
fanout122,VPWR,li1,20.2400,78.8800,1.799973
fanout121,VPWR,li1,13.3400,73.4400,1.799960
fanout120,VPWR,li1,9.6600,62.5600,1.799969
fanout119,VPWR,li1,29.2100,57.1200,1.799952
fanout118,VPWR,li1,36.3400,57.1200,1.799940
fanout117,VPWR,li1,68.5400,68.0000,1.799914
fanout116,VPWR,li1,25.3000,68.0000,1.799972
fanout115,VPWR,li1,104.8800,68.0000,1.799880
fanout114,VPWR,li1,48.7600,57.1200,1.799927
fanout113,VPWR,li1,111.7800,51.6800,1.799442
fanout112,VPWR,li1,58.8800,57.1200,1.799919
fanout111,VPWR,li1,72.6800,19.0400,1.799944
fanout110,VPWR,li1,82.1100,62.5600,1.799875
fanout109,VPWR,li1,76.8200,57.1200,1.799906
fanout108,VPWR,li1,85.7900,68.0000,1.799896
fanout107,VPWR,li1,92.9200,46.2400,1.799866
fanout106,VPWR,li1,11.5000,57.1200,1.799965
fanout105,VPWR,li1,13.3400,57.1200,1.799966
fanout104,VPWR,li1,61.6400,68.0000,1.799922
fanout103,VPWR,li1,19.7800,57.1200,1.799969
fanout102,VPWR,li1,72.2200,62.5600,1.799887
fanout101,VPWR,li1,38.1800,57.1200,1.799937
fanout100,VPWR,li1,86.9400,46.2400,1.799871
fanout99,VPWR,li1,45.5400,19.0400,1.799965
fanout98,VPWR,li1,84.4100,62.5600,1.799873
fanout97,VPWR,li1,57.0400,24.4800,1.799862
fanout96,VPWR,li1,105.5700,51.6800,1.799446
fanout95,VPWR,li1,77.7400,29.9200,1.799916
fanout94,VPWR,li1,86.4800,24.4800,1.799801
fanout93,VPWR,li1,103.9600,51.6800,1.799448
fanout92,VPWR,li1,106.4900,62.5600,1.799852
fanout91,VPWR,li1,98.4400,127.8400,1.799890
fanout90,VPWR,li1,147.8900,46.2400,1.799840
fanout89,VPWR,li1,103.0400,62.5600,1.799854
fanout88,VPWR,li1,9.6600,46.2400,1.799962
fanout87,VPWR,li1,15.1800,100.6400,1.799969
fanout86,VPWR,li1,10.5800,40.8000,1.799980
fanout85,VPWR,li1,10.1200,95.2000,1.799965
fanout84,VPWR,li1,12.8800,95.2000,1.799966
fanout83,VPWR,li1,106.2600,122.4000,1.799328
fanout82,VPWR,li1,17.0200,73.4400,1.799963
fanout81,VPWR,li1,20.7000,46.2400,1.799969
fanout80,VPWR,li1,11.0400,100.6400,1.799969
fanout79,VPWR,li1,12.8800,95.2000,1.799966
fanout78,VPWR,li1,98.9000,122.4000,1.799380
fanout77,VPWR,li1,93.3800,122.4000,1.799408
fanout76,VPWR,li1,132.9400,122.4000,1.799315
fanout75,VPWR,li1,156.8600,89.7600,1.799523
fanout74,VPWR,li1,38.6400,73.4400,1.799929
fanout73,VPWR,li1,16.3300,100.6400,1.799969
fanout72,VPWR,li1,19.7800,100.6400,1.799970
fanout71,VPWR,li1,39.1000,73.4400,1.799924
max_cap70,VPWR,li1,103.2700,46.2400,1.799859
wire69,VPWR,li1,78.8900,116.9600,1.799845
fanout68,VPWR,li1,146.2800,89.7600,1.799524
fanout67,VPWR,li1,126.5000,122.4000,1.799316
fanout66,VPWR,li1,71.3000,133.2800,1.799959
fanout65,VPWR,li1,75.4400,84.3200,1.799833
fanout64,VPWR,li1,147.2000,89.7600,1.799524
fanout63,VPWR,li1,79.5800,84.3200,1.799823
fanout62,VPWR,li1,80.0400,100.6400,1.799857
fanout61,VPWR,li1,74.5200,95.2000,1.799849
fanout60,VPWR,li1,80.0400,95.2000,1.799841
fanout59,VPWR,li1,52.4400,84.3200,1.799884
fanout58,VPWR,li1,90.6200,95.2000,1.799830
fanout57,VPWR,li1,71.7600,100.6400,1.799869
fanout56,VPWR,li1,51.5200,89.7600,1.799754
wire55,VPWR,li1,60.9500,111.5200,1.799876
max_cap54,VPWR,li1,62.3300,111.5200,1.799876
output53,VPWR,li1,7.8200,89.7600,1.799924
output52,VPWR,li1,7.8200,62.5600,1.799969
output51,VPWR,li1,158.7000,35.3600,1.799669
output50,VPWR,li1,158.7000,40.8000,1.799899
output49,VPWR,li1,115.0000,13.6000,1.799734
output48,VPWR,li1,92.0000,13.6000,1.799755
output47,VPWR,li1,65.3200,13.6000,1.799806
output46,VPWR,li1,56.1200,13.6000,1.799829
output45,VPWR,li1,47.8400,13.6000,1.799853
output44,VPWR,li1,158.7000,138.7200,1.799854
output43,VPWR,li1,158.7000,122.4000,1.799312
output42,VPWR,li1,14.2600,40.8000,1.799981
output41,VPWR,li1,158.7000,133.2800,1.799938
output40,VPWR,li1,123.7400,165.9200,1.799943
output39,VPWR,li1,94.7600,165.9200,1.799948
output38,VPWR,li1,97.9800,165.9200,1.799948
output37,VPWR,li1,78.6600,165.9200,1.799956
output36,VPWR,li1,59.3400,165.9200,1.799967
output35,VPWR,li1,52.9000,165.9200,1.799972
output34,VPWR,li1,7.8200,144.1600,1.799969
output33,VPWR,li1,7.8200,138.7200,1.799978
output32,VPWR,li1,7.8200,106.0800,1.799969
output31,VPWR,li1,12.4200,40.8000,1.799981
output30,VPWR,li1,7.8200,84.3200,1.799966
output29,VPWR,li1,7.8200,73.4400,1.799958
output28,VPWR,li1,7.8200,78.8800,1.799966
output27,VPWR,li1,7.8200,95.2000,1.799965
output26,VPWR,li1,103.9600,165.9200,1.799945
output25,VPWR,li1,107.6400,165.9200,1.799944
output24,VPWR,li1,158.7000,111.5200,1.799768
output23,VPWR,li1,158.7000,116.9600,1.799782
output22,VPWR,li1,158.7000,84.3200,1.799743
output21,VPWR,li1,158.7000,68.0000,1.799858
output20,VPWR,li1,7.8200,29.9200,1.799985
input19,VPWR,li1,7.5900,62.5600,1.799969
input18,VPWR,li1,18.1700,46.2400,1.799967
input17,VPWR,li1,16.7900,46.2400,1.799965
input16,VPWR,li1,82.1100,13.6000,1.799773
input15,VPWR,li1,78.4300,13.6000,1.799780
input14,VPWR,li1,73.3700,13.6000,1.799793
input13,VPWR,li1,59.1100,13.6000,1.799824
input12,VPWR,li1,9.8900,84.3200,1.799967
input11,VPWR,li1,7.5900,73.4400,1.799958
input10,VPWR,li1,9.4300,57.1200,1.799965
input9,VPWR,li1,15.8700,40.8000,1.799981
input8,VPWR,li1,74.7500,13.6000,1.799787
input7,VPWR,li1,71.9900,13.6000,1.799793
input6,VPWR,li1,62.3300,13.6000,1.799813
input5,VPWR,li1,52.6700,13.6000,1.799842
input4,VPWR,li1,15.4100,46.2400,1.799965
input3,VPWR,li1,9.4300,73.4400,1.799959
input2,VPWR,li1,7.8200,57.1200,1.799965
input1,VPWR,li1,7.8200,138.7200,1.799978
TAP_TAPCELL_ROW_56_437,VPWR,li1,147.4300,165.6130,1.799943
TAP_TAPCELL_ROW_56_436,VPWR,li1,134.5500,165.6130,1.799943
TAP_TAPCELL_ROW_56_435,VPWR,li1,121.6700,165.6130,1.799943
TAP_TAPCELL_ROW_56_434,VPWR,li1,108.7900,165.6130,1.799944
TAP_TAPCELL_ROW_56_433,VPWR,li1,95.9100,165.6130,1.799948
TAP_TAPCELL_ROW_56_432,VPWR,li1,83.0300,165.6130,1.799954
TAP_TAPCELL_ROW_56_431,VPWR,li1,70.1500,165.6130,1.799961
TAP_TAPCELL_ROW_56_430,VPWR,li1,57.2700,165.6130,1.799968
TAP_TAPCELL_ROW_56_429,VPWR,li1,44.3900,165.6130,1.799978
TAP_TAPCELL_ROW_56_428,VPWR,li1,31.5100,165.6130,1.799987
TAP_TAPCELL_ROW_56_427,VPWR,li1,18.6300,165.6130,1.799993
TAP_TAPCELL_ROW_55_426,VPWR,li1,134.5500,160.7860,1.799698
TAP_TAPCELL_ROW_55_425,VPWR,li1,108.7900,160.7860,1.799722
TAP_TAPCELL_ROW_55_424,VPWR,li1,83.0300,160.7860,1.799766
TAP_TAPCELL_ROW_55_423,VPWR,li1,57.2700,160.7860,1.799834
TAP_TAPCELL_ROW_55_422,VPWR,li1,31.5100,160.7860,1.799925
TAP_TAPCELL_ROW_54_421,VPWR,li1,147.4300,160.1730,1.799690
TAP_TAPCELL_ROW_54_420,VPWR,li1,121.6700,160.1730,1.799708
TAP_TAPCELL_ROW_54_419,VPWR,li1,95.9100,160.1730,1.799743
TAP_TAPCELL_ROW_54_418,VPWR,li1,70.1500,160.1730,1.799796
TAP_TAPCELL_ROW_54_417,VPWR,li1,44.3900,160.1730,1.799877
TAP_TAPCELL_ROW_54_416,VPWR,li1,18.6300,160.1730,1.799961
TAP_TAPCELL_ROW_53_415,VPWR,li1,134.5500,155.3460,1.799754
TAP_TAPCELL_ROW_53_414,VPWR,li1,108.7900,155.3460,1.799776
TAP_TAPCELL_ROW_53_413,VPWR,li1,83.0300,155.3460,1.799815
TAP_TAPCELL_ROW_53_412,VPWR,li1,57.2700,155.3460,1.799871
TAP_TAPCELL_ROW_53_411,VPWR,li1,31.5100,155.3460,1.799943
TAP_TAPCELL_ROW_52_410,VPWR,li1,147.4300,154.7330,1.799746
TAP_TAPCELL_ROW_52_409,VPWR,li1,121.6700,154.7330,1.799764
TAP_TAPCELL_ROW_52_408,VPWR,li1,95.9100,154.7330,1.799792
TAP_TAPCELL_ROW_52_407,VPWR,li1,70.1500,154.7330,1.799844
TAP_TAPCELL_ROW_52_406,VPWR,li1,44.3900,154.7330,1.799906
TAP_TAPCELL_ROW_52_405,VPWR,li1,18.6300,154.7330,1.799971
TAP_TAPCELL_ROW_51_404,VPWR,li1,134.5500,149.9060,1.799711
TAP_TAPCELL_ROW_51_403,VPWR,li1,108.7900,149.9060,1.799739
TAP_TAPCELL_ROW_51_402,VPWR,li1,83.0300,149.9060,1.799788
TAP_TAPCELL_ROW_51_401,VPWR,li1,57.2700,149.9060,1.799852
TAP_TAPCELL_ROW_51_400,VPWR,li1,31.5100,149.9060,1.799930
TAP_TAPCELL_ROW_50_399,VPWR,li1,147.4300,149.2930,1.799703
TAP_TAPCELL_ROW_50_398,VPWR,li1,121.6700,149.2930,1.799724
TAP_TAPCELL_ROW_50_397,VPWR,li1,95.9100,149.2930,1.799760
TAP_TAPCELL_ROW_50_396,VPWR,li1,70.1500,149.2930,1.799815
TAP_TAPCELL_ROW_50_395,VPWR,li1,44.3900,149.2930,1.799889
TAP_TAPCELL_ROW_50_394,VPWR,li1,18.6300,149.2930,1.799963
TAP_TAPCELL_ROW_49_393,VPWR,li1,134.5500,144.4660,1.799876
TAP_TAPCELL_ROW_49_392,VPWR,li1,108.7900,144.4660,1.799887
TAP_TAPCELL_ROW_49_391,VPWR,li1,83.0300,144.4660,1.799905
TAP_TAPCELL_ROW_49_390,VPWR,li1,57.2700,144.4660,1.799925
TAP_TAPCELL_ROW_49_389,VPWR,li1,31.5100,144.4660,1.799961
TAP_TAPCELL_ROW_48_388,VPWR,li1,147.4300,143.8530,1.799875
TAP_TAPCELL_ROW_48_387,VPWR,li1,121.6700,143.8530,1.799880
TAP_TAPCELL_ROW_48_386,VPWR,li1,95.9100,143.8530,1.799896
TAP_TAPCELL_ROW_48_385,VPWR,li1,70.1500,143.8530,1.799913
TAP_TAPCELL_ROW_48_384,VPWR,li1,44.3900,143.8530,1.799938
TAP_TAPCELL_ROW_48_383,VPWR,li1,18.6300,143.8530,1.799973
TAP_TAPCELL_ROW_47_382,VPWR,li1,134.5500,139.0260,1.799857
TAP_TAPCELL_ROW_47_381,VPWR,li1,108.7900,139.0260,1.799870
TAP_TAPCELL_ROW_47_380,VPWR,li1,83.0300,139.0260,1.799890
TAP_TAPCELL_ROW_47_379,VPWR,li1,57.2700,139.0260,1.799923
TAP_TAPCELL_ROW_47_378,VPWR,li1,31.5100,139.0260,1.799964
TAP_TAPCELL_ROW_46_377,VPWR,li1,147.4300,138.4130,1.799855
TAP_TAPCELL_ROW_46_376,VPWR,li1,121.6700,138.4130,1.799862
TAP_TAPCELL_ROW_46_375,VPWR,li1,95.9100,138.4130,1.799879
TAP_TAPCELL_ROW_46_374,VPWR,li1,70.1500,138.4130,1.799905
TAP_TAPCELL_ROW_46_373,VPWR,li1,44.3900,138.4130,1.799943
TAP_TAPCELL_ROW_46_372,VPWR,li1,18.6300,138.4130,1.799979
TAP_TAPCELL_ROW_45_371,VPWR,li1,134.5500,133.5860,1.799941
TAP_TAPCELL_ROW_45_370,VPWR,li1,108.7900,133.5860,1.799947
TAP_TAPCELL_ROW_45_369,VPWR,li1,83.0300,133.5860,1.799955
TAP_TAPCELL_ROW_45_368,VPWR,li1,57.2700,133.5860,1.799967
TAP_TAPCELL_ROW_45_367,VPWR,li1,31.5100,133.5860,1.799984
TAP_TAPCELL_ROW_44_366,VPWR,li1,147.4300,132.9730,1.799939
TAP_TAPCELL_ROW_44_365,VPWR,li1,121.6700,132.9730,1.799944
TAP_TAPCELL_ROW_44_364,VPWR,li1,95.9100,132.9730,1.799951
TAP_TAPCELL_ROW_44_363,VPWR,li1,70.1500,132.9730,1.799960
TAP_TAPCELL_ROW_44_362,VPWR,li1,44.3900,132.9730,1.799975
TAP_TAPCELL_ROW_44_361,VPWR,li1,18.6300,132.9730,1.799991
TAP_TAPCELL_ROW_43_360,VPWR,li1,134.5500,128.1460,1.799876
TAP_TAPCELL_ROW_43_359,VPWR,li1,108.7900,128.1460,1.799885
TAP_TAPCELL_ROW_43_358,VPWR,li1,83.0300,128.1460,1.799906
TAP_TAPCELL_ROW_43_357,VPWR,li1,57.2700,128.1460,1.799933
TAP_TAPCELL_ROW_43_356,VPWR,li1,31.5100,128.1460,1.799967
TAP_TAPCELL_ROW_42_355,VPWR,li1,147.4300,127.5330,1.799874
TAP_TAPCELL_ROW_42_354,VPWR,li1,121.6700,127.5330,1.799880
TAP_TAPCELL_ROW_42_353,VPWR,li1,95.9100,127.5330,1.799894
TAP_TAPCELL_ROW_42_352,VPWR,li1,70.1500,127.5330,1.799917
TAP_TAPCELL_ROW_42_351,VPWR,li1,44.3900,127.5330,1.799948
TAP_TAPCELL_ROW_42_350,VPWR,li1,18.6300,127.5330,1.799982
TAP_TAPCELL_ROW_41_349,VPWR,li1,134.5500,122.7060,1.799315
TAP_TAPCELL_ROW_41_348,VPWR,li1,108.7900,122.7060,1.799325
TAP_TAPCELL_ROW_41_347,VPWR,li1,83.0300,122.7060,1.799489
TAP_TAPCELL_ROW_41_346,VPWR,li1,57.2700,122.7060,1.799668
TAP_TAPCELL_ROW_41_345,VPWR,li1,31.5100,122.7060,1.799847
TAP_TAPCELL_ROW_40_344,VPWR,li1,147.4300,122.0930,1.799313
TAP_TAPCELL_ROW_40_343,VPWR,li1,121.6700,122.0930,1.799318
TAP_TAPCELL_ROW_40_342,VPWR,li1,95.9100,122.0930,1.799395
TAP_TAPCELL_ROW_40_341,VPWR,li1,70.1500,122.0930,1.799566
TAP_TAPCELL_ROW_40_340,VPWR,li1,44.3900,122.0930,1.799754
TAP_TAPCELL_ROW_40_339,VPWR,li1,18.6300,122.0930,1.799921
TAP_TAPCELL_ROW_39_338,VPWR,li1,134.5500,117.2660,1.799788
TAP_TAPCELL_ROW_39_337,VPWR,li1,108.7900,117.2660,1.799807
TAP_TAPCELL_ROW_39_336,VPWR,li1,83.0300,117.2660,1.799839
TAP_TAPCELL_ROW_39_335,VPWR,li1,57.2700,117.2660,1.799888
TAP_TAPCELL_ROW_39_334,VPWR,li1,31.5100,117.2660,1.799945
TAP_TAPCELL_ROW_38_333,VPWR,li1,147.4300,116.6530,1.799783
TAP_TAPCELL_ROW_38_332,VPWR,li1,121.6700,116.6530,1.799797
TAP_TAPCELL_ROW_38_331,VPWR,li1,95.9100,116.6530,1.799820
TAP_TAPCELL_ROW_38_330,VPWR,li1,70.1500,116.6530,1.799859
TAP_TAPCELL_ROW_38_329,VPWR,li1,44.3900,116.6530,1.799916
TAP_TAPCELL_ROW_38_328,VPWR,li1,18.6300,116.6530,1.799966
TAP_TAPCELL_ROW_37_327,VPWR,li1,134.5500,111.8260,1.799782
TAP_TAPCELL_ROW_37_326,VPWR,li1,108.7900,111.8260,1.799803
TAP_TAPCELL_ROW_37_325,VPWR,li1,83.0300,111.8260,1.799837
TAP_TAPCELL_ROW_37_324,VPWR,li1,57.2700,111.8260,1.799886
TAP_TAPCELL_ROW_37_323,VPWR,li1,31.5100,111.8260,1.799949
TAP_TAPCELL_ROW_36_322,VPWR,li1,147.4300,111.2130,1.799773
TAP_TAPCELL_ROW_36_321,VPWR,li1,121.6700,111.2130,1.799791
TAP_TAPCELL_ROW_36_320,VPWR,li1,95.9100,111.2130,1.799817
TAP_TAPCELL_ROW_36_319,VPWR,li1,70.1500,111.2130,1.799860
TAP_TAPCELL_ROW_36_318,VPWR,li1,44.3900,111.2130,1.799914
TAP_TAPCELL_ROW_36_317,VPWR,li1,18.6300,111.2130,1.799971
TAP_TAPCELL_ROW_35_316,VPWR,li1,134.5500,106.3860,1.799892
TAP_TAPCELL_ROW_35_315,VPWR,li1,108.7900,106.3860,1.799896
TAP_TAPCELL_ROW_35_314,VPWR,li1,83.0300,106.3860,1.799909
TAP_TAPCELL_ROW_35_313,VPWR,li1,57.2700,106.3860,1.799929
TAP_TAPCELL_ROW_35_312,VPWR,li1,31.5100,106.3860,1.799963
TAP_TAPCELL_ROW_34_311,VPWR,li1,147.4300,105.7730,1.799891
TAP_TAPCELL_ROW_34_310,VPWR,li1,121.6700,105.7730,1.799894
TAP_TAPCELL_ROW_34_309,VPWR,li1,95.9100,105.7730,1.799902
TAP_TAPCELL_ROW_34_308,VPWR,li1,70.1500,105.7730,1.799917
TAP_TAPCELL_ROW_34_307,VPWR,li1,44.3900,105.7730,1.799944
TAP_TAPCELL_ROW_34_306,VPWR,li1,18.6300,105.7730,1.799973
TAP_TAPCELL_ROW_33_305,VPWR,li1,134.5500,100.9460,1.799821
TAP_TAPCELL_ROW_33_304,VPWR,li1,108.7900,100.9460,1.799831
TAP_TAPCELL_ROW_33_303,VPWR,li1,83.0300,100.9460,1.799855
TAP_TAPCELL_ROW_33_302,VPWR,li1,57.2700,100.9460,1.799893
TAP_TAPCELL_ROW_33_301,VPWR,li1,31.5100,100.9460,1.799949
TAP_TAPCELL_ROW_32_300,VPWR,li1,147.4300,100.3330,1.799820
TAP_TAPCELL_ROW_32_299,VPWR,li1,121.6700,100.3330,1.799825
TAP_TAPCELL_ROW_32_298,VPWR,li1,95.9100,100.3330,1.799841
TAP_TAPCELL_ROW_32_297,VPWR,li1,70.1500,100.3330,1.799872
TAP_TAPCELL_ROW_32_296,VPWR,li1,44.3900,100.3330,1.799918
TAP_TAPCELL_ROW_32_295,VPWR,li1,18.6300,100.3330,1.799969
TAP_TAPCELL_ROW_31_294,VPWR,li1,134.5500,95.5060,1.799801
TAP_TAPCELL_ROW_31_293,VPWR,li1,108.7900,95.5060,1.799815
TAP_TAPCELL_ROW_31_292,VPWR,li1,83.0300,95.5060,1.799837
TAP_TAPCELL_ROW_31_291,VPWR,li1,57.2700,95.5060,1.799881
TAP_TAPCELL_ROW_31_290,VPWR,li1,31.5100,95.5060,1.799945
TAP_TAPCELL_ROW_30_289,VPWR,li1,147.4300,94.8930,1.799800
TAP_TAPCELL_ROW_30_288,VPWR,li1,121.6700,94.8930,1.799807
TAP_TAPCELL_ROW_30_287,VPWR,li1,95.9100,94.8930,1.799826
TAP_TAPCELL_ROW_30_286,VPWR,li1,70.1500,94.8930,1.799856
TAP_TAPCELL_ROW_30_285,VPWR,li1,44.3900,94.8930,1.799913
TAP_TAPCELL_ROW_30_284,VPWR,li1,18.6300,94.8930,1.799967
TAP_TAPCELL_ROW_29_283,VPWR,li1,134.5500,90.0660,1.799528
TAP_TAPCELL_ROW_29_282,VPWR,li1,108.7900,90.0660,1.799542
TAP_TAPCELL_ROW_29_281,VPWR,li1,83.0300,90.0660,1.799573
TAP_TAPCELL_ROW_29_280,VPWR,li1,57.2700,90.0660,1.799718
TAP_TAPCELL_ROW_29_279,VPWR,li1,31.5100,90.0660,1.799870
TAP_TAPCELL_ROW_28_278,VPWR,li1,147.4300,89.4530,1.799524
TAP_TAPCELL_ROW_28_277,VPWR,li1,121.6700,89.4530,1.799534
TAP_TAPCELL_ROW_28_276,VPWR,li1,95.9100,89.4530,1.799552
TAP_TAPCELL_ROW_28_275,VPWR,li1,70.1500,89.4530,1.799644
TAP_TAPCELL_ROW_28_274,VPWR,li1,44.3900,89.4530,1.799792
TAP_TAPCELL_ROW_28_273,VPWR,li1,18.6300,89.4530,1.799930
TAP_TAPCELL_ROW_27_272,VPWR,li1,134.5500,84.6260,1.799746
TAP_TAPCELL_ROW_27_271,VPWR,li1,108.7900,84.6260,1.799772
TAP_TAPCELL_ROW_27_270,VPWR,li1,83.0300,84.6260,1.799815
TAP_TAPCELL_ROW_27_269,VPWR,li1,57.2700,84.6260,1.799874
TAP_TAPCELL_ROW_27_268,VPWR,li1,31.5100,84.6260,1.799944
TAP_TAPCELL_ROW_26_267,VPWR,li1,147.4300,84.0130,1.799743
TAP_TAPCELL_ROW_26_266,VPWR,li1,121.6700,84.0130,1.799756
TAP_TAPCELL_ROW_26_265,VPWR,li1,95.9100,84.0130,1.799793
TAP_TAPCELL_ROW_26_264,VPWR,li1,70.1500,84.0130,1.799843
TAP_TAPCELL_ROW_26_263,VPWR,li1,44.3900,84.0130,1.799908
TAP_TAPCELL_ROW_26_262,VPWR,li1,18.6300,84.0130,1.799968
TAP_TAPCELL_ROW_25_261,VPWR,li1,134.5500,79.1860,1.799858
TAP_TAPCELL_ROW_25_260,VPWR,li1,108.7900,79.1860,1.799877
TAP_TAPCELL_ROW_25_259,VPWR,li1,83.0300,79.1860,1.799900
TAP_TAPCELL_ROW_25_258,VPWR,li1,57.2700,79.1860,1.799931
TAP_TAPCELL_ROW_25_257,VPWR,li1,31.5100,79.1860,1.799964
TAP_TAPCELL_ROW_24_256,VPWR,li1,147.4300,78.5730,1.799850
TAP_TAPCELL_ROW_24_255,VPWR,li1,121.6700,78.5730,1.799866
TAP_TAPCELL_ROW_24_254,VPWR,li1,95.9100,78.5730,1.799889
TAP_TAPCELL_ROW_24_253,VPWR,li1,70.1500,78.5730,1.799916
TAP_TAPCELL_ROW_24_252,VPWR,li1,44.3900,78.5730,1.799946
TAP_TAPCELL_ROW_24_251,VPWR,li1,18.6300,78.5730,1.799972
TAP_TAPCELL_ROW_23_250,VPWR,li1,134.5500,73.7460,1.799772
TAP_TAPCELL_ROW_23_249,VPWR,li1,108.7900,73.7460,1.799800
TAP_TAPCELL_ROW_23_248,VPWR,li1,83.0300,73.7460,1.799834
TAP_TAPCELL_ROW_23_247,VPWR,li1,57.2700,73.7460,1.799883
TAP_TAPCELL_ROW_23_246,VPWR,li1,31.5100,73.7460,1.799945
TAP_TAPCELL_ROW_22_245,VPWR,li1,147.4300,73.1330,1.799764
TAP_TAPCELL_ROW_22_244,VPWR,li1,121.6700,73.1330,1.799784
TAP_TAPCELL_ROW_22_243,VPWR,li1,95.9100,73.1330,1.799818
TAP_TAPCELL_ROW_22_242,VPWR,li1,70.1500,73.1330,1.799856
TAP_TAPCELL_ROW_22_241,VPWR,li1,44.3900,73.1330,1.799913
TAP_TAPCELL_ROW_22_240,VPWR,li1,18.6300,73.1330,1.799963
TAP_TAPCELL_ROW_21_239,VPWR,li1,134.5500,68.3060,1.799862
TAP_TAPCELL_ROW_21_238,VPWR,li1,108.7900,68.3060,1.799877
TAP_TAPCELL_ROW_21_237,VPWR,li1,83.0300,68.3060,1.799899
TAP_TAPCELL_ROW_21_236,VPWR,li1,57.2700,68.3060,1.799928
TAP_TAPCELL_ROW_21_235,VPWR,li1,31.5100,68.3060,1.799961
TAP_TAPCELL_ROW_20_234,VPWR,li1,147.4300,67.6930,1.799859
TAP_TAPCELL_ROW_20_233,VPWR,li1,121.6700,67.6930,1.799869
TAP_TAPCELL_ROW_20_232,VPWR,li1,95.9100,67.6930,1.799887
TAP_TAPCELL_ROW_20_231,VPWR,li1,70.1500,67.6930,1.799914
TAP_TAPCELL_ROW_20_230,VPWR,li1,44.3900,67.6930,1.799944
TAP_TAPCELL_ROW_20_229,VPWR,li1,18.6300,67.6930,1.799974
TAP_TAPCELL_ROW_19_228,VPWR,li1,134.5500,62.8660,1.799838
TAP_TAPCELL_ROW_19_227,VPWR,li1,108.7900,62.8660,1.799851
TAP_TAPCELL_ROW_19_226,VPWR,li1,83.0300,62.8660,1.799875
TAP_TAPCELL_ROW_19_225,VPWR,li1,57.2700,62.8660,1.799907
TAP_TAPCELL_ROW_19_224,VPWR,li1,31.5100,62.8660,1.799947
TAP_TAPCELL_ROW_18_223,VPWR,li1,147.4300,62.2530,1.799835
TAP_TAPCELL_ROW_18_222,VPWR,li1,121.6700,62.2530,1.799844
TAP_TAPCELL_ROW_18_221,VPWR,li1,95.9100,62.2530,1.799862
TAP_TAPCELL_ROW_18_220,VPWR,li1,70.1500,62.2530,1.799889
TAP_TAPCELL_ROW_18_219,VPWR,li1,44.3900,62.2530,1.799924
TAP_TAPCELL_ROW_18_218,VPWR,li1,18.6300,62.2530,1.799971
TAP_TAPCELL_ROW_17_217,VPWR,li1,134.5500,57.4260,1.799887
TAP_TAPCELL_ROW_17_216,VPWR,li1,108.7900,57.4260,1.799894
TAP_TAPCELL_ROW_17_215,VPWR,li1,83.0300,57.4260,1.799904
TAP_TAPCELL_ROW_17_214,VPWR,li1,57.2700,57.4260,1.799921
TAP_TAPCELL_ROW_17_213,VPWR,li1,31.5100,57.4260,1.799947
TAP_TAPCELL_ROW_16_212,VPWR,li1,147.4300,56.8130,1.799886
TAP_TAPCELL_ROW_16_211,VPWR,li1,121.6700,56.8130,1.799890
TAP_TAPCELL_ROW_16_210,VPWR,li1,95.9100,56.8130,1.799898
TAP_TAPCELL_ROW_16_209,VPWR,li1,70.1500,56.8130,1.799911
TAP_TAPCELL_ROW_16_208,VPWR,li1,44.3900,56.8130,1.799931
TAP_TAPCELL_ROW_16_207,VPWR,li1,18.6300,56.8130,1.799968
TAP_TAPCELL_ROW_15_206,VPWR,li1,134.5500,51.9860,1.799430
TAP_TAPCELL_ROW_15_205,VPWR,li1,108.7900,51.9860,1.799444
TAP_TAPCELL_ROW_15_204,VPWR,li1,83.0300,51.9860,1.799495
TAP_TAPCELL_ROW_15_203,VPWR,li1,57.2700,51.9860,1.799670
TAP_TAPCELL_ROW_15_202,VPWR,li1,31.5100,51.9860,1.799848
TAP_TAPCELL_ROW_14_201,VPWR,li1,147.4300,51.3730,1.799427
TAP_TAPCELL_ROW_14_200,VPWR,li1,121.6700,51.3730,1.799435
TAP_TAPCELL_ROW_14_199,VPWR,li1,95.9100,51.3730,1.799454
TAP_TAPCELL_ROW_14_198,VPWR,li1,70.1500,51.3730,1.799590
TAP_TAPCELL_ROW_14_197,VPWR,li1,44.3900,51.3730,1.799757
TAP_TAPCELL_ROW_14_196,VPWR,li1,18.6300,51.3730,1.799914
TAP_TAPCELL_ROW_13_195,VPWR,li1,134.5500,46.5460,1.799842
TAP_TAPCELL_ROW_13_194,VPWR,li1,108.7900,46.5460,1.799856
TAP_TAPCELL_ROW_13_193,VPWR,li1,83.0300,46.5460,1.799876
TAP_TAPCELL_ROW_13_192,VPWR,li1,57.2700,46.5460,1.799910
TAP_TAPCELL_ROW_13_191,VPWR,li1,31.5100,46.5460,1.799953
TAP_TAPCELL_ROW_12_190,VPWR,li1,147.4300,45.9330,1.799840
TAP_TAPCELL_ROW_12_189,VPWR,li1,121.6700,45.9330,1.799848
TAP_TAPCELL_ROW_12_188,VPWR,li1,95.9100,45.9330,1.799864
TAP_TAPCELL_ROW_12_187,VPWR,li1,70.1500,45.9330,1.799890
TAP_TAPCELL_ROW_12_186,VPWR,li1,44.3900,45.9330,1.799928
TAP_TAPCELL_ROW_12_185,VPWR,li1,18.6300,45.9330,1.799967
TAP_TAPCELL_ROW_11_184,VPWR,li1,134.5500,41.1060,1.799902
TAP_TAPCELL_ROW_11_183,VPWR,li1,108.7900,41.1060,1.799910
TAP_TAPCELL_ROW_11_182,VPWR,li1,83.0300,41.1060,1.799924
TAP_TAPCELL_ROW_11_181,VPWR,li1,57.2700,41.1060,1.799947
TAP_TAPCELL_ROW_11_180,VPWR,li1,31.5100,41.1060,1.799974
TAP_TAPCELL_ROW_10_179,VPWR,li1,147.4300,40.4930,1.799900
TAP_TAPCELL_ROW_10_178,VPWR,li1,121.6700,40.4930,1.799905
TAP_TAPCELL_ROW_10_177,VPWR,li1,95.9100,40.4930,1.799916
TAP_TAPCELL_ROW_10_176,VPWR,li1,70.1500,40.4930,1.799934
TAP_TAPCELL_ROW_10_175,VPWR,li1,44.3900,40.4930,1.799961
TAP_TAPCELL_ROW_10_174,VPWR,li1,18.6300,40.4930,1.799983
TAP_TAPCELL_ROW_9_173,VPWR,li1,134.5500,35.6660,1.799692
TAP_TAPCELL_ROW_9_172,VPWR,li1,108.7900,35.6660,1.799737
TAP_TAPCELL_ROW_9_171,VPWR,li1,83.0300,35.6660,1.799796
TAP_TAPCELL_ROW_9_170,VPWR,li1,57.2700,35.6660,1.799867
TAP_TAPCELL_ROW_9_169,VPWR,li1,31.5100,35.6660,1.799943
TAP_TAPCELL_ROW_8_168,VPWR,li1,147.4300,35.0530,1.799678
TAP_TAPCELL_ROW_8_167,VPWR,li1,121.6700,35.0530,1.799714
TAP_TAPCELL_ROW_8_166,VPWR,li1,95.9100,35.0530,1.799764
TAP_TAPCELL_ROW_8_165,VPWR,li1,70.1500,35.0530,1.799831
TAP_TAPCELL_ROW_8_164,VPWR,li1,44.3900,35.0530,1.799905
TAP_TAPCELL_ROW_8_163,VPWR,li1,18.6300,35.0530,1.799968
TAP_TAPCELL_ROW_7_162,VPWR,li1,134.5500,30.2260,1.799888
TAP_TAPCELL_ROW_7_161,VPWR,li1,108.7900,30.2260,1.799899
TAP_TAPCELL_ROW_7_160,VPWR,li1,83.0300,30.2260,1.799913
TAP_TAPCELL_ROW_7_159,VPWR,li1,57.2700,30.2260,1.799936
TAP_TAPCELL_ROW_7_158,VPWR,li1,31.5100,30.2260,1.799970
TAP_TAPCELL_ROW_6_157,VPWR,li1,147.4300,29.6130,1.799886
TAP_TAPCELL_ROW_6_156,VPWR,li1,121.6700,29.6130,1.799892
TAP_TAPCELL_ROW_6_155,VPWR,li1,95.9100,29.6130,1.799905
TAP_TAPCELL_ROW_6_154,VPWR,li1,70.1500,29.6130,1.799922
TAP_TAPCELL_ROW_6_153,VPWR,li1,44.3900,29.6130,1.799951
TAP_TAPCELL_ROW_6_152,VPWR,li1,18.6300,29.6130,1.799985
TAP_TAPCELL_ROW_5_151,VPWR,li1,134.5500,24.7860,1.799769
TAP_TAPCELL_ROW_5_150,VPWR,li1,108.7900,24.7860,1.799781
TAP_TAPCELL_ROW_5_149,VPWR,li1,83.0300,24.7860,1.799808
TAP_TAPCELL_ROW_5_148,VPWR,li1,57.2700,24.7860,1.799862
TAP_TAPCELL_ROW_5_147,VPWR,li1,31.5100,24.7860,1.799933
TAP_TAPCELL_ROW_4_146,VPWR,li1,147.4300,24.1730,1.799768
TAP_TAPCELL_ROW_4_145,VPWR,li1,121.6700,24.1730,1.799774
TAP_TAPCELL_ROW_4_144,VPWR,li1,95.9100,24.1730,1.799791
TAP_TAPCELL_ROW_4_143,VPWR,li1,70.1500,24.1730,1.799831
TAP_TAPCELL_ROW_4_142,VPWR,li1,44.3900,24.1730,1.799899
TAP_TAPCELL_ROW_4_141,VPWR,li1,18.6300,24.1730,1.799963
TAP_TAPCELL_ROW_3_140,VPWR,li1,134.5500,19.3460,1.799927
TAP_TAPCELL_ROW_3_139,VPWR,li1,108.7900,19.3460,1.799928
TAP_TAPCELL_ROW_3_138,VPWR,li1,83.0300,19.3460,1.799938
TAP_TAPCELL_ROW_3_137,VPWR,li1,57.2700,19.3460,1.799955
TAP_TAPCELL_ROW_3_136,VPWR,li1,31.5100,19.3460,1.799980
TAP_TAPCELL_ROW_2_135,VPWR,li1,147.4300,18.7330,1.799927
TAP_TAPCELL_ROW_2_134,VPWR,li1,121.6700,18.7330,1.799927
TAP_TAPCELL_ROW_2_133,VPWR,li1,95.9100,18.7330,1.799932
TAP_TAPCELL_ROW_2_132,VPWR,li1,70.1500,18.7330,1.799946
TAP_TAPCELL_ROW_2_131,VPWR,li1,44.3900,18.7330,1.799965
TAP_TAPCELL_ROW_2_130,VPWR,li1,18.6300,18.7330,1.799990
TAP_TAPCELL_ROW_1_129,VPWR,li1,134.5500,13.9060,1.799734
TAP_TAPCELL_ROW_1_128,VPWR,li1,108.7900,13.9060,1.799738
TAP_TAPCELL_ROW_1_127,VPWR,li1,83.0300,13.9060,1.799773
TAP_TAPCELL_ROW_1_126,VPWR,li1,57.2700,13.9060,1.799829
TAP_TAPCELL_ROW_1_125,VPWR,li1,31.5100,13.9060,1.799921
TAP_TAPCELL_ROW_0_124,VPWR,li1,147.4300,13.2930,1.799734
TAP_TAPCELL_ROW_0_123,VPWR,li1,134.5500,13.2930,1.799734
TAP_TAPCELL_ROW_0_122,VPWR,li1,121.6700,13.2930,1.799734
TAP_TAPCELL_ROW_0_121,VPWR,li1,108.7900,13.2930,1.799738
TAP_TAPCELL_ROW_0_120,VPWR,li1,95.9100,13.2930,1.799751
TAP_TAPCELL_ROW_0_119,VPWR,li1,83.0300,13.2930,1.799773
TAP_TAPCELL_ROW_0_118,VPWR,li1,70.1500,13.2930,1.799797
TAP_TAPCELL_ROW_0_117,VPWR,li1,57.2700,13.2930,1.799829
TAP_TAPCELL_ROW_0_116,VPWR,li1,44.3900,13.2930,1.799867
TAP_TAPCELL_ROW_0_115,VPWR,li1,31.5100,13.2930,1.799921
TAP_TAPCELL_ROW_0_114,VPWR,li1,18.6300,13.2930,1.799959
PHY_EDGE_ROW_56_Left_113,VPWR,li1,6.2100,165.9200,1.799993
PHY_EDGE_ROW_55_Left_112,VPWR,li1,6.2100,160.4800,1.799961
PHY_EDGE_ROW_54_Left_111,VPWR,li1,6.2100,160.4800,1.799961
PHY_EDGE_ROW_53_Left_110,VPWR,li1,6.2100,155.0400,1.799971
PHY_EDGE_ROW_52_Left_109,VPWR,li1,6.2100,155.0400,1.799971
PHY_EDGE_ROW_51_Left_108,VPWR,li1,6.2100,149.6000,1.799963
PHY_EDGE_ROW_50_Left_107,VPWR,li1,6.2100,149.6000,1.799963
PHY_EDGE_ROW_49_Left_106,VPWR,li1,6.2100,144.1600,1.799969
PHY_EDGE_ROW_48_Left_105,VPWR,li1,6.2100,144.1600,1.799969
PHY_EDGE_ROW_47_Left_104,VPWR,li1,6.2100,138.7200,1.799978
PHY_EDGE_ROW_46_Left_103,VPWR,li1,6.2100,138.7200,1.799978
PHY_EDGE_ROW_45_Left_102,VPWR,li1,6.2100,133.2800,1.799991
PHY_EDGE_ROW_44_Left_101,VPWR,li1,6.2100,133.2800,1.799991
PHY_EDGE_ROW_43_Left_100,VPWR,li1,6.2100,127.8400,1.799982
PHY_EDGE_ROW_42_Left_99,VPWR,li1,6.2100,127.8400,1.799982
PHY_EDGE_ROW_41_Left_98,VPWR,li1,6.2100,122.4000,1.799921
PHY_EDGE_ROW_40_Left_97,VPWR,li1,6.2100,122.4000,1.799921
PHY_EDGE_ROW_39_Left_96,VPWR,li1,6.2100,116.9600,1.799962
PHY_EDGE_ROW_38_Left_95,VPWR,li1,6.2100,116.9600,1.799962
PHY_EDGE_ROW_37_Left_94,VPWR,li1,6.2100,111.5200,1.799971
PHY_EDGE_ROW_36_Left_93,VPWR,li1,6.2100,111.5200,1.799971
PHY_EDGE_ROW_35_Left_92,VPWR,li1,6.2100,106.0800,1.799969
PHY_EDGE_ROW_34_Left_91,VPWR,li1,6.2100,106.0800,1.799969
PHY_EDGE_ROW_33_Left_90,VPWR,li1,6.2100,100.6400,1.799969
PHY_EDGE_ROW_32_Left_89,VPWR,li1,6.2100,100.6400,1.799969
PHY_EDGE_ROW_31_Left_88,VPWR,li1,6.2100,95.2000,1.799965
PHY_EDGE_ROW_30_Left_87,VPWR,li1,6.2100,95.2000,1.799965
PHY_EDGE_ROW_29_Left_86,VPWR,li1,6.2100,89.7600,1.799924
PHY_EDGE_ROW_28_Left_85,VPWR,li1,6.2100,89.7600,1.799924
PHY_EDGE_ROW_27_Left_84,VPWR,li1,6.2100,84.3200,1.799966
PHY_EDGE_ROW_26_Left_83,VPWR,li1,6.2100,84.3200,1.799966
PHY_EDGE_ROW_25_Left_82,VPWR,li1,6.2100,78.8800,1.799966
PHY_EDGE_ROW_24_Left_81,VPWR,li1,6.2100,78.8800,1.799966
PHY_EDGE_ROW_23_Left_80,VPWR,li1,6.2100,73.4400,1.799958
PHY_EDGE_ROW_22_Left_79,VPWR,li1,6.2100,73.4400,1.799958
PHY_EDGE_ROW_21_Left_78,VPWR,li1,6.2100,68.0000,1.799972
PHY_EDGE_ROW_20_Left_77,VPWR,li1,6.2100,68.0000,1.799972
PHY_EDGE_ROW_19_Left_76,VPWR,li1,6.2100,62.5600,1.799969
PHY_EDGE_ROW_18_Left_75,VPWR,li1,6.2100,62.5600,1.799969
PHY_EDGE_ROW_17_Left_74,VPWR,li1,6.2100,57.1200,1.799965
PHY_EDGE_ROW_16_Left_73,VPWR,li1,6.2100,57.1200,1.799965
PHY_EDGE_ROW_15_Left_72,VPWR,li1,6.2100,51.6800,1.799908
PHY_EDGE_ROW_14_Left_71,VPWR,li1,6.2100,51.6800,1.799908
PHY_EDGE_ROW_13_Left_70,VPWR,li1,6.2100,46.2400,1.799962
PHY_EDGE_ROW_12_Left_69,VPWR,li1,6.2100,46.2400,1.799962
PHY_EDGE_ROW_11_Left_68,VPWR,li1,6.2100,40.8000,1.799980
PHY_EDGE_ROW_10_Left_67,VPWR,li1,6.2100,40.8000,1.799980
PHY_EDGE_ROW_9_Left_66,VPWR,li1,6.2100,35.3600,1.799968
PHY_EDGE_ROW_8_Left_65,VPWR,li1,6.2100,35.3600,1.799968
PHY_EDGE_ROW_7_Left_64,VPWR,li1,6.2100,29.9200,1.799985
PHY_EDGE_ROW_6_Left_63,VPWR,li1,6.2100,29.9200,1.799985
PHY_EDGE_ROW_5_Left_62,VPWR,li1,6.2100,24.4800,1.799959
PHY_EDGE_ROW_4_Left_61,VPWR,li1,6.2100,24.4800,1.799959
PHY_EDGE_ROW_3_Left_60,VPWR,li1,6.2100,19.0400,1.799990
PHY_EDGE_ROW_2_Left_59,VPWR,li1,6.2100,19.0400,1.799990
PHY_EDGE_ROW_1_Left_58,VPWR,li1,6.2100,13.6000,1.799959
PHY_EDGE_ROW_0_Left_57,VPWR,li1,6.2100,13.6000,1.799959
PHY_EDGE_ROW_56_Right_56,VPWR,li1,160.3100,165.9200,1.799943
PHY_EDGE_ROW_55_Right_55,VPWR,li1,160.3100,160.4800,1.799690
PHY_EDGE_ROW_54_Right_54,VPWR,li1,160.3100,160.4800,1.799690
PHY_EDGE_ROW_53_Right_53,VPWR,li1,160.3100,155.0400,1.799746
PHY_EDGE_ROW_52_Right_52,VPWR,li1,160.3100,155.0400,1.799746
PHY_EDGE_ROW_51_Right_51,VPWR,li1,160.3100,149.6000,1.799700
PHY_EDGE_ROW_50_Right_50,VPWR,li1,160.3100,149.6000,1.799700
PHY_EDGE_ROW_49_Right_49,VPWR,li1,160.3100,144.1600,1.799874
PHY_EDGE_ROW_48_Right_48,VPWR,li1,160.3100,144.1600,1.799874
PHY_EDGE_ROW_47_Right_47,VPWR,li1,160.3100,138.7200,1.799854
PHY_EDGE_ROW_46_Right_46,VPWR,li1,160.3100,138.7200,1.799854
PHY_EDGE_ROW_45_Right_45,VPWR,li1,160.3100,133.2800,1.799938
PHY_EDGE_ROW_44_Right_44,VPWR,li1,160.3100,133.2800,1.799938
PHY_EDGE_ROW_43_Right_43,VPWR,li1,160.3100,127.8400,1.799874
PHY_EDGE_ROW_42_Right_42,VPWR,li1,160.3100,127.8400,1.799874
PHY_EDGE_ROW_41_Right_41,VPWR,li1,160.3100,122.4000,1.799312
PHY_EDGE_ROW_40_Right_40,VPWR,li1,160.3100,122.4000,1.799312
PHY_EDGE_ROW_39_Right_39,VPWR,li1,160.3100,116.9600,1.799782
PHY_EDGE_ROW_38_Right_38,VPWR,li1,160.3100,116.9600,1.799782
PHY_EDGE_ROW_37_Right_37,VPWR,li1,160.3100,111.5200,1.799768
PHY_EDGE_ROW_36_Right_36,VPWR,li1,160.3100,111.5200,1.799768
PHY_EDGE_ROW_35_Right_35,VPWR,li1,160.3100,106.0800,1.799890
PHY_EDGE_ROW_34_Right_34,VPWR,li1,160.3100,106.0800,1.799890
PHY_EDGE_ROW_33_Right_33,VPWR,li1,160.3100,100.6400,1.799820
PHY_EDGE_ROW_32_Right_32,VPWR,li1,160.3100,100.6400,1.799820
PHY_EDGE_ROW_31_Right_31,VPWR,li1,160.3100,95.2000,1.799800
PHY_EDGE_ROW_30_Right_30,VPWR,li1,160.3100,95.2000,1.799800
PHY_EDGE_ROW_29_Right_29,VPWR,li1,160.3100,89.7600,1.799523
PHY_EDGE_ROW_28_Right_28,VPWR,li1,160.3100,89.7600,1.799523
PHY_EDGE_ROW_27_Right_27,VPWR,li1,160.3100,84.3200,1.799743
PHY_EDGE_ROW_26_Right_26,VPWR,li1,160.3100,84.3200,1.799743
PHY_EDGE_ROW_25_Right_25,VPWR,li1,160.3100,78.8800,1.799845
PHY_EDGE_ROW_24_Right_24,VPWR,li1,160.3100,78.8800,1.799845
PHY_EDGE_ROW_23_Right_23,VPWR,li1,160.3100,73.4400,1.799759
PHY_EDGE_ROW_22_Right_22,VPWR,li1,160.3100,73.4400,1.799759
PHY_EDGE_ROW_21_Right_21,VPWR,li1,160.3100,68.0000,1.799858
PHY_EDGE_ROW_20_Right_20,VPWR,li1,160.3100,68.0000,1.799858
PHY_EDGE_ROW_19_Right_19,VPWR,li1,160.3100,62.5600,1.799835
PHY_EDGE_ROW_18_Right_18,VPWR,li1,160.3100,62.5600,1.799835
PHY_EDGE_ROW_17_Right_17,VPWR,li1,160.3100,57.1200,1.799886
PHY_EDGE_ROW_16_Right_16,VPWR,li1,160.3100,57.1200,1.799886
PHY_EDGE_ROW_15_Right_15,VPWR,li1,160.3100,51.6800,1.799427
PHY_EDGE_ROW_14_Right_14,VPWR,li1,160.3100,51.6800,1.799427
PHY_EDGE_ROW_13_Right_13,VPWR,li1,160.3100,46.2400,1.799839
PHY_EDGE_ROW_12_Right_12,VPWR,li1,160.3100,46.2400,1.799839
PHY_EDGE_ROW_11_Right_11,VPWR,li1,160.3100,40.8000,1.799899
PHY_EDGE_ROW_10_Right_10,VPWR,li1,160.3100,40.8000,1.799899
PHY_EDGE_ROW_9_Right_9,VPWR,li1,160.3100,35.3600,1.799669
PHY_EDGE_ROW_8_Right_8,VPWR,li1,160.3100,35.3600,1.799669
PHY_EDGE_ROW_7_Right_7,VPWR,li1,160.3100,29.9200,1.799886
PHY_EDGE_ROW_6_Right_6,VPWR,li1,160.3100,29.9200,1.799886
PHY_EDGE_ROW_5_Right_5,VPWR,li1,160.3100,24.4800,1.799768
PHY_EDGE_ROW_4_Right_4,VPWR,li1,160.3100,24.4800,1.799768
PHY_EDGE_ROW_3_Right_3,VPWR,li1,160.3100,19.0400,1.799927
PHY_EDGE_ROW_2_Right_2,VPWR,li1,160.3100,19.0400,1.799927
PHY_EDGE_ROW_1_Right_1,VPWR,li1,160.3100,13.6000,1.799734
PHY_EDGE_ROW_0_Right_0,VPWR,li1,160.3100,13.6000,1.799734
_2122_,VPWR,li1,8.5100,84.3200,1.799967
_2121_,VPWR,li1,14.7200,62.5600,1.799970
_2120_,VPWR,li1,151.3400,149.6000,1.799700
_2119_,VPWR,li1,149.0400,155.0400,1.799746
_2118_,VPWR,li1,147.2000,160.4800,1.799690
_2117_,VPWR,li1,123.7400,160.4800,1.799706
_2116_,VPWR,li1,96.1400,155.0400,1.799792
_2115_,VPWR,li1,100.2800,160.4800,1.799735
_2114_,VPWR,li1,66.7000,160.4800,1.799803
_2113_,VPWR,li1,62.5600,155.0400,1.799863
_2112_,VPWR,li1,46.0000,144.1600,1.799938
_2111_,VPWR,li1,11.9600,144.1600,1.799969
_2110_,VPWR,li1,10.5800,116.9600,1.799962
_2109_,VPWR,li1,10.5800,106.0800,1.799969
_2108_,VPWR,li1,10.5800,89.7600,1.799924
_2107_,VPWR,li1,23.4600,68.0000,1.799975
_2106_,VPWR,li1,66.2400,73.4400,1.799862
_2105_,VPWR,li1,63.0200,95.2000,1.799866
_2104_,VPWR,li1,99.8200,116.9600,1.799814
_2103_,VPWR,li1,113.6200,122.4000,1.799321
_2102_,VPWR,li1,142.1400,116.9600,1.799783
_2101_,VPWR,li1,155.9400,111.5200,1.799768
_2100_,VPWR,li1,155.9400,78.8800,1.799845
_2099_,VPWR,li1,155.9400,73.4400,1.799759
_2098_,VPWR,li1,153.6400,35.3600,1.799670
_2097_,VPWR,li1,155.9400,35.3600,1.799669
_2096_,VPWR,li1,115.4600,13.6000,1.799734
_2095_,VPWR,li1,104.4200,13.6000,1.799741
_2094_,VPWR,li1,63.9400,29.9200,1.799926
_2093_,VPWR,li1,52.9000,19.0400,1.799958
_2092_,VPWR,li1,38.6400,13.6000,1.799891
_2091_,VPWR,li1,22.5400,46.2400,1.799965
_2090_,VPWR,li1,11.0400,35.3600,1.799968
_2089_,VPWR,li1,11.9600,24.4800,1.799959
_2088_,VPWR,li1,13.5700,46.2400,1.799963
_2087_,VPWR,li1,79.1200,19.0400,1.799940
_2086_,VPWR,li1,75.4400,24.4800,1.799817
_2085_,VPWR,li1,63.4800,24.4800,1.799842
_2084_,VPWR,li1,50.1400,13.6000,1.799847
_2083_,VPWR,li1,31.2800,57.1200,1.799947
_2082_,VPWR,li1,22.5400,51.6800,1.799902
_2081_,VPWR,li1,12.8800,51.6800,1.799908
_2080_,VPWR,li1,92.4600,13.6000,1.799755
_2079_,VPWR,li1,87.4000,13.6000,1.799763
_2078_,VPWR,li1,70.8400,13.6000,1.799797
_2077_,VPWR,li1,61.6400,13.6000,1.799817
_2076_,VPWR,li1,42.3200,62.5600,1.799927
_2075_,VPWR,li1,35.4200,57.1200,1.799940
_2074_,VPWR,li1,25.0700,62.5600,1.799960
_2073_,VPWR,li1,13.8000,68.0000,1.799973
_2072_,VPWR,li1,10.5800,78.8800,1.799966
_2071_,VPWR,li1,12.4200,57.1200,1.799966
_2070_,VPWR,li1,9.6600,62.5600,1.799969
_2069_,VPWR,li1,144.2100,149.6000,1.799704
_2068_,VPWR,li1,142.8300,149.6000,1.799706
_2067_,VPWR,li1,145.3600,149.6000,1.799704
_2066_,VPWR,li1,137.3100,149.6000,1.799708
_2065_,VPWR,li1,135.0100,149.6000,1.799711
_2064_,VPWR,li1,133.6300,144.1600,1.799876
_2063_,VPWR,li1,135.4700,138.7200,1.799857
_2062_,VPWR,li1,129.4900,144.1600,1.799877
_2061_,VPWR,li1,145.5900,144.1600,1.799875
_2060_,VPWR,li1,149.7300,138.7200,1.799854
_2059_,VPWR,li1,142.8300,138.7200,1.799855
_2058_,VPWR,li1,142.1400,127.8400,1.799874
_2057_,VPWR,li1,143.0600,127.8400,1.799874
_2056_,VPWR,li1,124.6600,144.1600,1.799879
_2055_,VPWR,li1,143.5200,155.0400,1.799748
_2054_,VPWR,li1,140.3000,155.0400,1.799750
_2053_,VPWR,li1,130.4100,160.4800,1.799700
_2052_,VPWR,li1,133.8600,160.4800,1.799698
_2051_,VPWR,li1,129.4900,160.4800,1.799701
_2050_,VPWR,li1,134.5500,155.0400,1.799754
_2049_,VPWR,li1,131.3300,155.0400,1.799755
_2048_,VPWR,li1,133.1700,155.0400,1.799754
_2047_,VPWR,li1,129.0300,149.6000,1.799715
_2046_,VPWR,li1,126.5000,149.6000,1.799717
_2045_,VPWR,li1,126.5000,149.6000,1.799717
_2044_,VPWR,li1,114.0800,149.6000,1.799734
_2043_,VPWR,li1,123.5100,149.6000,1.799722
_2042_,VPWR,li1,124.4300,144.1600,1.799879
_2041_,VPWR,li1,124.6600,138.7200,1.799860
_2040_,VPWR,li1,126.9600,138.7200,1.799859
_2039_,VPWR,li1,125.8100,138.7200,1.799859
_2038_,VPWR,li1,138.2300,138.7200,1.799856
_2037_,VPWR,li1,138.4600,133.2800,1.799940
_2036_,VPWR,li1,136.3900,133.2800,1.799941
_2035_,VPWR,li1,140.9900,133.2800,1.799940
_2034_,VPWR,li1,152.4900,138.7200,1.799854
_2033_,VPWR,li1,150.8800,133.2800,1.799939
_2032_,VPWR,li1,153.1800,133.2800,1.799939
_2031_,VPWR,li1,152.4900,122.4000,1.799312
_2030_,VPWR,li1,149.2700,122.4000,1.799313
_2029_,VPWR,li1,141.4500,160.4800,1.799693
_2028_,VPWR,li1,137.7700,160.4800,1.799695
_2027_,VPWR,li1,137.5400,160.4800,1.799695
_2026_,VPWR,li1,132.9400,160.4800,1.799698
_2025_,VPWR,li1,127.6500,160.4800,1.799703
_2024_,VPWR,li1,126.2700,160.4800,1.799703
_2023_,VPWR,li1,123.5100,155.0400,1.799761
_2022_,VPWR,li1,123.2800,155.0400,1.799761
_2021_,VPWR,li1,120.0600,155.0400,1.799764
_2020_,VPWR,li1,103.9600,155.0400,1.799782
_2019_,VPWR,li1,114.3100,155.0400,1.799770
_2018_,VPWR,li1,116.6100,149.6000,1.799731
_2017_,VPWR,li1,112.7000,149.6000,1.799734
_2016_,VPWR,li1,115.0000,149.6000,1.799731
_2015_,VPWR,li1,119.3700,144.1600,1.799881
_2014_,VPWR,li1,117.5300,144.1600,1.799883
_2013_,VPWR,li1,117.5300,138.7200,1.799864
_2012_,VPWR,li1,116.1500,138.7200,1.799865
_2011_,VPWR,li1,119.3700,138.7200,1.799863
_2010_,VPWR,li1,116.8400,133.2800,1.799945
_2009_,VPWR,li1,139.6100,127.8400,1.799875
_2008_,VPWR,li1,137.3100,127.8400,1.799875
_2007_,VPWR,li1,135.4700,127.8400,1.799876
_2006_,VPWR,li1,132.7100,127.8400,1.799877
_2005_,VPWR,li1,133.6300,127.8400,1.799877
_2004_,VPWR,li1,129.9500,127.8400,1.799877
_2003_,VPWR,li1,146.5100,127.8400,1.799874
_2002_,VPWR,li1,150.4200,127.8400,1.799874
_2001_,VPWR,li1,148.1200,127.8400,1.799874
_2000_,VPWR,li1,149.7300,127.8400,1.799874
_1999_,VPWR,li1,152.9500,127.8400,1.799874
_1998_,VPWR,li1,118.2200,160.4800,1.799712
_1997_,VPWR,li1,119.8300,160.4800,1.799710
_1996_,VPWR,li1,115.2300,160.4800,1.799714
_1995_,VPWR,li1,112.0100,160.4800,1.799719
_1994_,VPWR,li1,112.9300,160.4800,1.799717
_1993_,VPWR,li1,75.2100,160.4800,1.799783
_1992_,VPWR,li1,78.4300,160.4800,1.799776
_1991_,VPWR,li1,80.7300,160.4800,1.799770
_1990_,VPWR,li1,80.7300,160.4800,1.799770
_1989_,VPWR,li1,110.6300,165.9200,1.799944
_1988_,VPWR,li1,110.1700,160.4800,1.799722
_1987_,VPWR,li1,109.7100,160.4800,1.799722
_1986_,VPWR,li1,108.3300,160.4800,1.799724
_1985_,VPWR,li1,110.4000,155.0400,1.799776
_1984_,VPWR,li1,106.7200,155.0400,1.799779
_1983_,VPWR,li1,89.7000,149.6000,1.799771
_1982_,VPWR,li1,101.8900,155.0400,1.799784
_1981_,VPWR,li1,103.2700,149.6000,1.799749
_1980_,VPWR,li1,104.4200,149.6000,1.799745
_1979_,VPWR,li1,102.1200,149.6000,1.799749
_1978_,VPWR,li1,99.1300,149.6000,1.799754
_1977_,VPWR,li1,109.7100,149.6000,1.799739
_1976_,VPWR,li1,110.1700,144.1600,1.799887
_1975_,VPWR,li1,109.9400,138.7200,1.799869
_1974_,VPWR,li1,107.1800,138.7200,1.799870
_1973_,VPWR,li1,109.2500,138.7200,1.799869
_1972_,VPWR,li1,115.2300,127.8400,1.799882
_1971_,VPWR,li1,117.9900,127.8400,1.799881
_1970_,VPWR,li1,112.4700,127.8400,1.799883
_1969_,VPWR,li1,121.2100,127.8400,1.799880
_1968_,VPWR,li1,125.1200,127.8400,1.799879
_1967_,VPWR,li1,122.8200,127.8400,1.799880
_1966_,VPWR,li1,125.3500,127.8400,1.799879
_1965_,VPWR,li1,127.6500,127.8400,1.799878
_1964_,VPWR,li1,90.3900,155.0400,1.799801
_1963_,VPWR,li1,88.5500,160.4800,1.799757
_1962_,VPWR,li1,86.0200,160.4800,1.799762
_1961_,VPWR,li1,82.1100,155.0400,1.799818
_1960_,VPWR,li1,80.7300,155.0400,1.799818
_1959_,VPWR,li1,82.5700,155.0400,1.799815
_1958_,VPWR,li1,78.4300,149.6000,1.799795
_1957_,VPWR,li1,81.4200,149.6000,1.799788
_1956_,VPWR,li1,74.0600,144.1600,1.799911
_1955_,VPWR,li1,89.0100,149.6000,1.799771
_1954_,VPWR,li1,85.7900,149.6000,1.799778
_1953_,VPWR,li1,88.7800,144.1600,1.799901
_1952_,VPWR,li1,84.6400,138.7200,1.799890
_1951_,VPWR,li1,93.6100,149.6000,1.799763
_1950_,VPWR,li1,96.8300,149.6000,1.799760
_1949_,VPWR,li1,93.1500,138.7200,1.799881
_1948_,VPWR,li1,95.9100,138.7200,1.799879
_1947_,VPWR,li1,91.0800,133.2800,1.799952
_1946_,VPWR,li1,100.5100,138.7200,1.799875
_1945_,VPWR,li1,103.2700,138.7200,1.799873
_1944_,VPWR,li1,101.4300,138.7200,1.799875
_1943_,VPWR,li1,97.7500,133.2800,1.799950
_1942_,VPWR,li1,104.1900,133.2800,1.799949
_1941_,VPWR,li1,97.7500,127.8400,1.799892
_1940_,VPWR,li1,105.5700,133.2800,1.799949
_1939_,VPWR,li1,106.7200,127.8400,1.799886
_1938_,VPWR,li1,104.4200,127.8400,1.799888
_1937_,VPWR,li1,106.0300,127.8400,1.799887
_1936_,VPWR,li1,110.1700,127.8400,1.799885
_1935_,VPWR,li1,94.7600,160.4800,1.799743
_1934_,VPWR,li1,92.2300,160.4800,1.799747
_1933_,VPWR,li1,87.1700,160.4800,1.799757
_1932_,VPWR,li1,89.4700,160.4800,1.799753
_1931_,VPWR,li1,75.4400,160.4800,1.799783
_1930_,VPWR,li1,48.7600,160.4800,1.799858
_1929_,VPWR,li1,56.3500,160.4800,1.799834
_1928_,VPWR,li1,77.9700,160.4800,1.799776
_1927_,VPWR,li1,72.9100,155.0400,1.799838
_1926_,VPWR,li1,74.7500,155.0400,1.799831
_1925_,VPWR,li1,71.9900,155.0400,1.799838
_1924_,VPWR,li1,74.9800,155.0400,1.799831
_1923_,VPWR,li1,63.4800,149.6000,1.799837
_1922_,VPWR,li1,71.9900,149.6000,1.799810
_1921_,VPWR,li1,73.3700,144.1600,1.799911
_1920_,VPWR,li1,73.1400,138.7200,1.799901
_1919_,VPWR,li1,75.4400,138.7200,1.799898
_1918_,VPWR,li1,74.7500,138.7200,1.799901
_1917_,VPWR,li1,83.0300,138.7200,1.799890
_1916_,VPWR,li1,81.1900,138.7200,1.799892
_1915_,VPWR,li1,71.3000,133.2800,1.799959
_1914_,VPWR,li1,87.6300,138.7200,1.799886
_1913_,VPWR,li1,87.1700,133.2800,1.799954
_1912_,VPWR,li1,89.9300,133.2800,1.799953
_1911_,VPWR,li1,79.3500,127.8400,1.799910
_1910_,VPWR,li1,85.7900,127.8400,1.799902
_1909_,VPWR,li1,95.4500,127.8400,1.799894
_1908_,VPWR,li1,100.5100,127.8400,1.799889
_1907_,VPWR,li1,100.5100,133.2800,1.799950
_1906_,VPWR,li1,63.9400,160.4800,1.799811
_1905_,VPWR,li1,60.9500,160.4800,1.799821
_1904_,VPWR,li1,54.0500,160.4800,1.799841
_1903_,VPWR,li1,51.5200,160.4800,1.799849
_1902_,VPWR,li1,46.4600,160.4800,1.799865
_1901_,VPWR,li1,44.3900,160.4800,1.799877
_1900_,VPWR,li1,43.0100,160.4800,1.799877
_1899_,VPWR,li1,46.2300,155.0400,1.799900
_1898_,VPWR,li1,49.2200,155.0400,1.799891
_1897_,VPWR,li1,37.2600,155.0400,1.799927
_1896_,VPWR,li1,44.3900,149.6000,1.799889
_1895_,VPWR,li1,66.4700,149.6000,1.799829
_1894_,VPWR,li1,62.5600,149.6000,1.799837
_1893_,VPWR,li1,64.8600,149.6000,1.799829
_1892_,VPWR,li1,63.2500,144.1600,1.799919
_1891_,VPWR,li1,69.2300,138.7200,1.799908
_1890_,VPWR,li1,62.3300,138.7200,1.799916
_1889_,VPWR,li1,65.3200,138.7200,1.799912
_1888_,VPWR,li1,56.5800,138.7200,1.799926
_1887_,VPWR,li1,63.2500,133.2800,1.799963
_1886_,VPWR,li1,71.9900,127.8400,1.799915
_1885_,VPWR,li1,69.4600,127.8400,1.799919
_1884_,VPWR,li1,66.2400,127.8400,1.799921
_1883_,VPWR,li1,76.3600,127.8400,1.799912
_1882_,VPWR,li1,81.6500,127.8400,1.799906
_1881_,VPWR,li1,77.9700,127.8400,1.799910
_1880_,VPWR,li1,76.5900,133.2800,1.799958
_1879_,VPWR,li1,57.9600,155.0400,1.799871
_1878_,VPWR,li1,60.9500,155.0400,1.799863
_1877_,VPWR,li1,52.6700,155.0400,1.799883
_1876_,VPWR,li1,50.3700,160.4800,1.799858
_1875_,VPWR,li1,39.3300,160.4800,1.799893
_1874_,VPWR,li1,49.9100,165.9200,1.799974
_1873_,VPWR,li1,40.7100,160.4800,1.799885
_1872_,VPWR,li1,33.8100,160.4800,1.799909
_1871_,VPWR,li1,36.8000,160.4800,1.799900
_1870_,VPWR,li1,28.0600,155.0400,1.799948
_1869_,VPWR,li1,34.2700,160.4800,1.799909
_1868_,VPWR,li1,40.7100,149.6000,1.799904
_1867_,VPWR,li1,37.4900,149.6000,1.799910
_1866_,VPWR,li1,39.3300,149.6000,1.799904
_1865_,VPWR,li1,23.2300,149.6000,1.799963
_1864_,VPWR,li1,52.6700,149.6000,1.799863
_1863_,VPWR,li1,56.3500,149.6000,1.799857
_1862_,VPWR,li1,52.2100,144.1600,1.799930
_1861_,VPWR,li1,54.9700,144.1600,1.799927
_1860_,VPWR,li1,31.5100,144.1600,1.799961
_1859_,VPWR,li1,51.2900,138.7200,1.799932
_1858_,VPWR,li1,55.8900,133.2800,1.799967
_1857_,VPWR,li1,56.1200,133.2800,1.799967
_1856_,VPWR,li1,52.9000,133.2800,1.799969
_1855_,VPWR,li1,61.1800,127.8400,1.799928
_1854_,VPWR,li1,59.1100,127.8400,1.799931
_1853_,VPWR,li1,66.7000,127.8400,1.799921
_1852_,VPWR,li1,60.2600,127.8400,1.799928
_1851_,VPWR,li1,64.6300,127.8400,1.799924
_1850_,VPWR,li1,53.3600,122.4000,1.799684
_1849_,VPWR,li1,53.5900,122.4000,1.799684
_1848_,VPWR,li1,45.0800,122.4000,1.799754
_1847_,VPWR,li1,46.6900,127.8400,1.799943
_1846_,VPWR,li1,50.3700,122.4000,1.799706
_1845_,VPWR,li1,47.6100,122.4000,1.799726
_1844_,VPWR,li1,44.3900,138.7200,1.799943
_1843_,VPWR,li1,46.2300,138.7200,1.799939
_1842_,VPWR,li1,42.7800,138.7200,1.799946
_1841_,VPWR,li1,44.8500,127.8400,1.799945
_1840_,VPWR,li1,43.0100,127.8400,1.799948
_1839_,VPWR,li1,41.1700,127.8400,1.799950
_1838_,VPWR,li1,35.1900,144.1600,1.799953
_1837_,VPWR,li1,36.3400,144.1600,1.799953
_1836_,VPWR,li1,30.5900,127.8400,1.799967
_1835_,VPWR,li1,29.6700,149.6000,1.799936
_1834_,VPWR,li1,30.1300,155.0400,1.799943
_1833_,VPWR,li1,25.7600,155.0400,1.799955
_1832_,VPWR,li1,23.4600,155.0400,1.799961
_1831_,VPWR,li1,23.0000,133.2800,1.799989
_1830_,VPWR,li1,24.3800,149.6000,1.799954
_1829_,VPWR,li1,22.3100,149.6000,1.799963
_1828_,VPWR,li1,21.8500,144.1600,1.799976
_1827_,VPWR,li1,23.9200,144.1600,1.799972
_1826_,VPWR,li1,23.4600,138.7200,1.799980
_1825_,VPWR,li1,27.6000,144.1600,1.799965
_1824_,VPWR,li1,29.9000,144.1600,1.799961
_1823_,VPWR,li1,31.2800,138.7200,1.799964
_1822_,VPWR,li1,27.3700,138.7200,1.799970
_1821_,VPWR,li1,36.3400,133.2800,1.799980
_1820_,VPWR,li1,34.2700,133.2800,1.799981
_1819_,VPWR,li1,47.3800,127.8400,1.799943
_1818_,VPWR,li1,43.2400,133.2800,1.799975
_1817_,VPWR,li1,49.4500,127.8400,1.799940
_1816_,VPWR,li1,10.5800,144.1600,1.799969
_1815_,VPWR,li1,8.9700,149.6000,1.799963
_1814_,VPWR,li1,37.9500,138.7200,1.799952
_1813_,VPWR,li1,41.1700,138.7200,1.799949
_1812_,VPWR,li1,42.3200,116.9600,1.799921
_1811_,VPWR,li1,47.6100,122.4000,1.799726
_1810_,VPWR,li1,45.3100,116.9600,1.799911
_1809_,VPWR,li1,36.8000,116.9600,1.799931
_1808_,VPWR,li1,35.8800,111.5200,1.799935
_1807_,VPWR,li1,37.9500,122.4000,1.799805
_1806_,VPWR,li1,36.8000,127.8400,1.799957
_1805_,VPWR,li1,39.3300,127.8400,1.799954
_1804_,VPWR,li1,29.4400,122.4000,1.799861
_1803_,VPWR,li1,32.8900,122.4000,1.799847
_1802_,VPWR,li1,28.2900,116.9600,1.799952
_1801_,VPWR,li1,26.6800,122.4000,1.799884
_1800_,VPWR,li1,27.6000,122.4000,1.799884
_1799_,VPWR,li1,23.9200,122.4000,1.799904
_1798_,VPWR,li1,21.6200,122.4000,1.799921
_1797_,VPWR,li1,20.2400,106.0800,1.799975
_1796_,VPWR,li1,24.3800,127.8400,1.799977
_1795_,VPWR,li1,22.3100,127.8400,1.799982
_1794_,VPWR,li1,25.5300,133.2800,1.799988
_1793_,VPWR,li1,20.7000,133.2800,1.799991
_1792_,VPWR,li1,21.6200,116.9600,1.799968
_1791_,VPWR,li1,20.7000,138.7200,1.799979
_1790_,VPWR,li1,21.8500,138.7200,1.799980
_1789_,VPWR,li1,13.8000,133.2800,1.799991
_1788_,VPWR,li1,15.1800,138.7200,1.799979
_1787_,VPWR,li1,11.7300,138.7200,1.799978
_1786_,VPWR,li1,11.5000,133.2800,1.799991
_1785_,VPWR,li1,16.3300,133.2800,1.799991
_1784_,VPWR,li1,28.5200,133.2800,1.799986
_1783_,VPWR,li1,9.2000,133.2800,1.799991
_1782_,VPWR,li1,9.4300,133.2800,1.799991
_1781_,VPWR,li1,8.7400,116.9600,1.799962
_1780_,VPWR,li1,40.9400,116.9600,1.799921
_1779_,VPWR,li1,43.2400,116.9600,1.799916
_1778_,VPWR,li1,44.8500,111.5200,1.799914
_1777_,VPWR,li1,34.2700,116.9600,1.799937
_1776_,VPWR,li1,32.4300,111.5200,1.799943
_1775_,VPWR,li1,32.6600,111.5200,1.799943
_1774_,VPWR,li1,30.1300,111.5200,1.799949
_1773_,VPWR,li1,30.8200,100.6400,1.799949
_1772_,VPWR,li1,27.6000,111.5200,1.799957
_1771_,VPWR,li1,29.9000,111.5200,1.799949
_1770_,VPWR,li1,28.0600,106.0800,1.799966
_1769_,VPWR,li1,25.7600,106.0800,1.799970
_1768_,VPWR,li1,25.7600,95.2000,1.799958
_1767_,VPWR,li1,20.2400,100.6400,1.799970
_1766_,VPWR,li1,22.3100,100.6400,1.799971
_1765_,VPWR,li1,22.7700,106.0800,1.799976
_1764_,VPWR,li1,17.9400,106.0800,1.799973
_1763_,VPWR,li1,20.2400,95.2000,1.799968
_1762_,VPWR,li1,18.8600,111.5200,1.799971
_1761_,VPWR,li1,24.1500,116.9600,1.799962
_1760_,VPWR,li1,15.6400,111.5200,1.799971
_1759_,VPWR,li1,20.7000,116.9600,1.799967
_1758_,VPWR,li1,15.4100,116.9600,1.799965
_1757_,VPWR,li1,13.8000,127.8400,1.799982
_1756_,VPWR,li1,14.9500,122.4000,1.799921
_1755_,VPWR,li1,15.6400,127.8400,1.799982
_1754_,VPWR,li1,8.7400,127.8400,1.799982
_1753_,VPWR,li1,10.8100,127.8400,1.799982
_1752_,VPWR,li1,10.5800,106.0800,1.799969
_1751_,VPWR,li1,9.4300,111.5200,1.799971
_1750_,VPWR,li1,41.1700,106.0800,1.799946
_1749_,VPWR,li1,42.7800,111.5200,1.799922
_1748_,VPWR,li1,50.6000,116.9600,1.799899
_1747_,VPWR,li1,58.4200,116.9600,1.799882
_1746_,VPWR,li1,51.0600,111.5200,1.799898
_1745_,VPWR,li1,50.1400,106.0800,1.799938
_1744_,VPWR,li1,43.4700,106.0800,1.799944
_1743_,VPWR,li1,41.4000,106.0800,1.799946
_1742_,VPWR,li1,39.3300,106.0800,1.799951
_1741_,VPWR,li1,36.3400,100.6400,1.799933
_1740_,VPWR,li1,40.9400,100.6400,1.799923
_1739_,VPWR,li1,38.8700,100.6400,1.799929
_1738_,VPWR,li1,40.0200,95.2000,1.799921
_1737_,VPWR,li1,34.0400,100.6400,1.799941
_1736_,VPWR,li1,28.0600,100.6400,1.799953
_1735_,VPWR,li1,32.6600,89.7600,1.799858
_1734_,VPWR,li1,32.2000,95.2000,1.799945
_1733_,VPWR,li1,34.9600,84.3200,1.799931
_1732_,VPWR,li1,26.6800,89.7600,1.799894
_1731_,VPWR,li1,28.7500,89.7600,1.799882
_1730_,VPWR,li1,24.6100,89.7600,1.799907
_1729_,VPWR,li1,22.5400,89.7600,1.799920
_1728_,VPWR,li1,27.1400,84.3200,1.799958
_1727_,VPWR,li1,19.3200,84.3200,1.799968
_1726_,VPWR,li1,22.3100,95.2000,1.799969
_1725_,VPWR,li1,17.9400,89.7600,1.799928
_1724_,VPWR,li1,20.7000,89.7600,1.799931
_1723_,VPWR,li1,16.7900,89.7600,1.799928
_1722_,VPWR,li1,17.4800,95.2000,1.799967
_1721_,VPWR,li1,16.3300,95.2000,1.799966
_1720_,VPWR,li1,13.3400,100.6400,1.799969
_1719_,VPWR,li1,8.7400,100.6400,1.799969
_1718_,VPWR,li1,12.6500,100.6400,1.799969
_1717_,VPWR,li1,9.6600,95.2000,1.799965
_1716_,VPWR,li1,15.4100,95.2000,1.799966
_1715_,VPWR,li1,49.4500,100.6400,1.799905
_1714_,VPWR,li1,54.2800,106.0800,1.799931
_1713_,VPWR,li1,46.2300,100.6400,1.799912
_1712_,VPWR,li1,51.7500,106.0800,1.799934
_1711_,VPWR,li1,45.7700,100.6400,1.799912
_1710_,VPWR,li1,43.2400,89.7600,1.799802
_1709_,VPWR,li1,43.0100,95.2000,1.799913
_1708_,VPWR,li1,50.6000,95.2000,1.799895
_1707_,VPWR,li1,46.0000,95.2000,1.799907
_1706_,VPWR,li1,41.4000,89.7600,1.799815
_1705_,VPWR,li1,42.3200,84.3200,1.799916
_1704_,VPWR,li1,41.8600,89.7600,1.799802
_1703_,VPWR,li1,47.3800,84.3200,1.799898
_1702_,VPWR,li1,38.1800,84.3200,1.799926
_1701_,VPWR,li1,38.8700,84.3200,1.799921
_1700_,VPWR,li1,35.6500,84.3200,1.799931
_1699_,VPWR,li1,33.5800,84.3200,1.799939
_1698_,VPWR,li1,39.5600,78.8800,1.799951
_1697_,VPWR,li1,28.0600,78.8800,1.799967
_1696_,VPWR,li1,30.5900,84.3200,1.799944
_1695_,VPWR,li1,31.7400,78.8800,1.799964
_1694_,VPWR,li1,28.5200,78.8800,1.799967
_1693_,VPWR,li1,25.0700,78.8800,1.799971
_1692_,VPWR,li1,20.7000,73.4400,1.799965
_1691_,VPWR,li1,21.3900,78.8800,1.799973
_1690_,VPWR,li1,22.0800,78.8800,1.799976
_1689_,VPWR,li1,16.1000,78.8800,1.799969
_1688_,VPWR,li1,18.1700,78.8800,1.799972
_1687_,VPWR,li1,20.7000,73.4400,1.799965
_1686_,VPWR,li1,18.6300,68.0000,1.799974
_1685_,VPWR,li1,54.5100,111.5200,1.799894
_1684_,VPWR,li1,58.8800,111.5200,1.799881
_1683_,VPWR,li1,61.6400,111.5200,1.799876
_1682_,VPWR,li1,71.9900,111.5200,1.799855
_1681_,VPWR,li1,58.6500,106.0800,1.799926
_1680_,VPWR,li1,62.1000,106.0800,1.799923
_1679_,VPWR,li1,59.1100,106.0800,1.799926
_1678_,VPWR,li1,60.2600,100.6400,1.799887
_1677_,VPWR,li1,49.4500,106.0800,1.799938
_1676_,VPWR,li1,58.1900,100.6400,1.799893
_1675_,VPWR,li1,66.9300,95.2000,1.799861
_1674_,VPWR,li1,53.8200,95.2000,1.799887
_1673_,VPWR,li1,53.3600,89.7600,1.799741
_1672_,VPWR,li1,54.7400,89.7600,1.799728
_1671_,VPWR,li1,52.4400,89.7600,1.799741
_1670_,VPWR,li1,60.2600,84.3200,1.799869
_1669_,VPWR,li1,54.2800,84.3200,1.799880
_1668_,VPWR,li1,50.3700,84.3200,1.799890
_1667_,VPWR,li1,48.0700,78.8800,1.799940
_1666_,VPWR,li1,50.1400,78.8800,1.799938
_1665_,VPWR,li1,53.3600,78.8800,1.799935
_1664_,VPWR,li1,42.3200,78.8800,1.799949
_1663_,VPWR,li1,46.2300,78.8800,1.799943
_1662_,VPWR,li1,42.7800,68.0000,1.799948
_1661_,VPWR,li1,46.4600,73.4400,1.799907
_1660_,VPWR,li1,42.0900,73.4400,1.799919
_1659_,VPWR,li1,36.3400,68.0000,1.799957
_1658_,VPWR,li1,37.0300,73.4400,1.799929
_1657_,VPWR,li1,30.8200,73.4400,1.799945
_1656_,VPWR,li1,28.9800,73.4400,1.799949
_1655_,VPWR,li1,33.3500,73.4400,1.799938
_1654_,VPWR,li1,66.7000,68.0000,1.799916
_1653_,VPWR,li1,71.0700,73.4400,1.799856
_1652_,VPWR,li1,65.5500,122.4000,1.799598
_1651_,VPWR,li1,71.3000,116.9600,1.799859
_1650_,VPWR,li1,64.6300,111.5200,1.799869
_1649_,VPWR,li1,66.9300,106.0800,1.799920
_1648_,VPWR,li1,69.6900,106.0800,1.799917
_1647_,VPWR,li1,69.9200,100.6400,1.799872
_1646_,VPWR,li1,67.8500,100.6400,1.799875
_1645_,VPWR,li1,74.7500,106.0800,1.799914
_1644_,VPWR,li1,67.6200,100.6400,1.799875
_1643_,VPWR,li1,65.3200,100.6400,1.799881
_1642_,VPWR,li1,71.3000,95.2000,1.799852
_1641_,VPWR,li1,68.5400,95.2000,1.799856
_1640_,VPWR,li1,76.8200,95.2000,1.799844
_1639_,VPWR,li1,68.5400,89.7600,1.799658
_1638_,VPWR,li1,66.4700,89.7600,1.799670
_1637_,VPWR,li1,62.7900,84.3200,1.799860
_1636_,VPWR,li1,59.8000,84.3200,1.799869
_1635_,VPWR,li1,69.9200,84.3200,1.799843
_1634_,VPWR,li1,55.6600,78.8800,1.799931
_1633_,VPWR,li1,59.1100,78.8800,1.799929
_1632_,VPWR,li1,62.5600,73.4400,1.799871
_1631_,VPWR,li1,59.3400,73.4400,1.799878
_1630_,VPWR,li1,55.4300,73.4400,1.799887
_1629_,VPWR,li1,58.4200,68.0000,1.799926
_1628_,VPWR,li1,54.9700,68.0000,1.799932
_1627_,VPWR,li1,47.8400,68.0000,1.799941
_1626_,VPWR,li1,51.9800,68.0000,1.799936
_1625_,VPWR,li1,49.9100,68.0000,1.799938
_1624_,VPWR,li1,57.5000,95.2000,1.799881
_1623_,VPWR,li1,58.6500,89.7600,1.799707
_1622_,VPWR,li1,57.7300,122.4000,1.799653
_1621_,VPWR,li1,72.9100,116.9600,1.799855
_1620_,VPWR,li1,73.3700,111.5200,1.799855
_1619_,VPWR,li1,77.5100,111.5200,1.799845
_1618_,VPWR,li1,75.2100,111.5200,1.799849
_1617_,VPWR,li1,77.2800,111.5200,1.799845
_1616_,VPWR,li1,77.9700,106.0800,1.799912
_1615_,VPWR,li1,86.4800,106.0800,1.799906
_1614_,VPWR,li1,80.0400,106.0800,1.799910
_1613_,VPWR,li1,77.9700,106.0800,1.799912
_1612_,VPWR,li1,78.2000,100.6400,1.799860
_1611_,VPWR,li1,80.2700,100.6400,1.799857
_1610_,VPWR,li1,84.6400,111.5200,1.799834
_1609_,VPWR,li1,78.2000,100.6400,1.799860
_1608_,VPWR,li1,76.5900,95.2000,1.799844
_1607_,VPWR,li1,79.3500,95.2000,1.799841
_1606_,VPWR,li1,74.5200,95.2000,1.799849
_1605_,VPWR,li1,80.5000,116.9600,1.799842
_1604_,VPWR,li1,73.6000,89.7600,1.799622
_1603_,VPWR,li1,76.5900,89.7600,1.799610
_1602_,VPWR,li1,78.6600,84.3200,1.799823
_1601_,VPWR,li1,75.4400,84.3200,1.799833
_1600_,VPWR,li1,71.9900,84.3200,1.799838
_1599_,VPWR,li1,70.3800,78.8800,1.799914
_1598_,VPWR,li1,71.5300,78.8800,1.799914
_1597_,VPWR,li1,63.9400,78.8800,1.799922
_1596_,VPWR,li1,64.4000,78.8800,1.799922
_1595_,VPWR,li1,66.4700,78.8800,1.799919
_1594_,VPWR,li1,67.8500,122.4000,1.799582
_1593_,VPWR,li1,117.0700,111.5200,1.799794
_1592_,VPWR,li1,107.1800,111.5200,1.799803
_1591_,VPWR,li1,115.2300,111.5200,1.799797
_1590_,VPWR,li1,118.4500,111.5200,1.799794
_1589_,VPWR,li1,111.0900,111.5200,1.799799
_1588_,VPWR,li1,100.0500,116.9600,1.799814
_1587_,VPWR,li1,103.7300,116.9600,1.799811
_1586_,VPWR,li1,106.2600,116.9600,1.799809
_1585_,VPWR,li1,104.6500,111.5200,1.799806
_1584_,VPWR,li1,105.8000,106.0800,1.799897
_1583_,VPWR,li1,103.7300,106.0800,1.799898
_1582_,VPWR,li1,89.7000,106.0800,1.799905
_1581_,VPWR,li1,91.3100,100.6400,1.799845
_1580_,VPWR,li1,100.0500,100.6400,1.799838
_1579_,VPWR,li1,86.0200,100.6400,1.799851
_1578_,VPWR,li1,88.0900,100.6400,1.799849
_1577_,VPWR,li1,89.2400,111.5200,1.799826
_1576_,VPWR,li1,91.5400,111.5200,1.799823
_1575_,VPWR,li1,97.9800,111.5200,1.799814
_1574_,VPWR,li1,91.0800,111.5200,1.799823
_1573_,VPWR,li1,88.0900,111.5200,1.799829
_1572_,VPWR,li1,86.9400,116.9600,1.799832
_1571_,VPWR,li1,84.8700,116.9600,1.799835
_1570_,VPWR,li1,119.6000,116.9600,1.799798
_1569_,VPWR,li1,85.5600,116.9600,1.799835
_1568_,VPWR,li1,83.4900,122.4000,1.799477
_1567_,VPWR,li1,93.3800,122.4000,1.799408
_1566_,VPWR,li1,90.1600,122.4000,1.799433
_1565_,VPWR,li1,86.7100,122.4000,1.799458
_1564_,VPWR,li1,77.2800,116.9600,1.799849
_1563_,VPWR,li1,78.8900,122.4000,1.799506
_1562_,VPWR,li1,71.7600,122.4000,1.799566
_1561_,VPWR,li1,74.5200,116.9600,1.799852
_1560_,VPWR,li1,74.7500,122.4000,1.799540
_1559_,VPWR,li1,89.2400,89.7600,1.799558
_1558_,VPWR,li1,118.9100,127.8400,1.799881
_1557_,VPWR,li1,84.6400,89.7600,1.799562
_1556_,VPWR,li1,105.8000,116.9600,1.799809
_1555_,VPWR,li1,108.5600,116.9600,1.799807
_1554_,VPWR,li1,112.4700,111.5200,1.799799
_1553_,VPWR,li1,110.6300,111.5200,1.799801
_1552_,VPWR,li1,116.3800,106.0800,1.799895
_1551_,VPWR,li1,120.0600,106.0800,1.799894
_1550_,VPWR,li1,109.7100,106.0800,1.799896
_1549_,VPWR,li1,110.1700,100.6400,1.799830
_1548_,VPWR,li1,106.9500,100.6400,1.799833
_1547_,VPWR,li1,108.5600,100.6400,1.799831
_1546_,VPWR,li1,105.3400,100.6400,1.799833
_1545_,VPWR,li1,97.5200,100.6400,1.799841
_1544_,VPWR,li1,99.8200,100.6400,1.799838
_1543_,VPWR,li1,97.5200,100.6400,1.799841
_1542_,VPWR,li1,95.2200,100.6400,1.799843
_1541_,VPWR,li1,126.0400,100.6400,1.799823
_1540_,VPWR,li1,101.2000,111.5200,1.799812
_1539_,VPWR,li1,94.7600,111.5200,1.799820
_1538_,VPWR,li1,123.2800,111.5200,1.799789
_1537_,VPWR,li1,125.5800,111.5200,1.799787
_1536_,VPWR,li1,135.2400,111.5200,1.799780
_1535_,VPWR,li1,123.7400,122.4000,1.799317
_1534_,VPWR,li1,124.4300,116.9600,1.799795
_1533_,VPWR,li1,129.7200,116.9600,1.799791
_1532_,VPWR,li1,126.5000,116.9600,1.799793
_1531_,VPWR,li1,123.0500,116.9600,1.799795
_1530_,VPWR,li1,120.5200,122.4000,1.799319
_1529_,VPWR,li1,119.3700,116.9600,1.799798
_1528_,VPWR,li1,93.3800,116.9600,1.799823
_1527_,VPWR,li1,109.9400,116.9600,1.799806
_1526_,VPWR,li1,119.3700,122.4000,1.799319
_1525_,VPWR,li1,93.1500,89.7600,1.799554
_1524_,VPWR,li1,86.2500,78.8800,1.799896
_1523_,VPWR,li1,89.2400,95.2000,1.799830
_1522_,VPWR,li1,87.4000,84.3200,1.799806
_1521_,VPWR,li1,84.8700,84.3200,1.799811
_1520_,VPWR,li1,89.0100,73.4400,1.799825
_1519_,VPWR,li1,97.5200,89.7600,1.799550
_1518_,VPWR,li1,132.2500,111.5200,1.799783
_1517_,VPWR,li1,130.8700,111.5200,1.799783
_1516_,VPWR,li1,128.3400,111.5200,1.799785
_1515_,VPWR,li1,121.2100,106.0800,1.799894
_1514_,VPWR,li1,115.2300,100.6400,1.799827
_1513_,VPWR,li1,119.6000,100.6400,1.799826
_1512_,VPWR,li1,117.3000,95.2000,1.799809
_1511_,VPWR,li1,120.2900,95.2000,1.799807
_1510_,VPWR,li1,116.8400,95.2000,1.799809
_1509_,VPWR,li1,112.7000,95.2000,1.799812
_1508_,VPWR,li1,136.6200,95.2000,1.799800
_1507_,VPWR,li1,129.7200,95.2000,1.799803
_1506_,VPWR,li1,131.1000,100.6400,1.799821
_1505_,VPWR,li1,129.0300,100.6400,1.799822
_1504_,VPWR,li1,136.1600,100.6400,1.799821
_1503_,VPWR,li1,138.4600,100.6400,1.799821
_1502_,VPWR,li1,141.2200,100.6400,1.799820
_1501_,VPWR,li1,140.7600,106.0800,1.799891
_1500_,VPWR,li1,137.7700,106.0800,1.799892
_1499_,VPWR,li1,144.9000,111.5200,1.799775
_1498_,VPWR,li1,141.6800,111.5200,1.799777
_1497_,VPWR,li1,138.2300,111.5200,1.799778
_1496_,VPWR,li1,137.5400,116.9600,1.799787
_1495_,VPWR,li1,138.6900,116.9600,1.799785
_1494_,VPWR,li1,132.0200,116.9600,1.799789
_1493_,VPWR,li1,135.7000,116.9600,1.799788
_1492_,VPWR,li1,136.3900,122.4000,1.799315
_1491_,VPWR,li1,98.2100,89.7600,1.799550
_1490_,VPWR,li1,93.1500,84.3200,1.799796
_1489_,VPWR,li1,95.9100,89.7600,1.799552
_1488_,VPWR,li1,95.9100,84.3200,1.799793
_1487_,VPWR,li1,90.1600,78.8800,1.799893
_1486_,VPWR,li1,93.6100,84.3200,1.799796
_1485_,VPWR,li1,92.4600,73.4400,1.799822
_1484_,VPWR,li1,90.6200,78.8800,1.799893
_1483_,VPWR,li1,84.8700,73.4400,1.799831
_1482_,VPWR,li1,150.4200,111.5200,1.799771
_1481_,VPWR,li1,148.3500,106.0800,1.799891
_1480_,VPWR,li1,136.8500,84.3200,1.799745
_1479_,VPWR,li1,138.0000,78.8800,1.799855
_1478_,VPWR,li1,143.2900,78.8800,1.799853
_1477_,VPWR,li1,138.0000,78.8800,1.799855
_1476_,VPWR,li1,136.1600,73.4400,1.799770
_1475_,VPWR,li1,132.2500,84.3200,1.799747
_1474_,VPWR,li1,129.4900,106.0800,1.799893
_1473_,VPWR,li1,120.7500,84.3200,1.799756
_1472_,VPWR,li1,115.0000,84.3200,1.799763
_1471_,VPWR,li1,118.2200,84.3200,1.799760
_1470_,VPWR,li1,117.3000,84.3200,1.799760
_1469_,VPWR,li1,117.5300,89.7600,1.799536
_1468_,VPWR,li1,125.5800,84.3200,1.799751
_1467_,VPWR,li1,119.3700,89.7600,1.799535
_1466_,VPWR,li1,126.0400,89.7600,1.799531
_1465_,VPWR,li1,125.3500,89.7600,1.799531
_1464_,VPWR,li1,129.9500,89.7600,1.799529
_1463_,VPWR,li1,127.6500,89.7600,1.799530
_1462_,VPWR,li1,130.4100,95.2000,1.799802
_1461_,VPWR,li1,136.3900,95.2000,1.799800
_1460_,VPWR,li1,138.9200,89.7600,1.799526
_1459_,VPWR,li1,133.6300,95.2000,1.799801
_1458_,VPWR,li1,143.9800,89.7600,1.799525
_1457_,VPWR,li1,138.4600,100.6400,1.799821
_1456_,VPWR,li1,141.4500,95.2000,1.799800
_1455_,VPWR,li1,145.5900,100.6400,1.799820
_1454_,VPWR,li1,148.5800,95.2000,1.799800
_1453_,VPWR,li1,149.5000,100.6400,1.799820
_1452_,VPWR,li1,149.5000,100.6400,1.799820
_1451_,VPWR,li1,146.5100,100.6400,1.799820
_1450_,VPWR,li1,144.9000,106.0800,1.799891
_1449_,VPWR,li1,149.0400,106.0800,1.799891
_1448_,VPWR,li1,149.7300,111.5200,1.799772
_1447_,VPWR,li1,110.6300,89.7600,1.799540
_1446_,VPWR,li1,112.9300,89.7600,1.799539
_1445_,VPWR,li1,101.8900,89.7600,1.799547
_1444_,VPWR,li1,104.1900,89.7600,1.799545
_1443_,VPWR,li1,80.7300,73.4400,1.799838
_1442_,VPWR,li1,82.1100,73.4400,1.799838
_1441_,VPWR,li1,79.5800,73.4400,1.799842
_1440_,VPWR,li1,76.1300,73.4400,1.799845
_1439_,VPWR,li1,91.0800,73.4400,1.799822
_1438_,VPWR,li1,76.3600,73.4400,1.799845
_1437_,VPWR,li1,86.7100,89.7600,1.799560
_1436_,VPWR,li1,102.8100,73.4400,1.799807
_1435_,VPWR,li1,98.9000,78.8800,1.799885
_1434_,VPWR,li1,149.7300,78.8800,1.799848
_1433_,VPWR,li1,145.1300,73.4400,1.799765
_1432_,VPWR,li1,145.8200,78.8800,1.799851
_1431_,VPWR,li1,138.2300,73.4400,1.799769
_1430_,VPWR,li1,130.6400,73.4400,1.799774
_1429_,VPWR,li1,133.1700,73.4400,1.799772
_1428_,VPWR,li1,129.7200,68.0000,1.799865
_1427_,VPWR,li1,123.2800,68.0000,1.799868
_1426_,VPWR,li1,125.5800,73.4400,1.799779
_1425_,VPWR,li1,128.3400,73.4400,1.799776
_1424_,VPWR,li1,122.8200,73.4400,1.799782
_1423_,VPWR,li1,126.0400,78.8800,1.799862
_1422_,VPWR,li1,127.8800,78.8800,1.799861
_1421_,VPWR,li1,126.7300,84.3200,1.799751
_1420_,VPWR,li1,124.2000,84.3200,1.799754
_1419_,VPWR,li1,129.4900,84.3200,1.799749
_1418_,VPWR,li1,140.3000,84.3200,1.799745
_1417_,VPWR,li1,143.5200,84.3200,1.799744
_1416_,VPWR,li1,145.3600,62.5600,1.799836
_1415_,VPWR,li1,145.3600,84.3200,1.799744
_1414_,VPWR,li1,146.9700,84.3200,1.799744
_1413_,VPWR,li1,149.7300,89.7600,1.799523
_1412_,VPWR,li1,152.2600,84.3200,1.799743
_1411_,VPWR,li1,153.1800,89.7600,1.799523
_1410_,VPWR,li1,155.9400,89.7600,1.799523
_1409_,VPWR,li1,152.0300,89.7600,1.799523
_1408_,VPWR,li1,152.2600,95.2000,1.799800
_1407_,VPWR,li1,157.7800,89.7600,1.799523
_1406_,VPWR,li1,154.3300,95.2000,1.799800
_1405_,VPWR,li1,114.0800,73.4400,1.799792
_1404_,VPWR,li1,111.0900,73.4400,1.799795
_1403_,VPWR,li1,110.1700,68.0000,1.799876
_1402_,VPWR,li1,109.2500,84.3200,1.799772
_1401_,VPWR,li1,112.0100,84.3200,1.799767
_1400_,VPWR,li1,103.7300,84.3200,1.799779
_1399_,VPWR,li1,106.0300,84.3200,1.799776
_1398_,VPWR,li1,99.5900,84.3200,1.799786
_1397_,VPWR,li1,98.6700,68.0000,1.799885
_1396_,VPWR,li1,101.4300,78.8800,1.799883
_1395_,VPWR,li1,99.5900,73.4400,1.799811
_1394_,VPWR,li1,96.3700,73.4400,1.799815
_1393_,VPWR,li1,106.0300,73.4400,1.799802
_1392_,VPWR,li1,91.0800,68.0000,1.799891
_1391_,VPWR,li1,149.5000,73.4400,1.799762
_1390_,VPWR,li1,149.7300,68.0000,1.799859
_1389_,VPWR,li1,142.3700,68.0000,1.799860
_1388_,VPWR,li1,142.3700,73.4400,1.799767
_1387_,VPWR,li1,138.6900,68.0000,1.799861
_1386_,VPWR,li1,136.1600,29.9200,1.799888
_1385_,VPWR,li1,140.5300,24.4800,1.799769
_1384_,VPWR,li1,137.3100,68.0000,1.799862
_1383_,VPWR,li1,132.0200,62.5600,1.799839
_1382_,VPWR,li1,131.1000,62.5600,1.799839
_1381_,VPWR,li1,129.7200,51.6800,1.799431
_1380_,VPWR,li1,128.3400,57.1200,1.799889
_1379_,VPWR,li1,126.5000,51.6800,1.799432
_1378_,VPWR,li1,123.0500,51.6800,1.799435
_1377_,VPWR,li1,123.2800,57.1200,1.799890
_1376_,VPWR,li1,139.8400,57.1200,1.799886
_1375_,VPWR,li1,123.9700,62.5600,1.799842
_1374_,VPWR,li1,135.7000,57.1200,1.799887
_1373_,VPWR,li1,132.4800,57.1200,1.799888
_1372_,VPWR,li1,128.8000,62.5600,1.799841
_1371_,VPWR,li1,134.5500,62.5600,1.799838
_1370_,VPWR,li1,138.0000,62.5600,1.799837
_1369_,VPWR,li1,142.6000,62.5600,1.799836
_1368_,VPWR,li1,144.4400,57.1200,1.799886
_1367_,VPWR,li1,148.5800,62.5600,1.799835
_1366_,VPWR,li1,143.9800,57.1200,1.799886
_1365_,VPWR,li1,150.6500,62.5600,1.799835
_1364_,VPWR,li1,154.5600,62.5600,1.799835
_1363_,VPWR,li1,152.7200,68.0000,1.799859
_1362_,VPWR,li1,153.8700,62.5600,1.799835
_1361_,VPWR,li1,151.3400,78.8800,1.799848
_1360_,VPWR,li1,153.1800,73.4400,1.799761
_1359_,VPWR,li1,153.4100,68.0000,1.799859
_1358_,VPWR,li1,109.7100,68.0000,1.799877
_1357_,VPWR,li1,109.7100,62.5600,1.799851
_1356_,VPWR,li1,106.0300,73.4400,1.799802
_1355_,VPWR,li1,103.9600,68.0000,1.799880
_1354_,VPWR,li1,106.4900,68.0000,1.799878
_1353_,VPWR,li1,122.5900,62.5600,1.799844
_1352_,VPWR,li1,119.8300,62.5600,1.799845
_1351_,VPWR,li1,116.6100,62.5600,1.799847
_1350_,VPWR,li1,116.1500,68.0000,1.799873
_1349_,VPWR,li1,88.5500,68.0000,1.799894
_1348_,VPWR,li1,88.0900,62.5600,1.799869
_1347_,VPWR,li1,86.2500,62.5600,1.799870
_1346_,VPWR,li1,83.4900,68.0000,1.799899
_1345_,VPWR,li1,80.2700,68.0000,1.799902
_1344_,VPWR,li1,110.8600,62.5600,1.799849
_1343_,VPWR,li1,98.4400,62.5600,1.799858
_1342_,VPWR,li1,147.8900,29.9200,1.799886
_1341_,VPWR,li1,145.1300,29.9200,1.799887
_1340_,VPWR,li1,148.5800,29.9200,1.799886
_1339_,VPWR,li1,135.0100,29.9200,1.799888
_1338_,VPWR,li1,133.6300,35.3600,1.799695
_1337_,VPWR,li1,131.1000,35.3600,1.799697
_1336_,VPWR,li1,127.8800,35.3600,1.799702
_1335_,VPWR,li1,125.5800,40.8000,1.799904
_1334_,VPWR,li1,125.3500,46.2400,1.799846
_1333_,VPWR,li1,132.0200,46.2400,1.799843
_1332_,VPWR,li1,128.5700,46.2400,1.799845
_1331_,VPWR,li1,135.2400,46.2400,1.799842
_1330_,VPWR,li1,138.0000,46.2400,1.799841
_1329_,VPWR,li1,135.7000,51.6800,1.799430
_1328_,VPWR,li1,135.9300,46.2400,1.799842
_1327_,VPWR,li1,138.9200,51.6800,1.799428
_1326_,VPWR,li1,142.1400,51.6800,1.799428
_1325_,VPWR,li1,142.6000,40.8000,1.799900
_1324_,VPWR,li1,143.9800,51.6800,1.799427
_1323_,VPWR,li1,146.2800,51.6800,1.799427
_1322_,VPWR,li1,151.1100,51.6800,1.799427
_1321_,VPWR,li1,152.2600,51.6800,1.799427
_1320_,VPWR,li1,152.2600,57.1200,1.799886
_1319_,VPWR,li1,155.7100,51.6800,1.799427
_1318_,VPWR,li1,157.7800,62.5600,1.799835
_1317_,VPWR,li1,156.8600,51.6800,1.799427
_1316_,VPWR,li1,158.0100,51.6800,1.799427
_1315_,VPWR,li1,113.8500,57.1200,1.799892
_1314_,VPWR,li1,106.9500,57.1200,1.799894
_1313_,VPWR,li1,110.6300,57.1200,1.799893
_1312_,VPWR,li1,104.8800,57.1200,1.799895
_1311_,VPWR,li1,106.0300,62.5600,1.799852
_1310_,VPWR,li1,119.8300,46.2400,1.799850
_1309_,VPWR,li1,119.8300,51.6800,1.799436
_1308_,VPWR,li1,115.6900,51.6800,1.799439
_1307_,VPWR,li1,115.2300,51.6800,1.799439
_1306_,VPWR,li1,98.2100,57.1200,1.799897
_1305_,VPWR,li1,100.5100,57.1200,1.799896
_1304_,VPWR,li1,101.4300,62.5600,1.799856
_1303_,VPWR,li1,99.3600,62.5600,1.799858
_1302_,VPWR,li1,96.3700,62.5600,1.799860
_1301_,VPWR,li1,110.6300,46.2400,1.799855
_1300_,VPWR,li1,104.6500,46.2400,1.799859
_1299_,VPWR,li1,151.8000,29.9200,1.799886
_1298_,VPWR,li1,143.9800,29.9200,1.799887
_1297_,VPWR,li1,145.5900,24.4800,1.799768
_1296_,VPWR,li1,143.7500,24.4800,1.799769
_1295_,VPWR,li1,132.2500,24.4800,1.799770
_1294_,VPWR,li1,132.2500,24.4800,1.799770
_1293_,VPWR,li1,101.6600,24.4800,1.799785
_1292_,VPWR,li1,126.2700,24.4800,1.799772
_1291_,VPWR,li1,126.7300,29.9200,1.799890
_1290_,VPWR,li1,124.4300,29.9200,1.799891
_1289_,VPWR,li1,123.2800,35.3600,1.799709
_1288_,VPWR,li1,120.5200,35.3600,1.799714
_1287_,VPWR,li1,125.1200,35.3600,1.799706
_1286_,VPWR,li1,121.9000,35.3600,1.799714
_1285_,VPWR,li1,132.4800,35.3600,1.799695
_1284_,VPWR,li1,136.6200,35.3600,1.799689
_1283_,VPWR,li1,138.4600,35.3600,1.799687
_1282_,VPWR,li1,140.3000,35.3600,1.799685
_1281_,VPWR,li1,115.0000,29.9200,1.799895
_1280_,VPWR,li1,142.1400,40.8000,1.799900
_1279_,VPWR,li1,144.4400,40.8000,1.799900
_1278_,VPWR,li1,146.2800,40.8000,1.799900
_1277_,VPWR,li1,148.5800,40.8000,1.799900
_1276_,VPWR,li1,141.6800,24.4800,1.799769
_1275_,VPWR,li1,151.8000,46.2400,1.799839
_1274_,VPWR,li1,153.4100,46.2400,1.799839
_1273_,VPWR,li1,153.1800,40.8000,1.799899
_1272_,VPWR,li1,157.7800,46.2400,1.799839
_1271_,VPWR,li1,155.7100,46.2400,1.799839
_1270_,VPWR,li1,36.3400,62.5600,1.799936
_1269_,VPWR,li1,112.0100,46.2400,1.799853
_1268_,VPWR,li1,107.1800,51.6800,1.799446
_1267_,VPWR,li1,103.0400,51.6800,1.799448
_1266_,VPWR,li1,104.8800,46.2400,1.799859
_1265_,VPWR,li1,101.4300,51.6800,1.799451
_1264_,VPWR,li1,114.7700,40.8000,1.799907
_1263_,VPWR,li1,117.0700,40.8000,1.799907
_1262_,VPWR,li1,110.6300,40.8000,1.799909
_1261_,VPWR,li1,106.9500,40.8000,1.799911
_1260_,VPWR,li1,105.1100,40.8000,1.799912
_1259_,VPWR,li1,97.7500,40.8000,1.799915
_1258_,VPWR,li1,100.9700,46.2400,1.799860
_1257_,VPWR,li1,94.3000,46.2400,1.799866
_1256_,VPWR,li1,97.7500,46.2400,1.799862
_1255_,VPWR,li1,106.2600,35.3600,1.799742
_1254_,VPWR,li1,88.0900,46.2400,1.799871
_1253_,VPWR,li1,92.9200,57.1200,1.799899
_1252_,VPWR,li1,89.7000,35.3600,1.799778
_1251_,VPWR,li1,112.2400,13.6000,1.799736
_1250_,VPWR,li1,110.6300,13.6000,1.799737
_1249_,VPWR,li1,109.7100,19.0400,1.799927
_1248_,VPWR,li1,106.7200,19.0400,1.799928
_1247_,VPWR,li1,107.8700,24.4800,1.799781
_1246_,VPWR,li1,101.8900,24.4800,1.799785
_1245_,VPWR,li1,96.3700,24.4800,1.799789
_1244_,VPWR,li1,97.2900,29.9200,1.799905
_1243_,VPWR,li1,72.6800,46.2400,1.799887
_1242_,VPWR,li1,92.6900,35.3600,1.799772
_1241_,VPWR,li1,88.5500,40.8000,1.799919
_1240_,VPWR,li1,92.9200,40.8000,1.799917
_1239_,VPWR,li1,76.8200,40.8000,1.799929
_1238_,VPWR,li1,95.4500,35.3600,1.799764
_1237_,VPWR,li1,99.1300,35.3600,1.799759
_1236_,VPWR,li1,112.0100,35.3600,1.799730
_1235_,VPWR,li1,116.3800,35.3600,1.799722
_1234_,VPWR,li1,80.9600,35.3600,1.799801
_1233_,VPWR,li1,118.4500,29.9200,1.799893
_1232_,VPWR,li1,113.3900,24.4800,1.799778
_1231_,VPWR,li1,113.3900,24.4800,1.799778
_1230_,VPWR,li1,88.7800,24.4800,1.799798
_1229_,VPWR,li1,123.5100,24.4800,1.799772
_1228_,VPWR,li1,118.9100,19.0400,1.799927
_1227_,VPWR,li1,119.3700,19.0400,1.799927
_1226_,VPWR,li1,145.1300,127.8400,1.799874
_1225_,VPWR,li1,149.2700,46.2400,1.799839
_1224_,VPWR,li1,110.6300,29.9200,1.799897
_1223_,VPWR,li1,110.1700,35.3600,1.799734
_1222_,VPWR,li1,103.0400,35.3600,1.799749
_1221_,VPWR,li1,100.0500,35.3600,1.799754
_1220_,VPWR,li1,94.0700,51.6800,1.799456
_1219_,VPWR,li1,90.6200,57.1200,1.799900
_1218_,VPWR,li1,87.1700,57.1200,1.799902
_1217_,VPWR,li1,84.8700,51.6800,1.799482
_1216_,VPWR,li1,90.6200,46.2400,1.799868
_1215_,VPWR,li1,84.8700,46.2400,1.799874
_1214_,VPWR,li1,86.2500,40.8000,1.799922
_1213_,VPWR,li1,69.6900,62.5600,1.799889
_1212_,VPWR,li1,98.6700,24.4800,1.799787
_1211_,VPWR,li1,98.9000,13.6000,1.799746
_1210_,VPWR,li1,99.5900,13.6000,1.799746
_1209_,VPWR,li1,97.7500,19.0400,1.799931
_1208_,VPWR,li1,53.5900,29.9200,1.799939
_1207_,VPWR,li1,77.9700,46.2400,1.799881
_1206_,VPWR,li1,70.3800,46.2400,1.799890
_1205_,VPWR,li1,67.6200,46.2400,1.799895
_1204_,VPWR,li1,67.6200,46.2400,1.799895
_1203_,VPWR,li1,78.6600,46.2400,1.799879
_1202_,VPWR,li1,76.5900,46.2400,1.799881
_1201_,VPWR,li1,74.9800,40.8000,1.799930
_1200_,VPWR,li1,77.2800,40.8000,1.799929
_1199_,VPWR,li1,64.8600,40.8000,1.799939
_1198_,VPWR,li1,77.7400,35.3600,1.799811
_1197_,VPWR,li1,79.1200,35.3600,1.799805
_1196_,VPWR,li1,81.8800,29.9200,1.799914
_1195_,VPWR,li1,80.7300,29.9200,1.799914
_1194_,VPWR,li1,86.9400,29.9200,1.799910
_1193_,VPWR,li1,89.2400,29.9200,1.799909
_1192_,VPWR,li1,92.6900,24.4800,1.799795
_1191_,VPWR,li1,84.6400,24.4800,1.799804
_1190_,VPWR,li1,88.5500,29.9200,1.799910
_1189_,VPWR,li1,75.2100,62.5600,1.799882
_1188_,VPWR,li1,71.7600,62.5600,1.799887
_1187_,VPWR,li1,67.8500,62.5600,1.799893
_1186_,VPWR,li1,66.4700,62.5600,1.799893
_1185_,VPWR,li1,108.7900,35.3600,1.799737
_1184_,VPWR,li1,77.5100,62.5600,1.799880
_1183_,VPWR,li1,78.8900,57.1200,1.799905
_1182_,VPWR,li1,78.4300,51.6800,1.799524
_1181_,VPWR,li1,73.3700,57.1200,1.799909
_1180_,VPWR,li1,75.6700,57.1200,1.799908
_1179_,VPWR,li1,81.6500,57.1200,1.799904
_1178_,VPWR,li1,81.6500,51.6800,1.799511
_1177_,VPWR,li1,62.7900,62.5600,1.799898
_1176_,VPWR,li1,61.1800,24.4800,1.799848
_1175_,VPWR,li1,58.4200,29.9200,1.799933
_1174_,VPWR,li1,56.3500,29.9200,1.799936
_1173_,VPWR,li1,50.8300,29.9200,1.799943
_1172_,VPWR,li1,40.9400,24.4800,1.799905
_1171_,VPWR,li1,50.8300,29.9200,1.799943
_1170_,VPWR,li1,46.6900,29.9200,1.799949
_1169_,VPWR,li1,55.8900,46.2400,1.799910
_1168_,VPWR,li1,58.4200,51.6800,1.799657
_1167_,VPWR,li1,60.7200,51.6800,1.799645
_1166_,VPWR,li1,65.5500,57.1200,1.799914
_1165_,VPWR,li1,68.3100,57.1200,1.799912
_1164_,VPWR,li1,71.0700,57.1200,1.799911
_1163_,VPWR,li1,51.7500,57.1200,1.799924
_1162_,VPWR,li1,59.3400,46.2400,1.799907
_1161_,VPWR,li1,61.6400,46.2400,1.799902
_1160_,VPWR,li1,62.5600,40.8000,1.799942
_1159_,VPWR,li1,64.8600,40.8000,1.799939
_1158_,VPWR,li1,58.6500,57.1200,1.799919
_1157_,VPWR,li1,60.0300,68.0000,1.799926
_1156_,VPWR,li1,62.5600,62.5600,1.799898
_1155_,VPWR,li1,59.5700,62.5600,1.799902
_1154_,VPWR,li1,60.9500,57.1200,1.799917
_1153_,VPWR,li1,64.1700,35.3600,1.799846
_1152_,VPWR,li1,67.1600,35.3600,1.799838
_1151_,VPWR,li1,71.3000,29.9200,1.799921
_1150_,VPWR,li1,73.1400,35.3600,1.799821
_1149_,VPWR,li1,75.9000,29.9200,1.799918
_1148_,VPWR,li1,74.2900,29.9200,1.799919
_1147_,VPWR,li1,71.3000,29.9200,1.799921
_1146_,VPWR,li1,49.2200,46.2400,1.799921
_1145_,VPWR,li1,47.3800,19.0400,1.799963
_1144_,VPWR,li1,51.2900,19.0400,1.799960
_1143_,VPWR,li1,42.5500,19.0400,1.799967
_1142_,VPWR,li1,45.3100,24.4800,1.799892
_1141_,VPWR,li1,42.3200,29.9200,1.799954
_1140_,VPWR,li1,43.0100,24.4800,1.799899
_1139_,VPWR,li1,42.7800,35.3600,1.799905
_1138_,VPWR,li1,46.6900,35.3600,1.799898
_1137_,VPWR,li1,45.0800,40.8000,1.799958
_1136_,VPWR,li1,43.0100,40.8000,1.799961
_1135_,VPWR,li1,39.5600,46.2400,1.799936
_1134_,VPWR,li1,44.6200,46.2400,1.799928
_1133_,VPWR,li1,46.9200,46.2400,1.799924
_1132_,VPWR,li1,48.9900,51.6800,1.799722
_1131_,VPWR,li1,50.1400,46.2400,1.799921
_1130_,VPWR,li1,51.5200,35.3600,1.799884
_1129_,VPWR,li1,50.3700,40.8000,1.799955
_1128_,VPWR,li1,57.0400,40.8000,1.799947
_1127_,VPWR,li1,54.9700,35.3600,1.799872
_1126_,VPWR,li1,53.3600,35.3600,1.799879
_1125_,VPWR,li1,49.9100,57.1200,1.799927
_1124_,VPWR,li1,51.2900,62.5600,1.799915
_1123_,VPWR,li1,51.0600,62.5600,1.799915
_1122_,VPWR,li1,48.0700,62.5600,1.799918
_1121_,VPWR,li1,52.2100,57.1200,1.799924
_1120_,VPWR,li1,37.2600,13.6000,1.799891
_1119_,VPWR,li1,35.4200,19.0400,1.799974
_1118_,VPWR,li1,31.5100,24.4800,1.799933
_1117_,VPWR,li1,33.8100,24.4800,1.799926
_1116_,VPWR,li1,36.8000,24.4800,1.799917
_1115_,VPWR,li1,34.9600,29.9200,1.799965
_1114_,VPWR,li1,33.1200,29.9200,1.799967
_1113_,VPWR,li1,34.7300,35.3600,1.799929
_1112_,VPWR,li1,45.3100,35.3600,1.799898
_1111_,VPWR,li1,43.0100,35.3600,1.799905
_1110_,VPWR,li1,38.8700,35.3600,1.799917
_1109_,VPWR,li1,38.1800,40.8000,1.799966
_1108_,VPWR,li1,35.1900,40.8000,1.799969
_1107_,VPWR,li1,36.3400,46.2400,1.799942
_1106_,VPWR,li1,37.7200,51.6800,1.799798
_1105_,VPWR,li1,36.1100,51.6800,1.799815
_1104_,VPWR,li1,43.7000,51.6800,1.799757
_1103_,VPWR,li1,42.0900,57.1200,1.799933
_1102_,VPWR,li1,40.0200,57.1200,1.799935
_1101_,VPWR,li1,19.7800,40.8000,1.799983
_1100_,VPWR,li1,21.6200,24.4800,1.799964
_1099_,VPWR,li1,20.9300,24.4800,1.799964
_1098_,VPWR,li1,21.8500,29.9200,1.799985
_1097_,VPWR,li1,23.6900,24.4800,1.799956
_1096_,VPWR,li1,29.4400,29.9200,1.799972
_1095_,VPWR,li1,25.9900,24.4800,1.799949
_1094_,VPWR,li1,28.2900,35.3600,1.799948
_1093_,VPWR,li1,30.1300,35.3600,1.799943
_1092_,VPWR,li1,24.6100,29.9200,1.799981
_1091_,VPWR,li1,32.4300,35.3600,1.799936
_1090_,VPWR,li1,28.0600,40.8000,1.799977
_1089_,VPWR,li1,29.9000,46.2400,1.799953
_1088_,VPWR,li1,28.2900,46.2400,1.799958
_1087_,VPWR,li1,26.2200,46.2400,1.799961
_1086_,VPWR,li1,8.7400,35.3600,1.799968
_1085_,VPWR,li1,12.8800,35.3600,1.799968
_1084_,VPWR,li1,15.6400,35.3600,1.799968
_1083_,VPWR,li1,16.7900,29.9200,1.799985
_1082_,VPWR,li1,20.7000,29.9200,1.799985
_1081_,VPWR,li1,23.4600,35.3600,1.799968
_1080_,VPWR,li1,21.8500,35.3600,1.799968
_1079_,VPWR,li1,19.7800,35.3600,1.799968
_1078_,VPWR,li1,9.4300,29.9200,1.799985
_1077_,VPWR,li1,13.5700,24.4800,1.799960
_1076_,VPWR,li1,16.7900,24.4800,1.799962
_1075_,VPWR,li1,10.3500,24.4800,1.799959
_1074_,VPWR,li1,11.7300,84.3200,1.799967
_1073_,VPWR,li1,14.9500,84.3200,1.799967
_1072_,VPWR,li1,9.6600,40.8000,1.799980
_1071_,VPWR,li1,8.5100,46.2400,1.799962
_1070_,VPWR,li1,76.8200,19.0400,1.799941
_1069_,VPWR,li1,75.6700,13.6000,1.799787
_1068_,VPWR,li1,70.8400,19.0400,1.799946
_1067_,VPWR,li1,68.7700,24.4800,1.799831
_1066_,VPWR,li1,60.7200,19.0400,1.799952
_1065_,VPWR,li1,60.9500,19.0400,1.799952
_1064_,VPWR,li1,44.6200,13.6000,1.799867
_1063_,VPWR,li1,45.7700,13.6000,1.799861
_1062_,VPWR,li1,28.0600,51.6800,1.799872
_1061_,VPWR,li1,26.9100,51.6800,1.799872
_1060_,VPWR,li1,20.7000,51.6800,1.799916
_1059_,VPWR,li1,17.7100,51.6800,1.799911
_1058_,VPWR,li1,9.2000,51.6800,1.799908
_1057_,VPWR,li1,12.1900,51.6800,1.799908
_1056_,VPWR,li1,85.1000,13.6000,1.799767
_1055_,VPWR,li1,83.4900,19.0400,1.799938
_1054_,VPWR,li1,78.6600,13.6000,1.799780
_1053_,VPWR,li1,76.5900,13.6000,1.799784
_1052_,VPWR,li1,68.0800,13.6000,1.799801
_1051_,VPWR,li1,67.3900,19.0400,1.799948
_1050_,VPWR,li1,57.9600,19.0400,1.799955
_1049_,VPWR,li1,55.8900,13.6000,1.799829
_1048_,VPWR,li1,36.8000,62.5600,1.799936
_1047_,VPWR,li1,41.1700,62.5600,1.799927
_1046_,VPWR,li1,28.0600,68.0000,1.799967
_1045_,VPWR,li1,31.0500,68.0000,1.799964
_1044_,VPWR,li1,21.1600,57.1200,1.799969
_1043_,VPWR,li1,20.0100,62.5600,1.799971
_1042_,VPWR,li1,9.2000,68.0000,1.799972
_1041_,VPWR,li1,12.1900,68.0000,1.799973
_1040_,VPWR,li1,14.2600,73.4400,1.799960
_1039_,VPWR,li1,10.5800,78.8800,1.799966
_1038_,VPWR,li1,10.3500,57.1200,1.799965
_1037_,VPWR,li1,8.5100,57.1200,1.799965
_1036_,VPWR,li1,94.9900,19.0400,1.799932
