
===========================================================================
report_checks -path_delay min (Hold)
============================================================================
======================= nom_ff_n40C_1v95 Corner ===================================

Startpoint: _2121_ (rising edge-triggered flip-flop clocked by aclk)
Endpoint: _2121_ (rising edge-triggered flip-flop clocked by aclk)
Path Group: aclk
Path Type: min

Fanout         Cap        Slew       Delay        Time   Description
---------------------------------------------------------------------------------------------
                                  0.000000    0.000000   clock aclk (rise edge)
                                  0.000000    0.000000   clock source latency
     2    0.029142    0.101726    0.071305    0.071305 ^ aclk (in)
                                                         aclk (net)
                      0.101840    0.000000    0.071305 ^ clkbuf_0_aclk/A (sky130_fd_sc_hd__clkbuf_16)
     9    0.056894    0.057754    0.125173    0.196477 ^ clkbuf_0_aclk/X (sky130_fd_sc_hd__clkbuf_16)
                                                         clknet_0_aclk (net)
                      0.057815    0.001637    0.198114 ^ clkbuf_2_1__f_aclk/A (sky130_fd_sc_hd__clkbuf_16)
    27    0.085072    0.077862    0.126296    0.324410 ^ clkbuf_2_1__f_aclk/X (sky130_fd_sc_hd__clkbuf_16)
                                                         clknet_2_1__leaf_aclk (net)
                      0.078679    0.006289    0.330698 ^ _2121_/CLK (sky130_fd_sc_hd__dfxtp_1)
     2    0.006955    0.056474    0.217720    0.548419 ^ _2121_/Q (sky130_fd_sc_hd__dfxtp_1)
                                                         net52 (net)
                      0.056474    0.000166    0.548585 ^ _2070_/B (sky130_fd_sc_hd__and2b_1)
     1    0.003159    0.031383    0.077207    0.625792 ^ _2070_/X (sky130_fd_sc_hd__and2b_1)
                                                         _0198_ (net)
                      0.031383    0.000093    0.625885 ^ _2071_/A2 (sky130_fd_sc_hd__o21a_1)
     1    0.002202    0.024299    0.058869    0.684754 ^ _2071_/X (sky130_fd_sc_hd__o21a_1)
                                                         _0049_ (net)
                      0.024299    0.000062    0.684816 ^ _2121_/D (sky130_fd_sc_hd__dfxtp_1)
                                              0.684816   data arrival time

                                  0.000000    0.000000   clock aclk (rise edge)
                                  0.000000    0.000000   clock source latency
     2    0.029142    0.101726    0.071305    0.071305 ^ aclk (in)
                                                         aclk (net)
                      0.101840    0.000000    0.071305 ^ clkbuf_0_aclk/A (sky130_fd_sc_hd__clkbuf_16)
     9    0.056894    0.057754    0.125173    0.196477 ^ clkbuf_0_aclk/X (sky130_fd_sc_hd__clkbuf_16)
                                                         clknet_0_aclk (net)
                      0.057815    0.001637    0.198114 ^ clkbuf_2_1__f_aclk/A (sky130_fd_sc_hd__clkbuf_16)
    27    0.085072    0.077862    0.126296    0.324410 ^ clkbuf_2_1__f_aclk/X (sky130_fd_sc_hd__clkbuf_16)
                                                         clknet_2_1__leaf_aclk (net)
                      0.078679    0.006289    0.330698 ^ _2121_/CLK (sky130_fd_sc_hd__dfxtp_1)
                                  0.250000    0.580698   clock uncertainty
                                  0.000000    0.580698   clock reconvergence pessimism
                                 -0.015691    0.565007   library hold time
                                              0.565007   data required time
---------------------------------------------------------------------------------------------
                                              0.565007   data required time
                                             -0.684816   data arrival time
---------------------------------------------------------------------------------------------
                                              0.119809   slack (MET)


Startpoint: _2089_ (rising edge-triggered flip-flop clocked by aclk)
Endpoint: _2089_ (rising edge-triggered flip-flop clocked by aclk)
Path Group: aclk
Path Type: min

Fanout         Cap        Slew       Delay        Time   Description
---------------------------------------------------------------------------------------------
                                  0.000000    0.000000   clock aclk (rise edge)
                                  0.000000    0.000000   clock source latency
     2    0.029142    0.101726    0.071305    0.071305 ^ aclk (in)
                                                         aclk (net)
                      0.101840    0.000000    0.071305 ^ clkbuf_0_aclk/A (sky130_fd_sc_hd__clkbuf_16)
     9    0.056894    0.057754    0.125173    0.196477 ^ clkbuf_0_aclk/X (sky130_fd_sc_hd__clkbuf_16)
                                                         clknet_0_aclk (net)
                      0.057819    0.001690    0.198167 ^ clkbuf_2_0__f_aclk/A (sky130_fd_sc_hd__clkbuf_16)
    37    0.092803    0.083736    0.132247    0.330414 ^ clkbuf_2_0__f_aclk/X (sky130_fd_sc_hd__clkbuf_16)
                                                         clknet_2_0__leaf_aclk (net)
                      0.084034    0.003996    0.334410 ^ _2089_/CLK (sky130_fd_sc_hd__dfxtp_1)
     3    0.008642    0.067734    0.227221    0.561631 ^ _2089_/Q (sky130_fd_sc_hd__dfxtp_1)
                                                         net20 (net)
                      0.067734    0.000218    0.561849 ^ _1075_/B1 (sky130_fd_sc_hd__a31o_1)
     1    0.001878    0.021911    0.051753    0.613602 ^ _1075_/X (sky130_fd_sc_hd__a31o_1)
                                                         _0221_ (net)
                      0.021911    0.000052    0.613654 ^ _1078_/B (sky130_fd_sc_hd__and3_1)
     1    0.002036    0.029378    0.077643    0.691297 ^ _1078_/X (sky130_fd_sc_hd__and3_1)
                                                         _0017_ (net)
                      0.029378    0.000058    0.691355 ^ _2089_/D (sky130_fd_sc_hd__dfxtp_1)
                                              0.691355   data arrival time

                                  0.000000    0.000000   clock aclk (rise edge)
                                  0.000000    0.000000   clock source latency
     2    0.029142    0.101726    0.071305    0.071305 ^ aclk (in)
                                                         aclk (net)
                      0.101840    0.000000    0.071305 ^ clkbuf_0_aclk/A (sky130_fd_sc_hd__clkbuf_16)
     9    0.056894    0.057754    0.125173    0.196477 ^ clkbuf_0_aclk/X (sky130_fd_sc_hd__clkbuf_16)
                                                         clknet_0_aclk (net)
                      0.057819    0.001690    0.198167 ^ clkbuf_2_0__f_aclk/A (sky130_fd_sc_hd__clkbuf_16)
    37    0.092803    0.083736    0.132247    0.330414 ^ clkbuf_2_0__f_aclk/X (sky130_fd_sc_hd__clkbuf_16)
                                                         clknet_2_0__leaf_aclk (net)
                      0.084034    0.003996    0.334410 ^ _2089_/CLK (sky130_fd_sc_hd__dfxtp_1)
                                  0.250000    0.584410   clock uncertainty
                                  0.000000    0.584410   clock reconvergence pessimism
                                 -0.015921    0.568490   library hold time
                                              0.568490   data required time
---------------------------------------------------------------------------------------------
                                              0.568490   data required time
                                             -0.691355   data arrival time
---------------------------------------------------------------------------------------------
                                              0.122865   slack (MET)


Startpoint: _2094_ (rising edge-triggered flip-flop clocked by aclk)
Endpoint: _2094_ (rising edge-triggered flip-flop clocked by aclk)
Path Group: aclk
Path Type: min

Fanout         Cap        Slew       Delay        Time   Description
---------------------------------------------------------------------------------------------
                                  0.000000    0.000000   clock aclk (rise edge)
                                  0.000000    0.000000   clock source latency
     2    0.029142    0.101726    0.071305    0.071305 ^ aclk (in)
                                                         aclk (net)
                      0.101840    0.000000    0.071305 ^ clkbuf_0_aclk/A (sky130_fd_sc_hd__clkbuf_16)
     9    0.056894    0.057754    0.125173    0.196477 ^ clkbuf_0_aclk/X (sky130_fd_sc_hd__clkbuf_16)
                                                         clknet_0_aclk (net)
                      0.057819    0.001690    0.198167 ^ clkbuf_2_0__f_aclk/A (sky130_fd_sc_hd__clkbuf_16)
    37    0.092803    0.083736    0.132247    0.330414 ^ clkbuf_2_0__f_aclk/X (sky130_fd_sc_hd__clkbuf_16)
                                                         clknet_2_0__leaf_aclk (net)
                      0.083875    0.002759    0.333174 ^ _2094_/CLK (sky130_fd_sc_hd__dfxtp_1)
     5    0.015960    0.117366    0.262222    0.595396 ^ _2094_/Q (sky130_fd_sc_hd__dfxtp_1)
                                                         net47 (net)
                      0.117366    0.000250    0.595645 ^ _1176_/A1 (sky130_fd_sc_hd__o211a_1)
     1    0.002050    0.023138    0.095425    0.691070 ^ _1176_/X (sky130_fd_sc_hd__o211a_1)
                                                         _0022_ (net)
                      0.023138    0.000057    0.691127 ^ _2094_/D (sky130_fd_sc_hd__dfxtp_1)
                                              0.691127   data arrival time

                                  0.000000    0.000000   clock aclk (rise edge)
                                  0.000000    0.000000   clock source latency
     2    0.029142    0.101726    0.071305    0.071305 ^ aclk (in)
                                                         aclk (net)
                      0.101840    0.000000    0.071305 ^ clkbuf_0_aclk/A (sky130_fd_sc_hd__clkbuf_16)
     9    0.056894    0.057754    0.125173    0.196477 ^ clkbuf_0_aclk/X (sky130_fd_sc_hd__clkbuf_16)
                                                         clknet_0_aclk (net)
                      0.057819    0.001690    0.198167 ^ clkbuf_2_0__f_aclk/A (sky130_fd_sc_hd__clkbuf_16)
    37    0.092803    0.083736    0.132247    0.330414 ^ clkbuf_2_0__f_aclk/X (sky130_fd_sc_hd__clkbuf_16)
                                                         clknet_2_0__leaf_aclk (net)
                      0.083875    0.002759    0.333174 ^ _2094_/CLK (sky130_fd_sc_hd__dfxtp_1)
                                  0.250000    0.583174   clock uncertainty
                                  0.000000    0.583174   clock reconvergence pessimism
                                 -0.015486    0.567688   library hold time
                                              0.567688   data required time
---------------------------------------------------------------------------------------------
                                              0.567688   data required time
                                             -0.691127   data arrival time
---------------------------------------------------------------------------------------------
                                              0.123440   slack (MET)


Startpoint: _2099_ (rising edge-triggered flip-flop clocked by aclk)
Endpoint: _2099_ (rising edge-triggered flip-flop clocked by aclk)
Path Group: aclk
Path Type: min

Fanout         Cap        Slew       Delay        Time   Description
---------------------------------------------------------------------------------------------
                                  0.000000    0.000000   clock aclk (rise edge)
                                  0.000000    0.000000   clock source latency
     2    0.029142    0.101726    0.071305    0.071305 ^ aclk (in)
                                                         aclk (net)
                      0.101840    0.000000    0.071305 ^ clkbuf_0_aclk/A (sky130_fd_sc_hd__clkbuf_16)
     9    0.056894    0.057754    0.125173    0.196477 ^ clkbuf_0_aclk/X (sky130_fd_sc_hd__clkbuf_16)
                                                         clknet_0_aclk (net)
                      0.057800    0.001449    0.197927 ^ clkbuf_2_2__f_aclk/A (sky130_fd_sc_hd__clkbuf_16)
    19    0.069267    0.066315    0.120107    0.318034 ^ clkbuf_2_2__f_aclk/X (sky130_fd_sc_hd__clkbuf_16)
                                                         clknet_2_2__leaf_aclk (net)
                      0.066403    0.001435    0.319469 ^ _2099_/CLK (sky130_fd_sc_hd__dfxtp_1)
     4    0.010383    0.079367    0.231001    0.550470 ^ _2099_/Q (sky130_fd_sc_hd__dfxtp_1)
                                                         net21 (net)
                      0.079367    0.000222    0.550693 ^ _1390_/A (sky130_fd_sc_hd__or2_1)
     1    0.002835    0.029775    0.070183    0.620875 ^ _1390_/X (sky130_fd_sc_hd__or2_1)
                                                         _0526_ (net)
                      0.029775    0.000081    0.620956 ^ _1391_/B1 (sky130_fd_sc_hd__o211a_1)
     1    0.002217    0.023918    0.062727    0.683684 ^ _1391_/X (sky130_fd_sc_hd__o211a_1)
                                                         _0027_ (net)
                      0.023918    0.000044    0.683727 ^ _2099_/D (sky130_fd_sc_hd__dfxtp_1)
                                              0.683727   data arrival time

                                  0.000000    0.000000   clock aclk (rise edge)
                                  0.000000    0.000000   clock source latency
     2    0.029142    0.101726    0.071305    0.071305 ^ aclk (in)
                                                         aclk (net)
                      0.101840    0.000000    0.071305 ^ clkbuf_0_aclk/A (sky130_fd_sc_hd__clkbuf_16)
     9    0.056894    0.057754    0.125173    0.196477 ^ clkbuf_0_aclk/X (sky130_fd_sc_hd__clkbuf_16)
                                                         clknet_0_aclk (net)
                      0.057800    0.001449    0.197927 ^ clkbuf_2_2__f_aclk/A (sky130_fd_sc_hd__clkbuf_16)
    19    0.069267    0.066315    0.120107    0.318034 ^ clkbuf_2_2__f_aclk/X (sky130_fd_sc_hd__clkbuf_16)
                                                         clknet_2_2__leaf_aclk (net)
                      0.066403    0.001435    0.319469 ^ _2099_/CLK (sky130_fd_sc_hd__dfxtp_1)
                                  0.250000    0.569469   clock uncertainty
                                  0.000000    0.569469   clock reconvergence pessimism
                                 -0.015957    0.553513   library hold time
                                              0.553513   data required time
---------------------------------------------------------------------------------------------
                                              0.553513   data required time
                                             -0.683727   data arrival time
---------------------------------------------------------------------------------------------
                                              0.130214   slack (MET)


Startpoint: _2116_ (rising edge-triggered flip-flop clocked by aclk)
Endpoint: _2116_ (rising edge-triggered flip-flop clocked by aclk)
Path Group: aclk
Path Type: min

Fanout         Cap        Slew       Delay        Time   Description
---------------------------------------------------------------------------------------------
                                  0.000000    0.000000   clock aclk (rise edge)
                                  0.000000    0.000000   clock source latency
     2    0.029142    0.101726    0.071305    0.071305 ^ aclk (in)
                                                         aclk (net)
                      0.101840    0.000000    0.071305 ^ clkbuf_0_aclk/A (sky130_fd_sc_hd__clkbuf_16)
     9    0.056894    0.057754    0.125173    0.196477 ^ clkbuf_0_aclk/X (sky130_fd_sc_hd__clkbuf_16)
                                                         clknet_0_aclk (net)
                      0.057804    0.001505    0.197982 ^ clkbuf_2_3__f_aclk/A (sky130_fd_sc_hd__clkbuf_16)
    27    0.088672    0.080658    0.130212    0.328194 ^ clkbuf_2_3__f_aclk/X (sky130_fd_sc_hd__clkbuf_16)
                                                         clknet_2_3__leaf_aclk (net)
                      0.080898    0.003519    0.331713 ^ _2116_/CLK (sky130_fd_sc_hd__dfxtp_1)
     4    0.016587    0.121686    0.264303    0.596016 ^ _2116_/Q (sky130_fd_sc_hd__dfxtp_1)
                                                         net39 (net)
                      0.121686    0.000221    0.596237 ^ _1964_/A1 (sky130_fd_sc_hd__o221a_1)
     1    0.002059    0.029362    0.103797    0.700034 ^ _1964_/X (sky130_fd_sc_hd__o221a_1)
                                                         _0044_ (net)
                      0.029362    0.000041    0.700075 ^ _2116_/D (sky130_fd_sc_hd__dfxtp_1)
                                              0.700075   data arrival time

                                  0.000000    0.000000   clock aclk (rise edge)
                                  0.000000    0.000000   clock source latency
     2    0.029142    0.101726    0.071305    0.071305 ^ aclk (in)
                                                         aclk (net)
                      0.101840    0.000000    0.071305 ^ clkbuf_0_aclk/A (sky130_fd_sc_hd__clkbuf_16)
     9    0.056894    0.057754    0.125173    0.196477 ^ clkbuf_0_aclk/X (sky130_fd_sc_hd__clkbuf_16)
                                                         clknet_0_aclk (net)
                      0.057804    0.001505    0.197982 ^ clkbuf_2_3__f_aclk/A (sky130_fd_sc_hd__clkbuf_16)
    27    0.088672    0.080658    0.130212    0.328194 ^ clkbuf_2_3__f_aclk/X (sky130_fd_sc_hd__clkbuf_16)
                                                         clknet_2_3__leaf_aclk (net)
                      0.080898    0.003519    0.331713 ^ _2116_/CLK (sky130_fd_sc_hd__dfxtp_1)
                                  0.250000    0.581713   clock uncertainty
                                  0.000000    0.581713   clock reconvergence pessimism
                                 -0.015994    0.565719   library hold time
                                              0.565719   data required time
---------------------------------------------------------------------------------------------
                                              0.565719   data required time
                                             -0.700075   data arrival time
---------------------------------------------------------------------------------------------
                                              0.134356   slack (MET)


Startpoint: _2108_ (rising edge-triggered flip-flop clocked by aclk)
Endpoint: _2108_ (rising edge-triggered flip-flop clocked by aclk)
Path Group: aclk
Path Type: min

Fanout         Cap        Slew       Delay        Time   Description
---------------------------------------------------------------------------------------------
                                  0.000000    0.000000   clock aclk (rise edge)
                                  0.000000    0.000000   clock source latency
     2    0.029142    0.101726    0.071305    0.071305 ^ aclk (in)
                                                         aclk (net)
                      0.101840    0.000000    0.071305 ^ clkbuf_0_aclk/A (sky130_fd_sc_hd__clkbuf_16)
     9    0.056894    0.057754    0.125173    0.196477 ^ clkbuf_0_aclk/X (sky130_fd_sc_hd__clkbuf_16)
                                                         clknet_0_aclk (net)
                      0.057815    0.001637    0.198114 ^ clkbuf_2_1__f_aclk/A (sky130_fd_sc_hd__clkbuf_16)
    27    0.085072    0.077862    0.126296    0.324410 ^ clkbuf_2_1__f_aclk/X (sky130_fd_sc_hd__clkbuf_16)
                                                         clknet_2_1__leaf_aclk (net)
                      0.078845    0.006890    0.331300 ^ _2108_/CLK (sky130_fd_sc_hd__dfxtp_1)
     4    0.011015    0.083645    0.237240    0.568539 ^ _2108_/Q (sky130_fd_sc_hd__dfxtp_1)
                                                         net30 (net)
                      0.083645    0.000256    0.568795 ^ _1716_/A (sky130_fd_sc_hd__or2_1)
     1    0.003180    0.031935    0.072606    0.641401 ^ _1716_/X (sky130_fd_sc_hd__or2_1)
                                                         _0843_ (net)
                      0.031935    0.000096    0.641497 ^ _1717_/B1 (sky130_fd_sc_hd__o211a_1)
     1    0.002079    0.023211    0.062505    0.704002 ^ _1717_/X (sky130_fd_sc_hd__o211a_1)
                                                         _0036_ (net)
                      0.023211    0.000058    0.704060 ^ _2108_/D (sky130_fd_sc_hd__dfxtp_1)
                                              0.704060   data arrival time

                                  0.000000    0.000000   clock aclk (rise edge)
                                  0.000000    0.000000   clock source latency
     2    0.029142    0.101726    0.071305    0.071305 ^ aclk (in)
                                                         aclk (net)
                      0.101840    0.000000    0.071305 ^ clkbuf_0_aclk/A (sky130_fd_sc_hd__clkbuf_16)
     9    0.056894    0.057754    0.125173    0.196477 ^ clkbuf_0_aclk/X (sky130_fd_sc_hd__clkbuf_16)
                                                         clknet_0_aclk (net)
                      0.057815    0.001637    0.198114 ^ clkbuf_2_1__f_aclk/A (sky130_fd_sc_hd__clkbuf_16)
    27    0.085072    0.077862    0.126296    0.324410 ^ clkbuf_2_1__f_aclk/X (sky130_fd_sc_hd__clkbuf_16)
                                                         clknet_2_1__leaf_aclk (net)
                      0.078845    0.006890    0.331300 ^ _2108_/CLK (sky130_fd_sc_hd__dfxtp_1)
                                  0.250000    0.581300   clock uncertainty
                                  0.000000    0.581300   clock reconvergence pessimism
                                 -0.015611    0.565689   library hold time
                                              0.565689   data required time
---------------------------------------------------------------------------------------------
                                              0.565689   data required time
                                             -0.704060   data arrival time
---------------------------------------------------------------------------------------------
                                              0.138371   slack (MET)


Startpoint: _2106_ (rising edge-triggered flip-flop clocked by aclk)
Endpoint: _2106_ (rising edge-triggered flip-flop clocked by aclk)
Path Group: aclk
Path Type: min

Fanout         Cap        Slew       Delay        Time   Description
---------------------------------------------------------------------------------------------
                                  0.000000    0.000000   clock aclk (rise edge)
                                  0.000000    0.000000   clock source latency
     2    0.029142    0.101726    0.071305    0.071305 ^ aclk (in)
                                                         aclk (net)
                      0.101840    0.000000    0.071305 ^ clkbuf_0_aclk/A (sky130_fd_sc_hd__clkbuf_16)
     9    0.056894    0.057754    0.125173    0.196477 ^ clkbuf_0_aclk/X (sky130_fd_sc_hd__clkbuf_16)
                                                         clknet_0_aclk (net)
                      0.057815    0.001637    0.198114 ^ clkbuf_2_1__f_aclk/A (sky130_fd_sc_hd__clkbuf_16)
    27    0.085072    0.077862    0.126296    0.324410 ^ clkbuf_2_1__f_aclk/X (sky130_fd_sc_hd__clkbuf_16)
                                                         clknet_2_1__leaf_aclk (net)
                      0.078001    0.002708    0.327118 ^ _2106_/CLK (sky130_fd_sc_hd__dfxtp_1)
     4    0.018714    0.136224    0.273670    0.600788 ^ _2106_/Q (sky130_fd_sc_hd__dfxtp_1)
                                                         net28 (net)
                      0.136224    0.000341    0.601129 ^ _1654_/A1 (sky130_fd_sc_hd__o211a_1)
     1    0.003015    0.028252    0.102283    0.703411 ^ _1654_/X (sky130_fd_sc_hd__o211a_1)
                                                         _0034_ (net)
                      0.028252    0.000093    0.703504 ^ _2106_/D (sky130_fd_sc_hd__dfxtp_1)
                                              0.703504   data arrival time

                                  0.000000    0.000000   clock aclk (rise edge)
                                  0.000000    0.000000   clock source latency
     2    0.029142    0.101726    0.071305    0.071305 ^ aclk (in)
                                                         aclk (net)
                      0.101840    0.000000    0.071305 ^ clkbuf_0_aclk/A (sky130_fd_sc_hd__clkbuf_16)
     9    0.056894    0.057754    0.125173    0.196477 ^ clkbuf_0_aclk/X (sky130_fd_sc_hd__clkbuf_16)
                                                         clknet_0_aclk (net)
                      0.057815    0.001637    0.198114 ^ clkbuf_2_1__f_aclk/A (sky130_fd_sc_hd__clkbuf_16)
    27    0.085072    0.077862    0.126296    0.324410 ^ clkbuf_2_1__f_aclk/X (sky130_fd_sc_hd__clkbuf_16)
                                                         clknet_2_1__leaf_aclk (net)
                      0.078001    0.002708    0.327118 ^ _2106_/CLK (sky130_fd_sc_hd__dfxtp_1)
                                  0.250000    0.577118   clock uncertainty
                                  0.000000    0.577118   clock reconvergence pessimism
                                 -0.015985    0.561133   library hold time
                                              0.561133   data required time
---------------------------------------------------------------------------------------------
                                              0.561133   data required time
                                             -0.703504   data arrival time
---------------------------------------------------------------------------------------------
                                              0.142371   slack (MET)


Startpoint: _2119_ (rising edge-triggered flip-flop clocked by aclk)
Endpoint: _2119_ (rising edge-triggered flip-flop clocked by aclk)
Path Group: aclk
Path Type: min

Fanout         Cap        Slew       Delay        Time   Description
---------------------------------------------------------------------------------------------
                                  0.000000    0.000000   clock aclk (rise edge)
                                  0.000000    0.000000   clock source latency
     2    0.029142    0.101726    0.071305    0.071305 ^ aclk (in)
                                                         aclk (net)
                      0.101840    0.000000    0.071305 ^ clkbuf_0_aclk/A (sky130_fd_sc_hd__clkbuf_16)
     9    0.056894    0.057754    0.125173    0.196477 ^ clkbuf_0_aclk/X (sky130_fd_sc_hd__clkbuf_16)
                                                         clknet_0_aclk (net)
                      0.057804    0.001505    0.197982 ^ clkbuf_2_3__f_aclk/A (sky130_fd_sc_hd__clkbuf_16)
    27    0.088672    0.080658    0.130212    0.328194 ^ clkbuf_2_3__f_aclk/X (sky130_fd_sc_hd__clkbuf_16)
                                                         clknet_2_3__leaf_aclk (net)
                      0.080871    0.003319    0.331514 ^ _2119_/CLK (sky130_fd_sc_hd__dfxtp_1)
     5    0.019465    0.141350    0.278033    0.609547 ^ _2119_/Q (sky130_fd_sc_hd__dfxtp_1)
                                                         net43 (net)
                      0.141350    0.000514    0.610060 ^ _2055_/A1 (sky130_fd_sc_hd__o211a_1)
     1    0.002993    0.028086    0.102502    0.712562 ^ _2055_/X (sky130_fd_sc_hd__o211a_1)
                                                         _0047_ (net)
                      0.028086    0.000094    0.712657 ^ _2119_/D (sky130_fd_sc_hd__dfxtp_1)
                                              0.712657   data arrival time

                                  0.000000    0.000000   clock aclk (rise edge)
                                  0.000000    0.000000   clock source latency
     2    0.029142    0.101726    0.071305    0.071305 ^ aclk (in)
                                                         aclk (net)
                      0.101840    0.000000    0.071305 ^ clkbuf_0_aclk/A (sky130_fd_sc_hd__clkbuf_16)
     9    0.056894    0.057754    0.125173    0.196477 ^ clkbuf_0_aclk/X (sky130_fd_sc_hd__clkbuf_16)
                                                         clknet_0_aclk (net)
                      0.057804    0.001505    0.197982 ^ clkbuf_2_3__f_aclk/A (sky130_fd_sc_hd__clkbuf_16)
    27    0.088672    0.080658    0.130212    0.328194 ^ clkbuf_2_3__f_aclk/X (sky130_fd_sc_hd__clkbuf_16)
                                                         clknet_2_3__leaf_aclk (net)
                      0.080871    0.003319    0.331514 ^ _2119_/CLK (sky130_fd_sc_hd__dfxtp_1)
                                  0.250000    0.581514   clock uncertainty
                                  0.000000    0.581514   clock reconvergence pessimism
                                 -0.015905    0.565608   library hold time
                                              0.565608   data required time
---------------------------------------------------------------------------------------------
                                              0.565608   data required time
                                             -0.712657   data arrival time
---------------------------------------------------------------------------------------------
                                              0.147048   slack (MET)


Startpoint: _2096_ (rising edge-triggered flip-flop clocked by aclk)
Endpoint: _2096_ (rising edge-triggered flip-flop clocked by aclk)
Path Group: aclk
Path Type: min

Fanout         Cap        Slew       Delay        Time   Description
---------------------------------------------------------------------------------------------
                                  0.000000    0.000000   clock aclk (rise edge)
                                  0.000000    0.000000   clock source latency
     2    0.029142    0.101726    0.071305    0.071305 ^ aclk (in)
                                                         aclk (net)
                      0.101840    0.000000    0.071305 ^ clkbuf_0_aclk/A (sky130_fd_sc_hd__clkbuf_16)
     9    0.056894    0.057754    0.125173    0.196477 ^ clkbuf_0_aclk/X (sky130_fd_sc_hd__clkbuf_16)
                                                         clknet_0_aclk (net)
                      0.057800    0.001449    0.197927 ^ clkbuf_2_2__f_aclk/A (sky130_fd_sc_hd__clkbuf_16)
    19    0.069267    0.066315    0.120107    0.318034 ^ clkbuf_2_2__f_aclk/X (sky130_fd_sc_hd__clkbuf_16)
                                                         clknet_2_2__leaf_aclk (net)
                      0.066462    0.002122    0.320156 ^ _2096_/CLK (sky130_fd_sc_hd__dfxtp_1)
     4    0.013128    0.098078    0.244077    0.564233 ^ _2096_/Q (sky130_fd_sc_hd__dfxtp_1)
                                                         net49 (net)
                      0.098078    0.000276    0.564509 ^ _1250_/A (sky130_fd_sc_hd__or2_1)
     1    0.003102    0.031697    0.074673    0.639182 ^ _1250_/X (sky130_fd_sc_hd__or2_1)
                                                         _0389_ (net)
                      0.031697    0.000066    0.639248 ^ _1251_/B1 (sky130_fd_sc_hd__o211a_1)
     1    0.002592    0.025911    0.064988    0.704236 ^ _1251_/X (sky130_fd_sc_hd__o211a_1)
                                                         _0024_ (net)
                      0.025911    0.000076    0.704312 ^ _2096_/D (sky130_fd_sc_hd__dfxtp_1)
                                              0.704312   data arrival time

                                  0.000000    0.000000   clock aclk (rise edge)
                                  0.000000    0.000000   clock source latency
     2    0.029142    0.101726    0.071305    0.071305 ^ aclk (in)
                                                         aclk (net)
                      0.101840    0.000000    0.071305 ^ clkbuf_0_aclk/A (sky130_fd_sc_hd__clkbuf_16)
     9    0.056894    0.057754    0.125173    0.196477 ^ clkbuf_0_aclk/X (sky130_fd_sc_hd__clkbuf_16)
                                                         clknet_0_aclk (net)
                      0.057800    0.001449    0.197927 ^ clkbuf_2_2__f_aclk/A (sky130_fd_sc_hd__clkbuf_16)
    19    0.069267    0.066315    0.120107    0.318034 ^ clkbuf_2_2__f_aclk/X (sky130_fd_sc_hd__clkbuf_16)
                                                         clknet_2_2__leaf_aclk (net)
                      0.066462    0.002122    0.320156 ^ _2096_/CLK (sky130_fd_sc_hd__dfxtp_1)
                                  0.250000    0.570157   clock uncertainty
                                  0.000000    0.570157   clock reconvergence pessimism
                                 -0.016095    0.554061   library hold time
                                              0.554061   data required time
---------------------------------------------------------------------------------------------
                                              0.554061   data required time
                                             -0.704312   data arrival time
---------------------------------------------------------------------------------------------
                                              0.150251   slack (MET)


Startpoint: _2095_ (rising edge-triggered flip-flop clocked by aclk)
Endpoint: _2095_ (rising edge-triggered flip-flop clocked by aclk)
Path Group: aclk
Path Type: min

Fanout         Cap        Slew       Delay        Time   Description
---------------------------------------------------------------------------------------------
                                  0.000000    0.000000   clock aclk (rise edge)
                                  0.000000    0.000000   clock source latency
     2    0.029142    0.101726    0.071305    0.071305 ^ aclk (in)
                                                         aclk (net)
                      0.101840    0.000000    0.071305 ^ clkbuf_0_aclk/A (sky130_fd_sc_hd__clkbuf_16)
     9    0.056894    0.057754    0.125173    0.196477 ^ clkbuf_0_aclk/X (sky130_fd_sc_hd__clkbuf_16)
                                                         clknet_0_aclk (net)
                      0.057800    0.001449    0.197927 ^ clkbuf_2_2__f_aclk/A (sky130_fd_sc_hd__clkbuf_16)
    19    0.069267    0.066315    0.120107    0.318034 ^ clkbuf_2_2__f_aclk/X (sky130_fd_sc_hd__clkbuf_16)
                                                         clknet_2_2__leaf_aclk (net)
                      0.066468    0.002175    0.320209 ^ _2095_/CLK (sky130_fd_sc_hd__dfxtp_1)
     4    0.013383    0.099841    0.245186    0.565395 ^ _2095_/Q (sky130_fd_sc_hd__dfxtp_1)
                                                         net48 (net)
                      0.099841    0.000304    0.565699 ^ _1210_/A (sky130_fd_sc_hd__or2_1)
     1    0.002823    0.030060    0.073577    0.639277 ^ _1210_/X (sky130_fd_sc_hd__or2_1)
                                                         _0350_ (net)
                      0.030060    0.000081    0.639358 ^ _1211_/B1 (sky130_fd_sc_hd__o211a_1)
     1    0.002790    0.026977    0.065622    0.704980 ^ _1211_/X (sky130_fd_sc_hd__o211a_1)
                                                         _0023_ (net)
                      0.026977    0.000063    0.705043 ^ _2095_/D (sky130_fd_sc_hd__dfxtp_1)
                                              0.705043   data arrival time

                                  0.000000    0.000000   clock aclk (rise edge)
                                  0.000000    0.000000   clock source latency
     2    0.029142    0.101726    0.071305    0.071305 ^ aclk (in)
                                                         aclk (net)
                      0.101840    0.000000    0.071305 ^ clkbuf_0_aclk/A (sky130_fd_sc_hd__clkbuf_16)
     9    0.056894    0.057754    0.125173    0.196477 ^ clkbuf_0_aclk/X (sky130_fd_sc_hd__clkbuf_16)
                                                         clknet_0_aclk (net)
                      0.057800    0.001449    0.197927 ^ clkbuf_2_2__f_aclk/A (sky130_fd_sc_hd__clkbuf_16)
    19    0.069267    0.066315    0.120107    0.318034 ^ clkbuf_2_2__f_aclk/X (sky130_fd_sc_hd__clkbuf_16)
                                                         clknet_2_2__leaf_aclk (net)
                      0.066468    0.002175    0.320209 ^ _2095_/CLK (sky130_fd_sc_hd__dfxtp_1)
                                  0.250000    0.570209   clock uncertainty
                                  0.000000    0.570209   clock reconvergence pessimism
                                 -0.016170    0.554038   library hold time
                                              0.554038   data required time
---------------------------------------------------------------------------------------------
                                              0.554038   data required time
                                             -0.705043   data arrival time
---------------------------------------------------------------------------------------------
                                              0.151004   slack (MET)


Startpoint: _2104_ (rising edge-triggered flip-flop clocked by aclk)
Endpoint: _2104_ (rising edge-triggered flip-flop clocked by aclk)
Path Group: aclk
Path Type: min

Fanout         Cap        Slew       Delay        Time   Description
---------------------------------------------------------------------------------------------
                                  0.000000    0.000000   clock aclk (rise edge)
                                  0.000000    0.000000   clock source latency
     2    0.029142    0.101726    0.071305    0.071305 ^ aclk (in)
                                                         aclk (net)
                      0.101840    0.000000    0.071305 ^ clkbuf_0_aclk/A (sky130_fd_sc_hd__clkbuf_16)
     9    0.056894    0.057754    0.125173    0.196477 ^ clkbuf_0_aclk/X (sky130_fd_sc_hd__clkbuf_16)
                                                         clknet_0_aclk (net)
                      0.057804    0.001505    0.197982 ^ clkbuf_2_3__f_aclk/A (sky130_fd_sc_hd__clkbuf_16)
    27    0.088672    0.080658    0.130212    0.328194 ^ clkbuf_2_3__f_aclk/X (sky130_fd_sc_hd__clkbuf_16)
                                                         clknet_2_3__leaf_aclk (net)
                      0.080873    0.003335    0.331530 ^ _2104_/CLK (sky130_fd_sc_hd__dfxtp_1)
     4    0.019830    0.143838    0.279809    0.611339 ^ _2104_/Q (sky130_fd_sc_hd__dfxtp_1)
                                                         net26 (net)
                      0.143838    0.000354    0.611693 ^ _1588_/A1 (sky130_fd_sc_hd__o221a_1)
     1    0.002212    0.030380    0.106410    0.718103 ^ _1588_/X (sky130_fd_sc_hd__o221a_1)
                                                         _0032_ (net)
                      0.030380    0.000064    0.718167 ^ _2104_/D (sky130_fd_sc_hd__dfxtp_1)
                                              0.718167   data arrival time

                                  0.000000    0.000000   clock aclk (rise edge)
                                  0.000000    0.000000   clock source latency
     2    0.029142    0.101726    0.071305    0.071305 ^ aclk (in)
                                                         aclk (net)
                      0.101840    0.000000    0.071305 ^ clkbuf_0_aclk/A (sky130_fd_sc_hd__clkbuf_16)
     9    0.056894    0.057754    0.125173    0.196477 ^ clkbuf_0_aclk/X (sky130_fd_sc_hd__clkbuf_16)
                                                         clknet_0_aclk (net)
                      0.057804    0.001505    0.197982 ^ clkbuf_2_3__f_aclk/A (sky130_fd_sc_hd__clkbuf_16)
    27    0.088672    0.080658    0.130212    0.328194 ^ clkbuf_2_3__f_aclk/X (sky130_fd_sc_hd__clkbuf_16)
                                                         clknet_2_3__leaf_aclk (net)
                      0.080873    0.003335    0.331530 ^ _2104_/CLK (sky130_fd_sc_hd__dfxtp_1)
                                  0.250000    0.581530   clock uncertainty
                                  0.000000    0.581530   clock reconvergence pessimism
                                 -0.016066    0.565463   library hold time
                                              0.565463   data required time
---------------------------------------------------------------------------------------------
                                              0.565463   data required time
                                             -0.718167   data arrival time
---------------------------------------------------------------------------------------------
                                              0.152703   slack (MET)


Startpoint: _2109_ (rising edge-triggered flip-flop clocked by aclk)
Endpoint: _2109_ (rising edge-triggered flip-flop clocked by aclk)
Path Group: aclk
Path Type: min

Fanout         Cap        Slew       Delay        Time   Description
---------------------------------------------------------------------------------------------
                                  0.000000    0.000000   clock aclk (rise edge)
                                  0.000000    0.000000   clock source latency
     2    0.029142    0.101726    0.071305    0.071305 ^ aclk (in)
                                                         aclk (net)
                      0.101840    0.000000    0.071305 ^ clkbuf_0_aclk/A (sky130_fd_sc_hd__clkbuf_16)
     9    0.056894    0.057754    0.125173    0.196477 ^ clkbuf_0_aclk/X (sky130_fd_sc_hd__clkbuf_16)
                                                         clknet_0_aclk (net)
                      0.057815    0.001637    0.198114 ^ clkbuf_2_1__f_aclk/A (sky130_fd_sc_hd__clkbuf_16)
    27    0.085072    0.077862    0.126296    0.324410 ^ clkbuf_2_1__f_aclk/X (sky130_fd_sc_hd__clkbuf_16)
                                                         clknet_2_1__leaf_aclk (net)
                      0.079046    0.007557    0.331967 ^ _2109_/CLK (sky130_fd_sc_hd__dfxtp_1)
     4    0.012379    0.092938    0.243811    0.575778 ^ _2109_/Q (sky130_fd_sc_hd__dfxtp_1)
                                                         net32 (net)
                      0.092938    0.000233    0.576012 ^ _1751_/A (sky130_fd_sc_hd__or2_1)
     1    0.004145    0.038048    0.078859    0.654871 ^ _1751_/X (sky130_fd_sc_hd__or2_1)
                                                         _0877_ (net)
                      0.038048    0.000173    0.655044 ^ _1752_/B1 (sky130_fd_sc_hd__o211a_1)
     1    0.002314    0.024458    0.064975    0.720019 ^ _1752_/X (sky130_fd_sc_hd__o211a_1)
                                                         _0037_ (net)
                      0.024458    0.000067    0.720086 ^ _2109_/D (sky130_fd_sc_hd__dfxtp_1)
                                              0.720086   data arrival time

                                  0.000000    0.000000   clock aclk (rise edge)
                                  0.000000    0.000000   clock source latency
     2    0.029142    0.101726    0.071305    0.071305 ^ aclk (in)
                                                         aclk (net)
                      0.101840    0.000000    0.071305 ^ clkbuf_0_aclk/A (sky130_fd_sc_hd__clkbuf_16)
     9    0.056894    0.057754    0.125173    0.196477 ^ clkbuf_0_aclk/X (sky130_fd_sc_hd__clkbuf_16)
                                                         clknet_0_aclk (net)
                      0.057815    0.001637    0.198114 ^ clkbuf_2_1__f_aclk/A (sky130_fd_sc_hd__clkbuf_16)
    27    0.085072    0.077862    0.126296    0.324410 ^ clkbuf_2_1__f_aclk/X (sky130_fd_sc_hd__clkbuf_16)
                                                         clknet_2_1__leaf_aclk (net)
                      0.079046    0.007557    0.331967 ^ _2109_/CLK (sky130_fd_sc_hd__dfxtp_1)
                                  0.250000    0.581967   clock uncertainty
                                  0.000000    0.581967   clock reconvergence pessimism
                                 -0.015694    0.566273   library hold time
                                              0.566273   data required time
---------------------------------------------------------------------------------------------
                                              0.566273   data required time
                                             -0.720086   data arrival time
---------------------------------------------------------------------------------------------
                                              0.153813   slack (MET)


Startpoint: _2113_ (rising edge-triggered flip-flop clocked by aclk)
Endpoint: _2113_ (rising edge-triggered flip-flop clocked by aclk)
Path Group: aclk
Path Type: min

Fanout         Cap        Slew       Delay        Time   Description
---------------------------------------------------------------------------------------------
                                  0.000000    0.000000   clock aclk (rise edge)
                                  0.000000    0.000000   clock source latency
     2    0.029142    0.101726    0.071305    0.071305 ^ aclk (in)
                                                         aclk (net)
                      0.101840    0.000000    0.071305 ^ clkbuf_0_aclk/A (sky130_fd_sc_hd__clkbuf_16)
     9    0.056894    0.057754    0.125173    0.196477 ^ clkbuf_0_aclk/X (sky130_fd_sc_hd__clkbuf_16)
                                                         clknet_0_aclk (net)
                      0.057815    0.001637    0.198114 ^ clkbuf_2_1__f_aclk/A (sky130_fd_sc_hd__clkbuf_16)
    27    0.085072    0.077862    0.126296    0.324410 ^ clkbuf_2_1__f_aclk/X (sky130_fd_sc_hd__clkbuf_16)
                                                         clknet_2_1__leaf_aclk (net)
                      0.079492    0.008880    0.333289 ^ _2113_/CLK (sky130_fd_sc_hd__dfxtp_1)
     4    0.013271    0.099043    0.248103    0.581392 ^ _2113_/Q (sky130_fd_sc_hd__dfxtp_1)
                                                         net36 (net)
                      0.099043    0.000291    0.581683 ^ _1878_/A (sky130_fd_sc_hd__or2_1)
     1    0.003277    0.032754    0.075688    0.657371 ^ _1878_/X (sky130_fd_sc_hd__or2_1)
                                                         _1000_ (net)
                      0.032754    0.000100    0.657472 ^ _1879_/B1 (sky130_fd_sc_hd__o211a_1)
     1    0.002344    0.024591    0.063987    0.721459 ^ _1879_/X (sky130_fd_sc_hd__o211a_1)
                                                         _0041_ (net)
                      0.024591    0.000067    0.721526 ^ _2113_/D (sky130_fd_sc_hd__dfxtp_1)
                                              0.721526   data arrival time

                                  0.000000    0.000000   clock aclk (rise edge)
                                  0.000000    0.000000   clock source latency
     2    0.029142    0.101726    0.071305    0.071305 ^ aclk (in)
                                                         aclk (net)
                      0.101840    0.000000    0.071305 ^ clkbuf_0_aclk/A (sky130_fd_sc_hd__clkbuf_16)
     9    0.056894    0.057754    0.125173    0.196477 ^ clkbuf_0_aclk/X (sky130_fd_sc_hd__clkbuf_16)
                                                         clknet_0_aclk (net)
                      0.057815    0.001637    0.198114 ^ clkbuf_2_1__f_aclk/A (sky130_fd_sc_hd__clkbuf_16)
    27    0.085072    0.077862    0.126296    0.324410 ^ clkbuf_2_1__f_aclk/X (sky130_fd_sc_hd__clkbuf_16)
                                                         clknet_2_1__leaf_aclk (net)
                      0.079492    0.008880    0.333289 ^ _2113_/CLK (sky130_fd_sc_hd__dfxtp_1)
                                  0.250000    0.583290   clock uncertainty
                                  0.000000    0.583290   clock reconvergence pessimism
                                 -0.015692    0.567597   library hold time
                                              0.567597   data required time
---------------------------------------------------------------------------------------------
                                              0.567597   data required time
                                             -0.721526   data arrival time
---------------------------------------------------------------------------------------------
                                              0.153929   slack (MET)


Startpoint: _2107_ (rising edge-triggered flip-flop clocked by aclk)
Endpoint: _2107_ (rising edge-triggered flip-flop clocked by aclk)
Path Group: aclk
Path Type: min

Fanout         Cap        Slew       Delay        Time   Description
---------------------------------------------------------------------------------------------
                                  0.000000    0.000000   clock aclk (rise edge)
                                  0.000000    0.000000   clock source latency
     2    0.029142    0.101726    0.071305    0.071305 ^ aclk (in)
                                                         aclk (net)
                      0.101840    0.000000    0.071305 ^ clkbuf_0_aclk/A (sky130_fd_sc_hd__clkbuf_16)
     9    0.056894    0.057754    0.125173    0.196477 ^ clkbuf_0_aclk/X (sky130_fd_sc_hd__clkbuf_16)
                                                         clknet_0_aclk (net)
                      0.057815    0.001637    0.198114 ^ clkbuf_2_1__f_aclk/A (sky130_fd_sc_hd__clkbuf_16)
    27    0.085072    0.077862    0.126296    0.324410 ^ clkbuf_2_1__f_aclk/X (sky130_fd_sc_hd__clkbuf_16)
                                                         clknet_2_1__leaf_aclk (net)
                      0.078030    0.002962    0.327372 ^ _2107_/CLK (sky130_fd_sc_hd__dfxtp_1)
     4    0.014009    0.104097    0.251161    0.578532 ^ _2107_/Q (sky130_fd_sc_hd__dfxtp_1)
                                                         net29 (net)
                      0.104097    0.000311    0.578843 ^ _1686_/A (sky130_fd_sc_hd__or2_1)
     1    0.003005    0.031208    0.075198    0.654041 ^ _1686_/X (sky130_fd_sc_hd__or2_1)
                                                         _0814_ (net)
                      0.031210    0.000090    0.654131 ^ _1687_/B1 (sky130_fd_sc_hd__o211a_1)
     1    0.001976    0.022670    0.061838    0.715969 ^ _1687_/X (sky130_fd_sc_hd__o211a_1)
                                                         _0035_ (net)
                      0.022670    0.000056    0.716025 ^ _2107_/D (sky130_fd_sc_hd__dfxtp_1)
                                              0.716025   data arrival time

                                  0.000000    0.000000   clock aclk (rise edge)
                                  0.000000    0.000000   clock source latency
     2    0.029142    0.101726    0.071305    0.071305 ^ aclk (in)
                                                         aclk (net)
                      0.101840    0.000000    0.071305 ^ clkbuf_0_aclk/A (sky130_fd_sc_hd__clkbuf_16)
     9    0.056894    0.057754    0.125173    0.196477 ^ clkbuf_0_aclk/X (sky130_fd_sc_hd__clkbuf_16)
                                                         clknet_0_aclk (net)
                      0.057815    0.001637    0.198114 ^ clkbuf_2_1__f_aclk/A (sky130_fd_sc_hd__clkbuf_16)
    27    0.085072    0.077862    0.126296    0.324410 ^ clkbuf_2_1__f_aclk/X (sky130_fd_sc_hd__clkbuf_16)
                                                         clknet_2_1__leaf_aclk (net)
                      0.078030    0.002962    0.327372 ^ _2107_/CLK (sky130_fd_sc_hd__dfxtp_1)
                                  0.250000    0.577372   clock uncertainty
                                  0.000000    0.577372   clock reconvergence pessimism
                                 -0.015592    0.561780   library hold time
                                              0.561780   data required time
---------------------------------------------------------------------------------------------
                                              0.561780   data required time
                                             -0.716025   data arrival time
---------------------------------------------------------------------------------------------
                                              0.154245   slack (MET)


Startpoint: _2117_ (rising edge-triggered flip-flop clocked by aclk)
Endpoint: _2117_ (rising edge-triggered flip-flop clocked by aclk)
Path Group: aclk
Path Type: min

Fanout         Cap        Slew       Delay        Time   Description
---------------------------------------------------------------------------------------------
                                  0.000000    0.000000   clock aclk (rise edge)
                                  0.000000    0.000000   clock source latency
     2    0.029142    0.101726    0.071305    0.071305 ^ aclk (in)
                                                         aclk (net)
                      0.101840    0.000000    0.071305 ^ clkbuf_0_aclk/A (sky130_fd_sc_hd__clkbuf_16)
     9    0.056894    0.057754    0.125173    0.196477 ^ clkbuf_0_aclk/X (sky130_fd_sc_hd__clkbuf_16)
                                                         clknet_0_aclk (net)
                      0.057804    0.001505    0.197982 ^ clkbuf_2_3__f_aclk/A (sky130_fd_sc_hd__clkbuf_16)
    27    0.088672    0.080658    0.130212    0.328194 ^ clkbuf_2_3__f_aclk/X (sky130_fd_sc_hd__clkbuf_16)
                                                         clknet_2_3__leaf_aclk (net)
                      0.080800    0.002726    0.330920 ^ _2117_/CLK (sky130_fd_sc_hd__dfxtp_1)
     4    0.014221    0.105537    0.252914    0.583834 ^ _2117_/Q (sky130_fd_sc_hd__dfxtp_1)
                                                         net40 (net)
                      0.105537    0.000303    0.584137 ^ _1997_/A (sky130_fd_sc_hd__or2_1)
     1    0.002877    0.030479    0.074814    0.658950 ^ _1997_/X (sky130_fd_sc_hd__or2_1)
                                                         _0129_ (net)
                      0.030479    0.000059    0.659010 ^ _1998_/B1 (sky130_fd_sc_hd__o211a_1)
     1    0.002205    0.023856    0.062810    0.721820 ^ _1998_/X (sky130_fd_sc_hd__o211a_1)
                                                         _0045_ (net)
                      0.023856    0.000063    0.721883 ^ _2117_/D (sky130_fd_sc_hd__dfxtp_1)
                                              0.721883   data arrival time

                                  0.000000    0.000000   clock aclk (rise edge)
                                  0.000000    0.000000   clock source latency
     2    0.029142    0.101726    0.071305    0.071305 ^ aclk (in)
                                                         aclk (net)
                      0.101840    0.000000    0.071305 ^ clkbuf_0_aclk/A (sky130_fd_sc_hd__clkbuf_16)
     9    0.056894    0.057754    0.125173    0.196477 ^ clkbuf_0_aclk/X (sky130_fd_sc_hd__clkbuf_16)
                                                         clknet_0_aclk (net)
                      0.057804    0.001505    0.197982 ^ clkbuf_2_3__f_aclk/A (sky130_fd_sc_hd__clkbuf_16)
    27    0.088672    0.080658    0.130212    0.328194 ^ clkbuf_2_3__f_aclk/X (sky130_fd_sc_hd__clkbuf_16)
                                                         clknet_2_3__leaf_aclk (net)
                      0.080800    0.002726    0.330920 ^ _2117_/CLK (sky130_fd_sc_hd__dfxtp_1)
                                  0.250000    0.580920   clock uncertainty
                                  0.000000    0.580920   clock reconvergence pessimism
                                 -0.015610    0.565311   library hold time
                                              0.565311   data required time
---------------------------------------------------------------------------------------------
                                              0.565311   data required time
                                             -0.721883   data arrival time
---------------------------------------------------------------------------------------------
                                              0.156572   slack (MET)


Startpoint: _2111_ (rising edge-triggered flip-flop clocked by aclk)
Endpoint: _2111_ (rising edge-triggered flip-flop clocked by aclk)
Path Group: aclk
Path Type: min

Fanout         Cap        Slew       Delay        Time   Description
---------------------------------------------------------------------------------------------
                                  0.000000    0.000000   clock aclk (rise edge)
                                  0.000000    0.000000   clock source latency
     2    0.029142    0.101726    0.071305    0.071305 ^ aclk (in)
                                                         aclk (net)
                      0.101840    0.000000    0.071305 ^ clkbuf_0_aclk/A (sky130_fd_sc_hd__clkbuf_16)
     9    0.056894    0.057754    0.125173    0.196477 ^ clkbuf_0_aclk/X (sky130_fd_sc_hd__clkbuf_16)
                                                         clknet_0_aclk (net)
                      0.057815    0.001637    0.198114 ^ clkbuf_2_1__f_aclk/A (sky130_fd_sc_hd__clkbuf_16)
    27    0.085072    0.077862    0.126296    0.324410 ^ clkbuf_2_1__f_aclk/X (sky130_fd_sc_hd__clkbuf_16)
                                                         clknet_2_1__leaf_aclk (net)
                      0.079254    0.008199    0.332609 ^ _2111_/CLK (sky130_fd_sc_hd__dfxtp_1)
     4    0.013244    0.098850    0.247970    0.580579 ^ _2111_/Q (sky130_fd_sc_hd__dfxtp_1)
                                                         net34 (net)
                      0.098850    0.000192    0.580771 ^ _1815_/A (sky130_fd_sc_hd__or2_1)
     1    0.003641    0.034949    0.077465    0.658236 ^ _1815_/X (sky130_fd_sc_hd__or2_1)
                                                         _0939_ (net)
                      0.034949    0.000109    0.658345 ^ _1816_/B1 (sky130_fd_sc_hd__o211a_1)
     1    0.002483    0.025339    0.065146    0.723491 ^ _1816_/X (sky130_fd_sc_hd__o211a_1)
                                                         _0039_ (net)
                      0.025339    0.000071    0.723562 ^ _2111_/D (sky130_fd_sc_hd__dfxtp_1)
                                              0.723562   data arrival time

                                  0.000000    0.000000   clock aclk (rise edge)
                                  0.000000    0.000000   clock source latency
     2    0.029142    0.101726    0.071305    0.071305 ^ aclk (in)
                                                         aclk (net)
                      0.101840    0.000000    0.071305 ^ clkbuf_0_aclk/A (sky130_fd_sc_hd__clkbuf_16)
     9    0.056894    0.057754    0.125173    0.196477 ^ clkbuf_0_aclk/X (sky130_fd_sc_hd__clkbuf_16)
                                                         clknet_0_aclk (net)
                      0.057815    0.001637    0.198114 ^ clkbuf_2_1__f_aclk/A (sky130_fd_sc_hd__clkbuf_16)
    27    0.085072    0.077862    0.126296    0.324410 ^ clkbuf_2_1__f_aclk/X (sky130_fd_sc_hd__clkbuf_16)
                                                         clknet_2_1__leaf_aclk (net)
                      0.079254    0.008199    0.332609 ^ _2111_/CLK (sky130_fd_sc_hd__dfxtp_1)
                                  0.250000    0.582609   clock uncertainty
                                  0.000000    0.582609   clock reconvergence pessimism
                                 -0.015751    0.566858   library hold time
                                              0.566858   data required time
---------------------------------------------------------------------------------------------
                                              0.566858   data required time
                                             -0.723562   data arrival time
---------------------------------------------------------------------------------------------
                                              0.156704   slack (MET)


Startpoint: _2072_ (rising edge-triggered flip-flop clocked by aclk)
Endpoint: _2072_ (rising edge-triggered flip-flop clocked by aclk)
Path Group: aclk
Path Type: min

Fanout         Cap        Slew       Delay        Time   Description
---------------------------------------------------------------------------------------------
                                  0.000000    0.000000   clock aclk (rise edge)
                                  0.000000    0.000000   clock source latency
     2    0.029142    0.101726    0.071305    0.071305 ^ aclk (in)
                                                         aclk (net)
                      0.101840    0.000000    0.071305 ^ clkbuf_0_aclk/A (sky130_fd_sc_hd__clkbuf_16)
     9    0.056894    0.057754    0.125173    0.196477 ^ clkbuf_0_aclk/X (sky130_fd_sc_hd__clkbuf_16)
                                                         clknet_0_aclk (net)
                      0.057819    0.001690    0.198167 ^ clkbuf_2_0__f_aclk/A (sky130_fd_sc_hd__clkbuf_16)
    37    0.092803    0.083736    0.132247    0.330414 ^ clkbuf_2_0__f_aclk/X (sky130_fd_sc_hd__clkbuf_16)
                                                         clknet_2_0__leaf_aclk (net)
                      0.083866    0.002674    0.333088 ^ _2072_/CLK (sky130_fd_sc_hd__dfxtp_1)
     3    0.013532    0.100787    0.250620    0.583707 ^ _2072_/Q (sky130_fd_sc_hd__dfxtp_1)
                                                         internal_valid (net)
                      0.100787    0.000171    0.583878 ^ _1039_/B (sky130_fd_sc_hd__and2b_1)
     1    0.003154    0.031565    0.084169    0.668047 ^ _1039_/X (sky130_fd_sc_hd__and2b_1)
                                                         _0202_ (net)
                      0.031565    0.000095    0.668142 ^ _1040_/A2 (sky130_fd_sc_hd__o21a_1)
     1    0.002657    0.027085    0.061271    0.729412 ^ _1040_/X (sky130_fd_sc_hd__o21a_1)
                                                         _0000_ (net)
                      0.027085    0.000079    0.729492 ^ _2072_/D (sky130_fd_sc_hd__dfxtp_1)
                                              0.729492   data arrival time

                                  0.000000    0.000000   clock aclk (rise edge)
                                  0.000000    0.000000   clock source latency
     2    0.029142    0.101726    0.071305    0.071305 ^ aclk (in)
                                                         aclk (net)
                      0.101840    0.000000    0.071305 ^ clkbuf_0_aclk/A (sky130_fd_sc_hd__clkbuf_16)
     9    0.056894    0.057754    0.125173    0.196477 ^ clkbuf_0_aclk/X (sky130_fd_sc_hd__clkbuf_16)
                                                         clknet_0_aclk (net)
                      0.057819    0.001690    0.198167 ^ clkbuf_2_0__f_aclk/A (sky130_fd_sc_hd__clkbuf_16)
    37    0.092803    0.083736    0.132247    0.330414 ^ clkbuf_2_0__f_aclk/X (sky130_fd_sc_hd__clkbuf_16)
                                                         clknet_2_0__leaf_aclk (net)
                      0.083866    0.002674    0.333088 ^ _2072_/CLK (sky130_fd_sc_hd__dfxtp_1)
                                  0.250000    0.583088   clock uncertainty
                                  0.000000    0.583088   clock reconvergence pessimism
                                 -0.015763    0.567324   library hold time
                                              0.567324   data required time
---------------------------------------------------------------------------------------------
                                              0.567324   data required time
                                             -0.729492   data arrival time
---------------------------------------------------------------------------------------------
                                              0.162168   slack (MET)


Startpoint: _2093_ (rising edge-triggered flip-flop clocked by aclk)
Endpoint: _2093_ (rising edge-triggered flip-flop clocked by aclk)
Path Group: aclk
Path Type: min

Fanout         Cap        Slew       Delay        Time   Description
---------------------------------------------------------------------------------------------
                                  0.000000    0.000000   clock aclk (rise edge)
                                  0.000000    0.000000   clock source latency
     2    0.029142    0.101726    0.071305    0.071305 ^ aclk (in)
                                                         aclk (net)
                      0.101840    0.000000    0.071305 ^ clkbuf_0_aclk/A (sky130_fd_sc_hd__clkbuf_16)
     9    0.056894    0.057754    0.125173    0.196477 ^ clkbuf_0_aclk/X (sky130_fd_sc_hd__clkbuf_16)
                                                         clknet_0_aclk (net)
                      0.057819    0.001690    0.198167 ^ clkbuf_2_0__f_aclk/A (sky130_fd_sc_hd__clkbuf_16)
    37    0.092803    0.083736    0.132247    0.330414 ^ clkbuf_2_0__f_aclk/X (sky130_fd_sc_hd__clkbuf_16)
                                                         clknet_2_0__leaf_aclk (net)
                      0.083967    0.003528    0.333942 ^ _2093_/CLK (sky130_fd_sc_hd__dfxtp_1)
     4    0.013922    0.103459    0.252474    0.586417 ^ _2093_/Q (sky130_fd_sc_hd__dfxtp_1)
                                                         net46 (net)
                      0.103459    0.000185    0.586601 ^ _1144_/A (sky130_fd_sc_hd__or2_1)
     1    0.004008    0.037302    0.080025    0.666626 ^ _1144_/X (sky130_fd_sc_hd__or2_1)
                                                         _0286_ (net)
                      0.037302    0.000123    0.666749 ^ _1145_/B1 (sky130_fd_sc_hd__o211a_1)
     1    0.002112    0.023405    0.063823    0.730571 ^ _1145_/X (sky130_fd_sc_hd__o211a_1)
                                                         _0021_ (net)
                      0.023405    0.000043    0.730614 ^ _2093_/D (sky130_fd_sc_hd__dfxtp_1)
                                              0.730614   data arrival time

                                  0.000000    0.000000   clock aclk (rise edge)
                                  0.000000    0.000000   clock source latency
     2    0.029142    0.101726    0.071305    0.071305 ^ aclk (in)
                                                         aclk (net)
                      0.101840    0.000000    0.071305 ^ clkbuf_0_aclk/A (sky130_fd_sc_hd__clkbuf_16)
     9    0.056894    0.057754    0.125173    0.196477 ^ clkbuf_0_aclk/X (sky130_fd_sc_hd__clkbuf_16)
                                                         clknet_0_aclk (net)
                      0.057819    0.001690    0.198167 ^ clkbuf_2_0__f_aclk/A (sky130_fd_sc_hd__clkbuf_16)
    37    0.092803    0.083736    0.132247    0.330414 ^ clkbuf_2_0__f_aclk/X (sky130_fd_sc_hd__clkbuf_16)
                                                         clknet_2_0__leaf_aclk (net)
                      0.083967    0.003528    0.333942 ^ _2093_/CLK (sky130_fd_sc_hd__dfxtp_1)
                                  0.250000    0.583942   clock uncertainty
                                  0.000000    0.583942   clock reconvergence pessimism
                                 -0.015503    0.568440   library hold time
                                              0.568440   data required time
---------------------------------------------------------------------------------------------
                                              0.568440   data required time
                                             -0.730614   data arrival time
---------------------------------------------------------------------------------------------
                                              0.162175   slack (MET)


Startpoint: _2105_ (rising edge-triggered flip-flop clocked by aclk)
Endpoint: _2105_ (rising edge-triggered flip-flop clocked by aclk)
Path Group: aclk
Path Type: min

Fanout         Cap        Slew       Delay        Time   Description
---------------------------------------------------------------------------------------------
                                  0.000000    0.000000   clock aclk (rise edge)
                                  0.000000    0.000000   clock source latency
     2    0.029142    0.101726    0.071305    0.071305 ^ aclk (in)
                                                         aclk (net)
                      0.101840    0.000000    0.071305 ^ clkbuf_0_aclk/A (sky130_fd_sc_hd__clkbuf_16)
     9    0.056894    0.057754    0.125173    0.196477 ^ clkbuf_0_aclk/X (sky130_fd_sc_hd__clkbuf_16)
                                                         clknet_0_aclk (net)
                      0.057804    0.001505    0.197982 ^ clkbuf_2_3__f_aclk/A (sky130_fd_sc_hd__clkbuf_16)
    27    0.088672    0.080658    0.130212    0.328194 ^ clkbuf_2_3__f_aclk/X (sky130_fd_sc_hd__clkbuf_16)
                                                         clknet_2_3__leaf_aclk (net)
                      0.080711    0.001695    0.329889 ^ _2105_/CLK (sky130_fd_sc_hd__dfxtp_1)
     4    0.019280    0.140077    0.277149    0.607038 ^ _2105_/Q (sky130_fd_sc_hd__dfxtp_1)
                                                         net27 (net)
                      0.140077    0.000247    0.607285 ^ _1623_/A (sky130_fd_sc_hd__or2_1)
     1    0.002908    0.031297    0.078692    0.685977 ^ _1623_/X (sky130_fd_sc_hd__or2_1)
                                                         _0753_ (net)
                      0.031297    0.000084    0.686060 ^ _1624_/B1 (sky130_fd_sc_hd__o211a_1)
     1    0.002576    0.025822    0.064830    0.750890 ^ _1624_/X (sky130_fd_sc_hd__o211a_1)
                                                         _0033_ (net)
                      0.025822    0.000055    0.750946 ^ _2105_/D (sky130_fd_sc_hd__dfxtp_1)
                                              0.750946   data arrival time

                                  0.000000    0.000000   clock aclk (rise edge)
                                  0.000000    0.000000   clock source latency
     2    0.029142    0.101726    0.071305    0.071305 ^ aclk (in)
                                                         aclk (net)
                      0.101840    0.000000    0.071305 ^ clkbuf_0_aclk/A (sky130_fd_sc_hd__clkbuf_16)
     9    0.056894    0.057754    0.125173    0.196477 ^ clkbuf_0_aclk/X (sky130_fd_sc_hd__clkbuf_16)
                                                         clknet_0_aclk (net)
                      0.057804    0.001505    0.197982 ^ clkbuf_2_3__f_aclk/A (sky130_fd_sc_hd__clkbuf_16)
    27    0.088672    0.080658    0.130212    0.328194 ^ clkbuf_2_3__f_aclk/X (sky130_fd_sc_hd__clkbuf_16)
                                                         clknet_2_3__leaf_aclk (net)
                      0.080711    0.001695    0.329889 ^ _2105_/CLK (sky130_fd_sc_hd__dfxtp_1)
                                  0.250000    0.579889   clock uncertainty
                                  0.000000    0.579889   clock reconvergence pessimism
                                 -0.015750    0.564139   library hold time
                                              0.564139   data required time
---------------------------------------------------------------------------------------------
                                              0.564139   data required time
                                             -0.750946   data arrival time
---------------------------------------------------------------------------------------------
                                              0.186806   slack (MET)


Startpoint: _2087_ (rising edge-triggered flip-flop clocked by aclk)
Endpoint: _2087_ (rising edge-triggered flip-flop clocked by aclk)
Path Group: aclk
Path Type: min

Fanout         Cap        Slew       Delay        Time   Description
---------------------------------------------------------------------------------------------
                                  0.000000    0.000000   clock aclk (rise edge)
                                  0.000000    0.000000   clock source latency
     2    0.029142    0.101726    0.071305    0.071305 ^ aclk (in)
                                                         aclk (net)
                      0.101840    0.000000    0.071305 ^ clkbuf_0_aclk/A (sky130_fd_sc_hd__clkbuf_16)
     9    0.056894    0.057754    0.125173    0.196477 ^ clkbuf_0_aclk/X (sky130_fd_sc_hd__clkbuf_16)
                                                         clknet_0_aclk (net)
                      0.057800    0.001449    0.197927 ^ clkbuf_2_2__f_aclk/A (sky130_fd_sc_hd__clkbuf_16)
    19    0.069267    0.066315    0.120107    0.318034 ^ clkbuf_2_2__f_aclk/X (sky130_fd_sc_hd__clkbuf_16)
                                                         clknet_2_2__leaf_aclk (net)
                      0.066510    0.002543    0.320577 ^ _2087_/CLK (sky130_fd_sc_hd__dfxtp_1)
     1    0.002683    0.028986    0.193706    0.514283 ^ _2087_/Q (sky130_fd_sc_hd__dfxtp_1)
                                                         internal_rssi[6] (net)
                      0.028986    0.000076    0.514359 ^ fanout93/A (sky130_fd_sc_hd__clkbuf_2)
     8    0.030933    0.131810    0.135841    0.650201 ^ fanout93/X (sky130_fd_sc_hd__clkbuf_2)
                                                         net93 (net)
                      0.131813    0.000513    0.650714 ^ _1069_/A (sky130_fd_sc_hd__or2_1)
     1    0.002812    0.030579    0.077809    0.728523 ^ _1069_/X (sky130_fd_sc_hd__or2_1)
                                                         _0217_ (net)
                      0.030579    0.000057    0.728579 ^ _1070_/B1 (sky130_fd_sc_hd__o211a_1)
     1    0.002520    0.025520    0.064397    0.792976 ^ _1070_/X (sky130_fd_sc_hd__o211a_1)
                                                         _0015_ (net)
                      0.025520    0.000055    0.793031 ^ _2087_/D (sky130_fd_sc_hd__dfxtp_1)
                                              0.793031   data arrival time

                                  0.000000    0.000000   clock aclk (rise edge)
                                  0.000000    0.000000   clock source latency
     2    0.029142    0.101726    0.071305    0.071305 ^ aclk (in)
                                                         aclk (net)
                      0.101840    0.000000    0.071305 ^ clkbuf_0_aclk/A (sky130_fd_sc_hd__clkbuf_16)
     9    0.056894    0.057754    0.125173    0.196477 ^ clkbuf_0_aclk/X (sky130_fd_sc_hd__clkbuf_16)
                                                         clknet_0_aclk (net)
                      0.057800    0.001449    0.197927 ^ clkbuf_2_2__f_aclk/A (sky130_fd_sc_hd__clkbuf_16)
    19    0.069267    0.066315    0.120107    0.318034 ^ clkbuf_2_2__f_aclk/X (sky130_fd_sc_hd__clkbuf_16)
                                                         clknet_2_2__leaf_aclk (net)
                      0.066510    0.002543    0.320577 ^ _2087_/CLK (sky130_fd_sc_hd__dfxtp_1)
                                  0.250000    0.570577   clock uncertainty
                                  0.000000    0.570577   clock reconvergence pessimism
                                 -0.016067    0.554511   library hold time
                                              0.554511   data required time
---------------------------------------------------------------------------------------------
                                              0.554511   data required time
                                             -0.793031   data arrival time
---------------------------------------------------------------------------------------------
                                              0.238521   slack (MET)


Startpoint: _2072_ (rising edge-triggered flip-flop clocked by aclk)
Endpoint: _2118_ (rising edge-triggered flip-flop clocked by aclk)
Path Group: aclk
Path Type: min

Fanout         Cap        Slew       Delay        Time   Description
---------------------------------------------------------------------------------------------
                                  0.000000    0.000000   clock aclk (rise edge)
                                  0.000000    0.000000   clock source latency
     2    0.029142    0.101726    0.071305    0.071305 ^ aclk (in)
                                                         aclk (net)
                      0.101840    0.000000    0.071305 ^ clkbuf_0_aclk/A (sky130_fd_sc_hd__clkbuf_16)
     9    0.056894    0.057754    0.125173    0.196477 ^ clkbuf_0_aclk/X (sky130_fd_sc_hd__clkbuf_16)
                                                         clknet_0_aclk (net)
                      0.057819    0.001690    0.198167 ^ clkbuf_2_0__f_aclk/A (sky130_fd_sc_hd__clkbuf_16)
    37    0.092803    0.083736    0.132247    0.330414 ^ clkbuf_2_0__f_aclk/X (sky130_fd_sc_hd__clkbuf_16)
                                                         clknet_2_0__leaf_aclk (net)
                      0.083866    0.002674    0.333088 ^ _2072_/CLK (sky130_fd_sc_hd__dfxtp_1)
     3    0.012797    0.047501    0.226112    0.559199 v _2072_/Q (sky130_fd_sc_hd__dfxtp_1)
                                                         internal_valid (net)
                      0.047501    0.000220    0.559419 v _1074_/A (sky130_fd_sc_hd__nand2_4)
    11    0.059295    0.134238    0.117759    0.677178 ^ _1074_/Y (sky130_fd_sc_hd__nand2_4)
                                                         _0220_ (net)
                      0.135044    0.008399    0.685577 ^ _2028_/B1 (sky130_fd_sc_hd__a31o_1)
     1    0.002810    0.028647    0.060343    0.745919 ^ _2028_/X (sky130_fd_sc_hd__a31o_1)
                                                         _0159_ (net)
                      0.028647    0.000056    0.745975 ^ _2029_/B2 (sky130_fd_sc_hd__o221a_1)
     1    0.002212    0.030324    0.079090    0.825065 ^ _2029_/X (sky130_fd_sc_hd__o221a_1)
                                                         _0046_ (net)
                      0.030324    0.000063    0.825128 ^ _2118_/D (sky130_fd_sc_hd__dfxtp_1)
                                              0.825128   data arrival time

                                  0.000000    0.000000   clock aclk (rise edge)
                                  0.000000    0.000000   clock source latency
     2    0.029142    0.101726    0.071305    0.071305 ^ aclk (in)
                                                         aclk (net)
                      0.101840    0.000000    0.071305 ^ clkbuf_0_aclk/A (sky130_fd_sc_hd__clkbuf_16)
     9    0.056894    0.057754    0.125173    0.196477 ^ clkbuf_0_aclk/X (sky130_fd_sc_hd__clkbuf_16)
                                                         clknet_0_aclk (net)
                      0.057804    0.001505    0.197982 ^ clkbuf_2_3__f_aclk/A (sky130_fd_sc_hd__clkbuf_16)
    27    0.088672    0.080658    0.130212    0.328194 ^ clkbuf_2_3__f_aclk/X (sky130_fd_sc_hd__clkbuf_16)
                                                         clknet_2_3__leaf_aclk (net)
                      0.080888    0.003447    0.331641 ^ _2118_/CLK (sky130_fd_sc_hd__dfxtp_1)
                                  0.250000    0.581641   clock uncertainty
                                  0.000000    0.581641   clock reconvergence pessimism
                                 -0.016062    0.565579   library hold time
                                              0.565579   data required time
---------------------------------------------------------------------------------------------
                                              0.565579   data required time
                                             -0.825128   data arrival time
---------------------------------------------------------------------------------------------
                                              0.259548   slack (MET)


Startpoint: _2079_ (rising edge-triggered flip-flop clocked by aclk)
Endpoint: _2079_ (rising edge-triggered flip-flop clocked by aclk)
Path Group: aclk
Path Type: min

Fanout         Cap        Slew       Delay        Time   Description
---------------------------------------------------------------------------------------------
                                  0.000000    0.000000   clock aclk (rise edge)
                                  0.000000    0.000000   clock source latency
     2    0.029142    0.101726    0.071305    0.071305 ^ aclk (in)
                                                         aclk (net)
                      0.101840    0.000000    0.071305 ^ clkbuf_0_aclk/A (sky130_fd_sc_hd__clkbuf_16)
     9    0.056894    0.057754    0.125173    0.196477 ^ clkbuf_0_aclk/X (sky130_fd_sc_hd__clkbuf_16)
                                                         clknet_0_aclk (net)
                      0.057800    0.001449    0.197927 ^ clkbuf_2_2__f_aclk/A (sky130_fd_sc_hd__clkbuf_16)
    19    0.069267    0.066315    0.120107    0.318034 ^ clkbuf_2_2__f_aclk/X (sky130_fd_sc_hd__clkbuf_16)
                                                         clknet_2_2__leaf_aclk (net)
                      0.066499    0.002453    0.320487 ^ _2079_/CLK (sky130_fd_sc_hd__dfxtp_1)
     1    0.004172    0.038048    0.201170    0.521657 ^ _2079_/Q (sky130_fd_sc_hd__dfxtp_1)
                                                         internal_weight[6] (net)
                      0.038048    0.000144    0.521801 ^ fanout107/A (sky130_fd_sc_hd__clkbuf_2)
     7    0.032116    0.136534    0.141165    0.662966 ^ fanout107/X (sky130_fd_sc_hd__clkbuf_2)
                                                         net107 (net)
                      0.136537    0.000473    0.663439 ^ _1053_/A (sky130_fd_sc_hd__or2_1)
     1    0.002905    0.031210    0.078502    0.741941 ^ _1053_/X (sky130_fd_sc_hd__or2_1)
                                                         _0209_ (net)
                      0.031210    0.000085    0.742025 ^ _1054_/B1 (sky130_fd_sc_hd__o211a_1)
     1    0.004070    0.034025    0.072123    0.814148 ^ _1054_/X (sky130_fd_sc_hd__o211a_1)
                                                         _0007_ (net)
                      0.034025    0.000136    0.814284 ^ _2079_/D (sky130_fd_sc_hd__dfxtp_1)
                                              0.814284   data arrival time

                                  0.000000    0.000000   clock aclk (rise edge)
                                  0.000000    0.000000   clock source latency
     2    0.029142    0.101726    0.071305    0.071305 ^ aclk (in)
                                                         aclk (net)
                      0.101840    0.000000    0.071305 ^ clkbuf_0_aclk/A (sky130_fd_sc_hd__clkbuf_16)
     9    0.056894    0.057754    0.125173    0.196477 ^ clkbuf_0_aclk/X (sky130_fd_sc_hd__clkbuf_16)
                                                         clknet_0_aclk (net)
                      0.057800    0.001449    0.197927 ^ clkbuf_2_2__f_aclk/A (sky130_fd_sc_hd__clkbuf_16)
    19    0.069267    0.066315    0.120107    0.318034 ^ clkbuf_2_2__f_aclk/X (sky130_fd_sc_hd__clkbuf_16)
                                                         clknet_2_2__leaf_aclk (net)
                      0.066499    0.002453    0.320487 ^ _2079_/CLK (sky130_fd_sc_hd__dfxtp_1)
                                  0.250000    0.570487   clock uncertainty
                                  0.000000    0.570487   clock reconvergence pessimism
                                 -0.016666    0.553821   library hold time
                                              0.553821   data required time
---------------------------------------------------------------------------------------------
                                              0.553821   data required time
                                             -0.814284   data arrival time
---------------------------------------------------------------------------------------------
                                              0.260464   slack (MET)


Startpoint: _2072_ (rising edge-triggered flip-flop clocked by aclk)
Endpoint: _2120_ (rising edge-triggered flip-flop clocked by aclk)
Path Group: aclk
Path Type: min

Fanout         Cap        Slew       Delay        Time   Description
---------------------------------------------------------------------------------------------
                                  0.000000    0.000000   clock aclk (rise edge)
                                  0.000000    0.000000   clock source latency
     2    0.029142    0.101726    0.071305    0.071305 ^ aclk (in)
                                                         aclk (net)
                      0.101840    0.000000    0.071305 ^ clkbuf_0_aclk/A (sky130_fd_sc_hd__clkbuf_16)
     9    0.056894    0.057754    0.125173    0.196477 ^ clkbuf_0_aclk/X (sky130_fd_sc_hd__clkbuf_16)
                                                         clknet_0_aclk (net)
                      0.057819    0.001690    0.198167 ^ clkbuf_2_0__f_aclk/A (sky130_fd_sc_hd__clkbuf_16)
    37    0.092803    0.083736    0.132247    0.330414 ^ clkbuf_2_0__f_aclk/X (sky130_fd_sc_hd__clkbuf_16)
                                                         clknet_2_0__leaf_aclk (net)
                      0.083866    0.002674    0.333088 ^ _2072_/CLK (sky130_fd_sc_hd__dfxtp_1)
     3    0.012797    0.047501    0.226112    0.559199 v _2072_/Q (sky130_fd_sc_hd__dfxtp_1)
                                                         internal_valid (net)
                      0.047501    0.000220    0.559419 v _1074_/A (sky130_fd_sc_hd__nand2_4)
    11    0.059295    0.134238    0.117759    0.677178 ^ _1074_/Y (sky130_fd_sc_hd__nand2_4)
                                                         _0220_ (net)
                      0.135031    0.008331    0.685509 ^ _2068_/B1 (sky130_fd_sc_hd__a31o_1)
     1    0.002790    0.028523    0.060239    0.745748 ^ _2068_/X (sky130_fd_sc_hd__a31o_1)
                                                         _0197_ (net)
                      0.028523    0.000055    0.745803 ^ _2069_/B2 (sky130_fd_sc_hd__o221a_1)
     1    0.002450    0.031820    0.080494    0.826297 ^ _2069_/X (sky130_fd_sc_hd__o221a_1)
                                                         _0048_ (net)
                      0.031820    0.000052    0.826348 ^ _2120_/D (sky130_fd_sc_hd__dfxtp_1)
                                              0.826348   data arrival time

                                  0.000000    0.000000   clock aclk (rise edge)
                                  0.000000    0.000000   clock source latency
     2    0.029142    0.101726    0.071305    0.071305 ^ aclk (in)
                                                         aclk (net)
                      0.101840    0.000000    0.071305 ^ clkbuf_0_aclk/A (sky130_fd_sc_hd__clkbuf_16)
     9    0.056894    0.057754    0.125173    0.196477 ^ clkbuf_0_aclk/X (sky130_fd_sc_hd__clkbuf_16)
                                                         clknet_0_aclk (net)
                      0.057804    0.001505    0.197982 ^ clkbuf_2_3__f_aclk/A (sky130_fd_sc_hd__clkbuf_16)
    27    0.088672    0.080658    0.130212    0.328194 ^ clkbuf_2_3__f_aclk/X (sky130_fd_sc_hd__clkbuf_16)
                                                         clknet_2_3__leaf_aclk (net)
                      0.080891    0.003465    0.331660 ^ _2120_/CLK (sky130_fd_sc_hd__dfxtp_1)
                                  0.250000    0.581660   clock uncertainty
                                  0.000000    0.581660   clock reconvergence pessimism
                                 -0.016167    0.565493   library hold time
                                              0.565493   data required time
---------------------------------------------------------------------------------------------
                                              0.565493   data required time
                                             -0.826348   data arrival time
---------------------------------------------------------------------------------------------
                                              0.260856   slack (MET)


Startpoint: _2078_ (rising edge-triggered flip-flop clocked by aclk)
Endpoint: _2078_ (rising edge-triggered flip-flop clocked by aclk)
Path Group: aclk
Path Type: min

Fanout         Cap        Slew       Delay        Time   Description
---------------------------------------------------------------------------------------------
                                  0.000000    0.000000   clock aclk (rise edge)
                                  0.000000    0.000000   clock source latency
     2    0.029142    0.101726    0.071305    0.071305 ^ aclk (in)
                                                         aclk (net)
                      0.101840    0.000000    0.071305 ^ clkbuf_0_aclk/A (sky130_fd_sc_hd__clkbuf_16)
     9    0.056894    0.057754    0.125173    0.196477 ^ clkbuf_0_aclk/X (sky130_fd_sc_hd__clkbuf_16)
                                                         clknet_0_aclk (net)
                      0.057819    0.001690    0.198167 ^ clkbuf_2_0__f_aclk/A (sky130_fd_sc_hd__clkbuf_16)
    37    0.092803    0.083736    0.132247    0.330414 ^ clkbuf_2_0__f_aclk/X (sky130_fd_sc_hd__clkbuf_16)
                                                         clknet_2_0__leaf_aclk (net)
                      0.083914    0.003110    0.333525 ^ _2078_/CLK (sky130_fd_sc_hd__dfxtp_1)
     1    0.002225    0.026141    0.195896    0.529420 ^ _2078_/Q (sky130_fd_sc_hd__dfxtp_1)
                                                         internal_weight[5] (net)
                      0.026353    0.000064    0.529484 ^ fanout110/A (sky130_fd_sc_hd__dlymetal6s2s_1)
     5    0.023860    0.191975    0.167430    0.696914 ^ fanout110/X (sky130_fd_sc_hd__dlymetal6s2s_1)
                                                         net110 (net)
                      0.191976    0.000410    0.697325 ^ _1051_/A (sky130_fd_sc_hd__or2_1)
     1    0.003722    0.036803    0.085444    0.782768 ^ _1051_/X (sky130_fd_sc_hd__or2_1)
                                                         _0208_ (net)
                      0.036803    0.000112    0.782881 ^ _1052_/B1 (sky130_fd_sc_hd__o211a_1)
     1    0.002078    0.023226    0.063543    0.846423 ^ _1052_/X (sky130_fd_sc_hd__o211a_1)
                                                         _0006_ (net)
                      0.023226    0.000060    0.846483 ^ _2078_/D (sky130_fd_sc_hd__dfxtp_1)
                                              0.846483   data arrival time

                                  0.000000    0.000000   clock aclk (rise edge)
                                  0.000000    0.000000   clock source latency
     2    0.029142    0.101726    0.071305    0.071305 ^ aclk (in)
                                                         aclk (net)
                      0.101840    0.000000    0.071305 ^ clkbuf_0_aclk/A (sky130_fd_sc_hd__clkbuf_16)
     9    0.056894    0.057754    0.125173    0.196477 ^ clkbuf_0_aclk/X (sky130_fd_sc_hd__clkbuf_16)
                                                         clknet_0_aclk (net)
                      0.057819    0.001690    0.198167 ^ clkbuf_2_0__f_aclk/A (sky130_fd_sc_hd__clkbuf_16)
    37    0.092803    0.083736    0.132247    0.330414 ^ clkbuf_2_0__f_aclk/X (sky130_fd_sc_hd__clkbuf_16)
                                                         clknet_2_0__leaf_aclk (net)
                      0.083914    0.003110    0.333525 ^ _2078_/CLK (sky130_fd_sc_hd__dfxtp_1)
                                  0.250000    0.583525   clock uncertainty
                                  0.000000    0.583525   clock reconvergence pessimism
                                 -0.015491    0.568033   library hold time
                                              0.568033   data required time
---------------------------------------------------------------------------------------------
                                              0.568033   data required time
                                             -0.846483   data arrival time
---------------------------------------------------------------------------------------------
                                              0.278450   slack (MET)


Startpoint: _2083_ (rising edge-triggered flip-flop clocked by aclk)
Endpoint: _2083_ (rising edge-triggered flip-flop clocked by aclk)
Path Group: aclk
Path Type: min

Fanout         Cap        Slew       Delay        Time   Description
---------------------------------------------------------------------------------------------
                                  0.000000    0.000000   clock aclk (rise edge)
                                  0.000000    0.000000   clock source latency
     2    0.029142    0.101726    0.071305    0.071305 ^ aclk (in)
                                                         aclk (net)
                      0.101840    0.000000    0.071305 ^ clkbuf_0_aclk/A (sky130_fd_sc_hd__clkbuf_16)
     9    0.056894    0.057754    0.125173    0.196477 ^ clkbuf_0_aclk/X (sky130_fd_sc_hd__clkbuf_16)
                                                         clknet_0_aclk (net)
                      0.057819    0.001690    0.198167 ^ clkbuf_2_0__f_aclk/A (sky130_fd_sc_hd__clkbuf_16)
    37    0.092803    0.083736    0.132247    0.330414 ^ clkbuf_2_0__f_aclk/X (sky130_fd_sc_hd__clkbuf_16)
                                                         clknet_2_0__leaf_aclk (net)
                      0.083858    0.002585    0.332999 ^ _2083_/CLK (sky130_fd_sc_hd__dfxtp_1)
     2    0.012142    0.091329    0.243839    0.576839 ^ _2083_/Q (sky130_fd_sc_hd__dfxtp_1)
                                                         internal_rssi[2] (net)
                      0.091329    0.000227    0.577066 ^ fanout100/A (sky130_fd_sc_hd__clkbuf_2)
    10    0.030668    0.130663    0.150784    0.727850 ^ fanout100/X (sky130_fd_sc_hd__clkbuf_2)
                                                         net100 (net)
                      0.130673    0.000935    0.728785 ^ _1061_/A (sky130_fd_sc_hd__or2_1)
     1    0.002898    0.031050    0.078174    0.806958 ^ _1061_/X (sky130_fd_sc_hd__or2_1)
                                                         _0213_ (net)
                      0.031050    0.000084    0.807042 ^ _1062_/B1 (sky130_fd_sc_hd__o211a_1)
     1    0.002016    0.022875    0.062005    0.869048 ^ _1062_/X (sky130_fd_sc_hd__o211a_1)
                                                         _0011_ (net)
                      0.022875    0.000039    0.869086 ^ _2083_/D (sky130_fd_sc_hd__dfxtp_1)
                                              0.869086   data arrival time

                                  0.000000    0.000000   clock aclk (rise edge)
                                  0.000000    0.000000   clock source latency
     2    0.029142    0.101726    0.071305    0.071305 ^ aclk (in)
                                                         aclk (net)
                      0.101840    0.000000    0.071305 ^ clkbuf_0_aclk/A (sky130_fd_sc_hd__clkbuf_16)
     9    0.056894    0.057754    0.125173    0.196477 ^ clkbuf_0_aclk/X (sky130_fd_sc_hd__clkbuf_16)
                                                         clknet_0_aclk (net)
                      0.057819    0.001690    0.198167 ^ clkbuf_2_0__f_aclk/A (sky130_fd_sc_hd__clkbuf_16)
    37    0.092803    0.083736    0.132247    0.330414 ^ clkbuf_2_0__f_aclk/X (sky130_fd_sc_hd__clkbuf_16)
                                                         clknet_2_0__leaf_aclk (net)
                      0.083858    0.002585    0.332999 ^ _2083_/CLK (sky130_fd_sc_hd__dfxtp_1)
                                  0.250000    0.582999   clock uncertainty
                                  0.000000    0.582999   clock reconvergence pessimism
                                 -0.015468    0.567531   library hold time
                                              0.567531   data required time
---------------------------------------------------------------------------------------------
                                              0.567531   data required time
                                             -0.869086   data arrival time
---------------------------------------------------------------------------------------------
                                              0.301555   slack (MET)


Startpoint: _2082_ (rising edge-triggered flip-flop clocked by aclk)
Endpoint: _2082_ (rising edge-triggered flip-flop clocked by aclk)
Path Group: aclk
Path Type: min

Fanout         Cap        Slew       Delay        Time   Description
---------------------------------------------------------------------------------------------
                                  0.000000    0.000000   clock aclk (rise edge)
                                  0.000000    0.000000   clock source latency
     2    0.029142    0.101726    0.071305    0.071305 ^ aclk (in)
                                                         aclk (net)
                      0.101840    0.000000    0.071305 ^ clkbuf_0_aclk/A (sky130_fd_sc_hd__clkbuf_16)
     9    0.056894    0.057754    0.125173    0.196477 ^ clkbuf_0_aclk/X (sky130_fd_sc_hd__clkbuf_16)
                                                         clknet_0_aclk (net)
                      0.057819    0.001690    0.198167 ^ clkbuf_2_0__f_aclk/A (sky130_fd_sc_hd__clkbuf_16)
    37    0.092803    0.083736    0.132247    0.330414 ^ clkbuf_2_0__f_aclk/X (sky130_fd_sc_hd__clkbuf_16)
                                                         clknet_2_0__leaf_aclk (net)
                      0.083939    0.003315    0.333729 ^ _2082_/CLK (sky130_fd_sc_hd__dfxtp_1)
     2    0.011303    0.085600    0.239936    0.573666 ^ _2082_/Q (sky130_fd_sc_hd__dfxtp_1)
                                                         internal_rssi[1] (net)
                      0.085600    0.000187    0.573853 ^ fanout102/A (sky130_fd_sc_hd__buf_2)
    10    0.037162    0.138394    0.158399    0.732252 ^ fanout102/X (sky130_fd_sc_hd__buf_2)
                                                         net102 (net)
                      0.138398    0.000599    0.732851 ^ _1059_/A (sky130_fd_sc_hd__or2_1)
     1    0.002852    0.030939    0.078326    0.811176 ^ _1059_/X (sky130_fd_sc_hd__or2_1)
                                                         _0212_ (net)
                      0.030939    0.000082    0.811259 ^ _1060_/B1 (sky130_fd_sc_hd__o211a_1)
     1    0.002357    0.024653    0.063665    0.874923 ^ _1060_/X (sky130_fd_sc_hd__o211a_1)
                                                         _0010_ (net)
                      0.024654    0.000066    0.874990 ^ _2082_/D (sky130_fd_sc_hd__dfxtp_1)
                                              0.874990   data arrival time

                                  0.000000    0.000000   clock aclk (rise edge)
                                  0.000000    0.000000   clock source latency
     2    0.029142    0.101726    0.071305    0.071305 ^ aclk (in)
                                                         aclk (net)
                      0.101840    0.000000    0.071305 ^ clkbuf_0_aclk/A (sky130_fd_sc_hd__clkbuf_16)
     9    0.056894    0.057754    0.125173    0.196477 ^ clkbuf_0_aclk/X (sky130_fd_sc_hd__clkbuf_16)
                                                         clknet_0_aclk (net)
                      0.057819    0.001690    0.198167 ^ clkbuf_2_0__f_aclk/A (sky130_fd_sc_hd__clkbuf_16)
    37    0.092803    0.083736    0.132247    0.330414 ^ clkbuf_2_0__f_aclk/X (sky130_fd_sc_hd__clkbuf_16)
                                                         clknet_2_0__leaf_aclk (net)
                      0.083939    0.003315    0.333729 ^ _2082_/CLK (sky130_fd_sc_hd__dfxtp_1)
                                  0.250000    0.583729   clock uncertainty
                                  0.000000    0.583729   clock reconvergence pessimism
                                 -0.015591    0.568138   library hold time
                                              0.568138   data required time
---------------------------------------------------------------------------------------------
                                              0.568138   data required time
                                             -0.874990   data arrival time
---------------------------------------------------------------------------------------------
                                              0.306851   slack (MET)


Startpoint: _2089_ (rising edge-triggered flip-flop clocked by aclk)
Endpoint: _2090_ (rising edge-triggered flip-flop clocked by aclk)
Path Group: aclk
Path Type: min

Fanout         Cap        Slew       Delay        Time   Description
---------------------------------------------------------------------------------------------
                                  0.000000    0.000000   clock aclk (rise edge)
                                  0.000000    0.000000   clock source latency
     2    0.029142    0.101726    0.071305    0.071305 ^ aclk (in)
                                                         aclk (net)
                      0.101840    0.000000    0.071305 ^ clkbuf_0_aclk/A (sky130_fd_sc_hd__clkbuf_16)
     9    0.056894    0.057754    0.125173    0.196477 ^ clkbuf_0_aclk/X (sky130_fd_sc_hd__clkbuf_16)
                                                         clknet_0_aclk (net)
                      0.057819    0.001690    0.198167 ^ clkbuf_2_0__f_aclk/A (sky130_fd_sc_hd__clkbuf_16)
    37    0.092803    0.083736    0.132247    0.330414 ^ clkbuf_2_0__f_aclk/X (sky130_fd_sc_hd__clkbuf_16)
                                                         clknet_2_0__leaf_aclk (net)
                      0.084034    0.003996    0.334410 ^ _2089_/CLK (sky130_fd_sc_hd__dfxtp_1)
     3    0.008642    0.067734    0.227221    0.561631 ^ _2089_/Q (sky130_fd_sc_hd__dfxtp_1)
                                                         net20 (net)
                      0.067734    0.000206    0.561837 ^ _1076_/A (sky130_fd_sc_hd__and3_1)
     3    0.007582    0.066135    0.114642    0.676479 ^ _1076_/X (sky130_fd_sc_hd__and3_1)
                                                         _0222_ (net)
                      0.066135    0.000159    0.676638 ^ _1084_/B1_N (sky130_fd_sc_hd__o21bai_1)
     1    0.002940    0.033025    0.070276    0.746914 ^ _1084_/Y (sky130_fd_sc_hd__o21bai_1)
                                                         _0229_ (net)
                      0.033025    0.000059    0.746973 ^ _1085_/A2 (sky130_fd_sc_hd__a21o_1)
     1    0.003281    0.029769    0.067210    0.814183 ^ _1085_/X (sky130_fd_sc_hd__a21o_1)
                                                         _0230_ (net)
                      0.029769    0.000096    0.814278 ^ _1086_/B1 (sky130_fd_sc_hd__o211a_1)
     1    0.002083    0.023222    0.062059    0.876337 ^ _1086_/X (sky130_fd_sc_hd__o211a_1)
                                                         _0018_ (net)
                      0.023222    0.000059    0.876397 ^ _2090_/D (sky130_fd_sc_hd__dfxtp_1)
                                              0.876397   data arrival time

                                  0.000000    0.000000   clock aclk (rise edge)
                                  0.000000    0.000000   clock source latency
     2    0.029142    0.101726    0.071305    0.071305 ^ aclk (in)
                                                         aclk (net)
                      0.101840    0.000000    0.071305 ^ clkbuf_0_aclk/A (sky130_fd_sc_hd__clkbuf_16)
     9    0.056894    0.057754    0.125173    0.196477 ^ clkbuf_0_aclk/X (sky130_fd_sc_hd__clkbuf_16)
                                                         clknet_0_aclk (net)
                      0.057819    0.001690    0.198167 ^ clkbuf_2_0__f_aclk/A (sky130_fd_sc_hd__clkbuf_16)
    37    0.092803    0.083736    0.132247    0.330414 ^ clkbuf_2_0__f_aclk/X (sky130_fd_sc_hd__clkbuf_16)
                                                         clknet_2_0__leaf_aclk (net)
                      0.084023    0.003922    0.334336 ^ _2090_/CLK (sky130_fd_sc_hd__dfxtp_1)
                                  0.250000    0.584336   clock uncertainty
                                  0.000000    0.584336   clock reconvergence pessimism
                                 -0.015488    0.568847   library hold time
                                              0.568847   data required time
---------------------------------------------------------------------------------------------
                                              0.568847   data required time
                                             -0.876397   data arrival time
---------------------------------------------------------------------------------------------
                                              0.307549   slack (MET)


Startpoint: _2080_ (rising edge-triggered flip-flop clocked by aclk)
Endpoint: _2080_ (rising edge-triggered flip-flop clocked by aclk)
Path Group: aclk
Path Type: min

Fanout         Cap        Slew       Delay        Time   Description
---------------------------------------------------------------------------------------------
                                  0.000000    0.000000   clock aclk (rise edge)
                                  0.000000    0.000000   clock source latency
     2    0.029142    0.101726    0.071305    0.071305 ^ aclk (in)
                                                         aclk (net)
                      0.101840    0.000000    0.071305 ^ clkbuf_0_aclk/A (sky130_fd_sc_hd__clkbuf_16)
     9    0.056894    0.057754    0.125173    0.196477 ^ clkbuf_0_aclk/X (sky130_fd_sc_hd__clkbuf_16)
                                                         clknet_0_aclk (net)
                      0.057800    0.001449    0.197927 ^ clkbuf_2_2__f_aclk/A (sky130_fd_sc_hd__clkbuf_16)
    19    0.069267    0.066315    0.120107    0.318034 ^ clkbuf_2_2__f_aclk/X (sky130_fd_sc_hd__clkbuf_16)
                                                         clknet_2_2__leaf_aclk (net)
                      0.066512    0.002558    0.320592 ^ _2080_/CLK (sky130_fd_sc_hd__dfxtp_1)
     9    0.032915    0.108414    0.269255    0.589847 v _2080_/Q (sky130_fd_sc_hd__dfxtp_1)
                                                         internal_weight[7] (net)
                      0.108417    0.000638    0.590485 v _1036_/A (sky130_fd_sc_hd__inv_2)
    10    0.044637    0.154656    0.156472    0.746957 ^ _1036_/Y (sky130_fd_sc_hd__inv_2)
                                                         _0199_ (net)
                      0.154659    0.000558    0.747515 ^ _1055_/A (sky130_fd_sc_hd__nand2_1)
     1    0.002764    0.030737    0.031220    0.778735 v _1055_/Y (sky130_fd_sc_hd__nand2_1)
                                                         _0210_ (net)
                      0.030737    0.000057    0.778792 v _1056_/B1 (sky130_fd_sc_hd__o211a_1)
     1    0.002451    0.018128    0.072795    0.851587 v _1056_/X (sky130_fd_sc_hd__o211a_1)
                                                         _0008_ (net)
                      0.018128    0.000049    0.851636 v _2080_/D (sky130_fd_sc_hd__dfxtp_1)
                                              0.851636   data arrival time

                                  0.000000    0.000000   clock aclk (rise edge)
                                  0.000000    0.000000   clock source latency
     2    0.029142    0.101726    0.071305    0.071305 ^ aclk (in)
                                                         aclk (net)
                      0.101840    0.000000    0.071305 ^ clkbuf_0_aclk/A (sky130_fd_sc_hd__clkbuf_16)
     9    0.056894    0.057754    0.125173    0.196477 ^ clkbuf_0_aclk/X (sky130_fd_sc_hd__clkbuf_16)
                                                         clknet_0_aclk (net)
                      0.057800    0.001449    0.197927 ^ clkbuf_2_2__f_aclk/A (sky130_fd_sc_hd__clkbuf_16)
    19    0.069267    0.066315    0.120107    0.318034 ^ clkbuf_2_2__f_aclk/X (sky130_fd_sc_hd__clkbuf_16)
                                                         clknet_2_2__leaf_aclk (net)
                      0.066512    0.002558    0.320592 ^ _2080_/CLK (sky130_fd_sc_hd__dfxtp_1)
                                  0.250000    0.570592   clock uncertainty
                                  0.000000    0.570592   clock reconvergence pessimism
                                 -0.031822    0.538770   library hold time
                                              0.538770   data required time
---------------------------------------------------------------------------------------------
                                              0.538770   data required time
                                             -0.851636   data arrival time
---------------------------------------------------------------------------------------------
                                              0.312866   slack (MET)


Startpoint: _2075_ (rising edge-triggered flip-flop clocked by aclk)
Endpoint: _2075_ (rising edge-triggered flip-flop clocked by aclk)
Path Group: aclk
Path Type: min

Fanout         Cap        Slew       Delay        Time   Description
---------------------------------------------------------------------------------------------
                                  0.000000    0.000000   clock aclk (rise edge)
                                  0.000000    0.000000   clock source latency
     2    0.029142    0.101726    0.071305    0.071305 ^ aclk (in)
                                                         aclk (net)
                      0.101840    0.000000    0.071305 ^ clkbuf_0_aclk/A (sky130_fd_sc_hd__clkbuf_16)
     9    0.056894    0.057754    0.125173    0.196477 ^ clkbuf_0_aclk/X (sky130_fd_sc_hd__clkbuf_16)
                                                         clknet_0_aclk (net)
                      0.057815    0.001637    0.198114 ^ clkbuf_2_1__f_aclk/A (sky130_fd_sc_hd__clkbuf_16)
    27    0.085072    0.077862    0.126296    0.324410 ^ clkbuf_2_1__f_aclk/X (sky130_fd_sc_hd__clkbuf_16)
                                                         clknet_2_1__leaf_aclk (net)
                      0.078415    0.005204    0.329613 ^ _2075_/CLK (sky130_fd_sc_hd__dfxtp_1)
     2    0.011241    0.085184    0.238214    0.567828 ^ _2075_/Q (sky130_fd_sc_hd__dfxtp_1)
                                                         internal_weight[2] (net)
                      0.085184    0.000165    0.567992 ^ fanout115/A (sky130_fd_sc_hd__buf_2)
    10    0.043325    0.160348    0.172526    0.740518 ^ fanout115/X (sky130_fd_sc_hd__buf_2)
                                                         net115 (net)
                      0.160353    0.000748    0.741266 ^ _1045_/A (sky130_fd_sc_hd__or2_1)
     1    0.003125    0.032941    0.080799    0.822065 ^ _1045_/X (sky130_fd_sc_hd__or2_1)
                                                         _0205_ (net)
                      0.032941    0.000093    0.822158 ^ _1046_/B1 (sky130_fd_sc_hd__o211a_1)
     1    0.002273    0.024222    0.063675    0.885833 ^ _1046_/X (sky130_fd_sc_hd__o211a_1)
                                                         _0003_ (net)
                      0.024222    0.000066    0.885899 ^ _2075_/D (sky130_fd_sc_hd__dfxtp_1)
                                              0.885899   data arrival time

                                  0.000000    0.000000   clock aclk (rise edge)
                                  0.000000    0.000000   clock source latency
     2    0.029142    0.101726    0.071305    0.071305 ^ aclk (in)
                                                         aclk (net)
                      0.101840    0.000000    0.071305 ^ clkbuf_0_aclk/A (sky130_fd_sc_hd__clkbuf_16)
     9    0.056894    0.057754    0.125173    0.196477 ^ clkbuf_0_aclk/X (sky130_fd_sc_hd__clkbuf_16)
                                                         clknet_0_aclk (net)
                      0.057815    0.001637    0.198114 ^ clkbuf_2_1__f_aclk/A (sky130_fd_sc_hd__clkbuf_16)
    27    0.085072    0.077862    0.126296    0.324410 ^ clkbuf_2_1__f_aclk/X (sky130_fd_sc_hd__clkbuf_16)
                                                         clknet_2_1__leaf_aclk (net)
                      0.078415    0.005204    0.329613 ^ _2075_/CLK (sky130_fd_sc_hd__dfxtp_1)
                                  0.250000    0.579613   clock uncertainty
                                  0.000000    0.579613   clock reconvergence pessimism
                                 -0.015692    0.563921   library hold time
                                              0.563921   data required time
---------------------------------------------------------------------------------------------
                                              0.563921   data required time
                                             -0.885899   data arrival time
---------------------------------------------------------------------------------------------
                                              0.321978   slack (MET)


Startpoint: _2086_ (rising edge-triggered flip-flop clocked by aclk)
Endpoint: _2086_ (rising edge-triggered flip-flop clocked by aclk)
Path Group: aclk
Path Type: min

Fanout         Cap        Slew       Delay        Time   Description
---------------------------------------------------------------------------------------------
                                  0.000000    0.000000   clock aclk (rise edge)
                                  0.000000    0.000000   clock source latency
     2    0.029142    0.101726    0.071305    0.071305 ^ aclk (in)
                                                         aclk (net)
                      0.101840    0.000000    0.071305 ^ clkbuf_0_aclk/A (sky130_fd_sc_hd__clkbuf_16)
     9    0.056894    0.057754    0.125173    0.196477 ^ clkbuf_0_aclk/X (sky130_fd_sc_hd__clkbuf_16)
                                                         clknet_0_aclk (net)
                      0.057819    0.001690    0.198167 ^ clkbuf_2_0__f_aclk/A (sky130_fd_sc_hd__clkbuf_16)
    37    0.092803    0.083736    0.132247    0.330414 ^ clkbuf_2_0__f_aclk/X (sky130_fd_sc_hd__clkbuf_16)
                                                         clknet_2_0__leaf_aclk (net)
                      0.083896    0.002957    0.333371 ^ _2086_/CLK (sky130_fd_sc_hd__dfxtp_1)
     2    0.011896    0.089666    0.242631    0.576002 ^ _2086_/Q (sky130_fd_sc_hd__dfxtp_1)
                                                         internal_rssi[5] (net)
                      0.089666    0.000321    0.576323 ^ fanout94/A (sky130_fd_sc_hd__buf_2)
    10    0.042649    0.157790    0.172762    0.749085 ^ fanout94/X (sky130_fd_sc_hd__buf_2)
                                                         net94 (net)
                      0.157793    0.000586    0.749672 ^ _1067_/A (sky130_fd_sc_hd__or2_1)
     1    0.002859    0.031374    0.079328    0.829000 ^ _1067_/X (sky130_fd_sc_hd__or2_1)
                                                         _0216_ (net)
                      0.031374    0.000081    0.829081 ^ _1068_/B1 (sky130_fd_sc_hd__o211a_1)
     1    0.002031    0.022956    0.062145    0.891226 ^ _1068_/X (sky130_fd_sc_hd__o211a_1)
                                                         _0014_ (net)
                      0.022956    0.000057    0.891283 ^ _2086_/D (sky130_fd_sc_hd__dfxtp_1)
                                              0.891283   data arrival time

                                  0.000000    0.000000   clock aclk (rise edge)
                                  0.000000    0.000000   clock source latency
     2    0.029142    0.101726    0.071305    0.071305 ^ aclk (in)
                                                         aclk (net)
                      0.101840    0.000000    0.071305 ^ clkbuf_0_aclk/A (sky130_fd_sc_hd__clkbuf_16)
     9    0.056894    0.057754    0.125173    0.196477 ^ clkbuf_0_aclk/X (sky130_fd_sc_hd__clkbuf_16)
                                                         clknet_0_aclk (net)
                      0.057819    0.001690    0.198167 ^ clkbuf_2_0__f_aclk/A (sky130_fd_sc_hd__clkbuf_16)
    37    0.092803    0.083736    0.132247    0.330414 ^ clkbuf_2_0__f_aclk/X (sky130_fd_sc_hd__clkbuf_16)
                                                         clknet_2_0__leaf_aclk (net)
                      0.083896    0.002957    0.333371 ^ _2086_/CLK (sky130_fd_sc_hd__dfxtp_1)
                                  0.250000    0.583371   clock uncertainty
                                  0.000000    0.583371   clock reconvergence pessimism
                                 -0.015473    0.567898   library hold time
                                              0.567898   data required time
---------------------------------------------------------------------------------------------
                                              0.567898   data required time
                                             -0.891283   data arrival time
---------------------------------------------------------------------------------------------
                                              0.323385   slack (MET)


Startpoint: _2084_ (rising edge-triggered flip-flop clocked by aclk)
Endpoint: _2084_ (rising edge-triggered flip-flop clocked by aclk)
Path Group: aclk
Path Type: min

Fanout         Cap        Slew       Delay        Time   Description
---------------------------------------------------------------------------------------------
                                  0.000000    0.000000   clock aclk (rise edge)
                                  0.000000    0.000000   clock source latency
     2    0.029142    0.101726    0.071305    0.071305 ^ aclk (in)
                                                         aclk (net)
                      0.101840    0.000000    0.071305 ^ clkbuf_0_aclk/A (sky130_fd_sc_hd__clkbuf_16)
     9    0.056894    0.057754    0.125173    0.196477 ^ clkbuf_0_aclk/X (sky130_fd_sc_hd__clkbuf_16)
                                                         clknet_0_aclk (net)
                      0.057819    0.001690    0.198167 ^ clkbuf_2_0__f_aclk/A (sky130_fd_sc_hd__clkbuf_16)
    37    0.092803    0.083736    0.132247    0.330414 ^ clkbuf_2_0__f_aclk/X (sky130_fd_sc_hd__clkbuf_16)
                                                         clknet_2_0__leaf_aclk (net)
                      0.083970    0.003552    0.333966 ^ _2084_/CLK (sky130_fd_sc_hd__dfxtp_1)
     2    0.016036    0.117953    0.262310    0.596276 ^ _2084_/Q (sky130_fd_sc_hd__dfxtp_1)
                                                         internal_rssi[3] (net)
                      0.117953    0.000386    0.596662 ^ fanout98/A (sky130_fd_sc_hd__clkbuf_2)
    10    0.034385    0.145730    0.166298    0.762961 ^ fanout98/X (sky130_fd_sc_hd__clkbuf_2)
                                                         net98 (net)
                      0.145731    0.000376    0.763337 ^ _1063_/A (sky130_fd_sc_hd__or2_1)
     1    0.003135    0.032718    0.080118    0.843455 ^ _1063_/X (sky130_fd_sc_hd__or2_1)
                                                         _0214_ (net)
                      0.032720    0.000092    0.843547 ^ _1064_/B1 (sky130_fd_sc_hd__o211a_1)
     1    0.002108    0.023364    0.062820    0.906367 ^ _1064_/X (sky130_fd_sc_hd__o211a_1)
                                                         _0012_ (net)
                      0.023364    0.000043    0.906409 ^ _2084_/D (sky130_fd_sc_hd__dfxtp_1)
                                              0.906409   data arrival time

                                  0.000000    0.000000   clock aclk (rise edge)
                                  0.000000    0.000000   clock source latency
     2    0.029142    0.101726    0.071305    0.071305 ^ aclk (in)
                                                         aclk (net)
                      0.101840    0.000000    0.071305 ^ clkbuf_0_aclk/A (sky130_fd_sc_hd__clkbuf_16)
     9    0.056894    0.057754    0.125173    0.196477 ^ clkbuf_0_aclk/X (sky130_fd_sc_hd__clkbuf_16)
                                                         clknet_0_aclk (net)
                      0.057819    0.001690    0.198167 ^ clkbuf_2_0__f_aclk/A (sky130_fd_sc_hd__clkbuf_16)
    37    0.092803    0.083736    0.132247    0.330414 ^ clkbuf_2_0__f_aclk/X (sky130_fd_sc_hd__clkbuf_16)
                                                         clknet_2_0__leaf_aclk (net)
                      0.083970    0.003552    0.333966 ^ _2084_/CLK (sky130_fd_sc_hd__dfxtp_1)
                                  0.250000    0.583966   clock uncertainty
                                  0.000000    0.583966   clock reconvergence pessimism
                                 -0.015500    0.568466   library hold time
                                              0.568466   data required time
---------------------------------------------------------------------------------------------
                                              0.568466   data required time
                                             -0.906409   data arrival time
---------------------------------------------------------------------------------------------
                                              0.337943   slack (MET)


Startpoint: _2085_ (rising edge-triggered flip-flop clocked by aclk)
Endpoint: _2085_ (rising edge-triggered flip-flop clocked by aclk)
Path Group: aclk
Path Type: min

Fanout         Cap        Slew       Delay        Time   Description
---------------------------------------------------------------------------------------------
                                  0.000000    0.000000   clock aclk (rise edge)
                                  0.000000    0.000000   clock source latency
     2    0.029142    0.101726    0.071305    0.071305 ^ aclk (in)
                                                         aclk (net)
                      0.101840    0.000000    0.071305 ^ clkbuf_0_aclk/A (sky130_fd_sc_hd__clkbuf_16)
     9    0.056894    0.057754    0.125173    0.196477 ^ clkbuf_0_aclk/X (sky130_fd_sc_hd__clkbuf_16)
                                                         clknet_0_aclk (net)
                      0.057819    0.001690    0.198167 ^ clkbuf_2_0__f_aclk/A (sky130_fd_sc_hd__clkbuf_16)
    37    0.092803    0.083736    0.132247    0.330414 ^ clkbuf_2_0__f_aclk/X (sky130_fd_sc_hd__clkbuf_16)
                                                         clknet_2_0__leaf_aclk (net)
                      0.083897    0.002966    0.333380 ^ _2085_/CLK (sky130_fd_sc_hd__dfxtp_1)
     2    0.014612    0.108207    0.255577    0.588957 ^ _2085_/Q (sky130_fd_sc_hd__dfxtp_1)
                                                         internal_rssi[4] (net)
                      0.108207    0.000306    0.589263 ^ fanout96/A (sky130_fd_sc_hd__buf_2)
    21    0.053535    0.196842    0.202902    0.792166 ^ fanout96/X (sky130_fd_sc_hd__buf_2)
                                                         net96 (net)
                      0.196847    0.000776    0.792941 ^ _1065_/A (sky130_fd_sc_hd__or2_1)
     1    0.002795    0.031564    0.080944    0.873885 ^ _1065_/X (sky130_fd_sc_hd__or2_1)
                                                         _0215_ (net)
                      0.031564    0.000080    0.873966 ^ _1066_/B1 (sky130_fd_sc_hd__o211a_1)
     1    0.002338    0.024556    0.063703    0.937668 ^ _1066_/X (sky130_fd_sc_hd__o211a_1)
                                                         _0013_ (net)
                      0.024556    0.000067    0.937736 ^ _2085_/D (sky130_fd_sc_hd__dfxtp_1)
                                              0.937736   data arrival time

                                  0.000000    0.000000   clock aclk (rise edge)
                                  0.000000    0.000000   clock source latency
     2    0.029142    0.101726    0.071305    0.071305 ^ aclk (in)
                                                         aclk (net)
                      0.101840    0.000000    0.071305 ^ clkbuf_0_aclk/A (sky130_fd_sc_hd__clkbuf_16)
     9    0.056894    0.057754    0.125173    0.196477 ^ clkbuf_0_aclk/X (sky130_fd_sc_hd__clkbuf_16)
                                                         clknet_0_aclk (net)
                      0.057819    0.001690    0.198167 ^ clkbuf_2_0__f_aclk/A (sky130_fd_sc_hd__clkbuf_16)
    37    0.092803    0.083736    0.132247    0.330414 ^ clkbuf_2_0__f_aclk/X (sky130_fd_sc_hd__clkbuf_16)
                                                         clknet_2_0__leaf_aclk (net)
                      0.083897    0.002966    0.333380 ^ _2085_/CLK (sky130_fd_sc_hd__dfxtp_1)
                                  0.250000    0.583380   clock uncertainty
                                  0.000000    0.583380   clock reconvergence pessimism
                                 -0.015585    0.567795   library hold time
                                              0.567795   data required time
---------------------------------------------------------------------------------------------
                                              0.567795   data required time
                                             -0.937736   data arrival time
---------------------------------------------------------------------------------------------
                                              0.369940   slack (MET)


Startpoint: _2076_ (rising edge-triggered flip-flop clocked by aclk)
Endpoint: _2076_ (rising edge-triggered flip-flop clocked by aclk)
Path Group: aclk
Path Type: min

Fanout         Cap        Slew       Delay        Time   Description
---------------------------------------------------------------------------------------------
                                  0.000000    0.000000   clock aclk (rise edge)
                                  0.000000    0.000000   clock source latency
     2    0.029142    0.101726    0.071305    0.071305 ^ aclk (in)
                                                         aclk (net)
                      0.101840    0.000000    0.071305 ^ clkbuf_0_aclk/A (sky130_fd_sc_hd__clkbuf_16)
     9    0.056894    0.057754    0.125173    0.196477 ^ clkbuf_0_aclk/X (sky130_fd_sc_hd__clkbuf_16)
                                                         clknet_0_aclk (net)
                      0.057819    0.001690    0.198167 ^ clkbuf_2_0__f_aclk/A (sky130_fd_sc_hd__clkbuf_16)
    37    0.092803    0.083736    0.132247    0.330414 ^ clkbuf_2_0__f_aclk/X (sky130_fd_sc_hd__clkbuf_16)
                                                         clknet_2_0__leaf_aclk (net)
                      0.083832    0.002299    0.332714 ^ _2076_/CLK (sky130_fd_sc_hd__dfxtp_1)
     2    0.016447    0.058547    0.234691    0.567405 v _2076_/Q (sky130_fd_sc_hd__dfxtp_1)
                                                         internal_weight[3] (net)
                      0.058548    0.000285    0.567690 v fanout113/A (sky130_fd_sc_hd__buf_2)
    21    0.056251    0.093535    0.153887    0.721577 v fanout113/X (sky130_fd_sc_hd__buf_2)
                                                         net113 (net)
                      0.093553    0.001279    0.722855 v _1047_/A (sky130_fd_sc_hd__or2_1)
     1    0.003346    0.034323    0.153403    0.876258 v _1047_/X (sky130_fd_sc_hd__or2_1)
                                                         _0206_ (net)
                      0.034323    0.000106    0.876364 v _1048_/B1 (sky130_fd_sc_hd__o211a_1)
     1    0.002191    0.016808    0.073338    0.949701 v _1048_/X (sky130_fd_sc_hd__o211a_1)
                                                         _0004_ (net)
                      0.016808    0.000063    0.949764 v _2076_/D (sky130_fd_sc_hd__dfxtp_1)
                                              0.949764   data arrival time

                                  0.000000    0.000000   clock aclk (rise edge)
                                  0.000000    0.000000   clock source latency
     2    0.029142    0.101726    0.071305    0.071305 ^ aclk (in)
                                                         aclk (net)
                      0.101840    0.000000    0.071305 ^ clkbuf_0_aclk/A (sky130_fd_sc_hd__clkbuf_16)
     9    0.056894    0.057754    0.125173    0.196477 ^ clkbuf_0_aclk/X (sky130_fd_sc_hd__clkbuf_16)
                                                         clknet_0_aclk (net)
                      0.057819    0.001690    0.198167 ^ clkbuf_2_0__f_aclk/A (sky130_fd_sc_hd__clkbuf_16)
    37    0.092803    0.083736    0.132247    0.330414 ^ clkbuf_2_0__f_aclk/X (sky130_fd_sc_hd__clkbuf_16)
                                                         clknet_2_0__leaf_aclk (net)
                      0.083832    0.002299    0.332714 ^ _2076_/CLK (sky130_fd_sc_hd__dfxtp_1)
                                  0.250000    0.582714   clock uncertainty
                                  0.000000    0.582714   clock reconvergence pessimism
                                 -0.029669    0.553044   library hold time
                                              0.553044   data required time
---------------------------------------------------------------------------------------------
                                              0.553044   data required time
                                             -0.949764   data arrival time
---------------------------------------------------------------------------------------------
                                              0.396720   slack (MET)


Startpoint: _2077_ (rising edge-triggered flip-flop clocked by aclk)
Endpoint: _2077_ (rising edge-triggered flip-flop clocked by aclk)
Path Group: aclk
Path Type: min

Fanout         Cap        Slew       Delay        Time   Description
---------------------------------------------------------------------------------------------
                                  0.000000    0.000000   clock aclk (rise edge)
                                  0.000000    0.000000   clock source latency
     2    0.029142    0.101726    0.071305    0.071305 ^ aclk (in)
                                                         aclk (net)
                      0.101840    0.000000    0.071305 ^ clkbuf_0_aclk/A (sky130_fd_sc_hd__clkbuf_16)
     9    0.056894    0.057754    0.125173    0.196477 ^ clkbuf_0_aclk/X (sky130_fd_sc_hd__clkbuf_16)
                                                         clknet_0_aclk (net)
                      0.057819    0.001690    0.198167 ^ clkbuf_2_0__f_aclk/A (sky130_fd_sc_hd__clkbuf_16)
    37    0.092803    0.083736    0.132247    0.330414 ^ clkbuf_2_0__f_aclk/X (sky130_fd_sc_hd__clkbuf_16)
                                                         clknet_2_0__leaf_aclk (net)
                      0.083922    0.003181    0.333595 ^ _2077_/CLK (sky130_fd_sc_hd__dfxtp_1)
     5    0.023476    0.079944    0.251341    0.584936 v _2077_/Q (sky130_fd_sc_hd__dfxtp_1)
                                                         internal_weight[4] (net)
                      0.079946    0.000474    0.585410 v fanout111/A (sky130_fd_sc_hd__buf_2)
    21    0.054840    0.092076    0.160440    0.745850 v fanout111/X (sky130_fd_sc_hd__buf_2)
                                                         net111 (net)
                      0.092081    0.000826    0.746675 v _1049_/A (sky130_fd_sc_hd__or2_1)
     1    0.003059    0.033189    0.151435    0.898110 v _1049_/X (sky130_fd_sc_hd__or2_1)
                                                         _0207_ (net)
                      0.033189    0.000092    0.898202 v _1050_/B1 (sky130_fd_sc_hd__o211a_1)
     1    0.002263    0.017377    0.073132    0.971334 v _1050_/X (sky130_fd_sc_hd__o211a_1)
                                                         _0005_ (net)
                      0.017377    0.000045    0.971379 v _2077_/D (sky130_fd_sc_hd__dfxtp_1)
                                              0.971379   data arrival time

                                  0.000000    0.000000   clock aclk (rise edge)
                                  0.000000    0.000000   clock source latency
     2    0.029142    0.101726    0.071305    0.071305 ^ aclk (in)
                                                         aclk (net)
                      0.101840    0.000000    0.071305 ^ clkbuf_0_aclk/A (sky130_fd_sc_hd__clkbuf_16)
     9    0.056894    0.057754    0.125173    0.196477 ^ clkbuf_0_aclk/X (sky130_fd_sc_hd__clkbuf_16)
                                                         clknet_0_aclk (net)
                      0.057819    0.001690    0.198167 ^ clkbuf_2_0__f_aclk/A (sky130_fd_sc_hd__clkbuf_16)
    37    0.092803    0.083736    0.132247    0.330414 ^ clkbuf_2_0__f_aclk/X (sky130_fd_sc_hd__clkbuf_16)
                                                         clknet_2_0__leaf_aclk (net)
                      0.083922    0.003181    0.333595 ^ _2077_/CLK (sky130_fd_sc_hd__dfxtp_1)
                                  0.250000    0.583595   clock uncertainty
                                  0.000000    0.583595   clock reconvergence pessimism
                                 -0.029854    0.553742   library hold time
                                              0.553742   data required time
---------------------------------------------------------------------------------------------
                                              0.553742   data required time
                                             -0.971379   data arrival time
---------------------------------------------------------------------------------------------
                                              0.417638   slack (MET)


Startpoint: _2089_ (rising edge-triggered flip-flop clocked by aclk)
Endpoint: _2091_ (rising edge-triggered flip-flop clocked by aclk)
Path Group: aclk
Path Type: min

Fanout         Cap        Slew       Delay        Time   Description
---------------------------------------------------------------------------------------------
                                  0.000000    0.000000   clock aclk (rise edge)
                                  0.000000    0.000000   clock source latency
     2    0.029142    0.101726    0.071305    0.071305 ^ aclk (in)
                                                         aclk (net)
                      0.101840    0.000000    0.071305 ^ clkbuf_0_aclk/A (sky130_fd_sc_hd__clkbuf_16)
     9    0.056894    0.057754    0.125173    0.196477 ^ clkbuf_0_aclk/X (sky130_fd_sc_hd__clkbuf_16)
                                                         clknet_0_aclk (net)
                      0.057819    0.001690    0.198167 ^ clkbuf_2_0__f_aclk/A (sky130_fd_sc_hd__clkbuf_16)
    37    0.092803    0.083736    0.132247    0.330414 ^ clkbuf_2_0__f_aclk/X (sky130_fd_sc_hd__clkbuf_16)
                                                         clknet_2_0__leaf_aclk (net)
                      0.084034    0.003996    0.334410 ^ _2089_/CLK (sky130_fd_sc_hd__dfxtp_1)
     3    0.008155    0.034606    0.214124    0.548534 v _2089_/Q (sky130_fd_sc_hd__dfxtp_1)
                                                         net20 (net)
                      0.034607    0.000194    0.548728 v _1076_/A (sky130_fd_sc_hd__and3_1)
     3    0.007152    0.036564    0.103073    0.651801 v _1076_/X (sky130_fd_sc_hd__and3_1)
                                                         _0222_ (net)
                      0.036564    0.000164    0.651966 v _1083_/C_N (sky130_fd_sc_hd__or3b_1)
     3    0.009500    0.071074    0.136492    0.788457 ^ _1083_/X (sky130_fd_sc_hd__or3b_1)
                                                         _0228_ (net)
                      0.071074    0.000210    0.788667 ^ _1099_/A (sky130_fd_sc_hd__and2_1)
     1    0.002877    0.033415    0.077870    0.866537 ^ _1099_/X (sky130_fd_sc_hd__and2_1)
                                                         _0243_ (net)
                      0.033415    0.000056    0.866593 ^ _1100_/A2 (sky130_fd_sc_hd__o21ai_1)
     1    0.005428    0.029565    0.040188    0.906782 v _1100_/Y (sky130_fd_sc_hd__o21ai_1)
                                                         _0244_ (net)
                      0.029578    0.000214    0.906996 v _1101_/B1 (sky130_fd_sc_hd__o211a_1)
     1    0.002380    0.017309    0.072043    0.979039 v _1101_/X (sky130_fd_sc_hd__o211a_1)
                                                         _0019_ (net)
                      0.017309    0.000070    0.979109 v _2091_/D (sky130_fd_sc_hd__dfxtp_1)
                                              0.979109   data arrival time

                                  0.000000    0.000000   clock aclk (rise edge)
                                  0.000000    0.000000   clock source latency
     2    0.029142    0.101726    0.071305    0.071305 ^ aclk (in)
                                                         aclk (net)
                      0.101840    0.000000    0.071305 ^ clkbuf_0_aclk/A (sky130_fd_sc_hd__clkbuf_16)
     9    0.056894    0.057754    0.125173    0.196477 ^ clkbuf_0_aclk/X (sky130_fd_sc_hd__clkbuf_16)
                                                         clknet_0_aclk (net)
                      0.057819    0.001690    0.198167 ^ clkbuf_2_0__f_aclk/A (sky130_fd_sc_hd__clkbuf_16)
    37    0.092803    0.083736    0.132247    0.330414 ^ clkbuf_2_0__f_aclk/X (sky130_fd_sc_hd__clkbuf_16)
                                                         clknet_2_0__leaf_aclk (net)
                      0.083960    0.003475    0.333889 ^ _2091_/CLK (sky130_fd_sc_hd__dfxtp_1)
                                  0.250000    0.583889   clock uncertainty
                                  0.000000    0.583889   clock reconvergence pessimism
                                 -0.029827    0.554062   library hold time
                                              0.554062   data required time
---------------------------------------------------------------------------------------------
                                              0.554062   data required time
                                             -0.979109   data arrival time
---------------------------------------------------------------------------------------------
                                              0.425046   slack (MET)


Startpoint: _2072_ (rising edge-triggered flip-flop clocked by aclk)
Endpoint: _2114_ (rising edge-triggered flip-flop clocked by aclk)
Path Group: aclk
Path Type: min

Fanout         Cap        Slew       Delay        Time   Description
---------------------------------------------------------------------------------------------
                                  0.000000    0.000000   clock aclk (rise edge)
                                  0.000000    0.000000   clock source latency
     2    0.029142    0.101726    0.071305    0.071305 ^ aclk (in)
                                                         aclk (net)
                      0.101840    0.000000    0.071305 ^ clkbuf_0_aclk/A (sky130_fd_sc_hd__clkbuf_16)
     9    0.056894    0.057754    0.125173    0.196477 ^ clkbuf_0_aclk/X (sky130_fd_sc_hd__clkbuf_16)
                                                         clknet_0_aclk (net)
                      0.057819    0.001690    0.198167 ^ clkbuf_2_0__f_aclk/A (sky130_fd_sc_hd__clkbuf_16)
    37    0.092803    0.083736    0.132247    0.330414 ^ clkbuf_2_0__f_aclk/X (sky130_fd_sc_hd__clkbuf_16)
                                                         clknet_2_0__leaf_aclk (net)
                      0.083866    0.002674    0.333088 ^ _2072_/CLK (sky130_fd_sc_hd__dfxtp_1)
     3    0.012797    0.047501    0.226112    0.559199 v _2072_/Q (sky130_fd_sc_hd__dfxtp_1)
                                                         internal_valid (net)
                      0.047501    0.000184    0.559383 v _1073_/A (sky130_fd_sc_hd__and2_2)
     7    0.044804    0.084360    0.175106    0.734489 v _1073_/X (sky130_fd_sc_hd__and2_2)
                                                         _0219_ (net)
                      0.084413    0.001944    0.736433 v fanout82/A (sky130_fd_sc_hd__clkbuf_2)
    11    0.035340    0.094299    0.150164    0.886597 v fanout82/X (sky130_fd_sc_hd__clkbuf_2)
                                                         net82 (net)
                      0.094448    0.002775    0.889372 v _1905_/A (sky130_fd_sc_hd__nand2_1)
     1    0.002980    0.033656    0.060816    0.950188 ^ _1905_/Y (sky130_fd_sc_hd__nand2_1)
                                                         _1026_ (net)
                      0.033656    0.000085    0.950272 ^ _1906_/B1 (sky130_fd_sc_hd__o211a_1)
     1    0.002110    0.023380    0.063033    1.013305 ^ _1906_/X (sky130_fd_sc_hd__o211a_1)
                                                         _0042_ (net)
                      0.023380    0.000041    1.013346 ^ _2114_/D (sky130_fd_sc_hd__dfxtp_1)
                                              1.013346   data arrival time

                                  0.000000    0.000000   clock aclk (rise edge)
                                  0.000000    0.000000   clock source latency
     2    0.029142    0.101726    0.071305    0.071305 ^ aclk (in)
                                                         aclk (net)
                      0.101840    0.000000    0.071305 ^ clkbuf_0_aclk/A (sky130_fd_sc_hd__clkbuf_16)
     9    0.056894    0.057754    0.125173    0.196477 ^ clkbuf_0_aclk/X (sky130_fd_sc_hd__clkbuf_16)
                                                         clknet_0_aclk (net)
                      0.057815    0.001637    0.198114 ^ clkbuf_2_1__f_aclk/A (sky130_fd_sc_hd__clkbuf_16)
    27    0.085072    0.077862    0.126296    0.324410 ^ clkbuf_2_1__f_aclk/X (sky130_fd_sc_hd__clkbuf_16)
                                                         clknet_2_1__leaf_aclk (net)
                      0.079514    0.008942    0.333352 ^ _2114_/CLK (sky130_fd_sc_hd__dfxtp_1)
                                  0.250000    0.583352   clock uncertainty
                                  0.000000    0.583352   clock reconvergence pessimism
                                 -0.015607    0.567745   library hold time
                                              0.567745   data required time
---------------------------------------------------------------------------------------------
                                              0.567745   data required time
                                             -1.013346   data arrival time
---------------------------------------------------------------------------------------------
                                              0.445601   slack (MET)


Startpoint: _2081_ (rising edge-triggered flip-flop clocked by aclk)
Endpoint: _2081_ (rising edge-triggered flip-flop clocked by aclk)
Path Group: aclk
Path Type: min

Fanout         Cap        Slew       Delay        Time   Description
---------------------------------------------------------------------------------------------
                                  0.000000    0.000000   clock aclk (rise edge)
                                  0.000000    0.000000   clock source latency
     2    0.029142    0.101726    0.071305    0.071305 ^ aclk (in)
                                                         aclk (net)
                      0.101840    0.000000    0.071305 ^ clkbuf_0_aclk/A (sky130_fd_sc_hd__clkbuf_16)
     9    0.056894    0.057754    0.125173    0.196477 ^ clkbuf_0_aclk/X (sky130_fd_sc_hd__clkbuf_16)
                                                         clknet_0_aclk (net)
                      0.057819    0.001690    0.198167 ^ clkbuf_2_0__f_aclk/A (sky130_fd_sc_hd__clkbuf_16)
    37    0.092803    0.083736    0.132247    0.330414 ^ clkbuf_2_0__f_aclk/X (sky130_fd_sc_hd__clkbuf_16)
                                                         clknet_2_0__leaf_aclk (net)
                      0.083996    0.003739    0.334153 ^ _2081_/CLK (sky130_fd_sc_hd__dfxtp_1)
     1    0.003074    0.031289    0.200244    0.534397 ^ _2081_/Q (sky130_fd_sc_hd__dfxtp_1)
                                                         internal_rssi[0] (net)
                      0.031289    0.000095    0.534492 ^ fanout105/A (sky130_fd_sc_hd__buf_2)
    15    0.048173    0.177158    0.169780    0.704272 ^ fanout105/X (sky130_fd_sc_hd__buf_2)
                                                         net105 (net)
                      0.177165    0.000917    0.705189 ^ fanout104/A (sky130_fd_sc_hd__buf_2)
    10    0.038885    0.144248    0.175873    0.881062 ^ fanout104/X (sky130_fd_sc_hd__buf_2)
                                                         net104 (net)
                      0.144251    0.000579    0.881641 ^ _1057_/A (sky130_fd_sc_hd__or2_1)
     1    0.002811    0.030825    0.078413    0.960054 ^ _1057_/X (sky130_fd_sc_hd__or2_1)
                                                         _0211_ (net)
                      0.030825    0.000081    0.960135 ^ _1058_/B1 (sky130_fd_sc_hd__o211a_1)
     1    0.002061    0.023112    0.062176    1.022311 ^ _1058_/X (sky130_fd_sc_hd__o211a_1)
                                                         _0009_ (net)
                      0.023112    0.000059    1.022370 ^ _2081_/D (sky130_fd_sc_hd__dfxtp_1)
                                              1.022370   data arrival time

                                  0.000000    0.000000   clock aclk (rise edge)
                                  0.000000    0.000000   clock source latency
     2    0.029142    0.101726    0.071305    0.071305 ^ aclk (in)
                                                         aclk (net)
                      0.101840    0.000000    0.071305 ^ clkbuf_0_aclk/A (sky130_fd_sc_hd__clkbuf_16)
     9    0.056894    0.057754    0.125173    0.196477 ^ clkbuf_0_aclk/X (sky130_fd_sc_hd__clkbuf_16)
                                                         clknet_0_aclk (net)
                      0.057819    0.001690    0.198167 ^ clkbuf_2_0__f_aclk/A (sky130_fd_sc_hd__clkbuf_16)
    37    0.092803    0.083736    0.132247    0.330414 ^ clkbuf_2_0__f_aclk/X (sky130_fd_sc_hd__clkbuf_16)
                                                         clknet_2_0__leaf_aclk (net)
                      0.083996    0.003739    0.334153 ^ _2081_/CLK (sky130_fd_sc_hd__dfxtp_1)
                                  0.250000    0.584153   clock uncertainty
                                  0.000000    0.584153   clock reconvergence pessimism
                                 -0.015481    0.568672   library hold time
                                              0.568672   data required time
---------------------------------------------------------------------------------------------
                                              0.568672   data required time
                                             -1.022370   data arrival time
---------------------------------------------------------------------------------------------
                                              0.453698   slack (MET)


Startpoint: _2089_ (rising edge-triggered flip-flop clocked by aclk)
Endpoint: _2092_ (rising edge-triggered flip-flop clocked by aclk)
Path Group: aclk
Path Type: min

Fanout         Cap        Slew       Delay        Time   Description
---------------------------------------------------------------------------------------------
                                  0.000000    0.000000   clock aclk (rise edge)
                                  0.000000    0.000000   clock source latency
     2    0.029142    0.101726    0.071305    0.071305 ^ aclk (in)
                                                         aclk (net)
                      0.101840    0.000000    0.071305 ^ clkbuf_0_aclk/A (sky130_fd_sc_hd__clkbuf_16)
     9    0.056894    0.057754    0.125173    0.196477 ^ clkbuf_0_aclk/X (sky130_fd_sc_hd__clkbuf_16)
                                                         clknet_0_aclk (net)
                      0.057819    0.001690    0.198167 ^ clkbuf_2_0__f_aclk/A (sky130_fd_sc_hd__clkbuf_16)
    37    0.092803    0.083736    0.132247    0.330414 ^ clkbuf_2_0__f_aclk/X (sky130_fd_sc_hd__clkbuf_16)
                                                         clknet_2_0__leaf_aclk (net)
                      0.084034    0.003996    0.334410 ^ _2089_/CLK (sky130_fd_sc_hd__dfxtp_1)
     3    0.008155    0.034606    0.214124    0.548534 v _2089_/Q (sky130_fd_sc_hd__dfxtp_1)
                                                         net20 (net)
                      0.034607    0.000194    0.548728 v _1076_/A (sky130_fd_sc_hd__and3_1)
     3    0.007152    0.036564    0.103073    0.651801 v _1076_/X (sky130_fd_sc_hd__and3_1)
                                                         _0222_ (net)
                      0.036564    0.000164    0.651966 v _1083_/C_N (sky130_fd_sc_hd__or3b_1)
     3    0.009500    0.071074    0.136492    0.788457 ^ _1083_/X (sky130_fd_sc_hd__or3b_1)
                                                         _0228_ (net)
                      0.071074    0.000172    0.788629 ^ _1098_/A (sky130_fd_sc_hd__nor2_1)
     3    0.008320    0.039037    0.046810    0.835439 v _1098_/Y (sky130_fd_sc_hd__nor2_1)
                                                         _0242_ (net)
                      0.039038    0.000228    0.835667 v _1118_/A (sky130_fd_sc_hd__nor2_1)
     1    0.003616    0.062237    0.074743    0.910410 ^ _1118_/Y (sky130_fd_sc_hd__nor2_1)
                                                         _0261_ (net)
                      0.062237    0.000112    0.910522 ^ _1119_/A2 (sky130_fd_sc_hd__o21ai_1)
     1    0.002702    0.023339    0.035397    0.945920 v _1119_/Y (sky130_fd_sc_hd__o21ai_1)
                                                         _0262_ (net)
                      0.023339    0.000076    0.945996 v _1120_/B1 (sky130_fd_sc_hd__o211a_1)
     1    0.002472    0.017561    0.069780    1.015776 v _1120_/X (sky130_fd_sc_hd__o211a_1)
                                                         _0020_ (net)
                      0.017570    0.000074    1.015850 v _2092_/D (sky130_fd_sc_hd__dfxtp_1)
                                              1.015850   data arrival time

                                  0.000000    0.000000   clock aclk (rise edge)
                                  0.000000    0.000000   clock source latency
     2    0.029142    0.101726    0.071305    0.071305 ^ aclk (in)
                                                         aclk (net)
                      0.101840    0.000000    0.071305 ^ clkbuf_0_aclk/A (sky130_fd_sc_hd__clkbuf_16)
     9    0.056894    0.057754    0.125173    0.196477 ^ clkbuf_0_aclk/X (sky130_fd_sc_hd__clkbuf_16)
                                                         clknet_0_aclk (net)
                      0.057819    0.001690    0.198167 ^ clkbuf_2_0__f_aclk/A (sky130_fd_sc_hd__clkbuf_16)
    37    0.092803    0.083736    0.132247    0.330414 ^ clkbuf_2_0__f_aclk/X (sky130_fd_sc_hd__clkbuf_16)
                                                         clknet_2_0__leaf_aclk (net)
                      0.083976    0.003596    0.334010 ^ _2092_/CLK (sky130_fd_sc_hd__dfxtp_1)
                                  0.250000    0.584010   clock uncertainty
                                  0.000000    0.584010   clock reconvergence pessimism
                                 -0.029914    0.554096   library hold time
                                              0.554096   data required time
---------------------------------------------------------------------------------------------
                                              0.554096   data required time
                                             -1.015850   data arrival time
---------------------------------------------------------------------------------------------
                                              0.461754   slack (MET)


Startpoint: _2072_ (rising edge-triggered flip-flop clocked by aclk)
Endpoint: _2112_ (rising edge-triggered flip-flop clocked by aclk)
Path Group: aclk
Path Type: min

Fanout         Cap        Slew       Delay        Time   Description
---------------------------------------------------------------------------------------------
                                  0.000000    0.000000   clock aclk (rise edge)
                                  0.000000    0.000000   clock source latency
     2    0.029142    0.101726    0.071305    0.071305 ^ aclk (in)
                                                         aclk (net)
                      0.101840    0.000000    0.071305 ^ clkbuf_0_aclk/A (sky130_fd_sc_hd__clkbuf_16)
     9    0.056894    0.057754    0.125173    0.196477 ^ clkbuf_0_aclk/X (sky130_fd_sc_hd__clkbuf_16)
                                                         clknet_0_aclk (net)
                      0.057819    0.001690    0.198167 ^ clkbuf_2_0__f_aclk/A (sky130_fd_sc_hd__clkbuf_16)
    37    0.092803    0.083736    0.132247    0.330414 ^ clkbuf_2_0__f_aclk/X (sky130_fd_sc_hd__clkbuf_16)
                                                         clknet_2_0__leaf_aclk (net)
                      0.083866    0.002674    0.333088 ^ _2072_/CLK (sky130_fd_sc_hd__dfxtp_1)
     3    0.012797    0.047501    0.226112    0.559199 v _2072_/Q (sky130_fd_sc_hd__dfxtp_1)
                                                         internal_valid (net)
                      0.047501    0.000220    0.559419 v _1074_/A (sky130_fd_sc_hd__nand2_4)
    11    0.059295    0.134238    0.117759    0.677178 ^ _1074_/Y (sky130_fd_sc_hd__nand2_4)
                                                         _0220_ (net)
                      0.134257    0.001357    0.678535 ^ fanout79/A (sky130_fd_sc_hd__buf_4)
    21    0.088914    0.185803    0.199653    0.878187 ^ fanout79/X (sky130_fd_sc_hd__buf_4)
                                                         net79 (net)
                      0.186568    0.009714    0.887901 ^ _1843_/B1 (sky130_fd_sc_hd__a31o_1)
     1    0.003539    0.033706    0.063423    0.951324 ^ _1843_/X (sky130_fd_sc_hd__a31o_1)
                                                         _0966_ (net)
                      0.033706    0.000113    0.951437 ^ _1844_/B2 (sky130_fd_sc_hd__o221a_1)
     1    0.002100    0.029768    0.079537    1.030974 ^ _1844_/X (sky130_fd_sc_hd__o221a_1)
                                                         _0040_ (net)
                      0.029769    0.000059    1.031033 ^ _2112_/D (sky130_fd_sc_hd__dfxtp_1)
                                              1.031033   data arrival time

                                  0.000000    0.000000   clock aclk (rise edge)
                                  0.000000    0.000000   clock source latency
     2    0.029142    0.101726    0.071305    0.071305 ^ aclk (in)
                                                         aclk (net)
                      0.101840    0.000000    0.071305 ^ clkbuf_0_aclk/A (sky130_fd_sc_hd__clkbuf_16)
     9    0.056894    0.057754    0.125173    0.196477 ^ clkbuf_0_aclk/X (sky130_fd_sc_hd__clkbuf_16)
                                                         clknet_0_aclk (net)
                      0.057815    0.001637    0.198114 ^ clkbuf_2_1__f_aclk/A (sky130_fd_sc_hd__clkbuf_16)
    27    0.085072    0.077862    0.126296    0.324410 ^ clkbuf_2_1__f_aclk/X (sky130_fd_sc_hd__clkbuf_16)
                                                         clknet_2_1__leaf_aclk (net)
                      0.079405    0.008636    0.333046 ^ _2112_/CLK (sky130_fd_sc_hd__dfxtp_1)
                                  0.250000    0.583046   clock uncertainty
                                  0.000000    0.583046   clock reconvergence pessimism
                                 -0.016058    0.566988   library hold time
                                              0.566988   data required time
---------------------------------------------------------------------------------------------
                                              0.566988   data required time
                                             -1.031033   data arrival time
---------------------------------------------------------------------------------------------
                                              0.464045   slack (MET)


Startpoint: _2097_ (rising edge-triggered flip-flop clocked by aclk)
Endpoint: _2097_ (rising edge-triggered flip-flop clocked by aclk)
Path Group: aclk
Path Type: min

Fanout         Cap        Slew       Delay        Time   Description
---------------------------------------------------------------------------------------------
                                  0.000000    0.000000   clock aclk (rise edge)
                                  0.000000    0.000000   clock source latency
     2    0.029142    0.101726    0.071305    0.071305 ^ aclk (in)
                                                         aclk (net)
                      0.101840    0.000000    0.071305 ^ clkbuf_0_aclk/A (sky130_fd_sc_hd__clkbuf_16)
     9    0.056894    0.057754    0.125173    0.196477 ^ clkbuf_0_aclk/X (sky130_fd_sc_hd__clkbuf_16)
                                                         clknet_0_aclk (net)
                      0.057800    0.001449    0.197927 ^ clkbuf_2_2__f_aclk/A (sky130_fd_sc_hd__clkbuf_16)
    19    0.069267    0.066315    0.120107    0.318034 ^ clkbuf_2_2__f_aclk/X (sky130_fd_sc_hd__clkbuf_16)
                                                         clknet_2_2__leaf_aclk (net)
                      0.066412    0.001560    0.319594 ^ _2097_/CLK (sky130_fd_sc_hd__dfxtp_1)
     4    0.010482    0.080045    0.231452    0.551046 ^ _2097_/Q (sky130_fd_sc_hd__dfxtp_1)
                                                         net50 (net)
                      0.080045    0.000185    0.551230 ^ hold1/A (sky130_fd_sc_hd__dlygate4sd3_1)
     1    0.003344    0.040811    0.383245    0.934476 ^ hold1/X (sky130_fd_sc_hd__dlygate4sd3_1)
                                                         net137 (net)
                      0.040811    0.000101    0.934577 ^ _1299_/A1 (sky130_fd_sc_hd__o211a_1)
     1    0.002077    0.023215    0.083718    1.018296 ^ _1299_/X (sky130_fd_sc_hd__o211a_1)
                                                         _0025_ (net)
                      0.023215    0.000040    1.018336 ^ _2097_/D (sky130_fd_sc_hd__dfxtp_1)
                                              1.018336   data arrival time

                                  0.000000    0.000000   clock aclk (rise edge)
                                  0.000000    0.000000   clock source latency
     2    0.029142    0.101726    0.071305    0.071305 ^ aclk (in)
                                                         aclk (net)
                      0.101840    0.000000    0.071305 ^ clkbuf_0_aclk/A (sky130_fd_sc_hd__clkbuf_16)
     9    0.056894    0.057754    0.125173    0.196477 ^ clkbuf_0_aclk/X (sky130_fd_sc_hd__clkbuf_16)
                                                         clknet_0_aclk (net)
                      0.057800    0.001449    0.197927 ^ clkbuf_2_2__f_aclk/A (sky130_fd_sc_hd__clkbuf_16)
    19    0.069267    0.066315    0.120107    0.318034 ^ clkbuf_2_2__f_aclk/X (sky130_fd_sc_hd__clkbuf_16)
                                                         clknet_2_2__leaf_aclk (net)
                      0.066412    0.001560    0.319594 ^ _2097_/CLK (sky130_fd_sc_hd__dfxtp_1)
                                  0.250000    0.569594   clock uncertainty
                                  0.000000    0.569594   clock reconvergence pessimism
                                 -0.015907    0.553687   library hold time
                                              0.553687   data required time
---------------------------------------------------------------------------------------------
                                              0.553687   data required time
                                             -1.018336   data arrival time
---------------------------------------------------------------------------------------------
                                              0.464649   slack (MET)


Startpoint: _2101_ (rising edge-triggered flip-flop clocked by aclk)
Endpoint: _2101_ (rising edge-triggered flip-flop clocked by aclk)
Path Group: aclk
Path Type: min

Fanout         Cap        Slew       Delay        Time   Description
---------------------------------------------------------------------------------------------
                                  0.000000    0.000000   clock aclk (rise edge)
                                  0.000000    0.000000   clock source latency
     2    0.029142    0.101726    0.071305    0.071305 ^ aclk (in)
                                                         aclk (net)
                      0.101840    0.000000    0.071305 ^ clkbuf_0_aclk/A (sky130_fd_sc_hd__clkbuf_16)
     9    0.056894    0.057754    0.125173    0.196477 ^ clkbuf_0_aclk/X (sky130_fd_sc_hd__clkbuf_16)
                                                         clknet_0_aclk (net)
                      0.057804    0.001505    0.197982 ^ clkbuf_2_3__f_aclk/A (sky130_fd_sc_hd__clkbuf_16)
    27    0.088672    0.080658    0.130212    0.328194 ^ clkbuf_2_3__f_aclk/X (sky130_fd_sc_hd__clkbuf_16)
                                                         clknet_2_3__leaf_aclk (net)
                      0.080856    0.003199    0.331394 ^ _2101_/CLK (sky130_fd_sc_hd__dfxtp_1)
     4    0.010651    0.081157    0.236057    0.567451 ^ _2101_/Q (sky130_fd_sc_hd__dfxtp_1)
                                                         net23 (net)
                      0.081157    0.000184    0.567635 ^ hold3/A (sky130_fd_sc_hd__dlygate4sd3_1)
     1    0.003494    0.041791    0.384382    0.952017 ^ hold3/X (sky130_fd_sc_hd__dlygate4sd3_1)
                                                         net139 (net)
                      0.041791    0.000103    0.952120 ^ _1482_/A1 (sky130_fd_sc_hd__o211a_1)
     1    0.002047    0.023078    0.083741    1.035861 ^ _1482_/X (sky130_fd_sc_hd__o211a_1)
                                                         _0029_ (net)
                      0.023078    0.000040    1.035901 ^ _2101_/D (sky130_fd_sc_hd__dfxtp_1)
                                              1.035901   data arrival time

                                  0.000000    0.000000   clock aclk (rise edge)
                                  0.000000    0.000000   clock source latency
     2    0.029142    0.101726    0.071305    0.071305 ^ aclk (in)
                                                         aclk (net)
                      0.101840    0.000000    0.071305 ^ clkbuf_0_aclk/A (sky130_fd_sc_hd__clkbuf_16)
     9    0.056894    0.057754    0.125173    0.196477 ^ clkbuf_0_aclk/X (sky130_fd_sc_hd__clkbuf_16)
                                                         clknet_0_aclk (net)
                      0.057804    0.001505    0.197982 ^ clkbuf_2_3__f_aclk/A (sky130_fd_sc_hd__clkbuf_16)
    27    0.088672    0.080658    0.130212    0.328194 ^ clkbuf_2_3__f_aclk/X (sky130_fd_sc_hd__clkbuf_16)
                                                         clknet_2_3__leaf_aclk (net)
                      0.080856    0.003199    0.331394 ^ _2101_/CLK (sky130_fd_sc_hd__dfxtp_1)
                                  0.250000    0.581394   clock uncertainty
                                  0.000000    0.581394   clock reconvergence pessimism
                                 -0.015554    0.565840   library hold time
                                              0.565840   data required time
---------------------------------------------------------------------------------------------
                                              0.565840   data required time
                                             -1.035901   data arrival time
---------------------------------------------------------------------------------------------
                                              0.470061   slack (MET)


Startpoint: _2098_ (rising edge-triggered flip-flop clocked by aclk)
Endpoint: _2098_ (rising edge-triggered flip-flop clocked by aclk)
Path Group: aclk
Path Type: min

Fanout         Cap        Slew       Delay        Time   Description
---------------------------------------------------------------------------------------------
                                  0.000000    0.000000   clock aclk (rise edge)
                                  0.000000    0.000000   clock source latency
     2    0.029142    0.101726    0.071305    0.071305 ^ aclk (in)
                                                         aclk (net)
                      0.101840    0.000000    0.071305 ^ clkbuf_0_aclk/A (sky130_fd_sc_hd__clkbuf_16)
     9    0.056894    0.057754    0.125173    0.196477 ^ clkbuf_0_aclk/X (sky130_fd_sc_hd__clkbuf_16)
                                                         clknet_0_aclk (net)
                      0.057800    0.001449    0.197927 ^ clkbuf_2_2__f_aclk/A (sky130_fd_sc_hd__clkbuf_16)
    19    0.069267    0.066315    0.120107    0.318034 ^ clkbuf_2_2__f_aclk/X (sky130_fd_sc_hd__clkbuf_16)
                                                         clknet_2_2__leaf_aclk (net)
                      0.066414    0.001593    0.319627 ^ _2098_/CLK (sky130_fd_sc_hd__dfxtp_1)
     4    0.012145    0.091371    0.239393    0.559020 ^ _2098_/Q (sky130_fd_sc_hd__dfxtp_1)
                                                         net51 (net)
                      0.091371    0.000160    0.559180 ^ hold13/A (sky130_fd_sc_hd__dlygate4sd3_1)
     1    0.002937    0.038178    0.382428    0.941608 ^ hold13/X (sky130_fd_sc_hd__dlygate4sd3_1)
                                                         net149 (net)
                      0.038178    0.000060    0.941668 ^ _1342_/A1 (sky130_fd_sc_hd__o221a_1)
     1    0.002054    0.029331    0.088928    1.030596 ^ _1342_/X (sky130_fd_sc_hd__o221a_1)
                                                         _0026_ (net)
                      0.029331    0.000057    1.030653 ^ _2098_/D (sky130_fd_sc_hd__dfxtp_1)
                                              1.030653   data arrival time

                                  0.000000    0.000000   clock aclk (rise edge)
                                  0.000000    0.000000   clock source latency
     2    0.029142    0.101726    0.071305    0.071305 ^ aclk (in)
                                                         aclk (net)
                      0.101840    0.000000    0.071305 ^ clkbuf_0_aclk/A (sky130_fd_sc_hd__clkbuf_16)
     9    0.056894    0.057754    0.125173    0.196477 ^ clkbuf_0_aclk/X (sky130_fd_sc_hd__clkbuf_16)
                                                         clknet_0_aclk (net)
                      0.057800    0.001449    0.197927 ^ clkbuf_2_2__f_aclk/A (sky130_fd_sc_hd__clkbuf_16)
    19    0.069267    0.066315    0.120107    0.318034 ^ clkbuf_2_2__f_aclk/X (sky130_fd_sc_hd__clkbuf_16)
                                                         clknet_2_2__leaf_aclk (net)
                      0.066414    0.001593    0.319627 ^ _2098_/CLK (sky130_fd_sc_hd__dfxtp_1)
                                  0.250000    0.569627   clock uncertainty
                                  0.000000    0.569627   clock reconvergence pessimism
                                 -0.016337    0.553290   library hold time
                                              0.553290   data required time
---------------------------------------------------------------------------------------------
                                              0.553290   data required time
                                             -1.030653   data arrival time
---------------------------------------------------------------------------------------------
                                              0.477363   slack (MET)


Startpoint: _2100_ (rising edge-triggered flip-flop clocked by aclk)
Endpoint: _2100_ (rising edge-triggered flip-flop clocked by aclk)
Path Group: aclk
Path Type: min

Fanout         Cap        Slew       Delay        Time   Description
---------------------------------------------------------------------------------------------
                                  0.000000    0.000000   clock aclk (rise edge)
                                  0.000000    0.000000   clock source latency
     2    0.029142    0.101726    0.071305    0.071305 ^ aclk (in)
                                                         aclk (net)
                      0.101840    0.000000    0.071305 ^ clkbuf_0_aclk/A (sky130_fd_sc_hd__clkbuf_16)
     9    0.056894    0.057754    0.125173    0.196477 ^ clkbuf_0_aclk/X (sky130_fd_sc_hd__clkbuf_16)
                                                         clknet_0_aclk (net)
                      0.057804    0.001505    0.197982 ^ clkbuf_2_3__f_aclk/A (sky130_fd_sc_hd__clkbuf_16)
    27    0.088672    0.080658    0.130212    0.328194 ^ clkbuf_2_3__f_aclk/X (sky130_fd_sc_hd__clkbuf_16)
                                                         clknet_2_3__leaf_aclk (net)
                      0.080878    0.003368    0.331562 ^ _2100_/CLK (sky130_fd_sc_hd__dfxtp_1)
     4    0.011071    0.084019    0.238062    0.569624 ^ _2100_/Q (sky130_fd_sc_hd__dfxtp_1)
                                                         net22 (net)
                      0.084019    0.000209    0.569833 ^ hold11/A (sky130_fd_sc_hd__dlygate4sd3_1)
     1    0.003112    0.039310    0.382395    0.952228 ^ hold11/X (sky130_fd_sc_hd__dlygate4sd3_1)
                                                         net147 (net)
                      0.039310    0.000065    0.952292 ^ _1434_/A1 (sky130_fd_sc_hd__o221a_1)
     1    0.002495    0.032129    0.091771    1.044064 ^ _1434_/X (sky130_fd_sc_hd__o221a_1)
                                                         _0028_ (net)
                      0.032129    0.000073    1.044137 ^ _2100_/D (sky130_fd_sc_hd__dfxtp_1)
                                              1.044137   data arrival time

                                  0.000000    0.000000   clock aclk (rise edge)
                                  0.000000    0.000000   clock source latency
     2    0.029142    0.101726    0.071305    0.071305 ^ aclk (in)
                                                         aclk (net)
                      0.101840    0.000000    0.071305 ^ clkbuf_0_aclk/A (sky130_fd_sc_hd__clkbuf_16)
     9    0.056894    0.057754    0.125173    0.196477 ^ clkbuf_0_aclk/X (sky130_fd_sc_hd__clkbuf_16)
                                                         clknet_0_aclk (net)
                      0.057804    0.001505    0.197982 ^ clkbuf_2_3__f_aclk/A (sky130_fd_sc_hd__clkbuf_16)
    27    0.088672    0.080658    0.130212    0.328194 ^ clkbuf_2_3__f_aclk/X (sky130_fd_sc_hd__clkbuf_16)
                                                         clknet_2_3__leaf_aclk (net)
                      0.080878    0.003368    0.331562 ^ _2100_/CLK (sky130_fd_sc_hd__dfxtp_1)
                                  0.250000    0.581562   clock uncertainty
                                  0.000000    0.581562   clock reconvergence pessimism
                                 -0.016189    0.565373   library hold time
                                              0.565373   data required time
---------------------------------------------------------------------------------------------
                                              0.565373   data required time
                                             -1.044137   data arrival time
---------------------------------------------------------------------------------------------
                                              0.478763   slack (MET)


Startpoint: _2072_ (rising edge-triggered flip-flop clocked by aclk)
Endpoint: _2110_ (rising edge-triggered flip-flop clocked by aclk)
Path Group: aclk
Path Type: min

Fanout         Cap        Slew       Delay        Time   Description
---------------------------------------------------------------------------------------------
                                  0.000000    0.000000   clock aclk (rise edge)
                                  0.000000    0.000000   clock source latency
     2    0.029142    0.101726    0.071305    0.071305 ^ aclk (in)
                                                         aclk (net)
                      0.101840    0.000000    0.071305 ^ clkbuf_0_aclk/A (sky130_fd_sc_hd__clkbuf_16)
     9    0.056894    0.057754    0.125173    0.196477 ^ clkbuf_0_aclk/X (sky130_fd_sc_hd__clkbuf_16)
                                                         clknet_0_aclk (net)
                      0.057819    0.001690    0.198167 ^ clkbuf_2_0__f_aclk/A (sky130_fd_sc_hd__clkbuf_16)
    37    0.092803    0.083736    0.132247    0.330414 ^ clkbuf_2_0__f_aclk/X (sky130_fd_sc_hd__clkbuf_16)
                                                         clknet_2_0__leaf_aclk (net)
                      0.083866    0.002674    0.333088 ^ _2072_/CLK (sky130_fd_sc_hd__dfxtp_1)
     3    0.012797    0.047501    0.226112    0.559199 v _2072_/Q (sky130_fd_sc_hd__dfxtp_1)
                                                         internal_valid (net)
                      0.047501    0.000184    0.559383 v _1073_/A (sky130_fd_sc_hd__and2_2)
     7    0.044804    0.084360    0.175106    0.734489 v _1073_/X (sky130_fd_sc_hd__and2_2)
                                                         _0219_ (net)
                      0.084413    0.001944    0.736433 v fanout82/A (sky130_fd_sc_hd__clkbuf_2)
    11    0.035340    0.094299    0.150164    0.886597 v fanout82/X (sky130_fd_sc_hd__clkbuf_2)
                                                         net82 (net)
                      0.094315    0.001269    0.887866 v _1781_/A2 (sky130_fd_sc_hd__o211a_1)
     1    0.002233    0.017160    0.145996    1.033861 v _1781_/X (sky130_fd_sc_hd__o211a_1)
                                                         _0038_ (net)
                      0.017160    0.000064    1.033925 v _2110_/D (sky130_fd_sc_hd__dfxtp_1)
                                              1.033925   data arrival time

                                  0.000000    0.000000   clock aclk (rise edge)
                                  0.000000    0.000000   clock source latency
     2    0.029142    0.101726    0.071305    0.071305 ^ aclk (in)
                                                         aclk (net)
                      0.101840    0.000000    0.071305 ^ clkbuf_0_aclk/A (sky130_fd_sc_hd__clkbuf_16)
     9    0.056894    0.057754    0.125173    0.196477 ^ clkbuf_0_aclk/X (sky130_fd_sc_hd__clkbuf_16)
                                                         clknet_0_aclk (net)
                      0.057815    0.001637    0.198114 ^ clkbuf_2_1__f_aclk/A (sky130_fd_sc_hd__clkbuf_16)
    27    0.085072    0.077862    0.126296    0.324410 ^ clkbuf_2_1__f_aclk/X (sky130_fd_sc_hd__clkbuf_16)
                                                         clknet_2_1__leaf_aclk (net)
                      0.079140    0.007852    0.332262 ^ _2110_/CLK (sky130_fd_sc_hd__dfxtp_1)
                                  0.250000    0.582262   clock uncertainty
                                  0.000000    0.582262   clock reconvergence pessimism
                                 -0.030251    0.552011   library hold time
                                              0.552011   data required time
---------------------------------------------------------------------------------------------
                                              0.552011   data required time
                                             -1.033925   data arrival time
---------------------------------------------------------------------------------------------
                                              0.481914   slack (MET)


Startpoint: _2115_ (rising edge-triggered flip-flop clocked by aclk)
Endpoint: _2115_ (rising edge-triggered flip-flop clocked by aclk)
Path Group: aclk
Path Type: min

Fanout         Cap        Slew       Delay        Time   Description
---------------------------------------------------------------------------------------------
                                  0.000000    0.000000   clock aclk (rise edge)
                                  0.000000    0.000000   clock source latency
     2    0.029142    0.101726    0.071305    0.071305 ^ aclk (in)
                                                         aclk (net)
                      0.101840    0.000000    0.071305 ^ clkbuf_0_aclk/A (sky130_fd_sc_hd__clkbuf_16)
     9    0.056894    0.057754    0.125173    0.196477 ^ clkbuf_0_aclk/X (sky130_fd_sc_hd__clkbuf_16)
                                                         clknet_0_aclk (net)
                      0.057804    0.001505    0.197982 ^ clkbuf_2_3__f_aclk/A (sky130_fd_sc_hd__clkbuf_16)
    27    0.088672    0.080658    0.130212    0.328194 ^ clkbuf_2_3__f_aclk/X (sky130_fd_sc_hd__clkbuf_16)
                                                         clknet_2_3__leaf_aclk (net)
                      0.080912    0.003615    0.331809 ^ _2115_/CLK (sky130_fd_sc_hd__dfxtp_1)
     4    0.013441    0.100203    0.249295    0.581104 ^ _2115_/Q (sky130_fd_sc_hd__dfxtp_1)
                                                         net38 (net)
                      0.100203    0.000249    0.581353 ^ hold7/A (sky130_fd_sc_hd__dlygate4sd3_1)
     1    0.003604    0.042498    0.388099    0.969452 ^ hold7/X (sky130_fd_sc_hd__dlygate4sd3_1)
                                                         net143 (net)
                      0.042498    0.000118    0.969571 ^ _1935_/A1 (sky130_fd_sc_hd__o211a_1)
     1    0.002374    0.024747    0.085599    1.055169 ^ _1935_/X (sky130_fd_sc_hd__o211a_1)
                                                         _0043_ (net)
                      0.024749    0.000070    1.055239 ^ _2115_/D (sky130_fd_sc_hd__dfxtp_1)
                                              1.055239   data arrival time

                                  0.000000    0.000000   clock aclk (rise edge)
                                  0.000000    0.000000   clock source latency
     2    0.029142    0.101726    0.071305    0.071305 ^ aclk (in)
                                                         aclk (net)
                      0.101840    0.000000    0.071305 ^ clkbuf_0_aclk/A (sky130_fd_sc_hd__clkbuf_16)
     9    0.056894    0.057754    0.125173    0.196477 ^ clkbuf_0_aclk/X (sky130_fd_sc_hd__clkbuf_16)
                                                         clknet_0_aclk (net)
                      0.057804    0.001505    0.197982 ^ clkbuf_2_3__f_aclk/A (sky130_fd_sc_hd__clkbuf_16)
    27    0.088672    0.080658    0.130212    0.328194 ^ clkbuf_2_3__f_aclk/X (sky130_fd_sc_hd__clkbuf_16)
                                                         clknet_2_3__leaf_aclk (net)
                      0.080912    0.003615    0.331809 ^ _2115_/CLK (sky130_fd_sc_hd__dfxtp_1)
                                  0.250000    0.581809   clock uncertainty
                                  0.000000    0.581809   clock reconvergence pessimism
                                 -0.015670    0.566140   library hold time
                                              0.566140   data required time
---------------------------------------------------------------------------------------------
                                              0.566140   data required time
                                             -1.055239   data arrival time
---------------------------------------------------------------------------------------------
                                              0.489100   slack (MET)


Startpoint: _2102_ (rising edge-triggered flip-flop clocked by aclk)
Endpoint: _2102_ (rising edge-triggered flip-flop clocked by aclk)
Path Group: aclk
Path Type: min

Fanout         Cap        Slew       Delay        Time   Description
---------------------------------------------------------------------------------------------
                                  0.000000    0.000000   clock aclk (rise edge)
                                  0.000000    0.000000   clock source latency
     2    0.029142    0.101726    0.071305    0.071305 ^ aclk (in)
                                                         aclk (net)
                      0.101840    0.000000    0.071305 ^ clkbuf_0_aclk/A (sky130_fd_sc_hd__clkbuf_16)
     9    0.056894    0.057754    0.125173    0.196477 ^ clkbuf_0_aclk/X (sky130_fd_sc_hd__clkbuf_16)
                                                         clknet_0_aclk (net)
                      0.057804    0.001505    0.197982 ^ clkbuf_2_3__f_aclk/A (sky130_fd_sc_hd__clkbuf_16)
    27    0.088672    0.080658    0.130212    0.328194 ^ clkbuf_2_3__f_aclk/X (sky130_fd_sc_hd__clkbuf_16)
                                                         clknet_2_3__leaf_aclk (net)
                      0.080774    0.002475    0.330669 ^ _2102_/CLK (sky130_fd_sc_hd__dfxtp_1)
     4    0.012722    0.095269    0.245944    0.576613 ^ _2102_/Q (sky130_fd_sc_hd__dfxtp_1)
                                                         net24 (net)
                      0.095269    0.000162    0.576775 ^ hold15/A (sky130_fd_sc_hd__dlygate4sd3_1)
     1    0.003715    0.043225    0.388016    0.964791 ^ hold15/X (sky130_fd_sc_hd__dlygate4sd3_1)
                                                         net151 (net)
                      0.043710    0.000121    0.964913 ^ _1518_/A1 (sky130_fd_sc_hd__o221a_1)
     1    0.002259    0.030613    0.091348    1.056260 ^ _1518_/X (sky130_fd_sc_hd__o221a_1)
                                                         _0030_ (net)
                      0.030613    0.000064    1.056324 ^ _2102_/D (sky130_fd_sc_hd__dfxtp_1)
                                              1.056324   data arrival time

                                  0.000000    0.000000   clock aclk (rise edge)
                                  0.000000    0.000000   clock source latency
     2    0.029142    0.101726    0.071305    0.071305 ^ aclk (in)
                                                         aclk (net)
                      0.101840    0.000000    0.071305 ^ clkbuf_0_aclk/A (sky130_fd_sc_hd__clkbuf_16)
     9    0.056894    0.057754    0.125173    0.196477 ^ clkbuf_0_aclk/X (sky130_fd_sc_hd__clkbuf_16)
                                                         clknet_0_aclk (net)
                      0.057804    0.001505    0.197982 ^ clkbuf_2_3__f_aclk/A (sky130_fd_sc_hd__clkbuf_16)
    27    0.088672    0.080658    0.130212    0.328194 ^ clkbuf_2_3__f_aclk/X (sky130_fd_sc_hd__clkbuf_16)
                                                         clknet_2_3__leaf_aclk (net)
                      0.080774    0.002475    0.330669 ^ _2102_/CLK (sky130_fd_sc_hd__dfxtp_1)
                                  0.250000    0.580669   clock uncertainty
                                  0.000000    0.580669   clock reconvergence pessimism
                                 -0.016085    0.564584   library hold time
                                              0.564584   data required time
---------------------------------------------------------------------------------------------
                                              0.564584   data required time
                                             -1.056324   data arrival time
---------------------------------------------------------------------------------------------
                                              0.491740   slack (MET)


Startpoint: _2103_ (rising edge-triggered flip-flop clocked by aclk)
Endpoint: _2103_ (rising edge-triggered flip-flop clocked by aclk)
Path Group: aclk
Path Type: min

Fanout         Cap        Slew       Delay        Time   Description
---------------------------------------------------------------------------------------------
                                  0.000000    0.000000   clock aclk (rise edge)
                                  0.000000    0.000000   clock source latency
     2    0.029142    0.101726    0.071305    0.071305 ^ aclk (in)
                                                         aclk (net)
                      0.101840    0.000000    0.071305 ^ clkbuf_0_aclk/A (sky130_fd_sc_hd__clkbuf_16)
     9    0.056894    0.057754    0.125173    0.196477 ^ clkbuf_0_aclk/X (sky130_fd_sc_hd__clkbuf_16)
                                                         clknet_0_aclk (net)
                      0.057804    0.001505    0.197982 ^ clkbuf_2_3__f_aclk/A (sky130_fd_sc_hd__clkbuf_16)
    27    0.088672    0.080658    0.130212    0.328194 ^ clkbuf_2_3__f_aclk/X (sky130_fd_sc_hd__clkbuf_16)
                                                         clknet_2_3__leaf_aclk (net)
                      0.080859    0.003224    0.331418 ^ _2103_/CLK (sky130_fd_sc_hd__dfxtp_1)
     4    0.015172    0.111990    0.257640    0.589058 ^ _2103_/Q (sky130_fd_sc_hd__dfxtp_1)
                                                         net25 (net)
                      0.111990    0.000174    0.589232 ^ hold12/A (sky130_fd_sc_hd__dlygate4sd3_1)
     1    0.003224    0.039996    0.387514    0.976747 ^ hold12/X (sky130_fd_sc_hd__dlygate4sd3_1)
                                                         net148 (net)
                      0.039996    0.000098    0.976844 ^ _1556_/A1 (sky130_fd_sc_hd__o211a_1)
     1    0.002664    0.026291    0.086664    1.063508 ^ _1556_/X (sky130_fd_sc_hd__o211a_1)
                                                         _0031_ (net)
                      0.026291    0.000081    1.063589 ^ _2103_/D (sky130_fd_sc_hd__dfxtp_1)
                                              1.063589   data arrival time

                                  0.000000    0.000000   clock aclk (rise edge)
                                  0.000000    0.000000   clock source latency
     2    0.029142    0.101726    0.071305    0.071305 ^ aclk (in)
                                                         aclk (net)
                      0.101840    0.000000    0.071305 ^ clkbuf_0_aclk/A (sky130_fd_sc_hd__clkbuf_16)
     9    0.056894    0.057754    0.125173    0.196477 ^ clkbuf_0_aclk/X (sky130_fd_sc_hd__clkbuf_16)
                                                         clknet_0_aclk (net)
                      0.057804    0.001505    0.197982 ^ clkbuf_2_3__f_aclk/A (sky130_fd_sc_hd__clkbuf_16)
    27    0.088672    0.080658    0.130212    0.328194 ^ clkbuf_2_3__f_aclk/X (sky130_fd_sc_hd__clkbuf_16)
                                                         clknet_2_3__leaf_aclk (net)
                      0.080859    0.003224    0.331418 ^ _2103_/CLK (sky130_fd_sc_hd__dfxtp_1)
                                  0.250000    0.581418   clock uncertainty
                                  0.000000    0.581418   clock reconvergence pessimism
                                 -0.015779    0.565639   library hold time
                                              0.565639   data required time
---------------------------------------------------------------------------------------------
                                              0.565639   data required time
                                             -1.063589   data arrival time
---------------------------------------------------------------------------------------------
                                              0.497951   slack (MET)


Startpoint: _2088_ (rising edge-triggered flip-flop clocked by aclk)
Endpoint: _2088_ (rising edge-triggered flip-flop clocked by aclk)
Path Group: aclk
Path Type: min

Fanout         Cap        Slew       Delay        Time   Description
---------------------------------------------------------------------------------------------
                                  0.000000    0.000000   clock aclk (rise edge)
                                  0.000000    0.000000   clock source latency
     2    0.029142    0.101726    0.071305    0.071305 ^ aclk (in)
                                                         aclk (net)
                      0.101840    0.000000    0.071305 ^ clkbuf_0_aclk/A (sky130_fd_sc_hd__clkbuf_16)
     9    0.056894    0.057754    0.125173    0.196477 ^ clkbuf_0_aclk/X (sky130_fd_sc_hd__clkbuf_16)
                                                         clknet_0_aclk (net)
                      0.057819    0.001690    0.198167 ^ clkbuf_2_0__f_aclk/A (sky130_fd_sc_hd__clkbuf_16)
    37    0.092803    0.083736    0.132247    0.330414 ^ clkbuf_2_0__f_aclk/X (sky130_fd_sc_hd__clkbuf_16)
                                                         clknet_2_0__leaf_aclk (net)
                      0.083998    0.003751    0.334165 ^ _2088_/CLK (sky130_fd_sc_hd__dfxtp_1)
     5    0.025824    0.087231    0.256618    0.590783 v _2088_/Q (sky130_fd_sc_hd__dfxtp_1)
                                                         internal_rssi[7] (net)
                      0.087234    0.000591    0.591374 v fanout87/A (sky130_fd_sc_hd__buf_2)
    15    0.060326    0.100506    0.169179    0.760553 v fanout87/X (sky130_fd_sc_hd__buf_2)
                                                         net87 (net)
                      0.100518    0.000921    0.761474 v fanout85/A (sky130_fd_sc_hd__buf_2)
    21    0.053736    0.090628    0.166889    0.928363 v fanout85/X (sky130_fd_sc_hd__buf_2)
                                                         net85 (net)
                      0.090692    0.001072    0.929435 v _1071_/A (sky130_fd_sc_hd__or2_1)
     1    0.002646    0.031661    0.148843    1.078278 v _1071_/X (sky130_fd_sc_hd__or2_1)
                                                         _0218_ (net)
                      0.031661    0.000076    1.078354 v _1072_/B1 (sky130_fd_sc_hd__o211a_1)
     1    0.002123    0.016637    0.071983    1.150337 v _1072_/X (sky130_fd_sc_hd__o211a_1)
                                                         _0016_ (net)
                      0.016637    0.000061    1.150399 v _2088_/D (sky130_fd_sc_hd__dfxtp_1)
                                              1.150399   data arrival time

                                  0.000000    0.000000   clock aclk (rise edge)
                                  0.000000    0.000000   clock source latency
     2    0.029142    0.101726    0.071305    0.071305 ^ aclk (in)
                                                         aclk (net)
                      0.101840    0.000000    0.071305 ^ clkbuf_0_aclk/A (sky130_fd_sc_hd__clkbuf_16)
     9    0.056894    0.057754    0.125173    0.196477 ^ clkbuf_0_aclk/X (sky130_fd_sc_hd__clkbuf_16)
                                                         clknet_0_aclk (net)
                      0.057819    0.001690    0.198167 ^ clkbuf_2_0__f_aclk/A (sky130_fd_sc_hd__clkbuf_16)
    37    0.092803    0.083736    0.132247    0.330414 ^ clkbuf_2_0__f_aclk/X (sky130_fd_sc_hd__clkbuf_16)
                                                         clknet_2_0__leaf_aclk (net)
                      0.083998    0.003751    0.334165 ^ _2088_/CLK (sky130_fd_sc_hd__dfxtp_1)
                                  0.250000    0.584165   clock uncertainty
                                  0.000000    0.584165   clock reconvergence pessimism
                                 -0.029595    0.554570   library hold time
                                              0.554570   data required time
---------------------------------------------------------------------------------------------
                                              0.554570   data required time
                                             -1.150399   data arrival time
---------------------------------------------------------------------------------------------
                                              0.595829   slack (MET)


Startpoint: _2074_ (rising edge-triggered flip-flop clocked by aclk)
Endpoint: _2074_ (rising edge-triggered flip-flop clocked by aclk)
Path Group: aclk
Path Type: min

Fanout         Cap        Slew       Delay        Time   Description
---------------------------------------------------------------------------------------------
                                  0.000000    0.000000   clock aclk (rise edge)
                                  0.000000    0.000000   clock source latency
     2    0.029142    0.101726    0.071305    0.071305 ^ aclk (in)
                                                         aclk (net)
                      0.101840    0.000000    0.071305 ^ clkbuf_0_aclk/A (sky130_fd_sc_hd__clkbuf_16)
     9    0.056894    0.057754    0.125173    0.196477 ^ clkbuf_0_aclk/X (sky130_fd_sc_hd__clkbuf_16)
                                                         clknet_0_aclk (net)
                      0.057819    0.001690    0.198167 ^ clkbuf_2_0__f_aclk/A (sky130_fd_sc_hd__clkbuf_16)
    37    0.092803    0.083736    0.132247    0.330414 ^ clkbuf_2_0__f_aclk/X (sky130_fd_sc_hd__clkbuf_16)
                                                         clknet_2_0__leaf_aclk (net)
                      0.083859    0.002598    0.333012 ^ _2074_/CLK (sky130_fd_sc_hd__dfxtp_1)
     5    0.032701    0.107908    0.272558    0.605570 v _2074_/Q (sky130_fd_sc_hd__dfxtp_1)
                                                         internal_weight[1] (net)
                      0.107913    0.000829    0.606399 v fanout118/A (sky130_fd_sc_hd__clkbuf_2)
    17    0.039598    0.104673    0.167050    0.773449 v fanout118/X (sky130_fd_sc_hd__clkbuf_2)
                                                         net118 (net)
                      0.104673    0.000441    0.773890 v fanout117/A (sky130_fd_sc_hd__clkbuf_2)
    10    0.033544    0.090266    0.155340    0.929230 v fanout117/X (sky130_fd_sc_hd__clkbuf_2)
                                                         net117 (net)
                      0.090272    0.000768    0.929998 v _1043_/A (sky130_fd_sc_hd__or2_1)
     1    0.002666    0.031729    0.148807    1.078805 v _1043_/X (sky130_fd_sc_hd__or2_1)
                                                         _0204_ (net)
                      0.031729    0.000077    1.078882 v _1044_/B1 (sky130_fd_sc_hd__o211a_1)
     1    0.002241    0.016936    0.072438    1.151319 v _1044_/X (sky130_fd_sc_hd__o211a_1)
                                                         _0002_ (net)
                      0.016936    0.000063    1.151382 v _2074_/D (sky130_fd_sc_hd__dfxtp_1)
                                              1.151382   data arrival time

                                  0.000000    0.000000   clock aclk (rise edge)
                                  0.000000    0.000000   clock source latency
     2    0.029142    0.101726    0.071305    0.071305 ^ aclk (in)
                                                         aclk (net)
                      0.101840    0.000000    0.071305 ^ clkbuf_0_aclk/A (sky130_fd_sc_hd__clkbuf_16)
     9    0.056894    0.057754    0.125173    0.196477 ^ clkbuf_0_aclk/X (sky130_fd_sc_hd__clkbuf_16)
                                                         clknet_0_aclk (net)
                      0.057819    0.001690    0.198167 ^ clkbuf_2_0__f_aclk/A (sky130_fd_sc_hd__clkbuf_16)
    37    0.092803    0.083736    0.132247    0.330414 ^ clkbuf_2_0__f_aclk/X (sky130_fd_sc_hd__clkbuf_16)
                                                         clknet_2_0__leaf_aclk (net)
                      0.083859    0.002598    0.333012 ^ _2074_/CLK (sky130_fd_sc_hd__dfxtp_1)
                                  0.250000    0.583012   clock uncertainty
                                  0.000000    0.583012   clock reconvergence pessimism
                                 -0.029710    0.553302   library hold time
                                              0.553302   data required time
---------------------------------------------------------------------------------------------
                                              0.553302   data required time
                                             -1.151382   data arrival time
---------------------------------------------------------------------------------------------
                                              0.598080   slack (MET)


Startpoint: _2073_ (rising edge-triggered flip-flop clocked by aclk)
Endpoint: _2073_ (rising edge-triggered flip-flop clocked by aclk)
Path Group: aclk
Path Type: min

Fanout         Cap        Slew       Delay        Time   Description
---------------------------------------------------------------------------------------------
                                  0.000000    0.000000   clock aclk (rise edge)
                                  0.000000    0.000000   clock source latency
     2    0.029142    0.101726    0.071305    0.071305 ^ aclk (in)
                                                         aclk (net)
                      0.101840    0.000000    0.071305 ^ clkbuf_0_aclk/A (sky130_fd_sc_hd__clkbuf_16)
     9    0.056894    0.057754    0.125173    0.196477 ^ clkbuf_0_aclk/X (sky130_fd_sc_hd__clkbuf_16)
                                                         clknet_0_aclk (net)
                      0.057815    0.001637    0.198114 ^ clkbuf_2_1__f_aclk/A (sky130_fd_sc_hd__clkbuf_16)
    27    0.085072    0.077862    0.126296    0.324410 ^ clkbuf_2_1__f_aclk/X (sky130_fd_sc_hd__clkbuf_16)
                                                         clknet_2_1__leaf_aclk (net)
                      0.078565    0.005843    0.330252 ^ _2073_/CLK (sky130_fd_sc_hd__dfxtp_1)
     1    0.003881    0.022374    0.200889    0.531142 v _2073_/Q (sky130_fd_sc_hd__dfxtp_1)
                                                         internal_weight[0] (net)
                      0.022374    0.000128    0.531270 v fanout126/A (sky130_fd_sc_hd__buf_2)
    11    0.061751    0.103028    0.143504    0.674774 v fanout126/X (sky130_fd_sc_hd__buf_2)
                                                         net126 (net)
                      0.103037    0.000808    0.675582 v fanout123/A (sky130_fd_sc_hd__clkbuf_2)
    11    0.040626    0.107500    0.166052    0.841634 v fanout123/X (sky130_fd_sc_hd__clkbuf_2)
                                                         net123 (net)
                      0.107511    0.000924    0.842558 v fanout121/A (sky130_fd_sc_hd__buf_2)
    19    0.048256    0.082362    0.163621    1.006179 v fanout121/X (sky130_fd_sc_hd__buf_2)
                                                         net121 (net)
                      0.082462    0.001816    1.007994 v fanout120/A (sky130_fd_sc_hd__buf_1)
     5    0.014875    0.062596    0.112667    1.120661 v fanout120/X (sky130_fd_sc_hd__buf_1)
                                                         net120 (net)
                      0.062599    0.000455    1.121116 v _1041_/A (sky130_fd_sc_hd__or2_1)
     1    0.002831    0.032306    0.140641    1.261757 v _1041_/X (sky130_fd_sc_hd__or2_1)
                                                         _0203_ (net)
                      0.032306    0.000059    1.261815 v _1042_/B1 (sky130_fd_sc_hd__o211a_1)
     1    0.002249    0.016957    0.072708    1.334523 v _1042_/X (sky130_fd_sc_hd__o211a_1)
                                                         _0001_ (net)
                      0.016957    0.000065    1.334588 v _2073_/D (sky130_fd_sc_hd__dfxtp_1)
                                              1.334588   data arrival time

                                  0.000000    0.000000   clock aclk (rise edge)
                                  0.000000    0.000000   clock source latency
     2    0.029142    0.101726    0.071305    0.071305 ^ aclk (in)
                                                         aclk (net)
                      0.101840    0.000000    0.071305 ^ clkbuf_0_aclk/A (sky130_fd_sc_hd__clkbuf_16)
     9    0.056894    0.057754    0.125173    0.196477 ^ clkbuf_0_aclk/X (sky130_fd_sc_hd__clkbuf_16)
                                                         clknet_0_aclk (net)
                      0.057815    0.001637    0.198114 ^ clkbuf_2_1__f_aclk/A (sky130_fd_sc_hd__clkbuf_16)
    27    0.085072    0.077862    0.126296    0.324410 ^ clkbuf_2_1__f_aclk/X (sky130_fd_sc_hd__clkbuf_16)
                                                         clknet_2_1__leaf_aclk (net)
                      0.078565    0.005843    0.330252 ^ _2073_/CLK (sky130_fd_sc_hd__dfxtp_1)
                                  0.250000    0.580252   clock uncertainty
                                  0.000000    0.580252   clock reconvergence pessimism
                                 -0.030238    0.550014   library hold time
                                              0.550014   data required time
---------------------------------------------------------------------------------------------
                                              0.550014   data required time
                                             -1.334588   data arrival time
---------------------------------------------------------------------------------------------
                                              0.784574   slack (MET)


Startpoint: _2099_ (rising edge-triggered flip-flop clocked by aclk)
Endpoint: m_axis_tdata[10] (output port clocked by aclk)
Path Group: aclk
Path Type: min

Fanout         Cap        Slew       Delay        Time   Description
---------------------------------------------------------------------------------------------
                                  0.000000    0.000000   clock aclk (rise edge)
                                  0.000000    0.000000   clock source latency
     2    0.029142    0.101726    0.071305    0.071305 ^ aclk (in)
                                                         aclk (net)
                      0.101840    0.000000    0.071305 ^ clkbuf_0_aclk/A (sky130_fd_sc_hd__clkbuf_16)
     9    0.056894    0.057754    0.125173    0.196477 ^ clkbuf_0_aclk/X (sky130_fd_sc_hd__clkbuf_16)
                                                         clknet_0_aclk (net)
                      0.057800    0.001449    0.197927 ^ clkbuf_2_2__f_aclk/A (sky130_fd_sc_hd__clkbuf_16)
    19    0.069267    0.066315    0.120107    0.318034 ^ clkbuf_2_2__f_aclk/X (sky130_fd_sc_hd__clkbuf_16)
                                                         clknet_2_2__leaf_aclk (net)
                      0.066403    0.001435    0.319469 ^ _2099_/CLK (sky130_fd_sc_hd__dfxtp_1)
     4    0.009739    0.039021    0.214121    0.533591 v _2099_/Q (sky130_fd_sc_hd__dfxtp_1)
                                                         net21 (net)
                      0.039021    0.000163    0.533753 v output21/A (sky130_fd_sc_hd__buf_2)
     1    0.034136    0.062583    0.120661    0.654415 v output21/X (sky130_fd_sc_hd__buf_2)
                                                         m_axis_tdata[10] (net)
                      0.062590    0.000655    0.655070 v m_axis_tdata[10] (out)
                                              0.655070   data arrival time

                                  0.000000    0.000000   clock aclk (rise edge)
                                  0.000000    0.000000   clock network delay (propagated)
                                  0.250000    0.250000   clock uncertainty
                                  0.000000    0.250000   clock reconvergence pessimism
                                 -4.000000   -3.750000   output external delay
                                             -3.750000   data required time
---------------------------------------------------------------------------------------------
                                             -3.750000   data required time
                                             -0.655070   data arrival time
---------------------------------------------------------------------------------------------
                                              4.405070   slack (MET)


Startpoint: _2097_ (rising edge-triggered flip-flop clocked by aclk)
Endpoint: m_axis_tdata[8] (output port clocked by aclk)
Path Group: aclk
Path Type: min

Fanout         Cap        Slew       Delay        Time   Description
---------------------------------------------------------------------------------------------
                                  0.000000    0.000000   clock aclk (rise edge)
                                  0.000000    0.000000   clock source latency
     2    0.029142    0.101726    0.071305    0.071305 ^ aclk (in)
                                                         aclk (net)
                      0.101840    0.000000    0.071305 ^ clkbuf_0_aclk/A (sky130_fd_sc_hd__clkbuf_16)
     9    0.056894    0.057754    0.125173    0.196477 ^ clkbuf_0_aclk/X (sky130_fd_sc_hd__clkbuf_16)
                                                         clknet_0_aclk (net)
                      0.057800    0.001449    0.197927 ^ clkbuf_2_2__f_aclk/A (sky130_fd_sc_hd__clkbuf_16)
    19    0.069267    0.066315    0.120107    0.318034 ^ clkbuf_2_2__f_aclk/X (sky130_fd_sc_hd__clkbuf_16)
                                                         clknet_2_2__leaf_aclk (net)
                      0.066412    0.001560    0.319594 ^ _2097_/CLK (sky130_fd_sc_hd__dfxtp_1)
     4    0.009817    0.039191    0.214312    0.533905 v _2097_/Q (sky130_fd_sc_hd__dfxtp_1)
                                                         net50 (net)
                      0.039192    0.000254    0.534160 v output50/A (sky130_fd_sc_hd__buf_2)
     1    0.034122    0.062564    0.120711    0.654870 v output50/X (sky130_fd_sc_hd__buf_2)
                                                         m_axis_tdata[8] (net)
                      0.062570    0.000656    0.655526 v m_axis_tdata[8] (out)
                                              0.655526   data arrival time

                                  0.000000    0.000000   clock aclk (rise edge)
                                  0.000000    0.000000   clock network delay (propagated)
                                  0.250000    0.250000   clock uncertainty
                                  0.000000    0.250000   clock reconvergence pessimism
                                 -4.000000   -3.750000   output external delay
                                             -3.750000   data required time
---------------------------------------------------------------------------------------------
                                             -3.750000   data required time
                                             -0.655526   data arrival time
---------------------------------------------------------------------------------------------
                                              4.405526   slack (MET)


Startpoint: _2121_ (rising edge-triggered flip-flop clocked by aclk)
Endpoint: m_axis_tvalid (output port clocked by aclk)
Path Group: aclk
Path Type: min

Fanout         Cap        Slew       Delay        Time   Description
---------------------------------------------------------------------------------------------
                                  0.000000    0.000000   clock aclk (rise edge)
                                  0.000000    0.000000   clock source latency
     2    0.029142    0.101726    0.071305    0.071305 ^ aclk (in)
                                                         aclk (net)
                      0.101840    0.000000    0.071305 ^ clkbuf_0_aclk/A (sky130_fd_sc_hd__clkbuf_16)
     9    0.056894    0.057754    0.125173    0.196477 ^ clkbuf_0_aclk/X (sky130_fd_sc_hd__clkbuf_16)
                                                         clknet_0_aclk (net)
                      0.057815    0.001637    0.198114 ^ clkbuf_2_1__f_aclk/A (sky130_fd_sc_hd__clkbuf_16)
    27    0.085072    0.077862    0.126296    0.324410 ^ clkbuf_2_1__f_aclk/X (sky130_fd_sc_hd__clkbuf_16)
                                                         clknet_2_1__leaf_aclk (net)
                      0.078679    0.006289    0.330698 ^ _2121_/CLK (sky130_fd_sc_hd__dfxtp_1)
     2    0.006653    0.030113    0.208618    0.539317 v _2121_/Q (sky130_fd_sc_hd__dfxtp_1)
                                                         net52 (net)
                      0.030113    0.000186    0.539503 v output52/A (sky130_fd_sc_hd__buf_2)
     1    0.034168    0.062649    0.117095    0.656597 v output52/X (sky130_fd_sc_hd__buf_2)
                                                         m_axis_tvalid (net)
                      0.062657    0.000706    0.657303 v m_axis_tvalid (out)
                                              0.657303   data arrival time

                                  0.000000    0.000000   clock aclk (rise edge)
                                  0.000000    0.000000   clock network delay (propagated)
                                  0.250000    0.250000   clock uncertainty
                                  0.000000    0.250000   clock reconvergence pessimism
                                 -4.000000   -3.750000   output external delay
                                             -3.750000   data required time
---------------------------------------------------------------------------------------------
                                             -3.750000   data required time
                                             -0.657303   data arrival time
---------------------------------------------------------------------------------------------
                                              4.407303   slack (MET)


Startpoint: _2098_ (rising edge-triggered flip-flop clocked by aclk)
Endpoint: m_axis_tdata[9] (output port clocked by aclk)
Path Group: aclk
Path Type: min

Fanout         Cap        Slew       Delay        Time   Description
---------------------------------------------------------------------------------------------
                                  0.000000    0.000000   clock aclk (rise edge)
                                  0.000000    0.000000   clock source latency
     2    0.029142    0.101726    0.071305    0.071305 ^ aclk (in)
                                                         aclk (net)
                      0.101840    0.000000    0.071305 ^ clkbuf_0_aclk/A (sky130_fd_sc_hd__clkbuf_16)
     9    0.056894    0.057754    0.125173    0.196477 ^ clkbuf_0_aclk/X (sky130_fd_sc_hd__clkbuf_16)
                                                         clknet_0_aclk (net)
                      0.057800    0.001449    0.197927 ^ clkbuf_2_2__f_aclk/A (sky130_fd_sc_hd__clkbuf_16)
    19    0.069267    0.066315    0.120107    0.318034 ^ clkbuf_2_2__f_aclk/X (sky130_fd_sc_hd__clkbuf_16)
                                                         clknet_2_2__leaf_aclk (net)
                      0.066414    0.001593    0.319627 ^ _2098_/CLK (sky130_fd_sc_hd__dfxtp_1)
     4    0.011480    0.043582    0.218546    0.538173 v _2098_/Q (sky130_fd_sc_hd__dfxtp_1)
                                                         net51 (net)
                      0.043583    0.000248    0.538422 v output51/A (sky130_fd_sc_hd__buf_2)
     1    0.034127    0.062571    0.122476    0.660897 v output51/X (sky130_fd_sc_hd__buf_2)
                                                         m_axis_tdata[9] (net)
                      0.062578    0.000656    0.661553 v m_axis_tdata[9] (out)
                                              0.661553   data arrival time

                                  0.000000    0.000000   clock aclk (rise edge)
                                  0.000000    0.000000   clock network delay (propagated)
                                  0.250000    0.250000   clock uncertainty
                                  0.000000    0.250000   clock reconvergence pessimism
                                 -4.000000   -3.750000   output external delay
                                             -3.750000   data required time
---------------------------------------------------------------------------------------------
                                             -3.750000   data required time
                                             -0.661553   data arrival time
---------------------------------------------------------------------------------------------
                                              4.411553   slack (MET)


Startpoint: _2096_ (rising edge-triggered flip-flop clocked by aclk)
Endpoint: m_axis_tdata[7] (output port clocked by aclk)
Path Group: aclk
Path Type: min

Fanout         Cap        Slew       Delay        Time   Description
---------------------------------------------------------------------------------------------
                                  0.000000    0.000000   clock aclk (rise edge)
                                  0.000000    0.000000   clock source latency
     2    0.029142    0.101726    0.071305    0.071305 ^ aclk (in)
                                                         aclk (net)
                      0.101840    0.000000    0.071305 ^ clkbuf_0_aclk/A (sky130_fd_sc_hd__clkbuf_16)
     9    0.056894    0.057754    0.125173    0.196477 ^ clkbuf_0_aclk/X (sky130_fd_sc_hd__clkbuf_16)
                                                         clknet_0_aclk (net)
                      0.057800    0.001449    0.197927 ^ clkbuf_2_2__f_aclk/A (sky130_fd_sc_hd__clkbuf_16)
    19    0.069267    0.066315    0.120107    0.318034 ^ clkbuf_2_2__f_aclk/X (sky130_fd_sc_hd__clkbuf_16)
                                                         clknet_2_2__leaf_aclk (net)
                      0.066462    0.002122    0.320156 ^ _2096_/CLK (sky130_fd_sc_hd__dfxtp_1)
     4    0.012366    0.046239    0.220655    0.540812 v _2096_/Q (sky130_fd_sc_hd__dfxtp_1)
                                                         net49 (net)
                      0.046240    0.000237    0.541049 v output49/A (sky130_fd_sc_hd__buf_2)
     1    0.034323    0.062890    0.123734    0.664783 v output49/X (sky130_fd_sc_hd__buf_2)
                                                         m_axis_tdata[7] (net)
                      0.062898    0.000732    0.665516 v m_axis_tdata[7] (out)
                                              0.665516   data arrival time

                                  0.000000    0.000000   clock aclk (rise edge)
                                  0.000000    0.000000   clock network delay (propagated)
                                  0.250000    0.250000   clock uncertainty
                                  0.000000    0.250000   clock reconvergence pessimism
                                 -4.000000   -3.750000   output external delay
                                             -3.750000   data required time
---------------------------------------------------------------------------------------------
                                             -3.750000   data required time
                                             -0.665516   data arrival time
---------------------------------------------------------------------------------------------
                                              4.415515   slack (MET)


Startpoint: _2095_ (rising edge-triggered flip-flop clocked by aclk)
Endpoint: m_axis_tdata[6] (output port clocked by aclk)
Path Group: aclk
Path Type: min

Fanout         Cap        Slew       Delay        Time   Description
---------------------------------------------------------------------------------------------
                                  0.000000    0.000000   clock aclk (rise edge)
                                  0.000000    0.000000   clock source latency
     2    0.029142    0.101726    0.071305    0.071305 ^ aclk (in)
                                                         aclk (net)
                      0.101840    0.000000    0.071305 ^ clkbuf_0_aclk/A (sky130_fd_sc_hd__clkbuf_16)
     9    0.056894    0.057754    0.125173    0.196477 ^ clkbuf_0_aclk/X (sky130_fd_sc_hd__clkbuf_16)
                                                         clknet_0_aclk (net)
                      0.057800    0.001449    0.197927 ^ clkbuf_2_2__f_aclk/A (sky130_fd_sc_hd__clkbuf_16)
    19    0.069267    0.066315    0.120107    0.318034 ^ clkbuf_2_2__f_aclk/X (sky130_fd_sc_hd__clkbuf_16)
                                                         clknet_2_2__leaf_aclk (net)
                      0.066468    0.002175    0.320209 ^ _2095_/CLK (sky130_fd_sc_hd__dfxtp_1)
     4    0.012739    0.047395    0.221442    0.541651 v _2095_/Q (sky130_fd_sc_hd__dfxtp_1)
                                                         net48 (net)
                      0.047398    0.000424    0.542075 v output48/A (sky130_fd_sc_hd__buf_2)
     1    0.034688    0.063464    0.124598    0.666672 v output48/X (sky130_fd_sc_hd__buf_2)
                                                         m_axis_tdata[6] (net)
                      0.063475    0.000821    0.667494 v m_axis_tdata[6] (out)
                                              0.667494   data arrival time

                                  0.000000    0.000000   clock aclk (rise edge)
                                  0.000000    0.000000   clock network delay (propagated)
                                  0.250000    0.250000   clock uncertainty
                                  0.000000    0.250000   clock reconvergence pessimism
                                 -4.000000   -3.750000   output external delay
                                             -3.750000   data required time
---------------------------------------------------------------------------------------------
                                             -3.750000   data required time
                                             -0.667494   data arrival time
---------------------------------------------------------------------------------------------
                                              4.417494   slack (MET)


Startpoint: _2089_ (rising edge-triggered flip-flop clocked by aclk)
Endpoint: m_axis_tdata[0] (output port clocked by aclk)
Path Group: aclk
Path Type: min

Fanout         Cap        Slew       Delay        Time   Description
---------------------------------------------------------------------------------------------
                                  0.000000    0.000000   clock aclk (rise edge)
                                  0.000000    0.000000   clock source latency
     2    0.029142    0.101726    0.071305    0.071305 ^ aclk (in)
                                                         aclk (net)
                      0.101840    0.000000    0.071305 ^ clkbuf_0_aclk/A (sky130_fd_sc_hd__clkbuf_16)
     9    0.056894    0.057754    0.125173    0.196477 ^ clkbuf_0_aclk/X (sky130_fd_sc_hd__clkbuf_16)
                                                         clknet_0_aclk (net)
                      0.057819    0.001690    0.198167 ^ clkbuf_2_0__f_aclk/A (sky130_fd_sc_hd__clkbuf_16)
    37    0.092803    0.083736    0.132247    0.330414 ^ clkbuf_2_0__f_aclk/X (sky130_fd_sc_hd__clkbuf_16)
                                                         clknet_2_0__leaf_aclk (net)
                      0.084034    0.003996    0.334410 ^ _2089_/CLK (sky130_fd_sc_hd__dfxtp_1)
     3    0.008155    0.034606    0.214124    0.548534 v _2089_/Q (sky130_fd_sc_hd__dfxtp_1)
                                                         net20 (net)
                      0.034607    0.000205    0.548739 v output20/A (sky130_fd_sc_hd__buf_2)
     1    0.034219    0.062725    0.118960    0.667699 v output20/X (sky130_fd_sc_hd__buf_2)
                                                         m_axis_tdata[0] (net)
                      0.062733    0.000706    0.668406 v m_axis_tdata[0] (out)
                                              0.668406   data arrival time

                                  0.000000    0.000000   clock aclk (rise edge)
                                  0.000000    0.000000   clock network delay (propagated)
                                  0.250000    0.250000   clock uncertainty
                                  0.000000    0.250000   clock reconvergence pessimism
                                 -4.000000   -3.750000   output external delay
                                             -3.750000   data required time
---------------------------------------------------------------------------------------------
                                             -3.750000   data required time
                                             -0.668406   data arrival time
---------------------------------------------------------------------------------------------
                                              4.418406   slack (MET)


Startpoint: _2101_ (rising edge-triggered flip-flop clocked by aclk)
Endpoint: m_axis_tdata[12] (output port clocked by aclk)
Path Group: aclk
Path Type: min

Fanout         Cap        Slew       Delay        Time   Description
---------------------------------------------------------------------------------------------
                                  0.000000    0.000000   clock aclk (rise edge)
                                  0.000000    0.000000   clock source latency
     2    0.029142    0.101726    0.071305    0.071305 ^ aclk (in)
                                                         aclk (net)
                      0.101840    0.000000    0.071305 ^ clkbuf_0_aclk/A (sky130_fd_sc_hd__clkbuf_16)
     9    0.056894    0.057754    0.125173    0.196477 ^ clkbuf_0_aclk/X (sky130_fd_sc_hd__clkbuf_16)
                                                         clknet_0_aclk (net)
                      0.057804    0.001505    0.197982 ^ clkbuf_2_3__f_aclk/A (sky130_fd_sc_hd__clkbuf_16)
    27    0.088672    0.080658    0.130212    0.328194 ^ clkbuf_2_3__f_aclk/X (sky130_fd_sc_hd__clkbuf_16)
                                                         clknet_2_3__leaf_aclk (net)
                      0.080856    0.003199    0.331394 ^ _2101_/CLK (sky130_fd_sc_hd__dfxtp_1)
     4    0.009986    0.039510    0.218431    0.549824 v _2101_/Q (sky130_fd_sc_hd__dfxtp_1)
                                                         net23 (net)
                      0.039510    0.000197    0.550021 v output23/A (sky130_fd_sc_hd__buf_2)
     1    0.034126    0.062570    0.120842    0.670863 v output23/X (sky130_fd_sc_hd__buf_2)
                                                         m_axis_tdata[12] (net)
                      0.062577    0.000657    0.671520 v m_axis_tdata[12] (out)
                                              0.671520   data arrival time

                                  0.000000    0.000000   clock aclk (rise edge)
                                  0.000000    0.000000   clock network delay (propagated)
                                  0.250000    0.250000   clock uncertainty
                                  0.000000    0.250000   clock reconvergence pessimism
                                 -4.000000   -3.750000   output external delay
                                             -3.750000   data required time
---------------------------------------------------------------------------------------------
                                             -3.750000   data required time
                                             -0.671520   data arrival time
---------------------------------------------------------------------------------------------
                                              4.421520   slack (MET)


Startpoint: _2108_ (rising edge-triggered flip-flop clocked by aclk)
Endpoint: m_axis_tdata[19] (output port clocked by aclk)
Path Group: aclk
Path Type: min

Fanout         Cap        Slew       Delay        Time   Description
---------------------------------------------------------------------------------------------
                                  0.000000    0.000000   clock aclk (rise edge)
                                  0.000000    0.000000   clock source latency
     2    0.029142    0.101726    0.071305    0.071305 ^ aclk (in)
                                                         aclk (net)
                      0.101840    0.000000    0.071305 ^ clkbuf_0_aclk/A (sky130_fd_sc_hd__clkbuf_16)
     9    0.056894    0.057754    0.125173    0.196477 ^ clkbuf_0_aclk/X (sky130_fd_sc_hd__clkbuf_16)
                                                         clknet_0_aclk (net)
                      0.057815    0.001637    0.198114 ^ clkbuf_2_1__f_aclk/A (sky130_fd_sc_hd__clkbuf_16)
    27    0.085072    0.077862    0.126296    0.324410 ^ clkbuf_2_1__f_aclk/X (sky130_fd_sc_hd__clkbuf_16)
                                                         clknet_2_1__leaf_aclk (net)
                      0.078845    0.006890    0.331300 ^ _2108_/CLK (sky130_fd_sc_hd__dfxtp_1)
     4    0.010371    0.040306    0.218970    0.550270 v _2108_/Q (sky130_fd_sc_hd__dfxtp_1)
                                                         net30 (net)
                      0.040307    0.000301    0.550571 v output30/A (sky130_fd_sc_hd__buf_2)
     1    0.033947    0.062288    0.120964    0.671535 v output30/X (sky130_fd_sc_hd__buf_2)
                                                         m_axis_tdata[19] (net)
                      0.062294    0.000614    0.672149 v m_axis_tdata[19] (out)
                                              0.672149   data arrival time

                                  0.000000    0.000000   clock aclk (rise edge)
                                  0.000000    0.000000   clock network delay (propagated)
                                  0.250000    0.250000   clock uncertainty
                                  0.000000    0.250000   clock reconvergence pessimism
                                 -4.000000   -3.750000   output external delay
                                             -3.750000   data required time
---------------------------------------------------------------------------------------------
                                             -3.750000   data required time
                                             -0.672149   data arrival time
---------------------------------------------------------------------------------------------
                                              4.422149   slack (MET)


Startpoint: _2100_ (rising edge-triggered flip-flop clocked by aclk)
Endpoint: m_axis_tdata[11] (output port clocked by aclk)
Path Group: aclk
Path Type: min

Fanout         Cap        Slew       Delay        Time   Description
---------------------------------------------------------------------------------------------
                                  0.000000    0.000000   clock aclk (rise edge)
                                  0.000000    0.000000   clock source latency
     2    0.029142    0.101726    0.071305    0.071305 ^ aclk (in)
                                                         aclk (net)
                      0.101840    0.000000    0.071305 ^ clkbuf_0_aclk/A (sky130_fd_sc_hd__clkbuf_16)
     9    0.056894    0.057754    0.125173    0.196477 ^ clkbuf_0_aclk/X (sky130_fd_sc_hd__clkbuf_16)
                                                         clknet_0_aclk (net)
                      0.057804    0.001505    0.197982 ^ clkbuf_2_3__f_aclk/A (sky130_fd_sc_hd__clkbuf_16)
    27    0.088672    0.080658    0.130212    0.328194 ^ clkbuf_2_3__f_aclk/X (sky130_fd_sc_hd__clkbuf_16)
                                                         clknet_2_3__leaf_aclk (net)
                      0.080878    0.003368    0.331562 ^ _2100_/CLK (sky130_fd_sc_hd__dfxtp_1)
     4    0.010406    0.040380    0.219602    0.551164 v _2100_/Q (sky130_fd_sc_hd__dfxtp_1)
                                                         net22 (net)
                      0.040380    0.000198    0.551362 v output22/A (sky130_fd_sc_hd__buf_2)
     1    0.033962    0.062309    0.121015    0.672377 v output22/X (sky130_fd_sc_hd__buf_2)
                                                         m_axis_tdata[11] (net)
                      0.062315    0.000613    0.672989 v m_axis_tdata[11] (out)
                                              0.672989   data arrival time

                                  0.000000    0.000000   clock aclk (rise edge)
                                  0.000000    0.000000   clock network delay (propagated)
                                  0.250000    0.250000   clock uncertainty
                                  0.000000    0.250000   clock reconvergence pessimism
                                 -4.000000   -3.750000   output external delay
                                             -3.750000   data required time
---------------------------------------------------------------------------------------------
                                             -3.750000   data required time
                                             -0.672989   data arrival time
---------------------------------------------------------------------------------------------
                                              4.422989   slack (MET)


Startpoint: _2118_ (rising edge-triggered flip-flop clocked by aclk)
Endpoint: m_axis_tdata[29] (output port clocked by aclk)
Path Group: aclk
Path Type: min

Fanout         Cap        Slew       Delay        Time   Description
---------------------------------------------------------------------------------------------
                                  0.000000    0.000000   clock aclk (rise edge)
                                  0.000000    0.000000   clock source latency
     2    0.029142    0.101726    0.071305    0.071305 ^ aclk (in)
                                                         aclk (net)
                      0.101840    0.000000    0.071305 ^ clkbuf_0_aclk/A (sky130_fd_sc_hd__clkbuf_16)
     9    0.056894    0.057754    0.125173    0.196477 ^ clkbuf_0_aclk/X (sky130_fd_sc_hd__clkbuf_16)
                                                         clknet_0_aclk (net)
                      0.057804    0.001505    0.197982 ^ clkbuf_2_3__f_aclk/A (sky130_fd_sc_hd__clkbuf_16)
    27    0.088672    0.080658    0.130212    0.328194 ^ clkbuf_2_3__f_aclk/X (sky130_fd_sc_hd__clkbuf_16)
                                                         clknet_2_3__leaf_aclk (net)
                      0.080888    0.003447    0.331641 ^ _2118_/CLK (sky130_fd_sc_hd__dfxtp_1)
     4    0.010406    0.040384    0.219593    0.551235 v _2118_/Q (sky130_fd_sc_hd__dfxtp_1)
                                                         net41 (net)
                      0.040384    0.000194    0.551429 v output41/A (sky130_fd_sc_hd__buf_2)
     1    0.033991    0.062360    0.121037    0.672466 v output41/X (sky130_fd_sc_hd__buf_2)
                                                         m_axis_tdata[29] (net)
                      0.062366    0.000634    0.673100 v m_axis_tdata[29] (out)
                                              0.673100   data arrival time

                                  0.000000    0.000000   clock aclk (rise edge)
                                  0.000000    0.000000   clock network delay (propagated)
                                  0.250000    0.250000   clock uncertainty
                                  0.000000    0.250000   clock reconvergence pessimism
                                 -4.000000   -3.750000   output external delay
                                             -3.750000   data required time
---------------------------------------------------------------------------------------------
                                             -3.750000   data required time
                                             -0.673100   data arrival time
---------------------------------------------------------------------------------------------
                                              4.423100   slack (MET)


Startpoint: _2120_ (rising edge-triggered flip-flop clocked by aclk)
Endpoint: m_axis_tdata[31] (output port clocked by aclk)
Path Group: aclk
Path Type: min

Fanout         Cap        Slew       Delay        Time   Description
---------------------------------------------------------------------------------------------
                                  0.000000    0.000000   clock aclk (rise edge)
                                  0.000000    0.000000   clock source latency
     2    0.029142    0.101726    0.071305    0.071305 ^ aclk (in)
                                                         aclk (net)
                      0.101840    0.000000    0.071305 ^ clkbuf_0_aclk/A (sky130_fd_sc_hd__clkbuf_16)
     9    0.056894    0.057754    0.125173    0.196477 ^ clkbuf_0_aclk/X (sky130_fd_sc_hd__clkbuf_16)
                                                         clknet_0_aclk (net)
                      0.057804    0.001505    0.197982 ^ clkbuf_2_3__f_aclk/A (sky130_fd_sc_hd__clkbuf_16)
    27    0.088672    0.080658    0.130212    0.328194 ^ clkbuf_2_3__f_aclk/X (sky130_fd_sc_hd__clkbuf_16)
                                                         clknet_2_3__leaf_aclk (net)
                      0.080891    0.003465    0.331660 ^ _2120_/CLK (sky130_fd_sc_hd__dfxtp_1)
     3    0.010613    0.040996    0.220099    0.551759 v _2120_/Q (sky130_fd_sc_hd__dfxtp_1)
                                                         net44 (net)
                      0.040996    0.000222    0.551981 v output44/A (sky130_fd_sc_hd__buf_2)
     1    0.033908    0.062229    0.121192    0.673173 v output44/X (sky130_fd_sc_hd__buf_2)
                                                         m_axis_tdata[31] (net)
                      0.062235    0.000612    0.673786 v m_axis_tdata[31] (out)
                                              0.673786   data arrival time

                                  0.000000    0.000000   clock aclk (rise edge)
                                  0.000000    0.000000   clock network delay (propagated)
                                  0.250000    0.250000   clock uncertainty
                                  0.000000    0.250000   clock reconvergence pessimism
                                 -4.000000   -3.750000   output external delay
                                             -3.750000   data required time
---------------------------------------------------------------------------------------------
                                             -3.750000   data required time
                                             -0.673786   data arrival time
---------------------------------------------------------------------------------------------
                                              4.423786   slack (MET)


Startpoint: _2090_ (rising edge-triggered flip-flop clocked by aclk)
Endpoint: m_axis_tdata[1] (output port clocked by aclk)
Path Group: aclk
Path Type: min

Fanout         Cap        Slew       Delay        Time   Description
---------------------------------------------------------------------------------------------
                                  0.000000    0.000000   clock aclk (rise edge)
                                  0.000000    0.000000   clock source latency
     2    0.029142    0.101726    0.071305    0.071305 ^ aclk (in)
                                                         aclk (net)
                      0.101840    0.000000    0.071305 ^ clkbuf_0_aclk/A (sky130_fd_sc_hd__clkbuf_16)
     9    0.056894    0.057754    0.125173    0.196477 ^ clkbuf_0_aclk/X (sky130_fd_sc_hd__clkbuf_16)
                                                         clknet_0_aclk (net)
                      0.057819    0.001690    0.198167 ^ clkbuf_2_0__f_aclk/A (sky130_fd_sc_hd__clkbuf_16)
    37    0.092803    0.083736    0.132247    0.330414 ^ clkbuf_2_0__f_aclk/X (sky130_fd_sc_hd__clkbuf_16)
                                                         clknet_2_0__leaf_aclk (net)
                      0.084023    0.003922    0.334336 ^ _2090_/CLK (sky130_fd_sc_hd__dfxtp_1)
     4    0.009862    0.039247    0.218907    0.553243 v _2090_/Q (sky130_fd_sc_hd__dfxtp_1)
                                                         net31 (net)
                      0.039247    0.000156    0.553398 v output31/A (sky130_fd_sc_hd__buf_2)
     1    0.034219    0.062714    0.120842    0.674240 v output31/X (sky130_fd_sc_hd__buf_2)
                                                         m_axis_tdata[1] (net)
                      0.062721    0.000674    0.674914 v m_axis_tdata[1] (out)
                                              0.674914   data arrival time

                                  0.000000    0.000000   clock aclk (rise edge)
                                  0.000000    0.000000   clock network delay (propagated)
                                  0.250000    0.250000   clock uncertainty
                                  0.000000    0.250000   clock reconvergence pessimism
                                 -4.000000   -3.750000   output external delay
                                             -3.750000   data required time
---------------------------------------------------------------------------------------------
                                             -3.750000   data required time
                                             -0.674914   data arrival time
---------------------------------------------------------------------------------------------
                                              4.424914   slack (MET)


Startpoint: _2109_ (rising edge-triggered flip-flop clocked by aclk)
Endpoint: m_axis_tdata[20] (output port clocked by aclk)
Path Group: aclk
Path Type: min

Fanout         Cap        Slew       Delay        Time   Description
---------------------------------------------------------------------------------------------
                                  0.000000    0.000000   clock aclk (rise edge)
                                  0.000000    0.000000   clock source latency
     2    0.029142    0.101726    0.071305    0.071305 ^ aclk (in)
                                                         aclk (net)
                      0.101840    0.000000    0.071305 ^ clkbuf_0_aclk/A (sky130_fd_sc_hd__clkbuf_16)
     9    0.056894    0.057754    0.125173    0.196477 ^ clkbuf_0_aclk/X (sky130_fd_sc_hd__clkbuf_16)
                                                         clknet_0_aclk (net)
                      0.057815    0.001637    0.198114 ^ clkbuf_2_1__f_aclk/A (sky130_fd_sc_hd__clkbuf_16)
    27    0.085072    0.077862    0.126296    0.324410 ^ clkbuf_2_1__f_aclk/X (sky130_fd_sc_hd__clkbuf_16)
                                                         clknet_2_1__leaf_aclk (net)
                      0.079046    0.007557    0.331967 ^ _2109_/CLK (sky130_fd_sc_hd__dfxtp_1)
     4    0.011735    0.044338    0.222324    0.554291 v _2109_/Q (sky130_fd_sc_hd__dfxtp_1)
                                                         net32 (net)
                      0.044339    0.000313    0.554604 v output32/A (sky130_fd_sc_hd__buf_2)
     1    0.034034    0.062431    0.122664    0.677267 v output32/X (sky130_fd_sc_hd__buf_2)
                                                         m_axis_tdata[20] (net)
                      0.062438    0.000652    0.677919 v m_axis_tdata[20] (out)
                                              0.677919   data arrival time

                                  0.000000    0.000000   clock aclk (rise edge)
                                  0.000000    0.000000   clock network delay (propagated)
                                  0.250000    0.250000   clock uncertainty
                                  0.000000    0.250000   clock reconvergence pessimism
                                 -4.000000   -3.750000   output external delay
                                             -3.750000   data required time
---------------------------------------------------------------------------------------------
                                             -3.750000   data required time
                                             -0.677919   data arrival time
---------------------------------------------------------------------------------------------
                                              4.427918   slack (MET)


Startpoint: _2102_ (rising edge-triggered flip-flop clocked by aclk)
Endpoint: m_axis_tdata[13] (output port clocked by aclk)
Path Group: aclk
Path Type: min

Fanout         Cap        Slew       Delay        Time   Description
---------------------------------------------------------------------------------------------
                                  0.000000    0.000000   clock aclk (rise edge)
                                  0.000000    0.000000   clock source latency
     2    0.029142    0.101726    0.071305    0.071305 ^ aclk (in)
                                                         aclk (net)
                      0.101840    0.000000    0.071305 ^ clkbuf_0_aclk/A (sky130_fd_sc_hd__clkbuf_16)
     9    0.056894    0.057754    0.125173    0.196477 ^ clkbuf_0_aclk/X (sky130_fd_sc_hd__clkbuf_16)
                                                         clknet_0_aclk (net)
                      0.057804    0.001505    0.197982 ^ clkbuf_2_3__f_aclk/A (sky130_fd_sc_hd__clkbuf_16)
    27    0.088672    0.080658    0.130212    0.328194 ^ clkbuf_2_3__f_aclk/X (sky130_fd_sc_hd__clkbuf_16)
                                                         clknet_2_3__leaf_aclk (net)
                      0.080774    0.002475    0.330669 ^ _2102_/CLK (sky130_fd_sc_hd__dfxtp_1)
     4    0.012057    0.045288    0.223565    0.554234 v _2102_/Q (sky130_fd_sc_hd__dfxtp_1)
                                                         net24 (net)
                      0.045289    0.000262    0.554496 v output24/A (sky130_fd_sc_hd__buf_2)
     1    0.033931    0.062266    0.122941    0.677437 v output24/X (sky130_fd_sc_hd__buf_2)
                                                         m_axis_tdata[13] (net)
                      0.062271    0.000613    0.678050 v m_axis_tdata[13] (out)
                                              0.678050   data arrival time

                                  0.000000    0.000000   clock aclk (rise edge)
                                  0.000000    0.000000   clock network delay (propagated)
                                  0.250000    0.250000   clock uncertainty
                                  0.000000    0.250000   clock reconvergence pessimism
                                 -4.000000   -3.750000   output external delay
                                             -3.750000   data required time
---------------------------------------------------------------------------------------------
                                             -3.750000   data required time
                                             -0.678050   data arrival time
---------------------------------------------------------------------------------------------
                                              4.428051   slack (MET)


Startpoint: _2107_ (rising edge-triggered flip-flop clocked by aclk)
Endpoint: m_axis_tdata[18] (output port clocked by aclk)
Path Group: aclk
Path Type: min

Fanout         Cap        Slew       Delay        Time   Description
---------------------------------------------------------------------------------------------
                                  0.000000    0.000000   clock aclk (rise edge)
                                  0.000000    0.000000   clock source latency
     2    0.029142    0.101726    0.071305    0.071305 ^ aclk (in)
                                                         aclk (net)
                      0.101840    0.000000    0.071305 ^ clkbuf_0_aclk/A (sky130_fd_sc_hd__clkbuf_16)
     9    0.056894    0.057754    0.125173    0.196477 ^ clkbuf_0_aclk/X (sky130_fd_sc_hd__clkbuf_16)
                                                         clknet_0_aclk (net)
                      0.057815    0.001637    0.198114 ^ clkbuf_2_1__f_aclk/A (sky130_fd_sc_hd__clkbuf_16)
    27    0.085072    0.077862    0.126296    0.324410 ^ clkbuf_2_1__f_aclk/X (sky130_fd_sc_hd__clkbuf_16)
                                                         clknet_2_1__leaf_aclk (net)
                      0.078030    0.002962    0.327372 ^ _2107_/CLK (sky130_fd_sc_hd__dfxtp_1)
     4    0.013365    0.049283    0.225801    0.553173 v _2107_/Q (sky130_fd_sc_hd__dfxtp_1)
                                                         net29 (net)
                      0.049292    0.000654    0.553827 v output29/A (sky130_fd_sc_hd__buf_2)
     1    0.034217    0.062725    0.124840    0.678667 v output29/X (sky130_fd_sc_hd__buf_2)
                                                         m_axis_tdata[18] (net)
                      0.062733    0.000707    0.679374 v m_axis_tdata[18] (out)
                                              0.679374   data arrival time

                                  0.000000    0.000000   clock aclk (rise edge)
                                  0.000000    0.000000   clock network delay (propagated)
                                  0.250000    0.250000   clock uncertainty
                                  0.000000    0.250000   clock reconvergence pessimism
                                 -4.000000   -3.750000   output external delay
                                             -3.750000   data required time
---------------------------------------------------------------------------------------------
                                             -3.750000   data required time
                                             -0.679374   data arrival time
---------------------------------------------------------------------------------------------
                                              4.429373   slack (MET)


Startpoint: _2114_ (rising edge-triggered flip-flop clocked by aclk)
Endpoint: m_axis_tdata[25] (output port clocked by aclk)
Path Group: aclk
Path Type: min

Fanout         Cap        Slew       Delay        Time   Description
---------------------------------------------------------------------------------------------
                                  0.000000    0.000000   clock aclk (rise edge)
                                  0.000000    0.000000   clock source latency
     2    0.029142    0.101726    0.071305    0.071305 ^ aclk (in)
                                                         aclk (net)
                      0.101840    0.000000    0.071305 ^ clkbuf_0_aclk/A (sky130_fd_sc_hd__clkbuf_16)
     9    0.056894    0.057754    0.125173    0.196477 ^ clkbuf_0_aclk/X (sky130_fd_sc_hd__clkbuf_16)
                                                         clknet_0_aclk (net)
                      0.057815    0.001637    0.198114 ^ clkbuf_2_1__f_aclk/A (sky130_fd_sc_hd__clkbuf_16)
    27    0.085072    0.077862    0.126296    0.324410 ^ clkbuf_2_1__f_aclk/X (sky130_fd_sc_hd__clkbuf_16)
                                                         clknet_2_1__leaf_aclk (net)
                      0.079514    0.008942    0.333352 ^ _2114_/CLK (sky130_fd_sc_hd__dfxtp_1)
     4    0.011932    0.044955    0.222838    0.556190 v _2114_/Q (sky130_fd_sc_hd__dfxtp_1)
                                                         net37 (net)
                      0.044959    0.000471    0.556660 v output37/A (sky130_fd_sc_hd__buf_2)
     1    0.034386    0.062991    0.123286    0.679946 v output37/X (sky130_fd_sc_hd__buf_2)
                                                         m_axis_tdata[25] (net)
                      0.063001    0.000754    0.680700 v m_axis_tdata[25] (out)
                                              0.680700   data arrival time

                                  0.000000    0.000000   clock aclk (rise edge)
                                  0.000000    0.000000   clock network delay (propagated)
                                  0.250000    0.250000   clock uncertainty
                                  0.000000    0.250000   clock reconvergence pessimism
                                 -4.000000   -3.750000   output external delay
                                             -3.750000   data required time
---------------------------------------------------------------------------------------------
                                             -3.750000   data required time
                                             -0.680700   data arrival time
---------------------------------------------------------------------------------------------
                                              4.430700   slack (MET)


Startpoint: _2111_ (rising edge-triggered flip-flop clocked by aclk)
Endpoint: m_axis_tdata[22] (output port clocked by aclk)
Path Group: aclk
Path Type: min

Fanout         Cap        Slew       Delay        Time   Description
---------------------------------------------------------------------------------------------
                                  0.000000    0.000000   clock aclk (rise edge)
                                  0.000000    0.000000   clock source latency
     2    0.029142    0.101726    0.071305    0.071305 ^ aclk (in)
                                                         aclk (net)
                      0.101840    0.000000    0.071305 ^ clkbuf_0_aclk/A (sky130_fd_sc_hd__clkbuf_16)
     9    0.056894    0.057754    0.125173    0.196477 ^ clkbuf_0_aclk/X (sky130_fd_sc_hd__clkbuf_16)
                                                         clknet_0_aclk (net)
                      0.057815    0.001637    0.198114 ^ clkbuf_2_1__f_aclk/A (sky130_fd_sc_hd__clkbuf_16)
    27    0.085072    0.077862    0.126296    0.324410 ^ clkbuf_2_1__f_aclk/X (sky130_fd_sc_hd__clkbuf_16)
                                                         clknet_2_1__leaf_aclk (net)
                      0.079254    0.008199    0.332609 ^ _2111_/CLK (sky130_fd_sc_hd__dfxtp_1)
     4    0.012600    0.046939    0.224417    0.557026 v _2111_/Q (sky130_fd_sc_hd__dfxtp_1)
                                                         net34 (net)
                      0.046940    0.000302    0.557328 v output34/A (sky130_fd_sc_hd__buf_2)
     1    0.034186    0.062677    0.123859    0.681188 v output34/X (sky130_fd_sc_hd__buf_2)
                                                         m_axis_tdata[22] (net)
                      0.062685    0.000706    0.681894 v m_axis_tdata[22] (out)
                                              0.681894   data arrival time

                                  0.000000    0.000000   clock aclk (rise edge)
                                  0.000000    0.000000   clock network delay (propagated)
                                  0.250000    0.250000   clock uncertainty
                                  0.000000    0.250000   clock reconvergence pessimism
                                 -4.000000   -3.750000   output external delay
                                             -3.750000   data required time
---------------------------------------------------------------------------------------------
                                             -3.750000   data required time
                                             -0.681894   data arrival time
---------------------------------------------------------------------------------------------
                                              4.431894   slack (MET)


Startpoint: _2115_ (rising edge-triggered flip-flop clocked by aclk)
Endpoint: m_axis_tdata[26] (output port clocked by aclk)
Path Group: aclk
Path Type: min

Fanout         Cap        Slew       Delay        Time   Description
---------------------------------------------------------------------------------------------
                                  0.000000    0.000000   clock aclk (rise edge)
                                  0.000000    0.000000   clock source latency
     2    0.029142    0.101726    0.071305    0.071305 ^ aclk (in)
                                                         aclk (net)
                      0.101840    0.000000    0.071305 ^ clkbuf_0_aclk/A (sky130_fd_sc_hd__clkbuf_16)
     9    0.056894    0.057754    0.125173    0.196477 ^ clkbuf_0_aclk/X (sky130_fd_sc_hd__clkbuf_16)
                                                         clknet_0_aclk (net)
                      0.057804    0.001505    0.197982 ^ clkbuf_2_3__f_aclk/A (sky130_fd_sc_hd__clkbuf_16)
    27    0.088672    0.080658    0.130212    0.328194 ^ clkbuf_2_3__f_aclk/X (sky130_fd_sc_hd__clkbuf_16)
                                                         clknet_2_3__leaf_aclk (net)
                      0.080912    0.003615    0.331809 ^ _2115_/CLK (sky130_fd_sc_hd__dfxtp_1)
     4    0.012859    0.047734    0.225402    0.557212 v _2115_/Q (sky130_fd_sc_hd__dfxtp_1)
                                                         net38 (net)
                      0.047737    0.000435    0.557647 v output38/A (sky130_fd_sc_hd__buf_2)
     1    0.034479    0.063135    0.124505    0.682152 v output38/X (sky130_fd_sc_hd__buf_2)
                                                         m_axis_tdata[26] (net)
                      0.063144    0.000769    0.682921 v m_axis_tdata[26] (out)
                                              0.682921   data arrival time

                                  0.000000    0.000000   clock aclk (rise edge)
                                  0.000000    0.000000   clock network delay (propagated)
                                  0.250000    0.250000   clock uncertainty
                                  0.000000    0.250000   clock reconvergence pessimism
                                 -4.000000   -3.750000   output external delay
                                             -3.750000   data required time
---------------------------------------------------------------------------------------------
                                             -3.750000   data required time
                                             -0.682921   data arrival time
---------------------------------------------------------------------------------------------
                                              4.432921   slack (MET)


Startpoint: _2113_ (rising edge-triggered flip-flop clocked by aclk)
Endpoint: m_axis_tdata[24] (output port clocked by aclk)
Path Group: aclk
Path Type: min

Fanout         Cap        Slew       Delay        Time   Description
---------------------------------------------------------------------------------------------
                                  0.000000    0.000000   clock aclk (rise edge)
                                  0.000000    0.000000   clock source latency
     2    0.029142    0.101726    0.071305    0.071305 ^ aclk (in)
                                                         aclk (net)
                      0.101840    0.000000    0.071305 ^ clkbuf_0_aclk/A (sky130_fd_sc_hd__clkbuf_16)
     9    0.056894    0.057754    0.125173    0.196477 ^ clkbuf_0_aclk/X (sky130_fd_sc_hd__clkbuf_16)
                                                         clknet_0_aclk (net)
                      0.057815    0.001637    0.198114 ^ clkbuf_2_1__f_aclk/A (sky130_fd_sc_hd__clkbuf_16)
    27    0.085072    0.077862    0.126296    0.324410 ^ clkbuf_2_1__f_aclk/X (sky130_fd_sc_hd__clkbuf_16)
                                                         clknet_2_1__leaf_aclk (net)
                      0.079492    0.008880    0.333289 ^ _2113_/CLK (sky130_fd_sc_hd__dfxtp_1)
     4    0.012627    0.047038    0.224488    0.557778 v _2113_/Q (sky130_fd_sc_hd__dfxtp_1)
                                                         net36 (net)
                      0.047041    0.000456    0.558233 v output36/A (sky130_fd_sc_hd__buf_2)
     1    0.034393    0.063002    0.124129    0.682363 v output36/X (sky130_fd_sc_hd__buf_2)
                                                         m_axis_tdata[24] (net)
                      0.063011    0.000754    0.683116 v m_axis_tdata[24] (out)
                                              0.683116   data arrival time

                                  0.000000    0.000000   clock aclk (rise edge)
                                  0.000000    0.000000   clock network delay (propagated)
                                  0.250000    0.250000   clock uncertainty
                                  0.000000    0.250000   clock reconvergence pessimism
                                 -4.000000   -3.750000   output external delay
                                             -3.750000   data required time
---------------------------------------------------------------------------------------------
                                             -3.750000   data required time
                                             -0.683116   data arrival time
---------------------------------------------------------------------------------------------
                                              4.433116   slack (MET)


Startpoint: _2112_ (rising edge-triggered flip-flop clocked by aclk)
Endpoint: m_axis_tdata[23] (output port clocked by aclk)
Path Group: aclk
Path Type: min

Fanout         Cap        Slew       Delay        Time   Description
---------------------------------------------------------------------------------------------
                                  0.000000    0.000000   clock aclk (rise edge)
                                  0.000000    0.000000   clock source latency
     2    0.029142    0.101726    0.071305    0.071305 ^ aclk (in)
                                                         aclk (net)
                      0.101840    0.000000    0.071305 ^ clkbuf_0_aclk/A (sky130_fd_sc_hd__clkbuf_16)
     9    0.056894    0.057754    0.125173    0.196477 ^ clkbuf_0_aclk/X (sky130_fd_sc_hd__clkbuf_16)
                                                         clknet_0_aclk (net)
                      0.057815    0.001637    0.198114 ^ clkbuf_2_1__f_aclk/A (sky130_fd_sc_hd__clkbuf_16)
    27    0.085072    0.077862    0.126296    0.324410 ^ clkbuf_2_1__f_aclk/X (sky130_fd_sc_hd__clkbuf_16)
                                                         clknet_2_1__leaf_aclk (net)
                      0.079405    0.008636    0.333046 ^ _2112_/CLK (sky130_fd_sc_hd__dfxtp_1)
     4    0.012729    0.047329    0.224746    0.557792 v _2112_/Q (sky130_fd_sc_hd__dfxtp_1)
                                                         net35 (net)
                      0.047331    0.000413    0.558205 v output35/A (sky130_fd_sc_hd__buf_2)
     1    0.034386    0.062992    0.124236    0.682441 v output35/X (sky130_fd_sc_hd__buf_2)
                                                         m_axis_tdata[23] (net)
                      0.063001    0.000754    0.683195 v m_axis_tdata[23] (out)
                                              0.683195   data arrival time

                                  0.000000    0.000000   clock aclk (rise edge)
                                  0.000000    0.000000   clock network delay (propagated)
                                  0.250000    0.250000   clock uncertainty
                                  0.000000    0.250000   clock reconvergence pessimism
                                 -4.000000   -3.750000   output external delay
                                             -3.750000   data required time
---------------------------------------------------------------------------------------------
                                             -3.750000   data required time
                                             -0.683195   data arrival time
---------------------------------------------------------------------------------------------
                                              4.433194   slack (MET)


Startpoint: _2117_ (rising edge-triggered flip-flop clocked by aclk)
Endpoint: m_axis_tdata[28] (output port clocked by aclk)
Path Group: aclk
Path Type: min

Fanout         Cap        Slew       Delay        Time   Description
---------------------------------------------------------------------------------------------
                                  0.000000    0.000000   clock aclk (rise edge)
                                  0.000000    0.000000   clock source latency
     2    0.029142    0.101726    0.071305    0.071305 ^ aclk (in)
                                                         aclk (net)
                      0.101840    0.000000    0.071305 ^ clkbuf_0_aclk/A (sky130_fd_sc_hd__clkbuf_16)
     9    0.056894    0.057754    0.125173    0.196477 ^ clkbuf_0_aclk/X (sky130_fd_sc_hd__clkbuf_16)
                                                         clknet_0_aclk (net)
                      0.057804    0.001505    0.197982 ^ clkbuf_2_3__f_aclk/A (sky130_fd_sc_hd__clkbuf_16)
    27    0.088672    0.080658    0.130212    0.328194 ^ clkbuf_2_3__f_aclk/X (sky130_fd_sc_hd__clkbuf_16)
                                                         clknet_2_3__leaf_aclk (net)
                      0.080800    0.002726    0.330920 ^ _2117_/CLK (sky130_fd_sc_hd__dfxtp_1)
     4    0.013660    0.050163    0.227217    0.558137 v _2117_/Q (sky130_fd_sc_hd__dfxtp_1)
                                                         net40 (net)
                      0.050170    0.000600    0.558737 v output40/A (sky130_fd_sc_hd__buf_2)
     1    0.034379    0.062982    0.125365    0.684102 v output40/X (sky130_fd_sc_hd__buf_2)
                                                         m_axis_tdata[28] (net)
                      0.062991    0.000754    0.684855 v m_axis_tdata[28] (out)
                                              0.684855   data arrival time

                                  0.000000    0.000000   clock aclk (rise edge)
                                  0.000000    0.000000   clock network delay (propagated)
                                  0.250000    0.250000   clock uncertainty
                                  0.000000    0.250000   clock reconvergence pessimism
                                 -4.000000   -3.750000   output external delay
                                             -3.750000   data required time
---------------------------------------------------------------------------------------------
                                             -3.750000   data required time
                                             -0.684855   data arrival time
---------------------------------------------------------------------------------------------
                                              4.434855   slack (MET)


Startpoint: _2091_ (rising edge-triggered flip-flop clocked by aclk)
Endpoint: m_axis_tdata[2] (output port clocked by aclk)
Path Group: aclk
Path Type: min

Fanout         Cap        Slew       Delay        Time   Description
---------------------------------------------------------------------------------------------
                                  0.000000    0.000000   clock aclk (rise edge)
                                  0.000000    0.000000   clock source latency
     2    0.029142    0.101726    0.071305    0.071305 ^ aclk (in)
                                                         aclk (net)
                      0.101840    0.000000    0.071305 ^ clkbuf_0_aclk/A (sky130_fd_sc_hd__clkbuf_16)
     9    0.056894    0.057754    0.125173    0.196477 ^ clkbuf_0_aclk/X (sky130_fd_sc_hd__clkbuf_16)
                                                         clknet_0_aclk (net)
                      0.057819    0.001690    0.198167 ^ clkbuf_2_0__f_aclk/A (sky130_fd_sc_hd__clkbuf_16)
    37    0.092803    0.083736    0.132247    0.330414 ^ clkbuf_2_0__f_aclk/X (sky130_fd_sc_hd__clkbuf_16)
                                                         clknet_2_0__leaf_aclk (net)
                      0.083960    0.003475    0.333889 ^ _2091_/CLK (sky130_fd_sc_hd__dfxtp_1)
     4    0.013191    0.048683    0.227080    0.560969 v _2091_/Q (sky130_fd_sc_hd__dfxtp_1)
                                                         net42 (net)
                      0.048683    0.000251    0.561220 v output42/A (sky130_fd_sc_hd__buf_2)
     1    0.034344    0.062912    0.124761    0.685981 v output42/X (sky130_fd_sc_hd__buf_2)
                                                         m_axis_tdata[2] (net)
                      0.062920    0.000702    0.686683 v m_axis_tdata[2] (out)
                                              0.686683   data arrival time

                                  0.000000    0.000000   clock aclk (rise edge)
                                  0.000000    0.000000   clock network delay (propagated)
                                  0.250000    0.250000   clock uncertainty
                                  0.000000    0.250000   clock reconvergence pessimism
                                 -4.000000   -3.750000   output external delay
                                             -3.750000   data required time
---------------------------------------------------------------------------------------------
                                             -3.750000   data required time
                                             -0.686683   data arrival time
---------------------------------------------------------------------------------------------
                                              4.436683   slack (MET)


Startpoint: _2110_ (rising edge-triggered flip-flop clocked by aclk)
Endpoint: m_axis_tdata[21] (output port clocked by aclk)
Path Group: aclk
Path Type: min

Fanout         Cap        Slew       Delay        Time   Description
---------------------------------------------------------------------------------------------
                                  0.000000    0.000000   clock aclk (rise edge)
                                  0.000000    0.000000   clock source latency
     2    0.029142    0.101726    0.071305    0.071305 ^ aclk (in)
                                                         aclk (net)
                      0.101840    0.000000    0.071305 ^ clkbuf_0_aclk/A (sky130_fd_sc_hd__clkbuf_16)
     9    0.056894    0.057754    0.125173    0.196477 ^ clkbuf_0_aclk/X (sky130_fd_sc_hd__clkbuf_16)
                                                         clknet_0_aclk (net)
                      0.057815    0.001637    0.198114 ^ clkbuf_2_1__f_aclk/A (sky130_fd_sc_hd__clkbuf_16)
    27    0.085072    0.077862    0.126296    0.324410 ^ clkbuf_2_1__f_aclk/X (sky130_fd_sc_hd__clkbuf_16)
                                                         clknet_2_1__leaf_aclk (net)
                      0.079140    0.007852    0.332262 ^ _2110_/CLK (sky130_fd_sc_hd__dfxtp_1)
     4    0.013977    0.051081    0.227656    0.559918 v _2110_/Q (sky130_fd_sc_hd__dfxtp_1)
                                                         net33 (net)
                      0.051082    0.000310    0.560228 v output33/A (sky130_fd_sc_hd__buf_2)
     1    0.034412    0.063021    0.125791    0.686018 v output33/X (sky130_fd_sc_hd__buf_2)
                                                         m_axis_tdata[21] (net)
                      0.063030    0.000728    0.686746 v m_axis_tdata[21] (out)
                                              0.686746   data arrival time

                                  0.000000    0.000000   clock aclk (rise edge)
                                  0.000000    0.000000   clock network delay (propagated)
                                  0.250000    0.250000   clock uncertainty
                                  0.000000    0.250000   clock reconvergence pessimism
                                 -4.000000   -3.750000   output external delay
                                             -3.750000   data required time
---------------------------------------------------------------------------------------------
                                             -3.750000   data required time
                                             -0.686746   data arrival time
---------------------------------------------------------------------------------------------
                                              4.436746   slack (MET)


Startpoint: _2092_ (rising edge-triggered flip-flop clocked by aclk)
Endpoint: m_axis_tdata[3] (output port clocked by aclk)
Path Group: aclk
Path Type: min

Fanout         Cap        Slew       Delay        Time   Description
---------------------------------------------------------------------------------------------
                                  0.000000    0.000000   clock aclk (rise edge)
                                  0.000000    0.000000   clock source latency
     2    0.029142    0.101726    0.071305    0.071305 ^ aclk (in)
                                                         aclk (net)
                      0.101840    0.000000    0.071305 ^ clkbuf_0_aclk/A (sky130_fd_sc_hd__clkbuf_16)
     9    0.056894    0.057754    0.125173    0.196477 ^ clkbuf_0_aclk/X (sky130_fd_sc_hd__clkbuf_16)
                                                         clknet_0_aclk (net)
                      0.057819    0.001690    0.198167 ^ clkbuf_2_0__f_aclk/A (sky130_fd_sc_hd__clkbuf_16)
    37    0.092803    0.083736    0.132247    0.330414 ^ clkbuf_2_0__f_aclk/X (sky130_fd_sc_hd__clkbuf_16)
                                                         clknet_2_0__leaf_aclk (net)
                      0.083976    0.003596    0.334010 ^ _2092_/CLK (sky130_fd_sc_hd__dfxtp_1)
     4    0.013219    0.048806    0.227051    0.561062 v _2092_/Q (sky130_fd_sc_hd__dfxtp_1)
                                                         net45 (net)
                      0.048806    0.000231    0.561293 v output45/A (sky130_fd_sc_hd__buf_2)
     1    0.034457    0.063096    0.124921    0.686214 v output45/X (sky130_fd_sc_hd__buf_2)
                                                         m_axis_tdata[3] (net)
                      0.063105    0.000749    0.686963 v m_axis_tdata[3] (out)
                                              0.686963   data arrival time

                                  0.000000    0.000000   clock aclk (rise edge)
                                  0.000000    0.000000   clock network delay (propagated)
                                  0.250000    0.250000   clock uncertainty
                                  0.000000    0.250000   clock reconvergence pessimism
                                 -4.000000   -3.750000   output external delay
                                             -3.750000   data required time
---------------------------------------------------------------------------------------------
                                             -3.750000   data required time
                                             -0.686963   data arrival time
---------------------------------------------------------------------------------------------
                                              4.436963   slack (MET)


Startpoint: _2093_ (rising edge-triggered flip-flop clocked by aclk)
Endpoint: m_axis_tdata[4] (output port clocked by aclk)
Path Group: aclk
Path Type: min

Fanout         Cap        Slew       Delay        Time   Description
---------------------------------------------------------------------------------------------
                                  0.000000    0.000000   clock aclk (rise edge)
                                  0.000000    0.000000   clock source latency
     2    0.029142    0.101726    0.071305    0.071305 ^ aclk (in)
                                                         aclk (net)
                      0.101840    0.000000    0.071305 ^ clkbuf_0_aclk/A (sky130_fd_sc_hd__clkbuf_16)
     9    0.056894    0.057754    0.125173    0.196477 ^ clkbuf_0_aclk/X (sky130_fd_sc_hd__clkbuf_16)
                                                         clknet_0_aclk (net)
                      0.057819    0.001690    0.198167 ^ clkbuf_2_0__f_aclk/A (sky130_fd_sc_hd__clkbuf_16)
    37    0.092803    0.083736    0.132247    0.330414 ^ clkbuf_2_0__f_aclk/X (sky130_fd_sc_hd__clkbuf_16)
                                                         clknet_2_0__leaf_aclk (net)
                      0.083967    0.003528    0.333942 ^ _2093_/CLK (sky130_fd_sc_hd__dfxtp_1)
     4    0.013278    0.048958    0.227254    0.561196 v _2093_/Q (sky130_fd_sc_hd__dfxtp_1)
                                                         net46 (net)
                      0.048958    0.000200    0.561396 v output46/A (sky130_fd_sc_hd__buf_2)
     1    0.035017    0.063974    0.125602    0.686998 v output46/X (sky130_fd_sc_hd__buf_2)
                                                         m_axis_tdata[4] (net)
                      0.063987    0.000875    0.687873 v m_axis_tdata[4] (out)
                                              0.687873   data arrival time

                                  0.000000    0.000000   clock aclk (rise edge)
                                  0.000000    0.000000   clock network delay (propagated)
                                  0.250000    0.250000   clock uncertainty
                                  0.000000    0.250000   clock reconvergence pessimism
                                 -4.000000   -3.750000   output external delay
                                             -3.750000   data required time
---------------------------------------------------------------------------------------------
                                             -3.750000   data required time
                                             -0.687873   data arrival time
---------------------------------------------------------------------------------------------
                                              4.437873   slack (MET)


Startpoint: _2103_ (rising edge-triggered flip-flop clocked by aclk)
Endpoint: m_axis_tdata[14] (output port clocked by aclk)
Path Group: aclk
Path Type: min

Fanout         Cap        Slew       Delay        Time   Description
---------------------------------------------------------------------------------------------
                                  0.000000    0.000000   clock aclk (rise edge)
                                  0.000000    0.000000   clock source latency
     2    0.029142    0.101726    0.071305    0.071305 ^ aclk (in)
                                                         aclk (net)
                      0.101840    0.000000    0.071305 ^ clkbuf_0_aclk/A (sky130_fd_sc_hd__clkbuf_16)
     9    0.056894    0.057754    0.125173    0.196477 ^ clkbuf_0_aclk/X (sky130_fd_sc_hd__clkbuf_16)
                                                         clknet_0_aclk (net)
                      0.057804    0.001505    0.197982 ^ clkbuf_2_3__f_aclk/A (sky130_fd_sc_hd__clkbuf_16)
    27    0.088672    0.080658    0.130212    0.328194 ^ clkbuf_2_3__f_aclk/X (sky130_fd_sc_hd__clkbuf_16)
                                                         clknet_2_3__leaf_aclk (net)
                      0.080859    0.003224    0.331418 ^ _2103_/CLK (sky130_fd_sc_hd__dfxtp_1)
     4    0.014507    0.052648    0.229423    0.560841 v _2103_/Q (sky130_fd_sc_hd__dfxtp_1)
                                                         net25 (net)
                      0.052650    0.000407    0.561248 v output25/A (sky130_fd_sc_hd__buf_2)
     1    0.034391    0.063000    0.126374    0.687621 v output25/X (sky130_fd_sc_hd__buf_2)
                                                         m_axis_tdata[14] (net)
                      0.063009    0.000754    0.688375 v m_axis_tdata[14] (out)
                                              0.688375   data arrival time

                                  0.000000    0.000000   clock aclk (rise edge)
                                  0.000000    0.000000   clock network delay (propagated)
                                  0.250000    0.250000   clock uncertainty
                                  0.000000    0.250000   clock reconvergence pessimism
                                 -4.000000   -3.750000   output external delay
                                             -3.750000   data required time
---------------------------------------------------------------------------------------------
                                             -3.750000   data required time
                                             -0.688375   data arrival time
---------------------------------------------------------------------------------------------
                                              4.438375   slack (MET)


Startpoint: _2094_ (rising edge-triggered flip-flop clocked by aclk)
Endpoint: m_axis_tdata[5] (output port clocked by aclk)
Path Group: aclk
Path Type: min

Fanout         Cap        Slew       Delay        Time   Description
---------------------------------------------------------------------------------------------
                                  0.000000    0.000000   clock aclk (rise edge)
                                  0.000000    0.000000   clock source latency
     2    0.029142    0.101726    0.071305    0.071305 ^ aclk (in)
                                                         aclk (net)
                      0.101840    0.000000    0.071305 ^ clkbuf_0_aclk/A (sky130_fd_sc_hd__clkbuf_16)
     9    0.056894    0.057754    0.125173    0.196477 ^ clkbuf_0_aclk/X (sky130_fd_sc_hd__clkbuf_16)
                                                         clknet_0_aclk (net)
                      0.057819    0.001690    0.198167 ^ clkbuf_2_0__f_aclk/A (sky130_fd_sc_hd__clkbuf_16)
    37    0.092803    0.083736    0.132247    0.330414 ^ clkbuf_2_0__f_aclk/X (sky130_fd_sc_hd__clkbuf_16)
                                                         clknet_2_0__leaf_aclk (net)
                      0.083875    0.002759    0.333174 ^ _2094_/CLK (sky130_fd_sc_hd__dfxtp_1)
     5    0.015123    0.054493    0.231683    0.564856 v _2094_/Q (sky130_fd_sc_hd__dfxtp_1)
                                                         net47 (net)
                      0.054493    0.000271    0.565127 v output47/A (sky130_fd_sc_hd__buf_2)
     1    0.034334    0.062912    0.127062    0.692190 v output47/X (sky130_fd_sc_hd__buf_2)
                                                         m_axis_tdata[5] (net)
                      0.062920    0.000733    0.692922 v m_axis_tdata[5] (out)
                                              0.692922   data arrival time

                                  0.000000    0.000000   clock aclk (rise edge)
                                  0.000000    0.000000   clock network delay (propagated)
                                  0.250000    0.250000   clock uncertainty
                                  0.000000    0.250000   clock reconvergence pessimism
                                 -4.000000   -3.750000   output external delay
                                             -3.750000   data required time
---------------------------------------------------------------------------------------------
                                             -3.750000   data required time
                                             -0.692922   data arrival time
---------------------------------------------------------------------------------------------
                                              4.442923   slack (MET)


Startpoint: _2116_ (rising edge-triggered flip-flop clocked by aclk)
Endpoint: m_axis_tdata[27] (output port clocked by aclk)
Path Group: aclk
Path Type: min

Fanout         Cap        Slew       Delay        Time   Description
---------------------------------------------------------------------------------------------
                                  0.000000    0.000000   clock aclk (rise edge)
                                  0.000000    0.000000   clock source latency
     2    0.029142    0.101726    0.071305    0.071305 ^ aclk (in)
                                                         aclk (net)
                      0.101840    0.000000    0.071305 ^ clkbuf_0_aclk/A (sky130_fd_sc_hd__clkbuf_16)
     9    0.056894    0.057754    0.125173    0.196477 ^ clkbuf_0_aclk/X (sky130_fd_sc_hd__clkbuf_16)
                                                         clknet_0_aclk (net)
                      0.057804    0.001505    0.197982 ^ clkbuf_2_3__f_aclk/A (sky130_fd_sc_hd__clkbuf_16)
    27    0.088672    0.080658    0.130212    0.328194 ^ clkbuf_2_3__f_aclk/X (sky130_fd_sc_hd__clkbuf_16)
                                                         clknet_2_3__leaf_aclk (net)
                      0.080898    0.003519    0.331713 ^ _2116_/CLK (sky130_fd_sc_hd__dfxtp_1)
     4    0.015928    0.056978    0.232724    0.564437 v _2116_/Q (sky130_fd_sc_hd__dfxtp_1)
                                                         net39 (net)
                      0.056983    0.000533    0.564971 v output39/A (sky130_fd_sc_hd__buf_2)
     1    0.034399    0.063022    0.128140    0.693111 v output39/X (sky130_fd_sc_hd__buf_2)
                                                         m_axis_tdata[27] (net)
                      0.063032    0.000754    0.693865 v m_axis_tdata[27] (out)
                                              0.693865   data arrival time

                                  0.000000    0.000000   clock aclk (rise edge)
                                  0.000000    0.000000   clock network delay (propagated)
                                  0.250000    0.250000   clock uncertainty
                                  0.000000    0.250000   clock reconvergence pessimism
                                 -4.000000   -3.750000   output external delay
                                             -3.750000   data required time
---------------------------------------------------------------------------------------------
                                             -3.750000   data required time
                                             -0.693865   data arrival time
---------------------------------------------------------------------------------------------
                                              4.443865   slack (MET)


Startpoint: _2106_ (rising edge-triggered flip-flop clocked by aclk)
Endpoint: m_axis_tdata[17] (output port clocked by aclk)
Path Group: aclk
Path Type: min

Fanout         Cap        Slew       Delay        Time   Description
---------------------------------------------------------------------------------------------
                                  0.000000    0.000000   clock aclk (rise edge)
                                  0.000000    0.000000   clock source latency
     2    0.029142    0.101726    0.071305    0.071305 ^ aclk (in)
                                                         aclk (net)
                      0.101840    0.000000    0.071305 ^ clkbuf_0_aclk/A (sky130_fd_sc_hd__clkbuf_16)
     9    0.056894    0.057754    0.125173    0.196477 ^ clkbuf_0_aclk/X (sky130_fd_sc_hd__clkbuf_16)
                                                         clknet_0_aclk (net)
                      0.057815    0.001637    0.198114 ^ clkbuf_2_1__f_aclk/A (sky130_fd_sc_hd__clkbuf_16)
    27    0.085072    0.077862    0.126296    0.324410 ^ clkbuf_2_1__f_aclk/X (sky130_fd_sc_hd__clkbuf_16)
                                                         clknet_2_1__leaf_aclk (net)
                      0.078001    0.002708    0.327118 ^ _2106_/CLK (sky130_fd_sc_hd__dfxtp_1)
     4    0.017979    0.063194    0.236866    0.563984 v _2106_/Q (sky130_fd_sc_hd__dfxtp_1)
                                                         net28 (net)
                      0.063200    0.000669    0.564654 v output28/A (sky130_fd_sc_hd__buf_2)
     1    0.034141    0.062616    0.130423    0.695077 v output28/X (sky130_fd_sc_hd__buf_2)
                                                         m_axis_tdata[17] (net)
                      0.062622    0.000638    0.695714 v m_axis_tdata[17] (out)
                                              0.695714   data arrival time

                                  0.000000    0.000000   clock aclk (rise edge)
                                  0.000000    0.000000   clock network delay (propagated)
                                  0.250000    0.250000   clock uncertainty
                                  0.000000    0.250000   clock reconvergence pessimism
                                 -4.000000   -3.750000   output external delay
                                             -3.750000   data required time
---------------------------------------------------------------------------------------------
                                             -3.750000   data required time
                                             -0.695714   data arrival time
---------------------------------------------------------------------------------------------
                                              4.445714   slack (MET)


Startpoint: _2105_ (rising edge-triggered flip-flop clocked by aclk)
Endpoint: m_axis_tdata[16] (output port clocked by aclk)
Path Group: aclk
Path Type: min

Fanout         Cap        Slew       Delay        Time   Description
---------------------------------------------------------------------------------------------
                                  0.000000    0.000000   clock aclk (rise edge)
                                  0.000000    0.000000   clock source latency
     2    0.029142    0.101726    0.071305    0.071305 ^ aclk (in)
                                                         aclk (net)
                      0.101840    0.000000    0.071305 ^ clkbuf_0_aclk/A (sky130_fd_sc_hd__clkbuf_16)
     9    0.056894    0.057754    0.125173    0.196477 ^ clkbuf_0_aclk/X (sky130_fd_sc_hd__clkbuf_16)
                                                         clknet_0_aclk (net)
                      0.057804    0.001505    0.197982 ^ clkbuf_2_3__f_aclk/A (sky130_fd_sc_hd__clkbuf_16)
    27    0.088672    0.080658    0.130212    0.328194 ^ clkbuf_2_3__f_aclk/X (sky130_fd_sc_hd__clkbuf_16)
                                                         clknet_2_3__leaf_aclk (net)
                      0.080711    0.001695    0.329889 ^ _2105_/CLK (sky130_fd_sc_hd__dfxtp_1)
     4    0.018636    0.065155    0.239187    0.569077 v _2105_/Q (sky130_fd_sc_hd__dfxtp_1)
                                                         net27 (net)
                      0.065160    0.000598    0.569675 v output27/A (sky130_fd_sc_hd__buf_2)
     1    0.034290    0.062871    0.131350    0.701024 v output27/X (sky130_fd_sc_hd__buf_2)
                                                         m_axis_tdata[16] (net)
                      0.062879    0.000719    0.701743 v m_axis_tdata[16] (out)
                                              0.701743   data arrival time

                                  0.000000    0.000000   clock aclk (rise edge)
                                  0.000000    0.000000   clock network delay (propagated)
                                  0.250000    0.250000   clock uncertainty
                                  0.000000    0.250000   clock reconvergence pessimism
                                 -4.000000   -3.750000   output external delay
                                             -3.750000   data required time
---------------------------------------------------------------------------------------------
                                             -3.750000   data required time
                                             -0.701743   data arrival time
---------------------------------------------------------------------------------------------
                                              4.451743   slack (MET)


Startpoint: _2119_ (rising edge-triggered flip-flop clocked by aclk)
Endpoint: m_axis_tdata[30] (output port clocked by aclk)
Path Group: aclk
Path Type: min

Fanout         Cap        Slew       Delay        Time   Description
---------------------------------------------------------------------------------------------
                                  0.000000    0.000000   clock aclk (rise edge)
                                  0.000000    0.000000   clock source latency
     2    0.029142    0.101726    0.071305    0.071305 ^ aclk (in)
                                                         aclk (net)
                      0.101840    0.000000    0.071305 ^ clkbuf_0_aclk/A (sky130_fd_sc_hd__clkbuf_16)
     9    0.056894    0.057754    0.125173    0.196477 ^ clkbuf_0_aclk/X (sky130_fd_sc_hd__clkbuf_16)
                                                         clknet_0_aclk (net)
                      0.057804    0.001505    0.197982 ^ clkbuf_2_3__f_aclk/A (sky130_fd_sc_hd__clkbuf_16)
    27    0.088672    0.080658    0.130212    0.328194 ^ clkbuf_2_3__f_aclk/X (sky130_fd_sc_hd__clkbuf_16)
                                                         clknet_2_3__leaf_aclk (net)
                      0.080871    0.003319    0.331514 ^ _2119_/CLK (sky130_fd_sc_hd__dfxtp_1)
     5    0.018369    0.064360    0.238555    0.570068 v _2119_/Q (sky130_fd_sc_hd__dfxtp_1)
                                                         net43 (net)
                      0.064364    0.000514    0.570582 v output43/A (sky130_fd_sc_hd__buf_2)
     1    0.033925    0.062289    0.130640    0.701223 v output43/X (sky130_fd_sc_hd__buf_2)
                                                         m_axis_tdata[30] (net)
                      0.062294    0.000612    0.701835 v m_axis_tdata[30] (out)
                                              0.701835   data arrival time

                                  0.000000    0.000000   clock aclk (rise edge)
                                  0.000000    0.000000   clock network delay (propagated)
                                  0.250000    0.250000   clock uncertainty
                                  0.000000    0.250000   clock reconvergence pessimism
                                 -4.000000   -3.750000   output external delay
                                             -3.750000   data required time
---------------------------------------------------------------------------------------------
                                             -3.750000   data required time
                                             -0.701835   data arrival time
---------------------------------------------------------------------------------------------
                                              4.451835   slack (MET)


Startpoint: _2104_ (rising edge-triggered flip-flop clocked by aclk)
Endpoint: m_axis_tdata[15] (output port clocked by aclk)
Path Group: aclk
Path Type: min

Fanout         Cap        Slew       Delay        Time   Description
---------------------------------------------------------------------------------------------
                                  0.000000    0.000000   clock aclk (rise edge)
                                  0.000000    0.000000   clock source latency
     2    0.029142    0.101726    0.071305    0.071305 ^ aclk (in)
                                                         aclk (net)
                      0.101840    0.000000    0.071305 ^ clkbuf_0_aclk/A (sky130_fd_sc_hd__clkbuf_16)
     9    0.056894    0.057754    0.125173    0.196477 ^ clkbuf_0_aclk/X (sky130_fd_sc_hd__clkbuf_16)
                                                         clknet_0_aclk (net)
                      0.057804    0.001505    0.197982 ^ clkbuf_2_3__f_aclk/A (sky130_fd_sc_hd__clkbuf_16)
    27    0.088672    0.080658    0.130212    0.328194 ^ clkbuf_2_3__f_aclk/X (sky130_fd_sc_hd__clkbuf_16)
                                                         clknet_2_3__leaf_aclk (net)
                      0.080873    0.003335    0.331530 ^ _2104_/CLK (sky130_fd_sc_hd__dfxtp_1)
     4    0.019088    0.066528    0.240301    0.571830 v _2104_/Q (sky130_fd_sc_hd__dfxtp_1)
                                                         net26 (net)
                      0.066533    0.000619    0.572449 v output26/A (sky130_fd_sc_hd__buf_2)
     1    0.034393    0.063040    0.132014    0.704463 v output26/X (sky130_fd_sc_hd__buf_2)
                                                         m_axis_tdata[15] (net)
                      0.063050    0.000754    0.705217 v m_axis_tdata[15] (out)
                                              0.705217   data arrival time

                                  0.000000    0.000000   clock aclk (rise edge)
                                  0.000000    0.000000   clock network delay (propagated)
                                  0.250000    0.250000   clock uncertainty
                                  0.000000    0.250000   clock reconvergence pessimism
                                 -4.000000   -3.750000   output external delay
                                             -3.750000   data required time
---------------------------------------------------------------------------------------------
                                             -3.750000   data required time
                                             -0.705217   data arrival time
---------------------------------------------------------------------------------------------
                                              4.455217   slack (MET)


Startpoint: m_axis_tready (input port clocked by aclk)
Endpoint: s_axis_tready (output port clocked by aclk)
Path Group: aclk
Path Type: min

Fanout         Cap        Slew       Delay        Time   Description
---------------------------------------------------------------------------------------------
                                  0.000000    0.000000   clock aclk (rise edge)
                                  0.000000    0.000000   clock network delay (propagated)
                                  4.000000    4.000000 v input external delay
     2    0.004625    0.007578    0.003875    4.003875 v m_axis_tready (in)
                                                         m_axis_tready (net)
                      0.007578    0.000000    4.003875 v input2/A (sky130_fd_sc_hd__clkbuf_2)
     7    0.025673    0.070508    0.101798    4.105673 v input2/X (sky130_fd_sc_hd__clkbuf_2)
                                                         net2 (net)
                      0.070516    0.000737    4.106410 v _2122_/A (sky130_fd_sc_hd__clkbuf_1)
     1    0.001870    0.016062    0.067880    4.174290 v _2122_/X (sky130_fd_sc_hd__clkbuf_1)
                                                         net53 (net)
                      0.016062    0.000036    4.174326 v output53/A (sky130_fd_sc_hd__buf_2)
     1    0.034273    0.062765    0.111907    4.286233 v output53/X (sky130_fd_sc_hd__buf_2)
                                                         s_axis_tready (net)
                      0.062774    0.000728    4.286961 v s_axis_tready (out)
                                              4.286961   data arrival time

                                  0.000000    0.000000   clock aclk (rise edge)
                                  0.000000    0.000000   clock network delay (propagated)
                                  0.250000    0.250000   clock uncertainty
                                  0.000000    0.250000   clock reconvergence pessimism
                                 -4.000000   -3.750000   output external delay
                                             -3.750000   data required time
---------------------------------------------------------------------------------------------
                                             -3.750000   data required time
                                             -4.286961   data arrival time
---------------------------------------------------------------------------------------------
                                              8.036962   slack (MET)



