
===========================================================================
report_checks -path_delay min (Hold)
============================================================================
======================= max_ss_100C_1v60 Corner ===================================

Startpoint: _2094_ (rising edge-triggered flip-flop clocked by aclk)
Endpoint: _2094_ (rising edge-triggered flip-flop clocked by aclk)
Path Group: aclk
Path Type: min

Fanout         Cap        Slew       Delay        Time   Description
---------------------------------------------------------------------------------------------
                                  0.000000    0.000000   clock aclk (rise edge)
                                  0.000000    0.000000   clock source latency
     2    0.028104    0.206142    0.143714    0.143714 ^ aclk (in)
                                                         aclk (net)
                      0.206239    0.000000    0.143714 ^ clkbuf_0_aclk/A (sky130_fd_sc_hd__clkbuf_16)
     9    0.062538    0.124280    0.336021    0.479735 ^ clkbuf_0_aclk/X (sky130_fd_sc_hd__clkbuf_16)
                                                         clknet_0_aclk (net)
                      0.124388    0.003262    0.482996 ^ clkbuf_2_1__f_aclk/A (sky130_fd_sc_hd__clkbuf_16)
    27    0.086215    0.157479    0.320592    0.803588 ^ clkbuf_2_1__f_aclk/X (sky130_fd_sc_hd__clkbuf_16)
                                                         clknet_2_1__leaf_aclk (net)
                      0.158173    0.008304    0.811893 ^ _2094_/CLK (sky130_fd_sc_hd__dfxtp_1)
     5    0.015248    0.146778    0.701917    1.513809 v _2094_/Q (sky130_fd_sc_hd__dfxtp_1)
                                                         net47 (net)
                      0.146778    0.000588    1.514398 v _1176_/A1 (sky130_fd_sc_hd__o211a_1)
     1    0.002054    0.051450    0.422606    1.937003 v _1176_/X (sky130_fd_sc_hd__o211a_1)
                                                         _0022_ (net)
                      0.051450    0.000148    1.937152 v _2094_/D (sky130_fd_sc_hd__dfxtp_1)
                                              1.937152   data arrival time

                                  0.000000    0.000000   clock aclk (rise edge)
                                  0.000000    0.000000   clock source latency
     2    0.028104    0.206142    0.143714    0.143714 ^ aclk (in)
                                                         aclk (net)
                      0.206239    0.000000    0.143714 ^ clkbuf_0_aclk/A (sky130_fd_sc_hd__clkbuf_16)
     9    0.062538    0.124280    0.336021    0.479735 ^ clkbuf_0_aclk/X (sky130_fd_sc_hd__clkbuf_16)
                                                         clknet_0_aclk (net)
                      0.124388    0.003262    0.482996 ^ clkbuf_2_1__f_aclk/A (sky130_fd_sc_hd__clkbuf_16)
    27    0.086215    0.157479    0.320592    0.803588 ^ clkbuf_2_1__f_aclk/X (sky130_fd_sc_hd__clkbuf_16)
                                                         clknet_2_1__leaf_aclk (net)
                      0.158173    0.008304    0.811893 ^ _2094_/CLK (sky130_fd_sc_hd__dfxtp_1)
                                  0.250000    1.061893   clock uncertainty
                                  0.000000    1.061893   clock reconvergence pessimism
                                 -0.076944    0.984948   library hold time
                                              0.984948   data required time
---------------------------------------------------------------------------------------------
                                              0.984948   data required time
                                             -1.937152   data arrival time
---------------------------------------------------------------------------------------------
                                              0.952203   slack (MET)


Startpoint: _2103_ (rising edge-triggered flip-flop clocked by aclk)
Endpoint: _2103_ (rising edge-triggered flip-flop clocked by aclk)
Path Group: aclk
Path Type: min

Fanout         Cap        Slew       Delay        Time   Description
---------------------------------------------------------------------------------------------
                                  0.000000    0.000000   clock aclk (rise edge)
                                  0.000000    0.000000   clock source latency
     2    0.028104    0.206142    0.143714    0.143714 ^ aclk (in)
                                                         aclk (net)
                      0.206239    0.000000    0.143714 ^ clkbuf_0_aclk/A (sky130_fd_sc_hd__clkbuf_16)
     9    0.062538    0.124280    0.336021    0.479735 ^ clkbuf_0_aclk/X (sky130_fd_sc_hd__clkbuf_16)
                                                         clknet_0_aclk (net)
                      0.124438    0.003853    0.483587 ^ clkbuf_2_3__f_aclk/A (sky130_fd_sc_hd__clkbuf_16)
    25    0.085361    0.156214    0.321606    0.805194 ^ clkbuf_2_3__f_aclk/X (sky130_fd_sc_hd__clkbuf_16)
                                                         clknet_2_3__leaf_aclk (net)
                      0.156359    0.002053    0.807247 ^ _2103_/CLK (sky130_fd_sc_hd__dfxtp_1)
     4    0.018462    0.173854    0.720881    1.528127 v _2103_/Q (sky130_fd_sc_hd__dfxtp_1)
                                                         net25 (net)
                      0.173858    0.001117    1.529244 v _1556_/A1 (sky130_fd_sc_hd__o211a_1)
     1    0.003028    0.060683    0.445513    1.974757 v _1556_/X (sky130_fd_sc_hd__o211a_1)
                                                         _0031_ (net)
                      0.060683    0.000215    1.974972 v _2103_/D (sky130_fd_sc_hd__dfxtp_1)
                                              1.974972   data arrival time

                                  0.000000    0.000000   clock aclk (rise edge)
                                  0.000000    0.000000   clock source latency
     2    0.028104    0.206142    0.143714    0.143714 ^ aclk (in)
                                                         aclk (net)
                      0.206239    0.000000    0.143714 ^ clkbuf_0_aclk/A (sky130_fd_sc_hd__clkbuf_16)
     9    0.062538    0.124280    0.336021    0.479735 ^ clkbuf_0_aclk/X (sky130_fd_sc_hd__clkbuf_16)
                                                         clknet_0_aclk (net)
                      0.124438    0.003853    0.483587 ^ clkbuf_2_3__f_aclk/A (sky130_fd_sc_hd__clkbuf_16)
    25    0.085361    0.156214    0.321606    0.805194 ^ clkbuf_2_3__f_aclk/X (sky130_fd_sc_hd__clkbuf_16)
                                                         clknet_2_3__leaf_aclk (net)
                      0.156359    0.002053    0.807247 ^ _2103_/CLK (sky130_fd_sc_hd__dfxtp_1)
                                  0.250000    1.057247   clock uncertainty
                                  0.000000    1.057247   clock reconvergence pessimism
                                 -0.080871    0.976375   library hold time
                                              0.976375   data required time
---------------------------------------------------------------------------------------------
                                              0.976375   data required time
                                             -1.974972   data arrival time
---------------------------------------------------------------------------------------------
                                              0.998597   slack (MET)


Startpoint: _2089_ (rising edge-triggered flip-flop clocked by aclk)
Endpoint: _2089_ (rising edge-triggered flip-flop clocked by aclk)
Path Group: aclk
Path Type: min

Fanout         Cap        Slew       Delay        Time   Description
---------------------------------------------------------------------------------------------
                                  0.000000    0.000000   clock aclk (rise edge)
                                  0.000000    0.000000   clock source latency
     2    0.028104    0.206142    0.143714    0.143714 ^ aclk (in)
                                                         aclk (net)
                      0.206239    0.000000    0.143714 ^ clkbuf_0_aclk/A (sky130_fd_sc_hd__clkbuf_16)
     9    0.062538    0.124280    0.336021    0.479735 ^ clkbuf_0_aclk/X (sky130_fd_sc_hd__clkbuf_16)
                                                         clknet_0_aclk (net)
                      0.124426    0.003712    0.483447 ^ clkbuf_2_0__f_aclk/A (sky130_fd_sc_hd__clkbuf_16)
    37    0.098956    0.176686    0.331075    0.814522 ^ clkbuf_2_0__f_aclk/X (sky130_fd_sc_hd__clkbuf_16)
                                                         clknet_2_0__leaf_aclk (net)
                      0.179598    0.017940    0.832462 ^ _2089_/CLK (sky130_fd_sc_hd__dfxtp_1)
     3    0.008449    0.144575    0.735914    1.568376 ^ _2089_/Q (sky130_fd_sc_hd__dfxtp_1)
                                                         net20 (net)
                      0.144575    0.000423    1.568800 ^ _1075_/B1 (sky130_fd_sc_hd__a31o_1)
     1    0.002549    0.068028    0.189001    1.757800 ^ _1075_/X (sky130_fd_sc_hd__a31o_1)
                                                         _0221_ (net)
                      0.068028    0.000159    1.757959 ^ _1078_/B (sky130_fd_sc_hd__and3_1)
     1    0.001912    0.075673    0.274494    2.032453 ^ _1078_/X (sky130_fd_sc_hd__and3_1)
                                                         _0017_ (net)
                      0.075673    0.000133    2.032587 ^ _2089_/D (sky130_fd_sc_hd__dfxtp_1)
                                              2.032587   data arrival time

                                  0.000000    0.000000   clock aclk (rise edge)
                                  0.000000    0.000000   clock source latency
     2    0.028104    0.206142    0.143714    0.143714 ^ aclk (in)
                                                         aclk (net)
                      0.206239    0.000000    0.143714 ^ clkbuf_0_aclk/A (sky130_fd_sc_hd__clkbuf_16)
     9    0.062538    0.124280    0.336021    0.479735 ^ clkbuf_0_aclk/X (sky130_fd_sc_hd__clkbuf_16)
                                                         clknet_0_aclk (net)
                      0.124426    0.003712    0.483447 ^ clkbuf_2_0__f_aclk/A (sky130_fd_sc_hd__clkbuf_16)
    37    0.098956    0.176686    0.331075    0.814522 ^ clkbuf_2_0__f_aclk/X (sky130_fd_sc_hd__clkbuf_16)
                                                         clknet_2_0__leaf_aclk (net)
                      0.179598    0.017940    0.832462 ^ _2089_/CLK (sky130_fd_sc_hd__dfxtp_1)
                                  0.250000    1.082462   clock uncertainty
                                  0.000000    1.082462   clock reconvergence pessimism
                                 -0.055918    1.026544   library hold time
                                              1.026544   data required time
---------------------------------------------------------------------------------------------
                                              1.026544   data required time
                                             -2.032587   data arrival time
---------------------------------------------------------------------------------------------
                                              1.006043   slack (MET)


Startpoint: _2106_ (rising edge-triggered flip-flop clocked by aclk)
Endpoint: _2106_ (rising edge-triggered flip-flop clocked by aclk)
Path Group: aclk
Path Type: min

Fanout         Cap        Slew       Delay        Time   Description
---------------------------------------------------------------------------------------------
                                  0.000000    0.000000   clock aclk (rise edge)
                                  0.000000    0.000000   clock source latency
     2    0.028104    0.206142    0.143714    0.143714 ^ aclk (in)
                                                         aclk (net)
                      0.206239    0.000000    0.143714 ^ clkbuf_0_aclk/A (sky130_fd_sc_hd__clkbuf_16)
     9    0.062538    0.124280    0.336021    0.479735 ^ clkbuf_0_aclk/X (sky130_fd_sc_hd__clkbuf_16)
                                                         clknet_0_aclk (net)
                      0.124446    0.003935    0.483670 ^ clkbuf_2_2__f_aclk/A (sky130_fd_sc_hd__clkbuf_16)
    21    0.092190    0.165752    0.329863    0.813533 ^ clkbuf_2_2__f_aclk/X (sky130_fd_sc_hd__clkbuf_16)
                                                         clknet_2_2__leaf_aclk (net)
                      0.166027    0.004539    0.818072 ^ _2106_/CLK (sky130_fd_sc_hd__dfxtp_1)
     4    0.021547    0.199792    0.744722    1.562794 v _2106_/Q (sky130_fd_sc_hd__dfxtp_1)
                                                         net28 (net)
                      0.199792    0.000670    1.563464 v _1654_/A1 (sky130_fd_sc_hd__o211a_1)
     1    0.001901    0.050676    0.441906    2.005370 v _1654_/X (sky130_fd_sc_hd__o211a_1)
                                                         _0034_ (net)
                      0.050676    0.000134    2.005504 v _2106_/D (sky130_fd_sc_hd__dfxtp_1)
                                              2.005504   data arrival time

                                  0.000000    0.000000   clock aclk (rise edge)
                                  0.000000    0.000000   clock source latency
     2    0.028104    0.206142    0.143714    0.143714 ^ aclk (in)
                                                         aclk (net)
                      0.206239    0.000000    0.143714 ^ clkbuf_0_aclk/A (sky130_fd_sc_hd__clkbuf_16)
     9    0.062538    0.124280    0.336021    0.479735 ^ clkbuf_0_aclk/X (sky130_fd_sc_hd__clkbuf_16)
                                                         clknet_0_aclk (net)
                      0.124446    0.003935    0.483670 ^ clkbuf_2_2__f_aclk/A (sky130_fd_sc_hd__clkbuf_16)
    21    0.092190    0.165752    0.329863    0.813533 ^ clkbuf_2_2__f_aclk/X (sky130_fd_sc_hd__clkbuf_16)
                                                         clknet_2_2__leaf_aclk (net)
                      0.166027    0.004539    0.818072 ^ _2106_/CLK (sky130_fd_sc_hd__dfxtp_1)
                                  0.250000    1.068072   clock uncertainty
                                  0.000000    1.068072   clock reconvergence pessimism
                                 -0.074765    0.993307   library hold time
                                              0.993307   data required time
---------------------------------------------------------------------------------------------
                                              0.993307   data required time
                                             -2.005504   data arrival time
---------------------------------------------------------------------------------------------
                                              1.012197   slack (MET)


Startpoint: _2119_ (rising edge-triggered flip-flop clocked by aclk)
Endpoint: _2119_ (rising edge-triggered flip-flop clocked by aclk)
Path Group: aclk
Path Type: min

Fanout         Cap        Slew       Delay        Time   Description
---------------------------------------------------------------------------------------------
                                  0.000000    0.000000   clock aclk (rise edge)
                                  0.000000    0.000000   clock source latency
     2    0.028104    0.206142    0.143714    0.143714 ^ aclk (in)
                                                         aclk (net)
                      0.206239    0.000000    0.143714 ^ clkbuf_0_aclk/A (sky130_fd_sc_hd__clkbuf_16)
     9    0.062538    0.124280    0.336021    0.479735 ^ clkbuf_0_aclk/X (sky130_fd_sc_hd__clkbuf_16)
                                                         clknet_0_aclk (net)
                      0.124438    0.003853    0.483587 ^ clkbuf_2_3__f_aclk/A (sky130_fd_sc_hd__clkbuf_16)
    25    0.085361    0.156214    0.321606    0.805194 ^ clkbuf_2_3__f_aclk/X (sky130_fd_sc_hd__clkbuf_16)
                                                         clknet_2_3__leaf_aclk (net)
                      0.157083    0.008673    0.813867 ^ _2119_/CLK (sky130_fd_sc_hd__dfxtp_1)
     5    0.022236    0.205651    0.744710    1.558577 v _2119_/Q (sky130_fd_sc_hd__dfxtp_1)
                                                         net43 (net)
                      0.205651    0.000750    1.559327 v _2055_/A1 (sky130_fd_sc_hd__o211a_1)
     1    0.001929    0.050780    0.444604    2.003931 v _2055_/X (sky130_fd_sc_hd__o211a_1)
                                                         _0047_ (net)
                      0.050780    0.000089    2.004020 v _2119_/D (sky130_fd_sc_hd__dfxtp_1)
                                              2.004020   data arrival time

                                  0.000000    0.000000   clock aclk (rise edge)
                                  0.000000    0.000000   clock source latency
     2    0.028104    0.206142    0.143714    0.143714 ^ aclk (in)
                                                         aclk (net)
                      0.206239    0.000000    0.143714 ^ clkbuf_0_aclk/A (sky130_fd_sc_hd__clkbuf_16)
     9    0.062538    0.124280    0.336021    0.479735 ^ clkbuf_0_aclk/X (sky130_fd_sc_hd__clkbuf_16)
                                                         clknet_0_aclk (net)
                      0.124438    0.003853    0.483587 ^ clkbuf_2_3__f_aclk/A (sky130_fd_sc_hd__clkbuf_16)
    25    0.085361    0.156214    0.321606    0.805194 ^ clkbuf_2_3__f_aclk/X (sky130_fd_sc_hd__clkbuf_16)
                                                         clknet_2_3__leaf_aclk (net)
                      0.157083    0.008673    0.813867 ^ _2119_/CLK (sky130_fd_sc_hd__dfxtp_1)
                                  0.250000    1.063867   clock uncertainty
                                  0.000000    1.063867   clock reconvergence pessimism
                                 -0.076953    0.986914   library hold time
                                              0.986914   data required time
---------------------------------------------------------------------------------------------
                                              0.986914   data required time
                                             -2.004020   data arrival time
---------------------------------------------------------------------------------------------
                                              1.017106   slack (MET)


Startpoint: _2118_ (rising edge-triggered flip-flop clocked by aclk)
Endpoint: _2118_ (rising edge-triggered flip-flop clocked by aclk)
Path Group: aclk
Path Type: min

Fanout         Cap        Slew       Delay        Time   Description
---------------------------------------------------------------------------------------------
                                  0.000000    0.000000   clock aclk (rise edge)
                                  0.000000    0.000000   clock source latency
     2    0.028104    0.206142    0.143714    0.143714 ^ aclk (in)
                                                         aclk (net)
                      0.206239    0.000000    0.143714 ^ clkbuf_0_aclk/A (sky130_fd_sc_hd__clkbuf_16)
     9    0.062538    0.124280    0.336021    0.479735 ^ clkbuf_0_aclk/X (sky130_fd_sc_hd__clkbuf_16)
                                                         clknet_0_aclk (net)
                      0.124438    0.003853    0.483587 ^ clkbuf_2_3__f_aclk/A (sky130_fd_sc_hd__clkbuf_16)
    25    0.085361    0.156214    0.321606    0.805194 ^ clkbuf_2_3__f_aclk/X (sky130_fd_sc_hd__clkbuf_16)
                                                         clknet_2_3__leaf_aclk (net)
                      0.157002    0.008205    0.813399 ^ _2118_/CLK (sky130_fd_sc_hd__dfxtp_1)
     4    0.015696    0.150593    0.703975    1.517374 v _2118_/Q (sky130_fd_sc_hd__dfxtp_1)
                                                         net41 (net)
                      0.150593    0.000462    1.517836 v _2029_/A1 (sky130_fd_sc_hd__o221a_1)
     1    0.001968    0.058779    0.489624    2.007460 v _2029_/X (sky130_fd_sc_hd__o221a_1)
                                                         _0046_ (net)
                      0.058779    0.000089    2.007550 v _2118_/D (sky130_fd_sc_hd__dfxtp_1)
                                              2.007550   data arrival time

                                  0.000000    0.000000   clock aclk (rise edge)
                                  0.000000    0.000000   clock source latency
     2    0.028104    0.206142    0.143714    0.143714 ^ aclk (in)
                                                         aclk (net)
                      0.206239    0.000000    0.143714 ^ clkbuf_0_aclk/A (sky130_fd_sc_hd__clkbuf_16)
     9    0.062538    0.124280    0.336021    0.479735 ^ clkbuf_0_aclk/X (sky130_fd_sc_hd__clkbuf_16)
                                                         clknet_0_aclk (net)
                      0.124438    0.003853    0.483587 ^ clkbuf_2_3__f_aclk/A (sky130_fd_sc_hd__clkbuf_16)
    25    0.085361    0.156214    0.321606    0.805194 ^ clkbuf_2_3__f_aclk/X (sky130_fd_sc_hd__clkbuf_16)
                                                         clknet_2_3__leaf_aclk (net)
                      0.157002    0.008205    0.813399 ^ _2118_/CLK (sky130_fd_sc_hd__dfxtp_1)
                                  0.250000    1.063399   clock uncertainty
                                  0.000000    1.063399   clock reconvergence pessimism
                                 -0.079997    0.983402   library hold time
                                              0.983402   data required time
---------------------------------------------------------------------------------------------
                                              0.983402   data required time
                                             -2.007550   data arrival time
---------------------------------------------------------------------------------------------
                                              1.024148   slack (MET)


Startpoint: _2112_ (rising edge-triggered flip-flop clocked by aclk)
Endpoint: _2112_ (rising edge-triggered flip-flop clocked by aclk)
Path Group: aclk
Path Type: min

Fanout         Cap        Slew       Delay        Time   Description
---------------------------------------------------------------------------------------------
                                  0.000000    0.000000   clock aclk (rise edge)
                                  0.000000    0.000000   clock source latency
     2    0.028104    0.206142    0.143714    0.143714 ^ aclk (in)
                                                         aclk (net)
                      0.206239    0.000000    0.143714 ^ clkbuf_0_aclk/A (sky130_fd_sc_hd__clkbuf_16)
     9    0.062538    0.124280    0.336021    0.479735 ^ clkbuf_0_aclk/X (sky130_fd_sc_hd__clkbuf_16)
                                                         clknet_0_aclk (net)
                      0.124446    0.003935    0.483670 ^ clkbuf_2_2__f_aclk/A (sky130_fd_sc_hd__clkbuf_16)
    21    0.092190    0.165752    0.329863    0.813533 ^ clkbuf_2_2__f_aclk/X (sky130_fd_sc_hd__clkbuf_16)
                                                         clknet_2_2__leaf_aclk (net)
                      0.166178    0.006018    0.819551 ^ _2112_/CLK (sky130_fd_sc_hd__dfxtp_1)
     4    0.015220    0.146585    0.705376    1.524927 v _2112_/Q (sky130_fd_sc_hd__dfxtp_1)
                                                         net35 (net)
                      0.146586    0.000674    1.525601 v _1844_/A1 (sky130_fd_sc_hd__o221a_1)
     1    0.002569    0.064064    0.497242    2.022842 v _1844_/X (sky130_fd_sc_hd__o221a_1)
                                                         _0040_ (net)
                      0.064064    0.000175    2.023017 v _2112_/D (sky130_fd_sc_hd__dfxtp_1)
                                              2.023017   data arrival time

                                  0.000000    0.000000   clock aclk (rise edge)
                                  0.000000    0.000000   clock source latency
     2    0.028104    0.206142    0.143714    0.143714 ^ aclk (in)
                                                         aclk (net)
                      0.206239    0.000000    0.143714 ^ clkbuf_0_aclk/A (sky130_fd_sc_hd__clkbuf_16)
     9    0.062538    0.124280    0.336021    0.479735 ^ clkbuf_0_aclk/X (sky130_fd_sc_hd__clkbuf_16)
                                                         clknet_0_aclk (net)
                      0.124446    0.003935    0.483670 ^ clkbuf_2_2__f_aclk/A (sky130_fd_sc_hd__clkbuf_16)
    21    0.092190    0.165752    0.329863    0.813533 ^ clkbuf_2_2__f_aclk/X (sky130_fd_sc_hd__clkbuf_16)
                                                         clknet_2_2__leaf_aclk (net)
                      0.166178    0.006018    0.819551 ^ _2112_/CLK (sky130_fd_sc_hd__dfxtp_1)
                                  0.250000    1.069551   clock uncertainty
                                  0.000000    1.069551   clock reconvergence pessimism
                                 -0.079791    0.989760   library hold time
                                              0.989760   data required time
---------------------------------------------------------------------------------------------
                                              0.989760   data required time
                                             -2.023017   data arrival time
---------------------------------------------------------------------------------------------
                                              1.033257   slack (MET)


Startpoint: _2116_ (rising edge-triggered flip-flop clocked by aclk)
Endpoint: _2116_ (rising edge-triggered flip-flop clocked by aclk)
Path Group: aclk
Path Type: min

Fanout         Cap        Slew       Delay        Time   Description
---------------------------------------------------------------------------------------------
                                  0.000000    0.000000   clock aclk (rise edge)
                                  0.000000    0.000000   clock source latency
     2    0.028104    0.206142    0.143714    0.143714 ^ aclk (in)
                                                         aclk (net)
                      0.206239    0.000000    0.143714 ^ clkbuf_0_aclk/A (sky130_fd_sc_hd__clkbuf_16)
     9    0.062538    0.124280    0.336021    0.479735 ^ clkbuf_0_aclk/X (sky130_fd_sc_hd__clkbuf_16)
                                                         clknet_0_aclk (net)
                      0.124438    0.003853    0.483587 ^ clkbuf_2_3__f_aclk/A (sky130_fd_sc_hd__clkbuf_16)
    25    0.085361    0.156214    0.321606    0.805194 ^ clkbuf_2_3__f_aclk/X (sky130_fd_sc_hd__clkbuf_16)
                                                         clknet_2_3__leaf_aclk (net)
                      0.156768    0.006676    0.811870 ^ _2116_/CLK (sky130_fd_sc_hd__dfxtp_1)
     4    0.017489    0.165599    0.715212    1.527082 v _2116_/Q (sky130_fd_sc_hd__dfxtp_1)
                                                         net39 (net)
                      0.165599    0.000512    1.527594 v _1964_/A1 (sky130_fd_sc_hd__o221a_1)
     1    0.001977    0.058859    0.496085    2.023679 v _1964_/X (sky130_fd_sc_hd__o221a_1)
                                                         _0044_ (net)
                      0.058859    0.000093    2.023772 v _2116_/D (sky130_fd_sc_hd__dfxtp_1)
                                              2.023772   data arrival time

                                  0.000000    0.000000   clock aclk (rise edge)
                                  0.000000    0.000000   clock source latency
     2    0.028104    0.206142    0.143714    0.143714 ^ aclk (in)
                                                         aclk (net)
                      0.206239    0.000000    0.143714 ^ clkbuf_0_aclk/A (sky130_fd_sc_hd__clkbuf_16)
     9    0.062538    0.124280    0.336021    0.479735 ^ clkbuf_0_aclk/X (sky130_fd_sc_hd__clkbuf_16)
                                                         clknet_0_aclk (net)
                      0.124438    0.003853    0.483587 ^ clkbuf_2_3__f_aclk/A (sky130_fd_sc_hd__clkbuf_16)
    25    0.085361    0.156214    0.321606    0.805194 ^ clkbuf_2_3__f_aclk/X (sky130_fd_sc_hd__clkbuf_16)
                                                         clknet_2_3__leaf_aclk (net)
                      0.156768    0.006676    0.811870 ^ _2116_/CLK (sky130_fd_sc_hd__dfxtp_1)
                                  0.250000    1.061870   clock uncertainty
                                  0.000000    1.061870   clock reconvergence pessimism
                                 -0.080083    0.981787   library hold time
                                              0.981787   data required time
---------------------------------------------------------------------------------------------
                                              0.981787   data required time
                                             -2.023772   data arrival time
---------------------------------------------------------------------------------------------
                                              1.041986   slack (MET)


Startpoint: _2102_ (rising edge-triggered flip-flop clocked by aclk)
Endpoint: _2102_ (rising edge-triggered flip-flop clocked by aclk)
Path Group: aclk
Path Type: min

Fanout         Cap        Slew       Delay        Time   Description
---------------------------------------------------------------------------------------------
                                  0.000000    0.000000   clock aclk (rise edge)
                                  0.000000    0.000000   clock source latency
     2    0.028104    0.206142    0.143714    0.143714 ^ aclk (in)
                                                         aclk (net)
                      0.206239    0.000000    0.143714 ^ clkbuf_0_aclk/A (sky130_fd_sc_hd__clkbuf_16)
     9    0.062538    0.124280    0.336021    0.479735 ^ clkbuf_0_aclk/X (sky130_fd_sc_hd__clkbuf_16)
                                                         clknet_0_aclk (net)
                      0.124438    0.003853    0.483587 ^ clkbuf_2_3__f_aclk/A (sky130_fd_sc_hd__clkbuf_16)
    25    0.085361    0.156214    0.321606    0.805194 ^ clkbuf_2_3__f_aclk/X (sky130_fd_sc_hd__clkbuf_16)
                                                         clknet_2_3__leaf_aclk (net)
                      0.156567    0.005004    0.810198 ^ _2102_/CLK (sky130_fd_sc_hd__dfxtp_1)
     4    0.014315    0.138968    0.695297    1.505495 v _2102_/Q (sky130_fd_sc_hd__dfxtp_1)
                                                         net24 (net)
                      0.138968    0.000617    1.506113 v _1518_/A1 (sky130_fd_sc_hd__o221a_1)
     1    0.003810    0.076581    0.513279    2.019392 v _1518_/X (sky130_fd_sc_hd__o221a_1)
                                                         _0030_ (net)
                      0.076581    0.000225    2.019617 v _2102_/D (sky130_fd_sc_hd__dfxtp_1)
                                              2.019617   data arrival time

                                  0.000000    0.000000   clock aclk (rise edge)
                                  0.000000    0.000000   clock source latency
     2    0.028104    0.206142    0.143714    0.143714 ^ aclk (in)
                                                         aclk (net)
                      0.206239    0.000000    0.143714 ^ clkbuf_0_aclk/A (sky130_fd_sc_hd__clkbuf_16)
     9    0.062538    0.124280    0.336021    0.479735 ^ clkbuf_0_aclk/X (sky130_fd_sc_hd__clkbuf_16)
                                                         clknet_0_aclk (net)
                      0.124438    0.003853    0.483587 ^ clkbuf_2_3__f_aclk/A (sky130_fd_sc_hd__clkbuf_16)
    25    0.085361    0.156214    0.321606    0.805194 ^ clkbuf_2_3__f_aclk/X (sky130_fd_sc_hd__clkbuf_16)
                                                         clknet_2_3__leaf_aclk (net)
                      0.156567    0.005004    0.810198 ^ _2102_/CLK (sky130_fd_sc_hd__dfxtp_1)
                                  0.250000    1.060198   clock uncertainty
                                  0.000000    1.060198   clock reconvergence pessimism
                                 -0.086833    0.973366   library hold time
                                              0.973366   data required time
---------------------------------------------------------------------------------------------
                                              0.973366   data required time
                                             -2.019617   data arrival time
---------------------------------------------------------------------------------------------
                                              1.046251   slack (MET)


Startpoint: _2111_ (rising edge-triggered flip-flop clocked by aclk)
Endpoint: _2111_ (rising edge-triggered flip-flop clocked by aclk)
Path Group: aclk
Path Type: min

Fanout         Cap        Slew       Delay        Time   Description
---------------------------------------------------------------------------------------------
                                  0.000000    0.000000   clock aclk (rise edge)
                                  0.000000    0.000000   clock source latency
     2    0.028104    0.206142    0.143714    0.143714 ^ aclk (in)
                                                         aclk (net)
                      0.206239    0.000000    0.143714 ^ clkbuf_0_aclk/A (sky130_fd_sc_hd__clkbuf_16)
     9    0.062538    0.124280    0.336021    0.479735 ^ clkbuf_0_aclk/X (sky130_fd_sc_hd__clkbuf_16)
                                                         clknet_0_aclk (net)
                      0.124446    0.003935    0.483670 ^ clkbuf_2_2__f_aclk/A (sky130_fd_sc_hd__clkbuf_16)
    21    0.092190    0.165752    0.329863    0.813533 ^ clkbuf_2_2__f_aclk/X (sky130_fd_sc_hd__clkbuf_16)
                                                         clknet_2_2__leaf_aclk (net)
                      0.166196    0.006176    0.819709 ^ _2111_/CLK (sky130_fd_sc_hd__dfxtp_1)
     4    0.009367    0.157354    0.739257    1.558967 ^ _2111_/Q (sky130_fd_sc_hd__dfxtp_1)
                                                         net34 (net)
                      0.157354    0.000428    1.559394 ^ _1815_/A (sky130_fd_sc_hd__or2_1)
     1    0.003312    0.072297    0.207343    1.766738 ^ _1815_/X (sky130_fd_sc_hd__or2_1)
                                                         _0939_ (net)
                      0.072297    0.000225    1.766963 ^ _1816_/B1 (sky130_fd_sc_hd__o211a_1)
     1    0.002729    0.073436    0.295151    2.062114 ^ _1816_/X (sky130_fd_sc_hd__o211a_1)
                                                         _0039_ (net)
                      0.073436    0.000160    2.062274 ^ _2111_/D (sky130_fd_sc_hd__dfxtp_1)
                                              2.062274   data arrival time

                                  0.000000    0.000000   clock aclk (rise edge)
                                  0.000000    0.000000   clock source latency
     2    0.028104    0.206142    0.143714    0.143714 ^ aclk (in)
                                                         aclk (net)
                      0.206239    0.000000    0.143714 ^ clkbuf_0_aclk/A (sky130_fd_sc_hd__clkbuf_16)
     9    0.062538    0.124280    0.336021    0.479735 ^ clkbuf_0_aclk/X (sky130_fd_sc_hd__clkbuf_16)
                                                         clknet_0_aclk (net)
                      0.124446    0.003935    0.483670 ^ clkbuf_2_2__f_aclk/A (sky130_fd_sc_hd__clkbuf_16)
    21    0.092190    0.165752    0.329863    0.813533 ^ clkbuf_2_2__f_aclk/X (sky130_fd_sc_hd__clkbuf_16)
                                                         clknet_2_2__leaf_aclk (net)
                      0.166196    0.006176    0.819709 ^ _2111_/CLK (sky130_fd_sc_hd__dfxtp_1)
                                  0.250000    1.069709   clock uncertainty
                                  0.000000    1.069709   clock reconvergence pessimism
                                 -0.057529    1.012180   library hold time
                                              1.012180   data required time
---------------------------------------------------------------------------------------------
                                              1.012180   data required time
                                             -2.062274   data arrival time
---------------------------------------------------------------------------------------------
                                              1.050094   slack (MET)


Startpoint: _2099_ (rising edge-triggered flip-flop clocked by aclk)
Endpoint: _2099_ (rising edge-triggered flip-flop clocked by aclk)
Path Group: aclk
Path Type: min

Fanout         Cap        Slew       Delay        Time   Description
---------------------------------------------------------------------------------------------
                                  0.000000    0.000000   clock aclk (rise edge)
                                  0.000000    0.000000   clock source latency
     2    0.028104    0.206142    0.143714    0.143714 ^ aclk (in)
                                                         aclk (net)
                      0.206239    0.000000    0.143714 ^ clkbuf_0_aclk/A (sky130_fd_sc_hd__clkbuf_16)
     9    0.062538    0.124280    0.336021    0.479735 ^ clkbuf_0_aclk/X (sky130_fd_sc_hd__clkbuf_16)
                                                         clknet_0_aclk (net)
                      0.124388    0.003262    0.482996 ^ clkbuf_2_1__f_aclk/A (sky130_fd_sc_hd__clkbuf_16)
    27    0.086215    0.157479    0.320592    0.803588 ^ clkbuf_2_1__f_aclk/X (sky130_fd_sc_hd__clkbuf_16)
                                                         clknet_2_1__leaf_aclk (net)
                      0.159763    0.014997    0.818585 ^ _2099_/CLK (sky130_fd_sc_hd__dfxtp_1)
     4    0.010812    0.177488    0.751396    1.569981 ^ _2099_/Q (sky130_fd_sc_hd__dfxtp_1)
                                                         net21 (net)
                      0.177488    0.000616    1.570597 ^ _1390_/A (sky130_fd_sc_hd__or2_1)
     1    0.002694    0.064567    0.209817    1.780414 ^ _1390_/X (sky130_fd_sc_hd__or2_1)
                                                         _0526_ (net)
                      0.064567    0.000195    1.780609 ^ _1391_/B1 (sky130_fd_sc_hd__o211a_1)
     1    0.002059    0.065370    0.283396    2.064005 ^ _1391_/X (sky130_fd_sc_hd__o211a_1)
                                                         _0027_ (net)
                      0.065370    0.000091    2.064096 ^ _2099_/D (sky130_fd_sc_hd__dfxtp_1)
                                              2.064096   data arrival time

                                  0.000000    0.000000   clock aclk (rise edge)
                                  0.000000    0.000000   clock source latency
     2    0.028104    0.206142    0.143714    0.143714 ^ aclk (in)
                                                         aclk (net)
                      0.206239    0.000000    0.143714 ^ clkbuf_0_aclk/A (sky130_fd_sc_hd__clkbuf_16)
     9    0.062538    0.124280    0.336021    0.479735 ^ clkbuf_0_aclk/X (sky130_fd_sc_hd__clkbuf_16)
                                                         clknet_0_aclk (net)
                      0.124388    0.003262    0.482996 ^ clkbuf_2_1__f_aclk/A (sky130_fd_sc_hd__clkbuf_16)
    27    0.086215    0.157479    0.320592    0.803588 ^ clkbuf_2_1__f_aclk/X (sky130_fd_sc_hd__clkbuf_16)
                                                         clknet_2_1__leaf_aclk (net)
                      0.159763    0.014997    0.818585 ^ _2099_/CLK (sky130_fd_sc_hd__dfxtp_1)
                                  0.250000    1.068585   clock uncertainty
                                  0.000000    1.068585   clock reconvergence pessimism
                                 -0.056678    1.011907   library hold time
                                              1.011907   data required time
---------------------------------------------------------------------------------------------
                                              1.011907   data required time
                                             -2.064096   data arrival time
---------------------------------------------------------------------------------------------
                                              1.052189   slack (MET)


Startpoint: _2109_ (rising edge-triggered flip-flop clocked by aclk)
Endpoint: _2109_ (rising edge-triggered flip-flop clocked by aclk)
Path Group: aclk
Path Type: min

Fanout         Cap        Slew       Delay        Time   Description
---------------------------------------------------------------------------------------------
                                  0.000000    0.000000   clock aclk (rise edge)
                                  0.000000    0.000000   clock source latency
     2    0.028104    0.206142    0.143714    0.143714 ^ aclk (in)
                                                         aclk (net)
                      0.206239    0.000000    0.143714 ^ clkbuf_0_aclk/A (sky130_fd_sc_hd__clkbuf_16)
     9    0.062538    0.124280    0.336021    0.479735 ^ clkbuf_0_aclk/X (sky130_fd_sc_hd__clkbuf_16)
                                                         clknet_0_aclk (net)
                      0.124446    0.003935    0.483670 ^ clkbuf_2_2__f_aclk/A (sky130_fd_sc_hd__clkbuf_16)
    21    0.092190    0.165752    0.329863    0.813533 ^ clkbuf_2_2__f_aclk/X (sky130_fd_sc_hd__clkbuf_16)
                                                         clknet_2_2__leaf_aclk (net)
                      0.166009    0.004323    0.817856 ^ _2109_/CLK (sky130_fd_sc_hd__dfxtp_1)
     4    0.010524    0.173456    0.751315    1.569171 ^ _2109_/Q (sky130_fd_sc_hd__dfxtp_1)
                                                         net32 (net)
                      0.173456    0.000499    1.569670 ^ _1751_/A (sky130_fd_sc_hd__or2_1)
     1    0.003649    0.076706    0.218328    1.787998 ^ _1751_/X (sky130_fd_sc_hd__or2_1)
                                                         _0877_ (net)
                      0.076706    0.000241    1.788240 ^ _1752_/B1 (sky130_fd_sc_hd__o211a_1)
     1    0.001978    0.064544    0.286831    2.075071 ^ _1752_/X (sky130_fd_sc_hd__o211a_1)
                                                         _0037_ (net)
                      0.064544    0.000135    2.075207 ^ _2109_/D (sky130_fd_sc_hd__dfxtp_1)
                                              2.075207   data arrival time

                                  0.000000    0.000000   clock aclk (rise edge)
                                  0.000000    0.000000   clock source latency
     2    0.028104    0.206142    0.143714    0.143714 ^ aclk (in)
                                                         aclk (net)
                      0.206239    0.000000    0.143714 ^ clkbuf_0_aclk/A (sky130_fd_sc_hd__clkbuf_16)
     9    0.062538    0.124280    0.336021    0.479735 ^ clkbuf_0_aclk/X (sky130_fd_sc_hd__clkbuf_16)
                                                         clknet_0_aclk (net)
                      0.124446    0.003935    0.483670 ^ clkbuf_2_2__f_aclk/A (sky130_fd_sc_hd__clkbuf_16)
    21    0.092190    0.165752    0.329863    0.813533 ^ clkbuf_2_2__f_aclk/X (sky130_fd_sc_hd__clkbuf_16)
                                                         clknet_2_2__leaf_aclk (net)
                      0.166009    0.004323    0.817856 ^ _2109_/CLK (sky130_fd_sc_hd__dfxtp_1)
                                  0.250000    1.067856   clock uncertainty
                                  0.000000    1.067856   clock reconvergence pessimism
                                 -0.055494    1.012362   library hold time
                                              1.012362   data required time
---------------------------------------------------------------------------------------------
                                              1.012362   data required time
                                             -2.075207   data arrival time
---------------------------------------------------------------------------------------------
                                              1.062844   slack (MET)


Startpoint: _2108_ (rising edge-triggered flip-flop clocked by aclk)
Endpoint: _2108_ (rising edge-triggered flip-flop clocked by aclk)
Path Group: aclk
Path Type: min

Fanout         Cap        Slew       Delay        Time   Description
---------------------------------------------------------------------------------------------
                                  0.000000    0.000000   clock aclk (rise edge)
                                  0.000000    0.000000   clock source latency
     2    0.028104    0.206142    0.143714    0.143714 ^ aclk (in)
                                                         aclk (net)
                      0.206239    0.000000    0.143714 ^ clkbuf_0_aclk/A (sky130_fd_sc_hd__clkbuf_16)
     9    0.062538    0.124280    0.336021    0.479735 ^ clkbuf_0_aclk/X (sky130_fd_sc_hd__clkbuf_16)
                                                         clknet_0_aclk (net)
                      0.124446    0.003935    0.483670 ^ clkbuf_2_2__f_aclk/A (sky130_fd_sc_hd__clkbuf_16)
    21    0.092190    0.165752    0.329863    0.813533 ^ clkbuf_2_2__f_aclk/X (sky130_fd_sc_hd__clkbuf_16)
                                                         clknet_2_2__leaf_aclk (net)
                      0.166026    0.004522    0.818055 ^ _2108_/CLK (sky130_fd_sc_hd__dfxtp_1)
     4    0.011338    0.184799    0.759878    1.577933 ^ _2108_/Q (sky130_fd_sc_hd__dfxtp_1)
                                                         net30 (net)
                      0.184799    0.000360    1.578293 ^ _1716_/A (sky130_fd_sc_hd__or2_1)
     1    0.003735    0.077871    0.224440    1.802733 ^ _1716_/X (sky130_fd_sc_hd__or2_1)
                                                         _0843_ (net)
                      0.077871    0.000240    1.802974 ^ _1717_/B1 (sky130_fd_sc_hd__o211a_1)
     1    0.002354    0.070173    0.292247    2.095221 ^ _1717_/X (sky130_fd_sc_hd__o211a_1)
                                                         _0036_ (net)
                      0.070173    0.000147    2.095367 ^ _2108_/D (sky130_fd_sc_hd__dfxtp_1)
                                              2.095367   data arrival time

                                  0.000000    0.000000   clock aclk (rise edge)
                                  0.000000    0.000000   clock source latency
     2    0.028104    0.206142    0.143714    0.143714 ^ aclk (in)
                                                         aclk (net)
                      0.206239    0.000000    0.143714 ^ clkbuf_0_aclk/A (sky130_fd_sc_hd__clkbuf_16)
     9    0.062538    0.124280    0.336021    0.479735 ^ clkbuf_0_aclk/X (sky130_fd_sc_hd__clkbuf_16)
                                                         clknet_0_aclk (net)
                      0.124446    0.003935    0.483670 ^ clkbuf_2_2__f_aclk/A (sky130_fd_sc_hd__clkbuf_16)
    21    0.092190    0.165752    0.329863    0.813533 ^ clkbuf_2_2__f_aclk/X (sky130_fd_sc_hd__clkbuf_16)
                                                         clknet_2_2__leaf_aclk (net)
                      0.166026    0.004522    0.818055 ^ _2108_/CLK (sky130_fd_sc_hd__dfxtp_1)
                                  0.250000    1.068055   clock uncertainty
                                  0.000000    1.068055   clock reconvergence pessimism
                                 -0.056798    1.011257   library hold time
                                              1.011257   data required time
---------------------------------------------------------------------------------------------
                                              1.011257   data required time
                                             -2.095367   data arrival time
---------------------------------------------------------------------------------------------
                                              1.084111   slack (MET)


Startpoint: _2096_ (rising edge-triggered flip-flop clocked by aclk)
Endpoint: _2096_ (rising edge-triggered flip-flop clocked by aclk)
Path Group: aclk
Path Type: min

Fanout         Cap        Slew       Delay        Time   Description
---------------------------------------------------------------------------------------------
                                  0.000000    0.000000   clock aclk (rise edge)
                                  0.000000    0.000000   clock source latency
     2    0.028104    0.206142    0.143714    0.143714 ^ aclk (in)
                                                         aclk (net)
                      0.206239    0.000000    0.143714 ^ clkbuf_0_aclk/A (sky130_fd_sc_hd__clkbuf_16)
     9    0.062538    0.124280    0.336021    0.479735 ^ clkbuf_0_aclk/X (sky130_fd_sc_hd__clkbuf_16)
                                                         clknet_0_aclk (net)
                      0.124388    0.003262    0.482996 ^ clkbuf_2_1__f_aclk/A (sky130_fd_sc_hd__clkbuf_16)
    27    0.086215    0.157479    0.320592    0.803588 ^ clkbuf_2_1__f_aclk/X (sky130_fd_sc_hd__clkbuf_16)
                                                         clknet_2_1__leaf_aclk (net)
                      0.158965    0.012067    0.815656 ^ _2096_/CLK (sky130_fd_sc_hd__dfxtp_1)
     4    0.013166    0.209416    0.775842    1.591498 ^ _2096_/Q (sky130_fd_sc_hd__dfxtp_1)
                                                         net49 (net)
                      0.209416    0.000376    1.591874 ^ _1250_/A (sky130_fd_sc_hd__or2_1)
     1    0.002814    0.066190    0.225667    1.817541 ^ _1250_/X (sky130_fd_sc_hd__or2_1)
                                                         _0389_ (net)
                      0.066190    0.000199    1.817739 ^ _1251_/B1 (sky130_fd_sc_hd__o211a_1)
     1    0.001945    0.064318    0.282472    2.100211 ^ _1251_/X (sky130_fd_sc_hd__o211a_1)
                                                         _0024_ (net)
                      0.064318    0.000132    2.100343 ^ _2096_/D (sky130_fd_sc_hd__dfxtp_1)
                                              2.100343   data arrival time

                                  0.000000    0.000000   clock aclk (rise edge)
                                  0.000000    0.000000   clock source latency
     2    0.028104    0.206142    0.143714    0.143714 ^ aclk (in)
                                                         aclk (net)
                      0.206239    0.000000    0.143714 ^ clkbuf_0_aclk/A (sky130_fd_sc_hd__clkbuf_16)
     9    0.062538    0.124280    0.336021    0.479735 ^ clkbuf_0_aclk/X (sky130_fd_sc_hd__clkbuf_16)
                                                         clknet_0_aclk (net)
                      0.124388    0.003262    0.482996 ^ clkbuf_2_1__f_aclk/A (sky130_fd_sc_hd__clkbuf_16)
    27    0.086215    0.157479    0.320592    0.803588 ^ clkbuf_2_1__f_aclk/X (sky130_fd_sc_hd__clkbuf_16)
                                                         clknet_2_1__leaf_aclk (net)
                      0.158965    0.012067    0.815656 ^ _2096_/CLK (sky130_fd_sc_hd__dfxtp_1)
                                  0.250000    1.065656   clock uncertainty
                                  0.000000    1.065656   clock reconvergence pessimism
                                 -0.056561    1.009095   library hold time
                                              1.009095   data required time
---------------------------------------------------------------------------------------------
                                              1.009095   data required time
                                             -2.100343   data arrival time
---------------------------------------------------------------------------------------------
                                              1.091248   slack (MET)


Startpoint: _2104_ (rising edge-triggered flip-flop clocked by aclk)
Endpoint: _2104_ (rising edge-triggered flip-flop clocked by aclk)
Path Group: aclk
Path Type: min

Fanout         Cap        Slew       Delay        Time   Description
---------------------------------------------------------------------------------------------
                                  0.000000    0.000000   clock aclk (rise edge)
                                  0.000000    0.000000   clock source latency
     2    0.028104    0.206142    0.143714    0.143714 ^ aclk (in)
                                                         aclk (net)
                      0.206239    0.000000    0.143714 ^ clkbuf_0_aclk/A (sky130_fd_sc_hd__clkbuf_16)
     9    0.062538    0.124280    0.336021    0.479735 ^ clkbuf_0_aclk/X (sky130_fd_sc_hd__clkbuf_16)
                                                         clknet_0_aclk (net)
                      0.124438    0.003853    0.483587 ^ clkbuf_2_3__f_aclk/A (sky130_fd_sc_hd__clkbuf_16)
    25    0.085361    0.156214    0.321606    0.805194 ^ clkbuf_2_3__f_aclk/X (sky130_fd_sc_hd__clkbuf_16)
                                                         clknet_2_3__leaf_aclk (net)
                      0.156614    0.005446    0.810640 ^ _2104_/CLK (sky130_fd_sc_hd__dfxtp_1)
     4    0.022868    0.211056    0.748203    1.558843 v _2104_/Q (sky130_fd_sc_hd__dfxtp_1)
                                                         net26 (net)
                      0.211063    0.001440    1.560283 v _1588_/A1 (sky130_fd_sc_hd__o221a_1)
     1    0.002100    0.060001    0.517160    2.077442 v _1588_/X (sky130_fd_sc_hd__o221a_1)
                                                         _0032_ (net)
                      0.060001    0.000144    2.077586 v _2104_/D (sky130_fd_sc_hd__dfxtp_1)
                                              2.077586   data arrival time

                                  0.000000    0.000000   clock aclk (rise edge)
                                  0.000000    0.000000   clock source latency
     2    0.028104    0.206142    0.143714    0.143714 ^ aclk (in)
                                                         aclk (net)
                      0.206239    0.000000    0.143714 ^ clkbuf_0_aclk/A (sky130_fd_sc_hd__clkbuf_16)
     9    0.062538    0.124280    0.336021    0.479735 ^ clkbuf_0_aclk/X (sky130_fd_sc_hd__clkbuf_16)
                                                         clknet_0_aclk (net)
                      0.124438    0.003853    0.483587 ^ clkbuf_2_3__f_aclk/A (sky130_fd_sc_hd__clkbuf_16)
    25    0.085361    0.156214    0.321606    0.805194 ^ clkbuf_2_3__f_aclk/X (sky130_fd_sc_hd__clkbuf_16)
                                                         clknet_2_3__leaf_aclk (net)
                      0.156614    0.005446    0.810640 ^ _2104_/CLK (sky130_fd_sc_hd__dfxtp_1)
                                  0.250000    1.060640   clock uncertainty
                                  0.000000    1.060640   clock reconvergence pessimism
                                 -0.080552    0.980088   library hold time
                                              0.980088   data required time
---------------------------------------------------------------------------------------------
                                              0.980088   data required time
                                             -2.077586   data arrival time
---------------------------------------------------------------------------------------------
                                              1.097498   slack (MET)


Startpoint: _2072_ (rising edge-triggered flip-flop clocked by aclk)
Endpoint: _2072_ (rising edge-triggered flip-flop clocked by aclk)
Path Group: aclk
Path Type: min

Fanout         Cap        Slew       Delay        Time   Description
---------------------------------------------------------------------------------------------
                                  0.000000    0.000000   clock aclk (rise edge)
                                  0.000000    0.000000   clock source latency
     2    0.028104    0.206142    0.143714    0.143714 ^ aclk (in)
                                                         aclk (net)
                      0.206239    0.000000    0.143714 ^ clkbuf_0_aclk/A (sky130_fd_sc_hd__clkbuf_16)
     9    0.062538    0.124280    0.336021    0.479735 ^ clkbuf_0_aclk/X (sky130_fd_sc_hd__clkbuf_16)
                                                         clknet_0_aclk (net)
                      0.124426    0.003712    0.483447 ^ clkbuf_2_0__f_aclk/A (sky130_fd_sc_hd__clkbuf_16)
    37    0.098956    0.176686    0.331075    0.814522 ^ clkbuf_2_0__f_aclk/X (sky130_fd_sc_hd__clkbuf_16)
                                                         clknet_2_0__leaf_aclk (net)
                      0.178149    0.012815    0.827337 ^ _2072_/CLK (sky130_fd_sc_hd__dfxtp_1)
     3    0.014699    0.231249    0.800259    1.627596 ^ _2072_/Q (sky130_fd_sc_hd__dfxtp_1)
                                                         internal_valid (net)
                      0.231249    0.000684    1.628280 ^ _1039_/B (sky130_fd_sc_hd__and2b_1)
     1    0.004039    0.086570    0.297255    1.925534 ^ _1039_/X (sky130_fd_sc_hd__and2b_1)
                                                         _0202_ (net)
                      0.086570    0.000271    1.925805 ^ _1040_/A2 (sky130_fd_sc_hd__o21a_1)
     1    0.001977    0.058368    0.198251    2.124056 ^ _1040_/X (sky130_fd_sc_hd__o21a_1)
                                                         _0000_ (net)
                      0.058368    0.000134    2.124190 ^ _2072_/D (sky130_fd_sc_hd__dfxtp_1)
                                              2.124190   data arrival time

                                  0.000000    0.000000   clock aclk (rise edge)
                                  0.000000    0.000000   clock source latency
     2    0.028104    0.206142    0.143714    0.143714 ^ aclk (in)
                                                         aclk (net)
                      0.206239    0.000000    0.143714 ^ clkbuf_0_aclk/A (sky130_fd_sc_hd__clkbuf_16)
     9    0.062538    0.124280    0.336021    0.479735 ^ clkbuf_0_aclk/X (sky130_fd_sc_hd__clkbuf_16)
                                                         clknet_0_aclk (net)
                      0.124426    0.003712    0.483447 ^ clkbuf_2_0__f_aclk/A (sky130_fd_sc_hd__clkbuf_16)
    37    0.098956    0.176686    0.331075    0.814522 ^ clkbuf_2_0__f_aclk/X (sky130_fd_sc_hd__clkbuf_16)
                                                         clknet_2_0__leaf_aclk (net)
                      0.178149    0.012815    0.827337 ^ _2072_/CLK (sky130_fd_sc_hd__dfxtp_1)
                                  0.250000    1.077338   clock uncertainty
                                  0.000000    1.077338   clock reconvergence pessimism
                                 -0.052130    1.025207   library hold time
                                              1.025207   data required time
---------------------------------------------------------------------------------------------
                                              1.025207   data required time
                                             -2.124190   data arrival time
---------------------------------------------------------------------------------------------
                                              1.098984   slack (MET)


Startpoint: _2107_ (rising edge-triggered flip-flop clocked by aclk)
Endpoint: _2107_ (rising edge-triggered flip-flop clocked by aclk)
Path Group: aclk
Path Type: min

Fanout         Cap        Slew       Delay        Time   Description
---------------------------------------------------------------------------------------------
                                  0.000000    0.000000   clock aclk (rise edge)
                                  0.000000    0.000000   clock source latency
     2    0.028104    0.206142    0.143714    0.143714 ^ aclk (in)
                                                         aclk (net)
                      0.206239    0.000000    0.143714 ^ clkbuf_0_aclk/A (sky130_fd_sc_hd__clkbuf_16)
     9    0.062538    0.124280    0.336021    0.479735 ^ clkbuf_0_aclk/X (sky130_fd_sc_hd__clkbuf_16)
                                                         clknet_0_aclk (net)
                      0.124426    0.003712    0.483447 ^ clkbuf_2_0__f_aclk/A (sky130_fd_sc_hd__clkbuf_16)
    37    0.098956    0.176686    0.331075    0.814522 ^ clkbuf_2_0__f_aclk/X (sky130_fd_sc_hd__clkbuf_16)
                                                         clknet_2_0__leaf_aclk (net)
                      0.178070    0.012477    0.827000 ^ _2107_/CLK (sky130_fd_sc_hd__dfxtp_1)
     4    0.013279    0.210980    0.785961    1.612960 ^ _2107_/Q (sky130_fd_sc_hd__dfxtp_1)
                                                         net29 (net)
                      0.210980    0.000409    1.613369 ^ _1686_/A (sky130_fd_sc_hd__or2_1)
     1    0.002925    0.067580    0.227577    1.840946 ^ _1686_/X (sky130_fd_sc_hd__or2_1)
                                                         _0814_ (net)
                      0.067580    0.000211    1.841157 ^ _1687_/B1 (sky130_fd_sc_hd__o211a_1)
     1    0.001930    0.067528    0.282794    2.123951 ^ _1687_/X (sky130_fd_sc_hd__o211a_1)
                                                         _0035_ (net)
                      0.067528    0.000139    2.124090 ^ _2107_/D (sky130_fd_sc_hd__dfxtp_1)
                                              2.124090   data arrival time

                                  0.000000    0.000000   clock aclk (rise edge)
                                  0.000000    0.000000   clock source latency
     2    0.028104    0.206142    0.143714    0.143714 ^ aclk (in)
                                                         aclk (net)
                      0.206239    0.000000    0.143714 ^ clkbuf_0_aclk/A (sky130_fd_sc_hd__clkbuf_16)
     9    0.062538    0.124280    0.336021    0.479735 ^ clkbuf_0_aclk/X (sky130_fd_sc_hd__clkbuf_16)
                                                         clknet_0_aclk (net)
                      0.124426    0.003712    0.483447 ^ clkbuf_2_0__f_aclk/A (sky130_fd_sc_hd__clkbuf_16)
    37    0.098956    0.176686    0.331075    0.814522 ^ clkbuf_2_0__f_aclk/X (sky130_fd_sc_hd__clkbuf_16)
                                                         clknet_2_0__leaf_aclk (net)
                      0.178070    0.012477    0.827000 ^ _2107_/CLK (sky130_fd_sc_hd__dfxtp_1)
                                  0.250000    1.077000   clock uncertainty
                                  0.000000    1.077000   clock reconvergence pessimism
                                 -0.054270    1.022730   library hold time
                                              1.022730   data required time
---------------------------------------------------------------------------------------------
                                              1.022730   data required time
                                             -2.124090   data arrival time
---------------------------------------------------------------------------------------------
                                              1.101360   slack (MET)


Startpoint: _2095_ (rising edge-triggered flip-flop clocked by aclk)
Endpoint: _2095_ (rising edge-triggered flip-flop clocked by aclk)
Path Group: aclk
Path Type: min

Fanout         Cap        Slew       Delay        Time   Description
---------------------------------------------------------------------------------------------
                                  0.000000    0.000000   clock aclk (rise edge)
                                  0.000000    0.000000   clock source latency
     2    0.028104    0.206142    0.143714    0.143714 ^ aclk (in)
                                                         aclk (net)
                      0.206239    0.000000    0.143714 ^ clkbuf_0_aclk/A (sky130_fd_sc_hd__clkbuf_16)
     9    0.062538    0.124280    0.336021    0.479735 ^ clkbuf_0_aclk/X (sky130_fd_sc_hd__clkbuf_16)
                                                         clknet_0_aclk (net)
                      0.124388    0.003262    0.482996 ^ clkbuf_2_1__f_aclk/A (sky130_fd_sc_hd__clkbuf_16)
    27    0.086215    0.157479    0.320592    0.803588 ^ clkbuf_2_1__f_aclk/X (sky130_fd_sc_hd__clkbuf_16)
                                                         clknet_2_1__leaf_aclk (net)
                      0.158932    0.011935    0.815523 ^ _2095_/CLK (sky130_fd_sc_hd__dfxtp_1)
     4    0.013021    0.207566    0.774163    1.589686 ^ _2095_/Q (sky130_fd_sc_hd__dfxtp_1)
                                                         net48 (net)
                      0.207566    0.000674    1.590360 ^ _1210_/A (sky130_fd_sc_hd__or2_1)
     1    0.003322    0.072604    0.230329    1.820689 ^ _1210_/X (sky130_fd_sc_hd__or2_1)
                                                         _0350_ (net)
                      0.072604    0.000222    1.820911 ^ _1211_/B1 (sky130_fd_sc_hd__o211a_1)
     1    0.002644    0.071689    0.294143    2.115054 ^ _1211_/X (sky130_fd_sc_hd__o211a_1)
                                                         _0023_ (net)
                      0.071689    0.000106    2.115160 ^ _2095_/D (sky130_fd_sc_hd__dfxtp_1)
                                              2.115160   data arrival time

                                  0.000000    0.000000   clock aclk (rise edge)
                                  0.000000    0.000000   clock source latency
     2    0.028104    0.206142    0.143714    0.143714 ^ aclk (in)
                                                         aclk (net)
                      0.206239    0.000000    0.143714 ^ clkbuf_0_aclk/A (sky130_fd_sc_hd__clkbuf_16)
     9    0.062538    0.124280    0.336021    0.479735 ^ clkbuf_0_aclk/X (sky130_fd_sc_hd__clkbuf_16)
                                                         clknet_0_aclk (net)
                      0.124388    0.003262    0.482996 ^ clkbuf_2_1__f_aclk/A (sky130_fd_sc_hd__clkbuf_16)
    27    0.086215    0.157479    0.320592    0.803588 ^ clkbuf_2_1__f_aclk/X (sky130_fd_sc_hd__clkbuf_16)
                                                         clknet_2_1__leaf_aclk (net)
                      0.158932    0.011935    0.815523 ^ _2095_/CLK (sky130_fd_sc_hd__dfxtp_1)
                                  0.250000    1.065523   clock uncertainty
                                  0.000000    1.065523   clock reconvergence pessimism
                                 -0.058278    1.007245   library hold time
                                              1.007245   data required time
---------------------------------------------------------------------------------------------
                                              1.007245   data required time
                                             -2.115160   data arrival time
---------------------------------------------------------------------------------------------
                                              1.107915   slack (MET)


Startpoint: _2093_ (rising edge-triggered flip-flop clocked by aclk)
Endpoint: _2093_ (rising edge-triggered flip-flop clocked by aclk)
Path Group: aclk
Path Type: min

Fanout         Cap        Slew       Delay        Time   Description
---------------------------------------------------------------------------------------------
                                  0.000000    0.000000   clock aclk (rise edge)
                                  0.000000    0.000000   clock source latency
     2    0.028104    0.206142    0.143714    0.143714 ^ aclk (in)
                                                         aclk (net)
                      0.206239    0.000000    0.143714 ^ clkbuf_0_aclk/A (sky130_fd_sc_hd__clkbuf_16)
     9    0.062538    0.124280    0.336021    0.479735 ^ clkbuf_0_aclk/X (sky130_fd_sc_hd__clkbuf_16)
                                                         clknet_0_aclk (net)
                      0.124426    0.003712    0.483447 ^ clkbuf_2_0__f_aclk/A (sky130_fd_sc_hd__clkbuf_16)
    37    0.098956    0.176686    0.331075    0.814522 ^ clkbuf_2_0__f_aclk/X (sky130_fd_sc_hd__clkbuf_16)
                                                         clknet_2_0__leaf_aclk (net)
                      0.180234    0.019799    0.834322 ^ _2093_/CLK (sky130_fd_sc_hd__dfxtp_1)
     4    0.013361    0.212141    0.787800    1.622122 ^ _2093_/Q (sky130_fd_sc_hd__dfxtp_1)
                                                         net46 (net)
                      0.212141    0.000460    1.622583 ^ _1144_/A (sky130_fd_sc_hd__or2_1)
     1    0.003383    0.073409    0.233081    1.855663 ^ _1144_/X (sky130_fd_sc_hd__or2_1)
                                                         _0286_ (net)
                      0.073409    0.000224    1.855887 ^ _1145_/B1 (sky130_fd_sc_hd__o211a_1)
     1    0.002596    0.071355    0.293813    2.149700 ^ _1145_/X (sky130_fd_sc_hd__o211a_1)
                                                         _0021_ (net)
                      0.071355    0.000106    2.149806 ^ _2093_/D (sky130_fd_sc_hd__dfxtp_1)
                                              2.149806   data arrival time

                                  0.000000    0.000000   clock aclk (rise edge)
                                  0.000000    0.000000   clock source latency
     2    0.028104    0.206142    0.143714    0.143714 ^ aclk (in)
                                                         aclk (net)
                      0.206239    0.000000    0.143714 ^ clkbuf_0_aclk/A (sky130_fd_sc_hd__clkbuf_16)
     9    0.062538    0.124280    0.336021    0.479735 ^ clkbuf_0_aclk/X (sky130_fd_sc_hd__clkbuf_16)
                                                         clknet_0_aclk (net)
                      0.124426    0.003712    0.483447 ^ clkbuf_2_0__f_aclk/A (sky130_fd_sc_hd__clkbuf_16)
    37    0.098956    0.176686    0.331075    0.814522 ^ clkbuf_2_0__f_aclk/X (sky130_fd_sc_hd__clkbuf_16)
                                                         clknet_2_0__leaf_aclk (net)
                      0.180234    0.019799    0.834322 ^ _2093_/CLK (sky130_fd_sc_hd__dfxtp_1)
                                  0.250000    1.084322   clock uncertainty
                                  0.000000    1.084322   clock reconvergence pessimism
                                 -0.054815    1.029507   library hold time
                                              1.029507   data required time
---------------------------------------------------------------------------------------------
                                              1.029507   data required time
                                             -2.149806   data arrival time
---------------------------------------------------------------------------------------------
                                              1.120299   slack (MET)


Startpoint: _2117_ (rising edge-triggered flip-flop clocked by aclk)
Endpoint: _2117_ (rising edge-triggered flip-flop clocked by aclk)
Path Group: aclk
Path Type: min

Fanout         Cap        Slew       Delay        Time   Description
---------------------------------------------------------------------------------------------
                                  0.000000    0.000000   clock aclk (rise edge)
                                  0.000000    0.000000   clock source latency
     2    0.028104    0.206142    0.143714    0.143714 ^ aclk (in)
                                                         aclk (net)
                      0.206239    0.000000    0.143714 ^ clkbuf_0_aclk/A (sky130_fd_sc_hd__clkbuf_16)
     9    0.062538    0.124280    0.336021    0.479735 ^ clkbuf_0_aclk/X (sky130_fd_sc_hd__clkbuf_16)
                                                         clknet_0_aclk (net)
                      0.124438    0.003853    0.483587 ^ clkbuf_2_3__f_aclk/A (sky130_fd_sc_hd__clkbuf_16)
    25    0.085361    0.156214    0.321606    0.805194 ^ clkbuf_2_3__f_aclk/X (sky130_fd_sc_hd__clkbuf_16)
                                                         clknet_2_3__leaf_aclk (net)
                      0.156867    0.007360    0.812553 ^ _2117_/CLK (sky130_fd_sc_hd__dfxtp_1)
     4    0.014985    0.235350    0.793308    1.605861 ^ _2117_/Q (sky130_fd_sc_hd__dfxtp_1)
                                                         net40 (net)
                      0.235350    0.000745    1.606606 ^ _1997_/A (sky130_fd_sc_hd__or2_1)
     1    0.003084    0.069815    0.238912    1.845519 ^ _1997_/X (sky130_fd_sc_hd__or2_1)
                                                         _0129_ (net)
                      0.069815    0.000211    1.845730 ^ _1998_/B1 (sky130_fd_sc_hd__o211a_1)
     1    0.001928    0.064146    0.283612    2.129341 ^ _1998_/X (sky130_fd_sc_hd__o211a_1)
                                                         _0045_ (net)
                      0.064146    0.000091    2.129432 ^ _2117_/D (sky130_fd_sc_hd__dfxtp_1)
                                              2.129432   data arrival time

                                  0.000000    0.000000   clock aclk (rise edge)
                                  0.000000    0.000000   clock source latency
     2    0.028104    0.206142    0.143714    0.143714 ^ aclk (in)
                                                         aclk (net)
                      0.206239    0.000000    0.143714 ^ clkbuf_0_aclk/A (sky130_fd_sc_hd__clkbuf_16)
     9    0.062538    0.124280    0.336021    0.479735 ^ clkbuf_0_aclk/X (sky130_fd_sc_hd__clkbuf_16)
                                                         clknet_0_aclk (net)
                      0.124438    0.003853    0.483587 ^ clkbuf_2_3__f_aclk/A (sky130_fd_sc_hd__clkbuf_16)
    25    0.085361    0.156214    0.321606    0.805194 ^ clkbuf_2_3__f_aclk/X (sky130_fd_sc_hd__clkbuf_16)
                                                         clknet_2_3__leaf_aclk (net)
                      0.156867    0.007360    0.812553 ^ _2117_/CLK (sky130_fd_sc_hd__dfxtp_1)
                                  0.250000    1.062553   clock uncertainty
                                  0.000000    1.062553   clock reconvergence pessimism
                                 -0.056854    1.005699   library hold time
                                              1.005699   data required time
---------------------------------------------------------------------------------------------
                                              1.005699   data required time
                                             -2.129432   data arrival time
---------------------------------------------------------------------------------------------
                                              1.123733   slack (MET)


Startpoint: _2113_ (rising edge-triggered flip-flop clocked by aclk)
Endpoint: _2113_ (rising edge-triggered flip-flop clocked by aclk)
Path Group: aclk
Path Type: min

Fanout         Cap        Slew       Delay        Time   Description
---------------------------------------------------------------------------------------------
                                  0.000000    0.000000   clock aclk (rise edge)
                                  0.000000    0.000000   clock source latency
     2    0.028104    0.206142    0.143714    0.143714 ^ aclk (in)
                                                         aclk (net)
                      0.206239    0.000000    0.143714 ^ clkbuf_0_aclk/A (sky130_fd_sc_hd__clkbuf_16)
     9    0.062538    0.124280    0.336021    0.479735 ^ clkbuf_0_aclk/X (sky130_fd_sc_hd__clkbuf_16)
                                                         clknet_0_aclk (net)
                      0.124446    0.003935    0.483670 ^ clkbuf_2_2__f_aclk/A (sky130_fd_sc_hd__clkbuf_16)
    21    0.092190    0.165752    0.329863    0.813533 ^ clkbuf_2_2__f_aclk/X (sky130_fd_sc_hd__clkbuf_16)
                                                         clknet_2_2__leaf_aclk (net)
                      0.166092    0.005231    0.818764 ^ _2113_/CLK (sky130_fd_sc_hd__dfxtp_1)
     4    0.015050    0.236251    0.798310    1.617074 ^ _2113_/Q (sky130_fd_sc_hd__dfxtp_1)
                                                         net36 (net)
                      0.236251    0.000681    1.617755 ^ _1878_/A (sky130_fd_sc_hd__or2_1)
     1    0.002983    0.068559    0.238126    1.855881 ^ _1878_/X (sky130_fd_sc_hd__or2_1)
                                                         _1000_ (net)
                      0.068559    0.000143    1.856023 ^ _1879_/B1 (sky130_fd_sc_hd__o211a_1)
     1    0.002129    0.066296    0.285784    2.141807 ^ _1879_/X (sky130_fd_sc_hd__o211a_1)
                                                         _0041_ (net)
                      0.066296    0.000148    2.141955 ^ _2113_/D (sky130_fd_sc_hd__dfxtp_1)
                                              2.141955   data arrival time

                                  0.000000    0.000000   clock aclk (rise edge)
                                  0.000000    0.000000   clock source latency
     2    0.028104    0.206142    0.143714    0.143714 ^ aclk (in)
                                                         aclk (net)
                      0.206239    0.000000    0.143714 ^ clkbuf_0_aclk/A (sky130_fd_sc_hd__clkbuf_16)
     9    0.062538    0.124280    0.336021    0.479735 ^ clkbuf_0_aclk/X (sky130_fd_sc_hd__clkbuf_16)
                                                         clknet_0_aclk (net)
                      0.124446    0.003935    0.483670 ^ clkbuf_2_2__f_aclk/A (sky130_fd_sc_hd__clkbuf_16)
    21    0.092190    0.165752    0.329863    0.813533 ^ clkbuf_2_2__f_aclk/X (sky130_fd_sc_hd__clkbuf_16)
                                                         clknet_2_2__leaf_aclk (net)
                      0.166092    0.005231    0.818764 ^ _2113_/CLK (sky130_fd_sc_hd__dfxtp_1)
                                  0.250000    1.068764   clock uncertainty
                                  0.000000    1.068764   clock reconvergence pessimism
                                 -0.055888    1.012877   library hold time
                                              1.012877   data required time
---------------------------------------------------------------------------------------------
                                              1.012877   data required time
                                             -2.141955   data arrival time
---------------------------------------------------------------------------------------------
                                              1.129079   slack (MET)


Startpoint: _2079_ (rising edge-triggered flip-flop clocked by aclk)
Endpoint: _2079_ (rising edge-triggered flip-flop clocked by aclk)
Path Group: aclk
Path Type: min

Fanout         Cap        Slew       Delay        Time   Description
---------------------------------------------------------------------------------------------
                                  0.000000    0.000000   clock aclk (rise edge)
                                  0.000000    0.000000   clock source latency
     2    0.028104    0.206142    0.143714    0.143714 ^ aclk (in)
                                                         aclk (net)
                      0.206239    0.000000    0.143714 ^ clkbuf_0_aclk/A (sky130_fd_sc_hd__clkbuf_16)
     9    0.062538    0.124280    0.336021    0.479735 ^ clkbuf_0_aclk/X (sky130_fd_sc_hd__clkbuf_16)
                                                         clknet_0_aclk (net)
                      0.124388    0.003262    0.482996 ^ clkbuf_2_1__f_aclk/A (sky130_fd_sc_hd__clkbuf_16)
    27    0.086215    0.157479    0.320592    0.803588 ^ clkbuf_2_1__f_aclk/X (sky130_fd_sc_hd__clkbuf_16)
                                                         clknet_2_1__leaf_aclk (net)
                      0.158362    0.009337    0.812926 ^ _2079_/CLK (sky130_fd_sc_hd__dfxtp_1)
     3    0.017472    0.270812    0.819287    1.632213 ^ _2079_/Q (sky130_fd_sc_hd__dfxtp_1)
                                                         internal_weight[6] (net)
                      0.270812    0.000817    1.633030 ^ _1053_/A (sky130_fd_sc_hd__or2_1)
     1    0.002870    0.067700    0.248198    1.881228 ^ _1053_/X (sky130_fd_sc_hd__or2_1)
                                                         _0209_ (net)
                      0.067700    0.000202    1.881431 ^ _1054_/B1 (sky130_fd_sc_hd__o211a_1)
     1    0.002755    0.072807    0.293764    2.175195 ^ _1054_/X (sky130_fd_sc_hd__o211a_1)
                                                         _0007_ (net)
                      0.072807    0.000174    2.175369 ^ _2079_/D (sky130_fd_sc_hd__dfxtp_1)
                                              2.175369   data arrival time

                                  0.000000    0.000000   clock aclk (rise edge)
                                  0.000000    0.000000   clock source latency
     2    0.028104    0.206142    0.143714    0.143714 ^ aclk (in)
                                                         aclk (net)
                      0.206239    0.000000    0.143714 ^ clkbuf_0_aclk/A (sky130_fd_sc_hd__clkbuf_16)
     9    0.062538    0.124280    0.336021    0.479735 ^ clkbuf_0_aclk/X (sky130_fd_sc_hd__clkbuf_16)
                                                         clknet_0_aclk (net)
                      0.124388    0.003262    0.482996 ^ clkbuf_2_1__f_aclk/A (sky130_fd_sc_hd__clkbuf_16)
    27    0.086215    0.157479    0.320592    0.803588 ^ clkbuf_2_1__f_aclk/X (sky130_fd_sc_hd__clkbuf_16)
                                                         clknet_2_1__leaf_aclk (net)
                      0.158362    0.009337    0.812926 ^ _2079_/CLK (sky130_fd_sc_hd__dfxtp_1)
                                  0.250000    1.062926   clock uncertainty
                                  0.000000    1.062926   clock reconvergence pessimism
                                 -0.058628    1.004297   library hold time
                                              1.004297   data required time
---------------------------------------------------------------------------------------------
                                              1.004297   data required time
                                             -2.175369   data arrival time
---------------------------------------------------------------------------------------------
                                              1.171072   slack (MET)


Startpoint: _2105_ (rising edge-triggered flip-flop clocked by aclk)
Endpoint: _2105_ (rising edge-triggered flip-flop clocked by aclk)
Path Group: aclk
Path Type: min

Fanout         Cap        Slew       Delay        Time   Description
---------------------------------------------------------------------------------------------
                                  0.000000    0.000000   clock aclk (rise edge)
                                  0.000000    0.000000   clock source latency
     2    0.028104    0.206142    0.143714    0.143714 ^ aclk (in)
                                                         aclk (net)
                      0.206239    0.000000    0.143714 ^ clkbuf_0_aclk/A (sky130_fd_sc_hd__clkbuf_16)
     9    0.062538    0.124280    0.336021    0.479735 ^ clkbuf_0_aclk/X (sky130_fd_sc_hd__clkbuf_16)
                                                         clknet_0_aclk (net)
                      0.124446    0.003935    0.483670 ^ clkbuf_2_2__f_aclk/A (sky130_fd_sc_hd__clkbuf_16)
    21    0.092190    0.165752    0.329863    0.813533 ^ clkbuf_2_2__f_aclk/X (sky130_fd_sc_hd__clkbuf_16)
                                                         clknet_2_2__leaf_aclk (net)
                      0.165874    0.004122    0.817655 ^ _2105_/CLK (sky130_fd_sc_hd__dfxtp_1)
     4    0.020754    0.317702    0.855976    1.673631 ^ _2105_/Q (sky130_fd_sc_hd__dfxtp_1)
                                                         net27 (net)
                      0.317703    0.001288    1.674919 ^ _1623_/A (sky130_fd_sc_hd__or2_1)
     1    0.002873    0.068493    0.263593    1.938512 ^ _1623_/X (sky130_fd_sc_hd__or2_1)
                                                         _0753_ (net)
                      0.068493    0.000202    1.938714 ^ _1624_/B1 (sky130_fd_sc_hd__o211a_1)
     1    0.001896    0.063736    0.282693    2.221408 ^ _1624_/X (sky130_fd_sc_hd__o211a_1)
                                                         _0033_ (net)
                      0.063736    0.000089    2.221497 ^ _2105_/D (sky130_fd_sc_hd__dfxtp_1)
                                              2.221497   data arrival time

                                  0.000000    0.000000   clock aclk (rise edge)
                                  0.000000    0.000000   clock source latency
     2    0.028104    0.206142    0.143714    0.143714 ^ aclk (in)
                                                         aclk (net)
                      0.206239    0.000000    0.143714 ^ clkbuf_0_aclk/A (sky130_fd_sc_hd__clkbuf_16)
     9    0.062538    0.124280    0.336021    0.479735 ^ clkbuf_0_aclk/X (sky130_fd_sc_hd__clkbuf_16)
                                                         clknet_0_aclk (net)
                      0.124446    0.003935    0.483670 ^ clkbuf_2_2__f_aclk/A (sky130_fd_sc_hd__clkbuf_16)
    21    0.092190    0.165752    0.329863    0.813533 ^ clkbuf_2_2__f_aclk/X (sky130_fd_sc_hd__clkbuf_16)
                                                         clknet_2_2__leaf_aclk (net)
                      0.165874    0.004122    0.817655 ^ _2105_/CLK (sky130_fd_sc_hd__dfxtp_1)
                                  0.250000    1.067655   clock uncertainty
                                  0.000000    1.067655   clock reconvergence pessimism
                                 -0.055328    1.012328   library hold time
                                              1.012328   data required time
---------------------------------------------------------------------------------------------
                                              1.012328   data required time
                                             -2.221497   data arrival time
---------------------------------------------------------------------------------------------
                                              1.209170   slack (MET)


Startpoint: _2074_ (rising edge-triggered flip-flop clocked by aclk)
Endpoint: _2074_ (rising edge-triggered flip-flop clocked by aclk)
Path Group: aclk
Path Type: min

Fanout         Cap        Slew       Delay        Time   Description
---------------------------------------------------------------------------------------------
                                  0.000000    0.000000   clock aclk (rise edge)
                                  0.000000    0.000000   clock source latency
     2    0.028104    0.206142    0.143714    0.143714 ^ aclk (in)
                                                         aclk (net)
                      0.206239    0.000000    0.143714 ^ clkbuf_0_aclk/A (sky130_fd_sc_hd__clkbuf_16)
     9    0.062538    0.124280    0.336021    0.479735 ^ clkbuf_0_aclk/X (sky130_fd_sc_hd__clkbuf_16)
                                                         clknet_0_aclk (net)
                      0.124426    0.003712    0.483447 ^ clkbuf_2_0__f_aclk/A (sky130_fd_sc_hd__clkbuf_16)
    37    0.098956    0.176686    0.331075    0.814522 ^ clkbuf_2_0__f_aclk/X (sky130_fd_sc_hd__clkbuf_16)
                                                         clknet_2_0__leaf_aclk (net)
                      0.178100    0.012604    0.827126 ^ _2074_/CLK (sky130_fd_sc_hd__dfxtp_2)
     2    0.007396    0.083857    0.715709    1.542835 ^ _2074_/Q (sky130_fd_sc_hd__dfxtp_2)
                                                         internal_weight[1] (net)
                      0.083857    0.000463    1.543298 ^ fanout119/A (sky130_fd_sc_hd__buf_6)
    17    0.063330    0.208894    0.288322    1.831620 ^ fanout119/X (sky130_fd_sc_hd__buf_6)
                                                         net119 (net)
                      0.208917    0.001863    1.833483 ^ _1043_/A (sky130_fd_sc_hd__or2_1)
     1    0.002915    0.067455    0.226539    2.060022 ^ _1043_/X (sky130_fd_sc_hd__or2_1)
                                                         _0204_ (net)
                      0.067455    0.000204    2.060226 ^ _1044_/B1 (sky130_fd_sc_hd__o211a_1)
     1    0.002047    0.066570    0.284302    2.344528 ^ _1044_/X (sky130_fd_sc_hd__o211a_1)
                                                         _0002_ (net)
                      0.066570    0.000137    2.344665 ^ _2074_/D (sky130_fd_sc_hd__dfxtp_2)
                                              2.344665   data arrival time

                                  0.000000    0.000000   clock aclk (rise edge)
                                  0.000000    0.000000   clock source latency
     2    0.028104    0.206142    0.143714    0.143714 ^ aclk (in)
                                                         aclk (net)
                      0.206239    0.000000    0.143714 ^ clkbuf_0_aclk/A (sky130_fd_sc_hd__clkbuf_16)
     9    0.062538    0.124280    0.336021    0.479735 ^ clkbuf_0_aclk/X (sky130_fd_sc_hd__clkbuf_16)
                                                         clknet_0_aclk (net)
                      0.124426    0.003712    0.483447 ^ clkbuf_2_0__f_aclk/A (sky130_fd_sc_hd__clkbuf_16)
    37    0.098956    0.176686    0.331075    0.814522 ^ clkbuf_2_0__f_aclk/X (sky130_fd_sc_hd__clkbuf_16)
                                                         clknet_2_0__leaf_aclk (net)
                      0.178100    0.012604    0.827126 ^ _2074_/CLK (sky130_fd_sc_hd__dfxtp_2)
                                  0.250000    1.077126   clock uncertainty
                                  0.000000    1.077126   clock reconvergence pessimism
                                 -0.053963    1.023164   library hold time
                                              1.023164   data required time
---------------------------------------------------------------------------------------------
                                              1.023164   data required time
                                             -2.344665   data arrival time
---------------------------------------------------------------------------------------------
                                              1.321501   slack (MET)


Startpoint: _2080_ (rising edge-triggered flip-flop clocked by aclk)
Endpoint: _2080_ (rising edge-triggered flip-flop clocked by aclk)
Path Group: aclk
Path Type: min

Fanout         Cap        Slew       Delay        Time   Description
---------------------------------------------------------------------------------------------
                                  0.000000    0.000000   clock aclk (rise edge)
                                  0.000000    0.000000   clock source latency
     2    0.028104    0.206142    0.143714    0.143714 ^ aclk (in)
                                                         aclk (net)
                      0.206239    0.000000    0.143714 ^ clkbuf_0_aclk/A (sky130_fd_sc_hd__clkbuf_16)
     9    0.062538    0.124280    0.336021    0.479735 ^ clkbuf_0_aclk/X (sky130_fd_sc_hd__clkbuf_16)
                                                         clknet_0_aclk (net)
                      0.124388    0.003262    0.482996 ^ clkbuf_2_1__f_aclk/A (sky130_fd_sc_hd__clkbuf_16)
    27    0.086215    0.157479    0.320592    0.803588 ^ clkbuf_2_1__f_aclk/X (sky130_fd_sc_hd__clkbuf_16)
                                                         clknet_2_1__leaf_aclk (net)
                      0.158351    0.009278    0.812866 ^ _2080_/CLK (sky130_fd_sc_hd__dfxtp_1)
     4    0.026795    0.244007    0.774010    1.586877 v _2080_/Q (sky130_fd_sc_hd__dfxtp_1)
                                                         internal_weight[7] (net)
                      0.244012    0.001339    1.588215 v _1036_/A (sky130_fd_sc_hd__inv_2)
    10    0.047449    0.350568    0.369884    1.958099 ^ _1036_/Y (sky130_fd_sc_hd__inv_2)
                                                         _0199_ (net)
                      0.350587    0.002207    1.960306 ^ _1055_/A (sky130_fd_sc_hd__nand2_1)
     1    0.002746    0.077022    0.188738    2.149044 v _1055_/Y (sky130_fd_sc_hd__nand2_1)
                                                         _0210_ (net)
                      0.077022    0.000192    2.149237 v _1056_/B1 (sky130_fd_sc_hd__o211a_1)
     1    0.002185    0.054593    0.219404    2.368641 v _1056_/X (sky130_fd_sc_hd__o211a_1)
                                                         _0008_ (net)
                      0.054593    0.000093    2.368734 v _2080_/D (sky130_fd_sc_hd__dfxtp_1)
                                              2.368734   data arrival time

                                  0.000000    0.000000   clock aclk (rise edge)
                                  0.000000    0.000000   clock source latency
     2    0.028104    0.206142    0.143714    0.143714 ^ aclk (in)
                                                         aclk (net)
                      0.206239    0.000000    0.143714 ^ clkbuf_0_aclk/A (sky130_fd_sc_hd__clkbuf_16)
     9    0.062538    0.124280    0.336021    0.479735 ^ clkbuf_0_aclk/X (sky130_fd_sc_hd__clkbuf_16)
                                                         clknet_0_aclk (net)
                      0.124388    0.003262    0.482996 ^ clkbuf_2_1__f_aclk/A (sky130_fd_sc_hd__clkbuf_16)
    27    0.086215    0.157479    0.320592    0.803588 ^ clkbuf_2_1__f_aclk/X (sky130_fd_sc_hd__clkbuf_16)
                                                         clknet_2_1__leaf_aclk (net)
                      0.158351    0.009278    0.812866 ^ _2080_/CLK (sky130_fd_sc_hd__dfxtp_1)
                                  0.250000    1.062866   clock uncertainty
                                  0.000000    1.062866   clock reconvergence pessimism
                                 -0.078090    0.984776   library hold time
                                              0.984776   data required time
---------------------------------------------------------------------------------------------
                                              0.984776   data required time
                                             -2.368734   data arrival time
---------------------------------------------------------------------------------------------
                                              1.383958   slack (MET)


Startpoint: _2077_ (rising edge-triggered flip-flop clocked by aclk)
Endpoint: _2077_ (rising edge-triggered flip-flop clocked by aclk)
Path Group: aclk
Path Type: min

Fanout         Cap        Slew       Delay        Time   Description
---------------------------------------------------------------------------------------------
                                  0.000000    0.000000   clock aclk (rise edge)
                                  0.000000    0.000000   clock source latency
     2    0.028104    0.206142    0.143714    0.143714 ^ aclk (in)
                                                         aclk (net)
                      0.206239    0.000000    0.143714 ^ clkbuf_0_aclk/A (sky130_fd_sc_hd__clkbuf_16)
     9    0.062538    0.124280    0.336021    0.479735 ^ clkbuf_0_aclk/X (sky130_fd_sc_hd__clkbuf_16)
                                                         clknet_0_aclk (net)
                      0.124426    0.003712    0.483447 ^ clkbuf_2_0__f_aclk/A (sky130_fd_sc_hd__clkbuf_16)
    37    0.098956    0.176686    0.331075    0.814522 ^ clkbuf_2_0__f_aclk/X (sky130_fd_sc_hd__clkbuf_16)
                                                         clknet_2_0__leaf_aclk (net)
                      0.180279    0.019925    0.834448 ^ _2077_/CLK (sky130_fd_sc_hd__dfxtp_1)
     7    0.032218    0.481237    0.980099    1.814547 ^ _2077_/Q (sky130_fd_sc_hd__dfxtp_1)
                                                         internal_weight[4] (net)
                      0.481237    0.001036    1.815583 ^ _1049_/A (sky130_fd_sc_hd__or2_1)
     1    0.002847    0.070766    0.316842    2.132425 ^ _1049_/X (sky130_fd_sc_hd__or2_1)
                                                         _0207_ (net)
                      0.070766    0.000206    2.132631 ^ _1050_/B1 (sky130_fd_sc_hd__o211a_1)
     1    0.001853    0.064488    0.282952    2.415583 ^ _1050_/X (sky130_fd_sc_hd__o211a_1)
                                                         _0005_ (net)
                      0.064488    0.000129    2.415712 ^ _2077_/D (sky130_fd_sc_hd__dfxtp_1)
                                              2.415712   data arrival time

                                  0.000000    0.000000   clock aclk (rise edge)
                                  0.000000    0.000000   clock source latency
     2    0.028104    0.206142    0.143714    0.143714 ^ aclk (in)
                                                         aclk (net)
                      0.206239    0.000000    0.143714 ^ clkbuf_0_aclk/A (sky130_fd_sc_hd__clkbuf_16)
     9    0.062538    0.124280    0.336021    0.479735 ^ clkbuf_0_aclk/X (sky130_fd_sc_hd__clkbuf_16)
                                                         clknet_0_aclk (net)
                      0.124426    0.003712    0.483447 ^ clkbuf_2_0__f_aclk/A (sky130_fd_sc_hd__clkbuf_16)
    37    0.098956    0.176686    0.331075    0.814522 ^ clkbuf_2_0__f_aclk/X (sky130_fd_sc_hd__clkbuf_16)
                                                         clknet_2_0__leaf_aclk (net)
                      0.180279    0.019925    0.834448 ^ _2077_/CLK (sky130_fd_sc_hd__dfxtp_1)
                                  0.250000    1.084448   clock uncertainty
                                  0.000000    1.084448   clock reconvergence pessimism
                                 -0.053213    1.031235   library hold time
                                              1.031235   data required time
---------------------------------------------------------------------------------------------
                                              1.031235   data required time
                                             -2.415712   data arrival time
---------------------------------------------------------------------------------------------
                                              1.384477   slack (MET)


Startpoint: _2078_ (rising edge-triggered flip-flop clocked by aclk)
Endpoint: _2078_ (rising edge-triggered flip-flop clocked by aclk)
Path Group: aclk
Path Type: min

Fanout         Cap        Slew       Delay        Time   Description
---------------------------------------------------------------------------------------------
                                  0.000000    0.000000   clock aclk (rise edge)
                                  0.000000    0.000000   clock source latency
     2    0.028104    0.206142    0.143714    0.143714 ^ aclk (in)
                                                         aclk (net)
                      0.206239    0.000000    0.143714 ^ clkbuf_0_aclk/A (sky130_fd_sc_hd__clkbuf_16)
     9    0.062538    0.124280    0.336021    0.479735 ^ clkbuf_0_aclk/X (sky130_fd_sc_hd__clkbuf_16)
                                                         clknet_0_aclk (net)
                      0.124388    0.003262    0.482996 ^ clkbuf_2_1__f_aclk/A (sky130_fd_sc_hd__clkbuf_16)
    27    0.086215    0.157479    0.320592    0.803588 ^ clkbuf_2_1__f_aclk/X (sky130_fd_sc_hd__clkbuf_16)
                                                         clknet_2_1__leaf_aclk (net)
                      0.158163    0.008247    0.811836 ^ _2078_/CLK (sky130_fd_sc_hd__dfxtp_1)
     1    0.002060    0.060087    0.655517    1.467352 ^ _2078_/Q (sky130_fd_sc_hd__dfxtp_1)
                                                         internal_weight[5] (net)
                      0.060087    0.000145    1.467498 ^ fanout111/A (sky130_fd_sc_hd__dlymetal6s2s_1)
     5    0.024318    0.390171    0.386175    1.853672 ^ fanout111/X (sky130_fd_sc_hd__dlymetal6s2s_1)
                                                         net111 (net)
                      0.390173    0.000637    1.854309 ^ _1051_/A (sky130_fd_sc_hd__or2_1)
     1    0.003427    0.075764    0.293488    2.147797 ^ _1051_/X (sky130_fd_sc_hd__or2_1)
                                                         _0208_ (net)
                      0.075764    0.000229    2.148027 ^ _1052_/B1 (sky130_fd_sc_hd__o211a_1)
     1    0.002310    0.068001    0.290870    2.438897 ^ _1052_/X (sky130_fd_sc_hd__o211a_1)
                                                         _0006_ (net)
                      0.068001    0.000159    2.439055 ^ _2078_/D (sky130_fd_sc_hd__dfxtp_1)
                                              2.439055   data arrival time

                                  0.000000    0.000000   clock aclk (rise edge)
                                  0.000000    0.000000   clock source latency
     2    0.028104    0.206142    0.143714    0.143714 ^ aclk (in)
                                                         aclk (net)
                      0.206239    0.000000    0.143714 ^ clkbuf_0_aclk/A (sky130_fd_sc_hd__clkbuf_16)
     9    0.062538    0.124280    0.336021    0.479735 ^ clkbuf_0_aclk/X (sky130_fd_sc_hd__clkbuf_16)
                                                         clknet_0_aclk (net)
                      0.124388    0.003262    0.482996 ^ clkbuf_2_1__f_aclk/A (sky130_fd_sc_hd__clkbuf_16)
    27    0.086215    0.157479    0.320592    0.803588 ^ clkbuf_2_1__f_aclk/X (sky130_fd_sc_hd__clkbuf_16)
                                                         clknet_2_1__leaf_aclk (net)
                      0.158163    0.008247    0.811836 ^ _2078_/CLK (sky130_fd_sc_hd__dfxtp_1)
                                  0.250000    1.061836   clock uncertainty
                                  0.000000    1.061836   clock reconvergence pessimism
                                 -0.057544    1.004292   library hold time
                                              1.004292   data required time
---------------------------------------------------------------------------------------------
                                              1.004292   data required time
                                             -2.439055   data arrival time
---------------------------------------------------------------------------------------------
                                              1.434763   slack (MET)


Startpoint: _2087_ (rising edge-triggered flip-flop clocked by aclk)
Endpoint: _2087_ (rising edge-triggered flip-flop clocked by aclk)
Path Group: aclk
Path Type: min

Fanout         Cap        Slew       Delay        Time   Description
---------------------------------------------------------------------------------------------
                                  0.000000    0.000000   clock aclk (rise edge)
                                  0.000000    0.000000   clock source latency
     2    0.028104    0.206142    0.143714    0.143714 ^ aclk (in)
                                                         aclk (net)
                      0.206239    0.000000    0.143714 ^ clkbuf_0_aclk/A (sky130_fd_sc_hd__clkbuf_16)
     9    0.062538    0.124280    0.336021    0.479735 ^ clkbuf_0_aclk/X (sky130_fd_sc_hd__clkbuf_16)
                                                         clknet_0_aclk (net)
                      0.124388    0.003262    0.482996 ^ clkbuf_2_1__f_aclk/A (sky130_fd_sc_hd__clkbuf_16)
    27    0.086215    0.157479    0.320592    0.803588 ^ clkbuf_2_1__f_aclk/X (sky130_fd_sc_hd__clkbuf_16)
                                                         clknet_2_1__leaf_aclk (net)
                      0.158025    0.007406    0.810994 ^ _2087_/CLK (sky130_fd_sc_hd__dfxtp_1)
     1    0.003522    0.078190    0.672808    1.483802 ^ _2087_/Q (sky130_fd_sc_hd__dfxtp_1)
                                                         internal_rssi[6] (net)
                      0.078190    0.000233    1.484035 ^ fanout94/A (sky130_fd_sc_hd__clkbuf_2)
    17    0.047309    0.400571    0.429013    1.913047 ^ fanout94/X (sky130_fd_sc_hd__clkbuf_2)
                                                         net94 (net)
                      0.400582    0.001813    1.914860 ^ _1069_/A (sky130_fd_sc_hd__or2_1)
     1    0.002893    0.069180    0.290953    2.205813 ^ _1069_/X (sky130_fd_sc_hd__or2_1)
                                                         _0217_ (net)
                      0.069181    0.000201    2.206014 ^ _1070_/B1 (sky130_fd_sc_hd__o211a_1)
     1    0.002051    0.065219    0.284986    2.491000 ^ _1070_/X (sky130_fd_sc_hd__o211a_1)
                                                         _0015_ (net)
                      0.065219    0.000145    2.491144 ^ _2087_/D (sky130_fd_sc_hd__dfxtp_1)
                                              2.491144   data arrival time

                                  0.000000    0.000000   clock aclk (rise edge)
                                  0.000000    0.000000   clock source latency
     2    0.028104    0.206142    0.143714    0.143714 ^ aclk (in)
                                                         aclk (net)
                      0.206239    0.000000    0.143714 ^ clkbuf_0_aclk/A (sky130_fd_sc_hd__clkbuf_16)
     9    0.062538    0.124280    0.336021    0.479735 ^ clkbuf_0_aclk/X (sky130_fd_sc_hd__clkbuf_16)
                                                         clknet_0_aclk (net)
                      0.124388    0.003262    0.482996 ^ clkbuf_2_1__f_aclk/A (sky130_fd_sc_hd__clkbuf_16)
    27    0.086215    0.157479    0.320592    0.803588 ^ clkbuf_2_1__f_aclk/X (sky130_fd_sc_hd__clkbuf_16)
                                                         clknet_2_1__leaf_aclk (net)
                      0.158025    0.007406    0.810994 ^ _2087_/CLK (sky130_fd_sc_hd__dfxtp_1)
                                  0.250000    1.060994   clock uncertainty
                                  0.000000    1.060994   clock reconvergence pessimism
                                 -0.056919    1.004075   library hold time
                                              1.004075   data required time
---------------------------------------------------------------------------------------------
                                              1.004075   data required time
                                             -2.491144   data arrival time
---------------------------------------------------------------------------------------------
                                              1.487070   slack (MET)


Startpoint: _2083_ (rising edge-triggered flip-flop clocked by aclk)
Endpoint: _2083_ (rising edge-triggered flip-flop clocked by aclk)
Path Group: aclk
Path Type: min

Fanout         Cap        Slew       Delay        Time   Description
---------------------------------------------------------------------------------------------
                                  0.000000    0.000000   clock aclk (rise edge)
                                  0.000000    0.000000   clock source latency
     2    0.028104    0.206142    0.143714    0.143714 ^ aclk (in)
                                                         aclk (net)
                      0.206239    0.000000    0.143714 ^ clkbuf_0_aclk/A (sky130_fd_sc_hd__clkbuf_16)
     9    0.062538    0.124280    0.336021    0.479735 ^ clkbuf_0_aclk/X (sky130_fd_sc_hd__clkbuf_16)
                                                         clknet_0_aclk (net)
                      0.124426    0.003712    0.483447 ^ clkbuf_2_0__f_aclk/A (sky130_fd_sc_hd__clkbuf_16)
    37    0.098956    0.176686    0.331075    0.814522 ^ clkbuf_2_0__f_aclk/X (sky130_fd_sc_hd__clkbuf_16)
                                                         clknet_2_0__leaf_aclk (net)
                      0.177508    0.009737    0.824259 ^ _2083_/CLK (sky130_fd_sc_hd__dfxtp_1)
     2    0.012931    0.206370    0.781915    1.606174 ^ _2083_/Q (sky130_fd_sc_hd__dfxtp_1)
                                                         internal_rssi[2] (net)
                      0.206370    0.000635    1.606809 ^ fanout101/A (sky130_fd_sc_hd__clkbuf_2)
    10    0.030255    0.262433    0.392121    1.998930 ^ fanout101/X (sky130_fd_sc_hd__clkbuf_2)
                                                         net101 (net)
                      0.262443    0.001925    2.000855 ^ _1061_/A (sky130_fd_sc_hd__or2_1)
     1    0.002896    0.067892    0.245745    2.246600 ^ _1061_/X (sky130_fd_sc_hd__or2_1)
                                                         _0213_ (net)
                      0.067892    0.000204    2.246804 ^ _1062_/B1 (sky130_fd_sc_hd__o211a_1)
     1    0.001993    0.065927    0.283742    2.530546 ^ _1062_/X (sky130_fd_sc_hd__o211a_1)
                                                         _0011_ (net)
                      0.065927    0.000138    2.530684 ^ _2083_/D (sky130_fd_sc_hd__dfxtp_1)
                                              2.530684   data arrival time

                                  0.000000    0.000000   clock aclk (rise edge)
                                  0.000000    0.000000   clock source latency
     2    0.028104    0.206142    0.143714    0.143714 ^ aclk (in)
                                                         aclk (net)
                      0.206239    0.000000    0.143714 ^ clkbuf_0_aclk/A (sky130_fd_sc_hd__clkbuf_16)
     9    0.062538    0.124280    0.336021    0.479735 ^ clkbuf_0_aclk/X (sky130_fd_sc_hd__clkbuf_16)
                                                         clknet_0_aclk (net)
                      0.124426    0.003712    0.483447 ^ clkbuf_2_0__f_aclk/A (sky130_fd_sc_hd__clkbuf_16)
    37    0.098956    0.176686    0.331075    0.814522 ^ clkbuf_2_0__f_aclk/X (sky130_fd_sc_hd__clkbuf_16)
                                                         clknet_2_0__leaf_aclk (net)
                      0.177508    0.009737    0.824259 ^ _2083_/CLK (sky130_fd_sc_hd__dfxtp_1)
                                  0.250000    1.074259   clock uncertainty
                                  0.000000    1.074259   clock reconvergence pessimism
                                 -0.053988    1.020272   library hold time
                                              1.020272   data required time
---------------------------------------------------------------------------------------------
                                              1.020272   data required time
                                             -2.530684   data arrival time
---------------------------------------------------------------------------------------------
                                              1.510412   slack (MET)


Startpoint: _2082_ (rising edge-triggered flip-flop clocked by aclk)
Endpoint: _2082_ (rising edge-triggered flip-flop clocked by aclk)
Path Group: aclk
Path Type: min

Fanout         Cap        Slew       Delay        Time   Description
---------------------------------------------------------------------------------------------
                                  0.000000    0.000000   clock aclk (rise edge)
                                  0.000000    0.000000   clock source latency
     2    0.028104    0.206142    0.143714    0.143714 ^ aclk (in)
                                                         aclk (net)
                      0.206239    0.000000    0.143714 ^ clkbuf_0_aclk/A (sky130_fd_sc_hd__clkbuf_16)
     9    0.062538    0.124280    0.336021    0.479735 ^ clkbuf_0_aclk/X (sky130_fd_sc_hd__clkbuf_16)
                                                         clknet_0_aclk (net)
                      0.124426    0.003712    0.483447 ^ clkbuf_2_0__f_aclk/A (sky130_fd_sc_hd__clkbuf_16)
    37    0.098956    0.176686    0.331075    0.814522 ^ clkbuf_2_0__f_aclk/X (sky130_fd_sc_hd__clkbuf_16)
                                                         clknet_2_0__leaf_aclk (net)
                      0.178368    0.013708    0.828231 ^ _2082_/CLK (sky130_fd_sc_hd__dfxtp_1)
     2    0.013494    0.214120    0.788000    1.616230 ^ _2082_/Q (sky130_fd_sc_hd__dfxtp_1)
                                                         internal_rssi[1] (net)
                      0.214120    0.000656    1.616887 ^ fanout103/A (sky130_fd_sc_hd__buf_2)
    10    0.039450    0.310356    0.435563    2.052450 ^ fanout103/X (sky130_fd_sc_hd__buf_2)
                                                         net103 (net)
                      0.310359    0.001686    2.054136 ^ _1059_/A (sky130_fd_sc_hd__or2_1)
     1    0.003176    0.072116    0.264519    2.318655 ^ _1059_/X (sky130_fd_sc_hd__or2_1)
                                                         _0212_ (net)
                      0.072116    0.000215    2.318871 ^ _1060_/B1 (sky130_fd_sc_hd__o211a_1)
     1    0.002340    0.069707    0.289924    2.608795 ^ _1060_/X (sky130_fd_sc_hd__o211a_1)
                                                         _0010_ (net)
                      0.069707    0.000149    2.608944 ^ _2082_/D (sky130_fd_sc_hd__dfxtp_1)
                                              2.608944   data arrival time

                                  0.000000    0.000000   clock aclk (rise edge)
                                  0.000000    0.000000   clock source latency
     2    0.028104    0.206142    0.143714    0.143714 ^ aclk (in)
                                                         aclk (net)
                      0.206239    0.000000    0.143714 ^ clkbuf_0_aclk/A (sky130_fd_sc_hd__clkbuf_16)
     9    0.062538    0.124280    0.336021    0.479735 ^ clkbuf_0_aclk/X (sky130_fd_sc_hd__clkbuf_16)
                                                         clknet_0_aclk (net)
                      0.124426    0.003712    0.483447 ^ clkbuf_2_0__f_aclk/A (sky130_fd_sc_hd__clkbuf_16)
    37    0.098956    0.176686    0.331075    0.814522 ^ clkbuf_2_0__f_aclk/X (sky130_fd_sc_hd__clkbuf_16)
                                                         clknet_2_0__leaf_aclk (net)
                      0.178368    0.013708    0.828231 ^ _2082_/CLK (sky130_fd_sc_hd__dfxtp_1)
                                  0.250000    1.078231   clock uncertainty
                                  0.000000    1.078231   clock reconvergence pessimism
                                 -0.054729    1.023502   library hold time
                                              1.023502   data required time
---------------------------------------------------------------------------------------------
                                              1.023502   data required time
                                             -2.608944   data arrival time
---------------------------------------------------------------------------------------------
                                              1.585442   slack (MET)


Startpoint: _2086_ (rising edge-triggered flip-flop clocked by aclk)
Endpoint: _2086_ (rising edge-triggered flip-flop clocked by aclk)
Path Group: aclk
Path Type: min

Fanout         Cap        Slew       Delay        Time   Description
---------------------------------------------------------------------------------------------
                                  0.000000    0.000000   clock aclk (rise edge)
                                  0.000000    0.000000   clock source latency
     2    0.028104    0.206142    0.143714    0.143714 ^ aclk (in)
                                                         aclk (net)
                      0.206239    0.000000    0.143714 ^ clkbuf_0_aclk/A (sky130_fd_sc_hd__clkbuf_16)
     9    0.062538    0.124280    0.336021    0.479735 ^ clkbuf_0_aclk/X (sky130_fd_sc_hd__clkbuf_16)
                                                         clknet_0_aclk (net)
                      0.124388    0.003262    0.482996 ^ clkbuf_2_1__f_aclk/A (sky130_fd_sc_hd__clkbuf_16)
    27    0.086215    0.157479    0.320592    0.803588 ^ clkbuf_2_1__f_aclk/X (sky130_fd_sc_hd__clkbuf_16)
                                                         clknet_2_1__leaf_aclk (net)
                      0.158109    0.007931    0.811519 ^ _2086_/CLK (sky130_fd_sc_hd__dfxtp_1)
     2    0.013964    0.220847    0.783282    1.594801 ^ _2086_/Q (sky130_fd_sc_hd__dfxtp_1)
                                                         internal_rssi[5] (net)
                      0.220847    0.000660    1.595461 ^ fanout95/A (sky130_fd_sc_hd__buf_2)
    10    0.043267    0.339667    0.460756    2.056217 ^ fanout95/X (sky130_fd_sc_hd__buf_2)
                                                         net95 (net)
                      0.339667    0.001168    2.057385 ^ _1067_/A (sky130_fd_sc_hd__or2_1)
     1    0.002783    0.067723    0.269789    2.327174 ^ _1067_/X (sky130_fd_sc_hd__or2_1)
                                                         _0216_ (net)
                      0.067723    0.000199    2.327373 ^ _1068_/B1 (sky130_fd_sc_hd__o211a_1)
     1    0.001958    0.064223    0.283214    2.610586 ^ _1068_/X (sky130_fd_sc_hd__o211a_1)
                                                         _0014_ (net)
                      0.064223    0.000137    2.610724 ^ _2086_/D (sky130_fd_sc_hd__dfxtp_1)
                                              2.610724   data arrival time

                                  0.000000    0.000000   clock aclk (rise edge)
                                  0.000000    0.000000   clock source latency
     2    0.028104    0.206142    0.143714    0.143714 ^ aclk (in)
                                                         aclk (net)
                      0.206239    0.000000    0.143714 ^ clkbuf_0_aclk/A (sky130_fd_sc_hd__clkbuf_16)
     9    0.062538    0.124280    0.336021    0.479735 ^ clkbuf_0_aclk/X (sky130_fd_sc_hd__clkbuf_16)
                                                         clknet_0_aclk (net)
                      0.124388    0.003262    0.482996 ^ clkbuf_2_1__f_aclk/A (sky130_fd_sc_hd__clkbuf_16)
    27    0.086215    0.157479    0.320592    0.803588 ^ clkbuf_2_1__f_aclk/X (sky130_fd_sc_hd__clkbuf_16)
                                                         clknet_2_1__leaf_aclk (net)
                      0.158109    0.007931    0.811519 ^ _2086_/CLK (sky130_fd_sc_hd__dfxtp_1)
                                  0.250000    1.061519   clock uncertainty
                                  0.000000    1.061519   clock reconvergence pessimism
                                 -0.056675    1.004844   library hold time
                                              1.004844   data required time
---------------------------------------------------------------------------------------------
                                              1.004844   data required time
                                             -2.610724   data arrival time
---------------------------------------------------------------------------------------------
                                              1.605879   slack (MET)


Startpoint: _2084_ (rising edge-triggered flip-flop clocked by aclk)
Endpoint: _2084_ (rising edge-triggered flip-flop clocked by aclk)
Path Group: aclk
Path Type: min

Fanout         Cap        Slew       Delay        Time   Description
---------------------------------------------------------------------------------------------
                                  0.000000    0.000000   clock aclk (rise edge)
                                  0.000000    0.000000   clock source latency
     2    0.028104    0.206142    0.143714    0.143714 ^ aclk (in)
                                                         aclk (net)
                      0.206239    0.000000    0.143714 ^ clkbuf_0_aclk/A (sky130_fd_sc_hd__clkbuf_16)
     9    0.062538    0.124280    0.336021    0.479735 ^ clkbuf_0_aclk/X (sky130_fd_sc_hd__clkbuf_16)
                                                         clknet_0_aclk (net)
                      0.124426    0.003712    0.483447 ^ clkbuf_2_0__f_aclk/A (sky130_fd_sc_hd__clkbuf_16)
    37    0.098956    0.176686    0.331075    0.814522 ^ clkbuf_2_0__f_aclk/X (sky130_fd_sc_hd__clkbuf_16)
                                                         clknet_2_0__leaf_aclk (net)
                      0.180149    0.019560    0.834082 ^ _2084_/CLK (sky130_fd_sc_hd__dfxtp_1)
     2    0.016825    0.261534    0.822914    1.656996 ^ _2084_/Q (sky130_fd_sc_hd__dfxtp_1)
                                                         internal_rssi[3] (net)
                      0.261534    0.000814    1.657810 ^ fanout99/A (sky130_fd_sc_hd__clkbuf_2)
    10    0.035207    0.302849    0.442483    2.100293 ^ fanout99/X (sky130_fd_sc_hd__clkbuf_2)
                                                         net99 (net)
                      0.302849    0.000943    2.101236 ^ _1063_/A (sky130_fd_sc_hd__or2_1)
     1    0.002933    0.068989    0.259386    2.360622 ^ _1063_/X (sky130_fd_sc_hd__or2_1)
                                                         _0214_ (net)
                      0.068989    0.000205    2.360826 ^ _1064_/B1 (sky130_fd_sc_hd__o211a_1)
     1    0.001903    0.065029    0.282971    2.643797 ^ _1064_/X (sky130_fd_sc_hd__o211a_1)
                                                         _0012_ (net)
                      0.065029    0.000089    2.643886 ^ _2084_/D (sky130_fd_sc_hd__dfxtp_1)
                                              2.643886   data arrival time

                                  0.000000    0.000000   clock aclk (rise edge)
                                  0.000000    0.000000   clock source latency
     2    0.028104    0.206142    0.143714    0.143714 ^ aclk (in)
                                                         aclk (net)
                      0.206239    0.000000    0.143714 ^ clkbuf_0_aclk/A (sky130_fd_sc_hd__clkbuf_16)
     9    0.062538    0.124280    0.336021    0.479735 ^ clkbuf_0_aclk/X (sky130_fd_sc_hd__clkbuf_16)
                                                         clknet_0_aclk (net)
                      0.124426    0.003712    0.483447 ^ clkbuf_2_0__f_aclk/A (sky130_fd_sc_hd__clkbuf_16)
    37    0.098956    0.176686    0.331075    0.814522 ^ clkbuf_2_0__f_aclk/X (sky130_fd_sc_hd__clkbuf_16)
                                                         clknet_2_0__leaf_aclk (net)
                      0.180149    0.019560    0.834082 ^ _2084_/CLK (sky130_fd_sc_hd__dfxtp_1)
                                  0.250000    1.084082   clock uncertainty
                                  0.000000    1.084082   clock reconvergence pessimism
                                 -0.053359    1.030722   library hold time
                                              1.030722   data required time
---------------------------------------------------------------------------------------------
                                              1.030722   data required time
                                             -2.643886   data arrival time
---------------------------------------------------------------------------------------------
                                              1.613164   slack (MET)


Startpoint: _2089_ (rising edge-triggered flip-flop clocked by aclk)
Endpoint: _2090_ (rising edge-triggered flip-flop clocked by aclk)
Path Group: aclk
Path Type: min

Fanout         Cap        Slew       Delay        Time   Description
---------------------------------------------------------------------------------------------
                                  0.000000    0.000000   clock aclk (rise edge)
                                  0.000000    0.000000   clock source latency
     2    0.028104    0.206142    0.143714    0.143714 ^ aclk (in)
                                                         aclk (net)
                      0.206239    0.000000    0.143714 ^ clkbuf_0_aclk/A (sky130_fd_sc_hd__clkbuf_16)
     9    0.062538    0.124280    0.336021    0.479735 ^ clkbuf_0_aclk/X (sky130_fd_sc_hd__clkbuf_16)
                                                         clknet_0_aclk (net)
                      0.124426    0.003712    0.483447 ^ clkbuf_2_0__f_aclk/A (sky130_fd_sc_hd__clkbuf_16)
    37    0.098956    0.176686    0.331075    0.814522 ^ clkbuf_2_0__f_aclk/X (sky130_fd_sc_hd__clkbuf_16)
                                                         clknet_2_0__leaf_aclk (net)
                      0.179598    0.017940    0.832462 ^ _2089_/CLK (sky130_fd_sc_hd__dfxtp_1)
     3    0.008449    0.144575    0.735914    1.568376 ^ _2089_/Q (sky130_fd_sc_hd__dfxtp_1)
                                                         net20 (net)
                      0.144575    0.000245    1.568621 ^ _1076_/A (sky130_fd_sc_hd__and3_1)
     3    0.007837    0.153286    0.366537    1.935158 ^ _1076_/X (sky130_fd_sc_hd__and3_1)
                                                         _0222_ (net)
                      0.153286    0.000420    1.935579 ^ _1084_/B1_N (sky130_fd_sc_hd__o21bai_1)
     1    0.002811    0.091019    0.212268    2.147847 ^ _1084_/Y (sky130_fd_sc_hd__o21bai_1)
                                                         _0229_ (net)
                      0.091019    0.000131    2.147977 ^ _1085_/A2 (sky130_fd_sc_hd__a21o_1)
     1    0.002807    0.064662    0.218091    2.366068 ^ _1085_/X (sky130_fd_sc_hd__a21o_1)
                                                         _0230_ (net)
                      0.064662    0.000131    2.366199 ^ _1086_/B1 (sky130_fd_sc_hd__o211a_1)
     1    0.002158    0.067710    0.284728    2.650927 ^ _1086_/X (sky130_fd_sc_hd__o211a_1)
                                                         _0018_ (net)
                      0.067710    0.000146    2.651073 ^ _2090_/D (sky130_fd_sc_hd__dfxtp_1)
                                              2.651073   data arrival time

                                  0.000000    0.000000   clock aclk (rise edge)
                                  0.000000    0.000000   clock source latency
     2    0.028104    0.206142    0.143714    0.143714 ^ aclk (in)
                                                         aclk (net)
                      0.206239    0.000000    0.143714 ^ clkbuf_0_aclk/A (sky130_fd_sc_hd__clkbuf_16)
     9    0.062538    0.124280    0.336021    0.479735 ^ clkbuf_0_aclk/X (sky130_fd_sc_hd__clkbuf_16)
                                                         clknet_0_aclk (net)
                      0.124426    0.003712    0.483447 ^ clkbuf_2_0__f_aclk/A (sky130_fd_sc_hd__clkbuf_16)
    37    0.098956    0.176686    0.331075    0.814522 ^ clkbuf_2_0__f_aclk/X (sky130_fd_sc_hd__clkbuf_16)
                                                         clknet_2_0__leaf_aclk (net)
                      0.179353    0.017173    0.831695 ^ _2090_/CLK (sky130_fd_sc_hd__dfxtp_1)
                                  0.250000    1.081695   clock uncertainty
                                  0.000000    1.081695   clock reconvergence pessimism
                                 -0.054109    1.027587   library hold time
                                              1.027587   data required time
---------------------------------------------------------------------------------------------
                                              1.027587   data required time
                                             -2.651073   data arrival time
---------------------------------------------------------------------------------------------
                                              1.623486   slack (MET)


Startpoint: _2076_ (rising edge-triggered flip-flop clocked by aclk)
Endpoint: _2076_ (rising edge-triggered flip-flop clocked by aclk)
Path Group: aclk
Path Type: min

Fanout         Cap        Slew       Delay        Time   Description
---------------------------------------------------------------------------------------------
                                  0.000000    0.000000   clock aclk (rise edge)
                                  0.000000    0.000000   clock source latency
     2    0.028104    0.206142    0.143714    0.143714 ^ aclk (in)
                                                         aclk (net)
                      0.206239    0.000000    0.143714 ^ clkbuf_0_aclk/A (sky130_fd_sc_hd__clkbuf_16)
     9    0.062538    0.124280    0.336021    0.479735 ^ clkbuf_0_aclk/X (sky130_fd_sc_hd__clkbuf_16)
                                                         clknet_0_aclk (net)
                      0.124426    0.003712    0.483447 ^ clkbuf_2_0__f_aclk/A (sky130_fd_sc_hd__clkbuf_16)
    37    0.098956    0.176686    0.331075    0.814522 ^ clkbuf_2_0__f_aclk/X (sky130_fd_sc_hd__clkbuf_16)
                                                         clknet_2_0__leaf_aclk (net)
                      0.177116    0.007165    0.821687 ^ _2076_/CLK (sky130_fd_sc_hd__dfxtp_1)
     2    0.016776    0.260858    0.820946    1.642633 ^ _2076_/Q (sky130_fd_sc_hd__dfxtp_1)
                                                         internal_weight[3] (net)
                      0.260858    0.000797    1.643430 ^ fanout114/A (sky130_fd_sc_hd__buf_2)
    10    0.040664    0.320442    0.462640    2.106070 ^ fanout114/X (sky130_fd_sc_hd__buf_2)
                                                         net114 (net)
                      0.320442    0.001303    2.107373 ^ _1047_/A (sky130_fd_sc_hd__or2_1)
     1    0.003558    0.077070    0.272030    2.379404 ^ _1047_/X (sky130_fd_sc_hd__or2_1)
                                                         _0206_ (net)
                      0.077070    0.000230    2.379634 ^ _1048_/B1 (sky130_fd_sc_hd__o211a_1)
     1    0.001891    0.064889    0.285818    2.665453 ^ _1048_/X (sky130_fd_sc_hd__o211a_1)
                                                         _0004_ (net)
                      0.064889    0.000087    2.665540 ^ _2076_/D (sky130_fd_sc_hd__dfxtp_1)
                                              2.665540   data arrival time

                                  0.000000    0.000000   clock aclk (rise edge)
                                  0.000000    0.000000   clock source latency
     2    0.028104    0.206142    0.143714    0.143714 ^ aclk (in)
                                                         aclk (net)
                      0.206239    0.000000    0.143714 ^ clkbuf_0_aclk/A (sky130_fd_sc_hd__clkbuf_16)
     9    0.062538    0.124280    0.336021    0.479735 ^ clkbuf_0_aclk/X (sky130_fd_sc_hd__clkbuf_16)
                                                         clknet_0_aclk (net)
                      0.124426    0.003712    0.483447 ^ clkbuf_2_0__f_aclk/A (sky130_fd_sc_hd__clkbuf_16)
    37    0.098956    0.176686    0.331075    0.814522 ^ clkbuf_2_0__f_aclk/X (sky130_fd_sc_hd__clkbuf_16)
                                                         clknet_2_0__leaf_aclk (net)
                      0.177116    0.007165    0.821687 ^ _2076_/CLK (sky130_fd_sc_hd__dfxtp_1)
                                  0.250000    1.071687   clock uncertainty
                                  0.000000    1.071687   clock reconvergence pessimism
                                 -0.053809    1.017878   library hold time
                                              1.017878   data required time
---------------------------------------------------------------------------------------------
                                              1.017878   data required time
                                             -2.665540   data arrival time
---------------------------------------------------------------------------------------------
                                              1.647661   slack (MET)


Startpoint: _2072_ (rising edge-triggered flip-flop clocked by aclk)
Endpoint: _2115_ (rising edge-triggered flip-flop clocked by aclk)
Path Group: aclk
Path Type: min

Fanout         Cap        Slew       Delay        Time   Description
---------------------------------------------------------------------------------------------
                                  0.000000    0.000000   clock aclk (rise edge)
                                  0.000000    0.000000   clock source latency
     2    0.028104    0.206142    0.143714    0.143714 ^ aclk (in)
                                                         aclk (net)
                      0.206239    0.000000    0.143714 ^ clkbuf_0_aclk/A (sky130_fd_sc_hd__clkbuf_16)
     9    0.062538    0.124280    0.336021    0.479735 ^ clkbuf_0_aclk/X (sky130_fd_sc_hd__clkbuf_16)
                                                         clknet_0_aclk (net)
                      0.124426    0.003712    0.483447 ^ clkbuf_2_0__f_aclk/A (sky130_fd_sc_hd__clkbuf_16)
    37    0.098956    0.176686    0.331075    0.814522 ^ clkbuf_2_0__f_aclk/X (sky130_fd_sc_hd__clkbuf_16)
                                                         clknet_2_0__leaf_aclk (net)
                      0.178149    0.012815    0.827337 ^ _2072_/CLK (sky130_fd_sc_hd__dfxtp_1)
     3    0.014081    0.137137    0.703587    1.530924 v _2072_/Q (sky130_fd_sc_hd__dfxtp_1)
                                                         internal_valid (net)
                      0.137138    0.000718    1.531642 v _1073_/A (sky130_fd_sc_hd__and2_1)
     1    0.004795    0.082076    0.325855    1.857497 v _1073_/X (sky130_fd_sc_hd__and2_1)
                                                         _0219_ (net)
                      0.082105    0.000329    1.857826 v fanout85/A (sky130_fd_sc_hd__clkbuf_4)
    13    0.070692    0.257495    0.414915    2.272741 v fanout85/X (sky130_fd_sc_hd__clkbuf_4)
                                                         net85 (net)
                      0.259102    0.016591    2.289332 v _1935_/A2 (sky130_fd_sc_hd__o211a_1)
     1    0.001982    0.051228    0.442501    2.731833 v _1935_/X (sky130_fd_sc_hd__o211a_1)
                                                         _0043_ (net)
                      0.051228    0.000094    2.731926 v _2115_/D (sky130_fd_sc_hd__dfxtp_1)
                                              2.731926   data arrival time

                                  0.000000    0.000000   clock aclk (rise edge)
                                  0.000000    0.000000   clock source latency
     2    0.028104    0.206142    0.143714    0.143714 ^ aclk (in)
                                                         aclk (net)
                      0.206239    0.000000    0.143714 ^ clkbuf_0_aclk/A (sky130_fd_sc_hd__clkbuf_16)
     9    0.062538    0.124280    0.336021    0.479735 ^ clkbuf_0_aclk/X (sky130_fd_sc_hd__clkbuf_16)
                                                         clknet_0_aclk (net)
                      0.124438    0.003853    0.483587 ^ clkbuf_2_3__f_aclk/A (sky130_fd_sc_hd__clkbuf_16)
    25    0.085361    0.156214    0.321606    0.805194 ^ clkbuf_2_3__f_aclk/X (sky130_fd_sc_hd__clkbuf_16)
                                                         clknet_2_3__leaf_aclk (net)
                      0.156824    0.007072    0.812266 ^ _2115_/CLK (sky130_fd_sc_hd__dfxtp_1)
                                  0.250000    1.062266   clock uncertainty
                                  0.000000    1.062266   clock reconvergence pessimism
                                 -0.077184    0.985081   library hold time
                                              0.985081   data required time
---------------------------------------------------------------------------------------------
                                              0.985081   data required time
                                             -2.731926   data arrival time
---------------------------------------------------------------------------------------------
                                              1.746845   slack (MET)


Startpoint: _2085_ (rising edge-triggered flip-flop clocked by aclk)
Endpoint: _2085_ (rising edge-triggered flip-flop clocked by aclk)
Path Group: aclk
Path Type: min

Fanout         Cap        Slew       Delay        Time   Description
---------------------------------------------------------------------------------------------
                                  0.000000    0.000000   clock aclk (rise edge)
                                  0.000000    0.000000   clock source latency
     2    0.028104    0.206142    0.143714    0.143714 ^ aclk (in)
                                                         aclk (net)
                      0.206239    0.000000    0.143714 ^ clkbuf_0_aclk/A (sky130_fd_sc_hd__clkbuf_16)
     9    0.062538    0.124280    0.336021    0.479735 ^ clkbuf_0_aclk/X (sky130_fd_sc_hd__clkbuf_16)
                                                         clknet_0_aclk (net)
                      0.124388    0.003262    0.482996 ^ clkbuf_2_1__f_aclk/A (sky130_fd_sc_hd__clkbuf_16)
    27    0.086215    0.157479    0.320592    0.803588 ^ clkbuf_2_1__f_aclk/X (sky130_fd_sc_hd__clkbuf_16)
                                                         clknet_2_1__leaf_aclk (net)
                      0.158187    0.008388    0.811976 ^ _2085_/CLK (sky130_fd_sc_hd__dfxtp_1)
     2    0.014671    0.230863    0.790742    1.602718 ^ _2085_/Q (sky130_fd_sc_hd__dfxtp_1)
                                                         internal_rssi[4] (net)
                      0.230863    0.000427    1.603144 ^ fanout97/A (sky130_fd_sc_hd__buf_2)
    21    0.060573    0.468261    0.553336    2.156480 ^ fanout97/X (sky130_fd_sc_hd__buf_2)
                                                         net97 (net)
                      0.468326    0.004624    2.161104 ^ _1065_/A (sky130_fd_sc_hd__or2_1)
     1    0.003159    0.072437    0.316146    2.477250 ^ _1065_/X (sky130_fd_sc_hd__or2_1)
                                                         _0215_ (net)
                      0.072437    0.000213    2.477463 ^ _1066_/B1 (sky130_fd_sc_hd__o211a_1)
     1    0.002163    0.066421    0.287683    2.765146 ^ _1066_/X (sky130_fd_sc_hd__o211a_1)
                                                         _0013_ (net)
                      0.066421    0.000147    2.765294 ^ _2085_/D (sky130_fd_sc_hd__dfxtp_1)
                                              2.765294   data arrival time

                                  0.000000    0.000000   clock aclk (rise edge)
                                  0.000000    0.000000   clock source latency
     2    0.028104    0.206142    0.143714    0.143714 ^ aclk (in)
                                                         aclk (net)
                      0.206239    0.000000    0.143714 ^ clkbuf_0_aclk/A (sky130_fd_sc_hd__clkbuf_16)
     9    0.062538    0.124280    0.336021    0.479735 ^ clkbuf_0_aclk/X (sky130_fd_sc_hd__clkbuf_16)
                                                         clknet_0_aclk (net)
                      0.124388    0.003262    0.482996 ^ clkbuf_2_1__f_aclk/A (sky130_fd_sc_hd__clkbuf_16)
    27    0.086215    0.157479    0.320592    0.803588 ^ clkbuf_2_1__f_aclk/X (sky130_fd_sc_hd__clkbuf_16)
                                                         clknet_2_1__leaf_aclk (net)
                      0.158187    0.008388    0.811976 ^ _2085_/CLK (sky130_fd_sc_hd__dfxtp_1)
                                  0.250000    1.061976   clock uncertainty
                                  0.000000    1.061976   clock reconvergence pessimism
                                 -0.057173    1.004803   library hold time
                                              1.004803   data required time
---------------------------------------------------------------------------------------------
                                              1.004803   data required time
                                             -2.765294   data arrival time
---------------------------------------------------------------------------------------------
                                              1.760490   slack (MET)


Startpoint: _2075_ (rising edge-triggered flip-flop clocked by aclk)
Endpoint: _2075_ (rising edge-triggered flip-flop clocked by aclk)
Path Group: aclk
Path Type: min

Fanout         Cap        Slew       Delay        Time   Description
---------------------------------------------------------------------------------------------
                                  0.000000    0.000000   clock aclk (rise edge)
                                  0.000000    0.000000   clock source latency
     2    0.028104    0.206142    0.143714    0.143714 ^ aclk (in)
                                                         aclk (net)
                      0.206239    0.000000    0.143714 ^ clkbuf_0_aclk/A (sky130_fd_sc_hd__clkbuf_16)
     9    0.062538    0.124280    0.336021    0.479735 ^ clkbuf_0_aclk/X (sky130_fd_sc_hd__clkbuf_16)
                                                         clknet_0_aclk (net)
                      0.124426    0.003712    0.483447 ^ clkbuf_2_0__f_aclk/A (sky130_fd_sc_hd__clkbuf_16)
    37    0.098956    0.176686    0.331075    0.814522 ^ clkbuf_2_0__f_aclk/X (sky130_fd_sc_hd__clkbuf_16)
                                                         clknet_2_0__leaf_aclk (net)
                      0.177509    0.009741    0.824263 ^ _2075_/CLK (sky130_fd_sc_hd__dfxtp_1)
     2    0.013060    0.208085    0.783156    1.607419 ^ _2075_/Q (sky130_fd_sc_hd__dfxtp_1)
                                                         internal_weight[2] (net)
                      0.208085    0.000911    1.608330 ^ fanout116/A (sky130_fd_sc_hd__buf_2)
    21    0.062318    0.480680    0.553894    2.162225 ^ fanout116/X (sky130_fd_sc_hd__buf_2)
                                                         net116 (net)
                      0.480690    0.001897    2.164122 ^ _1045_/A (sky130_fd_sc_hd__or2_1)
     1    0.003004    0.072608    0.318459    2.482580 ^ _1045_/X (sky130_fd_sc_hd__or2_1)
                                                         _0205_ (net)
                      0.072608    0.000145    2.482725 ^ _1046_/B1 (sky130_fd_sc_hd__o211a_1)
     1    0.003279    0.080188    0.302539    2.785264 ^ _1046_/X (sky130_fd_sc_hd__o211a_1)
                                                         _0003_ (net)
                      0.080188    0.000196    2.785460 ^ _2075_/D (sky130_fd_sc_hd__dfxtp_1)
                                              2.785460   data arrival time

                                  0.000000    0.000000   clock aclk (rise edge)
                                  0.000000    0.000000   clock source latency
     2    0.028104    0.206142    0.143714    0.143714 ^ aclk (in)
                                                         aclk (net)
                      0.206239    0.000000    0.143714 ^ clkbuf_0_aclk/A (sky130_fd_sc_hd__clkbuf_16)
     9    0.062538    0.124280    0.336021    0.479735 ^ clkbuf_0_aclk/X (sky130_fd_sc_hd__clkbuf_16)
                                                         clknet_0_aclk (net)
                      0.124426    0.003712    0.483447 ^ clkbuf_2_0__f_aclk/A (sky130_fd_sc_hd__clkbuf_16)
    37    0.098956    0.176686    0.331075    0.814522 ^ clkbuf_2_0__f_aclk/X (sky130_fd_sc_hd__clkbuf_16)
                                                         clknet_2_0__leaf_aclk (net)
                      0.177509    0.009741    0.824263 ^ _2075_/CLK (sky130_fd_sc_hd__dfxtp_1)
                                  0.250000    1.074263   clock uncertainty
                                  0.000000    1.074263   clock reconvergence pessimism
                                 -0.057299    1.016964   library hold time
                                              1.016964   data required time
---------------------------------------------------------------------------------------------
                                              1.016964   data required time
                                             -2.785460   data arrival time
---------------------------------------------------------------------------------------------
                                              1.768495   slack (MET)


Startpoint: _2072_ (rising edge-triggered flip-flop clocked by aclk)
Endpoint: _2100_ (rising edge-triggered flip-flop clocked by aclk)
Path Group: aclk
Path Type: min

Fanout         Cap        Slew       Delay        Time   Description
---------------------------------------------------------------------------------------------
                                  0.000000    0.000000   clock aclk (rise edge)
                                  0.000000    0.000000   clock source latency
     2    0.028104    0.206142    0.143714    0.143714 ^ aclk (in)
                                                         aclk (net)
                      0.206239    0.000000    0.143714 ^ clkbuf_0_aclk/A (sky130_fd_sc_hd__clkbuf_16)
     9    0.062538    0.124280    0.336021    0.479735 ^ clkbuf_0_aclk/X (sky130_fd_sc_hd__clkbuf_16)
                                                         clknet_0_aclk (net)
                      0.124426    0.003712    0.483447 ^ clkbuf_2_0__f_aclk/A (sky130_fd_sc_hd__clkbuf_16)
    37    0.098956    0.176686    0.331075    0.814522 ^ clkbuf_2_0__f_aclk/X (sky130_fd_sc_hd__clkbuf_16)
                                                         clknet_2_0__leaf_aclk (net)
                      0.178149    0.012815    0.827337 ^ _2072_/CLK (sky130_fd_sc_hd__dfxtp_1)
     3    0.014081    0.137137    0.703587    1.530924 v _2072_/Q (sky130_fd_sc_hd__dfxtp_1)
                                                         internal_valid (net)
                      0.137138    0.000718    1.531642 v _1073_/A (sky130_fd_sc_hd__and2_1)
     1    0.004795    0.082076    0.325855    1.857497 v _1073_/X (sky130_fd_sc_hd__and2_1)
                                                         _0219_ (net)
                      0.082105    0.000329    1.857826 v fanout85/A (sky130_fd_sc_hd__clkbuf_4)
    13    0.070692    0.257495    0.414915    2.272741 v fanout85/X (sky130_fd_sc_hd__clkbuf_4)
                                                         net85 (net)
                      0.258843    0.015256    2.287997 v _1434_/A2 (sky130_fd_sc_hd__o221a_1)
     1    0.002382    0.064220    0.512404    2.800401 v _1434_/X (sky130_fd_sc_hd__o221a_1)
                                                         _0028_ (net)
                      0.064220    0.000157    2.800558 v _2100_/D (sky130_fd_sc_hd__dfxtp_1)
                                              2.800558   data arrival time

                                  0.000000    0.000000   clock aclk (rise edge)
                                  0.000000    0.000000   clock source latency
     2    0.028104    0.206142    0.143714    0.143714 ^ aclk (in)
                                                         aclk (net)
                      0.206239    0.000000    0.143714 ^ clkbuf_0_aclk/A (sky130_fd_sc_hd__clkbuf_16)
     9    0.062538    0.124280    0.336021    0.479735 ^ clkbuf_0_aclk/X (sky130_fd_sc_hd__clkbuf_16)
                                                         clknet_0_aclk (net)
                      0.124438    0.003853    0.483587 ^ clkbuf_2_3__f_aclk/A (sky130_fd_sc_hd__clkbuf_16)
    25    0.085361    0.156214    0.321606    0.805194 ^ clkbuf_2_3__f_aclk/X (sky130_fd_sc_hd__clkbuf_16)
                                                         clknet_2_3__leaf_aclk (net)
                      0.156646    0.005720    0.810914 ^ _2100_/CLK (sky130_fd_sc_hd__dfxtp_1)
                                  0.250000    1.060914   clock uncertainty
                                  0.000000    1.060914   clock reconvergence pessimism
                                 -0.082140    0.978774   library hold time
                                              0.978774   data required time
---------------------------------------------------------------------------------------------
                                              0.978774   data required time
                                             -2.800558   data arrival time
---------------------------------------------------------------------------------------------
                                              1.821783   slack (MET)


Startpoint: _2089_ (rising edge-triggered flip-flop clocked by aclk)
Endpoint: _2091_ (rising edge-triggered flip-flop clocked by aclk)
Path Group: aclk
Path Type: min

Fanout         Cap        Slew       Delay        Time   Description
---------------------------------------------------------------------------------------------
                                  0.000000    0.000000   clock aclk (rise edge)
                                  0.000000    0.000000   clock source latency
     2    0.028104    0.206142    0.143714    0.143714 ^ aclk (in)
                                                         aclk (net)
                      0.206239    0.000000    0.143714 ^ clkbuf_0_aclk/A (sky130_fd_sc_hd__clkbuf_16)
     9    0.062538    0.124280    0.336021    0.479735 ^ clkbuf_0_aclk/X (sky130_fd_sc_hd__clkbuf_16)
                                                         clknet_0_aclk (net)
                      0.124426    0.003712    0.483447 ^ clkbuf_2_0__f_aclk/A (sky130_fd_sc_hd__clkbuf_16)
    37    0.098956    0.176686    0.331075    0.814522 ^ clkbuf_2_0__f_aclk/X (sky130_fd_sc_hd__clkbuf_16)
                                                         clknet_2_0__leaf_aclk (net)
                      0.179598    0.017940    0.832462 ^ _2089_/CLK (sky130_fd_sc_hd__dfxtp_1)
     3    0.008021    0.089246    0.663063    1.495525 v _2089_/Q (sky130_fd_sc_hd__dfxtp_1)
                                                         net20 (net)
                      0.089246    0.000234    1.495760 v _1076_/A (sky130_fd_sc_hd__and3_1)
     3    0.007494    0.102769    0.342007    1.837766 v _1076_/X (sky130_fd_sc_hd__and3_1)
                                                         _0222_ (net)
                      0.102769    0.000362    1.838128 v _1083_/C_N (sky130_fd_sc_hd__or3b_1)
     3    0.009031    0.145309    0.372907    2.211035 ^ _1083_/X (sky130_fd_sc_hd__or3b_1)
                                                         _0228_ (net)
                      0.145309    0.000482    2.211516 ^ _1099_/A (sky130_fd_sc_hd__and2_1)
     1    0.003449    0.087722    0.254743    2.466259 ^ _1099_/X (sky130_fd_sc_hd__and2_1)
                                                         _0243_ (net)
                      0.087722    0.000247    2.466506 ^ _1100_/A2 (sky130_fd_sc_hd__o21ai_1)
     1    0.006825    0.126489    0.165425    2.631931 v _1100_/Y (sky130_fd_sc_hd__o21ai_1)
                                                         _0244_ (net)
                      0.126489    0.000529    2.632460 v _1101_/B1 (sky130_fd_sc_hd__o211a_1)
     1    0.002025    0.052850    0.241584    2.874044 v _1101_/X (sky130_fd_sc_hd__o211a_1)
                                                         _0019_ (net)
                      0.052850    0.000147    2.874191 v _2091_/D (sky130_fd_sc_hd__dfxtp_1)
                                              2.874191   data arrival time

                                  0.000000    0.000000   clock aclk (rise edge)
                                  0.000000    0.000000   clock source latency
     2    0.028104    0.206142    0.143714    0.143714 ^ aclk (in)
                                                         aclk (net)
                      0.206239    0.000000    0.143714 ^ clkbuf_0_aclk/A (sky130_fd_sc_hd__clkbuf_16)
     9    0.062538    0.124280    0.336021    0.479735 ^ clkbuf_0_aclk/X (sky130_fd_sc_hd__clkbuf_16)
                                                         clknet_0_aclk (net)
                      0.124426    0.003712    0.483447 ^ clkbuf_2_0__f_aclk/A (sky130_fd_sc_hd__clkbuf_16)
    37    0.098956    0.176686    0.331075    0.814522 ^ clkbuf_2_0__f_aclk/X (sky130_fd_sc_hd__clkbuf_16)
                                                         clknet_2_0__leaf_aclk (net)
                      0.178945    0.015824    0.830347 ^ _2091_/CLK (sky130_fd_sc_hd__dfxtp_1)
                                  0.250000    1.080347   clock uncertainty
                                  0.000000    1.080347   clock reconvergence pessimism
                                 -0.072484    1.007862   library hold time
                                              1.007862   data required time
---------------------------------------------------------------------------------------------
                                              1.007862   data required time
                                             -2.874191   data arrival time
---------------------------------------------------------------------------------------------
                                              1.866329   slack (MET)


Startpoint: s_axis_tdata[15] (input port clocked by aclk)
Endpoint: _2088_ (rising edge-triggered flip-flop clocked by aclk)
Path Group: aclk
Path Type: min

Fanout         Cap        Slew       Delay        Time   Description
---------------------------------------------------------------------------------------------
                                  0.000000    0.000000   clock aclk (rise edge)
                                  0.000000    0.000000   clock network delay (propagated)
                                  2.400000    2.400000 ^ input external delay
     2    0.005547    0.050915    0.030329    2.430329 ^ s_axis_tdata[15] (in)
                                                         s_axis_tdata[15] (net)
                      0.050916    0.000000    2.430329 ^ input9/A (sky130_fd_sc_hd__clkbuf_1)
     1    0.003690    0.087815    0.153690    2.584018 ^ input9/X (sky130_fd_sc_hd__clkbuf_1)
                                                         net9 (net)
                      0.087815    0.000163    2.584181 ^ _1072_/A1 (sky130_fd_sc_hd__o211a_1)
     1    0.002185    0.068040    0.313591    2.897772 ^ _1072_/X (sky130_fd_sc_hd__o211a_1)
                                                         _0016_ (net)
                      0.068040    0.000140    2.897912 ^ _2088_/D (sky130_fd_sc_hd__dfxtp_2)
                                              2.897912   data arrival time

                                  0.000000    0.000000   clock aclk (rise edge)
                                  0.000000    0.000000   clock source latency
     2    0.028104    0.206142    0.143714    0.143714 ^ aclk (in)
                                                         aclk (net)
                      0.206239    0.000000    0.143714 ^ clkbuf_0_aclk/A (sky130_fd_sc_hd__clkbuf_16)
     9    0.062538    0.124280    0.336021    0.479735 ^ clkbuf_0_aclk/X (sky130_fd_sc_hd__clkbuf_16)
                                                         clknet_0_aclk (net)
                      0.124426    0.003712    0.483447 ^ clkbuf_2_0__f_aclk/A (sky130_fd_sc_hd__clkbuf_16)
    37    0.098956    0.176686    0.331075    0.814522 ^ clkbuf_2_0__f_aclk/X (sky130_fd_sc_hd__clkbuf_16)
                                                         clknet_2_0__leaf_aclk (net)
                      0.178895    0.015652    0.830174 ^ _2088_/CLK (sky130_fd_sc_hd__dfxtp_2)
                                  0.250000    1.080174   clock uncertainty
                                  0.000000    1.080174   clock reconvergence pessimism
                                 -0.054175    1.025999   library hold time
                                              1.025999   data required time
---------------------------------------------------------------------------------------------
                                              1.025999   data required time
                                             -2.897912   data arrival time
---------------------------------------------------------------------------------------------
                                              1.871913   slack (MET)


Startpoint: s_axis_tdata[8] (input port clocked by aclk)
Endpoint: _2081_ (rising edge-triggered flip-flop clocked by aclk)
Path Group: aclk
Path Type: min

Fanout         Cap        Slew       Delay        Time   Description
---------------------------------------------------------------------------------------------
                                  0.000000    0.000000   clock aclk (rise edge)
                                  0.000000    0.000000   clock network delay (propagated)
                                  2.400000    2.400000 ^ input external delay
     2    0.006903    0.060056    0.037087    2.437088 ^ s_axis_tdata[8] (in)
                                                         s_axis_tdata[8] (net)
                      0.060057    0.000000    2.437088 ^ input17/A (sky130_fd_sc_hd__clkbuf_1)
     1    0.004543    0.102773    0.168988    2.606076 ^ input17/X (sky130_fd_sc_hd__clkbuf_1)
                                                         net17 (net)
                      0.102773    0.000357    2.606433 ^ _1058_/A1 (sky130_fd_sc_hd__o211a_1)
     1    0.001898    0.064971    0.315314    2.921747 ^ _1058_/X (sky130_fd_sc_hd__o211a_1)
                                                         _0009_ (net)
                      0.064971    0.000132    2.921878 ^ _2081_/D (sky130_fd_sc_hd__dfxtp_1)
                                              2.921878   data arrival time

                                  0.000000    0.000000   clock aclk (rise edge)
                                  0.000000    0.000000   clock source latency
     2    0.028104    0.206142    0.143714    0.143714 ^ aclk (in)
                                                         aclk (net)
                      0.206239    0.000000    0.143714 ^ clkbuf_0_aclk/A (sky130_fd_sc_hd__clkbuf_16)
     9    0.062538    0.124280    0.336021    0.479735 ^ clkbuf_0_aclk/X (sky130_fd_sc_hd__clkbuf_16)
                                                         clknet_0_aclk (net)
                      0.124426    0.003712    0.483447 ^ clkbuf_2_0__f_aclk/A (sky130_fd_sc_hd__clkbuf_16)
    37    0.098956    0.176686    0.331075    0.814522 ^ clkbuf_2_0__f_aclk/X (sky130_fd_sc_hd__clkbuf_16)
                                                         clknet_2_0__leaf_aclk (net)
                      0.178454    0.014044    0.828566 ^ _2081_/CLK (sky130_fd_sc_hd__dfxtp_1)
                                  0.250000    1.078566   clock uncertainty
                                  0.000000    1.078566   clock reconvergence pessimism
                                 -0.053615    1.024951   library hold time
                                              1.024951   data required time
---------------------------------------------------------------------------------------------
                                              1.024951   data required time
                                             -2.921878   data arrival time
---------------------------------------------------------------------------------------------
                                              1.896928   slack (MET)


Startpoint: s_axis_tdata[0] (input port clocked by aclk)
Endpoint: _2073_ (rising edge-triggered flip-flop clocked by aclk)
Path Group: aclk
Path Type: min

Fanout         Cap        Slew       Delay        Time   Description
---------------------------------------------------------------------------------------------
                                  0.000000    0.000000   clock aclk (rise edge)
                                  0.000000    0.000000   clock network delay (propagated)
                                  2.400000    2.400000 ^ input external delay
     2    0.007286    0.062650    0.038980    2.438980 ^ s_axis_tdata[0] (in)
                                                         s_axis_tdata[0] (net)
                      0.062651    0.000000    2.438980 ^ input3/A (sky130_fd_sc_hd__clkbuf_1)
     1    0.003499    0.084530    0.156367    2.595347 ^ input3/X (sky130_fd_sc_hd__clkbuf_1)
                                                         net3 (net)
                      0.084530    0.000242    2.595589 ^ _1042_/A1 (sky130_fd_sc_hd__o211a_1)
     1    0.002953    0.076379    0.322516    2.918106 ^ _1042_/X (sky130_fd_sc_hd__o211a_1)
                                                         _0001_ (net)
                      0.076379    0.000181    2.918287 ^ _2073_/D (sky130_fd_sc_hd__dfxtp_1)
                                              2.918287   data arrival time

                                  0.000000    0.000000   clock aclk (rise edge)
                                  0.000000    0.000000   clock source latency
     2    0.028104    0.206142    0.143714    0.143714 ^ aclk (in)
                                                         aclk (net)
                      0.206239    0.000000    0.143714 ^ clkbuf_0_aclk/A (sky130_fd_sc_hd__clkbuf_16)
     9    0.062538    0.124280    0.336021    0.479735 ^ clkbuf_0_aclk/X (sky130_fd_sc_hd__clkbuf_16)
                                                         clknet_0_aclk (net)
                      0.124426    0.003712    0.483447 ^ clkbuf_2_0__f_aclk/A (sky130_fd_sc_hd__clkbuf_16)
    37    0.098956    0.176686    0.331075    0.814522 ^ clkbuf_2_0__f_aclk/X (sky130_fd_sc_hd__clkbuf_16)
                                                         clknet_2_0__leaf_aclk (net)
                      0.178148    0.012811    0.827334 ^ _2073_/CLK (sky130_fd_sc_hd__dfxtp_1)
                                  0.250000    1.077334   clock uncertainty
                                  0.000000    1.077334   clock reconvergence pessimism
                                 -0.056313    1.021021   library hold time
                                              1.021021   data required time
---------------------------------------------------------------------------------------------
                                              1.021021   data required time
                                             -2.918287   data arrival time
---------------------------------------------------------------------------------------------
                                              1.897266   slack (MET)


Startpoint: _2072_ (rising edge-triggered flip-flop clocked by aclk)
Endpoint: _2097_ (rising edge-triggered flip-flop clocked by aclk)
Path Group: aclk
Path Type: min

Fanout         Cap        Slew       Delay        Time   Description
---------------------------------------------------------------------------------------------
                                  0.000000    0.000000   clock aclk (rise edge)
                                  0.000000    0.000000   clock source latency
     2    0.028104    0.206142    0.143714    0.143714 ^ aclk (in)
                                                         aclk (net)
                      0.206239    0.000000    0.143714 ^ clkbuf_0_aclk/A (sky130_fd_sc_hd__clkbuf_16)
     9    0.062538    0.124280    0.336021    0.479735 ^ clkbuf_0_aclk/X (sky130_fd_sc_hd__clkbuf_16)
                                                         clknet_0_aclk (net)
                      0.124426    0.003712    0.483447 ^ clkbuf_2_0__f_aclk/A (sky130_fd_sc_hd__clkbuf_16)
    37    0.098956    0.176686    0.331075    0.814522 ^ clkbuf_2_0__f_aclk/X (sky130_fd_sc_hd__clkbuf_16)
                                                         clknet_2_0__leaf_aclk (net)
                      0.178149    0.012815    0.827337 ^ _2072_/CLK (sky130_fd_sc_hd__dfxtp_1)
     3    0.014081    0.137137    0.703587    1.530924 v _2072_/Q (sky130_fd_sc_hd__dfxtp_1)
                                                         internal_valid (net)
                      0.137141    0.000992    1.531916 v _1074_/A (sky130_fd_sc_hd__nand2_4)
    11    0.057924    0.274020    0.277701    1.809617 ^ _1074_/Y (sky130_fd_sc_hd__nand2_4)
                                                         _0220_ (net)
                      0.274075    0.003242    1.812859 ^ fanout80/A (sky130_fd_sc_hd__buf_4)
    21    0.091321    0.404463    0.531776    2.344635 ^ fanout80/X (sky130_fd_sc_hd__buf_4)
                                                         net80 (net)
                      0.406622    0.024107    2.368742 ^ _1298_/B1 (sky130_fd_sc_hd__a21o_1)
     1    0.003917    0.076826    0.263246    2.631988 ^ _1298_/X (sky130_fd_sc_hd__a21o_1)
                                                         _0436_ (net)
                      0.076826    0.000166    2.632154 ^ _1299_/B1 (sky130_fd_sc_hd__o211a_1)
     1    0.002244    0.069632    0.290405    2.922559 ^ _1299_/X (sky130_fd_sc_hd__o211a_1)
                                                         _0025_ (net)
                      0.069632    0.000143    2.922702 ^ _2097_/D (sky130_fd_sc_hd__dfxtp_1)
                                              2.922702   data arrival time

                                  0.000000    0.000000   clock aclk (rise edge)
                                  0.000000    0.000000   clock source latency
     2    0.028104    0.206142    0.143714    0.143714 ^ aclk (in)
                                                         aclk (net)
                      0.206239    0.000000    0.143714 ^ clkbuf_0_aclk/A (sky130_fd_sc_hd__clkbuf_16)
     9    0.062538    0.124280    0.336021    0.479735 ^ clkbuf_0_aclk/X (sky130_fd_sc_hd__clkbuf_16)
                                                         clknet_0_aclk (net)
                      0.124388    0.003262    0.482996 ^ clkbuf_2_1__f_aclk/A (sky130_fd_sc_hd__clkbuf_16)
    27    0.086215    0.157479    0.320592    0.803588 ^ clkbuf_2_1__f_aclk/X (sky130_fd_sc_hd__clkbuf_16)
                                                         clknet_2_1__leaf_aclk (net)
                      0.159688    0.014742    0.818330 ^ _2097_/CLK (sky130_fd_sc_hd__dfxtp_1)
                                  0.250000    1.068330   clock uncertainty
                                  0.000000    1.068330   clock reconvergence pessimism
                                 -0.057680    1.010650   library hold time
                                              1.010650   data required time
---------------------------------------------------------------------------------------------
                                              1.010650   data required time
                                             -2.922702   data arrival time
---------------------------------------------------------------------------------------------
                                              1.912052   slack (MET)


Startpoint: _2089_ (rising edge-triggered flip-flop clocked by aclk)
Endpoint: _2092_ (rising edge-triggered flip-flop clocked by aclk)
Path Group: aclk
Path Type: min

Fanout         Cap        Slew       Delay        Time   Description
---------------------------------------------------------------------------------------------
                                  0.000000    0.000000   clock aclk (rise edge)
                                  0.000000    0.000000   clock source latency
     2    0.028104    0.206142    0.143714    0.143714 ^ aclk (in)
                                                         aclk (net)
                      0.206239    0.000000    0.143714 ^ clkbuf_0_aclk/A (sky130_fd_sc_hd__clkbuf_16)
     9    0.062538    0.124280    0.336021    0.479735 ^ clkbuf_0_aclk/X (sky130_fd_sc_hd__clkbuf_16)
                                                         clknet_0_aclk (net)
                      0.124426    0.003712    0.483447 ^ clkbuf_2_0__f_aclk/A (sky130_fd_sc_hd__clkbuf_16)
    37    0.098956    0.176686    0.331075    0.814522 ^ clkbuf_2_0__f_aclk/X (sky130_fd_sc_hd__clkbuf_16)
                                                         clknet_2_0__leaf_aclk (net)
                      0.179598    0.017940    0.832462 ^ _2089_/CLK (sky130_fd_sc_hd__dfxtp_1)
     3    0.008021    0.089246    0.663063    1.495525 v _2089_/Q (sky130_fd_sc_hd__dfxtp_1)
                                                         net20 (net)
                      0.089246    0.000234    1.495760 v _1076_/A (sky130_fd_sc_hd__and3_1)
     3    0.007494    0.102769    0.342007    1.837766 v _1076_/X (sky130_fd_sc_hd__and3_1)
                                                         _0222_ (net)
                      0.102769    0.000362    1.838128 v _1083_/C_N (sky130_fd_sc_hd__or3b_1)
     3    0.009031    0.145309    0.372907    2.211035 ^ _1083_/X (sky130_fd_sc_hd__or3b_1)
                                                         _0228_ (net)
                      0.145309    0.000454    2.211489 ^ _1098_/A (sky130_fd_sc_hd__nor2_1)
     3    0.009498    0.099775    0.155611    2.367099 v _1098_/Y (sky130_fd_sc_hd__nor2_1)
                                                         _0242_ (net)
                      0.099777    0.000631    2.367731 v _1118_/A (sky130_fd_sc_hd__nor2_1)
     1    0.003804    0.154601    0.198481    2.566212 ^ _1118_/Y (sky130_fd_sc_hd__nor2_1)
                                                         _0261_ (net)
                      0.154601    0.000263    2.566474 ^ _1119_/A2 (sky130_fd_sc_hd__o21ai_1)
     1    0.003743    0.083515    0.155217    2.721692 v _1119_/Y (sky130_fd_sc_hd__o21ai_1)
                                                         _0262_ (net)
                      0.083515    0.000241    2.721933 v _1120_/B1 (sky130_fd_sc_hd__o211a_1)
     1    0.002347    0.055599    0.224329    2.946262 v _1120_/X (sky130_fd_sc_hd__o211a_1)
                                                         _0020_ (net)
                      0.055599    0.000169    2.946430 v _2092_/D (sky130_fd_sc_hd__dfxtp_1)
                                              2.946430   data arrival time

                                  0.000000    0.000000   clock aclk (rise edge)
                                  0.000000    0.000000   clock source latency
     2    0.028104    0.206142    0.143714    0.143714 ^ aclk (in)
                                                         aclk (net)
                      0.206239    0.000000    0.143714 ^ clkbuf_0_aclk/A (sky130_fd_sc_hd__clkbuf_16)
     9    0.062538    0.124280    0.336021    0.479735 ^ clkbuf_0_aclk/X (sky130_fd_sc_hd__clkbuf_16)
                                                         clknet_0_aclk (net)
                      0.124426    0.003712    0.483447 ^ clkbuf_2_0__f_aclk/A (sky130_fd_sc_hd__clkbuf_16)
    37    0.098956    0.176686    0.331075    0.814522 ^ clkbuf_2_0__f_aclk/X (sky130_fd_sc_hd__clkbuf_16)
                                                         clknet_2_0__leaf_aclk (net)
                      0.180082    0.019370    0.833892 ^ _2092_/CLK (sky130_fd_sc_hd__dfxtp_1)
                                  0.250000    1.083892   clock uncertainty
                                  0.000000    1.083892   clock reconvergence pessimism
                                 -0.073251    1.010641   library hold time
                                              1.010641   data required time
---------------------------------------------------------------------------------------------
                                              1.010641   data required time
                                             -2.946430   data arrival time
---------------------------------------------------------------------------------------------
                                              1.935789   slack (MET)


Startpoint: _2121_ (rising edge-triggered flip-flop clocked by aclk)
Endpoint: _2121_ (rising edge-triggered flip-flop clocked by aclk)
Path Group: aclk
Path Type: min

Fanout         Cap        Slew       Delay        Time   Description
---------------------------------------------------------------------------------------------
                                  0.000000    0.000000   clock aclk (rise edge)
                                  0.000000    0.000000   clock source latency
     2    0.028104    0.206142    0.143714    0.143714 ^ aclk (in)
                                                         aclk (net)
                      0.206239    0.000000    0.143714 ^ clkbuf_0_aclk/A (sky130_fd_sc_hd__clkbuf_16)
     9    0.062538    0.124280    0.336021    0.479735 ^ clkbuf_0_aclk/X (sky130_fd_sc_hd__clkbuf_16)
                                                         clknet_0_aclk (net)
                      0.124426    0.003712    0.483447 ^ clkbuf_2_0__f_aclk/A (sky130_fd_sc_hd__clkbuf_16)
    37    0.098956    0.176686    0.331075    0.814522 ^ clkbuf_2_0__f_aclk/X (sky130_fd_sc_hd__clkbuf_16)
                                                         clknet_2_0__leaf_aclk (net)
                      0.178098    0.012597    0.827119 ^ _2121_/CLK (sky130_fd_sc_hd__dfxtp_1)
     2    0.004820    0.094830    0.697049    1.524169 ^ _2121_/Q (sky130_fd_sc_hd__dfxtp_1)
                                                         net52 (net)
                      0.094830    0.000311    1.524480 ^ hold29/A (sky130_fd_sc_hd__dlygate4sd3_1)
     1    0.001954    0.082184    1.038011    2.562491 ^ hold29/X (sky130_fd_sc_hd__dlygate4sd3_1)
                                                         net165 (net)
                      0.082184    0.000135    2.562626 ^ _2070_/B (sky130_fd_sc_hd__and2b_1)
     1    0.003533    0.080298    0.238643    2.801269 ^ _2070_/X (sky130_fd_sc_hd__and2b_1)
                                                         _0198_ (net)
                      0.080298    0.000237    2.801506 ^ _2071_/A2 (sky130_fd_sc_hd__o21a_1)
     1    0.003000    0.071426    0.208390    3.009896 ^ _2071_/X (sky130_fd_sc_hd__o21a_1)
                                                         _0049_ (net)
                      0.071426    0.000220    3.010116 ^ _2121_/D (sky130_fd_sc_hd__dfxtp_1)
                                              3.010116   data arrival time

                                  0.000000    0.000000   clock aclk (rise edge)
                                  0.000000    0.000000   clock source latency
     2    0.028104    0.206142    0.143714    0.143714 ^ aclk (in)
                                                         aclk (net)
                      0.206239    0.000000    0.143714 ^ clkbuf_0_aclk/A (sky130_fd_sc_hd__clkbuf_16)
     9    0.062538    0.124280    0.336021    0.479735 ^ clkbuf_0_aclk/X (sky130_fd_sc_hd__clkbuf_16)
                                                         clknet_0_aclk (net)
                      0.124426    0.003712    0.483447 ^ clkbuf_2_0__f_aclk/A (sky130_fd_sc_hd__clkbuf_16)
    37    0.098956    0.176686    0.331075    0.814522 ^ clkbuf_2_0__f_aclk/X (sky130_fd_sc_hd__clkbuf_16)
                                                         clknet_2_0__leaf_aclk (net)
                      0.178098    0.012597    0.827119 ^ _2121_/CLK (sky130_fd_sc_hd__dfxtp_1)
                                  0.250000    1.077119   clock uncertainty
                                  0.000000    1.077119   clock reconvergence pessimism
                                 -0.055171    1.021948   library hold time
                                              1.021948   data required time
---------------------------------------------------------------------------------------------
                                              1.021948   data required time
                                             -3.010116   data arrival time
---------------------------------------------------------------------------------------------
                                              1.988167   slack (MET)


Startpoint: _2072_ (rising edge-triggered flip-flop clocked by aclk)
Endpoint: _2098_ (rising edge-triggered flip-flop clocked by aclk)
Path Group: aclk
Path Type: min

Fanout         Cap        Slew       Delay        Time   Description
---------------------------------------------------------------------------------------------
                                  0.000000    0.000000   clock aclk (rise edge)
                                  0.000000    0.000000   clock source latency
     2    0.028104    0.206142    0.143714    0.143714 ^ aclk (in)
                                                         aclk (net)
                      0.206239    0.000000    0.143714 ^ clkbuf_0_aclk/A (sky130_fd_sc_hd__clkbuf_16)
     9    0.062538    0.124280    0.336021    0.479735 ^ clkbuf_0_aclk/X (sky130_fd_sc_hd__clkbuf_16)
                                                         clknet_0_aclk (net)
                      0.124426    0.003712    0.483447 ^ clkbuf_2_0__f_aclk/A (sky130_fd_sc_hd__clkbuf_16)
    37    0.098956    0.176686    0.331075    0.814522 ^ clkbuf_2_0__f_aclk/X (sky130_fd_sc_hd__clkbuf_16)
                                                         clknet_2_0__leaf_aclk (net)
                      0.178149    0.012815    0.827337 ^ _2072_/CLK (sky130_fd_sc_hd__dfxtp_1)
     3    0.014081    0.137137    0.703587    1.530924 v _2072_/Q (sky130_fd_sc_hd__dfxtp_1)
                                                         internal_valid (net)
                      0.137141    0.000992    1.531916 v _1074_/A (sky130_fd_sc_hd__nand2_4)
    11    0.057924    0.274020    0.277701    1.809617 ^ _1074_/Y (sky130_fd_sc_hd__nand2_4)
                                                         _0220_ (net)
                      0.274075    0.003242    1.812859 ^ fanout80/A (sky130_fd_sc_hd__buf_4)
    21    0.091321    0.404463    0.531776    2.344635 ^ fanout80/X (sky130_fd_sc_hd__buf_4)
                                                         net80 (net)
                      0.406535    0.023636    2.368271 ^ _1341_/B1 (sky130_fd_sc_hd__a31o_1)
     1    0.003034    0.081026    0.285265    2.653536 ^ _1341_/X (sky130_fd_sc_hd__a31o_1)
                                                         _0478_ (net)
                      0.081026    0.000221    2.653757 ^ _1342_/B2 (sky130_fd_sc_hd__o221a_1)
     1    0.002201    0.086236    0.347115    3.000872 ^ _1342_/X (sky130_fd_sc_hd__o221a_1)
                                                         _0026_ (net)
                      0.086236    0.000147    3.001019 ^ _2098_/D (sky130_fd_sc_hd__dfxtp_1)
                                              3.001019   data arrival time

                                  0.000000    0.000000   clock aclk (rise edge)
                                  0.000000    0.000000   clock source latency
     2    0.028104    0.206142    0.143714    0.143714 ^ aclk (in)
                                                         aclk (net)
                      0.206239    0.000000    0.143714 ^ clkbuf_0_aclk/A (sky130_fd_sc_hd__clkbuf_16)
     9    0.062538    0.124280    0.336021    0.479735 ^ clkbuf_0_aclk/X (sky130_fd_sc_hd__clkbuf_16)
                                                         clknet_0_aclk (net)
                      0.124388    0.003262    0.482996 ^ clkbuf_2_1__f_aclk/A (sky130_fd_sc_hd__clkbuf_16)
    27    0.086215    0.157479    0.320592    0.803588 ^ clkbuf_2_1__f_aclk/X (sky130_fd_sc_hd__clkbuf_16)
                                                         clknet_2_1__leaf_aclk (net)
                      0.159600    0.014441    0.818029 ^ _2098_/CLK (sky130_fd_sc_hd__dfxtp_1)
                                  0.250000    1.068029   clock uncertainty
                                  0.000000    1.068029   clock reconvergence pessimism
                                 -0.061551    1.006478   library hold time
                                              1.006478   data required time
---------------------------------------------------------------------------------------------
                                              1.006478   data required time
                                             -3.001019   data arrival time
---------------------------------------------------------------------------------------------
                                              1.994540   slack (MET)


Startpoint: _2110_ (rising edge-triggered flip-flop clocked by aclk)
Endpoint: _2110_ (rising edge-triggered flip-flop clocked by aclk)
Path Group: aclk
Path Type: min

Fanout         Cap        Slew       Delay        Time   Description
---------------------------------------------------------------------------------------------
                                  0.000000    0.000000   clock aclk (rise edge)
                                  0.000000    0.000000   clock source latency
     2    0.028104    0.206142    0.143714    0.143714 ^ aclk (in)
                                                         aclk (net)
                      0.206239    0.000000    0.143714 ^ clkbuf_0_aclk/A (sky130_fd_sc_hd__clkbuf_16)
     9    0.062538    0.124280    0.336021    0.479735 ^ clkbuf_0_aclk/X (sky130_fd_sc_hd__clkbuf_16)
                                                         clknet_0_aclk (net)
                      0.124446    0.003935    0.483670 ^ clkbuf_2_2__f_aclk/A (sky130_fd_sc_hd__clkbuf_16)
    21    0.092190    0.165752    0.329863    0.813533 ^ clkbuf_2_2__f_aclk/X (sky130_fd_sc_hd__clkbuf_16)
                                                         clknet_2_2__leaf_aclk (net)
                      0.165853    0.003807    0.817340 ^ _2110_/CLK (sky130_fd_sc_hd__dfxtp_1)
     4    0.011961    0.193544    0.766225    1.583565 ^ _2110_/Q (sky130_fd_sc_hd__dfxtp_1)
                                                         net33 (net)
                      0.193544    0.000334    1.583899 ^ hold24/A (sky130_fd_sc_hd__dlygate4sd3_1)
     1    0.003950    0.106491    1.107455    2.691355 ^ hold24/X (sky130_fd_sc_hd__dlygate4sd3_1)
                                                         net160 (net)
                      0.106491    0.000305    2.691660 ^ _1781_/A1 (sky130_fd_sc_hd__o211a_1)
     1    0.002114    0.067436    0.319533    3.011193 ^ _1781_/X (sky130_fd_sc_hd__o211a_1)
                                                         _0038_ (net)
                      0.067436    0.000140    3.011333 ^ _2110_/D (sky130_fd_sc_hd__dfxtp_1)
                                              3.011333   data arrival time

                                  0.000000    0.000000   clock aclk (rise edge)
                                  0.000000    0.000000   clock source latency
     2    0.028104    0.206142    0.143714    0.143714 ^ aclk (in)
                                                         aclk (net)
                      0.206239    0.000000    0.143714 ^ clkbuf_0_aclk/A (sky130_fd_sc_hd__clkbuf_16)
     9    0.062538    0.124280    0.336021    0.479735 ^ clkbuf_0_aclk/X (sky130_fd_sc_hd__clkbuf_16)
                                                         clknet_0_aclk (net)
                      0.124446    0.003935    0.483670 ^ clkbuf_2_2__f_aclk/A (sky130_fd_sc_hd__clkbuf_16)
    21    0.092190    0.165752    0.329863    0.813533 ^ clkbuf_2_2__f_aclk/X (sky130_fd_sc_hd__clkbuf_16)
                                                         clknet_2_2__leaf_aclk (net)
                      0.165853    0.003807    0.817340 ^ _2110_/CLK (sky130_fd_sc_hd__dfxtp_1)
                                  0.250000    1.067340   clock uncertainty
                                  0.000000    1.067340   clock reconvergence pessimism
                                 -0.056190    1.011149   library hold time
                                              1.011149   data required time
---------------------------------------------------------------------------------------------
                                              1.011149   data required time
                                             -3.011333   data arrival time
---------------------------------------------------------------------------------------------
                                              2.000184   slack (MET)


Startpoint: _2101_ (rising edge-triggered flip-flop clocked by aclk)
Endpoint: _2101_ (rising edge-triggered flip-flop clocked by aclk)
Path Group: aclk
Path Type: min

Fanout         Cap        Slew       Delay        Time   Description
---------------------------------------------------------------------------------------------
                                  0.000000    0.000000   clock aclk (rise edge)
                                  0.000000    0.000000   clock source latency
     2    0.028104    0.206142    0.143714    0.143714 ^ aclk (in)
                                                         aclk (net)
                      0.206239    0.000000    0.143714 ^ clkbuf_0_aclk/A (sky130_fd_sc_hd__clkbuf_16)
     9    0.062538    0.124280    0.336021    0.479735 ^ clkbuf_0_aclk/X (sky130_fd_sc_hd__clkbuf_16)
                                                         clknet_0_aclk (net)
                      0.124438    0.003853    0.483587 ^ clkbuf_2_3__f_aclk/A (sky130_fd_sc_hd__clkbuf_16)
    25    0.085361    0.156214    0.321606    0.805194 ^ clkbuf_2_3__f_aclk/X (sky130_fd_sc_hd__clkbuf_16)
                                                         clknet_2_3__leaf_aclk (net)
                      0.156623    0.005519    0.810713 ^ _2101_/CLK (sky130_fd_sc_hd__dfxtp_1)
     4    0.012888    0.205827    0.771719    1.582432 ^ _2101_/Q (sky130_fd_sc_hd__dfxtp_1)
                                                         net23 (net)
                      0.205827    0.000655    1.583088 ^ hold25/A (sky130_fd_sc_hd__dlygate4sd3_1)
     1    0.003904    0.105853    1.111631    2.694718 ^ hold25/X (sky130_fd_sc_hd__dlygate4sd3_1)
                                                         net161 (net)
                      0.105853    0.000252    2.694971 ^ _1482_/A1 (sky130_fd_sc_hd__o211a_1)
     1    0.001783    0.063808    0.314941    3.009912 ^ _1482_/X (sky130_fd_sc_hd__o211a_1)
                                                         _0029_ (net)
                      0.063808    0.000079    3.009991 ^ _2101_/D (sky130_fd_sc_hd__dfxtp_1)
                                              3.009991   data arrival time

                                  0.000000    0.000000   clock aclk (rise edge)
                                  0.000000    0.000000   clock source latency
     2    0.028104    0.206142    0.143714    0.143714 ^ aclk (in)
                                                         aclk (net)
                      0.206239    0.000000    0.143714 ^ clkbuf_0_aclk/A (sky130_fd_sc_hd__clkbuf_16)
     9    0.062538    0.124280    0.336021    0.479735 ^ clkbuf_0_aclk/X (sky130_fd_sc_hd__clkbuf_16)
                                                         clknet_0_aclk (net)
                      0.124438    0.003853    0.483587 ^ clkbuf_2_3__f_aclk/A (sky130_fd_sc_hd__clkbuf_16)
    25    0.085361    0.156214    0.321606    0.805194 ^ clkbuf_2_3__f_aclk/X (sky130_fd_sc_hd__clkbuf_16)
                                                         clknet_2_3__leaf_aclk (net)
                      0.156623    0.005519    0.810713 ^ _2101_/CLK (sky130_fd_sc_hd__dfxtp_1)
                                  0.250000    1.060713   clock uncertainty
                                  0.000000    1.060713   clock reconvergence pessimism
                                 -0.056814    1.003899   library hold time
                                              1.003899   data required time
---------------------------------------------------------------------------------------------
                                              1.003899   data required time
                                             -3.009991   data arrival time
---------------------------------------------------------------------------------------------
                                              2.006093   slack (MET)


Startpoint: _2114_ (rising edge-triggered flip-flop clocked by aclk)
Endpoint: _2114_ (rising edge-triggered flip-flop clocked by aclk)
Path Group: aclk
Path Type: min

Fanout         Cap        Slew       Delay        Time   Description
---------------------------------------------------------------------------------------------
                                  0.000000    0.000000   clock aclk (rise edge)
                                  0.000000    0.000000   clock source latency
     2    0.028104    0.206142    0.143714    0.143714 ^ aclk (in)
                                                         aclk (net)
                      0.206239    0.000000    0.143714 ^ clkbuf_0_aclk/A (sky130_fd_sc_hd__clkbuf_16)
     9    0.062538    0.124280    0.336021    0.479735 ^ clkbuf_0_aclk/X (sky130_fd_sc_hd__clkbuf_16)
                                                         clknet_0_aclk (net)
                      0.124446    0.003935    0.483670 ^ clkbuf_2_2__f_aclk/A (sky130_fd_sc_hd__clkbuf_16)
    21    0.092190    0.165752    0.329863    0.813533 ^ clkbuf_2_2__f_aclk/X (sky130_fd_sc_hd__clkbuf_16)
                                                         clknet_2_2__leaf_aclk (net)
                      0.166102    0.005328    0.818861 ^ _2114_/CLK (sky130_fd_sc_hd__dfxtp_1)
     4    0.014577    0.229514    0.793470    1.612332 ^ _2114_/Q (sky130_fd_sc_hd__dfxtp_1)
                                                         net37 (net)
                      0.229514    0.000433    1.612764 ^ hold30/A (sky130_fd_sc_hd__dlygate4sd3_1)
     1    0.003762    0.103898    1.118332    2.731096 ^ hold30/X (sky130_fd_sc_hd__dlygate4sd3_1)
                                                         net166 (net)
                      0.103898    0.000294    2.731390 ^ _1906_/A1 (sky130_fd_sc_hd__o211a_1)
     1    0.002074    0.067014    0.318051    3.049441 ^ _1906_/X (sky130_fd_sc_hd__o211a_1)
                                                         _0042_ (net)
                      0.067014    0.000137    3.049577 ^ _2114_/D (sky130_fd_sc_hd__dfxtp_1)
                                              3.049577   data arrival time

                                  0.000000    0.000000   clock aclk (rise edge)
                                  0.000000    0.000000   clock source latency
     2    0.028104    0.206142    0.143714    0.143714 ^ aclk (in)
                                                         aclk (net)
                      0.206239    0.000000    0.143714 ^ clkbuf_0_aclk/A (sky130_fd_sc_hd__clkbuf_16)
     9    0.062538    0.124280    0.336021    0.479735 ^ clkbuf_0_aclk/X (sky130_fd_sc_hd__clkbuf_16)
                                                         clknet_0_aclk (net)
                      0.124446    0.003935    0.483670 ^ clkbuf_2_2__f_aclk/A (sky130_fd_sc_hd__clkbuf_16)
    21    0.092190    0.165752    0.329863    0.813533 ^ clkbuf_2_2__f_aclk/X (sky130_fd_sc_hd__clkbuf_16)
                                                         clknet_2_2__leaf_aclk (net)
                      0.166102    0.005328    0.818861 ^ _2114_/CLK (sky130_fd_sc_hd__dfxtp_1)
                                  0.250000    1.068861   clock uncertainty
                                  0.000000    1.068861   clock reconvergence pessimism
                                 -0.056053    1.012809   library hold time
                                              1.012809   data required time
---------------------------------------------------------------------------------------------
                                              1.012809   data required time
                                             -3.049577   data arrival time
---------------------------------------------------------------------------------------------
                                              2.036769   slack (MET)


Startpoint: _2120_ (rising edge-triggered flip-flop clocked by aclk)
Endpoint: _2120_ (rising edge-triggered flip-flop clocked by aclk)
Path Group: aclk
Path Type: min

Fanout         Cap        Slew       Delay        Time   Description
---------------------------------------------------------------------------------------------
                                  0.000000    0.000000   clock aclk (rise edge)
                                  0.000000    0.000000   clock source latency
     2    0.028104    0.206142    0.143714    0.143714 ^ aclk (in)
                                                         aclk (net)
                      0.206239    0.000000    0.143714 ^ clkbuf_0_aclk/A (sky130_fd_sc_hd__clkbuf_16)
     9    0.062538    0.124280    0.336021    0.479735 ^ clkbuf_0_aclk/X (sky130_fd_sc_hd__clkbuf_16)
                                                         clknet_0_aclk (net)
                      0.124438    0.003853    0.483587 ^ clkbuf_2_3__f_aclk/A (sky130_fd_sc_hd__clkbuf_16)
    25    0.085361    0.156214    0.321606    0.805194 ^ clkbuf_2_3__f_aclk/X (sky130_fd_sc_hd__clkbuf_16)
                                                         clknet_2_3__leaf_aclk (net)
                      0.157096    0.008742    0.813936 ^ _2120_/CLK (sky130_fd_sc_hd__dfxtp_1)
     3    0.010952    0.179459    0.751539    1.565475 ^ _2120_/Q (sky130_fd_sc_hd__dfxtp_1)
                                                         net44 (net)
                      0.179459    0.000513    1.565988 ^ hold31/A (sky130_fd_sc_hd__dlygate4sd3_1)
     1    0.003526    0.100711    1.095453    2.661441 ^ hold31/X (sky130_fd_sc_hd__dlygate4sd3_1)
                                                         net167 (net)
                      0.102133    0.000231    2.661672 ^ _2069_/A1 (sky130_fd_sc_hd__o221a_1)
     1    0.001954    0.082940    0.388196    3.049868 ^ _2069_/X (sky130_fd_sc_hd__o221a_1)
                                                         _0048_ (net)
                      0.082940    0.000088    3.049957 ^ _2120_/D (sky130_fd_sc_hd__dfxtp_1)
                                              3.049957   data arrival time

                                  0.000000    0.000000   clock aclk (rise edge)
                                  0.000000    0.000000   clock source latency
     2    0.028104    0.206142    0.143714    0.143714 ^ aclk (in)
                                                         aclk (net)
                      0.206239    0.000000    0.143714 ^ clkbuf_0_aclk/A (sky130_fd_sc_hd__clkbuf_16)
     9    0.062538    0.124280    0.336021    0.479735 ^ clkbuf_0_aclk/X (sky130_fd_sc_hd__clkbuf_16)
                                                         clknet_0_aclk (net)
                      0.124438    0.003853    0.483587 ^ clkbuf_2_3__f_aclk/A (sky130_fd_sc_hd__clkbuf_16)
    25    0.085361    0.156214    0.321606    0.805194 ^ clkbuf_2_3__f_aclk/X (sky130_fd_sc_hd__clkbuf_16)
                                                         clknet_2_3__leaf_aclk (net)
                      0.157096    0.008742    0.813936 ^ _2120_/CLK (sky130_fd_sc_hd__dfxtp_1)
                                  0.250000    1.063936   clock uncertainty
                                  0.000000    1.063936   clock reconvergence pessimism
                                 -0.061183    1.002753   library hold time
                                              1.002753   data required time
---------------------------------------------------------------------------------------------
                                              1.002753   data required time
                                             -3.049957   data arrival time
---------------------------------------------------------------------------------------------
                                              2.047204   slack (MET)


Startpoint: _2121_ (rising edge-triggered flip-flop clocked by aclk)
Endpoint: m_axis_tvalid (output port clocked by aclk)
Path Group: aclk
Path Type: min

Fanout         Cap        Slew       Delay        Time   Description
---------------------------------------------------------------------------------------------
                                  0.000000    0.000000   clock aclk (rise edge)
                                  0.000000    0.000000   clock source latency
     2    0.028104    0.206142    0.143714    0.143714 ^ aclk (in)
                                                         aclk (net)
                      0.206239    0.000000    0.143714 ^ clkbuf_0_aclk/A (sky130_fd_sc_hd__clkbuf_16)
     9    0.062538    0.124280    0.336021    0.479735 ^ clkbuf_0_aclk/X (sky130_fd_sc_hd__clkbuf_16)
                                                         clknet_0_aclk (net)
                      0.124426    0.003712    0.483447 ^ clkbuf_2_0__f_aclk/A (sky130_fd_sc_hd__clkbuf_16)
    37    0.098956    0.176686    0.331075    0.814522 ^ clkbuf_2_0__f_aclk/X (sky130_fd_sc_hd__clkbuf_16)
                                                         clknet_2_0__leaf_aclk (net)
                      0.178098    0.012597    0.827119 ^ _2121_/CLK (sky130_fd_sc_hd__dfxtp_1)
     2    0.004574    0.062067    0.638479    1.465598 v _2121_/Q (sky130_fd_sc_hd__dfxtp_1)
                                                         net52 (net)
                      0.062067    0.000297    1.465895 v output52/A (sky130_fd_sc_hd__buf_2)
     1    0.034068    0.165425    0.339632    1.805527 v output52/X (sky130_fd_sc_hd__buf_2)
                                                         m_axis_tvalid (net)
                      0.165439    0.001625    1.807152 v m_axis_tvalid (out)
                                              1.807152   data arrival time

                                  0.000000    0.000000   clock aclk (rise edge)
                                  0.000000    0.000000   clock network delay (propagated)
                                  0.250000    0.250000   clock uncertainty
                                  0.000000    0.250000   clock reconvergence pessimism
                                 -2.400000   -2.150000   output external delay
                                             -2.150000   data required time
---------------------------------------------------------------------------------------------
                                             -2.150000   data required time
                                             -1.807152   data arrival time
---------------------------------------------------------------------------------------------
                                              3.957152   slack (MET)


Startpoint: _2097_ (rising edge-triggered flip-flop clocked by aclk)
Endpoint: m_axis_tdata[8] (output port clocked by aclk)
Path Group: aclk
Path Type: min

Fanout         Cap        Slew       Delay        Time   Description
---------------------------------------------------------------------------------------------
                                  0.000000    0.000000   clock aclk (rise edge)
                                  0.000000    0.000000   clock source latency
     2    0.028104    0.206142    0.143714    0.143714 ^ aclk (in)
                                                         aclk (net)
                      0.206239    0.000000    0.143714 ^ clkbuf_0_aclk/A (sky130_fd_sc_hd__clkbuf_16)
     9    0.062538    0.124280    0.336021    0.479735 ^ clkbuf_0_aclk/X (sky130_fd_sc_hd__clkbuf_16)
                                                         clknet_0_aclk (net)
                      0.124388    0.003262    0.482996 ^ clkbuf_2_1__f_aclk/A (sky130_fd_sc_hd__clkbuf_16)
    27    0.086215    0.157479    0.320592    0.803588 ^ clkbuf_2_1__f_aclk/X (sky130_fd_sc_hd__clkbuf_16)
                                                         clknet_2_1__leaf_aclk (net)
                      0.159688    0.014742    0.818330 ^ _2097_/CLK (sky130_fd_sc_hd__dfxtp_1)
     4    0.008561    0.093628    0.657521    1.475851 v _2097_/Q (sky130_fd_sc_hd__dfxtp_1)
                                                         net50 (net)
                      0.093628    0.000429    1.476280 v output50/A (sky130_fd_sc_hd__buf_2)
     1    0.034290    0.166245    0.355130    1.831410 v output50/X (sky130_fd_sc_hd__buf_2)
                                                         m_axis_tdata[8] (net)
                      0.166259    0.001647    1.833058 v m_axis_tdata[8] (out)
                                              1.833058   data arrival time

                                  0.000000    0.000000   clock aclk (rise edge)
                                  0.000000    0.000000   clock network delay (propagated)
                                  0.250000    0.250000   clock uncertainty
                                  0.000000    0.250000   clock reconvergence pessimism
                                 -2.400000   -2.150000   output external delay
                                             -2.150000   data required time
---------------------------------------------------------------------------------------------
                                             -2.150000   data required time
                                             -1.833058   data arrival time
---------------------------------------------------------------------------------------------
                                              3.983057   slack (MET)


Startpoint: _2111_ (rising edge-triggered flip-flop clocked by aclk)
Endpoint: m_axis_tdata[22] (output port clocked by aclk)
Path Group: aclk
Path Type: min

Fanout         Cap        Slew       Delay        Time   Description
---------------------------------------------------------------------------------------------
                                  0.000000    0.000000   clock aclk (rise edge)
                                  0.000000    0.000000   clock source latency
     2    0.028104    0.206142    0.143714    0.143714 ^ aclk (in)
                                                         aclk (net)
                      0.206239    0.000000    0.143714 ^ clkbuf_0_aclk/A (sky130_fd_sc_hd__clkbuf_16)
     9    0.062538    0.124280    0.336021    0.479735 ^ clkbuf_0_aclk/X (sky130_fd_sc_hd__clkbuf_16)
                                                         clknet_0_aclk (net)
                      0.124446    0.003935    0.483670 ^ clkbuf_2_2__f_aclk/A (sky130_fd_sc_hd__clkbuf_16)
    21    0.092190    0.165752    0.329863    0.813533 ^ clkbuf_2_2__f_aclk/X (sky130_fd_sc_hd__clkbuf_16)
                                                         clknet_2_2__leaf_aclk (net)
                      0.166196    0.006176    0.819709 ^ _2111_/CLK (sky130_fd_sc_hd__dfxtp_1)
     4    0.008841    0.095914    0.662491    1.482200 v _2111_/Q (sky130_fd_sc_hd__dfxtp_1)
                                                         net34 (net)
                      0.095914    0.000413    1.482613 v output34/A (sky130_fd_sc_hd__buf_2)
     1    0.034233    0.166039    0.356010    1.838624 v output34/X (sky130_fd_sc_hd__buf_2)
                                                         m_axis_tdata[22] (net)
                      0.166055    0.001705    1.840328 v m_axis_tdata[22] (out)
                                              1.840328   data arrival time

                                  0.000000    0.000000   clock aclk (rise edge)
                                  0.000000    0.000000   clock network delay (propagated)
                                  0.250000    0.250000   clock uncertainty
                                  0.000000    0.250000   clock reconvergence pessimism
                                 -2.400000   -2.150000   output external delay
                                             -2.150000   data required time
---------------------------------------------------------------------------------------------
                                             -2.150000   data required time
                                             -1.840328   data arrival time
---------------------------------------------------------------------------------------------
                                              3.990328   slack (MET)


Startpoint: _2120_ (rising edge-triggered flip-flop clocked by aclk)
Endpoint: m_axis_tdata[31] (output port clocked by aclk)
Path Group: aclk
Path Type: min

Fanout         Cap        Slew       Delay        Time   Description
---------------------------------------------------------------------------------------------
                                  0.000000    0.000000   clock aclk (rise edge)
                                  0.000000    0.000000   clock source latency
     2    0.028104    0.206142    0.143714    0.143714 ^ aclk (in)
                                                         aclk (net)
                      0.206239    0.000000    0.143714 ^ clkbuf_0_aclk/A (sky130_fd_sc_hd__clkbuf_16)
     9    0.062538    0.124280    0.336021    0.479735 ^ clkbuf_0_aclk/X (sky130_fd_sc_hd__clkbuf_16)
                                                         clknet_0_aclk (net)
                      0.124438    0.003853    0.483587 ^ clkbuf_2_3__f_aclk/A (sky130_fd_sc_hd__clkbuf_16)
    25    0.085361    0.156214    0.321606    0.805194 ^ clkbuf_2_3__f_aclk/X (sky130_fd_sc_hd__clkbuf_16)
                                                         clknet_2_3__leaf_aclk (net)
                      0.157096    0.008742    0.813936 ^ _2120_/CLK (sky130_fd_sc_hd__dfxtp_1)
     3    0.010436    0.109155    0.669198    1.483134 v _2120_/Q (sky130_fd_sc_hd__dfxtp_1)
                                                         net44 (net)
                      0.109158    0.000648    1.483782 v output44/A (sky130_fd_sc_hd__buf_2)
     1    0.033931    0.164832    0.361514    1.845296 v output44/X (sky130_fd_sc_hd__buf_2)
                                                         m_axis_tdata[31] (net)
                      0.164845    0.001588    1.846884 v m_axis_tdata[31] (out)
                                              1.846884   data arrival time

                                  0.000000    0.000000   clock aclk (rise edge)
                                  0.000000    0.000000   clock network delay (propagated)
                                  0.250000    0.250000   clock uncertainty
                                  0.000000    0.250000   clock reconvergence pessimism
                                 -2.400000   -2.150000   output external delay
                                             -2.150000   data required time
---------------------------------------------------------------------------------------------
                                             -2.150000   data required time
                                             -1.846884   data arrival time
---------------------------------------------------------------------------------------------
                                              3.996884   slack (MET)


Startpoint: _2100_ (rising edge-triggered flip-flop clocked by aclk)
Endpoint: m_axis_tdata[11] (output port clocked by aclk)
Path Group: aclk
Path Type: min

Fanout         Cap        Slew       Delay        Time   Description
---------------------------------------------------------------------------------------------
                                  0.000000    0.000000   clock aclk (rise edge)
                                  0.000000    0.000000   clock source latency
     2    0.028104    0.206142    0.143714    0.143714 ^ aclk (in)
                                                         aclk (net)
                      0.206239    0.000000    0.143714 ^ clkbuf_0_aclk/A (sky130_fd_sc_hd__clkbuf_16)
     9    0.062538    0.124280    0.336021    0.479735 ^ clkbuf_0_aclk/X (sky130_fd_sc_hd__clkbuf_16)
                                                         clknet_0_aclk (net)
                      0.124438    0.003853    0.483587 ^ clkbuf_2_3__f_aclk/A (sky130_fd_sc_hd__clkbuf_16)
    25    0.085361    0.156214    0.321606    0.805194 ^ clkbuf_2_3__f_aclk/X (sky130_fd_sc_hd__clkbuf_16)
                                                         clknet_2_3__leaf_aclk (net)
                      0.156646    0.005720    0.810914 ^ _2100_/CLK (sky130_fd_sc_hd__dfxtp_1)
     4    0.010755    0.111746    0.671283    1.482197 v _2100_/Q (sky130_fd_sc_hd__dfxtp_1)
                                                         net22 (net)
                      0.111747    0.000510    1.482706 v output22/A (sky130_fd_sc_hd__buf_2)
     1    0.033993    0.165080    0.362961    1.845667 v output22/X (sky130_fd_sc_hd__buf_2)
                                                         m_axis_tdata[11] (net)
                      0.165094    0.001589    1.847255 v m_axis_tdata[11] (out)
                                              1.847255   data arrival time

                                  0.000000    0.000000   clock aclk (rise edge)
                                  0.000000    0.000000   clock network delay (propagated)
                                  0.250000    0.250000   clock uncertainty
                                  0.000000    0.250000   clock reconvergence pessimism
                                 -2.400000   -2.150000   output external delay
                                             -2.150000   data required time
---------------------------------------------------------------------------------------------
                                             -2.150000   data required time
                                             -1.847255   data arrival time
---------------------------------------------------------------------------------------------
                                              3.997256   slack (MET)


Startpoint: _2098_ (rising edge-triggered flip-flop clocked by aclk)
Endpoint: m_axis_tdata[9] (output port clocked by aclk)
Path Group: aclk
Path Type: min

Fanout         Cap        Slew       Delay        Time   Description
---------------------------------------------------------------------------------------------
                                  0.000000    0.000000   clock aclk (rise edge)
                                  0.000000    0.000000   clock source latency
     2    0.028104    0.206142    0.143714    0.143714 ^ aclk (in)
                                                         aclk (net)
                      0.206239    0.000000    0.143714 ^ clkbuf_0_aclk/A (sky130_fd_sc_hd__clkbuf_16)
     9    0.062538    0.124280    0.336021    0.479735 ^ clkbuf_0_aclk/X (sky130_fd_sc_hd__clkbuf_16)
                                                         clknet_0_aclk (net)
                      0.124388    0.003262    0.482996 ^ clkbuf_2_1__f_aclk/A (sky130_fd_sc_hd__clkbuf_16)
    27    0.086215    0.157479    0.320592    0.803588 ^ clkbuf_2_1__f_aclk/X (sky130_fd_sc_hd__clkbuf_16)
                                                         clknet_2_1__leaf_aclk (net)
                      0.159600    0.014441    0.818029 ^ _2098_/CLK (sky130_fd_sc_hd__dfxtp_1)
     4    0.010071    0.106098    0.667968    1.485997 v _2098_/Q (sky130_fd_sc_hd__dfxtp_1)
                                                         net51 (net)
                      0.106098    0.000285    1.486282 v output51/A (sky130_fd_sc_hd__buf_2)
     1    0.034066    0.165371    0.360442    1.846724 v output51/X (sky130_fd_sc_hd__buf_2)
                                                         m_axis_tdata[9] (net)
                      0.165385    0.001628    1.848351 v m_axis_tdata[9] (out)
                                              1.848351   data arrival time

                                  0.000000    0.000000   clock aclk (rise edge)
                                  0.000000    0.000000   clock network delay (propagated)
                                  0.250000    0.250000   clock uncertainty
                                  0.000000    0.250000   clock reconvergence pessimism
                                 -2.400000   -2.150000   output external delay
                                             -2.150000   data required time
---------------------------------------------------------------------------------------------
                                             -2.150000   data required time
                                             -1.848351   data arrival time
---------------------------------------------------------------------------------------------
                                              3.998352   slack (MET)


Startpoint: _2089_ (rising edge-triggered flip-flop clocked by aclk)
Endpoint: m_axis_tdata[0] (output port clocked by aclk)
Path Group: aclk
Path Type: min

Fanout         Cap        Slew       Delay        Time   Description
---------------------------------------------------------------------------------------------
                                  0.000000    0.000000   clock aclk (rise edge)
                                  0.000000    0.000000   clock source latency
     2    0.028104    0.206142    0.143714    0.143714 ^ aclk (in)
                                                         aclk (net)
                      0.206239    0.000000    0.143714 ^ clkbuf_0_aclk/A (sky130_fd_sc_hd__clkbuf_16)
     9    0.062538    0.124280    0.336021    0.479735 ^ clkbuf_0_aclk/X (sky130_fd_sc_hd__clkbuf_16)
                                                         clknet_0_aclk (net)
                      0.124426    0.003712    0.483447 ^ clkbuf_2_0__f_aclk/A (sky130_fd_sc_hd__clkbuf_16)
    37    0.098956    0.176686    0.331075    0.814522 ^ clkbuf_2_0__f_aclk/X (sky130_fd_sc_hd__clkbuf_16)
                                                         clknet_2_0__leaf_aclk (net)
                      0.179598    0.017940    0.832462 ^ _2089_/CLK (sky130_fd_sc_hd__dfxtp_1)
     3    0.008021    0.089246    0.663063    1.495525 v _2089_/Q (sky130_fd_sc_hd__dfxtp_1)
                                                         net20 (net)
                      0.089246    0.000411    1.495936 v output20/A (sky130_fd_sc_hd__buf_2)
     1    0.034213    0.165951    0.352733    1.848670 v output20/X (sky130_fd_sc_hd__buf_2)
                                                         m_axis_tdata[0] (net)
                      0.165967    0.001704    1.850373 v m_axis_tdata[0] (out)
                                              1.850373   data arrival time

                                  0.000000    0.000000   clock aclk (rise edge)
                                  0.000000    0.000000   clock network delay (propagated)
                                  0.250000    0.250000   clock uncertainty
                                  0.000000    0.250000   clock reconvergence pessimism
                                 -2.400000   -2.150000   output external delay
                                             -2.150000   data required time
---------------------------------------------------------------------------------------------
                                             -2.150000   data required time
                                             -1.850373   data arrival time
---------------------------------------------------------------------------------------------
                                              4.000373   slack (MET)


Startpoint: _2109_ (rising edge-triggered flip-flop clocked by aclk)
Endpoint: m_axis_tdata[20] (output port clocked by aclk)
Path Group: aclk
Path Type: min

Fanout         Cap        Slew       Delay        Time   Description
---------------------------------------------------------------------------------------------
                                  0.000000    0.000000   clock aclk (rise edge)
                                  0.000000    0.000000   clock source latency
     2    0.028104    0.206142    0.143714    0.143714 ^ aclk (in)
                                                         aclk (net)
                      0.206239    0.000000    0.143714 ^ clkbuf_0_aclk/A (sky130_fd_sc_hd__clkbuf_16)
     9    0.062538    0.124280    0.336021    0.479735 ^ clkbuf_0_aclk/X (sky130_fd_sc_hd__clkbuf_16)
                                                         clknet_0_aclk (net)
                      0.124446    0.003935    0.483670 ^ clkbuf_2_2__f_aclk/A (sky130_fd_sc_hd__clkbuf_16)
    21    0.092190    0.165752    0.329863    0.813533 ^ clkbuf_2_2__f_aclk/X (sky130_fd_sc_hd__clkbuf_16)
                                                         clknet_2_2__leaf_aclk (net)
                      0.166009    0.004323    0.817856 ^ _2109_/CLK (sky130_fd_sc_hd__dfxtp_1)
     4    0.009998    0.105523    0.670400    1.488256 v _2109_/Q (sky130_fd_sc_hd__dfxtp_1)
                                                         net32 (net)
                      0.105523    0.000509    1.488766 v output32/A (sky130_fd_sc_hd__buf_2)
     1    0.034096    0.165490    0.360256    1.849022 v output32/X (sky130_fd_sc_hd__buf_2)
                                                         m_axis_tdata[20] (net)
                      0.165505    0.001636    1.850657 v m_axis_tdata[20] (out)
                                              1.850657   data arrival time

                                  0.000000    0.000000   clock aclk (rise edge)
                                  0.000000    0.000000   clock network delay (propagated)
                                  0.250000    0.250000   clock uncertainty
                                  0.000000    0.250000   clock reconvergence pessimism
                                 -2.400000   -2.150000   output external delay
                                             -2.150000   data required time
---------------------------------------------------------------------------------------------
                                             -2.150000   data required time
                                             -1.850657   data arrival time
---------------------------------------------------------------------------------------------
                                              4.000657   slack (MET)


Startpoint: _2099_ (rising edge-triggered flip-flop clocked by aclk)
Endpoint: m_axis_tdata[10] (output port clocked by aclk)
Path Group: aclk
Path Type: min

Fanout         Cap        Slew       Delay        Time   Description
---------------------------------------------------------------------------------------------
                                  0.000000    0.000000   clock aclk (rise edge)
                                  0.000000    0.000000   clock source latency
     2    0.028104    0.206142    0.143714    0.143714 ^ aclk (in)
                                                         aclk (net)
                      0.206239    0.000000    0.143714 ^ clkbuf_0_aclk/A (sky130_fd_sc_hd__clkbuf_16)
     9    0.062538    0.124280    0.336021    0.479735 ^ clkbuf_0_aclk/X (sky130_fd_sc_hd__clkbuf_16)
                                                         clknet_0_aclk (net)
                      0.124388    0.003262    0.482996 ^ clkbuf_2_1__f_aclk/A (sky130_fd_sc_hd__clkbuf_16)
    27    0.086215    0.157479    0.320592    0.803588 ^ clkbuf_2_1__f_aclk/X (sky130_fd_sc_hd__clkbuf_16)
                                                         clknet_2_1__leaf_aclk (net)
                      0.159763    0.014997    0.818585 ^ _2099_/CLK (sky130_fd_sc_hd__dfxtp_1)
     4    0.010286    0.107895    0.669475    1.488060 v _2099_/Q (sky130_fd_sc_hd__dfxtp_1)
                                                         net21 (net)
                      0.107896    0.000585    1.488645 v output21/A (sky130_fd_sc_hd__buf_2)
     1    0.034153    0.165720    0.361580    1.850225 v output21/X (sky130_fd_sc_hd__buf_2)
                                                         m_axis_tdata[10] (net)
                      0.165735    0.001640    1.851866 v m_axis_tdata[10] (out)
                                              1.851866   data arrival time

                                  0.000000    0.000000   clock aclk (rise edge)
                                  0.000000    0.000000   clock network delay (propagated)
                                  0.250000    0.250000   clock uncertainty
                                  0.000000    0.250000   clock reconvergence pessimism
                                 -2.400000   -2.150000   output external delay
                                             -2.150000   data required time
---------------------------------------------------------------------------------------------
                                             -2.150000   data required time
                                             -1.851866   data arrival time
---------------------------------------------------------------------------------------------
                                              4.001865   slack (MET)


Startpoint: _2090_ (rising edge-triggered flip-flop clocked by aclk)
Endpoint: m_axis_tdata[1] (output port clocked by aclk)
Path Group: aclk
Path Type: min

Fanout         Cap        Slew       Delay        Time   Description
---------------------------------------------------------------------------------------------
                                  0.000000    0.000000   clock aclk (rise edge)
                                  0.000000    0.000000   clock source latency
     2    0.028104    0.206142    0.143714    0.143714 ^ aclk (in)
                                                         aclk (net)
                      0.206239    0.000000    0.143714 ^ clkbuf_0_aclk/A (sky130_fd_sc_hd__clkbuf_16)
     9    0.062538    0.124280    0.336021    0.479735 ^ clkbuf_0_aclk/X (sky130_fd_sc_hd__clkbuf_16)
                                                         clknet_0_aclk (net)
                      0.124426    0.003712    0.483447 ^ clkbuf_2_0__f_aclk/A (sky130_fd_sc_hd__clkbuf_16)
    37    0.098956    0.176686    0.331075    0.814522 ^ clkbuf_2_0__f_aclk/X (sky130_fd_sc_hd__clkbuf_16)
                                                         clknet_2_0__leaf_aclk (net)
                      0.179353    0.017173    0.831695 ^ _2090_/CLK (sky130_fd_sc_hd__dfxtp_1)
     4    0.008648    0.094370    0.667223    1.498919 v _2090_/Q (sky130_fd_sc_hd__dfxtp_1)
                                                         net31 (net)
                      0.094370    0.000414    1.499332 v output31/A (sky130_fd_sc_hd__buf_2)
     1    0.035131    0.169628    0.358062    1.857394 v output31/X (sky130_fd_sc_hd__buf_2)
                                                         m_axis_tdata[1] (net)
                      0.169646    0.001812    1.859207 v m_axis_tdata[1] (out)
                                              1.859207   data arrival time

                                  0.000000    0.000000   clock aclk (rise edge)
                                  0.000000    0.000000   clock network delay (propagated)
                                  0.250000    0.250000   clock uncertainty
                                  0.000000    0.250000   clock reconvergence pessimism
                                 -2.400000   -2.150000   output external delay
                                             -2.150000   data required time
---------------------------------------------------------------------------------------------
                                             -2.150000   data required time
                                             -1.859207   data arrival time
---------------------------------------------------------------------------------------------
                                              4.009207   slack (MET)


Startpoint: _2108_ (rising edge-triggered flip-flop clocked by aclk)
Endpoint: m_axis_tdata[19] (output port clocked by aclk)
Path Group: aclk
Path Type: min

Fanout         Cap        Slew       Delay        Time   Description
---------------------------------------------------------------------------------------------
                                  0.000000    0.000000   clock aclk (rise edge)
                                  0.000000    0.000000   clock source latency
     2    0.028104    0.206142    0.143714    0.143714 ^ aclk (in)
                                                         aclk (net)
                      0.206239    0.000000    0.143714 ^ clkbuf_0_aclk/A (sky130_fd_sc_hd__clkbuf_16)
     9    0.062538    0.124280    0.336021    0.479735 ^ clkbuf_0_aclk/X (sky130_fd_sc_hd__clkbuf_16)
                                                         clknet_0_aclk (net)
                      0.124446    0.003935    0.483670 ^ clkbuf_2_2__f_aclk/A (sky130_fd_sc_hd__clkbuf_16)
    21    0.092190    0.165752    0.329863    0.813533 ^ clkbuf_2_2__f_aclk/X (sky130_fd_sc_hd__clkbuf_16)
                                                         clknet_2_2__leaf_aclk (net)
                      0.166026    0.004522    0.818055 ^ _2108_/CLK (sky130_fd_sc_hd__dfxtp_1)
     4    0.010812    0.112222    0.676044    1.494099 v _2108_/Q (sky130_fd_sc_hd__dfxtp_1)
                                                         net30 (net)
                      0.112223    0.000575    1.494674 v output30/A (sky130_fd_sc_hd__buf_2)
     1    0.034248    0.166123    0.363919    1.858593 v output30/X (sky130_fd_sc_hd__buf_2)
                                                         m_axis_tdata[19] (net)
                      0.166139    0.001715    1.860308 v m_axis_tdata[19] (out)
                                              1.860308   data arrival time

                                  0.000000    0.000000   clock aclk (rise edge)
                                  0.000000    0.000000   clock network delay (propagated)
                                  0.250000    0.250000   clock uncertainty
                                  0.000000    0.250000   clock reconvergence pessimism
                                 -2.400000   -2.150000   output external delay
                                             -2.150000   data required time
---------------------------------------------------------------------------------------------
                                             -2.150000   data required time
                                             -1.860308   data arrival time
---------------------------------------------------------------------------------------------
                                              4.010308   slack (MET)


Startpoint: _2101_ (rising edge-triggered flip-flop clocked by aclk)
Endpoint: m_axis_tdata[12] (output port clocked by aclk)
Path Group: aclk
Path Type: min

Fanout         Cap        Slew       Delay        Time   Description
---------------------------------------------------------------------------------------------
                                  0.000000    0.000000   clock aclk (rise edge)
                                  0.000000    0.000000   clock source latency
     2    0.028104    0.206142    0.143714    0.143714 ^ aclk (in)
                                                         aclk (net)
                      0.206239    0.000000    0.143714 ^ clkbuf_0_aclk/A (sky130_fd_sc_hd__clkbuf_16)
     9    0.062538    0.124280    0.336021    0.479735 ^ clkbuf_0_aclk/X (sky130_fd_sc_hd__clkbuf_16)
                                                         clknet_0_aclk (net)
                      0.124438    0.003853    0.483587 ^ clkbuf_2_3__f_aclk/A (sky130_fd_sc_hd__clkbuf_16)
    25    0.085361    0.156214    0.321606    0.805194 ^ clkbuf_2_3__f_aclk/X (sky130_fd_sc_hd__clkbuf_16)
                                                         clknet_2_3__leaf_aclk (net)
                      0.156623    0.005519    0.810713 ^ _2101_/CLK (sky130_fd_sc_hd__dfxtp_1)
     4    0.012287    0.124136    0.681846    1.492559 v _2101_/Q (sky130_fd_sc_hd__dfxtp_1)
                                                         net23 (net)
                      0.124137    0.000580    1.493139 v output23/A (sky130_fd_sc_hd__buf_2)
     1    0.034129    0.165650    0.369331    1.862470 v output23/X (sky130_fd_sc_hd__buf_2)
                                                         m_axis_tdata[12] (net)
                      0.165664    0.001643    1.864113 v m_axis_tdata[12] (out)
                                              1.864113   data arrival time

                                  0.000000    0.000000   clock aclk (rise edge)
                                  0.000000    0.000000   clock network delay (propagated)
                                  0.250000    0.250000   clock uncertainty
                                  0.000000    0.250000   clock reconvergence pessimism
                                 -2.400000   -2.150000   output external delay
                                             -2.150000   data required time
---------------------------------------------------------------------------------------------
                                             -2.150000   data required time
                                             -1.864113   data arrival time
---------------------------------------------------------------------------------------------
                                              4.014113   slack (MET)


Startpoint: _2110_ (rising edge-triggered flip-flop clocked by aclk)
Endpoint: m_axis_tdata[21] (output port clocked by aclk)
Path Group: aclk
Path Type: min

Fanout         Cap        Slew       Delay        Time   Description
---------------------------------------------------------------------------------------------
                                  0.000000    0.000000   clock aclk (rise edge)
                                  0.000000    0.000000   clock source latency
     2    0.028104    0.206142    0.143714    0.143714 ^ aclk (in)
                                                         aclk (net)
                      0.206239    0.000000    0.143714 ^ clkbuf_0_aclk/A (sky130_fd_sc_hd__clkbuf_16)
     9    0.062538    0.124280    0.336021    0.479735 ^ clkbuf_0_aclk/X (sky130_fd_sc_hd__clkbuf_16)
                                                         clknet_0_aclk (net)
                      0.124446    0.003935    0.483670 ^ clkbuf_2_2__f_aclk/A (sky130_fd_sc_hd__clkbuf_16)
    21    0.092190    0.165752    0.329863    0.813533 ^ clkbuf_2_2__f_aclk/X (sky130_fd_sc_hd__clkbuf_16)
                                                         clknet_2_2__leaf_aclk (net)
                      0.165853    0.003807    0.817340 ^ _2110_/CLK (sky130_fd_sc_hd__dfxtp_1)
     4    0.011423    0.117334    0.680071    1.497411 v _2110_/Q (sky130_fd_sc_hd__dfxtp_1)
                                                         net33 (net)
                      0.117339    0.000875    1.498286 v output33/A (sky130_fd_sc_hd__buf_2)
     1    0.034467    0.167018    0.367026    1.865312 v output33/X (sky130_fd_sc_hd__buf_2)
                                                         m_axis_tdata[21] (net)
                      0.167036    0.001803    1.867116 v m_axis_tdata[21] (out)
                                              1.867116   data arrival time

                                  0.000000    0.000000   clock aclk (rise edge)
                                  0.000000    0.000000   clock network delay (propagated)
                                  0.250000    0.250000   clock uncertainty
                                  0.000000    0.250000   clock reconvergence pessimism
                                 -2.400000   -2.150000   output external delay
                                             -2.150000   data required time
---------------------------------------------------------------------------------------------
                                             -2.150000   data required time
                                             -1.867116   data arrival time
---------------------------------------------------------------------------------------------
                                              4.017116   slack (MET)


Startpoint: _2096_ (rising edge-triggered flip-flop clocked by aclk)
Endpoint: m_axis_tdata[7] (output port clocked by aclk)
Path Group: aclk
Path Type: min

Fanout         Cap        Slew       Delay        Time   Description
---------------------------------------------------------------------------------------------
                                  0.000000    0.000000   clock aclk (rise edge)
                                  0.000000    0.000000   clock source latency
     2    0.028104    0.206142    0.143714    0.143714 ^ aclk (in)
                                                         aclk (net)
                      0.206239    0.000000    0.143714 ^ clkbuf_0_aclk/A (sky130_fd_sc_hd__clkbuf_16)
     9    0.062538    0.124280    0.336021    0.479735 ^ clkbuf_0_aclk/X (sky130_fd_sc_hd__clkbuf_16)
                                                         clknet_0_aclk (net)
                      0.124388    0.003262    0.482996 ^ clkbuf_2_1__f_aclk/A (sky130_fd_sc_hd__clkbuf_16)
    27    0.086215    0.157479    0.320592    0.803588 ^ clkbuf_2_1__f_aclk/X (sky130_fd_sc_hd__clkbuf_16)
                                                         clknet_2_1__leaf_aclk (net)
                      0.158965    0.012067    0.815656 ^ _2096_/CLK (sky130_fd_sc_hd__dfxtp_1)
     4    0.012561    0.125724    0.684940    1.500596 v _2096_/Q (sky130_fd_sc_hd__dfxtp_1)
                                                         net49 (net)
                      0.125724    0.000405    1.501001 v output49/A (sky130_fd_sc_hd__buf_2)
     1    0.034629    0.167630    0.371702    1.872703 v output49/X (sky130_fd_sc_hd__buf_2)
                                                         m_axis_tdata[7] (net)
                      0.167644    0.001638    1.874342 v m_axis_tdata[7] (out)
                                              1.874342   data arrival time

                                  0.000000    0.000000   clock aclk (rise edge)
                                  0.000000    0.000000   clock network delay (propagated)
                                  0.250000    0.250000   clock uncertainty
                                  0.000000    0.250000   clock reconvergence pessimism
                                 -2.400000   -2.150000   output external delay
                                             -2.150000   data required time
---------------------------------------------------------------------------------------------
                                             -2.150000   data required time
                                             -1.874342   data arrival time
---------------------------------------------------------------------------------------------
                                              4.024342   slack (MET)


Startpoint: _2095_ (rising edge-triggered flip-flop clocked by aclk)
Endpoint: m_axis_tdata[6] (output port clocked by aclk)
Path Group: aclk
Path Type: min

Fanout         Cap        Slew       Delay        Time   Description
---------------------------------------------------------------------------------------------
                                  0.000000    0.000000   clock aclk (rise edge)
                                  0.000000    0.000000   clock source latency
     2    0.028104    0.206142    0.143714    0.143714 ^ aclk (in)
                                                         aclk (net)
                      0.206239    0.000000    0.143714 ^ clkbuf_0_aclk/A (sky130_fd_sc_hd__clkbuf_16)
     9    0.062538    0.124280    0.336021    0.479735 ^ clkbuf_0_aclk/X (sky130_fd_sc_hd__clkbuf_16)
                                                         clknet_0_aclk (net)
                      0.124388    0.003262    0.482996 ^ clkbuf_2_1__f_aclk/A (sky130_fd_sc_hd__clkbuf_16)
    27    0.086215    0.157479    0.320592    0.803588 ^ clkbuf_2_1__f_aclk/X (sky130_fd_sc_hd__clkbuf_16)
                                                         clknet_2_1__leaf_aclk (net)
                      0.158932    0.011935    0.815523 ^ _2095_/CLK (sky130_fd_sc_hd__dfxtp_1)
     4    0.012495    0.125393    0.684324    1.499847 v _2095_/Q (sky130_fd_sc_hd__dfxtp_1)
                                                         net48 (net)
                      0.125395    0.000650    1.500498 v output48/A (sky130_fd_sc_hd__buf_2)
     1    0.035055    0.169364    0.372792    1.873290 v output48/X (sky130_fd_sc_hd__buf_2)
                                                         m_axis_tdata[6] (net)
                      0.169382    0.001794    1.875083 v m_axis_tdata[6] (out)
                                              1.875083   data arrival time

                                  0.000000    0.000000   clock aclk (rise edge)
                                  0.000000    0.000000   clock network delay (propagated)
                                  0.250000    0.250000   clock uncertainty
                                  0.000000    0.250000   clock reconvergence pessimism
                                 -2.400000   -2.150000   output external delay
                                             -2.150000   data required time
---------------------------------------------------------------------------------------------
                                             -2.150000   data required time
                                             -1.875083   data arrival time
---------------------------------------------------------------------------------------------
                                              4.025084   slack (MET)


Startpoint: _2091_ (rising edge-triggered flip-flop clocked by aclk)
Endpoint: m_axis_tdata[2] (output port clocked by aclk)
Path Group: aclk
Path Type: min

Fanout         Cap        Slew       Delay        Time   Description
---------------------------------------------------------------------------------------------
                                  0.000000    0.000000   clock aclk (rise edge)
                                  0.000000    0.000000   clock source latency
     2    0.028104    0.206142    0.143714    0.143714 ^ aclk (in)
                                                         aclk (net)
                      0.206239    0.000000    0.143714 ^ clkbuf_0_aclk/A (sky130_fd_sc_hd__clkbuf_16)
     9    0.062538    0.124280    0.336021    0.479735 ^ clkbuf_0_aclk/X (sky130_fd_sc_hd__clkbuf_16)
                                                         clknet_0_aclk (net)
                      0.124426    0.003712    0.483447 ^ clkbuf_2_0__f_aclk/A (sky130_fd_sc_hd__clkbuf_16)
    37    0.098956    0.176686    0.331075    0.814522 ^ clkbuf_2_0__f_aclk/X (sky130_fd_sc_hd__clkbuf_16)
                                                         clknet_2_0__leaf_aclk (net)
                      0.178945    0.015824    0.830347 ^ _2091_/CLK (sky130_fd_sc_hd__dfxtp_1)
     4    0.010324    0.108228    0.678650    1.508997 v _2091_/Q (sky130_fd_sc_hd__dfxtp_1)
                                                         net42 (net)
                      0.108229    0.000544    1.509541 v output42/A (sky130_fd_sc_hd__buf_2)
     1    0.034997    0.169077    0.364408    1.873949 v output42/X (sky130_fd_sc_hd__buf_2)
                                                         m_axis_tdata[2] (net)
                      0.169092    0.001688    1.875637 v m_axis_tdata[2] (out)
                                              1.875637   data arrival time

                                  0.000000    0.000000   clock aclk (rise edge)
                                  0.000000    0.000000   clock network delay (propagated)
                                  0.250000    0.250000   clock uncertainty
                                  0.000000    0.250000   clock reconvergence pessimism
                                 -2.400000   -2.150000   output external delay
                                             -2.150000   data required time
---------------------------------------------------------------------------------------------
                                             -2.150000   data required time
                                             -1.875637   data arrival time
---------------------------------------------------------------------------------------------
                                              4.025637   slack (MET)


Startpoint: _2115_ (rising edge-triggered flip-flop clocked by aclk)
Endpoint: m_axis_tdata[26] (output port clocked by aclk)
Path Group: aclk
Path Type: min

Fanout         Cap        Slew       Delay        Time   Description
---------------------------------------------------------------------------------------------
                                  0.000000    0.000000   clock aclk (rise edge)
                                  0.000000    0.000000   clock source latency
     2    0.028104    0.206142    0.143714    0.143714 ^ aclk (in)
                                                         aclk (net)
                      0.206239    0.000000    0.143714 ^ clkbuf_0_aclk/A (sky130_fd_sc_hd__clkbuf_16)
     9    0.062538    0.124280    0.336021    0.479735 ^ clkbuf_0_aclk/X (sky130_fd_sc_hd__clkbuf_16)
                                                         clknet_0_aclk (net)
                      0.124438    0.003853    0.483587 ^ clkbuf_2_3__f_aclk/A (sky130_fd_sc_hd__clkbuf_16)
    25    0.085361    0.156214    0.321606    0.805194 ^ clkbuf_2_3__f_aclk/X (sky130_fd_sc_hd__clkbuf_16)
                                                         clknet_2_3__leaf_aclk (net)
                      0.156824    0.007072    0.812266 ^ _2115_/CLK (sky130_fd_sc_hd__dfxtp_1)
     4    0.013881    0.135397    0.692519    1.504785 v _2115_/Q (sky130_fd_sc_hd__dfxtp_1)
                                                         net38 (net)
                      0.135398    0.000682    1.505467 v output38/A (sky130_fd_sc_hd__buf_2)
     1    0.034433    0.166862    0.375754    1.881220 v output38/X (sky130_fd_sc_hd__buf_2)
                                                         m_axis_tdata[26] (net)
                      0.166876    0.001621    1.882841 v m_axis_tdata[26] (out)
                                              1.882841   data arrival time

                                  0.000000    0.000000   clock aclk (rise edge)
                                  0.000000    0.000000   clock network delay (propagated)
                                  0.250000    0.250000   clock uncertainty
                                  0.000000    0.250000   clock reconvergence pessimism
                                 -2.400000   -2.150000   output external delay
                                             -2.150000   data required time
---------------------------------------------------------------------------------------------
                                             -2.150000   data required time
                                             -1.882841   data arrival time
---------------------------------------------------------------------------------------------
                                              4.032842   slack (MET)


Startpoint: _2102_ (rising edge-triggered flip-flop clocked by aclk)
Endpoint: m_axis_tdata[13] (output port clocked by aclk)
Path Group: aclk
Path Type: min

Fanout         Cap        Slew       Delay        Time   Description
---------------------------------------------------------------------------------------------
                                  0.000000    0.000000   clock aclk (rise edge)
                                  0.000000    0.000000   clock source latency
     2    0.028104    0.206142    0.143714    0.143714 ^ aclk (in)
                                                         aclk (net)
                      0.206239    0.000000    0.143714 ^ clkbuf_0_aclk/A (sky130_fd_sc_hd__clkbuf_16)
     9    0.062538    0.124280    0.336021    0.479735 ^ clkbuf_0_aclk/X (sky130_fd_sc_hd__clkbuf_16)
                                                         clknet_0_aclk (net)
                      0.124438    0.003853    0.483587 ^ clkbuf_2_3__f_aclk/A (sky130_fd_sc_hd__clkbuf_16)
    25    0.085361    0.156214    0.321606    0.805194 ^ clkbuf_2_3__f_aclk/X (sky130_fd_sc_hd__clkbuf_16)
                                                         clknet_2_3__leaf_aclk (net)
                      0.156567    0.005004    0.810198 ^ _2102_/CLK (sky130_fd_sc_hd__dfxtp_1)
     4    0.014315    0.138968    0.695297    1.505495 v _2102_/Q (sky130_fd_sc_hd__dfxtp_1)
                                                         net24 (net)
                      0.138968    0.000539    1.506035 v output24/A (sky130_fd_sc_hd__buf_2)
     1    0.033957    0.164973    0.375966    1.882001 v output24/X (sky130_fd_sc_hd__buf_2)
                                                         m_axis_tdata[13] (net)
                      0.164986    0.001590    1.883591 v m_axis_tdata[13] (out)
                                              1.883591   data arrival time

                                  0.000000    0.000000   clock aclk (rise edge)
                                  0.000000    0.000000   clock network delay (propagated)
                                  0.250000    0.250000   clock uncertainty
                                  0.000000    0.250000   clock reconvergence pessimism
                                 -2.400000   -2.150000   output external delay
                                             -2.150000   data required time
---------------------------------------------------------------------------------------------
                                             -2.150000   data required time
                                             -1.883591   data arrival time
---------------------------------------------------------------------------------------------
                                              4.033591   slack (MET)


Startpoint: _2117_ (rising edge-triggered flip-flop clocked by aclk)
Endpoint: m_axis_tdata[28] (output port clocked by aclk)
Path Group: aclk
Path Type: min

Fanout         Cap        Slew       Delay        Time   Description
---------------------------------------------------------------------------------------------
                                  0.000000    0.000000   clock aclk (rise edge)
                                  0.000000    0.000000   clock source latency
     2    0.028104    0.206142    0.143714    0.143714 ^ aclk (in)
                                                         aclk (net)
                      0.206239    0.000000    0.143714 ^ clkbuf_0_aclk/A (sky130_fd_sc_hd__clkbuf_16)
     9    0.062538    0.124280    0.336021    0.479735 ^ clkbuf_0_aclk/X (sky130_fd_sc_hd__clkbuf_16)
                                                         clknet_0_aclk (net)
                      0.124438    0.003853    0.483587 ^ clkbuf_2_3__f_aclk/A (sky130_fd_sc_hd__clkbuf_16)
    25    0.085361    0.156214    0.321606    0.805194 ^ clkbuf_2_3__f_aclk/X (sky130_fd_sc_hd__clkbuf_16)
                                                         clknet_2_3__leaf_aclk (net)
                      0.156867    0.007360    0.812553 ^ _2117_/CLK (sky130_fd_sc_hd__dfxtp_1)
     4    0.014562    0.141091    0.696822    1.509375 v _2117_/Q (sky130_fd_sc_hd__dfxtp_1)
                                                         net40 (net)
                      0.141091    0.000653    1.510029 v output40/A (sky130_fd_sc_hd__buf_2)
     1    0.034490    0.167094    0.378677    1.888705 v output40/X (sky130_fd_sc_hd__buf_2)
                                                         m_axis_tdata[28] (net)
                      0.167108    0.001624    1.890329 v m_axis_tdata[28] (out)
                                              1.890329   data arrival time

                                  0.000000    0.000000   clock aclk (rise edge)
                                  0.000000    0.000000   clock network delay (propagated)
                                  0.250000    0.250000   clock uncertainty
                                  0.000000    0.250000   clock reconvergence pessimism
                                 -2.400000   -2.150000   output external delay
                                             -2.150000   data required time
---------------------------------------------------------------------------------------------
                                             -2.150000   data required time
                                             -1.890329   data arrival time
---------------------------------------------------------------------------------------------
                                              4.040329   slack (MET)


Startpoint: _2107_ (rising edge-triggered flip-flop clocked by aclk)
Endpoint: m_axis_tdata[18] (output port clocked by aclk)
Path Group: aclk
Path Type: min

Fanout         Cap        Slew       Delay        Time   Description
---------------------------------------------------------------------------------------------
                                  0.000000    0.000000   clock aclk (rise edge)
                                  0.000000    0.000000   clock source latency
     2    0.028104    0.206142    0.143714    0.143714 ^ aclk (in)
                                                         aclk (net)
                      0.206239    0.000000    0.143714 ^ clkbuf_0_aclk/A (sky130_fd_sc_hd__clkbuf_16)
     9    0.062538    0.124280    0.336021    0.479735 ^ clkbuf_0_aclk/X (sky130_fd_sc_hd__clkbuf_16)
                                                         clknet_0_aclk (net)
                      0.124426    0.003712    0.483447 ^ clkbuf_2_0__f_aclk/A (sky130_fd_sc_hd__clkbuf_16)
    37    0.098956    0.176686    0.331075    0.814522 ^ clkbuf_2_0__f_aclk/X (sky130_fd_sc_hd__clkbuf_16)
                                                         clknet_2_0__leaf_aclk (net)
                      0.178070    0.012477    0.827000 ^ _2107_/CLK (sky130_fd_sc_hd__dfxtp_1)
     4    0.012753    0.126919    0.695140    1.522140 v _2107_/Q (sky130_fd_sc_hd__dfxtp_1)
                                                         net29 (net)
                      0.126919    0.000572    1.522712 v output29/A (sky130_fd_sc_hd__buf_2)
     1    0.034373    0.166649    0.371381    1.894093 v output29/X (sky130_fd_sc_hd__buf_2)
                                                         m_axis_tdata[18] (net)
                      0.166666    0.001753    1.895847 v m_axis_tdata[18] (out)
                                              1.895847   data arrival time

                                  0.000000    0.000000   clock aclk (rise edge)
                                  0.000000    0.000000   clock network delay (propagated)
                                  0.250000    0.250000   clock uncertainty
                                  0.000000    0.250000   clock reconvergence pessimism
                                 -2.400000   -2.150000   output external delay
                                             -2.150000   data required time
---------------------------------------------------------------------------------------------
                                             -2.150000   data required time
                                             -1.895847   data arrival time
---------------------------------------------------------------------------------------------
                                              4.045846   slack (MET)


Startpoint: _2114_ (rising edge-triggered flip-flop clocked by aclk)
Endpoint: m_axis_tdata[25] (output port clocked by aclk)
Path Group: aclk
Path Type: min

Fanout         Cap        Slew       Delay        Time   Description
---------------------------------------------------------------------------------------------
                                  0.000000    0.000000   clock aclk (rise edge)
                                  0.000000    0.000000   clock source latency
     2    0.028104    0.206142    0.143714    0.143714 ^ aclk (in)
                                                         aclk (net)
                      0.206239    0.000000    0.143714 ^ clkbuf_0_aclk/A (sky130_fd_sc_hd__clkbuf_16)
     9    0.062538    0.124280    0.336021    0.479735 ^ clkbuf_0_aclk/X (sky130_fd_sc_hd__clkbuf_16)
                                                         clknet_0_aclk (net)
                      0.124446    0.003935    0.483670 ^ clkbuf_2_2__f_aclk/A (sky130_fd_sc_hd__clkbuf_16)
    21    0.092190    0.165752    0.329863    0.813533 ^ clkbuf_2_2__f_aclk/X (sky130_fd_sc_hd__clkbuf_16)
                                                         clknet_2_2__leaf_aclk (net)
                      0.166102    0.005328    0.818861 ^ _2114_/CLK (sky130_fd_sc_hd__dfxtp_1)
     4    0.014142    0.137593    0.698472    1.517333 v _2114_/Q (sky130_fd_sc_hd__dfxtp_1)
                                                         net37 (net)
                      0.137594    0.000670    1.518003 v output37/A (sky130_fd_sc_hd__buf_2)
     1    0.034506    0.167160    0.377036    1.895039 v output37/X (sky130_fd_sc_hd__buf_2)
                                                         m_axis_tdata[25] (net)
                      0.167174    0.001639    1.896678 v m_axis_tdata[25] (out)
                                              1.896678   data arrival time

                                  0.000000    0.000000   clock aclk (rise edge)
                                  0.000000    0.000000   clock network delay (propagated)
                                  0.250000    0.250000   clock uncertainty
                                  0.000000    0.250000   clock reconvergence pessimism
                                 -2.400000   -2.150000   output external delay
                                             -2.150000   data required time
---------------------------------------------------------------------------------------------
                                             -2.150000   data required time
                                             -1.896678   data arrival time
---------------------------------------------------------------------------------------------
                                              4.046678   slack (MET)


Startpoint: _2094_ (rising edge-triggered flip-flop clocked by aclk)
Endpoint: m_axis_tdata[5] (output port clocked by aclk)
Path Group: aclk
Path Type: min

Fanout         Cap        Slew       Delay        Time   Description
---------------------------------------------------------------------------------------------
                                  0.000000    0.000000   clock aclk (rise edge)
                                  0.000000    0.000000   clock source latency
     2    0.028104    0.206142    0.143714    0.143714 ^ aclk (in)
                                                         aclk (net)
                      0.206239    0.000000    0.143714 ^ clkbuf_0_aclk/A (sky130_fd_sc_hd__clkbuf_16)
     9    0.062538    0.124280    0.336021    0.479735 ^ clkbuf_0_aclk/X (sky130_fd_sc_hd__clkbuf_16)
                                                         clknet_0_aclk (net)
                      0.124388    0.003262    0.482996 ^ clkbuf_2_1__f_aclk/A (sky130_fd_sc_hd__clkbuf_16)
    27    0.086215    0.157479    0.320592    0.803588 ^ clkbuf_2_1__f_aclk/X (sky130_fd_sc_hd__clkbuf_16)
                                                         clknet_2_1__leaf_aclk (net)
                      0.158173    0.008304    0.811893 ^ _2094_/CLK (sky130_fd_sc_hd__dfxtp_1)
     5    0.015248    0.146778    0.701917    1.513809 v _2094_/Q (sky130_fd_sc_hd__dfxtp_1)
                                                         net47 (net)
                      0.146778    0.000602    1.514411 v output47/A (sky130_fd_sc_hd__buf_2)
     1    0.034304    0.166355    0.380857    1.895268 v output47/X (sky130_fd_sc_hd__buf_2)
                                                         m_axis_tdata[5] (net)
                      0.166368    0.001578    1.896846 v m_axis_tdata[5] (out)
                                              1.896846   data arrival time

                                  0.000000    0.000000   clock aclk (rise edge)
                                  0.000000    0.000000   clock network delay (propagated)
                                  0.250000    0.250000   clock uncertainty
                                  0.000000    0.250000   clock reconvergence pessimism
                                 -2.400000   -2.150000   output external delay
                                             -2.150000   data required time
---------------------------------------------------------------------------------------------
                                             -2.150000   data required time
                                             -1.896846   data arrival time
---------------------------------------------------------------------------------------------
                                              4.046845   slack (MET)


Startpoint: _2113_ (rising edge-triggered flip-flop clocked by aclk)
Endpoint: m_axis_tdata[24] (output port clocked by aclk)
Path Group: aclk
Path Type: min

Fanout         Cap        Slew       Delay        Time   Description
---------------------------------------------------------------------------------------------
                                  0.000000    0.000000   clock aclk (rise edge)
                                  0.000000    0.000000   clock source latency
     2    0.028104    0.206142    0.143714    0.143714 ^ aclk (in)
                                                         aclk (net)
                      0.206239    0.000000    0.143714 ^ clkbuf_0_aclk/A (sky130_fd_sc_hd__clkbuf_16)
     9    0.062538    0.124280    0.336021    0.479735 ^ clkbuf_0_aclk/X (sky130_fd_sc_hd__clkbuf_16)
                                                         clknet_0_aclk (net)
                      0.124446    0.003935    0.483670 ^ clkbuf_2_2__f_aclk/A (sky130_fd_sc_hd__clkbuf_16)
    21    0.092190    0.165752    0.329863    0.813533 ^ clkbuf_2_2__f_aclk/X (sky130_fd_sc_hd__clkbuf_16)
                                                         clknet_2_2__leaf_aclk (net)
                      0.166092    0.005231    0.818764 ^ _2113_/CLK (sky130_fd_sc_hd__dfxtp_1)
     4    0.014524    0.140787    0.700880    1.519644 v _2113_/Q (sky130_fd_sc_hd__dfxtp_1)
                                                         net36 (net)
                      0.140787    0.000542    1.520186 v output36/A (sky130_fd_sc_hd__buf_2)
     1    0.034429    0.166853    0.378341    1.898527 v output36/X (sky130_fd_sc_hd__buf_2)
                                                         m_axis_tdata[24] (net)
                      0.166867    0.001620    1.900148 v m_axis_tdata[24] (out)
                                              1.900148   data arrival time

                                  0.000000    0.000000   clock aclk (rise edge)
                                  0.000000    0.000000   clock network delay (propagated)
                                  0.250000    0.250000   clock uncertainty
                                  0.000000    0.250000   clock reconvergence pessimism
                                 -2.400000   -2.150000   output external delay
                                             -2.150000   data required time
---------------------------------------------------------------------------------------------
                                             -2.150000   data required time
                                             -1.900148   data arrival time
---------------------------------------------------------------------------------------------
                                              4.050148   slack (MET)


Startpoint: _2118_ (rising edge-triggered flip-flop clocked by aclk)
Endpoint: m_axis_tdata[29] (output port clocked by aclk)
Path Group: aclk
Path Type: min

Fanout         Cap        Slew       Delay        Time   Description
---------------------------------------------------------------------------------------------
                                  0.000000    0.000000   clock aclk (rise edge)
                                  0.000000    0.000000   clock source latency
     2    0.028104    0.206142    0.143714    0.143714 ^ aclk (in)
                                                         aclk (net)
                      0.206239    0.000000    0.143714 ^ clkbuf_0_aclk/A (sky130_fd_sc_hd__clkbuf_16)
     9    0.062538    0.124280    0.336021    0.479735 ^ clkbuf_0_aclk/X (sky130_fd_sc_hd__clkbuf_16)
                                                         clknet_0_aclk (net)
                      0.124438    0.003853    0.483587 ^ clkbuf_2_3__f_aclk/A (sky130_fd_sc_hd__clkbuf_16)
    25    0.085361    0.156214    0.321606    0.805194 ^ clkbuf_2_3__f_aclk/X (sky130_fd_sc_hd__clkbuf_16)
                                                         clknet_2_3__leaf_aclk (net)
                      0.157002    0.008205    0.813399 ^ _2118_/CLK (sky130_fd_sc_hd__dfxtp_1)
     4    0.015696    0.150593    0.703975    1.517374 v _2118_/Q (sky130_fd_sc_hd__dfxtp_1)
                                                         net41 (net)
                      0.150596    0.000936    1.518311 v output41/A (sky130_fd_sc_hd__buf_2)
     1    0.034029    0.165280    0.381790    1.900101 v output41/X (sky130_fd_sc_hd__buf_2)
                                                         m_axis_tdata[29] (net)
                      0.165294    0.001614    1.901715 v m_axis_tdata[29] (out)
                                              1.901715   data arrival time

                                  0.000000    0.000000   clock aclk (rise edge)
                                  0.000000    0.000000   clock network delay (propagated)
                                  0.250000    0.250000   clock uncertainty
                                  0.000000    0.250000   clock reconvergence pessimism
                                 -2.400000   -2.150000   output external delay
                                             -2.150000   data required time
---------------------------------------------------------------------------------------------
                                             -2.150000   data required time
                                             -1.901715   data arrival time
---------------------------------------------------------------------------------------------
                                              4.051714   slack (MET)


Startpoint: _2093_ (rising edge-triggered flip-flop clocked by aclk)
Endpoint: m_axis_tdata[4] (output port clocked by aclk)
Path Group: aclk
Path Type: min

Fanout         Cap        Slew       Delay        Time   Description
---------------------------------------------------------------------------------------------
                                  0.000000    0.000000   clock aclk (rise edge)
                                  0.000000    0.000000   clock source latency
     2    0.028104    0.206142    0.143714    0.143714 ^ aclk (in)
                                                         aclk (net)
                      0.206239    0.000000    0.143714 ^ clkbuf_0_aclk/A (sky130_fd_sc_hd__clkbuf_16)
     9    0.062538    0.124280    0.336021    0.479735 ^ clkbuf_0_aclk/X (sky130_fd_sc_hd__clkbuf_16)
                                                         clknet_0_aclk (net)
                      0.124426    0.003712    0.483447 ^ clkbuf_2_0__f_aclk/A (sky130_fd_sc_hd__clkbuf_16)
    37    0.098956    0.176686    0.331075    0.814522 ^ clkbuf_2_0__f_aclk/X (sky130_fd_sc_hd__clkbuf_16)
                                                         clknet_2_0__leaf_aclk (net)
                      0.180234    0.019799    0.834322 ^ _2093_/CLK (sky130_fd_sc_hd__dfxtp_1)
     4    0.012835    0.127420    0.696703    1.531024 v _2093_/Q (sky130_fd_sc_hd__dfxtp_1)
                                                         net46 (net)
                      0.127420    0.000431    1.531455 v output46/A (sky130_fd_sc_hd__buf_2)
     1    0.034380    0.166633    0.371752    1.903207 v output46/X (sky130_fd_sc_hd__buf_2)
                                                         m_axis_tdata[4] (net)
                      0.166647    0.001596    1.904804 v m_axis_tdata[4] (out)
                                              1.904804   data arrival time

                                  0.000000    0.000000   clock aclk (rise edge)
                                  0.000000    0.000000   clock network delay (propagated)
                                  0.250000    0.250000   clock uncertainty
                                  0.000000    0.250000   clock reconvergence pessimism
                                 -2.400000   -2.150000   output external delay
                                             -2.150000   data required time
---------------------------------------------------------------------------------------------
                                             -2.150000   data required time
                                             -1.904804   data arrival time
---------------------------------------------------------------------------------------------
                                              4.054804   slack (MET)


Startpoint: _2112_ (rising edge-triggered flip-flop clocked by aclk)
Endpoint: m_axis_tdata[23] (output port clocked by aclk)
Path Group: aclk
Path Type: min

Fanout         Cap        Slew       Delay        Time   Description
---------------------------------------------------------------------------------------------
                                  0.000000    0.000000   clock aclk (rise edge)
                                  0.000000    0.000000   clock source latency
     2    0.028104    0.206142    0.143714    0.143714 ^ aclk (in)
                                                         aclk (net)
                      0.206239    0.000000    0.143714 ^ clkbuf_0_aclk/A (sky130_fd_sc_hd__clkbuf_16)
     9    0.062538    0.124280    0.336021    0.479735 ^ clkbuf_0_aclk/X (sky130_fd_sc_hd__clkbuf_16)
                                                         clknet_0_aclk (net)
                      0.124446    0.003935    0.483670 ^ clkbuf_2_2__f_aclk/A (sky130_fd_sc_hd__clkbuf_16)
    21    0.092190    0.165752    0.329863    0.813533 ^ clkbuf_2_2__f_aclk/X (sky130_fd_sc_hd__clkbuf_16)
                                                         clknet_2_2__leaf_aclk (net)
                      0.166178    0.006018    0.819551 ^ _2112_/CLK (sky130_fd_sc_hd__dfxtp_1)
     4    0.015220    0.146585    0.705376    1.524927 v _2112_/Q (sky130_fd_sc_hd__dfxtp_1)
                                                         net35 (net)
                      0.146585    0.000570    1.525497 v output35/A (sky130_fd_sc_hd__buf_2)
     1    0.034515    0.167207    0.381400    1.906897 v output35/X (sky130_fd_sc_hd__buf_2)
                                                         m_axis_tdata[23] (net)
                      0.167221    0.001639    1.908536 v m_axis_tdata[23] (out)
                                              1.908536   data arrival time

                                  0.000000    0.000000   clock aclk (rise edge)
                                  0.000000    0.000000   clock network delay (propagated)
                                  0.250000    0.250000   clock uncertainty
                                  0.000000    0.250000   clock reconvergence pessimism
                                 -2.400000   -2.150000   output external delay
                                             -2.150000   data required time
---------------------------------------------------------------------------------------------
                                             -2.150000   data required time
                                             -1.908536   data arrival time
---------------------------------------------------------------------------------------------
                                              4.058536   slack (MET)


Startpoint: _2116_ (rising edge-triggered flip-flop clocked by aclk)
Endpoint: m_axis_tdata[27] (output port clocked by aclk)
Path Group: aclk
Path Type: min

Fanout         Cap        Slew       Delay        Time   Description
---------------------------------------------------------------------------------------------
                                  0.000000    0.000000   clock aclk (rise edge)
                                  0.000000    0.000000   clock source latency
     2    0.028104    0.206142    0.143714    0.143714 ^ aclk (in)
                                                         aclk (net)
                      0.206239    0.000000    0.143714 ^ clkbuf_0_aclk/A (sky130_fd_sc_hd__clkbuf_16)
     9    0.062538    0.124280    0.336021    0.479735 ^ clkbuf_0_aclk/X (sky130_fd_sc_hd__clkbuf_16)
                                                         clknet_0_aclk (net)
                      0.124438    0.003853    0.483587 ^ clkbuf_2_3__f_aclk/A (sky130_fd_sc_hd__clkbuf_16)
    25    0.085361    0.156214    0.321606    0.805194 ^ clkbuf_2_3__f_aclk/X (sky130_fd_sc_hd__clkbuf_16)
                                                         clknet_2_3__leaf_aclk (net)
                      0.156768    0.006676    0.811870 ^ _2116_/CLK (sky130_fd_sc_hd__dfxtp_1)
     4    0.017489    0.165599    0.715212    1.527082 v _2116_/Q (sky130_fd_sc_hd__dfxtp_1)
                                                         net39 (net)
                      0.165599    0.000560    1.527642 v output39/A (sky130_fd_sc_hd__buf_2)
     1    0.034440    0.166929    0.390338    1.917980 v output39/X (sky130_fd_sc_hd__buf_2)
                                                         m_axis_tdata[27] (net)
                      0.166943    0.001622    1.919602 v m_axis_tdata[27] (out)
                                              1.919602   data arrival time

                                  0.000000    0.000000   clock aclk (rise edge)
                                  0.000000    0.000000   clock network delay (propagated)
                                  0.250000    0.250000   clock uncertainty
                                  0.000000    0.250000   clock reconvergence pessimism
                                 -2.400000   -2.150000   output external delay
                                             -2.150000   data required time
---------------------------------------------------------------------------------------------
                                             -2.150000   data required time
                                             -1.919602   data arrival time
---------------------------------------------------------------------------------------------
                                              4.069602   slack (MET)


Startpoint: _2103_ (rising edge-triggered flip-flop clocked by aclk)
Endpoint: m_axis_tdata[14] (output port clocked by aclk)
Path Group: aclk
Path Type: min

Fanout         Cap        Slew       Delay        Time   Description
---------------------------------------------------------------------------------------------
                                  0.000000    0.000000   clock aclk (rise edge)
                                  0.000000    0.000000   clock source latency
     2    0.028104    0.206142    0.143714    0.143714 ^ aclk (in)
                                                         aclk (net)
                      0.206239    0.000000    0.143714 ^ clkbuf_0_aclk/A (sky130_fd_sc_hd__clkbuf_16)
     9    0.062538    0.124280    0.336021    0.479735 ^ clkbuf_0_aclk/X (sky130_fd_sc_hd__clkbuf_16)
                                                         clknet_0_aclk (net)
                      0.124438    0.003853    0.483587 ^ clkbuf_2_3__f_aclk/A (sky130_fd_sc_hd__clkbuf_16)
    25    0.085361    0.156214    0.321606    0.805194 ^ clkbuf_2_3__f_aclk/X (sky130_fd_sc_hd__clkbuf_16)
                                                         clknet_2_3__leaf_aclk (net)
                      0.156359    0.002053    0.807247 ^ _2103_/CLK (sky130_fd_sc_hd__dfxtp_1)
     4    0.018462    0.173854    0.720881    1.528127 v _2103_/Q (sky130_fd_sc_hd__dfxtp_1)
                                                         net25 (net)
                      0.173866    0.001588    1.529715 v output25/A (sky130_fd_sc_hd__buf_2)
     1    0.034440    0.166940    0.394325    1.924040 v output25/X (sky130_fd_sc_hd__buf_2)
                                                         m_axis_tdata[14] (net)
                      0.166954    0.001622    1.925662 v m_axis_tdata[14] (out)
                                              1.925662   data arrival time

                                  0.000000    0.000000   clock aclk (rise edge)
                                  0.000000    0.000000   clock network delay (propagated)
                                  0.250000    0.250000   clock uncertainty
                                  0.000000    0.250000   clock reconvergence pessimism
                                 -2.400000   -2.150000   output external delay
                                             -2.150000   data required time
---------------------------------------------------------------------------------------------
                                             -2.150000   data required time
                                             -1.925662   data arrival time
---------------------------------------------------------------------------------------------
                                              4.075662   slack (MET)


Startpoint: _2092_ (rising edge-triggered flip-flop clocked by aclk)
Endpoint: m_axis_tdata[3] (output port clocked by aclk)
Path Group: aclk
Path Type: min

Fanout         Cap        Slew       Delay        Time   Description
---------------------------------------------------------------------------------------------
                                  0.000000    0.000000   clock aclk (rise edge)
                                  0.000000    0.000000   clock source latency
     2    0.028104    0.206142    0.143714    0.143714 ^ aclk (in)
                                                         aclk (net)
                      0.206239    0.000000    0.143714 ^ clkbuf_0_aclk/A (sky130_fd_sc_hd__clkbuf_16)
     9    0.062538    0.124280    0.336021    0.479735 ^ clkbuf_0_aclk/X (sky130_fd_sc_hd__clkbuf_16)
                                                         clknet_0_aclk (net)
                      0.124426    0.003712    0.483447 ^ clkbuf_2_0__f_aclk/A (sky130_fd_sc_hd__clkbuf_16)
    37    0.098956    0.176686    0.331075    0.814522 ^ clkbuf_2_0__f_aclk/X (sky130_fd_sc_hd__clkbuf_16)
                                                         clknet_2_0__leaf_aclk (net)
                      0.180082    0.019370    0.833892 ^ _2092_/CLK (sky130_fd_sc_hd__dfxtp_1)
     4    0.014720    0.142482    0.708502    1.542394 v _2092_/Q (sky130_fd_sc_hd__dfxtp_1)
                                                         net45 (net)
                      0.142483    0.000700    1.543094 v output45/A (sky130_fd_sc_hd__buf_2)
     1    0.035478    0.171083    0.382328    1.925421 v output45/X (sky130_fd_sc_hd__buf_2)
                                                         m_axis_tdata[3] (net)
                      0.171103    0.001877    1.927298 v m_axis_tdata[3] (out)
                                              1.927298   data arrival time

                                  0.000000    0.000000   clock aclk (rise edge)
                                  0.000000    0.000000   clock network delay (propagated)
                                  0.250000    0.250000   clock uncertainty
                                  0.000000    0.250000   clock reconvergence pessimism
                                 -2.400000   -2.150000   output external delay
                                             -2.150000   data required time
---------------------------------------------------------------------------------------------
                                             -2.150000   data required time
                                             -1.927298   data arrival time
---------------------------------------------------------------------------------------------
                                              4.077299   slack (MET)


Startpoint: _2105_ (rising edge-triggered flip-flop clocked by aclk)
Endpoint: m_axis_tdata[16] (output port clocked by aclk)
Path Group: aclk
Path Type: min

Fanout         Cap        Slew       Delay        Time   Description
---------------------------------------------------------------------------------------------
                                  0.000000    0.000000   clock aclk (rise edge)
                                  0.000000    0.000000   clock source latency
     2    0.028104    0.206142    0.143714    0.143714 ^ aclk (in)
                                                         aclk (net)
                      0.206239    0.000000    0.143714 ^ clkbuf_0_aclk/A (sky130_fd_sc_hd__clkbuf_16)
     9    0.062538    0.124280    0.336021    0.479735 ^ clkbuf_0_aclk/X (sky130_fd_sc_hd__clkbuf_16)
                                                         clknet_0_aclk (net)
                      0.124446    0.003935    0.483670 ^ clkbuf_2_2__f_aclk/A (sky130_fd_sc_hd__clkbuf_16)
    21    0.092190    0.165752    0.329863    0.813533 ^ clkbuf_2_2__f_aclk/X (sky130_fd_sc_hd__clkbuf_16)
                                                         clknet_2_2__leaf_aclk (net)
                      0.165874    0.004122    0.817655 ^ _2105_/CLK (sky130_fd_sc_hd__dfxtp_1)
     4    0.020228    0.188800    0.736078    1.553733 v _2105_/Q (sky130_fd_sc_hd__dfxtp_1)
                                                         net27 (net)
                      0.188820    0.001984    1.555717 v output27/A (sky130_fd_sc_hd__buf_2)
     1    0.034275    0.166333    0.400945    1.956661 v output27/X (sky130_fd_sc_hd__buf_2)
                                                         m_axis_tdata[16] (net)
                      0.166349    0.001707    1.958369 v m_axis_tdata[16] (out)
                                              1.958369   data arrival time

                                  0.000000    0.000000   clock aclk (rise edge)
                                  0.000000    0.000000   clock network delay (propagated)
                                  0.250000    0.250000   clock uncertainty
                                  0.000000    0.250000   clock reconvergence pessimism
                                 -2.400000   -2.150000   output external delay
                                             -2.150000   data required time
---------------------------------------------------------------------------------------------
                                             -2.150000   data required time
                                             -1.958369   data arrival time
---------------------------------------------------------------------------------------------
                                              4.108369   slack (MET)


Startpoint: _2119_ (rising edge-triggered flip-flop clocked by aclk)
Endpoint: m_axis_tdata[30] (output port clocked by aclk)
Path Group: aclk
Path Type: min

Fanout         Cap        Slew       Delay        Time   Description
---------------------------------------------------------------------------------------------
                                  0.000000    0.000000   clock aclk (rise edge)
                                  0.000000    0.000000   clock source latency
     2    0.028104    0.206142    0.143714    0.143714 ^ aclk (in)
                                                         aclk (net)
                      0.206239    0.000000    0.143714 ^ clkbuf_0_aclk/A (sky130_fd_sc_hd__clkbuf_16)
     9    0.062538    0.124280    0.336021    0.479735 ^ clkbuf_0_aclk/X (sky130_fd_sc_hd__clkbuf_16)
                                                         clknet_0_aclk (net)
                      0.124438    0.003853    0.483587 ^ clkbuf_2_3__f_aclk/A (sky130_fd_sc_hd__clkbuf_16)
    25    0.085361    0.156214    0.321606    0.805194 ^ clkbuf_2_3__f_aclk/X (sky130_fd_sc_hd__clkbuf_16)
                                                         clknet_2_3__leaf_aclk (net)
                      0.157083    0.008673    0.813867 ^ _2119_/CLK (sky130_fd_sc_hd__dfxtp_1)
     5    0.022236    0.205651    0.744710    1.558577 v _2119_/Q (sky130_fd_sc_hd__dfxtp_1)
                                                         net43 (net)
                      0.205667    0.001930    1.560507 v output43/A (sky130_fd_sc_hd__buf_2)
     1    0.033954    0.165051    0.408125    1.968632 v output43/X (sky130_fd_sc_hd__buf_2)
                                                         m_axis_tdata[30] (net)
                      0.165065    0.001588    1.970220 v m_axis_tdata[30] (out)
                                              1.970220   data arrival time

                                  0.000000    0.000000   clock aclk (rise edge)
                                  0.000000    0.000000   clock network delay (propagated)
                                  0.250000    0.250000   clock uncertainty
                                  0.000000    0.250000   clock reconvergence pessimism
                                 -2.400000   -2.150000   output external delay
                                             -2.150000   data required time
---------------------------------------------------------------------------------------------
                                             -2.150000   data required time
                                             -1.970220   data arrival time
---------------------------------------------------------------------------------------------
                                              4.120220   slack (MET)


Startpoint: _2106_ (rising edge-triggered flip-flop clocked by aclk)
Endpoint: m_axis_tdata[17] (output port clocked by aclk)
Path Group: aclk
Path Type: min

Fanout         Cap        Slew       Delay        Time   Description
---------------------------------------------------------------------------------------------
                                  0.000000    0.000000   clock aclk (rise edge)
                                  0.000000    0.000000   clock source latency
     2    0.028104    0.206142    0.143714    0.143714 ^ aclk (in)
                                                         aclk (net)
                      0.206239    0.000000    0.143714 ^ clkbuf_0_aclk/A (sky130_fd_sc_hd__clkbuf_16)
     9    0.062538    0.124280    0.336021    0.479735 ^ clkbuf_0_aclk/X (sky130_fd_sc_hd__clkbuf_16)
                                                         clknet_0_aclk (net)
                      0.124446    0.003935    0.483670 ^ clkbuf_2_2__f_aclk/A (sky130_fd_sc_hd__clkbuf_16)
    21    0.092190    0.165752    0.329863    0.813533 ^ clkbuf_2_2__f_aclk/X (sky130_fd_sc_hd__clkbuf_16)
                                                         clknet_2_2__leaf_aclk (net)
                      0.166027    0.004539    0.818072 ^ _2106_/CLK (sky130_fd_sc_hd__dfxtp_1)
     4    0.021547    0.199792    0.744722    1.562794 v _2106_/Q (sky130_fd_sc_hd__dfxtp_1)
                                                         net28 (net)
                      0.199803    0.001620    1.564414 v output28/A (sky130_fd_sc_hd__buf_2)
     1    0.034211    0.166092    0.406038    1.970452 v output28/X (sky130_fd_sc_hd__buf_2)
                                                         m_axis_tdata[17] (net)
                      0.166108    0.001704    1.972156 v m_axis_tdata[17] (out)
                                              1.972156   data arrival time

                                  0.000000    0.000000   clock aclk (rise edge)
                                  0.000000    0.000000   clock network delay (propagated)
                                  0.250000    0.250000   clock uncertainty
                                  0.000000    0.250000   clock reconvergence pessimism
                                 -2.400000   -2.150000   output external delay
                                             -2.150000   data required time
---------------------------------------------------------------------------------------------
                                             -2.150000   data required time
                                             -1.972156   data arrival time
---------------------------------------------------------------------------------------------
                                              4.122156   slack (MET)


Startpoint: _2104_ (rising edge-triggered flip-flop clocked by aclk)
Endpoint: m_axis_tdata[15] (output port clocked by aclk)
Path Group: aclk
Path Type: min

Fanout         Cap        Slew       Delay        Time   Description
---------------------------------------------------------------------------------------------
                                  0.000000    0.000000   clock aclk (rise edge)
                                  0.000000    0.000000   clock source latency
     2    0.028104    0.206142    0.143714    0.143714 ^ aclk (in)
                                                         aclk (net)
                      0.206239    0.000000    0.143714 ^ clkbuf_0_aclk/A (sky130_fd_sc_hd__clkbuf_16)
     9    0.062538    0.124280    0.336021    0.479735 ^ clkbuf_0_aclk/X (sky130_fd_sc_hd__clkbuf_16)
                                                         clknet_0_aclk (net)
                      0.124438    0.003853    0.483587 ^ clkbuf_2_3__f_aclk/A (sky130_fd_sc_hd__clkbuf_16)
    25    0.085361    0.156214    0.321606    0.805194 ^ clkbuf_2_3__f_aclk/X (sky130_fd_sc_hd__clkbuf_16)
                                                         clknet_2_3__leaf_aclk (net)
                      0.156614    0.005446    0.810640 ^ _2104_/CLK (sky130_fd_sc_hd__dfxtp_1)
     4    0.022868    0.211056    0.748203    1.558843 v _2104_/Q (sky130_fd_sc_hd__dfxtp_1)
                                                         net26 (net)
                      0.211073    0.001999    1.560841 v output26/A (sky130_fd_sc_hd__buf_2)
     1    0.034998    0.169245    0.413949    1.974790 v output26/X (sky130_fd_sc_hd__buf_2)
                                                         m_axis_tdata[15] (net)
                      0.169262    0.001765    1.976555 v m_axis_tdata[15] (out)
                                              1.976555   data arrival time

                                  0.000000    0.000000   clock aclk (rise edge)
                                  0.000000    0.000000   clock network delay (propagated)
                                  0.250000    0.250000   clock uncertainty
                                  0.000000    0.250000   clock reconvergence pessimism
                                 -2.400000   -2.150000   output external delay
                                             -2.150000   data required time
---------------------------------------------------------------------------------------------
                                             -2.150000   data required time
                                             -1.976555   data arrival time
---------------------------------------------------------------------------------------------
                                              4.126555   slack (MET)


Startpoint: m_axis_tready (input port clocked by aclk)
Endpoint: s_axis_tready (output port clocked by aclk)
Path Group: aclk
Path Type: min

Fanout         Cap        Slew       Delay        Time   Description
---------------------------------------------------------------------------------------------
                                  0.000000    0.000000   clock aclk (rise edge)
                                  0.000000    0.000000   clock network delay (propagated)
                                  2.400000    2.400000 v input external delay
     2    0.005276    0.028213    0.017055    2.417056 v m_axis_tready (in)
                                                         m_axis_tready (net)
                      0.028214    0.000000    2.417056 v input2/A (sky130_fd_sc_hd__clkbuf_2)
     7    0.025489    0.183790    0.273762    2.690818 v input2/X (sky130_fd_sc_hd__clkbuf_2)
                                                         net2 (net)
                      0.183814    0.002141    2.692958 v _2122_/A (sky130_fd_sc_hd__clkbuf_1)
     1    0.001947    0.042658    0.205600    2.898559 v _2122_/X (sky130_fd_sc_hd__clkbuf_1)
                                                         net53 (net)
                      0.042658    0.000138    2.898696 v output53/A (sky130_fd_sc_hd__buf_2)
     1    0.034240    0.166222    0.331229    3.229926 v output53/X (sky130_fd_sc_hd__buf_2)
                                                         s_axis_tready (net)
                      0.166238    0.001715    3.231641 v s_axis_tready (out)
                                              3.231641   data arrival time

                                  0.000000    0.000000   clock aclk (rise edge)
                                  0.000000    0.000000   clock network delay (propagated)
                                  0.250000    0.250000   clock uncertainty
                                  0.000000    0.250000   clock reconvergence pessimism
                                 -2.400000   -2.150000   output external delay
                                             -2.150000   data required time
---------------------------------------------------------------------------------------------
                                             -2.150000   data required time
                                             -3.231641   data arrival time
---------------------------------------------------------------------------------------------
                                              5.381640   slack (MET)



