
===========================================================================
report_checks -path_delay min (Hold)
============================================================================
======================= nom_ss_100C_1v60 Corner ===================================

Startpoint: rst (input port clocked by clk)
Endpoint: _13354_ (removal check against rising-edge clock clk)
Path Group: asynchronous
Path Type: min

Fanout         Cap        Slew       Delay        Time   Description
---------------------------------------------------------------------------------------------
                      0.150000    0.000000    0.000000   clock clk (rise edge)
                                  0.000000    0.000000   clock network delay (ideal)
                                  2.000000    2.000000 v input external delay
    64    0.275200    1.134362    0.833526    2.833526 v rst (in)
                                                         rst (net)
                      1.134362    0.000000    2.833526 v _06704_/A (sky130_fd_sc_hd__inv_2)
     1    0.003263    0.196702    0.264140    3.097666 ^ _06704_/Y (sky130_fd_sc_hd__inv_2)
                                                         _00064_ (net)
                      0.196702    0.000000    3.097666 ^ _13354_/RESET_B (sky130_fd_sc_hd__dfrtp_2)
                                              3.097666   data arrival time

                      0.150000    0.000000    0.000000   clock clk (rise edge)
                                  0.000000    0.000000   clock network delay (ideal)
                                  0.250000    0.250000   clock uncertainty
                                  0.000000    0.250000   clock reconvergence pessimism
                                              0.250000 ^ _13354_/CLK (sky130_fd_sc_hd__dfrtp_2)
                                  0.720353    0.970353   library removal time
                                              0.970353   data required time
---------------------------------------------------------------------------------------------
                                              0.970353   data required time
                                             -3.097666   data arrival time
---------------------------------------------------------------------------------------------
                                              2.127313   slack (MET)


Startpoint: rst (input port clocked by clk)
Endpoint: _13355_ (removal check against rising-edge clock clk)
Path Group: asynchronous
Path Type: min

Fanout         Cap        Slew       Delay        Time   Description
---------------------------------------------------------------------------------------------
                      0.150000    0.000000    0.000000   clock clk (rise edge)
                                  0.000000    0.000000   clock network delay (ideal)
                                  2.000000    2.000000 v input external delay
    64    0.275200    1.134362    0.833526    2.833526 v rst (in)
                                                         rst (net)
                      1.134362    0.000000    2.833526 v _13291_/A (sky130_fd_sc_hd__inv_2)
     1    0.003263    0.196702    0.264140    3.097666 ^ _13291_/Y (sky130_fd_sc_hd__inv_2)
                                                         _00065_ (net)
                      0.196702    0.000000    3.097666 ^ _13355_/RESET_B (sky130_fd_sc_hd__dfrtp_2)
                                              3.097666   data arrival time

                      0.150000    0.000000    0.000000   clock clk (rise edge)
                                  0.000000    0.000000   clock network delay (ideal)
                                  0.250000    0.250000   clock uncertainty
                                  0.000000    0.250000   clock reconvergence pessimism
                                              0.250000 ^ _13355_/CLK (sky130_fd_sc_hd__dfrtp_2)
                                  0.720353    0.970353   library removal time
                                              0.970353   data required time
---------------------------------------------------------------------------------------------
                                              0.970353   data required time
                                             -3.097666   data arrival time
---------------------------------------------------------------------------------------------
                                              2.127313   slack (MET)


Startpoint: rst (input port clocked by clk)
Endpoint: _13356_ (removal check against rising-edge clock clk)
Path Group: asynchronous
Path Type: min

Fanout         Cap        Slew       Delay        Time   Description
---------------------------------------------------------------------------------------------
                      0.150000    0.000000    0.000000   clock clk (rise edge)
                                  0.000000    0.000000   clock network delay (ideal)
                                  2.000000    2.000000 v input external delay
    64    0.275200    1.134362    0.833526    2.833526 v rst (in)
                                                         rst (net)
                      1.134362    0.000000    2.833526 v _13292_/A (sky130_fd_sc_hd__inv_2)
     1    0.003263    0.196702    0.264140    3.097666 ^ _13292_/Y (sky130_fd_sc_hd__inv_2)
                                                         _00066_ (net)
                      0.196702    0.000000    3.097666 ^ _13356_/RESET_B (sky130_fd_sc_hd__dfrtp_2)
                                              3.097666   data arrival time

                      0.150000    0.000000    0.000000   clock clk (rise edge)
                                  0.000000    0.000000   clock network delay (ideal)
                                  0.250000    0.250000   clock uncertainty
                                  0.000000    0.250000   clock reconvergence pessimism
                                              0.250000 ^ _13356_/CLK (sky130_fd_sc_hd__dfrtp_2)
                                  0.720353    0.970353   library removal time
                                              0.970353   data required time
---------------------------------------------------------------------------------------------
                                              0.970353   data required time
                                             -3.097666   data arrival time
---------------------------------------------------------------------------------------------
                                              2.127313   slack (MET)


Startpoint: rst (input port clocked by clk)
Endpoint: _13357_ (removal check against rising-edge clock clk)
Path Group: asynchronous
Path Type: min

Fanout         Cap        Slew       Delay        Time   Description
---------------------------------------------------------------------------------------------
                      0.150000    0.000000    0.000000   clock clk (rise edge)
                                  0.000000    0.000000   clock network delay (ideal)
                                  2.000000    2.000000 v input external delay
    64    0.275200    1.134362    0.833526    2.833526 v rst (in)
                                                         rst (net)
                      1.134362    0.000000    2.833526 v _13293_/A (sky130_fd_sc_hd__inv_2)
     1    0.003263    0.196702    0.264140    3.097666 ^ _13293_/Y (sky130_fd_sc_hd__inv_2)
                                                         _00067_ (net)
                      0.196702    0.000000    3.097666 ^ _13357_/RESET_B (sky130_fd_sc_hd__dfrtp_2)
                                              3.097666   data arrival time

                      0.150000    0.000000    0.000000   clock clk (rise edge)
                                  0.000000    0.000000   clock network delay (ideal)
                                  0.250000    0.250000   clock uncertainty
                                  0.000000    0.250000   clock reconvergence pessimism
                                              0.250000 ^ _13357_/CLK (sky130_fd_sc_hd__dfrtp_2)
                                  0.720353    0.970353   library removal time
                                              0.970353   data required time
---------------------------------------------------------------------------------------------
                                              0.970353   data required time
                                             -3.097666   data arrival time
---------------------------------------------------------------------------------------------
                                              2.127313   slack (MET)


Startpoint: rst (input port clocked by clk)
Endpoint: _13358_ (removal check against rising-edge clock clk)
Path Group: asynchronous
Path Type: min

Fanout         Cap        Slew       Delay        Time   Description
---------------------------------------------------------------------------------------------
                      0.150000    0.000000    0.000000   clock clk (rise edge)
                                  0.000000    0.000000   clock network delay (ideal)
                                  2.000000    2.000000 v input external delay
    64    0.275200    1.134362    0.833526    2.833526 v rst (in)
                                                         rst (net)
                      1.134362    0.000000    2.833526 v _13294_/A (sky130_fd_sc_hd__inv_2)
     1    0.003263    0.196702    0.264140    3.097666 ^ _13294_/Y (sky130_fd_sc_hd__inv_2)
                                                         _00068_ (net)
                      0.196702    0.000000    3.097666 ^ _13358_/RESET_B (sky130_fd_sc_hd__dfrtp_2)
                                              3.097666   data arrival time

                      0.150000    0.000000    0.000000   clock clk (rise edge)
                                  0.000000    0.000000   clock network delay (ideal)
                                  0.250000    0.250000   clock uncertainty
                                  0.000000    0.250000   clock reconvergence pessimism
                                              0.250000 ^ _13358_/CLK (sky130_fd_sc_hd__dfrtp_2)
                                  0.720353    0.970353   library removal time
                                              0.970353   data required time
---------------------------------------------------------------------------------------------
                                              0.970353   data required time
                                             -3.097666   data arrival time
---------------------------------------------------------------------------------------------
                                              2.127313   slack (MET)


Startpoint: rst (input port clocked by clk)
Endpoint: _13359_ (removal check against rising-edge clock clk)
Path Group: asynchronous
Path Type: min

Fanout         Cap        Slew       Delay        Time   Description
---------------------------------------------------------------------------------------------
                      0.150000    0.000000    0.000000   clock clk (rise edge)
                                  0.000000    0.000000   clock network delay (ideal)
                                  2.000000    2.000000 v input external delay
    64    0.275200    1.134362    0.833526    2.833526 v rst (in)
                                                         rst (net)
                      1.134362    0.000000    2.833526 v _13295_/A (sky130_fd_sc_hd__inv_2)
     1    0.003263    0.196702    0.264140    3.097666 ^ _13295_/Y (sky130_fd_sc_hd__inv_2)
                                                         _00069_ (net)
                      0.196702    0.000000    3.097666 ^ _13359_/RESET_B (sky130_fd_sc_hd__dfrtp_2)
                                              3.097666   data arrival time

                      0.150000    0.000000    0.000000   clock clk (rise edge)
                                  0.000000    0.000000   clock network delay (ideal)
                                  0.250000    0.250000   clock uncertainty
                                  0.000000    0.250000   clock reconvergence pessimism
                                              0.250000 ^ _13359_/CLK (sky130_fd_sc_hd__dfrtp_2)
                                  0.720353    0.970353   library removal time
                                              0.970353   data required time
---------------------------------------------------------------------------------------------
                                              0.970353   data required time
                                             -3.097666   data arrival time
---------------------------------------------------------------------------------------------
                                              2.127313   slack (MET)


Startpoint: rst (input port clocked by clk)
Endpoint: _13360_ (removal check against rising-edge clock clk)
Path Group: asynchronous
Path Type: min

Fanout         Cap        Slew       Delay        Time   Description
---------------------------------------------------------------------------------------------
                      0.150000    0.000000    0.000000   clock clk (rise edge)
                                  0.000000    0.000000   clock network delay (ideal)
                                  2.000000    2.000000 v input external delay
    64    0.275200    1.134362    0.833526    2.833526 v rst (in)
                                                         rst (net)
                      1.134362    0.000000    2.833526 v _13296_/A (sky130_fd_sc_hd__inv_2)
     1    0.003263    0.196702    0.264140    3.097666 ^ _13296_/Y (sky130_fd_sc_hd__inv_2)
                                                         _00070_ (net)
                      0.196702    0.000000    3.097666 ^ _13360_/RESET_B (sky130_fd_sc_hd__dfrtp_2)
                                              3.097666   data arrival time

                      0.150000    0.000000    0.000000   clock clk (rise edge)
                                  0.000000    0.000000   clock network delay (ideal)
                                  0.250000    0.250000   clock uncertainty
                                  0.000000    0.250000   clock reconvergence pessimism
                                              0.250000 ^ _13360_/CLK (sky130_fd_sc_hd__dfrtp_2)
                                  0.720353    0.970353   library removal time
                                              0.970353   data required time
---------------------------------------------------------------------------------------------
                                              0.970353   data required time
                                             -3.097666   data arrival time
---------------------------------------------------------------------------------------------
                                              2.127313   slack (MET)


Startpoint: rst (input port clocked by clk)
Endpoint: _13361_ (removal check against rising-edge clock clk)
Path Group: asynchronous
Path Type: min

Fanout         Cap        Slew       Delay        Time   Description
---------------------------------------------------------------------------------------------
                      0.150000    0.000000    0.000000   clock clk (rise edge)
                                  0.000000    0.000000   clock network delay (ideal)
                                  2.000000    2.000000 v input external delay
    64    0.275200    1.134362    0.833526    2.833526 v rst (in)
                                                         rst (net)
                      1.134362    0.000000    2.833526 v _13297_/A (sky130_fd_sc_hd__inv_2)
     1    0.003263    0.196702    0.264140    3.097666 ^ _13297_/Y (sky130_fd_sc_hd__inv_2)
                                                         _00071_ (net)
                      0.196702    0.000000    3.097666 ^ _13361_/RESET_B (sky130_fd_sc_hd__dfrtp_2)
                                              3.097666   data arrival time

                      0.150000    0.000000    0.000000   clock clk (rise edge)
                                  0.000000    0.000000   clock network delay (ideal)
                                  0.250000    0.250000   clock uncertainty
                                  0.000000    0.250000   clock reconvergence pessimism
                                              0.250000 ^ _13361_/CLK (sky130_fd_sc_hd__dfrtp_2)
                                  0.720353    0.970353   library removal time
                                              0.970353   data required time
---------------------------------------------------------------------------------------------
                                              0.970353   data required time
                                             -3.097666   data arrival time
---------------------------------------------------------------------------------------------
                                              2.127313   slack (MET)


Startpoint: rst (input port clocked by clk)
Endpoint: _13362_ (removal check against rising-edge clock clk)
Path Group: asynchronous
Path Type: min

Fanout         Cap        Slew       Delay        Time   Description
---------------------------------------------------------------------------------------------
                      0.150000    0.000000    0.000000   clock clk (rise edge)
                                  0.000000    0.000000   clock network delay (ideal)
                                  2.000000    2.000000 v input external delay
    64    0.275200    1.134362    0.833526    2.833526 v rst (in)
                                                         rst (net)
                      1.134362    0.000000    2.833526 v _13298_/A (sky130_fd_sc_hd__inv_2)
     1    0.003263    0.196702    0.264140    3.097666 ^ _13298_/Y (sky130_fd_sc_hd__inv_2)
                                                         _00072_ (net)
                      0.196702    0.000000    3.097666 ^ _13362_/RESET_B (sky130_fd_sc_hd__dfrtp_2)
                                              3.097666   data arrival time

                      0.150000    0.000000    0.000000   clock clk (rise edge)
                                  0.000000    0.000000   clock network delay (ideal)
                                  0.250000    0.250000   clock uncertainty
                                  0.000000    0.250000   clock reconvergence pessimism
                                              0.250000 ^ _13362_/CLK (sky130_fd_sc_hd__dfrtp_2)
                                  0.720353    0.970353   library removal time
                                              0.970353   data required time
---------------------------------------------------------------------------------------------
                                              0.970353   data required time
                                             -3.097666   data arrival time
---------------------------------------------------------------------------------------------
                                              2.127313   slack (MET)


Startpoint: rst (input port clocked by clk)
Endpoint: _13363_ (removal check against rising-edge clock clk)
Path Group: asynchronous
Path Type: min

Fanout         Cap        Slew       Delay        Time   Description
---------------------------------------------------------------------------------------------
                      0.150000    0.000000    0.000000   clock clk (rise edge)
                                  0.000000    0.000000   clock network delay (ideal)
                                  2.000000    2.000000 v input external delay
    64    0.275200    1.134362    0.833526    2.833526 v rst (in)
                                                         rst (net)
                      1.134362    0.000000    2.833526 v _13299_/A (sky130_fd_sc_hd__inv_2)
     1    0.003263    0.196702    0.264140    3.097666 ^ _13299_/Y (sky130_fd_sc_hd__inv_2)
                                                         _00073_ (net)
                      0.196702    0.000000    3.097666 ^ _13363_/RESET_B (sky130_fd_sc_hd__dfrtp_2)
                                              3.097666   data arrival time

                      0.150000    0.000000    0.000000   clock clk (rise edge)
                                  0.000000    0.000000   clock network delay (ideal)
                                  0.250000    0.250000   clock uncertainty
                                  0.000000    0.250000   clock reconvergence pessimism
                                              0.250000 ^ _13363_/CLK (sky130_fd_sc_hd__dfrtp_2)
                                  0.720353    0.970353   library removal time
                                              0.970353   data required time
---------------------------------------------------------------------------------------------
                                              0.970353   data required time
                                             -3.097666   data arrival time
---------------------------------------------------------------------------------------------
                                              2.127313   slack (MET)


Startpoint: rst (input port clocked by clk)
Endpoint: _13364_ (removal check against rising-edge clock clk)
Path Group: asynchronous
Path Type: min

Fanout         Cap        Slew       Delay        Time   Description
---------------------------------------------------------------------------------------------
                      0.150000    0.000000    0.000000   clock clk (rise edge)
                                  0.000000    0.000000   clock network delay (ideal)
                                  2.000000    2.000000 v input external delay
    64    0.275200    1.134362    0.833526    2.833526 v rst (in)
                                                         rst (net)
                      1.134362    0.000000    2.833526 v _13300_/A (sky130_fd_sc_hd__inv_2)
     1    0.003263    0.196702    0.264140    3.097666 ^ _13300_/Y (sky130_fd_sc_hd__inv_2)
                                                         _00074_ (net)
                      0.196702    0.000000    3.097666 ^ _13364_/RESET_B (sky130_fd_sc_hd__dfrtp_2)
                                              3.097666   data arrival time

                      0.150000    0.000000    0.000000   clock clk (rise edge)
                                  0.000000    0.000000   clock network delay (ideal)
                                  0.250000    0.250000   clock uncertainty
                                  0.000000    0.250000   clock reconvergence pessimism
                                              0.250000 ^ _13364_/CLK (sky130_fd_sc_hd__dfrtp_2)
                                  0.720353    0.970353   library removal time
                                              0.970353   data required time
---------------------------------------------------------------------------------------------
                                              0.970353   data required time
                                             -3.097666   data arrival time
---------------------------------------------------------------------------------------------
                                              2.127313   slack (MET)


Startpoint: rst (input port clocked by clk)
Endpoint: _13365_ (removal check against rising-edge clock clk)
Path Group: asynchronous
Path Type: min

Fanout         Cap        Slew       Delay        Time   Description
---------------------------------------------------------------------------------------------
                      0.150000    0.000000    0.000000   clock clk (rise edge)
                                  0.000000    0.000000   clock network delay (ideal)
                                  2.000000    2.000000 v input external delay
    64    0.275200    1.134362    0.833526    2.833526 v rst (in)
                                                         rst (net)
                      1.134362    0.000000    2.833526 v _13301_/A (sky130_fd_sc_hd__inv_2)
     1    0.003263    0.196702    0.264140    3.097666 ^ _13301_/Y (sky130_fd_sc_hd__inv_2)
                                                         _00075_ (net)
                      0.196702    0.000000    3.097666 ^ _13365_/RESET_B (sky130_fd_sc_hd__dfrtp_2)
                                              3.097666   data arrival time

                      0.150000    0.000000    0.000000   clock clk (rise edge)
                                  0.000000    0.000000   clock network delay (ideal)
                                  0.250000    0.250000   clock uncertainty
                                  0.000000    0.250000   clock reconvergence pessimism
                                              0.250000 ^ _13365_/CLK (sky130_fd_sc_hd__dfrtp_2)
                                  0.720353    0.970353   library removal time
                                              0.970353   data required time
---------------------------------------------------------------------------------------------
                                              0.970353   data required time
                                             -3.097666   data arrival time
---------------------------------------------------------------------------------------------
                                              2.127313   slack (MET)


Startpoint: rst (input port clocked by clk)
Endpoint: _13366_ (removal check against rising-edge clock clk)
Path Group: asynchronous
Path Type: min

Fanout         Cap        Slew       Delay        Time   Description
---------------------------------------------------------------------------------------------
                      0.150000    0.000000    0.000000   clock clk (rise edge)
                                  0.000000    0.000000   clock network delay (ideal)
                                  2.000000    2.000000 v input external delay
    64    0.275200    1.134362    0.833526    2.833526 v rst (in)
                                                         rst (net)
                      1.134362    0.000000    2.833526 v _13302_/A (sky130_fd_sc_hd__inv_2)
     1    0.003263    0.196702    0.264140    3.097666 ^ _13302_/Y (sky130_fd_sc_hd__inv_2)
                                                         _00076_ (net)
                      0.196702    0.000000    3.097666 ^ _13366_/RESET_B (sky130_fd_sc_hd__dfrtp_2)
                                              3.097666   data arrival time

                      0.150000    0.000000    0.000000   clock clk (rise edge)
                                  0.000000    0.000000   clock network delay (ideal)
                                  0.250000    0.250000   clock uncertainty
                                  0.000000    0.250000   clock reconvergence pessimism
                                              0.250000 ^ _13366_/CLK (sky130_fd_sc_hd__dfrtp_2)
                                  0.720353    0.970353   library removal time
                                              0.970353   data required time
---------------------------------------------------------------------------------------------
                                              0.970353   data required time
                                             -3.097666   data arrival time
---------------------------------------------------------------------------------------------
                                              2.127313   slack (MET)


Startpoint: rst (input port clocked by clk)
Endpoint: _13367_ (removal check against rising-edge clock clk)
Path Group: asynchronous
Path Type: min

Fanout         Cap        Slew       Delay        Time   Description
---------------------------------------------------------------------------------------------
                      0.150000    0.000000    0.000000   clock clk (rise edge)
                                  0.000000    0.000000   clock network delay (ideal)
                                  2.000000    2.000000 v input external delay
    64    0.275200    1.134362    0.833526    2.833526 v rst (in)
                                                         rst (net)
                      1.134362    0.000000    2.833526 v _13303_/A (sky130_fd_sc_hd__inv_2)
     1    0.003263    0.196702    0.264140    3.097666 ^ _13303_/Y (sky130_fd_sc_hd__inv_2)
                                                         _00077_ (net)
                      0.196702    0.000000    3.097666 ^ _13367_/RESET_B (sky130_fd_sc_hd__dfrtp_2)
                                              3.097666   data arrival time

                      0.150000    0.000000    0.000000   clock clk (rise edge)
                                  0.000000    0.000000   clock network delay (ideal)
                                  0.250000    0.250000   clock uncertainty
                                  0.000000    0.250000   clock reconvergence pessimism
                                              0.250000 ^ _13367_/CLK (sky130_fd_sc_hd__dfrtp_2)
                                  0.720353    0.970353   library removal time
                                              0.970353   data required time
---------------------------------------------------------------------------------------------
                                              0.970353   data required time
                                             -3.097666   data arrival time
---------------------------------------------------------------------------------------------
                                              2.127313   slack (MET)


Startpoint: rst (input port clocked by clk)
Endpoint: _13368_ (removal check against rising-edge clock clk)
Path Group: asynchronous
Path Type: min

Fanout         Cap        Slew       Delay        Time   Description
---------------------------------------------------------------------------------------------
                      0.150000    0.000000    0.000000   clock clk (rise edge)
                                  0.000000    0.000000   clock network delay (ideal)
                                  2.000000    2.000000 v input external delay
    64    0.275200    1.134362    0.833526    2.833526 v rst (in)
                                                         rst (net)
                      1.134362    0.000000    2.833526 v _13304_/A (sky130_fd_sc_hd__inv_2)
     1    0.003263    0.196702    0.264140    3.097666 ^ _13304_/Y (sky130_fd_sc_hd__inv_2)
                                                         _00078_ (net)
                      0.196702    0.000000    3.097666 ^ _13368_/RESET_B (sky130_fd_sc_hd__dfrtp_2)
                                              3.097666   data arrival time

                      0.150000    0.000000    0.000000   clock clk (rise edge)
                                  0.000000    0.000000   clock network delay (ideal)
                                  0.250000    0.250000   clock uncertainty
                                  0.000000    0.250000   clock reconvergence pessimism
                                              0.250000 ^ _13368_/CLK (sky130_fd_sc_hd__dfrtp_2)
                                  0.720353    0.970353   library removal time
                                              0.970353   data required time
---------------------------------------------------------------------------------------------
                                              0.970353   data required time
                                             -3.097666   data arrival time
---------------------------------------------------------------------------------------------
                                              2.127313   slack (MET)


Startpoint: rst (input port clocked by clk)
Endpoint: _13369_ (removal check against rising-edge clock clk)
Path Group: asynchronous
Path Type: min

Fanout         Cap        Slew       Delay        Time   Description
---------------------------------------------------------------------------------------------
                      0.150000    0.000000    0.000000   clock clk (rise edge)
                                  0.000000    0.000000   clock network delay (ideal)
                                  2.000000    2.000000 v input external delay
    64    0.275200    1.134362    0.833526    2.833526 v rst (in)
                                                         rst (net)
                      1.134362    0.000000    2.833526 v _13305_/A (sky130_fd_sc_hd__inv_2)
     1    0.003263    0.196702    0.264140    3.097666 ^ _13305_/Y (sky130_fd_sc_hd__inv_2)
                                                         _00079_ (net)
                      0.196702    0.000000    3.097666 ^ _13369_/RESET_B (sky130_fd_sc_hd__dfrtp_2)
                                              3.097666   data arrival time

                      0.150000    0.000000    0.000000   clock clk (rise edge)
                                  0.000000    0.000000   clock network delay (ideal)
                                  0.250000    0.250000   clock uncertainty
                                  0.000000    0.250000   clock reconvergence pessimism
                                              0.250000 ^ _13369_/CLK (sky130_fd_sc_hd__dfrtp_2)
                                  0.720353    0.970353   library removal time
                                              0.970353   data required time
---------------------------------------------------------------------------------------------
                                              0.970353   data required time
                                             -3.097666   data arrival time
---------------------------------------------------------------------------------------------
                                              2.127313   slack (MET)


Startpoint: rst (input port clocked by clk)
Endpoint: _13370_ (removal check against rising-edge clock clk)
Path Group: asynchronous
Path Type: min

Fanout         Cap        Slew       Delay        Time   Description
---------------------------------------------------------------------------------------------
                      0.150000    0.000000    0.000000   clock clk (rise edge)
                                  0.000000    0.000000   clock network delay (ideal)
                                  2.000000    2.000000 v input external delay
    64    0.275200    1.134362    0.833526    2.833526 v rst (in)
                                                         rst (net)
                      1.134362    0.000000    2.833526 v _13306_/A (sky130_fd_sc_hd__inv_2)
     1    0.003263    0.196702    0.264140    3.097666 ^ _13306_/Y (sky130_fd_sc_hd__inv_2)
                                                         _00080_ (net)
                      0.196702    0.000000    3.097666 ^ _13370_/RESET_B (sky130_fd_sc_hd__dfrtp_2)
                                              3.097666   data arrival time

                      0.150000    0.000000    0.000000   clock clk (rise edge)
                                  0.000000    0.000000   clock network delay (ideal)
                                  0.250000    0.250000   clock uncertainty
                                  0.000000    0.250000   clock reconvergence pessimism
                                              0.250000 ^ _13370_/CLK (sky130_fd_sc_hd__dfrtp_2)
                                  0.720353    0.970353   library removal time
                                              0.970353   data required time
---------------------------------------------------------------------------------------------
                                              0.970353   data required time
                                             -3.097666   data arrival time
---------------------------------------------------------------------------------------------
                                              2.127313   slack (MET)


Startpoint: rst (input port clocked by clk)
Endpoint: _13371_ (removal check against rising-edge clock clk)
Path Group: asynchronous
Path Type: min

Fanout         Cap        Slew       Delay        Time   Description
---------------------------------------------------------------------------------------------
                      0.150000    0.000000    0.000000   clock clk (rise edge)
                                  0.000000    0.000000   clock network delay (ideal)
                                  2.000000    2.000000 v input external delay
    64    0.275200    1.134362    0.833526    2.833526 v rst (in)
                                                         rst (net)
                      1.134362    0.000000    2.833526 v _13307_/A (sky130_fd_sc_hd__inv_2)
     1    0.003263    0.196702    0.264140    3.097666 ^ _13307_/Y (sky130_fd_sc_hd__inv_2)
                                                         _00081_ (net)
                      0.196702    0.000000    3.097666 ^ _13371_/RESET_B (sky130_fd_sc_hd__dfrtp_2)
                                              3.097666   data arrival time

                      0.150000    0.000000    0.000000   clock clk (rise edge)
                                  0.000000    0.000000   clock network delay (ideal)
                                  0.250000    0.250000   clock uncertainty
                                  0.000000    0.250000   clock reconvergence pessimism
                                              0.250000 ^ _13371_/CLK (sky130_fd_sc_hd__dfrtp_2)
                                  0.720353    0.970353   library removal time
                                              0.970353   data required time
---------------------------------------------------------------------------------------------
                                              0.970353   data required time
                                             -3.097666   data arrival time
---------------------------------------------------------------------------------------------
                                              2.127313   slack (MET)


Startpoint: rst (input port clocked by clk)
Endpoint: _13372_ (removal check against rising-edge clock clk)
Path Group: asynchronous
Path Type: min

Fanout         Cap        Slew       Delay        Time   Description
---------------------------------------------------------------------------------------------
                      0.150000    0.000000    0.000000   clock clk (rise edge)
                                  0.000000    0.000000   clock network delay (ideal)
                                  2.000000    2.000000 v input external delay
    64    0.275200    1.134362    0.833526    2.833526 v rst (in)
                                                         rst (net)
                      1.134362    0.000000    2.833526 v _13308_/A (sky130_fd_sc_hd__inv_2)
     1    0.003263    0.196702    0.264140    3.097666 ^ _13308_/Y (sky130_fd_sc_hd__inv_2)
                                                         _00082_ (net)
                      0.196702    0.000000    3.097666 ^ _13372_/RESET_B (sky130_fd_sc_hd__dfrtp_2)
                                              3.097666   data arrival time

                      0.150000    0.000000    0.000000   clock clk (rise edge)
                                  0.000000    0.000000   clock network delay (ideal)
                                  0.250000    0.250000   clock uncertainty
                                  0.000000    0.250000   clock reconvergence pessimism
                                              0.250000 ^ _13372_/CLK (sky130_fd_sc_hd__dfrtp_2)
                                  0.720353    0.970353   library removal time
                                              0.970353   data required time
---------------------------------------------------------------------------------------------
                                              0.970353   data required time
                                             -3.097666   data arrival time
---------------------------------------------------------------------------------------------
                                              2.127313   slack (MET)


Startpoint: rst (input port clocked by clk)
Endpoint: _13373_ (removal check against rising-edge clock clk)
Path Group: asynchronous
Path Type: min

Fanout         Cap        Slew       Delay        Time   Description
---------------------------------------------------------------------------------------------
                      0.150000    0.000000    0.000000   clock clk (rise edge)
                                  0.000000    0.000000   clock network delay (ideal)
                                  2.000000    2.000000 v input external delay
    64    0.275200    1.134362    0.833526    2.833526 v rst (in)
                                                         rst (net)
                      1.134362    0.000000    2.833526 v _13309_/A (sky130_fd_sc_hd__inv_2)
     1    0.003263    0.196702    0.264140    3.097666 ^ _13309_/Y (sky130_fd_sc_hd__inv_2)
                                                         _00083_ (net)
                      0.196702    0.000000    3.097666 ^ _13373_/RESET_B (sky130_fd_sc_hd__dfrtp_2)
                                              3.097666   data arrival time

                      0.150000    0.000000    0.000000   clock clk (rise edge)
                                  0.000000    0.000000   clock network delay (ideal)
                                  0.250000    0.250000   clock uncertainty
                                  0.000000    0.250000   clock reconvergence pessimism
                                              0.250000 ^ _13373_/CLK (sky130_fd_sc_hd__dfrtp_2)
                                  0.720353    0.970353   library removal time
                                              0.970353   data required time
---------------------------------------------------------------------------------------------
                                              0.970353   data required time
                                             -3.097666   data arrival time
---------------------------------------------------------------------------------------------
                                              2.127313   slack (MET)


Startpoint: rst (input port clocked by clk)
Endpoint: _13374_ (removal check against rising-edge clock clk)
Path Group: asynchronous
Path Type: min

Fanout         Cap        Slew       Delay        Time   Description
---------------------------------------------------------------------------------------------
                      0.150000    0.000000    0.000000   clock clk (rise edge)
                                  0.000000    0.000000   clock network delay (ideal)
                                  2.000000    2.000000 v input external delay
    64    0.275200    1.134362    0.833526    2.833526 v rst (in)
                                                         rst (net)
                      1.134362    0.000000    2.833526 v _13310_/A (sky130_fd_sc_hd__inv_2)
     1    0.003263    0.196702    0.264140    3.097666 ^ _13310_/Y (sky130_fd_sc_hd__inv_2)
                                                         _00084_ (net)
                      0.196702    0.000000    3.097666 ^ _13374_/RESET_B (sky130_fd_sc_hd__dfrtp_2)
                                              3.097666   data arrival time

                      0.150000    0.000000    0.000000   clock clk (rise edge)
                                  0.000000    0.000000   clock network delay (ideal)
                                  0.250000    0.250000   clock uncertainty
                                  0.000000    0.250000   clock reconvergence pessimism
                                              0.250000 ^ _13374_/CLK (sky130_fd_sc_hd__dfrtp_2)
                                  0.720353    0.970353   library removal time
                                              0.970353   data required time
---------------------------------------------------------------------------------------------
                                              0.970353   data required time
                                             -3.097666   data arrival time
---------------------------------------------------------------------------------------------
                                              2.127313   slack (MET)


Startpoint: rst (input port clocked by clk)
Endpoint: _13375_ (removal check against rising-edge clock clk)
Path Group: asynchronous
Path Type: min

Fanout         Cap        Slew       Delay        Time   Description
---------------------------------------------------------------------------------------------
                      0.150000    0.000000    0.000000   clock clk (rise edge)
                                  0.000000    0.000000   clock network delay (ideal)
                                  2.000000    2.000000 v input external delay
    64    0.275200    1.134362    0.833526    2.833526 v rst (in)
                                                         rst (net)
                      1.134362    0.000000    2.833526 v _13311_/A (sky130_fd_sc_hd__inv_2)
     1    0.003263    0.196702    0.264140    3.097666 ^ _13311_/Y (sky130_fd_sc_hd__inv_2)
                                                         _00085_ (net)
                      0.196702    0.000000    3.097666 ^ _13375_/RESET_B (sky130_fd_sc_hd__dfrtp_2)
                                              3.097666   data arrival time

                      0.150000    0.000000    0.000000   clock clk (rise edge)
                                  0.000000    0.000000   clock network delay (ideal)
                                  0.250000    0.250000   clock uncertainty
                                  0.000000    0.250000   clock reconvergence pessimism
                                              0.250000 ^ _13375_/CLK (sky130_fd_sc_hd__dfrtp_2)
                                  0.720353    0.970353   library removal time
                                              0.970353   data required time
---------------------------------------------------------------------------------------------
                                              0.970353   data required time
                                             -3.097666   data arrival time
---------------------------------------------------------------------------------------------
                                              2.127313   slack (MET)


Startpoint: rst (input port clocked by clk)
Endpoint: _13376_ (removal check against rising-edge clock clk)
Path Group: asynchronous
Path Type: min

Fanout         Cap        Slew       Delay        Time   Description
---------------------------------------------------------------------------------------------
                      0.150000    0.000000    0.000000   clock clk (rise edge)
                                  0.000000    0.000000   clock network delay (ideal)
                                  2.000000    2.000000 v input external delay
    64    0.275200    1.134362    0.833526    2.833526 v rst (in)
                                                         rst (net)
                      1.134362    0.000000    2.833526 v _13312_/A (sky130_fd_sc_hd__inv_2)
     1    0.003263    0.196702    0.264140    3.097666 ^ _13312_/Y (sky130_fd_sc_hd__inv_2)
                                                         _00086_ (net)
                      0.196702    0.000000    3.097666 ^ _13376_/RESET_B (sky130_fd_sc_hd__dfrtp_2)
                                              3.097666   data arrival time

                      0.150000    0.000000    0.000000   clock clk (rise edge)
                                  0.000000    0.000000   clock network delay (ideal)
                                  0.250000    0.250000   clock uncertainty
                                  0.000000    0.250000   clock reconvergence pessimism
                                              0.250000 ^ _13376_/CLK (sky130_fd_sc_hd__dfrtp_2)
                                  0.720353    0.970353   library removal time
                                              0.970353   data required time
---------------------------------------------------------------------------------------------
                                              0.970353   data required time
                                             -3.097666   data arrival time
---------------------------------------------------------------------------------------------
                                              2.127313   slack (MET)


Startpoint: rst (input port clocked by clk)
Endpoint: _13377_ (removal check against rising-edge clock clk)
Path Group: asynchronous
Path Type: min

Fanout         Cap        Slew       Delay        Time   Description
---------------------------------------------------------------------------------------------
                      0.150000    0.000000    0.000000   clock clk (rise edge)
                                  0.000000    0.000000   clock network delay (ideal)
                                  2.000000    2.000000 v input external delay
    64    0.275200    1.134362    0.833526    2.833526 v rst (in)
                                                         rst (net)
                      1.134362    0.000000    2.833526 v _13313_/A (sky130_fd_sc_hd__inv_2)
     1    0.003263    0.196702    0.264140    3.097666 ^ _13313_/Y (sky130_fd_sc_hd__inv_2)
                                                         _00087_ (net)
                      0.196702    0.000000    3.097666 ^ _13377_/RESET_B (sky130_fd_sc_hd__dfrtp_2)
                                              3.097666   data arrival time

                      0.150000    0.000000    0.000000   clock clk (rise edge)
                                  0.000000    0.000000   clock network delay (ideal)
                                  0.250000    0.250000   clock uncertainty
                                  0.000000    0.250000   clock reconvergence pessimism
                                              0.250000 ^ _13377_/CLK (sky130_fd_sc_hd__dfrtp_2)
                                  0.720353    0.970353   library removal time
                                              0.970353   data required time
---------------------------------------------------------------------------------------------
                                              0.970353   data required time
                                             -3.097666   data arrival time
---------------------------------------------------------------------------------------------
                                              2.127313   slack (MET)


Startpoint: rst (input port clocked by clk)
Endpoint: _13378_ (removal check against rising-edge clock clk)
Path Group: asynchronous
Path Type: min

Fanout         Cap        Slew       Delay        Time   Description
---------------------------------------------------------------------------------------------
                      0.150000    0.000000    0.000000   clock clk (rise edge)
                                  0.000000    0.000000   clock network delay (ideal)
                                  2.000000    2.000000 v input external delay
    64    0.275200    1.134362    0.833526    2.833526 v rst (in)
                                                         rst (net)
                      1.134362    0.000000    2.833526 v _13314_/A (sky130_fd_sc_hd__inv_2)
     1    0.003263    0.196702    0.264140    3.097666 ^ _13314_/Y (sky130_fd_sc_hd__inv_2)
                                                         _00088_ (net)
                      0.196702    0.000000    3.097666 ^ _13378_/RESET_B (sky130_fd_sc_hd__dfrtp_2)
                                              3.097666   data arrival time

                      0.150000    0.000000    0.000000   clock clk (rise edge)
                                  0.000000    0.000000   clock network delay (ideal)
                                  0.250000    0.250000   clock uncertainty
                                  0.000000    0.250000   clock reconvergence pessimism
                                              0.250000 ^ _13378_/CLK (sky130_fd_sc_hd__dfrtp_2)
                                  0.720353    0.970353   library removal time
                                              0.970353   data required time
---------------------------------------------------------------------------------------------
                                              0.970353   data required time
                                             -3.097666   data arrival time
---------------------------------------------------------------------------------------------
                                              2.127313   slack (MET)


Startpoint: rst (input port clocked by clk)
Endpoint: _13379_ (removal check against rising-edge clock clk)
Path Group: asynchronous
Path Type: min

Fanout         Cap        Slew       Delay        Time   Description
---------------------------------------------------------------------------------------------
                      0.150000    0.000000    0.000000   clock clk (rise edge)
                                  0.000000    0.000000   clock network delay (ideal)
                                  2.000000    2.000000 v input external delay
    64    0.275200    1.134362    0.833526    2.833526 v rst (in)
                                                         rst (net)
                      1.134362    0.000000    2.833526 v _13315_/A (sky130_fd_sc_hd__inv_2)
     1    0.003263    0.196702    0.264140    3.097666 ^ _13315_/Y (sky130_fd_sc_hd__inv_2)
                                                         _00089_ (net)
                      0.196702    0.000000    3.097666 ^ _13379_/RESET_B (sky130_fd_sc_hd__dfrtp_2)
                                              3.097666   data arrival time

                      0.150000    0.000000    0.000000   clock clk (rise edge)
                                  0.000000    0.000000   clock network delay (ideal)
                                  0.250000    0.250000   clock uncertainty
                                  0.000000    0.250000   clock reconvergence pessimism
                                              0.250000 ^ _13379_/CLK (sky130_fd_sc_hd__dfrtp_2)
                                  0.720353    0.970353   library removal time
                                              0.970353   data required time
---------------------------------------------------------------------------------------------
                                              0.970353   data required time
                                             -3.097666   data arrival time
---------------------------------------------------------------------------------------------
                                              2.127313   slack (MET)


Startpoint: rst (input port clocked by clk)
Endpoint: _13380_ (removal check against rising-edge clock clk)
Path Group: asynchronous
Path Type: min

Fanout         Cap        Slew       Delay        Time   Description
---------------------------------------------------------------------------------------------
                      0.150000    0.000000    0.000000   clock clk (rise edge)
                                  0.000000    0.000000   clock network delay (ideal)
                                  2.000000    2.000000 v input external delay
    64    0.275200    1.134362    0.833526    2.833526 v rst (in)
                                                         rst (net)
                      1.134362    0.000000    2.833526 v _13316_/A (sky130_fd_sc_hd__inv_2)
     1    0.003263    0.196702    0.264140    3.097666 ^ _13316_/Y (sky130_fd_sc_hd__inv_2)
                                                         _00090_ (net)
                      0.196702    0.000000    3.097666 ^ _13380_/RESET_B (sky130_fd_sc_hd__dfrtp_2)
                                              3.097666   data arrival time

                      0.150000    0.000000    0.000000   clock clk (rise edge)
                                  0.000000    0.000000   clock network delay (ideal)
                                  0.250000    0.250000   clock uncertainty
                                  0.000000    0.250000   clock reconvergence pessimism
                                              0.250000 ^ _13380_/CLK (sky130_fd_sc_hd__dfrtp_2)
                                  0.720353    0.970353   library removal time
                                              0.970353   data required time
---------------------------------------------------------------------------------------------
                                              0.970353   data required time
                                             -3.097666   data arrival time
---------------------------------------------------------------------------------------------
                                              2.127313   slack (MET)


Startpoint: rst (input port clocked by clk)
Endpoint: _13381_ (removal check against rising-edge clock clk)
Path Group: asynchronous
Path Type: min

Fanout         Cap        Slew       Delay        Time   Description
---------------------------------------------------------------------------------------------
                      0.150000    0.000000    0.000000   clock clk (rise edge)
                                  0.000000    0.000000   clock network delay (ideal)
                                  2.000000    2.000000 v input external delay
    64    0.275200    1.134362    0.833526    2.833526 v rst (in)
                                                         rst (net)
                      1.134362    0.000000    2.833526 v _13317_/A (sky130_fd_sc_hd__inv_2)
     1    0.003263    0.196702    0.264140    3.097666 ^ _13317_/Y (sky130_fd_sc_hd__inv_2)
                                                         _00091_ (net)
                      0.196702    0.000000    3.097666 ^ _13381_/RESET_B (sky130_fd_sc_hd__dfrtp_2)
                                              3.097666   data arrival time

                      0.150000    0.000000    0.000000   clock clk (rise edge)
                                  0.000000    0.000000   clock network delay (ideal)
                                  0.250000    0.250000   clock uncertainty
                                  0.000000    0.250000   clock reconvergence pessimism
                                              0.250000 ^ _13381_/CLK (sky130_fd_sc_hd__dfrtp_2)
                                  0.720353    0.970353   library removal time
                                              0.970353   data required time
---------------------------------------------------------------------------------------------
                                              0.970353   data required time
                                             -3.097666   data arrival time
---------------------------------------------------------------------------------------------
                                              2.127313   slack (MET)


Startpoint: rst (input port clocked by clk)
Endpoint: _13382_ (removal check against rising-edge clock clk)
Path Group: asynchronous
Path Type: min

Fanout         Cap        Slew       Delay        Time   Description
---------------------------------------------------------------------------------------------
                      0.150000    0.000000    0.000000   clock clk (rise edge)
                                  0.000000    0.000000   clock network delay (ideal)
                                  2.000000    2.000000 v input external delay
    64    0.275200    1.134362    0.833526    2.833526 v rst (in)
                                                         rst (net)
                      1.134362    0.000000    2.833526 v _13318_/A (sky130_fd_sc_hd__inv_2)
     1    0.003263    0.196702    0.264140    3.097666 ^ _13318_/Y (sky130_fd_sc_hd__inv_2)
                                                         _00092_ (net)
                      0.196702    0.000000    3.097666 ^ _13382_/RESET_B (sky130_fd_sc_hd__dfrtp_2)
                                              3.097666   data arrival time

                      0.150000    0.000000    0.000000   clock clk (rise edge)
                                  0.000000    0.000000   clock network delay (ideal)
                                  0.250000    0.250000   clock uncertainty
                                  0.000000    0.250000   clock reconvergence pessimism
                                              0.250000 ^ _13382_/CLK (sky130_fd_sc_hd__dfrtp_2)
                                  0.720353    0.970353   library removal time
                                              0.970353   data required time
---------------------------------------------------------------------------------------------
                                              0.970353   data required time
                                             -3.097666   data arrival time
---------------------------------------------------------------------------------------------
                                              2.127313   slack (MET)


Startpoint: rst (input port clocked by clk)
Endpoint: _13383_ (removal check against rising-edge clock clk)
Path Group: asynchronous
Path Type: min

Fanout         Cap        Slew       Delay        Time   Description
---------------------------------------------------------------------------------------------
                      0.150000    0.000000    0.000000   clock clk (rise edge)
                                  0.000000    0.000000   clock network delay (ideal)
                                  2.000000    2.000000 v input external delay
    64    0.275200    1.134362    0.833526    2.833526 v rst (in)
                                                         rst (net)
                      1.134362    0.000000    2.833526 v _13319_/A (sky130_fd_sc_hd__inv_2)
     1    0.003263    0.196702    0.264140    3.097666 ^ _13319_/Y (sky130_fd_sc_hd__inv_2)
                                                         _00093_ (net)
                      0.196702    0.000000    3.097666 ^ _13383_/RESET_B (sky130_fd_sc_hd__dfrtp_2)
                                              3.097666   data arrival time

                      0.150000    0.000000    0.000000   clock clk (rise edge)
                                  0.000000    0.000000   clock network delay (ideal)
                                  0.250000    0.250000   clock uncertainty
                                  0.000000    0.250000   clock reconvergence pessimism
                                              0.250000 ^ _13383_/CLK (sky130_fd_sc_hd__dfrtp_2)
                                  0.720353    0.970353   library removal time
                                              0.970353   data required time
---------------------------------------------------------------------------------------------
                                              0.970353   data required time
                                             -3.097666   data arrival time
---------------------------------------------------------------------------------------------
                                              2.127313   slack (MET)


Startpoint: rst (input port clocked by clk)
Endpoint: _13384_ (removal check against rising-edge clock clk)
Path Group: asynchronous
Path Type: min

Fanout         Cap        Slew       Delay        Time   Description
---------------------------------------------------------------------------------------------
                      0.150000    0.000000    0.000000   clock clk (rise edge)
                                  0.000000    0.000000   clock network delay (ideal)
                                  2.000000    2.000000 v input external delay
    64    0.275200    1.134362    0.833526    2.833526 v rst (in)
                                                         rst (net)
                      1.134362    0.000000    2.833526 v _13320_/A (sky130_fd_sc_hd__inv_2)
     1    0.003263    0.196702    0.264140    3.097666 ^ _13320_/Y (sky130_fd_sc_hd__inv_2)
                                                         _00094_ (net)
                      0.196702    0.000000    3.097666 ^ _13384_/RESET_B (sky130_fd_sc_hd__dfrtp_2)
                                              3.097666   data arrival time

                      0.150000    0.000000    0.000000   clock clk (rise edge)
                                  0.000000    0.000000   clock network delay (ideal)
                                  0.250000    0.250000   clock uncertainty
                                  0.000000    0.250000   clock reconvergence pessimism
                                              0.250000 ^ _13384_/CLK (sky130_fd_sc_hd__dfrtp_2)
                                  0.720353    0.970353   library removal time
                                              0.970353   data required time
---------------------------------------------------------------------------------------------
                                              0.970353   data required time
                                             -3.097666   data arrival time
---------------------------------------------------------------------------------------------
                                              2.127313   slack (MET)


Startpoint: rst (input port clocked by clk)
Endpoint: _13385_ (removal check against rising-edge clock clk)
Path Group: asynchronous
Path Type: min

Fanout         Cap        Slew       Delay        Time   Description
---------------------------------------------------------------------------------------------
                      0.150000    0.000000    0.000000   clock clk (rise edge)
                                  0.000000    0.000000   clock network delay (ideal)
                                  2.000000    2.000000 v input external delay
    64    0.275200    1.134362    0.833526    2.833526 v rst (in)
                                                         rst (net)
                      1.134362    0.000000    2.833526 v _13321_/A (sky130_fd_sc_hd__inv_2)
     1    0.003263    0.196702    0.264140    3.097666 ^ _13321_/Y (sky130_fd_sc_hd__inv_2)
                                                         _00095_ (net)
                      0.196702    0.000000    3.097666 ^ _13385_/RESET_B (sky130_fd_sc_hd__dfrtp_2)
                                              3.097666   data arrival time

                      0.150000    0.000000    0.000000   clock clk (rise edge)
                                  0.000000    0.000000   clock network delay (ideal)
                                  0.250000    0.250000   clock uncertainty
                                  0.000000    0.250000   clock reconvergence pessimism
                                              0.250000 ^ _13385_/CLK (sky130_fd_sc_hd__dfrtp_2)
                                  0.720353    0.970353   library removal time
                                              0.970353   data required time
---------------------------------------------------------------------------------------------
                                              0.970353   data required time
                                             -3.097666   data arrival time
---------------------------------------------------------------------------------------------
                                              2.127313   slack (MET)


Startpoint: rst (input port clocked by clk)
Endpoint: _13386_ (removal check against rising-edge clock clk)
Path Group: asynchronous
Path Type: min

Fanout         Cap        Slew       Delay        Time   Description
---------------------------------------------------------------------------------------------
                      0.150000    0.000000    0.000000   clock clk (rise edge)
                                  0.000000    0.000000   clock network delay (ideal)
                                  2.000000    2.000000 v input external delay
    64    0.275200    1.134362    0.833526    2.833526 v rst (in)
                                                         rst (net)
                      1.134362    0.000000    2.833526 v _13322_/A (sky130_fd_sc_hd__inv_2)
     1    0.003263    0.196702    0.264140    3.097666 ^ _13322_/Y (sky130_fd_sc_hd__inv_2)
                                                         _00096_ (net)
                      0.196702    0.000000    3.097666 ^ _13386_/RESET_B (sky130_fd_sc_hd__dfrtp_2)
                                              3.097666   data arrival time

                      0.150000    0.000000    0.000000   clock clk (rise edge)
                                  0.000000    0.000000   clock network delay (ideal)
                                  0.250000    0.250000   clock uncertainty
                                  0.000000    0.250000   clock reconvergence pessimism
                                              0.250000 ^ _13386_/CLK (sky130_fd_sc_hd__dfrtp_2)
                                  0.720353    0.970353   library removal time
                                              0.970353   data required time
---------------------------------------------------------------------------------------------
                                              0.970353   data required time
                                             -3.097666   data arrival time
---------------------------------------------------------------------------------------------
                                              2.127313   slack (MET)


Startpoint: rst (input port clocked by clk)
Endpoint: _13387_ (removal check against rising-edge clock clk)
Path Group: asynchronous
Path Type: min

Fanout         Cap        Slew       Delay        Time   Description
---------------------------------------------------------------------------------------------
                      0.150000    0.000000    0.000000   clock clk (rise edge)
                                  0.000000    0.000000   clock network delay (ideal)
                                  2.000000    2.000000 v input external delay
    64    0.275200    1.134362    0.833526    2.833526 v rst (in)
                                                         rst (net)
                      1.134362    0.000000    2.833526 v _13323_/A (sky130_fd_sc_hd__inv_2)
     1    0.003263    0.196702    0.264140    3.097666 ^ _13323_/Y (sky130_fd_sc_hd__inv_2)
                                                         _00097_ (net)
                      0.196702    0.000000    3.097666 ^ _13387_/RESET_B (sky130_fd_sc_hd__dfrtp_2)
                                              3.097666   data arrival time

                      0.150000    0.000000    0.000000   clock clk (rise edge)
                                  0.000000    0.000000   clock network delay (ideal)
                                  0.250000    0.250000   clock uncertainty
                                  0.000000    0.250000   clock reconvergence pessimism
                                              0.250000 ^ _13387_/CLK (sky130_fd_sc_hd__dfrtp_2)
                                  0.720353    0.970353   library removal time
                                              0.970353   data required time
---------------------------------------------------------------------------------------------
                                              0.970353   data required time
                                             -3.097666   data arrival time
---------------------------------------------------------------------------------------------
                                              2.127313   slack (MET)


Startpoint: rst (input port clocked by clk)
Endpoint: _13388_ (removal check against rising-edge clock clk)
Path Group: asynchronous
Path Type: min

Fanout         Cap        Slew       Delay        Time   Description
---------------------------------------------------------------------------------------------
                      0.150000    0.000000    0.000000   clock clk (rise edge)
                                  0.000000    0.000000   clock network delay (ideal)
                                  2.000000    2.000000 v input external delay
    64    0.275200    1.134362    0.833526    2.833526 v rst (in)
                                                         rst (net)
                      1.134362    0.000000    2.833526 v _13324_/A (sky130_fd_sc_hd__inv_2)
     1    0.003263    0.196702    0.264140    3.097666 ^ _13324_/Y (sky130_fd_sc_hd__inv_2)
                                                         _00098_ (net)
                      0.196702    0.000000    3.097666 ^ _13388_/RESET_B (sky130_fd_sc_hd__dfrtp_2)
                                              3.097666   data arrival time

                      0.150000    0.000000    0.000000   clock clk (rise edge)
                                  0.000000    0.000000   clock network delay (ideal)
                                  0.250000    0.250000   clock uncertainty
                                  0.000000    0.250000   clock reconvergence pessimism
                                              0.250000 ^ _13388_/CLK (sky130_fd_sc_hd__dfrtp_2)
                                  0.720353    0.970353   library removal time
                                              0.970353   data required time
---------------------------------------------------------------------------------------------
                                              0.970353   data required time
                                             -3.097666   data arrival time
---------------------------------------------------------------------------------------------
                                              2.127313   slack (MET)


Startpoint: rst (input port clocked by clk)
Endpoint: _13389_ (removal check against rising-edge clock clk)
Path Group: asynchronous
Path Type: min

Fanout         Cap        Slew       Delay        Time   Description
---------------------------------------------------------------------------------------------
                      0.150000    0.000000    0.000000   clock clk (rise edge)
                                  0.000000    0.000000   clock network delay (ideal)
                                  2.000000    2.000000 v input external delay
    64    0.275200    1.134362    0.833526    2.833526 v rst (in)
                                                         rst (net)
                      1.134362    0.000000    2.833526 v _13325_/A (sky130_fd_sc_hd__inv_2)
     1    0.003263    0.196702    0.264140    3.097666 ^ _13325_/Y (sky130_fd_sc_hd__inv_2)
                                                         _00099_ (net)
                      0.196702    0.000000    3.097666 ^ _13389_/RESET_B (sky130_fd_sc_hd__dfrtp_2)
                                              3.097666   data arrival time

                      0.150000    0.000000    0.000000   clock clk (rise edge)
                                  0.000000    0.000000   clock network delay (ideal)
                                  0.250000    0.250000   clock uncertainty
                                  0.000000    0.250000   clock reconvergence pessimism
                                              0.250000 ^ _13389_/CLK (sky130_fd_sc_hd__dfrtp_2)
                                  0.720353    0.970353   library removal time
                                              0.970353   data required time
---------------------------------------------------------------------------------------------
                                              0.970353   data required time
                                             -3.097666   data arrival time
---------------------------------------------------------------------------------------------
                                              2.127313   slack (MET)


Startpoint: rst (input port clocked by clk)
Endpoint: _13390_ (removal check against rising-edge clock clk)
Path Group: asynchronous
Path Type: min

Fanout         Cap        Slew       Delay        Time   Description
---------------------------------------------------------------------------------------------
                      0.150000    0.000000    0.000000   clock clk (rise edge)
                                  0.000000    0.000000   clock network delay (ideal)
                                  2.000000    2.000000 v input external delay
    64    0.275200    1.134362    0.833526    2.833526 v rst (in)
                                                         rst (net)
                      1.134362    0.000000    2.833526 v _13326_/A (sky130_fd_sc_hd__inv_2)
     1    0.003263    0.196702    0.264140    3.097666 ^ _13326_/Y (sky130_fd_sc_hd__inv_2)
                                                         _00100_ (net)
                      0.196702    0.000000    3.097666 ^ _13390_/RESET_B (sky130_fd_sc_hd__dfrtp_2)
                                              3.097666   data arrival time

                      0.150000    0.000000    0.000000   clock clk (rise edge)
                                  0.000000    0.000000   clock network delay (ideal)
                                  0.250000    0.250000   clock uncertainty
                                  0.000000    0.250000   clock reconvergence pessimism
                                              0.250000 ^ _13390_/CLK (sky130_fd_sc_hd__dfrtp_2)
                                  0.720353    0.970353   library removal time
                                              0.970353   data required time
---------------------------------------------------------------------------------------------
                                              0.970353   data required time
                                             -3.097666   data arrival time
---------------------------------------------------------------------------------------------
                                              2.127313   slack (MET)


Startpoint: rst (input port clocked by clk)
Endpoint: _13391_ (removal check against rising-edge clock clk)
Path Group: asynchronous
Path Type: min

Fanout         Cap        Slew       Delay        Time   Description
---------------------------------------------------------------------------------------------
                      0.150000    0.000000    0.000000   clock clk (rise edge)
                                  0.000000    0.000000   clock network delay (ideal)
                                  2.000000    2.000000 v input external delay
    64    0.275200    1.134362    0.833526    2.833526 v rst (in)
                                                         rst (net)
                      1.134362    0.000000    2.833526 v _13327_/A (sky130_fd_sc_hd__inv_2)
     1    0.003263    0.196702    0.264140    3.097666 ^ _13327_/Y (sky130_fd_sc_hd__inv_2)
                                                         _00101_ (net)
                      0.196702    0.000000    3.097666 ^ _13391_/RESET_B (sky130_fd_sc_hd__dfrtp_2)
                                              3.097666   data arrival time

                      0.150000    0.000000    0.000000   clock clk (rise edge)
                                  0.000000    0.000000   clock network delay (ideal)
                                  0.250000    0.250000   clock uncertainty
                                  0.000000    0.250000   clock reconvergence pessimism
                                              0.250000 ^ _13391_/CLK (sky130_fd_sc_hd__dfrtp_2)
                                  0.720353    0.970353   library removal time
                                              0.970353   data required time
---------------------------------------------------------------------------------------------
                                              0.970353   data required time
                                             -3.097666   data arrival time
---------------------------------------------------------------------------------------------
                                              2.127313   slack (MET)


Startpoint: rst (input port clocked by clk)
Endpoint: _13392_ (removal check against rising-edge clock clk)
Path Group: asynchronous
Path Type: min

Fanout         Cap        Slew       Delay        Time   Description
---------------------------------------------------------------------------------------------
                      0.150000    0.000000    0.000000   clock clk (rise edge)
                                  0.000000    0.000000   clock network delay (ideal)
                                  2.000000    2.000000 v input external delay
    64    0.275200    1.134362    0.833526    2.833526 v rst (in)
                                                         rst (net)
                      1.134362    0.000000    2.833526 v _13328_/A (sky130_fd_sc_hd__inv_2)
     1    0.003263    0.196702    0.264140    3.097666 ^ _13328_/Y (sky130_fd_sc_hd__inv_2)
                                                         _00102_ (net)
                      0.196702    0.000000    3.097666 ^ _13392_/RESET_B (sky130_fd_sc_hd__dfrtp_2)
                                              3.097666   data arrival time

                      0.150000    0.000000    0.000000   clock clk (rise edge)
                                  0.000000    0.000000   clock network delay (ideal)
                                  0.250000    0.250000   clock uncertainty
                                  0.000000    0.250000   clock reconvergence pessimism
                                              0.250000 ^ _13392_/CLK (sky130_fd_sc_hd__dfrtp_2)
                                  0.720353    0.970353   library removal time
                                              0.970353   data required time
---------------------------------------------------------------------------------------------
                                              0.970353   data required time
                                             -3.097666   data arrival time
---------------------------------------------------------------------------------------------
                                              2.127313   slack (MET)


Startpoint: rst (input port clocked by clk)
Endpoint: _13393_ (removal check against rising-edge clock clk)
Path Group: asynchronous
Path Type: min

Fanout         Cap        Slew       Delay        Time   Description
---------------------------------------------------------------------------------------------
                      0.150000    0.000000    0.000000   clock clk (rise edge)
                                  0.000000    0.000000   clock network delay (ideal)
                                  2.000000    2.000000 v input external delay
    64    0.275200    1.134362    0.833526    2.833526 v rst (in)
                                                         rst (net)
                      1.134362    0.000000    2.833526 v _13329_/A (sky130_fd_sc_hd__inv_2)
     1    0.003263    0.196702    0.264140    3.097666 ^ _13329_/Y (sky130_fd_sc_hd__inv_2)
                                                         _00103_ (net)
                      0.196702    0.000000    3.097666 ^ _13393_/RESET_B (sky130_fd_sc_hd__dfrtp_2)
                                              3.097666   data arrival time

                      0.150000    0.000000    0.000000   clock clk (rise edge)
                                  0.000000    0.000000   clock network delay (ideal)
                                  0.250000    0.250000   clock uncertainty
                                  0.000000    0.250000   clock reconvergence pessimism
                                              0.250000 ^ _13393_/CLK (sky130_fd_sc_hd__dfrtp_2)
                                  0.720353    0.970353   library removal time
                                              0.970353   data required time
---------------------------------------------------------------------------------------------
                                              0.970353   data required time
                                             -3.097666   data arrival time
---------------------------------------------------------------------------------------------
                                              2.127313   slack (MET)


Startpoint: rst (input port clocked by clk)
Endpoint: _13394_ (removal check against rising-edge clock clk)
Path Group: asynchronous
Path Type: min

Fanout         Cap        Slew       Delay        Time   Description
---------------------------------------------------------------------------------------------
                      0.150000    0.000000    0.000000   clock clk (rise edge)
                                  0.000000    0.000000   clock network delay (ideal)
                                  2.000000    2.000000 v input external delay
    64    0.275200    1.134362    0.833526    2.833526 v rst (in)
                                                         rst (net)
                      1.134362    0.000000    2.833526 v _13330_/A (sky130_fd_sc_hd__inv_2)
     1    0.003263    0.196702    0.264140    3.097666 ^ _13330_/Y (sky130_fd_sc_hd__inv_2)
                                                         _00104_ (net)
                      0.196702    0.000000    3.097666 ^ _13394_/RESET_B (sky130_fd_sc_hd__dfrtp_2)
                                              3.097666   data arrival time

                      0.150000    0.000000    0.000000   clock clk (rise edge)
                                  0.000000    0.000000   clock network delay (ideal)
                                  0.250000    0.250000   clock uncertainty
                                  0.000000    0.250000   clock reconvergence pessimism
                                              0.250000 ^ _13394_/CLK (sky130_fd_sc_hd__dfrtp_2)
                                  0.720353    0.970353   library removal time
                                              0.970353   data required time
---------------------------------------------------------------------------------------------
                                              0.970353   data required time
                                             -3.097666   data arrival time
---------------------------------------------------------------------------------------------
                                              2.127313   slack (MET)


Startpoint: rst (input port clocked by clk)
Endpoint: _13395_ (removal check against rising-edge clock clk)
Path Group: asynchronous
Path Type: min

Fanout         Cap        Slew       Delay        Time   Description
---------------------------------------------------------------------------------------------
                      0.150000    0.000000    0.000000   clock clk (rise edge)
                                  0.000000    0.000000   clock network delay (ideal)
                                  2.000000    2.000000 v input external delay
    64    0.275200    1.134362    0.833526    2.833526 v rst (in)
                                                         rst (net)
                      1.134362    0.000000    2.833526 v _13331_/A (sky130_fd_sc_hd__inv_2)
     1    0.003263    0.196702    0.264140    3.097666 ^ _13331_/Y (sky130_fd_sc_hd__inv_2)
                                                         _00105_ (net)
                      0.196702    0.000000    3.097666 ^ _13395_/RESET_B (sky130_fd_sc_hd__dfrtp_2)
                                              3.097666   data arrival time

                      0.150000    0.000000    0.000000   clock clk (rise edge)
                                  0.000000    0.000000   clock network delay (ideal)
                                  0.250000    0.250000   clock uncertainty
                                  0.000000    0.250000   clock reconvergence pessimism
                                              0.250000 ^ _13395_/CLK (sky130_fd_sc_hd__dfrtp_2)
                                  0.720353    0.970353   library removal time
                                              0.970353   data required time
---------------------------------------------------------------------------------------------
                                              0.970353   data required time
                                             -3.097666   data arrival time
---------------------------------------------------------------------------------------------
                                              2.127313   slack (MET)


Startpoint: rst (input port clocked by clk)
Endpoint: _13396_ (removal check against rising-edge clock clk)
Path Group: asynchronous
Path Type: min

Fanout         Cap        Slew       Delay        Time   Description
---------------------------------------------------------------------------------------------
                      0.150000    0.000000    0.000000   clock clk (rise edge)
                                  0.000000    0.000000   clock network delay (ideal)
                                  2.000000    2.000000 v input external delay
    64    0.275200    1.134362    0.833526    2.833526 v rst (in)
                                                         rst (net)
                      1.134362    0.000000    2.833526 v _13332_/A (sky130_fd_sc_hd__inv_2)
     1    0.003263    0.196702    0.264140    3.097666 ^ _13332_/Y (sky130_fd_sc_hd__inv_2)
                                                         _00106_ (net)
                      0.196702    0.000000    3.097666 ^ _13396_/RESET_B (sky130_fd_sc_hd__dfrtp_2)
                                              3.097666   data arrival time

                      0.150000    0.000000    0.000000   clock clk (rise edge)
                                  0.000000    0.000000   clock network delay (ideal)
                                  0.250000    0.250000   clock uncertainty
                                  0.000000    0.250000   clock reconvergence pessimism
                                              0.250000 ^ _13396_/CLK (sky130_fd_sc_hd__dfrtp_2)
                                  0.720353    0.970353   library removal time
                                              0.970353   data required time
---------------------------------------------------------------------------------------------
                                              0.970353   data required time
                                             -3.097666   data arrival time
---------------------------------------------------------------------------------------------
                                              2.127313   slack (MET)


Startpoint: rst (input port clocked by clk)
Endpoint: _13397_ (removal check against rising-edge clock clk)
Path Group: asynchronous
Path Type: min

Fanout         Cap        Slew       Delay        Time   Description
---------------------------------------------------------------------------------------------
                      0.150000    0.000000    0.000000   clock clk (rise edge)
                                  0.000000    0.000000   clock network delay (ideal)
                                  2.000000    2.000000 v input external delay
    64    0.275200    1.134362    0.833526    2.833526 v rst (in)
                                                         rst (net)
                      1.134362    0.000000    2.833526 v _13333_/A (sky130_fd_sc_hd__inv_2)
     1    0.003263    0.196702    0.264140    3.097666 ^ _13333_/Y (sky130_fd_sc_hd__inv_2)
                                                         _00107_ (net)
                      0.196702    0.000000    3.097666 ^ _13397_/RESET_B (sky130_fd_sc_hd__dfrtp_2)
                                              3.097666   data arrival time

                      0.150000    0.000000    0.000000   clock clk (rise edge)
                                  0.000000    0.000000   clock network delay (ideal)
                                  0.250000    0.250000   clock uncertainty
                                  0.000000    0.250000   clock reconvergence pessimism
                                              0.250000 ^ _13397_/CLK (sky130_fd_sc_hd__dfrtp_2)
                                  0.720353    0.970353   library removal time
                                              0.970353   data required time
---------------------------------------------------------------------------------------------
                                              0.970353   data required time
                                             -3.097666   data arrival time
---------------------------------------------------------------------------------------------
                                              2.127313   slack (MET)


Startpoint: rst (input port clocked by clk)
Endpoint: _13398_ (removal check against rising-edge clock clk)
Path Group: asynchronous
Path Type: min

Fanout         Cap        Slew       Delay        Time   Description
---------------------------------------------------------------------------------------------
                      0.150000    0.000000    0.000000   clock clk (rise edge)
                                  0.000000    0.000000   clock network delay (ideal)
                                  2.000000    2.000000 v input external delay
    64    0.275200    1.134362    0.833526    2.833526 v rst (in)
                                                         rst (net)
                      1.134362    0.000000    2.833526 v _13334_/A (sky130_fd_sc_hd__inv_2)
     1    0.003263    0.196702    0.264140    3.097666 ^ _13334_/Y (sky130_fd_sc_hd__inv_2)
                                                         _00108_ (net)
                      0.196702    0.000000    3.097666 ^ _13398_/RESET_B (sky130_fd_sc_hd__dfrtp_2)
                                              3.097666   data arrival time

                      0.150000    0.000000    0.000000   clock clk (rise edge)
                                  0.000000    0.000000   clock network delay (ideal)
                                  0.250000    0.250000   clock uncertainty
                                  0.000000    0.250000   clock reconvergence pessimism
                                              0.250000 ^ _13398_/CLK (sky130_fd_sc_hd__dfrtp_2)
                                  0.720353    0.970353   library removal time
                                              0.970353   data required time
---------------------------------------------------------------------------------------------
                                              0.970353   data required time
                                             -3.097666   data arrival time
---------------------------------------------------------------------------------------------
                                              2.127313   slack (MET)


Startpoint: rst (input port clocked by clk)
Endpoint: _13399_ (removal check against rising-edge clock clk)
Path Group: asynchronous
Path Type: min

Fanout         Cap        Slew       Delay        Time   Description
---------------------------------------------------------------------------------------------
                      0.150000    0.000000    0.000000   clock clk (rise edge)
                                  0.000000    0.000000   clock network delay (ideal)
                                  2.000000    2.000000 v input external delay
    64    0.275200    1.134362    0.833526    2.833526 v rst (in)
                                                         rst (net)
                      1.134362    0.000000    2.833526 v _13335_/A (sky130_fd_sc_hd__inv_2)
     1    0.003263    0.196702    0.264140    3.097666 ^ _13335_/Y (sky130_fd_sc_hd__inv_2)
                                                         _00109_ (net)
                      0.196702    0.000000    3.097666 ^ _13399_/RESET_B (sky130_fd_sc_hd__dfrtp_2)
                                              3.097666   data arrival time

                      0.150000    0.000000    0.000000   clock clk (rise edge)
                                  0.000000    0.000000   clock network delay (ideal)
                                  0.250000    0.250000   clock uncertainty
                                  0.000000    0.250000   clock reconvergence pessimism
                                              0.250000 ^ _13399_/CLK (sky130_fd_sc_hd__dfrtp_2)
                                  0.720353    0.970353   library removal time
                                              0.970353   data required time
---------------------------------------------------------------------------------------------
                                              0.970353   data required time
                                             -3.097666   data arrival time
---------------------------------------------------------------------------------------------
                                              2.127313   slack (MET)


Startpoint: rst (input port clocked by clk)
Endpoint: _13400_ (removal check against rising-edge clock clk)
Path Group: asynchronous
Path Type: min

Fanout         Cap        Slew       Delay        Time   Description
---------------------------------------------------------------------------------------------
                      0.150000    0.000000    0.000000   clock clk (rise edge)
                                  0.000000    0.000000   clock network delay (ideal)
                                  2.000000    2.000000 v input external delay
    64    0.275200    1.134362    0.833526    2.833526 v rst (in)
                                                         rst (net)
                      1.134362    0.000000    2.833526 v _13336_/A (sky130_fd_sc_hd__inv_2)
     1    0.003263    0.196702    0.264140    3.097666 ^ _13336_/Y (sky130_fd_sc_hd__inv_2)
                                                         _00110_ (net)
                      0.196702    0.000000    3.097666 ^ _13400_/RESET_B (sky130_fd_sc_hd__dfrtp_2)
                                              3.097666   data arrival time

                      0.150000    0.000000    0.000000   clock clk (rise edge)
                                  0.000000    0.000000   clock network delay (ideal)
                                  0.250000    0.250000   clock uncertainty
                                  0.000000    0.250000   clock reconvergence pessimism
                                              0.250000 ^ _13400_/CLK (sky130_fd_sc_hd__dfrtp_2)
                                  0.720353    0.970353   library removal time
                                              0.970353   data required time
---------------------------------------------------------------------------------------------
                                              0.970353   data required time
                                             -3.097666   data arrival time
---------------------------------------------------------------------------------------------
                                              2.127313   slack (MET)


Startpoint: rst (input port clocked by clk)
Endpoint: _13401_ (removal check against rising-edge clock clk)
Path Group: asynchronous
Path Type: min

Fanout         Cap        Slew       Delay        Time   Description
---------------------------------------------------------------------------------------------
                      0.150000    0.000000    0.000000   clock clk (rise edge)
                                  0.000000    0.000000   clock network delay (ideal)
                                  2.000000    2.000000 v input external delay
    64    0.275200    1.134362    0.833526    2.833526 v rst (in)
                                                         rst (net)
                      1.134362    0.000000    2.833526 v _13337_/A (sky130_fd_sc_hd__inv_2)
     1    0.003263    0.196702    0.264140    3.097666 ^ _13337_/Y (sky130_fd_sc_hd__inv_2)
                                                         _00111_ (net)
                      0.196702    0.000000    3.097666 ^ _13401_/RESET_B (sky130_fd_sc_hd__dfrtp_2)
                                              3.097666   data arrival time

                      0.150000    0.000000    0.000000   clock clk (rise edge)
                                  0.000000    0.000000   clock network delay (ideal)
                                  0.250000    0.250000   clock uncertainty
                                  0.000000    0.250000   clock reconvergence pessimism
                                              0.250000 ^ _13401_/CLK (sky130_fd_sc_hd__dfrtp_2)
                                  0.720353    0.970353   library removal time
                                              0.970353   data required time
---------------------------------------------------------------------------------------------
                                              0.970353   data required time
                                             -3.097666   data arrival time
---------------------------------------------------------------------------------------------
                                              2.127313   slack (MET)


Startpoint: rst (input port clocked by clk)
Endpoint: _13402_ (removal check against rising-edge clock clk)
Path Group: asynchronous
Path Type: min

Fanout         Cap        Slew       Delay        Time   Description
---------------------------------------------------------------------------------------------
                      0.150000    0.000000    0.000000   clock clk (rise edge)
                                  0.000000    0.000000   clock network delay (ideal)
                                  2.000000    2.000000 v input external delay
    64    0.275200    1.134362    0.833526    2.833526 v rst (in)
                                                         rst (net)
                      1.134362    0.000000    2.833526 v _13338_/A (sky130_fd_sc_hd__inv_2)
     1    0.003263    0.196702    0.264140    3.097666 ^ _13338_/Y (sky130_fd_sc_hd__inv_2)
                                                         _00112_ (net)
                      0.196702    0.000000    3.097666 ^ _13402_/RESET_B (sky130_fd_sc_hd__dfrtp_2)
                                              3.097666   data arrival time

                      0.150000    0.000000    0.000000   clock clk (rise edge)
                                  0.000000    0.000000   clock network delay (ideal)
                                  0.250000    0.250000   clock uncertainty
                                  0.000000    0.250000   clock reconvergence pessimism
                                              0.250000 ^ _13402_/CLK (sky130_fd_sc_hd__dfrtp_2)
                                  0.720353    0.970353   library removal time
                                              0.970353   data required time
---------------------------------------------------------------------------------------------
                                              0.970353   data required time
                                             -3.097666   data arrival time
---------------------------------------------------------------------------------------------
                                              2.127313   slack (MET)


Startpoint: rst (input port clocked by clk)
Endpoint: _13403_ (removal check against rising-edge clock clk)
Path Group: asynchronous
Path Type: min

Fanout         Cap        Slew       Delay        Time   Description
---------------------------------------------------------------------------------------------
                      0.150000    0.000000    0.000000   clock clk (rise edge)
                                  0.000000    0.000000   clock network delay (ideal)
                                  2.000000    2.000000 v input external delay
    64    0.275200    1.134362    0.833526    2.833526 v rst (in)
                                                         rst (net)
                      1.134362    0.000000    2.833526 v _13339_/A (sky130_fd_sc_hd__inv_2)
     1    0.003263    0.196702    0.264140    3.097666 ^ _13339_/Y (sky130_fd_sc_hd__inv_2)
                                                         _00113_ (net)
                      0.196702    0.000000    3.097666 ^ _13403_/RESET_B (sky130_fd_sc_hd__dfrtp_2)
                                              3.097666   data arrival time

                      0.150000    0.000000    0.000000   clock clk (rise edge)
                                  0.000000    0.000000   clock network delay (ideal)
                                  0.250000    0.250000   clock uncertainty
                                  0.000000    0.250000   clock reconvergence pessimism
                                              0.250000 ^ _13403_/CLK (sky130_fd_sc_hd__dfrtp_2)
                                  0.720353    0.970353   library removal time
                                              0.970353   data required time
---------------------------------------------------------------------------------------------
                                              0.970353   data required time
                                             -3.097666   data arrival time
---------------------------------------------------------------------------------------------
                                              2.127313   slack (MET)


Startpoint: rst (input port clocked by clk)
Endpoint: _13404_ (removal check against rising-edge clock clk)
Path Group: asynchronous
Path Type: min

Fanout         Cap        Slew       Delay        Time   Description
---------------------------------------------------------------------------------------------
                      0.150000    0.000000    0.000000   clock clk (rise edge)
                                  0.000000    0.000000   clock network delay (ideal)
                                  2.000000    2.000000 v input external delay
    64    0.275200    1.134362    0.833526    2.833526 v rst (in)
                                                         rst (net)
                      1.134362    0.000000    2.833526 v _13340_/A (sky130_fd_sc_hd__inv_2)
     1    0.003263    0.196702    0.264140    3.097666 ^ _13340_/Y (sky130_fd_sc_hd__inv_2)
                                                         _00114_ (net)
                      0.196702    0.000000    3.097666 ^ _13404_/RESET_B (sky130_fd_sc_hd__dfrtp_2)
                                              3.097666   data arrival time

                      0.150000    0.000000    0.000000   clock clk (rise edge)
                                  0.000000    0.000000   clock network delay (ideal)
                                  0.250000    0.250000   clock uncertainty
                                  0.000000    0.250000   clock reconvergence pessimism
                                              0.250000 ^ _13404_/CLK (sky130_fd_sc_hd__dfrtp_2)
                                  0.720353    0.970353   library removal time
                                              0.970353   data required time
---------------------------------------------------------------------------------------------
                                              0.970353   data required time
                                             -3.097666   data arrival time
---------------------------------------------------------------------------------------------
                                              2.127313   slack (MET)


Startpoint: rst (input port clocked by clk)
Endpoint: _13405_ (removal check against rising-edge clock clk)
Path Group: asynchronous
Path Type: min

Fanout         Cap        Slew       Delay        Time   Description
---------------------------------------------------------------------------------------------
                      0.150000    0.000000    0.000000   clock clk (rise edge)
                                  0.000000    0.000000   clock network delay (ideal)
                                  2.000000    2.000000 v input external delay
    64    0.275200    1.134362    0.833526    2.833526 v rst (in)
                                                         rst (net)
                      1.134362    0.000000    2.833526 v _13341_/A (sky130_fd_sc_hd__inv_2)
     1    0.003263    0.196702    0.264140    3.097666 ^ _13341_/Y (sky130_fd_sc_hd__inv_2)
                                                         _00115_ (net)
                      0.196702    0.000000    3.097666 ^ _13405_/RESET_B (sky130_fd_sc_hd__dfrtp_2)
                                              3.097666   data arrival time

                      0.150000    0.000000    0.000000   clock clk (rise edge)
                                  0.000000    0.000000   clock network delay (ideal)
                                  0.250000    0.250000   clock uncertainty
                                  0.000000    0.250000   clock reconvergence pessimism
                                              0.250000 ^ _13405_/CLK (sky130_fd_sc_hd__dfrtp_2)
                                  0.720353    0.970353   library removal time
                                              0.970353   data required time
---------------------------------------------------------------------------------------------
                                              0.970353   data required time
                                             -3.097666   data arrival time
---------------------------------------------------------------------------------------------
                                              2.127313   slack (MET)


Startpoint: rst (input port clocked by clk)
Endpoint: _13406_ (removal check against rising-edge clock clk)
Path Group: asynchronous
Path Type: min

Fanout         Cap        Slew       Delay        Time   Description
---------------------------------------------------------------------------------------------
                      0.150000    0.000000    0.000000   clock clk (rise edge)
                                  0.000000    0.000000   clock network delay (ideal)
                                  2.000000    2.000000 v input external delay
    64    0.275200    1.134362    0.833526    2.833526 v rst (in)
                                                         rst (net)
                      1.134362    0.000000    2.833526 v _13342_/A (sky130_fd_sc_hd__inv_2)
     1    0.003263    0.196702    0.264140    3.097666 ^ _13342_/Y (sky130_fd_sc_hd__inv_2)
                                                         _00116_ (net)
                      0.196702    0.000000    3.097666 ^ _13406_/RESET_B (sky130_fd_sc_hd__dfrtp_2)
                                              3.097666   data arrival time

                      0.150000    0.000000    0.000000   clock clk (rise edge)
                                  0.000000    0.000000   clock network delay (ideal)
                                  0.250000    0.250000   clock uncertainty
                                  0.000000    0.250000   clock reconvergence pessimism
                                              0.250000 ^ _13406_/CLK (sky130_fd_sc_hd__dfrtp_2)
                                  0.720353    0.970353   library removal time
                                              0.970353   data required time
---------------------------------------------------------------------------------------------
                                              0.970353   data required time
                                             -3.097666   data arrival time
---------------------------------------------------------------------------------------------
                                              2.127313   slack (MET)


Startpoint: rst (input port clocked by clk)
Endpoint: _13407_ (removal check against rising-edge clock clk)
Path Group: asynchronous
Path Type: min

Fanout         Cap        Slew       Delay        Time   Description
---------------------------------------------------------------------------------------------
                      0.150000    0.000000    0.000000   clock clk (rise edge)
                                  0.000000    0.000000   clock network delay (ideal)
                                  2.000000    2.000000 v input external delay
    64    0.275200    1.134362    0.833526    2.833526 v rst (in)
                                                         rst (net)
                      1.134362    0.000000    2.833526 v _13343_/A (sky130_fd_sc_hd__inv_2)
     1    0.003263    0.196702    0.264140    3.097666 ^ _13343_/Y (sky130_fd_sc_hd__inv_2)
                                                         _00117_ (net)
                      0.196702    0.000000    3.097666 ^ _13407_/RESET_B (sky130_fd_sc_hd__dfrtp_2)
                                              3.097666   data arrival time

                      0.150000    0.000000    0.000000   clock clk (rise edge)
                                  0.000000    0.000000   clock network delay (ideal)
                                  0.250000    0.250000   clock uncertainty
                                  0.000000    0.250000   clock reconvergence pessimism
                                              0.250000 ^ _13407_/CLK (sky130_fd_sc_hd__dfrtp_2)
                                  0.720353    0.970353   library removal time
                                              0.970353   data required time
---------------------------------------------------------------------------------------------
                                              0.970353   data required time
                                             -3.097666   data arrival time
---------------------------------------------------------------------------------------------
                                              2.127313   slack (MET)


Startpoint: rst (input port clocked by clk)
Endpoint: _13408_ (removal check against rising-edge clock clk)
Path Group: asynchronous
Path Type: min

Fanout         Cap        Slew       Delay        Time   Description
---------------------------------------------------------------------------------------------
                      0.150000    0.000000    0.000000   clock clk (rise edge)
                                  0.000000    0.000000   clock network delay (ideal)
                                  2.000000    2.000000 v input external delay
    64    0.275200    1.134362    0.833526    2.833526 v rst (in)
                                                         rst (net)
                      1.134362    0.000000    2.833526 v _13344_/A (sky130_fd_sc_hd__inv_2)
     1    0.003263    0.196702    0.264140    3.097666 ^ _13344_/Y (sky130_fd_sc_hd__inv_2)
                                                         _00118_ (net)
                      0.196702    0.000000    3.097666 ^ _13408_/RESET_B (sky130_fd_sc_hd__dfrtp_2)
                                              3.097666   data arrival time

                      0.150000    0.000000    0.000000   clock clk (rise edge)
                                  0.000000    0.000000   clock network delay (ideal)
                                  0.250000    0.250000   clock uncertainty
                                  0.000000    0.250000   clock reconvergence pessimism
                                              0.250000 ^ _13408_/CLK (sky130_fd_sc_hd__dfrtp_2)
                                  0.720353    0.970353   library removal time
                                              0.970353   data required time
---------------------------------------------------------------------------------------------
                                              0.970353   data required time
                                             -3.097666   data arrival time
---------------------------------------------------------------------------------------------
                                              2.127313   slack (MET)


Startpoint: rst (input port clocked by clk)
Endpoint: _13409_ (removal check against rising-edge clock clk)
Path Group: asynchronous
Path Type: min

Fanout         Cap        Slew       Delay        Time   Description
---------------------------------------------------------------------------------------------
                      0.150000    0.000000    0.000000   clock clk (rise edge)
                                  0.000000    0.000000   clock network delay (ideal)
                                  2.000000    2.000000 v input external delay
    64    0.275200    1.134362    0.833526    2.833526 v rst (in)
                                                         rst (net)
                      1.134362    0.000000    2.833526 v _13345_/A (sky130_fd_sc_hd__inv_2)
     1    0.003263    0.196702    0.264140    3.097666 ^ _13345_/Y (sky130_fd_sc_hd__inv_2)
                                                         _00119_ (net)
                      0.196702    0.000000    3.097666 ^ _13409_/RESET_B (sky130_fd_sc_hd__dfrtp_2)
                                              3.097666   data arrival time

                      0.150000    0.000000    0.000000   clock clk (rise edge)
                                  0.000000    0.000000   clock network delay (ideal)
                                  0.250000    0.250000   clock uncertainty
                                  0.000000    0.250000   clock reconvergence pessimism
                                              0.250000 ^ _13409_/CLK (sky130_fd_sc_hd__dfrtp_2)
                                  0.720353    0.970353   library removal time
                                              0.970353   data required time
---------------------------------------------------------------------------------------------
                                              0.970353   data required time
                                             -3.097666   data arrival time
---------------------------------------------------------------------------------------------
                                              2.127313   slack (MET)


Startpoint: rst (input port clocked by clk)
Endpoint: _13410_ (removal check against rising-edge clock clk)
Path Group: asynchronous
Path Type: min

Fanout         Cap        Slew       Delay        Time   Description
---------------------------------------------------------------------------------------------
                      0.150000    0.000000    0.000000   clock clk (rise edge)
                                  0.000000    0.000000   clock network delay (ideal)
                                  2.000000    2.000000 v input external delay
    64    0.275200    1.134362    0.833526    2.833526 v rst (in)
                                                         rst (net)
                      1.134362    0.000000    2.833526 v _13346_/A (sky130_fd_sc_hd__inv_2)
     1    0.003263    0.196702    0.264140    3.097666 ^ _13346_/Y (sky130_fd_sc_hd__inv_2)
                                                         _00120_ (net)
                      0.196702    0.000000    3.097666 ^ _13410_/RESET_B (sky130_fd_sc_hd__dfrtp_2)
                                              3.097666   data arrival time

                      0.150000    0.000000    0.000000   clock clk (rise edge)
                                  0.000000    0.000000   clock network delay (ideal)
                                  0.250000    0.250000   clock uncertainty
                                  0.000000    0.250000   clock reconvergence pessimism
                                              0.250000 ^ _13410_/CLK (sky130_fd_sc_hd__dfrtp_2)
                                  0.720353    0.970353   library removal time
                                              0.970353   data required time
---------------------------------------------------------------------------------------------
                                              0.970353   data required time
                                             -3.097666   data arrival time
---------------------------------------------------------------------------------------------
                                              2.127313   slack (MET)


Startpoint: rst (input port clocked by clk)
Endpoint: _13411_ (removal check against rising-edge clock clk)
Path Group: asynchronous
Path Type: min

Fanout         Cap        Slew       Delay        Time   Description
---------------------------------------------------------------------------------------------
                      0.150000    0.000000    0.000000   clock clk (rise edge)
                                  0.000000    0.000000   clock network delay (ideal)
                                  2.000000    2.000000 v input external delay
    64    0.275200    1.134362    0.833526    2.833526 v rst (in)
                                                         rst (net)
                      1.134362    0.000000    2.833526 v _13347_/A (sky130_fd_sc_hd__inv_2)
     1    0.003263    0.196702    0.264140    3.097666 ^ _13347_/Y (sky130_fd_sc_hd__inv_2)
                                                         _00121_ (net)
                      0.196702    0.000000    3.097666 ^ _13411_/RESET_B (sky130_fd_sc_hd__dfrtp_2)
                                              3.097666   data arrival time

                      0.150000    0.000000    0.000000   clock clk (rise edge)
                                  0.000000    0.000000   clock network delay (ideal)
                                  0.250000    0.250000   clock uncertainty
                                  0.000000    0.250000   clock reconvergence pessimism
                                              0.250000 ^ _13411_/CLK (sky130_fd_sc_hd__dfrtp_2)
                                  0.720353    0.970353   library removal time
                                              0.970353   data required time
---------------------------------------------------------------------------------------------
                                              0.970353   data required time
                                             -3.097666   data arrival time
---------------------------------------------------------------------------------------------
                                              2.127313   slack (MET)


Startpoint: rst (input port clocked by clk)
Endpoint: _13412_ (removal check against rising-edge clock clk)
Path Group: asynchronous
Path Type: min

Fanout         Cap        Slew       Delay        Time   Description
---------------------------------------------------------------------------------------------
                      0.150000    0.000000    0.000000   clock clk (rise edge)
                                  0.000000    0.000000   clock network delay (ideal)
                                  2.000000    2.000000 v input external delay
    64    0.275200    1.134362    0.833526    2.833526 v rst (in)
                                                         rst (net)
                      1.134362    0.000000    2.833526 v _13348_/A (sky130_fd_sc_hd__inv_2)
     1    0.003263    0.196702    0.264140    3.097666 ^ _13348_/Y (sky130_fd_sc_hd__inv_2)
                                                         _00122_ (net)
                      0.196702    0.000000    3.097666 ^ _13412_/RESET_B (sky130_fd_sc_hd__dfrtp_2)
                                              3.097666   data arrival time

                      0.150000    0.000000    0.000000   clock clk (rise edge)
                                  0.000000    0.000000   clock network delay (ideal)
                                  0.250000    0.250000   clock uncertainty
                                  0.000000    0.250000   clock reconvergence pessimism
                                              0.250000 ^ _13412_/CLK (sky130_fd_sc_hd__dfrtp_2)
                                  0.720353    0.970353   library removal time
                                              0.970353   data required time
---------------------------------------------------------------------------------------------
                                              0.970353   data required time
                                             -3.097666   data arrival time
---------------------------------------------------------------------------------------------
                                              2.127313   slack (MET)


Startpoint: rst (input port clocked by clk)
Endpoint: _13413_ (removal check against rising-edge clock clk)
Path Group: asynchronous
Path Type: min

Fanout         Cap        Slew       Delay        Time   Description
---------------------------------------------------------------------------------------------
                      0.150000    0.000000    0.000000   clock clk (rise edge)
                                  0.000000    0.000000   clock network delay (ideal)
                                  2.000000    2.000000 v input external delay
    64    0.275200    1.134362    0.833526    2.833526 v rst (in)
                                                         rst (net)
                      1.134362    0.000000    2.833526 v _13349_/A (sky130_fd_sc_hd__inv_2)
     1    0.003263    0.196702    0.264140    3.097666 ^ _13349_/Y (sky130_fd_sc_hd__inv_2)
                                                         _00123_ (net)
                      0.196702    0.000000    3.097666 ^ _13413_/RESET_B (sky130_fd_sc_hd__dfrtp_2)
                                              3.097666   data arrival time

                      0.150000    0.000000    0.000000   clock clk (rise edge)
                                  0.000000    0.000000   clock network delay (ideal)
                                  0.250000    0.250000   clock uncertainty
                                  0.000000    0.250000   clock reconvergence pessimism
                                              0.250000 ^ _13413_/CLK (sky130_fd_sc_hd__dfrtp_2)
                                  0.720353    0.970353   library removal time
                                              0.970353   data required time
---------------------------------------------------------------------------------------------
                                              0.970353   data required time
                                             -3.097666   data arrival time
---------------------------------------------------------------------------------------------
                                              2.127313   slack (MET)


Startpoint: rst (input port clocked by clk)
Endpoint: _13414_ (removal check against rising-edge clock clk)
Path Group: asynchronous
Path Type: min

Fanout         Cap        Slew       Delay        Time   Description
---------------------------------------------------------------------------------------------
                      0.150000    0.000000    0.000000   clock clk (rise edge)
                                  0.000000    0.000000   clock network delay (ideal)
                                  2.000000    2.000000 v input external delay
    64    0.275200    1.134362    0.833526    2.833526 v rst (in)
                                                         rst (net)
                      1.134362    0.000000    2.833526 v _13350_/A (sky130_fd_sc_hd__inv_2)
     1    0.003263    0.196702    0.264140    3.097666 ^ _13350_/Y (sky130_fd_sc_hd__inv_2)
                                                         _00124_ (net)
                      0.196702    0.000000    3.097666 ^ _13414_/RESET_B (sky130_fd_sc_hd__dfrtp_2)
                                              3.097666   data arrival time

                      0.150000    0.000000    0.000000   clock clk (rise edge)
                                  0.000000    0.000000   clock network delay (ideal)
                                  0.250000    0.250000   clock uncertainty
                                  0.000000    0.250000   clock reconvergence pessimism
                                              0.250000 ^ _13414_/CLK (sky130_fd_sc_hd__dfrtp_2)
                                  0.720353    0.970353   library removal time
                                              0.970353   data required time
---------------------------------------------------------------------------------------------
                                              0.970353   data required time
                                             -3.097666   data arrival time
---------------------------------------------------------------------------------------------
                                              2.127313   slack (MET)


Startpoint: rst (input port clocked by clk)
Endpoint: _13415_ (removal check against rising-edge clock clk)
Path Group: asynchronous
Path Type: min

Fanout         Cap        Slew       Delay        Time   Description
---------------------------------------------------------------------------------------------
                      0.150000    0.000000    0.000000   clock clk (rise edge)
                                  0.000000    0.000000   clock network delay (ideal)
                                  2.000000    2.000000 v input external delay
    64    0.275200    1.134362    0.833526    2.833526 v rst (in)
                                                         rst (net)
                      1.134362    0.000000    2.833526 v _13351_/A (sky130_fd_sc_hd__inv_2)
     1    0.003263    0.196702    0.264140    3.097666 ^ _13351_/Y (sky130_fd_sc_hd__inv_2)
                                                         _00125_ (net)
                      0.196702    0.000000    3.097666 ^ _13415_/RESET_B (sky130_fd_sc_hd__dfrtp_2)
                                              3.097666   data arrival time

                      0.150000    0.000000    0.000000   clock clk (rise edge)
                                  0.000000    0.000000   clock network delay (ideal)
                                  0.250000    0.250000   clock uncertainty
                                  0.000000    0.250000   clock reconvergence pessimism
                                              0.250000 ^ _13415_/CLK (sky130_fd_sc_hd__dfrtp_2)
                                  0.720353    0.970353   library removal time
                                              0.970353   data required time
---------------------------------------------------------------------------------------------
                                              0.970353   data required time
                                             -3.097666   data arrival time
---------------------------------------------------------------------------------------------
                                              2.127313   slack (MET)


Startpoint: rst (input port clocked by clk)
Endpoint: _13416_ (removal check against rising-edge clock clk)
Path Group: asynchronous
Path Type: min

Fanout         Cap        Slew       Delay        Time   Description
---------------------------------------------------------------------------------------------
                      0.150000    0.000000    0.000000   clock clk (rise edge)
                                  0.000000    0.000000   clock network delay (ideal)
                                  2.000000    2.000000 v input external delay
    64    0.275200    1.134362    0.833526    2.833526 v rst (in)
                                                         rst (net)
                      1.134362    0.000000    2.833526 v _13352_/A (sky130_fd_sc_hd__inv_2)
     1    0.003263    0.196702    0.264140    3.097666 ^ _13352_/Y (sky130_fd_sc_hd__inv_2)
                                                         _00126_ (net)
                      0.196702    0.000000    3.097666 ^ _13416_/RESET_B (sky130_fd_sc_hd__dfrtp_2)
                                              3.097666   data arrival time

                      0.150000    0.000000    0.000000   clock clk (rise edge)
                                  0.000000    0.000000   clock network delay (ideal)
                                  0.250000    0.250000   clock uncertainty
                                  0.000000    0.250000   clock reconvergence pessimism
                                              0.250000 ^ _13416_/CLK (sky130_fd_sc_hd__dfrtp_2)
                                  0.720353    0.970353   library removal time
                                              0.970353   data required time
---------------------------------------------------------------------------------------------
                                              0.970353   data required time
                                             -3.097666   data arrival time
---------------------------------------------------------------------------------------------
                                              2.127313   slack (MET)


Startpoint: rst (input port clocked by clk)
Endpoint: _13417_ (removal check against rising-edge clock clk)
Path Group: asynchronous
Path Type: min

Fanout         Cap        Slew       Delay        Time   Description
---------------------------------------------------------------------------------------------
                      0.150000    0.000000    0.000000   clock clk (rise edge)
                                  0.000000    0.000000   clock network delay (ideal)
                                  2.000000    2.000000 v input external delay
    64    0.275200    1.134362    0.833526    2.833526 v rst (in)
                                                         rst (net)
                      1.134362    0.000000    2.833526 v _13353_/A (sky130_fd_sc_hd__inv_2)
     1    0.003263    0.196702    0.264140    3.097666 ^ _13353_/Y (sky130_fd_sc_hd__inv_2)
                                                         _00127_ (net)
                      0.196702    0.000000    3.097666 ^ _13417_/RESET_B (sky130_fd_sc_hd__dfrtp_2)
                                              3.097666   data arrival time

                      0.150000    0.000000    0.000000   clock clk (rise edge)
                                  0.000000    0.000000   clock network delay (ideal)
                                  0.250000    0.250000   clock uncertainty
                                  0.000000    0.250000   clock reconvergence pessimism
                                              0.250000 ^ _13417_/CLK (sky130_fd_sc_hd__dfrtp_2)
                                  0.720353    0.970353   library removal time
                                              0.970353   data required time
---------------------------------------------------------------------------------------------
                                              0.970353   data required time
                                             -3.097666   data arrival time
---------------------------------------------------------------------------------------------
                                              2.127313   slack (MET)


Startpoint: w10[0] (input port clocked by clk)
Endpoint: _13354_ (rising edge-triggered flip-flop clocked by clk)
Path Group: clk
Path Type: min

Fanout         Cap        Slew       Delay        Time   Description
---------------------------------------------------------------------------------------------
                      0.150000    0.000000    0.000000   clock clk (rise edge)
                                  0.000000    0.000000   clock network delay (ideal)
                                  2.000000    2.000000 ^ input external delay
    18    0.046280    0.336515    0.231734    2.231734 ^ w10[0] (in)
                                                         w10[0] (net)
                      0.336515    0.000000    2.231734 ^ _06710_/A (sky130_fd_sc_hd__nand2_2)
     2    0.005518    0.109811    0.181789    2.413523 v _06710_/Y (sky130_fd_sc_hd__nand2_2)
                                                         _02371_ (net)
                      0.109811    0.000000    2.413523 v _06712_/B1 (sky130_fd_sc_hd__o21ai_2)
     1    0.001460    0.055094    0.086837    2.500360 ^ _06712_/Y (sky130_fd_sc_hd__o21ai_2)
                                                         _02392_ (net)
                      0.055094    0.000000    2.500360 ^ _06713_/B (sky130_fd_sc_hd__and2_2)
     1    0.001853    0.061150    0.244100    2.744460 ^ _06713_/X (sky130_fd_sc_hd__and2_2)
                                                         _00006_ (net)
                      0.061150    0.000000    2.744460 ^ _13354_/D (sky130_fd_sc_hd__dfrtp_2)
                                              2.744460   data arrival time

                      0.150000    0.000000    0.000000   clock clk (rise edge)
                                  0.000000    0.000000   clock network delay (ideal)
                                  0.250000    0.250000   clock uncertainty
                                  0.000000    0.250000   clock reconvergence pessimism
                                              0.250000 ^ _13354_/CLK (sky130_fd_sc_hd__dfrtp_2)
                                 -0.061761    0.188239   library hold time
                                              0.188239   data required time
---------------------------------------------------------------------------------------------
                                              0.188239   data required time
                                             -2.744460   data arrival time
---------------------------------------------------------------------------------------------
                                              2.556221   slack (MET)


Startpoint: w13[0] (input port clocked by clk)
Endpoint: _13402_ (rising edge-triggered flip-flop clocked by clk)
Path Group: clk
Path Type: min

Fanout         Cap        Slew       Delay        Time   Description
---------------------------------------------------------------------------------------------
                      0.150000    0.000000    0.000000   clock clk (rise edge)
                                  0.000000    0.000000   clock network delay (ideal)
                                  2.000000    2.000000 ^ input external delay
    18    0.046428    0.337551    0.232465    2.232465 ^ w13[0] (in)
                                                         w13[0] (net)
                      0.337551    0.000000    2.232465 ^ _08360_/B (sky130_fd_sc_hd__nand2_2)
     2    0.005518    0.091994    0.193038    2.425503 v _08360_/Y (sky130_fd_sc_hd__nand2_2)
                                                         _01092_ (net)
                      0.091994    0.000000    2.425503 v _08362_/B1 (sky130_fd_sc_hd__o21ai_2)
     1    0.001460    0.050762    0.079982    2.505485 ^ _08362_/Y (sky130_fd_sc_hd__o21ai_2)
                                                         _01094_ (net)
                      0.050762    0.000000    2.505485 ^ _08363_/B (sky130_fd_sc_hd__and2_2)
     1    0.001853    0.061130    0.242353    2.747839 ^ _08363_/X (sky130_fd_sc_hd__and2_2)
                                                         _00009_ (net)
                      0.061130    0.000000    2.747839 ^ _13402_/D (sky130_fd_sc_hd__dfrtp_2)
                                              2.747839   data arrival time

                      0.150000    0.000000    0.000000   clock clk (rise edge)
                                  0.000000    0.000000   clock network delay (ideal)
                                  0.250000    0.250000   clock uncertainty
                                  0.000000    0.250000   clock reconvergence pessimism
                                              0.250000 ^ _13402_/CLK (sky130_fd_sc_hd__dfrtp_2)
                                 -0.061756    0.188244   library hold time
                                              0.188244   data required time
---------------------------------------------------------------------------------------------
                                              0.188244   data required time
                                             -2.747839   data arrival time
---------------------------------------------------------------------------------------------
                                              2.559595   slack (MET)


Startpoint: w11[0] (input port clocked by clk)
Endpoint: _13371_ (rising edge-triggered flip-flop clocked by clk)
Path Group: clk
Path Type: min

Fanout         Cap        Slew       Delay        Time   Description
---------------------------------------------------------------------------------------------
                      0.150000    0.000000    0.000000   clock clk (rise edge)
                                  0.000000    0.000000   clock network delay (ideal)
                                  2.000000    2.000000 v input external delay
    18    0.047055    0.203978    0.144186    2.144186 v w11[0] (in)
                                                         w11[0] (net)
                      0.203978    0.000000    2.144186 v _11647_/B (sky130_fd_sc_hd__nand2_2)
     2    0.005913    0.092936    0.174205    2.318391 ^ _11647_/Y (sky130_fd_sc_hd__nand2_2)
                                                         _04580_ (net)
                      0.092936    0.000000    2.318391 ^ _11648_/C (sky130_fd_sc_hd__or3_2)
     3    0.007417    0.082727    0.219398    2.537789 ^ _11648_/X (sky130_fd_sc_hd__or3_2)
                                                         _04581_ (net)
                      0.082727    0.000000    2.537789 ^ _11678_/A (sky130_fd_sc_hd__nor2_2)
     3    0.006874    0.042300    0.084749    2.622538 v _11678_/Y (sky130_fd_sc_hd__nor2_2)
                                                         _04613_ (net)
                      0.042300    0.000000    2.622538 v _11680_/A (sky130_fd_sc_hd__nor2_2)
     1    0.001853    0.086076    0.131844    2.754381 ^ _11680_/Y (sky130_fd_sc_hd__nor2_2)
                                                         _00004_ (net)
                      0.086076    0.000000    2.754381 ^ _13371_/D (sky130_fd_sc_hd__dfrtp_2)
                                              2.754381   data arrival time

                      0.150000    0.000000    0.000000   clock clk (rise edge)
                                  0.000000    0.000000   clock network delay (ideal)
                                  0.250000    0.250000   clock uncertainty
                                  0.000000    0.250000   clock reconvergence pessimism
                                              0.250000 ^ _13371_/CLK (sky130_fd_sc_hd__dfrtp_2)
                                 -0.067424    0.182576   library hold time
                                              0.182576   data required time
---------------------------------------------------------------------------------------------
                                              0.182576   data required time
                                             -2.754381   data arrival time
---------------------------------------------------------------------------------------------
                                              2.571806   slack (MET)


Startpoint: w12[0] (input port clocked by clk)
Endpoint: _13387_ (rising edge-triggered flip-flop clocked by clk)
Path Group: clk
Path Type: min

Fanout         Cap        Slew       Delay        Time   Description
---------------------------------------------------------------------------------------------
                      0.150000    0.000000    0.000000   clock clk (rise edge)
                                  0.000000    0.000000   clock network delay (ideal)
                                  2.000000    2.000000 v input external delay
    18    0.047055    0.203978    0.144186    2.144186 v w12[0] (in)
                                                         w12[0] (net)
                      0.203978    0.000000    2.144186 v _10001_/B (sky130_fd_sc_hd__nand2_2)
     2    0.005913    0.092936    0.174205    2.318391 ^ _10001_/Y (sky130_fd_sc_hd__nand2_2)
                                                         _02786_ (net)
                      0.092936    0.000000    2.318391 ^ _10002_/C (sky130_fd_sc_hd__or3_2)
     3    0.007417    0.082727    0.219398    2.537789 ^ _10002_/X (sky130_fd_sc_hd__or3_2)
                                                         _02787_ (net)
                      0.082727    0.000000    2.537789 ^ _10032_/A (sky130_fd_sc_hd__nor2_2)
     3    0.006874    0.042300    0.084749    2.622538 v _10032_/Y (sky130_fd_sc_hd__nor2_2)
                                                         _02819_ (net)
                      0.042300    0.000000    2.622538 v _10034_/A (sky130_fd_sc_hd__nor2_2)
     1    0.001853    0.086076    0.131844    2.754381 ^ _10034_/Y (sky130_fd_sc_hd__nor2_2)
                                                         _00001_ (net)
                      0.086076    0.000000    2.754381 ^ _13387_/D (sky130_fd_sc_hd__dfrtp_2)
                                              2.754381   data arrival time

                      0.150000    0.000000    0.000000   clock clk (rise edge)
                                  0.000000    0.000000   clock network delay (ideal)
                                  0.250000    0.250000   clock uncertainty
                                  0.000000    0.250000   clock reconvergence pessimism
                                              0.250000 ^ _13387_/CLK (sky130_fd_sc_hd__dfrtp_2)
                                 -0.067424    0.182576   library hold time
                                              0.182576   data required time
---------------------------------------------------------------------------------------------
                                              0.182576   data required time
                                             -2.754381   data arrival time
---------------------------------------------------------------------------------------------
                                              2.571806   slack (MET)


Startpoint: w13[0] (input port clocked by clk)
Endpoint: _13403_ (rising edge-triggered flip-flop clocked by clk)
Path Group: clk
Path Type: min

Fanout         Cap        Slew       Delay        Time   Description
---------------------------------------------------------------------------------------------
                      0.150000    0.000000    0.000000   clock clk (rise edge)
                                  0.000000    0.000000   clock network delay (ideal)
                                  2.000000    2.000000 v input external delay
    18    0.043213    0.187699    0.132447    2.132447 v w13[0] (in)
                                                         w13[0] (net)
                      0.187699    0.000000    2.132447 v _08360_/B (sky130_fd_sc_hd__nand2_2)
     2    0.005913    0.091351    0.166353    2.298800 ^ _08360_/Y (sky130_fd_sc_hd__nand2_2)
                                                         _01092_ (net)
                      0.091351    0.000000    2.298800 ^ _08361_/C (sky130_fd_sc_hd__or3_2)
     3    0.007417    0.082726    0.218652    2.517452 ^ _08361_/X (sky130_fd_sc_hd__or3_2)
                                                         _01093_ (net)
                      0.082726    0.000000    2.517452 ^ _08390_/A (sky130_fd_sc_hd__nor2_2)
     4    0.012055    0.061298    0.101107    2.618559 v _08390_/Y (sky130_fd_sc_hd__nor2_2)
                                                         _01121_ (net)
                      0.061298    0.000000    2.618559 v _08392_/A (sky130_fd_sc_hd__nor2_2)
     1    0.001853    0.086076    0.140262    2.758821 ^ _08392_/Y (sky130_fd_sc_hd__nor2_2)
                                                         _00010_ (net)
                      0.086076    0.000000    2.758821 ^ _13403_/D (sky130_fd_sc_hd__dfrtp_2)
                                              2.758821   data arrival time

                      0.150000    0.000000    0.000000   clock clk (rise edge)
                                  0.000000    0.000000   clock network delay (ideal)
                                  0.250000    0.250000   clock uncertainty
                                  0.000000    0.250000   clock reconvergence pessimism
                                              0.250000 ^ _13403_/CLK (sky130_fd_sc_hd__dfrtp_2)
                                 -0.067424    0.182576   library hold time
                                              0.182576   data required time
---------------------------------------------------------------------------------------------
                                              0.182576   data required time
                                             -2.758821   data arrival time
---------------------------------------------------------------------------------------------
                                              2.576245   slack (MET)


Startpoint: w11[0] (input port clocked by clk)
Endpoint: _13370_ (rising edge-triggered flip-flop clocked by clk)
Path Group: clk
Path Type: min

Fanout         Cap        Slew       Delay        Time   Description
---------------------------------------------------------------------------------------------
                      0.150000    0.000000    0.000000   clock clk (rise edge)
                                  0.000000    0.000000   clock network delay (ideal)
                                  2.000000    2.000000 ^ input external delay
    18    0.050600    0.366778    0.253076    2.253076 ^ w11[0] (in)
                                                         w11[0] (net)
                      0.366778    0.000000    2.253076 ^ _11647_/B (sky130_fd_sc_hd__nand2_2)
     2    0.005518    0.095371    0.200775    2.453851 v _11647_/Y (sky130_fd_sc_hd__nand2_2)
                                                         _04580_ (net)
                      0.095371    0.000000    2.453851 v _11649_/B1 (sky130_fd_sc_hd__o21ai_2)
     1    0.001460    0.051583    0.081281    2.535132 ^ _11649_/Y (sky130_fd_sc_hd__o21ai_2)
                                                         _04582_ (net)
                      0.051583    0.000000    2.535132 ^ _11650_/B (sky130_fd_sc_hd__and2_2)
     1    0.001853    0.061134    0.242685    2.777817 ^ _11650_/X (sky130_fd_sc_hd__and2_2)
                                                         _00003_ (net)
                      0.061134    0.000000    2.777817 ^ _13370_/D (sky130_fd_sc_hd__dfrtp_2)
                                              2.777817   data arrival time

                      0.150000    0.000000    0.000000   clock clk (rise edge)
                                  0.000000    0.000000   clock network delay (ideal)
                                  0.250000    0.250000   clock uncertainty
                                  0.000000    0.250000   clock reconvergence pessimism
                                              0.250000 ^ _13370_/CLK (sky130_fd_sc_hd__dfrtp_2)
                                 -0.061757    0.188243   library hold time
                                              0.188243   data required time
---------------------------------------------------------------------------------------------
                                              0.188243   data required time
                                             -2.777817   data arrival time
---------------------------------------------------------------------------------------------
                                              2.589574   slack (MET)


Startpoint: w12[0] (input port clocked by clk)
Endpoint: _13386_ (rising edge-triggered flip-flop clocked by clk)
Path Group: clk
Path Type: min

Fanout         Cap        Slew       Delay        Time   Description
---------------------------------------------------------------------------------------------
                      0.150000    0.000000    0.000000   clock clk (rise edge)
                                  0.000000    0.000000   clock network delay (ideal)
                                  2.000000    2.000000 ^ input external delay
    18    0.050600    0.366778    0.253076    2.253076 ^ w12[0] (in)
                                                         w12[0] (net)
                      0.366778    0.000000    2.253076 ^ _10001_/B (sky130_fd_sc_hd__nand2_2)
     2    0.005518    0.095371    0.200775    2.453851 v _10001_/Y (sky130_fd_sc_hd__nand2_2)
                                                         _02786_ (net)
                      0.095371    0.000000    2.453851 v _10003_/B1 (sky130_fd_sc_hd__o21ai_2)
     1    0.001460    0.051583    0.081281    2.535132 ^ _10003_/Y (sky130_fd_sc_hd__o21ai_2)
                                                         _02788_ (net)
                      0.051583    0.000000    2.535132 ^ _10004_/B (sky130_fd_sc_hd__and2_2)
     1    0.001853    0.061134    0.242685    2.777817 ^ _10004_/X (sky130_fd_sc_hd__and2_2)
                                                         _00000_ (net)
                      0.061134    0.000000    2.777817 ^ _13386_/D (sky130_fd_sc_hd__dfrtp_2)
                                              2.777817   data arrival time

                      0.150000    0.000000    0.000000   clock clk (rise edge)
                                  0.000000    0.000000   clock network delay (ideal)
                                  0.250000    0.250000   clock uncertainty
                                  0.000000    0.250000   clock reconvergence pessimism
                                              0.250000 ^ _13386_/CLK (sky130_fd_sc_hd__dfrtp_2)
                                 -0.061757    0.188243   library hold time
                                              0.188243   data required time
---------------------------------------------------------------------------------------------
                                              0.188243   data required time
                                             -2.777817   data arrival time
---------------------------------------------------------------------------------------------
                                              2.589574   slack (MET)


Startpoint: _13354_ (rising edge-triggered flip-flop clocked by clk)
Endpoint: out0[0] (output port clocked by clk)
Path Group: clk
Path Type: min

Fanout         Cap        Slew       Delay        Time   Description
---------------------------------------------------------------------------------------------
                      0.150000    0.000000    0.000000   clock clk (rise edge)
                                  0.000000    0.000000   clock network delay (ideal)
                      0.150000    0.000000    0.000000 ^ _13354_/CLK (sky130_fd_sc_hd__dfrtp_2)
     1    0.033442    0.281562    0.906297    0.906297 ^ _13354_/Q (sky130_fd_sc_hd__dfrtp_2)
                                                         out0[0] (net)
                      0.281562    0.000000    0.906297 ^ out0[0] (out)
                                              0.906297   data arrival time

                      0.150000    0.000000    0.000000   clock clk (rise edge)
                                  0.000000    0.000000   clock network delay (ideal)
                                  0.250000    0.250000   clock uncertainty
                                  0.000000    0.250000   clock reconvergence pessimism
                                 -2.000000   -1.750000   output external delay
                                             -1.750000   data required time
---------------------------------------------------------------------------------------------
                                             -1.750000   data required time
                                             -0.906297   data arrival time
---------------------------------------------------------------------------------------------
                                              2.656297   slack (MET)


Startpoint: _13364_ (rising edge-triggered flip-flop clocked by clk)
Endpoint: out0[10] (output port clocked by clk)
Path Group: clk
Path Type: min

Fanout         Cap        Slew       Delay        Time   Description
---------------------------------------------------------------------------------------------
                      0.150000    0.000000    0.000000   clock clk (rise edge)
                                  0.000000    0.000000   clock network delay (ideal)
                      0.150000    0.000000    0.000000 ^ _13364_/CLK (sky130_fd_sc_hd__dfrtp_2)
     1    0.033442    0.281562    0.906297    0.906297 ^ _13364_/Q (sky130_fd_sc_hd__dfrtp_2)
                                                         out0[10] (net)
                      0.281562    0.000000    0.906297 ^ out0[10] (out)
                                              0.906297   data arrival time

                      0.150000    0.000000    0.000000   clock clk (rise edge)
                                  0.000000    0.000000   clock network delay (ideal)
                                  0.250000    0.250000   clock uncertainty
                                  0.000000    0.250000   clock reconvergence pessimism
                                 -2.000000   -1.750000   output external delay
                                             -1.750000   data required time
---------------------------------------------------------------------------------------------
                                             -1.750000   data required time
                                             -0.906297   data arrival time
---------------------------------------------------------------------------------------------
                                              2.656297   slack (MET)


Startpoint: _13365_ (rising edge-triggered flip-flop clocked by clk)
Endpoint: out0[11] (output port clocked by clk)
Path Group: clk
Path Type: min

Fanout         Cap        Slew       Delay        Time   Description
---------------------------------------------------------------------------------------------
                      0.150000    0.000000    0.000000   clock clk (rise edge)
                                  0.000000    0.000000   clock network delay (ideal)
                      0.150000    0.000000    0.000000 ^ _13365_/CLK (sky130_fd_sc_hd__dfrtp_2)
     1    0.033442    0.281562    0.906297    0.906297 ^ _13365_/Q (sky130_fd_sc_hd__dfrtp_2)
                                                         out0[11] (net)
                      0.281562    0.000000    0.906297 ^ out0[11] (out)
                                              0.906297   data arrival time

                      0.150000    0.000000    0.000000   clock clk (rise edge)
                                  0.000000    0.000000   clock network delay (ideal)
                                  0.250000    0.250000   clock uncertainty
                                  0.000000    0.250000   clock reconvergence pessimism
                                 -2.000000   -1.750000   output external delay
                                             -1.750000   data required time
---------------------------------------------------------------------------------------------
                                             -1.750000   data required time
                                             -0.906297   data arrival time
---------------------------------------------------------------------------------------------
                                              2.656297   slack (MET)


Startpoint: _13366_ (rising edge-triggered flip-flop clocked by clk)
Endpoint: out0[12] (output port clocked by clk)
Path Group: clk
Path Type: min

Fanout         Cap        Slew       Delay        Time   Description
---------------------------------------------------------------------------------------------
                      0.150000    0.000000    0.000000   clock clk (rise edge)
                                  0.000000    0.000000   clock network delay (ideal)
                      0.150000    0.000000    0.000000 ^ _13366_/CLK (sky130_fd_sc_hd__dfrtp_2)
     1    0.033442    0.281562    0.906297    0.906297 ^ _13366_/Q (sky130_fd_sc_hd__dfrtp_2)
                                                         out0[12] (net)
                      0.281562    0.000000    0.906297 ^ out0[12] (out)
                                              0.906297   data arrival time

                      0.150000    0.000000    0.000000   clock clk (rise edge)
                                  0.000000    0.000000   clock network delay (ideal)
                                  0.250000    0.250000   clock uncertainty
                                  0.000000    0.250000   clock reconvergence pessimism
                                 -2.000000   -1.750000   output external delay
                                             -1.750000   data required time
---------------------------------------------------------------------------------------------
                                             -1.750000   data required time
                                             -0.906297   data arrival time
---------------------------------------------------------------------------------------------
                                              2.656297   slack (MET)


Startpoint: _13367_ (rising edge-triggered flip-flop clocked by clk)
Endpoint: out0[13] (output port clocked by clk)
Path Group: clk
Path Type: min

Fanout         Cap        Slew       Delay        Time   Description
---------------------------------------------------------------------------------------------
                      0.150000    0.000000    0.000000   clock clk (rise edge)
                                  0.000000    0.000000   clock network delay (ideal)
                      0.150000    0.000000    0.000000 ^ _13367_/CLK (sky130_fd_sc_hd__dfrtp_2)
     1    0.033442    0.281562    0.906297    0.906297 ^ _13367_/Q (sky130_fd_sc_hd__dfrtp_2)
                                                         out0[13] (net)
                      0.281562    0.000000    0.906297 ^ out0[13] (out)
                                              0.906297   data arrival time

                      0.150000    0.000000    0.000000   clock clk (rise edge)
                                  0.000000    0.000000   clock network delay (ideal)
                                  0.250000    0.250000   clock uncertainty
                                  0.000000    0.250000   clock reconvergence pessimism
                                 -2.000000   -1.750000   output external delay
                                             -1.750000   data required time
---------------------------------------------------------------------------------------------
                                             -1.750000   data required time
                                             -0.906297   data arrival time
---------------------------------------------------------------------------------------------
                                              2.656297   slack (MET)


Startpoint: _13368_ (rising edge-triggered flip-flop clocked by clk)
Endpoint: out0[14] (output port clocked by clk)
Path Group: clk
Path Type: min

Fanout         Cap        Slew       Delay        Time   Description
---------------------------------------------------------------------------------------------
                      0.150000    0.000000    0.000000   clock clk (rise edge)
                                  0.000000    0.000000   clock network delay (ideal)
                      0.150000    0.000000    0.000000 ^ _13368_/CLK (sky130_fd_sc_hd__dfrtp_2)
     1    0.033442    0.281562    0.906297    0.906297 ^ _13368_/Q (sky130_fd_sc_hd__dfrtp_2)
                                                         out0[14] (net)
                      0.281562    0.000000    0.906297 ^ out0[14] (out)
                                              0.906297   data arrival time

                      0.150000    0.000000    0.000000   clock clk (rise edge)
                                  0.000000    0.000000   clock network delay (ideal)
                                  0.250000    0.250000   clock uncertainty
                                  0.000000    0.250000   clock reconvergence pessimism
                                 -2.000000   -1.750000   output external delay
                                             -1.750000   data required time
---------------------------------------------------------------------------------------------
                                             -1.750000   data required time
                                             -0.906297   data arrival time
---------------------------------------------------------------------------------------------
                                              2.656297   slack (MET)


Startpoint: _13369_ (rising edge-triggered flip-flop clocked by clk)
Endpoint: out0[15] (output port clocked by clk)
Path Group: clk
Path Type: min

Fanout         Cap        Slew       Delay        Time   Description
---------------------------------------------------------------------------------------------
                      0.150000    0.000000    0.000000   clock clk (rise edge)
                                  0.000000    0.000000   clock network delay (ideal)
                      0.150000    0.000000    0.000000 ^ _13369_/CLK (sky130_fd_sc_hd__dfrtp_2)
     1    0.033442    0.281562    0.906297    0.906297 ^ _13369_/Q (sky130_fd_sc_hd__dfrtp_2)
                                                         out0[15] (net)
                      0.281562    0.000000    0.906297 ^ out0[15] (out)
                                              0.906297   data arrival time

                      0.150000    0.000000    0.000000   clock clk (rise edge)
                                  0.000000    0.000000   clock network delay (ideal)
                                  0.250000    0.250000   clock uncertainty
                                  0.000000    0.250000   clock reconvergence pessimism
                                 -2.000000   -1.750000   output external delay
                                             -1.750000   data required time
---------------------------------------------------------------------------------------------
                                             -1.750000   data required time
                                             -0.906297   data arrival time
---------------------------------------------------------------------------------------------
                                              2.656297   slack (MET)


Startpoint: _13355_ (rising edge-triggered flip-flop clocked by clk)
Endpoint: out0[1] (output port clocked by clk)
Path Group: clk
Path Type: min

Fanout         Cap        Slew       Delay        Time   Description
---------------------------------------------------------------------------------------------
                      0.150000    0.000000    0.000000   clock clk (rise edge)
                                  0.000000    0.000000   clock network delay (ideal)
                      0.150000    0.000000    0.000000 ^ _13355_/CLK (sky130_fd_sc_hd__dfrtp_2)
     1    0.033442    0.281562    0.906297    0.906297 ^ _13355_/Q (sky130_fd_sc_hd__dfrtp_2)
                                                         out0[1] (net)
                      0.281562    0.000000    0.906297 ^ out0[1] (out)
                                              0.906297   data arrival time

                      0.150000    0.000000    0.000000   clock clk (rise edge)
                                  0.000000    0.000000   clock network delay (ideal)
                                  0.250000    0.250000   clock uncertainty
                                  0.000000    0.250000   clock reconvergence pessimism
                                 -2.000000   -1.750000   output external delay
                                             -1.750000   data required time
---------------------------------------------------------------------------------------------
                                             -1.750000   data required time
                                             -0.906297   data arrival time
---------------------------------------------------------------------------------------------
                                              2.656297   slack (MET)


Startpoint: _13356_ (rising edge-triggered flip-flop clocked by clk)
Endpoint: out0[2] (output port clocked by clk)
Path Group: clk
Path Type: min

Fanout         Cap        Slew       Delay        Time   Description
---------------------------------------------------------------------------------------------
                      0.150000    0.000000    0.000000   clock clk (rise edge)
                                  0.000000    0.000000   clock network delay (ideal)
                      0.150000    0.000000    0.000000 ^ _13356_/CLK (sky130_fd_sc_hd__dfrtp_2)
     1    0.033442    0.281562    0.906297    0.906297 ^ _13356_/Q (sky130_fd_sc_hd__dfrtp_2)
                                                         out0[2] (net)
                      0.281562    0.000000    0.906297 ^ out0[2] (out)
                                              0.906297   data arrival time

                      0.150000    0.000000    0.000000   clock clk (rise edge)
                                  0.000000    0.000000   clock network delay (ideal)
                                  0.250000    0.250000   clock uncertainty
                                  0.000000    0.250000   clock reconvergence pessimism
                                 -2.000000   -1.750000   output external delay
                                             -1.750000   data required time
---------------------------------------------------------------------------------------------
                                             -1.750000   data required time
                                             -0.906297   data arrival time
---------------------------------------------------------------------------------------------
                                              2.656297   slack (MET)


Startpoint: _13357_ (rising edge-triggered flip-flop clocked by clk)
Endpoint: out0[3] (output port clocked by clk)
Path Group: clk
Path Type: min

Fanout         Cap        Slew       Delay        Time   Description
---------------------------------------------------------------------------------------------
                      0.150000    0.000000    0.000000   clock clk (rise edge)
                                  0.000000    0.000000   clock network delay (ideal)
                      0.150000    0.000000    0.000000 ^ _13357_/CLK (sky130_fd_sc_hd__dfrtp_2)
     1    0.033442    0.281562    0.906297    0.906297 ^ _13357_/Q (sky130_fd_sc_hd__dfrtp_2)
                                                         out0[3] (net)
                      0.281562    0.000000    0.906297 ^ out0[3] (out)
                                              0.906297   data arrival time

                      0.150000    0.000000    0.000000   clock clk (rise edge)
                                  0.000000    0.000000   clock network delay (ideal)
                                  0.250000    0.250000   clock uncertainty
                                  0.000000    0.250000   clock reconvergence pessimism
                                 -2.000000   -1.750000   output external delay
                                             -1.750000   data required time
---------------------------------------------------------------------------------------------
                                             -1.750000   data required time
                                             -0.906297   data arrival time
---------------------------------------------------------------------------------------------
                                              2.656297   slack (MET)


Startpoint: _13358_ (rising edge-triggered flip-flop clocked by clk)
Endpoint: out0[4] (output port clocked by clk)
Path Group: clk
Path Type: min

Fanout         Cap        Slew       Delay        Time   Description
---------------------------------------------------------------------------------------------
                      0.150000    0.000000    0.000000   clock clk (rise edge)
                                  0.000000    0.000000   clock network delay (ideal)
                      0.150000    0.000000    0.000000 ^ _13358_/CLK (sky130_fd_sc_hd__dfrtp_2)
     1    0.033442    0.281562    0.906297    0.906297 ^ _13358_/Q (sky130_fd_sc_hd__dfrtp_2)
                                                         out0[4] (net)
                      0.281562    0.000000    0.906297 ^ out0[4] (out)
                                              0.906297   data arrival time

                      0.150000    0.000000    0.000000   clock clk (rise edge)
                                  0.000000    0.000000   clock network delay (ideal)
                                  0.250000    0.250000   clock uncertainty
                                  0.000000    0.250000   clock reconvergence pessimism
                                 -2.000000   -1.750000   output external delay
                                             -1.750000   data required time
---------------------------------------------------------------------------------------------
                                             -1.750000   data required time
                                             -0.906297   data arrival time
---------------------------------------------------------------------------------------------
                                              2.656297   slack (MET)


Startpoint: _13359_ (rising edge-triggered flip-flop clocked by clk)
Endpoint: out0[5] (output port clocked by clk)
Path Group: clk
Path Type: min

Fanout         Cap        Slew       Delay        Time   Description
---------------------------------------------------------------------------------------------
                      0.150000    0.000000    0.000000   clock clk (rise edge)
                                  0.000000    0.000000   clock network delay (ideal)
                      0.150000    0.000000    0.000000 ^ _13359_/CLK (sky130_fd_sc_hd__dfrtp_2)
     1    0.033442    0.281562    0.906297    0.906297 ^ _13359_/Q (sky130_fd_sc_hd__dfrtp_2)
                                                         out0[5] (net)
                      0.281562    0.000000    0.906297 ^ out0[5] (out)
                                              0.906297   data arrival time

                      0.150000    0.000000    0.000000   clock clk (rise edge)
                                  0.000000    0.000000   clock network delay (ideal)
                                  0.250000    0.250000   clock uncertainty
                                  0.000000    0.250000   clock reconvergence pessimism
                                 -2.000000   -1.750000   output external delay
                                             -1.750000   data required time
---------------------------------------------------------------------------------------------
                                             -1.750000   data required time
                                             -0.906297   data arrival time
---------------------------------------------------------------------------------------------
                                              2.656297   slack (MET)


Startpoint: _13360_ (rising edge-triggered flip-flop clocked by clk)
Endpoint: out0[6] (output port clocked by clk)
Path Group: clk
Path Type: min

Fanout         Cap        Slew       Delay        Time   Description
---------------------------------------------------------------------------------------------
                      0.150000    0.000000    0.000000   clock clk (rise edge)
                                  0.000000    0.000000   clock network delay (ideal)
                      0.150000    0.000000    0.000000 ^ _13360_/CLK (sky130_fd_sc_hd__dfrtp_2)
     1    0.033442    0.281562    0.906297    0.906297 ^ _13360_/Q (sky130_fd_sc_hd__dfrtp_2)
                                                         out0[6] (net)
                      0.281562    0.000000    0.906297 ^ out0[6] (out)
                                              0.906297   data arrival time

                      0.150000    0.000000    0.000000   clock clk (rise edge)
                                  0.000000    0.000000   clock network delay (ideal)
                                  0.250000    0.250000   clock uncertainty
                                  0.000000    0.250000   clock reconvergence pessimism
                                 -2.000000   -1.750000   output external delay
                                             -1.750000   data required time
---------------------------------------------------------------------------------------------
                                             -1.750000   data required time
                                             -0.906297   data arrival time
---------------------------------------------------------------------------------------------
                                              2.656297   slack (MET)


Startpoint: _13361_ (rising edge-triggered flip-flop clocked by clk)
Endpoint: out0[7] (output port clocked by clk)
Path Group: clk
Path Type: min

Fanout         Cap        Slew       Delay        Time   Description
---------------------------------------------------------------------------------------------
                      0.150000    0.000000    0.000000   clock clk (rise edge)
                                  0.000000    0.000000   clock network delay (ideal)
                      0.150000    0.000000    0.000000 ^ _13361_/CLK (sky130_fd_sc_hd__dfrtp_2)
     1    0.033442    0.281562    0.906297    0.906297 ^ _13361_/Q (sky130_fd_sc_hd__dfrtp_2)
                                                         out0[7] (net)
                      0.281562    0.000000    0.906297 ^ out0[7] (out)
                                              0.906297   data arrival time

                      0.150000    0.000000    0.000000   clock clk (rise edge)
                                  0.000000    0.000000   clock network delay (ideal)
                                  0.250000    0.250000   clock uncertainty
                                  0.000000    0.250000   clock reconvergence pessimism
                                 -2.000000   -1.750000   output external delay
                                             -1.750000   data required time
---------------------------------------------------------------------------------------------
                                             -1.750000   data required time
                                             -0.906297   data arrival time
---------------------------------------------------------------------------------------------
                                              2.656297   slack (MET)


Startpoint: _13362_ (rising edge-triggered flip-flop clocked by clk)
Endpoint: out0[8] (output port clocked by clk)
Path Group: clk
Path Type: min

Fanout         Cap        Slew       Delay        Time   Description
---------------------------------------------------------------------------------------------
                      0.150000    0.000000    0.000000   clock clk (rise edge)
                                  0.000000    0.000000   clock network delay (ideal)
                      0.150000    0.000000    0.000000 ^ _13362_/CLK (sky130_fd_sc_hd__dfrtp_2)
     1    0.033442    0.281562    0.906297    0.906297 ^ _13362_/Q (sky130_fd_sc_hd__dfrtp_2)
                                                         out0[8] (net)
                      0.281562    0.000000    0.906297 ^ out0[8] (out)
                                              0.906297   data arrival time

                      0.150000    0.000000    0.000000   clock clk (rise edge)
                                  0.000000    0.000000   clock network delay (ideal)
                                  0.250000    0.250000   clock uncertainty
                                  0.000000    0.250000   clock reconvergence pessimism
                                 -2.000000   -1.750000   output external delay
                                             -1.750000   data required time
---------------------------------------------------------------------------------------------
                                             -1.750000   data required time
                                             -0.906297   data arrival time
---------------------------------------------------------------------------------------------
                                              2.656297   slack (MET)


Startpoint: _13363_ (rising edge-triggered flip-flop clocked by clk)
Endpoint: out0[9] (output port clocked by clk)
Path Group: clk
Path Type: min

Fanout         Cap        Slew       Delay        Time   Description
---------------------------------------------------------------------------------------------
                      0.150000    0.000000    0.000000   clock clk (rise edge)
                                  0.000000    0.000000   clock network delay (ideal)
                      0.150000    0.000000    0.000000 ^ _13363_/CLK (sky130_fd_sc_hd__dfrtp_2)
     1    0.033442    0.281562    0.906297    0.906297 ^ _13363_/Q (sky130_fd_sc_hd__dfrtp_2)
                                                         out0[9] (net)
                      0.281562    0.000000    0.906297 ^ out0[9] (out)
                                              0.906297   data arrival time

                      0.150000    0.000000    0.000000   clock clk (rise edge)
                                  0.000000    0.000000   clock network delay (ideal)
                                  0.250000    0.250000   clock uncertainty
                                  0.000000    0.250000   clock reconvergence pessimism
                                 -2.000000   -1.750000   output external delay
                                             -1.750000   data required time
---------------------------------------------------------------------------------------------
                                             -1.750000   data required time
                                             -0.906297   data arrival time
---------------------------------------------------------------------------------------------
                                              2.656297   slack (MET)


Startpoint: _13370_ (rising edge-triggered flip-flop clocked by clk)
Endpoint: out1[0] (output port clocked by clk)
Path Group: clk
Path Type: min

Fanout         Cap        Slew       Delay        Time   Description
---------------------------------------------------------------------------------------------
                      0.150000    0.000000    0.000000   clock clk (rise edge)
                                  0.000000    0.000000   clock network delay (ideal)
                      0.150000    0.000000    0.000000 ^ _13370_/CLK (sky130_fd_sc_hd__dfrtp_2)
     1    0.033442    0.281562    0.906297    0.906297 ^ _13370_/Q (sky130_fd_sc_hd__dfrtp_2)
                                                         out1[0] (net)
                      0.281562    0.000000    0.906297 ^ out1[0] (out)
                                              0.906297   data arrival time

                      0.150000    0.000000    0.000000   clock clk (rise edge)
                                  0.000000    0.000000   clock network delay (ideal)
                                  0.250000    0.250000   clock uncertainty
                                  0.000000    0.250000   clock reconvergence pessimism
                                 -2.000000   -1.750000   output external delay
                                             -1.750000   data required time
---------------------------------------------------------------------------------------------
                                             -1.750000   data required time
                                             -0.906297   data arrival time
---------------------------------------------------------------------------------------------
                                              2.656297   slack (MET)


Startpoint: _13380_ (rising edge-triggered flip-flop clocked by clk)
Endpoint: out1[10] (output port clocked by clk)
Path Group: clk
Path Type: min

Fanout         Cap        Slew       Delay        Time   Description
---------------------------------------------------------------------------------------------
                      0.150000    0.000000    0.000000   clock clk (rise edge)
                                  0.000000    0.000000   clock network delay (ideal)
                      0.150000    0.000000    0.000000 ^ _13380_/CLK (sky130_fd_sc_hd__dfrtp_2)
     1    0.033442    0.281562    0.906297    0.906297 ^ _13380_/Q (sky130_fd_sc_hd__dfrtp_2)
                                                         out1[10] (net)
                      0.281562    0.000000    0.906297 ^ out1[10] (out)
                                              0.906297   data arrival time

                      0.150000    0.000000    0.000000   clock clk (rise edge)
                                  0.000000    0.000000   clock network delay (ideal)
                                  0.250000    0.250000   clock uncertainty
                                  0.000000    0.250000   clock reconvergence pessimism
                                 -2.000000   -1.750000   output external delay
                                             -1.750000   data required time
---------------------------------------------------------------------------------------------
                                             -1.750000   data required time
                                             -0.906297   data arrival time
---------------------------------------------------------------------------------------------
                                              2.656297   slack (MET)


Startpoint: _13381_ (rising edge-triggered flip-flop clocked by clk)
Endpoint: out1[11] (output port clocked by clk)
Path Group: clk
Path Type: min

Fanout         Cap        Slew       Delay        Time   Description
---------------------------------------------------------------------------------------------
                      0.150000    0.000000    0.000000   clock clk (rise edge)
                                  0.000000    0.000000   clock network delay (ideal)
                      0.150000    0.000000    0.000000 ^ _13381_/CLK (sky130_fd_sc_hd__dfrtp_2)
     1    0.033442    0.281562    0.906297    0.906297 ^ _13381_/Q (sky130_fd_sc_hd__dfrtp_2)
                                                         out1[11] (net)
                      0.281562    0.000000    0.906297 ^ out1[11] (out)
                                              0.906297   data arrival time

                      0.150000    0.000000    0.000000   clock clk (rise edge)
                                  0.000000    0.000000   clock network delay (ideal)
                                  0.250000    0.250000   clock uncertainty
                                  0.000000    0.250000   clock reconvergence pessimism
                                 -2.000000   -1.750000   output external delay
                                             -1.750000   data required time
---------------------------------------------------------------------------------------------
                                             -1.750000   data required time
                                             -0.906297   data arrival time
---------------------------------------------------------------------------------------------
                                              2.656297   slack (MET)


Startpoint: _13382_ (rising edge-triggered flip-flop clocked by clk)
Endpoint: out1[12] (output port clocked by clk)
Path Group: clk
Path Type: min

Fanout         Cap        Slew       Delay        Time   Description
---------------------------------------------------------------------------------------------
                      0.150000    0.000000    0.000000   clock clk (rise edge)
                                  0.000000    0.000000   clock network delay (ideal)
                      0.150000    0.000000    0.000000 ^ _13382_/CLK (sky130_fd_sc_hd__dfrtp_2)
     1    0.033442    0.281562    0.906297    0.906297 ^ _13382_/Q (sky130_fd_sc_hd__dfrtp_2)
                                                         out1[12] (net)
                      0.281562    0.000000    0.906297 ^ out1[12] (out)
                                              0.906297   data arrival time

                      0.150000    0.000000    0.000000   clock clk (rise edge)
                                  0.000000    0.000000   clock network delay (ideal)
                                  0.250000    0.250000   clock uncertainty
                                  0.000000    0.250000   clock reconvergence pessimism
                                 -2.000000   -1.750000   output external delay
                                             -1.750000   data required time
---------------------------------------------------------------------------------------------
                                             -1.750000   data required time
                                             -0.906297   data arrival time
---------------------------------------------------------------------------------------------
                                              2.656297   slack (MET)


Startpoint: _13383_ (rising edge-triggered flip-flop clocked by clk)
Endpoint: out1[13] (output port clocked by clk)
Path Group: clk
Path Type: min

Fanout         Cap        Slew       Delay        Time   Description
---------------------------------------------------------------------------------------------
                      0.150000    0.000000    0.000000   clock clk (rise edge)
                                  0.000000    0.000000   clock network delay (ideal)
                      0.150000    0.000000    0.000000 ^ _13383_/CLK (sky130_fd_sc_hd__dfrtp_2)
     1    0.033442    0.281562    0.906297    0.906297 ^ _13383_/Q (sky130_fd_sc_hd__dfrtp_2)
                                                         out1[13] (net)
                      0.281562    0.000000    0.906297 ^ out1[13] (out)
                                              0.906297   data arrival time

                      0.150000    0.000000    0.000000   clock clk (rise edge)
                                  0.000000    0.000000   clock network delay (ideal)
                                  0.250000    0.250000   clock uncertainty
                                  0.000000    0.250000   clock reconvergence pessimism
                                 -2.000000   -1.750000   output external delay
                                             -1.750000   data required time
---------------------------------------------------------------------------------------------
                                             -1.750000   data required time
                                             -0.906297   data arrival time
---------------------------------------------------------------------------------------------
                                              2.656297   slack (MET)


Startpoint: _13384_ (rising edge-triggered flip-flop clocked by clk)
Endpoint: out1[14] (output port clocked by clk)
Path Group: clk
Path Type: min

Fanout         Cap        Slew       Delay        Time   Description
---------------------------------------------------------------------------------------------
                      0.150000    0.000000    0.000000   clock clk (rise edge)
                                  0.000000    0.000000   clock network delay (ideal)
                      0.150000    0.000000    0.000000 ^ _13384_/CLK (sky130_fd_sc_hd__dfrtp_2)
     1    0.033442    0.281562    0.906297    0.906297 ^ _13384_/Q (sky130_fd_sc_hd__dfrtp_2)
                                                         out1[14] (net)
                      0.281562    0.000000    0.906297 ^ out1[14] (out)
                                              0.906297   data arrival time

                      0.150000    0.000000    0.000000   clock clk (rise edge)
                                  0.000000    0.000000   clock network delay (ideal)
                                  0.250000    0.250000   clock uncertainty
                                  0.000000    0.250000   clock reconvergence pessimism
                                 -2.000000   -1.750000   output external delay
                                             -1.750000   data required time
---------------------------------------------------------------------------------------------
                                             -1.750000   data required time
                                             -0.906297   data arrival time
---------------------------------------------------------------------------------------------
                                              2.656297   slack (MET)


Startpoint: _13385_ (rising edge-triggered flip-flop clocked by clk)
Endpoint: out1[15] (output port clocked by clk)
Path Group: clk
Path Type: min

Fanout         Cap        Slew       Delay        Time   Description
---------------------------------------------------------------------------------------------
                      0.150000    0.000000    0.000000   clock clk (rise edge)
                                  0.000000    0.000000   clock network delay (ideal)
                      0.150000    0.000000    0.000000 ^ _13385_/CLK (sky130_fd_sc_hd__dfrtp_2)
     1    0.033442    0.281562    0.906297    0.906297 ^ _13385_/Q (sky130_fd_sc_hd__dfrtp_2)
                                                         out1[15] (net)
                      0.281562    0.000000    0.906297 ^ out1[15] (out)
                                              0.906297   data arrival time

                      0.150000    0.000000    0.000000   clock clk (rise edge)
                                  0.000000    0.000000   clock network delay (ideal)
                                  0.250000    0.250000   clock uncertainty
                                  0.000000    0.250000   clock reconvergence pessimism
                                 -2.000000   -1.750000   output external delay
                                             -1.750000   data required time
---------------------------------------------------------------------------------------------
                                             -1.750000   data required time
                                             -0.906297   data arrival time
---------------------------------------------------------------------------------------------
                                              2.656297   slack (MET)


Startpoint: _13371_ (rising edge-triggered flip-flop clocked by clk)
Endpoint: out1[1] (output port clocked by clk)
Path Group: clk
Path Type: min

Fanout         Cap        Slew       Delay        Time   Description
---------------------------------------------------------------------------------------------
                      0.150000    0.000000    0.000000   clock clk (rise edge)
                                  0.000000    0.000000   clock network delay (ideal)
                      0.150000    0.000000    0.000000 ^ _13371_/CLK (sky130_fd_sc_hd__dfrtp_2)
     1    0.033442    0.281562    0.906297    0.906297 ^ _13371_/Q (sky130_fd_sc_hd__dfrtp_2)
                                                         out1[1] (net)
                      0.281562    0.000000    0.906297 ^ out1[1] (out)
                                              0.906297   data arrival time

                      0.150000    0.000000    0.000000   clock clk (rise edge)
                                  0.000000    0.000000   clock network delay (ideal)
                                  0.250000    0.250000   clock uncertainty
                                  0.000000    0.250000   clock reconvergence pessimism
                                 -2.000000   -1.750000   output external delay
                                             -1.750000   data required time
---------------------------------------------------------------------------------------------
                                             -1.750000   data required time
                                             -0.906297   data arrival time
---------------------------------------------------------------------------------------------
                                              2.656297   slack (MET)


Startpoint: _13372_ (rising edge-triggered flip-flop clocked by clk)
Endpoint: out1[2] (output port clocked by clk)
Path Group: clk
Path Type: min

Fanout         Cap        Slew       Delay        Time   Description
---------------------------------------------------------------------------------------------
                      0.150000    0.000000    0.000000   clock clk (rise edge)
                                  0.000000    0.000000   clock network delay (ideal)
                      0.150000    0.000000    0.000000 ^ _13372_/CLK (sky130_fd_sc_hd__dfrtp_2)
     1    0.033442    0.281562    0.906297    0.906297 ^ _13372_/Q (sky130_fd_sc_hd__dfrtp_2)
                                                         out1[2] (net)
                      0.281562    0.000000    0.906297 ^ out1[2] (out)
                                              0.906297   data arrival time

                      0.150000    0.000000    0.000000   clock clk (rise edge)
                                  0.000000    0.000000   clock network delay (ideal)
                                  0.250000    0.250000   clock uncertainty
                                  0.000000    0.250000   clock reconvergence pessimism
                                 -2.000000   -1.750000   output external delay
                                             -1.750000   data required time
---------------------------------------------------------------------------------------------
                                             -1.750000   data required time
                                             -0.906297   data arrival time
---------------------------------------------------------------------------------------------
                                              2.656297   slack (MET)


Startpoint: _13373_ (rising edge-triggered flip-flop clocked by clk)
Endpoint: out1[3] (output port clocked by clk)
Path Group: clk
Path Type: min

Fanout         Cap        Slew       Delay        Time   Description
---------------------------------------------------------------------------------------------
                      0.150000    0.000000    0.000000   clock clk (rise edge)
                                  0.000000    0.000000   clock network delay (ideal)
                      0.150000    0.000000    0.000000 ^ _13373_/CLK (sky130_fd_sc_hd__dfrtp_2)
     1    0.033442    0.281562    0.906297    0.906297 ^ _13373_/Q (sky130_fd_sc_hd__dfrtp_2)
                                                         out1[3] (net)
                      0.281562    0.000000    0.906297 ^ out1[3] (out)
                                              0.906297   data arrival time

                      0.150000    0.000000    0.000000   clock clk (rise edge)
                                  0.000000    0.000000   clock network delay (ideal)
                                  0.250000    0.250000   clock uncertainty
                                  0.000000    0.250000   clock reconvergence pessimism
                                 -2.000000   -1.750000   output external delay
                                             -1.750000   data required time
---------------------------------------------------------------------------------------------
                                             -1.750000   data required time
                                             -0.906297   data arrival time
---------------------------------------------------------------------------------------------
                                              2.656297   slack (MET)


Startpoint: _13374_ (rising edge-triggered flip-flop clocked by clk)
Endpoint: out1[4] (output port clocked by clk)
Path Group: clk
Path Type: min

Fanout         Cap        Slew       Delay        Time   Description
---------------------------------------------------------------------------------------------
                      0.150000    0.000000    0.000000   clock clk (rise edge)
                                  0.000000    0.000000   clock network delay (ideal)
                      0.150000    0.000000    0.000000 ^ _13374_/CLK (sky130_fd_sc_hd__dfrtp_2)
     1    0.033442    0.281562    0.906297    0.906297 ^ _13374_/Q (sky130_fd_sc_hd__dfrtp_2)
                                                         out1[4] (net)
                      0.281562    0.000000    0.906297 ^ out1[4] (out)
                                              0.906297   data arrival time

                      0.150000    0.000000    0.000000   clock clk (rise edge)
                                  0.000000    0.000000   clock network delay (ideal)
                                  0.250000    0.250000   clock uncertainty
                                  0.000000    0.250000   clock reconvergence pessimism
                                 -2.000000   -1.750000   output external delay
                                             -1.750000   data required time
---------------------------------------------------------------------------------------------
                                             -1.750000   data required time
                                             -0.906297   data arrival time
---------------------------------------------------------------------------------------------
                                              2.656297   slack (MET)


Startpoint: _13375_ (rising edge-triggered flip-flop clocked by clk)
Endpoint: out1[5] (output port clocked by clk)
Path Group: clk
Path Type: min

Fanout         Cap        Slew       Delay        Time   Description
---------------------------------------------------------------------------------------------
                      0.150000    0.000000    0.000000   clock clk (rise edge)
                                  0.000000    0.000000   clock network delay (ideal)
                      0.150000    0.000000    0.000000 ^ _13375_/CLK (sky130_fd_sc_hd__dfrtp_2)
     1    0.033442    0.281562    0.906297    0.906297 ^ _13375_/Q (sky130_fd_sc_hd__dfrtp_2)
                                                         out1[5] (net)
                      0.281562    0.000000    0.906297 ^ out1[5] (out)
                                              0.906297   data arrival time

                      0.150000    0.000000    0.000000   clock clk (rise edge)
                                  0.000000    0.000000   clock network delay (ideal)
                                  0.250000    0.250000   clock uncertainty
                                  0.000000    0.250000   clock reconvergence pessimism
                                 -2.000000   -1.750000   output external delay
                                             -1.750000   data required time
---------------------------------------------------------------------------------------------
                                             -1.750000   data required time
                                             -0.906297   data arrival time
---------------------------------------------------------------------------------------------
                                              2.656297   slack (MET)


Startpoint: _13376_ (rising edge-triggered flip-flop clocked by clk)
Endpoint: out1[6] (output port clocked by clk)
Path Group: clk
Path Type: min

Fanout         Cap        Slew       Delay        Time   Description
---------------------------------------------------------------------------------------------
                      0.150000    0.000000    0.000000   clock clk (rise edge)
                                  0.000000    0.000000   clock network delay (ideal)
                      0.150000    0.000000    0.000000 ^ _13376_/CLK (sky130_fd_sc_hd__dfrtp_2)
     1    0.033442    0.281562    0.906297    0.906297 ^ _13376_/Q (sky130_fd_sc_hd__dfrtp_2)
                                                         out1[6] (net)
                      0.281562    0.000000    0.906297 ^ out1[6] (out)
                                              0.906297   data arrival time

                      0.150000    0.000000    0.000000   clock clk (rise edge)
                                  0.000000    0.000000   clock network delay (ideal)
                                  0.250000    0.250000   clock uncertainty
                                  0.000000    0.250000   clock reconvergence pessimism
                                 -2.000000   -1.750000   output external delay
                                             -1.750000   data required time
---------------------------------------------------------------------------------------------
                                             -1.750000   data required time
                                             -0.906297   data arrival time
---------------------------------------------------------------------------------------------
                                              2.656297   slack (MET)


Startpoint: _13377_ (rising edge-triggered flip-flop clocked by clk)
Endpoint: out1[7] (output port clocked by clk)
Path Group: clk
Path Type: min

Fanout         Cap        Slew       Delay        Time   Description
---------------------------------------------------------------------------------------------
                      0.150000    0.000000    0.000000   clock clk (rise edge)
                                  0.000000    0.000000   clock network delay (ideal)
                      0.150000    0.000000    0.000000 ^ _13377_/CLK (sky130_fd_sc_hd__dfrtp_2)
     1    0.033442    0.281562    0.906297    0.906297 ^ _13377_/Q (sky130_fd_sc_hd__dfrtp_2)
                                                         out1[7] (net)
                      0.281562    0.000000    0.906297 ^ out1[7] (out)
                                              0.906297   data arrival time

                      0.150000    0.000000    0.000000   clock clk (rise edge)
                                  0.000000    0.000000   clock network delay (ideal)
                                  0.250000    0.250000   clock uncertainty
                                  0.000000    0.250000   clock reconvergence pessimism
                                 -2.000000   -1.750000   output external delay
                                             -1.750000   data required time
---------------------------------------------------------------------------------------------
                                             -1.750000   data required time
                                             -0.906297   data arrival time
---------------------------------------------------------------------------------------------
                                              2.656297   slack (MET)


Startpoint: _13378_ (rising edge-triggered flip-flop clocked by clk)
Endpoint: out1[8] (output port clocked by clk)
Path Group: clk
Path Type: min

Fanout         Cap        Slew       Delay        Time   Description
---------------------------------------------------------------------------------------------
                      0.150000    0.000000    0.000000   clock clk (rise edge)
                                  0.000000    0.000000   clock network delay (ideal)
                      0.150000    0.000000    0.000000 ^ _13378_/CLK (sky130_fd_sc_hd__dfrtp_2)
     1    0.033442    0.281562    0.906297    0.906297 ^ _13378_/Q (sky130_fd_sc_hd__dfrtp_2)
                                                         out1[8] (net)
                      0.281562    0.000000    0.906297 ^ out1[8] (out)
                                              0.906297   data arrival time

                      0.150000    0.000000    0.000000   clock clk (rise edge)
                                  0.000000    0.000000   clock network delay (ideal)
                                  0.250000    0.250000   clock uncertainty
                                  0.000000    0.250000   clock reconvergence pessimism
                                 -2.000000   -1.750000   output external delay
                                             -1.750000   data required time
---------------------------------------------------------------------------------------------
                                             -1.750000   data required time
                                             -0.906297   data arrival time
---------------------------------------------------------------------------------------------
                                              2.656297   slack (MET)


Startpoint: _13379_ (rising edge-triggered flip-flop clocked by clk)
Endpoint: out1[9] (output port clocked by clk)
Path Group: clk
Path Type: min

Fanout         Cap        Slew       Delay        Time   Description
---------------------------------------------------------------------------------------------
                      0.150000    0.000000    0.000000   clock clk (rise edge)
                                  0.000000    0.000000   clock network delay (ideal)
                      0.150000    0.000000    0.000000 ^ _13379_/CLK (sky130_fd_sc_hd__dfrtp_2)
     1    0.033442    0.281562    0.906297    0.906297 ^ _13379_/Q (sky130_fd_sc_hd__dfrtp_2)
                                                         out1[9] (net)
                      0.281562    0.000000    0.906297 ^ out1[9] (out)
                                              0.906297   data arrival time

                      0.150000    0.000000    0.000000   clock clk (rise edge)
                                  0.000000    0.000000   clock network delay (ideal)
                                  0.250000    0.250000   clock uncertainty
                                  0.000000    0.250000   clock reconvergence pessimism
                                 -2.000000   -1.750000   output external delay
                                             -1.750000   data required time
---------------------------------------------------------------------------------------------
                                             -1.750000   data required time
                                             -0.906297   data arrival time
---------------------------------------------------------------------------------------------
                                              2.656297   slack (MET)


Startpoint: _13386_ (rising edge-triggered flip-flop clocked by clk)
Endpoint: out2[0] (output port clocked by clk)
Path Group: clk
Path Type: min

Fanout         Cap        Slew       Delay        Time   Description
---------------------------------------------------------------------------------------------
                      0.150000    0.000000    0.000000   clock clk (rise edge)
                                  0.000000    0.000000   clock network delay (ideal)
                      0.150000    0.000000    0.000000 ^ _13386_/CLK (sky130_fd_sc_hd__dfrtp_2)
     1    0.033442    0.281562    0.906297    0.906297 ^ _13386_/Q (sky130_fd_sc_hd__dfrtp_2)
                                                         out2[0] (net)
                      0.281562    0.000000    0.906297 ^ out2[0] (out)
                                              0.906297   data arrival time

                      0.150000    0.000000    0.000000   clock clk (rise edge)
                                  0.000000    0.000000   clock network delay (ideal)
                                  0.250000    0.250000   clock uncertainty
                                  0.000000    0.250000   clock reconvergence pessimism
                                 -2.000000   -1.750000   output external delay
                                             -1.750000   data required time
---------------------------------------------------------------------------------------------
                                             -1.750000   data required time
                                             -0.906297   data arrival time
---------------------------------------------------------------------------------------------
                                              2.656297   slack (MET)


Startpoint: _13396_ (rising edge-triggered flip-flop clocked by clk)
Endpoint: out2[10] (output port clocked by clk)
Path Group: clk
Path Type: min

Fanout         Cap        Slew       Delay        Time   Description
---------------------------------------------------------------------------------------------
                      0.150000    0.000000    0.000000   clock clk (rise edge)
                                  0.000000    0.000000   clock network delay (ideal)
                      0.150000    0.000000    0.000000 ^ _13396_/CLK (sky130_fd_sc_hd__dfrtp_2)
     1    0.033442    0.281562    0.906297    0.906297 ^ _13396_/Q (sky130_fd_sc_hd__dfrtp_2)
                                                         out2[10] (net)
                      0.281562    0.000000    0.906297 ^ out2[10] (out)
                                              0.906297   data arrival time

                      0.150000    0.000000    0.000000   clock clk (rise edge)
                                  0.000000    0.000000   clock network delay (ideal)
                                  0.250000    0.250000   clock uncertainty
                                  0.000000    0.250000   clock reconvergence pessimism
                                 -2.000000   -1.750000   output external delay
                                             -1.750000   data required time
---------------------------------------------------------------------------------------------
                                             -1.750000   data required time
                                             -0.906297   data arrival time
---------------------------------------------------------------------------------------------
                                              2.656297   slack (MET)


Startpoint: _13397_ (rising edge-triggered flip-flop clocked by clk)
Endpoint: out2[11] (output port clocked by clk)
Path Group: clk
Path Type: min

Fanout         Cap        Slew       Delay        Time   Description
---------------------------------------------------------------------------------------------
                      0.150000    0.000000    0.000000   clock clk (rise edge)
                                  0.000000    0.000000   clock network delay (ideal)
                      0.150000    0.000000    0.000000 ^ _13397_/CLK (sky130_fd_sc_hd__dfrtp_2)
     1    0.033442    0.281562    0.906297    0.906297 ^ _13397_/Q (sky130_fd_sc_hd__dfrtp_2)
                                                         out2[11] (net)
                      0.281562    0.000000    0.906297 ^ out2[11] (out)
                                              0.906297   data arrival time

                      0.150000    0.000000    0.000000   clock clk (rise edge)
                                  0.000000    0.000000   clock network delay (ideal)
                                  0.250000    0.250000   clock uncertainty
                                  0.000000    0.250000   clock reconvergence pessimism
                                 -2.000000   -1.750000   output external delay
                                             -1.750000   data required time
---------------------------------------------------------------------------------------------
                                             -1.750000   data required time
                                             -0.906297   data arrival time
---------------------------------------------------------------------------------------------
                                              2.656297   slack (MET)


Startpoint: _13398_ (rising edge-triggered flip-flop clocked by clk)
Endpoint: out2[12] (output port clocked by clk)
Path Group: clk
Path Type: min

Fanout         Cap        Slew       Delay        Time   Description
---------------------------------------------------------------------------------------------
                      0.150000    0.000000    0.000000   clock clk (rise edge)
                                  0.000000    0.000000   clock network delay (ideal)
                      0.150000    0.000000    0.000000 ^ _13398_/CLK (sky130_fd_sc_hd__dfrtp_2)
     1    0.033442    0.281562    0.906297    0.906297 ^ _13398_/Q (sky130_fd_sc_hd__dfrtp_2)
                                                         out2[12] (net)
                      0.281562    0.000000    0.906297 ^ out2[12] (out)
                                              0.906297   data arrival time

                      0.150000    0.000000    0.000000   clock clk (rise edge)
                                  0.000000    0.000000   clock network delay (ideal)
                                  0.250000    0.250000   clock uncertainty
                                  0.000000    0.250000   clock reconvergence pessimism
                                 -2.000000   -1.750000   output external delay
                                             -1.750000   data required time
---------------------------------------------------------------------------------------------
                                             -1.750000   data required time
                                             -0.906297   data arrival time
---------------------------------------------------------------------------------------------
                                              2.656297   slack (MET)


Startpoint: _13399_ (rising edge-triggered flip-flop clocked by clk)
Endpoint: out2[13] (output port clocked by clk)
Path Group: clk
Path Type: min

Fanout         Cap        Slew       Delay        Time   Description
---------------------------------------------------------------------------------------------
                      0.150000    0.000000    0.000000   clock clk (rise edge)
                                  0.000000    0.000000   clock network delay (ideal)
                      0.150000    0.000000    0.000000 ^ _13399_/CLK (sky130_fd_sc_hd__dfrtp_2)
     1    0.033442    0.281562    0.906297    0.906297 ^ _13399_/Q (sky130_fd_sc_hd__dfrtp_2)
                                                         out2[13] (net)
                      0.281562    0.000000    0.906297 ^ out2[13] (out)
                                              0.906297   data arrival time

                      0.150000    0.000000    0.000000   clock clk (rise edge)
                                  0.000000    0.000000   clock network delay (ideal)
                                  0.250000    0.250000   clock uncertainty
                                  0.000000    0.250000   clock reconvergence pessimism
                                 -2.000000   -1.750000   output external delay
                                             -1.750000   data required time
---------------------------------------------------------------------------------------------
                                             -1.750000   data required time
                                             -0.906297   data arrival time
---------------------------------------------------------------------------------------------
                                              2.656297   slack (MET)


Startpoint: _13400_ (rising edge-triggered flip-flop clocked by clk)
Endpoint: out2[14] (output port clocked by clk)
Path Group: clk
Path Type: min

Fanout         Cap        Slew       Delay        Time   Description
---------------------------------------------------------------------------------------------
                      0.150000    0.000000    0.000000   clock clk (rise edge)
                                  0.000000    0.000000   clock network delay (ideal)
                      0.150000    0.000000    0.000000 ^ _13400_/CLK (sky130_fd_sc_hd__dfrtp_2)
     1    0.033442    0.281562    0.906297    0.906297 ^ _13400_/Q (sky130_fd_sc_hd__dfrtp_2)
                                                         out2[14] (net)
                      0.281562    0.000000    0.906297 ^ out2[14] (out)
                                              0.906297   data arrival time

                      0.150000    0.000000    0.000000   clock clk (rise edge)
                                  0.000000    0.000000   clock network delay (ideal)
                                  0.250000    0.250000   clock uncertainty
                                  0.000000    0.250000   clock reconvergence pessimism
                                 -2.000000   -1.750000   output external delay
                                             -1.750000   data required time
---------------------------------------------------------------------------------------------
                                             -1.750000   data required time
                                             -0.906297   data arrival time
---------------------------------------------------------------------------------------------
                                              2.656297   slack (MET)


Startpoint: _13401_ (rising edge-triggered flip-flop clocked by clk)
Endpoint: out2[15] (output port clocked by clk)
Path Group: clk
Path Type: min

Fanout         Cap        Slew       Delay        Time   Description
---------------------------------------------------------------------------------------------
                      0.150000    0.000000    0.000000   clock clk (rise edge)
                                  0.000000    0.000000   clock network delay (ideal)
                      0.150000    0.000000    0.000000 ^ _13401_/CLK (sky130_fd_sc_hd__dfrtp_2)
     1    0.033442    0.281562    0.906297    0.906297 ^ _13401_/Q (sky130_fd_sc_hd__dfrtp_2)
                                                         out2[15] (net)
                      0.281562    0.000000    0.906297 ^ out2[15] (out)
                                              0.906297   data arrival time

                      0.150000    0.000000    0.000000   clock clk (rise edge)
                                  0.000000    0.000000   clock network delay (ideal)
                                  0.250000    0.250000   clock uncertainty
                                  0.000000    0.250000   clock reconvergence pessimism
                                 -2.000000   -1.750000   output external delay
                                             -1.750000   data required time
---------------------------------------------------------------------------------------------
                                             -1.750000   data required time
                                             -0.906297   data arrival time
---------------------------------------------------------------------------------------------
                                              2.656297   slack (MET)


Startpoint: _13387_ (rising edge-triggered flip-flop clocked by clk)
Endpoint: out2[1] (output port clocked by clk)
Path Group: clk
Path Type: min

Fanout         Cap        Slew       Delay        Time   Description
---------------------------------------------------------------------------------------------
                      0.150000    0.000000    0.000000   clock clk (rise edge)
                                  0.000000    0.000000   clock network delay (ideal)
                      0.150000    0.000000    0.000000 ^ _13387_/CLK (sky130_fd_sc_hd__dfrtp_2)
     1    0.033442    0.281562    0.906297    0.906297 ^ _13387_/Q (sky130_fd_sc_hd__dfrtp_2)
                                                         out2[1] (net)
                      0.281562    0.000000    0.906297 ^ out2[1] (out)
                                              0.906297   data arrival time

                      0.150000    0.000000    0.000000   clock clk (rise edge)
                                  0.000000    0.000000   clock network delay (ideal)
                                  0.250000    0.250000   clock uncertainty
                                  0.000000    0.250000   clock reconvergence pessimism
                                 -2.000000   -1.750000   output external delay
                                             -1.750000   data required time
---------------------------------------------------------------------------------------------
                                             -1.750000   data required time
                                             -0.906297   data arrival time
---------------------------------------------------------------------------------------------
                                              2.656297   slack (MET)


Startpoint: _13388_ (rising edge-triggered flip-flop clocked by clk)
Endpoint: out2[2] (output port clocked by clk)
Path Group: clk
Path Type: min

Fanout         Cap        Slew       Delay        Time   Description
---------------------------------------------------------------------------------------------
                      0.150000    0.000000    0.000000   clock clk (rise edge)
                                  0.000000    0.000000   clock network delay (ideal)
                      0.150000    0.000000    0.000000 ^ _13388_/CLK (sky130_fd_sc_hd__dfrtp_2)
     1    0.033442    0.281562    0.906297    0.906297 ^ _13388_/Q (sky130_fd_sc_hd__dfrtp_2)
                                                         out2[2] (net)
                      0.281562    0.000000    0.906297 ^ out2[2] (out)
                                              0.906297   data arrival time

                      0.150000    0.000000    0.000000   clock clk (rise edge)
                                  0.000000    0.000000   clock network delay (ideal)
                                  0.250000    0.250000   clock uncertainty
                                  0.000000    0.250000   clock reconvergence pessimism
                                 -2.000000   -1.750000   output external delay
                                             -1.750000   data required time
---------------------------------------------------------------------------------------------
                                             -1.750000   data required time
                                             -0.906297   data arrival time
---------------------------------------------------------------------------------------------
                                              2.656297   slack (MET)


Startpoint: _13389_ (rising edge-triggered flip-flop clocked by clk)
Endpoint: out2[3] (output port clocked by clk)
Path Group: clk
Path Type: min

Fanout         Cap        Slew       Delay        Time   Description
---------------------------------------------------------------------------------------------
                      0.150000    0.000000    0.000000   clock clk (rise edge)
                                  0.000000    0.000000   clock network delay (ideal)
                      0.150000    0.000000    0.000000 ^ _13389_/CLK (sky130_fd_sc_hd__dfrtp_2)
     1    0.033442    0.281562    0.906297    0.906297 ^ _13389_/Q (sky130_fd_sc_hd__dfrtp_2)
                                                         out2[3] (net)
                      0.281562    0.000000    0.906297 ^ out2[3] (out)
                                              0.906297   data arrival time

                      0.150000    0.000000    0.000000   clock clk (rise edge)
                                  0.000000    0.000000   clock network delay (ideal)
                                  0.250000    0.250000   clock uncertainty
                                  0.000000    0.250000   clock reconvergence pessimism
                                 -2.000000   -1.750000   output external delay
                                             -1.750000   data required time
---------------------------------------------------------------------------------------------
                                             -1.750000   data required time
                                             -0.906297   data arrival time
---------------------------------------------------------------------------------------------
                                              2.656297   slack (MET)


Startpoint: _13390_ (rising edge-triggered flip-flop clocked by clk)
Endpoint: out2[4] (output port clocked by clk)
Path Group: clk
Path Type: min

Fanout         Cap        Slew       Delay        Time   Description
---------------------------------------------------------------------------------------------
                      0.150000    0.000000    0.000000   clock clk (rise edge)
                                  0.000000    0.000000   clock network delay (ideal)
                      0.150000    0.000000    0.000000 ^ _13390_/CLK (sky130_fd_sc_hd__dfrtp_2)
     1    0.033442    0.281562    0.906297    0.906297 ^ _13390_/Q (sky130_fd_sc_hd__dfrtp_2)
                                                         out2[4] (net)
                      0.281562    0.000000    0.906297 ^ out2[4] (out)
                                              0.906297   data arrival time

                      0.150000    0.000000    0.000000   clock clk (rise edge)
                                  0.000000    0.000000   clock network delay (ideal)
                                  0.250000    0.250000   clock uncertainty
                                  0.000000    0.250000   clock reconvergence pessimism
                                 -2.000000   -1.750000   output external delay
                                             -1.750000   data required time
---------------------------------------------------------------------------------------------
                                             -1.750000   data required time
                                             -0.906297   data arrival time
---------------------------------------------------------------------------------------------
                                              2.656297   slack (MET)


Startpoint: _13391_ (rising edge-triggered flip-flop clocked by clk)
Endpoint: out2[5] (output port clocked by clk)
Path Group: clk
Path Type: min

Fanout         Cap        Slew       Delay        Time   Description
---------------------------------------------------------------------------------------------
                      0.150000    0.000000    0.000000   clock clk (rise edge)
                                  0.000000    0.000000   clock network delay (ideal)
                      0.150000    0.000000    0.000000 ^ _13391_/CLK (sky130_fd_sc_hd__dfrtp_2)
     1    0.033442    0.281562    0.906297    0.906297 ^ _13391_/Q (sky130_fd_sc_hd__dfrtp_2)
                                                         out2[5] (net)
                      0.281562    0.000000    0.906297 ^ out2[5] (out)
                                              0.906297   data arrival time

                      0.150000    0.000000    0.000000   clock clk (rise edge)
                                  0.000000    0.000000   clock network delay (ideal)
                                  0.250000    0.250000   clock uncertainty
                                  0.000000    0.250000   clock reconvergence pessimism
                                 -2.000000   -1.750000   output external delay
                                             -1.750000   data required time
---------------------------------------------------------------------------------------------
                                             -1.750000   data required time
                                             -0.906297   data arrival time
---------------------------------------------------------------------------------------------
                                              2.656297   slack (MET)


Startpoint: _13392_ (rising edge-triggered flip-flop clocked by clk)
Endpoint: out2[6] (output port clocked by clk)
Path Group: clk
Path Type: min

Fanout         Cap        Slew       Delay        Time   Description
---------------------------------------------------------------------------------------------
                      0.150000    0.000000    0.000000   clock clk (rise edge)
                                  0.000000    0.000000   clock network delay (ideal)
                      0.150000    0.000000    0.000000 ^ _13392_/CLK (sky130_fd_sc_hd__dfrtp_2)
     1    0.033442    0.281562    0.906297    0.906297 ^ _13392_/Q (sky130_fd_sc_hd__dfrtp_2)
                                                         out2[6] (net)
                      0.281562    0.000000    0.906297 ^ out2[6] (out)
                                              0.906297   data arrival time

                      0.150000    0.000000    0.000000   clock clk (rise edge)
                                  0.000000    0.000000   clock network delay (ideal)
                                  0.250000    0.250000   clock uncertainty
                                  0.000000    0.250000   clock reconvergence pessimism
                                 -2.000000   -1.750000   output external delay
                                             -1.750000   data required time
---------------------------------------------------------------------------------------------
                                             -1.750000   data required time
                                             -0.906297   data arrival time
---------------------------------------------------------------------------------------------
                                              2.656297   slack (MET)


Startpoint: _13393_ (rising edge-triggered flip-flop clocked by clk)
Endpoint: out2[7] (output port clocked by clk)
Path Group: clk
Path Type: min

Fanout         Cap        Slew       Delay        Time   Description
---------------------------------------------------------------------------------------------
                      0.150000    0.000000    0.000000   clock clk (rise edge)
                                  0.000000    0.000000   clock network delay (ideal)
                      0.150000    0.000000    0.000000 ^ _13393_/CLK (sky130_fd_sc_hd__dfrtp_2)
     1    0.033442    0.281562    0.906297    0.906297 ^ _13393_/Q (sky130_fd_sc_hd__dfrtp_2)
                                                         out2[7] (net)
                      0.281562    0.000000    0.906297 ^ out2[7] (out)
                                              0.906297   data arrival time

                      0.150000    0.000000    0.000000   clock clk (rise edge)
                                  0.000000    0.000000   clock network delay (ideal)
                                  0.250000    0.250000   clock uncertainty
                                  0.000000    0.250000   clock reconvergence pessimism
                                 -2.000000   -1.750000   output external delay
                                             -1.750000   data required time
---------------------------------------------------------------------------------------------
                                             -1.750000   data required time
                                             -0.906297   data arrival time
---------------------------------------------------------------------------------------------
                                              2.656297   slack (MET)


Startpoint: _13394_ (rising edge-triggered flip-flop clocked by clk)
Endpoint: out2[8] (output port clocked by clk)
Path Group: clk
Path Type: min

Fanout         Cap        Slew       Delay        Time   Description
---------------------------------------------------------------------------------------------
                      0.150000    0.000000    0.000000   clock clk (rise edge)
                                  0.000000    0.000000   clock network delay (ideal)
                      0.150000    0.000000    0.000000 ^ _13394_/CLK (sky130_fd_sc_hd__dfrtp_2)
     1    0.033442    0.281562    0.906297    0.906297 ^ _13394_/Q (sky130_fd_sc_hd__dfrtp_2)
                                                         out2[8] (net)
                      0.281562    0.000000    0.906297 ^ out2[8] (out)
                                              0.906297   data arrival time

                      0.150000    0.000000    0.000000   clock clk (rise edge)
                                  0.000000    0.000000   clock network delay (ideal)
                                  0.250000    0.250000   clock uncertainty
                                  0.000000    0.250000   clock reconvergence pessimism
                                 -2.000000   -1.750000   output external delay
                                             -1.750000   data required time
---------------------------------------------------------------------------------------------
                                             -1.750000   data required time
                                             -0.906297   data arrival time
---------------------------------------------------------------------------------------------
                                              2.656297   slack (MET)


Startpoint: _13395_ (rising edge-triggered flip-flop clocked by clk)
Endpoint: out2[9] (output port clocked by clk)
Path Group: clk
Path Type: min

Fanout         Cap        Slew       Delay        Time   Description
---------------------------------------------------------------------------------------------
                      0.150000    0.000000    0.000000   clock clk (rise edge)
                                  0.000000    0.000000   clock network delay (ideal)
                      0.150000    0.000000    0.000000 ^ _13395_/CLK (sky130_fd_sc_hd__dfrtp_2)
     1    0.033442    0.281562    0.906297    0.906297 ^ _13395_/Q (sky130_fd_sc_hd__dfrtp_2)
                                                         out2[9] (net)
                      0.281562    0.000000    0.906297 ^ out2[9] (out)
                                              0.906297   data arrival time

                      0.150000    0.000000    0.000000   clock clk (rise edge)
                                  0.000000    0.000000   clock network delay (ideal)
                                  0.250000    0.250000   clock uncertainty
                                  0.000000    0.250000   clock reconvergence pessimism
                                 -2.000000   -1.750000   output external delay
                                             -1.750000   data required time
---------------------------------------------------------------------------------------------
                                             -1.750000   data required time
                                             -0.906297   data arrival time
---------------------------------------------------------------------------------------------
                                              2.656297   slack (MET)


Startpoint: _13402_ (rising edge-triggered flip-flop clocked by clk)
Endpoint: out3[0] (output port clocked by clk)
Path Group: clk
Path Type: min

Fanout         Cap        Slew       Delay        Time   Description
---------------------------------------------------------------------------------------------
                      0.150000    0.000000    0.000000   clock clk (rise edge)
                                  0.000000    0.000000   clock network delay (ideal)
                      0.150000    0.000000    0.000000 ^ _13402_/CLK (sky130_fd_sc_hd__dfrtp_2)
     1    0.033442    0.281562    0.906297    0.906297 ^ _13402_/Q (sky130_fd_sc_hd__dfrtp_2)
                                                         out3[0] (net)
                      0.281562    0.000000    0.906297 ^ out3[0] (out)
                                              0.906297   data arrival time

                      0.150000    0.000000    0.000000   clock clk (rise edge)
                                  0.000000    0.000000   clock network delay (ideal)
                                  0.250000    0.250000   clock uncertainty
                                  0.000000    0.250000   clock reconvergence pessimism
                                 -2.000000   -1.750000   output external delay
                                             -1.750000   data required time
---------------------------------------------------------------------------------------------
                                             -1.750000   data required time
                                             -0.906297   data arrival time
---------------------------------------------------------------------------------------------
                                              2.656297   slack (MET)


Startpoint: _13412_ (rising edge-triggered flip-flop clocked by clk)
Endpoint: out3[10] (output port clocked by clk)
Path Group: clk
Path Type: min

Fanout         Cap        Slew       Delay        Time   Description
---------------------------------------------------------------------------------------------
                      0.150000    0.000000    0.000000   clock clk (rise edge)
                                  0.000000    0.000000   clock network delay (ideal)
                      0.150000    0.000000    0.000000 ^ _13412_/CLK (sky130_fd_sc_hd__dfrtp_2)
     1    0.033442    0.281562    0.906297    0.906297 ^ _13412_/Q (sky130_fd_sc_hd__dfrtp_2)
                                                         out3[10] (net)
                      0.281562    0.000000    0.906297 ^ out3[10] (out)
                                              0.906297   data arrival time

                      0.150000    0.000000    0.000000   clock clk (rise edge)
                                  0.000000    0.000000   clock network delay (ideal)
                                  0.250000    0.250000   clock uncertainty
                                  0.000000    0.250000   clock reconvergence pessimism
                                 -2.000000   -1.750000   output external delay
                                             -1.750000   data required time
---------------------------------------------------------------------------------------------
                                             -1.750000   data required time
                                             -0.906297   data arrival time
---------------------------------------------------------------------------------------------
                                              2.656297   slack (MET)


Startpoint: _13413_ (rising edge-triggered flip-flop clocked by clk)
Endpoint: out3[11] (output port clocked by clk)
Path Group: clk
Path Type: min

Fanout         Cap        Slew       Delay        Time   Description
---------------------------------------------------------------------------------------------
                      0.150000    0.000000    0.000000   clock clk (rise edge)
                                  0.000000    0.000000   clock network delay (ideal)
                      0.150000    0.000000    0.000000 ^ _13413_/CLK (sky130_fd_sc_hd__dfrtp_2)
     1    0.033442    0.281562    0.906297    0.906297 ^ _13413_/Q (sky130_fd_sc_hd__dfrtp_2)
                                                         out3[11] (net)
                      0.281562    0.000000    0.906297 ^ out3[11] (out)
                                              0.906297   data arrival time

                      0.150000    0.000000    0.000000   clock clk (rise edge)
                                  0.000000    0.000000   clock network delay (ideal)
                                  0.250000    0.250000   clock uncertainty
                                  0.000000    0.250000   clock reconvergence pessimism
                                 -2.000000   -1.750000   output external delay
                                             -1.750000   data required time
---------------------------------------------------------------------------------------------
                                             -1.750000   data required time
                                             -0.906297   data arrival time
---------------------------------------------------------------------------------------------
                                              2.656297   slack (MET)


Startpoint: _13414_ (rising edge-triggered flip-flop clocked by clk)
Endpoint: out3[12] (output port clocked by clk)
Path Group: clk
Path Type: min

Fanout         Cap        Slew       Delay        Time   Description
---------------------------------------------------------------------------------------------
                      0.150000    0.000000    0.000000   clock clk (rise edge)
                                  0.000000    0.000000   clock network delay (ideal)
                      0.150000    0.000000    0.000000 ^ _13414_/CLK (sky130_fd_sc_hd__dfrtp_2)
     1    0.033442    0.281562    0.906297    0.906297 ^ _13414_/Q (sky130_fd_sc_hd__dfrtp_2)
                                                         out3[12] (net)
                      0.281562    0.000000    0.906297 ^ out3[12] (out)
                                              0.906297   data arrival time

                      0.150000    0.000000    0.000000   clock clk (rise edge)
                                  0.000000    0.000000   clock network delay (ideal)
                                  0.250000    0.250000   clock uncertainty
                                  0.000000    0.250000   clock reconvergence pessimism
                                 -2.000000   -1.750000   output external delay
                                             -1.750000   data required time
---------------------------------------------------------------------------------------------
                                             -1.750000   data required time
                                             -0.906297   data arrival time
---------------------------------------------------------------------------------------------
                                              2.656297   slack (MET)


Startpoint: _13415_ (rising edge-triggered flip-flop clocked by clk)
Endpoint: out3[13] (output port clocked by clk)
Path Group: clk
Path Type: min

Fanout         Cap        Slew       Delay        Time   Description
---------------------------------------------------------------------------------------------
                      0.150000    0.000000    0.000000   clock clk (rise edge)
                                  0.000000    0.000000   clock network delay (ideal)
                      0.150000    0.000000    0.000000 ^ _13415_/CLK (sky130_fd_sc_hd__dfrtp_2)
     1    0.033442    0.281562    0.906297    0.906297 ^ _13415_/Q (sky130_fd_sc_hd__dfrtp_2)
                                                         out3[13] (net)
                      0.281562    0.000000    0.906297 ^ out3[13] (out)
                                              0.906297   data arrival time

                      0.150000    0.000000    0.000000   clock clk (rise edge)
                                  0.000000    0.000000   clock network delay (ideal)
                                  0.250000    0.250000   clock uncertainty
                                  0.000000    0.250000   clock reconvergence pessimism
                                 -2.000000   -1.750000   output external delay
                                             -1.750000   data required time
---------------------------------------------------------------------------------------------
                                             -1.750000   data required time
                                             -0.906297   data arrival time
---------------------------------------------------------------------------------------------
                                              2.656297   slack (MET)


Startpoint: _13416_ (rising edge-triggered flip-flop clocked by clk)
Endpoint: out3[14] (output port clocked by clk)
Path Group: clk
Path Type: min

Fanout         Cap        Slew       Delay        Time   Description
---------------------------------------------------------------------------------------------
                      0.150000    0.000000    0.000000   clock clk (rise edge)
                                  0.000000    0.000000   clock network delay (ideal)
                      0.150000    0.000000    0.000000 ^ _13416_/CLK (sky130_fd_sc_hd__dfrtp_2)
     1    0.033442    0.281562    0.906297    0.906297 ^ _13416_/Q (sky130_fd_sc_hd__dfrtp_2)
                                                         out3[14] (net)
                      0.281562    0.000000    0.906297 ^ out3[14] (out)
                                              0.906297   data arrival time

                      0.150000    0.000000    0.000000   clock clk (rise edge)
                                  0.000000    0.000000   clock network delay (ideal)
                                  0.250000    0.250000   clock uncertainty
                                  0.000000    0.250000   clock reconvergence pessimism
                                 -2.000000   -1.750000   output external delay
                                             -1.750000   data required time
---------------------------------------------------------------------------------------------
                                             -1.750000   data required time
                                             -0.906297   data arrival time
---------------------------------------------------------------------------------------------
                                              2.656297   slack (MET)


Startpoint: _13417_ (rising edge-triggered flip-flop clocked by clk)
Endpoint: out3[15] (output port clocked by clk)
Path Group: clk
Path Type: min

Fanout         Cap        Slew       Delay        Time   Description
---------------------------------------------------------------------------------------------
                      0.150000    0.000000    0.000000   clock clk (rise edge)
                                  0.000000    0.000000   clock network delay (ideal)
                      0.150000    0.000000    0.000000 ^ _13417_/CLK (sky130_fd_sc_hd__dfrtp_2)
     1    0.033442    0.281562    0.906297    0.906297 ^ _13417_/Q (sky130_fd_sc_hd__dfrtp_2)
                                                         out3[15] (net)
                      0.281562    0.000000    0.906297 ^ out3[15] (out)
                                              0.906297   data arrival time

                      0.150000    0.000000    0.000000   clock clk (rise edge)
                                  0.000000    0.000000   clock network delay (ideal)
                                  0.250000    0.250000   clock uncertainty
                                  0.000000    0.250000   clock reconvergence pessimism
                                 -2.000000   -1.750000   output external delay
                                             -1.750000   data required time
---------------------------------------------------------------------------------------------
                                             -1.750000   data required time
                                             -0.906297   data arrival time
---------------------------------------------------------------------------------------------
                                              2.656297   slack (MET)


Startpoint: _13403_ (rising edge-triggered flip-flop clocked by clk)
Endpoint: out3[1] (output port clocked by clk)
Path Group: clk
Path Type: min

Fanout         Cap        Slew       Delay        Time   Description
---------------------------------------------------------------------------------------------
                      0.150000    0.000000    0.000000   clock clk (rise edge)
                                  0.000000    0.000000   clock network delay (ideal)
                      0.150000    0.000000    0.000000 ^ _13403_/CLK (sky130_fd_sc_hd__dfrtp_2)
     1    0.033442    0.281562    0.906297    0.906297 ^ _13403_/Q (sky130_fd_sc_hd__dfrtp_2)
                                                         out3[1] (net)
                      0.281562    0.000000    0.906297 ^ out3[1] (out)
                                              0.906297   data arrival time

                      0.150000    0.000000    0.000000   clock clk (rise edge)
                                  0.000000    0.000000   clock network delay (ideal)
                                  0.250000    0.250000   clock uncertainty
                                  0.000000    0.250000   clock reconvergence pessimism
                                 -2.000000   -1.750000   output external delay
                                             -1.750000   data required time
---------------------------------------------------------------------------------------------
                                             -1.750000   data required time
                                             -0.906297   data arrival time
---------------------------------------------------------------------------------------------
                                              2.656297   slack (MET)


Startpoint: _13404_ (rising edge-triggered flip-flop clocked by clk)
Endpoint: out3[2] (output port clocked by clk)
Path Group: clk
Path Type: min

Fanout         Cap        Slew       Delay        Time   Description
---------------------------------------------------------------------------------------------
                      0.150000    0.000000    0.000000   clock clk (rise edge)
                                  0.000000    0.000000   clock network delay (ideal)
                      0.150000    0.000000    0.000000 ^ _13404_/CLK (sky130_fd_sc_hd__dfrtp_2)
     1    0.033442    0.281562    0.906297    0.906297 ^ _13404_/Q (sky130_fd_sc_hd__dfrtp_2)
                                                         out3[2] (net)
                      0.281562    0.000000    0.906297 ^ out3[2] (out)
                                              0.906297   data arrival time

                      0.150000    0.000000    0.000000   clock clk (rise edge)
                                  0.000000    0.000000   clock network delay (ideal)
                                  0.250000    0.250000   clock uncertainty
                                  0.000000    0.250000   clock reconvergence pessimism
                                 -2.000000   -1.750000   output external delay
                                             -1.750000   data required time
---------------------------------------------------------------------------------------------
                                             -1.750000   data required time
                                             -0.906297   data arrival time
---------------------------------------------------------------------------------------------
                                              2.656297   slack (MET)


Startpoint: _13405_ (rising edge-triggered flip-flop clocked by clk)
Endpoint: out3[3] (output port clocked by clk)
Path Group: clk
Path Type: min

Fanout         Cap        Slew       Delay        Time   Description
---------------------------------------------------------------------------------------------
                      0.150000    0.000000    0.000000   clock clk (rise edge)
                                  0.000000    0.000000   clock network delay (ideal)
                      0.150000    0.000000    0.000000 ^ _13405_/CLK (sky130_fd_sc_hd__dfrtp_2)
     1    0.033442    0.281562    0.906297    0.906297 ^ _13405_/Q (sky130_fd_sc_hd__dfrtp_2)
                                                         out3[3] (net)
                      0.281562    0.000000    0.906297 ^ out3[3] (out)
                                              0.906297   data arrival time

                      0.150000    0.000000    0.000000   clock clk (rise edge)
                                  0.000000    0.000000   clock network delay (ideal)
                                  0.250000    0.250000   clock uncertainty
                                  0.000000    0.250000   clock reconvergence pessimism
                                 -2.000000   -1.750000   output external delay
                                             -1.750000   data required time
---------------------------------------------------------------------------------------------
                                             -1.750000   data required time
                                             -0.906297   data arrival time
---------------------------------------------------------------------------------------------
                                              2.656297   slack (MET)


Startpoint: _13406_ (rising edge-triggered flip-flop clocked by clk)
Endpoint: out3[4] (output port clocked by clk)
Path Group: clk
Path Type: min

Fanout         Cap        Slew       Delay        Time   Description
---------------------------------------------------------------------------------------------
                      0.150000    0.000000    0.000000   clock clk (rise edge)
                                  0.000000    0.000000   clock network delay (ideal)
                      0.150000    0.000000    0.000000 ^ _13406_/CLK (sky130_fd_sc_hd__dfrtp_2)
     1    0.033442    0.281562    0.906297    0.906297 ^ _13406_/Q (sky130_fd_sc_hd__dfrtp_2)
                                                         out3[4] (net)
                      0.281562    0.000000    0.906297 ^ out3[4] (out)
                                              0.906297   data arrival time

                      0.150000    0.000000    0.000000   clock clk (rise edge)
                                  0.000000    0.000000   clock network delay (ideal)
                                  0.250000    0.250000   clock uncertainty
                                  0.000000    0.250000   clock reconvergence pessimism
                                 -2.000000   -1.750000   output external delay
                                             -1.750000   data required time
---------------------------------------------------------------------------------------------
                                             -1.750000   data required time
                                             -0.906297   data arrival time
---------------------------------------------------------------------------------------------
                                              2.656297   slack (MET)


Startpoint: _13407_ (rising edge-triggered flip-flop clocked by clk)
Endpoint: out3[5] (output port clocked by clk)
Path Group: clk
Path Type: min

Fanout         Cap        Slew       Delay        Time   Description
---------------------------------------------------------------------------------------------
                      0.150000    0.000000    0.000000   clock clk (rise edge)
                                  0.000000    0.000000   clock network delay (ideal)
                      0.150000    0.000000    0.000000 ^ _13407_/CLK (sky130_fd_sc_hd__dfrtp_2)
     1    0.033442    0.281562    0.906297    0.906297 ^ _13407_/Q (sky130_fd_sc_hd__dfrtp_2)
                                                         out3[5] (net)
                      0.281562    0.000000    0.906297 ^ out3[5] (out)
                                              0.906297   data arrival time

                      0.150000    0.000000    0.000000   clock clk (rise edge)
                                  0.000000    0.000000   clock network delay (ideal)
                                  0.250000    0.250000   clock uncertainty
                                  0.000000    0.250000   clock reconvergence pessimism
                                 -2.000000   -1.750000   output external delay
                                             -1.750000   data required time
---------------------------------------------------------------------------------------------
                                             -1.750000   data required time
                                             -0.906297   data arrival time
---------------------------------------------------------------------------------------------
                                              2.656297   slack (MET)


Startpoint: _13408_ (rising edge-triggered flip-flop clocked by clk)
Endpoint: out3[6] (output port clocked by clk)
Path Group: clk
Path Type: min

Fanout         Cap        Slew       Delay        Time   Description
---------------------------------------------------------------------------------------------
                      0.150000    0.000000    0.000000   clock clk (rise edge)
                                  0.000000    0.000000   clock network delay (ideal)
                      0.150000    0.000000    0.000000 ^ _13408_/CLK (sky130_fd_sc_hd__dfrtp_2)
     1    0.033442    0.281562    0.906297    0.906297 ^ _13408_/Q (sky130_fd_sc_hd__dfrtp_2)
                                                         out3[6] (net)
                      0.281562    0.000000    0.906297 ^ out3[6] (out)
                                              0.906297   data arrival time

                      0.150000    0.000000    0.000000   clock clk (rise edge)
                                  0.000000    0.000000   clock network delay (ideal)
                                  0.250000    0.250000   clock uncertainty
                                  0.000000    0.250000   clock reconvergence pessimism
                                 -2.000000   -1.750000   output external delay
                                             -1.750000   data required time
---------------------------------------------------------------------------------------------
                                             -1.750000   data required time
                                             -0.906297   data arrival time
---------------------------------------------------------------------------------------------
                                              2.656297   slack (MET)


Startpoint: _13409_ (rising edge-triggered flip-flop clocked by clk)
Endpoint: out3[7] (output port clocked by clk)
Path Group: clk
Path Type: min

Fanout         Cap        Slew       Delay        Time   Description
---------------------------------------------------------------------------------------------
                      0.150000    0.000000    0.000000   clock clk (rise edge)
                                  0.000000    0.000000   clock network delay (ideal)
                      0.150000    0.000000    0.000000 ^ _13409_/CLK (sky130_fd_sc_hd__dfrtp_2)
     1    0.033442    0.281562    0.906297    0.906297 ^ _13409_/Q (sky130_fd_sc_hd__dfrtp_2)
                                                         out3[7] (net)
                      0.281562    0.000000    0.906297 ^ out3[7] (out)
                                              0.906297   data arrival time

                      0.150000    0.000000    0.000000   clock clk (rise edge)
                                  0.000000    0.000000   clock network delay (ideal)
                                  0.250000    0.250000   clock uncertainty
                                  0.000000    0.250000   clock reconvergence pessimism
                                 -2.000000   -1.750000   output external delay
                                             -1.750000   data required time
---------------------------------------------------------------------------------------------
                                             -1.750000   data required time
                                             -0.906297   data arrival time
---------------------------------------------------------------------------------------------
                                              2.656297   slack (MET)


Startpoint: _13410_ (rising edge-triggered flip-flop clocked by clk)
Endpoint: out3[8] (output port clocked by clk)
Path Group: clk
Path Type: min

Fanout         Cap        Slew       Delay        Time   Description
---------------------------------------------------------------------------------------------
                      0.150000    0.000000    0.000000   clock clk (rise edge)
                                  0.000000    0.000000   clock network delay (ideal)
                      0.150000    0.000000    0.000000 ^ _13410_/CLK (sky130_fd_sc_hd__dfrtp_2)
     1    0.033442    0.281562    0.906297    0.906297 ^ _13410_/Q (sky130_fd_sc_hd__dfrtp_2)
                                                         out3[8] (net)
                      0.281562    0.000000    0.906297 ^ out3[8] (out)
                                              0.906297   data arrival time

                      0.150000    0.000000    0.000000   clock clk (rise edge)
                                  0.000000    0.000000   clock network delay (ideal)
                                  0.250000    0.250000   clock uncertainty
                                  0.000000    0.250000   clock reconvergence pessimism
                                 -2.000000   -1.750000   output external delay
                                             -1.750000   data required time
---------------------------------------------------------------------------------------------
                                             -1.750000   data required time
                                             -0.906297   data arrival time
---------------------------------------------------------------------------------------------
                                              2.656297   slack (MET)


Startpoint: _13411_ (rising edge-triggered flip-flop clocked by clk)
Endpoint: out3[9] (output port clocked by clk)
Path Group: clk
Path Type: min

Fanout         Cap        Slew       Delay        Time   Description
---------------------------------------------------------------------------------------------
                      0.150000    0.000000    0.000000   clock clk (rise edge)
                                  0.000000    0.000000   clock network delay (ideal)
                      0.150000    0.000000    0.000000 ^ _13411_/CLK (sky130_fd_sc_hd__dfrtp_2)
     1    0.033442    0.281562    0.906297    0.906297 ^ _13411_/Q (sky130_fd_sc_hd__dfrtp_2)
                                                         out3[9] (net)
                      0.281562    0.000000    0.906297 ^ out3[9] (out)
                                              0.906297   data arrival time

                      0.150000    0.000000    0.000000   clock clk (rise edge)
                                  0.000000    0.000000   clock network delay (ideal)
                                  0.250000    0.250000   clock uncertainty
                                  0.000000    0.250000   clock reconvergence pessimism
                                 -2.000000   -1.750000   output external delay
                                             -1.750000   data required time
---------------------------------------------------------------------------------------------
                                             -1.750000   data required time
                                             -0.906297   data arrival time
---------------------------------------------------------------------------------------------
                                              2.656297   slack (MET)


Startpoint: w13[0] (input port clocked by clk)
Endpoint: _13404_ (rising edge-triggered flip-flop clocked by clk)
Path Group: clk
Path Type: min

Fanout         Cap        Slew       Delay        Time   Description
---------------------------------------------------------------------------------------------
                      0.150000    0.000000    0.000000   clock clk (rise edge)
                                  0.000000    0.000000   clock network delay (ideal)
                                  2.000000    2.000000 v input external delay
    18    0.043213    0.187699    0.132447    2.132447 v w13[0] (in)
                                                         w13[0] (net)
                      0.187699    0.000000    2.132447 v _08360_/B (sky130_fd_sc_hd__nand2_2)
     2    0.005913    0.091351    0.166353    2.298800 ^ _08360_/Y (sky130_fd_sc_hd__nand2_2)
                                                         _01092_ (net)
                      0.091351    0.000000    2.298800 ^ _08361_/C (sky130_fd_sc_hd__or3_2)
     3    0.007417    0.082726    0.218652    2.517452 ^ _08361_/X (sky130_fd_sc_hd__or3_2)
                                                         _01093_ (net)
                      0.082726    0.000000    2.517452 ^ _08390_/A (sky130_fd_sc_hd__nor2_2)
     4    0.012055    0.061298    0.101107    2.618559 v _08390_/Y (sky130_fd_sc_hd__nor2_2)
                                                         _01121_ (net)
                      0.061298    0.000000    2.618559 v _08435_/B1 (sky130_fd_sc_hd__a21oi_2)
     1    0.004682    0.148273    0.177221    2.795780 ^ _08435_/Y (sky130_fd_sc_hd__a21oi_2)
                                                         _01165_ (net)
                      0.148273    0.000000    2.795780 ^ _08436_/B (sky130_fd_sc_hd__nor2_2)
     1    0.001838    0.036416    0.077550    2.873329 v _08436_/Y (sky130_fd_sc_hd__nor2_2)
                                                         _00011_ (net)
                      0.036416    0.000000    2.873329 v _13404_/D (sky130_fd_sc_hd__dfrtp_2)
                                              2.873329   data arrival time

                      0.150000    0.000000    0.000000   clock clk (rise edge)
                                  0.000000    0.000000   clock network delay (ideal)
                                  0.250000    0.250000   clock uncertainty
                                  0.000000    0.250000   clock reconvergence pessimism
                                              0.250000 ^ _13404_/CLK (sky130_fd_sc_hd__dfrtp_2)
                                 -0.057956    0.192044   library hold time
                                              0.192044   data required time
---------------------------------------------------------------------------------------------
                                              0.192044   data required time
                                             -2.873329   data arrival time
---------------------------------------------------------------------------------------------
                                              2.681285   slack (MET)


Startpoint: w10[0] (input port clocked by clk)
Endpoint: _13356_ (rising edge-triggered flip-flop clocked by clk)
Path Group: clk
Path Type: min

Fanout         Cap        Slew       Delay        Time   Description
---------------------------------------------------------------------------------------------
                      0.150000    0.000000    0.000000   clock clk (rise edge)
                                  0.000000    0.000000   clock network delay (ideal)
                                  2.000000    2.000000 v input external delay
    18    0.043740    0.189932    0.134057    2.134057 v w10[0] (in)
                                                         w10[0] (net)
                      0.189932    0.000000    2.134057 v _06710_/A (sky130_fd_sc_hd__nand2_2)
     2    0.005913    0.086691    0.151312    2.285369 ^ _06710_/Y (sky130_fd_sc_hd__nand2_2)
                                                         _02371_ (net)
                      0.086691    0.000000    2.285369 ^ _06711_/C (sky130_fd_sc_hd__or3_2)
     3    0.007450    0.082972    0.216650    2.502019 ^ _06711_/X (sky130_fd_sc_hd__or3_2)
                                                         _02381_ (net)
                      0.082972    0.000000    2.502019 ^ _06740_/A (sky130_fd_sc_hd__or2_2)
     3    0.011736    0.115965    0.235325    2.737344 ^ _06740_/X (sky130_fd_sc_hd__or2_2)
                                                         _02697_ (net)
                      0.115965    0.000000    2.737344 ^ _06789_/A (sky130_fd_sc_hd__xnor2_2)
     1    0.001838    0.053449    0.135322    2.872665 v _06789_/Y (sky130_fd_sc_hd__xnor2_2)
                                                         _00008_ (net)
                      0.053449    0.000000    2.872665 v _13356_/D (sky130_fd_sc_hd__dfrtp_2)
                                              2.872665   data arrival time

                      0.150000    0.000000    0.000000   clock clk (rise edge)
                                  0.000000    0.000000   clock network delay (ideal)
                                  0.250000    0.250000   clock uncertainty
                                  0.000000    0.250000   clock reconvergence pessimism
                                              0.250000 ^ _13356_/CLK (sky130_fd_sc_hd__dfrtp_2)
                                 -0.064197    0.185803   library hold time
                                              0.185803   data required time
---------------------------------------------------------------------------------------------
                                              0.185803   data required time
                                             -2.872665   data arrival time
---------------------------------------------------------------------------------------------
                                              2.686862   slack (MET)


Startpoint: w10[0] (input port clocked by clk)
Endpoint: _13355_ (rising edge-triggered flip-flop clocked by clk)
Path Group: clk
Path Type: min

Fanout         Cap        Slew       Delay        Time   Description
---------------------------------------------------------------------------------------------
                      0.150000    0.000000    0.000000   clock clk (rise edge)
                                  0.000000    0.000000   clock network delay (ideal)
                                  2.000000    2.000000 v input external delay
    18    0.043740    0.189932    0.134057    2.134057 v w10[0] (in)
                                                         w10[0] (net)
                      0.189932    0.000000    2.134057 v _06710_/A (sky130_fd_sc_hd__nand2_2)
     2    0.005913    0.086691    0.151312    2.285369 ^ _06710_/Y (sky130_fd_sc_hd__nand2_2)
                                                         _02371_ (net)
                      0.086691    0.000000    2.285369 ^ _06711_/C (sky130_fd_sc_hd__or3_2)
     3    0.007450    0.082972    0.216650    2.502019 ^ _06711_/X (sky130_fd_sc_hd__or3_2)
                                                         _02381_ (net)
                      0.082972    0.000000    2.502019 ^ _06741_/A (sky130_fd_sc_hd__nand2_2)
     1    0.001353    0.036391    0.072072    2.574091 v _06741_/Y (sky130_fd_sc_hd__nand2_2)
                                                         _02708_ (net)
                      0.036391    0.000000    2.574091 v _06742_/B (sky130_fd_sc_hd__and2_2)
     1    0.001838    0.062566    0.366096    2.940187 v _06742_/X (sky130_fd_sc_hd__and2_2)
                                                         _00007_ (net)
                      0.062566    0.000000    2.940187 v _13355_/D (sky130_fd_sc_hd__dfrtp_2)
                                              2.940187   data arrival time

                      0.150000    0.000000    0.000000   clock clk (rise edge)
                                  0.000000    0.000000   clock network delay (ideal)
                                  0.250000    0.250000   clock uncertainty
                                  0.000000    0.250000   clock reconvergence pessimism
                                              0.250000 ^ _13355_/CLK (sky130_fd_sc_hd__dfrtp_2)
                                 -0.067537    0.182463   library hold time
                                              0.182463   data required time
---------------------------------------------------------------------------------------------
                                              0.182463   data required time
                                             -2.940187   data arrival time
---------------------------------------------------------------------------------------------
                                              2.757724   slack (MET)


Startpoint: w22[0] (input port clocked by clk)
Endpoint: _13388_ (rising edge-triggered flip-flop clocked by clk)
Path Group: clk
Path Type: min

Fanout         Cap        Slew       Delay        Time   Description
---------------------------------------------------------------------------------------------
                      0.150000    0.000000    0.000000   clock clk (rise edge)
                                  0.000000    0.000000   clock network delay (ideal)
                                  2.000000    2.000000 v input external delay
    15    0.044394    0.192703    0.136055    2.136055 v w22[0] (in)
                                                         w22[0] (net)
                      0.192703    0.000000    2.136055 v _09998_/B (sky130_fd_sc_hd__nand2_2)
     3    0.008662    0.110998    0.184428    2.320483 ^ _09998_/Y (sky130_fd_sc_hd__nand2_2)
                                                         _02783_ (net)
                      0.110998    0.000000    2.320483 ^ _10023_/C (sky130_fd_sc_hd__or4_2)
     3    0.010527    0.105908    0.251998    2.572481 ^ _10023_/X (sky130_fd_sc_hd__or4_2)
                                                         _02809_ (net)
                      0.105908    0.000000    2.572481 ^ _10076_/A1 (sky130_fd_sc_hd__a21oi_2)
     4    0.011106    0.062791    0.153808    2.726290 v _10076_/Y (sky130_fd_sc_hd__a21oi_2)
                                                         _02866_ (net)
                      0.062791    0.000000    2.726290 v _10079_/A1 (sky130_fd_sc_hd__o21bai_2)
     1    0.001460    0.060586    0.181138    2.907427 ^ _10079_/Y (sky130_fd_sc_hd__o21bai_2)
                                                         _02870_ (net)
                      0.060586    0.000000    2.907427 ^ _10080_/B (sky130_fd_sc_hd__and2_2)
     1    0.001853    0.061176    0.246316    3.153743 ^ _10080_/X (sky130_fd_sc_hd__and2_2)
                                                         _00002_ (net)
                      0.061176    0.000000    3.153743 ^ _13388_/D (sky130_fd_sc_hd__dfrtp_2)
                                              3.153743   data arrival time

                      0.150000    0.000000    0.000000   clock clk (rise edge)
                                  0.000000    0.000000   clock network delay (ideal)
                                  0.250000    0.250000   clock uncertainty
                                  0.000000    0.250000   clock reconvergence pessimism
                                              0.250000 ^ _13388_/CLK (sky130_fd_sc_hd__dfrtp_2)
                                 -0.061766    0.188234   library hold time
                                              0.188234   data required time
---------------------------------------------------------------------------------------------
                                              0.188234   data required time
                                             -3.153743   data arrival time
---------------------------------------------------------------------------------------------
                                              2.965509   slack (MET)


Startpoint: w21[0] (input port clocked by clk)
Endpoint: _13372_ (rising edge-triggered flip-flop clocked by clk)
Path Group: clk
Path Type: min

Fanout         Cap        Slew       Delay        Time   Description
---------------------------------------------------------------------------------------------
                      0.150000    0.000000    0.000000   clock clk (rise edge)
                                  0.000000    0.000000   clock network delay (ideal)
                                  2.000000    2.000000 v input external delay
    14    0.043747    0.189961    0.134078    2.134078 v w21[0] (in)
                                                         w21[0] (net)
                      0.189961    0.000000    2.134078 v _11644_/B (sky130_fd_sc_hd__nand2_2)
     4    0.010088    0.120752    0.191230    2.325308 ^ _11644_/Y (sky130_fd_sc_hd__nand2_2)
                                                         _04576_ (net)
                      0.120752    0.000000    2.325308 ^ _11669_/C (sky130_fd_sc_hd__or4_2)
     3    0.010527    0.105916    0.256581    2.581889 ^ _11669_/X (sky130_fd_sc_hd__or4_2)
                                                         _04603_ (net)
                      0.105916    0.000000    2.581889 ^ _11723_/A1 (sky130_fd_sc_hd__a21oi_2)
     4    0.011106    0.062791    0.153811    2.735701 v _11723_/Y (sky130_fd_sc_hd__a21oi_2)
                                                         _04661_ (net)
                      0.062791    0.000000    2.735701 v _11726_/A1 (sky130_fd_sc_hd__o21bai_2)
     1    0.001460    0.060586    0.181138    2.916838 ^ _11726_/Y (sky130_fd_sc_hd__o21bai_2)
                                                         _04664_ (net)
                      0.060586    0.000000    2.916838 ^ _11727_/B (sky130_fd_sc_hd__and2_2)
     1    0.001853    0.061176    0.246316    3.163154 ^ _11727_/X (sky130_fd_sc_hd__and2_2)
                                                         _00005_ (net)
                      0.061176    0.000000    3.163154 ^ _13372_/D (sky130_fd_sc_hd__dfrtp_2)
                                              3.163154   data arrival time

                      0.150000    0.000000    0.000000   clock clk (rise edge)
                                  0.000000    0.000000   clock network delay (ideal)
                                  0.250000    0.250000   clock uncertainty
                                  0.000000    0.250000   clock reconvergence pessimism
                                              0.250000 ^ _13372_/CLK (sky130_fd_sc_hd__dfrtp_2)
                                 -0.061766    0.188234   library hold time
                                              0.188234   data required time
---------------------------------------------------------------------------------------------
                                              0.188234   data required time
                                             -3.163154   data arrival time
---------------------------------------------------------------------------------------------
                                              2.974921   slack (MET)


Startpoint: w11[0] (input port clocked by clk)
Endpoint: _13373_ (rising edge-triggered flip-flop clocked by clk)
Path Group: clk
Path Type: min

Fanout         Cap        Slew       Delay        Time   Description
---------------------------------------------------------------------------------------------
                      0.150000    0.000000    0.000000   clock clk (rise edge)
                                  0.000000    0.000000   clock network delay (ideal)
                                  2.000000    2.000000 v input external delay
    18    0.047055    0.203978    0.144186    2.144186 v w11[0] (in)
                                                         w11[0] (net)
                      0.203978    0.000000    2.144186 v _11647_/B (sky130_fd_sc_hd__nand2_2)
     2    0.005913    0.092936    0.174205    2.318391 ^ _11647_/Y (sky130_fd_sc_hd__nand2_2)
                                                         _04580_ (net)
                      0.092936    0.000000    2.318391 ^ _11648_/C (sky130_fd_sc_hd__or3_2)
     3    0.007417    0.082727    0.219398    2.537789 ^ _11648_/X (sky130_fd_sc_hd__or3_2)
                                                         _04581_ (net)
                      0.082727    0.000000    2.537789 ^ _11678_/A (sky130_fd_sc_hd__nor2_2)
     3    0.006874    0.042300    0.084749    2.622538 v _11678_/Y (sky130_fd_sc_hd__nor2_2)
                                                         _04613_ (net)
                      0.042300    0.000000    2.622538 v _11725_/C_N (sky130_fd_sc_hd__or3b_2)
     3    0.015066    0.151122    0.422060    3.044598 ^ _11725_/X (sky130_fd_sc_hd__or3b_2)
                                                         _04663_ (net)
                      0.151122    0.000000    3.044598 ^ _13290_/A (sky130_fd_sc_hd__xnor2_2)
     1    0.001838    0.057116    0.147696    3.192294 v _13290_/Y (sky130_fd_sc_hd__xnor2_2)
                                                         _00025_ (net)
                      0.057116    0.000000    3.192294 v _13373_/D (sky130_fd_sc_hd__dfrtp_2)
                                              3.192294   data arrival time

                      0.150000    0.000000    0.000000   clock clk (rise edge)
                                  0.000000    0.000000   clock network delay (ideal)
                                  0.250000    0.250000   clock uncertainty
                                  0.000000    0.250000   clock reconvergence pessimism
                                              0.250000 ^ _13373_/CLK (sky130_fd_sc_hd__dfrtp_2)
                                 -0.065540    0.184460   library hold time
                                              0.184460   data required time
---------------------------------------------------------------------------------------------
                                              0.184460   data required time
                                             -3.192294   data arrival time
---------------------------------------------------------------------------------------------
                                              3.007834   slack (MET)


Startpoint: w12[0] (input port clocked by clk)
Endpoint: _13389_ (rising edge-triggered flip-flop clocked by clk)
Path Group: clk
Path Type: min

Fanout         Cap        Slew       Delay        Time   Description
---------------------------------------------------------------------------------------------
                      0.150000    0.000000    0.000000   clock clk (rise edge)
                                  0.000000    0.000000   clock network delay (ideal)
                                  2.000000    2.000000 v input external delay
    18    0.047055    0.203978    0.144186    2.144186 v w12[0] (in)
                                                         w12[0] (net)
                      0.203978    0.000000    2.144186 v _10001_/B (sky130_fd_sc_hd__nand2_2)
     2    0.005913    0.092936    0.174205    2.318391 ^ _10001_/Y (sky130_fd_sc_hd__nand2_2)
                                                         _02786_ (net)
                      0.092936    0.000000    2.318391 ^ _10002_/C (sky130_fd_sc_hd__or3_2)
     3    0.007417    0.082727    0.219398    2.537789 ^ _10002_/X (sky130_fd_sc_hd__or3_2)
                                                         _02787_ (net)
                      0.082727    0.000000    2.537789 ^ _10032_/A (sky130_fd_sc_hd__nor2_2)
     3    0.006874    0.042300    0.084749    2.622538 v _10032_/Y (sky130_fd_sc_hd__nor2_2)
                                                         _02819_ (net)
                      0.042300    0.000000    2.622538 v _10078_/C_N (sky130_fd_sc_hd__or3b_2)
     3    0.015066    0.151122    0.422060    3.044598 ^ _10078_/X (sky130_fd_sc_hd__or3b_2)
                                                         _02869_ (net)
                      0.151122    0.000000    3.044598 ^ _11640_/A (sky130_fd_sc_hd__xnor2_2)
     1    0.001838    0.057116    0.147696    3.192294 v _11640_/Y (sky130_fd_sc_hd__xnor2_2)
                                                         _00012_ (net)
                      0.057116    0.000000    3.192294 v _13389_/D (sky130_fd_sc_hd__dfrtp_2)
                                              3.192294   data arrival time

                      0.150000    0.000000    0.000000   clock clk (rise edge)
                                  0.000000    0.000000   clock network delay (ideal)
                                  0.250000    0.250000   clock uncertainty
                                  0.000000    0.250000   clock reconvergence pessimism
                                              0.250000 ^ _13389_/CLK (sky130_fd_sc_hd__dfrtp_2)
                                 -0.065540    0.184460   library hold time
                                              0.184460   data required time
---------------------------------------------------------------------------------------------
                                              0.184460   data required time
                                             -3.192294   data arrival time
---------------------------------------------------------------------------------------------
                                              3.007834   slack (MET)


Startpoint: w13[0] (input port clocked by clk)
Endpoint: _13405_ (rising edge-triggered flip-flop clocked by clk)
Path Group: clk
Path Type: min

Fanout         Cap        Slew       Delay        Time   Description
---------------------------------------------------------------------------------------------
                      0.150000    0.000000    0.000000   clock clk (rise edge)
                                  0.000000    0.000000   clock network delay (ideal)
                                  2.000000    2.000000 v input external delay
    18    0.043213    0.187699    0.132447    2.132447 v w13[0] (in)
                                                         w13[0] (net)
                      0.187699    0.000000    2.132447 v _08360_/B (sky130_fd_sc_hd__nand2_2)
     2    0.005913    0.091351    0.166353    2.298800 ^ _08360_/Y (sky130_fd_sc_hd__nand2_2)
                                                         _01092_ (net)
                      0.091351    0.000000    2.298800 ^ _08361_/C (sky130_fd_sc_hd__or3_2)
     3    0.007417    0.082726    0.218652    2.517452 ^ _08361_/X (sky130_fd_sc_hd__or3_2)
                                                         _01093_ (net)
                      0.082726    0.000000    2.517452 ^ _08390_/A (sky130_fd_sc_hd__nor2_2)
     4    0.012055    0.061298    0.101107    2.618559 v _08390_/Y (sky130_fd_sc_hd__nor2_2)
                                                         _01121_ (net)
                      0.061298    0.000000    2.618559 v _08434_/A (sky130_fd_sc_hd__and3_2)
     2    0.012677    0.112125    0.413188    3.031747 v _08434_/X (sky130_fd_sc_hd__and3_2)
                                                         _01164_ (net)
                      0.112125    0.000000    3.031747 v _09994_/A (sky130_fd_sc_hd__xnor2_2)
     1    0.001853    0.051914    0.222364    3.254111 ^ _09994_/Y (sky130_fd_sc_hd__xnor2_2)
                                                         _00051_ (net)
                      0.051914    0.000000    3.254111 ^ _13405_/D (sky130_fd_sc_hd__dfrtp_2)
                                              3.254111   data arrival time

                      0.150000    0.000000    0.000000   clock clk (rise edge)
                                  0.000000    0.000000   clock network delay (ideal)
                                  0.250000    0.250000   clock uncertainty
                                  0.000000    0.250000   clock reconvergence pessimism
                                              0.250000 ^ _13405_/CLK (sky130_fd_sc_hd__dfrtp_2)
                                 -0.059662    0.190338   library hold time
                                              0.190338   data required time
---------------------------------------------------------------------------------------------
                                              0.190338   data required time
                                             -3.254111   data arrival time
---------------------------------------------------------------------------------------------
                                              3.063774   slack (MET)


Startpoint: w13[0] (input port clocked by clk)
Endpoint: _13407_ (rising edge-triggered flip-flop clocked by clk)
Path Group: clk
Path Type: min

Fanout         Cap        Slew       Delay        Time   Description
---------------------------------------------------------------------------------------------
                      0.150000    0.000000    0.000000   clock clk (rise edge)
                                  0.000000    0.000000   clock network delay (ideal)
                                  2.000000    2.000000 v input external delay
    18    0.043213    0.187699    0.132447    2.132447 v w13[0] (in)
                                                         w13[0] (net)
                      0.187699    0.000000    2.132447 v _08360_/B (sky130_fd_sc_hd__nand2_2)
     2    0.005913    0.091351    0.166353    2.298800 ^ _08360_/Y (sky130_fd_sc_hd__nand2_2)
                                                         _01092_ (net)
                      0.091351    0.000000    2.298800 ^ _08361_/C (sky130_fd_sc_hd__or3_2)
     3    0.007417    0.082726    0.218652    2.517452 ^ _08361_/X (sky130_fd_sc_hd__or3_2)
                                                         _01093_ (net)
                      0.082726    0.000000    2.517452 ^ _08390_/A (sky130_fd_sc_hd__nor2_2)
     4    0.012055    0.061298    0.101107    2.618559 v _08390_/Y (sky130_fd_sc_hd__nor2_2)
                                                         _01121_ (net)
                      0.061298    0.000000    2.618559 v _08608_/A1 (sky130_fd_sc_hd__a41o_2)
     3    0.007813    0.086921    0.410552    3.029111 v _08608_/X (sky130_fd_sc_hd__a41o_2)
                                                         _01337_ (net)
                      0.086921    0.000000    3.029111 v _08609_/B (sky130_fd_sc_hd__nand2_2)
     2    0.010477    0.108244    0.143764    3.172874 ^ _08609_/Y (sky130_fd_sc_hd__nand2_2)
                                                         _01338_ (net)
                      0.108244    0.000000    3.172874 ^ _08724_/A (sky130_fd_sc_hd__xnor2_2)
     1    0.001838    0.052262    0.132604    3.305478 v _08724_/Y (sky130_fd_sc_hd__xnor2_2)
                                                         _00059_ (net)
                      0.052262    0.000000    3.305478 v _13407_/D (sky130_fd_sc_hd__dfrtp_2)
                                              3.305478   data arrival time

                      0.150000    0.000000    0.000000   clock clk (rise edge)
                                  0.000000    0.000000   clock network delay (ideal)
                                  0.250000    0.250000   clock uncertainty
                                  0.000000    0.250000   clock reconvergence pessimism
                                              0.250000 ^ _13407_/CLK (sky130_fd_sc_hd__dfrtp_2)
                                 -0.063762    0.186238   library hold time
                                              0.186238   data required time
---------------------------------------------------------------------------------------------
                                              0.186238   data required time
                                             -3.305478   data arrival time
---------------------------------------------------------------------------------------------
                                              3.119240   slack (MET)


Startpoint: w11[3] (input port clocked by clk)
Endpoint: _13375_ (rising edge-triggered flip-flop clocked by clk)
Path Group: clk
Path Type: min

Fanout         Cap        Slew       Delay        Time   Description
---------------------------------------------------------------------------------------------
                      0.150000    0.000000    0.000000   clock clk (rise edge)
                                  0.000000    0.000000   clock network delay (ideal)
                                  2.000000    2.000000 v input external delay
    18    0.046423    0.201300    0.142255    2.142255 v w11[3] (in)
                                                         w11[3] (net)
                      0.201300    0.000000    2.142255 v _11770_/B (sky130_fd_sc_hd__nand3_2)
     3    0.014649    0.155900    0.230212    2.372467 ^ _11770_/Y (sky130_fd_sc_hd__nand3_2)
                                                         _04712_ (net)
                      0.155900    0.000000    2.372467 ^ _11900_/A2 (sky130_fd_sc_hd__o21ai_2)
     1    0.004300    0.062735    0.131238    2.503705 v _11900_/Y (sky130_fd_sc_hd__o21ai_2)
                                                         _04854_ (net)
                      0.062735    0.000000    2.503705 v _11901_/A (sky130_fd_sc_hd__inv_2)
     3    0.010663    0.088935    0.103619    2.607324 ^ _11901_/Y (sky130_fd_sc_hd__inv_2)
                                                         _04855_ (net)
                      0.088935    0.000000    2.607324 ^ _12011_/B1 (sky130_fd_sc_hd__o21ai_2)
     4    0.009417    0.100036    0.139518    2.746842 v _12011_/Y (sky130_fd_sc_hd__o21ai_2)
                                                         _04976_ (net)
                      0.100036    0.000000    2.746842 v _12014_/B (sky130_fd_sc_hd__nand3_2)
     3    0.006406    0.094730    0.135126    2.881968 ^ _12014_/Y (sky130_fd_sc_hd__nand3_2)
                                                         _04979_ (net)
                      0.094730    0.000000    2.881968 ^ _12017_/B1 (sky130_fd_sc_hd__a22o_2)
     1    0.001604    0.053347    0.242582    3.124551 ^ _12017_/X (sky130_fd_sc_hd__a22o_2)
                                                         _04983_ (net)
                      0.053347    0.000000    3.124551 ^ _12018_/B (sky130_fd_sc_hd__and2b_2)
     1    0.001853    0.057647    0.246902    3.371452 ^ _12018_/X (sky130_fd_sc_hd__and2b_2)
                                                         _00033_ (net)
                      0.057647    0.000000    3.371452 ^ _13375_/D (sky130_fd_sc_hd__dfrtp_2)
                                              3.371452   data arrival time

                      0.150000    0.000000    0.000000   clock clk (rise edge)
                                  0.000000    0.000000   clock network delay (ideal)
                                  0.250000    0.250000   clock uncertainty
                                  0.000000    0.250000   clock reconvergence pessimism
                                              0.250000 ^ _13375_/CLK (sky130_fd_sc_hd__dfrtp_2)
                                 -0.060965    0.189035   library hold time
                                              0.189035   data required time
---------------------------------------------------------------------------------------------
                                              0.189035   data required time
                                             -3.371452   data arrival time
---------------------------------------------------------------------------------------------
                                              3.182417   slack (MET)


Startpoint: w22[0] (input port clocked by clk)
Endpoint: _13390_ (rising edge-triggered flip-flop clocked by clk)
Path Group: clk
Path Type: min

Fanout         Cap        Slew       Delay        Time   Description
---------------------------------------------------------------------------------------------
                      0.150000    0.000000    0.000000   clock clk (rise edge)
                                  0.000000    0.000000   clock network delay (ideal)
                                  2.000000    2.000000 v input external delay
    15    0.044394    0.192703    0.136055    2.136055 v w22[0] (in)
                                                         w22[0] (net)
                      0.192703    0.000000    2.136055 v _09998_/B (sky130_fd_sc_hd__nand2_2)
     3    0.008662    0.110998    0.184428    2.320483 ^ _09998_/Y (sky130_fd_sc_hd__nand2_2)
                                                         _02783_ (net)
                      0.110998    0.000000    2.320483 ^ _10023_/C (sky130_fd_sc_hd__or4_2)
     3    0.010527    0.105908    0.251998    2.572481 ^ _10023_/X (sky130_fd_sc_hd__or4_2)
                                                         _02809_ (net)
                      0.105908    0.000000    2.572481 ^ _10076_/A1 (sky130_fd_sc_hd__a21oi_2)
     4    0.011106    0.062791    0.153808    2.726290 v _10076_/Y (sky130_fd_sc_hd__a21oi_2)
                                                         _02866_ (net)
                      0.062791    0.000000    2.726290 v _10247_/B1 (sky130_fd_sc_hd__a21oi_2)
     2    0.009380    0.233954    0.239335    2.965625 ^ _10247_/Y (sky130_fd_sc_hd__a21oi_2)
                                                         _03054_ (net)
                      0.233954    0.000000    2.965625 ^ _10249_/A2 (sky130_fd_sc_hd__o21bai_2)
     4    0.014039    0.151194    0.236676    3.202300 v _10249_/Y (sky130_fd_sc_hd__o21bai_2)
                                                         _03056_ (net)
                      0.151194    0.000000    3.202300 v _10250_/B (sky130_fd_sc_hd__xor2_2)
     1    0.001853    0.094369    0.200412    3.402713 ^ _10250_/X (sky130_fd_sc_hd__xor2_2)
                                                         _00019_ (net)
                      0.094369    0.000000    3.402713 ^ _13390_/D (sky130_fd_sc_hd__dfrtp_2)
                                              3.402713   data arrival time

                      0.150000    0.000000    0.000000   clock clk (rise edge)
                                  0.000000    0.000000   clock network delay (ideal)
                                  0.250000    0.250000   clock uncertainty
                                  0.000000    0.250000   clock reconvergence pessimism
                                              0.250000 ^ _13390_/CLK (sky130_fd_sc_hd__dfrtp_2)
                                 -0.069308    0.180692   library hold time
                                              0.180692   data required time
---------------------------------------------------------------------------------------------
                                              0.180692   data required time
                                             -3.402713   data arrival time
---------------------------------------------------------------------------------------------
                                              3.222021   slack (MET)


Startpoint: w21[0] (input port clocked by clk)
Endpoint: _13374_ (rising edge-triggered flip-flop clocked by clk)
Path Group: clk
Path Type: min

Fanout         Cap        Slew       Delay        Time   Description
---------------------------------------------------------------------------------------------
                      0.150000    0.000000    0.000000   clock clk (rise edge)
                                  0.000000    0.000000   clock network delay (ideal)
                                  2.000000    2.000000 v input external delay
    14    0.043747    0.189961    0.134078    2.134078 v w21[0] (in)
                                                         w21[0] (net)
                      0.189961    0.000000    2.134078 v _11644_/B (sky130_fd_sc_hd__nand2_2)
     4    0.010088    0.120752    0.191230    2.325308 ^ _11644_/Y (sky130_fd_sc_hd__nand2_2)
                                                         _04576_ (net)
                      0.120752    0.000000    2.325308 ^ _11669_/C (sky130_fd_sc_hd__or4_2)
     3    0.010527    0.105916    0.256581    2.581889 ^ _11669_/X (sky130_fd_sc_hd__or4_2)
                                                         _04603_ (net)
                      0.105916    0.000000    2.581889 ^ _11723_/A1 (sky130_fd_sc_hd__a21oi_2)
     4    0.011106    0.062791    0.153811    2.735701 v _11723_/Y (sky130_fd_sc_hd__a21oi_2)
                                                         _04661_ (net)
                      0.062791    0.000000    2.735701 v _11896_/B1 (sky130_fd_sc_hd__a21oi_2)
     2    0.009380    0.233926    0.239335    2.975036 ^ _11896_/Y (sky130_fd_sc_hd__a21oi_2)
                                                         _04850_ (net)
                      0.233926    0.000000    2.975036 ^ _11898_/A2 (sky130_fd_sc_hd__o21bai_2)
     4    0.014039    0.151192    0.236668    3.211704 v _11898_/Y (sky130_fd_sc_hd__o21bai_2)
                                                         _04853_ (net)
                      0.151192    0.000000    3.211704 v _11899_/B (sky130_fd_sc_hd__xor2_2)
     1    0.001853    0.094369    0.200411    3.412115 ^ _11899_/X (sky130_fd_sc_hd__xor2_2)
                                                         _00032_ (net)
                      0.094369    0.000000    3.412115 ^ _13374_/D (sky130_fd_sc_hd__dfrtp_2)
                                              3.412115   data arrival time

                      0.150000    0.000000    0.000000   clock clk (rise edge)
                                  0.000000    0.000000   clock network delay (ideal)
                                  0.250000    0.250000   clock uncertainty
                                  0.000000    0.250000   clock reconvergence pessimism
                                              0.250000 ^ _13374_/CLK (sky130_fd_sc_hd__dfrtp_2)
                                 -0.069309    0.180691   library hold time
                                              0.180691   data required time
---------------------------------------------------------------------------------------------
                                              0.180691   data required time
                                             -3.412115   data arrival time
---------------------------------------------------------------------------------------------
                                              3.231423   slack (MET)


Startpoint: w13[0] (input port clocked by clk)
Endpoint: _13406_ (rising edge-triggered flip-flop clocked by clk)
Path Group: clk
Path Type: min

Fanout         Cap        Slew       Delay        Time   Description
---------------------------------------------------------------------------------------------
                      0.150000    0.000000    0.000000   clock clk (rise edge)
                                  0.000000    0.000000   clock network delay (ideal)
                                  2.000000    2.000000 v input external delay
    18    0.043213    0.187699    0.132447    2.132447 v w13[0] (in)
                                                         w13[0] (net)
                      0.187699    0.000000    2.132447 v _08360_/B (sky130_fd_sc_hd__nand2_2)
     2    0.005913    0.091351    0.166353    2.298800 ^ _08360_/Y (sky130_fd_sc_hd__nand2_2)
                                                         _01092_ (net)
                      0.091351    0.000000    2.298800 ^ _08361_/C (sky130_fd_sc_hd__or3_2)
     3    0.007417    0.082726    0.218652    2.517452 ^ _08361_/X (sky130_fd_sc_hd__or3_2)
                                                         _01093_ (net)
                      0.082726    0.000000    2.517452 ^ _08390_/A (sky130_fd_sc_hd__nor2_2)
     4    0.012055    0.061298    0.101107    2.618559 v _08390_/Y (sky130_fd_sc_hd__nor2_2)
                                                         _01121_ (net)
                      0.061298    0.000000    2.618559 v _08608_/A1 (sky130_fd_sc_hd__a41o_2)
     3    0.007813    0.086921    0.410552    3.029111 v _08608_/X (sky130_fd_sc_hd__a41o_2)
                                                         _01337_ (net)
                      0.086921    0.000000    3.029111 v _08609_/B (sky130_fd_sc_hd__nand2_2)
     2    0.010477    0.108244    0.143764    3.172874 ^ _08609_/Y (sky130_fd_sc_hd__nand2_2)
                                                         _01338_ (net)
                      0.108244    0.000000    3.172874 ^ _08611_/A (sky130_fd_sc_hd__and2_2)
     1    0.001853    0.061082    0.256009    3.428883 ^ _08611_/X (sky130_fd_sc_hd__and2_2)
                                                         _00058_ (net)
                      0.061082    0.000000    3.428883 ^ _13406_/D (sky130_fd_sc_hd__dfrtp_2)
                                              3.428883   data arrival time

                      0.150000    0.000000    0.000000   clock clk (rise edge)
                                  0.000000    0.000000   clock network delay (ideal)
                                  0.250000    0.250000   clock uncertainty
                                  0.000000    0.250000   clock reconvergence pessimism
                                              0.250000 ^ _13406_/CLK (sky130_fd_sc_hd__dfrtp_2)
                                 -0.061745    0.188255   library hold time
                                              0.188255   data required time
---------------------------------------------------------------------------------------------
                                              0.188255   data required time
                                             -3.428883   data arrival time
---------------------------------------------------------------------------------------------
                                              3.240628   slack (MET)


Startpoint: w10[0] (input port clocked by clk)
Endpoint: _13357_ (rising edge-triggered flip-flop clocked by clk)
Path Group: clk
Path Type: min

Fanout         Cap        Slew       Delay        Time   Description
---------------------------------------------------------------------------------------------
                      0.150000    0.000000    0.000000   clock clk (rise edge)
                                  0.000000    0.000000   clock network delay (ideal)
                                  2.000000    2.000000 v input external delay
    18    0.043740    0.189932    0.134057    2.134057 v w10[0] (in)
                                                         w10[0] (net)
                      0.189932    0.000000    2.134057 v _06710_/A (sky130_fd_sc_hd__nand2_2)
     2    0.005913    0.086691    0.151312    2.285369 ^ _06710_/Y (sky130_fd_sc_hd__nand2_2)
                                                         _02371_ (net)
                      0.086691    0.000000    2.285369 ^ _06711_/C (sky130_fd_sc_hd__or3_2)
     3    0.007450    0.082972    0.216650    2.502019 ^ _06711_/X (sky130_fd_sc_hd__or3_2)
                                                         _02381_ (net)
                      0.082972    0.000000    2.502019 ^ _06740_/A (sky130_fd_sc_hd__or2_2)
     3    0.011736    0.115965    0.235325    2.737344 ^ _06740_/X (sky130_fd_sc_hd__or2_2)
                                                         _02697_ (net)
                      0.115965    0.000000    2.737344 ^ _06788_/A_N (sky130_fd_sc_hd__nand2b_2)
     3    0.016951    0.160869    0.284627    3.021970 ^ _06788_/Y (sky130_fd_sc_hd__nand2b_2)
                                                         _03216_ (net)
                      0.160869    0.000000    3.021970 ^ _08351_/A (sky130_fd_sc_hd__xor2_2)
     1    0.001892    0.095021    0.212696    3.234666 ^ _08351_/X (sky130_fd_sc_hd__xor2_2)
                                                         _01084_ (net)
                      0.095021    0.000000    3.234666 ^ _08352_/A1 (sky130_fd_sc_hd__mux2_1)
     1    0.001853    0.062830    0.227456    3.462121 ^ _08352_/X (sky130_fd_sc_hd__mux2_1)
                                                         _00038_ (net)
                      0.062830    0.000000    3.462121 ^ _13357_/D (sky130_fd_sc_hd__dfrtp_2)
                                              3.462121   data arrival time

                      0.150000    0.000000    0.000000   clock clk (rise edge)
                                  0.000000    0.000000   clock network delay (ideal)
                                  0.250000    0.250000   clock uncertainty
                                  0.000000    0.250000   clock reconvergence pessimism
                                              0.250000 ^ _13357_/CLK (sky130_fd_sc_hd__dfrtp_2)
                                 -0.062142    0.187858   library hold time
                                              0.187858   data required time
---------------------------------------------------------------------------------------------
                                              0.187858   data required time
                                             -3.462121   data arrival time
---------------------------------------------------------------------------------------------
                                              3.274264   slack (MET)


Startpoint: w11[3] (input port clocked by clk)
Endpoint: _13376_ (rising edge-triggered flip-flop clocked by clk)
Path Group: clk
Path Type: min

Fanout         Cap        Slew       Delay        Time   Description
---------------------------------------------------------------------------------------------
                      0.150000    0.000000    0.000000   clock clk (rise edge)
                                  0.000000    0.000000   clock network delay (ideal)
                                  2.000000    2.000000 v input external delay
    18    0.046423    0.201300    0.142255    2.142255 v w11[3] (in)
                                                         w11[3] (net)
                      0.201300    0.000000    2.142255 v _11770_/B (sky130_fd_sc_hd__nand3_2)
     3    0.014649    0.155900    0.230212    2.372467 ^ _11770_/Y (sky130_fd_sc_hd__nand3_2)
                                                         _04712_ (net)
                      0.155900    0.000000    2.372467 ^ _11900_/A2 (sky130_fd_sc_hd__o21ai_2)
     1    0.004300    0.062735    0.131238    2.503705 v _11900_/Y (sky130_fd_sc_hd__o21ai_2)
                                                         _04854_ (net)
                      0.062735    0.000000    2.503705 v _11901_/A (sky130_fd_sc_hd__inv_2)
     3    0.010663    0.088935    0.103619    2.607324 ^ _11901_/Y (sky130_fd_sc_hd__inv_2)
                                                         _04855_ (net)
                      0.088935    0.000000    2.607324 ^ _12011_/B1 (sky130_fd_sc_hd__o21ai_2)
     4    0.009417    0.100036    0.139518    2.746842 v _12011_/Y (sky130_fd_sc_hd__o21ai_2)
                                                         _04976_ (net)
                      0.100036    0.000000    2.746842 v _12014_/B (sky130_fd_sc_hd__nand3_2)
     3    0.006406    0.094730    0.135126    2.881968 ^ _12014_/Y (sky130_fd_sc_hd__nand3_2)
                                                         _04979_ (net)
                      0.094730    0.000000    2.881968 ^ _12153_/A3 (sky130_fd_sc_hd__a41o_2)
     2    0.010974    0.111150    0.498174    3.380143 ^ _12153_/X (sky130_fd_sc_hd__a41o_2)
                                                         _05130_ (net)
                      0.111150    0.000000    3.380143 ^ _12154_/B (sky130_fd_sc_hd__xor2_2)
     1    0.001838    0.049717    0.113214    3.493357 v _12154_/X (sky130_fd_sc_hd__xor2_2)
                                                         _00034_ (net)
                      0.049717    0.000000    3.493357 v _13376_/D (sky130_fd_sc_hd__dfrtp_2)
                                              3.493357   data arrival time

                      0.150000    0.000000    0.000000   clock clk (rise edge)
                                  0.000000    0.000000   clock network delay (ideal)
                                  0.250000    0.250000   clock uncertainty
                                  0.000000    0.250000   clock reconvergence pessimism
                                              0.250000 ^ _13376_/CLK (sky130_fd_sc_hd__dfrtp_2)
                                 -0.062829    0.187171   library hold time
                                              0.187171   data required time
---------------------------------------------------------------------------------------------
                                              0.187171   data required time
                                             -3.493357   data arrival time
---------------------------------------------------------------------------------------------
                                              3.306186   slack (MET)


Startpoint: w10[3] (input port clocked by clk)
Endpoint: _13360_ (rising edge-triggered flip-flop clocked by clk)
Path Group: clk
Path Type: min

Fanout         Cap        Slew       Delay        Time   Description
---------------------------------------------------------------------------------------------
                      0.150000    0.000000    0.000000   clock clk (rise edge)
                                  0.000000    0.000000   clock network delay (ideal)
                                  2.000000    2.000000 v input external delay
    16    0.044012    0.191084    0.134888    2.134888 v w10[3] (in)
                                                         w10[3] (net)
                      0.191084    0.000000    2.134888 v _06801_/B (sky130_fd_sc_hd__nand2_2)
     2    0.006034    0.092525    0.168676    2.303564 ^ _06801_/Y (sky130_fd_sc_hd__nand2_2)
                                                         _03357_ (net)
                      0.092525    0.000000    2.303564 ^ _06832_/A (sky130_fd_sc_hd__or2_2)
     3    0.014649    0.137591    0.256886    2.560450 ^ _06832_/X (sky130_fd_sc_hd__or2_2)
                                                         _03696_ (net)
                      0.137591    0.000000    2.560450 ^ _06959_/A2 (sky130_fd_sc_hd__o21ai_2)
     2    0.006552    0.078327    0.138688    2.699138 v _06959_/Y (sky130_fd_sc_hd__o21ai_2)
                                                         _05079_ (net)
                      0.078327    0.000000    2.699138 v _07065_/A (sky130_fd_sc_hd__nand3_2)
     5    0.017514    0.165627    0.169636    2.868774 ^ _07065_/Y (sky130_fd_sc_hd__nand3_2)
                                                         _06237_ (net)
                      0.165627    0.000000    2.868774 ^ _07067_/A (sky130_fd_sc_hd__nand2_2)
     3    0.007248    0.084175    0.141724    3.010498 v _07067_/Y (sky130_fd_sc_hd__nand2_2)
                                                         _06259_ (net)
                      0.084175    0.000000    3.010498 v _07209_/B1 (sky130_fd_sc_hd__o32ai_2)
     2    0.010974    0.354781    0.296653    3.307152 ^ _07209_/Y (sky130_fd_sc_hd__o32ai_2)
                                                         _06501_ (net)
                      0.354781    0.000000    3.307152 ^ _07210_/B (sky130_fd_sc_hd__xor2_2)
     1    0.001838    0.049794    0.196049    3.503201 v _07210_/X (sky130_fd_sc_hd__xor2_2)
                                                         _00047_ (net)
                      0.049794    0.000000    3.503201 v _13360_/D (sky130_fd_sc_hd__dfrtp_2)
                                              3.503201   data arrival time

                      0.150000    0.000000    0.000000   clock clk (rise edge)
                                  0.000000    0.000000   clock network delay (ideal)
                                  0.250000    0.250000   clock uncertainty
                                  0.000000    0.250000   clock reconvergence pessimism
                                              0.250000 ^ _13360_/CLK (sky130_fd_sc_hd__dfrtp_2)
                                 -0.062858    0.187143   library hold time
                                              0.187143   data required time
---------------------------------------------------------------------------------------------
                                              0.187143   data required time
                                             -3.503201   data arrival time
---------------------------------------------------------------------------------------------
                                              3.316058   slack (MET)


Startpoint: w12[4] (input port clocked by clk)
Endpoint: _13394_ (rising edge-triggered flip-flop clocked by clk)
Path Group: clk
Path Type: min

Fanout         Cap        Slew       Delay        Time   Description
---------------------------------------------------------------------------------------------
                      0.150000    0.000000    0.000000   clock clk (rise edge)
                                  0.000000    0.000000   clock network delay (ideal)
                                  2.000000    2.000000 v input external delay
    15    0.040419    0.175860    0.123910    2.123909 v w12[4] (in)
                                                         w12[4] (net)
                      0.175860    0.000000    2.123909 v _10094_/B (sky130_fd_sc_hd__nand2_2)
     3    0.010694    0.124095    0.187883    2.311793 ^ _10094_/Y (sky130_fd_sc_hd__nand2_2)
                                                         _02885_ (net)
                      0.124095    0.000000    2.311793 ^ _10095_/B (sky130_fd_sc_hd__nor2_2)
     2    0.005699    0.045511    0.087883    2.399676 v _10095_/Y (sky130_fd_sc_hd__nor2_2)
                                                         _02886_ (net)
                      0.045511    0.000000    2.399676 v _10258_/A (sky130_fd_sc_hd__nand2_2)
     5    0.014490    0.136387    0.133798    2.533474 ^ _10258_/Y (sky130_fd_sc_hd__nand2_2)
                                                         _03065_ (net)
                      0.136387    0.000000    2.533474 ^ _10505_/A (sky130_fd_sc_hd__or3_2)
     3    0.010663    0.106070    0.264022    2.797496 ^ _10505_/X (sky130_fd_sc_hd__or3_2)
                                                         _03333_ (net)
                      0.106070    0.000000    2.797496 ^ _10826_/B1 (sky130_fd_sc_hd__o21ai_2)
     2    0.006074    0.075157    0.126289    2.923785 v _10826_/Y (sky130_fd_sc_hd__o21ai_2)
                                                         _03685_ (net)
                      0.075157    0.000000    2.923785 v _10828_/A2 (sky130_fd_sc_hd__a21oi_2)
     2    0.003151    0.121033    0.210732    3.134518 ^ _10828_/Y (sky130_fd_sc_hd__a21oi_2)
                                                         _03688_ (net)
                      0.121033    0.000000    3.134518 ^ _10829_/B (sky130_fd_sc_hd__or2_2)
     2    0.013981    0.132805    0.264479    3.398997 ^ _10829_/X (sky130_fd_sc_hd__or2_2)
                                                         _03689_ (net)
                      0.132805    0.000000    3.398997 ^ _10831_/A (sky130_fd_sc_hd__xor2_2)
     1    0.001838    0.049696    0.135193    3.534191 v _10831_/X (sky130_fd_sc_hd__xor2_2)
                                                         _00023_ (net)
                      0.049696    0.000000    3.534191 v _13394_/D (sky130_fd_sc_hd__dfrtp_2)
                                              3.534191   data arrival time

                      0.150000    0.000000    0.000000   clock clk (rise edge)
                                  0.000000    0.000000   clock network delay (ideal)
                                  0.250000    0.250000   clock uncertainty
                                  0.000000    0.250000   clock reconvergence pessimism
                                              0.250000 ^ _13394_/CLK (sky130_fd_sc_hd__dfrtp_2)
                                 -0.062822    0.187178   library hold time
                                              0.187178   data required time
---------------------------------------------------------------------------------------------
                                              0.187178   data required time
                                             -3.534191   data arrival time
---------------------------------------------------------------------------------------------
                                              3.347013   slack (MET)


Startpoint: w10[0] (input port clocked by clk)
Endpoint: _13359_ (rising edge-triggered flip-flop clocked by clk)
Path Group: clk
Path Type: min

Fanout         Cap        Slew       Delay        Time   Description
---------------------------------------------------------------------------------------------
                      0.150000    0.000000    0.000000   clock clk (rise edge)
                                  0.000000    0.000000   clock network delay (ideal)
                                  2.000000    2.000000 v input external delay
    18    0.043740    0.189932    0.134057    2.134057 v w10[0] (in)
                                                         w10[0] (net)
                      0.189932    0.000000    2.134057 v _06710_/A (sky130_fd_sc_hd__nand2_2)
     2    0.005913    0.086691    0.151312    2.285369 ^ _06710_/Y (sky130_fd_sc_hd__nand2_2)
                                                         _02371_ (net)
                      0.086691    0.000000    2.285369 ^ _06711_/C (sky130_fd_sc_hd__or3_2)
     3    0.007450    0.082972    0.216650    2.502019 ^ _06711_/X (sky130_fd_sc_hd__or3_2)
                                                         _02381_ (net)
                      0.082972    0.000000    2.502019 ^ _06740_/A (sky130_fd_sc_hd__or2_2)
     3    0.011736    0.115965    0.235325    2.737344 ^ _06740_/X (sky130_fd_sc_hd__or2_2)
                                                         _02697_ (net)
                      0.115965    0.000000    2.737344 ^ _06788_/A_N (sky130_fd_sc_hd__nand2b_2)
     3    0.016951    0.160869    0.284627    3.021970 ^ _06788_/Y (sky130_fd_sc_hd__nand2b_2)
                                                         _03216_ (net)
                      0.160869    0.000000    3.021970 ^ _06956_/A2 (sky130_fd_sc_hd__a2111o_2)
     3    0.015463    0.132179    0.381601    3.403571 ^ _06956_/X (sky130_fd_sc_hd__a2111o_2)
                                                         _05047_ (net)
                      0.132179    0.000000    3.403571 ^ _07072_/A (sky130_fd_sc_hd__xor2_2)
     1    0.001838    0.049863    0.134958    3.538529 v _07072_/X (sky130_fd_sc_hd__xor2_2)
                                                         _00046_ (net)
                      0.049863    0.000000    3.538529 v _13359_/D (sky130_fd_sc_hd__dfrtp_2)
                                              3.538529   data arrival time

                      0.150000    0.000000    0.000000   clock clk (rise edge)
                                  0.000000    0.000000   clock network delay (ideal)
                                  0.250000    0.250000   clock uncertainty
                                  0.000000    0.250000   clock reconvergence pessimism
                                              0.250000 ^ _13359_/CLK (sky130_fd_sc_hd__dfrtp_2)
                                 -0.062883    0.187117   library hold time
                                              0.187117   data required time
---------------------------------------------------------------------------------------------
                                              0.187117   data required time
                                             -3.538529   data arrival time
---------------------------------------------------------------------------------------------
                                              3.351412   slack (MET)


Startpoint: w11[6] (input port clocked by clk)
Endpoint: _13379_ (rising edge-triggered flip-flop clocked by clk)
Path Group: clk
Path Type: min

Fanout         Cap        Slew       Delay        Time   Description
---------------------------------------------------------------------------------------------
                      0.150000    0.000000    0.000000   clock clk (rise edge)
                                  0.000000    0.000000   clock network delay (ideal)
                                  2.000000    2.000000 ^ input external delay
    17    0.032558    0.240385    0.163944    2.163944 ^ w11[6] (in)
                                                         w11[6] (net)
                      0.240385    0.000000    2.163944 ^ _12031_/B (sky130_fd_sc_hd__nand3_2)
     3    0.010858    0.186218    0.269547    2.433491 v _12031_/Y (sky130_fd_sc_hd__nand3_2)
                                                         _04997_ (net)
                      0.186218    0.000000    2.433491 v _12032_/B (sky130_fd_sc_hd__nand2_2)
     3    0.007773    0.084026    0.176236    2.609726 ^ _12032_/Y (sky130_fd_sc_hd__nand2_2)
                                                         _04998_ (net)
                      0.084026    0.000000    2.609726 ^ _12156_/B (sky130_fd_sc_hd__or3_2)
     2    0.007069    0.080225    0.214374    2.824100 ^ _12156_/X (sky130_fd_sc_hd__or3_2)
                                                         _05132_ (net)
                      0.080225    0.000000    2.824100 ^ _12475_/A (sky130_fd_sc_hd__nor3_2)
     3    0.007686    0.055689    0.092158    2.916258 v _12475_/Y (sky130_fd_sc_hd__nor3_2)
                                                         _05482_ (net)
                      0.055689    0.000000    2.916258 v _12635_/A2 (sky130_fd_sc_hd__o211ai_2)
     2    0.007022    0.105924    0.253124    3.169382 ^ _12635_/Y (sky130_fd_sc_hd__o211ai_2)
                                                         _05657_ (net)
                      0.105924    0.000000    3.169382 ^ _12636_/B (sky130_fd_sc_hd__nand2_2)
     2    0.010625    0.109815    0.151204    3.320587 v _12636_/Y (sky130_fd_sc_hd__nand2_2)
                                                         _05658_ (net)
                      0.109815    0.000000    3.320587 v _12638_/A (sky130_fd_sc_hd__xnor2_2)
     1    0.001853    0.051850    0.221401    3.541987 ^ _12638_/Y (sky130_fd_sc_hd__xnor2_2)
                                                         _00037_ (net)
                      0.051850    0.000000    3.541987 ^ _13379_/D (sky130_fd_sc_hd__dfrtp_2)
                                              3.541987   data arrival time

                      0.150000    0.000000    0.000000   clock clk (rise edge)
                                  0.000000    0.000000   clock network delay (ideal)
                                  0.250000    0.250000   clock uncertainty
                                  0.000000    0.250000   clock reconvergence pessimism
                                              0.250000 ^ _13379_/CLK (sky130_fd_sc_hd__dfrtp_2)
                                 -0.059648    0.190352   library hold time
                                              0.190352   data required time
---------------------------------------------------------------------------------------------
                                              0.190352   data required time
                                             -3.541987   data arrival time
---------------------------------------------------------------------------------------------
                                              3.351635   slack (MET)


Startpoint: w11[3] (input port clocked by clk)
Endpoint: _13377_ (rising edge-triggered flip-flop clocked by clk)
Path Group: clk
Path Type: min

Fanout         Cap        Slew       Delay        Time   Description
---------------------------------------------------------------------------------------------
                      0.150000    0.000000    0.000000   clock clk (rise edge)
                                  0.000000    0.000000   clock network delay (ideal)
                                  2.000000    2.000000 v input external delay
    18    0.046423    0.201300    0.142255    2.142255 v w11[3] (in)
                                                         w11[3] (net)
                      0.201300    0.000000    2.142255 v _11770_/B (sky130_fd_sc_hd__nand3_2)
     3    0.014649    0.155900    0.230212    2.372467 ^ _11770_/Y (sky130_fd_sc_hd__nand3_2)
                                                         _04712_ (net)
                      0.155900    0.000000    2.372467 ^ _11900_/A2 (sky130_fd_sc_hd__o21ai_2)
     1    0.004300    0.062735    0.131238    2.503705 v _11900_/Y (sky130_fd_sc_hd__o21ai_2)
                                                         _04854_ (net)
                      0.062735    0.000000    2.503705 v _11901_/A (sky130_fd_sc_hd__inv_2)
     3    0.010663    0.088935    0.103619    2.607324 ^ _11901_/Y (sky130_fd_sc_hd__inv_2)
                                                         _04855_ (net)
                      0.088935    0.000000    2.607324 ^ _12009_/A (sky130_fd_sc_hd__nor3_2)
     2    0.006317    0.055339    0.091531    2.698855 v _12009_/Y (sky130_fd_sc_hd__nor3_2)
                                                         _04974_ (net)
                      0.055339    0.000000    2.698855 v _12147_/A2 (sky130_fd_sc_hd__o211ai_2)
     4    0.017960    0.201629    0.392750    3.091605 ^ _12147_/Y (sky130_fd_sc_hd__o211ai_2)
                                                         _05124_ (net)
                      0.201629    0.000000    3.091605 ^ _12312_/A (sky130_fd_sc_hd__xor2_2)
     2    0.013053    0.102056    0.235692    3.327297 v _12312_/X (sky130_fd_sc_hd__xor2_2)
                                                         _05304_ (net)
                      0.102056    0.000000    3.327297 v _12314_/A (sky130_fd_sc_hd__xor2_2)
     1    0.001853    0.094423    0.218766    3.546063 ^ _12314_/X (sky130_fd_sc_hd__xor2_2)
                                                         _00035_ (net)
                      0.094423    0.000000    3.546063 ^ _13377_/D (sky130_fd_sc_hd__dfrtp_2)
                                              3.546063   data arrival time

                      0.150000    0.000000    0.000000   clock clk (rise edge)
                                  0.000000    0.000000   clock network delay (ideal)
                                  0.250000    0.250000   clock uncertainty
                                  0.000000    0.250000   clock reconvergence pessimism
                                              0.250000 ^ _13377_/CLK (sky130_fd_sc_hd__dfrtp_2)
                                 -0.069321    0.180679   library hold time
                                              0.180679   data required time
---------------------------------------------------------------------------------------------
                                              0.180679   data required time
                                             -3.546063   data arrival time
---------------------------------------------------------------------------------------------
                                              3.365384   slack (MET)


Startpoint: w10[6] (input port clocked by clk)
Endpoint: _13363_ (rising edge-triggered flip-flop clocked by clk)
Path Group: clk
Path Type: min

Fanout         Cap        Slew       Delay        Time   Description
---------------------------------------------------------------------------------------------
                      0.150000    0.000000    0.000000   clock clk (rise edge)
                                  0.000000    0.000000   clock network delay (ideal)
                                  2.000000    2.000000 v input external delay
    17    0.030769    0.134972    0.094424    2.094424 v w10[6] (in)
                                                         w10[6] (net)
                      0.134972    0.000000    2.094424 v _07085_/B (sky130_fd_sc_hd__nand3_2)
     3    0.011675    0.134667    0.182027    2.276451 ^ _07085_/Y (sky130_fd_sc_hd__nand3_2)
                                                         _06377_ (net)
                      0.134667    0.000000    2.276451 ^ _07235_/A2 (sky130_fd_sc_hd__a21o_2)
     2    0.007037    0.075711    0.287218    2.563669 ^ _07235_/X (sky130_fd_sc_hd__a21o_2)
                                                         _06526_ (net)
                      0.075711    0.000000    2.563669 ^ _07371_/B1 (sky130_fd_sc_hd__o21a_2)
     2    0.006200    0.081777    0.264000    2.827669 ^ _07371_/X (sky130_fd_sc_hd__o21a_2)
                                                         _06661_ (net)
                      0.081777    0.000000    2.827669 ^ _07372_/B1 (sky130_fd_sc_hd__a21oi_2)
     4    0.015130    0.077876    0.098413    2.926082 v _07372_/Y (sky130_fd_sc_hd__a21oi_2)
                                                         _06662_ (net)
                      0.077876    0.000000    2.926082 v _07686_/A (sky130_fd_sc_hd__nand3_2)
     3    0.009429    0.103035    0.124324    3.050406 ^ _07686_/Y (sky130_fd_sc_hd__nand3_2)
                                                         _00426_ (net)
                      0.103035    0.000000    3.050406 ^ _07690_/B1 (sky130_fd_sc_hd__o211ai_2)
     1    0.004241    0.115600    0.194889    3.245295 v _07690_/Y (sky130_fd_sc_hd__o211ai_2)
                                                         _00430_ (net)
                      0.115600    0.000000    3.245295 v _07691_/B (sky130_fd_sc_hd__nand2_2)
     2    0.014051    0.135651    0.177961    3.423256 ^ _07691_/Y (sky130_fd_sc_hd__nand2_2)
                                                         _00431_ (net)
                      0.135651    0.000000    3.423256 ^ _07693_/A (sky130_fd_sc_hd__xor2_2)
     1    0.001838    0.049659    0.136260    3.559517 v _07693_/X (sky130_fd_sc_hd__xor2_2)
                                                         _00050_ (net)
                      0.049659    0.000000    3.559517 v _13363_/D (sky130_fd_sc_hd__dfrtp_2)
                                              3.559517   data arrival time

                      0.150000    0.000000    0.000000   clock clk (rise edge)
                                  0.000000    0.000000   clock network delay (ideal)
                                  0.250000    0.250000   clock uncertainty
                                  0.000000    0.250000   clock reconvergence pessimism
                                              0.250000 ^ _13363_/CLK (sky130_fd_sc_hd__dfrtp_2)
                                 -0.062808    0.187192   library hold time
                                              0.187192   data required time
---------------------------------------------------------------------------------------------
                                              0.187192   data required time
                                             -3.559517   data arrival time
---------------------------------------------------------------------------------------------
                                              3.372324   slack (MET)


Startpoint: w10[6] (input port clocked by clk)
Endpoint: _13362_ (rising edge-triggered flip-flop clocked by clk)
Path Group: clk
Path Type: min

Fanout         Cap        Slew       Delay        Time   Description
---------------------------------------------------------------------------------------------
                      0.150000    0.000000    0.000000   clock clk (rise edge)
                                  0.000000    0.000000   clock network delay (ideal)
                                  2.000000    2.000000 ^ input external delay
    17    0.032488    0.239895    0.163598    2.163598 ^ w10[6] (in)
                                                         w10[6] (net)
                      0.239895    0.000000    2.163598 ^ _07085_/B (sky130_fd_sc_hd__nand3_2)
     3    0.010858    0.186218    0.269385    2.432983 v _07085_/Y (sky130_fd_sc_hd__nand3_2)
                                                         _06377_ (net)
                      0.186218    0.000000    2.432983 v _07086_/B (sky130_fd_sc_hd__nand2_2)
     3    0.007773    0.084026    0.176236    2.609219 ^ _07086_/Y (sky130_fd_sc_hd__nand2_2)
                                                         _06378_ (net)
                      0.084026    0.000000    2.609219 ^ _07212_/B (sky130_fd_sc_hd__or3_2)
     3    0.010663    0.106070    0.235277    2.844496 ^ _07212_/X (sky130_fd_sc_hd__or3_2)
                                                         _06503_ (net)
                      0.106070    0.000000    2.844496 ^ _07535_/B1 (sky130_fd_sc_hd__o21ai_2)
     2    0.006074    0.075157    0.126289    2.970785 v _07535_/Y (sky130_fd_sc_hd__o21ai_2)
                                                         _00276_ (net)
                      0.075157    0.000000    2.970785 v _07537_/A2 (sky130_fd_sc_hd__a21oi_2)
     1    0.001417    0.090023    0.187613    3.158398 ^ _07537_/Y (sky130_fd_sc_hd__a21oi_2)
                                                         _00278_ (net)
                      0.090023    0.000000    3.158398 ^ _07538_/B (sky130_fd_sc_hd__or2_2)
     3    0.016549    0.151745    0.265010    3.423408 ^ _07538_/X (sky130_fd_sc_hd__or2_2)
                                                         _00279_ (net)
                      0.151745    0.000000    3.423408 ^ _07540_/A (sky130_fd_sc_hd__xor2_2)
     1    0.001838    0.049670    0.142292    3.565700 v _07540_/X (sky130_fd_sc_hd__xor2_2)
                                                         _00049_ (net)
                      0.049670    0.000000    3.565700 v _13362_/D (sky130_fd_sc_hd__dfrtp_2)
                                              3.565700   data arrival time

                      0.150000    0.000000    0.000000   clock clk (rise edge)
                                  0.000000    0.000000   clock network delay (ideal)
                                  0.250000    0.250000   clock uncertainty
                                  0.000000    0.250000   clock reconvergence pessimism
                                              0.250000 ^ _13362_/CLK (sky130_fd_sc_hd__dfrtp_2)
                                 -0.062812    0.187188   library hold time
                                              0.187188   data required time
---------------------------------------------------------------------------------------------
                                              0.187188   data required time
                                             -3.565700   data arrival time
---------------------------------------------------------------------------------------------
                                              3.378512   slack (MET)


Startpoint: w13[6] (input port clocked by clk)
Endpoint: _13410_ (rising edge-triggered flip-flop clocked by clk)
Path Group: clk
Path Type: min

Fanout         Cap        Slew       Delay        Time   Description
---------------------------------------------------------------------------------------------
                      0.150000    0.000000    0.000000   clock clk (rise edge)
                                  0.000000    0.000000   clock network delay (ideal)
                                  2.000000    2.000000 ^ input external delay
    17    0.032558    0.240385    0.163944    2.163944 ^ w13[6] (in)
                                                         w13[6] (net)
                      0.240385    0.000000    2.163944 ^ _08737_/B (sky130_fd_sc_hd__nand3_2)
     3    0.010858    0.186218    0.269547    2.433491 v _08737_/Y (sky130_fd_sc_hd__nand3_2)
                                                         _01464_ (net)
                      0.186218    0.000000    2.433491 v _08738_/B (sky130_fd_sc_hd__nand2_2)
     3    0.007773    0.084026    0.176236    2.609726 ^ _08738_/Y (sky130_fd_sc_hd__nand2_2)
                                                         _01465_ (net)
                      0.084026    0.000000    2.609726 ^ _08865_/B (sky130_fd_sc_hd__or3_2)
     3    0.010663    0.106070    0.235277    2.845003 ^ _08865_/X (sky130_fd_sc_hd__or3_2)
                                                         _01591_ (net)
                      0.106070    0.000000    2.845003 ^ _09187_/B1 (sky130_fd_sc_hd__o21ai_2)
     2    0.006074    0.075157    0.126289    2.971293 v _09187_/Y (sky130_fd_sc_hd__o21ai_2)
                                                         _01912_ (net)
                      0.075157    0.000000    2.971293 v _09189_/A2 (sky130_fd_sc_hd__a21oi_2)
     2    0.007178    0.193946    0.263556    3.234849 ^ _09189_/Y (sky130_fd_sc_hd__a21oi_2)
                                                         _01914_ (net)
                      0.193946    0.000000    3.234849 ^ _09190_/B (sky130_fd_sc_hd__nor2_2)
     3    0.014178    0.084139    0.149101    3.383950 v _09190_/Y (sky130_fd_sc_hd__nor2_2)
                                                         _01915_ (net)
                      0.084139    0.000000    3.383950 v _09193_/A (sky130_fd_sc_hd__xnor2_2)
     1    0.001853    0.053689    0.210690    3.594640 ^ _09193_/Y (sky130_fd_sc_hd__xnor2_2)
                                                         _00062_ (net)
                      0.053689    0.000000    3.594640 ^ _13410_/D (sky130_fd_sc_hd__dfrtp_2)
                                              3.594640   data arrival time

                      0.150000    0.000000    0.000000   clock clk (rise edge)
                                  0.000000    0.000000   clock network delay (ideal)
                                  0.250000    0.250000   clock uncertainty
                                  0.000000    0.250000   clock reconvergence pessimism
                                              0.250000 ^ _13410_/CLK (sky130_fd_sc_hd__dfrtp_2)
                                 -0.060065    0.189935   library hold time
                                              0.189935   data required time
---------------------------------------------------------------------------------------------
                                              0.189935   data required time
                                             -3.594640   data arrival time
---------------------------------------------------------------------------------------------
                                              3.404705   slack (MET)


Startpoint: w13[6] (input port clocked by clk)
Endpoint: _13411_ (rising edge-triggered flip-flop clocked by clk)
Path Group: clk
Path Type: min

Fanout         Cap        Slew       Delay        Time   Description
---------------------------------------------------------------------------------------------
                      0.150000    0.000000    0.000000   clock clk (rise edge)
                                  0.000000    0.000000   clock network delay (ideal)
                                  2.000000    2.000000 ^ input external delay
    17    0.032558    0.240385    0.163944    2.163944 ^ w13[6] (in)
                                                         w13[6] (net)
                      0.240385    0.000000    2.163944 ^ _08737_/B (sky130_fd_sc_hd__nand3_2)
     3    0.010858    0.186218    0.269547    2.433491 v _08737_/Y (sky130_fd_sc_hd__nand3_2)
                                                         _01464_ (net)
                      0.186218    0.000000    2.433491 v _08738_/B (sky130_fd_sc_hd__nand2_2)
     3    0.007773    0.084026    0.176236    2.609726 ^ _08738_/Y (sky130_fd_sc_hd__nand2_2)
                                                         _01465_ (net)
                      0.084026    0.000000    2.609726 ^ _08865_/B (sky130_fd_sc_hd__or3_2)
     3    0.010663    0.106070    0.235277    2.845003 ^ _08865_/X (sky130_fd_sc_hd__or3_2)
                                                         _01591_ (net)
                      0.106070    0.000000    2.845003 ^ _09185_/A (sky130_fd_sc_hd__nor3_2)
     3    0.008477    0.062986    0.106934    2.951937 v _09185_/Y (sky130_fd_sc_hd__nor3_2)
                                                         _01910_ (net)
                      0.062986    0.000000    2.951937 v _09344_/C1 (sky130_fd_sc_hd__a211oi_2)
     1    0.004585    0.236519    0.260436    3.212373 ^ _09344_/Y (sky130_fd_sc_hd__a211oi_2)
                                                         _02074_ (net)
                      0.236519    0.000000    3.212373 ^ _09347_/A (sky130_fd_sc_hd__nor2_2)
     3    0.014219    0.077365    0.177141    3.389514 v _09347_/Y (sky130_fd_sc_hd__nor2_2)
                                                         _02078_ (net)
                      0.077365    0.000000    3.389514 v _09350_/A (sky130_fd_sc_hd__xnor2_2)
     1    0.001853    0.052024    0.207812    3.597325 ^ _09350_/Y (sky130_fd_sc_hd__xnor2_2)
                                                         _00063_ (net)
                      0.052024    0.000000    3.597325 ^ _13411_/D (sky130_fd_sc_hd__dfrtp_2)
                                              3.597325   data arrival time

                      0.150000    0.000000    0.000000   clock clk (rise edge)
                                  0.000000    0.000000   clock network delay (ideal)
                                  0.250000    0.250000   clock uncertainty
                                  0.000000    0.250000   clock reconvergence pessimism
                                              0.250000 ^ _13411_/CLK (sky130_fd_sc_hd__dfrtp_2)
                                 -0.059687    0.190313   library hold time
                                              0.190313   data required time
---------------------------------------------------------------------------------------------
                                              0.190313   data required time
                                             -3.597325   data arrival time
---------------------------------------------------------------------------------------------
                                              3.407012   slack (MET)


Startpoint: w12[4] (input port clocked by clk)
Endpoint: _13395_ (rising edge-triggered flip-flop clocked by clk)
Path Group: clk
Path Type: min

Fanout         Cap        Slew       Delay        Time   Description
---------------------------------------------------------------------------------------------
                      0.150000    0.000000    0.000000   clock clk (rise edge)
                                  0.000000    0.000000   clock network delay (ideal)
                                  2.000000    2.000000 v input external delay
    15    0.040419    0.175860    0.123910    2.123909 v w12[4] (in)
                                                         w12[4] (net)
                      0.175860    0.000000    2.123909 v _10094_/B (sky130_fd_sc_hd__nand2_2)
     3    0.010694    0.124095    0.187883    2.311793 ^ _10094_/Y (sky130_fd_sc_hd__nand2_2)
                                                         _02885_ (net)
                      0.124095    0.000000    2.311793 ^ _10095_/B (sky130_fd_sc_hd__nor2_2)
     2    0.005699    0.045511    0.087883    2.399676 v _10095_/Y (sky130_fd_sc_hd__nor2_2)
                                                         _02886_ (net)
                      0.045511    0.000000    2.399676 v _10258_/A (sky130_fd_sc_hd__nand2_2)
     5    0.014490    0.136387    0.133798    2.533474 ^ _10258_/Y (sky130_fd_sc_hd__nand2_2)
                                                         _03065_ (net)
                      0.136387    0.000000    2.533474 ^ _10505_/A (sky130_fd_sc_hd__or3_2)
     3    0.010663    0.106070    0.264022    2.797496 ^ _10505_/X (sky130_fd_sc_hd__or3_2)
                                                         _03333_ (net)
                      0.106070    0.000000    2.797496 ^ _10824_/A (sky130_fd_sc_hd__nor3_2)
     3    0.008477    0.062986    0.106934    2.904430 v _10824_/Y (sky130_fd_sc_hd__nor3_2)
                                                         _03683_ (net)
                      0.062986    0.000000    2.904430 v _10982_/C1 (sky130_fd_sc_hd__a211oi_2)
     3    0.005258    0.253757    0.273653    3.178083 ^ _10982_/Y (sky130_fd_sc_hd__a211oi_2)
                                                         _03856_ (net)
                      0.253757    0.000000    3.178083 ^ _10984_/B (sky130_fd_sc_hd__or2_2)
     1    0.009061    0.096310    0.295302    3.473385 ^ _10984_/X (sky130_fd_sc_hd__or2_2)
                                                         _03858_ (net)
                      0.096310    0.000000    3.473385 ^ _10986_/A (sky130_fd_sc_hd__xnor2_2)
     1    0.001838    0.052387    0.128403    3.601788 v _10986_/Y (sky130_fd_sc_hd__xnor2_2)
                                                         _00024_ (net)
                      0.052387    0.000000    3.601788 v _13395_/D (sky130_fd_sc_hd__dfrtp_2)
                                              3.601788   data arrival time

                      0.150000    0.000000    0.000000   clock clk (rise edge)
                                  0.000000    0.000000   clock network delay (ideal)
                                  0.250000    0.250000   clock uncertainty
                                  0.000000    0.250000   clock reconvergence pessimism
                                              0.250000 ^ _13395_/CLK (sky130_fd_sc_hd__dfrtp_2)
                                 -0.063807    0.186193   library hold time
                                              0.186193   data required time
---------------------------------------------------------------------------------------------
                                              0.186193   data required time
                                             -3.601788   data arrival time
---------------------------------------------------------------------------------------------
                                              3.415595   slack (MET)


Startpoint: w12[4] (input port clocked by clk)
Endpoint: _13396_ (rising edge-triggered flip-flop clocked by clk)
Path Group: clk
Path Type: min

Fanout         Cap        Slew       Delay        Time   Description
---------------------------------------------------------------------------------------------
                      0.150000    0.000000    0.000000   clock clk (rise edge)
                                  0.000000    0.000000   clock network delay (ideal)
                                  2.000000    2.000000 v input external delay
    15    0.040419    0.175860    0.123910    2.123909 v w12[4] (in)
                                                         w12[4] (net)
                      0.175860    0.000000    2.123909 v _10094_/B (sky130_fd_sc_hd__nand2_2)
     3    0.010694    0.124095    0.187883    2.311793 ^ _10094_/Y (sky130_fd_sc_hd__nand2_2)
                                                         _02885_ (net)
                      0.124095    0.000000    2.311793 ^ _10095_/B (sky130_fd_sc_hd__nor2_2)
     2    0.005699    0.045511    0.087883    2.399676 v _10095_/Y (sky130_fd_sc_hd__nor2_2)
                                                         _02886_ (net)
                      0.045511    0.000000    2.399676 v _10258_/A (sky130_fd_sc_hd__nand2_2)
     5    0.014490    0.136387    0.133798    2.533474 ^ _10258_/Y (sky130_fd_sc_hd__nand2_2)
                                                         _03065_ (net)
                      0.136387    0.000000    2.533474 ^ _10505_/A (sky130_fd_sc_hd__or3_2)
     3    0.010663    0.106070    0.264022    2.797496 ^ _10505_/X (sky130_fd_sc_hd__or3_2)
                                                         _03333_ (net)
                      0.106070    0.000000    2.797496 ^ _10824_/A (sky130_fd_sc_hd__nor3_2)
     3    0.008477    0.062986    0.106934    2.904430 v _10824_/Y (sky130_fd_sc_hd__nor3_2)
                                                         _03683_ (net)
                      0.062986    0.000000    2.904430 v _10982_/C1 (sky130_fd_sc_hd__a211oi_2)
     3    0.005258    0.253757    0.273653    3.178083 ^ _10982_/Y (sky130_fd_sc_hd__a211oi_2)
                                                         _03856_ (net)
                      0.253757    0.000000    3.178083 ^ _11131_/B2 (sky130_fd_sc_hd__o22a_2)
     2    0.011046    0.119775    0.366079    3.544162 ^ _11131_/X (sky130_fd_sc_hd__o22a_2)
                                                         _04019_ (net)
                      0.119775    0.000000    3.544162 ^ _11132_/B (sky130_fd_sc_hd__xnor2_2)
     1    0.001838    0.052765    0.115177    3.659339 v _11132_/Y (sky130_fd_sc_hd__xnor2_2)
                                                         _00013_ (net)
                      0.052765    0.000000    3.659339 v _13396_/D (sky130_fd_sc_hd__dfrtp_2)
                                              3.659339   data arrival time

                      0.150000    0.000000    0.000000   clock clk (rise edge)
                                  0.000000    0.000000   clock network delay (ideal)
                                  0.250000    0.250000   clock uncertainty
                                  0.000000    0.250000   clock reconvergence pessimism
                                              0.250000 ^ _13396_/CLK (sky130_fd_sc_hd__dfrtp_2)
                                 -0.063946    0.186054   library hold time
                                              0.186054   data required time
---------------------------------------------------------------------------------------------
                                              0.186054   data required time
                                             -3.659339   data arrival time
---------------------------------------------------------------------------------------------
                                              3.473285   slack (MET)


Startpoint: w10[0] (input port clocked by clk)
Endpoint: _13358_ (rising edge-triggered flip-flop clocked by clk)
Path Group: clk
Path Type: min

Fanout         Cap        Slew       Delay        Time   Description
---------------------------------------------------------------------------------------------
                      0.150000    0.000000    0.000000   clock clk (rise edge)
                                  0.000000    0.000000   clock network delay (ideal)
                                  2.000000    2.000000 v input external delay
    18    0.043740    0.189932    0.134057    2.134057 v w10[0] (in)
                                                         w10[0] (net)
                      0.189932    0.000000    2.134057 v _06710_/A (sky130_fd_sc_hd__nand2_2)
     2    0.005913    0.086691    0.151312    2.285369 ^ _06710_/Y (sky130_fd_sc_hd__nand2_2)
                                                         _02371_ (net)
                      0.086691    0.000000    2.285369 ^ _06711_/C (sky130_fd_sc_hd__or3_2)
     3    0.007450    0.082972    0.216650    2.502019 ^ _06711_/X (sky130_fd_sc_hd__or3_2)
                                                         _02381_ (net)
                      0.082972    0.000000    2.502019 ^ _06740_/A (sky130_fd_sc_hd__or2_2)
     3    0.011736    0.115965    0.235325    2.737344 ^ _06740_/X (sky130_fd_sc_hd__or2_2)
                                                         _02697_ (net)
                      0.115965    0.000000    2.737344 ^ _06788_/A_N (sky130_fd_sc_hd__nand2b_2)
     3    0.016951    0.160869    0.284627    3.021970 ^ _06788_/Y (sky130_fd_sc_hd__nand2b_2)
                                                         _03216_ (net)
                      0.160869    0.000000    3.021970 ^ _06956_/A2 (sky130_fd_sc_hd__a2111o_2)
     3    0.015463    0.132179    0.381601    3.403571 ^ _06956_/X (sky130_fd_sc_hd__a2111o_2)
                                                         _05047_ (net)
                      0.132179    0.000000    3.403571 ^ _06958_/A (sky130_fd_sc_hd__and2_2)
     1    0.001853    0.061068    0.266380    3.669951 ^ _06958_/X (sky130_fd_sc_hd__and2_2)
                                                         _00045_ (net)
                      0.061068    0.000000    3.669951 ^ _13358_/D (sky130_fd_sc_hd__dfrtp_2)
                                              3.669951   data arrival time

                      0.150000    0.000000    0.000000   clock clk (rise edge)
                                  0.000000    0.000000   clock network delay (ideal)
                                  0.250000    0.250000   clock uncertainty
                                  0.000000    0.250000   clock reconvergence pessimism
                                              0.250000 ^ _13358_/CLK (sky130_fd_sc_hd__dfrtp_2)
                                 -0.061742    0.188258   library hold time
                                              0.188258   data required time
---------------------------------------------------------------------------------------------
                                              0.188258   data required time
                                             -3.669951   data arrival time
---------------------------------------------------------------------------------------------
                                              3.481693   slack (MET)


Startpoint: w10[3] (input port clocked by clk)
Endpoint: _13361_ (rising edge-triggered flip-flop clocked by clk)
Path Group: clk
Path Type: min

Fanout         Cap        Slew       Delay        Time   Description
---------------------------------------------------------------------------------------------
                      0.150000    0.000000    0.000000   clock clk (rise edge)
                                  0.000000    0.000000   clock network delay (ideal)
                                  2.000000    2.000000 v input external delay
    16    0.044012    0.191084    0.134888    2.134888 v w10[3] (in)
                                                         w10[3] (net)
                      0.191084    0.000000    2.134888 v _06801_/B (sky130_fd_sc_hd__nand2_2)
     2    0.006034    0.092525    0.168676    2.303564 ^ _06801_/Y (sky130_fd_sc_hd__nand2_2)
                                                         _03357_ (net)
                      0.092525    0.000000    2.303564 ^ _06832_/A (sky130_fd_sc_hd__or2_2)
     3    0.014649    0.137591    0.256886    2.560450 ^ _06832_/X (sky130_fd_sc_hd__or2_2)
                                                         _03696_ (net)
                      0.137591    0.000000    2.560450 ^ _06959_/A2 (sky130_fd_sc_hd__o21ai_2)
     2    0.006552    0.078327    0.138688    2.699138 v _06959_/Y (sky130_fd_sc_hd__o21ai_2)
                                                         _05079_ (net)
                      0.078327    0.000000    2.699138 v _07065_/A (sky130_fd_sc_hd__nand3_2)
     5    0.017514    0.165627    0.169636    2.868774 ^ _07065_/Y (sky130_fd_sc_hd__nand3_2)
                                                         _06237_ (net)
                      0.165627    0.000000    2.868774 ^ _07204_/A2 (sky130_fd_sc_hd__a211o_2)
     4    0.017194    0.143637    0.372860    3.241634 ^ _07204_/X (sky130_fd_sc_hd__a211o_2)
                                                         _06496_ (net)
                      0.143637    0.000000    3.241634 ^ _07368_/A (sky130_fd_sc_hd__xor2_2)
     2    0.013053    0.101724    0.213432    3.455066 v _07368_/X (sky130_fd_sc_hd__xor2_2)
                                                         _06659_ (net)
                      0.101724    0.000000    3.455066 v _07370_/A (sky130_fd_sc_hd__xor2_2)
     1    0.001853    0.094423    0.218625    3.673691 ^ _07370_/X (sky130_fd_sc_hd__xor2_2)
                                                         _00048_ (net)
                      0.094423    0.000000    3.673691 ^ _13361_/D (sky130_fd_sc_hd__dfrtp_2)
                                              3.673691   data arrival time

                      0.150000    0.000000    0.000000   clock clk (rise edge)
                                  0.000000    0.000000   clock network delay (ideal)
                                  0.250000    0.250000   clock uncertainty
                                  0.000000    0.250000   clock reconvergence pessimism
                                              0.250000 ^ _13361_/CLK (sky130_fd_sc_hd__dfrtp_2)
                                 -0.069321    0.180679   library hold time
                                              0.180679   data required time
---------------------------------------------------------------------------------------------
                                              0.180679   data required time
                                             -3.673691   data arrival time
---------------------------------------------------------------------------------------------
                                              3.493011   slack (MET)


Startpoint: w13[3] (input port clocked by clk)
Endpoint: _13408_ (rising edge-triggered flip-flop clocked by clk)
Path Group: clk
Path Type: min

Fanout         Cap        Slew       Delay        Time   Description
---------------------------------------------------------------------------------------------
                      0.150000    0.000000    0.000000   clock clk (rise edge)
                                  0.000000    0.000000   clock network delay (ideal)
                                  2.000000    2.000000 v input external delay
    17    0.044006    0.191059    0.134870    2.134870 v w13[3] (in)
                                                         w13[3] (net)
                      0.191059    0.000000    2.134870 v _08448_/B (sky130_fd_sc_hd__nand2_2)
     2    0.006034    0.092523    0.168663    2.303533 ^ _08448_/Y (sky130_fd_sc_hd__nand2_2)
                                                         _01177_ (net)
                      0.092523    0.000000    2.303533 ^ _08480_/A (sky130_fd_sc_hd__or2_2)
     3    0.014649    0.137591    0.256885    2.560418 ^ _08480_/X (sky130_fd_sc_hd__or2_2)
                                                         _01209_ (net)
                      0.137591    0.000000    2.560418 ^ _08612_/A2 (sky130_fd_sc_hd__o21ai_2)
     2    0.006552    0.078327    0.138688    2.699106 v _08612_/Y (sky130_fd_sc_hd__o21ai_2)
                                                         _01340_ (net)
                      0.078327    0.000000    2.699106 v _08717_/A (sky130_fd_sc_hd__nand3_2)
     6    0.016833    0.160367    0.165882    2.864989 ^ _08717_/Y (sky130_fd_sc_hd__nand3_2)
                                                         _01445_ (net)
                      0.160367    0.000000    2.864989 ^ _08861_/C (sky130_fd_sc_hd__and4b_2)
     1    0.002508    0.096956    0.479074    3.344062 ^ _08861_/X (sky130_fd_sc_hd__and4b_2)
                                                         _01588_ (net)
                      0.096956    0.000000    3.344062 ^ _08862_/B1 (sky130_fd_sc_hd__a41o_2)
     2    0.010974    0.111149    0.223127    3.567189 ^ _08862_/X (sky130_fd_sc_hd__a41o_2)
                                                         _01589_ (net)
                      0.111149    0.000000    3.567189 ^ _08863_/B (sky130_fd_sc_hd__xor2_2)
     1    0.001838    0.049718    0.113214    3.680403 v _08863_/X (sky130_fd_sc_hd__xor2_2)
                                                         _00060_ (net)
                      0.049718    0.000000    3.680403 v _13408_/D (sky130_fd_sc_hd__dfrtp_2)
                                              3.680403   data arrival time

                      0.150000    0.000000    0.000000   clock clk (rise edge)
                                  0.000000    0.000000   clock network delay (ideal)
                                  0.250000    0.250000   clock uncertainty
                                  0.000000    0.250000   clock reconvergence pessimism
                                              0.250000 ^ _13408_/CLK (sky130_fd_sc_hd__dfrtp_2)
                                 -0.062830    0.187170   library hold time
                                              0.187170   data required time
---------------------------------------------------------------------------------------------
                                              0.187170   data required time
                                             -3.680403   data arrival time
---------------------------------------------------------------------------------------------
                                              3.493233   slack (MET)


Startpoint: w13[3] (input port clocked by clk)
Endpoint: _13409_ (rising edge-triggered flip-flop clocked by clk)
Path Group: clk
Path Type: min

Fanout         Cap        Slew       Delay        Time   Description
---------------------------------------------------------------------------------------------
                      0.150000    0.000000    0.000000   clock clk (rise edge)
                                  0.000000    0.000000   clock network delay (ideal)
                                  2.000000    2.000000 v input external delay
    17    0.044006    0.191059    0.134870    2.134870 v w13[3] (in)
                                                         w13[3] (net)
                      0.191059    0.000000    2.134870 v _08448_/B (sky130_fd_sc_hd__nand2_2)
     2    0.006034    0.092523    0.168663    2.303533 ^ _08448_/Y (sky130_fd_sc_hd__nand2_2)
                                                         _01177_ (net)
                      0.092523    0.000000    2.303533 ^ _08480_/A (sky130_fd_sc_hd__or2_2)
     3    0.014649    0.137591    0.256885    2.560418 ^ _08480_/X (sky130_fd_sc_hd__or2_2)
                                                         _01209_ (net)
                      0.137591    0.000000    2.560418 ^ _08612_/A2 (sky130_fd_sc_hd__o21ai_2)
     2    0.006552    0.078327    0.138688    2.699106 v _08612_/Y (sky130_fd_sc_hd__o21ai_2)
                                                         _01340_ (net)
                      0.078327    0.000000    2.699106 v _08717_/A (sky130_fd_sc_hd__nand3_2)
     6    0.016833    0.160367    0.165882    2.864989 ^ _08717_/Y (sky130_fd_sc_hd__nand3_2)
                                                         _01445_ (net)
                      0.160367    0.000000    2.864989 ^ _08856_/A2 (sky130_fd_sc_hd__a211o_2)
     4    0.017960    0.148816    0.375480    3.240468 ^ _08856_/X (sky130_fd_sc_hd__a211o_2)
                                                         _01583_ (net)
                      0.148816    0.000000    3.240468 ^ _09022_/A (sky130_fd_sc_hd__xor2_2)
     2    0.013053    0.101725    0.215420    3.455888 v _09022_/X (sky130_fd_sc_hd__xor2_2)
                                                         _01748_ (net)
                      0.101725    0.000000    3.455888 v _09024_/A (sky130_fd_sc_hd__xor2_2)
     1    0.001853    0.094423    0.218625    3.674513 ^ _09024_/X (sky130_fd_sc_hd__xor2_2)
                                                         _00061_ (net)
                      0.094423    0.000000    3.674513 ^ _13409_/D (sky130_fd_sc_hd__dfrtp_2)
                                              3.674513   data arrival time

                      0.150000    0.000000    0.000000   clock clk (rise edge)
                                  0.000000    0.000000   clock network delay (ideal)
                                  0.250000    0.250000   clock uncertainty
                                  0.000000    0.250000   clock reconvergence pessimism
                                              0.250000 ^ _13409_/CLK (sky130_fd_sc_hd__dfrtp_2)
                                 -0.069321    0.180679   library hold time
                                              0.180679   data required time
---------------------------------------------------------------------------------------------
                                              0.180679   data required time
                                             -3.674513   data arrival time
---------------------------------------------------------------------------------------------
                                              3.493834   slack (MET)


Startpoint: w11[7] (input port clocked by clk)
Endpoint: _13383_ (rising edge-triggered flip-flop clocked by clk)
Path Group: clk
Path Type: min

Fanout         Cap        Slew       Delay        Time   Description
---------------------------------------------------------------------------------------------
                      0.150000    0.000000    0.000000   clock clk (rise edge)
                                  0.000000    0.000000   clock network delay (ideal)
                                  2.000000    2.000000 v input external delay
    10    0.024476    0.108308    0.075195    2.075195 v w11[7] (in)
                                                         w11[7] (net)
                      0.108308    0.000000    2.075195 v _12498_/D (sky130_fd_sc_hd__and4_2)
     3    0.017011    0.129558    0.585615    2.660810 v _12498_/X (sky130_fd_sc_hd__and4_2)
                                                         _05507_ (net)
                      0.129558    0.000000    2.660810 v _12782_/A1 (sky130_fd_sc_hd__a21oi_2)
     2    0.006200    0.176052    0.251425    2.912236 ^ _12782_/Y (sky130_fd_sc_hd__a21oi_2)
                                                         _05817_ (net)
                      0.176052    0.000000    2.912236 ^ _12783_/B1 (sky130_fd_sc_hd__a21oi_2)
     3    0.017007    0.097795    0.145667    3.057903 v _12783_/Y (sky130_fd_sc_hd__a21oi_2)
                                                         _05818_ (net)
                      0.097795    0.000000    3.057903 v _13026_/A (sky130_fd_sc_hd__nand2_2)
     2    0.007058    0.081106    0.115364    3.173267 ^ _13026_/Y (sky130_fd_sc_hd__nand2_2)
                                                         _06084_ (net)
                      0.081106    0.000000    3.173267 ^ _13147_/B (sky130_fd_sc_hd__nand3_2)
     2    0.008482    0.156318    0.190311    3.363578 v _13147_/Y (sky130_fd_sc_hd__nand3_2)
                                                         _06217_ (net)
                      0.156318    0.000000    3.363578 v _13148_/B (sky130_fd_sc_hd__nand2_2)
     2    0.011576    0.113907    0.183487    3.547064 ^ _13148_/Y (sky130_fd_sc_hd__nand2_2)
                                                         _06218_ (net)
                      0.113907    0.000000    3.547064 ^ _13150_/A (sky130_fd_sc_hd__xnor2_2)
     1    0.001838    0.052388    0.134597    3.681661 v _13150_/Y (sky130_fd_sc_hd__xnor2_2)
                                                         _00029_ (net)
                      0.052388    0.000000    3.681661 v _13383_/D (sky130_fd_sc_hd__dfrtp_2)
                                              3.681661   data arrival time

                      0.150000    0.000000    0.000000   clock clk (rise edge)
                                  0.000000    0.000000   clock network delay (ideal)
                                  0.250000    0.250000   clock uncertainty
                                  0.000000    0.250000   clock reconvergence pessimism
                                              0.250000 ^ _13383_/CLK (sky130_fd_sc_hd__dfrtp_2)
                                 -0.063808    0.186192   library hold time
                                              0.186192   data required time
---------------------------------------------------------------------------------------------
                                              0.186192   data required time
                                             -3.681661   data arrival time
---------------------------------------------------------------------------------------------
                                              3.495469   slack (MET)


Startpoint: w10[7] (input port clocked by clk)
Endpoint: _13367_ (rising edge-triggered flip-flop clocked by clk)
Path Group: clk
Path Type: min

Fanout         Cap        Slew       Delay        Time   Description
---------------------------------------------------------------------------------------------
                      0.150000    0.000000    0.000000   clock clk (rise edge)
                                  0.000000    0.000000   clock network delay (ideal)
                                  2.000000    2.000000 v input external delay
    10    0.024505    0.108431    0.075284    2.075284 v w10[7] (in)
                                                         w10[7] (net)
                      0.108431    0.000000    2.075284 v _07556_/D (sky130_fd_sc_hd__and4_2)
     3    0.017011    0.129558    0.585677    2.660961 v _07556_/X (sky130_fd_sc_hd__and4_2)
                                                         _00296_ (net)
                      0.129558    0.000000    2.660961 v _07837_/A1 (sky130_fd_sc_hd__a21oi_2)
     2    0.006200    0.176052    0.251425    2.912386 ^ _07837_/Y (sky130_fd_sc_hd__a21oi_2)
                                                         _00575_ (net)
                      0.176052    0.000000    2.912386 ^ _07838_/B1 (sky130_fd_sc_hd__a21oi_2)
     3    0.009945    0.075208    0.122101    3.034487 v _07838_/Y (sky130_fd_sc_hd__a21oi_2)
                                                         _00576_ (net)
                      0.075208    0.000000    3.034487 v _08083_/A (sky130_fd_sc_hd__nand2_2)
     3    0.011604    0.114119    0.131074    3.165561 ^ _08083_/Y (sky130_fd_sc_hd__nand2_2)
                                                         _00820_ (net)
                      0.114119    0.000000    3.165561 ^ _08202_/B (sky130_fd_sc_hd__nand3_2)
     2    0.008482    0.156318    0.202196    3.367757 v _08202_/Y (sky130_fd_sc_hd__nand3_2)
                                                         _00938_ (net)
                      0.156318    0.000000    3.367757 v _08203_/B (sky130_fd_sc_hd__nand2_2)
     2    0.011576    0.113907    0.183487    3.551244 ^ _08203_/Y (sky130_fd_sc_hd__nand2_2)
                                                         _00939_ (net)
                      0.113907    0.000000    3.551244 ^ _08205_/A (sky130_fd_sc_hd__xnor2_2)
     1    0.001838    0.052388    0.134597    3.685841 v _08205_/Y (sky130_fd_sc_hd__xnor2_2)
                                                         _00042_ (net)
                      0.052388    0.000000    3.685841 v _13367_/D (sky130_fd_sc_hd__dfrtp_2)
                                              3.685841   data arrival time

                      0.150000    0.000000    0.000000   clock clk (rise edge)
                                  0.000000    0.000000   clock network delay (ideal)
                                  0.250000    0.250000   clock uncertainty
                                  0.000000    0.250000   clock reconvergence pessimism
                                              0.250000 ^ _13367_/CLK (sky130_fd_sc_hd__dfrtp_2)
                                 -0.063808    0.186192   library hold time
                                              0.186192   data required time
---------------------------------------------------------------------------------------------
                                              0.186192   data required time
                                             -3.685841   data arrival time
---------------------------------------------------------------------------------------------
                                              3.499649   slack (MET)


Startpoint: w11[6] (input port clocked by clk)
Endpoint: _13380_ (rising edge-triggered flip-flop clocked by clk)
Path Group: clk
Path Type: min

Fanout         Cap        Slew       Delay        Time   Description
---------------------------------------------------------------------------------------------
                      0.150000    0.000000    0.000000   clock clk (rise edge)
                                  0.000000    0.000000   clock network delay (ideal)
                                  2.000000    2.000000 v input external delay
    17    0.030856    0.135341    0.094690    2.094690 v w11[6] (in)
                                                         w11[6] (net)
                      0.135341    0.000000    2.094690 v _12031_/B (sky130_fd_sc_hd__nand3_2)
     3    0.011675    0.134667    0.182201    2.276891 ^ _12031_/Y (sky130_fd_sc_hd__nand3_2)
                                                         _04997_ (net)
                      0.134667    0.000000    2.276891 ^ _12179_/A2 (sky130_fd_sc_hd__a21o_2)
     2    0.007037    0.075711    0.287218    2.564109 ^ _12179_/X (sky130_fd_sc_hd__a21o_2)
                                                         _05158_ (net)
                      0.075711    0.000000    2.564109 ^ _12315_/B1 (sky130_fd_sc_hd__o21a_2)
     2    0.006200    0.081777    0.264000    2.828109 ^ _12315_/X (sky130_fd_sc_hd__o21a_2)
                                                         _05306_ (net)
                      0.081777    0.000000    2.828109 ^ _12316_/B1 (sky130_fd_sc_hd__a21oi_2)
     3    0.010798    0.061431    0.085969    2.914078 v _12316_/Y (sky130_fd_sc_hd__a21oi_2)
                                                         _05307_ (net)
                      0.061431    0.000000    2.914078 v _12632_/A (sky130_fd_sc_hd__nand3_2)
     3    0.008462    0.095507    0.111122    3.025199 ^ _12632_/Y (sky130_fd_sc_hd__nand3_2)
                                                         _05654_ (net)
                      0.095507    0.000000    3.025199 ^ _12635_/B1 (sky130_fd_sc_hd__o211ai_2)
     2    0.006564    0.141243    0.214277    3.239477 v _12635_/Y (sky130_fd_sc_hd__o211ai_2)
                                                         _05657_ (net)
                      0.141243    0.000000    3.239477 v _12779_/C1 (sky130_fd_sc_hd__o311a_2)
     3    0.011748    0.087018    0.282909    3.522386 v _12779_/X (sky130_fd_sc_hd__o311a_2)
                                                         _05815_ (net)
                      0.087018    0.000000    3.522386 v _12781_/B (sky130_fd_sc_hd__xnor2_2)
     1    0.001853    0.052254    0.169178    3.691564 ^ _12781_/Y (sky130_fd_sc_hd__xnor2_2)
                                                         _00026_ (net)
                      0.052254    0.000000    3.691564 ^ _13380_/D (sky130_fd_sc_hd__dfrtp_2)
                                              3.691564   data arrival time

                      0.150000    0.000000    0.000000   clock clk (rise edge)
                                  0.000000    0.000000   clock network delay (ideal)
                                  0.250000    0.250000   clock uncertainty
                                  0.000000    0.250000   clock reconvergence pessimism
                                              0.250000 ^ _13380_/CLK (sky130_fd_sc_hd__dfrtp_2)
                                 -0.059739    0.190261   library hold time
                                              0.190261   data required time
---------------------------------------------------------------------------------------------
                                              0.190261   data required time
                                             -3.691564   data arrival time
---------------------------------------------------------------------------------------------
                                              3.501303   slack (MET)


Startpoint: w12[7] (input port clocked by clk)
Endpoint: _13399_ (rising edge-triggered flip-flop clocked by clk)
Path Group: clk
Path Type: min

Fanout         Cap        Slew       Delay        Time   Description
---------------------------------------------------------------------------------------------
                      0.150000    0.000000    0.000000   clock clk (rise edge)
                                  0.000000    0.000000   clock network delay (ideal)
                                  2.000000    2.000000 v input external delay
    10    0.024476    0.108308    0.075195    2.075195 v w12[7] (in)
                                                         w12[7] (net)
                      0.108308    0.000000    2.075195 v _10847_/D (sky130_fd_sc_hd__and4_2)
     3    0.017011    0.129558    0.585615    2.660810 v _10847_/X (sky130_fd_sc_hd__and4_2)
                                                         _03708_ (net)
                      0.129558    0.000000    2.660810 v _11133_/A1 (sky130_fd_sc_hd__a21oi_2)
     2    0.006200    0.176052    0.251425    2.912236 ^ _11133_/Y (sky130_fd_sc_hd__a21oi_2)
                                                         _04020_ (net)
                      0.176052    0.000000    2.912236 ^ _11134_/B1 (sky130_fd_sc_hd__a21oi_2)
     3    0.017007    0.097795    0.145667    3.057903 v _11134_/Y (sky130_fd_sc_hd__a21oi_2)
                                                         _04021_ (net)
                      0.097795    0.000000    3.057903 v _11373_/A (sky130_fd_sc_hd__nand2_2)
     2    0.006525    0.077031    0.112291    3.170193 ^ _11373_/Y (sky130_fd_sc_hd__nand2_2)
                                                         _04283_ (net)
                      0.077031    0.000000    3.170193 ^ _11491_/A2 (sky130_fd_sc_hd__a21oi_2)
     2    0.008287    0.052427    0.136097    3.306290 v _11491_/Y (sky130_fd_sc_hd__a21oi_2)
                                                         _04412_ (net)
                      0.052427    0.000000    3.306290 v _11494_/A (sky130_fd_sc_hd__nor2_2)
     1    0.009061    0.206301    0.226737    3.533026 ^ _11494_/Y (sky130_fd_sc_hd__nor2_2)
                                                         _04415_ (net)
                      0.206301    0.000000    3.533026 ^ _11496_/A (sky130_fd_sc_hd__xnor2_2)
     1    0.001838    0.056793    0.167118    3.700144 v _11496_/Y (sky130_fd_sc_hd__xnor2_2)
                                                         _00016_ (net)
                      0.056793    0.000000    3.700144 v _13399_/D (sky130_fd_sc_hd__dfrtp_2)
                                              3.700144   data arrival time

                      0.150000    0.000000    0.000000   clock clk (rise edge)
                                  0.000000    0.000000   clock network delay (ideal)
                                  0.250000    0.250000   clock uncertainty
                                  0.000000    0.250000   clock reconvergence pessimism
                                              0.250000 ^ _13399_/CLK (sky130_fd_sc_hd__dfrtp_2)
                                 -0.065422    0.184578   library hold time
                                              0.184578   data required time
---------------------------------------------------------------------------------------------
                                              0.184578   data required time
                                             -3.700144   data arrival time
---------------------------------------------------------------------------------------------
                                              3.515566   slack (MET)


Startpoint: w13[6] (input port clocked by clk)
Endpoint: _13412_ (rising edge-triggered flip-flop clocked by clk)
Path Group: clk
Path Type: min

Fanout         Cap        Slew       Delay        Time   Description
---------------------------------------------------------------------------------------------
                      0.150000    0.000000    0.000000   clock clk (rise edge)
                                  0.000000    0.000000   clock network delay (ideal)
                                  2.000000    2.000000 v input external delay
    17    0.030856    0.135341    0.094690    2.094690 v w13[6] (in)
                                                         w13[6] (net)
                      0.135341    0.000000    2.094690 v _08737_/B (sky130_fd_sc_hd__nand3_2)
     3    0.011675    0.134667    0.182201    2.276891 ^ _08737_/Y (sky130_fd_sc_hd__nand3_2)
                                                         _01464_ (net)
                      0.134667    0.000000    2.276891 ^ _08888_/A2 (sky130_fd_sc_hd__a21o_2)
     2    0.007037    0.075711    0.287218    2.564109 ^ _08888_/X (sky130_fd_sc_hd__a21o_2)
                                                         _01614_ (net)
                      0.075711    0.000000    2.564109 ^ _09025_/B1 (sky130_fd_sc_hd__o21a_2)
     2    0.006200    0.081777    0.264000    2.828109 ^ _09025_/X (sky130_fd_sc_hd__o21a_2)
                                                         _01750_ (net)
                      0.081777    0.000000    2.828109 ^ _09026_/B1 (sky130_fd_sc_hd__a21oi_2)
     4    0.015130    0.077876    0.098413    2.926522 v _09026_/Y (sky130_fd_sc_hd__a21oi_2)
                                                         _01751_ (net)
                      0.077876    0.000000    2.926522 v _09486_/A1 (sky130_fd_sc_hd__a21boi_2)
     3    0.013579    0.307411    0.332960    3.259482 ^ _09486_/Y (sky130_fd_sc_hd__a21boi_2)
                                                         _02229_ (net)
                      0.307411    0.000000    3.259482 ^ _09487_/B (sky130_fd_sc_hd__xor2_2)
     3    0.011293    0.094252    0.254185    3.513667 v _09487_/X (sky130_fd_sc_hd__xor2_2)
                                                         _02231_ (net)
                      0.094252    0.000000    3.513667 v _09491_/A (sky130_fd_sc_hd__xnor2_2)
     1    0.001853    0.052076    0.214909    3.728575 ^ _09491_/Y (sky130_fd_sc_hd__xnor2_2)
                                                         _00052_ (net)
                      0.052076    0.000000    3.728575 ^ _13412_/D (sky130_fd_sc_hd__dfrtp_2)
                                              3.728575   data arrival time

                      0.150000    0.000000    0.000000   clock clk (rise edge)
                                  0.000000    0.000000   clock network delay (ideal)
                                  0.250000    0.250000   clock uncertainty
                                  0.000000    0.250000   clock reconvergence pessimism
                                              0.250000 ^ _13412_/CLK (sky130_fd_sc_hd__dfrtp_2)
                                 -0.059699    0.190301   library hold time
                                              0.190301   data required time
---------------------------------------------------------------------------------------------
                                              0.190301   data required time
                                             -3.728575   data arrival time
---------------------------------------------------------------------------------------------
                                              3.538274   slack (MET)


Startpoint: w13[6] (input port clocked by clk)
Endpoint: _13413_ (rising edge-triggered flip-flop clocked by clk)
Path Group: clk
Path Type: min

Fanout         Cap        Slew       Delay        Time   Description
---------------------------------------------------------------------------------------------
                      0.150000    0.000000    0.000000   clock clk (rise edge)
                                  0.000000    0.000000   clock network delay (ideal)
                                  2.000000    2.000000 v input external delay
    17    0.030856    0.135341    0.094690    2.094690 v w13[6] (in)
                                                         w13[6] (net)
                      0.135341    0.000000    2.094690 v _08737_/B (sky130_fd_sc_hd__nand3_2)
     3    0.011675    0.134667    0.182201    2.276891 ^ _08737_/Y (sky130_fd_sc_hd__nand3_2)
                                                         _01464_ (net)
                      0.134667    0.000000    2.276891 ^ _08888_/A2 (sky130_fd_sc_hd__a21o_2)
     2    0.007037    0.075711    0.287218    2.564109 ^ _08888_/X (sky130_fd_sc_hd__a21o_2)
                                                         _01614_ (net)
                      0.075711    0.000000    2.564109 ^ _09025_/B1 (sky130_fd_sc_hd__o21a_2)
     2    0.006200    0.081777    0.264000    2.828109 ^ _09025_/X (sky130_fd_sc_hd__o21a_2)
                                                         _01750_ (net)
                      0.081777    0.000000    2.828109 ^ _09026_/B1 (sky130_fd_sc_hd__a21oi_2)
     4    0.015130    0.077876    0.098413    2.926522 v _09026_/Y (sky130_fd_sc_hd__a21oi_2)
                                                         _01751_ (net)
                      0.077876    0.000000    2.926522 v _09486_/A1 (sky130_fd_sc_hd__a21boi_2)
     3    0.013579    0.307411    0.332960    3.259482 ^ _09486_/Y (sky130_fd_sc_hd__a21boi_2)
                                                         _02229_ (net)
                      0.307411    0.000000    3.259482 ^ _09617_/A2 (sky130_fd_sc_hd__o21ba_2)
     1    0.008492    0.109133    0.366597    3.626079 ^ _09617_/X (sky130_fd_sc_hd__o21ba_2)
                                                         _02372_ (net)
                      0.109133    0.000000    3.626079 ^ _09618_/B (sky130_fd_sc_hd__xnor2_2)
     1    0.001838    0.052164    0.111757    3.737836 v _09618_/Y (sky130_fd_sc_hd__xnor2_2)
                                                         _00053_ (net)
                      0.052164    0.000000    3.737836 v _13413_/D (sky130_fd_sc_hd__dfrtp_2)
                                              3.737836   data arrival time

                      0.150000    0.000000    0.000000   clock clk (rise edge)
                                  0.000000    0.000000   clock network delay (ideal)
                                  0.250000    0.250000   clock uncertainty
                                  0.000000    0.250000   clock reconvergence pessimism
                                              0.250000 ^ _13413_/CLK (sky130_fd_sc_hd__dfrtp_2)
                                 -0.063726    0.186274   library hold time
                                              0.186274   data required time
---------------------------------------------------------------------------------------------
                                              0.186274   data required time
                                             -3.737836   data arrival time
---------------------------------------------------------------------------------------------
                                              3.551562   slack (MET)


Startpoint: w12[3] (input port clocked by clk)
Endpoint: _13391_ (rising edge-triggered flip-flop clocked by clk)
Path Group: clk
Path Type: min

Fanout         Cap        Slew       Delay        Time   Description
---------------------------------------------------------------------------------------------
                      0.150000    0.000000    0.000000   clock clk (rise edge)
                                  0.000000    0.000000   clock network delay (ideal)
                                  2.000000    2.000000 v input external delay
    16    0.040689    0.177004    0.124735    2.124735 v w12[3] (in)
                                                         w12[3] (net)
                      0.177004    0.000000    2.124735 v _10093_/B (sky130_fd_sc_hd__nand2_2)
     4    0.010131    0.120180    0.185227    2.309962 ^ _10093_/Y (sky130_fd_sc_hd__nand2_2)
                                                         _02884_ (net)
                      0.120180    0.000000    2.309962 ^ _10124_/A (sky130_fd_sc_hd__or3_2)
     1    0.004609    0.062618    0.219799    2.529760 ^ _10124_/X (sky130_fd_sc_hd__or3_2)
                                                         _02918_ (net)
                      0.062618    0.000000    2.529760 ^ _10125_/A (sky130_fd_sc_hd__inv_2)
     3    0.017135    0.078021    0.096154    2.625915 v _10125_/Y (sky130_fd_sc_hd__inv_2)
                                                         _02919_ (net)
                      0.078021    0.000000    2.625915 v _10251_/A2 (sky130_fd_sc_hd__a21oi_2)
     3    0.010663    0.257456    0.310388    2.936303 ^ _10251_/Y (sky130_fd_sc_hd__a21oi_2)
                                                         _03057_ (net)
                      0.257456    0.000000    2.936303 ^ _10359_/B1 (sky130_fd_sc_hd__o21ai_2)
     4    0.009398    0.099895    0.207401    3.143704 v _10359_/Y (sky130_fd_sc_hd__o21ai_2)
                                                         _03176_ (net)
                      0.099895    0.000000    3.143704 v _10362_/B (sky130_fd_sc_hd__nand3_2)
     3    0.006406    0.094719    0.135059    3.278763 ^ _10362_/Y (sky130_fd_sc_hd__nand3_2)
                                                         _03179_ (net)
                      0.094719    0.000000    3.278763 ^ _10365_/B1 (sky130_fd_sc_hd__a22o_2)
     1    0.001604    0.053347    0.242577    3.521340 ^ _10365_/X (sky130_fd_sc_hd__a22o_2)
                                                         _03182_ (net)
                      0.053347    0.000000    3.521340 ^ _10366_/B (sky130_fd_sc_hd__and2b_2)
     1    0.001853    0.057647    0.246902    3.768242 ^ _10366_/X (sky130_fd_sc_hd__and2b_2)
                                                         _00020_ (net)
                      0.057647    0.000000    3.768242 ^ _13391_/D (sky130_fd_sc_hd__dfrtp_2)
                                              3.768242   data arrival time

                      0.150000    0.000000    0.000000   clock clk (rise edge)
                                  0.000000    0.000000   clock network delay (ideal)
                                  0.250000    0.250000   clock uncertainty
                                  0.000000    0.250000   clock reconvergence pessimism
                                              0.250000 ^ _13391_/CLK (sky130_fd_sc_hd__dfrtp_2)
                                 -0.060965    0.189035   library hold time
                                              0.189035   data required time
---------------------------------------------------------------------------------------------
                                              0.189035   data required time
                                             -3.768242   data arrival time
---------------------------------------------------------------------------------------------
                                              3.579207   slack (MET)


Startpoint: w11[6] (input port clocked by clk)
Endpoint: _13381_ (rising edge-triggered flip-flop clocked by clk)
Path Group: clk
Path Type: min

Fanout         Cap        Slew       Delay        Time   Description
---------------------------------------------------------------------------------------------
                      0.150000    0.000000    0.000000   clock clk (rise edge)
                                  0.000000    0.000000   clock network delay (ideal)
                                  2.000000    2.000000 v input external delay
    17    0.030856    0.135341    0.094690    2.094690 v w11[6] (in)
                                                         w11[6] (net)
                      0.135341    0.000000    2.094690 v _12031_/B (sky130_fd_sc_hd__nand3_2)
     3    0.011675    0.134667    0.182201    2.276891 ^ _12031_/Y (sky130_fd_sc_hd__nand3_2)
                                                         _04997_ (net)
                      0.134667    0.000000    2.276891 ^ _12179_/A2 (sky130_fd_sc_hd__a21o_2)
     2    0.007037    0.075711    0.287218    2.564109 ^ _12179_/X (sky130_fd_sc_hd__a21o_2)
                                                         _05158_ (net)
                      0.075711    0.000000    2.564109 ^ _12315_/B1 (sky130_fd_sc_hd__o21a_2)
     2    0.006200    0.081777    0.264000    2.828109 ^ _12315_/X (sky130_fd_sc_hd__o21a_2)
                                                         _05306_ (net)
                      0.081777    0.000000    2.828109 ^ _12316_/B1 (sky130_fd_sc_hd__a21oi_2)
     3    0.010798    0.061431    0.085969    2.914078 v _12316_/Y (sky130_fd_sc_hd__a21oi_2)
                                                         _05307_ (net)
                      0.061431    0.000000    2.914078 v _12632_/A (sky130_fd_sc_hd__nand3_2)
     3    0.008462    0.095507    0.111122    3.025199 ^ _12632_/Y (sky130_fd_sc_hd__nand3_2)
                                                         _05654_ (net)
                      0.095507    0.000000    3.025199 ^ _12776_/B (sky130_fd_sc_hd__and2_2)
     3    0.013610    0.147671    0.345493    3.370692 ^ _12776_/X (sky130_fd_sc_hd__and2_2)
                                                         _05811_ (net)
                      0.147671    0.000000    3.370692 ^ _12911_/A2 (sky130_fd_sc_hd__o21a_2)
     1    0.008492    0.099006    0.287607    3.658299 ^ _12911_/X (sky130_fd_sc_hd__o21a_2)
                                                         _05959_ (net)
                      0.099006    0.000000    3.658299 ^ _12912_/B (sky130_fd_sc_hd__xnor2_2)
     1    0.001838    0.051593    0.108503    3.766802 v _12912_/Y (sky130_fd_sc_hd__xnor2_2)
                                                         _00027_ (net)
                      0.051593    0.000000    3.766802 v _13381_/D (sky130_fd_sc_hd__dfrtp_2)
                                              3.766802   data arrival time

                      0.150000    0.000000    0.000000   clock clk (rise edge)
                                  0.000000    0.000000   clock network delay (ideal)
                                  0.250000    0.250000   clock uncertainty
                                  0.000000    0.250000   clock reconvergence pessimism
                                              0.250000 ^ _13381_/CLK (sky130_fd_sc_hd__dfrtp_2)
                                 -0.063517    0.186483   library hold time
                                              0.186483   data required time
---------------------------------------------------------------------------------------------
                                              0.186483   data required time
                                             -3.766802   data arrival time
---------------------------------------------------------------------------------------------
                                              3.580319   slack (MET)


Startpoint: w11[6] (input port clocked by clk)
Endpoint: _13378_ (rising edge-triggered flip-flop clocked by clk)
Path Group: clk
Path Type: min

Fanout         Cap        Slew       Delay        Time   Description
---------------------------------------------------------------------------------------------
                      0.150000    0.000000    0.000000   clock clk (rise edge)
                                  0.000000    0.000000   clock network delay (ideal)
                                  2.000000    2.000000 ^ input external delay
    17    0.032558    0.240385    0.163944    2.163944 ^ w11[6] (in)
                                                         w11[6] (net)
                      0.240385    0.000000    2.163944 ^ _12031_/B (sky130_fd_sc_hd__nand3_2)
     3    0.010858    0.186218    0.269547    2.433491 v _12031_/Y (sky130_fd_sc_hd__nand3_2)
                                                         _04997_ (net)
                      0.186218    0.000000    2.433491 v _12032_/B (sky130_fd_sc_hd__nand2_2)
     3    0.007773    0.084026    0.176236    2.609726 ^ _12032_/Y (sky130_fd_sc_hd__nand2_2)
                                                         _04998_ (net)
                      0.084026    0.000000    2.609726 ^ _12156_/B (sky130_fd_sc_hd__or3_2)
     2    0.007069    0.080225    0.214374    2.824100 ^ _12156_/X (sky130_fd_sc_hd__or3_2)
                                                         _05132_ (net)
                      0.080225    0.000000    2.824100 ^ _12476_/B1 (sky130_fd_sc_hd__o21a_2)
     1    0.001417    0.044586    0.225596    3.049696 ^ _12476_/X (sky130_fd_sc_hd__o21a_2)
                                                         _05483_ (net)
                      0.044586    0.000000    3.049696 ^ _12477_/B (sky130_fd_sc_hd__or2_2)
     3    0.014729    0.138275    0.232852    3.282548 ^ _12477_/X (sky130_fd_sc_hd__or2_2)
                                                         _05485_ (net)
                      0.138275    0.000000    3.282548 ^ _12478_/B (sky130_fd_sc_hd__xnor2_2)
     3    0.007952    0.105745    0.165549    3.448097 v _12478_/Y (sky130_fd_sc_hd__xnor2_2)
                                                         _05486_ (net)
                      0.105745    0.000000    3.448097 v _12481_/A (sky130_fd_sc_hd__nand2_2)
     1    0.001460    0.042453    0.084011    3.532108 ^ _12481_/Y (sky130_fd_sc_hd__nand2_2)
                                                         _05489_ (net)
                      0.042453    0.000000    3.532108 ^ _12482_/B (sky130_fd_sc_hd__and2_2)
     1    0.001853    0.061092    0.239003    3.771111 ^ _12482_/X (sky130_fd_sc_hd__and2_2)
                                                         _00036_ (net)
                      0.061092    0.000000    3.771111 ^ _13378_/D (sky130_fd_sc_hd__dfrtp_2)
                                              3.771111   data arrival time

                      0.150000    0.000000    0.000000   clock clk (rise edge)
                                  0.000000    0.000000   clock network delay (ideal)
                                  0.250000    0.250000   clock uncertainty
                                  0.000000    0.250000   clock reconvergence pessimism
                                              0.250000 ^ _13378_/CLK (sky130_fd_sc_hd__dfrtp_2)
                                 -0.061748    0.188253   library hold time
                                              0.188253   data required time
---------------------------------------------------------------------------------------------
                                              0.188253   data required time
                                             -3.771111   data arrival time
---------------------------------------------------------------------------------------------
                                              3.582858   slack (MET)


Startpoint: w10[6] (input port clocked by clk)
Endpoint: _13364_ (rising edge-triggered flip-flop clocked by clk)
Path Group: clk
Path Type: min

Fanout         Cap        Slew       Delay        Time   Description
---------------------------------------------------------------------------------------------
                      0.150000    0.000000    0.000000   clock clk (rise edge)
                                  0.000000    0.000000   clock network delay (ideal)
                                  2.000000    2.000000 v input external delay
    17    0.030769    0.134972    0.094424    2.094424 v w10[6] (in)
                                                         w10[6] (net)
                      0.134972    0.000000    2.094424 v _07085_/B (sky130_fd_sc_hd__nand3_2)
     3    0.011675    0.134667    0.182027    2.276451 ^ _07085_/Y (sky130_fd_sc_hd__nand3_2)
                                                         _06377_ (net)
                      0.134667    0.000000    2.276451 ^ _07235_/A2 (sky130_fd_sc_hd__a21o_2)
     2    0.007037    0.075711    0.287218    2.563669 ^ _07235_/X (sky130_fd_sc_hd__a21o_2)
                                                         _06526_ (net)
                      0.075711    0.000000    2.563669 ^ _07371_/B1 (sky130_fd_sc_hd__o21a_2)
     2    0.006200    0.081777    0.264000    2.827669 ^ _07371_/X (sky130_fd_sc_hd__o21a_2)
                                                         _06661_ (net)
                      0.081777    0.000000    2.827669 ^ _07372_/B1 (sky130_fd_sc_hd__a21oi_2)
     4    0.015130    0.077876    0.098413    2.926082 v _07372_/Y (sky130_fd_sc_hd__a21oi_2)
                                                         _06662_ (net)
                      0.077876    0.000000    2.926082 v _07686_/A (sky130_fd_sc_hd__nand3_2)
     3    0.009429    0.103035    0.124324    3.050406 ^ _07686_/Y (sky130_fd_sc_hd__nand3_2)
                                                         _00426_ (net)
                      0.103035    0.000000    3.050406 ^ _07688_/A1 (sky130_fd_sc_hd__a211o_2)
     2    0.009599    0.096418    0.294018    3.344424 ^ _07688_/X (sky130_fd_sc_hd__a211o_2)
                                                         _00428_ (net)
                      0.096418    0.000000    3.344424 ^ _07834_/A2 (sky130_fd_sc_hd__a21oi_2)
     1    0.004312    0.040900    0.120681    3.465106 v _07834_/Y (sky130_fd_sc_hd__a21oi_2)
                                                         _00573_ (net)
                      0.040900    0.000000    3.465106 v _07835_/B1 (sky130_fd_sc_hd__o31ai_2)
     3    0.018596    0.208045    0.168288    3.633394 ^ _07835_/Y (sky130_fd_sc_hd__o31ai_2)
                                                         _00574_ (net)
                      0.208045    0.000000    3.633394 ^ _07836_/B (sky130_fd_sc_hd__xnor2_2)
     1    0.001838    0.056887    0.143545    3.776938 v _07836_/Y (sky130_fd_sc_hd__xnor2_2)
                                                         _00039_ (net)
                      0.056887    0.000000    3.776938 v _13364_/D (sky130_fd_sc_hd__dfrtp_2)
                                              3.776938   data arrival time

                      0.150000    0.000000    0.000000   clock clk (rise edge)
                                  0.000000    0.000000   clock network delay (ideal)
                                  0.250000    0.250000   clock uncertainty
                                  0.000000    0.250000   clock reconvergence pessimism
                                              0.250000 ^ _13364_/CLK (sky130_fd_sc_hd__dfrtp_2)
                                 -0.065456    0.184544   library hold time
                                              0.184544   data required time
---------------------------------------------------------------------------------------------
                                              0.184544   data required time
                                             -3.776938   data arrival time
---------------------------------------------------------------------------------------------
                                              3.592395   slack (MET)


Startpoint: w13[7] (input port clocked by clk)
Endpoint: _13416_ (rising edge-triggered flip-flop clocked by clk)
Path Group: clk
Path Type: min

Fanout         Cap        Slew       Delay        Time   Description
---------------------------------------------------------------------------------------------
                      0.150000    0.000000    0.000000   clock clk (rise edge)
                                  0.000000    0.000000   clock network delay (ideal)
                                  2.000000    2.000000 v input external delay
    10    0.024476    0.108308    0.075195    2.075195 v w13[7] (in)
                                                         w13[7] (net)
                      0.108308    0.000000    2.075195 v _09209_/D (sky130_fd_sc_hd__and4_2)
     3    0.017011    0.129558    0.585615    2.660810 v _09209_/X (sky130_fd_sc_hd__and4_2)
                                                         _01933_ (net)
                      0.129558    0.000000    2.660810 v _09492_/A1 (sky130_fd_sc_hd__a21oi_2)
     2    0.006200    0.176052    0.251425    2.912236 ^ _09492_/Y (sky130_fd_sc_hd__a21oi_2)
                                                         _02235_ (net)
                      0.176052    0.000000    2.912236 ^ _09493_/B1 (sky130_fd_sc_hd__a21oi_2)
     3    0.009945    0.075208    0.122101    3.034336 v _09493_/Y (sky130_fd_sc_hd__a21oi_2)
                                                         _02236_ (net)
                      0.075208    0.000000    3.034336 v _09730_/A (sky130_fd_sc_hd__nand2_2)
     4    0.015611    0.145552    0.154099    3.188435 ^ _09730_/Y (sky130_fd_sc_hd__nand2_2)
                                                         _02494_ (net)
                      0.145552    0.000000    3.188435 ^ _09851_/B (sky130_fd_sc_hd__nand3_2)
     2    0.003789    0.099960    0.169047    3.357482 v _09851_/Y (sky130_fd_sc_hd__nand3_2)
                                                         _02626_ (net)
                      0.099960    0.000000    3.357482 v _09946_/B1 (sky130_fd_sc_hd__o31a_2)
     2    0.012889    0.091392    0.263066    3.620548 v _09946_/X (sky130_fd_sc_hd__o31a_2)
                                                         _02728_ (net)
                      0.091392    0.000000    3.620548 v _09947_/B (sky130_fd_sc_hd__xnor2_2)
     1    0.001853    0.051800    0.170963    3.791511 ^ _09947_/Y (sky130_fd_sc_hd__xnor2_2)
                                                         _00056_ (net)
                      0.051800    0.000000    3.791511 ^ _13416_/D (sky130_fd_sc_hd__dfrtp_2)
                                              3.791511   data arrival time

                      0.150000    0.000000    0.000000   clock clk (rise edge)
                                  0.000000    0.000000   clock network delay (ideal)
                                  0.250000    0.250000   clock uncertainty
                                  0.000000    0.250000   clock reconvergence pessimism
                                              0.250000 ^ _13416_/CLK (sky130_fd_sc_hd__dfrtp_2)
                                 -0.059636    0.190364   library hold time
                                              0.190364   data required time
---------------------------------------------------------------------------------------------
                                              0.190364   data required time
                                             -3.791511   data arrival time
---------------------------------------------------------------------------------------------
                                              3.601147   slack (MET)


Startpoint: w10[4] (input port clocked by clk)
Endpoint: _13365_ (rising edge-triggered flip-flop clocked by clk)
Path Group: clk
Path Type: min

Fanout         Cap        Slew       Delay        Time   Description
---------------------------------------------------------------------------------------------
                      0.150000    0.000000    0.000000   clock clk (rise edge)
                                  0.000000    0.000000   clock network delay (ideal)
                                  2.000000    2.000000 v input external delay
    15    0.044112    0.191508    0.135194    2.135194 v w10[4] (in)
                                                         w10[4] (net)
                      0.191508    0.000000    2.135194 v _07377_/A2 (sky130_fd_sc_hd__a31oi_2)
     2    0.006001    0.217885    0.346830    2.482024 ^ _07377_/Y (sky130_fd_sc_hd__a31oi_2)
                                                         _06667_ (net)
                      0.217885    0.000000    2.482024 ^ _07379_/A (sky130_fd_sc_hd__nor2_2)
     3    0.012403    0.076807    0.164622    2.646645 v _07379_/Y (sky130_fd_sc_hd__nor2_2)
                                                         _06669_ (net)
                      0.076807    0.000000    2.646645 v _07694_/A1 (sky130_fd_sc_hd__a21o_2)
     2    0.012765    0.101954    0.401688    3.048334 v _07694_/X (sky130_fd_sc_hd__a21o_2)
                                                         _00433_ (net)
                      0.101954    0.000000    3.048334 v _07829_/A (sky130_fd_sc_hd__xnor2_2)
     3    0.017007    0.182645    0.333188    3.381522 v _07829_/Y (sky130_fd_sc_hd__xnor2_2)
                                                         _00568_ (net)
                      0.182645    0.000000    3.381522 v _07832_/A (sky130_fd_sc_hd__nand2_2)
     1    0.004595    0.075763    0.138517    3.520039 ^ _07832_/Y (sky130_fd_sc_hd__nand2_2)
                                                         _00571_ (net)
                      0.075763    0.000000    3.520039 ^ _07968_/A1 (sky130_fd_sc_hd__a21oi_2)
     1    0.008219    0.076467    0.124669    3.644708 v _07968_/Y (sky130_fd_sc_hd__a21oi_2)
                                                         _00706_ (net)
                      0.076467    0.000000    3.644708 v _07969_/B (sky130_fd_sc_hd__xnor2_2)
     1    0.001853    0.052709    0.165097    3.809805 ^ _07969_/Y (sky130_fd_sc_hd__xnor2_2)
                                                         _00040_ (net)
                      0.052709    0.000000    3.809805 ^ _13365_/D (sky130_fd_sc_hd__dfrtp_2)
                                              3.809805   data arrival time

                      0.150000    0.000000    0.000000   clock clk (rise edge)
                                  0.000000    0.000000   clock network delay (ideal)
                                  0.250000    0.250000   clock uncertainty
                                  0.000000    0.250000   clock reconvergence pessimism
                                              0.250000 ^ _13365_/CLK (sky130_fd_sc_hd__dfrtp_2)
                                 -0.059843    0.190157   library hold time
                                              0.190157   data required time
---------------------------------------------------------------------------------------------
                                              0.190157   data required time
                                             -3.809805   data arrival time
---------------------------------------------------------------------------------------------
                                              3.619648   slack (MET)


Startpoint: w10[4] (input port clocked by clk)
Endpoint: _13366_ (rising edge-triggered flip-flop clocked by clk)
Path Group: clk
Path Type: min

Fanout         Cap        Slew       Delay        Time   Description
---------------------------------------------------------------------------------------------
                      0.150000    0.000000    0.000000   clock clk (rise edge)
                                  0.000000    0.000000   clock network delay (ideal)
                                  2.000000    2.000000 ^ input external delay
    15    0.047574    0.345580    0.238127    2.238127 ^ w10[4] (in)
                                                         w10[4] (net)
                      0.345580    0.000000    2.238127 ^ _07377_/A2 (sky130_fd_sc_hd__a31oi_2)
     2    0.005618    0.057657    0.289118    2.527245 v _07377_/Y (sky130_fd_sc_hd__a31oi_2)
                                                         _06667_ (net)
                      0.057657    0.000000    2.527245 v _07379_/A (sky130_fd_sc_hd__nor2_2)
     3    0.013329    0.276537    0.282151    2.809396 ^ _07379_/Y (sky130_fd_sc_hd__nor2_2)
                                                         _06669_ (net)
                      0.276537    0.000000    2.809396 ^ _07694_/A1 (sky130_fd_sc_hd__a21o_2)
     2    0.013656    0.122676    0.375300    3.184695 ^ _07694_/X (sky130_fd_sc_hd__a21o_2)
                                                         _00433_ (net)
                      0.122676    0.000000    3.184695 ^ _07964_/A1 (sky130_fd_sc_hd__a21oi_2)
     3    0.016444    0.090251    0.189935    3.374630 v _07964_/Y (sky130_fd_sc_hd__a21oi_2)
                                                         _00702_ (net)
                      0.090251    0.000000    3.374630 v _07966_/B (sky130_fd_sc_hd__nor2_2)
     1    0.004616    0.133086    0.149480    3.524110 ^ _07966_/Y (sky130_fd_sc_hd__nor2_2)
                                                         _00704_ (net)
                      0.133086    0.000000    3.524110 ^ _08092_/C1 (sky130_fd_sc_hd__a221oi_2)
     3    0.014412    0.095009    0.122075    3.646185 v _08092_/Y (sky130_fd_sc_hd__a221oi_2)
                                                         _00829_ (net)
                      0.095009    0.000000    3.646185 v _08093_/B (sky130_fd_sc_hd__xor2_2)
     1    0.001853    0.094367    0.176708    3.822893 ^ _08093_/X (sky130_fd_sc_hd__xor2_2)
                                                         _00041_ (net)
                      0.094367    0.000000    3.822893 ^ _13366_/D (sky130_fd_sc_hd__dfrtp_2)
                                              3.822893   data arrival time

                      0.150000    0.000000    0.000000   clock clk (rise edge)
                                  0.000000    0.000000   clock network delay (ideal)
                                  0.250000    0.250000   clock uncertainty
                                  0.000000    0.250000   clock reconvergence pessimism
                                              0.250000 ^ _13366_/CLK (sky130_fd_sc_hd__dfrtp_2)
                                 -0.069308    0.180692   library hold time
                                              0.180692   data required time
---------------------------------------------------------------------------------------------
                                              0.180692   data required time
                                             -3.822893   data arrival time
---------------------------------------------------------------------------------------------
                                              3.642201   slack (MET)


Startpoint: w13[7] (input port clocked by clk)
Endpoint: _13415_ (rising edge-triggered flip-flop clocked by clk)
Path Group: clk
Path Type: min

Fanout         Cap        Slew       Delay        Time   Description
---------------------------------------------------------------------------------------------
                      0.150000    0.000000    0.000000   clock clk (rise edge)
                                  0.000000    0.000000   clock network delay (ideal)
                                  2.000000    2.000000 v input external delay
    10    0.024476    0.108308    0.075195    2.075195 v w13[7] (in)
                                                         w13[7] (net)
                      0.108308    0.000000    2.075195 v _09209_/D (sky130_fd_sc_hd__and4_2)
     3    0.017011    0.129558    0.585615    2.660810 v _09209_/X (sky130_fd_sc_hd__and4_2)
                                                         _01933_ (net)
                      0.129558    0.000000    2.660810 v _09492_/A1 (sky130_fd_sc_hd__a21oi_2)
     2    0.006200    0.176052    0.251425    2.912236 ^ _09492_/Y (sky130_fd_sc_hd__a21oi_2)
                                                         _02235_ (net)
                      0.176052    0.000000    2.912236 ^ _09493_/B1 (sky130_fd_sc_hd__a21oi_2)
     3    0.009945    0.075208    0.122101    3.034336 v _09493_/Y (sky130_fd_sc_hd__a21oi_2)
                                                         _02236_ (net)
                      0.075208    0.000000    3.034336 v _09730_/A (sky130_fd_sc_hd__nand2_2)
     4    0.015611    0.145552    0.154099    3.188435 ^ _09730_/Y (sky130_fd_sc_hd__nand2_2)
                                                         _02494_ (net)
                      0.145552    0.000000    3.188435 ^ _09734_/A (sky130_fd_sc_hd__and3_2)
     2    0.007074    0.115091    0.396104    3.584539 ^ _09734_/X (sky130_fd_sc_hd__and3_2)
                                                         _02498_ (net)
                      0.115091    0.000000    3.584539 ^ _09853_/A (sky130_fd_sc_hd__nor2_2)
     1    0.008219    0.051519    0.103038    3.687577 v _09853_/Y (sky130_fd_sc_hd__nor2_2)
                                                         _02628_ (net)
                      0.051519    0.000000    3.687577 v _09854_/B (sky130_fd_sc_hd__xnor2_2)
     1    0.001853    0.051827    0.156857    3.844434 ^ _09854_/Y (sky130_fd_sc_hd__xnor2_2)
                                                         _00055_ (net)
                      0.051827    0.000000    3.844434 ^ _13415_/D (sky130_fd_sc_hd__dfrtp_2)
                                              3.844434   data arrival time

                      0.150000    0.000000    0.000000   clock clk (rise edge)
                                  0.000000    0.000000   clock network delay (ideal)
                                  0.250000    0.250000   clock uncertainty
                                  0.000000    0.250000   clock reconvergence pessimism
                                              0.250000 ^ _13415_/CLK (sky130_fd_sc_hd__dfrtp_2)
                                 -0.059642    0.190358   library hold time
                                              0.190358   data required time
---------------------------------------------------------------------------------------------
                                              0.190358   data required time
                                             -3.844434   data arrival time
---------------------------------------------------------------------------------------------
                                              3.654076   slack (MET)


Startpoint: w12[4] (input port clocked by clk)
Endpoint: _13397_ (rising edge-triggered flip-flop clocked by clk)
Path Group: clk
Path Type: min

Fanout         Cap        Slew       Delay        Time   Description
---------------------------------------------------------------------------------------------
                      0.150000    0.000000    0.000000   clock clk (rise edge)
                                  0.000000    0.000000   clock network delay (ideal)
                                  2.000000    2.000000 ^ input external delay
    15    0.043979    0.320395    0.220366    2.220366 ^ w12[4] (in)
                                                         w12[4] (net)
                      0.320395    0.000000    2.220366 ^ _10670_/A2 (sky130_fd_sc_hd__a31oi_2)
     2    0.005618    0.057696    0.280950    2.501316 v _10670_/Y (sky130_fd_sc_hd__a31oi_2)
                                                         _03514_ (net)
                      0.057696    0.000000    2.501316 v _10672_/A (sky130_fd_sc_hd__nor2_2)
     3    0.013329    0.276537    0.282169    2.783485 ^ _10672_/Y (sky130_fd_sc_hd__nor2_2)
                                                         _03516_ (net)
                      0.276537    0.000000    2.783485 ^ _10987_/A1 (sky130_fd_sc_hd__a21o_2)
     2    0.013656    0.122676    0.375300    3.158784 ^ _10987_/X (sky130_fd_sc_hd__a21o_2)
                                                         _03861_ (net)
                      0.122676    0.000000    3.158784 ^ _11258_/A1 (sky130_fd_sc_hd__a21oi_2)
     3    0.012528    0.076460    0.168776    3.327560 v _11258_/Y (sky130_fd_sc_hd__a21oi_2)
                                                         _04158_ (net)
                      0.076460    0.000000    3.327560 v _11259_/B (sky130_fd_sc_hd__xor2_2)
     3    0.016944    0.117596    0.321500    3.649061 v _11259_/X (sky130_fd_sc_hd__xor2_2)
                                                         _04159_ (net)
                      0.117596    0.000000    3.649061 v _11261_/A (sky130_fd_sc_hd__xnor2_2)
     1    0.001853    0.051958    0.224647    3.873707 ^ _11261_/Y (sky130_fd_sc_hd__xnor2_2)
                                                         _00014_ (net)
                      0.051958    0.000000    3.873707 ^ _13397_/D (sky130_fd_sc_hd__dfrtp_2)
                                              3.873707   data arrival time

                      0.150000    0.000000    0.000000   clock clk (rise edge)
                                  0.000000    0.000000   clock network delay (ideal)
                                  0.250000    0.250000   clock uncertainty
                                  0.000000    0.250000   clock reconvergence pessimism
                                              0.250000 ^ _13397_/CLK (sky130_fd_sc_hd__dfrtp_2)
                                 -0.059672    0.190328   library hold time
                                              0.190328   data required time
---------------------------------------------------------------------------------------------
                                              0.190328   data required time
                                             -3.873707   data arrival time
---------------------------------------------------------------------------------------------
                                              3.683379   slack (MET)


Startpoint: w12[3] (input port clocked by clk)
Endpoint: _13392_ (rising edge-triggered flip-flop clocked by clk)
Path Group: clk
Path Type: min

Fanout         Cap        Slew       Delay        Time   Description
---------------------------------------------------------------------------------------------
                      0.150000    0.000000    0.000000   clock clk (rise edge)
                                  0.000000    0.000000   clock network delay (ideal)
                                  2.000000    2.000000 v input external delay
    16    0.040689    0.177004    0.124735    2.124735 v w12[3] (in)
                                                         w12[3] (net)
                      0.177004    0.000000    2.124735 v _10093_/B (sky130_fd_sc_hd__nand2_2)
     4    0.010131    0.120180    0.185227    2.309962 ^ _10093_/Y (sky130_fd_sc_hd__nand2_2)
                                                         _02884_ (net)
                      0.120180    0.000000    2.309962 ^ _10124_/A (sky130_fd_sc_hd__or3_2)
     1    0.004609    0.062618    0.219799    2.529760 ^ _10124_/X (sky130_fd_sc_hd__or3_2)
                                                         _02918_ (net)
                      0.062618    0.000000    2.529760 ^ _10125_/A (sky130_fd_sc_hd__inv_2)
     3    0.017135    0.078021    0.096154    2.625915 v _10125_/Y (sky130_fd_sc_hd__inv_2)
                                                         _02919_ (net)
                      0.078021    0.000000    2.625915 v _10251_/A2 (sky130_fd_sc_hd__a21oi_2)
     3    0.010663    0.257456    0.310388    2.936303 ^ _10251_/Y (sky130_fd_sc_hd__a21oi_2)
                                                         _03057_ (net)
                      0.257456    0.000000    2.936303 ^ _10359_/B1 (sky130_fd_sc_hd__o21ai_2)
     4    0.009398    0.099895    0.207401    3.143704 v _10359_/Y (sky130_fd_sc_hd__o21ai_2)
                                                         _03176_ (net)
                      0.099895    0.000000    3.143704 v _10362_/B (sky130_fd_sc_hd__nand3_2)
     3    0.006406    0.094719    0.135059    3.278763 ^ _10362_/Y (sky130_fd_sc_hd__nand3_2)
                                                         _03179_ (net)
                      0.094719    0.000000    3.278763 ^ _10502_/A3 (sky130_fd_sc_hd__a41o_2)
     2    0.010924    0.110790    0.497800    3.776562 ^ _10502_/X (sky130_fd_sc_hd__a41o_2)
                                                         _03331_ (net)
                      0.110790    0.000000    3.776562 ^ _10503_/B (sky130_fd_sc_hd__xnor2_2)
     1    0.001838    0.052258    0.112290    3.888852 v _10503_/Y (sky130_fd_sc_hd__xnor2_2)
                                                         _00021_ (net)
                      0.052258    0.000000    3.888852 v _13392_/D (sky130_fd_sc_hd__dfrtp_2)
                                              3.888852   data arrival time

                      0.150000    0.000000    0.000000   clock clk (rise edge)
                                  0.000000    0.000000   clock network delay (ideal)
                                  0.250000    0.250000   clock uncertainty
                                  0.000000    0.250000   clock reconvergence pessimism
                                              0.250000 ^ _13392_/CLK (sky130_fd_sc_hd__dfrtp_2)
                                 -0.063760    0.186240   library hold time
                                              0.186240   data required time
---------------------------------------------------------------------------------------------
                                              0.186240   data required time
                                             -3.888852   data arrival time
---------------------------------------------------------------------------------------------
                                              3.702612   slack (MET)


Startpoint: w13[6] (input port clocked by clk)
Endpoint: _13417_ (rising edge-triggered flip-flop clocked by clk)
Path Group: clk
Path Type: min

Fanout         Cap        Slew       Delay        Time   Description
---------------------------------------------------------------------------------------------
                      0.150000    0.000000    0.000000   clock clk (rise edge)
                                  0.000000    0.000000   clock network delay (ideal)
                                  2.000000    2.000000 v input external delay
    17    0.030856    0.135341    0.094690    2.094690 v w13[6] (in)
                                                         w13[6] (net)
                      0.135341    0.000000    2.094690 v _09506_/C (sky130_fd_sc_hd__and4b_2)
     3    0.010042    0.108924    0.536677    2.631367 v _09506_/X (sky130_fd_sc_hd__and4b_2)
                                                         _02250_ (net)
                      0.108924    0.000000    2.631367 v _09507_/A (sky130_fd_sc_hd__inv_2)
     2    0.011497    0.098837    0.128436    2.759803 ^ _09507_/Y (sky130_fd_sc_hd__inv_2)
                                                         _02252_ (net)
                      0.098837    0.000000    2.759803 ^ _09841_/A1 (sky130_fd_sc_hd__o21a_2)
     2    0.002798    0.055534    0.259348    3.019150 ^ _09841_/X (sky130_fd_sc_hd__o21a_2)
                                                         _02615_ (net)
                      0.055534    0.000000    3.019150 ^ _09842_/B1_N (sky130_fd_sc_hd__o21bai_2)
     3    0.012326    0.141963    0.232410    3.251560 ^ _09842_/Y (sky130_fd_sc_hd__o21bai_2)
                                                         _02616_ (net)
                      0.141963    0.000000    3.251560 ^ _09941_/A (sky130_fd_sc_hd__xor2_2)
     2    0.008576    0.081863    0.184031    3.435591 v _09941_/X (sky130_fd_sc_hd__xor2_2)
                                                         _02723_ (net)
                      0.081863    0.000000    3.435591 v _09944_/A (sky130_fd_sc_hd__nand2_2)
     2    0.009200    0.095584    0.120321    3.555912 ^ _09944_/Y (sky130_fd_sc_hd__nand2_2)
                                                         _02726_ (net)
                      0.095584    0.000000    3.555912 ^ _09948_/A1 (sky130_fd_sc_hd__a21oi_2)
     1    0.008431    0.066684    0.134160    3.690072 v _09948_/Y (sky130_fd_sc_hd__a21oi_2)
                                                         _02730_ (net)
                      0.066684    0.000000    3.690072 v _09993_/A (sky130_fd_sc_hd__xnor2_2)
     1    0.001853    0.051959    0.203077    3.893149 ^ _09993_/Y (sky130_fd_sc_hd__xnor2_2)
                                                         _00057_ (net)
                      0.051959    0.000000    3.893149 ^ _13417_/D (sky130_fd_sc_hd__dfrtp_2)
                                              3.893149   data arrival time

                      0.150000    0.000000    0.000000   clock clk (rise edge)
                                  0.000000    0.000000   clock network delay (ideal)
                                  0.250000    0.250000   clock uncertainty
                                  0.000000    0.250000   clock reconvergence pessimism
                                              0.250000 ^ _13417_/CLK (sky130_fd_sc_hd__dfrtp_2)
                                 -0.059672    0.190328   library hold time
                                              0.190328   data required time
---------------------------------------------------------------------------------------------
                                              0.190328   data required time
                                             -3.893149   data arrival time
---------------------------------------------------------------------------------------------
                                              3.702821   slack (MET)


Startpoint: w12[7] (input port clocked by clk)
Endpoint: _13400_ (rising edge-triggered flip-flop clocked by clk)
Path Group: clk
Path Type: min

Fanout         Cap        Slew       Delay        Time   Description
---------------------------------------------------------------------------------------------
                      0.150000    0.000000    0.000000   clock clk (rise edge)
                                  0.000000    0.000000   clock network delay (ideal)
                                  2.000000    2.000000 v input external delay
    10    0.024476    0.108308    0.075195    2.075195 v w12[7] (in)
                                                         w12[7] (net)
                      0.108308    0.000000    2.075195 v _10847_/D (sky130_fd_sc_hd__and4_2)
     3    0.017011    0.129558    0.585615    2.660810 v _10847_/X (sky130_fd_sc_hd__and4_2)
                                                         _03708_ (net)
                      0.129558    0.000000    2.660810 v _11133_/A1 (sky130_fd_sc_hd__a21oi_2)
     2    0.006200    0.176052    0.251425    2.912236 ^ _11133_/Y (sky130_fd_sc_hd__a21oi_2)
                                                         _04020_ (net)
                      0.176052    0.000000    2.912236 ^ _11134_/B1 (sky130_fd_sc_hd__a21oi_2)
     3    0.017007    0.097795    0.145667    3.057903 v _11134_/Y (sky130_fd_sc_hd__a21oi_2)
                                                         _04021_ (net)
                      0.097795    0.000000    3.057903 v _11373_/A (sky130_fd_sc_hd__nand2_2)
     2    0.006525    0.077031    0.112291    3.170193 ^ _11373_/Y (sky130_fd_sc_hd__nand2_2)
                                                         _04283_ (net)
                      0.077031    0.000000    3.170193 ^ _11492_/B (sky130_fd_sc_hd__and3_2)
     2    0.009291    0.130771    0.399817    3.570010 ^ _11492_/X (sky130_fd_sc_hd__and3_2)
                                                         _04413_ (net)
                      0.130771    0.000000    3.570010 ^ _11493_/A (sky130_fd_sc_hd__inv_2)
     1    0.004312    0.039252    0.079973    3.649983 v _11493_/Y (sky130_fd_sc_hd__inv_2)
                                                         _04414_ (net)
                      0.039252    0.000000    3.649983 v _11590_/B1 (sky130_fd_sc_hd__o31ai_2)
     2    0.013233    0.161646    0.135294    3.785277 ^ _11590_/Y (sky130_fd_sc_hd__o31ai_2)
                                                         _04520_ (net)
                      0.161646    0.000000    3.785277 ^ _11591_/B (sky130_fd_sc_hd__xor2_2)
     1    0.001838    0.049809    0.134055    3.919332 v _11591_/X (sky130_fd_sc_hd__xor2_2)
                                                         _00017_ (net)
                      0.049809    0.000000    3.919332 v _13400_/D (sky130_fd_sc_hd__dfrtp_2)
                                              3.919332   data arrival time

                      0.150000    0.000000    0.000000   clock clk (rise edge)
                                  0.000000    0.000000   clock network delay (ideal)
                                  0.250000    0.250000   clock uncertainty
                                  0.000000    0.250000   clock reconvergence pessimism
                                              0.250000 ^ _13400_/CLK (sky130_fd_sc_hd__dfrtp_2)
                                 -0.062863    0.187137   library hold time
                                              0.187137   data required time
---------------------------------------------------------------------------------------------
                                              0.187137   data required time
                                             -3.919332   data arrival time
---------------------------------------------------------------------------------------------
                                              3.732195   slack (MET)


Startpoint: w12[4] (input port clocked by clk)
Endpoint: _13393_ (rising edge-triggered flip-flop clocked by clk)
Path Group: clk
Path Type: min

Fanout         Cap        Slew       Delay        Time   Description
---------------------------------------------------------------------------------------------
                      0.150000    0.000000    0.000000   clock clk (rise edge)
                                  0.000000    0.000000   clock network delay (ideal)
                                  2.000000    2.000000 v input external delay
    15    0.040419    0.175860    0.123910    2.123909 v w12[4] (in)
                                                         w12[4] (net)
                      0.175860    0.000000    2.123909 v _10094_/B (sky130_fd_sc_hd__nand2_2)
     3    0.010694    0.124095    0.187883    2.311793 ^ _10094_/Y (sky130_fd_sc_hd__nand2_2)
                                                         _02885_ (net)
                      0.124095    0.000000    2.311793 ^ _10095_/B (sky130_fd_sc_hd__nor2_2)
     2    0.005699    0.045511    0.087883    2.399676 v _10095_/Y (sky130_fd_sc_hd__nor2_2)
                                                         _02886_ (net)
                      0.045511    0.000000    2.399676 v _10258_/A (sky130_fd_sc_hd__nand2_2)
     5    0.014490    0.136387    0.133798    2.533474 ^ _10258_/Y (sky130_fd_sc_hd__nand2_2)
                                                         _03065_ (net)
                      0.136387    0.000000    2.533474 ^ _10382_/A (sky130_fd_sc_hd__nor2_2)
     2    0.009800    0.053282    0.117871    2.651345 v _10382_/Y (sky130_fd_sc_hd__nor2_2)
                                                         _03200_ (net)
                      0.053282    0.000000    2.651345 v _10506_/A (sky130_fd_sc_hd__xnor2_2)
     2    0.006034    0.081914    0.255014    2.906360 ^ _10506_/Y (sky130_fd_sc_hd__xnor2_2)
                                                         _03334_ (net)
                      0.081914    0.000000    2.906360 ^ _10654_/A (sky130_fd_sc_hd__nand2_2)
     3    0.010915    0.112305    0.131631    3.037991 v _10654_/Y (sky130_fd_sc_hd__nand2_2)
                                                         _03497_ (net)
                      0.112305    0.000000    3.037991 v _10656_/A (sky130_fd_sc_hd__nand2_2)
     2    0.014076    0.135700    0.162624    3.200615 ^ _10656_/Y (sky130_fd_sc_hd__nand2_2)
                                                         _03499_ (net)
                      0.135700    0.000000    3.200615 ^ _10659_/A (sky130_fd_sc_hd__xor2_2)
     2    0.012203    0.098256    0.205129    3.405743 v _10659_/X (sky130_fd_sc_hd__xor2_2)
                                                         _03503_ (net)
                      0.098256    0.000000    3.405743 v _10661_/B (sky130_fd_sc_hd__xor2_2)
     2    0.013987    0.304595    0.336980    3.742723 ^ _10661_/X (sky130_fd_sc_hd__xor2_2)
                                                         _03505_ (net)
                      0.304595    0.000000    3.742723 ^ _10663_/A (sky130_fd_sc_hd__xor2_2)
     1    0.001838    0.049731    0.192181    3.934905 v _10663_/X (sky130_fd_sc_hd__xor2_2)
                                                         _00022_ (net)
                      0.049731    0.000000    3.934905 v _13393_/D (sky130_fd_sc_hd__dfrtp_2)
                                              3.934905   data arrival time

                      0.150000    0.000000    0.000000   clock clk (rise edge)
                                  0.000000    0.000000   clock network delay (ideal)
                                  0.250000    0.250000   clock uncertainty
                                  0.000000    0.250000   clock reconvergence pessimism
                                              0.250000 ^ _13393_/CLK (sky130_fd_sc_hd__dfrtp_2)
                                 -0.062834    0.187166   library hold time
                                              0.187166   data required time
---------------------------------------------------------------------------------------------
                                              0.187166   data required time
                                             -3.934905   data arrival time
---------------------------------------------------------------------------------------------
                                              3.747739   slack (MET)


Startpoint: w12[7] (input port clocked by clk)
Endpoint: _13401_ (rising edge-triggered flip-flop clocked by clk)
Path Group: clk
Path Type: min

Fanout         Cap        Slew       Delay        Time   Description
---------------------------------------------------------------------------------------------
                      0.150000    0.000000    0.000000   clock clk (rise edge)
                                  0.000000    0.000000   clock network delay (ideal)
                                  2.000000    2.000000 ^ input external delay
    10    0.026173    0.195655    0.132401    2.132401 ^ w12[7] (in)
                                                         w12[7] (net)
                      0.195655    0.000000    2.132401 ^ _11003_/D (sky130_fd_sc_hd__and4_2)
     3    0.018241    0.220928    0.645507    2.777907 ^ _11003_/X (sky130_fd_sc_hd__and4_2)
                                                         _03878_ (net)
                      0.220928    0.000000    2.777907 ^ _11263_/A1 (sky130_fd_sc_hd__a21oi_2)
     2    0.012400    0.067042    0.209785    2.987692 v _11263_/Y (sky130_fd_sc_hd__a21oi_2)
                                                         _04162_ (net)
                      0.067042    0.000000    2.987692 v _11264_/B (sky130_fd_sc_hd__nor2_2)
     2    0.011510    0.246508    0.227240    3.214931 ^ _11264_/Y (sky130_fd_sc_hd__nor2_2)
                                                         _04163_ (net)
                      0.246508    0.000000    3.214931 ^ _11587_/A1 (sky130_fd_sc_hd__a21o_2)
     2    0.013147    0.119017    0.360913    3.575844 ^ _11587_/X (sky130_fd_sc_hd__a21o_2)
                                                         _04517_ (net)
                      0.119017    0.000000    3.575844 ^ _11588_/B (sky130_fd_sc_hd__nand2b_2)
     1    0.004270    0.068878    0.122187    3.698031 v _11588_/Y (sky130_fd_sc_hd__nand2b_2)
                                                         _04518_ (net)
                      0.068878    0.000000    3.698031 v _11592_/B1 (sky130_fd_sc_hd__o21ai_2)
     1    0.009061    0.113107    0.116809    3.814840 ^ _11592_/Y (sky130_fd_sc_hd__o21ai_2)
                                                         _04521_ (net)
                      0.113107    0.000000    3.814840 ^ _11639_/A (sky130_fd_sc_hd__xnor2_2)
     1    0.001838    0.051588    0.134315    3.949155 v _11639_/Y (sky130_fd_sc_hd__xnor2_2)
                                                         _00018_ (net)
                      0.051588    0.000000    3.949155 v _13401_/D (sky130_fd_sc_hd__dfrtp_2)
                                              3.949155   data arrival time

                      0.150000    0.000000    0.000000   clock clk (rise edge)
                                  0.000000    0.000000   clock network delay (ideal)
                                  0.250000    0.250000   clock uncertainty
                                  0.000000    0.250000   clock reconvergence pessimism
                                              0.250000 ^ _13401_/CLK (sky130_fd_sc_hd__dfrtp_2)
                                 -0.063515    0.186485   library hold time
                                              0.186485   data required time
---------------------------------------------------------------------------------------------
                                              0.186485   data required time
                                             -3.949155   data arrival time
---------------------------------------------------------------------------------------------
                                              3.762670   slack (MET)


Startpoint: w11[7] (input port clocked by clk)
Endpoint: _13382_ (rising edge-triggered flip-flop clocked by clk)
Path Group: clk
Path Type: min

Fanout         Cap        Slew       Delay        Time   Description
---------------------------------------------------------------------------------------------
                      0.150000    0.000000    0.000000   clock clk (rise edge)
                                  0.000000    0.000000   clock network delay (ideal)
                                  2.000000    2.000000 v input external delay
    10    0.024476    0.108308    0.075195    2.075195 v w11[7] (in)
                                                         w11[7] (net)
                      0.108308    0.000000    2.075195 v _12498_/D (sky130_fd_sc_hd__and4_2)
     3    0.017011    0.129558    0.585615    2.660810 v _12498_/X (sky130_fd_sc_hd__and4_2)
                                                         _05507_ (net)
                      0.129558    0.000000    2.660810 v _12782_/A1 (sky130_fd_sc_hd__a21oi_2)
     2    0.006200    0.176052    0.251425    2.912236 ^ _12782_/Y (sky130_fd_sc_hd__a21oi_2)
                                                         _05817_ (net)
                      0.176052    0.000000    2.912236 ^ _12783_/B1 (sky130_fd_sc_hd__a21oi_2)
     3    0.017007    0.097795    0.145667    3.057903 v _12783_/Y (sky130_fd_sc_hd__a21oi_2)
                                                         _05818_ (net)
                      0.097795    0.000000    3.057903 v _13027_/A (sky130_fd_sc_hd__xnor2_2)
     2    0.006001    0.083190    0.273978    3.331880 ^ _13027_/Y (sky130_fd_sc_hd__xnor2_2)
                                                         _06086_ (net)
                      0.083190    0.000000    3.331880 ^ _13030_/A (sky130_fd_sc_hd__and2_2)
     1    0.001417    0.057781    0.240719    3.572600 ^ _13030_/X (sky130_fd_sc_hd__and2_2)
                                                         _06089_ (net)
                      0.057781    0.000000    3.572600 ^ _13031_/B (sky130_fd_sc_hd__or2_2)
     3    0.016445    0.151007    0.249189    3.821789 ^ _13031_/X (sky130_fd_sc_hd__or2_2)
                                                         _06090_ (net)
                      0.151007    0.000000    3.821789 ^ _13035_/A (sky130_fd_sc_hd__xor2_2)
     1    0.001838    0.049714    0.142015    3.963804 v _13035_/X (sky130_fd_sc_hd__xor2_2)
                                                         _00028_ (net)
                      0.049714    0.000000    3.963804 v _13382_/D (sky130_fd_sc_hd__dfrtp_2)
                                              3.963804   data arrival time

                      0.150000    0.000000    0.000000   clock clk (rise edge)
                                  0.000000    0.000000   clock network delay (ideal)
                                  0.250000    0.250000   clock uncertainty
                                  0.000000    0.250000   clock reconvergence pessimism
                                              0.250000 ^ _13382_/CLK (sky130_fd_sc_hd__dfrtp_2)
                                 -0.062828    0.187172   library hold time
                                              0.187172   data required time
---------------------------------------------------------------------------------------------
                                              0.187172   data required time
                                             -3.963804   data arrival time
---------------------------------------------------------------------------------------------
                                              3.776633   slack (MET)


Startpoint: w11[7] (input port clocked by clk)
Endpoint: _13385_ (rising edge-triggered flip-flop clocked by clk)
Path Group: clk
Path Type: min

Fanout         Cap        Slew       Delay        Time   Description
---------------------------------------------------------------------------------------------
                      0.150000    0.000000    0.000000   clock clk (rise edge)
                                  0.000000    0.000000   clock network delay (ideal)
                                  2.000000    2.000000 ^ input external delay
    10    0.026173    0.195655    0.132401    2.132401 ^ w11[7] (in)
                                                         w11[7] (net)
                      0.195655    0.000000    2.132401 ^ _12654_/D (sky130_fd_sc_hd__and4_2)
     3    0.018241    0.220928    0.645507    2.777907 ^ _12654_/X (sky130_fd_sc_hd__and4_2)
                                                         _05677_ (net)
                      0.220928    0.000000    2.777907 ^ _12914_/A1 (sky130_fd_sc_hd__a21oi_2)
     2    0.012400    0.067043    0.209785    2.987692 v _12914_/Y (sky130_fd_sc_hd__a21oi_2)
                                                         _05961_ (net)
                      0.067043    0.000000    2.987692 v _12915_/B (sky130_fd_sc_hd__nor2_2)
     2    0.011542    0.247037    0.227640    3.215332 ^ _12915_/Y (sky130_fd_sc_hd__nor2_2)
                                                         _05962_ (net)
                      0.247037    0.000000    3.215332 ^ _13237_/A1 (sky130_fd_sc_hd__a21bo_2)
     2    0.013147    0.130786    0.376875    3.592207 ^ _13237_/X (sky130_fd_sc_hd__a21bo_2)
                                                         _06314_ (net)
                      0.130786    0.000000    3.592207 ^ _13238_/B (sky130_fd_sc_hd__nand2b_2)
     1    0.004270    0.069444    0.126017    3.718224 v _13238_/Y (sky130_fd_sc_hd__nand2b_2)
                                                         _06315_ (net)
                      0.069444    0.000000    3.718224 v _13243_/B1 (sky130_fd_sc_hd__o21ai_2)
     1    0.009061    0.113107    0.117066    3.835289 ^ _13243_/Y (sky130_fd_sc_hd__o21ai_2)
                                                         _06319_ (net)
                      0.113107    0.000000    3.835289 ^ _13289_/A (sky130_fd_sc_hd__xnor2_2)
     1    0.001838    0.051588    0.134316    3.969605 v _13289_/Y (sky130_fd_sc_hd__xnor2_2)
                                                         _00031_ (net)
                      0.051588    0.000000    3.969605 v _13385_/D (sky130_fd_sc_hd__dfrtp_2)
                                              3.969605   data arrival time

                      0.150000    0.000000    0.000000   clock clk (rise edge)
                                  0.000000    0.000000   clock network delay (ideal)
                                  0.250000    0.250000   clock uncertainty
                                  0.000000    0.250000   clock reconvergence pessimism
                                              0.250000 ^ _13385_/CLK (sky130_fd_sc_hd__dfrtp_2)
                                 -0.063515    0.186485   library hold time
                                              0.186485   data required time
---------------------------------------------------------------------------------------------
                                              0.186485   data required time
                                             -3.969605   data arrival time
---------------------------------------------------------------------------------------------
                                              3.783120   slack (MET)


Startpoint: w10[7] (input port clocked by clk)
Endpoint: _13368_ (rising edge-triggered flip-flop clocked by clk)
Path Group: clk
Path Type: min

Fanout         Cap        Slew       Delay        Time   Description
---------------------------------------------------------------------------------------------
                      0.150000    0.000000    0.000000   clock clk (rise edge)
                                  0.000000    0.000000   clock network delay (ideal)
                                  2.000000    2.000000 v input external delay
    10    0.024505    0.108431    0.075284    2.075284 v w10[7] (in)
                                                         w10[7] (net)
                      0.108431    0.000000    2.075284 v _07556_/D (sky130_fd_sc_hd__and4_2)
     3    0.017011    0.129558    0.585677    2.660961 v _07556_/X (sky130_fd_sc_hd__and4_2)
                                                         _00296_ (net)
                      0.129558    0.000000    2.660961 v _07837_/A1 (sky130_fd_sc_hd__a21oi_2)
     2    0.006200    0.176052    0.251425    2.912386 ^ _07837_/Y (sky130_fd_sc_hd__a21oi_2)
                                                         _00575_ (net)
                      0.176052    0.000000    2.912386 ^ _07838_/B1 (sky130_fd_sc_hd__a21oi_2)
     3    0.009945    0.075208    0.122101    3.034487 v _07838_/Y (sky130_fd_sc_hd__a21oi_2)
                                                         _00576_ (net)
                      0.075208    0.000000    3.034487 v _08083_/A (sky130_fd_sc_hd__nand2_2)
     3    0.011604    0.114119    0.131074    3.165561 ^ _08083_/Y (sky130_fd_sc_hd__nand2_2)
                                                         _00820_ (net)
                      0.114119    0.000000    3.165561 ^ _08201_/A2 (sky130_fd_sc_hd__a21o_2)
     2    0.006951    0.075102    0.278595    3.444156 ^ _08201_/X (sky130_fd_sc_hd__a21o_2)
                                                         _00937_ (net)
                      0.075102    0.000000    3.444156 ^ _08300_/C1 (sky130_fd_sc_hd__o311a_2)
     2    0.011096    0.136964    0.410252    3.854408 ^ _08300_/X (sky130_fd_sc_hd__o311a_2)
                                                         _01035_ (net)
                      0.136964    0.000000    3.854408 ^ _08301_/B (sky130_fd_sc_hd__xor2_2)
     1    0.001838    0.049662    0.123868    3.978276 v _08301_/X (sky130_fd_sc_hd__xor2_2)
                                                         _00043_ (net)
                      0.049662    0.000000    3.978276 v _13368_/D (sky130_fd_sc_hd__dfrtp_2)
                                              3.978276   data arrival time

                      0.150000    0.000000    0.000000   clock clk (rise edge)
                                  0.000000    0.000000   clock network delay (ideal)
                                  0.250000    0.250000   clock uncertainty
                                  0.000000    0.250000   clock reconvergence pessimism
                                              0.250000 ^ _13368_/CLK (sky130_fd_sc_hd__dfrtp_2)
                                 -0.062809    0.187191   library hold time
                                              0.187191   data required time
---------------------------------------------------------------------------------------------
                                              0.187191   data required time
                                             -3.978276   data arrival time
---------------------------------------------------------------------------------------------
                                              3.791085   slack (MET)


Startpoint: w13[7] (input port clocked by clk)
Endpoint: _13414_ (rising edge-triggered flip-flop clocked by clk)
Path Group: clk
Path Type: min

Fanout         Cap        Slew       Delay        Time   Description
---------------------------------------------------------------------------------------------
                      0.150000    0.000000    0.000000   clock clk (rise edge)
                                  0.000000    0.000000   clock network delay (ideal)
                                  2.000000    2.000000 v input external delay
    10    0.024476    0.108308    0.075195    2.075195 v w13[7] (in)
                                                         w13[7] (net)
                      0.108308    0.000000    2.075195 v _09209_/D (sky130_fd_sc_hd__and4_2)
     3    0.017011    0.129558    0.585615    2.660810 v _09209_/X (sky130_fd_sc_hd__and4_2)
                                                         _01933_ (net)
                      0.129558    0.000000    2.660810 v _09492_/A1 (sky130_fd_sc_hd__a21oi_2)
     2    0.006200    0.176052    0.251425    2.912236 ^ _09492_/Y (sky130_fd_sc_hd__a21oi_2)
                                                         _02235_ (net)
                      0.176052    0.000000    2.912236 ^ _09493_/B1 (sky130_fd_sc_hd__a21oi_2)
     3    0.009945    0.075208    0.122101    3.034336 v _09493_/Y (sky130_fd_sc_hd__a21oi_2)
                                                         _02236_ (net)
                      0.075208    0.000000    3.034336 v _09730_/A (sky130_fd_sc_hd__nand2_2)
     4    0.015611    0.145552    0.154099    3.188435 ^ _09730_/Y (sky130_fd_sc_hd__nand2_2)
                                                         _02494_ (net)
                      0.145552    0.000000    3.188435 ^ _09732_/A (sky130_fd_sc_hd__nand2_2)
     1    0.008431    0.092039    0.141287    3.329722 v _09732_/Y (sky130_fd_sc_hd__nand2_2)
                                                         _02496_ (net)
                      0.092039    0.000000    3.329722 v _09735_/A (sky130_fd_sc_hd__xnor2_2)
     2    0.003852    0.066059    0.242213    3.571935 ^ _09735_/Y (sky130_fd_sc_hd__xnor2_2)
                                                         _02499_ (net)
                      0.066059    0.000000    3.571935 ^ _09742_/A (sky130_fd_sc_hd__or4_2)
     1    0.001604    0.041847    0.175307    3.747242 ^ _09742_/X (sky130_fd_sc_hd__or4_2)
                                                         _02507_ (net)
                      0.041847    0.000000    3.747242 ^ _09743_/B (sky130_fd_sc_hd__and2b_2)
     1    0.001853    0.057617    0.242291    3.989532 ^ _09743_/X (sky130_fd_sc_hd__and2b_2)
                                                         _00054_ (net)
                      0.057617    0.000000    3.989532 ^ _13414_/D (sky130_fd_sc_hd__dfrtp_2)
                                              3.989532   data arrival time

                      0.150000    0.000000    0.000000   clock clk (rise edge)
                                  0.000000    0.000000   clock network delay (ideal)
                                  0.250000    0.250000   clock uncertainty
                                  0.000000    0.250000   clock reconvergence pessimism
                                              0.250000 ^ _13414_/CLK (sky130_fd_sc_hd__dfrtp_2)
                                 -0.060958    0.189042   library hold time
                                              0.189042   data required time
---------------------------------------------------------------------------------------------
                                              0.189042   data required time
                                             -3.989532   data arrival time
---------------------------------------------------------------------------------------------
                                              3.800490   slack (MET)


Startpoint: w11[7] (input port clocked by clk)
Endpoint: _13384_ (rising edge-triggered flip-flop clocked by clk)
Path Group: clk
Path Type: min

Fanout         Cap        Slew       Delay        Time   Description
---------------------------------------------------------------------------------------------
                      0.150000    0.000000    0.000000   clock clk (rise edge)
                                  0.000000    0.000000   clock network delay (ideal)
                                  2.000000    2.000000 v input external delay
    10    0.024476    0.108308    0.075195    2.075195 v w11[7] (in)
                                                         w11[7] (net)
                      0.108308    0.000000    2.075195 v _12498_/D (sky130_fd_sc_hd__and4_2)
     3    0.017011    0.129558    0.585615    2.660810 v _12498_/X (sky130_fd_sc_hd__and4_2)
                                                         _05507_ (net)
                      0.129558    0.000000    2.660810 v _12782_/A1 (sky130_fd_sc_hd__a21oi_2)
     2    0.006200    0.176052    0.251425    2.912236 ^ _12782_/Y (sky130_fd_sc_hd__a21oi_2)
                                                         _05817_ (net)
                      0.176052    0.000000    2.912236 ^ _12783_/B1 (sky130_fd_sc_hd__a21oi_2)
     3    0.017007    0.097795    0.145667    3.057903 v _12783_/Y (sky130_fd_sc_hd__a21oi_2)
                                                         _05818_ (net)
                      0.097795    0.000000    3.057903 v _13026_/A (sky130_fd_sc_hd__nand2_2)
     2    0.007058    0.081106    0.115364    3.173267 ^ _13026_/Y (sky130_fd_sc_hd__nand2_2)
                                                         _06084_ (net)
                      0.081106    0.000000    3.173267 ^ _13146_/A2 (sky130_fd_sc_hd__a21o_2)
     2    0.006951    0.075103    0.265582    3.438849 ^ _13146_/X (sky130_fd_sc_hd__a21o_2)
                                                         _06215_ (net)
                      0.075103    0.000000    3.438849 ^ _13241_/C1 (sky130_fd_sc_hd__o311a_2)
     2    0.013233    0.152918    0.426314    3.865163 ^ _13241_/X (sky130_fd_sc_hd__o311a_2)
                                                         _06318_ (net)
                      0.152918    0.000000    3.865163 ^ _13242_/B (sky130_fd_sc_hd__xor2_2)
     1    0.001838    0.049690    0.130453    3.995616 v _13242_/X (sky130_fd_sc_hd__xor2_2)
                                                         _00030_ (net)
                      0.049690    0.000000    3.995616 v _13384_/D (sky130_fd_sc_hd__dfrtp_2)
                                              3.995616   data arrival time

                      0.150000    0.000000    0.000000   clock clk (rise edge)
                                  0.000000    0.000000   clock network delay (ideal)
                                  0.250000    0.250000   clock uncertainty
                                  0.000000    0.250000   clock reconvergence pessimism
                                              0.250000 ^ _13384_/CLK (sky130_fd_sc_hd__dfrtp_2)
                                 -0.062819    0.187181   library hold time
                                              0.187181   data required time
---------------------------------------------------------------------------------------------
                                              0.187181   data required time
                                             -3.995616   data arrival time
---------------------------------------------------------------------------------------------
                                              3.808435   slack (MET)


Startpoint: w12[4] (input port clocked by clk)
Endpoint: _13398_ (rising edge-triggered flip-flop clocked by clk)
Path Group: clk
Path Type: min

Fanout         Cap        Slew       Delay        Time   Description
---------------------------------------------------------------------------------------------
                      0.150000    0.000000    0.000000   clock clk (rise edge)
                                  0.000000    0.000000   clock network delay (ideal)
                                  2.000000    2.000000 v input external delay
    15    0.040419    0.175860    0.123910    2.123909 v w12[4] (in)
                                                         w12[4] (net)
                      0.175860    0.000000    2.123909 v _10094_/B (sky130_fd_sc_hd__nand2_2)
     3    0.010694    0.124095    0.187883    2.311793 ^ _10094_/Y (sky130_fd_sc_hd__nand2_2)
                                                         _02885_ (net)
                      0.124095    0.000000    2.311793 ^ _10095_/B (sky130_fd_sc_hd__nor2_2)
     2    0.005699    0.045511    0.087883    2.399676 v _10095_/Y (sky130_fd_sc_hd__nor2_2)
                                                         _02886_ (net)
                      0.045511    0.000000    2.399676 v _10258_/A (sky130_fd_sc_hd__nand2_2)
     5    0.014490    0.136387    0.133798    2.533474 ^ _10258_/Y (sky130_fd_sc_hd__nand2_2)
                                                         _03065_ (net)
                      0.136387    0.000000    2.533474 ^ _10505_/A (sky130_fd_sc_hd__or3_2)
     3    0.010663    0.106070    0.264022    2.797496 ^ _10505_/X (sky130_fd_sc_hd__or3_2)
                                                         _03333_ (net)
                      0.106070    0.000000    2.797496 ^ _10826_/B1 (sky130_fd_sc_hd__o21ai_2)
     2    0.006074    0.075157    0.126289    2.923785 v _10826_/Y (sky130_fd_sc_hd__o21ai_2)
                                                         _03685_ (net)
                      0.075157    0.000000    2.923785 v _10828_/A2 (sky130_fd_sc_hd__a21oi_2)
     2    0.003151    0.121033    0.210732    3.134518 ^ _10828_/Y (sky130_fd_sc_hd__a21oi_2)
                                                         _03688_ (net)
                      0.121033    0.000000    3.134518 ^ _11129_/B (sky130_fd_sc_hd__or4_2)
     2    0.005012    0.066343    0.226661    3.361179 ^ _11129_/X (sky130_fd_sc_hd__or4_2)
                                                         _04017_ (net)
                      0.066343    0.000000    3.361179 ^ _11383_/A2 (sky130_fd_sc_hd__o311a_2)
     2    0.006142    0.099822    0.385604    3.746783 ^ _11383_/X (sky130_fd_sc_hd__o311a_2)
                                                         _04294_ (net)
                      0.099822    0.000000    3.746783 ^ _11384_/B (sky130_fd_sc_hd__nor2_2)
     3    0.012564    0.065955    0.102201    3.848984 v _11384_/Y (sky130_fd_sc_hd__nor2_2)
                                                         _04295_ (net)
                      0.065955    0.000000    3.848984 v _11386_/A (sky130_fd_sc_hd__nor2_2)
     1    0.001853    0.086071    0.142326    3.991310 ^ _11386_/Y (sky130_fd_sc_hd__nor2_2)
                                                         _00015_ (net)
                      0.086071    0.000000    3.991310 ^ _13398_/D (sky130_fd_sc_hd__dfrtp_2)
                                              3.991310   data arrival time

                      0.150000    0.000000    0.000000   clock clk (rise edge)
                                  0.000000    0.000000   clock network delay (ideal)
                                  0.250000    0.250000   clock uncertainty
                                  0.000000    0.250000   clock reconvergence pessimism
                                              0.250000 ^ _13398_/CLK (sky130_fd_sc_hd__dfrtp_2)
                                 -0.067423    0.182577   library hold time
                                              0.182577   data required time
---------------------------------------------------------------------------------------------
                                              0.182577   data required time
                                             -3.991310   data arrival time
---------------------------------------------------------------------------------------------
                                              3.808733   slack (MET)


Startpoint: w10[7] (input port clocked by clk)
Endpoint: _13369_ (rising edge-triggered flip-flop clocked by clk)
Path Group: clk
Path Type: min

Fanout         Cap        Slew       Delay        Time   Description
---------------------------------------------------------------------------------------------
                      0.150000    0.000000    0.000000   clock clk (rise edge)
                                  0.000000    0.000000   clock network delay (ideal)
                                  2.000000    2.000000 v input external delay
    10    0.024505    0.108431    0.075284    2.075284 v w10[7] (in)
                                                         w10[7] (net)
                      0.108431    0.000000    2.075284 v _07709_/D (sky130_fd_sc_hd__and4_2)
     4    0.019188    0.138237    0.595503    2.670787 v _07709_/X (sky130_fd_sc_hd__and4_2)
                                                         _00448_ (net)
                      0.138237    0.000000    2.670787 v _07970_/A1 (sky130_fd_sc_hd__a21oi_2)
     2    0.002840    0.115091    0.208062    2.878848 ^ _07970_/Y (sky130_fd_sc_hd__a21oi_2)
                                                         _00707_ (net)
                      0.115091    0.000000    2.878848 ^ _07971_/B1_N (sky130_fd_sc_hd__o21ba_2)
     3    0.012175    0.090717    0.352903    3.231751 v _07971_/X (sky130_fd_sc_hd__o21ba_2)
                                                         _00708_ (net)
                      0.090717    0.000000    3.231751 v _08296_/A1 (sky130_fd_sc_hd__a21o_2)
     2    0.012269    0.099870    0.405161    3.636912 v _08296_/X (sky130_fd_sc_hd__a21o_2)
                                                         _01031_ (net)
                      0.099870    0.000000    3.636912 v _08297_/B (sky130_fd_sc_hd__nand2b_2)
     1    0.002491    0.054921    0.102485    3.739397 ^ _08297_/Y (sky130_fd_sc_hd__nand2b_2)
                                                         _01032_ (net)
                      0.054921    0.000000    3.739397 ^ _08302_/B1 (sky130_fd_sc_hd__o21a_2)
     1    0.009061    0.103301    0.274448    4.013845 ^ _08302_/X (sky130_fd_sc_hd__o21a_2)
                                                         _01036_ (net)
                      0.103301    0.000000    4.013845 ^ _08350_/A (sky130_fd_sc_hd__xnor2_2)
     1    0.001838    0.051588    0.130864    4.144709 v _08350_/Y (sky130_fd_sc_hd__xnor2_2)
                                                         _00044_ (net)
                      0.051588    0.000000    4.144709 v _13369_/D (sky130_fd_sc_hd__dfrtp_2)
                                              4.144709   data arrival time

                      0.150000    0.000000    0.000000   clock clk (rise edge)
                                  0.000000    0.000000   clock network delay (ideal)
                                  0.250000    0.250000   clock uncertainty
                                  0.000000    0.250000   clock reconvergence pessimism
                                              0.250000 ^ _13369_/CLK (sky130_fd_sc_hd__dfrtp_2)
                                 -0.063515    0.186485   library hold time
                                              0.186485   data required time
---------------------------------------------------------------------------------------------
                                              0.186485   data required time
                                             -4.144709   data arrival time
---------------------------------------------------------------------------------------------
                                              3.958224   slack (MET)



