Instance,Terminal,Layer,X location,Y location,Voltage
FILLER_47_281,VPWR,li1,135.4700,138.7200,1.799903
FILLER_47_277,VPWR,li1,133.6300,138.7200,1.799903
FILLER_47_265,VPWR,li1,130.1800,138.7200,1.799903
FILLER_47_253,VPWR,li1,124.6600,138.7200,1.799903
FILLER_47_245,VPWR,li1,118.9100,138.7200,1.799903
FILLER_47_237,VPWR,li1,116.3800,138.7200,1.799903
FILLER_47_225,VPWR,li1,111.7800,138.7200,1.799904
FILLER_47_217,VPWR,li1,106.0300,138.7200,1.799905
FILLER_47_209,VPWR,li1,102.5800,138.7200,1.799906
FILLER_47_197,VPWR,li1,98.9000,138.7200,1.799908
FILLER_47_195,VPWR,li1,95.4500,138.7200,1.799909
FILLER_47_189,VPWR,li1,93.8400,138.7200,1.799910
FILLER_47_182,VPWR,li1,89.9300,138.7200,1.799911
FILLER_47_175,VPWR,li1,86.7100,138.7200,1.799915
FILLER_47_169,VPWR,li1,83.7200,138.7200,1.799917
FILLER_47_167,VPWR,li1,82.5700,138.7200,1.799917
FILLER_47_163,VPWR,li1,80.7300,138.7200,1.799918
FILLER_47_155,VPWR,li1,78.6600,138.7200,1.799920
FILLER_47_141,VPWR,li1,70.8400,138.7200,1.799928
FILLER_47_137,VPWR,li1,69.2300,138.7200,1.799930
FILLER_47_125,VPWR,li1,65.7800,138.7200,1.799934
FILLER_47_113,VPWR,li1,60.2600,138.7200,1.799939
FILLER_47_109,VPWR,li1,56.3500,138.7200,1.799943
FILLER_47_97,VPWR,li1,52.9000,138.7200,1.799947
FILLER_47_85,VPWR,li1,47.3800,138.7200,1.799953
FILLER_47_81,VPWR,li1,43.4700,138.7200,1.799957
FILLER_47_69,VPWR,li1,40.0200,138.7200,1.799961
FILLER_47_57,VPWR,li1,34.5000,138.7200,1.799970
FILLER_47_53,VPWR,li1,30.5900,138.7200,1.799974
FILLER_47_41,VPWR,li1,27.1400,138.7200,1.799980
FILLER_47_29,VPWR,li1,21.6200,138.7200,1.799986
FILLER_47_27,VPWR,li1,18.1700,138.7200,1.799986
FILLER_47_15,VPWR,li1,15.1800,138.7200,1.799986
FILLER_47_3,VPWR,li1,9.6600,138.7200,1.799986
FILLER_46_283,VPWR,li1,135.9300,138.7200,1.799903
FILLER_46_277,VPWR,li1,134.3200,138.7200,1.799903
FILLER_46_265,VPWR,li1,130.1800,138.7200,1.799903
FILLER_46_253,VPWR,li1,124.6600,138.7200,1.799903
FILLER_46_249,VPWR,li1,120.7500,138.7200,1.799903
FILLER_46_237,VPWR,li1,117.3000,138.7200,1.799903
FILLER_46_225,VPWR,li1,111.7800,138.7200,1.799904
FILLER_46_213,VPWR,li1,106.2600,138.7200,1.799905
FILLER_46_205,VPWR,li1,100.5100,138.7200,1.799907
FILLER_46_197,VPWR,li1,97.9800,138.7200,1.799908
FILLER_46_195,VPWR,li1,95.4500,138.7200,1.799909
FILLER_46_187,VPWR,li1,93.3800,138.7200,1.799910
FILLER_46_177,VPWR,li1,87.4000,138.7200,1.799913
FILLER_46_150,VPWR,li1,75.9000,138.7200,1.799923
FILLER_46_141,VPWR,li1,70.6100,138.7200,1.799930
FILLER_46_136,VPWR,li1,69.0000,138.7200,1.799930
FILLER_46_124,VPWR,li1,65.3200,138.7200,1.799934
FILLER_46_112,VPWR,li1,59.8000,138.7200,1.799939
FILLER_46_100,VPWR,li1,54.2800,138.7200,1.799947
FILLER_46_88,VPWR,li1,48.7600,138.7200,1.799953
FILLER_46_75,VPWR,li1,40.2500,138.7200,1.799961
FILLER_46_67,VPWR,li1,38.1800,138.7200,1.799964
FILLER_46_55,VPWR,li1,33.5800,138.7200,1.799970
FILLER_46_49,VPWR,li1,28.5200,138.7200,1.799976
FILLER_46_41,VPWR,li1,26.2200,138.7200,1.799980
FILLER_46_29,VPWR,li1,21.6200,138.7200,1.799986
FILLER_46_27,VPWR,li1,18.1700,138.7200,1.799986
FILLER_46_15,VPWR,li1,15.1800,138.7200,1.799986
FILLER_46_3,VPWR,li1,9.6600,138.7200,1.799986
FILLER_45_281,VPWR,li1,135.4700,133.2800,1.799649
FILLER_45_279,VPWR,li1,134.0900,133.2800,1.799649
FILLER_45_275,VPWR,li1,132.9400,133.2800,1.799649
FILLER_45_263,VPWR,li1,129.2600,133.2800,1.799649
FILLER_45_251,VPWR,li1,123.7400,133.2800,1.799649
FILLER_45_229,VPWR,li1,111.0900,133.2800,1.799654
FILLER_45_221,VPWR,li1,107.8700,133.2800,1.799655
FILLER_45_213,VPWR,li1,103.7300,133.2800,1.799662
FILLER_45_185,VPWR,li1,90.8500,133.2800,1.799685
FILLER_45_164,VPWR,li1,81.1900,133.2800,1.799703
FILLER_45_147,VPWR,li1,73.3700,133.2800,1.799723
FILLER_45_130,VPWR,li1,65.5500,133.2800,1.799750
FILLER_45_113,VPWR,li1,60.2600,133.2800,1.799767
FILLER_45_107,VPWR,li1,54.9700,133.2800,1.799790
FILLER_45_101,VPWR,li1,53.3600,133.2800,1.799798
FILLER_45_78,VPWR,li1,41.8600,133.2800,1.799843
FILLER_45_72,VPWR,li1,38.8700,133.2800,1.799857
FILLER_45_42,VPWR,li1,25.7600,133.2800,1.799921
FILLER_45_30,VPWR,li1,22.0800,133.2800,1.799948
FILLER_45_18,VPWR,li1,16.5600,133.2800,1.799948
FILLER_45_6,VPWR,li1,11.0400,133.2800,1.799948
FILLER_44_283,VPWR,li1,135.9300,133.2800,1.799649
FILLER_44_277,VPWR,li1,134.3200,133.2800,1.799649
FILLER_44_265,VPWR,li1,130.1800,133.2800,1.799649
FILLER_44_253,VPWR,li1,124.6600,133.2800,1.799649
FILLER_44_251,VPWR,li1,121.2100,133.2800,1.799649
FILLER_44_245,VPWR,li1,119.6000,133.2800,1.799649
FILLER_44_197,VPWR,li1,97.0600,133.2800,1.799671
FILLER_44_192,VPWR,li1,94.7600,133.2800,1.799675
FILLER_44_180,VPWR,li1,89.2400,133.2800,1.799685
FILLER_44_162,VPWR,li1,80.2700,133.2800,1.799708
FILLER_44_158,VPWR,li1,79.1200,133.2800,1.799708
FILLER_44_115,VPWR,li1,59.8000,133.2800,1.799767
FILLER_44_108,VPWR,li1,55.8900,133.2800,1.799783
FILLER_44_82,VPWR,li1,43.7000,133.2800,1.799834
FILLER_44_75,VPWR,li1,40.4800,133.2800,1.799857
FILLER_44_67,VPWR,li1,37.2600,133.2800,1.799865
FILLER_44_55,VPWR,li1,32.2000,133.2800,1.799892
FILLER_44_44,VPWR,li1,26.4500,133.2800,1.799921
FILLER_44_36,VPWR,li1,23.9200,133.2800,1.799930
FILLER_44_26,VPWR,li1,17.9400,133.2800,1.799948
FILLER_44_18,VPWR,li1,15.6400,133.2800,1.799948
FILLER_44_6,VPWR,li1,11.0400,133.2800,1.799948
FILLER_43_281,VPWR,li1,135.4700,127.8400,1.799917
FILLER_43_278,VPWR,li1,133.8600,127.8400,1.799917
FILLER_43_266,VPWR,li1,130.6400,127.8400,1.799917
FILLER_43_254,VPWR,li1,125.1200,127.8400,1.799917
FILLER_43_242,VPWR,li1,119.6000,127.8400,1.799917
FILLER_43_230,VPWR,li1,114.0800,127.8400,1.799917
FILLER_43_209,VPWR,li1,102.1200,127.8400,1.799918
FILLER_43_201,VPWR,li1,99.8200,127.8400,1.799919
FILLER_43_181,VPWR,li1,89.4700,127.8400,1.799922
FILLER_43_173,VPWR,li1,86.9400,127.8400,1.799923
FILLER_43_164,VPWR,li1,81.8800,127.8400,1.799925
FILLER_43_152,VPWR,li1,78.2000,127.8400,1.799927
FILLER_43_134,VPWR,li1,67.3900,127.8400,1.799933
FILLER_43_128,VPWR,li1,65.7800,127.8400,1.799933
FILLER_43_109,VPWR,li1,56.3500,127.8400,1.799938
FILLER_43_92,VPWR,li1,48.5300,127.8400,1.799946
FILLER_43_81,VPWR,li1,44.1600,127.8400,1.799951
FILLER_43_69,VPWR,li1,40.0200,127.8400,1.799957
FILLER_43_57,VPWR,li1,34.5000,127.8400,1.799962
FILLER_43_54,VPWR,li1,30.8200,127.8400,1.799968
FILLER_43_42,VPWR,li1,27.6000,127.8400,1.799971
FILLER_43_30,VPWR,li1,22.0800,127.8400,1.799979
FILLER_43_26,VPWR,li1,17.7100,127.8400,1.799980
FILLER_43_17,VPWR,li1,14.7200,127.8400,1.799979
FILLER_43_11,VPWR,li1,11.0400,127.8400,1.799978
FILLER_43_3,VPWR,li1,8.7400,127.8400,1.799978
FILLER_42_283,VPWR,li1,135.9300,127.8400,1.799917
FILLER_42_277,VPWR,li1,134.3200,127.8400,1.799917
FILLER_42_265,VPWR,li1,130.1800,127.8400,1.799917
FILLER_42_253,VPWR,li1,124.6600,127.8400,1.799917
FILLER_42_250,VPWR,li1,120.9800,127.8400,1.799917
FILLER_42_242,VPWR,li1,118.6800,127.8400,1.799917
FILLER_42_230,VPWR,li1,114.0800,127.8400,1.799917
FILLER_42_218,VPWR,li1,108.5600,127.8400,1.799918
FILLER_42_209,VPWR,li1,103.0400,127.8400,1.799918
FILLER_42_197,VPWR,li1,98.9000,127.8400,1.799919
FILLER_42_195,VPWR,li1,95.4500,127.8400,1.799920
FILLER_42_189,VPWR,li1,93.8400,127.8400,1.799920
FILLER_42_177,VPWR,li1,89.7000,127.8400,1.799922
FILLER_42_165,VPWR,li1,84.1800,127.8400,1.799924
FILLER_42_153,VPWR,li1,78.6600,127.8400,1.799927
FILLER_42_141,VPWR,li1,73.1400,127.8400,1.799929
FILLER_42_139,VPWR,li1,69.6900,127.8400,1.799931
FILLER_42_133,VPWR,li1,68.0800,127.8400,1.799931
FILLER_42_121,VPWR,li1,63.9400,127.8400,1.799934
FILLER_42_109,VPWR,li1,58.4200,127.8400,1.799937
FILLER_42_97,VPWR,li1,52.9000,127.8400,1.799941
FILLER_42_85,VPWR,li1,47.3800,127.8400,1.799948
FILLER_42_83,VPWR,li1,43.9300,127.8400,1.799951
FILLER_42_75,VPWR,li1,41.8600,127.8400,1.799953
FILLER_42_66,VPWR,li1,36.3400,127.8400,1.799959
FILLER_42_54,VPWR,li1,33.1200,127.8400,1.799966
FILLER_42_43,VPWR,li1,25.5300,127.8400,1.799974
FILLER_42_35,VPWR,li1,23.4600,127.8400,1.799979
FILLER_42_26,VPWR,li1,17.9400,127.8400,1.799980
FILLER_41_281,VPWR,li1,135.4700,122.4000,1.799847
FILLER_41_274,VPWR,li1,132.0200,122.4000,1.799848
FILLER_41_262,VPWR,li1,128.8000,122.4000,1.799849
FILLER_41_249,VPWR,li1,121.4400,122.4000,1.799852
FILLER_41_237,VPWR,li1,117.3000,122.4000,1.799854
FILLER_41_225,VPWR,li1,111.7800,122.4000,1.799857
FILLER_41_222,VPWR,li1,108.1000,122.4000,1.799859
FILLER_41_214,VPWR,li1,105.8000,122.4000,1.799860
FILLER_41_202,VPWR,li1,101.2000,122.4000,1.799862
FILLER_41_185,VPWR,li1,90.8500,122.4000,1.799872
FILLER_41_181,VPWR,li1,89.7000,122.4000,1.799872
FILLER_41_169,VPWR,li1,86.0200,122.4000,1.799877
FILLER_41_167,VPWR,li1,82.5700,122.4000,1.799881
FILLER_41_161,VPWR,li1,80.9600,122.4000,1.799884
FILLER_41_149,VPWR,li1,76.8200,122.4000,1.799889
FILLER_41_137,VPWR,li1,71.3000,122.4000,1.799898
FILLER_41_125,VPWR,li1,65.7800,122.4000,1.799906
FILLER_41_113,VPWR,li1,60.2600,122.4000,1.799913
FILLER_41_111,VPWR,li1,56.8100,122.4000,1.799918
FILLER_41_103,VPWR,li1,54.7400,122.4000,1.799921
FILLER_41_91,VPWR,li1,50.1400,122.4000,1.799929
FILLER_41_79,VPWR,li1,44.6200,122.4000,1.799936
FILLER_41_67,VPWR,li1,39.1000,122.4000,1.799948
FILLER_41_63,VPWR,li1,34.7300,122.4000,1.799956
FILLER_41_57,VPWR,li1,33.1200,122.4000,1.799956
FILLER_41_53,VPWR,li1,30.5900,122.4000,1.799960
FILLER_41_37,VPWR,li1,24.3800,122.4000,1.799971
FILLER_41_27,VPWR,li1,18.1700,122.4000,1.799975
FILLER_41_6,VPWR,li1,10.1200,122.4000,1.799974
FILLER_40_282,VPWR,li1,135.7000,122.4000,1.799847
FILLER_40_268,VPWR,li1,129.2600,122.4000,1.799849
FILLER_40_250,VPWR,li1,120.9800,122.4000,1.799852
FILLER_40_242,VPWR,li1,118.6800,122.4000,1.799854
FILLER_40_230,VPWR,li1,114.0800,122.4000,1.799855
FILLER_40_223,VPWR,li1,108.5600,122.4000,1.799859
FILLER_40_217,VPWR,li1,106.0300,122.4000,1.799860
FILLER_40_209,VPWR,li1,103.5000,122.4000,1.799861
FILLER_40_197,VPWR,li1,98.9000,122.4000,1.799864
FILLER_40_194,VPWR,li1,95.2200,122.4000,1.799866
FILLER_40_182,VPWR,li1,92.0000,122.4000,1.799870
FILLER_40_170,VPWR,li1,86.4800,122.4000,1.799877
FILLER_40_151,VPWR,li1,76.8200,122.4000,1.799889
FILLER_40_141,VPWR,li1,70.8400,122.4000,1.799898
FILLER_40_126,VPWR,li1,64.8600,122.4000,1.799906
FILLER_40_114,VPWR,li1,60.7200,122.4000,1.799913
FILLER_40_102,VPWR,li1,55.2000,122.4000,1.799921
FILLER_40_93,VPWR,li1,48.9900,122.4000,1.799929
FILLER_40_85,VPWR,li1,46.4600,122.4000,1.799934
FILLER_40_83,VPWR,li1,43.9300,122.4000,1.799939
FILLER_40_79,VPWR,li1,42.7800,122.4000,1.799939
FILLER_40_73,VPWR,li1,39.3300,122.4000,1.799948
FILLER_40_67,VPWR,li1,37.7200,122.4000,1.799948
FILLER_40_60,VPWR,li1,33.3500,122.4000,1.799956
FILLER_40_44,VPWR,li1,26.4500,122.4000,1.799967
FILLER_40_32,VPWR,li1,23.0000,122.4000,1.799977
FILLER_40_27,VPWR,li1,18.1700,122.4000,1.799975
FILLER_40_6,VPWR,li1,8.5100,122.4000,1.799974
FILLER_39_281,VPWR,li1,135.4700,116.9600,1.799472
FILLER_39_238,VPWR,li1,115.9200,116.9600,1.799496
FILLER_39_225,VPWR,li1,109.4800,116.9600,1.799506
FILLER_39_223,VPWR,li1,108.3300,116.9600,1.799506
FILLER_39_207,VPWR,li1,100.9700,116.9600,1.799522
FILLER_39_194,VPWR,li1,95.2200,116.9600,1.799533
FILLER_39_186,VPWR,li1,92.9200,116.9600,1.799542
FILLER_39_180,VPWR,li1,88.5500,116.9600,1.799558
FILLER_39_176,VPWR,li1,87.4000,116.9600,1.799558
FILLER_39_166,VPWR,li1,82.3400,116.9600,1.799575
FILLER_39_150,VPWR,li1,75.4400,116.9600,1.799609
FILLER_39_129,VPWR,li1,65.0900,116.9600,1.799659
FILLER_39_117,VPWR,li1,62.1000,116.9600,1.799676
FILLER_39_110,VPWR,li1,56.5800,116.9600,1.799704
FILLER_39_102,VPWR,li1,54.2800,116.9600,1.799726
FILLER_39_84,VPWR,li1,44.3900,116.9600,1.799785
FILLER_39_67,VPWR,li1,36.5700,116.9600,1.799837
FILLER_39_55,VPWR,li1,31.0500,116.9600,1.799871
FILLER_39_43,VPWR,li1,28.0600,116.9600,1.799892
FILLER_39_31,VPWR,li1,22.5400,116.9600,1.799930
FILLER_39_3,VPWR,li1,7.1300,116.9600,1.799927
FILLER_38_282,VPWR,li1,135.7000,116.9600,1.799472
FILLER_38_247,VPWR,li1,119.6000,116.9600,1.799487
FILLER_38_239,VPWR,li1,117.3000,116.9600,1.799491
FILLER_38_213,VPWR,li1,104.1900,116.9600,1.799516
FILLER_38_139,VPWR,li1,69.6900,116.9600,1.799630
FILLER_38_125,VPWR,li1,64.4000,116.9600,1.799659
FILLER_38_106,VPWR,li1,54.7400,116.9600,1.799715
FILLER_38_99,VPWR,li1,51.2900,116.9600,1.799741
FILLER_38_93,VPWR,li1,48.9900,116.9600,1.799753
FILLER_38_85,VPWR,li1,46.4600,116.9600,1.799769
FILLER_38_81,VPWR,li1,43.4700,116.9600,1.799785
FILLER_38_73,VPWR,li1,40.9400,116.9600,1.799801
FILLER_38_61,VPWR,li1,36.3400,116.9600,1.799837
FILLER_38_53,VPWR,li1,30.3600,116.9600,1.799871
FILLER_38_41,VPWR,li1,27.1400,116.9600,1.799892
FILLER_38_29,VPWR,li1,21.6200,116.9600,1.799930
FILLER_38_22,VPWR,li1,17.0200,116.9600,1.799928
FILLER_38_6,VPWR,li1,9.6600,116.9600,1.799927
FILLER_37_281,VPWR,li1,135.4700,111.5200,1.799930
FILLER_37_279,VPWR,li1,134.0900,111.5200,1.799930
FILLER_37_273,VPWR,li1,132.4800,111.5200,1.799930
FILLER_37_261,VPWR,li1,128.3400,111.5200,1.799930
FILLER_37_253,VPWR,li1,122.5900,111.5200,1.799930
FILLER_37_245,VPWR,li1,120.0600,111.5200,1.799930
FILLER_37_233,VPWR,li1,115.4600,111.5200,1.799930
FILLER_37_223,VPWR,li1,108.3300,111.5200,1.799930
FILLER_37_210,VPWR,li1,102.8100,111.5200,1.799931
FILLER_37_188,VPWR,li1,92.9200,111.5200,1.799933
FILLER_37_179,VPWR,li1,88.0900,111.5200,1.799935
FILLER_37_154,VPWR,li1,77.7400,111.5200,1.799939
FILLER_37_144,VPWR,li1,72.2200,111.5200,1.799942
FILLER_37_132,VPWR,li1,69.0000,111.5200,1.799944
FILLER_37_120,VPWR,li1,63.4800,111.5200,1.799947
FILLER_37_113,VPWR,li1,57.9600,111.5200,1.799951
FILLER_37_110,VPWR,li1,56.5800,111.5200,1.799951
FILLER_37_99,VPWR,li1,51.7500,111.5200,1.799955
FILLER_37_87,VPWR,li1,48.3000,111.5200,1.799959
FILLER_37_75,VPWR,li1,42.7800,111.5200,1.799964
FILLER_37_63,VPWR,li1,37.2600,111.5200,1.799969
FILLER_37_54,VPWR,li1,30.8200,111.5200,1.799975
FILLER_37_42,VPWR,li1,25.7600,111.5200,1.799980
FILLER_37_30,VPWR,li1,22.0800,111.5200,1.799985
FILLER_37_18,VPWR,li1,14.2600,111.5200,1.799984
FILLER_37_6,VPWR,li1,11.0400,111.5200,1.799984
FILLER_36_283,VPWR,li1,135.9300,111.5200,1.799930
FILLER_36_277,VPWR,li1,134.3200,111.5200,1.799930
FILLER_36_265,VPWR,li1,130.1800,111.5200,1.799930
FILLER_36_253,VPWR,li1,124.6600,111.5200,1.799930
FILLER_36_251,VPWR,li1,121.2100,111.5200,1.799930
FILLER_36_245,VPWR,li1,119.6000,111.5200,1.799930
FILLER_36_233,VPWR,li1,115.4600,111.5200,1.799930
FILLER_36_221,VPWR,li1,109.9400,111.5200,1.799930
FILLER_36_209,VPWR,li1,104.4200,111.5200,1.799931
FILLER_36_197,VPWR,li1,98.9000,111.5200,1.799932
FILLER_36_192,VPWR,li1,94.7600,111.5200,1.799933
FILLER_36_180,VPWR,li1,91.0800,111.5200,1.799934
FILLER_36_168,VPWR,li1,85.5600,111.5200,1.799936
FILLER_36_141,VPWR,li1,73.1400,111.5200,1.799942
FILLER_36_139,VPWR,li1,69.6900,111.5200,1.799944
FILLER_36_133,VPWR,li1,68.0800,111.5200,1.799944
FILLER_36_121,VPWR,li1,63.9400,111.5200,1.799947
FILLER_36_109,VPWR,li1,58.4200,111.5200,1.799950
FILLER_36_97,VPWR,li1,52.9000,111.5200,1.799955
FILLER_36_85,VPWR,li1,47.3800,111.5200,1.799959
FILLER_36_83,VPWR,li1,43.9300,111.5200,1.799964
FILLER_36_79,VPWR,li1,42.7800,111.5200,1.799964
FILLER_36_71,VPWR,li1,38.4100,111.5200,1.799969
FILLER_36_65,VPWR,li1,36.8000,111.5200,1.799969
FILLER_36_53,VPWR,li1,32.6600,111.5200,1.799973
FILLER_36_41,VPWR,li1,26.2200,111.5200,1.799980
FILLER_36_29,VPWR,li1,21.6200,111.5200,1.799985
FILLER_36_22,VPWR,li1,17.0200,111.5200,1.799984
FILLER_36_9,VPWR,li1,11.0400,111.5200,1.799984
FILLER_35_281,VPWR,li1,135.4700,106.0800,1.799322
FILLER_35_261,VPWR,li1,127.4200,106.0800,1.799325
FILLER_35_249,VPWR,li1,120.7500,106.0800,1.799330
FILLER_35_237,VPWR,li1,117.3000,106.0800,1.799332
FILLER_35_225,VPWR,li1,111.7800,106.0800,1.799337
FILLER_35_218,VPWR,li1,107.1800,106.0800,1.799343
FILLER_35_206,VPWR,li1,103.0400,106.0800,1.799351
FILLER_35_185,VPWR,li1,90.8500,106.0800,1.799401
FILLER_35_181,VPWR,li1,89.7000,106.0800,1.799401
FILLER_35_169,VPWR,li1,86.0200,106.0800,1.799421
FILLER_35_167,VPWR,li1,82.5700,106.0800,1.799443
FILLER_35_159,VPWR,li1,80.5000,106.0800,1.799463
FILLER_35_147,VPWR,li1,75.9000,106.0800,1.799495
FILLER_35_137,VPWR,li1,69.9200,106.0800,1.799530
FILLER_35_125,VPWR,li1,65.7800,106.0800,1.799566
FILLER_35_113,VPWR,li1,60.2600,106.0800,1.799596
FILLER_35_111,VPWR,li1,56.8100,106.0800,1.799631
FILLER_35_107,VPWR,li1,55.6600,106.0800,1.799631
FILLER_35_91,VPWR,li1,47.8400,106.0800,1.799691
FILLER_35_86,VPWR,li1,45.3100,106.0800,1.799711
FILLER_35_63,VPWR,li1,34.7300,106.0800,1.799810
FILLER_35_57,VPWR,li1,33.1200,106.0800,1.799810
FILLER_35_54,VPWR,li1,30.8200,106.0800,1.799829
FILLER_35_38,VPWR,li1,23.4600,106.0800,1.799891
FILLER_35_30,VPWR,li1,21.1600,106.0800,1.799911
FILLER_35_3,VPWR,li1,7.3600,106.0800,1.799908
FILLER_34_282,VPWR,li1,135.7000,106.0800,1.799322
FILLER_34_242,VPWR,li1,117.7600,106.0800,1.799332
FILLER_34_230,VPWR,li1,114.0800,106.0800,1.799335
FILLER_34_221,VPWR,li1,107.8700,106.0800,1.799343
FILLER_34_205,VPWR,li1,100.0500,106.0800,1.799354
FILLER_34_197,VPWR,li1,97.9800,106.0800,1.799357
FILLER_34_188,VPWR,li1,93.8400,106.0800,1.799372
FILLER_34_176,VPWR,li1,89.2400,106.0800,1.799401
FILLER_34_164,VPWR,li1,83.7200,106.0800,1.799443
FILLER_34_156,VPWR,li1,77.5100,106.0800,1.799475
FILLER_34_149,VPWR,li1,74.5200,106.0800,1.799495
FILLER_34_141,VPWR,li1,70.8400,106.0800,1.799530
FILLER_34_138,VPWR,li1,69.4600,106.0800,1.799530
FILLER_34_130,VPWR,li1,65.5500,106.0800,1.799566
FILLER_34_126,VPWR,li1,64.4000,106.0800,1.799566
FILLER_34_108,VPWR,li1,56.1200,106.0800,1.799631
FILLER_34_96,VPWR,li1,52.4400,106.0800,1.799655
FILLER_34_83,VPWR,li1,43.9300,106.0800,1.799732
FILLER_34_79,VPWR,li1,42.7800,106.0800,1.799732
FILLER_34_70,VPWR,li1,37.9500,106.0800,1.799772
FILLER_34_64,VPWR,li1,36.3400,106.0800,1.799789
FILLER_34_52,VPWR,li1,32.2000,106.0800,1.799829
FILLER_34_41,VPWR,li1,24.6100,106.0800,1.799891
FILLER_34_29,VPWR,li1,21.6200,106.0800,1.799911
FILLER_34_27,VPWR,li1,18.1700,106.0800,1.799910
FILLER_34_21,VPWR,li1,16.5600,106.0800,1.799910
FILLER_34_10,VPWR,li1,10.3500,106.0800,1.799908
FILLER_34_6,VPWR,li1,9.2000,106.0800,1.799908
FILLER_33_281,VPWR,li1,135.4700,100.6400,1.799117
FILLER_33_261,VPWR,li1,126.2700,100.6400,1.799121
FILLER_33_221,VPWR,li1,107.8700,100.6400,1.799174
FILLER_33_196,VPWR,li1,96.6000,100.6400,1.799256
FILLER_33_169,VPWR,li1,83.9500,100.6400,1.799368
FILLER_33_166,VPWR,li1,82.3400,100.6400,1.799368
FILLER_33_154,VPWR,li1,79.1200,100.6400,1.799398
FILLER_33_135,VPWR,li1,69.4600,100.6400,1.799487
FILLER_33_120,VPWR,li1,61.4100,100.6400,1.799544
FILLER_33_113,VPWR,li1,57.7300,100.6400,1.799591
FILLER_33_109,VPWR,li1,56.3500,100.6400,1.799591
FILLER_33_97,VPWR,li1,52.9000,100.6400,1.799620
FILLER_33_85,VPWR,li1,47.3800,100.6400,1.799669
FILLER_33_75,VPWR,li1,40.9400,100.6400,1.799729
FILLER_33_68,VPWR,li1,37.0300,100.6400,1.799762
FILLER_33_60,VPWR,li1,34.9600,100.6400,1.799781
FILLER_33_55,VPWR,li1,31.0500,100.6400,1.799825
FILLER_33_43,VPWR,li1,25.5300,100.6400,1.799883
FILLER_33_37,VPWR,li1,23.9200,100.6400,1.799883
FILLER_33_15,VPWR,li1,15.1800,100.6400,1.799904
FILLER_33_3,VPWR,li1,9.6600,100.6400,1.799903
FILLER_32_274,VPWR,li1,132.9400,100.6400,1.799117
FILLER_32_258,VPWR,li1,124.4300,100.6400,1.799124
FILLER_32_221,VPWR,li1,108.1000,100.6400,1.799174
FILLER_32_209,VPWR,li1,104.4200,100.6400,1.799203
FILLER_32_205,VPWR,li1,100.0500,100.6400,1.799230
FILLER_32_197,VPWR,li1,97.9800,100.6400,1.799256
FILLER_32_190,VPWR,li1,94.3000,100.6400,1.799272
FILLER_32_184,VPWR,li1,90.3900,100.6400,1.799314
FILLER_32_177,VPWR,li1,87.4000,100.6400,1.799334
FILLER_32_165,VPWR,li1,84.1800,100.6400,1.799353
FILLER_32_153,VPWR,li1,78.6600,100.6400,1.799398
FILLER_32_141,VPWR,li1,73.1400,100.6400,1.799450
FILLER_32_132,VPWR,li1,68.0800,100.6400,1.799487
FILLER_32_120,VPWR,li1,63.4800,100.6400,1.799526
FILLER_32_109,VPWR,li1,56.1200,100.6400,1.799591
FILLER_32_97,VPWR,li1,52.9000,100.6400,1.799620
FILLER_32_85,VPWR,li1,47.3800,100.6400,1.799669
FILLER_32_80,VPWR,li1,43.2400,100.6400,1.799706
FILLER_32_54,VPWR,li1,33.1200,100.6400,1.799804
FILLER_32_41,VPWR,li1,25.7600,100.6400,1.799865
FILLER_32_29,VPWR,li1,21.6200,100.6400,1.799904
FILLER_32_26,VPWR,li1,17.9400,100.6400,1.799904
FILLER_32_18,VPWR,li1,15.6400,100.6400,1.799904
FILLER_32_6,VPWR,li1,11.0400,100.6400,1.799903
FILLER_31_281,VPWR,li1,135.4700,95.2000,1.799795
FILLER_31_272,VPWR,li1,131.5600,95.2000,1.799796
FILLER_31_260,VPWR,li1,127.8800,95.2000,1.799796
FILLER_31_249,VPWR,li1,120.7500,95.2000,1.799799
FILLER_31_223,VPWR,li1,108.3300,95.2000,1.799804
FILLER_31_214,VPWR,li1,104.1900,95.2000,1.799806
FILLER_31_202,VPWR,li1,101.2000,95.2000,1.799807
FILLER_31_190,VPWR,li1,95.6800,95.2000,1.799811
FILLER_31_173,VPWR,li1,85.3300,95.2000,1.799821
FILLER_31_169,VPWR,li1,84.1800,95.2000,1.799821
FILLER_31_165,VPWR,li1,82.1100,95.2000,1.799824
FILLER_31_153,VPWR,li1,78.6600,95.2000,1.799829
FILLER_31_141,VPWR,li1,73.1400,95.2000,1.799840
FILLER_31_129,VPWR,li1,67.6200,95.2000,1.799851
FILLER_31_117,VPWR,li1,62.1000,95.2000,1.799863
FILLER_31_111,VPWR,li1,56.8100,95.2000,1.799875
FILLER_31_103,VPWR,li1,54.7400,95.2000,1.799880
FILLER_31_87,VPWR,li1,46.9200,95.2000,1.799899
FILLER_31_75,VPWR,li1,42.7800,95.2000,1.799909
FILLER_31_65,VPWR,li1,36.1100,95.2000,1.799926
FILLER_31_57,VPWR,li1,33.5800,95.2000,1.799933
FILLER_31_54,VPWR,li1,30.8200,95.2000,1.799940
FILLER_31_46,VPWR,li1,27.1400,95.2000,1.799950
FILLER_31_34,VPWR,li1,23.9200,95.2000,1.799960
FILLER_31_24,VPWR,li1,16.7900,95.2000,1.799965
FILLER_31_18,VPWR,li1,14.4900,95.2000,1.799964
FILLER_31_6,VPWR,li1,11.0400,95.2000,1.799964
FILLER_30_277,VPWR,li1,133.6300,95.2000,1.799795
FILLER_30_265,VPWR,li1,130.1800,95.2000,1.799796
FILLER_30_253,VPWR,li1,124.6600,95.2000,1.799797
FILLER_30_251,VPWR,li1,121.2100,95.2000,1.799799
FILLER_30_239,VPWR,li1,118.2200,95.2000,1.799800
FILLER_30_227,VPWR,li1,112.7000,95.2000,1.799802
FILLER_30_215,VPWR,li1,107.1800,95.2000,1.799805
FILLER_30_206,VPWR,li1,101.6600,95.2000,1.799807
FILLER_30_197,VPWR,li1,96.6000,95.2000,1.799810
FILLER_30_180,VPWR,li1,90.1600,95.2000,1.799814
FILLER_30_171,VPWR,li1,84.4100,95.2000,1.799821
FILLER_30_165,VPWR,li1,82.8000,95.2000,1.799824
FILLER_30_157,VPWR,li1,77.9700,95.2000,1.799832
FILLER_30_153,VPWR,li1,76.8200,95.2000,1.799832
FILLER_30_141,VPWR,li1,70.6100,95.2000,1.799845
FILLER_30_133,VPWR,li1,67.3900,95.2000,1.799851
FILLER_30_121,VPWR,li1,63.9400,95.2000,1.799859
FILLER_30_109,VPWR,li1,58.4200,95.2000,1.799875
FILLER_30_97,VPWR,li1,52.9000,95.2000,1.799886
FILLER_30_85,VPWR,li1,47.3800,95.2000,1.799899
FILLER_30_78,VPWR,li1,42.7800,95.2000,1.799909
FILLER_30_73,VPWR,li1,39.3300,95.2000,1.799921
FILLER_30_69,VPWR,li1,38.1800,95.2000,1.799921
FILLER_30_57,VPWR,li1,34.5000,95.2000,1.799933
FILLER_30_45,VPWR,li1,27.1400,95.2000,1.799950
FILLER_30_33,VPWR,li1,23.4600,95.2000,1.799966
FILLER_30_13,VPWR,li1,11.7300,95.2000,1.799964
FILLER_30_6,VPWR,li1,9.2000,95.2000,1.799964
FILLER_29_281,VPWR,li1,135.4700,89.7600,1.799648
FILLER_29_279,VPWR,li1,134.0900,89.7600,1.799648
FILLER_29_268,VPWR,li1,129.4900,89.7600,1.799650
FILLER_29_261,VPWR,li1,126.0400,89.7600,1.799653
FILLER_29_249,VPWR,li1,122.8200,89.7600,1.799656
FILLER_29_237,VPWR,li1,117.3000,89.7600,1.799663
FILLER_29_225,VPWR,li1,111.7800,89.7600,1.799667
FILLER_29_212,VPWR,li1,105.8000,89.7600,1.799672
FILLER_29_200,VPWR,li1,100.2800,89.7600,1.799678
FILLER_29_193,VPWR,li1,94.7600,89.7600,1.799684
FILLER_29_181,VPWR,li1,91.5400,89.7600,1.799687
FILLER_29_169,VPWR,li1,86.0200,89.7600,1.799694
FILLER_29_167,VPWR,li1,82.5700,89.7600,1.799700
FILLER_29_163,VPWR,li1,81.4200,89.7600,1.799700
FILLER_29_152,VPWR,li1,75.6700,89.7600,1.799712
FILLER_29_148,VPWR,li1,74.5200,89.7600,1.799712
FILLER_29_137,VPWR,li1,69.0000,89.7600,1.799730
FILLER_29_113,VPWR,li1,58.8800,89.7600,1.799765
FILLER_29_110,VPWR,li1,56.5800,89.7600,1.799775
FILLER_29_102,VPWR,li1,54.2800,89.7600,1.799787
FILLER_29_90,VPWR,li1,49.6800,89.7600,1.799809
FILLER_29_57,VPWR,li1,33.5800,89.7600,1.799880
FILLER_29_54,VPWR,li1,30.8200,89.7600,1.799900
FILLER_29_40,VPWR,li1,24.8400,89.7600,1.799923
FILLER_29_28,VPWR,li1,21.1600,89.7600,1.799943
FILLER_29_3,VPWR,li1,7.1300,89.7600,1.799938
FILLER_28_282,VPWR,li1,135.7000,89.7600,1.799648
FILLER_28_257,VPWR,li1,123.9700,89.7600,1.799656
FILLER_28_253,VPWR,li1,122.8200,89.7600,1.799656
FILLER_28_246,VPWR,li1,120.0600,89.7600,1.799658
FILLER_28_234,VPWR,li1,115.9200,89.7600,1.799663
FILLER_28_222,VPWR,li1,110.4000,89.7600,1.799670
FILLER_28_213,VPWR,li1,103.7300,89.7600,1.799675
FILLER_28_205,VPWR,li1,101.6600,89.7600,1.799678
FILLER_28_197,VPWR,li1,96.6000,89.7600,1.799682
FILLER_28_192,VPWR,li1,94.0700,89.7600,1.799684
FILLER_28_186,VPWR,li1,92.4600,89.7600,1.799687
FILLER_28_174,VPWR,li1,88.3200,89.7600,1.799691
FILLER_28_162,VPWR,li1,82.8000,89.7600,1.799700
FILLER_28_148,VPWR,li1,73.8300,89.7600,1.799717
FILLER_28_139,VPWR,li1,69.6900,89.7600,1.799730
FILLER_28_135,VPWR,li1,68.5400,89.7600,1.799730
FILLER_28_123,VPWR,li1,64.8600,89.7600,1.799742
FILLER_28_108,VPWR,li1,56.5800,89.7600,1.799775
FILLER_28_97,VPWR,li1,51.0600,89.7600,1.799798
FILLER_28_88,VPWR,li1,46.6900,89.7600,1.799820
FILLER_28_82,VPWR,li1,43.7000,89.7600,1.799832
FILLER_28_65,VPWR,li1,35.8800,89.7600,1.799869
FILLER_28_53,VPWR,li1,32.6600,89.7600,1.799890
FILLER_28_41,VPWR,li1,25.3000,89.7600,1.799923
FILLER_28_29,VPWR,li1,19.3200,89.7600,1.799941
FILLER_28_22,VPWR,li1,17.0200,89.7600,1.799940
FILLER_28_10,VPWR,li1,10.3500,89.7600,1.799938
FILLER_28_6,VPWR,li1,9.2000,89.7600,1.799938
FILLER_27_281,VPWR,li1,135.4700,84.3200,1.799585
FILLER_27_270,VPWR,li1,131.1000,84.3200,1.799586
FILLER_27_248,VPWR,li1,119.8300,84.3200,1.799591
FILLER_27_244,VPWR,li1,118.6800,84.3200,1.799593
FILLER_27_233,VPWR,li1,113.3900,84.3200,1.799596
FILLER_27_225,VPWR,li1,110.8600,84.3200,1.799600
FILLER_27_189,VPWR,li1,92.6900,84.3200,1.799636
FILLER_27_178,VPWR,li1,88.0900,84.3200,1.799648
FILLER_27_166,VPWR,li1,82.3400,84.3200,1.799668
FILLER_27_155,VPWR,li1,77.2800,84.3200,1.799684
FILLER_27_148,VPWR,li1,73.8300,84.3200,1.799696
FILLER_27_137,VPWR,li1,69.2300,84.3200,1.799715
FILLER_27_129,VPWR,li1,66.7000,84.3200,1.799726
FILLER_27_117,VPWR,li1,62.1000,84.3200,1.799746
FILLER_27_105,VPWR,li1,54.0500,84.3200,1.799789
FILLER_27_89,VPWR,li1,47.1500,84.3200,1.799821
FILLER_27_69,VPWR,li1,38.1800,84.3200,1.799859
FILLER_27_57,VPWR,li1,34.5000,84.3200,1.799878
FILLER_27_50,VPWR,li1,29.9000,84.3200,1.799903
FILLER_27_38,VPWR,li1,25.7600,84.3200,1.799922
FILLER_27_30,VPWR,li1,19.5500,84.3200,1.799943
FILLER_27_22,VPWR,li1,17.4800,84.3200,1.799942
FILLER_27_3,VPWR,li1,7.5900,84.3200,1.799940
FILLER_26_279,VPWR,li1,134.0900,84.3200,1.799585
FILLER_26_267,VPWR,li1,131.1000,84.3200,1.799586
FILLER_26_250,VPWR,li1,120.9800,84.3200,1.799591
FILLER_26_220,VPWR,li1,108.1000,84.3200,1.799604
FILLER_26_208,VPWR,li1,103.9600,84.3200,1.799610
FILLER_26_190,VPWR,li1,93.3800,84.3200,1.799636
FILLER_26_164,VPWR,li1,81.6500,84.3200,1.799668
FILLER_26_156,VPWR,li1,79.1200,84.3200,1.799677
FILLER_26_144,VPWR,li1,74.5200,84.3200,1.799696
FILLER_26_139,VPWR,li1,69.6900,84.3200,1.799715
FILLER_26_128,VPWR,li1,64.6300,84.3200,1.799735
FILLER_26_124,VPWR,li1,63.4800,84.3200,1.799746
FILLER_26_112,VPWR,li1,59.8000,84.3200,1.799756
FILLER_26_100,VPWR,li1,54.2800,84.3200,1.799781
FILLER_26_90,VPWR,li1,47.3800,84.3200,1.799821
FILLER_26_82,VPWR,li1,43.7000,84.3200,1.799832
FILLER_26_70,VPWR,li1,40.4800,84.3200,1.799848
FILLER_26_58,VPWR,li1,34.9600,84.3200,1.799878
FILLER_26_46,VPWR,li1,29.4400,84.3200,1.799903
FILLER_26_34,VPWR,li1,23.9200,84.3200,1.799931
FILLER_26_27,VPWR,li1,18.1700,84.3200,1.799942
FILLER_26_22,VPWR,li1,15.8700,84.3200,1.799941
FILLER_26_11,VPWR,li1,10.8100,84.3200,1.799940
FILLER_26_7,VPWR,li1,9.6600,84.3200,1.799940
FILLER_25_281,VPWR,li1,135.4700,78.8800,1.799440
FILLER_25_275,VPWR,li1,132.2500,78.8800,1.799441
FILLER_25_269,VPWR,li1,130.6400,78.8800,1.799441
FILLER_25_252,VPWR,li1,121.9000,78.8800,1.799445
FILLER_25_244,VPWR,li1,119.6000,78.8800,1.799446
FILLER_25_238,VPWR,li1,115.2300,78.8800,1.799447
FILLER_25_225,VPWR,li1,110.4000,78.8800,1.799451
FILLER_25_223,VPWR,li1,108.3300,78.8800,1.799452
FILLER_25_217,VPWR,li1,106.7200,78.8800,1.799452
FILLER_25_205,VPWR,li1,102.5800,78.8800,1.799455
FILLER_25_193,VPWR,li1,97.0600,78.8800,1.799481
FILLER_25_181,VPWR,li1,91.5400,78.8800,1.799504
FILLER_25_169,VPWR,li1,86.0200,78.8800,1.799534
FILLER_25_167,VPWR,li1,82.5700,78.8800,1.799561
FILLER_25_161,VPWR,li1,80.9600,78.8800,1.799561
FILLER_25_149,VPWR,li1,76.8200,78.8800,1.799582
FILLER_25_137,VPWR,li1,71.3000,78.8800,1.799620
FILLER_25_119,VPWR,li1,60.4900,78.8800,1.799682
FILLER_25_113,VPWR,li1,58.8800,78.8800,1.799682
FILLER_25_110,VPWR,li1,56.5800,78.8800,1.799696
FILLER_25_98,VPWR,li1,53.3600,78.8800,1.799716
FILLER_25_86,VPWR,li1,47.8400,78.8800,1.799759
FILLER_25_77,VPWR,li1,41.6300,78.8800,1.799790
FILLER_25_69,VPWR,li1,39.1000,78.8800,1.799807
FILLER_25_57,VPWR,li1,34.5000,78.8800,1.799836
FILLER_25_55,VPWR,li1,31.0500,78.8800,1.799860
FILLER_25_47,VPWR,li1,28.9800,78.8800,1.799875
FILLER_25_35,VPWR,li1,24.3800,78.8800,1.799909
FILLER_25_20,VPWR,li1,15.1800,78.8800,1.799930
FILLER_25_3,VPWR,li1,9.6600,78.8800,1.799930
FILLER_24_279,VPWR,li1,134.0900,78.8800,1.799441
FILLER_24_267,VPWR,li1,131.1000,78.8800,1.799441
FILLER_24_253,VPWR,li1,123.7400,78.8800,1.799444
FILLER_24_249,VPWR,li1,120.7500,78.8800,1.799445
FILLER_24_241,VPWR,li1,118.2200,78.8800,1.799446
FILLER_24_229,VPWR,li1,113.6200,78.8800,1.799448
FILLER_24_217,VPWR,li1,108.1000,78.8800,1.799452
FILLER_24_195,VPWR,li1,95.4500,78.8800,1.799492
FILLER_24_189,VPWR,li1,93.8400,78.8800,1.799492
FILLER_24_177,VPWR,li1,89.7000,78.8800,1.799514
FILLER_24_165,VPWR,li1,84.1800,78.8800,1.799550
FILLER_24_153,VPWR,li1,78.6600,78.8800,1.799573
FILLER_24_141,VPWR,li1,73.1400,78.8800,1.799610
FILLER_24_139,VPWR,li1,69.6900,78.8800,1.799620
FILLER_24_127,VPWR,li1,66.7000,78.8800,1.799636
FILLER_24_117,VPWR,li1,60.0300,78.8800,1.799682
FILLER_24_105,VPWR,li1,56.5800,78.8800,1.799696
FILLER_24_93,VPWR,li1,51.0600,78.8800,1.799731
FILLER_24_77,VPWR,li1,41.6300,78.8800,1.799790
FILLER_24_69,VPWR,li1,39.1000,78.8800,1.799807
FILLER_24_57,VPWR,li1,34.5000,78.8800,1.799836
FILLER_24_43,VPWR,li1,26.2200,78.8800,1.799891
FILLER_24_26,VPWR,li1,17.9400,78.8800,1.799930
FILLER_24_18,VPWR,li1,15.6400,78.8800,1.799930
FILLER_24_6,VPWR,li1,11.0400,78.8800,1.799930
FILLER_23_281,VPWR,li1,135.4700,73.4400,1.799494
FILLER_23_255,VPWR,li1,123.2800,73.4400,1.799502
FILLER_23_243,VPWR,li1,120.0600,73.4400,1.799505
FILLER_23_231,VPWR,li1,114.5400,73.4400,1.799511
FILLER_23_222,VPWR,li1,108.1000,73.4400,1.799521
FILLER_23_214,VPWR,li1,105.8000,73.4400,1.799526
FILLER_23_202,VPWR,li1,101.2000,73.4400,1.799535
FILLER_23_196,VPWR,li1,96.1400,73.4400,1.799549
FILLER_23_191,VPWR,li1,93.6100,73.4400,1.799555
FILLER_23_185,VPWR,li1,92.0000,73.4400,1.799555
FILLER_23_169,VPWR,li1,83.7200,73.4400,1.799578
FILLER_23_162,VPWR,li1,81.4200,73.4400,1.799584
FILLER_23_154,VPWR,li1,76.5900,73.4400,1.799598
FILLER_23_146,VPWR,li1,74.5200,73.4400,1.799607
FILLER_23_134,VPWR,li1,69.9200,73.4400,1.799635
FILLER_23_113,VPWR,li1,57.7300,73.4400,1.799706
FILLER_23_111,VPWR,li1,56.8100,73.4400,1.799706
FILLER_23_99,VPWR,li1,53.8200,73.4400,1.799724
FILLER_23_87,VPWR,li1,48.3000,73.4400,1.799764
FILLER_23_75,VPWR,li1,42.7800,73.4400,1.799798
FILLER_23_57,VPWR,li1,33.5800,73.4400,1.799850
FILLER_23_52,VPWR,li1,30.3600,73.4400,1.799870
FILLER_23_37,VPWR,li1,23.2300,73.4400,1.799917
FILLER_23_27,VPWR,li1,18.4000,73.4400,1.799933
FILLER_23_15,VPWR,li1,15.1800,73.4400,1.799933
FILLER_23_3,VPWR,li1,9.6600,73.4400,1.799933
FILLER_22_272,VPWR,li1,132.4800,73.4400,1.799494
FILLER_22_253,VPWR,li1,123.2800,73.4400,1.799502
FILLER_22_249,VPWR,li1,120.7500,73.4400,1.799505
FILLER_22_241,VPWR,li1,118.2200,73.4400,1.799507
FILLER_22_212,VPWR,li1,103.7300,73.4400,1.799530
FILLER_22_193,VPWR,li1,94.9900,73.4400,1.799549
FILLER_22_184,VPWR,li1,90.3900,73.4400,1.799561
FILLER_22_163,VPWR,li1,80.7300,73.4400,1.799584
FILLER_22_141,VPWR,li1,71.0700,73.4400,1.799625
FILLER_22_137,VPWR,li1,69.2300,73.4400,1.799635
FILLER_22_129,VPWR,li1,66.7000,73.4400,1.799650
FILLER_22_120,VPWR,li1,60.9500,73.4400,1.799689
FILLER_22_116,VPWR,li1,59.8000,73.4400,1.799689
FILLER_22_97,VPWR,li1,51.0600,73.4400,1.799741
FILLER_22_85,VPWR,li1,47.3800,73.4400,1.799764
FILLER_22_83,VPWR,li1,43.9300,73.4400,1.799785
FILLER_22_73,VPWR,li1,39.5600,73.4400,1.799814
FILLER_22_47,VPWR,li1,28.5200,73.4400,1.799884
FILLER_22_29,VPWR,li1,19.5500,73.4400,1.799933
FILLER_22_27,VPWR,li1,18.1700,73.4400,1.799933
FILLER_22_15,VPWR,li1,15.1800,73.4400,1.799933
FILLER_22_3,VPWR,li1,9.6600,73.4400,1.799933
FILLER_21_281,VPWR,li1,135.4700,68.0000,1.799721
FILLER_21_274,VPWR,li1,132.0200,68.0000,1.799721
FILLER_21_251,VPWR,li1,121.2100,68.0000,1.799726
FILLER_21_245,VPWR,li1,119.6000,68.0000,1.799729
FILLER_21_233,VPWR,li1,115.4600,68.0000,1.799731
FILLER_21_211,VPWR,li1,104.4200,68.0000,1.799745
FILLER_21_194,VPWR,li1,94.9900,68.0000,1.799761
FILLER_21_188,VPWR,li1,93.3800,68.0000,1.799765
FILLER_21_181,VPWR,li1,89.4700,68.0000,1.799772
FILLER_21_169,VPWR,li1,86.0200,68.0000,1.799779
FILLER_21_160,VPWR,li1,80.9600,68.0000,1.799789
FILLER_21_148,VPWR,li1,76.3600,68.0000,1.799798
FILLER_21_138,VPWR,li1,69.2300,68.0000,1.799816
FILLER_21_130,VPWR,li1,67.1600,68.0000,1.799821
FILLER_21_118,VPWR,li1,62.5600,68.0000,1.799831
FILLER_21_110,VPWR,li1,56.5800,68.0000,1.799848
FILLER_21_96,VPWR,li1,51.5200,68.0000,1.799863
FILLER_21_91,VPWR,li1,47.8400,68.0000,1.799879
FILLER_21_83,VPWR,li1,44.6200,68.0000,1.799887
FILLER_21_73,VPWR,li1,39.5600,68.0000,1.799901
FILLER_21_57,VPWR,li1,33.5800,68.0000,1.799921
FILLER_21_48,VPWR,li1,29.4400,68.0000,1.799934
FILLER_21_34,VPWR,li1,21.3900,68.0000,1.799962
FILLER_21_26,VPWR,li1,19.3200,68.0000,1.799961
FILLER_21_14,VPWR,li1,14.7200,68.0000,1.799960
FILLER_21_3,VPWR,li1,8.7400,68.0000,1.799959
FILLER_20_283,VPWR,li1,135.9300,68.0000,1.799721
FILLER_20_279,VPWR,li1,134.7800,68.0000,1.799721
FILLER_20_267,VPWR,li1,131.1000,68.0000,1.799721
FILLER_20_256,VPWR,li1,123.5100,68.0000,1.799725
FILLER_20_251,VPWR,li1,121.2100,68.0000,1.799726
FILLER_20_239,VPWR,li1,118.2200,68.0000,1.799729
FILLER_20_212,VPWR,li1,103.7300,68.0000,1.799745
FILLER_20_189,VPWR,li1,92.9200,68.0000,1.799765
FILLER_20_177,VPWR,li1,89.7000,68.0000,1.799772
FILLER_20_165,VPWR,li1,84.1800,68.0000,1.799785
FILLER_20_153,VPWR,li1,78.6600,68.0000,1.799793
FILLER_20_141,VPWR,li1,73.1400,68.0000,1.799808
FILLER_20_139,VPWR,li1,69.6900,68.0000,1.799812
FILLER_20_131,VPWR,li1,66.0100,68.0000,1.799821
FILLER_20_119,VPWR,li1,63.0200,68.0000,1.799831
FILLER_20_107,VPWR,li1,57.5000,68.0000,1.799848
FILLER_20_95,VPWR,li1,51.9800,68.0000,1.799863
FILLER_20_89,VPWR,li1,46.6900,68.0000,1.799879
FILLER_20_85,VPWR,li1,45.5400,68.0000,1.799887
FILLER_20_83,VPWR,li1,43.9300,68.0000,1.799887
FILLER_20_77,VPWR,li1,42.3200,68.0000,1.799894
FILLER_20_65,VPWR,li1,38.1800,68.0000,1.799908
FILLER_20_53,VPWR,li1,32.6600,68.0000,1.799928
FILLER_20_41,VPWR,li1,27.1400,68.0000,1.799943
FILLER_20_29,VPWR,li1,21.6200,68.0000,1.799962
FILLER_20_26,VPWR,li1,17.9400,68.0000,1.799960
FILLER_20_7,VPWR,li1,8.9700,68.0000,1.799959
FILLER_20_3,VPWR,li1,7.8200,68.0000,1.799959
FILLER_19_281,VPWR,li1,135.4700,62.5600,1.799720
FILLER_19_237,VPWR,li1,117.3000,62.5600,1.799730
FILLER_19_225,VPWR,li1,111.7800,62.5600,1.799736
FILLER_19_222,VPWR,li1,108.1000,62.5600,1.799740
FILLER_19_205,VPWR,li1,102.5800,62.5600,1.799744
FILLER_19_193,VPWR,li1,94.5300,62.5600,1.799754
FILLER_19_181,VPWR,li1,91.5400,62.5600,1.799756
FILLER_19_169,VPWR,li1,86.0200,62.5600,1.799764
FILLER_19_164,VPWR,li1,81.8800,62.5600,1.799771
FILLER_19_152,VPWR,li1,78.2000,62.5600,1.799782
FILLER_19_140,VPWR,li1,72.6800,62.5600,1.799796
FILLER_19_133,VPWR,li1,67.1600,62.5600,1.799808
FILLER_19_125,VPWR,li1,64.8600,62.5600,1.799815
FILLER_19_113,VPWR,li1,60.2600,62.5600,1.799831
FILLER_19_111,VPWR,li1,56.8100,62.5600,1.799840
FILLER_19_105,VPWR,li1,55.2000,62.5600,1.799847
FILLER_19_93,VPWR,li1,51.0600,62.5600,1.799863
FILLER_19_81,VPWR,li1,45.5400,62.5600,1.799882
FILLER_19_69,VPWR,li1,40.0200,62.5600,1.799900
FILLER_19_57,VPWR,li1,34.5000,62.5600,1.799917
FILLER_19_50,VPWR,li1,29.9000,62.5600,1.799933
FILLER_19_38,VPWR,li1,25.7600,62.5600,1.799948
FILLER_19_26,VPWR,li1,20.2400,62.5600,1.799961
FILLER_19_3,VPWR,li1,7.3600,62.5600,1.799960
FILLER_18_272,VPWR,li1,133.4000,62.5600,1.799720
FILLER_18_260,VPWR,li1,127.8800,62.5600,1.799722
FILLER_18_245,VPWR,li1,118.6800,62.5600,1.799730
FILLER_18_233,VPWR,li1,115.4600,62.5600,1.799732
FILLER_18_221,VPWR,li1,109.9400,62.5600,1.799738
FILLER_18_209,VPWR,li1,104.4200,62.5600,1.799742
FILLER_18_197,VPWR,li1,98.9000,62.5600,1.799749
FILLER_18_195,VPWR,li1,95.4500,62.5600,1.799751
FILLER_18_187,VPWR,li1,93.3800,62.5600,1.799754
FILLER_18_154,VPWR,li1,77.0500,62.5600,1.799782
FILLER_18_141,VPWR,li1,70.8400,62.5600,1.799803
FILLER_18_137,VPWR,li1,69.2300,62.5600,1.799803
FILLER_18_125,VPWR,li1,65.7800,62.5600,1.799815
FILLER_18_117,VPWR,li1,59.5700,62.5600,1.799831
FILLER_18_109,VPWR,li1,57.5000,62.5600,1.799840
FILLER_18_85,VPWR,li1,44.8500,62.5600,1.799882
FILLER_18_82,VPWR,li1,43.7000,62.5600,1.799890
FILLER_18_65,VPWR,li1,36.3400,62.5600,1.799910
FILLER_18_53,VPWR,li1,32.6600,62.5600,1.799923
FILLER_18_41,VPWR,li1,27.1400,62.5600,1.799948
FILLER_18_29,VPWR,li1,20.2400,62.5600,1.799961
FILLER_18_16,VPWR,li1,15.6400,62.5600,1.799961
FILLER_18_3,VPWR,li1,8.2800,62.5600,1.799960
FILLER_17_281,VPWR,li1,135.4700,57.1200,1.799706
FILLER_17_273,VPWR,li1,131.7900,57.1200,1.799706
FILLER_17_265,VPWR,li1,129.2600,57.1200,1.799706
FILLER_17_253,VPWR,li1,124.6600,57.1200,1.799707
FILLER_17_241,VPWR,li1,119.1400,57.1200,1.799708
FILLER_17_221,VPWR,li1,107.8700,57.1200,1.799714
FILLER_17_209,VPWR,li1,104.4200,57.1200,1.799717
FILLER_17_197,VPWR,li1,98.9000,57.1200,1.799722
FILLER_17_185,VPWR,li1,93.3800,57.1200,1.799727
FILLER_17_169,VPWR,li1,85.1000,57.1200,1.799737
FILLER_17_164,VPWR,li1,81.8800,57.1200,1.799740
FILLER_17_145,VPWR,li1,72.9100,57.1200,1.799759
FILLER_17_133,VPWR,li1,69.4600,57.1200,1.799767
FILLER_17_121,VPWR,li1,63.9400,57.1200,1.799785
FILLER_17_111,VPWR,li1,56.8100,57.1200,1.799811
FILLER_17_107,VPWR,li1,55.6600,57.1200,1.799811
FILLER_17_88,VPWR,li1,47.3800,57.1200,1.799844
FILLER_17_75,VPWR,li1,41.4000,57.1200,1.799868
FILLER_17_65,VPWR,li1,35.8800,57.1200,1.799891
FILLER_17_57,VPWR,li1,33.5800,57.1200,1.799900
FILLER_17_54,VPWR,li1,30.8200,57.1200,1.799916
FILLER_17_32,VPWR,li1,20.7000,57.1200,1.799955
FILLER_17_21,VPWR,li1,15.4100,57.1200,1.799955
FILLER_17_15,VPWR,li1,13.8000,57.1200,1.799955
FILLER_17_3,VPWR,li1,9.6600,57.1200,1.799955
FILLER_16_276,VPWR,li1,133.4000,57.1200,1.799706
FILLER_16_264,VPWR,li1,129.7200,57.1200,1.799706
FILLER_16_253,VPWR,li1,123.2800,57.1200,1.799707
FILLER_16_251,VPWR,li1,121.2100,57.1200,1.799708
FILLER_16_247,VPWR,li1,120.0600,57.1200,1.799708
FILLER_16_235,VPWR,li1,116.3800,57.1200,1.799708
FILLER_16_219,VPWR,li1,106.9500,57.1200,1.799714
FILLER_16_207,VPWR,li1,103.5000,57.1200,1.799717
FILLER_16_197,VPWR,li1,97.5200,57.1200,1.799725
FILLER_16_190,VPWR,li1,94.3000,57.1200,1.799727
FILLER_16_178,VPWR,li1,90.1600,57.1200,1.799732
FILLER_16_166,VPWR,li1,84.6400,57.1200,1.799737
FILLER_16_154,VPWR,li1,79.1200,57.1200,1.799745
FILLER_16_141,VPWR,li1,71.7600,57.1200,1.799759
FILLER_16_139,VPWR,li1,69.6900,57.1200,1.799767
FILLER_16_127,VPWR,li1,64.4000,57.1200,1.799785
FILLER_16_117,VPWR,li1,59.5700,57.1200,1.799797
FILLER_16_109,VPWR,li1,57.5000,57.1200,1.799804
FILLER_16_97,VPWR,li1,52.9000,57.1200,1.799822
FILLER_16_85,VPWR,li1,47.3800,57.1200,1.799844
FILLER_16_78,VPWR,li1,42.7800,57.1200,1.799868
FILLER_16_66,VPWR,li1,38.6400,57.1200,1.799881
FILLER_16_42,VPWR,li1,26.6800,57.1200,1.799929
FILLER_16_37,VPWR,li1,23.0000,57.1200,1.799945
FILLER_16_29,VPWR,li1,20.7000,57.1200,1.799955
FILLER_16_27,VPWR,li1,18.1700,57.1200,1.799955
FILLER_16_15,VPWR,li1,15.1800,57.1200,1.799955
FILLER_16_3,VPWR,li1,9.6600,57.1200,1.799955
FILLER_15_281,VPWR,li1,135.4700,51.6800,1.799604
FILLER_15_255,VPWR,li1,123.0500,51.6800,1.799614
FILLER_15_249,VPWR,li1,121.4400,51.6800,1.799616
FILLER_15_237,VPWR,li1,117.3000,51.6800,1.799622
FILLER_15_225,VPWR,li1,111.7800,51.6800,1.799627
FILLER_15_222,VPWR,li1,108.1000,51.6800,1.799633
FILLER_15_193,VPWR,li1,94.5300,51.6800,1.799655
FILLER_15_181,VPWR,li1,91.5400,51.6800,1.799663
FILLER_15_169,VPWR,li1,86.0200,51.6800,1.799674
FILLER_15_164,VPWR,li1,81.8800,51.6800,1.799684
FILLER_15_156,VPWR,li1,78.2000,51.6800,1.799702
FILLER_15_145,VPWR,li1,72.9100,51.6800,1.799721
FILLER_15_133,VPWR,li1,69.4600,51.6800,1.799729
FILLER_15_113,VPWR,li1,60.2600,51.6800,1.799767
FILLER_15_111,VPWR,li1,56.8100,51.6800,1.799786
FILLER_15_99,VPWR,li1,53.8200,51.6800,1.799796
FILLER_15_87,VPWR,li1,48.3000,51.6800,1.799820
FILLER_15_75,VPWR,li1,42.7800,51.6800,1.799845
FILLER_15_57,VPWR,li1,32.6600,51.6800,1.799897
FILLER_15_55,VPWR,li1,31.0500,51.6800,1.799907
FILLER_15_49,VPWR,li1,29.4400,51.6800,1.799907
FILLER_15_37,VPWR,li1,25.3000,51.6800,1.799927
FILLER_15_25,VPWR,li1,19.7800,51.6800,1.799949
FILLER_15_11,VPWR,li1,11.2700,51.6800,1.799949
FILLER_15_3,VPWR,li1,8.7400,51.6800,1.799949
FILLER_14_272,VPWR,li1,131.5600,51.6800,1.799606
FILLER_14_253,VPWR,li1,122.3600,51.6800,1.799614
FILLER_14_244,VPWR,li1,118.4500,51.6800,1.799618
FILLER_14_239,VPWR,li1,115.6900,51.6800,1.799622
FILLER_14_227,VPWR,li1,112.7000,51.6800,1.799627
FILLER_14_212,VPWR,li1,103.2700,51.6800,1.799642
FILLER_14_197,VPWR,li1,96.3700,51.6800,1.799652
FILLER_14_192,VPWR,li1,94.7600,51.6800,1.799655
FILLER_14_149,VPWR,li1,74.7500,51.6800,1.799709
FILLER_14_141,VPWR,li1,72.2200,51.6800,1.799721
FILLER_14_138,VPWR,li1,69.4600,51.6800,1.799729
FILLER_14_128,VPWR,li1,65.0900,51.6800,1.799747
FILLER_14_116,VPWR,li1,61.6400,51.6800,1.799767
FILLER_14_104,VPWR,li1,56.1200,51.6800,1.799786
FILLER_14_92,VPWR,li1,50.6000,51.6800,1.799810
FILLER_14_81,VPWR,li1,43.4700,51.6800,1.799845
FILLER_14_71,VPWR,li1,38.6400,51.6800,1.799864
FILLER_14_63,VPWR,li1,36.3400,51.6800,1.799882
FILLER_14_51,VPWR,li1,31.7400,51.6800,1.799897
FILLER_14_42,VPWR,li1,25.0700,51.6800,1.799936
FILLER_14_36,VPWR,li1,23.4600,51.6800,1.799936
FILLER_14_20,VPWR,li1,14.9500,51.6800,1.799949
FILLER_14_9,VPWR,li1,9.8900,51.6800,1.799949
FILLER_14_3,VPWR,li1,8.2800,51.6800,1.799949
FILLER_13_281,VPWR,li1,135.4700,46.2400,1.799773
FILLER_13_222,VPWR,li1,108.1000,46.2400,1.799794
FILLER_13_210,VPWR,li1,102.3500,46.2400,1.799800
FILLER_13_204,VPWR,li1,100.0500,46.2400,1.799803
FILLER_13_192,VPWR,li1,96.6000,46.2400,1.799809
FILLER_13_180,VPWR,li1,91.0800,46.2400,1.799815
FILLER_13_169,VPWR,li1,83.9500,46.2400,1.799825
FILLER_13_159,VPWR,li1,79.5800,46.2400,1.799833
FILLER_13_147,VPWR,li1,75.9000,46.2400,1.799837
FILLER_13_135,VPWR,li1,70.3800,46.2400,1.799845
FILLER_13_129,VPWR,li1,65.0900,46.2400,1.799856
FILLER_13_125,VPWR,li1,63.9400,46.2400,1.799856
FILLER_13_113,VPWR,li1,60.2600,46.2400,1.799864
FILLER_13_104,VPWR,li1,54.0500,46.2400,1.799875
FILLER_13_98,VPWR,li1,51.2900,46.2400,1.799885
FILLER_13_86,VPWR,li1,47.8400,46.2400,1.799891
FILLER_13_81,VPWR,li1,43.0100,46.2400,1.799903
FILLER_13_69,VPWR,li1,40.0200,46.2400,1.799912
FILLER_13_57,VPWR,li1,34.5000,46.2400,1.799927
FILLER_13_48,VPWR,li1,29.4400,46.2400,1.799945
FILLER_13_32,VPWR,li1,21.1600,46.2400,1.799968
FILLER_13_20,VPWR,li1,17.4800,46.2400,1.799967
FILLER_13_3,VPWR,li1,7.8200,46.2400,1.799966
FILLER_12_280,VPWR,li1,135.2400,46.2400,1.799773
FILLER_12_268,VPWR,li1,131.5600,46.2400,1.799773
FILLER_12_253,VPWR,li1,122.1300,46.2400,1.799780
FILLER_12_247,VPWR,li1,119.3700,46.2400,1.799782
FILLER_12_241,VPWR,li1,116.6100,46.2400,1.799785
FILLER_12_229,VPWR,li1,113.6200,46.2400,1.799788
FILLER_12_221,VPWR,li1,107.4100,46.2400,1.799794
FILLER_12_213,VPWR,li1,105.3400,46.2400,1.799796
FILLER_12_202,VPWR,li1,100.2800,46.2400,1.799803
FILLER_12_195,VPWR,li1,95.4500,46.2400,1.799809
FILLER_12_183,VPWR,li1,92.4600,46.2400,1.799815
FILLER_12_165,VPWR,li1,84.1800,46.2400,1.799825
FILLER_12_153,VPWR,li1,78.6600,46.2400,1.799833
FILLER_12_141,VPWR,li1,73.1400,46.2400,1.799841
FILLER_12_132,VPWR,li1,68.0800,46.2400,1.799851
FILLER_12_120,VPWR,li1,63.4800,46.2400,1.799856
FILLER_12_112,VPWR,li1,57.2700,46.2400,1.799871
FILLER_12_104,VPWR,li1,55.2000,46.2400,1.799875
FILLER_12_98,VPWR,li1,50.8300,46.2400,1.799885
FILLER_12_81,VPWR,li1,43.4700,46.2400,1.799903
FILLER_12_69,VPWR,li1,40.0200,46.2400,1.799912
FILLER_12_57,VPWR,li1,34.5000,46.2400,1.799927
FILLER_12_44,VPWR,li1,26.4500,46.2400,1.799950
FILLER_12_29,VPWR,li1,20.7000,46.2400,1.799968
FILLER_12_22,VPWR,li1,17.0200,46.2400,1.799967
FILLER_12_11,VPWR,li1,11.0400,46.2400,1.799966
FILLER_12_3,VPWR,li1,8.7400,46.2400,1.799966
FILLER_11_281,VPWR,li1,135.4700,40.8000,1.799854
FILLER_11_276,VPWR,li1,133.4000,40.8000,1.799854
FILLER_11_264,VPWR,li1,129.7200,40.8000,1.799854
FILLER_11_252,VPWR,li1,124.2000,40.8000,1.799854
FILLER_11_243,VPWR,li1,118.6800,40.8000,1.799855
FILLER_11_235,VPWR,li1,114.3100,40.8000,1.799855
FILLER_11_216,VPWR,li1,106.7200,40.8000,1.799856
FILLER_11_211,VPWR,li1,103.0400,40.8000,1.799856
FILLER_11_180,VPWR,li1,88.5500,40.8000,1.799859
FILLER_11_169,VPWR,li1,83.9500,40.8000,1.799861
FILLER_11_166,VPWR,li1,82.3400,40.8000,1.799861
FILLER_11_158,VPWR,li1,80.0400,40.8000,1.799862
FILLER_11_146,VPWR,li1,75.4400,40.8000,1.799864
FILLER_11_133,VPWR,li1,68.0800,40.8000,1.799873
FILLER_11_121,VPWR,li1,63.9400,40.8000,1.799879
FILLER_11_99,VPWR,li1,51.9800,40.8000,1.799900
FILLER_11_87,VPWR,li1,48.3000,40.8000,1.799910
FILLER_11_73,VPWR,li1,39.7900,40.8000,1.799927
FILLER_11_65,VPWR,li1,37.2600,40.8000,1.799932
FILLER_11_45,VPWR,li1,26.4500,40.8000,1.799962
FILLER_11_39,VPWR,li1,24.8400,40.8000,1.799962
FILLER_11_27,VPWR,li1,20.7000,40.8000,1.799973
FILLER_11_15,VPWR,li1,15.1800,40.8000,1.799972
FILLER_11_3,VPWR,li1,9.6600,40.8000,1.799972
FILLER_10_283,VPWR,li1,135.9300,40.8000,1.799854
FILLER_10_277,VPWR,li1,134.3200,40.8000,1.799854
FILLER_10_265,VPWR,li1,130.1800,40.8000,1.799854
FILLER_10_253,VPWR,li1,124.6600,40.8000,1.799854
FILLER_10_251,VPWR,li1,121.2100,40.8000,1.799854
FILLER_10_245,VPWR,li1,118.9100,40.8000,1.799855
FILLER_10_237,VPWR,li1,116.3800,40.8000,1.799855
FILLER_10_231,VPWR,li1,112.0100,40.8000,1.799855
FILLER_10_227,VPWR,li1,110.8600,40.8000,1.799855
FILLER_10_215,VPWR,li1,107.1800,40.8000,1.799856
FILLER_10_203,VPWR,li1,101.6600,40.8000,1.799857
FILLER_10_197,VPWR,li1,96.3700,40.8000,1.799858
FILLER_10_192,VPWR,li1,94.7600,40.8000,1.799858
FILLER_10_186,VPWR,li1,91.7700,40.8000,1.799858
FILLER_10_173,VPWR,li1,85.5600,40.8000,1.799860
FILLER_10_161,VPWR,li1,82.3400,40.8000,1.799861
FILLER_10_139,VPWR,li1,69.6900,40.8000,1.799873
FILLER_10_133,VPWR,li1,68.0800,40.8000,1.799873
FILLER_10_121,VPWR,li1,63.9400,40.8000,1.799879
FILLER_10_109,VPWR,li1,58.4200,40.8000,1.799888
FILLER_10_97,VPWR,li1,52.9000,40.8000,1.799900
FILLER_10_85,VPWR,li1,47.3800,40.8000,1.799910
FILLER_10_80,VPWR,li1,43.2400,40.8000,1.799921
FILLER_10_68,VPWR,li1,39.5600,40.8000,1.799927
FILLER_10_53,VPWR,li1,31.7400,40.8000,1.799945
FILLER_10_41,VPWR,li1,27.1400,40.8000,1.799956
FILLER_10_29,VPWR,li1,21.6200,40.8000,1.799973
FILLER_10_26,VPWR,li1,17.9400,40.8000,1.799973
FILLER_10_11,VPWR,li1,11.0400,40.8000,1.799972
FILLER_10_3,VPWR,li1,8.7400,40.8000,1.799972
FILLER_9_281,VPWR,li1,135.4700,35.3600,1.799717
FILLER_9_275,VPWR,li1,132.2500,35.3600,1.799718
FILLER_9_269,VPWR,li1,130.6400,35.3600,1.799718
FILLER_9_257,VPWR,li1,126.5000,35.3600,1.799721
FILLER_9_249,VPWR,li1,120.9800,35.3600,1.799726
FILLER_9_237,VPWR,li1,117.3000,35.3600,1.799730
FILLER_9_225,VPWR,li1,111.7800,35.3600,1.799736
FILLER_9_223,VPWR,li1,108.3300,35.3600,1.799739
FILLER_9_217,VPWR,li1,106.7200,35.3600,1.799741
FILLER_9_205,VPWR,li1,102.5800,35.3600,1.799745
FILLER_9_198,VPWR,li1,97.0600,35.3600,1.799753
FILLER_9_188,VPWR,li1,93.3800,35.3600,1.799756
FILLER_9_167,VPWR,li1,82.5700,35.3600,1.799772
FILLER_9_163,VPWR,li1,81.4200,35.3600,1.799772
FILLER_9_151,VPWR,li1,77.7400,35.3600,1.799778
FILLER_9_139,VPWR,li1,70.1500,35.3600,1.799789
FILLER_9_127,VPWR,li1,64.1700,35.3600,1.799804
FILLER_9_123,VPWR,li1,63.0200,35.3600,1.799804
FILLER_9_113,VPWR,li1,57.9600,35.3600,1.799818
FILLER_9_106,VPWR,li1,55.6600,35.3600,1.799825
FILLER_9_94,VPWR,li1,51.5200,35.3600,1.799837
FILLER_9_89,VPWR,li1,46.9200,35.3600,1.799857
FILLER_9_81,VPWR,li1,44.6200,35.3600,1.799864
FILLER_9_69,VPWR,li1,40.0200,35.3600,1.799883
FILLER_9_57,VPWR,li1,34.5000,35.3600,1.799904
FILLER_9_55,VPWR,li1,31.0500,35.3600,1.799914
FILLER_9_47,VPWR,li1,28.9800,35.3600,1.799926
FILLER_9_43,VPWR,li1,25.5300,35.3600,1.799937
FILLER_9_39,VPWR,li1,24.3800,35.3600,1.799946
FILLER_9_27,VPWR,li1,20.7000,35.3600,1.799955
FILLER_9_19,VPWR,li1,14.4900,35.3600,1.799953
FILLER_9_9,VPWR,li1,9.8900,35.3600,1.799953
FILLER_9_3,VPWR,li1,8.2800,35.3600,1.799953
FILLER_8_282,VPWR,li1,135.7000,35.3600,1.799717
FILLER_8_236,VPWR,li1,115.4600,35.3600,1.799731
FILLER_8_224,VPWR,li1,111.3200,35.3600,1.799736
FILLER_8_212,VPWR,li1,105.8000,35.3600,1.799741
FILLER_8_205,VPWR,li1,100.5100,35.3600,1.799747
FILLER_8_197,VPWR,li1,97.9800,35.3600,1.799750
FILLER_8_195,VPWR,li1,95.4500,35.3600,1.799753
FILLER_8_183,VPWR,li1,92.4600,35.3600,1.799759
FILLER_8_169,VPWR,li1,83.4900,35.3600,1.799769
FILLER_8_165,VPWR,li1,82.3400,35.3600,1.799772
FILLER_8_153,VPWR,li1,78.6600,35.3600,1.799778
FILLER_8_141,VPWR,li1,73.1400,35.3600,1.799785
FILLER_8_138,VPWR,li1,69.4600,35.3600,1.799793
FILLER_8_118,VPWR,li1,62.5600,35.3600,1.799809
FILLER_8_106,VPWR,li1,57.0400,35.3600,1.799825
FILLER_8_93,VPWR,li1,49.6800,35.3600,1.799843
FILLER_8_82,VPWR,li1,43.7000,35.3600,1.799864
FILLER_8_69,VPWR,li1,38.6400,35.3600,1.799883
FILLER_8_59,VPWR,li1,33.3500,35.3600,1.799904
FILLER_8_51,VPWR,li1,30.8200,35.3600,1.799914
FILLER_8_37,VPWR,li1,23.0000,35.3600,1.799946
FILLER_8_29,VPWR,li1,20.7000,35.3600,1.799955
FILLER_8_25,VPWR,li1,17.7100,35.3600,1.799954
FILLER_8_11,VPWR,li1,11.2700,35.3600,1.799953
FILLER_8_3,VPWR,li1,8.7400,35.3600,1.799953
FILLER_7_281,VPWR,li1,135.4700,29.9200,1.799598
FILLER_7_274,VPWR,li1,132.0200,29.9200,1.799598
FILLER_7_266,VPWR,li1,129.7200,29.9200,1.799599
FILLER_7_237,VPWR,li1,114.7700,29.9200,1.799616
FILLER_7_225,VPWR,li1,111.7800,29.9200,1.799619
FILLER_7_221,VPWR,li1,107.8700,29.9200,1.799625
FILLER_7_206,VPWR,li1,100.7400,29.9200,1.799635
FILLER_7_198,VPWR,li1,97.2900,29.9200,1.799642
FILLER_7_190,VPWR,li1,94.7600,29.9200,1.799646
FILLER_7_178,VPWR,li1,90.1600,29.9200,1.799654
FILLER_7_166,VPWR,li1,82.3400,29.9200,1.799670
FILLER_7_154,VPWR,li1,79.1200,29.9200,1.799678
FILLER_7_142,VPWR,li1,73.6000,29.9200,1.799692
FILLER_7_125,VPWR,li1,63.9400,29.9200,1.799725
FILLER_7_113,VPWR,li1,60.2600,29.9200,1.799744
FILLER_7_109,VPWR,li1,56.3500,29.9200,1.799757
FILLER_7_97,VPWR,li1,50.3700,29.9200,1.799790
FILLER_7_87,VPWR,li1,45.7700,29.9200,1.799807
FILLER_7_83,VPWR,li1,44.6200,29.9200,1.799817
FILLER_7_77,VPWR,li1,41.6300,29.9200,1.799829
FILLER_7_69,VPWR,li1,39.1000,29.9200,1.799847
FILLER_7_57,VPWR,li1,34.5000,29.9200,1.799866
FILLER_7_50,VPWR,li1,29.9000,29.9200,1.799895
FILLER_7_38,VPWR,li1,25.7600,29.9200,1.799915
FILLER_7_27,VPWR,li1,18.8600,29.9200,1.799940
FILLER_7_15,VPWR,li1,15.1800,29.9200,1.799940
FILLER_7_3,VPWR,li1,9.6600,29.9200,1.799940
FILLER_6_282,VPWR,li1,135.7000,29.9200,1.799598
FILLER_6_262,VPWR,li1,126.9600,29.9200,1.799603
FILLER_6_250,VPWR,li1,120.9800,29.9200,1.799608
FILLER_6_228,VPWR,li1,111.7800,29.9200,1.799619
FILLER_6_216,VPWR,li1,107.6400,29.9200,1.799627
FILLER_6_207,VPWR,li1,100.9700,29.9200,1.799635
FILLER_6_197,VPWR,li1,96.6000,29.9200,1.799642
FILLER_6_181,VPWR,li1,91.5400,29.9200,1.799654
FILLER_6_157,VPWR,li1,79.5800,29.9200,1.799678
FILLER_6_131,VPWR,li1,66.0100,29.9200,1.799717
FILLER_6_118,VPWR,li1,60.2600,29.9200,1.799744
FILLER_6_112,VPWR,li1,57.7300,29.9200,1.799757
FILLER_6_97,VPWR,li1,51.5200,29.9200,1.799778
FILLER_6_85,VPWR,li1,47.3800,29.9200,1.799807
FILLER_6_83,VPWR,li1,43.9300,29.9200,1.799817
FILLER_6_77,VPWR,li1,42.3200,29.9200,1.799829
FILLER_6_65,VPWR,li1,38.1800,29.9200,1.799847
FILLER_6_53,VPWR,li1,32.6600,29.9200,1.799881
FILLER_6_26,VPWR,li1,17.9400,29.9200,1.799940
FILLER_6_15,VPWR,li1,13.3400,29.9200,1.799940
FILLER_6_3,VPWR,li1,9.6600,29.9200,1.799940
FILLER_5_281,VPWR,li1,135.4700,24.4800,1.799870
FILLER_5_275,VPWR,li1,132.2500,24.4800,1.799870
FILLER_5_263,VPWR,li1,129.2600,24.4800,1.799870
FILLER_5_255,VPWR,li1,123.2800,24.4800,1.799871
FILLER_5_245,VPWR,li1,118.4500,24.4800,1.799872
FILLER_5_225,VPWR,li1,111.7800,24.4800,1.799874
FILLER_5_222,VPWR,li1,108.1000,24.4800,1.799875
FILLER_5_210,VPWR,li1,104.8800,24.4800,1.799876
FILLER_5_181,VPWR,li1,91.5400,24.4800,1.799881
FILLER_5_169,VPWR,li1,86.0200,24.4800,1.799884
FILLER_5_167,VPWR,li1,82.5700,24.4800,1.799886
FILLER_5_155,VPWR,li1,79.5800,24.4800,1.799888
FILLER_5_121,VPWR,li1,61.6400,24.4800,1.799905
FILLER_5_113,VPWR,li1,59.3400,24.4800,1.799908
FILLER_5_111,VPWR,li1,56.8100,24.4800,1.799911
FILLER_5_103,VPWR,li1,54.7400,24.4800,1.799914
FILLER_5_91,VPWR,li1,50.1400,24.4800,1.799921
FILLER_5_79,VPWR,li1,44.6200,24.4800,1.799929
FILLER_5_67,VPWR,li1,39.1000,24.4800,1.799938
FILLER_5_50,VPWR,li1,28.7500,24.4800,1.799954
FILLER_5_44,VPWR,li1,25.9900,24.4800,1.799965
FILLER_5_38,VPWR,li1,24.3800,24.4800,1.799965
FILLER_5_27,VPWR,li1,18.8600,24.4800,1.799972
FILLER_5_15,VPWR,li1,15.1800,24.4800,1.799972
FILLER_5_3,VPWR,li1,9.6600,24.4800,1.799972
FILLER_4_277,VPWR,li1,133.8600,24.4800,1.799870
FILLER_4_265,VPWR,li1,130.1800,24.4800,1.799870
FILLER_4_253,VPWR,li1,124.6600,24.4800,1.799871
FILLER_4_250,VPWR,li1,120.9800,24.4800,1.799871
FILLER_4_238,VPWR,li1,117.7600,24.4800,1.799872
FILLER_4_226,VPWR,li1,112.2400,24.4800,1.799874
FILLER_4_214,VPWR,li1,106.7200,24.4800,1.799875
FILLER_4_202,VPWR,li1,101.2000,24.4800,1.799877
FILLER_4_194,VPWR,li1,95.2200,24.4800,1.799879
FILLER_4_182,VPWR,li1,92.0000,24.4800,1.799881
FILLER_4_177,VPWR,li1,87.1700,24.4800,1.799884
FILLER_4_165,VPWR,li1,84.1800,24.4800,1.799886
FILLER_4_153,VPWR,li1,78.6600,24.4800,1.799888
FILLER_4_141,VPWR,li1,73.1400,24.4800,1.799892
FILLER_4_139,VPWR,li1,69.6900,24.4800,1.799896
FILLER_4_133,VPWR,li1,68.0800,24.4800,1.799896
FILLER_4_121,VPWR,li1,63.9400,24.4800,1.799901
FILLER_4_109,VPWR,li1,58.4200,24.4800,1.799911
FILLER_4_97,VPWR,li1,52.9000,24.4800,1.799917
FILLER_4_85,VPWR,li1,47.3800,24.4800,1.799924
FILLER_4_76,VPWR,li1,42.3200,24.4800,1.799931
FILLER_4_64,VPWR,li1,37.7200,24.4800,1.799938
FILLER_4_49,VPWR,li1,28.7500,24.4800,1.799954
FILLER_4_41,VPWR,li1,26.2200,24.4800,1.799960
FILLER_4_29,VPWR,li1,21.6200,24.4800,1.799972
FILLER_4_27,VPWR,li1,18.1700,24.4800,1.799972
FILLER_4_15,VPWR,li1,15.1800,24.4800,1.799972
FILLER_4_3,VPWR,li1,9.6600,24.4800,1.799972
FILLER_3_281,VPWR,li1,135.4700,19.0400,1.799695
FILLER_3_276,VPWR,li1,133.4000,19.0400,1.799695
FILLER_3_270,VPWR,li1,130.1800,19.0400,1.799695
FILLER_3_264,VPWR,li1,127.1900,19.0400,1.799696
FILLER_3_258,VPWR,li1,125.5800,19.0400,1.799696
FILLER_3_251,VPWR,li1,121.9000,19.0400,1.799697
FILLER_3_239,VPWR,li1,118.2200,19.0400,1.799698
FILLER_3_223,VPWR,li1,108.3300,19.0400,1.799708
FILLER_3_211,VPWR,li1,105.3400,19.0400,1.799711
FILLER_3_188,VPWR,li1,92.4600,19.0400,1.799732
FILLER_3_178,VPWR,li1,87.8600,19.0400,1.799742
FILLER_3_162,VPWR,li1,81.4200,19.0400,1.799757
FILLER_3_150,VPWR,li1,77.2800,19.0400,1.799769
FILLER_3_140,VPWR,li1,70.1500,19.0400,1.799791
FILLER_3_133,VPWR,li1,67.1600,19.0400,1.799801
FILLER_3_125,VPWR,li1,64.8600,19.0400,1.799810
FILLER_3_113,VPWR,li1,60.2600,19.0400,1.799825
FILLER_3_111,VPWR,li1,56.8100,19.0400,1.799843
FILLER_3_105,VPWR,li1,55.2000,19.0400,1.799843
FILLER_3_93,VPWR,li1,51.0600,19.0400,1.799858
FILLER_3_81,VPWR,li1,45.5400,19.0400,1.799881
FILLER_3_69,VPWR,li1,40.0200,19.0400,1.799897
FILLER_3_57,VPWR,li1,34.5000,19.0400,1.799916
FILLER_3_55,VPWR,li1,31.0500,19.0400,1.799932
FILLER_3_51,VPWR,li1,29.9000,19.0400,1.799932
FILLER_3_39,VPWR,li1,26.2200,19.0400,1.799945
FILLER_3_27,VPWR,li1,20.7000,19.0400,1.799965
FILLER_3_15,VPWR,li1,15.1800,19.0400,1.799965
FILLER_3_3,VPWR,li1,9.6600,19.0400,1.799965
FILLER_2_282,VPWR,li1,135.7000,19.0400,1.799695
FILLER_2_248,VPWR,li1,119.8300,19.0400,1.799698
FILLER_2_244,VPWR,li1,118.6800,19.0400,1.799698
FILLER_2_222,VPWR,li1,107.8700,19.0400,1.799708
FILLER_2_218,VPWR,li1,106.7200,19.0400,1.799708
FILLER_2_190,VPWR,li1,94.3000,19.0400,1.799728
FILLER_2_125,VPWR,li1,63.2500,19.0400,1.799819
FILLER_2_121,VPWR,li1,62.1000,19.0400,1.799819
FILLER_2_109,VPWR,li1,58.4200,19.0400,1.799836
FILLER_2_97,VPWR,li1,52.9000,19.0400,1.799851
FILLER_2_85,VPWR,li1,47.3800,19.0400,1.799871
FILLER_2_83,VPWR,li1,43.9300,19.0400,1.799889
FILLER_2_77,VPWR,li1,42.3200,19.0400,1.799889
FILLER_2_65,VPWR,li1,38.1800,19.0400,1.799903
FILLER_2_53,VPWR,li1,32.6600,19.0400,1.799923
FILLER_2_41,VPWR,li1,27.1400,19.0400,1.799945
FILLER_2_29,VPWR,li1,21.6200,19.0400,1.799965
FILLER_2_27,VPWR,li1,18.1700,19.0400,1.799965
FILLER_2_15,VPWR,li1,15.1800,19.0400,1.799965
FILLER_2_3,VPWR,li1,9.6600,19.0400,1.799965
FILLER_1_281,VPWR,li1,135.4700,13.6000,1.799736
FILLER_1_276,VPWR,li1,133.4000,13.6000,1.799736
FILLER_1_262,VPWR,li1,126.5000,13.6000,1.799737
FILLER_1_254,VPWR,li1,122.5900,13.6000,1.799738
FILLER_1_250,VPWR,li1,121.4400,13.6000,1.799738
FILLER_1_238,VPWR,li1,117.7600,13.6000,1.799739
FILLER_1_229,VPWR,li1,111.0900,13.6000,1.799740
FILLER_1_225,VPWR,li1,109.9400,13.6000,1.799741
FILLER_1_218,VPWR,li1,107.1800,13.6000,1.799742
FILLER_1_201,VPWR,li1,98.2100,13.6000,1.799749
FILLER_1_197,VPWR,li1,97.0600,13.6000,1.799752
FILLER_1_185,VPWR,li1,93.3800,13.6000,1.799756
FILLER_1_164,VPWR,li1,81.8800,13.6000,1.799780
FILLER_1_155,VPWR,li1,78.2000,13.6000,1.799785
FILLER_1_125,VPWR,li1,64.4000,13.6000,1.799824
FILLER_1_113,VPWR,li1,60.2600,13.6000,1.799837
FILLER_1_111,VPWR,li1,56.8100,13.6000,1.799854
FILLER_1_105,VPWR,li1,55.2000,13.6000,1.799854
FILLER_1_93,VPWR,li1,51.0600,13.6000,1.799868
FILLER_1_81,VPWR,li1,45.5400,13.6000,1.799886
FILLER_1_69,VPWR,li1,40.0200,13.6000,1.799904
FILLER_1_57,VPWR,li1,34.5000,13.6000,1.799922
FILLER_1_55,VPWR,li1,31.0500,13.6000,1.799937
FILLER_1_51,VPWR,li1,29.9000,13.6000,1.799937
FILLER_1_39,VPWR,li1,26.2200,13.6000,1.799949
FILLER_1_27,VPWR,li1,20.7000,13.6000,1.799967
FILLER_1_15,VPWR,li1,15.1800,13.6000,1.799967
FILLER_1_3,VPWR,li1,9.6600,13.6000,1.799967
FILLER_0_281,VPWR,li1,135.4700,13.6000,1.799736
FILLER_0_277,VPWR,li1,133.6300,13.6000,1.799736
FILLER_0_265,VPWR,li1,130.1800,13.6000,1.799736
FILLER_0_253,VPWR,li1,124.6600,13.6000,1.799737
FILLER_0_251,VPWR,li1,121.2100,13.6000,1.799738
FILLER_0_243,VPWR,li1,119.1400,13.6000,1.799739
FILLER_0_231,VPWR,li1,114.5400,13.6000,1.799740
FILLER_0_225,VPWR,li1,109.4800,13.6000,1.799741
FILLER_0_223,VPWR,li1,108.3300,13.6000,1.799742
FILLER_0_217,VPWR,li1,106.7200,13.6000,1.799742
FILLER_0_209,VPWR,li1,102.5800,13.6000,1.799745
FILLER_0_197,VPWR,li1,98.9000,13.6000,1.799749
FILLER_0_189,VPWR,li1,93.1500,13.6000,1.799756
FILLER_0_182,VPWR,li1,89.9300,13.6000,1.799760
FILLER_0_175,VPWR,li1,86.7100,13.6000,1.799769
FILLER_0_169,VPWR,li1,83.7200,13.6000,1.799773
FILLER_0_161,VPWR,li1,80.2700,13.6000,1.799780
FILLER_0_154,VPWR,li1,77.0500,13.6000,1.799792
FILLER_0_146,VPWR,li1,73.6000,13.6000,1.799797
FILLER_0_141,VPWR,li1,70.8400,13.6000,1.799808
FILLER_0_137,VPWR,li1,69.2300,13.6000,1.799808
FILLER_0_125,VPWR,li1,65.7800,13.6000,1.799824
FILLER_0_113,VPWR,li1,60.2600,13.6000,1.799837
FILLER_0_109,VPWR,li1,56.3500,13.6000,1.799854
FILLER_0_97,VPWR,li1,52.9000,13.6000,1.799862
FILLER_0_85,VPWR,li1,47.3800,13.6000,1.799880
FILLER_0_81,VPWR,li1,43.4700,13.6000,1.799893
FILLER_0_69,VPWR,li1,40.0200,13.6000,1.799904
FILLER_0_57,VPWR,li1,34.5000,13.6000,1.799922
FILLER_0_53,VPWR,li1,30.5900,13.6000,1.799937
FILLER_0_41,VPWR,li1,27.1400,13.6000,1.799949
FILLER_0_29,VPWR,li1,21.6200,13.6000,1.799967
FILLER_0_27,VPWR,li1,18.1700,13.6000,1.799967
FILLER_0_15,VPWR,li1,15.1800,13.6000,1.799967
FILLER_0_3,VPWR,li1,9.6600,13.6000,1.799967
hold18,VPWR,li1,74.9800,13.6000,1.799797
hold17,VPWR,li1,103.0400,116.9600,1.799516
hold16,VPWR,li1,123.7400,106.0800,1.799328
hold15,VPWR,li1,90.1600,19.0400,1.799737
hold14,VPWR,li1,105.8000,89.7600,1.799672
hold13,VPWR,li1,118.2200,100.6400,1.799130
hold12,VPWR,li1,74.5200,111.5200,1.799940
hold11,VPWR,li1,88.7800,57.1200,1.799732
hold10,VPWR,li1,131.5600,122.4000,1.799848
hold9,VPWR,li1,111.7800,116.9600,1.799500
hold8,VPWR,li1,72.6800,138.7200,1.799926
hold7,VPWR,li1,73.1400,122.4000,1.799894
hold6,VPWR,li1,89.7000,138.7200,1.799911
hold5,VPWR,li1,90.6200,84.3200,1.799641
hold4,VPWR,li1,74.9800,24.4800,1.799891
hold3,VPWR,li1,100.2800,133.2800,1.799665
hold2,VPWR,li1,79.1200,138.7200,1.799920
hold1,VPWR,li1,92.4600,73.4400,1.799555
clkload1,VPWR,li1,109.9400,106.0800,1.799338
clkload0,VPWR,li1,108.5600,46.2400,1.799794
clkbuf_2_3__f_aclk,VPWR,li1,113.6200,100.6400,1.799139
clkbuf_2_2__f_aclk,VPWR,li1,95.6800,106.0800,1.799361
clkbuf_2_1__f_aclk,VPWR,li1,113.6200,46.2400,1.799788
clkbuf_2_0__f_aclk,VPWR,li1,94.7600,40.8000,1.799858
clkbuf_0_aclk,VPWR,li1,100.7400,78.8800,1.799456
fanout107,VPWR,li1,132.9400,89.7600,1.799648
fanout106,VPWR,li1,131.1000,89.7600,1.799650
fanout105,VPWR,li1,83.2600,84.3200,1.799668
fanout104,VPWR,li1,131.5600,19.0400,1.799695
fanout103,VPWR,li1,131.5600,13.6000,1.799736
fanout102,VPWR,li1,88.3200,24.4800,1.799882
fanout101,VPWR,li1,12.8800,122.4000,1.799974
fanout100,VPWR,li1,12.4200,127.8400,1.799978
fanout99,VPWR,li1,17.0200,122.4000,1.799975
fanout98,VPWR,li1,44.6200,133.2800,1.799834
fanout97,VPWR,li1,43.2400,138.7200,1.799957
fanout96,VPWR,li1,12.8800,89.7600,1.799939
fanout95,VPWR,li1,14.7200,89.7600,1.799940
fanout94,VPWR,li1,32.4300,100.6400,1.799804
fanout93,VPWR,li1,14.7200,68.0000,1.799960
fanout92,VPWR,li1,44.3900,106.0800,1.799732
fanout91,VPWR,li1,46.4600,106.0800,1.799711
fanout90,VPWR,li1,43.4700,116.9600,1.799785
fanout89,VPWR,li1,40.4800,95.2000,1.799915
fanout88,VPWR,li1,36.3400,89.7600,1.799869
fanout87,VPWR,li1,9.2000,127.8400,1.799978
fanout86,VPWR,li1,29.4400,127.8400,1.799968
fanout85,VPWR,li1,14.0300,127.8400,1.799979
fanout84,VPWR,li1,29.9000,138.7200,1.799976
fanout83,VPWR,li1,13.3400,116.9600,1.799927
fanout82,VPWR,li1,12.8800,122.4000,1.799974
fanout81,VPWR,li1,17.4800,116.9600,1.799928
fanout80,VPWR,li1,11.9600,84.3200,1.799940
fanout79,VPWR,li1,8.5100,106.0800,1.799908
fanout78,VPWR,li1,11.5000,106.0800,1.799908
fanout77,VPWR,li1,17.4800,95.2000,1.799965
fanout76,VPWR,li1,16.5600,68.0000,1.799960
fanout75,VPWR,li1,14.2600,84.3200,1.799941
fanout74,VPWR,li1,99.8200,111.5200,1.799932
fanout73,VPWR,li1,97.0600,127.8400,1.799920
fanout72,VPWR,li1,87.4000,116.9600,1.799558
fanout71,VPWR,li1,66.2400,116.9600,1.799649
fanout70,VPWR,li1,86.4800,73.4400,1.799569
fanout69,VPWR,li1,106.7200,73.4400,1.799526
fanout68,VPWR,li1,99.8200,57.1200,1.799722
fanout67,VPWR,li1,89.7000,73.4400,1.799561
fanout66,VPWR,li1,82.8000,122.4000,1.799881
fanout65,VPWR,li1,85.5600,111.5200,1.799936
fanout64,VPWR,li1,97.0600,116.9600,1.799528
fanout63,VPWR,li1,80.0400,51.6800,1.799691
fanout62,VPWR,li1,110.4000,73.4400,1.799517
fanout61,VPWR,li1,61.6400,29.9200,1.799734
fanout60,VPWR,li1,129.9500,106.0800,1.799323
fanout59,VPWR,li1,130.1800,68.0000,1.799721
fanout58,VPWR,li1,105.3400,51.6800,1.799635
fanout57,VPWR,li1,102.1200,35.3600,1.799747
max_cap56,VPWR,li1,66.4700,73.4400,1.799650
output55,VPWR,li1,81.8800,13.6000,1.799780
output54,VPWR,li1,88.3200,13.6000,1.799765
output53,VPWR,li1,75.4400,13.6000,1.799792
output52,VPWR,li1,133.4000,84.3200,1.799585
output51,VPWR,li1,133.4000,95.2000,1.799795
output50,VPWR,li1,135.2400,100.6400,1.799117
output49,VPWR,li1,104.4200,138.7200,1.799905
output48,VPWR,li1,107.6400,138.7200,1.799905
output47,VPWR,li1,120.5200,138.7200,1.799903
output46,VPWR,li1,88.3200,138.7200,1.799913
output45,VPWR,li1,133.4000,122.4000,1.799847
output44,VPWR,li1,134.3200,122.4000,1.799847
output43,VPWR,li1,75.9000,138.7200,1.799923
output42,VPWR,li1,131.5600,106.0800,1.799323
output41,VPWR,li1,133.4000,106.0800,1.799322
output40,VPWR,li1,135.2400,84.3200,1.799585
output39,VPWR,li1,135.2400,95.2000,1.799795
output38,VPWR,li1,133.4000,78.8800,1.799441
output37,VPWR,li1,135.2400,73.4400,1.799494
output36,VPWR,li1,110.8600,13.6000,1.799740
output35,VPWR,li1,133.4000,24.4800,1.799870
output34,VPWR,li1,133.4000,29.9200,1.799598
output33,VPWR,li1,133.4000,35.3600,1.799717
output32,VPWR,li1,91.5400,138.7200,1.799910
output31,VPWR,li1,133.4000,51.6800,1.799605
output30,VPWR,li1,135.2400,51.6800,1.799604
output29,VPWR,li1,133.4000,57.1200,1.799706
output28,VPWR,li1,135.2400,57.1200,1.799706
output27,VPWR,li1,104.4200,13.6000,1.799743
output26,VPWR,li1,94.7600,13.6000,1.799756
output25,VPWR,li1,85.1000,13.6000,1.799769
output24,VPWR,li1,91.5400,13.6000,1.799760
output23,VPWR,li1,133.4000,68.0000,1.799721
output22,VPWR,li1,135.2400,78.8800,1.799440
output21,VPWR,li1,85.1000,138.7200,1.799915
input20,VPWR,li1,81.6500,138.7200,1.799918
input19,VPWR,li1,71.9900,13.6000,1.799802
input18,VPWR,li1,7.5900,89.7600,1.799938
input17,VPWR,li1,7.5900,95.2000,1.799964
input16,VPWR,li1,7.8200,84.3200,1.799940
input15,VPWR,li1,7.5900,106.0800,1.799908
input14,VPWR,li1,7.5900,100.6400,1.799903
input13,VPWR,li1,8.9700,111.5200,1.799983
input12,VPWR,li1,7.5900,133.2800,1.799947
input11,VPWR,li1,7.5900,111.5200,1.799983
input10,VPWR,li1,7.5900,122.4000,1.799974
input9,VPWR,li1,7.5900,78.8800,1.799929
input8,VPWR,li1,7.5900,95.2000,1.799964
input7,VPWR,li1,7.5900,111.5200,1.799983
input6,VPWR,li1,7.5900,116.9600,1.799927
input5,VPWR,li1,7.5900,122.4000,1.799974
input4,VPWR,li1,7.5900,133.2800,1.799947
input3,VPWR,li1,7.5900,127.8400,1.799978
input2,VPWR,li1,78.6600,13.6000,1.799785
input1,VPWR,li1,135.4700,24.4800,1.799870
TAP_TAPCELL_ROW_47_345,VPWR,li1,134.5500,139.0260,1.799903
TAP_TAPCELL_ROW_47_344,VPWR,li1,121.6700,139.0260,1.799903
TAP_TAPCELL_ROW_47_343,VPWR,li1,108.7900,139.0260,1.799904
TAP_TAPCELL_ROW_47_342,VPWR,li1,95.9100,139.0260,1.799909
TAP_TAPCELL_ROW_47_341,VPWR,li1,83.0300,139.0260,1.799917
TAP_TAPCELL_ROW_47_340,VPWR,li1,70.1500,139.0260,1.799930
TAP_TAPCELL_ROW_47_339,VPWR,li1,57.2700,139.0260,1.799943
TAP_TAPCELL_ROW_47_338,VPWR,li1,44.3900,139.0260,1.799957
TAP_TAPCELL_ROW_47_337,VPWR,li1,31.5100,139.0260,1.799974
TAP_TAPCELL_ROW_47_336,VPWR,li1,18.6300,139.0260,1.799986
TAP_TAPCELL_ROW_46_335,VPWR,li1,121.6700,138.4130,1.799903
TAP_TAPCELL_ROW_46_334,VPWR,li1,95.9100,138.4130,1.799909
TAP_TAPCELL_ROW_46_333,VPWR,li1,70.1500,138.4130,1.799930
TAP_TAPCELL_ROW_46_332,VPWR,li1,44.3900,138.4130,1.799957
TAP_TAPCELL_ROW_46_331,VPWR,li1,18.6300,138.4130,1.799986
TAP_TAPCELL_ROW_45_330,VPWR,li1,134.5500,133.5860,1.799649
TAP_TAPCELL_ROW_45_329,VPWR,li1,108.7900,133.5860,1.799655
TAP_TAPCELL_ROW_45_328,VPWR,li1,83.0300,133.5860,1.799698
TAP_TAPCELL_ROW_45_327,VPWR,li1,57.2700,133.5860,1.799783
TAP_TAPCELL_ROW_45_326,VPWR,li1,31.5100,133.5860,1.799892
TAP_TAPCELL_ROW_44_325,VPWR,li1,121.6700,132.9730,1.799649
TAP_TAPCELL_ROW_44_324,VPWR,li1,95.9100,132.9730,1.799675
TAP_TAPCELL_ROW_44_323,VPWR,li1,70.1500,132.9730,1.799734
TAP_TAPCELL_ROW_44_322,VPWR,li1,44.3900,132.9730,1.799834
TAP_TAPCELL_ROW_44_321,VPWR,li1,18.6300,132.9730,1.799948
TAP_TAPCELL_ROW_43_320,VPWR,li1,134.5500,128.1460,1.799917
TAP_TAPCELL_ROW_43_319,VPWR,li1,108.7900,128.1460,1.799918
TAP_TAPCELL_ROW_43_318,VPWR,li1,83.0300,128.1460,1.799925
TAP_TAPCELL_ROW_43_317,VPWR,li1,57.2700,128.1460,1.799938
TAP_TAPCELL_ROW_43_316,VPWR,li1,31.5100,128.1460,1.799966
TAP_TAPCELL_ROW_42_315,VPWR,li1,121.6700,127.5330,1.799917
TAP_TAPCELL_ROW_42_314,VPWR,li1,95.9100,127.5330,1.799920
TAP_TAPCELL_ROW_42_313,VPWR,li1,70.1500,127.5330,1.799930
TAP_TAPCELL_ROW_42_312,VPWR,li1,44.3900,127.5330,1.799951
TAP_TAPCELL_ROW_42_311,VPWR,li1,18.6300,127.5330,1.799980
TAP_TAPCELL_ROW_41_310,VPWR,li1,134.5500,122.7060,1.799847
TAP_TAPCELL_ROW_41_309,VPWR,li1,108.7900,122.7060,1.799859
TAP_TAPCELL_ROW_41_308,VPWR,li1,83.0300,122.7060,1.799881
TAP_TAPCELL_ROW_41_307,VPWR,li1,57.2700,122.7060,1.799918
TAP_TAPCELL_ROW_41_306,VPWR,li1,31.5100,122.7060,1.799960
TAP_TAPCELL_ROW_40_305,VPWR,li1,121.6700,122.0930,1.799852
TAP_TAPCELL_ROW_40_304,VPWR,li1,95.9100,122.0930,1.799866
TAP_TAPCELL_ROW_40_303,VPWR,li1,70.1500,122.0930,1.799898
TAP_TAPCELL_ROW_40_302,VPWR,li1,44.3900,122.0930,1.799939
TAP_TAPCELL_ROW_40_301,VPWR,li1,18.6300,122.0930,1.799975
TAP_TAPCELL_ROW_39_300,VPWR,li1,134.5500,117.2660,1.799472
TAP_TAPCELL_ROW_39_299,VPWR,li1,108.7900,117.2660,1.799506
TAP_TAPCELL_ROW_39_298,VPWR,li1,83.0300,117.2660,1.799575
TAP_TAPCELL_ROW_39_297,VPWR,li1,57.2700,117.2660,1.799704
TAP_TAPCELL_ROW_39_296,VPWR,li1,31.5100,117.2660,1.799871
TAP_TAPCELL_ROW_38_295,VPWR,li1,121.6700,116.6530,1.799484
TAP_TAPCELL_ROW_38_294,VPWR,li1,95.9100,116.6530,1.799533
TAP_TAPCELL_ROW_38_293,VPWR,li1,70.1500,116.6530,1.799630
TAP_TAPCELL_ROW_38_292,VPWR,li1,44.3900,116.6530,1.799785
TAP_TAPCELL_ROW_38_291,VPWR,li1,18.6300,116.6530,1.799928
TAP_TAPCELL_ROW_37_290,VPWR,li1,134.5500,111.8260,1.799930
TAP_TAPCELL_ROW_37_289,VPWR,li1,108.7900,111.8260,1.799930
TAP_TAPCELL_ROW_37_288,VPWR,li1,83.0300,111.8260,1.799937
TAP_TAPCELL_ROW_37_287,VPWR,li1,57.2700,111.8260,1.799951
TAP_TAPCELL_ROW_37_286,VPWR,li1,31.5100,111.8260,1.799975
TAP_TAPCELL_ROW_36_285,VPWR,li1,121.6700,111.2130,1.799930
TAP_TAPCELL_ROW_36_284,VPWR,li1,95.9100,111.2130,1.799933
TAP_TAPCELL_ROW_36_283,VPWR,li1,70.1500,111.2130,1.799943
TAP_TAPCELL_ROW_36_282,VPWR,li1,44.3900,111.2130,1.799964
TAP_TAPCELL_ROW_36_281,VPWR,li1,18.6300,111.2130,1.799985
TAP_TAPCELL_ROW_35_280,VPWR,li1,134.5500,106.3860,1.799322
TAP_TAPCELL_ROW_35_279,VPWR,li1,108.7900,106.3860,1.799343
TAP_TAPCELL_ROW_35_278,VPWR,li1,83.0300,106.3860,1.799443
TAP_TAPCELL_ROW_35_277,VPWR,li1,57.2700,106.3860,1.799631
TAP_TAPCELL_ROW_35_276,VPWR,li1,31.5100,106.3860,1.799829
TAP_TAPCELL_ROW_34_275,VPWR,li1,121.6700,105.7730,1.799330
TAP_TAPCELL_ROW_34_274,VPWR,li1,95.9100,105.7730,1.799361
TAP_TAPCELL_ROW_34_273,VPWR,li1,70.1500,105.7730,1.799530
TAP_TAPCELL_ROW_34_272,VPWR,li1,44.3900,105.7730,1.799732
TAP_TAPCELL_ROW_34_271,VPWR,li1,18.6300,105.7730,1.799910
TAP_TAPCELL_ROW_33_270,VPWR,li1,134.5500,100.9460,1.799117
TAP_TAPCELL_ROW_33_269,VPWR,li1,108.7900,100.9460,1.799174
TAP_TAPCELL_ROW_33_268,VPWR,li1,83.0300,100.9460,1.799368
TAP_TAPCELL_ROW_33_267,VPWR,li1,57.2700,100.9460,1.799591
TAP_TAPCELL_ROW_33_266,VPWR,li1,31.5100,100.9460,1.799825
TAP_TAPCELL_ROW_32_265,VPWR,li1,121.6700,100.3330,1.799126
TAP_TAPCELL_ROW_32_264,VPWR,li1,95.9100,100.3330,1.799272
TAP_TAPCELL_ROW_32_263,VPWR,li1,70.1500,100.3330,1.799469
TAP_TAPCELL_ROW_32_262,VPWR,li1,44.3900,100.3330,1.799706
TAP_TAPCELL_ROW_32_261,VPWR,li1,18.6300,100.3330,1.799904
TAP_TAPCELL_ROW_31_260,VPWR,li1,134.5500,95.5060,1.799795
TAP_TAPCELL_ROW_31_259,VPWR,li1,108.7900,95.5060,1.799804
TAP_TAPCELL_ROW_31_258,VPWR,li1,83.0300,95.5060,1.799824
TAP_TAPCELL_ROW_31_257,VPWR,li1,57.2700,95.5060,1.799875
TAP_TAPCELL_ROW_31_256,VPWR,li1,31.5100,95.5060,1.799940
TAP_TAPCELL_ROW_30_255,VPWR,li1,121.6700,94.8930,1.799799
TAP_TAPCELL_ROW_30_254,VPWR,li1,95.9100,94.8930,1.799811
TAP_TAPCELL_ROW_30_253,VPWR,li1,70.1500,94.8930,1.799845
TAP_TAPCELL_ROW_30_252,VPWR,li1,44.3900,94.8930,1.799909
TAP_TAPCELL_ROW_30_251,VPWR,li1,18.6300,94.8930,1.799965
TAP_TAPCELL_ROW_29_250,VPWR,li1,134.5500,90.0660,1.799648
TAP_TAPCELL_ROW_29_249,VPWR,li1,108.7900,90.0660,1.799670
TAP_TAPCELL_ROW_29_248,VPWR,li1,83.0300,90.0660,1.799700
TAP_TAPCELL_ROW_29_247,VPWR,li1,57.2700,90.0660,1.799775
TAP_TAPCELL_ROW_29_246,VPWR,li1,31.5100,90.0660,1.799890
TAP_TAPCELL_ROW_28_245,VPWR,li1,121.6700,89.4530,1.799658
TAP_TAPCELL_ROW_28_244,VPWR,li1,95.9100,89.4530,1.799682
TAP_TAPCELL_ROW_28_243,VPWR,li1,70.1500,89.4530,1.799730
TAP_TAPCELL_ROW_28_242,VPWR,li1,44.3900,89.4530,1.799832
TAP_TAPCELL_ROW_28_241,VPWR,li1,18.6300,89.4530,1.799941
TAP_TAPCELL_ROW_27_240,VPWR,li1,134.5500,84.6260,1.799585
TAP_TAPCELL_ROW_27_239,VPWR,li1,108.7900,84.6260,1.799604
TAP_TAPCELL_ROW_27_238,VPWR,li1,83.0300,84.6260,1.799668
TAP_TAPCELL_ROW_27_237,VPWR,li1,57.2700,84.6260,1.799767
TAP_TAPCELL_ROW_27_236,VPWR,li1,31.5100,84.6260,1.799893
TAP_TAPCELL_ROW_26_235,VPWR,li1,121.6700,84.0130,1.799590
TAP_TAPCELL_ROW_26_234,VPWR,li1,95.9100,84.0130,1.799631
TAP_TAPCELL_ROW_26_233,VPWR,li1,70.1500,84.0130,1.799715
TAP_TAPCELL_ROW_26_232,VPWR,li1,44.3900,84.0130,1.799832
TAP_TAPCELL_ROW_26_231,VPWR,li1,18.6300,84.0130,1.799942
TAP_TAPCELL_ROW_25_230,VPWR,li1,134.5500,79.1860,1.799441
TAP_TAPCELL_ROW_25_229,VPWR,li1,108.7900,79.1860,1.799451
TAP_TAPCELL_ROW_25_228,VPWR,li1,83.0300,79.1860,1.799550
TAP_TAPCELL_ROW_25_227,VPWR,li1,57.2700,79.1860,1.799696
TAP_TAPCELL_ROW_25_226,VPWR,li1,31.5100,79.1860,1.799860
TAP_TAPCELL_ROW_24_225,VPWR,li1,121.6700,78.5730,1.799445
TAP_TAPCELL_ROW_24_224,VPWR,li1,95.9100,78.5730,1.799481
TAP_TAPCELL_ROW_24_223,VPWR,li1,70.1500,78.5730,1.799620
TAP_TAPCELL_ROW_24_222,VPWR,li1,44.3900,78.5730,1.799777
TAP_TAPCELL_ROW_24_221,VPWR,li1,18.6300,78.5730,1.799930
TAP_TAPCELL_ROW_23_220,VPWR,li1,134.5500,73.7460,1.799494
TAP_TAPCELL_ROW_23_219,VPWR,li1,108.7900,73.7460,1.799521
TAP_TAPCELL_ROW_23_218,VPWR,li1,83.0300,73.7460,1.799578
TAP_TAPCELL_ROW_23_217,VPWR,li1,57.2700,73.7460,1.799706
TAP_TAPCELL_ROW_23_216,VPWR,li1,31.5100,73.7460,1.799870
TAP_TAPCELL_ROW_22_215,VPWR,li1,121.6700,73.1330,1.799505
TAP_TAPCELL_ROW_22_214,VPWR,li1,95.9100,73.1330,1.799549
TAP_TAPCELL_ROW_22_213,VPWR,li1,70.1500,73.1330,1.799635
TAP_TAPCELL_ROW_22_212,VPWR,li1,44.3900,73.1330,1.799785
TAP_TAPCELL_ROW_22_211,VPWR,li1,18.6300,73.1330,1.799933
TAP_TAPCELL_ROW_21_210,VPWR,li1,134.5500,68.3060,1.799721
TAP_TAPCELL_ROW_21_209,VPWR,li1,108.7900,68.3060,1.799738
TAP_TAPCELL_ROW_21_208,VPWR,li1,83.0300,68.3060,1.799785
TAP_TAPCELL_ROW_21_207,VPWR,li1,57.2700,68.3060,1.799848
TAP_TAPCELL_ROW_21_206,VPWR,li1,31.5100,68.3060,1.799928
TAP_TAPCELL_ROW_20_205,VPWR,li1,121.6700,67.6930,1.799726
TAP_TAPCELL_ROW_20_204,VPWR,li1,95.9100,67.6930,1.799761
TAP_TAPCELL_ROW_20_203,VPWR,li1,70.1500,67.6930,1.799812
TAP_TAPCELL_ROW_20_202,VPWR,li1,44.3900,67.6930,1.799887
TAP_TAPCELL_ROW_20_201,VPWR,li1,18.6300,67.6930,1.799961
TAP_TAPCELL_ROW_19_200,VPWR,li1,134.5500,62.8660,1.799720
TAP_TAPCELL_ROW_19_199,VPWR,li1,108.7900,62.8660,1.799738
TAP_TAPCELL_ROW_19_198,VPWR,li1,83.0300,62.8660,1.799771
TAP_TAPCELL_ROW_19_197,VPWR,li1,57.2700,62.8660,1.799840
TAP_TAPCELL_ROW_19_196,VPWR,li1,31.5100,62.8660,1.799933
TAP_TAPCELL_ROW_18_195,VPWR,li1,121.6700,62.2530,1.799728
TAP_TAPCELL_ROW_18_194,VPWR,li1,95.9100,62.2530,1.799751
TAP_TAPCELL_ROW_18_193,VPWR,li1,70.1500,62.2530,1.799803
TAP_TAPCELL_ROW_18_192,VPWR,li1,44.3900,62.2530,1.799882
TAP_TAPCELL_ROW_18_191,VPWR,li1,18.6300,62.2530,1.799961
TAP_TAPCELL_ROW_17_190,VPWR,li1,134.5500,57.4260,1.799706
TAP_TAPCELL_ROW_17_189,VPWR,li1,108.7900,57.4260,1.799712
TAP_TAPCELL_ROW_17_188,VPWR,li1,83.0300,57.4260,1.799740
TAP_TAPCELL_ROW_17_187,VPWR,li1,57.2700,57.4260,1.799811
TAP_TAPCELL_ROW_17_186,VPWR,li1,31.5100,57.4260,1.799909
TAP_TAPCELL_ROW_16_185,VPWR,li1,121.6700,56.8130,1.799708
TAP_TAPCELL_ROW_16_184,VPWR,li1,95.9100,56.8130,1.799725
TAP_TAPCELL_ROW_16_183,VPWR,li1,70.1500,56.8130,1.799767
TAP_TAPCELL_ROW_16_182,VPWR,li1,44.3900,56.8130,1.799855
TAP_TAPCELL_ROW_16_181,VPWR,li1,18.6300,56.8130,1.799955
TAP_TAPCELL_ROW_15_180,VPWR,li1,134.5500,51.9860,1.799605
TAP_TAPCELL_ROW_15_179,VPWR,li1,108.7900,51.9860,1.799630
TAP_TAPCELL_ROW_15_178,VPWR,li1,83.0300,51.9860,1.799684
TAP_TAPCELL_ROW_15_177,VPWR,li1,57.2700,51.9860,1.799786
TAP_TAPCELL_ROW_15_176,VPWR,li1,31.5100,51.9860,1.799897
TAP_TAPCELL_ROW_14_175,VPWR,li1,121.6700,51.3730,1.799616
TAP_TAPCELL_ROW_14_174,VPWR,li1,95.9100,51.3730,1.799655
TAP_TAPCELL_ROW_14_173,VPWR,li1,70.1500,51.3730,1.799729
TAP_TAPCELL_ROW_14_172,VPWR,li1,44.3900,51.3730,1.799845
TAP_TAPCELL_ROW_14_171,VPWR,li1,18.6300,51.3730,1.799949
TAP_TAPCELL_ROW_13_170,VPWR,li1,134.5500,46.5460,1.799773
TAP_TAPCELL_ROW_13_169,VPWR,li1,108.7900,46.5460,1.799794
TAP_TAPCELL_ROW_13_168,VPWR,li1,83.0300,46.5460,1.799828
TAP_TAPCELL_ROW_13_167,VPWR,li1,57.2700,46.5460,1.799871
TAP_TAPCELL_ROW_13_166,VPWR,li1,31.5100,46.5460,1.799938
TAP_TAPCELL_ROW_12_165,VPWR,li1,121.6700,45.9330,1.799780
TAP_TAPCELL_ROW_12_164,VPWR,li1,95.9100,45.9330,1.799809
TAP_TAPCELL_ROW_12_163,VPWR,li1,70.1500,45.9330,1.799845
TAP_TAPCELL_ROW_12_162,VPWR,li1,44.3900,45.9330,1.799903
TAP_TAPCELL_ROW_12_161,VPWR,li1,18.6300,45.9330,1.799967
TAP_TAPCELL_ROW_11_160,VPWR,li1,134.5500,41.1060,1.799854
TAP_TAPCELL_ROW_11_159,VPWR,li1,108.7900,41.1060,1.799856
TAP_TAPCELL_ROW_11_158,VPWR,li1,83.0300,41.1060,1.799861
TAP_TAPCELL_ROW_11_157,VPWR,li1,57.2700,41.1060,1.799892
TAP_TAPCELL_ROW_11_156,VPWR,li1,31.5100,41.1060,1.799945
TAP_TAPCELL_ROW_10_155,VPWR,li1,121.6700,40.4930,1.799854
TAP_TAPCELL_ROW_10_154,VPWR,li1,95.9100,40.4930,1.799858
TAP_TAPCELL_ROW_10_153,VPWR,li1,70.1500,40.4930,1.799870
TAP_TAPCELL_ROW_10_152,VPWR,li1,44.3900,40.4930,1.799916
TAP_TAPCELL_ROW_10_151,VPWR,li1,18.6300,40.4930,1.799973
TAP_TAPCELL_ROW_9_150,VPWR,li1,134.5500,35.6660,1.799717
TAP_TAPCELL_ROW_9_149,VPWR,li1,108.7900,35.6660,1.799739
TAP_TAPCELL_ROW_9_148,VPWR,li1,83.0300,35.6660,1.799772
TAP_TAPCELL_ROW_9_147,VPWR,li1,57.2700,35.6660,1.799825
TAP_TAPCELL_ROW_9_146,VPWR,li1,31.5100,35.6660,1.799914
TAP_TAPCELL_ROW_8_145,VPWR,li1,121.6700,35.0530,1.799726
TAP_TAPCELL_ROW_8_144,VPWR,li1,95.9100,35.0530,1.799753
TAP_TAPCELL_ROW_8_143,VPWR,li1,70.1500,35.0530,1.799789
TAP_TAPCELL_ROW_8_142,VPWR,li1,44.3900,35.0530,1.799864
TAP_TAPCELL_ROW_8_141,VPWR,li1,18.6300,35.0530,1.799955
TAP_TAPCELL_ROW_7_140,VPWR,li1,134.5500,30.2260,1.799598
TAP_TAPCELL_ROW_7_139,VPWR,li1,108.7900,30.2260,1.799625
TAP_TAPCELL_ROW_7_138,VPWR,li1,83.0300,30.2260,1.799670
TAP_TAPCELL_ROW_7_137,VPWR,li1,57.2700,30.2260,1.799757
TAP_TAPCELL_ROW_7_136,VPWR,li1,31.5100,30.2260,1.799881
TAP_TAPCELL_ROW_6_135,VPWR,li1,121.6700,29.6130,1.799608
TAP_TAPCELL_ROW_6_134,VPWR,li1,95.9100,29.6130,1.799646
TAP_TAPCELL_ROW_6_133,VPWR,li1,70.1500,29.6130,1.799703
TAP_TAPCELL_ROW_6_132,VPWR,li1,44.3900,29.6130,1.799817
TAP_TAPCELL_ROW_6_131,VPWR,li1,18.6300,29.6130,1.799940
TAP_TAPCELL_ROW_5_130,VPWR,li1,134.5500,24.7860,1.799870
TAP_TAPCELL_ROW_5_129,VPWR,li1,108.7900,24.7860,1.799874
TAP_TAPCELL_ROW_5_128,VPWR,li1,83.0300,24.7860,1.799886
TAP_TAPCELL_ROW_5_127,VPWR,li1,57.2700,24.7860,1.799911
TAP_TAPCELL_ROW_5_126,VPWR,li1,31.5100,24.7860,1.799950
TAP_TAPCELL_ROW_4_125,VPWR,li1,121.6700,24.1730,1.799871
TAP_TAPCELL_ROW_4_124,VPWR,li1,95.9100,24.1730,1.799879
TAP_TAPCELL_ROW_4_123,VPWR,li1,70.1500,24.1730,1.799894
TAP_TAPCELL_ROW_4_122,VPWR,li1,44.3900,24.1730,1.799929
TAP_TAPCELL_ROW_4_121,VPWR,li1,18.6300,24.1730,1.799972
TAP_TAPCELL_ROW_3_120,VPWR,li1,134.5500,19.3460,1.799695
TAP_TAPCELL_ROW_3_119,VPWR,li1,108.7900,19.3460,1.799706
TAP_TAPCELL_ROW_3_118,VPWR,li1,83.0300,19.3460,1.799757
TAP_TAPCELL_ROW_3_117,VPWR,li1,57.2700,19.3460,1.799836
TAP_TAPCELL_ROW_3_116,VPWR,li1,31.5100,19.3460,1.799932
TAP_TAPCELL_ROW_2_115,VPWR,li1,121.6700,18.7330,1.799697
TAP_TAPCELL_ROW_2_114,VPWR,li1,95.9100,18.7330,1.799728
TAP_TAPCELL_ROW_2_113,VPWR,li1,70.1500,18.7330,1.799791
TAP_TAPCELL_ROW_2_112,VPWR,li1,44.3900,18.7330,1.799881
TAP_TAPCELL_ROW_2_111,VPWR,li1,18.6300,18.7330,1.799965
TAP_TAPCELL_ROW_1_110,VPWR,li1,134.5500,13.9060,1.799736
TAP_TAPCELL_ROW_1_109,VPWR,li1,108.7900,13.9060,1.799741
TAP_TAPCELL_ROW_1_108,VPWR,li1,83.0300,13.9060,1.799773
TAP_TAPCELL_ROW_1_107,VPWR,li1,57.2700,13.9060,1.799847
TAP_TAPCELL_ROW_1_106,VPWR,li1,31.5100,13.9060,1.799937
TAP_TAPCELL_ROW_0_105,VPWR,li1,134.5500,13.2930,1.799736
TAP_TAPCELL_ROW_0_104,VPWR,li1,121.6700,13.2930,1.799738
TAP_TAPCELL_ROW_0_103,VPWR,li1,108.7900,13.2930,1.799741
TAP_TAPCELL_ROW_0_102,VPWR,li1,95.9100,13.2930,1.799752
TAP_TAPCELL_ROW_0_101,VPWR,li1,83.0300,13.2930,1.799773
TAP_TAPCELL_ROW_0_100,VPWR,li1,70.1500,13.2930,1.799808
TAP_TAPCELL_ROW_0_99,VPWR,li1,57.2700,13.2930,1.799847
TAP_TAPCELL_ROW_0_98,VPWR,li1,44.3900,13.2930,1.799893
TAP_TAPCELL_ROW_0_97,VPWR,li1,31.5100,13.2930,1.799937
TAP_TAPCELL_ROW_0_96,VPWR,li1,18.6300,13.2930,1.799967
PHY_EDGE_ROW_47_Left_95,VPWR,li1,6.2100,138.7200,1.799986
PHY_EDGE_ROW_46_Left_94,VPWR,li1,6.2100,138.7200,1.799986
PHY_EDGE_ROW_45_Left_93,VPWR,li1,6.2100,133.2800,1.799947
PHY_EDGE_ROW_44_Left_92,VPWR,li1,6.2100,133.2800,1.799947
PHY_EDGE_ROW_43_Left_91,VPWR,li1,6.2100,127.8400,1.799978
PHY_EDGE_ROW_42_Left_90,VPWR,li1,6.2100,127.8400,1.799978
PHY_EDGE_ROW_41_Left_89,VPWR,li1,6.2100,122.4000,1.799974
PHY_EDGE_ROW_40_Left_88,VPWR,li1,6.2100,122.4000,1.799974
PHY_EDGE_ROW_39_Left_87,VPWR,li1,6.2100,116.9600,1.799927
PHY_EDGE_ROW_38_Left_86,VPWR,li1,6.2100,116.9600,1.799927
PHY_EDGE_ROW_37_Left_85,VPWR,li1,6.2100,111.5200,1.799983
PHY_EDGE_ROW_36_Left_84,VPWR,li1,6.2100,111.5200,1.799983
PHY_EDGE_ROW_35_Left_83,VPWR,li1,6.2100,106.0800,1.799908
PHY_EDGE_ROW_34_Left_82,VPWR,li1,6.2100,106.0800,1.799908
PHY_EDGE_ROW_33_Left_81,VPWR,li1,6.2100,100.6400,1.799903
PHY_EDGE_ROW_32_Left_80,VPWR,li1,6.2100,100.6400,1.799903
PHY_EDGE_ROW_31_Left_79,VPWR,li1,6.2100,95.2000,1.799964
PHY_EDGE_ROW_30_Left_78,VPWR,li1,6.2100,95.2000,1.799964
PHY_EDGE_ROW_29_Left_77,VPWR,li1,6.2100,89.7600,1.799938
PHY_EDGE_ROW_28_Left_76,VPWR,li1,6.2100,89.7600,1.799938
PHY_EDGE_ROW_27_Left_75,VPWR,li1,6.2100,84.3200,1.799940
PHY_EDGE_ROW_26_Left_74,VPWR,li1,6.2100,84.3200,1.799940
PHY_EDGE_ROW_25_Left_73,VPWR,li1,6.2100,78.8800,1.799929
PHY_EDGE_ROW_24_Left_72,VPWR,li1,6.2100,78.8800,1.799929
PHY_EDGE_ROW_23_Left_71,VPWR,li1,6.2100,73.4400,1.799933
PHY_EDGE_ROW_22_Left_70,VPWR,li1,6.2100,73.4400,1.799933
PHY_EDGE_ROW_21_Left_69,VPWR,li1,6.2100,68.0000,1.799959
PHY_EDGE_ROW_20_Left_68,VPWR,li1,6.2100,68.0000,1.799959
PHY_EDGE_ROW_19_Left_67,VPWR,li1,6.2100,62.5600,1.799960
PHY_EDGE_ROW_18_Left_66,VPWR,li1,6.2100,62.5600,1.799960
PHY_EDGE_ROW_17_Left_65,VPWR,li1,6.2100,57.1200,1.799955
PHY_EDGE_ROW_16_Left_64,VPWR,li1,6.2100,57.1200,1.799955
PHY_EDGE_ROW_15_Left_63,VPWR,li1,6.2100,51.6800,1.799949
PHY_EDGE_ROW_14_Left_62,VPWR,li1,6.2100,51.6800,1.799949
PHY_EDGE_ROW_13_Left_61,VPWR,li1,6.2100,46.2400,1.799966
PHY_EDGE_ROW_12_Left_60,VPWR,li1,6.2100,46.2400,1.799966
PHY_EDGE_ROW_11_Left_59,VPWR,li1,6.2100,40.8000,1.799972
PHY_EDGE_ROW_10_Left_58,VPWR,li1,6.2100,40.8000,1.799972
PHY_EDGE_ROW_9_Left_57,VPWR,li1,6.2100,35.3600,1.799953
PHY_EDGE_ROW_8_Left_56,VPWR,li1,6.2100,35.3600,1.799953
PHY_EDGE_ROW_7_Left_55,VPWR,li1,6.2100,29.9200,1.799940
PHY_EDGE_ROW_6_Left_54,VPWR,li1,6.2100,29.9200,1.799940
PHY_EDGE_ROW_5_Left_53,VPWR,li1,6.2100,24.4800,1.799972
PHY_EDGE_ROW_4_Left_52,VPWR,li1,6.2100,24.4800,1.799972
PHY_EDGE_ROW_3_Left_51,VPWR,li1,6.2100,19.0400,1.799965
PHY_EDGE_ROW_2_Left_50,VPWR,li1,6.2100,19.0400,1.799965
PHY_EDGE_ROW_1_Left_49,VPWR,li1,6.2100,13.6000,1.799967
PHY_EDGE_ROW_0_Left_48,VPWR,li1,6.2100,13.6000,1.799967
PHY_EDGE_ROW_47_Right_47,VPWR,li1,136.8500,138.7200,1.799903
PHY_EDGE_ROW_46_Right_46,VPWR,li1,136.8500,138.7200,1.799903
PHY_EDGE_ROW_45_Right_45,VPWR,li1,136.8500,133.2800,1.799649
PHY_EDGE_ROW_44_Right_44,VPWR,li1,136.8500,133.2800,1.799649
PHY_EDGE_ROW_43_Right_43,VPWR,li1,136.8500,127.8400,1.799917
PHY_EDGE_ROW_42_Right_42,VPWR,li1,136.8500,127.8400,1.799917
PHY_EDGE_ROW_41_Right_41,VPWR,li1,136.8500,122.4000,1.799847
PHY_EDGE_ROW_40_Right_40,VPWR,li1,136.8500,122.4000,1.799847
PHY_EDGE_ROW_39_Right_39,VPWR,li1,136.8500,116.9600,1.799472
PHY_EDGE_ROW_38_Right_38,VPWR,li1,136.8500,116.9600,1.799472
PHY_EDGE_ROW_37_Right_37,VPWR,li1,136.8500,111.5200,1.799930
PHY_EDGE_ROW_36_Right_36,VPWR,li1,136.8500,111.5200,1.799930
PHY_EDGE_ROW_35_Right_35,VPWR,li1,136.8500,106.0800,1.799322
PHY_EDGE_ROW_34_Right_34,VPWR,li1,136.8500,106.0800,1.799322
PHY_EDGE_ROW_33_Right_33,VPWR,li1,136.8500,100.6400,1.799117
PHY_EDGE_ROW_32_Right_32,VPWR,li1,136.8500,100.6400,1.799117
PHY_EDGE_ROW_31_Right_31,VPWR,li1,136.8500,95.2000,1.799795
PHY_EDGE_ROW_30_Right_30,VPWR,li1,136.8500,95.2000,1.799795
PHY_EDGE_ROW_29_Right_29,VPWR,li1,136.8500,89.7600,1.799648
PHY_EDGE_ROW_28_Right_28,VPWR,li1,136.8500,89.7600,1.799648
PHY_EDGE_ROW_27_Right_27,VPWR,li1,136.8500,84.3200,1.799585
PHY_EDGE_ROW_26_Right_26,VPWR,li1,136.8500,84.3200,1.799585
PHY_EDGE_ROW_25_Right_25,VPWR,li1,136.8500,78.8800,1.799440
PHY_EDGE_ROW_24_Right_24,VPWR,li1,136.8500,78.8800,1.799440
PHY_EDGE_ROW_23_Right_23,VPWR,li1,136.8500,73.4400,1.799494
PHY_EDGE_ROW_22_Right_22,VPWR,li1,136.8500,73.4400,1.799494
PHY_EDGE_ROW_21_Right_21,VPWR,li1,136.8500,68.0000,1.799721
PHY_EDGE_ROW_20_Right_20,VPWR,li1,136.8500,68.0000,1.799721
PHY_EDGE_ROW_19_Right_19,VPWR,li1,136.8500,62.5600,1.799720
PHY_EDGE_ROW_18_Right_18,VPWR,li1,136.8500,62.5600,1.799720
PHY_EDGE_ROW_17_Right_17,VPWR,li1,136.8500,57.1200,1.799706
PHY_EDGE_ROW_16_Right_16,VPWR,li1,136.8500,57.1200,1.799706
PHY_EDGE_ROW_15_Right_15,VPWR,li1,136.8500,51.6800,1.799604
PHY_EDGE_ROW_14_Right_14,VPWR,li1,136.8500,51.6800,1.799604
PHY_EDGE_ROW_13_Right_13,VPWR,li1,136.8500,46.2400,1.799773
PHY_EDGE_ROW_12_Right_12,VPWR,li1,136.8500,46.2400,1.799773
PHY_EDGE_ROW_11_Right_11,VPWR,li1,136.8500,40.8000,1.799854
PHY_EDGE_ROW_10_Right_10,VPWR,li1,136.8500,40.8000,1.799854
PHY_EDGE_ROW_9_Right_9,VPWR,li1,136.8500,35.3600,1.799717
PHY_EDGE_ROW_8_Right_8,VPWR,li1,136.8500,35.3600,1.799717
PHY_EDGE_ROW_7_Right_7,VPWR,li1,136.8500,29.9200,1.799598
PHY_EDGE_ROW_6_Right_6,VPWR,li1,136.8500,29.9200,1.799598
PHY_EDGE_ROW_5_Right_5,VPWR,li1,136.8500,24.4800,1.799870
PHY_EDGE_ROW_4_Right_4,VPWR,li1,136.8500,24.4800,1.799870
PHY_EDGE_ROW_3_Right_3,VPWR,li1,136.8500,19.0400,1.799695
PHY_EDGE_ROW_2_Right_2,VPWR,li1,136.8500,19.0400,1.799695
PHY_EDGE_ROW_1_Right_1,VPWR,li1,136.8500,13.6000,1.799736
PHY_EDGE_ROW_0_Right_0,VPWR,li1,136.8500,13.6000,1.799736
_1322_,VPWR,li1,80.2700,13.6000,1.799780
_1321_,VPWR,li1,86.9400,13.6000,1.799765
_1320_,VPWR,li1,84.1800,19.0400,1.799750
_1319_,VPWR,li1,74.0600,19.0400,1.799783
_1318_,VPWR,li1,69.4600,13.6000,1.799808
_1317_,VPWR,li1,69.4600,24.4800,1.799896
_1316_,VPWR,li1,74.0600,29.9200,1.799692
_1315_,VPWR,li1,75.9000,40.8000,1.799864
_1314_,VPWR,li1,82.8000,51.6800,1.799684
_1313_,VPWR,li1,87.8600,62.5600,1.799760
_1312_,VPWR,li1,86.4800,73.4400,1.799569
_1311_,VPWR,li1,87.8600,84.3200,1.799648
_1310_,VPWR,li1,89.2400,95.2000,1.799814
_1309_,VPWR,li1,92.0000,100.6400,1.799291
_1308_,VPWR,li1,99.8200,116.9600,1.799522
_1307_,VPWR,li1,94.7600,122.4000,1.799866
_1306_,VPWR,li1,94.7600,133.2800,1.799675
_1305_,VPWR,li1,77.2800,133.2800,1.799713
_1304_,VPWR,li1,64.8600,133.2800,1.799750
_1303_,VPWR,li1,70.8400,116.9600,1.799630
_1302_,VPWR,li1,74.0600,116.9600,1.799609
_1301_,VPWR,li1,130.6400,116.9600,1.799472
_1300_,VPWR,li1,131.5600,116.9600,1.799472
_1299_,VPWR,li1,130.6400,100.6400,1.799118
_1298_,VPWR,li1,121.9000,100.6400,1.799126
_1297_,VPWR,li1,113.1600,84.3200,1.799596
_1296_,VPWR,li1,131.5600,89.7600,1.799648
_1295_,VPWR,li1,130.6400,73.4400,1.799495
_1294_,VPWR,li1,130.6400,62.5600,1.799720
_1293_,VPWR,li1,114.0800,19.0400,1.799700
_1292_,VPWR,li1,131.5600,19.0400,1.799695
_1291_,VPWR,li1,131.5600,29.9200,1.799598
_1290_,VPWR,li1,131.5600,35.3600,1.799718
_1289_,VPWR,li1,130.6400,46.2400,1.799773
_1288_,VPWR,li1,130.6400,51.6800,1.799606
_1287_,VPWR,li1,112.7000,57.1200,1.799709
_1286_,VPWR,li1,98.4400,51.6800,1.799648
_1285_,VPWR,li1,102.1200,13.6000,1.799745
_1284_,VPWR,li1,99.8200,19.0400,1.799717
_1283_,VPWR,li1,85.1000,29.9200,1.799663
_1282_,VPWR,li1,90.1600,51.6800,1.799663
_1281_,VPWR,li1,111.7800,68.0000,1.799734
_1280_,VPWR,li1,112.7000,73.4400,1.799513
_1279_,VPWR,li1,104.8800,84.3200,1.799610
_1278_,VPWR,li1,112.7000,95.2000,1.799802
_1277_,VPWR,li1,112.7000,100.6400,1.799139
_1276_,VPWR,li1,111.7800,116.9600,1.799500
_1275_,VPWR,li1,107.1800,133.2800,1.799657
_1274_,VPWR,li1,117.3000,133.2800,1.799649
_1273_,VPWR,li1,86.9400,133.2800,1.799689
_1272_,VPWR,li1,69.4600,133.2800,1.799734
_1271_,VPWR,li1,92.0000,116.9600,1.799542
_1270_,VPWR,li1,82.8000,116.9600,1.799575
_1269_,VPWR,li1,91.7700,19.0400,1.799737
_1268_,VPWR,li1,85.3300,19.0400,1.799750
_1267_,VPWR,li1,79.1200,19.0400,1.799764
_1266_,VPWR,li1,89.2400,19.0400,1.799742
_1265_,VPWR,li1,68.7700,19.0400,1.799801
_1264_,VPWR,li1,72.4500,19.0400,1.799783
_1263_,VPWR,li1,64.6300,19.0400,1.799810
_1262_,VPWR,li1,67.8500,19.0400,1.799801
_1261_,VPWR,li1,63.9400,24.4800,1.799901
_1260_,VPWR,li1,64.1700,29.9200,1.799725
_1259_,VPWR,li1,33.3500,24.4800,1.799946
_1258_,VPWR,li1,21.3900,24.4800,1.799972
_1257_,VPWR,li1,15.8700,29.9200,1.799940
_1256_,VPWR,li1,16.1000,35.3600,1.799954
_1255_,VPWR,li1,20.7000,29.9200,1.799941
_1254_,VPWR,li1,32.4300,24.4800,1.799946
_1253_,VPWR,li1,68.0800,29.9200,1.799710
_1252_,VPWR,li1,69.4600,29.9200,1.799710
_1251_,VPWR,li1,66.4700,29.9200,1.799717
_1250_,VPWR,li1,67.1600,35.3600,1.799798
_1249_,VPWR,li1,65.5500,35.3600,1.799798
_1248_,VPWR,li1,59.1100,29.9200,1.799744
_1247_,VPWR,li1,54.0500,29.9200,1.799766
_1246_,VPWR,li1,56.1200,29.9200,1.799757
_1245_,VPWR,li1,34.7300,24.4800,1.799942
_1244_,VPWR,li1,30.1300,24.4800,1.799954
_1243_,VPWR,li1,15.6400,40.8000,1.799972
_1242_,VPWR,li1,30.5900,24.4800,1.799950
_1241_,VPWR,li1,27.3700,24.4800,1.799960
_1240_,VPWR,li1,28.9800,29.9200,1.799895
_1239_,VPWR,li1,20.4700,29.9200,1.799941
_1238_,VPWR,li1,13.5700,35.3600,1.799953
_1237_,VPWR,li1,10.8100,35.3600,1.799953
_1236_,VPWR,li1,13.5700,35.3600,1.799953
_1235_,VPWR,li1,12.1900,35.3600,1.799953
_1234_,VPWR,li1,9.6600,46.2400,1.799966
_1233_,VPWR,li1,72.9100,35.3600,1.799785
_1232_,VPWR,li1,71.0700,40.8000,1.799870
_1231_,VPWR,li1,71.3000,40.8000,1.799870
_1230_,VPWR,li1,68.0800,35.3600,1.799793
_1229_,VPWR,li1,59.3400,35.3600,1.799818
_1228_,VPWR,li1,61.1800,35.3600,1.799809
_1227_,VPWR,li1,52.6700,35.3600,1.799837
_1226_,VPWR,li1,51.9800,29.9200,1.799778
_1225_,VPWR,li1,33.5800,40.8000,1.799940
_1224_,VPWR,li1,54.5100,29.9200,1.799766
_1223_,VPWR,li1,47.1500,29.9200,1.799807
_1222_,VPWR,li1,49.2200,29.9200,1.799790
_1221_,VPWR,li1,26.9100,29.9200,1.799905
_1220_,VPWR,li1,23.2300,29.9200,1.799931
_1219_,VPWR,li1,25.0700,29.9200,1.799915
_1218_,VPWR,li1,16.3300,35.3600,1.799954
_1217_,VPWR,li1,12.6500,40.8000,1.799972
_1216_,VPWR,li1,14.7200,46.2400,1.799967
_1215_,VPWR,li1,12.6500,46.2400,1.799966
_1214_,VPWR,li1,11.7300,46.2400,1.799966
_1213_,VPWR,li1,11.7300,51.6800,1.799949
_1212_,VPWR,li1,13.8000,46.2400,1.799967
_1211_,VPWR,li1,14.0300,51.6800,1.799949
_1210_,VPWR,li1,16.7900,51.6800,1.799949
_1209_,VPWR,li1,22.3100,29.9200,1.799931
_1208_,VPWR,li1,25.0700,35.3600,1.799937
_1207_,VPWR,li1,26.4500,35.3600,1.799937
_1206_,VPWR,li1,27.8300,35.3600,1.799926
_1205_,VPWR,li1,77.2800,51.6800,1.799702
_1204_,VPWR,li1,81.6500,46.2400,1.799828
_1203_,VPWR,li1,74.7500,51.6800,1.799709
_1202_,VPWR,li1,76.5900,51.6800,1.799702
_1201_,VPWR,li1,74.7500,57.1200,1.799750
_1200_,VPWR,li1,74.9800,57.1200,1.799750
_1199_,VPWR,li1,67.3900,51.6800,1.799736
_1198_,VPWR,li1,66.4700,46.2400,1.799851
_1197_,VPWR,li1,64.8600,51.6800,1.799747
_1196_,VPWR,li1,59.1100,46.2400,1.799864
_1195_,VPWR,li1,58.6500,40.8000,1.799888
_1194_,VPWR,li1,60.4900,40.8000,1.799885
_1193_,VPWR,li1,54.0500,40.8000,1.799896
_1192_,VPWR,li1,56.1200,40.8000,1.799892
_1191_,VPWR,li1,48.0700,35.3600,1.799850
_1190_,VPWR,li1,47.6100,35.3600,1.799850
_1189_,VPWR,li1,45.7700,35.3600,1.799857
_1188_,VPWR,li1,35.1900,40.8000,1.799940
_1187_,VPWR,li1,29.6700,40.8000,1.799950
_1186_,VPWR,li1,27.3700,40.8000,1.799956
_1185_,VPWR,li1,13.8000,51.6800,1.799949
_1184_,VPWR,li1,27.1400,51.6800,1.799918
_1183_,VPWR,li1,30.5900,46.2400,1.799938
_1182_,VPWR,li1,41.6300,35.3600,1.799872
_1181_,VPWR,li1,43.0100,29.9200,1.799829
_1180_,VPWR,li1,44.6200,40.8000,1.799916
_1179_,VPWR,li1,35.6500,35.3600,1.799895
_1178_,VPWR,li1,24.1500,46.2400,1.799961
_1177_,VPWR,li1,22.7700,46.2400,1.799961
_1176_,VPWR,li1,40.9400,51.6800,1.799854
_1175_,VPWR,li1,82.1100,62.5600,1.799771
_1174_,VPWR,li1,80.0400,57.1200,1.799742
_1173_,VPWR,li1,78.8900,62.5600,1.799777
_1172_,VPWR,li1,77.7400,57.1200,1.799745
_1171_,VPWR,li1,72.6800,62.5600,1.799796
_1170_,VPWR,li1,75.2100,62.5600,1.799786
_1169_,VPWR,li1,66.4700,57.1200,1.799774
_1168_,VPWR,li1,68.7700,57.1200,1.799767
_1167_,VPWR,li1,60.9500,57.1200,1.799797
_1166_,VPWR,li1,63.0200,57.1200,1.799785
_1165_,VPWR,li1,55.8900,46.2400,1.799871
_1164_,VPWR,li1,52.6700,46.2400,1.799879
_1163_,VPWR,li1,52.2100,46.2400,1.799879
_1162_,VPWR,li1,47.6100,46.2400,1.799891
_1161_,VPWR,li1,49.9100,46.2400,1.799885
_1160_,VPWR,li1,44.1600,46.2400,1.799903
_1159_,VPWR,li1,42.0900,40.8000,1.799921
_1158_,VPWR,li1,28.2900,46.2400,1.799945
_1157_,VPWR,li1,24.6100,46.2400,1.799956
_1156_,VPWR,li1,26.6800,46.2400,1.799950
_1155_,VPWR,li1,20.4700,51.6800,1.799950
_1154_,VPWR,li1,19.0900,57.1200,1.799955
_1153_,VPWR,li1,46.2300,51.6800,1.799830
_1152_,VPWR,li1,38.8700,51.6800,1.799864
_1151_,VPWR,li1,36.8000,51.6800,1.799873
_1150_,VPWR,li1,34.7300,51.6800,1.799882
_1149_,VPWR,li1,30.3600,57.1200,1.799916
_1148_,VPWR,li1,34.0400,57.1200,1.799900
_1147_,VPWR,li1,24.3800,57.1200,1.799945
_1146_,VPWR,li1,50.1400,57.1200,1.799833
_1145_,VPWR,li1,79.5800,73.4400,1.799590
_1144_,VPWR,li1,81.8800,73.4400,1.799584
_1143_,VPWR,li1,91.0800,68.0000,1.799772
_1142_,VPWR,li1,78.4300,73.4400,1.799590
_1141_,VPWR,li1,78.4300,89.7600,1.799705
_1140_,VPWR,li1,75.4400,84.3200,1.799696
_1139_,VPWR,li1,74.7500,73.4400,1.799607
_1138_,VPWR,li1,77.5100,73.4400,1.799598
_1137_,VPWR,li1,71.0700,84.3200,1.799707
_1136_,VPWR,li1,72.4500,73.4400,1.799625
_1135_,VPWR,li1,70.6100,68.0000,1.799812
_1134_,VPWR,li1,72.6800,68.0000,1.799808
_1133_,VPWR,li1,67.8500,68.0000,1.799816
_1132_,VPWR,li1,68.7700,62.5600,1.799808
_1131_,VPWR,li1,64.1700,73.4400,1.799662
_1130_,VPWR,li1,61.4100,62.5600,1.799825
_1129_,VPWR,li1,60.4900,57.1200,1.799797
_1128_,VPWR,li1,58.6500,57.1200,1.799804
_1127_,VPWR,li1,54.7400,62.5600,1.799847
_1126_,VPWR,li1,52.4400,62.5600,1.799854
_1125_,VPWR,li1,44.3900,57.1200,1.799855
_1124_,VPWR,li1,24.6100,68.0000,1.799950
_1123_,VPWR,li1,27.3700,57.1200,1.799929
_1122_,VPWR,li1,29.6700,57.1200,1.799916
_1121_,VPWR,li1,22.0800,57.1200,1.799955
_1120_,VPWR,li1,24.1500,57.1200,1.799945
_1119_,VPWR,li1,16.7900,57.1200,1.799955
_1118_,VPWR,li1,23.0000,62.5600,1.799962
_1117_,VPWR,li1,53.1300,57.1200,1.799822
_1116_,VPWR,li1,46.6900,62.5600,1.799874
_1115_,VPWR,li1,49.6800,62.5600,1.799863
_1114_,VPWR,li1,42.0900,62.5600,1.799890
_1113_,VPWR,li1,38.1800,57.1200,1.799881
_1112_,VPWR,li1,39.1000,62.5600,1.799900
_1111_,VPWR,li1,9.6600,62.5600,1.799960
_1110_,VPWR,li1,85.3300,84.3200,1.799656
_1109_,VPWR,li1,80.5000,84.3200,1.799677
_1108_,VPWR,li1,78.4300,84.3200,1.799684
_1107_,VPWR,li1,79.5800,89.7600,1.799702
_1106_,VPWR,li1,75.4400,89.7600,1.799712
_1105_,VPWR,li1,71.9900,89.7600,1.799723
_1104_,VPWR,li1,71.7600,84.3200,1.799707
_1103_,VPWR,li1,66.9300,78.8800,1.799636
_1102_,VPWR,li1,67.1600,84.3200,1.799726
_1101_,VPWR,li1,63.0200,78.8800,1.799661
_1100_,VPWR,li1,62.3300,78.8800,1.799661
_1099_,VPWR,li1,62.5600,73.4400,1.799673
_1098_,VPWR,li1,64.8600,73.4400,1.799662
_1097_,VPWR,li1,53.8200,73.4400,1.799724
_1096_,VPWR,li1,54.7400,68.0000,1.799854
_1095_,VPWR,li1,46.4600,78.8800,1.799759
_1094_,VPWR,li1,46.4600,68.0000,1.799879
_1093_,VPWR,li1,48.0700,68.0000,1.799879
_1092_,VPWR,li1,25.9900,73.4400,1.799901
_1091_,VPWR,li1,45.3100,46.2400,1.799897
_1090_,VPWR,li1,23.4600,78.8800,1.799909
_1089_,VPWR,li1,23.4600,73.4400,1.799917
_1088_,VPWR,li1,21.1600,73.4400,1.799933
_1087_,VPWR,li1,22.3100,68.0000,1.799962
_1086_,VPWR,li1,12.1900,68.0000,1.799959
_1085_,VPWR,li1,13.3400,62.5600,1.799960
_1084_,VPWR,li1,11.2700,62.5600,1.799960
_1083_,VPWR,li1,16.3300,62.5600,1.799961
_1082_,VPWR,li1,9.8900,68.0000,1.799959
_1081_,VPWR,li1,59.5700,73.4400,1.799689
_1080_,VPWR,li1,62.3300,73.4400,1.799673
_1079_,VPWR,li1,57.2700,73.4400,1.799706
_1078_,VPWR,li1,58.6500,68.0000,1.799842
_1077_,VPWR,li1,48.9900,68.0000,1.799871
_1076_,VPWR,li1,41.8600,68.0000,1.799894
_1075_,VPWR,li1,41.8600,73.4400,1.799798
_1074_,VPWR,li1,37.2600,68.0000,1.799908
_1073_,VPWR,li1,86.4800,95.2000,1.799818
_1072_,VPWR,li1,89.0100,100.6400,1.799314
_1071_,VPWR,li1,79.8100,95.2000,1.799829
_1070_,VPWR,li1,74.9800,100.6400,1.799429
_1069_,VPWR,li1,77.2800,89.7600,1.799705
_1068_,VPWR,li1,72.2200,95.2000,1.799840
_1067_,VPWR,li1,74.7500,95.2000,1.799835
_1066_,VPWR,li1,63.4800,100.6400,1.799526
_1065_,VPWR,li1,69.0000,95.2000,1.799851
_1064_,VPWR,li1,70.6100,89.7600,1.799723
_1063_,VPWR,li1,72.6800,89.7600,1.799717
_1062_,VPWR,li1,66.7000,89.7600,1.799736
_1061_,VPWR,li1,62.5600,89.7600,1.799756
_1060_,VPWR,li1,61.1800,89.7600,1.799756
_1059_,VPWR,li1,58.4200,84.3200,1.799767
_1058_,VPWR,li1,59.1100,89.7600,1.799765
_1057_,VPWR,li1,48.7600,89.7600,1.799809
_1056_,VPWR,li1,49.6800,84.3200,1.799803
_1055_,VPWR,li1,28.0600,89.7600,1.799911
_1054_,VPWR,li1,43.7000,78.8800,1.799777
_1053_,VPWR,li1,43.2400,78.8800,1.799790
_1052_,VPWR,li1,28.5200,78.8800,1.799875
_1051_,VPWR,li1,30.8200,78.8800,1.799860
_1050_,VPWR,li1,17.0200,78.8800,1.799930
_1049_,VPWR,li1,28.2900,73.4400,1.799884
_1048_,VPWR,li1,25.5300,73.4400,1.799901
_1047_,VPWR,li1,26.9100,68.0000,1.799943
_1046_,VPWR,li1,20.2400,78.8800,1.799931
_1045_,VPWR,li1,20.7000,73.4400,1.799933
_1044_,VPWR,li1,37.0300,73.4400,1.799828
_1043_,VPWR,li1,37.2600,73.4400,1.799828
_1042_,VPWR,li1,33.8100,73.4400,1.799850
_1041_,VPWR,li1,31.0500,73.4400,1.799870
_1040_,VPWR,li1,39.3300,73.4400,1.799814
_1039_,VPWR,li1,53.5900,89.7600,1.799787
_1038_,VPWR,li1,55.6600,84.3200,1.799781
_1037_,VPWR,li1,49.4500,84.3200,1.799803
_1036_,VPWR,li1,52.4400,84.3200,1.799789
_1035_,VPWR,li1,45.7700,84.3200,1.799821
_1034_,VPWR,li1,44.6200,84.3200,1.799832
_1033_,VPWR,li1,40.9400,84.3200,1.799848
_1032_,VPWR,li1,12.1900,89.7600,1.799939
_1031_,VPWR,li1,45.3100,89.7600,1.799832
_1030_,VPWR,li1,86.4800,100.6400,1.799334
_1029_,VPWR,li1,91.7700,100.6400,1.799291
_1028_,VPWR,li1,79.3500,106.0800,1.799463
_1027_,VPWR,li1,58.4200,116.9600,1.799693
_1026_,VPWR,li1,76.1300,106.0800,1.799495
_1025_,VPWR,li1,72.4500,100.6400,1.799450
_1024_,VPWR,li1,72.6800,106.0800,1.799515
_1023_,VPWR,li1,72.2200,106.0800,1.799515
_1022_,VPWR,li1,66.2400,100.6400,1.799502
_1021_,VPWR,li1,67.3900,106.0800,1.799545
_1020_,VPWR,li1,59.3400,100.6400,1.799562
_1019_,VPWR,li1,61.6400,106.0800,1.799596
_1018_,VPWR,li1,58.4200,106.0800,1.799610
_1017_,VPWR,li1,59.8000,100.6400,1.799562
_1016_,VPWR,li1,58.4200,95.2000,1.799875
_1015_,VPWR,li1,57.7300,100.6400,1.799591
_1014_,VPWR,li1,28.9800,95.2000,1.799945
_1013_,VPWR,li1,29.9000,95.2000,1.799945
_1012_,VPWR,li1,27.6000,100.6400,1.799848
_1011_,VPWR,li1,27.1400,89.7600,1.799911
_1010_,VPWR,li1,29.4400,89.7600,1.799900
_1009_,VPWR,li1,21.3900,84.3200,1.799944
_1008_,VPWR,li1,22.0800,89.7600,1.799943
_1007_,VPWR,li1,17.0200,84.3200,1.799942
_1006_,VPWR,li1,20.0100,84.3200,1.799943
_1005_,VPWR,li1,13.5700,78.8800,1.799930
_1004_,VPWR,li1,19.3200,78.8800,1.799930
_1003_,VPWR,li1,8.9700,89.7600,1.799938
_1002_,VPWR,li1,8.9700,84.3200,1.799940
_1001_,VPWR,li1,14.2600,84.3200,1.799941
_1000_,VPWR,li1,11.2700,84.3200,1.799940
_0999_,VPWR,li1,49.9100,95.2000,1.799892
_0998_,VPWR,li1,52.2100,95.2000,1.799886
_0997_,VPWR,li1,46.2300,89.7600,1.799820
_0996_,VPWR,li1,42.3200,89.7600,1.799842
_0995_,VPWR,li1,41.4000,89.7600,1.799842
_0994_,VPWR,li1,38.8700,89.7600,1.799859
_0993_,VPWR,li1,44.8500,89.7600,1.799832
_0992_,VPWR,li1,37.9500,89.7600,1.799859
_0991_,VPWR,li1,40.7100,100.6400,1.799729
_0990_,VPWR,li1,95.6800,111.5200,1.799933
_0989_,VPWR,li1,99.5900,116.9600,1.799522
_0988_,VPWR,li1,61.4100,116.9600,1.799676
_0987_,VPWR,li1,59.5700,111.5200,1.799950
_0986_,VPWR,li1,56.1200,116.9600,1.799715
_0985_,VPWR,li1,58.4200,116.9600,1.799693
_0984_,VPWR,li1,52.9000,116.9600,1.799726
_0983_,VPWR,li1,54.2800,111.5200,1.799953
_0982_,VPWR,li1,49.6800,106.0800,1.799677
_0981_,VPWR,li1,52.9000,106.0800,1.799655
_0980_,VPWR,li1,25.3000,106.0800,1.799875
_0979_,VPWR,li1,28.5200,106.0800,1.799848
_0978_,VPWR,li1,28.5200,111.5200,1.799977
_0977_,VPWR,li1,26.2200,106.0800,1.799875
_0976_,VPWR,li1,28.5200,106.0800,1.799848
_0975_,VPWR,li1,19.3200,100.6400,1.799904
_0974_,VPWR,li1,21.6200,100.6400,1.799904
_0973_,VPWR,li1,13.8000,106.0800,1.799909
_0972_,VPWR,li1,20.2400,95.2000,1.799965
_0971_,VPWR,li1,18.1700,95.2000,1.799965
_0970_,VPWR,li1,19.7800,95.2000,1.799965
_0969_,VPWR,li1,14.2600,95.2000,1.799964
_0968_,VPWR,li1,16.7900,89.7600,1.799940
_0967_,VPWR,li1,20.9300,78.8800,1.799931
_0966_,VPWR,li1,15.8700,95.2000,1.799964
_0965_,VPWR,li1,28.7500,100.6400,1.799848
_0964_,VPWR,li1,38.6400,100.6400,1.799762
_0963_,VPWR,li1,38.4100,95.2000,1.799921
_0962_,VPWR,li1,37.4900,100.6400,1.799762
_0961_,VPWR,li1,10.8100,95.2000,1.799964
_0960_,VPWR,li1,30.1300,100.6400,1.799825
_0959_,VPWR,li1,48.9900,106.0800,1.799691
_0958_,VPWR,li1,43.2400,100.6400,1.799706
_0957_,VPWR,li1,46.4600,106.0800,1.799711
_0956_,VPWR,li1,92.0000,127.8400,1.799921
_0955_,VPWR,li1,94.9900,127.8400,1.799920
_0954_,VPWR,li1,59.1100,127.8400,1.799937
_0953_,VPWR,li1,54.0500,127.8400,1.799941
_0952_,VPWR,li1,50.8300,127.8400,1.799943
_0951_,VPWR,li1,51.0600,116.9600,1.799741
_0950_,VPWR,li1,51.0600,122.4000,1.799926
_0949_,VPWR,li1,46.0000,116.9600,1.799769
_0948_,VPWR,li1,48.5300,116.9600,1.799753
_0947_,VPWR,li1,33.1200,116.9600,1.799858
_0946_,VPWR,li1,50.3700,116.9600,1.799741
_0945_,VPWR,li1,35.4200,116.9600,1.799837
_0944_,VPWR,li1,33.1200,111.5200,1.799973
_0943_,VPWR,li1,28.9800,111.5200,1.799977
_0942_,VPWR,li1,35.6500,106.0800,1.799789
_0941_,VPWR,li1,40.0200,106.0800,1.799754
_0940_,VPWR,li1,41.4000,106.0800,1.799754
_0939_,VPWR,li1,37.7200,106.0800,1.799772
_0938_,VPWR,li1,40.2500,111.5200,1.799966
_0937_,VPWR,li1,16.1000,111.5200,1.799984
_0936_,VPWR,li1,18.4000,111.5200,1.799985
_0935_,VPWR,li1,13.3400,111.5200,1.799984
_0934_,VPWR,li1,18.1700,106.0800,1.799910
_0933_,VPWR,li1,15.4100,106.0800,1.799909
_0932_,VPWR,li1,11.5000,106.0800,1.799908
_0931_,VPWR,li1,14.9500,111.5200,1.799984
_0930_,VPWR,li1,16.5600,122.4000,1.799975
_0929_,VPWR,li1,31.7400,122.4000,1.799960
_0928_,VPWR,li1,92.0000,133.2800,1.799680
_0927_,VPWR,li1,57.5000,133.2800,1.799783
_0926_,VPWR,li1,51.9800,133.2800,1.799798
_0925_,VPWR,li1,54.0500,133.2800,1.799790
_0924_,VPWR,li1,49.9100,133.2800,1.799807
_0923_,VPWR,li1,48.0700,133.2800,1.799815
_0922_,VPWR,li1,46.0000,133.2800,1.799824
_0921_,VPWR,li1,46.6900,127.8400,1.799948
_0920_,VPWR,li1,38.4100,127.8400,1.799957
_0919_,VPWR,li1,29.2100,122.4000,1.799963
_0918_,VPWR,li1,21.6200,122.4000,1.799977
_0917_,VPWR,li1,19.5500,122.4000,1.799976
_0916_,VPWR,li1,20.2400,127.8400,1.799981
_0915_,VPWR,li1,9.6600,122.4000,1.799974
_0914_,VPWR,li1,14.9500,122.4000,1.799975
_0913_,VPWR,li1,12.8800,116.9600,1.799927
_0912_,VPWR,li1,8.9700,116.9600,1.799927
_0911_,VPWR,li1,19.5500,122.4000,1.799976
_0910_,VPWR,li1,40.7100,122.4000,1.799943
_0909_,VPWR,li1,41.1700,116.9600,1.799801
_0908_,VPWR,li1,38.1800,116.9600,1.799819
_0907_,VPWR,li1,73.1400,138.7200,1.799926
_0906_,VPWR,li1,56.1200,133.2800,1.799783
_0905_,VPWR,li1,51.2900,133.2800,1.799807
_0904_,VPWR,li1,49.4500,133.2800,1.799815
_0903_,VPWR,li1,45.3100,138.7200,1.799955
_0902_,VPWR,li1,41.4000,138.7200,1.799961
_0901_,VPWR,li1,42.0900,133.2800,1.799843
_0900_,VPWR,li1,37.0300,133.2800,1.799865
_0899_,VPWR,li1,34.9600,133.2800,1.799882
_0898_,VPWR,li1,33.5800,133.2800,1.799882
_0897_,VPWR,li1,20.4700,133.2800,1.799948
_0896_,VPWR,li1,16.7900,127.8400,1.799980
_0895_,VPWR,li1,16.1000,127.8400,1.799980
_0894_,VPWR,li1,11.7300,127.8400,1.799978
_0893_,VPWR,li1,18.6300,127.8400,1.799980
_0892_,VPWR,li1,62.5600,127.8400,1.799934
_0891_,VPWR,li1,64.1700,133.2800,1.799750
_0890_,VPWR,li1,47.6100,133.2800,1.799824
_0889_,VPWR,li1,39.1000,133.2800,1.799857
_0888_,VPWR,li1,40.2500,133.2800,1.799857
_0887_,VPWR,li1,29.6700,133.2800,1.799901
_0886_,VPWR,li1,27.3700,133.2800,1.799921
_0885_,VPWR,li1,27.1400,127.8400,1.799974
_0884_,VPWR,li1,29.6700,133.2800,1.799901
_0883_,VPWR,li1,27.8300,133.2800,1.799911
_0882_,VPWR,li1,68.0800,122.4000,1.799901
_0881_,VPWR,li1,34.9600,122.4000,1.799952
_0880_,VPWR,li1,35.6500,122.4000,1.799952
_0879_,VPWR,li1,27.3700,122.4000,1.799967
_0878_,VPWR,li1,28.7500,122.4000,1.799963
_0877_,VPWR,li1,67.6200,116.9600,1.799649
_0876_,VPWR,li1,32.2000,116.9600,1.799858
_0875_,VPWR,li1,124.8900,116.9600,1.799480
_0874_,VPWR,li1,124.8900,122.4000,1.799851
_0873_,VPWR,li1,123.7400,122.4000,1.799851
_0872_,VPWR,li1,125.3500,122.4000,1.799851
_0871_,VPWR,li1,127.6500,122.4000,1.799849
_0870_,VPWR,li1,118.2200,116.9600,1.799491
_0869_,VPWR,li1,126.0400,116.9600,1.799480
_0868_,VPWR,li1,124.4300,111.5200,1.799930
_0867_,VPWR,li1,121.2100,116.9600,1.799487
_0866_,VPWR,li1,127.1900,106.0800,1.799325
_0865_,VPWR,li1,130.1800,100.6400,1.799118
_0864_,VPWR,li1,120.7500,116.9600,1.799487
_0863_,VPWR,li1,123.0500,116.9600,1.799484
_0862_,VPWR,li1,122.5900,122.4000,1.799852
_0861_,VPWR,li1,126.7300,100.6400,1.799121
_0860_,VPWR,li1,130.4100,106.0800,1.799323
_0859_,VPWR,li1,124.6600,106.0800,1.799326
_0858_,VPWR,li1,133.6300,106.0800,1.799322
_0857_,VPWR,li1,118.2200,95.2000,1.799800
_0856_,VPWR,li1,120.0600,106.0800,1.799330
_0855_,VPWR,li1,122.5900,95.2000,1.799798
_0854_,VPWR,li1,120.7500,100.6400,1.799126
_0853_,VPWR,li1,122.5900,106.0800,1.799328
_0852_,VPWR,li1,124.4300,95.2000,1.799797
_0851_,VPWR,li1,123.0500,100.6400,1.799124
_0850_,VPWR,li1,123.7400,84.3200,1.799588
_0849_,VPWR,li1,127.1900,78.8800,1.799442
_0848_,VPWR,li1,118.6800,84.3200,1.799593
_0847_,VPWR,li1,115.2300,84.3200,1.799595
_0846_,VPWR,li1,117.0700,84.3200,1.799593
_0845_,VPWR,li1,116.6100,78.8800,1.799447
_0844_,VPWR,li1,121.4400,84.3200,1.799591
_0843_,VPWR,li1,113.3900,78.8800,1.799448
_0842_,VPWR,li1,126.0400,89.7600,1.799653
_0841_,VPWR,li1,127.6500,89.7600,1.799653
_0840_,VPWR,li1,124.4300,84.3200,1.799588
_0839_,VPWR,li1,123.7400,78.8800,1.799444
_0838_,VPWR,li1,126.9600,78.8800,1.799442
_0837_,VPWR,li1,127.6500,84.3200,1.799587
_0836_,VPWR,li1,126.2700,84.3200,1.799587
_0835_,VPWR,li1,129.0300,84.3200,1.799586
_0834_,VPWR,li1,127.1900,84.3200,1.799587
_0833_,VPWR,li1,126.7300,68.0000,1.799723
_0832_,VPWR,li1,125.3500,73.4400,1.799500
_0831_,VPWR,li1,123.7400,68.0000,1.799725
_0830_,VPWR,li1,127.6500,73.4400,1.799497
_0829_,VPWR,li1,125.1200,62.5600,1.799724
_0828_,VPWR,li1,122.3600,62.5600,1.799726
_0827_,VPWR,li1,122.5900,68.0000,1.799726
_0826_,VPWR,li1,120.7500,62.5600,1.799728
_0825_,VPWR,li1,123.5100,62.5600,1.799726
_0824_,VPWR,li1,127.1900,68.0000,1.799723
_0823_,VPWR,li1,122.1300,68.0000,1.799726
_0822_,VPWR,li1,124.8900,68.0000,1.799725
_0821_,VPWR,li1,120.2900,62.5600,1.799728
_0820_,VPWR,li1,120.7500,24.4800,1.799871
_0819_,VPWR,li1,112.7000,40.8000,1.799855
_0818_,VPWR,li1,113.3900,40.8000,1.799855
_0817_,VPWR,li1,116.3800,24.4800,1.799872
_0816_,VPWR,li1,113.1600,13.6000,1.799740
_0815_,VPWR,li1,109.2500,19.0400,1.799706
_0814_,VPWR,li1,113.8500,19.0400,1.799700
_0813_,VPWR,li1,123.7400,19.0400,1.799696
_0812_,VPWR,li1,110.6300,19.0400,1.799703
_0811_,VPWR,li1,128.8000,13.6000,1.799736
_0810_,VPWR,li1,128.5700,19.0400,1.799695
_0809_,VPWR,li1,124.4300,13.6000,1.799737
_0808_,VPWR,li1,123.7400,29.9200,1.799605
_0807_,VPWR,li1,125.1200,24.4800,1.799871
_0806_,VPWR,li1,120.7500,19.0400,1.799697
_0805_,VPWR,li1,123.5100,19.0400,1.799696
_0804_,VPWR,li1,126.7300,19.0400,1.799696
_0803_,VPWR,li1,123.9700,29.9200,1.799605
_0802_,VPWR,li1,120.7500,29.9200,1.799608
_0801_,VPWR,li1,115.9200,29.9200,1.799613
_0800_,VPWR,li1,113.8500,29.9200,1.799616
_0799_,VPWR,li1,117.5300,29.9200,1.799613
_0798_,VPWR,li1,126.0400,35.3600,1.799721
_0797_,VPWR,li1,122.8200,35.3600,1.799724
_0796_,VPWR,li1,123.0500,35.3600,1.799724
_0795_,VPWR,li1,118.2200,35.3600,1.799730
_0794_,VPWR,li1,120.5200,35.3600,1.799726
_0793_,VPWR,li1,116.1500,40.8000,1.799855
_0792_,VPWR,li1,117.9900,46.2400,1.799785
_0791_,VPWR,li1,120.2900,40.8000,1.799855
_0790_,VPWR,li1,124.8900,51.6800,1.799611
_0789_,VPWR,li1,125.8100,29.9200,1.799603
_0788_,VPWR,li1,127.1900,29.9200,1.799603
_0787_,VPWR,li1,117.9900,29.9200,1.799611
_0786_,VPWR,li1,124.8900,46.2400,1.799778
_0785_,VPWR,li1,123.9700,46.2400,1.799778
_0784_,VPWR,li1,120.5200,46.2400,1.799782
_0783_,VPWR,li1,127.1900,46.2400,1.799775
_0782_,VPWR,li1,125.1200,51.6800,1.799611
_0781_,VPWR,li1,125.8100,57.1200,1.799707
_0780_,VPWR,li1,120.2900,51.6800,1.799616
_0779_,VPWR,li1,121.9000,46.2400,1.799780
_0778_,VPWR,li1,119.6000,46.2400,1.799782
_0777_,VPWR,li1,116.8400,51.6800,1.799622
_0776_,VPWR,li1,110.4000,40.8000,1.799856
_0775_,VPWR,li1,110.1700,46.2400,1.799791
_0774_,VPWR,li1,120.7500,40.8000,1.799854
_0773_,VPWR,li1,129.9500,51.6800,1.799606
_0772_,VPWR,li1,128.1100,51.6800,1.799607
_0771_,VPWR,li1,109.4800,57.1200,1.799712
_0770_,VPWR,li1,112.4700,57.1200,1.799709
_0769_,VPWR,li1,105.1100,51.6800,1.799635
_0768_,VPWR,li1,103.9600,46.2400,1.799800
_0767_,VPWR,li1,108.3300,51.6800,1.799633
_0766_,VPWR,li1,98.4400,51.6800,1.799648
_0765_,VPWR,li1,101.6600,51.6800,1.799642
_0764_,VPWR,li1,106.4900,46.2400,1.799796
_0763_,VPWR,li1,102.8100,46.2400,1.799800
_0762_,VPWR,li1,106.9500,51.6800,1.799633
_0761_,VPWR,li1,103.2700,51.6800,1.799642
_0760_,VPWR,li1,101.4300,46.2400,1.799803
_0759_,VPWR,li1,104.1900,40.8000,1.799856
_0758_,VPWR,li1,100.9700,40.8000,1.799857
_0757_,VPWR,li1,98.6700,35.3600,1.799750
_0756_,VPWR,li1,103.0400,29.9200,1.799632
_0755_,VPWR,li1,97.7500,40.8000,1.799857
_0754_,VPWR,li1,99.1300,29.9200,1.799638
_0753_,VPWR,li1,100.7400,19.0400,1.799717
_0752_,VPWR,li1,104.6500,19.0400,1.799711
_0751_,VPWR,li1,100.5100,24.4800,1.799877
_0750_,VPWR,li1,98.9000,29.9200,1.799638
_0749_,VPWR,li1,106.0300,29.9200,1.799627
_0748_,VPWR,li1,102.3500,29.9200,1.799635
_0747_,VPWR,li1,104.1900,29.9200,1.799632
_0746_,VPWR,li1,97.0600,19.0400,1.799723
_0745_,VPWR,li1,94.0700,19.0400,1.799732
_0744_,VPWR,li1,97.2900,24.4800,1.799878
_0743_,VPWR,li1,95.6800,35.3600,1.799753
_0742_,VPWR,li1,90.8500,35.3600,1.799759
_0741_,VPWR,li1,86.9400,35.3600,1.799764
_0740_,VPWR,li1,88.0900,35.3600,1.799764
_0739_,VPWR,li1,94.9900,29.9200,1.799646
_0738_,VPWR,li1,94.9900,24.4800,1.799879
_0737_,VPWR,li1,97.2900,24.4800,1.799878
_0736_,VPWR,li1,85.3300,29.9200,1.799663
_0735_,VPWR,li1,88.7800,35.3600,1.799762
_0734_,VPWR,li1,84.8700,35.3600,1.799769
_0733_,VPWR,li1,87.4000,40.8000,1.799859
_0732_,VPWR,li1,84.8700,35.3600,1.799769
_0731_,VPWR,li1,86.4800,46.2400,1.799821
_0730_,VPWR,li1,88.3200,46.2400,1.799819
_0729_,VPWR,li1,93.1500,40.8000,1.799858
_0728_,VPWR,li1,89.9300,40.8000,1.799859
_0727_,VPWR,li1,97.2900,46.2400,1.799807
_0726_,VPWR,li1,97.9800,68.0000,1.799757
_0725_,VPWR,li1,94.7600,73.4400,1.799549
_0724_,VPWR,li1,96.8300,68.0000,1.799757
_0723_,VPWR,li1,89.4700,40.8000,1.799859
_0722_,VPWR,li1,85.3300,40.8000,1.799860
_0721_,VPWR,li1,87.1700,40.8000,1.799859
_0720_,VPWR,li1,106.2600,68.0000,1.799741
_0719_,VPWR,li1,106.4900,62.5600,1.799740
_0718_,VPWR,li1,101.4300,68.0000,1.799752
_0717_,VPWR,li1,99.8200,68.0000,1.799752
_0716_,VPWR,li1,99.1300,62.5600,1.799749
_0715_,VPWR,li1,97.7500,62.5600,1.799749
_0714_,VPWR,li1,94.5300,68.0000,1.799765
_0713_,VPWR,li1,95.9100,62.5600,1.799751
_0712_,VPWR,li1,110.8600,68.0000,1.799734
_0711_,VPWR,li1,107.4100,68.0000,1.799741
_0710_,VPWR,li1,101.4300,73.4400,1.799535
_0709_,VPWR,li1,97.5200,73.4400,1.799543
_0708_,VPWR,li1,94.7600,84.3200,1.799631
_0707_,VPWR,li1,100.0500,84.3200,1.799620
_0706_,VPWR,li1,101.8900,68.0000,1.799748
_0705_,VPWR,li1,97.2900,73.4400,1.799543
_0704_,VPWR,li1,99.1300,73.4400,1.799539
_0703_,VPWR,li1,99.3600,84.3200,1.799620
_0702_,VPWR,li1,98.4400,89.7600,1.799680
_0701_,VPWR,li1,93.8400,84.3200,1.799636
_0700_,VPWR,li1,96.1400,84.3200,1.799631
_0699_,VPWR,li1,97.5200,84.3200,1.799624
_0698_,VPWR,li1,92.2300,84.3200,1.799641
_0697_,VPWR,li1,94.9900,89.7600,1.799684
_0696_,VPWR,li1,106.2600,95.2000,1.799805
_0695_,VPWR,li1,103.7300,95.2000,1.799806
_0694_,VPWR,li1,98.6700,95.2000,1.799808
_0693_,VPWR,li1,96.3700,89.7600,1.799682
_0692_,VPWR,li1,92.6900,95.2000,1.799812
_0691_,VPWR,li1,94.5300,95.2000,1.799811
_0690_,VPWR,li1,100.7400,100.6400,1.799230
_0689_,VPWR,li1,105.3400,106.0800,1.799345
_0688_,VPWR,li1,106.0300,100.6400,1.799187
_0687_,VPWR,li1,101.8900,106.0800,1.799351
_0686_,VPWR,li1,106.4900,116.9600,1.799509
_0685_,VPWR,li1,100.9700,100.6400,1.799230
_0684_,VPWR,li1,103.7300,100.6400,1.799203
_0683_,VPWR,li1,98.2100,100.6400,1.799256
_0682_,VPWR,li1,110.8600,111.5200,1.799930
_0681_,VPWR,li1,114.3100,116.9600,1.799496
_0680_,VPWR,li1,106.4900,116.9600,1.799509
_0679_,VPWR,li1,107.4100,122.4000,1.799860
_0678_,VPWR,li1,104.4200,127.8400,1.799918
_0677_,VPWR,li1,110.1700,122.4000,1.799857
_0676_,VPWR,li1,106.9500,111.5200,1.799930
_0675_,VPWR,li1,104.6500,111.5200,1.799931
_0674_,VPWR,li1,112.7000,133.2800,1.799652
_0673_,VPWR,li1,110.1700,127.8400,1.799917
_0672_,VPWR,li1,109.9400,133.2800,1.799654
_0671_,VPWR,li1,102.3500,133.2800,1.799662
_0670_,VPWR,li1,105.1100,127.8400,1.799918
_0669_,VPWR,li1,107.4100,127.8400,1.799918
_0668_,VPWR,li1,100.2800,133.2800,1.799665
_0667_,VPWR,li1,116.3800,133.2800,1.799649
_0666_,VPWR,li1,112.4700,133.2800,1.799652
_0665_,VPWR,li1,105.5700,133.2800,1.799657
_0664_,VPWR,li1,84.1800,133.2800,1.799698
_0663_,VPWR,li1,98.6700,133.2800,1.799671
_0662_,VPWR,li1,102.8100,133.2800,1.799662
_0661_,VPWR,li1,102.3500,138.7200,1.799906
_0660_,VPWR,li1,85.1000,138.7200,1.799915
_0659_,VPWR,li1,84.1800,127.8400,1.799924
_0658_,VPWR,li1,81.4200,133.2800,1.799703
_0657_,VPWR,li1,87.1700,133.2800,1.799689
_0656_,VPWR,li1,74.5200,133.2800,1.799723
_0655_,VPWR,li1,82.1100,138.7200,1.799918
_0654_,VPWR,li1,82.1100,133.2800,1.799703
_0653_,VPWR,li1,69.4600,127.8400,1.799931
_0652_,VPWR,li1,77.2800,133.2800,1.799713
_0651_,VPWR,li1,74.5200,127.8400,1.799928
_0650_,VPWR,li1,71.5300,133.2800,1.799728
_0649_,VPWR,li1,80.2700,122.4000,1.799884
_0648_,VPWR,li1,72.4500,127.8400,1.799929
_0647_,VPWR,li1,69.2300,133.2800,1.799734
_0646_,VPWR,li1,90.1600,111.5200,1.799934
_0645_,VPWR,li1,89.9300,116.9600,1.799549
_0644_,VPWR,li1,84.8700,116.9600,1.799566
_0643_,VPWR,li1,77.5100,111.5200,1.799939
_0642_,VPWR,li1,77.5100,116.9600,1.799595
_0641_,VPWR,li1,80.9600,111.5200,1.799938
_0640_,VPWR,li1,78.4300,116.9600,1.799595
_0639_,VPWR,li1,80.2700,116.9600,1.799584
_0638_,VPWR,li1,82.1100,111.5200,1.799937
_0637_,VPWR,li1,80.2700,111.5200,1.799938
_0636_,VPWR,li1,11.2700,68.0000,1.799959
_0635_,VPWR,li1,16.3300,51.6800,1.799949
