Reading timing models for corner nom_tt_025C_1v80…
Reading cell library for the 'nom_tt_025C_1v80' corner at '/home/default/.volare/volare/sky130/versions/0fe599b2afb6708d281543108caf8310912f54af/sky130A/libs.ref/sky130_fd_sc_hd/lib/sky130_fd_sc_hd__tt_025C_1v80.lib'…
Reading top-level netlist at '/mnt/c/Users/Default.DESKTOP-A45I1O9/akularanjith-akularanjith--ECE510-2026-SPRING/project/m3/synth/runs/RUN_2026-05-23_20-02-24/51-openroad-fillinsertion/top.nl.v'…
Linking design 'top' from netlist…
Warning: /mnt/c/Users/Default.DESKTOP-A45I1O9/akularanjith-akularanjith--ECE510-2026-SPRING/project/m3/synth/runs/RUN_2026-05-23_20-02-24/51-openroad-fillinsertion/top.nl.v line 3461, module sky130_fd_sc_hd__tapvpwrvgnd_1 not found. Creating black box for TAP_TAPCELL_ROW_0_96.
Warning: /mnt/c/Users/Default.DESKTOP-A45I1O9/akularanjith-akularanjith--ECE510-2026-SPRING/project/m3/synth/runs/RUN_2026-05-23_20-02-24/51-openroad-fillinsertion/top.nl.v line 3973, module sky130_ef_sc_hd__decap_12 not found. Creating black box for FILLER_0_3.
Warning: /mnt/c/Users/Default.DESKTOP-A45I1O9/akularanjith-akularanjith--ECE510-2026-SPRING/project/m3/synth/runs/RUN_2026-05-23_20-02-24/51-openroad-fillinsertion/top.nl.v line 3975, module sky130_fd_sc_hd__fill_1 not found. Creating black box for FILLER_0_27.
Warning: /mnt/c/Users/Default.DESKTOP-A45I1O9/akularanjith-akularanjith--ECE510-2026-SPRING/project/m3/synth/runs/RUN_2026-05-23_20-02-24/51-openroad-fillinsertion/top.nl.v line 3988, module sky130_fd_sc_hd__fill_2 not found. Creating black box for FILLER_0_141.
Reading design constraints file at '/nix/store/h0ldzjka94yryiq8yxbxmwargpnmwhx6-python3-3.11.9-env/lib/python3.11/site-packages/openlane/scripts/base.sdc'…
[INFO] Using clock aclk…
[INFO] Setting output delay to: 2.0
[INFO] Setting input delay to: 2.0
[INFO] Setting load to: 0.033442
[INFO] Setting clock uncertainty to: 0.25
[INFO] Setting clock transition to: 0.1499999999999999944488848768742172978818416595458984375
[INFO] Setting timing derate to: 5%
Reading top-level design parasitics for the 'nom_tt_025C_1v80' corner at '/mnt/c/Users/Default.DESKTOP-A45I1O9/akularanjith-akularanjith--ECE510-2026-SPRING/project/m3/synth/runs/RUN_2026-05-23_20-02-24/53-openroad-rcx/nom/top.nom.spef'…
%OL_CREATE_REPORT min.rpt

===========================================================================
report_checks -path_delay min (Hold)
============================================================================
======================= nom_tt_025C_1v80 Corner ===================================

Startpoint: _1318_ (rising edge-triggered flip-flop clocked by aclk)
Endpoint: _1319_ (rising edge-triggered flip-flop clocked by aclk)
Path Group: aclk
Path Type: min

Fanout         Cap        Slew       Delay        Time   Description
---------------------------------------------------------------------------------------------
                                  0.000000    0.000000   clock aclk (rise edge)
                                  0.000000    0.000000   clock source latency
     1    0.020182    0.096542    0.066588    0.066588 ^ aclk (in)
                                                         aclk (net)
                      0.096556    0.000000    0.066588 ^ clkbuf_0_aclk/A (sky130_fd_sc_hd__clkbuf_16)
     4    0.045437    0.064633    0.164368    0.230956 ^ clkbuf_0_aclk/X (sky130_fd_sc_hd__clkbuf_16)
                                                         clknet_0_aclk (net)
                      0.064672    0.001402    0.232358 ^ clkbuf_2_0__f_aclk/A (sky130_fd_sc_hd__clkbuf_16)
    14    0.044588    0.063830    0.152034    0.384392 ^ clkbuf_2_0__f_aclk/X (sky130_fd_sc_hd__clkbuf_16)
                                                         clknet_2_0__leaf_aclk (net)
                      0.063904    0.001878    0.386270 ^ _1318_/CLK (sky130_fd_sc_hd__dfxtp_1)
     2    0.004883    0.058095    0.320593    0.706863 ^ _1318_/Q (sky130_fd_sc_hd__dfxtp_1)
                                                         cnn_mac_wrapper.last_pipe[0] (net)
                      0.058095    0.000104    0.706967 ^ _1264_/A1 (sky130_fd_sc_hd__mux2_1)
     1    0.001957    0.035124    0.114955    0.821922 ^ _1264_/X (sky130_fd_sc_hd__mux2_1)
                                                         _0632_ (net)
                      0.035124    0.000040    0.821962 ^ _1265_/B (sky130_fd_sc_hd__and2_1)
     1    0.002446    0.043106    0.108951    0.930913 ^ _1265_/X (sky130_fd_sc_hd__and2_1)
                                                         _0049_ (net)
                      0.043106    0.000070    0.930983 ^ _1319_/D (sky130_fd_sc_hd__dfxtp_1)
                                              0.930983   data arrival time

                                  0.000000    0.000000   clock aclk (rise edge)
                                  0.000000    0.000000   clock source latency
     1    0.020182    0.096542    0.066588    0.066588 ^ aclk (in)
                                                         aclk (net)
                      0.096556    0.000000    0.066588 ^ clkbuf_0_aclk/A (sky130_fd_sc_hd__clkbuf_16)
     4    0.045437    0.064633    0.164368    0.230956 ^ clkbuf_0_aclk/X (sky130_fd_sc_hd__clkbuf_16)
                                                         clknet_0_aclk (net)
                      0.064672    0.001402    0.232358 ^ clkbuf_2_0__f_aclk/A (sky130_fd_sc_hd__clkbuf_16)
    14    0.044588    0.063830    0.152034    0.384392 ^ clkbuf_2_0__f_aclk/X (sky130_fd_sc_hd__clkbuf_16)
                                                         clknet_2_0__leaf_aclk (net)
                      0.063900    0.001831    0.386222 ^ _1319_/CLK (sky130_fd_sc_hd__dfxtp_1)
                                  0.250000    0.636222   clock uncertainty
                                  0.000000    0.636222   clock reconvergence pessimism
                                 -0.028383    0.607839   library hold time
                                              0.607839   data required time
---------------------------------------------------------------------------------------------
                                              0.607839   data required time
                                             -0.930983   data arrival time
---------------------------------------------------------------------------------------------
                                              0.323143   slack (MET)


Startpoint: _1320_ (rising edge-triggered flip-flop clocked by aclk)
Endpoint: _1321_ (rising edge-triggered flip-flop clocked by aclk)
Path Group: aclk
Path Type: min

Fanout         Cap        Slew       Delay        Time   Description
---------------------------------------------------------------------------------------------
                                  0.000000    0.000000   clock aclk (rise edge)
                                  0.000000    0.000000   clock source latency
     1    0.020182    0.096542    0.066588    0.066588 ^ aclk (in)
                                                         aclk (net)
                      0.096556    0.000000    0.066588 ^ clkbuf_0_aclk/A (sky130_fd_sc_hd__clkbuf_16)
     4    0.045437    0.064633    0.164368    0.230956 ^ clkbuf_0_aclk/X (sky130_fd_sc_hd__clkbuf_16)
                                                         clknet_0_aclk (net)
                      0.064672    0.001402    0.232358 ^ clkbuf_2_0__f_aclk/A (sky130_fd_sc_hd__clkbuf_16)
    14    0.044588    0.063830    0.152034    0.384392 ^ clkbuf_2_0__f_aclk/X (sky130_fd_sc_hd__clkbuf_16)
                                                         clknet_2_0__leaf_aclk (net)
                      0.063905    0.001889    0.386280 ^ _1320_/CLK (sky130_fd_sc_hd__dfxtp_1)
     2    0.004426    0.054183    0.317573    0.703854 ^ _1320_/Q (sky130_fd_sc_hd__dfxtp_1)
                                                         cnn_mac_wrapper.valid_pipe[0] (net)
                      0.054183    0.000113    0.703966 ^ _1268_/A1 (sky130_fd_sc_hd__mux2_1)
     1    0.002693    0.040479    0.119462    0.823428 ^ _1268_/X (sky130_fd_sc_hd__mux2_1)
                                                         _0634_ (net)
                      0.040479    0.000085    0.823513 ^ _1269_/B (sky130_fd_sc_hd__and2_1)
     1    0.002207    0.041181    0.108722    0.932235 ^ _1269_/X (sky130_fd_sc_hd__and2_1)
                                                         _0051_ (net)
                      0.041181    0.000063    0.932298 ^ _1321_/D (sky130_fd_sc_hd__dfxtp_1)
                                              0.932298   data arrival time

                                  0.000000    0.000000   clock aclk (rise edge)
                                  0.000000    0.000000   clock source latency
     1    0.020182    0.096542    0.066588    0.066588 ^ aclk (in)
                                                         aclk (net)
                      0.096556    0.000000    0.066588 ^ clkbuf_0_aclk/A (sky130_fd_sc_hd__clkbuf_16)
     4    0.045437    0.064633    0.164368    0.230956 ^ clkbuf_0_aclk/X (sky130_fd_sc_hd__clkbuf_16)
                                                         clknet_0_aclk (net)
                      0.064672    0.001402    0.232358 ^ clkbuf_2_0__f_aclk/A (sky130_fd_sc_hd__clkbuf_16)
    14    0.044588    0.063830    0.152034    0.384392 ^ clkbuf_2_0__f_aclk/X (sky130_fd_sc_hd__clkbuf_16)
                                                         clknet_2_0__leaf_aclk (net)
                      0.063917    0.002019    0.386410 ^ _1321_/CLK (sky130_fd_sc_hd__dfxtp_1)
                                  0.250000    0.636410   clock uncertainty
                                  0.000000    0.636410   clock reconvergence pessimism
                                 -0.027979    0.608432   library hold time
                                              0.608432   data required time
---------------------------------------------------------------------------------------------
                                              0.608432   data required time
                                             -0.932298   data arrival time
---------------------------------------------------------------------------------------------
                                              0.323866   slack (MET)


Startpoint: _1302_ (rising edge-triggered flip-flop clocked by aclk)
Endpoint: _1270_ (rising edge-triggered flip-flop clocked by aclk)
Path Group: aclk
Path Type: min

Fanout         Cap        Slew       Delay        Time   Description
---------------------------------------------------------------------------------------------
                                  0.000000    0.000000   clock aclk (rise edge)
                                  0.000000    0.000000   clock source latency
     1    0.020182    0.096542    0.066588    0.066588 ^ aclk (in)
                                                         aclk (net)
                      0.096556    0.000000    0.066588 ^ clkbuf_0_aclk/A (sky130_fd_sc_hd__clkbuf_16)
     4    0.045437    0.064633    0.164368    0.230956 ^ clkbuf_0_aclk/X (sky130_fd_sc_hd__clkbuf_16)
                                                         clknet_0_aclk (net)
                      0.064665    0.001296    0.232252 ^ clkbuf_2_2__f_aclk/A (sky130_fd_sc_hd__clkbuf_16)
    14    0.044861    0.064201    0.152028    0.384280 ^ clkbuf_2_2__f_aclk/X (sky130_fd_sc_hd__clkbuf_16)
                                                         clknet_2_2__leaf_aclk (net)
                      0.064439    0.002721    0.387001 ^ _1302_/CLK (sky130_fd_sc_hd__dfxtp_1)
     4    0.010574    0.058330    0.329348    0.716349 v _1302_/Q (sky130_fd_sc_hd__dfxtp_1)
                                                         cnn_mac_wrapper.core_inst.product[0] (net)
                      0.058330    0.000187    0.716536 v _0640_/A (sky130_fd_sc_hd__nand2_1)
     2    0.009594    0.095330    0.102125    0.818661 ^ _0640_/Y (sky130_fd_sc_hd__nand2_1)
                                                         _0057_ (net)
                      0.095331    0.000243    0.818904 ^ _0641_/A2 (sky130_fd_sc_hd__o211a_1)
     1    0.002850    0.040800    0.138962    0.957867 ^ _0641_/X (sky130_fd_sc_hd__o211a_1)
                                                         _0000_ (net)
                      0.040800    0.000085    0.957951 ^ _1270_/D (sky130_fd_sc_hd__dfxtp_1)
                                              0.957951   data arrival time

                                  0.000000    0.000000   clock aclk (rise edge)
                                  0.000000    0.000000   clock source latency
     1    0.020182    0.096542    0.066588    0.066588 ^ aclk (in)
                                                         aclk (net)
                      0.096556    0.000000    0.066588 ^ clkbuf_0_aclk/A (sky130_fd_sc_hd__clkbuf_16)
     4    0.045437    0.064633    0.164368    0.230956 ^ clkbuf_0_aclk/X (sky130_fd_sc_hd__clkbuf_16)
                                                         clknet_0_aclk (net)
                      0.064665    0.001296    0.232252 ^ clkbuf_2_2__f_aclk/A (sky130_fd_sc_hd__clkbuf_16)
    14    0.044861    0.064201    0.152028    0.384280 ^ clkbuf_2_2__f_aclk/X (sky130_fd_sc_hd__clkbuf_16)
                                                         clknet_2_2__leaf_aclk (net)
                      0.064443    0.002750    0.387031 ^ _1270_/CLK (sky130_fd_sc_hd__dfxtp_1)
                                  0.250000    0.637031   clock uncertainty
                                  0.000000    0.637031   clock reconvergence pessimism
                                 -0.027830    0.609201   library hold time
                                              0.609201   data required time
---------------------------------------------------------------------------------------------
                                              0.609201   data required time
                                             -0.957951   data arrival time
---------------------------------------------------------------------------------------------
                                              0.348750   slack (MET)


Startpoint: _1289_ (rising edge-triggered flip-flop clocked by aclk)
Endpoint: _1289_ (rising edge-triggered flip-flop clocked by aclk)
Path Group: aclk
Path Type: min

Fanout         Cap        Slew       Delay        Time   Description
---------------------------------------------------------------------------------------------
                                  0.000000    0.000000   clock aclk (rise edge)
                                  0.000000    0.000000   clock source latency
     1    0.020182    0.096542    0.066588    0.066588 ^ aclk (in)
                                                         aclk (net)
                      0.096556    0.000000    0.066588 ^ clkbuf_0_aclk/A (sky130_fd_sc_hd__clkbuf_16)
     4    0.045437    0.064633    0.164368    0.230956 ^ clkbuf_0_aclk/X (sky130_fd_sc_hd__clkbuf_16)
                                                         clknet_0_aclk (net)
                      0.064687    0.001617    0.232573 ^ clkbuf_2_1__f_aclk/A (sky130_fd_sc_hd__clkbuf_16)
    12    0.042878    0.062325    0.151021    0.383594 ^ clkbuf_2_1__f_aclk/X (sky130_fd_sc_hd__clkbuf_16)
                                                         clknet_2_1__leaf_aclk (net)
                      0.062331    0.000668    0.384262 ^ _1289_/CLK (sky130_fd_sc_hd__dfxtp_1)
     4    0.013958    0.138413    0.378787    0.763050 ^ _1289_/Q (sky130_fd_sc_hd__dfxtp_1)
                                                         net31 (net)
                      0.138413    0.000462    0.763511 ^ _0786_/A1 (sky130_fd_sc_hd__o221a_1)
     1    0.002053    0.045512    0.191743    0.955254 ^ _0786_/X (sky130_fd_sc_hd__o221a_1)
                                                         _0019_ (net)
                      0.045512    0.000040    0.955294 ^ _1289_/D (sky130_fd_sc_hd__dfxtp_1)
                                              0.955294   data arrival time

                                  0.000000    0.000000   clock aclk (rise edge)
                                  0.000000    0.000000   clock source latency
     1    0.020182    0.096542    0.066588    0.066588 ^ aclk (in)
                                                         aclk (net)
                      0.096556    0.000000    0.066588 ^ clkbuf_0_aclk/A (sky130_fd_sc_hd__clkbuf_16)
     4    0.045437    0.064633    0.164368    0.230956 ^ clkbuf_0_aclk/X (sky130_fd_sc_hd__clkbuf_16)
                                                         clknet_0_aclk (net)
                      0.064687    0.001617    0.232573 ^ clkbuf_2_1__f_aclk/A (sky130_fd_sc_hd__clkbuf_16)
    12    0.042878    0.062325    0.151021    0.383594 ^ clkbuf_2_1__f_aclk/X (sky130_fd_sc_hd__clkbuf_16)
                                                         clknet_2_1__leaf_aclk (net)
                      0.062331    0.000668    0.384262 ^ _1289_/CLK (sky130_fd_sc_hd__dfxtp_1)
                                  0.250000    0.634262   clock uncertainty
                                  0.000000    0.634262   clock reconvergence pessimism
                                 -0.029092    0.605170   library hold time
                                              0.605170   data required time
---------------------------------------------------------------------------------------------
                                              0.605170   data required time
                                             -0.955294   data arrival time
---------------------------------------------------------------------------------------------
                                              0.350124   slack (MET)


Startpoint: _1304_ (rising edge-triggered flip-flop clocked by aclk)
Endpoint: _1304_ (rising edge-triggered flip-flop clocked by aclk)
Path Group: aclk
Path Type: min

Fanout         Cap        Slew       Delay        Time   Description
---------------------------------------------------------------------------------------------
                                  0.000000    0.000000   clock aclk (rise edge)
                                  0.000000    0.000000   clock source latency
     1    0.020182    0.096542    0.066588    0.066588 ^ aclk (in)
                                                         aclk (net)
                      0.096556    0.000000    0.066588 ^ clkbuf_0_aclk/A (sky130_fd_sc_hd__clkbuf_16)
     4    0.045437    0.064633    0.164368    0.230956 ^ clkbuf_0_aclk/X (sky130_fd_sc_hd__clkbuf_16)
                                                         clknet_0_aclk (net)
                      0.064665    0.001296    0.232252 ^ clkbuf_2_2__f_aclk/A (sky130_fd_sc_hd__clkbuf_16)
    14    0.044861    0.064201    0.152028    0.384280 ^ clkbuf_2_2__f_aclk/X (sky130_fd_sc_hd__clkbuf_16)
                                                         clknet_2_2__leaf_aclk (net)
                      0.064412    0.002504    0.386785 ^ _1304_/CLK (sky130_fd_sc_hd__dfxtp_1)
     3    0.007675    0.082479    0.339178    0.725962 ^ _1304_/Q (sky130_fd_sc_hd__dfxtp_1)
                                                         cnn_mac_wrapper.core_inst.product[2] (net)
                      0.082479    0.000124    0.726086 ^ _0891_/A (sky130_fd_sc_hd__or2_1)
     1    0.002963    0.041272    0.103913    0.829999 ^ _0891_/X (sky130_fd_sc_hd__or2_1)
                                                         _0274_ (net)
                      0.041273    0.000089    0.830088 ^ _0892_/B1 (sky130_fd_sc_hd__o211a_1)
     1    0.002308    0.037080    0.130568    0.960656 ^ _0892_/X (sky130_fd_sc_hd__o211a_1)
                                                         _0034_ (net)
                      0.037080    0.000065    0.960721 ^ _1304_/D (sky130_fd_sc_hd__dfxtp_1)
                                              0.960721   data arrival time

                                  0.000000    0.000000   clock aclk (rise edge)
                                  0.000000    0.000000   clock source latency
     1    0.020182    0.096542    0.066588    0.066588 ^ aclk (in)
                                                         aclk (net)
                      0.096556    0.000000    0.066588 ^ clkbuf_0_aclk/A (sky130_fd_sc_hd__clkbuf_16)
     4    0.045437    0.064633    0.164368    0.230956 ^ clkbuf_0_aclk/X (sky130_fd_sc_hd__clkbuf_16)
                                                         clknet_0_aclk (net)
                      0.064665    0.001296    0.232252 ^ clkbuf_2_2__f_aclk/A (sky130_fd_sc_hd__clkbuf_16)
    14    0.044861    0.064201    0.152028    0.384280 ^ clkbuf_2_2__f_aclk/X (sky130_fd_sc_hd__clkbuf_16)
                                                         clknet_2_2__leaf_aclk (net)
                      0.064412    0.002504    0.386785 ^ _1304_/CLK (sky130_fd_sc_hd__dfxtp_1)
                                  0.250000    0.636785   clock uncertainty
                                  0.000000    0.636785   clock reconvergence pessimism
                                 -0.027057    0.609727   library hold time
                                              0.609727   data required time
---------------------------------------------------------------------------------------------
                                              0.609727   data required time
                                             -0.960721   data arrival time
---------------------------------------------------------------------------------------------
                                              0.350994   slack (MET)


Startpoint: _1282_ (rising edge-triggered flip-flop clocked by aclk)
Endpoint: _1282_ (rising edge-triggered flip-flop clocked by aclk)
Path Group: aclk
Path Type: min

Fanout         Cap        Slew       Delay        Time   Description
---------------------------------------------------------------------------------------------
                                  0.000000    0.000000   clock aclk (rise edge)
                                  0.000000    0.000000   clock source latency
     1    0.020182    0.096542    0.066588    0.066588 ^ aclk (in)
                                                         aclk (net)
                      0.096556    0.000000    0.066588 ^ clkbuf_0_aclk/A (sky130_fd_sc_hd__clkbuf_16)
     4    0.045437    0.064633    0.164368    0.230956 ^ clkbuf_0_aclk/X (sky130_fd_sc_hd__clkbuf_16)
                                                         clknet_0_aclk (net)
                      0.064672    0.001402    0.232358 ^ clkbuf_2_0__f_aclk/A (sky130_fd_sc_hd__clkbuf_16)
    14    0.044588    0.063830    0.152034    0.384392 ^ clkbuf_2_0__f_aclk/X (sky130_fd_sc_hd__clkbuf_16)
                                                         clknet_2_0__leaf_aclk (net)
                      0.063838    0.000835    0.385227 ^ _1282_/CLK (sky130_fd_sc_hd__dfxtp_1)
     5    0.018054    0.175341    0.405511    0.790738 ^ _1282_/Q (sky130_fd_sc_hd__dfxtp_1)
                                                         net24 (net)
                      0.175341    0.000481    0.791219 ^ _0731_/A1 (sky130_fd_sc_hd__o211a_1)
     1    0.001888    0.035448    0.168510    0.959729 ^ _0731_/X (sky130_fd_sc_hd__o211a_1)
                                                         _0012_ (net)
                      0.035448    0.000053    0.959782 ^ _1282_/D (sky130_fd_sc_hd__dfxtp_1)
                                              0.959782   data arrival time

                                  0.000000    0.000000   clock aclk (rise edge)
                                  0.000000    0.000000   clock source latency
     1    0.020182    0.096542    0.066588    0.066588 ^ aclk (in)
                                                         aclk (net)
                      0.096556    0.000000    0.066588 ^ clkbuf_0_aclk/A (sky130_fd_sc_hd__clkbuf_16)
     4    0.045437    0.064633    0.164368    0.230956 ^ clkbuf_0_aclk/X (sky130_fd_sc_hd__clkbuf_16)
                                                         clknet_0_aclk (net)
                      0.064672    0.001402    0.232358 ^ clkbuf_2_0__f_aclk/A (sky130_fd_sc_hd__clkbuf_16)
    14    0.044588    0.063830    0.152034    0.384392 ^ clkbuf_2_0__f_aclk/X (sky130_fd_sc_hd__clkbuf_16)
                                                         clknet_2_0__leaf_aclk (net)
                      0.063838    0.000835    0.385227 ^ _1282_/CLK (sky130_fd_sc_hd__dfxtp_1)
                                  0.250000    0.635227   clock uncertainty
                                  0.000000    0.635227   clock reconvergence pessimism
                                 -0.026792    0.608435   library hold time
                                              0.608435   data required time
---------------------------------------------------------------------------------------------
                                              0.608435   data required time
                                             -0.959782   data arrival time
---------------------------------------------------------------------------------------------
                                              0.351346   slack (MET)


Startpoint: _1299_ (rising edge-triggered flip-flop clocked by aclk)
Endpoint: _1299_ (rising edge-triggered flip-flop clocked by aclk)
Path Group: aclk
Path Type: min

Fanout         Cap        Slew       Delay        Time   Description
---------------------------------------------------------------------------------------------
                                  0.000000    0.000000   clock aclk (rise edge)
                                  0.000000    0.000000   clock source latency
     1    0.020182    0.096542    0.066588    0.066588 ^ aclk (in)
                                                         aclk (net)
                      0.096556    0.000000    0.066588 ^ clkbuf_0_aclk/A (sky130_fd_sc_hd__clkbuf_16)
     4    0.045437    0.064633    0.164368    0.230956 ^ clkbuf_0_aclk/X (sky130_fd_sc_hd__clkbuf_16)
                                                         clknet_0_aclk (net)
                      0.064669    0.001359    0.232315 ^ clkbuf_2_3__f_aclk/A (sky130_fd_sc_hd__clkbuf_16)
    14    0.047617    0.066605    0.154405    0.386720 ^ clkbuf_2_3__f_aclk/X (sky130_fd_sc_hd__clkbuf_16)
                                                         clknet_2_3__leaf_aclk (net)
                      0.066619    0.000955    0.387675 ^ _1299_/CLK (sky130_fd_sc_hd__dfxtp_1)
     4    0.014015    0.138908    0.380864    0.768538 ^ _1299_/Q (sky130_fd_sc_hd__dfxtp_1)
                                                         net42 (net)
                      0.138908    0.000288    0.768827 ^ _0861_/A1 (sky130_fd_sc_hd__o221a_1)
     1    0.002035    0.045349    0.191678    0.960504 ^ _0861_/X (sky130_fd_sc_hd__o221a_1)
                                                         _0029_ (net)
                      0.045349    0.000059    0.960563 ^ _1299_/D (sky130_fd_sc_hd__dfxtp_1)
                                              0.960563   data arrival time

                                  0.000000    0.000000   clock aclk (rise edge)
                                  0.000000    0.000000   clock source latency
     1    0.020182    0.096542    0.066588    0.066588 ^ aclk (in)
                                                         aclk (net)
                      0.096556    0.000000    0.066588 ^ clkbuf_0_aclk/A (sky130_fd_sc_hd__clkbuf_16)
     4    0.045437    0.064633    0.164368    0.230956 ^ clkbuf_0_aclk/X (sky130_fd_sc_hd__clkbuf_16)
                                                         clknet_0_aclk (net)
                      0.064669    0.001359    0.232315 ^ clkbuf_2_3__f_aclk/A (sky130_fd_sc_hd__clkbuf_16)
    14    0.047617    0.066605    0.154405    0.386720 ^ clkbuf_2_3__f_aclk/X (sky130_fd_sc_hd__clkbuf_16)
                                                         clknet_2_3__leaf_aclk (net)
                      0.066619    0.000955    0.387675 ^ _1299_/CLK (sky130_fd_sc_hd__dfxtp_1)
                                  0.250000    0.637675   clock uncertainty
                                  0.000000    0.637675   clock reconvergence pessimism
                                 -0.028493    0.609182   library hold time
                                              0.609182   data required time
---------------------------------------------------------------------------------------------
                                              0.609182   data required time
                                             -0.960563   data arrival time
---------------------------------------------------------------------------------------------
                                              0.351381   slack (MET)


Startpoint: _1310_ (rising edge-triggered flip-flop clocked by aclk)
Endpoint: _1310_ (rising edge-triggered flip-flop clocked by aclk)
Path Group: aclk
Path Type: min

Fanout         Cap        Slew       Delay        Time   Description
---------------------------------------------------------------------------------------------
                                  0.000000    0.000000   clock aclk (rise edge)
                                  0.000000    0.000000   clock source latency
     1    0.020182    0.096542    0.066588    0.066588 ^ aclk (in)
                                                         aclk (net)
                      0.096556    0.000000    0.066588 ^ clkbuf_0_aclk/A (sky130_fd_sc_hd__clkbuf_16)
     4    0.045437    0.064633    0.164368    0.230956 ^ clkbuf_0_aclk/X (sky130_fd_sc_hd__clkbuf_16)
                                                         clknet_0_aclk (net)
                      0.064665    0.001296    0.232252 ^ clkbuf_2_2__f_aclk/A (sky130_fd_sc_hd__clkbuf_16)
    14    0.044861    0.064201    0.152028    0.384280 ^ clkbuf_2_2__f_aclk/X (sky130_fd_sc_hd__clkbuf_16)
                                                         clknet_2_2__leaf_aclk (net)
                      0.064210    0.000939    0.385220 ^ _1310_/CLK (sky130_fd_sc_hd__dfxtp_1)
     3    0.007093    0.077380    0.335244    0.720464 ^ _1310_/Q (sky130_fd_sc_hd__dfxtp_1)
                                                         cnn_mac_wrapper.core_inst.product[8] (net)
                      0.077380    0.000139    0.720603 ^ _1072_/A (sky130_fd_sc_hd__or2_1)
     1    0.003686    0.047180    0.106989    0.827592 ^ _1072_/X (sky130_fd_sc_hd__or2_1)
                                                         _0449_ (net)
                      0.047180    0.000117    0.827708 ^ _1073_/B1 (sky130_fd_sc_hd__o211a_1)
     1    0.002276    0.036732    0.132005    0.959713 ^ _1073_/X (sky130_fd_sc_hd__o211a_1)
                                                         _0040_ (net)
                      0.036732    0.000065    0.959779 ^ _1310_/D (sky130_fd_sc_hd__dfxtp_1)
                                              0.959779   data arrival time

                                  0.000000    0.000000   clock aclk (rise edge)
                                  0.000000    0.000000   clock source latency
     1    0.020182    0.096542    0.066588    0.066588 ^ aclk (in)
                                                         aclk (net)
                      0.096556    0.000000    0.066588 ^ clkbuf_0_aclk/A (sky130_fd_sc_hd__clkbuf_16)
     4    0.045437    0.064633    0.164368    0.230956 ^ clkbuf_0_aclk/X (sky130_fd_sc_hd__clkbuf_16)
                                                         clknet_0_aclk (net)
                      0.064665    0.001296    0.232252 ^ clkbuf_2_2__f_aclk/A (sky130_fd_sc_hd__clkbuf_16)
    14    0.044861    0.064201    0.152028    0.384280 ^ clkbuf_2_2__f_aclk/X (sky130_fd_sc_hd__clkbuf_16)
                                                         clknet_2_2__leaf_aclk (net)
                      0.064210    0.000939    0.385220 ^ _1310_/CLK (sky130_fd_sc_hd__dfxtp_1)
                                  0.250000    0.635220   clock uncertainty
                                  0.000000    0.635220   clock reconvergence pessimism
                                 -0.027011    0.608208   library hold time
                                              0.608208   data required time
---------------------------------------------------------------------------------------------
                                              0.608208   data required time
                                             -0.959779   data arrival time
---------------------------------------------------------------------------------------------
                                              0.351570   slack (MET)


Startpoint: _1309_ (rising edge-triggered flip-flop clocked by aclk)
Endpoint: _1309_ (rising edge-triggered flip-flop clocked by aclk)
Path Group: aclk
Path Type: min

Fanout         Cap        Slew       Delay        Time   Description
---------------------------------------------------------------------------------------------
                                  0.000000    0.000000   clock aclk (rise edge)
                                  0.000000    0.000000   clock source latency
     1    0.020182    0.096542    0.066588    0.066588 ^ aclk (in)
                                                         aclk (net)
                      0.096556    0.000000    0.066588 ^ clkbuf_0_aclk/A (sky130_fd_sc_hd__clkbuf_16)
     4    0.045437    0.064633    0.164368    0.230956 ^ clkbuf_0_aclk/X (sky130_fd_sc_hd__clkbuf_16)
                                                         clknet_0_aclk (net)
                      0.064665    0.001296    0.232252 ^ clkbuf_2_2__f_aclk/A (sky130_fd_sc_hd__clkbuf_16)
    14    0.044861    0.064201    0.152028    0.384280 ^ clkbuf_2_2__f_aclk/X (sky130_fd_sc_hd__clkbuf_16)
                                                         clknet_2_2__leaf_aclk (net)
                      0.064206    0.000840    0.385120 ^ _1309_/CLK (sky130_fd_sc_hd__dfxtp_1)
     3    0.008082    0.086041    0.341778    0.726898 ^ _1309_/Q (sky130_fd_sc_hd__dfxtp_1)
                                                         cnn_mac_wrapper.core_inst.product[7] (net)
                      0.086041    0.000125    0.727023 ^ _1029_/A (sky130_fd_sc_hd__or2_1)
     1    0.003575    0.046313    0.109243    0.836266 ^ _1029_/X (sky130_fd_sc_hd__or2_1)
                                                         _0407_ (net)
                      0.046313    0.000107    0.836373 ^ _1030_/B1 (sky130_fd_sc_hd__o211a_1)
     1    0.002011    0.034770    0.129712    0.966085 ^ _1030_/X (sky130_fd_sc_hd__o211a_1)
                                                         _0039_ (net)
                      0.034770    0.000039    0.966124 ^ _1309_/D (sky130_fd_sc_hd__dfxtp_1)
                                              0.966124   data arrival time

                                  0.000000    0.000000   clock aclk (rise edge)
                                  0.000000    0.000000   clock source latency
     1    0.020182    0.096542    0.066588    0.066588 ^ aclk (in)
                                                         aclk (net)
                      0.096556    0.000000    0.066588 ^ clkbuf_0_aclk/A (sky130_fd_sc_hd__clkbuf_16)
     4    0.045437    0.064633    0.164368    0.230956 ^ clkbuf_0_aclk/X (sky130_fd_sc_hd__clkbuf_16)
                                                         clknet_0_aclk (net)
                      0.064665    0.001296    0.232252 ^ clkbuf_2_2__f_aclk/A (sky130_fd_sc_hd__clkbuf_16)
    14    0.044861    0.064201    0.152028    0.384280 ^ clkbuf_2_2__f_aclk/X (sky130_fd_sc_hd__clkbuf_16)
                                                         clknet_2_2__leaf_aclk (net)
                      0.064206    0.000840    0.385120 ^ _1309_/CLK (sky130_fd_sc_hd__dfxtp_1)
                                  0.250000    0.635120   clock uncertainty
                                  0.000000    0.635120   clock reconvergence pessimism
                                 -0.026602    0.608519   library hold time
                                              0.608519   data required time
---------------------------------------------------------------------------------------------
                                              0.608519   data required time
                                             -0.966124   data arrival time
---------------------------------------------------------------------------------------------
                                              0.357606   slack (MET)


Startpoint: _1315_ (rising edge-triggered flip-flop clocked by aclk)
Endpoint: _1315_ (rising edge-triggered flip-flop clocked by aclk)
Path Group: aclk
Path Type: min

Fanout         Cap        Slew       Delay        Time   Description
---------------------------------------------------------------------------------------------
                                  0.000000    0.000000   clock aclk (rise edge)
                                  0.000000    0.000000   clock source latency
     1    0.020182    0.096542    0.066588    0.066588 ^ aclk (in)
                                                         aclk (net)
                      0.096556    0.000000    0.066588 ^ clkbuf_0_aclk/A (sky130_fd_sc_hd__clkbuf_16)
     4    0.045437    0.064633    0.164368    0.230956 ^ clkbuf_0_aclk/X (sky130_fd_sc_hd__clkbuf_16)
                                                         clknet_0_aclk (net)
                      0.064672    0.001402    0.232358 ^ clkbuf_2_0__f_aclk/A (sky130_fd_sc_hd__clkbuf_16)
    14    0.044588    0.063830    0.152034    0.384392 ^ clkbuf_2_0__f_aclk/X (sky130_fd_sc_hd__clkbuf_16)
                                                         clknet_2_0__leaf_aclk (net)
                      0.063884    0.001635    0.386027 ^ _1315_/CLK (sky130_fd_sc_hd__dfxtp_1)
     4    0.015142    0.149061    0.387004    0.773031 ^ _1315_/Q (sky130_fd_sc_hd__dfxtp_1)
                                                         cnn_mac_wrapper.core_inst.product[13] (net)
                      0.149061    0.000346    0.773377 ^ _1233_/A1 (sky130_fd_sc_hd__o221a_1)
     1    0.001978    0.044896    0.193345    0.966722 ^ _1233_/X (sky130_fd_sc_hd__o221a_1)
                                                         _0045_ (net)
                      0.044896    0.000055    0.966777 ^ _1315_/D (sky130_fd_sc_hd__dfxtp_1)
                                              0.966777   data arrival time

                                  0.000000    0.000000   clock aclk (rise edge)
                                  0.000000    0.000000   clock source latency
     1    0.020182    0.096542    0.066588    0.066588 ^ aclk (in)
                                                         aclk (net)
                      0.096556    0.000000    0.066588 ^ clkbuf_0_aclk/A (sky130_fd_sc_hd__clkbuf_16)
     4    0.045437    0.064633    0.164368    0.230956 ^ clkbuf_0_aclk/X (sky130_fd_sc_hd__clkbuf_16)
                                                         clknet_0_aclk (net)
                      0.064672    0.001402    0.232358 ^ clkbuf_2_0__f_aclk/A (sky130_fd_sc_hd__clkbuf_16)
    14    0.044588    0.063830    0.152034    0.384392 ^ clkbuf_2_0__f_aclk/X (sky130_fd_sc_hd__clkbuf_16)
                                                         clknet_2_0__leaf_aclk (net)
                      0.063884    0.001635    0.386027 ^ _1315_/CLK (sky130_fd_sc_hd__dfxtp_1)
                                  0.250000    0.636027   clock uncertainty
                                  0.000000    0.636027   clock reconvergence pessimism
                                 -0.028759    0.607268   library hold time
                                              0.607268   data required time
---------------------------------------------------------------------------------------------
                                              0.607268   data required time
                                             -0.966777   data arrival time
---------------------------------------------------------------------------------------------
                                              0.359509   slack (MET)


Startpoint: _1294_ (rising edge-triggered flip-flop clocked by aclk)
Endpoint: _1294_ (rising edge-triggered flip-flop clocked by aclk)
Path Group: aclk
Path Type: min

Fanout         Cap        Slew       Delay        Time   Description
---------------------------------------------------------------------------------------------
                                  0.000000    0.000000   clock aclk (rise edge)
                                  0.000000    0.000000   clock source latency
     1    0.020182    0.096542    0.066588    0.066588 ^ aclk (in)
                                                         aclk (net)
                      0.096556    0.000000    0.066588 ^ clkbuf_0_aclk/A (sky130_fd_sc_hd__clkbuf_16)
     4    0.045437    0.064633    0.164368    0.230956 ^ clkbuf_0_aclk/X (sky130_fd_sc_hd__clkbuf_16)
                                                         clknet_0_aclk (net)
                      0.064687    0.001617    0.232573 ^ clkbuf_2_1__f_aclk/A (sky130_fd_sc_hd__clkbuf_16)
    12    0.042878    0.062325    0.151021    0.383594 ^ clkbuf_2_1__f_aclk/X (sky130_fd_sc_hd__clkbuf_16)
                                                         clknet_2_1__leaf_aclk (net)
                      0.062338    0.000868    0.384463 ^ _1294_/CLK (sky130_fd_sc_hd__dfxtp_1)
     6    0.019400    0.187413    0.413794    0.798257 ^ _1294_/Q (sky130_fd_sc_hd__dfxtp_1)
                                                         net37 (net)
                      0.187413    0.000301    0.798557 ^ _0829_/A1 (sky130_fd_sc_hd__o211a_1)
     1    0.002008    0.036165    0.171971    0.970528 ^ _0829_/X (sky130_fd_sc_hd__o211a_1)
                                                         _0024_ (net)
                      0.036165    0.000040    0.970568 ^ _1294_/D (sky130_fd_sc_hd__dfxtp_1)
                                              0.970568   data arrival time

                                  0.000000    0.000000   clock aclk (rise edge)
                                  0.000000    0.000000   clock source latency
     1    0.020182    0.096542    0.066588    0.066588 ^ aclk (in)
                                                         aclk (net)
                      0.096556    0.000000    0.066588 ^ clkbuf_0_aclk/A (sky130_fd_sc_hd__clkbuf_16)
     4    0.045437    0.064633    0.164368    0.230956 ^ clkbuf_0_aclk/X (sky130_fd_sc_hd__clkbuf_16)
                                                         clknet_0_aclk (net)
                      0.064687    0.001617    0.232573 ^ clkbuf_2_1__f_aclk/A (sky130_fd_sc_hd__clkbuf_16)
    12    0.042878    0.062325    0.151021    0.383594 ^ clkbuf_2_1__f_aclk/X (sky130_fd_sc_hd__clkbuf_16)
                                                         clknet_2_1__leaf_aclk (net)
                      0.062338    0.000868    0.384463 ^ _1294_/CLK (sky130_fd_sc_hd__dfxtp_1)
                                  0.250000    0.634462   clock uncertainty
                                  0.000000    0.634462   clock reconvergence pessimism
                                 -0.027139    0.607324   library hold time
                                              0.607324   data required time
---------------------------------------------------------------------------------------------
                                              0.607324   data required time
                                             -0.970568   data arrival time
---------------------------------------------------------------------------------------------
                                              0.363244   slack (MET)


Startpoint: _1290_ (rising edge-triggered flip-flop clocked by aclk)
Endpoint: _1290_ (rising edge-triggered flip-flop clocked by aclk)
Path Group: aclk
Path Type: min

Fanout         Cap        Slew       Delay        Time   Description
---------------------------------------------------------------------------------------------
                                  0.000000    0.000000   clock aclk (rise edge)
                                  0.000000    0.000000   clock source latency
     1    0.020182    0.096542    0.066588    0.066588 ^ aclk (in)
                                                         aclk (net)
                      0.096556    0.000000    0.066588 ^ clkbuf_0_aclk/A (sky130_fd_sc_hd__clkbuf_16)
     4    0.045437    0.064633    0.164368    0.230956 ^ clkbuf_0_aclk/X (sky130_fd_sc_hd__clkbuf_16)
                                                         clknet_0_aclk (net)
                      0.064687    0.001617    0.232573 ^ clkbuf_2_1__f_aclk/A (sky130_fd_sc_hd__clkbuf_16)
    12    0.042878    0.062325    0.151021    0.383594 ^ clkbuf_2_1__f_aclk/X (sky130_fd_sc_hd__clkbuf_16)
                                                         clknet_2_1__leaf_aclk (net)
                      0.062344    0.001001    0.384595 ^ _1290_/CLK (sky130_fd_sc_hd__dfxtp_1)
     6    0.020565    0.197935    0.421205    0.805799 ^ _1290_/Q (sky130_fd_sc_hd__dfxtp_1)
                                                         net33 (net)
                      0.197935    0.000317    0.806116 ^ _0798_/A1 (sky130_fd_sc_hd__o211a_1)
     1    0.001999    0.036033    0.174090    0.980206 ^ _0798_/X (sky130_fd_sc_hd__o211a_1)
                                                         _0020_ (net)
                      0.036033    0.000039    0.980245 ^ _1290_/D (sky130_fd_sc_hd__dfxtp_1)
                                              0.980245   data arrival time

                                  0.000000    0.000000   clock aclk (rise edge)
                                  0.000000    0.000000   clock source latency
     1    0.020182    0.096542    0.066588    0.066588 ^ aclk (in)
                                                         aclk (net)
                      0.096556    0.000000    0.066588 ^ clkbuf_0_aclk/A (sky130_fd_sc_hd__clkbuf_16)
     4    0.045437    0.064633    0.164368    0.230956 ^ clkbuf_0_aclk/X (sky130_fd_sc_hd__clkbuf_16)
                                                         clknet_0_aclk (net)
                      0.064687    0.001617    0.232573 ^ clkbuf_2_1__f_aclk/A (sky130_fd_sc_hd__clkbuf_16)
    12    0.042878    0.062325    0.151021    0.383594 ^ clkbuf_2_1__f_aclk/X (sky130_fd_sc_hd__clkbuf_16)
                                                         clknet_2_1__leaf_aclk (net)
                      0.062344    0.001001    0.384595 ^ _1290_/CLK (sky130_fd_sc_hd__dfxtp_1)
                                  0.250000    0.634595   clock uncertainty
                                  0.000000    0.634595   clock reconvergence pessimism
                                 -0.027111    0.607484   library hold time
                                              0.607484   data required time
---------------------------------------------------------------------------------------------
                                              0.607484   data required time
                                             -0.980245   data arrival time
---------------------------------------------------------------------------------------------
                                              0.372761   slack (MET)


Startpoint: _1285_ (rising edge-triggered flip-flop clocked by aclk)
Endpoint: _1285_ (rising edge-triggered flip-flop clocked by aclk)
Path Group: aclk
Path Type: min

Fanout         Cap        Slew       Delay        Time   Description
---------------------------------------------------------------------------------------------
                                  0.000000    0.000000   clock aclk (rise edge)
                                  0.000000    0.000000   clock source latency
     1    0.020182    0.096542    0.066588    0.066588 ^ aclk (in)
                                                         aclk (net)
                      0.096556    0.000000    0.066588 ^ clkbuf_0_aclk/A (sky130_fd_sc_hd__clkbuf_16)
     4    0.045437    0.064633    0.164368    0.230956 ^ clkbuf_0_aclk/X (sky130_fd_sc_hd__clkbuf_16)
                                                         clknet_0_aclk (net)
                      0.064672    0.001402    0.232358 ^ clkbuf_2_0__f_aclk/A (sky130_fd_sc_hd__clkbuf_16)
    14    0.044588    0.063830    0.152034    0.384392 ^ clkbuf_2_0__f_aclk/X (sky130_fd_sc_hd__clkbuf_16)
                                                         clknet_2_0__leaf_aclk (net)
                      0.063919    0.002041    0.386433 ^ _1285_/CLK (sky130_fd_sc_hd__dfxtp_1)
     4    0.010060    0.103370    0.354478    0.740911 ^ _1285_/Q (sky130_fd_sc_hd__dfxtp_1)
                                                         net27 (net)
                      0.103370    0.000186    0.741098 ^ _0752_/A (sky130_fd_sc_hd__or2_1)
     1    0.003059    0.042246    0.111689    0.852786 ^ _0752_/X (sky130_fd_sc_hd__or2_1)
                                                         _0154_ (net)
                      0.042246    0.000089    0.852875 ^ _0753_/B1 (sky130_fd_sc_hd__o211a_1)
     1    0.002228    0.036254    0.130221    0.983096 ^ _0753_/X (sky130_fd_sc_hd__o211a_1)
                                                         _0015_ (net)
                      0.036254    0.000063    0.983159 ^ _1285_/D (sky130_fd_sc_hd__dfxtp_1)
                                              0.983159   data arrival time

                                  0.000000    0.000000   clock aclk (rise edge)
                                  0.000000    0.000000   clock source latency
     1    0.020182    0.096542    0.066588    0.066588 ^ aclk (in)
                                                         aclk (net)
                      0.096556    0.000000    0.066588 ^ clkbuf_0_aclk/A (sky130_fd_sc_hd__clkbuf_16)
     4    0.045437    0.064633    0.164368    0.230956 ^ clkbuf_0_aclk/X (sky130_fd_sc_hd__clkbuf_16)
                                                         clknet_0_aclk (net)
                      0.064672    0.001402    0.232358 ^ clkbuf_2_0__f_aclk/A (sky130_fd_sc_hd__clkbuf_16)
    14    0.044588    0.063830    0.152034    0.384392 ^ clkbuf_2_0__f_aclk/X (sky130_fd_sc_hd__clkbuf_16)
                                                         clknet_2_0__leaf_aclk (net)
                      0.063919    0.002041    0.386433 ^ _1285_/CLK (sky130_fd_sc_hd__dfxtp_1)
                                  0.250000    0.636433   clock uncertainty
                                  0.000000    0.636433   clock reconvergence pessimism
                                 -0.026950    0.609484   library hold time
                                              0.609484   data required time
---------------------------------------------------------------------------------------------
                                              0.609484   data required time
                                             -0.983159   data arrival time
---------------------------------------------------------------------------------------------
                                              0.373675   slack (MET)


Startpoint: _1284_ (rising edge-triggered flip-flop clocked by aclk)
Endpoint: _1284_ (rising edge-triggered flip-flop clocked by aclk)
Path Group: aclk
Path Type: min

Fanout         Cap        Slew       Delay        Time   Description
---------------------------------------------------------------------------------------------
                                  0.000000    0.000000   clock aclk (rise edge)
                                  0.000000    0.000000   clock source latency
     1    0.020182    0.096542    0.066588    0.066588 ^ aclk (in)
                                                         aclk (net)
                      0.096556    0.000000    0.066588 ^ clkbuf_0_aclk/A (sky130_fd_sc_hd__clkbuf_16)
     4    0.045437    0.064633    0.164368    0.230956 ^ clkbuf_0_aclk/X (sky130_fd_sc_hd__clkbuf_16)
                                                         clknet_0_aclk (net)
                      0.064687    0.001617    0.232573 ^ clkbuf_2_1__f_aclk/A (sky130_fd_sc_hd__clkbuf_16)
    12    0.042878    0.062325    0.151021    0.383594 ^ clkbuf_2_1__f_aclk/X (sky130_fd_sc_hd__clkbuf_16)
                                                         clknet_2_1__leaf_aclk (net)
                      0.062362    0.001330    0.384924 ^ _1284_/CLK (sky130_fd_sc_hd__dfxtp_1)
     4    0.009703    0.100169    0.351616    0.736540 ^ _1284_/Q (sky130_fd_sc_hd__dfxtp_1)
                                                         net26 (net)
                      0.100169    0.000185    0.736725 ^ _0745_/A (sky130_fd_sc_hd__or2_1)
     1    0.003208    0.043424    0.111624    0.848349 ^ _0745_/X (sky130_fd_sc_hd__or2_1)
                                                         _0148_ (net)
                      0.043424    0.000072    0.848420 ^ _0746_/B1 (sky130_fd_sc_hd__o211a_1)
     1    0.002666    0.039361    0.133953    0.982373 ^ _0746_/X (sky130_fd_sc_hd__o211a_1)
                                                         _0014_ (net)
                      0.039361    0.000079    0.982453 ^ _1284_/D (sky130_fd_sc_hd__dfxtp_1)
                                              0.982453   data arrival time

                                  0.000000    0.000000   clock aclk (rise edge)
                                  0.000000    0.000000   clock source latency
     1    0.020182    0.096542    0.066588    0.066588 ^ aclk (in)
                                                         aclk (net)
                      0.096556    0.000000    0.066588 ^ clkbuf_0_aclk/A (sky130_fd_sc_hd__clkbuf_16)
     4    0.045437    0.064633    0.164368    0.230956 ^ clkbuf_0_aclk/X (sky130_fd_sc_hd__clkbuf_16)
                                                         clknet_0_aclk (net)
                      0.064687    0.001617    0.232573 ^ clkbuf_2_1__f_aclk/A (sky130_fd_sc_hd__clkbuf_16)
    12    0.042878    0.062325    0.151021    0.383594 ^ clkbuf_2_1__f_aclk/X (sky130_fd_sc_hd__clkbuf_16)
                                                         clknet_2_1__leaf_aclk (net)
                      0.062362    0.001330    0.384924 ^ _1284_/CLK (sky130_fd_sc_hd__dfxtp_1)
                                  0.250000    0.634924   clock uncertainty
                                  0.000000    0.634924   clock reconvergence pessimism
                                 -0.027803    0.607121   library hold time
                                              0.607121   data required time
---------------------------------------------------------------------------------------------
                                              0.607121   data required time
                                             -0.982453   data arrival time
---------------------------------------------------------------------------------------------
                                              0.375332   slack (MET)


Startpoint: _1307_ (rising edge-triggered flip-flop clocked by aclk)
Endpoint: _1307_ (rising edge-triggered flip-flop clocked by aclk)
Path Group: aclk
Path Type: min

Fanout         Cap        Slew       Delay        Time   Description
---------------------------------------------------------------------------------------------
                                  0.000000    0.000000   clock aclk (rise edge)
                                  0.000000    0.000000   clock source latency
     1    0.020182    0.096542    0.066588    0.066588 ^ aclk (in)
                                                         aclk (net)
                      0.096556    0.000000    0.066588 ^ clkbuf_0_aclk/A (sky130_fd_sc_hd__clkbuf_16)
     4    0.045437    0.064633    0.164368    0.230956 ^ clkbuf_0_aclk/X (sky130_fd_sc_hd__clkbuf_16)
                                                         clknet_0_aclk (net)
                      0.064665    0.001296    0.232252 ^ clkbuf_2_2__f_aclk/A (sky130_fd_sc_hd__clkbuf_16)
    14    0.044861    0.064201    0.152028    0.384280 ^ clkbuf_2_2__f_aclk/X (sky130_fd_sc_hd__clkbuf_16)
                                                         clknet_2_2__leaf_aclk (net)
                      0.064247    0.001601    0.385881 ^ _1307_/CLK (sky130_fd_sc_hd__dfxtp_1)
     4    0.011329    0.114758    0.362727    0.748608 ^ _1307_/Q (sky130_fd_sc_hd__dfxtp_1)
                                                         cnn_mac_wrapper.core_inst.product[5] (net)
                      0.114758    0.000258    0.748866 ^ _0955_/A (sky130_fd_sc_hd__or2_1)
     1    0.002813    0.040377    0.113885    0.862751 ^ _0955_/X (sky130_fd_sc_hd__or2_1)
                                                         _0335_ (net)
                      0.040377    0.000057    0.862808 ^ _0956_/B1 (sky130_fd_sc_hd__o211a_1)
     1    0.002243    0.036503    0.129807    0.992614 ^ _0956_/X (sky130_fd_sc_hd__o211a_1)
                                                         _0037_ (net)
                      0.036503    0.000065    0.992680 ^ _1307_/D (sky130_fd_sc_hd__dfxtp_1)
                                              0.992680   data arrival time

                                  0.000000    0.000000   clock aclk (rise edge)
                                  0.000000    0.000000   clock source latency
     1    0.020182    0.096542    0.066588    0.066588 ^ aclk (in)
                                                         aclk (net)
                      0.096556    0.000000    0.066588 ^ clkbuf_0_aclk/A (sky130_fd_sc_hd__clkbuf_16)
     4    0.045437    0.064633    0.164368    0.230956 ^ clkbuf_0_aclk/X (sky130_fd_sc_hd__clkbuf_16)
                                                         clknet_0_aclk (net)
                      0.064665    0.001296    0.232252 ^ clkbuf_2_2__f_aclk/A (sky130_fd_sc_hd__clkbuf_16)
    14    0.044861    0.064201    0.152028    0.384280 ^ clkbuf_2_2__f_aclk/X (sky130_fd_sc_hd__clkbuf_16)
                                                         clknet_2_2__leaf_aclk (net)
                      0.064247    0.001601    0.385881 ^ _1307_/CLK (sky130_fd_sc_hd__dfxtp_1)
                                  0.250000    0.635881   clock uncertainty
                                  0.000000    0.635881   clock reconvergence pessimism
                                 -0.026958    0.608923   library hold time
                                              0.608923   data required time
---------------------------------------------------------------------------------------------
                                              0.608923   data required time
                                             -0.992680   data arrival time
---------------------------------------------------------------------------------------------
                                              0.383757   slack (MET)


Startpoint: _1274_ (rising edge-triggered flip-flop clocked by aclk)
Endpoint: _1274_ (rising edge-triggered flip-flop clocked by aclk)
Path Group: aclk
Path Type: min

Fanout         Cap        Slew       Delay        Time   Description
---------------------------------------------------------------------------------------------
                                  0.000000    0.000000   clock aclk (rise edge)
                                  0.000000    0.000000   clock source latency
     1    0.020182    0.096542    0.066588    0.066588 ^ aclk (in)
                                                         aclk (net)
                      0.096556    0.000000    0.066588 ^ clkbuf_0_aclk/A (sky130_fd_sc_hd__clkbuf_16)
     4    0.045437    0.064633    0.164368    0.230956 ^ clkbuf_0_aclk/X (sky130_fd_sc_hd__clkbuf_16)
                                                         clknet_0_aclk (net)
                      0.064669    0.001359    0.232315 ^ clkbuf_2_3__f_aclk/A (sky130_fd_sc_hd__clkbuf_16)
    14    0.047617    0.066605    0.154405    0.386720 ^ clkbuf_2_3__f_aclk/X (sky130_fd_sc_hd__clkbuf_16)
                                                         clknet_2_3__leaf_aclk (net)
                      0.066649    0.001511    0.388231 ^ _1274_/CLK (sky130_fd_sc_hd__dfxtp_1)
     4    0.011309    0.114574    0.363534    0.751765 ^ _1274_/Q (sky130_fd_sc_hd__dfxtp_1)
                                                         net47 (net)
                      0.114574    0.000187    0.751952 ^ _0666_/A (sky130_fd_sc_hd__or2_1)
     1    0.003294    0.044243    0.117119    0.869070 ^ _0666_/X (sky130_fd_sc_hd__or2_1)
                                                         _0079_ (net)
                      0.044243    0.000096    0.869166 ^ _0667_/B1 (sky130_fd_sc_hd__o211a_1)
     1    0.002091    0.035512    0.129731    0.998897 ^ _0667_/X (sky130_fd_sc_hd__o211a_1)
                                                         _0004_ (net)
                      0.035512    0.000059    0.998956 ^ _1274_/D (sky130_fd_sc_hd__dfxtp_1)
                                              0.998956   data arrival time

                                  0.000000    0.000000   clock aclk (rise edge)
                                  0.000000    0.000000   clock source latency
     1    0.020182    0.096542    0.066588    0.066588 ^ aclk (in)
                                                         aclk (net)
                      0.096556    0.000000    0.066588 ^ clkbuf_0_aclk/A (sky130_fd_sc_hd__clkbuf_16)
     4    0.045437    0.064633    0.164368    0.230956 ^ clkbuf_0_aclk/X (sky130_fd_sc_hd__clkbuf_16)
                                                         clknet_0_aclk (net)
                      0.064669    0.001359    0.232315 ^ clkbuf_2_3__f_aclk/A (sky130_fd_sc_hd__clkbuf_16)
    14    0.047617    0.066605    0.154405    0.386720 ^ clkbuf_2_3__f_aclk/X (sky130_fd_sc_hd__clkbuf_16)
                                                         clknet_2_3__leaf_aclk (net)
                      0.066649    0.001511    0.388231 ^ _1274_/CLK (sky130_fd_sc_hd__dfxtp_1)
                                  0.250000    0.638231   clock uncertainty
                                  0.000000    0.638231   clock reconvergence pessimism
                                 -0.026435    0.611796   library hold time
                                              0.611796   data required time
---------------------------------------------------------------------------------------------
                                              0.611796   data required time
                                             -0.998956   data arrival time
---------------------------------------------------------------------------------------------
                                              0.387160   slack (MET)


Startpoint: _1314_ (rising edge-triggered flip-flop clocked by aclk)
Endpoint: _1314_ (rising edge-triggered flip-flop clocked by aclk)
Path Group: aclk
Path Type: min

Fanout         Cap        Slew       Delay        Time   Description
---------------------------------------------------------------------------------------------
                                  0.000000    0.000000   clock aclk (rise edge)
                                  0.000000    0.000000   clock source latency
     1    0.020182    0.096542    0.066588    0.066588 ^ aclk (in)
                                                         aclk (net)
                      0.096556    0.000000    0.066588 ^ clkbuf_0_aclk/A (sky130_fd_sc_hd__clkbuf_16)
     4    0.045437    0.064633    0.164368    0.230956 ^ clkbuf_0_aclk/X (sky130_fd_sc_hd__clkbuf_16)
                                                         clknet_0_aclk (net)
                      0.064672    0.001402    0.232358 ^ clkbuf_2_0__f_aclk/A (sky130_fd_sc_hd__clkbuf_16)
    14    0.044588    0.063830    0.152034    0.384392 ^ clkbuf_2_0__f_aclk/X (sky130_fd_sc_hd__clkbuf_16)
                                                         clknet_2_0__leaf_aclk (net)
                      0.063840    0.000872    0.385264 ^ _1314_/CLK (sky130_fd_sc_hd__dfxtp_1)
     4    0.011307    0.114557    0.362437    0.747701 ^ _1314_/Q (sky130_fd_sc_hd__dfxtp_1)
                                                         cnn_mac_wrapper.core_inst.product[12] (net)
                      0.114557    0.000211    0.747912 ^ _1204_/A (sky130_fd_sc_hd__or2_1)
     1    0.003074    0.042467    0.115602    0.863514 ^ _1204_/X (sky130_fd_sc_hd__or2_1)
                                                         _0577_ (net)
                      0.042467    0.000089    0.863603 ^ _1205_/B1 (sky130_fd_sc_hd__o211a_1)
     1    0.002465    0.037905    0.132130    0.995733 ^ _1205_/X (sky130_fd_sc_hd__o211a_1)
                                                         _0044_ (net)
                      0.037905    0.000052    0.995785 ^ _1314_/D (sky130_fd_sc_hd__dfxtp_1)
                                              0.995785   data arrival time

                                  0.000000    0.000000   clock aclk (rise edge)
                                  0.000000    0.000000   clock source latency
     1    0.020182    0.096542    0.066588    0.066588 ^ aclk (in)
                                                         aclk (net)
                      0.096556    0.000000    0.066588 ^ clkbuf_0_aclk/A (sky130_fd_sc_hd__clkbuf_16)
     4    0.045437    0.064633    0.164368    0.230956 ^ clkbuf_0_aclk/X (sky130_fd_sc_hd__clkbuf_16)
                                                         clknet_0_aclk (net)
                      0.064672    0.001402    0.232358 ^ clkbuf_2_0__f_aclk/A (sky130_fd_sc_hd__clkbuf_16)
    14    0.044588    0.063830    0.152034    0.384392 ^ clkbuf_2_0__f_aclk/X (sky130_fd_sc_hd__clkbuf_16)
                                                         clknet_2_0__leaf_aclk (net)
                      0.063840    0.000872    0.385264 ^ _1314_/CLK (sky130_fd_sc_hd__dfxtp_1)
                                  0.250000    0.635264   clock uncertainty
                                  0.000000    0.635264   clock reconvergence pessimism
                                 -0.027305    0.607959   library hold time
                                              0.607959   data required time
---------------------------------------------------------------------------------------------
                                              0.607959   data required time
                                             -0.995785   data arrival time
---------------------------------------------------------------------------------------------
                                              0.387827   slack (MET)


Startpoint: _1300_ (rising edge-triggered flip-flop clocked by aclk)
Endpoint: _1300_ (rising edge-triggered flip-flop clocked by aclk)
Path Group: aclk
Path Type: min

Fanout         Cap        Slew       Delay        Time   Description
---------------------------------------------------------------------------------------------
                                  0.000000    0.000000   clock aclk (rise edge)
                                  0.000000    0.000000   clock source latency
     1    0.020182    0.096542    0.066588    0.066588 ^ aclk (in)
                                                         aclk (net)
                      0.096556    0.000000    0.066588 ^ clkbuf_0_aclk/A (sky130_fd_sc_hd__clkbuf_16)
     4    0.045437    0.064633    0.164368    0.230956 ^ clkbuf_0_aclk/X (sky130_fd_sc_hd__clkbuf_16)
                                                         clknet_0_aclk (net)
                      0.064669    0.001359    0.232315 ^ clkbuf_2_3__f_aclk/A (sky130_fd_sc_hd__clkbuf_16)
    14    0.047617    0.066605    0.154405    0.386720 ^ clkbuf_2_3__f_aclk/X (sky130_fd_sc_hd__clkbuf_16)
                                                         clknet_2_3__leaf_aclk (net)
                      0.066640    0.001380    0.388100 ^ _1300_/CLK (sky130_fd_sc_hd__dfxtp_1)
     4    0.012429    0.124640    0.370689    0.758789 ^ _1300_/Q (sky130_fd_sc_hd__dfxtp_1)
                                                         net44 (net)
                      0.124640    0.000298    0.759087 ^ _0868_/A (sky130_fd_sc_hd__or2_1)
     1    0.002667    0.039326    0.115948    0.875035 ^ _0868_/X (sky130_fd_sc_hd__or2_1)
                                                         _0255_ (net)
                      0.039326    0.000074    0.875109 ^ _0869_/B1 (sky130_fd_sc_hd__o211a_1)
     1    0.001992    0.034624    0.127562    1.002671 ^ _0869_/X (sky130_fd_sc_hd__o211a_1)
                                                         _0030_ (net)
                      0.034624    0.000040    1.002711 ^ _1300_/D (sky130_fd_sc_hd__dfxtp_1)
                                              1.002711   data arrival time

                                  0.000000    0.000000   clock aclk (rise edge)
                                  0.000000    0.000000   clock source latency
     1    0.020182    0.096542    0.066588    0.066588 ^ aclk (in)
                                                         aclk (net)
                      0.096556    0.000000    0.066588 ^ clkbuf_0_aclk/A (sky130_fd_sc_hd__clkbuf_16)
     4    0.045437    0.064633    0.164368    0.230956 ^ clkbuf_0_aclk/X (sky130_fd_sc_hd__clkbuf_16)
                                                         clknet_0_aclk (net)
                      0.064669    0.001359    0.232315 ^ clkbuf_2_3__f_aclk/A (sky130_fd_sc_hd__clkbuf_16)
    14    0.047617    0.066605    0.154405    0.386720 ^ clkbuf_2_3__f_aclk/X (sky130_fd_sc_hd__clkbuf_16)
                                                         clknet_2_3__leaf_aclk (net)
                      0.066640    0.001380    0.388100 ^ _1300_/CLK (sky130_fd_sc_hd__dfxtp_1)
                                  0.250000    0.638100   clock uncertainty
                                  0.000000    0.638100   clock reconvergence pessimism
                                 -0.026251    0.611849   library hold time
                                              0.611849   data required time
---------------------------------------------------------------------------------------------
                                              0.611849   data required time
                                             -1.002711   data arrival time
---------------------------------------------------------------------------------------------
                                              0.390862   slack (MET)


Startpoint: _1286_ (rising edge-triggered flip-flop clocked by aclk)
Endpoint: _1286_ (rising edge-triggered flip-flop clocked by aclk)
Path Group: aclk
Path Type: min

Fanout         Cap        Slew       Delay        Time   Description
---------------------------------------------------------------------------------------------
                                  0.000000    0.000000   clock aclk (rise edge)
                                  0.000000    0.000000   clock source latency
     1    0.020182    0.096542    0.066588    0.066588 ^ aclk (in)
                                                         aclk (net)
                      0.096556    0.000000    0.066588 ^ clkbuf_0_aclk/A (sky130_fd_sc_hd__clkbuf_16)
     4    0.045437    0.064633    0.164368    0.230956 ^ clkbuf_0_aclk/X (sky130_fd_sc_hd__clkbuf_16)
                                                         clknet_0_aclk (net)
                      0.064672    0.001402    0.232358 ^ clkbuf_2_0__f_aclk/A (sky130_fd_sc_hd__clkbuf_16)
    14    0.044588    0.063830    0.152034    0.384392 ^ clkbuf_2_0__f_aclk/X (sky130_fd_sc_hd__clkbuf_16)
                                                         clknet_2_0__leaf_aclk (net)
                      0.063836    0.000777    0.385168 ^ _1286_/CLK (sky130_fd_sc_hd__dfxtp_1)
     6    0.021179    0.104262    0.365753    0.750921 v _1286_/Q (sky130_fd_sc_hd__dfxtp_1)
                                                         net28 (net)
                      0.104263    0.000481    0.751402 v _0766_/A1 (sky130_fd_sc_hd__o211a_1)
     1    0.002157    0.026409    0.233169    0.984571 v _0766_/X (sky130_fd_sc_hd__o211a_1)
                                                         _0016_ (net)
                      0.026409    0.000061    0.984632 v _1286_/D (sky130_fd_sc_hd__dfxtp_1)
                                              0.984632   data arrival time

                                  0.000000    0.000000   clock aclk (rise edge)
                                  0.000000    0.000000   clock source latency
     1    0.020182    0.096542    0.066588    0.066588 ^ aclk (in)
                                                         aclk (net)
                      0.096556    0.000000    0.066588 ^ clkbuf_0_aclk/A (sky130_fd_sc_hd__clkbuf_16)
     4    0.045437    0.064633    0.164368    0.230956 ^ clkbuf_0_aclk/X (sky130_fd_sc_hd__clkbuf_16)
                                                         clknet_0_aclk (net)
                      0.064672    0.001402    0.232358 ^ clkbuf_2_0__f_aclk/A (sky130_fd_sc_hd__clkbuf_16)
    14    0.044588    0.063830    0.152034    0.384392 ^ clkbuf_2_0__f_aclk/X (sky130_fd_sc_hd__clkbuf_16)
                                                         clknet_2_0__leaf_aclk (net)
                      0.063836    0.000777    0.385168 ^ _1286_/CLK (sky130_fd_sc_hd__dfxtp_1)
                                  0.250000    0.635168   clock uncertainty
                                  0.000000    0.635168   clock reconvergence pessimism
                                 -0.041538    0.593631   library hold time
                                              0.593631   data required time
---------------------------------------------------------------------------------------------
                                              0.593631   data required time
                                             -0.984632   data arrival time
---------------------------------------------------------------------------------------------
                                              0.391002   slack (MET)


Startpoint: _1283_ (rising edge-triggered flip-flop clocked by aclk)
Endpoint: _1283_ (rising edge-triggered flip-flop clocked by aclk)
Path Group: aclk
Path Type: min

Fanout         Cap        Slew       Delay        Time   Description
---------------------------------------------------------------------------------------------
                                  0.000000    0.000000   clock aclk (rise edge)
                                  0.000000    0.000000   clock source latency
     1    0.020182    0.096542    0.066588    0.066588 ^ aclk (in)
                                                         aclk (net)
                      0.096556    0.000000    0.066588 ^ clkbuf_0_aclk/A (sky130_fd_sc_hd__clkbuf_16)
     4    0.045437    0.064633    0.164368    0.230956 ^ clkbuf_0_aclk/X (sky130_fd_sc_hd__clkbuf_16)
                                                         clknet_0_aclk (net)
                      0.064672    0.001402    0.232358 ^ clkbuf_2_0__f_aclk/A (sky130_fd_sc_hd__clkbuf_16)
    14    0.044588    0.063830    0.152034    0.384392 ^ clkbuf_2_0__f_aclk/X (sky130_fd_sc_hd__clkbuf_16)
                                                         clknet_2_0__leaf_aclk (net)
                      0.063852    0.001159    0.385550 ^ _1283_/CLK (sky130_fd_sc_hd__dfxtp_1)
     5    0.019275    0.186306    0.413511    0.799061 ^ _1283_/Q (sky130_fd_sc_hd__dfxtp_1)
                                                         net25 (net)
                      0.186306    0.000422    0.799483 ^ _0736_/A1 (sky130_fd_sc_hd__o221a_1)
     1    0.001979    0.044947    0.201328    1.000811 ^ _0736_/X (sky130_fd_sc_hd__o221a_1)
                                                         _0013_ (net)
                      0.044947    0.000056    1.000867 ^ _1283_/D (sky130_fd_sc_hd__dfxtp_1)
                                              1.000867   data arrival time

                                  0.000000    0.000000   clock aclk (rise edge)
                                  0.000000    0.000000   clock source latency
     1    0.020182    0.096542    0.066588    0.066588 ^ aclk (in)
                                                         aclk (net)
                      0.096556    0.000000    0.066588 ^ clkbuf_0_aclk/A (sky130_fd_sc_hd__clkbuf_16)
     4    0.045437    0.064633    0.164368    0.230956 ^ clkbuf_0_aclk/X (sky130_fd_sc_hd__clkbuf_16)
                                                         clknet_0_aclk (net)
                      0.064672    0.001402    0.232358 ^ clkbuf_2_0__f_aclk/A (sky130_fd_sc_hd__clkbuf_16)
    14    0.044588    0.063830    0.152034    0.384392 ^ clkbuf_2_0__f_aclk/X (sky130_fd_sc_hd__clkbuf_16)
                                                         clknet_2_0__leaf_aclk (net)
                      0.063852    0.001159    0.385550 ^ _1283_/CLK (sky130_fd_sc_hd__dfxtp_1)
                                  0.250000    0.635550   clock uncertainty
                                  0.000000    0.635550   clock reconvergence pessimism
                                 -0.028774    0.606776   library hold time
                                              0.606776   data required time
---------------------------------------------------------------------------------------------
                                              0.606776   data required time
                                             -1.000867   data arrival time
---------------------------------------------------------------------------------------------
                                              0.394090   slack (MET)


Startpoint: _1288_ (rising edge-triggered flip-flop clocked by aclk)
Endpoint: _1288_ (rising edge-triggered flip-flop clocked by aclk)
Path Group: aclk
Path Type: min

Fanout         Cap        Slew       Delay        Time   Description
---------------------------------------------------------------------------------------------
                                  0.000000    0.000000   clock aclk (rise edge)
                                  0.000000    0.000000   clock source latency
     1    0.020182    0.096542    0.066588    0.066588 ^ aclk (in)
                                                         aclk (net)
                      0.096556    0.000000    0.066588 ^ clkbuf_0_aclk/A (sky130_fd_sc_hd__clkbuf_16)
     4    0.045437    0.064633    0.164368    0.230956 ^ clkbuf_0_aclk/X (sky130_fd_sc_hd__clkbuf_16)
                                                         clknet_0_aclk (net)
                      0.064687    0.001617    0.232573 ^ clkbuf_2_1__f_aclk/A (sky130_fd_sc_hd__clkbuf_16)
    12    0.042878    0.062325    0.151021    0.383594 ^ clkbuf_2_1__f_aclk/X (sky130_fd_sc_hd__clkbuf_16)
                                                         clknet_2_1__leaf_aclk (net)
                      0.062336    0.000826    0.384420 ^ _1288_/CLK (sky130_fd_sc_hd__dfxtp_1)
     5    0.013347    0.132914    0.374905    0.759325 ^ _1288_/Q (sky130_fd_sc_hd__dfxtp_1)
                                                         net30 (net)
                      0.132914    0.000454    0.759778 ^ _0781_/A (sky130_fd_sc_hd__or2_1)
     1    0.003067    0.042644    0.120424    0.880202 ^ _0781_/X (sky130_fd_sc_hd__or2_1)
                                                         _0180_ (net)
                      0.042646    0.000088    0.880290 ^ _0782_/B1 (sky130_fd_sc_hd__o211a_1)
     1    0.002013    0.034769    0.128679    1.008969 ^ _0782_/X (sky130_fd_sc_hd__o211a_1)
                                                         _0018_ (net)
                      0.034778    0.000040    1.009009 ^ _1288_/D (sky130_fd_sc_hd__dfxtp_1)
                                              1.009009   data arrival time

                                  0.000000    0.000000   clock aclk (rise edge)
                                  0.000000    0.000000   clock source latency
     1    0.020182    0.096542    0.066588    0.066588 ^ aclk (in)
                                                         aclk (net)
                      0.096556    0.000000    0.066588 ^ clkbuf_0_aclk/A (sky130_fd_sc_hd__clkbuf_16)
     4    0.045437    0.064633    0.164368    0.230956 ^ clkbuf_0_aclk/X (sky130_fd_sc_hd__clkbuf_16)
                                                         clknet_0_aclk (net)
                      0.064687    0.001617    0.232573 ^ clkbuf_2_1__f_aclk/A (sky130_fd_sc_hd__clkbuf_16)
    12    0.042878    0.062325    0.151021    0.383594 ^ clkbuf_2_1__f_aclk/X (sky130_fd_sc_hd__clkbuf_16)
                                                         clknet_2_1__leaf_aclk (net)
                      0.062336    0.000826    0.384420 ^ _1288_/CLK (sky130_fd_sc_hd__dfxtp_1)
                                  0.250000    0.634420   clock uncertainty
                                  0.000000    0.634420   clock reconvergence pessimism
                                 -0.026850    0.607570   library hold time
                                              0.607570   data required time
---------------------------------------------------------------------------------------------
                                              0.607570   data required time
                                             -1.009009   data arrival time
---------------------------------------------------------------------------------------------
                                              0.401439   slack (MET)


Startpoint: _1280_ (rising edge-triggered flip-flop clocked by aclk)
Endpoint: _1280_ (rising edge-triggered flip-flop clocked by aclk)
Path Group: aclk
Path Type: min

Fanout         Cap        Slew       Delay        Time   Description
---------------------------------------------------------------------------------------------
                                  0.000000    0.000000   clock aclk (rise edge)
                                  0.000000    0.000000   clock source latency
     1    0.020182    0.096542    0.066588    0.066588 ^ aclk (in)
                                                         aclk (net)
                      0.096556    0.000000    0.066588 ^ clkbuf_0_aclk/A (sky130_fd_sc_hd__clkbuf_16)
     4    0.045437    0.064633    0.164368    0.230956 ^ clkbuf_0_aclk/X (sky130_fd_sc_hd__clkbuf_16)
                                                         clknet_0_aclk (net)
                      0.064687    0.001617    0.232573 ^ clkbuf_2_1__f_aclk/A (sky130_fd_sc_hd__clkbuf_16)
    12    0.042878    0.062325    0.151021    0.383594 ^ clkbuf_2_1__f_aclk/X (sky130_fd_sc_hd__clkbuf_16)
                                                         clknet_2_1__leaf_aclk (net)
                      0.062334    0.000758    0.384352 ^ _1280_/CLK (sky130_fd_sc_hd__dfxtp_1)
     4    0.013789    0.136859    0.377827    0.762178 ^ _1280_/Q (sky130_fd_sc_hd__dfxtp_1)
                                                         net22 (net)
                      0.136859    0.000240    0.762418 ^ _0711_/A (sky130_fd_sc_hd__or2_1)
     1    0.002818    0.040735    0.119538    0.881956 ^ _0711_/X (sky130_fd_sc_hd__or2_1)
                                                         _0118_ (net)
                      0.040736    0.000057    0.882013 ^ _0712_/B1 (sky130_fd_sc_hd__o211a_1)
     1    0.002205    0.036123    0.129609    1.011622 ^ _0712_/X (sky130_fd_sc_hd__o211a_1)
                                                         _0010_ (net)
                      0.036123    0.000063    1.011685 ^ _1280_/D (sky130_fd_sc_hd__dfxtp_1)
                                              1.011685   data arrival time

                                  0.000000    0.000000   clock aclk (rise edge)
                                  0.000000    0.000000   clock source latency
     1    0.020182    0.096542    0.066588    0.066588 ^ aclk (in)
                                                         aclk (net)
                      0.096556    0.000000    0.066588 ^ clkbuf_0_aclk/A (sky130_fd_sc_hd__clkbuf_16)
     4    0.045437    0.064633    0.164368    0.230956 ^ clkbuf_0_aclk/X (sky130_fd_sc_hd__clkbuf_16)
                                                         clknet_0_aclk (net)
                      0.064687    0.001617    0.232573 ^ clkbuf_2_1__f_aclk/A (sky130_fd_sc_hd__clkbuf_16)
    12    0.042878    0.062325    0.151021    0.383594 ^ clkbuf_2_1__f_aclk/X (sky130_fd_sc_hd__clkbuf_16)
                                                         clknet_2_1__leaf_aclk (net)
                      0.062334    0.000758    0.384352 ^ _1280_/CLK (sky130_fd_sc_hd__dfxtp_1)
                                  0.250000    0.634352   clock uncertainty
                                  0.000000    0.634352   clock reconvergence pessimism
                                 -0.027131    0.607221   library hold time
                                              0.607221   data required time
---------------------------------------------------------------------------------------------
                                              0.607221   data required time
                                             -1.011685   data arrival time
---------------------------------------------------------------------------------------------
                                              0.404464   slack (MET)


Startpoint: _1296_ (rising edge-triggered flip-flop clocked by aclk)
Endpoint: _1296_ (rising edge-triggered flip-flop clocked by aclk)
Path Group: aclk
Path Type: min

Fanout         Cap        Slew       Delay        Time   Description
---------------------------------------------------------------------------------------------
                                  0.000000    0.000000   clock aclk (rise edge)
                                  0.000000    0.000000   clock source latency
     1    0.020182    0.096542    0.066588    0.066588 ^ aclk (in)
                                                         aclk (net)
                      0.096556    0.000000    0.066588 ^ clkbuf_0_aclk/A (sky130_fd_sc_hd__clkbuf_16)
     4    0.045437    0.064633    0.164368    0.230956 ^ clkbuf_0_aclk/X (sky130_fd_sc_hd__clkbuf_16)
                                                         clknet_0_aclk (net)
                      0.064669    0.001359    0.232315 ^ clkbuf_2_3__f_aclk/A (sky130_fd_sc_hd__clkbuf_16)
    14    0.047617    0.066605    0.154405    0.386720 ^ clkbuf_2_3__f_aclk/X (sky130_fd_sc_hd__clkbuf_16)
                                                         clknet_2_3__leaf_aclk (net)
                      0.066627    0.001128    0.387848 ^ _1296_/CLK (sky130_fd_sc_hd__dfxtp_1)
     5    0.013898    0.137869    0.380036    0.767884 ^ _1296_/Q (sky130_fd_sc_hd__dfxtp_1)
                                                         net39 (net)
                      0.137869    0.000343    0.768227 ^ _0841_/A (sky130_fd_sc_hd__or2_1)
     1    0.003290    0.044514    0.122995    0.891222 ^ _0841_/X (sky130_fd_sc_hd__or2_1)
                                                         _0232_ (net)
                      0.044514    0.000097    0.891319 ^ _0842_/B1 (sky130_fd_sc_hd__o211a_1)
     1    0.002062    0.035112    0.129587    1.020906 ^ _0842_/X (sky130_fd_sc_hd__o211a_1)
                                                         _0026_ (net)
                      0.035112    0.000041    1.020947 ^ _1296_/D (sky130_fd_sc_hd__dfxtp_1)
                                              1.020947   data arrival time

                                  0.000000    0.000000   clock aclk (rise edge)
                                  0.000000    0.000000   clock source latency
     1    0.020182    0.096542    0.066588    0.066588 ^ aclk (in)
                                                         aclk (net)
                      0.096556    0.000000    0.066588 ^ clkbuf_0_aclk/A (sky130_fd_sc_hd__clkbuf_16)
     4    0.045437    0.064633    0.164368    0.230956 ^ clkbuf_0_aclk/X (sky130_fd_sc_hd__clkbuf_16)
                                                         clknet_0_aclk (net)
                      0.064669    0.001359    0.232315 ^ clkbuf_2_3__f_aclk/A (sky130_fd_sc_hd__clkbuf_16)
    14    0.047617    0.066605    0.154405    0.386720 ^ clkbuf_2_3__f_aclk/X (sky130_fd_sc_hd__clkbuf_16)
                                                         clknet_2_3__leaf_aclk (net)
                      0.066627    0.001128    0.387848 ^ _1296_/CLK (sky130_fd_sc_hd__dfxtp_1)
                                  0.250000    0.637848   clock uncertainty
                                  0.000000    0.637848   clock reconvergence pessimism
                                 -0.026355    0.611493   library hold time
                                              0.611493   data required time
---------------------------------------------------------------------------------------------
                                              0.611493   data required time
                                             -1.020947   data arrival time
---------------------------------------------------------------------------------------------
                                              0.409454   slack (MET)


Startpoint: _1293_ (rising edge-triggered flip-flop clocked by aclk)
Endpoint: _1293_ (rising edge-triggered flip-flop clocked by aclk)
Path Group: aclk
Path Type: min

Fanout         Cap        Slew       Delay        Time   Description
---------------------------------------------------------------------------------------------
                                  0.000000    0.000000   clock aclk (rise edge)
                                  0.000000    0.000000   clock source latency
     1    0.020182    0.096542    0.066588    0.066588 ^ aclk (in)
                                                         aclk (net)
                      0.096556    0.000000    0.066588 ^ clkbuf_0_aclk/A (sky130_fd_sc_hd__clkbuf_16)
     4    0.045437    0.064633    0.164368    0.230956 ^ clkbuf_0_aclk/X (sky130_fd_sc_hd__clkbuf_16)
                                                         clknet_0_aclk (net)
                      0.064687    0.001617    0.232573 ^ clkbuf_2_1__f_aclk/A (sky130_fd_sc_hd__clkbuf_16)
    12    0.042878    0.062325    0.151021    0.383594 ^ clkbuf_2_1__f_aclk/X (sky130_fd_sc_hd__clkbuf_16)
                                                         clknet_2_1__leaf_aclk (net)
                      0.062361    0.001305    0.384899 ^ _1293_/CLK (sky130_fd_sc_hd__dfxtp_1)
     4    0.014159    0.140210    0.380146    0.765046 ^ _1293_/Q (sky130_fd_sc_hd__dfxtp_1)
                                                         net36 (net)
                      0.140210    0.000386    0.765431 ^ _0815_/A (sky130_fd_sc_hd__or2_1)
     1    0.003380    0.045265    0.124099    0.889530 ^ _0815_/X (sky130_fd_sc_hd__or2_1)
                                                         _0209_ (net)
                      0.045265    0.000098    0.889628 ^ _0816_/B1 (sky130_fd_sc_hd__o211a_1)
     1    0.002022    0.034991    0.129487    1.019115 ^ _0816_/X (sky130_fd_sc_hd__o211a_1)
                                                         _0023_ (net)
                      0.034991    0.000057    1.019172 ^ _1293_/D (sky130_fd_sc_hd__dfxtp_1)
                                              1.019172   data arrival time

                                  0.000000    0.000000   clock aclk (rise edge)
                                  0.000000    0.000000   clock source latency
     1    0.020182    0.096542    0.066588    0.066588 ^ aclk (in)
                                                         aclk (net)
                      0.096556    0.000000    0.066588 ^ clkbuf_0_aclk/A (sky130_fd_sc_hd__clkbuf_16)
     4    0.045437    0.064633    0.164368    0.230956 ^ clkbuf_0_aclk/X (sky130_fd_sc_hd__clkbuf_16)
                                                         clknet_0_aclk (net)
                      0.064687    0.001617    0.232573 ^ clkbuf_2_1__f_aclk/A (sky130_fd_sc_hd__clkbuf_16)
    12    0.042878    0.062325    0.151021    0.383594 ^ clkbuf_2_1__f_aclk/X (sky130_fd_sc_hd__clkbuf_16)
                                                         clknet_2_1__leaf_aclk (net)
                      0.062361    0.001305    0.384899 ^ _1293_/CLK (sky130_fd_sc_hd__dfxtp_1)
                                  0.250000    0.634899   clock uncertainty
                                  0.000000    0.634899   clock reconvergence pessimism
                                 -0.026891    0.608009   library hold time
                                              0.608009   data required time
---------------------------------------------------------------------------------------------
                                              0.608009   data required time
                                             -1.019172   data arrival time
---------------------------------------------------------------------------------------------
                                              0.411163   slack (MET)


Startpoint: _1275_ (rising edge-triggered flip-flop clocked by aclk)
Endpoint: _1275_ (rising edge-triggered flip-flop clocked by aclk)
Path Group: aclk
Path Type: min

Fanout         Cap        Slew       Delay        Time   Description
---------------------------------------------------------------------------------------------
                                  0.000000    0.000000   clock aclk (rise edge)
                                  0.000000    0.000000   clock source latency
     1    0.020182    0.096542    0.066588    0.066588 ^ aclk (in)
                                                         aclk (net)
                      0.096556    0.000000    0.066588 ^ clkbuf_0_aclk/A (sky130_fd_sc_hd__clkbuf_16)
     4    0.045437    0.064633    0.164368    0.230956 ^ clkbuf_0_aclk/X (sky130_fd_sc_hd__clkbuf_16)
                                                         clknet_0_aclk (net)
                      0.064669    0.001359    0.232315 ^ clkbuf_2_3__f_aclk/A (sky130_fd_sc_hd__clkbuf_16)
    14    0.047617    0.066605    0.154405    0.386720 ^ clkbuf_2_3__f_aclk/X (sky130_fd_sc_hd__clkbuf_16)
                                                         clknet_2_3__leaf_aclk (net)
                      0.066652    0.001553    0.388273 ^ _1275_/CLK (sky130_fd_sc_hd__dfxtp_1)
     5    0.013362    0.133034    0.376679    0.764951 ^ _1275_/Q (sky130_fd_sc_hd__dfxtp_1)
                                                         net48 (net)
                      0.133034    0.000295    0.765247 ^ _0673_/A (sky130_fd_sc_hd__or2_1)
     1    0.003108    0.042975    0.120729    0.885975 ^ _0673_/X (sky130_fd_sc_hd__or2_1)
                                                         _0085_ (net)
                      0.042975    0.000090    0.886065 ^ _0674_/B1 (sky130_fd_sc_hd__o311a_1)
     1    0.002019    0.039402    0.141865    1.027930 ^ _0674_/X (sky130_fd_sc_hd__o311a_1)
                                                         _0005_ (net)
                      0.039402    0.000039    1.027969 ^ _1275_/D (sky130_fd_sc_hd__dfxtp_1)
                                              1.027969   data arrival time

                                  0.000000    0.000000   clock aclk (rise edge)
                                  0.000000    0.000000   clock source latency
     1    0.020182    0.096542    0.066588    0.066588 ^ aclk (in)
                                                         aclk (net)
                      0.096556    0.000000    0.066588 ^ clkbuf_0_aclk/A (sky130_fd_sc_hd__clkbuf_16)
     4    0.045437    0.064633    0.164368    0.230956 ^ clkbuf_0_aclk/X (sky130_fd_sc_hd__clkbuf_16)
                                                         clknet_0_aclk (net)
                      0.064669    0.001359    0.232315 ^ clkbuf_2_3__f_aclk/A (sky130_fd_sc_hd__clkbuf_16)
    14    0.047617    0.066605    0.154405    0.386720 ^ clkbuf_2_3__f_aclk/X (sky130_fd_sc_hd__clkbuf_16)
                                                         clknet_2_3__leaf_aclk (net)
                      0.066652    0.001553    0.388273 ^ _1275_/CLK (sky130_fd_sc_hd__dfxtp_1)
                                  0.250000    0.638273   clock uncertainty
                                  0.000000    0.638273   clock reconvergence pessimism
                                 -0.027247    0.611026   library hold time
                                              0.611026   data required time
---------------------------------------------------------------------------------------------
                                              0.611026   data required time
                                             -1.027969   data arrival time
---------------------------------------------------------------------------------------------
                                              0.416944   slack (MET)


Startpoint: _1295_ (rising edge-triggered flip-flop clocked by aclk)
Endpoint: _1295_ (rising edge-triggered flip-flop clocked by aclk)
Path Group: aclk
Path Type: min

Fanout         Cap        Slew       Delay        Time   Description
---------------------------------------------------------------------------------------------
                                  0.000000    0.000000   clock aclk (rise edge)
                                  0.000000    0.000000   clock source latency
     1    0.020182    0.096542    0.066588    0.066588 ^ aclk (in)
                                                         aclk (net)
                      0.096556    0.000000    0.066588 ^ clkbuf_0_aclk/A (sky130_fd_sc_hd__clkbuf_16)
     4    0.045437    0.064633    0.164368    0.230956 ^ clkbuf_0_aclk/X (sky130_fd_sc_hd__clkbuf_16)
                                                         clknet_0_aclk (net)
                      0.064669    0.001359    0.232315 ^ clkbuf_2_3__f_aclk/A (sky130_fd_sc_hd__clkbuf_16)
    14    0.047617    0.066605    0.154405    0.386720 ^ clkbuf_2_3__f_aclk/X (sky130_fd_sc_hd__clkbuf_16)
                                                         clknet_2_3__leaf_aclk (net)
                      0.066627    0.001140    0.387860 ^ _1295_/CLK (sky130_fd_sc_hd__dfxtp_1)
     5    0.021222    0.203864    0.427046    0.814906 ^ _1295_/Q (sky130_fd_sc_hd__dfxtp_1)
                                                         net38 (net)
                      0.203864    0.000488    0.815395 ^ _0833_/A1 (sky130_fd_sc_hd__o221a_1)
     1    0.002591    0.050087    0.210597    1.025991 ^ _0833_/X (sky130_fd_sc_hd__o221a_1)
                                                         _0025_ (net)
                      0.050087    0.000080    1.026071 ^ _1295_/D (sky130_fd_sc_hd__dfxtp_1)
                                              1.026071   data arrival time

                                  0.000000    0.000000   clock aclk (rise edge)
                                  0.000000    0.000000   clock source latency
     1    0.020182    0.096542    0.066588    0.066588 ^ aclk (in)
                                                         aclk (net)
                      0.096556    0.000000    0.066588 ^ clkbuf_0_aclk/A (sky130_fd_sc_hd__clkbuf_16)
     4    0.045437    0.064633    0.164368    0.230956 ^ clkbuf_0_aclk/X (sky130_fd_sc_hd__clkbuf_16)
                                                         clknet_0_aclk (net)
                      0.064669    0.001359    0.232315 ^ clkbuf_2_3__f_aclk/A (sky130_fd_sc_hd__clkbuf_16)
    14    0.047617    0.066605    0.154405    0.386720 ^ clkbuf_2_3__f_aclk/X (sky130_fd_sc_hd__clkbuf_16)
                                                         clknet_2_3__leaf_aclk (net)
                      0.066627    0.001140    0.387860 ^ _1295_/CLK (sky130_fd_sc_hd__dfxtp_1)
                                  0.250000    0.637860   clock uncertainty
                                  0.000000    0.637860   clock reconvergence pessimism
                                 -0.029481    0.608379   library hold time
                                              0.608379   data required time
---------------------------------------------------------------------------------------------
                                              0.608379   data required time
                                             -1.026071   data arrival time
---------------------------------------------------------------------------------------------
                                              0.417692   slack (MET)


Startpoint: _1277_ (rising edge-triggered flip-flop clocked by aclk)
Endpoint: _1277_ (rising edge-triggered flip-flop clocked by aclk)
Path Group: aclk
Path Type: min

Fanout         Cap        Slew       Delay        Time   Description
---------------------------------------------------------------------------------------------
                                  0.000000    0.000000   clock aclk (rise edge)
                                  0.000000    0.000000   clock source latency
     1    0.020182    0.096542    0.066588    0.066588 ^ aclk (in)
                                                         aclk (net)
                      0.096556    0.000000    0.066588 ^ clkbuf_0_aclk/A (sky130_fd_sc_hd__clkbuf_16)
     4    0.045437    0.064633    0.164368    0.230956 ^ clkbuf_0_aclk/X (sky130_fd_sc_hd__clkbuf_16)
                                                         clknet_0_aclk (net)
                      0.064669    0.001359    0.232315 ^ clkbuf_2_3__f_aclk/A (sky130_fd_sc_hd__clkbuf_16)
    14    0.047617    0.066605    0.154405    0.386720 ^ clkbuf_2_3__f_aclk/X (sky130_fd_sc_hd__clkbuf_16)
                                                         clknet_2_3__leaf_aclk (net)
                      0.066624    0.001078    0.387797 ^ _1277_/CLK (sky130_fd_sc_hd__dfxtp_1)
     4    0.014056    0.139276    0.381124    0.768921 ^ _1277_/Q (sky130_fd_sc_hd__dfxtp_1)
                                                         net50 (net)
                      0.139276    0.000313    0.769235 ^ _0688_/A (sky130_fd_sc_hd__or2_1)
     1    0.003257    0.044271    0.123059    0.892294 ^ _0688_/X (sky130_fd_sc_hd__or2_1)
                                                         _0098_ (net)
                      0.044271    0.000096    0.892390 ^ _0689_/B1 (sky130_fd_sc_hd__o211a_1)
     1    0.002981    0.041664    0.136641    1.029031 ^ _0689_/X (sky130_fd_sc_hd__o211a_1)
                                                         _0007_ (net)
                      0.041664    0.000089    1.029120 ^ _1277_/D (sky130_fd_sc_hd__dfxtp_1)
                                              1.029120   data arrival time

                                  0.000000    0.000000   clock aclk (rise edge)
                                  0.000000    0.000000   clock source latency
     1    0.020182    0.096542    0.066588    0.066588 ^ aclk (in)
                                                         aclk (net)
                      0.096556    0.000000    0.066588 ^ clkbuf_0_aclk/A (sky130_fd_sc_hd__clkbuf_16)
     4    0.045437    0.064633    0.164368    0.230956 ^ clkbuf_0_aclk/X (sky130_fd_sc_hd__clkbuf_16)
                                                         clknet_0_aclk (net)
                      0.064669    0.001359    0.232315 ^ clkbuf_2_3__f_aclk/A (sky130_fd_sc_hd__clkbuf_16)
    14    0.047617    0.066605    0.154405    0.386720 ^ clkbuf_2_3__f_aclk/X (sky130_fd_sc_hd__clkbuf_16)
                                                         clknet_2_3__leaf_aclk (net)
                      0.066624    0.001078    0.387797 ^ _1277_/CLK (sky130_fd_sc_hd__dfxtp_1)
                                  0.250000    0.637797   clock uncertainty
                                  0.000000    0.637797   clock reconvergence pessimism
                                 -0.027723    0.610074   library hold time
                                              0.610074   data required time
---------------------------------------------------------------------------------------------
                                              0.610074   data required time
                                             -1.029120   data arrival time
---------------------------------------------------------------------------------------------
                                              0.419046   slack (MET)


Startpoint: _1292_ (rising edge-triggered flip-flop clocked by aclk)
Endpoint: _1292_ (rising edge-triggered flip-flop clocked by aclk)
Path Group: aclk
Path Type: min

Fanout         Cap        Slew       Delay        Time   Description
---------------------------------------------------------------------------------------------
                                  0.000000    0.000000   clock aclk (rise edge)
                                  0.000000    0.000000   clock source latency
     1    0.020182    0.096542    0.066588    0.066588 ^ aclk (in)
                                                         aclk (net)
                      0.096556    0.000000    0.066588 ^ clkbuf_0_aclk/A (sky130_fd_sc_hd__clkbuf_16)
     4    0.045437    0.064633    0.164368    0.230956 ^ clkbuf_0_aclk/X (sky130_fd_sc_hd__clkbuf_16)
                                                         clknet_0_aclk (net)
                      0.064687    0.001617    0.232573 ^ clkbuf_2_1__f_aclk/A (sky130_fd_sc_hd__clkbuf_16)
    12    0.042878    0.062325    0.151021    0.383594 ^ clkbuf_2_1__f_aclk/X (sky130_fd_sc_hd__clkbuf_16)
                                                         clknet_2_1__leaf_aclk (net)
                      0.062355    0.001206    0.384800 ^ _1292_/CLK (sky130_fd_sc_hd__dfxtp_1)
     5    0.015587    0.153085    0.389231    0.774031 ^ _1292_/Q (sky130_fd_sc_hd__dfxtp_1)
                                                         net35 (net)
                      0.153085    0.000435    0.774466 ^ _0810_/A (sky130_fd_sc_hd__or2_1)
     1    0.002929    0.041874    0.123664    0.898130 ^ _0810_/X (sky130_fd_sc_hd__or2_1)
                                                         _0205_ (net)
                      0.041874    0.000086    0.898217 ^ _0811_/B1 (sky130_fd_sc_hd__o211a_1)
     1    0.002325    0.036924    0.130867    1.029084 ^ _0811_/X (sky130_fd_sc_hd__o211a_1)
                                                         _0022_ (net)
                      0.036924    0.000066    1.029150 ^ _1292_/D (sky130_fd_sc_hd__dfxtp_1)
                                              1.029150   data arrival time

                                  0.000000    0.000000   clock aclk (rise edge)
                                  0.000000    0.000000   clock source latency
     1    0.020182    0.096542    0.066588    0.066588 ^ aclk (in)
                                                         aclk (net)
                      0.096556    0.000000    0.066588 ^ clkbuf_0_aclk/A (sky130_fd_sc_hd__clkbuf_16)
     4    0.045437    0.064633    0.164368    0.230956 ^ clkbuf_0_aclk/X (sky130_fd_sc_hd__clkbuf_16)
                                                         clknet_0_aclk (net)
                      0.064687    0.001617    0.232573 ^ clkbuf_2_1__f_aclk/A (sky130_fd_sc_hd__clkbuf_16)
    12    0.042878    0.062325    0.151021    0.383594 ^ clkbuf_2_1__f_aclk/X (sky130_fd_sc_hd__clkbuf_16)
                                                         clknet_2_1__leaf_aclk (net)
                      0.062355    0.001206    0.384800 ^ _1292_/CLK (sky130_fd_sc_hd__dfxtp_1)
                                  0.250000    0.634800   clock uncertainty
                                  0.000000    0.634800   clock reconvergence pessimism
                                 -0.027295    0.607505   library hold time
                                              0.607505   data required time
---------------------------------------------------------------------------------------------
                                              0.607505   data required time
                                             -1.029150   data arrival time
---------------------------------------------------------------------------------------------
                                              0.421645   slack (MET)


Startpoint: _1281_ (rising edge-triggered flip-flop clocked by aclk)
Endpoint: _1281_ (rising edge-triggered flip-flop clocked by aclk)
Path Group: aclk
Path Type: min

Fanout         Cap        Slew       Delay        Time   Description
---------------------------------------------------------------------------------------------
                                  0.000000    0.000000   clock aclk (rise edge)
                                  0.000000    0.000000   clock source latency
     1    0.020182    0.096542    0.066588    0.066588 ^ aclk (in)
                                                         aclk (net)
                      0.096556    0.000000    0.066588 ^ clkbuf_0_aclk/A (sky130_fd_sc_hd__clkbuf_16)
     4    0.045437    0.064633    0.164368    0.230956 ^ clkbuf_0_aclk/X (sky130_fd_sc_hd__clkbuf_16)
                                                         clknet_0_aclk (net)
                      0.064687    0.001617    0.232573 ^ clkbuf_2_1__f_aclk/A (sky130_fd_sc_hd__clkbuf_16)
    12    0.042878    0.062325    0.151021    0.383594 ^ clkbuf_2_1__f_aclk/X (sky130_fd_sc_hd__clkbuf_16)
                                                         clknet_2_1__leaf_aclk (net)
                      0.062333    0.000736    0.384330 ^ _1281_/CLK (sky130_fd_sc_hd__dfxtp_1)
     5    0.016270    0.159222    0.393664    0.777993 ^ _1281_/Q (sky130_fd_sc_hd__dfxtp_1)
                                                         net23 (net)
                      0.159222    0.000429    0.778423 ^ _0719_/A (sky130_fd_sc_hd__or2_1)
     1    0.003146    0.043684    0.126438    0.904861 ^ _0719_/X (sky130_fd_sc_hd__or2_1)
                                                         _0125_ (net)
                      0.043685    0.000092    0.904953 ^ _0720_/B1 (sky130_fd_sc_hd__o211a_1)
     1    0.001964    0.034431    0.128595    1.033548 ^ _0720_/X (sky130_fd_sc_hd__o211a_1)
                                                         _0011_ (net)
                      0.034431    0.000038    1.033586 ^ _1281_/D (sky130_fd_sc_hd__dfxtp_1)
                                              1.033586   data arrival time

                                  0.000000    0.000000   clock aclk (rise edge)
                                  0.000000    0.000000   clock source latency
     1    0.020182    0.096542    0.066588    0.066588 ^ aclk (in)
                                                         aclk (net)
                      0.096556    0.000000    0.066588 ^ clkbuf_0_aclk/A (sky130_fd_sc_hd__clkbuf_16)
     4    0.045437    0.064633    0.164368    0.230956 ^ clkbuf_0_aclk/X (sky130_fd_sc_hd__clkbuf_16)
                                                         clknet_0_aclk (net)
                      0.064687    0.001617    0.232573 ^ clkbuf_2_1__f_aclk/A (sky130_fd_sc_hd__clkbuf_16)
    12    0.042878    0.062325    0.151021    0.383594 ^ clkbuf_2_1__f_aclk/X (sky130_fd_sc_hd__clkbuf_16)
                                                         clknet_2_1__leaf_aclk (net)
                      0.062333    0.000736    0.384330 ^ _1281_/CLK (sky130_fd_sc_hd__dfxtp_1)
                                  0.250000    0.634330   clock uncertainty
                                  0.000000    0.634330   clock reconvergence pessimism
                                 -0.026777    0.607553   library hold time
                                              0.607553   data required time
---------------------------------------------------------------------------------------------
                                              0.607553   data required time
                                             -1.033586   data arrival time
---------------------------------------------------------------------------------------------
                                              0.426033   slack (MET)


Startpoint: _1291_ (rising edge-triggered flip-flop clocked by aclk)
Endpoint: _1291_ (rising edge-triggered flip-flop clocked by aclk)
Path Group: aclk
Path Type: min

Fanout         Cap        Slew       Delay        Time   Description
---------------------------------------------------------------------------------------------
                                  0.000000    0.000000   clock aclk (rise edge)
                                  0.000000    0.000000   clock source latency
     1    0.020182    0.096542    0.066588    0.066588 ^ aclk (in)
                                                         aclk (net)
                      0.096556    0.000000    0.066588 ^ clkbuf_0_aclk/A (sky130_fd_sc_hd__clkbuf_16)
     4    0.045437    0.064633    0.164368    0.230956 ^ clkbuf_0_aclk/X (sky130_fd_sc_hd__clkbuf_16)
                                                         clknet_0_aclk (net)
                      0.064687    0.001617    0.232573 ^ clkbuf_2_1__f_aclk/A (sky130_fd_sc_hd__clkbuf_16)
    12    0.042878    0.062325    0.151021    0.383594 ^ clkbuf_2_1__f_aclk/X (sky130_fd_sc_hd__clkbuf_16)
                                                         clknet_2_1__leaf_aclk (net)
                      0.062347    0.001067    0.384661 ^ _1291_/CLK (sky130_fd_sc_hd__dfxtp_1)
     5    0.022994    0.219766    0.436743    0.821404 ^ _1291_/Q (sky130_fd_sc_hd__dfxtp_1)
                                                         net34 (net)
                      0.219766    0.000440    0.821844 ^ _0803_/A1 (sky130_fd_sc_hd__o221a_1)
     1    0.002301    0.047559    0.211405    1.033249 ^ _0803_/X (sky130_fd_sc_hd__o221a_1)
                                                         _0021_ (net)
                      0.047559    0.000048    1.033296 ^ _1291_/D (sky130_fd_sc_hd__dfxtp_1)
                                              1.033296   data arrival time

                                  0.000000    0.000000   clock aclk (rise edge)
                                  0.000000    0.000000   clock source latency
     1    0.020182    0.096542    0.066588    0.066588 ^ aclk (in)
                                                         aclk (net)
                      0.096556    0.000000    0.066588 ^ clkbuf_0_aclk/A (sky130_fd_sc_hd__clkbuf_16)
     4    0.045437    0.064633    0.164368    0.230956 ^ clkbuf_0_aclk/X (sky130_fd_sc_hd__clkbuf_16)
                                                         clknet_0_aclk (net)
                      0.064687    0.001617    0.232573 ^ clkbuf_2_1__f_aclk/A (sky130_fd_sc_hd__clkbuf_16)
    12    0.042878    0.062325    0.151021    0.383594 ^ clkbuf_2_1__f_aclk/X (sky130_fd_sc_hd__clkbuf_16)
                                                         clknet_2_1__leaf_aclk (net)
                      0.062347    0.001067    0.384661 ^ _1291_/CLK (sky130_fd_sc_hd__dfxtp_1)
                                  0.250000    0.634661   clock uncertainty
                                  0.000000    0.634661   clock reconvergence pessimism
                                 -0.029518    0.605143   library hold time
                                              0.605143   data required time
---------------------------------------------------------------------------------------------
                                              0.605143   data required time
                                             -1.033296   data arrival time
---------------------------------------------------------------------------------------------
                                              0.428153   slack (MET)


Startpoint: _1297_ (rising edge-triggered flip-flop clocked by aclk)
Endpoint: _1297_ (rising edge-triggered flip-flop clocked by aclk)
Path Group: aclk
Path Type: min

Fanout         Cap        Slew       Delay        Time   Description
---------------------------------------------------------------------------------------------
                                  0.000000    0.000000   clock aclk (rise edge)
                                  0.000000    0.000000   clock source latency
     1    0.020182    0.096542    0.066588    0.066588 ^ aclk (in)
                                                         aclk (net)
                      0.096556    0.000000    0.066588 ^ clkbuf_0_aclk/A (sky130_fd_sc_hd__clkbuf_16)
     4    0.045437    0.064633    0.164368    0.230956 ^ clkbuf_0_aclk/X (sky130_fd_sc_hd__clkbuf_16)
                                                         clknet_0_aclk (net)
                      0.064669    0.001359    0.232315 ^ clkbuf_2_3__f_aclk/A (sky130_fd_sc_hd__clkbuf_16)
    14    0.047617    0.066605    0.154405    0.386720 ^ clkbuf_2_3__f_aclk/X (sky130_fd_sc_hd__clkbuf_16)
                                                         clknet_2_3__leaf_aclk (net)
                      0.066620    0.000991    0.387710 ^ _1297_/CLK (sky130_fd_sc_hd__dfxtp_1)
     4    0.015365    0.151074    0.389454    0.777164 ^ _1297_/Q (sky130_fd_sc_hd__dfxtp_1)
                                                         net40 (net)
                      0.151074    0.000297    0.777461 ^ _0847_/A (sky130_fd_sc_hd__or2_1)
     1    0.003519    0.046557    0.127294    0.904755 ^ _0847_/X (sky130_fd_sc_hd__or2_1)
                                                         _0237_ (net)
                      0.046557    0.000107    0.904862 ^ _0848_/B1 (sky130_fd_sc_hd__o311a_1)
     1    0.001914    0.038508    0.141960    1.046821 ^ _0848_/X (sky130_fd_sc_hd__o311a_1)
                                                         _0027_ (net)
                      0.038508    0.000037    1.046858 ^ _1297_/D (sky130_fd_sc_hd__dfxtp_1)
                                              1.046858   data arrival time

                                  0.000000    0.000000   clock aclk (rise edge)
                                  0.000000    0.000000   clock source latency
     1    0.020182    0.096542    0.066588    0.066588 ^ aclk (in)
                                                         aclk (net)
                      0.096556    0.000000    0.066588 ^ clkbuf_0_aclk/A (sky130_fd_sc_hd__clkbuf_16)
     4    0.045437    0.064633    0.164368    0.230956 ^ clkbuf_0_aclk/X (sky130_fd_sc_hd__clkbuf_16)
                                                         clknet_0_aclk (net)
                      0.064669    0.001359    0.232315 ^ clkbuf_2_3__f_aclk/A (sky130_fd_sc_hd__clkbuf_16)
    14    0.047617    0.066605    0.154405    0.386720 ^ clkbuf_2_3__f_aclk/X (sky130_fd_sc_hd__clkbuf_16)
                                                         clknet_2_3__leaf_aclk (net)
                      0.066620    0.000991    0.387710 ^ _1297_/CLK (sky130_fd_sc_hd__dfxtp_1)
                                  0.250000    0.637710   clock uncertainty
                                  0.000000    0.637710   clock reconvergence pessimism
                                 -0.027065    0.610646   library hold time
                                              0.610646   data required time
---------------------------------------------------------------------------------------------
                                              0.610646   data required time
                                             -1.046858   data arrival time
---------------------------------------------------------------------------------------------
                                              0.436212   slack (MET)


Startpoint: _1271_ (rising edge-triggered flip-flop clocked by aclk)
Endpoint: _1271_ (rising edge-triggered flip-flop clocked by aclk)
Path Group: aclk
Path Type: min

Fanout         Cap        Slew       Delay        Time   Description
---------------------------------------------------------------------------------------------
                                  0.000000    0.000000   clock aclk (rise edge)
                                  0.000000    0.000000   clock source latency
     1    0.020182    0.096542    0.066588    0.066588 ^ aclk (in)
                                                         aclk (net)
                      0.096556    0.000000    0.066588 ^ clkbuf_0_aclk/A (sky130_fd_sc_hd__clkbuf_16)
     4    0.045437    0.064633    0.164368    0.230956 ^ clkbuf_0_aclk/X (sky130_fd_sc_hd__clkbuf_16)
                                                         clknet_0_aclk (net)
                      0.064665    0.001296    0.232252 ^ clkbuf_2_2__f_aclk/A (sky130_fd_sc_hd__clkbuf_16)
    14    0.044861    0.064201    0.152028    0.384280 ^ clkbuf_2_2__f_aclk/X (sky130_fd_sc_hd__clkbuf_16)
                                                         clknet_2_2__leaf_aclk (net)
                      0.064225    0.001264    0.385544 ^ _1271_/CLK (sky130_fd_sc_hd__dfxtp_1)
     4    0.017439    0.169775    0.401814    0.787359 ^ _1271_/Q (sky130_fd_sc_hd__dfxtp_1)
                                                         net32 (net)
                      0.169775    0.000389    0.787747 ^ _0645_/A (sky130_fd_sc_hd__or2_1)
     1    0.003251    0.044164    0.129364    0.917111 ^ _0645_/X (sky130_fd_sc_hd__or2_1)
                                                         _0061_ (net)
                      0.044164    0.000099    0.917210 ^ _0646_/B1 (sky130_fd_sc_hd__o211a_1)
     1    0.002394    0.037430    0.132059    1.049269 ^ _0646_/X (sky130_fd_sc_hd__o211a_1)
                                                         _0001_ (net)
                      0.037430    0.000071    1.049341 ^ _1271_/D (sky130_fd_sc_hd__dfxtp_1)
                                              1.049341   data arrival time

                                  0.000000    0.000000   clock aclk (rise edge)
                                  0.000000    0.000000   clock source latency
     1    0.020182    0.096542    0.066588    0.066588 ^ aclk (in)
                                                         aclk (net)
                      0.096556    0.000000    0.066588 ^ clkbuf_0_aclk/A (sky130_fd_sc_hd__clkbuf_16)
     4    0.045437    0.064633    0.164368    0.230956 ^ clkbuf_0_aclk/X (sky130_fd_sc_hd__clkbuf_16)
                                                         clknet_0_aclk (net)
                      0.064665    0.001296    0.232252 ^ clkbuf_2_2__f_aclk/A (sky130_fd_sc_hd__clkbuf_16)
    14    0.044861    0.064201    0.152028    0.384280 ^ clkbuf_2_2__f_aclk/X (sky130_fd_sc_hd__clkbuf_16)
                                                         clknet_2_2__leaf_aclk (net)
                      0.064225    0.001264    0.385544 ^ _1271_/CLK (sky130_fd_sc_hd__dfxtp_1)
                                  0.250000    0.635544   clock uncertainty
                                  0.000000    0.635544   clock reconvergence pessimism
                                 -0.027155    0.608389   library hold time
                                              0.608389   data required time
---------------------------------------------------------------------------------------------
                                              0.608389   data required time
                                             -1.049341   data arrival time
---------------------------------------------------------------------------------------------
                                              0.440951   slack (MET)


Startpoint: _1287_ (rising edge-triggered flip-flop clocked by aclk)
Endpoint: _1287_ (rising edge-triggered flip-flop clocked by aclk)
Path Group: aclk
Path Type: min

Fanout         Cap        Slew       Delay        Time   Description
---------------------------------------------------------------------------------------------
                                  0.000000    0.000000   clock aclk (rise edge)
                                  0.000000    0.000000   clock source latency
     1    0.020182    0.096542    0.066588    0.066588 ^ aclk (in)
                                                         aclk (net)
                      0.096556    0.000000    0.066588 ^ clkbuf_0_aclk/A (sky130_fd_sc_hd__clkbuf_16)
     4    0.045437    0.064633    0.164368    0.230956 ^ clkbuf_0_aclk/X (sky130_fd_sc_hd__clkbuf_16)
                                                         clknet_0_aclk (net)
                      0.064687    0.001617    0.232573 ^ clkbuf_2_1__f_aclk/A (sky130_fd_sc_hd__clkbuf_16)
    12    0.042878    0.062325    0.151021    0.383594 ^ clkbuf_2_1__f_aclk/X (sky130_fd_sc_hd__clkbuf_16)
                                                         clknet_2_1__leaf_aclk (net)
                      0.062332    0.000700    0.384294 ^ _1287_/CLK (sky130_fd_sc_hd__dfxtp_1)
     5    0.018909    0.182974    0.410665    0.794959 ^ _1287_/Q (sky130_fd_sc_hd__dfxtp_1)
                                                         net29 (net)
                      0.182974    0.000281    0.795240 ^ _0770_/A (sky130_fd_sc_hd__or2_1)
     1    0.002872    0.041922    0.129495    0.924734 ^ _0770_/X (sky130_fd_sc_hd__or2_1)
                                                         _0170_ (net)
                      0.041922    0.000060    0.924794 ^ _0771_/B1 (sky130_fd_sc_hd__o211a_1)
     1    0.002057    0.035248    0.128808    1.053602 ^ _0771_/X (sky130_fd_sc_hd__o211a_1)
                                                         _0017_ (net)
                      0.035248    0.000058    1.053661 ^ _1287_/D (sky130_fd_sc_hd__dfxtp_1)
                                              1.053661   data arrival time

                                  0.000000    0.000000   clock aclk (rise edge)
                                  0.000000    0.000000   clock source latency
     1    0.020182    0.096542    0.066588    0.066588 ^ aclk (in)
                                                         aclk (net)
                      0.096556    0.000000    0.066588 ^ clkbuf_0_aclk/A (sky130_fd_sc_hd__clkbuf_16)
     4    0.045437    0.064633    0.164368    0.230956 ^ clkbuf_0_aclk/X (sky130_fd_sc_hd__clkbuf_16)
                                                         clknet_0_aclk (net)
                      0.064687    0.001617    0.232573 ^ clkbuf_2_1__f_aclk/A (sky130_fd_sc_hd__clkbuf_16)
    12    0.042878    0.062325    0.151021    0.383594 ^ clkbuf_2_1__f_aclk/X (sky130_fd_sc_hd__clkbuf_16)
                                                         clknet_2_1__leaf_aclk (net)
                      0.062332    0.000700    0.384294 ^ _1287_/CLK (sky130_fd_sc_hd__dfxtp_1)
                                  0.250000    0.634294   clock uncertainty
                                  0.000000    0.634294   clock reconvergence pessimism
                                 -0.026948    0.607346   library hold time
                                              0.607346   data required time
---------------------------------------------------------------------------------------------
                                              0.607346   data required time
                                             -1.053661   data arrival time
---------------------------------------------------------------------------------------------
                                              0.446315   slack (MET)


Startpoint: _1317_ (rising edge-triggered flip-flop clocked by aclk)
Endpoint: _1317_ (rising edge-triggered flip-flop clocked by aclk)
Path Group: aclk
Path Type: min

Fanout         Cap        Slew       Delay        Time   Description
---------------------------------------------------------------------------------------------
                                  0.000000    0.000000   clock aclk (rise edge)
                                  0.000000    0.000000   clock source latency
     1    0.020182    0.096542    0.066588    0.066588 ^ aclk (in)
                                                         aclk (net)
                      0.096556    0.000000    0.066588 ^ clkbuf_0_aclk/A (sky130_fd_sc_hd__clkbuf_16)
     4    0.045437    0.064633    0.164368    0.230956 ^ clkbuf_0_aclk/X (sky130_fd_sc_hd__clkbuf_16)
                                                         clknet_0_aclk (net)
                      0.064672    0.001402    0.232358 ^ clkbuf_2_0__f_aclk/A (sky130_fd_sc_hd__clkbuf_16)
    14    0.044588    0.063830    0.152034    0.384392 ^ clkbuf_2_0__f_aclk/X (sky130_fd_sc_hd__clkbuf_16)
                                                         clknet_2_0__leaf_aclk (net)
                      0.063884    0.001645    0.386036 ^ _1317_/CLK (sky130_fd_sc_hd__dfxtp_1)
     1    0.003227    0.044140    0.309541    0.695577 ^ _1317_/Q (sky130_fd_sc_hd__dfxtp_1)
                                                         cnn_mac_wrapper.core_inst.product[15] (net)
                      0.044140    0.000098    0.695675 ^ fanout61/A (sky130_fd_sc_hd__clkbuf_2)
     5    0.033895    0.186515    0.203710    0.899385 ^ fanout61/X (sky130_fd_sc_hd__clkbuf_2)
                                                         net61 (net)
                      0.186517    0.000536    0.899921 ^ _1261_/A1 (sky130_fd_sc_hd__o211a_1)
     1    0.002556    0.039879    0.176081    1.076002 ^ _1261_/X (sky130_fd_sc_hd__o211a_1)
                                                         _0047_ (net)
                      0.039879    0.000055    1.076057 ^ _1317_/D (sky130_fd_sc_hd__dfxtp_1)
                                              1.076057   data arrival time

                                  0.000000    0.000000   clock aclk (rise edge)
                                  0.000000    0.000000   clock source latency
     1    0.020182    0.096542    0.066588    0.066588 ^ aclk (in)
                                                         aclk (net)
                      0.096556    0.000000    0.066588 ^ clkbuf_0_aclk/A (sky130_fd_sc_hd__clkbuf_16)
     4    0.045437    0.064633    0.164368    0.230956 ^ clkbuf_0_aclk/X (sky130_fd_sc_hd__clkbuf_16)
                                                         clknet_0_aclk (net)
                      0.064672    0.001402    0.232358 ^ clkbuf_2_0__f_aclk/A (sky130_fd_sc_hd__clkbuf_16)
    14    0.044588    0.063830    0.152034    0.384392 ^ clkbuf_2_0__f_aclk/X (sky130_fd_sc_hd__clkbuf_16)
                                                         clknet_2_0__leaf_aclk (net)
                      0.063884    0.001645    0.386036 ^ _1317_/CLK (sky130_fd_sc_hd__dfxtp_1)
                                  0.250000    0.636036   clock uncertainty
                                  0.000000    0.636036   clock reconvergence pessimism
                                 -0.027711    0.608325   library hold time
                                              0.608325   data required time
---------------------------------------------------------------------------------------------
                                              0.608325   data required time
                                             -1.076057   data arrival time
---------------------------------------------------------------------------------------------
                                              0.467732   slack (MET)


Startpoint: _1301_ (rising edge-triggered flip-flop clocked by aclk)
Endpoint: _1301_ (rising edge-triggered flip-flop clocked by aclk)
Path Group: aclk
Path Type: min

Fanout         Cap        Slew       Delay        Time   Description
---------------------------------------------------------------------------------------------
                                  0.000000    0.000000   clock aclk (rise edge)
                                  0.000000    0.000000   clock source latency
     1    0.020182    0.096542    0.066588    0.066588 ^ aclk (in)
                                                         aclk (net)
                      0.096556    0.000000    0.066588 ^ clkbuf_0_aclk/A (sky130_fd_sc_hd__clkbuf_16)
     4    0.045437    0.064633    0.164368    0.230956 ^ clkbuf_0_aclk/X (sky130_fd_sc_hd__clkbuf_16)
                                                         clknet_0_aclk (net)
                      0.064669    0.001359    0.232315 ^ clkbuf_2_3__f_aclk/A (sky130_fd_sc_hd__clkbuf_16)
    14    0.047617    0.066605    0.154405    0.386720 ^ clkbuf_2_3__f_aclk/X (sky130_fd_sc_hd__clkbuf_16)
                                                         clknet_2_3__leaf_aclk (net)
                      0.066642    0.001402    0.388121 ^ _1301_/CLK (sky130_fd_sc_hd__dfxtp_1)
     4    0.008993    0.051577    0.324658    0.712779 v _1301_/Q (sky130_fd_sc_hd__dfxtp_1)
                                                         net45 (net)
                      0.051577    0.000224    0.713003 v _0872_/B (sky130_fd_sc_hd__nand2_1)
     2    0.005533    0.065397    0.081053    0.794056 ^ _0872_/Y (sky130_fd_sc_hd__nand2_1)
                                                         _0258_ (net)
                      0.065397    0.000079    0.794135 ^ _0873_/A2 (sky130_fd_sc_hd__a21oi_1)
     1    0.003217    0.043036    0.066687    0.860821 v _0873_/Y (sky130_fd_sc_hd__a21oi_1)
                                                         _0259_ (net)
                      0.043036    0.000098    0.860919 v _0875_/B1 (sky130_fd_sc_hd__o221a_1)
     1    0.001998    0.029339    0.210356    1.071275 v _0875_/X (sky130_fd_sc_hd__o221a_1)
                                                         _0031_ (net)
                      0.029339    0.000039    1.071314 v _1301_/D (sky130_fd_sc_hd__dfxtp_1)
                                              1.071314   data arrival time

                                  0.000000    0.000000   clock aclk (rise edge)
                                  0.000000    0.000000   clock source latency
     1    0.020182    0.096542    0.066588    0.066588 ^ aclk (in)
                                                         aclk (net)
                      0.096556    0.000000    0.066588 ^ clkbuf_0_aclk/A (sky130_fd_sc_hd__clkbuf_16)
     4    0.045437    0.064633    0.164368    0.230956 ^ clkbuf_0_aclk/X (sky130_fd_sc_hd__clkbuf_16)
                                                         clknet_0_aclk (net)
                      0.064669    0.001359    0.232315 ^ clkbuf_2_3__f_aclk/A (sky130_fd_sc_hd__clkbuf_16)
    14    0.047617    0.066605    0.154405    0.386720 ^ clkbuf_2_3__f_aclk/X (sky130_fd_sc_hd__clkbuf_16)
                                                         clknet_2_3__leaf_aclk (net)
                      0.066642    0.001402    0.388121 ^ _1301_/CLK (sky130_fd_sc_hd__dfxtp_1)
                                  0.250000    0.638121   clock uncertainty
                                  0.000000    0.638121   clock reconvergence pessimism
                                 -0.042128    0.595993   library hold time
                                              0.595993   data required time
---------------------------------------------------------------------------------------------
                                              0.595993   data required time
                                             -1.071314   data arrival time
---------------------------------------------------------------------------------------------
                                              0.475321   slack (MET)


Startpoint: _1305_ (rising edge-triggered flip-flop clocked by aclk)
Endpoint: _1273_ (rising edge-triggered flip-flop clocked by aclk)
Path Group: aclk
Path Type: min

Fanout         Cap        Slew       Delay        Time   Description
---------------------------------------------------------------------------------------------
                                  0.000000    0.000000   clock aclk (rise edge)
                                  0.000000    0.000000   clock source latency
     1    0.020182    0.096542    0.066588    0.066588 ^ aclk (in)
                                                         aclk (net)
                      0.096556    0.000000    0.066588 ^ clkbuf_0_aclk/A (sky130_fd_sc_hd__clkbuf_16)
     4    0.045437    0.064633    0.164368    0.230956 ^ clkbuf_0_aclk/X (sky130_fd_sc_hd__clkbuf_16)
                                                         clknet_0_aclk (net)
                      0.064665    0.001296    0.232252 ^ clkbuf_2_2__f_aclk/A (sky130_fd_sc_hd__clkbuf_16)
    14    0.044861    0.064201    0.152028    0.384280 ^ clkbuf_2_2__f_aclk/X (sky130_fd_sc_hd__clkbuf_16)
                                                         clknet_2_2__leaf_aclk (net)
                      0.064384    0.002274    0.386555 ^ _1305_/CLK (sky130_fd_sc_hd__dfxtp_1)
     3    0.006008    0.039802    0.311730    0.698285 v _1305_/Q (sky130_fd_sc_hd__dfxtp_1)
                                                         cnn_mac_wrapper.core_inst.product[3] (net)
                      0.039802    0.000121    0.698406 v _0654_/A (sky130_fd_sc_hd__nand2_1)
     3    0.007627    0.078335    0.081906    0.780312 ^ _0654_/Y (sky130_fd_sc_hd__nand2_1)
                                                         _0068_ (net)
                      0.078336    0.000165    0.780476 ^ _0658_/A1 (sky130_fd_sc_hd__a21oi_1)
     1    0.003661    0.035746    0.069308    0.849784 v _0658_/Y (sky130_fd_sc_hd__a21oi_1)
                                                         _0072_ (net)
                      0.035746    0.000118    0.849902 v _0659_/A2 (sky130_fd_sc_hd__o21ai_1)
     1    0.003958    0.094412    0.122787    0.972688 ^ _0659_/Y (sky130_fd_sc_hd__o21ai_1)
                                                         _0073_ (net)
                      0.094412    0.000128    0.972816 ^ _0660_/B1 (sky130_fd_sc_hd__o211a_1)
     1    0.002303    0.038072    0.145637    1.118454 ^ _0660_/X (sky130_fd_sc_hd__o211a_1)
                                                         _0003_ (net)
                      0.038087    0.000068    1.118521 ^ _1273_/D (sky130_fd_sc_hd__dfxtp_1)
                                              1.118521   data arrival time

                                  0.000000    0.000000   clock aclk (rise edge)
                                  0.000000    0.000000   clock source latency
     1    0.020182    0.096542    0.066588    0.066588 ^ aclk (in)
                                                         aclk (net)
                      0.096556    0.000000    0.066588 ^ clkbuf_0_aclk/A (sky130_fd_sc_hd__clkbuf_16)
     4    0.045437    0.064633    0.164368    0.230956 ^ clkbuf_0_aclk/X (sky130_fd_sc_hd__clkbuf_16)
                                                         clknet_0_aclk (net)
                      0.064665    0.001296    0.232252 ^ clkbuf_2_2__f_aclk/A (sky130_fd_sc_hd__clkbuf_16)
    14    0.044861    0.064201    0.152028    0.384280 ^ clkbuf_2_2__f_aclk/X (sky130_fd_sc_hd__clkbuf_16)
                                                         clknet_2_2__leaf_aclk (net)
                      0.064367    0.002115    0.386395 ^ _1273_/CLK (sky130_fd_sc_hd__dfxtp_1)
                                  0.250000    0.636395   clock uncertainty
                                  0.000000    0.636395   clock reconvergence pessimism
                                 -0.027273    0.609122   library hold time
                                              0.609122   data required time
---------------------------------------------------------------------------------------------
                                              0.609122   data required time
                                             -1.118521   data arrival time
---------------------------------------------------------------------------------------------
                                              0.509399   slack (MET)


Startpoint: _1304_ (rising edge-triggered flip-flop clocked by aclk)
Endpoint: _1272_ (rising edge-triggered flip-flop clocked by aclk)
Path Group: aclk
Path Type: min

Fanout         Cap        Slew       Delay        Time   Description
---------------------------------------------------------------------------------------------
                                  0.000000    0.000000   clock aclk (rise edge)
                                  0.000000    0.000000   clock source latency
     1    0.020182    0.096542    0.066588    0.066588 ^ aclk (in)
                                                         aclk (net)
                      0.096556    0.000000    0.066588 ^ clkbuf_0_aclk/A (sky130_fd_sc_hd__clkbuf_16)
     4    0.045437    0.064633    0.164368    0.230956 ^ clkbuf_0_aclk/X (sky130_fd_sc_hd__clkbuf_16)
                                                         clknet_0_aclk (net)
                      0.064665    0.001296    0.232252 ^ clkbuf_2_2__f_aclk/A (sky130_fd_sc_hd__clkbuf_16)
    14    0.044861    0.064201    0.152028    0.384280 ^ clkbuf_2_2__f_aclk/X (sky130_fd_sc_hd__clkbuf_16)
                                                         clknet_2_2__leaf_aclk (net)
                      0.064412    0.002504    0.386785 ^ _1304_/CLK (sky130_fd_sc_hd__dfxtp_1)
     3    0.007266    0.045184    0.316862    0.703647 v _1304_/Q (sky130_fd_sc_hd__dfxtp_1)
                                                         cnn_mac_wrapper.core_inst.product[2] (net)
                      0.045184    0.000095    0.703741 v _0647_/A (sky130_fd_sc_hd__nand2_1)
     3    0.007002    0.072909    0.080229    0.783971 ^ _0647_/Y (sky130_fd_sc_hd__nand2_1)
                                                         _0062_ (net)
                      0.072910    0.000145    0.784115 ^ _0651_/A1 (sky130_fd_sc_hd__a21oi_1)
     1    0.003129    0.038981    0.064587    0.848703 v _0651_/Y (sky130_fd_sc_hd__a21oi_1)
                                                         _0066_ (net)
                      0.038982    0.000096    0.848799 v _0652_/A2 (sky130_fd_sc_hd__o21ai_1)
     1    0.004028    0.095138    0.124820    0.973619 ^ _0652_/Y (sky130_fd_sc_hd__o21ai_1)
                                                         _0067_ (net)
                      0.095138    0.000140    0.973758 ^ _0653_/B1 (sky130_fd_sc_hd__o211a_1)
     1    0.002347    0.038383    0.146183    1.119942 ^ _0653_/X (sky130_fd_sc_hd__o211a_1)
                                                         _0002_ (net)
                      0.038383    0.000066    1.120008 ^ _1272_/D (sky130_fd_sc_hd__dfxtp_1)
                                              1.120008   data arrival time

                                  0.000000    0.000000   clock aclk (rise edge)
                                  0.000000    0.000000   clock source latency
     1    0.020182    0.096542    0.066588    0.066588 ^ aclk (in)
                                                         aclk (net)
                      0.096556    0.000000    0.066588 ^ clkbuf_0_aclk/A (sky130_fd_sc_hd__clkbuf_16)
     4    0.045437    0.064633    0.164368    0.230956 ^ clkbuf_0_aclk/X (sky130_fd_sc_hd__clkbuf_16)
                                                         clknet_0_aclk (net)
                      0.064665    0.001296    0.232252 ^ clkbuf_2_2__f_aclk/A (sky130_fd_sc_hd__clkbuf_16)
    14    0.044861    0.064201    0.152028    0.384280 ^ clkbuf_2_2__f_aclk/X (sky130_fd_sc_hd__clkbuf_16)
                                                         clknet_2_2__leaf_aclk (net)
                      0.064398    0.002392    0.386673 ^ _1272_/CLK (sky130_fd_sc_hd__dfxtp_1)
                                  0.250000    0.636672   clock uncertainty
                                  0.000000    0.636672   clock reconvergence pessimism
                                 -0.027331    0.609341   library hold time
                                              0.609341   data required time
---------------------------------------------------------------------------------------------
                                              0.609341   data required time
                                             -1.120008   data arrival time
---------------------------------------------------------------------------------------------
                                              0.510666   slack (MET)


Startpoint: _1311_ (rising edge-triggered flip-flop clocked by aclk)
Endpoint: _1279_ (rising edge-triggered flip-flop clocked by aclk)
Path Group: aclk
Path Type: min

Fanout         Cap        Slew       Delay        Time   Description
---------------------------------------------------------------------------------------------
                                  0.000000    0.000000   clock aclk (rise edge)
                                  0.000000    0.000000   clock source latency
     1    0.020182    0.096542    0.066588    0.066588 ^ aclk (in)
                                                         aclk (net)
                      0.096556    0.000000    0.066588 ^ clkbuf_0_aclk/A (sky130_fd_sc_hd__clkbuf_16)
     4    0.045437    0.064633    0.164368    0.230956 ^ clkbuf_0_aclk/X (sky130_fd_sc_hd__clkbuf_16)
                                                         clknet_0_aclk (net)
                      0.064665    0.001296    0.232252 ^ clkbuf_2_2__f_aclk/A (sky130_fd_sc_hd__clkbuf_16)
    14    0.044861    0.064201    0.152028    0.384280 ^ clkbuf_2_2__f_aclk/X (sky130_fd_sc_hd__clkbuf_16)
                                                         clknet_2_2__leaf_aclk (net)
                      0.064212    0.000993    0.385273 ^ _1311_/CLK (sky130_fd_sc_hd__dfxtp_1)
     3    0.007507    0.046237    0.317752    0.703025 v _1311_/Q (sky130_fd_sc_hd__dfxtp_1)
                                                         cnn_mac_wrapper.core_inst.product[9] (net)
                      0.046237    0.000097    0.703122 v _0698_/A (sky130_fd_sc_hd__nand2_1)
     2    0.005256    0.057801    0.069643    0.772765 ^ _0698_/Y (sky130_fd_sc_hd__nand2_1)
                                                         _0106_ (net)
                      0.057801    0.000089    0.772854 ^ _0699_/B (sky130_fd_sc_hd__and2b_1)
     3    0.009093    0.092453    0.157643    0.930497 ^ _0699_/X (sky130_fd_sc_hd__and2b_1)
                                                         _0107_ (net)
                      0.092453    0.000207    0.930704 ^ _0702_/A1 (sky130_fd_sc_hd__a21o_1)
     1    0.003005    0.037027    0.114847    1.045551 ^ _0702_/X (sky130_fd_sc_hd__a21o_1)
                                                         _0110_ (net)
                      0.037027    0.000087    1.045637 ^ _0703_/B1 (sky130_fd_sc_hd__o211a_1)
     1    0.002007    0.035926    0.127023    1.172660 ^ _0703_/X (sky130_fd_sc_hd__o211a_1)
                                                         _0009_ (net)
                      0.035926    0.000041    1.172701 ^ _1279_/D (sky130_fd_sc_hd__dfxtp_1)
                                              1.172701   data arrival time

                                  0.000000    0.000000   clock aclk (rise edge)
                                  0.000000    0.000000   clock source latency
     1    0.020182    0.096542    0.066588    0.066588 ^ aclk (in)
                                                         aclk (net)
                      0.096556    0.000000    0.066588 ^ clkbuf_0_aclk/A (sky130_fd_sc_hd__clkbuf_16)
     4    0.045437    0.064633    0.164368    0.230956 ^ clkbuf_0_aclk/X (sky130_fd_sc_hd__clkbuf_16)
                                                         clknet_0_aclk (net)
                      0.064669    0.001359    0.232315 ^ clkbuf_2_3__f_aclk/A (sky130_fd_sc_hd__clkbuf_16)
    14    0.047617    0.066605    0.154405    0.386720 ^ clkbuf_2_3__f_aclk/X (sky130_fd_sc_hd__clkbuf_16)
                                                         clknet_2_3__leaf_aclk (net)
                      0.066621    0.001008    0.387727 ^ _1279_/CLK (sky130_fd_sc_hd__dfxtp_1)
                                  0.250000    0.637727   clock uncertainty
                                  0.000000    0.637727   clock reconvergence pessimism
                                 -0.026526    0.611202   library hold time
                                              0.611202   data required time
---------------------------------------------------------------------------------------------
                                              0.611202   data required time
                                             -1.172701   data arrival time
---------------------------------------------------------------------------------------------
                                              0.561499   slack (MET)


Startpoint: _1310_ (rising edge-triggered flip-flop clocked by aclk)
Endpoint: _1278_ (rising edge-triggered flip-flop clocked by aclk)
Path Group: aclk
Path Type: min

Fanout         Cap        Slew       Delay        Time   Description
---------------------------------------------------------------------------------------------
                                  0.000000    0.000000   clock aclk (rise edge)
                                  0.000000    0.000000   clock source latency
     1    0.020182    0.096542    0.066588    0.066588 ^ aclk (in)
                                                         aclk (net)
                      0.096556    0.000000    0.066588 ^ clkbuf_0_aclk/A (sky130_fd_sc_hd__clkbuf_16)
     4    0.045437    0.064633    0.164368    0.230956 ^ clkbuf_0_aclk/X (sky130_fd_sc_hd__clkbuf_16)
                                                         clknet_0_aclk (net)
                      0.064665    0.001296    0.232252 ^ clkbuf_2_2__f_aclk/A (sky130_fd_sc_hd__clkbuf_16)
    14    0.044861    0.064201    0.152028    0.384280 ^ clkbuf_2_2__f_aclk/X (sky130_fd_sc_hd__clkbuf_16)
                                                         clknet_2_2__leaf_aclk (net)
                      0.064210    0.000939    0.385220 ^ _1310_/CLK (sky130_fd_sc_hd__dfxtp_1)
     3    0.006684    0.042688    0.314400    0.699619 v _1310_/Q (sky130_fd_sc_hd__dfxtp_1)
                                                         cnn_mac_wrapper.core_inst.product[8] (net)
                      0.042688    0.000151    0.699770 v _0692_/A (sky130_fd_sc_hd__nand2_1)
     3    0.008323    0.084367    0.087458    0.787228 ^ _0692_/Y (sky130_fd_sc_hd__nand2_1)
                                                         _0101_ (net)
                      0.084368    0.000199    0.787426 ^ _0693_/B (sky130_fd_sc_hd__and2_1)
     3    0.011125    0.119420    0.182815    0.970242 ^ _0693_/X (sky130_fd_sc_hd__and2_1)
                                                         _0102_ (net)
                      0.119420    0.000245    0.970487 ^ _0694_/B (sky130_fd_sc_hd__xnor2_1)
     1    0.002820    0.037160    0.075269    1.045756 v _0694_/Y (sky130_fd_sc_hd__xnor2_1)
                                                         _0103_ (net)
                      0.037160    0.000060    1.045816 v _0695_/B (sky130_fd_sc_hd__nand2_1)
     1    0.003134    0.045899    0.059710    1.105525 ^ _0695_/Y (sky130_fd_sc_hd__nand2_1)
                                                         _0104_ (net)
                      0.045899    0.000091    1.105616 ^ _0696_/B1 (sky130_fd_sc_hd__o211a_1)
     1    0.002288    0.037835    0.131734    1.237350 ^ _0696_/X (sky130_fd_sc_hd__o211a_1)
                                                         _0008_ (net)
                      0.037849    0.000065    1.237415 ^ _1278_/D (sky130_fd_sc_hd__dfxtp_1)
                                              1.237415   data arrival time

                                  0.000000    0.000000   clock aclk (rise edge)
                                  0.000000    0.000000   clock source latency
     1    0.020182    0.096542    0.066588    0.066588 ^ aclk (in)
                                                         aclk (net)
                      0.096556    0.000000    0.066588 ^ clkbuf_0_aclk/A (sky130_fd_sc_hd__clkbuf_16)
     4    0.045437    0.064633    0.164368    0.230956 ^ clkbuf_0_aclk/X (sky130_fd_sc_hd__clkbuf_16)
                                                         clknet_0_aclk (net)
                      0.064669    0.001359    0.232315 ^ clkbuf_2_3__f_aclk/A (sky130_fd_sc_hd__clkbuf_16)
    14    0.047617    0.066605    0.154405    0.386720 ^ clkbuf_2_3__f_aclk/X (sky130_fd_sc_hd__clkbuf_16)
                                                         clknet_2_3__leaf_aclk (net)
                      0.066624    0.001084    0.387804 ^ _1278_/CLK (sky130_fd_sc_hd__dfxtp_1)
                                  0.250000    0.637804   clock uncertainty
                                  0.000000    0.637804   clock reconvergence pessimism
                                 -0.026926    0.610877   library hold time
                                              0.610877   data required time
---------------------------------------------------------------------------------------------
                                              0.610877   data required time
                                             -1.237415   data arrival time
---------------------------------------------------------------------------------------------
                                              0.626538   slack (MET)


Startpoint: _1308_ (rising edge-triggered flip-flop clocked by aclk)
Endpoint: _1276_ (rising edge-triggered flip-flop clocked by aclk)
Path Group: aclk
Path Type: min

Fanout         Cap        Slew       Delay        Time   Description
---------------------------------------------------------------------------------------------
                                  0.000000    0.000000   clock aclk (rise edge)
                                  0.000000    0.000000   clock source latency
     1    0.020182    0.096542    0.066588    0.066588 ^ aclk (in)
                                                         aclk (net)
                      0.096556    0.000000    0.066588 ^ clkbuf_0_aclk/A (sky130_fd_sc_hd__clkbuf_16)
     4    0.045437    0.064633    0.164368    0.230956 ^ clkbuf_0_aclk/X (sky130_fd_sc_hd__clkbuf_16)
                                                         clknet_0_aclk (net)
                      0.064665    0.001296    0.232252 ^ clkbuf_2_2__f_aclk/A (sky130_fd_sc_hd__clkbuf_16)
    14    0.044861    0.064201    0.152028    0.384280 ^ clkbuf_2_2__f_aclk/X (sky130_fd_sc_hd__clkbuf_16)
                                                         clknet_2_2__leaf_aclk (net)
                      0.064225    0.001267    0.385547 ^ _1308_/CLK (sky130_fd_sc_hd__dfxtp_1)
     3    0.006182    0.069407    0.329252    0.714799 ^ _1308_/Q (sky130_fd_sc_hd__dfxtp_1)
                                                         cnn_mac_wrapper.core_inst.product[6] (net)
                      0.069407    0.000145    0.714943 ^ _0676_/A (sky130_fd_sc_hd__or2_1)
     2    0.006780    0.073962    0.124058    0.839001 ^ _0676_/X (sky130_fd_sc_hd__or2_1)
                                                         _0087_ (net)
                      0.073962    0.000220    0.839221 ^ _0677_/B (sky130_fd_sc_hd__nand2b_1)
     1    0.006045    0.057179    0.075705    0.914926 v _0677_/Y (sky130_fd_sc_hd__nand2b_1)
                                                         _0088_ (net)
                      0.057179    0.000212    0.915138 v _0680_/A (sky130_fd_sc_hd__xnor2_1)
     1    0.003966    0.041769    0.131208    1.046347 v _0680_/Y (sky130_fd_sc_hd__xnor2_1)
                                                         _0091_ (net)
                      0.041769    0.000129    1.046476 v _0681_/B (sky130_fd_sc_hd__nand2_1)
     1    0.003552    0.049237    0.064385    1.110861 ^ _0681_/Y (sky130_fd_sc_hd__nand2_1)
                                                         _0092_ (net)
                      0.049237    0.000112    1.110972 ^ _0682_/B1 (sky130_fd_sc_hd__o211a_1)
     1    0.002101    0.037227    0.131240    1.242213 ^ _0682_/X (sky130_fd_sc_hd__o211a_1)
                                                         _0006_ (net)
                      0.037227    0.000060    1.242272 ^ _1276_/D (sky130_fd_sc_hd__dfxtp_1)
                                              1.242272   data arrival time

                                  0.000000    0.000000   clock aclk (rise edge)
                                  0.000000    0.000000   clock source latency
     1    0.020182    0.096542    0.066588    0.066588 ^ aclk (in)
                                                         aclk (net)
                      0.096556    0.000000    0.066588 ^ clkbuf_0_aclk/A (sky130_fd_sc_hd__clkbuf_16)
     4    0.045437    0.064633    0.164368    0.230956 ^ clkbuf_0_aclk/X (sky130_fd_sc_hd__clkbuf_16)
                                                         clknet_0_aclk (net)
                      0.064669    0.001359    0.232315 ^ clkbuf_2_3__f_aclk/A (sky130_fd_sc_hd__clkbuf_16)
    14    0.047617    0.066605    0.154405    0.386720 ^ clkbuf_2_3__f_aclk/X (sky130_fd_sc_hd__clkbuf_16)
                                                         clknet_2_3__leaf_aclk (net)
                      0.066637    0.001331    0.388050 ^ _1276_/CLK (sky130_fd_sc_hd__dfxtp_1)
                                  0.250000    0.638050   clock uncertainty
                                  0.000000    0.638050   clock reconvergence pessimism
                                 -0.026795    0.611255   library hold time
                                              0.611255   data required time
---------------------------------------------------------------------------------------------
                                              0.611255   data required time
                                             -1.242272   data arrival time
---------------------------------------------------------------------------------------------
                                              0.631017   slack (MET)


Startpoint: _1298_ (rising edge-triggered flip-flop clocked by aclk)
Endpoint: _1298_ (rising edge-triggered flip-flop clocked by aclk)
Path Group: aclk
Path Type: min

Fanout         Cap        Slew       Delay        Time   Description
---------------------------------------------------------------------------------------------
                                  0.000000    0.000000   clock aclk (rise edge)
                                  0.000000    0.000000   clock source latency
     1    0.020182    0.096542    0.066588    0.066588 ^ aclk (in)
                                                         aclk (net)
                      0.096556    0.000000    0.066588 ^ clkbuf_0_aclk/A (sky130_fd_sc_hd__clkbuf_16)
     4    0.045437    0.064633    0.164368    0.230956 ^ clkbuf_0_aclk/X (sky130_fd_sc_hd__clkbuf_16)
                                                         clknet_0_aclk (net)
                      0.064669    0.001359    0.232315 ^ clkbuf_2_3__f_aclk/A (sky130_fd_sc_hd__clkbuf_16)
    14    0.047617    0.066605    0.154405    0.386720 ^ clkbuf_2_3__f_aclk/X (sky130_fd_sc_hd__clkbuf_16)
                                                         clknet_2_3__leaf_aclk (net)
                      0.066617    0.000902    0.387621 ^ _1298_/CLK (sky130_fd_sc_hd__dfxtp_1)
     5    0.013643    0.071491    0.340829    0.728451 v _1298_/Q (sky130_fd_sc_hd__dfxtp_1)
                                                         net41 (net)
                      0.071491    0.000211    0.728661 v _0852_/B (sky130_fd_sc_hd__nand2_1)
     3    0.010518    0.104713    0.120773    0.849435 ^ _0852_/Y (sky130_fd_sc_hd__nand2_1)
                                                         _0241_ (net)
                      0.104713    0.000291    0.849726 ^ _0853_/B (sky130_fd_sc_hd__and2_1)
     3    0.009406    0.103598    0.177276    1.027002 ^ _0853_/X (sky130_fd_sc_hd__and2_1)
                                                         _0242_ (net)
                      0.103598    0.000255    1.027257 ^ _0855_/B (sky130_fd_sc_hd__or2_1)
     1    0.004020    0.050075    0.115444    1.142701 ^ _0855_/X (sky130_fd_sc_hd__or2_1)
                                                         _0244_ (net)
                      0.050075    0.000135    1.142836 ^ _0856_/A2 (sky130_fd_sc_hd__a21o_1)
     1    0.003691    0.043285    0.110358    1.253195 ^ _0856_/X (sky130_fd_sc_hd__a21o_1)
                                                         _0245_ (net)
                      0.043285    0.000117    1.253312 ^ _0857_/B1 (sky130_fd_sc_hd__o211a_1)
     1    0.002338    0.038189    0.131373    1.384685 ^ _0857_/X (sky130_fd_sc_hd__o211a_1)
                                                         _0028_ (net)
                      0.038189    0.000067    1.384752 ^ _1298_/D (sky130_fd_sc_hd__dfxtp_1)
                                              1.384752   data arrival time

                                  0.000000    0.000000   clock aclk (rise edge)
                                  0.000000    0.000000   clock source latency
     1    0.020182    0.096542    0.066588    0.066588 ^ aclk (in)
                                                         aclk (net)
                      0.096556    0.000000    0.066588 ^ clkbuf_0_aclk/A (sky130_fd_sc_hd__clkbuf_16)
     4    0.045437    0.064633    0.164368    0.230956 ^ clkbuf_0_aclk/X (sky130_fd_sc_hd__clkbuf_16)
                                                         clknet_0_aclk (net)
                      0.064669    0.001359    0.232315 ^ clkbuf_2_3__f_aclk/A (sky130_fd_sc_hd__clkbuf_16)
    14    0.047617    0.066605    0.154405    0.386720 ^ clkbuf_2_3__f_aclk/X (sky130_fd_sc_hd__clkbuf_16)
                                                         clknet_2_3__leaf_aclk (net)
                      0.066617    0.000902    0.387621 ^ _1298_/CLK (sky130_fd_sc_hd__dfxtp_1)
                                  0.250000    0.637621   clock uncertainty
                                  0.000000    0.637621   clock reconvergence pessimism
                                 -0.026998    0.610623   library hold time
                                              0.610623   data required time
---------------------------------------------------------------------------------------------
                                              0.610623   data required time
                                             -1.384752   data arrival time
---------------------------------------------------------------------------------------------
                                              0.774129   slack (MET)


Startpoint: _1305_ (rising edge-triggered flip-flop clocked by aclk)
Endpoint: _1305_ (rising edge-triggered flip-flop clocked by aclk)
Path Group: aclk
Path Type: min

Fanout         Cap        Slew       Delay        Time   Description
---------------------------------------------------------------------------------------------
                                  0.000000    0.000000   clock aclk (rise edge)
                                  0.000000    0.000000   clock source latency
     1    0.020182    0.096542    0.066588    0.066588 ^ aclk (in)
                                                         aclk (net)
                      0.096556    0.000000    0.066588 ^ clkbuf_0_aclk/A (sky130_fd_sc_hd__clkbuf_16)
     4    0.045437    0.064633    0.164368    0.230956 ^ clkbuf_0_aclk/X (sky130_fd_sc_hd__clkbuf_16)
                                                         clknet_0_aclk (net)
                      0.064665    0.001296    0.232252 ^ clkbuf_2_2__f_aclk/A (sky130_fd_sc_hd__clkbuf_16)
    14    0.044861    0.064201    0.152028    0.384280 ^ clkbuf_2_2__f_aclk/X (sky130_fd_sc_hd__clkbuf_16)
                                                         clknet_2_2__leaf_aclk (net)
                      0.064384    0.002274    0.386555 ^ _1305_/CLK (sky130_fd_sc_hd__dfxtp_1)
     3    0.006438    0.071647    0.331004    0.717559 ^ _1305_/Q (sky130_fd_sc_hd__dfxtp_1)
                                                         cnn_mac_wrapper.core_inst.product[3] (net)
                      0.071647    0.000128    0.717686 ^ hold2/A (sky130_fd_sc_hd__dlygate4sd3_1)
     1    0.003333    0.057607    0.547837    1.265523 ^ hold2/X (sky130_fd_sc_hd__dlygate4sd3_1)
                                                         net109 (net)
                      0.057607    0.000102    1.265625 ^ _0907_/A1 (sky130_fd_sc_hd__o211a_1)
     1    0.002400    0.038748    0.144903    1.410529 ^ _0907_/X (sky130_fd_sc_hd__o211a_1)
                                                         _0035_ (net)
                      0.038748    0.000069    1.410598 ^ _1305_/D (sky130_fd_sc_hd__dfxtp_1)
                                              1.410598   data arrival time

                                  0.000000    0.000000   clock aclk (rise edge)
                                  0.000000    0.000000   clock source latency
     1    0.020182    0.096542    0.066588    0.066588 ^ aclk (in)
                                                         aclk (net)
                      0.096556    0.000000    0.066588 ^ clkbuf_0_aclk/A (sky130_fd_sc_hd__clkbuf_16)
     4    0.045437    0.064633    0.164368    0.230956 ^ clkbuf_0_aclk/X (sky130_fd_sc_hd__clkbuf_16)
                                                         clknet_0_aclk (net)
                      0.064665    0.001296    0.232252 ^ clkbuf_2_2__f_aclk/A (sky130_fd_sc_hd__clkbuf_16)
    14    0.044861    0.064201    0.152028    0.384280 ^ clkbuf_2_2__f_aclk/X (sky130_fd_sc_hd__clkbuf_16)
                                                         clknet_2_2__leaf_aclk (net)
                      0.064384    0.002274    0.386555 ^ _1305_/CLK (sky130_fd_sc_hd__dfxtp_1)
                                  0.250000    0.636555   clock uncertainty
                                  0.000000    0.636555   clock reconvergence pessimism
                                 -0.027409    0.609146   library hold time
                                              0.609146   data required time
---------------------------------------------------------------------------------------------
                                              0.609146   data required time
                                             -1.410598   data arrival time
---------------------------------------------------------------------------------------------
                                              0.801452   slack (MET)


Startpoint: _1306_ (rising edge-triggered flip-flop clocked by aclk)
Endpoint: _1306_ (rising edge-triggered flip-flop clocked by aclk)
Path Group: aclk
Path Type: min

Fanout         Cap        Slew       Delay        Time   Description
---------------------------------------------------------------------------------------------
                                  0.000000    0.000000   clock aclk (rise edge)
                                  0.000000    0.000000   clock source latency
     1    0.020182    0.096542    0.066588    0.066588 ^ aclk (in)
                                                         aclk (net)
                      0.096556    0.000000    0.066588 ^ clkbuf_0_aclk/A (sky130_fd_sc_hd__clkbuf_16)
     4    0.045437    0.064633    0.164368    0.230956 ^ clkbuf_0_aclk/X (sky130_fd_sc_hd__clkbuf_16)
                                                         clknet_0_aclk (net)
                      0.064665    0.001296    0.232252 ^ clkbuf_2_2__f_aclk/A (sky130_fd_sc_hd__clkbuf_16)
    14    0.044861    0.064201    0.152028    0.384280 ^ clkbuf_2_2__f_aclk/X (sky130_fd_sc_hd__clkbuf_16)
                                                         clknet_2_2__leaf_aclk (net)
                      0.064350    0.001952    0.386233 ^ _1306_/CLK (sky130_fd_sc_hd__dfxtp_1)
     3    0.006783    0.074652    0.333271    0.719504 ^ _1306_/Q (sky130_fd_sc_hd__dfxtp_1)
                                                         cnn_mac_wrapper.core_inst.product[4] (net)
                      0.074652    0.000100    0.719604 ^ hold3/A (sky130_fd_sc_hd__dlygate4sd3_1)
     1    0.003828    0.062215    0.552595    1.272199 ^ hold3/X (sky130_fd_sc_hd__dlygate4sd3_1)
                                                         net110 (net)
                      0.062215    0.000126    1.272325 ^ _0928_/A1 (sky130_fd_sc_hd__o211a_1)
     1    0.002160    0.036303    0.144222    1.416546 ^ _0928_/X (sky130_fd_sc_hd__o211a_1)
                                                         _0036_ (net)
                      0.036303    0.000061    1.416607 ^ _1306_/D (sky130_fd_sc_hd__dfxtp_1)
                                              1.416607   data arrival time

                                  0.000000    0.000000   clock aclk (rise edge)
                                  0.000000    0.000000   clock source latency
     1    0.020182    0.096542    0.066588    0.066588 ^ aclk (in)
                                                         aclk (net)
                      0.096556    0.000000    0.066588 ^ clkbuf_0_aclk/A (sky130_fd_sc_hd__clkbuf_16)
     4    0.045437    0.064633    0.164368    0.230956 ^ clkbuf_0_aclk/X (sky130_fd_sc_hd__clkbuf_16)
                                                         clknet_0_aclk (net)
                      0.064665    0.001296    0.232252 ^ clkbuf_2_2__f_aclk/A (sky130_fd_sc_hd__clkbuf_16)
    14    0.044861    0.064201    0.152028    0.384280 ^ clkbuf_2_2__f_aclk/X (sky130_fd_sc_hd__clkbuf_16)
                                                         clknet_2_2__leaf_aclk (net)
                      0.064350    0.001952    0.386233 ^ _1306_/CLK (sky130_fd_sc_hd__dfxtp_1)
                                  0.250000    0.636233   clock uncertainty
                                  0.000000    0.636233   clock reconvergence pessimism
                                 -0.026903    0.609329   library hold time
                                              0.609329   data required time
---------------------------------------------------------------------------------------------
                                              0.609329   data required time
                                             -1.416607   data arrival time
---------------------------------------------------------------------------------------------
                                              0.807278   slack (MET)


Startpoint: _1316_ (rising edge-triggered flip-flop clocked by aclk)
Endpoint: _1316_ (rising edge-triggered flip-flop clocked by aclk)
Path Group: aclk
Path Type: min

Fanout         Cap        Slew       Delay        Time   Description
---------------------------------------------------------------------------------------------
                                  0.000000    0.000000   clock aclk (rise edge)
                                  0.000000    0.000000   clock source latency
     1    0.020182    0.096542    0.066588    0.066588 ^ aclk (in)
                                                         aclk (net)
                      0.096556    0.000000    0.066588 ^ clkbuf_0_aclk/A (sky130_fd_sc_hd__clkbuf_16)
     4    0.045437    0.064633    0.164368    0.230956 ^ clkbuf_0_aclk/X (sky130_fd_sc_hd__clkbuf_16)
                                                         clknet_0_aclk (net)
                      0.064672    0.001402    0.232358 ^ clkbuf_2_0__f_aclk/A (sky130_fd_sc_hd__clkbuf_16)
    14    0.044588    0.063830    0.152034    0.384392 ^ clkbuf_2_0__f_aclk/X (sky130_fd_sc_hd__clkbuf_16)
                                                         clknet_2_0__leaf_aclk (net)
                      0.063874    0.001502    0.385893 ^ _1316_/CLK (sky130_fd_sc_hd__dfxtp_1)
     3    0.008991    0.093809    0.347559    0.733452 ^ _1316_/Q (sky130_fd_sc_hd__dfxtp_1)
                                                         cnn_mac_wrapper.core_inst.product[14] (net)
                      0.093809    0.000196    0.733648 ^ hold4/A (sky130_fd_sc_hd__dlygate4sd3_1)
     1    0.003660    0.060197    0.556805    1.290453 ^ hold4/X (sky130_fd_sc_hd__dlygate4sd3_1)
                                                         net111 (net)
                      0.060197    0.000111    1.290564 ^ _1253_/A1 (sky130_fd_sc_hd__o211a_1)
     1    0.002021    0.036205    0.142641    1.433205 ^ _1253_/X (sky130_fd_sc_hd__o211a_1)
                                                         _0046_ (net)
                      0.036205    0.000040    1.433245 ^ _1316_/D (sky130_fd_sc_hd__dfxtp_1)
                                              1.433245   data arrival time

                                  0.000000    0.000000   clock aclk (rise edge)
                                  0.000000    0.000000   clock source latency
     1    0.020182    0.096542    0.066588    0.066588 ^ aclk (in)
                                                         aclk (net)
                      0.096556    0.000000    0.066588 ^ clkbuf_0_aclk/A (sky130_fd_sc_hd__clkbuf_16)
     4    0.045437    0.064633    0.164368    0.230956 ^ clkbuf_0_aclk/X (sky130_fd_sc_hd__clkbuf_16)
                                                         clknet_0_aclk (net)
                      0.064672    0.001402    0.232358 ^ clkbuf_2_0__f_aclk/A (sky130_fd_sc_hd__clkbuf_16)
    14    0.044588    0.063830    0.152034    0.384392 ^ clkbuf_2_0__f_aclk/X (sky130_fd_sc_hd__clkbuf_16)
                                                         clknet_2_0__leaf_aclk (net)
                      0.063874    0.001502    0.385893 ^ _1316_/CLK (sky130_fd_sc_hd__dfxtp_1)
                                  0.250000    0.635893   clock uncertainty
                                  0.000000    0.635893   clock reconvergence pessimism
                                 -0.026945    0.608948   library hold time
                                              0.608948   data required time
---------------------------------------------------------------------------------------------
                                              0.608948   data required time
                                             -1.433245   data arrival time
---------------------------------------------------------------------------------------------
                                              0.824297   slack (MET)


Startpoint: _1303_ (rising edge-triggered flip-flop clocked by aclk)
Endpoint: _1303_ (rising edge-triggered flip-flop clocked by aclk)
Path Group: aclk
Path Type: min

Fanout         Cap        Slew       Delay        Time   Description
---------------------------------------------------------------------------------------------
                                  0.000000    0.000000   clock aclk (rise edge)
                                  0.000000    0.000000   clock source latency
     1    0.020182    0.096542    0.066588    0.066588 ^ aclk (in)
                                                         aclk (net)
                      0.096556    0.000000    0.066588 ^ clkbuf_0_aclk/A (sky130_fd_sc_hd__clkbuf_16)
     4    0.045437    0.064633    0.164368    0.230956 ^ clkbuf_0_aclk/X (sky130_fd_sc_hd__clkbuf_16)
                                                         clknet_0_aclk (net)
                      0.064665    0.001296    0.232252 ^ clkbuf_2_2__f_aclk/A (sky130_fd_sc_hd__clkbuf_16)
    14    0.044861    0.064201    0.152028    0.384280 ^ clkbuf_2_2__f_aclk/X (sky130_fd_sc_hd__clkbuf_16)
                                                         clknet_2_2__leaf_aclk (net)
                      0.064429    0.002642    0.386923 ^ _1303_/CLK (sky130_fd_sc_hd__dfxtp_1)
     3    0.010160    0.104269    0.355303    0.742226 ^ _1303_/Q (sky130_fd_sc_hd__dfxtp_1)
                                                         cnn_mac_wrapper.core_inst.product[1] (net)
                      0.104269    0.000208    0.742434 ^ hold7/A (sky130_fd_sc_hd__dlygate4sd3_1)
     1    0.003079    0.055372    0.554831    1.297265 ^ hold7/X (sky130_fd_sc_hd__dlygate4sd3_1)
                                                         net114 (net)
                      0.055372    0.000066    1.297331 ^ _0882_/A1 (sky130_fd_sc_hd__o211a_1)
     1    0.002177    0.037217    0.142609    1.439940 ^ _0882_/X (sky130_fd_sc_hd__o211a_1)
                                                         _0033_ (net)
                      0.037217    0.000061    1.440001 ^ _1303_/D (sky130_fd_sc_hd__dfxtp_1)
                                              1.440001   data arrival time

                                  0.000000    0.000000   clock aclk (rise edge)
                                  0.000000    0.000000   clock source latency
     1    0.020182    0.096542    0.066588    0.066588 ^ aclk (in)
                                                         aclk (net)
                      0.096556    0.000000    0.066588 ^ clkbuf_0_aclk/A (sky130_fd_sc_hd__clkbuf_16)
     4    0.045437    0.064633    0.164368    0.230956 ^ clkbuf_0_aclk/X (sky130_fd_sc_hd__clkbuf_16)
                                                         clknet_0_aclk (net)
                      0.064665    0.001296    0.232252 ^ clkbuf_2_2__f_aclk/A (sky130_fd_sc_hd__clkbuf_16)
    14    0.044861    0.064201    0.152028    0.384280 ^ clkbuf_2_2__f_aclk/X (sky130_fd_sc_hd__clkbuf_16)
                                                         clknet_2_2__leaf_aclk (net)
                      0.064429    0.002642    0.386923 ^ _1303_/CLK (sky130_fd_sc_hd__dfxtp_1)
                                  0.250000    0.636923   clock uncertainty
                                  0.000000    0.636923   clock reconvergence pessimism
                                 -0.027083    0.609839   library hold time
                                              0.609839   data required time
---------------------------------------------------------------------------------------------
                                              0.609839   data required time
                                             -1.440001   data arrival time
---------------------------------------------------------------------------------------------
                                              0.830162   slack (MET)


Startpoint: _1312_ (rising edge-triggered flip-flop clocked by aclk)
Endpoint: _1312_ (rising edge-triggered flip-flop clocked by aclk)
Path Group: aclk
Path Type: min

Fanout         Cap        Slew       Delay        Time   Description
---------------------------------------------------------------------------------------------
                                  0.000000    0.000000   clock aclk (rise edge)
                                  0.000000    0.000000   clock source latency
     1    0.020182    0.096542    0.066588    0.066588 ^ aclk (in)
                                                         aclk (net)
                      0.096556    0.000000    0.066588 ^ clkbuf_0_aclk/A (sky130_fd_sc_hd__clkbuf_16)
     4    0.045437    0.064633    0.164368    0.230956 ^ clkbuf_0_aclk/X (sky130_fd_sc_hd__clkbuf_16)
                                                         clknet_0_aclk (net)
                      0.064672    0.001402    0.232358 ^ clkbuf_2_0__f_aclk/A (sky130_fd_sc_hd__clkbuf_16)
    14    0.044588    0.063830    0.152034    0.384392 ^ clkbuf_2_0__f_aclk/X (sky130_fd_sc_hd__clkbuf_16)
                                                         clknet_2_0__leaf_aclk (net)
                      0.063845    0.000998    0.385389 ^ _1312_/CLK (sky130_fd_sc_hd__dfxtp_1)
     3    0.006853    0.075271    0.333546    0.718935 ^ _1312_/Q (sky130_fd_sc_hd__dfxtp_1)
                                                         cnn_mac_wrapper.core_inst.product[10] (net)
                      0.075271    0.000103    0.719038 ^ hold1/A (sky130_fd_sc_hd__dlygate4sd3_1)
     1    0.002809    0.053000    0.543950    1.262988 ^ hold1/X (sky130_fd_sc_hd__dlygate4sd3_1)
                                                         net108 (net)
                      0.053000    0.000080    1.263068 ^ _1143_/A1 (sky130_fd_sc_hd__o21ai_1)
     1    0.003708    0.047251    0.070071    1.333139 v _1143_/Y (sky130_fd_sc_hd__o21ai_1)
                                                         _0518_ (net)
                      0.047251    0.000110    1.333249 v _1144_/B1 (sky130_fd_sc_hd__a21oi_1)
     1    0.002262    0.077702    0.102028    1.435278 ^ _1144_/Y (sky130_fd_sc_hd__a21oi_1)
                                                         _0042_ (net)
                      0.077702    0.000047    1.435325 ^ _1312_/D (sky130_fd_sc_hd__dfxtp_1)
                                              1.435325   data arrival time

                                  0.000000    0.000000   clock aclk (rise edge)
                                  0.000000    0.000000   clock source latency
     1    0.020182    0.096542    0.066588    0.066588 ^ aclk (in)
                                                         aclk (net)
                      0.096556    0.000000    0.066588 ^ clkbuf_0_aclk/A (sky130_fd_sc_hd__clkbuf_16)
     4    0.045437    0.064633    0.164368    0.230956 ^ clkbuf_0_aclk/X (sky130_fd_sc_hd__clkbuf_16)
                                                         clknet_0_aclk (net)
                      0.064672    0.001402    0.232358 ^ clkbuf_2_0__f_aclk/A (sky130_fd_sc_hd__clkbuf_16)
    14    0.044588    0.063830    0.152034    0.384392 ^ clkbuf_2_0__f_aclk/X (sky130_fd_sc_hd__clkbuf_16)
                                                         clknet_2_0__leaf_aclk (net)
                      0.063845    0.000998    0.385389 ^ _1312_/CLK (sky130_fd_sc_hd__dfxtp_1)
                                  0.250000    0.635389   clock uncertainty
                                  0.000000    0.635389   clock reconvergence pessimism
                                 -0.035616    0.599773   library hold time
                                              0.599773   data required time
---------------------------------------------------------------------------------------------
                                              0.599773   data required time
                                             -1.435325   data arrival time
---------------------------------------------------------------------------------------------
                                              0.835551   slack (MET)


Startpoint: _1311_ (rising edge-triggered flip-flop clocked by aclk)
Endpoint: _1311_ (rising edge-triggered flip-flop clocked by aclk)
Path Group: aclk
Path Type: min

Fanout         Cap        Slew       Delay        Time   Description
---------------------------------------------------------------------------------------------
                                  0.000000    0.000000   clock aclk (rise edge)
                                  0.000000    0.000000   clock source latency
     1    0.020182    0.096542    0.066588    0.066588 ^ aclk (in)
                                                         aclk (net)
                      0.096556    0.000000    0.066588 ^ clkbuf_0_aclk/A (sky130_fd_sc_hd__clkbuf_16)
     4    0.045437    0.064633    0.164368    0.230956 ^ clkbuf_0_aclk/X (sky130_fd_sc_hd__clkbuf_16)
                                                         clknet_0_aclk (net)
                      0.064665    0.001296    0.232252 ^ clkbuf_2_2__f_aclk/A (sky130_fd_sc_hd__clkbuf_16)
    14    0.044861    0.064201    0.152028    0.384280 ^ clkbuf_2_2__f_aclk/X (sky130_fd_sc_hd__clkbuf_16)
                                                         clknet_2_2__leaf_aclk (net)
                      0.064212    0.000993    0.385273 ^ _1311_/CLK (sky130_fd_sc_hd__dfxtp_1)
     3    0.007981    0.085172    0.341105    0.726378 ^ _1311_/Q (sky130_fd_sc_hd__dfxtp_1)
                                                         cnn_mac_wrapper.core_inst.product[9] (net)
                      0.085172    0.000139    0.726517 ^ hold5/A (sky130_fd_sc_hd__dlygate4sd3_1)
     1    0.002870    0.053536    0.547381    1.273897 ^ hold5/X (sky130_fd_sc_hd__dlygate4sd3_1)
                                                         net112 (net)
                      0.053536    0.000058    1.273955 ^ _1110_/A1 (sky130_fd_sc_hd__o221a_1)
     1    0.002113    0.045991    0.171623    1.445578 ^ _1110_/X (sky130_fd_sc_hd__o221a_1)
                                                         _0041_ (net)
                      0.045991    0.000061    1.445639 ^ _1311_/D (sky130_fd_sc_hd__dfxtp_1)
                                              1.445639   data arrival time

                                  0.000000    0.000000   clock aclk (rise edge)
                                  0.000000    0.000000   clock source latency
     1    0.020182    0.096542    0.066588    0.066588 ^ aclk (in)
                                                         aclk (net)
                      0.096556    0.000000    0.066588 ^ clkbuf_0_aclk/A (sky130_fd_sc_hd__clkbuf_16)
     4    0.045437    0.064633    0.164368    0.230956 ^ clkbuf_0_aclk/X (sky130_fd_sc_hd__clkbuf_16)
                                                         clknet_0_aclk (net)
                      0.064665    0.001296    0.232252 ^ clkbuf_2_2__f_aclk/A (sky130_fd_sc_hd__clkbuf_16)
    14    0.044861    0.064201    0.152028    0.384280 ^ clkbuf_2_2__f_aclk/X (sky130_fd_sc_hd__clkbuf_16)
                                                         clknet_2_2__leaf_aclk (net)
                      0.064212    0.000993    0.385273 ^ _1311_/CLK (sky130_fd_sc_hd__dfxtp_1)
                                  0.250000    0.635273   clock uncertainty
                                  0.000000    0.635273   clock reconvergence pessimism
                                 -0.028944    0.606328   library hold time
                                              0.606328   data required time
---------------------------------------------------------------------------------------------
                                              0.606328   data required time
                                             -1.445639   data arrival time
---------------------------------------------------------------------------------------------
                                              0.839311   slack (MET)


Startpoint: _1302_ (rising edge-triggered flip-flop clocked by aclk)
Endpoint: _1302_ (rising edge-triggered flip-flop clocked by aclk)
Path Group: aclk
Path Type: min

Fanout         Cap        Slew       Delay        Time   Description
---------------------------------------------------------------------------------------------
                                  0.000000    0.000000   clock aclk (rise edge)
                                  0.000000    0.000000   clock source latency
     1    0.020182    0.096542    0.066588    0.066588 ^ aclk (in)
                                                         aclk (net)
                      0.096556    0.000000    0.066588 ^ clkbuf_0_aclk/A (sky130_fd_sc_hd__clkbuf_16)
     4    0.045437    0.064633    0.164368    0.230956 ^ clkbuf_0_aclk/X (sky130_fd_sc_hd__clkbuf_16)
                                                         clknet_0_aclk (net)
                      0.064665    0.001296    0.232252 ^ clkbuf_2_2__f_aclk/A (sky130_fd_sc_hd__clkbuf_16)
    14    0.044861    0.064201    0.152028    0.384280 ^ clkbuf_2_2__f_aclk/X (sky130_fd_sc_hd__clkbuf_16)
                                                         clknet_2_2__leaf_aclk (net)
                      0.064439    0.002721    0.387001 ^ _1302_/CLK (sky130_fd_sc_hd__dfxtp_1)
     4    0.011260    0.114131    0.362373    0.749375 ^ _1302_/Q (sky130_fd_sc_hd__dfxtp_1)
                                                         cnn_mac_wrapper.core_inst.product[0] (net)
                      0.114131    0.000208    0.749582 ^ hold12/A (sky130_fd_sc_hd__dlygate4sd3_1)
     1    0.003794    0.061247    0.563667    1.313249 ^ hold12/X (sky130_fd_sc_hd__dlygate4sd3_1)
                                                         net119 (net)
                      0.061952    0.000115    1.313365 ^ _0877_/A1 (sky130_fd_sc_hd__o211a_1)
     1    0.002096    0.036663    0.143666    1.457031 ^ _0877_/X (sky130_fd_sc_hd__o211a_1)
                                                         _0032_ (net)
                      0.036663    0.000041    1.457072 ^ _1302_/D (sky130_fd_sc_hd__dfxtp_1)
                                              1.457072   data arrival time

                                  0.000000    0.000000   clock aclk (rise edge)
                                  0.000000    0.000000   clock source latency
     1    0.020182    0.096542    0.066588    0.066588 ^ aclk (in)
                                                         aclk (net)
                      0.096556    0.000000    0.066588 ^ clkbuf_0_aclk/A (sky130_fd_sc_hd__clkbuf_16)
     4    0.045437    0.064633    0.164368    0.230956 ^ clkbuf_0_aclk/X (sky130_fd_sc_hd__clkbuf_16)
                                                         clknet_0_aclk (net)
                      0.064665    0.001296    0.232252 ^ clkbuf_2_2__f_aclk/A (sky130_fd_sc_hd__clkbuf_16)
    14    0.044861    0.064201    0.152028    0.384280 ^ clkbuf_2_2__f_aclk/X (sky130_fd_sc_hd__clkbuf_16)
                                                         clknet_2_2__leaf_aclk (net)
                      0.064439    0.002721    0.387001 ^ _1302_/CLK (sky130_fd_sc_hd__dfxtp_1)
                                  0.250000    0.637001   clock uncertainty
                                  0.000000    0.637001   clock reconvergence pessimism
                                 -0.026967    0.610035   library hold time
                                              0.610035   data required time
---------------------------------------------------------------------------------------------
                                              0.610035   data required time
                                             -1.457072   data arrival time
---------------------------------------------------------------------------------------------
                                              0.847037   slack (MET)


Startpoint: _1320_ (rising edge-triggered flip-flop clocked by aclk)
Endpoint: _1320_ (rising edge-triggered flip-flop clocked by aclk)
Path Group: aclk
Path Type: min

Fanout         Cap        Slew       Delay        Time   Description
---------------------------------------------------------------------------------------------
                                  0.000000    0.000000   clock aclk (rise edge)
                                  0.000000    0.000000   clock source latency
     1    0.020182    0.096542    0.066588    0.066588 ^ aclk (in)
                                                         aclk (net)
                      0.096556    0.000000    0.066588 ^ clkbuf_0_aclk/A (sky130_fd_sc_hd__clkbuf_16)
     4    0.045437    0.064633    0.164368    0.230956 ^ clkbuf_0_aclk/X (sky130_fd_sc_hd__clkbuf_16)
                                                         clknet_0_aclk (net)
                      0.064672    0.001402    0.232358 ^ clkbuf_2_0__f_aclk/A (sky130_fd_sc_hd__clkbuf_16)
    14    0.044588    0.063830    0.152034    0.384392 ^ clkbuf_2_0__f_aclk/X (sky130_fd_sc_hd__clkbuf_16)
                                                         clknet_2_0__leaf_aclk (net)
                      0.063905    0.001889    0.386280 ^ _1320_/CLK (sky130_fd_sc_hd__dfxtp_1)
     2    0.004426    0.054183    0.317573    0.703854 ^ _1320_/Q (sky130_fd_sc_hd__dfxtp_1)
                                                         cnn_mac_wrapper.valid_pipe[0] (net)
                      0.054183    0.000105    0.703959 ^ hold15/A (sky130_fd_sc_hd__dlygate4sd3_1)
     1    0.002217    0.048192    0.532292    1.236252 ^ hold15/X (sky130_fd_sc_hd__dlygate4sd3_1)
                                                         net122 (net)
                      0.048192    0.000061    1.236313 ^ _1266_/B (sky130_fd_sc_hd__and2b_1)
     1    0.004659    0.056125    0.126280    1.362593 ^ _1266_/X (sky130_fd_sc_hd__and2b_1)
                                                         _0633_ (net)
                      0.056125    0.000118    1.362712 ^ _1267_/A2 (sky130_fd_sc_hd__o21a_1)
     1    0.002075    0.033592    0.097249    1.459961 ^ _1267_/X (sky130_fd_sc_hd__o21a_1)
                                                         _0050_ (net)
                      0.033592    0.000041    1.460001 ^ _1320_/D (sky130_fd_sc_hd__dfxtp_1)
                                              1.460001   data arrival time

                                  0.000000    0.000000   clock aclk (rise edge)
                                  0.000000    0.000000   clock source latency
     1    0.020182    0.096542    0.066588    0.066588 ^ aclk (in)
                                                         aclk (net)
                      0.096556    0.000000    0.066588 ^ clkbuf_0_aclk/A (sky130_fd_sc_hd__clkbuf_16)
     4    0.045437    0.064633    0.164368    0.230956 ^ clkbuf_0_aclk/X (sky130_fd_sc_hd__clkbuf_16)
                                                         clknet_0_aclk (net)
                      0.064672    0.001402    0.232358 ^ clkbuf_2_0__f_aclk/A (sky130_fd_sc_hd__clkbuf_16)
    14    0.044588    0.063830    0.152034    0.384392 ^ clkbuf_2_0__f_aclk/X (sky130_fd_sc_hd__clkbuf_16)
                                                         clknet_2_0__leaf_aclk (net)
                      0.063905    0.001889    0.386280 ^ _1320_/CLK (sky130_fd_sc_hd__dfxtp_1)
                                  0.250000    0.636280   clock uncertainty
                                  0.000000    0.636280   clock reconvergence pessimism
                                 -0.026395    0.609885   library hold time
                                              0.609885   data required time
---------------------------------------------------------------------------------------------
                                              0.609885   data required time
                                             -1.460001   data arrival time
---------------------------------------------------------------------------------------------
                                              0.850116   slack (MET)


Startpoint: _1318_ (rising edge-triggered flip-flop clocked by aclk)
Endpoint: _1318_ (rising edge-triggered flip-flop clocked by aclk)
Path Group: aclk
Path Type: min

Fanout         Cap        Slew       Delay        Time   Description
---------------------------------------------------------------------------------------------
                                  0.000000    0.000000   clock aclk (rise edge)
                                  0.000000    0.000000   clock source latency
     1    0.020182    0.096542    0.066588    0.066588 ^ aclk (in)
                                                         aclk (net)
                      0.096556    0.000000    0.066588 ^ clkbuf_0_aclk/A (sky130_fd_sc_hd__clkbuf_16)
     4    0.045437    0.064633    0.164368    0.230956 ^ clkbuf_0_aclk/X (sky130_fd_sc_hd__clkbuf_16)
                                                         clknet_0_aclk (net)
                      0.064672    0.001402    0.232358 ^ clkbuf_2_0__f_aclk/A (sky130_fd_sc_hd__clkbuf_16)
    14    0.044588    0.063830    0.152034    0.384392 ^ clkbuf_2_0__f_aclk/X (sky130_fd_sc_hd__clkbuf_16)
                                                         clknet_2_0__leaf_aclk (net)
                      0.063904    0.001878    0.386270 ^ _1318_/CLK (sky130_fd_sc_hd__dfxtp_1)
     2    0.004883    0.058095    0.320593    0.706863 ^ _1318_/Q (sky130_fd_sc_hd__dfxtp_1)
                                                         cnn_mac_wrapper.last_pipe[0] (net)
                      0.058095    0.000070    0.706933 ^ hold18/A (sky130_fd_sc_hd__dlygate4sd3_1)
     1    0.002819    0.053079    0.539105    1.246039 ^ hold18/X (sky130_fd_sc_hd__dlygate4sd3_1)
                                                         net125 (net)
                      0.053079    0.000080    1.246119 ^ _1262_/A0 (sky130_fd_sc_hd__mux2_1)
     1    0.001815    0.034005    0.109302    1.355421 ^ _1262_/X (sky130_fd_sc_hd__mux2_1)
                                                         _0631_ (net)
                      0.034005    0.000036    1.355457 ^ _1263_/B (sky130_fd_sc_hd__and2_1)
     1    0.002262    0.041621    0.107200    1.462657 ^ _1263_/X (sky130_fd_sc_hd__and2_1)
                                                         _0048_ (net)
                      0.041621    0.000063    1.462720 ^ _1318_/D (sky130_fd_sc_hd__dfxtp_1)
                                              1.462720   data arrival time

                                  0.000000    0.000000   clock aclk (rise edge)
                                  0.000000    0.000000   clock source latency
     1    0.020182    0.096542    0.066588    0.066588 ^ aclk (in)
                                                         aclk (net)
                      0.096556    0.000000    0.066588 ^ clkbuf_0_aclk/A (sky130_fd_sc_hd__clkbuf_16)
     4    0.045437    0.064633    0.164368    0.230956 ^ clkbuf_0_aclk/X (sky130_fd_sc_hd__clkbuf_16)
                                                         clknet_0_aclk (net)
                      0.064672    0.001402    0.232358 ^ clkbuf_2_0__f_aclk/A (sky130_fd_sc_hd__clkbuf_16)
    14    0.044588    0.063830    0.152034    0.384392 ^ clkbuf_2_0__f_aclk/X (sky130_fd_sc_hd__clkbuf_16)
                                                         clknet_2_0__leaf_aclk (net)
                      0.063904    0.001878    0.386270 ^ _1318_/CLK (sky130_fd_sc_hd__dfxtp_1)
                                  0.250000    0.636270   clock uncertainty
                                  0.000000    0.636270   clock reconvergence pessimism
                                 -0.028072    0.608197   library hold time
                                              0.608197   data required time
---------------------------------------------------------------------------------------------
                                              0.608197   data required time
                                             -1.462720   data arrival time
---------------------------------------------------------------------------------------------
                                              0.854523   slack (MET)


Startpoint: _1313_ (rising edge-triggered flip-flop clocked by aclk)
Endpoint: _1313_ (rising edge-triggered flip-flop clocked by aclk)
Path Group: aclk
Path Type: min

Fanout         Cap        Slew       Delay        Time   Description
---------------------------------------------------------------------------------------------
                                  0.000000    0.000000   clock aclk (rise edge)
                                  0.000000    0.000000   clock source latency
     1    0.020182    0.096542    0.066588    0.066588 ^ aclk (in)
                                                         aclk (net)
                      0.096556    0.000000    0.066588 ^ clkbuf_0_aclk/A (sky130_fd_sc_hd__clkbuf_16)
     4    0.045437    0.064633    0.164368    0.230956 ^ clkbuf_0_aclk/X (sky130_fd_sc_hd__clkbuf_16)
                                                         clknet_0_aclk (net)
                      0.064672    0.001402    0.232358 ^ clkbuf_2_0__f_aclk/A (sky130_fd_sc_hd__clkbuf_16)
    14    0.044588    0.063830    0.152034    0.384392 ^ clkbuf_2_0__f_aclk/X (sky130_fd_sc_hd__clkbuf_16)
                                                         clknet_2_0__leaf_aclk (net)
                      0.063842    0.000949    0.385340 ^ _1313_/CLK (sky130_fd_sc_hd__dfxtp_1)
     4    0.009465    0.098034    0.350625    0.735965 ^ _1313_/Q (sky130_fd_sc_hd__dfxtp_1)
                                                         cnn_mac_wrapper.core_inst.product[11] (net)
                      0.098034    0.000174    0.736139 ^ hold11/A (sky130_fd_sc_hd__dlygate4sd3_1)
     1    0.003471    0.058742    0.556562    1.292700 ^ hold11/X (sky130_fd_sc_hd__dlygate4sd3_1)
                                                         net118 (net)
                      0.058742    0.000102    1.292802 ^ _1175_/A1 (sky130_fd_sc_hd__o221a_1)
     1    0.001901    0.044301    0.171043    1.463845 ^ _1175_/X (sky130_fd_sc_hd__o221a_1)
                                                         _0043_ (net)
                      0.044301    0.000036    1.463881 ^ _1313_/D (sky130_fd_sc_hd__dfxtp_1)
                                              1.463881   data arrival time

                                  0.000000    0.000000   clock aclk (rise edge)
                                  0.000000    0.000000   clock source latency
     1    0.020182    0.096542    0.066588    0.066588 ^ aclk (in)
                                                         aclk (net)
                      0.096556    0.000000    0.066588 ^ clkbuf_0_aclk/A (sky130_fd_sc_hd__clkbuf_16)
     4    0.045437    0.064633    0.164368    0.230956 ^ clkbuf_0_aclk/X (sky130_fd_sc_hd__clkbuf_16)
                                                         clknet_0_aclk (net)
                      0.064672    0.001402    0.232358 ^ clkbuf_2_0__f_aclk/A (sky130_fd_sc_hd__clkbuf_16)
    14    0.044588    0.063830    0.152034    0.384392 ^ clkbuf_2_0__f_aclk/X (sky130_fd_sc_hd__clkbuf_16)
                                                         clknet_2_0__leaf_aclk (net)
                      0.063842    0.000949    0.385340 ^ _1313_/CLK (sky130_fd_sc_hd__dfxtp_1)
                                  0.250000    0.635340   clock uncertainty
                                  0.000000    0.635340   clock reconvergence pessimism
                                 -0.028640    0.606700   library hold time
                                              0.606700   data required time
---------------------------------------------------------------------------------------------
                                              0.606700   data required time
                                             -1.463881   data arrival time
---------------------------------------------------------------------------------------------
                                              0.857181   slack (MET)


Startpoint: _1308_ (rising edge-triggered flip-flop clocked by aclk)
Endpoint: _1308_ (rising edge-triggered flip-flop clocked by aclk)
Path Group: aclk
Path Type: min

Fanout         Cap        Slew       Delay        Time   Description
---------------------------------------------------------------------------------------------
                                  0.000000    0.000000   clock aclk (rise edge)
                                  0.000000    0.000000   clock source latency
     1    0.020182    0.096542    0.066588    0.066588 ^ aclk (in)
                                                         aclk (net)
                      0.096556    0.000000    0.066588 ^ clkbuf_0_aclk/A (sky130_fd_sc_hd__clkbuf_16)
     4    0.045437    0.064633    0.164368    0.230956 ^ clkbuf_0_aclk/X (sky130_fd_sc_hd__clkbuf_16)
                                                         clknet_0_aclk (net)
                      0.064665    0.001296    0.232252 ^ clkbuf_2_2__f_aclk/A (sky130_fd_sc_hd__clkbuf_16)
    14    0.044861    0.064201    0.152028    0.384280 ^ clkbuf_2_2__f_aclk/X (sky130_fd_sc_hd__clkbuf_16)
                                                         clknet_2_2__leaf_aclk (net)
                      0.064225    0.001267    0.385547 ^ _1308_/CLK (sky130_fd_sc_hd__dfxtp_1)
     3    0.006182    0.069407    0.329252    0.714799 ^ _1308_/Q (sky130_fd_sc_hd__dfxtp_1)
                                                         cnn_mac_wrapper.core_inst.product[6] (net)
                      0.069407    0.000119    0.714918 ^ hold17/A (sky130_fd_sc_hd__dlygate4sd3_1)
     1    0.001842    0.045556    0.533160    1.248078 ^ hold17/X (sky130_fd_sc_hd__dlygate4sd3_1)
                                                         net124 (net)
                      0.045556    0.000036    1.248114 ^ _0989_/A (sky130_fd_sc_hd__or2_1)
     1    0.003497    0.045399    0.094651    1.342765 ^ _0989_/X (sky130_fd_sc_hd__or2_1)
                                                         _0368_ (net)
                      0.045399    0.000108    1.342873 ^ _0990_/B1 (sky130_fd_sc_hd__o211a_1)
     1    0.002091    0.035427    0.130058    1.472932 ^ _0990_/X (sky130_fd_sc_hd__o211a_1)
                                                         _0038_ (net)
                      0.035427    0.000059    1.472991 ^ _1308_/D (sky130_fd_sc_hd__dfxtp_1)
                                              1.472991   data arrival time

                                  0.000000    0.000000   clock aclk (rise edge)
                                  0.000000    0.000000   clock source latency
     1    0.020182    0.096542    0.066588    0.066588 ^ aclk (in)
                                                         aclk (net)
                      0.096556    0.000000    0.066588 ^ clkbuf_0_aclk/A (sky130_fd_sc_hd__clkbuf_16)
     4    0.045437    0.064633    0.164368    0.230956 ^ clkbuf_0_aclk/X (sky130_fd_sc_hd__clkbuf_16)
                                                         clknet_0_aclk (net)
                      0.064665    0.001296    0.232252 ^ clkbuf_2_2__f_aclk/A (sky130_fd_sc_hd__clkbuf_16)
    14    0.044861    0.064201    0.152028    0.384280 ^ clkbuf_2_2__f_aclk/X (sky130_fd_sc_hd__clkbuf_16)
                                                         clknet_2_2__leaf_aclk (net)
                      0.064225    0.001267    0.385547 ^ _1308_/CLK (sky130_fd_sc_hd__dfxtp_1)
                                  0.250000    0.635547   clock uncertainty
                                  0.000000    0.635547   clock reconvergence pessimism
                                 -0.026737    0.608810   library hold time
                                              0.608810   data required time
---------------------------------------------------------------------------------------------
                                              0.608810   data required time
                                             -1.472991   data arrival time
---------------------------------------------------------------------------------------------
                                              0.864180   slack (MET)


Startpoint: _1321_ (rising edge-triggered flip-flop clocked by aclk)
Endpoint: m_axis_tvalid (output port clocked by aclk)
Path Group: aclk
Path Type: min

Fanout         Cap        Slew       Delay        Time   Description
---------------------------------------------------------------------------------------------
                                  0.000000    0.000000   clock aclk (rise edge)
                                  0.000000    0.000000   clock source latency
     1    0.020182    0.096542    0.066588    0.066588 ^ aclk (in)
                                                         aclk (net)
                      0.096556    0.000000    0.066588 ^ clkbuf_0_aclk/A (sky130_fd_sc_hd__clkbuf_16)
     4    0.045437    0.064633    0.164368    0.230956 ^ clkbuf_0_aclk/X (sky130_fd_sc_hd__clkbuf_16)
                                                         clknet_0_aclk (net)
                      0.064672    0.001402    0.232358 ^ clkbuf_2_0__f_aclk/A (sky130_fd_sc_hd__clkbuf_16)
    14    0.044588    0.063830    0.152034    0.384392 ^ clkbuf_2_0__f_aclk/X (sky130_fd_sc_hd__clkbuf_16)
                                                         clknet_2_0__leaf_aclk (net)
                      0.063917    0.002019    0.386410 ^ _1321_/CLK (sky130_fd_sc_hd__dfxtp_1)
     2    0.005028    0.035711    0.307581    0.693992 v _1321_/Q (sky130_fd_sc_hd__dfxtp_1)
                                                         net54 (net)
                      0.035711    0.000119    0.694111 v output54/A (sky130_fd_sc_hd__buf_2)
     1    0.034397    0.089899    0.176269    0.870380 v output54/X (sky130_fd_sc_hd__buf_2)
                                                         m_axis_tvalid (net)
                      0.089904    0.000747    0.871127 v m_axis_tvalid (out)
                                              0.871127   data arrival time

                                  0.000000    0.000000   clock aclk (rise edge)
                                  0.000000    0.000000   clock network delay (propagated)
                                  0.250000    0.250000   clock uncertainty
                                  0.000000    0.250000   clock reconvergence pessimism
                                 -2.000000   -1.750000   output external delay
                                             -1.750000   data required time
---------------------------------------------------------------------------------------------
                                             -1.750000   data required time
                                             -0.871127   data arrival time
---------------------------------------------------------------------------------------------
                                              2.621127   slack (MET)


Startpoint: _1319_ (rising edge-triggered flip-flop clocked by aclk)
Endpoint: m_axis_tlast (output port clocked by aclk)
Path Group: aclk
Path Type: min

Fanout         Cap        Slew       Delay        Time   Description
---------------------------------------------------------------------------------------------
                                  0.000000    0.000000   clock aclk (rise edge)
                                  0.000000    0.000000   clock source latency
     1    0.020182    0.096542    0.066588    0.066588 ^ aclk (in)
                                                         aclk (net)
                      0.096556    0.000000    0.066588 ^ clkbuf_0_aclk/A (sky130_fd_sc_hd__clkbuf_16)
     4    0.045437    0.064633    0.164368    0.230956 ^ clkbuf_0_aclk/X (sky130_fd_sc_hd__clkbuf_16)
                                                         clknet_0_aclk (net)
                      0.064672    0.001402    0.232358 ^ clkbuf_2_0__f_aclk/A (sky130_fd_sc_hd__clkbuf_16)
    14    0.044588    0.063830    0.152034    0.384392 ^ clkbuf_2_0__f_aclk/X (sky130_fd_sc_hd__clkbuf_16)
                                                         clknet_2_0__leaf_aclk (net)
                      0.063900    0.001831    0.386222 ^ _1319_/CLK (sky130_fd_sc_hd__dfxtp_1)
     2    0.005252    0.036635    0.308480    0.694703 v _1319_/Q (sky130_fd_sc_hd__dfxtp_1)
                                                         net53 (net)
                      0.036635    0.000119    0.694822 v output53/A (sky130_fd_sc_hd__buf_2)
     1    0.034318    0.089716    0.176531    0.871353 v output53/X (sky130_fd_sc_hd__buf_2)
                                                         m_axis_tlast (net)
                      0.089721    0.000732    0.872085 v m_axis_tlast (out)
                                              0.872085   data arrival time

                                  0.000000    0.000000   clock aclk (rise edge)
                                  0.000000    0.000000   clock network delay (propagated)
                                  0.250000    0.250000   clock uncertainty
                                  0.000000    0.250000   clock reconvergence pessimism
                                 -2.000000   -1.750000   output external delay
                                             -1.750000   data required time
---------------------------------------------------------------------------------------------
                                             -1.750000   data required time
                                             -0.872085   data arrival time
---------------------------------------------------------------------------------------------
                                              2.622085   slack (MET)


Startpoint: _1284_ (rising edge-triggered flip-flop clocked by aclk)
Endpoint: m_axis_tdata[14] (output port clocked by aclk)
Path Group: aclk
Path Type: min

Fanout         Cap        Slew       Delay        Time   Description
---------------------------------------------------------------------------------------------
                                  0.000000    0.000000   clock aclk (rise edge)
                                  0.000000    0.000000   clock source latency
     1    0.020182    0.096542    0.066588    0.066588 ^ aclk (in)
                                                         aclk (net)
                      0.096556    0.000000    0.066588 ^ clkbuf_0_aclk/A (sky130_fd_sc_hd__clkbuf_16)
     4    0.045437    0.064633    0.164368    0.230956 ^ clkbuf_0_aclk/X (sky130_fd_sc_hd__clkbuf_16)
                                                         clknet_0_aclk (net)
                      0.064687    0.001617    0.232573 ^ clkbuf_2_1__f_aclk/A (sky130_fd_sc_hd__clkbuf_16)
    12    0.042878    0.062325    0.151021    0.383594 ^ clkbuf_2_1__f_aclk/X (sky130_fd_sc_hd__clkbuf_16)
                                                         clknet_2_1__leaf_aclk (net)
                      0.062362    0.001330    0.384924 ^ _1284_/CLK (sky130_fd_sc_hd__dfxtp_1)
     4    0.009016    0.051654    0.323172    0.708096 v _1284_/Q (sky130_fd_sc_hd__dfxtp_1)
                                                         net26 (net)
                      0.051654    0.000135    0.708231 v output26/A (sky130_fd_sc_hd__buf_2)
     1    0.034323    0.089618    0.183010    0.891241 v output26/X (sky130_fd_sc_hd__buf_2)
                                                         m_axis_tdata[14] (net)
                      0.089623    0.000733    0.891973 v m_axis_tdata[14] (out)
                                              0.891973   data arrival time

                                  0.000000    0.000000   clock aclk (rise edge)
                                  0.000000    0.000000   clock network delay (propagated)
                                  0.250000    0.250000   clock uncertainty
                                  0.000000    0.250000   clock reconvergence pessimism
                                 -2.000000   -1.750000   output external delay
                                             -1.750000   data required time
---------------------------------------------------------------------------------------------
                                             -1.750000   data required time
                                             -0.891973   data arrival time
---------------------------------------------------------------------------------------------
                                              2.641973   slack (MET)


Startpoint: _1285_ (rising edge-triggered flip-flop clocked by aclk)
Endpoint: m_axis_tdata[15] (output port clocked by aclk)
Path Group: aclk
Path Type: min

Fanout         Cap        Slew       Delay        Time   Description
---------------------------------------------------------------------------------------------
                                  0.000000    0.000000   clock aclk (rise edge)
                                  0.000000    0.000000   clock source latency
     1    0.020182    0.096542    0.066588    0.066588 ^ aclk (in)
                                                         aclk (net)
                      0.096556    0.000000    0.066588 ^ clkbuf_0_aclk/A (sky130_fd_sc_hd__clkbuf_16)
     4    0.045437    0.064633    0.164368    0.230956 ^ clkbuf_0_aclk/X (sky130_fd_sc_hd__clkbuf_16)
                                                         clknet_0_aclk (net)
                      0.064672    0.001402    0.232358 ^ clkbuf_2_0__f_aclk/A (sky130_fd_sc_hd__clkbuf_16)
    14    0.044588    0.063830    0.152034    0.384392 ^ clkbuf_2_0__f_aclk/X (sky130_fd_sc_hd__clkbuf_16)
                                                         clknet_2_0__leaf_aclk (net)
                      0.063919    0.002041    0.386433 ^ _1285_/CLK (sky130_fd_sc_hd__dfxtp_1)
     4    0.009332    0.052992    0.324846    0.711279 v _1285_/Q (sky130_fd_sc_hd__dfxtp_1)
                                                         net27 (net)
                      0.053053    0.000175    0.711453 v output27/A (sky130_fd_sc_hd__buf_2)
     1    0.034326    0.089615    0.183618    0.895072 v output27/X (sky130_fd_sc_hd__buf_2)
                                                         m_axis_tdata[15] (net)
                      0.089620    0.000733    0.895804 v m_axis_tdata[15] (out)
                                              0.895804   data arrival time

                                  0.000000    0.000000   clock aclk (rise edge)
                                  0.000000    0.000000   clock network delay (propagated)
                                  0.250000    0.250000   clock uncertainty
                                  0.000000    0.250000   clock reconvergence pessimism
                                 -2.000000   -1.750000   output external delay
                                             -1.750000   data required time
---------------------------------------------------------------------------------------------
                                             -1.750000   data required time
                                             -0.895804   data arrival time
---------------------------------------------------------------------------------------------
                                              2.645804   slack (MET)


Startpoint: _1301_ (rising edge-triggered flip-flop clocked by aclk)
Endpoint: m_axis_tdata[31] (output port clocked by aclk)
Path Group: aclk
Path Type: min

Fanout         Cap        Slew       Delay        Time   Description
---------------------------------------------------------------------------------------------
                                  0.000000    0.000000   clock aclk (rise edge)
                                  0.000000    0.000000   clock source latency
     1    0.020182    0.096542    0.066588    0.066588 ^ aclk (in)
                                                         aclk (net)
                      0.096556    0.000000    0.066588 ^ clkbuf_0_aclk/A (sky130_fd_sc_hd__clkbuf_16)
     4    0.045437    0.064633    0.164368    0.230956 ^ clkbuf_0_aclk/X (sky130_fd_sc_hd__clkbuf_16)
                                                         clknet_0_aclk (net)
                      0.064669    0.001359    0.232315 ^ clkbuf_2_3__f_aclk/A (sky130_fd_sc_hd__clkbuf_16)
    14    0.047617    0.066605    0.154405    0.386720 ^ clkbuf_2_3__f_aclk/X (sky130_fd_sc_hd__clkbuf_16)
                                                         clknet_2_3__leaf_aclk (net)
                      0.066642    0.001402    0.388121 ^ _1301_/CLK (sky130_fd_sc_hd__dfxtp_1)
     4    0.008993    0.051577    0.324658    0.712779 v _1301_/Q (sky130_fd_sc_hd__dfxtp_1)
                                                         net45 (net)
                      0.051577    0.000199    0.712978 v output45/A (sky130_fd_sc_hd__buf_2)
     1    0.035125    0.091392    0.184382    0.897360 v output45/X (sky130_fd_sc_hd__buf_2)
                                                         m_axis_tdata[31] (net)
                      0.091400    0.000847    0.898207 v m_axis_tdata[31] (out)
                                              0.898207   data arrival time

                                  0.000000    0.000000   clock aclk (rise edge)
                                  0.000000    0.000000   clock network delay (propagated)
                                  0.250000    0.250000   clock uncertainty
                                  0.000000    0.250000   clock reconvergence pessimism
                                 -2.000000   -1.750000   output external delay
                                             -1.750000   data required time
---------------------------------------------------------------------------------------------
                                             -1.750000   data required time
                                             -0.898207   data arrival time
---------------------------------------------------------------------------------------------
                                              2.648207   slack (MET)


Startpoint: _1272_ (rising edge-triggered flip-flop clocked by aclk)
Endpoint: m_axis_tdata[2] (output port clocked by aclk)
Path Group: aclk
Path Type: min

Fanout         Cap        Slew       Delay        Time   Description
---------------------------------------------------------------------------------------------
                                  0.000000    0.000000   clock aclk (rise edge)
                                  0.000000    0.000000   clock source latency
     1    0.020182    0.096542    0.066588    0.066588 ^ aclk (in)
                                                         aclk (net)
                      0.096556    0.000000    0.066588 ^ clkbuf_0_aclk/A (sky130_fd_sc_hd__clkbuf_16)
     4    0.045437    0.064633    0.164368    0.230956 ^ clkbuf_0_aclk/X (sky130_fd_sc_hd__clkbuf_16)
                                                         clknet_0_aclk (net)
                      0.064665    0.001296    0.232252 ^ clkbuf_2_2__f_aclk/A (sky130_fd_sc_hd__clkbuf_16)
    14    0.044861    0.064201    0.152028    0.384280 ^ clkbuf_2_2__f_aclk/X (sky130_fd_sc_hd__clkbuf_16)
                                                         clknet_2_2__leaf_aclk (net)
                      0.064398    0.002392    0.386673 ^ _1272_/CLK (sky130_fd_sc_hd__dfxtp_1)
     4    0.010045    0.056072    0.327517    0.714190 v _1272_/Q (sky130_fd_sc_hd__dfxtp_1)
                                                         net43 (net)
                      0.056072    0.000162    0.714352 v output43/A (sky130_fd_sc_hd__buf_2)
     1    0.034593    0.090232    0.185412    0.899764 v output43/X (sky130_fd_sc_hd__buf_2)
                                                         m_axis_tdata[2] (net)
                      0.090239    0.000830    0.900594 v m_axis_tdata[2] (out)
                                              0.900594   data arrival time

                                  0.000000    0.000000   clock aclk (rise edge)
                                  0.000000    0.000000   clock network delay (propagated)
                                  0.250000    0.250000   clock uncertainty
                                  0.000000    0.250000   clock reconvergence pessimism
                                 -2.000000   -1.750000   output external delay
                                             -1.750000   data required time
---------------------------------------------------------------------------------------------
                                             -1.750000   data required time
                                             -0.900594   data arrival time
---------------------------------------------------------------------------------------------
                                              2.650594   slack (MET)


Startpoint: _1273_ (rising edge-triggered flip-flop clocked by aclk)
Endpoint: m_axis_tdata[3] (output port clocked by aclk)
Path Group: aclk
Path Type: min

Fanout         Cap        Slew       Delay        Time   Description
---------------------------------------------------------------------------------------------
                                  0.000000    0.000000   clock aclk (rise edge)
                                  0.000000    0.000000   clock source latency
     1    0.020182    0.096542    0.066588    0.066588 ^ aclk (in)
                                                         aclk (net)
                      0.096556    0.000000    0.066588 ^ clkbuf_0_aclk/A (sky130_fd_sc_hd__clkbuf_16)
     4    0.045437    0.064633    0.164368    0.230956 ^ clkbuf_0_aclk/X (sky130_fd_sc_hd__clkbuf_16)
                                                         clknet_0_aclk (net)
                      0.064665    0.001296    0.232252 ^ clkbuf_2_2__f_aclk/A (sky130_fd_sc_hd__clkbuf_16)
    14    0.044861    0.064201    0.152028    0.384280 ^ clkbuf_2_2__f_aclk/X (sky130_fd_sc_hd__clkbuf_16)
                                                         clknet_2_2__leaf_aclk (net)
                      0.064367    0.002115    0.386395 ^ _1273_/CLK (sky130_fd_sc_hd__dfxtp_1)
     4    0.010256    0.056983    0.328202    0.714598 v _1273_/Q (sky130_fd_sc_hd__dfxtp_1)
                                                         net46 (net)
                      0.056983    0.000201    0.714798 v output46/A (sky130_fd_sc_hd__buf_2)
     1    0.034413    0.089833    0.185518    0.900317 v output46/X (sky130_fd_sc_hd__buf_2)
                                                         m_axis_tdata[3] (net)
                      0.089839    0.000795    0.901112 v m_axis_tdata[3] (out)
                                              0.901112   data arrival time

                                  0.000000    0.000000   clock aclk (rise edge)
                                  0.000000    0.000000   clock network delay (propagated)
                                  0.250000    0.250000   clock uncertainty
                                  0.000000    0.250000   clock reconvergence pessimism
                                 -2.000000   -1.750000   output external delay
                                             -1.750000   data required time
---------------------------------------------------------------------------------------------
                                             -1.750000   data required time
                                             -0.901112   data arrival time
---------------------------------------------------------------------------------------------
                                              2.651112   slack (MET)


Startpoint: _1274_ (rising edge-triggered flip-flop clocked by aclk)
Endpoint: m_axis_tdata[4] (output port clocked by aclk)
Path Group: aclk
Path Type: min

Fanout         Cap        Slew       Delay        Time   Description
---------------------------------------------------------------------------------------------
                                  0.000000    0.000000   clock aclk (rise edge)
                                  0.000000    0.000000   clock source latency
     1    0.020182    0.096542    0.066588    0.066588 ^ aclk (in)
                                                         aclk (net)
                      0.096556    0.000000    0.066588 ^ clkbuf_0_aclk/A (sky130_fd_sc_hd__clkbuf_16)
     4    0.045437    0.064633    0.164368    0.230956 ^ clkbuf_0_aclk/X (sky130_fd_sc_hd__clkbuf_16)
                                                         clknet_0_aclk (net)
                      0.064669    0.001359    0.232315 ^ clkbuf_2_3__f_aclk/A (sky130_fd_sc_hd__clkbuf_16)
    14    0.047617    0.066605    0.154405    0.386720 ^ clkbuf_2_3__f_aclk/X (sky130_fd_sc_hd__clkbuf_16)
                                                         clknet_2_3__leaf_aclk (net)
                      0.066649    0.001511    0.388231 ^ _1274_/CLK (sky130_fd_sc_hd__dfxtp_1)
     4    0.010581    0.058362    0.330208    0.718439 v _1274_/Q (sky130_fd_sc_hd__dfxtp_1)
                                                         net47 (net)
                      0.058362    0.000143    0.718582 v output47/A (sky130_fd_sc_hd__buf_2)
     1    0.034413    0.089834    0.186145    0.904728 v output47/X (sky130_fd_sc_hd__buf_2)
                                                         m_axis_tdata[4] (net)
                      0.089841    0.000795    0.905523 v m_axis_tdata[4] (out)
                                              0.905523   data arrival time

                                  0.000000    0.000000   clock aclk (rise edge)
                                  0.000000    0.000000   clock network delay (propagated)
                                  0.250000    0.250000   clock uncertainty
                                  0.000000    0.250000   clock reconvergence pessimism
                                 -2.000000   -1.750000   output external delay
                                             -1.750000   data required time
---------------------------------------------------------------------------------------------
                                             -1.750000   data required time
                                             -0.905523   data arrival time
---------------------------------------------------------------------------------------------
                                              2.655523   slack (MET)


Startpoint: _1288_ (rising edge-triggered flip-flop clocked by aclk)
Endpoint: m_axis_tdata[18] (output port clocked by aclk)
Path Group: aclk
Path Type: min

Fanout         Cap        Slew       Delay        Time   Description
---------------------------------------------------------------------------------------------
                                  0.000000    0.000000   clock aclk (rise edge)
                                  0.000000    0.000000   clock source latency
     1    0.020182    0.096542    0.066588    0.066588 ^ aclk (in)
                                                         aclk (net)
                      0.096556    0.000000    0.066588 ^ clkbuf_0_aclk/A (sky130_fd_sc_hd__clkbuf_16)
     4    0.045437    0.064633    0.164368    0.230956 ^ clkbuf_0_aclk/X (sky130_fd_sc_hd__clkbuf_16)
                                                         clknet_0_aclk (net)
                      0.064687    0.001617    0.232573 ^ clkbuf_2_1__f_aclk/A (sky130_fd_sc_hd__clkbuf_16)
    12    0.042878    0.062325    0.151021    0.383594 ^ clkbuf_2_1__f_aclk/X (sky130_fd_sc_hd__clkbuf_16)
                                                         clknet_2_1__leaf_aclk (net)
                      0.062336    0.000826    0.384420 ^ _1288_/CLK (sky130_fd_sc_hd__dfxtp_1)
     5    0.012373    0.066062    0.334738    0.719158 v _1288_/Q (sky130_fd_sc_hd__dfxtp_1)
                                                         net30 (net)
                      0.066063    0.000303    0.719461 v output30/A (sky130_fd_sc_hd__buf_2)
     1    0.033881    0.088624    0.188799    0.908259 v output30/X (sky130_fd_sc_hd__buf_2)
                                                         m_axis_tdata[18] (net)
                      0.088627    0.000611    0.908870 v m_axis_tdata[18] (out)
                                              0.908870   data arrival time

                                  0.000000    0.000000   clock aclk (rise edge)
                                  0.000000    0.000000   clock network delay (propagated)
                                  0.250000    0.250000   clock uncertainty
                                  0.000000    0.250000   clock reconvergence pessimism
                                 -2.000000   -1.750000   output external delay
                                             -1.750000   data required time
---------------------------------------------------------------------------------------------
                                             -1.750000   data required time
                                             -0.908870   data arrival time
---------------------------------------------------------------------------------------------
                                              2.658870   slack (MET)


Startpoint: _1276_ (rising edge-triggered flip-flop clocked by aclk)
Endpoint: m_axis_tdata[6] (output port clocked by aclk)
Path Group: aclk
Path Type: min

Fanout         Cap        Slew       Delay        Time   Description
---------------------------------------------------------------------------------------------
                                  0.000000    0.000000   clock aclk (rise edge)
                                  0.000000    0.000000   clock source latency
     1    0.020182    0.096542    0.066588    0.066588 ^ aclk (in)
                                                         aclk (net)
                      0.096556    0.000000    0.066588 ^ clkbuf_0_aclk/A (sky130_fd_sc_hd__clkbuf_16)
     4    0.045437    0.064633    0.164368    0.230956 ^ clkbuf_0_aclk/X (sky130_fd_sc_hd__clkbuf_16)
                                                         clknet_0_aclk (net)
                      0.064669    0.001359    0.232315 ^ clkbuf_2_3__f_aclk/A (sky130_fd_sc_hd__clkbuf_16)
    14    0.047617    0.066605    0.154405    0.386720 ^ clkbuf_2_3__f_aclk/X (sky130_fd_sc_hd__clkbuf_16)
                                                         clknet_2_3__leaf_aclk (net)
                      0.066637    0.001331    0.388050 ^ _1276_/CLK (sky130_fd_sc_hd__dfxtp_1)
     4    0.011422    0.061958    0.333104    0.721154 v _1276_/Q (sky130_fd_sc_hd__dfxtp_1)
                                                         net49 (net)
                      0.061958    0.000318    0.721472 v output49/A (sky130_fd_sc_hd__buf_2)
     1    0.034617    0.090290    0.188136    0.909607 v output49/X (sky130_fd_sc_hd__buf_2)
                                                         m_axis_tdata[6] (net)
                      0.090297    0.000830    0.910437 v m_axis_tdata[6] (out)
                                              0.910437   data arrival time

                                  0.000000    0.000000   clock aclk (rise edge)
                                  0.000000    0.000000   clock network delay (propagated)
                                  0.250000    0.250000   clock uncertainty
                                  0.000000    0.250000   clock reconvergence pessimism
                                 -2.000000   -1.750000   output external delay
                                             -1.750000   data required time
---------------------------------------------------------------------------------------------
                                             -1.750000   data required time
                                             -0.910437   data arrival time
---------------------------------------------------------------------------------------------
                                              2.660437   slack (MET)


Startpoint: _1300_ (rising edge-triggered flip-flop clocked by aclk)
Endpoint: m_axis_tdata[30] (output port clocked by aclk)
Path Group: aclk
Path Type: min

Fanout         Cap        Slew       Delay        Time   Description
---------------------------------------------------------------------------------------------
                                  0.000000    0.000000   clock aclk (rise edge)
                                  0.000000    0.000000   clock source latency
     1    0.020182    0.096542    0.066588    0.066588 ^ aclk (in)
                                                         aclk (net)
                      0.096556    0.000000    0.066588 ^ clkbuf_0_aclk/A (sky130_fd_sc_hd__clkbuf_16)
     4    0.045437    0.064633    0.164368    0.230956 ^ clkbuf_0_aclk/X (sky130_fd_sc_hd__clkbuf_16)
                                                         clknet_0_aclk (net)
                      0.064669    0.001359    0.232315 ^ clkbuf_2_3__f_aclk/A (sky130_fd_sc_hd__clkbuf_16)
    14    0.047617    0.066605    0.154405    0.386720 ^ clkbuf_2_3__f_aclk/X (sky130_fd_sc_hd__clkbuf_16)
                                                         clknet_2_3__leaf_aclk (net)
                      0.066640    0.001380    0.388100 ^ _1300_/CLK (sky130_fd_sc_hd__dfxtp_1)
     4    0.011742    0.063334    0.334206    0.722306 v _1300_/Q (sky130_fd_sc_hd__dfxtp_1)
                                                         net44 (net)
                      0.063334    0.000170    0.722476 v output44/A (sky130_fd_sc_hd__buf_2)
     1    0.034075    0.089047    0.187897    0.910373 v output44/X (sky130_fd_sc_hd__buf_2)
                                                         m_axis_tdata[30] (net)
                      0.089050    0.000638    0.911012 v m_axis_tdata[30] (out)
                                              0.911012   data arrival time

                                  0.000000    0.000000   clock aclk (rise edge)
                                  0.000000    0.000000   clock network delay (propagated)
                                  0.250000    0.250000   clock uncertainty
                                  0.000000    0.250000   clock reconvergence pessimism
                                 -2.000000   -1.750000   output external delay
                                             -1.750000   data required time
---------------------------------------------------------------------------------------------
                                             -1.750000   data required time
                                             -0.911012   data arrival time
---------------------------------------------------------------------------------------------
                                              2.661012   slack (MET)


Startpoint: _1289_ (rising edge-triggered flip-flop clocked by aclk)
Endpoint: m_axis_tdata[19] (output port clocked by aclk)
Path Group: aclk
Path Type: min

Fanout         Cap        Slew       Delay        Time   Description
---------------------------------------------------------------------------------------------
                                  0.000000    0.000000   clock aclk (rise edge)
                                  0.000000    0.000000   clock source latency
     1    0.020182    0.096542    0.066588    0.066588 ^ aclk (in)
                                                         aclk (net)
                      0.096556    0.000000    0.066588 ^ clkbuf_0_aclk/A (sky130_fd_sc_hd__clkbuf_16)
     4    0.045437    0.064633    0.164368    0.230956 ^ clkbuf_0_aclk/X (sky130_fd_sc_hd__clkbuf_16)
                                                         clknet_0_aclk (net)
                      0.064687    0.001617    0.232573 ^ clkbuf_2_1__f_aclk/A (sky130_fd_sc_hd__clkbuf_16)
    12    0.042878    0.062325    0.151021    0.383594 ^ clkbuf_2_1__f_aclk/X (sky130_fd_sc_hd__clkbuf_16)
                                                         clknet_2_1__leaf_aclk (net)
                      0.062331    0.000668    0.384262 ^ _1289_/CLK (sky130_fd_sc_hd__dfxtp_1)
     4    0.012996    0.068752    0.336863    0.721125 v _1289_/Q (sky130_fd_sc_hd__dfxtp_1)
                                                         net31 (net)
                      0.068752    0.000288    0.721413 v output31/A (sky130_fd_sc_hd__buf_2)
     1    0.034259    0.089458    0.190685    0.912098 v output31/X (sky130_fd_sc_hd__buf_2)
                                                         m_axis_tdata[19] (net)
                      0.089462    0.000665    0.912763 v m_axis_tdata[19] (out)
                                              0.912763   data arrival time

                                  0.000000    0.000000   clock aclk (rise edge)
                                  0.000000    0.000000   clock network delay (propagated)
                                  0.250000    0.250000   clock uncertainty
                                  0.000000    0.250000   clock reconvergence pessimism
                                 -2.000000   -1.750000   output external delay
                                             -1.750000   data required time
---------------------------------------------------------------------------------------------
                                             -1.750000   data required time
                                             -0.912763   data arrival time
---------------------------------------------------------------------------------------------
                                              2.662763   slack (MET)


Startpoint: _1280_ (rising edge-triggered flip-flop clocked by aclk)
Endpoint: m_axis_tdata[10] (output port clocked by aclk)
Path Group: aclk
Path Type: min

Fanout         Cap        Slew       Delay        Time   Description
---------------------------------------------------------------------------------------------
                                  0.000000    0.000000   clock aclk (rise edge)
                                  0.000000    0.000000   clock source latency
     1    0.020182    0.096542    0.066588    0.066588 ^ aclk (in)
                                                         aclk (net)
                      0.096556    0.000000    0.066588 ^ clkbuf_0_aclk/A (sky130_fd_sc_hd__clkbuf_16)
     4    0.045437    0.064633    0.164368    0.230956 ^ clkbuf_0_aclk/X (sky130_fd_sc_hd__clkbuf_16)
                                                         clknet_0_aclk (net)
                      0.064687    0.001617    0.232573 ^ clkbuf_2_1__f_aclk/A (sky130_fd_sc_hd__clkbuf_16)
    12    0.042878    0.062325    0.151021    0.383594 ^ clkbuf_2_1__f_aclk/X (sky130_fd_sc_hd__clkbuf_16)
                                                         clknet_2_1__leaf_aclk (net)
                      0.062334    0.000758    0.384352 ^ _1280_/CLK (sky130_fd_sc_hd__dfxtp_1)
     4    0.013061    0.068983    0.337206    0.721558 v _1280_/Q (sky130_fd_sc_hd__dfxtp_1)
                                                         net22 (net)
                      0.068983    0.000264    0.721822 v output22/A (sky130_fd_sc_hd__buf_2)
     1    0.034035    0.088976    0.190380    0.912202 v output22/X (sky130_fd_sc_hd__buf_2)
                                                         m_axis_tdata[10] (net)
                      0.088980    0.000654    0.912856 v m_axis_tdata[10] (out)
                                              0.912856   data arrival time

                                  0.000000    0.000000   clock aclk (rise edge)
                                  0.000000    0.000000   clock network delay (propagated)
                                  0.250000    0.250000   clock uncertainty
                                  0.000000    0.250000   clock reconvergence pessimism
                                 -2.000000   -1.750000   output external delay
                                             -1.750000   data required time
---------------------------------------------------------------------------------------------
                                             -1.750000   data required time
                                             -0.912856   data arrival time
---------------------------------------------------------------------------------------------
                                              2.662856   slack (MET)


Startpoint: _1293_ (rising edge-triggered flip-flop clocked by aclk)
Endpoint: m_axis_tdata[23] (output port clocked by aclk)
Path Group: aclk
Path Type: min

Fanout         Cap        Slew       Delay        Time   Description
---------------------------------------------------------------------------------------------
                                  0.000000    0.000000   clock aclk (rise edge)
                                  0.000000    0.000000   clock source latency
     1    0.020182    0.096542    0.066588    0.066588 ^ aclk (in)
                                                         aclk (net)
                      0.096556    0.000000    0.066588 ^ clkbuf_0_aclk/A (sky130_fd_sc_hd__clkbuf_16)
     4    0.045437    0.064633    0.164368    0.230956 ^ clkbuf_0_aclk/X (sky130_fd_sc_hd__clkbuf_16)
                                                         clknet_0_aclk (net)
                      0.064687    0.001617    0.232573 ^ clkbuf_2_1__f_aclk/A (sky130_fd_sc_hd__clkbuf_16)
    12    0.042878    0.062325    0.151021    0.383594 ^ clkbuf_2_1__f_aclk/X (sky130_fd_sc_hd__clkbuf_16)
                                                         clknet_2_1__leaf_aclk (net)
                      0.062361    0.001305    0.384899 ^ _1293_/CLK (sky130_fd_sc_hd__dfxtp_1)
     4    0.013303    0.070054    0.337992    0.722891 v _1293_/Q (sky130_fd_sc_hd__dfxtp_1)
                                                         net36 (net)
                      0.070055    0.000377    0.723268 v output36/A (sky130_fd_sc_hd__buf_2)
     1    0.034326    0.089632    0.191351    0.914618 v output36/X (sky130_fd_sc_hd__buf_2)
                                                         m_axis_tdata[23] (net)
                      0.089637    0.000733    0.915351 v m_axis_tdata[23] (out)
                                              0.915351   data arrival time

                                  0.000000    0.000000   clock aclk (rise edge)
                                  0.000000    0.000000   clock network delay (propagated)
                                  0.250000    0.250000   clock uncertainty
                                  0.000000    0.250000   clock reconvergence pessimism
                                 -2.000000   -1.750000   output external delay
                                             -1.750000   data required time
---------------------------------------------------------------------------------------------
                                             -1.750000   data required time
                                             -0.915351   data arrival time
---------------------------------------------------------------------------------------------
                                              2.665351   slack (MET)


Startpoint: _1275_ (rising edge-triggered flip-flop clocked by aclk)
Endpoint: m_axis_tdata[5] (output port clocked by aclk)
Path Group: aclk
Path Type: min

Fanout         Cap        Slew       Delay        Time   Description
---------------------------------------------------------------------------------------------
                                  0.000000    0.000000   clock aclk (rise edge)
                                  0.000000    0.000000   clock source latency
     1    0.020182    0.096542    0.066588    0.066588 ^ aclk (in)
                                                         aclk (net)
                      0.096556    0.000000    0.066588 ^ clkbuf_0_aclk/A (sky130_fd_sc_hd__clkbuf_16)
     4    0.045437    0.064633    0.164368    0.230956 ^ clkbuf_0_aclk/X (sky130_fd_sc_hd__clkbuf_16)
                                                         clknet_0_aclk (net)
                      0.064669    0.001359    0.232315 ^ clkbuf_2_3__f_aclk/A (sky130_fd_sc_hd__clkbuf_16)
    14    0.047617    0.066605    0.154405    0.386720 ^ clkbuf_2_3__f_aclk/X (sky130_fd_sc_hd__clkbuf_16)
                                                         clknet_2_3__leaf_aclk (net)
                      0.066652    0.001553    0.388273 ^ _1275_/CLK (sky130_fd_sc_hd__dfxtp_1)
     5    0.012392    0.066126    0.336463    0.724736 v _1275_/Q (sky130_fd_sc_hd__dfxtp_1)
                                                         net48 (net)
                      0.066126    0.000251    0.724987 v output48/A (sky130_fd_sc_hd__buf_2)
     1    0.034418    0.089852    0.189686    0.914672 v output48/X (sky130_fd_sc_hd__buf_2)
                                                         m_axis_tdata[5] (net)
                      0.089859    0.000795    0.915468 v m_axis_tdata[5] (out)
                                              0.915468   data arrival time

                                  0.000000    0.000000   clock aclk (rise edge)
                                  0.000000    0.000000   clock network delay (propagated)
                                  0.250000    0.250000   clock uncertainty
                                  0.000000    0.250000   clock reconvergence pessimism
                                 -2.000000   -1.750000   output external delay
                                             -1.750000   data required time
---------------------------------------------------------------------------------------------
                                             -1.750000   data required time
                                             -0.915468   data arrival time
---------------------------------------------------------------------------------------------
                                              2.665468   slack (MET)


Startpoint: _1296_ (rising edge-triggered flip-flop clocked by aclk)
Endpoint: m_axis_tdata[26] (output port clocked by aclk)
Path Group: aclk
Path Type: min

Fanout         Cap        Slew       Delay        Time   Description
---------------------------------------------------------------------------------------------
                                  0.000000    0.000000   clock aclk (rise edge)
                                  0.000000    0.000000   clock source latency
     1    0.020182    0.096542    0.066588    0.066588 ^ aclk (in)
                                                         aclk (net)
                      0.096556    0.000000    0.066588 ^ clkbuf_0_aclk/A (sky130_fd_sc_hd__clkbuf_16)
     4    0.045437    0.064633    0.164368    0.230956 ^ clkbuf_0_aclk/X (sky130_fd_sc_hd__clkbuf_16)
                                                         clknet_0_aclk (net)
                      0.064669    0.001359    0.232315 ^ clkbuf_2_3__f_aclk/A (sky130_fd_sc_hd__clkbuf_16)
    14    0.047617    0.066605    0.154405    0.386720 ^ clkbuf_2_3__f_aclk/X (sky130_fd_sc_hd__clkbuf_16)
                                                         clknet_2_3__leaf_aclk (net)
                      0.066627    0.001128    0.387848 ^ _1296_/CLK (sky130_fd_sc_hd__dfxtp_1)
     5    0.012924    0.068437    0.338232    0.726080 v _1296_/Q (sky130_fd_sc_hd__dfxtp_1)
                                                         net39 (net)
                      0.068437    0.000231    0.726311 v output39/A (sky130_fd_sc_hd__buf_2)
     1    0.034429    0.089857    0.190797    0.917109 v output39/X (sky130_fd_sc_hd__buf_2)
                                                         m_axis_tdata[26] (net)
                      0.089863    0.000742    0.917851 v m_axis_tdata[26] (out)
                                              0.917851   data arrival time

                                  0.000000    0.000000   clock aclk (rise edge)
                                  0.000000    0.000000   clock network delay (propagated)
                                  0.250000    0.250000   clock uncertainty
                                  0.000000    0.250000   clock reconvergence pessimism
                                 -2.000000   -1.750000   output external delay
                                             -1.750000   data required time
---------------------------------------------------------------------------------------------
                                             -1.750000   data required time
                                             -0.917851   data arrival time
---------------------------------------------------------------------------------------------
                                              2.667850   slack (MET)


Startpoint: _1299_ (rising edge-triggered flip-flop clocked by aclk)
Endpoint: m_axis_tdata[29] (output port clocked by aclk)
Path Group: aclk
Path Type: min

Fanout         Cap        Slew       Delay        Time   Description
---------------------------------------------------------------------------------------------
                                  0.000000    0.000000   clock aclk (rise edge)
                                  0.000000    0.000000   clock source latency
     1    0.020182    0.096542    0.066588    0.066588 ^ aclk (in)
                                                         aclk (net)
                      0.096556    0.000000    0.066588 ^ clkbuf_0_aclk/A (sky130_fd_sc_hd__clkbuf_16)
     4    0.045437    0.064633    0.164368    0.230956 ^ clkbuf_0_aclk/X (sky130_fd_sc_hd__clkbuf_16)
                                                         clknet_0_aclk (net)
                      0.064669    0.001359    0.232315 ^ clkbuf_2_3__f_aclk/A (sky130_fd_sc_hd__clkbuf_16)
    14    0.047617    0.066605    0.154405    0.386720 ^ clkbuf_2_3__f_aclk/X (sky130_fd_sc_hd__clkbuf_16)
                                                         clknet_2_3__leaf_aclk (net)
                      0.066619    0.000955    0.387675 ^ _1299_/CLK (sky130_fd_sc_hd__dfxtp_1)
     4    0.013054    0.068971    0.338753    0.726428 v _1299_/Q (sky130_fd_sc_hd__dfxtp_1)
                                                         net42 (net)
                      0.068971    0.000250    0.726678 v output42/A (sky130_fd_sc_hd__buf_2)
     1    0.034527    0.090029    0.191292    0.917970 v output42/X (sky130_fd_sc_hd__buf_2)
                                                         m_axis_tdata[29] (net)
                      0.090033    0.000658    0.918628 v m_axis_tdata[29] (out)
                                              0.918628   data arrival time

                                  0.000000    0.000000   clock aclk (rise edge)
                                  0.000000    0.000000   clock network delay (propagated)
                                  0.250000    0.250000   clock uncertainty
                                  0.000000    0.250000   clock reconvergence pessimism
                                 -2.000000   -1.750000   output external delay
                                             -1.750000   data required time
---------------------------------------------------------------------------------------------
                                             -1.750000   data required time
                                             -0.918628   data arrival time
---------------------------------------------------------------------------------------------
                                              2.668628   slack (MET)


Startpoint: _1277_ (rising edge-triggered flip-flop clocked by aclk)
Endpoint: m_axis_tdata[7] (output port clocked by aclk)
Path Group: aclk
Path Type: min

Fanout         Cap        Slew       Delay        Time   Description
---------------------------------------------------------------------------------------------
                                  0.000000    0.000000   clock aclk (rise edge)
                                  0.000000    0.000000   clock source latency
     1    0.020182    0.096542    0.066588    0.066588 ^ aclk (in)
                                                         aclk (net)
                      0.096556    0.000000    0.066588 ^ clkbuf_0_aclk/A (sky130_fd_sc_hd__clkbuf_16)
     4    0.045437    0.064633    0.164368    0.230956 ^ clkbuf_0_aclk/X (sky130_fd_sc_hd__clkbuf_16)
                                                         clknet_0_aclk (net)
                      0.064669    0.001359    0.232315 ^ clkbuf_2_3__f_aclk/A (sky130_fd_sc_hd__clkbuf_16)
    14    0.047617    0.066605    0.154405    0.386720 ^ clkbuf_2_3__f_aclk/X (sky130_fd_sc_hd__clkbuf_16)
                                                         clknet_2_3__leaf_aclk (net)
                      0.066624    0.001078    0.387797 ^ _1277_/CLK (sky130_fd_sc_hd__dfxtp_1)
     4    0.013369    0.070327    0.339844    0.727641 v _1277_/Q (sky130_fd_sc_hd__dfxtp_1)
                                                         net50 (net)
                      0.070327    0.000230    0.727871 v output50/A (sky130_fd_sc_hd__buf_2)
     1    0.033925    0.088725    0.190811    0.918683 v output50/X (sky130_fd_sc_hd__buf_2)
                                                         m_axis_tdata[7] (net)
                      0.088729    0.000622    0.919304 v m_axis_tdata[7] (out)
                                              0.919304   data arrival time

                                  0.000000    0.000000   clock aclk (rise edge)
                                  0.000000    0.000000   clock network delay (propagated)
                                  0.250000    0.250000   clock uncertainty
                                  0.000000    0.250000   clock reconvergence pessimism
                                 -2.000000   -1.750000   output external delay
                                             -1.750000   data required time
---------------------------------------------------------------------------------------------
                                             -1.750000   data required time
                                             -0.919304   data arrival time
---------------------------------------------------------------------------------------------
                                              2.669304   slack (MET)


Startpoint: _1298_ (rising edge-triggered flip-flop clocked by aclk)
Endpoint: m_axis_tdata[28] (output port clocked by aclk)
Path Group: aclk
Path Type: min

Fanout         Cap        Slew       Delay        Time   Description
---------------------------------------------------------------------------------------------
                                  0.000000    0.000000   clock aclk (rise edge)
                                  0.000000    0.000000   clock source latency
     1    0.020182    0.096542    0.066588    0.066588 ^ aclk (in)
                                                         aclk (net)
                      0.096556    0.000000    0.066588 ^ clkbuf_0_aclk/A (sky130_fd_sc_hd__clkbuf_16)
     4    0.045437    0.064633    0.164368    0.230956 ^ clkbuf_0_aclk/X (sky130_fd_sc_hd__clkbuf_16)
                                                         clknet_0_aclk (net)
                      0.064669    0.001359    0.232315 ^ clkbuf_2_3__f_aclk/A (sky130_fd_sc_hd__clkbuf_16)
    14    0.047617    0.066605    0.154405    0.386720 ^ clkbuf_2_3__f_aclk/X (sky130_fd_sc_hd__clkbuf_16)
                                                         clknet_2_3__leaf_aclk (net)
                      0.066617    0.000902    0.387621 ^ _1298_/CLK (sky130_fd_sc_hd__dfxtp_1)
     5    0.013643    0.071491    0.340829    0.728451 v _1298_/Q (sky130_fd_sc_hd__dfxtp_1)
                                                         net41 (net)
                      0.071491    0.000257    0.728707 v output41/A (sky130_fd_sc_hd__buf_2)
     1    0.034588    0.090207    0.192475    0.921183 v output41/X (sky130_fd_sc_hd__buf_2)
                                                         m_axis_tdata[28] (net)
                      0.090212    0.000753    0.921936 v m_axis_tdata[28] (out)
                                              0.921936   data arrival time

                                  0.000000    0.000000   clock aclk (rise edge)
                                  0.000000    0.000000   clock network delay (propagated)
                                  0.250000    0.250000   clock uncertainty
                                  0.000000    0.250000   clock reconvergence pessimism
                                 -2.000000   -1.750000   output external delay
                                             -1.750000   data required time
---------------------------------------------------------------------------------------------
                                             -1.750000   data required time
                                             -0.921936   data arrival time
---------------------------------------------------------------------------------------------
                                              2.671936   slack (MET)


Startpoint: _1292_ (rising edge-triggered flip-flop clocked by aclk)
Endpoint: m_axis_tdata[22] (output port clocked by aclk)
Path Group: aclk
Path Type: min

Fanout         Cap        Slew       Delay        Time   Description
---------------------------------------------------------------------------------------------
                                  0.000000    0.000000   clock aclk (rise edge)
                                  0.000000    0.000000   clock source latency
     1    0.020182    0.096542    0.066588    0.066588 ^ aclk (in)
                                                         aclk (net)
                      0.096556    0.000000    0.066588 ^ clkbuf_0_aclk/A (sky130_fd_sc_hd__clkbuf_16)
     4    0.045437    0.064633    0.164368    0.230956 ^ clkbuf_0_aclk/X (sky130_fd_sc_hd__clkbuf_16)
                                                         clknet_0_aclk (net)
                      0.064687    0.001617    0.232573 ^ clkbuf_2_1__f_aclk/A (sky130_fd_sc_hd__clkbuf_16)
    12    0.042878    0.062325    0.151021    0.383594 ^ clkbuf_2_1__f_aclk/X (sky130_fd_sc_hd__clkbuf_16)
                                                         clknet_2_1__leaf_aclk (net)
                      0.062355    0.001206    0.384800 ^ _1292_/CLK (sky130_fd_sc_hd__dfxtp_1)
     5    0.014613    0.075739    0.342457    0.727257 v _1292_/Q (sky130_fd_sc_hd__dfxtp_1)
                                                         net35 (net)
                      0.075742    0.000559    0.727817 v output35/A (sky130_fd_sc_hd__buf_2)
     1    0.034170    0.089265    0.193716    0.921533 v output35/X (sky130_fd_sc_hd__buf_2)
                                                         m_axis_tdata[22] (net)
                      0.089269    0.000643    0.922176 v m_axis_tdata[22] (out)
                                              0.922176   data arrival time

                                  0.000000    0.000000   clock aclk (rise edge)
                                  0.000000    0.000000   clock network delay (propagated)
                                  0.250000    0.250000   clock uncertainty
                                  0.000000    0.250000   clock reconvergence pessimism
                                 -2.000000   -1.750000   output external delay
                                             -1.750000   data required time
---------------------------------------------------------------------------------------------
                                             -1.750000   data required time
                                             -0.922176   data arrival time
---------------------------------------------------------------------------------------------
                                              2.672176   slack (MET)


Startpoint: _1278_ (rising edge-triggered flip-flop clocked by aclk)
Endpoint: m_axis_tdata[8] (output port clocked by aclk)
Path Group: aclk
Path Type: min

Fanout         Cap        Slew       Delay        Time   Description
---------------------------------------------------------------------------------------------
                                  0.000000    0.000000   clock aclk (rise edge)
                                  0.000000    0.000000   clock source latency
     1    0.020182    0.096542    0.066588    0.066588 ^ aclk (in)
                                                         aclk (net)
                      0.096556    0.000000    0.066588 ^ clkbuf_0_aclk/A (sky130_fd_sc_hd__clkbuf_16)
     4    0.045437    0.064633    0.164368    0.230956 ^ clkbuf_0_aclk/X (sky130_fd_sc_hd__clkbuf_16)
                                                         clknet_0_aclk (net)
                      0.064669    0.001359    0.232315 ^ clkbuf_2_3__f_aclk/A (sky130_fd_sc_hd__clkbuf_16)
    14    0.047617    0.066605    0.154405    0.386720 ^ clkbuf_2_3__f_aclk/X (sky130_fd_sc_hd__clkbuf_16)
                                                         clknet_2_3__leaf_aclk (net)
                      0.066624    0.001084    0.387804 ^ _1278_/CLK (sky130_fd_sc_hd__dfxtp_1)
     4    0.014139    0.073661    0.342475    0.730279 v _1278_/Q (sky130_fd_sc_hd__dfxtp_1)
                                                         net51 (net)
                      0.073662    0.000367    0.730646 v output51/A (sky130_fd_sc_hd__buf_2)
     1    0.034265    0.089482    0.192924    0.923570 v output51/X (sky130_fd_sc_hd__buf_2)
                                                         m_axis_tdata[8] (net)
                      0.089486    0.000675    0.924245 v m_axis_tdata[8] (out)
                                              0.924245   data arrival time

                                  0.000000    0.000000   clock aclk (rise edge)
                                  0.000000    0.000000   clock network delay (propagated)
                                  0.250000    0.250000   clock uncertainty
                                  0.000000    0.250000   clock reconvergence pessimism
                                 -2.000000   -1.750000   output external delay
                                             -1.750000   data required time
---------------------------------------------------------------------------------------------
                                             -1.750000   data required time
                                             -0.924245   data arrival time
---------------------------------------------------------------------------------------------
                                              2.674245   slack (MET)


Startpoint: _1297_ (rising edge-triggered flip-flop clocked by aclk)
Endpoint: m_axis_tdata[27] (output port clocked by aclk)
Path Group: aclk
Path Type: min

Fanout         Cap        Slew       Delay        Time   Description
---------------------------------------------------------------------------------------------
                                  0.000000    0.000000   clock aclk (rise edge)
                                  0.000000    0.000000   clock source latency
     1    0.020182    0.096542    0.066588    0.066588 ^ aclk (in)
                                                         aclk (net)
                      0.096556    0.000000    0.066588 ^ clkbuf_0_aclk/A (sky130_fd_sc_hd__clkbuf_16)
     4    0.045437    0.064633    0.164368    0.230956 ^ clkbuf_0_aclk/X (sky130_fd_sc_hd__clkbuf_16)
                                                         clknet_0_aclk (net)
                      0.064669    0.001359    0.232315 ^ clkbuf_2_3__f_aclk/A (sky130_fd_sc_hd__clkbuf_16)
    14    0.047617    0.066605    0.154405    0.386720 ^ clkbuf_2_3__f_aclk/X (sky130_fd_sc_hd__clkbuf_16)
                                                         clknet_2_3__leaf_aclk (net)
                      0.066620    0.000991    0.387710 ^ _1297_/CLK (sky130_fd_sc_hd__dfxtp_1)
     4    0.014509    0.075272    0.343729    0.731439 v _1297_/Q (sky130_fd_sc_hd__dfxtp_1)
                                                         net40 (net)
                      0.075274    0.000471    0.731910 v output40/A (sky130_fd_sc_hd__buf_2)
     1    0.033889    0.088649    0.193003    0.924913 v output40/X (sky130_fd_sc_hd__buf_2)
                                                         m_axis_tdata[27] (net)
                      0.088653    0.000611    0.925525 v m_axis_tdata[27] (out)
                                              0.925525   data arrival time

                                  0.000000    0.000000   clock aclk (rise edge)
                                  0.000000    0.000000   clock network delay (propagated)
                                  0.250000    0.250000   clock uncertainty
                                  0.000000    0.250000   clock reconvergence pessimism
                                 -2.000000   -1.750000   output external delay
                                             -1.750000   data required time
---------------------------------------------------------------------------------------------
                                             -1.750000   data required time
                                             -0.925525   data arrival time
---------------------------------------------------------------------------------------------
                                              2.675524   slack (MET)


Startpoint: _1279_ (rising edge-triggered flip-flop clocked by aclk)
Endpoint: m_axis_tdata[9] (output port clocked by aclk)
Path Group: aclk
Path Type: min

Fanout         Cap        Slew       Delay        Time   Description
---------------------------------------------------------------------------------------------
                                  0.000000    0.000000   clock aclk (rise edge)
                                  0.000000    0.000000   clock source latency
     1    0.020182    0.096542    0.066588    0.066588 ^ aclk (in)
                                                         aclk (net)
                      0.096556    0.000000    0.066588 ^ clkbuf_0_aclk/A (sky130_fd_sc_hd__clkbuf_16)
     4    0.045437    0.064633    0.164368    0.230956 ^ clkbuf_0_aclk/X (sky130_fd_sc_hd__clkbuf_16)
                                                         clknet_0_aclk (net)
                      0.064669    0.001359    0.232315 ^ clkbuf_2_3__f_aclk/A (sky130_fd_sc_hd__clkbuf_16)
    14    0.047617    0.066605    0.154405    0.386720 ^ clkbuf_2_3__f_aclk/X (sky130_fd_sc_hd__clkbuf_16)
                                                         clknet_2_3__leaf_aclk (net)
                      0.066621    0.001008    0.387727 ^ _1279_/CLK (sky130_fd_sc_hd__dfxtp_1)
     4    0.014557    0.075498    0.343853    0.731580 v _1279_/Q (sky130_fd_sc_hd__dfxtp_1)
                                                         net52 (net)
                      0.075499    0.000448    0.732028 v output52/A (sky130_fd_sc_hd__buf_2)
     1    0.034068    0.089039    0.193432    0.925460 v output52/X (sky130_fd_sc_hd__buf_2)
                                                         m_axis_tdata[9] (net)
                      0.089042    0.000623    0.926083 v m_axis_tdata[9] (out)
                                              0.926083   data arrival time

                                  0.000000    0.000000   clock aclk (rise edge)
                                  0.000000    0.000000   clock network delay (propagated)
                                  0.250000    0.250000   clock uncertainty
                                  0.000000    0.250000   clock reconvergence pessimism
                                 -2.000000   -1.750000   output external delay
                                             -1.750000   data required time
---------------------------------------------------------------------------------------------
                                             -1.750000   data required time
                                             -0.926083   data arrival time
---------------------------------------------------------------------------------------------
                                              2.676083   slack (MET)


Startpoint: _1281_ (rising edge-triggered flip-flop clocked by aclk)
Endpoint: m_axis_tdata[11] (output port clocked by aclk)
Path Group: aclk
Path Type: min

Fanout         Cap        Slew       Delay        Time   Description
---------------------------------------------------------------------------------------------
                                  0.000000    0.000000   clock aclk (rise edge)
                                  0.000000    0.000000   clock source latency
     1    0.020182    0.096542    0.066588    0.066588 ^ aclk (in)
                                                         aclk (net)
                      0.096556    0.000000    0.066588 ^ clkbuf_0_aclk/A (sky130_fd_sc_hd__clkbuf_16)
     4    0.045437    0.064633    0.164368    0.230956 ^ clkbuf_0_aclk/X (sky130_fd_sc_hd__clkbuf_16)
                                                         clknet_0_aclk (net)
                      0.064687    0.001617    0.232573 ^ clkbuf_2_1__f_aclk/A (sky130_fd_sc_hd__clkbuf_16)
    12    0.042878    0.062325    0.151021    0.383594 ^ clkbuf_2_1__f_aclk/X (sky130_fd_sc_hd__clkbuf_16)
                                                         clknet_2_1__leaf_aclk (net)
                      0.062333    0.000736    0.384330 ^ _1281_/CLK (sky130_fd_sc_hd__dfxtp_1)
     5    0.015454    0.079354    0.345424    0.729753 v _1281_/Q (sky130_fd_sc_hd__dfxtp_1)
                                                         net23 (net)
                      0.079354    0.000295    0.730048 v output23/A (sky130_fd_sc_hd__buf_2)
     1    0.034283    0.089527    0.195546    0.925594 v output23/X (sky130_fd_sc_hd__buf_2)
                                                         m_axis_tdata[11] (net)
                      0.089531    0.000676    0.926269 v m_axis_tdata[11] (out)
                                              0.926269   data arrival time

                                  0.000000    0.000000   clock aclk (rise edge)
                                  0.000000    0.000000   clock network delay (propagated)
                                  0.250000    0.250000   clock uncertainty
                                  0.000000    0.250000   clock reconvergence pessimism
                                 -2.000000   -1.750000   output external delay
                                             -1.750000   data required time
---------------------------------------------------------------------------------------------
                                             -1.750000   data required time
                                             -0.926269   data arrival time
---------------------------------------------------------------------------------------------
                                              2.676270   slack (MET)


Startpoint: _1270_ (rising edge-triggered flip-flop clocked by aclk)
Endpoint: m_axis_tdata[0] (output port clocked by aclk)
Path Group: aclk
Path Type: min

Fanout         Cap        Slew       Delay        Time   Description
---------------------------------------------------------------------------------------------
                                  0.000000    0.000000   clock aclk (rise edge)
                                  0.000000    0.000000   clock source latency
     1    0.020182    0.096542    0.066588    0.066588 ^ aclk (in)
                                                         aclk (net)
                      0.096556    0.000000    0.066588 ^ clkbuf_0_aclk/A (sky130_fd_sc_hd__clkbuf_16)
     4    0.045437    0.064633    0.164368    0.230956 ^ clkbuf_0_aclk/X (sky130_fd_sc_hd__clkbuf_16)
                                                         clknet_0_aclk (net)
                      0.064665    0.001296    0.232252 ^ clkbuf_2_2__f_aclk/A (sky130_fd_sc_hd__clkbuf_16)
    14    0.044861    0.064201    0.152028    0.384280 ^ clkbuf_2_2__f_aclk/X (sky130_fd_sc_hd__clkbuf_16)
                                                         clknet_2_2__leaf_aclk (net)
                      0.064443    0.002750    0.387031 ^ _1270_/CLK (sky130_fd_sc_hd__dfxtp_1)
     4    0.014766    0.076386    0.343798    0.730829 v _1270_/Q (sky130_fd_sc_hd__dfxtp_1)
                                                         net21 (net)
                      0.076389    0.000574    0.731403 v output21/A (sky130_fd_sc_hd__buf_2)
     1    0.034413    0.089854    0.194346    0.925749 v output21/X (sky130_fd_sc_hd__buf_2)
                                                         m_axis_tdata[0] (net)
                      0.089860    0.000795    0.926544 v m_axis_tdata[0] (out)
                                              0.926544   data arrival time

                                  0.000000    0.000000   clock aclk (rise edge)
                                  0.000000    0.000000   clock network delay (propagated)
                                  0.250000    0.250000   clock uncertainty
                                  0.000000    0.250000   clock reconvergence pessimism
                                 -2.000000   -1.750000   output external delay
                                             -1.750000   data required time
---------------------------------------------------------------------------------------------
                                             -1.750000   data required time
                                             -0.926544   data arrival time
---------------------------------------------------------------------------------------------
                                              2.676544   slack (MET)


Startpoint: _1271_ (rising edge-triggered flip-flop clocked by aclk)
Endpoint: m_axis_tdata[1] (output port clocked by aclk)
Path Group: aclk
Path Type: min

Fanout         Cap        Slew       Delay        Time   Description
---------------------------------------------------------------------------------------------
                                  0.000000    0.000000   clock aclk (rise edge)
                                  0.000000    0.000000   clock source latency
     1    0.020182    0.096542    0.066588    0.066588 ^ aclk (in)
                                                         aclk (net)
                      0.096556    0.000000    0.066588 ^ clkbuf_0_aclk/A (sky130_fd_sc_hd__clkbuf_16)
     4    0.045437    0.064633    0.164368    0.230956 ^ clkbuf_0_aclk/X (sky130_fd_sc_hd__clkbuf_16)
                                                         clknet_0_aclk (net)
                      0.064665    0.001296    0.232252 ^ clkbuf_2_2__f_aclk/A (sky130_fd_sc_hd__clkbuf_16)
    14    0.044861    0.064201    0.152028    0.384280 ^ clkbuf_2_2__f_aclk/X (sky130_fd_sc_hd__clkbuf_16)
                                                         clknet_2_2__leaf_aclk (net)
                      0.064225    0.001264    0.385544 ^ _1271_/CLK (sky130_fd_sc_hd__dfxtp_1)
     4    0.016667    0.084641    0.350269    0.735813 v _1271_/Q (sky130_fd_sc_hd__dfxtp_1)
                                                         net32 (net)
                      0.084642    0.000463    0.736276 v output32/A (sky130_fd_sc_hd__buf_2)
     1    0.034413    0.089863    0.198100    0.934376 v output32/X (sky130_fd_sc_hd__buf_2)
                                                         m_axis_tdata[1] (net)
                      0.089869    0.000795    0.935171 v m_axis_tdata[1] (out)
                                              0.935171   data arrival time

                                  0.000000    0.000000   clock aclk (rise edge)
                                  0.000000    0.000000   clock network delay (propagated)
                                  0.250000    0.250000   clock uncertainty
                                  0.000000    0.250000   clock reconvergence pessimism
                                 -2.000000   -1.750000   output external delay
                                             -1.750000   data required time
---------------------------------------------------------------------------------------------
                                             -1.750000   data required time
                                             -0.935171   data arrival time
---------------------------------------------------------------------------------------------
                                              2.685171   slack (MET)


Startpoint: _1282_ (rising edge-triggered flip-flop clocked by aclk)
Endpoint: m_axis_tdata[12] (output port clocked by aclk)
Path Group: aclk
Path Type: min

Fanout         Cap        Slew       Delay        Time   Description
---------------------------------------------------------------------------------------------
                                  0.000000    0.000000   clock aclk (rise edge)
                                  0.000000    0.000000   clock source latency
     1    0.020182    0.096542    0.066588    0.066588 ^ aclk (in)
                                                         aclk (net)
                      0.096556    0.000000    0.066588 ^ clkbuf_0_aclk/A (sky130_fd_sc_hd__clkbuf_16)
     4    0.045437    0.064633    0.164368    0.230956 ^ clkbuf_0_aclk/X (sky130_fd_sc_hd__clkbuf_16)
                                                         clknet_0_aclk (net)
                      0.064672    0.001402    0.232358 ^ clkbuf_2_0__f_aclk/A (sky130_fd_sc_hd__clkbuf_16)
    14    0.044588    0.063830    0.152034    0.384392 ^ clkbuf_2_0__f_aclk/X (sky130_fd_sc_hd__clkbuf_16)
                                                         clknet_2_0__leaf_aclk (net)
                      0.063838    0.000835    0.385227 ^ _1282_/CLK (sky130_fd_sc_hd__dfxtp_1)
     5    0.017015    0.086193    0.351229    0.736456 v _1282_/Q (sky130_fd_sc_hd__dfxtp_1)
                                                         net24 (net)
                      0.086200    0.000801    0.737257 v output24/A (sky130_fd_sc_hd__buf_2)
     1    0.034326    0.089649    0.198695    0.935951 v output24/X (sky130_fd_sc_hd__buf_2)
                                                         m_axis_tdata[12] (net)
                      0.089655    0.000733    0.936684 v m_axis_tdata[12] (out)
                                              0.936684   data arrival time

                                  0.000000    0.000000   clock aclk (rise edge)
                                  0.000000    0.000000   clock network delay (propagated)
                                  0.250000    0.250000   clock uncertainty
                                  0.000000    0.250000   clock reconvergence pessimism
                                 -2.000000   -1.750000   output external delay
                                             -1.750000   data required time
---------------------------------------------------------------------------------------------
                                             -1.750000   data required time
                                             -0.936684   data arrival time
---------------------------------------------------------------------------------------------
                                              2.686684   slack (MET)


Startpoint: _1287_ (rising edge-triggered flip-flop clocked by aclk)
Endpoint: m_axis_tdata[17] (output port clocked by aclk)
Path Group: aclk
Path Type: min

Fanout         Cap        Slew       Delay        Time   Description
---------------------------------------------------------------------------------------------
                                  0.000000    0.000000   clock aclk (rise edge)
                                  0.000000    0.000000   clock source latency
     1    0.020182    0.096542    0.066588    0.066588 ^ aclk (in)
                                                         aclk (net)
                      0.096556    0.000000    0.066588 ^ clkbuf_0_aclk/A (sky130_fd_sc_hd__clkbuf_16)
     4    0.045437    0.064633    0.164368    0.230956 ^ clkbuf_0_aclk/X (sky130_fd_sc_hd__clkbuf_16)
                                                         clknet_0_aclk (net)
                      0.064687    0.001617    0.232573 ^ clkbuf_2_1__f_aclk/A (sky130_fd_sc_hd__clkbuf_16)
    12    0.042878    0.062325    0.151021    0.383594 ^ clkbuf_2_1__f_aclk/X (sky130_fd_sc_hd__clkbuf_16)
                                                         clknet_2_1__leaf_aclk (net)
                      0.062332    0.000700    0.384294 ^ _1287_/CLK (sky130_fd_sc_hd__dfxtp_1)
     5    0.017745    0.089253    0.353437    0.737731 v _1287_/Q (sky130_fd_sc_hd__dfxtp_1)
                                                         net29 (net)
                      0.089253    0.000299    0.738030 v output29/A (sky130_fd_sc_hd__buf_2)
     1    0.034066    0.089047    0.199685    0.937715 v output29/X (sky130_fd_sc_hd__buf_2)
                                                         m_axis_tdata[17] (net)
                      0.089050    0.000622    0.938337 v m_axis_tdata[17] (out)
                                              0.938337   data arrival time

                                  0.000000    0.000000   clock aclk (rise edge)
                                  0.000000    0.000000   clock network delay (propagated)
                                  0.250000    0.250000   clock uncertainty
                                  0.000000    0.250000   clock reconvergence pessimism
                                 -2.000000   -1.750000   output external delay
                                             -1.750000   data required time
---------------------------------------------------------------------------------------------
                                             -1.750000   data required time
                                             -0.938337   data arrival time
---------------------------------------------------------------------------------------------
                                              2.688337   slack (MET)


Startpoint: _1294_ (rising edge-triggered flip-flop clocked by aclk)
Endpoint: m_axis_tdata[24] (output port clocked by aclk)
Path Group: aclk
Path Type: min

Fanout         Cap        Slew       Delay        Time   Description
---------------------------------------------------------------------------------------------
                                  0.000000    0.000000   clock aclk (rise edge)
                                  0.000000    0.000000   clock source latency
     1    0.020182    0.096542    0.066588    0.066588 ^ aclk (in)
                                                         aclk (net)
                      0.096556    0.000000    0.066588 ^ clkbuf_0_aclk/A (sky130_fd_sc_hd__clkbuf_16)
     4    0.045437    0.064633    0.164368    0.230956 ^ clkbuf_0_aclk/X (sky130_fd_sc_hd__clkbuf_16)
                                                         clknet_0_aclk (net)
                      0.064687    0.001617    0.232573 ^ clkbuf_2_1__f_aclk/A (sky130_fd_sc_hd__clkbuf_16)
    12    0.042878    0.062325    0.151021    0.383594 ^ clkbuf_2_1__f_aclk/X (sky130_fd_sc_hd__clkbuf_16)
                                                         clknet_2_1__leaf_aclk (net)
                      0.062338    0.000868    0.384463 ^ _1294_/CLK (sky130_fd_sc_hd__dfxtp_1)
     6    0.017947    0.090144    0.354117    0.738580 v _1294_/Q (sky130_fd_sc_hd__dfxtp_1)
                                                         net37 (net)
                      0.090145    0.000349    0.738929 v output37/A (sky130_fd_sc_hd__buf_2)
     1    0.033922    0.088739    0.199820    0.938749 v output37/X (sky130_fd_sc_hd__buf_2)
                                                         m_axis_tdata[24] (net)
                      0.088743    0.000622    0.939371 v m_axis_tdata[24] (out)
                                              0.939371   data arrival time

                                  0.000000    0.000000   clock aclk (rise edge)
                                  0.000000    0.000000   clock network delay (propagated)
                                  0.250000    0.250000   clock uncertainty
                                  0.000000    0.250000   clock reconvergence pessimism
                                 -2.000000   -1.750000   output external delay
                                             -1.750000   data required time
---------------------------------------------------------------------------------------------
                                             -1.750000   data required time
                                             -0.939371   data arrival time
---------------------------------------------------------------------------------------------
                                              2.689371   slack (MET)


Startpoint: _1283_ (rising edge-triggered flip-flop clocked by aclk)
Endpoint: m_axis_tdata[13] (output port clocked by aclk)
Path Group: aclk
Path Type: min

Fanout         Cap        Slew       Delay        Time   Description
---------------------------------------------------------------------------------------------
                                  0.000000    0.000000   clock aclk (rise edge)
                                  0.000000    0.000000   clock source latency
     1    0.020182    0.096542    0.066588    0.066588 ^ aclk (in)
                                                         aclk (net)
                      0.096556    0.000000    0.066588 ^ clkbuf_0_aclk/A (sky130_fd_sc_hd__clkbuf_16)
     4    0.045437    0.064633    0.164368    0.230956 ^ clkbuf_0_aclk/X (sky130_fd_sc_hd__clkbuf_16)
                                                         clknet_0_aclk (net)
                      0.064672    0.001402    0.232358 ^ clkbuf_2_0__f_aclk/A (sky130_fd_sc_hd__clkbuf_16)
    14    0.044588    0.063830    0.152034    0.384392 ^ clkbuf_2_0__f_aclk/X (sky130_fd_sc_hd__clkbuf_16)
                                                         clknet_2_0__leaf_aclk (net)
                      0.063852    0.001159    0.385550 ^ _1283_/CLK (sky130_fd_sc_hd__dfxtp_1)
     5    0.017940    0.090139    0.354604    0.740155 v _1283_/Q (sky130_fd_sc_hd__dfxtp_1)
                                                         net25 (net)
                      0.090140    0.000393    0.740548 v output25/A (sky130_fd_sc_hd__buf_2)
     1    0.034323    0.089647    0.200482    0.941030 v output25/X (sky130_fd_sc_hd__buf_2)
                                                         m_axis_tdata[13] (net)
                      0.089653    0.000733    0.941762 v m_axis_tdata[13] (out)
                                              0.941762   data arrival time

                                  0.000000    0.000000   clock aclk (rise edge)
                                  0.000000    0.000000   clock network delay (propagated)
                                  0.250000    0.250000   clock uncertainty
                                  0.000000    0.250000   clock reconvergence pessimism
                                 -2.000000   -1.750000   output external delay
                                             -1.750000   data required time
---------------------------------------------------------------------------------------------
                                             -1.750000   data required time
                                             -0.941762   data arrival time
---------------------------------------------------------------------------------------------
                                              2.691762   slack (MET)


Startpoint: _1290_ (rising edge-triggered flip-flop clocked by aclk)
Endpoint: m_axis_tdata[20] (output port clocked by aclk)
Path Group: aclk
Path Type: min

Fanout         Cap        Slew       Delay        Time   Description
---------------------------------------------------------------------------------------------
                                  0.000000    0.000000   clock aclk (rise edge)
                                  0.000000    0.000000   clock source latency
     1    0.020182    0.096542    0.066588    0.066588 ^ aclk (in)
                                                         aclk (net)
                      0.096556    0.000000    0.066588 ^ clkbuf_0_aclk/A (sky130_fd_sc_hd__clkbuf_16)
     4    0.045437    0.064633    0.164368    0.230956 ^ clkbuf_0_aclk/X (sky130_fd_sc_hd__clkbuf_16)
                                                         clknet_0_aclk (net)
                      0.064687    0.001617    0.232573 ^ clkbuf_2_1__f_aclk/A (sky130_fd_sc_hd__clkbuf_16)
    12    0.042878    0.062325    0.151021    0.383594 ^ clkbuf_2_1__f_aclk/X (sky130_fd_sc_hd__clkbuf_16)
                                                         clknet_2_1__leaf_aclk (net)
                      0.062344    0.001001    0.384595 ^ _1290_/CLK (sky130_fd_sc_hd__dfxtp_1)
     6    0.019112    0.095240    0.358091    0.742685 v _1290_/Q (sky130_fd_sc_hd__dfxtp_1)
                                                         net33 (net)
                      0.095240    0.000250    0.742935 v output33/A (sky130_fd_sc_hd__buf_2)
     1    0.034286    0.089546    0.202785    0.945721 v output33/X (sky130_fd_sc_hd__buf_2)
                                                         m_axis_tdata[20] (net)
                      0.089550    0.000666    0.946386 v m_axis_tdata[20] (out)
                                              0.946386   data arrival time

                                  0.000000    0.000000   clock aclk (rise edge)
                                  0.000000    0.000000   clock network delay (propagated)
                                  0.250000    0.250000   clock uncertainty
                                  0.000000    0.250000   clock reconvergence pessimism
                                 -2.000000   -1.750000   output external delay
                                             -1.750000   data required time
---------------------------------------------------------------------------------------------
                                             -1.750000   data required time
                                             -0.946386   data arrival time
---------------------------------------------------------------------------------------------
                                              2.696386   slack (MET)


Startpoint: _1295_ (rising edge-triggered flip-flop clocked by aclk)
Endpoint: m_axis_tdata[25] (output port clocked by aclk)
Path Group: aclk
Path Type: min

Fanout         Cap        Slew       Delay        Time   Description
---------------------------------------------------------------------------------------------
                                  0.000000    0.000000   clock aclk (rise edge)
                                  0.000000    0.000000   clock source latency
     1    0.020182    0.096542    0.066588    0.066588 ^ aclk (in)
                                                         aclk (net)
                      0.096556    0.000000    0.066588 ^ clkbuf_0_aclk/A (sky130_fd_sc_hd__clkbuf_16)
     4    0.045437    0.064633    0.164368    0.230956 ^ clkbuf_0_aclk/X (sky130_fd_sc_hd__clkbuf_16)
                                                         clknet_0_aclk (net)
                      0.064669    0.001359    0.232315 ^ clkbuf_2_3__f_aclk/A (sky130_fd_sc_hd__clkbuf_16)
    14    0.047617    0.066605    0.154405    0.386720 ^ clkbuf_2_3__f_aclk/X (sky130_fd_sc_hd__clkbuf_16)
                                                         clknet_2_3__leaf_aclk (net)
                      0.066627    0.001140    0.387860 ^ _1295_/CLK (sky130_fd_sc_hd__dfxtp_1)
     5    0.019627    0.097471    0.361489    0.749349 v _1295_/Q (sky130_fd_sc_hd__dfxtp_1)
                                                         net38 (net)
                      0.097472    0.000443    0.749792 v output38/A (sky130_fd_sc_hd__buf_2)
     1    0.034123    0.089189    0.203512    0.953305 v output38/X (sky130_fd_sc_hd__buf_2)
                                                         m_axis_tdata[25] (net)
                      0.089192    0.000644    0.953948 v m_axis_tdata[25] (out)
                                              0.953948   data arrival time

                                  0.000000    0.000000   clock aclk (rise edge)
                                  0.000000    0.000000   clock network delay (propagated)
                                  0.250000    0.250000   clock uncertainty
                                  0.000000    0.250000   clock reconvergence pessimism
                                 -2.000000   -1.750000   output external delay
                                             -1.750000   data required time
---------------------------------------------------------------------------------------------
                                             -1.750000   data required time
                                             -0.953948   data arrival time
---------------------------------------------------------------------------------------------
                                              2.703948   slack (MET)


Startpoint: _1291_ (rising edge-triggered flip-flop clocked by aclk)
Endpoint: m_axis_tdata[21] (output port clocked by aclk)
Path Group: aclk
Path Type: min

Fanout         Cap        Slew       Delay        Time   Description
---------------------------------------------------------------------------------------------
                                  0.000000    0.000000   clock aclk (rise edge)
                                  0.000000    0.000000   clock source latency
     1    0.020182    0.096542    0.066588    0.066588 ^ aclk (in)
                                                         aclk (net)
                      0.096556    0.000000    0.066588 ^ clkbuf_0_aclk/A (sky130_fd_sc_hd__clkbuf_16)
     4    0.045437    0.064633    0.164368    0.230956 ^ clkbuf_0_aclk/X (sky130_fd_sc_hd__clkbuf_16)
                                                         clknet_0_aclk (net)
                      0.064687    0.001617    0.232573 ^ clkbuf_2_1__f_aclk/A (sky130_fd_sc_hd__clkbuf_16)
    12    0.042878    0.062325    0.151021    0.383594 ^ clkbuf_2_1__f_aclk/X (sky130_fd_sc_hd__clkbuf_16)
                                                         clknet_2_1__leaf_aclk (net)
                      0.062347    0.001067    0.384661 ^ _1291_/CLK (sky130_fd_sc_hd__dfxtp_1)
     5    0.021399    0.105218    0.365974    0.750635 v _1291_/Q (sky130_fd_sc_hd__dfxtp_1)
                                                         net34 (net)
                      0.105218    0.000329    0.750963 v output34/A (sky130_fd_sc_hd__buf_2)
     1    0.034072    0.089078    0.206958    0.957922 v output34/X (sky130_fd_sc_hd__buf_2)
                                                         m_axis_tdata[21] (net)
                      0.089082    0.000622    0.958544 v m_axis_tdata[21] (out)
                                              0.958544   data arrival time

                                  0.000000    0.000000   clock aclk (rise edge)
                                  0.000000    0.000000   clock network delay (propagated)
                                  0.250000    0.250000   clock uncertainty
                                  0.000000    0.250000   clock reconvergence pessimism
                                 -2.000000   -1.750000   output external delay
                                             -1.750000   data required time
---------------------------------------------------------------------------------------------
                                             -1.750000   data required time
                                             -0.958544   data arrival time
---------------------------------------------------------------------------------------------
                                              2.708544   slack (MET)


Startpoint: _1286_ (rising edge-triggered flip-flop clocked by aclk)
Endpoint: m_axis_tdata[16] (output port clocked by aclk)
Path Group: aclk
Path Type: min

Fanout         Cap        Slew       Delay        Time   Description
---------------------------------------------------------------------------------------------
                                  0.000000    0.000000   clock aclk (rise edge)
                                  0.000000    0.000000   clock source latency
     1    0.020182    0.096542    0.066588    0.066588 ^ aclk (in)
                                                         aclk (net)
                      0.096556    0.000000    0.066588 ^ clkbuf_0_aclk/A (sky130_fd_sc_hd__clkbuf_16)
     4    0.045437    0.064633    0.164368    0.230956 ^ clkbuf_0_aclk/X (sky130_fd_sc_hd__clkbuf_16)
                                                         clknet_0_aclk (net)
                      0.064672    0.001402    0.232358 ^ clkbuf_2_0__f_aclk/A (sky130_fd_sc_hd__clkbuf_16)
    14    0.044588    0.063830    0.152034    0.384392 ^ clkbuf_2_0__f_aclk/X (sky130_fd_sc_hd__clkbuf_16)
                                                         clknet_2_0__leaf_aclk (net)
                      0.063836    0.000777    0.385168 ^ _1286_/CLK (sky130_fd_sc_hd__dfxtp_1)
     6    0.021179    0.104262    0.365753    0.750921 v _1286_/Q (sky130_fd_sc_hd__dfxtp_1)
                                                         net28 (net)
                      0.104267    0.000739    0.751661 v output28/A (sky130_fd_sc_hd__buf_2)
     1    0.034024    0.088988    0.206409    0.958070 v output28/X (sky130_fd_sc_hd__buf_2)
                                                         m_axis_tdata[16] (net)
                      0.088992    0.000654    0.958724 v m_axis_tdata[16] (out)
                                              0.958724   data arrival time

                                  0.000000    0.000000   clock aclk (rise edge)
                                  0.000000    0.000000   clock network delay (propagated)
                                  0.250000    0.250000   clock uncertainty
                                  0.000000    0.250000   clock reconvergence pessimism
                                 -2.000000   -1.750000   output external delay
                                             -1.750000   data required time
---------------------------------------------------------------------------------------------
                                             -1.750000   data required time
                                             -0.958724   data arrival time
---------------------------------------------------------------------------------------------
                                              2.708724   slack (MET)


Startpoint: m_axis_tready (input port clocked by aclk)
Endpoint: s_axis_tready (output port clocked by aclk)
Path Group: aclk
Path Type: min

Fanout         Cap        Slew       Delay        Time   Description
---------------------------------------------------------------------------------------------
                                  0.000000    0.000000   clock aclk (rise edge)
                                  0.000000    0.000000   clock network delay (propagated)
                                  2.000000    2.000000 v input external delay
     1    0.002499    0.007931    0.003930    2.003930 v m_axis_tready (in)
                                                         m_axis_tready (net)
                      0.007931    0.000000    2.003930 v input2/A (sky130_fd_sc_hd__buf_2)
     8    0.037887    0.094447    0.170391    2.174321 v input2/X (sky130_fd_sc_hd__buf_2)
                                                         net2 (net)
                      0.094452    0.000818    2.175139 v _1322_/A (sky130_fd_sc_hd__clkbuf_1)
     1    0.001978    0.022853    0.104544    2.279683 v _1322_/X (sky130_fd_sc_hd__clkbuf_1)
                                                         net55 (net)
                      0.022853    0.000055    2.279738 v output55/A (sky130_fd_sc_hd__buf_2)
     1    0.034388    0.089968    0.170719    2.450456 v output55/X (sky130_fd_sc_hd__buf_2)
                                                         s_axis_tready (net)
                      0.089974    0.000747    2.451204 v s_axis_tready (out)
                                              2.451204   data arrival time

                                  0.000000    0.000000   clock aclk (rise edge)
                                  0.000000    0.000000   clock network delay (propagated)
                                  0.250000    0.250000   clock uncertainty
                                  0.000000    0.250000   clock reconvergence pessimism
                                 -2.000000   -1.750000   output external delay
                                             -1.750000   data required time
---------------------------------------------------------------------------------------------
                                             -1.750000   data required time
                                             -2.451204   data arrival time
---------------------------------------------------------------------------------------------
                                              4.201203   slack (MET)



%OL_END_REPORT
%OL_CREATE_REPORT max.rpt

===========================================================================
report_checks -path_delay max (Setup)
============================================================================
======================= nom_tt_025C_1v80 Corner ===================================

Startpoint: s_axis_tdata[14] (input port clocked by aclk)
Endpoint: _1316_ (rising edge-triggered flip-flop clocked by aclk)
Path Group: aclk
Path Type: max

Fanout         Cap        Slew       Delay        Time   Description
---------------------------------------------------------------------------------------------
                                  0.000000    0.000000   clock aclk (rise edge)
                                  0.000000    0.000000   clock network delay (propagated)
                                  2.000000    2.000000 ^ input external delay
     1    0.002817    0.019805    0.010379    2.010380 ^ s_axis_tdata[14] (in)
                                                         s_axis_tdata[14] (net)
                      0.019805    0.000000    2.010380 ^ input8/A (sky130_fd_sc_hd__clkbuf_1)
     1    0.003752    0.054475    0.079506    2.089886 ^ input8/X (sky130_fd_sc_hd__clkbuf_1)
                                                         net8 (net)
                      0.054475    0.000089    2.089975 ^ fanout77/A (sky130_fd_sc_hd__clkbuf_2)
     8    0.031909    0.176752    0.200936    2.290911 ^ fanout77/X (sky130_fd_sc_hd__clkbuf_2)
                                                         net77 (net)
                      0.176773    0.001559    2.292470 ^ fanout76/A (sky130_fd_sc_hd__buf_2)
    10    0.034183    0.170367    0.240678    2.533149 ^ fanout76/X (sky130_fd_sc_hd__buf_2)
                                                         net76 (net)
                      0.170368    0.000765    2.533913 ^ _1084_/A2 (sky130_fd_sc_hd__a22o_1)
     2    0.005227    0.066872    0.178539    2.712452 ^ _1084_/X (sky130_fd_sc_hd__a22o_1)
                                                         _0460_ (net)
                      0.066872    0.000133    2.712585 ^ _1085_/B1_N (sky130_fd_sc_hd__a21bo_1)
     1    0.005029    0.044000    0.207575    2.920160 v _1085_/X (sky130_fd_sc_hd__a21bo_1)
                                                         _0461_ (net)
                      0.044000    0.000154    2.920313 v _1086_/B (sky130_fd_sc_hd__xor2_1)
     2    0.009022    0.078557    0.162415    3.082728 v _1086_/X (sky130_fd_sc_hd__xor2_1)
                                                         _0462_ (net)
                      0.078557    0.000307    3.083035 v _1093_/A (sky130_fd_sc_hd__and3_1)
     4    0.011761    0.074193    0.193654    3.276689 v _1093_/X (sky130_fd_sc_hd__and3_1)
                                                         _0469_ (net)
                      0.074193    0.000248    3.276937 v _1096_/A (sky130_fd_sc_hd__nor3b_1)
     3    0.009639    0.344614    0.342346    3.619283 ^ _1096_/Y (sky130_fd_sc_hd__nor3b_1)
                                                         _0472_ (net)
                      0.344614    0.000269    3.619553 ^ _1098_/B (sky130_fd_sc_hd__nor3_1)
     2    0.005369    0.089699    0.113736    3.733289 v _1098_/Y (sky130_fd_sc_hd__nor3_1)
                                                         _0474_ (net)
                      0.089699    0.000081    3.733370 v max_cap56/A (sky130_fd_sc_hd__buf_1)
     2    0.007804    0.052809    0.130635    3.864005 v max_cap56/X (sky130_fd_sc_hd__buf_1)
                                                         net56 (net)
                      0.052809    0.000177    3.864182 v _1100_/B1 (sky130_fd_sc_hd__a211o_1)
     3    0.010570    0.082584    0.309047    4.173229 v _1100_/X (sky130_fd_sc_hd__a211o_1)
                                                         _0476_ (net)
                      0.082584    0.000223    4.173451 v _1103_/A1 (sky130_fd_sc_hd__a211o_1)
     2    0.006206    0.063561    0.284203    4.457654 v _1103_/X (sky130_fd_sc_hd__a211o_1)
                                                         _0479_ (net)
                      0.063561    0.000167    4.457822 v _1105_/A2 (sky130_fd_sc_hd__a211o_1)
     2    0.004540    0.055735    0.302249    4.760071 v _1105_/X (sky130_fd_sc_hd__a211o_1)
                                                         _0481_ (net)
                      0.055735    0.000065    4.760137 v _1106_/B (sky130_fd_sc_hd__and2b_1)
     3    0.008195    0.057065    0.180937    4.941074 v _1106_/X (sky130_fd_sc_hd__and2b_1)
                                                         _0482_ (net)
                      0.057065    0.000110    4.941184 v _1141_/A3 (sky130_fd_sc_hd__a31o_1)
     2    0.008807    0.062729    0.245478    5.186662 v _1141_/X (sky130_fd_sc_hd__a31o_1)
                                                         _0516_ (net)
                      0.062729    0.000256    5.186918 v _1145_/A2 (sky130_fd_sc_hd__a21oi_1)
     4    0.012494    0.286101    0.279826    5.466744 ^ _1145_/Y (sky130_fd_sc_hd__a21oi_1)
                                                         _0519_ (net)
                      0.286102    0.000378    5.467123 ^ _1201_/A1 (sky130_fd_sc_hd__a211o_1)
     5    0.015529    0.143015    0.250372    5.717494 ^ _1201_/X (sky130_fd_sc_hd__a211o_1)
                                                         _0574_ (net)
                      0.143016    0.000669    5.718164 ^ _1251_/A1 (sky130_fd_sc_hd__o2111ai_1)
     1    0.002945    0.093058    0.137772    5.855936 v _1251_/Y (sky130_fd_sc_hd__o2111ai_1)
                                                         _0622_ (net)
                      0.093058    0.000063    5.855999 v _1252_/A2 (sky130_fd_sc_hd__a21o_1)
     1    0.003143    0.034534    0.191809    6.047807 v _1252_/X (sky130_fd_sc_hd__a21o_1)
                                                         _0623_ (net)
                      0.034534    0.000093    6.047900 v _1253_/B1 (sky130_fd_sc_hd__o211a_1)
     1    0.002028    0.034821    0.109781    6.157681 v _1253_/X (sky130_fd_sc_hd__o211a_1)
                                                         _0046_ (net)
                      0.034821    0.000040    6.157721 v _1316_/D (sky130_fd_sc_hd__dfxtp_1)
                                              6.157721   data arrival time

                                 10.000000   10.000000   clock aclk (rise edge)
                                  0.000000   10.000000   clock source latency
     1    0.020182    0.096542    0.066589   10.066588 ^ aclk (in)
                                                         aclk (net)
                      0.096556    0.000000   10.066588 ^ clkbuf_0_aclk/A (sky130_fd_sc_hd__clkbuf_16)
     4    0.045437    0.064633    0.164367   10.230956 ^ clkbuf_0_aclk/X (sky130_fd_sc_hd__clkbuf_16)
                                                         clknet_0_aclk (net)
                      0.064672    0.001402   10.232358 ^ clkbuf_2_0__f_aclk/A (sky130_fd_sc_hd__clkbuf_16)
    14    0.044588    0.063830    0.152033   10.384392 ^ clkbuf_2_0__f_aclk/X (sky130_fd_sc_hd__clkbuf_16)
                                                         clknet_2_0__leaf_aclk (net)
                      0.063874    0.001502   10.385893 ^ _1316_/CLK (sky130_fd_sc_hd__dfxtp_1)
                                 -0.250000   10.135893   clock uncertainty
                                  0.000000   10.135893   clock reconvergence pessimism
                                 -0.101657   10.034237   library setup time
                                             10.034237   data required time
---------------------------------------------------------------------------------------------
                                             10.034237   data required time
                                             -6.157721   data arrival time
---------------------------------------------------------------------------------------------
                                              3.876516   slack (MET)


Startpoint: s_axis_tdata[14] (input port clocked by aclk)
Endpoint: _1317_ (rising edge-triggered flip-flop clocked by aclk)
Path Group: aclk
Path Type: max

Fanout         Cap        Slew       Delay        Time   Description
---------------------------------------------------------------------------------------------
                                  0.000000    0.000000   clock aclk (rise edge)
                                  0.000000    0.000000   clock network delay (propagated)
                                  2.000000    2.000000 ^ input external delay
     1    0.002817    0.019805    0.010379    2.010380 ^ s_axis_tdata[14] (in)
                                                         s_axis_tdata[14] (net)
                      0.019805    0.000000    2.010380 ^ input8/A (sky130_fd_sc_hd__clkbuf_1)
     1    0.003752    0.054475    0.079506    2.089886 ^ input8/X (sky130_fd_sc_hd__clkbuf_1)
                                                         net8 (net)
                      0.054475    0.000089    2.089975 ^ fanout77/A (sky130_fd_sc_hd__clkbuf_2)
     8    0.031909    0.176752    0.200936    2.290911 ^ fanout77/X (sky130_fd_sc_hd__clkbuf_2)
                                                         net77 (net)
                      0.176773    0.001559    2.292470 ^ fanout76/A (sky130_fd_sc_hd__buf_2)
    10    0.034183    0.170367    0.240678    2.533149 ^ fanout76/X (sky130_fd_sc_hd__buf_2)
                                                         net76 (net)
                      0.170368    0.000765    2.533913 ^ _1084_/A2 (sky130_fd_sc_hd__a22o_1)
     2    0.005227    0.066872    0.178539    2.712452 ^ _1084_/X (sky130_fd_sc_hd__a22o_1)
                                                         _0460_ (net)
                      0.066872    0.000133    2.712585 ^ _1085_/B1_N (sky130_fd_sc_hd__a21bo_1)
     1    0.005029    0.044000    0.207575    2.920160 v _1085_/X (sky130_fd_sc_hd__a21bo_1)
                                                         _0461_ (net)
                      0.044000    0.000154    2.920313 v _1086_/B (sky130_fd_sc_hd__xor2_1)
     2    0.009022    0.078557    0.162415    3.082728 v _1086_/X (sky130_fd_sc_hd__xor2_1)
                                                         _0462_ (net)
                      0.078557    0.000307    3.083035 v _1093_/A (sky130_fd_sc_hd__and3_1)
     4    0.011761    0.074193    0.193654    3.276689 v _1093_/X (sky130_fd_sc_hd__and3_1)
                                                         _0469_ (net)
                      0.074193    0.000248    3.276937 v _1096_/A (sky130_fd_sc_hd__nor3b_1)
     3    0.009639    0.344614    0.342346    3.619283 ^ _1096_/Y (sky130_fd_sc_hd__nor3b_1)
                                                         _0472_ (net)
                      0.344614    0.000269    3.619553 ^ _1098_/B (sky130_fd_sc_hd__nor3_1)
     2    0.005369    0.089699    0.113736    3.733289 v _1098_/Y (sky130_fd_sc_hd__nor3_1)
                                                         _0474_ (net)
                      0.089699    0.000081    3.733370 v max_cap56/A (sky130_fd_sc_hd__buf_1)
     2    0.007804    0.052809    0.130635    3.864005 v max_cap56/X (sky130_fd_sc_hd__buf_1)
                                                         net56 (net)
                      0.052809    0.000177    3.864182 v _1100_/B1 (sky130_fd_sc_hd__a211o_1)
     3    0.010570    0.082584    0.309047    4.173229 v _1100_/X (sky130_fd_sc_hd__a211o_1)
                                                         _0476_ (net)
                      0.082584    0.000223    4.173451 v _1103_/A1 (sky130_fd_sc_hd__a211o_1)
     2    0.006206    0.063561    0.284203    4.457654 v _1103_/X (sky130_fd_sc_hd__a211o_1)
                                                         _0479_ (net)
                      0.063561    0.000167    4.457822 v _1105_/A2 (sky130_fd_sc_hd__a211o_1)
     2    0.004540    0.055735    0.302249    4.760071 v _1105_/X (sky130_fd_sc_hd__a211o_1)
                                                         _0481_ (net)
                      0.055735    0.000065    4.760137 v _1106_/B (sky130_fd_sc_hd__and2b_1)
     3    0.008195    0.057065    0.180937    4.941074 v _1106_/X (sky130_fd_sc_hd__and2b_1)
                                                         _0482_ (net)
                      0.057065    0.000110    4.941184 v _1141_/A3 (sky130_fd_sc_hd__a31o_1)
     2    0.008807    0.062729    0.245478    5.186662 v _1141_/X (sky130_fd_sc_hd__a31o_1)
                                                         _0516_ (net)
                      0.062729    0.000256    5.186918 v _1145_/A2 (sky130_fd_sc_hd__a21oi_1)
     4    0.012494    0.286101    0.279826    5.466744 ^ _1145_/Y (sky130_fd_sc_hd__a21oi_1)
                                                         _0519_ (net)
                      0.286102    0.000378    5.467123 ^ _1201_/A1 (sky130_fd_sc_hd__a211o_1)
     5    0.015529    0.143015    0.250372    5.717494 ^ _1201_/X (sky130_fd_sc_hd__a211o_1)
                                                         _0574_ (net)
                      0.143015    0.000631    5.718126 ^ _1250_/A2 (sky130_fd_sc_hd__a311o_1)
     2    0.006534    0.088666    0.208851    5.926977 ^ _1250_/X (sky130_fd_sc_hd__a311o_1)
                                                         _0621_ (net)
                      0.088666    0.000213    5.927190 ^ _1260_/A2 (sky130_fd_sc_hd__a31o_1)
     1    0.002867    0.046166    0.142514    6.069705 ^ _1260_/X (sky130_fd_sc_hd__a31o_1)
                                                         _0630_ (net)
                      0.046168    0.000083    6.069787 ^ _1261_/B1 (sky130_fd_sc_hd__o211a_1)
     1    0.002556    0.041369    0.133895    6.203682 ^ _1261_/X (sky130_fd_sc_hd__o211a_1)
                                                         _0047_ (net)
                      0.041369    0.000056    6.203738 ^ _1317_/D (sky130_fd_sc_hd__dfxtp_1)
                                              6.203738   data arrival time

                                 10.000000   10.000000   clock aclk (rise edge)
                                  0.000000   10.000000   clock source latency
     1    0.020182    0.096542    0.066589   10.066588 ^ aclk (in)
                                                         aclk (net)
                      0.096556    0.000000   10.066588 ^ clkbuf_0_aclk/A (sky130_fd_sc_hd__clkbuf_16)
     4    0.045437    0.064633    0.164367   10.230956 ^ clkbuf_0_aclk/X (sky130_fd_sc_hd__clkbuf_16)
                                                         clknet_0_aclk (net)
                      0.064672    0.001402   10.232358 ^ clkbuf_2_0__f_aclk/A (sky130_fd_sc_hd__clkbuf_16)
    14    0.044588    0.063830    0.152033   10.384392 ^ clkbuf_2_0__f_aclk/X (sky130_fd_sc_hd__clkbuf_16)
                                                         clknet_2_0__leaf_aclk (net)
                      0.063884    0.001645   10.386036 ^ _1317_/CLK (sky130_fd_sc_hd__dfxtp_1)
                                 -0.250000   10.136036   clock uncertainty
                                  0.000000   10.136036   clock reconvergence pessimism
                                 -0.050465   10.085572   library setup time
                                             10.085572   data required time
---------------------------------------------------------------------------------------------
                                             10.085572   data required time
                                             -6.203738   data arrival time
---------------------------------------------------------------------------------------------
                                              3.881834   slack (MET)


Startpoint: s_axis_tdata[14] (input port clocked by aclk)
Endpoint: _1315_ (rising edge-triggered flip-flop clocked by aclk)
Path Group: aclk
Path Type: max

Fanout         Cap        Slew       Delay        Time   Description
---------------------------------------------------------------------------------------------
                                  0.000000    0.000000   clock aclk (rise edge)
                                  0.000000    0.000000   clock network delay (propagated)
                                  2.000000    2.000000 ^ input external delay
     1    0.002817    0.019805    0.010379    2.010380 ^ s_axis_tdata[14] (in)
                                                         s_axis_tdata[14] (net)
                      0.019805    0.000000    2.010380 ^ input8/A (sky130_fd_sc_hd__clkbuf_1)
     1    0.003752    0.054475    0.079506    2.089886 ^ input8/X (sky130_fd_sc_hd__clkbuf_1)
                                                         net8 (net)
                      0.054475    0.000089    2.089975 ^ fanout77/A (sky130_fd_sc_hd__clkbuf_2)
     8    0.031909    0.176752    0.200936    2.290911 ^ fanout77/X (sky130_fd_sc_hd__clkbuf_2)
                                                         net77 (net)
                      0.176773    0.001559    2.292470 ^ fanout76/A (sky130_fd_sc_hd__buf_2)
    10    0.034183    0.170367    0.240678    2.533149 ^ fanout76/X (sky130_fd_sc_hd__buf_2)
                                                         net76 (net)
                      0.170368    0.000765    2.533913 ^ _1084_/A2 (sky130_fd_sc_hd__a22o_1)
     2    0.005227    0.066872    0.178539    2.712452 ^ _1084_/X (sky130_fd_sc_hd__a22o_1)
                                                         _0460_ (net)
                      0.066872    0.000133    2.712585 ^ _1085_/B1_N (sky130_fd_sc_hd__a21bo_1)
     1    0.005029    0.044000    0.207575    2.920160 v _1085_/X (sky130_fd_sc_hd__a21bo_1)
                                                         _0461_ (net)
                      0.044000    0.000154    2.920313 v _1086_/B (sky130_fd_sc_hd__xor2_1)
     2    0.009022    0.078557    0.162415    3.082728 v _1086_/X (sky130_fd_sc_hd__xor2_1)
                                                         _0462_ (net)
                      0.078557    0.000307    3.083035 v _1093_/A (sky130_fd_sc_hd__and3_1)
     4    0.011761    0.074193    0.193654    3.276689 v _1093_/X (sky130_fd_sc_hd__and3_1)
                                                         _0469_ (net)
                      0.074193    0.000248    3.276937 v _1096_/A (sky130_fd_sc_hd__nor3b_1)
     3    0.009639    0.344614    0.342346    3.619283 ^ _1096_/Y (sky130_fd_sc_hd__nor3b_1)
                                                         _0472_ (net)
                      0.344614    0.000269    3.619553 ^ _1098_/B (sky130_fd_sc_hd__nor3_1)
     2    0.005369    0.089699    0.113736    3.733289 v _1098_/Y (sky130_fd_sc_hd__nor3_1)
                                                         _0474_ (net)
                      0.089699    0.000081    3.733370 v max_cap56/A (sky130_fd_sc_hd__buf_1)
     2    0.007804    0.052809    0.130635    3.864005 v max_cap56/X (sky130_fd_sc_hd__buf_1)
                                                         net56 (net)
                      0.052809    0.000177    3.864182 v _1100_/B1 (sky130_fd_sc_hd__a211o_1)
     3    0.010570    0.082584    0.309047    4.173229 v _1100_/X (sky130_fd_sc_hd__a211o_1)
                                                         _0476_ (net)
                      0.082584    0.000223    4.173451 v _1103_/A1 (sky130_fd_sc_hd__a211o_1)
     2    0.006206    0.063561    0.284203    4.457654 v _1103_/X (sky130_fd_sc_hd__a211o_1)
                                                         _0479_ (net)
                      0.063561    0.000167    4.457822 v _1105_/A2 (sky130_fd_sc_hd__a211o_1)
     2    0.004540    0.055735    0.302249    4.760071 v _1105_/X (sky130_fd_sc_hd__a211o_1)
                                                         _0481_ (net)
                      0.055735    0.000065    4.760137 v _1106_/B (sky130_fd_sc_hd__and2b_1)
     3    0.008195    0.057065    0.180937    4.941074 v _1106_/X (sky130_fd_sc_hd__and2b_1)
                                                         _0482_ (net)
                      0.057065    0.000110    4.941184 v _1141_/A3 (sky130_fd_sc_hd__a31o_1)
     2    0.008807    0.062729    0.245478    5.186662 v _1141_/X (sky130_fd_sc_hd__a31o_1)
                                                         _0516_ (net)
                      0.062729    0.000256    5.186918 v _1145_/A2 (sky130_fd_sc_hd__a21oi_1)
     4    0.012494    0.286101    0.279826    5.466744 ^ _1145_/Y (sky130_fd_sc_hd__a21oi_1)
                                                         _0519_ (net)
                      0.286102    0.000378    5.467123 ^ _1201_/A1 (sky130_fd_sc_hd__a211o_1)
     5    0.015529    0.143015    0.250372    5.717494 ^ _1201_/X (sky130_fd_sc_hd__a211o_1)
                                                         _0574_ (net)
                      0.143015    0.000563    5.718057 ^ _1231_/A2 (sky130_fd_sc_hd__a21oi_1)
     1    0.002774    0.053975    0.084927    5.802984 v _1231_/Y (sky130_fd_sc_hd__a21oi_1)
                                                         _0603_ (net)
                      0.053975    0.000082    5.803066 v _1233_/B1 (sky130_fd_sc_hd__o221a_1)
     1    0.001985    0.040487    0.214672    6.017738 v _1233_/X (sky130_fd_sc_hd__o221a_1)
                                                         _0045_ (net)
                      0.040487    0.000056    6.017794 v _1315_/D (sky130_fd_sc_hd__dfxtp_1)
                                              6.017794   data arrival time

                                 10.000000   10.000000   clock aclk (rise edge)
                                  0.000000   10.000000   clock source latency
     1    0.020182    0.096542    0.066589   10.066588 ^ aclk (in)
                                                         aclk (net)
                      0.096556    0.000000   10.066588 ^ clkbuf_0_aclk/A (sky130_fd_sc_hd__clkbuf_16)
     4    0.045437    0.064633    0.164367   10.230956 ^ clkbuf_0_aclk/X (sky130_fd_sc_hd__clkbuf_16)
                                                         clknet_0_aclk (net)
                      0.064672    0.001402   10.232358 ^ clkbuf_2_0__f_aclk/A (sky130_fd_sc_hd__clkbuf_16)
    14    0.044588    0.063830    0.152033   10.384392 ^ clkbuf_2_0__f_aclk/X (sky130_fd_sc_hd__clkbuf_16)
                                                         clknet_2_0__leaf_aclk (net)
                      0.063884    0.001636   10.386027 ^ _1315_/CLK (sky130_fd_sc_hd__dfxtp_1)
                                 -0.250000   10.136027   clock uncertainty
                                  0.000000   10.136027   clock reconvergence pessimism
                                 -0.104140   10.031888   library setup time
                                             10.031888   data required time
---------------------------------------------------------------------------------------------
                                             10.031888   data required time
                                             -6.017794   data arrival time
---------------------------------------------------------------------------------------------
                                              4.014094   slack (MET)


Startpoint: s_axis_tdata[14] (input port clocked by aclk)
Endpoint: _1314_ (rising edge-triggered flip-flop clocked by aclk)
Path Group: aclk
Path Type: max

Fanout         Cap        Slew       Delay        Time   Description
---------------------------------------------------------------------------------------------
                                  0.000000    0.000000   clock aclk (rise edge)
                                  0.000000    0.000000   clock network delay (propagated)
                                  2.000000    2.000000 ^ input external delay
     1    0.002817    0.019805    0.010379    2.010380 ^ s_axis_tdata[14] (in)
                                                         s_axis_tdata[14] (net)
                      0.019805    0.000000    2.010380 ^ input8/A (sky130_fd_sc_hd__clkbuf_1)
     1    0.003752    0.054475    0.079506    2.089886 ^ input8/X (sky130_fd_sc_hd__clkbuf_1)
                                                         net8 (net)
                      0.054475    0.000089    2.089975 ^ fanout77/A (sky130_fd_sc_hd__clkbuf_2)
     8    0.031909    0.176752    0.200936    2.290911 ^ fanout77/X (sky130_fd_sc_hd__clkbuf_2)
                                                         net77 (net)
                      0.176773    0.001559    2.292470 ^ fanout76/A (sky130_fd_sc_hd__buf_2)
    10    0.034183    0.170367    0.240678    2.533149 ^ fanout76/X (sky130_fd_sc_hd__buf_2)
                                                         net76 (net)
                      0.170368    0.000765    2.533913 ^ _1084_/A2 (sky130_fd_sc_hd__a22o_1)
     2    0.005227    0.066872    0.178539    2.712452 ^ _1084_/X (sky130_fd_sc_hd__a22o_1)
                                                         _0460_ (net)
                      0.066872    0.000133    2.712585 ^ _1085_/B1_N (sky130_fd_sc_hd__a21bo_1)
     1    0.005029    0.044000    0.207575    2.920160 v _1085_/X (sky130_fd_sc_hd__a21bo_1)
                                                         _0461_ (net)
                      0.044000    0.000154    2.920313 v _1086_/B (sky130_fd_sc_hd__xor2_1)
     2    0.009022    0.078557    0.162415    3.082728 v _1086_/X (sky130_fd_sc_hd__xor2_1)
                                                         _0462_ (net)
                      0.078557    0.000307    3.083035 v _1093_/A (sky130_fd_sc_hd__and3_1)
     4    0.011761    0.074193    0.193654    3.276689 v _1093_/X (sky130_fd_sc_hd__and3_1)
                                                         _0469_ (net)
                      0.074193    0.000248    3.276937 v _1096_/A (sky130_fd_sc_hd__nor3b_1)
     3    0.009639    0.344614    0.342346    3.619283 ^ _1096_/Y (sky130_fd_sc_hd__nor3b_1)
                                                         _0472_ (net)
                      0.344614    0.000269    3.619553 ^ _1098_/B (sky130_fd_sc_hd__nor3_1)
     2    0.005369    0.089699    0.113736    3.733289 v _1098_/Y (sky130_fd_sc_hd__nor3_1)
                                                         _0474_ (net)
                      0.089699    0.000081    3.733370 v max_cap56/A (sky130_fd_sc_hd__buf_1)
     2    0.007804    0.052809    0.130635    3.864005 v max_cap56/X (sky130_fd_sc_hd__buf_1)
                                                         net56 (net)
                      0.052809    0.000177    3.864182 v _1100_/B1 (sky130_fd_sc_hd__a211o_1)
     3    0.010570    0.082584    0.309047    4.173229 v _1100_/X (sky130_fd_sc_hd__a211o_1)
                                                         _0476_ (net)
                      0.082584    0.000223    4.173451 v _1103_/A1 (sky130_fd_sc_hd__a211o_1)
     2    0.006206    0.063561    0.284203    4.457654 v _1103_/X (sky130_fd_sc_hd__a211o_1)
                                                         _0479_ (net)
                      0.063561    0.000167    4.457822 v _1105_/A2 (sky130_fd_sc_hd__a211o_1)
     2    0.004540    0.055735    0.302249    4.760071 v _1105_/X (sky130_fd_sc_hd__a211o_1)
                                                         _0481_ (net)
                      0.055735    0.000065    4.760137 v _1106_/B (sky130_fd_sc_hd__and2b_1)
     3    0.008195    0.057065    0.180937    4.941074 v _1106_/X (sky130_fd_sc_hd__and2b_1)
                                                         _0482_ (net)
                      0.057065    0.000110    4.941184 v _1141_/A3 (sky130_fd_sc_hd__a31o_1)
     2    0.008807    0.062729    0.245478    5.186662 v _1141_/X (sky130_fd_sc_hd__a31o_1)
                                                         _0516_ (net)
                      0.062729    0.000256    5.186918 v _1145_/A2 (sky130_fd_sc_hd__a21oi_1)
     4    0.012494    0.286101    0.279826    5.466744 ^ _1145_/Y (sky130_fd_sc_hd__a21oi_1)
                                                         _0519_ (net)
                      0.286102    0.000362    5.467106 ^ _1200_/A1 (sky130_fd_sc_hd__a21o_1)
     1    0.003252    0.043211    0.158504    5.625610 ^ _1200_/X (sky130_fd_sc_hd__a21o_1)
                                                         _0573_ (net)
                      0.043211    0.000098    5.625709 ^ _1202_/B (sky130_fd_sc_hd__nand2_1)
     1    0.001754    0.047478    0.041670    5.667378 v _1202_/Y (sky130_fd_sc_hd__nand2_1)
                                                         _0575_ (net)
                      0.047478    0.000034    5.667412 v _1203_/B (sky130_fd_sc_hd__and2_1)
     1    0.002856    0.035340    0.151396    5.818808 v _1203_/X (sky130_fd_sc_hd__and2_1)
                                                         _0576_ (net)
                      0.035340    0.000080    5.818888 v _1205_/A2 (sky130_fd_sc_hd__o211a_1)
     1    0.002472    0.036833    0.192619    6.011507 v _1205_/X (sky130_fd_sc_hd__o211a_1)
                                                         _0044_ (net)
                      0.036833    0.000052    6.011559 v _1314_/D (sky130_fd_sc_hd__dfxtp_1)
                                              6.011559   data arrival time

                                 10.000000   10.000000   clock aclk (rise edge)
                                  0.000000   10.000000   clock source latency
     1    0.020182    0.096542    0.066589   10.066588 ^ aclk (in)
                                                         aclk (net)
                      0.096556    0.000000   10.066588 ^ clkbuf_0_aclk/A (sky130_fd_sc_hd__clkbuf_16)
     4    0.045437    0.064633    0.164367   10.230956 ^ clkbuf_0_aclk/X (sky130_fd_sc_hd__clkbuf_16)
                                                         clknet_0_aclk (net)
                      0.064672    0.001402   10.232358 ^ clkbuf_2_0__f_aclk/A (sky130_fd_sc_hd__clkbuf_16)
    14    0.044588    0.063830    0.152033   10.384392 ^ clkbuf_2_0__f_aclk/X (sky130_fd_sc_hd__clkbuf_16)
                                                         clknet_2_0__leaf_aclk (net)
                      0.063840    0.000873   10.385264 ^ _1314_/CLK (sky130_fd_sc_hd__dfxtp_1)
                                 -0.250000   10.135264   clock uncertainty
                                  0.000000   10.135264   clock reconvergence pessimism
                                 -0.102547   10.032717   library setup time
                                             10.032717   data required time
---------------------------------------------------------------------------------------------
                                             10.032717   data required time
                                             -6.011559   data arrival time
---------------------------------------------------------------------------------------------
                                              4.021158   slack (MET)


Startpoint: s_axis_tdata[14] (input port clocked by aclk)
Endpoint: _1313_ (rising edge-triggered flip-flop clocked by aclk)
Path Group: aclk
Path Type: max

Fanout         Cap        Slew       Delay        Time   Description
---------------------------------------------------------------------------------------------
                                  0.000000    0.000000   clock aclk (rise edge)
                                  0.000000    0.000000   clock network delay (propagated)
                                  2.000000    2.000000 ^ input external delay
     1    0.002817    0.019805    0.010379    2.010380 ^ s_axis_tdata[14] (in)
                                                         s_axis_tdata[14] (net)
                      0.019805    0.000000    2.010380 ^ input8/A (sky130_fd_sc_hd__clkbuf_1)
     1    0.003752    0.054475    0.079506    2.089886 ^ input8/X (sky130_fd_sc_hd__clkbuf_1)
                                                         net8 (net)
                      0.054475    0.000089    2.089975 ^ fanout77/A (sky130_fd_sc_hd__clkbuf_2)
     8    0.031909    0.176752    0.200936    2.290911 ^ fanout77/X (sky130_fd_sc_hd__clkbuf_2)
                                                         net77 (net)
                      0.176773    0.001559    2.292470 ^ fanout76/A (sky130_fd_sc_hd__buf_2)
    10    0.034183    0.170367    0.240678    2.533149 ^ fanout76/X (sky130_fd_sc_hd__buf_2)
                                                         net76 (net)
                      0.170368    0.000765    2.533913 ^ _1084_/A2 (sky130_fd_sc_hd__a22o_1)
     2    0.005227    0.066872    0.178539    2.712452 ^ _1084_/X (sky130_fd_sc_hd__a22o_1)
                                                         _0460_ (net)
                      0.066872    0.000133    2.712585 ^ _1085_/B1_N (sky130_fd_sc_hd__a21bo_1)
     1    0.005029    0.044000    0.207575    2.920160 v _1085_/X (sky130_fd_sc_hd__a21bo_1)
                                                         _0461_ (net)
                      0.044000    0.000154    2.920313 v _1086_/B (sky130_fd_sc_hd__xor2_1)
     2    0.009022    0.078557    0.162415    3.082728 v _1086_/X (sky130_fd_sc_hd__xor2_1)
                                                         _0462_ (net)
                      0.078557    0.000307    3.083035 v _1093_/A (sky130_fd_sc_hd__and3_1)
     4    0.011761    0.074193    0.193654    3.276689 v _1093_/X (sky130_fd_sc_hd__and3_1)
                                                         _0469_ (net)
                      0.074193    0.000248    3.276937 v _1096_/A (sky130_fd_sc_hd__nor3b_1)
     3    0.009639    0.344614    0.342346    3.619283 ^ _1096_/Y (sky130_fd_sc_hd__nor3b_1)
                                                         _0472_ (net)
                      0.344614    0.000269    3.619553 ^ _1098_/B (sky130_fd_sc_hd__nor3_1)
     2    0.005369    0.089699    0.113736    3.733289 v _1098_/Y (sky130_fd_sc_hd__nor3_1)
                                                         _0474_ (net)
                      0.089699    0.000081    3.733370 v max_cap56/A (sky130_fd_sc_hd__buf_1)
     2    0.007804    0.052809    0.130635    3.864005 v max_cap56/X (sky130_fd_sc_hd__buf_1)
                                                         net56 (net)
                      0.052809    0.000177    3.864182 v _1100_/B1 (sky130_fd_sc_hd__a211o_1)
     3    0.010570    0.082584    0.309047    4.173229 v _1100_/X (sky130_fd_sc_hd__a211o_1)
                                                         _0476_ (net)
                      0.082584    0.000223    4.173451 v _1103_/A1 (sky130_fd_sc_hd__a211o_1)
     2    0.006206    0.063561    0.284203    4.457654 v _1103_/X (sky130_fd_sc_hd__a211o_1)
                                                         _0479_ (net)
                      0.063561    0.000167    4.457822 v _1105_/A2 (sky130_fd_sc_hd__a211o_1)
     2    0.004540    0.055735    0.302249    4.760071 v _1105_/X (sky130_fd_sc_hd__a211o_1)
                                                         _0481_ (net)
                      0.055735    0.000065    4.760137 v _1106_/B (sky130_fd_sc_hd__and2b_1)
     3    0.008195    0.057065    0.180937    4.941074 v _1106_/X (sky130_fd_sc_hd__and2b_1)
                                                         _0482_ (net)
                      0.057065    0.000110    4.941184 v _1141_/A3 (sky130_fd_sc_hd__a31o_1)
     2    0.008807    0.062729    0.245478    5.186662 v _1141_/X (sky130_fd_sc_hd__a31o_1)
                                                         _0516_ (net)
                      0.062729    0.000256    5.186918 v _1145_/A2 (sky130_fd_sc_hd__a21oi_1)
     4    0.012494    0.286101    0.279826    5.466744 ^ _1145_/Y (sky130_fd_sc_hd__a21oi_1)
                                                         _0519_ (net)
                      0.286102    0.000352    5.467096 ^ _1174_/A1 (sky130_fd_sc_hd__o21ai_1)
     1    0.002726    0.066361    0.113685    5.580781 v _1174_/Y (sky130_fd_sc_hd__o21ai_1)
                                                         _0548_ (net)
                      0.066361    0.000078    5.580859 v _1175_/B2 (sky130_fd_sc_hd__o221a_1)
     1    0.001908    0.039961    0.200987    5.781846 v _1175_/X (sky130_fd_sc_hd__o221a_1)
                                                         _0043_ (net)
                      0.039961    0.000036    5.781883 v _1313_/D (sky130_fd_sc_hd__dfxtp_1)
                                              5.781883   data arrival time

                                 10.000000   10.000000   clock aclk (rise edge)
                                  0.000000   10.000000   clock source latency
     1    0.020182    0.096542    0.066589   10.066588 ^ aclk (in)
                                                         aclk (net)
                      0.096556    0.000000   10.066588 ^ clkbuf_0_aclk/A (sky130_fd_sc_hd__clkbuf_16)
     4    0.045437    0.064633    0.164367   10.230956 ^ clkbuf_0_aclk/X (sky130_fd_sc_hd__clkbuf_16)
                                                         clknet_0_aclk (net)
                      0.064672    0.001402   10.232358 ^ clkbuf_2_0__f_aclk/A (sky130_fd_sc_hd__clkbuf_16)
    14    0.044588    0.063830    0.152033   10.384392 ^ clkbuf_2_0__f_aclk/X (sky130_fd_sc_hd__clkbuf_16)
                                                         clknet_2_0__leaf_aclk (net)
                      0.063842    0.000949   10.385341 ^ _1313_/CLK (sky130_fd_sc_hd__dfxtp_1)
                                 -0.250000   10.135341   clock uncertainty
                                  0.000000   10.135341   clock reconvergence pessimism
                                 -0.103918   10.031423   library setup time
                                             10.031423   data required time
---------------------------------------------------------------------------------------------
                                             10.031423   data required time
                                             -5.781883   data arrival time
---------------------------------------------------------------------------------------------
                                              4.249539   slack (MET)


Startpoint: s_axis_tdata[14] (input port clocked by aclk)
Endpoint: _1312_ (rising edge-triggered flip-flop clocked by aclk)
Path Group: aclk
Path Type: max

Fanout         Cap        Slew       Delay        Time   Description
---------------------------------------------------------------------------------------------
                                  0.000000    0.000000   clock aclk (rise edge)
                                  0.000000    0.000000   clock network delay (propagated)
                                  2.000000    2.000000 ^ input external delay
     1    0.002817    0.019805    0.010379    2.010380 ^ s_axis_tdata[14] (in)
                                                         s_axis_tdata[14] (net)
                      0.019805    0.000000    2.010380 ^ input8/A (sky130_fd_sc_hd__clkbuf_1)
     1    0.003752    0.054475    0.079506    2.089886 ^ input8/X (sky130_fd_sc_hd__clkbuf_1)
                                                         net8 (net)
                      0.054475    0.000089    2.089975 ^ fanout77/A (sky130_fd_sc_hd__clkbuf_2)
     8    0.031909    0.176752    0.200936    2.290911 ^ fanout77/X (sky130_fd_sc_hd__clkbuf_2)
                                                         net77 (net)
                      0.176773    0.001559    2.292470 ^ fanout76/A (sky130_fd_sc_hd__buf_2)
    10    0.034183    0.170367    0.240678    2.533149 ^ fanout76/X (sky130_fd_sc_hd__buf_2)
                                                         net76 (net)
                      0.170368    0.000765    2.533913 ^ _1084_/A2 (sky130_fd_sc_hd__a22o_1)
     2    0.005227    0.066872    0.178539    2.712452 ^ _1084_/X (sky130_fd_sc_hd__a22o_1)
                                                         _0460_ (net)
                      0.066872    0.000133    2.712585 ^ _1085_/B1_N (sky130_fd_sc_hd__a21bo_1)
     1    0.005029    0.044000    0.207575    2.920160 v _1085_/X (sky130_fd_sc_hd__a21bo_1)
                                                         _0461_ (net)
                      0.044000    0.000154    2.920313 v _1086_/B (sky130_fd_sc_hd__xor2_1)
     2    0.009022    0.078557    0.162415    3.082728 v _1086_/X (sky130_fd_sc_hd__xor2_1)
                                                         _0462_ (net)
                      0.078557    0.000307    3.083035 v _1093_/A (sky130_fd_sc_hd__and3_1)
     4    0.011761    0.074193    0.193654    3.276689 v _1093_/X (sky130_fd_sc_hd__and3_1)
                                                         _0469_ (net)
                      0.074193    0.000248    3.276937 v _1096_/A (sky130_fd_sc_hd__nor3b_1)
     3    0.009639    0.344614    0.342346    3.619283 ^ _1096_/Y (sky130_fd_sc_hd__nor3b_1)
                                                         _0472_ (net)
                      0.344614    0.000269    3.619553 ^ _1098_/B (sky130_fd_sc_hd__nor3_1)
     2    0.005369    0.089699    0.113736    3.733289 v _1098_/Y (sky130_fd_sc_hd__nor3_1)
                                                         _0474_ (net)
                      0.089699    0.000081    3.733370 v max_cap56/A (sky130_fd_sc_hd__buf_1)
     2    0.007804    0.052809    0.130635    3.864005 v max_cap56/X (sky130_fd_sc_hd__buf_1)
                                                         net56 (net)
                      0.052809    0.000177    3.864182 v _1100_/B1 (sky130_fd_sc_hd__a211o_1)
     3    0.010570    0.082584    0.309047    4.173229 v _1100_/X (sky130_fd_sc_hd__a211o_1)
                                                         _0476_ (net)
                      0.082584    0.000223    4.173451 v _1103_/A1 (sky130_fd_sc_hd__a211o_1)
     2    0.006206    0.063561    0.284203    4.457654 v _1103_/X (sky130_fd_sc_hd__a211o_1)
                                                         _0479_ (net)
                      0.063561    0.000167    4.457822 v _1105_/A2 (sky130_fd_sc_hd__a211o_1)
     2    0.004540    0.055735    0.302249    4.760071 v _1105_/X (sky130_fd_sc_hd__a211o_1)
                                                         _0481_ (net)
                      0.055735    0.000065    4.760137 v _1106_/B (sky130_fd_sc_hd__and2b_1)
     3    0.008195    0.057065    0.180937    4.941074 v _1106_/X (sky130_fd_sc_hd__and2b_1)
                                                         _0482_ (net)
                      0.057065    0.000110    4.941184 v _1141_/A3 (sky130_fd_sc_hd__a31o_1)
     2    0.008807    0.062729    0.245478    5.186662 v _1141_/X (sky130_fd_sc_hd__a31o_1)
                                                         _0516_ (net)
                      0.062729    0.000282    5.186944 v _1142_/B (sky130_fd_sc_hd__xnor2_1)
     1    0.003107    0.121522    0.137455    5.324399 ^ _1142_/Y (sky130_fd_sc_hd__xnor2_1)
                                                         _0517_ (net)
                      0.121522    0.000091    5.324490 ^ _1144_/A2 (sky130_fd_sc_hd__a21oi_1)
     1    0.002269    0.061117    0.077347    5.401837 v _1144_/Y (sky130_fd_sc_hd__a21oi_1)
                                                         _0042_ (net)
                      0.061117    0.000047    5.401884 v _1312_/D (sky130_fd_sc_hd__dfxtp_1)
                                              5.401884   data arrival time

                                 10.000000   10.000000   clock aclk (rise edge)
                                  0.000000   10.000000   clock source latency
     1    0.020182    0.096542    0.066589   10.066588 ^ aclk (in)
                                                         aclk (net)
                      0.096556    0.000000   10.066588 ^ clkbuf_0_aclk/A (sky130_fd_sc_hd__clkbuf_16)
     4    0.045437    0.064633    0.164367   10.230956 ^ clkbuf_0_aclk/X (sky130_fd_sc_hd__clkbuf_16)
                                                         clknet_0_aclk (net)
                      0.064672    0.001402   10.232358 ^ clkbuf_2_0__f_aclk/A (sky130_fd_sc_hd__clkbuf_16)
    14    0.044588    0.063830    0.152033   10.384392 ^ clkbuf_2_0__f_aclk/X (sky130_fd_sc_hd__clkbuf_16)
                                                         clknet_2_0__leaf_aclk (net)
                      0.063845    0.000998   10.385389 ^ _1312_/CLK (sky130_fd_sc_hd__dfxtp_1)
                                 -0.250000   10.135389   clock uncertainty
                                  0.000000   10.135389   clock reconvergence pessimism
                                 -0.113197   10.022193   library setup time
                                             10.022193   data required time
---------------------------------------------------------------------------------------------
                                             10.022193   data required time
                                             -5.401884   data arrival time
---------------------------------------------------------------------------------------------
                                              4.620309   slack (MET)


Startpoint: s_axis_tdata[14] (input port clocked by aclk)
Endpoint: _1311_ (rising edge-triggered flip-flop clocked by aclk)
Path Group: aclk
Path Type: max

Fanout         Cap        Slew       Delay        Time   Description
---------------------------------------------------------------------------------------------
                                  0.000000    0.000000   clock aclk (rise edge)
                                  0.000000    0.000000   clock network delay (propagated)
                                  2.000000    2.000000 ^ input external delay
     1    0.002817    0.019805    0.010379    2.010380 ^ s_axis_tdata[14] (in)
                                                         s_axis_tdata[14] (net)
                      0.019805    0.000000    2.010380 ^ input8/A (sky130_fd_sc_hd__clkbuf_1)
     1    0.003752    0.054475    0.079506    2.089886 ^ input8/X (sky130_fd_sc_hd__clkbuf_1)
                                                         net8 (net)
                      0.054475    0.000089    2.089975 ^ fanout77/A (sky130_fd_sc_hd__clkbuf_2)
     8    0.031909    0.176752    0.200936    2.290911 ^ fanout77/X (sky130_fd_sc_hd__clkbuf_2)
                                                         net77 (net)
                      0.176773    0.001559    2.292470 ^ fanout76/A (sky130_fd_sc_hd__buf_2)
    10    0.034183    0.170367    0.240678    2.533149 ^ fanout76/X (sky130_fd_sc_hd__buf_2)
                                                         net76 (net)
                      0.170368    0.000765    2.533913 ^ _1084_/A2 (sky130_fd_sc_hd__a22o_1)
     2    0.005227    0.066872    0.178539    2.712452 ^ _1084_/X (sky130_fd_sc_hd__a22o_1)
                                                         _0460_ (net)
                      0.066872    0.000133    2.712585 ^ _1085_/B1_N (sky130_fd_sc_hd__a21bo_1)
     1    0.005029    0.044000    0.207575    2.920160 v _1085_/X (sky130_fd_sc_hd__a21bo_1)
                                                         _0461_ (net)
                      0.044000    0.000154    2.920313 v _1086_/B (sky130_fd_sc_hd__xor2_1)
     2    0.009022    0.078557    0.162415    3.082728 v _1086_/X (sky130_fd_sc_hd__xor2_1)
                                                         _0462_ (net)
                      0.078557    0.000307    3.083035 v _1093_/A (sky130_fd_sc_hd__and3_1)
     4    0.011761    0.074193    0.193654    3.276689 v _1093_/X (sky130_fd_sc_hd__and3_1)
                                                         _0469_ (net)
                      0.074193    0.000248    3.276937 v _1096_/A (sky130_fd_sc_hd__nor3b_1)
     3    0.009639    0.344614    0.342346    3.619283 ^ _1096_/Y (sky130_fd_sc_hd__nor3b_1)
                                                         _0472_ (net)
                      0.344614    0.000269    3.619553 ^ _1098_/B (sky130_fd_sc_hd__nor3_1)
     2    0.005369    0.089699    0.113736    3.733289 v _1098_/Y (sky130_fd_sc_hd__nor3_1)
                                                         _0474_ (net)
                      0.089699    0.000081    3.733370 v max_cap56/A (sky130_fd_sc_hd__buf_1)
     2    0.007804    0.052809    0.130635    3.864005 v max_cap56/X (sky130_fd_sc_hd__buf_1)
                                                         net56 (net)
                      0.052809    0.000177    3.864182 v _1100_/B1 (sky130_fd_sc_hd__a211o_1)
     3    0.010570    0.082584    0.309047    4.173229 v _1100_/X (sky130_fd_sc_hd__a211o_1)
                                                         _0476_ (net)
                      0.082584    0.000223    4.173451 v _1103_/A1 (sky130_fd_sc_hd__a211o_1)
     2    0.006206    0.063561    0.284203    4.457654 v _1103_/X (sky130_fd_sc_hd__a211o_1)
                                                         _0479_ (net)
                      0.063561    0.000167    4.457822 v _1105_/A2 (sky130_fd_sc_hd__a211o_1)
     2    0.004540    0.055735    0.302249    4.760071 v _1105_/X (sky130_fd_sc_hd__a211o_1)
                                                         _0481_ (net)
                      0.055735    0.000065    4.760137 v _1106_/B (sky130_fd_sc_hd__and2b_1)
     3    0.008195    0.057065    0.180937    4.941074 v _1106_/X (sky130_fd_sc_hd__and2b_1)
                                                         _0482_ (net)
                      0.057065    0.000181    4.941255 v _1109_/A1 (sky130_fd_sc_hd__a21o_1)
     1    0.002839    0.033194    0.154730    5.095985 v _1109_/X (sky130_fd_sc_hd__a21o_1)
                                                         _0485_ (net)
                      0.033194    0.000060    5.096045 v _1110_/B2 (sky130_fd_sc_hd__o221a_1)
     1    0.002120    0.041173    0.190389    5.286434 v _1110_/X (sky130_fd_sc_hd__o221a_1)
                                                         _0041_ (net)
                      0.041173    0.000061    5.286495 v _1311_/D (sky130_fd_sc_hd__dfxtp_1)
                                              5.286495   data arrival time

                                 10.000000   10.000000   clock aclk (rise edge)
                                  0.000000   10.000000   clock source latency
     1    0.020182    0.096542    0.066589   10.066588 ^ aclk (in)
                                                         aclk (net)
                      0.096556    0.000000   10.066588 ^ clkbuf_0_aclk/A (sky130_fd_sc_hd__clkbuf_16)
     4    0.045437    0.064633    0.164367   10.230956 ^ clkbuf_0_aclk/X (sky130_fd_sc_hd__clkbuf_16)
                                                         clknet_0_aclk (net)
                      0.064665    0.001297   10.232253 ^ clkbuf_2_2__f_aclk/A (sky130_fd_sc_hd__clkbuf_16)
    14    0.044861    0.064201    0.152028   10.384280 ^ clkbuf_2_2__f_aclk/X (sky130_fd_sc_hd__clkbuf_16)
                                                         clknet_2_2__leaf_aclk (net)
                      0.064212    0.000993   10.385273 ^ _1311_/CLK (sky130_fd_sc_hd__dfxtp_1)
                                 -0.250000   10.135273   clock uncertainty
                                  0.000000   10.135273   clock reconvergence pessimism
                                 -0.104364   10.030910   library setup time
                                             10.030910   data required time
---------------------------------------------------------------------------------------------
                                             10.030910   data required time
                                             -5.286495   data arrival time
---------------------------------------------------------------------------------------------
                                              4.744415   slack (MET)


Startpoint: s_axis_tdata[15] (input port clocked by aclk)
Endpoint: _1309_ (rising edge-triggered flip-flop clocked by aclk)
Path Group: aclk
Path Type: max

Fanout         Cap        Slew       Delay        Time   Description
---------------------------------------------------------------------------------------------
                                  0.000000    0.000000   clock aclk (rise edge)
                                  0.000000    0.000000   clock network delay (propagated)
                                  2.000000    2.000000 ^ input external delay
     1    0.002811    0.019778    0.010356    2.010356 ^ s_axis_tdata[15] (in)
                                                         s_axis_tdata[15] (net)
                      0.019778    0.000000    2.010356 ^ input9/A (sky130_fd_sc_hd__buf_1)
     4    0.016024    0.193081    0.176165    2.186520 ^ input9/X (sky130_fd_sc_hd__buf_1)
                                                         net9 (net)
                      0.193082    0.000507    2.187027 ^ fanout75/A (sky130_fd_sc_hd__buf_4)
    10    0.034518    0.103778    0.203423    2.390450 ^ fanout75/X (sky130_fd_sc_hd__buf_4)
                                                         net75 (net)
                      0.103791    0.001212    2.391662 ^ _1004_/A2 (sky130_fd_sc_hd__a21oi_1)
     3    0.007592    0.090845    0.102373    2.494035 v _1004_/Y (sky130_fd_sc_hd__a21oi_1)
                                                         _0382_ (net)
                      0.090845    0.000132    2.494168 v _1006_/B (sky130_fd_sc_hd__or3_1)
     2    0.008173    0.095994    0.396076    2.890243 v _1006_/X (sky130_fd_sc_hd__or3_1)
                                                         _0384_ (net)
                      0.095994    0.000190    2.890433 v _1009_/A1 (sky130_fd_sc_hd__a211o_1)
     3    0.009917    0.079600    0.310379    3.200812 v _1009_/X (sky130_fd_sc_hd__a211o_1)
                                                         _0387_ (net)
                      0.079600    0.000260    3.201072 v _1011_/A2 (sky130_fd_sc_hd__a21o_1)
     2    0.007644    0.054008    0.208162    3.409234 v _1011_/X (sky130_fd_sc_hd__a21o_1)
                                                         _0389_ (net)
                      0.054008    0.000164    3.409398 v _1014_/A2 (sky130_fd_sc_hd__a21o_1)
     3    0.011994    0.070460    0.215733    3.625131 v _1014_/X (sky130_fd_sc_hd__a21o_1)
                                                         _0392_ (net)
                      0.070461    0.000440    3.625571 v _1015_/C (sky130_fd_sc_hd__and3_1)
     3    0.008497    0.061072    0.213472    3.839043 v _1015_/X (sky130_fd_sc_hd__and3_1)
                                                         _0393_ (net)
                      0.061072    0.000219    3.839262 v _1019_/A1 (sky130_fd_sc_hd__o211a_1)
     2    0.004809    0.047520    0.233833    4.073095 v _1019_/X (sky130_fd_sc_hd__o211a_1)
                                                         _0397_ (net)
                      0.047520    0.000071    4.073166 v _1021_/B (sky130_fd_sc_hd__or3b_1)
     3    0.007569    0.092674    0.381332    4.454499 v _1021_/X (sky130_fd_sc_hd__or3b_1)
                                                         _0399_ (net)
                      0.092674    0.000160    4.454659 v _1025_/B (sky130_fd_sc_hd__and3_1)
     2    0.004196    0.042840    0.187252    4.641910 v _1025_/X (sky130_fd_sc_hd__and3_1)
                                                         _0403_ (net)
                      0.042840    0.000079    4.641989 v _1026_/B (sky130_fd_sc_hd__or2_1)
     1    0.004634    0.056576    0.212788    4.854776 v _1026_/X (sky130_fd_sc_hd__or2_1)
                                                         _0404_ (net)
                      0.056599    0.000093    4.854869 v _1028_/A (sky130_fd_sc_hd__xnor2_1)
     1    0.003409    0.049362    0.127662    4.982532 v _1028_/Y (sky130_fd_sc_hd__xnor2_1)
                                                         _0406_ (net)
                      0.049362    0.000100    4.982632 v _1030_/A2 (sky130_fd_sc_hd__o211a_1)
     1    0.002018    0.034767    0.194381    5.177012 v _1030_/X (sky130_fd_sc_hd__o211a_1)
                                                         _0039_ (net)
                      0.034767    0.000039    5.177052 v _1309_/D (sky130_fd_sc_hd__dfxtp_1)
                                              5.177052   data arrival time

                                 10.000000   10.000000   clock aclk (rise edge)
                                  0.000000   10.000000   clock source latency
     1    0.020182    0.096542    0.066589   10.066588 ^ aclk (in)
                                                         aclk (net)
                      0.096556    0.000000   10.066588 ^ clkbuf_0_aclk/A (sky130_fd_sc_hd__clkbuf_16)
     4    0.045437    0.064633    0.164367   10.230956 ^ clkbuf_0_aclk/X (sky130_fd_sc_hd__clkbuf_16)
                                                         clknet_0_aclk (net)
                      0.064665    0.001297   10.232253 ^ clkbuf_2_2__f_aclk/A (sky130_fd_sc_hd__clkbuf_16)
    14    0.044861    0.064201    0.152028   10.384280 ^ clkbuf_2_2__f_aclk/X (sky130_fd_sc_hd__clkbuf_16)
                                                         clknet_2_2__leaf_aclk (net)
                      0.064206    0.000840   10.385120 ^ _1309_/CLK (sky130_fd_sc_hd__dfxtp_1)
                                 -0.250000   10.135120   clock uncertainty
                                  0.000000   10.135120   clock reconvergence pessimism
                                 -0.101556   10.033566   library setup time
                                             10.033566   data required time
---------------------------------------------------------------------------------------------
                                             10.033566   data required time
                                             -5.177052   data arrival time
---------------------------------------------------------------------------------------------
                                              4.856514   slack (MET)


Startpoint: s_axis_tdata[15] (input port clocked by aclk)
Endpoint: _1310_ (rising edge-triggered flip-flop clocked by aclk)
Path Group: aclk
Path Type: max

Fanout         Cap        Slew       Delay        Time   Description
---------------------------------------------------------------------------------------------
                                  0.000000    0.000000   clock aclk (rise edge)
                                  0.000000    0.000000   clock network delay (propagated)
                                  2.000000    2.000000 ^ input external delay
     1    0.002811    0.019778    0.010356    2.010356 ^ s_axis_tdata[15] (in)
                                                         s_axis_tdata[15] (net)
                      0.019778    0.000000    2.010356 ^ input9/A (sky130_fd_sc_hd__buf_1)
     4    0.016024    0.193081    0.176165    2.186520 ^ input9/X (sky130_fd_sc_hd__buf_1)
                                                         net9 (net)
                      0.193082    0.000507    2.187027 ^ fanout75/A (sky130_fd_sc_hd__buf_4)
    10    0.034518    0.103778    0.203423    2.390450 ^ fanout75/X (sky130_fd_sc_hd__buf_4)
                                                         net75 (net)
                      0.103791    0.001212    2.391662 ^ _1004_/A2 (sky130_fd_sc_hd__a21oi_1)
     3    0.007592    0.090845    0.102373    2.494035 v _1004_/Y (sky130_fd_sc_hd__a21oi_1)
                                                         _0382_ (net)
                      0.090845    0.000132    2.494168 v _1006_/B (sky130_fd_sc_hd__or3_1)
     2    0.008173    0.095994    0.396076    2.890243 v _1006_/X (sky130_fd_sc_hd__or3_1)
                                                         _0384_ (net)
                      0.095994    0.000190    2.890433 v _1009_/A1 (sky130_fd_sc_hd__a211o_1)
     3    0.009917    0.079600    0.310379    3.200812 v _1009_/X (sky130_fd_sc_hd__a211o_1)
                                                         _0387_ (net)
                      0.079600    0.000260    3.201072 v _1011_/A2 (sky130_fd_sc_hd__a21o_1)
     2    0.007644    0.054008    0.208162    3.409234 v _1011_/X (sky130_fd_sc_hd__a21o_1)
                                                         _0389_ (net)
                      0.054008    0.000164    3.409398 v _1014_/A2 (sky130_fd_sc_hd__a21o_1)
     3    0.011994    0.070460    0.215733    3.625131 v _1014_/X (sky130_fd_sc_hd__a21o_1)
                                                         _0392_ (net)
                      0.070461    0.000440    3.625571 v _1015_/C (sky130_fd_sc_hd__and3_1)
     3    0.008497    0.061072    0.213472    3.839043 v _1015_/X (sky130_fd_sc_hd__and3_1)
                                                         _0393_ (net)
                      0.061072    0.000219    3.839262 v _1019_/A1 (sky130_fd_sc_hd__o211a_1)
     2    0.004809    0.047520    0.233833    4.073095 v _1019_/X (sky130_fd_sc_hd__o211a_1)
                                                         _0397_ (net)
                      0.047520    0.000071    4.073166 v _1021_/B (sky130_fd_sc_hd__or3b_1)
     3    0.007569    0.092674    0.381332    4.454499 v _1021_/X (sky130_fd_sc_hd__or3b_1)
                                                         _0399_ (net)
                      0.092674    0.000160    4.454659 v _1025_/B (sky130_fd_sc_hd__and3_1)
     2    0.004196    0.042840    0.187252    4.641910 v _1025_/X (sky130_fd_sc_hd__and3_1)
                                                         _0403_ (net)
                      0.042840    0.000069    4.641979 v _1070_/B1 (sky130_fd_sc_hd__a21o_1)
     3    0.011044    0.066656    0.184813    4.826792 v _1070_/X (sky130_fd_sc_hd__a21o_1)
                                                         _0447_ (net)
                      0.066656    0.000326    4.827118 v _1071_/B (sky130_fd_sc_hd__xor2_1)
     1    0.002939    0.051512    0.144437    4.971555 v _1071_/X (sky130_fd_sc_hd__xor2_1)
                                                         _0448_ (net)
                      0.051512    0.000062    4.971618 v _1073_/A2 (sky130_fd_sc_hd__o211a_1)
     1    0.002283    0.036041    0.197024    5.168641 v _1073_/X (sky130_fd_sc_hd__o211a_1)
                                                         _0040_ (net)
                      0.036041    0.000065    5.168706 v _1310_/D (sky130_fd_sc_hd__dfxtp_1)
                                              5.168706   data arrival time

                                 10.000000   10.000000   clock aclk (rise edge)
                                  0.000000   10.000000   clock source latency
     1    0.020182    0.096542    0.066589   10.066588 ^ aclk (in)
                                                         aclk (net)
                      0.096556    0.000000   10.066588 ^ clkbuf_0_aclk/A (sky130_fd_sc_hd__clkbuf_16)
     4    0.045437    0.064633    0.164367   10.230956 ^ clkbuf_0_aclk/X (sky130_fd_sc_hd__clkbuf_16)
                                                         clknet_0_aclk (net)
                      0.064665    0.001297   10.232253 ^ clkbuf_2_2__f_aclk/A (sky130_fd_sc_hd__clkbuf_16)
    14    0.044861    0.064201    0.152028   10.384280 ^ clkbuf_2_2__f_aclk/X (sky130_fd_sc_hd__clkbuf_16)
                                                         clknet_2_2__leaf_aclk (net)
                      0.064210    0.000940   10.385221 ^ _1310_/CLK (sky130_fd_sc_hd__dfxtp_1)
                                 -0.250000   10.135221   clock uncertainty
                                  0.000000   10.135221   clock reconvergence pessimism
                                 -0.102113   10.033107   library setup time
                                             10.033107   data required time
---------------------------------------------------------------------------------------------
                                             10.033107   data required time
                                             -5.168706   data arrival time
---------------------------------------------------------------------------------------------
                                              4.864400   slack (MET)


Startpoint: m_axis_tready (input port clocked by aclk)
Endpoint: s_axis_tready (output port clocked by aclk)
Path Group: aclk
Path Type: max

Fanout         Cap        Slew       Delay        Time   Description
---------------------------------------------------------------------------------------------
                                  0.000000    0.000000   clock aclk (rise edge)
                                  0.000000    0.000000   clock network delay (propagated)
                                  2.000000    2.000000 ^ input external delay
     1    0.002659    0.019131    0.009827    2.009827 ^ m_axis_tready (in)
                                                         m_axis_tready (net)
                      0.019131    0.000000    2.009827 ^ input2/A (sky130_fd_sc_hd__buf_2)
     8    0.039226    0.193254    0.203569    2.213396 ^ input2/X (sky130_fd_sc_hd__buf_2)
                                                         net2 (net)
                      0.193259    0.000848    2.214245 ^ _1322_/A (sky130_fd_sc_hd__clkbuf_1)
     1    0.002138    0.038892    0.106179    2.320423 ^ _1322_/X (sky130_fd_sc_hd__clkbuf_1)
                                                         net55 (net)
                      0.038892    0.000060    2.320483 ^ output55/A (sky130_fd_sc_hd__buf_2)
     1    0.034388    0.170740    0.195968    2.516451 ^ output55/X (sky130_fd_sc_hd__buf_2)
                                                         s_axis_tready (net)
                      0.170792    0.000748    2.517199 ^ s_axis_tready (out)
                                              2.517199   data arrival time

                                 10.000000   10.000000   clock aclk (rise edge)
                                  0.000000   10.000000   clock network delay (propagated)
                                 -0.250000    9.750000   clock uncertainty
                                  0.000000    9.750000   clock reconvergence pessimism
                                 -2.000000    7.750000   output external delay
                                              7.750000   data required time
---------------------------------------------------------------------------------------------
                                              7.750000   data required time
                                             -2.517199   data arrival time
---------------------------------------------------------------------------------------------
                                              5.232801   slack (MET)


Startpoint: s_axis_tdata[12] (input port clocked by aclk)
Endpoint: _1308_ (rising edge-triggered flip-flop clocked by aclk)
Path Group: aclk
Path Type: max

Fanout         Cap        Slew       Delay        Time   Description
---------------------------------------------------------------------------------------------
                                  0.000000    0.000000   clock aclk (rise edge)
                                  0.000000    0.000000   clock network delay (propagated)
                                  2.000000    2.000000 ^ input external delay
     1    0.002779    0.019642    0.010246    2.010246 ^ s_axis_tdata[12] (in)
                                                         s_axis_tdata[12] (net)
                      0.019642    0.000000    2.010246 ^ input6/A (sky130_fd_sc_hd__buf_1)
     2    0.010925    0.135155    0.136093    2.146339 ^ input6/X (sky130_fd_sc_hd__buf_1)
                                                         net6 (net)
                      0.135155    0.000200    2.146539 ^ fanout81/A (sky130_fd_sc_hd__dlymetal6s2s_1)
     5    0.020676    0.221382    0.242348    2.388887 ^ fanout81/X (sky130_fd_sc_hd__dlymetal6s2s_1)
                                                         net81 (net)
                      0.221384    0.000518    2.389405 ^ _0966_/B (sky130_fd_sc_hd__nand2_1)
     3    0.007165    0.081515    0.114684    2.504089 v _0966_/Y (sky130_fd_sc_hd__nand2_1)
                                                         _0345_ (net)
                      0.081515    0.000093    2.504182 v _0971_/A (sky130_fd_sc_hd__or3_1)
     2    0.006074    0.083045    0.400052    2.904233 v _0971_/X (sky130_fd_sc_hd__or3_1)
                                                         _0350_ (net)
                      0.083045    0.000159    2.904392 v _0975_/A1 (sky130_fd_sc_hd__a21o_1)
     3    0.009954    0.062290    0.198285    3.102677 v _0975_/X (sky130_fd_sc_hd__a21o_1)
                                                         _0354_ (net)
                      0.062290    0.000220    3.102897 v _0977_/A2 (sky130_fd_sc_hd__a21o_1)
     2    0.008039    0.055841    0.203174    3.306071 v _0977_/X (sky130_fd_sc_hd__a21o_1)
                                                         _0356_ (net)
                      0.055841    0.000210    3.306281 v _0980_/A2 (sky130_fd_sc_hd__a21o_1)
     2    0.011560    0.068709    0.214891    3.521172 v _0980_/X (sky130_fd_sc_hd__a21o_1)
                                                         _0359_ (net)
                      0.068710    0.000358    3.521530 v _0982_/A2 (sky130_fd_sc_hd__a21o_1)
     2    0.005702    0.045293    0.194802    3.716331 v _0982_/X (sky130_fd_sc_hd__a21o_1)
                                                         _0361_ (net)
                      0.045293    0.000142    3.716473 v _0984_/A2 (sky130_fd_sc_hd__a211oi_1)
     2    0.006403    0.278480    0.300301    4.016774 ^ _0984_/Y (sky130_fd_sc_hd__a211oi_1)
                                                         _0363_ (net)
                      0.278480    0.000142    4.016916 ^ _0985_/C (sky130_fd_sc_hd__nor3_1)
     2    0.004415    0.073347    0.091782    4.108698 v _0985_/Y (sky130_fd_sc_hd__nor3_1)
                                                         _0364_ (net)
                      0.073347    0.000095    4.108792 v _0987_/A_N (sky130_fd_sc_hd__nand2b_1)
     1    0.004738    0.056245    0.160127    4.268919 v _0987_/Y (sky130_fd_sc_hd__nand2b_1)
                                                         _0366_ (net)
                      0.056245    0.000137    4.269057 v _0988_/B (sky130_fd_sc_hd__xnor2_1)
     1    0.007199    0.074481    0.146731    4.415788 v _0988_/Y (sky130_fd_sc_hd__xnor2_1)
                                                         _0367_ (net)
                      0.074481    0.000298    4.416086 v _0990_/A2 (sky130_fd_sc_hd__o211a_1)
     1    0.002098    0.035239    0.204858    4.620944 v _0990_/X (sky130_fd_sc_hd__o211a_1)
                                                         _0038_ (net)
                      0.035239    0.000059    4.621004 v _1308_/D (sky130_fd_sc_hd__dfxtp_1)
                                              4.621004   data arrival time

                                 10.000000   10.000000   clock aclk (rise edge)
                                  0.000000   10.000000   clock source latency
     1    0.020182    0.096542    0.066589   10.066588 ^ aclk (in)
                                                         aclk (net)
                      0.096556    0.000000   10.066588 ^ clkbuf_0_aclk/A (sky130_fd_sc_hd__clkbuf_16)
     4    0.045437    0.064633    0.164367   10.230956 ^ clkbuf_0_aclk/X (sky130_fd_sc_hd__clkbuf_16)
                                                         clknet_0_aclk (net)
                      0.064665    0.001297   10.232253 ^ clkbuf_2_2__f_aclk/A (sky130_fd_sc_hd__clkbuf_16)
    14    0.044861    0.064201    0.152028   10.384280 ^ clkbuf_2_2__f_aclk/X (sky130_fd_sc_hd__clkbuf_16)
                                                         clknet_2_2__leaf_aclk (net)
                      0.064225    0.001267   10.385547 ^ _1308_/CLK (sky130_fd_sc_hd__dfxtp_1)
                                 -0.250000   10.135547   clock uncertainty
                                  0.000000   10.135547   clock reconvergence pessimism
                                 -0.101758   10.033790   library setup time
                                             10.033790   data required time
---------------------------------------------------------------------------------------------
                                             10.033790   data required time
                                             -4.621004   data arrival time
---------------------------------------------------------------------------------------------
                                              5.412786   slack (MET)


Startpoint: s_axis_tdata[9] (input port clocked by aclk)
Endpoint: _1307_ (rising edge-triggered flip-flop clocked by aclk)
Path Group: aclk
Path Type: max

Fanout         Cap        Slew       Delay        Time   Description
---------------------------------------------------------------------------------------------
                                  0.000000    0.000000   clock aclk (rise edge)
                                  0.000000    0.000000   clock network delay (propagated)
                                  2.000000    2.000000 ^ input external delay
     1    0.002765    0.019584    0.010198    2.010198 ^ s_axis_tdata[9] (in)
                                                         s_axis_tdata[9] (net)
                      0.019584    0.000000    2.010198 ^ input18/A (sky130_fd_sc_hd__buf_1)
     5    0.020898    0.248582    0.213968    2.224165 ^ input18/X (sky130_fd_sc_hd__buf_1)
                                                         net18 (net)
                      0.248586    0.000889    2.225054 ^ fanout88/A (sky130_fd_sc_hd__buf_2)
    10    0.033139    0.165613    0.256815    2.481869 ^ fanout88/X (sky130_fd_sc_hd__buf_2)
                                                         net88 (net)
                      0.165622    0.001370    2.483239 ^ _0879_/C (sky130_fd_sc_hd__and3_1)
     4    0.012499    0.134797    0.242700    2.725939 ^ _0879_/X (sky130_fd_sc_hd__and3_1)
                                                         _0263_ (net)
                      0.134797    0.000275    2.726215 ^ _0884_/B (sky130_fd_sc_hd__and2_1)
     2    0.005513    0.070425    0.158407    2.884622 ^ _0884_/X (sky130_fd_sc_hd__and2_1)
                                                         _0267_ (net)
                      0.070425    0.000146    2.884768 ^ _0898_/B1_N (sky130_fd_sc_hd__o21ba_1)
     2    0.006586    0.052344    0.161960    3.046727 v _0898_/X (sky130_fd_sc_hd__o21ba_1)
                                                         _0280_ (net)
                      0.052344    0.000108    3.046835 v _0900_/B (sky130_fd_sc_hd__xnor2_1)
     2    0.005762    0.078441    0.137218    3.184054 v _0900_/Y (sky130_fd_sc_hd__xnor2_1)
                                                         _0282_ (net)
                      0.078441    0.000134    3.184188 v _0901_/C (sky130_fd_sc_hd__and3_1)
     3    0.007475    0.057315    0.212142    3.396330 v _0901_/X (sky130_fd_sc_hd__and3_1)
                                                         _0283_ (net)
                      0.057315    0.000143    3.396472 v _0921_/B (sky130_fd_sc_hd__or2_1)
     2    0.004178    0.054492    0.214848    3.611320 v _0921_/X (sky130_fd_sc_hd__or2_1)
                                                         _0302_ (net)
                      0.054492    0.000098    3.611418 v _0924_/B (sky130_fd_sc_hd__or2_1)
     3    0.005936    0.062315    0.224143    3.835561 v _0924_/X (sky130_fd_sc_hd__or2_1)
                                                         _0305_ (net)
                      0.062315    0.000083    3.835644 v _0925_/C (sky130_fd_sc_hd__and3_1)
     2    0.007380    0.056853    0.204312    4.039957 v _0925_/X (sky130_fd_sc_hd__and3_1)
                                                         _0306_ (net)
                      0.056853    0.000188    4.040145 v _0954_/A (sky130_fd_sc_hd__xnor2_1)
     1    0.007760    0.078346    0.152419    4.192564 v _0954_/Y (sky130_fd_sc_hd__xnor2_1)
                                                         _0334_ (net)
                      0.078346    0.000282    4.192846 v _0956_/A2 (sky130_fd_sc_hd__o211a_1)
     1    0.002250    0.035899    0.207498    4.400344 v _0956_/X (sky130_fd_sc_hd__o211a_1)
                                                         _0037_ (net)
                      0.035899    0.000065    4.400410 v _1307_/D (sky130_fd_sc_hd__dfxtp_1)
                                              4.400410   data arrival time

                                 10.000000   10.000000   clock aclk (rise edge)
                                  0.000000   10.000000   clock source latency
     1    0.020182    0.096542    0.066589   10.066588 ^ aclk (in)
                                                         aclk (net)
                      0.096556    0.000000   10.066588 ^ clkbuf_0_aclk/A (sky130_fd_sc_hd__clkbuf_16)
     4    0.045437    0.064633    0.164367   10.230956 ^ clkbuf_0_aclk/X (sky130_fd_sc_hd__clkbuf_16)
                                                         clknet_0_aclk (net)
                      0.064665    0.001297   10.232253 ^ clkbuf_2_2__f_aclk/A (sky130_fd_sc_hd__clkbuf_16)
    14    0.044861    0.064201    0.152028   10.384280 ^ clkbuf_2_2__f_aclk/X (sky130_fd_sc_hd__clkbuf_16)
                                                         clknet_2_2__leaf_aclk (net)
                      0.064247    0.001601   10.385881 ^ _1307_/CLK (sky130_fd_sc_hd__dfxtp_1)
                                 -0.250000   10.135881   clock uncertainty
                                  0.000000   10.135881   clock reconvergence pessimism
                                 -0.102042   10.033839   library setup time
                                             10.033839   data required time
---------------------------------------------------------------------------------------------
                                             10.033839   data required time
                                             -4.400410   data arrival time
---------------------------------------------------------------------------------------------
                                              5.633430   slack (MET)


Startpoint: s_axis_tdata[9] (input port clocked by aclk)
Endpoint: _1306_ (rising edge-triggered flip-flop clocked by aclk)
Path Group: aclk
Path Type: max

Fanout         Cap        Slew       Delay        Time   Description
---------------------------------------------------------------------------------------------
                                  0.000000    0.000000   clock aclk (rise edge)
                                  0.000000    0.000000   clock network delay (propagated)
                                  2.000000    2.000000 ^ input external delay
     1    0.002765    0.019584    0.010198    2.010198 ^ s_axis_tdata[9] (in)
                                                         s_axis_tdata[9] (net)
                      0.019584    0.000000    2.010198 ^ input18/A (sky130_fd_sc_hd__buf_1)
     5    0.020898    0.248582    0.213968    2.224165 ^ input18/X (sky130_fd_sc_hd__buf_1)
                                                         net18 (net)
                      0.248586    0.000889    2.225054 ^ fanout88/A (sky130_fd_sc_hd__buf_2)
    10    0.033139    0.165613    0.256815    2.481869 ^ fanout88/X (sky130_fd_sc_hd__buf_2)
                                                         net88 (net)
                      0.165622    0.001370    2.483239 ^ _0879_/C (sky130_fd_sc_hd__and3_1)
     4    0.012499    0.134797    0.242700    2.725939 ^ _0879_/X (sky130_fd_sc_hd__and3_1)
                                                         _0263_ (net)
                      0.134797    0.000275    2.726215 ^ _0884_/B (sky130_fd_sc_hd__and2_1)
     2    0.005513    0.070425    0.158407    2.884622 ^ _0884_/X (sky130_fd_sc_hd__and2_1)
                                                         _0267_ (net)
                      0.070425    0.000146    2.884768 ^ _0898_/B1_N (sky130_fd_sc_hd__o21ba_1)
     2    0.006586    0.052344    0.161960    3.046727 v _0898_/X (sky130_fd_sc_hd__o21ba_1)
                                                         _0280_ (net)
                      0.052344    0.000108    3.046835 v _0900_/B (sky130_fd_sc_hd__xnor2_1)
     2    0.005762    0.078441    0.137218    3.184054 v _0900_/Y (sky130_fd_sc_hd__xnor2_1)
                                                         _0282_ (net)
                      0.078441    0.000134    3.184188 v _0901_/C (sky130_fd_sc_hd__and3_1)
     3    0.007475    0.057315    0.212142    3.396330 v _0901_/X (sky130_fd_sc_hd__and3_1)
                                                         _0283_ (net)
                      0.057315    0.000143    3.396472 v _0921_/B (sky130_fd_sc_hd__or2_1)
     2    0.004178    0.054492    0.214848    3.611320 v _0921_/X (sky130_fd_sc_hd__or2_1)
                                                         _0302_ (net)
                      0.054492    0.000098    3.611418 v _0924_/B (sky130_fd_sc_hd__or2_1)
     3    0.005936    0.062315    0.224143    3.835561 v _0924_/X (sky130_fd_sc_hd__or2_1)
                                                         _0305_ (net)
                      0.062315    0.000083    3.835644 v _0925_/C (sky130_fd_sc_hd__and3_1)
     2    0.007380    0.056853    0.204312    4.039957 v _0925_/X (sky130_fd_sc_hd__and3_1)
                                                         _0306_ (net)
                      0.056853    0.000107    4.040063 v _0927_/A1 (sky130_fd_sc_hd__o21ai_1)
     1    0.008762    0.199255    0.206238    4.246301 ^ _0927_/Y (sky130_fd_sc_hd__o21ai_1)
                                                         _0308_ (net)
                      0.199256    0.000428    4.246729 ^ _0928_/B1 (sky130_fd_sc_hd__o211a_1)
     1    0.002160    0.038806    0.170315    4.417044 ^ _0928_/X (sky130_fd_sc_hd__o211a_1)
                                                         _0036_ (net)
                      0.038806    0.000061    4.417106 ^ _1306_/D (sky130_fd_sc_hd__dfxtp_1)
                                              4.417106   data arrival time

                                 10.000000   10.000000   clock aclk (rise edge)
                                  0.000000   10.000000   clock source latency
     1    0.020182    0.096542    0.066589   10.066588 ^ aclk (in)
                                                         aclk (net)
                      0.096556    0.000000   10.066588 ^ clkbuf_0_aclk/A (sky130_fd_sc_hd__clkbuf_16)
     4    0.045437    0.064633    0.164367   10.230956 ^ clkbuf_0_aclk/X (sky130_fd_sc_hd__clkbuf_16)
                                                         clknet_0_aclk (net)
                      0.064665    0.001297   10.232253 ^ clkbuf_2_2__f_aclk/A (sky130_fd_sc_hd__clkbuf_16)
    14    0.044861    0.064201    0.152028   10.384280 ^ clkbuf_2_2__f_aclk/X (sky130_fd_sc_hd__clkbuf_16)
                                                         clknet_2_2__leaf_aclk (net)
                      0.064350    0.001952   10.386232 ^ _1306_/CLK (sky130_fd_sc_hd__dfxtp_1)
                                 -0.250000   10.136232   clock uncertainty
                                  0.000000   10.136232   clock reconvergence pessimism
                                 -0.049809   10.086424   library setup time
                                             10.086424   data required time
---------------------------------------------------------------------------------------------
                                             10.086424   data required time
                                             -4.417106   data arrival time
---------------------------------------------------------------------------------------------
                                              5.669318   slack (MET)


Startpoint: _1271_ (rising edge-triggered flip-flop clocked by aclk)
Endpoint: _1301_ (rising edge-triggered flip-flop clocked by aclk)
Path Group: aclk
Path Type: max

Fanout         Cap        Slew       Delay        Time   Description
---------------------------------------------------------------------------------------------
                                  0.000000    0.000000   clock aclk (rise edge)
                                  0.000000    0.000000   clock source latency
     1    0.020182    0.096542    0.066588    0.066588 ^ aclk (in)
                                                         aclk (net)
                      0.096556    0.000000    0.066588 ^ clkbuf_0_aclk/A (sky130_fd_sc_hd__clkbuf_16)
     4    0.045437    0.064633    0.164368    0.230956 ^ clkbuf_0_aclk/X (sky130_fd_sc_hd__clkbuf_16)
                                                         clknet_0_aclk (net)
                      0.064665    0.001296    0.232252 ^ clkbuf_2_2__f_aclk/A (sky130_fd_sc_hd__clkbuf_16)
    14    0.044861    0.064201    0.152028    0.384280 ^ clkbuf_2_2__f_aclk/X (sky130_fd_sc_hd__clkbuf_16)
                                                         clknet_2_2__leaf_aclk (net)
                      0.064225    0.001264    0.385544 ^ _1271_/CLK (sky130_fd_sc_hd__dfxtp_1)
     4    0.016667    0.084641    0.350269    0.735813 v _1271_/Q (sky130_fd_sc_hd__dfxtp_1)
                                                         net32 (net)
                      0.084644    0.000595    0.736408 v _0643_/B (sky130_fd_sc_hd__xor2_1)
     2    0.009489    0.094828    0.179776    0.916184 v _0643_/X (sky130_fd_sc_hd__xor2_1)
                                                         _0059_ (net)
                      0.094828    0.000252    0.916436 v _0649_/A3 (sky130_fd_sc_hd__a31o_1)
     3    0.008768    0.062769    0.261037    1.177473 v _0649_/X (sky130_fd_sc_hd__a31o_1)
                                                         _0064_ (net)
                      0.062769    0.000313    1.177785 v _0656_/A2 (sky130_fd_sc_hd__a21bo_1)
     3    0.007565    0.055291    0.214394    1.392179 v _0656_/X (sky130_fd_sc_hd__a21bo_1)
                                                         _0070_ (net)
                      0.055291    0.000139    1.392319 v _0664_/A2 (sky130_fd_sc_hd__a21bo_1)
     3    0.013204    0.077145    0.234435    1.626753 v _0664_/X (sky130_fd_sc_hd__a21bo_1)
                                                         _0077_ (net)
                      0.077146    0.000434    1.627187 v _0678_/B2 (sky130_fd_sc_hd__a221o_1)
     2    0.006135    0.068786    0.346941    1.974128 v _0678_/X (sky130_fd_sc_hd__a221o_1)
                                                         _0089_ (net)
                      0.068786    0.000173    1.974301 v _0686_/A3 (sky130_fd_sc_hd__a31o_1)
     2    0.009389    0.065059    0.252830    2.227131 v _0686_/X (sky130_fd_sc_hd__a31o_1)
                                                         _0096_ (net)
                      0.065060    0.000338    2.227470 v _0690_/A2 (sky130_fd_sc_hd__a21bo_1)
     4    0.016293    0.089839    0.249610    2.477080 v _0690_/X (sky130_fd_sc_hd__a21bo_1)
                                                         _0099_ (net)
                      0.089841    0.000557    2.477637 v _0725_/A1 (sky130_fd_sc_hd__a21oi_1)
     2    0.009899    0.236379    0.235313    2.712950 ^ _0725_/Y (sky130_fd_sc_hd__a21oi_1)
                                                         _0130_ (net)
                      0.236381    0.000436    2.713386 ^ _0758_/A1 (sky130_fd_sc_hd__o31a_1)
     3    0.008807    0.103781    0.215982    2.929368 ^ _0758_/X (sky130_fd_sc_hd__o31a_1)
                                                         _0159_ (net)
                      0.103781    0.000159    2.929527 ^ _0819_/A2 (sky130_fd_sc_hd__a21oi_1)
     2    0.008170    0.077812    0.105318    3.034845 v _0819_/Y (sky130_fd_sc_hd__a21oi_1)
                                                         _0212_ (net)
                      0.077812    0.000321    3.035166 v _0825_/A2 (sky130_fd_sc_hd__o31a_1)
     3    0.010259    0.079398    0.323112    3.358278 v _0825_/X (sky130_fd_sc_hd__o31a_1)
                                                         _0218_ (net)
                      0.079398    0.000363    3.358641 v _0850_/A1 (sky130_fd_sc_hd__a41o_1)
     3    0.010747    0.072723    0.224148    3.582790 v _0850_/X (sky130_fd_sc_hd__a41o_1)
                                                         _0239_ (net)
                      0.072724    0.000383    3.583173 v _0866_/A1 (sky130_fd_sc_hd__a31o_1)
     2    0.009638    0.066125    0.213531    3.796704 v _0866_/X (sky130_fd_sc_hd__a31o_1)
                                                         _0253_ (net)
                      0.066126    0.000327    3.797031 v _0870_/A2 (sky130_fd_sc_hd__a21boi_1)
     2    0.006663    0.173942    0.196908    3.993939 ^ _0870_/Y (sky130_fd_sc_hd__a21boi_1)
                                                         _0256_ (net)
                      0.173942    0.000219    3.994158 ^ _0873_/B1 (sky130_fd_sc_hd__a21oi_1)
     1    0.003217    0.054461    0.062659    4.056816 v _0873_/Y (sky130_fd_sc_hd__a21oi_1)
                                                         _0259_ (net)
                      0.054461    0.000098    4.056914 v _0875_/B1 (sky130_fd_sc_hd__o221a_1)
     1    0.001998    0.040559    0.214972    4.271886 v _0875_/X (sky130_fd_sc_hd__o221a_1)
                                                         _0031_ (net)
                      0.040559    0.000039    4.271925 v _1301_/D (sky130_fd_sc_hd__dfxtp_1)
                                              4.271925   data arrival time

                                 10.000000   10.000000   clock aclk (rise edge)
                                  0.000000   10.000000   clock source latency
     1    0.020182    0.096542    0.066589   10.066588 ^ aclk (in)
                                                         aclk (net)
                      0.096556    0.000000   10.066588 ^ clkbuf_0_aclk/A (sky130_fd_sc_hd__clkbuf_16)
     4    0.045437    0.064633    0.164367   10.230956 ^ clkbuf_0_aclk/X (sky130_fd_sc_hd__clkbuf_16)
                                                         clknet_0_aclk (net)
                      0.064669    0.001359   10.232315 ^ clkbuf_2_3__f_aclk/A (sky130_fd_sc_hd__clkbuf_16)
    14    0.047617    0.066605    0.154405   10.386721 ^ clkbuf_2_3__f_aclk/X (sky130_fd_sc_hd__clkbuf_16)
                                                         clknet_2_3__leaf_aclk (net)
                      0.066642    0.001402   10.388122 ^ _1301_/CLK (sky130_fd_sc_hd__dfxtp_1)
                                 -0.250000   10.138122   clock uncertainty
                                  0.000000   10.138122   clock reconvergence pessimism
                                 -0.103527   10.034595   library setup time
                                             10.034595   data required time
---------------------------------------------------------------------------------------------
                                             10.034595   data required time
                                             -4.271925   data arrival time
---------------------------------------------------------------------------------------------
                                              5.762669   slack (MET)


Startpoint: _1271_ (rising edge-triggered flip-flop clocked by aclk)
Endpoint: _1300_ (rising edge-triggered flip-flop clocked by aclk)
Path Group: aclk
Path Type: max

Fanout         Cap        Slew       Delay        Time   Description
---------------------------------------------------------------------------------------------
                                  0.000000    0.000000   clock aclk (rise edge)
                                  0.000000    0.000000   clock source latency
     1    0.020182    0.096542    0.066588    0.066588 ^ aclk (in)
                                                         aclk (net)
                      0.096556    0.000000    0.066588 ^ clkbuf_0_aclk/A (sky130_fd_sc_hd__clkbuf_16)
     4    0.045437    0.064633    0.164368    0.230956 ^ clkbuf_0_aclk/X (sky130_fd_sc_hd__clkbuf_16)
                                                         clknet_0_aclk (net)
                      0.064665    0.001296    0.232252 ^ clkbuf_2_2__f_aclk/A (sky130_fd_sc_hd__clkbuf_16)
    14    0.044861    0.064201    0.152028    0.384280 ^ clkbuf_2_2__f_aclk/X (sky130_fd_sc_hd__clkbuf_16)
                                                         clknet_2_2__leaf_aclk (net)
                      0.064225    0.001264    0.385544 ^ _1271_/CLK (sky130_fd_sc_hd__dfxtp_1)
     4    0.016667    0.084641    0.350269    0.735813 v _1271_/Q (sky130_fd_sc_hd__dfxtp_1)
                                                         net32 (net)
                      0.084644    0.000595    0.736408 v _0643_/B (sky130_fd_sc_hd__xor2_1)
     2    0.009489    0.094828    0.179776    0.916184 v _0643_/X (sky130_fd_sc_hd__xor2_1)
                                                         _0059_ (net)
                      0.094828    0.000252    0.916436 v _0649_/A3 (sky130_fd_sc_hd__a31o_1)
     3    0.008768    0.062769    0.261037    1.177473 v _0649_/X (sky130_fd_sc_hd__a31o_1)
                                                         _0064_ (net)
                      0.062769    0.000313    1.177785 v _0656_/A2 (sky130_fd_sc_hd__a21bo_1)
     3    0.007565    0.055291    0.214394    1.392179 v _0656_/X (sky130_fd_sc_hd__a21bo_1)
                                                         _0070_ (net)
                      0.055291    0.000139    1.392319 v _0664_/A2 (sky130_fd_sc_hd__a21bo_1)
     3    0.013204    0.077145    0.234435    1.626753 v _0664_/X (sky130_fd_sc_hd__a21bo_1)
                                                         _0077_ (net)
                      0.077146    0.000434    1.627187 v _0678_/B2 (sky130_fd_sc_hd__a221o_1)
     2    0.006135    0.068786    0.346941    1.974128 v _0678_/X (sky130_fd_sc_hd__a221o_1)
                                                         _0089_ (net)
                      0.068786    0.000173    1.974301 v _0686_/A3 (sky130_fd_sc_hd__a31o_1)
     2    0.009389    0.065059    0.252830    2.227131 v _0686_/X (sky130_fd_sc_hd__a31o_1)
                                                         _0096_ (net)
                      0.065060    0.000338    2.227470 v _0690_/A2 (sky130_fd_sc_hd__a21bo_1)
     4    0.016293    0.089839    0.249610    2.477080 v _0690_/X (sky130_fd_sc_hd__a21bo_1)
                                                         _0099_ (net)
                      0.089841    0.000557    2.477637 v _0725_/A1 (sky130_fd_sc_hd__a21oi_1)
     2    0.009899    0.236379    0.235313    2.712950 ^ _0725_/Y (sky130_fd_sc_hd__a21oi_1)
                                                         _0130_ (net)
                      0.236381    0.000436    2.713386 ^ _0758_/A1 (sky130_fd_sc_hd__o31a_1)
     3    0.008807    0.103781    0.215982    2.929368 ^ _0758_/X (sky130_fd_sc_hd__o31a_1)
                                                         _0159_ (net)
                      0.103781    0.000159    2.929527 ^ _0819_/A2 (sky130_fd_sc_hd__a21oi_1)
     2    0.008170    0.077812    0.105318    3.034845 v _0819_/Y (sky130_fd_sc_hd__a21oi_1)
                                                         _0212_ (net)
                      0.077812    0.000321    3.035166 v _0825_/A2 (sky130_fd_sc_hd__o31a_1)
     3    0.010259    0.079398    0.323112    3.358278 v _0825_/X (sky130_fd_sc_hd__o31a_1)
                                                         _0218_ (net)
                      0.079398    0.000363    3.358641 v _0850_/A1 (sky130_fd_sc_hd__a41o_1)
     3    0.010747    0.072723    0.224148    3.582790 v _0850_/X (sky130_fd_sc_hd__a41o_1)
                                                         _0239_ (net)
                      0.072724    0.000383    3.583173 v _0866_/A1 (sky130_fd_sc_hd__a31o_1)
     2    0.009638    0.066125    0.213531    3.796704 v _0866_/X (sky130_fd_sc_hd__a31o_1)
                                                         _0253_ (net)
                      0.066126    0.000343    3.797047 v _0867_/B (sky130_fd_sc_hd__xnor2_1)
     1    0.003058    0.047087    0.127723    3.924770 v _0867_/Y (sky130_fd_sc_hd__xnor2_1)
                                                         _0254_ (net)
                      0.047087    0.000090    3.924860 v _0869_/A2 (sky130_fd_sc_hd__o211a_1)
     1    0.001999    0.034766    0.193428    4.118287 v _0869_/X (sky130_fd_sc_hd__o211a_1)
                                                         _0030_ (net)
                      0.034766    0.000040    4.118327 v _1300_/D (sky130_fd_sc_hd__dfxtp_1)
                                              4.118327   data arrival time

                                 10.000000   10.000000   clock aclk (rise edge)
                                  0.000000   10.000000   clock source latency
     1    0.020182    0.096542    0.066589   10.066588 ^ aclk (in)
                                                         aclk (net)
                      0.096556    0.000000   10.066588 ^ clkbuf_0_aclk/A (sky130_fd_sc_hd__clkbuf_16)
     4    0.045437    0.064633    0.164367   10.230956 ^ clkbuf_0_aclk/X (sky130_fd_sc_hd__clkbuf_16)
                                                         clknet_0_aclk (net)
                      0.064669    0.001359   10.232315 ^ clkbuf_2_3__f_aclk/A (sky130_fd_sc_hd__clkbuf_16)
    14    0.047617    0.066605    0.154405   10.386721 ^ clkbuf_2_3__f_aclk/X (sky130_fd_sc_hd__clkbuf_16)
                                                         clknet_2_3__leaf_aclk (net)
                      0.066640    0.001379   10.388100 ^ _1300_/CLK (sky130_fd_sc_hd__dfxtp_1)
                                 -0.250000   10.138100   clock uncertainty
                                  0.000000   10.138100   clock reconvergence pessimism
                                 -0.100987   10.037113   library setup time
                                             10.037113   data required time
---------------------------------------------------------------------------------------------
                                             10.037113   data required time
                                             -4.118327   data arrival time
---------------------------------------------------------------------------------------------
                                              5.918786   slack (MET)


Startpoint: _1271_ (rising edge-triggered flip-flop clocked by aclk)
Endpoint: _1298_ (rising edge-triggered flip-flop clocked by aclk)
Path Group: aclk
Path Type: max

Fanout         Cap        Slew       Delay        Time   Description
---------------------------------------------------------------------------------------------
                                  0.000000    0.000000   clock aclk (rise edge)
                                  0.000000    0.000000   clock source latency
     1    0.020182    0.096542    0.066588    0.066588 ^ aclk (in)
                                                         aclk (net)
                      0.096556    0.000000    0.066588 ^ clkbuf_0_aclk/A (sky130_fd_sc_hd__clkbuf_16)
     4    0.045437    0.064633    0.164368    0.230956 ^ clkbuf_0_aclk/X (sky130_fd_sc_hd__clkbuf_16)
                                                         clknet_0_aclk (net)
                      0.064665    0.001296    0.232252 ^ clkbuf_2_2__f_aclk/A (sky130_fd_sc_hd__clkbuf_16)
    14    0.044861    0.064201    0.152028    0.384280 ^ clkbuf_2_2__f_aclk/X (sky130_fd_sc_hd__clkbuf_16)
                                                         clknet_2_2__leaf_aclk (net)
                      0.064225    0.001264    0.385544 ^ _1271_/CLK (sky130_fd_sc_hd__dfxtp_1)
     4    0.016667    0.084641    0.350269    0.735813 v _1271_/Q (sky130_fd_sc_hd__dfxtp_1)
                                                         net32 (net)
                      0.084644    0.000595    0.736408 v _0643_/B (sky130_fd_sc_hd__xor2_1)
     2    0.009489    0.094828    0.179776    0.916184 v _0643_/X (sky130_fd_sc_hd__xor2_1)
                                                         _0059_ (net)
                      0.094828    0.000252    0.916436 v _0649_/A3 (sky130_fd_sc_hd__a31o_1)
     3    0.008768    0.062769    0.261037    1.177473 v _0649_/X (sky130_fd_sc_hd__a31o_1)
                                                         _0064_ (net)
                      0.062769    0.000313    1.177785 v _0656_/A2 (sky130_fd_sc_hd__a21bo_1)
     3    0.007565    0.055291    0.214394    1.392179 v _0656_/X (sky130_fd_sc_hd__a21bo_1)
                                                         _0070_ (net)
                      0.055291    0.000139    1.392319 v _0664_/A2 (sky130_fd_sc_hd__a21bo_1)
     3    0.013204    0.077145    0.234435    1.626753 v _0664_/X (sky130_fd_sc_hd__a21bo_1)
                                                         _0077_ (net)
                      0.077146    0.000434    1.627187 v _0678_/B2 (sky130_fd_sc_hd__a221o_1)
     2    0.006135    0.068786    0.346941    1.974128 v _0678_/X (sky130_fd_sc_hd__a221o_1)
                                                         _0089_ (net)
                      0.068786    0.000173    1.974301 v _0686_/A3 (sky130_fd_sc_hd__a31o_1)
     2    0.009389    0.065059    0.252830    2.227131 v _0686_/X (sky130_fd_sc_hd__a31o_1)
                                                         _0096_ (net)
                      0.065060    0.000338    2.227470 v _0690_/A2 (sky130_fd_sc_hd__a21bo_1)
     4    0.016293    0.089839    0.249610    2.477080 v _0690_/X (sky130_fd_sc_hd__a21bo_1)
                                                         _0099_ (net)
                      0.089841    0.000557    2.477637 v _0725_/A1 (sky130_fd_sc_hd__a21oi_1)
     2    0.009899    0.236379    0.235313    2.712950 ^ _0725_/Y (sky130_fd_sc_hd__a21oi_1)
                                                         _0130_ (net)
                      0.236381    0.000436    2.713386 ^ _0758_/A1 (sky130_fd_sc_hd__o31a_1)
     3    0.008807    0.103781    0.215982    2.929368 ^ _0758_/X (sky130_fd_sc_hd__o31a_1)
                                                         _0159_ (net)
                      0.103781    0.000159    2.929527 ^ _0819_/A2 (sky130_fd_sc_hd__a21oi_1)
     2    0.008170    0.077812    0.105318    3.034845 v _0819_/Y (sky130_fd_sc_hd__a21oi_1)
                                                         _0212_ (net)
                      0.077812    0.000321    3.035166 v _0825_/A2 (sky130_fd_sc_hd__o31a_1)
     3    0.010259    0.079398    0.323112    3.358278 v _0825_/X (sky130_fd_sc_hd__o31a_1)
                                                         _0218_ (net)
                      0.079398    0.000363    3.358641 v _0850_/A1 (sky130_fd_sc_hd__a41o_1)
     3    0.010747    0.072723    0.224148    3.582790 v _0850_/X (sky130_fd_sc_hd__a41o_1)
                                                         _0239_ (net)
                      0.072723    0.000295    3.583084 v _0855_/A (sky130_fd_sc_hd__or2_1)
     1    0.003819    0.053248    0.237439    3.820523 v _0855_/X (sky130_fd_sc_hd__or2_1)
                                                         _0244_ (net)
                      0.053248    0.000128    3.820651 v _0856_/A2 (sky130_fd_sc_hd__a21o_1)
     1    0.003525    0.036494    0.178478    3.999129 v _0856_/X (sky130_fd_sc_hd__a21o_1)
                                                         _0245_ (net)
                      0.036494    0.000111    3.999240 v _0857_/B1 (sky130_fd_sc_hd__o211a_1)
     1    0.002345    0.036253    0.112585    4.111825 v _0857_/X (sky130_fd_sc_hd__o211a_1)
                                                         _0028_ (net)
                      0.036253    0.000067    4.111892 v _1298_/D (sky130_fd_sc_hd__dfxtp_1)
                                              4.111892   data arrival time

                                 10.000000   10.000000   clock aclk (rise edge)
                                  0.000000   10.000000   clock source latency
     1    0.020182    0.096542    0.066589   10.066588 ^ aclk (in)
                                                         aclk (net)
                      0.096556    0.000000   10.066588 ^ clkbuf_0_aclk/A (sky130_fd_sc_hd__clkbuf_16)
     4    0.045437    0.064633    0.164367   10.230956 ^ clkbuf_0_aclk/X (sky130_fd_sc_hd__clkbuf_16)
                                                         clknet_0_aclk (net)
                      0.064669    0.001359   10.232315 ^ clkbuf_2_3__f_aclk/A (sky130_fd_sc_hd__clkbuf_16)
    14    0.047617    0.066605    0.154405   10.386721 ^ clkbuf_2_3__f_aclk/X (sky130_fd_sc_hd__clkbuf_16)
                                                         clknet_2_3__leaf_aclk (net)
                      0.066617    0.000902   10.387622 ^ _1298_/CLK (sky130_fd_sc_hd__dfxtp_1)
                                 -0.250000   10.137622   clock uncertainty
                                  0.000000   10.137622   clock reconvergence pessimism
                                 -0.101645   10.035976   library setup time
                                             10.035976   data required time
---------------------------------------------------------------------------------------------
                                             10.035976   data required time
                                             -4.111892   data arrival time
---------------------------------------------------------------------------------------------
                                              5.924085   slack (MET)


Startpoint: _1271_ (rising edge-triggered flip-flop clocked by aclk)
Endpoint: _1297_ (rising edge-triggered flip-flop clocked by aclk)
Path Group: aclk
Path Type: max

Fanout         Cap        Slew       Delay        Time   Description
---------------------------------------------------------------------------------------------
                                  0.000000    0.000000   clock aclk (rise edge)
                                  0.000000    0.000000   clock source latency
     1    0.020182    0.096542    0.066588    0.066588 ^ aclk (in)
                                                         aclk (net)
                      0.096556    0.000000    0.066588 ^ clkbuf_0_aclk/A (sky130_fd_sc_hd__clkbuf_16)
     4    0.045437    0.064633    0.164368    0.230956 ^ clkbuf_0_aclk/X (sky130_fd_sc_hd__clkbuf_16)
                                                         clknet_0_aclk (net)
                      0.064665    0.001296    0.232252 ^ clkbuf_2_2__f_aclk/A (sky130_fd_sc_hd__clkbuf_16)
    14    0.044861    0.064201    0.152028    0.384280 ^ clkbuf_2_2__f_aclk/X (sky130_fd_sc_hd__clkbuf_16)
                                                         clknet_2_2__leaf_aclk (net)
                      0.064225    0.001264    0.385544 ^ _1271_/CLK (sky130_fd_sc_hd__dfxtp_1)
     4    0.016667    0.084641    0.350269    0.735813 v _1271_/Q (sky130_fd_sc_hd__dfxtp_1)
                                                         net32 (net)
                      0.084644    0.000595    0.736408 v _0643_/B (sky130_fd_sc_hd__xor2_1)
     2    0.009489    0.094828    0.179776    0.916184 v _0643_/X (sky130_fd_sc_hd__xor2_1)
                                                         _0059_ (net)
                      0.094828    0.000252    0.916436 v _0649_/A3 (sky130_fd_sc_hd__a31o_1)
     3    0.008768    0.062769    0.261037    1.177473 v _0649_/X (sky130_fd_sc_hd__a31o_1)
                                                         _0064_ (net)
                      0.062769    0.000313    1.177785 v _0656_/A2 (sky130_fd_sc_hd__a21bo_1)
     3    0.007565    0.055291    0.214394    1.392179 v _0656_/X (sky130_fd_sc_hd__a21bo_1)
                                                         _0070_ (net)
                      0.055291    0.000139    1.392319 v _0664_/A2 (sky130_fd_sc_hd__a21bo_1)
     3    0.013204    0.077145    0.234435    1.626753 v _0664_/X (sky130_fd_sc_hd__a21bo_1)
                                                         _0077_ (net)
                      0.077146    0.000434    1.627187 v _0678_/B2 (sky130_fd_sc_hd__a221o_1)
     2    0.006135    0.068786    0.346941    1.974128 v _0678_/X (sky130_fd_sc_hd__a221o_1)
                                                         _0089_ (net)
                      0.068786    0.000173    1.974301 v _0686_/A3 (sky130_fd_sc_hd__a31o_1)
     2    0.009389    0.065059    0.252830    2.227131 v _0686_/X (sky130_fd_sc_hd__a31o_1)
                                                         _0096_ (net)
                      0.065060    0.000338    2.227470 v _0690_/A2 (sky130_fd_sc_hd__a21bo_1)
     4    0.016293    0.089839    0.249610    2.477080 v _0690_/X (sky130_fd_sc_hd__a21bo_1)
                                                         _0099_ (net)
                      0.089841    0.000557    2.477637 v _0725_/A1 (sky130_fd_sc_hd__a21oi_1)
     2    0.009899    0.236379    0.235313    2.712950 ^ _0725_/Y (sky130_fd_sc_hd__a21oi_1)
                                                         _0130_ (net)
                      0.236381    0.000436    2.713386 ^ _0758_/A1 (sky130_fd_sc_hd__o31a_1)
     3    0.008807    0.103781    0.215982    2.929368 ^ _0758_/X (sky130_fd_sc_hd__o31a_1)
                                                         _0159_ (net)
                      0.103781    0.000159    2.929527 ^ _0819_/A2 (sky130_fd_sc_hd__a21oi_1)
     2    0.008170    0.077812    0.105318    3.034845 v _0819_/Y (sky130_fd_sc_hd__a21oi_1)
                                                         _0212_ (net)
                      0.077812    0.000321    3.035166 v _0825_/A2 (sky130_fd_sc_hd__o31a_1)
     3    0.010259    0.079398    0.323112    3.358278 v _0825_/X (sky130_fd_sc_hd__o31a_1)
                                                         _0218_ (net)
                      0.079398    0.000334    3.358612 v _0839_/A1 (sky130_fd_sc_hd__a21o_1)
     2    0.007699    0.054335    0.186982    3.545594 v _0839_/X (sky130_fd_sc_hd__a21o_1)
                                                         _0230_ (net)
                      0.054335    0.000191    3.545785 v _0844_/A2 (sky130_fd_sc_hd__a21boi_1)
     2    0.005569    0.154133    0.177257    3.723043 ^ _0844_/Y (sky130_fd_sc_hd__a21boi_1)
                                                         _0234_ (net)
                      0.154133    0.000092    3.723135 ^ _0846_/B (sky130_fd_sc_hd__nor2_1)
     1    0.002726    0.054886    0.056850    3.779985 v _0846_/Y (sky130_fd_sc_hd__nor2_1)
                                                         _0236_ (net)
                      0.054886    0.000079    3.780063 v _0848_/A3 (sky130_fd_sc_hd__o311a_1)
     1    0.001921    0.046737    0.275878    4.055942 v _0848_/X (sky130_fd_sc_hd__o311a_1)
                                                         _0027_ (net)
                      0.046737    0.000037    4.055978 v _1297_/D (sky130_fd_sc_hd__dfxtp_1)
                                              4.055978   data arrival time

                                 10.000000   10.000000   clock aclk (rise edge)
                                  0.000000   10.000000   clock source latency
     1    0.020182    0.096542    0.066589   10.066588 ^ aclk (in)
                                                         aclk (net)
                      0.096556    0.000000   10.066588 ^ clkbuf_0_aclk/A (sky130_fd_sc_hd__clkbuf_16)
     4    0.045437    0.064633    0.164367   10.230956 ^ clkbuf_0_aclk/X (sky130_fd_sc_hd__clkbuf_16)
                                                         clknet_0_aclk (net)
                      0.064669    0.001359   10.232315 ^ clkbuf_2_3__f_aclk/A (sky130_fd_sc_hd__clkbuf_16)
    14    0.047617    0.066605    0.154405   10.386721 ^ clkbuf_2_3__f_aclk/X (sky130_fd_sc_hd__clkbuf_16)
                                                         clknet_2_3__leaf_aclk (net)
                      0.066620    0.000990   10.387711 ^ _1297_/CLK (sky130_fd_sc_hd__dfxtp_1)
                                 -0.250000   10.137711   clock uncertainty
                                  0.000000   10.137711   clock reconvergence pessimism
                                 -0.106241   10.031469   library setup time
                                             10.031469   data required time
---------------------------------------------------------------------------------------------
                                             10.031469   data required time
                                             -4.055978   data arrival time
---------------------------------------------------------------------------------------------
                                              5.975491   slack (MET)


Startpoint: _1271_ (rising edge-triggered flip-flop clocked by aclk)
Endpoint: _1293_ (rising edge-triggered flip-flop clocked by aclk)
Path Group: aclk
Path Type: max

Fanout         Cap        Slew       Delay        Time   Description
---------------------------------------------------------------------------------------------
                                  0.000000    0.000000   clock aclk (rise edge)
                                  0.000000    0.000000   clock source latency
     1    0.020182    0.096542    0.066588    0.066588 ^ aclk (in)
                                                         aclk (net)
                      0.096556    0.000000    0.066588 ^ clkbuf_0_aclk/A (sky130_fd_sc_hd__clkbuf_16)
     4    0.045437    0.064633    0.164368    0.230956 ^ clkbuf_0_aclk/X (sky130_fd_sc_hd__clkbuf_16)
                                                         clknet_0_aclk (net)
                      0.064665    0.001296    0.232252 ^ clkbuf_2_2__f_aclk/A (sky130_fd_sc_hd__clkbuf_16)
    14    0.044861    0.064201    0.152028    0.384280 ^ clkbuf_2_2__f_aclk/X (sky130_fd_sc_hd__clkbuf_16)
                                                         clknet_2_2__leaf_aclk (net)
                      0.064225    0.001264    0.385544 ^ _1271_/CLK (sky130_fd_sc_hd__dfxtp_1)
     4    0.016667    0.084641    0.350269    0.735813 v _1271_/Q (sky130_fd_sc_hd__dfxtp_1)
                                                         net32 (net)
                      0.084644    0.000595    0.736408 v _0643_/B (sky130_fd_sc_hd__xor2_1)
     2    0.009489    0.094828    0.179776    0.916184 v _0643_/X (sky130_fd_sc_hd__xor2_1)
                                                         _0059_ (net)
                      0.094828    0.000252    0.916436 v _0649_/A3 (sky130_fd_sc_hd__a31o_1)
     3    0.008768    0.062769    0.261037    1.177473 v _0649_/X (sky130_fd_sc_hd__a31o_1)
                                                         _0064_ (net)
                      0.062769    0.000313    1.177785 v _0656_/A2 (sky130_fd_sc_hd__a21bo_1)
     3    0.007565    0.055291    0.214394    1.392179 v _0656_/X (sky130_fd_sc_hd__a21bo_1)
                                                         _0070_ (net)
                      0.055291    0.000139    1.392319 v _0664_/A2 (sky130_fd_sc_hd__a21bo_1)
     3    0.013204    0.077145    0.234435    1.626753 v _0664_/X (sky130_fd_sc_hd__a21bo_1)
                                                         _0077_ (net)
                      0.077146    0.000434    1.627187 v _0678_/B2 (sky130_fd_sc_hd__a221o_1)
     2    0.006135    0.068786    0.346941    1.974128 v _0678_/X (sky130_fd_sc_hd__a221o_1)
                                                         _0089_ (net)
                      0.068786    0.000173    1.974301 v _0686_/A3 (sky130_fd_sc_hd__a31o_1)
     2    0.009389    0.065059    0.252830    2.227131 v _0686_/X (sky130_fd_sc_hd__a31o_1)
                                                         _0096_ (net)
                      0.065060    0.000338    2.227470 v _0690_/A2 (sky130_fd_sc_hd__a21bo_1)
     4    0.016293    0.089839    0.249610    2.477080 v _0690_/X (sky130_fd_sc_hd__a21bo_1)
                                                         _0099_ (net)
                      0.089841    0.000557    2.477637 v _0725_/A1 (sky130_fd_sc_hd__a21oi_1)
     2    0.009899    0.236379    0.235313    2.712950 ^ _0725_/Y (sky130_fd_sc_hd__a21oi_1)
                                                         _0130_ (net)
                      0.236381    0.000436    2.713386 ^ _0758_/A1 (sky130_fd_sc_hd__o31a_1)
     3    0.008807    0.103781    0.215982    2.929368 ^ _0758_/X (sky130_fd_sc_hd__o31a_1)
                                                         _0159_ (net)
                      0.103781    0.000150    2.929517 ^ _0776_/A2 (sky130_fd_sc_hd__a21o_1)
     3    0.008917    0.086039    0.158454    3.087971 ^ _0776_/X (sky130_fd_sc_hd__a21o_1)
                                                         _0175_ (net)
                      0.086039    0.000138    3.088109 ^ _0793_/A (sky130_fd_sc_hd__or2_1)
     3    0.008649    0.090331    0.141726    3.229835 ^ _0793_/X (sky130_fd_sc_hd__or2_1)
                                                         _0190_ (net)
                      0.090331    0.000237    3.230072 ^ _0794_/A2 (sky130_fd_sc_hd__a21oi_1)
     2    0.005985    0.061493    0.089702    3.319774 v _0794_/Y (sky130_fd_sc_hd__a21oi_1)
                                                         _0191_ (net)
                      0.061493    0.000125    3.319900 v _0808_/A1 (sky130_fd_sc_hd__a21o_1)
     2    0.010501    0.064502    0.191282    3.511181 v _0808_/X (sky130_fd_sc_hd__a21o_1)
                                                         _0203_ (net)
                      0.064502    0.000330    3.511511 v _0813_/A2 (sky130_fd_sc_hd__a21bo_1)
     1    0.005707    0.046917    0.206162    3.717673 v _0813_/X (sky130_fd_sc_hd__a21bo_1)
                                                         _0207_ (net)
                      0.046917    0.000194    3.717867 v _0814_/B (sky130_fd_sc_hd__xor2_1)
     1    0.003167    0.058673    0.138141    3.856008 v _0814_/X (sky130_fd_sc_hd__xor2_1)
                                                         _0208_ (net)
                      0.058673    0.000096    3.856104 v _0816_/A2 (sky130_fd_sc_hd__o211a_1)
     1    0.002029    0.034816    0.198019    4.054123 v _0816_/X (sky130_fd_sc_hd__o211a_1)
                                                         _0023_ (net)
                      0.034908    0.000057    4.054180 v _1293_/D (sky130_fd_sc_hd__dfxtp_1)
                                              4.054180   data arrival time

                                 10.000000   10.000000   clock aclk (rise edge)
                                  0.000000   10.000000   clock source latency
     1    0.020182    0.096542    0.066589   10.066588 ^ aclk (in)
                                                         aclk (net)
                      0.096556    0.000000   10.066588 ^ clkbuf_0_aclk/A (sky130_fd_sc_hd__clkbuf_16)
     4    0.045437    0.064633    0.164367   10.230956 ^ clkbuf_0_aclk/X (sky130_fd_sc_hd__clkbuf_16)
                                                         clknet_0_aclk (net)
                      0.064687    0.001616   10.232573 ^ clkbuf_2_1__f_aclk/A (sky130_fd_sc_hd__clkbuf_16)
    12    0.042878    0.062325    0.151021   10.383594 ^ clkbuf_2_1__f_aclk/X (sky130_fd_sc_hd__clkbuf_16)
                                                         clknet_2_1__leaf_aclk (net)
                      0.062361    0.001306   10.384899 ^ _1293_/CLK (sky130_fd_sc_hd__dfxtp_1)
                                 -0.250000   10.134899   clock uncertainty
                                  0.000000   10.134899   clock reconvergence pessimism
                                 -0.102048   10.032851   library setup time
                                             10.032851   data required time
---------------------------------------------------------------------------------------------
                                             10.032851   data required time
                                             -4.054180   data arrival time
---------------------------------------------------------------------------------------------
                                              5.978671   slack (MET)


Startpoint: _1271_ (rising edge-triggered flip-flop clocked by aclk)
Endpoint: _1299_ (rising edge-triggered flip-flop clocked by aclk)
Path Group: aclk
Path Type: max

Fanout         Cap        Slew       Delay        Time   Description
---------------------------------------------------------------------------------------------
                                  0.000000    0.000000   clock aclk (rise edge)
                                  0.000000    0.000000   clock source latency
     1    0.020182    0.096542    0.066588    0.066588 ^ aclk (in)
                                                         aclk (net)
                      0.096556    0.000000    0.066588 ^ clkbuf_0_aclk/A (sky130_fd_sc_hd__clkbuf_16)
     4    0.045437    0.064633    0.164368    0.230956 ^ clkbuf_0_aclk/X (sky130_fd_sc_hd__clkbuf_16)
                                                         clknet_0_aclk (net)
                      0.064665    0.001296    0.232252 ^ clkbuf_2_2__f_aclk/A (sky130_fd_sc_hd__clkbuf_16)
    14    0.044861    0.064201    0.152028    0.384280 ^ clkbuf_2_2__f_aclk/X (sky130_fd_sc_hd__clkbuf_16)
                                                         clknet_2_2__leaf_aclk (net)
                      0.064225    0.001264    0.385544 ^ _1271_/CLK (sky130_fd_sc_hd__dfxtp_1)
     4    0.016667    0.084641    0.350269    0.735813 v _1271_/Q (sky130_fd_sc_hd__dfxtp_1)
                                                         net32 (net)
                      0.084644    0.000595    0.736408 v _0643_/B (sky130_fd_sc_hd__xor2_1)
     2    0.009489    0.094828    0.179776    0.916184 v _0643_/X (sky130_fd_sc_hd__xor2_1)
                                                         _0059_ (net)
                      0.094828    0.000252    0.916436 v _0649_/A3 (sky130_fd_sc_hd__a31o_1)
     3    0.008768    0.062769    0.261037    1.177473 v _0649_/X (sky130_fd_sc_hd__a31o_1)
                                                         _0064_ (net)
                      0.062769    0.000313    1.177785 v _0656_/A2 (sky130_fd_sc_hd__a21bo_1)
     3    0.007565    0.055291    0.214394    1.392179 v _0656_/X (sky130_fd_sc_hd__a21bo_1)
                                                         _0070_ (net)
                      0.055291    0.000139    1.392319 v _0664_/A2 (sky130_fd_sc_hd__a21bo_1)
     3    0.013204    0.077145    0.234435    1.626753 v _0664_/X (sky130_fd_sc_hd__a21bo_1)
                                                         _0077_ (net)
                      0.077146    0.000434    1.627187 v _0678_/B2 (sky130_fd_sc_hd__a221o_1)
     2    0.006135    0.068786    0.346941    1.974128 v _0678_/X (sky130_fd_sc_hd__a221o_1)
                                                         _0089_ (net)
                      0.068786    0.000173    1.974301 v _0686_/A3 (sky130_fd_sc_hd__a31o_1)
     2    0.009389    0.065059    0.252830    2.227131 v _0686_/X (sky130_fd_sc_hd__a31o_1)
                                                         _0096_ (net)
                      0.065060    0.000338    2.227470 v _0690_/A2 (sky130_fd_sc_hd__a21bo_1)
     4    0.016293    0.089839    0.249610    2.477080 v _0690_/X (sky130_fd_sc_hd__a21bo_1)
                                                         _0099_ (net)
                      0.089841    0.000557    2.477637 v _0725_/A1 (sky130_fd_sc_hd__a21oi_1)
     2    0.009899    0.236379    0.235313    2.712950 ^ _0725_/Y (sky130_fd_sc_hd__a21oi_1)
                                                         _0130_ (net)
                      0.236381    0.000436    2.713386 ^ _0758_/A1 (sky130_fd_sc_hd__o31a_1)
     3    0.008807    0.103781    0.215982    2.929368 ^ _0758_/X (sky130_fd_sc_hd__o31a_1)
                                                         _0159_ (net)
                      0.103781    0.000159    2.929527 ^ _0819_/A2 (sky130_fd_sc_hd__a21oi_1)
     2    0.008170    0.077812    0.105318    3.034845 v _0819_/Y (sky130_fd_sc_hd__a21oi_1)
                                                         _0212_ (net)
                      0.077812    0.000321    3.035166 v _0825_/A2 (sky130_fd_sc_hd__o31a_1)
     3    0.010259    0.079398    0.323112    3.358278 v _0825_/X (sky130_fd_sc_hd__o31a_1)
                                                         _0218_ (net)
                      0.079398    0.000363    3.358641 v _0850_/A1 (sky130_fd_sc_hd__a41o_1)
     3    0.010747    0.072723    0.224148    3.582790 v _0850_/X (sky130_fd_sc_hd__a41o_1)
                                                         _0239_ (net)
                      0.072723    0.000330    3.583120 v _0854_/A (sky130_fd_sc_hd__nand2_1)
     3    0.010755    0.110282    0.115676    3.698796 ^ _0854_/Y (sky130_fd_sc_hd__nand2_1)
                                                         _0243_ (net)
                      0.110283    0.000246    3.699042 ^ _0859_/A2 (sky130_fd_sc_hd__a21oi_1)
     1    0.003717    0.066168    0.082831    3.781873 v _0859_/Y (sky130_fd_sc_hd__a21oi_1)
                                                         _0247_ (net)
                      0.066168    0.000122    3.781995 v _0861_/B1 (sky130_fd_sc_hd__o221a_1)
     1    0.002042    0.040764    0.219804    4.001799 v _0861_/X (sky130_fd_sc_hd__o221a_1)
                                                         _0029_ (net)
                      0.040764    0.000059    4.001858 v _1299_/D (sky130_fd_sc_hd__dfxtp_1)
                                              4.001858   data arrival time

                                 10.000000   10.000000   clock aclk (rise edge)
                                  0.000000   10.000000   clock source latency
     1    0.020182    0.096542    0.066589   10.066588 ^ aclk (in)
                                                         aclk (net)
                      0.096556    0.000000   10.066588 ^ clkbuf_0_aclk/A (sky130_fd_sc_hd__clkbuf_16)
     4    0.045437    0.064633    0.164367   10.230956 ^ clkbuf_0_aclk/X (sky130_fd_sc_hd__clkbuf_16)
                                                         clknet_0_aclk (net)
                      0.064669    0.001359   10.232315 ^ clkbuf_2_3__f_aclk/A (sky130_fd_sc_hd__clkbuf_16)
    14    0.047617    0.066605    0.154405   10.386721 ^ clkbuf_2_3__f_aclk/X (sky130_fd_sc_hd__clkbuf_16)
                                                         clknet_2_3__leaf_aclk (net)
                      0.066619    0.000955   10.387675 ^ _1299_/CLK (sky130_fd_sc_hd__dfxtp_1)
                                 -0.250000   10.137675   clock uncertainty
                                  0.000000   10.137675   clock reconvergence pessimism
                                 -0.103622   10.034053   library setup time
                                             10.034053   data required time
---------------------------------------------------------------------------------------------
                                             10.034053   data required time
                                             -4.001858   data arrival time
---------------------------------------------------------------------------------------------
                                              6.032196   slack (MET)


Startpoint: s_axis_tdata[9] (input port clocked by aclk)
Endpoint: _1305_ (rising edge-triggered flip-flop clocked by aclk)
Path Group: aclk
Path Type: max

Fanout         Cap        Slew       Delay        Time   Description
---------------------------------------------------------------------------------------------
                                  0.000000    0.000000   clock aclk (rise edge)
                                  0.000000    0.000000   clock network delay (propagated)
                                  2.000000    2.000000 ^ input external delay
     1    0.002765    0.019584    0.010198    2.010198 ^ s_axis_tdata[9] (in)
                                                         s_axis_tdata[9] (net)
                      0.019584    0.000000    2.010198 ^ input18/A (sky130_fd_sc_hd__buf_1)
     5    0.020898    0.248582    0.213968    2.224165 ^ input18/X (sky130_fd_sc_hd__buf_1)
                                                         net18 (net)
                      0.248586    0.000889    2.225054 ^ fanout88/A (sky130_fd_sc_hd__buf_2)
    10    0.033139    0.165613    0.256815    2.481869 ^ fanout88/X (sky130_fd_sc_hd__buf_2)
                                                         net88 (net)
                      0.165622    0.001370    2.483239 ^ _0879_/C (sky130_fd_sc_hd__and3_1)
     4    0.012499    0.134797    0.242700    2.725939 ^ _0879_/X (sky130_fd_sc_hd__and3_1)
                                                         _0263_ (net)
                      0.134797    0.000275    2.726215 ^ _0884_/B (sky130_fd_sc_hd__and2_1)
     2    0.005513    0.070425    0.158407    2.884622 ^ _0884_/X (sky130_fd_sc_hd__and2_1)
                                                         _0267_ (net)
                      0.070425    0.000146    2.884768 ^ _0898_/B1_N (sky130_fd_sc_hd__o21ba_1)
     2    0.006586    0.052344    0.161960    3.046727 v _0898_/X (sky130_fd_sc_hd__o21ba_1)
                                                         _0280_ (net)
                      0.052344    0.000108    3.046835 v _0900_/B (sky130_fd_sc_hd__xnor2_1)
     2    0.006206    0.181000    0.180705    3.227540 ^ _0900_/Y (sky130_fd_sc_hd__xnor2_1)
                                                         _0282_ (net)
                      0.181000    0.000143    3.227684 ^ _0901_/C (sky130_fd_sc_hd__and3_1)
     3    0.008138    0.096298    0.216074    3.443758 ^ _0901_/X (sky130_fd_sc_hd__and3_1)
                                                         _0283_ (net)
                      0.096298    0.000188    3.443946 ^ _0903_/A (sky130_fd_sc_hd__nor2_1)
     2    0.005053    0.041253    0.064684    3.508630 v _0903_/Y (sky130_fd_sc_hd__nor2_1)
                                                         _0285_ (net)
                      0.041253    0.000122    3.508753 v _0904_/B (sky130_fd_sc_hd__and2_1)
     4    0.008932    0.060053    0.177002    3.685754 v _0904_/X (sky130_fd_sc_hd__and2_1)
                                                         _0286_ (net)
                      0.060053    0.000134    3.685888 v _0906_/A1 (sky130_fd_sc_hd__o21ai_1)
     1    0.005425    0.141732    0.164142    3.850030 ^ _0906_/Y (sky130_fd_sc_hd__o21ai_1)
                                                         _0288_ (net)
                      0.141732    0.000196    3.850226 ^ _0907_/B1 (sky130_fd_sc_hd__o211a_1)
     1    0.002400    0.040420    0.158834    4.009060 ^ _0907_/X (sky130_fd_sc_hd__o211a_1)
                                                         _0035_ (net)
                      0.040420    0.000069    4.009129 ^ _1305_/D (sky130_fd_sc_hd__dfxtp_1)
                                              4.009129   data arrival time

                                 10.000000   10.000000   clock aclk (rise edge)
                                  0.000000   10.000000   clock source latency
     1    0.020182    0.096542    0.066589   10.066588 ^ aclk (in)
                                                         aclk (net)
                      0.096556    0.000000   10.066588 ^ clkbuf_0_aclk/A (sky130_fd_sc_hd__clkbuf_16)
     4    0.045437    0.064633    0.164367   10.230956 ^ clkbuf_0_aclk/X (sky130_fd_sc_hd__clkbuf_16)
                                                         clknet_0_aclk (net)
                      0.064665    0.001297   10.232253 ^ clkbuf_2_2__f_aclk/A (sky130_fd_sc_hd__clkbuf_16)
    14    0.044861    0.064201    0.152028   10.384280 ^ clkbuf_2_2__f_aclk/X (sky130_fd_sc_hd__clkbuf_16)
                                                         clknet_2_2__leaf_aclk (net)
                      0.064384    0.002275   10.386555 ^ _1305_/CLK (sky130_fd_sc_hd__dfxtp_1)
                                 -0.250000   10.136555   clock uncertainty
                                  0.000000   10.136555   clock reconvergence pessimism
                                 -0.050175   10.086380   library setup time
                                             10.086380   data required time
---------------------------------------------------------------------------------------------
                                             10.086380   data required time
                                             -4.009129   data arrival time
---------------------------------------------------------------------------------------------
                                              6.077251   slack (MET)


Startpoint: _1271_ (rising edge-triggered flip-flop clocked by aclk)
Endpoint: _1296_ (rising edge-triggered flip-flop clocked by aclk)
Path Group: aclk
Path Type: max

Fanout         Cap        Slew       Delay        Time   Description
---------------------------------------------------------------------------------------------
                                  0.000000    0.000000   clock aclk (rise edge)
                                  0.000000    0.000000   clock source latency
     1    0.020182    0.096542    0.066588    0.066588 ^ aclk (in)
                                                         aclk (net)
                      0.096556    0.000000    0.066588 ^ clkbuf_0_aclk/A (sky130_fd_sc_hd__clkbuf_16)
     4    0.045437    0.064633    0.164368    0.230956 ^ clkbuf_0_aclk/X (sky130_fd_sc_hd__clkbuf_16)
                                                         clknet_0_aclk (net)
                      0.064665    0.001296    0.232252 ^ clkbuf_2_2__f_aclk/A (sky130_fd_sc_hd__clkbuf_16)
    14    0.044861    0.064201    0.152028    0.384280 ^ clkbuf_2_2__f_aclk/X (sky130_fd_sc_hd__clkbuf_16)
                                                         clknet_2_2__leaf_aclk (net)
                      0.064225    0.001264    0.385544 ^ _1271_/CLK (sky130_fd_sc_hd__dfxtp_1)
     4    0.016667    0.084641    0.350269    0.735813 v _1271_/Q (sky130_fd_sc_hd__dfxtp_1)
                                                         net32 (net)
                      0.084644    0.000595    0.736408 v _0643_/B (sky130_fd_sc_hd__xor2_1)
     2    0.009489    0.094828    0.179776    0.916184 v _0643_/X (sky130_fd_sc_hd__xor2_1)
                                                         _0059_ (net)
                      0.094828    0.000252    0.916436 v _0649_/A3 (sky130_fd_sc_hd__a31o_1)
     3    0.008768    0.062769    0.261037    1.177473 v _0649_/X (sky130_fd_sc_hd__a31o_1)
                                                         _0064_ (net)
                      0.062769    0.000313    1.177785 v _0656_/A2 (sky130_fd_sc_hd__a21bo_1)
     3    0.007565    0.055291    0.214394    1.392179 v _0656_/X (sky130_fd_sc_hd__a21bo_1)
                                                         _0070_ (net)
                      0.055291    0.000139    1.392319 v _0664_/A2 (sky130_fd_sc_hd__a21bo_1)
     3    0.013204    0.077145    0.234435    1.626753 v _0664_/X (sky130_fd_sc_hd__a21bo_1)
                                                         _0077_ (net)
                      0.077146    0.000434    1.627187 v _0678_/B2 (sky130_fd_sc_hd__a221o_1)
     2    0.006135    0.068786    0.346941    1.974128 v _0678_/X (sky130_fd_sc_hd__a221o_1)
                                                         _0089_ (net)
                      0.068786    0.000173    1.974301 v _0686_/A3 (sky130_fd_sc_hd__a31o_1)
     2    0.009389    0.065059    0.252830    2.227131 v _0686_/X (sky130_fd_sc_hd__a31o_1)
                                                         _0096_ (net)
                      0.065060    0.000338    2.227470 v _0690_/A2 (sky130_fd_sc_hd__a21bo_1)
     4    0.016293    0.089839    0.249610    2.477080 v _0690_/X (sky130_fd_sc_hd__a21bo_1)
                                                         _0099_ (net)
                      0.089841    0.000557    2.477637 v _0725_/A1 (sky130_fd_sc_hd__a21oi_1)
     2    0.009899    0.236379    0.235313    2.712950 ^ _0725_/Y (sky130_fd_sc_hd__a21oi_1)
                                                         _0130_ (net)
                      0.236381    0.000436    2.713386 ^ _0758_/A1 (sky130_fd_sc_hd__o31a_1)
     3    0.008807    0.103781    0.215982    2.929368 ^ _0758_/X (sky130_fd_sc_hd__o31a_1)
                                                         _0159_ (net)
                      0.103781    0.000159    2.929527 ^ _0819_/A2 (sky130_fd_sc_hd__a21oi_1)
     2    0.008170    0.077812    0.105318    3.034845 v _0819_/Y (sky130_fd_sc_hd__a21oi_1)
                                                         _0212_ (net)
                      0.077812    0.000321    3.035166 v _0825_/A2 (sky130_fd_sc_hd__o31a_1)
     3    0.010259    0.079398    0.323112    3.358278 v _0825_/X (sky130_fd_sc_hd__o31a_1)
                                                         _0218_ (net)
                      0.079398    0.000334    3.358612 v _0839_/A1 (sky130_fd_sc_hd__a21o_1)
     2    0.007699    0.054335    0.186982    3.545594 v _0839_/X (sky130_fd_sc_hd__a21o_1)
                                                         _0230_ (net)
                      0.054335    0.000220    3.545815 v _0840_/B (sky130_fd_sc_hd__xnor2_1)
     1    0.002434    0.043683    0.118923    3.664737 v _0840_/Y (sky130_fd_sc_hd__xnor2_1)
                                                         _0231_ (net)
                      0.043683    0.000070    3.664807 v _0842_/A2 (sky130_fd_sc_hd__o211a_1)
     1    0.002069    0.035112    0.192712    3.857519 v _0842_/X (sky130_fd_sc_hd__o211a_1)
                                                         _0026_ (net)
                      0.035112    0.000041    3.857561 v _1296_/D (sky130_fd_sc_hd__dfxtp_1)
                                              3.857561   data arrival time

                                 10.000000   10.000000   clock aclk (rise edge)
                                  0.000000   10.000000   clock source latency
     1    0.020182    0.096542    0.066589   10.066588 ^ aclk (in)
                                                         aclk (net)
                      0.096556    0.000000   10.066588 ^ clkbuf_0_aclk/A (sky130_fd_sc_hd__clkbuf_16)
     4    0.045437    0.064633    0.164367   10.230956 ^ clkbuf_0_aclk/X (sky130_fd_sc_hd__clkbuf_16)
                                                         clknet_0_aclk (net)
                      0.064669    0.001359   10.232315 ^ clkbuf_2_3__f_aclk/A (sky130_fd_sc_hd__clkbuf_16)
    14    0.047617    0.066605    0.154405   10.386721 ^ clkbuf_2_3__f_aclk/X (sky130_fd_sc_hd__clkbuf_16)
                                                         clknet_2_3__leaf_aclk (net)
                      0.066627    0.001128   10.387848 ^ _1296_/CLK (sky130_fd_sc_hd__dfxtp_1)
                                 -0.250000   10.137848   clock uncertainty
                                  0.000000   10.137848   clock reconvergence pessimism
                                 -0.101142   10.036706   library setup time
                                             10.036706   data required time
---------------------------------------------------------------------------------------------
                                             10.036706   data required time
                                             -3.857561   data arrival time
---------------------------------------------------------------------------------------------
                                              6.179145   slack (MET)


Startpoint: _1271_ (rising edge-triggered flip-flop clocked by aclk)
Endpoint: _1292_ (rising edge-triggered flip-flop clocked by aclk)
Path Group: aclk
Path Type: max

Fanout         Cap        Slew       Delay        Time   Description
---------------------------------------------------------------------------------------------
                                  0.000000    0.000000   clock aclk (rise edge)
                                  0.000000    0.000000   clock source latency
     1    0.020182    0.096542    0.066588    0.066588 ^ aclk (in)
                                                         aclk (net)
                      0.096556    0.000000    0.066588 ^ clkbuf_0_aclk/A (sky130_fd_sc_hd__clkbuf_16)
     4    0.045437    0.064633    0.164368    0.230956 ^ clkbuf_0_aclk/X (sky130_fd_sc_hd__clkbuf_16)
                                                         clknet_0_aclk (net)
                      0.064665    0.001296    0.232252 ^ clkbuf_2_2__f_aclk/A (sky130_fd_sc_hd__clkbuf_16)
    14    0.044861    0.064201    0.152028    0.384280 ^ clkbuf_2_2__f_aclk/X (sky130_fd_sc_hd__clkbuf_16)
                                                         clknet_2_2__leaf_aclk (net)
                      0.064225    0.001264    0.385544 ^ _1271_/CLK (sky130_fd_sc_hd__dfxtp_1)
     4    0.016667    0.084641    0.350269    0.735813 v _1271_/Q (sky130_fd_sc_hd__dfxtp_1)
                                                         net32 (net)
                      0.084644    0.000595    0.736408 v _0643_/B (sky130_fd_sc_hd__xor2_1)
     2    0.009489    0.094828    0.179776    0.916184 v _0643_/X (sky130_fd_sc_hd__xor2_1)
                                                         _0059_ (net)
                      0.094828    0.000252    0.916436 v _0649_/A3 (sky130_fd_sc_hd__a31o_1)
     3    0.008768    0.062769    0.261037    1.177473 v _0649_/X (sky130_fd_sc_hd__a31o_1)
                                                         _0064_ (net)
                      0.062769    0.000313    1.177785 v _0656_/A2 (sky130_fd_sc_hd__a21bo_1)
     3    0.007565    0.055291    0.214394    1.392179 v _0656_/X (sky130_fd_sc_hd__a21bo_1)
                                                         _0070_ (net)
                      0.055291    0.000139    1.392319 v _0664_/A2 (sky130_fd_sc_hd__a21bo_1)
     3    0.013204    0.077145    0.234435    1.626753 v _0664_/X (sky130_fd_sc_hd__a21bo_1)
                                                         _0077_ (net)
                      0.077146    0.000434    1.627187 v _0678_/B2 (sky130_fd_sc_hd__a221o_1)
     2    0.006135    0.068786    0.346941    1.974128 v _0678_/X (sky130_fd_sc_hd__a221o_1)
                                                         _0089_ (net)
                      0.068786    0.000173    1.974301 v _0686_/A3 (sky130_fd_sc_hd__a31o_1)
     2    0.009389    0.065059    0.252830    2.227131 v _0686_/X (sky130_fd_sc_hd__a31o_1)
                                                         _0096_ (net)
                      0.065060    0.000338    2.227470 v _0690_/A2 (sky130_fd_sc_hd__a21bo_1)
     4    0.016293    0.089839    0.249610    2.477080 v _0690_/X (sky130_fd_sc_hd__a21bo_1)
                                                         _0099_ (net)
                      0.089841    0.000557    2.477637 v _0725_/A1 (sky130_fd_sc_hd__a21oi_1)
     2    0.009899    0.236379    0.235313    2.712950 ^ _0725_/Y (sky130_fd_sc_hd__a21oi_1)
                                                         _0130_ (net)
                      0.236381    0.000436    2.713386 ^ _0758_/A1 (sky130_fd_sc_hd__o31a_1)
     3    0.008807    0.103781    0.215982    2.929368 ^ _0758_/X (sky130_fd_sc_hd__o31a_1)
                                                         _0159_ (net)
                      0.103781    0.000150    2.929517 ^ _0776_/A2 (sky130_fd_sc_hd__a21o_1)
     3    0.008917    0.086039    0.158454    3.087971 ^ _0776_/X (sky130_fd_sc_hd__a21o_1)
                                                         _0175_ (net)
                      0.086039    0.000138    3.088109 ^ _0793_/A (sky130_fd_sc_hd__or2_1)
     3    0.008649    0.090331    0.141726    3.229835 ^ _0793_/X (sky130_fd_sc_hd__or2_1)
                                                         _0190_ (net)
                      0.090331    0.000237    3.230072 ^ _0794_/A2 (sky130_fd_sc_hd__a21oi_1)
     2    0.005985    0.061493    0.089702    3.319774 v _0794_/Y (sky130_fd_sc_hd__a21oi_1)
                                                         _0191_ (net)
                      0.061493    0.000125    3.319900 v _0808_/A1 (sky130_fd_sc_hd__a21o_1)
     2    0.010501    0.064502    0.191282    3.511181 v _0808_/X (sky130_fd_sc_hd__a21o_1)
                                                         _0203_ (net)
                      0.064503    0.000382    3.511564 v _0809_/B (sky130_fd_sc_hd__xnor2_1)
     1    0.002797    0.045395    0.125521    3.637085 v _0809_/Y (sky130_fd_sc_hd__xnor2_1)
                                                         _0204_ (net)
                      0.045395    0.000060    3.637145 v _0811_/A2 (sky130_fd_sc_hd__o211a_1)
     1    0.002332    0.036227    0.195193    3.832337 v _0811_/X (sky130_fd_sc_hd__o211a_1)
                                                         _0022_ (net)
                      0.036227    0.000067    3.832404 v _1292_/D (sky130_fd_sc_hd__dfxtp_1)
                                              3.832404   data arrival time

                                 10.000000   10.000000   clock aclk (rise edge)
                                  0.000000   10.000000   clock source latency
     1    0.020182    0.096542    0.066589   10.066588 ^ aclk (in)
                                                         aclk (net)
                      0.096556    0.000000   10.066588 ^ clkbuf_0_aclk/A (sky130_fd_sc_hd__clkbuf_16)
     4    0.045437    0.064633    0.164367   10.230956 ^ clkbuf_0_aclk/X (sky130_fd_sc_hd__clkbuf_16)
                                                         clknet_0_aclk (net)
                      0.064687    0.001616   10.232573 ^ clkbuf_2_1__f_aclk/A (sky130_fd_sc_hd__clkbuf_16)
    12    0.042878    0.062325    0.151021   10.383594 ^ clkbuf_2_1__f_aclk/X (sky130_fd_sc_hd__clkbuf_16)
                                                         clknet_2_1__leaf_aclk (net)
                      0.062355    0.001206   10.384800 ^ _1292_/CLK (sky130_fd_sc_hd__dfxtp_1)
                                 -0.250000   10.134800   clock uncertainty
                                  0.000000   10.134800   clock reconvergence pessimism
                                 -0.102628   10.032172   library setup time
                                             10.032172   data required time
---------------------------------------------------------------------------------------------
                                             10.032172   data required time
                                             -3.832404   data arrival time
---------------------------------------------------------------------------------------------
                                              6.199768   slack (MET)


Startpoint: _1271_ (rising edge-triggered flip-flop clocked by aclk)
Endpoint: _1295_ (rising edge-triggered flip-flop clocked by aclk)
Path Group: aclk
Path Type: max

Fanout         Cap        Slew       Delay        Time   Description
---------------------------------------------------------------------------------------------
                                  0.000000    0.000000   clock aclk (rise edge)
                                  0.000000    0.000000   clock source latency
     1    0.020182    0.096542    0.066588    0.066588 ^ aclk (in)
                                                         aclk (net)
                      0.096556    0.000000    0.066588 ^ clkbuf_0_aclk/A (sky130_fd_sc_hd__clkbuf_16)
     4    0.045437    0.064633    0.164368    0.230956 ^ clkbuf_0_aclk/X (sky130_fd_sc_hd__clkbuf_16)
                                                         clknet_0_aclk (net)
                      0.064665    0.001296    0.232252 ^ clkbuf_2_2__f_aclk/A (sky130_fd_sc_hd__clkbuf_16)
    14    0.044861    0.064201    0.152028    0.384280 ^ clkbuf_2_2__f_aclk/X (sky130_fd_sc_hd__clkbuf_16)
                                                         clknet_2_2__leaf_aclk (net)
                      0.064225    0.001264    0.385544 ^ _1271_/CLK (sky130_fd_sc_hd__dfxtp_1)
     4    0.016667    0.084641    0.350269    0.735813 v _1271_/Q (sky130_fd_sc_hd__dfxtp_1)
                                                         net32 (net)
                      0.084644    0.000595    0.736408 v _0643_/B (sky130_fd_sc_hd__xor2_1)
     2    0.009489    0.094828    0.179776    0.916184 v _0643_/X (sky130_fd_sc_hd__xor2_1)
                                                         _0059_ (net)
                      0.094828    0.000252    0.916436 v _0649_/A3 (sky130_fd_sc_hd__a31o_1)
     3    0.008768    0.062769    0.261037    1.177473 v _0649_/X (sky130_fd_sc_hd__a31o_1)
                                                         _0064_ (net)
                      0.062769    0.000313    1.177785 v _0656_/A2 (sky130_fd_sc_hd__a21bo_1)
     3    0.007565    0.055291    0.214394    1.392179 v _0656_/X (sky130_fd_sc_hd__a21bo_1)
                                                         _0070_ (net)
                      0.055291    0.000139    1.392319 v _0664_/A2 (sky130_fd_sc_hd__a21bo_1)
     3    0.013204    0.077145    0.234435    1.626753 v _0664_/X (sky130_fd_sc_hd__a21bo_1)
                                                         _0077_ (net)
                      0.077146    0.000434    1.627187 v _0678_/B2 (sky130_fd_sc_hd__a221o_1)
     2    0.006135    0.068786    0.346941    1.974128 v _0678_/X (sky130_fd_sc_hd__a221o_1)
                                                         _0089_ (net)
                      0.068786    0.000173    1.974301 v _0686_/A3 (sky130_fd_sc_hd__a31o_1)
     2    0.009389    0.065059    0.252830    2.227131 v _0686_/X (sky130_fd_sc_hd__a31o_1)
                                                         _0096_ (net)
                      0.065060    0.000338    2.227470 v _0690_/A2 (sky130_fd_sc_hd__a21bo_1)
     4    0.016293    0.089839    0.249610    2.477080 v _0690_/X (sky130_fd_sc_hd__a21bo_1)
                                                         _0099_ (net)
                      0.089841    0.000557    2.477637 v _0725_/A1 (sky130_fd_sc_hd__a21oi_1)
     2    0.009899    0.236379    0.235313    2.712950 ^ _0725_/Y (sky130_fd_sc_hd__a21oi_1)
                                                         _0130_ (net)
                      0.236381    0.000436    2.713386 ^ _0758_/A1 (sky130_fd_sc_hd__o31a_1)
     3    0.008807    0.103781    0.215982    2.929368 ^ _0758_/X (sky130_fd_sc_hd__o31a_1)
                                                         _0159_ (net)
                      0.103781    0.000159    2.929527 ^ _0819_/A2 (sky130_fd_sc_hd__a21oi_1)
     2    0.008170    0.077812    0.105318    3.034845 v _0819_/Y (sky130_fd_sc_hd__a21oi_1)
                                                         _0212_ (net)
                      0.077812    0.000296    3.035141 v _0821_/B (sky130_fd_sc_hd__or3_1)
     2    0.005410    0.079265    0.370614    3.405756 v _0821_/X (sky130_fd_sc_hd__or3_1)
                                                         _0214_ (net)
                      0.079265    0.000115    3.405871 v _0826_/A (sky130_fd_sc_hd__nand2_1)
     2    0.007378    0.081828    0.097447    3.503318 ^ _0826_/Y (sky130_fd_sc_hd__nand2_1)
                                                         _0219_ (net)
                      0.081828    0.000185    3.503503 ^ _0831_/A2 (sky130_fd_sc_hd__a21oi_1)
     1    0.002596    0.055208    0.068046    3.571549 v _0831_/Y (sky130_fd_sc_hd__a21oi_1)
                                                         _0223_ (net)
                      0.055208    0.000052    3.571601 v _0833_/B1 (sky130_fd_sc_hd__o221a_1)
     1    0.002598    0.043956    0.220086    3.791687 v _0833_/X (sky130_fd_sc_hd__o221a_1)
                                                         _0025_ (net)
                      0.043956    0.000080    3.791767 v _1295_/D (sky130_fd_sc_hd__dfxtp_1)
                                              3.791767   data arrival time

                                 10.000000   10.000000   clock aclk (rise edge)
                                  0.000000   10.000000   clock source latency
     1    0.020182    0.096542    0.066589   10.066588 ^ aclk (in)
                                                         aclk (net)
                      0.096556    0.000000   10.066588 ^ clkbuf_0_aclk/A (sky130_fd_sc_hd__clkbuf_16)
     4    0.045437    0.064633    0.164367   10.230956 ^ clkbuf_0_aclk/X (sky130_fd_sc_hd__clkbuf_16)
                                                         clknet_0_aclk (net)
                      0.064669    0.001359   10.232315 ^ clkbuf_2_3__f_aclk/A (sky130_fd_sc_hd__clkbuf_16)
    14    0.047617    0.066605    0.154405   10.386721 ^ clkbuf_2_3__f_aclk/X (sky130_fd_sc_hd__clkbuf_16)
                                                         clknet_2_3__leaf_aclk (net)
                      0.066627    0.001140   10.387859 ^ _1295_/CLK (sky130_fd_sc_hd__dfxtp_1)
                                 -0.250000   10.137859   clock uncertainty
                                  0.000000   10.137859   clock reconvergence pessimism
                                 -0.105020   10.032840   library setup time
                                             10.032840   data required time
---------------------------------------------------------------------------------------------
                                             10.032840   data required time
                                             -3.791767   data arrival time
---------------------------------------------------------------------------------------------
                                              6.241072   slack (MET)


Startpoint: _1271_ (rising edge-triggered flip-flop clocked by aclk)
Endpoint: _1294_ (rising edge-triggered flip-flop clocked by aclk)
Path Group: aclk
Path Type: max

Fanout         Cap        Slew       Delay        Time   Description
---------------------------------------------------------------------------------------------
                                  0.000000    0.000000   clock aclk (rise edge)
                                  0.000000    0.000000   clock source latency
     1    0.020182    0.096542    0.066588    0.066588 ^ aclk (in)
                                                         aclk (net)
                      0.096556    0.000000    0.066588 ^ clkbuf_0_aclk/A (sky130_fd_sc_hd__clkbuf_16)
     4    0.045437    0.064633    0.164368    0.230956 ^ clkbuf_0_aclk/X (sky130_fd_sc_hd__clkbuf_16)
                                                         clknet_0_aclk (net)
                      0.064665    0.001296    0.232252 ^ clkbuf_2_2__f_aclk/A (sky130_fd_sc_hd__clkbuf_16)
    14    0.044861    0.064201    0.152028    0.384280 ^ clkbuf_2_2__f_aclk/X (sky130_fd_sc_hd__clkbuf_16)
                                                         clknet_2_2__leaf_aclk (net)
                      0.064225    0.001264    0.385544 ^ _1271_/CLK (sky130_fd_sc_hd__dfxtp_1)
     4    0.016667    0.084641    0.350269    0.735813 v _1271_/Q (sky130_fd_sc_hd__dfxtp_1)
                                                         net32 (net)
                      0.084644    0.000595    0.736408 v _0643_/B (sky130_fd_sc_hd__xor2_1)
     2    0.009489    0.094828    0.179776    0.916184 v _0643_/X (sky130_fd_sc_hd__xor2_1)
                                                         _0059_ (net)
                      0.094828    0.000252    0.916436 v _0649_/A3 (sky130_fd_sc_hd__a31o_1)
     3    0.008768    0.062769    0.261037    1.177473 v _0649_/X (sky130_fd_sc_hd__a31o_1)
                                                         _0064_ (net)
                      0.062769    0.000313    1.177785 v _0656_/A2 (sky130_fd_sc_hd__a21bo_1)
     3    0.007565    0.055291    0.214394    1.392179 v _0656_/X (sky130_fd_sc_hd__a21bo_1)
                                                         _0070_ (net)
                      0.055291    0.000139    1.392319 v _0664_/A2 (sky130_fd_sc_hd__a21bo_1)
     3    0.013204    0.077145    0.234435    1.626753 v _0664_/X (sky130_fd_sc_hd__a21bo_1)
                                                         _0077_ (net)
                      0.077146    0.000434    1.627187 v _0678_/B2 (sky130_fd_sc_hd__a221o_1)
     2    0.006135    0.068786    0.346941    1.974128 v _0678_/X (sky130_fd_sc_hd__a221o_1)
                                                         _0089_ (net)
                      0.068786    0.000173    1.974301 v _0686_/A3 (sky130_fd_sc_hd__a31o_1)
     2    0.009389    0.065059    0.252830    2.227131 v _0686_/X (sky130_fd_sc_hd__a31o_1)
                                                         _0096_ (net)
                      0.065060    0.000338    2.227470 v _0690_/A2 (sky130_fd_sc_hd__a21bo_1)
     4    0.016293    0.089839    0.249610    2.477080 v _0690_/X (sky130_fd_sc_hd__a21bo_1)
                                                         _0099_ (net)
                      0.089841    0.000557    2.477637 v _0725_/A1 (sky130_fd_sc_hd__a21oi_1)
     2    0.009899    0.236379    0.235313    2.712950 ^ _0725_/Y (sky130_fd_sc_hd__a21oi_1)
                                                         _0130_ (net)
                      0.236381    0.000436    2.713386 ^ _0758_/A1 (sky130_fd_sc_hd__o31a_1)
     3    0.008807    0.103781    0.215982    2.929368 ^ _0758_/X (sky130_fd_sc_hd__o31a_1)
                                                         _0159_ (net)
                      0.103781    0.000159    2.929527 ^ _0819_/A2 (sky130_fd_sc_hd__a21oi_1)
     2    0.008170    0.077812    0.105318    3.034845 v _0819_/Y (sky130_fd_sc_hd__a21oi_1)
                                                         _0212_ (net)
                      0.077812    0.000296    3.035141 v _0821_/B (sky130_fd_sc_hd__or3_1)
     2    0.005410    0.079265    0.370614    3.405756 v _0821_/X (sky130_fd_sc_hd__or3_1)
                                                         _0214_ (net)
                      0.079265    0.000129    3.405885 v _0827_/A (sky130_fd_sc_hd__nor2_1)
     1    0.003031    0.080379    0.111955    3.517839 ^ _0827_/Y (sky130_fd_sc_hd__nor2_1)
                                                         _0220_ (net)
                      0.080379    0.000087    3.517927 ^ _0828_/A2 (sky130_fd_sc_hd__o21ai_1)
     1    0.002629    0.064110    0.060160    3.578087 v _0828_/Y (sky130_fd_sc_hd__o21ai_1)
                                                         _0221_ (net)
                      0.064110    0.000052    3.578140 v _0829_/B1 (sky130_fd_sc_hd__o211a_1)
     1    0.002015    0.034765    0.122946    3.701086 v _0829_/X (sky130_fd_sc_hd__o211a_1)
                                                         _0024_ (net)
                      0.034765    0.000040    3.701125 v _1294_/D (sky130_fd_sc_hd__dfxtp_1)
                                              3.701125   data arrival time

                                 10.000000   10.000000   clock aclk (rise edge)
                                  0.000000   10.000000   clock source latency
     1    0.020182    0.096542    0.066589   10.066588 ^ aclk (in)
                                                         aclk (net)
                      0.096556    0.000000   10.066588 ^ clkbuf_0_aclk/A (sky130_fd_sc_hd__clkbuf_16)
     4    0.045437    0.064633    0.164367   10.230956 ^ clkbuf_0_aclk/X (sky130_fd_sc_hd__clkbuf_16)
                                                         clknet_0_aclk (net)
                      0.064687    0.001616   10.232573 ^ clkbuf_2_1__f_aclk/A (sky130_fd_sc_hd__clkbuf_16)
    12    0.042878    0.062325    0.151021   10.383594 ^ clkbuf_2_1__f_aclk/X (sky130_fd_sc_hd__clkbuf_16)
                                                         clknet_2_1__leaf_aclk (net)
                      0.062338    0.000869   10.384462 ^ _1294_/CLK (sky130_fd_sc_hd__dfxtp_1)
                                 -0.250000   10.134462   clock uncertainty
                                  0.000000   10.134462   clock reconvergence pessimism
                                 -0.101990   10.032472   library setup time
                                             10.032472   data required time
---------------------------------------------------------------------------------------------
                                             10.032472   data required time
                                             -3.701125   data arrival time
---------------------------------------------------------------------------------------------
                                              6.331347   slack (MET)


Startpoint: _1271_ (rising edge-triggered flip-flop clocked by aclk)
Endpoint: _1291_ (rising edge-triggered flip-flop clocked by aclk)
Path Group: aclk
Path Type: max

Fanout         Cap        Slew       Delay        Time   Description
---------------------------------------------------------------------------------------------
                                  0.000000    0.000000   clock aclk (rise edge)
                                  0.000000    0.000000   clock source latency
     1    0.020182    0.096542    0.066588    0.066588 ^ aclk (in)
                                                         aclk (net)
                      0.096556    0.000000    0.066588 ^ clkbuf_0_aclk/A (sky130_fd_sc_hd__clkbuf_16)
     4    0.045437    0.064633    0.164368    0.230956 ^ clkbuf_0_aclk/X (sky130_fd_sc_hd__clkbuf_16)
                                                         clknet_0_aclk (net)
                      0.064665    0.001296    0.232252 ^ clkbuf_2_2__f_aclk/A (sky130_fd_sc_hd__clkbuf_16)
    14    0.044861    0.064201    0.152028    0.384280 ^ clkbuf_2_2__f_aclk/X (sky130_fd_sc_hd__clkbuf_16)
                                                         clknet_2_2__leaf_aclk (net)
                      0.064225    0.001264    0.385544 ^ _1271_/CLK (sky130_fd_sc_hd__dfxtp_1)
     4    0.017439    0.169775    0.401814    0.787359 ^ _1271_/Q (sky130_fd_sc_hd__dfxtp_1)
                                                         net32 (net)
                      0.169775    0.000627    0.787985 ^ _0643_/B (sky130_fd_sc_hd__xor2_1)
     2    0.009919    0.237523    0.254159    1.042145 ^ _0643_/X (sky130_fd_sc_hd__xor2_1)
                                                         _0059_ (net)
                      0.237523    0.000265    1.042410 ^ _0649_/A3 (sky130_fd_sc_hd__a31o_1)
     3    0.009464    0.102400    0.222045    1.264455 ^ _0649_/X (sky130_fd_sc_hd__a31o_1)
                                                         _0064_ (net)
                      0.102400    0.000339    1.264794 ^ _0656_/A2 (sky130_fd_sc_hd__a21bo_1)
     3    0.008261    0.078329    0.148648    1.413442 ^ _0656_/X (sky130_fd_sc_hd__a21bo_1)
                                                         _0070_ (net)
                      0.078329    0.000153    1.413595 ^ _0664_/A2 (sky130_fd_sc_hd__a21bo_1)
     3    0.014093    0.124633    0.174996    1.588591 ^ _0664_/X (sky130_fd_sc_hd__a21bo_1)
                                                         _0077_ (net)
                      0.124633    0.000467    1.589058 ^ _0678_/B2 (sky130_fd_sc_hd__a221o_1)
     2    0.006591    0.079966    0.178508    1.767566 ^ _0678_/X (sky130_fd_sc_hd__a221o_1)
                                                         _0089_ (net)
                      0.079966    0.000187    1.767753 ^ _0686_/A3 (sky130_fd_sc_hd__a31o_1)
     2    0.009823    0.105027    0.191135    1.958887 ^ _0686_/X (sky130_fd_sc_hd__a31o_1)
                                                         _0096_ (net)
                      0.105027    0.000358    1.959246 ^ _0690_/A2 (sky130_fd_sc_hd__a21bo_1)
     4    0.017065    0.148719    0.199499    2.158744 ^ _0690_/X (sky130_fd_sc_hd__a21bo_1)
                                                         _0099_ (net)
                      0.148719    0.000584    2.159328 ^ _0725_/A1 (sky130_fd_sc_hd__a21oi_1)
     2    0.009496    0.091971    0.123099    2.282427 v _0725_/Y (sky130_fd_sc_hd__a21oi_1)
                                                         _0130_ (net)
                      0.091971    0.000413    2.282840 v _0758_/A1 (sky130_fd_sc_hd__o31a_1)
     3    0.008191    0.071321    0.337022    2.619862 v _0758_/X (sky130_fd_sc_hd__o31a_1)
                                                         _0159_ (net)
                      0.071321    0.000139    2.620001 v _0776_/A2 (sky130_fd_sc_hd__a21o_1)
     3    0.008446    0.057678    0.208646    2.828647 v _0776_/X (sky130_fd_sc_hd__a21o_1)
                                                         _0175_ (net)
                      0.057678    0.000130    2.828777 v _0793_/A (sky130_fd_sc_hd__or2_1)
     3    0.008105    0.073211    0.256468    3.085245 v _0793_/X (sky130_fd_sc_hd__or2_1)
                                                         _0190_ (net)
                      0.073211    0.000219    3.085464 v _0795_/A2 (sky130_fd_sc_hd__a21o_1)
     2    0.005512    0.044469    0.195680    3.281144 v _0795_/X (sky130_fd_sc_hd__a21o_1)
                                                         _0192_ (net)
                      0.044469    0.000148    3.281292 v _0802_/A2 (sky130_fd_sc_hd__a31o_1)
     1    0.002917    0.037434    0.198590    3.479882 v _0802_/X (sky130_fd_sc_hd__a31o_1)
                                                         _0198_ (net)
                      0.037434    0.000087    3.479969 v _0803_/B2 (sky130_fd_sc_hd__o221a_1)
     1    0.002308    0.042222    0.193424    3.673394 v _0803_/X (sky130_fd_sc_hd__o221a_1)
                                                         _0021_ (net)
                      0.042222    0.000048    3.673441 v _1291_/D (sky130_fd_sc_hd__dfxtp_1)
                                              3.673441   data arrival time

                                 10.000000   10.000000   clock aclk (rise edge)
                                  0.000000   10.000000   clock source latency
     1    0.020182    0.096542    0.066589   10.066588 ^ aclk (in)
                                                         aclk (net)
                      0.096556    0.000000   10.066588 ^ clkbuf_0_aclk/A (sky130_fd_sc_hd__clkbuf_16)
     4    0.045437    0.064633    0.164367   10.230956 ^ clkbuf_0_aclk/X (sky130_fd_sc_hd__clkbuf_16)
                                                         clknet_0_aclk (net)
                      0.064687    0.001616   10.232573 ^ clkbuf_2_1__f_aclk/A (sky130_fd_sc_hd__clkbuf_16)
    12    0.042878    0.062325    0.151021   10.383594 ^ clkbuf_2_1__f_aclk/X (sky130_fd_sc_hd__clkbuf_16)
                                                         clknet_2_1__leaf_aclk (net)
                      0.062347    0.001068   10.384662 ^ _1291_/CLK (sky130_fd_sc_hd__dfxtp_1)
                                 -0.250000   10.134662   clock uncertainty
                                  0.000000   10.134662   clock reconvergence pessimism
                                 -0.105259   10.029403   library setup time
                                             10.029403   data required time
---------------------------------------------------------------------------------------------
                                             10.029403   data required time
                                             -3.673441   data arrival time
---------------------------------------------------------------------------------------------
                                              6.355961   slack (MET)


Startpoint: s_axis_tdata[9] (input port clocked by aclk)
Endpoint: _1304_ (rising edge-triggered flip-flop clocked by aclk)
Path Group: aclk
Path Type: max

Fanout         Cap        Slew       Delay        Time   Description
---------------------------------------------------------------------------------------------
                                  0.000000    0.000000   clock aclk (rise edge)
                                  0.000000    0.000000   clock network delay (propagated)
                                  2.000000    2.000000 ^ input external delay
     1    0.002765    0.019584    0.010198    2.010198 ^ s_axis_tdata[9] (in)
                                                         s_axis_tdata[9] (net)
                      0.019584    0.000000    2.010198 ^ input18/A (sky130_fd_sc_hd__buf_1)
     5    0.020898    0.248582    0.213968    2.224165 ^ input18/X (sky130_fd_sc_hd__buf_1)
                                                         net18 (net)
                      0.248586    0.000889    2.225054 ^ fanout88/A (sky130_fd_sc_hd__buf_2)
    10    0.033139    0.165613    0.256815    2.481869 ^ fanout88/X (sky130_fd_sc_hd__buf_2)
                                                         net88 (net)
                      0.165622    0.001370    2.483239 ^ _0879_/C (sky130_fd_sc_hd__and3_1)
     4    0.012499    0.134797    0.242700    2.725939 ^ _0879_/X (sky130_fd_sc_hd__and3_1)
                                                         _0263_ (net)
                      0.134797    0.000275    2.726215 ^ _0884_/B (sky130_fd_sc_hd__and2_1)
     2    0.005513    0.070425    0.158407    2.884622 ^ _0884_/X (sky130_fd_sc_hd__and2_1)
                                                         _0267_ (net)
                      0.070425    0.000140    2.884762 ^ _0886_/A (sky130_fd_sc_hd__nor2_1)
     1    0.004735    0.061609    0.055267    2.940028 v _0886_/Y (sky130_fd_sc_hd__nor2_1)
                                                         _0269_ (net)
                      0.061609    0.000094    2.940122 v _0887_/B (sky130_fd_sc_hd__xnor2_1)
     2    0.006636    0.189366    0.190824    3.130947 ^ _0887_/Y (sky130_fd_sc_hd__xnor2_1)
                                                         _0270_ (net)
                      0.189366    0.000129    3.131075 ^ _0888_/C (sky130_fd_sc_hd__and3_1)
     3    0.008054    0.095640    0.217136    3.348211 ^ _0888_/X (sky130_fd_sc_hd__and3_1)
                                                         _0271_ (net)
                      0.095640    0.000149    3.348360 ^ _0890_/A (sky130_fd_sc_hd__nor2_1)
     1    0.005658    0.047645    0.066987    3.415347 v _0890_/Y (sky130_fd_sc_hd__nor2_1)
                                                         _0273_ (net)
                      0.047645    0.000223    3.415570 v _0892_/A2 (sky130_fd_sc_hd__o211a_1)
     1    0.002315    0.036275    0.195878    3.611448 v _0892_/X (sky130_fd_sc_hd__o211a_1)
                                                         _0034_ (net)
                      0.036275    0.000066    3.611513 v _1304_/D (sky130_fd_sc_hd__dfxtp_1)
                                              3.611513   data arrival time

                                 10.000000   10.000000   clock aclk (rise edge)
                                  0.000000   10.000000   clock source latency
     1    0.020182    0.096542    0.066589   10.066588 ^ aclk (in)
                                                         aclk (net)
                      0.096556    0.000000   10.066588 ^ clkbuf_0_aclk/A (sky130_fd_sc_hd__clkbuf_16)
     4    0.045437    0.064633    0.164367   10.230956 ^ clkbuf_0_aclk/X (sky130_fd_sc_hd__clkbuf_16)
                                                         clknet_0_aclk (net)
                      0.064665    0.001297   10.232253 ^ clkbuf_2_2__f_aclk/A (sky130_fd_sc_hd__clkbuf_16)
    14    0.044861    0.064201    0.152028   10.384280 ^ clkbuf_2_2__f_aclk/X (sky130_fd_sc_hd__clkbuf_16)
                                                         clknet_2_2__leaf_aclk (net)
                      0.064412    0.002505   10.386786 ^ _1304_/CLK (sky130_fd_sc_hd__dfxtp_1)
                                 -0.250000   10.136786   clock uncertainty
                                  0.000000   10.136786   clock reconvergence pessimism
                                 -0.102169   10.034616   library setup time
                                             10.034616   data required time
---------------------------------------------------------------------------------------------
                                             10.034616   data required time
                                             -3.611513   data arrival time
---------------------------------------------------------------------------------------------
                                              6.423103   slack (MET)


Startpoint: _1271_ (rising edge-triggered flip-flop clocked by aclk)
Endpoint: _1290_ (rising edge-triggered flip-flop clocked by aclk)
Path Group: aclk
Path Type: max

Fanout         Cap        Slew       Delay        Time   Description
---------------------------------------------------------------------------------------------
                                  0.000000    0.000000   clock aclk (rise edge)
                                  0.000000    0.000000   clock source latency
     1    0.020182    0.096542    0.066588    0.066588 ^ aclk (in)
                                                         aclk (net)
                      0.096556    0.000000    0.066588 ^ clkbuf_0_aclk/A (sky130_fd_sc_hd__clkbuf_16)
     4    0.045437    0.064633    0.164368    0.230956 ^ clkbuf_0_aclk/X (sky130_fd_sc_hd__clkbuf_16)
                                                         clknet_0_aclk (net)
                      0.064665    0.001296    0.232252 ^ clkbuf_2_2__f_aclk/A (sky130_fd_sc_hd__clkbuf_16)
    14    0.044861    0.064201    0.152028    0.384280 ^ clkbuf_2_2__f_aclk/X (sky130_fd_sc_hd__clkbuf_16)
                                                         clknet_2_2__leaf_aclk (net)
                      0.064225    0.001264    0.385544 ^ _1271_/CLK (sky130_fd_sc_hd__dfxtp_1)
     4    0.016667    0.084641    0.350269    0.735813 v _1271_/Q (sky130_fd_sc_hd__dfxtp_1)
                                                         net32 (net)
                      0.084644    0.000595    0.736408 v _0643_/B (sky130_fd_sc_hd__xor2_1)
     2    0.009489    0.094828    0.179776    0.916184 v _0643_/X (sky130_fd_sc_hd__xor2_1)
                                                         _0059_ (net)
                      0.094828    0.000252    0.916436 v _0649_/A3 (sky130_fd_sc_hd__a31o_1)
     3    0.008768    0.062769    0.261037    1.177473 v _0649_/X (sky130_fd_sc_hd__a31o_1)
                                                         _0064_ (net)
                      0.062769    0.000313    1.177785 v _0656_/A2 (sky130_fd_sc_hd__a21bo_1)
     3    0.007565    0.055291    0.214394    1.392179 v _0656_/X (sky130_fd_sc_hd__a21bo_1)
                                                         _0070_ (net)
                      0.055291    0.000139    1.392319 v _0664_/A2 (sky130_fd_sc_hd__a21bo_1)
     3    0.013204    0.077145    0.234435    1.626753 v _0664_/X (sky130_fd_sc_hd__a21bo_1)
                                                         _0077_ (net)
                      0.077146    0.000434    1.627187 v _0678_/B2 (sky130_fd_sc_hd__a221o_1)
     2    0.006135    0.068786    0.346941    1.974128 v _0678_/X (sky130_fd_sc_hd__a221o_1)
                                                         _0089_ (net)
                      0.068786    0.000173    1.974301 v _0686_/A3 (sky130_fd_sc_hd__a31o_1)
     2    0.009389    0.065059    0.252830    2.227131 v _0686_/X (sky130_fd_sc_hd__a31o_1)
                                                         _0096_ (net)
                      0.065060    0.000338    2.227470 v _0690_/A2 (sky130_fd_sc_hd__a21bo_1)
     4    0.016293    0.089839    0.249610    2.477080 v _0690_/X (sky130_fd_sc_hd__a21bo_1)
                                                         _0099_ (net)
                      0.089841    0.000557    2.477637 v _0725_/A1 (sky130_fd_sc_hd__a21oi_1)
     2    0.009899    0.236379    0.235313    2.712950 ^ _0725_/Y (sky130_fd_sc_hd__a21oi_1)
                                                         _0130_ (net)
                      0.236381    0.000436    2.713386 ^ _0758_/A1 (sky130_fd_sc_hd__o31a_1)
     3    0.008807    0.103781    0.215982    2.929368 ^ _0758_/X (sky130_fd_sc_hd__o31a_1)
                                                         _0159_ (net)
                      0.103781    0.000150    2.929517 ^ _0776_/A2 (sky130_fd_sc_hd__a21o_1)
     3    0.008917    0.086039    0.158454    3.087971 ^ _0776_/X (sky130_fd_sc_hd__a21o_1)
                                                         _0175_ (net)
                      0.086039    0.000138    3.088109 ^ _0793_/A (sky130_fd_sc_hd__or2_1)
     3    0.008649    0.090331    0.141726    3.229835 ^ _0793_/X (sky130_fd_sc_hd__or2_1)
                                                         _0190_ (net)
                      0.090331    0.000230    3.230066 ^ _0796_/C (sky130_fd_sc_hd__and3_1)
     1    0.002969    0.050877    0.158249    3.388314 ^ _0796_/X (sky130_fd_sc_hd__and3_1)
                                                         _0193_ (net)
                      0.050877    0.000085    3.388399 ^ _0797_/A2 (sky130_fd_sc_hd__o21ai_1)
     1    0.002891    0.065093    0.054351    3.442750 v _0797_/Y (sky130_fd_sc_hd__o21ai_1)
                                                         _0194_ (net)
                      0.065093    0.000081    3.442831 v _0798_/B1 (sky130_fd_sc_hd__o211a_1)
     1    0.002006    0.034723    0.123344    3.566176 v _0798_/X (sky130_fd_sc_hd__o211a_1)
                                                         _0020_ (net)
                      0.034723    0.000039    3.566215 v _1290_/D (sky130_fd_sc_hd__dfxtp_1)
                                              3.566215   data arrival time

                                 10.000000   10.000000   clock aclk (rise edge)
                                  0.000000   10.000000   clock source latency
     1    0.020182    0.096542    0.066589   10.066588 ^ aclk (in)
                                                         aclk (net)
                      0.096556    0.000000   10.066588 ^ clkbuf_0_aclk/A (sky130_fd_sc_hd__clkbuf_16)
     4    0.045437    0.064633    0.164367   10.230956 ^ clkbuf_0_aclk/X (sky130_fd_sc_hd__clkbuf_16)
                                                         clknet_0_aclk (net)
                      0.064687    0.001616   10.232573 ^ clkbuf_2_1__f_aclk/A (sky130_fd_sc_hd__clkbuf_16)
    12    0.042878    0.062325    0.151021   10.383594 ^ clkbuf_2_1__f_aclk/X (sky130_fd_sc_hd__clkbuf_16)
                                                         clknet_2_1__leaf_aclk (net)
                      0.062344    0.001001   10.384595 ^ _1290_/CLK (sky130_fd_sc_hd__dfxtp_1)
                                 -0.250000   10.134595   clock uncertainty
                                  0.000000   10.134595   clock reconvergence pessimism
                                 -0.101971   10.032624   library setup time
                                             10.032624   data required time
---------------------------------------------------------------------------------------------
                                             10.032624   data required time
                                             -3.566215   data arrival time
---------------------------------------------------------------------------------------------
                                              6.466409   slack (MET)


Startpoint: _1271_ (rising edge-triggered flip-flop clocked by aclk)
Endpoint: _1285_ (rising edge-triggered flip-flop clocked by aclk)
Path Group: aclk
Path Type: max

Fanout         Cap        Slew       Delay        Time   Description
---------------------------------------------------------------------------------------------
                                  0.000000    0.000000   clock aclk (rise edge)
                                  0.000000    0.000000   clock source latency
     1    0.020182    0.096542    0.066588    0.066588 ^ aclk (in)
                                                         aclk (net)
                      0.096556    0.000000    0.066588 ^ clkbuf_0_aclk/A (sky130_fd_sc_hd__clkbuf_16)
     4    0.045437    0.064633    0.164368    0.230956 ^ clkbuf_0_aclk/X (sky130_fd_sc_hd__clkbuf_16)
                                                         clknet_0_aclk (net)
                      0.064665    0.001296    0.232252 ^ clkbuf_2_2__f_aclk/A (sky130_fd_sc_hd__clkbuf_16)
    14    0.044861    0.064201    0.152028    0.384280 ^ clkbuf_2_2__f_aclk/X (sky130_fd_sc_hd__clkbuf_16)
                                                         clknet_2_2__leaf_aclk (net)
                      0.064225    0.001264    0.385544 ^ _1271_/CLK (sky130_fd_sc_hd__dfxtp_1)
     4    0.016667    0.084641    0.350269    0.735813 v _1271_/Q (sky130_fd_sc_hd__dfxtp_1)
                                                         net32 (net)
                      0.084644    0.000595    0.736408 v _0643_/B (sky130_fd_sc_hd__xor2_1)
     2    0.009489    0.094828    0.179776    0.916184 v _0643_/X (sky130_fd_sc_hd__xor2_1)
                                                         _0059_ (net)
                      0.094828    0.000252    0.916436 v _0649_/A3 (sky130_fd_sc_hd__a31o_1)
     3    0.008768    0.062769    0.261037    1.177473 v _0649_/X (sky130_fd_sc_hd__a31o_1)
                                                         _0064_ (net)
                      0.062769    0.000313    1.177785 v _0656_/A2 (sky130_fd_sc_hd__a21bo_1)
     3    0.007565    0.055291    0.214394    1.392179 v _0656_/X (sky130_fd_sc_hd__a21bo_1)
                                                         _0070_ (net)
                      0.055291    0.000139    1.392319 v _0664_/A2 (sky130_fd_sc_hd__a21bo_1)
     3    0.013204    0.077145    0.234435    1.626753 v _0664_/X (sky130_fd_sc_hd__a21bo_1)
                                                         _0077_ (net)
                      0.077146    0.000434    1.627187 v _0678_/B2 (sky130_fd_sc_hd__a221o_1)
     2    0.006135    0.068786    0.346941    1.974128 v _0678_/X (sky130_fd_sc_hd__a221o_1)
                                                         _0089_ (net)
                      0.068786    0.000173    1.974301 v _0686_/A3 (sky130_fd_sc_hd__a31o_1)
     2    0.009389    0.065059    0.252830    2.227131 v _0686_/X (sky130_fd_sc_hd__a31o_1)
                                                         _0096_ (net)
                      0.065060    0.000338    2.227470 v _0690_/A2 (sky130_fd_sc_hd__a21bo_1)
     4    0.016293    0.089839    0.249610    2.477080 v _0690_/X (sky130_fd_sc_hd__a21bo_1)
                                                         _0099_ (net)
                      0.089841    0.000557    2.477637 v _0725_/A1 (sky130_fd_sc_hd__a21oi_1)
     2    0.009899    0.236379    0.235313    2.712950 ^ _0725_/Y (sky130_fd_sc_hd__a21oi_1)
                                                         _0130_ (net)
                      0.236380    0.000409    2.713359 ^ _0727_/A (sky130_fd_sc_hd__or2_1)
     4    0.011685    0.117821    0.197247    2.910606 ^ _0727_/X (sky130_fd_sc_hd__or2_1)
                                                         _0132_ (net)
                      0.117821    0.000284    2.910890 ^ _0743_/A1 (sky130_fd_sc_hd__o21ai_1)
     2    0.009355    0.096162    0.121579    3.032469 v _0743_/Y (sky130_fd_sc_hd__o21ai_1)
                                                         _0146_ (net)
                      0.096162    0.000242    3.032710 v _0750_/A2 (sky130_fd_sc_hd__a21bo_1)
     1    0.004763    0.042814    0.213775    3.246486 v _0750_/X (sky130_fd_sc_hd__a21bo_1)
                                                         _0152_ (net)
                      0.042844    0.000139    3.246624 v _0751_/B (sky130_fd_sc_hd__xnor2_1)
     1    0.002846    0.045632    0.116753    3.363377 v _0751_/Y (sky130_fd_sc_hd__xnor2_1)
                                                         _0153_ (net)
                      0.045632    0.000084    3.363461 v _0753_/A2 (sky130_fd_sc_hd__o211a_1)
     1    0.002235    0.035803    0.194586    3.558047 v _0753_/X (sky130_fd_sc_hd__o211a_1)
                                                         _0015_ (net)
                      0.035803    0.000063    3.558110 v _1285_/D (sky130_fd_sc_hd__dfxtp_1)
                                              3.558110   data arrival time

                                 10.000000   10.000000   clock aclk (rise edge)
                                  0.000000   10.000000   clock source latency
     1    0.020182    0.096542    0.066589   10.066588 ^ aclk (in)
                                                         aclk (net)
                      0.096556    0.000000   10.066588 ^ clkbuf_0_aclk/A (sky130_fd_sc_hd__clkbuf_16)
     4    0.045437    0.064633    0.164367   10.230956 ^ clkbuf_0_aclk/X (sky130_fd_sc_hd__clkbuf_16)
                                                         clknet_0_aclk (net)
                      0.064672    0.001402   10.232358 ^ clkbuf_2_0__f_aclk/A (sky130_fd_sc_hd__clkbuf_16)
    14    0.044588    0.063830    0.152033   10.384392 ^ clkbuf_2_0__f_aclk/X (sky130_fd_sc_hd__clkbuf_16)
                                                         clknet_2_0__leaf_aclk (net)
                      0.063919    0.002042   10.386434 ^ _1285_/CLK (sky130_fd_sc_hd__dfxtp_1)
                                 -0.250000   10.136434   clock uncertainty
                                  0.000000   10.136434   clock reconvergence pessimism
                                 -0.102077   10.034357   library setup time
                                             10.034357   data required time
---------------------------------------------------------------------------------------------
                                             10.034357   data required time
                                             -3.558110   data arrival time
---------------------------------------------------------------------------------------------
                                              6.476247   slack (MET)


Startpoint: _1271_ (rising edge-triggered flip-flop clocked by aclk)
Endpoint: _1286_ (rising edge-triggered flip-flop clocked by aclk)
Path Group: aclk
Path Type: max

Fanout         Cap        Slew       Delay        Time   Description
---------------------------------------------------------------------------------------------
                                  0.000000    0.000000   clock aclk (rise edge)
                                  0.000000    0.000000   clock source latency
     1    0.020182    0.096542    0.066588    0.066588 ^ aclk (in)
                                                         aclk (net)
                      0.096556    0.000000    0.066588 ^ clkbuf_0_aclk/A (sky130_fd_sc_hd__clkbuf_16)
     4    0.045437    0.064633    0.164368    0.230956 ^ clkbuf_0_aclk/X (sky130_fd_sc_hd__clkbuf_16)
                                                         clknet_0_aclk (net)
                      0.064665    0.001296    0.232252 ^ clkbuf_2_2__f_aclk/A (sky130_fd_sc_hd__clkbuf_16)
    14    0.044861    0.064201    0.152028    0.384280 ^ clkbuf_2_2__f_aclk/X (sky130_fd_sc_hd__clkbuf_16)
                                                         clknet_2_2__leaf_aclk (net)
                      0.064225    0.001264    0.385544 ^ _1271_/CLK (sky130_fd_sc_hd__dfxtp_1)
     4    0.016667    0.084641    0.350269    0.735813 v _1271_/Q (sky130_fd_sc_hd__dfxtp_1)
                                                         net32 (net)
                      0.084644    0.000595    0.736408 v _0643_/B (sky130_fd_sc_hd__xor2_1)
     2    0.009489    0.094828    0.179776    0.916184 v _0643_/X (sky130_fd_sc_hd__xor2_1)
                                                         _0059_ (net)
                      0.094828    0.000252    0.916436 v _0649_/A3 (sky130_fd_sc_hd__a31o_1)
     3    0.008768    0.062769    0.261037    1.177473 v _0649_/X (sky130_fd_sc_hd__a31o_1)
                                                         _0064_ (net)
                      0.062769    0.000313    1.177785 v _0656_/A2 (sky130_fd_sc_hd__a21bo_1)
     3    0.007565    0.055291    0.214394    1.392179 v _0656_/X (sky130_fd_sc_hd__a21bo_1)
                                                         _0070_ (net)
                      0.055291    0.000139    1.392319 v _0664_/A2 (sky130_fd_sc_hd__a21bo_1)
     3    0.013204    0.077145    0.234435    1.626753 v _0664_/X (sky130_fd_sc_hd__a21bo_1)
                                                         _0077_ (net)
                      0.077146    0.000434    1.627187 v _0678_/B2 (sky130_fd_sc_hd__a221o_1)
     2    0.006135    0.068786    0.346941    1.974128 v _0678_/X (sky130_fd_sc_hd__a221o_1)
                                                         _0089_ (net)
                      0.068786    0.000173    1.974301 v _0686_/A3 (sky130_fd_sc_hd__a31o_1)
     2    0.009389    0.065059    0.252830    2.227131 v _0686_/X (sky130_fd_sc_hd__a31o_1)
                                                         _0096_ (net)
                      0.065060    0.000338    2.227470 v _0690_/A2 (sky130_fd_sc_hd__a21bo_1)
     4    0.016293    0.089839    0.249610    2.477080 v _0690_/X (sky130_fd_sc_hd__a21bo_1)
                                                         _0099_ (net)
                      0.089841    0.000557    2.477637 v _0725_/A1 (sky130_fd_sc_hd__a21oi_1)
     2    0.009899    0.236379    0.235313    2.712950 ^ _0725_/Y (sky130_fd_sc_hd__a21oi_1)
                                                         _0130_ (net)
                      0.236381    0.000436    2.713386 ^ _0758_/A1 (sky130_fd_sc_hd__o31a_1)
     3    0.008807    0.103781    0.215982    2.929368 ^ _0758_/X (sky130_fd_sc_hd__o31a_1)
                                                         _0159_ (net)
                      0.103781    0.000116    2.929483 ^ _0759_/B (sky130_fd_sc_hd__nand2_1)
     3    0.007825    0.069483    0.091581    3.021064 v _0759_/Y (sky130_fd_sc_hd__nand2_1)
                                                         _0160_ (net)
                      0.069483    0.000190    3.021255 v _0764_/A (sky130_fd_sc_hd__or2_1)
     1    0.003260    0.050557    0.232602    3.253857 v _0764_/X (sky130_fd_sc_hd__or2_1)
                                                         _0165_ (net)
                      0.050557    0.000098    3.253955 v _0765_/A2 (sky130_fd_sc_hd__a21o_1)
     1    0.002501    0.031638    0.171084    3.425039 v _0765_/X (sky130_fd_sc_hd__a21o_1)
                                                         _0166_ (net)
                      0.031638    0.000049    3.425088 v _0766_/B1 (sky130_fd_sc_hd__o211a_1)
     1    0.002157    0.035513    0.109295    3.534384 v _0766_/X (sky130_fd_sc_hd__o211a_1)
                                                         _0016_ (net)
                      0.035513    0.000061    3.534445 v _1286_/D (sky130_fd_sc_hd__dfxtp_1)
                                              3.534445   data arrival time

                                 10.000000   10.000000   clock aclk (rise edge)
                                  0.000000   10.000000   clock source latency
     1    0.020182    0.096542    0.066589   10.066588 ^ aclk (in)
                                                         aclk (net)
                      0.096556    0.000000   10.066588 ^ clkbuf_0_aclk/A (sky130_fd_sc_hd__clkbuf_16)
     4    0.045437    0.064633    0.164367   10.230956 ^ clkbuf_0_aclk/X (sky130_fd_sc_hd__clkbuf_16)
                                                         clknet_0_aclk (net)
                      0.064672    0.001402   10.232358 ^ clkbuf_2_0__f_aclk/A (sky130_fd_sc_hd__clkbuf_16)
    14    0.044588    0.063830    0.152033   10.384392 ^ clkbuf_2_0__f_aclk/X (sky130_fd_sc_hd__clkbuf_16)
                                                         clknet_2_0__leaf_aclk (net)
                      0.063836    0.000777   10.385169 ^ _1286_/CLK (sky130_fd_sc_hd__dfxtp_1)
                                 -0.250000   10.135168   clock uncertainty
                                  0.000000   10.135168   clock reconvergence pessimism
                                 -0.101969   10.033199   library setup time
                                             10.033199   data required time
---------------------------------------------------------------------------------------------
                                             10.033199   data required time
                                             -3.534445   data arrival time
---------------------------------------------------------------------------------------------
                                              6.498755   slack (MET)


Startpoint: _1271_ (rising edge-triggered flip-flop clocked by aclk)
Endpoint: _1289_ (rising edge-triggered flip-flop clocked by aclk)
Path Group: aclk
Path Type: max

Fanout         Cap        Slew       Delay        Time   Description
---------------------------------------------------------------------------------------------
                                  0.000000    0.000000   clock aclk (rise edge)
                                  0.000000    0.000000   clock source latency
     1    0.020182    0.096542    0.066588    0.066588 ^ aclk (in)
                                                         aclk (net)
                      0.096556    0.000000    0.066588 ^ clkbuf_0_aclk/A (sky130_fd_sc_hd__clkbuf_16)
     4    0.045437    0.064633    0.164368    0.230956 ^ clkbuf_0_aclk/X (sky130_fd_sc_hd__clkbuf_16)
                                                         clknet_0_aclk (net)
                      0.064665    0.001296    0.232252 ^ clkbuf_2_2__f_aclk/A (sky130_fd_sc_hd__clkbuf_16)
    14    0.044861    0.064201    0.152028    0.384280 ^ clkbuf_2_2__f_aclk/X (sky130_fd_sc_hd__clkbuf_16)
                                                         clknet_2_2__leaf_aclk (net)
                      0.064225    0.001264    0.385544 ^ _1271_/CLK (sky130_fd_sc_hd__dfxtp_1)
     4    0.016667    0.084641    0.350269    0.735813 v _1271_/Q (sky130_fd_sc_hd__dfxtp_1)
                                                         net32 (net)
                      0.084644    0.000595    0.736408 v _0643_/B (sky130_fd_sc_hd__xor2_1)
     2    0.009489    0.094828    0.179776    0.916184 v _0643_/X (sky130_fd_sc_hd__xor2_1)
                                                         _0059_ (net)
                      0.094828    0.000252    0.916436 v _0649_/A3 (sky130_fd_sc_hd__a31o_1)
     3    0.008768    0.062769    0.261037    1.177473 v _0649_/X (sky130_fd_sc_hd__a31o_1)
                                                         _0064_ (net)
                      0.062769    0.000313    1.177785 v _0656_/A2 (sky130_fd_sc_hd__a21bo_1)
     3    0.007565    0.055291    0.214394    1.392179 v _0656_/X (sky130_fd_sc_hd__a21bo_1)
                                                         _0070_ (net)
                      0.055291    0.000139    1.392319 v _0664_/A2 (sky130_fd_sc_hd__a21bo_1)
     3    0.013204    0.077145    0.234435    1.626753 v _0664_/X (sky130_fd_sc_hd__a21bo_1)
                                                         _0077_ (net)
                      0.077146    0.000434    1.627187 v _0678_/B2 (sky130_fd_sc_hd__a221o_1)
     2    0.006135    0.068786    0.346941    1.974128 v _0678_/X (sky130_fd_sc_hd__a221o_1)
                                                         _0089_ (net)
                      0.068786    0.000173    1.974301 v _0686_/A3 (sky130_fd_sc_hd__a31o_1)
     2    0.009389    0.065059    0.252830    2.227131 v _0686_/X (sky130_fd_sc_hd__a31o_1)
                                                         _0096_ (net)
                      0.065060    0.000338    2.227470 v _0690_/A2 (sky130_fd_sc_hd__a21bo_1)
     4    0.016293    0.089839    0.249610    2.477080 v _0690_/X (sky130_fd_sc_hd__a21bo_1)
                                                         _0099_ (net)
                      0.089841    0.000557    2.477637 v _0725_/A1 (sky130_fd_sc_hd__a21oi_1)
     2    0.009899    0.236379    0.235313    2.712950 ^ _0725_/Y (sky130_fd_sc_hd__a21oi_1)
                                                         _0130_ (net)
                      0.236381    0.000436    2.713386 ^ _0758_/A1 (sky130_fd_sc_hd__o31a_1)
     3    0.008807    0.103781    0.215982    2.929368 ^ _0758_/X (sky130_fd_sc_hd__o31a_1)
                                                         _0159_ (net)
                      0.103781    0.000150    2.929517 ^ _0776_/A2 (sky130_fd_sc_hd__a21o_1)
     3    0.008917    0.086039    0.158454    3.087971 ^ _0776_/X (sky130_fd_sc_hd__a21o_1)
                                                         _0175_ (net)
                      0.086039    0.000248    3.088219 ^ _0778_/A1 (sky130_fd_sc_hd__a21o_1)
     3    0.008686    0.084491    0.148050    3.236269 ^ _0778_/X (sky130_fd_sc_hd__a21o_1)
                                                         _0177_ (net)
                      0.084491    0.000175    3.236444 ^ _0784_/A2 (sky130_fd_sc_hd__a21oi_1)
     1    0.003175    0.063899    0.072090    3.308534 v _0784_/Y (sky130_fd_sc_hd__a21oi_1)
                                                         _0182_ (net)
                      0.063899    0.000093    3.308627 v _0786_/B1 (sky130_fd_sc_hd__o221a_1)
     1    0.002060    0.040869    0.219090    3.527717 v _0786_/X (sky130_fd_sc_hd__o221a_1)
                                                         _0019_ (net)
                      0.040869    0.000040    3.527757 v _1289_/D (sky130_fd_sc_hd__dfxtp_1)
                                              3.527757   data arrival time

                                 10.000000   10.000000   clock aclk (rise edge)
                                  0.000000   10.000000   clock source latency
     1    0.020182    0.096542    0.066589   10.066588 ^ aclk (in)
                                                         aclk (net)
                      0.096556    0.000000   10.066588 ^ clkbuf_0_aclk/A (sky130_fd_sc_hd__clkbuf_16)
     4    0.045437    0.064633    0.164367   10.230956 ^ clkbuf_0_aclk/X (sky130_fd_sc_hd__clkbuf_16)
                                                         clknet_0_aclk (net)
                      0.064687    0.001616   10.232573 ^ clkbuf_2_1__f_aclk/A (sky130_fd_sc_hd__clkbuf_16)
    12    0.042878    0.062325    0.151021   10.383594 ^ clkbuf_2_1__f_aclk/X (sky130_fd_sc_hd__clkbuf_16)
                                                         clknet_2_1__leaf_aclk (net)
                      0.062331    0.000669   10.384263 ^ _1289_/CLK (sky130_fd_sc_hd__dfxtp_1)
                                 -0.250000   10.134263   clock uncertainty
                                  0.000000   10.134263   clock reconvergence pessimism
                                 -0.104669   10.029593   library setup time
                                             10.029593   data required time
---------------------------------------------------------------------------------------------
                                             10.029593   data required time
                                             -3.527757   data arrival time
---------------------------------------------------------------------------------------------
                                              6.501837   slack (MET)


Startpoint: _1271_ (rising edge-triggered flip-flop clocked by aclk)
Endpoint: _1287_ (rising edge-triggered flip-flop clocked by aclk)
Path Group: aclk
Path Type: max

Fanout         Cap        Slew       Delay        Time   Description
---------------------------------------------------------------------------------------------
                                  0.000000    0.000000   clock aclk (rise edge)
                                  0.000000    0.000000   clock source latency
     1    0.020182    0.096542    0.066588    0.066588 ^ aclk (in)
                                                         aclk (net)
                      0.096556    0.000000    0.066588 ^ clkbuf_0_aclk/A (sky130_fd_sc_hd__clkbuf_16)
     4    0.045437    0.064633    0.164368    0.230956 ^ clkbuf_0_aclk/X (sky130_fd_sc_hd__clkbuf_16)
                                                         clknet_0_aclk (net)
                      0.064665    0.001296    0.232252 ^ clkbuf_2_2__f_aclk/A (sky130_fd_sc_hd__clkbuf_16)
    14    0.044861    0.064201    0.152028    0.384280 ^ clkbuf_2_2__f_aclk/X (sky130_fd_sc_hd__clkbuf_16)
                                                         clknet_2_2__leaf_aclk (net)
                      0.064225    0.001264    0.385544 ^ _1271_/CLK (sky130_fd_sc_hd__dfxtp_1)
     4    0.016667    0.084641    0.350269    0.735813 v _1271_/Q (sky130_fd_sc_hd__dfxtp_1)
                                                         net32 (net)
                      0.084644    0.000595    0.736408 v _0643_/B (sky130_fd_sc_hd__xor2_1)
     2    0.009489    0.094828    0.179776    0.916184 v _0643_/X (sky130_fd_sc_hd__xor2_1)
                                                         _0059_ (net)
                      0.094828    0.000252    0.916436 v _0649_/A3 (sky130_fd_sc_hd__a31o_1)
     3    0.008768    0.062769    0.261037    1.177473 v _0649_/X (sky130_fd_sc_hd__a31o_1)
                                                         _0064_ (net)
                      0.062769    0.000313    1.177785 v _0656_/A2 (sky130_fd_sc_hd__a21bo_1)
     3    0.007565    0.055291    0.214394    1.392179 v _0656_/X (sky130_fd_sc_hd__a21bo_1)
                                                         _0070_ (net)
                      0.055291    0.000139    1.392319 v _0664_/A2 (sky130_fd_sc_hd__a21bo_1)
     3    0.013204    0.077145    0.234435    1.626753 v _0664_/X (sky130_fd_sc_hd__a21bo_1)
                                                         _0077_ (net)
                      0.077146    0.000434    1.627187 v _0678_/B2 (sky130_fd_sc_hd__a221o_1)
     2    0.006135    0.068786    0.346941    1.974128 v _0678_/X (sky130_fd_sc_hd__a221o_1)
                                                         _0089_ (net)
                      0.068786    0.000173    1.974301 v _0686_/A3 (sky130_fd_sc_hd__a31o_1)
     2    0.009389    0.065059    0.252830    2.227131 v _0686_/X (sky130_fd_sc_hd__a31o_1)
                                                         _0096_ (net)
                      0.065060    0.000338    2.227470 v _0690_/A2 (sky130_fd_sc_hd__a21bo_1)
     4    0.016293    0.089839    0.249610    2.477080 v _0690_/X (sky130_fd_sc_hd__a21bo_1)
                                                         _0099_ (net)
                      0.089841    0.000557    2.477637 v _0725_/A1 (sky130_fd_sc_hd__a21oi_1)
     2    0.009899    0.236379    0.235313    2.712950 ^ _0725_/Y (sky130_fd_sc_hd__a21oi_1)
                                                         _0130_ (net)
                      0.236381    0.000436    2.713386 ^ _0758_/A1 (sky130_fd_sc_hd__o31a_1)
     3    0.008807    0.103781    0.215982    2.929368 ^ _0758_/X (sky130_fd_sc_hd__o31a_1)
                                                         _0159_ (net)
                      0.103781    0.000116    2.929483 ^ _0759_/B (sky130_fd_sc_hd__nand2_1)
     3    0.007825    0.069483    0.091581    3.021064 v _0759_/Y (sky130_fd_sc_hd__nand2_1)
                                                         _0160_ (net)
                      0.069483    0.000188    3.021252 v _0768_/A1 (sky130_fd_sc_hd__a21o_1)
     1    0.004731    0.041198    0.169442    3.190695 v _0768_/X (sky130_fd_sc_hd__a21o_1)
                                                         _0168_ (net)
                      0.041198    0.000140    3.190835 v _0769_/B (sky130_fd_sc_hd__xor2_1)
     1    0.003424    0.064605    0.137484    3.328318 v _0769_/X (sky130_fd_sc_hd__xor2_1)
                                                         _0169_ (net)
                      0.064605    0.000106    3.328424 v _0771_/A2 (sky130_fd_sc_hd__o211a_1)
     1    0.002064    0.035063    0.200656    3.529080 v _0771_/X (sky130_fd_sc_hd__o211a_1)
                                                         _0017_ (net)
                      0.035063    0.000058    3.529138 v _1287_/D (sky130_fd_sc_hd__dfxtp_1)
                                              3.529138   data arrival time

                                 10.000000   10.000000   clock aclk (rise edge)
                                  0.000000   10.000000   clock source latency
     1    0.020182    0.096542    0.066589   10.066588 ^ aclk (in)
                                                         aclk (net)
                      0.096556    0.000000   10.066588 ^ clkbuf_0_aclk/A (sky130_fd_sc_hd__clkbuf_16)
     4    0.045437    0.064633    0.164367   10.230956 ^ clkbuf_0_aclk/X (sky130_fd_sc_hd__clkbuf_16)
                                                         clknet_0_aclk (net)
                      0.064687    0.001616   10.232573 ^ clkbuf_2_1__f_aclk/A (sky130_fd_sc_hd__clkbuf_16)
    12    0.042878    0.062325    0.151021   10.383594 ^ clkbuf_2_1__f_aclk/X (sky130_fd_sc_hd__clkbuf_16)
                                                         clknet_2_1__leaf_aclk (net)
                      0.062332    0.000701   10.384295 ^ _1287_/CLK (sky130_fd_sc_hd__dfxtp_1)
                                 -0.250000   10.134295   clock uncertainty
                                  0.000000   10.134295   clock reconvergence pessimism
                                 -0.102123   10.032172   library setup time
                                             10.032172   data required time
---------------------------------------------------------------------------------------------
                                             10.032172   data required time
                                             -3.529138   data arrival time
---------------------------------------------------------------------------------------------
                                              6.503034   slack (MET)


Startpoint: _1271_ (rising edge-triggered flip-flop clocked by aclk)
Endpoint: _1288_ (rising edge-triggered flip-flop clocked by aclk)
Path Group: aclk
Path Type: max

Fanout         Cap        Slew       Delay        Time   Description
---------------------------------------------------------------------------------------------
                                  0.000000    0.000000   clock aclk (rise edge)
                                  0.000000    0.000000   clock source latency
     1    0.020182    0.096542    0.066588    0.066588 ^ aclk (in)
                                                         aclk (net)
                      0.096556    0.000000    0.066588 ^ clkbuf_0_aclk/A (sky130_fd_sc_hd__clkbuf_16)
     4    0.045437    0.064633    0.164368    0.230956 ^ clkbuf_0_aclk/X (sky130_fd_sc_hd__clkbuf_16)
                                                         clknet_0_aclk (net)
                      0.064665    0.001296    0.232252 ^ clkbuf_2_2__f_aclk/A (sky130_fd_sc_hd__clkbuf_16)
    14    0.044861    0.064201    0.152028    0.384280 ^ clkbuf_2_2__f_aclk/X (sky130_fd_sc_hd__clkbuf_16)
                                                         clknet_2_2__leaf_aclk (net)
                      0.064225    0.001264    0.385544 ^ _1271_/CLK (sky130_fd_sc_hd__dfxtp_1)
     4    0.016667    0.084641    0.350269    0.735813 v _1271_/Q (sky130_fd_sc_hd__dfxtp_1)
                                                         net32 (net)
                      0.084644    0.000595    0.736408 v _0643_/B (sky130_fd_sc_hd__xor2_1)
     2    0.009489    0.094828    0.179776    0.916184 v _0643_/X (sky130_fd_sc_hd__xor2_1)
                                                         _0059_ (net)
                      0.094828    0.000252    0.916436 v _0649_/A3 (sky130_fd_sc_hd__a31o_1)
     3    0.008768    0.062769    0.261037    1.177473 v _0649_/X (sky130_fd_sc_hd__a31o_1)
                                                         _0064_ (net)
                      0.062769    0.000313    1.177785 v _0656_/A2 (sky130_fd_sc_hd__a21bo_1)
     3    0.007565    0.055291    0.214394    1.392179 v _0656_/X (sky130_fd_sc_hd__a21bo_1)
                                                         _0070_ (net)
                      0.055291    0.000139    1.392319 v _0664_/A2 (sky130_fd_sc_hd__a21bo_1)
     3    0.013204    0.077145    0.234435    1.626753 v _0664_/X (sky130_fd_sc_hd__a21bo_1)
                                                         _0077_ (net)
                      0.077146    0.000434    1.627187 v _0678_/B2 (sky130_fd_sc_hd__a221o_1)
     2    0.006135    0.068786    0.346941    1.974128 v _0678_/X (sky130_fd_sc_hd__a221o_1)
                                                         _0089_ (net)
                      0.068786    0.000173    1.974301 v _0686_/A3 (sky130_fd_sc_hd__a31o_1)
     2    0.009389    0.065059    0.252830    2.227131 v _0686_/X (sky130_fd_sc_hd__a31o_1)
                                                         _0096_ (net)
                      0.065060    0.000338    2.227470 v _0690_/A2 (sky130_fd_sc_hd__a21bo_1)
     4    0.016293    0.089839    0.249610    2.477080 v _0690_/X (sky130_fd_sc_hd__a21bo_1)
                                                         _0099_ (net)
                      0.089841    0.000557    2.477637 v _0725_/A1 (sky130_fd_sc_hd__a21oi_1)
     2    0.009899    0.236379    0.235313    2.712950 ^ _0725_/Y (sky130_fd_sc_hd__a21oi_1)
                                                         _0130_ (net)
                      0.236381    0.000436    2.713386 ^ _0758_/A1 (sky130_fd_sc_hd__o31a_1)
     3    0.008807    0.103781    0.215982    2.929368 ^ _0758_/X (sky130_fd_sc_hd__o31a_1)
                                                         _0159_ (net)
                      0.103781    0.000150    2.929517 ^ _0776_/A2 (sky130_fd_sc_hd__a21o_1)
     3    0.008917    0.086039    0.158454    3.087971 ^ _0776_/X (sky130_fd_sc_hd__a21o_1)
                                                         _0175_ (net)
                      0.086039    0.000262    3.088234 ^ _0779_/B (sky130_fd_sc_hd__nand3_1)
     1    0.001979    0.052517    0.071518    3.159752 v _0779_/Y (sky130_fd_sc_hd__nand3_1)
                                                         _0178_ (net)
                      0.052517    0.000056    3.159808 v _0780_/B (sky130_fd_sc_hd__and2_1)
     1    0.003366    0.037669    0.156572    3.316380 v _0780_/X (sky130_fd_sc_hd__and2_1)
                                                         _0179_ (net)
                      0.037669    0.000101    3.316481 v _0782_/A2 (sky130_fd_sc_hd__o211a_1)
     1    0.002020    0.034775    0.190222    3.506703 v _0782_/X (sky130_fd_sc_hd__o211a_1)
                                                         _0018_ (net)
                      0.034775    0.000040    3.506743 v _1288_/D (sky130_fd_sc_hd__dfxtp_1)
                                              3.506743   data arrival time

                                 10.000000   10.000000   clock aclk (rise edge)
                                  0.000000   10.000000   clock source latency
     1    0.020182    0.096542    0.066589   10.066588 ^ aclk (in)
                                                         aclk (net)
                      0.096556    0.000000   10.066588 ^ clkbuf_0_aclk/A (sky130_fd_sc_hd__clkbuf_16)
     4    0.045437    0.064633    0.164367   10.230956 ^ clkbuf_0_aclk/X (sky130_fd_sc_hd__clkbuf_16)
                                                         clknet_0_aclk (net)
                      0.064687    0.001616   10.232573 ^ clkbuf_2_1__f_aclk/A (sky130_fd_sc_hd__clkbuf_16)
    12    0.042878    0.062325    0.151021   10.383594 ^ clkbuf_2_1__f_aclk/X (sky130_fd_sc_hd__clkbuf_16)
                                                         clknet_2_1__leaf_aclk (net)
                      0.062336    0.000826   10.384419 ^ _1288_/CLK (sky130_fd_sc_hd__dfxtp_1)
                                 -0.250000   10.134419   clock uncertainty
                                  0.000000   10.134419   clock reconvergence pessimism
                                 -0.101995   10.032424   library setup time
                                             10.032424   data required time
---------------------------------------------------------------------------------------------
                                             10.032424   data required time
                                             -3.506743   data arrival time
---------------------------------------------------------------------------------------------
                                              6.525681   slack (MET)


Startpoint: _1271_ (rising edge-triggered flip-flop clocked by aclk)
Endpoint: _1284_ (rising edge-triggered flip-flop clocked by aclk)
Path Group: aclk
Path Type: max

Fanout         Cap        Slew       Delay        Time   Description
---------------------------------------------------------------------------------------------
                                  0.000000    0.000000   clock aclk (rise edge)
                                  0.000000    0.000000   clock source latency
     1    0.020182    0.096542    0.066588    0.066588 ^ aclk (in)
                                                         aclk (net)
                      0.096556    0.000000    0.066588 ^ clkbuf_0_aclk/A (sky130_fd_sc_hd__clkbuf_16)
     4    0.045437    0.064633    0.164368    0.230956 ^ clkbuf_0_aclk/X (sky130_fd_sc_hd__clkbuf_16)
                                                         clknet_0_aclk (net)
                      0.064665    0.001296    0.232252 ^ clkbuf_2_2__f_aclk/A (sky130_fd_sc_hd__clkbuf_16)
    14    0.044861    0.064201    0.152028    0.384280 ^ clkbuf_2_2__f_aclk/X (sky130_fd_sc_hd__clkbuf_16)
                                                         clknet_2_2__leaf_aclk (net)
                      0.064225    0.001264    0.385544 ^ _1271_/CLK (sky130_fd_sc_hd__dfxtp_1)
     4    0.016667    0.084641    0.350269    0.735813 v _1271_/Q (sky130_fd_sc_hd__dfxtp_1)
                                                         net32 (net)
                      0.084644    0.000595    0.736408 v _0643_/B (sky130_fd_sc_hd__xor2_1)
     2    0.009489    0.094828    0.179776    0.916184 v _0643_/X (sky130_fd_sc_hd__xor2_1)
                                                         _0059_ (net)
                      0.094828    0.000252    0.916436 v _0649_/A3 (sky130_fd_sc_hd__a31o_1)
     3    0.008768    0.062769    0.261037    1.177473 v _0649_/X (sky130_fd_sc_hd__a31o_1)
                                                         _0064_ (net)
                      0.062769    0.000313    1.177785 v _0656_/A2 (sky130_fd_sc_hd__a21bo_1)
     3    0.007565    0.055291    0.214394    1.392179 v _0656_/X (sky130_fd_sc_hd__a21bo_1)
                                                         _0070_ (net)
                      0.055291    0.000139    1.392319 v _0664_/A2 (sky130_fd_sc_hd__a21bo_1)
     3    0.013204    0.077145    0.234435    1.626753 v _0664_/X (sky130_fd_sc_hd__a21bo_1)
                                                         _0077_ (net)
                      0.077146    0.000434    1.627187 v _0678_/B2 (sky130_fd_sc_hd__a221o_1)
     2    0.006135    0.068786    0.346941    1.974128 v _0678_/X (sky130_fd_sc_hd__a221o_1)
                                                         _0089_ (net)
                      0.068786    0.000173    1.974301 v _0686_/A3 (sky130_fd_sc_hd__a31o_1)
     2    0.009389    0.065059    0.252830    2.227131 v _0686_/X (sky130_fd_sc_hd__a31o_1)
                                                         _0096_ (net)
                      0.065060    0.000338    2.227470 v _0690_/A2 (sky130_fd_sc_hd__a21bo_1)
     4    0.016293    0.089839    0.249610    2.477080 v _0690_/X (sky130_fd_sc_hd__a21bo_1)
                                                         _0099_ (net)
                      0.089841    0.000557    2.477637 v _0725_/A1 (sky130_fd_sc_hd__a21oi_1)
     2    0.009899    0.236379    0.235313    2.712950 ^ _0725_/Y (sky130_fd_sc_hd__a21oi_1)
                                                         _0130_ (net)
                      0.236380    0.000409    2.713359 ^ _0727_/A (sky130_fd_sc_hd__or2_1)
     4    0.011685    0.117821    0.197247    2.910606 ^ _0727_/X (sky130_fd_sc_hd__or2_1)
                                                         _0132_ (net)
                      0.117821    0.000284    2.910890 ^ _0743_/A1 (sky130_fd_sc_hd__o21ai_1)
     2    0.009355    0.096162    0.121579    3.032469 v _0743_/Y (sky130_fd_sc_hd__o21ai_1)
                                                         _0146_ (net)
                      0.096162    0.000304    3.032773 v _0744_/B (sky130_fd_sc_hd__xnor2_1)
     1    0.003275    0.055010    0.142059    3.174832 v _0744_/Y (sky130_fd_sc_hd__xnor2_1)
                                                         _0147_ (net)
                      0.055010    0.000099    3.174930 v _0746_/A2 (sky130_fd_sc_hd__o211a_1)
     1    0.002673    0.037804    0.201128    3.376059 v _0746_/X (sky130_fd_sc_hd__o211a_1)
                                                         _0014_ (net)
                      0.037804    0.000080    3.376138 v _1284_/D (sky130_fd_sc_hd__dfxtp_1)
                                              3.376138   data arrival time

                                 10.000000   10.000000   clock aclk (rise edge)
                                  0.000000   10.000000   clock source latency
     1    0.020182    0.096542    0.066589   10.066588 ^ aclk (in)
                                                         aclk (net)
                      0.096556    0.000000   10.066588 ^ clkbuf_0_aclk/A (sky130_fd_sc_hd__clkbuf_16)
     4    0.045437    0.064633    0.164367   10.230956 ^ clkbuf_0_aclk/X (sky130_fd_sc_hd__clkbuf_16)
                                                         clknet_0_aclk (net)
                      0.064687    0.001616   10.232573 ^ clkbuf_2_1__f_aclk/A (sky130_fd_sc_hd__clkbuf_16)
    12    0.042878    0.062325    0.151021   10.383594 ^ clkbuf_2_1__f_aclk/X (sky130_fd_sc_hd__clkbuf_16)
                                                         clknet_2_1__leaf_aclk (net)
                      0.062362    0.001330   10.384924 ^ _1284_/CLK (sky130_fd_sc_hd__dfxtp_1)
                                 -0.250000   10.134924   clock uncertainty
                                  0.000000   10.134924   clock reconvergence pessimism
                                 -0.103318   10.031607   library setup time
                                             10.031607   data required time
---------------------------------------------------------------------------------------------
                                             10.031607   data required time
                                             -3.376138   data arrival time
---------------------------------------------------------------------------------------------
                                              6.655468   slack (MET)


Startpoint: _1291_ (rising edge-triggered flip-flop clocked by aclk)
Endpoint: m_axis_tdata[21] (output port clocked by aclk)
Path Group: aclk
Path Type: max

Fanout         Cap        Slew       Delay        Time   Description
---------------------------------------------------------------------------------------------
                                  0.000000    0.000000   clock aclk (rise edge)
                                  0.000000    0.000000   clock source latency
     1    0.020182    0.096542    0.066588    0.066588 ^ aclk (in)
                                                         aclk (net)
                      0.096556    0.000000    0.066588 ^ clkbuf_0_aclk/A (sky130_fd_sc_hd__clkbuf_16)
     4    0.045437    0.064633    0.164368    0.230956 ^ clkbuf_0_aclk/X (sky130_fd_sc_hd__clkbuf_16)
                                                         clknet_0_aclk (net)
                      0.064687    0.001617    0.232573 ^ clkbuf_2_1__f_aclk/A (sky130_fd_sc_hd__clkbuf_16)
    12    0.042878    0.062325    0.151021    0.383594 ^ clkbuf_2_1__f_aclk/X (sky130_fd_sc_hd__clkbuf_16)
                                                         clknet_2_1__leaf_aclk (net)
                      0.062347    0.001067    0.384661 ^ _1291_/CLK (sky130_fd_sc_hd__dfxtp_1)
     5    0.022994    0.219766    0.436743    0.821404 ^ _1291_/Q (sky130_fd_sc_hd__dfxtp_1)
                                                         net34 (net)
                      0.219766    0.000353    0.821757 ^ output34/A (sky130_fd_sc_hd__buf_2)
     1    0.034072    0.169813    0.252324    1.074082 ^ output34/X (sky130_fd_sc_hd__buf_2)
                                                         m_axis_tdata[21] (net)
                      0.169813    0.000623    1.074704 ^ m_axis_tdata[21] (out)
                                              1.074704   data arrival time

                                 10.000000   10.000000   clock aclk (rise edge)
                                  0.000000   10.000000   clock network delay (propagated)
                                 -0.250000    9.750000   clock uncertainty
                                  0.000000    9.750000   clock reconvergence pessimism
                                 -2.000000    7.750000   output external delay
                                              7.750000   data required time
---------------------------------------------------------------------------------------------
                                              7.750000   data required time
                                             -1.074704   data arrival time
---------------------------------------------------------------------------------------------
                                              6.675296   slack (MET)


Startpoint: _1286_ (rising edge-triggered flip-flop clocked by aclk)
Endpoint: m_axis_tdata[16] (output port clocked by aclk)
Path Group: aclk
Path Type: max

Fanout         Cap        Slew       Delay        Time   Description
---------------------------------------------------------------------------------------------
                                  0.000000    0.000000   clock aclk (rise edge)
                                  0.000000    0.000000   clock source latency
     1    0.020182    0.096542    0.066588    0.066588 ^ aclk (in)
                                                         aclk (net)
                      0.096556    0.000000    0.066588 ^ clkbuf_0_aclk/A (sky130_fd_sc_hd__clkbuf_16)
     4    0.045437    0.064633    0.164368    0.230956 ^ clkbuf_0_aclk/X (sky130_fd_sc_hd__clkbuf_16)
                                                         clknet_0_aclk (net)
                      0.064672    0.001402    0.232358 ^ clkbuf_2_0__f_aclk/A (sky130_fd_sc_hd__clkbuf_16)
    14    0.044588    0.063830    0.152034    0.384392 ^ clkbuf_2_0__f_aclk/X (sky130_fd_sc_hd__clkbuf_16)
                                                         clknet_2_0__leaf_aclk (net)
                      0.063836    0.000777    0.385168 ^ _1286_/CLK (sky130_fd_sc_hd__dfxtp_1)
     6    0.022689    0.217084    0.435335    0.820503 ^ _1286_/Q (sky130_fd_sc_hd__dfxtp_1)
                                                         net28 (net)
                      0.217084    0.000791    0.821294 ^ output28/A (sky130_fd_sc_hd__buf_2)
     1    0.034024    0.169593    0.251416    1.072710 ^ output28/X (sky130_fd_sc_hd__buf_2)
                                                         m_axis_tdata[16] (net)
                      0.169593    0.000654    1.073364 ^ m_axis_tdata[16] (out)
                                              1.073364   data arrival time

                                 10.000000   10.000000   clock aclk (rise edge)
                                  0.000000   10.000000   clock network delay (propagated)
                                 -0.250000    9.750000   clock uncertainty
                                  0.000000    9.750000   clock reconvergence pessimism
                                 -2.000000    7.750000   output external delay
                                              7.750000   data required time
---------------------------------------------------------------------------------------------
                                              7.750000   data required time
                                             -1.073364   data arrival time
---------------------------------------------------------------------------------------------
                                              6.676636   slack (MET)


Startpoint: _1295_ (rising edge-triggered flip-flop clocked by aclk)
Endpoint: m_axis_tdata[25] (output port clocked by aclk)
Path Group: aclk
Path Type: max

Fanout         Cap        Slew       Delay        Time   Description
---------------------------------------------------------------------------------------------
                                  0.000000    0.000000   clock aclk (rise edge)
                                  0.000000    0.000000   clock source latency
     1    0.020182    0.096542    0.066588    0.066588 ^ aclk (in)
                                                         aclk (net)
                      0.096556    0.000000    0.066588 ^ clkbuf_0_aclk/A (sky130_fd_sc_hd__clkbuf_16)
     4    0.045437    0.064633    0.164368    0.230956 ^ clkbuf_0_aclk/X (sky130_fd_sc_hd__clkbuf_16)
                                                         clknet_0_aclk (net)
                      0.064669    0.001359    0.232315 ^ clkbuf_2_3__f_aclk/A (sky130_fd_sc_hd__clkbuf_16)
    14    0.047617    0.066605    0.154405    0.386720 ^ clkbuf_2_3__f_aclk/X (sky130_fd_sc_hd__clkbuf_16)
                                                         clknet_2_3__leaf_aclk (net)
                      0.066627    0.001140    0.387860 ^ _1295_/CLK (sky130_fd_sc_hd__dfxtp_1)
     5    0.021222    0.203864    0.427046    0.814906 ^ _1295_/Q (sky130_fd_sc_hd__dfxtp_1)
                                                         net38 (net)
                      0.203864    0.000481    0.815387 ^ output38/A (sky130_fd_sc_hd__buf_2)
     1    0.034123    0.170030    0.248176    1.063563 ^ output38/X (sky130_fd_sc_hd__buf_2)
                                                         m_axis_tdata[25] (net)
                      0.170030    0.000644    1.064207 ^ m_axis_tdata[25] (out)
                                              1.064207   data arrival time

                                 10.000000   10.000000   clock aclk (rise edge)
                                  0.000000   10.000000   clock network delay (propagated)
                                 -0.250000    9.750000   clock uncertainty
                                  0.000000    9.750000   clock reconvergence pessimism
                                 -2.000000    7.750000   output external delay
                                              7.750000   data required time
---------------------------------------------------------------------------------------------
                                              7.750000   data required time
                                             -1.064207   data arrival time
---------------------------------------------------------------------------------------------
                                              6.685792   slack (MET)


Startpoint: _1290_ (rising edge-triggered flip-flop clocked by aclk)
Endpoint: m_axis_tdata[20] (output port clocked by aclk)
Path Group: aclk
Path Type: max

Fanout         Cap        Slew       Delay        Time   Description
---------------------------------------------------------------------------------------------
                                  0.000000    0.000000   clock aclk (rise edge)
                                  0.000000    0.000000   clock source latency
     1    0.020182    0.096542    0.066588    0.066588 ^ aclk (in)
                                                         aclk (net)
                      0.096556    0.000000    0.066588 ^ clkbuf_0_aclk/A (sky130_fd_sc_hd__clkbuf_16)
     4    0.045437    0.064633    0.164368    0.230956 ^ clkbuf_0_aclk/X (sky130_fd_sc_hd__clkbuf_16)
                                                         clknet_0_aclk (net)
                      0.064687    0.001617    0.232573 ^ clkbuf_2_1__f_aclk/A (sky130_fd_sc_hd__clkbuf_16)
    12    0.042878    0.062325    0.151021    0.383594 ^ clkbuf_2_1__f_aclk/X (sky130_fd_sc_hd__clkbuf_16)
                                                         clknet_2_1__leaf_aclk (net)
                      0.062344    0.001001    0.384595 ^ _1290_/CLK (sky130_fd_sc_hd__dfxtp_1)
     6    0.020565    0.197935    0.421205    0.805799 ^ _1290_/Q (sky130_fd_sc_hd__dfxtp_1)
                                                         net33 (net)
                      0.197935    0.000269    0.806069 ^ output33/A (sky130_fd_sc_hd__buf_2)
     1    0.034286    0.170781    0.247099    1.053167 ^ output33/X (sky130_fd_sc_hd__buf_2)
                                                         m_axis_tdata[20] (net)
                      0.170781    0.000666    1.053833 ^ m_axis_tdata[20] (out)
                                              1.053833   data arrival time

                                 10.000000   10.000000   clock aclk (rise edge)
                                  0.000000   10.000000   clock network delay (propagated)
                                 -0.250000    9.750000   clock uncertainty
                                  0.000000    9.750000   clock reconvergence pessimism
                                 -2.000000    7.750000   output external delay
                                              7.750000   data required time
---------------------------------------------------------------------------------------------
                                              7.750000   data required time
                                             -1.053833   data arrival time
---------------------------------------------------------------------------------------------
                                              6.696167   slack (MET)


Startpoint: _1283_ (rising edge-triggered flip-flop clocked by aclk)
Endpoint: m_axis_tdata[13] (output port clocked by aclk)
Path Group: aclk
Path Type: max

Fanout         Cap        Slew       Delay        Time   Description
---------------------------------------------------------------------------------------------
                                  0.000000    0.000000   clock aclk (rise edge)
                                  0.000000    0.000000   clock source latency
     1    0.020182    0.096542    0.066588    0.066588 ^ aclk (in)
                                                         aclk (net)
                      0.096556    0.000000    0.066588 ^ clkbuf_0_aclk/A (sky130_fd_sc_hd__clkbuf_16)
     4    0.045437    0.064633    0.164368    0.230956 ^ clkbuf_0_aclk/X (sky130_fd_sc_hd__clkbuf_16)
                                                         clknet_0_aclk (net)
                      0.064672    0.001402    0.232358 ^ clkbuf_2_0__f_aclk/A (sky130_fd_sc_hd__clkbuf_16)
    14    0.044588    0.063830    0.152034    0.384392 ^ clkbuf_2_0__f_aclk/X (sky130_fd_sc_hd__clkbuf_16)
                                                         clknet_2_0__leaf_aclk (net)
                      0.063852    0.001159    0.385550 ^ _1283_/CLK (sky130_fd_sc_hd__dfxtp_1)
     5    0.019275    0.186306    0.413511    0.799061 ^ _1283_/Q (sky130_fd_sc_hd__dfxtp_1)
                                                         net25 (net)
                      0.186306    0.000421    0.799482 ^ output25/A (sky130_fd_sc_hd__buf_2)
     1    0.034323    0.170948    0.244029    1.043511 ^ output25/X (sky130_fd_sc_hd__buf_2)
                                                         m_axis_tdata[13] (net)
                      0.170949    0.000733    1.044244 ^ m_axis_tdata[13] (out)
                                              1.044244   data arrival time

                                 10.000000   10.000000   clock aclk (rise edge)
                                  0.000000   10.000000   clock network delay (propagated)
                                 -0.250000    9.750000   clock uncertainty
                                  0.000000    9.750000   clock reconvergence pessimism
                                 -2.000000    7.750000   output external delay
                                              7.750000   data required time
---------------------------------------------------------------------------------------------
                                              7.750000   data required time
                                             -1.044244   data arrival time
---------------------------------------------------------------------------------------------
                                              6.705756   slack (MET)


Startpoint: _1294_ (rising edge-triggered flip-flop clocked by aclk)
Endpoint: m_axis_tdata[24] (output port clocked by aclk)
Path Group: aclk
Path Type: max

Fanout         Cap        Slew       Delay        Time   Description
---------------------------------------------------------------------------------------------
                                  0.000000    0.000000   clock aclk (rise edge)
                                  0.000000    0.000000   clock source latency
     1    0.020182    0.096542    0.066588    0.066588 ^ aclk (in)
                                                         aclk (net)
                      0.096556    0.000000    0.066588 ^ clkbuf_0_aclk/A (sky130_fd_sc_hd__clkbuf_16)
     4    0.045437    0.064633    0.164368    0.230956 ^ clkbuf_0_aclk/X (sky130_fd_sc_hd__clkbuf_16)
                                                         clknet_0_aclk (net)
                      0.064687    0.001617    0.232573 ^ clkbuf_2_1__f_aclk/A (sky130_fd_sc_hd__clkbuf_16)
    12    0.042878    0.062325    0.151021    0.383594 ^ clkbuf_2_1__f_aclk/X (sky130_fd_sc_hd__clkbuf_16)
                                                         clknet_2_1__leaf_aclk (net)
                      0.062338    0.000868    0.384463 ^ _1294_/CLK (sky130_fd_sc_hd__dfxtp_1)
     6    0.019400    0.187413    0.413794    0.798257 ^ _1294_/Q (sky130_fd_sc_hd__dfxtp_1)
                                                         net37 (net)
                      0.187413    0.000379    0.798636 ^ output37/A (sky130_fd_sc_hd__buf_2)
     1    0.033922    0.169070    0.243074    1.041710 ^ output37/X (sky130_fd_sc_hd__buf_2)
                                                         m_axis_tdata[24] (net)
                      0.169070    0.000622    1.042332 ^ m_axis_tdata[24] (out)
                                              1.042332   data arrival time

                                 10.000000   10.000000   clock aclk (rise edge)
                                  0.000000   10.000000   clock network delay (propagated)
                                 -0.250000    9.750000   clock uncertainty
                                  0.000000    9.750000   clock reconvergence pessimism
                                 -2.000000    7.750000   output external delay
                                              7.750000   data required time
---------------------------------------------------------------------------------------------
                                              7.750000   data required time
                                             -1.042332   data arrival time
---------------------------------------------------------------------------------------------
                                              6.707668   slack (MET)


Startpoint: _1287_ (rising edge-triggered flip-flop clocked by aclk)
Endpoint: m_axis_tdata[17] (output port clocked by aclk)
Path Group: aclk
Path Type: max

Fanout         Cap        Slew       Delay        Time   Description
---------------------------------------------------------------------------------------------
                                  0.000000    0.000000   clock aclk (rise edge)
                                  0.000000    0.000000   clock source latency
     1    0.020182    0.096542    0.066588    0.066588 ^ aclk (in)
                                                         aclk (net)
                      0.096556    0.000000    0.066588 ^ clkbuf_0_aclk/A (sky130_fd_sc_hd__clkbuf_16)
     4    0.045437    0.064633    0.164368    0.230956 ^ clkbuf_0_aclk/X (sky130_fd_sc_hd__clkbuf_16)
                                                         clknet_0_aclk (net)
                      0.064687    0.001617    0.232573 ^ clkbuf_2_1__f_aclk/A (sky130_fd_sc_hd__clkbuf_16)
    12    0.042878    0.062325    0.151021    0.383594 ^ clkbuf_2_1__f_aclk/X (sky130_fd_sc_hd__clkbuf_16)
                                                         clknet_2_1__leaf_aclk (net)
                      0.062332    0.000700    0.384294 ^ _1287_/CLK (sky130_fd_sc_hd__dfxtp_1)
     5    0.018909    0.182974    0.410665    0.794959 ^ _1287_/Q (sky130_fd_sc_hd__dfxtp_1)
                                                         net29 (net)
                      0.182974    0.000320    0.795279 ^ output29/A (sky130_fd_sc_hd__buf_2)
     1    0.034066    0.169731    0.242352    1.037631 ^ output29/X (sky130_fd_sc_hd__buf_2)
                                                         m_axis_tdata[17] (net)
                      0.169731    0.000622    1.038253 ^ m_axis_tdata[17] (out)
                                              1.038253   data arrival time

                                 10.000000   10.000000   clock aclk (rise edge)
                                  0.000000   10.000000   clock network delay (propagated)
                                 -0.250000    9.750000   clock uncertainty
                                  0.000000    9.750000   clock reconvergence pessimism
                                 -2.000000    7.750000   output external delay
                                              7.750000   data required time
---------------------------------------------------------------------------------------------
                                              7.750000   data required time
                                             -1.038253   data arrival time
---------------------------------------------------------------------------------------------
                                              6.711747   slack (MET)


Startpoint: _1282_ (rising edge-triggered flip-flop clocked by aclk)
Endpoint: m_axis_tdata[12] (output port clocked by aclk)
Path Group: aclk
Path Type: max

Fanout         Cap        Slew       Delay        Time   Description
---------------------------------------------------------------------------------------------
                                  0.000000    0.000000   clock aclk (rise edge)
                                  0.000000    0.000000   clock source latency
     1    0.020182    0.096542    0.066588    0.066588 ^ aclk (in)
                                                         aclk (net)
                      0.096556    0.000000    0.066588 ^ clkbuf_0_aclk/A (sky130_fd_sc_hd__clkbuf_16)
     4    0.045437    0.064633    0.164368    0.230956 ^ clkbuf_0_aclk/X (sky130_fd_sc_hd__clkbuf_16)
                                                         clknet_0_aclk (net)
                      0.064672    0.001402    0.232358 ^ clkbuf_2_0__f_aclk/A (sky130_fd_sc_hd__clkbuf_16)
    14    0.044588    0.063830    0.152034    0.384392 ^ clkbuf_2_0__f_aclk/X (sky130_fd_sc_hd__clkbuf_16)
                                                         clknet_2_0__leaf_aclk (net)
                      0.063838    0.000835    0.385227 ^ _1282_/CLK (sky130_fd_sc_hd__dfxtp_1)
     5    0.018054    0.175341    0.405511    0.790738 ^ _1282_/Q (sky130_fd_sc_hd__dfxtp_1)
                                                         net24 (net)
                      0.175343    0.000846    0.791584 ^ output24/A (sky130_fd_sc_hd__buf_2)
     1    0.034326    0.170948    0.241074    1.032658 ^ output24/X (sky130_fd_sc_hd__buf_2)
                                                         m_axis_tdata[12] (net)
                      0.170949    0.000733    1.033391 ^ m_axis_tdata[12] (out)
                                              1.033391   data arrival time

                                 10.000000   10.000000   clock aclk (rise edge)
                                  0.000000   10.000000   clock network delay (propagated)
                                 -0.250000    9.750000   clock uncertainty
                                  0.000000    9.750000   clock reconvergence pessimism
                                 -2.000000    7.750000   output external delay
                                              7.750000   data required time
---------------------------------------------------------------------------------------------
                                              7.750000   data required time
                                             -1.033391   data arrival time
---------------------------------------------------------------------------------------------
                                              6.716609   slack (MET)


Startpoint: _1271_ (rising edge-triggered flip-flop clocked by aclk)
Endpoint: _1283_ (rising edge-triggered flip-flop clocked by aclk)
Path Group: aclk
Path Type: max

Fanout         Cap        Slew       Delay        Time   Description
---------------------------------------------------------------------------------------------
                                  0.000000    0.000000   clock aclk (rise edge)
                                  0.000000    0.000000   clock source latency
     1    0.020182    0.096542    0.066588    0.066588 ^ aclk (in)
                                                         aclk (net)
                      0.096556    0.000000    0.066588 ^ clkbuf_0_aclk/A (sky130_fd_sc_hd__clkbuf_16)
     4    0.045437    0.064633    0.164368    0.230956 ^ clkbuf_0_aclk/X (sky130_fd_sc_hd__clkbuf_16)
                                                         clknet_0_aclk (net)
                      0.064665    0.001296    0.232252 ^ clkbuf_2_2__f_aclk/A (sky130_fd_sc_hd__clkbuf_16)
    14    0.044861    0.064201    0.152028    0.384280 ^ clkbuf_2_2__f_aclk/X (sky130_fd_sc_hd__clkbuf_16)
                                                         clknet_2_2__leaf_aclk (net)
                      0.064225    0.001264    0.385544 ^ _1271_/CLK (sky130_fd_sc_hd__dfxtp_1)
     4    0.016667    0.084641    0.350269    0.735813 v _1271_/Q (sky130_fd_sc_hd__dfxtp_1)
                                                         net32 (net)
                      0.084644    0.000595    0.736408 v _0643_/B (sky130_fd_sc_hd__xor2_1)
     2    0.009489    0.094828    0.179776    0.916184 v _0643_/X (sky130_fd_sc_hd__xor2_1)
                                                         _0059_ (net)
                      0.094828    0.000252    0.916436 v _0649_/A3 (sky130_fd_sc_hd__a31o_1)
     3    0.008768    0.062769    0.261037    1.177473 v _0649_/X (sky130_fd_sc_hd__a31o_1)
                                                         _0064_ (net)
                      0.062769    0.000313    1.177785 v _0656_/A2 (sky130_fd_sc_hd__a21bo_1)
     3    0.007565    0.055291    0.214394    1.392179 v _0656_/X (sky130_fd_sc_hd__a21bo_1)
                                                         _0070_ (net)
                      0.055291    0.000139    1.392319 v _0664_/A2 (sky130_fd_sc_hd__a21bo_1)
     3    0.013204    0.077145    0.234435    1.626753 v _0664_/X (sky130_fd_sc_hd__a21bo_1)
                                                         _0077_ (net)
                      0.077146    0.000434    1.627187 v _0678_/B2 (sky130_fd_sc_hd__a221o_1)
     2    0.006135    0.068786    0.346941    1.974128 v _0678_/X (sky130_fd_sc_hd__a221o_1)
                                                         _0089_ (net)
                      0.068786    0.000173    1.974301 v _0686_/A3 (sky130_fd_sc_hd__a31o_1)
     2    0.009389    0.065059    0.252830    2.227131 v _0686_/X (sky130_fd_sc_hd__a31o_1)
                                                         _0096_ (net)
                      0.065060    0.000338    2.227470 v _0690_/A2 (sky130_fd_sc_hd__a21bo_1)
     4    0.016293    0.089839    0.249610    2.477080 v _0690_/X (sky130_fd_sc_hd__a21bo_1)
                                                         _0099_ (net)
                      0.089841    0.000557    2.477637 v _0725_/A1 (sky130_fd_sc_hd__a21oi_1)
     2    0.009899    0.236379    0.235313    2.712950 ^ _0725_/Y (sky130_fd_sc_hd__a21oi_1)
                                                         _0130_ (net)
                      0.236380    0.000409    2.713359 ^ _0727_/A (sky130_fd_sc_hd__or2_1)
     4    0.011685    0.117821    0.197247    2.910606 ^ _0727_/X (sky130_fd_sc_hd__or2_1)
                                                         _0132_ (net)
                      0.117821    0.000321    2.910927 ^ _0733_/A2 (sky130_fd_sc_hd__o21a_1)
     2    0.005946    0.067951    0.140632    3.051559 ^ _0733_/X (sky130_fd_sc_hd__o21a_1)
                                                         _0137_ (net)
                      0.067951    0.000163    3.051722 ^ _0735_/A2 (sky130_fd_sc_hd__o21ai_1)
     1    0.003037    0.066209    0.059441    3.111163 v _0735_/Y (sky130_fd_sc_hd__o21ai_1)
                                                         _0139_ (net)
                      0.066209    0.000092    3.111255 v _0736_/B2 (sky130_fd_sc_hd__o221a_1)
     1    0.001986    0.040389    0.201545    3.312799 v _0736_/X (sky130_fd_sc_hd__o221a_1)
                                                         _0013_ (net)
                      0.040389    0.000056    3.312855 v _1283_/D (sky130_fd_sc_hd__dfxtp_1)
                                              3.312855   data arrival time

                                 10.000000   10.000000   clock aclk (rise edge)
                                  0.000000   10.000000   clock source latency
     1    0.020182    0.096542    0.066589   10.066588 ^ aclk (in)
                                                         aclk (net)
                      0.096556    0.000000   10.066588 ^ clkbuf_0_aclk/A (sky130_fd_sc_hd__clkbuf_16)
     4    0.045437    0.064633    0.164367   10.230956 ^ clkbuf_0_aclk/X (sky130_fd_sc_hd__clkbuf_16)
                                                         clknet_0_aclk (net)
                      0.064672    0.001402   10.232358 ^ clkbuf_2_0__f_aclk/A (sky130_fd_sc_hd__clkbuf_16)
    14    0.044588    0.063830    0.152033   10.384392 ^ clkbuf_2_0__f_aclk/X (sky130_fd_sc_hd__clkbuf_16)
                                                         clknet_2_0__leaf_aclk (net)
                      0.063852    0.001159   10.385550 ^ _1283_/CLK (sky130_fd_sc_hd__dfxtp_1)
                                 -0.250000   10.135550   clock uncertainty
                                  0.000000   10.135550   clock reconvergence pessimism
                                 -0.104104   10.031447   library setup time
                                             10.031447   data required time
---------------------------------------------------------------------------------------------
                                             10.031447   data required time
                                             -3.312855   data arrival time
---------------------------------------------------------------------------------------------
                                              6.718592   slack (MET)


Startpoint: _1271_ (rising edge-triggered flip-flop clocked by aclk)
Endpoint: m_axis_tdata[1] (output port clocked by aclk)
Path Group: aclk
Path Type: max

Fanout         Cap        Slew       Delay        Time   Description
---------------------------------------------------------------------------------------------
                                  0.000000    0.000000   clock aclk (rise edge)
                                  0.000000    0.000000   clock source latency
     1    0.020182    0.096542    0.066588    0.066588 ^ aclk (in)
                                                         aclk (net)
                      0.096556    0.000000    0.066588 ^ clkbuf_0_aclk/A (sky130_fd_sc_hd__clkbuf_16)
     4    0.045437    0.064633    0.164368    0.230956 ^ clkbuf_0_aclk/X (sky130_fd_sc_hd__clkbuf_16)
                                                         clknet_0_aclk (net)
                      0.064665    0.001296    0.232252 ^ clkbuf_2_2__f_aclk/A (sky130_fd_sc_hd__clkbuf_16)
    14    0.044861    0.064201    0.152028    0.384280 ^ clkbuf_2_2__f_aclk/X (sky130_fd_sc_hd__clkbuf_16)
                                                         clknet_2_2__leaf_aclk (net)
                      0.064225    0.001264    0.385544 ^ _1271_/CLK (sky130_fd_sc_hd__dfxtp_1)
     4    0.017439    0.169775    0.401814    0.787359 ^ _1271_/Q (sky130_fd_sc_hd__dfxtp_1)
                                                         net32 (net)
                      0.169775    0.000483    0.787842 ^ output32/A (sky130_fd_sc_hd__buf_2)
     1    0.034413    0.171359    0.239815    1.027656 ^ output32/X (sky130_fd_sc_hd__buf_2)
                                                         m_axis_tdata[1] (net)
                      0.171360    0.000796    1.028452 ^ m_axis_tdata[1] (out)
                                              1.028452   data arrival time

                                 10.000000   10.000000   clock aclk (rise edge)
                                  0.000000   10.000000   clock network delay (propagated)
                                 -0.250000    9.750000   clock uncertainty
                                  0.000000    9.750000   clock reconvergence pessimism
                                 -2.000000    7.750000   output external delay
                                              7.750000   data required time
---------------------------------------------------------------------------------------------
                                              7.750000   data required time
                                             -1.028452   data arrival time
---------------------------------------------------------------------------------------------
                                              6.721548   slack (MET)


Startpoint: _1281_ (rising edge-triggered flip-flop clocked by aclk)
Endpoint: m_axis_tdata[11] (output port clocked by aclk)
Path Group: aclk
Path Type: max

Fanout         Cap        Slew       Delay        Time   Description
---------------------------------------------------------------------------------------------
                                  0.000000    0.000000   clock aclk (rise edge)
                                  0.000000    0.000000   clock source latency
     1    0.020182    0.096542    0.066588    0.066588 ^ aclk (in)
                                                         aclk (net)
                      0.096556    0.000000    0.066588 ^ clkbuf_0_aclk/A (sky130_fd_sc_hd__clkbuf_16)
     4    0.045437    0.064633    0.164368    0.230956 ^ clkbuf_0_aclk/X (sky130_fd_sc_hd__clkbuf_16)
                                                         clknet_0_aclk (net)
                      0.064687    0.001617    0.232573 ^ clkbuf_2_1__f_aclk/A (sky130_fd_sc_hd__clkbuf_16)
    12    0.042878    0.062325    0.151021    0.383594 ^ clkbuf_2_1__f_aclk/X (sky130_fd_sc_hd__clkbuf_16)
                                                         clknet_2_1__leaf_aclk (net)
                      0.062333    0.000736    0.384330 ^ _1281_/CLK (sky130_fd_sc_hd__dfxtp_1)
     5    0.016270    0.159222    0.393664    0.777993 ^ _1281_/Q (sky130_fd_sc_hd__dfxtp_1)
                                                         net23 (net)
                      0.159222    0.000310    0.778303 ^ output23/A (sky130_fd_sc_hd__buf_2)
     1    0.034283    0.170719    0.236612    1.014915 ^ output23/X (sky130_fd_sc_hd__buf_2)
                                                         m_axis_tdata[11] (net)
                      0.170720    0.000676    1.015591 ^ m_axis_tdata[11] (out)
                                              1.015591   data arrival time

                                 10.000000   10.000000   clock aclk (rise edge)
                                  0.000000   10.000000   clock network delay (propagated)
                                 -0.250000    9.750000   clock uncertainty
                                  0.000000    9.750000   clock reconvergence pessimism
                                 -2.000000    7.750000   output external delay
                                              7.750000   data required time
---------------------------------------------------------------------------------------------
                                              7.750000   data required time
                                             -1.015591   data arrival time
---------------------------------------------------------------------------------------------
                                              6.734409   slack (MET)


Startpoint: _1270_ (rising edge-triggered flip-flop clocked by aclk)
Endpoint: m_axis_tdata[0] (output port clocked by aclk)
Path Group: aclk
Path Type: max

Fanout         Cap        Slew       Delay        Time   Description
---------------------------------------------------------------------------------------------
                                  0.000000    0.000000   clock aclk (rise edge)
                                  0.000000    0.000000   clock source latency
     1    0.020182    0.096542    0.066588    0.066588 ^ aclk (in)
                                                         aclk (net)
                      0.096556    0.000000    0.066588 ^ clkbuf_0_aclk/A (sky130_fd_sc_hd__clkbuf_16)
     4    0.045437    0.064633    0.164368    0.230956 ^ clkbuf_0_aclk/X (sky130_fd_sc_hd__clkbuf_16)
                                                         clknet_0_aclk (net)
                      0.064665    0.001296    0.232252 ^ clkbuf_2_2__f_aclk/A (sky130_fd_sc_hd__clkbuf_16)
    14    0.044861    0.064201    0.152028    0.384280 ^ clkbuf_2_2__f_aclk/X (sky130_fd_sc_hd__clkbuf_16)
                                                         clknet_2_2__leaf_aclk (net)
                      0.064443    0.002750    0.387031 ^ _1270_/CLK (sky130_fd_sc_hd__dfxtp_1)
     4    0.015658    0.153712    0.390506    0.777537 ^ _1270_/Q (sky130_fd_sc_hd__dfxtp_1)
                                                         net21 (net)
                      0.153713    0.000604    0.778141 ^ output21/A (sky130_fd_sc_hd__buf_2)
     1    0.034413    0.171339    0.235471    1.013612 ^ output21/X (sky130_fd_sc_hd__buf_2)
                                                         m_axis_tdata[0] (net)
                      0.171340    0.000796    1.014408 ^ m_axis_tdata[0] (out)
                                              1.014408   data arrival time

                                 10.000000   10.000000   clock aclk (rise edge)
                                  0.000000   10.000000   clock network delay (propagated)
                                 -0.250000    9.750000   clock uncertainty
                                  0.000000    9.750000   clock reconvergence pessimism
                                 -2.000000    7.750000   output external delay
                                              7.750000   data required time
---------------------------------------------------------------------------------------------
                                              7.750000   data required time
                                             -1.014408   data arrival time
---------------------------------------------------------------------------------------------
                                              6.735592   slack (MET)


Startpoint: _1279_ (rising edge-triggered flip-flop clocked by aclk)
Endpoint: m_axis_tdata[9] (output port clocked by aclk)
Path Group: aclk
Path Type: max

Fanout         Cap        Slew       Delay        Time   Description
---------------------------------------------------------------------------------------------
                                  0.000000    0.000000   clock aclk (rise edge)
                                  0.000000    0.000000   clock source latency
     1    0.020182    0.096542    0.066588    0.066588 ^ aclk (in)
                                                         aclk (net)
                      0.096556    0.000000    0.066588 ^ clkbuf_0_aclk/A (sky130_fd_sc_hd__clkbuf_16)
     4    0.045437    0.064633    0.164368    0.230956 ^ clkbuf_0_aclk/X (sky130_fd_sc_hd__clkbuf_16)
                                                         clknet_0_aclk (net)
                      0.064669    0.001359    0.232315 ^ clkbuf_2_3__f_aclk/A (sky130_fd_sc_hd__clkbuf_16)
    14    0.047617    0.066605    0.154405    0.386720 ^ clkbuf_2_3__f_aclk/X (sky130_fd_sc_hd__clkbuf_16)
                                                         clknet_2_3__leaf_aclk (net)
                      0.066621    0.001008    0.387727 ^ _1279_/CLK (sky130_fd_sc_hd__dfxtp_1)
     4    0.015385    0.151266    0.389538    0.777266 ^ _1279_/Q (sky130_fd_sc_hd__dfxtp_1)
                                                         net52 (net)
                      0.151266    0.000471    0.777737 ^ output52/A (sky130_fd_sc_hd__buf_2)
     1    0.034068    0.169699    0.233784    1.011521 ^ output52/X (sky130_fd_sc_hd__buf_2)
                                                         m_axis_tdata[9] (net)
                      0.169699    0.000623    1.012144 ^ m_axis_tdata[9] (out)
                                              1.012144   data arrival time

                                 10.000000   10.000000   clock aclk (rise edge)
                                  0.000000   10.000000   clock network delay (propagated)
                                 -0.250000    9.750000   clock uncertainty
                                  0.000000    9.750000   clock reconvergence pessimism
                                 -2.000000    7.750000   output external delay
                                              7.750000   data required time
---------------------------------------------------------------------------------------------
                                              7.750000   data required time
                                             -1.012144   data arrival time
---------------------------------------------------------------------------------------------
                                              6.737856   slack (MET)


Startpoint: _1297_ (rising edge-triggered flip-flop clocked by aclk)
Endpoint: m_axis_tdata[27] (output port clocked by aclk)
Path Group: aclk
Path Type: max

Fanout         Cap        Slew       Delay        Time   Description
---------------------------------------------------------------------------------------------
                                  0.000000    0.000000   clock aclk (rise edge)
                                  0.000000    0.000000   clock source latency
     1    0.020182    0.096542    0.066588    0.066588 ^ aclk (in)
                                                         aclk (net)
                      0.096556    0.000000    0.066588 ^ clkbuf_0_aclk/A (sky130_fd_sc_hd__clkbuf_16)
     4    0.045437    0.064633    0.164368    0.230956 ^ clkbuf_0_aclk/X (sky130_fd_sc_hd__clkbuf_16)
                                                         clknet_0_aclk (net)
                      0.064669    0.001359    0.232315 ^ clkbuf_2_3__f_aclk/A (sky130_fd_sc_hd__clkbuf_16)
    14    0.047617    0.066605    0.154405    0.386720 ^ clkbuf_2_3__f_aclk/X (sky130_fd_sc_hd__clkbuf_16)
                                                         clknet_2_3__leaf_aclk (net)
                      0.066620    0.000991    0.387710 ^ _1297_/CLK (sky130_fd_sc_hd__dfxtp_1)
     4    0.015365    0.151074    0.389454    0.777164 ^ _1297_/Q (sky130_fd_sc_hd__dfxtp_1)
                                                         net40 (net)
                      0.151074    0.000499    0.777663 ^ output40/A (sky130_fd_sc_hd__buf_2)
     1    0.033889    0.168862    0.233145    1.010808 ^ output40/X (sky130_fd_sc_hd__buf_2)
                                                         m_axis_tdata[27] (net)
                      0.168862    0.000611    1.011420 ^ m_axis_tdata[27] (out)
                                              1.011420   data arrival time

                                 10.000000   10.000000   clock aclk (rise edge)
                                  0.000000   10.000000   clock network delay (propagated)
                                 -0.250000    9.750000   clock uncertainty
                                  0.000000    9.750000   clock reconvergence pessimism
                                 -2.000000    7.750000   output external delay
                                              7.750000   data required time
---------------------------------------------------------------------------------------------
                                              7.750000   data required time
                                             -1.011420   data arrival time
---------------------------------------------------------------------------------------------
                                              6.738581   slack (MET)


Startpoint: _1292_ (rising edge-triggered flip-flop clocked by aclk)
Endpoint: m_axis_tdata[22] (output port clocked by aclk)
Path Group: aclk
Path Type: max

Fanout         Cap        Slew       Delay        Time   Description
---------------------------------------------------------------------------------------------
                                  0.000000    0.000000   clock aclk (rise edge)
                                  0.000000    0.000000   clock source latency
     1    0.020182    0.096542    0.066588    0.066588 ^ aclk (in)
                                                         aclk (net)
                      0.096556    0.000000    0.066588 ^ clkbuf_0_aclk/A (sky130_fd_sc_hd__clkbuf_16)
     4    0.045437    0.064633    0.164368    0.230956 ^ clkbuf_0_aclk/X (sky130_fd_sc_hd__clkbuf_16)
                                                         clknet_0_aclk (net)
                      0.064687    0.001617    0.232573 ^ clkbuf_2_1__f_aclk/A (sky130_fd_sc_hd__clkbuf_16)
    12    0.042878    0.062325    0.151021    0.383594 ^ clkbuf_2_1__f_aclk/X (sky130_fd_sc_hd__clkbuf_16)
                                                         clknet_2_1__leaf_aclk (net)
                      0.062355    0.001206    0.384800 ^ _1292_/CLK (sky130_fd_sc_hd__dfxtp_1)
     5    0.015587    0.153085    0.389231    0.774031 ^ _1292_/Q (sky130_fd_sc_hd__dfxtp_1)
                                                         net35 (net)
                      0.153085    0.000597    0.774628 ^ output35/A (sky130_fd_sc_hd__buf_2)
     1    0.034170    0.170177    0.234598    1.009226 ^ output35/X (sky130_fd_sc_hd__buf_2)
                                                         m_axis_tdata[22] (net)
                      0.170177    0.000644    1.009869 ^ m_axis_tdata[22] (out)
                                              1.009869   data arrival time

                                 10.000000   10.000000   clock aclk (rise edge)
                                  0.000000   10.000000   clock network delay (propagated)
                                 -0.250000    9.750000   clock uncertainty
                                  0.000000    9.750000   clock reconvergence pessimism
                                 -2.000000    7.750000   output external delay
                                              7.750000   data required time
---------------------------------------------------------------------------------------------
                                              7.750000   data required time
                                             -1.009869   data arrival time
---------------------------------------------------------------------------------------------
                                              6.740130   slack (MET)


Startpoint: _1278_ (rising edge-triggered flip-flop clocked by aclk)
Endpoint: m_axis_tdata[8] (output port clocked by aclk)
Path Group: aclk
Path Type: max

Fanout         Cap        Slew       Delay        Time   Description
---------------------------------------------------------------------------------------------
                                  0.000000    0.000000   clock aclk (rise edge)
                                  0.000000    0.000000   clock source latency
     1    0.020182    0.096542    0.066588    0.066588 ^ aclk (in)
                                                         aclk (net)
                      0.096556    0.000000    0.066588 ^ clkbuf_0_aclk/A (sky130_fd_sc_hd__clkbuf_16)
     4    0.045437    0.064633    0.164368    0.230956 ^ clkbuf_0_aclk/X (sky130_fd_sc_hd__clkbuf_16)
                                                         clknet_0_aclk (net)
                      0.064669    0.001359    0.232315 ^ clkbuf_2_3__f_aclk/A (sky130_fd_sc_hd__clkbuf_16)
    14    0.047617    0.066605    0.154405    0.386720 ^ clkbuf_2_3__f_aclk/X (sky130_fd_sc_hd__clkbuf_16)
                                                         clknet_2_3__leaf_aclk (net)
                      0.066624    0.001084    0.387804 ^ _1278_/CLK (sky130_fd_sc_hd__dfxtp_1)
     4    0.014847    0.146400    0.386158    0.773962 ^ _1278_/Q (sky130_fd_sc_hd__dfxtp_1)
                                                         net51 (net)
                      0.146400    0.000386    0.774348 ^ output51/A (sky130_fd_sc_hd__buf_2)
     1    0.034265    0.170620    0.233086    1.007434 ^ output51/X (sky130_fd_sc_hd__buf_2)
                                                         m_axis_tdata[8] (net)
                      0.170620    0.000675    1.008109 ^ m_axis_tdata[8] (out)
                                              1.008109   data arrival time

                                 10.000000   10.000000   clock aclk (rise edge)
                                  0.000000   10.000000   clock network delay (propagated)
                                 -0.250000    9.750000   clock uncertainty
                                  0.000000    9.750000   clock reconvergence pessimism
                                 -2.000000    7.750000   output external delay
                                              7.750000   data required time
---------------------------------------------------------------------------------------------
                                              7.750000   data required time
                                             -1.008109   data arrival time
---------------------------------------------------------------------------------------------
                                              6.741891   slack (MET)


Startpoint: _1298_ (rising edge-triggered flip-flop clocked by aclk)
Endpoint: m_axis_tdata[28] (output port clocked by aclk)
Path Group: aclk
Path Type: max

Fanout         Cap        Slew       Delay        Time   Description
---------------------------------------------------------------------------------------------
                                  0.000000    0.000000   clock aclk (rise edge)
                                  0.000000    0.000000   clock source latency
     1    0.020182    0.096542    0.066588    0.066588 ^ aclk (in)
                                                         aclk (net)
                      0.096556    0.000000    0.066588 ^ clkbuf_0_aclk/A (sky130_fd_sc_hd__clkbuf_16)
     4    0.045437    0.064633    0.164368    0.230956 ^ clkbuf_0_aclk/X (sky130_fd_sc_hd__clkbuf_16)
                                                         clknet_0_aclk (net)
                      0.064669    0.001359    0.232315 ^ clkbuf_2_3__f_aclk/A (sky130_fd_sc_hd__clkbuf_16)
    14    0.047617    0.066605    0.154405    0.386720 ^ clkbuf_2_3__f_aclk/X (sky130_fd_sc_hd__clkbuf_16)
                                                         clknet_2_3__leaf_aclk (net)
                      0.066617    0.000902    0.387621 ^ _1298_/CLK (sky130_fd_sc_hd__dfxtp_1)
     5    0.014651    0.144619    0.384978    0.772600 ^ _1298_/Q (sky130_fd_sc_hd__dfxtp_1)
                                                         net41 (net)
                      0.144619    0.000274    0.772874 ^ output41/A (sky130_fd_sc_hd__buf_2)
     1    0.034588    0.172135    0.233618    1.006492 ^ output41/X (sky130_fd_sc_hd__buf_2)
                                                         m_axis_tdata[28] (net)
                      0.172136    0.000754    1.007246 ^ m_axis_tdata[28] (out)
                                              1.007246   data arrival time

                                 10.000000   10.000000   clock aclk (rise edge)
                                  0.000000   10.000000   clock network delay (propagated)
                                 -0.250000    9.750000   clock uncertainty
                                  0.000000    9.750000   clock reconvergence pessimism
                                 -2.000000    7.750000   output external delay
                                              7.750000   data required time
---------------------------------------------------------------------------------------------
                                              7.750000   data required time
                                             -1.007246   data arrival time
---------------------------------------------------------------------------------------------
                                              6.742754   slack (MET)


Startpoint: _1299_ (rising edge-triggered flip-flop clocked by aclk)
Endpoint: m_axis_tdata[29] (output port clocked by aclk)
Path Group: aclk
Path Type: max

Fanout         Cap        Slew       Delay        Time   Description
---------------------------------------------------------------------------------------------
                                  0.000000    0.000000   clock aclk (rise edge)
                                  0.000000    0.000000   clock source latency
     1    0.020182    0.096542    0.066588    0.066588 ^ aclk (in)
                                                         aclk (net)
                      0.096556    0.000000    0.066588 ^ clkbuf_0_aclk/A (sky130_fd_sc_hd__clkbuf_16)
     4    0.045437    0.064633    0.164368    0.230956 ^ clkbuf_0_aclk/X (sky130_fd_sc_hd__clkbuf_16)
                                                         clknet_0_aclk (net)
                      0.064669    0.001359    0.232315 ^ clkbuf_2_3__f_aclk/A (sky130_fd_sc_hd__clkbuf_16)
    14    0.047617    0.066605    0.154405    0.386720 ^ clkbuf_2_3__f_aclk/X (sky130_fd_sc_hd__clkbuf_16)
                                                         clknet_2_3__leaf_aclk (net)
                      0.066619    0.000955    0.387675 ^ _1299_/CLK (sky130_fd_sc_hd__dfxtp_1)
     4    0.014015    0.138908    0.380864    0.768538 ^ _1299_/Q (sky130_fd_sc_hd__dfxtp_1)
                                                         net42 (net)
                      0.138908    0.000269    0.768807 ^ output42/A (sky130_fd_sc_hd__buf_2)
     1    0.034527    0.171825    0.231939    1.000746 ^ output42/X (sky130_fd_sc_hd__buf_2)
                                                         m_axis_tdata[29] (net)
                      0.171825    0.000658    1.001404 ^ m_axis_tdata[29] (out)
                                              1.001404   data arrival time

                                 10.000000   10.000000   clock aclk (rise edge)
                                  0.000000   10.000000   clock network delay (propagated)
                                 -0.250000    9.750000   clock uncertainty
                                  0.000000    9.750000   clock reconvergence pessimism
                                 -2.000000    7.750000   output external delay
                                              7.750000   data required time
---------------------------------------------------------------------------------------------
                                              7.750000   data required time
                                             -1.001404   data arrival time
---------------------------------------------------------------------------------------------
                                              6.748596   slack (MET)


Startpoint: _1296_ (rising edge-triggered flip-flop clocked by aclk)
Endpoint: m_axis_tdata[26] (output port clocked by aclk)
Path Group: aclk
Path Type: max

Fanout         Cap        Slew       Delay        Time   Description
---------------------------------------------------------------------------------------------
                                  0.000000    0.000000   clock aclk (rise edge)
                                  0.000000    0.000000   clock source latency
     1    0.020182    0.096542    0.066588    0.066588 ^ aclk (in)
                                                         aclk (net)
                      0.096556    0.000000    0.066588 ^ clkbuf_0_aclk/A (sky130_fd_sc_hd__clkbuf_16)
     4    0.045437    0.064633    0.164368    0.230956 ^ clkbuf_0_aclk/X (sky130_fd_sc_hd__clkbuf_16)
                                                         clknet_0_aclk (net)
                      0.064669    0.001359    0.232315 ^ clkbuf_2_3__f_aclk/A (sky130_fd_sc_hd__clkbuf_16)
    14    0.047617    0.066605    0.154405    0.386720 ^ clkbuf_2_3__f_aclk/X (sky130_fd_sc_hd__clkbuf_16)
                                                         clknet_2_3__leaf_aclk (net)
                      0.066627    0.001128    0.387848 ^ _1296_/CLK (sky130_fd_sc_hd__dfxtp_1)
     5    0.013898    0.137869    0.380036    0.767884 ^ _1296_/Q (sky130_fd_sc_hd__dfxtp_1)
                                                         net39 (net)
                      0.137869    0.000249    0.768133 ^ output39/A (sky130_fd_sc_hd__buf_2)
     1    0.034429    0.171384    0.231273    0.999406 ^ output39/X (sky130_fd_sc_hd__buf_2)
                                                         m_axis_tdata[26] (net)
                      0.171384    0.000742    1.000148 ^ m_axis_tdata[26] (out)
                                              1.000148   data arrival time

                                 10.000000   10.000000   clock aclk (rise edge)
                                  0.000000   10.000000   clock network delay (propagated)
                                 -0.250000    9.750000   clock uncertainty
                                  0.000000    9.750000   clock reconvergence pessimism
                                 -2.000000    7.750000   output external delay
                                              7.750000   data required time
---------------------------------------------------------------------------------------------
                                              7.750000   data required time
                                             -1.000148   data arrival time
---------------------------------------------------------------------------------------------
                                              6.749852   slack (MET)


Startpoint: _1277_ (rising edge-triggered flip-flop clocked by aclk)
Endpoint: m_axis_tdata[7] (output port clocked by aclk)
Path Group: aclk
Path Type: max

Fanout         Cap        Slew       Delay        Time   Description
---------------------------------------------------------------------------------------------
                                  0.000000    0.000000   clock aclk (rise edge)
                                  0.000000    0.000000   clock source latency
     1    0.020182    0.096542    0.066588    0.066588 ^ aclk (in)
                                                         aclk (net)
                      0.096556    0.000000    0.066588 ^ clkbuf_0_aclk/A (sky130_fd_sc_hd__clkbuf_16)
     4    0.045437    0.064633    0.164368    0.230956 ^ clkbuf_0_aclk/X (sky130_fd_sc_hd__clkbuf_16)
                                                         clknet_0_aclk (net)
                      0.064669    0.001359    0.232315 ^ clkbuf_2_3__f_aclk/A (sky130_fd_sc_hd__clkbuf_16)
    14    0.047617    0.066605    0.154405    0.386720 ^ clkbuf_2_3__f_aclk/X (sky130_fd_sc_hd__clkbuf_16)
                                                         clknet_2_3__leaf_aclk (net)
                      0.066624    0.001078    0.387797 ^ _1277_/CLK (sky130_fd_sc_hd__dfxtp_1)
     4    0.014056    0.139276    0.381124    0.768921 ^ _1277_/Q (sky130_fd_sc_hd__dfxtp_1)
                                                         net50 (net)
                      0.139276    0.000241    0.769162 ^ output50/A (sky130_fd_sc_hd__buf_2)
     1    0.033925    0.169014    0.230065    0.999227 ^ output50/X (sky130_fd_sc_hd__buf_2)
                                                         m_axis_tdata[7] (net)
                      0.169014    0.000622    0.999849 ^ m_axis_tdata[7] (out)
                                              0.999849   data arrival time

                                 10.000000   10.000000   clock aclk (rise edge)
                                  0.000000   10.000000   clock network delay (propagated)
                                 -0.250000    9.750000   clock uncertainty
                                  0.000000    9.750000   clock reconvergence pessimism
                                 -2.000000    7.750000   output external delay
                                              7.750000   data required time
---------------------------------------------------------------------------------------------
                                              7.750000   data required time
                                             -0.999849   data arrival time
---------------------------------------------------------------------------------------------
                                              6.750151   slack (MET)


Startpoint: _1293_ (rising edge-triggered flip-flop clocked by aclk)
Endpoint: m_axis_tdata[23] (output port clocked by aclk)
Path Group: aclk
Path Type: max

Fanout         Cap        Slew       Delay        Time   Description
---------------------------------------------------------------------------------------------
                                  0.000000    0.000000   clock aclk (rise edge)
                                  0.000000    0.000000   clock source latency
     1    0.020182    0.096542    0.066588    0.066588 ^ aclk (in)
                                                         aclk (net)
                      0.096556    0.000000    0.066588 ^ clkbuf_0_aclk/A (sky130_fd_sc_hd__clkbuf_16)
     4    0.045437    0.064633    0.164368    0.230956 ^ clkbuf_0_aclk/X (sky130_fd_sc_hd__clkbuf_16)
                                                         clknet_0_aclk (net)
                      0.064687    0.001617    0.232573 ^ clkbuf_2_1__f_aclk/A (sky130_fd_sc_hd__clkbuf_16)
    12    0.042878    0.062325    0.151021    0.383594 ^ clkbuf_2_1__f_aclk/X (sky130_fd_sc_hd__clkbuf_16)
                                                         clknet_2_1__leaf_aclk (net)
                      0.062361    0.001305    0.384899 ^ _1293_/CLK (sky130_fd_sc_hd__dfxtp_1)
     4    0.014159    0.140210    0.380146    0.765046 ^ _1293_/Q (sky130_fd_sc_hd__dfxtp_1)
                                                         net36 (net)
                      0.140210    0.000402    0.765448 ^ output36/A (sky130_fd_sc_hd__buf_2)
     1    0.034326    0.170903    0.231572    0.997020 ^ output36/X (sky130_fd_sc_hd__buf_2)
                                                         m_axis_tdata[23] (net)
                      0.170904    0.000733    0.997753 ^ m_axis_tdata[23] (out)
                                              0.997753   data arrival time

                                 10.000000   10.000000   clock aclk (rise edge)
                                  0.000000   10.000000   clock network delay (propagated)
                                 -0.250000    9.750000   clock uncertainty
                                  0.000000    9.750000   clock reconvergence pessimism
                                 -2.000000    7.750000   output external delay
                                              7.750000   data required time
---------------------------------------------------------------------------------------------
                                              7.750000   data required time
                                             -0.997753   data arrival time
---------------------------------------------------------------------------------------------
                                              6.752247   slack (MET)


Startpoint: _1275_ (rising edge-triggered flip-flop clocked by aclk)
Endpoint: m_axis_tdata[5] (output port clocked by aclk)
Path Group: aclk
Path Type: max

Fanout         Cap        Slew       Delay        Time   Description
---------------------------------------------------------------------------------------------
                                  0.000000    0.000000   clock aclk (rise edge)
                                  0.000000    0.000000   clock source latency
     1    0.020182    0.096542    0.066588    0.066588 ^ aclk (in)
                                                         aclk (net)
                      0.096556    0.000000    0.066588 ^ clkbuf_0_aclk/A (sky130_fd_sc_hd__clkbuf_16)
     4    0.045437    0.064633    0.164368    0.230956 ^ clkbuf_0_aclk/X (sky130_fd_sc_hd__clkbuf_16)
                                                         clknet_0_aclk (net)
                      0.064669    0.001359    0.232315 ^ clkbuf_2_3__f_aclk/A (sky130_fd_sc_hd__clkbuf_16)
    14    0.047617    0.066605    0.154405    0.386720 ^ clkbuf_2_3__f_aclk/X (sky130_fd_sc_hd__clkbuf_16)
                                                         clknet_2_3__leaf_aclk (net)
                      0.066652    0.001553    0.388273 ^ _1275_/CLK (sky130_fd_sc_hd__dfxtp_1)
     5    0.013362    0.133034    0.376679    0.764951 ^ _1275_/Q (sky130_fd_sc_hd__dfxtp_1)
                                                         net48 (net)
                      0.133034    0.000270    0.765221 ^ output48/A (sky130_fd_sc_hd__buf_2)
     1    0.034418    0.171335    0.229894    0.995115 ^ output48/X (sky130_fd_sc_hd__buf_2)
                                                         m_axis_tdata[5] (net)
                      0.171336    0.000796    0.995910 ^ m_axis_tdata[5] (out)
                                              0.995910   data arrival time

                                 10.000000   10.000000   clock aclk (rise edge)
                                  0.000000   10.000000   clock network delay (propagated)
                                 -0.250000    9.750000   clock uncertainty
                                  0.000000    9.750000   clock reconvergence pessimism
                                 -2.000000    7.750000   output external delay
                                              7.750000   data required time
---------------------------------------------------------------------------------------------
                                              7.750000   data required time
                                             -0.995910   data arrival time
---------------------------------------------------------------------------------------------
                                              6.754090   slack (MET)


Startpoint: _1289_ (rising edge-triggered flip-flop clocked by aclk)
Endpoint: m_axis_tdata[19] (output port clocked by aclk)
Path Group: aclk
Path Type: max

Fanout         Cap        Slew       Delay        Time   Description
---------------------------------------------------------------------------------------------
                                  0.000000    0.000000   clock aclk (rise edge)
                                  0.000000    0.000000   clock source latency
     1    0.020182    0.096542    0.066588    0.066588 ^ aclk (in)
                                                         aclk (net)
                      0.096556    0.000000    0.066588 ^ clkbuf_0_aclk/A (sky130_fd_sc_hd__clkbuf_16)
     4    0.045437    0.064633    0.164368    0.230956 ^ clkbuf_0_aclk/X (sky130_fd_sc_hd__clkbuf_16)
                                                         clknet_0_aclk (net)
                      0.064687    0.001617    0.232573 ^ clkbuf_2_1__f_aclk/A (sky130_fd_sc_hd__clkbuf_16)
    12    0.042878    0.062325    0.151021    0.383594 ^ clkbuf_2_1__f_aclk/X (sky130_fd_sc_hd__clkbuf_16)
                                                         clknet_2_1__leaf_aclk (net)
                      0.062331    0.000668    0.384262 ^ _1289_/CLK (sky130_fd_sc_hd__dfxtp_1)
     4    0.013958    0.138413    0.378787    0.763050 ^ _1289_/Q (sky130_fd_sc_hd__dfxtp_1)
                                                         net31 (net)
                      0.138413    0.000310    0.763360 ^ output31/A (sky130_fd_sc_hd__buf_2)
     1    0.034259    0.170576    0.230910    0.994270 ^ output31/X (sky130_fd_sc_hd__buf_2)
                                                         m_axis_tdata[19] (net)
                      0.170576    0.000665    0.994935 ^ m_axis_tdata[19] (out)
                                              0.994935   data arrival time

                                 10.000000   10.000000   clock aclk (rise edge)
                                  0.000000   10.000000   clock network delay (propagated)
                                 -0.250000    9.750000   clock uncertainty
                                  0.000000    9.750000   clock reconvergence pessimism
                                 -2.000000    7.750000   output external delay
                                              7.750000   data required time
---------------------------------------------------------------------------------------------
                                              7.750000   data required time
                                             -0.994935   data arrival time
---------------------------------------------------------------------------------------------
                                              6.755065   slack (MET)


Startpoint: _1280_ (rising edge-triggered flip-flop clocked by aclk)
Endpoint: m_axis_tdata[10] (output port clocked by aclk)
Path Group: aclk
Path Type: max

Fanout         Cap        Slew       Delay        Time   Description
---------------------------------------------------------------------------------------------
                                  0.000000    0.000000   clock aclk (rise edge)
                                  0.000000    0.000000   clock source latency
     1    0.020182    0.096542    0.066588    0.066588 ^ aclk (in)
                                                         aclk (net)
                      0.096556    0.000000    0.066588 ^ clkbuf_0_aclk/A (sky130_fd_sc_hd__clkbuf_16)
     4    0.045437    0.064633    0.164368    0.230956 ^ clkbuf_0_aclk/X (sky130_fd_sc_hd__clkbuf_16)
                                                         clknet_0_aclk (net)
                      0.064687    0.001617    0.232573 ^ clkbuf_2_1__f_aclk/A (sky130_fd_sc_hd__clkbuf_16)
    12    0.042878    0.062325    0.151021    0.383594 ^ clkbuf_2_1__f_aclk/X (sky130_fd_sc_hd__clkbuf_16)
                                                         clknet_2_1__leaf_aclk (net)
                      0.062334    0.000758    0.384352 ^ _1280_/CLK (sky130_fd_sc_hd__dfxtp_1)
     4    0.013789    0.136859    0.377827    0.762178 ^ _1280_/Q (sky130_fd_sc_hd__dfxtp_1)
                                                         net22 (net)
                      0.136859    0.000277    0.762456 ^ output22/A (sky130_fd_sc_hd__buf_2)
     1    0.034035    0.169531    0.229755    0.992211 ^ output22/X (sky130_fd_sc_hd__buf_2)
                                                         m_axis_tdata[10] (net)
                      0.169532    0.000654    0.992865 ^ m_axis_tdata[10] (out)
                                              0.992865   data arrival time

                                 10.000000   10.000000   clock aclk (rise edge)
                                  0.000000   10.000000   clock network delay (propagated)
                                 -0.250000    9.750000   clock uncertainty
                                  0.000000    9.750000   clock reconvergence pessimism
                                 -2.000000    7.750000   output external delay
                                              7.750000   data required time
---------------------------------------------------------------------------------------------
                                              7.750000   data required time
                                             -0.992865   data arrival time
---------------------------------------------------------------------------------------------
                                              6.757134   slack (MET)


Startpoint: _1288_ (rising edge-triggered flip-flop clocked by aclk)
Endpoint: m_axis_tdata[18] (output port clocked by aclk)
Path Group: aclk
Path Type: max

Fanout         Cap        Slew       Delay        Time   Description
---------------------------------------------------------------------------------------------
                                  0.000000    0.000000   clock aclk (rise edge)
                                  0.000000    0.000000   clock source latency
     1    0.020182    0.096542    0.066588    0.066588 ^ aclk (in)
                                                         aclk (net)
                      0.096556    0.000000    0.066588 ^ clkbuf_0_aclk/A (sky130_fd_sc_hd__clkbuf_16)
     4    0.045437    0.064633    0.164368    0.230956 ^ clkbuf_0_aclk/X (sky130_fd_sc_hd__clkbuf_16)
                                                         clknet_0_aclk (net)
                      0.064687    0.001617    0.232573 ^ clkbuf_2_1__f_aclk/A (sky130_fd_sc_hd__clkbuf_16)
    12    0.042878    0.062325    0.151021    0.383594 ^ clkbuf_2_1__f_aclk/X (sky130_fd_sc_hd__clkbuf_16)
                                                         clknet_2_1__leaf_aclk (net)
                      0.062336    0.000826    0.384420 ^ _1288_/CLK (sky130_fd_sc_hd__dfxtp_1)
     5    0.013347    0.132914    0.374905    0.759325 ^ _1288_/Q (sky130_fd_sc_hd__dfxtp_1)
                                                         net30 (net)
                      0.132914    0.000327    0.759652 ^ output30/A (sky130_fd_sc_hd__buf_2)
     1    0.033881    0.168799    0.228208    0.987860 ^ output30/X (sky130_fd_sc_hd__buf_2)
                                                         m_axis_tdata[18] (net)
                      0.168800    0.000612    0.988471 ^ m_axis_tdata[18] (out)
                                              0.988471   data arrival time

                                 10.000000   10.000000   clock aclk (rise edge)
                                  0.000000   10.000000   clock network delay (propagated)
                                 -0.250000    9.750000   clock uncertainty
                                  0.000000    9.750000   clock reconvergence pessimism
                                 -2.000000    7.750000   output external delay
                                              7.750000   data required time
---------------------------------------------------------------------------------------------
                                              7.750000   data required time
                                             -0.988471   data arrival time
---------------------------------------------------------------------------------------------
                                              6.761528   slack (MET)


Startpoint: _1300_ (rising edge-triggered flip-flop clocked by aclk)
Endpoint: m_axis_tdata[30] (output port clocked by aclk)
Path Group: aclk
Path Type: max

Fanout         Cap        Slew       Delay        Time   Description
---------------------------------------------------------------------------------------------
                                  0.000000    0.000000   clock aclk (rise edge)
                                  0.000000    0.000000   clock source latency
     1    0.020182    0.096542    0.066588    0.066588 ^ aclk (in)
                                                         aclk (net)
                      0.096556    0.000000    0.066588 ^ clkbuf_0_aclk/A (sky130_fd_sc_hd__clkbuf_16)
     4    0.045437    0.064633    0.164368    0.230956 ^ clkbuf_0_aclk/X (sky130_fd_sc_hd__clkbuf_16)
                                                         clknet_0_aclk (net)
                      0.064669    0.001359    0.232315 ^ clkbuf_2_3__f_aclk/A (sky130_fd_sc_hd__clkbuf_16)
    14    0.047617    0.066605    0.154405    0.386720 ^ clkbuf_2_3__f_aclk/X (sky130_fd_sc_hd__clkbuf_16)
                                                         clknet_2_3__leaf_aclk (net)
                      0.066640    0.001380    0.388100 ^ _1300_/CLK (sky130_fd_sc_hd__dfxtp_1)
     4    0.012429    0.124640    0.370689    0.758789 ^ _1300_/Q (sky130_fd_sc_hd__dfxtp_1)
                                                         net44 (net)
                      0.124640    0.000181    0.758970 ^ output44/A (sky130_fd_sc_hd__buf_2)
     1    0.034075    0.169694    0.226593    0.985562 ^ output44/X (sky130_fd_sc_hd__buf_2)
                                                         m_axis_tdata[30] (net)
                      0.169694    0.000639    0.986201 ^ m_axis_tdata[30] (out)
                                              0.986201   data arrival time

                                 10.000000   10.000000   clock aclk (rise edge)
                                  0.000000   10.000000   clock network delay (propagated)
                                 -0.250000    9.750000   clock uncertainty
                                  0.000000    9.750000   clock reconvergence pessimism
                                 -2.000000    7.750000   output external delay
                                              7.750000   data required time
---------------------------------------------------------------------------------------------
                                              7.750000   data required time
                                             -0.986201   data arrival time
---------------------------------------------------------------------------------------------
                                              6.763799   slack (MET)


Startpoint: _1276_ (rising edge-triggered flip-flop clocked by aclk)
Endpoint: m_axis_tdata[6] (output port clocked by aclk)
Path Group: aclk
Path Type: max

Fanout         Cap        Slew       Delay        Time   Description
---------------------------------------------------------------------------------------------
                                  0.000000    0.000000   clock aclk (rise edge)
                                  0.000000    0.000000   clock source latency
     1    0.020182    0.096542    0.066588    0.066588 ^ aclk (in)
                                                         aclk (net)
                      0.096556    0.000000    0.066588 ^ clkbuf_0_aclk/A (sky130_fd_sc_hd__clkbuf_16)
     4    0.045437    0.064633    0.164368    0.230956 ^ clkbuf_0_aclk/X (sky130_fd_sc_hd__clkbuf_16)
                                                         clknet_0_aclk (net)
                      0.064669    0.001359    0.232315 ^ clkbuf_2_3__f_aclk/A (sky130_fd_sc_hd__clkbuf_16)
    14    0.047617    0.066605    0.154405    0.386720 ^ clkbuf_2_3__f_aclk/X (sky130_fd_sc_hd__clkbuf_16)
                                                         clknet_2_3__leaf_aclk (net)
                      0.066637    0.001331    0.388050 ^ _1276_/CLK (sky130_fd_sc_hd__dfxtp_1)
     4    0.012051    0.121237    0.368273    0.756323 ^ _1276_/Q (sky130_fd_sc_hd__dfxtp_1)
                                                         net49 (net)
                      0.121237    0.000333    0.756655 ^ output49/A (sky130_fd_sc_hd__buf_2)
     1    0.034617    0.172252    0.227220    0.983876 ^ output49/X (sky130_fd_sc_hd__buf_2)
                                                         m_axis_tdata[6] (net)
                      0.172254    0.000830    0.984706 ^ m_axis_tdata[6] (out)
                                              0.984706   data arrival time

                                 10.000000   10.000000   clock aclk (rise edge)
                                  0.000000   10.000000   clock network delay (propagated)
                                 -0.250000    9.750000   clock uncertainty
                                  0.000000    9.750000   clock reconvergence pessimism
                                 -2.000000    7.750000   output external delay
                                              7.750000   data required time
---------------------------------------------------------------------------------------------
                                              7.750000   data required time
                                             -0.984706   data arrival time
---------------------------------------------------------------------------------------------
                                              6.765294   slack (MET)


Startpoint: _1274_ (rising edge-triggered flip-flop clocked by aclk)
Endpoint: m_axis_tdata[4] (output port clocked by aclk)
Path Group: aclk
Path Type: max

Fanout         Cap        Slew       Delay        Time   Description
---------------------------------------------------------------------------------------------
                                  0.000000    0.000000   clock aclk (rise edge)
                                  0.000000    0.000000   clock source latency
     1    0.020182    0.096542    0.066588    0.066588 ^ aclk (in)
                                                         aclk (net)
                      0.096556    0.000000    0.066588 ^ clkbuf_0_aclk/A (sky130_fd_sc_hd__clkbuf_16)
     4    0.045437    0.064633    0.164368    0.230956 ^ clkbuf_0_aclk/X (sky130_fd_sc_hd__clkbuf_16)
                                                         clknet_0_aclk (net)
                      0.064669    0.001359    0.232315 ^ clkbuf_2_3__f_aclk/A (sky130_fd_sc_hd__clkbuf_16)
    14    0.047617    0.066605    0.154405    0.386720 ^ clkbuf_2_3__f_aclk/X (sky130_fd_sc_hd__clkbuf_16)
                                                         clknet_2_3__leaf_aclk (net)
                      0.066649    0.001511    0.388231 ^ _1274_/CLK (sky130_fd_sc_hd__dfxtp_1)
     4    0.011309    0.114574    0.363534    0.751765 ^ _1274_/Q (sky130_fd_sc_hd__dfxtp_1)
                                                         net47 (net)
                      0.114574    0.000154    0.751919 ^ output47/A (sky130_fd_sc_hd__buf_2)
     1    0.034413    0.171255    0.224112    0.976030 ^ output47/X (sky130_fd_sc_hd__buf_2)
                                                         m_axis_tdata[4] (net)
                      0.171257    0.000796    0.976826 ^ m_axis_tdata[4] (out)
                                              0.976826   data arrival time

                                 10.000000   10.000000   clock aclk (rise edge)
                                  0.000000   10.000000   clock network delay (propagated)
                                 -0.250000    9.750000   clock uncertainty
                                  0.000000    9.750000   clock reconvergence pessimism
                                 -2.000000    7.750000   output external delay
                                              7.750000   data required time
---------------------------------------------------------------------------------------------
                                              7.750000   data required time
                                             -0.976826   data arrival time
---------------------------------------------------------------------------------------------
                                              6.773174   slack (MET)


Startpoint: _1271_ (rising edge-triggered flip-flop clocked by aclk)
Endpoint: _1282_ (rising edge-triggered flip-flop clocked by aclk)
Path Group: aclk
Path Type: max

Fanout         Cap        Slew       Delay        Time   Description
---------------------------------------------------------------------------------------------
                                  0.000000    0.000000   clock aclk (rise edge)
                                  0.000000    0.000000   clock source latency
     1    0.020182    0.096542    0.066588    0.066588 ^ aclk (in)
                                                         aclk (net)
                      0.096556    0.000000    0.066588 ^ clkbuf_0_aclk/A (sky130_fd_sc_hd__clkbuf_16)
     4    0.045437    0.064633    0.164368    0.230956 ^ clkbuf_0_aclk/X (sky130_fd_sc_hd__clkbuf_16)
                                                         clknet_0_aclk (net)
                      0.064665    0.001296    0.232252 ^ clkbuf_2_2__f_aclk/A (sky130_fd_sc_hd__clkbuf_16)
    14    0.044861    0.064201    0.152028    0.384280 ^ clkbuf_2_2__f_aclk/X (sky130_fd_sc_hd__clkbuf_16)
                                                         clknet_2_2__leaf_aclk (net)
                      0.064225    0.001264    0.385544 ^ _1271_/CLK (sky130_fd_sc_hd__dfxtp_1)
     4    0.016667    0.084641    0.350269    0.735813 v _1271_/Q (sky130_fd_sc_hd__dfxtp_1)
                                                         net32 (net)
                      0.084644    0.000595    0.736408 v _0643_/B (sky130_fd_sc_hd__xor2_1)
     2    0.009489    0.094828    0.179776    0.916184 v _0643_/X (sky130_fd_sc_hd__xor2_1)
                                                         _0059_ (net)
                      0.094828    0.000252    0.916436 v _0649_/A3 (sky130_fd_sc_hd__a31o_1)
     3    0.008768    0.062769    0.261037    1.177473 v _0649_/X (sky130_fd_sc_hd__a31o_1)
                                                         _0064_ (net)
                      0.062769    0.000313    1.177785 v _0656_/A2 (sky130_fd_sc_hd__a21bo_1)
     3    0.007565    0.055291    0.214394    1.392179 v _0656_/X (sky130_fd_sc_hd__a21bo_1)
                                                         _0070_ (net)
                      0.055291    0.000139    1.392319 v _0664_/A2 (sky130_fd_sc_hd__a21bo_1)
     3    0.013204    0.077145    0.234435    1.626753 v _0664_/X (sky130_fd_sc_hd__a21bo_1)
                                                         _0077_ (net)
                      0.077146    0.000434    1.627187 v _0678_/B2 (sky130_fd_sc_hd__a221o_1)
     2    0.006135    0.068786    0.346941    1.974128 v _0678_/X (sky130_fd_sc_hd__a221o_1)
                                                         _0089_ (net)
                      0.068786    0.000173    1.974301 v _0686_/A3 (sky130_fd_sc_hd__a31o_1)
     2    0.009389    0.065059    0.252830    2.227131 v _0686_/X (sky130_fd_sc_hd__a31o_1)
                                                         _0096_ (net)
                      0.065060    0.000338    2.227470 v _0690_/A2 (sky130_fd_sc_hd__a21bo_1)
     4    0.016293    0.089839    0.249610    2.477080 v _0690_/X (sky130_fd_sc_hd__a21bo_1)
                                                         _0099_ (net)
                      0.089841    0.000557    2.477637 v _0725_/A1 (sky130_fd_sc_hd__a21oi_1)
     2    0.009899    0.236379    0.235313    2.712950 ^ _0725_/Y (sky130_fd_sc_hd__a21oi_1)
                                                         _0130_ (net)
                      0.236380    0.000409    2.713359 ^ _0727_/A (sky130_fd_sc_hd__or2_1)
     4    0.011685    0.117821    0.197247    2.910606 ^ _0727_/X (sky130_fd_sc_hd__or2_1)
                                                         _0132_ (net)
                      0.117821    0.000292    2.910898 ^ _0729_/B (sky130_fd_sc_hd__nand2_1)
     1    0.003484    0.043917    0.070892    2.981790 v _0729_/Y (sky130_fd_sc_hd__nand2_1)
                                                         _0134_ (net)
                      0.043918    0.000111    2.981901 v _0730_/A2 (sky130_fd_sc_hd__a21o_1)
     1    0.002766    0.032821    0.169938    3.151840 v _0730_/X (sky130_fd_sc_hd__a21o_1)
                                                         _0135_ (net)
                      0.032821    0.000078    3.151918 v _0731_/B1 (sky130_fd_sc_hd__o211a_1)
     1    0.001895    0.034204    0.108202    3.260120 v _0731_/X (sky130_fd_sc_hd__o211a_1)
                                                         _0012_ (net)
                      0.034204    0.000053    3.260173 v _1282_/D (sky130_fd_sc_hd__dfxtp_1)
                                              3.260173   data arrival time

                                 10.000000   10.000000   clock aclk (rise edge)
                                  0.000000   10.000000   clock source latency
     1    0.020182    0.096542    0.066589   10.066588 ^ aclk (in)
                                                         aclk (net)
                      0.096556    0.000000   10.066588 ^ clkbuf_0_aclk/A (sky130_fd_sc_hd__clkbuf_16)
     4    0.045437    0.064633    0.164367   10.230956 ^ clkbuf_0_aclk/X (sky130_fd_sc_hd__clkbuf_16)
                                                         clknet_0_aclk (net)
                      0.064672    0.001402   10.232358 ^ clkbuf_2_0__f_aclk/A (sky130_fd_sc_hd__clkbuf_16)
    14    0.044588    0.063830    0.152033   10.384392 ^ clkbuf_2_0__f_aclk/X (sky130_fd_sc_hd__clkbuf_16)
                                                         clknet_2_0__leaf_aclk (net)
                      0.063838    0.000836   10.385227 ^ _1282_/CLK (sky130_fd_sc_hd__dfxtp_1)
                                 -0.250000   10.135227   clock uncertainty
                                  0.000000   10.135227   clock reconvergence pessimism
                                 -0.101394   10.033833   library setup time
                                             10.033833   data required time
---------------------------------------------------------------------------------------------
                                             10.033833   data required time
                                             -3.260173   data arrival time
---------------------------------------------------------------------------------------------
                                              6.773660   slack (MET)


Startpoint: _1273_ (rising edge-triggered flip-flop clocked by aclk)
Endpoint: m_axis_tdata[3] (output port clocked by aclk)
Path Group: aclk
Path Type: max

Fanout         Cap        Slew       Delay        Time   Description
---------------------------------------------------------------------------------------------
                                  0.000000    0.000000   clock aclk (rise edge)
                                  0.000000    0.000000   clock source latency
     1    0.020182    0.096542    0.066588    0.066588 ^ aclk (in)
                                                         aclk (net)
                      0.096556    0.000000    0.066588 ^ clkbuf_0_aclk/A (sky130_fd_sc_hd__clkbuf_16)
     4    0.045437    0.064633    0.164368    0.230956 ^ clkbuf_0_aclk/X (sky130_fd_sc_hd__clkbuf_16)
                                                         clknet_0_aclk (net)
                      0.064665    0.001296    0.232252 ^ clkbuf_2_2__f_aclk/A (sky130_fd_sc_hd__clkbuf_16)
    14    0.044861    0.064201    0.152028    0.384280 ^ clkbuf_2_2__f_aclk/X (sky130_fd_sc_hd__clkbuf_16)
                                                         clknet_2_2__leaf_aclk (net)
                      0.064367    0.002115    0.386395 ^ _1273_/CLK (sky130_fd_sc_hd__dfxtp_1)
     4    0.010964    0.111483    0.360431    0.746827 ^ _1273_/Q (sky130_fd_sc_hd__dfxtp_1)
                                                         net46 (net)
                      0.111483    0.000215    0.747042 ^ output46/A (sky130_fd_sc_hd__buf_2)
     1    0.034413    0.171237    0.222973    0.970014 ^ output46/X (sky130_fd_sc_hd__buf_2)
                                                         m_axis_tdata[3] (net)
                      0.171239    0.000796    0.970810 ^ m_axis_tdata[3] (out)
                                              0.970810   data arrival time

                                 10.000000   10.000000   clock aclk (rise edge)
                                  0.000000   10.000000   clock network delay (propagated)
                                 -0.250000    9.750000   clock uncertainty
                                  0.000000    9.750000   clock reconvergence pessimism
                                 -2.000000    7.750000   output external delay
                                              7.750000   data required time
---------------------------------------------------------------------------------------------
                                              7.750000   data required time
                                             -0.970810   data arrival time
---------------------------------------------------------------------------------------------
                                              6.779190   slack (MET)


Startpoint: _1272_ (rising edge-triggered flip-flop clocked by aclk)
Endpoint: m_axis_tdata[2] (output port clocked by aclk)
Path Group: aclk
Path Type: max

Fanout         Cap        Slew       Delay        Time   Description
---------------------------------------------------------------------------------------------
                                  0.000000    0.000000   clock aclk (rise edge)
                                  0.000000    0.000000   clock source latency
     1    0.020182    0.096542    0.066588    0.066588 ^ aclk (in)
                                                         aclk (net)
                      0.096556    0.000000    0.066588 ^ clkbuf_0_aclk/A (sky130_fd_sc_hd__clkbuf_16)
     4    0.045437    0.064633    0.164368    0.230956 ^ clkbuf_0_aclk/X (sky130_fd_sc_hd__clkbuf_16)
                                                         clknet_0_aclk (net)
                      0.064665    0.001296    0.232252 ^ clkbuf_2_2__f_aclk/A (sky130_fd_sc_hd__clkbuf_16)
    14    0.044861    0.064201    0.152028    0.384280 ^ clkbuf_2_2__f_aclk/X (sky130_fd_sc_hd__clkbuf_16)
                                                         clknet_2_2__leaf_aclk (net)
                      0.064398    0.002392    0.386673 ^ _1272_/CLK (sky130_fd_sc_hd__dfxtp_1)
     4    0.010753    0.109580    0.359128    0.745800 ^ _1272_/Q (sky130_fd_sc_hd__dfxtp_1)
                                                         net43 (net)
                      0.109580    0.000174    0.745974 ^ output43/A (sky130_fd_sc_hd__buf_2)
     1    0.034593    0.172071    0.222843    0.968818 ^ output43/X (sky130_fd_sc_hd__buf_2)
                                                         m_axis_tdata[2] (net)
                      0.172073    0.000831    0.969648 ^ m_axis_tdata[2] (out)
                                              0.969648   data arrival time

                                 10.000000   10.000000   clock aclk (rise edge)
                                  0.000000   10.000000   clock network delay (propagated)
                                 -0.250000    9.750000   clock uncertainty
                                  0.000000    9.750000   clock reconvergence pessimism
                                 -2.000000    7.750000   output external delay
                                              7.750000   data required time
---------------------------------------------------------------------------------------------
                                              7.750000   data required time
                                             -0.969648   data arrival time
---------------------------------------------------------------------------------------------
                                              6.780352   slack (MET)


Startpoint: _1301_ (rising edge-triggered flip-flop clocked by aclk)
Endpoint: m_axis_tdata[31] (output port clocked by aclk)
Path Group: aclk
Path Type: max

Fanout         Cap        Slew       Delay        Time   Description
---------------------------------------------------------------------------------------------
                                  0.000000    0.000000   clock aclk (rise edge)
                                  0.000000    0.000000   clock source latency
     1    0.020182    0.096542    0.066588    0.066588 ^ aclk (in)
                                                         aclk (net)
                      0.096556    0.000000    0.066588 ^ clkbuf_0_aclk/A (sky130_fd_sc_hd__clkbuf_16)
     4    0.045437    0.064633    0.164368    0.230956 ^ clkbuf_0_aclk/X (sky130_fd_sc_hd__clkbuf_16)
                                                         clknet_0_aclk (net)
                      0.064669    0.001359    0.232315 ^ clkbuf_2_3__f_aclk/A (sky130_fd_sc_hd__clkbuf_16)
    14    0.047617    0.066605    0.154405    0.386720 ^ clkbuf_2_3__f_aclk/X (sky130_fd_sc_hd__clkbuf_16)
                                                         clknet_2_3__leaf_aclk (net)
                      0.066642    0.001402    0.388121 ^ _1301_/CLK (sky130_fd_sc_hd__dfxtp_1)
     4    0.009701    0.100150    0.353197    0.741318 ^ _1301_/Q (sky130_fd_sc_hd__dfxtp_1)
                                                         net45 (net)
                      0.100150    0.000215    0.741533 ^ output45/A (sky130_fd_sc_hd__buf_2)
     1    0.035125    0.174507    0.221123    0.962656 ^ output45/X (sky130_fd_sc_hd__buf_2)
                                                         m_axis_tdata[31] (net)
                      0.174509    0.000848    0.963503 ^ m_axis_tdata[31] (out)
                                              0.963503   data arrival time

                                 10.000000   10.000000   clock aclk (rise edge)
                                  0.000000   10.000000   clock network delay (propagated)
                                 -0.250000    9.750000   clock uncertainty
                                  0.000000    9.750000   clock reconvergence pessimism
                                 -2.000000    7.750000   output external delay
                                              7.750000   data required time
---------------------------------------------------------------------------------------------
                                              7.750000   data required time
                                             -0.963503   data arrival time
---------------------------------------------------------------------------------------------
                                              6.786497   slack (MET)


Startpoint: _1285_ (rising edge-triggered flip-flop clocked by aclk)
Endpoint: m_axis_tdata[15] (output port clocked by aclk)
Path Group: aclk
Path Type: max

Fanout         Cap        Slew       Delay        Time   Description
---------------------------------------------------------------------------------------------
                                  0.000000    0.000000   clock aclk (rise edge)
                                  0.000000    0.000000   clock source latency
     1    0.020182    0.096542    0.066588    0.066588 ^ aclk (in)
                                                         aclk (net)
                      0.096556    0.000000    0.066588 ^ clkbuf_0_aclk/A (sky130_fd_sc_hd__clkbuf_16)
     4    0.045437    0.064633    0.164368    0.230956 ^ clkbuf_0_aclk/X (sky130_fd_sc_hd__clkbuf_16)
                                                         clknet_0_aclk (net)
                      0.064672    0.001402    0.232358 ^ clkbuf_2_0__f_aclk/A (sky130_fd_sc_hd__clkbuf_16)
    14    0.044588    0.063830    0.152034    0.384392 ^ clkbuf_2_0__f_aclk/X (sky130_fd_sc_hd__clkbuf_16)
                                                         clknet_2_0__leaf_aclk (net)
                      0.063919    0.002041    0.386433 ^ _1285_/CLK (sky130_fd_sc_hd__dfxtp_1)
     4    0.010060    0.103370    0.354478    0.740911 ^ _1285_/Q (sky130_fd_sc_hd__dfxtp_1)
                                                         net27 (net)
                      0.103370    0.000189    0.741100 ^ output27/A (sky130_fd_sc_hd__buf_2)
     1    0.034326    0.170771    0.219736    0.960836 ^ output27/X (sky130_fd_sc_hd__buf_2)
                                                         m_axis_tdata[15] (net)
                      0.170771    0.000733    0.961569 ^ m_axis_tdata[15] (out)
                                              0.961569   data arrival time

                                 10.000000   10.000000   clock aclk (rise edge)
                                  0.000000   10.000000   clock network delay (propagated)
                                 -0.250000    9.750000   clock uncertainty
                                  0.000000    9.750000   clock reconvergence pessimism
                                 -2.000000    7.750000   output external delay
                                              7.750000   data required time
---------------------------------------------------------------------------------------------
                                              7.750000   data required time
                                             -0.961569   data arrival time
---------------------------------------------------------------------------------------------
                                              6.788431   slack (MET)


Startpoint: _1284_ (rising edge-triggered flip-flop clocked by aclk)
Endpoint: m_axis_tdata[14] (output port clocked by aclk)
Path Group: aclk
Path Type: max

Fanout         Cap        Slew       Delay        Time   Description
---------------------------------------------------------------------------------------------
                                  0.000000    0.000000   clock aclk (rise edge)
                                  0.000000    0.000000   clock source latency
     1    0.020182    0.096542    0.066588    0.066588 ^ aclk (in)
                                                         aclk (net)
                      0.096556    0.000000    0.066588 ^ clkbuf_0_aclk/A (sky130_fd_sc_hd__clkbuf_16)
     4    0.045437    0.064633    0.164368    0.230956 ^ clkbuf_0_aclk/X (sky130_fd_sc_hd__clkbuf_16)
                                                         clknet_0_aclk (net)
                      0.064687    0.001617    0.232573 ^ clkbuf_2_1__f_aclk/A (sky130_fd_sc_hd__clkbuf_16)
    12    0.042878    0.062325    0.151021    0.383594 ^ clkbuf_2_1__f_aclk/X (sky130_fd_sc_hd__clkbuf_16)
                                                         clknet_2_1__leaf_aclk (net)
                      0.062362    0.001330    0.384924 ^ _1284_/CLK (sky130_fd_sc_hd__dfxtp_1)
     4    0.009703    0.100169    0.351616    0.736540 ^ _1284_/Q (sky130_fd_sc_hd__dfxtp_1)
                                                         net26 (net)
                      0.100169    0.000145    0.736686 ^ output26/A (sky130_fd_sc_hd__buf_2)
     1    0.034323    0.170738    0.218547    0.955232 ^ output26/X (sky130_fd_sc_hd__buf_2)
                                                         m_axis_tdata[14] (net)
                      0.170739    0.000733    0.955965 ^ m_axis_tdata[14] (out)
                                              0.955965   data arrival time

                                 10.000000   10.000000   clock aclk (rise edge)
                                  0.000000   10.000000   clock network delay (propagated)
                                 -0.250000    9.750000   clock uncertainty
                                  0.000000    9.750000   clock reconvergence pessimism
                                 -2.000000    7.750000   output external delay
                                              7.750000   data required time
---------------------------------------------------------------------------------------------
                                              7.750000   data required time
                                             -0.955965   data arrival time
---------------------------------------------------------------------------------------------
                                              6.794035   slack (MET)


Startpoint: _1319_ (rising edge-triggered flip-flop clocked by aclk)
Endpoint: m_axis_tlast (output port clocked by aclk)
Path Group: aclk
Path Type: max

Fanout         Cap        Slew       Delay        Time   Description
---------------------------------------------------------------------------------------------
                                  0.000000    0.000000   clock aclk (rise edge)
                                  0.000000    0.000000   clock source latency
     1    0.020182    0.096542    0.066588    0.066588 ^ aclk (in)
                                                         aclk (net)
                      0.096556    0.000000    0.066588 ^ clkbuf_0_aclk/A (sky130_fd_sc_hd__clkbuf_16)
     4    0.045437    0.064633    0.164368    0.230956 ^ clkbuf_0_aclk/X (sky130_fd_sc_hd__clkbuf_16)
                                                         clknet_0_aclk (net)
                      0.064672    0.001402    0.232358 ^ clkbuf_2_0__f_aclk/A (sky130_fd_sc_hd__clkbuf_16)
    14    0.044588    0.063830    0.152034    0.384392 ^ clkbuf_2_0__f_aclk/X (sky130_fd_sc_hd__clkbuf_16)
                                                         clknet_2_0__leaf_aclk (net)
                      0.063900    0.001831    0.386222 ^ _1319_/CLK (sky130_fd_sc_hd__dfxtp_1)
     2    0.005518    0.063636    0.324760    0.710982 ^ _1319_/Q (sky130_fd_sc_hd__dfxtp_1)
                                                         net53 (net)
                      0.063636    0.000126    0.711108 ^ output53/A (sky130_fd_sc_hd__buf_2)
     1    0.034318    0.170506    0.205069    0.916177 ^ output53/X (sky130_fd_sc_hd__buf_2)
                                                         m_axis_tlast (net)
                      0.170507    0.000733    0.916910 ^ m_axis_tlast (out)
                                              0.916910   data arrival time

                                 10.000000   10.000000   clock aclk (rise edge)
                                  0.000000   10.000000   clock network delay (propagated)
                                 -0.250000    9.750000   clock uncertainty
                                  0.000000    9.750000   clock reconvergence pessimism
                                 -2.000000    7.750000   output external delay
                                              7.750000   data required time
---------------------------------------------------------------------------------------------
                                              7.750000   data required time
                                             -0.916910   data arrival time
---------------------------------------------------------------------------------------------
                                              6.833090   slack (MET)


Startpoint: _1321_ (rising edge-triggered flip-flop clocked by aclk)
Endpoint: m_axis_tvalid (output port clocked by aclk)
Path Group: aclk
Path Type: max

Fanout         Cap        Slew       Delay        Time   Description
---------------------------------------------------------------------------------------------
                                  0.000000    0.000000   clock aclk (rise edge)
                                  0.000000    0.000000   clock source latency
     1    0.020182    0.096542    0.066588    0.066588 ^ aclk (in)
                                                         aclk (net)
                      0.096556    0.000000    0.066588 ^ clkbuf_0_aclk/A (sky130_fd_sc_hd__clkbuf_16)
     4    0.045437    0.064633    0.164368    0.230956 ^ clkbuf_0_aclk/X (sky130_fd_sc_hd__clkbuf_16)
                                                         clknet_0_aclk (net)
                      0.064672    0.001402    0.232358 ^ clkbuf_2_0__f_aclk/A (sky130_fd_sc_hd__clkbuf_16)
    14    0.044588    0.063830    0.152034    0.384392 ^ clkbuf_2_0__f_aclk/X (sky130_fd_sc_hd__clkbuf_16)
                                                         clknet_2_0__leaf_aclk (net)
                      0.063917    0.002019    0.386410 ^ _1321_/CLK (sky130_fd_sc_hd__dfxtp_1)
     2    0.005294    0.061698    0.323296    0.709706 ^ _1321_/Q (sky130_fd_sc_hd__dfxtp_1)
                                                         net54 (net)
                      0.061698    0.000126    0.709832 ^ output54/A (sky130_fd_sc_hd__buf_2)
     1    0.034397    0.170867    0.204607    0.914439 ^ output54/X (sky130_fd_sc_hd__buf_2)
                                                         m_axis_tvalid (net)
                      0.170868    0.000748    0.915187 ^ m_axis_tvalid (out)
                                              0.915187   data arrival time

                                 10.000000   10.000000   clock aclk (rise edge)
                                  0.000000   10.000000   clock network delay (propagated)
                                 -0.250000    9.750000   clock uncertainty
                                  0.000000    9.750000   clock reconvergence pessimism
                                 -2.000000    7.750000   output external delay
                                              7.750000   data required time
---------------------------------------------------------------------------------------------
                                              7.750000   data required time
                                             -0.915187   data arrival time
---------------------------------------------------------------------------------------------
                                              6.834813   slack (MET)


Startpoint: m_axis_tready (input port clocked by aclk)
Endpoint: _1275_ (rising edge-triggered flip-flop clocked by aclk)
Path Group: aclk
Path Type: max

Fanout         Cap        Slew       Delay        Time   Description
---------------------------------------------------------------------------------------------
                                  0.000000    0.000000   clock aclk (rise edge)
                                  0.000000    0.000000   clock network delay (propagated)
                                  2.000000    2.000000 ^ input external delay
     1    0.002659    0.019131    0.009827    2.009827 ^ m_axis_tready (in)
                                                         m_axis_tready (net)
                      0.019131    0.000000    2.009827 ^ input2/A (sky130_fd_sc_hd__buf_2)
     8    0.039226    0.193254    0.203569    2.213396 ^ input2/X (sky130_fd_sc_hd__buf_2)
                                                         net2 (net)
                      0.193309    0.002706    2.216103 ^ _0638_/A (sky130_fd_sc_hd__nand2_1)
     2    0.012037    0.109073    0.138443    2.354546 v _0638_/Y (sky130_fd_sc_hd__nand2_1)
                                                         _0055_ (net)
                      0.109073    0.000243    2.354789 v fanout66/A (sky130_fd_sc_hd__clkbuf_2)
     6    0.031880    0.124064    0.210265    2.565054 v fanout66/X (sky130_fd_sc_hd__clkbuf_2)
                                                         net66 (net)
                      0.124066    0.000570    2.565624 v fanout65/A (sky130_fd_sc_hd__dlymetal6s2s_1)
     5    0.024252    0.127338    0.250064    2.815688 v fanout65/X (sky130_fd_sc_hd__dlymetal6s2s_1)
                                                         net65 (net)
                      0.127347    0.001209    2.816897 v _0674_/A1 (sky130_fd_sc_hd__o311a_1)
     1    0.002026    0.047234    0.364040    3.180937 v _0674_/X (sky130_fd_sc_hd__o311a_1)
                                                         _0005_ (net)
                      0.047234    0.000039    3.180976 v _1275_/D (sky130_fd_sc_hd__dfxtp_1)
                                              3.180976   data arrival time

                                 10.000000   10.000000   clock aclk (rise edge)
                                  0.000000   10.000000   clock source latency
     1    0.020182    0.096542    0.066589   10.066588 ^ aclk (in)
                                                         aclk (net)
                      0.096556    0.000000   10.066588 ^ clkbuf_0_aclk/A (sky130_fd_sc_hd__clkbuf_16)
     4    0.045437    0.064633    0.164367   10.230956 ^ clkbuf_0_aclk/X (sky130_fd_sc_hd__clkbuf_16)
                                                         clknet_0_aclk (net)
                      0.064669    0.001359   10.232315 ^ clkbuf_2_3__f_aclk/A (sky130_fd_sc_hd__clkbuf_16)
    14    0.047617    0.066605    0.154405   10.386721 ^ clkbuf_2_3__f_aclk/X (sky130_fd_sc_hd__clkbuf_16)
                                                         clknet_2_3__leaf_aclk (net)
                      0.066652    0.001553   10.388272 ^ _1275_/CLK (sky130_fd_sc_hd__dfxtp_1)
                                 -0.250000   10.138272   clock uncertainty
                                  0.000000   10.138272   clock reconvergence pessimism
                                 -0.106452   10.031821   library setup time
                                             10.031821   data required time
---------------------------------------------------------------------------------------------
                                             10.031821   data required time
                                             -3.180976   data arrival time
---------------------------------------------------------------------------------------------
                                              6.850845   slack (MET)


Startpoint: m_axis_tready (input port clocked by aclk)
Endpoint: _1272_ (rising edge-triggered flip-flop clocked by aclk)
Path Group: aclk
Path Type: max

Fanout         Cap        Slew       Delay        Time   Description
---------------------------------------------------------------------------------------------
                                  0.000000    0.000000   clock aclk (rise edge)
                                  0.000000    0.000000   clock network delay (propagated)
                                  2.000000    2.000000 ^ input external delay
     1    0.002659    0.019131    0.009827    2.009827 ^ m_axis_tready (in)
                                                         m_axis_tready (net)
                      0.019131    0.000000    2.009827 ^ input2/A (sky130_fd_sc_hd__buf_2)
     8    0.039226    0.193254    0.203569    2.213396 ^ input2/X (sky130_fd_sc_hd__buf_2)
                                                         net2 (net)
                      0.193308    0.002683    2.216079 ^ _0637_/A (sky130_fd_sc_hd__and2_1)
     4    0.018730    0.190192    0.260148    2.476228 ^ _0637_/X (sky130_fd_sc_hd__and2_1)
                                                         _0054_ (net)
                      0.190192    0.000506    2.476733 ^ fanout72/A (sky130_fd_sc_hd__clkbuf_2)
     6    0.025196    0.142347    0.219998    2.696731 ^ fanout72/X (sky130_fd_sc_hd__clkbuf_2)
                                                         net72 (net)
                      0.142348    0.000619    2.697350 ^ fanout71/A (sky130_fd_sc_hd__clkbuf_2)
    10    0.034491    0.190163    0.240652    2.938002 ^ fanout71/X (sky130_fd_sc_hd__clkbuf_2)
                                                         net71 (net)
                      0.190244    0.001618    2.939620 ^ _0652_/B1 (sky130_fd_sc_hd__o21ai_1)
     1    0.003862    0.070567    0.101927    3.041547 v _0652_/Y (sky130_fd_sc_hd__o21ai_1)
                                                         _0067_ (net)
                      0.070567    0.000133    3.041680 v _0653_/B1 (sky130_fd_sc_hd__o211a_1)
     1    0.002354    0.036369    0.127995    3.169676 v _0653_/X (sky130_fd_sc_hd__o211a_1)
                                                         _0002_ (net)
                      0.036369    0.000067    3.169742 v _1272_/D (sky130_fd_sc_hd__dfxtp_1)
                                              3.169742   data arrival time

                                 10.000000   10.000000   clock aclk (rise edge)
                                  0.000000   10.000000   clock source latency
     1    0.020182    0.096542    0.066589   10.066588 ^ aclk (in)
                                                         aclk (net)
                      0.096556    0.000000   10.066588 ^ clkbuf_0_aclk/A (sky130_fd_sc_hd__clkbuf_16)
     4    0.045437    0.064633    0.164367   10.230956 ^ clkbuf_0_aclk/X (sky130_fd_sc_hd__clkbuf_16)
                                                         clknet_0_aclk (net)
                      0.064665    0.001297   10.232253 ^ clkbuf_2_2__f_aclk/A (sky130_fd_sc_hd__clkbuf_16)
    14    0.044861    0.064201    0.152028   10.384280 ^ clkbuf_2_2__f_aclk/X (sky130_fd_sc_hd__clkbuf_16)
                                                         clknet_2_2__leaf_aclk (net)
                      0.064398    0.002393   10.386673 ^ _1272_/CLK (sky130_fd_sc_hd__dfxtp_1)
                                 -0.250000   10.136673   clock uncertainty
                                  0.000000   10.136673   clock reconvergence pessimism
                                 -0.102213   10.034460   library setup time
                                             10.034460   data required time
---------------------------------------------------------------------------------------------
                                             10.034460   data required time
                                             -3.169742   data arrival time
---------------------------------------------------------------------------------------------
                                              6.864718   slack (MET)


Startpoint: m_axis_tready (input port clocked by aclk)
Endpoint: _1273_ (rising edge-triggered flip-flop clocked by aclk)
Path Group: aclk
Path Type: max

Fanout         Cap        Slew       Delay        Time   Description
---------------------------------------------------------------------------------------------
                                  0.000000    0.000000   clock aclk (rise edge)
                                  0.000000    0.000000   clock network delay (propagated)
                                  2.000000    2.000000 ^ input external delay
     1    0.002659    0.019131    0.009827    2.009827 ^ m_axis_tready (in)
                                                         m_axis_tready (net)
                      0.019131    0.000000    2.009827 ^ input2/A (sky130_fd_sc_hd__buf_2)
     8    0.039226    0.193254    0.203569    2.213396 ^ input2/X (sky130_fd_sc_hd__buf_2)
                                                         net2 (net)
                      0.193308    0.002683    2.216079 ^ _0637_/A (sky130_fd_sc_hd__and2_1)
     4    0.018730    0.190192    0.260148    2.476228 ^ _0637_/X (sky130_fd_sc_hd__and2_1)
                                                         _0054_ (net)
                      0.190192    0.000506    2.476733 ^ fanout72/A (sky130_fd_sc_hd__clkbuf_2)
     6    0.025196    0.142347    0.219998    2.696731 ^ fanout72/X (sky130_fd_sc_hd__clkbuf_2)
                                                         net72 (net)
                      0.142348    0.000619    2.697350 ^ fanout71/A (sky130_fd_sc_hd__clkbuf_2)
    10    0.034491    0.190163    0.240652    2.938002 ^ fanout71/X (sky130_fd_sc_hd__clkbuf_2)
                                                         net71 (net)
                      0.190247    0.001744    2.939746 ^ _0659_/B1 (sky130_fd_sc_hd__o21ai_1)
     1    0.003792    0.070155    0.101384    3.041130 v _0659_/Y (sky130_fd_sc_hd__o21ai_1)
                                                         _0073_ (net)
                      0.070155    0.000122    3.041252 v _0660_/B1 (sky130_fd_sc_hd__o211a_1)
     1    0.002310    0.036166    0.127535    3.168787 v _0660_/X (sky130_fd_sc_hd__o211a_1)
                                                         _0003_ (net)
                      0.036166    0.000068    3.168855 v _1273_/D (sky130_fd_sc_hd__dfxtp_1)
                                              3.168855   data arrival time

                                 10.000000   10.000000   clock aclk (rise edge)
                                  0.000000   10.000000   clock source latency
     1    0.020182    0.096542    0.066589   10.066588 ^ aclk (in)
                                                         aclk (net)
                      0.096556    0.000000   10.066588 ^ clkbuf_0_aclk/A (sky130_fd_sc_hd__clkbuf_16)
     4    0.045437    0.064633    0.164367   10.230956 ^ clkbuf_0_aclk/X (sky130_fd_sc_hd__clkbuf_16)
                                                         clknet_0_aclk (net)
                      0.064665    0.001297   10.232253 ^ clkbuf_2_2__f_aclk/A (sky130_fd_sc_hd__clkbuf_16)
    14    0.044861    0.064201    0.152028   10.384280 ^ clkbuf_2_2__f_aclk/X (sky130_fd_sc_hd__clkbuf_16)
                                                         clknet_2_2__leaf_aclk (net)
                      0.064367    0.002115   10.386395 ^ _1273_/CLK (sky130_fd_sc_hd__dfxtp_1)
                                 -0.250000   10.136395   clock uncertainty
                                  0.000000   10.136395   clock reconvergence pessimism
                                 -0.102131   10.034264   library setup time
                                             10.034264   data required time
---------------------------------------------------------------------------------------------
                                             10.034264   data required time
                                             -3.168855   data arrival time
---------------------------------------------------------------------------------------------
                                              6.865409   slack (MET)


Startpoint: m_axis_tready (input port clocked by aclk)
Endpoint: _1281_ (rising edge-triggered flip-flop clocked by aclk)
Path Group: aclk
Path Type: max

Fanout         Cap        Slew       Delay        Time   Description
---------------------------------------------------------------------------------------------
                                  0.000000    0.000000   clock aclk (rise edge)
                                  0.000000    0.000000   clock network delay (propagated)
                                  2.000000    2.000000 ^ input external delay
     1    0.002659    0.019131    0.009827    2.009827 ^ m_axis_tready (in)
                                                         m_axis_tready (net)
                      0.019131    0.000000    2.009827 ^ input2/A (sky130_fd_sc_hd__buf_2)
     8    0.039226    0.193254    0.203569    2.213396 ^ input2/X (sky130_fd_sc_hd__buf_2)
                                                         net2 (net)
                      0.193308    0.002683    2.216079 ^ _0637_/A (sky130_fd_sc_hd__and2_1)
     4    0.018730    0.190192    0.260148    2.476228 ^ _0637_/X (sky130_fd_sc_hd__and2_1)
                                                         _0054_ (net)
                      0.190192    0.000606    2.476834 ^ fanout70/A (sky130_fd_sc_hd__dlymetal6s2s_1)
     5    0.018542    0.201631    0.239665    2.716499 ^ fanout70/X (sky130_fd_sc_hd__dlymetal6s2s_1)
                                                         net70 (net)
                      0.201631    0.000305    2.716804 ^ fanout69/A (sky130_fd_sc_hd__dlymetal6s2s_1)
     6    0.017888    0.195628    0.237546    2.954350 ^ fanout69/X (sky130_fd_sc_hd__dlymetal6s2s_1)
                                                         net69 (net)
                      0.195628    0.000456    2.954806 ^ _0719_/B (sky130_fd_sc_hd__or2_1)
     1    0.003146    0.044256    0.130294    3.085100 ^ _0719_/X (sky130_fd_sc_hd__or2_1)
                                                         _0125_ (net)
                      0.044256    0.000092    3.085191 ^ _0720_/B1 (sky130_fd_sc_hd__o211a_1)
     1    0.001964    0.037377    0.128758    3.213949 ^ _0720_/X (sky130_fd_sc_hd__o211a_1)
                                                         _0011_ (net)
                      0.037377    0.000038    3.213987 ^ _1281_/D (sky130_fd_sc_hd__dfxtp_1)
                                              3.213987   data arrival time

                                 10.000000   10.000000   clock aclk (rise edge)
                                  0.000000   10.000000   clock source latency
     1    0.020182    0.096542    0.066589   10.066588 ^ aclk (in)
                                                         aclk (net)
                      0.096556    0.000000   10.066588 ^ clkbuf_0_aclk/A (sky130_fd_sc_hd__clkbuf_16)
     4    0.045437    0.064633    0.164367   10.230956 ^ clkbuf_0_aclk/X (sky130_fd_sc_hd__clkbuf_16)
                                                         clknet_0_aclk (net)
                      0.064687    0.001616   10.232573 ^ clkbuf_2_1__f_aclk/A (sky130_fd_sc_hd__clkbuf_16)
    12    0.042878    0.062325    0.151021   10.383594 ^ clkbuf_2_1__f_aclk/X (sky130_fd_sc_hd__clkbuf_16)
                                                         clknet_2_1__leaf_aclk (net)
                      0.062333    0.000736   10.384330 ^ _1281_/CLK (sky130_fd_sc_hd__dfxtp_1)
                                 -0.250000   10.134330   clock uncertainty
                                  0.000000   10.134330   clock reconvergence pessimism
                                 -0.049766   10.084563   library setup time
                                             10.084563   data required time
---------------------------------------------------------------------------------------------
                                             10.084563   data required time
                                             -3.213987   data arrival time
---------------------------------------------------------------------------------------------
                                              6.870576   slack (MET)


Startpoint: m_axis_tready (input port clocked by aclk)
Endpoint: _1280_ (rising edge-triggered flip-flop clocked by aclk)
Path Group: aclk
Path Type: max

Fanout         Cap        Slew       Delay        Time   Description
---------------------------------------------------------------------------------------------
                                  0.000000    0.000000   clock aclk (rise edge)
                                  0.000000    0.000000   clock network delay (propagated)
                                  2.000000    2.000000 ^ input external delay
     1    0.002659    0.019131    0.009827    2.009827 ^ m_axis_tready (in)
                                                         m_axis_tready (net)
                      0.019131    0.000000    2.009827 ^ input2/A (sky130_fd_sc_hd__buf_2)
     8    0.039226    0.193254    0.203569    2.213396 ^ input2/X (sky130_fd_sc_hd__buf_2)
                                                         net2 (net)
                      0.193308    0.002683    2.216079 ^ _0637_/A (sky130_fd_sc_hd__and2_1)
     4    0.018730    0.190192    0.260148    2.476228 ^ _0637_/X (sky130_fd_sc_hd__and2_1)
                                                         _0054_ (net)
                      0.190192    0.000606    2.476834 ^ fanout70/A (sky130_fd_sc_hd__dlymetal6s2s_1)
     5    0.018542    0.201631    0.239665    2.716499 ^ fanout70/X (sky130_fd_sc_hd__dlymetal6s2s_1)
                                                         net70 (net)
                      0.201631    0.000305    2.716804 ^ fanout69/A (sky130_fd_sc_hd__dlymetal6s2s_1)
     6    0.017888    0.195628    0.237546    2.954350 ^ fanout69/X (sky130_fd_sc_hd__dlymetal6s2s_1)
                                                         net69 (net)
                      0.195628    0.000309    2.954659 ^ _0711_/B (sky130_fd_sc_hd__or2_1)
     1    0.002818    0.041731    0.127991    3.082649 ^ _0711_/X (sky130_fd_sc_hd__or2_1)
                                                         _0118_ (net)
                      0.041731    0.000057    3.082707 ^ _0712_/B1 (sky130_fd_sc_hd__o211a_1)
     1    0.002205    0.039037    0.129894    3.212600 ^ _0712_/X (sky130_fd_sc_hd__o211a_1)
                                                         _0010_ (net)
                      0.039037    0.000063    3.212663 ^ _1280_/D (sky130_fd_sc_hd__dfxtp_1)
                                              3.212663   data arrival time

                                 10.000000   10.000000   clock aclk (rise edge)
                                  0.000000   10.000000   clock source latency
     1    0.020182    0.096542    0.066589   10.066588 ^ aclk (in)
                                                         aclk (net)
                      0.096556    0.000000   10.066588 ^ clkbuf_0_aclk/A (sky130_fd_sc_hd__clkbuf_16)
     4    0.045437    0.064633    0.164367   10.230956 ^ clkbuf_0_aclk/X (sky130_fd_sc_hd__clkbuf_16)
                                                         clknet_0_aclk (net)
                      0.064687    0.001616   10.232573 ^ clkbuf_2_1__f_aclk/A (sky130_fd_sc_hd__clkbuf_16)
    12    0.042878    0.062325    0.151021   10.383594 ^ clkbuf_2_1__f_aclk/X (sky130_fd_sc_hd__clkbuf_16)
                                                         clknet_2_1__leaf_aclk (net)
                      0.062334    0.000758   10.384352 ^ _1280_/CLK (sky130_fd_sc_hd__dfxtp_1)
                                 -0.250000   10.134352   clock uncertainty
                                  0.000000   10.134352   clock reconvergence pessimism
                                 -0.050149   10.084203   library setup time
                                             10.084203   data required time
---------------------------------------------------------------------------------------------
                                             10.084203   data required time
                                             -3.212663   data arrival time
---------------------------------------------------------------------------------------------
                                              6.871540   slack (MET)


Startpoint: s_axis_tdata[9] (input port clocked by aclk)
Endpoint: _1303_ (rising edge-triggered flip-flop clocked by aclk)
Path Group: aclk
Path Type: max

Fanout         Cap        Slew       Delay        Time   Description
---------------------------------------------------------------------------------------------
                                  0.000000    0.000000   clock aclk (rise edge)
                                  0.000000    0.000000   clock network delay (propagated)
                                  2.000000    2.000000 ^ input external delay
     1    0.002765    0.019584    0.010198    2.010198 ^ s_axis_tdata[9] (in)
                                                         s_axis_tdata[9] (net)
                      0.019584    0.000000    2.010198 ^ input18/A (sky130_fd_sc_hd__buf_1)
     5    0.020898    0.248582    0.213968    2.224165 ^ input18/X (sky130_fd_sc_hd__buf_1)
                                                         net18 (net)
                      0.248586    0.000889    2.225054 ^ fanout88/A (sky130_fd_sc_hd__buf_2)
    10    0.033139    0.165613    0.256815    2.481869 ^ fanout88/X (sky130_fd_sc_hd__buf_2)
                                                         net88 (net)
                      0.165622    0.001370    2.483239 ^ _0879_/C (sky130_fd_sc_hd__and3_1)
     4    0.012499    0.134797    0.242700    2.725939 ^ _0879_/X (sky130_fd_sc_hd__and3_1)
                                                         _0263_ (net)
                      0.134797    0.000188    2.726127 ^ _0880_/B (sky130_fd_sc_hd__nand2_1)
     1    0.002891    0.055580    0.069612    2.795740 v _0880_/Y (sky130_fd_sc_hd__nand2_1)
                                                         _0264_ (net)
                      0.055580    0.000083    2.795823 v _0881_/A2 (sky130_fd_sc_hd__a21o_1)
     1    0.007687    0.054241    0.198836    2.994659 v _0881_/X (sky130_fd_sc_hd__a21o_1)
                                                         _0265_ (net)
                      0.054242    0.000313    2.994972 v _0882_/B1 (sky130_fd_sc_hd__o211a_1)
     1    0.002184    0.035576    0.119424    3.114396 v _0882_/X (sky130_fd_sc_hd__o211a_1)
                                                         _0033_ (net)
                      0.035576    0.000062    3.114457 v _1303_/D (sky130_fd_sc_hd__dfxtp_1)
                                              3.114457   data arrival time

                                 10.000000   10.000000   clock aclk (rise edge)
                                  0.000000   10.000000   clock source latency
     1    0.020182    0.096542    0.066589   10.066588 ^ aclk (in)
                                                         aclk (net)
                      0.096556    0.000000   10.066588 ^ clkbuf_0_aclk/A (sky130_fd_sc_hd__clkbuf_16)
     4    0.045437    0.064633    0.164367   10.230956 ^ clkbuf_0_aclk/X (sky130_fd_sc_hd__clkbuf_16)
                                                         clknet_0_aclk (net)
                      0.064665    0.001297   10.232253 ^ clkbuf_2_2__f_aclk/A (sky130_fd_sc_hd__clkbuf_16)
    14    0.044861    0.064201    0.152028   10.384280 ^ clkbuf_2_2__f_aclk/X (sky130_fd_sc_hd__clkbuf_16)
                                                         clknet_2_2__leaf_aclk (net)
                      0.064429    0.002642   10.386923 ^ _1303_/CLK (sky130_fd_sc_hd__dfxtp_1)
                                 -0.250000   10.136923   clock uncertainty
                                  0.000000   10.136923   clock reconvergence pessimism
                                 -0.101858   10.035065   library setup time
                                             10.035065   data required time
---------------------------------------------------------------------------------------------
                                             10.035065   data required time
                                             -3.114457   data arrival time
---------------------------------------------------------------------------------------------
                                              6.920608   slack (MET)


Startpoint: m_axis_tready (input port clocked by aclk)
Endpoint: _1279_ (rising edge-triggered flip-flop clocked by aclk)
Path Group: aclk
Path Type: max

Fanout         Cap        Slew       Delay        Time   Description
---------------------------------------------------------------------------------------------
                                  0.000000    0.000000   clock aclk (rise edge)
                                  0.000000    0.000000   clock network delay (propagated)
                                  2.000000    2.000000 ^ input external delay
     1    0.002659    0.019131    0.009827    2.009827 ^ m_axis_tready (in)
                                                         m_axis_tready (net)
                      0.019131    0.000000    2.009827 ^ input2/A (sky130_fd_sc_hd__buf_2)
     8    0.039226    0.193254    0.203569    2.213396 ^ input2/X (sky130_fd_sc_hd__buf_2)
                                                         net2 (net)
                      0.193308    0.002683    2.216079 ^ _0637_/A (sky130_fd_sc_hd__and2_1)
     4    0.018730    0.190192    0.260148    2.476228 ^ _0637_/X (sky130_fd_sc_hd__and2_1)
                                                         _0054_ (net)
                      0.190192    0.000655    2.476883 ^ fanout73/A (sky130_fd_sc_hd__buf_2)
    10    0.036738    0.182008    0.252383    2.729266 ^ fanout73/X (sky130_fd_sc_hd__buf_2)
                                                         net73 (net)
                      0.182027    0.001929    2.731195 ^ _0701_/B1 (sky130_fd_sc_hd__o21ai_1)
     1    0.003452    0.066719    0.097080    2.828275 v _0701_/Y (sky130_fd_sc_hd__o21ai_1)
                                                         _0109_ (net)
                      0.066719    0.000105    2.828380 v _0702_/B1 (sky130_fd_sc_hd__a21o_1)
     1    0.002839    0.033178    0.155819    2.984199 v _0702_/X (sky130_fd_sc_hd__a21o_1)
                                                         _0110_ (net)
                      0.033178    0.000082    2.984281 v _0703_/B1 (sky130_fd_sc_hd__o211a_1)
     1    0.002014    0.034757    0.109097    3.093378 v _0703_/X (sky130_fd_sc_hd__o211a_1)
                                                         _0009_ (net)
                      0.034757    0.000041    3.093419 v _1279_/D (sky130_fd_sc_hd__dfxtp_1)
                                              3.093419   data arrival time

                                 10.000000   10.000000   clock aclk (rise edge)
                                  0.000000   10.000000   clock source latency
     1    0.020182    0.096542    0.066589   10.066588 ^ aclk (in)
                                                         aclk (net)
                      0.096556    0.000000   10.066588 ^ clkbuf_0_aclk/A (sky130_fd_sc_hd__clkbuf_16)
     4    0.045437    0.064633    0.164367   10.230956 ^ clkbuf_0_aclk/X (sky130_fd_sc_hd__clkbuf_16)
                                                         clknet_0_aclk (net)
                      0.064669    0.001359   10.232315 ^ clkbuf_2_3__f_aclk/A (sky130_fd_sc_hd__clkbuf_16)
    14    0.047617    0.066605    0.154405   10.386721 ^ clkbuf_2_3__f_aclk/X (sky130_fd_sc_hd__clkbuf_16)
                                                         clknet_2_3__leaf_aclk (net)
                      0.066621    0.001007   10.387728 ^ _1279_/CLK (sky130_fd_sc_hd__dfxtp_1)
                                 -0.250000   10.137728   clock uncertainty
                                  0.000000   10.137728   clock reconvergence pessimism
                                 -0.100987   10.036739   library setup time
                                             10.036739   data required time
---------------------------------------------------------------------------------------------
                                             10.036739   data required time
                                             -3.093419   data arrival time
---------------------------------------------------------------------------------------------
                                              6.943321   slack (MET)


Startpoint: m_axis_tready (input port clocked by aclk)
Endpoint: _1320_ (rising edge-triggered flip-flop clocked by aclk)
Path Group: aclk
Path Type: max

Fanout         Cap        Slew       Delay        Time   Description
---------------------------------------------------------------------------------------------
                                  0.000000    0.000000   clock aclk (rise edge)
                                  0.000000    0.000000   clock network delay (propagated)
                                  2.000000    2.000000 ^ input external delay
     1    0.002659    0.019131    0.009827    2.009827 ^ m_axis_tready (in)
                                                         m_axis_tready (net)
                      0.019131    0.000000    2.009827 ^ input2/A (sky130_fd_sc_hd__buf_2)
     8    0.039226    0.193254    0.203569    2.213396 ^ input2/X (sky130_fd_sc_hd__buf_2)
                                                         net2 (net)
                      0.193308    0.002683    2.216079 ^ _0637_/A (sky130_fd_sc_hd__and2_1)
     4    0.018730    0.190192    0.260148    2.476228 ^ _0637_/X (sky130_fd_sc_hd__and2_1)
                                                         _0054_ (net)
                      0.190192    0.000606    2.476834 ^ fanout70/A (sky130_fd_sc_hd__dlymetal6s2s_1)
     5    0.018542    0.201631    0.239665    2.716499 ^ fanout70/X (sky130_fd_sc_hd__dlymetal6s2s_1)
                                                         net70 (net)
                      0.201631    0.000209    2.716708 ^ fanout67/A (sky130_fd_sc_hd__buf_2)
    10    0.039042    0.192885    0.262795    2.979503 ^ fanout67/X (sky130_fd_sc_hd__buf_2)
                                                         net67 (net)
                      0.192993    0.002479    2.981982 ^ _1267_/A1 (sky130_fd_sc_hd__o21a_1)
     1    0.002075    0.036458    0.145262    3.127244 ^ _1267_/X (sky130_fd_sc_hd__o21a_1)
                                                         _0050_ (net)
                      0.036458    0.000041    3.127285 ^ _1320_/D (sky130_fd_sc_hd__dfxtp_1)
                                              3.127285   data arrival time

                                 10.000000   10.000000   clock aclk (rise edge)
                                  0.000000   10.000000   clock source latency
     1    0.020182    0.096542    0.066589   10.066588 ^ aclk (in)
                                                         aclk (net)
                      0.096556    0.000000   10.066588 ^ clkbuf_0_aclk/A (sky130_fd_sc_hd__clkbuf_16)
     4    0.045437    0.064633    0.164367   10.230956 ^ clkbuf_0_aclk/X (sky130_fd_sc_hd__clkbuf_16)
                                                         clknet_0_aclk (net)
                      0.064672    0.001402   10.232358 ^ clkbuf_2_0__f_aclk/A (sky130_fd_sc_hd__clkbuf_16)
    14    0.044588    0.063830    0.152033   10.384392 ^ clkbuf_2_0__f_aclk/X (sky130_fd_sc_hd__clkbuf_16)
                                                         clknet_2_0__leaf_aclk (net)
                      0.063905    0.001889   10.386281 ^ _1320_/CLK (sky130_fd_sc_hd__dfxtp_1)
                                 -0.250000   10.136281   clock uncertainty
                                  0.000000   10.136281   clock reconvergence pessimism
                                 -0.049332   10.086949   library setup time
                                             10.086949   data required time
---------------------------------------------------------------------------------------------
                                             10.086949   data required time
                                             -3.127285   data arrival time
---------------------------------------------------------------------------------------------
                                              6.959665   slack (MET)


Startpoint: m_axis_tready (input port clocked by aclk)
Endpoint: _1270_ (rising edge-triggered flip-flop clocked by aclk)
Path Group: aclk
Path Type: max

Fanout         Cap        Slew       Delay        Time   Description
---------------------------------------------------------------------------------------------
                                  0.000000    0.000000   clock aclk (rise edge)
                                  0.000000    0.000000   clock network delay (propagated)
                                  2.000000    2.000000 ^ input external delay
     1    0.002659    0.019131    0.009827    2.009827 ^ m_axis_tready (in)
                                                         m_axis_tready (net)
                      0.019131    0.000000    2.009827 ^ input2/A (sky130_fd_sc_hd__buf_2)
     8    0.039226    0.193254    0.203569    2.213396 ^ input2/X (sky130_fd_sc_hd__buf_2)
                                                         net2 (net)
                      0.193309    0.002706    2.216103 ^ _0638_/A (sky130_fd_sc_hd__nand2_1)
     2    0.012037    0.109073    0.138443    2.354546 v _0638_/Y (sky130_fd_sc_hd__nand2_1)
                                                         _0055_ (net)
                      0.109073    0.000243    2.354789 v fanout66/A (sky130_fd_sc_hd__clkbuf_2)
     6    0.031880    0.124064    0.210265    2.565054 v fanout66/X (sky130_fd_sc_hd__clkbuf_2)
                                                         net66 (net)
                      0.124066    0.000570    2.565624 v fanout65/A (sky130_fd_sc_hd__dlymetal6s2s_1)
     5    0.024252    0.127338    0.250064    2.815688 v fanout65/X (sky130_fd_sc_hd__dlymetal6s2s_1)
                                                         net65 (net)
                      0.127338    0.000275    2.815963 v _0641_/A1 (sky130_fd_sc_hd__o211a_1)
     1    0.002857    0.038778    0.246672    3.062635 v _0641_/X (sky130_fd_sc_hd__o211a_1)
                                                         _0000_ (net)
                      0.038778    0.000085    3.062720 v _1270_/D (sky130_fd_sc_hd__dfxtp_1)
                                              3.062720   data arrival time

                                 10.000000   10.000000   clock aclk (rise edge)
                                  0.000000   10.000000   clock source latency
     1    0.020182    0.096542    0.066589   10.066588 ^ aclk (in)
                                                         aclk (net)
                      0.096556    0.000000   10.066588 ^ clkbuf_0_aclk/A (sky130_fd_sc_hd__clkbuf_16)
     4    0.045437    0.064633    0.164367   10.230956 ^ clkbuf_0_aclk/X (sky130_fd_sc_hd__clkbuf_16)
                                                         clknet_0_aclk (net)
                      0.064665    0.001297   10.232253 ^ clkbuf_2_2__f_aclk/A (sky130_fd_sc_hd__clkbuf_16)
    14    0.044861    0.064201    0.152028   10.384280 ^ clkbuf_2_2__f_aclk/X (sky130_fd_sc_hd__clkbuf_16)
                                                         clknet_2_2__leaf_aclk (net)
                      0.064443    0.002751   10.387032 ^ _1270_/CLK (sky130_fd_sc_hd__dfxtp_1)
                                 -0.250000   10.137031   clock uncertainty
                                  0.000000   10.137031   clock reconvergence pessimism
                                 -0.103259   10.033772   library setup time
                                             10.033772   data required time
---------------------------------------------------------------------------------------------
                                             10.033772   data required time
                                             -3.062720   data arrival time
---------------------------------------------------------------------------------------------
                                              6.971052   slack (MET)


Startpoint: m_axis_tready (input port clocked by aclk)
Endpoint: _1271_ (rising edge-triggered flip-flop clocked by aclk)
Path Group: aclk
Path Type: max

Fanout         Cap        Slew       Delay        Time   Description
---------------------------------------------------------------------------------------------
                                  0.000000    0.000000   clock aclk (rise edge)
                                  0.000000    0.000000   clock network delay (propagated)
                                  2.000000    2.000000 ^ input external delay
     1    0.002659    0.019131    0.009827    2.009827 ^ m_axis_tready (in)
                                                         m_axis_tready (net)
                      0.019131    0.000000    2.009827 ^ input2/A (sky130_fd_sc_hd__buf_2)
     8    0.039226    0.193254    0.203569    2.213396 ^ input2/X (sky130_fd_sc_hd__buf_2)
                                                         net2 (net)
                      0.193309    0.002706    2.216103 ^ _0638_/A (sky130_fd_sc_hd__nand2_1)
     2    0.012037    0.109073    0.138443    2.354546 v _0638_/Y (sky130_fd_sc_hd__nand2_1)
                                                         _0055_ (net)
                      0.109073    0.000243    2.354789 v fanout66/A (sky130_fd_sc_hd__clkbuf_2)
     6    0.031880    0.124064    0.210265    2.565054 v fanout66/X (sky130_fd_sc_hd__clkbuf_2)
                                                         net66 (net)
                      0.124066    0.000570    2.565624 v fanout65/A (sky130_fd_sc_hd__dlymetal6s2s_1)
     5    0.024252    0.127338    0.250064    2.815688 v fanout65/X (sky130_fd_sc_hd__dlymetal6s2s_1)
                                                         net65 (net)
                      0.127338    0.000343    2.816031 v _0646_/A1 (sky130_fd_sc_hd__o211a_1)
     1    0.002401    0.036635    0.243414    3.059445 v _0646_/X (sky130_fd_sc_hd__o211a_1)
                                                         _0001_ (net)
                      0.036635    0.000072    3.059517 v _1271_/D (sky130_fd_sc_hd__dfxtp_1)
                                              3.059517   data arrival time

                                 10.000000   10.000000   clock aclk (rise edge)
                                  0.000000   10.000000   clock source latency
     1    0.020182    0.096542    0.066589   10.066588 ^ aclk (in)
                                                         aclk (net)
                      0.096556    0.000000   10.066588 ^ clkbuf_0_aclk/A (sky130_fd_sc_hd__clkbuf_16)
     4    0.045437    0.064633    0.164367   10.230956 ^ clkbuf_0_aclk/X (sky130_fd_sc_hd__clkbuf_16)
                                                         clknet_0_aclk (net)
                      0.064665    0.001297   10.232253 ^ clkbuf_2_2__f_aclk/A (sky130_fd_sc_hd__clkbuf_16)
    14    0.044861    0.064201    0.152028   10.384280 ^ clkbuf_2_2__f_aclk/X (sky130_fd_sc_hd__clkbuf_16)
                                                         clknet_2_2__leaf_aclk (net)
                      0.064225    0.001264   10.385544 ^ _1271_/CLK (sky130_fd_sc_hd__dfxtp_1)
                                 -0.250000   10.135544   clock uncertainty
                                  0.000000   10.135544   clock reconvergence pessimism
                                 -0.102370   10.033174   library setup time
                                             10.033174   data required time
---------------------------------------------------------------------------------------------
                                             10.033174   data required time
                                             -3.059517   data arrival time
---------------------------------------------------------------------------------------------
                                              6.973657   slack (MET)


Startpoint: m_axis_tready (input port clocked by aclk)
Endpoint: _1277_ (rising edge-triggered flip-flop clocked by aclk)
Path Group: aclk
Path Type: max

Fanout         Cap        Slew       Delay        Time   Description
---------------------------------------------------------------------------------------------
                                  0.000000    0.000000   clock aclk (rise edge)
                                  0.000000    0.000000   clock network delay (propagated)
                                  2.000000    2.000000 ^ input external delay
     1    0.002659    0.019131    0.009827    2.009827 ^ m_axis_tready (in)
                                                         m_axis_tready (net)
                      0.019131    0.000000    2.009827 ^ input2/A (sky130_fd_sc_hd__buf_2)
     8    0.039226    0.193254    0.203569    2.213396 ^ input2/X (sky130_fd_sc_hd__buf_2)
                                                         net2 (net)
                      0.193309    0.002706    2.216103 ^ _0638_/A (sky130_fd_sc_hd__nand2_1)
     2    0.012037    0.109073    0.138443    2.354546 v _0638_/Y (sky130_fd_sc_hd__nand2_1)
                                                         _0055_ (net)
                      0.109073    0.000243    2.354789 v fanout66/A (sky130_fd_sc_hd__clkbuf_2)
     6    0.031880    0.124064    0.210265    2.565054 v fanout66/X (sky130_fd_sc_hd__clkbuf_2)
                                                         net66 (net)
                      0.124065    0.000526    2.565580 v fanout64/A (sky130_fd_sc_hd__clkbuf_4)
    10    0.046142    0.101016    0.235690    2.801270 v fanout64/X (sky130_fd_sc_hd__clkbuf_4)
                                                         net64 (net)
                      0.101046    0.001654    2.802924 v _0689_/A1 (sky130_fd_sc_hd__o211a_1)
     1    0.002988    0.039392    0.237923    3.040848 v _0689_/X (sky130_fd_sc_hd__o211a_1)
                                                         _0007_ (net)
                      0.039392    0.000089    3.040937 v _1277_/D (sky130_fd_sc_hd__dfxtp_1)
                                              3.040937   data arrival time

                                 10.000000   10.000000   clock aclk (rise edge)
                                  0.000000   10.000000   clock source latency
     1    0.020182    0.096542    0.066589   10.066588 ^ aclk (in)
                                                         aclk (net)
                      0.096556    0.000000   10.066588 ^ clkbuf_0_aclk/A (sky130_fd_sc_hd__clkbuf_16)
     4    0.045437    0.064633    0.164367   10.230956 ^ clkbuf_0_aclk/X (sky130_fd_sc_hd__clkbuf_16)
                                                         clknet_0_aclk (net)
                      0.064669    0.001359   10.232315 ^ clkbuf_2_3__f_aclk/A (sky130_fd_sc_hd__clkbuf_16)
    14    0.047617    0.066605    0.154405   10.386721 ^ clkbuf_2_3__f_aclk/X (sky130_fd_sc_hd__clkbuf_16)
                                                         clknet_2_3__leaf_aclk (net)
                      0.066624    0.001077   10.387797 ^ _1277_/CLK (sky130_fd_sc_hd__dfxtp_1)
                                 -0.250000   10.137797   clock uncertainty
                                  0.000000   10.137797   clock reconvergence pessimism
                                 -0.103019   10.034779   library setup time
                                             10.034779   data required time
---------------------------------------------------------------------------------------------
                                             10.034779   data required time
                                             -3.040937   data arrival time
---------------------------------------------------------------------------------------------
                                              6.993842   slack (MET)


Startpoint: m_axis_tready (input port clocked by aclk)
Endpoint: _1302_ (rising edge-triggered flip-flop clocked by aclk)
Path Group: aclk
Path Type: max

Fanout         Cap        Slew       Delay        Time   Description
---------------------------------------------------------------------------------------------
                                  0.000000    0.000000   clock aclk (rise edge)
                                  0.000000    0.000000   clock network delay (propagated)
                                  2.000000    2.000000 ^ input external delay
     1    0.002659    0.019131    0.009827    2.009827 ^ m_axis_tready (in)
                                                         m_axis_tready (net)
                      0.019131    0.000000    2.009827 ^ input2/A (sky130_fd_sc_hd__buf_2)
     8    0.039226    0.193254    0.203569    2.213396 ^ input2/X (sky130_fd_sc_hd__buf_2)
                                                         net2 (net)
                      0.193308    0.002683    2.216079 ^ _0637_/A (sky130_fd_sc_hd__and2_1)
     4    0.018730    0.190192    0.260148    2.476228 ^ _0637_/X (sky130_fd_sc_hd__and2_1)
                                                         _0054_ (net)
                      0.190192    0.000506    2.476733 ^ fanout72/A (sky130_fd_sc_hd__clkbuf_2)
     6    0.025196    0.142347    0.219998    2.696731 ^ fanout72/X (sky130_fd_sc_hd__clkbuf_2)
                                                         net72 (net)
                      0.142348    0.000619    2.697350 ^ fanout71/A (sky130_fd_sc_hd__clkbuf_2)
    10    0.034491    0.190163    0.240652    2.938002 ^ fanout71/X (sky130_fd_sc_hd__clkbuf_2)
                                                         net71 (net)
                      0.190163    0.000586    2.938588 ^ _0877_/A2 (sky130_fd_sc_hd__o211a_1)
     1    0.002096    0.038180    0.152051    3.090639 ^ _0877_/X (sky130_fd_sc_hd__o211a_1)
                                                         _0032_ (net)
                      0.038180    0.000042    3.090680 ^ _1302_/D (sky130_fd_sc_hd__dfxtp_1)
                                              3.090680   data arrival time

                                 10.000000   10.000000   clock aclk (rise edge)
                                  0.000000   10.000000   clock source latency
     1    0.020182    0.096542    0.066589   10.066588 ^ aclk (in)
                                                         aclk (net)
                      0.096556    0.000000   10.066588 ^ clkbuf_0_aclk/A (sky130_fd_sc_hd__clkbuf_16)
     4    0.045437    0.064633    0.164367   10.230956 ^ clkbuf_0_aclk/X (sky130_fd_sc_hd__clkbuf_16)
                                                         clknet_0_aclk (net)
                      0.064665    0.001297   10.232253 ^ clkbuf_2_2__f_aclk/A (sky130_fd_sc_hd__clkbuf_16)
    14    0.044861    0.064201    0.152028   10.384280 ^ clkbuf_2_2__f_aclk/X (sky130_fd_sc_hd__clkbuf_16)
                                                         clknet_2_2__leaf_aclk (net)
                      0.064439    0.002721   10.387002 ^ _1302_/CLK (sky130_fd_sc_hd__dfxtp_1)
                                 -0.250000   10.137002   clock uncertainty
                                  0.000000   10.137002   clock reconvergence pessimism
                                 -0.049652   10.087350   library setup time
                                             10.087350   data required time
---------------------------------------------------------------------------------------------
                                             10.087350   data required time
                                             -3.090680   data arrival time
---------------------------------------------------------------------------------------------
                                              6.996669   slack (MET)


Startpoint: m_axis_tready (input port clocked by aclk)
Endpoint: _1274_ (rising edge-triggered flip-flop clocked by aclk)
Path Group: aclk
Path Type: max

Fanout         Cap        Slew       Delay        Time   Description
---------------------------------------------------------------------------------------------
                                  0.000000    0.000000   clock aclk (rise edge)
                                  0.000000    0.000000   clock network delay (propagated)
                                  2.000000    2.000000 ^ input external delay
     1    0.002659    0.019131    0.009827    2.009827 ^ m_axis_tready (in)
                                                         m_axis_tready (net)
                      0.019131    0.000000    2.009827 ^ input2/A (sky130_fd_sc_hd__buf_2)
     8    0.039226    0.193254    0.203569    2.213396 ^ input2/X (sky130_fd_sc_hd__buf_2)
                                                         net2 (net)
                      0.193309    0.002706    2.216103 ^ _0638_/A (sky130_fd_sc_hd__nand2_1)
     2    0.012037    0.109073    0.138443    2.354546 v _0638_/Y (sky130_fd_sc_hd__nand2_1)
                                                         _0055_ (net)
                      0.109073    0.000243    2.354789 v fanout66/A (sky130_fd_sc_hd__clkbuf_2)
     6    0.031880    0.124064    0.210265    2.565054 v fanout66/X (sky130_fd_sc_hd__clkbuf_2)
                                                         net66 (net)
                      0.124065    0.000526    2.565580 v fanout64/A (sky130_fd_sc_hd__clkbuf_4)
    10    0.046142    0.101016    0.235690    2.801270 v fanout64/X (sky130_fd_sc_hd__clkbuf_4)
                                                         net64 (net)
                      0.101037    0.001430    2.802700 v _0667_/A1 (sky130_fd_sc_hd__o211a_1)
     1    0.002098    0.035240    0.231551    3.034251 v _0667_/X (sky130_fd_sc_hd__o211a_1)
                                                         _0004_ (net)
                      0.035240    0.000059    3.034310 v _1274_/D (sky130_fd_sc_hd__dfxtp_1)
                                              3.034310   data arrival time

                                 10.000000   10.000000   clock aclk (rise edge)
                                  0.000000   10.000000   clock source latency
     1    0.020182    0.096542    0.066589   10.066588 ^ aclk (in)
                                                         aclk (net)
                      0.096556    0.000000   10.066588 ^ clkbuf_0_aclk/A (sky130_fd_sc_hd__clkbuf_16)
     4    0.045437    0.064633    0.164367   10.230956 ^ clkbuf_0_aclk/X (sky130_fd_sc_hd__clkbuf_16)
                                                         clknet_0_aclk (net)
                      0.064669    0.001359   10.232315 ^ clkbuf_2_3__f_aclk/A (sky130_fd_sc_hd__clkbuf_16)
    14    0.047617    0.066605    0.154405   10.386721 ^ clkbuf_2_3__f_aclk/X (sky130_fd_sc_hd__clkbuf_16)
                                                         clknet_2_3__leaf_aclk (net)
                      0.066649    0.001511   10.388231 ^ _1274_/CLK (sky130_fd_sc_hd__dfxtp_1)
                                 -0.250000   10.138231   clock uncertainty
                                  0.000000   10.138231   clock reconvergence pessimism
                                 -0.101193   10.037038   library setup time
                                             10.037038   data required time
---------------------------------------------------------------------------------------------
                                             10.037038   data required time
                                             -3.034310   data arrival time
---------------------------------------------------------------------------------------------
                                              7.002728   slack (MET)


Startpoint: m_axis_tready (input port clocked by aclk)
Endpoint: _1276_ (rising edge-triggered flip-flop clocked by aclk)
Path Group: aclk
Path Type: max

Fanout         Cap        Slew       Delay        Time   Description
---------------------------------------------------------------------------------------------
                                  0.000000    0.000000   clock aclk (rise edge)
                                  0.000000    0.000000   clock network delay (propagated)
                                  2.000000    2.000000 ^ input external delay
     1    0.002659    0.019131    0.009827    2.009827 ^ m_axis_tready (in)
                                                         m_axis_tready (net)
                      0.019131    0.000000    2.009827 ^ input2/A (sky130_fd_sc_hd__buf_2)
     8    0.039226    0.193254    0.203569    2.213396 ^ input2/X (sky130_fd_sc_hd__buf_2)
                                                         net2 (net)
                      0.193308    0.002683    2.216079 ^ _0637_/A (sky130_fd_sc_hd__and2_1)
     4    0.018730    0.190192    0.260148    2.476228 ^ _0637_/X (sky130_fd_sc_hd__and2_1)
                                                         _0054_ (net)
                      0.190192    0.000622    2.476850 ^ fanout74/A (sky130_fd_sc_hd__dlymetal6s2s_1)
     7    0.024692    0.258677    0.279718    2.756567 ^ fanout74/X (sky130_fd_sc_hd__dlymetal6s2s_1)
                                                         net74 (net)
                      0.258680    0.000731    2.757298 ^ _0681_/A (sky130_fd_sc_hd__nand2_1)
     1    0.003386    0.072318    0.089208    2.846505 v _0681_/Y (sky130_fd_sc_hd__nand2_1)
                                                         _0092_ (net)
                      0.072318    0.000106    2.846611 v _0682_/B1 (sky130_fd_sc_hd__o211a_1)
     1    0.002108    0.035210    0.127297    2.973908 v _0682_/X (sky130_fd_sc_hd__o211a_1)
                                                         _0006_ (net)
                      0.035210    0.000060    2.973969 v _1276_/D (sky130_fd_sc_hd__dfxtp_1)
                                              2.973969   data arrival time

                                 10.000000   10.000000   clock aclk (rise edge)
                                  0.000000   10.000000   clock source latency
     1    0.020182    0.096542    0.066589   10.066588 ^ aclk (in)
                                                         aclk (net)
                      0.096556    0.000000   10.066588 ^ clkbuf_0_aclk/A (sky130_fd_sc_hd__clkbuf_16)
     4    0.045437    0.064633    0.164367   10.230956 ^ clkbuf_0_aclk/X (sky130_fd_sc_hd__clkbuf_16)
                                                         clknet_0_aclk (net)
                      0.064669    0.001359   10.232315 ^ clkbuf_2_3__f_aclk/A (sky130_fd_sc_hd__clkbuf_16)
    14    0.047617    0.066605    0.154405   10.386721 ^ clkbuf_2_3__f_aclk/X (sky130_fd_sc_hd__clkbuf_16)
                                                         clknet_2_3__leaf_aclk (net)
                      0.066637    0.001330   10.388051 ^ _1276_/CLK (sky130_fd_sc_hd__dfxtp_1)
                                 -0.250000   10.138051   clock uncertainty
                                  0.000000   10.138051   clock reconvergence pessimism
                                 -0.101182   10.036868   library setup time
                                             10.036868   data required time
---------------------------------------------------------------------------------------------
                                             10.036868   data required time
                                             -2.973969   data arrival time
---------------------------------------------------------------------------------------------
                                              7.062900   slack (MET)


Startpoint: m_axis_tready (input port clocked by aclk)
Endpoint: _1278_ (rising edge-triggered flip-flop clocked by aclk)
Path Group: aclk
Path Type: max

Fanout         Cap        Slew       Delay        Time   Description
---------------------------------------------------------------------------------------------
                                  0.000000    0.000000   clock aclk (rise edge)
                                  0.000000    0.000000   clock network delay (propagated)
                                  2.000000    2.000000 ^ input external delay
     1    0.002659    0.019131    0.009827    2.009827 ^ m_axis_tready (in)
                                                         m_axis_tready (net)
                      0.019131    0.000000    2.009827 ^ input2/A (sky130_fd_sc_hd__buf_2)
     8    0.039226    0.193254    0.203569    2.213396 ^ input2/X (sky130_fd_sc_hd__buf_2)
                                                         net2 (net)
                      0.193308    0.002683    2.216079 ^ _0637_/A (sky130_fd_sc_hd__and2_1)
     4    0.018730    0.190192    0.260148    2.476228 ^ _0637_/X (sky130_fd_sc_hd__and2_1)
                                                         _0054_ (net)
                      0.190192    0.000655    2.476883 ^ fanout73/A (sky130_fd_sc_hd__buf_2)
    10    0.036738    0.182008    0.252383    2.729266 ^ fanout73/X (sky130_fd_sc_hd__buf_2)
                                                         net73 (net)
                      0.182023    0.001766    2.731032 ^ _0695_/A (sky130_fd_sc_hd__nand2_1)
     1    0.002968    0.055789    0.073628    2.804661 v _0695_/Y (sky130_fd_sc_hd__nand2_1)
                                                         _0104_ (net)
                      0.055789    0.000085    2.804746 v _0696_/B1 (sky130_fd_sc_hd__o211a_1)
     1    0.002295    0.036028    0.120818    2.925564 v _0696_/X (sky130_fd_sc_hd__o211a_1)
                                                         _0008_ (net)
                      0.036028    0.000065    2.925630 v _1278_/D (sky130_fd_sc_hd__dfxtp_1)
                                              2.925630   data arrival time

                                 10.000000   10.000000   clock aclk (rise edge)
                                  0.000000   10.000000   clock source latency
     1    0.020182    0.096542    0.066589   10.066588 ^ aclk (in)
                                                         aclk (net)
                      0.096556    0.000000   10.066588 ^ clkbuf_0_aclk/A (sky130_fd_sc_hd__clkbuf_16)
     4    0.045437    0.064633    0.164367   10.230956 ^ clkbuf_0_aclk/X (sky130_fd_sc_hd__clkbuf_16)
                                                         clknet_0_aclk (net)
                      0.064669    0.001359   10.232315 ^ clkbuf_2_3__f_aclk/A (sky130_fd_sc_hd__clkbuf_16)
    14    0.047617    0.066605    0.154405   10.386721 ^ clkbuf_2_3__f_aclk/X (sky130_fd_sc_hd__clkbuf_16)
                                                         clknet_2_3__leaf_aclk (net)
                      0.066624    0.001084   10.387804 ^ _1278_/CLK (sky130_fd_sc_hd__dfxtp_1)
                                 -0.250000   10.137804   clock uncertainty
                                  0.000000   10.137804   clock reconvergence pessimism
                                 -0.101544   10.036260   library setup time
                                             10.036260   data required time
---------------------------------------------------------------------------------------------
                                             10.036260   data required time
                                             -2.925630   data arrival time
---------------------------------------------------------------------------------------------
                                              7.110631   slack (MET)


Startpoint: aresetn (input port clocked by aclk)
Endpoint: _1319_ (rising edge-triggered flip-flop clocked by aclk)
Path Group: aclk
Path Type: max

Fanout         Cap        Slew       Delay        Time   Description
---------------------------------------------------------------------------------------------
                                  0.000000    0.000000   clock aclk (rise edge)
                                  0.000000    0.000000   clock network delay (propagated)
                                  2.000000    2.000000 ^ input external delay
     1    0.002782    0.019654    0.010255    2.010255 ^ aresetn (in)
                                                         aresetn (net)
                      0.019654    0.000000    2.010255 ^ input1/A (sky130_fd_sc_hd__buf_1)
     2    0.011950    0.146800    0.144105    2.154360 ^ input1/X (sky130_fd_sc_hd__buf_1)
                                                         net1 (net)
                      0.146800    0.000227    2.154586 ^ fanout104/A (sky130_fd_sc_hd__buf_2)
     8    0.041800    0.205701    0.257124    2.411711 ^ fanout104/X (sky130_fd_sc_hd__buf_2)
                                                         net104 (net)
                      0.205793    0.001987    2.413697 ^ fanout102/A (sky130_fd_sc_hd__buf_2)
    10    0.038752    0.191376    0.263739    2.677436 ^ fanout102/X (sky130_fd_sc_hd__buf_2)
                                                         net102 (net)
                      0.191379    0.001038    2.678474 ^ _1265_/A (sky130_fd_sc_hd__and2_1)
     1    0.002446    0.045196    0.149150    2.827625 ^ _1265_/X (sky130_fd_sc_hd__and2_1)
                                                         _0049_ (net)
                      0.045196    0.000069    2.827694 ^ _1319_/D (sky130_fd_sc_hd__dfxtp_1)
                                              2.827694   data arrival time

                                 10.000000   10.000000   clock aclk (rise edge)
                                  0.000000   10.000000   clock source latency
     1    0.020182    0.096542    0.066589   10.066588 ^ aclk (in)
                                                         aclk (net)
                      0.096556    0.000000   10.066588 ^ clkbuf_0_aclk/A (sky130_fd_sc_hd__clkbuf_16)
     4    0.045437    0.064633    0.164367   10.230956 ^ clkbuf_0_aclk/X (sky130_fd_sc_hd__clkbuf_16)
                                                         clknet_0_aclk (net)
                      0.064672    0.001402   10.232358 ^ clkbuf_2_0__f_aclk/A (sky130_fd_sc_hd__clkbuf_16)
    14    0.044588    0.063830    0.152033   10.384392 ^ clkbuf_2_0__f_aclk/X (sky130_fd_sc_hd__clkbuf_16)
                                                         clknet_2_0__leaf_aclk (net)
                      0.063900    0.001831   10.386223 ^ _1319_/CLK (sky130_fd_sc_hd__dfxtp_1)
                                 -0.250000   10.136223   clock uncertainty
                                  0.000000   10.136223   clock reconvergence pessimism
                                 -0.051343   10.084879   library setup time
                                             10.084879   data required time
---------------------------------------------------------------------------------------------
                                             10.084879   data required time
                                             -2.827694   data arrival time
---------------------------------------------------------------------------------------------
                                              7.257185   slack (MET)


Startpoint: aresetn (input port clocked by aclk)
Endpoint: _1318_ (rising edge-triggered flip-flop clocked by aclk)
Path Group: aclk
Path Type: max

Fanout         Cap        Slew       Delay        Time   Description
---------------------------------------------------------------------------------------------
                                  0.000000    0.000000   clock aclk (rise edge)
                                  0.000000    0.000000   clock network delay (propagated)
                                  2.000000    2.000000 ^ input external delay
     1    0.002782    0.019654    0.010255    2.010255 ^ aresetn (in)
                                                         aresetn (net)
                      0.019654    0.000000    2.010255 ^ input1/A (sky130_fd_sc_hd__buf_1)
     2    0.011950    0.146800    0.144105    2.154360 ^ input1/X (sky130_fd_sc_hd__buf_1)
                                                         net1 (net)
                      0.146800    0.000227    2.154586 ^ fanout104/A (sky130_fd_sc_hd__buf_2)
     8    0.041800    0.205701    0.257124    2.411711 ^ fanout104/X (sky130_fd_sc_hd__buf_2)
                                                         net104 (net)
                      0.205793    0.001987    2.413697 ^ fanout102/A (sky130_fd_sc_hd__buf_2)
    10    0.038752    0.191376    0.263739    2.677436 ^ fanout102/X (sky130_fd_sc_hd__buf_2)
                                                         net102 (net)
                      0.191380    0.001116    2.678553 ^ _1263_/A (sky130_fd_sc_hd__and2_1)
     1    0.002262    0.043731    0.147706    2.826259 ^ _1263_/X (sky130_fd_sc_hd__and2_1)
                                                         _0048_ (net)
                      0.043731    0.000064    2.826322 ^ _1318_/D (sky130_fd_sc_hd__dfxtp_1)
                                              2.826322   data arrival time

                                 10.000000   10.000000   clock aclk (rise edge)
                                  0.000000   10.000000   clock source latency
     1    0.020182    0.096542    0.066589   10.066588 ^ aclk (in)
                                                         aclk (net)
                      0.096556    0.000000   10.066588 ^ clkbuf_0_aclk/A (sky130_fd_sc_hd__clkbuf_16)
     4    0.045437    0.064633    0.164367   10.230956 ^ clkbuf_0_aclk/X (sky130_fd_sc_hd__clkbuf_16)
                                                         clknet_0_aclk (net)
                      0.064672    0.001402   10.232358 ^ clkbuf_2_0__f_aclk/A (sky130_fd_sc_hd__clkbuf_16)
    14    0.044588    0.063830    0.152033   10.384392 ^ clkbuf_2_0__f_aclk/X (sky130_fd_sc_hd__clkbuf_16)
                                                         clknet_2_0__leaf_aclk (net)
                      0.063904    0.001878   10.386270 ^ _1318_/CLK (sky130_fd_sc_hd__dfxtp_1)
                                 -0.250000   10.136270   clock uncertainty
                                  0.000000   10.136270   clock reconvergence pessimism
                                 -0.051006   10.085264   library setup time
                                             10.085264   data required time
---------------------------------------------------------------------------------------------
                                             10.085264   data required time
                                             -2.826322   data arrival time
---------------------------------------------------------------------------------------------
                                              7.258942   slack (MET)


Startpoint: aresetn (input port clocked by aclk)
Endpoint: _1321_ (rising edge-triggered flip-flop clocked by aclk)
Path Group: aclk
Path Type: max

Fanout         Cap        Slew       Delay        Time   Description
---------------------------------------------------------------------------------------------
                                  0.000000    0.000000   clock aclk (rise edge)
                                  0.000000    0.000000   clock network delay (propagated)
                                  2.000000    2.000000 ^ input external delay
     1    0.002782    0.019654    0.010255    2.010255 ^ aresetn (in)
                                                         aresetn (net)
                      0.019654    0.000000    2.010255 ^ input1/A (sky130_fd_sc_hd__buf_1)
     2    0.011950    0.146800    0.144105    2.154360 ^ input1/X (sky130_fd_sc_hd__buf_1)
                                                         net1 (net)
                      0.146800    0.000227    2.154586 ^ fanout104/A (sky130_fd_sc_hd__buf_2)
     8    0.041800    0.205701    0.257124    2.411711 ^ fanout104/X (sky130_fd_sc_hd__buf_2)
                                                         net104 (net)
                      0.205793    0.001987    2.413697 ^ fanout102/A (sky130_fd_sc_hd__buf_2)
    10    0.038752    0.191376    0.263739    2.677436 ^ fanout102/X (sky130_fd_sc_hd__buf_2)
                                                         net102 (net)
                      0.191376    0.000429    2.677866 ^ _1269_/A (sky130_fd_sc_hd__and2_1)
     1    0.002207    0.043302    0.147275    2.825140 ^ _1269_/X (sky130_fd_sc_hd__and2_1)
                                                         _0051_ (net)
                      0.043302    0.000063    2.825204 ^ _1321_/D (sky130_fd_sc_hd__dfxtp_1)
                                              2.825204   data arrival time

                                 10.000000   10.000000   clock aclk (rise edge)
                                  0.000000   10.000000   clock source latency
     1    0.020182    0.096542    0.066589   10.066588 ^ aclk (in)
                                                         aclk (net)
                      0.096556    0.000000   10.066588 ^ clkbuf_0_aclk/A (sky130_fd_sc_hd__clkbuf_16)
     4    0.045437    0.064633    0.164367   10.230956 ^ clkbuf_0_aclk/X (sky130_fd_sc_hd__clkbuf_16)
                                                         clknet_0_aclk (net)
                      0.064672    0.001402   10.232358 ^ clkbuf_2_0__f_aclk/A (sky130_fd_sc_hd__clkbuf_16)
    14    0.044588    0.063830    0.152033   10.384392 ^ clkbuf_2_0__f_aclk/X (sky130_fd_sc_hd__clkbuf_16)
                                                         clknet_2_0__leaf_aclk (net)
                      0.063917    0.002019   10.386411 ^ _1321_/CLK (sky130_fd_sc_hd__dfxtp_1)
                                 -0.250000   10.136410   clock uncertainty
                                  0.000000   10.136410   clock reconvergence pessimism
                                 -0.050905   10.085505   library setup time
                                             10.085505   data required time
---------------------------------------------------------------------------------------------
                                             10.085505   data required time
                                             -2.825204   data arrival time
---------------------------------------------------------------------------------------------
                                              7.260302   slack (MET)



%OL_END_REPORT
%OL_CREATE_REPORT checks.rpt

===========================================================================
report_checks -unconstrained
===========================================================================
======================= nom_tt_025C_1v80 Corner ===================================

Startpoint: s_axis_tdata[14] (input port clocked by aclk)
Endpoint: _1316_ (rising edge-triggered flip-flop clocked by aclk)
Path Group: aclk
Path Type: max

Fanout         Cap        Slew       Delay        Time   Description
---------------------------------------------------------------------------------------------
                                  0.000000    0.000000   clock aclk (rise edge)
                                  0.000000    0.000000   clock network delay (propagated)
                                  2.000000    2.000000 ^ input external delay
     1    0.002817    0.019805    0.010379    2.010380 ^ s_axis_tdata[14] (in)
                                                         s_axis_tdata[14] (net)
                      0.019805    0.000000    2.010380 ^ input8/A (sky130_fd_sc_hd__clkbuf_1)
     1    0.003752    0.054475    0.079506    2.089886 ^ input8/X (sky130_fd_sc_hd__clkbuf_1)
                                                         net8 (net)
                      0.054475    0.000089    2.089975 ^ fanout77/A (sky130_fd_sc_hd__clkbuf_2)
     8    0.031909    0.176752    0.200936    2.290911 ^ fanout77/X (sky130_fd_sc_hd__clkbuf_2)
                                                         net77 (net)
                      0.176773    0.001559    2.292470 ^ fanout76/A (sky130_fd_sc_hd__buf_2)
    10    0.034183    0.170367    0.240678    2.533149 ^ fanout76/X (sky130_fd_sc_hd__buf_2)
                                                         net76 (net)
                      0.170368    0.000765    2.533913 ^ _1084_/A2 (sky130_fd_sc_hd__a22o_1)
     2    0.005227    0.066872    0.178539    2.712452 ^ _1084_/X (sky130_fd_sc_hd__a22o_1)
                                                         _0460_ (net)
                      0.066872    0.000133    2.712585 ^ _1085_/B1_N (sky130_fd_sc_hd__a21bo_1)
     1    0.005029    0.044000    0.207575    2.920160 v _1085_/X (sky130_fd_sc_hd__a21bo_1)
                                                         _0461_ (net)
                      0.044000    0.000154    2.920313 v _1086_/B (sky130_fd_sc_hd__xor2_1)
     2    0.009022    0.078557    0.162415    3.082728 v _1086_/X (sky130_fd_sc_hd__xor2_1)
                                                         _0462_ (net)
                      0.078557    0.000307    3.083035 v _1093_/A (sky130_fd_sc_hd__and3_1)
     4    0.011761    0.074193    0.193654    3.276689 v _1093_/X (sky130_fd_sc_hd__and3_1)
                                                         _0469_ (net)
                      0.074193    0.000248    3.276937 v _1096_/A (sky130_fd_sc_hd__nor3b_1)
     3    0.009639    0.344614    0.342346    3.619283 ^ _1096_/Y (sky130_fd_sc_hd__nor3b_1)
                                                         _0472_ (net)
                      0.344614    0.000269    3.619553 ^ _1098_/B (sky130_fd_sc_hd__nor3_1)
     2    0.005369    0.089699    0.113736    3.733289 v _1098_/Y (sky130_fd_sc_hd__nor3_1)
                                                         _0474_ (net)
                      0.089699    0.000081    3.733370 v max_cap56/A (sky130_fd_sc_hd__buf_1)
     2    0.007804    0.052809    0.130635    3.864005 v max_cap56/X (sky130_fd_sc_hd__buf_1)
                                                         net56 (net)
                      0.052809    0.000177    3.864182 v _1100_/B1 (sky130_fd_sc_hd__a211o_1)
     3    0.010570    0.082584    0.309047    4.173229 v _1100_/X (sky130_fd_sc_hd__a211o_1)
                                                         _0476_ (net)
                      0.082584    0.000223    4.173451 v _1103_/A1 (sky130_fd_sc_hd__a211o_1)
     2    0.006206    0.063561    0.284203    4.457654 v _1103_/X (sky130_fd_sc_hd__a211o_1)
                                                         _0479_ (net)
                      0.063561    0.000167    4.457822 v _1105_/A2 (sky130_fd_sc_hd__a211o_1)
     2    0.004540    0.055735    0.302249    4.760071 v _1105_/X (sky130_fd_sc_hd__a211o_1)
                                                         _0481_ (net)
                      0.055735    0.000065    4.760137 v _1106_/B (sky130_fd_sc_hd__and2b_1)
     3    0.008195    0.057065    0.180937    4.941074 v _1106_/X (sky130_fd_sc_hd__and2b_1)
                                                         _0482_ (net)
                      0.057065    0.000110    4.941184 v _1141_/A3 (sky130_fd_sc_hd__a31o_1)
     2    0.008807    0.062729    0.245478    5.186662 v _1141_/X (sky130_fd_sc_hd__a31o_1)
                                                         _0516_ (net)
                      0.062729    0.000256    5.186918 v _1145_/A2 (sky130_fd_sc_hd__a21oi_1)
     4    0.012494    0.286101    0.279826    5.466744 ^ _1145_/Y (sky130_fd_sc_hd__a21oi_1)
                                                         _0519_ (net)
                      0.286102    0.000378    5.467123 ^ _1201_/A1 (sky130_fd_sc_hd__a211o_1)
     5    0.015529    0.143015    0.250372    5.717494 ^ _1201_/X (sky130_fd_sc_hd__a211o_1)
                                                         _0574_ (net)
                      0.143016    0.000669    5.718164 ^ _1251_/A1 (sky130_fd_sc_hd__o2111ai_1)
     1    0.002945    0.093058    0.137772    5.855936 v _1251_/Y (sky130_fd_sc_hd__o2111ai_1)
                                                         _0622_ (net)
                      0.093058    0.000063    5.855999 v _1252_/A2 (sky130_fd_sc_hd__a21o_1)
     1    0.003143    0.034534    0.191809    6.047807 v _1252_/X (sky130_fd_sc_hd__a21o_1)
                                                         _0623_ (net)
                      0.034534    0.000093    6.047900 v _1253_/B1 (sky130_fd_sc_hd__o211a_1)
     1    0.002028    0.034821    0.109781    6.157681 v _1253_/X (sky130_fd_sc_hd__o211a_1)
                                                         _0046_ (net)
                      0.034821    0.000040    6.157721 v _1316_/D (sky130_fd_sc_hd__dfxtp_1)
                                              6.157721   data arrival time

                                 10.000000   10.000000   clock aclk (rise edge)
                                  0.000000   10.000000   clock source latency
     1    0.020182    0.096542    0.066589   10.066588 ^ aclk (in)
                                                         aclk (net)
                      0.096556    0.000000   10.066588 ^ clkbuf_0_aclk/A (sky130_fd_sc_hd__clkbuf_16)
     4    0.045437    0.064633    0.164367   10.230956 ^ clkbuf_0_aclk/X (sky130_fd_sc_hd__clkbuf_16)
                                                         clknet_0_aclk (net)
                      0.064672    0.001402   10.232358 ^ clkbuf_2_0__f_aclk/A (sky130_fd_sc_hd__clkbuf_16)
    14    0.044588    0.063830    0.152033   10.384392 ^ clkbuf_2_0__f_aclk/X (sky130_fd_sc_hd__clkbuf_16)
                                                         clknet_2_0__leaf_aclk (net)
                      0.063874    0.001502   10.385893 ^ _1316_/CLK (sky130_fd_sc_hd__dfxtp_1)
                                 -0.250000   10.135893   clock uncertainty
                                  0.000000   10.135893   clock reconvergence pessimism
                                 -0.101657   10.034237   library setup time
                                             10.034237   data required time
---------------------------------------------------------------------------------------------
                                             10.034237   data required time
                                             -6.157721   data arrival time
---------------------------------------------------------------------------------------------
                                              3.876516   slack (MET)




===========================================================================
report_checks --slack_max -0.01
============================================================================
======================= nom_tt_025C_1v80 Corner ===================================

No paths found.


===========================================================================
 report_check_types -max_slew -max_cap -max_fanout -violators
============================================================================
======================= nom_tt_025C_1v80 Corner ===================================

max fanout

Pin                                   Limit Fanout  Slack
---------------------------------------------------------
clkbuf_2_0__f_aclk/X                     10     14     -4 (VIOLATED)
clkbuf_2_2__f_aclk/X                     10     14     -4 (VIOLATED)
clkbuf_2_3__f_aclk/X                     10     14     -4 (VIOLATED)
clkbuf_2_1__f_aclk/X                     10     12     -2 (VIOLATED)



===========================================================================
report_parasitic_annotation -report_unannotated
============================================================================
Found 2 unannotated drivers.
 clkload0/Y
 clkload1/X
Found 0 partially unannotated drivers.

===========================================================================
max slew violation count 0
%OL_METRIC_I design__max_slew_violation__count__corner:nom_tt_025C_1v80 0
max fanout violation count 4
%OL_METRIC_I design__max_fanout_violation__count__corner:nom_tt_025C_1v80 4
max cap violation count 0
%OL_METRIC_I design__max_cap_violation__count__corner:nom_tt_025C_1v80 0
============================================================================

===========================================================================
check_setup -verbose -unconstrained_endpoints -multiple_clock -no_clock -no_input_delay -loops -generated_clocks
===========================================================================
%OL_END_REPORT
%OL_CREATE_REPORT power.rpt

===========================================================================
 report_power
============================================================================
======================= nom_tt_025C_1v80 Corner ===================================

Group                    Internal    Switching      Leakage        Total
                            Power        Power        Power        Power (Watts)
------------------------------------------------------------------------
Sequential           2.246599e-04 1.561085e-05 4.284348e-10 2.402712e-04  27.5%
Combinational        2.164188e-04 2.506590e-04 2.952349e-09 4.670807e-04  53.4%
Clock                9.361142e-05 7.302337e-05 1.855400e-09 1.666367e-04  19.1%
Macro                0.000000e+00 0.000000e+00 0.000000e+00 0.000000e+00   0.0%
Pad                  0.000000e+00 0.000000e+00 0.000000e+00 0.000000e+00   0.0%
------------------------------------------------------------------------
Total                5.346901e-04 3.392933e-04 5.236176e-09 8.739886e-04 100.0%
                            61.2%        38.8%         0.0%
%OL_METRIC_F power__internal__total 0.0005346901016309857
%OL_METRIC_F power__switching__total 0.00033929329947568476
%OL_METRIC_F power__leakage__total 5.236176381373525e-9
%OL_METRIC_F power__total 0.0008739886106923223

%OL_END_REPORT
%OL_CREATE_REPORT skew.min.rpt

===========================================================================
Clock Skew (Hold)
============================================================================
%OL_METRIC_F clock__skew__worst_hold__corner:nom_tt_025C_1v80 -0.25385894105370604
======================= nom_tt_025C_1v80 Corner ===================================

Clock aclk
0.384262 source latency _1289_/CLK ^
-0.388121 target latency _1301_/CLK ^
-0.250000 clock uncertainty
0.000000 CRPR
--------------
-0.253859 hold skew

%OL_END_REPORT
%OL_CREATE_REPORT skew.max.rpt

===========================================================================
Clock Skew (Setup)
============================================================================
%OL_METRIC_F clock__skew__worst_setup__corner:nom_tt_025C_1v80 0.25401043098970055
======================= nom_tt_025C_1v80 Corner ===================================

Clock aclk
0.388273 source latency _1275_/CLK ^
-0.384262 target latency _1289_/CLK ^
0.250000 clock uncertainty
0.000000 CRPR
--------------
0.254010 setup skew

%OL_END_REPORT
%OL_CREATE_REPORT ws.min.rpt

===========================================================================
Worst Slack (Hold)
============================================================================
%OL_METRIC_F timing__hold__ws__corner:nom_tt_025C_1v80 0.3231434655768125
nom_tt_025C_1v80: 0.3231434655768125
%OL_END_REPORT
%OL_CREATE_REPORT ws.max.rpt

===========================================================================
Worst Slack (Setup)
============================================================================
%OL_METRIC_F timing__setup__ws__corner:nom_tt_025C_1v80 3.876515662638296
nom_tt_025C_1v80: 3.876515662638296
%OL_END_REPORT
%OL_CREATE_REPORT tns.min.rpt

===========================================================================
Total Negative Slack (Hold)
============================================================================
%OL_METRIC_F timing__hold__tns__corner:nom_tt_025C_1v80 0.0
nom_tt_025C_1v80: 0.0
%OL_END_REPORT
%OL_CREATE_REPORT tns.max.rpt

===========================================================================
Total Negative Slack (Setup)
============================================================================
%OL_METRIC_F timing__setup__tns__corner:nom_tt_025C_1v80 0.0
nom_tt_025C_1v80: 0.0
%OL_END_REPORT
%OL_CREATE_REPORT wns.min.rpt

===========================================================================
Worst Negative Slack (Hold)
============================================================================
%OL_METRIC_F timing__hold__wns__corner:nom_tt_025C_1v80 0
nom_tt_025C_1v80: 0
%OL_END_REPORT
%OL_CREATE_REPORT wns.max.rpt

===========================================================================
Worst Negative Slack (Setup)
============================================================================
%OL_METRIC_F timing__setup__wns__corner:nom_tt_025C_1v80 0.0
nom_tt_025C_1v80: 0.0
%OL_END_REPORT
%OL_CREATE_REPORT violator_list.rpt

===========================================================================
Violator List
============================================================================
%OL_METRIC_I timing__hold_vio__count__corner:nom_tt_025C_1v80 0
%OL_METRIC_F timing__hold_r2r__ws__corner:nom_tt_025C_1v80 0.323143
%OL_METRIC_I timing__hold_r2r_vio__count__corner:nom_tt_025C_1v80 0
%OL_METRIC_I timing__setup_vio__count__corner:nom_tt_025C_1v80 0
%OL_METRIC_F timing__setup_r2r__ws__corner:nom_tt_025C_1v80 5.762669
%OL_METRIC_I timing__setup_r2r_vio__count__corner:nom_tt_025C_1v80 0
%OL_END_REPORT
%OL_CREATE_REPORT unpropagated.rpt
%OL_END_REPORT
%OL_CREATE_REPORT clock.rpt
Clock: aclk
Sources: aclk 
Generated: no
Virtual: yes
Propagated: no
Period: 10.000000

===========================================================================
report_clock_properties
============================================================================
Clock                   Period          Waveform
----------------------------------------------------
aclk                 10.000000    0.000000  5.000000

===========================================================================
report_clock_latency
============================================================================
Clock aclk
rise -> rise
    min     max
0.000000 0.000000 source latency
0.384262         network latency _1289_/CLK
        0.388273 network latency _1275_/CLK
---------------
0.384262 0.388273 latency
        0.004010 skew

fall -> fall
    min     max
0.000000 0.000000 source latency
0.354639         network latency _1289_/CLK
        0.357779 network latency _1275_/CLK
---------------
0.354639 0.357779 latency
        0.003140 skew



===========================================================================
report_clock_min_period
============================================================================
aclk period_min = 4.24 fmax = 236.00
%OL_END_REPORT
Writing SDF files for all corners…
Removing Clock latencies before writing libs…
Writing timing models for all corners…
Writing timing models for the nom_tt_025C_1v80 corner to /mnt/c/Users/Default.DESKTOP-A45I1O9/akularanjith-akularanjith--ECE510-2026-SPRING/project/m3/synth/runs/RUN_2026-05-23_20-02-24/54-openroad-stapostpnr/nom_tt_025C_1v80/top__nom_tt_025C_1v80.lib…
