
===========================================================================
report_checks -path_delay max (Setup)
============================================================================
======================= nom_tt_025C_1v80 Corner ===================================

Startpoint: m_axis_tready (input port clocked by aclk)
Endpoint: s_axis_tready (output port clocked by aclk)
Path Group: aclk
Path Type: max

Fanout         Cap        Slew       Delay        Time   Description
---------------------------------------------------------------------------------------------
                      0.150000    0.000000    0.000000   clock aclk (rise edge)
                                  0.000000    0.000000   clock network delay (ideal)
                                  4.000000    4.000000 ^ input external delay
     7    0.017237    0.085089    0.056860    4.056860 ^ m_axis_tready (in)
                                                         m_axis_tready (net)
                      0.085089    0.000000    4.056860 ^ _2122_/A (sky130_fd_sc_hd__buf_2)
     1    0.033442    0.168932    0.210582    4.267443 ^ _2122_/X (sky130_fd_sc_hd__buf_2)
                                                         s_axis_tready (net)
                      0.168932    0.000000    4.267443 ^ s_axis_tready (out)
                                              4.267443   data arrival time

                      0.150000   20.000000   20.000000   clock aclk (rise edge)
                                  0.000000   20.000000   clock network delay (ideal)
                                 -0.250000   19.750002   clock uncertainty
                                  0.000000   19.750002   clock reconvergence pessimism
                                 -4.000000   15.750001   output external delay
                                             15.750001   data required time
---------------------------------------------------------------------------------------------
                                             15.750001   data required time
                                             -4.267443   data arrival time
---------------------------------------------------------------------------------------------
                                             11.482558   slack (MET)


Startpoint: _2088_ (rising edge-triggered flip-flop clocked by aclk)
Endpoint: _2120_ (rising edge-triggered flip-flop clocked by aclk)
Path Group: aclk
Path Type: max

Fanout         Cap        Slew       Delay        Time   Description
---------------------------------------------------------------------------------------------
                      0.150000    0.000000    0.000000   clock aclk (rise edge)
                                  0.000000    0.000000   clock network delay (ideal)
                      0.150000    0.000000    0.000000 ^ _2088_/CLK (sky130_fd_sc_hd__dfxtp_2)
    54    0.154152    0.767290    0.863912    0.863912 ^ _2088_/Q (sky130_fd_sc_hd__dfxtp_2)
                                                         internal_rssi[7] (net)
                      0.767290    0.000000    0.863912 ^ _1270_/A (sky130_fd_sc_hd__nand2_2)
    63    0.215341    0.855999    0.868943    1.732856 v _1270_/Y (sky130_fd_sc_hd__nand2_2)
                                                         _0408_ (net)
                      0.855999    0.000000    1.732856 v _1563_/A (sky130_fd_sc_hd__or3_2)
     3    0.008744    0.102945    0.755327    2.488182 v _1563_/X (sky130_fd_sc_hd__or3_2)
                                                         _0694_ (net)
                      0.102945    0.000000    2.488182 v _1566_/B1 (sky130_fd_sc_hd__o211a_2)
     2    0.003589    0.043867    0.156935    2.645117 v _1566_/X (sky130_fd_sc_hd__o211a_2)
                                                         _0697_ (net)
                      0.043867    0.000000    2.645117 v _1568_/A (sky130_fd_sc_hd__or3b_2)
     2    0.005683    0.088444    0.474441    3.119558 v _1568_/X (sky130_fd_sc_hd__or3b_2)
                                                         _0699_ (net)
                      0.088444    0.000000    3.119558 v _1571_/A (sky130_fd_sc_hd__and3_2)
     3    0.007426    0.050282    0.202973    3.322531 v _1571_/X (sky130_fd_sc_hd__and3_2)
                                                         _0702_ (net)
                      0.050282    0.000000    3.322531 v _1573_/B (sky130_fd_sc_hd__or3_2)
     2    0.006531    0.092116    0.465283    3.787814 v _1573_/X (sky130_fd_sc_hd__or3_2)
                                                         _0704_ (net)
                      0.092116    0.000000    3.787814 v _1577_/A1 (sky130_fd_sc_hd__a21o_2)
     3    0.008328    0.048712    0.219139    4.006953 v _1577_/X (sky130_fd_sc_hd__a21o_2)
                                                         _0708_ (net)
                      0.048712    0.000000    4.006953 v _1578_/C (sky130_fd_sc_hd__and3_2)
     2    0.006053    0.047128    0.216003    4.222956 v _1578_/X (sky130_fd_sc_hd__and3_2)
                                                         _0709_ (net)
                      0.047128    0.000000    4.222956 v _1581_/A (sky130_fd_sc_hd__or3_2)
     5    0.015694    0.120295    0.533780    4.756736 v _1581_/X (sky130_fd_sc_hd__or3_2)
                                                         _0712_ (net)
                      0.120295    0.000000    4.756736 v _1583_/B (sky130_fd_sc_hd__and3_2)
     3    0.007062    0.049400    0.237264    4.994000 v _1583_/X (sky130_fd_sc_hd__and3_2)
                                                         _0714_ (net)
                      0.049400    0.000000    4.994000 v _1589_/B (sky130_fd_sc_hd__or3_2)
     2    0.002576    0.075129    0.438388    5.432387 v _1589_/X (sky130_fd_sc_hd__or3_2)
                                                         _0719_ (net)
                      0.075129    0.000000    5.432387 v _1590_/C (sky130_fd_sc_hd__or3_2)
     1    0.004051    0.082450    0.420357    5.852744 v _1590_/X (sky130_fd_sc_hd__or3_2)
                                                         _0720_ (net)
                      0.082450    0.000000    5.852744 v _1593_/A2 (sky130_fd_sc_hd__o211ai_2)
     5    0.025236    0.346322    0.311242    6.163986 ^ _1593_/Y (sky130_fd_sc_hd__o211ai_2)
                                                         _0723_ (net)
                      0.346322    0.000000    6.163986 ^ _1850_/A1 (sky130_fd_sc_hd__a211oi_2)
     4    0.019313    0.149095    0.191826    6.355812 v _1850_/Y (sky130_fd_sc_hd__a211oi_2)
                                                         _0972_ (net)
                      0.149095    0.000000    6.355812 v _1993_/A1 (sky130_fd_sc_hd__o31a_2)
     2    0.005536    0.059485    0.385476    6.741288 v _1993_/X (sky130_fd_sc_hd__o31a_2)
                                                         _0125_ (net)
                      0.059485    0.000000    6.741288 v _1994_/B (sky130_fd_sc_hd__or2_2)
     5    0.014604    0.089130    0.321863    7.063150 v _1994_/X (sky130_fd_sc_hd__or2_2)
                                                         _0126_ (net)
                      0.089130    0.000000    7.063150 v _2052_/A2 (sky130_fd_sc_hd__a311o_2)
     3    0.009136    0.073323    0.399454    7.462604 v _2052_/X (sky130_fd_sc_hd__a311o_2)
                                                         _0182_ (net)
                      0.073323    0.000000    7.462604 v _2068_/A2 (sky130_fd_sc_hd__a31o_2)
     1    0.002212    0.035521    0.231736    7.694340 v _2068_/X (sky130_fd_sc_hd__a31o_2)
                                                         _0197_ (net)
                      0.035521    0.000000    7.694340 v _2069_/B2 (sky130_fd_sc_hd__o221a_2)
     1    0.001681    0.039518    0.209949    7.904289 v _2069_/X (sky130_fd_sc_hd__o221a_2)
                                                         _0048_ (net)
                      0.039518    0.000000    7.904289 v _2120_/D (sky130_fd_sc_hd__dfxtp_2)
                                              7.904289   data arrival time

                      0.150000   20.000000   20.000000   clock aclk (rise edge)
                                  0.000000   20.000000   clock network delay (ideal)
                                 -0.250000   19.750002   clock uncertainty
                                  0.000000   19.750002   clock reconvergence pessimism
                                             19.750002 ^ _2120_/CLK (sky130_fd_sc_hd__dfxtp_2)
                                 -0.085973   19.664028   library setup time
                                             19.664028   data required time
---------------------------------------------------------------------------------------------
                                             19.664028   data required time
                                             -7.904289   data arrival time
---------------------------------------------------------------------------------------------
                                             11.759738   slack (MET)


Startpoint: _2088_ (rising edge-triggered flip-flop clocked by aclk)
Endpoint: _2119_ (rising edge-triggered flip-flop clocked by aclk)
Path Group: aclk
Path Type: max

Fanout         Cap        Slew       Delay        Time   Description
---------------------------------------------------------------------------------------------
                      0.150000    0.000000    0.000000   clock aclk (rise edge)
                                  0.000000    0.000000   clock network delay (ideal)
                      0.150000    0.000000    0.000000 ^ _2088_/CLK (sky130_fd_sc_hd__dfxtp_2)
    54    0.154152    0.767290    0.863912    0.863912 ^ _2088_/Q (sky130_fd_sc_hd__dfxtp_2)
                                                         internal_rssi[7] (net)
                      0.767290    0.000000    0.863912 ^ _1270_/A (sky130_fd_sc_hd__nand2_2)
    63    0.215341    0.855999    0.868943    1.732856 v _1270_/Y (sky130_fd_sc_hd__nand2_2)
                                                         _0408_ (net)
                      0.855999    0.000000    1.732856 v _1563_/A (sky130_fd_sc_hd__or3_2)
     3    0.008744    0.102945    0.755327    2.488182 v _1563_/X (sky130_fd_sc_hd__or3_2)
                                                         _0694_ (net)
                      0.102945    0.000000    2.488182 v _1566_/B1 (sky130_fd_sc_hd__o211a_2)
     2    0.003589    0.043867    0.156935    2.645117 v _1566_/X (sky130_fd_sc_hd__o211a_2)
                                                         _0697_ (net)
                      0.043867    0.000000    2.645117 v _1568_/A (sky130_fd_sc_hd__or3b_2)
     2    0.005683    0.088444    0.474441    3.119558 v _1568_/X (sky130_fd_sc_hd__or3b_2)
                                                         _0699_ (net)
                      0.088444    0.000000    3.119558 v _1571_/A (sky130_fd_sc_hd__and3_2)
     3    0.007426    0.050282    0.202973    3.322531 v _1571_/X (sky130_fd_sc_hd__and3_2)
                                                         _0702_ (net)
                      0.050282    0.000000    3.322531 v _1573_/B (sky130_fd_sc_hd__or3_2)
     2    0.006531    0.092116    0.465283    3.787814 v _1573_/X (sky130_fd_sc_hd__or3_2)
                                                         _0704_ (net)
                      0.092116    0.000000    3.787814 v _1577_/A1 (sky130_fd_sc_hd__a21o_2)
     3    0.008328    0.048712    0.219139    4.006953 v _1577_/X (sky130_fd_sc_hd__a21o_2)
                                                         _0708_ (net)
                      0.048712    0.000000    4.006953 v _1578_/C (sky130_fd_sc_hd__and3_2)
     2    0.006053    0.047128    0.216003    4.222956 v _1578_/X (sky130_fd_sc_hd__and3_2)
                                                         _0709_ (net)
                      0.047128    0.000000    4.222956 v _1581_/A (sky130_fd_sc_hd__or3_2)
     5    0.015694    0.120295    0.533780    4.756736 v _1581_/X (sky130_fd_sc_hd__or3_2)
                                                         _0712_ (net)
                      0.120295    0.000000    4.756736 v _1583_/B (sky130_fd_sc_hd__and3_2)
     3    0.007062    0.049400    0.237264    4.994000 v _1583_/X (sky130_fd_sc_hd__and3_2)
                                                         _0714_ (net)
                      0.049400    0.000000    4.994000 v _1589_/B (sky130_fd_sc_hd__or3_2)
     2    0.002576    0.075129    0.438388    5.432387 v _1589_/X (sky130_fd_sc_hd__or3_2)
                                                         _0719_ (net)
                      0.075129    0.000000    5.432387 v _1590_/C (sky130_fd_sc_hd__or3_2)
     1    0.004051    0.082450    0.420357    5.852744 v _1590_/X (sky130_fd_sc_hd__or3_2)
                                                         _0720_ (net)
                      0.082450    0.000000    5.852744 v _1593_/A2 (sky130_fd_sc_hd__o211ai_2)
     5    0.025236    0.346322    0.311242    6.163986 ^ _1593_/Y (sky130_fd_sc_hd__o211ai_2)
                                                         _0723_ (net)
                      0.346322    0.000000    6.163986 ^ _1850_/A1 (sky130_fd_sc_hd__a211oi_2)
     4    0.019313    0.149095    0.191826    6.355812 v _1850_/Y (sky130_fd_sc_hd__a211oi_2)
                                                         _0972_ (net)
                      0.149095    0.000000    6.355812 v _1993_/A1 (sky130_fd_sc_hd__o31a_2)
     2    0.005536    0.059485    0.385476    6.741288 v _1993_/X (sky130_fd_sc_hd__o31a_2)
                                                         _0125_ (net)
                      0.059485    0.000000    6.741288 v _1994_/B (sky130_fd_sc_hd__or2_2)
     5    0.014604    0.089130    0.321863    7.063150 v _1994_/X (sky130_fd_sc_hd__or2_2)
                                                         _0126_ (net)
                      0.089130    0.000000    7.063150 v _2052_/A2 (sky130_fd_sc_hd__a311o_2)
     3    0.009136    0.073323    0.399454    7.462604 v _2052_/X (sky130_fd_sc_hd__a311o_2)
                                                         _0182_ (net)
                      0.073323    0.000000    7.462604 v _2054_/A1 (sky130_fd_sc_hd__a21o_2)
     1    0.002260    0.032486    0.189218    7.651823 v _2054_/X (sky130_fd_sc_hd__a21o_2)
                                                         _0184_ (net)
                      0.032486    0.000000    7.651823 v _2055_/B1 (sky130_fd_sc_hd__o211a_2)
     1    0.001681    0.037488    0.117083    7.768906 v _2055_/X (sky130_fd_sc_hd__o211a_2)
                                                         _0047_ (net)
                      0.037488    0.000000    7.768906 v _2119_/D (sky130_fd_sc_hd__dfxtp_2)
                                              7.768906   data arrival time

                      0.150000   20.000000   20.000000   clock aclk (rise edge)
                                  0.000000   20.000000   clock network delay (ideal)
                                 -0.250000   19.750002   clock uncertainty
                                  0.000000   19.750002   clock reconvergence pessimism
                                             19.750002 ^ _2119_/CLK (sky130_fd_sc_hd__dfxtp_2)
                                 -0.085091   19.664909   library setup time
                                             19.664909   data required time
---------------------------------------------------------------------------------------------
                                             19.664909   data required time
                                             -7.768906   data arrival time
---------------------------------------------------------------------------------------------
                                             11.896005   slack (MET)


Startpoint: _2088_ (rising edge-triggered flip-flop clocked by aclk)
Endpoint: _2118_ (rising edge-triggered flip-flop clocked by aclk)
Path Group: aclk
Path Type: max

Fanout         Cap        Slew       Delay        Time   Description
---------------------------------------------------------------------------------------------
                      0.150000    0.000000    0.000000   clock aclk (rise edge)
                                  0.000000    0.000000   clock network delay (ideal)
                      0.150000    0.000000    0.000000 ^ _2088_/CLK (sky130_fd_sc_hd__dfxtp_2)
    54    0.154152    0.767290    0.863912    0.863912 ^ _2088_/Q (sky130_fd_sc_hd__dfxtp_2)
                                                         internal_rssi[7] (net)
                      0.767290    0.000000    0.863912 ^ _1270_/A (sky130_fd_sc_hd__nand2_2)
    63    0.215341    0.855999    0.868943    1.732856 v _1270_/Y (sky130_fd_sc_hd__nand2_2)
                                                         _0408_ (net)
                      0.855999    0.000000    1.732856 v _1563_/A (sky130_fd_sc_hd__or3_2)
     3    0.008744    0.102945    0.755327    2.488182 v _1563_/X (sky130_fd_sc_hd__or3_2)
                                                         _0694_ (net)
                      0.102945    0.000000    2.488182 v _1566_/B1 (sky130_fd_sc_hd__o211a_2)
     2    0.003589    0.043867    0.156935    2.645117 v _1566_/X (sky130_fd_sc_hd__o211a_2)
                                                         _0697_ (net)
                      0.043867    0.000000    2.645117 v _1568_/A (sky130_fd_sc_hd__or3b_2)
     2    0.005683    0.088444    0.474441    3.119558 v _1568_/X (sky130_fd_sc_hd__or3b_2)
                                                         _0699_ (net)
                      0.088444    0.000000    3.119558 v _1571_/A (sky130_fd_sc_hd__and3_2)
     3    0.007426    0.050282    0.202973    3.322531 v _1571_/X (sky130_fd_sc_hd__and3_2)
                                                         _0702_ (net)
                      0.050282    0.000000    3.322531 v _1573_/B (sky130_fd_sc_hd__or3_2)
     2    0.006531    0.092116    0.465283    3.787814 v _1573_/X (sky130_fd_sc_hd__or3_2)
                                                         _0704_ (net)
                      0.092116    0.000000    3.787814 v _1577_/A1 (sky130_fd_sc_hd__a21o_2)
     3    0.008328    0.048712    0.219139    4.006953 v _1577_/X (sky130_fd_sc_hd__a21o_2)
                                                         _0708_ (net)
                      0.048712    0.000000    4.006953 v _1578_/C (sky130_fd_sc_hd__and3_2)
     2    0.006053    0.047128    0.216003    4.222956 v _1578_/X (sky130_fd_sc_hd__and3_2)
                                                         _0709_ (net)
                      0.047128    0.000000    4.222956 v _1581_/A (sky130_fd_sc_hd__or3_2)
     5    0.015694    0.120295    0.533780    4.756736 v _1581_/X (sky130_fd_sc_hd__or3_2)
                                                         _0712_ (net)
                      0.120295    0.000000    4.756736 v _1583_/B (sky130_fd_sc_hd__and3_2)
     3    0.007062    0.049400    0.237264    4.994000 v _1583_/X (sky130_fd_sc_hd__and3_2)
                                                         _0714_ (net)
                      0.049400    0.000000    4.994000 v _1589_/B (sky130_fd_sc_hd__or3_2)
     2    0.002576    0.075129    0.438388    5.432387 v _1589_/X (sky130_fd_sc_hd__or3_2)
                                                         _0719_ (net)
                      0.075129    0.000000    5.432387 v _1590_/C (sky130_fd_sc_hd__or3_2)
     1    0.004051    0.082450    0.420357    5.852744 v _1590_/X (sky130_fd_sc_hd__or3_2)
                                                         _0720_ (net)
                      0.082450    0.000000    5.852744 v _1593_/A2 (sky130_fd_sc_hd__o211ai_2)
     5    0.025236    0.346322    0.311242    6.163986 ^ _1593_/Y (sky130_fd_sc_hd__o211ai_2)
                                                         _0723_ (net)
                      0.346322    0.000000    6.163986 ^ _1850_/A1 (sky130_fd_sc_hd__a211oi_2)
     4    0.019313    0.149095    0.191826    6.355812 v _1850_/Y (sky130_fd_sc_hd__a211oi_2)
                                                         _0972_ (net)
                      0.149095    0.000000    6.355812 v _1993_/A1 (sky130_fd_sc_hd__o31a_2)
     2    0.005536    0.059485    0.385476    6.741288 v _1993_/X (sky130_fd_sc_hd__o31a_2)
                                                         _0125_ (net)
                      0.059485    0.000000    6.741288 v _1994_/B (sky130_fd_sc_hd__or2_2)
     5    0.014604    0.089130    0.321863    7.063150 v _1994_/X (sky130_fd_sc_hd__or2_2)
                                                         _0126_ (net)
                      0.089130    0.000000    7.063150 v _2028_/A2 (sky130_fd_sc_hd__a31o_2)
     1    0.002212    0.035533    0.238352    7.301502 v _2028_/X (sky130_fd_sc_hd__a31o_2)
                                                         _0159_ (net)
                      0.035533    0.000000    7.301502 v _2029_/B2 (sky130_fd_sc_hd__o221a_2)
     1    0.001681    0.039540    0.209954    7.511456 v _2029_/X (sky130_fd_sc_hd__o221a_2)
                                                         _0046_ (net)
                      0.039540    0.000000    7.511456 v _2118_/D (sky130_fd_sc_hd__dfxtp_2)
                                              7.511456   data arrival time

                      0.150000   20.000000   20.000000   clock aclk (rise edge)
                                  0.000000   20.000000   clock network delay (ideal)
                                 -0.250000   19.750002   clock uncertainty
                                  0.000000   19.750002   clock reconvergence pessimism
                                             19.750002 ^ _2118_/CLK (sky130_fd_sc_hd__dfxtp_2)
                                 -0.085982   19.664019   library setup time
                                             19.664019   data required time
---------------------------------------------------------------------------------------------
                                             19.664019   data required time
                                             -7.511456   data arrival time
---------------------------------------------------------------------------------------------
                                             12.152563   slack (MET)


Startpoint: _2088_ (rising edge-triggered flip-flop clocked by aclk)
Endpoint: _2117_ (rising edge-triggered flip-flop clocked by aclk)
Path Group: aclk
Path Type: max

Fanout         Cap        Slew       Delay        Time   Description
---------------------------------------------------------------------------------------------
                      0.150000    0.000000    0.000000   clock aclk (rise edge)
                                  0.000000    0.000000   clock network delay (ideal)
                      0.150000    0.000000    0.000000 ^ _2088_/CLK (sky130_fd_sc_hd__dfxtp_2)
    54    0.154152    0.767290    0.863912    0.863912 ^ _2088_/Q (sky130_fd_sc_hd__dfxtp_2)
                                                         internal_rssi[7] (net)
                      0.767290    0.000000    0.863912 ^ _1270_/A (sky130_fd_sc_hd__nand2_2)
    63    0.215341    0.855999    0.868943    1.732856 v _1270_/Y (sky130_fd_sc_hd__nand2_2)
                                                         _0408_ (net)
                      0.855999    0.000000    1.732856 v _1563_/A (sky130_fd_sc_hd__or3_2)
     3    0.008744    0.102945    0.755327    2.488182 v _1563_/X (sky130_fd_sc_hd__or3_2)
                                                         _0694_ (net)
                      0.102945    0.000000    2.488182 v _1566_/B1 (sky130_fd_sc_hd__o211a_2)
     2    0.003589    0.043867    0.156935    2.645117 v _1566_/X (sky130_fd_sc_hd__o211a_2)
                                                         _0697_ (net)
                      0.043867    0.000000    2.645117 v _1568_/A (sky130_fd_sc_hd__or3b_2)
     2    0.005683    0.088444    0.474441    3.119558 v _1568_/X (sky130_fd_sc_hd__or3b_2)
                                                         _0699_ (net)
                      0.088444    0.000000    3.119558 v _1571_/A (sky130_fd_sc_hd__and3_2)
     3    0.007426    0.050282    0.202973    3.322531 v _1571_/X (sky130_fd_sc_hd__and3_2)
                                                         _0702_ (net)
                      0.050282    0.000000    3.322531 v _1573_/B (sky130_fd_sc_hd__or3_2)
     2    0.006531    0.092116    0.465283    3.787814 v _1573_/X (sky130_fd_sc_hd__or3_2)
                                                         _0704_ (net)
                      0.092116    0.000000    3.787814 v _1577_/A1 (sky130_fd_sc_hd__a21o_2)
     3    0.008328    0.048712    0.219139    4.006953 v _1577_/X (sky130_fd_sc_hd__a21o_2)
                                                         _0708_ (net)
                      0.048712    0.000000    4.006953 v _1578_/C (sky130_fd_sc_hd__and3_2)
     2    0.006053    0.047128    0.216003    4.222956 v _1578_/X (sky130_fd_sc_hd__and3_2)
                                                         _0709_ (net)
                      0.047128    0.000000    4.222956 v _1581_/A (sky130_fd_sc_hd__or3_2)
     5    0.015694    0.120295    0.533780    4.756736 v _1581_/X (sky130_fd_sc_hd__or3_2)
                                                         _0712_ (net)
                      0.120295    0.000000    4.756736 v _1583_/B (sky130_fd_sc_hd__and3_2)
     3    0.007062    0.049400    0.237264    4.994000 v _1583_/X (sky130_fd_sc_hd__and3_2)
                                                         _0714_ (net)
                      0.049400    0.000000    4.994000 v _1589_/B (sky130_fd_sc_hd__or3_2)
     2    0.002576    0.075129    0.438388    5.432387 v _1589_/X (sky130_fd_sc_hd__or3_2)
                                                         _0719_ (net)
                      0.075129    0.000000    5.432387 v _1590_/C (sky130_fd_sc_hd__or3_2)
     1    0.004051    0.082450    0.420357    5.852744 v _1590_/X (sky130_fd_sc_hd__or3_2)
                                                         _0720_ (net)
                      0.082450    0.000000    5.852744 v _1593_/A2 (sky130_fd_sc_hd__o211ai_2)
     5    0.025236    0.346322    0.311242    6.163986 ^ _1593_/Y (sky130_fd_sc_hd__o211ai_2)
                                                         _0723_ (net)
                      0.346322    0.000000    6.163986 ^ _1850_/A1 (sky130_fd_sc_hd__a211oi_2)
     4    0.019313    0.149095    0.191826    6.355812 v _1850_/Y (sky130_fd_sc_hd__a211oi_2)
                                                         _0972_ (net)
                      0.149095    0.000000    6.355812 v _1993_/A1 (sky130_fd_sc_hd__o31a_2)
     2    0.005536    0.059485    0.385476    6.741288 v _1993_/X (sky130_fd_sc_hd__o31a_2)
                                                         _0125_ (net)
                      0.059485    0.000000    6.741288 v _1994_/B (sky130_fd_sc_hd__or2_2)
     5    0.014604    0.089130    0.321863    7.063150 v _1994_/X (sky130_fd_sc_hd__or2_2)
                                                         _0126_ (net)
                      0.089130    0.000000    7.063150 v _1996_/A (sky130_fd_sc_hd__and2_2)
     1    0.002161    0.035209    0.178816    7.241966 v _1996_/X (sky130_fd_sc_hd__and2_2)
                                                         _0128_ (net)
                      0.035209    0.000000    7.241966 v _1998_/A2 (sky130_fd_sc_hd__o211a_2)
     1    0.001681    0.037424    0.220885    7.462851 v _1998_/X (sky130_fd_sc_hd__o211a_2)
                                                         _0045_ (net)
                      0.037424    0.000000    7.462851 v _2117_/D (sky130_fd_sc_hd__dfxtp_2)
                                              7.462851   data arrival time

                      0.150000   20.000000   20.000000   clock aclk (rise edge)
                                  0.000000   20.000000   clock network delay (ideal)
                                 -0.250000   19.750002   clock uncertainty
                                  0.000000   19.750002   clock reconvergence pessimism
                                             19.750002 ^ _2117_/CLK (sky130_fd_sc_hd__dfxtp_2)
                                 -0.085064   19.664936   library setup time
                                             19.664936   data required time
---------------------------------------------------------------------------------------------
                                             19.664936   data required time
                                             -7.462851   data arrival time
---------------------------------------------------------------------------------------------
                                             12.202085   slack (MET)


Startpoint: _2088_ (rising edge-triggered flip-flop clocked by aclk)
Endpoint: _2116_ (rising edge-triggered flip-flop clocked by aclk)
Path Group: aclk
Path Type: max

Fanout         Cap        Slew       Delay        Time   Description
---------------------------------------------------------------------------------------------
                      0.150000    0.000000    0.000000   clock aclk (rise edge)
                                  0.000000    0.000000   clock network delay (ideal)
                      0.150000    0.000000    0.000000 ^ _2088_/CLK (sky130_fd_sc_hd__dfxtp_2)
    54    0.154152    0.767290    0.863912    0.863912 ^ _2088_/Q (sky130_fd_sc_hd__dfxtp_2)
                                                         internal_rssi[7] (net)
                      0.767290    0.000000    0.863912 ^ _1270_/A (sky130_fd_sc_hd__nand2_2)
    63    0.215341    0.855999    0.868943    1.732856 v _1270_/Y (sky130_fd_sc_hd__nand2_2)
                                                         _0408_ (net)
                      0.855999    0.000000    1.732856 v _1563_/A (sky130_fd_sc_hd__or3_2)
     3    0.008744    0.102945    0.755327    2.488182 v _1563_/X (sky130_fd_sc_hd__or3_2)
                                                         _0694_ (net)
                      0.102945    0.000000    2.488182 v _1566_/B1 (sky130_fd_sc_hd__o211a_2)
     2    0.003589    0.043867    0.156935    2.645117 v _1566_/X (sky130_fd_sc_hd__o211a_2)
                                                         _0697_ (net)
                      0.043867    0.000000    2.645117 v _1568_/A (sky130_fd_sc_hd__or3b_2)
     2    0.005683    0.088444    0.474441    3.119558 v _1568_/X (sky130_fd_sc_hd__or3b_2)
                                                         _0699_ (net)
                      0.088444    0.000000    3.119558 v _1571_/A (sky130_fd_sc_hd__and3_2)
     3    0.007426    0.050282    0.202973    3.322531 v _1571_/X (sky130_fd_sc_hd__and3_2)
                                                         _0702_ (net)
                      0.050282    0.000000    3.322531 v _1573_/B (sky130_fd_sc_hd__or3_2)
     2    0.006531    0.092116    0.465283    3.787814 v _1573_/X (sky130_fd_sc_hd__or3_2)
                                                         _0704_ (net)
                      0.092116    0.000000    3.787814 v _1577_/A1 (sky130_fd_sc_hd__a21o_2)
     3    0.008328    0.048712    0.219139    4.006953 v _1577_/X (sky130_fd_sc_hd__a21o_2)
                                                         _0708_ (net)
                      0.048712    0.000000    4.006953 v _1578_/C (sky130_fd_sc_hd__and3_2)
     2    0.006053    0.047128    0.216003    4.222956 v _1578_/X (sky130_fd_sc_hd__and3_2)
                                                         _0709_ (net)
                      0.047128    0.000000    4.222956 v _1581_/A (sky130_fd_sc_hd__or3_2)
     5    0.015694    0.120295    0.533780    4.756736 v _1581_/X (sky130_fd_sc_hd__or3_2)
                                                         _0712_ (net)
                      0.120295    0.000000    4.756736 v _1583_/B (sky130_fd_sc_hd__and3_2)
     3    0.007062    0.049400    0.237264    4.994000 v _1583_/X (sky130_fd_sc_hd__and3_2)
                                                         _0714_ (net)
                      0.049400    0.000000    4.994000 v _1589_/B (sky130_fd_sc_hd__or3_2)
     2    0.002576    0.075129    0.438388    5.432387 v _1589_/X (sky130_fd_sc_hd__or3_2)
                                                         _0719_ (net)
                      0.075129    0.000000    5.432387 v _1590_/C (sky130_fd_sc_hd__or3_2)
     1    0.004051    0.082450    0.420357    5.852744 v _1590_/X (sky130_fd_sc_hd__or3_2)
                                                         _0720_ (net)
                      0.082450    0.000000    5.852744 v _1593_/A2 (sky130_fd_sc_hd__o211ai_2)
     5    0.025236    0.346322    0.311242    6.163986 ^ _1593_/Y (sky130_fd_sc_hd__o211ai_2)
                                                         _0723_ (net)
                      0.346322    0.000000    6.163986 ^ _1850_/A1 (sky130_fd_sc_hd__a211oi_2)
     4    0.019313    0.149095    0.191826    6.355812 v _1850_/Y (sky130_fd_sc_hd__a211oi_2)
                                                         _0972_ (net)
                      0.149095    0.000000    6.355812 v _1931_/A1 (sky130_fd_sc_hd__o21bai_2)
     2    0.013063    0.193709    0.239004    6.594816 ^ _1931_/Y (sky130_fd_sc_hd__o21bai_2)
                                                         _0065_ (net)
                      0.193709    0.000000    6.594816 ^ _1932_/B (sky130_fd_sc_hd__nand2_2)
     2    0.006861    0.055953    0.084965    6.679781 v _1932_/Y (sky130_fd_sc_hd__nand2_2)
                                                         _0066_ (net)
                      0.055953    0.000000    6.679781 v _1963_/A2 (sky130_fd_sc_hd__a31o_2)
     1    0.002212    0.035521    0.224464    6.904246 v _1963_/X (sky130_fd_sc_hd__a31o_2)
                                                         _0096_ (net)
                      0.035521    0.000000    6.904246 v _1964_/B2 (sky130_fd_sc_hd__o221a_2)
     1    0.001681    0.039540    0.209949    7.114195 v _1964_/X (sky130_fd_sc_hd__o221a_2)
                                                         _0044_ (net)
                      0.039540    0.000000    7.114195 v _2116_/D (sky130_fd_sc_hd__dfxtp_2)
                                              7.114195   data arrival time

                      0.150000   20.000000   20.000000   clock aclk (rise edge)
                                  0.000000   20.000000   clock network delay (ideal)
                                 -0.250000   19.750002   clock uncertainty
                                  0.000000   19.750002   clock reconvergence pessimism
                                             19.750002 ^ _2116_/CLK (sky130_fd_sc_hd__dfxtp_2)
                                 -0.085982   19.664019   library setup time
                                             19.664019   data required time
---------------------------------------------------------------------------------------------
                                             19.664019   data required time
                                             -7.114195   data arrival time
---------------------------------------------------------------------------------------------
                                             12.549824   slack (MET)


Startpoint: _2088_ (rising edge-triggered flip-flop clocked by aclk)
Endpoint: _2112_ (rising edge-triggered flip-flop clocked by aclk)
Path Group: aclk
Path Type: max

Fanout         Cap        Slew       Delay        Time   Description
---------------------------------------------------------------------------------------------
                      0.150000    0.000000    0.000000   clock aclk (rise edge)
                                  0.000000    0.000000   clock network delay (ideal)
                      0.150000    0.000000    0.000000 ^ _2088_/CLK (sky130_fd_sc_hd__dfxtp_2)
    54    0.154152    0.767290    0.863912    0.863912 ^ _2088_/Q (sky130_fd_sc_hd__dfxtp_2)
                                                         internal_rssi[7] (net)
                      0.767290    0.000000    0.863912 ^ _1270_/A (sky130_fd_sc_hd__nand2_2)
    63    0.215341    0.855999    0.868943    1.732856 v _1270_/Y (sky130_fd_sc_hd__nand2_2)
                                                         _0408_ (net)
                      0.855999    0.000000    1.732856 v _1563_/A (sky130_fd_sc_hd__or3_2)
     3    0.008744    0.102945    0.755327    2.488182 v _1563_/X (sky130_fd_sc_hd__or3_2)
                                                         _0694_ (net)
                      0.102945    0.000000    2.488182 v _1566_/B1 (sky130_fd_sc_hd__o211a_2)
     2    0.003589    0.043867    0.156935    2.645117 v _1566_/X (sky130_fd_sc_hd__o211a_2)
                                                         _0697_ (net)
                      0.043867    0.000000    2.645117 v _1568_/A (sky130_fd_sc_hd__or3b_2)
     2    0.005683    0.088444    0.474441    3.119558 v _1568_/X (sky130_fd_sc_hd__or3b_2)
                                                         _0699_ (net)
                      0.088444    0.000000    3.119558 v _1571_/A (sky130_fd_sc_hd__and3_2)
     3    0.007426    0.050282    0.202973    3.322531 v _1571_/X (sky130_fd_sc_hd__and3_2)
                                                         _0702_ (net)
                      0.050282    0.000000    3.322531 v _1573_/B (sky130_fd_sc_hd__or3_2)
     2    0.006531    0.092116    0.465283    3.787814 v _1573_/X (sky130_fd_sc_hd__or3_2)
                                                         _0704_ (net)
                      0.092116    0.000000    3.787814 v _1577_/A1 (sky130_fd_sc_hd__a21o_2)
     3    0.008328    0.048712    0.219139    4.006953 v _1577_/X (sky130_fd_sc_hd__a21o_2)
                                                         _0708_ (net)
                      0.048712    0.000000    4.006953 v _1578_/C (sky130_fd_sc_hd__and3_2)
     2    0.006053    0.047128    0.216003    4.222956 v _1578_/X (sky130_fd_sc_hd__and3_2)
                                                         _0709_ (net)
                      0.047128    0.000000    4.222956 v _1581_/A (sky130_fd_sc_hd__or3_2)
     5    0.015694    0.120295    0.533780    4.756736 v _1581_/X (sky130_fd_sc_hd__or3_2)
                                                         _0712_ (net)
                      0.120295    0.000000    4.756736 v _1583_/B (sky130_fd_sc_hd__and3_2)
     3    0.007062    0.049400    0.237264    4.994000 v _1583_/X (sky130_fd_sc_hd__and3_2)
                                                         _0714_ (net)
                      0.049400    0.000000    4.994000 v _1589_/B (sky130_fd_sc_hd__or3_2)
     2    0.002576    0.075129    0.438388    5.432387 v _1589_/X (sky130_fd_sc_hd__or3_2)
                                                         _0719_ (net)
                      0.075129    0.000000    5.432387 v _1590_/C (sky130_fd_sc_hd__or3_2)
     1    0.004051    0.082450    0.420357    5.852744 v _1590_/X (sky130_fd_sc_hd__or3_2)
                                                         _0720_ (net)
                      0.082450    0.000000    5.852744 v _1593_/A2 (sky130_fd_sc_hd__o211ai_2)
     5    0.025236    0.346322    0.311242    6.163986 ^ _1593_/Y (sky130_fd_sc_hd__o211ai_2)
                                                         _0723_ (net)
                      0.346322    0.000000    6.163986 ^ _1748_/A1 (sky130_fd_sc_hd__a21oi_2)
     3    0.014162    0.114477    0.141708    6.305695 v _1748_/Y (sky130_fd_sc_hd__a21oi_2)
                                                         _0874_ (net)
                      0.114477    0.000000    6.305695 v _1812_/A1 (sky130_fd_sc_hd__o21ai_2)
     2    0.013114    0.190640    0.224689    6.530383 ^ _1812_/Y (sky130_fd_sc_hd__o21ai_2)
                                                         _0936_ (net)
                      0.190640    0.000000    6.530383 ^ _1813_/B (sky130_fd_sc_hd__nand2_2)
     2    0.006861    0.082299    0.084511    6.614894 v _1813_/Y (sky130_fd_sc_hd__nand2_2)
                                                         _0937_ (net)
                      0.082299    0.000000    6.614894 v _1843_/A2 (sky130_fd_sc_hd__a31o_2)
     1    0.002212    0.035521    0.235492    6.850386 v _1843_/X (sky130_fd_sc_hd__a31o_2)
                                                         _0966_ (net)
                      0.035521    0.000000    6.850386 v _1844_/B2 (sky130_fd_sc_hd__o221a_2)
     1    0.001681    0.039540    0.209949    7.060335 v _1844_/X (sky130_fd_sc_hd__o221a_2)
                                                         _0040_ (net)
                      0.039540    0.000000    7.060335 v _2112_/D (sky130_fd_sc_hd__dfxtp_2)
                                              7.060335   data arrival time

                      0.150000   20.000000   20.000000   clock aclk (rise edge)
                                  0.000000   20.000000   clock network delay (ideal)
                                 -0.250000   19.750002   clock uncertainty
                                  0.000000   19.750002   clock reconvergence pessimism
                                             19.750002 ^ _2112_/CLK (sky130_fd_sc_hd__dfxtp_2)
                                 -0.085983   19.664019   library setup time
                                             19.664019   data required time
---------------------------------------------------------------------------------------------
                                             19.664019   data required time
                                             -7.060335   data arrival time
---------------------------------------------------------------------------------------------
                                             12.603683   slack (MET)


Startpoint: _2088_ (rising edge-triggered flip-flop clocked by aclk)
Endpoint: _2115_ (rising edge-triggered flip-flop clocked by aclk)
Path Group: aclk
Path Type: max

Fanout         Cap        Slew       Delay        Time   Description
---------------------------------------------------------------------------------------------
                      0.150000    0.000000    0.000000   clock aclk (rise edge)
                                  0.000000    0.000000   clock network delay (ideal)
                      0.150000    0.000000    0.000000 ^ _2088_/CLK (sky130_fd_sc_hd__dfxtp_2)
    54    0.154152    0.767290    0.863912    0.863912 ^ _2088_/Q (sky130_fd_sc_hd__dfxtp_2)
                                                         internal_rssi[7] (net)
                      0.767290    0.000000    0.863912 ^ _1270_/A (sky130_fd_sc_hd__nand2_2)
    63    0.215341    0.855999    0.868943    1.732856 v _1270_/Y (sky130_fd_sc_hd__nand2_2)
                                                         _0408_ (net)
                      0.855999    0.000000    1.732856 v _1563_/A (sky130_fd_sc_hd__or3_2)
     3    0.008744    0.102945    0.755327    2.488182 v _1563_/X (sky130_fd_sc_hd__or3_2)
                                                         _0694_ (net)
                      0.102945    0.000000    2.488182 v _1566_/B1 (sky130_fd_sc_hd__o211a_2)
     2    0.003589    0.043867    0.156935    2.645117 v _1566_/X (sky130_fd_sc_hd__o211a_2)
                                                         _0697_ (net)
                      0.043867    0.000000    2.645117 v _1568_/A (sky130_fd_sc_hd__or3b_2)
     2    0.005683    0.088444    0.474441    3.119558 v _1568_/X (sky130_fd_sc_hd__or3b_2)
                                                         _0699_ (net)
                      0.088444    0.000000    3.119558 v _1571_/A (sky130_fd_sc_hd__and3_2)
     3    0.007426    0.050282    0.202973    3.322531 v _1571_/X (sky130_fd_sc_hd__and3_2)
                                                         _0702_ (net)
                      0.050282    0.000000    3.322531 v _1573_/B (sky130_fd_sc_hd__or3_2)
     2    0.006531    0.092116    0.465283    3.787814 v _1573_/X (sky130_fd_sc_hd__or3_2)
                                                         _0704_ (net)
                      0.092116    0.000000    3.787814 v _1577_/A1 (sky130_fd_sc_hd__a21o_2)
     3    0.008328    0.048712    0.219139    4.006953 v _1577_/X (sky130_fd_sc_hd__a21o_2)
                                                         _0708_ (net)
                      0.048712    0.000000    4.006953 v _1578_/C (sky130_fd_sc_hd__and3_2)
     2    0.006053    0.047128    0.216003    4.222956 v _1578_/X (sky130_fd_sc_hd__and3_2)
                                                         _0709_ (net)
                      0.047128    0.000000    4.222956 v _1581_/A (sky130_fd_sc_hd__or3_2)
     5    0.015694    0.120295    0.533780    4.756736 v _1581_/X (sky130_fd_sc_hd__or3_2)
                                                         _0712_ (net)
                      0.120295    0.000000    4.756736 v _1583_/B (sky130_fd_sc_hd__and3_2)
     3    0.007062    0.049400    0.237264    4.994000 v _1583_/X (sky130_fd_sc_hd__and3_2)
                                                         _0714_ (net)
                      0.049400    0.000000    4.994000 v _1589_/B (sky130_fd_sc_hd__or3_2)
     2    0.002576    0.075129    0.438388    5.432387 v _1589_/X (sky130_fd_sc_hd__or3_2)
                                                         _0719_ (net)
                      0.075129    0.000000    5.432387 v _1590_/C (sky130_fd_sc_hd__or3_2)
     1    0.004051    0.082450    0.420357    5.852744 v _1590_/X (sky130_fd_sc_hd__or3_2)
                                                         _0720_ (net)
                      0.082450    0.000000    5.852744 v _1593_/A2 (sky130_fd_sc_hd__o211ai_2)
     5    0.025236    0.346322    0.311242    6.163986 ^ _1593_/Y (sky130_fd_sc_hd__o211ai_2)
                                                         _0723_ (net)
                      0.346322    0.000000    6.163986 ^ _1850_/A1 (sky130_fd_sc_hd__a211oi_2)
     4    0.019313    0.149095    0.191826    6.355812 v _1850_/Y (sky130_fd_sc_hd__a211oi_2)
                                                         _0972_ (net)
                      0.149095    0.000000    6.355812 v _1931_/A1 (sky130_fd_sc_hd__o21bai_2)
     2    0.013063    0.193709    0.239004    6.594816 ^ _1931_/Y (sky130_fd_sc_hd__o21bai_2)
                                                         _0065_ (net)
                      0.193709    0.000000    6.594816 ^ _1933_/B (sky130_fd_sc_hd__xnor2_2)
     1    0.004621    0.121439    0.133798    6.728614 ^ _1933_/Y (sky130_fd_sc_hd__xnor2_2)
                                                         _0067_ (net)
                      0.121439    0.000000    6.728614 ^ _1934_/B (sky130_fd_sc_hd__nand2_2)
     1    0.002260    0.089275    0.056626    6.785241 v _1934_/Y (sky130_fd_sc_hd__nand2_2)
                                                         _0068_ (net)
                      0.089275    0.000000    6.785241 v _1935_/B1 (sky130_fd_sc_hd__o211a_2)
     1    0.001681    0.037457    0.142993    6.928233 v _1935_/X (sky130_fd_sc_hd__o211a_2)
                                                         _0043_ (net)
                      0.037457    0.000000    6.928233 v _2115_/D (sky130_fd_sc_hd__dfxtp_2)
                                              6.928233   data arrival time

                      0.150000   20.000000   20.000000   clock aclk (rise edge)
                                  0.000000   20.000000   clock network delay (ideal)
                                 -0.250000   19.750002   clock uncertainty
                                  0.000000   19.750002   clock reconvergence pessimism
                                             19.750002 ^ _2115_/CLK (sky130_fd_sc_hd__dfxtp_2)
                                 -0.085078   19.664923   library setup time
                                             19.664923   data required time
---------------------------------------------------------------------------------------------
                                             19.664923   data required time
                                             -6.928233   data arrival time
---------------------------------------------------------------------------------------------
                                             12.736690   slack (MET)


Startpoint: _2088_ (rising edge-triggered flip-flop clocked by aclk)
Endpoint: _2110_ (rising edge-triggered flip-flop clocked by aclk)
Path Group: aclk
Path Type: max

Fanout         Cap        Slew       Delay        Time   Description
---------------------------------------------------------------------------------------------
                      0.150000    0.000000    0.000000   clock aclk (rise edge)
                                  0.000000    0.000000   clock network delay (ideal)
                      0.150000    0.000000    0.000000 ^ _2088_/CLK (sky130_fd_sc_hd__dfxtp_2)
    54    0.154152    0.767290    0.863912    0.863912 ^ _2088_/Q (sky130_fd_sc_hd__dfxtp_2)
                                                         internal_rssi[7] (net)
                      0.767290    0.000000    0.863912 ^ _1270_/A (sky130_fd_sc_hd__nand2_2)
    63    0.215341    0.855999    0.868943    1.732856 v _1270_/Y (sky130_fd_sc_hd__nand2_2)
                                                         _0408_ (net)
                      0.855999    0.000000    1.732856 v _1563_/A (sky130_fd_sc_hd__or3_2)
     3    0.008744    0.102945    0.755327    2.488182 v _1563_/X (sky130_fd_sc_hd__or3_2)
                                                         _0694_ (net)
                      0.102945    0.000000    2.488182 v _1566_/B1 (sky130_fd_sc_hd__o211a_2)
     2    0.003589    0.043867    0.156935    2.645117 v _1566_/X (sky130_fd_sc_hd__o211a_2)
                                                         _0697_ (net)
                      0.043867    0.000000    2.645117 v _1568_/A (sky130_fd_sc_hd__or3b_2)
     2    0.005683    0.088444    0.474441    3.119558 v _1568_/X (sky130_fd_sc_hd__or3b_2)
                                                         _0699_ (net)
                      0.088444    0.000000    3.119558 v _1571_/A (sky130_fd_sc_hd__and3_2)
     3    0.007426    0.050282    0.202973    3.322531 v _1571_/X (sky130_fd_sc_hd__and3_2)
                                                         _0702_ (net)
                      0.050282    0.000000    3.322531 v _1573_/B (sky130_fd_sc_hd__or3_2)
     2    0.006531    0.092116    0.465283    3.787814 v _1573_/X (sky130_fd_sc_hd__or3_2)
                                                         _0704_ (net)
                      0.092116    0.000000    3.787814 v _1577_/A1 (sky130_fd_sc_hd__a21o_2)
     3    0.008328    0.048712    0.219139    4.006953 v _1577_/X (sky130_fd_sc_hd__a21o_2)
                                                         _0708_ (net)
                      0.048712    0.000000    4.006953 v _1578_/C (sky130_fd_sc_hd__and3_2)
     2    0.006053    0.047128    0.216003    4.222956 v _1578_/X (sky130_fd_sc_hd__and3_2)
                                                         _0709_ (net)
                      0.047128    0.000000    4.222956 v _1581_/A (sky130_fd_sc_hd__or3_2)
     5    0.015694    0.120295    0.533780    4.756736 v _1581_/X (sky130_fd_sc_hd__or3_2)
                                                         _0712_ (net)
                      0.120295    0.000000    4.756736 v _1583_/B (sky130_fd_sc_hd__and3_2)
     3    0.007062    0.049400    0.237264    4.994000 v _1583_/X (sky130_fd_sc_hd__and3_2)
                                                         _0714_ (net)
                      0.049400    0.000000    4.994000 v _1589_/B (sky130_fd_sc_hd__or3_2)
     2    0.002576    0.075129    0.438388    5.432387 v _1589_/X (sky130_fd_sc_hd__or3_2)
                                                         _0719_ (net)
                      0.075129    0.000000    5.432387 v _1590_/C (sky130_fd_sc_hd__or3_2)
     1    0.004051    0.082450    0.420357    5.852744 v _1590_/X (sky130_fd_sc_hd__or3_2)
                                                         _0720_ (net)
                      0.082450    0.000000    5.852744 v _1593_/A2 (sky130_fd_sc_hd__o211ai_2)
     5    0.025236    0.346322    0.311242    6.163986 ^ _1593_/Y (sky130_fd_sc_hd__o211ai_2)
                                                         _0723_ (net)
                      0.346322    0.000000    6.163986 ^ _1748_/A1 (sky130_fd_sc_hd__a21oi_2)
     3    0.014162    0.114477    0.141708    6.305695 v _1748_/Y (sky130_fd_sc_hd__a21oi_2)
                                                         _0874_ (net)
                      0.114477    0.000000    6.305695 v _1749_/A_N (sky130_fd_sc_hd__and2b_2)
     1    0.004740    0.045798    0.239005    6.544699 ^ _1749_/X (sky130_fd_sc_hd__and2b_2)
                                                         _0875_ (net)
                      0.045798    0.000000    6.544699 ^ _1778_/B (sky130_fd_sc_hd__nor2_2)
     2    0.006331    0.033963    0.036701    6.581400 v _1778_/Y (sky130_fd_sc_hd__nor2_2)
                                                         _0903_ (net)
                      0.033963    0.000000    6.581400 v _1780_/A2 (sky130_fd_sc_hd__a21o_2)
     1    0.002260    0.032431    0.195121    6.776521 v _1780_/X (sky130_fd_sc_hd__a21o_2)
                                                         _0905_ (net)
                      0.032431    0.000000    6.776521 v _1781_/B1 (sky130_fd_sc_hd__o211a_2)
     1    0.001681    0.037457    0.117058    6.893579 v _1781_/X (sky130_fd_sc_hd__o211a_2)
                                                         _0038_ (net)
                      0.037457    0.000000    6.893579 v _2110_/D (sky130_fd_sc_hd__dfxtp_2)
                                              6.893579   data arrival time

                      0.150000   20.000000   20.000000   clock aclk (rise edge)
                                  0.000000   20.000000   clock network delay (ideal)
                                 -0.250000   19.750002   clock uncertainty
                                  0.000000   19.750002   clock reconvergence pessimism
                                             19.750002 ^ _2110_/CLK (sky130_fd_sc_hd__dfxtp_2)
                                 -0.085078   19.664923   library setup time
                                             19.664923   data required time
---------------------------------------------------------------------------------------------
                                             19.664923   data required time
                                             -6.893579   data arrival time
---------------------------------------------------------------------------------------------
                                             12.771343   slack (MET)


Startpoint: _2088_ (rising edge-triggered flip-flop clocked by aclk)
Endpoint: _2114_ (rising edge-triggered flip-flop clocked by aclk)
Path Group: aclk
Path Type: max

Fanout         Cap        Slew       Delay        Time   Description
---------------------------------------------------------------------------------------------
                      0.150000    0.000000    0.000000   clock aclk (rise edge)
                                  0.000000    0.000000   clock network delay (ideal)
                      0.150000    0.000000    0.000000 ^ _2088_/CLK (sky130_fd_sc_hd__dfxtp_2)
    54    0.154152    0.767290    0.863912    0.863912 ^ _2088_/Q (sky130_fd_sc_hd__dfxtp_2)
                                                         internal_rssi[7] (net)
                      0.767290    0.000000    0.863912 ^ _1270_/A (sky130_fd_sc_hd__nand2_2)
    63    0.215341    0.855999    0.868943    1.732856 v _1270_/Y (sky130_fd_sc_hd__nand2_2)
                                                         _0408_ (net)
                      0.855999    0.000000    1.732856 v _1563_/A (sky130_fd_sc_hd__or3_2)
     3    0.008744    0.102945    0.755327    2.488182 v _1563_/X (sky130_fd_sc_hd__or3_2)
                                                         _0694_ (net)
                      0.102945    0.000000    2.488182 v _1566_/B1 (sky130_fd_sc_hd__o211a_2)
     2    0.003589    0.043867    0.156935    2.645117 v _1566_/X (sky130_fd_sc_hd__o211a_2)
                                                         _0697_ (net)
                      0.043867    0.000000    2.645117 v _1568_/A (sky130_fd_sc_hd__or3b_2)
     2    0.005683    0.088444    0.474441    3.119558 v _1568_/X (sky130_fd_sc_hd__or3b_2)
                                                         _0699_ (net)
                      0.088444    0.000000    3.119558 v _1571_/A (sky130_fd_sc_hd__and3_2)
     3    0.007426    0.050282    0.202973    3.322531 v _1571_/X (sky130_fd_sc_hd__and3_2)
                                                         _0702_ (net)
                      0.050282    0.000000    3.322531 v _1573_/B (sky130_fd_sc_hd__or3_2)
     2    0.006531    0.092116    0.465283    3.787814 v _1573_/X (sky130_fd_sc_hd__or3_2)
                                                         _0704_ (net)
                      0.092116    0.000000    3.787814 v _1577_/A1 (sky130_fd_sc_hd__a21o_2)
     3    0.008328    0.048712    0.219139    4.006953 v _1577_/X (sky130_fd_sc_hd__a21o_2)
                                                         _0708_ (net)
                      0.048712    0.000000    4.006953 v _1578_/C (sky130_fd_sc_hd__and3_2)
     2    0.006053    0.047128    0.216003    4.222956 v _1578_/X (sky130_fd_sc_hd__and3_2)
                                                         _0709_ (net)
                      0.047128    0.000000    4.222956 v _1581_/A (sky130_fd_sc_hd__or3_2)
     5    0.015694    0.120295    0.533780    4.756736 v _1581_/X (sky130_fd_sc_hd__or3_2)
                                                         _0712_ (net)
                      0.120295    0.000000    4.756736 v _1583_/B (sky130_fd_sc_hd__and3_2)
     3    0.007062    0.049400    0.237264    4.994000 v _1583_/X (sky130_fd_sc_hd__and3_2)
                                                         _0714_ (net)
                      0.049400    0.000000    4.994000 v _1589_/B (sky130_fd_sc_hd__or3_2)
     2    0.002576    0.075129    0.438388    5.432387 v _1589_/X (sky130_fd_sc_hd__or3_2)
                                                         _0719_ (net)
                      0.075129    0.000000    5.432387 v _1590_/C (sky130_fd_sc_hd__or3_2)
     1    0.004051    0.082450    0.420357    5.852744 v _1590_/X (sky130_fd_sc_hd__or3_2)
                                                         _0720_ (net)
                      0.082450    0.000000    5.852744 v _1593_/A2 (sky130_fd_sc_hd__o211ai_2)
     5    0.025236    0.346322    0.311242    6.163986 ^ _1593_/Y (sky130_fd_sc_hd__o211ai_2)
                                                         _0723_ (net)
                      0.346322    0.000000    6.163986 ^ _1850_/A1 (sky130_fd_sc_hd__a211oi_2)
     4    0.019313    0.149095    0.191826    6.355812 v _1850_/Y (sky130_fd_sc_hd__a211oi_2)
                                                         _0972_ (net)
                      0.149095    0.000000    6.355812 v _1903_/A1 (sky130_fd_sc_hd__o21ai_2)
     1    0.008442    0.144192    0.202713    6.558524 ^ _1903_/Y (sky130_fd_sc_hd__o21ai_2)
                                                         _1024_ (net)
                      0.144192    0.000000    6.558524 ^ _1904_/B (sky130_fd_sc_hd__xnor2_2)
     1    0.004621    0.121440    0.125673    6.684197 ^ _1904_/Y (sky130_fd_sc_hd__xnor2_2)
                                                         _1025_ (net)
                      0.121440    0.000000    6.684197 ^ _1905_/B (sky130_fd_sc_hd__nand2_2)
     1    0.002260    0.089275    0.056626    6.740824 v _1905_/Y (sky130_fd_sc_hd__nand2_2)
                                                         _1026_ (net)
                      0.089275    0.000000    6.740824 v _1906_/B1 (sky130_fd_sc_hd__o211a_2)
     1    0.001681    0.037457    0.142993    6.883816 v _1906_/X (sky130_fd_sc_hd__o211a_2)
                                                         _0042_ (net)
                      0.037457    0.000000    6.883816 v _2114_/D (sky130_fd_sc_hd__dfxtp_2)
                                              6.883816   data arrival time

                      0.150000   20.000000   20.000000   clock aclk (rise edge)
                                  0.000000   20.000000   clock network delay (ideal)
                                 -0.250000   19.750002   clock uncertainty
                                  0.000000   19.750002   clock reconvergence pessimism
                                             19.750002 ^ _2114_/CLK (sky130_fd_sc_hd__dfxtp_2)
                                 -0.085078   19.664923   library setup time
                                             19.664923   data required time
---------------------------------------------------------------------------------------------
                                             19.664923   data required time
                                             -6.883816   data arrival time
---------------------------------------------------------------------------------------------
                                             12.781106   slack (MET)


Startpoint: _2088_ (rising edge-triggered flip-flop clocked by aclk)
Endpoint: _2111_ (rising edge-triggered flip-flop clocked by aclk)
Path Group: aclk
Path Type: max

Fanout         Cap        Slew       Delay        Time   Description
---------------------------------------------------------------------------------------------
                      0.150000    0.000000    0.000000   clock aclk (rise edge)
                                  0.000000    0.000000   clock network delay (ideal)
                      0.150000    0.000000    0.000000 ^ _2088_/CLK (sky130_fd_sc_hd__dfxtp_2)
    54    0.154152    0.767290    0.863912    0.863912 ^ _2088_/Q (sky130_fd_sc_hd__dfxtp_2)
                                                         internal_rssi[7] (net)
                      0.767290    0.000000    0.863912 ^ _1270_/A (sky130_fd_sc_hd__nand2_2)
    63    0.215341    0.855999    0.868943    1.732856 v _1270_/Y (sky130_fd_sc_hd__nand2_2)
                                                         _0408_ (net)
                      0.855999    0.000000    1.732856 v _1563_/A (sky130_fd_sc_hd__or3_2)
     3    0.008744    0.102945    0.755327    2.488182 v _1563_/X (sky130_fd_sc_hd__or3_2)
                                                         _0694_ (net)
                      0.102945    0.000000    2.488182 v _1566_/B1 (sky130_fd_sc_hd__o211a_2)
     2    0.003589    0.043867    0.156935    2.645117 v _1566_/X (sky130_fd_sc_hd__o211a_2)
                                                         _0697_ (net)
                      0.043867    0.000000    2.645117 v _1568_/A (sky130_fd_sc_hd__or3b_2)
     2    0.005683    0.088444    0.474441    3.119558 v _1568_/X (sky130_fd_sc_hd__or3b_2)
                                                         _0699_ (net)
                      0.088444    0.000000    3.119558 v _1571_/A (sky130_fd_sc_hd__and3_2)
     3    0.007426    0.050282    0.202973    3.322531 v _1571_/X (sky130_fd_sc_hd__and3_2)
                                                         _0702_ (net)
                      0.050282    0.000000    3.322531 v _1573_/B (sky130_fd_sc_hd__or3_2)
     2    0.006531    0.092116    0.465283    3.787814 v _1573_/X (sky130_fd_sc_hd__or3_2)
                                                         _0704_ (net)
                      0.092116    0.000000    3.787814 v _1577_/A1 (sky130_fd_sc_hd__a21o_2)
     3    0.008328    0.048712    0.219139    4.006953 v _1577_/X (sky130_fd_sc_hd__a21o_2)
                                                         _0708_ (net)
                      0.048712    0.000000    4.006953 v _1578_/C (sky130_fd_sc_hd__and3_2)
     2    0.006053    0.047128    0.216003    4.222956 v _1578_/X (sky130_fd_sc_hd__and3_2)
                                                         _0709_ (net)
                      0.047128    0.000000    4.222956 v _1581_/A (sky130_fd_sc_hd__or3_2)
     5    0.015694    0.120295    0.533780    4.756736 v _1581_/X (sky130_fd_sc_hd__or3_2)
                                                         _0712_ (net)
                      0.120295    0.000000    4.756736 v _1583_/B (sky130_fd_sc_hd__and3_2)
     3    0.007062    0.049400    0.237264    4.994000 v _1583_/X (sky130_fd_sc_hd__and3_2)
                                                         _0714_ (net)
                      0.049400    0.000000    4.994000 v _1589_/B (sky130_fd_sc_hd__or3_2)
     2    0.002576    0.075129    0.438388    5.432387 v _1589_/X (sky130_fd_sc_hd__or3_2)
                                                         _0719_ (net)
                      0.075129    0.000000    5.432387 v _1590_/C (sky130_fd_sc_hd__or3_2)
     1    0.004051    0.082450    0.420357    5.852744 v _1590_/X (sky130_fd_sc_hd__or3_2)
                                                         _0720_ (net)
                      0.082450    0.000000    5.852744 v _1593_/A2 (sky130_fd_sc_hd__o211ai_2)
     5    0.025236    0.346322    0.311242    6.163986 ^ _1593_/Y (sky130_fd_sc_hd__o211ai_2)
                                                         _0723_ (net)
                      0.346322    0.000000    6.163986 ^ _1748_/A1 (sky130_fd_sc_hd__a21oi_2)
     3    0.014162    0.114477    0.141708    6.305695 v _1748_/Y (sky130_fd_sc_hd__a21oi_2)
                                                         _0874_ (net)
                      0.114477    0.000000    6.305695 v _1812_/A1 (sky130_fd_sc_hd__o21ai_2)
     2    0.013114    0.190640    0.224689    6.530383 ^ _1812_/Y (sky130_fd_sc_hd__o21ai_2)
                                                         _0936_ (net)
                      0.190640    0.000000    6.530383 ^ _1814_/B (sky130_fd_sc_hd__xor2_2)
     1    0.002161    0.062096    0.079087    6.609470 v _1814_/X (sky130_fd_sc_hd__xor2_2)
                                                         _0938_ (net)
                      0.062096    0.000000    6.609470 v _1816_/A2 (sky130_fd_sc_hd__o211a_2)
     1    0.001681    0.037424    0.231029    6.840500 v _1816_/X (sky130_fd_sc_hd__o211a_2)
                                                         _0039_ (net)
                      0.037424    0.000000    6.840500 v _2111_/D (sky130_fd_sc_hd__dfxtp_2)
                                              6.840500   data arrival time

                      0.150000   20.000000   20.000000   clock aclk (rise edge)
                                  0.000000   20.000000   clock network delay (ideal)
                                 -0.250000   19.750002   clock uncertainty
                                  0.000000   19.750002   clock reconvergence pessimism
                                             19.750002 ^ _2111_/CLK (sky130_fd_sc_hd__dfxtp_2)
                                 -0.085064   19.664936   library setup time
                                             19.664936   data required time
---------------------------------------------------------------------------------------------
                                             19.664936   data required time
                                             -6.840500   data arrival time
---------------------------------------------------------------------------------------------
                                             12.824437   slack (MET)


Startpoint: _2088_ (rising edge-triggered flip-flop clocked by aclk)
Endpoint: _2108_ (rising edge-triggered flip-flop clocked by aclk)
Path Group: aclk
Path Type: max

Fanout         Cap        Slew       Delay        Time   Description
---------------------------------------------------------------------------------------------
                      0.150000    0.000000    0.000000   clock aclk (rise edge)
                                  0.000000    0.000000   clock network delay (ideal)
                      0.150000    0.000000    0.000000 ^ _2088_/CLK (sky130_fd_sc_hd__dfxtp_2)
    54    0.154152    0.767290    0.863912    0.863912 ^ _2088_/Q (sky130_fd_sc_hd__dfxtp_2)
                                                         internal_rssi[7] (net)
                      0.767290    0.000000    0.863912 ^ _1270_/A (sky130_fd_sc_hd__nand2_2)
    63    0.215341    0.855999    0.868943    1.732856 v _1270_/Y (sky130_fd_sc_hd__nand2_2)
                                                         _0408_ (net)
                      0.855999    0.000000    1.732856 v _1563_/A (sky130_fd_sc_hd__or3_2)
     3    0.008744    0.102945    0.755327    2.488182 v _1563_/X (sky130_fd_sc_hd__or3_2)
                                                         _0694_ (net)
                      0.102945    0.000000    2.488182 v _1566_/B1 (sky130_fd_sc_hd__o211a_2)
     2    0.003589    0.043867    0.156935    2.645117 v _1566_/X (sky130_fd_sc_hd__o211a_2)
                                                         _0697_ (net)
                      0.043867    0.000000    2.645117 v _1568_/A (sky130_fd_sc_hd__or3b_2)
     2    0.005683    0.088444    0.474441    3.119558 v _1568_/X (sky130_fd_sc_hd__or3b_2)
                                                         _0699_ (net)
                      0.088444    0.000000    3.119558 v _1571_/A (sky130_fd_sc_hd__and3_2)
     3    0.007426    0.050282    0.202973    3.322531 v _1571_/X (sky130_fd_sc_hd__and3_2)
                                                         _0702_ (net)
                      0.050282    0.000000    3.322531 v _1573_/B (sky130_fd_sc_hd__or3_2)
     2    0.006531    0.092116    0.465283    3.787814 v _1573_/X (sky130_fd_sc_hd__or3_2)
                                                         _0704_ (net)
                      0.092116    0.000000    3.787814 v _1577_/A1 (sky130_fd_sc_hd__a21o_2)
     3    0.008328    0.048712    0.219139    4.006953 v _1577_/X (sky130_fd_sc_hd__a21o_2)
                                                         _0708_ (net)
                      0.048712    0.000000    4.006953 v _1578_/C (sky130_fd_sc_hd__and3_2)
     2    0.006053    0.047128    0.216003    4.222956 v _1578_/X (sky130_fd_sc_hd__and3_2)
                                                         _0709_ (net)
                      0.047128    0.000000    4.222956 v _1581_/A (sky130_fd_sc_hd__or3_2)
     5    0.015694    0.120295    0.533780    4.756736 v _1581_/X (sky130_fd_sc_hd__or3_2)
                                                         _0712_ (net)
                      0.120295    0.000000    4.756736 v _1583_/B (sky130_fd_sc_hd__and3_2)
     3    0.007062    0.049400    0.237264    4.994000 v _1583_/X (sky130_fd_sc_hd__and3_2)
                                                         _0714_ (net)
                      0.049400    0.000000    4.994000 v _1589_/B (sky130_fd_sc_hd__or3_2)
     2    0.002576    0.075129    0.438388    5.432387 v _1589_/X (sky130_fd_sc_hd__or3_2)
                                                         _0719_ (net)
                      0.075129    0.000000    5.432387 v _1590_/C (sky130_fd_sc_hd__or3_2)
     1    0.004051    0.082450    0.420357    5.852744 v _1590_/X (sky130_fd_sc_hd__or3_2)
                                                         _0720_ (net)
                      0.082450    0.000000    5.852744 v _1593_/A2 (sky130_fd_sc_hd__o211ai_2)
     5    0.025236    0.346322    0.311242    6.163986 ^ _1593_/Y (sky130_fd_sc_hd__o211ai_2)
                                                         _0723_ (net)
                      0.346322    0.000000    6.163986 ^ _1684_/A1 (sky130_fd_sc_hd__a21o_2)
     2    0.010971    0.070672    0.212257    6.376243 ^ _1684_/X (sky130_fd_sc_hd__a21o_2)
                                                         _0812_ (net)
                      0.070672    0.000000    6.376243 ^ _1714_/A2 (sky130_fd_sc_hd__a21bo_2)
     1    0.008493    0.060945    0.147190    6.523434 ^ _1714_/X (sky130_fd_sc_hd__a21bo_2)
                                                         _0841_ (net)
                      0.060945    0.000000    6.523434 ^ _1715_/B (sky130_fd_sc_hd__xor2_2)
     1    0.002161    0.053280    0.051502    6.574936 v _1715_/X (sky130_fd_sc_hd__xor2_2)
                                                         _0842_ (net)
                      0.053280    0.000000    6.574936 v _1717_/A2 (sky130_fd_sc_hd__o211a_2)
     1    0.001681    0.037424    0.227462    6.802398 v _1717_/X (sky130_fd_sc_hd__o211a_2)
                                                         _0036_ (net)
                      0.037424    0.000000    6.802398 v _2108_/D (sky130_fd_sc_hd__dfxtp_2)
                                              6.802398   data arrival time

                      0.150000   20.000000   20.000000   clock aclk (rise edge)
                                  0.000000   20.000000   clock network delay (ideal)
                                 -0.250000   19.750002   clock uncertainty
                                  0.000000   19.750002   clock reconvergence pessimism
                                             19.750002 ^ _2108_/CLK (sky130_fd_sc_hd__dfxtp_2)
                                 -0.085064   19.664936   library setup time
                                             19.664936   data required time
---------------------------------------------------------------------------------------------
                                             19.664936   data required time
                                             -6.802398   data arrival time
---------------------------------------------------------------------------------------------
                                             12.862540   slack (MET)


Startpoint: _2088_ (rising edge-triggered flip-flop clocked by aclk)
Endpoint: _2113_ (rising edge-triggered flip-flop clocked by aclk)
Path Group: aclk
Path Type: max

Fanout         Cap        Slew       Delay        Time   Description
---------------------------------------------------------------------------------------------
                      0.150000    0.000000    0.000000   clock aclk (rise edge)
                                  0.000000    0.000000   clock network delay (ideal)
                      0.150000    0.000000    0.000000 ^ _2088_/CLK (sky130_fd_sc_hd__dfxtp_2)
    54    0.154152    0.767290    0.863912    0.863912 ^ _2088_/Q (sky130_fd_sc_hd__dfxtp_2)
                                                         internal_rssi[7] (net)
                      0.767290    0.000000    0.863912 ^ _1270_/A (sky130_fd_sc_hd__nand2_2)
    63    0.215341    0.855999    0.868943    1.732856 v _1270_/Y (sky130_fd_sc_hd__nand2_2)
                                                         _0408_ (net)
                      0.855999    0.000000    1.732856 v _1563_/A (sky130_fd_sc_hd__or3_2)
     3    0.008744    0.102945    0.755327    2.488182 v _1563_/X (sky130_fd_sc_hd__or3_2)
                                                         _0694_ (net)
                      0.102945    0.000000    2.488182 v _1566_/B1 (sky130_fd_sc_hd__o211a_2)
     2    0.003589    0.043867    0.156935    2.645117 v _1566_/X (sky130_fd_sc_hd__o211a_2)
                                                         _0697_ (net)
                      0.043867    0.000000    2.645117 v _1568_/A (sky130_fd_sc_hd__or3b_2)
     2    0.005683    0.088444    0.474441    3.119558 v _1568_/X (sky130_fd_sc_hd__or3b_2)
                                                         _0699_ (net)
                      0.088444    0.000000    3.119558 v _1571_/A (sky130_fd_sc_hd__and3_2)
     3    0.007426    0.050282    0.202973    3.322531 v _1571_/X (sky130_fd_sc_hd__and3_2)
                                                         _0702_ (net)
                      0.050282    0.000000    3.322531 v _1573_/B (sky130_fd_sc_hd__or3_2)
     2    0.006531    0.092116    0.465283    3.787814 v _1573_/X (sky130_fd_sc_hd__or3_2)
                                                         _0704_ (net)
                      0.092116    0.000000    3.787814 v _1577_/A1 (sky130_fd_sc_hd__a21o_2)
     3    0.008328    0.048712    0.219139    4.006953 v _1577_/X (sky130_fd_sc_hd__a21o_2)
                                                         _0708_ (net)
                      0.048712    0.000000    4.006953 v _1578_/C (sky130_fd_sc_hd__and3_2)
     2    0.006053    0.047128    0.216003    4.222956 v _1578_/X (sky130_fd_sc_hd__and3_2)
                                                         _0709_ (net)
                      0.047128    0.000000    4.222956 v _1581_/A (sky130_fd_sc_hd__or3_2)
     5    0.015694    0.120295    0.533780    4.756736 v _1581_/X (sky130_fd_sc_hd__or3_2)
                                                         _0712_ (net)
                      0.120295    0.000000    4.756736 v _1583_/B (sky130_fd_sc_hd__and3_2)
     3    0.007062    0.049400    0.237264    4.994000 v _1583_/X (sky130_fd_sc_hd__and3_2)
                                                         _0714_ (net)
                      0.049400    0.000000    4.994000 v _1589_/B (sky130_fd_sc_hd__or3_2)
     2    0.002576    0.075129    0.438388    5.432387 v _1589_/X (sky130_fd_sc_hd__or3_2)
                                                         _0719_ (net)
                      0.075129    0.000000    5.432387 v _1590_/C (sky130_fd_sc_hd__or3_2)
     1    0.004051    0.082450    0.420357    5.852744 v _1590_/X (sky130_fd_sc_hd__or3_2)
                                                         _0720_ (net)
                      0.082450    0.000000    5.852744 v _1593_/A2 (sky130_fd_sc_hd__o211ai_2)
     5    0.025236    0.346322    0.311242    6.163986 ^ _1593_/Y (sky130_fd_sc_hd__o211ai_2)
                                                         _0723_ (net)
                      0.346322    0.000000    6.163986 ^ _1850_/A1 (sky130_fd_sc_hd__a211oi_2)
     4    0.019313    0.149095    0.191826    6.355812 v _1850_/Y (sky130_fd_sc_hd__a211oi_2)
                                                         _0972_ (net)
                      0.149095    0.000000    6.355812 v _1877_/A (sky130_fd_sc_hd__xnor2_2)
     1    0.002161    0.071997    0.165730    6.521541 v _1877_/Y (sky130_fd_sc_hd__xnor2_2)
                                                         _0999_ (net)
                      0.071997    0.000000    6.521541 v _1879_/A2 (sky130_fd_sc_hd__o211a_2)
     1    0.001681    0.037424    0.235036    6.756577 v _1879_/X (sky130_fd_sc_hd__o211a_2)
                                                         _0041_ (net)
                      0.037424    0.000000    6.756577 v _2113_/D (sky130_fd_sc_hd__dfxtp_2)
                                              6.756577   data arrival time

                      0.150000   20.000000   20.000000   clock aclk (rise edge)
                                  0.000000   20.000000   clock network delay (ideal)
                                 -0.250000   19.750002   clock uncertainty
                                  0.000000   19.750002   clock reconvergence pessimism
                                             19.750002 ^ _2113_/CLK (sky130_fd_sc_hd__dfxtp_2)
                                 -0.085064   19.664936   library setup time
                                             19.664936   data required time
---------------------------------------------------------------------------------------------
                                             19.664936   data required time
                                             -6.756577   data arrival time
---------------------------------------------------------------------------------------------
                                             12.908360   slack (MET)


Startpoint: _2088_ (rising edge-triggered flip-flop clocked by aclk)
Endpoint: _2106_ (rising edge-triggered flip-flop clocked by aclk)
Path Group: aclk
Path Type: max

Fanout         Cap        Slew       Delay        Time   Description
---------------------------------------------------------------------------------------------
                      0.150000    0.000000    0.000000   clock aclk (rise edge)
                                  0.000000    0.000000   clock network delay (ideal)
                      0.150000    0.000000    0.000000 ^ _2088_/CLK (sky130_fd_sc_hd__dfxtp_2)
    54    0.154152    0.767290    0.863912    0.863912 ^ _2088_/Q (sky130_fd_sc_hd__dfxtp_2)
                                                         internal_rssi[7] (net)
                      0.767290    0.000000    0.863912 ^ _1270_/A (sky130_fd_sc_hd__nand2_2)
    63    0.215341    0.855999    0.868943    1.732856 v _1270_/Y (sky130_fd_sc_hd__nand2_2)
                                                         _0408_ (net)
                      0.855999    0.000000    1.732856 v _1563_/A (sky130_fd_sc_hd__or3_2)
     3    0.008744    0.102945    0.755327    2.488182 v _1563_/X (sky130_fd_sc_hd__or3_2)
                                                         _0694_ (net)
                      0.102945    0.000000    2.488182 v _1566_/B1 (sky130_fd_sc_hd__o211a_2)
     2    0.003589    0.043867    0.156935    2.645117 v _1566_/X (sky130_fd_sc_hd__o211a_2)
                                                         _0697_ (net)
                      0.043867    0.000000    2.645117 v _1568_/A (sky130_fd_sc_hd__or3b_2)
     2    0.005683    0.088444    0.474441    3.119558 v _1568_/X (sky130_fd_sc_hd__or3b_2)
                                                         _0699_ (net)
                      0.088444    0.000000    3.119558 v _1571_/A (sky130_fd_sc_hd__and3_2)
     3    0.007426    0.050282    0.202973    3.322531 v _1571_/X (sky130_fd_sc_hd__and3_2)
                                                         _0702_ (net)
                      0.050282    0.000000    3.322531 v _1573_/B (sky130_fd_sc_hd__or3_2)
     2    0.006531    0.092116    0.465283    3.787814 v _1573_/X (sky130_fd_sc_hd__or3_2)
                                                         _0704_ (net)
                      0.092116    0.000000    3.787814 v _1577_/A1 (sky130_fd_sc_hd__a21o_2)
     3    0.008328    0.048712    0.219139    4.006953 v _1577_/X (sky130_fd_sc_hd__a21o_2)
                                                         _0708_ (net)
                      0.048712    0.000000    4.006953 v _1578_/C (sky130_fd_sc_hd__and3_2)
     2    0.006053    0.047128    0.216003    4.222956 v _1578_/X (sky130_fd_sc_hd__and3_2)
                                                         _0709_ (net)
                      0.047128    0.000000    4.222956 v _1581_/A (sky130_fd_sc_hd__or3_2)
     5    0.015694    0.120295    0.533780    4.756736 v _1581_/X (sky130_fd_sc_hd__or3_2)
                                                         _0712_ (net)
                      0.120295    0.000000    4.756736 v _1583_/B (sky130_fd_sc_hd__and3_2)
     3    0.007062    0.049400    0.237264    4.994000 v _1583_/X (sky130_fd_sc_hd__and3_2)
                                                         _0714_ (net)
                      0.049400    0.000000    4.994000 v _1589_/B (sky130_fd_sc_hd__or3_2)
     2    0.002576    0.075129    0.438388    5.432387 v _1589_/X (sky130_fd_sc_hd__or3_2)
                                                         _0719_ (net)
                      0.075129    0.000000    5.432387 v _1590_/C (sky130_fd_sc_hd__or3_2)
     1    0.004051    0.082450    0.420357    5.852744 v _1590_/X (sky130_fd_sc_hd__or3_2)
                                                         _0720_ (net)
                      0.082450    0.000000    5.852744 v _1593_/A2 (sky130_fd_sc_hd__o211ai_2)
     5    0.025236    0.346322    0.311242    6.163986 ^ _1593_/Y (sky130_fd_sc_hd__o211ai_2)
                                                         _0723_ (net)
                      0.346322    0.000000    6.163986 ^ _1594_/A (sky130_fd_sc_hd__inv_2)
     1    0.004594    0.062231    0.058192    6.222178 v _1594_/Y (sky130_fd_sc_hd__inv_2)
                                                         _0724_ (net)
                      0.062231    0.000000    6.222178 v _1651_/A1 (sky130_fd_sc_hd__o21ai_2)
     1    0.008442    0.142684    0.169341    6.391520 ^ _1651_/Y (sky130_fd_sc_hd__o21ai_2)
                                                         _0780_ (net)
                      0.142684    0.000000    6.391520 ^ _1652_/B (sky130_fd_sc_hd__xnor2_2)
     1    0.004621    0.121439    0.125426    6.516945 ^ _1652_/Y (sky130_fd_sc_hd__xnor2_2)
                                                         _0781_ (net)
                      0.121439    0.000000    6.516945 ^ _1653_/B (sky130_fd_sc_hd__nand2_2)
     1    0.002260    0.089275    0.056626    6.573572 v _1653_/Y (sky130_fd_sc_hd__nand2_2)
                                                         _0782_ (net)
                      0.089275    0.000000    6.573572 v _1654_/B1 (sky130_fd_sc_hd__o211a_2)
     1    0.001681    0.037457    0.142993    6.716564 v _1654_/X (sky130_fd_sc_hd__o211a_2)
                                                         _0034_ (net)
                      0.037457    0.000000    6.716564 v _2106_/D (sky130_fd_sc_hd__dfxtp_2)
                                              6.716564   data arrival time

                      0.150000   20.000000   20.000000   clock aclk (rise edge)
                                  0.000000   20.000000   clock network delay (ideal)
                                 -0.250000   19.750002   clock uncertainty
                                  0.000000   19.750002   clock reconvergence pessimism
                                             19.750002 ^ _2106_/CLK (sky130_fd_sc_hd__dfxtp_2)
                                 -0.085078   19.664923   library setup time
                                             19.664923   data required time
---------------------------------------------------------------------------------------------
                                             19.664923   data required time
                                             -6.716564   data arrival time
---------------------------------------------------------------------------------------------
                                             12.948359   slack (MET)


Startpoint: _2088_ (rising edge-triggered flip-flop clocked by aclk)
Endpoint: _2109_ (rising edge-triggered flip-flop clocked by aclk)
Path Group: aclk
Path Type: max

Fanout         Cap        Slew       Delay        Time   Description
---------------------------------------------------------------------------------------------
                      0.150000    0.000000    0.000000   clock aclk (rise edge)
                                  0.000000    0.000000   clock network delay (ideal)
                      0.150000    0.000000    0.000000 ^ _2088_/CLK (sky130_fd_sc_hd__dfxtp_2)
    54    0.154152    0.767290    0.863912    0.863912 ^ _2088_/Q (sky130_fd_sc_hd__dfxtp_2)
                                                         internal_rssi[7] (net)
                      0.767290    0.000000    0.863912 ^ _1270_/A (sky130_fd_sc_hd__nand2_2)
    63    0.215341    0.855999    0.868943    1.732856 v _1270_/Y (sky130_fd_sc_hd__nand2_2)
                                                         _0408_ (net)
                      0.855999    0.000000    1.732856 v _1563_/A (sky130_fd_sc_hd__or3_2)
     3    0.008744    0.102945    0.755327    2.488182 v _1563_/X (sky130_fd_sc_hd__or3_2)
                                                         _0694_ (net)
                      0.102945    0.000000    2.488182 v _1566_/B1 (sky130_fd_sc_hd__o211a_2)
     2    0.003589    0.043867    0.156935    2.645117 v _1566_/X (sky130_fd_sc_hd__o211a_2)
                                                         _0697_ (net)
                      0.043867    0.000000    2.645117 v _1568_/A (sky130_fd_sc_hd__or3b_2)
     2    0.005683    0.088444    0.474441    3.119558 v _1568_/X (sky130_fd_sc_hd__or3b_2)
                                                         _0699_ (net)
                      0.088444    0.000000    3.119558 v _1571_/A (sky130_fd_sc_hd__and3_2)
     3    0.007426    0.050282    0.202973    3.322531 v _1571_/X (sky130_fd_sc_hd__and3_2)
                                                         _0702_ (net)
                      0.050282    0.000000    3.322531 v _1573_/B (sky130_fd_sc_hd__or3_2)
     2    0.006531    0.092116    0.465283    3.787814 v _1573_/X (sky130_fd_sc_hd__or3_2)
                                                         _0704_ (net)
                      0.092116    0.000000    3.787814 v _1577_/A1 (sky130_fd_sc_hd__a21o_2)
     3    0.008328    0.048712    0.219139    4.006953 v _1577_/X (sky130_fd_sc_hd__a21o_2)
                                                         _0708_ (net)
                      0.048712    0.000000    4.006953 v _1578_/C (sky130_fd_sc_hd__and3_2)
     2    0.006053    0.047128    0.216003    4.222956 v _1578_/X (sky130_fd_sc_hd__and3_2)
                                                         _0709_ (net)
                      0.047128    0.000000    4.222956 v _1581_/A (sky130_fd_sc_hd__or3_2)
     5    0.015694    0.120295    0.533780    4.756736 v _1581_/X (sky130_fd_sc_hd__or3_2)
                                                         _0712_ (net)
                      0.120295    0.000000    4.756736 v _1583_/B (sky130_fd_sc_hd__and3_2)
     3    0.007062    0.049400    0.237264    4.994000 v _1583_/X (sky130_fd_sc_hd__and3_2)
                                                         _0714_ (net)
                      0.049400    0.000000    4.994000 v _1589_/B (sky130_fd_sc_hd__or3_2)
     2    0.002576    0.075129    0.438388    5.432387 v _1589_/X (sky130_fd_sc_hd__or3_2)
                                                         _0719_ (net)
                      0.075129    0.000000    5.432387 v _1590_/C (sky130_fd_sc_hd__or3_2)
     1    0.004051    0.082450    0.420357    5.852744 v _1590_/X (sky130_fd_sc_hd__or3_2)
                                                         _0720_ (net)
                      0.082450    0.000000    5.852744 v _1593_/A2 (sky130_fd_sc_hd__o211ai_2)
     5    0.025236    0.346322    0.311242    6.163986 ^ _1593_/Y (sky130_fd_sc_hd__o211ai_2)
                                                         _0723_ (net)
                      0.346322    0.000000    6.163986 ^ _1748_/A1 (sky130_fd_sc_hd__a21oi_2)
     3    0.014162    0.114477    0.141708    6.305695 v _1748_/Y (sky130_fd_sc_hd__a21oi_2)
                                                         _0874_ (net)
                      0.114477    0.000000    6.305695 v _1750_/B (sky130_fd_sc_hd__xnor2_2)
     1    0.002161    0.048323    0.146470    6.452164 v _1750_/Y (sky130_fd_sc_hd__xnor2_2)
                                                         _0876_ (net)
                      0.048323    0.000000    6.452164 v _1752_/A2 (sky130_fd_sc_hd__o211a_2)
     1    0.001681    0.037424    0.225653    6.677817 v _1752_/X (sky130_fd_sc_hd__o211a_2)
                                                         _0037_ (net)
                      0.037424    0.000000    6.677817 v _2109_/D (sky130_fd_sc_hd__dfxtp_2)
                                              6.677817   data arrival time

                      0.150000   20.000000   20.000000   clock aclk (rise edge)
                                  0.000000   20.000000   clock network delay (ideal)
                                 -0.250000   19.750002   clock uncertainty
                                  0.000000   19.750002   clock reconvergence pessimism
                                             19.750002 ^ _2109_/CLK (sky130_fd_sc_hd__dfxtp_2)
                                 -0.085064   19.664936   library setup time
                                             19.664936   data required time
---------------------------------------------------------------------------------------------
                                             19.664936   data required time
                                             -6.677817   data arrival time
---------------------------------------------------------------------------------------------
                                             12.987121   slack (MET)


Startpoint: _2088_ (rising edge-triggered flip-flop clocked by aclk)
Endpoint: _2107_ (rising edge-triggered flip-flop clocked by aclk)
Path Group: aclk
Path Type: max

Fanout         Cap        Slew       Delay        Time   Description
---------------------------------------------------------------------------------------------
                      0.150000    0.000000    0.000000   clock aclk (rise edge)
                                  0.000000    0.000000   clock network delay (ideal)
                      0.150000    0.000000    0.000000 ^ _2088_/CLK (sky130_fd_sc_hd__dfxtp_2)
    54    0.154152    0.767290    0.863912    0.863912 ^ _2088_/Q (sky130_fd_sc_hd__dfxtp_2)
                                                         internal_rssi[7] (net)
                      0.767290    0.000000    0.863912 ^ _1270_/A (sky130_fd_sc_hd__nand2_2)
    63    0.215341    0.855999    0.868943    1.732856 v _1270_/Y (sky130_fd_sc_hd__nand2_2)
                                                         _0408_ (net)
                      0.855999    0.000000    1.732856 v _1563_/A (sky130_fd_sc_hd__or3_2)
     3    0.008744    0.102945    0.755327    2.488182 v _1563_/X (sky130_fd_sc_hd__or3_2)
                                                         _0694_ (net)
                      0.102945    0.000000    2.488182 v _1566_/B1 (sky130_fd_sc_hd__o211a_2)
     2    0.003589    0.043867    0.156935    2.645117 v _1566_/X (sky130_fd_sc_hd__o211a_2)
                                                         _0697_ (net)
                      0.043867    0.000000    2.645117 v _1568_/A (sky130_fd_sc_hd__or3b_2)
     2    0.005683    0.088444    0.474441    3.119558 v _1568_/X (sky130_fd_sc_hd__or3b_2)
                                                         _0699_ (net)
                      0.088444    0.000000    3.119558 v _1571_/A (sky130_fd_sc_hd__and3_2)
     3    0.007426    0.050282    0.202973    3.322531 v _1571_/X (sky130_fd_sc_hd__and3_2)
                                                         _0702_ (net)
                      0.050282    0.000000    3.322531 v _1573_/B (sky130_fd_sc_hd__or3_2)
     2    0.006531    0.092116    0.465283    3.787814 v _1573_/X (sky130_fd_sc_hd__or3_2)
                                                         _0704_ (net)
                      0.092116    0.000000    3.787814 v _1577_/A1 (sky130_fd_sc_hd__a21o_2)
     3    0.008328    0.048712    0.219139    4.006953 v _1577_/X (sky130_fd_sc_hd__a21o_2)
                                                         _0708_ (net)
                      0.048712    0.000000    4.006953 v _1578_/C (sky130_fd_sc_hd__and3_2)
     2    0.006053    0.047128    0.216003    4.222956 v _1578_/X (sky130_fd_sc_hd__and3_2)
                                                         _0709_ (net)
                      0.047128    0.000000    4.222956 v _1581_/A (sky130_fd_sc_hd__or3_2)
     5    0.015694    0.120295    0.533780    4.756736 v _1581_/X (sky130_fd_sc_hd__or3_2)
                                                         _0712_ (net)
                      0.120295    0.000000    4.756736 v _1583_/B (sky130_fd_sc_hd__and3_2)
     3    0.007062    0.049400    0.237264    4.994000 v _1583_/X (sky130_fd_sc_hd__and3_2)
                                                         _0714_ (net)
                      0.049400    0.000000    4.994000 v _1589_/B (sky130_fd_sc_hd__or3_2)
     2    0.002576    0.075129    0.438388    5.432387 v _1589_/X (sky130_fd_sc_hd__or3_2)
                                                         _0719_ (net)
                      0.075129    0.000000    5.432387 v _1590_/C (sky130_fd_sc_hd__or3_2)
     1    0.004051    0.082450    0.420357    5.852744 v _1590_/X (sky130_fd_sc_hd__or3_2)
                                                         _0720_ (net)
                      0.082450    0.000000    5.852744 v _1593_/A2 (sky130_fd_sc_hd__o211ai_2)
     5    0.025236    0.346322    0.311242    6.163986 ^ _1593_/Y (sky130_fd_sc_hd__o211ai_2)
                                                         _0723_ (net)
                      0.346322    0.000000    6.163986 ^ _1684_/A1 (sky130_fd_sc_hd__a21o_2)
     2    0.010971    0.070672    0.212257    6.376243 ^ _1684_/X (sky130_fd_sc_hd__a21o_2)
                                                         _0812_ (net)
                      0.070672    0.000000    6.376243 ^ _1685_/B (sky130_fd_sc_hd__xor2_2)
     1    0.002161    0.038576    0.054226    6.430469 v _1685_/X (sky130_fd_sc_hd__xor2_2)
                                                         _0813_ (net)
                      0.038576    0.000000    6.430469 v _1687_/A2 (sky130_fd_sc_hd__o211a_2)
     1    0.001681    0.037424    0.222109    6.652578 v _1687_/X (sky130_fd_sc_hd__o211a_2)
                                                         _0035_ (net)
                      0.037424    0.000000    6.652578 v _2107_/D (sky130_fd_sc_hd__dfxtp_2)
                                              6.652578   data arrival time

                      0.150000   20.000000   20.000000   clock aclk (rise edge)
                                  0.000000   20.000000   clock network delay (ideal)
                                 -0.250000   19.750002   clock uncertainty
                                  0.000000   19.750002   clock reconvergence pessimism
                                             19.750002 ^ _2107_/CLK (sky130_fd_sc_hd__dfxtp_2)
                                 -0.085064   19.664936   library setup time
                                             19.664936   data required time
---------------------------------------------------------------------------------------------
                                             19.664936   data required time
                                             -6.652578   data arrival time
---------------------------------------------------------------------------------------------
                                             13.012359   slack (MET)


Startpoint: _2088_ (rising edge-triggered flip-flop clocked by aclk)
Endpoint: _2104_ (rising edge-triggered flip-flop clocked by aclk)
Path Group: aclk
Path Type: max

Fanout         Cap        Slew       Delay        Time   Description
---------------------------------------------------------------------------------------------
                      0.150000    0.000000    0.000000   clock aclk (rise edge)
                                  0.000000    0.000000   clock network delay (ideal)
                      0.150000    0.000000    0.000000 ^ _2088_/CLK (sky130_fd_sc_hd__dfxtp_2)
    54    0.154152    0.767290    0.863912    0.863912 ^ _2088_/Q (sky130_fd_sc_hd__dfxtp_2)
                                                         internal_rssi[7] (net)
                      0.767290    0.000000    0.863912 ^ _1270_/A (sky130_fd_sc_hd__nand2_2)
    63    0.215341    0.855999    0.868943    1.732856 v _1270_/Y (sky130_fd_sc_hd__nand2_2)
                                                         _0408_ (net)
                      0.855999    0.000000    1.732856 v _1319_/A (sky130_fd_sc_hd__or3_2)
     2    0.006484    0.094710    0.742435    2.475291 v _1319_/X (sky130_fd_sc_hd__or3_2)
                                                         _0456_ (net)
                      0.094710    0.000000    2.475291 v _1322_/A1 (sky130_fd_sc_hd__a211o_2)
     3    0.008752    0.065606    0.330096    2.805386 v _1322_/X (sky130_fd_sc_hd__a211o_2)
                                                         _0459_ (net)
                      0.065606    0.000000    2.805386 v _1324_/A2 (sky130_fd_sc_hd__a21o_2)
     2    0.006544    0.044344    0.225178    3.030564 v _1324_/X (sky130_fd_sc_hd__a21o_2)
                                                         _0461_ (net)
                      0.044344    0.000000    3.030564 v _1327_/A2 (sky130_fd_sc_hd__a21o_2)
     3    0.010345    0.053730    0.229169    3.259733 v _1327_/X (sky130_fd_sc_hd__a21o_2)
                                                         _0464_ (net)
                      0.053730    0.000000    3.259733 v _1328_/C (sky130_fd_sc_hd__and3_2)
     3    0.008509    0.053000    0.226485    3.486218 v _1328_/X (sky130_fd_sc_hd__and3_2)
                                                         _0465_ (net)
                      0.053000    0.000000    3.486218 v _1333_/A1 (sky130_fd_sc_hd__o211a_2)
     2    0.006185    0.050705    0.268384    3.754603 v _1333_/X (sky130_fd_sc_hd__o211a_2)
                                                         _0470_ (net)
                      0.050705    0.000000    3.754603 v _1334_/C1 (sky130_fd_sc_hd__a211o_2)
     4    0.012984    0.077121    0.304401    4.059004 v _1334_/X (sky130_fd_sc_hd__a211o_2)
                                                         _0471_ (net)
                      0.077121    0.000000    4.059004 v _1380_/A2 (sky130_fd_sc_hd__a211o_2)
     5    0.014567    0.080650    0.381327    4.440331 v _1380_/X (sky130_fd_sc_hd__a211o_2)
                                                         _0516_ (net)
                      0.080650    0.000000    4.440331 v _1429_/A (sky130_fd_sc_hd__or3_2)
     1    0.002329    0.073972    0.471130    4.911461 v _1429_/X (sky130_fd_sc_hd__or3_2)
                                                         _0564_ (net)
                      0.073972    0.000000    4.911461 v _1476_/B1 (sky130_fd_sc_hd__o21a_2)
     3    0.005924    0.042620    0.132478    5.043940 v _1476_/X (sky130_fd_sc_hd__o21a_2)
                                                         _0610_ (net)
                      0.042620    0.000000    5.043940 v _1477_/B1_N (sky130_fd_sc_hd__a21boi_2)
     2    0.004255    0.047007    0.149811    5.193750 v _1477_/Y (sky130_fd_sc_hd__a21boi_2)
                                                         _0611_ (net)
                      0.047007    0.000000    5.193750 v _1479_/B1 (sky130_fd_sc_hd__a311o_2)
     4    0.013295    0.084781    0.391978    5.585729 v _1479_/X (sky130_fd_sc_hd__a311o_2)
                                                         _0613_ (net)
                      0.084781    0.000000    5.585729 v _1552_/A1 (sky130_fd_sc_hd__a21o_2)
     2    0.005536    0.041936    0.207200    5.792930 v _1552_/X (sky130_fd_sc_hd__a21o_2)
                                                         _0684_ (net)
                      0.041936    0.000000    5.792930 v _1553_/B (sky130_fd_sc_hd__or2_2)
     3    0.009136    0.074676    0.295879    6.088809 v _1553_/X (sky130_fd_sc_hd__or2_2)
                                                         _0685_ (net)
                      0.074676    0.000000    6.088809 v _1587_/A2 (sky130_fd_sc_hd__a31o_2)
     1    0.002212    0.035574    0.232301    6.321110 v _1587_/X (sky130_fd_sc_hd__a31o_2)
                                                         _0718_ (net)
                      0.035574    0.000000    6.321110 v _1588_/B2 (sky130_fd_sc_hd__o221a_2)
     1    0.001681    0.039540    0.209968    6.531078 v _1588_/X (sky130_fd_sc_hd__o221a_2)
                                                         _0032_ (net)
                      0.039540    0.000000    6.531078 v _2104_/D (sky130_fd_sc_hd__dfxtp_2)
                                              6.531078   data arrival time

                      0.150000   20.000000   20.000000   clock aclk (rise edge)
                                  0.000000   20.000000   clock network delay (ideal)
                                 -0.250000   19.750002   clock uncertainty
                                  0.000000   19.750002   clock reconvergence pessimism
                                             19.750002 ^ _2104_/CLK (sky130_fd_sc_hd__dfxtp_2)
                                 -0.085983   19.664019   library setup time
                                             19.664019   data required time
---------------------------------------------------------------------------------------------
                                             19.664019   data required time
                                             -6.531078   data arrival time
---------------------------------------------------------------------------------------------
                                             13.132940   slack (MET)


Startpoint: _2088_ (rising edge-triggered flip-flop clocked by aclk)
Endpoint: _2105_ (rising edge-triggered flip-flop clocked by aclk)
Path Group: aclk
Path Type: max

Fanout         Cap        Slew       Delay        Time   Description
---------------------------------------------------------------------------------------------
                      0.150000    0.000000    0.000000   clock aclk (rise edge)
                                  0.000000    0.000000   clock network delay (ideal)
                      0.150000    0.000000    0.000000 ^ _2088_/CLK (sky130_fd_sc_hd__dfxtp_2)
    54    0.154152    0.767290    0.863912    0.863912 ^ _2088_/Q (sky130_fd_sc_hd__dfxtp_2)
                                                         internal_rssi[7] (net)
                      0.767290    0.000000    0.863912 ^ _1270_/A (sky130_fd_sc_hd__nand2_2)
    63    0.215341    0.855999    0.868943    1.732856 v _1270_/Y (sky130_fd_sc_hd__nand2_2)
                                                         _0408_ (net)
                      0.855999    0.000000    1.732856 v _1563_/A (sky130_fd_sc_hd__or3_2)
     3    0.008744    0.102945    0.755327    2.488182 v _1563_/X (sky130_fd_sc_hd__or3_2)
                                                         _0694_ (net)
                      0.102945    0.000000    2.488182 v _1566_/B1 (sky130_fd_sc_hd__o211a_2)
     2    0.003589    0.043867    0.156935    2.645117 v _1566_/X (sky130_fd_sc_hd__o211a_2)
                                                         _0697_ (net)
                      0.043867    0.000000    2.645117 v _1568_/A (sky130_fd_sc_hd__or3b_2)
     2    0.005683    0.088444    0.474441    3.119558 v _1568_/X (sky130_fd_sc_hd__or3b_2)
                                                         _0699_ (net)
                      0.088444    0.000000    3.119558 v _1571_/A (sky130_fd_sc_hd__and3_2)
     3    0.007426    0.050282    0.202973    3.322531 v _1571_/X (sky130_fd_sc_hd__and3_2)
                                                         _0702_ (net)
                      0.050282    0.000000    3.322531 v _1573_/B (sky130_fd_sc_hd__or3_2)
     2    0.006531    0.092116    0.465283    3.787814 v _1573_/X (sky130_fd_sc_hd__or3_2)
                                                         _0704_ (net)
                      0.092116    0.000000    3.787814 v _1577_/A1 (sky130_fd_sc_hd__a21o_2)
     3    0.008328    0.048712    0.219139    4.006953 v _1577_/X (sky130_fd_sc_hd__a21o_2)
                                                         _0708_ (net)
                      0.048712    0.000000    4.006953 v _1578_/C (sky130_fd_sc_hd__and3_2)
     2    0.006053    0.047128    0.216003    4.222956 v _1578_/X (sky130_fd_sc_hd__and3_2)
                                                         _0709_ (net)
                      0.047128    0.000000    4.222956 v _1581_/A (sky130_fd_sc_hd__or3_2)
     5    0.015694    0.120295    0.533780    4.756736 v _1581_/X (sky130_fd_sc_hd__or3_2)
                                                         _0712_ (net)
                      0.120295    0.000000    4.756736 v _1583_/B (sky130_fd_sc_hd__and3_2)
     3    0.007062    0.049400    0.237264    4.994000 v _1583_/X (sky130_fd_sc_hd__and3_2)
                                                         _0714_ (net)
                      0.049400    0.000000    4.994000 v _1589_/B (sky130_fd_sc_hd__or3_2)
     2    0.002576    0.075129    0.438388    5.432387 v _1589_/X (sky130_fd_sc_hd__or3_2)
                                                         _0719_ (net)
                      0.075129    0.000000    5.432387 v _1590_/C (sky130_fd_sc_hd__or3_2)
     1    0.004051    0.082450    0.420357    5.852744 v _1590_/X (sky130_fd_sc_hd__or3_2)
                                                         _0720_ (net)
                      0.082450    0.000000    5.852744 v _1593_/A2 (sky130_fd_sc_hd__o211ai_2)
     5    0.025236    0.346322    0.311242    6.163986 ^ _1593_/Y (sky130_fd_sc_hd__o211ai_2)
                                                         _0723_ (net)
                      0.346322    0.000000    6.163986 ^ _1622_/A (sky130_fd_sc_hd__xnor2_2)
     1    0.002161    0.063958    0.101704    6.265690 v _1622_/Y (sky130_fd_sc_hd__xnor2_2)
                                                         _0752_ (net)
                      0.063958    0.000000    6.265690 v _1624_/A2 (sky130_fd_sc_hd__o211a_2)
     1    0.001681    0.037424    0.231783    6.497473 v _1624_/X (sky130_fd_sc_hd__o211a_2)
                                                         _0033_ (net)
                      0.037424    0.000000    6.497473 v _2105_/D (sky130_fd_sc_hd__dfxtp_2)
                                              6.497473   data arrival time

                      0.150000   20.000000   20.000000   clock aclk (rise edge)
                                  0.000000   20.000000   clock network delay (ideal)
                                 -0.250000   19.750002   clock uncertainty
                                  0.000000   19.750002   clock reconvergence pessimism
                                             19.750002 ^ _2105_/CLK (sky130_fd_sc_hd__dfxtp_2)
                                 -0.085064   19.664936   library setup time
                                             19.664936   data required time
---------------------------------------------------------------------------------------------
                                             19.664936   data required time
                                             -6.497473   data arrival time
---------------------------------------------------------------------------------------------
                                             13.167464   slack (MET)


Startpoint: _2088_ (rising edge-triggered flip-flop clocked by aclk)
Endpoint: _2103_ (rising edge-triggered flip-flop clocked by aclk)
Path Group: aclk
Path Type: max

Fanout         Cap        Slew       Delay        Time   Description
---------------------------------------------------------------------------------------------
                      0.150000    0.000000    0.000000   clock aclk (rise edge)
                                  0.000000    0.000000   clock network delay (ideal)
                      0.150000    0.000000    0.000000 ^ _2088_/CLK (sky130_fd_sc_hd__dfxtp_2)
    54    0.154152    0.767290    0.863912    0.863912 ^ _2088_/Q (sky130_fd_sc_hd__dfxtp_2)
                                                         internal_rssi[7] (net)
                      0.767290    0.000000    0.863912 ^ _1270_/A (sky130_fd_sc_hd__nand2_2)
    63    0.215341    0.855999    0.868943    1.732856 v _1270_/Y (sky130_fd_sc_hd__nand2_2)
                                                         _0408_ (net)
                      0.855999    0.000000    1.732856 v _1319_/A (sky130_fd_sc_hd__or3_2)
     2    0.006484    0.094710    0.742435    2.475291 v _1319_/X (sky130_fd_sc_hd__or3_2)
                                                         _0456_ (net)
                      0.094710    0.000000    2.475291 v _1322_/A1 (sky130_fd_sc_hd__a211o_2)
     3    0.008752    0.065606    0.330096    2.805386 v _1322_/X (sky130_fd_sc_hd__a211o_2)
                                                         _0459_ (net)
                      0.065606    0.000000    2.805386 v _1324_/A2 (sky130_fd_sc_hd__a21o_2)
     2    0.006544    0.044344    0.225178    3.030564 v _1324_/X (sky130_fd_sc_hd__a21o_2)
                                                         _0461_ (net)
                      0.044344    0.000000    3.030564 v _1327_/A2 (sky130_fd_sc_hd__a21o_2)
     3    0.010345    0.053730    0.229169    3.259733 v _1327_/X (sky130_fd_sc_hd__a21o_2)
                                                         _0464_ (net)
                      0.053730    0.000000    3.259733 v _1328_/C (sky130_fd_sc_hd__and3_2)
     3    0.008509    0.053000    0.226485    3.486218 v _1328_/X (sky130_fd_sc_hd__and3_2)
                                                         _0465_ (net)
                      0.053000    0.000000    3.486218 v _1333_/A1 (sky130_fd_sc_hd__o211a_2)
     2    0.006185    0.050705    0.268384    3.754603 v _1333_/X (sky130_fd_sc_hd__o211a_2)
                                                         _0470_ (net)
                      0.050705    0.000000    3.754603 v _1334_/C1 (sky130_fd_sc_hd__a211o_2)
     4    0.012984    0.077121    0.304401    4.059004 v _1334_/X (sky130_fd_sc_hd__a211o_2)
                                                         _0471_ (net)
                      0.077121    0.000000    4.059004 v _1380_/A2 (sky130_fd_sc_hd__a211o_2)
     5    0.014567    0.080650    0.381327    4.440331 v _1380_/X (sky130_fd_sc_hd__a211o_2)
                                                         _0516_ (net)
                      0.080650    0.000000    4.440331 v _1429_/A (sky130_fd_sc_hd__or3_2)
     1    0.002329    0.073972    0.471130    4.911461 v _1429_/X (sky130_fd_sc_hd__or3_2)
                                                         _0564_ (net)
                      0.073972    0.000000    4.911461 v _1476_/B1 (sky130_fd_sc_hd__o21a_2)
     3    0.005924    0.042620    0.132478    5.043940 v _1476_/X (sky130_fd_sc_hd__o21a_2)
                                                         _0610_ (net)
                      0.042620    0.000000    5.043940 v _1477_/B1_N (sky130_fd_sc_hd__a21boi_2)
     2    0.004255    0.047007    0.149811    5.193750 v _1477_/Y (sky130_fd_sc_hd__a21boi_2)
                                                         _0611_ (net)
                      0.047007    0.000000    5.193750 v _1479_/B1 (sky130_fd_sc_hd__a311o_2)
     4    0.013295    0.084781    0.391978    5.585729 v _1479_/X (sky130_fd_sc_hd__a311o_2)
                                                         _0613_ (net)
                      0.084781    0.000000    5.585729 v _1552_/A1 (sky130_fd_sc_hd__a21o_2)
     2    0.005536    0.041936    0.207200    5.792930 v _1552_/X (sky130_fd_sc_hd__a21o_2)
                                                         _0684_ (net)
                      0.041936    0.000000    5.792930 v _1553_/B (sky130_fd_sc_hd__or2_2)
     3    0.009136    0.074676    0.295879    6.088809 v _1553_/X (sky130_fd_sc_hd__or2_2)
                                                         _0685_ (net)
                      0.074676    0.000000    6.088809 v _1555_/A1 (sky130_fd_sc_hd__a21o_2)
     1    0.002260    0.032486    0.189765    6.278574 v _1555_/X (sky130_fd_sc_hd__a21o_2)
                                                         _0687_ (net)
                      0.032486    0.000000    6.278574 v _1556_/B1 (sky130_fd_sc_hd__o211a_2)
     1    0.001681    0.037457    0.117083    6.395657 v _1556_/X (sky130_fd_sc_hd__o211a_2)
                                                         _0031_ (net)
                      0.037457    0.000000    6.395657 v _2103_/D (sky130_fd_sc_hd__dfxtp_2)
                                              6.395657   data arrival time

                      0.150000   20.000000   20.000000   clock aclk (rise edge)
                                  0.000000   20.000000   clock network delay (ideal)
                                 -0.250000   19.750002   clock uncertainty
                                  0.000000   19.750002   clock reconvergence pessimism
                                             19.750002 ^ _2103_/CLK (sky130_fd_sc_hd__dfxtp_2)
                                 -0.085078   19.664923   library setup time
                                             19.664923   data required time
---------------------------------------------------------------------------------------------
                                             19.664923   data required time
                                             -6.395657   data arrival time
---------------------------------------------------------------------------------------------
                                             13.269266   slack (MET)


Startpoint: _2088_ (rising edge-triggered flip-flop clocked by aclk)
Endpoint: _2102_ (rising edge-triggered flip-flop clocked by aclk)
Path Group: aclk
Path Type: max

Fanout         Cap        Slew       Delay        Time   Description
---------------------------------------------------------------------------------------------
                      0.150000    0.000000    0.000000   clock aclk (rise edge)
                                  0.000000    0.000000   clock network delay (ideal)
                      0.150000    0.000000    0.000000 ^ _2088_/CLK (sky130_fd_sc_hd__dfxtp_2)
    54    0.154152    0.767290    0.863912    0.863912 ^ _2088_/Q (sky130_fd_sc_hd__dfxtp_2)
                                                         internal_rssi[7] (net)
                      0.767290    0.000000    0.863912 ^ _1270_/A (sky130_fd_sc_hd__nand2_2)
    63    0.215341    0.855999    0.868943    1.732856 v _1270_/Y (sky130_fd_sc_hd__nand2_2)
                                                         _0408_ (net)
                      0.855999    0.000000    1.732856 v _1319_/A (sky130_fd_sc_hd__or3_2)
     2    0.006484    0.094710    0.742435    2.475291 v _1319_/X (sky130_fd_sc_hd__or3_2)
                                                         _0456_ (net)
                      0.094710    0.000000    2.475291 v _1322_/A1 (sky130_fd_sc_hd__a211o_2)
     3    0.008752    0.065606    0.330096    2.805386 v _1322_/X (sky130_fd_sc_hd__a211o_2)
                                                         _0459_ (net)
                      0.065606    0.000000    2.805386 v _1324_/A2 (sky130_fd_sc_hd__a21o_2)
     2    0.006544    0.044344    0.225178    3.030564 v _1324_/X (sky130_fd_sc_hd__a21o_2)
                                                         _0461_ (net)
                      0.044344    0.000000    3.030564 v _1327_/A2 (sky130_fd_sc_hd__a21o_2)
     3    0.010345    0.053730    0.229169    3.259733 v _1327_/X (sky130_fd_sc_hd__a21o_2)
                                                         _0464_ (net)
                      0.053730    0.000000    3.259733 v _1328_/C (sky130_fd_sc_hd__and3_2)
     3    0.008509    0.053000    0.226485    3.486218 v _1328_/X (sky130_fd_sc_hd__and3_2)
                                                         _0465_ (net)
                      0.053000    0.000000    3.486218 v _1333_/A1 (sky130_fd_sc_hd__o211a_2)
     2    0.006185    0.050705    0.268384    3.754603 v _1333_/X (sky130_fd_sc_hd__o211a_2)
                                                         _0470_ (net)
                      0.050705    0.000000    3.754603 v _1334_/C1 (sky130_fd_sc_hd__a211o_2)
     4    0.012984    0.077121    0.304401    4.059004 v _1334_/X (sky130_fd_sc_hd__a211o_2)
                                                         _0471_ (net)
                      0.077121    0.000000    4.059004 v _1380_/A2 (sky130_fd_sc_hd__a211o_2)
     5    0.014567    0.080650    0.381327    4.440331 v _1380_/X (sky130_fd_sc_hd__a211o_2)
                                                         _0516_ (net)
                      0.080650    0.000000    4.440331 v _1429_/A (sky130_fd_sc_hd__or3_2)
     1    0.002329    0.073972    0.471130    4.911461 v _1429_/X (sky130_fd_sc_hd__or3_2)
                                                         _0564_ (net)
                      0.073972    0.000000    4.911461 v _1476_/B1 (sky130_fd_sc_hd__o21a_2)
     3    0.005924    0.042620    0.132478    5.043940 v _1476_/X (sky130_fd_sc_hd__o21a_2)
                                                         _0610_ (net)
                      0.042620    0.000000    5.043940 v _1477_/B1_N (sky130_fd_sc_hd__a21boi_2)
     2    0.004255    0.047007    0.149811    5.193750 v _1477_/Y (sky130_fd_sc_hd__a21boi_2)
                                                         _0611_ (net)
                      0.047007    0.000000    5.193750 v _1479_/B1 (sky130_fd_sc_hd__a311o_2)
     4    0.013295    0.084781    0.391978    5.585729 v _1479_/X (sky130_fd_sc_hd__a311o_2)
                                                         _0613_ (net)
                      0.084781    0.000000    5.585729 v _1517_/A2 (sky130_fd_sc_hd__a31o_2)
     1    0.002212    0.035521    0.236531    5.822260 v _1517_/X (sky130_fd_sc_hd__a31o_2)
                                                         _0650_ (net)
                      0.035521    0.000000    5.822260 v _1518_/B2 (sky130_fd_sc_hd__o221a_2)
     1    0.001681    0.039540    0.209949    6.032209 v _1518_/X (sky130_fd_sc_hd__o221a_2)
                                                         _0030_ (net)
                      0.039540    0.000000    6.032209 v _2102_/D (sky130_fd_sc_hd__dfxtp_2)
                                              6.032209   data arrival time

                      0.150000   20.000000   20.000000   clock aclk (rise edge)
                                  0.000000   20.000000   clock network delay (ideal)
                                 -0.250000   19.750002   clock uncertainty
                                  0.000000   19.750002   clock reconvergence pessimism
                                             19.750002 ^ _2102_/CLK (sky130_fd_sc_hd__dfxtp_2)
                                 -0.085983   19.664019   library setup time
                                             19.664019   data required time
---------------------------------------------------------------------------------------------
                                             19.664019   data required time
                                             -6.032209   data arrival time
---------------------------------------------------------------------------------------------
                                             13.631809   slack (MET)


Startpoint: _2088_ (rising edge-triggered flip-flop clocked by aclk)
Endpoint: _2100_ (rising edge-triggered flip-flop clocked by aclk)
Path Group: aclk
Path Type: max

Fanout         Cap        Slew       Delay        Time   Description
---------------------------------------------------------------------------------------------
                      0.150000    0.000000    0.000000   clock aclk (rise edge)
                                  0.000000    0.000000   clock network delay (ideal)
                      0.150000    0.000000    0.000000 ^ _2088_/CLK (sky130_fd_sc_hd__dfxtp_2)
    54    0.154152    0.767290    0.863912    0.863912 ^ _2088_/Q (sky130_fd_sc_hd__dfxtp_2)
                                                         internal_rssi[7] (net)
                      0.767290    0.000000    0.863912 ^ _1270_/A (sky130_fd_sc_hd__nand2_2)
    63    0.215341    0.855999    0.868943    1.732856 v _1270_/Y (sky130_fd_sc_hd__nand2_2)
                                                         _0408_ (net)
                      0.855999    0.000000    1.732856 v _1319_/A (sky130_fd_sc_hd__or3_2)
     2    0.006484    0.094710    0.742435    2.475291 v _1319_/X (sky130_fd_sc_hd__or3_2)
                                                         _0456_ (net)
                      0.094710    0.000000    2.475291 v _1322_/A1 (sky130_fd_sc_hd__a211o_2)
     3    0.008752    0.065606    0.330096    2.805386 v _1322_/X (sky130_fd_sc_hd__a211o_2)
                                                         _0459_ (net)
                      0.065606    0.000000    2.805386 v _1324_/A2 (sky130_fd_sc_hd__a21o_2)
     2    0.006544    0.044344    0.225178    3.030564 v _1324_/X (sky130_fd_sc_hd__a21o_2)
                                                         _0461_ (net)
                      0.044344    0.000000    3.030564 v _1327_/A2 (sky130_fd_sc_hd__a21o_2)
     3    0.010345    0.053730    0.229169    3.259733 v _1327_/X (sky130_fd_sc_hd__a21o_2)
                                                         _0464_ (net)
                      0.053730    0.000000    3.259733 v _1328_/C (sky130_fd_sc_hd__and3_2)
     3    0.008509    0.053000    0.226485    3.486218 v _1328_/X (sky130_fd_sc_hd__and3_2)
                                                         _0465_ (net)
                      0.053000    0.000000    3.486218 v _1333_/A1 (sky130_fd_sc_hd__o211a_2)
     2    0.006185    0.050705    0.268384    3.754603 v _1333_/X (sky130_fd_sc_hd__o211a_2)
                                                         _0470_ (net)
                      0.050705    0.000000    3.754603 v _1334_/C1 (sky130_fd_sc_hd__a211o_2)
     4    0.012984    0.077121    0.304401    4.059004 v _1334_/X (sky130_fd_sc_hd__a211o_2)
                                                         _0471_ (net)
                      0.077121    0.000000    4.059004 v _1336_/B1 (sky130_fd_sc_hd__o211a_2)
     3    0.007866    0.054778    0.158081    4.217084 v _1336_/X (sky130_fd_sc_hd__o211a_2)
                                                         _0473_ (net)
                      0.054778    0.000000    4.217084 v _1338_/A (sky130_fd_sc_hd__or2_2)
     2    0.010032    0.077302    0.324274    4.541359 v _1338_/X (sky130_fd_sc_hd__or2_2)
                                                         _0475_ (net)
                      0.077302    0.000000    4.541359 v _1339_/B (sky130_fd_sc_hd__xor2_2)
     3    0.008786    0.157852    0.169224    4.710583 ^ _1339_/X (sky130_fd_sc_hd__xor2_2)
                                                         _0476_ (net)
                      0.157852    0.000000    4.710583 ^ _1385_/C_N (sky130_fd_sc_hd__or3b_2)
     3    0.008785    0.099767    0.490688    5.201272 v _1385_/X (sky130_fd_sc_hd__or3b_2)
                                                         _0521_ (net)
                      0.099767    0.000000    5.201272 v _1387_/A (sky130_fd_sc_hd__nand2_2)
     2    0.013114    0.086508    0.108658    5.309929 ^ _1387_/Y (sky130_fd_sc_hd__nand2_2)
                                                         _0523_ (net)
                      0.086508    0.000000    5.309929 ^ _1388_/B (sky130_fd_sc_hd__nand2_2)
     2    0.006861    0.049911    0.065550    5.375479 v _1388_/Y (sky130_fd_sc_hd__nand2_2)
                                                         _0524_ (net)
                      0.049911    0.000000    5.375479 v _1433_/A2 (sky130_fd_sc_hd__a31o_2)
     1    0.002212    0.035521    0.221928    5.597407 v _1433_/X (sky130_fd_sc_hd__a31o_2)
                                                         _0568_ (net)
                      0.035521    0.000000    5.597407 v _1434_/B2 (sky130_fd_sc_hd__o221a_2)
     1    0.001681    0.039540    0.209949    5.807356 v _1434_/X (sky130_fd_sc_hd__o221a_2)
                                                         _0028_ (net)
                      0.039540    0.000000    5.807356 v _2100_/D (sky130_fd_sc_hd__dfxtp_2)
                                              5.807356   data arrival time

                      0.150000   20.000000   20.000000   clock aclk (rise edge)
                                  0.000000   20.000000   clock network delay (ideal)
                                 -0.250000   19.750002   clock uncertainty
                                  0.000000   19.750002   clock reconvergence pessimism
                                             19.750002 ^ _2100_/CLK (sky130_fd_sc_hd__dfxtp_2)
                                 -0.085983   19.664019   library setup time
                                             19.664019   data required time
---------------------------------------------------------------------------------------------
                                             19.664019   data required time
                                             -5.807356   data arrival time
---------------------------------------------------------------------------------------------
                                             13.856662   slack (MET)


Startpoint: _2088_ (rising edge-triggered flip-flop clocked by aclk)
Endpoint: _2101_ (rising edge-triggered flip-flop clocked by aclk)
Path Group: aclk
Path Type: max

Fanout         Cap        Slew       Delay        Time   Description
---------------------------------------------------------------------------------------------
                      0.150000    0.000000    0.000000   clock aclk (rise edge)
                                  0.000000    0.000000   clock network delay (ideal)
                      0.150000    0.000000    0.000000 ^ _2088_/CLK (sky130_fd_sc_hd__dfxtp_2)
    54    0.154152    0.767290    0.863912    0.863912 ^ _2088_/Q (sky130_fd_sc_hd__dfxtp_2)
                                                         internal_rssi[7] (net)
                      0.767290    0.000000    0.863912 ^ _1270_/A (sky130_fd_sc_hd__nand2_2)
    63    0.215341    0.855999    0.868943    1.732856 v _1270_/Y (sky130_fd_sc_hd__nand2_2)
                                                         _0408_ (net)
                      0.855999    0.000000    1.732856 v _1319_/A (sky130_fd_sc_hd__or3_2)
     2    0.006484    0.094710    0.742435    2.475291 v _1319_/X (sky130_fd_sc_hd__or3_2)
                                                         _0456_ (net)
                      0.094710    0.000000    2.475291 v _1322_/A1 (sky130_fd_sc_hd__a211o_2)
     3    0.008752    0.065606    0.330096    2.805386 v _1322_/X (sky130_fd_sc_hd__a211o_2)
                                                         _0459_ (net)
                      0.065606    0.000000    2.805386 v _1324_/A2 (sky130_fd_sc_hd__a21o_2)
     2    0.006544    0.044344    0.225178    3.030564 v _1324_/X (sky130_fd_sc_hd__a21o_2)
                                                         _0461_ (net)
                      0.044344    0.000000    3.030564 v _1327_/A2 (sky130_fd_sc_hd__a21o_2)
     3    0.010345    0.053730    0.229169    3.259733 v _1327_/X (sky130_fd_sc_hd__a21o_2)
                                                         _0464_ (net)
                      0.053730    0.000000    3.259733 v _1328_/C (sky130_fd_sc_hd__and3_2)
     3    0.008509    0.053000    0.226485    3.486218 v _1328_/X (sky130_fd_sc_hd__and3_2)
                                                         _0465_ (net)
                      0.053000    0.000000    3.486218 v _1333_/A1 (sky130_fd_sc_hd__o211a_2)
     2    0.006185    0.050705    0.268384    3.754603 v _1333_/X (sky130_fd_sc_hd__o211a_2)
                                                         _0470_ (net)
                      0.050705    0.000000    3.754603 v _1334_/C1 (sky130_fd_sc_hd__a211o_2)
     4    0.012984    0.077121    0.304401    4.059004 v _1334_/X (sky130_fd_sc_hd__a211o_2)
                                                         _0471_ (net)
                      0.077121    0.000000    4.059004 v _1336_/B1 (sky130_fd_sc_hd__o211a_2)
     3    0.007866    0.054778    0.158081    4.217084 v _1336_/X (sky130_fd_sc_hd__o211a_2)
                                                         _0473_ (net)
                      0.054778    0.000000    4.217084 v _1338_/A (sky130_fd_sc_hd__or2_2)
     2    0.010032    0.077302    0.324274    4.541359 v _1338_/X (sky130_fd_sc_hd__or2_2)
                                                         _0475_ (net)
                      0.077302    0.000000    4.541359 v _1339_/B (sky130_fd_sc_hd__xor2_2)
     3    0.008786    0.157852    0.169224    4.710583 ^ _1339_/X (sky130_fd_sc_hd__xor2_2)
                                                         _0476_ (net)
                      0.157852    0.000000    4.710583 ^ _1385_/C_N (sky130_fd_sc_hd__or3b_2)
     3    0.008785    0.099767    0.490688    5.201272 v _1385_/X (sky130_fd_sc_hd__or3b_2)
                                                         _0521_ (net)
                      0.099767    0.000000    5.201272 v _1478_/A1 (sky130_fd_sc_hd__a31o_2)
     1    0.008077    0.051207    0.234936    5.436208 v _1478_/X (sky130_fd_sc_hd__a31o_2)
                                                         _0612_ (net)
                      0.051207    0.000000    5.436208 v _1480_/B (sky130_fd_sc_hd__xnor2_2)
     1    0.004621    0.121437    0.125375    5.561583 ^ _1480_/Y (sky130_fd_sc_hd__xnor2_2)
                                                         _0614_ (net)
                      0.121437    0.000000    5.561583 ^ _1481_/B (sky130_fd_sc_hd__nand2_2)
     1    0.002260    0.089275    0.056626    5.618208 v _1481_/Y (sky130_fd_sc_hd__nand2_2)
                                                         _0615_ (net)
                      0.089275    0.000000    5.618208 v _1482_/B1 (sky130_fd_sc_hd__o211a_2)
     1    0.001681    0.037457    0.142993    5.761201 v _1482_/X (sky130_fd_sc_hd__o211a_2)
                                                         _0029_ (net)
                      0.037457    0.000000    5.761201 v _2101_/D (sky130_fd_sc_hd__dfxtp_2)
                                              5.761201   data arrival time

                      0.150000   20.000000   20.000000   clock aclk (rise edge)
                                  0.000000   20.000000   clock network delay (ideal)
                                 -0.250000   19.750002   clock uncertainty
                                  0.000000   19.750002   clock reconvergence pessimism
                                             19.750002 ^ _2101_/CLK (sky130_fd_sc_hd__dfxtp_2)
                                 -0.085078   19.664923   library setup time
                                             19.664923   data required time
---------------------------------------------------------------------------------------------
                                             19.664923   data required time
                                             -5.761201   data arrival time
---------------------------------------------------------------------------------------------
                                             13.903721   slack (MET)


Startpoint: _2088_ (rising edge-triggered flip-flop clocked by aclk)
Endpoint: _2099_ (rising edge-triggered flip-flop clocked by aclk)
Path Group: aclk
Path Type: max

Fanout         Cap        Slew       Delay        Time   Description
---------------------------------------------------------------------------------------------
                      0.150000    0.000000    0.000000   clock aclk (rise edge)
                                  0.000000    0.000000   clock network delay (ideal)
                      0.150000    0.000000    0.000000 ^ _2088_/CLK (sky130_fd_sc_hd__dfxtp_2)
    54    0.154152    0.767290    0.863912    0.863912 ^ _2088_/Q (sky130_fd_sc_hd__dfxtp_2)
                                                         internal_rssi[7] (net)
                      0.767290    0.000000    0.863912 ^ _1270_/A (sky130_fd_sc_hd__nand2_2)
    63    0.215341    0.855999    0.868943    1.732856 v _1270_/Y (sky130_fd_sc_hd__nand2_2)
                                                         _0408_ (net)
                      0.855999    0.000000    1.732856 v _1319_/A (sky130_fd_sc_hd__or3_2)
     2    0.006484    0.094710    0.742435    2.475291 v _1319_/X (sky130_fd_sc_hd__or3_2)
                                                         _0456_ (net)
                      0.094710    0.000000    2.475291 v _1322_/A1 (sky130_fd_sc_hd__a211o_2)
     3    0.008752    0.065606    0.330096    2.805386 v _1322_/X (sky130_fd_sc_hd__a211o_2)
                                                         _0459_ (net)
                      0.065606    0.000000    2.805386 v _1324_/A2 (sky130_fd_sc_hd__a21o_2)
     2    0.006544    0.044344    0.225178    3.030564 v _1324_/X (sky130_fd_sc_hd__a21o_2)
                                                         _0461_ (net)
                      0.044344    0.000000    3.030564 v _1327_/A2 (sky130_fd_sc_hd__a21o_2)
     3    0.010345    0.053730    0.229169    3.259733 v _1327_/X (sky130_fd_sc_hd__a21o_2)
                                                         _0464_ (net)
                      0.053730    0.000000    3.259733 v _1328_/C (sky130_fd_sc_hd__and3_2)
     3    0.008509    0.053000    0.226485    3.486218 v _1328_/X (sky130_fd_sc_hd__and3_2)
                                                         _0465_ (net)
                      0.053000    0.000000    3.486218 v _1333_/A1 (sky130_fd_sc_hd__o211a_2)
     2    0.006185    0.050705    0.268384    3.754603 v _1333_/X (sky130_fd_sc_hd__o211a_2)
                                                         _0470_ (net)
                      0.050705    0.000000    3.754603 v _1334_/C1 (sky130_fd_sc_hd__a211o_2)
     4    0.012984    0.077121    0.304401    4.059004 v _1334_/X (sky130_fd_sc_hd__a211o_2)
                                                         _0471_ (net)
                      0.077121    0.000000    4.059004 v _1336_/B1 (sky130_fd_sc_hd__o211a_2)
     3    0.007866    0.054778    0.158081    4.217084 v _1336_/X (sky130_fd_sc_hd__o211a_2)
                                                         _0473_ (net)
                      0.054778    0.000000    4.217084 v _1338_/A (sky130_fd_sc_hd__or2_2)
     2    0.010032    0.077302    0.324274    4.541359 v _1338_/X (sky130_fd_sc_hd__or2_2)
                                                         _0475_ (net)
                      0.077302    0.000000    4.541359 v _1339_/B (sky130_fd_sc_hd__xor2_2)
     3    0.008786    0.157852    0.169224    4.710583 ^ _1339_/X (sky130_fd_sc_hd__xor2_2)
                                                         _0476_ (net)
                      0.157852    0.000000    4.710583 ^ _1385_/C_N (sky130_fd_sc_hd__or3b_2)
     3    0.008785    0.099767    0.490688    5.201272 v _1385_/X (sky130_fd_sc_hd__or3b_2)
                                                         _0521_ (net)
                      0.099767    0.000000    5.201272 v _1387_/A (sky130_fd_sc_hd__nand2_2)
     2    0.013114    0.086508    0.108658    5.309929 ^ _1387_/Y (sky130_fd_sc_hd__nand2_2)
                                                         _0523_ (net)
                      0.086508    0.000000    5.309929 ^ _1389_/B (sky130_fd_sc_hd__xor2_2)
     1    0.002161    0.039872    0.058659    5.368588 v _1389_/X (sky130_fd_sc_hd__xor2_2)
                                                         _0525_ (net)
                      0.039872    0.000000    5.368588 v _1391_/A2 (sky130_fd_sc_hd__o211a_2)
     1    0.001681    0.037424    0.222581    5.591169 v _1391_/X (sky130_fd_sc_hd__o211a_2)
                                                         _0027_ (net)
                      0.037424    0.000000    5.591169 v _2099_/D (sky130_fd_sc_hd__dfxtp_2)
                                              5.591169   data arrival time

                      0.150000   20.000000   20.000000   clock aclk (rise edge)
                                  0.000000   20.000000   clock network delay (ideal)
                                 -0.250000   19.750002   clock uncertainty
                                  0.000000   19.750002   clock reconvergence pessimism
                                             19.750002 ^ _2099_/CLK (sky130_fd_sc_hd__dfxtp_2)
                                 -0.085064   19.664936   library setup time
                                             19.664936   data required time
---------------------------------------------------------------------------------------------
                                             19.664936   data required time
                                             -5.591169   data arrival time
---------------------------------------------------------------------------------------------
                                             14.073769   slack (MET)


Startpoint: _2088_ (rising edge-triggered flip-flop clocked by aclk)
Endpoint: _2098_ (rising edge-triggered flip-flop clocked by aclk)
Path Group: aclk
Path Type: max

Fanout         Cap        Slew       Delay        Time   Description
---------------------------------------------------------------------------------------------
                      0.150000    0.000000    0.000000   clock aclk (rise edge)
                                  0.000000    0.000000   clock network delay (ideal)
                      0.150000    0.000000    0.000000 ^ _2088_/CLK (sky130_fd_sc_hd__dfxtp_2)
    54    0.154152    0.767290    0.863912    0.863912 ^ _2088_/Q (sky130_fd_sc_hd__dfxtp_2)
                                                         internal_rssi[7] (net)
                      0.767290    0.000000    0.863912 ^ _1270_/A (sky130_fd_sc_hd__nand2_2)
    63    0.215341    0.855999    0.868943    1.732856 v _1270_/Y (sky130_fd_sc_hd__nand2_2)
                                                         _0408_ (net)
                      0.855999    0.000000    1.732856 v _1319_/A (sky130_fd_sc_hd__or3_2)
     2    0.006484    0.094710    0.742435    2.475291 v _1319_/X (sky130_fd_sc_hd__or3_2)
                                                         _0456_ (net)
                      0.094710    0.000000    2.475291 v _1322_/A1 (sky130_fd_sc_hd__a211o_2)
     3    0.008752    0.065606    0.330096    2.805386 v _1322_/X (sky130_fd_sc_hd__a211o_2)
                                                         _0459_ (net)
                      0.065606    0.000000    2.805386 v _1324_/A2 (sky130_fd_sc_hd__a21o_2)
     2    0.006544    0.044344    0.225178    3.030564 v _1324_/X (sky130_fd_sc_hd__a21o_2)
                                                         _0461_ (net)
                      0.044344    0.000000    3.030564 v _1327_/A2 (sky130_fd_sc_hd__a21o_2)
     3    0.010345    0.053730    0.229169    3.259733 v _1327_/X (sky130_fd_sc_hd__a21o_2)
                                                         _0464_ (net)
                      0.053730    0.000000    3.259733 v _1328_/C (sky130_fd_sc_hd__and3_2)
     3    0.008509    0.053000    0.226485    3.486218 v _1328_/X (sky130_fd_sc_hd__and3_2)
                                                         _0465_ (net)
                      0.053000    0.000000    3.486218 v _1333_/A1 (sky130_fd_sc_hd__o211a_2)
     2    0.006185    0.050705    0.268384    3.754603 v _1333_/X (sky130_fd_sc_hd__o211a_2)
                                                         _0470_ (net)
                      0.050705    0.000000    3.754603 v _1334_/C1 (sky130_fd_sc_hd__a211o_2)
     4    0.012984    0.077121    0.304401    4.059004 v _1334_/X (sky130_fd_sc_hd__a211o_2)
                                                         _0471_ (net)
                      0.077121    0.000000    4.059004 v _1336_/B1 (sky130_fd_sc_hd__o211a_2)
     3    0.007866    0.054778    0.158081    4.217084 v _1336_/X (sky130_fd_sc_hd__o211a_2)
                                                         _0473_ (net)
                      0.054778    0.000000    4.217084 v _1338_/A (sky130_fd_sc_hd__or2_2)
     2    0.010032    0.077302    0.324274    4.541359 v _1338_/X (sky130_fd_sc_hd__or2_2)
                                                         _0475_ (net)
                      0.077302    0.000000    4.541359 v _1339_/B (sky130_fd_sc_hd__xor2_2)
     3    0.007805    0.057431    0.162361    4.703720 v _1339_/X (sky130_fd_sc_hd__xor2_2)
                                                         _0476_ (net)
                      0.057431    0.000000    4.703720 v _1341_/A3 (sky130_fd_sc_hd__a31o_2)
     1    0.002212    0.035521    0.238052    4.941772 v _1341_/X (sky130_fd_sc_hd__a31o_2)
                                                         _0478_ (net)
                      0.035521    0.000000    4.941772 v _1342_/B2 (sky130_fd_sc_hd__o221a_2)
     1    0.001681    0.039540    0.209949    5.151721 v _1342_/X (sky130_fd_sc_hd__o221a_2)
                                                         _0026_ (net)
                      0.039540    0.000000    5.151721 v _2098_/D (sky130_fd_sc_hd__dfxtp_2)
                                              5.151721   data arrival time

                      0.150000   20.000000   20.000000   clock aclk (rise edge)
                                  0.000000   20.000000   clock network delay (ideal)
                                 -0.250000   19.750002   clock uncertainty
                                  0.000000   19.750002   clock reconvergence pessimism
                                             19.750002 ^ _2098_/CLK (sky130_fd_sc_hd__dfxtp_2)
                                 -0.085983   19.664019   library setup time
                                             19.664019   data required time
---------------------------------------------------------------------------------------------
                                             19.664019   data required time
                                             -5.151721   data arrival time
---------------------------------------------------------------------------------------------
                                             14.512298   slack (MET)


Startpoint: m_axis_tready (input port clocked by aclk)
Endpoint: _2089_ (rising edge-triggered flip-flop clocked by aclk)
Path Group: aclk
Path Type: max

Fanout         Cap        Slew       Delay        Time   Description
---------------------------------------------------------------------------------------------
                      0.150000    0.000000    0.000000   clock aclk (rise edge)
                                  0.000000    0.000000   clock network delay (ideal)
                                  4.000000    4.000000 ^ input external delay
     7    0.017237    0.085089    0.056860    4.056860 ^ m_axis_tready (in)
                                                         m_axis_tready (net)
                      0.085089    0.000000    4.056860 ^ _1073_/B (sky130_fd_sc_hd__and2_2)
    42    0.112494    0.566187    0.523946    4.580806 ^ _1073_/X (sky130_fd_sc_hd__and2_2)
                                                         _0219_ (net)
                      0.566187    0.000000    4.580806 ^ _1075_/A3 (sky130_fd_sc_hd__a31o_2)
     1    0.001535    0.043201    0.222470    4.803276 ^ _1075_/X (sky130_fd_sc_hd__a31o_2)
                                                         _0221_ (net)
                      0.043201    0.000000    4.803276 ^ _1078_/B (sky130_fd_sc_hd__and3_2)
     1    0.001674    0.046889    0.152147    4.955423 ^ _1078_/X (sky130_fd_sc_hd__and3_2)
                                                         _0017_ (net)
                      0.046889    0.000000    4.955423 ^ _2089_/D (sky130_fd_sc_hd__dfxtp_2)
                                              4.955423   data arrival time

                      0.150000   20.000000   20.000000   clock aclk (rise edge)
                                  0.000000   20.000000   clock network delay (ideal)
                                 -0.250000   19.750002   clock uncertainty
                                  0.000000   19.750002   clock reconvergence pessimism
                                             19.750002 ^ _2089_/CLK (sky130_fd_sc_hd__dfxtp_2)
                                 -0.043771   19.706230   library setup time
                                             19.706230   data required time
---------------------------------------------------------------------------------------------
                                             19.706230   data required time
                                             -4.955423   data arrival time
---------------------------------------------------------------------------------------------
                                             14.750807   slack (MET)


Startpoint: m_axis_tready (input port clocked by aclk)
Endpoint: _2093_ (rising edge-triggered flip-flop clocked by aclk)
Path Group: aclk
Path Type: max

Fanout         Cap        Slew       Delay        Time   Description
---------------------------------------------------------------------------------------------
                      0.150000    0.000000    0.000000   clock aclk (rise edge)
                                  0.000000    0.000000   clock network delay (ideal)
                                  4.000000    4.000000 ^ input external delay
     7    0.017237    0.085089    0.056860    4.056860 ^ m_axis_tready (in)
                                                         m_axis_tready (net)
                      0.085089    0.000000    4.056860 ^ _1073_/B (sky130_fd_sc_hd__and2_2)
    42    0.112494    0.566187    0.523946    4.580806 ^ _1073_/X (sky130_fd_sc_hd__and2_2)
                                                         _0219_ (net)
                      0.566187    0.000000    4.580806 ^ _1144_/B (sky130_fd_sc_hd__or2_2)
     1    0.002423    0.041860    0.201963    4.782769 ^ _1144_/X (sky130_fd_sc_hd__or2_2)
                                                         _0286_ (net)
                      0.041860    0.000000    4.782769 ^ _1145_/B1 (sky130_fd_sc_hd__o211a_2)
     1    0.001674    0.043035    0.152315    4.935085 ^ _1145_/X (sky130_fd_sc_hd__o211a_2)
                                                         _0021_ (net)
                      0.043035    0.000000    4.935085 ^ _2093_/D (sky130_fd_sc_hd__dfxtp_2)
                                              4.935085   data arrival time

                      0.150000   20.000000   20.000000   clock aclk (rise edge)
                                  0.000000   20.000000   clock network delay (ideal)
                                 -0.250000   19.750002   clock uncertainty
                                  0.000000   19.750002   clock reconvergence pessimism
                                             19.750002 ^ _2093_/CLK (sky130_fd_sc_hd__dfxtp_2)
                                 -0.042887   19.707115   library setup time
                                             19.707115   data required time
---------------------------------------------------------------------------------------------
                                             19.707115   data required time
                                             -4.935085   data arrival time
---------------------------------------------------------------------------------------------
                                             14.772029   slack (MET)


Startpoint: m_axis_tready (input port clocked by aclk)
Endpoint: _2095_ (rising edge-triggered flip-flop clocked by aclk)
Path Group: aclk
Path Type: max

Fanout         Cap        Slew       Delay        Time   Description
---------------------------------------------------------------------------------------------
                      0.150000    0.000000    0.000000   clock aclk (rise edge)
                                  0.000000    0.000000   clock network delay (ideal)
                                  4.000000    4.000000 ^ input external delay
     7    0.017237    0.085089    0.056860    4.056860 ^ m_axis_tready (in)
                                                         m_axis_tready (net)
                      0.085089    0.000000    4.056860 ^ _1073_/B (sky130_fd_sc_hd__and2_2)
    42    0.112494    0.566187    0.523946    4.580806 ^ _1073_/X (sky130_fd_sc_hd__and2_2)
                                                         _0219_ (net)
                      0.566187    0.000000    4.580806 ^ _1210_/B (sky130_fd_sc_hd__or2_2)
     1    0.002423    0.041860    0.201963    4.782769 ^ _1210_/X (sky130_fd_sc_hd__or2_2)
                                                         _0350_ (net)
                      0.041860    0.000000    4.782769 ^ _1211_/B1 (sky130_fd_sc_hd__o211a_2)
     1    0.001674    0.043035    0.152315    4.935085 ^ _1211_/X (sky130_fd_sc_hd__o211a_2)
                                                         _0023_ (net)
                      0.043035    0.000000    4.935085 ^ _2095_/D (sky130_fd_sc_hd__dfxtp_2)
                                              4.935085   data arrival time

                      0.150000   20.000000   20.000000   clock aclk (rise edge)
                                  0.000000   20.000000   clock network delay (ideal)
                                 -0.250000   19.750002   clock uncertainty
                                  0.000000   19.750002   clock reconvergence pessimism
                                             19.750002 ^ _2095_/CLK (sky130_fd_sc_hd__dfxtp_2)
                                 -0.042887   19.707115   library setup time
                                             19.707115   data required time
---------------------------------------------------------------------------------------------
                                             19.707115   data required time
                                             -4.935085   data arrival time
---------------------------------------------------------------------------------------------
                                             14.772029   slack (MET)


Startpoint: m_axis_tready (input port clocked by aclk)
Endpoint: _2096_ (rising edge-triggered flip-flop clocked by aclk)
Path Group: aclk
Path Type: max

Fanout         Cap        Slew       Delay        Time   Description
---------------------------------------------------------------------------------------------
                      0.150000    0.000000    0.000000   clock aclk (rise edge)
                                  0.000000    0.000000   clock network delay (ideal)
                                  4.000000    4.000000 ^ input external delay
     7    0.017237    0.085089    0.056860    4.056860 ^ m_axis_tready (in)
                                                         m_axis_tready (net)
                      0.085089    0.000000    4.056860 ^ _1073_/B (sky130_fd_sc_hd__and2_2)
    42    0.112494    0.566187    0.523946    4.580806 ^ _1073_/X (sky130_fd_sc_hd__and2_2)
                                                         _0219_ (net)
                      0.566187    0.000000    4.580806 ^ _1250_/B (sky130_fd_sc_hd__or2_2)
     1    0.002423    0.041860    0.201963    4.782769 ^ _1250_/X (sky130_fd_sc_hd__or2_2)
                                                         _0389_ (net)
                      0.041860    0.000000    4.782769 ^ _1251_/B1 (sky130_fd_sc_hd__o211a_2)
     1    0.001674    0.043035    0.152315    4.935085 ^ _1251_/X (sky130_fd_sc_hd__o211a_2)
                                                         _0024_ (net)
                      0.043035    0.000000    4.935085 ^ _2096_/D (sky130_fd_sc_hd__dfxtp_2)
                                              4.935085   data arrival time

                      0.150000   20.000000   20.000000   clock aclk (rise edge)
                                  0.000000   20.000000   clock network delay (ideal)
                                 -0.250000   19.750002   clock uncertainty
                                  0.000000   19.750002   clock reconvergence pessimism
                                             19.750002 ^ _2096_/CLK (sky130_fd_sc_hd__dfxtp_2)
                                 -0.042887   19.707115   library setup time
                                             19.707115   data required time
---------------------------------------------------------------------------------------------
                                             19.707115   data required time
                                             -4.935085   data arrival time
---------------------------------------------------------------------------------------------
                                             14.772029   slack (MET)


Startpoint: m_axis_tready (input port clocked by aclk)
Endpoint: _2091_ (rising edge-triggered flip-flop clocked by aclk)
Path Group: aclk
Path Type: max

Fanout         Cap        Slew       Delay        Time   Description
---------------------------------------------------------------------------------------------
                      0.150000    0.000000    0.000000   clock aclk (rise edge)
                                  0.000000    0.000000   clock network delay (ideal)
                                  4.000000    4.000000 ^ input external delay
     7    0.017237    0.085089    0.056860    4.056860 ^ m_axis_tready (in)
                                                         m_axis_tready (net)
                      0.085089    0.000000    4.056860 ^ _1073_/B (sky130_fd_sc_hd__and2_2)
    42    0.112494    0.566187    0.523946    4.580806 ^ _1073_/X (sky130_fd_sc_hd__and2_2)
                                                         _0219_ (net)
                      0.566187    0.000000    4.580806 ^ _1100_/B1 (sky130_fd_sc_hd__o21ai_2)
     1    0.002260    0.091893    0.092836    4.673642 v _1100_/Y (sky130_fd_sc_hd__o21ai_2)
                                                         _0244_ (net)
                      0.091893    0.000000    4.673642 v _1101_/B1 (sky130_fd_sc_hd__o211a_2)
     1    0.001681    0.037457    0.144204    4.817846 v _1101_/X (sky130_fd_sc_hd__o211a_2)
                                                         _0019_ (net)
                      0.037457    0.000000    4.817846 v _2091_/D (sky130_fd_sc_hd__dfxtp_2)
                                              4.817846   data arrival time

                      0.150000   20.000000   20.000000   clock aclk (rise edge)
                                  0.000000   20.000000   clock network delay (ideal)
                                 -0.250000   19.750002   clock uncertainty
                                  0.000000   19.750002   clock reconvergence pessimism
                                             19.750002 ^ _2091_/CLK (sky130_fd_sc_hd__dfxtp_2)
                                 -0.085078   19.664923   library setup time
                                             19.664923   data required time
---------------------------------------------------------------------------------------------
                                             19.664923   data required time
                                             -4.817846   data arrival time
---------------------------------------------------------------------------------------------
                                             14.847076   slack (MET)


Startpoint: m_axis_tready (input port clocked by aclk)
Endpoint: _2092_ (rising edge-triggered flip-flop clocked by aclk)
Path Group: aclk
Path Type: max

Fanout         Cap        Slew       Delay        Time   Description
---------------------------------------------------------------------------------------------
                      0.150000    0.000000    0.000000   clock aclk (rise edge)
                                  0.000000    0.000000   clock network delay (ideal)
                                  4.000000    4.000000 ^ input external delay
     7    0.017237    0.085089    0.056860    4.056860 ^ m_axis_tready (in)
                                                         m_axis_tready (net)
                      0.085089    0.000000    4.056860 ^ _1073_/B (sky130_fd_sc_hd__and2_2)
    42    0.112494    0.566187    0.523946    4.580806 ^ _1073_/X (sky130_fd_sc_hd__and2_2)
                                                         _0219_ (net)
                      0.566187    0.000000    4.580806 ^ _1119_/B1 (sky130_fd_sc_hd__o21ai_2)
     1    0.002260    0.091893    0.092836    4.673642 v _1119_/Y (sky130_fd_sc_hd__o21ai_2)
                                                         _0262_ (net)
                      0.091893    0.000000    4.673642 v _1120_/B1 (sky130_fd_sc_hd__o211a_2)
     1    0.001681    0.037457    0.144204    4.817846 v _1120_/X (sky130_fd_sc_hd__o211a_2)
                                                         _0020_ (net)
                      0.037457    0.000000    4.817846 v _2092_/D (sky130_fd_sc_hd__dfxtp_2)
                                              4.817846   data arrival time

                      0.150000   20.000000   20.000000   clock aclk (rise edge)
                                  0.000000   20.000000   clock network delay (ideal)
                                 -0.250000   19.750002   clock uncertainty
                                  0.000000   19.750002   clock reconvergence pessimism
                                             19.750002 ^ _2092_/CLK (sky130_fd_sc_hd__dfxtp_2)
                                 -0.085078   19.664923   library setup time
                                             19.664923   data required time
---------------------------------------------------------------------------------------------
                                             19.664923   data required time
                                             -4.817846   data arrival time
---------------------------------------------------------------------------------------------
                                             14.847076   slack (MET)


Startpoint: m_axis_tready (input port clocked by aclk)
Endpoint: _2094_ (rising edge-triggered flip-flop clocked by aclk)
Path Group: aclk
Path Type: max

Fanout         Cap        Slew       Delay        Time   Description
---------------------------------------------------------------------------------------------
                      0.150000    0.000000    0.000000   clock aclk (rise edge)
                                  0.000000    0.000000   clock network delay (ideal)
                                  4.000000    4.000000 ^ input external delay
     7    0.017237    0.085089    0.056860    4.056860 ^ m_axis_tready (in)
                                                         m_axis_tready (net)
                      0.085089    0.000000    4.056860 ^ _1073_/B (sky130_fd_sc_hd__and2_2)
    42    0.112494    0.566187    0.523946    4.580806 ^ _1073_/X (sky130_fd_sc_hd__and2_2)
                                                         _0219_ (net)
                      0.566187    0.000000    4.580806 ^ _1175_/B1 (sky130_fd_sc_hd__o21ai_2)
     1    0.002260    0.091893    0.092836    4.673642 v _1175_/Y (sky130_fd_sc_hd__o21ai_2)
                                                         _0316_ (net)
                      0.091893    0.000000    4.673642 v _1176_/B1 (sky130_fd_sc_hd__o211a_2)
     1    0.001681    0.037472    0.144204    4.817846 v _1176_/X (sky130_fd_sc_hd__o211a_2)
                                                         _0022_ (net)
                      0.037472    0.000000    4.817846 v _2094_/D (sky130_fd_sc_hd__dfxtp_2)
                                              4.817846   data arrival time

                      0.150000   20.000000   20.000000   clock aclk (rise edge)
                                  0.000000   20.000000   clock network delay (ideal)
                                 -0.250000   19.750002   clock uncertainty
                                  0.000000   19.750002   clock reconvergence pessimism
                                             19.750002 ^ _2094_/CLK (sky130_fd_sc_hd__dfxtp_2)
                                 -0.085084   19.664917   library setup time
                                             19.664917   data required time
---------------------------------------------------------------------------------------------
                                             19.664917   data required time
                                             -4.817846   data arrival time
---------------------------------------------------------------------------------------------
                                             14.847072   slack (MET)


Startpoint: _2088_ (rising edge-triggered flip-flop clocked by aclk)
Endpoint: _2097_ (rising edge-triggered flip-flop clocked by aclk)
Path Group: aclk
Path Type: max

Fanout         Cap        Slew       Delay        Time   Description
---------------------------------------------------------------------------------------------
                      0.150000    0.000000    0.000000   clock aclk (rise edge)
                                  0.000000    0.000000   clock network delay (ideal)
                      0.150000    0.000000    0.000000 ^ _2088_/CLK (sky130_fd_sc_hd__dfxtp_2)
    54    0.154152    0.767290    0.863912    0.863912 ^ _2088_/Q (sky130_fd_sc_hd__dfxtp_2)
                                                         internal_rssi[7] (net)
                      0.767290    0.000000    0.863912 ^ _1270_/A (sky130_fd_sc_hd__nand2_2)
    63    0.215341    0.855999    0.868943    1.732856 v _1270_/Y (sky130_fd_sc_hd__nand2_2)
                                                         _0408_ (net)
                      0.855999    0.000000    1.732856 v _1274_/A (sky130_fd_sc_hd__or3_2)
     2    0.006531    0.094881    0.742703    2.475559 v _1274_/X (sky130_fd_sc_hd__or3_2)
                                                         _0412_ (net)
                      0.094881    0.000000    2.475559 v _1278_/A1 (sky130_fd_sc_hd__a21o_2)
     3    0.008752    0.049715    0.221616    2.697175 v _1278_/X (sky130_fd_sc_hd__a21o_2)
                                                         _0416_ (net)
                      0.049715    0.000000    2.697175 v _1280_/A2 (sky130_fd_sc_hd__a21o_2)
     2    0.006544    0.044341    0.218894    2.916068 v _1280_/X (sky130_fd_sc_hd__a21o_2)
                                                         _0418_ (net)
                      0.044341    0.000000    2.916068 v _1283_/A2 (sky130_fd_sc_hd__a21o_2)
     2    0.006488    0.044192    0.216467    3.132535 v _1283_/X (sky130_fd_sc_hd__a21o_2)
                                                         _0421_ (net)
                      0.044192    0.000000    3.132535 v _1285_/A2 (sky130_fd_sc_hd__a21o_2)
     2    0.006502    0.044267    0.216451    3.348987 v _1285_/X (sky130_fd_sc_hd__a21o_2)
                                                         _0423_ (net)
                      0.044267    0.000000    3.348987 v _1286_/C1 (sky130_fd_sc_hd__o211a_2)
     4    0.012623    0.065973    0.139125    3.488111 v _1286_/X (sky130_fd_sc_hd__o211a_2)
                                                         _0424_ (net)
                      0.065973    0.000000    3.488111 v _1288_/B (sky130_fd_sc_hd__nor3_2)
     3    0.011762    0.250428    0.246907    3.735018 ^ _1288_/Y (sky130_fd_sc_hd__nor3_2)
                                                         _0426_ (net)
                      0.250428    0.000000    3.735018 ^ _1290_/A (sky130_fd_sc_hd__nor2_2)
     2    0.012292    0.075916    0.100214    3.835231 v _1290_/Y (sky130_fd_sc_hd__nor2_2)
                                                         _0428_ (net)
                      0.075916    0.000000    3.835231 v _1292_/B (sky130_fd_sc_hd__xnor2_2)
     2    0.009901    0.071587    0.156854    3.992085 v _1292_/Y (sky130_fd_sc_hd__xnor2_2)
                                                         _0430_ (net)
                      0.071587    0.000000    3.992085 v _1295_/A (sky130_fd_sc_hd__xor2_2)
     3    0.007022    0.099050    0.185643    4.177728 v _1295_/X (sky130_fd_sc_hd__xor2_2)
                                                         _0433_ (net)
                      0.099050    0.000000    4.177728 v _1296_/B (sky130_fd_sc_hd__or2_2)
     3    0.009136    0.074547    0.316860    4.494588 v _1296_/X (sky130_fd_sc_hd__or2_2)
                                                         _0434_ (net)
                      0.074547    0.000000    4.494588 v _1298_/A1 (sky130_fd_sc_hd__a21o_2)
     1    0.002260    0.032486    0.189713    4.684300 v _1298_/X (sky130_fd_sc_hd__a21o_2)
                                                         _0436_ (net)
                      0.032486    0.000000    4.684300 v _1299_/B1 (sky130_fd_sc_hd__o211a_2)
     1    0.001681    0.037457    0.117083    4.801384 v _1299_/X (sky130_fd_sc_hd__o211a_2)
                                                         _0025_ (net)
                      0.037457    0.000000    4.801384 v _2097_/D (sky130_fd_sc_hd__dfxtp_2)
                                              4.801384   data arrival time

                      0.150000   20.000000   20.000000   clock aclk (rise edge)
                                  0.000000   20.000000   clock network delay (ideal)
                                 -0.250000   19.750002   clock uncertainty
                                  0.000000   19.750002   clock reconvergence pessimism
                                             19.750002 ^ _2097_/CLK (sky130_fd_sc_hd__dfxtp_2)
                                 -0.085078   19.664923   library setup time
                                             19.664923   data required time
---------------------------------------------------------------------------------------------
                                             19.664923   data required time
                                             -4.801384   data arrival time
---------------------------------------------------------------------------------------------
                                             14.863539   slack (MET)


Startpoint: m_axis_tready (input port clocked by aclk)
Endpoint: _2090_ (rising edge-triggered flip-flop clocked by aclk)
Path Group: aclk
Path Type: max

Fanout         Cap        Slew       Delay        Time   Description
---------------------------------------------------------------------------------------------
                      0.150000    0.000000    0.000000   clock aclk (rise edge)
                                  0.000000    0.000000   clock network delay (ideal)
                                  4.000000    4.000000 ^ input external delay
     7    0.017237    0.085089    0.056860    4.056860 ^ m_axis_tready (in)
                                                         m_axis_tready (net)
                      0.085089    0.000000    4.056860 ^ _1073_/B (sky130_fd_sc_hd__and2_2)
    42    0.112494    0.566187    0.523946    4.580806 ^ _1073_/X (sky130_fd_sc_hd__and2_2)
                                                         _0219_ (net)
                      0.566187    0.000000    4.580806 ^ _1086_/A2 (sky130_fd_sc_hd__o211a_2)
     1    0.001674    0.043035    0.236848    4.817654 ^ _1086_/X (sky130_fd_sc_hd__o211a_2)
                                                         _0018_ (net)
                      0.043035    0.000000    4.817654 ^ _2090_/D (sky130_fd_sc_hd__dfxtp_2)
                                              4.817654   data arrival time

                      0.150000   20.000000   20.000000   clock aclk (rise edge)
                                  0.000000   20.000000   clock network delay (ideal)
                                 -0.250000   19.750002   clock uncertainty
                                  0.000000   19.750002   clock reconvergence pessimism
                                             19.750002 ^ _2090_/CLK (sky130_fd_sc_hd__dfxtp_2)
                                 -0.042887   19.707115   library setup time
                                             19.707115   data required time
---------------------------------------------------------------------------------------------
                                             19.707115   data required time
                                             -4.817654   data arrival time
---------------------------------------------------------------------------------------------
                                             14.889461   slack (MET)


Startpoint: m_axis_tready (input port clocked by aclk)
Endpoint: _2121_ (rising edge-triggered flip-flop clocked by aclk)
Path Group: aclk
Path Type: max

Fanout         Cap        Slew       Delay        Time   Description
---------------------------------------------------------------------------------------------
                      0.150000    0.000000    0.000000   clock aclk (rise edge)
                                  0.000000    0.000000   clock network delay (ideal)
                                  4.000000    4.000000 ^ input external delay
     7    0.017237    0.085089    0.056860    4.056860 ^ m_axis_tready (in)
                                                         m_axis_tready (net)
                      0.085089    0.000000    4.056860 ^ _1073_/B (sky130_fd_sc_hd__and2_2)
    42    0.112494    0.566187    0.523946    4.580806 ^ _1073_/X (sky130_fd_sc_hd__and2_2)
                                                         _0219_ (net)
                      0.566187    0.000000    4.580806 ^ _2071_/A1 (sky130_fd_sc_hd__o21a_2)
     1    0.001674    0.035798    0.214632    4.795438 ^ _2071_/X (sky130_fd_sc_hd__o21a_2)
                                                         _0049_ (net)
                      0.035798    0.000000    4.795438 ^ _2121_/D (sky130_fd_sc_hd__dfxtp_2)
                                              4.795438   data arrival time

                      0.150000   20.000000   20.000000   clock aclk (rise edge)
                                  0.000000   20.000000   clock network delay (ideal)
                                 -0.250000   19.750002   clock uncertainty
                                  0.000000   19.750002   clock reconvergence pessimism
                                             19.750002 ^ _2121_/CLK (sky130_fd_sc_hd__dfxtp_2)
                                 -0.041227   19.708775   library setup time
                                             19.708775   data required time
---------------------------------------------------------------------------------------------
                                             19.708775   data required time
                                             -4.795438   data arrival time
---------------------------------------------------------------------------------------------
                                             14.913337   slack (MET)


Startpoint: m_axis_tready (input port clocked by aclk)
Endpoint: _2073_ (rising edge-triggered flip-flop clocked by aclk)
Path Group: aclk
Path Type: max

Fanout         Cap        Slew       Delay        Time   Description
---------------------------------------------------------------------------------------------
                      0.150000    0.000000    0.000000   clock aclk (rise edge)
                                  0.000000    0.000000   clock network delay (ideal)
                                  4.000000    4.000000 v input external delay
     7    0.015969    0.037720    0.025720    4.025720 v m_axis_tready (in)
                                                         m_axis_tready (net)
                      0.037720    0.000000    4.025720 v _1037_/A (sky130_fd_sc_hd__and2_2)
    16    0.022041    0.079443    0.211392    4.237112 v _1037_/X (sky130_fd_sc_hd__and2_2)
                                                         _0200_ (net)
                      0.079443    0.000000    4.237112 v _1041_/B (sky130_fd_sc_hd__or2_2)
     1    0.002260    0.053246    0.275571    4.512682 v _1041_/X (sky130_fd_sc_hd__or2_2)
                                                         _0203_ (net)
                      0.053246    0.000000    4.512682 v _1042_/B1 (sky130_fd_sc_hd__o211a_2)
     1    0.001681    0.037362    0.126319    4.639002 v _1042_/X (sky130_fd_sc_hd__o211a_2)
                                                         _0001_ (net)
                      0.037362    0.000000    4.639002 v _2073_/D (sky130_fd_sc_hd__dfxtp_2)
                                              4.639002   data arrival time

                      0.150000   20.000000   20.000000   clock aclk (rise edge)
                                  0.000000   20.000000   clock network delay (ideal)
                                 -0.250000   19.750002   clock uncertainty
                                  0.000000   19.750002   clock reconvergence pessimism
                                             19.750002 ^ _2073_/CLK (sky130_fd_sc_hd__dfxtp_2)
                                 -0.085037   19.664965   library setup time
                                             19.664965   data required time
---------------------------------------------------------------------------------------------
                                             19.664965   data required time
                                             -4.639002   data arrival time
---------------------------------------------------------------------------------------------
                                             15.025963   slack (MET)


Startpoint: m_axis_tready (input port clocked by aclk)
Endpoint: _2088_ (rising edge-triggered flip-flop clocked by aclk)
Path Group: aclk
Path Type: max

Fanout         Cap        Slew       Delay        Time   Description
---------------------------------------------------------------------------------------------
                      0.150000    0.000000    0.000000   clock aclk (rise edge)
                                  0.000000    0.000000   clock network delay (ideal)
                                  4.000000    4.000000 v input external delay
     7    0.015969    0.037720    0.025720    4.025720 v m_axis_tready (in)
                                                         m_axis_tready (net)
                      0.037720    0.000000    4.025720 v _1037_/A (sky130_fd_sc_hd__and2_2)
    16    0.022041    0.079443    0.211392    4.237112 v _1037_/X (sky130_fd_sc_hd__and2_2)
                                                         _0200_ (net)
                      0.079443    0.000000    4.237112 v _1071_/B (sky130_fd_sc_hd__or2_2)
     1    0.002260    0.052816    0.275571    4.512682 v _1071_/X (sky130_fd_sc_hd__or2_2)
                                                         _0218_ (net)
                      0.052816    0.000000    4.512682 v _1072_/B1 (sky130_fd_sc_hd__o211a_2)
     1    0.001681    0.037362    0.126126    4.638808 v _1072_/X (sky130_fd_sc_hd__o211a_2)
                                                         _0016_ (net)
                      0.037362    0.000000    4.638808 v _2088_/D (sky130_fd_sc_hd__dfxtp_2)
                                              4.638808   data arrival time

                      0.150000   20.000000   20.000000   clock aclk (rise edge)
                                  0.000000   20.000000   clock network delay (ideal)
                                 -0.250000   19.750002   clock uncertainty
                                  0.000000   19.750002   clock reconvergence pessimism
                                             19.750002 ^ _2088_/CLK (sky130_fd_sc_hd__dfxtp_2)
                                 -0.085037   19.664965   library setup time
                                             19.664965   data required time
---------------------------------------------------------------------------------------------
                                             19.664965   data required time
                                             -4.638808   data arrival time
---------------------------------------------------------------------------------------------
                                             15.026156   slack (MET)


Startpoint: m_axis_tready (input port clocked by aclk)
Endpoint: _2074_ (rising edge-triggered flip-flop clocked by aclk)
Path Group: aclk
Path Type: max

Fanout         Cap        Slew       Delay        Time   Description
---------------------------------------------------------------------------------------------
                      0.150000    0.000000    0.000000   clock aclk (rise edge)
                                  0.000000    0.000000   clock network delay (ideal)
                                  4.000000    4.000000 v input external delay
     7    0.015969    0.037720    0.025720    4.025720 v m_axis_tready (in)
                                                         m_axis_tready (net)
                      0.037720    0.000000    4.025720 v _1037_/A (sky130_fd_sc_hd__and2_2)
    16    0.022041    0.079443    0.211392    4.237112 v _1037_/X (sky130_fd_sc_hd__and2_2)
                                                         _0200_ (net)
                      0.079443    0.000000    4.237112 v _1043_/B (sky130_fd_sc_hd__or2_2)
     1    0.002260    0.052540    0.275571    4.512682 v _1043_/X (sky130_fd_sc_hd__or2_2)
                                                         _0204_ (net)
                      0.052540    0.000000    4.512682 v _1044_/B1 (sky130_fd_sc_hd__o211a_2)
     1    0.001681    0.037362    0.126003    4.638686 v _1044_/X (sky130_fd_sc_hd__o211a_2)
                                                         _0002_ (net)
                      0.037362    0.000000    4.638686 v _2074_/D (sky130_fd_sc_hd__dfxtp_2)
                                              4.638686   data arrival time

                      0.150000   20.000000   20.000000   clock aclk (rise edge)
                                  0.000000   20.000000   clock network delay (ideal)
                                 -0.250000   19.750002   clock uncertainty
                                  0.000000   19.750002   clock reconvergence pessimism
                                             19.750002 ^ _2074_/CLK (sky130_fd_sc_hd__dfxtp_2)
                                 -0.085037   19.664965   library setup time
                                             19.664965   data required time
---------------------------------------------------------------------------------------------
                                             19.664965   data required time
                                             -4.638686   data arrival time
---------------------------------------------------------------------------------------------
                                             15.026279   slack (MET)


Startpoint: m_axis_tready (input port clocked by aclk)
Endpoint: _2076_ (rising edge-triggered flip-flop clocked by aclk)
Path Group: aclk
Path Type: max

Fanout         Cap        Slew       Delay        Time   Description
---------------------------------------------------------------------------------------------
                      0.150000    0.000000    0.000000   clock aclk (rise edge)
                                  0.000000    0.000000   clock network delay (ideal)
                                  4.000000    4.000000 v input external delay
     7    0.015969    0.037720    0.025720    4.025720 v m_axis_tready (in)
                                                         m_axis_tready (net)
                      0.037720    0.000000    4.025720 v _1037_/A (sky130_fd_sc_hd__and2_2)
    16    0.022041    0.079443    0.211392    4.237112 v _1037_/X (sky130_fd_sc_hd__and2_2)
                                                         _0200_ (net)
                      0.079443    0.000000    4.237112 v _1047_/B (sky130_fd_sc_hd__or2_2)
     1    0.002260    0.052497    0.275571    4.512682 v _1047_/X (sky130_fd_sc_hd__or2_2)
                                                         _0206_ (net)
                      0.052497    0.000000    4.512682 v _1048_/B1 (sky130_fd_sc_hd__o211a_2)
     1    0.001681    0.037362    0.125984    4.638667 v _1048_/X (sky130_fd_sc_hd__o211a_2)
                                                         _0004_ (net)
                      0.037362    0.000000    4.638667 v _2076_/D (sky130_fd_sc_hd__dfxtp_2)
                                              4.638667   data arrival time

                      0.150000   20.000000   20.000000   clock aclk (rise edge)
                                  0.000000   20.000000   clock network delay (ideal)
                                 -0.250000   19.750002   clock uncertainty
                                  0.000000   19.750002   clock reconvergence pessimism
                                             19.750002 ^ _2076_/CLK (sky130_fd_sc_hd__dfxtp_2)
                                 -0.085037   19.664965   library setup time
                                             19.664965   data required time
---------------------------------------------------------------------------------------------
                                             19.664965   data required time
                                             -4.638667   data arrival time
---------------------------------------------------------------------------------------------
                                             15.026299   slack (MET)


Startpoint: m_axis_tready (input port clocked by aclk)
Endpoint: _2079_ (rising edge-triggered flip-flop clocked by aclk)
Path Group: aclk
Path Type: max

Fanout         Cap        Slew       Delay        Time   Description
---------------------------------------------------------------------------------------------
                      0.150000    0.000000    0.000000   clock aclk (rise edge)
                                  0.000000    0.000000   clock network delay (ideal)
                                  4.000000    4.000000 v input external delay
     7    0.015969    0.037720    0.025720    4.025720 v m_axis_tready (in)
                                                         m_axis_tready (net)
                      0.037720    0.000000    4.025720 v _1037_/A (sky130_fd_sc_hd__and2_2)
    16    0.022041    0.079443    0.211392    4.237112 v _1037_/X (sky130_fd_sc_hd__and2_2)
                                                         _0200_ (net)
                      0.079443    0.000000    4.237112 v _1053_/B (sky130_fd_sc_hd__or2_2)
     1    0.002260    0.052519    0.275571    4.512682 v _1053_/X (sky130_fd_sc_hd__or2_2)
                                                         _0209_ (net)
                      0.052519    0.000000    4.512682 v _1054_/B1 (sky130_fd_sc_hd__o211a_2)
     1    0.001681    0.037362    0.125994    4.638676 v _1054_/X (sky130_fd_sc_hd__o211a_2)
                                                         _0007_ (net)
                      0.037362    0.000000    4.638676 v _2079_/D (sky130_fd_sc_hd__dfxtp_2)
                                              4.638676   data arrival time

                      0.150000   20.000000   20.000000   clock aclk (rise edge)
                                  0.000000   20.000000   clock network delay (ideal)
                                 -0.250000   19.750002   clock uncertainty
                                  0.000000   19.750002   clock reconvergence pessimism
                                             19.750002 ^ _2079_/CLK (sky130_fd_sc_hd__dfxtp_2)
                                 -0.085037   19.664965   library setup time
                                             19.664965   data required time
---------------------------------------------------------------------------------------------
                                             19.664965   data required time
                                             -4.638676   data arrival time
---------------------------------------------------------------------------------------------
                                             15.026288   slack (MET)


Startpoint: m_axis_tready (input port clocked by aclk)
Endpoint: _2085_ (rising edge-triggered flip-flop clocked by aclk)
Path Group: aclk
Path Type: max

Fanout         Cap        Slew       Delay        Time   Description
---------------------------------------------------------------------------------------------
                      0.150000    0.000000    0.000000   clock aclk (rise edge)
                                  0.000000    0.000000   clock network delay (ideal)
                                  4.000000    4.000000 v input external delay
     7    0.015969    0.037720    0.025720    4.025720 v m_axis_tready (in)
                                                         m_axis_tready (net)
                      0.037720    0.000000    4.025720 v _1037_/A (sky130_fd_sc_hd__and2_2)
    16    0.022041    0.079443    0.211392    4.237112 v _1037_/X (sky130_fd_sc_hd__and2_2)
                                                         _0200_ (net)
                      0.079443    0.000000    4.237112 v _1065_/B (sky130_fd_sc_hd__or2_2)
     1    0.002260    0.052551    0.275571    4.512682 v _1065_/X (sky130_fd_sc_hd__or2_2)
                                                         _0215_ (net)
                      0.052551    0.000000    4.512682 v _1066_/B1 (sky130_fd_sc_hd__o211a_2)
     1    0.001681    0.037362    0.126008    4.638690 v _1066_/X (sky130_fd_sc_hd__o211a_2)
                                                         _0013_ (net)
                      0.037362    0.000000    4.638690 v _2085_/D (sky130_fd_sc_hd__dfxtp_2)
                                              4.638690   data arrival time

                      0.150000   20.000000   20.000000   clock aclk (rise edge)
                                  0.000000   20.000000   clock network delay (ideal)
                                 -0.250000   19.750002   clock uncertainty
                                  0.000000   19.750002   clock reconvergence pessimism
                                             19.750002 ^ _2085_/CLK (sky130_fd_sc_hd__dfxtp_2)
                                 -0.085037   19.664965   library setup time
                                             19.664965   data required time
---------------------------------------------------------------------------------------------
                                             19.664965   data required time
                                             -4.638690   data arrival time
---------------------------------------------------------------------------------------------
                                             15.026274   slack (MET)


Startpoint: m_axis_tready (input port clocked by aclk)
Endpoint: _2084_ (rising edge-triggered flip-flop clocked by aclk)
Path Group: aclk
Path Type: max

Fanout         Cap        Slew       Delay        Time   Description
---------------------------------------------------------------------------------------------
                      0.150000    0.000000    0.000000   clock aclk (rise edge)
                                  0.000000    0.000000   clock network delay (ideal)
                                  4.000000    4.000000 v input external delay
     7    0.015969    0.037720    0.025720    4.025720 v m_axis_tready (in)
                                                         m_axis_tready (net)
                      0.037720    0.000000    4.025720 v _1037_/A (sky130_fd_sc_hd__and2_2)
    16    0.022041    0.079443    0.211392    4.237112 v _1037_/X (sky130_fd_sc_hd__and2_2)
                                                         _0200_ (net)
                      0.079443    0.000000    4.237112 v _1063_/B (sky130_fd_sc_hd__or2_2)
     1    0.002260    0.052514    0.275571    4.512682 v _1063_/X (sky130_fd_sc_hd__or2_2)
                                                         _0214_ (net)
                      0.052514    0.000000    4.512682 v _1064_/B1 (sky130_fd_sc_hd__o211a_2)
     1    0.001681    0.037362    0.125991    4.638674 v _1064_/X (sky130_fd_sc_hd__o211a_2)
                                                         _0012_ (net)
                      0.037362    0.000000    4.638674 v _2084_/D (sky130_fd_sc_hd__dfxtp_2)
                                              4.638674   data arrival time

                      0.150000   20.000000   20.000000   clock aclk (rise edge)
                                  0.000000   20.000000   clock network delay (ideal)
                                 -0.250000   19.750002   clock uncertainty
                                  0.000000   19.750002   clock reconvergence pessimism
                                             19.750002 ^ _2084_/CLK (sky130_fd_sc_hd__dfxtp_2)
                                 -0.085037   19.664965   library setup time
                                             19.664965   data required time
---------------------------------------------------------------------------------------------
                                             19.664965   data required time
                                             -4.638674   data arrival time
---------------------------------------------------------------------------------------------
                                             15.026292   slack (MET)


Startpoint: m_axis_tready (input port clocked by aclk)
Endpoint: _2077_ (rising edge-triggered flip-flop clocked by aclk)
Path Group: aclk
Path Type: max

Fanout         Cap        Slew       Delay        Time   Description
---------------------------------------------------------------------------------------------
                      0.150000    0.000000    0.000000   clock aclk (rise edge)
                                  0.000000    0.000000   clock network delay (ideal)
                                  4.000000    4.000000 v input external delay
     7    0.015969    0.037720    0.025720    4.025720 v m_axis_tready (in)
                                                         m_axis_tready (net)
                      0.037720    0.000000    4.025720 v _1037_/A (sky130_fd_sc_hd__and2_2)
    16    0.022041    0.079443    0.211392    4.237112 v _1037_/X (sky130_fd_sc_hd__and2_2)
                                                         _0200_ (net)
                      0.079443    0.000000    4.237112 v _1049_/B (sky130_fd_sc_hd__or2_2)
     1    0.002260    0.052476    0.275571    4.512682 v _1049_/X (sky130_fd_sc_hd__or2_2)
                                                         _0207_ (net)
                      0.052476    0.000000    4.512682 v _1050_/B1 (sky130_fd_sc_hd__o211a_2)
     1    0.001681    0.037362    0.125975    4.638657 v _1050_/X (sky130_fd_sc_hd__o211a_2)
                                                         _0005_ (net)
                      0.037362    0.000000    4.638657 v _2077_/D (sky130_fd_sc_hd__dfxtp_2)
                                              4.638657   data arrival time

                      0.150000   20.000000   20.000000   clock aclk (rise edge)
                                  0.000000   20.000000   clock network delay (ideal)
                                 -0.250000   19.750002   clock uncertainty
                                  0.000000   19.750002   clock reconvergence pessimism
                                             19.750002 ^ _2077_/CLK (sky130_fd_sc_hd__dfxtp_2)
                                 -0.085037   19.664965   library setup time
                                             19.664965   data required time
---------------------------------------------------------------------------------------------
                                             19.664965   data required time
                                             -4.638657   data arrival time
---------------------------------------------------------------------------------------------
                                             15.026308   slack (MET)


Startpoint: m_axis_tready (input port clocked by aclk)
Endpoint: _2078_ (rising edge-triggered flip-flop clocked by aclk)
Path Group: aclk
Path Type: max

Fanout         Cap        Slew       Delay        Time   Description
---------------------------------------------------------------------------------------------
                      0.150000    0.000000    0.000000   clock aclk (rise edge)
                                  0.000000    0.000000   clock network delay (ideal)
                                  4.000000    4.000000 v input external delay
     7    0.015969    0.037720    0.025720    4.025720 v m_axis_tready (in)
                                                         m_axis_tready (net)
                      0.037720    0.000000    4.025720 v _1037_/A (sky130_fd_sc_hd__and2_2)
    16    0.022041    0.079443    0.211392    4.237112 v _1037_/X (sky130_fd_sc_hd__and2_2)
                                                         _0200_ (net)
                      0.079443    0.000000    4.237112 v _1051_/B (sky130_fd_sc_hd__or2_2)
     1    0.002260    0.052500    0.275571    4.512682 v _1051_/X (sky130_fd_sc_hd__or2_2)
                                                         _0208_ (net)
                      0.052500    0.000000    4.512682 v _1052_/B1 (sky130_fd_sc_hd__o211a_2)
     1    0.001681    0.037362    0.125985    4.638668 v _1052_/X (sky130_fd_sc_hd__o211a_2)
                                                         _0006_ (net)
                      0.037362    0.000000    4.638668 v _2078_/D (sky130_fd_sc_hd__dfxtp_2)
                                              4.638668   data arrival time

                      0.150000   20.000000   20.000000   clock aclk (rise edge)
                                  0.000000   20.000000   clock network delay (ideal)
                                 -0.250000   19.750002   clock uncertainty
                                  0.000000   19.750002   clock reconvergence pessimism
                                             19.750002 ^ _2078_/CLK (sky130_fd_sc_hd__dfxtp_2)
                                 -0.085037   19.664965   library setup time
                                             19.664965   data required time
---------------------------------------------------------------------------------------------
                                             19.664965   data required time
                                             -4.638668   data arrival time
---------------------------------------------------------------------------------------------
                                             15.026297   slack (MET)


Startpoint: m_axis_tready (input port clocked by aclk)
Endpoint: _2081_ (rising edge-triggered flip-flop clocked by aclk)
Path Group: aclk
Path Type: max

Fanout         Cap        Slew       Delay        Time   Description
---------------------------------------------------------------------------------------------
                      0.150000    0.000000    0.000000   clock aclk (rise edge)
                                  0.000000    0.000000   clock network delay (ideal)
                                  4.000000    4.000000 v input external delay
     7    0.015969    0.037720    0.025720    4.025720 v m_axis_tready (in)
                                                         m_axis_tready (net)
                      0.037720    0.000000    4.025720 v _1037_/A (sky130_fd_sc_hd__and2_2)
    16    0.022041    0.079443    0.211392    4.237112 v _1037_/X (sky130_fd_sc_hd__and2_2)
                                                         _0200_ (net)
                      0.079443    0.000000    4.237112 v _1057_/B (sky130_fd_sc_hd__or2_2)
     1    0.002260    0.052465    0.275571    4.512682 v _1057_/X (sky130_fd_sc_hd__or2_2)
                                                         _0211_ (net)
                      0.052465    0.000000    4.512682 v _1058_/B1 (sky130_fd_sc_hd__o211a_2)
     1    0.001681    0.037362    0.125970    4.638652 v _1058_/X (sky130_fd_sc_hd__o211a_2)
                                                         _0009_ (net)
                      0.037362    0.000000    4.638652 v _2081_/D (sky130_fd_sc_hd__dfxtp_2)
                                              4.638652   data arrival time

                      0.150000   20.000000   20.000000   clock aclk (rise edge)
                                  0.000000   20.000000   clock network delay (ideal)
                                 -0.250000   19.750002   clock uncertainty
                                  0.000000   19.750002   clock reconvergence pessimism
                                             19.750002 ^ _2081_/CLK (sky130_fd_sc_hd__dfxtp_2)
                                 -0.085037   19.664965   library setup time
                                             19.664965   data required time
---------------------------------------------------------------------------------------------
                                             19.664965   data required time
                                             -4.638652   data arrival time
---------------------------------------------------------------------------------------------
                                             15.026313   slack (MET)


Startpoint: m_axis_tready (input port clocked by aclk)
Endpoint: _2082_ (rising edge-triggered flip-flop clocked by aclk)
Path Group: aclk
Path Type: max

Fanout         Cap        Slew       Delay        Time   Description
---------------------------------------------------------------------------------------------
                      0.150000    0.000000    0.000000   clock aclk (rise edge)
                                  0.000000    0.000000   clock network delay (ideal)
                                  4.000000    4.000000 v input external delay
     7    0.015969    0.037720    0.025720    4.025720 v m_axis_tready (in)
                                                         m_axis_tready (net)
                      0.037720    0.000000    4.025720 v _1037_/A (sky130_fd_sc_hd__and2_2)
    16    0.022041    0.079443    0.211392    4.237112 v _1037_/X (sky130_fd_sc_hd__and2_2)
                                                         _0200_ (net)
                      0.079443    0.000000    4.237112 v _1059_/B (sky130_fd_sc_hd__or2_2)
     1    0.002260    0.052483    0.275571    4.512682 v _1059_/X (sky130_fd_sc_hd__or2_2)
                                                         _0212_ (net)
                      0.052483    0.000000    4.512682 v _1060_/B1 (sky130_fd_sc_hd__o211a_2)
     1    0.001681    0.037362    0.125978    4.638660 v _1060_/X (sky130_fd_sc_hd__o211a_2)
                                                         _0010_ (net)
                      0.037362    0.000000    4.638660 v _2082_/D (sky130_fd_sc_hd__dfxtp_2)
                                              4.638660   data arrival time

                      0.150000   20.000000   20.000000   clock aclk (rise edge)
                                  0.000000   20.000000   clock network delay (ideal)
                                 -0.250000   19.750002   clock uncertainty
                                  0.000000   19.750002   clock reconvergence pessimism
                                             19.750002 ^ _2082_/CLK (sky130_fd_sc_hd__dfxtp_2)
                                 -0.085037   19.664965   library setup time
                                             19.664965   data required time
---------------------------------------------------------------------------------------------
                                             19.664965   data required time
                                             -4.638660   data arrival time
---------------------------------------------------------------------------------------------
                                             15.026306   slack (MET)


Startpoint: m_axis_tready (input port clocked by aclk)
Endpoint: _2083_ (rising edge-triggered flip-flop clocked by aclk)
Path Group: aclk
Path Type: max

Fanout         Cap        Slew       Delay        Time   Description
---------------------------------------------------------------------------------------------
                      0.150000    0.000000    0.000000   clock aclk (rise edge)
                                  0.000000    0.000000   clock network delay (ideal)
                                  4.000000    4.000000 v input external delay
     7    0.015969    0.037720    0.025720    4.025720 v m_axis_tready (in)
                                                         m_axis_tready (net)
                      0.037720    0.000000    4.025720 v _1037_/A (sky130_fd_sc_hd__and2_2)
    16    0.022041    0.079443    0.211392    4.237112 v _1037_/X (sky130_fd_sc_hd__and2_2)
                                                         _0200_ (net)
                      0.079443    0.000000    4.237112 v _1061_/B (sky130_fd_sc_hd__or2_2)
     1    0.002260    0.052490    0.275571    4.512682 v _1061_/X (sky130_fd_sc_hd__or2_2)
                                                         _0213_ (net)
                      0.052490    0.000000    4.512682 v _1062_/B1 (sky130_fd_sc_hd__o211a_2)
     1    0.001681    0.037362    0.125981    4.638663 v _1062_/X (sky130_fd_sc_hd__o211a_2)
                                                         _0011_ (net)
                      0.037362    0.000000    4.638663 v _2083_/D (sky130_fd_sc_hd__dfxtp_2)
                                              4.638663   data arrival time

                      0.150000   20.000000   20.000000   clock aclk (rise edge)
                                  0.000000   20.000000   clock network delay (ideal)
                                 -0.250000   19.750002   clock uncertainty
                                  0.000000   19.750002   clock reconvergence pessimism
                                             19.750002 ^ _2083_/CLK (sky130_fd_sc_hd__dfxtp_2)
                                 -0.085037   19.664965   library setup time
                                             19.664965   data required time
---------------------------------------------------------------------------------------------
                                             19.664965   data required time
                                             -4.638663   data arrival time
---------------------------------------------------------------------------------------------
                                             15.026302   slack (MET)


Startpoint: m_axis_tready (input port clocked by aclk)
Endpoint: _2086_ (rising edge-triggered flip-flop clocked by aclk)
Path Group: aclk
Path Type: max

Fanout         Cap        Slew       Delay        Time   Description
---------------------------------------------------------------------------------------------
                      0.150000    0.000000    0.000000   clock aclk (rise edge)
                                  0.000000    0.000000   clock network delay (ideal)
                                  4.000000    4.000000 v input external delay
     7    0.015969    0.037720    0.025720    4.025720 v m_axis_tready (in)
                                                         m_axis_tready (net)
                      0.037720    0.000000    4.025720 v _1037_/A (sky130_fd_sc_hd__and2_2)
    16    0.022041    0.079443    0.211392    4.237112 v _1037_/X (sky130_fd_sc_hd__and2_2)
                                                         _0200_ (net)
                      0.079443    0.000000    4.237112 v _1067_/B (sky130_fd_sc_hd__or2_2)
     1    0.002260    0.052490    0.275571    4.512682 v _1067_/X (sky130_fd_sc_hd__or2_2)
                                                         _0216_ (net)
                      0.052490    0.000000    4.512682 v _1068_/B1 (sky130_fd_sc_hd__o211a_2)
     1    0.001681    0.037362    0.125981    4.638663 v _1068_/X (sky130_fd_sc_hd__o211a_2)
                                                         _0014_ (net)
                      0.037362    0.000000    4.638663 v _2086_/D (sky130_fd_sc_hd__dfxtp_2)
                                              4.638663   data arrival time

                      0.150000   20.000000   20.000000   clock aclk (rise edge)
                                  0.000000   20.000000   clock network delay (ideal)
                                 -0.250000   19.750002   clock uncertainty
                                  0.000000   19.750002   clock reconvergence pessimism
                                             19.750002 ^ _2086_/CLK (sky130_fd_sc_hd__dfxtp_2)
                                 -0.085037   19.664965   library setup time
                                             19.664965   data required time
---------------------------------------------------------------------------------------------
                                             19.664965   data required time
                                             -4.638663   data arrival time
---------------------------------------------------------------------------------------------
                                             15.026302   slack (MET)


Startpoint: m_axis_tready (input port clocked by aclk)
Endpoint: _2087_ (rising edge-triggered flip-flop clocked by aclk)
Path Group: aclk
Path Type: max

Fanout         Cap        Slew       Delay        Time   Description
---------------------------------------------------------------------------------------------
                      0.150000    0.000000    0.000000   clock aclk (rise edge)
                                  0.000000    0.000000   clock network delay (ideal)
                                  4.000000    4.000000 v input external delay
     7    0.015969    0.037720    0.025720    4.025720 v m_axis_tready (in)
                                                         m_axis_tready (net)
                      0.037720    0.000000    4.025720 v _1037_/A (sky130_fd_sc_hd__and2_2)
    16    0.022041    0.079443    0.211392    4.237112 v _1037_/X (sky130_fd_sc_hd__and2_2)
                                                         _0200_ (net)
                      0.079443    0.000000    4.237112 v _1069_/B (sky130_fd_sc_hd__or2_2)
     1    0.002260    0.052496    0.275571    4.512682 v _1069_/X (sky130_fd_sc_hd__or2_2)
                                                         _0217_ (net)
                      0.052496    0.000000    4.512682 v _1070_/B1 (sky130_fd_sc_hd__o211a_2)
     1    0.001681    0.037362    0.125984    4.638666 v _1070_/X (sky130_fd_sc_hd__o211a_2)
                                                         _0015_ (net)
                      0.037362    0.000000    4.638666 v _2087_/D (sky130_fd_sc_hd__dfxtp_2)
                                              4.638666   data arrival time

                      0.150000   20.000000   20.000000   clock aclk (rise edge)
                                  0.000000   20.000000   clock network delay (ideal)
                                 -0.250000   19.750002   clock uncertainty
                                  0.000000   19.750002   clock reconvergence pessimism
                                             19.750002 ^ _2087_/CLK (sky130_fd_sc_hd__dfxtp_2)
                                 -0.085037   19.664965   library setup time
                                             19.664965   data required time
---------------------------------------------------------------------------------------------
                                             19.664965   data required time
                                             -4.638666   data arrival time
---------------------------------------------------------------------------------------------
                                             15.026299   slack (MET)


Startpoint: m_axis_tready (input port clocked by aclk)
Endpoint: _2075_ (rising edge-triggered flip-flop clocked by aclk)
Path Group: aclk
Path Type: max

Fanout         Cap        Slew       Delay        Time   Description
---------------------------------------------------------------------------------------------
                      0.150000    0.000000    0.000000   clock aclk (rise edge)
                                  0.000000    0.000000   clock network delay (ideal)
                                  4.000000    4.000000 v input external delay
     7    0.015969    0.037720    0.025720    4.025720 v m_axis_tready (in)
                                                         m_axis_tready (net)
                      0.037720    0.000000    4.025720 v _1037_/A (sky130_fd_sc_hd__and2_2)
    16    0.022041    0.079443    0.211392    4.237112 v _1037_/X (sky130_fd_sc_hd__and2_2)
                                                         _0200_ (net)
                      0.079443    0.000000    4.237112 v _1045_/B (sky130_fd_sc_hd__or2_2)
     1    0.002260    0.052433    0.275571    4.512682 v _1045_/X (sky130_fd_sc_hd__or2_2)
                                                         _0205_ (net)
                      0.052433    0.000000    4.512682 v _1046_/B1 (sky130_fd_sc_hd__o211a_2)
     1    0.001681    0.037362    0.125956    4.638638 v _1046_/X (sky130_fd_sc_hd__o211a_2)
                                                         _0003_ (net)
                      0.037362    0.000000    4.638638 v _2075_/D (sky130_fd_sc_hd__dfxtp_2)
                                              4.638638   data arrival time

                      0.150000   20.000000   20.000000   clock aclk (rise edge)
                                  0.000000   20.000000   clock network delay (ideal)
                                 -0.250000   19.750002   clock uncertainty
                                  0.000000   19.750002   clock reconvergence pessimism
                                             19.750002 ^ _2075_/CLK (sky130_fd_sc_hd__dfxtp_2)
                                 -0.085037   19.664965   library setup time
                                             19.664965   data required time
---------------------------------------------------------------------------------------------
                                             19.664965   data required time
                                             -4.638638   data arrival time
---------------------------------------------------------------------------------------------
                                             15.026327   slack (MET)


Startpoint: aresetn (input port clocked by aclk)
Endpoint: _2080_ (rising edge-triggered flip-flop clocked by aclk)
Path Group: aclk
Path Type: max

Fanout         Cap        Slew       Delay        Time   Description
---------------------------------------------------------------------------------------------
                      0.150000    0.000000    0.000000   clock aclk (rise edge)
                                  0.000000    0.000000   clock network delay (ideal)
                                  4.000000    4.000000 ^ input external delay
    50    0.119898    0.546012    0.372665    4.372665 ^ aresetn (in)
                                                         aresetn (net)
                      0.546012    0.000000    4.372665 ^ _1056_/C1 (sky130_fd_sc_hd__o211a_2)
     1    0.001674    0.043035    0.268375    4.641040 ^ _1056_/X (sky130_fd_sc_hd__o211a_2)
                                                         _0008_ (net)
                      0.043035    0.000000    4.641040 ^ _2080_/D (sky130_fd_sc_hd__dfxtp_2)
                                              4.641040   data arrival time

                      0.150000   20.000000   20.000000   clock aclk (rise edge)
                                  0.000000   20.000000   clock network delay (ideal)
                                 -0.250000   19.750002   clock uncertainty
                                  0.000000   19.750002   clock reconvergence pessimism
                                             19.750002 ^ _2080_/CLK (sky130_fd_sc_hd__dfxtp_2)
                                 -0.042887   19.707115   library setup time
                                             19.707115   data required time
---------------------------------------------------------------------------------------------
                                             19.707115   data required time
                                             -4.641040   data arrival time
---------------------------------------------------------------------------------------------
                                             15.066075   slack (MET)


Startpoint: aresetn (input port clocked by aclk)
Endpoint: _2072_ (rising edge-triggered flip-flop clocked by aclk)
Path Group: aclk
Path Type: max

Fanout         Cap        Slew       Delay        Time   Description
---------------------------------------------------------------------------------------------
                      0.150000    0.000000    0.000000   clock aclk (rise edge)
                                  0.000000    0.000000   clock network delay (ideal)
                                  4.000000    4.000000 ^ input external delay
    50    0.119898    0.546012    0.372665    4.372665 ^ aresetn (in)
                                                         aresetn (net)
                      0.546012    0.000000    4.372665 ^ _1040_/B1 (sky130_fd_sc_hd__o21a_2)
     1    0.001674    0.035798    0.213828    4.586493 ^ _1040_/X (sky130_fd_sc_hd__o21a_2)
                                                         _0000_ (net)
                      0.035798    0.000000    4.586493 ^ _2072_/D (sky130_fd_sc_hd__dfxtp_2)
                                              4.586493   data arrival time

                      0.150000   20.000000   20.000000   clock aclk (rise edge)
                                  0.000000   20.000000   clock network delay (ideal)
                                 -0.250000   19.750002   clock uncertainty
                                  0.000000   19.750002   clock reconvergence pessimism
                                             19.750002 ^ _2072_/CLK (sky130_fd_sc_hd__dfxtp_2)
                                 -0.041227   19.708775   library setup time
                                             19.708775   data required time
---------------------------------------------------------------------------------------------
                                             19.708775   data required time
                                             -4.586493   data arrival time
---------------------------------------------------------------------------------------------
                                             15.122281   slack (MET)


Startpoint: _2119_ (rising edge-triggered flip-flop clocked by aclk)
Endpoint: m_axis_tdata[30] (output port clocked by aclk)
Path Group: aclk
Path Type: max

Fanout         Cap        Slew       Delay        Time   Description
---------------------------------------------------------------------------------------------
                      0.150000    0.000000    0.000000   clock aclk (rise edge)
                                  0.000000    0.000000   clock network delay (ideal)
                      0.150000    0.000000    0.000000 ^ _2119_/CLK (sky130_fd_sc_hd__dfxtp_2)
     5    0.052872    0.270379    0.517289    0.517289 ^ _2119_/Q (sky130_fd_sc_hd__dfxtp_2)
                                                         m_axis_tdata[30] (net)
                      0.270379    0.000000    0.517289 ^ m_axis_tdata[30] (out)
                                              0.517289   data arrival time

                      0.150000   20.000000   20.000000   clock aclk (rise edge)
                                  0.000000   20.000000   clock network delay (ideal)
                                 -0.250000   19.750002   clock uncertainty
                                  0.000000   19.750002   clock reconvergence pessimism
                                 -4.000000   15.750001   output external delay
                                             15.750001   data required time
---------------------------------------------------------------------------------------------
                                             15.750001   data required time
                                             -0.517289   data arrival time
---------------------------------------------------------------------------------------------
                                             15.232712   slack (MET)


Startpoint: _2096_ (rising edge-triggered flip-flop clocked by aclk)
Endpoint: m_axis_tdata[7] (output port clocked by aclk)
Path Group: aclk
Path Type: max

Fanout         Cap        Slew       Delay        Time   Description
---------------------------------------------------------------------------------------------
                      0.150000    0.000000    0.000000   clock aclk (rise edge)
                                  0.000000    0.000000   clock network delay (ideal)
                      0.150000    0.000000    0.000000 ^ _2096_/CLK (sky130_fd_sc_hd__dfxtp_2)
     4    0.048609    0.249503    0.502712    0.502712 ^ _2096_/Q (sky130_fd_sc_hd__dfxtp_2)
                                                         m_axis_tdata[7] (net)
                      0.249503    0.000000    0.502712 ^ m_axis_tdata[7] (out)
                                              0.502712   data arrival time

                      0.150000   20.000000   20.000000   clock aclk (rise edge)
                                  0.000000   20.000000   clock network delay (ideal)
                                 -0.250000   19.750002   clock uncertainty
                                  0.000000   19.750002   clock reconvergence pessimism
                                 -4.000000   15.750001   output external delay
                                             15.750001   data required time
---------------------------------------------------------------------------------------------
                                             15.750001   data required time
                                             -0.502712   data arrival time
---------------------------------------------------------------------------------------------
                                             15.247289   slack (MET)


Startpoint: _2094_ (rising edge-triggered flip-flop clocked by aclk)
Endpoint: m_axis_tdata[5] (output port clocked by aclk)
Path Group: aclk
Path Type: max

Fanout         Cap        Slew       Delay        Time   Description
---------------------------------------------------------------------------------------------
                      0.150000    0.000000    0.000000   clock aclk (rise edge)
                                  0.000000    0.000000   clock network delay (ideal)
                      0.150000    0.000000    0.000000 ^ _2094_/CLK (sky130_fd_sc_hd__dfxtp_2)
     5    0.046561    0.239473    0.495709    0.495709 ^ _2094_/Q (sky130_fd_sc_hd__dfxtp_2)
                                                         m_axis_tdata[5] (net)
                      0.239473    0.000000    0.495709 ^ m_axis_tdata[5] (out)
                                              0.495709   data arrival time

                      0.150000   20.000000   20.000000   clock aclk (rise edge)
                                  0.000000   20.000000   clock network delay (ideal)
                                 -0.250000   19.750002   clock uncertainty
                                  0.000000   19.750002   clock reconvergence pessimism
                                 -4.000000   15.750001   output external delay
                                             15.750001   data required time
---------------------------------------------------------------------------------------------
                                             15.750001   data required time
                                             -0.495709   data arrival time
---------------------------------------------------------------------------------------------
                                             15.254292   slack (MET)


Startpoint: _2120_ (rising edge-triggered flip-flop clocked by aclk)
Endpoint: m_axis_tdata[31] (output port clocked by aclk)
Path Group: aclk
Path Type: max

Fanout         Cap        Slew       Delay        Time   Description
---------------------------------------------------------------------------------------------
                      0.150000    0.000000    0.000000   clock aclk (rise edge)
                                  0.000000    0.000000   clock network delay (ideal)
                      0.150000    0.000000    0.000000 ^ _2120_/CLK (sky130_fd_sc_hd__dfxtp_2)
     3    0.044984    0.231750    0.490316    0.490316 ^ _2120_/Q (sky130_fd_sc_hd__dfxtp_2)
                                                         m_axis_tdata[31] (net)
                      0.231750    0.000000    0.490316 ^ m_axis_tdata[31] (out)
                                              0.490316   data arrival time

                      0.150000   20.000000   20.000000   clock aclk (rise edge)
                                  0.000000   20.000000   clock network delay (ideal)
                                 -0.250000   19.750002   clock uncertainty
                                  0.000000   19.750002   clock reconvergence pessimism
                                 -4.000000   15.750001   output external delay
                                             15.750001   data required time
---------------------------------------------------------------------------------------------
                                             15.750001   data required time
                                             -0.490316   data arrival time
---------------------------------------------------------------------------------------------
                                             15.259684   slack (MET)


Startpoint: _2101_ (rising edge-triggered flip-flop clocked by aclk)
Endpoint: m_axis_tdata[12] (output port clocked by aclk)
Path Group: aclk
Path Type: max

Fanout         Cap        Slew       Delay        Time   Description
---------------------------------------------------------------------------------------------
                      0.150000    0.000000    0.000000   clock aclk (rise edge)
                                  0.000000    0.000000   clock network delay (ideal)
                      0.150000    0.000000    0.000000 ^ _2101_/CLK (sky130_fd_sc_hd__dfxtp_2)
     4    0.042136    0.217803    0.480578    0.480578 ^ _2101_/Q (sky130_fd_sc_hd__dfxtp_2)
                                                         m_axis_tdata[12] (net)
                      0.217803    0.000000    0.480578 ^ m_axis_tdata[12] (out)
                                              0.480578   data arrival time

                      0.150000   20.000000   20.000000   clock aclk (rise edge)
                                  0.000000   20.000000   clock network delay (ideal)
                                 -0.250000   19.750002   clock uncertainty
                                  0.000000   19.750002   clock reconvergence pessimism
                                 -4.000000   15.750001   output external delay
                                             15.750001   data required time
---------------------------------------------------------------------------------------------
                                             15.750001   data required time
                                             -0.480578   data arrival time
---------------------------------------------------------------------------------------------
                                             15.269423   slack (MET)


Startpoint: _2103_ (rising edge-triggered flip-flop clocked by aclk)
Endpoint: m_axis_tdata[14] (output port clocked by aclk)
Path Group: aclk
Path Type: max

Fanout         Cap        Slew       Delay        Time   Description
---------------------------------------------------------------------------------------------
                      0.150000    0.000000    0.000000   clock aclk (rise edge)
                                  0.000000    0.000000   clock network delay (ideal)
                      0.150000    0.000000    0.000000 ^ _2103_/CLK (sky130_fd_sc_hd__dfxtp_2)
     4    0.042136    0.217803    0.480578    0.480578 ^ _2103_/Q (sky130_fd_sc_hd__dfxtp_2)
                                                         m_axis_tdata[14] (net)
                      0.217803    0.000000    0.480578 ^ m_axis_tdata[14] (out)
                                              0.480578   data arrival time

                      0.150000   20.000000   20.000000   clock aclk (rise edge)
                                  0.000000   20.000000   clock network delay (ideal)
                                 -0.250000   19.750002   clock uncertainty
                                  0.000000   19.750002   clock reconvergence pessimism
                                 -4.000000   15.750001   output external delay
                                             15.750001   data required time
---------------------------------------------------------------------------------------------
                                             15.750001   data required time
                                             -0.480578   data arrival time
---------------------------------------------------------------------------------------------
                                             15.269423   slack (MET)


Startpoint: _2106_ (rising edge-triggered flip-flop clocked by aclk)
Endpoint: m_axis_tdata[17] (output port clocked by aclk)
Path Group: aclk
Path Type: max

Fanout         Cap        Slew       Delay        Time   Description
---------------------------------------------------------------------------------------------
                      0.150000    0.000000    0.000000   clock aclk (rise edge)
                                  0.000000    0.000000   clock network delay (ideal)
                      0.150000    0.000000    0.000000 ^ _2106_/CLK (sky130_fd_sc_hd__dfxtp_2)
     4    0.042136    0.217803    0.480578    0.480578 ^ _2106_/Q (sky130_fd_sc_hd__dfxtp_2)
                                                         m_axis_tdata[17] (net)
                      0.217803    0.000000    0.480578 ^ m_axis_tdata[17] (out)
                                              0.480578   data arrival time

                      0.150000   20.000000   20.000000   clock aclk (rise edge)
                                  0.000000   20.000000   clock network delay (ideal)
                                 -0.250000   19.750002   clock uncertainty
                                  0.000000   19.750002   clock reconvergence pessimism
                                 -4.000000   15.750001   output external delay
                                             15.750001   data required time
---------------------------------------------------------------------------------------------
                                             15.750001   data required time
                                             -0.480578   data arrival time
---------------------------------------------------------------------------------------------
                                             15.269423   slack (MET)


Startpoint: _2090_ (rising edge-triggered flip-flop clocked by aclk)
Endpoint: m_axis_tdata[1] (output port clocked by aclk)
Path Group: aclk
Path Type: max

Fanout         Cap        Slew       Delay        Time   Description
---------------------------------------------------------------------------------------------
                      0.150000    0.000000    0.000000   clock aclk (rise edge)
                                  0.000000    0.000000   clock network delay (ideal)
                      0.150000    0.000000    0.000000 ^ _2090_/CLK (sky130_fd_sc_hd__dfxtp_2)
     4    0.042136    0.217803    0.480578    0.480578 ^ _2090_/Q (sky130_fd_sc_hd__dfxtp_2)
                                                         m_axis_tdata[1] (net)
                      0.217803    0.000000    0.480578 ^ m_axis_tdata[1] (out)
                                              0.480578   data arrival time

                      0.150000   20.000000   20.000000   clock aclk (rise edge)
                                  0.000000   20.000000   clock network delay (ideal)
                                 -0.250000   19.750002   clock uncertainty
                                  0.000000   19.750002   clock reconvergence pessimism
                                 -4.000000   15.750001   output external delay
                                             15.750001   data required time
---------------------------------------------------------------------------------------------
                                             15.750001   data required time
                                             -0.480578   data arrival time
---------------------------------------------------------------------------------------------
                                             15.269423   slack (MET)


Startpoint: _2110_ (rising edge-triggered flip-flop clocked by aclk)
Endpoint: m_axis_tdata[21] (output port clocked by aclk)
Path Group: aclk
Path Type: max

Fanout         Cap        Slew       Delay        Time   Description
---------------------------------------------------------------------------------------------
                      0.150000    0.000000    0.000000   clock aclk (rise edge)
                                  0.000000    0.000000   clock network delay (ideal)
                      0.150000    0.000000    0.000000 ^ _2110_/CLK (sky130_fd_sc_hd__dfxtp_2)
     4    0.042136    0.217803    0.480578    0.480578 ^ _2110_/Q (sky130_fd_sc_hd__dfxtp_2)
                                                         m_axis_tdata[21] (net)
                      0.217803    0.000000    0.480578 ^ m_axis_tdata[21] (out)
                                              0.480578   data arrival time

                      0.150000   20.000000   20.000000   clock aclk (rise edge)
                                  0.000000   20.000000   clock network delay (ideal)
                                 -0.250000   19.750002   clock uncertainty
                                  0.000000   19.750002   clock reconvergence pessimism
                                 -4.000000   15.750001   output external delay
                                             15.750001   data required time
---------------------------------------------------------------------------------------------
                                             15.750001   data required time
                                             -0.480578   data arrival time
---------------------------------------------------------------------------------------------
                                             15.269423   slack (MET)


Startpoint: _2091_ (rising edge-triggered flip-flop clocked by aclk)
Endpoint: m_axis_tdata[2] (output port clocked by aclk)
Path Group: aclk
Path Type: max

Fanout         Cap        Slew       Delay        Time   Description
---------------------------------------------------------------------------------------------
                      0.150000    0.000000    0.000000   clock aclk (rise edge)
                                  0.000000    0.000000   clock network delay (ideal)
                      0.150000    0.000000    0.000000 ^ _2091_/CLK (sky130_fd_sc_hd__dfxtp_2)
     4    0.042136    0.217803    0.480578    0.480578 ^ _2091_/Q (sky130_fd_sc_hd__dfxtp_2)
                                                         m_axis_tdata[2] (net)
                      0.217803    0.000000    0.480578 ^ m_axis_tdata[2] (out)
                                              0.480578   data arrival time

                      0.150000   20.000000   20.000000   clock aclk (rise edge)
                                  0.000000   20.000000   clock network delay (ideal)
                                 -0.250000   19.750002   clock uncertainty
                                  0.000000   19.750002   clock reconvergence pessimism
                                 -4.000000   15.750001   output external delay
                                             15.750001   data required time
---------------------------------------------------------------------------------------------
                                             15.750001   data required time
                                             -0.480578   data arrival time
---------------------------------------------------------------------------------------------
                                             15.269423   slack (MET)


Startpoint: _2092_ (rising edge-triggered flip-flop clocked by aclk)
Endpoint: m_axis_tdata[3] (output port clocked by aclk)
Path Group: aclk
Path Type: max

Fanout         Cap        Slew       Delay        Time   Description
---------------------------------------------------------------------------------------------
                      0.150000    0.000000    0.000000   clock aclk (rise edge)
                                  0.000000    0.000000   clock network delay (ideal)
                      0.150000    0.000000    0.000000 ^ _2092_/CLK (sky130_fd_sc_hd__dfxtp_2)
     4    0.042136    0.217803    0.480578    0.480578 ^ _2092_/Q (sky130_fd_sc_hd__dfxtp_2)
                                                         m_axis_tdata[3] (net)
                      0.217803    0.000000    0.480578 ^ m_axis_tdata[3] (out)
                                              0.480578   data arrival time

                      0.150000   20.000000   20.000000   clock aclk (rise edge)
                                  0.000000   20.000000   clock network delay (ideal)
                                 -0.250000   19.750002   clock uncertainty
                                  0.000000   19.750002   clock reconvergence pessimism
                                 -4.000000   15.750001   output external delay
                                             15.750001   data required time
---------------------------------------------------------------------------------------------
                                             15.750001   data required time
                                             -0.480578   data arrival time
---------------------------------------------------------------------------------------------
                                             15.269423   slack (MET)


Startpoint: _2097_ (rising edge-triggered flip-flop clocked by aclk)
Endpoint: m_axis_tdata[8] (output port clocked by aclk)
Path Group: aclk
Path Type: max

Fanout         Cap        Slew       Delay        Time   Description
---------------------------------------------------------------------------------------------
                      0.150000    0.000000    0.000000   clock aclk (rise edge)
                                  0.000000    0.000000   clock network delay (ideal)
                      0.150000    0.000000    0.000000 ^ _2097_/CLK (sky130_fd_sc_hd__dfxtp_2)
     4    0.042136    0.217803    0.480578    0.480578 ^ _2097_/Q (sky130_fd_sc_hd__dfxtp_2)
                                                         m_axis_tdata[8] (net)
                      0.217803    0.000000    0.480578 ^ m_axis_tdata[8] (out)
                                              0.480578   data arrival time

                      0.150000   20.000000   20.000000   clock aclk (rise edge)
                                  0.000000   20.000000   clock network delay (ideal)
                                 -0.250000   19.750002   clock uncertainty
                                  0.000000   19.750002   clock reconvergence pessimism
                                 -4.000000   15.750001   output external delay
                                             15.750001   data required time
---------------------------------------------------------------------------------------------
                                             15.750001   data required time
                                             -0.480578   data arrival time
---------------------------------------------------------------------------------------------
                                             15.269423   slack (MET)


Startpoint: _2100_ (rising edge-triggered flip-flop clocked by aclk)
Endpoint: m_axis_tdata[11] (output port clocked by aclk)
Path Group: aclk
Path Type: max

Fanout         Cap        Slew       Delay        Time   Description
---------------------------------------------------------------------------------------------
                      0.150000    0.000000    0.000000   clock aclk (rise edge)
                                  0.000000    0.000000   clock network delay (ideal)
                      0.150000    0.000000    0.000000 ^ _2100_/CLK (sky130_fd_sc_hd__dfxtp_2)
     4    0.042098    0.217617    0.480448    0.480448 ^ _2100_/Q (sky130_fd_sc_hd__dfxtp_2)
                                                         m_axis_tdata[11] (net)
                      0.217617    0.000000    0.480448 ^ m_axis_tdata[11] (out)
                                              0.480448   data arrival time

                      0.150000   20.000000   20.000000   clock aclk (rise edge)
                                  0.000000   20.000000   clock network delay (ideal)
                                 -0.250000   19.750002   clock uncertainty
                                  0.000000   19.750002   clock reconvergence pessimism
                                 -4.000000   15.750001   output external delay
                                             15.750001   data required time
---------------------------------------------------------------------------------------------
                                             15.750001   data required time
                                             -0.480448   data arrival time
---------------------------------------------------------------------------------------------
                                             15.269553   slack (MET)


Startpoint: _2102_ (rising edge-triggered flip-flop clocked by aclk)
Endpoint: m_axis_tdata[13] (output port clocked by aclk)
Path Group: aclk
Path Type: max

Fanout         Cap        Slew       Delay        Time   Description
---------------------------------------------------------------------------------------------
                      0.150000    0.000000    0.000000   clock aclk (rise edge)
                                  0.000000    0.000000   clock network delay (ideal)
                      0.150000    0.000000    0.000000 ^ _2102_/CLK (sky130_fd_sc_hd__dfxtp_2)
     4    0.042098    0.217617    0.480448    0.480448 ^ _2102_/Q (sky130_fd_sc_hd__dfxtp_2)
                                                         m_axis_tdata[13] (net)
                      0.217617    0.000000    0.480448 ^ m_axis_tdata[13] (out)
                                              0.480448   data arrival time

                      0.150000   20.000000   20.000000   clock aclk (rise edge)
                                  0.000000   20.000000   clock network delay (ideal)
                                 -0.250000   19.750002   clock uncertainty
                                  0.000000   19.750002   clock reconvergence pessimism
                                 -4.000000   15.750001   output external delay
                                             15.750001   data required time
---------------------------------------------------------------------------------------------
                                             15.750001   data required time
                                             -0.480448   data arrival time
---------------------------------------------------------------------------------------------
                                             15.269553   slack (MET)


Startpoint: _2104_ (rising edge-triggered flip-flop clocked by aclk)
Endpoint: m_axis_tdata[15] (output port clocked by aclk)
Path Group: aclk
Path Type: max

Fanout         Cap        Slew       Delay        Time   Description
---------------------------------------------------------------------------------------------
                      0.150000    0.000000    0.000000   clock aclk (rise edge)
                                  0.000000    0.000000   clock network delay (ideal)
                      0.150000    0.000000    0.000000 ^ _2104_/CLK (sky130_fd_sc_hd__dfxtp_2)
     4    0.042098    0.217617    0.480448    0.480448 ^ _2104_/Q (sky130_fd_sc_hd__dfxtp_2)
                                                         m_axis_tdata[15] (net)
                      0.217617    0.000000    0.480448 ^ m_axis_tdata[15] (out)
                                              0.480448   data arrival time

                      0.150000   20.000000   20.000000   clock aclk (rise edge)
                                  0.000000   20.000000   clock network delay (ideal)
                                 -0.250000   19.750002   clock uncertainty
                                  0.000000   19.750002   clock reconvergence pessimism
                                 -4.000000   15.750001   output external delay
                                             15.750001   data required time
---------------------------------------------------------------------------------------------
                                             15.750001   data required time
                                             -0.480448   data arrival time
---------------------------------------------------------------------------------------------
                                             15.269553   slack (MET)


Startpoint: _2112_ (rising edge-triggered flip-flop clocked by aclk)
Endpoint: m_axis_tdata[23] (output port clocked by aclk)
Path Group: aclk
Path Type: max

Fanout         Cap        Slew       Delay        Time   Description
---------------------------------------------------------------------------------------------
                      0.150000    0.000000    0.000000   clock aclk (rise edge)
                                  0.000000    0.000000   clock network delay (ideal)
                      0.150000    0.000000    0.000000 ^ _2112_/CLK (sky130_fd_sc_hd__dfxtp_2)
     4    0.042098    0.217617    0.480448    0.480448 ^ _2112_/Q (sky130_fd_sc_hd__dfxtp_2)
                                                         m_axis_tdata[23] (net)
                      0.217617    0.000000    0.480448 ^ m_axis_tdata[23] (out)
                                              0.480448   data arrival time

                      0.150000   20.000000   20.000000   clock aclk (rise edge)
                                  0.000000   20.000000   clock network delay (ideal)
                                 -0.250000   19.750002   clock uncertainty
                                  0.000000   19.750002   clock reconvergence pessimism
                                 -4.000000   15.750001   output external delay
                                             15.750001   data required time
---------------------------------------------------------------------------------------------
                                             15.750001   data required time
                                             -0.480448   data arrival time
---------------------------------------------------------------------------------------------
                                             15.269553   slack (MET)


Startpoint: _2098_ (rising edge-triggered flip-flop clocked by aclk)
Endpoint: m_axis_tdata[9] (output port clocked by aclk)
Path Group: aclk
Path Type: max

Fanout         Cap        Slew       Delay        Time   Description
---------------------------------------------------------------------------------------------
                      0.150000    0.000000    0.000000   clock aclk (rise edge)
                                  0.000000    0.000000   clock network delay (ideal)
                      0.150000    0.000000    0.000000 ^ _2098_/CLK (sky130_fd_sc_hd__dfxtp_2)
     4    0.042098    0.217617    0.480448    0.480448 ^ _2098_/Q (sky130_fd_sc_hd__dfxtp_2)
                                                         m_axis_tdata[9] (net)
                      0.217617    0.000000    0.480448 ^ m_axis_tdata[9] (out)
                                              0.480448   data arrival time

                      0.150000   20.000000   20.000000   clock aclk (rise edge)
                                  0.000000   20.000000   clock network delay (ideal)
                                 -0.250000   19.750002   clock uncertainty
                                  0.000000   19.750002   clock reconvergence pessimism
                                 -4.000000   15.750001   output external delay
                                             15.750001   data required time
---------------------------------------------------------------------------------------------
                                             15.750001   data required time
                                             -0.480448   data arrival time
---------------------------------------------------------------------------------------------
                                             15.269553   slack (MET)


Startpoint: _2114_ (rising edge-triggered flip-flop clocked by aclk)
Endpoint: m_axis_tdata[25] (output port clocked by aclk)
Path Group: aclk
Path Type: max

Fanout         Cap        Slew       Delay        Time   Description
---------------------------------------------------------------------------------------------
                      0.150000    0.000000    0.000000   clock aclk (rise edge)
                                  0.000000    0.000000   clock network delay (ideal)
                      0.150000    0.000000    0.000000 ^ _2114_/CLK (sky130_fd_sc_hd__dfxtp_2)
     4    0.042040    0.217333    0.480250    0.480250 ^ _2114_/Q (sky130_fd_sc_hd__dfxtp_2)
                                                         m_axis_tdata[25] (net)
                      0.217333    0.000000    0.480250 ^ m_axis_tdata[25] (out)
                                              0.480250   data arrival time

                      0.150000   20.000000   20.000000   clock aclk (rise edge)
                                  0.000000   20.000000   clock network delay (ideal)
                                 -0.250000   19.750002   clock uncertainty
                                  0.000000   19.750002   clock reconvergence pessimism
                                 -4.000000   15.750001   output external delay
                                             15.750001   data required time
---------------------------------------------------------------------------------------------
                                             15.750001   data required time
                                             -0.480250   data arrival time
---------------------------------------------------------------------------------------------
                                             15.269753   slack (MET)


Startpoint: _2115_ (rising edge-triggered flip-flop clocked by aclk)
Endpoint: m_axis_tdata[26] (output port clocked by aclk)
Path Group: aclk
Path Type: max

Fanout         Cap        Slew       Delay        Time   Description
---------------------------------------------------------------------------------------------
                      0.150000    0.000000    0.000000   clock aclk (rise edge)
                                  0.000000    0.000000   clock network delay (ideal)
                      0.150000    0.000000    0.000000 ^ _2115_/CLK (sky130_fd_sc_hd__dfxtp_2)
     4    0.042040    0.217333    0.480250    0.480250 ^ _2115_/Q (sky130_fd_sc_hd__dfxtp_2)
                                                         m_axis_tdata[26] (net)
                      0.217333    0.000000    0.480250 ^ m_axis_tdata[26] (out)
                                              0.480250   data arrival time

                      0.150000   20.000000   20.000000   clock aclk (rise edge)
                                  0.000000   20.000000   clock network delay (ideal)
                                 -0.250000   19.750002   clock uncertainty
                                  0.000000   19.750002   clock reconvergence pessimism
                                 -4.000000   15.750001   output external delay
                                             15.750001   data required time
---------------------------------------------------------------------------------------------
                                             15.750001   data required time
                                             -0.480250   data arrival time
---------------------------------------------------------------------------------------------
                                             15.269753   slack (MET)


Startpoint: _2116_ (rising edge-triggered flip-flop clocked by aclk)
Endpoint: m_axis_tdata[27] (output port clocked by aclk)
Path Group: aclk
Path Type: max

Fanout         Cap        Slew       Delay        Time   Description
---------------------------------------------------------------------------------------------
                      0.150000    0.000000    0.000000   clock aclk (rise edge)
                                  0.000000    0.000000   clock network delay (ideal)
                      0.150000    0.000000    0.000000 ^ _2116_/CLK (sky130_fd_sc_hd__dfxtp_2)
     4    0.042002    0.217147    0.480120    0.480120 ^ _2116_/Q (sky130_fd_sc_hd__dfxtp_2)
                                                         m_axis_tdata[27] (net)
                      0.217147    0.000000    0.480120 ^ m_axis_tdata[27] (out)
                                              0.480120   data arrival time

                      0.150000   20.000000   20.000000   clock aclk (rise edge)
                                  0.000000   20.000000   clock network delay (ideal)
                                 -0.250000   19.750002   clock uncertainty
                                  0.000000   19.750002   clock reconvergence pessimism
                                 -4.000000   15.750001   output external delay
                                             15.750001   data required time
---------------------------------------------------------------------------------------------
                                             15.750001   data required time
                                             -0.480120   data arrival time
---------------------------------------------------------------------------------------------
                                             15.269882   slack (MET)


Startpoint: _2118_ (rising edge-triggered flip-flop clocked by aclk)
Endpoint: m_axis_tdata[29] (output port clocked by aclk)
Path Group: aclk
Path Type: max

Fanout         Cap        Slew       Delay        Time   Description
---------------------------------------------------------------------------------------------
                      0.150000    0.000000    0.000000   clock aclk (rise edge)
                                  0.000000    0.000000   clock network delay (ideal)
                      0.150000    0.000000    0.000000 ^ _2118_/CLK (sky130_fd_sc_hd__dfxtp_2)
     4    0.042002    0.217147    0.480120    0.480120 ^ _2118_/Q (sky130_fd_sc_hd__dfxtp_2)
                                                         m_axis_tdata[29] (net)
                      0.217147    0.000000    0.480120 ^ m_axis_tdata[29] (out)
                                              0.480120   data arrival time

                      0.150000   20.000000   20.000000   clock aclk (rise edge)
                                  0.000000   20.000000   clock network delay (ideal)
                                 -0.250000   19.750002   clock uncertainty
                                  0.000000   19.750002   clock reconvergence pessimism
                                 -4.000000   15.750001   output external delay
                                             15.750001   data required time
---------------------------------------------------------------------------------------------
                                             15.750001   data required time
                                             -0.480120   data arrival time
---------------------------------------------------------------------------------------------
                                             15.269882   slack (MET)


Startpoint: _2099_ (rising edge-triggered flip-flop clocked by aclk)
Endpoint: m_axis_tdata[10] (output port clocked by aclk)
Path Group: aclk
Path Type: max

Fanout         Cap        Slew       Delay        Time   Description
---------------------------------------------------------------------------------------------
                      0.150000    0.000000    0.000000   clock aclk (rise edge)
                                  0.000000    0.000000   clock network delay (ideal)
                      0.150000    0.000000    0.000000 ^ _2099_/CLK (sky130_fd_sc_hd__dfxtp_2)
     4    0.041166    0.213053    0.477261    0.477261 ^ _2099_/Q (sky130_fd_sc_hd__dfxtp_2)
                                                         m_axis_tdata[10] (net)
                      0.213053    0.000000    0.477261 ^ m_axis_tdata[10] (out)
                                              0.477261   data arrival time

                      0.150000   20.000000   20.000000   clock aclk (rise edge)
                                  0.000000   20.000000   clock network delay (ideal)
                                 -0.250000   19.750002   clock uncertainty
                                  0.000000   19.750002   clock reconvergence pessimism
                                 -4.000000   15.750001   output external delay
                                             15.750001   data required time
---------------------------------------------------------------------------------------------
                                             15.750001   data required time
                                             -0.477261   data arrival time
---------------------------------------------------------------------------------------------
                                             15.272740   slack (MET)


Startpoint: _2105_ (rising edge-triggered flip-flop clocked by aclk)
Endpoint: m_axis_tdata[16] (output port clocked by aclk)
Path Group: aclk
Path Type: max

Fanout         Cap        Slew       Delay        Time   Description
---------------------------------------------------------------------------------------------
                      0.150000    0.000000    0.000000   clock aclk (rise edge)
                                  0.000000    0.000000   clock network delay (ideal)
                      0.150000    0.000000    0.000000 ^ _2105_/CLK (sky130_fd_sc_hd__dfxtp_2)
     4    0.041166    0.213053    0.477261    0.477261 ^ _2105_/Q (sky130_fd_sc_hd__dfxtp_2)
                                                         m_axis_tdata[16] (net)
                      0.213053    0.000000    0.477261 ^ m_axis_tdata[16] (out)
                                              0.477261   data arrival time

                      0.150000   20.000000   20.000000   clock aclk (rise edge)
                                  0.000000   20.000000   clock network delay (ideal)
                                 -0.250000   19.750002   clock uncertainty
                                  0.000000   19.750002   clock reconvergence pessimism
                                 -4.000000   15.750001   output external delay
                                             15.750001   data required time
---------------------------------------------------------------------------------------------
                                             15.750001   data required time
                                             -0.477261   data arrival time
---------------------------------------------------------------------------------------------
                                             15.272740   slack (MET)


Startpoint: _2107_ (rising edge-triggered flip-flop clocked by aclk)
Endpoint: m_axis_tdata[18] (output port clocked by aclk)
Path Group: aclk
Path Type: max

Fanout         Cap        Slew       Delay        Time   Description
---------------------------------------------------------------------------------------------
                      0.150000    0.000000    0.000000   clock aclk (rise edge)
                                  0.000000    0.000000   clock network delay (ideal)
                      0.150000    0.000000    0.000000 ^ _2107_/CLK (sky130_fd_sc_hd__dfxtp_2)
     4    0.041166    0.213053    0.477261    0.477261 ^ _2107_/Q (sky130_fd_sc_hd__dfxtp_2)
                                                         m_axis_tdata[18] (net)
                      0.213053    0.000000    0.477261 ^ m_axis_tdata[18] (out)
                                              0.477261   data arrival time

                      0.150000   20.000000   20.000000   clock aclk (rise edge)
                                  0.000000   20.000000   clock network delay (ideal)
                                 -0.250000   19.750002   clock uncertainty
                                  0.000000   19.750002   clock reconvergence pessimism
                                 -4.000000   15.750001   output external delay
                                             15.750001   data required time
---------------------------------------------------------------------------------------------
                                             15.750001   data required time
                                             -0.477261   data arrival time
---------------------------------------------------------------------------------------------
                                             15.272740   slack (MET)


Startpoint: _2108_ (rising edge-triggered flip-flop clocked by aclk)
Endpoint: m_axis_tdata[19] (output port clocked by aclk)
Path Group: aclk
Path Type: max

Fanout         Cap        Slew       Delay        Time   Description
---------------------------------------------------------------------------------------------
                      0.150000    0.000000    0.000000   clock aclk (rise edge)
                                  0.000000    0.000000   clock network delay (ideal)
                      0.150000    0.000000    0.000000 ^ _2108_/CLK (sky130_fd_sc_hd__dfxtp_2)
     4    0.041166    0.213053    0.477261    0.477261 ^ _2108_/Q (sky130_fd_sc_hd__dfxtp_2)
                                                         m_axis_tdata[19] (net)
                      0.213053    0.000000    0.477261 ^ m_axis_tdata[19] (out)
                                              0.477261   data arrival time

                      0.150000   20.000000   20.000000   clock aclk (rise edge)
                                  0.000000   20.000000   clock network delay (ideal)
                                 -0.250000   19.750002   clock uncertainty
                                  0.000000   19.750002   clock reconvergence pessimism
                                 -4.000000   15.750001   output external delay
                                             15.750001   data required time
---------------------------------------------------------------------------------------------
                                             15.750001   data required time
                                             -0.477261   data arrival time
---------------------------------------------------------------------------------------------
                                             15.272740   slack (MET)


Startpoint: _2109_ (rising edge-triggered flip-flop clocked by aclk)
Endpoint: m_axis_tdata[20] (output port clocked by aclk)
Path Group: aclk
Path Type: max

Fanout         Cap        Slew       Delay        Time   Description
---------------------------------------------------------------------------------------------
                      0.150000    0.000000    0.000000   clock aclk (rise edge)
                                  0.000000    0.000000   clock network delay (ideal)
                      0.150000    0.000000    0.000000 ^ _2109_/CLK (sky130_fd_sc_hd__dfxtp_2)
     4    0.041166    0.213053    0.477261    0.477261 ^ _2109_/Q (sky130_fd_sc_hd__dfxtp_2)
                                                         m_axis_tdata[20] (net)
                      0.213053    0.000000    0.477261 ^ m_axis_tdata[20] (out)
                                              0.477261   data arrival time

                      0.150000   20.000000   20.000000   clock aclk (rise edge)
                                  0.000000   20.000000   clock network delay (ideal)
                                 -0.250000   19.750002   clock uncertainty
                                  0.000000   19.750002   clock reconvergence pessimism
                                 -4.000000   15.750001   output external delay
                                             15.750001   data required time
---------------------------------------------------------------------------------------------
                                             15.750001   data required time
                                             -0.477261   data arrival time
---------------------------------------------------------------------------------------------
                                             15.272740   slack (MET)


Startpoint: _2111_ (rising edge-triggered flip-flop clocked by aclk)
Endpoint: m_axis_tdata[22] (output port clocked by aclk)
Path Group: aclk
Path Type: max

Fanout         Cap        Slew       Delay        Time   Description
---------------------------------------------------------------------------------------------
                      0.150000    0.000000    0.000000   clock aclk (rise edge)
                                  0.000000    0.000000   clock network delay (ideal)
                      0.150000    0.000000    0.000000 ^ _2111_/CLK (sky130_fd_sc_hd__dfxtp_2)
     4    0.041166    0.213053    0.477261    0.477261 ^ _2111_/Q (sky130_fd_sc_hd__dfxtp_2)
                                                         m_axis_tdata[22] (net)
                      0.213053    0.000000    0.477261 ^ m_axis_tdata[22] (out)
                                              0.477261   data arrival time

                      0.150000   20.000000   20.000000   clock aclk (rise edge)
                                  0.000000   20.000000   clock network delay (ideal)
                                 -0.250000   19.750002   clock uncertainty
                                  0.000000   19.750002   clock reconvergence pessimism
                                 -4.000000   15.750001   output external delay
                                             15.750001   data required time
---------------------------------------------------------------------------------------------
                                             15.750001   data required time
                                             -0.477261   data arrival time
---------------------------------------------------------------------------------------------
                                             15.272740   slack (MET)


Startpoint: _2113_ (rising edge-triggered flip-flop clocked by aclk)
Endpoint: m_axis_tdata[24] (output port clocked by aclk)
Path Group: aclk
Path Type: max

Fanout         Cap        Slew       Delay        Time   Description
---------------------------------------------------------------------------------------------
                      0.150000    0.000000    0.000000   clock aclk (rise edge)
                                  0.000000    0.000000   clock network delay (ideal)
                      0.150000    0.000000    0.000000 ^ _2113_/CLK (sky130_fd_sc_hd__dfxtp_2)
     4    0.041166    0.213053    0.477261    0.477261 ^ _2113_/Q (sky130_fd_sc_hd__dfxtp_2)
                                                         m_axis_tdata[24] (net)
                      0.213053    0.000000    0.477261 ^ m_axis_tdata[24] (out)
                                              0.477261   data arrival time

                      0.150000   20.000000   20.000000   clock aclk (rise edge)
                                  0.000000   20.000000   clock network delay (ideal)
                                 -0.250000   19.750002   clock uncertainty
                                  0.000000   19.750002   clock reconvergence pessimism
                                 -4.000000   15.750001   output external delay
                                             15.750001   data required time
---------------------------------------------------------------------------------------------
                                             15.750001   data required time
                                             -0.477261   data arrival time
---------------------------------------------------------------------------------------------
                                             15.272740   slack (MET)


Startpoint: _2093_ (rising edge-triggered flip-flop clocked by aclk)
Endpoint: m_axis_tdata[4] (output port clocked by aclk)
Path Group: aclk
Path Type: max

Fanout         Cap        Slew       Delay        Time   Description
---------------------------------------------------------------------------------------------
                      0.150000    0.000000    0.000000   clock aclk (rise edge)
                                  0.000000    0.000000   clock network delay (ideal)
                      0.150000    0.000000    0.000000 ^ _2093_/CLK (sky130_fd_sc_hd__dfxtp_2)
     4    0.041166    0.213053    0.477261    0.477261 ^ _2093_/Q (sky130_fd_sc_hd__dfxtp_2)
                                                         m_axis_tdata[4] (net)
                      0.213053    0.000000    0.477261 ^ m_axis_tdata[4] (out)
                                              0.477261   data arrival time

                      0.150000   20.000000   20.000000   clock aclk (rise edge)
                                  0.000000   20.000000   clock network delay (ideal)
                                 -0.250000   19.750002   clock uncertainty
                                  0.000000   19.750002   clock reconvergence pessimism
                                 -4.000000   15.750001   output external delay
                                             15.750001   data required time
---------------------------------------------------------------------------------------------
                                             15.750001   data required time
                                             -0.477261   data arrival time
---------------------------------------------------------------------------------------------
                                             15.272740   slack (MET)


Startpoint: _2095_ (rising edge-triggered flip-flop clocked by aclk)
Endpoint: m_axis_tdata[6] (output port clocked by aclk)
Path Group: aclk
Path Type: max

Fanout         Cap        Slew       Delay        Time   Description
---------------------------------------------------------------------------------------------
                      0.150000    0.000000    0.000000   clock aclk (rise edge)
                                  0.000000    0.000000   clock network delay (ideal)
                      0.150000    0.000000    0.000000 ^ _2095_/CLK (sky130_fd_sc_hd__dfxtp_2)
     4    0.041166    0.213053    0.477261    0.477261 ^ _2095_/Q (sky130_fd_sc_hd__dfxtp_2)
                                                         m_axis_tdata[6] (net)
                      0.213053    0.000000    0.477261 ^ m_axis_tdata[6] (out)
                                              0.477261   data arrival time

                      0.150000   20.000000   20.000000   clock aclk (rise edge)
                                  0.000000   20.000000   clock network delay (ideal)
                                 -0.250000   19.750002   clock uncertainty
                                  0.000000   19.750002   clock reconvergence pessimism
                                 -4.000000   15.750001   output external delay
                                             15.750001   data required time
---------------------------------------------------------------------------------------------
                                             15.750001   data required time
                                             -0.477261   data arrival time
---------------------------------------------------------------------------------------------
                                             15.272740   slack (MET)


Startpoint: _2117_ (rising edge-triggered flip-flop clocked by aclk)
Endpoint: m_axis_tdata[28] (output port clocked by aclk)
Path Group: aclk
Path Type: max

Fanout         Cap        Slew       Delay        Time   Description
---------------------------------------------------------------------------------------------
                      0.150000    0.000000    0.000000   clock aclk (rise edge)
                                  0.000000    0.000000   clock network delay (ideal)
                      0.150000    0.000000    0.000000 ^ _2117_/CLK (sky130_fd_sc_hd__dfxtp_2)
     4    0.041070    0.212583    0.476933    0.476933 ^ _2117_/Q (sky130_fd_sc_hd__dfxtp_2)
                                                         m_axis_tdata[28] (net)
                      0.212583    0.000000    0.476933 ^ m_axis_tdata[28] (out)
                                              0.476933   data arrival time

                      0.150000   20.000000   20.000000   clock aclk (rise edge)
                                  0.000000   20.000000   clock network delay (ideal)
                                 -0.250000   19.750002   clock uncertainty
                                  0.000000   19.750002   clock reconvergence pessimism
                                 -4.000000   15.750001   output external delay
                                             15.750001   data required time
---------------------------------------------------------------------------------------------
                                             15.750001   data required time
                                             -0.476933   data arrival time
---------------------------------------------------------------------------------------------
                                             15.273068   slack (MET)


Startpoint: _2089_ (rising edge-triggered flip-flop clocked by aclk)
Endpoint: m_axis_tdata[0] (output port clocked by aclk)
Path Group: aclk
Path Type: max

Fanout         Cap        Slew       Delay        Time   Description
---------------------------------------------------------------------------------------------
                      0.150000    0.000000    0.000000   clock aclk (rise edge)
                                  0.000000    0.000000   clock network delay (ideal)
                      0.150000    0.000000    0.000000 ^ _2089_/CLK (sky130_fd_sc_hd__dfxtp_2)
     3    0.037393    0.194576    0.464359    0.464359 ^ _2089_/Q (sky130_fd_sc_hd__dfxtp_2)
                                                         m_axis_tdata[0] (net)
                      0.194576    0.000000    0.464359 ^ m_axis_tdata[0] (out)
                                              0.464359   data arrival time

                      0.150000   20.000000   20.000000   clock aclk (rise edge)
                                  0.000000   20.000000   clock network delay (ideal)
                                 -0.250000   19.750002   clock uncertainty
                                  0.000000   19.750002   clock reconvergence pessimism
                                 -4.000000   15.750001   output external delay
                                             15.750001   data required time
---------------------------------------------------------------------------------------------
                                             15.750001   data required time
                                             -0.464359   data arrival time
---------------------------------------------------------------------------------------------
                                             15.285642   slack (MET)


Startpoint: _2121_ (rising edge-triggered flip-flop clocked by aclk)
Endpoint: m_axis_tvalid (output port clocked by aclk)
Path Group: aclk
Path Type: max

Fanout         Cap        Slew       Delay        Time   Description
---------------------------------------------------------------------------------------------
                      0.150000    0.000000    0.000000   clock aclk (rise edge)
                                  0.000000    0.000000   clock network delay (ideal)
                      0.150000    0.000000    0.000000 ^ _2121_/CLK (sky130_fd_sc_hd__dfxtp_2)
     2    0.035131    0.183557    0.456588    0.456588 ^ _2121_/Q (sky130_fd_sc_hd__dfxtp_2)
                                                         m_axis_tvalid (net)
                      0.183557    0.000000    0.456588 ^ m_axis_tvalid (out)
                                              0.456588   data arrival time

                      0.150000   20.000000   20.000000   clock aclk (rise edge)
                                  0.000000   20.000000   clock network delay (ideal)
                                 -0.250000   19.750002   clock uncertainty
                                  0.000000   19.750002   clock reconvergence pessimism
                                 -4.000000   15.750001   output external delay
                                             15.750001   data required time
---------------------------------------------------------------------------------------------
                                             15.750001   data required time
                                             -0.456588   data arrival time
---------------------------------------------------------------------------------------------
                                             15.293413   slack (MET)



