Instance,Terminal,Layer,X location,Y location,Voltage
FILLER_47_281,VGND,li1,135.4700,141.4400,0.000074
FILLER_47_277,VGND,li1,133.6300,141.4400,0.000074
FILLER_47_265,VGND,li1,130.1800,141.4400,0.000074
FILLER_47_253,VGND,li1,124.6600,141.4400,0.000074
FILLER_47_245,VGND,li1,118.9100,141.4400,0.000074
FILLER_47_237,VGND,li1,116.3800,141.4400,0.000073
FILLER_47_225,VGND,li1,111.7800,141.4400,0.000073
FILLER_47_217,VGND,li1,106.0300,141.4400,0.000071
FILLER_47_209,VGND,li1,102.5800,141.4400,0.000071
FILLER_47_197,VGND,li1,98.9000,141.4400,0.000069
FILLER_47_195,VGND,li1,95.4500,141.4400,0.000067
FILLER_47_189,VGND,li1,93.8400,141.4400,0.000067
FILLER_47_182,VGND,li1,89.9300,141.4400,0.000064
FILLER_47_175,VGND,li1,86.7100,141.4400,0.000062
FILLER_47_169,VGND,li1,83.7200,141.4400,0.000061
FILLER_47_167,VGND,li1,82.5700,141.4400,0.000061
FILLER_47_163,VGND,li1,80.7300,141.4400,0.000059
FILLER_47_155,VGND,li1,78.6600,141.4400,0.000058
FILLER_47_141,VGND,li1,70.8400,141.4400,0.000050
FILLER_47_137,VGND,li1,69.2300,141.4400,0.000050
FILLER_47_125,VGND,li1,65.7800,141.4400,0.000047
FILLER_47_113,VGND,li1,60.2600,141.4400,0.000041
FILLER_47_109,VGND,li1,56.3500,141.4400,0.000038
FILLER_47_97,VGND,li1,52.9000,141.4400,0.000035
FILLER_47_85,VGND,li1,47.3800,141.4400,0.000030
FILLER_47_81,VGND,li1,43.4700,141.4400,0.000026
FILLER_47_69,VGND,li1,40.0200,141.4400,0.000023
FILLER_47_57,VGND,li1,34.5000,141.4400,0.000018
FILLER_47_53,VGND,li1,30.5900,141.4400,0.000014
FILLER_47_41,VGND,li1,27.1400,141.4400,0.000011
FILLER_47_29,VGND,li1,21.6200,141.4400,0.000009
FILLER_47_27,VGND,li1,18.1700,141.4400,0.000009
FILLER_47_15,VGND,li1,15.1800,141.4400,0.000009
FILLER_47_3,VGND,li1,9.6600,141.4400,0.000009
FILLER_46_283,VGND,li1,135.9300,136.0000,0.000237
FILLER_46_277,VGND,li1,134.3200,136.0000,0.000237
FILLER_46_265,VGND,li1,130.1800,136.0000,0.000237
FILLER_46_253,VGND,li1,124.6600,136.0000,0.000237
FILLER_46_249,VGND,li1,120.7500,136.0000,0.000237
FILLER_46_237,VGND,li1,117.3000,136.0000,0.000237
FILLER_46_225,VGND,li1,111.7800,136.0000,0.000237
FILLER_46_213,VGND,li1,106.2600,136.0000,0.000236
FILLER_46_205,VGND,li1,100.5100,136.0000,0.000236
FILLER_46_197,VGND,li1,97.9800,136.0000,0.000235
FILLER_46_195,VGND,li1,95.4500,136.0000,0.000234
FILLER_46_187,VGND,li1,93.3800,136.0000,0.000234
FILLER_46_177,VGND,li1,87.4000,136.0000,0.000228
FILLER_46_150,VGND,li1,75.9000,136.0000,0.000209
FILLER_46_141,VGND,li1,70.6100,136.0000,0.000193
FILLER_46_136,VGND,li1,69.0000,136.0000,0.000193
FILLER_46_124,VGND,li1,65.3200,136.0000,0.000177
FILLER_46_112,VGND,li1,59.8000,136.0000,0.000164
FILLER_46_100,VGND,li1,54.2800,136.0000,0.000143
FILLER_46_88,VGND,li1,48.7600,136.0000,0.000124
FILLER_46_75,VGND,li1,40.2500,136.0000,0.000094
FILLER_46_67,VGND,li1,38.1800,136.0000,0.000087
FILLER_46_55,VGND,li1,33.5800,136.0000,0.000074
FILLER_46_49,VGND,li1,28.5200,136.0000,0.000050
FILLER_46_41,VGND,li1,26.2200,136.0000,0.000041
FILLER_46_29,VGND,li1,21.6200,136.0000,0.000041
FILLER_46_27,VGND,li1,18.1700,136.0000,0.000041
FILLER_46_15,VGND,li1,15.1800,136.0000,0.000041
FILLER_46_3,VGND,li1,9.6600,136.0000,0.000041
FILLER_45_281,VGND,li1,135.4700,136.0000,0.000237
FILLER_45_279,VGND,li1,134.0900,136.0000,0.000237
FILLER_45_275,VGND,li1,132.9400,136.0000,0.000237
FILLER_45_263,VGND,li1,129.2600,136.0000,0.000237
FILLER_45_251,VGND,li1,123.7400,136.0000,0.000237
FILLER_45_229,VGND,li1,111.0900,136.0000,0.000236
FILLER_45_221,VGND,li1,107.8700,136.0000,0.000236
FILLER_45_213,VGND,li1,103.7300,136.0000,0.000236
FILLER_45_185,VGND,li1,90.8500,136.0000,0.000231
FILLER_45_164,VGND,li1,81.1900,136.0000,0.000219
FILLER_45_147,VGND,li1,73.3700,136.0000,0.000203
FILLER_45_130,VGND,li1,65.5500,136.0000,0.000177
FILLER_45_113,VGND,li1,60.2600,136.0000,0.000164
FILLER_45_107,VGND,li1,54.9700,136.0000,0.000143
FILLER_45_101,VGND,li1,53.3600,136.0000,0.000143
FILLER_45_78,VGND,li1,41.8600,136.0000,0.000103
FILLER_45_72,VGND,li1,38.8700,136.0000,0.000094
FILLER_45_42,VGND,li1,25.7600,136.0000,0.000041
FILLER_45_30,VGND,li1,22.0800,136.0000,0.000041
FILLER_45_18,VGND,li1,16.5600,136.0000,0.000041
FILLER_45_6,VGND,li1,11.0400,136.0000,0.000041
FILLER_44_283,VGND,li1,135.9300,130.5600,0.000210
FILLER_44_277,VGND,li1,134.3200,130.5600,0.000210
FILLER_44_265,VGND,li1,130.1800,130.5600,0.000210
FILLER_44_253,VGND,li1,124.6600,130.5600,0.000210
FILLER_44_251,VGND,li1,121.2100,130.5600,0.000210
FILLER_44_245,VGND,li1,119.6000,130.5600,0.000210
FILLER_44_197,VGND,li1,97.0600,130.5600,0.000200
FILLER_44_192,VGND,li1,94.7600,130.5600,0.000197
FILLER_44_180,VGND,li1,89.2400,130.5600,0.000190
FILLER_44_162,VGND,li1,80.2700,130.5600,0.000177
FILLER_44_158,VGND,li1,79.1200,130.5600,0.000177
FILLER_44_115,VGND,li1,59.8000,130.5600,0.000143
FILLER_44_108,VGND,li1,55.8900,130.5600,0.000135
FILLER_44_82,VGND,li1,43.7000,130.5600,0.000096
FILLER_44_75,VGND,li1,40.4800,130.5600,0.000086
FILLER_44_67,VGND,li1,37.2600,130.5600,0.000080
FILLER_44_55,VGND,li1,32.2000,130.5600,0.000061
FILLER_44_44,VGND,li1,26.4500,130.5600,0.000045
FILLER_44_36,VGND,li1,23.9200,130.5600,0.000036
FILLER_44_26,VGND,li1,17.9400,130.5600,0.000038
FILLER_44_18,VGND,li1,15.6400,130.5600,0.000038
FILLER_44_6,VGND,li1,11.0400,130.5600,0.000039
FILLER_43_281,VGND,li1,135.4700,130.5600,0.000210
FILLER_43_278,VGND,li1,133.8600,130.5600,0.000210
FILLER_43_266,VGND,li1,130.6400,130.5600,0.000210
FILLER_43_254,VGND,li1,125.1200,130.5600,0.000210
FILLER_43_242,VGND,li1,119.6000,130.5600,0.000210
FILLER_43_230,VGND,li1,114.0800,130.5600,0.000210
FILLER_43_209,VGND,li1,102.1200,130.5600,0.000205
FILLER_43_201,VGND,li1,99.8200,130.5600,0.000203
FILLER_43_181,VGND,li1,89.4700,130.5600,0.000190
FILLER_43_173,VGND,li1,86.9400,130.5600,0.000187
FILLER_43_164,VGND,li1,81.8800,130.5600,0.000180
FILLER_43_152,VGND,li1,78.2000,130.5600,0.000174
FILLER_43_134,VGND,li1,67.3900,130.5600,0.000160
FILLER_43_128,VGND,li1,65.7800,130.5600,0.000156
FILLER_43_109,VGND,li1,56.3500,130.5600,0.000135
FILLER_43_92,VGND,li1,48.5300,130.5600,0.000115
FILLER_43_81,VGND,li1,44.1600,130.5600,0.000102
FILLER_43_69,VGND,li1,40.0200,130.5600,0.000086
FILLER_43_57,VGND,li1,34.5000,130.5600,0.000071
FILLER_43_54,VGND,li1,30.8200,130.5600,0.000055
FILLER_43_42,VGND,li1,27.6000,130.5600,0.000045
FILLER_43_30,VGND,li1,22.0800,130.5600,0.000037
FILLER_43_26,VGND,li1,17.7100,130.5600,0.000038
FILLER_43_17,VGND,li1,14.7200,130.5600,0.000038
FILLER_43_11,VGND,li1,11.0400,130.5600,0.000039
FILLER_43_3,VGND,li1,8.7400,130.5600,0.000039
FILLER_42_283,VGND,li1,135.9300,125.1200,0.000088
FILLER_42_277,VGND,li1,134.3200,125.1200,0.000088
FILLER_42_265,VGND,li1,130.1800,125.1200,0.000088
FILLER_42_253,VGND,li1,124.6600,125.1200,0.000087
FILLER_42_250,VGND,li1,120.9800,125.1200,0.000087
FILLER_42_242,VGND,li1,118.6800,125.1200,0.000086
FILLER_42_230,VGND,li1,114.0800,125.1200,0.000086
FILLER_42_218,VGND,li1,108.5600,125.1200,0.000085
FILLER_42_209,VGND,li1,103.0400,125.1200,0.000084
FILLER_42_197,VGND,li1,98.9000,125.1200,0.000083
FILLER_42_195,VGND,li1,95.4500,125.1200,0.000082
FILLER_42_189,VGND,li1,93.8400,125.1200,0.000082
FILLER_42_177,VGND,li1,89.7000,125.1200,0.000079
FILLER_42_165,VGND,li1,84.1800,125.1200,0.000073
FILLER_42_153,VGND,li1,78.6600,125.1200,0.000069
FILLER_42_141,VGND,li1,73.1400,125.1200,0.000065
FILLER_42_139,VGND,li1,69.6900,125.1200,0.000060
FILLER_42_133,VGND,li1,68.0800,125.1200,0.000060
FILLER_42_121,VGND,li1,63.9400,125.1200,0.000057
FILLER_42_109,VGND,li1,58.4200,125.1200,0.000051
FILLER_42_97,VGND,li1,52.9000,125.1200,0.000047
FILLER_42_85,VGND,li1,47.3800,125.1200,0.000043
FILLER_42_83,VGND,li1,43.9300,125.1200,0.000040
FILLER_42_75,VGND,li1,41.8600,125.1200,0.000038
FILLER_42_66,VGND,li1,36.3400,125.1200,0.000031
FILLER_42_54,VGND,li1,33.1200,125.1200,0.000028
FILLER_42_43,VGND,li1,25.5300,125.1200,0.000021
FILLER_42_35,VGND,li1,23.4600,125.1200,0.000019
FILLER_42_26,VGND,li1,17.9400,125.1200,0.000022
FILLER_41_281,VGND,li1,135.4700,125.1200,0.000088
FILLER_41_274,VGND,li1,132.0200,125.1200,0.000088
FILLER_41_262,VGND,li1,128.8000,125.1200,0.000088
FILLER_41_249,VGND,li1,121.4400,125.1200,0.000087
FILLER_41_237,VGND,li1,117.3000,125.1200,0.000086
FILLER_41_225,VGND,li1,111.7800,125.1200,0.000085
FILLER_41_222,VGND,li1,108.1000,125.1200,0.000085
FILLER_41_214,VGND,li1,105.8000,125.1200,0.000084
FILLER_41_202,VGND,li1,101.2000,125.1200,0.000084
FILLER_41_185,VGND,li1,90.8500,125.1200,0.000079
FILLER_41_181,VGND,li1,89.7000,125.1200,0.000079
FILLER_41_169,VGND,li1,86.0200,125.1200,0.000076
FILLER_41_167,VGND,li1,82.5700,125.1200,0.000071
FILLER_41_161,VGND,li1,80.9600,125.1200,0.000071
FILLER_41_149,VGND,li1,76.8200,125.1200,0.000068
FILLER_41_137,VGND,li1,71.3000,125.1200,0.000062
FILLER_41_125,VGND,li1,65.7800,125.1200,0.000058
FILLER_41_113,VGND,li1,60.2600,125.1200,0.000054
FILLER_41_111,VGND,li1,56.8100,125.1200,0.000051
FILLER_41_103,VGND,li1,54.7400,125.1200,0.000049
FILLER_41_91,VGND,li1,50.1400,125.1200,0.000045
FILLER_41_79,VGND,li1,44.6200,125.1200,0.000040
FILLER_41_67,VGND,li1,39.1000,125.1200,0.000035
FILLER_41_63,VGND,li1,34.7300,125.1200,0.000031
FILLER_41_57,VGND,li1,33.1200,125.1200,0.000028
FILLER_41_53,VGND,li1,30.5900,125.1200,0.000026
FILLER_41_37,VGND,li1,24.3800,125.1200,0.000019
FILLER_41_27,VGND,li1,18.1700,125.1200,0.000022
FILLER_41_6,VGND,li1,10.1200,125.1200,0.000024
FILLER_40_282,VGND,li1,135.7000,119.6800,0.000251
FILLER_40_268,VGND,li1,129.2600,119.6800,0.000248
FILLER_40_250,VGND,li1,120.9800,119.6800,0.000242
FILLER_40_242,VGND,li1,118.6800,119.6800,0.000239
FILLER_40_230,VGND,li1,114.0800,119.6800,0.000234
FILLER_40_223,VGND,li1,108.5600,119.6800,0.000227
FILLER_40_217,VGND,li1,106.0300,119.6800,0.000225
FILLER_40_209,VGND,li1,103.5000,119.6800,0.000221
FILLER_40_197,VGND,li1,98.9000,119.6800,0.000215
FILLER_40_194,VGND,li1,95.2200,119.6800,0.000209
FILLER_40_182,VGND,li1,92.0000,119.6800,0.000204
FILLER_40_170,VGND,li1,86.4800,119.6800,0.000193
FILLER_40_151,VGND,li1,76.8200,119.6800,0.000176
FILLER_40_141,VGND,li1,70.8400,119.6800,0.000166
FILLER_40_126,VGND,li1,64.8600,119.6800,0.000153
FILLER_40_114,VGND,li1,60.7200,119.6800,0.000142
FILLER_40_102,VGND,li1,55.2000,119.6800,0.000125
FILLER_40_93,VGND,li1,48.9900,119.6800,0.000109
FILLER_40_85,VGND,li1,46.4600,119.6800,0.000103
FILLER_40_83,VGND,li1,43.9300,119.6800,0.000093
FILLER_40_79,VGND,li1,42.7800,119.6800,0.000093
FILLER_40_73,VGND,li1,39.3300,119.6800,0.000078
FILLER_40_67,VGND,li1,37.7200,119.6800,0.000078
FILLER_40_60,VGND,li1,33.3500,119.6800,0.000064
FILLER_40_44,VGND,li1,26.4500,119.6800,0.000037
FILLER_40_32,VGND,li1,23.0000,119.6800,0.000038
FILLER_40_27,VGND,li1,18.1700,119.6800,0.000040
FILLER_40_6,VGND,li1,8.5100,119.6800,0.000041
FILLER_39_281,VGND,li1,135.4700,119.6800,0.000251
FILLER_39_238,VGND,li1,115.9200,119.6800,0.000236
FILLER_39_225,VGND,li1,109.4800,119.6800,0.000227
FILLER_39_223,VGND,li1,108.3300,119.6800,0.000227
FILLER_39_207,VGND,li1,100.9700,119.6800,0.000218
FILLER_39_194,VGND,li1,95.2200,119.6800,0.000209
FILLER_39_186,VGND,li1,92.9200,119.6800,0.000204
FILLER_39_180,VGND,li1,88.5500,119.6800,0.000197
FILLER_39_176,VGND,li1,87.4000,119.6800,0.000197
FILLER_39_166,VGND,li1,82.3400,119.6800,0.000189
FILLER_39_150,VGND,li1,75.4400,119.6800,0.000176
FILLER_39_129,VGND,li1,65.0900,119.6800,0.000153
FILLER_39_117,VGND,li1,62.1000,119.6800,0.000142
FILLER_39_110,VGND,li1,56.5800,119.6800,0.000131
FILLER_39_102,VGND,li1,54.2800,119.6800,0.000125
FILLER_39_84,VGND,li1,44.3900,119.6800,0.000093
FILLER_39_67,VGND,li1,36.5700,119.6800,0.000070
FILLER_39_55,VGND,li1,31.0500,119.6800,0.000057
FILLER_39_43,VGND,li1,28.0600,119.6800,0.000047
FILLER_39_31,VGND,li1,22.5400,119.6800,0.000038
FILLER_39_3,VGND,li1,7.1300,119.6800,0.000041
FILLER_38_282,VGND,li1,135.7000,114.2400,0.000395
FILLER_38_247,VGND,li1,119.6000,114.2400,0.000386
FILLER_38_239,VGND,li1,117.3000,114.2400,0.000384
FILLER_38_213,VGND,li1,104.1900,114.2400,0.000366
FILLER_38_139,VGND,li1,69.6900,114.2400,0.000274
FILLER_38_125,VGND,li1,64.4000,114.2400,0.000248
FILLER_38_106,VGND,li1,54.7400,114.2400,0.000209
FILLER_38_99,VGND,li1,51.2900,114.2400,0.000188
FILLER_38_93,VGND,li1,48.9900,114.2400,0.000177
FILLER_38_85,VGND,li1,46.4600,114.2400,0.000167
FILLER_38_81,VGND,li1,43.4700,114.2400,0.000149
FILLER_38_73,VGND,li1,40.9400,114.2400,0.000139
FILLER_38_61,VGND,li1,36.3400,114.2400,0.000115
FILLER_38_53,VGND,li1,30.3600,114.2400,0.000084
FILLER_38_41,VGND,li1,27.1400,114.2400,0.000067
FILLER_38_29,VGND,li1,21.6200,114.2400,0.000057
FILLER_38_22,VGND,li1,17.0200,114.2400,0.000059
FILLER_38_6,VGND,li1,9.6600,114.2400,0.000059
FILLER_37_281,VGND,li1,135.4700,114.2400,0.000395
FILLER_37_279,VGND,li1,134.0900,114.2400,0.000395
FILLER_37_273,VGND,li1,132.4800,114.2400,0.000395
FILLER_37_261,VGND,li1,128.3400,114.2400,0.000393
FILLER_37_253,VGND,li1,122.5900,114.2400,0.000388
FILLER_37_245,VGND,li1,120.0600,114.2400,0.000386
FILLER_37_233,VGND,li1,115.4600,114.2400,0.000383
FILLER_37_223,VGND,li1,108.3300,114.2400,0.000375
FILLER_37_210,VGND,li1,102.8100,114.2400,0.000366
FILLER_37_188,VGND,li1,92.9200,114.2400,0.000346
FILLER_37_179,VGND,li1,88.0900,114.2400,0.000334
FILLER_37_154,VGND,li1,77.7400,114.2400,0.000304
FILLER_37_144,VGND,li1,72.2200,114.2400,0.000281
FILLER_37_132,VGND,li1,69.0000,114.2400,0.000265
FILLER_37_120,VGND,li1,63.4800,114.2400,0.000248
FILLER_37_113,VGND,li1,57.9600,114.2400,0.000218
FILLER_37_110,VGND,li1,56.5800,114.2400,0.000218
FILLER_37_99,VGND,li1,51.7500,114.2400,0.000188
FILLER_37_87,VGND,li1,48.3000,114.2400,0.000177
FILLER_37_75,VGND,li1,42.7800,114.2400,0.000149
FILLER_37_63,VGND,li1,37.2600,114.2400,0.000115
FILLER_37_54,VGND,li1,30.8200,114.2400,0.000084
FILLER_37_42,VGND,li1,25.7600,114.2400,0.000056
FILLER_37_30,VGND,li1,22.0800,114.2400,0.000057
FILLER_37_18,VGND,li1,14.2600,114.2400,0.000059
FILLER_37_6,VGND,li1,11.0400,114.2400,0.000059
FILLER_36_283,VGND,li1,135.9300,108.8000,0.000481
FILLER_36_277,VGND,li1,134.3200,108.8000,0.000481
FILLER_36_265,VGND,li1,130.1800,108.8000,0.000480
FILLER_36_253,VGND,li1,124.6600,108.8000,0.000478
FILLER_36_251,VGND,li1,121.2100,108.8000,0.000476
FILLER_36_245,VGND,li1,119.6000,108.8000,0.000476
FILLER_36_233,VGND,li1,115.4600,108.8000,0.000474
FILLER_36_221,VGND,li1,109.9400,108.8000,0.000471
FILLER_36_209,VGND,li1,104.4200,108.8000,0.000467
FILLER_36_197,VGND,li1,98.9000,108.8000,0.000465
FILLER_36_192,VGND,li1,94.7600,108.8000,0.000463
FILLER_36_180,VGND,li1,91.0800,108.8000,0.000437
FILLER_36_168,VGND,li1,85.5600,108.8000,0.000416
FILLER_36_141,VGND,li1,73.1400,108.8000,0.000345
FILLER_36_139,VGND,li1,69.6900,108.8000,0.000323
FILLER_36_133,VGND,li1,68.0800,108.8000,0.000323
FILLER_36_121,VGND,li1,63.9400,108.8000,0.000300
FILLER_36_109,VGND,li1,58.4200,108.8000,0.000270
FILLER_36_97,VGND,li1,52.9000,108.8000,0.000239
FILLER_36_85,VGND,li1,47.3800,108.8000,0.000209
FILLER_36_83,VGND,li1,43.9300,108.8000,0.000183
FILLER_36_79,VGND,li1,42.7800,108.8000,0.000183
FILLER_36_71,VGND,li1,38.4100,108.8000,0.000148
FILLER_36_65,VGND,li1,36.8000,108.8000,0.000148
FILLER_36_53,VGND,li1,32.6600,108.8000,0.000123
FILLER_36_41,VGND,li1,26.2200,108.8000,0.000079
FILLER_36_29,VGND,li1,21.6200,108.8000,0.000068
FILLER_36_22,VGND,li1,17.0200,108.8000,0.000069
FILLER_36_9,VGND,li1,11.0400,108.8000,0.000070
FILLER_35_281,VGND,li1,135.4700,108.8000,0.000481
FILLER_35_261,VGND,li1,127.4200,108.8000,0.000479
FILLER_35_249,VGND,li1,120.7500,108.8000,0.000476
FILLER_35_237,VGND,li1,117.3000,108.8000,0.000475
FILLER_35_225,VGND,li1,111.7800,108.8000,0.000472
FILLER_35_218,VGND,li1,107.1800,108.8000,0.000470
FILLER_35_206,VGND,li1,103.0400,108.8000,0.000467
FILLER_35_185,VGND,li1,90.8500,108.8000,0.000437
FILLER_35_181,VGND,li1,89.7000,108.8000,0.000437
FILLER_35_169,VGND,li1,86.0200,108.8000,0.000416
FILLER_35_167,VGND,li1,82.5700,108.8000,0.000398
FILLER_35_159,VGND,li1,80.5000,108.8000,0.000388
FILLER_35_147,VGND,li1,75.9000,108.8000,0.000365
FILLER_35_137,VGND,li1,69.9200,108.8000,0.000333
FILLER_35_125,VGND,li1,65.7800,108.8000,0.000310
FILLER_35_113,VGND,li1,60.2600,108.8000,0.000280
FILLER_35_111,VGND,li1,56.8100,108.8000,0.000255
FILLER_35_107,VGND,li1,55.6600,108.8000,0.000255
FILLER_35_91,VGND,li1,47.8400,108.8000,0.000209
FILLER_35_86,VGND,li1,45.3100,108.8000,0.000197
FILLER_35_63,VGND,li1,34.7300,108.8000,0.000136
FILLER_35_57,VGND,li1,33.1200,108.8000,0.000123
FILLER_35_54,VGND,li1,30.8200,108.8000,0.000112
FILLER_35_38,VGND,li1,23.4600,108.8000,0.000067
FILLER_35_30,VGND,li1,21.1600,108.8000,0.000068
FILLER_35_3,VGND,li1,7.3600,108.8000,0.000070
FILLER_34_282,VGND,li1,135.7000,103.3600,0.000931
FILLER_34_242,VGND,li1,117.7600,103.3600,0.000917
FILLER_34_230,VGND,li1,114.0800,103.3600,0.000910
FILLER_34_221,VGND,li1,107.8700,103.3600,0.000871
FILLER_34_205,VGND,li1,100.0500,103.3600,0.000815
FILLER_34_197,VGND,li1,97.9800,103.3600,0.000800
FILLER_34_188,VGND,li1,93.8400,103.3600,0.000769
FILLER_34_176,VGND,li1,89.2400,103.3600,0.000733
FILLER_34_164,VGND,li1,83.7200,103.3600,0.000677
FILLER_34_156,VGND,li1,77.5100,103.3600,0.000638
FILLER_34_149,VGND,li1,74.5200,103.3600,0.000613
FILLER_34_141,VGND,li1,70.8400,103.3600,0.000567
FILLER_34_138,VGND,li1,69.4600,103.3600,0.000567
FILLER_34_130,VGND,li1,65.5500,103.3600,0.000531
FILLER_34_126,VGND,li1,64.4000,103.3600,0.000512
FILLER_34_108,VGND,li1,56.1200,103.3600,0.000440
FILLER_34_96,VGND,li1,52.4400,103.3600,0.000402
FILLER_34_83,VGND,li1,43.9300,103.3600,0.000305
FILLER_34_79,VGND,li1,42.7800,103.3600,0.000305
FILLER_34_70,VGND,li1,37.9500,103.3600,0.000246
FILLER_34_64,VGND,li1,36.3400,103.3600,0.000225
FILLER_34_52,VGND,li1,32.2000,103.3600,0.000184
FILLER_34_41,VGND,li1,24.6100,103.3600,0.000110
FILLER_34_29,VGND,li1,21.6200,103.3600,0.000110
FILLER_34_27,VGND,li1,18.1700,103.3600,0.000111
FILLER_34_21,VGND,li1,16.5600,103.3600,0.000111
FILLER_34_10,VGND,li1,10.3500,103.3600,0.000112
FILLER_34_6,VGND,li1,9.2000,103.3600,0.000112
FILLER_33_281,VGND,li1,135.4700,103.3600,0.000931
FILLER_33_261,VGND,li1,126.2700,103.3600,0.000928
FILLER_33_221,VGND,li1,107.8700,103.3600,0.000871
FILLER_33_196,VGND,li1,96.6000,103.3600,0.000784
FILLER_33_169,VGND,li1,83.9500,103.3600,0.000677
FILLER_33_166,VGND,li1,82.3400,103.3600,0.000677
FILLER_33_154,VGND,li1,79.1200,103.3600,0.000638
FILLER_33_135,VGND,li1,69.4600,103.3600,0.000567
FILLER_33_120,VGND,li1,61.4100,103.3600,0.000492
FILLER_33_113,VGND,li1,57.7300,103.3600,0.000440
FILLER_33_109,VGND,li1,56.3500,103.3600,0.000440
FILLER_33_97,VGND,li1,52.9000,103.3600,0.000402
FILLER_33_85,VGND,li1,47.3800,103.3600,0.000342
FILLER_33_75,VGND,li1,40.9400,103.3600,0.000276
FILLER_33_68,VGND,li1,37.0300,103.3600,0.000246
FILLER_33_60,VGND,li1,34.9600,103.3600,0.000225
FILLER_33_55,VGND,li1,31.0500,103.3600,0.000184
FILLER_33_43,VGND,li1,25.5300,103.3600,0.000110
FILLER_33_37,VGND,li1,23.9200,103.3600,0.000110
FILLER_33_15,VGND,li1,15.1800,103.3600,0.000112
FILLER_33_3,VGND,li1,9.6600,103.3600,0.000112
FILLER_32_274,VGND,li1,132.9400,97.9200,0.000229
FILLER_32_258,VGND,li1,124.4300,97.9200,0.000227
FILLER_32_221,VGND,li1,108.1000,97.9200,0.000215
FILLER_32_209,VGND,li1,104.4200,97.9200,0.000210
FILLER_32_205,VGND,li1,100.0500,97.9200,0.000205
FILLER_32_197,VGND,li1,97.9800,97.9200,0.000202
FILLER_32_190,VGND,li1,94.3000,97.9200,0.000197
FILLER_32_184,VGND,li1,90.3900,97.9200,0.000191
FILLER_32_177,VGND,li1,87.4000,97.9200,0.000187
FILLER_32_165,VGND,li1,84.1800,97.9200,0.000180
FILLER_32_153,VGND,li1,78.6600,97.9200,0.000168
FILLER_32_141,VGND,li1,73.1400,97.9200,0.000157
FILLER_32_132,VGND,li1,68.0800,97.9200,0.000145
FILLER_32_120,VGND,li1,63.4800,97.9200,0.000134
FILLER_32_109,VGND,li1,56.1200,97.9200,0.000117
FILLER_32_97,VGND,li1,52.9000,97.9200,0.000110
FILLER_32_85,VGND,li1,47.3800,97.9200,0.000097
FILLER_32_80,VGND,li1,43.2400,97.9200,0.000086
FILLER_32_54,VGND,li1,33.1200,97.9200,0.000059
FILLER_32_41,VGND,li1,25.7600,97.9200,0.000038
FILLER_32_29,VGND,li1,21.6200,97.9200,0.000032
FILLER_32_26,VGND,li1,17.9400,97.9200,0.000033
FILLER_32_18,VGND,li1,15.6400,97.9200,0.000033
FILLER_32_6,VGND,li1,11.0400,97.9200,0.000033
FILLER_31_281,VGND,li1,135.4700,97.9200,0.000229
FILLER_31_272,VGND,li1,131.5600,97.9200,0.000228
FILLER_31_260,VGND,li1,127.8800,97.9200,0.000227
FILLER_31_249,VGND,li1,120.7500,97.9200,0.000225
FILLER_31_223,VGND,li1,108.3300,97.9200,0.000215
FILLER_31_214,VGND,li1,104.1900,97.9200,0.000210
FILLER_31_202,VGND,li1,101.2000,97.9200,0.000205
FILLER_31_190,VGND,li1,95.6800,97.9200,0.000197
FILLER_31_173,VGND,li1,85.3300,97.9200,0.000180
FILLER_31_169,VGND,li1,84.1800,97.9200,0.000180
FILLER_31_165,VGND,li1,82.1100,97.9200,0.000176
FILLER_31_153,VGND,li1,78.6600,97.9200,0.000168
FILLER_31_141,VGND,li1,73.1400,97.9200,0.000157
FILLER_31_129,VGND,li1,67.6200,97.9200,0.000145
FILLER_31_117,VGND,li1,62.1000,97.9200,0.000134
FILLER_31_111,VGND,li1,56.8100,97.9200,0.000122
FILLER_31_103,VGND,li1,54.7400,97.9200,0.000117
FILLER_31_87,VGND,li1,46.9200,97.9200,0.000097
FILLER_31_75,VGND,li1,42.7800,97.9200,0.000086
FILLER_31_65,VGND,li1,36.1100,97.9200,0.000067
FILLER_31_57,VGND,li1,33.5800,97.9200,0.000059
FILLER_31_54,VGND,li1,30.8200,97.9200,0.000053
FILLER_31_46,VGND,li1,27.1400,97.9200,0.000038
FILLER_31_34,VGND,li1,23.9200,97.9200,0.000032
FILLER_31_24,VGND,li1,16.7900,97.9200,0.000033
FILLER_31_18,VGND,li1,14.4900,97.9200,0.000033
FILLER_31_6,VGND,li1,11.0400,97.9200,0.000033
FILLER_30_277,VGND,li1,133.6300,92.4800,0.000238
FILLER_30_265,VGND,li1,130.1800,92.4800,0.000237
FILLER_30_253,VGND,li1,124.6600,92.4800,0.000235
FILLER_30_251,VGND,li1,121.2100,92.4800,0.000234
FILLER_30_239,VGND,li1,118.2200,92.4800,0.000232
FILLER_30_227,VGND,li1,112.7000,92.4800,0.000230
FILLER_30_215,VGND,li1,107.1800,92.4800,0.000227
FILLER_30_206,VGND,li1,101.6600,92.4800,0.000225
FILLER_30_197,VGND,li1,96.6000,92.4800,0.000223
FILLER_30_180,VGND,li1,90.1600,92.4800,0.000218
FILLER_30_171,VGND,li1,84.4100,92.4800,0.000214
FILLER_30_165,VGND,li1,82.8000,92.4800,0.000211
FILLER_30_157,VGND,li1,77.9700,92.4800,0.000206
FILLER_30_153,VGND,li1,76.8200,92.4800,0.000206
FILLER_30_141,VGND,li1,70.6100,92.4800,0.000191
FILLER_30_133,VGND,li1,67.3900,92.4800,0.000185
FILLER_30_121,VGND,li1,63.9400,92.4800,0.000174
FILLER_30_109,VGND,li1,58.4200,92.4800,0.000161
FILLER_30_97,VGND,li1,52.9000,92.4800,0.000143
FILLER_30_85,VGND,li1,47.3800,92.4800,0.000123
FILLER_30_78,VGND,li1,42.7800,92.4800,0.000110
FILLER_30_73,VGND,li1,39.3300,92.4800,0.000096
FILLER_30_69,VGND,li1,38.1800,92.4800,0.000096
FILLER_30_57,VGND,li1,34.5000,92.4800,0.000081
FILLER_30_45,VGND,li1,27.1400,92.4800,0.000058
FILLER_30_33,VGND,li1,23.4600,92.4800,0.000043
FILLER_30_13,VGND,li1,11.7300,92.4800,0.000048
FILLER_30_6,VGND,li1,9.2000,92.4800,0.000048
FILLER_29_281,VGND,li1,135.4700,92.4800,0.000238
FILLER_29_279,VGND,li1,134.0900,92.4800,0.000238
FILLER_29_268,VGND,li1,129.4900,92.4800,0.000237
FILLER_29_261,VGND,li1,126.0400,92.4800,0.000235
FILLER_29_249,VGND,li1,122.8200,92.4800,0.000234
FILLER_29_237,VGND,li1,117.3000,92.4800,0.000232
FILLER_29_225,VGND,li1,111.7800,92.4800,0.000230
FILLER_29_212,VGND,li1,105.8000,92.4800,0.000227
FILLER_29_200,VGND,li1,100.2800,92.4800,0.000224
FILLER_29_193,VGND,li1,94.7600,92.4800,0.000221
FILLER_29_181,VGND,li1,91.5400,92.4800,0.000218
FILLER_29_169,VGND,li1,86.0200,92.4800,0.000214
FILLER_29_167,VGND,li1,82.5700,92.4800,0.000211
FILLER_29_163,VGND,li1,81.4200,92.4800,0.000211
FILLER_29_152,VGND,li1,75.6700,92.4800,0.000202
FILLER_29_148,VGND,li1,74.5200,92.4800,0.000202
FILLER_29_137,VGND,li1,69.0000,92.4800,0.000191
FILLER_29_113,VGND,li1,58.8800,92.4800,0.000161
FILLER_29_110,VGND,li1,56.5800,92.4800,0.000155
FILLER_29_102,VGND,li1,54.2800,92.4800,0.000143
FILLER_29_90,VGND,li1,49.6800,92.4800,0.000133
FILLER_29_57,VGND,li1,33.5800,92.4800,0.000081
FILLER_29_54,VGND,li1,30.8200,92.4800,0.000066
FILLER_29_40,VGND,li1,24.8400,92.4800,0.000043
FILLER_29_28,VGND,li1,21.1600,92.4800,0.000044
FILLER_29_3,VGND,li1,7.1300,92.4800,0.000048
FILLER_28_282,VGND,li1,135.7000,87.0400,0.000352
FILLER_28_257,VGND,li1,123.9700,87.0400,0.000345
FILLER_28_253,VGND,li1,122.8200,87.0400,0.000343
FILLER_28_246,VGND,li1,120.0600,87.0400,0.000341
FILLER_28_234,VGND,li1,115.9200,87.0400,0.000336
FILLER_28_222,VGND,li1,110.4000,87.0400,0.000329
FILLER_28_213,VGND,li1,103.7300,87.0400,0.000323
FILLER_28_205,VGND,li1,101.6600,87.0400,0.000320
FILLER_28_197,VGND,li1,96.6000,87.0400,0.000307
FILLER_28_192,VGND,li1,94.0700,87.0400,0.000302
FILLER_28_186,VGND,li1,92.4600,87.0400,0.000302
FILLER_28_174,VGND,li1,88.3200,87.0400,0.000293
FILLER_28_162,VGND,li1,82.8000,87.0400,0.000281
FILLER_28_148,VGND,li1,73.8300,87.0400,0.000259
FILLER_28_139,VGND,li1,69.6900,87.0400,0.000242
FILLER_28_135,VGND,li1,68.5400,87.0400,0.000242
FILLER_28_123,VGND,li1,64.8600,87.0400,0.000228
FILLER_28_108,VGND,li1,56.5800,87.0400,0.000193
FILLER_28_97,VGND,li1,51.0600,87.0400,0.000174
FILLER_28_88,VGND,li1,46.6900,87.0400,0.000155
FILLER_28_82,VGND,li1,43.7000,87.0400,0.000141
FILLER_28_65,VGND,li1,35.8800,87.0400,0.000098
FILLER_28_53,VGND,li1,32.6600,87.0400,0.000089
FILLER_28_41,VGND,li1,25.3000,87.0400,0.000053
FILLER_28_29,VGND,li1,19.3200,87.0400,0.000056
FILLER_28_22,VGND,li1,17.0200,87.0400,0.000057
FILLER_28_10,VGND,li1,10.3500,87.0400,0.000058
FILLER_28_6,VGND,li1,9.2000,87.0400,0.000058
FILLER_27_281,VGND,li1,135.4700,87.0400,0.000352
FILLER_27_270,VGND,li1,131.1000,87.0400,0.000351
FILLER_27_248,VGND,li1,119.8300,87.0400,0.000341
FILLER_27_244,VGND,li1,118.6800,87.0400,0.000338
FILLER_27_233,VGND,li1,113.3900,87.0400,0.000334
FILLER_27_225,VGND,li1,110.8600,87.0400,0.000331
FILLER_27_189,VGND,li1,92.6900,87.0400,0.000302
FILLER_27_178,VGND,li1,88.0900,87.0400,0.000293
FILLER_27_166,VGND,li1,82.3400,87.0400,0.000281
FILLER_27_155,VGND,li1,77.2800,87.0400,0.000269
FILLER_27_148,VGND,li1,73.8300,87.0400,0.000259
FILLER_27_137,VGND,li1,69.2300,87.0400,0.000242
FILLER_27_129,VGND,li1,66.7000,87.0400,0.000235
FILLER_27_117,VGND,li1,62.1000,87.0400,0.000215
FILLER_27_105,VGND,li1,54.0500,87.0400,0.000185
FILLER_27_89,VGND,li1,47.1500,87.0400,0.000155
FILLER_27_69,VGND,li1,38.1800,87.0400,0.000114
FILLER_27_57,VGND,li1,34.5000,87.0400,0.000098
FILLER_27_50,VGND,li1,29.9000,87.0400,0.000076
FILLER_27_38,VGND,li1,25.7600,87.0400,0.000053
FILLER_27_30,VGND,li1,19.5500,87.0400,0.000056
FILLER_27_22,VGND,li1,17.4800,87.0400,0.000057
FILLER_27_3,VGND,li1,7.5900,87.0400,0.000059
FILLER_26_279,VGND,li1,134.0900,81.6000,0.000297
FILLER_26_267,VGND,li1,131.1000,81.6000,0.000296
FILLER_26_250,VGND,li1,120.9800,81.6000,0.000292
FILLER_26_220,VGND,li1,108.1000,81.6000,0.000278
FILLER_26_208,VGND,li1,103.9600,81.6000,0.000271
FILLER_26_190,VGND,li1,93.3800,81.6000,0.000257
FILLER_26_164,VGND,li1,81.6500,81.6000,0.000231
FILLER_26_156,VGND,li1,79.1200,81.6000,0.000227
FILLER_26_144,VGND,li1,74.5200,81.6000,0.000215
FILLER_26_139,VGND,li1,69.6900,81.6000,0.000203
FILLER_26_128,VGND,li1,64.6300,81.6000,0.000183
FILLER_26_124,VGND,li1,63.4800,81.6000,0.000183
FILLER_26_112,VGND,li1,59.8000,81.6000,0.000169
FILLER_26_100,VGND,li1,54.2800,81.6000,0.000151
FILLER_26_90,VGND,li1,47.3800,81.6000,0.000124
FILLER_26_82,VGND,li1,43.7000,81.6000,0.000116
FILLER_26_70,VGND,li1,40.4800,81.6000,0.000099
FILLER_26_58,VGND,li1,34.9600,81.6000,0.000082
FILLER_26_46,VGND,li1,29.4400,81.6000,0.000061
FILLER_26_34,VGND,li1,23.9200,81.6000,0.000042
FILLER_26_27,VGND,li1,18.1700,81.6000,0.000045
FILLER_26_22,VGND,li1,15.8700,81.6000,0.000046
FILLER_26_11,VGND,li1,10.8100,81.6000,0.000047
FILLER_26_7,VGND,li1,9.6600,81.6000,0.000047
FILLER_25_281,VGND,li1,135.4700,81.6000,0.000297
FILLER_25_275,VGND,li1,132.2500,81.6000,0.000296
FILLER_25_269,VGND,li1,130.6400,81.6000,0.000296
FILLER_25_252,VGND,li1,121.9000,81.6000,0.000292
FILLER_25_244,VGND,li1,119.6000,81.6000,0.000291
FILLER_25_238,VGND,li1,115.2300,81.6000,0.000289
FILLER_25_225,VGND,li1,110.4000,81.6000,0.000281
FILLER_25_223,VGND,li1,108.3300,81.6000,0.000278
FILLER_25_217,VGND,li1,106.7200,81.6000,0.000278
FILLER_25_205,VGND,li1,102.5800,81.6000,0.000271
FILLER_25_193,VGND,li1,97.0600,81.6000,0.000261
FILLER_25_181,VGND,li1,91.5400,81.6000,0.000254
FILLER_25_169,VGND,li1,86.0200,81.6000,0.000244
FILLER_25_167,VGND,li1,82.5700,81.6000,0.000231
FILLER_25_161,VGND,li1,80.9600,81.6000,0.000231
FILLER_25_149,VGND,li1,76.8200,81.6000,0.000221
FILLER_25_137,VGND,li1,71.3000,81.6000,0.000203
FILLER_25_119,VGND,li1,60.4900,81.6000,0.000169
FILLER_25_113,VGND,li1,58.8800,81.6000,0.000169
FILLER_25_110,VGND,li1,56.5800,81.6000,0.000162
FILLER_25_98,VGND,li1,53.3600,81.6000,0.000151
FILLER_25_86,VGND,li1,47.8400,81.6000,0.000131
FILLER_25_77,VGND,li1,41.6300,81.6000,0.000109
FILLER_25_69,VGND,li1,39.1000,81.6000,0.000099
FILLER_25_57,VGND,li1,34.5000,81.6000,0.000082
FILLER_25_55,VGND,li1,31.0500,81.6000,0.000069
FILLER_25_47,VGND,li1,28.9800,81.6000,0.000061
FILLER_25_35,VGND,li1,24.3800,81.6000,0.000042
FILLER_25_20,VGND,li1,15.1800,81.6000,0.000046
FILLER_25_3,VGND,li1,9.6600,81.6000,0.000047
FILLER_24_279,VGND,li1,134.0900,76.1600,0.000644
FILLER_24_267,VGND,li1,131.1000,76.1600,0.000644
FILLER_24_253,VGND,li1,123.7400,76.1600,0.000638
FILLER_24_249,VGND,li1,120.7500,76.1600,0.000635
FILLER_24_241,VGND,li1,118.2200,76.1600,0.000633
FILLER_24_229,VGND,li1,113.6200,76.1600,0.000629
FILLER_24_217,VGND,li1,108.1000,76.1600,0.000623
FILLER_24_195,VGND,li1,95.4500,76.1600,0.000576
FILLER_24_189,VGND,li1,93.8400,76.1600,0.000576
FILLER_24_177,VGND,li1,89.7000,76.1600,0.000552
FILLER_24_165,VGND,li1,84.1800,76.1600,0.000516
FILLER_24_153,VGND,li1,78.6600,76.1600,0.000485
FILLER_24_141,VGND,li1,73.1400,76.1600,0.000438
FILLER_24_139,VGND,li1,69.6900,76.1600,0.000425
FILLER_24_127,VGND,li1,66.7000,76.1600,0.000404
FILLER_24_117,VGND,li1,60.0300,76.1600,0.000353
FILLER_24_105,VGND,li1,56.5800,76.1600,0.000330
FILLER_24_93,VGND,li1,51.0600,76.1600,0.000288
FILLER_24_77,VGND,li1,41.6300,76.1600,0.000215
FILLER_24_69,VGND,li1,39.1000,76.1600,0.000195
FILLER_24_57,VGND,li1,34.5000,76.1600,0.000152
FILLER_24_43,VGND,li1,26.2200,76.1600,0.000084
FILLER_24_26,VGND,li1,17.9400,76.1600,0.000085
FILLER_24_18,VGND,li1,15.6400,76.1600,0.000085
FILLER_24_6,VGND,li1,11.0400,76.1600,0.000085
FILLER_23_281,VGND,li1,135.4700,76.1600,0.000644
FILLER_23_255,VGND,li1,123.2800,76.1600,0.000638
FILLER_23_243,VGND,li1,120.0600,76.1600,0.000635
FILLER_23_231,VGND,li1,114.5400,76.1600,0.000629
FILLER_23_222,VGND,li1,108.1000,76.1600,0.000623
FILLER_23_214,VGND,li1,105.8000,76.1600,0.000621
FILLER_23_202,VGND,li1,101.2000,76.1600,0.000616
FILLER_23_196,VGND,li1,96.1400,76.1600,0.000588
FILLER_23_191,VGND,li1,93.6100,76.1600,0.000565
FILLER_23_185,VGND,li1,92.0000,76.1600,0.000565
FILLER_23_169,VGND,li1,83.7200,76.1600,0.000516
FILLER_23_162,VGND,li1,81.4200,76.1600,0.000503
FILLER_23_154,VGND,li1,76.5900,76.1600,0.000472
FILLER_23_146,VGND,li1,74.5200,76.1600,0.000458
FILLER_23_134,VGND,li1,69.9200,76.1600,0.000425
FILLER_23_113,VGND,li1,57.7300,76.1600,0.000330
FILLER_23_111,VGND,li1,56.8100,76.1600,0.000330
FILLER_23_99,VGND,li1,53.8200,76.1600,0.000309
FILLER_23_87,VGND,li1,48.3000,76.1600,0.000267
FILLER_23_75,VGND,li1,42.7800,76.1600,0.000215
FILLER_23_57,VGND,li1,33.5800,76.1600,0.000152
FILLER_23_52,VGND,li1,30.3600,76.1600,0.000126
FILLER_23_37,VGND,li1,23.2300,76.1600,0.000084
FILLER_23_27,VGND,li1,18.4000,76.1600,0.000085
FILLER_23_15,VGND,li1,15.1800,76.1600,0.000085
FILLER_23_3,VGND,li1,9.6600,76.1600,0.000085
FILLER_22_272,VGND,li1,132.4800,70.7200,0.000467
FILLER_22_253,VGND,li1,123.2800,70.7200,0.000462
FILLER_22_249,VGND,li1,120.7500,70.7200,0.000460
FILLER_22_241,VGND,li1,118.2200,70.7200,0.000458
FILLER_22_212,VGND,li1,103.7300,70.7200,0.000438
FILLER_22_193,VGND,li1,94.9900,70.7200,0.000421
FILLER_22_184,VGND,li1,90.3900,70.7200,0.000409
FILLER_22_163,VGND,li1,80.7300,70.7200,0.000381
FILLER_22_141,VGND,li1,71.0700,70.7200,0.000345
FILLER_22_137,VGND,li1,69.2300,70.7200,0.000336
FILLER_22_129,VGND,li1,66.7000,70.7200,0.000322
FILLER_22_120,VGND,li1,60.9500,70.7200,0.000291
FILLER_22_116,VGND,li1,59.8000,70.7200,0.000278
FILLER_22_97,VGND,li1,51.0600,70.7200,0.000235
FILLER_22_85,VGND,li1,47.3800,70.7200,0.000207
FILLER_22_83,VGND,li1,43.9300,70.7200,0.000192
FILLER_22_73,VGND,li1,39.5600,70.7200,0.000166
FILLER_22_47,VGND,li1,28.5200,70.7200,0.000098
FILLER_22_29,VGND,li1,19.5500,70.7200,0.000067
FILLER_22_27,VGND,li1,18.1700,70.7200,0.000067
FILLER_22_15,VGND,li1,15.1800,70.7200,0.000067
FILLER_22_3,VGND,li1,9.6600,70.7200,0.000067
FILLER_21_281,VGND,li1,135.4700,70.7200,0.000468
FILLER_21_274,VGND,li1,132.0200,70.7200,0.000467
FILLER_21_251,VGND,li1,121.2100,70.7200,0.000460
FILLER_21_245,VGND,li1,119.6000,70.7200,0.000458
FILLER_21_233,VGND,li1,115.4600,70.7200,0.000455
FILLER_21_211,VGND,li1,104.4200,70.7200,0.000438
FILLER_21_194,VGND,li1,94.9900,70.7200,0.000421
FILLER_21_188,VGND,li1,93.3800,70.7200,0.000416
FILLER_21_181,VGND,li1,89.4700,70.7200,0.000409
FILLER_21_169,VGND,li1,86.0200,70.7200,0.000401
FILLER_21_160,VGND,li1,80.9600,70.7200,0.000381
FILLER_21_148,VGND,li1,76.3600,70.7200,0.000363
FILLER_21_138,VGND,li1,69.2300,70.7200,0.000336
FILLER_21_130,VGND,li1,67.1600,70.7200,0.000322
FILLER_21_118,VGND,li1,62.5600,70.7200,0.000291
FILLER_21_110,VGND,li1,56.5800,70.7200,0.000267
FILLER_21_96,VGND,li1,51.5200,70.7200,0.000235
FILLER_21_91,VGND,li1,47.8400,70.7200,0.000207
FILLER_21_83,VGND,li1,44.6200,70.7200,0.000192
FILLER_21_73,VGND,li1,39.5600,70.7200,0.000166
FILLER_21_57,VGND,li1,33.5800,70.7200,0.000129
FILLER_21_48,VGND,li1,29.4400,70.7200,0.000098
FILLER_21_34,VGND,li1,21.3900,70.7200,0.000067
FILLER_21_26,VGND,li1,19.3200,70.7200,0.000067
FILLER_21_14,VGND,li1,14.7200,70.7200,0.000067
FILLER_21_3,VGND,li1,8.7400,70.7200,0.000067
FILLER_20_283,VGND,li1,135.9300,65.2800,0.000264
FILLER_20_279,VGND,li1,134.7800,65.2800,0.000264
FILLER_20_267,VGND,li1,131.1000,65.2800,0.000264
FILLER_20_256,VGND,li1,123.5100,65.2800,0.000257
FILLER_20_251,VGND,li1,121.2100,65.2800,0.000256
FILLER_20_239,VGND,li1,118.2200,65.2800,0.000252
FILLER_20_212,VGND,li1,103.7300,65.2800,0.000232
FILLER_20_189,VGND,li1,92.9200,65.2800,0.000208
FILLER_20_177,VGND,li1,89.7000,65.2800,0.000204
FILLER_20_165,VGND,li1,84.1800,65.2800,0.000192
FILLER_20_153,VGND,li1,78.6600,65.2800,0.000178
FILLER_20_141,VGND,li1,73.1400,65.2800,0.000164
FILLER_20_139,VGND,li1,69.6900,65.2800,0.000160
FILLER_20_131,VGND,li1,66.0100,65.2800,0.000147
FILLER_20_119,VGND,li1,63.0200,65.2800,0.000142
FILLER_20_107,VGND,li1,57.5000,65.2800,0.000126
FILLER_20_95,VGND,li1,51.9800,65.2800,0.000109
FILLER_20_89,VGND,li1,46.6900,65.2800,0.000097
FILLER_20_85,VGND,li1,45.5400,65.2800,0.000090
FILLER_20_83,VGND,li1,43.9300,65.2800,0.000084
FILLER_20_77,VGND,li1,42.3200,65.2800,0.000084
FILLER_20_65,VGND,li1,38.1800,65.2800,0.000072
FILLER_20_53,VGND,li1,32.6600,65.2800,0.000056
FILLER_20_41,VGND,li1,27.1400,65.2800,0.000040
FILLER_20_29,VGND,li1,21.6200,65.2800,0.000035
FILLER_20_26,VGND,li1,17.9400,65.2800,0.000038
FILLER_20_7,VGND,li1,8.9700,65.2800,0.000039
FILLER_20_3,VGND,li1,7.8200,65.2800,0.000039
FILLER_19_281,VGND,li1,135.4700,65.2800,0.000264
FILLER_19_237,VGND,li1,117.3000,65.2800,0.000252
FILLER_19_225,VGND,li1,111.7800,65.2800,0.000246
FILLER_19_222,VGND,li1,108.1000,65.2800,0.000240
FILLER_19_205,VGND,li1,102.5800,65.2800,0.000228
FILLER_19_193,VGND,li1,94.5300,65.2800,0.000215
FILLER_19_181,VGND,li1,91.5400,65.2800,0.000208
FILLER_19_169,VGND,li1,86.0200,65.2800,0.000196
FILLER_19_164,VGND,li1,81.8800,65.2800,0.000187
FILLER_19_152,VGND,li1,78.2000,65.2800,0.000178
FILLER_19_140,VGND,li1,72.6800,65.2800,0.000164
FILLER_19_133,VGND,li1,67.1600,65.2800,0.000154
FILLER_19_125,VGND,li1,64.8600,65.2800,0.000147
FILLER_19_113,VGND,li1,60.2600,65.2800,0.000135
FILLER_19_111,VGND,li1,56.8100,65.2800,0.000120
FILLER_19_105,VGND,li1,55.2000,65.2800,0.000120
FILLER_19_93,VGND,li1,51.0600,65.2800,0.000109
FILLER_19_81,VGND,li1,45.5400,65.2800,0.000090
FILLER_19_69,VGND,li1,40.0200,65.2800,0.000077
FILLER_19_57,VGND,li1,34.5000,65.2800,0.000061
FILLER_19_50,VGND,li1,29.9000,65.2800,0.000048
FILLER_19_38,VGND,li1,25.7600,65.2800,0.000034
FILLER_19_26,VGND,li1,20.2400,65.2800,0.000037
FILLER_19_3,VGND,li1,7.3600,65.2800,0.000039
FILLER_18_272,VGND,li1,133.4000,59.8400,0.000335
FILLER_18_260,VGND,li1,127.8800,59.8400,0.000334
FILLER_18_245,VGND,li1,118.6800,59.8400,0.000332
FILLER_18_233,VGND,li1,115.4600,59.8400,0.000332
FILLER_18_221,VGND,li1,109.9400,59.8400,0.000328
FILLER_18_209,VGND,li1,104.4200,59.8400,0.000323
FILLER_18_197,VGND,li1,98.9000,59.8400,0.000317
FILLER_18_195,VGND,li1,95.4500,59.8400,0.000314
FILLER_18_187,VGND,li1,93.3800,59.8400,0.000312
FILLER_18_154,VGND,li1,77.0500,59.8400,0.000286
FILLER_18_141,VGND,li1,70.8400,59.8400,0.000259
FILLER_18_137,VGND,li1,69.2300,59.8400,0.000259
FILLER_18_125,VGND,li1,65.7800,59.8400,0.000245
FILLER_18_117,VGND,li1,59.5700,59.8400,0.000217
FILLER_18_109,VGND,li1,57.5000,59.8400,0.000209
FILLER_18_85,VGND,li1,44.8500,59.8400,0.000148
FILLER_18_82,VGND,li1,43.7000,59.8400,0.000148
FILLER_18_65,VGND,li1,36.3400,59.8400,0.000109
FILLER_18_53,VGND,li1,32.6600,59.8400,0.000087
FILLER_18_41,VGND,li1,27.1400,59.8400,0.000065
FILLER_18_29,VGND,li1,20.2400,59.8400,0.000055
FILLER_18_16,VGND,li1,15.6400,59.8400,0.000056
FILLER_18_3,VGND,li1,8.2800,59.8400,0.000056
FILLER_17_281,VGND,li1,135.4700,59.8400,0.000335
FILLER_17_273,VGND,li1,131.7900,59.8400,0.000335
FILLER_17_265,VGND,li1,129.2600,59.8400,0.000334
FILLER_17_253,VGND,li1,124.6600,59.8400,0.000333
FILLER_17_241,VGND,li1,119.1400,59.8400,0.000332
FILLER_17_221,VGND,li1,107.8700,59.8400,0.000326
FILLER_17_209,VGND,li1,104.4200,59.8400,0.000323
FILLER_17_197,VGND,li1,98.9000,59.8400,0.000317
FILLER_17_185,VGND,li1,93.3800,59.8400,0.000312
FILLER_17_169,VGND,li1,85.1000,59.8400,0.000302
FILLER_17_164,VGND,li1,81.8800,59.8400,0.000296
FILLER_17_145,VGND,li1,72.9100,59.8400,0.000268
FILLER_17_133,VGND,li1,69.4600,59.8400,0.000259
FILLER_17_121,VGND,li1,63.9400,59.8400,0.000238
FILLER_17_111,VGND,li1,56.8100,59.8400,0.000209
FILLER_17_107,VGND,li1,55.6600,59.8400,0.000200
FILLER_17_88,VGND,li1,47.3800,59.8400,0.000163
FILLER_17_75,VGND,li1,41.4000,59.8400,0.000137
FILLER_17_65,VGND,li1,35.8800,59.8400,0.000109
FILLER_17_57,VGND,li1,33.5800,59.8400,0.000097
FILLER_17_54,VGND,li1,30.8200,59.8400,0.000078
FILLER_17_32,VGND,li1,20.7000,59.8400,0.000055
FILLER_17_21,VGND,li1,15.4100,59.8400,0.000056
FILLER_17_15,VGND,li1,13.8000,59.8400,0.000056
FILLER_17_3,VGND,li1,9.6600,59.8400,0.000056
FILLER_16_276,VGND,li1,133.4000,54.4000,0.000313
FILLER_16_264,VGND,li1,129.7200,54.4000,0.000313
FILLER_16_253,VGND,li1,123.2800,54.4000,0.000307
FILLER_16_251,VGND,li1,121.2100,54.4000,0.000305
FILLER_16_247,VGND,li1,120.0600,54.4000,0.000305
FILLER_16_235,VGND,li1,116.3800,54.4000,0.000301
FILLER_16_219,VGND,li1,106.9500,54.4000,0.000291
FILLER_16_207,VGND,li1,103.5000,54.4000,0.000289
FILLER_16_197,VGND,li1,97.5200,54.4000,0.000281
FILLER_16_190,VGND,li1,94.3000,54.4000,0.000274
FILLER_16_178,VGND,li1,90.1600,54.4000,0.000266
FILLER_16_166,VGND,li1,84.6400,54.4000,0.000254
FILLER_16_154,VGND,li1,79.1200,54.4000,0.000242
FILLER_16_141,VGND,li1,71.7600,54.4000,0.000223
FILLER_16_139,VGND,li1,69.6900,54.4000,0.000215
FILLER_16_127,VGND,li1,64.4000,54.4000,0.000195
FILLER_16_117,VGND,li1,59.5700,54.4000,0.000182
FILLER_16_109,VGND,li1,57.5000,54.4000,0.000171
FILLER_16_97,VGND,li1,52.9000,54.4000,0.000156
FILLER_16_85,VGND,li1,47.3800,54.4000,0.000134
FILLER_16_78,VGND,li1,42.7800,54.4000,0.000115
FILLER_16_66,VGND,li1,38.6400,54.4000,0.000099
FILLER_16_42,VGND,li1,26.6800,54.4000,0.000043
FILLER_16_37,VGND,li1,23.0000,54.4000,0.000043
FILLER_16_29,VGND,li1,20.7000,54.4000,0.000043
FILLER_16_27,VGND,li1,18.1700,54.4000,0.000043
FILLER_16_15,VGND,li1,15.1800,54.4000,0.000043
FILLER_16_3,VGND,li1,9.6600,54.4000,0.000043
FILLER_15_281,VGND,li1,135.4700,54.4000,0.000313
FILLER_15_255,VGND,li1,123.0500,54.4000,0.000307
FILLER_15_249,VGND,li1,121.4400,54.4000,0.000305
FILLER_15_237,VGND,li1,117.3000,54.4000,0.000301
FILLER_15_225,VGND,li1,111.7800,54.4000,0.000297
FILLER_15_222,VGND,li1,108.1000,54.4000,0.000294
FILLER_15_193,VGND,li1,94.5300,54.4000,0.000274
FILLER_15_181,VGND,li1,91.5400,54.4000,0.000266
FILLER_15_169,VGND,li1,86.0200,54.4000,0.000254
FILLER_15_164,VGND,li1,81.8800,54.4000,0.000248
FILLER_15_156,VGND,li1,78.2000,54.4000,0.000237
FILLER_15_145,VGND,li1,72.9100,54.4000,0.000223
FILLER_15_133,VGND,li1,69.4600,54.4000,0.000215
FILLER_15_113,VGND,li1,60.2600,54.4000,0.000182
FILLER_15_111,VGND,li1,56.8100,54.4000,0.000171
FILLER_15_99,VGND,li1,53.8200,54.4000,0.000156
FILLER_15_87,VGND,li1,48.3000,54.4000,0.000134
FILLER_15_75,VGND,li1,42.7800,54.4000,0.000115
FILLER_15_57,VGND,li1,32.6600,54.4000,0.000069
FILLER_15_55,VGND,li1,31.0500,54.4000,0.000061
FILLER_15_49,VGND,li1,29.4400,54.4000,0.000061
FILLER_15_37,VGND,li1,25.3000,54.4000,0.000043
FILLER_15_25,VGND,li1,19.7800,54.4000,0.000043
FILLER_15_11,VGND,li1,11.2700,54.4000,0.000043
FILLER_15_3,VGND,li1,8.7400,54.4000,0.000043
FILLER_14_272,VGND,li1,131.5600,48.9600,0.000807
FILLER_14_253,VGND,li1,122.3600,48.9600,0.000799
FILLER_14_244,VGND,li1,118.4500,48.9600,0.000794
FILLER_14_239,VGND,li1,115.6900,48.9600,0.000791
FILLER_14_227,VGND,li1,112.7000,48.9600,0.000787
FILLER_14_212,VGND,li1,103.2700,48.9600,0.000731
FILLER_14_197,VGND,li1,96.3700,48.9600,0.000677
FILLER_14_192,VGND,li1,94.7600,48.9600,0.000677
FILLER_14_149,VGND,li1,74.7500,48.9600,0.000535
FILLER_14_141,VGND,li1,72.2200,48.9600,0.000509
FILLER_14_138,VGND,li1,69.4600,48.9600,0.000493
FILLER_14_128,VGND,li1,65.0900,48.9600,0.000447
FILLER_14_116,VGND,li1,61.6400,48.9600,0.000415
FILLER_14_104,VGND,li1,56.1200,48.9600,0.000377
FILLER_14_92,VGND,li1,50.6000,48.9600,0.000330
FILLER_14_81,VGND,li1,43.4700,48.9600,0.000262
FILLER_14_71,VGND,li1,38.6400,48.9600,0.000223
FILLER_14_63,VGND,li1,36.3400,48.9600,0.000202
FILLER_14_51,VGND,li1,31.7400,48.9600,0.000158
FILLER_14_42,VGND,li1,25.0700,48.9600,0.000095
FILLER_14_36,VGND,li1,23.4600,48.9600,0.000095
FILLER_14_20,VGND,li1,14.9500,48.9600,0.000097
FILLER_14_9,VGND,li1,9.8900,48.9600,0.000097
FILLER_14_3,VGND,li1,8.2800,48.9600,0.000097
FILLER_13_281,VGND,li1,135.4700,48.9600,0.000808
FILLER_13_222,VGND,li1,108.1000,48.9600,0.000760
FILLER_13_210,VGND,li1,102.3500,48.9600,0.000719
FILLER_13_204,VGND,li1,100.0500,48.9600,0.000701
FILLER_13_192,VGND,li1,96.6000,48.9600,0.000689
FILLER_13_180,VGND,li1,91.0800,48.9600,0.000648
FILLER_13_169,VGND,li1,83.9500,48.9600,0.000605
FILLER_13_159,VGND,li1,79.5800,48.9600,0.000573
FILLER_13_147,VGND,li1,75.9000,48.9600,0.000535
FILLER_13_135,VGND,li1,70.3800,48.9600,0.000493
FILLER_13_129,VGND,li1,65.0900,48.9600,0.000447
FILLER_13_125,VGND,li1,63.9400,48.9600,0.000447
FILLER_13_113,VGND,li1,60.2600,48.9600,0.000415
FILLER_13_104,VGND,li1,54.0500,48.9600,0.000349
FILLER_13_98,VGND,li1,51.2900,48.9600,0.000330
FILLER_13_86,VGND,li1,47.8400,48.9600,0.000291
FILLER_13_81,VGND,li1,43.0100,48.9600,0.000262
FILLER_13_69,VGND,li1,40.0200,48.9600,0.000223
FILLER_13_57,VGND,li1,34.5000,48.9600,0.000185
FILLER_13_48,VGND,li1,29.4400,48.9600,0.000139
FILLER_13_32,VGND,li1,21.1600,48.9600,0.000096
FILLER_13_20,VGND,li1,17.4800,48.9600,0.000097
FILLER_13_3,VGND,li1,7.8200,48.9600,0.000097
FILLER_12_280,VGND,li1,135.2400,43.5200,0.000520
FILLER_12_268,VGND,li1,131.5600,43.5200,0.000520
FILLER_12_253,VGND,li1,122.1300,43.5200,0.000519
FILLER_12_247,VGND,li1,119.3700,43.5200,0.000519
FILLER_12_241,VGND,li1,116.6100,43.5200,0.000518
FILLER_12_229,VGND,li1,113.6200,43.5200,0.000517
FILLER_12_221,VGND,li1,107.4100,43.5200,0.000515
FILLER_12_213,VGND,li1,105.3400,43.5200,0.000514
FILLER_12_202,VGND,li1,100.2800,43.5200,0.000512
FILLER_12_195,VGND,li1,95.4500,43.5200,0.000509
FILLER_12_183,VGND,li1,92.4600,43.5200,0.000497
FILLER_12_165,VGND,li1,84.1800,43.5200,0.000453
FILLER_12_153,VGND,li1,78.6600,43.5200,0.000424
FILLER_12_141,VGND,li1,73.1400,43.5200,0.000394
FILLER_12_132,VGND,li1,68.0800,43.5200,0.000366
FILLER_12_120,VGND,li1,63.4800,43.5200,0.000341
FILLER_12_112,VGND,li1,57.2700,43.5200,0.000298
FILLER_12_104,VGND,li1,55.2000,43.5200,0.000285
FILLER_12_98,VGND,li1,50.8300,43.5200,0.000257
FILLER_12_81,VGND,li1,43.4700,43.5200,0.000204
FILLER_12_69,VGND,li1,40.0200,43.5200,0.000188
FILLER_12_57,VGND,li1,34.5000,43.5200,0.000144
FILLER_12_44,VGND,li1,26.4500,43.5200,0.000092
FILLER_12_29,VGND,li1,20.7000,43.5200,0.000076
FILLER_12_22,VGND,li1,17.0200,43.5200,0.000076
FILLER_12_11,VGND,li1,11.0400,43.5200,0.000076
FILLER_12_3,VGND,li1,8.7400,43.5200,0.000076
FILLER_11_281,VGND,li1,135.4700,43.5200,0.000520
FILLER_11_276,VGND,li1,133.4000,43.5200,0.000520
FILLER_11_264,VGND,li1,129.7200,43.5200,0.000520
FILLER_11_252,VGND,li1,124.2000,43.5200,0.000520
FILLER_11_243,VGND,li1,118.6800,43.5200,0.000519
FILLER_11_235,VGND,li1,114.3100,43.5200,0.000517
FILLER_11_216,VGND,li1,106.7200,43.5200,0.000514
FILLER_11_211,VGND,li1,103.0400,43.5200,0.000513
FILLER_11_180,VGND,li1,88.5500,43.5200,0.000469
FILLER_11_169,VGND,li1,83.9500,43.5200,0.000443
FILLER_11_166,VGND,li1,82.3400,43.5200,0.000443
FILLER_11_158,VGND,li1,80.0400,43.5200,0.000424
FILLER_11_146,VGND,li1,75.4400,43.5200,0.000406
FILLER_11_133,VGND,li1,68.0800,43.5200,0.000366
FILLER_11_121,VGND,li1,63.9400,43.5200,0.000341
FILLER_11_99,VGND,li1,51.9800,43.5200,0.000271
FILLER_11_87,VGND,li1,48.3000,43.5200,0.000242
FILLER_11_73,VGND,li1,39.7900,43.5200,0.000188
FILLER_11_65,VGND,li1,37.2600,43.5200,0.000170
FILLER_11_45,VGND,li1,26.4500,43.5200,0.000092
FILLER_11_39,VGND,li1,24.8400,43.5200,0.000076
FILLER_11_27,VGND,li1,20.7000,43.5200,0.000076
FILLER_11_15,VGND,li1,15.1800,43.5200,0.000076
FILLER_11_3,VGND,li1,9.6600,43.5200,0.000076
FILLER_10_283,VGND,li1,135.9300,38.0800,0.000169
FILLER_10_277,VGND,li1,134.3200,38.0800,0.000169
FILLER_10_265,VGND,li1,130.1800,38.0800,0.000168
FILLER_10_253,VGND,li1,124.6600,38.0800,0.000167
FILLER_10_251,VGND,li1,121.2100,38.0800,0.000167
FILLER_10_245,VGND,li1,118.9100,38.0800,0.000167
FILLER_10_237,VGND,li1,116.3800,38.0800,0.000166
FILLER_10_231,VGND,li1,112.0100,38.0800,0.000165
FILLER_10_227,VGND,li1,110.8600,38.0800,0.000165
FILLER_10_215,VGND,li1,107.1800,38.0800,0.000164
FILLER_10_203,VGND,li1,101.6600,38.0800,0.000163
FILLER_10_197,VGND,li1,96.3700,38.0800,0.000162
FILLER_10_192,VGND,li1,94.7600,38.0800,0.000162
FILLER_10_186,VGND,li1,91.7700,38.0800,0.000161
FILLER_10_173,VGND,li1,85.5600,38.0800,0.000158
FILLER_10_161,VGND,li1,82.3400,38.0800,0.000157
FILLER_10_139,VGND,li1,69.6900,38.0800,0.000143
FILLER_10_133,VGND,li1,68.0800,38.0800,0.000143
FILLER_10_121,VGND,li1,63.9400,38.0800,0.000133
FILLER_10_109,VGND,li1,58.4200,38.0800,0.000121
FILLER_10_97,VGND,li1,52.9000,38.0800,0.000105
FILLER_10_85,VGND,li1,47.3800,38.0800,0.000093
FILLER_10_80,VGND,li1,43.2400,38.0800,0.000083
FILLER_10_68,VGND,li1,39.5600,38.0800,0.000074
FILLER_10_53,VGND,li1,31.7400,38.0800,0.000050
FILLER_10_41,VGND,li1,27.1400,38.0800,0.000037
FILLER_10_29,VGND,li1,21.6200,38.0800,0.000033
FILLER_10_26,VGND,li1,17.9400,38.0800,0.000034
FILLER_10_11,VGND,li1,11.0400,38.0800,0.000035
FILLER_10_3,VGND,li1,8.7400,38.0800,0.000035
FILLER_9_281,VGND,li1,135.4700,38.0800,0.000169
FILLER_9_275,VGND,li1,132.2500,38.0800,0.000169
FILLER_9_269,VGND,li1,130.6400,38.0800,0.000168
FILLER_9_257,VGND,li1,126.5000,38.0800,0.000168
FILLER_9_249,VGND,li1,120.9800,38.0800,0.000167
FILLER_9_237,VGND,li1,117.3000,38.0800,0.000166
FILLER_9_225,VGND,li1,111.7800,38.0800,0.000165
FILLER_9_223,VGND,li1,108.3300,38.0800,0.000164
FILLER_9_217,VGND,li1,106.7200,38.0800,0.000164
FILLER_9_205,VGND,li1,102.5800,38.0800,0.000163
FILLER_9_198,VGND,li1,97.0600,38.0800,0.000162
FILLER_9_188,VGND,li1,93.3800,38.0800,0.000161
FILLER_9_167,VGND,li1,82.5700,38.0800,0.000157
FILLER_9_163,VGND,li1,81.4200,38.0800,0.000157
FILLER_9_151,VGND,li1,77.7400,38.0800,0.000155
FILLER_9_139,VGND,li1,70.1500,38.0800,0.000146
FILLER_9_127,VGND,li1,64.1700,38.0800,0.000133
FILLER_9_123,VGND,li1,63.0200,38.0800,0.000133
FILLER_9_113,VGND,li1,57.9600,38.0800,0.000121
FILLER_9_106,VGND,li1,55.6600,38.0800,0.000115
FILLER_9_94,VGND,li1,51.5200,38.0800,0.000105
FILLER_9_89,VGND,li1,46.9200,38.0800,0.000093
FILLER_9_81,VGND,li1,44.6200,38.0800,0.000083
FILLER_9_69,VGND,li1,40.0200,38.0800,0.000074
FILLER_9_57,VGND,li1,34.5000,38.0800,0.000060
FILLER_9_55,VGND,li1,31.0500,38.0800,0.000050
FILLER_9_47,VGND,li1,28.9800,38.0800,0.000045
FILLER_9_43,VGND,li1,25.5300,38.0800,0.000032
FILLER_9_39,VGND,li1,24.3800,38.0800,0.000032
FILLER_9_27,VGND,li1,20.7000,38.0800,0.000033
FILLER_9_19,VGND,li1,14.4900,38.0800,0.000035
FILLER_9_9,VGND,li1,9.8900,38.0800,0.000035
FILLER_9_3,VGND,li1,8.2800,38.0800,0.000035
FILLER_8_282,VGND,li1,135.7000,32.6400,0.000282
FILLER_8_236,VGND,li1,115.4600,32.6400,0.000265
FILLER_8_224,VGND,li1,111.3200,32.6400,0.000260
FILLER_8_212,VGND,li1,105.8000,32.6400,0.000253
FILLER_8_205,VGND,li1,100.5100,32.6400,0.000243
FILLER_8_197,VGND,li1,97.9800,32.6400,0.000240
FILLER_8_195,VGND,li1,95.4500,32.6400,0.000235
FILLER_8_183,VGND,li1,92.4600,32.6400,0.000231
FILLER_8_169,VGND,li1,83.4900,32.6400,0.000213
FILLER_8_165,VGND,li1,82.3400,32.6400,0.000213
FILLER_8_153,VGND,li1,78.6600,32.6400,0.000206
FILLER_8_141,VGND,li1,73.1400,32.6400,0.000193
FILLER_8_138,VGND,li1,69.4600,32.6400,0.000189
FILLER_8_118,VGND,li1,62.5600,32.6400,0.000172
FILLER_8_106,VGND,li1,57.0400,32.6400,0.000155
FILLER_8_93,VGND,li1,49.6800,32.6400,0.000134
FILLER_8_82,VGND,li1,43.7000,32.6400,0.000113
FILLER_8_69,VGND,li1,38.6400,32.6400,0.000095
FILLER_8_59,VGND,li1,33.3500,32.6400,0.000075
FILLER_8_51,VGND,li1,30.8200,32.6400,0.000061
FILLER_8_37,VGND,li1,23.0000,32.6400,0.000043
FILLER_8_29,VGND,li1,20.7000,32.6400,0.000044
FILLER_8_25,VGND,li1,17.7100,32.6400,0.000045
FILLER_8_11,VGND,li1,11.2700,32.6400,0.000045
FILLER_8_3,VGND,li1,8.7400,32.6400,0.000045
FILLER_7_281,VGND,li1,135.4700,32.6400,0.000282
FILLER_7_274,VGND,li1,132.0200,32.6400,0.000282
FILLER_7_266,VGND,li1,129.7200,32.6400,0.000280
FILLER_7_237,VGND,li1,114.7700,32.6400,0.000265
FILLER_7_225,VGND,li1,111.7800,32.6400,0.000260
FILLER_7_221,VGND,li1,107.8700,32.6400,0.000256
FILLER_7_206,VGND,li1,100.7400,32.6400,0.000243
FILLER_7_198,VGND,li1,97.2900,32.6400,0.000240
FILLER_7_190,VGND,li1,94.7600,32.6400,0.000235
FILLER_7_178,VGND,li1,90.1600,32.6400,0.000225
FILLER_7_166,VGND,li1,82.3400,32.6400,0.000213
FILLER_7_154,VGND,li1,79.1200,32.6400,0.000206
FILLER_7_142,VGND,li1,73.6000,32.6400,0.000197
FILLER_7_125,VGND,li1,63.9400,32.6400,0.000172
FILLER_7_113,VGND,li1,60.2600,32.6400,0.000166
FILLER_7_109,VGND,li1,56.3500,32.6400,0.000155
FILLER_7_97,VGND,li1,50.3700,32.6400,0.000134
FILLER_7_87,VGND,li1,45.7700,32.6400,0.000121
FILLER_7_83,VGND,li1,44.6200,32.6400,0.000113
FILLER_7_77,VGND,li1,41.6300,32.6400,0.000106
FILLER_7_69,VGND,li1,39.1000,32.6400,0.000095
FILLER_7_57,VGND,li1,34.5000,32.6400,0.000075
FILLER_7_50,VGND,li1,29.9000,32.6400,0.000061
FILLER_7_38,VGND,li1,25.7600,32.6400,0.000043
FILLER_7_27,VGND,li1,18.8600,32.6400,0.000044
FILLER_7_15,VGND,li1,15.1800,32.6400,0.000045
FILLER_7_3,VGND,li1,9.6600,32.6400,0.000045
FILLER_6_282,VGND,li1,135.7000,27.2000,0.000357
FILLER_6_262,VGND,li1,126.9600,27.2000,0.000353
FILLER_6_250,VGND,li1,120.9800,27.2000,0.000348
FILLER_6_228,VGND,li1,111.7800,27.2000,0.000338
FILLER_6_216,VGND,li1,107.6400,27.2000,0.000333
FILLER_6_207,VGND,li1,100.9700,27.2000,0.000324
FILLER_6_197,VGND,li1,96.6000,27.2000,0.000315
FILLER_6_181,VGND,li1,91.5400,27.2000,0.000310
FILLER_6_157,VGND,li1,79.5800,27.2000,0.000286
FILLER_6_131,VGND,li1,66.0100,27.2000,0.000247
FILLER_6_118,VGND,li1,60.2600,27.2000,0.000219
FILLER_6_112,VGND,li1,57.7300,27.2000,0.000206
FILLER_6_97,VGND,li1,51.5200,27.2000,0.000179
FILLER_6_85,VGND,li1,47.3800,27.2000,0.000166
FILLER_6_83,VGND,li1,43.9300,27.2000,0.000143
FILLER_6_77,VGND,li1,42.3200,27.2000,0.000143
FILLER_6_65,VGND,li1,38.1800,27.2000,0.000124
FILLER_6_53,VGND,li1,32.6600,27.2000,0.000092
FILLER_6_26,VGND,li1,17.9400,27.2000,0.000062
FILLER_6_15,VGND,li1,13.3400,27.2000,0.000063
FILLER_6_3,VGND,li1,9.6600,27.2000,0.000063
FILLER_5_281,VGND,li1,135.4700,27.2000,0.000357
FILLER_5_275,VGND,li1,132.2500,27.2000,0.000357
FILLER_5_263,VGND,li1,129.2600,27.2000,0.000355
FILLER_5_255,VGND,li1,123.2800,27.2000,0.000350
FILLER_5_245,VGND,li1,118.4500,27.2000,0.000346
FILLER_5_225,VGND,li1,111.7800,27.2000,0.000338
FILLER_5_222,VGND,li1,108.1000,27.2000,0.000333
FILLER_5_210,VGND,li1,104.8800,27.2000,0.000328
FILLER_5_181,VGND,li1,91.5400,27.2000,0.000310
FILLER_5_169,VGND,li1,86.0200,27.2000,0.000299
FILLER_5_167,VGND,li1,82.5700,27.2000,0.000293
FILLER_5_155,VGND,li1,79.5800,27.2000,0.000286
FILLER_5_121,VGND,li1,61.6400,27.2000,0.000229
FILLER_5_113,VGND,li1,59.3400,27.2000,0.000219
FILLER_5_111,VGND,li1,56.8100,27.2000,0.000206
FILLER_5_103,VGND,li1,54.7400,27.2000,0.000197
FILLER_5_91,VGND,li1,50.1400,27.2000,0.000179
FILLER_5_79,VGND,li1,44.6200,27.2000,0.000152
FILLER_5_67,VGND,li1,39.1000,27.2000,0.000124
FILLER_5_50,VGND,li1,28.7500,27.2000,0.000078
FILLER_5_44,VGND,li1,25.9900,27.2000,0.000059
FILLER_5_38,VGND,li1,24.3800,27.2000,0.000060
FILLER_5_27,VGND,li1,18.8600,27.2000,0.000062
FILLER_5_15,VGND,li1,15.1800,27.2000,0.000063
FILLER_5_3,VGND,li1,9.6600,27.2000,0.000063
FILLER_4_277,VGND,li1,133.8600,21.7600,0.000086
FILLER_4_265,VGND,li1,130.1800,21.7600,0.000085
FILLER_4_253,VGND,li1,124.6600,21.7600,0.000084
FILLER_4_250,VGND,li1,120.9800,21.7600,0.000084
FILLER_4_238,VGND,li1,117.7600,21.7600,0.000083
FILLER_4_226,VGND,li1,112.2400,21.7600,0.000082
FILLER_4_214,VGND,li1,106.7200,21.7600,0.000079
FILLER_4_202,VGND,li1,101.2000,21.7600,0.000078
FILLER_4_194,VGND,li1,95.2200,21.7600,0.000074
FILLER_4_182,VGND,li1,92.0000,21.7600,0.000073
FILLER_4_177,VGND,li1,87.1700,21.7600,0.000070
FILLER_4_165,VGND,li1,84.1800,21.7600,0.000068
FILLER_4_153,VGND,li1,78.6600,21.7600,0.000062
FILLER_4_141,VGND,li1,73.1400,21.7600,0.000058
FILLER_4_139,VGND,li1,69.6900,21.7600,0.000056
FILLER_4_133,VGND,li1,68.0800,21.7600,0.000054
FILLER_4_121,VGND,li1,63.9400,21.7600,0.000052
FILLER_4_109,VGND,li1,58.4200,21.7600,0.000046
FILLER_4_97,VGND,li1,52.9000,21.7600,0.000042
FILLER_4_85,VGND,li1,47.3800,21.7600,0.000038
FILLER_4_76,VGND,li1,42.3200,21.7600,0.000034
FILLER_4_64,VGND,li1,37.7200,21.7600,0.000030
FILLER_4_49,VGND,li1,28.7500,21.7600,0.000020
FILLER_4_41,VGND,li1,26.2200,21.7600,0.000015
FILLER_4_29,VGND,li1,21.6200,21.7600,0.000015
FILLER_4_27,VGND,li1,18.1700,21.7600,0.000015
FILLER_4_15,VGND,li1,15.1800,21.7600,0.000015
FILLER_4_3,VGND,li1,9.6600,21.7600,0.000015
FILLER_3_281,VGND,li1,135.4700,21.7600,0.000086
FILLER_3_276,VGND,li1,133.4000,21.7600,0.000086
FILLER_3_270,VGND,li1,130.1800,21.7600,0.000085
FILLER_3_264,VGND,li1,127.1900,21.7600,0.000085
FILLER_3_258,VGND,li1,125.5800,21.7600,0.000085
FILLER_3_251,VGND,li1,121.9000,21.7600,0.000084
FILLER_3_239,VGND,li1,118.2200,21.7600,0.000083
FILLER_3_223,VGND,li1,108.3300,21.7600,0.000081
FILLER_3_211,VGND,li1,105.3400,21.7600,0.000079
FILLER_3_188,VGND,li1,92.4600,21.7600,0.000073
FILLER_3_178,VGND,li1,87.8600,21.7600,0.000070
FILLER_3_162,VGND,li1,81.4200,21.7600,0.000066
FILLER_3_150,VGND,li1,77.2800,21.7600,0.000062
FILLER_3_140,VGND,li1,70.1500,21.7600,0.000056
FILLER_3_133,VGND,li1,67.1600,21.7600,0.000054
FILLER_3_125,VGND,li1,64.8600,21.7600,0.000052
FILLER_3_113,VGND,li1,60.2600,21.7600,0.000049
FILLER_3_111,VGND,li1,56.8100,21.7600,0.000044
FILLER_3_105,VGND,li1,55.2000,21.7600,0.000044
FILLER_3_93,VGND,li1,51.0600,21.7600,0.000041
FILLER_3_81,VGND,li1,45.5400,21.7600,0.000035
FILLER_3_69,VGND,li1,40.0200,21.7600,0.000032
FILLER_3_57,VGND,li1,34.5000,21.7600,0.000026
FILLER_3_55,VGND,li1,31.0500,21.7600,0.000023
FILLER_3_51,VGND,li1,29.9000,21.7600,0.000020
FILLER_3_39,VGND,li1,26.2200,21.7600,0.000015
FILLER_3_27,VGND,li1,20.7000,21.7600,0.000015
FILLER_3_15,VGND,li1,15.1800,21.7600,0.000015
FILLER_3_3,VGND,li1,9.6600,21.7600,0.000015
FILLER_2_282,VGND,li1,135.7000,16.3200,0.000469
FILLER_2_248,VGND,li1,119.8300,16.3200,0.000460
FILLER_2_244,VGND,li1,118.6800,16.3200,0.000458
FILLER_2_222,VGND,li1,107.8700,16.3200,0.000442
FILLER_2_218,VGND,li1,106.7200,16.3200,0.000442
FILLER_2_190,VGND,li1,94.3000,16.3200,0.000411
FILLER_2_125,VGND,li1,63.2500,16.3200,0.000270
FILLER_2_121,VGND,li1,62.1000,16.3200,0.000270
FILLER_2_109,VGND,li1,58.4200,16.3200,0.000242
FILLER_2_97,VGND,li1,52.9000,16.3200,0.000217
FILLER_2_85,VGND,li1,47.3800,16.3200,0.000185
FILLER_2_83,VGND,li1,43.9300,16.3200,0.000156
FILLER_2_77,VGND,li1,42.3200,16.3200,0.000156
FILLER_2_65,VGND,li1,38.1800,16.3200,0.000132
FILLER_2_53,VGND,li1,32.6600,16.3200,0.000101
FILLER_2_41,VGND,li1,27.1400,16.3200,0.000069
FILLER_2_29,VGND,li1,21.6200,16.3200,0.000057
FILLER_2_27,VGND,li1,18.1700,16.3200,0.000057
FILLER_2_15,VGND,li1,15.1800,16.3200,0.000057
FILLER_2_3,VGND,li1,9.6600,16.3200,0.000057
FILLER_1_281,VGND,li1,135.4700,16.3200,0.000469
FILLER_1_276,VGND,li1,133.4000,16.3200,0.000469
FILLER_1_262,VGND,li1,126.5000,16.3200,0.000466
FILLER_1_254,VGND,li1,122.5900,16.3200,0.000462
FILLER_1_250,VGND,li1,121.4400,16.3200,0.000460
FILLER_1_238,VGND,li1,117.7600,16.3200,0.000458
FILLER_1_229,VGND,li1,111.0900,16.3200,0.000450
FILLER_1_225,VGND,li1,109.9400,16.3200,0.000446
FILLER_1_218,VGND,li1,107.1800,16.3200,0.000442
FILLER_1_201,VGND,li1,98.2100,16.3200,0.000420
FILLER_1_197,VGND,li1,97.0600,16.3200,0.000420
FILLER_1_185,VGND,li1,93.3800,16.3200,0.000403
FILLER_1_164,VGND,li1,81.8800,16.3200,0.000361
FILLER_1_155,VGND,li1,78.2000,16.3200,0.000352
FILLER_1_125,VGND,li1,64.4000,16.3200,0.000283
FILLER_1_113,VGND,li1,60.2600,16.3200,0.000259
FILLER_1_111,VGND,li1,56.8100,16.3200,0.000230
FILLER_1_105,VGND,li1,55.2000,16.3200,0.000230
FILLER_1_93,VGND,li1,51.0600,16.3200,0.000206
FILLER_1_81,VGND,li1,45.5400,16.3200,0.000168
FILLER_1_69,VGND,li1,40.0200,16.3200,0.000143
FILLER_1_57,VGND,li1,34.5000,16.3200,0.000111
FILLER_1_55,VGND,li1,31.0500,16.3200,0.000085
FILLER_1_51,VGND,li1,29.9000,16.3200,0.000085
FILLER_1_39,VGND,li1,26.2200,16.3200,0.000057
FILLER_1_27,VGND,li1,20.7000,16.3200,0.000057
FILLER_1_15,VGND,li1,15.1800,16.3200,0.000057
FILLER_1_3,VGND,li1,9.6600,16.3200,0.000057
FILLER_0_281,VGND,li1,135.4700,10.8800,0.000080
FILLER_0_277,VGND,li1,133.6300,10.8800,0.000080
FILLER_0_265,VGND,li1,130.1800,10.8800,0.000080
FILLER_0_253,VGND,li1,124.6600,10.8800,0.000080
FILLER_0_251,VGND,li1,121.2100,10.8800,0.000080
FILLER_0_243,VGND,li1,119.1400,10.8800,0.000080
FILLER_0_231,VGND,li1,114.5400,10.8800,0.000080
FILLER_0_225,VGND,li1,109.4800,10.8800,0.000079
FILLER_0_223,VGND,li1,108.3300,10.8800,0.000079
FILLER_0_217,VGND,li1,106.7200,10.8800,0.000079
FILLER_0_209,VGND,li1,102.5800,10.8800,0.000078
FILLER_0_197,VGND,li1,98.9000,10.8800,0.000077
FILLER_0_189,VGND,li1,93.1500,10.8800,0.000076
FILLER_0_182,VGND,li1,89.9300,10.8800,0.000074
FILLER_0_175,VGND,li1,86.7100,10.8800,0.000073
FILLER_0_169,VGND,li1,83.7200,10.8800,0.000071
FILLER_0_161,VGND,li1,80.2700,10.8800,0.000067
FILLER_0_154,VGND,li1,77.0500,10.8800,0.000063
FILLER_0_146,VGND,li1,73.6000,10.8800,0.000062
FILLER_0_141,VGND,li1,70.8400,10.8800,0.000057
FILLER_0_137,VGND,li1,69.2300,10.8800,0.000057
FILLER_0_125,VGND,li1,65.7800,10.8800,0.000053
FILLER_0_113,VGND,li1,60.2600,10.8800,0.000048
FILLER_0_109,VGND,li1,56.3500,10.8800,0.000043
FILLER_0_97,VGND,li1,52.9000,10.8800,0.000040
FILLER_0_85,VGND,li1,47.3800,10.8800,0.000034
FILLER_0_81,VGND,li1,43.4700,10.8800,0.000030
FILLER_0_69,VGND,li1,40.0200,10.8800,0.000026
FILLER_0_57,VGND,li1,34.5000,10.8800,0.000020
FILLER_0_53,VGND,li1,30.5900,10.8800,0.000016
FILLER_0_41,VGND,li1,27.1400,10.8800,0.000013
FILLER_0_29,VGND,li1,21.6200,10.8800,0.000011
FILLER_0_27,VGND,li1,18.1700,10.8800,0.000011
FILLER_0_15,VGND,li1,15.1800,10.8800,0.000011
FILLER_0_3,VGND,li1,9.6600,10.8800,0.000011
hold18,VGND,li1,74.9800,16.3200,0.000334
hold17,VGND,li1,103.0400,119.6800,0.000221
hold16,VGND,li1,123.7400,103.3600,0.000925
hold15,VGND,li1,90.1600,21.7600,0.000072
hold14,VGND,li1,105.8000,87.0400,0.000326
hold13,VGND,li1,118.2200,97.9200,0.000224
hold12,VGND,li1,74.5200,114.2400,0.000292
hold11,VGND,li1,88.7800,59.8400,0.000307
hold10,VGND,li1,131.5600,119.6800,0.000251
hold9,VGND,li1,111.7800,119.6800,0.000230
hold8,VGND,li1,72.6800,136.0000,0.000199
hold7,VGND,li1,73.1400,119.6800,0.000172
hold6,VGND,li1,89.7000,136.0000,0.000231
hold5,VGND,li1,90.6200,87.0400,0.000298
hold4,VGND,li1,74.9800,27.2000,0.000273
hold3,VGND,li1,100.2800,136.0000,0.000236
hold2,VGND,li1,79.1200,136.0000,0.000215
hold1,VGND,li1,92.4600,70.7200,0.000416
clkload1,VGND,li1,109.9400,103.3600,0.000886
clkload0,VGND,li1,108.5600,43.5200,0.000515
clkbuf_2_3__f_aclk,VGND,li1,113.6200,103.3600,0.000910
clkbuf_2_2__f_aclk,VGND,li1,95.6800,108.8000,0.000463
clkbuf_2_1__f_aclk,VGND,li1,113.6200,48.9600,0.000787
clkbuf_2_0__f_aclk,VGND,li1,94.7600,43.5200,0.000509
clkbuf_0_aclk,VGND,li1,100.7400,76.1600,0.000616
fanout107,VGND,li1,132.9400,92.4800,0.000238
fanout106,VGND,li1,131.1000,92.4800,0.000237
fanout105,VGND,li1,83.2600,81.6000,0.000236
fanout104,VGND,li1,131.5600,21.7600,0.000086
fanout103,VGND,li1,131.5600,16.3200,0.000469
fanout102,VGND,li1,88.3200,21.7600,0.000070
fanout101,VGND,li1,12.8800,119.6800,0.000040
fanout100,VGND,li1,12.4200,130.5600,0.000039
fanout99,VGND,li1,17.0200,125.1200,0.000022
fanout98,VGND,li1,44.6200,136.0000,0.000110
fanout97,VGND,li1,43.2400,136.0000,0.000110
fanout96,VGND,li1,12.8800,92.4800,0.000048
fanout95,VGND,li1,14.7200,87.0400,0.000058
fanout94,VGND,li1,32.4300,103.3600,0.000184
fanout93,VGND,li1,14.7200,65.2800,0.000039
fanout92,VGND,li1,44.3900,108.8000,0.000183
fanout91,VGND,li1,46.4600,108.8000,0.000197
fanout90,VGND,li1,43.4700,119.6800,0.000093
fanout89,VGND,li1,40.4800,92.4800,0.000104
fanout88,VGND,li1,36.3400,92.4800,0.000090
fanout87,VGND,li1,9.2000,125.1200,0.000024
fanout86,VGND,li1,29.4400,125.1200,0.000026
fanout85,VGND,li1,14.0300,125.1200,0.000023
fanout84,VGND,li1,29.9000,136.0000,0.000059
fanout83,VGND,li1,13.3400,114.2400,0.000059
fanout82,VGND,li1,12.8800,125.1200,0.000024
fanout81,VGND,li1,17.4800,119.6800,0.000040
fanout80,VGND,li1,11.9600,81.6000,0.000047
fanout79,VGND,li1,8.5100,108.8000,0.000070
fanout78,VGND,li1,11.5000,103.3600,0.000112
fanout77,VGND,li1,17.4800,92.4800,0.000046
fanout76,VGND,li1,16.5600,65.2800,0.000038
fanout75,VGND,li1,14.2600,81.6000,0.000046
fanout74,VGND,li1,99.8200,114.2400,0.000360
fanout73,VGND,li1,97.0600,130.5600,0.000200
fanout72,VGND,li1,87.4000,114.2400,0.000334
fanout71,VGND,li1,66.2400,119.6800,0.000153
fanout70,VGND,li1,86.4800,76.1600,0.000533
fanout69,VGND,li1,106.7200,70.7200,0.000443
fanout68,VGND,li1,99.8200,54.4000,0.000284
fanout67,VGND,li1,89.7000,76.1600,0.000552
fanout66,VGND,li1,82.8000,119.6800,0.000189
fanout65,VGND,li1,85.5600,114.2400,0.000329
fanout64,VGND,li1,97.0600,119.6800,0.000212
fanout63,VGND,li1,80.0400,54.4000,0.000242
fanout62,VGND,li1,110.4000,76.1600,0.000626
fanout61,VGND,li1,61.6400,27.2000,0.000229
fanout60,VGND,li1,129.9500,108.8000,0.000480
fanout59,VGND,li1,130.1800,70.7200,0.000467
fanout58,VGND,li1,105.3400,54.4000,0.000291
fanout57,VGND,li1,102.1200,32.6400,0.000248
max_cap56,VGND,li1,66.4700,76.1600,0.000392
output55,VGND,li1,81.8800,10.8800,0.000069
output54,VGND,li1,88.3200,10.8800,0.000073
output53,VGND,li1,75.4400,10.8800,0.000063
output52,VGND,li1,133.4000,87.0400,0.000352
output51,VGND,li1,133.4000,97.9200,0.000229
output50,VGND,li1,135.2400,97.9200,0.000229
output49,VGND,li1,104.4200,141.4400,0.000071
output48,VGND,li1,107.6400,141.4400,0.000072
output47,VGND,li1,120.5200,141.4400,0.000074
output46,VGND,li1,88.3200,141.4400,0.000064
output45,VGND,li1,133.4000,125.1200,0.000088
output44,VGND,li1,134.3200,119.6800,0.000251
output43,VGND,li1,75.9000,141.4400,0.000056
output42,VGND,li1,131.5600,108.8000,0.000480
output41,VGND,li1,133.4000,108.8000,0.000481
output40,VGND,li1,135.2400,81.6000,0.000297
output39,VGND,li1,135.2400,92.4800,0.000238
output38,VGND,li1,133.4000,81.6000,0.000297
output37,VGND,li1,135.2400,70.7200,0.000468
output36,VGND,li1,110.8600,10.8800,0.000080
output35,VGND,li1,133.4000,27.2000,0.000357
output34,VGND,li1,133.4000,32.6400,0.000282
output33,VGND,li1,133.4000,38.0800,0.000169
output32,VGND,li1,91.5400,141.4400,0.000066
output31,VGND,li1,133.4000,48.9600,0.000808
output30,VGND,li1,135.2400,48.9600,0.000808
output29,VGND,li1,133.4000,59.8400,0.000335
output28,VGND,li1,135.2400,54.4000,0.000313
output27,VGND,li1,104.4200,10.8800,0.000079
output26,VGND,li1,94.7600,10.8800,0.000076
output25,VGND,li1,85.1000,10.8800,0.000071
output24,VGND,li1,91.5400,10.8800,0.000074
output23,VGND,li1,133.4000,70.7200,0.000467
output22,VGND,li1,135.2400,76.1600,0.000644
output21,VGND,li1,85.1000,141.4400,0.000062
input20,VGND,li1,81.6500,141.4400,0.000059
input19,VGND,li1,71.9900,10.8800,0.000059
input18,VGND,li1,7.5900,87.0400,0.000059
input17,VGND,li1,7.5900,97.9200,0.000034
input16,VGND,li1,7.8200,81.6000,0.000047
input15,VGND,li1,7.5900,103.3600,0.000113
input14,VGND,li1,7.5900,97.9200,0.000034
input13,VGND,li1,8.9700,108.8000,0.000070
input12,VGND,li1,7.5900,136.0000,0.000042
input11,VGND,li1,7.5900,114.2400,0.000059
input10,VGND,li1,7.5900,119.6800,0.000041
input9,VGND,li1,7.5900,76.1600,0.000086
input8,VGND,li1,7.5900,92.4800,0.000048
input7,VGND,li1,7.5900,108.8000,0.000070
input6,VGND,li1,7.5900,114.2400,0.000059
input5,VGND,li1,7.5900,125.1200,0.000024
input4,VGND,li1,7.5900,130.5600,0.000039
input3,VGND,li1,7.5900,125.1200,0.000024
input2,VGND,li1,78.6600,10.8800,0.000067
input1,VGND,li1,135.4700,21.7600,0.000086
TAP_TAPCELL_ROW_47_345,VGND,li1,134.5500,141.1480,0.000074
TAP_TAPCELL_ROW_47_344,VGND,li1,121.6700,141.1480,0.000074
TAP_TAPCELL_ROW_47_343,VGND,li1,108.7900,141.1480,0.000072
TAP_TAPCELL_ROW_47_342,VGND,li1,95.9100,141.1480,0.000068
TAP_TAPCELL_ROW_47_341,VGND,li1,83.0300,141.1480,0.000061
TAP_TAPCELL_ROW_47_340,VGND,li1,70.1500,141.1480,0.000050
TAP_TAPCELL_ROW_47_339,VGND,li1,57.2700,141.1480,0.000038
TAP_TAPCELL_ROW_47_338,VGND,li1,44.3900,141.1480,0.000026
TAP_TAPCELL_ROW_47_337,VGND,li1,31.5100,141.1480,0.000014
TAP_TAPCELL_ROW_47_336,VGND,li1,18.6300,141.1480,0.000009
TAP_TAPCELL_ROW_46_335,VGND,li1,121.6700,136.2910,0.000237
TAP_TAPCELL_ROW_46_334,VGND,li1,95.9100,136.2910,0.000234
TAP_TAPCELL_ROW_46_333,VGND,li1,70.1500,136.2910,0.000193
TAP_TAPCELL_ROW_46_332,VGND,li1,44.3900,136.2910,0.000110
TAP_TAPCELL_ROW_46_331,VGND,li1,18.6300,136.2910,0.000041
TAP_TAPCELL_ROW_45_330,VGND,li1,134.5500,135.7080,0.000237
TAP_TAPCELL_ROW_45_329,VGND,li1,108.7900,135.7080,0.000236
TAP_TAPCELL_ROW_45_328,VGND,li1,83.0300,135.7080,0.000222
TAP_TAPCELL_ROW_45_327,VGND,li1,57.2700,135.7080,0.000152
TAP_TAPCELL_ROW_45_326,VGND,li1,31.5100,135.7080,0.000066
TAP_TAPCELL_ROW_44_325,VGND,li1,121.6700,130.8510,0.000210
TAP_TAPCELL_ROW_44_324,VGND,li1,95.9100,130.8510,0.000197
TAP_TAPCELL_ROW_44_323,VGND,li1,70.1500,130.8510,0.000163
TAP_TAPCELL_ROW_44_322,VGND,li1,44.3900,130.8510,0.000102
TAP_TAPCELL_ROW_44_321,VGND,li1,18.6300,130.8510,0.000038
TAP_TAPCELL_ROW_43_320,VGND,li1,134.5500,130.2680,0.000210
TAP_TAPCELL_ROW_43_319,VGND,li1,108.7900,130.2680,0.000210
TAP_TAPCELL_ROW_43_318,VGND,li1,83.0300,130.2680,0.000180
TAP_TAPCELL_ROW_43_317,VGND,li1,57.2700,130.2680,0.000135
TAP_TAPCELL_ROW_43_316,VGND,li1,31.5100,130.2680,0.000061
TAP_TAPCELL_ROW_42_315,VGND,li1,121.6700,125.4110,0.000087
TAP_TAPCELL_ROW_42_314,VGND,li1,95.9100,125.4110,0.000083
TAP_TAPCELL_ROW_42_313,VGND,li1,70.1500,125.4110,0.000062
TAP_TAPCELL_ROW_42_312,VGND,li1,44.3900,125.4110,0.000040
TAP_TAPCELL_ROW_42_311,VGND,li1,18.6300,125.4110,0.000022
TAP_TAPCELL_ROW_41_310,VGND,li1,134.5500,124.8280,0.000088
TAP_TAPCELL_ROW_41_309,VGND,li1,108.7900,124.8280,0.000085
TAP_TAPCELL_ROW_41_308,VGND,li1,83.0300,124.8280,0.000073
TAP_TAPCELL_ROW_41_307,VGND,li1,57.2700,124.8280,0.000051
TAP_TAPCELL_ROW_41_306,VGND,li1,31.5100,124.8280,0.000028
TAP_TAPCELL_ROW_40_305,VGND,li1,121.6700,119.9710,0.000242
TAP_TAPCELL_ROW_40_304,VGND,li1,95.9100,119.9710,0.000209
TAP_TAPCELL_ROW_40_303,VGND,li1,70.1500,119.9710,0.000166
TAP_TAPCELL_ROW_40_302,VGND,li1,44.3900,119.9710,0.000093
TAP_TAPCELL_ROW_40_301,VGND,li1,18.6300,119.9710,0.000039
TAP_TAPCELL_ROW_39_300,VGND,li1,134.5500,119.3880,0.000251
TAP_TAPCELL_ROW_39_299,VGND,li1,108.7900,119.3880,0.000227
TAP_TAPCELL_ROW_39_298,VGND,li1,83.0300,119.3880,0.000189
TAP_TAPCELL_ROW_39_297,VGND,li1,57.2700,119.3880,0.000131
TAP_TAPCELL_ROW_39_296,VGND,li1,31.5100,119.3880,0.000057
TAP_TAPCELL_ROW_38_295,VGND,li1,121.6700,114.5310,0.000388
TAP_TAPCELL_ROW_38_294,VGND,li1,95.9100,114.5310,0.000353
TAP_TAPCELL_ROW_38_293,VGND,li1,70.1500,114.5310,0.000274
TAP_TAPCELL_ROW_38_292,VGND,li1,44.3900,114.5310,0.000149
TAP_TAPCELL_ROW_38_291,VGND,li1,18.6300,114.5310,0.000058
TAP_TAPCELL_ROW_37_290,VGND,li1,134.5500,113.9480,0.000395
TAP_TAPCELL_ROW_37_289,VGND,li1,108.7900,113.9480,0.000375
TAP_TAPCELL_ROW_37_288,VGND,li1,83.0300,113.9480,0.000321
TAP_TAPCELL_ROW_37_287,VGND,li1,57.2700,113.9480,0.000218
TAP_TAPCELL_ROW_37_286,VGND,li1,31.5100,113.9480,0.000084
TAP_TAPCELL_ROW_36_285,VGND,li1,121.6700,109.0910,0.000477
TAP_TAPCELL_ROW_36_284,VGND,li1,95.9100,109.0910,0.000463
TAP_TAPCELL_ROW_36_283,VGND,li1,70.1500,109.0910,0.000333
TAP_TAPCELL_ROW_36_282,VGND,li1,44.3900,109.0910,0.000183
TAP_TAPCELL_ROW_36_281,VGND,li1,18.6300,109.0910,0.000068
TAP_TAPCELL_ROW_35_280,VGND,li1,134.5500,108.5080,0.000481
TAP_TAPCELL_ROW_35_279,VGND,li1,108.7900,108.5080,0.000470
TAP_TAPCELL_ROW_35_278,VGND,li1,83.0300,108.5080,0.000398
TAP_TAPCELL_ROW_35_277,VGND,li1,57.2700,108.5080,0.000255
TAP_TAPCELL_ROW_35_276,VGND,li1,31.5100,108.5080,0.000112
TAP_TAPCELL_ROW_34_275,VGND,li1,121.6700,103.6510,0.000921
TAP_TAPCELL_ROW_34_274,VGND,li1,95.9100,103.6510,0.000784
TAP_TAPCELL_ROW_34_273,VGND,li1,70.1500,103.6510,0.000567
TAP_TAPCELL_ROW_34_272,VGND,li1,44.3900,103.6510,0.000305
TAP_TAPCELL_ROW_34_271,VGND,li1,18.6300,103.6510,0.000111
TAP_TAPCELL_ROW_33_270,VGND,li1,134.5500,103.0680,0.000931
TAP_TAPCELL_ROW_33_269,VGND,li1,108.7900,103.0680,0.000871
TAP_TAPCELL_ROW_33_268,VGND,li1,83.0300,103.0680,0.000677
TAP_TAPCELL_ROW_33_267,VGND,li1,57.2700,103.0680,0.000440
TAP_TAPCELL_ROW_33_266,VGND,li1,31.5100,103.0680,0.000184
TAP_TAPCELL_ROW_32_265,VGND,li1,121.6700,98.2110,0.000225
TAP_TAPCELL_ROW_32_264,VGND,li1,95.9100,98.2110,0.000197
TAP_TAPCELL_ROW_32_263,VGND,li1,70.1500,98.2110,0.000151
TAP_TAPCELL_ROW_32_262,VGND,li1,44.3900,98.2110,0.000086
TAP_TAPCELL_ROW_32_261,VGND,li1,18.6300,98.2110,0.000033
TAP_TAPCELL_ROW_31_260,VGND,li1,134.5500,97.6280,0.000229
TAP_TAPCELL_ROW_31_259,VGND,li1,108.7900,97.6280,0.000215
TAP_TAPCELL_ROW_31_258,VGND,li1,83.0300,97.6280,0.000176
TAP_TAPCELL_ROW_31_257,VGND,li1,57.2700,97.6280,0.000122
TAP_TAPCELL_ROW_31_256,VGND,li1,31.5100,97.6280,0.000053
TAP_TAPCELL_ROW_30_255,VGND,li1,121.6700,92.7710,0.000234
TAP_TAPCELL_ROW_30_254,VGND,li1,95.9100,92.7710,0.000221
TAP_TAPCELL_ROW_30_253,VGND,li1,70.1500,92.7710,0.000191
TAP_TAPCELL_ROW_30_252,VGND,li1,44.3900,92.7710,0.000117
TAP_TAPCELL_ROW_30_251,VGND,li1,18.6300,92.7710,0.000046
TAP_TAPCELL_ROW_29_250,VGND,li1,134.5500,92.1880,0.000238
TAP_TAPCELL_ROW_29_249,VGND,li1,108.7900,92.1880,0.000228
TAP_TAPCELL_ROW_29_248,VGND,li1,83.0300,92.1880,0.000211
TAP_TAPCELL_ROW_29_247,VGND,li1,57.2700,92.1880,0.000155
TAP_TAPCELL_ROW_29_246,VGND,li1,31.5100,92.1880,0.000073
TAP_TAPCELL_ROW_28_245,VGND,li1,121.6700,87.3310,0.000343
TAP_TAPCELL_ROW_28_244,VGND,li1,95.9100,87.3310,0.000307
TAP_TAPCELL_ROW_28_243,VGND,li1,70.1500,87.3310,0.000242
TAP_TAPCELL_ROW_28_242,VGND,li1,44.3900,87.3310,0.000141
TAP_TAPCELL_ROW_28_241,VGND,li1,18.6300,87.3310,0.000057
TAP_TAPCELL_ROW_27_240,VGND,li1,134.5500,86.7480,0.000352
TAP_TAPCELL_ROW_27_239,VGND,li1,108.7900,86.7480,0.000329
TAP_TAPCELL_ROW_27_238,VGND,li1,83.0300,86.7480,0.000281
TAP_TAPCELL_ROW_27_237,VGND,li1,57.2700,86.7480,0.000193
TAP_TAPCELL_ROW_27_236,VGND,li1,31.5100,86.7480,0.000076
TAP_TAPCELL_ROW_26_235,VGND,li1,121.6700,81.8910,0.000292
TAP_TAPCELL_ROW_26_234,VGND,li1,95.9100,81.8910,0.000261
TAP_TAPCELL_ROW_26_233,VGND,li1,70.1500,81.8910,0.000203
TAP_TAPCELL_ROW_26_232,VGND,li1,44.3900,81.8910,0.000116
TAP_TAPCELL_ROW_26_231,VGND,li1,18.6300,81.8910,0.000045
TAP_TAPCELL_ROW_25_230,VGND,li1,134.5500,81.3080,0.000297
TAP_TAPCELL_ROW_25_229,VGND,li1,108.7900,81.3080,0.000281
TAP_TAPCELL_ROW_25_228,VGND,li1,83.0300,81.3080,0.000236
TAP_TAPCELL_ROW_25_227,VGND,li1,57.2700,81.3080,0.000162
TAP_TAPCELL_ROW_25_226,VGND,li1,31.5100,81.3080,0.000069
TAP_TAPCELL_ROW_24_225,VGND,li1,121.6700,76.4510,0.000635
TAP_TAPCELL_ROW_24_224,VGND,li1,95.9100,76.4510,0.000588
TAP_TAPCELL_ROW_24_223,VGND,li1,70.1500,76.4510,0.000425
TAP_TAPCELL_ROW_24_222,VGND,li1,44.3900,76.4510,0.000237
TAP_TAPCELL_ROW_24_221,VGND,li1,18.6300,76.4510,0.000085
TAP_TAPCELL_ROW_23_220,VGND,li1,134.5500,75.8680,0.000644
TAP_TAPCELL_ROW_23_219,VGND,li1,108.7900,75.8680,0.000623
TAP_TAPCELL_ROW_23_218,VGND,li1,83.0300,75.8680,0.000503
TAP_TAPCELL_ROW_23_217,VGND,li1,57.2700,75.8680,0.000330
TAP_TAPCELL_ROW_23_216,VGND,li1,31.5100,75.8680,0.000126
TAP_TAPCELL_ROW_22_215,VGND,li1,121.6700,71.0110,0.000460
TAP_TAPCELL_ROW_22_214,VGND,li1,95.9100,71.0110,0.000421
TAP_TAPCELL_ROW_22_213,VGND,li1,70.1500,71.0110,0.000336
TAP_TAPCELL_ROW_22_212,VGND,li1,44.3900,71.0110,0.000192
TAP_TAPCELL_ROW_22_211,VGND,li1,18.6300,71.0110,0.000067
TAP_TAPCELL_ROW_21_210,VGND,li1,134.5500,70.4280,0.000468
TAP_TAPCELL_ROW_21_209,VGND,li1,108.7900,70.4280,0.000447
TAP_TAPCELL_ROW_21_208,VGND,li1,83.0300,70.4280,0.000388
TAP_TAPCELL_ROW_21_207,VGND,li1,57.2700,70.4280,0.000267
TAP_TAPCELL_ROW_21_206,VGND,li1,31.5100,70.4280,0.000114
TAP_TAPCELL_ROW_20_205,VGND,li1,121.6700,65.5710,0.000256
TAP_TAPCELL_ROW_20_204,VGND,li1,95.9100,65.5710,0.000215
TAP_TAPCELL_ROW_20_203,VGND,li1,70.1500,65.5710,0.000160
TAP_TAPCELL_ROW_20_202,VGND,li1,44.3900,65.5710,0.000090
TAP_TAPCELL_ROW_20_201,VGND,li1,18.6300,65.5710,0.000037
TAP_TAPCELL_ROW_19_200,VGND,li1,134.5500,64.9880,0.000264
TAP_TAPCELL_ROW_19_199,VGND,li1,108.7900,64.9880,0.000240
TAP_TAPCELL_ROW_19_198,VGND,li1,83.0300,64.9880,0.000187
TAP_TAPCELL_ROW_19_197,VGND,li1,57.2700,64.9880,0.000126
TAP_TAPCELL_ROW_19_196,VGND,li1,31.5100,64.9880,0.000048
TAP_TAPCELL_ROW_18_195,VGND,li1,121.6700,60.1310,0.000333
TAP_TAPCELL_ROW_18_194,VGND,li1,95.9100,60.1310,0.000314
TAP_TAPCELL_ROW_18_193,VGND,li1,70.1500,60.1310,0.000259
TAP_TAPCELL_ROW_18_192,VGND,li1,44.3900,60.1310,0.000148
TAP_TAPCELL_ROW_18_191,VGND,li1,18.6300,60.1310,0.000055
TAP_TAPCELL_ROW_17_190,VGND,li1,134.5500,59.5480,0.000335
TAP_TAPCELL_ROW_17_189,VGND,li1,108.7900,59.5480,0.000326
TAP_TAPCELL_ROW_17_188,VGND,li1,83.0300,59.5480,0.000296
TAP_TAPCELL_ROW_17_187,VGND,li1,57.2700,59.5480,0.000209
TAP_TAPCELL_ROW_17_186,VGND,li1,31.5100,59.5480,0.000087
TAP_TAPCELL_ROW_16_185,VGND,li1,121.6700,54.6910,0.000305
TAP_TAPCELL_ROW_16_184,VGND,li1,95.9100,54.6910,0.000274
TAP_TAPCELL_ROW_16_183,VGND,li1,70.1500,54.6910,0.000215
TAP_TAPCELL_ROW_16_182,VGND,li1,44.3900,54.6910,0.000115
TAP_TAPCELL_ROW_16_181,VGND,li1,18.6300,54.6910,0.000043
TAP_TAPCELL_ROW_15_180,VGND,li1,134.5500,54.1080,0.000313
TAP_TAPCELL_ROW_15_179,VGND,li1,108.7900,54.1080,0.000294
TAP_TAPCELL_ROW_15_178,VGND,li1,83.0300,54.1080,0.000248
TAP_TAPCELL_ROW_15_177,VGND,li1,57.2700,54.1080,0.000171
TAP_TAPCELL_ROW_15_176,VGND,li1,31.5100,54.1080,0.000069
TAP_TAPCELL_ROW_14_175,VGND,li1,121.6700,49.2510,0.000797
TAP_TAPCELL_ROW_14_174,VGND,li1,95.9100,49.2510,0.000677
TAP_TAPCELL_ROW_14_173,VGND,li1,70.1500,49.2510,0.000493
TAP_TAPCELL_ROW_14_172,VGND,li1,44.3900,49.2510,0.000262
TAP_TAPCELL_ROW_14_171,VGND,li1,18.6300,49.2510,0.000096
TAP_TAPCELL_ROW_13_170,VGND,li1,134.5500,48.6680,0.000808
TAP_TAPCELL_ROW_13_169,VGND,li1,108.7900,48.6680,0.000760
TAP_TAPCELL_ROW_13_168,VGND,li1,83.0300,48.6680,0.000589
TAP_TAPCELL_ROW_13_167,VGND,li1,57.2700,48.6680,0.000377
TAP_TAPCELL_ROW_13_166,VGND,li1,31.5100,48.6680,0.000158
TAP_TAPCELL_ROW_12_165,VGND,li1,121.6700,43.8110,0.000519
TAP_TAPCELL_ROW_12_164,VGND,li1,95.9100,43.8110,0.000509
TAP_TAPCELL_ROW_12_163,VGND,li1,70.1500,43.8110,0.000378
TAP_TAPCELL_ROW_12_162,VGND,li1,44.3900,43.8110,0.000220
TAP_TAPCELL_ROW_12_161,VGND,li1,18.6300,43.8110,0.000076
TAP_TAPCELL_ROW_11_160,VGND,li1,134.5500,43.2280,0.000520
TAP_TAPCELL_ROW_11_159,VGND,li1,108.7900,43.2280,0.000515
TAP_TAPCELL_ROW_11_158,VGND,li1,83.0300,43.2280,0.000443
TAP_TAPCELL_ROW_11_157,VGND,li1,57.2700,43.2280,0.000298
TAP_TAPCELL_ROW_11_156,VGND,li1,31.5100,43.2280,0.000122
TAP_TAPCELL_ROW_10_155,VGND,li1,121.6700,38.3710,0.000167
TAP_TAPCELL_ROW_10_154,VGND,li1,95.9100,38.3710,0.000162
TAP_TAPCELL_ROW_10_153,VGND,li1,70.1500,38.3710,0.000146
TAP_TAPCELL_ROW_10_152,VGND,li1,44.3900,38.3710,0.000083
TAP_TAPCELL_ROW_10_151,VGND,li1,18.6300,38.3710,0.000033
TAP_TAPCELL_ROW_9_150,VGND,li1,134.5500,37.7880,0.000169
TAP_TAPCELL_ROW_9_149,VGND,li1,108.7900,37.7880,0.000164
TAP_TAPCELL_ROW_9_148,VGND,li1,83.0300,37.7880,0.000157
TAP_TAPCELL_ROW_9_147,VGND,li1,57.2700,37.7880,0.000115
TAP_TAPCELL_ROW_9_146,VGND,li1,31.5100,37.7880,0.000050
TAP_TAPCELL_ROW_8_145,VGND,li1,121.6700,32.9310,0.000272
TAP_TAPCELL_ROW_8_144,VGND,li1,95.9100,32.9310,0.000235
TAP_TAPCELL_ROW_8_143,VGND,li1,70.1500,32.9310,0.000189
TAP_TAPCELL_ROW_8_142,VGND,li1,44.3900,32.9310,0.000113
TAP_TAPCELL_ROW_8_141,VGND,li1,18.6300,32.9310,0.000044
TAP_TAPCELL_ROW_7_140,VGND,li1,134.5500,32.3480,0.000282
TAP_TAPCELL_ROW_7_139,VGND,li1,108.7900,32.3480,0.000256
TAP_TAPCELL_ROW_7_138,VGND,li1,83.0300,32.3480,0.000213
TAP_TAPCELL_ROW_7_137,VGND,li1,57.2700,32.3480,0.000155
TAP_TAPCELL_ROW_7_136,VGND,li1,31.5100,32.3480,0.000061
TAP_TAPCELL_ROW_6_135,VGND,li1,121.6700,27.4910,0.000348
TAP_TAPCELL_ROW_6_134,VGND,li1,95.9100,27.4910,0.000315
TAP_TAPCELL_ROW_6_133,VGND,li1,70.1500,27.4910,0.000261
TAP_TAPCELL_ROW_6_132,VGND,li1,44.3900,27.4910,0.000152
TAP_TAPCELL_ROW_6_131,VGND,li1,18.6300,27.4910,0.000062
TAP_TAPCELL_ROW_5_130,VGND,li1,134.5500,26.9080,0.000357
TAP_TAPCELL_ROW_5_129,VGND,li1,108.7900,26.9080,0.000333
TAP_TAPCELL_ROW_5_128,VGND,li1,83.0300,26.9080,0.000293
TAP_TAPCELL_ROW_5_127,VGND,li1,57.2700,26.9080,0.000206
TAP_TAPCELL_ROW_5_126,VGND,li1,31.5100,26.9080,0.000092
TAP_TAPCELL_ROW_4_125,VGND,li1,121.6700,22.0510,0.000084
TAP_TAPCELL_ROW_4_124,VGND,li1,95.9100,22.0510,0.000075
TAP_TAPCELL_ROW_4_123,VGND,li1,70.1500,22.0510,0.000056
TAP_TAPCELL_ROW_4_122,VGND,li1,44.3900,22.0510,0.000035
TAP_TAPCELL_ROW_4_121,VGND,li1,18.6300,22.0510,0.000015
TAP_TAPCELL_ROW_3_120,VGND,li1,134.5500,21.4680,0.000086
TAP_TAPCELL_ROW_3_119,VGND,li1,108.7900,21.4680,0.000081
TAP_TAPCELL_ROW_3_118,VGND,li1,83.0300,21.4680,0.000066
TAP_TAPCELL_ROW_3_117,VGND,li1,57.2700,21.4680,0.000046
TAP_TAPCELL_ROW_3_116,VGND,li1,31.5100,21.4680,0.000023
TAP_TAPCELL_ROW_2_115,VGND,li1,121.6700,16.6110,0.000462
TAP_TAPCELL_ROW_2_114,VGND,li1,95.9100,16.6110,0.000411
TAP_TAPCELL_ROW_2_113,VGND,li1,70.1500,16.6110,0.000314
TAP_TAPCELL_ROW_2_112,VGND,li1,44.3900,16.6110,0.000168
TAP_TAPCELL_ROW_2_111,VGND,li1,18.6300,16.6110,0.000057
TAP_TAPCELL_ROW_1_110,VGND,li1,134.5500,16.0280,0.000469
TAP_TAPCELL_ROW_1_109,VGND,li1,108.7900,16.0280,0.000446
TAP_TAPCELL_ROW_1_108,VGND,li1,83.0300,16.0280,0.000373
TAP_TAPCELL_ROW_1_107,VGND,li1,57.2700,16.0280,0.000242
TAP_TAPCELL_ROW_1_106,VGND,li1,31.5100,16.0280,0.000085
TAP_TAPCELL_ROW_0_105,VGND,li1,134.5500,11.1710,0.000080
TAP_TAPCELL_ROW_0_104,VGND,li1,121.6700,11.1710,0.000080
TAP_TAPCELL_ROW_0_103,VGND,li1,108.7900,11.1710,0.000079
TAP_TAPCELL_ROW_0_102,VGND,li1,95.9100,11.1710,0.000076
TAP_TAPCELL_ROW_0_101,VGND,li1,83.0300,11.1710,0.000069
TAP_TAPCELL_ROW_0_100,VGND,li1,70.1500,11.1710,0.000057
TAP_TAPCELL_ROW_0_99,VGND,li1,57.2700,11.1710,0.000043
TAP_TAPCELL_ROW_0_98,VGND,li1,44.3900,11.1710,0.000030
TAP_TAPCELL_ROW_0_97,VGND,li1,31.5100,11.1710,0.000016
TAP_TAPCELL_ROW_0_96,VGND,li1,18.6300,11.1710,0.000011
PHY_EDGE_ROW_47_Left_95,VGND,li1,6.2100,141.4400,0.000009
PHY_EDGE_ROW_46_Left_94,VGND,li1,6.2100,136.0000,0.000042
PHY_EDGE_ROW_45_Left_93,VGND,li1,6.2100,136.0000,0.000042
PHY_EDGE_ROW_44_Left_92,VGND,li1,6.2100,130.5600,0.000039
PHY_EDGE_ROW_43_Left_91,VGND,li1,6.2100,130.5600,0.000039
PHY_EDGE_ROW_42_Left_90,VGND,li1,6.2100,125.1200,0.000024
PHY_EDGE_ROW_41_Left_89,VGND,li1,6.2100,125.1200,0.000024
PHY_EDGE_ROW_40_Left_88,VGND,li1,6.2100,119.6800,0.000041
PHY_EDGE_ROW_39_Left_87,VGND,li1,6.2100,119.6800,0.000041
PHY_EDGE_ROW_38_Left_86,VGND,li1,6.2100,114.2400,0.000059
PHY_EDGE_ROW_37_Left_85,VGND,li1,6.2100,114.2400,0.000059
PHY_EDGE_ROW_36_Left_84,VGND,li1,6.2100,108.8000,0.000070
PHY_EDGE_ROW_35_Left_83,VGND,li1,6.2100,108.8000,0.000070
PHY_EDGE_ROW_34_Left_82,VGND,li1,6.2100,103.3600,0.000113
PHY_EDGE_ROW_33_Left_81,VGND,li1,6.2100,103.3600,0.000113
PHY_EDGE_ROW_32_Left_80,VGND,li1,6.2100,97.9200,0.000034
PHY_EDGE_ROW_31_Left_79,VGND,li1,6.2100,97.9200,0.000034
PHY_EDGE_ROW_30_Left_78,VGND,li1,6.2100,92.4800,0.000048
PHY_EDGE_ROW_29_Left_77,VGND,li1,6.2100,92.4800,0.000048
PHY_EDGE_ROW_28_Left_76,VGND,li1,6.2100,87.0400,0.000059
PHY_EDGE_ROW_27_Left_75,VGND,li1,6.2100,87.0400,0.000059
PHY_EDGE_ROW_26_Left_74,VGND,li1,6.2100,81.6000,0.000047
PHY_EDGE_ROW_25_Left_73,VGND,li1,6.2100,81.6000,0.000047
PHY_EDGE_ROW_24_Left_72,VGND,li1,6.2100,76.1600,0.000086
PHY_EDGE_ROW_23_Left_71,VGND,li1,6.2100,76.1600,0.000086
PHY_EDGE_ROW_22_Left_70,VGND,li1,6.2100,70.7200,0.000067
PHY_EDGE_ROW_21_Left_69,VGND,li1,6.2100,70.7200,0.000067
PHY_EDGE_ROW_20_Left_68,VGND,li1,6.2100,65.2800,0.000039
PHY_EDGE_ROW_19_Left_67,VGND,li1,6.2100,65.2800,0.000039
PHY_EDGE_ROW_18_Left_66,VGND,li1,6.2100,59.8400,0.000056
PHY_EDGE_ROW_17_Left_65,VGND,li1,6.2100,59.8400,0.000056
PHY_EDGE_ROW_16_Left_64,VGND,li1,6.2100,54.4000,0.000043
PHY_EDGE_ROW_15_Left_63,VGND,li1,6.2100,54.4000,0.000043
PHY_EDGE_ROW_14_Left_62,VGND,li1,6.2100,48.9600,0.000097
PHY_EDGE_ROW_13_Left_61,VGND,li1,6.2100,48.9600,0.000097
PHY_EDGE_ROW_12_Left_60,VGND,li1,6.2100,43.5200,0.000076
PHY_EDGE_ROW_11_Left_59,VGND,li1,6.2100,43.5200,0.000076
PHY_EDGE_ROW_10_Left_58,VGND,li1,6.2100,38.0800,0.000035
PHY_EDGE_ROW_9_Left_57,VGND,li1,6.2100,38.0800,0.000035
PHY_EDGE_ROW_8_Left_56,VGND,li1,6.2100,32.6400,0.000045
PHY_EDGE_ROW_7_Left_55,VGND,li1,6.2100,32.6400,0.000045
PHY_EDGE_ROW_6_Left_54,VGND,li1,6.2100,27.2000,0.000063
PHY_EDGE_ROW_5_Left_53,VGND,li1,6.2100,27.2000,0.000063
PHY_EDGE_ROW_4_Left_52,VGND,li1,6.2100,21.7600,0.000015
PHY_EDGE_ROW_3_Left_51,VGND,li1,6.2100,21.7600,0.000015
PHY_EDGE_ROW_2_Left_50,VGND,li1,6.2100,16.3200,0.000057
PHY_EDGE_ROW_1_Left_49,VGND,li1,6.2100,16.3200,0.000057
PHY_EDGE_ROW_0_Left_48,VGND,li1,6.2100,10.8800,0.000011
PHY_EDGE_ROW_47_Right_47,VGND,li1,136.8500,141.4400,0.000074
PHY_EDGE_ROW_46_Right_46,VGND,li1,136.8500,136.0000,0.000237
PHY_EDGE_ROW_45_Right_45,VGND,li1,136.8500,136.0000,0.000237
PHY_EDGE_ROW_44_Right_44,VGND,li1,136.8500,130.5600,0.000210
PHY_EDGE_ROW_43_Right_43,VGND,li1,136.8500,130.5600,0.000210
PHY_EDGE_ROW_42_Right_42,VGND,li1,136.8500,125.1200,0.000088
PHY_EDGE_ROW_41_Right_41,VGND,li1,136.8500,125.1200,0.000088
PHY_EDGE_ROW_40_Right_40,VGND,li1,136.8500,119.6800,0.000251
PHY_EDGE_ROW_39_Right_39,VGND,li1,136.8500,119.6800,0.000251
PHY_EDGE_ROW_38_Right_38,VGND,li1,136.8500,114.2400,0.000395
PHY_EDGE_ROW_37_Right_37,VGND,li1,136.8500,114.2400,0.000395
PHY_EDGE_ROW_36_Right_36,VGND,li1,136.8500,108.8000,0.000481
PHY_EDGE_ROW_35_Right_35,VGND,li1,136.8500,108.8000,0.000481
PHY_EDGE_ROW_34_Right_34,VGND,li1,136.8500,103.3600,0.000931
PHY_EDGE_ROW_33_Right_33,VGND,li1,136.8500,103.3600,0.000931
PHY_EDGE_ROW_32_Right_32,VGND,li1,136.8500,97.9200,0.000229
PHY_EDGE_ROW_31_Right_31,VGND,li1,136.8500,97.9200,0.000229
PHY_EDGE_ROW_30_Right_30,VGND,li1,136.8500,92.4800,0.000238
PHY_EDGE_ROW_29_Right_29,VGND,li1,136.8500,92.4800,0.000238
PHY_EDGE_ROW_28_Right_28,VGND,li1,136.8500,87.0400,0.000352
PHY_EDGE_ROW_27_Right_27,VGND,li1,136.8500,87.0400,0.000352
PHY_EDGE_ROW_26_Right_26,VGND,li1,136.8500,81.6000,0.000297
PHY_EDGE_ROW_25_Right_25,VGND,li1,136.8500,81.6000,0.000297
PHY_EDGE_ROW_24_Right_24,VGND,li1,136.8500,76.1600,0.000644
PHY_EDGE_ROW_23_Right_23,VGND,li1,136.8500,76.1600,0.000644
PHY_EDGE_ROW_22_Right_22,VGND,li1,136.8500,70.7200,0.000468
PHY_EDGE_ROW_21_Right_21,VGND,li1,136.8500,70.7200,0.000468
PHY_EDGE_ROW_20_Right_20,VGND,li1,136.8500,65.2800,0.000264
PHY_EDGE_ROW_19_Right_19,VGND,li1,136.8500,65.2800,0.000264
PHY_EDGE_ROW_18_Right_18,VGND,li1,136.8500,59.8400,0.000335
PHY_EDGE_ROW_17_Right_17,VGND,li1,136.8500,59.8400,0.000335
PHY_EDGE_ROW_16_Right_16,VGND,li1,136.8500,54.4000,0.000313
PHY_EDGE_ROW_15_Right_15,VGND,li1,136.8500,54.4000,0.000313
PHY_EDGE_ROW_14_Right_14,VGND,li1,136.8500,48.9600,0.000808
PHY_EDGE_ROW_13_Right_13,VGND,li1,136.8500,48.9600,0.000808
PHY_EDGE_ROW_12_Right_12,VGND,li1,136.8500,43.5200,0.000520
PHY_EDGE_ROW_11_Right_11,VGND,li1,136.8500,43.5200,0.000520
PHY_EDGE_ROW_10_Right_10,VGND,li1,136.8500,38.0800,0.000169
PHY_EDGE_ROW_9_Right_9,VGND,li1,136.8500,38.0800,0.000169
PHY_EDGE_ROW_8_Right_8,VGND,li1,136.8500,32.6400,0.000282
PHY_EDGE_ROW_7_Right_7,VGND,li1,136.8500,32.6400,0.000282
PHY_EDGE_ROW_6_Right_6,VGND,li1,136.8500,27.2000,0.000357
PHY_EDGE_ROW_5_Right_5,VGND,li1,136.8500,27.2000,0.000357
PHY_EDGE_ROW_4_Right_4,VGND,li1,136.8500,21.7600,0.000086
PHY_EDGE_ROW_3_Right_3,VGND,li1,136.8500,21.7600,0.000086
PHY_EDGE_ROW_2_Right_2,VGND,li1,136.8500,16.3200,0.000469
PHY_EDGE_ROW_1_Right_1,VGND,li1,136.8500,16.3200,0.000469
PHY_EDGE_ROW_0_Right_0,VGND,li1,136.8500,10.8800,0.000080
_1322_,VGND,li1,80.2700,16.3200,0.000361
_1321_,VGND,li1,86.9400,16.3200,0.000388
_1320_,VGND,li1,84.1800,16.3200,0.000373
_1319_,VGND,li1,74.0600,16.3200,0.000334
_1318_,VGND,li1,69.4600,16.3200,0.000302
_1317_,VGND,li1,69.4600,27.2000,0.000255
_1316_,VGND,li1,74.0600,27.2000,0.000273
_1315_,VGND,li1,75.9000,38.0800,0.000154
_1314_,VGND,li1,82.8000,48.9600,0.000589
_1313_,VGND,li1,87.8600,59.8400,0.000307
_1312_,VGND,li1,86.4800,70.7200,0.000401
_1311_,VGND,li1,87.8600,81.6000,0.000248
_1310_,VGND,li1,89.2400,97.9200,0.000191
_1309_,VGND,li1,92.0000,103.3600,0.000756
_1308_,VGND,li1,99.8200,114.2400,0.000360
_1307_,VGND,li1,94.7600,125.1200,0.000082
_1306_,VGND,li1,94.7600,136.0000,0.000234
_1305_,VGND,li1,77.2800,136.0000,0.000209
_1304_,VGND,li1,64.8600,130.5600,0.000156
_1303_,VGND,li1,70.8400,119.6800,0.000166
_1302_,VGND,li1,74.0600,114.2400,0.000292
_1301_,VGND,li1,130.6400,119.6800,0.000251
_1300_,VGND,li1,131.5600,114.2400,0.000395
_1299_,VGND,li1,130.6400,103.3600,0.000931
_1298_,VGND,li1,121.9000,103.3600,0.000923
_1297_,VGND,li1,113.1600,81.6000,0.000287
_1296_,VGND,li1,131.5600,87.0400,0.000351
_1295_,VGND,li1,130.6400,76.1600,0.000644
_1294_,VGND,li1,130.6400,65.2800,0.000264
_1293_,VGND,li1,114.0800,16.3200,0.000453
_1292_,VGND,li1,131.5600,16.3200,0.000469
_1291_,VGND,li1,131.5600,27.2000,0.000357
_1290_,VGND,li1,131.5600,32.6400,0.000282
_1289_,VGND,li1,130.6400,48.9600,0.000807
_1288_,VGND,li1,130.6400,54.4000,0.000313
_1287_,VGND,li1,112.7000,59.8400,0.000331
_1286_,VGND,li1,98.4400,54.4000,0.000281
_1285_,VGND,li1,102.1200,16.3200,0.000434
_1284_,VGND,li1,99.8200,16.3200,0.000428
_1283_,VGND,li1,85.1000,27.2000,0.000299
_1282_,VGND,li1,90.1600,48.9600,0.000648
_1281_,VGND,li1,111.7800,65.2800,0.000246
_1280_,VGND,li1,112.7000,70.7200,0.000453
_1279_,VGND,li1,104.8800,87.0400,0.000323
_1278_,VGND,li1,112.7000,97.9200,0.000221
_1277_,VGND,li1,112.7000,97.9200,0.000221
_1276_,VGND,li1,111.7800,114.2400,0.000379
_1275_,VGND,li1,107.1800,130.5600,0.000210
_1274_,VGND,li1,117.3000,136.0000,0.000237
_1273_,VGND,li1,86.9400,136.0000,0.000228
_1272_,VGND,li1,69.4600,136.0000,0.000193
_1271_,VGND,li1,92.0000,114.2400,0.000346
_1270_,VGND,li1,82.8000,114.2400,0.000321
_1269_,VGND,li1,91.7700,16.3200,0.000403
_1268_,VGND,li1,85.3300,21.7600,0.000068
_1267_,VGND,li1,79.1200,16.3200,0.000352
_1266_,VGND,li1,89.2400,16.3200,0.000395
_1265_,VGND,li1,68.7700,21.7600,0.000054
_1264_,VGND,li1,72.4500,21.7600,0.000058
_1263_,VGND,li1,64.6300,16.3200,0.000283
_1262_,VGND,li1,67.8500,16.3200,0.000302
_1261_,VGND,li1,63.9400,27.2000,0.000238
_1260_,VGND,li1,64.1700,27.2000,0.000238
_1259_,VGND,li1,33.3500,21.7600,0.000026
_1258_,VGND,li1,21.3900,27.2000,0.000062
_1257_,VGND,li1,15.8700,27.2000,0.000063
_1256_,VGND,li1,16.1000,32.6400,0.000045
_1255_,VGND,li1,20.7000,32.6400,0.000044
_1254_,VGND,li1,32.4300,27.2000,0.000092
_1253_,VGND,li1,68.0800,27.2000,0.000255
_1252_,VGND,li1,69.4600,32.6400,0.000189
_1251_,VGND,li1,66.4700,32.6400,0.000183
_1250_,VGND,li1,67.1600,32.6400,0.000183
_1249_,VGND,li1,65.5500,38.0800,0.000138
_1248_,VGND,li1,59.1100,27.2000,0.000219
_1247_,VGND,li1,54.0500,27.2000,0.000197
_1246_,VGND,li1,56.1200,27.2000,0.000206
_1245_,VGND,li1,34.7300,27.2000,0.000108
_1244_,VGND,li1,30.1300,27.2000,0.000078
_1243_,VGND,li1,15.6400,38.0800,0.000035
_1242_,VGND,li1,30.5900,21.7600,0.000023
_1241_,VGND,li1,27.3700,27.2000,0.000069
_1240_,VGND,li1,28.9800,27.2000,0.000078
_1239_,VGND,li1,20.4700,27.2000,0.000062
_1238_,VGND,li1,13.5700,32.6400,0.000045
_1237_,VGND,li1,10.8100,38.0800,0.000035
_1236_,VGND,li1,13.5700,38.0800,0.000035
_1235_,VGND,li1,12.1900,38.0800,0.000035
_1234_,VGND,li1,9.6600,48.9600,0.000097
_1233_,VGND,li1,72.9100,38.0800,0.000150
_1232_,VGND,li1,71.0700,43.5200,0.000378
_1231_,VGND,li1,71.3000,38.0800,0.000146
_1230_,VGND,li1,68.0800,38.0800,0.000143
_1229_,VGND,li1,59.3400,38.0800,0.000121
_1228_,VGND,li1,61.1800,38.0800,0.000129
_1227_,VGND,li1,52.6700,32.6400,0.000142
_1226_,VGND,li1,51.9800,32.6400,0.000142
_1225_,VGND,li1,33.5800,43.5200,0.000144
_1224_,VGND,li1,54.5100,32.6400,0.000150
_1223_,VGND,li1,47.1500,32.6400,0.000121
_1222_,VGND,li1,49.2200,32.6400,0.000127
_1221_,VGND,li1,26.9100,27.2000,0.000069
_1220_,VGND,li1,23.2300,27.2000,0.000060
_1219_,VGND,li1,25.0700,27.2000,0.000059
_1218_,VGND,li1,16.3300,38.0800,0.000034
_1217_,VGND,li1,12.6500,38.0800,0.000035
_1216_,VGND,li1,14.7200,43.5200,0.000076
_1215_,VGND,li1,12.6500,43.5200,0.000076
_1214_,VGND,li1,11.7300,48.9600,0.000097
_1213_,VGND,li1,11.7300,48.9600,0.000097
_1212_,VGND,li1,13.8000,48.9600,0.000097
_1211_,VGND,li1,14.0300,48.9600,0.000097
_1210_,VGND,li1,16.7900,48.9600,0.000097
_1209_,VGND,li1,22.3100,32.6400,0.000044
_1208_,VGND,li1,25.0700,32.6400,0.000043
_1207_,VGND,li1,26.4500,38.0800,0.000037
_1206_,VGND,li1,27.8300,32.6400,0.000053
_1205_,VGND,li1,77.2800,48.9600,0.000555
_1204_,VGND,li1,81.6500,48.9600,0.000589
_1203_,VGND,li1,74.7500,54.4000,0.000232
_1202_,VGND,li1,76.5900,54.4000,0.000237
_1201_,VGND,li1,74.7500,54.4000,0.000232
_1200_,VGND,li1,74.9800,59.8400,0.000280
_1199_,VGND,li1,67.3900,48.9600,0.000469
_1198_,VGND,li1,66.4700,48.9600,0.000469
_1197_,VGND,li1,64.8600,54.4000,0.000202
_1196_,VGND,li1,59.1100,43.5200,0.000313
_1195_,VGND,li1,58.6500,43.5200,0.000313
_1194_,VGND,li1,60.4900,43.5200,0.000324
_1193_,VGND,li1,54.0500,43.5200,0.000285
_1192_,VGND,li1,56.1200,43.5200,0.000298
_1191_,VGND,li1,48.0700,38.0800,0.000093
_1190_,VGND,li1,47.6100,32.6400,0.000127
_1189_,VGND,li1,45.7700,32.6400,0.000121
_1188_,VGND,li1,35.1900,38.0800,0.000060
_1187_,VGND,li1,29.6700,43.5200,0.000106
_1186_,VGND,li1,27.3700,43.5200,0.000092
_1185_,VGND,li1,13.8000,54.4000,0.000043
_1184_,VGND,li1,27.1400,48.9600,0.000114
_1183_,VGND,li1,30.5900,43.5200,0.000122
_1182_,VGND,li1,41.6300,32.6400,0.000106
_1181_,VGND,li1,43.0100,32.6400,0.000106
_1180_,VGND,li1,44.6200,43.5200,0.000220
_1179_,VGND,li1,35.6500,32.6400,0.000084
_1178_,VGND,li1,24.1500,43.5200,0.000076
_1177_,VGND,li1,22.7700,48.9600,0.000095
_1176_,VGND,li1,40.9400,48.9600,0.000244
_1175_,VGND,li1,82.1100,59.8400,0.000296
_1174_,VGND,li1,80.0400,59.8400,0.000290
_1173_,VGND,li1,78.8900,59.8400,0.000290
_1172_,VGND,li1,77.7400,59.8400,0.000286
_1171_,VGND,li1,72.6800,59.8400,0.000268
_1170_,VGND,li1,75.2100,59.8400,0.000280
_1169_,VGND,li1,66.4700,54.4000,0.000202
_1168_,VGND,li1,68.7700,54.4000,0.000215
_1167_,VGND,li1,60.9500,54.4000,0.000182
_1166_,VGND,li1,63.0200,54.4000,0.000195
_1165_,VGND,li1,55.8900,48.9600,0.000377
_1164_,VGND,li1,52.6700,48.9600,0.000349
_1163_,VGND,li1,52.2100,43.5200,0.000271
_1162_,VGND,li1,47.6100,43.5200,0.000242
_1161_,VGND,li1,49.9100,43.5200,0.000257
_1160_,VGND,li1,44.1600,48.9600,0.000262
_1159_,VGND,li1,42.0900,43.5200,0.000204
_1158_,VGND,li1,28.2900,43.5200,0.000106
_1157_,VGND,li1,24.6100,48.9600,0.000095
_1156_,VGND,li1,26.6800,48.9600,0.000114
_1155_,VGND,li1,20.4700,48.9600,0.000096
_1154_,VGND,li1,19.0900,59.8400,0.000055
_1153_,VGND,li1,46.2300,48.9600,0.000291
_1152_,VGND,li1,38.8700,54.4000,0.000099
_1151_,VGND,li1,36.8000,54.4000,0.000091
_1150_,VGND,li1,34.7300,54.4000,0.000080
_1149_,VGND,li1,30.3600,54.4000,0.000061
_1148_,VGND,li1,34.0400,54.4000,0.000080
_1147_,VGND,li1,24.3800,59.8400,0.000055
_1146_,VGND,li1,50.1400,59.8400,0.000177
_1145_,VGND,li1,79.5800,70.7200,0.000381
_1144_,VGND,li1,81.8800,70.7200,0.000388
_1143_,VGND,li1,91.0800,70.7200,0.000409
_1142_,VGND,li1,78.4300,76.1600,0.000485
_1141_,VGND,li1,78.4300,87.0400,0.000269
_1140_,VGND,li1,75.4400,87.0400,0.000259
_1139_,VGND,li1,74.7500,70.7200,0.000363
_1138_,VGND,li1,77.5100,70.7200,0.000373
_1137_,VGND,li1,71.0700,81.6000,0.000203
_1136_,VGND,li1,72.4500,70.7200,0.000345
_1135_,VGND,li1,70.6100,70.7200,0.000336
_1134_,VGND,li1,72.6800,70.7200,0.000345
_1133_,VGND,li1,67.8500,65.2800,0.000154
_1132_,VGND,li1,68.7700,65.2800,0.000154
_1131_,VGND,li1,64.1700,70.7200,0.000309
_1130_,VGND,li1,61.4100,59.8400,0.000225
_1129_,VGND,li1,60.4900,59.8400,0.000225
_1128_,VGND,li1,58.6500,59.8400,0.000217
_1127_,VGND,li1,54.7400,59.8400,0.000200
_1126_,VGND,li1,52.4400,59.8400,0.000190
_1125_,VGND,li1,44.3900,59.8400,0.000148
_1124_,VGND,li1,24.6100,70.7200,0.000066
_1123_,VGND,li1,27.3700,59.8400,0.000065
_1122_,VGND,li1,29.6700,59.8400,0.000078
_1121_,VGND,li1,22.0800,59.8400,0.000055
_1120_,VGND,li1,24.1500,54.4000,0.000043
_1119_,VGND,li1,16.7900,59.8400,0.000056
_1118_,VGND,li1,23.0000,59.8400,0.000055
_1117_,VGND,li1,53.1300,59.8400,0.000190
_1116_,VGND,li1,46.6900,59.8400,0.000163
_1115_,VGND,li1,49.6800,59.8400,0.000177
_1114_,VGND,li1,42.0900,59.8400,0.000137
_1113_,VGND,li1,38.1800,59.8400,0.000121
_1112_,VGND,li1,39.1000,59.8400,0.000121
_1111_,VGND,li1,9.6600,65.2800,0.000039
_1110_,VGND,li1,85.3300,87.0400,0.000287
_1109_,VGND,li1,80.5000,87.0400,0.000277
_1108_,VGND,li1,78.4300,87.0400,0.000269
_1107_,VGND,li1,79.5800,92.4800,0.000210
_1106_,VGND,li1,75.4400,87.0400,0.000259
_1105_,VGND,li1,71.9900,87.0400,0.000252
_1104_,VGND,li1,71.7600,87.0400,0.000252
_1103_,VGND,li1,66.9300,81.6000,0.000196
_1102_,VGND,li1,67.1600,81.6000,0.000196
_1101_,VGND,li1,63.0200,81.6000,0.000183
_1100_,VGND,li1,62.3300,76.1600,0.000374
_1099_,VGND,li1,62.5600,76.1600,0.000374
_1098_,VGND,li1,64.8600,76.1600,0.000392
_1097_,VGND,li1,53.8200,70.7200,0.000251
_1096_,VGND,li1,54.7400,70.7200,0.000251
_1095_,VGND,li1,46.4600,76.1600,0.000253
_1094_,VGND,li1,46.4600,70.7200,0.000207
_1093_,VGND,li1,48.0700,65.2800,0.000097
_1092_,VGND,li1,25.9900,70.7200,0.000082
_1091_,VGND,li1,45.3100,43.5200,0.000220
_1090_,VGND,li1,23.4600,76.1600,0.000084
_1089_,VGND,li1,23.4600,70.7200,0.000066
_1088_,VGND,li1,21.1600,70.7200,0.000067
_1087_,VGND,li1,22.3100,70.7200,0.000067
_1086_,VGND,li1,12.1900,65.2800,0.000039
_1085_,VGND,li1,13.3400,65.2800,0.000039
_1084_,VGND,li1,11.2700,59.8400,0.000056
_1083_,VGND,li1,16.3300,65.2800,0.000039
_1082_,VGND,li1,9.8900,65.2800,0.000039
_1081_,VGND,li1,59.5700,76.1600,0.000353
_1080_,VGND,li1,62.3300,70.7200,0.000291
_1079_,VGND,li1,57.2700,70.7200,0.000267
_1078_,VGND,li1,58.6500,70.7200,0.000278
_1077_,VGND,li1,48.9900,70.7200,0.000223
_1076_,VGND,li1,41.8600,70.7200,0.000180
_1075_,VGND,li1,41.8600,70.7200,0.000180
_1074_,VGND,li1,37.2600,70.7200,0.000152
_1073_,VGND,li1,86.4800,92.4800,0.000216
_1072_,VGND,li1,89.0100,97.9200,0.000187
_1071_,VGND,li1,79.8100,92.4800,0.000210
_1070_,VGND,li1,74.9800,103.3600,0.000613
_1069_,VGND,li1,77.2800,92.4800,0.000206
_1068_,VGND,li1,72.2200,92.4800,0.000196
_1067_,VGND,li1,74.7500,92.4800,0.000202
_1066_,VGND,li1,63.4800,103.3600,0.000512
_1065_,VGND,li1,69.0000,92.4800,0.000191
_1064_,VGND,li1,70.6100,92.4800,0.000191
_1063_,VGND,li1,72.6800,92.4800,0.000196
_1062_,VGND,li1,66.7000,92.4800,0.000185
_1061_,VGND,li1,62.5600,92.4800,0.000174
_1060_,VGND,li1,61.1800,87.0400,0.000215
_1059_,VGND,li1,58.4200,87.0400,0.000205
_1058_,VGND,li1,59.1100,87.0400,0.000205
_1057_,VGND,li1,48.7600,87.0400,0.000164
_1056_,VGND,li1,49.6800,81.6000,0.000138
_1055_,VGND,li1,28.0600,87.0400,0.000068
_1054_,VGND,li1,43.7000,81.6000,0.000116
_1053_,VGND,li1,43.2400,76.1600,0.000215
_1052_,VGND,li1,28.5200,76.1600,0.000109
_1051_,VGND,li1,30.8200,76.1600,0.000126
_1050_,VGND,li1,17.0200,81.6000,0.000045
_1049_,VGND,li1,28.2900,76.1600,0.000109
_1048_,VGND,li1,25.5300,76.1600,0.000084
_1047_,VGND,li1,26.9100,70.7200,0.000082
_1046_,VGND,li1,20.2400,76.1600,0.000085
_1045_,VGND,li1,20.7000,76.1600,0.000085
_1044_,VGND,li1,37.0300,76.1600,0.000179
_1043_,VGND,li1,37.2600,70.7200,0.000152
_1042_,VGND,li1,33.8100,70.7200,0.000129
_1041_,VGND,li1,31.0500,70.7200,0.000114
_1040_,VGND,li1,39.3300,76.1600,0.000195
_1039_,VGND,li1,53.5900,87.0400,0.000185
_1038_,VGND,li1,55.6600,87.0400,0.000193
_1037_,VGND,li1,49.4500,87.0400,0.000164
_1036_,VGND,li1,52.4400,87.0400,0.000174
_1035_,VGND,li1,45.7700,81.6000,0.000124
_1034_,VGND,li1,44.6200,87.0400,0.000141
_1033_,VGND,li1,40.9400,87.0400,0.000128
_1032_,VGND,li1,12.1900,87.0400,0.000058
_1031_,VGND,li1,45.3100,87.0400,0.000141
_1030_,VGND,li1,86.4800,103.3600,0.000711
_1029_,VGND,li1,91.7700,97.9200,0.000194
_1028_,VGND,li1,79.3500,103.3600,0.000653
_1027_,VGND,li1,58.4200,114.2400,0.000226
_1026_,VGND,li1,76.1300,103.3600,0.000613
_1025_,VGND,li1,72.4500,103.3600,0.000586
_1024_,VGND,li1,72.6800,103.3600,0.000586
_1023_,VGND,li1,72.2200,108.8000,0.000345
_1022_,VGND,li1,66.2400,103.3600,0.000531
_1021_,VGND,li1,67.3900,103.3600,0.000548
_1020_,VGND,li1,59.3400,103.3600,0.000463
_1019_,VGND,li1,61.6400,103.3600,0.000492
_1018_,VGND,li1,58.4200,103.3600,0.000463
_1017_,VGND,li1,59.8000,97.9200,0.000129
_1016_,VGND,li1,58.4200,97.9200,0.000122
_1015_,VGND,li1,57.7300,97.9200,0.000122
_1014_,VGND,li1,28.9800,97.9200,0.000047
_1013_,VGND,li1,29.9000,92.4800,0.000066
_1012_,VGND,li1,27.6000,103.3600,0.000134
_1011_,VGND,li1,27.1400,92.4800,0.000058
_1010_,VGND,li1,29.4400,92.4800,0.000066
_1009_,VGND,li1,21.3900,87.0400,0.000055
_1008_,VGND,li1,22.0800,87.0400,0.000055
_1007_,VGND,li1,17.0200,81.6000,0.000045
_1006_,VGND,li1,20.0100,81.6000,0.000044
_1005_,VGND,li1,13.5700,81.6000,0.000047
_1004_,VGND,li1,19.3200,81.6000,0.000044
_1003_,VGND,li1,8.9700,92.4800,0.000048
_1002_,VGND,li1,8.9700,87.0400,0.000058
_1001_,VGND,li1,14.2600,87.0400,0.000058
_1000_,VGND,li1,11.2700,87.0400,0.000058
_0999_,VGND,li1,49.9100,97.9200,0.000105
_0998_,VGND,li1,52.2100,97.9200,0.000110
_0997_,VGND,li1,46.2300,92.4800,0.000123
_0996_,VGND,li1,42.3200,92.4800,0.000110
_0995_,VGND,li1,41.4000,87.0400,0.000128
_0994_,VGND,li1,38.8700,92.4800,0.000096
_0993_,VGND,li1,44.8500,92.4800,0.000117
_0992_,VGND,li1,37.9500,87.0400,0.000114
_0991_,VGND,li1,40.7100,97.9200,0.000080
_0990_,VGND,li1,95.6800,114.2400,0.000353
_0989_,VGND,li1,99.5900,119.6800,0.000215
_0988_,VGND,li1,61.4100,114.2400,0.000240
_0987_,VGND,li1,59.5700,114.2400,0.000226
_0986_,VGND,li1,56.1200,114.2400,0.000209
_0985_,VGND,li1,58.4200,119.6800,0.000136
_0984_,VGND,li1,52.9000,114.2400,0.000201
_0983_,VGND,li1,54.2800,114.2400,0.000201
_0982_,VGND,li1,49.6800,108.8000,0.000222
_0981_,VGND,li1,52.9000,108.8000,0.000239
_0980_,VGND,li1,25.3000,108.8000,0.000079
_0979_,VGND,li1,28.5200,108.8000,0.000099
_0978_,VGND,li1,28.5200,114.2400,0.000067
_0977_,VGND,li1,26.2200,103.3600,0.000134
_0976_,VGND,li1,28.5200,103.3600,0.000158
_0975_,VGND,li1,19.3200,103.3600,0.000111
_0974_,VGND,li1,21.6200,103.3600,0.000110
_0973_,VGND,li1,13.8000,103.3600,0.000112
_0972_,VGND,li1,20.2400,97.9200,0.000033
_0971_,VGND,li1,18.1700,97.9200,0.000033
_0970_,VGND,li1,19.7800,92.4800,0.000046
_0969_,VGND,li1,14.2600,92.4800,0.000048
_0968_,VGND,li1,16.7900,92.4800,0.000046
_0967_,VGND,li1,20.9300,81.6000,0.000044
_0966_,VGND,li1,15.8700,97.9200,0.000033
_0965_,VGND,li1,28.7500,97.9200,0.000047
_0964_,VGND,li1,38.6400,103.3600,0.000246
_0963_,VGND,li1,38.4100,97.9200,0.000074
_0962_,VGND,li1,37.4900,97.9200,0.000067
_0961_,VGND,li1,10.8100,92.4800,0.000048
_0960_,VGND,li1,30.1300,103.3600,0.000158
_0959_,VGND,li1,48.9900,103.3600,0.000368
_0958_,VGND,li1,43.2400,103.3600,0.000305
_0957_,VGND,li1,46.4600,103.3600,0.000342
_0956_,VGND,li1,92.0000,130.5600,0.000194
_0955_,VGND,li1,94.9900,130.5600,0.000197
_0954_,VGND,li1,59.1100,130.5600,0.000143
_0953_,VGND,li1,54.0500,130.5600,0.000131
_0952_,VGND,li1,50.8300,130.5600,0.000120
_0951_,VGND,li1,51.0600,119.6800,0.000116
_0950_,VGND,li1,51.0600,119.6800,0.000116
_0949_,VGND,li1,46.0000,119.6800,0.000103
_0948_,VGND,li1,48.5300,119.6800,0.000109
_0947_,VGND,li1,33.1200,119.6800,0.000064
_0946_,VGND,li1,50.3700,114.2400,0.000188
_0945_,VGND,li1,35.4200,119.6800,0.000070
_0944_,VGND,li1,33.1200,114.2400,0.000094
_0943_,VGND,li1,28.9800,108.8000,0.000099
_0942_,VGND,li1,35.6500,108.8000,0.000136
_0941_,VGND,li1,40.0200,103.3600,0.000276
_0940_,VGND,li1,41.4000,108.8000,0.000168
_0939_,VGND,li1,37.7200,108.8000,0.000148
_0938_,VGND,li1,40.2500,108.8000,0.000168
_0937_,VGND,li1,16.1000,114.2400,0.000059
_0936_,VGND,li1,18.4000,114.2400,0.000058
_0935_,VGND,li1,13.3400,108.8000,0.000070
_0934_,VGND,li1,18.1700,108.8000,0.000068
_0933_,VGND,li1,15.4100,108.8000,0.000069
_0932_,VGND,li1,11.5000,108.8000,0.000070
_0931_,VGND,li1,14.9500,108.8000,0.000070
_0930_,VGND,li1,16.5600,119.6800,0.000040
_0929_,VGND,li1,31.7400,119.6800,0.000057
_0928_,VGND,li1,92.0000,130.5600,0.000194
_0927_,VGND,li1,57.5000,130.5600,0.000135
_0926_,VGND,li1,51.9800,130.5600,0.000125
_0925_,VGND,li1,54.0500,130.5600,0.000131
_0924_,VGND,li1,49.9100,130.5600,0.000120
_0923_,VGND,li1,48.0700,130.5600,0.000115
_0922_,VGND,li1,46.0000,130.5600,0.000108
_0921_,VGND,li1,46.6900,130.5600,0.000108
_0920_,VGND,li1,38.4100,125.1200,0.000035
_0919_,VGND,li1,29.2100,125.1200,0.000026
_0918_,VGND,li1,21.6200,125.1200,0.000020
_0917_,VGND,li1,19.5500,125.1200,0.000022
_0916_,VGND,li1,20.2400,125.1200,0.000020
_0915_,VGND,li1,9.6600,119.6800,0.000041
_0914_,VGND,li1,14.9500,125.1200,0.000023
_0913_,VGND,li1,12.8800,119.6800,0.000040
_0912_,VGND,li1,8.9700,119.6800,0.000041
_0911_,VGND,li1,19.5500,119.6800,0.000039
_0910_,VGND,li1,40.7100,119.6800,0.000087
_0909_,VGND,li1,41.1700,119.6800,0.000087
_0908_,VGND,li1,38.1800,119.6800,0.000078
_0907_,VGND,li1,73.1400,141.4400,0.000052
_0906_,VGND,li1,56.1200,136.0000,0.000152
_0905_,VGND,li1,51.2900,136.0000,0.000136
_0904_,VGND,li1,49.4500,136.0000,0.000130
_0903_,VGND,li1,45.3100,136.0000,0.000117
_0902_,VGND,li1,41.4000,136.0000,0.000103
_0901_,VGND,li1,42.0900,130.5600,0.000096
_0900_,VGND,li1,37.0300,136.0000,0.000087
_0899_,VGND,li1,34.9600,130.5600,0.000071
_0898_,VGND,li1,33.5800,136.0000,0.000074
_0897_,VGND,li1,20.4700,130.5600,0.000037
_0896_,VGND,li1,16.7900,130.5600,0.000038
_0895_,VGND,li1,16.1000,125.1200,0.000022
_0894_,VGND,li1,11.7300,125.1200,0.000024
_0893_,VGND,li1,18.6300,130.5600,0.000038
_0892_,VGND,li1,62.5600,130.5600,0.000151
_0891_,VGND,li1,64.1700,136.0000,0.000177
_0890_,VGND,li1,47.6100,136.0000,0.000124
_0889_,VGND,li1,39.1000,130.5600,0.000086
_0888_,VGND,li1,40.2500,136.0000,0.000094
_0887_,VGND,li1,29.6700,136.0000,0.000059
_0886_,VGND,li1,27.3700,136.0000,0.000050
_0885_,VGND,li1,27.1400,125.1200,0.000021
_0884_,VGND,li1,29.6700,130.5600,0.000055
_0883_,VGND,li1,27.8300,130.5600,0.000045
_0882_,VGND,li1,68.0800,119.6800,0.000161
_0881_,VGND,li1,34.9600,119.6800,0.000070
_0880_,VGND,li1,35.6500,125.1200,0.000031
_0879_,VGND,li1,27.3700,125.1200,0.000024
_0878_,VGND,li1,28.7500,119.6800,0.000047
_0877_,VGND,li1,67.6200,114.2400,0.000265
_0876_,VGND,li1,32.2000,114.2400,0.000094
_0875_,VGND,li1,124.8900,119.6800,0.000246
_0874_,VGND,li1,124.8900,119.6800,0.000246
_0873_,VGND,li1,123.7400,125.1200,0.000087
_0872_,VGND,li1,125.3500,125.1200,0.000087
_0871_,VGND,li1,127.6500,119.6800,0.000248
_0870_,VGND,li1,118.2200,119.6800,0.000239
_0869_,VGND,li1,126.0400,114.2400,0.000390
_0868_,VGND,li1,124.4300,114.2400,0.000390
_0867_,VGND,li1,121.2100,119.6800,0.000242
_0866_,VGND,li1,127.1900,103.3600,0.000928
_0865_,VGND,li1,130.1800,97.9200,0.000228
_0864_,VGND,li1,120.7500,114.2400,0.000386
_0863_,VGND,li1,123.0500,114.2400,0.000388
_0862_,VGND,li1,122.5900,119.6800,0.000242
_0861_,VGND,li1,126.7300,97.9200,0.000227
_0860_,VGND,li1,130.4100,103.3600,0.000931
_0859_,VGND,li1,124.6600,108.8000,0.000478
_0858_,VGND,li1,133.6300,103.3600,0.000931
_0857_,VGND,li1,118.2200,97.9200,0.000224
_0856_,VGND,li1,120.0600,103.3600,0.000921
_0855_,VGND,li1,122.5900,97.9200,0.000226
_0854_,VGND,li1,120.7500,97.9200,0.000225
_0853_,VGND,li1,122.5900,108.8000,0.000477
_0852_,VGND,li1,124.4300,97.9200,0.000227
_0851_,VGND,li1,123.0500,97.9200,0.000226
_0850_,VGND,li1,123.7400,81.6000,0.000294
_0849_,VGND,li1,127.1900,81.6000,0.000295
_0848_,VGND,li1,118.6800,81.6000,0.000291
_0847_,VGND,li1,115.2300,87.0400,0.000336
_0846_,VGND,li1,117.0700,87.0400,0.000338
_0845_,VGND,li1,116.6100,81.6000,0.000289
_0844_,VGND,li1,121.4400,87.0400,0.000341
_0843_,VGND,li1,113.3900,81.6000,0.000287
_0842_,VGND,li1,126.0400,87.0400,0.000347
_0841_,VGND,li1,127.6500,92.4800,0.000236
_0840_,VGND,li1,124.4300,87.0400,0.000345
_0839_,VGND,li1,123.7400,81.6000,0.000294
_0838_,VGND,li1,126.9600,76.1600,0.000639
_0837_,VGND,li1,127.6500,81.6000,0.000295
_0836_,VGND,li1,126.2700,81.6000,0.000295
_0835_,VGND,li1,129.0300,87.0400,0.000350
_0834_,VGND,li1,127.1900,87.0400,0.000347
_0833_,VGND,li1,126.7300,70.7200,0.000465
_0832_,VGND,li1,125.3500,76.1600,0.000639
_0831_,VGND,li1,123.7400,70.7200,0.000462
_0830_,VGND,li1,127.6500,70.7200,0.000465
_0829_,VGND,li1,125.1200,65.2800,0.000259
_0828_,VGND,li1,122.3600,65.2800,0.000256
_0827_,VGND,li1,122.5900,65.2800,0.000257
_0826_,VGND,li1,120.7500,65.2800,0.000256
_0825_,VGND,li1,123.5100,59.8400,0.000333
_0824_,VGND,li1,127.1900,65.2800,0.000261
_0823_,VGND,li1,122.1300,70.7200,0.000460
_0822_,VGND,li1,124.8900,65.2800,0.000259
_0821_,VGND,li1,120.2900,59.8400,0.000332
_0820_,VGND,li1,120.7500,27.2000,0.000348
_0819_,VGND,li1,112.7000,43.5200,0.000517
_0818_,VGND,li1,113.3900,38.0800,0.000165
_0817_,VGND,li1,116.3800,27.2000,0.000343
_0816_,VGND,li1,113.1600,16.3200,0.000453
_0815_,VGND,li1,109.2500,16.3200,0.000446
_0814_,VGND,li1,113.8500,21.7600,0.000082
_0813_,VGND,li1,123.7400,16.3200,0.000464
_0812_,VGND,li1,110.6300,21.7600,0.000082
_0811_,VGND,li1,128.8000,16.3200,0.000468
_0810_,VGND,li1,128.5700,21.7600,0.000085
_0809_,VGND,li1,124.4300,16.3200,0.000464
_0808_,VGND,li1,123.7400,32.6400,0.000274
_0807_,VGND,li1,125.1200,27.2000,0.000352
_0806_,VGND,li1,120.7500,16.3200,0.000460
_0805_,VGND,li1,123.5100,21.7600,0.000084
_0804_,VGND,li1,126.7300,16.3200,0.000466
_0803_,VGND,li1,123.9700,27.2000,0.000350
_0802_,VGND,li1,120.7500,32.6400,0.000272
_0801_,VGND,li1,115.9200,32.6400,0.000265
_0800_,VGND,li1,113.8500,27.2000,0.000340
_0799_,VGND,li1,117.5300,27.2000,0.000343
_0798_,VGND,li1,126.0400,32.6400,0.000277
_0797_,VGND,li1,122.8200,38.0800,0.000167
_0796_,VGND,li1,123.0500,32.6400,0.000274
_0795_,VGND,li1,118.2200,32.6400,0.000269
_0794_,VGND,li1,120.5200,32.6400,0.000272
_0793_,VGND,li1,116.1500,43.5200,0.000518
_0792_,VGND,li1,117.9900,43.5200,0.000519
_0791_,VGND,li1,120.2900,38.0800,0.000167
_0790_,VGND,li1,124.8900,48.9600,0.000802
_0789_,VGND,li1,125.8100,32.6400,0.000277
_0788_,VGND,li1,127.1900,32.6400,0.000277
_0787_,VGND,li1,117.9900,32.6400,0.000269
_0786_,VGND,li1,124.8900,48.9600,0.000802
_0785_,VGND,li1,123.9700,43.5200,0.000520
_0784_,VGND,li1,120.5200,43.5200,0.000519
_0783_,VGND,li1,127.1900,43.5200,0.000520
_0782_,VGND,li1,125.1200,54.4000,0.000309
_0781_,VGND,li1,125.8100,54.4000,0.000309
_0780_,VGND,li1,120.2900,48.9600,0.000797
_0779_,VGND,li1,121.9000,48.9600,0.000797
_0778_,VGND,li1,119.6000,48.9600,0.000794
_0777_,VGND,li1,116.8400,48.9600,0.000791
_0776_,VGND,li1,110.4000,43.5200,0.000516
_0775_,VGND,li1,110.1700,43.5200,0.000516
_0774_,VGND,li1,120.7500,43.5200,0.000519
_0773_,VGND,li1,129.9500,48.9600,0.000807
_0772_,VGND,li1,128.1100,48.9600,0.000805
_0771_,VGND,li1,109.4800,54.4000,0.000294
_0770_,VGND,li1,112.4700,54.4000,0.000297
_0769_,VGND,li1,105.1100,48.9600,0.000742
_0768_,VGND,li1,103.9600,48.9600,0.000731
_0767_,VGND,li1,108.3300,48.9600,0.000760
_0766_,VGND,li1,98.4400,48.9600,0.000701
_0765_,VGND,li1,101.6600,48.9600,0.000719
_0764_,VGND,li1,106.4900,48.9600,0.000742
_0763_,VGND,li1,102.8100,43.5200,0.000513
_0762_,VGND,li1,106.9500,54.4000,0.000291
_0761_,VGND,li1,103.2700,54.4000,0.000289
_0760_,VGND,li1,101.4300,48.9600,0.000719
_0759_,VGND,li1,104.1900,43.5200,0.000513
_0758_,VGND,li1,100.9700,43.5200,0.000512
_0757_,VGND,li1,98.6700,38.0800,0.000162
_0756_,VGND,li1,103.0400,32.6400,0.000248
_0755_,VGND,li1,97.7500,38.0800,0.000162
_0754_,VGND,li1,99.1300,32.6400,0.000243
_0753_,VGND,li1,100.7400,21.7600,0.000078
_0752_,VGND,li1,104.6500,16.3200,0.000438
_0751_,VGND,li1,100.5100,27.2000,0.000324
_0750_,VGND,li1,98.9000,27.2000,0.000319
_0749_,VGND,li1,106.0300,32.6400,0.000253
_0748_,VGND,li1,102.3500,27.2000,0.000326
_0747_,VGND,li1,104.1900,27.2000,0.000328
_0746_,VGND,li1,97.0600,21.7600,0.000075
_0745_,VGND,li1,94.0700,21.7600,0.000074
_0744_,VGND,li1,97.2900,27.2000,0.000319
_0743_,VGND,li1,95.6800,38.0800,0.000162
_0742_,VGND,li1,90.8500,38.0800,0.000160
_0741_,VGND,li1,86.9400,32.6400,0.000222
_0740_,VGND,li1,88.0900,38.0800,0.000159
_0739_,VGND,li1,94.9900,27.2000,0.000315
_0738_,VGND,li1,94.9900,27.2000,0.000315
_0737_,VGND,li1,97.2900,21.7600,0.000075
_0736_,VGND,li1,85.3300,32.6400,0.000218
_0735_,VGND,li1,88.7800,32.6400,0.000225
_0734_,VGND,li1,84.8700,32.6400,0.000218
_0733_,VGND,li1,87.4000,38.0800,0.000159
_0732_,VGND,li1,84.8700,38.0800,0.000158
_0731_,VGND,li1,86.4800,48.9600,0.000623
_0730_,VGND,li1,88.3200,43.5200,0.000469
_0729_,VGND,li1,93.1500,38.0800,0.000161
_0728_,VGND,li1,89.9300,38.0800,0.000160
_0727_,VGND,li1,97.2900,43.5200,0.000510
_0726_,VGND,li1,97.9800,65.2800,0.000221
_0725_,VGND,li1,94.7600,76.1600,0.000576
_0724_,VGND,li1,96.8300,70.7200,0.000425
_0723_,VGND,li1,89.4700,43.5200,0.000482
_0722_,VGND,li1,85.3300,43.5200,0.000453
_0721_,VGND,li1,87.1700,43.5200,0.000469
_0720_,VGND,li1,106.2600,65.2800,0.000237
_0719_,VGND,li1,106.4900,65.2800,0.000237
_0718_,VGND,li1,101.4300,65.2800,0.000228
_0717_,VGND,li1,99.8200,70.7200,0.000430
_0716_,VGND,li1,99.1300,65.2800,0.000221
_0715_,VGND,li1,97.7500,65.2800,0.000221
_0714_,VGND,li1,94.5300,65.2800,0.000215
_0713_,VGND,li1,95.9100,65.2800,0.000215
_0712_,VGND,li1,110.8600,70.7200,0.000450
_0711_,VGND,li1,107.4100,70.7200,0.000443
_0710_,VGND,li1,101.4300,70.7200,0.000434
_0709_,VGND,li1,97.5200,76.1600,0.000588
_0708_,VGND,li1,94.7600,81.6000,0.000257
_0707_,VGND,li1,100.0500,81.6000,0.000268
_0706_,VGND,li1,101.8900,70.7200,0.000434
_0705_,VGND,li1,97.2900,70.7200,0.000425
_0704_,VGND,li1,99.1300,70.7200,0.000430
_0703_,VGND,li1,99.3600,87.0400,0.000314
_0702_,VGND,li1,98.4400,87.0400,0.000314
_0701_,VGND,li1,93.8400,87.0400,0.000302
_0700_,VGND,li1,96.1400,87.0400,0.000307
_0699_,VGND,li1,97.5200,81.6000,0.000261
_0698_,VGND,li1,92.2300,81.6000,0.000254
_0697_,VGND,li1,94.9900,87.0400,0.000307
_0696_,VGND,li1,106.2600,97.9200,0.000213
_0695_,VGND,li1,103.7300,92.4800,0.000226
_0694_,VGND,li1,98.6700,92.4800,0.000224
_0693_,VGND,li1,96.3700,92.4800,0.000223
_0692_,VGND,li1,92.6900,92.4800,0.000220
_0691_,VGND,li1,94.5300,92.4800,0.000221
_0690_,VGND,li1,100.7400,103.3600,0.000815
_0689_,VGND,li1,105.3400,103.3600,0.000842
_0688_,VGND,li1,106.0300,103.3600,0.000858
_0687_,VGND,li1,101.8900,103.3600,0.000829
_0686_,VGND,li1,106.4900,119.6800,0.000225
_0685_,VGND,li1,100.9700,97.9200,0.000205
_0684_,VGND,li1,103.7300,103.3600,0.000842
_0683_,VGND,li1,98.2100,103.3600,0.000800
_0682_,VGND,li1,110.8600,114.2400,0.000379
_0681_,VGND,li1,114.3100,119.6800,0.000234
_0680_,VGND,li1,106.4900,114.2400,0.000372
_0679_,VGND,li1,107.4100,119.6800,0.000225
_0678_,VGND,li1,104.4200,130.5600,0.000207
_0677_,VGND,li1,110.1700,119.6800,0.000230
_0676_,VGND,li1,106.9500,114.2400,0.000372
_0675_,VGND,li1,104.6500,114.2400,0.000369
_0674_,VGND,li1,112.7000,130.5600,0.000210
_0673_,VGND,li1,110.1700,130.5600,0.000210
_0672_,VGND,li1,109.9400,136.0000,0.000236
_0671_,VGND,li1,102.3500,130.5600,0.000205
_0670_,VGND,li1,105.1100,125.1200,0.000084
_0669_,VGND,li1,107.4100,130.5600,0.000210
_0668_,VGND,li1,100.2800,130.5600,0.000203
_0667_,VGND,li1,116.3800,130.5600,0.000210
_0666_,VGND,li1,112.4700,136.0000,0.000237
_0665_,VGND,li1,105.5700,136.0000,0.000236
_0664_,VGND,li1,84.1800,130.5600,0.000184
_0663_,VGND,li1,98.6700,130.5600,0.000200
_0662_,VGND,li1,102.8100,136.0000,0.000236
_0661_,VGND,li1,102.3500,136.0000,0.000236
_0660_,VGND,li1,85.1000,136.0000,0.000225
_0659_,VGND,li1,84.1800,130.5600,0.000184
_0658_,VGND,li1,81.4200,130.5600,0.000180
_0657_,VGND,li1,87.1700,130.5600,0.000187
_0656_,VGND,li1,74.5200,130.5600,0.000171
_0655_,VGND,li1,82.1100,136.0000,0.000219
_0654_,VGND,li1,82.1100,136.0000,0.000219
_0653_,VGND,li1,69.4600,130.5600,0.000163
_0652_,VGND,li1,77.2800,130.5600,0.000174
_0651_,VGND,li1,74.5200,130.5600,0.000171
_0650_,VGND,li1,71.5300,130.5600,0.000166
_0649_,VGND,li1,80.2700,119.6800,0.000185
_0648_,VGND,li1,72.4500,130.5600,0.000166
_0647_,VGND,li1,69.2300,130.5600,0.000163
_0646_,VGND,li1,90.1600,114.2400,0.000341
_0645_,VGND,li1,89.9300,119.6800,0.000201
_0644_,VGND,li1,84.8700,119.6800,0.000193
_0643_,VGND,li1,77.5100,108.8000,0.000365
_0642_,VGND,li1,77.5100,119.6800,0.000180
_0641_,VGND,li1,80.9600,114.2400,0.000315
_0640_,VGND,li1,78.4300,114.2400,0.000304
_0639_,VGND,li1,80.2700,119.6800,0.000185
_0638_,VGND,li1,82.1100,108.8000,0.000398
_0637_,VGND,li1,80.2700,108.8000,0.000388
_0636_,VGND,li1,11.2700,70.7200,0.000067
_0635_,VGND,li1,16.3300,54.4000,0.000043
