net,length_um
clknet_0_clk,732.23µm
_02098_,705.335µm
_02175_,676.89µm
_02077_,658.09µm
net250,654.92µm
net623,648.76µm
_02055_,630.735µm
_02087_,614.31µm
net646,584.46µm
net547,537.33µm
_02109_,527.805µm
net671,527.41µm
net511,512.94µm
_02044_,503.98µm
_02022_,489.21µm
net31,486.74µm
net33,482.12µm
net481,472.46µm
net395,459.64µm
net32,458.62µm
net424,457.36µm
net21,444.2µm
net15,441.06µm
net26,432.71µm
_02011_,427.755µm
net14,421.96µm
net525,420.35µm
net18,418.29µm
net10,400.3µm
net441,399.69µm
net491,384.425µm
net519,378.69µm
net89,372.755µm
net569,360.34µm
net399,358.53µm
clk,337.45µm
net498,337.13µm
net337,330.46µm
net268,328.34µm
net25,319.67µm
net271,309.295µm
net81,305.63µm
net593,302.97µm
net590,296.555µm
net533,292.06µm
net488,286.57µm
net27,274.62µm
net494,268µm
net470,267.035µm
net536,265.44µm
net17,262.805µm
_02120_,262.63µm
net474,257.485µm
net97,256.71µm
net689,254.14µm
net392,251.24µm
net480,249.18µm
net28,248.2µm
net735,248.2µm
net311,247.065µm
net73,244.62µm
net449,244.04µm
net161,242.24µm
net438,240.215µm
net453,240.19µm
net440,238.89µm
net379,237.56µm
net477,237.06µm
net375,236.16µm
net84,233.54µm
net663,233.385µm
net530,231.77µm
net445,228.16µm
net522,226.66µm
net22,224.98µm
net425,224.55µm
net23,224.11µm
net44,223.82µm
net638,221.98µm
net60,220.9µm
net767,218.8µm
net9,218.74µm
net546,216.545µm
net289,214.96µm
net8,214.86µm
net528,209.94µm
net742,208.57µm
net516,206.26µm
net614,205.58µm
net1,205.04µm
net5,201.66µm
net521,200.64µm
net447,200.33µm
net825,199.36µm
net274,199.14µm
net320,198.48µm
net624,198.22µm
net7,197.09µm
net615,196.11µm
clknet_3_6__leaf_clk,196.08µm
net4,195.54µm
net657,195.38µm
net700,193.98µm
net795,193.56µm
net621,193.245µm
net818,191.73µm
net357,191.345µm
net258,190.325µm
net275,189.44µm
net432,187.32µm
net145,186.3µm
net557,185.745µm
net816,185.63µm
net277,185.095µm
clknet_3_1__leaf_clk,184.66µm
net87,184.54µm
net358,184.25µm
net697,183.58µm
net573,183.22µm
net601,182.52µm
net121,182.35µm
net322,182.31µm
net86,182.25µm
net42,181.21µm
net596,180.035µm
net435,179.24µm
net640,178.545µm
net571,177.395µm
net105,177.35µm
net110,177.2µm
net256,176.12µm
net431,175.92µm
net36,174.91µm
net34,174.37µm
net466,172.02µm
net260,171.89µm
net63,169.13µm
net698,169.1µm
net292,168.68µm
net160,167.92µm
net417,166.82µm
net85,166.09µm
net64,166.06µm
net129,165.98µm
net332,165.48µm
net65,164.99µm
net301,164.635µm
net588,163.74µm
net572,163.41µm
net128,163.37µm
net272,163.32µm
net539,162.78µm
net251,162.655µm
net642,162.635µm
net418,162.07µm
net433,161.5µm
net99,161.02µm
net318,160.53µm
net676,160.5µm
net609,159.39µm
net644,159.34µm
net652,158.975µm
net299,158.97µm
net107,158.64µm
net153,158.62µm
net385,158.42µm
net545,157.82µm
net599,155.705µm
net535,155.64µm
net665,155.405µm
net607,155.235µm
net531,154.05µm
net411,153.57µm
net397,153.48µm
net141,153.34µm
net444,153.13µm
net118,152.44µm
net921,152.26µm
net366,152.01µm
net252,151.205µm
net401,151.02µm
net208,150.9µm
net643,150.86µm
net335,150.84µm
net52,150.09µm
net126,149.6µm
net329,148.56µm
net98,148.4µm
net550,148.365µm
net284,147.9µm
net137,147.88µm
net196,147.4µm
net305,146.7µm
net298,146.63µm
clknet_3_5__leaf_clk,146.62µm
net620,146.615µm
net108,146.58µm
net373,146.41µm
net336,146.01µm
net209,145.87µm
net309,145.85µm
net106,145.4µm
net374,145.16µm
net348,145.105µm
net555,144.88µm
net352,144.83µm
net585,144.13µm
net543,144.06µm
net314,143.895µm
net650,143.5µm
net686,143.02µm
net458,142.74µm
net398,142.44µm
net361,142.42µm
net421,142.13µm
net327,142.07µm
net626,140.82µm
net195,140.43µm
clknet_3_7__leaf_clk,139.9µm
net563,139.435µm
net619,139.36µm
net490,139.08µm
net325,139µm
net343,138.53µm
net346,138.47µm
net581,138.24µm
net503,137.58µm
net253,137.48µm
net450,137.44µm
net364,137.3µm
net324,136.355µm
net687,136.32µm
net492,135.78µm
net678,135.52µm
net553,135.5µm
net699,135.44µm
net387,135.25µm
net407,134.9µm
net532,134.86µm
net565,134.78µm
net140,134.65µm
net454,134.46µm
net684,134.265µm
net281,134.24µm
net369,134.14µm
net315,134.1µm
net587,134.04µm
net456,134.02µm
net484,133.55µm
net603,133.4µm
net383,133.26µm
net48,133.06µm
net483,133.045µm
net694,132.77µm
net132,132.74µm
net400,132.735µm
net342,132.67µm
net583,132.63µm
net668,132.61µm
net40,132.54µm
net119,132.3µm
net493,132.3µm
net631,131.98µm
net462,131.55µm
net283,131.535µm
net487,131.395µm
net262,131.1µm
net362,131.08µm
net381,130.83µm
net405,130.71µm
net359,130.63µm
net111,130.5µm
net306,129.84µm
net497,129.54µm
net102,129.06µm
net690,128.73µm
net677,128.67µm
net749,128.52µm
net489,128.48µm
net331,127.42µm
net414,127.34µm
net136,127.2µm
net350,127.12µm
net100,127.09µm
net286,127.06µm
net612,126.96µm
net37,126.93µm
net681,126.605µm
net669,126.455µm
net120,126.44µm
net442,126.115µm
net660,126.04µm
net403,125.86µm
net207,125.7µm
net695,125.62µm
net602,125.54µm
net270,125.435µm
net303,125.395µm
net394,125.2µm
net266,125.15µm
net633,124.66µm
net552,124.5µm
net109,124.42µm
net279,124.145µm
net517,123.84µm
net457,123.82µm
net464,123.7µm
net264,123.54µm
net476,123.485µm
net393,123.44µm
net482,123.18µm
net544,123µm
net499,122.86µm
clknet_3_2__leaf_clk,122.68µm
net38,121.83µm
net62,121.8µm
net101,121.72µm
_01649_,121.22µm
net682,121.16µm
net473,121.08µm
net326,120.82µm
net667,120.81µm
net157,120.42µm
net316,120.375µm
net338,120.3µm
net389,120.3µm
net510,119.9µm
net112,119.8µm
net255,119.675µm
net628,119.05µm
net641,118.92µm
net413,118.86µm
net662,118.48µm
net523,118.21µm
net371,117.84µm
net46,117.53µm
net467,117.22µm
net88,117.18µm
net548,117.17µm
net45,116.94µm
net446,116.745µm
net471,116.7µm
net766,115.97µm
net520,115.64µm
net104,115.58µm
_06587_,115.13µm
net293,115.13µm
net333,115.06µm
net625,115.04µm
net629,114.72µm
net674,114.71µm
net513,114.54µm
net360,114.395µm
net344,114.38µm
net133,114.24µm
net826,113.96µm
net512,113.76µm
net649,113.695µm
net116,113.22µm
net259,112.93µm
net541,112.86µm
net465,112.66µm
net507,112.62µm
net312,112.61µm
net138,112.38µm
net647,112.3µm
net692,112.28µm
_01676_,111.96µm
net422,111.9µm
_02349_,111.595µm
net423,111.36µm
net334,111.23µm
net559,111.02µm
_06588_,110.86µm
net427,110.5µm
net672,110.45µm
net127,109.82µm
net469,109.77µm
net82,109.7µm
net479,109.62µm
net636,109.13µm
net439,108.92µm
net658,108.9µm
_02230_,108.1µm
net580,108.02µm
net635,107.62µm
net41,107.615µm
net402,107.33µm
net502,107.33µm
net577,107.255µm
net561,107.22µm
clknet_3_0__leaf_clk,107.08µm
net524,106.975µm
net475,106.9µm
net206,106.78µm
net514,106.7µm
net574,106.64µm
net598,106.235µm
net378,106.115µm
net501,105.99µm
net437,105.8µm
net269,104.975µm
net566,104.75µm
_03426_,104.73µm
net495,104.62µm
_02360_,104.04µm
net416,103.78µm
net83,103.6µm
net376,102.98µm
_03690_,102.86µm
net287,102.84µm
net617,102.34µm
net267,102.26µm
net527,102µm
net117,101.98µm
net515,101.92µm
net592,101.78µm
net142,101.12µm
net666,100.915µm
net150,100.72µm
net455,100.6µm
_06561_,100.54µm
net159,100.48µm
net58,100.36µm
_00186_,100.32µm
net460,100.305µm
net134,100.12µm
net568,99.94µm
net370,99.08µm
net655,98.85µm
net149,98.82µm
net452,98.5µm
_02273_,98.32µm
net49,98.2µm
net408,97.54µm
net654,97.52µm
net291,97.325µm
net143,96.82µm
net300,96.68µm
net420,96.67µm
net409,96.52µm
net600,96.515µm
net302,96.405µm
_02142_,96.26µm
net323,95.46µm
_05195_,95.36µm
net594,95.215µm
net39,95.16µm
net518,94.91µm
net103,94.9µm
net595,94.62µm
net317,94.21µm
net406,93.88µm
net509,93.52µm
_01825_,92.96µm
net526,92.87µm
net538,92.26µm
net391,92.21µm
net390,92.1µm
net47,91.62µm
net249,91.49µm
_06518_,91.46µm
net396,90.71µm
net410,90.32µm
net529,90.12µm
_01075_,89.96µm
_01950_,89.74µm
net534,89.69µm
net273,89.68µm
clknet_3_3__leaf_clk,89.5µm
net575,89.38µm
_00187_,89.225µm
_00184_,89.2µm
net368,89.07µm
net19,88.58µm
net616,88.18µm
net61,87.92µm
net158,87.7µm
net247,87.66µm
net404,87.66µm
net16,87.32µm
_02208_,87.28µm
net696,87.08µm
net567,86.8µm
net341,86.66µm
_02786_,86.58µm
_03502_,86.56µm
net591,86.4µm
_05386_,86.36µm
net478,86.115µm
net297,85.895µm
_02672_,85.62µm
net290,85.6µm
net428,85.6µm
clknet_3_4__leaf_clk,85.24µm
net122,84.99µm
_05388_,84.615µm
_02197_,84.18µm
net340,83.96µm
net505,83.8µm
_01949_,83.26µm
_05225_,83.08µm
net597,83.06µm
net123,82.94µm
_01822_,82.44µm
net95,82.44µm
_02062_,82.34µm
_02061_,82.28µm
net254,81.78µm
_03590_,81.32µm
net20,81.04µm
_05389_,80.96µm
_02131_,80.22µm
net43,80.12µm
net53,79.92µm
net75,79.53µm
net356,79.5µm
net486,79.34µm
_03586_,79.24µm
net113,79.1µm
net294,79.07µm
net605,78.875µm
net639,78.56µm
net377,78.5µm
net79,78.16µm
_02506_,78.1µm
net313,77.99µm
net135,77.82µm
_00261_,77.8µm
_02153_,77.68µm
_02240_,77.4µm
net74,77.08µm
net144,76.9µm
net197,76.86µm
net139,76.76µm
net115,76.68µm
net59,76.44µm
_05149_,76.29µm
net468,76.285µm
_01088_,76.16µm
net296,75.9µm
net76,75.8µm
net606,75.8µm
_02522_,75.49µm
net412,75.26µm
_02284_,75.12µm
_02815_,74.93µm
net280,74.83µm
_05288_,74.78µm
net388,74.695µm
_00416_,74.37µm
net310,74.36µm
_01732_,74.29µm
_01677_,74.22µm
net56,74.17µm
_01897_,74.02µm
net791,73.955µm
net448,73.94µm
net285,73.8µm
_00417_,73.78µm
_03889_,73.52µm
_00458_,73.335µm
net198,73.26µm
_03427_,73.22µm
net679,73.16µm
_05525_,72.615µm
net114,72.6µm
_02756_,72.5µm
_03396_,72.38µm
net71,72.12µm
_03890_,71.97µm
net430,71.4µm
net295,71.26µm
net653,71.115µm
net93,70.98µm
_00263_,70.96µm
_03589_,70.755µm
net551,70.55µm
_04294_,70.52µm
_03985_,70.28µm
net151,69.9µm
_05116_,69.72µm
net582,69.66µm
net419,69.48µm
net152,69.28µm
net611,69.26µm
net282,68.86µm
_02862_,68.66µm
net540,68.615µm
net68,68.48µm
_05689_,68.42µm
net570,68.345µm
net693,68.24µm
net321,68.22µm
_02499_,68.02µm
_06645_,67.86µm
_02210_,67.845µm
net443,67.64µm
_02416_,67.6µm
_06646_,67.54µm
_02769_,67.48µm
_03499_,67.38µm
_01899_,67.3µm
net13,67.28µm
net622,67.12µm
net472,66.915µm
_04826_,66.66µm
_02216_,66.485µm
_05524_,66.3µm
net651,66.28µm
_01755_,66.22µm
_04734_,65.92µm
net579,65.44µm
net613,65.28µm
_05688_,65.18µm
net77,65µm
_01824_,64.805µm
_05136_,64.7µm
net627,64.7µm
_02110_,64.65µm
net319,64.535µm
_05226_,64.44µm
net308,63.94µm
net680,63.45µm
net586,63.38µm
net125,63.2µm
_04532_,63µm
net508,62.91µm
_03843_,62.78µm
_04741_,62.56µm
_05468_,62.36µm
net661,62.325µm
_05470_,62.3µm
net96,62.3µm
_01733_,61.96µm
_02111_,61.9µm
net461,61.82µm
_04818_,61.74µm
net556,61.545µm
_06036_,61.47µm
net839,61.2µm
net330,61.125µm
net688,60.98µm
_03998_,60.84µm
_03186_,60.76µm
_03353_,60.495µm
_06040_,60.46µm
_05785_,60.32µm
_04998_,60.04µm
net304,60µm
_00020_,59.98µm
_02333_,59.935µm
net307,59.7µm
net80,59.56µm
net564,59.395µm
_00439_,59.3µm
net608,59.21µm
net94,59.18µm
_04603_,58.86µm
_05643_,58.81µm
_03225_,58.66µm
net664,58.645µm
_02678_,58.515µm
net257,58.08µm
_01044_,58.06µm
_02088_,57.82µm
_04827_,57.78µm
_04578_,57.72µm
_03040_,57.68µm
net363,57.58µm
net436,57.19µm
_00689_,57.06µm
_01594_,57.06µm
net35,57µm
net156,56.97µm
_03698_,56.76µm
_04144_,56.68µm
_04026_,56.64µm
_02319_,56.6µm
_05115_,56.6µm
net589,56.6µm
_04967_,56.46µm
_03867_,56.38µm
_06666_,56.38µm
net504,56.34µm
_01119_,56.24µm
_02882_,56.22µm
net415,56.2µm
_04834_,56.14µm
_00886_,56.08µm
_06127_,56.08µm
net537,56µm
_02192_,55.94µm
net265,55.92µm
net245,55.72µm
_01924_,55.68µm
_04575_,55.62µm
_02415_,55.6µm
net648,55.5µm
_00552_,55.44µm
net78,55.28µm
_01092_,55.22µm
_04328_,54.98µm
_04327_,54.46µm
_03514_,54.39µm
_04985_,54.34µm
_03663_,54.29µm
_05941_,54.25µm
_00459_,54.04µm
net604,54.02µm
_02571_,54µm
_05644_,53.96µm
_00986_,53.68µm
_02538_,53.68µm
_02652_,53.6µm
_02539_,53.56µm
_06093_,53.56µm
_04333_,53.46µm
_00019_,53.44µm
net70,53.34µm
_05312_,53.3µm
_04239_,53.18µm
net645,53.175µm
_04968_,53.16µm
_06246_,53.12µm
_05823_,53.1µm
_04635_,52.94µm
_06126_,52.88µm
_06506_,52.88µm
_04807_,52.8µm
_03018_,52.7µm
_03019_,52.7µm
_03671_,52.58µm
_06655_,52.54µm
_04647_,52.44µm
_05161_,52.36µm
_03494_,52.34µm
net124,52.32µm
_04143_,52.315µm
_01465_,52.26µm
_03669_,52.22µm
net632,52.045µm
_02306_,52µm
net634,51.78µm
_05144_,51.76µm
_04444_,51.72µm
_03337_,51.7µm
_05286_,51.66µm
_02320_,51.52µm
_03604_,51.42µm
_00690_,51.38µm
_04237_,51.34µm
net434,51.17µm
_05497_,51.14µm
_00779_,51.12µm
_02543_,50.86µm
net12,50.82µm
net263,50.66µm
net155,50.62µm
net618,50.6µm
_01917_,50.58µm
net67,50.58µm
_00892_,50.52µm
_01686_,50.52µm
_03161_,50.42µm
_03838_,50.28µm
_02241_,50.16µm
_03842_,50.04µm
_06035_,50.025µm
net560,50.02µm
net345,50µm
net55,49.8µm
net353,49.66µm
net382,49.6µm
_01609_,49.57µm
net789,49.56µm
_02445_,49.54µm
_03837_,49.46µm
net463,49.42µm
_00965_,49.36µm
_00985_,49.28µm
_00961_,49.24µm
_04203_,49.22µm
_05798_,49.14µm
_04446_,49.08µm
_04774_,48.92µm
_04872_,48.82µm
_01083_,48.62µm
net578,48.52µm
_02419_,48.48µm
net584,48.41µm
_02401_,48.34µm
_04207_,48.24µm
_06318_,48.24µm
_04565_,48.16µm
_01768_,48.135µm
_05799_,48.12µm
_05463_,47.96µm
_06314_,47.885µm
_00557_,47.86µm
_06047_,47.82µm
_04573_,47.6µm
_01738_,47.46µm
_04705_,47.4µm
net554,47.4µm
_02468_,47.32µm
_02576_,47.32µm
_05942_,47.32µm
_01157_,47.1µm
_04105_,47.1µm
_00383_,46.94µm
_01345_,46.9µm
net29,46.88µm
_00745_,46.84µm
_01687_,46.8µm
_04441_,46.8µm
_04837_,46.62µm
_02940_,46.54µm
_06132_,46.54µm
_00361_,46.48µm
_01583_,46.44µm
_04648_,46.44µm
_03781_,46.34µm
_04905_,46.32µm
_02444_,46.245µm
net673,46.12µm
net57,45.985µm
_03020_,45.94µm
_01313_,45.88µm
_06160_,45.86µm
_03972_,45.8µm
_04520_,45.7µm
_05639_,45.69µm
_00287_,45.68µm
_00732_,45.68µm
_05345_,45.64µm
_04823_,45.58µm
net685,45.5µm
_00556_,45.435µm
net386,45.41µm
_03157_,45.34µm
_02368_,45.3µm
net154,45.3µm
_00657_,45.26µm
_00701_,45.14µm
net683,45.06µm
_04712_,45.04µm
_00211_,44.96µm
_04536_,44.9µm
_06625_,44.9µm
_00887_,44.82µm
_05577_,44.72µm
_03999_,44.705µm
_03666_,44.68µm
_02355_,44.635µm
net562,44.5µm
_01141_,44.49µm
_02338_,44.44µm
_04604_,44.4µm
_00962_,44.34µm
_05579_,44.12µm
_00989_,43.88µm
_02673_,43.88µm
net72,43.82µm
_02450_,43.76µm
_00553_,43.74µm
net576,43.72µm
_03312_,43.7µm
net637,43.66µm
_04820_,43.64µm
net786,43.58µm
_03527_,43.54µm
_03163_,43.46µm
_06358_,43.42µm
_02962_,43.4µm
_01078_,43.3µm
_00546_,43.28µm
_04798_,43.28µm
_00831_,43.26µm
_06165_,43.26µm
_05300_,43.17µm
_03397_,43.16µm
net659,43.06µm
net354,43µm
_04364_,42.96µm
net69,42.96µm
_00166_,42.94µm
_01057_,42.92µm
_00388_,42.88µm
_00656_,42.88µm
_04236_,42.86µm
_03058_,42.82µm
net630,42.82µm
net610,42.8µm
net51,42.77µm
_02165_,42.76µm
net691,42.57µm
_05465_,42.56µm
_06183_,42.54µm
_02588_,42.44µm
_03909_,42.34µm
_04593_,42.34µm
_03026_,42.3µm
_05640_,42.26µm
_03994_,41.98µm
net500,41.94µm
net558,41.885µm
_04332_,41.78µm
net459,41.78µm
_06487_,41.77µm
_01575_,41.76µm
_04957_,41.64µm
_02418_,41.62µm
_04092_,41.61µm
_02215_,41.54µm
_01354_,41.45µm
_00785_,41.44µm
_00749_,41.42µm
_05544_,41.34µm
_02456_,41.22µm
_04157_,41.22µm
net347,41.22µm
_04517_,41.185µm
_06649_,41.18µm
_03567_,41.12µm
_01453_,41.06µm
net244,41µm
_05990_,40.94µm
_03579_,40.86µm
_03308_,40.84µm
net216,40.7µm
_05236_,40.68µm
_00580_,40.655µm
_03513_,40.64µm
_02316_,40.52µm
_02929_,40.5µm
_03993_,40.425µm
net675,40.385µm
_06009_,40.38µm
_00938_,40.34µm
_05745_,40.32µm
_03725_,40.3µm
_06480_,40.2µm
_03484_,40.19µm
_02001_,40.08µm
net351,40.08µm
net804,40.08µm
_06529_,40µm
_04012_,39.95µm
_03081_,39.88µm
_01439_,39.86µm
_05890_,39.76µm
_03362_,39.74µm
_06496_,39.68µm
_01848_,39.62µm
net131,39.52µm
net248,39.52µm
_00775_,39.5µm
_06007_,39.5µm
_00535_,39.4µm
_06085_,39.4µm
_02872_,39.3µm
_06342_,39.16µm
_03691_,39.06µm
_00750_,38.98µm
_03744_,38.98µm
_02129_,38.92µm
_03311_,38.9µm
_04109_,38.78µm
_00823_,38.76µm
_01391_,38.76µm
_03537_,38.7µm
_05336_,38.62µm
_01030_,38.56µm
_05773_,38.34µm
_04841_,38.22µm
net261,38.185µm
_00744_,38.165µm
_04693_,38.12µm
_03546_,38.08µm
_03834_,38.08µm
_04093_,38.03µm
_04544_,38.02µm
net788,38.01µm
_06159_,37.915µm
_03636_,37.86µm
_05297_,37.84µm
_03004_,37.78µm
_03127_,37.78µm
_00774_,37.64µm
_06488_,37.62µm
_04208_,37.6µm
_01942_,37.56µm
_01838_,37.48µm
_04669_,37.48µm
_01744_,37.44µm
_06502_,37.44µm
_03379_,37.28µm
_05107_,37.14µm
_02572_,37.12µm
_06562_,37.1µm
net276,36.86µm
_05487_,36.78µm
_00829_,36.62µm
net506,36.5µm
_05918_,36.44µm
_03584_,36.42µm
_05903_,36.4µm
_06244_,36.4µm
_01574_,36.3µm
net384,36.3µm
_03534_,36.29µm
_02356_,36.18µm
_06172_,36.12µm
_06336_,36.04µm
_04321_,36.035µm
_03307_,36.02µm
_05583_,35.96µm
_06166_,35.95µm
_00830_,35.84µm
_04404_,35.78µm
_00642_,35.76µm
net743,35.76µm
net11,35.72µm
_05435_,35.66µm
_00343_,35.64µm
_03944_,35.6µm
_00333_,35.54µm
_02421_,35.52µm
_03540_,35.455µm
_01111_,35.24µm
_01231_,35.22µm
_04901_,35.22µm
_02211_,35.18µm
net199,35.14µm
_05904_,35.1µm
_04927_,35.08µm
_05955_,35.08µm
_05155_,35.06µm
_01177_,35.04µm
net203,35µm
_04246_,34.92µm
_00272_,34.885µm
net429,34.86µm
_02758_,34.84µm
_03386_,34.82µm
_04675_,34.82µm
_01322_,34.8µm
_04190_,34.8µm
_00998_,34.78µm
net339,34.74µm
_04106_,34.7µm
_06552_,34.68µm
net147,34.68µm
_04958_,34.64µm
_05414_,34.58µm
_05366_,34.46µm
_04298_,34.44µm
_00477_,34.4µm
_04962_,34.4µm
_05552_,34.32µm
_02049_,34.3µm
net426,34.22µm
net50,34.18µm
_04302_,34.15µm
net328,34.15µm
_05306_,34.14µm
_05494_,34.14µm
_02511_,34.13µm
_01377_,34.1µm
_01430_,34.045µm
_06280_,33.95µm
_05709_,33.86µm
_04800_,33.84µm
_05106_,33.8µm
_05971_,33.78µm
_06074_,33.76µm
_01888_,33.7µm
_05196_,33.7µm
_06378_,33.58µm
net66,33.58µm
_00440_,33.52µm
_03733_,33.52µm
_05796_,33.5µm
_06237_,33.485µm
net288,33.46µm
_00231_,33.4µm
_03099_,33.4µm
_01204_,33.34µm
_01379_,33.34µm
_00387_,33.26µm
_04526_,33.18µm
_01443_,33.16µm
_02053_,33.16µm
_06638_,33.1µm
_03659_,33.02µm
_00574_,33µm
_01785_,32.98µm
_05040_,32.98µm
_02260_,32.94µm
_01031_,32.92µm
net278,32.905µm
_04512_,32.88µm
_03635_,32.84µm
_01544_,32.8µm
_04813_,32.64µm
net451,32.62µm
_00597_,32.58µm
_00659_,32.56µm
_06497_,32.44µm
_00404_,32.38µm
_00508_,32.36µm
_06346_,32.3µm
_00306_,32.24µm
_02920_,32.24µm
_06479_,32.22µm
_01307_,32.18µm
_02185_,32.18µm
_01727_,32.16µm
_05378_,32.16µm
_02323_,32.1µm
_01967_,32.04µm
_06271_,32.04µm
_02913_,32.01µm
_00792_,31.96µm
_02106_,31.96µm
_04588_,31.9µm
net212,31.9µm
net200,31.88µm
_01983_,31.84µm
_02875_,31.84µm
_02654_,31.78µm
_05748_,31.74µm
net148,31.72µm
_00251_,31.7µm
_00304_,31.68µm
_04045_,31.58µm
_04361_,31.58µm
_03130_,31.52µm
_04548_,31.52µm
_03158_,31.44µm
_02639_,31.42µm
_00411_,31.385µm
_00228_,31.38µm
net496,31.33µm
_06495_,31.285µm
_02578_,31.28µm
_04863_,31.28µm
_00852_,31.24µm
_03539_,31.24µm
_04434_,31.24µm
net670,31.105µm
_02059_,31.1µm
_00581_,31.08µm
_02927_,31.08µm
_05403_,31.03µm
_01330_,31.02µm
_01878_,30.9µm
_03485_,30.9µm
_05907_,30.88µm
_01287_,30.86µm
_00455_,30.66µm
_00529_,30.66µm
_01617_,30.66µm
_04354_,30.66µm
_05894_,30.61µm
_02877_,30.58µm
_03752_,30.58µm
_03048_,30.56µm
_00200_,30.54µm
_02393_,30.52µm
_00046_,30.46µm
_01220_,30.46µm
_06177_,30.4µm
_01249_,30.38µm
_04112_,30.3µm
_05237_,30.3µm
_02621_,30.28µm
_06005_,30.2µm
_00937_,30.16µm
_02203_,30.16µm
_04899_,30.14µm
_00859_,30.12µm
_00002_,30.1µm
_04378_,30.04µm
_03904_,30.02µm
_03719_,30.01µm
_06243_,29.98µm
_03044_,29.96µm
_04471_,29.9µm
_02199_,29.88µm
_01749_,29.86µm
_03789_,29.86µm
_04011_,29.86µm
_01757_,29.85µm
net656,29.78µm
_05779_,29.76µm
_02390_,29.72µm
_04172_,29.72µm
_01655_,29.68µm
_06004_,29.62µm
_05042_,29.58µm
_05490_,29.575µm
_01446_,29.54µm
net24,29.5µm
_03162_,29.48µm
_04836_,29.44µm
_00147_,29.42µm
_04162_,29.42µm
_03874_,29.38µm
_04008_,29.36µm
_03773_,29.31µm
_03856_,29.3µm
_00139_,29.28µm
_00635_,29.28µm
_04440_,29.28µm
_04829_,29.28µm
_05631_,29.26µm
_06131_,29.2µm
_04972_,29.09µm
_01121_,29.06µm
_01591_,29.06µm
_02307_,29.03µm
_05613_,29.02µm
_00832_,28.96µm
_00054_,28.92µm
_03006_,28.88µm
_02224_,28.74µm
_04202_,28.74µm
_06087_,28.72µm
net549,28.67µm
_04007_,28.66µm
_06207_,28.66µm
_00281_,28.64µm
_00034_,28.6µm
_02874_,28.6µm
_06249_,28.6µm
_03667_,28.54µm
_00052_,28.5µm
_00862_,28.48µm
_04359_,28.48µm
_05238_,28.42µm
_05267_,28.4µm
net246,28.36µm
_00191_,28.35µm
_03168_,28.32µm
_00012_,28.31µm
_02919_,28.3µm
_04398_,28.26µm
net753,28.26µm
_00822_,28.24µm
_03487_,28.22µm
_02300_,28.17µm
_04356_,28.14µm
_03717_,28.12µm
_04928_,28.12µm
net367,28.12µm
_01944_,28.08µm
_04991_,28.035µm
_01367_,27.94µm
_01971_,27.9µm
_05801_,27.88µm
_02374_,27.85µm
net54,27.84µm
_04676_,27.79µm
_04611_,27.78µm
_04085_,27.76µm
net215,27.7µm
_06489_,27.66µm
net380,27.66µm
_00860_,27.6µm
_01179_,27.56µm
_03333_,27.56µm
_06357_,27.56µm
_06420_,27.54µm
_03056_,27.5µm
_03270_,27.5µm
_03830_,27.5µm
_06248_,27.41µm
_00143_,27.38µm
_02738_,27.38µm
_05685_,27.38µm
_05186_,27.34µm
_02060_,27.32µm
_01892_,27.3µm
_04634_,27.3µm
_00220_,27.28µm
_04930_,27.28µm
_02884_,27.24µm
_05635_,27.18µm
_03343_,27.16µm
_06629_,27.16µm
net234,27.16µm
_02860_,27.14µm
_01445_,27.125µm
_01564_,27.08µm
_03281_,27.08µm
_00410_,27.04µm
_02146_,27.04µm
_03335_,27.02µm
_04862_,27.02µm
_04724_,26.99µm
_02743_,26.98µm
_06662_,26.97µm
_06490_,26.96µm
_06494_,26.96µm
_02650_,26.94µm
_03057_,26.94µm
_01209_,26.82µm
_04912_,26.8µm
_03101_,26.76µm
_03488_,26.76µm
_00310_,26.74µm
_03679_,26.67µm
_00568_,26.65µm
_00894_,26.62µm
_01403_,26.62µm
_01505_,26.62µm
_06011_,26.62µm
_05271_,26.56µm
_03925_,26.52µm
_04720_,26.52µm
_04299_,26.46µm
_01545_,26.4µm
_05590_,26.32µm
_02664_,26.24µm
_02219_,26.22µm
net171,26.2µm
_00037_,26.18µm
w32[1],26.17µm
_00857_,26.16µm
_02446_,26.14µm
_04695_,26.14µm
_04094_,26.1µm
_05517_,26.1µm
_00412_,26.06µm
_00669_,26.06µm
_02052_,26.06µm
_05466_,26µm
_04529_,25.98µm
_05124_,25.98µm
_06334_,25.96µm
_06372_,25.91µm
_05891_,25.9µm
net785,25.9µm
_01867_,25.89µm
_01300_,25.885µm
_03855_,25.86µm
_02381_,25.815µm
_00717_,25.8µm
_02971_,25.8µm
_05519_,25.8µm
_01567_,25.78µm
_02167_,25.75µm
_01325_,25.725µm
_05883_,25.7µm
_01405_,25.64µm
_01566_,25.64µm
_02752_,25.64µm
_03050_,25.64µm
_00055_,25.62µm
_01195_,25.62µm
_01309_,25.62µm
_05281_,25.6µm
_06599_,25.6µm
_03491_,25.58µm
_05352_,25.56µm
_06117_,25.56µm
_04963_,25.54µm
_02380_,25.5µm
_06098_,25.5µm
_00569_,25.49µm
_05842_,25.48µm
_01366_,25.46µm
_03028_,25.46µm
_02866_,25.4µm
_00644_,25.38µm
_03582_,25.36µm
_04253_,25.36µm
_01804_,25.34µm
_04508_,25.34µm
_03143_,25.32µm
net754,25.315µm
_02072_,25.22µm
_05994_,25.18µm
net205,25.16µm
_02050_,25.14µm
_02394_,25.14µm
_05340_,25.14µm
_06120_,25.13µm
_03660_,25.12µm
_04211_,25.1µm
_00047_,25.06µm
_02532_,25.02µm
_05458_,24.97µm
_00241_,24.96µm
_03482_,24.96µm
_05185_,24.92µm
_00327_,24.88µm
_02910_,24.88µm
_04856_,24.88µm
_05119_,24.88µm
_00413_,24.86µm
_03851_,24.84µm
_04169_,24.84µm
_05795_,24.8µm
_01565_,24.78µm
_05810_,24.78µm
_03547_,24.765µm
_02591_,24.74µm
_03946_,24.72µm
_04365_,24.72µm
_03833_,24.7µm
_05459_,24.7µm
_06313_,24.7µm
_03278_,24.66µm
_00702_,24.62µm
_01047_,24.6µm
_01820_,24.56µm
w32[2],24.53µm
_00177_,24.52µm
_00833_,24.52µm
_00033_,24.48µm
_01072_,24.46µm
_01337_,24.46µm
_03000_,24.46µm
_04125_,24.46µm
_04937_,24.46µm
_00045_,24.38µm
_03854_,24.38µm
_01168_,24.34µm
_01751_,24.34µm
_04982_,24.33µm
_03065_,24.32µm
_03508_,24.32µm
_05726_,24.32µm
_01440_,24.3µm
_03322_,24.3µm
_01106_,24.28µm
_06597_,24.28µm
_01380_,24.26µm
_01299_,24.24µm
_01301_,24.22µm
_03720_,24.22µm
_03324_,24.21µm
_03761_,24.2µm
_02513_,24.18µm
_05277_,24.18µm
_01346_,24.16µm
_01866_,24.16µm
_00035_,24.14µm
_04630_,24.12µm
_03439_,24.1µm
_03479_,24.08µm
_02201_,24.06µm
_06457_,24.02µm
_03968_,23.98µm
_02970_,23.96µm
_03240_,23.96µm
net717,23.93µm
_05607_,23.92µm
_00259_,23.9µm
_00643_,23.9µm
_00141_,23.88µm
_01818_,23.88µm
_01943_,23.88µm
net365,23.84µm
_00218_,23.73µm
_01781_,23.68µm
_01957_,23.68µm
_00199_,23.66µm
_06341_,23.66µm
_02051_,23.64µm
_04876_,23.64µm
net177,23.64µm
_04048_,23.6µm
_06025_,23.6µm
_06399_,23.6µm
_04096_,23.55µm
_00182_,23.52µm
_03886_,23.52µm
_02403_,23.5µm
_03681_,23.495µm
_04360_,23.46µm
_00612_,23.38µm
_04969_,23.38µm
_03817_,23.36µm
_01289_,23.345µm
_04119_,23.3µm
_02992_,23.28µm
_04722_,23.28µm
_02308_,23.26µm
_06661_,23.26µm
_02601_,23.23µm
_05394_,23.22µm
_04120_,23.18µm
_04654_,23.18µm
_04763_,23.16µm
_03280_,23.14µm
_05478_,23.14µm
_00870_,23.12µm
_04973_,23.1µm
_00273_,23.08µm
_01779_,23.08µm
_05562_,23.06µm
_03137_,23µm
_00049_,22.98µm
_06272_,22.96µm
_02547_,22.94µm
_01486_,22.9µm
_00256_,22.88µm
_03203_,22.84µm
_06220_,22.84µm
_02464_,22.8µm
_03107_,22.8µm
_01865_,22.775µm
_06105_,22.76µm
_06340_,22.74µm
_05877_,22.72µm
_06055_,22.72µm
net170,22.72µm
_04594_,22.68µm
_00219_,22.66µm
_03296_,22.66µm
net349,22.645µm
_05293_,22.64µm
_01750_,22.63µm
_05381_,22.62µm
_03034_,22.6µm
_04665_,22.59µm
_02931_,22.58µm
_03283_,22.58µm
_05518_,22.58µm
_06418_,22.58µm
_06598_,22.58µm
_01433_,22.56µm
_02531_,22.56µm
_03480_,22.5µm
_05338_,22.5µm
_00192_,22.42µm
_00206_,22.42µm
_04550_,22.42µm
_05853_,22.42µm
_00001_,22.4µm
_00382_,22.4µm
_03490_,22.36µm
_05687_,22.36µm
_02981_,22.34µm
_02108_,22.33µm
_01429_,22.3µm
_02479_,22.28µm
_00371_,22.26µm
_00730_,22.26µm
_05516_,22.26µm
_01582_,22.24µm
_06179_,22.24µm
_00252_,22.16µm
_02336_,22.16µm
_02505_,22.16µm
_04317_,22.145µm
_03497_,22.14µm
_05982_,22.14µm
_01640_,22.13µm
_01434_,22.12µm
_06306_,22.12µm
_00324_,22.1µm
_01895_,22.08µm
_02741_,22.08µm
_02800_,22.08µm
_03216_,22.08µm
_05319_,22.07µm
_01169_,22.06µm
_01896_,22.05µm
_03680_,22.02µm
_02687_,22µm
_03598_,21.98µm
_04914_,21.98µm
_06147_,21.98µm
_05434_,21.96µm
_05088_,21.9µm
_03178_,21.82µm
_04586_,21.82µm
_02973_,21.8µm
_04285_,21.8µm
_00048_,21.78µm
_04694_,21.78µm
_00280_,21.76µm
_06466_,21.76µm
_04980_,21.74µm
net225,21.74µm
_06200_,21.72µm
_05202_,21.68µm
_00903_,21.66µm
_01507_,21.66µm
_03398_,21.66µm
_03017_,21.6µm
_03102_,21.6µm
_01992_,21.58µm
_04260_,21.58µm
_01283_,21.56µm
_05818_,21.56µm
_01051_,21.54µm
_01056_,21.54µm
_05083_,21.54µm
_00483_,21.52µm
_01412_,21.5µm
_05461_,21.5µm
_05638_,21.5µm
_00559_,21.48µm
_04855_,21.46µm
_06216_,21.46µm
_05230_,21.42µm
_04021_,21.4µm
_06097_,21.39µm
_04419_,21.38µm
_01688_,21.36µm
_03001_,21.3µm
_04976_,21.3µm
_05162_,21.3µm
_02798_,21.26µm
_04557_,21.26µm
_04953_,21.22µm
_01542_,21.2µm
_06242_,21.165µm
_05636_,21.16µm
_03159_,21.155µm
_01310_,21.14µm
_01724_,21.14µm
_01902_,21.14µm
_00368_,21.12µm
_00672_,21.12µm
_01590_,21.12µm
_03634_,21.1µm
net91,21.1µm
_01364_,21.06µm
_00405_,21.04µm
_02081_,21.04µm
_02777_,21.02µm
_05284_,21µm
_06188_,21µm
_04938_,20.98µm
_06057_,20.98µm
_03357_,20.96µm
_06525_,20.9µm
_02783_,20.88µm
_04670_,20.88µm
_05654_,20.88µm
_05815_,20.88µm
_05988_,20.88µm
_02202_,20.84µm
_05892_,20.84µm
w22[3],20.83µm
_01064_,20.82µm
w02[7],20.81µm
_03468_,20.8µm
_06150_,20.8µm
_03212_,20.78µm
_04417_,20.78µm
_01819_,20.76µm
_05845_,20.76µm
_03861_,20.7µm
_01314_,20.66µm
_00322_,20.64µm
_02707_,20.64µm
_04822_,20.64µm
_03697_,20.615µm
_03364_,20.56µm
_01061_,20.52µm
_02073_,20.48µm
_05121_,20.46µm
_04944_,20.44µm
_00893_,20.4µm
_01780_,20.4µm
_04482_,20.4µm
_06300_,20.4µm
_00564_,20.38µm
_00780_,20.38µm
_01216_,20.38µm
_05771_,20.38µm
_06458_,20.38µm
_02346_,20.34µm
_00492_,20.28µm
_01880_,20.24µm
_03472_,20.24µm
_03888_,20.22µm
_01306_,20.2µm
_05655_,20.2µm
_06672_,20.2µm
net130,20.2µm
_00000_,20.18µm
_05382_,20.18µm
_02082_,20.16µm
_02235_,20.14µm
_06464_,20.14µm
_04234_,20.125µm
_05133_,20.12µm
_05766_,20.12µm
_02993_,20.1µm
_04902_,20.1µm
_01556_,20.08µm
_04789_,20.08µm
_05283_,20.08µm
_06141_,20.08µm
_02373_,20.06µm
_04349_,20.06µm
_05111_,20.06µm
_06205_,20.04µm
_06463_,20.04µm
_01862_,19.98µm
_04756_,19.98µm
_03138_,19.965µm
_04468_,19.96µm
_05333_,19.96µm
_06267_,19.96µm
_01550_,19.94µm
_05648_,19.93µm
_02358_,19.92µm
_03915_,19.92µm
_01431_,19.88µm
_01913_,19.88µm
_03038_,19.88µm
_01145_,19.86µm
_01894_,19.86µm
_02994_,19.84µm
_04961_,19.84µm
_05479_,19.84µm
_05922_,19.84µm
_06305_,19.825µm
_03805_,19.82µm
_04286_,19.79µm
_01441_,19.76µm
_03032_,19.76µm
in0[5],19.73µm
_02068_,19.72µm
_02542_,19.72µm
_04217_,19.72µm
_01347_,19.7µm
_01581_,19.7µm
_05480_,19.66µm
_06369_,19.66µm
_04633_,19.64µm
_03788_,19.6µm
_00722_,19.54µm
_00999_,19.54µm
_03176_,19.52µm
net30,19.52µm
_01320_,19.5µm
_02598_,19.5µm
_03363_,19.5µm
net228,19.5µm
_01277_,19.48µm
_05456_,19.48µm
_00941_,19.46µm
_02698_,19.46µm
_04785_,19.46µm
_00575_,19.45µm
_02782_,19.42µm
_04466_,19.42µm
_04470_,19.42µm
_05978_,19.4µm
_02533_,19.38µm
_03852_,19.38µm
_00928_,19.36µm
_02228_,19.36µm
_03259_,19.36µm
_06381_,19.36µm
_06563_,19.36µm
_03969_,19.35µm
_04838_,19.34µm
_06008_,19.33µm
_01576_,19.3µm
_04161_,19.3µm
_02242_,19.26µm
_04041_,19.24µm
_04188_,19.24µm
_06214_,19.24µm
net542,19.235µm
_02285_,19.23µm
_01148_,19.2µm
_02647_,19.2µm
_03086_,19.16µm
_06282_,19.08µm
_02067_,19.06µm
_04525_,19.06µm
_00414_,19.04µm
_06164_,19.02µm
_01256_,19µm
_04853_,19µm
_05947_,19µm
_06485_,19µm
_03167_,18.98µm
_03668_,18.98µm
_00181_,18.94µm
_01045_,18.94µm
_01108_,18.94µm
net214,18.94µm
_02999_,18.92µm
_05533_,18.9µm
_00258_,18.86µm
_02899_,18.86µm
_03965_,18.82µm
_02560_,18.8µm
_02263_,18.78µm
w02[1],18.75µm
_01059_,18.74µm
_02063_,18.7µm
_02982_,18.7µm
_06613_,18.7µm
net824,18.7µm
_01734_,18.68µm
_02579_,18.68µm
_04418_,18.68µm
_02536_,18.66µm
_04295_,18.66µm
_05662_,18.66µm
_06452_,18.66µm
_03516_,18.64µm
_04700_,18.64µm
_01618_,18.62µm
_00422_,18.6µm
_00904_,18.6µm
_02064_,18.6µm
_02935_,18.58µm
_03194_,18.58µm
_00435_,18.56µm
_03202_,18.56µm
_05077_,18.56µm
_05262_,18.56µm
_05634_,18.56µm
net224,18.56µm
_00136_,18.55µm
_00707_,18.54µm
_04301_,18.54µm
_06217_,18.54µm
_02975_,18.52µm
_05703_,18.51µm
_04787_,18.5µm
_00920_,18.48µm
_03566_,18.48µm
_03863_,18.48µm
_06094_,18.48µm
_00171_,18.46µm
_01192_,18.46µm
_04187_,18.46µm
_05657_,18.46µm
_06151_,18.46µm
_02026_,18.44µm
_03847_,18.44µm
_01705_,18.4µm
_02357_,18.38µm
net752,18.38µm
_02773_,18.36µm
_02677_,18.34µm
_05318_,18.34µm
_06542_,18.34µm
_03135_,18.3µm
_03583_,18.3µm
_00448_,18.29µm
_00649_,18.28µm
_04366_,18.28µm
_04993_,18.28µm
_02603_,18.24µm
_05080_,18.24µm
_05811_,18.24µm
_05827_,18.24µm
_05110_,18.22µm
_01589_,18.2µm
_04362_,18.2µm
_05931_,18.2µm
_02563_,18.185µm
_05485_,18.18µm
_05797_,18.18µm
_05873_,18.16µm
_01054_,18.14µm
_01964_,18.14µm
_04803_,18.14µm
_00650_,18.105µm
_01855_,18.1µm
net787,18.1µm
_03134_,18.09µm
_02995_,18.08µm
_03242_,18.08µm
_04135_,18.08µm
_04727_,18.08µm
_05527_,18.08µm
_00599_,18.06µm
_01889_,18.06µm
_02630_,18.06µm
_01389_,18.04µm
_01948_,18.02µm
_04528_,18.02µm
_00977_,18µm
_03145_,18µm
_05690_,18µm
_04932_,17.98µm
_05095_,17.96µm
_06484_,17.96µm
_03795_,17.94µm
_04087_,17.92µm
net169,17.92µm
net175,17.92µm
_06268_,17.9µm
_02921_,17.89µm
_01326_,17.88µm
_02247_,17.88µm
_04004_,17.86µm
_05079_,17.84µm
_00466_,17.82µm
_03289_,17.82µm
_03354_,17.82µm
_04691_,17.82µm
_05424_,17.82µm
_02437_,17.8µm
_02589_,17.78µm
_02611_,17.78µm
_02906_,17.78µm
_04840_,17.78µm
_05174_,17.78µm
_05377_,17.78µm
_01514_,17.74µm
_04101_,17.74µm
_05751_,17.74µm
_06231_,17.74µm
_03320_,17.72µm
_00145_,17.7µm
_02989_,17.7µm
_04210_,17.7µm
_04730_,17.7µm
_06669_,17.67µm
_00406_,17.66µm
_02006_,17.66µm
_03199_,17.66µm
_03507_,17.66µm
_04806_,17.66µm
_06356_,17.66µm
_01087_,17.64µm
_01171_,17.64µm
_01365_,17.64µm
_02140_,17.64µm
_05767_,17.64µm
_06586_,17.64µm
_02359_,17.62µm
_02852_,17.62µm
_00056_,17.6µm
_03139_,17.58µm
_04888_,17.56µm
_01422_,17.54µm
_02528_,17.54µm
_06656_,17.53µm
_04576_,17.52µm
_04992_,17.52µm
_05131_,17.52µm
_00842_,17.505µm
_02517_,17.5µm
_04801_,17.5µm
_06076_,17.48µm
_01311_,17.46µm
_05221_,17.46µm
_00053_,17.44µm
_02083_,17.44µm
_03141_,17.44µm
_05887_,17.44µm
net916,17.44µm
_01469_,17.42µm
_03153_,17.42µm
_03683_,17.42µm
_05064_,17.38µm
_03916_,17.36µm
_01908_,17.34µm
_04342_,17.325µm
_03024_,17.32µm
_05132_,17.32µm
_05604_,17.32µm
_05650_,17.32µm
_01635_,17.3µm
_04698_,17.3µm
_01771_,17.28µm
_00003_,17.26µm
_02816_,17.26µm
_03648_,17.26µm
_01175_,17.25µm
_04761_,17.24µm
net751,17.22µm
_01105_,17.2µm
_02744_,17.2µm
_03170_,17.2µm
_04636_,17.2µm
_05265_,17.2µm
_05632_,17.2µm
_06344_,17.2µm
_00757_,17.16µm
_00990_,17.16µm
_03075_,17.16µm
_04661_,17.16µm
_04931_,17.16µm
_03144_,17.14µm
_04799_,17.14µm
_06134_,17.14µm
_00434_,17.08µm
_01223_,17.08µm
_03016_,17.08µm
_06404_,17.08µm
_00614_,17.06µm
_02008_,17.02µm
_05618_,17.02µm
_03192_,17.005µm
_00360_,17µm
_00927_,16.99µm
_00849_,16.98µm
_06600_,16.98µm
_03512_,16.96µm
_01305_,16.94µm
_01999_,16.94µm
_02974_,16.93µm
_02025_,16.9µm
_06283_,16.9µm
_01035_,16.86µm
_02365_,16.855µm
_00959_,16.84µm
_06030_,16.84µm
_06090_,16.84µm
_01135_,16.82µm
_01353_,16.82µm
_04016_,16.82µm
_06635_,16.82µm
net176,16.82µm
_00210_,16.79µm
_01095_,16.78µm
_01295_,16.76µm
_05002_,16.74µm
_01776_,16.72µm
_05197_,16.72µm
_05658_,16.72µm
_02867_,16.7µm
_02791_,16.66µm
_04159_,16.66µm
_05793_,16.64µm
_01210_,16.62µm
_04975_,16.62µm
_05450_,16.62µm
_06167_,16.62µm
_01316_,16.6µm
_02960_,16.6µm
_04076_,16.6µm
_04638_,16.6µm
_00229_,16.585µm
_00737_,16.58µm
_02932_,16.58µm
_03046_,16.58µm
_03114_,16.58µm
_01163_,16.57µm
_03557_,16.56µm
_03010_,16.54µm
_01093_,16.52µm
_02229_,16.52µm
_01663_,16.5µm
_04736_,16.5µm
_05091_,16.5µm
_02784_,16.49µm
_02480_,16.46µm
_05822_,16.46µm
_05608_,16.44µm
_01689_,16.42µm
_04560_,16.42µm
_05621_,16.42µm
_02624_,16.4µm
_02848_,16.4µm
_05950_,16.4µm
_05475_,16.38µm
_00230_,16.36µm
_03011_,16.345µm
_02830_,16.34µm
_04794_,16.34µm
_00131_,16.32µm
_01758_,16.32µm
_04265_,16.32µm
_06348_,16.32µm
_03857_,16.28µm
_06194_,16.28µm
_03023_,16.27µm
_01571_,16.26µm
net201,16.26µm
_00253_,16.24µm
_00808_,16.24µm
_01167_,16.22µm
_06652_,16.215µm
_05433_,16.2µm
_05626_,16.2µm
_05843_,16.2µm
_01725_,16.18µm
_04480_,16.16µm
_06486_,16.16µm
_06591_,16.16µm
_00868_,16.14µm
_01385_,16.14µm
_02102_,16.14µm
_02209_,16.14µm
_06366_,16.14µm
_02510_,16.12µm
_05663_,16.12µm
_00366_,16.1µm
_00712_,16.1µm
_00729_,16.1µm
_01729_,16.1µm
_03595_,16.1µm
_04668_,16.1µm
_02065_,16.08µm
_05467_,16.08µm
_00489_,16.06µm
_01427_,16.06µm
_01448_,16.06µm
_04429_,16.06µm
_04950_,16.06µm
_05521_,16.05µm
_03166_,16.04µm
_05409_,16.04µm
_06373_,16.04µm
_03495_,16.02µm
_03947_,16.02µm
_06259_,16.02µm
_02806_,16µm
_05589_,16µm
_04266_,15.975µm
_03374_,15.96µm
_03692_,15.95µm
_03551_,15.94µm
_00025_,15.92µm
net194,15.92µm
net241,15.92µm
_02793_,15.9µm
_06382_,15.9µm
_02429_,15.895µm
_00006_,15.88µm
_00994_,15.88µm
_01710_,15.88µm
_03277_,15.88µm
_02865_,15.86µm
_03623_,15.86µm
_04263_,15.86µm
_05025_,15.86µm
_02837_,15.84µm
_03463_,15.84µm
_06106_,15.84µm
_06329_,15.84µm
_05239_,15.83µm
_04089_,15.82µm
_01229_,15.81µm
_00896_,15.78µm
_02990_,15.78µm
_06621_,15.78µm
_00558_,15.76µm
_05756_,15.76µm
_00359_,15.74µm
_01815_,15.74µm
_02218_,15.74µm
_06108_,15.74µm
_04596_,15.73µm
_00140_,15.72µm
_02058_,15.72µm
_02069_,15.72µm
_04310_,15.72µm
_01843_,15.7µm
_05495_,15.7µm
_02983_,15.69µm
_03150_,15.66µm
_06414_,15.66µm
_02371_,15.64µm
_02792_,15.64µm
_03807_,15.64µm
_05609_,15.64µm
_06471_,15.64µm
_02836_,15.62µm
_03072_,15.62µm
_03165_,15.62µm
_04954_,15.62µm
_00618_,15.61µm
_05523_,15.605µm
_00777_,15.6µm
_01745_,15.6µm
_01675_,15.58µm
_02090_,15.58µm
_05736_,15.58µm
_05864_,15.58µm
net715,15.58µm
_03493_,15.56µm
_04170_,15.56µm
_05954_,15.54µm
_01022_,15.52µm
_04192_,15.5µm
_00050_,15.48µm
_00847_,15.48µm
_03013_,15.48µm
_05130_,15.48µm
_05645_,15.48µm
_06547_,15.48µm
_04870_,15.475µm
_00912_,15.46µm
_01302_,15.46µm
_01651_,15.46µm
_05960_,15.46µm
_06612_,15.46µm
net849,15.46µm
_01829_,15.45µm
_02661_,15.44µm
_05294_,15.44µm
_01746_,15.42µm
_02301_,15.42µm
_03088_,15.42µm
_05308_,15.42µm
_05813_,15.41µm
_00953_,15.4µm
_01903_,15.4µm
_04713_,15.4µm
_00637_,15.38µm
_01341_,15.38µm
_02405_,15.36µm
_02718_,15.36µm
_05825_,15.36µm
_06266_,15.36µm
_02526_,15.34µm
_03542_,15.34µm
_05457_,15.34µm
_05961_,15.34µm
_01384_,15.32µm
_01918_,15.32µm
_02076_,15.32µm
_02466_,15.32µm
_03839_,15.32µm
_05958_,15.32µm
_06210_,15.315µm
_03920_,15.31µm
_00269_,15.3µm
_05968_,15.3µm
_06470_,15.3µm
net90,15.3µm
_00420_,15.28µm
_06609_,15.28µm
_03074_,15.26µm
_03326_,15.26µm
_03348_,15.26µm
_03477_,15.26µm
_03625_,15.26µm
_05001_,15.26µm
_05802_,15.26µm
_01664_,15.24µm
_02819_,15.24µm
_00305_,15.22µm
_06186_,15.22µm
in1[4],15.22µm
_00409_,15.2µm
_01279_,15.2µm
_06310_,15.2µm
_02313_,15.19µm
_02809_,15.16µm
_00674_,15.14µm
_05010_,15.14µm
_05177_,15.14µm
_05279_,15.14µm
_05311_,15.14µm
_05026_,15.12µm
_01011_,15.1µm
_04439_,15.1µm
_03754_,15.08µm
_00389_,15.06µm
_05339_,15.06µm
_05413_,15.06µm
_05681_,15.06µm
_02869_,15.055µm
_05094_,15.04µm
_01190_,15.02µm
_02191_,15.02µm
_04166_,15.02µm
_06465_,15.02µm
net204,15µm
_01707_,14.98µm
_02475_,14.98µm
_04873_,14.98µm
_01284_,14.96µm
_01328_,14.96µm
_02537_,14.96µm
_03291_,14.96µm
_03713_,14.96µm
w22[1],14.95µm
_03770_,14.945µm
_00668_,14.94µm
_02674_,14.94µm
_04402_,14.94µm
_04916_,14.94µm
_06365_,14.94µm
_06650_,14.94µm
_04283_,14.9µm
_01890_,14.88µm
_01991_,14.865µm
_04795_,14.86µm
_05065_,14.86µm
_02369_,14.84µm
_02675_,14.84µm
_04206_,14.84µm
_04771_,14.84µm
_06209_,14.84µm
_02310_,14.83µm
_01491_,14.82µm
_01791_,14.82µm
_01218_,14.8µm
_01777_,14.8µm
_02107_,14.8µm
_02619_,14.8µm
_03375_,14.8µm
_04001_,14.8µm
_04965_,14.8µm
_05093_,14.8µm
_05439_,14.8µm
_01489_,14.78µm
_04643_,14.78µm
_01247_,14.76µm
_05778_,14.76µm
_00773_,14.74µm
_02465_,14.74µm
_01242_,14.72µm
_02448_,14.72µm
_02494_,14.72µm
_05062_,14.72µm
_05633_,14.72µm
_05867_,14.705µm
_06281_,14.7µm
_04158_,14.69µm
_05496_,14.685µm
_00415_,14.68µm
_00488_,14.68µm
_01761_,14.68µm
_03695_,14.68µm
_05581_,14.68µm
_06161_,14.68µm
_01200_,14.66µm
_01666_,14.66µm
_00296_,14.64µm
_01417_,14.64µm
_02482_,14.64µm
_03269_,14.64µm
_05076_,14.64µm
net936,14.62µm
_06604_,14.61µm
_01009_,14.6µm
_03173_,14.6µm
_05595_,14.6µm
_05987_,14.6µm
_01515_,14.59µm
w02[0],14.59µm
_03853_,14.58µm
_03967_,14.58µm
_04908_,14.58µm
_03331_,14.56µm
_05641_,14.56µm
_06233_,14.56µm
_01162_,14.55µm
_01188_,14.54µm
_00248_,14.52µm
_01018_,14.52µm
_02978_,14.52µm
_02942_,14.5µm
_00512_,14.48µm
_03175_,14.48µm
_03844_,14.48µm
_01891_,14.46µm
_02086_,14.46µm
_03771_,14.46µm
_04572_,14.46µm
_04845_,14.46µm
_05082_,14.46µm
_06039_,14.46µm
_06566_,14.46µm
_01174_,14.44µm
_01539_,14.44µm
_02425_,14.44µm
_02728_,14.44µm
_03959_,14.44µm
_05180_,14.44µm
_06541_,14.44µm
_00205_,14.42µm
_01329_,14.42µm
_03955_,14.42µm
_04070_,14.42µm
_05557_,14.42µm
_04056_,14.41µm
_01667_,14.4µm
_02893_,14.4µm
_03732_,14.4µm
_00474_,14.38µm
_02691_,14.38µm
_04030_,14.38µm
_06028_,14.38µm
w02[5],14.37µm
_03610_,14.36µm
_05329_,14.36µm
_01421_,14.34µm
_04481_,14.34µm
_05806_,14.34µm
_06002_,14.34µm
_01274_,14.32µm
_05045_,14.32µm
_05511_,14.32µm
_01442_,14.3µm
net227,14.3µm
_02396_,14.285µm
_04655_,14.28µm
_01630_,14.26µm
_04599_,14.26µm
_04842_,14.26µm
_05365_,14.26µm
_05462_,14.26µm
_06568_,14.26µm
_00352_,14.24µm
_01186_,14.24µm
_01097_,14.22µm
_03179_,14.22µm
_04688_,14.22µm
_05427_,14.2µm
_06116_,14.2µm
_04020_,14.195µm
_01324_,14.18µm
_02270_,14.18µm
_03541_,14.18µm
_05252_,14.18µm
_06596_,14.18µm
_03814_,14.16µm
_04679_,14.16µm
_05572_,14.16µm
_05342_,14.145µm
_00345_,14.14µm
_00613_,14.14µm
_01127_,14.14µm
_03160_,14.14µm
_03317_,14.12µm
_05204_,14.12µm
_01402_,14.1µm
_01610_,14.1µm
_01559_,14.08µm
_00425_,14.06µm
_03652_,14.06µm
_04194_,14.06µm
_05477_,14.06µm
net167,14.06µm
_00180_,14.04µm
_00494_,14.04µm
_03460_,14.04µm
_06574_,14.04µm
net242,14.03µm
_01794_,14.025µm
_03436_,14.02µm
_01717_,14µm
_05101_,13.98µm
_05109_,13.98µm
_05337_,13.98µm
_06347_,13.98µm
_01882_,13.96µm
_02245_,13.96µm
_02897_,13.96µm
_04760_,13.96µm
_04880_,13.96µm
_05356_,13.96µm
net184,13.96µm
_02027_,13.94µm
_02236_,13.94µm
_03685_,13.94µm
_04256_,13.94µm
_05145_,13.94µm
_05720_,13.94µm
_02250_,13.92µm
_03033_,13.92µm
_05058_,13.92µm
_05914_,13.91µm
_00936_,13.9µm
_04122_,13.9µm
_03621_,13.87µm
_00292_,13.86µm
_01637_,13.86µm
_02776_,13.86µm
_05315_,13.86µm
_05768_,13.86µm
_06135_,13.86µm
in1[1],13.86µm
in1[5],13.86µm
_00794_,13.84µm
_01259_,13.84µm
_03115_,13.84µm
_03416_,13.84µm
_04796_,13.84µm
_06580_,13.84µm
_01974_,13.82µm
_02264_,13.82µm
_05669_,13.82µm
_02187_,13.8µm
_02863_,13.8µm
_03712_,13.8µm
_04028_,13.8µm
_04374_,13.8µm
_04689_,13.8µm
_01915_,13.795µm
_01235_,13.77µm
_04036_,13.76µm
_04971_,13.76µm
_05278_,13.76µm
in0[7],13.75µm
_01879_,13.74µm
_04844_,13.74µm
_03515_,13.73µm
_00325_,13.72µm
_00426_,13.72µm
_00810_,13.72µm
_00815_,13.72µm
_01650_,13.72µm
_01871_,13.72µm
_02695_,13.72µm
_03829_,13.72µm
_05980_,13.72µm
_02808_,13.715µm
_00865_,13.7µm
_01782_,13.7µm
_05836_,13.7µm
_00976_,13.68µm
_02890_,13.68µm
_03655_,13.68µm
_05898_,13.68µm
_04804_,13.66µm
_00236_,13.64µm
_00620_,13.64µm
_06636_,13.64µm
_01551_,13.62µm
_01669_,13.62µm
_03169_,13.61µm
_00824_,13.6µm
_01501_,13.6µm
_02498_,13.6µm
_03434_,13.6µm
_03899_,13.6µm
_01449_,13.58µm
_02271_,13.58µm
_04090_,13.58µm
_00317_,13.56µm
_01019_,13.56µm
_01518_,13.56µm
_03171_,13.56µm
_03293_,13.56µm
_03687_,13.56µm
_05305_,13.56µm
_02984_,13.55µm
_04646_,13.545µm
_00967_,13.54µm
_03841_,13.54µm
_06469_,13.54µm
_00329_,13.535µm
_03381_,13.52µm
_00026_,13.5µm
_00560_,13.5µm
_01185_,13.5µm
_01790_,13.5µm
_02261_,13.5µm
_02604_,13.5µm
_04195_,13.5µm
_04338_,13.5µm
_04397_,13.5µm
_04696_,13.5µm
_04776_,13.5µm
_04815_,13.5µm
_05598_,13.5µm
_00270_,13.48µm
_01906_,13.48µm
_00572_,13.46µm
_01156_,13.46µm
_01170_,13.46µm
_01477_,13.46µm
_04385_,13.46µm
_05274_,13.46µm
_06251_,13.46µm
_04810_,13.455µm
_04199_,13.44µm
_00265_,13.42µm
_03301_,13.42µm
_03835_,13.42µm
_05716_,13.42µm
_01561_,13.4µm
_02029_,13.4µm
_03706_,13.4µm
_03743_,13.4µm
_01736_,13.38µm
_02765_,13.38µm
_03503_,13.38µm
_06196_,13.38µm
_00984_,13.36µm
_01264_,13.36µm
_01844_,13.36µm
_02616_,13.36µm
_04778_,13.36µm
_05556_,13.36µm
_03696_,13.34µm
_04759_,13.34µm
_05436_,13.34µm
in3[4],13.31µm
_02551_,13.3µm
_02823_,13.3µm
_03465_,13.3µm
_03722_,13.3µm
_05504_,13.3µm
_05908_,13.3µm
_03552_,13.28µm
_05327_,13.28µm
_03292_,13.265µm
_00891_,13.26µm
_01244_,13.26µm
_01973_,13.26µm
_02885_,13.26µm
_03618_,13.26µm
_04483_,13.26µm
_01372_,13.24µm
_04910_,13.24µm
_03051_,13.22µm
_03290_,13.22µm
_01786_,13.215µm
_00299_,13.21µm
_04078_,13.21µm
_05014_,13.2µm
_03318_,13.18µm
_03878_,13.18µm
_04099_,13.18µm
_06530_,13.18µm
_00626_,13.16µm
_02638_,13.16µm
_03117_,13.16µm
_04766_,13.16µm
_04960_,13.16µm
_06444_,13.16µm
_05418_,13.15µm
_01263_,13.14µm
_02378_,13.14µm
_03628_,13.14µm
_04658_,13.14µm
_04811_,13.14µm
_06431_,13.14µm
_02243_,13.12µm
_04149_,13.11µm
_02451_,13.1µm
_03189_,13.1µm
_03272_,13.1µm
_03358_,13.1µm
_03532_,13.1µm
_03657_,13.1µm
_05539_,13.1µm
_06476_,13.1µm
_02512_,13.09µm
_02126_,13.08µm
_03836_,13.08µm
_04531_,13.08µm
_05744_,13.08µm
_06128_,13.08µm
net173,13.08µm
_03184_,13.06µm
_05506_,13.06µm
_06111_,13.06µm
_01392_,13.04µm
_04191_,13.04µm
_06201_,13.04µm
net146,13.04µm
_05507_,13.035µm
_01731_,13.02µm
_01898_,13.02µm
_02071_,13.02µm
_03128_,13.02µm
_00282_,13µm
_00457_,13µm
_01374_,13µm
_03808_,13µm
_04929_,13µm
_01265_,12.98µm
_01774_,12.98µm
_00606_,12.96µm
_01435_,12.96µm
_01714_,12.96µm
_01907_,12.96µm
net776,12.96µm
_01996_,12.94µm
_04075_,12.94µm
_06477_,12.94µm
_00431_,12.92µm
_00607_,12.92µm
_01098_,12.92µm
_01577_,12.92µm
_02648_,12.92µm
_04507_,12.92µm
_06503_,12.92µm
_00576_,12.9µm
_04066_,12.9µm
out1[6],12.89µm
_00525_,12.88µm
_03519_,12.88µm
_03658_,12.88µm
_05594_,12.88µm
_05915_,12.88µm
_05482_,12.87µm
_02723_,12.86µm
_05886_,12.86µm
_06014_,12.86µm
_01814_,12.84µm
_01962_,12.84µm
_02592_,12.84µm
_02713_,12.84µm
_03511_,12.84µm
_03615_,12.84µm
_03824_,12.84µm
_04413_,12.84µm
_04775_,12.84µm
_05034_,12.84µm
_05122_,12.84µm
_05224_,12.84µm
_01570_,12.82µm
_02950_,12.82µm
_04240_,12.82µm
_04280_,12.82µm
_05182_,12.82µm
_01237_,12.8µm
_01248_,12.8µm
_01527_,12.8µm
_02905_,12.8µm
_03264_,12.8µm
_03288_,12.8µm
_03919_,12.8µm
_04496_,12.8µm
_04788_,12.8µm
_06428_,12.8µm
_01362_,12.78µm
_00551_,12.76µm
_02795_,12.76µm
_03015_,12.76µm
_03236_,12.76µm
_03820_,12.76µm
_00028_,12.74µm
_01143_,12.74µm
_01280_,12.74µm
_06050_,12.74µm
_03973_,12.72µm
_05759_,12.72µm
_00377_,12.7µm
_00616_,12.7µm
_02907_,12.7µm
_06257_,12.7µm
_06056_,12.69µm
_02953_,12.68µm
_03440_,12.68µm
_03506_,12.68µm
_06063_,12.68µm
_04221_,12.66µm
_05943_,12.66µm
_00423_,12.64µm
_01331_,12.64µm
_02423_,12.64µm
_03037_,12.64µm
_04768_,12.64µm
_05677_,12.64µm
_01596_,12.63µm
_01021_,12.62µm
_02339_,12.62µm
_03764_,12.62µm
_05157_,12.62µm
_03385_,12.6µm
_03978_,12.6µm
_05241_,12.6µm
_05584_,12.6µm
_00396_,12.58µm
_00530_,12.58µm
_00939_,12.58µm
_01089_,12.58µm
_02909_,12.58µm
_03862_,12.58µm
_05069_,12.58µm
_06472_,12.58µm
net163,12.58µm
_02143_,12.555µm
_03007_,12.54µm
_03180_,12.54µm
_04035_,12.54µm
_06407_,12.54µm
_00723_,12.52µm
_00249_,12.5µm
_03152_,12.5µm
_04068_,12.5µm
_06538_,12.5µm
in0[6],12.49µm
_01024_,12.485µm
_00726_,12.48µm
_02508_,12.48µm
_05364_,12.48µm
_03809_,12.47µm
_02028_,12.46µm
_03008_,12.46µm
_03813_,12.46µm
_03875_,12.46µm
_04312_,12.46µm
_04830_,12.46µm
_05649_,12.46µm
_00705_,12.445µm
_00447_,12.44µm
_01370_,12.44µm
_03341_,12.44µm
_02361_,12.43µm
w32[7],12.43µm
_00795_,12.42µm
_01593_,12.42µm
_02032_,12.42µm
_03336_,12.42µm
_04108_,12.42µm
_06006_,12.42µm
_00351_,12.41µm
_01767_,12.4µm
_02128_,12.4µm
_02838_,12.4µm
_05889_,12.39µm
_05108_,12.38µm
_06180_,12.38µm
_05502_,12.36µm
_00378_,12.34µm
_01257_,12.34µm
_04857_,12.34µm
_04977_,12.34µm
_01361_,12.33µm
_02968_,12.33µm
_02879_,12.325µm
_04315_,12.32µm
_05041_,12.32µm
_04034_,12.3µm
_05135_,12.3µm
_05770_,12.3µm
_06017_,12.3µm
_06292_,12.3µm
_02485_,12.28µm
_02715_,12.28µm
_03544_,12.265µm
_04765_,12.26µm
_05100_,12.26µm
_02384_,12.25µm
_02135_,12.24µm
_02412_,12.24µm
_03229_,12.24µm
_06437_,12.24µm
_02170_,12.23µm
_01532_,12.22µm
_02645_,12.22µm
_05532_,12.22µm
_00446_,12.2µm
_03866_,12.2µm
_04781_,12.2µm
_04970_,12.2µm
_05163_,12.2µm
_00660_,12.18µm
_01407_,12.18µm
_01456_,12.18µm
_05989_,12.18µm
_00308_,12.16µm
_01129_,12.16µm
_02148_,12.16µm
_05126_,12.16µm
_06325_,12.16µm
_02590_,12.155µm
_02509_,12.14µm
_04847_,12.14µm
_05032_,12.14µm
_05123_,12.14µm
_05588_,12.14µm
_03988_,12.13µm
_04622_,12.125µm
_00727_,12.12µm
_02682_,12.12µm
_03090_,12.12µm
_05173_,12.12µm
_05559_,12.12µm
_05911_,12.12µm
w32[4],12.11µm
_01282_,12.1µm
_05259_,12.1µm
_06032_,12.1µm
_00922_,12.08µm
_02635_,12.08µm
_02904_,12.08µm
_03756_,12.08µm
_04320_,12.08µm
_05708_,12.08µm
net820,12.08µm
_03391_,12.04µm
_05243_,12.04µm
_05659_,12.04µm
_06585_,12.04µm
net192,12.04µm
_05817_,12.025µm
_01269_,12.02µm
_03332_,12.02µm
_04019_,12.02µm
_05447_,12.02µm
in1[3],12.02µm
in1[7],12.02µm
w10[5],12.02µm
w33[6],12.02µm
_00812_,12.005µm
_02553_,12.005µm
_01262_,12µm
_06041_,12µm
_06077_,12µm
net701,12µm
_01413_,11.98µm
_03232_,11.98µm
_06581_,11.98µm
_01271_,11.96µm
_01524_,11.96µm
_03316_,11.96µm
_03651_,11.96µm
_04377_,11.96µm
_04749_,11.96µm
_05113_,11.96µm
_05788_,11.96µm
_03198_,11.95µm
_00142_,11.94µm
_03935_,11.94µm
_06616_,11.94µm
_00316_,11.92µm
_02615_,11.92µm
_02883_,11.92µm
_06215_,11.92µm
net166,11.92µm
_02164_,11.9µm
_02985_,11.9µm
_05407_,11.9µm
_01661_,11.88µm
_03475_,11.88µm
_05024_,11.88µm
_05290_,11.88µm
_05772_,11.88µm
_06493_,11.88µm
_03112_,11.86µm
_05343_,11.86µm
_05452_,11.86µm
_05910_,11.86µm
_05992_,11.86µm
_06423_,11.86µm
_05682_,11.85µm
_00057_,11.84µm
_00300_,11.84µm
_01160_,11.84µm
_04476_,11.84µm
_04948_,11.84µm
_05906_,11.84µm
_02939_,11.82µm
_03147_,11.82µm
_04549_,11.82µm
_01783_,11.815µm
_01557_,11.8µm
_03142_,11.8µm
_03302_,11.8µm
_03459_,11.8µm
_05209_,11.8µm
_06455_,11.8µm
_06647_,11.8µm
out1[7],11.79µm
_01872_,11.78µm
_02417_,11.78µm
_02663_,11.78µm
_03417_,11.78µm
_04061_,11.78µm
_05610_,11.78µm
_01414_,11.76µm
_02283_,11.76µm
_02461_,11.76µm
_02582_,11.76µm
_04300_,11.76µm
_04886_,11.76µm
_05674_,11.76µm
_05691_,11.76µm
_06602_,11.76µm
_01426_,11.74µm
_02406_,11.74µm
_02428_,11.74µm
_03619_,11.74µm
_04173_,11.74µm
_06323_,11.74µm
_00472_,11.72µm
_02767_,11.72µm
net188,11.72µm
_00267_,11.71µm
_02118_,11.7µm
_04138_,11.7µm
_04152_,11.7µm
_06229_,11.7µm
net168,11.7µm
_04254_,11.69µm
_00332_,11.68µm
_00665_,11.68µm
_04242_,11.68µm
_05560_,11.68µm
_05829_,11.68µm
_00841_,11.66µm
_02223_,11.66µm
_05098_,11.66µm
_05120_,11.66µm
_06046_,11.66µm
_01234_,11.64µm
_01698_,11.64µm
_02231_,11.64µm
_02991_,11.64µm
_03395_,11.64µm
net931,11.64µm
_00840_,11.62µm
_01100_,11.62µm
_01730_,11.62µm
_02520_,11.62µm
_03408_,11.62µm
_04225_,11.62µm
_04777_,11.62µm
_06549_,11.62µm
_01534_,11.605µm
_04215_,11.6µm
_05417_,11.6µm
_06468_,11.6µm
_00289_,11.59µm
_04956_,11.59µm
_00759_,11.58µm
_01613_,11.58µm
_01775_,11.58µm
_02827_,11.58µm
_03738_,11.58µm
_03922_,11.58µm
_04472_,11.58µm
_04629_,11.58µm
_04686_,11.58µm
_05935_,11.58µm
net6,11.58µm
net827,11.58µm
_00255_,11.56µm
_04966_,11.56µm
in1[6],11.56µm
w13[7],11.56µm
w20[0],11.56µm
w20[1],11.56µm
w23[4],11.56µm
w23[6],11.56µm
w23[7],11.56µm
_00196_,11.54µm
_04744_,11.54µm
_05611_,11.54µm
_06088_,11.54µm
_05570_,11.53µm
_00214_,11.52µm
_00424_,11.52µm
_02119_,11.52µm
_03708_,11.52µm
_04577_,11.52µm
_05680_,11.52µm
_02013_,11.5µm
_03042_,11.5µm
_03172_,11.5µm
_04443_,11.5µm
_05096_,11.5µm
_00974_,11.48µm
_01052_,11.48µm
_00838_,11.46µm
_01149_,11.46µm
_01227_,11.46µm
_04176_,11.46µm
_04452_,11.46µm
_05374_,11.46µm
_05897_,11.46µm
_00740_,11.44µm
_00816_,11.44µm
_01884_,11.44µm
_03816_,11.44µm
_04339_,11.44µm
_05125_,11.44µm
w12[3],11.44µm
_01624_,11.42µm
_01741_,11.42µm
_01910_,11.42µm
_01975_,11.42µm
_03368_,11.42µm
_04559_,11.42µm
_05134_,11.42µm
_05622_,11.42µm
_06375_,11.42µm
_06628_,11.42µm
_01701_,11.4µm
_04772_,11.4µm
_00027_,11.38µm
_01161_,11.38µm
_01693_,11.38µm
_04386_,11.38µm
_05698_,11.38µm
_06080_,11.38µm
_06095_,11.38µm
net202,11.38µm
_01082_,11.36µm
_02903_,11.36µm
_04127_,11.36µm
_00370_,11.34µm
_01272_,11.34µm
_02814_,11.34µm
_03952_,11.34µm
_05158_,11.34µm
_05722_,11.34µm
_06571_,11.34µm
_04171_,11.32µm
_04343_,11.32µm
_05372_,11.32µm
_05995_,11.32µm
_06440_,11.32µm
net746,11.32µm
_01131_,11.3µm
_01901_,11.3µm
_03390_,11.3µm
_03614_,11.3µm
_03684_,11.3µm
_05143_,11.3µm
_05405_,11.3µm
net711,11.3µm
_02426_,11.28µm
_02828_,11.28µm
_04589_,11.28µm
_05102_,11.28µm
_05291_,11.28µm
net233,11.28µm
_01592_,11.26µm
_01830_,11.26µm
_03741_,11.26µm
_03810_,11.26µm
_03154_,11.25µm
_00456_,11.24µm
_01458_,11.24µm
_01531_,11.24µm
_02447_,11.24µm
_02734_,11.24µm
_02896_,11.24µm
_03227_,11.24µm
_04186_,11.24µm
_05184_,11.24µm
_05899_,11.24µm
_06324_,11.24µm
_01358_,11.23µm
_01802_,11.22µm
_03077_,11.22µm
_03677_,11.22µm
_03819_,11.22µm
_00295_,11.2µm
_00379_,11.2µm
_01743_,11.2µm
_01877_,11.2µm
_02778_,11.2µm
_03656_,11.2µm
_04027_,11.2µm
_04427_,11.2µm
_05050_,11.2µm
_05089_,11.2µm
_05430_,11.2µm
_06181_,11.2µm
_06632_,11.2µm
_00246_,11.18µm
_01293_,11.18µm
_01490_,11.18µm
_02835_,11.18µm
_03762_,11.18µm
_06618_,11.18µm
_00733_,11.17µm
_03092_,11.16µm
_05292_,11.16µm
w11[7],11.14µm
_05152_,11.125µm
_02550_,11.12µm
_03966_,11.12µm
_05385_,11.12µm
_00260_,11.1µm
_00520_,11.1µm
_00921_,11.1µm
_01980_,11.1µm
_02367_,11.1µm
_02914_,11.1µm
_03190_,11.1µm
_03676_,11.1µm
_04566_,11.1µm
_06441_,11.1µm
in1[2],11.1µm
w10[0],11.1µm
w10[1],11.1µm
w10[2],11.1µm
w10[3],11.1µm
w10[4],11.1µm
w10[6],11.1µm
w13[3],11.1µm
w13[4],11.1µm
w13[5],11.1µm
w13[6],11.1µm
w20[2],11.1µm
w20[3],11.1µm
w23[5],11.1µm
_05711_,11.085µm
_01795_,11.08µm
_02037_,11.08µm
_02844_,11.08µm
_02972_,11.08µm
_04732_,11.08µm
_05921_,11.08µm
_06651_,11.08µm
_01528_,11.06µm
_01625_,11.06µm
_02311_,11.06µm
_04069_,11.06µm
_05071_,11.06µm
_00216_,11.04µm
_01937_,11.04µm
_02251_,11.04µm
_05105_,11.04µm
_05615_,11.04µm
_03164_,11.02µm
_03893_,11.02µm
_04657_,11.02µm
_06402_,11.02µm
_02302_,11.01µm
_01764_,11µm
_04619_,11µm
_04832_,11µm
_05367_,11µm
out0[0],11µm
out0[12],11µm
out0[13],11µm
out0[14],11µm
out0[15],11µm
out0[1],11µm
out0[2],11µm
out0[3],11µm
out0[6],11µm
out0[7],11µm
out0[8],11µm
out0[9],11µm
out3[15],11µm
net707,10.98µm
_00713_,10.96µm
_01215_,10.96µm
_02842_,10.96µm
_03412_,10.96µm
_04082_,10.96µm
_04330_,10.96µm
_04926_,10.96µm
_05529_,10.96µm
_00843_,10.95µm
_00565_,10.94µm
_02078_,10.94µm
_02956_,10.94µm
_03119_,10.94µm
_01956_,10.92µm
_02657_,10.92µm
_03284_,10.92µm
_03369_,10.92µm
_05244_,10.92µm
net747,10.92µm
_06508_,10.905µm
_03185_,10.9µm
_06454_,10.89µm
_00242_,10.88µm
_00582_,10.88µm
_00895_,10.88µm
_01118_,10.88µm
_01278_,10.88µm
_02085_,10.88µm
_02693_,10.88µm
_02697_,10.88µm
_03021_,10.88µm
_03538_,10.88µm
_04997_,10.88µm
_05092_,10.88µm
_05298_,10.88µm
_05832_,10.88µm
_05966_,10.88µm
_06138_,10.88µm
_06623_,10.88µm
net355,10.88µm
_01499_,10.86µm
_03025_,10.86µm
_03627_,10.86µm
_04175_,10.86µm
_04609_,10.86µm
_04964_,10.86µm
_05285_,10.86µm
_00598_,10.84µm
_02581_,10.84µm
_02642_,10.84µm
_02941_,10.84µm
_05261_,10.84µm
_04153_,10.83µm
_02760_,10.82µm
_03262_,10.82µm
_03793_,10.82µm
_04238_,10.82µm
_04945_,10.82µm
_03572_,10.8µm
_04769_,10.8µm
_03530_,10.79µm
_00931_,10.78µm
_02762_,10.78µm
_04129_,10.78µm
_04183_,10.78µm
_04510_,10.78µm
_04546_,10.78µm
_05425_,10.78µm
_05926_,10.78µm
_02575_,10.76µm
_04379_,10.76µm
_04875_,10.76µm
_05808_,10.76µm
_02182_,10.75µm
_00312_,10.74µm
_01258_,10.74µm
_01332_,10.74µm
_01600_,10.74µm
_01753_,10.74µm
_01940_,10.74µm
_03035_,10.74µm
_03193_,10.74µm
_04663_,10.74µm
_05211_,10.74µm
_05438_,10.74µm
_05686_,10.74µm
_05972_,10.74µm
_06473_,10.74µm
_06642_,10.74µm
_00421_,10.72µm
_00915_,10.72µm
_00950_,10.72µm
_01579_,10.72µm
_02318_,10.72µm
_02987_,10.72µm
_03041_,10.72µm
_03325_,10.72µm
_01840_,10.7µm
_04494_,10.7µm
_05821_,10.7µm
_06478_,10.695µm
w30[0],10.69µm
_01660_,10.68µm
_03903_,10.68µm
_05217_,10.68µm
_05888_,10.67µm
_05346_,10.65µm
_00395_,10.64µm
_03129_,10.64µm
_04442_,10.64µm
_04699_,10.64µm
_05543_,10.64µm
_05763_,10.64µm
_01691_,10.62µm
_02031_,10.62µm
_03132_,10.62µm
_03927_,10.62µm
_03958_,10.62µm
_06173_,10.62µm
_01837_,10.6µm
_02574_,10.6µm
_06620_,10.6µm
out3[0],10.59µm
_03211_,10.58µm
_04718_,10.58µm
_05567_,10.58µm
_05824_,10.58µm
_00593_,10.56µm
_01510_,10.56µm
_02256_,10.56µm
net771,10.56µm
_00392_,10.54µm
_00876_,10.54µm
_00899_,10.54µm
_01851_,10.54µm
_02094_,10.54µm
_02859_,10.54µm
_03230_,10.54µm
_03359_,10.54µm
_04946_,10.54µm
_05307_,10.54µm
out0[10],10.54µm
out0[11],10.54µm
out0[4],10.54µm
out0[5],10.54µm
out3[13],10.54µm
out3[14],10.54µm
net937,10.54µm
_01342_,10.52µm
_01375_,10.52µm
_01481_,10.52µm
_01938_,10.52µm
_02379_,10.52µm
_03110_,10.52µm
_03573_,10.52µm
_06042_,10.52µm
_01969_,10.505µm
_04511_,10.505µm
_00344_,10.5µm
_00696_,10.5µm
_00724_,10.5µm
_01926_,10.5µm
_02329_,10.5µm
_03003_,10.5µm
_03155_,10.5µm
_03314_,10.5µm
_03411_,10.5µm
_03981_,10.5µm
_04218_,10.5µm
_04450_,10.5µm
_04607_,10.5µm
_05777_,10.5µm
_05945_,10.5µm
_06038_,10.5µm
_06475_,10.5µm
_06614_,10.5µm
_03261_,10.48µm
_03611_,10.48µm
_04189_,10.48µm
_04255_,10.465µm
_04064_,10.46µm
_01922_,10.44µm
_02070_,10.43µm
_05393_,10.425µm
_00164_,10.42µm
_01165_,10.42µm
_01836_,10.42µm
_01853_,10.42µm
_03639_,10.42µm
_03641_,10.42µm
_03882_,10.42µm
_04579_,10.42µm
_06104_,10.42µm
_00374_,10.4µm
_02246_,10.4µm
_02331_,10.4µm
_02967_,10.4µm
_04017_,10.4µm
_05067_,10.4µm
net92,10.4µm
_03594_,10.385µm
_03850_,10.385µm
_00144_,10.38µm
_00202_,10.38µm
_03133_,10.38µm
_03812_,10.38µm
_06045_,10.38µm
_06461_,10.38µm
_00587_,10.36µm
_01137_,10.36µm
_01194_,10.36µm
_01281_,10.36µm
_01425_,10.36µm
_01809_,10.36µm
_02249_,10.36µm
_04025_,10.36µm
_06301_,10.36µm
_00924_,10.35µm
_04497_,10.34µm
_05483_,10.34µm
_06065_,10.34µm
_06075_,10.34µm
_06595_,10.34µm
out2[15],10.34µm
_00571_,10.32µm
_03489_,10.32µm
_03934_,10.32µm
_03948_,10.32µm
_04802_,10.32µm
_05011_,10.32µm
_05038_,10.32µm
net174,10.32µm
net183,10.32µm
_00266_,10.3µm
_00336_,10.3µm
_00684_,10.3µm
_01001_,10.3µm
_01368_,10.3µm
_01644_,10.3µm
_01909_,10.3µm
_02966_,10.3µm
_04156_,10.3µm
_04947_,10.3µm
_05351_,10.3µm
_00972_,10.28µm
_01415_,10.28µm
_01599_,10.28µm
_01652_,10.28µm
_02257_,10.28µm
_02492_,10.28µm
_03310_,10.28µm
_03471_,10.28µm
_03887_,10.28µm
_04939_,10.28µm
_06109_,10.28µm
_06524_,10.28µm
_06657_,10.28µm
_03136_,10.26µm
_04049_,10.26µm
_04306_,10.26µm
_05956_,10.26µm
_02763_,10.245µm
_00786_,10.24µm
_02709_,10.24µm
_04163_,10.24µm
_04809_,10.24µm
_05044_,10.24µm
_05240_,10.24µm
_01419_,10.23µm
_02162_,10.22µm
_02232_,10.22µm
_06193_,10.22µm
_06335_,10.22µm
_06510_,10.22µm
_01568_,10.2µm
_02005_,10.2µm
_02449_,10.2µm
_02489_,10.2µm
_03750_,10.2µm
_04715_,10.2µm
_06107_,10.2µm
_06507_,10.2µm
_00245_,10.18µm
_00285_,10.18µm
_00437_,10.18µm
_00766_,10.18µm
_02364_,10.18µm
_02898_,10.18µm
_03528_,10.18µm
_04336_,10.18µm
_06660_,10.18µm
in3[1],10.17µm
_01213_,10.16µm
_01826_,10.16µm
_02345_,10.16µm
_02961_,10.16µm
_03055_,10.16µm
_03740_,10.16µm
_04649_,10.16µm
_04719_,10.16µm
_05253_,10.16µm
_00600_,10.14µm
_04581_,10.14µm
_00408_,10.12µm
_01639_,10.12µm
_01754_,10.12µm
_04751_,10.12µm
_05582_,10.12µm
_05838_,10.12µm
_06483_,10.12µm
_04687_,10.115µm
_01503_,10.11µm
_03418_,10.105µm
_01344_,10.1µm
_03268_,10.1µm
_04911_,10.1µm
w31[4],10.1µm
net944,10.1µm
_02818_,10.08µm
_03022_,10.08µm
_03087_,10.08µm
_03298_,10.08µm
_03707_,10.08µm
_03846_,10.08µm
_05103_,10.08µm
_05272_,10.08µm
_05647_,10.08µm
_00752_,10.075µm
_01770_,10.06µm
_01933_,10.06µm
_03609_,10.06µm
_04887_,10.06µm
_05235_,10.06µm
w22[2],10.05µm
_01455_,10.04µm
_01525_,10.04µm
_01585_,10.04µm
_01662_,10.04µm
_01726_,10.04µm
_01968_,10.04µm
_02038_,10.04µm
_02337_,10.04µm
_03662_,10.04µm
_03718_,10.04µm
_03910_,10.04µm
_04671_,10.04µm
_04974_,10.04µm
_05168_,10.04µm
_05228_,10.04µm
_06608_,10.04µm
net236,10.04µm
_04281_,10.02µm
_05330_,10.02µm
_05363_,10.02µm
_00024_,10µm
_02688_,10µm
_06113_,10µm
_01852_,9.995µm
_06331_,9.98µm
_03962_,9.97µm
_04653_,9.96µm
_06534_,9.96µm
_02326_,9.94µm
_03036_,9.94µm
_03432_,9.94µm
_03705_,9.94µm
_04613_,9.94µm
_04884_,9.94µm
_06514_,9.94µm
_06665_,9.94µm
_01016_,9.93µm
_06067_,9.93µm
_00247_,9.92µm
_00335_,9.92µm
_01151_,9.92µm
_01735_,9.92µm
_02676_,9.92µm
_03984_,9.92µm
_04042_,9.92µm
_04942_,9.92µm
_06190_,9.92µm
_00949_,9.9µm
_05642_,9.9µm
net165,9.9µm
_00698_,9.89µm
_02745_,9.88µm
_02964_,9.88µm
_00736_,9.87µm
_00365_,9.86µm
_00428_,9.86µm
_00515_,9.86µm
_01460_,9.86µm
_03928_,9.86µm
_04179_,9.86µm
_05489_,9.86µm
_06110_,9.86µm
w33[4],9.85µm
_00735_,9.84µm
_01629_,9.84µm
_02832_,9.84µm
_04792_,9.84µm
_05328_,9.84µm
_06099_,9.84µm
_06438_,9.84µm
_00952_,9.82µm
_01112_,9.82µm
_01333_,9.82µm
_01657_,9.82µm
_02281_,9.82µm
_02362_,9.82µm
_02488_,9.82µm
_02900_,9.82µm
_03238_,9.82µm
_03602_,9.82µm
_03678_,9.82µm
_04711_,9.82µm
_06453_,9.82µm
_04819_,9.805µm
_00533_,9.8µm
_03908_,9.8µm
_04167_,9.8µm
_05602_,9.8µm
_05885_,9.8µm
_06294_,9.8µm
_06492_,9.8µm
_01338_,9.78µm
_01946_,9.78µm
_03444_,9.78µm
_03845_,9.78µm
_04449_,9.78µm
_04454_,9.78µm
_04747_,9.78µm
_05047_,9.78µm
w03[7],9.77µm
_01681_,9.76µm
_01936_,9.76µm
_02039_,9.76µm
_02122_,9.76µm
_02831_,9.76µm
_00693_,9.74µm
_00695_,9.74µm
_03869_,9.74µm
_02651_,9.73µm
_00338_,9.72µm
_00356_,9.72µm
_00636_,9.72µm
_00943_,9.72µm
_01497_,9.72µm
_02041_,9.72µm
_02295_,9.72µm
_03458_,9.72µm
_04389_,9.72µm
_06081_,9.72µm
_00159_,9.705µm
_00264_,9.7µm
_00579_,9.7µm
_00929_,9.7µm
_01173_,9.7µm
_01718_,9.7µm
_01868_,9.7µm
_01870_,9.7µm
_02436_,9.7µm
_03156_,9.7µm
_06235_,9.7µm
_06505_,9.7µm
_05520_,9.695µm
_03195_,9.69µm
_00478_,9.68µm
_02198_,9.68µm
_02524_,9.68µm
_02813_,9.68µm
_00714_,9.66µm
_01452_,9.66µm
_02772_,9.66µm
_05368_,9.645µm
w01[1],9.64µm
w01[3],9.64µm
w12[0],9.64µm
w12[1],9.64µm
w31[1],9.64µm
w31[6],9.64µm
_05276_,9.63µm
_05355_,9.63µm
_06521_,9.625µm
_00185_,9.62µm
_00507_,9.62µm
_01182_,9.62µm
_01340_,9.62µm
_01856_,9.62µm
_03027_,9.62µm
_04702_,9.62µm
_04866_,9.62µm
_05977_,9.62µm
_06044_,9.62µm
_05215_,9.6µm
_06569_,9.6µm
_00041_,9.58µm
_00393_,9.58µm
_00481_,9.58µm
_01395_,9.58µm
_01857_,9.58µm
_02168_,9.58µm
_02546_,9.58µm
_02566_,9.58µm
_02951_,9.58µm
_03052_,9.58µm
_03653_,9.58µm
_04040_,9.58µm
_04503_,9.58µm
_04825_,9.58µm
_05420_,9.58µm
_05481_,9.58µm
_05735_,9.58µm
net730,9.58µm
_05651_,9.56µm
_06142_,9.56µm
_01623_,9.54µm
_05264_,9.54µm
_06226_,9.54µm
_02573_,9.52µm
_04335_,9.52µm
_05053_,9.52µm
_00445_,9.5µm
_01285_,9.5µm
_01410_,9.5µm
_01502_,9.5µm
_02330_,9.5µm
_03486_,9.5µm
_03622_,9.5µm
_04276_,9.5µm
_04278_,9.5µm
_04783_,9.5µm
_04851_,9.5µm
_05587_,9.5µm
_06592_,9.5µm
_05619_,9.49µm
w00[2],9.49µm
_02132_,9.485µm
_01142_,9.48µm
_02666_,9.48µm
_03345_,9.48µm
_03742_,9.48µm
_03942_,9.48µm
_04561_,9.48µm
_05233_,9.48µm
_05296_,9.48µm
_05957_,9.48µm
_06062_,9.48µm
_06137_,9.48µm
_00222_,9.46µm
_04922_,9.46µm
_05614_,9.46µm
_06554_,9.46µm
_00586_,9.44µm
_01090_,9.44µm
_01243_,9.44µm
_02427_,9.44µm
_02649_,9.44µm
_03108_,9.44µm
_03394_,9.44µm
_04002_,9.44µm
_04047_,9.44µm
_04233_,9.44µm
_04244_,9.44µm
_04376_,9.44µm
_04767_,9.44µm
_06252_,9.44µm
_05442_,9.43µm
_00545_,9.42µm
_00851_,9.42µm
_02583_,9.42µm
_04754_,9.42µm
_00005_,9.4µm
_02389_,9.4µm
_03786_,9.4µm
_04864_,9.4µm
_03476_,9.385µm
_06633_,9.385µm
_00277_,9.38µm
_01553_,9.38µm
_02855_,9.38µm
_05246_,9.38µm
_05752_,9.38µm
_06156_,9.38µm
_06392_,9.38µm
_06410_,9.38µm
_06415_,9.38µm
_00341_,9.365µm
_00519_,9.36µm
_00806_,9.36µm
_01010_,9.36µm
_01180_,9.36µm
_01468_,9.36µm
_01641_,9.36µm
_02351_,9.36µm
_03222_,9.36µm
_03466_,9.36µm
_05404_,9.36µm
_05558_,9.36µm
_06532_,9.36µm
net755,9.36µm
_01055_,9.355µm
_00155_,9.34µm
_00173_,9.34µm
_00932_,9.34µm
_02400_,9.34µm
_04617_,9.34µm
_05249_,9.34µm
_00776_,9.32µm
_03797_,9.32µm
_03840_,9.32µm
_03971_,9.32µm
_05055_,9.32µm
_05118_,9.32µm
_06211_,9.32µm
_02516_,9.3µm
_03957_,9.3µm
_04403_,9.3µm
_06577_,9.3µm
w01[6],9.3µm
_01479_,9.29µm
_05473_,9.285µm
_05794_,9.285µm
_00036_,9.28µm
_00170_,9.28µm
_00654_,9.28µm
_01572_,9.28µm
_02034_,9.28µm
_02220_,9.28µm
_03749_,9.28µm
_03801_,9.28µm
_04784_,9.28µm
_05444_,9.28µm
_05809_,9.28µm
_05924_,9.28µm
_06052_,9.28µm
net884,9.28µm
_04733_,9.27µm
_01373_,9.26µm
_01887_,9.26µm
_02103_,9.26µm
_03245_,9.26µm
_04132_,9.26µm
_04145_,9.26µm
_06291_,9.26µm
_00286_,9.245µm
_00165_,9.24µm
_00510_,9.24µm
_00879_,9.24µm
_01303_,9.24µm
_01476_,9.24µm
_01823_,9.24µm
_02803_,9.24µm
_03591_,9.24µm
_03724_,9.24µm
_04110_,9.24µm
_04185_,9.24µm
_04249_,9.24µm
_04420_,9.24µm
_04780_,9.24µm
_05652_,9.24µm
_05710_,9.24µm
_05803_,9.24µm
_06526_,9.24µm
net722,9.24µm
_05696_,9.22µm
_06474_,9.22µm
_00511_,9.2µm
_01839_,9.2µm
_02054_,9.2µm
_03979_,9.2µm
_04147_,9.2µm
_04943_,9.2µm
_06287_,9.2µm
_00133_,9.18µm
_02684_,9.18µm
_04227_,9.18µm
_02503_,9.17µm
_00548_,9.16µm
_00803_,9.16µm
_00877_,9.16µm
_01432_,9.16µm
_01471_,9.16µm
_02352_,9.16µm
_02460_,9.16µm
_02799_,9.16µm
_03254_,9.16µm
_03410_,9.16µm
_03510_,9.16µm
_04331_,9.16µm
_05541_,9.16µm
_05676_,9.16µm
_06192_,9.16µm
_00954_,9.14µm
_03438_,9.14µm
_03467_,9.14µm
_04216_,9.14µm
_05423_,9.14µm
_05895_,9.14µm
_06238_,9.14µm
_06520_,9.14µm
net778,9.14µm
_01224_,9.125µm
_03321_,9.12µm
_03661_,9.12µm
_04978_,9.12µm
_05410_,9.12µm
_06170_,9.12µm
_00168_,9.115µm
_01646_,9.1µm
_04600_,9.1µm
_01494_,9.08µm
_03271_,9.08µm
_05043_,9.08µm
_06406_,9.08µm
_00500_,9.06µm
_00680_,9.06µm
_01017_,9.06µm
_01512_,9.06µm
_02502_,9.06µm
_03094_,9.06µm
_03881_,9.06µm
_04491_,9.06µm
_01480_,9.04µm
_01697_,9.04µm
_02019_,9.04µm
_02155_,9.04µm
_02840_,9.04µm
_02979_,9.04µm
_03047_,9.04µm
_03226_,9.04µm
_04412_,9.04µm
_04477_,9.04µm
_04637_,9.04µm
_04895_,9.04µm
_05160_,9.04µm
_06377_,9.035µm
in3[2],9.03µm
_01869_,9.02µm
_02040_,9.02µm
_02130_,9.02µm
_02137_,9.02µm
_02290_,9.02µm
_03257_,9.02µm
_03422_,9.02µm
_03543_,9.02µm
_04114_,9.02µm
_05868_,9.02µm
_06640_,9.02µm
_00311_,9µm
_01674_,9µm
_03405_,9µm
_03442_,9µm
_05187_,9µm
_05304_,9µm
_00541_,8.98µm
_00625_,8.98µm
_01039_,8.98µm
_01230_,8.98µm
_01323_,8.98µm
_03630_,8.98µm
_03939_,8.98µm
_04269_,8.98µm
_04428_,8.98µm
_05454_,8.98µm
_05666_,8.98µm
_05684_,8.98µm
_06445_,8.98µm
_06446_,8.98µm
out2[10],8.96µm
out2[11],8.96µm
out2[12],8.96µm
out2[13],8.96µm
out2[14],8.96µm
out2[8],8.96µm
out2[9],8.96µm
_00157_,8.94µm
_00276_,8.94µm
_00988_,8.94µm
_02252_,8.94µm
_02780_,8.94µm
_05571_,8.94µm
_06003_,8.94µm
_06241_,8.94µm
_06393_,8.94µm
_01951_,8.93µm
_00681_,8.92µm
_00721_,8.92µm
_01154_,8.92µm
_01273_,8.92µm
_01292_,8.92µm
_02322_,8.92µm
_02839_,8.92µm
_03409_,8.92µm
_03496_,8.92µm
_03758_,8.92µm
_03992_,8.92µm
_04585_,8.92µm
_02193_,8.915µm
_00018_,8.9µm
_00743_,8.9µm
_00778_,8.9µm
_01850_,8.9µm
_01990_,8.9µm
_02002_,8.9µm
_02233_,8.9µm
_02562_,8.9µm
_03319_,8.9µm
_03339_,8.9µm
_03453_,8.9µm
_04313_,8.9µm
_04340_,8.9µm
_04814_,8.9µm
_05469_,8.9µm
_05769_,8.9µm
_06295_,8.9µm
_06556_,8.9µm
_02969_,8.88µm
_04918_,8.88µm
_04999_,8.88µm
_00221_,8.86µm
_01254_,8.86µm
_02288_,8.86µm
_02805_,8.86µm
_04447_,8.86µm
_05068_,8.86µm
_05964_,8.86µm
_06140_,8.86µm
_06245_,8.86µm
_00156_,8.85µm
_04197_,8.84µm
_04868_,8.84µm
_06070_,8.84µm
w01[0],8.84µm
w01[2],8.84µm
w12[5],8.84µm
w22[4],8.84µm
w31[3],8.84µm
_04919_,8.83µm
_00278_,8.82µm
_00765_,8.82µm
_00826_,8.82µm
_01685_,8.82µm
_01864_,8.82µm
_01965_,8.82µm
_03473_,8.82µm
_03624_,8.82µm
_03906_,8.82µm
_04828_,8.82µm
_05706_,8.82µm
_05790_,8.82µm
_00758_,8.8µm
_01369_,8.8µm
_03564_,8.8µm
_03782_,8.8µm
_04126_,8.8µm
_05112_,8.8µm
_05553_,8.8µm
_00621_,8.78µm
_00768_,8.78µm
_00818_,8.78µm
_00925_,8.78µm
_01437_,8.78µm
_02413_,8.78µm
_02854_,8.78µm
_03588_,8.78µm
_03704_,8.78µm
_03728_,8.78µm
_03739_,8.78µm
_04055_,8.78µm
_04628_,8.78µm
_04941_,8.78µm
_04955_,8.78µm
_05390_,8.78µm
_05537_,8.78µm
net237,8.78µm
_00588_,8.76µm
_03306_,8.76µm
_00966_,8.75µm
_00905_,8.74µm
_01164_,8.74µm
_02476_,8.74µm
_02986_,8.74µm
_04275_,8.74µm
_01152_,8.72µm
_01929_,8.72µm
w01[4],8.72µm
w01[5],8.72µm
w01[7],8.72µm
w12[2],8.72µm
w12[4],8.72µm
w12[6],8.72µm
w12[7],8.72µm
w21[7],8.72µm
w22[5],8.72µm
w22[6],8.72µm
w31[0],8.72µm
w31[2],8.72µm
w31[5],8.72µm
w31[7],8.72µm
_02518_,8.71µm
_00169_,8.7µm
_00243_,8.7µm
_01029_,8.7µm
_01096_,8.7µm
_01132_,8.7µm
_01683_,8.7µm
_01737_,8.7µm
_01911_,8.7µm
_02009_,8.7µm
_04505_,8.7µm
_04583_,8.7µm
_04797_,8.7µm
_05761_,8.7µm
_05905_,8.7µm
_06390_,8.7µm
_00060_,8.68µm
_00391_,8.68µm
_03406_,8.68µm
_04839_,8.68µm
_04879_,8.68µm
_06412_,8.68µm
_00793_,8.665µm
_00234_,8.66µm
_01199_,8.66µm
_01424_,8.66µm
_02099_,8.66µm
_03093_,8.66µm
_03415_,8.66µm
_03481_,8.66µm
_05542_,8.66µm
_05953_,8.66µm
_06145_,8.66µm
_06222_,8.66µm
_06396_,8.66µm
_02435_,8.64µm
_02523_,8.64µm
_03174_,8.64µm
_03350_,8.64µm
_05137_,8.63µm
_00504_,8.62µm
_02775_,8.62µm
_04088_,8.62µm
_05855_,8.62µm
_06641_,8.62µm
_06675_,8.62µm
_00161_,8.6µm
_00968_,8.6µm
_02134_,8.6µm
_02474_,8.6µm
_02694_,8.6µm
_03091_,8.6µm
_03177_,8.6µm
_03811_,8.6µm
_03926_,8.6µm
_06073_,8.6µm
_01355_,8.595µm
_05775_,8.595µm
_00398_,8.58µm
_00624_,8.58µm
_01240_,8.58µm
_02493_,8.58µm
_02943_,8.58µm
_03244_,8.58µm
_03616_,8.58µm
_03688_,8.58µm
_03779_,8.58µm
_03823_,8.58µm
_04181_,8.58µm
_05029_,8.58µm
_05878_,8.58µm
_06163_,8.58µm
_06367_,8.58µm
_00014_,8.56µm
_00671_,8.56µm
_00706_,8.56µm
_00789_,8.56µm
_01140_,8.56µm
_01276_,8.56µm
_01522_,8.56µm
_01601_,8.56µm
_01722_,8.56µm
_01849_,8.56µm
_03265_,8.56µm
_04289_,8.56µm
_04345_,8.56µm
_04393_,8.56µm
_05441_,8.56µm
_05679_,8.56µm
_06102_,8.56µm
_06447_,8.56µm
net238,8.56µm
_01756_,8.55µm
_00662_,8.54µm
_01563_,8.54µm
_02549_,8.54µm
_03873_,8.54µm
_01778_,8.52µm
_03745_,8.52µm
_05214_,8.52µm
_00032_,8.5µm
_02998_,8.5µm
_05027_,8.5µm
_00373_,8.48µm
_01037_,8.48µm
_01198_,8.48µm
_01580_,8.48µm
_02272_,8.48µm
_02946_,8.48µm
_03123_,8.48µm
_03430_,8.48µm
_04590_,8.48µm
_04770_,8.48µm
_05440_,8.48µm
_05816_,8.48µm
_06273_,8.48µm
_04307_,8.465µm
_00135_,8.46µm
_00213_,8.46µm
_00225_,8.46µm
_00547_,8.46µm
_01004_,8.46µm
_01793_,8.46µm
_02190_,8.46µm
_04248_,8.46µm
_06082_,8.46µm
_06130_,8.46µm
_06240_,8.46µm
_00770_,8.44µm
_01020_,8.44µm
_01125_,8.44µm
_01197_,8.44µm
_01360_,8.44µm
_01483_,8.44µm
_02834_,8.44µm
_03210_,8.44µm
_03568_,8.44µm
_03640_,8.44µm
_03646_,8.44µm
_03930_,8.44µm
_04273_,8.44µm
_04319_,8.44µm
_04383_,8.44µm
_05760_,8.44µm
_05986_,8.44µm
_06579_,8.44µm
_06584_,8.44µm
_05396_,8.42µm
_06403_,8.42µm
net780,8.42µm
_02477_,8.4µm
_02876_,8.4µm
_04608_,8.4µm
_05117_,8.4µm
_05314_,8.4µm
_00132_,8.39µm
_02442_,8.38µm
_03273_,8.38µm
_06230_,8.38µm
_06516_,8.38µm
_00250_,8.36µm
_00946_,8.36µm
_01191_,8.36µm
_02500_,8.36µm
_03066_,8.36µm
_03670_,8.36µm
_05585_,8.36µm
_00328_,8.34µm
_00521_,8.34µm
_02350_,8.34µm
_03251_,8.34µm
_04113_,8.34µm
_04297_,8.34µm
_04460_,8.34µm
_04889_,8.34µm
_05514_,8.34µm
_01797_,8.325µm
_00493_,8.32µm
_00602_,8.32µm
_01201_,8.32µm
_02171_,8.32µm
_02176_,8.32µm
_02180_,8.32µm
_02497_,8.32µm
_03755_,8.32µm
_03791_,8.32µm
_03956_,8.32µm
_04010_,8.32µm
_05165_,8.32µm
_05387_,8.32µm
_05852_,8.32µm
_02124_,8.3µm
_02196_,8.3µm
_06611_,8.3µm
w00[4],8.29µm
_02057_,8.28µm
_03054_,8.28µm
_03078_,8.27µm
_00982_,8.26µm
_01847_,8.26µm
_05353_,8.26µm
_01312_,8.255µm
_05282_,8.255µm
_04358_,8.245µm
_00288_,8.24µm
_00401_,8.24µm
_00809_,8.24µm
_00866_,8.24µm
_01659_,8.24µm
_01873_,8.24µm
_01919_,8.24µm
_01923_,8.24µm
_01945_,8.24µm
_03446_,8.24µm
_04182_,8.24µm
_04881_,8.24µm
_05208_,8.24µm
_05474_,8.24µm
_06049_,8.24µm
_02750_,8.22µm
_03938_,8.22µm
_04422_,8.22µm
_04506_,8.22µm
_05320_,8.22µm
_00476_,8.2µm
_01178_,8.2µm
_01875_,8.2µm
_02289_,8.2µm
_02643_,8.2µm
_03964_,8.2µm
_04858_,8.2µm
_05009_,8.2µm
_05013_,8.2µm
_05017_,8.2µm
_06417_,8.2µm
net822,8.2µm
_04399_,8.18µm
_05746_,8.18µm
w33[0],8.17µm
_00029_,8.16µm
_02159_,8.16µm
_02370_,8.16µm
_05295_,8.16µm
_05383_,8.16µm
_05979_,8.16µm
net178,8.16µm
_05569_,8.155µm
_00433_,8.14µm
_01803_,8.14µm
_01858_,8.14µm
_02221_,8.14µm
_02515_,8.14µm
_03095_,8.14µm
_03206_,8.14µm
_06648_,8.14µm
_00238_,8.12µm
_01006_,8.12µm
_01113_,8.12µm
_01153_,8.12µm
_01558_,8.12µm
_01620_,8.12µm
_04387_,8.12µm
_04401_,8.12µm
_04805_,8.12µm
_05476_,8.12µm
_05578_,8.12µm
_05728_,8.12µm
_05749_,8.12µm
_05875_,8.12µm
_06204_,8.12µm
_00728_,8.1µm
_00846_,8.1µm
_00933_,8.1µm
_01245_,8.1µm
_01319_,8.1µm
_01548_,8.1µm
_02000_,8.1µm
_03120_,8.1µm
_05576_,8.1µm
_06191_,8.1µm
_00503_,8.08µm
_02735_,8.08µm
_02824_,8.08µm
_02880_,8.08µm
_03637_,8.08µm
_06187_,8.08µm
_02354_,8.06µm
_03701_,8.06µm
_03815_,8.06µm
_04311_,8.06µm
_04704_,8.06µm
net164,8.06µm
net172,8.06µm
out1[13],8.05µm
_00376_,8.04µm
_00436_,8.04µm
_03012_,8.04µm
_04390_,8.04µm
_04564_,8.04µm
_04743_,8.04µm
_05725_,8.04µm
_05302_,8.03µm
_01472_,8.02µm
_01621_,8.02µm
_01963_,8.02µm
_03043_,8.02µm
_03330_,8.02µm
_03699_,8.02µm
_03802_,8.02µm
_04728_,8.02µm
_05085_,8.02µm
_05188_,8.02µm
_06395_,8.015µm
_03275_,8.01µm
_00501_,8µm
_01193_,8µm
_02194_,8µm
_02259_,8µm
_02739_,8µm
_03822_,8µm
_04054_,8µm
_04979_,8µm
_06606_,8µm
_00201_,7.98µm
_00394_,7.98µm
_00619_,7.98µm
_00853_,7.98µm
_00858_,7.98µm
_01268_,7.98µm
_01297_,7.98µm
_03323_,7.98µm
_03328_,7.98µm
_03872_,7.98µm
_03980_,7.98µm
_04123_,7.98µm
_04231_,7.98µm
_04458_,7.98µm
_04474_,7.98µm
_04616_,7.98µm
_05140_,7.98µm
_05183_,7.98µm
_05219_,7.98µm
_05270_,7.98µm
_05449_,7.98µm
_05591_,7.98µm
_05620_,7.98µm
_05859_,7.98µm
_05880_,7.98µm
_05927_,7.98µm
_06199_,7.98µm
_06247_,7.98µm
_03974_,7.96µm
_03334_,7.94µm
_03665_,7.94µm
_04530_,7.94µm
_05753_,7.94µm
_05985_,7.94µm
net769,7.94µm
_01318_,7.92µm
_01769_,7.92µm
_03274_,7.92µm
_03435_,7.92µm
_03686_,7.92µm
_04146_,7.92µm
_04625_,7.92µm
_04396_,7.91µm
_00348_,7.9µm
_01014_,7.9µm
_01270_,7.9µm
_01713_,7.9µm
_02138_,7.9µm
_02297_,7.9µm
_02596_,7.9µm
_02679_,7.9µm
_03455_,7.9µm
_03558_,7.9µm
_03643_,7.9µm
_04502_,7.9µm
_04697_,7.9µm
_05227_,7.9µm
_05551_,7.9µm
_06086_,7.9µm
_06284_,7.9µm
_06427_,7.9µm
_06482_,7.9µm
_00274_,7.88µm
_03304_,7.88µm
_05169_,7.88µm
_06260_,7.88µm
_06304_,7.88µm
_02851_,7.865µm
_00555_,7.86µm
_00708_,7.86µm
_01723_,7.86µm
_03425_,7.86µm
_03649_,7.86µm
_04499_,7.86µm
_04816_,7.86µm
_05617_,7.86µm
_06398_,7.86µm
_03338_,7.84µm
_05727_,7.84µm
_01459_,7.83µm
_01482_,7.82µm
_01977_,7.8µm
_03642_,7.8µm
_03986_,7.8µm
_04287_,7.8µm
_06391_,7.79µm
_00362_,7.78µm
_00419_,7.78µm
_00487_,7.78µm
_00942_,7.78µm
_01026_,7.78µm
_01099_,7.78µm
_01357_,7.78µm
_01438_,7.78µm
_01508_,7.78µm
_01828_,7.78µm
_02154_,7.78µm
_02484_,7.78µm
_02873_,7.78µm
_03924_,7.78µm
_04355_,7.78µm
_04624_,7.78µm
_04684_,7.78µm
_04782_,7.78µm
_04846_,7.78µm
_04949_,7.78µm
_05037_,7.78µm
_05142_,7.78µm
_05488_,7.78µm
_05491_,7.78µm
_05580_,7.78µm
_06607_,7.78µm
_06654_,7.78µm
_01420_,7.76µm
_01584_,7.76µm
_02321_,7.76µm
_02559_,7.76µm
_03799_,7.76µm
_04057_,7.76µm
_04892_,7.76µm
_00836_,7.74µm
_00945_,7.74µm
_02584_,7.74µm
_02952_,7.74µm
_03059_,7.74µm
_03352_,7.74µm
_03818_,7.74µm
_04467_,7.74µm
_05247_,7.74µm
_05471_,7.74µm
_05739_,7.74µm
_06553_,7.74µm
_06582_,7.74µm
net915,7.74µm
_03617_,7.735µm
_06307_,7.72µm
net723,7.72µm
_04678_,7.71µm
_01081_,7.7µm
_01184_,7.7µm
_04817_,7.7µm
_06509_,7.7µm
net903,7.7µm
_01002_,7.68µm
_01079_,7.68µm
_02525_,7.68µm
_02996_,7.68µm
w30[5],7.67µm
_00390_,7.66µm
_00427_,7.66µm
_00882_,7.66µm
_01150_,7.66µm
_01159_,7.66µm
_01886_,7.66µm
_02269_,7.66µm
_02530_,7.66µm
_03029_,7.66µm
_03106_,7.66µm
_03600_,7.66µm
_03759_,7.66µm
_03943_,7.66µm
_04793_,7.66µm
_05231_,7.66µm
_05625_,7.66µm
_05719_,7.66µm
_05774_,7.66µm
_05834_,7.66µm
_06072_,7.66µm
_06551_,7.66µm
_04424_,7.65µm
_00438_,7.64µm
_00482_,7.64µm
_00703_,7.64µm
_00916_,7.64µm
_01905_,7.64µm
_02411_,7.64µm
_02453_,7.64µm
_02454_,7.64µm
_02733_,7.64µm
_02902_,7.64µm
_03431_,7.64µm
_03644_,7.64µm
_04408_,7.64µm
_04489_,7.64µm
_04632_,7.64µm
_04709_,7.64µm
_05250_,7.64µm
_05258_,7.64µm
_06540_,7.64µm
_06630_,7.64µm
_00817_,7.62µm
_01932_,7.62µm
_02089_,7.62µm
_02325_,7.62µm
_03089_,7.62µm
_03116_,7.62µm
_05066_,7.62µm
_00755_,7.615µm
_02886_,7.6µm
_03126_,7.6µm
_04597_,7.6µm
_04786_,7.6µm
_06572_,7.6µm
out1[1],7.59µm
_01266_,7.58µm
_03787_,7.58µm
_04984_,7.58µm
_05831_,7.58µm
_06388_,7.58µm
_06467_,7.58µm
out1[11],7.57µm
out1[9],7.57µm
_01763_,7.56µm
_02424_,7.56µm
_02521_,7.56µm
_02938_,7.56µm
_02977_,7.56µm
_03082_,7.56µm
_05714_,7.56µm
_05913_,7.56µm
_06018_,7.56µm
_06026_,7.56µm
_06232_,7.56µm
_06371_,7.56µm
_06634_,7.56µm
net226,7.56µm
net803,7.56µm
_00570_,7.54µm
_00940_,7.54µm
_00960_,7.54µm
_01253_,7.54µm
_01394_,7.54µm
_01521_,7.54µm
_01702_,7.54µm
_01833_,7.54µm
_02699_,7.54µm
_04071_,7.54µm
_04890_,7.54µm
_04952_,7.54µm
_05086_,7.54µm
_05869_,7.54µm
_00731_,7.525µm
_01222_,7.525µm
_00741_,7.52µm
_00747_,7.52µm
_00854_,7.52µm
_00888_,7.52µm
_01041_,7.52µm
_01109_,7.52µm
_01461_,7.52µm
_01966_,7.52µm
_01972_,7.52µm
_02020_,7.52µm
_02324_,7.52µm
_02701_,7.52µm
_02959_,7.52µm
_03124_,7.52µm
_03561_,7.52µm
_03763_,7.52µm
_03826_,7.52µm
_03831_,7.52µm
_03880_,7.52µm
_04457_,7.52µm
_04703_,7.52µm
_05020_,7.52µm
_05360_,7.52µm
_05884_,7.52µm
_06103_,7.52µm
_06256_,7.52µm
_06575_,7.52µm
_06578_,7.52µm
_00444_,7.5µm
_06658_,7.5µm
_03420_,7.495µm
_01953_,7.49µm
in1[0],7.49µm
_01058_,7.48µm
net211,7.48µm
_05900_,7.47µm
w00[1],7.47µm
_03049_,7.46µm
_04097_,7.46µm
in0[2],7.45µm
w23[0],7.45µm
_00497_,7.44µm
_00801_,7.44µm
_01053_,7.44µm
_01541_,7.44µm
_01648_,7.44µm
_01987_,7.44µm
_02174_,7.44µm
_02554_,7.44µm
_02620_,7.44µm
_02892_,7.44µm
_03113_,7.44µm
_03950_,7.44µm
_04641_,7.44µm
_04940_,7.44µm
_04990_,7.44µm
_05786_,7.44µm
_06071_,7.44µm
net783,7.44µm
_01506_,7.42µm
_02294_,7.42µm
_02916_,7.42µm
_03294_,7.42µm
_03388_,7.42µm
_03474_,7.42µm
_03792_,7.42µm
_04308_,7.42µm
_04314_,7.42µm
_05415_,7.42µm
_05563_,7.42µm
_05826_,7.42µm
_06058_,7.42µm
_05451_,7.405µm
_00867_,7.4µm
_02789_,7.4µm
_02937_,7.4µm
_03247_,7.4µm
_03449_,7.4µm
_03673_,7.4µm
_04406_,7.4µm
_04848_,7.4µm
_05156_,7.4µm
_05653_,7.4µm
_06034_,7.4µm
_01807_,7.38µm
_03214_,7.38µm
_05923_,7.38µm
out3[2],7.37µm
net775,7.37µm
_02395_,7.36µm
_03111_,7.34µm
_03217_,7.34µm
_06290_,7.34µm
w02[4],7.33µm
_00198_,7.32µm
_00291_,7.32µm
_00363_,7.32µm
_00902_,7.32µm
_01540_,7.32µm
_01638_,7.32µm
_02279_,7.32µm
_02383_,7.32µm
_02655_,7.32µm
_02787_,7.32µm
_02843_,7.32µm
_02888_,7.32µm
_03366_,7.32µm
_03370_,7.32µm
_03404_,7.32µm
_03428_,7.32µm
_04519_,7.32µm
_04762_,7.32µm
_04921_,7.32µm
_04933_,7.32µm
_05054_,7.32µm
_05222_,7.32µm
_05976_,7.32µm
_06408_,7.32µm
_05835_,7.315µm
_03315_,7.3µm
_03983_,7.3µm
_05099_,7.3µm
_05512_,7.3µm
_05847_,7.3µm
_05881_,7.3µm
_06010_,7.3µm
_02386_,7.28µm
_02422_,7.28µm
_03462_,7.28µm
_04584_,7.28µm
_04667_,7.28µm
_04673_,7.28µm
_04764_,7.28µm
_05321_,7.28µm
_05419_,7.28µm
_05862_,7.28µm
_06149_,7.26µm
_01317_,7.25µm
_02801_,7.24µm
_04150_,7.24µm
_05509_,7.24µm
_05564_,7.24µm
_00008_,7.22µm
_04130_,7.22µm
_05534_,7.22µm
_05754_,7.22µm
_06114_,7.22µm
_06154_,7.22µm
_06339_,7.22µm
_06593_,7.22µm
net218,7.22µm
_01315_,7.21µm
_00467_,7.2µm
_00653_,7.2µm
_00748_,7.2µm
_01239_,7.2µm
_01261_,7.2µm
_02035_,7.2µm
_02861_,7.2µm
_03437_,7.2µm
_03448_,7.2µm
_05939_,7.2µm
_06084_,7.2µm
_06499_,7.2µm
_00563_,7.18µm
_00869_,7.18µm
_00951_,7.18µm
_00963_,7.18µm
_01450_,7.18µm
_01606_,7.18µm
_01773_,7.18µm
_02305_,7.18µm
_02541_,7.18µm
_02629_,7.18µm
_02781_,7.18µm
_03219_,7.18µm
_04448_,7.18µm
_04640_,7.18µm
_04915_,7.18µm
_06312_,7.18µm
_06624_,7.18µm
_02881_,7.165µm
_04464_,7.165µm
_02856_,7.16µm
_03682_,7.16µm
_05006_,7.16µm
_05671_,7.16µm
_00442_,7.14µm
_02291_,7.14µm
net772,7.14µm
_01854_,7.135µm
_03990_,7.13µm
_00152_,7.12µm
_00463_,7.12µm
_01904_,7.12µm
_02958_,7.12µm
_04337_,7.12µm
_05090_,7.12µm
_05981_,7.12µm
_06048_,7.12µm
_06053_,7.12µm
_04850_,7.115µm
_00506_,7.1µm
_00578_,7.1µm
_00878_,7.1µm
_01464_,7.1µm
_01519_,7.1µm
_01560_,7.1µm
_01672_,7.1µm
_02382_,7.1µm
_02557_,7.1µm
_02721_,7.1µm
_02730_,7.1µm
_02755_,7.1µm
_02833_,7.1µm
_03344_,7.1µm
_03632_,7.1µm
_03940_,7.1µm
_04388_,7.1µm
net2,7.1µm
_03907_,7.085µm
_00367_,7.08µm
_00534_,7.08µm
_00688_,7.08µm
_02227_,7.08µm
_02328_,7.08µm
_02433_,7.08µm
_04201_,7.08µm
_04352_,7.08µm
_04514_,7.08µm
_04605_,7.08µm
_04923_,7.08µm
_05229_,7.08µm
_06531_,7.08µm
_00513_,7.06µm
_00718_,7.06µm
_00738_,7.06µm
_00805_,7.06µm
_01043_,7.06µm
_01275_,7.06µm
_01399_,7.06µm
_01457_,7.06µm
_02007_,7.06µm
_02156_,7.06µm
_02157_,7.06µm
_02822_,7.06µm
_02846_,7.06µm
_03327_,7.06µm
_03734_,7.06µm
_04274_,7.06µm
_04279_,7.06µm
_05059_,7.06µm
_05153_,7.06µm
_05332_,7.06µm
_05665_,7.06µm
_05951_,7.06µm
_05975_,7.06µm
_06185_,7.06µm
_06533_,7.06µm
_06671_,7.06µm
net708,7.06µm
_01398_,7.05µm
_00271_,7.04µm
_01146_,7.04µm
_01537_,7.04µm
_04367_,7.04µm
_05218_,7.04µm
_05870_,7.04µm
_00188_,7µm
_01397_,7µm
_01487_,7µm
_02376_,7µm
_04178_,7µm
_04701_,7µm
_06015_,7µm
_01286_,6.995µm
_00473_,6.985µm
_06546_,6.985µm
_00275_,6.98µm
_00298_,6.98µm
_00509_,6.98µm
_00639_,6.98µm
_01288_,6.98µm
_01595_,6.98µm
_01602_,6.98µm
_01981_,6.98µm
_02095_,6.98µm
_02507_,6.98µm
_02599_,6.98µm
_02955_,6.98µm
_03005_,6.98µm
_03255_,6.98µm
_03894_,6.98µm
_04032_,6.98µm
_04038_,6.98µm
_04501_,6.98µm
_06426_,6.98µm
net765,6.98µm
_01671_,6.96µm
_02341_,6.96µm
_03914_,6.96µm
_03961_,6.96µm
_05820_,6.96µm
_06610_,6.96µm
_03569_,6.95µm
_05999_,6.945µm
_00279_,6.94µm
_00911_,6.94µm
_01000_,6.94µm
_01124_,6.94µm
_01291_,6.94µm
_01931_,6.94µm
_02003_,6.94µm
_02363_,6.94µm
_02397_,6.94µm
_02595_,6.94µm
_02790_,6.94µm
_03313_,6.94µm
_03505_,6.94µm
_05057_,6.94µm
_06405_,6.94µm
out3[10],6.89µm
_03796_,6.88µm
_05015_,6.88µm
_05016_,6.88µm
_06421_,6.88µm
_00179_,6.86µm
_00443_,6.86µm
_00539_,6.86µm
_00923_,6.86µm
_00996_,6.86µm
_01500_,6.86µm
_01604_,6.86µm
_01912_,6.86µm
_02036_,6.86µm
_02443_,6.86µm
_02853_,6.86µm
_03529_,6.86µm
_03533_,6.86µm
_03710_,6.86µm
_03913_,6.86µm
_04084_,6.86µm
_04436_,6.86µm
_05205_,6.86µm
_06083_,6.86µm
_06175_,6.86µm
_06501_,6.86µm
_00337_,6.84µm
_00340_,6.84µm
_01005_,6.84µm
_02607_,6.84µm
_03832_,6.84µm
_04748_,6.84µm
_04909_,6.84µm
_05392_,6.84µm
_03911_,6.825µm
_00212_,6.82µm
_00470_,6.82µm
_01678_,6.82µm
_01874_,6.82µm
_02262_,6.82µm
_03109_,6.82µm
_03248_,6.82µm
_06178_,6.8µm
_00063_,6.78µm
_00971_,6.78µm
_00973_,6.78µm
_02046_,6.78µm
_05854_,6.78µm
_05603_,6.77µm
in2[1],6.77µm
in2[5],6.77µm
in3[7],6.77µm
out3[11],6.77µm
w21[0],6.77µm
w22[7],6.77µm
_00303_,6.76µm
_00725_,6.76µm
_00734_,6.76µm
_00978_,6.76µm
_01627_,6.76µm
_02441_,6.76µm
_02948_,6.76µm
_03383_,6.76µm
_04079_,6.76µm
_05129_,6.76µm
_05528_,6.76µm
_05723_,6.76µm
_05839_,6.76µm
_06528_,6.76µm
net210,6.76µm
_00358_,6.74µm
_00720_,6.74µm
_00918_,6.74µm
_01076_,6.74µm
_02253_,6.74µm
_02455_,6.74µm
_03002_,6.74µm
_03287_,6.74µm
_03536_,6.74µm
_03703_,6.74µm
_03901_,6.74µm
_04212_,6.74µm
_04357_,6.74µm
_04626_,6.74µm
_04642_,6.74µm
_05255_,6.74µm
_05257_,6.74µm
_05325_,6.74µm
_05411_,6.74µm
_05742_,6.74µm
_05765_,6.74µm
_05805_,6.74µm
_05946_,6.74µm
_06550_,6.74µm
_03746_,6.725µm
_01139_,6.72µm
_02586_,6.72µm
_02600_,6.72µm
_02669_,6.72µm
_04174_,6.72µm
_04620_,6.72µm
_05448_,6.72µm
_06119_,6.72µm
_06182_,6.72µm
_06400_,6.72µm
net162,6.72µm
_01103_,6.7µm
_02021_,6.7µm
_04740_,6.7µm
_04988_,6.7µm
_05673_,6.7µm
_05893_,6.7µm
_06146_,6.7µm
out1[8],6.69µm
_00603_,6.665µm
_00788_,6.66µm
_01015_,6.66µm
_01636_,6.66µm
_02491_,6.66µm
_03080_,6.66µm
_03775_,6.66µm
_03860_,6.66µm
_04270_,6.66µm
_04677_,6.66µm
_05734_,6.66µm
_06189_,6.66µm
_06511_,6.66µm
w00[3],6.65µm
_00710_,6.64µm
_02105_,6.64µm
_02344_,6.64µm
_02633_,6.64µm
_02705_,6.64µm
_03356_,6.64µm
_03450_,6.64µm
_04154_,6.64µm
_04569_,6.64µm
_04867_,6.64µm
_04989_,6.64µm
_05022_,6.64µm
_05373_,6.64µm
_05628_,6.64µm
_05783_,6.64µm
_06297_,6.64µm
_06449_,6.64µm
_06644_,6.64µm
_01027_,6.63µm
_05167_,6.63µm
_00315_,6.62µm
_00475_,6.62µm
_00863_,6.62µm
_01304_,6.62µm
_02414_,6.62µm
_02924_,6.62µm
_03030_,6.62µm
_04117_,6.62µm
_04324_,6.62µm
_04410_,6.62µm
_04681_,6.62µm
_04924_,6.62µm
_04987_,6.62µm
_05522_,6.62µm
_05661_,6.62µm
_05860_,6.62µm
_05882_,6.62µm
_06024_,6.62µm
_06389_,6.62µm
_06425_,6.62µm
_03380_,6.615µm
_00130_,6.6µm
_00158_,6.6µm
_00594_,6.6µm
_00682_,6.6µm
_00844_,6.6µm
_00898_,6.6µm
_00980_,6.6µm
_01267_,6.6µm
_01631_,6.6µm
_01920_,6.6µm
_02158_,6.6µm
_02632_,6.6µm
_02702_,6.6µm
_02719_,6.6µm
_03221_,6.6µm
_03784_,6.6µm
_04024_,6.6µm
_04091_,6.6µm
_04139_,6.6µm
_04235_,6.6µm
_05616_,6.6µm
_05668_,6.6µm
_06436_,6.6µm
_01914_,6.58µm
_04917_,6.575µm
_05784_,6.56µm
_02409_,6.55µm
_06309_,6.55µm
_02631_,6.54µm
_02870_,6.54µm
_04407_,6.54µm
_04582_,6.54µm
_00015_,6.52µm
_00605_,6.52µm
_00645_,6.52µm
_01608_,6.52µm
_01961_,6.52µm
_02145_,6.52µm
_02183_,6.52µm
_02348_,6.52µm
_02514_,6.52µm
_02545_,6.52µm
_02605_,6.52µm
_02895_,6.52µm
_02949_,6.52µm
_03403_,6.52µm
_03565_,6.52µm
_03982_,6.52µm
_04037_,6.52µm
_04370_,6.52µm
_05194_,6.52µm
_05416_,6.52µm
_05555_,6.52µm
_05800_,6.52µm
_05872_,6.52µm
_05919_,6.52µm
_05938_,6.52µm
_06123_,6.52µm
_06379_,6.52µm
_00326_,6.5µm
_01495_,6.5µm
_01536_,6.5µm
_02725_,6.5µm
_03780_,6.5µm
_03918_,6.5µm
_04755_,6.5µm
_04102_,6.485µm
_00543_,6.48µm
_00646_,6.48µm
_01728_,6.48µm
_01883_,6.48µm
_02112_,6.48µm
_03694_,6.48µm
_04509_,6.48µm
_05592_,6.48µm
_05912_,6.48µm
_06022_,6.48µm
_00209_,6.47µm
_05341_,6.46µm
_04831_,6.45µm
_02163_,6.44µm
_05138_,6.43µm
_00129_,6.42µm
_02385_,6.42µm
_03730_,6.42µm
_05275_,6.405µm
_00268_,6.4µm
_00550_,6.4µm
_00769_,6.4µm
_01025_,6.4µm
_01208_,6.4µm
_01252_,6.4µm
_01485_,6.4µm
_01552_,6.4µm
_01900_,6.4µm
_01979_,6.4µm
_02115_,6.4µm
_02304_,6.4µm
_02335_,6.4µm
_02387_,6.4µm
_02473_,6.4µm
_02567_,6.4µm
_02826_,6.4µm
_02980_,6.4µm
_03638_,6.4µm
_03711_,6.4µm
_03778_,6.4µm
_03800_,6.4µm
_03933_,6.4µm
_04086_,6.4µm
_04168_,6.4µm
_04351_,6.4µm
_04368_,6.4µm
_04833_,6.4µm
_04891_,6.4µm
_04994_,6.4µm
_05097_,6.4µm
_05203_,6.4µm
_05548_,6.4µm
_05554_,6.4µm
_05601_,6.4µm
_05807_,6.4µm
_06079_,6.4µm
_06270_,6.4µm
_06637_,6.4µm
_00658_,6.38µm
_01444_,6.38µm
_02555_,6.38µm
_03580_,6.38µm
_01012_,6.36µm
_01998_,6.36µm
_04381_,6.36µm
_05048_,6.36µm
_05207_,6.36µm
_05192_,6.34µm
_02726_,6.33µm
w32[6],6.33µm
_01363_,6.32µm
_02114_,6.32µm
_02717_,6.32µm
_04018_,6.32µm
_04329_,6.32µm
_04414_,6.32µm
_04612_,6.32µm
_05944_,6.32µm
_06288_,6.32µm
_06322_,6.32µm
w11[3],6.31µm
w23[2],6.31µm
_00016_,6.3µm
_00062_,6.3µm
_00174_,6.3µm
_00516_,6.3µm
_01221_,6.3µm
_01350_,6.3µm
_01622_,6.3µm
_03297_,6.3µm
_03361_,6.3µm
_04591_,6.3µm
_05400_,6.3µm
_05814_,6.3µm
_06435_,6.3µm
_03559_,6.285µm
_00537_,6.28µm
_00834_,6.28µm
_00935_,6.28µm
_01418_,6.28µm
_01740_,6.28µm
_02161_,6.28µm
_02529_,6.28µm
_02686_,6.28µm
_02690_,6.28µm
_03188_,6.28µm
_03523_,6.28µm
_03721_,6.28µm
_04023_,6.28µm
_04104_,6.28µm
_04133_,6.28µm
_04180_,6.28µm
_04716_,6.28µm
_04843_,6.28µm
_05335_,6.28µm
_05464_,6.28µm
_05612_,6.28µm
_05623_,6.28µm
net939,6.28µm
_03367_,6.275µm
_00038_,6.26µm
_00039_,6.26µm
_00059_,6.26µm
_01400_,6.26µm
_01578_,6.26µm
_01796_,6.26µm
_01893_,6.26µm
_02501_,6.26µm
_02668_,6.26µm
_03650_,6.26µm
_03891_,6.26µm
_04621_,6.26µm
_04753_,6.26µm
_05273_,6.26µm
_05472_,6.26µm
_05593_,6.26µm
_05731_,6.26µm
_05962_,6.26µm
_06016_,6.26µm
_06019_,6.26µm
_06139_,6.26µm
_06328_,6.26µm
_06409_,6.26µm
_03757_,6.24µm
_04100_,6.24µm
_05600_,6.24µm
_04046_,6.22µm
out1[0],6.21µm
out1[5],6.21µm
out3[12],6.21µm
out3[4],6.21µm
_01634_,6.205µm
_00451_,6.2µm
_00585_,6.2µm
_00970_,6.2µm
_01110_,6.2µm
_01207_,6.2µm
_01930_,6.2µm
_04951_,6.2µm
_05540_,6.2µm
_05715_,6.2µm
_06051_,6.2µm
_06206_,6.2µm
_00190_,6.18µm
_00313_,6.18µm
_00350_,6.18µm
_00622_,6.18µm
_00762_,6.18µm
_00944_,6.18µm
_01034_,6.18µm
_01147_,6.18µm
_01203_,6.18µm
_01404_,6.18µm
_01708_,6.18µm
_02048_,6.18µm
_02113_,6.18µm
_02239_,6.18µm
_02255_,6.18µm
_02391_,6.18µm
_02420_,6.18µm
_02496_,6.18µm
_02637_,6.18µm
_02729_,6.18µm
_02757_,6.18µm
_03898_,6.18µm
_04058_,6.18µm
_04473_,6.18µm
_04485_,6.18µm
_04580_,6.18µm
_04644_,6.18µm
_04882_,6.18µm
_05395_,6.18µm
_05740_,6.18µm
_05969_,6.18µm
_06370_,6.18µm
_06664_,6.18µm
_03556_,6.165µm
_00465_,6.16µm
_00861_,6.16µm
_02277_,6.16µm
_02625_,6.16µm
_03223_,6.16µm
_03253_,6.16µm
_03267_,6.16µm
_03753_,6.16µm
_04072_,6.16µm
_04224_,6.16µm
_04824_,6.16µm
_04898_,6.16µm
_05630_,6.16µm
_05819_,6.16µm
_06258_,6.16µm
_02267_,6.145µm
_00151_,6.14µm
_00172_,6.14µm
_00331_,6.14µm
_00407_,6.14µm
_00683_,6.14µm
_01881_,6.14µm
_02278_,6.14µm
_02841_,6.14µm
_04059_,6.14µm
_05005_,6.14µm
_05322_,6.14µm
_05431_,6.14µm
_05460_,6.14µm
_05550_,6.14µm
_06384_,6.14µm
_06481_,6.14µm
_06573_,6.14µm
_06626_,6.14µm
_06667_,6.14µm
_04177_,6.12µm
net229,6.12µm
in2[4],6.09µm
in3[6],6.09µm
w00[6],6.09µm
w03[6],6.09µm
_00160_,6.08µm
_01530_,6.08µm
_03452_,6.08µm
_04707_,6.08µm
_05354_,6.08µm
_05535_,6.08µm
_00235_,6.06µm
_00479_,6.06µm
_00673_,6.06µm
_00691_,6.06µm
_00751_,6.06µm
_00820_,6.06µm
_01008_,6.06µm
_01120_,6.06µm
_01128_,6.06µm
_01144_,6.06µm
_01517_,6.06µm
_01699_,6.06µm
_02010_,6.06µm
_02033_,6.06µm
_02342_,6.06µm
_02470_,6.06µm
_02618_,6.06µm
_02797_,6.06µm
_03200_,6.06µm
_03521_,6.06µm
_03587_,6.06µm
_03870_,6.06µm
_03976_,6.06µm
_04228_,6.06µm
_05361_,6.06µm
_05369_,6.06µm
_05967_,6.06µm
_06218_,6.06µm
_06223_,6.06µm
_06253_,6.06µm
_06385_,6.06µm
_06548_,6.06µm
w22[0],6.06µm
net777,6.06µm
_00460_,6.04µm
_02207_,6.04µm
_02244_,6.04µm
_04107_,6.04µm
_05421_,6.04µm
_05846_,6.04µm
_06012_,6.04µm
_00907_,6.02µm
_03596_,6.02µm
_06171_,6.02µm
net3,6.02µm
_01335_,5.98µm
_03260_,5.98µm
in0[4],5.97µm
w00[7],5.97µm
w11[1],5.97µm
w13[1],5.97µm
w21[6],5.97µm
w30[1],5.97µm
w32[0],5.97µm
w33[1],5.97µm
_00449_,5.96µm
_04462_,5.96µm
_06673_,5.96µm
_03905_,5.945µm
_04184_,5.945µm
_00334_,5.94µm
_00802_,5.94µm
_00881_,5.94µm
_00908_,5.94µm
_00981_,5.94µm
_01033_,5.94µm
_02151_,5.94µm
_02486_,5.94µm
_03578_,5.94µm
_03603_,5.94µm
_04051_,5.94µm
_04220_,5.94µm
_04258_,5.94µm
_04885_,5.94µm
_05039_,5.94µm
_05078_,5.94µm
_05269_,5.94µm
_05510_,5.94µm
_05949_,5.94µm
_06125_,5.94µm
_06198_,5.94µm
_06269_,5.94µm
_06560_,5.94µm
_06643_,5.94µm
_02612_,5.92µm
_05646_,5.92µm
_06601_,5.92µm
_02471_,5.915µm
_02286_,5.9µm
_02287_,5.9µm
_04432_,5.9µm
_05402_,5.9µm
net790,5.9µm
_00947_,5.895µm
_00584_,5.86µm
_00919_,5.86µm
_02434_,5.86µm
_03097_,5.86µm
_03207_,5.86µm
_04371_,5.86µm
_04426_,5.86µm
_04522_,5.86µm
_04685_,5.86µm
_03883_,5.855µm
_04602_,5.845µm
_00207_,5.84µm
_00240_,5.84µm
_00339_,5.84µm
_00462_,5.84µm
_00469_,5.84µm
_00518_,5.84µm
_00753_,5.84µm
_01091_,5.84µm
_02075_,5.84µm
_02213_,5.84µm
_02534_,5.84µm
_03068_,5.84µm
_03125_,5.84µm
_04205_,5.84µm
_05959_,5.84µm
_06274_,5.84µm
net779,5.84µm
net946,5.84µm
_03205_,5.83µm
_00471_,5.825µm
_00293_,5.82µm
_00418_,5.82µm
_00615_,5.82µm
_00764_,5.82µm
_00799_,5.82µm
_00884_,5.82µm
_00964_,5.82µm
_01294_,5.82µm
_01298_,5.82µm
_01393_,5.82µm
_01632_,5.82µm
_01703_,5.82µm
_02238_,5.82µm
_02887_,5.82µm
_03009_,5.82µm
_03258_,5.82µm
_03606_,5.82µm
_03769_,5.82µm
_03877_,5.82µm
_03951_,5.82µm
_04395_,5.82µm
_04421_,5.82µm
_04453_,5.82µm
_04493_,5.82µm
_04745_,5.82µm
_04750_,5.82µm
_04934_,5.82µm
_05170_,5.82µm
_05190_,5.82µm
_05970_,5.82µm
net773,5.82µm
_04081_,5.815µm
_00767_,5.8µm
_00926_,5.8µm
_01447_,5.8µm
_02030_,5.8µm
_02747_,5.8µm
_03309_,5.8µm
_03387_,5.8µm
_03509_,5.8µm
_03554_,5.8µm
_04073_,5.8µm
_04935_,5.8µm
_05844_,5.8µm
_05936_,5.8µm
_06265_,5.8µm
_06558_,5.8µm
net901,5.8µm
out1[14],5.75µm
out1[3],5.75µm
out2[6],5.75µm
out2[7],5.75µm
out3[9],5.75µm
_00148_,5.74µm
_00677_,5.74µm
_02265_,5.74µm
_02483_,5.74µm
_02667_,5.74µm
_03382_,5.74µm
_03424_,5.74µm
_03500_,5.74µm
_04271_,5.74µm
_06617_,5.74µm
net919,5.74µm
_02613_,5.73µm
_00217_,5.72µm
_00526_,5.72µm
_00804_,5.72µm
_00873_,5.72µm
_01062_,5.72µm
_01086_,5.72µm
_01383_,5.72µm
_01954_,5.72µm
_02177_,5.72µm
_02954_,5.72µm
_02997_,5.72µm
_03140_,5.72µm
_03196_,5.72µm
_03377_,5.72µm
_04062_,5.72µm
_04392_,5.72µm
_04438_,5.72µm
_04445_,5.72µm
_04567_,5.72µm
_04631_,5.72µm
_04662_,5.72µm
_05545_,5.72µm
_05738_,5.72µm
_05857_,5.72µm
_05983_,5.72µm
_06068_,5.72µm
_06129_,5.72µm
_06176_,5.72µm
_06278_,5.72µm
_06430_,5.72µm
_03213_,5.71µm
_00633_,5.7µm
_01720_,5.7µm
_03063_,5.7µm
_03581_,5.7µm
_04375_,5.7µm
_05248_,5.7µm
_05437_,5.7µm
_05780_,5.7µm
_04052_,5.685µm
_00321_,5.68µm
_00402_,5.68µm
_00699_,5.68µm
_00889_,5.68µm
_01133_,5.68µm
_01181_,5.68µm
_01533_,5.68µm
_02121_,5.68µm
_02147_,5.68µm
_02332_,5.68µm
_02568_,5.68µm
_02804_,5.68µm
_03305_,5.68µm
_03384_,5.68µm
_04656_,5.68µm
_04739_,5.68µm
_05399_,5.68µm
_05422_,5.68µm
_06100_,5.68µm
_06221_,5.68µm
_06263_,5.68µm
net190,5.68µm
net217,5.68µm
net768,5.68µm
_00617_,5.66µm
_05828_,5.64µm
rst,5.63µm
w03[1],5.63µm
w11[6],5.63µm
w13[2],5.63µm
w20[5],5.63µm
w30[3],5.63µm
_00224_,5.62µm
_03121_,5.62µm
_04431_,5.62µm
_04710_,5.62µm
_06066_,5.62µm
net784,5.62µm
_00400_,5.6µm
_00531_,5.6µm
_00697_,5.6µm
_00783_,5.6µm
_00837_,5.6µm
_00871_,5.6µm
_01334_,5.6µm
_01409_,5.6µm
_01428_,5.6µm
_01562_,5.6µm
_01573_,5.6µm
_01656_,5.6µm
_02091_,5.6µm
_02195_,5.6µm
_02430_,5.6µm
_02610_,5.6µm
_03526_,5.6µm
_03672_,5.6µm
_03767_,5.6µm
_03931_,5.6µm
_04014_,5.6µm
_04241_,5.6µm
_04592_,5.6µm
_04959_,5.6µm
_05028_,5.6µm
_05104_,5.6µm
_05348_,5.6µm
_05694_,5.6µm
_05997_,5.6µm
_06118_,5.6µm
_06411_,5.6µm
_06443_,5.6µm
net867,5.6µm
_00679_,5.58µm
_01136_,5.58µm
_01206_,5.58µm
_02908_,5.58µm
_03631_,5.58µm
_04423_,5.58µm
_05074_,5.58µm
_05849_,5.575µm
_01673_,5.565µm
_00930_,5.56µm
_01709_,5.56µm
_02593_,5.56µm
_06227_,5.56µm
_03421_,5.53µm
out1[10],5.53µm
out3[1],5.53µm
out3[6],5.53µm
_00828_,5.52µm
_01115_,5.52µm
_01189_,5.52µm
_03182_,5.52µm
_04000_,5.52µm
_02004_,5.5µm
_02226_,5.5µm
_06570_,5.5µm
w30[6],5.49µm
_00237_,5.48µm
_00496_,5.48µm
_00716_,5.48µm
_01387_,5.48µm
_02097_,5.48µm
_02457_,5.48µm
_02478_,5.48µm
_02570_,5.48µm
_02868_,5.48µm
_03239_,5.48µm
_03300_,5.48µm
_03555_,5.48µm
_03593_,5.48µm
_03674_,5.48µm
_03897_,5.48µm
_04250_,5.48µm
_04264_,5.48µm
_04574_,5.48µm
_04690_,5.48µm
_04897_,5.48µm
_05061_,5.48µm
_05206_,5.48µm
_05350_,5.48µm
_05792_,5.48µm
_05874_,5.48µm
_06158_,5.48µm
_06195_,5.48µm
_06197_,5.48µm
_06213_,5.48µm
_06419_,5.48µm
_06432_,5.48µm
_05781_,5.475µm
_00663_,5.46µm
_00992_,5.46µm
_01694_,5.46µm
_02188_,5.46µm
_03131_,5.46µm
_03218_,5.46µm
_06224_,5.46µm
net726,5.46µm
_00686_,5.44µm
_00835_,5.44µm
_02080_,5.44µm
_03483_,5.44µm
_05358_,5.43µm
in0[0],5.41µm
in2[0],5.41µm
w03[5],5.41µm
w10[7],5.41µm
w20[4],5.41µm
w21[1],5.41µm
w33[7],5.41µm
_00611_,5.4µm
_00875_,5.4µm
_01070_,5.4µm
_01834_,5.4µm
_03645_,5.4µm
_03748_,5.4µm
_05030_,5.4µm
_05070_,5.4µm
_06060_,5.4µm
_00987_,5.395µm
_00096_,5.39µm
_00031_,5.38µm
_00203_,5.38µm
_00215_,5.38µm
_00318_,5.38µm
_00839_,5.38µm
_00872_,5.38µm
_01475_,5.38µm
_02136_,5.38µm
_02399_,5.38µm
_02594_,5.38µm
_02926_,5.38µm
_03413_,5.38µm
_04303_,5.38µm
_04570_,5.38µm
_04790_,5.38µm
_05060_,5.38µm
_05334_,5.38µm
_06184_,5.38µm
net181,5.38µm
net189,5.38µm
net221,5.38µm
net232,5.38µm
net732,5.38µm
_04111_,5.37µm
_00262_,5.36µm
_00754_,5.36µm
_01296_,5.36µm
_01511_,5.36µm
_01614_,5.36µm
_01658_,5.36µm
_02276_,5.36µm
_02292_,5.36µm
_02988_,5.36µm
_03053_,5.36µm
_03146_,5.36µm
_03266_,5.36µm
_03371_,5.36µm
_04003_,5.36µm
_04164_,5.36µm
_04261_,5.36µm
_04304_,5.36µm
_04322_,5.36µm
_04515_,5.36µm
_04598_,5.36µm
_05147_,5.36µm
_05930_,5.36µm
_05974_,5.36µm
_06264_,5.36µm
_06659_,5.36µm
_00040_,5.34µm
_00432_,5.34µm
_00454_,5.34µm
_00485_,5.34µm
_00502_,5.34µm
_01063_,5.34µm
_01246_,5.34µm
_01603_,5.34µm
_01653_,5.34µm
_01680_,5.34µm
_01695_,5.34µm
_01719_,5.34µm
_01739_,5.34µm
_01985_,5.34µm
_02602_,5.34µm
_02714_,5.34µm
_02963_,5.34µm
_03096_,5.34µm
_03224_,5.34µm
_03469_,5.34µm
_03492_,5.34µm
_03849_,5.34µm
_03865_,5.34µm
_04116_,5.34µm
_04714_,5.34µm
_05036_,5.34µm
_05114_,5.34µm
net213,5.34µm
net222,5.34µm
net724,5.34µm
in0[1],5.29µm
w00[0],5.29µm
w02[2],5.29µm
w11[2],5.29µm
w11[4],5.29µm
w20[7],5.29µm
w33[5],5.29µm
_00347_,5.28µm
_00819_,5.28µm
_01102_,5.28µm
_01116_,5.28µm
_01211_,5.28µm
_02150_,5.28µm
_03039_,5.28µm
_04409_,5.28µm
_04463_,5.28µm
_04558_,5.28µm
_05181_,5.28µm
_06332_,5.28µm
_06355_,5.28µm
_06276_,5.27µm
_01806_,5.265µm
_00226_,5.26µm
_00381_,5.26µm
_00468_,5.26µm
_00490_,5.26µm
_00505_,5.26µm
_00554_,5.26µm
_00641_,5.26µm
_00771_,5.26µm
_00782_,5.26µm
_00800_,5.26µm
_01122_,5.26µm
_01462_,5.26µm
_01787_,5.26µm
_01816_,5.26µm
_02214_,5.26µm
_02527_,5.26µm
_02552_,5.26µm
_02623_,5.26µm
_02930_,5.26µm
_03105_,5.26µm
_03252_,5.26µm
_03279_,5.26µm
_03693_,5.26µm
_03821_,5.26µm
_04013_,5.26µm
_04121_,5.26µm
_04213_,5.26µm
_04272_,5.26µm
_04290_,5.26µm
_04353_,5.26µm
_04479_,5.26µm
_04537_,5.26µm
_04936_,5.26µm
_05234_,5.26µm
_05697_,5.26µm
_05758_,5.26µm
_05782_,5.26µm
_05830_,5.26µm
_05833_,5.26µm
_05840_,5.26µm
_06522_,5.26µm
_06543_,5.26µm
_06590_,5.26µm
_02141_,5.25µm
_01466_,5.24µm
_02066_,5.24µm
_05700_,5.24µm
_05718_,5.24µm
_05733_,5.24µm
_06262_,5.24µm
_00197_,5.22µm
_00430_,5.22µm
_00549_,5.22µm
_00685_,5.22µm
_00883_,5.22µm
_01068_,5.22µm
_01684_,5.22µm
_02749_,5.22µm
_02753_,5.22µm
_02817_,5.22µm
_02922_,5.22µm
_03531_,5.22µm
_03858_,5.22µm
_04230_,5.22µm
_04293_,5.22µm
_04325_,5.22µm
_04433_,5.22µm
_04545_,5.22µm
_05213_,5.22µm
_05287_,5.22µm
_05429_,5.22µm
_05547_,5.22µm
_06023_,5.22µm
_06308_,5.22µm
_06319_,5.22µm
_06539_,5.22µm
_00694_,5.19µm
_00227_,5.16µm
_01978_,5.16µm
_02810_,5.16µm
_03563_,5.16µm
_03885_,5.16µm
_04425_,5.145µm
_05996_,5.145µm
_00254_,5.14µm
_00257_,5.14µm
_00441_,5.14µm
_00956_,5.14µm
_01104_,5.14µm
_01619_,5.14µm
_01626_,5.14µm
_01690_,5.14µm
_01810_,5.14µm
_01841_,5.14µm
_02015_,5.14µm
_02127_,5.14µm
_02225_,5.14µm
_02438_,5.14µm
_02636_,5.14µm
_02711_,5.14µm
_03083_,5.14µm
_03122_,5.14µm
_03295_,5.14µm
_03675_,5.14µm
_03783_,5.14µm
_03895_,5.14µm
_04074_,5.14µm
_04262_,5.14µm
_04492_,5.14µm
_04650_,5.14µm
_04913_,5.14µm
_05141_,5.14µm
_05702_,5.14µm
_05963_,5.14µm
_06001_,5.14µm
_06208_,5.14µm
_06536_,5.14µm
_05012_,5.13µm
_02646_,5.12µm
_02947_,5.12µm
_03045_,5.12µm
_03700_,5.12µm
_05499_,5.12µm
_02671_,5.1µm
_03954_,5.1µm
_04369_,5.1µm
_04571_,5.1µm
_04904_,5.1µm
_06361_,5.1µm
net716,5.1µm
_01406_,5.075µm
_06639_,5.075µm
_05546_,5.07µm
out2[4],5.07µm
w20[6],5.07µm
net774,5.07µm
_00023_,5.06µm
_01411_,5.06µm
_01555_,5.06µm
_03585_,5.06µm
_04555_,5.06µm
_01396_,5.04µm
_02558_,5.04µm
_02785_,5.04µm
_03794_,5.04µm
_05932_,5.04µm
net799,5.04µm
_03902_,5.025µm
_00223_,5.02µm
_00628_,5.02µm
_00666_,5.02µm
_00811_,5.02µm
_00874_,5.02µm
_01226_,5.02µm
_01498_,5.02µm
_01716_,5.02µm
_01760_,5.02µm
_02178_,5.02µm
_02388_,5.02µm
_02467_,5.02µm
_02704_,5.02µm
_03215_,5.02µm
_04006_,5.02µm
_04044_,5.02µm
_04151_,5.02µm
_04268_,5.02µm
_05280_,5.02µm
_05313_,5.02µm
_05493_,5.02µm
_05730_,5.02µm
_06061_,5.02µm
_06144_,5.02µm
_06442_,5.02µm
net712,5.02µm
net943,5.02µm
_03522_,5µm
_04209_,5µm
_01939_,4.99µm
_00536_,4.955µm
_01955_,4.95µm
in2[7],4.95µm
w00[5],4.95µm
w02[3],4.95µm
w02[6],4.95µm
w23[3],4.95µm
w30[7],4.95µm
w32[5],4.95µm
_00013_,4.94µm
_00652_,4.94µm
_01343_,4.94µm
_01706_,4.94µm
_02296_,4.94µm
_02375_,4.94µm
_04344_,4.94µm
_04347_,4.94µm
_04660_,4.94µm
_04861_,4.94µm
_05851_,4.94µm
_06429_,4.94µm
_06517_,4.94µm
_06576_,4.94µm
_04595_,4.93µm
_00153_,4.92µm
_00346_,4.92µm
_00561_,4.92µm
_00589_,4.92µm
_00979_,4.92µm
_01805_,4.92µm
_01846_,4.92µm
_02274_,4.92µm
_02627_,4.92µm
_03601_,4.92µm
_03776_,4.92µm
_03996_,4.92µm
_04214_,4.92µm
_04539_,4.92µm
_05538_,4.92µm
net764,4.92µm
_00301_,4.9µm
_00397_,4.9µm
_01801_,4.9µm
_02184_,4.9µm
_02204_,4.9µm
_02609_,4.9µm
_02626_,4.9µm
_05212_,4.9µm
_05486_,4.9µm
_05929_,4.9µm
_06413_,4.9µm
_03234_,4.885µm
_00021_,4.88µm
_00353_,4.88µm
_01066_,4.88µm
_01073_,4.88µm
_01382_,4.88µm
_01523_,4.88µm
_01647_,4.88µm
_02217_,4.88µm
_02353_,4.88µm
_02487_,4.88µm
_02587_,4.88µm
_02891_,4.88µm
_02918_,4.88µm
_03626_,4.88µm
_03729_,4.88µm
_03848_,4.88µm
_04316_,4.88µm
_04540_,4.88µm
_04652_,4.88µm
_04835_,4.88µm
_05139_,4.88µm
_05573_,4.88µm
_05916_,4.88µm
_06236_,4.88µm
_06363_,4.88µm
_06559_,4.88µm
net781,4.88µm
_00086_,4.87µm
_00097_,4.87µm
_00100_,4.87µm
out1[12],4.85µm
out3[3],4.85µm
out3[5],4.85µm
net802,4.85µm
_00030_,4.82µm
_00372_,4.82µm
_01074_,4.82µm
_01569_,4.82µm
_01598_,4.82µm
_02377_,4.82µm
_02597_,4.82µm
_02660_,4.82µm
_02662_,4.82µm
_02965_,4.82µm
_03243_,4.82µm
_03360_,4.82µm
_03941_,4.82µm
_04284_,4.82µm
_04563_,4.82µm
_05376_,4.82µm
_06021_,4.82µm
_00134_,4.8µm
_00302_,4.8µm
_00375_,4.8µm
_00630_,4.8µm
_00631_,4.8µm
_00676_,4.8µm
_00955_,4.8µm
_01359_,4.8µm
_01401_,4.8µm
_02012_,4.8µm
_02172_,4.8µm
_02561_,4.8µm
_02761_,4.8µm
_02858_,4.8µm
_03187_,4.8µm
_03191_,4.8µm
_03286_,4.8µm
_03429_,4.8µm
_03518_,4.8µm
_03804_,4.8µm
_04029_,4.8µm
_04305_,4.8µm
_04516_,4.8µm
_04907_,4.8µm
_05021_,4.8µm
_05073_,4.8µm
_05289_,4.8µm
_05317_,4.8µm
_05455_,4.8µm
_05498_,4.8µm
_05675_,4.8µm
_05713_,4.8µm
_06279_,4.8µm
_06459_,4.8µm
net885,4.8µm
_03574_,4.795µm
_00183_,4.78µm
_02018_,4.78µm
_02495_,4.78µm
_03726_,4.78µm
_04222_,4.78µm
_04773_,4.78µm
_05172_,4.78µm
_01788_,4.76µm
_01800_,4.76µm
_01885_,4.76µm
_02074_,4.76µm
_02116_,4.76µm
_02703_,4.76µm
_03825_,4.76µm
_04475_,4.76µm
_04860_,4.76µm
_05087_,4.76µm
_05232_,4.76µm
_05500_,4.76µm
_06101_,4.76µm
_06353_,4.76µm
in3[3],4.73µm
out1[15],4.73µm
out1[2],4.73µm
out2[1],4.73µm
w03[2],4.73µm
w21[4],4.73µm
_02315_,4.71µm
_02125_,4.7µm
_03731_,4.7µm
_04031_,4.7µm
_06535_,4.7µm
_02407_,4.685µm
_00244_,4.68µm
_00385_,4.68µm
_00627_,4.68µm
_00791_,4.68µm
_00856_,4.68µm
_00909_,4.68µm
_01700_,4.68µm
_02056_,4.68µm
_02186_,4.68µm
_02299_,4.68µm
_02432_,4.68µm
_02569_,4.68µm
_02811_,4.68µm
_03407_,4.68µm
_03433_,4.68µm
_03766_,4.68µm
_03991_,4.68µm
_04077_,4.68µm
_04382_,4.68µm
_04435_,4.68µm
_04554_,4.68µm
_04666_,4.68µm
_04779_,4.68µm
_05151_,4.68µm
_06096_,4.68µm
net864,4.68µm
_00527_,4.66µm
_00993_,4.66µm
_01799_,4.66µm
_04791_,4.66µm
_01423_,4.64µm
in0[3],4.61µm
in2[3],4.61µm
in3[0],4.61µm
w03[3],4.61µm
w21[2],4.61µm
w32[3],4.61µm
_02045_,4.6µm
_04456_,4.6µm
_05198_,4.6µm
_00914_,4.58µm
_00983_,4.58µm
_01228_,4.58µm
_01251_,4.58µm
_02181_,4.58µm
_03827_,4.58µm
_04758_,4.58µm
_06668_,4.575µm
_00957_,4.565µm
_02535_,4.565µm
_00163_,4.56µm
_00700_,4.56µm
_01386_,4.56µm
_01721_,4.56µm
_01748_,4.56µm
_01762_,4.56µm
_01817_,4.56µm
_01860_,4.56µm
_01988_,4.56µm
_02117_,4.56µm
_02925_,4.56µm
_03233_,4.56µm
_03868_,4.56µm
_04137_,4.56µm
_04341_,4.56µm
_04455_,4.56µm
_04651_,4.56µm
_04896_,4.56µm
_05380_,4.56µm
_05432_,4.56µm
_05812_,4.56µm
_06031_,4.56µm
_06316_,4.56µm
_06450_,4.56µm
net485,4.56µm
_00007_,4.54µm
_00294_,4.54µm
_00632_,4.54µm
_06277_,4.54µm
_06254_,4.49µm
_01202_,4.485µm
_03620_,4.485µm
_00193_,4.48µm
_00330_,4.48µm
_01321_,4.48µm
_01408_,4.48µm
_01696_,4.48µm
_01916_,4.48µm
_01970_,4.48µm
_02016_,4.48µm
_02923_,4.48µm
_03069_,4.48µm
_03340_,4.48µm
_03447_,4.48µm
_03633_,4.48µm
_04136_,4.48µm
_04252_,4.48µm
_04729_,4.48µm
_05004_,4.48µm
_05656_,4.48µm
_05804_,4.48µm
net800,4.48µm
_00176_,4.46µm
_00290_,4.46µm
_00901_,4.46µm
_00910_,4.46µm
_01085_,4.46µm
_01682_,4.46µm
_01766_,4.46µm
_01832_,4.46µm
_02237_,4.46µm
_02392_,4.46µm
_02640_,4.46µm
_03351_,4.46µm
_03828_,4.46µm
_04033_,4.46µm
_04292_,4.46µm
_04394_,4.46µm
_04469_,4.46µm
_04746_,4.46µm
_05171_,4.46µm
_05193_,4.46µm
_05371_,4.46µm
_05412_,4.46µm
_05743_,4.46µm
_06054_,4.46µm
_06368_,4.46µm
_01101_,4.44µm
_01633_,4.44µm
_03451_,4.44µm
_03470_,4.44µm
_04291_,4.44µm
_04487_,4.44µm
_05453_,4.44µm
_05787_,4.44µm
_06631_,4.44µm
_00704_,4.42µm
_01236_,4.42µm
_01327_,4.42µm
_01348_,4.42µm
_03201_,4.42µm
_05210_,4.42µm
_05492_,4.42µm
_05505_,4.42µm
net220,4.42µm
net231,4.42µm
net745,4.42µm
net750,4.42µm
net782,4.42µm
out1[4],4.39µm
out2[0],4.39µm
out2[2],4.39µm
out2[3],4.39µm
out2[5],4.39µm
out3[7],4.39µm
out3[8],4.39µm
_01042_,4.36µm
_01260_,4.36µm
_01509_,4.36µm
_01615_,4.36µm
_02901_,4.36µm
_04348_,4.36µm
_04683_,4.36µm
_05362_,4.36µm
_05401_,4.36µm
_05637_,4.36µm
_05707_,4.36µm
_05741_,4.36µm
_05755_,4.36µm
_06124_,4.36µm
_06504_,4.36µm
_00195_,4.34µm
_00323_,4.34µm
_00715_,4.34µm
_00760_,4.34µm
_00798_,4.34µm
_00813_,4.34µm
_01233_,4.34µm
_01241_,4.34µm
_01876_,4.34µm
_01935_,4.34µm
_02043_,4.34µm
_02268_,4.34µm
_02706_,4.34µm
_02850_,4.34µm
_03061_,4.34µm
_03282_,4.34µm
_03456_,4.34µm
_04043_,4.34µm
_04226_,4.34µm
_04552_,4.34µm
_04680_,4.34µm
_04808_,4.34µm
_04859_,4.34µm
_05033_,4.34µm
_05526_,4.34µm
_06152_,4.34µm
_06162_,4.34µm
_06228_,4.34µm
_06289_,4.34µm
_06350_,4.34µm
_06498_,4.34µm
_06594_,4.34µm
_01371_,4.32µm
_01547_,4.32µm
_05902_,4.32µm
_03419_,4.3µm
_05724_,4.3µm
_04141_,4.29µm
in2[2],4.27µm
in2[6],4.27µm
w03[0],4.27µm
w03[4],4.27µm
w11[5],4.27µm
w23[1],4.27µm
w30[4],4.27µm
_00087_,4.25µm
_01597_,4.25µm
_05051_,4.24µm
_05299_,4.24µm
_06122_,4.24µm
_00450_,4.22µm
_00524_,4.22µm
_00590_,4.22µm
_00596_,4.22µm
_00638_,4.22µm
_00917_,4.22µm
_01138_,4.22µm
_01436_,4.22µm
_01586_,4.22µm
_01612_,4.22µm
_02101_,4.22µm
_02481_,4.22µm
_02957_,4.22µm
_03241_,4.22µm
_03250_,4.22µm
_03342_,4.22µm
_03737_,4.22µm
_04148_,4.22µm
_04243_,4.22µm
_04627_,4.22µm
_04645_,4.22µm
_05223_,4.22µm
_05566_,4.22µm
_06092_,4.22µm
_06460_,4.22µm
_01959_,4.2µm
_06523_,4.2µm
_01784_,4.14µm
_01861_,4.14µm
_02042_,4.14µm
_03960_,4.14µm
_06303_,4.14µm
_06674_,4.14µm
net725,4.14µm
_01238_,4.13µm
_00126_,4.12µm
_01488_,4.12µm
_02173_,4.12µm
_05789_,4.12µm
_05861_,4.12µm
net902,4.12µm
_04198_,4.105µm
_00349_,4.1µm
_00491_,4.1µm
_00522_,4.1µm
_01187_,4.1µm
_01712_,4.1µm
_01921_,4.1µm
_02093_,4.1µm
_02314_,4.1µm
_02440_,4.1µm
_02452_,4.1µm
_02565_,4.1µm
_02641_,4.1µm
_03689_,4.1µm
_03989_,4.1µm
_04140_,4.1µm
_04405_,4.1µm
_04706_,4.1µm
_05672_,4.1µm
_05692_,4.1µm
_05841_,4.1µm
_05937_,4.1µm
_06064_,4.1µm
_06234_,4.1µm
net704,4.1µm
net728,4.1µm
_00101_,4.08µm
_00763_,4.08µm
_03149_,4.08µm
net235,4.07µm
_04196_,4.03µm
_01038_,4.02µm
_01927_,4.02µm
_02139_,4.02µm
_04920_,4.02µm
_05166_,4.02µm
_05791_,4.02µm
_05933_,4.02µm
_06027_,4.02µm
_06153_,4.02µm
_06343_,4.02µm
net223,4.02µm
net883,4.02µm
_00069_,4µm
_00208_,4µm
_00452_,4µm
_00592_,4µm
_00997_,4µm
_01126_,4µm
_01747_,4µm
_01984_,4µm
_02402_,4µm
_02439_,4µm
_02490_,4µm
_02577_,4µm
_02608_,4µm
_03060_,4µm
_03347_,4µm
_03372_,4µm
_03613_,4µm
_03716_,4µm
_03912_,4µm
_03921_,4µm
_03949_,4µm
_04277_,4µm
_04682_,4µm
_04852_,4µm
_05266_,4µm
_05597_,4µm
_05683_,4µm
_05948_,4µm
_06029_,4µm
_06255_,4µm
_06376_,4µm
net917,4µm
_01668_,3.98µm
_02683_,3.98µm
_03378_,3.98µm
_03654_,3.98µm
_04326_,3.98µm
_04384_,3.98µm
_04731_,3.98µm
_06121_,3.98µm
_03393_,3.96µm
_01670_,3.94µm
in3[5],3.93µm
w11[0],3.93µm
w13[0],3.93µm
w21[3],3.93µm
w21[5],3.93µm
w30[2],3.93µm
w33[2],3.93µm
w33[3],3.93µm
_00384_,3.9µm
_00784_,3.9µm
_01416_,3.9µm
_02334_,3.9µm
_05127_,3.9µm
_06136_,3.9µm
_00532_,3.88µm
_00608_,3.88µm
_00623_,3.88µm
_00648_,3.88µm
_00787_,3.88µm
_00850_,3.88µm
_00885_,3.88µm
_00934_,3.88µm
_01351_,3.88µm
_01390_,3.88µm
_01811_,3.88µm
_01831_,3.88µm
_01863_,3.88µm
_01958_,3.88µm
_02144_,3.88µm
_02689_,3.88µm
_02700_,3.88µm
_02779_,3.88µm
_02812_,3.88µm
_02849_,3.88µm
_02912_,3.88µm
_03208_,3.88µm
_03329_,3.88µm
_03454_,3.88µm
_03798_,3.88µm
_03997_,3.88µm
_04142_,3.88µm
_04160_,3.88µm
_04247_,3.88µm
_04400_,3.88µm
_04430_,3.88µm
_04534_,3.88µm
_04623_,3.88µm
_04708_,3.88µm
_04721_,3.88µm
_04995_,3.88µm
_05003_,3.88µm
_05075_,3.88µm
_05128_,3.88µm
_05251_,3.88µm
_05670_,3.88µm
_05866_,3.88µm
_06013_,3.88µm
_06020_,3.88µm
net191,3.88µm
_04363_,3.87µm
_01065_,3.86µm
_00609_,3.78µm
_04309_,3.78µm
_05484_,3.78µm
_05747_,3.78µm
_06537_,3.78µm
_00083_,3.76µm
_00499_,3.76µm
_00655_,3.76µm
_00807_,3.76µm
_01117_,3.76µm
_01212_,3.76µm
_01529_,3.76µm
_02200_,3.76µm
_02685_,3.76µm
_02917_,3.76µm
_03299_,3.76µm
_03401_,3.76µm
_03441_,3.76µm
_04543_,3.76µm
_04606_,3.76µm
_04894_,3.76µm
_05216_,3.76µm
_05667_,3.76µm
_06434_,3.76µm
net821,3.76µm
_02659_,3.74µm
_04411_,3.74µm
_03148_,3.735µm
_05072_,3.72µm
_00342_,3.68µm
_01336_,3.68µm
_01504_,3.68µm
_03774_,3.68µm
_04484_,3.68µm
_05428_,3.68µm
_05443_,3.68µm
_05750_,3.68µm
net904,3.68µm
_05515_,3.67µm
_00104_,3.66µm
_00991_,3.66µm
_04461_,3.66µm
_02123_,3.645µm
_05179_,3.645µm
_05705_,3.645µm
_00284_,3.64µm
_00403_,3.64µm
_03031_,3.64µm
_05503_,3.64µm
_05531_,3.64µm
_05934_,3.64µm
_06157_,3.64µm
_06169_,3.64µm
_06565_,3.64µm
_06627_,3.64µm
net865,3.64µm
_01492_,3.575µm
_01196_,3.57µm
_00042_,3.56µm
_01094_,3.56µm
_01107_,3.56µm
_01166_,3.56µm
_02544_,3.56µm
_02720_,3.56µm
_02794_,3.56µm
_03085_,3.56µm
_03349_,3.56µm
_04372_,3.56µm
_04883_,3.56µm
_05052_,3.56µm
_00137_,3.54µm
_00319_,3.54µm
_00855_,3.54µm
_01046_,3.54µm
_01205_,3.54µm
_01538_,3.54µm
_01616_,3.54µm
_02254_,3.54µm
_02459_,3.54µm
_02463_,3.54µm
_02857_,3.54µm
_03423_,3.54µm
_03917_,3.54µm
_03963_,3.54µm
_04488_,3.54µm
_04495_,3.54µm
_04524_,3.54µm
_04601_,3.54µm
_04664_,3.54µm
_05031_,3.54µm
_05063_,3.54µm
_05201_,3.54µm
_05359_,3.54µm
_05445_,3.54µm
_05776_,3.54µm
_05856_,3.54µm
_06225_,3.54µm
_06261_,3.54µm
_06424_,3.54µm
_06567_,3.54µm
_00167_,3.52µm
_00320_,3.52µm
_00567_,3.52µm
_01071_,3.52µm
_03612_,3.52µm
_04282_,3.52µm
_06321_,3.44µm
net709,3.44µm
net819,3.44µm
_00386_,3.42µm
_00498_,3.42µm
_00591_,3.42µm
_00640_,3.42µm
_00664_,3.42µm
_00678_,3.42µm
_00761_,3.42µm
_00790_,3.42µm
_01060_,3.42µm
_01080_,3.42µm
_01642_,3.42µm
_01993_,3.42µm
_02023_,3.42µm
_02092_,3.42µm
_02807_,3.42µm
_02845_,3.42µm
_02878_,3.42µm
_02889_,3.42µm
_03064_,3.42µm
_03443_,3.42µm
_03953_,3.42µm
_03975_,3.42µm
_03977_,3.42µm
_04115_,3.42µm
_04251_,3.42µm
_04259_,3.42µm
_04459_,3.42µm
_04523_,3.42µm
_04535_,3.42µm
_04610_,3.42µm
_04618_,3.42µm
_04725_,3.42µm
_04821_,3.42µm
_05018_,3.42µm
_05081_,3.42µm
_05199_,3.42µm
_05599_,3.42µm
_05732_,3.42µm
_05871_,3.42µm
_05909_,3.42µm
_06143_,3.42µm
_06293_,3.42µm
_06299_,3.42µm
_06326_,3.42µm
_06500_,3.42µm
_06512_,3.42µm
_06615_,3.42µm
_06622_,3.42µm
net846,3.42µm
net886,3.42µm
net900,3.42µm
_00072_,3.4µm
_00651_,3.32µm
_03545_,3.32µm
_06544_,3.32µm
_00149_,3.3µm
_00797_,3.3µm
_01925_,3.3µm
_03445_,3.3µm
_03871_,3.3µm
_05326_,3.3µm
_05344_,3.3µm
_05701_,3.3µm
_06133_,3.3µm
net240,3.3µm
net705,3.3µm
_00098_,3.23µm
_01290_,3.23µm
_00061_,3.225µm
_00004_,3.22µm
_00017_,3.22µm
_00309_,3.22µm
_02327_,3.22µm
net710,3.22µm
_00044_,3.2µm
_00233_,3.2µm
_01388_,3.2µm
_01493_,3.2µm
_02017_,3.2µm
_02680_,3.2µm
_01535_,3.18µm
_01554_,3.18µm
_02710_,3.18µm
_06286_,3.18µm
_06333_,3.18µm
_06448_,3.18µm
net737,3.18µm
_06433_,3.16µm
_00969_,3.1µm
_01123_,3.1µm
_01158_,3.1µm
_01232_,3.1µm
_01470_,3.1µm
_01496_,3.1µm
_01520_,3.1µm
_01526_,3.1µm
_01546_,3.1µm
_02821_,3.1µm
_02944_,3.1µm
_02945_,3.1µm
_03231_,3.1µm
_03285_,3.1µm
_03715_,3.1µm
_03790_,3.1µm
_04587_,3.1µm
_04672_,3.1µm
_05148_,3.1µm
_05191_,3.1µm
_05513_,3.1µm
_05721_,3.1µm
_05940_,3.1µm
_05984_,3.1µm
_06439_,3.1µm
net770,3.1µm
net930,3.1µm
_00009_,3.08µm
_00307_,3.08µm
_00461_,3.08µm
_00562_,3.08µm
_00647_,3.08µm
_00742_,3.08µm
_00890_,3.08µm
_01050_,3.08µm
_01628_,3.08µm
_01711_,3.08µm
_01842_,3.08µm
_02100_,3.08µm
_02234_,3.08µm
_02458_,3.08µm
_02768_,3.08µm
_02847_,3.08µm
_03373_,3.08µm
_03571_,3.08µm
_03723_,3.08µm
_03803_,3.08µm
_03879_,3.08µm
_04232_,3.08µm
_04416_,3.08µm
_04639_,3.08µm
_04674_,3.08µm
_04849_,3.08µm
_04869_,3.08µm
_05323_,3.08µm
_05764_,3.08µm
_05998_,3.08µm
_06168_,3.08µm
_06374_,3.08µm
_06386_,3.08µm
_06422_,3.08µm
net187,3.08µm
net793,3.08µm
net823,3.08µm
_02275_,3.06µm
_06115_,3.06µm
_00781_,2.98µm
_01474_,2.98µm
_02653_,2.98µm
_02751_,2.98µm
_05408_,2.98µm
_06663_,2.98µm
net230,2.98µm
_00150_,2.96µm
_00544_,2.96µm
_00772_,2.96µm
_00995_,2.96µm
_01036_,2.96µm
_01155_,2.96µm
_01176_,2.96µm
_01217_,2.96µm
_01759_,2.96µm
_01859_,2.96µm
_01941_,2.96µm
_02617_,2.96µm
_02696_,2.96µm
_02724_,2.96µm
_02732_,2.96µm
_03204_,2.96µm
_03376_,2.96µm
_03605_,2.96µm
_03607_,2.96µm
_04124_,2.96µm
_04245_,2.96µm
_04500_,2.96µm
_04542_,2.96µm
_04738_,2.96µm
_04893_,2.96µm
_05007_,2.96µm
_05019_,2.96µm
_05879_,2.96µm
_06513_,2.96µm
_06619_,2.96µm
net185,2.96µm
_03520_,2.86µm
_04346_,2.86µm
_04504_,2.86µm
_06416_,2.845µm
_00077_,2.84µm
_00079_,2.84µm
_00080_,2.84µm
_00088_,2.84µm
_00709_,2.84µm
_02205_,2.84µm
_03228_,2.84µm
_03237_,2.84µm
_03346_,2.84µm
_04067_,2.84µm
_04155_,2.84µm
_05712_,2.84µm
net706,2.84µm
net718,2.84µm
net738,2.84µm
_00043_,2.76µm
_00667_,2.76µm
_00692_,2.76µm
_02656_,2.76µm
_03647_,2.76µm
_03876_,2.76µm
_03970_,2.76µm
_05357_,2.76µm
_05530_,2.76µm
_06239_,2.76µm
_00906_,2.74µm
_02096_,2.74µm
_04906_,2.74µm
_05379_,2.74µm
_01845_,2.73µm
_05349_,2.72µm
_05220_,2.715µm
_00074_,2.69µm
_00355_,2.64µm
_00380_,2.64µm
_00538_,2.64µm
_00542_,2.64µm
_00661_,2.64µm
_00948_,2.64µm
_01513_,2.64µm
_01789_,2.64µm
_01812_,2.64µm
_02309_,2.64µm
_02708_,2.64µm
_02911_,2.64µm
_02976_,2.64µm
_03076_,2.64µm
_03249_,2.64µm
_04065_,2.64µm
_04437_,2.64µm
_04874_,2.64µm
_05865_,2.64µm
_06315_,2.64µm
net736,2.64µm
_00071_,2.62µm
_00138_,2.62µm
_00314_,2.62µm
_00354_,2.62µm
_00495_,2.62µm
_00610_,2.62µm
_00670_,2.62µm
_00821_,2.62µm
_00897_,2.62µm
_00900_,2.62µm
_01032_,2.62µm
_01048_,2.62µm
_01172_,2.62µm
_01349_,2.62µm
_01715_,2.62µm
_01952_,2.62µm
_02469_,2.62µm
_02614_,2.62µm
_03067_,2.62µm
_03070_,2.62µm
_03246_,2.62µm
_03478_,2.62µm
_03535_,2.62µm
_03562_,2.62µm
_03570_,2.62µm
_03760_,2.62µm
_04009_,2.62µm
_04486_,2.62µm
_04614_,2.62µm
_04981_,2.62µm
_05046_,2.62µm
_05178_,2.62µm
_05837_,2.62µm
_05863_,2.62µm
_06069_,2.62µm
_06091_,2.62µm
_06296_,2.62µm
_06298_,2.62µm
_06345_,2.62µm
_06354_,2.62µm
_06462_,2.62µm
_06555_,2.62µm
_06589_,2.62µm
_06676_,2.62µm
net739,2.62µm
net740,2.62µm
net239,2.55µm
_00175_,2.52µm
_00297_,2.52µm
_02746_,2.52µm
_05704_,2.52µm
_05993_,2.52µm
_00595_,2.5µm
_00796_,2.5µm
_00827_,2.5µm
_01049_,2.5µm
_01214_,2.5µm
_01478_,2.5µm
_01704_,2.5µm
_01827_,2.5µm
_01995_,2.5µm
_02206_,2.5µm
_02317_,2.5µm
_02556_,2.5µm
_02564_,2.5µm
_02585_,2.5µm
_02634_,2.5µm
_02731_,2.5µm
_02742_,2.5µm
_02759_,2.5µm
_02766_,2.5µm
_02825_,2.5µm
_02933_,2.5µm
_03104_,2.5µm
_03151_,2.5µm
_03256_,2.5µm
_03263_,2.5µm
_03276_,2.5µm
_03402_,2.5µm
_03664_,2.5µm
_03727_,2.5µm
_03751_,2.5µm
_04050_,2.5µm
_04134_,2.5µm
_04323_,2.5µm
_04538_,2.5µm
_04615_,2.5µm
_04742_,2.5µm
_04865_,2.5µm
_05035_,2.5µm
_05189_,2.5µm
_05242_,2.5µm
_05331_,2.5µm
_05426_,2.5µm
_05565_,2.5µm
_05627_,2.5µm
_05664_,2.5µm
_05717_,2.5µm
_05876_,2.5µm
_05925_,2.5µm
_06033_,2.5µm
_06352_,2.5µm
_06360_,2.5µm
_06383_,2.5µm
_06451_,2.5µm
_06670_,2.5µm
net714,2.5µm
net721,2.5µm
net727,2.5µm
net744,2.5µm
_00084_,2.38µm
_00089_,2.38µm
_00099_,2.38µm
_00112_,2.38µm
_00113_,2.38µm
_00115_,2.38µm
_00116_,2.38µm
_00117_,2.38µm
_00123_,2.38µm
_00127_,2.38µm
_00146_,2.38µm
_02166_,2.38µm
_02372_,2.38µm
_04095_,2.38µm
_06219_,2.38µm
net748,2.38µm
net847,2.38µm
_00010_,2.3µm
_00204_,2.3µm
_00369_,2.3µm
_00601_,2.3µm
_01352_,2.3µm
_01813_,2.3µm
_01928_,2.3µm
_02024_,2.3µm
_02079_,2.3µm
_02606_,2.3µm
_02737_,2.3µm
_02829_,2.3µm
_02894_,2.3µm
_03071_,2.3µm
_03355_,2.3µm
_03464_,2.3µm
_03577_,2.3µm
_03900_,2.3µm
_04717_,2.3µm
_04871_,2.3µm
_04903_,2.3µm
_05008_,2.3µm
_05175_,2.3µm
_05446_,2.3µm
_05606_,2.3µm
_05699_,2.3µm
_05858_,2.3µm
_05896_,2.3µm
_06202_,2.3µm
_06311_,2.3µm
_06387_,2.3µm
_00058_,2.28µm
_00078_,2.28µm
_00464_,2.28µm
_00687_,2.28µm
_01997_,2.28µm
_02504_,2.28µm
_03806_,2.28µm
_06089_,2.28µm
_00065_,2.23µm
_00066_,2.23µm
_00067_,2.23µm
_00068_,2.23µm
_00070_,2.23µm
_00075_,2.23µm
_00076_,2.23µm
_00081_,2.23µm
_00093_,2.23µm
_00094_,2.23µm
_00095_,2.23µm
_00102_,2.23µm
_00103_,2.23µm
_00106_,2.23µm
_00108_,2.23µm
_00109_,2.23µm
_00119_,2.23µm
_00120_,2.23µm
_00125_,2.23µm
_00239_,2.18µm
_00283_,2.18µm
_00399_,2.18µm
_00523_,2.18µm
_00629_,2.18µm
_01077_,2.18µm
_01084_,2.18µm
_01114_,2.18µm
_01454_,2.18µm
_01645_,2.18µm
_01835_,2.18µm
_02160_,2.18µm
_02189_,2.18µm
_02748_,2.18µm
_02764_,2.18µm
_02934_,2.18µm
_03197_,2.18µm
_03548_,2.18µm
_03550_,2.18µm
_03777_,2.18µm
_03859_,2.18µm
_03923_,2.18µm
_03932_,2.18µm
_03937_,2.18µm
_04063_,2.18µm
_04131_,2.18µm
_04373_,2.18µm
_04547_,2.18µm
_04556_,2.18µm
_04986_,2.18µm
_05263_,2.18µm
_05268_,2.18µm
_05301_,2.18µm
_05347_,2.18µm
_05406_,2.18µm
_05660_,2.18µm
_05928_,2.18µm
_05991_,2.18µm
_06078_,2.18µm
_06155_,2.18µm
_06302_,2.18µm
_06351_,2.18µm
_06364_,2.18µm
_06564_,2.18µm
net940,2.18µm
_00022_,2.16µm
_00051_,2.16µm
_00128_,2.16µm
_00232_,2.16µm
_00429_,2.16µm
_00514_,2.16µm
_00573_,2.16µm
_00577_,2.16µm
_00604_,2.16µm
_00739_,2.16µm
_00845_,2.16µm
_00864_,2.16µm
_00880_,2.16µm
_00958_,2.16µm
_01067_,2.16µm
_01130_,2.16µm
_01376_,2.16µm
_01463_,2.16µm
_01587_,2.16µm
_01692_,2.16µm
_01742_,2.16µm
_01765_,2.16µm
_01821_,2.16µm
_02133_,2.16µm
_02169_,2.16µm
_02408_,2.16µm
_02670_,2.16µm
_02736_,2.16µm
_02770_,2.16µm
_02802_,2.16µm
_03073_,2.16µm
_03098_,2.16µm
_03365_,2.16µm
_03709_,2.16µm
_03747_,2.16µm
_03987_,2.16µm
_03995_,2.16µm
_04015_,2.16µm
_04022_,2.16µm
_04098_,2.16µm
_04527_,2.16µm
_04737_,2.16µm
_04854_,2.16µm
_04877_,2.16µm
_05084_,2.16µm
_05154_,2.16µm
_05164_,2.16µm
_05200_,2.16µm
_05310_,2.16µm
_05384_,2.16µm
_06059_,2.16µm
_06174_,2.16µm
_06250_,2.16µm
_06320_,2.16µm
_06330_,2.16µm
_06338_,2.16µm
_06515_,2.16µm
net186,2.16µm
net713,2.16µm
net719,2.16µm
net733,2.16µm
_02366_,2.06µm
_02462_,2.06µm
_02774_,2.06µm
_03884_,2.06µm
_04165_,2.06µm
_05965_,2.06µm
_06337_,2.06µm
_06349_,2.06µm
_06362_,2.06µm
_06527_,2.06µm
net920,2.06µm
_03100_,2.05µm
_00085_,2.04µm
_00105_,2.04µm
_00189_,2.04µm
_00364_,2.04µm
_00484_,2.04µm
_00540_,2.04µm
_00583_,2.04µm
_01007_,2.04µm
_01013_,2.04µm
_01069_,2.04µm
_01473_,2.04µm
_01611_,2.04µm
_01752_,2.04µm
_02282_,2.04µm
_02343_,2.04µm
_02347_,2.04µm
_02540_,2.04µm
_02644_,2.04µm
_02665_,2.04µm
_02712_,2.04µm
_02727_,2.04µm
_02754_,2.04µm
_02936_,2.04µm
_03062_,2.04µm
_03084_,2.04µm
_03103_,2.04µm
_03209_,2.04µm
_03303_,2.04µm
_03524_,2.04µm
_04223_,2.04µm
_04490_,2.04µm
_04513_,2.04µm
_05146_,2.04µm
_05159_,2.04µm
_05370_,2.04µm
_05398_,2.04µm
_05508_,2.04µm
_05549_,2.04µm
_05605_,2.04µm
_05757_,2.04µm
_06112_,2.04µm
_06212_,2.04µm
_06317_,2.04µm
_06397_,2.04µm
_06605_,2.04µm
_06653_,2.04µm
net179,2.04µm
net193,2.04µm
net219,2.04µm
net794,2.04µm
net801,2.04µm
net898,2.04µm
net912,2.04µm
net918,2.04µm
net938,2.04µm
net243,1.97µm
_01028_,1.94µm
_02472_,1.94µm
_02519_,1.94µm
net817,1.94µm
_06583_,1.915µm
net731,1.85µm
_00675_,1.84µm
_01003_,1.84µm
_01381_,1.84µm
_01808_,1.84µm
_01982_,1.84µm
_01986_,1.84µm
_02179_,1.84µm
_02293_,1.84µm
_02312_,1.84µm
_02340_,1.84µm
_02431_,1.84µm
_03592_,1.84µm
_03597_,1.84µm
_03768_,1.84µm
_03896_,1.84µm
_03929_,1.84µm
_04060_,1.84µm
_04083_,1.84µm
_04128_,1.84µm
_04219_,1.84µm
_04318_,1.84µm
_04451_,1.84µm
_04465_,1.84µm
_04757_,1.84µm
_04925_,1.84µm
_05391_,1.84µm
_05624_,1.84µm
_05629_,1.84µm
_05693_,1.84µm
_05695_,1.84µm
_06394_,1.84µm
net792,1.84µm
net899,1.84µm
net929,1.84µm
_00011_,1.82µm
_00064_,1.82µm
_00092_,1.82µm
_00107_,1.82µm
_00111_,1.82µm
_00121_,1.82µm
_00122_,1.82µm
_00453_,1.82µm
_00634_,1.82µm
_00746_,1.82µm
_01792_,1.82µm
_01989_,1.82µm
_02658_,1.82µm
_03576_,1.82µm
_04288_,1.82µm
_04498_,1.82µm
_04983_,1.82µm
_05023_,1.82µm
net833,1.82µm
_01134_,1.72µm
_01255_,1.72µm
_01588_,1.72µm
_01679_,1.72µm
_02722_,1.72µm
_02788_,1.72µm
_02871_,1.72µm
_03785_,1.72µm
_04118_,1.72µm
_04296_,1.72µm
_04391_,1.72µm
_04878_,1.72µm
_05375_,1.72µm
_05586_,1.72µm
_06401_,1.72µm
net932,1.72µm
_00154_,1.7µm
_00480_,1.7µm
_00719_,1.7µm
_00814_,1.7µm
_01225_,1.7µm
_01549_,1.7µm
_01605_,1.7µm
_01607_,1.7µm
_01976_,1.7µm
_02047_,1.7µm
_02149_,1.7µm
_02222_,1.7µm
_02303_,1.7µm
_02410_,1.7µm
_02580_,1.7µm
_02796_,1.7µm
_02820_,1.7µm
_03079_,1.7µm
_03183_,1.7µm
_03235_,1.7µm
_03392_,1.7µm
_03575_,1.7µm
_04039_,1.7µm
_04350_,1.7µm
_04521_,1.7µm
_04659_,1.7µm
_05049_,1.7µm
_05056_,1.7µm
_05254_,1.7µm
_05303_,1.7µm
_05678_,1.7µm
_06456_,1.7µm
_06557_,1.7µm
_06603_,1.7µm
net180,1.7µm
net182,1.7µm
net703,1.7µm
net729,1.7µm
net897,1.7µm
net945,1.7µm
_04900_,1.61µm
_01934_,1.6µm
_04478_,1.6µm
_04812_,1.6µm
_05150_,1.6µm
_01378_,1.49µm
_01484_,1.48µm
_03399_,1.48µm
_03549_,1.48µm
_04103_,1.48µm
_05901_,1.48µm
_00194_,1.38µm
_00528_,1.38µm
_00975_,1.38µm
_01339_,1.38µm
_01356_,1.38µm
_01543_,1.38µm
_01994_,1.38µm
_02628_,1.38µm
_02716_,1.38µm
_03014_,1.38µm
_03118_,1.38µm
_03400_,1.38µm
_03501_,1.38µm
_03525_,1.38µm
_03608_,1.38µm
_03702_,1.38µm
_03735_,1.38µm
_03736_,1.38µm
_03945_,1.38µm
_04080_,1.38µm
_04380_,1.38µm
_04415_,1.38µm
_04726_,1.38µm
_05000_,1.38µm
_05176_,1.38µm
_05245_,1.38µm
_05324_,1.38µm
_05397_,1.38µm
_05501_,1.38µm
_05536_,1.38µm
_05574_,1.38µm
_05762_,1.38µm
_06203_,1.38µm
_06380_,1.38µm
_06545_,1.38µm
net866,1.38µm
_00073_,1.36µm
_00082_,1.36µm
_00090_,1.36µm
_00091_,1.36µm
_00110_,1.36µm
_00114_,1.36µm
_00118_,1.36µm
_00124_,1.36µm
_02014_,1.36µm
_02622_,1.36µm
_03181_,1.36µm
_03714_,1.36µm
_05952_,1.36µm
_06275_,1.36µm
_06285_,1.36µm
_00162_,1.26µm
_01219_,1.26µm
_01250_,1.26µm
_01654_,1.26µm
_02771_,1.26µm
_02864_,1.26µm
_03220_,1.26µm
_03504_,1.26µm
_03599_,1.26µm
_03629_,1.26µm
_04551_,1.26µm
_04553_,1.26µm
_04562_,1.26µm
_04568_,1.26µm
_05575_,1.26µm
_05917_,1.26µm
_06359_,1.26µm
_06519_,1.26µm
net805,1.26µm
_01183_,1.17µm
_00848_,1.16µm
_02084_,1.14µm
_02104_,1.14µm
_02548_,1.14µm
_02740_,1.14µm
_03461_,1.14µm
_03864_,1.14µm
_04692_,1.14µm
_05260_,1.14µm
_05309_,1.14µm
_05973_,1.14µm
net720,1.14µm
net835,1.14µm
_00711_,1.125µm
_02398_,1.02µm
_03892_,1.02µm
_04053_,1.02µm
_04257_,1.02µm
_05850_,1.02µm
_00566_,0.92µm
_01023_,0.92µm
_01040_,0.92µm
_01451_,0.92µm
_01643_,0.92µm
_01798_,0.92µm
_01947_,0.92µm
_01960_,0.92µm
_02212_,0.92µm
_02266_,0.92µm
_02692_,0.92µm
_02928_,0.92µm
_03389_,0.92µm
_03457_,0.92µm
_03553_,0.92µm
_03765_,0.92µm
_04267_,0.92µm
_04518_,0.92µm
_04533_,0.92µm
_04541_,0.92µm
_05256_,0.92µm
_05561_,0.92µm
_05596_,0.92µm
_05729_,0.92µm
_05848_,0.92µm
_00357_,0.8µm
_00486_,0.8µm
_00517_,0.8µm
_00756_,0.8µm
_00913_,0.8µm
_01772_,0.8µm
_02152_,0.8µm
_02248_,0.8µm
_02258_,0.8µm
_02280_,0.8µm
_04204_,0.8µm
_04229_,0.8µm
_04334_,0.8µm
_04723_,0.8µm
_04735_,0.8µm
_06043_,0.8µm
_06491_,0.8µm
net702,0.8µm
net734,0.8µm
net741,0.8µm
net905,0.8µm
_00178_,0.46µm
_00825_,0.46µm
_01308_,0.46µm
_01467_,0.46µm
_01516_,0.46µm
_01665_,0.46µm
_02298_,0.46µm
_02404_,0.46µm
_02681_,0.46µm
_02915_,0.46µm
_03414_,0.46µm
_03498_,0.46µm
_03517_,0.46µm
_03560_,0.46µm
_03772_,0.46µm
_03936_,0.46µm
_04005_,0.46µm
_04193_,0.46µm
_04200_,0.46µm
_04752_,0.46µm
_04996_,0.46µm
_05316_,0.46µm
_05568_,0.46µm
_05737_,0.46µm
_05920_,0.46µm
_06000_,0.46µm
_06037_,0.46µm
_06148_,0.46µm
_06327_,0.46µm
