
===========================================================================
report_checks -path_delay max (Setup)
============================================================================
======================= nom_tt_025C_1v80 Corner ===================================

Startpoint: _2088_ (rising edge-triggered flip-flop clocked by aclk)
Endpoint: _2120_ (rising edge-triggered flip-flop clocked by aclk)
Path Group: aclk
Path Type: max

Fanout         Cap        Slew       Delay        Time   Description
---------------------------------------------------------------------------------------------
                                  0.000000    0.000000   clock aclk (rise edge)
                                  0.000000    0.000000   clock source latency
    50    0.152256    0.683598    0.473067    0.473067 ^ aclk (in)
                                                         aclk (net)
                      0.683638    0.000000    0.473067 ^ _2088_/CLK (sky130_fd_sc_hd__dfxtp_2)
    54    0.209787    1.038508    1.166601    1.639668 ^ _2088_/Q (sky130_fd_sc_hd__dfxtp_2)
                                                         internal_rssi[7] (net)
                      1.038508    0.002099    1.641767 ^ _1270_/A (sky130_fd_sc_hd__nand2_2)
    63    0.259769    1.052711    1.077259    2.719026 v _1270_/Y (sky130_fd_sc_hd__nand2_2)
                                                         _0408_ (net)
                      1.052740    0.006428    2.725454 v _1563_/A (sky130_fd_sc_hd__or3_2)
     3    0.010050    0.106290    0.817947    3.543401 v _1563_/X (sky130_fd_sc_hd__or3_2)
                                                         _0694_ (net)
                      0.106290    0.000056    3.543457 v _1566_/B1 (sky130_fd_sc_hd__o211a_2)
     2    0.004494    0.045536    0.161638    3.705095 v _1566_/X (sky130_fd_sc_hd__o211a_2)
                                                         _0697_ (net)
                      0.045536    0.000011    3.705106 v _1568_/A (sky130_fd_sc_hd__or3b_2)
     2    0.005995    0.089681    0.476762    4.181868 v _1568_/X (sky130_fd_sc_hd__or3b_2)
                                                         _0699_ (net)
                      0.089681    0.000011    4.181879 v _1571_/A (sky130_fd_sc_hd__and3_2)
     3    0.008476    0.051095    0.206928    4.388806 v _1571_/X (sky130_fd_sc_hd__and3_2)
                                                         _0702_ (net)
                      0.051095    0.000023    4.388829 v _1573_/B (sky130_fd_sc_hd__or3_2)
     2    0.006782    0.093153    0.466917    4.855746 v _1573_/X (sky130_fd_sc_hd__or3_2)
                                                         _0704_ (net)
                      0.093153    0.000006    4.855752 v _1577_/A1 (sky130_fd_sc_hd__a21o_2)
     3    0.008973    0.048813    0.221612    5.077364 v _1577_/X (sky130_fd_sc_hd__a21o_2)
                                                         _0708_ (net)
                      0.048813    0.000032    5.077396 v _1578_/C (sky130_fd_sc_hd__and3_2)
     2    0.006155    0.047371    0.216392    5.293788 v _1578_/X (sky130_fd_sc_hd__and3_2)
                                                         _0709_ (net)
                      0.047371    0.000002    5.293790 v _1581_/A (sky130_fd_sc_hd__or3_2)
     5    0.019225    0.124774    0.546238    5.840029 v _1581_/X (sky130_fd_sc_hd__or3_2)
                                                         _0712_ (net)
                      0.124774    0.000060    5.840088 v _1583_/B (sky130_fd_sc_hd__and3_2)
     3    0.007693    0.050951    0.241446    6.081534 v _1583_/X (sky130_fd_sc_hd__and3_2)
                                                         _0714_ (net)
                      0.050951    0.000009    6.081543 v _1589_/B (sky130_fd_sc_hd__or3_2)
     2    0.003006    0.077255    0.442384    6.523927 v _1589_/X (sky130_fd_sc_hd__or3_2)
                                                         _0719_ (net)
                      0.077255    0.000005    6.523932 v _1590_/C (sky130_fd_sc_hd__or3_2)
     1    0.004301    0.083648    0.422992    6.946925 v _1590_/X (sky130_fd_sc_hd__or3_2)
                                                         _0720_ (net)
                      0.083648    0.000006    6.946930 v _1593_/A2 (sky130_fd_sc_hd__o211ai_2)
     5    0.032531    0.409458    0.366545    7.313476 ^ _1593_/Y (sky130_fd_sc_hd__o211ai_2)
                                                         _0723_ (net)
                      0.409460    0.000734    7.314209 ^ _1850_/A1 (sky130_fd_sc_hd__a211oi_2)
     4    0.022658    0.165180    0.215964    7.530173 v _1850_/Y (sky130_fd_sc_hd__a211oi_2)
                                                         _0972_ (net)
                      0.165180    0.000255    7.530428 v _1993_/A1 (sky130_fd_sc_hd__o31a_2)
     2    0.009453    0.067564    0.407223    7.937651 v _1993_/X (sky130_fd_sc_hd__o31a_2)
                                                         _0125_ (net)
                      0.067564    0.000122    7.937772 v _1994_/B (sky130_fd_sc_hd__or2_2)
     5    0.017105    0.091339    0.331923    8.269695 v _1994_/X (sky130_fd_sc_hd__or2_2)
                                                         _0126_ (net)
                      0.091339    0.000098    8.269794 v _2052_/A2 (sky130_fd_sc_hd__a311o_2)
     3    0.010303    0.074678    0.405487    8.675281 v _2052_/X (sky130_fd_sc_hd__a311o_2)
                                                         _0182_ (net)
                      0.074678    0.000041    8.675322 v _2068_/A2 (sky130_fd_sc_hd__a31o_2)
     1    0.002586    0.038977    0.234201    8.909522 v _2068_/X (sky130_fd_sc_hd__a31o_2)
                                                         _0197_ (net)
                      0.038977    0.000004    8.909526 v _2069_/B2 (sky130_fd_sc_hd__o221a_2)
     1    0.001900    0.040896    0.212410    9.121936 v _2069_/X (sky130_fd_sc_hd__o221a_2)
                                                         _0048_ (net)
                      0.040896    0.000002    9.121937 v _2120_/D (sky130_fd_sc_hd__dfxtp_2)
                                              9.121937   data arrival time

                                 20.000000   20.000000   clock aclk (rise edge)
                                  0.000000   20.000000   clock source latency
    50    0.152256    0.683598    0.471720   20.471722 ^ aclk (in)
                                                         aclk (net)
                      0.683617    0.000000   20.471722 ^ _2120_/CLK (sky130_fd_sc_hd__dfxtp_2)
                                 -0.250000   20.221722   clock uncertainty
                                  0.000000   20.221722   clock reconvergence pessimism
                                  0.011409   20.233131   library setup time
                                             20.233131   data required time
---------------------------------------------------------------------------------------------
                                             20.233131   data required time
                                             -9.121937   data arrival time
---------------------------------------------------------------------------------------------
                                             11.111194   slack (MET)


Startpoint: _2088_ (rising edge-triggered flip-flop clocked by aclk)
Endpoint: _2119_ (rising edge-triggered flip-flop clocked by aclk)
Path Group: aclk
Path Type: max

Fanout         Cap        Slew       Delay        Time   Description
---------------------------------------------------------------------------------------------
                                  0.000000    0.000000   clock aclk (rise edge)
                                  0.000000    0.000000   clock source latency
    50    0.152256    0.683598    0.473067    0.473067 ^ aclk (in)
                                                         aclk (net)
                      0.683638    0.000000    0.473067 ^ _2088_/CLK (sky130_fd_sc_hd__dfxtp_2)
    54    0.209787    1.038508    1.166601    1.639668 ^ _2088_/Q (sky130_fd_sc_hd__dfxtp_2)
                                                         internal_rssi[7] (net)
                      1.038508    0.002099    1.641767 ^ _1270_/A (sky130_fd_sc_hd__nand2_2)
    63    0.259769    1.052711    1.077259    2.719026 v _1270_/Y (sky130_fd_sc_hd__nand2_2)
                                                         _0408_ (net)
                      1.052740    0.006428    2.725454 v _1563_/A (sky130_fd_sc_hd__or3_2)
     3    0.010050    0.106290    0.817947    3.543401 v _1563_/X (sky130_fd_sc_hd__or3_2)
                                                         _0694_ (net)
                      0.106290    0.000056    3.543457 v _1566_/B1 (sky130_fd_sc_hd__o211a_2)
     2    0.004494    0.045536    0.161638    3.705095 v _1566_/X (sky130_fd_sc_hd__o211a_2)
                                                         _0697_ (net)
                      0.045536    0.000011    3.705106 v _1568_/A (sky130_fd_sc_hd__or3b_2)
     2    0.005995    0.089681    0.476762    4.181868 v _1568_/X (sky130_fd_sc_hd__or3b_2)
                                                         _0699_ (net)
                      0.089681    0.000011    4.181879 v _1571_/A (sky130_fd_sc_hd__and3_2)
     3    0.008476    0.051095    0.206928    4.388806 v _1571_/X (sky130_fd_sc_hd__and3_2)
                                                         _0702_ (net)
                      0.051095    0.000023    4.388829 v _1573_/B (sky130_fd_sc_hd__or3_2)
     2    0.006782    0.093153    0.466917    4.855746 v _1573_/X (sky130_fd_sc_hd__or3_2)
                                                         _0704_ (net)
                      0.093153    0.000006    4.855752 v _1577_/A1 (sky130_fd_sc_hd__a21o_2)
     3    0.008973    0.048813    0.221612    5.077364 v _1577_/X (sky130_fd_sc_hd__a21o_2)
                                                         _0708_ (net)
                      0.048813    0.000032    5.077396 v _1578_/C (sky130_fd_sc_hd__and3_2)
     2    0.006155    0.047371    0.216392    5.293788 v _1578_/X (sky130_fd_sc_hd__and3_2)
                                                         _0709_ (net)
                      0.047371    0.000002    5.293790 v _1581_/A (sky130_fd_sc_hd__or3_2)
     5    0.019225    0.124774    0.546238    5.840029 v _1581_/X (sky130_fd_sc_hd__or3_2)
                                                         _0712_ (net)
                      0.124774    0.000060    5.840088 v _1583_/B (sky130_fd_sc_hd__and3_2)
     3    0.007693    0.050951    0.241446    6.081534 v _1583_/X (sky130_fd_sc_hd__and3_2)
                                                         _0714_ (net)
                      0.050951    0.000009    6.081543 v _1589_/B (sky130_fd_sc_hd__or3_2)
     2    0.003006    0.077255    0.442384    6.523927 v _1589_/X (sky130_fd_sc_hd__or3_2)
                                                         _0719_ (net)
                      0.077255    0.000005    6.523932 v _1590_/C (sky130_fd_sc_hd__or3_2)
     1    0.004301    0.083648    0.422992    6.946925 v _1590_/X (sky130_fd_sc_hd__or3_2)
                                                         _0720_ (net)
                      0.083648    0.000006    6.946930 v _1593_/A2 (sky130_fd_sc_hd__o211ai_2)
     5    0.032531    0.409458    0.366545    7.313476 ^ _1593_/Y (sky130_fd_sc_hd__o211ai_2)
                                                         _0723_ (net)
                      0.409460    0.000734    7.314209 ^ _1850_/A1 (sky130_fd_sc_hd__a211oi_2)
     4    0.022658    0.165180    0.215964    7.530173 v _1850_/Y (sky130_fd_sc_hd__a211oi_2)
                                                         _0972_ (net)
                      0.165180    0.000255    7.530428 v _1993_/A1 (sky130_fd_sc_hd__o31a_2)
     2    0.009453    0.067564    0.407223    7.937651 v _1993_/X (sky130_fd_sc_hd__o31a_2)
                                                         _0125_ (net)
                      0.067564    0.000122    7.937772 v _1994_/B (sky130_fd_sc_hd__or2_2)
     5    0.017105    0.091339    0.331923    8.269695 v _1994_/X (sky130_fd_sc_hd__or2_2)
                                                         _0126_ (net)
                      0.091339    0.000098    8.269794 v _2052_/A2 (sky130_fd_sc_hd__a311o_2)
     3    0.010303    0.074678    0.405487    8.675281 v _2052_/X (sky130_fd_sc_hd__a311o_2)
                                                         _0182_ (net)
                      0.074678    0.000015    8.675296 v _2054_/A1 (sky130_fd_sc_hd__a21o_2)
     1    0.003223    0.036958    0.194214    8.869509 v _2054_/X (sky130_fd_sc_hd__a21o_2)
                                                         _0184_ (net)
                      0.036958    0.000013    8.869522 v _2055_/B1 (sky130_fd_sc_hd__o211a_2)
     1    0.002023    0.039854    0.120447    8.989969 v _2055_/X (sky130_fd_sc_hd__o211a_2)
                                                         _0047_ (net)
                      0.039854    0.000004    8.989972 v _2119_/D (sky130_fd_sc_hd__dfxtp_2)
                                              8.989972   data arrival time

                                 20.000000   20.000000   clock aclk (rise edge)
                                  0.000000   20.000000   clock source latency
    50    0.152256    0.683598    0.471651   20.471651 ^ aclk (in)
                                                         aclk (net)
                      0.683616    0.000000   20.471651 ^ _2119_/CLK (sky130_fd_sc_hd__dfxtp_2)
                                 -0.250000   20.221653   clock uncertainty
                                  0.000000   20.221653   clock reconvergence pessimism
                                  0.011854   20.233505   library setup time
                                             20.233505   data required time
---------------------------------------------------------------------------------------------
                                             20.233505   data required time
                                             -8.989972   data arrival time
---------------------------------------------------------------------------------------------
                                             11.243533   slack (MET)


Startpoint: m_axis_tready (input port clocked by aclk)
Endpoint: s_axis_tready (output port clocked by aclk)
Path Group: aclk
Path Type: max

Fanout         Cap        Slew       Delay        Time   Description
---------------------------------------------------------------------------------------------
                                  0.000000    0.000000   clock aclk (rise edge)
                                  0.000000    0.000000   clock network delay (propagated)
                                  4.000000    4.000000 ^ input external delay
     7    0.020311    0.097032    0.066533    4.066534 ^ m_axis_tready (in)
                                                         m_axis_tready (net)
                      0.097033    0.000000    4.066534 ^ _2122_/A (sky130_fd_sc_hd__buf_2)
     1    0.034401    0.170971    0.218052    4.284585 ^ _2122_/X (sky130_fd_sc_hd__buf_2)
                                                         s_axis_tready (net)
                      0.170971    0.000165    4.284750 ^ s_axis_tready (out)
                                              4.284750   data arrival time

                                 20.000000   20.000000   clock aclk (rise edge)
                                  0.000000   20.000000   clock network delay (propagated)
                                 -0.250000   19.750002   clock uncertainty
                                  0.000000   19.750002   clock reconvergence pessimism
                                 -4.000000   15.750001   output external delay
                                             15.750001   data required time
---------------------------------------------------------------------------------------------
                                             15.750001   data required time
                                             -4.284750   data arrival time
---------------------------------------------------------------------------------------------
                                             11.465250   slack (MET)


Startpoint: _2088_ (rising edge-triggered flip-flop clocked by aclk)
Endpoint: _2118_ (rising edge-triggered flip-flop clocked by aclk)
Path Group: aclk
Path Type: max

Fanout         Cap        Slew       Delay        Time   Description
---------------------------------------------------------------------------------------------
                                  0.000000    0.000000   clock aclk (rise edge)
                                  0.000000    0.000000   clock source latency
    50    0.152256    0.683598    0.473067    0.473067 ^ aclk (in)
                                                         aclk (net)
                      0.683638    0.000000    0.473067 ^ _2088_/CLK (sky130_fd_sc_hd__dfxtp_2)
    54    0.209787    1.038508    1.166601    1.639668 ^ _2088_/Q (sky130_fd_sc_hd__dfxtp_2)
                                                         internal_rssi[7] (net)
                      1.038508    0.002099    1.641767 ^ _1270_/A (sky130_fd_sc_hd__nand2_2)
    63    0.259769    1.052711    1.077259    2.719026 v _1270_/Y (sky130_fd_sc_hd__nand2_2)
                                                         _0408_ (net)
                      1.052740    0.006428    2.725454 v _1563_/A (sky130_fd_sc_hd__or3_2)
     3    0.010050    0.106290    0.817947    3.543401 v _1563_/X (sky130_fd_sc_hd__or3_2)
                                                         _0694_ (net)
                      0.106290    0.000056    3.543457 v _1566_/B1 (sky130_fd_sc_hd__o211a_2)
     2    0.004494    0.045536    0.161638    3.705095 v _1566_/X (sky130_fd_sc_hd__o211a_2)
                                                         _0697_ (net)
                      0.045536    0.000011    3.705106 v _1568_/A (sky130_fd_sc_hd__or3b_2)
     2    0.005995    0.089681    0.476762    4.181868 v _1568_/X (sky130_fd_sc_hd__or3b_2)
                                                         _0699_ (net)
                      0.089681    0.000011    4.181879 v _1571_/A (sky130_fd_sc_hd__and3_2)
     3    0.008476    0.051095    0.206928    4.388806 v _1571_/X (sky130_fd_sc_hd__and3_2)
                                                         _0702_ (net)
                      0.051095    0.000023    4.388829 v _1573_/B (sky130_fd_sc_hd__or3_2)
     2    0.006782    0.093153    0.466917    4.855746 v _1573_/X (sky130_fd_sc_hd__or3_2)
                                                         _0704_ (net)
                      0.093153    0.000006    4.855752 v _1577_/A1 (sky130_fd_sc_hd__a21o_2)
     3    0.008973    0.048813    0.221612    5.077364 v _1577_/X (sky130_fd_sc_hd__a21o_2)
                                                         _0708_ (net)
                      0.048813    0.000032    5.077396 v _1578_/C (sky130_fd_sc_hd__and3_2)
     2    0.006155    0.047371    0.216392    5.293788 v _1578_/X (sky130_fd_sc_hd__and3_2)
                                                         _0709_ (net)
                      0.047371    0.000002    5.293790 v _1581_/A (sky130_fd_sc_hd__or3_2)
     5    0.019225    0.124774    0.546238    5.840029 v _1581_/X (sky130_fd_sc_hd__or3_2)
                                                         _0712_ (net)
                      0.124774    0.000060    5.840088 v _1583_/B (sky130_fd_sc_hd__and3_2)
     3    0.007693    0.050951    0.241446    6.081534 v _1583_/X (sky130_fd_sc_hd__and3_2)
                                                         _0714_ (net)
                      0.050951    0.000009    6.081543 v _1589_/B (sky130_fd_sc_hd__or3_2)
     2    0.003006    0.077255    0.442384    6.523927 v _1589_/X (sky130_fd_sc_hd__or3_2)
                                                         _0719_ (net)
                      0.077255    0.000005    6.523932 v _1590_/C (sky130_fd_sc_hd__or3_2)
     1    0.004301    0.083648    0.422992    6.946925 v _1590_/X (sky130_fd_sc_hd__or3_2)
                                                         _0720_ (net)
                      0.083648    0.000006    6.946930 v _1593_/A2 (sky130_fd_sc_hd__o211ai_2)
     5    0.032531    0.409458    0.366545    7.313476 ^ _1593_/Y (sky130_fd_sc_hd__o211ai_2)
                                                         _0723_ (net)
                      0.409460    0.000734    7.314209 ^ _1850_/A1 (sky130_fd_sc_hd__a211oi_2)
     4    0.022658    0.165180    0.215964    7.530173 v _1850_/Y (sky130_fd_sc_hd__a211oi_2)
                                                         _0972_ (net)
                      0.165180    0.000255    7.530428 v _1993_/A1 (sky130_fd_sc_hd__o31a_2)
     2    0.009453    0.067564    0.407223    7.937651 v _1993_/X (sky130_fd_sc_hd__o31a_2)
                                                         _0125_ (net)
                      0.067564    0.000122    7.937772 v _1994_/B (sky130_fd_sc_hd__or2_2)
     5    0.017105    0.091339    0.331923    8.269695 v _1994_/X (sky130_fd_sc_hd__or2_2)
                                                         _0126_ (net)
                      0.091339    0.000129    8.269824 v _2028_/A2 (sky130_fd_sc_hd__a31o_2)
     1    0.002607    0.039040    0.241279    8.511104 v _2028_/X (sky130_fd_sc_hd__a31o_2)
                                                         _0159_ (net)
                      0.039040    0.000004    8.511107 v _2029_/B2 (sky130_fd_sc_hd__o221a_2)
     1    0.001871    0.040805    0.212273    8.723380 v _2029_/X (sky130_fd_sc_hd__o221a_2)
                                                         _0046_ (net)
                      0.040805    0.000002    8.723382 v _2118_/D (sky130_fd_sc_hd__dfxtp_2)
                                              8.723382   data arrival time

                                 20.000000   20.000000   clock aclk (rise edge)
                                  0.000000   20.000000   clock source latency
    50    0.152256    0.683598    0.471708   20.471708 ^ aclk (in)
                                                         aclk (net)
                      0.683617    0.000000   20.471708 ^ _2118_/CLK (sky130_fd_sc_hd__dfxtp_2)
                                 -0.250000   20.221710   clock uncertainty
                                  0.000000   20.221710   clock reconvergence pessimism
                                  0.011448   20.233158   library setup time
                                             20.233158   data required time
---------------------------------------------------------------------------------------------
                                             20.233158   data required time
                                             -8.723382   data arrival time
---------------------------------------------------------------------------------------------
                                             11.509776   slack (MET)


Startpoint: _2088_ (rising edge-triggered flip-flop clocked by aclk)
Endpoint: _2117_ (rising edge-triggered flip-flop clocked by aclk)
Path Group: aclk
Path Type: max

Fanout         Cap        Slew       Delay        Time   Description
---------------------------------------------------------------------------------------------
                                  0.000000    0.000000   clock aclk (rise edge)
                                  0.000000    0.000000   clock source latency
    50    0.152256    0.683598    0.473067    0.473067 ^ aclk (in)
                                                         aclk (net)
                      0.683638    0.000000    0.473067 ^ _2088_/CLK (sky130_fd_sc_hd__dfxtp_2)
    54    0.209787    1.038508    1.166601    1.639668 ^ _2088_/Q (sky130_fd_sc_hd__dfxtp_2)
                                                         internal_rssi[7] (net)
                      1.038508    0.002099    1.641767 ^ _1270_/A (sky130_fd_sc_hd__nand2_2)
    63    0.259769    1.052711    1.077259    2.719026 v _1270_/Y (sky130_fd_sc_hd__nand2_2)
                                                         _0408_ (net)
                      1.052740    0.006428    2.725454 v _1563_/A (sky130_fd_sc_hd__or3_2)
     3    0.010050    0.106290    0.817947    3.543401 v _1563_/X (sky130_fd_sc_hd__or3_2)
                                                         _0694_ (net)
                      0.106290    0.000056    3.543457 v _1566_/B1 (sky130_fd_sc_hd__o211a_2)
     2    0.004494    0.045536    0.161638    3.705095 v _1566_/X (sky130_fd_sc_hd__o211a_2)
                                                         _0697_ (net)
                      0.045536    0.000011    3.705106 v _1568_/A (sky130_fd_sc_hd__or3b_2)
     2    0.005995    0.089681    0.476762    4.181868 v _1568_/X (sky130_fd_sc_hd__or3b_2)
                                                         _0699_ (net)
                      0.089681    0.000011    4.181879 v _1571_/A (sky130_fd_sc_hd__and3_2)
     3    0.008476    0.051095    0.206928    4.388806 v _1571_/X (sky130_fd_sc_hd__and3_2)
                                                         _0702_ (net)
                      0.051095    0.000023    4.388829 v _1573_/B (sky130_fd_sc_hd__or3_2)
     2    0.006782    0.093153    0.466917    4.855746 v _1573_/X (sky130_fd_sc_hd__or3_2)
                                                         _0704_ (net)
                      0.093153    0.000006    4.855752 v _1577_/A1 (sky130_fd_sc_hd__a21o_2)
     3    0.008973    0.048813    0.221612    5.077364 v _1577_/X (sky130_fd_sc_hd__a21o_2)
                                                         _0708_ (net)
                      0.048813    0.000032    5.077396 v _1578_/C (sky130_fd_sc_hd__and3_2)
     2    0.006155    0.047371    0.216392    5.293788 v _1578_/X (sky130_fd_sc_hd__and3_2)
                                                         _0709_ (net)
                      0.047371    0.000002    5.293790 v _1581_/A (sky130_fd_sc_hd__or3_2)
     5    0.019225    0.124774    0.546238    5.840029 v _1581_/X (sky130_fd_sc_hd__or3_2)
                                                         _0712_ (net)
                      0.124774    0.000060    5.840088 v _1583_/B (sky130_fd_sc_hd__and3_2)
     3    0.007693    0.050951    0.241446    6.081534 v _1583_/X (sky130_fd_sc_hd__and3_2)
                                                         _0714_ (net)
                      0.050951    0.000009    6.081543 v _1589_/B (sky130_fd_sc_hd__or3_2)
     2    0.003006    0.077255    0.442384    6.523927 v _1589_/X (sky130_fd_sc_hd__or3_2)
                                                         _0719_ (net)
                      0.077255    0.000005    6.523932 v _1590_/C (sky130_fd_sc_hd__or3_2)
     1    0.004301    0.083648    0.422992    6.946925 v _1590_/X (sky130_fd_sc_hd__or3_2)
                                                         _0720_ (net)
                      0.083648    0.000006    6.946930 v _1593_/A2 (sky130_fd_sc_hd__o211ai_2)
     5    0.032531    0.409458    0.366545    7.313476 ^ _1593_/Y (sky130_fd_sc_hd__o211ai_2)
                                                         _0723_ (net)
                      0.409460    0.000734    7.314209 ^ _1850_/A1 (sky130_fd_sc_hd__a211oi_2)
     4    0.022658    0.165180    0.215964    7.530173 v _1850_/Y (sky130_fd_sc_hd__a211oi_2)
                                                         _0972_ (net)
                      0.165180    0.000255    7.530428 v _1993_/A1 (sky130_fd_sc_hd__o31a_2)
     2    0.009453    0.067564    0.407223    7.937651 v _1993_/X (sky130_fd_sc_hd__o31a_2)
                                                         _0125_ (net)
                      0.067564    0.000122    7.937772 v _1994_/B (sky130_fd_sc_hd__or2_2)
     5    0.017105    0.091339    0.331923    8.269695 v _1994_/X (sky130_fd_sc_hd__or2_2)
                                                         _0126_ (net)
                      0.091339    0.000010    8.269705 v _1996_/A (sky130_fd_sc_hd__and2_2)
     1    0.002322    0.035691    0.180514    8.450219 v _1996_/X (sky130_fd_sc_hd__and2_2)
                                                         _0128_ (net)
                      0.035691    0.000002    8.450221 v _1998_/A2 (sky130_fd_sc_hd__o211a_2)
     1    0.001752    0.038786    0.221445    8.671666 v _1998_/X (sky130_fd_sc_hd__o211a_2)
                                                         _0045_ (net)
                      0.038786    0.000000    8.671667 v _2117_/D (sky130_fd_sc_hd__dfxtp_2)
                                              8.671667   data arrival time

                                 20.000000   20.000000   clock aclk (rise edge)
                                  0.000000   20.000000   clock source latency
    50    0.152256    0.683598    0.471383   20.471384 ^ aclk (in)
                                                         aclk (net)
                      0.683613    0.000000   20.471384 ^ _2117_/CLK (sky130_fd_sc_hd__dfxtp_2)
                                 -0.250000   20.221384   clock uncertainty
                                  0.000000   20.221384   clock reconvergence pessimism
                                  0.012309   20.233692   library setup time
                                             20.233692   data required time
---------------------------------------------------------------------------------------------
                                             20.233692   data required time
                                             -8.671667   data arrival time
---------------------------------------------------------------------------------------------
                                             11.562025   slack (MET)


Startpoint: _2088_ (rising edge-triggered flip-flop clocked by aclk)
Endpoint: _2116_ (rising edge-triggered flip-flop clocked by aclk)
Path Group: aclk
Path Type: max

Fanout         Cap        Slew       Delay        Time   Description
---------------------------------------------------------------------------------------------
                                  0.000000    0.000000   clock aclk (rise edge)
                                  0.000000    0.000000   clock source latency
    50    0.152256    0.683598    0.473067    0.473067 ^ aclk (in)
                                                         aclk (net)
                      0.683638    0.000000    0.473067 ^ _2088_/CLK (sky130_fd_sc_hd__dfxtp_2)
    54    0.209787    1.038508    1.166601    1.639668 ^ _2088_/Q (sky130_fd_sc_hd__dfxtp_2)
                                                         internal_rssi[7] (net)
                      1.038508    0.002099    1.641767 ^ _1270_/A (sky130_fd_sc_hd__nand2_2)
    63    0.259769    1.052711    1.077259    2.719026 v _1270_/Y (sky130_fd_sc_hd__nand2_2)
                                                         _0408_ (net)
                      1.052740    0.006428    2.725454 v _1563_/A (sky130_fd_sc_hd__or3_2)
     3    0.010050    0.106290    0.817947    3.543401 v _1563_/X (sky130_fd_sc_hd__or3_2)
                                                         _0694_ (net)
                      0.106290    0.000056    3.543457 v _1566_/B1 (sky130_fd_sc_hd__o211a_2)
     2    0.004494    0.045536    0.161638    3.705095 v _1566_/X (sky130_fd_sc_hd__o211a_2)
                                                         _0697_ (net)
                      0.045536    0.000011    3.705106 v _1568_/A (sky130_fd_sc_hd__or3b_2)
     2    0.005995    0.089681    0.476762    4.181868 v _1568_/X (sky130_fd_sc_hd__or3b_2)
                                                         _0699_ (net)
                      0.089681    0.000011    4.181879 v _1571_/A (sky130_fd_sc_hd__and3_2)
     3    0.008476    0.051095    0.206928    4.388806 v _1571_/X (sky130_fd_sc_hd__and3_2)
                                                         _0702_ (net)
                      0.051095    0.000023    4.388829 v _1573_/B (sky130_fd_sc_hd__or3_2)
     2    0.006782    0.093153    0.466917    4.855746 v _1573_/X (sky130_fd_sc_hd__or3_2)
                                                         _0704_ (net)
                      0.093153    0.000006    4.855752 v _1577_/A1 (sky130_fd_sc_hd__a21o_2)
     3    0.008973    0.048813    0.221612    5.077364 v _1577_/X (sky130_fd_sc_hd__a21o_2)
                                                         _0708_ (net)
                      0.048813    0.000032    5.077396 v _1578_/C (sky130_fd_sc_hd__and3_2)
     2    0.006155    0.047371    0.216392    5.293788 v _1578_/X (sky130_fd_sc_hd__and3_2)
                                                         _0709_ (net)
                      0.047371    0.000002    5.293790 v _1581_/A (sky130_fd_sc_hd__or3_2)
     5    0.019225    0.124774    0.546238    5.840029 v _1581_/X (sky130_fd_sc_hd__or3_2)
                                                         _0712_ (net)
                      0.124774    0.000060    5.840088 v _1583_/B (sky130_fd_sc_hd__and3_2)
     3    0.007693    0.050951    0.241446    6.081534 v _1583_/X (sky130_fd_sc_hd__and3_2)
                                                         _0714_ (net)
                      0.050951    0.000009    6.081543 v _1589_/B (sky130_fd_sc_hd__or3_2)
     2    0.003006    0.077255    0.442384    6.523927 v _1589_/X (sky130_fd_sc_hd__or3_2)
                                                         _0719_ (net)
                      0.077255    0.000005    6.523932 v _1590_/C (sky130_fd_sc_hd__or3_2)
     1    0.004301    0.083648    0.422992    6.946925 v _1590_/X (sky130_fd_sc_hd__or3_2)
                                                         _0720_ (net)
                      0.083648    0.000006    6.946930 v _1593_/A2 (sky130_fd_sc_hd__o211ai_2)
     5    0.032531    0.409458    0.366545    7.313476 ^ _1593_/Y (sky130_fd_sc_hd__o211ai_2)
                                                         _0723_ (net)
                      0.409460    0.000734    7.314209 ^ _1850_/A1 (sky130_fd_sc_hd__a211oi_2)
     4    0.022658    0.165180    0.215964    7.530173 v _1850_/Y (sky130_fd_sc_hd__a211oi_2)
                                                         _0972_ (net)
                      0.165180    0.000253    7.530427 v _1931_/A1 (sky130_fd_sc_hd__o21bai_2)
     2    0.014220    0.205829    0.253761    7.784187 ^ _1931_/Y (sky130_fd_sc_hd__o21bai_2)
                                                         _0065_ (net)
                      0.205829    0.000049    7.784235 ^ _1932_/B (sky130_fd_sc_hd__nand2_2)
     2    0.007349    0.059262    0.088822    7.873058 v _1932_/Y (sky130_fd_sc_hd__nand2_2)
                                                         _0066_ (net)
                      0.059262    0.000018    7.873076 v _1963_/A2 (sky130_fd_sc_hd__a31o_2)
     1    0.002502    0.038719    0.227322    8.100398 v _1963_/X (sky130_fd_sc_hd__a31o_2)
                                                         _0096_ (net)
                      0.038719    0.000003    8.100401 v _1964_/B2 (sky130_fd_sc_hd__o221a_2)
     1    0.001704    0.040266    0.211216    8.311617 v _1964_/X (sky130_fd_sc_hd__o221a_2)
                                                         _0044_ (net)
                      0.040266    0.000000    8.311617 v _2116_/D (sky130_fd_sc_hd__dfxtp_2)
                                              8.311617   data arrival time

                                 20.000000   20.000000   clock aclk (rise edge)
                                  0.000000   20.000000   clock source latency
    50    0.152256    0.683598    0.470836   20.470837 ^ aclk (in)
                                                         aclk (net)
                      0.683608    0.000000   20.470837 ^ _2116_/CLK (sky130_fd_sc_hd__dfxtp_2)
                                 -0.250000   20.220837   clock uncertainty
                                  0.000000   20.220837   clock reconvergence pessimism
                                  0.011677   20.232515   library setup time
                                             20.232515   data required time
---------------------------------------------------------------------------------------------
                                             20.232515   data required time
                                             -8.311617   data arrival time
---------------------------------------------------------------------------------------------
                                             11.920898   slack (MET)


Startpoint: _2088_ (rising edge-triggered flip-flop clocked by aclk)
Endpoint: _2112_ (rising edge-triggered flip-flop clocked by aclk)
Path Group: aclk
Path Type: max

Fanout         Cap        Slew       Delay        Time   Description
---------------------------------------------------------------------------------------------
                                  0.000000    0.000000   clock aclk (rise edge)
                                  0.000000    0.000000   clock source latency
    50    0.152256    0.683598    0.473067    0.473067 ^ aclk (in)
                                                         aclk (net)
                      0.683638    0.000000    0.473067 ^ _2088_/CLK (sky130_fd_sc_hd__dfxtp_2)
    54    0.209787    1.038508    1.166601    1.639668 ^ _2088_/Q (sky130_fd_sc_hd__dfxtp_2)
                                                         internal_rssi[7] (net)
                      1.038508    0.002099    1.641767 ^ _1270_/A (sky130_fd_sc_hd__nand2_2)
    63    0.259769    1.052711    1.077259    2.719026 v _1270_/Y (sky130_fd_sc_hd__nand2_2)
                                                         _0408_ (net)
                      1.052740    0.006428    2.725454 v _1563_/A (sky130_fd_sc_hd__or3_2)
     3    0.010050    0.106290    0.817947    3.543401 v _1563_/X (sky130_fd_sc_hd__or3_2)
                                                         _0694_ (net)
                      0.106290    0.000056    3.543457 v _1566_/B1 (sky130_fd_sc_hd__o211a_2)
     2    0.004494    0.045536    0.161638    3.705095 v _1566_/X (sky130_fd_sc_hd__o211a_2)
                                                         _0697_ (net)
                      0.045536    0.000011    3.705106 v _1568_/A (sky130_fd_sc_hd__or3b_2)
     2    0.005995    0.089681    0.476762    4.181868 v _1568_/X (sky130_fd_sc_hd__or3b_2)
                                                         _0699_ (net)
                      0.089681    0.000011    4.181879 v _1571_/A (sky130_fd_sc_hd__and3_2)
     3    0.008476    0.051095    0.206928    4.388806 v _1571_/X (sky130_fd_sc_hd__and3_2)
                                                         _0702_ (net)
                      0.051095    0.000023    4.388829 v _1573_/B (sky130_fd_sc_hd__or3_2)
     2    0.006782    0.093153    0.466917    4.855746 v _1573_/X (sky130_fd_sc_hd__or3_2)
                                                         _0704_ (net)
                      0.093153    0.000006    4.855752 v _1577_/A1 (sky130_fd_sc_hd__a21o_2)
     3    0.008973    0.048813    0.221612    5.077364 v _1577_/X (sky130_fd_sc_hd__a21o_2)
                                                         _0708_ (net)
                      0.048813    0.000032    5.077396 v _1578_/C (sky130_fd_sc_hd__and3_2)
     2    0.006155    0.047371    0.216392    5.293788 v _1578_/X (sky130_fd_sc_hd__and3_2)
                                                         _0709_ (net)
                      0.047371    0.000002    5.293790 v _1581_/A (sky130_fd_sc_hd__or3_2)
     5    0.019225    0.124774    0.546238    5.840029 v _1581_/X (sky130_fd_sc_hd__or3_2)
                                                         _0712_ (net)
                      0.124774    0.000060    5.840088 v _1583_/B (sky130_fd_sc_hd__and3_2)
     3    0.007693    0.050951    0.241446    6.081534 v _1583_/X (sky130_fd_sc_hd__and3_2)
                                                         _0714_ (net)
                      0.050951    0.000009    6.081543 v _1589_/B (sky130_fd_sc_hd__or3_2)
     2    0.003006    0.077255    0.442384    6.523927 v _1589_/X (sky130_fd_sc_hd__or3_2)
                                                         _0719_ (net)
                      0.077255    0.000005    6.523932 v _1590_/C (sky130_fd_sc_hd__or3_2)
     1    0.004301    0.083648    0.422992    6.946925 v _1590_/X (sky130_fd_sc_hd__or3_2)
                                                         _0720_ (net)
                      0.083648    0.000006    6.946930 v _1593_/A2 (sky130_fd_sc_hd__o211ai_2)
     5    0.032531    0.409458    0.366545    7.313476 ^ _1593_/Y (sky130_fd_sc_hd__o211ai_2)
                                                         _0723_ (net)
                      0.409460    0.000743    7.314219 ^ _1748_/A1 (sky130_fd_sc_hd__a21oi_2)
     3    0.016729    0.129469    0.160666    7.474885 v _1748_/Y (sky130_fd_sc_hd__a21oi_2)
                                                         _0874_ (net)
                      0.129469    0.000047    7.474932 v _1812_/A1 (sky130_fd_sc_hd__o21ai_2)
     2    0.014015    0.200129    0.237210    7.712142 ^ _1812_/Y (sky130_fd_sc_hd__o21ai_2)
                                                         _0936_ (net)
                      0.200129    0.000056    7.712198 ^ _1813_/B (sky130_fd_sc_hd__nand2_2)
     2    0.007524    0.087339    0.088670    7.800869 v _1813_/Y (sky130_fd_sc_hd__nand2_2)
                                                         _0937_ (net)
                      0.087339    0.000025    7.800893 v _1843_/A2 (sky130_fd_sc_hd__a31o_2)
     1    0.002729    0.039410    0.240220    8.041114 v _1843_/X (sky130_fd_sc_hd__a31o_2)
                                                         _0966_ (net)
                      0.039410    0.000009    8.041122 v _1844_/B2 (sky130_fd_sc_hd__o221a_2)
     1    0.002075    0.041460    0.213552    8.254675 v _1844_/X (sky130_fd_sc_hd__o221a_2)
                                                         _0040_ (net)
                      0.041460    0.000004    8.254678 v _2112_/D (sky130_fd_sc_hd__dfxtp_2)
                                              8.254678   data arrival time

                                 20.000000   20.000000   clock aclk (rise edge)
                                  0.000000   20.000000   clock source latency
    50    0.152256    0.683598    0.469774   20.469774 ^ aclk (in)
                                                         aclk (net)
                      0.683600    0.000000   20.469774 ^ _2112_/CLK (sky130_fd_sc_hd__dfxtp_2)
                                 -0.250000   20.219774   clock uncertainty
                                  0.000000   20.219774   clock reconvergence pessimism
                                  0.011168   20.230944   library setup time
                                             20.230944   data required time
---------------------------------------------------------------------------------------------
                                             20.230944   data required time
                                             -8.254678   data arrival time
---------------------------------------------------------------------------------------------
                                             11.976265   slack (MET)


Startpoint: _2088_ (rising edge-triggered flip-flop clocked by aclk)
Endpoint: _2115_ (rising edge-triggered flip-flop clocked by aclk)
Path Group: aclk
Path Type: max

Fanout         Cap        Slew       Delay        Time   Description
---------------------------------------------------------------------------------------------
                                  0.000000    0.000000   clock aclk (rise edge)
                                  0.000000    0.000000   clock source latency
    50    0.152256    0.683598    0.473067    0.473067 ^ aclk (in)
                                                         aclk (net)
                      0.683638    0.000000    0.473067 ^ _2088_/CLK (sky130_fd_sc_hd__dfxtp_2)
    54    0.209787    1.038508    1.166601    1.639668 ^ _2088_/Q (sky130_fd_sc_hd__dfxtp_2)
                                                         internal_rssi[7] (net)
                      1.038508    0.002099    1.641767 ^ _1270_/A (sky130_fd_sc_hd__nand2_2)
    63    0.259769    1.052711    1.077259    2.719026 v _1270_/Y (sky130_fd_sc_hd__nand2_2)
                                                         _0408_ (net)
                      1.052740    0.006428    2.725454 v _1563_/A (sky130_fd_sc_hd__or3_2)
     3    0.010050    0.106290    0.817947    3.543401 v _1563_/X (sky130_fd_sc_hd__or3_2)
                                                         _0694_ (net)
                      0.106290    0.000056    3.543457 v _1566_/B1 (sky130_fd_sc_hd__o211a_2)
     2    0.004494    0.045536    0.161638    3.705095 v _1566_/X (sky130_fd_sc_hd__o211a_2)
                                                         _0697_ (net)
                      0.045536    0.000011    3.705106 v _1568_/A (sky130_fd_sc_hd__or3b_2)
     2    0.005995    0.089681    0.476762    4.181868 v _1568_/X (sky130_fd_sc_hd__or3b_2)
                                                         _0699_ (net)
                      0.089681    0.000011    4.181879 v _1571_/A (sky130_fd_sc_hd__and3_2)
     3    0.008476    0.051095    0.206928    4.388806 v _1571_/X (sky130_fd_sc_hd__and3_2)
                                                         _0702_ (net)
                      0.051095    0.000023    4.388829 v _1573_/B (sky130_fd_sc_hd__or3_2)
     2    0.006782    0.093153    0.466917    4.855746 v _1573_/X (sky130_fd_sc_hd__or3_2)
                                                         _0704_ (net)
                      0.093153    0.000006    4.855752 v _1577_/A1 (sky130_fd_sc_hd__a21o_2)
     3    0.008973    0.048813    0.221612    5.077364 v _1577_/X (sky130_fd_sc_hd__a21o_2)
                                                         _0708_ (net)
                      0.048813    0.000032    5.077396 v _1578_/C (sky130_fd_sc_hd__and3_2)
     2    0.006155    0.047371    0.216392    5.293788 v _1578_/X (sky130_fd_sc_hd__and3_2)
                                                         _0709_ (net)
                      0.047371    0.000002    5.293790 v _1581_/A (sky130_fd_sc_hd__or3_2)
     5    0.019225    0.124774    0.546238    5.840029 v _1581_/X (sky130_fd_sc_hd__or3_2)
                                                         _0712_ (net)
                      0.124774    0.000060    5.840088 v _1583_/B (sky130_fd_sc_hd__and3_2)
     3    0.007693    0.050951    0.241446    6.081534 v _1583_/X (sky130_fd_sc_hd__and3_2)
                                                         _0714_ (net)
                      0.050951    0.000009    6.081543 v _1589_/B (sky130_fd_sc_hd__or3_2)
     2    0.003006    0.077255    0.442384    6.523927 v _1589_/X (sky130_fd_sc_hd__or3_2)
                                                         _0719_ (net)
                      0.077255    0.000005    6.523932 v _1590_/C (sky130_fd_sc_hd__or3_2)
     1    0.004301    0.083648    0.422992    6.946925 v _1590_/X (sky130_fd_sc_hd__or3_2)
                                                         _0720_ (net)
                      0.083648    0.000006    6.946930 v _1593_/A2 (sky130_fd_sc_hd__o211ai_2)
     5    0.032531    0.409458    0.366545    7.313476 ^ _1593_/Y (sky130_fd_sc_hd__o211ai_2)
                                                         _0723_ (net)
                      0.409460    0.000734    7.314209 ^ _1850_/A1 (sky130_fd_sc_hd__a211oi_2)
     4    0.022658    0.165180    0.215964    7.530173 v _1850_/Y (sky130_fd_sc_hd__a211oi_2)
                                                         _0972_ (net)
                      0.165180    0.000253    7.530427 v _1931_/A1 (sky130_fd_sc_hd__o21bai_2)
     2    0.014220    0.205829    0.253761    7.784187 ^ _1931_/Y (sky130_fd_sc_hd__o21bai_2)
                                                         _0065_ (net)
                      0.205829    0.000063    7.784250 ^ _1933_/B (sky130_fd_sc_hd__xnor2_2)
     1    0.004816    0.123680    0.136557    7.920807 ^ _1933_/Y (sky130_fd_sc_hd__xnor2_2)
                                                         _0067_ (net)
                      0.123680    0.000005    7.920813 ^ _1934_/B (sky130_fd_sc_hd__nand2_2)
     1    0.002408    0.114646    0.057585    7.978398 v _1934_/Y (sky130_fd_sc_hd__nand2_2)
                                                         _0068_ (net)
                      0.114646    0.000002    7.978399 v _1935_/B1 (sky130_fd_sc_hd__o211a_2)
     1    0.001798    0.039113    0.155199    8.133599 v _1935_/X (sky130_fd_sc_hd__o211a_2)
                                                         _0043_ (net)
                      0.039113    0.000000    8.133600 v _2115_/D (sky130_fd_sc_hd__dfxtp_2)
                                              8.133600   data arrival time

                                 20.000000   20.000000   clock aclk (rise edge)
                                  0.000000   20.000000   clock source latency
    50    0.152256    0.683598    0.470619   20.470619 ^ aclk (in)
                                                         aclk (net)
                      0.683606    0.000000   20.470619 ^ _2115_/CLK (sky130_fd_sc_hd__dfxtp_2)
                                 -0.250000   20.220621   clock uncertainty
                                  0.000000   20.220621   clock reconvergence pessimism
                                  0.012168   20.232788   library setup time
                                             20.232788   data required time
---------------------------------------------------------------------------------------------
                                             20.232788   data required time
                                             -8.133600   data arrival time
---------------------------------------------------------------------------------------------
                                             12.099189   slack (MET)


Startpoint: _2088_ (rising edge-triggered flip-flop clocked by aclk)
Endpoint: _2110_ (rising edge-triggered flip-flop clocked by aclk)
Path Group: aclk
Path Type: max

Fanout         Cap        Slew       Delay        Time   Description
---------------------------------------------------------------------------------------------
                                  0.000000    0.000000   clock aclk (rise edge)
                                  0.000000    0.000000   clock source latency
    50    0.152256    0.683598    0.473067    0.473067 ^ aclk (in)
                                                         aclk (net)
                      0.683638    0.000000    0.473067 ^ _2088_/CLK (sky130_fd_sc_hd__dfxtp_2)
    54    0.209787    1.038508    1.166601    1.639668 ^ _2088_/Q (sky130_fd_sc_hd__dfxtp_2)
                                                         internal_rssi[7] (net)
                      1.038508    0.002099    1.641767 ^ _1270_/A (sky130_fd_sc_hd__nand2_2)
    63    0.259769    1.052711    1.077259    2.719026 v _1270_/Y (sky130_fd_sc_hd__nand2_2)
                                                         _0408_ (net)
                      1.052740    0.006428    2.725454 v _1563_/A (sky130_fd_sc_hd__or3_2)
     3    0.010050    0.106290    0.817947    3.543401 v _1563_/X (sky130_fd_sc_hd__or3_2)
                                                         _0694_ (net)
                      0.106290    0.000056    3.543457 v _1566_/B1 (sky130_fd_sc_hd__o211a_2)
     2    0.004494    0.045536    0.161638    3.705095 v _1566_/X (sky130_fd_sc_hd__o211a_2)
                                                         _0697_ (net)
                      0.045536    0.000011    3.705106 v _1568_/A (sky130_fd_sc_hd__or3b_2)
     2    0.005995    0.089681    0.476762    4.181868 v _1568_/X (sky130_fd_sc_hd__or3b_2)
                                                         _0699_ (net)
                      0.089681    0.000011    4.181879 v _1571_/A (sky130_fd_sc_hd__and3_2)
     3    0.008476    0.051095    0.206928    4.388806 v _1571_/X (sky130_fd_sc_hd__and3_2)
                                                         _0702_ (net)
                      0.051095    0.000023    4.388829 v _1573_/B (sky130_fd_sc_hd__or3_2)
     2    0.006782    0.093153    0.466917    4.855746 v _1573_/X (sky130_fd_sc_hd__or3_2)
                                                         _0704_ (net)
                      0.093153    0.000006    4.855752 v _1577_/A1 (sky130_fd_sc_hd__a21o_2)
     3    0.008973    0.048813    0.221612    5.077364 v _1577_/X (sky130_fd_sc_hd__a21o_2)
                                                         _0708_ (net)
                      0.048813    0.000032    5.077396 v _1578_/C (sky130_fd_sc_hd__and3_2)
     2    0.006155    0.047371    0.216392    5.293788 v _1578_/X (sky130_fd_sc_hd__and3_2)
                                                         _0709_ (net)
                      0.047371    0.000002    5.293790 v _1581_/A (sky130_fd_sc_hd__or3_2)
     5    0.019225    0.124774    0.546238    5.840029 v _1581_/X (sky130_fd_sc_hd__or3_2)
                                                         _0712_ (net)
                      0.124774    0.000060    5.840088 v _1583_/B (sky130_fd_sc_hd__and3_2)
     3    0.007693    0.050951    0.241446    6.081534 v _1583_/X (sky130_fd_sc_hd__and3_2)
                                                         _0714_ (net)
                      0.050951    0.000009    6.081543 v _1589_/B (sky130_fd_sc_hd__or3_2)
     2    0.003006    0.077255    0.442384    6.523927 v _1589_/X (sky130_fd_sc_hd__or3_2)
                                                         _0719_ (net)
                      0.077255    0.000005    6.523932 v _1590_/C (sky130_fd_sc_hd__or3_2)
     1    0.004301    0.083648    0.422992    6.946925 v _1590_/X (sky130_fd_sc_hd__or3_2)
                                                         _0720_ (net)
                      0.083648    0.000006    6.946930 v _1593_/A2 (sky130_fd_sc_hd__o211ai_2)
     5    0.032531    0.409458    0.366545    7.313476 ^ _1593_/Y (sky130_fd_sc_hd__o211ai_2)
                                                         _0723_ (net)
                      0.409460    0.000743    7.314219 ^ _1748_/A1 (sky130_fd_sc_hd__a21oi_2)
     3    0.016729    0.129469    0.160666    7.474885 v _1748_/Y (sky130_fd_sc_hd__a21oi_2)
                                                         _0874_ (net)
                      0.129469    0.000115    7.475000 v _1749_/A_N (sky130_fd_sc_hd__and2b_2)
     1    0.004783    0.046276    0.245767    7.720767 ^ _1749_/X (sky130_fd_sc_hd__and2b_2)
                                                         _0875_ (net)
                      0.046276    0.000000    7.720768 ^ _1778_/B (sky130_fd_sc_hd__nor2_2)
     2    0.006943    0.034921    0.038080    7.758848 v _1778_/Y (sky130_fd_sc_hd__nor2_2)
                                                         _0903_ (net)
                      0.034921    0.000017    7.758865 v _1779_/A2 (sky130_fd_sc_hd__o21ai_2)
     1    0.002718    0.105247    0.094394    7.853259 ^ _1779_/Y (sky130_fd_sc_hd__o21ai_2)
                                                         _0904_ (net)
                      0.105247    0.000002    7.853261 ^ _1780_/B1 (sky130_fd_sc_hd__a21o_2)
     1    0.004089    0.036877    0.104181    7.957441 ^ _1780_/X (sky130_fd_sc_hd__a21o_2)
                                                         _0905_ (net)
                      0.036877    0.000030    7.957471 ^ _1781_/B1 (sky130_fd_sc_hd__o211a_2)
     1    0.001884    0.048845    0.152057    8.109529 ^ _1781_/X (sky130_fd_sc_hd__o211a_2)
                                                         _0038_ (net)
                      0.048845    0.000002    8.109530 ^ _2110_/D (sky130_fd_sc_hd__dfxtp_2)
                                              8.109530   data arrival time

                                 20.000000   20.000000   clock aclk (rise edge)
                                  0.000000   20.000000   clock source latency
    50    0.152256    0.683598    0.469802   20.469803 ^ aclk (in)
                                                         aclk (net)
                      0.683601    0.000000   20.469803 ^ _2110_/CLK (sky130_fd_sc_hd__dfxtp_2)
                                 -0.250000   20.219803   clock uncertainty
                                  0.000000   20.219803   clock reconvergence pessimism
                                  0.013137   20.232939   library setup time
                                             20.232939   data required time
---------------------------------------------------------------------------------------------
                                             20.232939   data required time
                                             -8.109530   data arrival time
---------------------------------------------------------------------------------------------
                                             12.123409   slack (MET)


Startpoint: _2088_ (rising edge-triggered flip-flop clocked by aclk)
Endpoint: _2114_ (rising edge-triggered flip-flop clocked by aclk)
Path Group: aclk
Path Type: max

Fanout         Cap        Slew       Delay        Time   Description
---------------------------------------------------------------------------------------------
                                  0.000000    0.000000   clock aclk (rise edge)
                                  0.000000    0.000000   clock source latency
    50    0.152256    0.683598    0.473067    0.473067 ^ aclk (in)
                                                         aclk (net)
                      0.683638    0.000000    0.473067 ^ _2088_/CLK (sky130_fd_sc_hd__dfxtp_2)
    54    0.209787    1.038508    1.166601    1.639668 ^ _2088_/Q (sky130_fd_sc_hd__dfxtp_2)
                                                         internal_rssi[7] (net)
                      1.038508    0.002099    1.641767 ^ _1270_/A (sky130_fd_sc_hd__nand2_2)
    63    0.259769    1.052711    1.077259    2.719026 v _1270_/Y (sky130_fd_sc_hd__nand2_2)
                                                         _0408_ (net)
                      1.052740    0.006428    2.725454 v _1563_/A (sky130_fd_sc_hd__or3_2)
     3    0.010050    0.106290    0.817947    3.543401 v _1563_/X (sky130_fd_sc_hd__or3_2)
                                                         _0694_ (net)
                      0.106290    0.000056    3.543457 v _1566_/B1 (sky130_fd_sc_hd__o211a_2)
     2    0.004494    0.045536    0.161638    3.705095 v _1566_/X (sky130_fd_sc_hd__o211a_2)
                                                         _0697_ (net)
                      0.045536    0.000011    3.705106 v _1568_/A (sky130_fd_sc_hd__or3b_2)
     2    0.005995    0.089681    0.476762    4.181868 v _1568_/X (sky130_fd_sc_hd__or3b_2)
                                                         _0699_ (net)
                      0.089681    0.000011    4.181879 v _1571_/A (sky130_fd_sc_hd__and3_2)
     3    0.008476    0.051095    0.206928    4.388806 v _1571_/X (sky130_fd_sc_hd__and3_2)
                                                         _0702_ (net)
                      0.051095    0.000023    4.388829 v _1573_/B (sky130_fd_sc_hd__or3_2)
     2    0.006782    0.093153    0.466917    4.855746 v _1573_/X (sky130_fd_sc_hd__or3_2)
                                                         _0704_ (net)
                      0.093153    0.000006    4.855752 v _1577_/A1 (sky130_fd_sc_hd__a21o_2)
     3    0.008973    0.048813    0.221612    5.077364 v _1577_/X (sky130_fd_sc_hd__a21o_2)
                                                         _0708_ (net)
                      0.048813    0.000032    5.077396 v _1578_/C (sky130_fd_sc_hd__and3_2)
     2    0.006155    0.047371    0.216392    5.293788 v _1578_/X (sky130_fd_sc_hd__and3_2)
                                                         _0709_ (net)
                      0.047371    0.000002    5.293790 v _1581_/A (sky130_fd_sc_hd__or3_2)
     5    0.019225    0.124774    0.546238    5.840029 v _1581_/X (sky130_fd_sc_hd__or3_2)
                                                         _0712_ (net)
                      0.124774    0.000060    5.840088 v _1583_/B (sky130_fd_sc_hd__and3_2)
     3    0.007693    0.050951    0.241446    6.081534 v _1583_/X (sky130_fd_sc_hd__and3_2)
                                                         _0714_ (net)
                      0.050951    0.000009    6.081543 v _1589_/B (sky130_fd_sc_hd__or3_2)
     2    0.003006    0.077255    0.442384    6.523927 v _1589_/X (sky130_fd_sc_hd__or3_2)
                                                         _0719_ (net)
                      0.077255    0.000005    6.523932 v _1590_/C (sky130_fd_sc_hd__or3_2)
     1    0.004301    0.083648    0.422992    6.946925 v _1590_/X (sky130_fd_sc_hd__or3_2)
                                                         _0720_ (net)
                      0.083648    0.000006    6.946930 v _1593_/A2 (sky130_fd_sc_hd__o211ai_2)
     5    0.032531    0.409458    0.366545    7.313476 ^ _1593_/Y (sky130_fd_sc_hd__o211ai_2)
                                                         _0723_ (net)
                      0.409460    0.000734    7.314209 ^ _1850_/A1 (sky130_fd_sc_hd__a211oi_2)
     4    0.022658    0.165180    0.215964    7.530173 v _1850_/Y (sky130_fd_sc_hd__a211oi_2)
                                                         _0972_ (net)
                      0.165180    0.000191    7.530364 v _1903_/A1 (sky130_fd_sc_hd__o21ai_2)
     1    0.009395    0.154678    0.215979    7.746343 ^ _1903_/Y (sky130_fd_sc_hd__o21ai_2)
                                                         _1024_ (net)
                      0.154678    0.000036    7.746380 ^ _1904_/B (sky130_fd_sc_hd__xnor2_2)
     1    0.005046    0.126325    0.129056    7.875436 ^ _1904_/Y (sky130_fd_sc_hd__xnor2_2)
                                                         _1025_ (net)
                      0.126325    0.000012    7.875448 ^ _1905_/B (sky130_fd_sc_hd__nand2_2)
     1    0.002539    0.115913    0.058422    7.933870 v _1905_/Y (sky130_fd_sc_hd__nand2_2)
                                                         _1026_ (net)
                      0.115913    0.000004    7.933873 v _1906_/B1 (sky130_fd_sc_hd__o211a_2)
     1    0.001769    0.039020    0.155672    8.089545 v _1906_/X (sky130_fd_sc_hd__o211a_2)
                                                         _0042_ (net)
                      0.039020    0.000000    8.089546 v _2114_/D (sky130_fd_sc_hd__dfxtp_2)
                                              8.089546   data arrival time

                                 20.000000   20.000000   clock aclk (rise edge)
                                  0.000000   20.000000   clock source latency
    50    0.152256    0.683598    0.470354   20.470354 ^ aclk (in)
                                                         aclk (net)
                      0.683604    0.000000   20.470354 ^ _2114_/CLK (sky130_fd_sc_hd__dfxtp_2)
                                 -0.250000   20.220356   clock uncertainty
                                  0.000000   20.220356   clock reconvergence pessimism
                                  0.012208   20.232565   library setup time
                                             20.232565   data required time
---------------------------------------------------------------------------------------------
                                             20.232565   data required time
                                             -8.089546   data arrival time
---------------------------------------------------------------------------------------------
                                             12.143019   slack (MET)


Startpoint: _2088_ (rising edge-triggered flip-flop clocked by aclk)
Endpoint: _2111_ (rising edge-triggered flip-flop clocked by aclk)
Path Group: aclk
Path Type: max

Fanout         Cap        Slew       Delay        Time   Description
---------------------------------------------------------------------------------------------
                                  0.000000    0.000000   clock aclk (rise edge)
                                  0.000000    0.000000   clock source latency
    50    0.152256    0.683598    0.473067    0.473067 ^ aclk (in)
                                                         aclk (net)
                      0.683638    0.000000    0.473067 ^ _2088_/CLK (sky130_fd_sc_hd__dfxtp_2)
    54    0.209787    1.038508    1.166601    1.639668 ^ _2088_/Q (sky130_fd_sc_hd__dfxtp_2)
                                                         internal_rssi[7] (net)
                      1.038508    0.002099    1.641767 ^ _1270_/A (sky130_fd_sc_hd__nand2_2)
    63    0.259769    1.052711    1.077259    2.719026 v _1270_/Y (sky130_fd_sc_hd__nand2_2)
                                                         _0408_ (net)
                      1.052740    0.006428    2.725454 v _1563_/A (sky130_fd_sc_hd__or3_2)
     3    0.010050    0.106290    0.817947    3.543401 v _1563_/X (sky130_fd_sc_hd__or3_2)
                                                         _0694_ (net)
                      0.106290    0.000056    3.543457 v _1566_/B1 (sky130_fd_sc_hd__o211a_2)
     2    0.004494    0.045536    0.161638    3.705095 v _1566_/X (sky130_fd_sc_hd__o211a_2)
                                                         _0697_ (net)
                      0.045536    0.000011    3.705106 v _1568_/A (sky130_fd_sc_hd__or3b_2)
     2    0.005995    0.089681    0.476762    4.181868 v _1568_/X (sky130_fd_sc_hd__or3b_2)
                                                         _0699_ (net)
                      0.089681    0.000011    4.181879 v _1571_/A (sky130_fd_sc_hd__and3_2)
     3    0.008476    0.051095    0.206928    4.388806 v _1571_/X (sky130_fd_sc_hd__and3_2)
                                                         _0702_ (net)
                      0.051095    0.000023    4.388829 v _1573_/B (sky130_fd_sc_hd__or3_2)
     2    0.006782    0.093153    0.466917    4.855746 v _1573_/X (sky130_fd_sc_hd__or3_2)
                                                         _0704_ (net)
                      0.093153    0.000006    4.855752 v _1577_/A1 (sky130_fd_sc_hd__a21o_2)
     3    0.008973    0.048813    0.221612    5.077364 v _1577_/X (sky130_fd_sc_hd__a21o_2)
                                                         _0708_ (net)
                      0.048813    0.000032    5.077396 v _1578_/C (sky130_fd_sc_hd__and3_2)
     2    0.006155    0.047371    0.216392    5.293788 v _1578_/X (sky130_fd_sc_hd__and3_2)
                                                         _0709_ (net)
                      0.047371    0.000002    5.293790 v _1581_/A (sky130_fd_sc_hd__or3_2)
     5    0.019225    0.124774    0.546238    5.840029 v _1581_/X (sky130_fd_sc_hd__or3_2)
                                                         _0712_ (net)
                      0.124774    0.000060    5.840088 v _1583_/B (sky130_fd_sc_hd__and3_2)
     3    0.007693    0.050951    0.241446    6.081534 v _1583_/X (sky130_fd_sc_hd__and3_2)
                                                         _0714_ (net)
                      0.050951    0.000009    6.081543 v _1589_/B (sky130_fd_sc_hd__or3_2)
     2    0.003006    0.077255    0.442384    6.523927 v _1589_/X (sky130_fd_sc_hd__or3_2)
                                                         _0719_ (net)
                      0.077255    0.000005    6.523932 v _1590_/C (sky130_fd_sc_hd__or3_2)
     1    0.004301    0.083648    0.422992    6.946925 v _1590_/X (sky130_fd_sc_hd__or3_2)
                                                         _0720_ (net)
                      0.083648    0.000006    6.946930 v _1593_/A2 (sky130_fd_sc_hd__o211ai_2)
     5    0.032531    0.409458    0.366545    7.313476 ^ _1593_/Y (sky130_fd_sc_hd__o211ai_2)
                                                         _0723_ (net)
                      0.409460    0.000743    7.314219 ^ _1748_/A1 (sky130_fd_sc_hd__a21oi_2)
     3    0.016729    0.129469    0.160666    7.474885 v _1748_/Y (sky130_fd_sc_hd__a21oi_2)
                                                         _0874_ (net)
                      0.129469    0.000047    7.474932 v _1812_/A1 (sky130_fd_sc_hd__o21ai_2)
     2    0.014015    0.200129    0.237210    7.712142 ^ _1812_/Y (sky130_fd_sc_hd__o21ai_2)
                                                         _0936_ (net)
                      0.200129    0.000061    7.712204 ^ _1814_/B (sky130_fd_sc_hd__xor2_2)
     1    0.006332    0.127455    0.169978    7.882181 ^ _1814_/X (sky130_fd_sc_hd__xor2_2)
                                                         _0938_ (net)
                      0.127455    0.000084    7.882266 ^ _1816_/A2 (sky130_fd_sc_hd__o211a_2)
     1    0.001804    0.048429    0.168613    8.050879 ^ _1816_/X (sky130_fd_sc_hd__o211a_2)
                                                         _0039_ (net)
                      0.048429    0.000000    8.050879 ^ _2111_/D (sky130_fd_sc_hd__dfxtp_2)
                                              8.050879   data arrival time

                                 20.000000   20.000000   clock aclk (rise edge)
                                  0.000000   20.000000   clock source latency
    50    0.152256    0.683598    0.469118   20.469118 ^ aclk (in)
                                                         aclk (net)
                      0.683598    0.000000   20.469118 ^ _2111_/CLK (sky130_fd_sc_hd__dfxtp_2)
                                 -0.250000   20.219120   clock uncertainty
                                  0.000000   20.219120   clock reconvergence pessimism
                                  0.013223   20.232342   library setup time
                                             20.232342   data required time
---------------------------------------------------------------------------------------------
                                             20.232342   data required time
                                             -8.050879   data arrival time
---------------------------------------------------------------------------------------------
                                             12.181463   slack (MET)


Startpoint: _2088_ (rising edge-triggered flip-flop clocked by aclk)
Endpoint: _2108_ (rising edge-triggered flip-flop clocked by aclk)
Path Group: aclk
Path Type: max

Fanout         Cap        Slew       Delay        Time   Description
---------------------------------------------------------------------------------------------
                                  0.000000    0.000000   clock aclk (rise edge)
                                  0.000000    0.000000   clock source latency
    50    0.152256    0.683598    0.473067    0.473067 ^ aclk (in)
                                                         aclk (net)
                      0.683638    0.000000    0.473067 ^ _2088_/CLK (sky130_fd_sc_hd__dfxtp_2)
    54    0.209787    1.038508    1.166601    1.639668 ^ _2088_/Q (sky130_fd_sc_hd__dfxtp_2)
                                                         internal_rssi[7] (net)
                      1.038508    0.002099    1.641767 ^ _1270_/A (sky130_fd_sc_hd__nand2_2)
    63    0.259769    1.052711    1.077259    2.719026 v _1270_/Y (sky130_fd_sc_hd__nand2_2)
                                                         _0408_ (net)
                      1.052740    0.006428    2.725454 v _1563_/A (sky130_fd_sc_hd__or3_2)
     3    0.010050    0.106290    0.817947    3.543401 v _1563_/X (sky130_fd_sc_hd__or3_2)
                                                         _0694_ (net)
                      0.106290    0.000056    3.543457 v _1566_/B1 (sky130_fd_sc_hd__o211a_2)
     2    0.004494    0.045536    0.161638    3.705095 v _1566_/X (sky130_fd_sc_hd__o211a_2)
                                                         _0697_ (net)
                      0.045536    0.000011    3.705106 v _1568_/A (sky130_fd_sc_hd__or3b_2)
     2    0.005995    0.089681    0.476762    4.181868 v _1568_/X (sky130_fd_sc_hd__or3b_2)
                                                         _0699_ (net)
                      0.089681    0.000011    4.181879 v _1571_/A (sky130_fd_sc_hd__and3_2)
     3    0.008476    0.051095    0.206928    4.388806 v _1571_/X (sky130_fd_sc_hd__and3_2)
                                                         _0702_ (net)
                      0.051095    0.000023    4.388829 v _1573_/B (sky130_fd_sc_hd__or3_2)
     2    0.006782    0.093153    0.466917    4.855746 v _1573_/X (sky130_fd_sc_hd__or3_2)
                                                         _0704_ (net)
                      0.093153    0.000006    4.855752 v _1577_/A1 (sky130_fd_sc_hd__a21o_2)
     3    0.008973    0.048813    0.221612    5.077364 v _1577_/X (sky130_fd_sc_hd__a21o_2)
                                                         _0708_ (net)
                      0.048813    0.000032    5.077396 v _1578_/C (sky130_fd_sc_hd__and3_2)
     2    0.006155    0.047371    0.216392    5.293788 v _1578_/X (sky130_fd_sc_hd__and3_2)
                                                         _0709_ (net)
                      0.047371    0.000002    5.293790 v _1581_/A (sky130_fd_sc_hd__or3_2)
     5    0.019225    0.124774    0.546238    5.840029 v _1581_/X (sky130_fd_sc_hd__or3_2)
                                                         _0712_ (net)
                      0.124774    0.000060    5.840088 v _1583_/B (sky130_fd_sc_hd__and3_2)
     3    0.007693    0.050951    0.241446    6.081534 v _1583_/X (sky130_fd_sc_hd__and3_2)
                                                         _0714_ (net)
                      0.050951    0.000009    6.081543 v _1589_/B (sky130_fd_sc_hd__or3_2)
     2    0.003006    0.077255    0.442384    6.523927 v _1589_/X (sky130_fd_sc_hd__or3_2)
                                                         _0719_ (net)
                      0.077255    0.000005    6.523932 v _1590_/C (sky130_fd_sc_hd__or3_2)
     1    0.004301    0.083648    0.422992    6.946925 v _1590_/X (sky130_fd_sc_hd__or3_2)
                                                         _0720_ (net)
                      0.083648    0.000006    6.946930 v _1593_/A2 (sky130_fd_sc_hd__o211ai_2)
     5    0.032531    0.409458    0.366545    7.313476 ^ _1593_/Y (sky130_fd_sc_hd__o211ai_2)
                                                         _0723_ (net)
                      0.409460    0.000723    7.314198 ^ _1684_/A1 (sky130_fd_sc_hd__a21o_2)
     2    0.011696    0.072609    0.223420    7.537618 ^ _1684_/X (sky130_fd_sc_hd__a21o_2)
                                                         _0812_ (net)
                      0.072609    0.000044    7.537662 ^ _1714_/A2 (sky130_fd_sc_hd__a21bo_2)
     1    0.009128    0.062122    0.150364    7.688025 ^ _1714_/X (sky130_fd_sc_hd__a21bo_2)
                                                         _0841_ (net)
                      0.062122    0.000036    7.688061 ^ _1715_/B (sky130_fd_sc_hd__xor2_2)
     1    0.006076    0.124727    0.148217    7.836278 ^ _1715_/X (sky130_fd_sc_hd__xor2_2)
                                                         _0842_ (net)
                      0.124727    0.000066    7.836344 ^ _1717_/A2 (sky130_fd_sc_hd__o211a_2)
     1    0.001992    0.049415    0.169225    8.005569 ^ _1717_/X (sky130_fd_sc_hd__o211a_2)
                                                         _0036_ (net)
                      0.049415    0.000003    8.005571 ^ _2108_/D (sky130_fd_sc_hd__dfxtp_2)
                                              8.005571   data arrival time

                                 20.000000   20.000000   clock aclk (rise edge)
                                  0.000000   20.000000   clock source latency
    50    0.152256    0.683598    0.471228   20.471230 ^ aclk (in)
                                                         aclk (net)
                      0.683611    0.000000   20.471230 ^ _2108_/CLK (sky130_fd_sc_hd__dfxtp_2)
                                 -0.250000   20.221230   clock uncertainty
                                  0.000000   20.221230   clock reconvergence pessimism
                                  0.013020   20.234249   library setup time
                                             20.234249   data required time
---------------------------------------------------------------------------------------------
                                             20.234249   data required time
                                             -8.005571   data arrival time
---------------------------------------------------------------------------------------------
                                             12.228677   slack (MET)


Startpoint: _2088_ (rising edge-triggered flip-flop clocked by aclk)
Endpoint: _2113_ (rising edge-triggered flip-flop clocked by aclk)
Path Group: aclk
Path Type: max

Fanout         Cap        Slew       Delay        Time   Description
---------------------------------------------------------------------------------------------
                                  0.000000    0.000000   clock aclk (rise edge)
                                  0.000000    0.000000   clock source latency
    50    0.152256    0.683598    0.473067    0.473067 ^ aclk (in)
                                                         aclk (net)
                      0.683638    0.000000    0.473067 ^ _2088_/CLK (sky130_fd_sc_hd__dfxtp_2)
    54    0.209787    1.038508    1.166601    1.639668 ^ _2088_/Q (sky130_fd_sc_hd__dfxtp_2)
                                                         internal_rssi[7] (net)
                      1.038508    0.002099    1.641767 ^ _1270_/A (sky130_fd_sc_hd__nand2_2)
    63    0.259769    1.052711    1.077259    2.719026 v _1270_/Y (sky130_fd_sc_hd__nand2_2)
                                                         _0408_ (net)
                      1.052740    0.006428    2.725454 v _1563_/A (sky130_fd_sc_hd__or3_2)
     3    0.010050    0.106290    0.817947    3.543401 v _1563_/X (sky130_fd_sc_hd__or3_2)
                                                         _0694_ (net)
                      0.106290    0.000056    3.543457 v _1566_/B1 (sky130_fd_sc_hd__o211a_2)
     2    0.004494    0.045536    0.161638    3.705095 v _1566_/X (sky130_fd_sc_hd__o211a_2)
                                                         _0697_ (net)
                      0.045536    0.000011    3.705106 v _1568_/A (sky130_fd_sc_hd__or3b_2)
     2    0.005995    0.089681    0.476762    4.181868 v _1568_/X (sky130_fd_sc_hd__or3b_2)
                                                         _0699_ (net)
                      0.089681    0.000011    4.181879 v _1571_/A (sky130_fd_sc_hd__and3_2)
     3    0.008476    0.051095    0.206928    4.388806 v _1571_/X (sky130_fd_sc_hd__and3_2)
                                                         _0702_ (net)
                      0.051095    0.000023    4.388829 v _1573_/B (sky130_fd_sc_hd__or3_2)
     2    0.006782    0.093153    0.466917    4.855746 v _1573_/X (sky130_fd_sc_hd__or3_2)
                                                         _0704_ (net)
                      0.093153    0.000006    4.855752 v _1577_/A1 (sky130_fd_sc_hd__a21o_2)
     3    0.008973    0.048813    0.221612    5.077364 v _1577_/X (sky130_fd_sc_hd__a21o_2)
                                                         _0708_ (net)
                      0.048813    0.000032    5.077396 v _1578_/C (sky130_fd_sc_hd__and3_2)
     2    0.006155    0.047371    0.216392    5.293788 v _1578_/X (sky130_fd_sc_hd__and3_2)
                                                         _0709_ (net)
                      0.047371    0.000002    5.293790 v _1581_/A (sky130_fd_sc_hd__or3_2)
     5    0.019225    0.124774    0.546238    5.840029 v _1581_/X (sky130_fd_sc_hd__or3_2)
                                                         _0712_ (net)
                      0.124774    0.000060    5.840088 v _1583_/B (sky130_fd_sc_hd__and3_2)
     3    0.007693    0.050951    0.241446    6.081534 v _1583_/X (sky130_fd_sc_hd__and3_2)
                                                         _0714_ (net)
                      0.050951    0.000009    6.081543 v _1589_/B (sky130_fd_sc_hd__or3_2)
     2    0.003006    0.077255    0.442384    6.523927 v _1589_/X (sky130_fd_sc_hd__or3_2)
                                                         _0719_ (net)
                      0.077255    0.000005    6.523932 v _1590_/C (sky130_fd_sc_hd__or3_2)
     1    0.004301    0.083648    0.422992    6.946925 v _1590_/X (sky130_fd_sc_hd__or3_2)
                                                         _0720_ (net)
                      0.083648    0.000006    6.946930 v _1593_/A2 (sky130_fd_sc_hd__o211ai_2)
     5    0.032531    0.409458    0.366545    7.313476 ^ _1593_/Y (sky130_fd_sc_hd__o211ai_2)
                                                         _0723_ (net)
                      0.409460    0.000734    7.314209 ^ _1850_/A1 (sky130_fd_sc_hd__a211oi_2)
     4    0.022658    0.165180    0.215964    7.530173 v _1850_/Y (sky130_fd_sc_hd__a211oi_2)
                                                         _0972_ (net)
                      0.165180    0.000220    7.530394 v _1877_/A (sky130_fd_sc_hd__xnor2_2)
     1    0.002541    0.077575    0.173950    7.704343 v _1877_/Y (sky130_fd_sc_hd__xnor2_2)
                                                         _0999_ (net)
                      0.077575    0.000006    7.704350 v _1879_/A2 (sky130_fd_sc_hd__o211a_2)
     1    0.001901    0.039255    0.238490    7.942840 v _1879_/X (sky130_fd_sc_hd__o211a_2)
                                                         _0041_ (net)
                      0.039255    0.000002    7.942841 v _2113_/D (sky130_fd_sc_hd__dfxtp_2)
                                              7.942841   data arrival time

                                 20.000000   20.000000   clock aclk (rise edge)
                                  0.000000   20.000000   clock source latency
    50    0.152256    0.683598    0.470125   20.470125 ^ aclk (in)
                                                         aclk (net)
                      0.683602    0.000000   20.470125 ^ _2113_/CLK (sky130_fd_sc_hd__dfxtp_2)
                                 -0.250000   20.220127   clock uncertainty
                                  0.000000   20.220127   clock reconvergence pessimism
                                  0.012107   20.232235   library setup time
                                             20.232235   data required time
---------------------------------------------------------------------------------------------
                                             20.232235   data required time
                                             -7.942841   data arrival time
---------------------------------------------------------------------------------------------
                                             12.289393   slack (MET)


Startpoint: _2088_ (rising edge-triggered flip-flop clocked by aclk)
Endpoint: _2106_ (rising edge-triggered flip-flop clocked by aclk)
Path Group: aclk
Path Type: max

Fanout         Cap        Slew       Delay        Time   Description
---------------------------------------------------------------------------------------------
                                  0.000000    0.000000   clock aclk (rise edge)
                                  0.000000    0.000000   clock source latency
    50    0.152256    0.683598    0.473067    0.473067 ^ aclk (in)
                                                         aclk (net)
                      0.683638    0.000000    0.473067 ^ _2088_/CLK (sky130_fd_sc_hd__dfxtp_2)
    54    0.209787    1.038508    1.166601    1.639668 ^ _2088_/Q (sky130_fd_sc_hd__dfxtp_2)
                                                         internal_rssi[7] (net)
                      1.038508    0.002099    1.641767 ^ _1270_/A (sky130_fd_sc_hd__nand2_2)
    63    0.259769    1.052711    1.077259    2.719026 v _1270_/Y (sky130_fd_sc_hd__nand2_2)
                                                         _0408_ (net)
                      1.052740    0.006428    2.725454 v _1563_/A (sky130_fd_sc_hd__or3_2)
     3    0.010050    0.106290    0.817947    3.543401 v _1563_/X (sky130_fd_sc_hd__or3_2)
                                                         _0694_ (net)
                      0.106290    0.000056    3.543457 v _1566_/B1 (sky130_fd_sc_hd__o211a_2)
     2    0.004494    0.045536    0.161638    3.705095 v _1566_/X (sky130_fd_sc_hd__o211a_2)
                                                         _0697_ (net)
                      0.045536    0.000011    3.705106 v _1568_/A (sky130_fd_sc_hd__or3b_2)
     2    0.005995    0.089681    0.476762    4.181868 v _1568_/X (sky130_fd_sc_hd__or3b_2)
                                                         _0699_ (net)
                      0.089681    0.000011    4.181879 v _1571_/A (sky130_fd_sc_hd__and3_2)
     3    0.008476    0.051095    0.206928    4.388806 v _1571_/X (sky130_fd_sc_hd__and3_2)
                                                         _0702_ (net)
                      0.051095    0.000023    4.388829 v _1573_/B (sky130_fd_sc_hd__or3_2)
     2    0.006782    0.093153    0.466917    4.855746 v _1573_/X (sky130_fd_sc_hd__or3_2)
                                                         _0704_ (net)
                      0.093153    0.000006    4.855752 v _1577_/A1 (sky130_fd_sc_hd__a21o_2)
     3    0.008973    0.048813    0.221612    5.077364 v _1577_/X (sky130_fd_sc_hd__a21o_2)
                                                         _0708_ (net)
                      0.048813    0.000032    5.077396 v _1578_/C (sky130_fd_sc_hd__and3_2)
     2    0.006155    0.047371    0.216392    5.293788 v _1578_/X (sky130_fd_sc_hd__and3_2)
                                                         _0709_ (net)
                      0.047371    0.000002    5.293790 v _1581_/A (sky130_fd_sc_hd__or3_2)
     5    0.019225    0.124774    0.546238    5.840029 v _1581_/X (sky130_fd_sc_hd__or3_2)
                                                         _0712_ (net)
                      0.124774    0.000060    5.840088 v _1583_/B (sky130_fd_sc_hd__and3_2)
     3    0.007693    0.050951    0.241446    6.081534 v _1583_/X (sky130_fd_sc_hd__and3_2)
                                                         _0714_ (net)
                      0.050951    0.000009    6.081543 v _1589_/B (sky130_fd_sc_hd__or3_2)
     2    0.003006    0.077255    0.442384    6.523927 v _1589_/X (sky130_fd_sc_hd__or3_2)
                                                         _0719_ (net)
                      0.077255    0.000005    6.523932 v _1590_/C (sky130_fd_sc_hd__or3_2)
     1    0.004301    0.083648    0.422992    6.946925 v _1590_/X (sky130_fd_sc_hd__or3_2)
                                                         _0720_ (net)
                      0.083648    0.000006    6.946930 v _1593_/A2 (sky130_fd_sc_hd__o211ai_2)
     5    0.032531    0.409458    0.366545    7.313476 ^ _1593_/Y (sky130_fd_sc_hd__o211ai_2)
                                                         _0723_ (net)
                      0.409460    0.000629    7.314105 ^ _1594_/A (sky130_fd_sc_hd__inv_2)
     1    0.004621    0.069172    0.059479    7.373583 v _1594_/Y (sky130_fd_sc_hd__inv_2)
                                                         _0724_ (net)
                      0.069172    0.000000    7.373584 v _1651_/A1 (sky130_fd_sc_hd__o21ai_2)
     1    0.008921    0.147580    0.175623    7.549207 ^ _1651_/Y (sky130_fd_sc_hd__o21ai_2)
                                                         _0780_ (net)
                      0.147580    0.000020    7.549226 ^ _1652_/B (sky130_fd_sc_hd__xnor2_2)
     1    0.008229    0.158190    0.140095    7.689322 ^ _1652_/Y (sky130_fd_sc_hd__xnor2_2)
                                                         _0781_ (net)
                      0.158190    0.000155    7.689476 ^ _1653_/B (sky130_fd_sc_hd__nand2_2)
     1    0.003679    0.126911    0.067129    7.756605 v _1653_/Y (sky130_fd_sc_hd__nand2_2)
                                                         _0782_ (net)
                      0.126911    0.000019    7.756623 v _1654_/B1 (sky130_fd_sc_hd__o211a_2)
     1    0.001986    0.039727    0.161602    7.918225 v _1654_/X (sky130_fd_sc_hd__o211a_2)
                                                         _0034_ (net)
                      0.039727    0.000003    7.918228 v _2106_/D (sky130_fd_sc_hd__dfxtp_2)
                                              7.918228   data arrival time

                                 20.000000   20.000000   clock aclk (rise edge)
                                  0.000000   20.000000   clock source latency
    50    0.152256    0.683598    0.472546   20.472548 ^ aclk (in)
                                                         aclk (net)
                      0.683629    0.000000   20.472548 ^ _2106_/CLK (sky130_fd_sc_hd__dfxtp_2)
                                 -0.250000   20.222548   clock uncertainty
                                  0.000000   20.222548   clock reconvergence pessimism
                                  0.011909   20.234457   library setup time
                                             20.234457   data required time
---------------------------------------------------------------------------------------------
                                             20.234457   data required time
                                             -7.918228   data arrival time
---------------------------------------------------------------------------------------------
                                             12.316228   slack (MET)


Startpoint: _2088_ (rising edge-triggered flip-flop clocked by aclk)
Endpoint: _2109_ (rising edge-triggered flip-flop clocked by aclk)
Path Group: aclk
Path Type: max

Fanout         Cap        Slew       Delay        Time   Description
---------------------------------------------------------------------------------------------
                                  0.000000    0.000000   clock aclk (rise edge)
                                  0.000000    0.000000   clock source latency
    50    0.152256    0.683598    0.473067    0.473067 ^ aclk (in)
                                                         aclk (net)
                      0.683638    0.000000    0.473067 ^ _2088_/CLK (sky130_fd_sc_hd__dfxtp_2)
    54    0.209787    1.038508    1.166601    1.639668 ^ _2088_/Q (sky130_fd_sc_hd__dfxtp_2)
                                                         internal_rssi[7] (net)
                      1.038508    0.002099    1.641767 ^ _1270_/A (sky130_fd_sc_hd__nand2_2)
    63    0.259769    1.052711    1.077259    2.719026 v _1270_/Y (sky130_fd_sc_hd__nand2_2)
                                                         _0408_ (net)
                      1.052740    0.006428    2.725454 v _1563_/A (sky130_fd_sc_hd__or3_2)
     3    0.010050    0.106290    0.817947    3.543401 v _1563_/X (sky130_fd_sc_hd__or3_2)
                                                         _0694_ (net)
                      0.106290    0.000056    3.543457 v _1566_/B1 (sky130_fd_sc_hd__o211a_2)
     2    0.004494    0.045536    0.161638    3.705095 v _1566_/X (sky130_fd_sc_hd__o211a_2)
                                                         _0697_ (net)
                      0.045536    0.000011    3.705106 v _1568_/A (sky130_fd_sc_hd__or3b_2)
     2    0.005995    0.089681    0.476762    4.181868 v _1568_/X (sky130_fd_sc_hd__or3b_2)
                                                         _0699_ (net)
                      0.089681    0.000011    4.181879 v _1571_/A (sky130_fd_sc_hd__and3_2)
     3    0.008476    0.051095    0.206928    4.388806 v _1571_/X (sky130_fd_sc_hd__and3_2)
                                                         _0702_ (net)
                      0.051095    0.000023    4.388829 v _1573_/B (sky130_fd_sc_hd__or3_2)
     2    0.006782    0.093153    0.466917    4.855746 v _1573_/X (sky130_fd_sc_hd__or3_2)
                                                         _0704_ (net)
                      0.093153    0.000006    4.855752 v _1577_/A1 (sky130_fd_sc_hd__a21o_2)
     3    0.008973    0.048813    0.221612    5.077364 v _1577_/X (sky130_fd_sc_hd__a21o_2)
                                                         _0708_ (net)
                      0.048813    0.000032    5.077396 v _1578_/C (sky130_fd_sc_hd__and3_2)
     2    0.006155    0.047371    0.216392    5.293788 v _1578_/X (sky130_fd_sc_hd__and3_2)
                                                         _0709_ (net)
                      0.047371    0.000002    5.293790 v _1581_/A (sky130_fd_sc_hd__or3_2)
     5    0.019225    0.124774    0.546238    5.840029 v _1581_/X (sky130_fd_sc_hd__or3_2)
                                                         _0712_ (net)
                      0.124774    0.000060    5.840088 v _1583_/B (sky130_fd_sc_hd__and3_2)
     3    0.007693    0.050951    0.241446    6.081534 v _1583_/X (sky130_fd_sc_hd__and3_2)
                                                         _0714_ (net)
                      0.050951    0.000009    6.081543 v _1589_/B (sky130_fd_sc_hd__or3_2)
     2    0.003006    0.077255    0.442384    6.523927 v _1589_/X (sky130_fd_sc_hd__or3_2)
                                                         _0719_ (net)
                      0.077255    0.000005    6.523932 v _1590_/C (sky130_fd_sc_hd__or3_2)
     1    0.004301    0.083648    0.422992    6.946925 v _1590_/X (sky130_fd_sc_hd__or3_2)
                                                         _0720_ (net)
                      0.083648    0.000006    6.946930 v _1593_/A2 (sky130_fd_sc_hd__o211ai_2)
     5    0.032531    0.409458    0.366545    7.313476 ^ _1593_/Y (sky130_fd_sc_hd__o211ai_2)
                                                         _0723_ (net)
                      0.409460    0.000743    7.314219 ^ _1748_/A1 (sky130_fd_sc_hd__a21oi_2)
     3    0.016729    0.129469    0.160666    7.474885 v _1748_/Y (sky130_fd_sc_hd__a21oi_2)
                                                         _0874_ (net)
                      0.129469    0.000118    7.475003 v _1750_/B (sky130_fd_sc_hd__xnor2_2)
     1    0.003495    0.054705    0.157354    7.632357 v _1750_/Y (sky130_fd_sc_hd__xnor2_2)
                                                         _0876_ (net)
                      0.054705    0.000017    7.632374 v _1752_/A2 (sky130_fd_sc_hd__o211a_2)
     1    0.001933    0.039357    0.229398    7.861772 v _1752_/X (sky130_fd_sc_hd__o211a_2)
                                                         _0037_ (net)
                      0.039357    0.000002    7.861773 v _2109_/D (sky130_fd_sc_hd__dfxtp_2)
                                              7.861773   data arrival time

                                 20.000000   20.000000   clock aclk (rise edge)
                                  0.000000   20.000000   clock source latency
    50    0.152256    0.683598    0.470280   20.470280 ^ aclk (in)
                                                         aclk (net)
                      0.683603    0.000000   20.470280 ^ _2109_/CLK (sky130_fd_sc_hd__dfxtp_2)
                                 -0.250000   20.220282   clock uncertainty
                                  0.000000   20.220282   clock reconvergence pessimism
                                  0.012064   20.232344   library setup time
                                             20.232344   data required time
---------------------------------------------------------------------------------------------
                                             20.232344   data required time
                                             -7.861773   data arrival time
---------------------------------------------------------------------------------------------
                                             12.370571   slack (MET)


Startpoint: _2088_ (rising edge-triggered flip-flop clocked by aclk)
Endpoint: _2107_ (rising edge-triggered flip-flop clocked by aclk)
Path Group: aclk
Path Type: max

Fanout         Cap        Slew       Delay        Time   Description
---------------------------------------------------------------------------------------------
                                  0.000000    0.000000   clock aclk (rise edge)
                                  0.000000    0.000000   clock source latency
    50    0.152256    0.683598    0.473067    0.473067 ^ aclk (in)
                                                         aclk (net)
                      0.683638    0.000000    0.473067 ^ _2088_/CLK (sky130_fd_sc_hd__dfxtp_2)
    54    0.209787    1.038508    1.166601    1.639668 ^ _2088_/Q (sky130_fd_sc_hd__dfxtp_2)
                                                         internal_rssi[7] (net)
                      1.038508    0.002099    1.641767 ^ _1270_/A (sky130_fd_sc_hd__nand2_2)
    63    0.259769    1.052711    1.077259    2.719026 v _1270_/Y (sky130_fd_sc_hd__nand2_2)
                                                         _0408_ (net)
                      1.052740    0.006428    2.725454 v _1563_/A (sky130_fd_sc_hd__or3_2)
     3    0.010050    0.106290    0.817947    3.543401 v _1563_/X (sky130_fd_sc_hd__or3_2)
                                                         _0694_ (net)
                      0.106290    0.000056    3.543457 v _1566_/B1 (sky130_fd_sc_hd__o211a_2)
     2    0.004494    0.045536    0.161638    3.705095 v _1566_/X (sky130_fd_sc_hd__o211a_2)
                                                         _0697_ (net)
                      0.045536    0.000011    3.705106 v _1568_/A (sky130_fd_sc_hd__or3b_2)
     2    0.005995    0.089681    0.476762    4.181868 v _1568_/X (sky130_fd_sc_hd__or3b_2)
                                                         _0699_ (net)
                      0.089681    0.000011    4.181879 v _1571_/A (sky130_fd_sc_hd__and3_2)
     3    0.008476    0.051095    0.206928    4.388806 v _1571_/X (sky130_fd_sc_hd__and3_2)
                                                         _0702_ (net)
                      0.051095    0.000023    4.388829 v _1573_/B (sky130_fd_sc_hd__or3_2)
     2    0.006782    0.093153    0.466917    4.855746 v _1573_/X (sky130_fd_sc_hd__or3_2)
                                                         _0704_ (net)
                      0.093153    0.000006    4.855752 v _1577_/A1 (sky130_fd_sc_hd__a21o_2)
     3    0.008973    0.048813    0.221612    5.077364 v _1577_/X (sky130_fd_sc_hd__a21o_2)
                                                         _0708_ (net)
                      0.048813    0.000032    5.077396 v _1578_/C (sky130_fd_sc_hd__and3_2)
     2    0.006155    0.047371    0.216392    5.293788 v _1578_/X (sky130_fd_sc_hd__and3_2)
                                                         _0709_ (net)
                      0.047371    0.000002    5.293790 v _1581_/A (sky130_fd_sc_hd__or3_2)
     5    0.019225    0.124774    0.546238    5.840029 v _1581_/X (sky130_fd_sc_hd__or3_2)
                                                         _0712_ (net)
                      0.124774    0.000060    5.840088 v _1583_/B (sky130_fd_sc_hd__and3_2)
     3    0.007693    0.050951    0.241446    6.081534 v _1583_/X (sky130_fd_sc_hd__and3_2)
                                                         _0714_ (net)
                      0.050951    0.000009    6.081543 v _1589_/B (sky130_fd_sc_hd__or3_2)
     2    0.003006    0.077255    0.442384    6.523927 v _1589_/X (sky130_fd_sc_hd__or3_2)
                                                         _0719_ (net)
                      0.077255    0.000005    6.523932 v _1590_/C (sky130_fd_sc_hd__or3_2)
     1    0.004301    0.083648    0.422992    6.946925 v _1590_/X (sky130_fd_sc_hd__or3_2)
                                                         _0720_ (net)
                      0.083648    0.000006    6.946930 v _1593_/A2 (sky130_fd_sc_hd__o211ai_2)
     5    0.032531    0.409458    0.366545    7.313476 ^ _1593_/Y (sky130_fd_sc_hd__o211ai_2)
                                                         _0723_ (net)
                      0.409460    0.000723    7.314198 ^ _1684_/A1 (sky130_fd_sc_hd__a21o_2)
     2    0.011696    0.072609    0.223420    7.537618 ^ _1684_/X (sky130_fd_sc_hd__a21o_2)
                                                         _0812_ (net)
                      0.072609    0.000046    7.537664 ^ _1685_/B (sky130_fd_sc_hd__xor2_2)
     1    0.006272    0.126646    0.151763    7.689427 ^ _1685_/X (sky130_fd_sc_hd__xor2_2)
                                                         _0813_ (net)
                      0.126646    0.000101    7.689528 ^ _1687_/A2 (sky130_fd_sc_hd__o211a_2)
     1    0.001888    0.048867    0.168965    7.858494 ^ _1687_/X (sky130_fd_sc_hd__o211a_2)
                                                         _0035_ (net)
                      0.048867    0.000002    7.858495 ^ _2107_/D (sky130_fd_sc_hd__dfxtp_2)
                                              7.858495   data arrival time

                                 20.000000   20.000000   clock aclk (rise edge)
                                  0.000000   20.000000   clock source latency
    50    0.152256    0.683598    0.472538   20.472538 ^ aclk (in)
                                                         aclk (net)
                      0.683629    0.000000   20.472538 ^ _2107_/CLK (sky130_fd_sc_hd__dfxtp_2)
                                 -0.250000   20.222538   clock uncertainty
                                  0.000000   20.222538   clock reconvergence pessimism
                                  0.013133   20.235672   library setup time
                                             20.235672   data required time
---------------------------------------------------------------------------------------------
                                             20.235672   data required time
                                             -7.858495   data arrival time
---------------------------------------------------------------------------------------------
                                             12.377176   slack (MET)


Startpoint: _2088_ (rising edge-triggered flip-flop clocked by aclk)
Endpoint: _2105_ (rising edge-triggered flip-flop clocked by aclk)
Path Group: aclk
Path Type: max

Fanout         Cap        Slew       Delay        Time   Description
---------------------------------------------------------------------------------------------
                                  0.000000    0.000000   clock aclk (rise edge)
                                  0.000000    0.000000   clock source latency
    50    0.152256    0.683598    0.473067    0.473067 ^ aclk (in)
                                                         aclk (net)
                      0.683638    0.000000    0.473067 ^ _2088_/CLK (sky130_fd_sc_hd__dfxtp_2)
    54    0.209787    1.038508    1.166601    1.639668 ^ _2088_/Q (sky130_fd_sc_hd__dfxtp_2)
                                                         internal_rssi[7] (net)
                      1.038508    0.002099    1.641767 ^ _1270_/A (sky130_fd_sc_hd__nand2_2)
    63    0.259769    1.052711    1.077259    2.719026 v _1270_/Y (sky130_fd_sc_hd__nand2_2)
                                                         _0408_ (net)
                      1.052740    0.006428    2.725454 v _1563_/A (sky130_fd_sc_hd__or3_2)
     3    0.010050    0.106290    0.817947    3.543401 v _1563_/X (sky130_fd_sc_hd__or3_2)
                                                         _0694_ (net)
                      0.106290    0.000056    3.543457 v _1566_/B1 (sky130_fd_sc_hd__o211a_2)
     2    0.004494    0.045536    0.161638    3.705095 v _1566_/X (sky130_fd_sc_hd__o211a_2)
                                                         _0697_ (net)
                      0.045536    0.000011    3.705106 v _1568_/A (sky130_fd_sc_hd__or3b_2)
     2    0.005995    0.089681    0.476762    4.181868 v _1568_/X (sky130_fd_sc_hd__or3b_2)
                                                         _0699_ (net)
                      0.089681    0.000011    4.181879 v _1571_/A (sky130_fd_sc_hd__and3_2)
     3    0.008476    0.051095    0.206928    4.388806 v _1571_/X (sky130_fd_sc_hd__and3_2)
                                                         _0702_ (net)
                      0.051095    0.000023    4.388829 v _1573_/B (sky130_fd_sc_hd__or3_2)
     2    0.006782    0.093153    0.466917    4.855746 v _1573_/X (sky130_fd_sc_hd__or3_2)
                                                         _0704_ (net)
                      0.093153    0.000006    4.855752 v _1577_/A1 (sky130_fd_sc_hd__a21o_2)
     3    0.008973    0.048813    0.221612    5.077364 v _1577_/X (sky130_fd_sc_hd__a21o_2)
                                                         _0708_ (net)
                      0.048813    0.000032    5.077396 v _1578_/C (sky130_fd_sc_hd__and3_2)
     2    0.006155    0.047371    0.216392    5.293788 v _1578_/X (sky130_fd_sc_hd__and3_2)
                                                         _0709_ (net)
                      0.047371    0.000002    5.293790 v _1581_/A (sky130_fd_sc_hd__or3_2)
     5    0.019225    0.124774    0.546238    5.840029 v _1581_/X (sky130_fd_sc_hd__or3_2)
                                                         _0712_ (net)
                      0.124774    0.000060    5.840088 v _1583_/B (sky130_fd_sc_hd__and3_2)
     3    0.007693    0.050951    0.241446    6.081534 v _1583_/X (sky130_fd_sc_hd__and3_2)
                                                         _0714_ (net)
                      0.050951    0.000009    6.081543 v _1589_/B (sky130_fd_sc_hd__or3_2)
     2    0.003006    0.077255    0.442384    6.523927 v _1589_/X (sky130_fd_sc_hd__or3_2)
                                                         _0719_ (net)
                      0.077255    0.000005    6.523932 v _1590_/C (sky130_fd_sc_hd__or3_2)
     1    0.004301    0.083648    0.422992    6.946925 v _1590_/X (sky130_fd_sc_hd__or3_2)
                                                         _0720_ (net)
                      0.083648    0.000006    6.946930 v _1593_/A2 (sky130_fd_sc_hd__o211ai_2)
     5    0.032531    0.409458    0.366545    7.313476 ^ _1593_/Y (sky130_fd_sc_hd__o211ai_2)
                                                         _0723_ (net)
                      0.409460    0.000711    7.314187 ^ _1622_/A (sky130_fd_sc_hd__xnor2_2)
     1    0.004195    0.078254    0.117982    7.432168 v _1622_/Y (sky130_fd_sc_hd__xnor2_2)
                                                         _0752_ (net)
                      0.078254    0.000043    7.432211 v _1624_/A2 (sky130_fd_sc_hd__o211a_2)
     1    0.001769    0.038839    0.238048    7.670259 v _1624_/X (sky130_fd_sc_hd__o211a_2)
                                                         _0033_ (net)
                      0.038839    0.000000    7.670260 v _2105_/D (sky130_fd_sc_hd__dfxtp_2)
                                              7.670260   data arrival time

                                 20.000000   20.000000   clock aclk (rise edge)
                                  0.000000   20.000000   clock source latency
    50    0.152256    0.683598    0.471355   20.471355 ^ aclk (in)
                                                         aclk (net)
                      0.683613    0.000000   20.471355 ^ _2105_/CLK (sky130_fd_sc_hd__dfxtp_2)
                                 -0.250000   20.221355   clock uncertainty
                                  0.000000   20.221355   clock reconvergence pessimism
                                  0.012286   20.233641   library setup time
                                             20.233641   data required time
---------------------------------------------------------------------------------------------
                                             20.233641   data required time
                                             -7.670260   data arrival time
---------------------------------------------------------------------------------------------
                                             12.563381   slack (MET)


Startpoint: _2088_ (rising edge-triggered flip-flop clocked by aclk)
Endpoint: _2104_ (rising edge-triggered flip-flop clocked by aclk)
Path Group: aclk
Path Type: max

Fanout         Cap        Slew       Delay        Time   Description
---------------------------------------------------------------------------------------------
                                  0.000000    0.000000   clock aclk (rise edge)
                                  0.000000    0.000000   clock source latency
    50    0.152256    0.683598    0.473067    0.473067 ^ aclk (in)
                                                         aclk (net)
                      0.683638    0.000000    0.473067 ^ _2088_/CLK (sky130_fd_sc_hd__dfxtp_2)
    54    0.209787    1.038508    1.166601    1.639668 ^ _2088_/Q (sky130_fd_sc_hd__dfxtp_2)
                                                         internal_rssi[7] (net)
                      1.038508    0.002099    1.641767 ^ _1270_/A (sky130_fd_sc_hd__nand2_2)
    63    0.259769    1.052711    1.077259    2.719026 v _1270_/Y (sky130_fd_sc_hd__nand2_2)
                                                         _0408_ (net)
                      1.053067    0.010388    2.729414 v _1319_/A (sky130_fd_sc_hd__or3_2)
     2    0.007108    0.099489    0.800968    3.530382 v _1319_/X (sky130_fd_sc_hd__or3_2)
                                                         _0456_ (net)
                      0.099489    0.000018    3.530400 v _1322_/A1 (sky130_fd_sc_hd__a211o_2)
     3    0.009155    0.066874    0.333566    3.863966 v _1322_/X (sky130_fd_sc_hd__a211o_2)
                                                         _0459_ (net)
                      0.066874    0.000012    3.863978 v _1324_/A2 (sky130_fd_sc_hd__a21o_2)
     2    0.007163    0.044230    0.227693    4.091671 v _1324_/X (sky130_fd_sc_hd__a21o_2)
                                                         _0461_ (net)
                      0.044230    0.000026    4.091696 v _1327_/A2 (sky130_fd_sc_hd__a21o_2)
     3    0.010875    0.055046    0.230868    4.322565 v _1327_/X (sky130_fd_sc_hd__a21o_2)
                                                         _0464_ (net)
                      0.055046    0.000010    4.322575 v _1328_/C (sky130_fd_sc_hd__and3_2)
     3    0.009299    0.053173    0.229741    4.552315 v _1328_/X (sky130_fd_sc_hd__and3_2)
                                                         _0465_ (net)
                      0.053173    0.000028    4.552342 v _1333_/A1 (sky130_fd_sc_hd__o211a_2)
     2    0.006779    0.052141    0.270651    4.822993 v _1333_/X (sky130_fd_sc_hd__o211a_2)
                                                         _0470_ (net)
                      0.052141    0.000015    4.823009 v _1334_/C1 (sky130_fd_sc_hd__a211o_2)
     4    0.015029    0.078601    0.310243    5.133251 v _1334_/X (sky130_fd_sc_hd__a211o_2)
                                                         _0471_ (net)
                      0.078601    0.000043    5.133294 v _1336_/B1 (sky130_fd_sc_hd__o211a_2)
     3    0.010409    0.059725    0.166175    5.299469 v _1336_/X (sky130_fd_sc_hd__o211a_2)
                                                         _0473_ (net)
                      0.059725    0.000008    5.299476 v _1338_/A (sky130_fd_sc_hd__or2_2)
     2    0.010661    0.076818    0.328809    5.628285 v _1338_/X (sky130_fd_sc_hd__or2_2)
                                                         _0475_ (net)
                      0.076818    0.000038    5.628323 v _1339_/B (sky130_fd_sc_hd__xor2_2)
     3    0.009629    0.167129    0.175806    5.804130 ^ _1339_/X (sky130_fd_sc_hd__xor2_2)
                                                         _0476_ (net)
                      0.167129    0.000004    5.804133 ^ _1385_/C_N (sky130_fd_sc_hd__or3b_2)
     3    0.013202    0.110847    0.514031    6.318164 v _1385_/X (sky130_fd_sc_hd__or3b_2)
                                                         _0521_ (net)
                      0.110847    0.000294    6.318459 v _1479_/A1 (sky130_fd_sc_hd__a311o_2)
     4    0.017004    0.089555    0.386684    6.705142 v _1479_/X (sky130_fd_sc_hd__a311o_2)
                                                         _0613_ (net)
                      0.089555    0.000288    6.705430 v _1552_/A1 (sky130_fd_sc_hd__a21o_2)
     2    0.006273    0.042149    0.211487    6.916917 v _1552_/X (sky130_fd_sc_hd__a21o_2)
                                                         _0684_ (net)
                      0.042149    0.000023    6.916940 v _1553_/B (sky130_fd_sc_hd__or2_2)
     3    0.009957    0.077041    0.299512    7.216452 v _1553_/X (sky130_fd_sc_hd__or2_2)
                                                         _0685_ (net)
                      0.077041    0.000024    7.216476 v _1587_/A2 (sky130_fd_sc_hd__a31o_2)
     1    0.002507    0.038736    0.234790    7.451266 v _1587_/X (sky130_fd_sc_hd__a31o_2)
                                                         _0718_ (net)
                      0.038736    0.000004    7.451269 v _1588_/B2 (sky130_fd_sc_hd__o221a_2)
     1    0.002412    0.042548    0.215216    7.666485 v _1588_/X (sky130_fd_sc_hd__o221a_2)
                                                         _0032_ (net)
                      0.042548    0.000007    7.666492 v _2104_/D (sky130_fd_sc_hd__dfxtp_2)
                                              7.666492   data arrival time

                                 20.000000   20.000000   clock aclk (rise edge)
                                  0.000000   20.000000   clock source latency
    50    0.152256    0.683598    0.471061   20.471062 ^ aclk (in)
                                                         aclk (net)
                      0.683610    0.000000   20.471062 ^ _2104_/CLK (sky130_fd_sc_hd__dfxtp_2)
                                 -0.250000   20.221064   clock uncertainty
                                  0.000000   20.221064   clock reconvergence pessimism
                                  0.010705   20.231768   library setup time
                                             20.231768   data required time
---------------------------------------------------------------------------------------------
                                             20.231768   data required time
                                             -7.666492   data arrival time
---------------------------------------------------------------------------------------------
                                             12.565274   slack (MET)


Startpoint: _2088_ (rising edge-triggered flip-flop clocked by aclk)
Endpoint: _2103_ (rising edge-triggered flip-flop clocked by aclk)
Path Group: aclk
Path Type: max

Fanout         Cap        Slew       Delay        Time   Description
---------------------------------------------------------------------------------------------
                                  0.000000    0.000000   clock aclk (rise edge)
                                  0.000000    0.000000   clock source latency
    50    0.152256    0.683598    0.473067    0.473067 ^ aclk (in)
                                                         aclk (net)
                      0.683638    0.000000    0.473067 ^ _2088_/CLK (sky130_fd_sc_hd__dfxtp_2)
    54    0.209787    1.038508    1.166601    1.639668 ^ _2088_/Q (sky130_fd_sc_hd__dfxtp_2)
                                                         internal_rssi[7] (net)
                      1.038508    0.002099    1.641767 ^ _1270_/A (sky130_fd_sc_hd__nand2_2)
    63    0.259769    1.052711    1.077259    2.719026 v _1270_/Y (sky130_fd_sc_hd__nand2_2)
                                                         _0408_ (net)
                      1.053067    0.010388    2.729414 v _1319_/A (sky130_fd_sc_hd__or3_2)
     2    0.007108    0.099489    0.800968    3.530382 v _1319_/X (sky130_fd_sc_hd__or3_2)
                                                         _0456_ (net)
                      0.099489    0.000018    3.530400 v _1322_/A1 (sky130_fd_sc_hd__a211o_2)
     3    0.009155    0.066874    0.333566    3.863966 v _1322_/X (sky130_fd_sc_hd__a211o_2)
                                                         _0459_ (net)
                      0.066874    0.000012    3.863978 v _1324_/A2 (sky130_fd_sc_hd__a21o_2)
     2    0.007163    0.044230    0.227693    4.091671 v _1324_/X (sky130_fd_sc_hd__a21o_2)
                                                         _0461_ (net)
                      0.044230    0.000026    4.091696 v _1327_/A2 (sky130_fd_sc_hd__a21o_2)
     3    0.010875    0.055046    0.230868    4.322565 v _1327_/X (sky130_fd_sc_hd__a21o_2)
                                                         _0464_ (net)
                      0.055046    0.000010    4.322575 v _1328_/C (sky130_fd_sc_hd__and3_2)
     3    0.009299    0.053173    0.229741    4.552315 v _1328_/X (sky130_fd_sc_hd__and3_2)
                                                         _0465_ (net)
                      0.053173    0.000028    4.552342 v _1333_/A1 (sky130_fd_sc_hd__o211a_2)
     2    0.006779    0.052141    0.270651    4.822993 v _1333_/X (sky130_fd_sc_hd__o211a_2)
                                                         _0470_ (net)
                      0.052141    0.000015    4.823009 v _1334_/C1 (sky130_fd_sc_hd__a211o_2)
     4    0.015029    0.078601    0.310243    5.133251 v _1334_/X (sky130_fd_sc_hd__a211o_2)
                                                         _0471_ (net)
                      0.078601    0.000043    5.133294 v _1336_/B1 (sky130_fd_sc_hd__o211a_2)
     3    0.010409    0.059725    0.166175    5.299469 v _1336_/X (sky130_fd_sc_hd__o211a_2)
                                                         _0473_ (net)
                      0.059725    0.000008    5.299476 v _1338_/A (sky130_fd_sc_hd__or2_2)
     2    0.010661    0.076818    0.328809    5.628285 v _1338_/X (sky130_fd_sc_hd__or2_2)
                                                         _0475_ (net)
                      0.076818    0.000038    5.628323 v _1339_/B (sky130_fd_sc_hd__xor2_2)
     3    0.009629    0.167129    0.175806    5.804130 ^ _1339_/X (sky130_fd_sc_hd__xor2_2)
                                                         _0476_ (net)
                      0.167129    0.000004    5.804133 ^ _1385_/C_N (sky130_fd_sc_hd__or3b_2)
     3    0.013202    0.110847    0.514031    6.318164 v _1385_/X (sky130_fd_sc_hd__or3b_2)
                                                         _0521_ (net)
                      0.110847    0.000294    6.318459 v _1479_/A1 (sky130_fd_sc_hd__a311o_2)
     4    0.017004    0.089555    0.386684    6.705142 v _1479_/X (sky130_fd_sc_hd__a311o_2)
                                                         _0613_ (net)
                      0.089555    0.000288    6.705430 v _1552_/A1 (sky130_fd_sc_hd__a21o_2)
     2    0.006273    0.042149    0.211487    6.916917 v _1552_/X (sky130_fd_sc_hd__a21o_2)
                                                         _0684_ (net)
                      0.042149    0.000023    6.916940 v _1553_/B (sky130_fd_sc_hd__or2_2)
     3    0.009957    0.077041    0.299512    7.216452 v _1553_/X (sky130_fd_sc_hd__or2_2)
                                                         _0685_ (net)
                      0.077041    0.000013    7.216465 v _1555_/A1 (sky130_fd_sc_hd__a21o_2)
     1    0.002978    0.036460    0.194036    7.410501 v _1555_/X (sky130_fd_sc_hd__a21o_2)
                                                         _0687_ (net)
                      0.036460    0.000012    7.410512 v _1556_/B1 (sky130_fd_sc_hd__o211a_2)
     1    0.002119    0.040168    0.120610    7.531122 v _1556_/X (sky130_fd_sc_hd__o211a_2)
                                                         _0031_ (net)
                      0.040168    0.000004    7.531126 v _2103_/D (sky130_fd_sc_hd__dfxtp_2)
                                              7.531126   data arrival time

                                 20.000000   20.000000   clock aclk (rise edge)
                                  0.000000   20.000000   clock source latency
    50    0.152256    0.683598    0.471163   20.471163 ^ aclk (in)
                                                         aclk (net)
                      0.683611    0.000000   20.471163 ^ _2103_/CLK (sky130_fd_sc_hd__dfxtp_2)
                                 -0.250000   20.221165   clock uncertainty
                                  0.000000   20.221165   clock reconvergence pessimism
                                  0.011719   20.232883   library setup time
                                             20.232883   data required time
---------------------------------------------------------------------------------------------
                                             20.232883   data required time
                                             -7.531126   data arrival time
---------------------------------------------------------------------------------------------
                                             12.701756   slack (MET)


Startpoint: _2088_ (rising edge-triggered flip-flop clocked by aclk)
Endpoint: _2102_ (rising edge-triggered flip-flop clocked by aclk)
Path Group: aclk
Path Type: max

Fanout         Cap        Slew       Delay        Time   Description
---------------------------------------------------------------------------------------------
                                  0.000000    0.000000   clock aclk (rise edge)
                                  0.000000    0.000000   clock source latency
    50    0.152256    0.683598    0.473067    0.473067 ^ aclk (in)
                                                         aclk (net)
                      0.683638    0.000000    0.473067 ^ _2088_/CLK (sky130_fd_sc_hd__dfxtp_2)
    54    0.209787    1.038508    1.166601    1.639668 ^ _2088_/Q (sky130_fd_sc_hd__dfxtp_2)
                                                         internal_rssi[7] (net)
                      1.038508    0.002099    1.641767 ^ _1270_/A (sky130_fd_sc_hd__nand2_2)
    63    0.259769    1.052711    1.077259    2.719026 v _1270_/Y (sky130_fd_sc_hd__nand2_2)
                                                         _0408_ (net)
                      1.053067    0.010388    2.729414 v _1319_/A (sky130_fd_sc_hd__or3_2)
     2    0.007108    0.099489    0.800968    3.530382 v _1319_/X (sky130_fd_sc_hd__or3_2)
                                                         _0456_ (net)
                      0.099489    0.000018    3.530400 v _1322_/A1 (sky130_fd_sc_hd__a211o_2)
     3    0.009155    0.066874    0.333566    3.863966 v _1322_/X (sky130_fd_sc_hd__a211o_2)
                                                         _0459_ (net)
                      0.066874    0.000012    3.863978 v _1324_/A2 (sky130_fd_sc_hd__a21o_2)
     2    0.007163    0.044230    0.227693    4.091671 v _1324_/X (sky130_fd_sc_hd__a21o_2)
                                                         _0461_ (net)
                      0.044230    0.000026    4.091696 v _1327_/A2 (sky130_fd_sc_hd__a21o_2)
     3    0.010875    0.055046    0.230868    4.322565 v _1327_/X (sky130_fd_sc_hd__a21o_2)
                                                         _0464_ (net)
                      0.055046    0.000010    4.322575 v _1328_/C (sky130_fd_sc_hd__and3_2)
     3    0.009299    0.053173    0.229741    4.552315 v _1328_/X (sky130_fd_sc_hd__and3_2)
                                                         _0465_ (net)
                      0.053173    0.000028    4.552342 v _1333_/A1 (sky130_fd_sc_hd__o211a_2)
     2    0.006779    0.052141    0.270651    4.822993 v _1333_/X (sky130_fd_sc_hd__o211a_2)
                                                         _0470_ (net)
                      0.052141    0.000015    4.823009 v _1334_/C1 (sky130_fd_sc_hd__a211o_2)
     4    0.015029    0.078601    0.310243    5.133251 v _1334_/X (sky130_fd_sc_hd__a211o_2)
                                                         _0471_ (net)
                      0.078601    0.000043    5.133294 v _1336_/B1 (sky130_fd_sc_hd__o211a_2)
     3    0.010409    0.059725    0.166175    5.299469 v _1336_/X (sky130_fd_sc_hd__o211a_2)
                                                         _0473_ (net)
                      0.059725    0.000008    5.299476 v _1338_/A (sky130_fd_sc_hd__or2_2)
     2    0.010661    0.076818    0.328809    5.628285 v _1338_/X (sky130_fd_sc_hd__or2_2)
                                                         _0475_ (net)
                      0.076818    0.000038    5.628323 v _1339_/B (sky130_fd_sc_hd__xor2_2)
     3    0.009629    0.167129    0.175806    5.804130 ^ _1339_/X (sky130_fd_sc_hd__xor2_2)
                                                         _0476_ (net)
                      0.167129    0.000004    5.804133 ^ _1385_/C_N (sky130_fd_sc_hd__or3b_2)
     3    0.013202    0.110847    0.514031    6.318164 v _1385_/X (sky130_fd_sc_hd__or3b_2)
                                                         _0521_ (net)
                      0.110847    0.000294    6.318459 v _1479_/A1 (sky130_fd_sc_hd__a311o_2)
     4    0.017004    0.089555    0.386684    6.705142 v _1479_/X (sky130_fd_sc_hd__a311o_2)
                                                         _0613_ (net)
                      0.089555    0.000255    6.705398 v _1517_/A2 (sky130_fd_sc_hd__a31o_2)
     1    0.002505    0.038730    0.240016    6.945414 v _1517_/X (sky130_fd_sc_hd__a31o_2)
                                                         _0650_ (net)
                      0.038730    0.000004    6.945418 v _1518_/B2 (sky130_fd_sc_hd__o221a_2)
     1    0.001847    0.040726    0.212025    7.157443 v _1518_/X (sky130_fd_sc_hd__o221a_2)
                                                         _0030_ (net)
                      0.040726    0.000002    7.157444 v _2102_/D (sky130_fd_sc_hd__dfxtp_2)
                                              7.157444   data arrival time

                                 20.000000   20.000000   clock aclk (rise edge)
                                  0.000000   20.000000   clock source latency
    50    0.152256    0.683598    0.471491   20.471491 ^ aclk (in)
                                                         aclk (net)
                      0.683614    0.000000   20.471491 ^ _2102_/CLK (sky130_fd_sc_hd__dfxtp_2)
                                 -0.250000   20.221493   clock uncertainty
                                  0.000000   20.221493   clock reconvergence pessimism
                                  0.011482   20.232975   library setup time
                                             20.232975   data required time
---------------------------------------------------------------------------------------------
                                             20.232975   data required time
                                             -7.157444   data arrival time
---------------------------------------------------------------------------------------------
                                             13.075530   slack (MET)


Startpoint: _2088_ (rising edge-triggered flip-flop clocked by aclk)
Endpoint: _2100_ (rising edge-triggered flip-flop clocked by aclk)
Path Group: aclk
Path Type: max

Fanout         Cap        Slew       Delay        Time   Description
---------------------------------------------------------------------------------------------
                                  0.000000    0.000000   clock aclk (rise edge)
                                  0.000000    0.000000   clock source latency
    50    0.152256    0.683598    0.473067    0.473067 ^ aclk (in)
                                                         aclk (net)
                      0.683638    0.000000    0.473067 ^ _2088_/CLK (sky130_fd_sc_hd__dfxtp_2)
    54    0.209787    1.038508    1.166601    1.639668 ^ _2088_/Q (sky130_fd_sc_hd__dfxtp_2)
                                                         internal_rssi[7] (net)
                      1.038508    0.002099    1.641767 ^ _1270_/A (sky130_fd_sc_hd__nand2_2)
    63    0.259769    1.052711    1.077259    2.719026 v _1270_/Y (sky130_fd_sc_hd__nand2_2)
                                                         _0408_ (net)
                      1.053067    0.010388    2.729414 v _1319_/A (sky130_fd_sc_hd__or3_2)
     2    0.007108    0.099489    0.800968    3.530382 v _1319_/X (sky130_fd_sc_hd__or3_2)
                                                         _0456_ (net)
                      0.099489    0.000018    3.530400 v _1322_/A1 (sky130_fd_sc_hd__a211o_2)
     3    0.009155    0.066874    0.333566    3.863966 v _1322_/X (sky130_fd_sc_hd__a211o_2)
                                                         _0459_ (net)
                      0.066874    0.000012    3.863978 v _1324_/A2 (sky130_fd_sc_hd__a21o_2)
     2    0.007163    0.044230    0.227693    4.091671 v _1324_/X (sky130_fd_sc_hd__a21o_2)
                                                         _0461_ (net)
                      0.044230    0.000026    4.091696 v _1327_/A2 (sky130_fd_sc_hd__a21o_2)
     3    0.010875    0.055046    0.230868    4.322565 v _1327_/X (sky130_fd_sc_hd__a21o_2)
                                                         _0464_ (net)
                      0.055046    0.000010    4.322575 v _1328_/C (sky130_fd_sc_hd__and3_2)
     3    0.009299    0.053173    0.229741    4.552315 v _1328_/X (sky130_fd_sc_hd__and3_2)
                                                         _0465_ (net)
                      0.053173    0.000028    4.552342 v _1333_/A1 (sky130_fd_sc_hd__o211a_2)
     2    0.006779    0.052141    0.270651    4.822993 v _1333_/X (sky130_fd_sc_hd__o211a_2)
                                                         _0470_ (net)
                      0.052141    0.000015    4.823009 v _1334_/C1 (sky130_fd_sc_hd__a211o_2)
     4    0.015029    0.078601    0.310243    5.133251 v _1334_/X (sky130_fd_sc_hd__a211o_2)
                                                         _0471_ (net)
                      0.078601    0.000043    5.133294 v _1336_/B1 (sky130_fd_sc_hd__o211a_2)
     3    0.010409    0.059725    0.166175    5.299469 v _1336_/X (sky130_fd_sc_hd__o211a_2)
                                                         _0473_ (net)
                      0.059725    0.000008    5.299476 v _1338_/A (sky130_fd_sc_hd__or2_2)
     2    0.010661    0.076818    0.328809    5.628285 v _1338_/X (sky130_fd_sc_hd__or2_2)
                                                         _0475_ (net)
                      0.076818    0.000038    5.628323 v _1339_/B (sky130_fd_sc_hd__xor2_2)
     3    0.009629    0.167129    0.175806    5.804130 ^ _1339_/X (sky130_fd_sc_hd__xor2_2)
                                                         _0476_ (net)
                      0.167129    0.000004    5.804133 ^ _1385_/C_N (sky130_fd_sc_hd__or3b_2)
     3    0.013202    0.110847    0.514031    6.318164 v _1385_/X (sky130_fd_sc_hd__or3b_2)
                                                         _0521_ (net)
                      0.110847    0.000269    6.318433 v _1387_/A (sky130_fd_sc_hd__nand2_2)
     2    0.013590    0.089040    0.115346    6.433779 ^ _1387_/Y (sky130_fd_sc_hd__nand2_2)
                                                         _0523_ (net)
                      0.089040    0.000016    6.433795 ^ _1388_/B (sky130_fd_sc_hd__nand2_2)
     2    0.007260    0.051855    0.067426    6.501222 v _1388_/Y (sky130_fd_sc_hd__nand2_2)
                                                         _0524_ (net)
                      0.051855    0.000015    6.501236 v _1433_/A2 (sky130_fd_sc_hd__a31o_2)
     1    0.002730    0.039416    0.225379    6.726615 v _1433_/X (sky130_fd_sc_hd__a31o_2)
                                                         _0568_ (net)
                      0.039416    0.000006    6.726622 v _1434_/B2 (sky130_fd_sc_hd__o221a_2)
     1    0.002081    0.041479    0.213591    6.940213 v _1434_/X (sky130_fd_sc_hd__o221a_2)
                                                         _0028_ (net)
                      0.041479    0.000004    6.940216 v _2100_/D (sky130_fd_sc_hd__dfxtp_2)
                                              6.940216   data arrival time

                                 20.000000   20.000000   clock aclk (rise edge)
                                  0.000000   20.000000   clock source latency
    50    0.152256    0.683598    0.471999   20.472000 ^ aclk (in)
                                                         aclk (net)
                      0.683621    0.000000   20.472000 ^ _2100_/CLK (sky130_fd_sc_hd__dfxtp_2)
                                 -0.250000   20.222000   clock uncertainty
                                  0.000000   20.222000   clock reconvergence pessimism
                                  0.011161   20.233162   library setup time
                                             20.233162   data required time
---------------------------------------------------------------------------------------------
                                             20.233162   data required time
                                             -6.940216   data arrival time
---------------------------------------------------------------------------------------------
                                             13.292946   slack (MET)


Startpoint: _2088_ (rising edge-triggered flip-flop clocked by aclk)
Endpoint: _2101_ (rising edge-triggered flip-flop clocked by aclk)
Path Group: aclk
Path Type: max

Fanout         Cap        Slew       Delay        Time   Description
---------------------------------------------------------------------------------------------
                                  0.000000    0.000000   clock aclk (rise edge)
                                  0.000000    0.000000   clock source latency
    50    0.152256    0.683598    0.473067    0.473067 ^ aclk (in)
                                                         aclk (net)
                      0.683638    0.000000    0.473067 ^ _2088_/CLK (sky130_fd_sc_hd__dfxtp_2)
    54    0.209787    1.038508    1.166601    1.639668 ^ _2088_/Q (sky130_fd_sc_hd__dfxtp_2)
                                                         internal_rssi[7] (net)
                      1.038508    0.002099    1.641767 ^ _1270_/A (sky130_fd_sc_hd__nand2_2)
    63    0.259769    1.052711    1.077259    2.719026 v _1270_/Y (sky130_fd_sc_hd__nand2_2)
                                                         _0408_ (net)
                      1.053067    0.010388    2.729414 v _1319_/A (sky130_fd_sc_hd__or3_2)
     2    0.007108    0.099489    0.800968    3.530382 v _1319_/X (sky130_fd_sc_hd__or3_2)
                                                         _0456_ (net)
                      0.099489    0.000018    3.530400 v _1322_/A1 (sky130_fd_sc_hd__a211o_2)
     3    0.009155    0.066874    0.333566    3.863966 v _1322_/X (sky130_fd_sc_hd__a211o_2)
                                                         _0459_ (net)
                      0.066874    0.000012    3.863978 v _1324_/A2 (sky130_fd_sc_hd__a21o_2)
     2    0.007163    0.044230    0.227693    4.091671 v _1324_/X (sky130_fd_sc_hd__a21o_2)
                                                         _0461_ (net)
                      0.044230    0.000026    4.091696 v _1327_/A2 (sky130_fd_sc_hd__a21o_2)
     3    0.010875    0.055046    0.230868    4.322565 v _1327_/X (sky130_fd_sc_hd__a21o_2)
                                                         _0464_ (net)
                      0.055046    0.000010    4.322575 v _1328_/C (sky130_fd_sc_hd__and3_2)
     3    0.009299    0.053173    0.229741    4.552315 v _1328_/X (sky130_fd_sc_hd__and3_2)
                                                         _0465_ (net)
                      0.053173    0.000028    4.552342 v _1333_/A1 (sky130_fd_sc_hd__o211a_2)
     2    0.006779    0.052141    0.270651    4.822993 v _1333_/X (sky130_fd_sc_hd__o211a_2)
                                                         _0470_ (net)
                      0.052141    0.000015    4.823009 v _1334_/C1 (sky130_fd_sc_hd__a211o_2)
     4    0.015029    0.078601    0.310243    5.133251 v _1334_/X (sky130_fd_sc_hd__a211o_2)
                                                         _0471_ (net)
                      0.078601    0.000043    5.133294 v _1336_/B1 (sky130_fd_sc_hd__o211a_2)
     3    0.010409    0.059725    0.166175    5.299469 v _1336_/X (sky130_fd_sc_hd__o211a_2)
                                                         _0473_ (net)
                      0.059725    0.000008    5.299476 v _1338_/A (sky130_fd_sc_hd__or2_2)
     2    0.010661    0.076818    0.328809    5.628285 v _1338_/X (sky130_fd_sc_hd__or2_2)
                                                         _0475_ (net)
                      0.076818    0.000038    5.628323 v _1339_/B (sky130_fd_sc_hd__xor2_2)
     3    0.009629    0.167129    0.175806    5.804130 ^ _1339_/X (sky130_fd_sc_hd__xor2_2)
                                                         _0476_ (net)
                      0.167129    0.000004    5.804133 ^ _1385_/C_N (sky130_fd_sc_hd__or3b_2)
     3    0.013202    0.110847    0.514031    6.318164 v _1385_/X (sky130_fd_sc_hd__or3b_2)
                                                         _0521_ (net)
                      0.110847    0.000293    6.318457 v _1478_/A1 (sky130_fd_sc_hd__a31o_2)
     1    0.008587    0.050850    0.241174    6.559631 v _1478_/X (sky130_fd_sc_hd__a31o_2)
                                                         _0612_ (net)
                      0.050850    0.000027    6.559658 v _1480_/B (sky130_fd_sc_hd__xnor2_2)
     1    0.006206    0.064302    0.134073    6.693730 v _1480_/Y (sky130_fd_sc_hd__xnor2_2)
                                                         _0614_ (net)
                      0.064302    0.000064    6.693794 v _1481_/B (sky130_fd_sc_hd__nand2_2)
     1    0.002905    0.082332    0.065379    6.759173 ^ _1481_/Y (sky130_fd_sc_hd__nand2_2)
                                                         _0615_ (net)
                      0.082332    0.000008    6.759181 ^ _1482_/B1 (sky130_fd_sc_hd__o211a_2)
     1    0.001892    0.048891    0.166014    6.925195 ^ _1482_/X (sky130_fd_sc_hd__o211a_2)
                                                         _0029_ (net)
                      0.048891    0.000002    6.925197 ^ _2101_/D (sky130_fd_sc_hd__dfxtp_2)
                                              6.925197   data arrival time

                                 20.000000   20.000000   clock aclk (rise edge)
                                  0.000000   20.000000   clock source latency
    50    0.152256    0.683598    0.471783   20.471783 ^ aclk (in)
                                                         aclk (net)
                      0.683618    0.000000   20.471783 ^ _2101_/CLK (sky130_fd_sc_hd__dfxtp_2)
                                 -0.250000   20.221785   clock uncertainty
                                  0.000000   20.221785   clock reconvergence pessimism
                                  0.013128   20.234911   library setup time
                                             20.234911   data required time
---------------------------------------------------------------------------------------------
                                             20.234911   data required time
                                             -6.925197   data arrival time
---------------------------------------------------------------------------------------------
                                             13.309714   slack (MET)


Startpoint: _2088_ (rising edge-triggered flip-flop clocked by aclk)
Endpoint: _2099_ (rising edge-triggered flip-flop clocked by aclk)
Path Group: aclk
Path Type: max

Fanout         Cap        Slew       Delay        Time   Description
---------------------------------------------------------------------------------------------
                                  0.000000    0.000000   clock aclk (rise edge)
                                  0.000000    0.000000   clock source latency
    50    0.152256    0.683598    0.473067    0.473067 ^ aclk (in)
                                                         aclk (net)
                      0.683638    0.000000    0.473067 ^ _2088_/CLK (sky130_fd_sc_hd__dfxtp_2)
    54    0.209787    1.038508    1.166601    1.639668 ^ _2088_/Q (sky130_fd_sc_hd__dfxtp_2)
                                                         internal_rssi[7] (net)
                      1.038508    0.002099    1.641767 ^ _1270_/A (sky130_fd_sc_hd__nand2_2)
    63    0.259769    1.052711    1.077259    2.719026 v _1270_/Y (sky130_fd_sc_hd__nand2_2)
                                                         _0408_ (net)
                      1.053067    0.010388    2.729414 v _1319_/A (sky130_fd_sc_hd__or3_2)
     2    0.007108    0.099489    0.800968    3.530382 v _1319_/X (sky130_fd_sc_hd__or3_2)
                                                         _0456_ (net)
                      0.099489    0.000018    3.530400 v _1322_/A1 (sky130_fd_sc_hd__a211o_2)
     3    0.009155    0.066874    0.333566    3.863966 v _1322_/X (sky130_fd_sc_hd__a211o_2)
                                                         _0459_ (net)
                      0.066874    0.000012    3.863978 v _1324_/A2 (sky130_fd_sc_hd__a21o_2)
     2    0.007163    0.044230    0.227693    4.091671 v _1324_/X (sky130_fd_sc_hd__a21o_2)
                                                         _0461_ (net)
                      0.044230    0.000026    4.091696 v _1327_/A2 (sky130_fd_sc_hd__a21o_2)
     3    0.010875    0.055046    0.230868    4.322565 v _1327_/X (sky130_fd_sc_hd__a21o_2)
                                                         _0464_ (net)
                      0.055046    0.000010    4.322575 v _1328_/C (sky130_fd_sc_hd__and3_2)
     3    0.009299    0.053173    0.229741    4.552315 v _1328_/X (sky130_fd_sc_hd__and3_2)
                                                         _0465_ (net)
                      0.053173    0.000028    4.552342 v _1333_/A1 (sky130_fd_sc_hd__o211a_2)
     2    0.006779    0.052141    0.270651    4.822993 v _1333_/X (sky130_fd_sc_hd__o211a_2)
                                                         _0470_ (net)
                      0.052141    0.000015    4.823009 v _1334_/C1 (sky130_fd_sc_hd__a211o_2)
     4    0.015029    0.078601    0.310243    5.133251 v _1334_/X (sky130_fd_sc_hd__a211o_2)
                                                         _0471_ (net)
                      0.078601    0.000043    5.133294 v _1336_/B1 (sky130_fd_sc_hd__o211a_2)
     3    0.010409    0.059725    0.166175    5.299469 v _1336_/X (sky130_fd_sc_hd__o211a_2)
                                                         _0473_ (net)
                      0.059725    0.000008    5.299476 v _1338_/A (sky130_fd_sc_hd__or2_2)
     2    0.010661    0.076818    0.328809    5.628285 v _1338_/X (sky130_fd_sc_hd__or2_2)
                                                         _0475_ (net)
                      0.076818    0.000038    5.628323 v _1339_/B (sky130_fd_sc_hd__xor2_2)
     3    0.009629    0.167129    0.175806    5.804130 ^ _1339_/X (sky130_fd_sc_hd__xor2_2)
                                                         _0476_ (net)
                      0.167129    0.000004    5.804133 ^ _1385_/C_N (sky130_fd_sc_hd__or3b_2)
     3    0.013202    0.110847    0.514031    6.318164 v _1385_/X (sky130_fd_sc_hd__or3b_2)
                                                         _0521_ (net)
                      0.110847    0.000269    6.318433 v _1387_/A (sky130_fd_sc_hd__nand2_2)
     2    0.013590    0.089040    0.115346    6.433779 ^ _1387_/Y (sky130_fd_sc_hd__nand2_2)
                                                         _0523_ (net)
                      0.089040    0.000016    6.433795 ^ _1389_/B (sky130_fd_sc_hd__xor2_2)
     1    0.002810    0.091783    0.126942    6.560737 ^ _1389_/X (sky130_fd_sc_hd__xor2_2)
                                                         _0525_ (net)
                      0.091783    0.000004    6.560740 ^ _1391_/A2 (sky130_fd_sc_hd__o211a_2)
     1    0.002063    0.049786    0.161934    6.722674 ^ _1391_/X (sky130_fd_sc_hd__o211a_2)
                                                         _0027_ (net)
                      0.049786    0.000003    6.722677 ^ _2099_/D (sky130_fd_sc_hd__dfxtp_2)
                                              6.722677   data arrival time

                                 20.000000   20.000000   clock aclk (rise edge)
                                  0.000000   20.000000   clock source latency
    50    0.152256    0.683598    0.472044   20.472044 ^ aclk (in)
                                                         aclk (net)
                      0.683621    0.000000   20.472044 ^ _2099_/CLK (sky130_fd_sc_hd__dfxtp_2)
                                 -0.250000   20.222046   clock uncertainty
                                  0.000000   20.222046   clock reconvergence pessimism
                                  0.012944   20.234989   library setup time
                                             20.234989   data required time
---------------------------------------------------------------------------------------------
                                             20.234989   data required time
                                             -6.722677   data arrival time
---------------------------------------------------------------------------------------------
                                             13.512313   slack (MET)


Startpoint: _2088_ (rising edge-triggered flip-flop clocked by aclk)
Endpoint: _2098_ (rising edge-triggered flip-flop clocked by aclk)
Path Group: aclk
Path Type: max

Fanout         Cap        Slew       Delay        Time   Description
---------------------------------------------------------------------------------------------
                                  0.000000    0.000000   clock aclk (rise edge)
                                  0.000000    0.000000   clock source latency
    50    0.152256    0.683598    0.473067    0.473067 ^ aclk (in)
                                                         aclk (net)
                      0.683638    0.000000    0.473067 ^ _2088_/CLK (sky130_fd_sc_hd__dfxtp_2)
    54    0.209787    1.038508    1.166601    1.639668 ^ _2088_/Q (sky130_fd_sc_hd__dfxtp_2)
                                                         internal_rssi[7] (net)
                      1.038508    0.002099    1.641767 ^ _1270_/A (sky130_fd_sc_hd__nand2_2)
    63    0.259769    1.052711    1.077259    2.719026 v _1270_/Y (sky130_fd_sc_hd__nand2_2)
                                                         _0408_ (net)
                      1.053067    0.010388    2.729414 v _1319_/A (sky130_fd_sc_hd__or3_2)
     2    0.007108    0.099489    0.800968    3.530382 v _1319_/X (sky130_fd_sc_hd__or3_2)
                                                         _0456_ (net)
                      0.099489    0.000018    3.530400 v _1322_/A1 (sky130_fd_sc_hd__a211o_2)
     3    0.009155    0.066874    0.333566    3.863966 v _1322_/X (sky130_fd_sc_hd__a211o_2)
                                                         _0459_ (net)
                      0.066874    0.000012    3.863978 v _1324_/A2 (sky130_fd_sc_hd__a21o_2)
     2    0.007163    0.044230    0.227693    4.091671 v _1324_/X (sky130_fd_sc_hd__a21o_2)
                                                         _0461_ (net)
                      0.044230    0.000026    4.091696 v _1327_/A2 (sky130_fd_sc_hd__a21o_2)
     3    0.010875    0.055046    0.230868    4.322565 v _1327_/X (sky130_fd_sc_hd__a21o_2)
                                                         _0464_ (net)
                      0.055046    0.000010    4.322575 v _1328_/C (sky130_fd_sc_hd__and3_2)
     3    0.009299    0.053173    0.229741    4.552315 v _1328_/X (sky130_fd_sc_hd__and3_2)
                                                         _0465_ (net)
                      0.053173    0.000028    4.552342 v _1333_/A1 (sky130_fd_sc_hd__o211a_2)
     2    0.006779    0.052141    0.270651    4.822993 v _1333_/X (sky130_fd_sc_hd__o211a_2)
                                                         _0470_ (net)
                      0.052141    0.000015    4.823009 v _1334_/C1 (sky130_fd_sc_hd__a211o_2)
     4    0.015029    0.078601    0.310243    5.133251 v _1334_/X (sky130_fd_sc_hd__a211o_2)
                                                         _0471_ (net)
                      0.078601    0.000043    5.133294 v _1336_/B1 (sky130_fd_sc_hd__o211a_2)
     3    0.010409    0.059725    0.166175    5.299469 v _1336_/X (sky130_fd_sc_hd__o211a_2)
                                                         _0473_ (net)
                      0.059725    0.000008    5.299476 v _1338_/A (sky130_fd_sc_hd__or2_2)
     2    0.010661    0.076818    0.328809    5.628285 v _1338_/X (sky130_fd_sc_hd__or2_2)
                                                         _0475_ (net)
                      0.076818    0.000038    5.628323 v _1339_/B (sky130_fd_sc_hd__xor2_2)
     3    0.008648    0.058844    0.164433    5.792757 v _1339_/X (sky130_fd_sc_hd__xor2_2)
                                                         _0476_ (net)
                      0.058844    0.000019    5.792775 v _1341_/A3 (sky130_fd_sc_hd__a31o_2)
     1    0.002637    0.039130    0.240815    6.033590 v _1341_/X (sky130_fd_sc_hd__a31o_2)
                                                         _0478_ (net)
                      0.039130    0.000004    6.033595 v _1342_/B2 (sky130_fd_sc_hd__o221a_2)
     1    0.001772    0.040483    0.211746    6.245341 v _1342_/X (sky130_fd_sc_hd__o221a_2)
                                                         _0026_ (net)
                      0.040483    0.000000    6.245342 v _2098_/D (sky130_fd_sc_hd__dfxtp_2)
                                              6.245342   data arrival time

                                 20.000000   20.000000   clock aclk (rise edge)
                                  0.000000   20.000000   clock source latency
    50    0.152256    0.683598    0.472168   20.472168 ^ aclk (in)
                                                         aclk (net)
                      0.683623    0.000000   20.472168 ^ _2098_/CLK (sky130_fd_sc_hd__dfxtp_2)
                                 -0.250000   20.222170   clock uncertainty
                                  0.000000   20.222170   clock reconvergence pessimism
                                  0.011586   20.233755   library setup time
                                             20.233755   data required time
---------------------------------------------------------------------------------------------
                                             20.233755   data required time
                                             -6.245342   data arrival time
---------------------------------------------------------------------------------------------
                                             13.988413   slack (MET)


Startpoint: _2088_ (rising edge-triggered flip-flop clocked by aclk)
Endpoint: _2097_ (rising edge-triggered flip-flop clocked by aclk)
Path Group: aclk
Path Type: max

Fanout         Cap        Slew       Delay        Time   Description
---------------------------------------------------------------------------------------------
                                  0.000000    0.000000   clock aclk (rise edge)
                                  0.000000    0.000000   clock source latency
    50    0.152256    0.683598    0.473067    0.473067 ^ aclk (in)
                                                         aclk (net)
                      0.683638    0.000000    0.473067 ^ _2088_/CLK (sky130_fd_sc_hd__dfxtp_2)
    54    0.209787    1.038508    1.166601    1.639668 ^ _2088_/Q (sky130_fd_sc_hd__dfxtp_2)
                                                         internal_rssi[7] (net)
                      1.038508    0.002099    1.641767 ^ _1270_/A (sky130_fd_sc_hd__nand2_2)
    63    0.259769    1.052711    1.077259    2.719026 v _1270_/Y (sky130_fd_sc_hd__nand2_2)
                                                         _0408_ (net)
                      1.053069    0.010449    2.729475 v _1274_/A (sky130_fd_sc_hd__or3_2)
     2    0.007380    0.096642    0.802536    3.532010 v _1274_/X (sky130_fd_sc_hd__or3_2)
                                                         _0412_ (net)
                      0.096642    0.000030    3.532041 v _1278_/A1 (sky130_fd_sc_hd__a21o_2)
     3    0.009194    0.050806    0.223745    3.755786 v _1278_/X (sky130_fd_sc_hd__a21o_2)
                                                         _0416_ (net)
                      0.050806    0.000010    3.755796 v _1280_/A2 (sky130_fd_sc_hd__a21o_2)
     2    0.006890    0.045148    0.220484    3.976280 v _1280_/X (sky130_fd_sc_hd__a21o_2)
                                                         _0418_ (net)
                      0.045148    0.000009    3.976289 v _1283_/A2 (sky130_fd_sc_hd__a21o_2)
     2    0.006875    0.045105    0.218079    4.194368 v _1283_/X (sky130_fd_sc_hd__a21o_2)
                                                         _0421_ (net)
                      0.045105    0.000009    4.194378 v _1285_/A2 (sky130_fd_sc_hd__a21o_2)
     2    0.007507    0.045066    0.220129    4.414506 v _1285_/X (sky130_fd_sc_hd__a21o_2)
                                                         _0423_ (net)
                      0.045066    0.000024    4.414531 v _1286_/C1 (sky130_fd_sc_hd__o211a_2)
     4    0.013439    0.065291    0.141166    4.555696 v _1286_/X (sky130_fd_sc_hd__o211a_2)
                                                         _0424_ (net)
                      0.065291    0.000017    4.555713 v _1288_/B (sky130_fd_sc_hd__nor3_2)
     3    0.012527    0.261837    0.255212    4.810925 ^ _1288_/Y (sky130_fd_sc_hd__nor3_2)
                                                         _0426_ (net)
                      0.261837    0.000008    4.810934 ^ _1290_/A (sky130_fd_sc_hd__nor2_2)
     2    0.012819    0.076371    0.103948    4.914882 v _1290_/Y (sky130_fd_sc_hd__nor2_2)
                                                         _0428_ (net)
                      0.076371    0.000039    4.914921 v _1292_/B (sky130_fd_sc_hd__xnor2_2)
     2    0.010210    0.072814    0.158028    5.072949 v _1292_/Y (sky130_fd_sc_hd__xnor2_2)
                                                         _0430_ (net)
                      0.072814    0.000016    5.072964 v _1295_/A (sky130_fd_sc_hd__xor2_2)
     3    0.008051    0.106808    0.189484    5.262449 v _1295_/X (sky130_fd_sc_hd__xor2_2)
                                                         _0433_ (net)
                      0.106808    0.000030    5.262479 v _1296_/B (sky130_fd_sc_hd__or2_2)
     3    0.009568    0.075843    0.321694    5.584172 v _1296_/X (sky130_fd_sc_hd__or2_2)
                                                         _0434_ (net)
                      0.075843    0.000014    5.584187 v _1298_/A1 (sky130_fd_sc_hd__a21o_2)
     1    0.003192    0.036891    0.194541    5.778728 v _1298_/X (sky130_fd_sc_hd__a21o_2)
                                                         _0436_ (net)
                      0.036891    0.000013    5.778740 v _1299_/B1 (sky130_fd_sc_hd__o211a_2)
     1    0.001901    0.039448    0.119925    5.898666 v _1299_/X (sky130_fd_sc_hd__o211a_2)
                                                         _0025_ (net)
                      0.039448    0.000002    5.898667 v _2097_/D (sky130_fd_sc_hd__dfxtp_2)
                                              5.898667   data arrival time

                                 20.000000   20.000000   clock aclk (rise edge)
                                  0.000000   20.000000   clock source latency
    50    0.152256    0.683598    0.472157   20.472158 ^ aclk (in)
                                                         aclk (net)
                      0.683623    0.000000   20.472158 ^ _2097_/CLK (sky130_fd_sc_hd__dfxtp_2)
                                 -0.250000   20.222158   clock uncertainty
                                  0.000000   20.222158   clock reconvergence pessimism
                                  0.012027   20.234186   library setup time
                                             20.234186   data required time
---------------------------------------------------------------------------------------------
                                             20.234186   data required time
                                             -5.898667   data arrival time
---------------------------------------------------------------------------------------------
                                             14.335519   slack (MET)


Startpoint: _2119_ (rising edge-triggered flip-flop clocked by aclk)
Endpoint: m_axis_tdata[30] (output port clocked by aclk)
Path Group: aclk
Path Type: max

Fanout         Cap        Slew       Delay        Time   Description
---------------------------------------------------------------------------------------------
                                  0.000000    0.000000   clock aclk (rise edge)
                                  0.000000    0.000000   clock source latency
    50    0.152256    0.683598    0.471651    0.471651 ^ aclk (in)
                                                         aclk (net)
                      0.683616    0.000000    0.471651 ^ _2119_/CLK (sky130_fd_sc_hd__dfxtp_2)
     5    0.055374    0.279459    0.640374    1.112025 ^ _2119_/Q (sky130_fd_sc_hd__dfxtp_2)
                                                         m_axis_tdata[30] (net)
                      0.279459    0.000173    1.112198 ^ m_axis_tdata[30] (out)
                                              1.112198   data arrival time

                                 20.000000   20.000000   clock aclk (rise edge)
                                  0.000000   20.000000   clock network delay (propagated)
                                 -0.250000   19.750002   clock uncertainty
                                  0.000000   19.750002   clock reconvergence pessimism
                                 -4.000000   15.750001   output external delay
                                             15.750001   data required time
---------------------------------------------------------------------------------------------
                                             15.750001   data required time
                                             -1.112198   data arrival time
---------------------------------------------------------------------------------------------
                                             14.637803   slack (MET)


Startpoint: _2096_ (rising edge-triggered flip-flop clocked by aclk)
Endpoint: m_axis_tdata[7] (output port clocked by aclk)
Path Group: aclk
Path Type: max

Fanout         Cap        Slew       Delay        Time   Description
---------------------------------------------------------------------------------------------
                                  0.000000    0.000000   clock aclk (rise edge)
                                  0.000000    0.000000   clock source latency
    50    0.152256    0.683598    0.474446    0.474446 ^ aclk (in)
                                                         aclk (net)
                      0.683668    0.000000    0.474446 ^ _2096_/CLK (sky130_fd_sc_hd__dfxtp_2)
     4    0.050662    0.256473    0.624190    1.098636 ^ _2096_/Q (sky130_fd_sc_hd__dfxtp_2)
                                                         m_axis_tdata[7] (net)
                      0.256473    0.000285    1.098921 ^ m_axis_tdata[7] (out)
                                              1.098921   data arrival time

                                 20.000000   20.000000   clock aclk (rise edge)
                                  0.000000   20.000000   clock network delay (propagated)
                                 -0.250000   19.750002   clock uncertainty
                                  0.000000   19.750002   clock reconvergence pessimism
                                 -4.000000   15.750001   output external delay
                                             15.750001   data required time
---------------------------------------------------------------------------------------------
                                             15.750001   data required time
                                             -1.098921   data arrival time
---------------------------------------------------------------------------------------------
                                             14.651080   slack (MET)


Startpoint: _2094_ (rising edge-triggered flip-flop clocked by aclk)
Endpoint: m_axis_tdata[5] (output port clocked by aclk)
Path Group: aclk
Path Type: max

Fanout         Cap        Slew       Delay        Time   Description
---------------------------------------------------------------------------------------------
                                  0.000000    0.000000   clock aclk (rise edge)
                                  0.000000    0.000000   clock source latency
    50    0.152256    0.683598    0.474304    0.474304 ^ aclk (in)
                                                         aclk (net)
                      0.683664    0.000000    0.474304 ^ _2094_/CLK (sky130_fd_sc_hd__dfxtp_2)
     5    0.050002    0.253288    0.621809    1.096113 ^ _2094_/Q (sky130_fd_sc_hd__dfxtp_2)
                                                         m_axis_tdata[5] (net)
                      0.253288    0.000521    1.096633 ^ m_axis_tdata[5] (out)
                                              1.096633   data arrival time

                                 20.000000   20.000000   clock aclk (rise edge)
                                  0.000000   20.000000   clock network delay (propagated)
                                 -0.250000   19.750002   clock uncertainty
                                  0.000000   19.750002   clock reconvergence pessimism
                                 -4.000000   15.750001   output external delay
                                             15.750001   data required time
---------------------------------------------------------------------------------------------
                                             15.750001   data required time
                                             -1.096633   data arrival time
---------------------------------------------------------------------------------------------
                                             14.653367   slack (MET)


Startpoint: _2104_ (rising edge-triggered flip-flop clocked by aclk)
Endpoint: m_axis_tdata[15] (output port clocked by aclk)
Path Group: aclk
Path Type: max

Fanout         Cap        Slew       Delay        Time   Description
---------------------------------------------------------------------------------------------
                                  0.000000    0.000000   clock aclk (rise edge)
                                  0.000000    0.000000   clock source latency
    50    0.152256    0.683598    0.471061    0.471061 ^ aclk (in)
                                                         aclk (net)
                      0.683610    0.000000    0.471061 ^ _2104_/CLK (sky130_fd_sc_hd__dfxtp_2)
     4    0.049177    0.249355    0.618637    1.089698 ^ _2104_/Q (sky130_fd_sc_hd__dfxtp_2)
                                                         m_axis_tdata[15] (net)
                      0.249357    0.001131    1.090829 ^ m_axis_tdata[15] (out)
                                              1.090829   data arrival time

                                 20.000000   20.000000   clock aclk (rise edge)
                                  0.000000   20.000000   clock network delay (propagated)
                                 -0.250000   19.750002   clock uncertainty
                                  0.000000   19.750002   clock reconvergence pessimism
                                 -4.000000   15.750001   output external delay
                                             15.750001   data required time
---------------------------------------------------------------------------------------------
                                             15.750001   data required time
                                             -1.090829   data arrival time
---------------------------------------------------------------------------------------------
                                             14.659171   slack (MET)


Startpoint: _2105_ (rising edge-triggered flip-flop clocked by aclk)
Endpoint: m_axis_tdata[16] (output port clocked by aclk)
Path Group: aclk
Path Type: max

Fanout         Cap        Slew       Delay        Time   Description
---------------------------------------------------------------------------------------------
                                  0.000000    0.000000   clock aclk (rise edge)
                                  0.000000    0.000000   clock source latency
    50    0.152256    0.683598    0.471355    0.471355 ^ aclk (in)
                                                         aclk (net)
                      0.683613    0.000000    0.471355 ^ _2105_/CLK (sky130_fd_sc_hd__dfxtp_2)
     4    0.048083    0.243982    0.615013    1.086368 ^ _2105_/Q (sky130_fd_sc_hd__dfxtp_2)
                                                         m_axis_tdata[16] (net)
                      0.243982    0.000866    1.087234 ^ m_axis_tdata[16] (out)
                                              1.087234   data arrival time

                                 20.000000   20.000000   clock aclk (rise edge)
                                  0.000000   20.000000   clock network delay (propagated)
                                 -0.250000   19.750002   clock uncertainty
                                  0.000000   19.750002   clock reconvergence pessimism
                                 -4.000000   15.750001   output external delay
                                             15.750001   data required time
---------------------------------------------------------------------------------------------
                                             15.750001   data required time
                                             -1.087234   data arrival time
---------------------------------------------------------------------------------------------
                                             14.662766   slack (MET)


Startpoint: _2106_ (rising edge-triggered flip-flop clocked by aclk)
Endpoint: m_axis_tdata[17] (output port clocked by aclk)
Path Group: aclk
Path Type: max

Fanout         Cap        Slew       Delay        Time   Description
---------------------------------------------------------------------------------------------
                                  0.000000    0.000000   clock aclk (rise edge)
                                  0.000000    0.000000   clock source latency
    50    0.152256    0.683598    0.472546    0.472546 ^ aclk (in)
                                                         aclk (net)
                      0.683629    0.000000    0.472546 ^ _2106_/CLK (sky130_fd_sc_hd__dfxtp_2)
     4    0.047592    0.241605    0.613259    1.085805 ^ _2106_/Q (sky130_fd_sc_hd__dfxtp_2)
                                                         m_axis_tdata[17] (net)
                      0.241606    0.000953    1.086758 ^ m_axis_tdata[17] (out)
                                              1.086758   data arrival time

                                 20.000000   20.000000   clock aclk (rise edge)
                                  0.000000   20.000000   clock network delay (propagated)
                                 -0.250000   19.750002   clock uncertainty
                                  0.000000   19.750002   clock reconvergence pessimism
                                 -4.000000   15.750001   output external delay
                                             15.750001   data required time
---------------------------------------------------------------------------------------------
                                             15.750001   data required time
                                             -1.086758   data arrival time
---------------------------------------------------------------------------------------------
                                             14.663243   slack (MET)


Startpoint: _2120_ (rising edge-triggered flip-flop clocked by aclk)
Endpoint: m_axis_tdata[31] (output port clocked by aclk)
Path Group: aclk
Path Type: max

Fanout         Cap        Slew       Delay        Time   Description
---------------------------------------------------------------------------------------------
                                  0.000000    0.000000   clock aclk (rise edge)
                                  0.000000    0.000000   clock source latency
    50    0.152256    0.683598    0.471721    0.471721 ^ aclk (in)
                                                         aclk (net)
                      0.683617    0.000000    0.471721 ^ _2120_/CLK (sky130_fd_sc_hd__dfxtp_2)
     3    0.047208    0.239602    0.612392    1.084113 ^ _2120_/Q (sky130_fd_sc_hd__dfxtp_2)
                                                         m_axis_tdata[31] (net)
                      0.239602    0.000202    1.084315 ^ m_axis_tdata[31] (out)
                                              1.084315   data arrival time

                                 20.000000   20.000000   clock aclk (rise edge)
                                  0.000000   20.000000   clock network delay (propagated)
                                 -0.250000   19.750002   clock uncertainty
                                  0.000000   19.750002   clock reconvergence pessimism
                                 -4.000000   15.750001   output external delay
                                             15.750001   data required time
---------------------------------------------------------------------------------------------
                                             15.750001   data required time
                                             -1.084315   data arrival time
---------------------------------------------------------------------------------------------
                                             14.665686   slack (MET)


Startpoint: _2116_ (rising edge-triggered flip-flop clocked by aclk)
Endpoint: m_axis_tdata[27] (output port clocked by aclk)
Path Group: aclk
Path Type: max

Fanout         Cap        Slew       Delay        Time   Description
---------------------------------------------------------------------------------------------
                                  0.000000    0.000000   clock aclk (rise edge)
                                  0.000000    0.000000   clock source latency
    50    0.152256    0.683598    0.470837    0.470837 ^ aclk (in)
                                                         aclk (net)
                      0.683608    0.000000    0.470837 ^ _2116_/CLK (sky130_fd_sc_hd__dfxtp_2)
     4    0.047355    0.240491    0.612293    1.083130 ^ _2116_/Q (sky130_fd_sc_hd__dfxtp_2)
                                                         m_axis_tdata[27] (net)
                      0.240493    0.001159    1.084289 ^ m_axis_tdata[27] (out)
                                              1.084289   data arrival time

                                 20.000000   20.000000   clock aclk (rise edge)
                                  0.000000   20.000000   clock network delay (propagated)
                                 -0.250000   19.750002   clock uncertainty
                                  0.000000   19.750002   clock reconvergence pessimism
                                 -4.000000   15.750001   output external delay
                                             15.750001   data required time
---------------------------------------------------------------------------------------------
                                             15.750001   data required time
                                             -1.084289   data arrival time
---------------------------------------------------------------------------------------------
                                             14.665711   slack (MET)


Startpoint: _2092_ (rising edge-triggered flip-flop clocked by aclk)
Endpoint: m_axis_tdata[3] (output port clocked by aclk)
Path Group: aclk
Path Type: max

Fanout         Cap        Slew       Delay        Time   Description
---------------------------------------------------------------------------------------------
                                  0.000000    0.000000   clock aclk (rise edge)
                                  0.000000    0.000000   clock source latency
    50    0.152256    0.683598    0.474006    0.474006 ^ aclk (in)
                                                         aclk (net)
                      0.683657    0.000000    0.474006 ^ _2092_/CLK (sky130_fd_sc_hd__dfxtp_2)
     4    0.046309    0.235222    0.609297    1.083303 ^ _2092_/Q (sky130_fd_sc_hd__dfxtp_2)
                                                         m_axis_tdata[3] (net)
                      0.235222    0.000220    1.083523 ^ m_axis_tdata[3] (out)
                                              1.083523   data arrival time

                                 20.000000   20.000000   clock aclk (rise edge)
                                  0.000000   20.000000   clock network delay (propagated)
                                 -0.250000   19.750002   clock uncertainty
                                  0.000000   19.750002   clock reconvergence pessimism
                                 -4.000000   15.750001   output external delay
                                             15.750001   data required time
---------------------------------------------------------------------------------------------
                                             15.750001   data required time
                                             -1.083523   data arrival time
---------------------------------------------------------------------------------------------
                                             14.666478   slack (MET)


Startpoint: _2103_ (rising edge-triggered flip-flop clocked by aclk)
Endpoint: m_axis_tdata[14] (output port clocked by aclk)
Path Group: aclk
Path Type: max

Fanout         Cap        Slew       Delay        Time   Description
---------------------------------------------------------------------------------------------
                                  0.000000    0.000000   clock aclk (rise edge)
                                  0.000000    0.000000   clock source latency
    50    0.152256    0.683598    0.471163    0.471163 ^ aclk (in)
                                                         aclk (net)
                      0.683611    0.000000    0.471163 ^ _2103_/CLK (sky130_fd_sc_hd__dfxtp_2)
     4    0.046884    0.238151    0.610832    1.081996 ^ _2103_/Q (sky130_fd_sc_hd__dfxtp_2)
                                                         m_axis_tdata[14] (net)
                      0.238152    0.001018    1.083013 ^ m_axis_tdata[14] (out)
                                              1.083013   data arrival time

                                 20.000000   20.000000   clock aclk (rise edge)
                                  0.000000   20.000000   clock network delay (propagated)
                                 -0.250000   19.750002   clock uncertainty
                                  0.000000   19.750002   clock reconvergence pessimism
                                 -4.000000   15.750001   output external delay
                                             15.750001   data required time
---------------------------------------------------------------------------------------------
                                             15.750001   data required time
                                             -1.083013   data arrival time
---------------------------------------------------------------------------------------------
                                             14.666988   slack (MET)


Startpoint: _2102_ (rising edge-triggered flip-flop clocked by aclk)
Endpoint: m_axis_tdata[13] (output port clocked by aclk)
Path Group: aclk
Path Type: max

Fanout         Cap        Slew       Delay        Time   Description
---------------------------------------------------------------------------------------------
                                  0.000000    0.000000   clock aclk (rise edge)
                                  0.000000    0.000000   clock source latency
    50    0.152256    0.683598    0.471491    0.471491 ^ aclk (in)
                                                         aclk (net)
                      0.683614    0.000000    0.471491 ^ _2102_/CLK (sky130_fd_sc_hd__dfxtp_2)
     4    0.046209    0.234762    0.608860    1.080351 ^ _2102_/Q (sky130_fd_sc_hd__dfxtp_2)
                                                         m_axis_tdata[13] (net)
                      0.234762    0.000404    1.080754 ^ m_axis_tdata[13] (out)
                                              1.080754   data arrival time

                                 20.000000   20.000000   clock aclk (rise edge)
                                  0.000000   20.000000   clock network delay (propagated)
                                 -0.250000   19.750002   clock uncertainty
                                  0.000000   19.750002   clock reconvergence pessimism
                                 -4.000000   15.750001   output external delay
                                             15.750001   data required time
---------------------------------------------------------------------------------------------
                                             15.750001   data required time
                                             -1.080754   data arrival time
---------------------------------------------------------------------------------------------
                                             14.669247   slack (MET)


Startpoint: _2095_ (rising edge-triggered flip-flop clocked by aclk)
Endpoint: m_axis_tdata[6] (output port clocked by aclk)
Path Group: aclk
Path Type: max

Fanout         Cap        Slew       Delay        Time   Description
---------------------------------------------------------------------------------------------
                                  0.000000    0.000000   clock aclk (rise edge)
                                  0.000000    0.000000   clock source latency
    50    0.152256    0.683598    0.474438    0.474438 ^ aclk (in)
                                                         aclk (net)
                      0.683667    0.000000    0.474438 ^ _2095_/CLK (sky130_fd_sc_hd__dfxtp_2)
     4    0.045154    0.229657    0.605110    1.079548 ^ _2095_/Q (sky130_fd_sc_hd__dfxtp_2)
                                                         m_axis_tdata[6] (net)
                      0.229657    0.000586    1.080134 ^ m_axis_tdata[6] (out)
                                              1.080134   data arrival time

                                 20.000000   20.000000   clock aclk (rise edge)
                                  0.000000   20.000000   clock network delay (propagated)
                                 -0.250000   19.750002   clock uncertainty
                                  0.000000   19.750002   clock reconvergence pessimism
                                 -4.000000   15.750001   output external delay
                                             15.750001   data required time
---------------------------------------------------------------------------------------------
                                             15.750001   data required time
                                             -1.080134   data arrival time
---------------------------------------------------------------------------------------------
                                             14.669867   slack (MET)


Startpoint: _2107_ (rising edge-triggered flip-flop clocked by aclk)
Endpoint: m_axis_tdata[18] (output port clocked by aclk)
Path Group: aclk
Path Type: max

Fanout         Cap        Slew       Delay        Time   Description
---------------------------------------------------------------------------------------------
                                  0.000000    0.000000   clock aclk (rise edge)
                                  0.000000    0.000000   clock source latency
    50    0.152256    0.683598    0.472538    0.472538 ^ aclk (in)
                                                         aclk (net)
                      0.683629    0.000000    0.472538 ^ _2107_/CLK (sky130_fd_sc_hd__dfxtp_2)
     4    0.045606    0.231896    0.606521    1.079059 ^ _2107_/Q (sky130_fd_sc_hd__dfxtp_2)
                                                         m_axis_tdata[18] (net)
                      0.231896    0.000790    1.079849 ^ m_axis_tdata[18] (out)
                                              1.079849   data arrival time

                                 20.000000   20.000000   clock aclk (rise edge)
                                  0.000000   20.000000   clock network delay (propagated)
                                 -0.250000   19.750002   clock uncertainty
                                  0.000000   19.750002   clock reconvergence pessimism
                                 -4.000000   15.750001   output external delay
                                             15.750001   data required time
---------------------------------------------------------------------------------------------
                                             15.750001   data required time
                                             -1.079849   data arrival time
---------------------------------------------------------------------------------------------
                                             14.670152   slack (MET)


Startpoint: _2098_ (rising edge-triggered flip-flop clocked by aclk)
Endpoint: m_axis_tdata[9] (output port clocked by aclk)
Path Group: aclk
Path Type: max

Fanout         Cap        Slew       Delay        Time   Description
---------------------------------------------------------------------------------------------
                                  0.000000    0.000000   clock aclk (rise edge)
                                  0.000000    0.000000   clock source latency
    50    0.152256    0.683598    0.472168    0.472168 ^ aclk (in)
                                                         aclk (net)
                      0.683623    0.000000    0.472168 ^ _2098_/CLK (sky130_fd_sc_hd__dfxtp_2)
     4    0.045638    0.231958    0.606969    1.079137 ^ _2098_/Q (sky130_fd_sc_hd__dfxtp_2)
                                                         m_axis_tdata[9] (net)
                      0.231958    0.000249    1.079386 ^ m_axis_tdata[9] (out)
                                              1.079386   data arrival time

                                 20.000000   20.000000   clock aclk (rise edge)
                                  0.000000   20.000000   clock network delay (propagated)
                                 -0.250000   19.750002   clock uncertainty
                                  0.000000   19.750002   clock reconvergence pessimism
                                 -4.000000   15.750001   output external delay
                                             15.750001   data required time
---------------------------------------------------------------------------------------------
                                             15.750001   data required time
                                             -1.079386   data arrival time
---------------------------------------------------------------------------------------------
                                             14.670614   slack (MET)


Startpoint: _2117_ (rising edge-triggered flip-flop clocked by aclk)
Endpoint: m_axis_tdata[28] (output port clocked by aclk)
Path Group: aclk
Path Type: max

Fanout         Cap        Slew       Delay        Time   Description
---------------------------------------------------------------------------------------------
                                  0.000000    0.000000   clock aclk (rise edge)
                                  0.000000    0.000000   clock source latency
    50    0.152256    0.683598    0.471383    0.471383 ^ aclk (in)
                                                         aclk (net)
                      0.683613    0.000000    0.471383 ^ _2117_/CLK (sky130_fd_sc_hd__dfxtp_2)
     4    0.045719    0.232503    0.606712    1.078095 ^ _2117_/Q (sky130_fd_sc_hd__dfxtp_2)
                                                         m_axis_tdata[28] (net)
                      0.232504    0.001097    1.079192 ^ m_axis_tdata[28] (out)
                                              1.079192   data arrival time

                                 20.000000   20.000000   clock aclk (rise edge)
                                  0.000000   20.000000   clock network delay (propagated)
                                 -0.250000   19.750002   clock uncertainty
                                  0.000000   19.750002   clock reconvergence pessimism
                                 -4.000000   15.750001   output external delay
                                             15.750001   data required time
---------------------------------------------------------------------------------------------
                                             15.750001   data required time
                                             -1.079192   data arrival time
---------------------------------------------------------------------------------------------
                                             14.670809   slack (MET)


Startpoint: _2112_ (rising edge-triggered flip-flop clocked by aclk)
Endpoint: m_axis_tdata[23] (output port clocked by aclk)
Path Group: aclk
Path Type: max

Fanout         Cap        Slew       Delay        Time   Description
---------------------------------------------------------------------------------------------
                                  0.000000    0.000000   clock aclk (rise edge)
                                  0.000000    0.000000   clock source latency
    50    0.152256    0.683598    0.469773    0.469773 ^ aclk (in)
                                                         aclk (net)
                      0.683600    0.000000    0.469773 ^ _2112_/CLK (sky130_fd_sc_hd__dfxtp_2)
     4    0.046174    0.234695    0.608384    1.078156 ^ _2112_/Q (sky130_fd_sc_hd__dfxtp_2)
                                                         m_axis_tdata[23] (net)
                      0.234695    0.000941    1.079097 ^ m_axis_tdata[23] (out)
                                              1.079097   data arrival time

                                 20.000000   20.000000   clock aclk (rise edge)
                                  0.000000   20.000000   clock network delay (propagated)
                                 -0.250000   19.750002   clock uncertainty
                                  0.000000   19.750002   clock reconvergence pessimism
                                 -4.000000   15.750001   output external delay
                                             15.750001   data required time
---------------------------------------------------------------------------------------------
                                             15.750001   data required time
                                             -1.079097   data arrival time
---------------------------------------------------------------------------------------------
                                             14.670903   slack (MET)


Startpoint: _2115_ (rising edge-triggered flip-flop clocked by aclk)
Endpoint: m_axis_tdata[26] (output port clocked by aclk)
Path Group: aclk
Path Type: max

Fanout         Cap        Slew       Delay        Time   Description
---------------------------------------------------------------------------------------------
                                  0.000000    0.000000   clock aclk (rise edge)
                                  0.000000    0.000000   clock source latency
    50    0.152256    0.683598    0.470619    0.470619 ^ aclk (in)
                                                         aclk (net)
                      0.683606    0.000000    0.470619 ^ _2115_/CLK (sky130_fd_sc_hd__dfxtp_2)
     4    0.045717    0.232439    0.606906    1.077526 ^ _2115_/Q (sky130_fd_sc_hd__dfxtp_2)
                                                         m_axis_tdata[26] (net)
                      0.232439    0.000800    1.078326 ^ m_axis_tdata[26] (out)
                                              1.078326   data arrival time

                                 20.000000   20.000000   clock aclk (rise edge)
                                  0.000000   20.000000   clock network delay (propagated)
                                 -0.250000   19.750002   clock uncertainty
                                  0.000000   19.750002   clock reconvergence pessimism
                                 -4.000000   15.750001   output external delay
                                             15.750001   data required time
---------------------------------------------------------------------------------------------
                                             15.750001   data required time
                                             -1.078326   data arrival time
---------------------------------------------------------------------------------------------
                                             14.671676   slack (MET)


Startpoint: _2110_ (rising edge-triggered flip-flop clocked by aclk)
Endpoint: m_axis_tdata[21] (output port clocked by aclk)
Path Group: aclk
Path Type: max

Fanout         Cap        Slew       Delay        Time   Description
---------------------------------------------------------------------------------------------
                                  0.000000    0.000000   clock aclk (rise edge)
                                  0.000000    0.000000   clock source latency
    50    0.152256    0.683598    0.469802    0.469802 ^ aclk (in)
                                                         aclk (net)
                      0.683601    0.000000    0.469802 ^ _2110_/CLK (sky130_fd_sc_hd__dfxtp_2)
     4    0.045896    0.233223    0.607815    1.077617 ^ _2110_/Q (sky130_fd_sc_hd__dfxtp_2)
                                                         m_axis_tdata[21] (net)
                      0.233223    0.000335    1.077952 ^ m_axis_tdata[21] (out)
                                              1.077952   data arrival time

                                 20.000000   20.000000   clock aclk (rise edge)
                                  0.000000   20.000000   clock network delay (propagated)
                                 -0.250000   19.750002   clock uncertainty
                                  0.000000   19.750002   clock reconvergence pessimism
                                 -4.000000   15.750001   output external delay
                                             15.750001   data required time
---------------------------------------------------------------------------------------------
                                             15.750001   data required time
                                             -1.077952   data arrival time
---------------------------------------------------------------------------------------------
                                             14.672049   slack (MET)


Startpoint: _2100_ (rising edge-triggered flip-flop clocked by aclk)
Endpoint: m_axis_tdata[11] (output port clocked by aclk)
Path Group: aclk
Path Type: max

Fanout         Cap        Slew       Delay        Time   Description
---------------------------------------------------------------------------------------------
                                  0.000000    0.000000   clock aclk (rise edge)
                                  0.000000    0.000000   clock source latency
    50    0.152256    0.683598    0.472000    0.472000 ^ aclk (in)
                                                         aclk (net)
                      0.683621    0.000000    0.472000 ^ _2100_/CLK (sky130_fd_sc_hd__dfxtp_2)
     4    0.045199    0.229786    0.605559    1.077559 ^ _2100_/Q (sky130_fd_sc_hd__dfxtp_2)
                                                         m_axis_tdata[11] (net)
                      0.229786    0.000110    1.077669 ^ m_axis_tdata[11] (out)
                                              1.077669   data arrival time

                                 20.000000   20.000000   clock aclk (rise edge)
                                  0.000000   20.000000   clock network delay (propagated)
                                 -0.250000   19.750002   clock uncertainty
                                  0.000000   19.750002   clock reconvergence pessimism
                                 -4.000000   15.750001   output external delay
                                             15.750001   data required time
---------------------------------------------------------------------------------------------
                                             15.750001   data required time
                                             -1.077669   data arrival time
---------------------------------------------------------------------------------------------
                                             14.672331   slack (MET)


Startpoint: _2114_ (rising edge-triggered flip-flop clocked by aclk)
Endpoint: m_axis_tdata[25] (output port clocked by aclk)
Path Group: aclk
Path Type: max

Fanout         Cap        Slew       Delay        Time   Description
---------------------------------------------------------------------------------------------
                                  0.000000    0.000000   clock aclk (rise edge)
                                  0.000000    0.000000   clock source latency
    50    0.152256    0.683598    0.470355    0.470355 ^ aclk (in)
                                                         aclk (net)
                      0.683604    0.000000    0.470355 ^ _2114_/CLK (sky130_fd_sc_hd__dfxtp_2)
     4    0.045504    0.231390    0.606213    1.076568 ^ _2114_/Q (sky130_fd_sc_hd__dfxtp_2)
                                                         m_axis_tdata[25] (net)
                      0.231390    0.000739    1.077307 ^ m_axis_tdata[25] (out)
                                              1.077307   data arrival time

                                 20.000000   20.000000   clock aclk (rise edge)
                                  0.000000   20.000000   clock network delay (propagated)
                                 -0.250000   19.750002   clock uncertainty
                                  0.000000   19.750002   clock reconvergence pessimism
                                 -4.000000   15.750001   output external delay
                                             15.750001   data required time
---------------------------------------------------------------------------------------------
                                             15.750001   data required time
                                             -1.077307   data arrival time
---------------------------------------------------------------------------------------------
                                             14.672693   slack (MET)


Startpoint: _2091_ (rising edge-triggered flip-flop clocked by aclk)
Endpoint: m_axis_tdata[2] (output port clocked by aclk)
Path Group: aclk
Path Type: max

Fanout         Cap        Slew       Delay        Time   Description
---------------------------------------------------------------------------------------------
                                  0.000000    0.000000   clock aclk (rise edge)
                                  0.000000    0.000000   clock source latency
    50    0.152256    0.683598    0.472541    0.472541 ^ aclk (in)
                                                         aclk (net)
                      0.683629    0.000000    0.472541 ^ _2091_/CLK (sky130_fd_sc_hd__dfxtp_2)
     4    0.044782    0.227791    0.604000    1.076540 ^ _2091_/Q (sky130_fd_sc_hd__dfxtp_2)
                                                         m_axis_tdata[2] (net)
                      0.227791    0.000356    1.076897 ^ m_axis_tdata[2] (out)
                                              1.076897   data arrival time

                                 20.000000   20.000000   clock aclk (rise edge)
                                  0.000000   20.000000   clock network delay (propagated)
                                 -0.250000   19.750002   clock uncertainty
                                  0.000000   19.750002   clock reconvergence pessimism
                                 -4.000000   15.750001   output external delay
                                             15.750001   data required time
---------------------------------------------------------------------------------------------
                                             15.750001   data required time
                                             -1.076897   data arrival time
---------------------------------------------------------------------------------------------
                                             14.673104   slack (MET)


Startpoint: _2093_ (rising edge-triggered flip-flop clocked by aclk)
Endpoint: m_axis_tdata[4] (output port clocked by aclk)
Path Group: aclk
Path Type: max

Fanout         Cap        Slew       Delay        Time   Description
---------------------------------------------------------------------------------------------
                                  0.000000    0.000000   clock aclk (rise edge)
                                  0.000000    0.000000   clock source latency
    50    0.152256    0.683598    0.474166    0.474166 ^ aclk (in)
                                                         aclk (net)
                      0.683661    0.000000    0.474166 ^ _2093_/CLK (sky130_fd_sc_hd__dfxtp_2)
     4    0.044302    0.225446    0.602370    1.076536 ^ _2093_/Q (sky130_fd_sc_hd__dfxtp_2)
                                                         m_axis_tdata[4] (net)
                      0.225446    0.000334    1.076870 ^ m_axis_tdata[4] (out)
                                              1.076870   data arrival time

                                 20.000000   20.000000   clock aclk (rise edge)
                                  0.000000   20.000000   clock network delay (propagated)
                                 -0.250000   19.750002   clock uncertainty
                                  0.000000   19.750002   clock reconvergence pessimism
                                 -4.000000   15.750001   output external delay
                                             15.750001   data required time
---------------------------------------------------------------------------------------------
                                             15.750001   data required time
                                             -1.076870   data arrival time
---------------------------------------------------------------------------------------------
                                             14.673131   slack (MET)


Startpoint: _2097_ (rising edge-triggered flip-flop clocked by aclk)
Endpoint: m_axis_tdata[8] (output port clocked by aclk)
Path Group: aclk
Path Type: max

Fanout         Cap        Slew       Delay        Time   Description
---------------------------------------------------------------------------------------------
                                  0.000000    0.000000   clock aclk (rise edge)
                                  0.000000    0.000000   clock source latency
    50    0.152256    0.683598    0.472158    0.472158 ^ aclk (in)
                                                         aclk (net)
                      0.683623    0.000000    0.472158 ^ _2097_/CLK (sky130_fd_sc_hd__dfxtp_2)
     4    0.044863    0.228176    0.604301    1.076459 ^ _2097_/Q (sky130_fd_sc_hd__dfxtp_2)
                                                         m_axis_tdata[8] (net)
                      0.228176    0.000280    1.076739 ^ m_axis_tdata[8] (out)
                                              1.076739   data arrival time

                                 20.000000   20.000000   clock aclk (rise edge)
                                  0.000000   20.000000   clock network delay (propagated)
                                 -0.250000   19.750002   clock uncertainty
                                  0.000000   19.750002   clock reconvergence pessimism
                                 -4.000000   15.750001   output external delay
                                             15.750001   data required time
---------------------------------------------------------------------------------------------
                                             15.750001   data required time
                                             -1.076739   data arrival time
---------------------------------------------------------------------------------------------
                                             14.673262   slack (MET)


Startpoint: _2118_ (rising edge-triggered flip-flop clocked by aclk)
Endpoint: m_axis_tdata[29] (output port clocked by aclk)
Path Group: aclk
Path Type: max

Fanout         Cap        Slew       Delay        Time   Description
---------------------------------------------------------------------------------------------
                                  0.000000    0.000000   clock aclk (rise edge)
                                  0.000000    0.000000   clock source latency
    50    0.152256    0.683598    0.471709    0.471709 ^ aclk (in)
                                                         aclk (net)
                      0.683617    0.000000    0.471709 ^ _2118_/CLK (sky130_fd_sc_hd__dfxtp_2)
     4    0.044900    0.228326    0.604527    1.076236 ^ _2118_/Q (sky130_fd_sc_hd__dfxtp_2)
                                                         m_axis_tdata[29] (net)
                      0.228326    0.000126    1.076362 ^ m_axis_tdata[29] (out)
                                              1.076362   data arrival time

                                 20.000000   20.000000   clock aclk (rise edge)
                                  0.000000   20.000000   clock network delay (propagated)
                                 -0.250000   19.750002   clock uncertainty
                                  0.000000   19.750002   clock reconvergence pessimism
                                 -4.000000   15.750001   output external delay
                                             15.750001   data required time
---------------------------------------------------------------------------------------------
                                             15.750001   data required time
                                             -1.076362   data arrival time
---------------------------------------------------------------------------------------------
                                             14.673638   slack (MET)


Startpoint: _2113_ (rising edge-triggered flip-flop clocked by aclk)
Endpoint: m_axis_tdata[24] (output port clocked by aclk)
Path Group: aclk
Path Type: max

Fanout         Cap        Slew       Delay        Time   Description
---------------------------------------------------------------------------------------------
                                  0.000000    0.000000   clock aclk (rise edge)
                                  0.000000    0.000000   clock source latency
    50    0.152256    0.683598    0.470125    0.470125 ^ aclk (in)
                                                         aclk (net)
                      0.683602    0.000000    0.470125 ^ _2113_/CLK (sky130_fd_sc_hd__dfxtp_2)
     4    0.044859    0.228256    0.603953    1.074078 ^ _2113_/Q (sky130_fd_sc_hd__dfxtp_2)
                                                         m_axis_tdata[24] (net)
                      0.228256    0.000811    1.074889 ^ m_axis_tdata[24] (out)
                                              1.074889   data arrival time

                                 20.000000   20.000000   clock aclk (rise edge)
                                  0.000000   20.000000   clock network delay (propagated)
                                 -0.250000   19.750002   clock uncertainty
                                  0.000000   19.750002   clock reconvergence pessimism
                                 -4.000000   15.750001   output external delay
                                             15.750001   data required time
---------------------------------------------------------------------------------------------
                                             15.750001   data required time
                                             -1.074889   data arrival time
---------------------------------------------------------------------------------------------
                                             14.675112   slack (MET)


Startpoint: _2090_ (rising edge-triggered flip-flop clocked by aclk)
Endpoint: m_axis_tdata[1] (output port clocked by aclk)
Path Group: aclk
Path Type: max

Fanout         Cap        Slew       Delay        Time   Description
---------------------------------------------------------------------------------------------
                                  0.000000    0.000000   clock aclk (rise edge)
                                  0.000000    0.000000   clock source latency
    50    0.152256    0.683598    0.473260    0.473260 ^ aclk (in)
                                                         aclk (net)
                      0.683642    0.000000    0.473260 ^ _2090_/CLK (sky130_fd_sc_hd__dfxtp_2)
     4    0.043979    0.223841    0.601362    1.074622 ^ _2090_/Q (sky130_fd_sc_hd__dfxtp_2)
                                                         m_axis_tdata[1] (net)
                      0.223841    0.000162    1.074783 ^ m_axis_tdata[1] (out)
                                              1.074783   data arrival time

                                 20.000000   20.000000   clock aclk (rise edge)
                                  0.000000   20.000000   clock network delay (propagated)
                                 -0.250000   19.750002   clock uncertainty
                                  0.000000   19.750002   clock reconvergence pessimism
                                 -4.000000   15.750001   output external delay
                                             15.750001   data required time
---------------------------------------------------------------------------------------------
                                             15.750001   data required time
                                             -1.074783   data arrival time
---------------------------------------------------------------------------------------------
                                             14.675218   slack (MET)


Startpoint: _2101_ (rising edge-triggered flip-flop clocked by aclk)
Endpoint: m_axis_tdata[12] (output port clocked by aclk)
Path Group: aclk
Path Type: max

Fanout         Cap        Slew       Delay        Time   Description
---------------------------------------------------------------------------------------------
                                  0.000000    0.000000   clock aclk (rise edge)
                                  0.000000    0.000000   clock source latency
    50    0.152256    0.683598    0.471782    0.471782 ^ aclk (in)
                                                         aclk (net)
                      0.683618    0.000000    0.471782 ^ _2101_/CLK (sky130_fd_sc_hd__dfxtp_2)
     4    0.044209    0.224961    0.602139    1.073921 ^ _2101_/Q (sky130_fd_sc_hd__dfxtp_2)
                                                         m_axis_tdata[12] (net)
                      0.224961    0.000172    1.074093 ^ m_axis_tdata[12] (out)
                                              1.074093   data arrival time

                                 20.000000   20.000000   clock aclk (rise edge)
                                  0.000000   20.000000   clock network delay (propagated)
                                 -0.250000   19.750002   clock uncertainty
                                  0.000000   19.750002   clock reconvergence pessimism
                                 -4.000000   15.750001   output external delay
                                             15.750001   data required time
---------------------------------------------------------------------------------------------
                                             15.750001   data required time
                                             -1.074093   data arrival time
---------------------------------------------------------------------------------------------
                                             14.675908   slack (MET)


Startpoint: _2111_ (rising edge-triggered flip-flop clocked by aclk)
Endpoint: m_axis_tdata[22] (output port clocked by aclk)
Path Group: aclk
Path Type: max

Fanout         Cap        Slew       Delay        Time   Description
---------------------------------------------------------------------------------------------
                                  0.000000    0.000000   clock aclk (rise edge)
                                  0.000000    0.000000   clock source latency
    50    0.152256    0.683598    0.469118    0.469118 ^ aclk (in)
                                                         aclk (net)
                      0.683598    0.000000    0.469118 ^ _2111_/CLK (sky130_fd_sc_hd__dfxtp_2)
     4    0.044171    0.224797    0.601949    1.071067 ^ _2111_/Q (sky130_fd_sc_hd__dfxtp_2)
                                                         m_axis_tdata[22] (net)
                      0.224797    0.000269    1.071336 ^ m_axis_tdata[22] (out)
                                              1.071336   data arrival time

                                 20.000000   20.000000   clock aclk (rise edge)
                                  0.000000   20.000000   clock network delay (propagated)
                                 -0.250000   19.750002   clock uncertainty
                                  0.000000   19.750002   clock reconvergence pessimism
                                 -4.000000   15.750001   output external delay
                                             15.750001   data required time
---------------------------------------------------------------------------------------------
                                             15.750001   data required time
                                             -1.071336   data arrival time
---------------------------------------------------------------------------------------------
                                             14.678665   slack (MET)


Startpoint: _2108_ (rising edge-triggered flip-flop clocked by aclk)
Endpoint: m_axis_tdata[19] (output port clocked by aclk)
Path Group: aclk
Path Type: max

Fanout         Cap        Slew       Delay        Time   Description
---------------------------------------------------------------------------------------------
                                  0.000000    0.000000   clock aclk (rise edge)
                                  0.000000    0.000000   clock source latency
    50    0.152256    0.683598    0.471229    0.471229 ^ aclk (in)
                                                         aclk (net)
                      0.683611    0.000000    0.471229 ^ _2108_/CLK (sky130_fd_sc_hd__dfxtp_2)
     4    0.043387    0.220991    0.599186    1.070415 ^ _2108_/Q (sky130_fd_sc_hd__dfxtp_2)
                                                         m_axis_tdata[19] (net)
                      0.220991    0.000374    1.070789 ^ m_axis_tdata[19] (out)
                                              1.070789   data arrival time

                                 20.000000   20.000000   clock aclk (rise edge)
                                  0.000000   20.000000   clock network delay (propagated)
                                 -0.250000   19.750002   clock uncertainty
                                  0.000000   19.750002   clock reconvergence pessimism
                                 -4.000000   15.750001   output external delay
                                             15.750001   data required time
---------------------------------------------------------------------------------------------
                                             15.750001   data required time
                                             -1.070789   data arrival time
---------------------------------------------------------------------------------------------
                                             14.679212   slack (MET)


Startpoint: _2109_ (rising edge-triggered flip-flop clocked by aclk)
Endpoint: m_axis_tdata[20] (output port clocked by aclk)
Path Group: aclk
Path Type: max

Fanout         Cap        Slew       Delay        Time   Description
---------------------------------------------------------------------------------------------
                                  0.000000    0.000000   clock aclk (rise edge)
                                  0.000000    0.000000   clock source latency
    50    0.152256    0.683598    0.470280    0.470280 ^ aclk (in)
                                                         aclk (net)
                      0.683603    0.000000    0.470280 ^ _2109_/CLK (sky130_fd_sc_hd__dfxtp_2)
     4    0.043141    0.219783    0.598373    1.068653 ^ _2109_/Q (sky130_fd_sc_hd__dfxtp_2)
                                                         m_axis_tdata[20] (net)
                      0.219783    0.000327    1.068980 ^ m_axis_tdata[20] (out)
                                              1.068980   data arrival time

                                 20.000000   20.000000   clock aclk (rise edge)
                                  0.000000   20.000000   clock network delay (propagated)
                                 -0.250000   19.750002   clock uncertainty
                                  0.000000   19.750002   clock reconvergence pessimism
                                 -4.000000   15.750001   output external delay
                                             15.750001   data required time
---------------------------------------------------------------------------------------------
                                             15.750001   data required time
                                             -1.068980   data arrival time
---------------------------------------------------------------------------------------------
                                             14.681022   slack (MET)


Startpoint: _2099_ (rising edge-triggered flip-flop clocked by aclk)
Endpoint: m_axis_tdata[10] (output port clocked by aclk)
Path Group: aclk
Path Type: max

Fanout         Cap        Slew       Delay        Time   Description
---------------------------------------------------------------------------------------------
                                  0.000000    0.000000   clock aclk (rise edge)
                                  0.000000    0.000000   clock source latency
    50    0.152256    0.683598    0.472044    0.472044 ^ aclk (in)
                                                         aclk (net)
                      0.683621    0.000000    0.472044 ^ _2099_/CLK (sky130_fd_sc_hd__dfxtp_2)
     4    0.042608    0.220133    0.596762    1.068806 ^ _2099_/Q (sky130_fd_sc_hd__dfxtp_2)
                                                         m_axis_tdata[10] (net)
                      0.220133    0.000072    1.068878 ^ m_axis_tdata[10] (out)
                                              1.068878   data arrival time

                                 20.000000   20.000000   clock aclk (rise edge)
                                  0.000000   20.000000   clock network delay (propagated)
                                 -0.250000   19.750002   clock uncertainty
                                  0.000000   19.750002   clock reconvergence pessimism
                                 -4.000000   15.750001   output external delay
                                             15.750001   data required time
---------------------------------------------------------------------------------------------
                                             15.750001   data required time
                                             -1.068878   data arrival time
---------------------------------------------------------------------------------------------
                                             14.681124   slack (MET)


Startpoint: _2089_ (rising edge-triggered flip-flop clocked by aclk)
Endpoint: m_axis_tdata[0] (output port clocked by aclk)
Path Group: aclk
Path Type: max

Fanout         Cap        Slew       Delay        Time   Description
---------------------------------------------------------------------------------------------
                                  0.000000    0.000000   clock aclk (rise edge)
                                  0.000000    0.000000   clock source latency
    50    0.152256    0.683598    0.473536    0.473536 ^ aclk (in)
                                                         aclk (net)
                      0.683647    0.000000    0.473536 ^ _2089_/CLK (sky130_fd_sc_hd__dfxtp_2)
     3    0.039258    0.200839    0.585062    1.058598 ^ _2089_/Q (sky130_fd_sc_hd__dfxtp_2)
                                                         m_axis_tdata[0] (net)
                      0.200839    0.000349    1.058948 ^ m_axis_tdata[0] (out)
                                              1.058948   data arrival time

                                 20.000000   20.000000   clock aclk (rise edge)
                                  0.000000   20.000000   clock network delay (propagated)
                                 -0.250000   19.750002   clock uncertainty
                                  0.000000   19.750002   clock reconvergence pessimism
                                 -4.000000   15.750001   output external delay
                                             15.750001   data required time
---------------------------------------------------------------------------------------------
                                             15.750001   data required time
                                             -1.058948   data arrival time
---------------------------------------------------------------------------------------------
                                             14.691053   slack (MET)


Startpoint: _2121_ (rising edge-triggered flip-flop clocked by aclk)
Endpoint: m_axis_tvalid (output port clocked by aclk)
Path Group: aclk
Path Type: max

Fanout         Cap        Slew       Delay        Time   Description
---------------------------------------------------------------------------------------------
                                  0.000000    0.000000   clock aclk (rise edge)
                                  0.000000    0.000000   clock source latency
    50    0.152256    0.683598    0.471945    0.471945 ^ aclk (in)
                                                         aclk (net)
                      0.683620    0.000000    0.471945 ^ _2121_/CLK (sky130_fd_sc_hd__dfxtp_2)
     2    0.036967    0.189661    0.577230    1.049175 ^ _2121_/Q (sky130_fd_sc_hd__dfxtp_2)
                                                         m_axis_tvalid (net)
                      0.189661    0.000329    1.049504 ^ m_axis_tvalid (out)
                                              1.049504   data arrival time

                                 20.000000   20.000000   clock aclk (rise edge)
                                  0.000000   20.000000   clock network delay (propagated)
                                 -0.250000   19.750002   clock uncertainty
                                  0.000000   19.750002   clock reconvergence pessimism
                                 -4.000000   15.750001   output external delay
                                             15.750001   data required time
---------------------------------------------------------------------------------------------
                                             15.750001   data required time
                                             -1.049504   data arrival time
---------------------------------------------------------------------------------------------
                                             14.700498   slack (MET)


Startpoint: _2073_ (rising edge-triggered flip-flop clocked by aclk)
Endpoint: _2096_ (rising edge-triggered flip-flop clocked by aclk)
Path Group: aclk
Path Type: max

Fanout         Cap        Slew       Delay        Time   Description
---------------------------------------------------------------------------------------------
                                  0.000000    0.000000   clock aclk (rise edge)
                                  0.000000    0.000000   clock source latency
    50    0.152256    0.683598    0.472324    0.472324 ^ aclk (in)
                                                         aclk (net)
                      0.683626    0.000000    0.472324 ^ _2073_/CLK (sky130_fd_sc_hd__dfxtp_2)
    57    0.233100    1.152601    1.249283    1.721607 ^ _2073_/Q (sky130_fd_sc_hd__dfxtp_2)
                                                         internal_weight[0] (net)
                      1.152903    0.001630    1.723237 ^ _1147_/A2 (sky130_fd_sc_hd__a21oi_2)
     2    0.003453    0.137776    0.115796    1.839033 v _1147_/Y (sky130_fd_sc_hd__a21oi_2)
                                                         _0288_ (net)
                      0.137776    0.000004    1.839037 v _1150_/A (sky130_fd_sc_hd__or4bb_2)
     4    0.014726    0.142555    0.723270    2.562307 v _1150_/X (sky130_fd_sc_hd__or4bb_2)
                                                         _0291_ (net)
                      0.142555    0.000020    2.562326 v _1195_/A2 (sky130_fd_sc_hd__a211o_2)
     3    0.008514    0.062533    0.382333    2.944659 v _1195_/X (sky130_fd_sc_hd__a211o_2)
                                                         _0335_ (net)
                      0.062533    0.000031    2.944690 v _1198_/A1 (sky130_fd_sc_hd__a21o_2)
     2    0.006925    0.045268    0.202709    3.147399 v _1198_/X (sky130_fd_sc_hd__a21o_2)
                                                         _0338_ (net)
                      0.045268    0.000012    3.147412 v _1201_/A2 (sky130_fd_sc_hd__a21o_2)
     3    0.011605    0.055742    0.233678    3.381090 v _1201_/X (sky130_fd_sc_hd__a21o_2)
                                                         _0341_ (net)
                      0.055742    0.000029    3.381119 v _1202_/C (sky130_fd_sc_hd__and3_2)
     2    0.008756    0.051809    0.228222    3.609342 v _1202_/X (sky130_fd_sc_hd__and3_2)
                                                         _0342_ (net)
                      0.051809    0.000022    3.609364 v _1204_/B1 (sky130_fd_sc_hd__a211oi_2)
     2    0.007069    0.210402    0.233174    3.842538 ^ _1204_/Y (sky130_fd_sc_hd__a211oi_2)
                                                         _0344_ (net)
                      0.210402    0.000015    3.842553 ^ _1206_/A_N (sky130_fd_sc_hd__and2b_2)
     1    0.008171    0.050192    0.260691    4.103244 v _1206_/X (sky130_fd_sc_hd__and2b_2)
                                                         _0346_ (net)
                      0.050192    0.000004    4.103248 v _1207_/B (sky130_fd_sc_hd__xnor2_2)
     3    0.018751    0.103070    0.173789    4.277037 v _1207_/Y (sky130_fd_sc_hd__xnor2_2)
                                                         _0347_ (net)
                      0.103070    0.000346    4.277383 v _1247_/A (sky130_fd_sc_hd__or3b_2)
     4    0.012204    0.108694    0.530629    4.808012 v _1247_/X (sky130_fd_sc_hd__or3b_2)
                                                         _0386_ (net)
                      0.108694    0.000011    4.808023 v _1249_/A (sky130_fd_sc_hd__and2_2)
     1    0.002643    0.036660    0.189664    4.997687 v _1249_/X (sky130_fd_sc_hd__and2_2)
                                                         _0388_ (net)
                      0.036660    0.000007    4.997694 v _1251_/A2 (sky130_fd_sc_hd__o211a_2)
     1    0.001899    0.039247    0.222586    5.220280 v _1251_/X (sky130_fd_sc_hd__o211a_2)
                                                         _0024_ (net)
                      0.039247    0.000003    5.220282 v _2096_/D (sky130_fd_sc_hd__dfxtp_2)
                                              5.220282   data arrival time

                                 20.000000   20.000000   clock aclk (rise edge)
                                  0.000000   20.000000   clock source latency
    50    0.152256    0.683598    0.474445   20.474445 ^ aclk (in)
                                                         aclk (net)
                      0.683668    0.000000   20.474445 ^ _2096_/CLK (sky130_fd_sc_hd__dfxtp_2)
                                 -0.250000   20.224447   clock uncertainty
                                  0.000000   20.224447   clock reconvergence pessimism
                                  0.012117   20.236563   library setup time
                                             20.236563   data required time
---------------------------------------------------------------------------------------------
                                             20.236563   data required time
                                             -5.220282   data arrival time
---------------------------------------------------------------------------------------------
                                             15.016280   slack (MET)


Startpoint: m_axis_tready (input port clocked by aclk)
Endpoint: _2089_ (rising edge-triggered flip-flop clocked by aclk)
Path Group: aclk
Path Type: max

Fanout         Cap        Slew       Delay        Time   Description
---------------------------------------------------------------------------------------------
                                  0.000000    0.000000   clock aclk (rise edge)
                                  0.000000    0.000000   clock network delay (propagated)
                                  4.000000    4.000000 ^ input external delay
     7    0.020311    0.097032    0.066456    4.066456 ^ m_axis_tready (in)
                                                         m_axis_tready (net)
                      0.097032    0.000000    4.066456 ^ _1073_/B (sky130_fd_sc_hd__and2_2)
    42    0.168119    0.833557    0.714487    4.780943 ^ _1073_/X (sky130_fd_sc_hd__and2_2)
                                                         _0219_ (net)
                      0.833558    0.001046    4.781989 ^ _1075_/A3 (sky130_fd_sc_hd__a31o_2)
     1    0.001639    0.047887    0.242568    5.024557 ^ _1075_/X (sky130_fd_sc_hd__a31o_2)
                                                         _0221_ (net)
                      0.047887    0.000000    5.024558 ^ _1078_/B (sky130_fd_sc_hd__and3_2)
     1    0.001971    0.054406    0.155419    5.179976 ^ _1078_/X (sky130_fd_sc_hd__and3_2)
                                                         _0017_ (net)
                      0.054406    0.000003    5.179980 ^ _2089_/D (sky130_fd_sc_hd__dfxtp_2)
                                              5.179980   data arrival time

                                 20.000000   20.000000   clock aclk (rise edge)
                                  0.000000   20.000000   clock source latency
    50    0.152256    0.683598    0.473536   20.473536 ^ aclk (in)
                                                         aclk (net)
                      0.683647    0.000000   20.473536 ^ _2089_/CLK (sky130_fd_sc_hd__dfxtp_2)
                                 -0.250000   20.223537   clock uncertainty
                                  0.000000   20.223537   clock reconvergence pessimism
                                  0.011992   20.235529   library setup time
                                             20.235529   data required time
---------------------------------------------------------------------------------------------
                                             20.235529   data required time
                                             -5.179980   data arrival time
---------------------------------------------------------------------------------------------
                                             15.055551   slack (MET)


Startpoint: m_axis_tready (input port clocked by aclk)
Endpoint: _2093_ (rising edge-triggered flip-flop clocked by aclk)
Path Group: aclk
Path Type: max

Fanout         Cap        Slew       Delay        Time   Description
---------------------------------------------------------------------------------------------
                                  0.000000    0.000000   clock aclk (rise edge)
                                  0.000000    0.000000   clock network delay (propagated)
                                  4.000000    4.000000 ^ input external delay
     7    0.020311    0.097032    0.066456    4.066456 ^ m_axis_tready (in)
                                                         m_axis_tready (net)
                      0.097032    0.000000    4.066456 ^ _1073_/B (sky130_fd_sc_hd__and2_2)
    42    0.168119    0.833557    0.714487    4.780943 ^ _1073_/X (sky130_fd_sc_hd__and2_2)
                                                         _0219_ (net)
                      0.833562    0.001836    4.782779 ^ _1144_/B (sky130_fd_sc_hd__or2_2)
     1    0.002939    0.050427    0.227675    5.010454 ^ _1144_/X (sky130_fd_sc_hd__or2_2)
                                                         _0286_ (net)
                      0.050427    0.000006    5.010460 ^ _1145_/B1 (sky130_fd_sc_hd__o211a_2)
     1    0.001751    0.048152    0.155441    5.165900 ^ _1145_/X (sky130_fd_sc_hd__o211a_2)
                                                         _0021_ (net)
                      0.048152    0.000000    5.165901 ^ _2093_/D (sky130_fd_sc_hd__dfxtp_2)
                                              5.165901   data arrival time

                                 20.000000   20.000000   clock aclk (rise edge)
                                  0.000000   20.000000   clock source latency
    50    0.152256    0.683598    0.474166   20.474167 ^ aclk (in)
                                                         aclk (net)
                      0.683661    0.000000   20.474167 ^ _2093_/CLK (sky130_fd_sc_hd__dfxtp_2)
                                 -0.250000   20.224167   clock uncertainty
                                  0.000000   20.224167   clock reconvergence pessimism
                                  0.013282   20.237450   library setup time
                                             20.237450   data required time
---------------------------------------------------------------------------------------------
                                             20.237450   data required time
                                             -5.165901   data arrival time
---------------------------------------------------------------------------------------------
                                             15.071548   slack (MET)


Startpoint: m_axis_tready (input port clocked by aclk)
Endpoint: _2095_ (rising edge-triggered flip-flop clocked by aclk)
Path Group: aclk
Path Type: max

Fanout         Cap        Slew       Delay        Time   Description
---------------------------------------------------------------------------------------------
                                  0.000000    0.000000   clock aclk (rise edge)
                                  0.000000    0.000000   clock network delay (propagated)
                                  4.000000    4.000000 ^ input external delay
     7    0.020311    0.097032    0.066456    4.066456 ^ m_axis_tready (in)
                                                         m_axis_tready (net)
                      0.097032    0.000000    4.066456 ^ _1073_/B (sky130_fd_sc_hd__and2_2)
    42    0.168119    0.833557    0.714487    4.780943 ^ _1073_/X (sky130_fd_sc_hd__and2_2)
                                                         _0219_ (net)
                      0.833565    0.002304    4.783247 ^ _1210_/B (sky130_fd_sc_hd__or2_2)
     1    0.002426    0.048282    0.224285    5.007532 ^ _1210_/X (sky130_fd_sc_hd__or2_2)
                                                         _0350_ (net)
                      0.048282    0.000000    5.007532 ^ _1211_/B1 (sky130_fd_sc_hd__o211a_2)
     1    0.001816    0.048490    0.155170    5.162703 ^ _1211_/X (sky130_fd_sc_hd__o211a_2)
                                                         _0023_ (net)
                      0.048490    0.000002    5.162704 ^ _2095_/D (sky130_fd_sc_hd__dfxtp_2)
                                              5.162704   data arrival time

                                 20.000000   20.000000   clock aclk (rise edge)
                                  0.000000   20.000000   clock source latency
    50    0.152256    0.683598    0.474438   20.474440 ^ aclk (in)
                                                         aclk (net)
                      0.683667    0.000000   20.474440 ^ _2095_/CLK (sky130_fd_sc_hd__dfxtp_2)
                                 -0.250000   20.224440   clock uncertainty
                                  0.000000   20.224440   clock reconvergence pessimism
                                  0.013212   20.237652   library setup time
                                             20.237652   data required time
---------------------------------------------------------------------------------------------
                                             20.237652   data required time
                                             -5.162704   data arrival time
---------------------------------------------------------------------------------------------
                                             15.074948   slack (MET)


Startpoint: m_axis_tready (input port clocked by aclk)
Endpoint: _2091_ (rising edge-triggered flip-flop clocked by aclk)
Path Group: aclk
Path Type: max

Fanout         Cap        Slew       Delay        Time   Description
---------------------------------------------------------------------------------------------
                                  0.000000    0.000000   clock aclk (rise edge)
                                  0.000000    0.000000   clock network delay (propagated)
                                  4.000000    4.000000 ^ input external delay
     7    0.020311    0.097032    0.066456    4.066456 ^ m_axis_tready (in)
                                                         m_axis_tready (net)
                      0.097032    0.000000    4.066456 ^ _1073_/B (sky130_fd_sc_hd__and2_2)
    42    0.168119    0.833557    0.714487    4.780943 ^ _1073_/X (sky130_fd_sc_hd__and2_2)
                                                         _0219_ (net)
                      0.833560    0.001356    4.782299 ^ _1100_/B1 (sky130_fd_sc_hd__o21ai_2)
     1    0.004013    0.128597    0.111264    4.893563 v _1100_/Y (sky130_fd_sc_hd__o21ai_2)
                                                         _0244_ (net)
                      0.128597    0.000035    4.893597 v _1101_/B1 (sky130_fd_sc_hd__o211a_2)
     1    0.001934    0.039557    0.162168    5.055765 v _1101_/X (sky130_fd_sc_hd__o211a_2)
                                                         _0019_ (net)
                      0.039557    0.000002    5.055767 v _2091_/D (sky130_fd_sc_hd__dfxtp_2)
                                              5.055767   data arrival time

                                 20.000000   20.000000   clock aclk (rise edge)
                                  0.000000   20.000000   clock source latency
    50    0.152256    0.683598    0.472541   20.472542 ^ aclk (in)
                                                         aclk (net)
                      0.683629    0.000000   20.472542 ^ _2091_/CLK (sky130_fd_sc_hd__dfxtp_2)
                                 -0.250000   20.222542   clock uncertainty
                                  0.000000   20.222542   clock reconvergence pessimism
                                  0.011981   20.234524   library setup time
                                             20.234524   data required time
---------------------------------------------------------------------------------------------
                                             20.234524   data required time
                                             -5.055767   data arrival time
---------------------------------------------------------------------------------------------
                                             15.178757   slack (MET)


Startpoint: m_axis_tready (input port clocked by aclk)
Endpoint: _2092_ (rising edge-triggered flip-flop clocked by aclk)
Path Group: aclk
Path Type: max

Fanout         Cap        Slew       Delay        Time   Description
---------------------------------------------------------------------------------------------
                                  0.000000    0.000000   clock aclk (rise edge)
                                  0.000000    0.000000   clock network delay (propagated)
                                  4.000000    4.000000 ^ input external delay
     7    0.020311    0.097032    0.066456    4.066456 ^ m_axis_tready (in)
                                                         m_axis_tready (net)
                      0.097032    0.000000    4.066456 ^ _1073_/B (sky130_fd_sc_hd__and2_2)
    42    0.168119    0.833557    0.714487    4.780943 ^ _1073_/X (sky130_fd_sc_hd__and2_2)
                                                         _0219_ (net)
                      0.833561    0.001650    4.782593 ^ _1120_/A2 (sky130_fd_sc_hd__o211a_2)
     1    0.002097    0.049964    0.261675    5.044268 ^ _1120_/X (sky130_fd_sc_hd__o211a_2)
                                                         _0020_ (net)
                      0.049964    0.000004    5.044273 ^ _2092_/D (sky130_fd_sc_hd__dfxtp_2)
                                              5.044273   data arrival time

                                 20.000000   20.000000   clock aclk (rise edge)
                                  0.000000   20.000000   clock source latency
    50    0.152256    0.683598    0.474007   20.474007 ^ aclk (in)
                                                         aclk (net)
                      0.683657    0.000000   20.474007 ^ _2092_/CLK (sky130_fd_sc_hd__dfxtp_2)
                                 -0.250000   20.224009   clock uncertainty
                                  0.000000   20.224009   clock reconvergence pessimism
                                  0.012908   20.236917   library setup time
                                             20.236917   data required time
---------------------------------------------------------------------------------------------
                                             20.236917   data required time
                                             -5.044273   data arrival time
---------------------------------------------------------------------------------------------
                                             15.192644   slack (MET)


Startpoint: m_axis_tready (input port clocked by aclk)
Endpoint: _2090_ (rising edge-triggered flip-flop clocked by aclk)
Path Group: aclk
Path Type: max

Fanout         Cap        Slew       Delay        Time   Description
---------------------------------------------------------------------------------------------
                                  0.000000    0.000000   clock aclk (rise edge)
                                  0.000000    0.000000   clock network delay (propagated)
                                  4.000000    4.000000 ^ input external delay
     7    0.020311    0.097032    0.066456    4.066456 ^ m_axis_tready (in)
                                                         m_axis_tready (net)
                      0.097032    0.000000    4.066456 ^ _1073_/B (sky130_fd_sc_hd__and2_2)
    42    0.168119    0.833557    0.714487    4.780943 ^ _1073_/X (sky130_fd_sc_hd__and2_2)
                                                         _0219_ (net)
                      0.833557    0.000824    4.781767 ^ _1086_/A2 (sky130_fd_sc_hd__o211a_2)
     1    0.001913    0.048999    0.260325    5.042091 ^ _1086_/X (sky130_fd_sc_hd__o211a_2)
                                                         _0018_ (net)
                      0.048999    0.000002    5.042094 ^ _2090_/D (sky130_fd_sc_hd__dfxtp_2)
                                              5.042094   data arrival time

                                 20.000000   20.000000   clock aclk (rise edge)
                                  0.000000   20.000000   clock source latency
    50    0.152256    0.683598    0.473261   20.473261 ^ aclk (in)
                                                         aclk (net)
                      0.683642    0.000000   20.473261 ^ _2090_/CLK (sky130_fd_sc_hd__dfxtp_2)
                                 -0.250000   20.223263   clock uncertainty
                                  0.000000   20.223263   clock reconvergence pessimism
                                  0.013106   20.236368   library setup time
                                             20.236368   data required time
---------------------------------------------------------------------------------------------
                                             20.236368   data required time
                                             -5.042094   data arrival time
---------------------------------------------------------------------------------------------
                                             15.194275   slack (MET)


Startpoint: m_axis_tready (input port clocked by aclk)
Endpoint: _2094_ (rising edge-triggered flip-flop clocked by aclk)
Path Group: aclk
Path Type: max

Fanout         Cap        Slew       Delay        Time   Description
---------------------------------------------------------------------------------------------
                                  0.000000    0.000000   clock aclk (rise edge)
                                  0.000000    0.000000   clock network delay (propagated)
                                  4.000000    4.000000 ^ input external delay
     7    0.020311    0.097032    0.066456    4.066456 ^ m_axis_tready (in)
                                                         m_axis_tready (net)
                      0.097032    0.000000    4.066456 ^ _1073_/B (sky130_fd_sc_hd__and2_2)
    42    0.168119    0.833557    0.714487    4.780943 ^ _1073_/X (sky130_fd_sc_hd__and2_2)
                                                         _0219_ (net)
                      0.833563    0.001965    4.782908 ^ _1176_/A2 (sky130_fd_sc_hd__o211a_2)
     1    0.001756    0.048179    0.259177    5.042085 ^ _1176_/X (sky130_fd_sc_hd__o211a_2)
                                                         _0022_ (net)
                      0.048179    0.000000    5.042086 ^ _2094_/D (sky130_fd_sc_hd__dfxtp_2)
                                              5.042086   data arrival time

                                 20.000000   20.000000   clock aclk (rise edge)
                                  0.000000   20.000000   clock source latency
    50    0.152256    0.683598    0.474303   20.474304 ^ aclk (in)
                                                         aclk (net)
                      0.683664    0.000000   20.474304 ^ _2094_/CLK (sky130_fd_sc_hd__dfxtp_2)
                                 -0.250000   20.224304   clock uncertainty
                                  0.000000   20.224304   clock reconvergence pessimism
                                  0.013276   20.237581   library setup time
                                             20.237581   data required time
---------------------------------------------------------------------------------------------
                                             20.237581   data required time
                                             -5.042086   data arrival time
---------------------------------------------------------------------------------------------
                                             15.195495   slack (MET)


Startpoint: m_axis_tready (input port clocked by aclk)
Endpoint: _2121_ (rising edge-triggered flip-flop clocked by aclk)
Path Group: aclk
Path Type: max

Fanout         Cap        Slew       Delay        Time   Description
---------------------------------------------------------------------------------------------
                                  0.000000    0.000000   clock aclk (rise edge)
                                  0.000000    0.000000   clock network delay (propagated)
                                  4.000000    4.000000 ^ input external delay
     7    0.020311    0.097032    0.066456    4.066456 ^ m_axis_tready (in)
                                                         m_axis_tready (net)
                      0.097032    0.000000    4.066456 ^ _1073_/B (sky130_fd_sc_hd__and2_2)
    42    0.168119    0.833557    0.714487    4.780943 ^ _1073_/X (sky130_fd_sc_hd__and2_2)
                                                         _0219_ (net)
                      0.833558    0.000876    4.781819 ^ _2071_/A1 (sky130_fd_sc_hd__o21a_2)
     1    0.001690    0.040633    0.237812    5.019631 ^ _2071_/X (sky130_fd_sc_hd__o21a_2)
                                                         _0049_ (net)
                      0.040633    0.000000    5.019631 ^ _2121_/D (sky130_fd_sc_hd__dfxtp_2)
                                              5.019631   data arrival time

                                 20.000000   20.000000   clock aclk (rise edge)
                                  0.000000   20.000000   clock source latency
    50    0.152256    0.683598    0.471944   20.471945 ^ aclk (in)
                                                         aclk (net)
                      0.683620    0.000000   20.471945 ^ _2121_/CLK (sky130_fd_sc_hd__dfxtp_2)
                                 -0.250000   20.221945   clock uncertainty
                                  0.000000   20.221945   clock reconvergence pessimism
                                  0.014831   20.236776   library setup time
                                             20.236776   data required time
---------------------------------------------------------------------------------------------
                                             20.236776   data required time
                                             -5.019631   data arrival time
---------------------------------------------------------------------------------------------
                                             15.217145   slack (MET)


Startpoint: aresetn (input port clocked by aclk)
Endpoint: _2079_ (rising edge-triggered flip-flop clocked by aclk)
Path Group: aclk
Path Type: max

Fanout         Cap        Slew       Delay        Time   Description
---------------------------------------------------------------------------------------------
                                  0.000000    0.000000   clock aclk (rise edge)
                                  0.000000    0.000000   clock network delay (propagated)
                                  4.000000    4.000000 ^ input external delay
    50    0.177627    0.796003    0.552160    4.552160 ^ aresetn (in)
                                                         aresetn (net)
                      0.796078    0.000000    4.552160 ^ _1054_/C1 (sky130_fd_sc_hd__o211a_2)
     1    0.002240    0.050716    0.304786    4.856946 ^ _1054_/X (sky130_fd_sc_hd__o211a_2)
                                                         _0007_ (net)
                      0.050716    0.000004    4.856950 ^ _2079_/D (sky130_fd_sc_hd__dfxtp_2)
                                              4.856950   data arrival time

                                 20.000000   20.000000   clock aclk (rise edge)
                                  0.000000   20.000000   clock source latency
    50    0.152256    0.683598    0.474406   20.474407 ^ aclk (in)
                                                         aclk (net)
                      0.683667    0.000000   20.474407 ^ _2079_/CLK (sky130_fd_sc_hd__dfxtp_2)
                                 -0.250000   20.224407   clock uncertainty
                                  0.000000   20.224407   clock reconvergence pessimism
                                  0.012753   20.237160   library setup time
                                             20.237160   data required time
---------------------------------------------------------------------------------------------
                                             20.237160   data required time
                                             -4.856950   data arrival time
---------------------------------------------------------------------------------------------
                                             15.380210   slack (MET)


Startpoint: aresetn (input port clocked by aclk)
Endpoint: _2080_ (rising edge-triggered flip-flop clocked by aclk)
Path Group: aclk
Path Type: max

Fanout         Cap        Slew       Delay        Time   Description
---------------------------------------------------------------------------------------------
                                  0.000000    0.000000   clock aclk (rise edge)
                                  0.000000    0.000000   clock network delay (propagated)
                                  4.000000    4.000000 ^ input external delay
    50    0.177627    0.796003    0.552177    4.552177 ^ aresetn (in)
                                                         aresetn (net)
                      0.796078    0.000000    4.552177 ^ _1056_/C1 (sky130_fd_sc_hd__o211a_2)
     1    0.002173    0.050364    0.304299    4.856476 ^ _1056_/X (sky130_fd_sc_hd__o211a_2)
                                                         _0008_ (net)
                      0.050364    0.000004    4.856481 ^ _2080_/D (sky130_fd_sc_hd__dfxtp_2)
                                              4.856481   data arrival time

                                 20.000000   20.000000   clock aclk (rise edge)
                                  0.000000   20.000000   clock source latency
    50    0.152256    0.683598    0.474417   20.474417 ^ aclk (in)
                                                         aclk (net)
                      0.683667    0.000000   20.474417 ^ _2080_/CLK (sky130_fd_sc_hd__dfxtp_2)
                                 -0.250000   20.224419   clock uncertainty
                                  0.000000   20.224419   clock reconvergence pessimism
                                  0.012826   20.237244   library setup time
                                             20.237244   data required time
---------------------------------------------------------------------------------------------
                                             20.237244   data required time
                                             -4.856481   data arrival time
---------------------------------------------------------------------------------------------
                                             15.380764   slack (MET)


Startpoint: aresetn (input port clocked by aclk)
Endpoint: _2087_ (rising edge-triggered flip-flop clocked by aclk)
Path Group: aclk
Path Type: max

Fanout         Cap        Slew       Delay        Time   Description
---------------------------------------------------------------------------------------------
                                  0.000000    0.000000   clock aclk (rise edge)
                                  0.000000    0.000000   clock network delay (propagated)
                                  4.000000    4.000000 ^ input external delay
    50    0.177627    0.796003    0.552163    4.552163 ^ aresetn (in)
                                                         aresetn (net)
                      0.796078    0.000000    4.552163 ^ _1070_/C1 (sky130_fd_sc_hd__o211a_2)
     1    0.001932    0.049099    0.302550    4.854713 ^ _1070_/X (sky130_fd_sc_hd__o211a_2)
                                                         _0015_ (net)
                      0.049099    0.000002    4.854715 ^ _2087_/D (sky130_fd_sc_hd__dfxtp_2)
                                              4.854715   data arrival time

                                 20.000000   20.000000   clock aclk (rise edge)
                                  0.000000   20.000000   clock source latency
    50    0.152256    0.683598    0.474374   20.474375 ^ aclk (in)
                                                         aclk (net)
                      0.683666    0.000000   20.474375 ^ _2087_/CLK (sky130_fd_sc_hd__dfxtp_2)
                                 -0.250000   20.224375   clock uncertainty
                                  0.000000   20.224375   clock reconvergence pessimism
                                  0.013087   20.237463   library setup time
                                             20.237463   data required time
---------------------------------------------------------------------------------------------
                                             20.237463   data required time
                                             -4.854715   data arrival time
---------------------------------------------------------------------------------------------
                                             15.382746   slack (MET)


Startpoint: aresetn (input port clocked by aclk)
Endpoint: _2082_ (rising edge-triggered flip-flop clocked by aclk)
Path Group: aclk
Path Type: max

Fanout         Cap        Slew       Delay        Time   Description
---------------------------------------------------------------------------------------------
                                  0.000000    0.000000   clock aclk (rise edge)
                                  0.000000    0.000000   clock network delay (propagated)
                                  4.000000    4.000000 ^ input external delay
    50    0.177627    0.796003    0.550334    4.550334 ^ aresetn (in)
                                                         aresetn (net)
                      0.796041    0.000000    4.550334 ^ _1060_/C1 (sky130_fd_sc_hd__o211a_2)
     1    0.001840    0.048616    0.301879    4.852213 ^ _1060_/X (sky130_fd_sc_hd__o211a_2)
                                                         _0010_ (net)
                      0.048616    0.000001    4.852214 ^ _2082_/D (sky130_fd_sc_hd__dfxtp_2)
                                              4.852214   data arrival time

                                 20.000000   20.000000   clock aclk (rise edge)
                                  0.000000   20.000000   clock source latency
    50    0.152256    0.683598    0.472530   20.472530 ^ aclk (in)
                                                         aclk (net)
                      0.683629    0.000000   20.472530 ^ _2082_/CLK (sky130_fd_sc_hd__dfxtp_2)
                                 -0.250000   20.222532   clock uncertainty
                                  0.000000   20.222532   clock reconvergence pessimism
                                  0.013185   20.235718   library setup time
                                             20.235718   data required time
---------------------------------------------------------------------------------------------
                                             20.235718   data required time
                                             -4.852214   data arrival time
---------------------------------------------------------------------------------------------
                                             15.383503   slack (MET)


Startpoint: aresetn (input port clocked by aclk)
Endpoint: _2086_ (rising edge-triggered flip-flop clocked by aclk)
Path Group: aclk
Path Type: max

Fanout         Cap        Slew       Delay        Time   Description
---------------------------------------------------------------------------------------------
                                  0.000000    0.000000   clock aclk (rise edge)
                                  0.000000    0.000000   clock network delay (propagated)
                                  4.000000    4.000000 ^ input external delay
    50    0.177627    0.796003    0.552124    4.552124 ^ aresetn (in)
                                                         aresetn (net)
                      0.796077    0.000000    4.552124 ^ _1068_/C1 (sky130_fd_sc_hd__o211a_2)
     1    0.001844    0.048639    0.301914    4.854037 ^ _1068_/X (sky130_fd_sc_hd__o211a_2)
                                                         _0014_ (net)
                      0.048639    0.000002    4.854039 ^ _2086_/D (sky130_fd_sc_hd__dfxtp_2)
                                              4.854039   data arrival time

                                 20.000000   20.000000   clock aclk (rise edge)
                                  0.000000   20.000000   clock source latency
    50    0.152256    0.683598    0.474371   20.474371 ^ aclk (in)
                                                         aclk (net)
                      0.683666    0.000000   20.474371 ^ _2086_/CLK (sky130_fd_sc_hd__dfxtp_2)
                                 -0.250000   20.224373   clock uncertainty
                                  0.000000   20.224373   clock reconvergence pessimism
                                  0.013181   20.237553   library setup time
                                             20.237553   data required time
---------------------------------------------------------------------------------------------
                                             20.237553   data required time
                                             -4.854039   data arrival time
---------------------------------------------------------------------------------------------
                                             15.383513   slack (MET)


Startpoint: aresetn (input port clocked by aclk)
Endpoint: _2083_ (rising edge-triggered flip-flop clocked by aclk)
Path Group: aclk
Path Type: max

Fanout         Cap        Slew       Delay        Time   Description
---------------------------------------------------------------------------------------------
                                  0.000000    0.000000   clock aclk (rise edge)
                                  0.000000    0.000000   clock network delay (propagated)
                                  4.000000    4.000000 ^ input external delay
    50    0.177627    0.796003    0.549912    4.549912 ^ aresetn (in)
                                                         aresetn (net)
                      0.796035    0.000000    4.549912 ^ _1062_/C1 (sky130_fd_sc_hd__o211a_2)
     1    0.001858    0.048711    0.302010    4.851922 ^ _1062_/X (sky130_fd_sc_hd__o211a_2)
                                                         _0011_ (net)
                      0.048711    0.000002    4.851924 ^ _2083_/D (sky130_fd_sc_hd__dfxtp_2)
                                              4.851924   data arrival time

                                 20.000000   20.000000   clock aclk (rise edge)
                                  0.000000   20.000000   clock source latency
    50    0.152256    0.683598    0.472527   20.472527 ^ aclk (in)
                                                         aclk (net)
                      0.683629    0.000000   20.472527 ^ _2083_/CLK (sky130_fd_sc_hd__dfxtp_2)
                                 -0.250000   20.222528   clock uncertainty
                                  0.000000   20.222528   clock reconvergence pessimism
                                  0.013166   20.235695   library setup time
                                             20.235695   data required time
---------------------------------------------------------------------------------------------
                                             20.235695   data required time
                                             -4.851924   data arrival time
---------------------------------------------------------------------------------------------
                                             15.383771   slack (MET)


Startpoint: aresetn (input port clocked by aclk)
Endpoint: _2073_ (rising edge-triggered flip-flop clocked by aclk)
Path Group: aclk
Path Type: max

Fanout         Cap        Slew       Delay        Time   Description
---------------------------------------------------------------------------------------------
                                  0.000000    0.000000   clock aclk (rise edge)
                                  0.000000    0.000000   clock network delay (propagated)
                                  4.000000    4.000000 ^ input external delay
    50    0.177627    0.796003    0.549734    4.549734 ^ aresetn (in)
                                                         aresetn (net)
                      0.796032    0.000000    4.549734 ^ _1042_/C1 (sky130_fd_sc_hd__o211a_2)
     1    0.001816    0.048491    0.301705    4.851439 ^ _1042_/X (sky130_fd_sc_hd__o211a_2)
                                                         _0001_ (net)
                      0.048491    0.000001    4.851441 ^ _2073_/D (sky130_fd_sc_hd__dfxtp_2)
                                              4.851441   data arrival time

                                 20.000000   20.000000   clock aclk (rise edge)
                                  0.000000   20.000000   clock source latency
    50    0.152256    0.683598    0.472324   20.472324 ^ aclk (in)
                                                         aclk (net)
                      0.683626    0.000000   20.472324 ^ _2073_/CLK (sky130_fd_sc_hd__dfxtp_2)
                                 -0.250000   20.222326   clock uncertainty
                                  0.000000   20.222326   clock reconvergence pessimism
                                  0.013211   20.235537   library setup time
                                             20.235537   data required time
---------------------------------------------------------------------------------------------
                                             20.235537   data required time
                                             -4.851441   data arrival time
---------------------------------------------------------------------------------------------
                                             15.384096   slack (MET)


Startpoint: aresetn (input port clocked by aclk)
Endpoint: _2088_ (rising edge-triggered flip-flop clocked by aclk)
Path Group: aclk
Path Type: max

Fanout         Cap        Slew       Delay        Time   Description
---------------------------------------------------------------------------------------------
                                  0.000000    0.000000   clock aclk (rise edge)
                                  0.000000    0.000000   clock network delay (propagated)
                                  4.000000    4.000000 ^ input external delay
    50    0.177627    0.796003    0.550714    4.550714 ^ aresetn (in)
                                                         aresetn (net)
                      0.796048    0.000000    4.550714 ^ _1072_/C1 (sky130_fd_sc_hd__o211a_2)
     1    0.001784    0.048326    0.301478    4.852191 ^ _1072_/X (sky130_fd_sc_hd__o211a_2)
                                                         _0016_ (net)
                      0.048326    0.000001    4.852192 ^ _2088_/D (sky130_fd_sc_hd__dfxtp_2)
                                              4.852192   data arrival time

                                 20.000000   20.000000   clock aclk (rise edge)
                                  0.000000   20.000000   clock source latency
    50    0.152256    0.683598    0.473067   20.473068 ^ aclk (in)
                                                         aclk (net)
                      0.683638    0.000000   20.473068 ^ _2088_/CLK (sky130_fd_sc_hd__dfxtp_2)
                                 -0.250000   20.223068   clock uncertainty
                                  0.000000   20.223068   clock reconvergence pessimism
                                  0.013245   20.236313   library setup time
                                             20.236313   data required time
---------------------------------------------------------------------------------------------
                                             20.236313   data required time
                                             -4.852192   data arrival time
---------------------------------------------------------------------------------------------
                                             15.384121   slack (MET)


Startpoint: aresetn (input port clocked by aclk)
Endpoint: _2076_ (rising edge-triggered flip-flop clocked by aclk)
Path Group: aclk
Path Type: max

Fanout         Cap        Slew       Delay        Time   Description
---------------------------------------------------------------------------------------------
                                  0.000000    0.000000   clock aclk (rise edge)
                                  0.000000    0.000000   clock network delay (propagated)
                                  4.000000    4.000000 ^ input external delay
    50    0.177627    0.796003    0.549905    4.549905 ^ aresetn (in)
                                                         aresetn (net)
                      0.796034    0.000000    4.549905 ^ _1048_/C1 (sky130_fd_sc_hd__o211a_2)
     1    0.001807    0.048443    0.301640    4.851545 ^ _1048_/X (sky130_fd_sc_hd__o211a_2)
                                                         _0004_ (net)
                      0.048443    0.000001    4.851547 ^ _2076_/D (sky130_fd_sc_hd__dfxtp_2)
                                              4.851547   data arrival time

                                 20.000000   20.000000   clock aclk (rise edge)
                                  0.000000   20.000000   clock source latency
    50    0.152256    0.683598    0.472520   20.472521 ^ aclk (in)
                                                         aclk (net)
                      0.683629    0.000000   20.472521 ^ _2076_/CLK (sky130_fd_sc_hd__dfxtp_2)
                                 -0.250000   20.222521   clock uncertainty
                                  0.000000   20.222521   clock reconvergence pessimism
                                  0.013221   20.235743   library setup time
                                             20.235743   data required time
---------------------------------------------------------------------------------------------
                                             20.235743   data required time
                                             -4.851547   data arrival time
---------------------------------------------------------------------------------------------
                                             15.384195   slack (MET)


Startpoint: aresetn (input port clocked by aclk)
Endpoint: _2077_ (rising edge-triggered flip-flop clocked by aclk)
Path Group: aclk
Path Type: max

Fanout         Cap        Slew       Delay        Time   Description
---------------------------------------------------------------------------------------------
                                  0.000000    0.000000   clock aclk (rise edge)
                                  0.000000    0.000000   clock network delay (propagated)
                                  4.000000    4.000000 ^ input external delay
    50    0.177627    0.796003    0.552000    4.552000 ^ aresetn (in)
                                                         aresetn (net)
                      0.796074    0.000000    4.552000 ^ _1050_/C1 (sky130_fd_sc_hd__o211a_2)
     1    0.001743    0.048111    0.301183    4.853183 ^ _1050_/X (sky130_fd_sc_hd__o211a_2)
                                                         _0005_ (net)
                      0.048111    0.000000    4.853183 ^ _2077_/D (sky130_fd_sc_hd__dfxtp_2)
                                              4.853183   data arrival time

                                 20.000000   20.000000   clock aclk (rise edge)
                                  0.000000   20.000000   clock source latency
    50    0.152256    0.683598    0.474250   20.474251 ^ aclk (in)
                                                         aclk (net)
                      0.683663    0.000000   20.474251 ^ _2077_/CLK (sky130_fd_sc_hd__dfxtp_2)
                                 -0.250000   20.224251   clock uncertainty
                                  0.000000   20.224251   clock reconvergence pessimism
                                  0.013290   20.237541   library setup time
                                             20.237541   data required time
---------------------------------------------------------------------------------------------
                                             20.237541   data required time
                                             -4.853183   data arrival time
---------------------------------------------------------------------------------------------
                                             15.384359   slack (MET)


Startpoint: aresetn (input port clocked by aclk)
Endpoint: _2085_ (rising edge-triggered flip-flop clocked by aclk)
Path Group: aclk
Path Type: max

Fanout         Cap        Slew       Delay        Time   Description
---------------------------------------------------------------------------------------------
                                  0.000000    0.000000   clock aclk (rise edge)
                                  0.000000    0.000000   clock network delay (propagated)
                                  4.000000    4.000000 ^ input external delay
    50    0.177627    0.796003    0.552050    4.552051 ^ aresetn (in)
                                                         aresetn (net)
                      0.796075    0.000000    4.552051 ^ _1066_/C1 (sky130_fd_sc_hd__o211a_2)
     1    0.001737    0.048077    0.301136    4.853187 ^ _1066_/X (sky130_fd_sc_hd__o211a_2)
                                                         _0013_ (net)
                      0.048077    0.000000    4.853188 ^ _2085_/D (sky130_fd_sc_hd__dfxtp_2)
                                              4.853188   data arrival time

                                 20.000000   20.000000   clock aclk (rise edge)
                                  0.000000   20.000000   clock source latency
    50    0.152256    0.683598    0.474294   20.474295 ^ aclk (in)
                                                         aclk (net)
                      0.683664    0.000000   20.474295 ^ _2085_/CLK (sky130_fd_sc_hd__dfxtp_2)
                                 -0.250000   20.224297   clock uncertainty
                                  0.000000   20.224297   clock reconvergence pessimism
                                  0.013297   20.237593   library setup time
                                             20.237593   data required time
---------------------------------------------------------------------------------------------
                                             20.237593   data required time
                                             -4.853188   data arrival time
---------------------------------------------------------------------------------------------
                                             15.384405   slack (MET)


Startpoint: aresetn (input port clocked by aclk)
Endpoint: _2078_ (rising edge-triggered flip-flop clocked by aclk)
Path Group: aclk
Path Type: max

Fanout         Cap        Slew       Delay        Time   Description
---------------------------------------------------------------------------------------------
                                  0.000000    0.000000   clock aclk (rise edge)
                                  0.000000    0.000000   clock network delay (propagated)
                                  4.000000    4.000000 ^ input external delay
    50    0.177627    0.796003    0.552094    4.552094 ^ aresetn (in)
                                                         aresetn (net)
                      0.796076    0.000000    4.552094 ^ _1052_/C1 (sky130_fd_sc_hd__o211a_2)
     1    0.001733    0.048056    0.301107    4.853201 ^ _1052_/X (sky130_fd_sc_hd__o211a_2)
                                                         _0006_ (net)
                      0.048056    0.000000    4.853201 ^ _2078_/D (sky130_fd_sc_hd__dfxtp_2)
                                              4.853201   data arrival time

                                 20.000000   20.000000   clock aclk (rise edge)
                                  0.000000   20.000000   clock source latency
    50    0.152256    0.683598    0.474333   20.474335 ^ aclk (in)
                                                         aclk (net)
                      0.683665    0.000000   20.474335 ^ _2078_/CLK (sky130_fd_sc_hd__dfxtp_2)
                                 -0.250000   20.224335   clock uncertainty
                                  0.000000   20.224335   clock reconvergence pessimism
                                  0.013302   20.237637   library setup time
                                             20.237637   data required time
---------------------------------------------------------------------------------------------
                                             20.237637   data required time
                                             -4.853201   data arrival time
---------------------------------------------------------------------------------------------
                                             15.384434   slack (MET)


Startpoint: aresetn (input port clocked by aclk)
Endpoint: _2074_ (rising edge-triggered flip-flop clocked by aclk)
Path Group: aclk
Path Type: max

Fanout         Cap        Slew       Delay        Time   Description
---------------------------------------------------------------------------------------------
                                  0.000000    0.000000   clock aclk (rise edge)
                                  0.000000    0.000000   clock network delay (propagated)
                                  4.000000    4.000000 ^ input external delay
    50    0.177627    0.796003    0.549897    4.549897 ^ aresetn (in)
                                                         aresetn (net)
                      0.796034    0.000000    4.549897 ^ _1044_/C1 (sky130_fd_sc_hd__o211a_2)
     1    0.001766    0.048229    0.301343    4.851240 ^ _1044_/X (sky130_fd_sc_hd__o211a_2)
                                                         _0002_ (net)
                      0.048229    0.000000    4.851241 ^ _2074_/D (sky130_fd_sc_hd__dfxtp_2)
                                              4.851241   data arrival time

                                 20.000000   20.000000   clock aclk (rise edge)
                                  0.000000   20.000000   clock source latency
    50    0.152256    0.683598    0.472509   20.472509 ^ aclk (in)
                                                         aclk (net)
                      0.683628    0.000000   20.472509 ^ _2074_/CLK (sky130_fd_sc_hd__dfxtp_2)
                                 -0.250000   20.222511   clock uncertainty
                                  0.000000   20.222511   clock reconvergence pessimism
                                  0.013265   20.235775   library setup time
                                             20.235775   data required time
---------------------------------------------------------------------------------------------
                                             20.235775   data required time
                                             -4.851241   data arrival time
---------------------------------------------------------------------------------------------
                                             15.384533   slack (MET)


Startpoint: aresetn (input port clocked by aclk)
Endpoint: _2075_ (rising edge-triggered flip-flop clocked by aclk)
Path Group: aclk
Path Type: max

Fanout         Cap        Slew       Delay        Time   Description
---------------------------------------------------------------------------------------------
                                  0.000000    0.000000   clock aclk (rise edge)
                                  0.000000    0.000000   clock network delay (propagated)
                                  4.000000    4.000000 ^ input external delay
    50    0.177627    0.796003    0.549871    4.549871 ^ aresetn (in)
                                                         aresetn (net)
                      0.796034    0.000000    4.549871 ^ _1046_/C1 (sky130_fd_sc_hd__o211a_2)
     1    0.001753    0.048162    0.301251    4.851122 ^ _1046_/X (sky130_fd_sc_hd__o211a_2)
                                                         _0003_ (net)
                      0.048162    0.000000    4.851123 ^ _2075_/D (sky130_fd_sc_hd__dfxtp_2)
                                              4.851123   data arrival time

                                 20.000000   20.000000   clock aclk (rise edge)
                                  0.000000   20.000000   clock source latency
    50    0.152256    0.683598    0.472470   20.472471 ^ aclk (in)
                                                         aclk (net)
                      0.683628    0.000000   20.472471 ^ _2075_/CLK (sky130_fd_sc_hd__dfxtp_2)
                                 -0.250000   20.222471   clock uncertainty
                                  0.000000   20.222471   clock reconvergence pessimism
                                  0.013279   20.235750   library setup time
                                             20.235750   data required time
---------------------------------------------------------------------------------------------
                                             20.235750   data required time
                                             -4.851123   data arrival time
---------------------------------------------------------------------------------------------
                                             15.384627   slack (MET)


Startpoint: aresetn (input port clocked by aclk)
Endpoint: _2084_ (rising edge-triggered flip-flop clocked by aclk)
Path Group: aclk
Path Type: max

Fanout         Cap        Slew       Delay        Time   Description
---------------------------------------------------------------------------------------------
                                  0.000000    0.000000   clock aclk (rise edge)
                                  0.000000    0.000000   clock network delay (propagated)
                                  4.000000    4.000000 ^ input external delay
    50    0.177627    0.796003    0.551871    4.551871 ^ aresetn (in)
                                                         aresetn (net)
                      0.796071    0.000000    4.551871 ^ _1064_/C1 (sky130_fd_sc_hd__o211a_2)
     1    0.001713    0.047953    0.300964    4.852836 ^ _1064_/X (sky130_fd_sc_hd__o211a_2)
                                                         _0012_ (net)
                      0.047953    0.000000    4.852836 ^ _2084_/D (sky130_fd_sc_hd__dfxtp_2)
                                              4.852836   data arrival time

                                 20.000000   20.000000   clock aclk (rise edge)
                                  0.000000   20.000000   clock source latency
    50    0.152256    0.683598    0.474136   20.474136 ^ aclk (in)
                                                         aclk (net)
                      0.683660    0.000000   20.474136 ^ _2084_/CLK (sky130_fd_sc_hd__dfxtp_2)
                                 -0.250000   20.224138   clock uncertainty
                                  0.000000   20.224138   clock reconvergence pessimism
                                  0.013323   20.237461   library setup time
                                             20.237461   data required time
---------------------------------------------------------------------------------------------
                                             20.237461   data required time
                                             -4.852836   data arrival time
---------------------------------------------------------------------------------------------
                                             15.384624   slack (MET)


Startpoint: aresetn (input port clocked by aclk)
Endpoint: _2081_ (rising edge-triggered flip-flop clocked by aclk)
Path Group: aclk
Path Type: max

Fanout         Cap        Slew       Delay        Time   Description
---------------------------------------------------------------------------------------------
                                  0.000000    0.000000   clock aclk (rise edge)
                                  0.000000    0.000000   clock network delay (propagated)
                                  4.000000    4.000000 ^ input external delay
    50    0.177627    0.796003    0.550497    4.550498 ^ aresetn (in)
                                                         aresetn (net)
                      0.796044    0.000000    4.550498 ^ _1058_/C1 (sky130_fd_sc_hd__o211a_2)
     1    0.001704    0.047904    0.300894    4.851391 ^ _1058_/X (sky130_fd_sc_hd__o211a_2)
                                                         _0009_ (net)
                      0.047904    0.000000    4.851392 ^ _2081_/D (sky130_fd_sc_hd__dfxtp_2)
                                              4.851392   data arrival time

                                 20.000000   20.000000   clock aclk (rise edge)
                                  0.000000   20.000000   clock source latency
    50    0.152256    0.683598    0.472904   20.472904 ^ aclk (in)
                                                         aclk (net)
                      0.683635    0.000000   20.472904 ^ _2081_/CLK (sky130_fd_sc_hd__dfxtp_2)
                                 -0.250000   20.222904   clock uncertainty
                                  0.000000   20.222904   clock reconvergence pessimism
                                  0.013332   20.236237   library setup time
                                             20.236237   data required time
---------------------------------------------------------------------------------------------
                                             20.236237   data required time
                                             -4.851392   data arrival time
---------------------------------------------------------------------------------------------
                                             15.384844   slack (MET)


Startpoint: aresetn (input port clocked by aclk)
Endpoint: _2072_ (rising edge-triggered flip-flop clocked by aclk)
Path Group: aclk
Path Type: max

Fanout         Cap        Slew       Delay        Time   Description
---------------------------------------------------------------------------------------------
                                  0.000000    0.000000   clock aclk (rise edge)
                                  0.000000    0.000000   clock network delay (propagated)
                                  4.000000    4.000000 ^ input external delay
    50    0.177627    0.796003    0.550122    4.550122 ^ aresetn (in)
                                                         aresetn (net)
                      0.796038    0.000000    4.550122 ^ _1040_/B1 (sky130_fd_sc_hd__o21a_2)
     1    0.001797    0.041103    0.236950    4.787073 ^ _1040_/X (sky130_fd_sc_hd__o21a_2)
                                                         _0000_ (net)
                      0.041103    0.000000    4.787074 ^ _2072_/D (sky130_fd_sc_hd__dfxtp_2)
                                              4.787074   data arrival time

                                 20.000000   20.000000   clock aclk (rise edge)
                                  0.000000   20.000000   clock source latency
    50    0.152256    0.683598    0.472644   20.472645 ^ aclk (in)
                                                         aclk (net)
                      0.683631    0.000000   20.472645 ^ _2072_/CLK (sky130_fd_sc_hd__dfxtp_2)
                                 -0.250000   20.222645   clock uncertainty
                                  0.000000   20.222645   clock reconvergence pessimism
                                  0.014734   20.237381   library setup time
                                             20.237381   data required time
---------------------------------------------------------------------------------------------
                                             20.237381   data required time
                                             -4.787074   data arrival time
---------------------------------------------------------------------------------------------
                                             15.450306   slack (MET)



