
===========================================================================
report_checks -path_delay max (Setup)
============================================================================
======================= nom_ff_n40C_1v95 Corner ===================================

Startpoint: m_axis_tready (input port clocked by aclk)
Endpoint: s_axis_tready (output port clocked by aclk)
Path Group: aclk
Path Type: max

Fanout         Cap        Slew       Delay        Time   Description
---------------------------------------------------------------------------------------------
                      0.150000    0.000000    0.000000   clock aclk (rise edge)
                                  0.000000    0.000000   clock network delay (ideal)
                                  4.000000    4.000000 ^ input external delay
     7    0.017724    0.065508    0.043438    4.043437 ^ m_axis_tready (in)
                                                         m_axis_tready (net)
                      0.065508    0.000000    4.043437 ^ _2122_/A (sky130_fd_sc_hd__buf_2)
     1    0.033442    0.127370    0.145186    4.188624 ^ _2122_/X (sky130_fd_sc_hd__buf_2)
                                                         s_axis_tready (net)
                      0.127370    0.000000    4.188624 ^ s_axis_tready (out)
                                              4.188624   data arrival time

                      0.150000   20.000000   20.000000   clock aclk (rise edge)
                                  0.000000   20.000000   clock network delay (ideal)
                                 -0.250000   19.750002   clock uncertainty
                                  0.000000   19.750002   clock reconvergence pessimism
                                 -4.000000   15.750001   output external delay
                                             15.750001   data required time
---------------------------------------------------------------------------------------------
                                             15.750001   data required time
                                             -4.188624   data arrival time
---------------------------------------------------------------------------------------------
                                             11.561378   slack (MET)


Startpoint: _2088_ (rising edge-triggered flip-flop clocked by aclk)
Endpoint: _2120_ (rising edge-triggered flip-flop clocked by aclk)
Path Group: aclk
Path Type: max

Fanout         Cap        Slew       Delay        Time   Description
---------------------------------------------------------------------------------------------
                      0.150000    0.000000    0.000000   clock aclk (rise edge)
                                  0.000000    0.000000   clock network delay (ideal)
                      0.150000    0.000000    0.000000 ^ _2088_/CLK (sky130_fd_sc_hd__dfxtp_2)
    54    0.157313    0.592349    0.612892    0.612892 ^ _2088_/Q (sky130_fd_sc_hd__dfxtp_2)
                                                         internal_rssi[7] (net)
                      0.592349    0.000000    0.612892 ^ _1270_/A (sky130_fd_sc_hd__nand2_2)
    63    0.217553    0.580105    0.540764    1.153655 v _1270_/Y (sky130_fd_sc_hd__nand2_2)
                                                         _0408_ (net)
                      0.580105    0.000000    1.153655 v _1563_/A (sky130_fd_sc_hd__or3_2)
     3    0.008808    0.069816    0.431616    1.585271 v _1563_/X (sky130_fd_sc_hd__or3_2)
                                                         _0694_ (net)
                      0.069816    0.000000    1.585271 v _1566_/B1 (sky130_fd_sc_hd__o211a_2)
     2    0.003758    0.032992    0.099463    1.684734 v _1566_/X (sky130_fd_sc_hd__o211a_2)
                                                         _0697_ (net)
                      0.032992    0.000000    1.684734 v _1568_/A (sky130_fd_sc_hd__or3b_2)
     2    0.005777    0.059106    0.273579    1.958313 v _1568_/X (sky130_fd_sc_hd__or3b_2)
                                                         _0699_ (net)
                      0.059106    0.000000    1.958313 v _1571_/A (sky130_fd_sc_hd__and3_2)
     3    0.007574    0.037320    0.126090    2.084403 v _1571_/X (sky130_fd_sc_hd__and3_2)
                                                         _0702_ (net)
                      0.037320    0.000000    2.084403 v _1573_/B (sky130_fd_sc_hd__or3_2)
     2    0.006549    0.061189    0.265935    2.350338 v _1573_/X (sky130_fd_sc_hd__or3_2)
                                                         _0704_ (net)
                      0.061189    0.000000    2.350338 v _1577_/A1 (sky130_fd_sc_hd__a21o_2)
     3    0.008426    0.036361    0.137871    2.488209 v _1577_/X (sky130_fd_sc_hd__a21o_2)
                                                         _0708_ (net)
                      0.036361    0.000000    2.488209 v _1578_/C (sky130_fd_sc_hd__and3_2)
     2    0.006145    0.034956    0.137134    2.625343 v _1578_/X (sky130_fd_sc_hd__and3_2)
                                                         _0709_ (net)
                      0.034956    0.000000    2.625343 v _1581_/A (sky130_fd_sc_hd__or3_2)
     5    0.015879    0.081765    0.309865    2.935207 v _1581_/X (sky130_fd_sc_hd__or3_2)
                                                         _0712_ (net)
                      0.081765    0.000000    2.935207 v _1583_/B (sky130_fd_sc_hd__and3_2)
     3    0.007200    0.036691    0.148472    3.083680 v _1583_/X (sky130_fd_sc_hd__and3_2)
                                                         _0714_ (net)
                      0.036691    0.000000    3.083680 v _1589_/B (sky130_fd_sc_hd__or3_2)
     2    0.002686    0.050029    0.250577    3.334257 v _1589_/X (sky130_fd_sc_hd__or3_2)
                                                         _0719_ (net)
                      0.050029    0.000000    3.334257 v _1590_/C (sky130_fd_sc_hd__or3_2)
     1    0.004045    0.054138    0.235527    3.569784 v _1590_/X (sky130_fd_sc_hd__or3_2)
                                                         _0720_ (net)
                      0.054138    0.000000    3.569784 v _1593_/A2 (sky130_fd_sc_hd__o211ai_2)
     5    0.025238    0.254936    0.218098    3.787882 ^ _1593_/Y (sky130_fd_sc_hd__o211ai_2)
                                                         _0723_ (net)
                      0.254936    0.000000    3.787882 ^ _1850_/A1 (sky130_fd_sc_hd__a211oi_2)
     4    0.019283    0.107850    0.103784    3.891666 v _1850_/Y (sky130_fd_sc_hd__a211oi_2)
                                                         _0972_ (net)
                      0.107850    0.000000    3.891666 v _1993_/A1 (sky130_fd_sc_hd__o31a_2)
     2    0.005618    0.043145    0.236780    4.128446 v _1993_/X (sky130_fd_sc_hd__o31a_2)
                                                         _0125_ (net)
                      0.043145    0.000000    4.128446 v _1994_/B (sky130_fd_sc_hd__or2_2)
     5    0.014699    0.062016    0.192408    4.320854 v _1994_/X (sky130_fd_sc_hd__or2_2)
                                                         _0126_ (net)
                      0.062016    0.000000    4.320854 v _2052_/A2 (sky130_fd_sc_hd__a311o_2)
     3    0.009159    0.053258    0.247131    4.567985 v _2052_/X (sky130_fd_sc_hd__a311o_2)
                                                         _0182_ (net)
                      0.053258    0.000000    4.567985 v _2068_/A2 (sky130_fd_sc_hd__a31o_2)
     1    0.002236    0.026775    0.147017    4.715002 v _2068_/X (sky130_fd_sc_hd__a31o_2)
                                                         _0197_ (net)
                      0.026775    0.000000    4.715002 v _2069_/B2 (sky130_fd_sc_hd__o221a_2)
     1    0.001783    0.029298    0.126650    4.841651 v _2069_/X (sky130_fd_sc_hd__o221a_2)
                                                         _0048_ (net)
                      0.029298    0.000000    4.841651 v _2120_/D (sky130_fd_sc_hd__dfxtp_2)
                                              4.841651   data arrival time

                      0.150000   20.000000   20.000000   clock aclk (rise edge)
                                  0.000000   20.000000   clock network delay (ideal)
                                 -0.250000   19.750002   clock uncertainty
                                  0.000000   19.750002   clock reconvergence pessimism
                                             19.750002 ^ _2120_/CLK (sky130_fd_sc_hd__dfxtp_2)
                                 -0.058909   19.691092   library setup time
                                             19.691092   data required time
---------------------------------------------------------------------------------------------
                                             19.691092   data required time
                                             -4.841651   data arrival time
---------------------------------------------------------------------------------------------
                                             14.849441   slack (MET)


Startpoint: _2088_ (rising edge-triggered flip-flop clocked by aclk)
Endpoint: _2119_ (rising edge-triggered flip-flop clocked by aclk)
Path Group: aclk
Path Type: max

Fanout         Cap        Slew       Delay        Time   Description
---------------------------------------------------------------------------------------------
                      0.150000    0.000000    0.000000   clock aclk (rise edge)
                                  0.000000    0.000000   clock network delay (ideal)
                      0.150000    0.000000    0.000000 ^ _2088_/CLK (sky130_fd_sc_hd__dfxtp_2)
    54    0.157313    0.592349    0.612892    0.612892 ^ _2088_/Q (sky130_fd_sc_hd__dfxtp_2)
                                                         internal_rssi[7] (net)
                      0.592349    0.000000    0.612892 ^ _1270_/A (sky130_fd_sc_hd__nand2_2)
    63    0.217553    0.580105    0.540764    1.153655 v _1270_/Y (sky130_fd_sc_hd__nand2_2)
                                                         _0408_ (net)
                      0.580105    0.000000    1.153655 v _1563_/A (sky130_fd_sc_hd__or3_2)
     3    0.008808    0.069816    0.431616    1.585271 v _1563_/X (sky130_fd_sc_hd__or3_2)
                                                         _0694_ (net)
                      0.069816    0.000000    1.585271 v _1566_/B1 (sky130_fd_sc_hd__o211a_2)
     2    0.003758    0.032992    0.099463    1.684734 v _1566_/X (sky130_fd_sc_hd__o211a_2)
                                                         _0697_ (net)
                      0.032992    0.000000    1.684734 v _1568_/A (sky130_fd_sc_hd__or3b_2)
     2    0.005777    0.059106    0.273579    1.958313 v _1568_/X (sky130_fd_sc_hd__or3b_2)
                                                         _0699_ (net)
                      0.059106    0.000000    1.958313 v _1571_/A (sky130_fd_sc_hd__and3_2)
     3    0.007574    0.037320    0.126090    2.084403 v _1571_/X (sky130_fd_sc_hd__and3_2)
                                                         _0702_ (net)
                      0.037320    0.000000    2.084403 v _1573_/B (sky130_fd_sc_hd__or3_2)
     2    0.006549    0.061189    0.265935    2.350338 v _1573_/X (sky130_fd_sc_hd__or3_2)
                                                         _0704_ (net)
                      0.061189    0.000000    2.350338 v _1577_/A1 (sky130_fd_sc_hd__a21o_2)
     3    0.008426    0.036361    0.137871    2.488209 v _1577_/X (sky130_fd_sc_hd__a21o_2)
                                                         _0708_ (net)
                      0.036361    0.000000    2.488209 v _1578_/C (sky130_fd_sc_hd__and3_2)
     2    0.006145    0.034956    0.137134    2.625343 v _1578_/X (sky130_fd_sc_hd__and3_2)
                                                         _0709_ (net)
                      0.034956    0.000000    2.625343 v _1581_/A (sky130_fd_sc_hd__or3_2)
     5    0.015879    0.081765    0.309865    2.935207 v _1581_/X (sky130_fd_sc_hd__or3_2)
                                                         _0712_ (net)
                      0.081765    0.000000    2.935207 v _1583_/B (sky130_fd_sc_hd__and3_2)
     3    0.007200    0.036691    0.148472    3.083680 v _1583_/X (sky130_fd_sc_hd__and3_2)
                                                         _0714_ (net)
                      0.036691    0.000000    3.083680 v _1589_/B (sky130_fd_sc_hd__or3_2)
     2    0.002686    0.050029    0.250577    3.334257 v _1589_/X (sky130_fd_sc_hd__or3_2)
                                                         _0719_ (net)
                      0.050029    0.000000    3.334257 v _1590_/C (sky130_fd_sc_hd__or3_2)
     1    0.004045    0.054138    0.235527    3.569784 v _1590_/X (sky130_fd_sc_hd__or3_2)
                                                         _0720_ (net)
                      0.054138    0.000000    3.569784 v _1593_/A2 (sky130_fd_sc_hd__o211ai_2)
     5    0.025238    0.254936    0.218098    3.787882 ^ _1593_/Y (sky130_fd_sc_hd__o211ai_2)
                                                         _0723_ (net)
                      0.254936    0.000000    3.787882 ^ _1850_/A1 (sky130_fd_sc_hd__a211oi_2)
     4    0.019283    0.107850    0.103784    3.891666 v _1850_/Y (sky130_fd_sc_hd__a211oi_2)
                                                         _0972_ (net)
                      0.107850    0.000000    3.891666 v _1993_/A1 (sky130_fd_sc_hd__o31a_2)
     2    0.005618    0.043145    0.236780    4.128446 v _1993_/X (sky130_fd_sc_hd__o31a_2)
                                                         _0125_ (net)
                      0.043145    0.000000    4.128446 v _1994_/B (sky130_fd_sc_hd__or2_2)
     5    0.014699    0.062016    0.192408    4.320854 v _1994_/X (sky130_fd_sc_hd__or2_2)
                                                         _0126_ (net)
                      0.062016    0.000000    4.320854 v _2052_/A2 (sky130_fd_sc_hd__a311o_2)
     3    0.009159    0.053258    0.247131    4.567985 v _2052_/X (sky130_fd_sc_hd__a311o_2)
                                                         _0182_ (net)
                      0.053258    0.000000    4.567985 v _2054_/A1 (sky130_fd_sc_hd__a21o_2)
     1    0.002282    0.023825    0.119588    4.687573 v _2054_/X (sky130_fd_sc_hd__a21o_2)
                                                         _0184_ (net)
                      0.023825    0.000000    4.687573 v _2055_/B1 (sky130_fd_sc_hd__o211a_2)
     1    0.001783    0.028422    0.074775    4.762349 v _2055_/X (sky130_fd_sc_hd__o211a_2)
                                                         _0047_ (net)
                      0.028422    0.000000    4.762349 v _2119_/D (sky130_fd_sc_hd__dfxtp_2)
                                              4.762349   data arrival time

                      0.150000   20.000000   20.000000   clock aclk (rise edge)
                                  0.000000   20.000000   clock network delay (ideal)
                                 -0.250000   19.750002   clock uncertainty
                                  0.000000   19.750002   clock reconvergence pessimism
                                             19.750002 ^ _2119_/CLK (sky130_fd_sc_hd__dfxtp_2)
                                 -0.058597   19.691404   library setup time
                                             19.691404   data required time
---------------------------------------------------------------------------------------------
                                             19.691404   data required time
                                             -4.762349   data arrival time
---------------------------------------------------------------------------------------------
                                             14.929056   slack (MET)


Startpoint: _2088_ (rising edge-triggered flip-flop clocked by aclk)
Endpoint: _2118_ (rising edge-triggered flip-flop clocked by aclk)
Path Group: aclk
Path Type: max

Fanout         Cap        Slew       Delay        Time   Description
---------------------------------------------------------------------------------------------
                      0.150000    0.000000    0.000000   clock aclk (rise edge)
                                  0.000000    0.000000   clock network delay (ideal)
                      0.150000    0.000000    0.000000 ^ _2088_/CLK (sky130_fd_sc_hd__dfxtp_2)
    54    0.157313    0.592349    0.612892    0.612892 ^ _2088_/Q (sky130_fd_sc_hd__dfxtp_2)
                                                         internal_rssi[7] (net)
                      0.592349    0.000000    0.612892 ^ _1270_/A (sky130_fd_sc_hd__nand2_2)
    63    0.217553    0.580105    0.540764    1.153655 v _1270_/Y (sky130_fd_sc_hd__nand2_2)
                                                         _0408_ (net)
                      0.580105    0.000000    1.153655 v _1563_/A (sky130_fd_sc_hd__or3_2)
     3    0.008808    0.069816    0.431616    1.585271 v _1563_/X (sky130_fd_sc_hd__or3_2)
                                                         _0694_ (net)
                      0.069816    0.000000    1.585271 v _1566_/B1 (sky130_fd_sc_hd__o211a_2)
     2    0.003758    0.032992    0.099463    1.684734 v _1566_/X (sky130_fd_sc_hd__o211a_2)
                                                         _0697_ (net)
                      0.032992    0.000000    1.684734 v _1568_/A (sky130_fd_sc_hd__or3b_2)
     2    0.005777    0.059106    0.273579    1.958313 v _1568_/X (sky130_fd_sc_hd__or3b_2)
                                                         _0699_ (net)
                      0.059106    0.000000    1.958313 v _1571_/A (sky130_fd_sc_hd__and3_2)
     3    0.007574    0.037320    0.126090    2.084403 v _1571_/X (sky130_fd_sc_hd__and3_2)
                                                         _0702_ (net)
                      0.037320    0.000000    2.084403 v _1573_/B (sky130_fd_sc_hd__or3_2)
     2    0.006549    0.061189    0.265935    2.350338 v _1573_/X (sky130_fd_sc_hd__or3_2)
                                                         _0704_ (net)
                      0.061189    0.000000    2.350338 v _1577_/A1 (sky130_fd_sc_hd__a21o_2)
     3    0.008426    0.036361    0.137871    2.488209 v _1577_/X (sky130_fd_sc_hd__a21o_2)
                                                         _0708_ (net)
                      0.036361    0.000000    2.488209 v _1578_/C (sky130_fd_sc_hd__and3_2)
     2    0.006145    0.034956    0.137134    2.625343 v _1578_/X (sky130_fd_sc_hd__and3_2)
                                                         _0709_ (net)
                      0.034956    0.000000    2.625343 v _1581_/A (sky130_fd_sc_hd__or3_2)
     5    0.015879    0.081765    0.309865    2.935207 v _1581_/X (sky130_fd_sc_hd__or3_2)
                                                         _0712_ (net)
                      0.081765    0.000000    2.935207 v _1583_/B (sky130_fd_sc_hd__and3_2)
     3    0.007200    0.036691    0.148472    3.083680 v _1583_/X (sky130_fd_sc_hd__and3_2)
                                                         _0714_ (net)
                      0.036691    0.000000    3.083680 v _1589_/B (sky130_fd_sc_hd__or3_2)
     2    0.002686    0.050029    0.250577    3.334257 v _1589_/X (sky130_fd_sc_hd__or3_2)
                                                         _0719_ (net)
                      0.050029    0.000000    3.334257 v _1590_/C (sky130_fd_sc_hd__or3_2)
     1    0.004045    0.054138    0.235527    3.569784 v _1590_/X (sky130_fd_sc_hd__or3_2)
                                                         _0720_ (net)
                      0.054138    0.000000    3.569784 v _1593_/A2 (sky130_fd_sc_hd__o211ai_2)
     5    0.025238    0.254936    0.218098    3.787882 ^ _1593_/Y (sky130_fd_sc_hd__o211ai_2)
                                                         _0723_ (net)
                      0.254936    0.000000    3.787882 ^ _1850_/A1 (sky130_fd_sc_hd__a211oi_2)
     4    0.019283    0.107850    0.103784    3.891666 v _1850_/Y (sky130_fd_sc_hd__a211oi_2)
                                                         _0972_ (net)
                      0.107850    0.000000    3.891666 v _1993_/A1 (sky130_fd_sc_hd__o31a_2)
     2    0.005618    0.043145    0.236780    4.128446 v _1993_/X (sky130_fd_sc_hd__o31a_2)
                                                         _0125_ (net)
                      0.043145    0.000000    4.128446 v _1994_/B (sky130_fd_sc_hd__or2_2)
     5    0.014699    0.062016    0.192408    4.320854 v _1994_/X (sky130_fd_sc_hd__or2_2)
                                                         _0126_ (net)
                      0.062016    0.000000    4.320854 v _2028_/A2 (sky130_fd_sc_hd__a31o_2)
     1    0.002236    0.026776    0.150317    4.471170 v _2028_/X (sky130_fd_sc_hd__a31o_2)
                                                         _0159_ (net)
                      0.026776    0.000000    4.471170 v _2029_/B2 (sky130_fd_sc_hd__o221a_2)
     1    0.001783    0.029298    0.126651    4.597821 v _2029_/X (sky130_fd_sc_hd__o221a_2)
                                                         _0046_ (net)
                      0.029298    0.000000    4.597821 v _2118_/D (sky130_fd_sc_hd__dfxtp_2)
                                              4.597821   data arrival time

                      0.150000   20.000000   20.000000   clock aclk (rise edge)
                                  0.000000   20.000000   clock network delay (ideal)
                                 -0.250000   19.750002   clock uncertainty
                                  0.000000   19.750002   clock reconvergence pessimism
                                             19.750002 ^ _2118_/CLK (sky130_fd_sc_hd__dfxtp_2)
                                 -0.058909   19.691092   library setup time
                                             19.691092   data required time
---------------------------------------------------------------------------------------------
                                             19.691092   data required time
                                             -4.597821   data arrival time
---------------------------------------------------------------------------------------------
                                             15.093271   slack (MET)


Startpoint: m_axis_tready (input port clocked by aclk)
Endpoint: _2089_ (rising edge-triggered flip-flop clocked by aclk)
Path Group: aclk
Path Type: max

Fanout         Cap        Slew       Delay        Time   Description
---------------------------------------------------------------------------------------------
                      0.150000    0.000000    0.000000   clock aclk (rise edge)
                                  0.000000    0.000000   clock network delay (ideal)
                                  4.000000    4.000000 ^ input external delay
     7    0.017724    0.065508    0.043438    4.043437 ^ m_axis_tready (in)
                                                         m_axis_tready (net)
                      0.065508    0.000000    4.043437 ^ _1073_/B (sky130_fd_sc_hd__and2_2)
    42    0.114270    0.434245    0.374476    4.417914 ^ _1073_/X (sky130_fd_sc_hd__and2_2)
                                                         _0219_ (net)
                      0.434245    0.000000    4.417914 ^ _1075_/A3 (sky130_fd_sc_hd__a31o_2)
     1    0.001620    0.031969    0.100052    4.517966 ^ _1075_/X (sky130_fd_sc_hd__a31o_2)
                                                         _0221_ (net)
                      0.031969    0.000000    4.517966 ^ _1078_/B (sky130_fd_sc_hd__and3_2)
     1    0.001748    0.032516    0.089702    4.607668 ^ _1078_/X (sky130_fd_sc_hd__and3_2)
                                                         _0017_ (net)
                      0.032516    0.000000    4.607668 ^ _2089_/D (sky130_fd_sc_hd__dfxtp_2)
                                              4.607668   data arrival time

                      0.150000   20.000000   20.000000   clock aclk (rise edge)
                                  0.000000   20.000000   clock network delay (ideal)
                                 -0.250000   19.750002   clock uncertainty
                                  0.000000   19.750002   clock reconvergence pessimism
                                             19.750002 ^ _2089_/CLK (sky130_fd_sc_hd__dfxtp_2)
                                 -0.027774   19.722227   library setup time
                                             19.722227   data required time
---------------------------------------------------------------------------------------------
                                             19.722227   data required time
                                             -4.607668   data arrival time
---------------------------------------------------------------------------------------------
                                             15.114559   slack (MET)


Startpoint: m_axis_tready (input port clocked by aclk)
Endpoint: _2110_ (rising edge-triggered flip-flop clocked by aclk)
Path Group: aclk
Path Type: max

Fanout         Cap        Slew       Delay        Time   Description
---------------------------------------------------------------------------------------------
                      0.150000    0.000000    0.000000   clock aclk (rise edge)
                                  0.000000    0.000000   clock network delay (ideal)
                                  4.000000    4.000000 ^ input external delay
     7    0.017724    0.065508    0.043438    4.043437 ^ m_axis_tready (in)
                                                         m_axis_tready (net)
                      0.065508    0.000000    4.043437 ^ _1073_/B (sky130_fd_sc_hd__and2_2)
    42    0.114270    0.434245    0.374476    4.417914 ^ _1073_/X (sky130_fd_sc_hd__and2_2)
                                                         _0219_ (net)
                      0.434245    0.000000    4.417914 ^ _1779_/B1 (sky130_fd_sc_hd__o21ai_2)
     1    0.002289    0.060285   -0.011337    4.406578 v _1779_/Y (sky130_fd_sc_hd__o21ai_2)
                                                         _0904_ (net)
                      0.060285    0.000000    4.406578 v _1780_/B1 (sky130_fd_sc_hd__a21o_2)
     1    0.002282    0.023851    0.089896    4.496473 v _1780_/X (sky130_fd_sc_hd__a21o_2)
                                                         _0905_ (net)
                      0.023851    0.000000    4.496473 v _1781_/B1 (sky130_fd_sc_hd__o211a_2)
     1    0.001783    0.028422    0.074786    4.571259 v _1781_/X (sky130_fd_sc_hd__o211a_2)
                                                         _0038_ (net)
                      0.028422    0.000000    4.571259 v _2110_/D (sky130_fd_sc_hd__dfxtp_2)
                                              4.571259   data arrival time

                      0.150000   20.000000   20.000000   clock aclk (rise edge)
                                  0.000000   20.000000   clock network delay (ideal)
                                 -0.250000   19.750002   clock uncertainty
                                  0.000000   19.750002   clock reconvergence pessimism
                                             19.750002 ^ _2110_/CLK (sky130_fd_sc_hd__dfxtp_2)
                                 -0.058597   19.691404   library setup time
                                             19.691404   data required time
---------------------------------------------------------------------------------------------
                                             19.691404   data required time
                                             -4.571259   data arrival time
---------------------------------------------------------------------------------------------
                                             15.120146   slack (MET)


Startpoint: _2088_ (rising edge-triggered flip-flop clocked by aclk)
Endpoint: _2117_ (rising edge-triggered flip-flop clocked by aclk)
Path Group: aclk
Path Type: max

Fanout         Cap        Slew       Delay        Time   Description
---------------------------------------------------------------------------------------------
                      0.150000    0.000000    0.000000   clock aclk (rise edge)
                                  0.000000    0.000000   clock network delay (ideal)
                      0.150000    0.000000    0.000000 ^ _2088_/CLK (sky130_fd_sc_hd__dfxtp_2)
    54    0.157313    0.592349    0.612892    0.612892 ^ _2088_/Q (sky130_fd_sc_hd__dfxtp_2)
                                                         internal_rssi[7] (net)
                      0.592349    0.000000    0.612892 ^ _1270_/A (sky130_fd_sc_hd__nand2_2)
    63    0.217553    0.580105    0.540764    1.153655 v _1270_/Y (sky130_fd_sc_hd__nand2_2)
                                                         _0408_ (net)
                      0.580105    0.000000    1.153655 v _1563_/A (sky130_fd_sc_hd__or3_2)
     3    0.008808    0.069816    0.431616    1.585271 v _1563_/X (sky130_fd_sc_hd__or3_2)
                                                         _0694_ (net)
                      0.069816    0.000000    1.585271 v _1566_/B1 (sky130_fd_sc_hd__o211a_2)
     2    0.003758    0.032992    0.099463    1.684734 v _1566_/X (sky130_fd_sc_hd__o211a_2)
                                                         _0697_ (net)
                      0.032992    0.000000    1.684734 v _1568_/A (sky130_fd_sc_hd__or3b_2)
     2    0.005777    0.059106    0.273579    1.958313 v _1568_/X (sky130_fd_sc_hd__or3b_2)
                                                         _0699_ (net)
                      0.059106    0.000000    1.958313 v _1571_/A (sky130_fd_sc_hd__and3_2)
     3    0.007574    0.037320    0.126090    2.084403 v _1571_/X (sky130_fd_sc_hd__and3_2)
                                                         _0702_ (net)
                      0.037320    0.000000    2.084403 v _1573_/B (sky130_fd_sc_hd__or3_2)
     2    0.006549    0.061189    0.265935    2.350338 v _1573_/X (sky130_fd_sc_hd__or3_2)
                                                         _0704_ (net)
                      0.061189    0.000000    2.350338 v _1577_/A1 (sky130_fd_sc_hd__a21o_2)
     3    0.008426    0.036361    0.137871    2.488209 v _1577_/X (sky130_fd_sc_hd__a21o_2)
                                                         _0708_ (net)
                      0.036361    0.000000    2.488209 v _1578_/C (sky130_fd_sc_hd__and3_2)
     2    0.006145    0.034956    0.137134    2.625343 v _1578_/X (sky130_fd_sc_hd__and3_2)
                                                         _0709_ (net)
                      0.034956    0.000000    2.625343 v _1581_/A (sky130_fd_sc_hd__or3_2)
     5    0.015879    0.081765    0.309865    2.935207 v _1581_/X (sky130_fd_sc_hd__or3_2)
                                                         _0712_ (net)
                      0.081765    0.000000    2.935207 v _1583_/B (sky130_fd_sc_hd__and3_2)
     3    0.007200    0.036691    0.148472    3.083680 v _1583_/X (sky130_fd_sc_hd__and3_2)
                                                         _0714_ (net)
                      0.036691    0.000000    3.083680 v _1589_/B (sky130_fd_sc_hd__or3_2)
     2    0.002686    0.050029    0.250577    3.334257 v _1589_/X (sky130_fd_sc_hd__or3_2)
                                                         _0719_ (net)
                      0.050029    0.000000    3.334257 v _1590_/C (sky130_fd_sc_hd__or3_2)
     1    0.004045    0.054138    0.235527    3.569784 v _1590_/X (sky130_fd_sc_hd__or3_2)
                                                         _0720_ (net)
                      0.054138    0.000000    3.569784 v _1593_/A2 (sky130_fd_sc_hd__o211ai_2)
     5    0.025238    0.254936    0.218098    3.787882 ^ _1593_/Y (sky130_fd_sc_hd__o211ai_2)
                                                         _0723_ (net)
                      0.254936    0.000000    3.787882 ^ _1850_/A1 (sky130_fd_sc_hd__a211oi_2)
     4    0.019283    0.107850    0.103784    3.891666 v _1850_/Y (sky130_fd_sc_hd__a211oi_2)
                                                         _0972_ (net)
                      0.107850    0.000000    3.891666 v _1993_/A1 (sky130_fd_sc_hd__o31a_2)
     2    0.005618    0.043145    0.236780    4.128446 v _1993_/X (sky130_fd_sc_hd__o31a_2)
                                                         _0125_ (net)
                      0.043145    0.000000    4.128446 v _1994_/B (sky130_fd_sc_hd__or2_2)
     5    0.014699    0.062016    0.192408    4.320854 v _1994_/X (sky130_fd_sc_hd__or2_2)
                                                         _0126_ (net)
                      0.062016    0.000000    4.320854 v _1996_/A (sky130_fd_sc_hd__and2_2)
     1    0.002176    0.025576    0.110576    4.431429 v _1996_/X (sky130_fd_sc_hd__and2_2)
                                                         _0128_ (net)
                      0.025576    0.000000    4.431429 v _1998_/A2 (sky130_fd_sc_hd__o211a_2)
     1    0.001783    0.028148    0.135183    4.566612 v _1998_/X (sky130_fd_sc_hd__o211a_2)
                                                         _0045_ (net)
                      0.028148    0.000000    4.566612 v _2117_/D (sky130_fd_sc_hd__dfxtp_2)
                                              4.566612   data arrival time

                      0.150000   20.000000   20.000000   clock aclk (rise edge)
                                  0.000000   20.000000   clock network delay (ideal)
                                 -0.250000   19.750002   clock uncertainty
                                  0.000000   19.750002   clock reconvergence pessimism
                                             19.750002 ^ _2117_/CLK (sky130_fd_sc_hd__dfxtp_2)
                                 -0.058500   19.691500   library setup time
                                             19.691500   data required time
---------------------------------------------------------------------------------------------
                                             19.691500   data required time
                                             -4.566612   data arrival time
---------------------------------------------------------------------------------------------
                                             15.124888   slack (MET)


Startpoint: m_axis_tready (input port clocked by aclk)
Endpoint: _2093_ (rising edge-triggered flip-flop clocked by aclk)
Path Group: aclk
Path Type: max

Fanout         Cap        Slew       Delay        Time   Description
---------------------------------------------------------------------------------------------
                      0.150000    0.000000    0.000000   clock aclk (rise edge)
                                  0.000000    0.000000   clock network delay (ideal)
                                  4.000000    4.000000 ^ input external delay
     7    0.017724    0.065508    0.043438    4.043437 ^ m_axis_tready (in)
                                                         m_axis_tready (net)
                      0.065508    0.000000    4.043437 ^ _1073_/B (sky130_fd_sc_hd__and2_2)
    42    0.114270    0.434245    0.374476    4.417914 ^ _1073_/X (sky130_fd_sc_hd__and2_2)
                                                         _0219_ (net)
                      0.434245    0.000000    4.417914 ^ _1144_/B (sky130_fd_sc_hd__or2_2)
     1    0.002470    0.031499    0.096154    4.514068 ^ _1144_/X (sky130_fd_sc_hd__or2_2)
                                                         _0286_ (net)
                      0.031499    0.000000    4.514068 ^ _1145_/B1 (sky130_fd_sc_hd__o211a_2)
     1    0.001748    0.030446    0.075583    4.589651 ^ _1145_/X (sky130_fd_sc_hd__o211a_2)
                                                         _0021_ (net)
                      0.030446    0.000000    4.589651 ^ _2093_/D (sky130_fd_sc_hd__dfxtp_2)
                                              4.589651   data arrival time

                      0.150000   20.000000   20.000000   clock aclk (rise edge)
                                  0.000000   20.000000   clock network delay (ideal)
                                 -0.250000   19.750002   clock uncertainty
                                  0.000000   19.750002   clock reconvergence pessimism
                                             19.750002 ^ _2093_/CLK (sky130_fd_sc_hd__dfxtp_2)
                                 -0.027585   19.722416   library setup time
                                             19.722416   data required time
---------------------------------------------------------------------------------------------
                                             19.722416   data required time
                                             -4.589651   data arrival time
---------------------------------------------------------------------------------------------
                                             15.132765   slack (MET)


Startpoint: m_axis_tready (input port clocked by aclk)
Endpoint: _2095_ (rising edge-triggered flip-flop clocked by aclk)
Path Group: aclk
Path Type: max

Fanout         Cap        Slew       Delay        Time   Description
---------------------------------------------------------------------------------------------
                      0.150000    0.000000    0.000000   clock aclk (rise edge)
                                  0.000000    0.000000   clock network delay (ideal)
                                  4.000000    4.000000 ^ input external delay
     7    0.017724    0.065508    0.043438    4.043437 ^ m_axis_tready (in)
                                                         m_axis_tready (net)
                      0.065508    0.000000    4.043437 ^ _1073_/B (sky130_fd_sc_hd__and2_2)
    42    0.114270    0.434245    0.374476    4.417914 ^ _1073_/X (sky130_fd_sc_hd__and2_2)
                                                         _0219_ (net)
                      0.434245    0.000000    4.417914 ^ _1210_/B (sky130_fd_sc_hd__or2_2)
     1    0.002470    0.031499    0.096154    4.514068 ^ _1210_/X (sky130_fd_sc_hd__or2_2)
                                                         _0350_ (net)
                      0.031499    0.000000    4.514068 ^ _1211_/B1 (sky130_fd_sc_hd__o211a_2)
     1    0.001748    0.030446    0.075583    4.589651 ^ _1211_/X (sky130_fd_sc_hd__o211a_2)
                                                         _0023_ (net)
                      0.030446    0.000000    4.589651 ^ _2095_/D (sky130_fd_sc_hd__dfxtp_2)
                                              4.589651   data arrival time

                      0.150000   20.000000   20.000000   clock aclk (rise edge)
                                  0.000000   20.000000   clock network delay (ideal)
                                 -0.250000   19.750002   clock uncertainty
                                  0.000000   19.750002   clock reconvergence pessimism
                                             19.750002 ^ _2095_/CLK (sky130_fd_sc_hd__dfxtp_2)
                                 -0.027585   19.722416   library setup time
                                             19.722416   data required time
---------------------------------------------------------------------------------------------
                                             19.722416   data required time
                                             -4.589651   data arrival time
---------------------------------------------------------------------------------------------
                                             15.132765   slack (MET)


Startpoint: m_axis_tready (input port clocked by aclk)
Endpoint: _2096_ (rising edge-triggered flip-flop clocked by aclk)
Path Group: aclk
Path Type: max

Fanout         Cap        Slew       Delay        Time   Description
---------------------------------------------------------------------------------------------
                      0.150000    0.000000    0.000000   clock aclk (rise edge)
                                  0.000000    0.000000   clock network delay (ideal)
                                  4.000000    4.000000 ^ input external delay
     7    0.017724    0.065508    0.043438    4.043437 ^ m_axis_tready (in)
                                                         m_axis_tready (net)
                      0.065508    0.000000    4.043437 ^ _1073_/B (sky130_fd_sc_hd__and2_2)
    42    0.114270    0.434245    0.374476    4.417914 ^ _1073_/X (sky130_fd_sc_hd__and2_2)
                                                         _0219_ (net)
                      0.434245    0.000000    4.417914 ^ _1250_/B (sky130_fd_sc_hd__or2_2)
     1    0.002470    0.031499    0.096154    4.514068 ^ _1250_/X (sky130_fd_sc_hd__or2_2)
                                                         _0389_ (net)
                      0.031499    0.000000    4.514068 ^ _1251_/B1 (sky130_fd_sc_hd__o211a_2)
     1    0.001748    0.030446    0.075583    4.589651 ^ _1251_/X (sky130_fd_sc_hd__o211a_2)
                                                         _0024_ (net)
                      0.030446    0.000000    4.589651 ^ _2096_/D (sky130_fd_sc_hd__dfxtp_2)
                                              4.589651   data arrival time

                      0.150000   20.000000   20.000000   clock aclk (rise edge)
                                  0.000000   20.000000   clock network delay (ideal)
                                 -0.250000   19.750002   clock uncertainty
                                  0.000000   19.750002   clock reconvergence pessimism
                                             19.750002 ^ _2096_/CLK (sky130_fd_sc_hd__dfxtp_2)
                                 -0.027585   19.722416   library setup time
                                             19.722416   data required time
---------------------------------------------------------------------------------------------
                                             19.722416   data required time
                                             -4.589651   data arrival time
---------------------------------------------------------------------------------------------
                                             15.132765   slack (MET)


Startpoint: m_axis_tready (input port clocked by aclk)
Endpoint: _2099_ (rising edge-triggered flip-flop clocked by aclk)
Path Group: aclk
Path Type: max

Fanout         Cap        Slew       Delay        Time   Description
---------------------------------------------------------------------------------------------
                      0.150000    0.000000    0.000000   clock aclk (rise edge)
                                  0.000000    0.000000   clock network delay (ideal)
                                  4.000000    4.000000 ^ input external delay
     7    0.017724    0.065508    0.043438    4.043437 ^ m_axis_tready (in)
                                                         m_axis_tready (net)
                      0.065508    0.000000    4.043437 ^ _1073_/B (sky130_fd_sc_hd__and2_2)
    42    0.114270    0.434245    0.374476    4.417914 ^ _1073_/X (sky130_fd_sc_hd__and2_2)
                                                         _0219_ (net)
                      0.434245    0.000000    4.417914 ^ _1390_/B (sky130_fd_sc_hd__or2_2)
     1    0.002470    0.031499    0.096154    4.514068 ^ _1390_/X (sky130_fd_sc_hd__or2_2)
                                                         _0526_ (net)
                      0.031499    0.000000    4.514068 ^ _1391_/B1 (sky130_fd_sc_hd__o211a_2)
     1    0.001748    0.030446    0.075583    4.589651 ^ _1391_/X (sky130_fd_sc_hd__o211a_2)
                                                         _0027_ (net)
                      0.030446    0.000000    4.589651 ^ _2099_/D (sky130_fd_sc_hd__dfxtp_2)
                                              4.589651   data arrival time

                      0.150000   20.000000   20.000000   clock aclk (rise edge)
                                  0.000000   20.000000   clock network delay (ideal)
                                 -0.250000   19.750002   clock uncertainty
                                  0.000000   19.750002   clock reconvergence pessimism
                                             19.750002 ^ _2099_/CLK (sky130_fd_sc_hd__dfxtp_2)
                                 -0.027585   19.722416   library setup time
                                             19.722416   data required time
---------------------------------------------------------------------------------------------
                                             19.722416   data required time
                                             -4.589651   data arrival time
---------------------------------------------------------------------------------------------
                                             15.132765   slack (MET)


Startpoint: m_axis_tready (input port clocked by aclk)
Endpoint: _2105_ (rising edge-triggered flip-flop clocked by aclk)
Path Group: aclk
Path Type: max

Fanout         Cap        Slew       Delay        Time   Description
---------------------------------------------------------------------------------------------
                      0.150000    0.000000    0.000000   clock aclk (rise edge)
                                  0.000000    0.000000   clock network delay (ideal)
                                  4.000000    4.000000 ^ input external delay
     7    0.017724    0.065508    0.043438    4.043437 ^ m_axis_tready (in)
                                                         m_axis_tready (net)
                      0.065508    0.000000    4.043437 ^ _1073_/B (sky130_fd_sc_hd__and2_2)
    42    0.114270    0.434245    0.374476    4.417914 ^ _1073_/X (sky130_fd_sc_hd__and2_2)
                                                         _0219_ (net)
                      0.434245    0.000000    4.417914 ^ _1623_/B (sky130_fd_sc_hd__or2_2)
     1    0.002470    0.031499    0.096154    4.514068 ^ _1623_/X (sky130_fd_sc_hd__or2_2)
                                                         _0753_ (net)
                      0.031499    0.000000    4.514068 ^ _1624_/B1 (sky130_fd_sc_hd__o211a_2)
     1    0.001748    0.030446    0.075583    4.589651 ^ _1624_/X (sky130_fd_sc_hd__o211a_2)
                                                         _0033_ (net)
                      0.030446    0.000000    4.589651 ^ _2105_/D (sky130_fd_sc_hd__dfxtp_2)
                                              4.589651   data arrival time

                      0.150000   20.000000   20.000000   clock aclk (rise edge)
                                  0.000000   20.000000   clock network delay (ideal)
                                 -0.250000   19.750002   clock uncertainty
                                  0.000000   19.750002   clock reconvergence pessimism
                                             19.750002 ^ _2105_/CLK (sky130_fd_sc_hd__dfxtp_2)
                                 -0.027585   19.722416   library setup time
                                             19.722416   data required time
---------------------------------------------------------------------------------------------
                                             19.722416   data required time
                                             -4.589651   data arrival time
---------------------------------------------------------------------------------------------
                                             15.132765   slack (MET)


Startpoint: m_axis_tready (input port clocked by aclk)
Endpoint: _2107_ (rising edge-triggered flip-flop clocked by aclk)
Path Group: aclk
Path Type: max

Fanout         Cap        Slew       Delay        Time   Description
---------------------------------------------------------------------------------------------
                      0.150000    0.000000    0.000000   clock aclk (rise edge)
                                  0.000000    0.000000   clock network delay (ideal)
                                  4.000000    4.000000 ^ input external delay
     7    0.017724    0.065508    0.043438    4.043437 ^ m_axis_tready (in)
                                                         m_axis_tready (net)
                      0.065508    0.000000    4.043437 ^ _1073_/B (sky130_fd_sc_hd__and2_2)
    42    0.114270    0.434245    0.374476    4.417914 ^ _1073_/X (sky130_fd_sc_hd__and2_2)
                                                         _0219_ (net)
                      0.434245    0.000000    4.417914 ^ _1686_/B (sky130_fd_sc_hd__or2_2)
     1    0.002470    0.031499    0.096154    4.514068 ^ _1686_/X (sky130_fd_sc_hd__or2_2)
                                                         _0814_ (net)
                      0.031499    0.000000    4.514068 ^ _1687_/B1 (sky130_fd_sc_hd__o211a_2)
     1    0.001748    0.030446    0.075583    4.589651 ^ _1687_/X (sky130_fd_sc_hd__o211a_2)
                                                         _0035_ (net)
                      0.030446    0.000000    4.589651 ^ _2107_/D (sky130_fd_sc_hd__dfxtp_2)
                                              4.589651   data arrival time

                      0.150000   20.000000   20.000000   clock aclk (rise edge)
                                  0.000000   20.000000   clock network delay (ideal)
                                 -0.250000   19.750002   clock uncertainty
                                  0.000000   19.750002   clock reconvergence pessimism
                                             19.750002 ^ _2107_/CLK (sky130_fd_sc_hd__dfxtp_2)
                                 -0.027585   19.722416   library setup time
                                             19.722416   data required time
---------------------------------------------------------------------------------------------
                                             19.722416   data required time
                                             -4.589651   data arrival time
---------------------------------------------------------------------------------------------
                                             15.132765   slack (MET)


Startpoint: m_axis_tready (input port clocked by aclk)
Endpoint: _2108_ (rising edge-triggered flip-flop clocked by aclk)
Path Group: aclk
Path Type: max

Fanout         Cap        Slew       Delay        Time   Description
---------------------------------------------------------------------------------------------
                      0.150000    0.000000    0.000000   clock aclk (rise edge)
                                  0.000000    0.000000   clock network delay (ideal)
                                  4.000000    4.000000 ^ input external delay
     7    0.017724    0.065508    0.043438    4.043437 ^ m_axis_tready (in)
                                                         m_axis_tready (net)
                      0.065508    0.000000    4.043437 ^ _1073_/B (sky130_fd_sc_hd__and2_2)
    42    0.114270    0.434245    0.374476    4.417914 ^ _1073_/X (sky130_fd_sc_hd__and2_2)
                                                         _0219_ (net)
                      0.434245    0.000000    4.417914 ^ _1716_/B (sky130_fd_sc_hd__or2_2)
     1    0.002470    0.031499    0.096154    4.514068 ^ _1716_/X (sky130_fd_sc_hd__or2_2)
                                                         _0843_ (net)
                      0.031499    0.000000    4.514068 ^ _1717_/B1 (sky130_fd_sc_hd__o211a_2)
     1    0.001748    0.030446    0.075583    4.589651 ^ _1717_/X (sky130_fd_sc_hd__o211a_2)
                                                         _0036_ (net)
                      0.030446    0.000000    4.589651 ^ _2108_/D (sky130_fd_sc_hd__dfxtp_2)
                                              4.589651   data arrival time

                      0.150000   20.000000   20.000000   clock aclk (rise edge)
                                  0.000000   20.000000   clock network delay (ideal)
                                 -0.250000   19.750002   clock uncertainty
                                  0.000000   19.750002   clock reconvergence pessimism
                                             19.750002 ^ _2108_/CLK (sky130_fd_sc_hd__dfxtp_2)
                                 -0.027585   19.722416   library setup time
                                             19.722416   data required time
---------------------------------------------------------------------------------------------
                                             19.722416   data required time
                                             -4.589651   data arrival time
---------------------------------------------------------------------------------------------
                                             15.132765   slack (MET)


Startpoint: m_axis_tready (input port clocked by aclk)
Endpoint: _2109_ (rising edge-triggered flip-flop clocked by aclk)
Path Group: aclk
Path Type: max

Fanout         Cap        Slew       Delay        Time   Description
---------------------------------------------------------------------------------------------
                      0.150000    0.000000    0.000000   clock aclk (rise edge)
                                  0.000000    0.000000   clock network delay (ideal)
                                  4.000000    4.000000 ^ input external delay
     7    0.017724    0.065508    0.043438    4.043437 ^ m_axis_tready (in)
                                                         m_axis_tready (net)
                      0.065508    0.000000    4.043437 ^ _1073_/B (sky130_fd_sc_hd__and2_2)
    42    0.114270    0.434245    0.374476    4.417914 ^ _1073_/X (sky130_fd_sc_hd__and2_2)
                                                         _0219_ (net)
                      0.434245    0.000000    4.417914 ^ _1751_/B (sky130_fd_sc_hd__or2_2)
     1    0.002470    0.031499    0.096154    4.514068 ^ _1751_/X (sky130_fd_sc_hd__or2_2)
                                                         _0877_ (net)
                      0.031499    0.000000    4.514068 ^ _1752_/B1 (sky130_fd_sc_hd__o211a_2)
     1    0.001748    0.030446    0.075583    4.589651 ^ _1752_/X (sky130_fd_sc_hd__o211a_2)
                                                         _0037_ (net)
                      0.030446    0.000000    4.589651 ^ _2109_/D (sky130_fd_sc_hd__dfxtp_2)
                                              4.589651   data arrival time

                      0.150000   20.000000   20.000000   clock aclk (rise edge)
                                  0.000000   20.000000   clock network delay (ideal)
                                 -0.250000   19.750002   clock uncertainty
                                  0.000000   19.750002   clock reconvergence pessimism
                                             19.750002 ^ _2109_/CLK (sky130_fd_sc_hd__dfxtp_2)
                                 -0.027585   19.722416   library setup time
                                             19.722416   data required time
---------------------------------------------------------------------------------------------
                                             19.722416   data required time
                                             -4.589651   data arrival time
---------------------------------------------------------------------------------------------
                                             15.132765   slack (MET)


Startpoint: m_axis_tready (input port clocked by aclk)
Endpoint: _2111_ (rising edge-triggered flip-flop clocked by aclk)
Path Group: aclk
Path Type: max

Fanout         Cap        Slew       Delay        Time   Description
---------------------------------------------------------------------------------------------
                      0.150000    0.000000    0.000000   clock aclk (rise edge)
                                  0.000000    0.000000   clock network delay (ideal)
                                  4.000000    4.000000 ^ input external delay
     7    0.017724    0.065508    0.043438    4.043437 ^ m_axis_tready (in)
                                                         m_axis_tready (net)
                      0.065508    0.000000    4.043437 ^ _1073_/B (sky130_fd_sc_hd__and2_2)
    42    0.114270    0.434245    0.374476    4.417914 ^ _1073_/X (sky130_fd_sc_hd__and2_2)
                                                         _0219_ (net)
                      0.434245    0.000000    4.417914 ^ _1815_/B (sky130_fd_sc_hd__or2_2)
     1    0.002470    0.031499    0.096154    4.514068 ^ _1815_/X (sky130_fd_sc_hd__or2_2)
                                                         _0939_ (net)
                      0.031499    0.000000    4.514068 ^ _1816_/B1 (sky130_fd_sc_hd__o211a_2)
     1    0.001748    0.030446    0.075583    4.589651 ^ _1816_/X (sky130_fd_sc_hd__o211a_2)
                                                         _0039_ (net)
                      0.030446    0.000000    4.589651 ^ _2111_/D (sky130_fd_sc_hd__dfxtp_2)
                                              4.589651   data arrival time

                      0.150000   20.000000   20.000000   clock aclk (rise edge)
                                  0.000000   20.000000   clock network delay (ideal)
                                 -0.250000   19.750002   clock uncertainty
                                  0.000000   19.750002   clock reconvergence pessimism
                                             19.750002 ^ _2111_/CLK (sky130_fd_sc_hd__dfxtp_2)
                                 -0.027585   19.722416   library setup time
                                             19.722416   data required time
---------------------------------------------------------------------------------------------
                                             19.722416   data required time
                                             -4.589651   data arrival time
---------------------------------------------------------------------------------------------
                                             15.132765   slack (MET)


Startpoint: m_axis_tready (input port clocked by aclk)
Endpoint: _2113_ (rising edge-triggered flip-flop clocked by aclk)
Path Group: aclk
Path Type: max

Fanout         Cap        Slew       Delay        Time   Description
---------------------------------------------------------------------------------------------
                      0.150000    0.000000    0.000000   clock aclk (rise edge)
                                  0.000000    0.000000   clock network delay (ideal)
                                  4.000000    4.000000 ^ input external delay
     7    0.017724    0.065508    0.043438    4.043437 ^ m_axis_tready (in)
                                                         m_axis_tready (net)
                      0.065508    0.000000    4.043437 ^ _1073_/B (sky130_fd_sc_hd__and2_2)
    42    0.114270    0.434245    0.374476    4.417914 ^ _1073_/X (sky130_fd_sc_hd__and2_2)
                                                         _0219_ (net)
                      0.434245    0.000000    4.417914 ^ _1878_/B (sky130_fd_sc_hd__or2_2)
     1    0.002470    0.031499    0.096154    4.514068 ^ _1878_/X (sky130_fd_sc_hd__or2_2)
                                                         _1000_ (net)
                      0.031499    0.000000    4.514068 ^ _1879_/B1 (sky130_fd_sc_hd__o211a_2)
     1    0.001748    0.030446    0.075583    4.589651 ^ _1879_/X (sky130_fd_sc_hd__o211a_2)
                                                         _0041_ (net)
                      0.030446    0.000000    4.589651 ^ _2113_/D (sky130_fd_sc_hd__dfxtp_2)
                                              4.589651   data arrival time

                      0.150000   20.000000   20.000000   clock aclk (rise edge)
                                  0.000000   20.000000   clock network delay (ideal)
                                 -0.250000   19.750002   clock uncertainty
                                  0.000000   19.750002   clock reconvergence pessimism
                                             19.750002 ^ _2113_/CLK (sky130_fd_sc_hd__dfxtp_2)
                                 -0.027585   19.722416   library setup time
                                             19.722416   data required time
---------------------------------------------------------------------------------------------
                                             19.722416   data required time
                                             -4.589651   data arrival time
---------------------------------------------------------------------------------------------
                                             15.132765   slack (MET)


Startpoint: m_axis_tready (input port clocked by aclk)
Endpoint: _2101_ (rising edge-triggered flip-flop clocked by aclk)
Path Group: aclk
Path Type: max

Fanout         Cap        Slew       Delay        Time   Description
---------------------------------------------------------------------------------------------
                      0.150000    0.000000    0.000000   clock aclk (rise edge)
                                  0.000000    0.000000   clock network delay (ideal)
                                  4.000000    4.000000 ^ input external delay
     7    0.017724    0.065508    0.043438    4.043437 ^ m_axis_tready (in)
                                                         m_axis_tready (net)
                      0.065508    0.000000    4.043437 ^ _1073_/B (sky130_fd_sc_hd__and2_2)
    42    0.114270    0.434245    0.374476    4.417914 ^ _1073_/X (sky130_fd_sc_hd__and2_2)
                                                         _0219_ (net)
                      0.434245    0.000000    4.417914 ^ _1481_/A (sky130_fd_sc_hd__nand2_2)
     1    0.002282    0.063724   -0.002845    4.415069 v _1481_/Y (sky130_fd_sc_hd__nand2_2)
                                                         _0615_ (net)
                      0.063724    0.000000    4.415069 v _1482_/B1 (sky130_fd_sc_hd__o211a_2)
     1    0.001783    0.028422    0.091427    4.506496 v _1482_/X (sky130_fd_sc_hd__o211a_2)
                                                         _0029_ (net)
                      0.028422    0.000000    4.506496 v _2101_/D (sky130_fd_sc_hd__dfxtp_2)
                                              4.506496   data arrival time

                      0.150000   20.000000   20.000000   clock aclk (rise edge)
                                  0.000000   20.000000   clock network delay (ideal)
                                 -0.250000   19.750002   clock uncertainty
                                  0.000000   19.750002   clock reconvergence pessimism
                                             19.750002 ^ _2101_/CLK (sky130_fd_sc_hd__dfxtp_2)
                                 -0.058597   19.691404   library setup time
                                             19.691404   data required time
---------------------------------------------------------------------------------------------
                                             19.691404   data required time
                                             -4.506496   data arrival time
---------------------------------------------------------------------------------------------
                                             15.184910   slack (MET)


Startpoint: m_axis_tready (input port clocked by aclk)
Endpoint: _2106_ (rising edge-triggered flip-flop clocked by aclk)
Path Group: aclk
Path Type: max

Fanout         Cap        Slew       Delay        Time   Description
---------------------------------------------------------------------------------------------
                      0.150000    0.000000    0.000000   clock aclk (rise edge)
                                  0.000000    0.000000   clock network delay (ideal)
                                  4.000000    4.000000 ^ input external delay
     7    0.017724    0.065508    0.043438    4.043437 ^ m_axis_tready (in)
                                                         m_axis_tready (net)
                      0.065508    0.000000    4.043437 ^ _1073_/B (sky130_fd_sc_hd__and2_2)
    42    0.114270    0.434245    0.374476    4.417914 ^ _1073_/X (sky130_fd_sc_hd__and2_2)
                                                         _0219_ (net)
                      0.434245    0.000000    4.417914 ^ _1653_/A (sky130_fd_sc_hd__nand2_2)
     1    0.002282    0.063724   -0.002845    4.415069 v _1653_/Y (sky130_fd_sc_hd__nand2_2)
                                                         _0782_ (net)
                      0.063724    0.000000    4.415069 v _1654_/B1 (sky130_fd_sc_hd__o211a_2)
     1    0.001783    0.028422    0.091427    4.506496 v _1654_/X (sky130_fd_sc_hd__o211a_2)
                                                         _0034_ (net)
                      0.028422    0.000000    4.506496 v _2106_/D (sky130_fd_sc_hd__dfxtp_2)
                                              4.506496   data arrival time

                      0.150000   20.000000   20.000000   clock aclk (rise edge)
                                  0.000000   20.000000   clock network delay (ideal)
                                 -0.250000   19.750002   clock uncertainty
                                  0.000000   19.750002   clock reconvergence pessimism
                                             19.750002 ^ _2106_/CLK (sky130_fd_sc_hd__dfxtp_2)
                                 -0.058597   19.691404   library setup time
                                             19.691404   data required time
---------------------------------------------------------------------------------------------
                                             19.691404   data required time
                                             -4.506496   data arrival time
---------------------------------------------------------------------------------------------
                                             15.184910   slack (MET)


Startpoint: m_axis_tready (input port clocked by aclk)
Endpoint: _2114_ (rising edge-triggered flip-flop clocked by aclk)
Path Group: aclk
Path Type: max

Fanout         Cap        Slew       Delay        Time   Description
---------------------------------------------------------------------------------------------
                      0.150000    0.000000    0.000000   clock aclk (rise edge)
                                  0.000000    0.000000   clock network delay (ideal)
                                  4.000000    4.000000 ^ input external delay
     7    0.017724    0.065508    0.043438    4.043437 ^ m_axis_tready (in)
                                                         m_axis_tready (net)
                      0.065508    0.000000    4.043437 ^ _1073_/B (sky130_fd_sc_hd__and2_2)
    42    0.114270    0.434245    0.374476    4.417914 ^ _1073_/X (sky130_fd_sc_hd__and2_2)
                                                         _0219_ (net)
                      0.434245    0.000000    4.417914 ^ _1905_/A (sky130_fd_sc_hd__nand2_2)
     1    0.002282    0.063724   -0.002845    4.415069 v _1905_/Y (sky130_fd_sc_hd__nand2_2)
                                                         _1026_ (net)
                      0.063724    0.000000    4.415069 v _1906_/B1 (sky130_fd_sc_hd__o211a_2)
     1    0.001783    0.028422    0.091427    4.506496 v _1906_/X (sky130_fd_sc_hd__o211a_2)
                                                         _0042_ (net)
                      0.028422    0.000000    4.506496 v _2114_/D (sky130_fd_sc_hd__dfxtp_2)
                                              4.506496   data arrival time

                      0.150000   20.000000   20.000000   clock aclk (rise edge)
                                  0.000000   20.000000   clock network delay (ideal)
                                 -0.250000   19.750002   clock uncertainty
                                  0.000000   19.750002   clock reconvergence pessimism
                                             19.750002 ^ _2114_/CLK (sky130_fd_sc_hd__dfxtp_2)
                                 -0.058597   19.691404   library setup time
                                             19.691404   data required time
---------------------------------------------------------------------------------------------
                                             19.691404   data required time
                                             -4.506496   data arrival time
---------------------------------------------------------------------------------------------
                                             15.184910   slack (MET)


Startpoint: m_axis_tready (input port clocked by aclk)
Endpoint: _2115_ (rising edge-triggered flip-flop clocked by aclk)
Path Group: aclk
Path Type: max

Fanout         Cap        Slew       Delay        Time   Description
---------------------------------------------------------------------------------------------
                      0.150000    0.000000    0.000000   clock aclk (rise edge)
                                  0.000000    0.000000   clock network delay (ideal)
                                  4.000000    4.000000 ^ input external delay
     7    0.017724    0.065508    0.043438    4.043437 ^ m_axis_tready (in)
                                                         m_axis_tready (net)
                      0.065508    0.000000    4.043437 ^ _1073_/B (sky130_fd_sc_hd__and2_2)
    42    0.114270    0.434245    0.374476    4.417914 ^ _1073_/X (sky130_fd_sc_hd__and2_2)
                                                         _0219_ (net)
                      0.434245    0.000000    4.417914 ^ _1934_/A (sky130_fd_sc_hd__nand2_2)
     1    0.002282    0.063724   -0.002845    4.415069 v _1934_/Y (sky130_fd_sc_hd__nand2_2)
                                                         _0068_ (net)
                      0.063724    0.000000    4.415069 v _1935_/B1 (sky130_fd_sc_hd__o211a_2)
     1    0.001783    0.028422    0.091427    4.506496 v _1935_/X (sky130_fd_sc_hd__o211a_2)
                                                         _0043_ (net)
                      0.028422    0.000000    4.506496 v _2115_/D (sky130_fd_sc_hd__dfxtp_2)
                                              4.506496   data arrival time

                      0.150000   20.000000   20.000000   clock aclk (rise edge)
                                  0.000000   20.000000   clock network delay (ideal)
                                 -0.250000   19.750002   clock uncertainty
                                  0.000000   19.750002   clock reconvergence pessimism
                                             19.750002 ^ _2115_/CLK (sky130_fd_sc_hd__dfxtp_2)
                                 -0.058597   19.691404   library setup time
                                             19.691404   data required time
---------------------------------------------------------------------------------------------
                                             19.691404   data required time
                                             -4.506496   data arrival time
---------------------------------------------------------------------------------------------
                                             15.184910   slack (MET)


Startpoint: m_axis_tready (input port clocked by aclk)
Endpoint: _2098_ (rising edge-triggered flip-flop clocked by aclk)
Path Group: aclk
Path Type: max

Fanout         Cap        Slew       Delay        Time   Description
---------------------------------------------------------------------------------------------
                      0.150000    0.000000    0.000000   clock aclk (rise edge)
                                  0.000000    0.000000   clock network delay (ideal)
                                  4.000000    4.000000 ^ input external delay
     7    0.017724    0.065508    0.043438    4.043437 ^ m_axis_tready (in)
                                                         m_axis_tready (net)
                      0.065508    0.000000    4.043437 ^ _1073_/B (sky130_fd_sc_hd__and2_2)
    42    0.114270    0.434245    0.374476    4.417914 ^ _1073_/X (sky130_fd_sc_hd__and2_2)
                                                         _0219_ (net)
                      0.434245    0.000000    4.417914 ^ _1342_/A2 (sky130_fd_sc_hd__o221a_2)
     1    0.001748    0.030476    0.115018    4.532932 ^ _1342_/X (sky130_fd_sc_hd__o221a_2)
                                                         _0026_ (net)
                      0.030476    0.000000    4.532932 ^ _2098_/D (sky130_fd_sc_hd__dfxtp_2)
                                              4.532932   data arrival time

                      0.150000   20.000000   20.000000   clock aclk (rise edge)
                                  0.000000   20.000000   clock network delay (ideal)
                                 -0.250000   19.750002   clock uncertainty
                                  0.000000   19.750002   clock reconvergence pessimism
                                             19.750002 ^ _2098_/CLK (sky130_fd_sc_hd__dfxtp_2)
                                 -0.027588   19.722414   library setup time
                                             19.722414   data required time
---------------------------------------------------------------------------------------------
                                             19.722414   data required time
                                             -4.532932   data arrival time
---------------------------------------------------------------------------------------------
                                             15.189482   slack (MET)


Startpoint: m_axis_tready (input port clocked by aclk)
Endpoint: _2100_ (rising edge-triggered flip-flop clocked by aclk)
Path Group: aclk
Path Type: max

Fanout         Cap        Slew       Delay        Time   Description
---------------------------------------------------------------------------------------------
                      0.150000    0.000000    0.000000   clock aclk (rise edge)
                                  0.000000    0.000000   clock network delay (ideal)
                                  4.000000    4.000000 ^ input external delay
     7    0.017724    0.065508    0.043438    4.043437 ^ m_axis_tready (in)
                                                         m_axis_tready (net)
                      0.065508    0.000000    4.043437 ^ _1073_/B (sky130_fd_sc_hd__and2_2)
    42    0.114270    0.434245    0.374476    4.417914 ^ _1073_/X (sky130_fd_sc_hd__and2_2)
                                                         _0219_ (net)
                      0.434245    0.000000    4.417914 ^ _1434_/A2 (sky130_fd_sc_hd__o221a_2)
     1    0.001748    0.030476    0.115018    4.532932 ^ _1434_/X (sky130_fd_sc_hd__o221a_2)
                                                         _0028_ (net)
                      0.030476    0.000000    4.532932 ^ _2100_/D (sky130_fd_sc_hd__dfxtp_2)
                                              4.532932   data arrival time

                      0.150000   20.000000   20.000000   clock aclk (rise edge)
                                  0.000000   20.000000   clock network delay (ideal)
                                 -0.250000   19.750002   clock uncertainty
                                  0.000000   19.750002   clock reconvergence pessimism
                                             19.750002 ^ _2100_/CLK (sky130_fd_sc_hd__dfxtp_2)
                                 -0.027588   19.722414   library setup time
                                             19.722414   data required time
---------------------------------------------------------------------------------------------
                                             19.722414   data required time
                                             -4.532932   data arrival time
---------------------------------------------------------------------------------------------
                                             15.189482   slack (MET)


Startpoint: m_axis_tready (input port clocked by aclk)
Endpoint: _2102_ (rising edge-triggered flip-flop clocked by aclk)
Path Group: aclk
Path Type: max

Fanout         Cap        Slew       Delay        Time   Description
---------------------------------------------------------------------------------------------
                      0.150000    0.000000    0.000000   clock aclk (rise edge)
                                  0.000000    0.000000   clock network delay (ideal)
                                  4.000000    4.000000 ^ input external delay
     7    0.017724    0.065508    0.043438    4.043437 ^ m_axis_tready (in)
                                                         m_axis_tready (net)
                      0.065508    0.000000    4.043437 ^ _1073_/B (sky130_fd_sc_hd__and2_2)
    42    0.114270    0.434245    0.374476    4.417914 ^ _1073_/X (sky130_fd_sc_hd__and2_2)
                                                         _0219_ (net)
                      0.434245    0.000000    4.417914 ^ _1518_/A2 (sky130_fd_sc_hd__o221a_2)
     1    0.001748    0.030476    0.115018    4.532932 ^ _1518_/X (sky130_fd_sc_hd__o221a_2)
                                                         _0030_ (net)
                      0.030476    0.000000    4.532932 ^ _2102_/D (sky130_fd_sc_hd__dfxtp_2)
                                              4.532932   data arrival time

                      0.150000   20.000000   20.000000   clock aclk (rise edge)
                                  0.000000   20.000000   clock network delay (ideal)
                                 -0.250000   19.750002   clock uncertainty
                                  0.000000   19.750002   clock reconvergence pessimism
                                             19.750002 ^ _2102_/CLK (sky130_fd_sc_hd__dfxtp_2)
                                 -0.027588   19.722414   library setup time
                                             19.722414   data required time
---------------------------------------------------------------------------------------------
                                             19.722414   data required time
                                             -4.532932   data arrival time
---------------------------------------------------------------------------------------------
                                             15.189482   slack (MET)


Startpoint: m_axis_tready (input port clocked by aclk)
Endpoint: _2104_ (rising edge-triggered flip-flop clocked by aclk)
Path Group: aclk
Path Type: max

Fanout         Cap        Slew       Delay        Time   Description
---------------------------------------------------------------------------------------------
                      0.150000    0.000000    0.000000   clock aclk (rise edge)
                                  0.000000    0.000000   clock network delay (ideal)
                                  4.000000    4.000000 ^ input external delay
     7    0.017724    0.065508    0.043438    4.043437 ^ m_axis_tready (in)
                                                         m_axis_tready (net)
                      0.065508    0.000000    4.043437 ^ _1073_/B (sky130_fd_sc_hd__and2_2)
    42    0.114270    0.434245    0.374476    4.417914 ^ _1073_/X (sky130_fd_sc_hd__and2_2)
                                                         _0219_ (net)
                      0.434245    0.000000    4.417914 ^ _1588_/A2 (sky130_fd_sc_hd__o221a_2)
     1    0.001748    0.030476    0.115018    4.532932 ^ _1588_/X (sky130_fd_sc_hd__o221a_2)
                                                         _0032_ (net)
                      0.030476    0.000000    4.532932 ^ _2104_/D (sky130_fd_sc_hd__dfxtp_2)
                                              4.532932   data arrival time

                      0.150000   20.000000   20.000000   clock aclk (rise edge)
                                  0.000000   20.000000   clock network delay (ideal)
                                 -0.250000   19.750002   clock uncertainty
                                  0.000000   19.750002   clock reconvergence pessimism
                                             19.750002 ^ _2104_/CLK (sky130_fd_sc_hd__dfxtp_2)
                                 -0.027588   19.722414   library setup time
                                             19.722414   data required time
---------------------------------------------------------------------------------------------
                                             19.722414   data required time
                                             -4.532932   data arrival time
---------------------------------------------------------------------------------------------
                                             15.189482   slack (MET)


Startpoint: m_axis_tready (input port clocked by aclk)
Endpoint: _2112_ (rising edge-triggered flip-flop clocked by aclk)
Path Group: aclk
Path Type: max

Fanout         Cap        Slew       Delay        Time   Description
---------------------------------------------------------------------------------------------
                      0.150000    0.000000    0.000000   clock aclk (rise edge)
                                  0.000000    0.000000   clock network delay (ideal)
                                  4.000000    4.000000 ^ input external delay
     7    0.017724    0.065508    0.043438    4.043437 ^ m_axis_tready (in)
                                                         m_axis_tready (net)
                      0.065508    0.000000    4.043437 ^ _1073_/B (sky130_fd_sc_hd__and2_2)
    42    0.114270    0.434245    0.374476    4.417914 ^ _1073_/X (sky130_fd_sc_hd__and2_2)
                                                         _0219_ (net)
                      0.434245    0.000000    4.417914 ^ _1844_/A2 (sky130_fd_sc_hd__o221a_2)
     1    0.001748    0.030476    0.115018    4.532932 ^ _1844_/X (sky130_fd_sc_hd__o221a_2)
                                                         _0040_ (net)
                      0.030476    0.000000    4.532932 ^ _2112_/D (sky130_fd_sc_hd__dfxtp_2)
                                              4.532932   data arrival time

                      0.150000   20.000000   20.000000   clock aclk (rise edge)
                                  0.000000   20.000000   clock network delay (ideal)
                                 -0.250000   19.750002   clock uncertainty
                                  0.000000   19.750002   clock reconvergence pessimism
                                             19.750002 ^ _2112_/CLK (sky130_fd_sc_hd__dfxtp_2)
                                 -0.027588   19.722414   library setup time
                                             19.722414   data required time
---------------------------------------------------------------------------------------------
                                             19.722414   data required time
                                             -4.532932   data arrival time
---------------------------------------------------------------------------------------------
                                             15.189482   slack (MET)


Startpoint: m_axis_tready (input port clocked by aclk)
Endpoint: _2116_ (rising edge-triggered flip-flop clocked by aclk)
Path Group: aclk
Path Type: max

Fanout         Cap        Slew       Delay        Time   Description
---------------------------------------------------------------------------------------------
                      0.150000    0.000000    0.000000   clock aclk (rise edge)
                                  0.000000    0.000000   clock network delay (ideal)
                                  4.000000    4.000000 ^ input external delay
     7    0.017724    0.065508    0.043438    4.043437 ^ m_axis_tready (in)
                                                         m_axis_tready (net)
                      0.065508    0.000000    4.043437 ^ _1073_/B (sky130_fd_sc_hd__and2_2)
    42    0.114270    0.434245    0.374476    4.417914 ^ _1073_/X (sky130_fd_sc_hd__and2_2)
                                                         _0219_ (net)
                      0.434245    0.000000    4.417914 ^ _1964_/A2 (sky130_fd_sc_hd__o221a_2)
     1    0.001748    0.030476    0.115018    4.532932 ^ _1964_/X (sky130_fd_sc_hd__o221a_2)
                                                         _0044_ (net)
                      0.030476    0.000000    4.532932 ^ _2116_/D (sky130_fd_sc_hd__dfxtp_2)
                                              4.532932   data arrival time

                      0.150000   20.000000   20.000000   clock aclk (rise edge)
                                  0.000000   20.000000   clock network delay (ideal)
                                 -0.250000   19.750002   clock uncertainty
                                  0.000000   19.750002   clock reconvergence pessimism
                                             19.750002 ^ _2116_/CLK (sky130_fd_sc_hd__dfxtp_2)
                                 -0.027588   19.722414   library setup time
                                             19.722414   data required time
---------------------------------------------------------------------------------------------
                                             19.722414   data required time
                                             -4.532932   data arrival time
---------------------------------------------------------------------------------------------
                                             15.189482   slack (MET)


Startpoint: m_axis_tready (input port clocked by aclk)
Endpoint: _2091_ (rising edge-triggered flip-flop clocked by aclk)
Path Group: aclk
Path Type: max

Fanout         Cap        Slew       Delay        Time   Description
---------------------------------------------------------------------------------------------
                      0.150000    0.000000    0.000000   clock aclk (rise edge)
                                  0.000000    0.000000   clock network delay (ideal)
                                  4.000000    4.000000 ^ input external delay
     7    0.017724    0.065508    0.043438    4.043437 ^ m_axis_tready (in)
                                                         m_axis_tready (net)
                      0.065508    0.000000    4.043437 ^ _1073_/B (sky130_fd_sc_hd__and2_2)
    42    0.114270    0.434245    0.374476    4.417914 ^ _1073_/X (sky130_fd_sc_hd__and2_2)
                                                         _0219_ (net)
                      0.434245    0.000000    4.417914 ^ _1100_/B1 (sky130_fd_sc_hd__o21ai_2)
     1    0.002282    0.060251   -0.011384    4.406530 v _1100_/Y (sky130_fd_sc_hd__o21ai_2)
                                                         _0244_ (net)
                      0.060251    0.000000    4.406530 v _1101_/B1 (sky130_fd_sc_hd__o211a_2)
     1    0.001783    0.028422    0.089905    4.496435 v _1101_/X (sky130_fd_sc_hd__o211a_2)
                                                         _0019_ (net)
                      0.028422    0.000000    4.496435 v _2091_/D (sky130_fd_sc_hd__dfxtp_2)
                                              4.496435   data arrival time

                      0.150000   20.000000   20.000000   clock aclk (rise edge)
                                  0.000000   20.000000   clock network delay (ideal)
                                 -0.250000   19.750002   clock uncertainty
                                  0.000000   19.750002   clock reconvergence pessimism
                                             19.750002 ^ _2091_/CLK (sky130_fd_sc_hd__dfxtp_2)
                                 -0.058597   19.691404   library setup time
                                             19.691404   data required time
---------------------------------------------------------------------------------------------
                                             19.691404   data required time
                                             -4.496435   data arrival time
---------------------------------------------------------------------------------------------
                                             15.194971   slack (MET)


Startpoint: m_axis_tready (input port clocked by aclk)
Endpoint: _2092_ (rising edge-triggered flip-flop clocked by aclk)
Path Group: aclk
Path Type: max

Fanout         Cap        Slew       Delay        Time   Description
---------------------------------------------------------------------------------------------
                      0.150000    0.000000    0.000000   clock aclk (rise edge)
                                  0.000000    0.000000   clock network delay (ideal)
                                  4.000000    4.000000 ^ input external delay
     7    0.017724    0.065508    0.043438    4.043437 ^ m_axis_tready (in)
                                                         m_axis_tready (net)
                      0.065508    0.000000    4.043437 ^ _1073_/B (sky130_fd_sc_hd__and2_2)
    42    0.114270    0.434245    0.374476    4.417914 ^ _1073_/X (sky130_fd_sc_hd__and2_2)
                                                         _0219_ (net)
                      0.434245    0.000000    4.417914 ^ _1119_/B1 (sky130_fd_sc_hd__o21ai_2)
     1    0.002282    0.060251   -0.011384    4.406530 v _1119_/Y (sky130_fd_sc_hd__o21ai_2)
                                                         _0262_ (net)
                      0.060251    0.000000    4.406530 v _1120_/B1 (sky130_fd_sc_hd__o211a_2)
     1    0.001783    0.028422    0.089905    4.496435 v _1120_/X (sky130_fd_sc_hd__o211a_2)
                                                         _0020_ (net)
                      0.028422    0.000000    4.496435 v _2092_/D (sky130_fd_sc_hd__dfxtp_2)
                                              4.496435   data arrival time

                      0.150000   20.000000   20.000000   clock aclk (rise edge)
                                  0.000000   20.000000   clock network delay (ideal)
                                 -0.250000   19.750002   clock uncertainty
                                  0.000000   19.750002   clock reconvergence pessimism
                                             19.750002 ^ _2092_/CLK (sky130_fd_sc_hd__dfxtp_2)
                                 -0.058597   19.691404   library setup time
                                             19.691404   data required time
---------------------------------------------------------------------------------------------
                                             19.691404   data required time
                                             -4.496435   data arrival time
---------------------------------------------------------------------------------------------
                                             15.194971   slack (MET)


Startpoint: m_axis_tready (input port clocked by aclk)
Endpoint: _2094_ (rising edge-triggered flip-flop clocked by aclk)
Path Group: aclk
Path Type: max

Fanout         Cap        Slew       Delay        Time   Description
---------------------------------------------------------------------------------------------
                      0.150000    0.000000    0.000000   clock aclk (rise edge)
                                  0.000000    0.000000   clock network delay (ideal)
                                  4.000000    4.000000 ^ input external delay
     7    0.017724    0.065508    0.043438    4.043437 ^ m_axis_tready (in)
                                                         m_axis_tready (net)
                      0.065508    0.000000    4.043437 ^ _1073_/B (sky130_fd_sc_hd__and2_2)
    42    0.114270    0.434245    0.374476    4.417914 ^ _1073_/X (sky130_fd_sc_hd__and2_2)
                                                         _0219_ (net)
                      0.434245    0.000000    4.417914 ^ _1175_/B1 (sky130_fd_sc_hd__o21ai_2)
     1    0.002282    0.060251   -0.011384    4.406530 v _1175_/Y (sky130_fd_sc_hd__o21ai_2)
                                                         _0316_ (net)
                      0.060251    0.000000    4.406530 v _1176_/B1 (sky130_fd_sc_hd__o211a_2)
     1    0.001783    0.028422    0.089905    4.496435 v _1176_/X (sky130_fd_sc_hd__o211a_2)
                                                         _0022_ (net)
                      0.028422    0.000000    4.496435 v _2094_/D (sky130_fd_sc_hd__dfxtp_2)
                                              4.496435   data arrival time

                      0.150000   20.000000   20.000000   clock aclk (rise edge)
                                  0.000000   20.000000   clock network delay (ideal)
                                 -0.250000   19.750002   clock uncertainty
                                  0.000000   19.750002   clock reconvergence pessimism
                                             19.750002 ^ _2094_/CLK (sky130_fd_sc_hd__dfxtp_2)
                                 -0.058597   19.691404   library setup time
                                             19.691404   data required time
---------------------------------------------------------------------------------------------
                                             19.691404   data required time
                                             -4.496435   data arrival time
---------------------------------------------------------------------------------------------
                                             15.194971   slack (MET)


Startpoint: m_axis_tready (input port clocked by aclk)
Endpoint: _2090_ (rising edge-triggered flip-flop clocked by aclk)
Path Group: aclk
Path Type: max

Fanout         Cap        Slew       Delay        Time   Description
---------------------------------------------------------------------------------------------
                      0.150000    0.000000    0.000000   clock aclk (rise edge)
                                  0.000000    0.000000   clock network delay (ideal)
                                  4.000000    4.000000 ^ input external delay
     7    0.017724    0.065508    0.043438    4.043437 ^ m_axis_tready (in)
                                                         m_axis_tready (net)
                      0.065508    0.000000    4.043437 ^ _1073_/B (sky130_fd_sc_hd__and2_2)
    42    0.114270    0.434245    0.374476    4.417914 ^ _1073_/X (sky130_fd_sc_hd__and2_2)
                                                         _0219_ (net)
                      0.434245    0.000000    4.417914 ^ _1086_/A2 (sky130_fd_sc_hd__o211a_2)
     1    0.001748    0.030446    0.108219    4.526133 ^ _1086_/X (sky130_fd_sc_hd__o211a_2)
                                                         _0018_ (net)
                      0.030446    0.000000    4.526133 ^ _2090_/D (sky130_fd_sc_hd__dfxtp_2)
                                              4.526133   data arrival time

                      0.150000   20.000000   20.000000   clock aclk (rise edge)
                                  0.000000   20.000000   clock network delay (ideal)
                                 -0.250000   19.750002   clock uncertainty
                                  0.000000   19.750002   clock reconvergence pessimism
                                             19.750002 ^ _2090_/CLK (sky130_fd_sc_hd__dfxtp_2)
                                 -0.027585   19.722416   library setup time
                                             19.722416   data required time
---------------------------------------------------------------------------------------------
                                             19.722416   data required time
                                             -4.526133   data arrival time
---------------------------------------------------------------------------------------------
                                             15.196283   slack (MET)


Startpoint: m_axis_tready (input port clocked by aclk)
Endpoint: _2097_ (rising edge-triggered flip-flop clocked by aclk)
Path Group: aclk
Path Type: max

Fanout         Cap        Slew       Delay        Time   Description
---------------------------------------------------------------------------------------------
                      0.150000    0.000000    0.000000   clock aclk (rise edge)
                                  0.000000    0.000000   clock network delay (ideal)
                                  4.000000    4.000000 ^ input external delay
     7    0.017724    0.065508    0.043438    4.043437 ^ m_axis_tready (in)
                                                         m_axis_tready (net)
                      0.065508    0.000000    4.043437 ^ _1073_/B (sky130_fd_sc_hd__and2_2)
    42    0.114270    0.434245    0.374476    4.417914 ^ _1073_/X (sky130_fd_sc_hd__and2_2)
                                                         _0219_ (net)
                      0.434245    0.000000    4.417914 ^ _1299_/A2 (sky130_fd_sc_hd__o211a_2)
     1    0.001748    0.030446    0.108219    4.526133 ^ _1299_/X (sky130_fd_sc_hd__o211a_2)
                                                         _0025_ (net)
                      0.030446    0.000000    4.526133 ^ _2097_/D (sky130_fd_sc_hd__dfxtp_2)
                                              4.526133   data arrival time

                      0.150000   20.000000   20.000000   clock aclk (rise edge)
                                  0.000000   20.000000   clock network delay (ideal)
                                 -0.250000   19.750002   clock uncertainty
                                  0.000000   19.750002   clock reconvergence pessimism
                                             19.750002 ^ _2097_/CLK (sky130_fd_sc_hd__dfxtp_2)
                                 -0.027585   19.722416   library setup time
                                             19.722416   data required time
---------------------------------------------------------------------------------------------
                                             19.722416   data required time
                                             -4.526133   data arrival time
---------------------------------------------------------------------------------------------
                                             15.196283   slack (MET)


Startpoint: m_axis_tready (input port clocked by aclk)
Endpoint: _2103_ (rising edge-triggered flip-flop clocked by aclk)
Path Group: aclk
Path Type: max

Fanout         Cap        Slew       Delay        Time   Description
---------------------------------------------------------------------------------------------
                      0.150000    0.000000    0.000000   clock aclk (rise edge)
                                  0.000000    0.000000   clock network delay (ideal)
                                  4.000000    4.000000 ^ input external delay
     7    0.017724    0.065508    0.043438    4.043437 ^ m_axis_tready (in)
                                                         m_axis_tready (net)
                      0.065508    0.000000    4.043437 ^ _1073_/B (sky130_fd_sc_hd__and2_2)
    42    0.114270    0.434245    0.374476    4.417914 ^ _1073_/X (sky130_fd_sc_hd__and2_2)
                                                         _0219_ (net)
                      0.434245    0.000000    4.417914 ^ _1556_/A2 (sky130_fd_sc_hd__o211a_2)
     1    0.001748    0.030446    0.108219    4.526133 ^ _1556_/X (sky130_fd_sc_hd__o211a_2)
                                                         _0031_ (net)
                      0.030446    0.000000    4.526133 ^ _2103_/D (sky130_fd_sc_hd__dfxtp_2)
                                              4.526133   data arrival time

                      0.150000   20.000000   20.000000   clock aclk (rise edge)
                                  0.000000   20.000000   clock network delay (ideal)
                                 -0.250000   19.750002   clock uncertainty
                                  0.000000   19.750002   clock reconvergence pessimism
                                             19.750002 ^ _2103_/CLK (sky130_fd_sc_hd__dfxtp_2)
                                 -0.027585   19.722416   library setup time
                                             19.722416   data required time
---------------------------------------------------------------------------------------------
                                             19.722416   data required time
                                             -4.526133   data arrival time
---------------------------------------------------------------------------------------------
                                             15.196283   slack (MET)


Startpoint: m_axis_tready (input port clocked by aclk)
Endpoint: _2121_ (rising edge-triggered flip-flop clocked by aclk)
Path Group: aclk
Path Type: max

Fanout         Cap        Slew       Delay        Time   Description
---------------------------------------------------------------------------------------------
                      0.150000    0.000000    0.000000   clock aclk (rise edge)
                                  0.000000    0.000000   clock network delay (ideal)
                                  4.000000    4.000000 ^ input external delay
     7    0.017724    0.065508    0.043438    4.043437 ^ m_axis_tready (in)
                                                         m_axis_tready (net)
                      0.065508    0.000000    4.043437 ^ _1073_/B (sky130_fd_sc_hd__and2_2)
    42    0.114270    0.434245    0.374476    4.417914 ^ _1073_/X (sky130_fd_sc_hd__and2_2)
                                                         _0219_ (net)
                      0.434245    0.000000    4.417914 ^ _2071_/A1 (sky130_fd_sc_hd__o21a_2)
     1    0.001748    0.026133    0.096333    4.514247 ^ _2071_/X (sky130_fd_sc_hd__o21a_2)
                                                         _0049_ (net)
                      0.026133    0.000000    4.514247 ^ _2121_/D (sky130_fd_sc_hd__dfxtp_2)
                                              4.514247   data arrival time

                      0.150000   20.000000   20.000000   clock aclk (rise edge)
                                  0.000000   20.000000   clock network delay (ideal)
                                 -0.250000   19.750002   clock uncertainty
                                  0.000000   19.750002   clock reconvergence pessimism
                                             19.750002 ^ _2121_/CLK (sky130_fd_sc_hd__dfxtp_2)
                                 -0.027191   19.722811   library setup time
                                             19.722811   data required time
---------------------------------------------------------------------------------------------
                                             19.722811   data required time
                                             -4.514247   data arrival time
---------------------------------------------------------------------------------------------
                                             15.208564   slack (MET)


Startpoint: m_axis_tready (input port clocked by aclk)
Endpoint: _2073_ (rising edge-triggered flip-flop clocked by aclk)
Path Group: aclk
Path Type: max

Fanout         Cap        Slew       Delay        Time   Description
---------------------------------------------------------------------------------------------
                      0.150000    0.000000    0.000000   clock aclk (rise edge)
                                  0.000000    0.000000   clock network delay (ideal)
                                  4.000000    4.000000 v input external delay
     7    0.016436    0.026724    0.017038    4.017038 v m_axis_tready (in)
                                                         m_axis_tready (net)
                      0.026724    0.000000    4.017038 v _1037_/A (sky130_fd_sc_hd__and2_2)
    16    0.023154    0.058453    0.137498    4.154536 v _1037_/X (sky130_fd_sc_hd__and2_2)
                                                         _0200_ (net)
                      0.058453    0.000000    4.154536 v _1041_/B (sky130_fd_sc_hd__or2_2)
     1    0.002282    0.036368    0.161604    4.316140 v _1041_/X (sky130_fd_sc_hd__or2_2)
                                                         _0203_ (net)
                      0.036368    0.000000    4.316140 v _1042_/B1 (sky130_fd_sc_hd__o211a_2)
     1    0.001783    0.028138    0.079915    4.396054 v _1042_/X (sky130_fd_sc_hd__o211a_2)
                                                         _0001_ (net)
                      0.028138    0.000000    4.396054 v _2073_/D (sky130_fd_sc_hd__dfxtp_2)
                                              4.396054   data arrival time

                      0.150000   20.000000   20.000000   clock aclk (rise edge)
                                  0.000000   20.000000   clock network delay (ideal)
                                 -0.250000   19.750002   clock uncertainty
                                  0.000000   19.750002   clock reconvergence pessimism
                                             19.750002 ^ _2073_/CLK (sky130_fd_sc_hd__dfxtp_2)
                                 -0.058496   19.691505   library setup time
                                             19.691505   data required time
---------------------------------------------------------------------------------------------
                                             19.691505   data required time
                                             -4.396054   data arrival time
---------------------------------------------------------------------------------------------
                                             15.295452   slack (MET)


Startpoint: m_axis_tready (input port clocked by aclk)
Endpoint: _2088_ (rising edge-triggered flip-flop clocked by aclk)
Path Group: aclk
Path Type: max

Fanout         Cap        Slew       Delay        Time   Description
---------------------------------------------------------------------------------------------
                      0.150000    0.000000    0.000000   clock aclk (rise edge)
                                  0.000000    0.000000   clock network delay (ideal)
                                  4.000000    4.000000 v input external delay
     7    0.016436    0.026724    0.017038    4.017038 v m_axis_tready (in)
                                                         m_axis_tready (net)
                      0.026724    0.000000    4.017038 v _1037_/A (sky130_fd_sc_hd__and2_2)
    16    0.023154    0.058453    0.137498    4.154536 v _1037_/X (sky130_fd_sc_hd__and2_2)
                                                         _0200_ (net)
                      0.058453    0.000000    4.154536 v _1071_/B (sky130_fd_sc_hd__or2_2)
     1    0.002282    0.036158    0.161604    4.316140 v _1071_/X (sky130_fd_sc_hd__or2_2)
                                                         _0218_ (net)
                      0.036158    0.000000    4.316140 v _1072_/B1 (sky130_fd_sc_hd__o211a_2)
     1    0.001783    0.028138    0.079829    4.395968 v _1072_/X (sky130_fd_sc_hd__o211a_2)
                                                         _0016_ (net)
                      0.028138    0.000000    4.395968 v _2088_/D (sky130_fd_sc_hd__dfxtp_2)
                                              4.395968   data arrival time

                      0.150000   20.000000   20.000000   clock aclk (rise edge)
                                  0.000000   20.000000   clock network delay (ideal)
                                 -0.250000   19.750002   clock uncertainty
                                  0.000000   19.750002   clock reconvergence pessimism
                                             19.750002 ^ _2088_/CLK (sky130_fd_sc_hd__dfxtp_2)
                                 -0.058496   19.691505   library setup time
                                             19.691505   data required time
---------------------------------------------------------------------------------------------
                                             19.691505   data required time
                                             -4.395968   data arrival time
---------------------------------------------------------------------------------------------
                                             15.295538   slack (MET)


Startpoint: m_axis_tready (input port clocked by aclk)
Endpoint: _2074_ (rising edge-triggered flip-flop clocked by aclk)
Path Group: aclk
Path Type: max

Fanout         Cap        Slew       Delay        Time   Description
---------------------------------------------------------------------------------------------
                      0.150000    0.000000    0.000000   clock aclk (rise edge)
                                  0.000000    0.000000   clock network delay (ideal)
                                  4.000000    4.000000 v input external delay
     7    0.016436    0.026724    0.017038    4.017038 v m_axis_tready (in)
                                                         m_axis_tready (net)
                      0.026724    0.000000    4.017038 v _1037_/A (sky130_fd_sc_hd__and2_2)
    16    0.023154    0.058453    0.137498    4.154536 v _1037_/X (sky130_fd_sc_hd__and2_2)
                                                         _0200_ (net)
                      0.058453    0.000000    4.154536 v _1043_/B (sky130_fd_sc_hd__or2_2)
     1    0.002282    0.035304    0.161604    4.316140 v _1043_/X (sky130_fd_sc_hd__or2_2)
                                                         _0204_ (net)
                      0.035304    0.000000    4.316140 v _1044_/B1 (sky130_fd_sc_hd__o211a_2)
     1    0.001783    0.028138    0.079479    4.395618 v _1044_/X (sky130_fd_sc_hd__o211a_2)
                                                         _0002_ (net)
                      0.028138    0.000000    4.395618 v _2074_/D (sky130_fd_sc_hd__dfxtp_2)
                                              4.395618   data arrival time

                      0.150000   20.000000   20.000000   clock aclk (rise edge)
                                  0.000000   20.000000   clock network delay (ideal)
                                 -0.250000   19.750002   clock uncertainty
                                  0.000000   19.750002   clock reconvergence pessimism
                                             19.750002 ^ _2074_/CLK (sky130_fd_sc_hd__dfxtp_2)
                                 -0.058496   19.691505   library setup time
                                             19.691505   data required time
---------------------------------------------------------------------------------------------
                                             19.691505   data required time
                                             -4.395618   data arrival time
---------------------------------------------------------------------------------------------
                                             15.295888   slack (MET)


Startpoint: m_axis_tready (input port clocked by aclk)
Endpoint: _2075_ (rising edge-triggered flip-flop clocked by aclk)
Path Group: aclk
Path Type: max

Fanout         Cap        Slew       Delay        Time   Description
---------------------------------------------------------------------------------------------
                      0.150000    0.000000    0.000000   clock aclk (rise edge)
                                  0.000000    0.000000   clock network delay (ideal)
                                  4.000000    4.000000 v input external delay
     7    0.016436    0.026724    0.017038    4.017038 v m_axis_tready (in)
                                                         m_axis_tready (net)
                      0.026724    0.000000    4.017038 v _1037_/A (sky130_fd_sc_hd__and2_2)
    16    0.023154    0.058453    0.137498    4.154536 v _1037_/X (sky130_fd_sc_hd__and2_2)
                                                         _0200_ (net)
                      0.058453    0.000000    4.154536 v _1045_/B (sky130_fd_sc_hd__or2_2)
     1    0.002282    0.035319    0.161604    4.316140 v _1045_/X (sky130_fd_sc_hd__or2_2)
                                                         _0205_ (net)
                      0.035319    0.000000    4.316140 v _1046_/B1 (sky130_fd_sc_hd__o211a_2)
     1    0.001783    0.028138    0.079485    4.395625 v _1046_/X (sky130_fd_sc_hd__o211a_2)
                                                         _0003_ (net)
                      0.028138    0.000000    4.395625 v _2075_/D (sky130_fd_sc_hd__dfxtp_2)
                                              4.395625   data arrival time

                      0.150000   20.000000   20.000000   clock aclk (rise edge)
                                  0.000000   20.000000   clock network delay (ideal)
                                 -0.250000   19.750002   clock uncertainty
                                  0.000000   19.750002   clock reconvergence pessimism
                                             19.750002 ^ _2075_/CLK (sky130_fd_sc_hd__dfxtp_2)
                                 -0.058496   19.691505   library setup time
                                             19.691505   data required time
---------------------------------------------------------------------------------------------
                                             19.691505   data required time
                                             -4.395625   data arrival time
---------------------------------------------------------------------------------------------
                                             15.295882   slack (MET)


Startpoint: m_axis_tready (input port clocked by aclk)
Endpoint: _2076_ (rising edge-triggered flip-flop clocked by aclk)
Path Group: aclk
Path Type: max

Fanout         Cap        Slew       Delay        Time   Description
---------------------------------------------------------------------------------------------
                      0.150000    0.000000    0.000000   clock aclk (rise edge)
                                  0.000000    0.000000   clock network delay (ideal)
                                  4.000000    4.000000 v input external delay
     7    0.016436    0.026724    0.017038    4.017038 v m_axis_tready (in)
                                                         m_axis_tready (net)
                      0.026724    0.000000    4.017038 v _1037_/A (sky130_fd_sc_hd__and2_2)
    16    0.023154    0.058453    0.137498    4.154536 v _1037_/X (sky130_fd_sc_hd__and2_2)
                                                         _0200_ (net)
                      0.058453    0.000000    4.154536 v _1047_/B (sky130_fd_sc_hd__or2_2)
     1    0.002282    0.035309    0.161604    4.316140 v _1047_/X (sky130_fd_sc_hd__or2_2)
                                                         _0206_ (net)
                      0.035309    0.000000    4.316140 v _1048_/B1 (sky130_fd_sc_hd__o211a_2)
     1    0.001783    0.028138    0.079480    4.395620 v _1048_/X (sky130_fd_sc_hd__o211a_2)
                                                         _0004_ (net)
                      0.028138    0.000000    4.395620 v _2076_/D (sky130_fd_sc_hd__dfxtp_2)
                                              4.395620   data arrival time

                      0.150000   20.000000   20.000000   clock aclk (rise edge)
                                  0.000000   20.000000   clock network delay (ideal)
                                 -0.250000   19.750002   clock uncertainty
                                  0.000000   19.750002   clock reconvergence pessimism
                                             19.750002 ^ _2076_/CLK (sky130_fd_sc_hd__dfxtp_2)
                                 -0.058496   19.691505   library setup time
                                             19.691505   data required time
---------------------------------------------------------------------------------------------
                                             19.691505   data required time
                                             -4.395620   data arrival time
---------------------------------------------------------------------------------------------
                                             15.295886   slack (MET)


Startpoint: m_axis_tready (input port clocked by aclk)
Endpoint: _2077_ (rising edge-triggered flip-flop clocked by aclk)
Path Group: aclk
Path Type: max

Fanout         Cap        Slew       Delay        Time   Description
---------------------------------------------------------------------------------------------
                      0.150000    0.000000    0.000000   clock aclk (rise edge)
                                  0.000000    0.000000   clock network delay (ideal)
                                  4.000000    4.000000 v input external delay
     7    0.016436    0.026724    0.017038    4.017038 v m_axis_tready (in)
                                                         m_axis_tready (net)
                      0.026724    0.000000    4.017038 v _1037_/A (sky130_fd_sc_hd__and2_2)
    16    0.023154    0.058453    0.137498    4.154536 v _1037_/X (sky130_fd_sc_hd__and2_2)
                                                         _0200_ (net)
                      0.058453    0.000000    4.154536 v _1049_/B (sky130_fd_sc_hd__or2_2)
     1    0.002282    0.035312    0.161604    4.316140 v _1049_/X (sky130_fd_sc_hd__or2_2)
                                                         _0207_ (net)
                      0.035312    0.000000    4.316140 v _1050_/B1 (sky130_fd_sc_hd__o211a_2)
     1    0.001783    0.028138    0.079482    4.395621 v _1050_/X (sky130_fd_sc_hd__o211a_2)
                                                         _0005_ (net)
                      0.028138    0.000000    4.395621 v _2077_/D (sky130_fd_sc_hd__dfxtp_2)
                                              4.395621   data arrival time

                      0.150000   20.000000   20.000000   clock aclk (rise edge)
                                  0.000000   20.000000   clock network delay (ideal)
                                 -0.250000   19.750002   clock uncertainty
                                  0.000000   19.750002   clock reconvergence pessimism
                                             19.750002 ^ _2077_/CLK (sky130_fd_sc_hd__dfxtp_2)
                                 -0.058496   19.691505   library setup time
                                             19.691505   data required time
---------------------------------------------------------------------------------------------
                                             19.691505   data required time
                                             -4.395621   data arrival time
---------------------------------------------------------------------------------------------
                                             15.295884   slack (MET)


Startpoint: m_axis_tready (input port clocked by aclk)
Endpoint: _2078_ (rising edge-triggered flip-flop clocked by aclk)
Path Group: aclk
Path Type: max

Fanout         Cap        Slew       Delay        Time   Description
---------------------------------------------------------------------------------------------
                      0.150000    0.000000    0.000000   clock aclk (rise edge)
                                  0.000000    0.000000   clock network delay (ideal)
                                  4.000000    4.000000 v input external delay
     7    0.016436    0.026724    0.017038    4.017038 v m_axis_tready (in)
                                                         m_axis_tready (net)
                      0.026724    0.000000    4.017038 v _1037_/A (sky130_fd_sc_hd__and2_2)
    16    0.023154    0.058453    0.137498    4.154536 v _1037_/X (sky130_fd_sc_hd__and2_2)
                                                         _0200_ (net)
                      0.058453    0.000000    4.154536 v _1051_/B (sky130_fd_sc_hd__or2_2)
     1    0.002282    0.035309    0.161604    4.316140 v _1051_/X (sky130_fd_sc_hd__or2_2)
                                                         _0208_ (net)
                      0.035309    0.000000    4.316140 v _1052_/B1 (sky130_fd_sc_hd__o211a_2)
     1    0.001783    0.028138    0.079480    4.395620 v _1052_/X (sky130_fd_sc_hd__o211a_2)
                                                         _0006_ (net)
                      0.028138    0.000000    4.395620 v _2078_/D (sky130_fd_sc_hd__dfxtp_2)
                                              4.395620   data arrival time

                      0.150000   20.000000   20.000000   clock aclk (rise edge)
                                  0.000000   20.000000   clock network delay (ideal)
                                 -0.250000   19.750002   clock uncertainty
                                  0.000000   19.750002   clock reconvergence pessimism
                                             19.750002 ^ _2078_/CLK (sky130_fd_sc_hd__dfxtp_2)
                                 -0.058496   19.691505   library setup time
                                             19.691505   data required time
---------------------------------------------------------------------------------------------
                                             19.691505   data required time
                                             -4.395620   data arrival time
---------------------------------------------------------------------------------------------
                                             15.295886   slack (MET)


Startpoint: m_axis_tready (input port clocked by aclk)
Endpoint: _2079_ (rising edge-triggered flip-flop clocked by aclk)
Path Group: aclk
Path Type: max

Fanout         Cap        Slew       Delay        Time   Description
---------------------------------------------------------------------------------------------
                      0.150000    0.000000    0.000000   clock aclk (rise edge)
                                  0.000000    0.000000   clock network delay (ideal)
                                  4.000000    4.000000 v input external delay
     7    0.016436    0.026724    0.017038    4.017038 v m_axis_tready (in)
                                                         m_axis_tready (net)
                      0.026724    0.000000    4.017038 v _1037_/A (sky130_fd_sc_hd__and2_2)
    16    0.023154    0.058453    0.137498    4.154536 v _1037_/X (sky130_fd_sc_hd__and2_2)
                                                         _0200_ (net)
                      0.058453    0.000000    4.154536 v _1053_/B (sky130_fd_sc_hd__or2_2)
     1    0.002282    0.035306    0.161604    4.316140 v _1053_/X (sky130_fd_sc_hd__or2_2)
                                                         _0209_ (net)
                      0.035306    0.000000    4.316140 v _1054_/B1 (sky130_fd_sc_hd__o211a_2)
     1    0.001783    0.028138    0.079480    4.395619 v _1054_/X (sky130_fd_sc_hd__o211a_2)
                                                         _0007_ (net)
                      0.028138    0.000000    4.395619 v _2079_/D (sky130_fd_sc_hd__dfxtp_2)
                                              4.395619   data arrival time

                      0.150000   20.000000   20.000000   clock aclk (rise edge)
                                  0.000000   20.000000   clock network delay (ideal)
                                 -0.250000   19.750002   clock uncertainty
                                  0.000000   19.750002   clock reconvergence pessimism
                                             19.750002 ^ _2079_/CLK (sky130_fd_sc_hd__dfxtp_2)
                                 -0.058496   19.691505   library setup time
                                             19.691505   data required time
---------------------------------------------------------------------------------------------
                                             19.691505   data required time
                                             -4.395619   data arrival time
---------------------------------------------------------------------------------------------
                                             15.295886   slack (MET)


Startpoint: m_axis_tready (input port clocked by aclk)
Endpoint: _2081_ (rising edge-triggered flip-flop clocked by aclk)
Path Group: aclk
Path Type: max

Fanout         Cap        Slew       Delay        Time   Description
---------------------------------------------------------------------------------------------
                      0.150000    0.000000    0.000000   clock aclk (rise edge)
                                  0.000000    0.000000   clock network delay (ideal)
                                  4.000000    4.000000 v input external delay
     7    0.016436    0.026724    0.017038    4.017038 v m_axis_tready (in)
                                                         m_axis_tready (net)
                      0.026724    0.000000    4.017038 v _1037_/A (sky130_fd_sc_hd__and2_2)
    16    0.023154    0.058453    0.137498    4.154536 v _1037_/X (sky130_fd_sc_hd__and2_2)
                                                         _0200_ (net)
                      0.058453    0.000000    4.154536 v _1057_/B (sky130_fd_sc_hd__or2_2)
     1    0.002282    0.035313    0.161604    4.316140 v _1057_/X (sky130_fd_sc_hd__or2_2)
                                                         _0211_ (net)
                      0.035313    0.000000    4.316140 v _1058_/B1 (sky130_fd_sc_hd__o211a_2)
     1    0.001783    0.028138    0.079482    4.395622 v _1058_/X (sky130_fd_sc_hd__o211a_2)
                                                         _0009_ (net)
                      0.028138    0.000000    4.395622 v _2081_/D (sky130_fd_sc_hd__dfxtp_2)
                                              4.395622   data arrival time

                      0.150000   20.000000   20.000000   clock aclk (rise edge)
                                  0.000000   20.000000   clock network delay (ideal)
                                 -0.250000   19.750002   clock uncertainty
                                  0.000000   19.750002   clock reconvergence pessimism
                                             19.750002 ^ _2081_/CLK (sky130_fd_sc_hd__dfxtp_2)
                                 -0.058496   19.691505   library setup time
                                             19.691505   data required time
---------------------------------------------------------------------------------------------
                                             19.691505   data required time
                                             -4.395622   data arrival time
---------------------------------------------------------------------------------------------
                                             15.295884   slack (MET)


Startpoint: m_axis_tready (input port clocked by aclk)
Endpoint: _2082_ (rising edge-triggered flip-flop clocked by aclk)
Path Group: aclk
Path Type: max

Fanout         Cap        Slew       Delay        Time   Description
---------------------------------------------------------------------------------------------
                      0.150000    0.000000    0.000000   clock aclk (rise edge)
                                  0.000000    0.000000   clock network delay (ideal)
                                  4.000000    4.000000 v input external delay
     7    0.016436    0.026724    0.017038    4.017038 v m_axis_tready (in)
                                                         m_axis_tready (net)
                      0.026724    0.000000    4.017038 v _1037_/A (sky130_fd_sc_hd__and2_2)
    16    0.023154    0.058453    0.137498    4.154536 v _1037_/X (sky130_fd_sc_hd__and2_2)
                                                         _0200_ (net)
                      0.058453    0.000000    4.154536 v _1059_/B (sky130_fd_sc_hd__or2_2)
     1    0.002282    0.035311    0.161604    4.316140 v _1059_/X (sky130_fd_sc_hd__or2_2)
                                                         _0212_ (net)
                      0.035311    0.000000    4.316140 v _1060_/B1 (sky130_fd_sc_hd__o211a_2)
     1    0.001783    0.028138    0.079481    4.395621 v _1060_/X (sky130_fd_sc_hd__o211a_2)
                                                         _0010_ (net)
                      0.028138    0.000000    4.395621 v _2082_/D (sky130_fd_sc_hd__dfxtp_2)
                                              4.395621   data arrival time

                      0.150000   20.000000   20.000000   clock aclk (rise edge)
                                  0.000000   20.000000   clock network delay (ideal)
                                 -0.250000   19.750002   clock uncertainty
                                  0.000000   19.750002   clock reconvergence pessimism
                                             19.750002 ^ _2082_/CLK (sky130_fd_sc_hd__dfxtp_2)
                                 -0.058496   19.691505   library setup time
                                             19.691505   data required time
---------------------------------------------------------------------------------------------
                                             19.691505   data required time
                                             -4.395621   data arrival time
---------------------------------------------------------------------------------------------
                                             15.295886   slack (MET)


Startpoint: m_axis_tready (input port clocked by aclk)
Endpoint: _2083_ (rising edge-triggered flip-flop clocked by aclk)
Path Group: aclk
Path Type: max

Fanout         Cap        Slew       Delay        Time   Description
---------------------------------------------------------------------------------------------
                      0.150000    0.000000    0.000000   clock aclk (rise edge)
                                  0.000000    0.000000   clock network delay (ideal)
                                  4.000000    4.000000 v input external delay
     7    0.016436    0.026724    0.017038    4.017038 v m_axis_tready (in)
                                                         m_axis_tready (net)
                      0.026724    0.000000    4.017038 v _1037_/A (sky130_fd_sc_hd__and2_2)
    16    0.023154    0.058453    0.137498    4.154536 v _1037_/X (sky130_fd_sc_hd__and2_2)
                                                         _0200_ (net)
                      0.058453    0.000000    4.154536 v _1061_/B (sky130_fd_sc_hd__or2_2)
     1    0.002282    0.035310    0.161604    4.316140 v _1061_/X (sky130_fd_sc_hd__or2_2)
                                                         _0213_ (net)
                      0.035310    0.000000    4.316140 v _1062_/B1 (sky130_fd_sc_hd__o211a_2)
     1    0.001783    0.028138    0.079481    4.395620 v _1062_/X (sky130_fd_sc_hd__o211a_2)
                                                         _0011_ (net)
                      0.028138    0.000000    4.395620 v _2083_/D (sky130_fd_sc_hd__dfxtp_2)
                                              4.395620   data arrival time

                      0.150000   20.000000   20.000000   clock aclk (rise edge)
                                  0.000000   20.000000   clock network delay (ideal)
                                 -0.250000   19.750002   clock uncertainty
                                  0.000000   19.750002   clock reconvergence pessimism
                                             19.750002 ^ _2083_/CLK (sky130_fd_sc_hd__dfxtp_2)
                                 -0.058496   19.691505   library setup time
                                             19.691505   data required time
---------------------------------------------------------------------------------------------
                                             19.691505   data required time
                                             -4.395620   data arrival time
---------------------------------------------------------------------------------------------
                                             15.295886   slack (MET)


Startpoint: m_axis_tready (input port clocked by aclk)
Endpoint: _2084_ (rising edge-triggered flip-flop clocked by aclk)
Path Group: aclk
Path Type: max

Fanout         Cap        Slew       Delay        Time   Description
---------------------------------------------------------------------------------------------
                      0.150000    0.000000    0.000000   clock aclk (rise edge)
                                  0.000000    0.000000   clock network delay (ideal)
                                  4.000000    4.000000 v input external delay
     7    0.016436    0.026724    0.017038    4.017038 v m_axis_tready (in)
                                                         m_axis_tready (net)
                      0.026724    0.000000    4.017038 v _1037_/A (sky130_fd_sc_hd__and2_2)
    16    0.023154    0.058453    0.137498    4.154536 v _1037_/X (sky130_fd_sc_hd__and2_2)
                                                         _0200_ (net)
                      0.058453    0.000000    4.154536 v _1063_/B (sky130_fd_sc_hd__or2_2)
     1    0.002282    0.035307    0.161604    4.316140 v _1063_/X (sky130_fd_sc_hd__or2_2)
                                                         _0214_ (net)
                      0.035307    0.000000    4.316140 v _1064_/B1 (sky130_fd_sc_hd__o211a_2)
     1    0.001783    0.028138    0.079480    4.395619 v _1064_/X (sky130_fd_sc_hd__o211a_2)
                                                         _0012_ (net)
                      0.028138    0.000000    4.395619 v _2084_/D (sky130_fd_sc_hd__dfxtp_2)
                                              4.395619   data arrival time

                      0.150000   20.000000   20.000000   clock aclk (rise edge)
                                  0.000000   20.000000   clock network delay (ideal)
                                 -0.250000   19.750002   clock uncertainty
                                  0.000000   19.750002   clock reconvergence pessimism
                                             19.750002 ^ _2084_/CLK (sky130_fd_sc_hd__dfxtp_2)
                                 -0.058496   19.691505   library setup time
                                             19.691505   data required time
---------------------------------------------------------------------------------------------
                                             19.691505   data required time
                                             -4.395619   data arrival time
---------------------------------------------------------------------------------------------
                                             15.295886   slack (MET)


Startpoint: m_axis_tready (input port clocked by aclk)
Endpoint: _2085_ (rising edge-triggered flip-flop clocked by aclk)
Path Group: aclk
Path Type: max

Fanout         Cap        Slew       Delay        Time   Description
---------------------------------------------------------------------------------------------
                      0.150000    0.000000    0.000000   clock aclk (rise edge)
                                  0.000000    0.000000   clock network delay (ideal)
                                  4.000000    4.000000 v input external delay
     7    0.016436    0.026724    0.017038    4.017038 v m_axis_tready (in)
                                                         m_axis_tready (net)
                      0.026724    0.000000    4.017038 v _1037_/A (sky130_fd_sc_hd__and2_2)
    16    0.023154    0.058453    0.137498    4.154536 v _1037_/X (sky130_fd_sc_hd__and2_2)
                                                         _0200_ (net)
                      0.058453    0.000000    4.154536 v _1065_/B (sky130_fd_sc_hd__or2_2)
     1    0.002282    0.035302    0.161604    4.316140 v _1065_/X (sky130_fd_sc_hd__or2_2)
                                                         _0215_ (net)
                      0.035302    0.000000    4.316140 v _1066_/B1 (sky130_fd_sc_hd__o211a_2)
     1    0.001783    0.028138    0.079478    4.395617 v _1066_/X (sky130_fd_sc_hd__o211a_2)
                                                         _0013_ (net)
                      0.028138    0.000000    4.395617 v _2085_/D (sky130_fd_sc_hd__dfxtp_2)
                                              4.395617   data arrival time

                      0.150000   20.000000   20.000000   clock aclk (rise edge)
                                  0.000000   20.000000   clock network delay (ideal)
                                 -0.250000   19.750002   clock uncertainty
                                  0.000000   19.750002   clock reconvergence pessimism
                                             19.750002 ^ _2085_/CLK (sky130_fd_sc_hd__dfxtp_2)
                                 -0.058496   19.691505   library setup time
                                             19.691505   data required time
---------------------------------------------------------------------------------------------
                                             19.691505   data required time
                                             -4.395617   data arrival time
---------------------------------------------------------------------------------------------
                                             15.295890   slack (MET)


Startpoint: m_axis_tready (input port clocked by aclk)
Endpoint: _2086_ (rising edge-triggered flip-flop clocked by aclk)
Path Group: aclk
Path Type: max

Fanout         Cap        Slew       Delay        Time   Description
---------------------------------------------------------------------------------------------
                      0.150000    0.000000    0.000000   clock aclk (rise edge)
                                  0.000000    0.000000   clock network delay (ideal)
                                  4.000000    4.000000 v input external delay
     7    0.016436    0.026724    0.017038    4.017038 v m_axis_tready (in)
                                                         m_axis_tready (net)
                      0.026724    0.000000    4.017038 v _1037_/A (sky130_fd_sc_hd__and2_2)
    16    0.023154    0.058453    0.137498    4.154536 v _1037_/X (sky130_fd_sc_hd__and2_2)
                                                         _0200_ (net)
                      0.058453    0.000000    4.154536 v _1067_/B (sky130_fd_sc_hd__or2_2)
     1    0.002282    0.035310    0.161604    4.316140 v _1067_/X (sky130_fd_sc_hd__or2_2)
                                                         _0216_ (net)
                      0.035310    0.000000    4.316140 v _1068_/B1 (sky130_fd_sc_hd__o211a_2)
     1    0.001783    0.028138    0.079481    4.395620 v _1068_/X (sky130_fd_sc_hd__o211a_2)
                                                         _0014_ (net)
                      0.028138    0.000000    4.395620 v _2086_/D (sky130_fd_sc_hd__dfxtp_2)
                                              4.395620   data arrival time

                      0.150000   20.000000   20.000000   clock aclk (rise edge)
                                  0.000000   20.000000   clock network delay (ideal)
                                 -0.250000   19.750002   clock uncertainty
                                  0.000000   19.750002   clock reconvergence pessimism
                                             19.750002 ^ _2086_/CLK (sky130_fd_sc_hd__dfxtp_2)
                                 -0.058496   19.691505   library setup time
                                             19.691505   data required time
---------------------------------------------------------------------------------------------
                                             19.691505   data required time
                                             -4.395620   data arrival time
---------------------------------------------------------------------------------------------
                                             15.295886   slack (MET)


Startpoint: m_axis_tready (input port clocked by aclk)
Endpoint: _2087_ (rising edge-triggered flip-flop clocked by aclk)
Path Group: aclk
Path Type: max

Fanout         Cap        Slew       Delay        Time   Description
---------------------------------------------------------------------------------------------
                      0.150000    0.000000    0.000000   clock aclk (rise edge)
                                  0.000000    0.000000   clock network delay (ideal)
                                  4.000000    4.000000 v input external delay
     7    0.016436    0.026724    0.017038    4.017038 v m_axis_tready (in)
                                                         m_axis_tready (net)
                      0.026724    0.000000    4.017038 v _1037_/A (sky130_fd_sc_hd__and2_2)
    16    0.023154    0.058453    0.137498    4.154536 v _1037_/X (sky130_fd_sc_hd__and2_2)
                                                         _0200_ (net)
                      0.058453    0.000000    4.154536 v _1069_/B (sky130_fd_sc_hd__or2_2)
     1    0.002282    0.035309    0.161604    4.316140 v _1069_/X (sky130_fd_sc_hd__or2_2)
                                                         _0217_ (net)
                      0.035309    0.000000    4.316140 v _1070_/B1 (sky130_fd_sc_hd__o211a_2)
     1    0.001783    0.028138    0.079481    4.395620 v _1070_/X (sky130_fd_sc_hd__o211a_2)
                                                         _0015_ (net)
                      0.028138    0.000000    4.395620 v _2087_/D (sky130_fd_sc_hd__dfxtp_2)
                                              4.395620   data arrival time

                      0.150000   20.000000   20.000000   clock aclk (rise edge)
                                  0.000000   20.000000   clock network delay (ideal)
                                 -0.250000   19.750002   clock uncertainty
                                  0.000000   19.750002   clock reconvergence pessimism
                                             19.750002 ^ _2087_/CLK (sky130_fd_sc_hd__dfxtp_2)
                                 -0.058496   19.691505   library setup time
                                             19.691505   data required time
---------------------------------------------------------------------------------------------
                                             19.691505   data required time
                                             -4.395620   data arrival time
---------------------------------------------------------------------------------------------
                                             15.295886   slack (MET)


Startpoint: aresetn (input port clocked by aclk)
Endpoint: _2080_ (rising edge-triggered flip-flop clocked by aclk)
Path Group: aclk
Path Type: max

Fanout         Cap        Slew       Delay        Time   Description
---------------------------------------------------------------------------------------------
                      0.150000    0.000000    0.000000   clock aclk (rise edge)
                                  0.000000    0.000000   clock network delay (ideal)
                                  4.000000    4.000000 ^ input external delay
    50    0.123807    0.419859    0.288258    4.288259 ^ aresetn (in)
                                                         aresetn (net)
                      0.419859    0.000000    4.288259 ^ _1056_/C1 (sky130_fd_sc_hd__o211a_2)
     1    0.001748    0.030446    0.105541    4.393799 ^ _1056_/X (sky130_fd_sc_hd__o211a_2)
                                                         _0008_ (net)
                      0.030446    0.000000    4.393799 ^ _2080_/D (sky130_fd_sc_hd__dfxtp_2)
                                              4.393799   data arrival time

                      0.150000   20.000000   20.000000   clock aclk (rise edge)
                                  0.000000   20.000000   clock network delay (ideal)
                                 -0.250000   19.750002   clock uncertainty
                                  0.000000   19.750002   clock reconvergence pessimism
                                             19.750002 ^ _2080_/CLK (sky130_fd_sc_hd__dfxtp_2)
                                 -0.027585   19.722416   library setup time
                                             19.722416   data required time
---------------------------------------------------------------------------------------------
                                             19.722416   data required time
                                             -4.393799   data arrival time
---------------------------------------------------------------------------------------------
                                             15.328617   slack (MET)


Startpoint: aresetn (input port clocked by aclk)
Endpoint: _2072_ (rising edge-triggered flip-flop clocked by aclk)
Path Group: aclk
Path Type: max

Fanout         Cap        Slew       Delay        Time   Description
---------------------------------------------------------------------------------------------
                      0.150000    0.000000    0.000000   clock aclk (rise edge)
                                  0.000000    0.000000   clock network delay (ideal)
                                  4.000000    4.000000 ^ input external delay
    50    0.123807    0.419859    0.288258    4.288259 ^ aresetn (in)
                                                         aresetn (net)
                      0.419859    0.000000    4.288259 ^ _1040_/B1 (sky130_fd_sc_hd__o21a_2)
     1    0.001748    0.026133    0.065984    4.354242 ^ _1040_/X (sky130_fd_sc_hd__o21a_2)
                                                         _0000_ (net)
                      0.026133    0.000000    4.354242 ^ _2072_/D (sky130_fd_sc_hd__dfxtp_2)
                                              4.354242   data arrival time

                      0.150000   20.000000   20.000000   clock aclk (rise edge)
                                  0.000000   20.000000   clock network delay (ideal)
                                 -0.250000   19.750002   clock uncertainty
                                  0.000000   19.750002   clock reconvergence pessimism
                                             19.750002 ^ _2072_/CLK (sky130_fd_sc_hd__dfxtp_2)
                                 -0.027191   19.722811   library setup time
                                             19.722811   data required time
---------------------------------------------------------------------------------------------
                                             19.722811   data required time
                                             -4.354242   data arrival time
---------------------------------------------------------------------------------------------
                                             15.368569   slack (MET)


Startpoint: _2119_ (rising edge-triggered flip-flop clocked by aclk)
Endpoint: m_axis_tdata[30] (output port clocked by aclk)
Path Group: aclk
Path Type: max

Fanout         Cap        Slew       Delay        Time   Description
---------------------------------------------------------------------------------------------
                      0.150000    0.000000    0.000000   clock aclk (rise edge)
                                  0.000000    0.000000   clock network delay (ideal)
                      0.150000    0.000000    0.000000 ^ _2119_/CLK (sky130_fd_sc_hd__dfxtp_2)
     5    0.052896    0.204125    0.345946    0.345946 ^ _2119_/Q (sky130_fd_sc_hd__dfxtp_2)
                                                         m_axis_tdata[30] (net)
                      0.204125    0.000000    0.345946 ^ m_axis_tdata[30] (out)
                                              0.345946   data arrival time

                      0.150000   20.000000   20.000000   clock aclk (rise edge)
                                  0.000000   20.000000   clock network delay (ideal)
                                 -0.250000   19.750002   clock uncertainty
                                  0.000000   19.750002   clock reconvergence pessimism
                                 -4.000000   15.750001   output external delay
                                             15.750001   data required time
---------------------------------------------------------------------------------------------
                                             15.750001   data required time
                                             -0.345946   data arrival time
---------------------------------------------------------------------------------------------
                                             15.404056   slack (MET)


Startpoint: _2096_ (rising edge-triggered flip-flop clocked by aclk)
Endpoint: m_axis_tdata[7] (output port clocked by aclk)
Path Group: aclk
Path Type: max

Fanout         Cap        Slew       Delay        Time   Description
---------------------------------------------------------------------------------------------
                      0.150000    0.000000    0.000000   clock aclk (rise edge)
                                  0.000000    0.000000   clock network delay (ideal)
                      0.150000    0.000000    0.000000 ^ _2096_/CLK (sky130_fd_sc_hd__dfxtp_2)
     4    0.048669    0.188412    0.335147    0.335147 ^ _2096_/Q (sky130_fd_sc_hd__dfxtp_2)
                                                         m_axis_tdata[7] (net)
                      0.188412    0.000000    0.335147 ^ m_axis_tdata[7] (out)
                                              0.335147   data arrival time

                      0.150000   20.000000   20.000000   clock aclk (rise edge)
                                  0.000000   20.000000   clock network delay (ideal)
                                 -0.250000   19.750002   clock uncertainty
                                  0.000000   19.750002   clock reconvergence pessimism
                                 -4.000000   15.750001   output external delay
                                             15.750001   data required time
---------------------------------------------------------------------------------------------
                                             15.750001   data required time
                                             -0.335147   data arrival time
---------------------------------------------------------------------------------------------
                                             15.414854   slack (MET)


Startpoint: _2094_ (rising edge-triggered flip-flop clocked by aclk)
Endpoint: m_axis_tdata[5] (output port clocked by aclk)
Path Group: aclk
Path Type: max

Fanout         Cap        Slew       Delay        Time   Description
---------------------------------------------------------------------------------------------
                      0.150000    0.000000    0.000000   clock aclk (rise edge)
                                  0.000000    0.000000   clock network delay (ideal)
                      0.150000    0.000000    0.000000 ^ _2094_/CLK (sky130_fd_sc_hd__dfxtp_2)
     5    0.046731    0.181207    0.330196    0.330196 ^ _2094_/Q (sky130_fd_sc_hd__dfxtp_2)
                                                         m_axis_tdata[5] (net)
                      0.181207    0.000000    0.330196 ^ m_axis_tdata[5] (out)
                                              0.330196   data arrival time

                      0.150000   20.000000   20.000000   clock aclk (rise edge)
                                  0.000000   20.000000   clock network delay (ideal)
                                 -0.250000   19.750002   clock uncertainty
                                  0.000000   19.750002   clock reconvergence pessimism
                                 -4.000000   15.750001   output external delay
                                             15.750001   data required time
---------------------------------------------------------------------------------------------
                                             15.750001   data required time
                                             -0.330196   data arrival time
---------------------------------------------------------------------------------------------
                                             15.419805   slack (MET)


Startpoint: _2120_ (rising edge-triggered flip-flop clocked by aclk)
Endpoint: m_axis_tdata[31] (output port clocked by aclk)
Path Group: aclk
Path Type: max

Fanout         Cap        Slew       Delay        Time   Description
---------------------------------------------------------------------------------------------
                      0.150000    0.000000    0.000000   clock aclk (rise edge)
                                  0.000000    0.000000   clock network delay (ideal)
                      0.150000    0.000000    0.000000 ^ _2120_/CLK (sky130_fd_sc_hd__dfxtp_2)
     3    0.044940    0.174549    0.325621    0.325621 ^ _2120_/Q (sky130_fd_sc_hd__dfxtp_2)
                                                         m_axis_tdata[31] (net)
                      0.174549    0.000000    0.325621 ^ m_axis_tdata[31] (out)
                                              0.325621   data arrival time

                      0.150000   20.000000   20.000000   clock aclk (rise edge)
                                  0.000000   20.000000   clock network delay (ideal)
                                 -0.250000   19.750002   clock uncertainty
                                  0.000000   19.750002   clock reconvergence pessimism
                                 -4.000000   15.750001   output external delay
                                             15.750001   data required time
---------------------------------------------------------------------------------------------
                                             15.750001   data required time
                                             -0.325621   data arrival time
---------------------------------------------------------------------------------------------
                                             15.424380   slack (MET)


Startpoint: _2101_ (rising edge-triggered flip-flop clocked by aclk)
Endpoint: m_axis_tdata[12] (output port clocked by aclk)
Path Group: aclk
Path Type: max

Fanout         Cap        Slew       Delay        Time   Description
---------------------------------------------------------------------------------------------
                      0.150000    0.000000    0.000000   clock aclk (rise edge)
                                  0.000000    0.000000   clock network delay (ideal)
                      0.150000    0.000000    0.000000 ^ _2101_/CLK (sky130_fd_sc_hd__dfxtp_2)
     4    0.042320    0.164837    0.318915    0.318915 ^ _2101_/Q (sky130_fd_sc_hd__dfxtp_2)
                                                         m_axis_tdata[12] (net)
                      0.164837    0.000000    0.318915 ^ m_axis_tdata[12] (out)
                                              0.318915   data arrival time

                      0.150000   20.000000   20.000000   clock aclk (rise edge)
                                  0.000000   20.000000   clock network delay (ideal)
                                 -0.250000   19.750002   clock uncertainty
                                  0.000000   19.750002   clock reconvergence pessimism
                                 -4.000000   15.750001   output external delay
                                             15.750001   data required time
---------------------------------------------------------------------------------------------
                                             15.750001   data required time
                                             -0.318915   data arrival time
---------------------------------------------------------------------------------------------
                                             15.431087   slack (MET)


Startpoint: _2103_ (rising edge-triggered flip-flop clocked by aclk)
Endpoint: m_axis_tdata[14] (output port clocked by aclk)
Path Group: aclk
Path Type: max

Fanout         Cap        Slew       Delay        Time   Description
---------------------------------------------------------------------------------------------
                      0.150000    0.000000    0.000000   clock aclk (rise edge)
                                  0.000000    0.000000   clock network delay (ideal)
                      0.150000    0.000000    0.000000 ^ _2103_/CLK (sky130_fd_sc_hd__dfxtp_2)
     4    0.042320    0.164837    0.318915    0.318915 ^ _2103_/Q (sky130_fd_sc_hd__dfxtp_2)
                                                         m_axis_tdata[14] (net)
                      0.164837    0.000000    0.318915 ^ m_axis_tdata[14] (out)
                                              0.318915   data arrival time

                      0.150000   20.000000   20.000000   clock aclk (rise edge)
                                  0.000000   20.000000   clock network delay (ideal)
                                 -0.250000   19.750002   clock uncertainty
                                  0.000000   19.750002   clock reconvergence pessimism
                                 -4.000000   15.750001   output external delay
                                             15.750001   data required time
---------------------------------------------------------------------------------------------
                                             15.750001   data required time
                                             -0.318915   data arrival time
---------------------------------------------------------------------------------------------
                                             15.431087   slack (MET)


Startpoint: _2106_ (rising edge-triggered flip-flop clocked by aclk)
Endpoint: m_axis_tdata[17] (output port clocked by aclk)
Path Group: aclk
Path Type: max

Fanout         Cap        Slew       Delay        Time   Description
---------------------------------------------------------------------------------------------
                      0.150000    0.000000    0.000000   clock aclk (rise edge)
                                  0.000000    0.000000   clock network delay (ideal)
                      0.150000    0.000000    0.000000 ^ _2106_/CLK (sky130_fd_sc_hd__dfxtp_2)
     4    0.042320    0.164837    0.318915    0.318915 ^ _2106_/Q (sky130_fd_sc_hd__dfxtp_2)
                                                         m_axis_tdata[17] (net)
                      0.164837    0.000000    0.318915 ^ m_axis_tdata[17] (out)
                                              0.318915   data arrival time

                      0.150000   20.000000   20.000000   clock aclk (rise edge)
                                  0.000000   20.000000   clock network delay (ideal)
                                 -0.250000   19.750002   clock uncertainty
                                  0.000000   19.750002   clock reconvergence pessimism
                                 -4.000000   15.750001   output external delay
                                             15.750001   data required time
---------------------------------------------------------------------------------------------
                                             15.750001   data required time
                                             -0.318915   data arrival time
---------------------------------------------------------------------------------------------
                                             15.431087   slack (MET)


Startpoint: _2090_ (rising edge-triggered flip-flop clocked by aclk)
Endpoint: m_axis_tdata[1] (output port clocked by aclk)
Path Group: aclk
Path Type: max

Fanout         Cap        Slew       Delay        Time   Description
---------------------------------------------------------------------------------------------
                      0.150000    0.000000    0.000000   clock aclk (rise edge)
                                  0.000000    0.000000   clock network delay (ideal)
                      0.150000    0.000000    0.000000 ^ _2090_/CLK (sky130_fd_sc_hd__dfxtp_2)
     4    0.042320    0.164837    0.318915    0.318915 ^ _2090_/Q (sky130_fd_sc_hd__dfxtp_2)
                                                         m_axis_tdata[1] (net)
                      0.164837    0.000000    0.318915 ^ m_axis_tdata[1] (out)
                                              0.318915   data arrival time

                      0.150000   20.000000   20.000000   clock aclk (rise edge)
                                  0.000000   20.000000   clock network delay (ideal)
                                 -0.250000   19.750002   clock uncertainty
                                  0.000000   19.750002   clock reconvergence pessimism
                                 -4.000000   15.750001   output external delay
                                             15.750001   data required time
---------------------------------------------------------------------------------------------
                                             15.750001   data required time
                                             -0.318915   data arrival time
---------------------------------------------------------------------------------------------
                                             15.431087   slack (MET)


Startpoint: _2110_ (rising edge-triggered flip-flop clocked by aclk)
Endpoint: m_axis_tdata[21] (output port clocked by aclk)
Path Group: aclk
Path Type: max

Fanout         Cap        Slew       Delay        Time   Description
---------------------------------------------------------------------------------------------
                      0.150000    0.000000    0.000000   clock aclk (rise edge)
                                  0.000000    0.000000   clock network delay (ideal)
                      0.150000    0.000000    0.000000 ^ _2110_/CLK (sky130_fd_sc_hd__dfxtp_2)
     4    0.042320    0.164837    0.318915    0.318915 ^ _2110_/Q (sky130_fd_sc_hd__dfxtp_2)
                                                         m_axis_tdata[21] (net)
                      0.164837    0.000000    0.318915 ^ m_axis_tdata[21] (out)
                                              0.318915   data arrival time

                      0.150000   20.000000   20.000000   clock aclk (rise edge)
                                  0.000000   20.000000   clock network delay (ideal)
                                 -0.250000   19.750002   clock uncertainty
                                  0.000000   19.750002   clock reconvergence pessimism
                                 -4.000000   15.750001   output external delay
                                             15.750001   data required time
---------------------------------------------------------------------------------------------
                                             15.750001   data required time
                                             -0.318915   data arrival time
---------------------------------------------------------------------------------------------
                                             15.431087   slack (MET)


Startpoint: _2091_ (rising edge-triggered flip-flop clocked by aclk)
Endpoint: m_axis_tdata[2] (output port clocked by aclk)
Path Group: aclk
Path Type: max

Fanout         Cap        Slew       Delay        Time   Description
---------------------------------------------------------------------------------------------
                      0.150000    0.000000    0.000000   clock aclk (rise edge)
                                  0.000000    0.000000   clock network delay (ideal)
                      0.150000    0.000000    0.000000 ^ _2091_/CLK (sky130_fd_sc_hd__dfxtp_2)
     4    0.042320    0.164837    0.318915    0.318915 ^ _2091_/Q (sky130_fd_sc_hd__dfxtp_2)
                                                         m_axis_tdata[2] (net)
                      0.164837    0.000000    0.318915 ^ m_axis_tdata[2] (out)
                                              0.318915   data arrival time

                      0.150000   20.000000   20.000000   clock aclk (rise edge)
                                  0.000000   20.000000   clock network delay (ideal)
                                 -0.250000   19.750002   clock uncertainty
                                  0.000000   19.750002   clock reconvergence pessimism
                                 -4.000000   15.750001   output external delay
                                             15.750001   data required time
---------------------------------------------------------------------------------------------
                                             15.750001   data required time
                                             -0.318915   data arrival time
---------------------------------------------------------------------------------------------
                                             15.431087   slack (MET)


Startpoint: _2092_ (rising edge-triggered flip-flop clocked by aclk)
Endpoint: m_axis_tdata[3] (output port clocked by aclk)
Path Group: aclk
Path Type: max

Fanout         Cap        Slew       Delay        Time   Description
---------------------------------------------------------------------------------------------
                      0.150000    0.000000    0.000000   clock aclk (rise edge)
                                  0.000000    0.000000   clock network delay (ideal)
                      0.150000    0.000000    0.000000 ^ _2092_/CLK (sky130_fd_sc_hd__dfxtp_2)
     4    0.042320    0.164837    0.318915    0.318915 ^ _2092_/Q (sky130_fd_sc_hd__dfxtp_2)
                                                         m_axis_tdata[3] (net)
                      0.164837    0.000000    0.318915 ^ m_axis_tdata[3] (out)
                                              0.318915   data arrival time

                      0.150000   20.000000   20.000000   clock aclk (rise edge)
                                  0.000000   20.000000   clock network delay (ideal)
                                 -0.250000   19.750002   clock uncertainty
                                  0.000000   19.750002   clock reconvergence pessimism
                                 -4.000000   15.750001   output external delay
                                             15.750001   data required time
---------------------------------------------------------------------------------------------
                                             15.750001   data required time
                                             -0.318915   data arrival time
---------------------------------------------------------------------------------------------
                                             15.431087   slack (MET)


Startpoint: _2097_ (rising edge-triggered flip-flop clocked by aclk)
Endpoint: m_axis_tdata[8] (output port clocked by aclk)
Path Group: aclk
Path Type: max

Fanout         Cap        Slew       Delay        Time   Description
---------------------------------------------------------------------------------------------
                      0.150000    0.000000    0.000000   clock aclk (rise edge)
                                  0.000000    0.000000   clock network delay (ideal)
                      0.150000    0.000000    0.000000 ^ _2097_/CLK (sky130_fd_sc_hd__dfxtp_2)
     4    0.042320    0.164837    0.318915    0.318915 ^ _2097_/Q (sky130_fd_sc_hd__dfxtp_2)
                                                         m_axis_tdata[8] (net)
                      0.164837    0.000000    0.318915 ^ m_axis_tdata[8] (out)
                                              0.318915   data arrival time

                      0.150000   20.000000   20.000000   clock aclk (rise edge)
                                  0.000000   20.000000   clock network delay (ideal)
                                 -0.250000   19.750002   clock uncertainty
                                  0.000000   19.750002   clock reconvergence pessimism
                                 -4.000000   15.750001   output external delay
                                             15.750001   data required time
---------------------------------------------------------------------------------------------
                                             15.750001   data required time
                                             -0.318915   data arrival time
---------------------------------------------------------------------------------------------
                                             15.431087   slack (MET)


Startpoint: _2100_ (rising edge-triggered flip-flop clocked by aclk)
Endpoint: m_axis_tdata[11] (output port clocked by aclk)
Path Group: aclk
Path Type: max

Fanout         Cap        Slew       Delay        Time   Description
---------------------------------------------------------------------------------------------
                      0.150000    0.000000    0.000000   clock aclk (rise edge)
                                  0.000000    0.000000   clock network delay (ideal)
                      0.150000    0.000000    0.000000 ^ _2100_/CLK (sky130_fd_sc_hd__dfxtp_2)
     4    0.042278    0.164683    0.318807    0.318807 ^ _2100_/Q (sky130_fd_sc_hd__dfxtp_2)
                                                         m_axis_tdata[11] (net)
                      0.164683    0.000000    0.318807 ^ m_axis_tdata[11] (out)
                                              0.318807   data arrival time

                      0.150000   20.000000   20.000000   clock aclk (rise edge)
                                  0.000000   20.000000   clock network delay (ideal)
                                 -0.250000   19.750002   clock uncertainty
                                  0.000000   19.750002   clock reconvergence pessimism
                                 -4.000000   15.750001   output external delay
                                             15.750001   data required time
---------------------------------------------------------------------------------------------
                                             15.750001   data required time
                                             -0.318807   data arrival time
---------------------------------------------------------------------------------------------
                                             15.431192   slack (MET)


Startpoint: _2102_ (rising edge-triggered flip-flop clocked by aclk)
Endpoint: m_axis_tdata[13] (output port clocked by aclk)
Path Group: aclk
Path Type: max

Fanout         Cap        Slew       Delay        Time   Description
---------------------------------------------------------------------------------------------
                      0.150000    0.000000    0.000000   clock aclk (rise edge)
                                  0.000000    0.000000   clock network delay (ideal)
                      0.150000    0.000000    0.000000 ^ _2102_/CLK (sky130_fd_sc_hd__dfxtp_2)
     4    0.042278    0.164683    0.318807    0.318807 ^ _2102_/Q (sky130_fd_sc_hd__dfxtp_2)
                                                         m_axis_tdata[13] (net)
                      0.164683    0.000000    0.318807 ^ m_axis_tdata[13] (out)
                                              0.318807   data arrival time

                      0.150000   20.000000   20.000000   clock aclk (rise edge)
                                  0.000000   20.000000   clock network delay (ideal)
                                 -0.250000   19.750002   clock uncertainty
                                  0.000000   19.750002   clock reconvergence pessimism
                                 -4.000000   15.750001   output external delay
                                             15.750001   data required time
---------------------------------------------------------------------------------------------
                                             15.750001   data required time
                                             -0.318807   data arrival time
---------------------------------------------------------------------------------------------
                                             15.431192   slack (MET)


Startpoint: _2104_ (rising edge-triggered flip-flop clocked by aclk)
Endpoint: m_axis_tdata[15] (output port clocked by aclk)
Path Group: aclk
Path Type: max

Fanout         Cap        Slew       Delay        Time   Description
---------------------------------------------------------------------------------------------
                      0.150000    0.000000    0.000000   clock aclk (rise edge)
                                  0.000000    0.000000   clock network delay (ideal)
                      0.150000    0.000000    0.000000 ^ _2104_/CLK (sky130_fd_sc_hd__dfxtp_2)
     4    0.042278    0.164683    0.318807    0.318807 ^ _2104_/Q (sky130_fd_sc_hd__dfxtp_2)
                                                         m_axis_tdata[15] (net)
                      0.164683    0.000000    0.318807 ^ m_axis_tdata[15] (out)
                                              0.318807   data arrival time

                      0.150000   20.000000   20.000000   clock aclk (rise edge)
                                  0.000000   20.000000   clock network delay (ideal)
                                 -0.250000   19.750002   clock uncertainty
                                  0.000000   19.750002   clock reconvergence pessimism
                                 -4.000000   15.750001   output external delay
                                             15.750001   data required time
---------------------------------------------------------------------------------------------
                                             15.750001   data required time
                                             -0.318807   data arrival time
---------------------------------------------------------------------------------------------
                                             15.431192   slack (MET)


Startpoint: _2112_ (rising edge-triggered flip-flop clocked by aclk)
Endpoint: m_axis_tdata[23] (output port clocked by aclk)
Path Group: aclk
Path Type: max

Fanout         Cap        Slew       Delay        Time   Description
---------------------------------------------------------------------------------------------
                      0.150000    0.000000    0.000000   clock aclk (rise edge)
                                  0.000000    0.000000   clock network delay (ideal)
                      0.150000    0.000000    0.000000 ^ _2112_/CLK (sky130_fd_sc_hd__dfxtp_2)
     4    0.042278    0.164683    0.318807    0.318807 ^ _2112_/Q (sky130_fd_sc_hd__dfxtp_2)
                                                         m_axis_tdata[23] (net)
                      0.164683    0.000000    0.318807 ^ m_axis_tdata[23] (out)
                                              0.318807   data arrival time

                      0.150000   20.000000   20.000000   clock aclk (rise edge)
                                  0.000000   20.000000   clock network delay (ideal)
                                 -0.250000   19.750002   clock uncertainty
                                  0.000000   19.750002   clock reconvergence pessimism
                                 -4.000000   15.750001   output external delay
                                             15.750001   data required time
---------------------------------------------------------------------------------------------
                                             15.750001   data required time
                                             -0.318807   data arrival time
---------------------------------------------------------------------------------------------
                                             15.431192   slack (MET)


Startpoint: _2098_ (rising edge-triggered flip-flop clocked by aclk)
Endpoint: m_axis_tdata[9] (output port clocked by aclk)
Path Group: aclk
Path Type: max

Fanout         Cap        Slew       Delay        Time   Description
---------------------------------------------------------------------------------------------
                      0.150000    0.000000    0.000000   clock aclk (rise edge)
                                  0.000000    0.000000   clock network delay (ideal)
                      0.150000    0.000000    0.000000 ^ _2098_/CLK (sky130_fd_sc_hd__dfxtp_2)
     4    0.042278    0.164683    0.318807    0.318807 ^ _2098_/Q (sky130_fd_sc_hd__dfxtp_2)
                                                         m_axis_tdata[9] (net)
                      0.164683    0.000000    0.318807 ^ m_axis_tdata[9] (out)
                                              0.318807   data arrival time

                      0.150000   20.000000   20.000000   clock aclk (rise edge)
                                  0.000000   20.000000   clock network delay (ideal)
                                 -0.250000   19.750002   clock uncertainty
                                  0.000000   19.750002   clock reconvergence pessimism
                                 -4.000000   15.750001   output external delay
                                             15.750001   data required time
---------------------------------------------------------------------------------------------
                                             15.750001   data required time
                                             -0.318807   data arrival time
---------------------------------------------------------------------------------------------
                                             15.431192   slack (MET)


Startpoint: _2114_ (rising edge-triggered flip-flop clocked by aclk)
Endpoint: m_axis_tdata[25] (output port clocked by aclk)
Path Group: aclk
Path Type: max

Fanout         Cap        Slew       Delay        Time   Description
---------------------------------------------------------------------------------------------
                      0.150000    0.000000    0.000000   clock aclk (rise edge)
                                  0.000000    0.000000   clock network delay (ideal)
                      0.150000    0.000000    0.000000 ^ _2114_/CLK (sky130_fd_sc_hd__dfxtp_2)
     4    0.042178    0.164314    0.318550    0.318550 ^ _2114_/Q (sky130_fd_sc_hd__dfxtp_2)
                                                         m_axis_tdata[25] (net)
                      0.164314    0.000000    0.318550 ^ m_axis_tdata[25] (out)
                                              0.318550   data arrival time

                      0.150000   20.000000   20.000000   clock aclk (rise edge)
                                  0.000000   20.000000   clock network delay (ideal)
                                 -0.250000   19.750002   clock uncertainty
                                  0.000000   19.750002   clock reconvergence pessimism
                                 -4.000000   15.750001   output external delay
                                             15.750001   data required time
---------------------------------------------------------------------------------------------
                                             15.750001   data required time
                                             -0.318550   data arrival time
---------------------------------------------------------------------------------------------
                                             15.431450   slack (MET)


Startpoint: _2115_ (rising edge-triggered flip-flop clocked by aclk)
Endpoint: m_axis_tdata[26] (output port clocked by aclk)
Path Group: aclk
Path Type: max

Fanout         Cap        Slew       Delay        Time   Description
---------------------------------------------------------------------------------------------
                      0.150000    0.000000    0.000000   clock aclk (rise edge)
                                  0.000000    0.000000   clock network delay (ideal)
                      0.150000    0.000000    0.000000 ^ _2115_/CLK (sky130_fd_sc_hd__dfxtp_2)
     4    0.042178    0.164314    0.318550    0.318550 ^ _2115_/Q (sky130_fd_sc_hd__dfxtp_2)
                                                         m_axis_tdata[26] (net)
                      0.164314    0.000000    0.318550 ^ m_axis_tdata[26] (out)
                                              0.318550   data arrival time

                      0.150000   20.000000   20.000000   clock aclk (rise edge)
                                  0.000000   20.000000   clock network delay (ideal)
                                 -0.250000   19.750002   clock uncertainty
                                  0.000000   19.750002   clock reconvergence pessimism
                                 -4.000000   15.750001   output external delay
                                             15.750001   data required time
---------------------------------------------------------------------------------------------
                                             15.750001   data required time
                                             -0.318550   data arrival time
---------------------------------------------------------------------------------------------
                                             15.431450   slack (MET)


Startpoint: _2116_ (rising edge-triggered flip-flop clocked by aclk)
Endpoint: m_axis_tdata[27] (output port clocked by aclk)
Path Group: aclk
Path Type: max

Fanout         Cap        Slew       Delay        Time   Description
---------------------------------------------------------------------------------------------
                      0.150000    0.000000    0.000000   clock aclk (rise edge)
                                  0.000000    0.000000   clock network delay (ideal)
                      0.150000    0.000000    0.000000 ^ _2116_/CLK (sky130_fd_sc_hd__dfxtp_2)
     4    0.042136    0.164159    0.318443    0.318443 ^ _2116_/Q (sky130_fd_sc_hd__dfxtp_2)
                                                         m_axis_tdata[27] (net)
                      0.164159    0.000000    0.318443 ^ m_axis_tdata[27] (out)
                                              0.318443   data arrival time

                      0.150000   20.000000   20.000000   clock aclk (rise edge)
                                  0.000000   20.000000   clock network delay (ideal)
                                 -0.250000   19.750002   clock uncertainty
                                  0.000000   19.750002   clock reconvergence pessimism
                                 -4.000000   15.750001   output external delay
                                             15.750001   data required time
---------------------------------------------------------------------------------------------
                                             15.750001   data required time
                                             -0.318443   data arrival time
---------------------------------------------------------------------------------------------
                                             15.431559   slack (MET)


Startpoint: _2118_ (rising edge-triggered flip-flop clocked by aclk)
Endpoint: m_axis_tdata[29] (output port clocked by aclk)
Path Group: aclk
Path Type: max

Fanout         Cap        Slew       Delay        Time   Description
---------------------------------------------------------------------------------------------
                      0.150000    0.000000    0.000000   clock aclk (rise edge)
                                  0.000000    0.000000   clock network delay (ideal)
                      0.150000    0.000000    0.000000 ^ _2118_/CLK (sky130_fd_sc_hd__dfxtp_2)
     4    0.042136    0.164159    0.318443    0.318443 ^ _2118_/Q (sky130_fd_sc_hd__dfxtp_2)
                                                         m_axis_tdata[29] (net)
                      0.164159    0.000000    0.318443 ^ m_axis_tdata[29] (out)
                                              0.318443   data arrival time

                      0.150000   20.000000   20.000000   clock aclk (rise edge)
                                  0.000000   20.000000   clock network delay (ideal)
                                 -0.250000   19.750002   clock uncertainty
                                  0.000000   19.750002   clock reconvergence pessimism
                                 -4.000000   15.750001   output external delay
                                             15.750001   data required time
---------------------------------------------------------------------------------------------
                                             15.750001   data required time
                                             -0.318443   data arrival time
---------------------------------------------------------------------------------------------
                                             15.431559   slack (MET)


Startpoint: _2099_ (rising edge-triggered flip-flop clocked by aclk)
Endpoint: m_axis_tdata[10] (output port clocked by aclk)
Path Group: aclk
Path Type: max

Fanout         Cap        Slew       Delay        Time   Description
---------------------------------------------------------------------------------------------
                      0.150000    0.000000    0.000000   clock aclk (rise edge)
                                  0.000000    0.000000   clock network delay (ideal)
                      0.150000    0.000000    0.000000 ^ _2099_/CLK (sky130_fd_sc_hd__dfxtp_2)
     4    0.041426    0.161543    0.316619    0.316619 ^ _2099_/Q (sky130_fd_sc_hd__dfxtp_2)
                                                         m_axis_tdata[10] (net)
                      0.161543    0.000000    0.316619 ^ m_axis_tdata[10] (out)
                                              0.316619   data arrival time

                      0.150000   20.000000   20.000000   clock aclk (rise edge)
                                  0.000000   20.000000   clock network delay (ideal)
                                 -0.250000   19.750002   clock uncertainty
                                  0.000000   19.750002   clock reconvergence pessimism
                                 -4.000000   15.750001   output external delay
                                             15.750001   data required time
---------------------------------------------------------------------------------------------
                                             15.750001   data required time
                                             -0.316619   data arrival time
---------------------------------------------------------------------------------------------
                                             15.433383   slack (MET)


Startpoint: _2105_ (rising edge-triggered flip-flop clocked by aclk)
Endpoint: m_axis_tdata[16] (output port clocked by aclk)
Path Group: aclk
Path Type: max

Fanout         Cap        Slew       Delay        Time   Description
---------------------------------------------------------------------------------------------
                      0.150000    0.000000    0.000000   clock aclk (rise edge)
                                  0.000000    0.000000   clock network delay (ideal)
                      0.150000    0.000000    0.000000 ^ _2105_/CLK (sky130_fd_sc_hd__dfxtp_2)
     4    0.041426    0.161543    0.316619    0.316619 ^ _2105_/Q (sky130_fd_sc_hd__dfxtp_2)
                                                         m_axis_tdata[16] (net)
                      0.161543    0.000000    0.316619 ^ m_axis_tdata[16] (out)
                                              0.316619   data arrival time

                      0.150000   20.000000   20.000000   clock aclk (rise edge)
                                  0.000000   20.000000   clock network delay (ideal)
                                 -0.250000   19.750002   clock uncertainty
                                  0.000000   19.750002   clock reconvergence pessimism
                                 -4.000000   15.750001   output external delay
                                             15.750001   data required time
---------------------------------------------------------------------------------------------
                                             15.750001   data required time
                                             -0.316619   data arrival time
---------------------------------------------------------------------------------------------
                                             15.433383   slack (MET)


Startpoint: _2107_ (rising edge-triggered flip-flop clocked by aclk)
Endpoint: m_axis_tdata[18] (output port clocked by aclk)
Path Group: aclk
Path Type: max

Fanout         Cap        Slew       Delay        Time   Description
---------------------------------------------------------------------------------------------
                      0.150000    0.000000    0.000000   clock aclk (rise edge)
                                  0.000000    0.000000   clock network delay (ideal)
                      0.150000    0.000000    0.000000 ^ _2107_/CLK (sky130_fd_sc_hd__dfxtp_2)
     4    0.041426    0.161543    0.316619    0.316619 ^ _2107_/Q (sky130_fd_sc_hd__dfxtp_2)
                                                         m_axis_tdata[18] (net)
                      0.161543    0.000000    0.316619 ^ m_axis_tdata[18] (out)
                                              0.316619   data arrival time

                      0.150000   20.000000   20.000000   clock aclk (rise edge)
                                  0.000000   20.000000   clock network delay (ideal)
                                 -0.250000   19.750002   clock uncertainty
                                  0.000000   19.750002   clock reconvergence pessimism
                                 -4.000000   15.750001   output external delay
                                             15.750001   data required time
---------------------------------------------------------------------------------------------
                                             15.750001   data required time
                                             -0.316619   data arrival time
---------------------------------------------------------------------------------------------
                                             15.433383   slack (MET)


Startpoint: _2108_ (rising edge-triggered flip-flop clocked by aclk)
Endpoint: m_axis_tdata[19] (output port clocked by aclk)
Path Group: aclk
Path Type: max

Fanout         Cap        Slew       Delay        Time   Description
---------------------------------------------------------------------------------------------
                      0.150000    0.000000    0.000000   clock aclk (rise edge)
                                  0.000000    0.000000   clock network delay (ideal)
                      0.150000    0.000000    0.000000 ^ _2108_/CLK (sky130_fd_sc_hd__dfxtp_2)
     4    0.041426    0.161543    0.316619    0.316619 ^ _2108_/Q (sky130_fd_sc_hd__dfxtp_2)
                                                         m_axis_tdata[19] (net)
                      0.161543    0.000000    0.316619 ^ m_axis_tdata[19] (out)
                                              0.316619   data arrival time

                      0.150000   20.000000   20.000000   clock aclk (rise edge)
                                  0.000000   20.000000   clock network delay (ideal)
                                 -0.250000   19.750002   clock uncertainty
                                  0.000000   19.750002   clock reconvergence pessimism
                                 -4.000000   15.750001   output external delay
                                             15.750001   data required time
---------------------------------------------------------------------------------------------
                                             15.750001   data required time
                                             -0.316619   data arrival time
---------------------------------------------------------------------------------------------
                                             15.433383   slack (MET)


Startpoint: _2109_ (rising edge-triggered flip-flop clocked by aclk)
Endpoint: m_axis_tdata[20] (output port clocked by aclk)
Path Group: aclk
Path Type: max

Fanout         Cap        Slew       Delay        Time   Description
---------------------------------------------------------------------------------------------
                      0.150000    0.000000    0.000000   clock aclk (rise edge)
                                  0.000000    0.000000   clock network delay (ideal)
                      0.150000    0.000000    0.000000 ^ _2109_/CLK (sky130_fd_sc_hd__dfxtp_2)
     4    0.041426    0.161543    0.316619    0.316619 ^ _2109_/Q (sky130_fd_sc_hd__dfxtp_2)
                                                         m_axis_tdata[20] (net)
                      0.161543    0.000000    0.316619 ^ m_axis_tdata[20] (out)
                                              0.316619   data arrival time

                      0.150000   20.000000   20.000000   clock aclk (rise edge)
                                  0.000000   20.000000   clock network delay (ideal)
                                 -0.250000   19.750002   clock uncertainty
                                  0.000000   19.750002   clock reconvergence pessimism
                                 -4.000000   15.750001   output external delay
                                             15.750001   data required time
---------------------------------------------------------------------------------------------
                                             15.750001   data required time
                                             -0.316619   data arrival time
---------------------------------------------------------------------------------------------
                                             15.433383   slack (MET)


Startpoint: _2111_ (rising edge-triggered flip-flop clocked by aclk)
Endpoint: m_axis_tdata[22] (output port clocked by aclk)
Path Group: aclk
Path Type: max

Fanout         Cap        Slew       Delay        Time   Description
---------------------------------------------------------------------------------------------
                      0.150000    0.000000    0.000000   clock aclk (rise edge)
                                  0.000000    0.000000   clock network delay (ideal)
                      0.150000    0.000000    0.000000 ^ _2111_/CLK (sky130_fd_sc_hd__dfxtp_2)
     4    0.041426    0.161543    0.316619    0.316619 ^ _2111_/Q (sky130_fd_sc_hd__dfxtp_2)
                                                         m_axis_tdata[22] (net)
                      0.161543    0.000000    0.316619 ^ m_axis_tdata[22] (out)
                                              0.316619   data arrival time

                      0.150000   20.000000   20.000000   clock aclk (rise edge)
                                  0.000000   20.000000   clock network delay (ideal)
                                 -0.250000   19.750002   clock uncertainty
                                  0.000000   19.750002   clock reconvergence pessimism
                                 -4.000000   15.750001   output external delay
                                             15.750001   data required time
---------------------------------------------------------------------------------------------
                                             15.750001   data required time
                                             -0.316619   data arrival time
---------------------------------------------------------------------------------------------
                                             15.433383   slack (MET)


Startpoint: _2113_ (rising edge-triggered flip-flop clocked by aclk)
Endpoint: m_axis_tdata[24] (output port clocked by aclk)
Path Group: aclk
Path Type: max

Fanout         Cap        Slew       Delay        Time   Description
---------------------------------------------------------------------------------------------
                      0.150000    0.000000    0.000000   clock aclk (rise edge)
                                  0.000000    0.000000   clock network delay (ideal)
                      0.150000    0.000000    0.000000 ^ _2113_/CLK (sky130_fd_sc_hd__dfxtp_2)
     4    0.041426    0.161543    0.316619    0.316619 ^ _2113_/Q (sky130_fd_sc_hd__dfxtp_2)
                                                         m_axis_tdata[24] (net)
                      0.161543    0.000000    0.316619 ^ m_axis_tdata[24] (out)
                                              0.316619   data arrival time

                      0.150000   20.000000   20.000000   clock aclk (rise edge)
                                  0.000000   20.000000   clock network delay (ideal)
                                 -0.250000   19.750002   clock uncertainty
                                  0.000000   19.750002   clock reconvergence pessimism
                                 -4.000000   15.750001   output external delay
                                             15.750001   data required time
---------------------------------------------------------------------------------------------
                                             15.750001   data required time
                                             -0.316619   data arrival time
---------------------------------------------------------------------------------------------
                                             15.433383   slack (MET)


Startpoint: _2093_ (rising edge-triggered flip-flop clocked by aclk)
Endpoint: m_axis_tdata[4] (output port clocked by aclk)
Path Group: aclk
Path Type: max

Fanout         Cap        Slew       Delay        Time   Description
---------------------------------------------------------------------------------------------
                      0.150000    0.000000    0.000000   clock aclk (rise edge)
                                  0.000000    0.000000   clock network delay (ideal)
                      0.150000    0.000000    0.000000 ^ _2093_/CLK (sky130_fd_sc_hd__dfxtp_2)
     4    0.041426    0.161543    0.316619    0.316619 ^ _2093_/Q (sky130_fd_sc_hd__dfxtp_2)
                                                         m_axis_tdata[4] (net)
                      0.161543    0.000000    0.316619 ^ m_axis_tdata[4] (out)
                                              0.316619   data arrival time

                      0.150000   20.000000   20.000000   clock aclk (rise edge)
                                  0.000000   20.000000   clock network delay (ideal)
                                 -0.250000   19.750002   clock uncertainty
                                  0.000000   19.750002   clock reconvergence pessimism
                                 -4.000000   15.750001   output external delay
                                             15.750001   data required time
---------------------------------------------------------------------------------------------
                                             15.750001   data required time
                                             -0.316619   data arrival time
---------------------------------------------------------------------------------------------
                                             15.433383   slack (MET)


Startpoint: _2095_ (rising edge-triggered flip-flop clocked by aclk)
Endpoint: m_axis_tdata[6] (output port clocked by aclk)
Path Group: aclk
Path Type: max

Fanout         Cap        Slew       Delay        Time   Description
---------------------------------------------------------------------------------------------
                      0.150000    0.000000    0.000000   clock aclk (rise edge)
                                  0.000000    0.000000   clock network delay (ideal)
                      0.150000    0.000000    0.000000 ^ _2095_/CLK (sky130_fd_sc_hd__dfxtp_2)
     4    0.041426    0.161543    0.316619    0.316619 ^ _2095_/Q (sky130_fd_sc_hd__dfxtp_2)
                                                         m_axis_tdata[6] (net)
                      0.161543    0.000000    0.316619 ^ m_axis_tdata[6] (out)
                                              0.316619   data arrival time

                      0.150000   20.000000   20.000000   clock aclk (rise edge)
                                  0.000000   20.000000   clock network delay (ideal)
                                 -0.250000   19.750002   clock uncertainty
                                  0.000000   19.750002   clock reconvergence pessimism
                                 -4.000000   15.750001   output external delay
                                             15.750001   data required time
---------------------------------------------------------------------------------------------
                                             15.750001   data required time
                                             -0.316619   data arrival time
---------------------------------------------------------------------------------------------
                                             15.433383   slack (MET)


Startpoint: _2117_ (rising edge-triggered flip-flop clocked by aclk)
Endpoint: m_axis_tdata[28] (output port clocked by aclk)
Path Group: aclk
Path Type: max

Fanout         Cap        Slew       Delay        Time   Description
---------------------------------------------------------------------------------------------
                      0.150000    0.000000    0.000000   clock aclk (rise edge)
                                  0.000000    0.000000   clock network delay (ideal)
                      0.150000    0.000000    0.000000 ^ _2117_/CLK (sky130_fd_sc_hd__dfxtp_2)
     4    0.041284    0.161020    0.316254    0.316254 ^ _2117_/Q (sky130_fd_sc_hd__dfxtp_2)
                                                         m_axis_tdata[28] (net)
                      0.161020    0.000000    0.316254 ^ m_axis_tdata[28] (out)
                                              0.316254   data arrival time

                      0.150000   20.000000   20.000000   clock aclk (rise edge)
                                  0.000000   20.000000   clock network delay (ideal)
                                 -0.250000   19.750002   clock uncertainty
                                  0.000000   19.750002   clock reconvergence pessimism
                                 -4.000000   15.750001   output external delay
                                             15.750001   data required time
---------------------------------------------------------------------------------------------
                                             15.750001   data required time
                                             -0.316254   data arrival time
---------------------------------------------------------------------------------------------
                                             15.433747   slack (MET)


Startpoint: _2089_ (rising edge-triggered flip-flop clocked by aclk)
Endpoint: m_axis_tdata[0] (output port clocked by aclk)
Path Group: aclk
Path Type: max

Fanout         Cap        Slew       Delay        Time   Description
---------------------------------------------------------------------------------------------
                      0.150000    0.000000    0.000000   clock aclk (rise edge)
                                  0.000000    0.000000   clock network delay (ideal)
                      0.150000    0.000000    0.000000 ^ _2089_/CLK (sky130_fd_sc_hd__dfxtp_2)
     3    0.037550    0.147261    0.306661    0.306661 ^ _2089_/Q (sky130_fd_sc_hd__dfxtp_2)
                                                         m_axis_tdata[0] (net)
                      0.147261    0.000000    0.306661 ^ m_axis_tdata[0] (out)
                                              0.306661   data arrival time

                      0.150000   20.000000   20.000000   clock aclk (rise edge)
                                  0.000000   20.000000   clock network delay (ideal)
                                 -0.250000   19.750002   clock uncertainty
                                  0.000000   19.750002   clock reconvergence pessimism
                                 -4.000000   15.750001   output external delay
                                             15.750001   data required time
---------------------------------------------------------------------------------------------
                                             15.750001   data required time
                                             -0.306661   data arrival time
---------------------------------------------------------------------------------------------
                                             15.443339   slack (MET)


Startpoint: _2121_ (rising edge-triggered flip-flop clocked by aclk)
Endpoint: m_axis_tvalid (output port clocked by aclk)
Path Group: aclk
Path Type: max

Fanout         Cap        Slew       Delay        Time   Description
---------------------------------------------------------------------------------------------
                      0.150000    0.000000    0.000000   clock aclk (rise edge)
                                  0.000000    0.000000   clock network delay (ideal)
                      0.150000    0.000000    0.000000 ^ _2121_/CLK (sky130_fd_sc_hd__dfxtp_2)
     2    0.035228    0.138705    0.300696    0.300696 ^ _2121_/Q (sky130_fd_sc_hd__dfxtp_2)
                                                         m_axis_tvalid (net)
                      0.138705    0.000000    0.300696 ^ m_axis_tvalid (out)
                                              0.300696   data arrival time

                      0.150000   20.000000   20.000000   clock aclk (rise edge)
                                  0.000000   20.000000   clock network delay (ideal)
                                 -0.250000   19.750002   clock uncertainty
                                  0.000000   19.750002   clock reconvergence pessimism
                                 -4.000000   15.750001   output external delay
                                             15.750001   data required time
---------------------------------------------------------------------------------------------
                                             15.750001   data required time
                                             -0.300696   data arrival time
---------------------------------------------------------------------------------------------
                                             15.449305   slack (MET)



