Instance,Terminal,Layer,X location,Y location,Voltage
FILLER_56_333,VGND,li1,159.1600,163.2000,0.000048
FILLER_56_321,VGND,li1,155.9400,163.2000,0.000048
FILLER_56_309,VGND,li1,150.4200,163.2000,0.000048
FILLER_56_305,VGND,li1,146.5100,163.2000,0.000048
FILLER_56_293,VGND,li1,143.0600,163.2000,0.000048
FILLER_56_281,VGND,li1,137.5400,163.2000,0.000048
FILLER_56_279,VGND,li1,134.0900,163.2000,0.000048
FILLER_56_267,VGND,li1,131.1000,163.2000,0.000048
FILLER_56_259,VGND,li1,125.3500,163.2000,0.000048
FILLER_56_253,VGND,li1,122.3600,163.2000,0.000047
FILLER_56_249,VGND,li1,120.7500,163.2000,0.000047
FILLER_56_237,VGND,li1,117.3000,163.2000,0.000047
FILLER_56_225,VGND,li1,111.7800,163.2000,0.000046
FILLER_56_214,VGND,li1,105.3400,163.2000,0.000045
FILLER_56_205,VGND,li1,100.0500,163.2000,0.000043
FILLER_56_189,VGND,li1,93.1500,163.2000,0.000041
FILLER_56_181,VGND,li1,90.6200,163.2000,0.000040
FILLER_56_169,VGND,li1,86.0200,163.2000,0.000038
FILLER_56_167,VGND,li1,82.5700,163.2000,0.000037
FILLER_56_161,VGND,li1,80.9600,163.2000,0.000036
FILLER_56_149,VGND,li1,75.9000,163.2000,0.000034
FILLER_56_141,VGND,li1,71.7600,163.2000,0.000032
FILLER_56_134,VGND,li1,68.5400,163.2000,0.000031
FILLER_56_122,VGND,li1,64.4000,163.2000,0.000029
FILLER_56_119,VGND,li1,60.4900,163.2000,0.000026
FILLER_56_113,VGND,li1,57.9600,163.2000,0.000025
FILLER_56_111,VGND,li1,56.8100,163.2000,0.000024
FILLER_56_105,VGND,li1,55.2000,163.2000,0.000024
FILLER_56_97,VGND,li1,51.0600,163.2000,0.000021
FILLER_56_85,VGND,li1,47.3800,163.2000,0.000019
FILLER_56_81,VGND,li1,43.4700,163.2000,0.000017
FILLER_56_69,VGND,li1,40.0200,163.2000,0.000015
FILLER_56_57,VGND,li1,34.5000,163.2000,0.000012
FILLER_56_53,VGND,li1,30.5900,163.2000,0.000009
FILLER_56_41,VGND,li1,27.1400,163.2000,0.000007
FILLER_56_29,VGND,li1,21.6200,163.2000,0.000006
FILLER_56_27,VGND,li1,18.1700,163.2000,0.000006
FILLER_56_15,VGND,li1,15.1800,163.2000,0.000006
FILLER_56_3,VGND,li1,9.6600,163.2000,0.000006
FILLER_55_332,VGND,li1,158.9300,163.2000,0.000048
FILLER_55_320,VGND,li1,155.4800,163.2000,0.000048
FILLER_55_308,VGND,li1,149.9600,163.2000,0.000048
FILLER_55_296,VGND,li1,144.4400,163.2000,0.000048
FILLER_55_288,VGND,li1,138.2300,163.2000,0.000048
FILLER_55_279,VGND,li1,134.0900,163.2000,0.000048
FILLER_55_275,VGND,li1,132.9400,163.2000,0.000048
FILLER_55_246,VGND,li1,120.0600,163.2000,0.000047
FILLER_55_225,VGND,li1,109.7100,163.2000,0.000046
FILLER_55_201,VGND,li1,98.2100,163.2000,0.000043
FILLER_55_187,VGND,li1,91.7700,163.2000,0.000041
FILLER_55_179,VGND,li1,89.7000,163.2000,0.000040
FILLER_55_169,VGND,li1,83.4900,163.2000,0.000037
FILLER_55_148,VGND,li1,73.8300,163.2000,0.000033
FILLER_55_132,VGND,li1,66.7000,163.2000,0.000030
FILLER_55_94,VGND,li1,49.6800,163.2000,0.000021
FILLER_55_77,VGND,li1,41.4000,163.2000,0.000016
FILLER_55_69,VGND,li1,39.1000,163.2000,0.000015
FILLER_55_57,VGND,li1,34.5000,163.2000,0.000012
FILLER_55_55,VGND,li1,31.0500,163.2000,0.000009
FILLER_55_51,VGND,li1,29.9000,163.2000,0.000009
FILLER_55_39,VGND,li1,26.2200,163.2000,0.000006
FILLER_55_27,VGND,li1,20.7000,163.2000,0.000006
FILLER_55_15,VGND,li1,15.1800,163.2000,0.000006
FILLER_55_3,VGND,li1,9.6600,163.2000,0.000006
FILLER_54_333,VGND,li1,159.1600,157.7600,0.000045
FILLER_54_321,VGND,li1,155.9400,157.7600,0.000045
FILLER_54_309,VGND,li1,150.4200,157.7600,0.000045
FILLER_54_306,VGND,li1,146.7400,157.7600,0.000045
FILLER_54_298,VGND,li1,144.4400,157.7600,0.000045
FILLER_54_285,VGND,li1,137.3100,157.7600,0.000044
FILLER_54_279,VGND,li1,134.5500,157.7600,0.000044
FILLER_54_267,VGND,li1,131.1000,157.7600,0.000044
FILLER_54_258,VGND,li1,124.4300,157.7600,0.000043
FILLER_54_248,VGND,li1,120.5200,157.7600,0.000042
FILLER_54_235,VGND,li1,115.0000,157.7600,0.000041
FILLER_54_230,VGND,li1,112.0100,157.7600,0.000041
FILLER_54_222,VGND,li1,109.4800,157.7600,0.000040
FILLER_54_213,VGND,li1,104.4200,157.7600,0.000039
FILLER_54_195,VGND,li1,95.4500,157.7600,0.000037
FILLER_54_191,VGND,li1,94.3000,157.7600,0.000037
FILLER_54_179,VGND,li1,90.6200,157.7600,0.000036
FILLER_54_161,VGND,li1,80.9600,157.7600,0.000033
FILLER_54_149,VGND,li1,74.2900,157.7600,0.000030
FILLER_54_136,VGND,li1,68.3100,157.7600,0.000028
FILLER_54_128,VGND,li1,66.2400,157.7600,0.000027
FILLER_54_118,VGND,li1,60.0300,157.7600,0.000024
FILLER_54_108,VGND,li1,56.1200,157.7600,0.000022
FILLER_54_99,VGND,li1,51.5200,157.7600,0.000020
FILLER_54_91,VGND,li1,49.2200,157.7600,0.000019
FILLER_54_83,VGND,li1,43.9300,157.7600,0.000016
FILLER_54_73,VGND,li1,39.3300,157.7600,0.000014
FILLER_54_65,VGND,li1,37.2600,157.7600,0.000013
FILLER_54_53,VGND,li1,32.6600,157.7600,0.000011
FILLER_54_41,VGND,li1,27.1400,157.7600,0.000008
FILLER_54_29,VGND,li1,21.6200,157.7600,0.000006
FILLER_54_27,VGND,li1,18.1700,157.7600,0.000006
FILLER_54_15,VGND,li1,15.1800,157.7600,0.000006
FILLER_54_3,VGND,li1,9.6600,157.7600,0.000006
FILLER_53_329,VGND,li1,158.2400,157.7600,0.000045
FILLER_53_317,VGND,li1,154.1000,157.7600,0.000045
FILLER_53_305,VGND,li1,148.5800,157.7600,0.000045
FILLER_53_281,VGND,li1,136.1600,157.7600,0.000044
FILLER_53_278,VGND,li1,133.8600,157.7600,0.000044
FILLER_53_270,VGND,li1,131.5600,157.7600,0.000044
FILLER_53_258,VGND,li1,126.9600,157.7600,0.000043
FILLER_53_246,VGND,li1,121.4400,157.7600,0.000042
FILLER_53_234,VGND,li1,115.9200,157.7600,0.000041
FILLER_53_223,VGND,li1,108.3300,157.7600,0.000040
FILLER_53_211,VGND,li1,105.3400,157.7600,0.000040
FILLER_53_205,VGND,li1,100.0500,157.7600,0.000038
FILLER_53_201,VGND,li1,98.9000,157.7600,0.000038
FILLER_53_193,VGND,li1,94.5300,157.7600,0.000037
FILLER_53_189,VGND,li1,93.3800,157.7600,0.000036
FILLER_53_173,VGND,li1,85.3300,157.7600,0.000034
FILLER_53_169,VGND,li1,84.1800,157.7600,0.000034
FILLER_53_167,VGND,li1,82.5700,157.7600,0.000034
FILLER_53_159,VGND,li1,80.5000,157.7600,0.000033
FILLER_53_147,VGND,li1,75.9000,157.7600,0.000031
FILLER_53_137,VGND,li1,70.3800,157.7600,0.000029
FILLER_53_125,VGND,li1,65.7800,157.7600,0.000027
FILLER_53_113,VGND,li1,60.2600,157.7600,0.000024
FILLER_53_111,VGND,li1,56.8100,157.7600,0.000023
FILLER_53_107,VGND,li1,55.6600,157.7600,0.000022
FILLER_53_95,VGND,li1,51.9800,157.7600,0.000020
FILLER_53_83,VGND,li1,46.4600,157.7600,0.000018
FILLER_53_80,VGND,li1,42.5500,157.7600,0.000016
FILLER_53_68,VGND,li1,39.5600,157.7600,0.000014
FILLER_53_57,VGND,li1,31.9700,157.7600,0.000010
FILLER_53_53,VGND,li1,30.5900,157.7600,0.000010
FILLER_53_41,VGND,li1,27.1400,157.7600,0.000008
FILLER_53_35,VGND,li1,22.0800,157.7600,0.000006
FILLER_53_28,VGND,li1,19.0900,157.7600,0.000006
FILLER_53_15,VGND,li1,13.3400,157.7600,0.000006
FILLER_53_3,VGND,li1,9.6600,157.7600,0.000006
FILLER_52_327,VGND,li1,157.7800,152.3200,0.000069
FILLER_52_315,VGND,li1,153.1800,152.3200,0.000069
FILLER_52_309,VGND,li1,148.3500,152.3200,0.000069
FILLER_52_304,VGND,li1,146.2800,152.3200,0.000069
FILLER_52_292,VGND,li1,142.6000,152.3200,0.000069
FILLER_52_270,VGND,li1,131.5600,152.3200,0.000068
FILLER_52_251,VGND,li1,121.2100,152.3200,0.000066
FILLER_52_240,VGND,li1,116.1500,152.3200,0.000065
FILLER_52_228,VGND,li1,113.1600,152.3200,0.000064
FILLER_52_217,VGND,li1,105.5700,152.3200,0.000061
FILLER_52_205,VGND,li1,102.5800,152.3200,0.000060
FILLER_52_197,VGND,li1,96.3700,152.3200,0.000056
FILLER_52_193,VGND,li1,94.9900,152.3200,0.000056
FILLER_52_181,VGND,li1,91.5400,152.3200,0.000055
FILLER_52_178,VGND,li1,87.6300,152.3200,0.000052
FILLER_52_172,VGND,li1,86.0200,152.3200,0.000052
FILLER_52_160,VGND,li1,81.8800,152.3200,0.000050
FILLER_52_143,VGND,li1,72.2200,152.3200,0.000046
FILLER_52_127,VGND,li1,65.3200,152.3200,0.000042
FILLER_52_115,VGND,li1,61.1800,152.3200,0.000039
FILLER_52_103,VGND,li1,55.6600,152.3200,0.000036
FILLER_52_93,VGND,li1,48.5300,152.3200,0.000031
FILLER_52_85,VGND,li1,46.4600,152.3200,0.000029
FILLER_52_82,VGND,li1,43.7000,152.3200,0.000027
FILLER_52_70,VGND,li1,40.4800,152.3200,0.000024
FILLER_52_56,VGND,li1,31.5100,152.3200,0.000017
FILLER_52_50,VGND,li1,29.9000,152.3200,0.000014
FILLER_52_38,VGND,li1,25.7600,152.3200,0.000010
FILLER_52_29,VGND,li1,19.3200,152.3200,0.000011
FILLER_52_25,VGND,li1,17.7100,152.3200,0.000011
FILLER_52_15,VGND,li1,12.8800,152.3200,0.000011
FILLER_52_3,VGND,li1,9.6600,152.3200,0.000011
FILLER_51_333,VGND,li1,159.1600,152.3200,0.000069
FILLER_51_321,VGND,li1,155.9400,152.3200,0.000069
FILLER_51_313,VGND,li1,149.9600,152.3200,0.000069
FILLER_51_305,VGND,li1,147.6600,152.3200,0.000069
FILLER_51_293,VGND,li1,143.0600,152.3200,0.000069
FILLER_51_281,VGND,li1,137.5400,152.3200,0.000069
FILLER_51_279,VGND,li1,134.0900,152.3200,0.000068
FILLER_51_271,VGND,li1,132.0200,152.3200,0.000068
FILLER_51_259,VGND,li1,127.4200,152.3200,0.000067
FILLER_51_254,VGND,li1,122.5900,152.3200,0.000066
FILLER_51_246,VGND,li1,120.5200,152.3200,0.000066
FILLER_51_242,VGND,li1,117.0700,152.3200,0.000065
FILLER_51_230,VGND,li1,114.0800,152.3200,0.000064
FILLER_51_223,VGND,li1,108.3300,152.3200,0.000062
FILLER_51_219,VGND,li1,107.1800,152.3200,0.000061
FILLER_51_207,VGND,li1,103.5000,152.3200,0.000060
FILLER_51_193,VGND,li1,95.6800,152.3200,0.000056
FILLER_51_181,VGND,li1,91.5400,152.3200,0.000055
FILLER_51_169,VGND,li1,86.0200,152.3200,0.000052
FILLER_51_166,VGND,li1,82.3400,152.3200,0.000050
FILLER_51_158,VGND,li1,80.0400,152.3200,0.000050
FILLER_51_141,VGND,li1,73.1400,152.3200,0.000046
FILLER_51_129,VGND,li1,67.6200,152.3200,0.000043
FILLER_51_113,VGND,li1,57.9600,152.3200,0.000037
FILLER_51_111,VGND,li1,56.8100,152.3200,0.000037
FILLER_51_96,VGND,li1,51.5200,152.3200,0.000033
FILLER_51_87,VGND,li1,45.7700,152.3200,0.000029
FILLER_51_57,VGND,li1,32.2000,152.3200,0.000017
FILLER_51_50,VGND,li1,28.9800,152.3200,0.000014
FILLER_51_38,VGND,li1,25.7600,152.3200,0.000010
FILLER_51_27,VGND,li1,18.8600,152.3200,0.000011
FILLER_51_15,VGND,li1,15.1800,152.3200,0.000011
FILLER_51_3,VGND,li1,9.6600,152.3200,0.000011
FILLER_50_327,VGND,li1,157.7800,146.8800,0.000119
FILLER_50_309,VGND,li1,148.1200,146.8800,0.000118
FILLER_50_293,VGND,li1,141.2200,146.8800,0.000118
FILLER_50_281,VGND,li1,137.5400,146.8800,0.000118
FILLER_50_273,VGND,li1,131.3300,146.8800,0.000116
FILLER_50_265,VGND,li1,129.2600,146.8800,0.000116
FILLER_50_253,VGND,li1,122.1300,146.8800,0.000113
FILLER_50_246,VGND,li1,120.0600,146.8800,0.000112
FILLER_50_233,VGND,li1,113.3900,146.8800,0.000108
FILLER_50_227,VGND,li1,110.1700,146.8800,0.000107
FILLER_50_219,VGND,li1,108.1000,146.8800,0.000105
FILLER_50_209,VGND,li1,101.8900,146.8800,0.000100
FILLER_50_194,VGND,li1,95.2200,146.8800,0.000096
FILLER_50_166,VGND,li1,82.1100,146.8800,0.000085
FILLER_50_155,VGND,li1,77.0500,146.8800,0.000080
FILLER_50_143,VGND,li1,74.0600,146.8800,0.000078
FILLER_50_120,VGND,li1,61.4100,146.8800,0.000064
FILLER_50_112,VGND,li1,58.8800,146.8800,0.000061
FILLER_50_106,VGND,li1,54.5100,146.8800,0.000054
FILLER_50_94,VGND,li1,51.5200,146.8800,0.000050
FILLER_50_85,VGND,li1,46.0000,146.8800,0.000042
FILLER_50_83,VGND,li1,43.9300,146.8800,0.000039
FILLER_50_77,VGND,li1,42.3200,146.8800,0.000039
FILLER_50_72,VGND,li1,39.3300,146.8800,0.000035
FILLER_50_60,VGND,li1,35.8800,146.8800,0.000029
FILLER_50_48,VGND,li1,30.3600,146.8800,0.000023
FILLER_50_33,VGND,li1,20.9300,146.8800,0.000015
FILLER_50_29,VGND,li1,19.7800,146.8800,0.000015
FILLER_50_19,VGND,li1,14.9500,146.8800,0.000015
FILLER_50_3,VGND,li1,9.6600,146.8800,0.000015
FILLER_49_334,VGND,li1,159.3900,146.8800,0.000119
FILLER_49_326,VGND,li1,157.3200,146.8800,0.000119
FILLER_49_304,VGND,li1,147.2000,146.8800,0.000118
FILLER_49_299,VGND,li1,143.5200,146.8800,0.000118
FILLER_49_288,VGND,li1,138.9200,146.8800,0.000118
FILLER_49_279,VGND,li1,134.0900,146.8800,0.000117
FILLER_49_273,VGND,li1,132.4800,146.8800,0.000116
FILLER_49_258,VGND,li1,125.5800,146.8800,0.000114
FILLER_49_241,VGND,li1,118.2200,146.8800,0.000111
FILLER_49_237,VGND,li1,114.7700,146.8800,0.000109
FILLER_49_225,VGND,li1,111.7800,146.8800,0.000107
FILLER_49_212,VGND,li1,105.8000,146.8800,0.000103
FILLER_49_200,VGND,li1,100.2800,146.8800,0.000100
FILLER_49_188,VGND,li1,94.7600,146.8800,0.000096
FILLER_49_176,VGND,li1,89.2400,146.8800,0.000092
FILLER_49_173,VGND,li1,85.3300,146.8800,0.000089
FILLER_49_169,VGND,li1,84.1800,146.8800,0.000087
FILLER_49_160,VGND,li1,80.9600,146.8800,0.000085
FILLER_49_156,VGND,li1,77.5100,146.8800,0.000080
FILLER_49_150,VGND,li1,75.9000,146.8800,0.000080
FILLER_49_138,VGND,li1,71.7600,146.8800,0.000074
FILLER_49_126,VGND,li1,66.2400,146.8800,0.000069
FILLER_49_121,VGND,li1,61.6400,146.8800,0.000064
FILLER_49_113,VGND,li1,59.3400,146.8800,0.000061
FILLER_49_110,VGND,li1,56.5800,146.8800,0.000057
FILLER_49_98,VGND,li1,53.3600,146.8800,0.000054
FILLER_49_89,VGND,li1,47.1500,146.8800,0.000046
FILLER_49_81,VGND,li1,44.6200,146.8800,0.000042
FILLER_49_69,VGND,li1,40.0200,146.8800,0.000035
FILLER_49_57,VGND,li1,34.5000,146.8800,0.000029
FILLER_49_54,VGND,li1,30.8200,146.8800,0.000023
FILLER_49_46,VGND,li1,28.5200,146.8800,0.000021
FILLER_49_36,VGND,li1,22.3100,146.8800,0.000015
FILLER_49_27,VGND,li1,18.6300,146.8800,0.000015
FILLER_49_3,VGND,li1,7.3600,146.8800,0.000015
FILLER_48_333,VGND,li1,159.1600,141.4400,0.000150
FILLER_48_321,VGND,li1,155.9400,141.4400,0.000150
FILLER_48_309,VGND,li1,150.4200,141.4400,0.000149
FILLER_48_307,VGND,li1,146.9700,141.4400,0.000149
FILLER_48_301,VGND,li1,145.3600,141.4400,0.000149
FILLER_48_289,VGND,li1,141.2200,141.4400,0.000149
FILLER_48_277,VGND,li1,135.7000,141.4400,0.000148
FILLER_48_265,VGND,li1,130.1800,141.4400,0.000148
FILLER_48_253,VGND,li1,124.6600,141.4400,0.000147
FILLER_48_250,VGND,li1,120.9800,141.4400,0.000146
FILLER_48_242,VGND,li1,118.6800,141.4400,0.000145
FILLER_48_234,VGND,li1,113.6200,141.4400,0.000144
FILLER_48_226,VGND,li1,111.3200,141.4400,0.000143
FILLER_48_214,VGND,li1,104.4200,141.4400,0.000140
FILLER_48_206,VGND,li1,102.1200,141.4400,0.000139
FILLER_48_197,VGND,li1,97.0600,141.4400,0.000137
FILLER_48_195,VGND,li1,95.4500,141.4400,0.000136
FILLER_48_190,VGND,li1,93.1500,141.4400,0.000135
FILLER_48_181,VGND,li1,89.0100,141.4400,0.000131
FILLER_48_177,VGND,li1,87.8600,141.4400,0.000131
FILLER_48_165,VGND,li1,84.1800,141.4400,0.000126
FILLER_48_145,VGND,li1,73.6000,141.4400,0.000117
FILLER_48_131,VGND,li1,66.2400,141.4400,0.000107
FILLER_48_119,VGND,li1,63.0200,141.4400,0.000101
FILLER_48_109,VGND,li1,56.3500,141.4400,0.000089
FILLER_48_101,VGND,li1,53.8200,141.4400,0.000085
FILLER_48_91,VGND,li1,47.6100,141.4400,0.000071
FILLER_48_85,VGND,li1,46.0000,141.4400,0.000071
FILLER_48_83,VGND,li1,43.9300,141.4400,0.000066
FILLER_48_65,VGND,li1,35.6500,141.4400,0.000051
FILLER_48_57,VGND,li1,33.5800,141.4400,0.000046
FILLER_48_41,VGND,li1,26.2200,141.4400,0.000030
FILLER_48_29,VGND,li1,21.6200,141.4400,0.000024
FILLER_48_25,VGND,li1,17.7100,141.4400,0.000024
FILLER_48_13,VGND,li1,14.2600,141.4400,0.000024
FILLER_48_7,VGND,li1,9.2000,141.4400,0.000024
FILLER_47_327,VGND,li1,156.8600,141.4400,0.000150
FILLER_47_315,VGND,li1,153.1800,141.4400,0.000150
FILLER_47_303,VGND,li1,147.6600,141.4400,0.000149
FILLER_47_288,VGND,li1,139.8400,141.4400,0.000149
FILLER_47_272,VGND,li1,132.4800,141.4400,0.000148
FILLER_47_256,VGND,li1,124.2000,141.4400,0.000147
FILLER_47_244,VGND,li1,120.5200,141.4400,0.000146
FILLER_47_234,VGND,li1,113.3900,141.4400,0.000144
FILLER_47_228,VGND,li1,111.7800,141.4400,0.000143
FILLER_47_216,VGND,li1,105.3400,141.4400,0.000140
FILLER_47_208,VGND,li1,103.0400,141.4400,0.000139
FILLER_47_169,VGND,li1,84.6400,141.4400,0.000128
FILLER_47_167,VGND,li1,82.5700,141.4400,0.000126
FILLER_47_161,VGND,li1,80.9600,141.4400,0.000123
FILLER_47_131,VGND,li1,66.2400,141.4400,0.000107
FILLER_47_111,VGND,li1,56.8100,141.4400,0.000089
FILLER_47_107,VGND,li1,55.6600,141.4400,0.000089
FILLER_47_88,VGND,li1,47.3800,141.4400,0.000071
FILLER_47_76,VGND,li1,43.2400,141.4400,0.000066
FILLER_47_69,VGND,li1,37.9500,141.4400,0.000055
FILLER_47_57,VGND,li1,32.4300,141.4400,0.000040
FILLER_47_41,VGND,li1,24.8400,141.4400,0.000024
FILLER_47_30,VGND,li1,19.7800,141.4400,0.000024
FILLER_47_22,VGND,li1,17.4800,141.4400,0.000024
FILLER_47_10,VGND,li1,12.8800,141.4400,0.000024
FILLER_47_7,VGND,li1,8.9700,141.4400,0.000024
FILLER_47_3,VGND,li1,7.8200,141.4400,0.000024
FILLER_46_334,VGND,li1,159.3900,136.0000,0.000143
FILLER_46_305,VGND,li1,146.0500,136.0000,0.000141
FILLER_46_301,VGND,li1,144.9000,136.0000,0.000141
FILLER_46_276,VGND,li1,133.1700,136.0000,0.000136
FILLER_46_259,VGND,li1,126.0400,136.0000,0.000133
FILLER_46_251,VGND,li1,121.2100,136.0000,0.000129
FILLER_46_242,VGND,li1,117.5300,136.0000,0.000128
FILLER_46_234,VGND,li1,115.0000,136.0000,0.000126
FILLER_46_222,VGND,li1,110.4000,136.0000,0.000123
FILLER_46_210,VGND,li1,104.8800,136.0000,0.000119
FILLER_46_195,VGND,li1,95.4500,136.0000,0.000111
FILLER_46_166,VGND,li1,82.8000,136.0000,0.000099
FILLER_46_158,VGND,li1,78.4300,136.0000,0.000095
FILLER_46_146,VGND,li1,75.4400,136.0000,0.000090
FILLER_46_134,VGND,li1,68.5400,136.0000,0.000084
FILLER_46_122,VGND,li1,64.4000,136.0000,0.000078
FILLER_46_109,VGND,li1,55.8900,136.0000,0.000069
FILLER_46_83,VGND,li1,43.9300,136.0000,0.000053
FILLER_46_79,VGND,li1,42.7800,136.0000,0.000049
FILLER_46_67,VGND,li1,39.1000,136.0000,0.000046
FILLER_46_55,VGND,li1,33.5800,136.0000,0.000037
FILLER_46_41,VGND,li1,25.3000,136.0000,0.000024
FILLER_46_29,VGND,li1,21.6200,136.0000,0.000022
FILLER_46_26,VGND,li1,17.9400,136.0000,0.000024
FILLER_45_319,VGND,li1,155.0200,136.0000,0.000143
FILLER_45_310,VGND,li1,148.3500,136.0000,0.000142
FILLER_45_304,VGND,li1,146.7400,136.0000,0.000142
FILLER_45_292,VGND,li1,142.6000,136.0000,0.000140
FILLER_45_287,VGND,li1,137.7700,136.0000,0.000139
FILLER_45_281,VGND,li1,136.1600,136.0000,0.000138
FILLER_45_278,VGND,li1,133.8600,136.0000,0.000137
FILLER_45_271,VGND,li1,131.1000,136.0000,0.000136
FILLER_45_259,VGND,li1,127.4200,136.0000,0.000133
FILLER_45_255,VGND,li1,123.0500,136.0000,0.000131
FILLER_45_249,VGND,li1,121.4400,136.0000,0.000131
FILLER_45_237,VGND,li1,117.3000,136.0000,0.000128
FILLER_45_225,VGND,li1,111.7800,136.0000,0.000123
FILLER_45_214,VGND,li1,104.1900,136.0000,0.000117
FILLER_45_208,VGND,li1,102.5800,136.0000,0.000117
FILLER_45_201,VGND,li1,98.2100,136.0000,0.000114
FILLER_45_193,VGND,li1,96.1400,136.0000,0.000111
FILLER_45_181,VGND,li1,91.5400,136.0000,0.000108
FILLER_45_169,VGND,li1,86.0200,136.0000,0.000102
FILLER_45_156,VGND,li1,80.0400,136.0000,0.000095
FILLER_45_144,VGND,li1,74.5200,136.0000,0.000090
FILLER_45_132,VGND,li1,69.0000,136.0000,0.000084
FILLER_45_120,VGND,li1,63.4800,136.0000,0.000078
FILLER_45_111,VGND,li1,56.8100,136.0000,0.000069
FILLER_45_103,VGND,li1,54.7400,136.0000,0.000067
FILLER_45_98,VGND,li1,51.2900,136.0000,0.000064
FILLER_45_90,VGND,li1,48.7600,136.0000,0.000060
FILLER_45_69,VGND,li1,39.1000,136.0000,0.000046
FILLER_45_57,VGND,li1,34.5000,136.0000,0.000037
FILLER_45_53,VGND,li1,30.5900,136.0000,0.000031
FILLER_45_45,VGND,li1,28.0600,136.0000,0.000028
FILLER_45_33,VGND,li1,23.4600,136.0000,0.000021
FILLER_45_26,VGND,li1,17.7100,136.0000,0.000024
FILLER_44_329,VGND,li1,158.2400,130.5600,0.000167
FILLER_44_309,VGND,li1,148.1200,130.5600,0.000165
FILLER_44_307,VGND,li1,146.9700,130.5600,0.000165
FILLER_44_303,VGND,li1,145.8200,130.5600,0.000164
FILLER_44_289,VGND,li1,141.2200,130.5600,0.000162
FILLER_44_277,VGND,li1,135.7000,130.5600,0.000160
FILLER_44_265,VGND,li1,130.1800,130.5600,0.000158
FILLER_44_253,VGND,li1,124.6600,130.5600,0.000155
FILLER_44_251,VGND,li1,121.2100,130.5600,0.000153
FILLER_44_243,VGND,li1,119.1400,130.5600,0.000152
FILLER_44_236,VGND,li1,115.0000,130.5600,0.000149
FILLER_44_209,VGND,li1,104.4200,130.5600,0.000141
FILLER_44_197,VGND,li1,98.9000,130.5600,0.000137
FILLER_44_190,VGND,li1,94.3000,130.5600,0.000133
FILLER_44_178,VGND,li1,90.1600,130.5600,0.000129
FILLER_44_166,VGND,li1,84.6400,130.5600,0.000121
FILLER_44_160,VGND,li1,79.8100,130.5600,0.000115
FILLER_44_141,VGND,li1,70.8400,130.5600,0.000104
FILLER_44_132,VGND,li1,66.7000,130.5600,0.000099
FILLER_44_124,VGND,li1,62.7900,130.5600,0.000092
FILLER_44_112,VGND,li1,59.8000,130.5600,0.000085
FILLER_44_93,VGND,li1,48.9900,130.5600,0.000069
FILLER_44_85,VGND,li1,46.4600,130.5600,0.000061
FILLER_44_78,VGND,li1,42.7800,130.5600,0.000057
FILLER_44_61,VGND,li1,34.5000,130.5600,0.000041
FILLER_44_55,VGND,li1,31.0500,130.5600,0.000031
FILLER_44_42,VGND,li1,25.0700,130.5600,0.000022
FILLER_44_38,VGND,li1,23.9200,130.5600,0.000022
FILLER_44_21,VGND,li1,15.4100,130.5600,0.000023
FILLER_44_5,VGND,li1,8.0500,130.5600,0.000024
FILLER_43_334,VGND,li1,159.3900,130.5600,0.000167
FILLER_43_328,VGND,li1,157.7800,130.5600,0.000167
FILLER_43_314,VGND,li1,151.3400,130.5600,0.000166
FILLER_43_295,VGND,li1,141.4500,130.5600,0.000162
FILLER_43_279,VGND,li1,134.0900,130.5600,0.000159
FILLER_43_271,VGND,li1,130.8700,130.5600,0.000158
FILLER_43_231,VGND,li1,112.0100,130.5600,0.000146
FILLER_43_225,VGND,li1,110.4000,130.5600,0.000146
FILLER_43_222,VGND,li1,108.1000,130.5600,0.000145
FILLER_43_214,VGND,li1,105.8000,130.5600,0.000143
FILLER_43_197,VGND,li1,96.6000,130.5600,0.000135
FILLER_43_169,VGND,li1,83.4900,130.5600,0.000121
FILLER_43_161,VGND,li1,80.2700,130.5600,0.000115
FILLER_43_152,VGND,li1,76.1300,130.5600,0.000112
FILLER_43_144,VGND,li1,73.6000,130.5600,0.000108
FILLER_43_132,VGND,li1,69.0000,130.5600,0.000101
FILLER_43_127,VGND,li1,64.4000,130.5600,0.000095
FILLER_43_116,VGND,li1,59.1100,130.5600,0.000085
FILLER_43_101,VGND,li1,53.8200,130.5600,0.000077
FILLER_43_89,VGND,li1,49.2200,130.5600,0.000069
FILLER_43_85,VGND,li1,44.8500,130.5600,0.000061
FILLER_43_81,VGND,li1,43.7000,130.5600,0.000057
FILLER_43_69,VGND,li1,40.0200,130.5600,0.000052
FILLER_43_57,VGND,li1,34.5000,130.5600,0.000041
FILLER_43_55,VGND,li1,31.0500,130.5600,0.000031
FILLER_43_49,VGND,li1,29.4400,130.5600,0.000031
FILLER_43_46,VGND,li1,26.9100,130.5600,0.000026
FILLER_43_40,VGND,li1,25.3000,130.5600,0.000022
FILLER_43_28,VGND,li1,21.1600,130.5600,0.000023
FILLER_43_16,VGND,li1,15.6400,130.5600,0.000023
FILLER_43_7,VGND,li1,9.4300,130.5600,0.000024
FILLER_42_332,VGND,li1,158.9300,125.1200,0.000159
FILLER_42_320,VGND,li1,155.4800,125.1200,0.000159
FILLER_42_309,VGND,li1,148.5800,125.1200,0.000159
FILLER_42_305,VGND,li1,146.5100,125.1200,0.000158
FILLER_42_302,VGND,li1,144.6700,125.1200,0.000158
FILLER_42_294,VGND,li1,141.6800,125.1200,0.000158
FILLER_42_277,VGND,li1,133.4000,125.1200,0.000157
FILLER_42_269,VGND,li1,131.1000,125.1200,0.000157
FILLER_42_245,VGND,li1,118.4500,125.1200,0.000153
FILLER_42_241,VGND,li1,117.3000,125.1200,0.000152
FILLER_42_226,VGND,li1,112.2400,125.1200,0.000149
FILLER_42_216,VGND,li1,106.7200,125.1200,0.000146
FILLER_42_204,VGND,li1,102.1200,125.1200,0.000143
FILLER_42_195,VGND,li1,95.4500,125.1200,0.000136
FILLER_42_183,VGND,li1,92.4600,125.1200,0.000133
FILLER_42_178,VGND,li1,87.6300,125.1200,0.000127
FILLER_42_165,VGND,li1,82.3400,125.1200,0.000119
FILLER_42_153,VGND,li1,76.8200,125.1200,0.000114
FILLER_42_141,VGND,li1,73.1400,125.1200,0.000108
FILLER_42_139,VGND,li1,69.6900,125.1200,0.000105
FILLER_42_133,VGND,li1,68.0800,125.1200,0.000101
FILLER_42_121,VGND,li1,63.9400,125.1200,0.000096
FILLER_42_109,VGND,li1,58.4200,125.1200,0.000088
FILLER_42_97,VGND,li1,52.9000,125.1200,0.000077
FILLER_42_73,VGND,li1,39.3300,125.1200,0.000055
FILLER_42_61,VGND,li1,36.3400,125.1200,0.000049
FILLER_42_53,VGND,li1,30.3600,125.1200,0.000038
FILLER_42_46,VGND,li1,26.9100,125.1200,0.000028
FILLER_42_40,VGND,li1,25.3000,125.1200,0.000028
FILLER_42_29,VGND,li1,19.5500,125.1200,0.000026
FILLER_42_15,VGND,li1,14.2600,125.1200,0.000027
FILLER_42_3,VGND,li1,9.6600,125.1200,0.000029
FILLER_41_329,VGND,li1,157.3200,125.1200,0.000159
FILLER_41_321,VGND,li1,155.0200,125.1200,0.000159
FILLER_41_309,VGND,li1,150.4200,125.1200,0.000159
FILLER_41_281,VGND,li1,137.5400,125.1200,0.000158
FILLER_41_276,VGND,li1,133.4000,125.1200,0.000157
FILLER_41_264,VGND,li1,129.7200,125.1200,0.000157
FILLER_41_252,VGND,li1,124.2000,125.1200,0.000156
FILLER_41_205,VGND,li1,100.0500,125.1200,0.000141
FILLER_41_197,VGND,li1,97.9800,125.1200,0.000138
FILLER_41_185,VGND,li1,93.3800,125.1200,0.000133
FILLER_41_169,VGND,li1,85.1000,125.1200,0.000124
FILLER_41_156,VGND,li1,80.0400,125.1200,0.000117
FILLER_41_129,VGND,li1,65.0900,125.1200,0.000096
FILLER_41_121,VGND,li1,61.6400,125.1200,0.000093
FILLER_41_113,VGND,li1,59.3400,125.1200,0.000088
FILLER_41_109,VGND,li1,56.3500,125.1200,0.000084
FILLER_41_99,VGND,li1,51.7500,125.1200,0.000077
FILLER_41_87,VGND,li1,48.3000,125.1200,0.000071
FILLER_41_80,VGND,li1,43.0100,125.1200,0.000059
FILLER_41_74,VGND,li1,40.2500,125.1200,0.000055
FILLER_41_62,VGND,li1,36.8000,125.1200,0.000049
FILLER_41_55,VGND,li1,31.0500,125.1200,0.000038
FILLER_41_49,VGND,li1,28.2900,125.1200,0.000034
FILLER_41_43,VGND,li1,26.6800,125.1200,0.000028
FILLER_41_31,VGND,li1,22.5400,125.1200,0.000025
FILLER_40_333,VGND,li1,159.1600,119.6800,0.000122
FILLER_40_325,VGND,li1,156.8600,119.6800,0.000122
FILLER_40_304,VGND,li1,145.8200,119.6800,0.000120
FILLER_40_290,VGND,li1,140.3000,119.6800,0.000117
FILLER_40_278,VGND,li1,136.1600,119.6800,0.000115
FILLER_40_269,VGND,li1,129.4900,119.6800,0.000113
FILLER_40_265,VGND,li1,128.3400,119.6800,0.000113
FILLER_40_253,VGND,li1,124.6600,119.6800,0.000111
FILLER_40_251,VGND,li1,121.2100,119.6800,0.000110
FILLER_40_247,VGND,li1,120.0600,119.6800,0.000109
FILLER_40_212,VGND,li1,103.2700,119.6800,0.000101
FILLER_40_197,VGND,li1,96.8300,119.6800,0.000096
FILLER_40_195,VGND,li1,95.4500,119.6800,0.000096
FILLER_40_191,VGND,li1,94.3000,119.6800,0.000094
FILLER_40_153,VGND,li1,77.7400,119.6800,0.000079
FILLER_40_141,VGND,li1,73.1400,119.6800,0.000075
FILLER_40_137,VGND,li1,69.2300,119.6800,0.000071
FILLER_40_125,VGND,li1,65.7800,119.6800,0.000067
FILLER_40_114,VGND,li1,58.4200,119.6800,0.000058
FILLER_40_96,VGND,li1,52.4400,119.6800,0.000051
FILLER_40_85,VGND,li1,45.5400,119.6800,0.000044
FILLER_40_76,VGND,li1,42.3200,119.6800,0.000041
FILLER_40_50,VGND,li1,29.9000,119.6800,0.000023
FILLER_40_43,VGND,li1,26.2200,119.6800,0.000020
FILLER_40_29,VGND,li1,19.0900,119.6800,0.000017
FILLER_40_27,VGND,li1,18.1700,119.6800,0.000017
FILLER_40_23,VGND,li1,17.0200,119.6800,0.000017
FILLER_40_18,VGND,li1,14.0300,119.6800,0.000017
FILLER_40_3,VGND,li1,7.1300,119.6800,0.000017
FILLER_39_325,VGND,li1,156.4000,119.6800,0.000122
FILLER_39_313,VGND,li1,152.2600,119.6800,0.000122
FILLER_39_301,VGND,li1,146.7400,119.6800,0.000120
FILLER_39_279,VGND,li1,134.0900,119.6800,0.000115
FILLER_39_273,VGND,li1,131.3300,119.6800,0.000114
FILLER_39_247,VGND,li1,119.3700,119.6800,0.000109
FILLER_39_236,VGND,li1,114.7700,119.6800,0.000106
FILLER_39_233,VGND,li1,112.9300,119.6800,0.000105
FILLER_39_223,VGND,li1,108.3300,119.6800,0.000103
FILLER_39_218,VGND,li1,106.0300,119.6800,0.000102
FILLER_39_188,VGND,li1,93.3800,119.6800,0.000094
FILLER_39_171,VGND,li1,84.8700,119.6800,0.000085
FILLER_39_166,VGND,li1,82.3400,119.6800,0.000083
FILLER_39_149,VGND,li1,74.9800,119.6800,0.000077
FILLER_39_137,VGND,li1,71.3000,119.6800,0.000073
FILLER_39_125,VGND,li1,65.7800,119.6800,0.000067
FILLER_39_113,VGND,li1,60.2600,119.6800,0.000062
FILLER_39_104,VGND,li1,55.2000,119.6800,0.000056
FILLER_39_91,VGND,li1,48.0700,119.6800,0.000046
FILLER_39_77,VGND,li1,41.6300,119.6800,0.000041
FILLER_39_69,VGND,li1,39.1000,119.6800,0.000037
FILLER_39_57,VGND,li1,34.5000,119.6800,0.000032
FILLER_39_54,VGND,li1,30.8200,119.6800,0.000027
FILLER_39_38,VGND,li1,23.9200,119.6800,0.000017
FILLER_39_27,VGND,li1,18.1700,119.6800,0.000017
FILLER_39_15,VGND,li1,15.1800,119.6800,0.000017
FILLER_39_3,VGND,li1,9.6600,119.6800,0.000017
FILLER_38_333,VGND,li1,159.1600,114.2400,0.000071
FILLER_38_321,VGND,li1,155.9400,114.2400,0.000071
FILLER_38_309,VGND,li1,150.4200,114.2400,0.000071
FILLER_38_307,VGND,li1,146.9700,114.2400,0.000070
FILLER_38_303,VGND,li1,145.8200,114.2400,0.000070
FILLER_38_291,VGND,li1,142.1400,114.2400,0.000070
FILLER_38_279,VGND,li1,136.6200,114.2400,0.000070
FILLER_38_263,VGND,li1,128.3400,114.2400,0.000069
FILLER_38_244,VGND,li1,117.9900,114.2400,0.000068
FILLER_38_232,VGND,li1,115.0000,114.2400,0.000067
FILLER_38_197,VGND,li1,97.5200,114.2400,0.000062
FILLER_38_193,VGND,li1,94.9900,114.2400,0.000062
FILLER_38_181,VGND,li1,91.5400,114.2400,0.000060
FILLER_38_171,VGND,li1,84.4100,114.2400,0.000058
FILLER_38_163,VGND,li1,82.3400,114.2400,0.000057
FILLER_38_145,VGND,li1,72.4500,114.2400,0.000053
FILLER_38_141,VGND,li1,71.3000,114.2400,0.000052
FILLER_38_136,VGND,li1,69.0000,114.2400,0.000050
FILLER_38_128,VGND,li1,64.6300,114.2400,0.000049
FILLER_38_124,VGND,li1,63.4800,114.2400,0.000047
FILLER_38_112,VGND,li1,59.8000,114.2400,0.000046
FILLER_38_102,VGND,li1,53.1300,114.2400,0.000041
FILLER_38_94,VGND,li1,50.6000,114.2400,0.000039
FILLER_38_85,VGND,li1,45.0800,114.2400,0.000034
FILLER_38_72,VGND,li1,41.4000,114.2400,0.000031
FILLER_38_60,VGND,li1,35.8800,114.2400,0.000026
FILLER_38_47,VGND,li1,27.3700,114.2400,0.000017
FILLER_38_41,VGND,li1,25.7600,114.2400,0.000017
FILLER_38_29,VGND,li1,21.6200,114.2400,0.000016
FILLER_38_25,VGND,li1,17.7100,114.2400,0.000017
FILLER_38_17,VGND,li1,15.1800,114.2400,0.000018
FILLER_38_13,VGND,li1,11.9600,114.2400,0.000019
FILLER_38_3,VGND,li1,7.5900,114.2400,0.000019
FILLER_37_330,VGND,li1,157.5500,114.2400,0.000071
FILLER_37_322,VGND,li1,155.4800,114.2400,0.000071
FILLER_37_304,VGND,li1,145.5900,114.2400,0.000070
FILLER_37_289,VGND,li1,138.6900,114.2400,0.000070
FILLER_37_261,VGND,li1,125.8100,114.2400,0.000069
FILLER_37_253,VGND,li1,123.7400,114.2400,0.000069
FILLER_37_235,VGND,li1,115.4600,114.2400,0.000067
FILLER_37_207,VGND,li1,102.1200,114.2400,0.000064
FILLER_37_195,VGND,li1,97.9800,114.2400,0.000062
FILLER_37_183,VGND,li1,92.4600,114.2400,0.000060
FILLER_37_169,VGND,li1,83.4900,114.2400,0.000057
FILLER_37_166,VGND,li1,82.3400,114.2400,0.000057
FILLER_37_157,VGND,li1,77.9700,114.2400,0.000055
FILLER_37_149,VGND,li1,75.9000,114.2400,0.000054
FILLER_37_126,VGND,li1,66.2400,114.2400,0.000049
FILLER_37_113,VGND,li1,58.8800,114.2400,0.000044
FILLER_37_109,VGND,li1,56.3500,114.2400,0.000043
FILLER_37_103,VGND,li1,53.5900,114.2400,0.000041
FILLER_37_91,VGND,li1,50.1400,114.2400,0.000039
FILLER_37_84,VGND,li1,44.8500,114.2400,0.000034
FILLER_37_80,VGND,li1,42.5500,114.2400,0.000033
FILLER_37_71,VGND,li1,38.6400,114.2400,0.000029
FILLER_37_57,VGND,li1,32.4300,114.2400,0.000023
FILLER_37_52,VGND,li1,30.3600,114.2400,0.000020
FILLER_37_40,VGND,li1,26.6800,114.2400,0.000017
FILLER_37_3,VGND,li1,7.5900,114.2400,0.000019
FILLER_36_333,VGND,li1,159.1600,108.8000,0.000103
FILLER_36_307,VGND,li1,146.9700,108.8000,0.000100
FILLER_36_304,VGND,li1,145.5900,108.8000,0.000100
FILLER_36_298,VGND,li1,143.0600,108.8000,0.000099
FILLER_36_282,VGND,li1,135.4700,108.8000,0.000096
FILLER_36_270,VGND,li1,132.4800,108.8000,0.000095
FILLER_36_253,VGND,li1,122.8200,108.8000,0.000092
FILLER_36_249,VGND,li1,120.7500,108.8000,0.000091
FILLER_36_241,VGND,li1,118.2200,108.8000,0.000090
FILLER_36_229,VGND,li1,113.6200,108.8000,0.000088
FILLER_36_217,VGND,li1,108.1000,108.8000,0.000085
FILLER_36_205,VGND,li1,102.5800,108.8000,0.000083
FILLER_36_184,VGND,li1,91.5400,108.8000,0.000076
FILLER_36_173,VGND,li1,85.3300,108.8000,0.000072
FILLER_36_165,VGND,li1,83.2600,108.8000,0.000071
FILLER_36_153,VGND,li1,78.6600,108.8000,0.000067
FILLER_36_141,VGND,li1,73.1400,108.8000,0.000062
FILLER_36_138,VGND,li1,69.4600,108.8000,0.000060
FILLER_36_126,VGND,li1,66.2400,108.8000,0.000057
FILLER_36_101,VGND,li1,52.2100,108.8000,0.000042
FILLER_36_97,VGND,li1,51.0600,108.8000,0.000042
FILLER_36_85,VGND,li1,47.3800,108.8000,0.000038
FILLER_36_78,VGND,li1,42.7800,108.8000,0.000033
FILLER_36_66,VGND,li1,38.6400,108.8000,0.000029
FILLER_36_58,VGND,li1,32.6600,108.8000,0.000021
FILLER_36_46,VGND,li1,29.4400,108.8000,0.000018
FILLER_36_29,VGND,li1,19.0900,108.8000,0.000016
FILLER_35_331,VGND,li1,158.7000,108.8000,0.000103
FILLER_35_317,VGND,li1,152.7200,108.8000,0.000102
FILLER_35_309,VGND,li1,149.0400,108.8000,0.000101
FILLER_35_301,VGND,li1,145.3600,108.8000,0.000100
FILLER_35_293,VGND,li1,141.6800,108.8000,0.000098
FILLER_35_281,VGND,li1,137.5400,108.8000,0.000097
FILLER_35_272,VGND,li1,132.4800,108.8000,0.000095
FILLER_35_258,VGND,li1,124.4300,108.8000,0.000092
FILLER_35_252,VGND,li1,122.8200,108.8000,0.000092
FILLER_35_248,VGND,li1,119.8300,108.8000,0.000090
FILLER_35_230,VGND,li1,111.5500,108.8000,0.000086
FILLER_35_222,VGND,li1,108.1000,108.8000,0.000085
FILLER_35_213,VGND,li1,103.7300,108.8000,0.000083
FILLER_35_203,VGND,li1,99.1300,108.8000,0.000080
FILLER_35_197,VGND,li1,97.5200,108.8000,0.000080
FILLER_35_181,VGND,li1,91.5400,108.8000,0.000076
FILLER_35_169,VGND,li1,86.0200,108.8000,0.000072
FILLER_35_156,VGND,li1,80.0400,108.8000,0.000067
FILLER_35_146,VGND,li1,74.0600,108.8000,0.000064
FILLER_35_137,VGND,li1,69.4600,108.8000,0.000060
FILLER_35_129,VGND,li1,65.0900,108.8000,0.000055
FILLER_35_125,VGND,li1,63.9400,108.8000,0.000055
FILLER_35_113,VGND,li1,60.2600,108.8000,0.000051
FILLER_35_109,VGND,li1,56.3500,108.8000,0.000048
FILLER_35_95,VGND,li1,51.0600,108.8000,0.000042
FILLER_35_81,VGND,li1,44.1600,108.8000,0.000033
FILLER_35_69,VGND,li1,40.0200,108.8000,0.000029
FILLER_35_57,VGND,li1,34.5000,108.8000,0.000024
FILLER_35_44,VGND,li1,28.5200,108.8000,0.000018
FILLER_35_32,VGND,li1,23.0000,108.8000,0.000015
FILLER_35_3,VGND,li1,7.1300,108.8000,0.000018
FILLER_34_334,VGND,li1,159.3900,103.3600,0.000071
FILLER_34_326,VGND,li1,157.3200,103.3600,0.000071
FILLER_34_314,VGND,li1,152.7200,103.3600,0.000071
FILLER_34_300,VGND,li1,143.7500,103.3600,0.000071
FILLER_34_284,VGND,li1,136.3900,103.3600,0.000071
FILLER_34_278,VGND,li1,134.7800,103.3600,0.000071
FILLER_34_266,VGND,li1,130.6400,103.3600,0.000070
FILLER_34_257,VGND,li1,125.1200,103.3600,0.000070
FILLER_34_250,VGND,li1,120.9800,103.3600,0.000069
FILLER_34_233,VGND,li1,112.9300,103.3600,0.000068
FILLER_34_229,VGND,li1,111.7800,103.3600,0.000068
FILLER_34_217,VGND,li1,108.1000,103.3600,0.000067
FILLER_34_213,VGND,li1,103.7300,103.3600,0.000066
FILLER_34_209,VGND,li1,102.5800,103.3600,0.000066
FILLER_34_197,VGND,li1,98.9000,103.3600,0.000065
FILLER_34_184,VGND,li1,92.9200,103.3600,0.000064
FILLER_34_164,VGND,li1,81.6500,103.3600,0.000059
FILLER_34_145,VGND,li1,72.4500,103.3600,0.000055
FILLER_34_141,VGND,li1,71.3000,103.3600,0.000054
FILLER_34_139,VGND,li1,69.6900,103.3600,0.000053
FILLER_34_126,VGND,li1,63.7100,103.3600,0.000049
FILLER_34_120,VGND,li1,62.1000,103.3600,0.000049
FILLER_34_108,VGND,li1,57.9600,103.3600,0.000046
FILLER_34_96,VGND,li1,52.4400,103.3600,0.000042
FILLER_34_85,VGND,li1,44.8500,103.3600,0.000035
FILLER_34_78,VGND,li1,42.7800,103.3600,0.000033
FILLER_34_65,VGND,li1,35.6500,103.3600,0.000026
FILLER_34_53,VGND,li1,32.6600,103.3600,0.000023
FILLER_34_41,VGND,li1,27.1400,103.3600,0.000016
FILLER_34_29,VGND,li1,21.6200,103.3600,0.000013
FILLER_34_24,VGND,li1,17.4800,103.3600,0.000014
FILLER_33_332,VGND,li1,158.9300,103.3600,0.000071
FILLER_33_324,VGND,li1,156.4000,103.3600,0.000071
FILLER_33_312,VGND,li1,151.8000,103.3600,0.000071
FILLER_33_300,VGND,li1,146.2800,103.3600,0.000071
FILLER_33_297,VGND,li1,142.3700,103.3600,0.000071
FILLER_33_291,VGND,li1,140.7600,103.3600,0.000071
FILLER_33_278,VGND,li1,133.8600,103.3600,0.000071
FILLER_33_266,VGND,li1,130.6400,103.3600,0.000070
FILLER_33_255,VGND,li1,123.5100,103.3600,0.000070
FILLER_33_247,VGND,li1,120.9800,103.3600,0.000069
FILLER_33_241,VGND,li1,116.6100,103.3600,0.000069
FILLER_33_237,VGND,li1,115.4600,103.3600,0.000068
FILLER_33_225,VGND,li1,111.7800,103.3600,0.000068
FILLER_33_223,VGND,li1,108.3300,103.3600,0.000067
FILLER_33_215,VGND,li1,106.2600,103.3600,0.000067
FILLER_33_203,VGND,li1,101.6600,103.3600,0.000066
FILLER_33_184,VGND,li1,91.0800,103.3600,0.000063
FILLER_33_176,VGND,li1,86.9400,103.3600,0.000062
FILLER_33_169,VGND,li1,83.9500,103.3600,0.000060
FILLER_33_167,VGND,li1,82.5700,103.3600,0.000059
FILLER_33_155,VGND,li1,79.5800,103.3600,0.000058
FILLER_33_152,VGND,li1,75.6700,103.3600,0.000056
FILLER_33_145,VGND,li1,72.6800,103.3600,0.000055
FILLER_33_133,VGND,li1,69.4600,103.3600,0.000053
FILLER_33_128,VGND,li1,64.6300,103.3600,0.000051
FILLER_33_120,VGND,li1,62.5600,103.3600,0.000049
FILLER_33_80,VGND,li1,45.0800,103.3600,0.000035
FILLER_33_68,VGND,li1,39.5600,103.3600,0.000030
FILLER_33_54,VGND,li1,30.8200,103.3600,0.000021
FILLER_33_7,VGND,li1,8.9700,103.3600,0.000015
FILLER_33_3,VGND,li1,7.8200,103.3600,0.000015
FILLER_32_329,VGND,li1,158.2400,97.9200,0.000470
FILLER_32_317,VGND,li1,154.1000,97.9200,0.000470
FILLER_32_297,VGND,li1,143.0600,97.9200,0.000470
FILLER_32_286,VGND,li1,137.7700,97.9200,0.000470
FILLER_32_274,VGND,li1,134.3200,97.9200,0.000470
FILLER_32_257,VGND,li1,125.5800,97.9200,0.000468
FILLER_32_225,VGND,li1,109.7100,97.9200,0.000446
FILLER_32_201,VGND,li1,99.3600,97.9200,0.000404
FILLER_32_195,VGND,li1,95.4500,97.9200,0.000388
FILLER_32_187,VGND,li1,92.0000,97.9200,0.000367
FILLER_32_184,VGND,li1,90.3900,97.9200,0.000367
FILLER_32_176,VGND,li1,88.3200,97.9200,0.000353
FILLER_32_164,VGND,li1,83.7200,97.9200,0.000334
FILLER_32_141,VGND,li1,72.2200,97.9200,0.000286
FILLER_32_139,VGND,li1,69.6900,97.9200,0.000271
FILLER_32_135,VGND,li1,68.5400,97.9200,0.000271
FILLER_32_127,VGND,li1,64.6300,97.9200,0.000246
FILLER_32_115,VGND,li1,61.1800,97.9200,0.000236
FILLER_32_97,VGND,li1,52.9000,97.9200,0.000196
FILLER_32_85,VGND,li1,47.3800,97.9200,0.000163
FILLER_32_71,VGND,li1,38.4100,97.9200,0.000123
FILLER_32_59,VGND,li1,35.4200,97.9200,0.000103
FILLER_32_52,VGND,li1,30.1300,97.9200,0.000080
FILLER_32_38,VGND,li1,24.8400,97.9200,0.000053
FILLER_32_35,VGND,li1,21.8500,97.9200,0.000053
FILLER_32_29,VGND,li1,20.2400,97.9200,0.000053
FILLER_32_27,VGND,li1,18.1700,97.9200,0.000053
FILLER_32_19,VGND,li1,16.1000,97.9200,0.000053
FILLER_32_11,VGND,li1,11.0400,97.9200,0.000053
FILLER_32_3,VGND,li1,8.7400,97.9200,0.000053
FILLER_31_333,VGND,li1,159.1600,97.9200,0.000470
FILLER_31_321,VGND,li1,155.9400,97.9200,0.000470
FILLER_31_316,VGND,li1,151.1100,97.9200,0.000470
FILLER_31_312,VGND,li1,149.9600,97.9200,0.000470
FILLER_31_303,VGND,li1,145.1300,97.9200,0.000470
FILLER_31_289,VGND,li1,138.6900,97.9200,0.000470
FILLER_31_281,VGND,li1,136.6200,97.9200,0.000470
FILLER_31_279,VGND,li1,134.0900,97.9200,0.000469
FILLER_31_273,VGND,li1,132.4800,97.9200,0.000469
FILLER_31_251,VGND,li1,123.7400,97.9200,0.000468
FILLER_31_237,VGND,li1,114.7700,97.9200,0.000465
FILLER_31_229,VGND,li1,111.0900,97.9200,0.000446
FILLER_31_225,VGND,li1,109.9400,97.9200,0.000446
FILLER_31_218,VGND,li1,107.1800,97.9200,0.000436
FILLER_31_212,VGND,li1,103.2700,97.9200,0.000414
FILLER_31_204,VGND,li1,99.8200,97.9200,0.000404
FILLER_31_196,VGND,li1,97.5200,97.9200,0.000397
FILLER_31_186,VGND,li1,91.3100,97.9200,0.000367
FILLER_31_177,VGND,li1,87.1700,97.9200,0.000353
FILLER_31_169,VGND,li1,85.1000,97.9200,0.000345
FILLER_31_167,VGND,li1,82.5700,97.9200,0.000334
FILLER_31_147,VGND,li1,73.8300,97.9200,0.000296
FILLER_31_118,VGND,li1,61.1800,97.9200,0.000236
FILLER_31_104,VGND,li1,54.2800,97.9200,0.000196
FILLER_31_92,VGND,li1,50.6000,97.9200,0.000184
FILLER_31_81,VGND,li1,43.7000,97.9200,0.000144
FILLER_31_69,VGND,li1,40.0200,97.9200,0.000123
FILLER_31_57,VGND,li1,34.5000,97.9200,0.000103
FILLER_31_55,VGND,li1,31.0500,97.9200,0.000080
FILLER_31_43,VGND,li1,28.0600,97.9200,0.000069
FILLER_31_31,VGND,li1,22.5400,97.9200,0.000053
FILLER_31_19,VGND,li1,17.0200,97.9200,0.000053
FILLER_31_7,VGND,li1,11.5000,97.9200,0.000053
FILLER_30_334,VGND,li1,159.3900,92.4800,0.000113
FILLER_30_322,VGND,li1,156.4000,92.4800,0.000112
FILLER_30_309,VGND,li1,149.0400,92.4800,0.000112
FILLER_30_307,VGND,li1,146.9700,92.4800,0.000112
FILLER_30_299,VGND,li1,144.9000,92.4800,0.000112
FILLER_30_294,VGND,li1,141.4500,92.4800,0.000112
FILLER_30_273,VGND,li1,132.9400,92.4800,0.000111
FILLER_30_253,VGND,li1,124.6600,92.4800,0.000110
FILLER_30_248,VGND,li1,120.5200,92.4800,0.000109
FILLER_30_242,VGND,li1,117.5300,92.4800,0.000108
FILLER_30_221,VGND,li1,107.4100,92.4800,0.000104
FILLER_30_213,VGND,li1,105.3400,92.4800,0.000103
FILLER_30_201,VGND,li1,100.7400,92.4800,0.000101
FILLER_30_166,VGND,li1,82.3400,92.4800,0.000090
FILLER_30_154,VGND,li1,79.1200,92.4800,0.000088
FILLER_30_141,VGND,li1,72.2200,92.4800,0.000081
FILLER_30_137,VGND,li1,69.2300,92.4800,0.000080
FILLER_30_133,VGND,li1,67.1600,92.4800,0.000078
FILLER_30_128,VGND,li1,65.0900,92.4800,0.000076
FILLER_30_116,VGND,li1,61.6400,92.4800,0.000072
FILLER_30_104,VGND,li1,56.1200,92.4800,0.000064
FILLER_30_97,VGND,li1,50.3700,92.4800,0.000057
FILLER_30_85,VGND,li1,47.3800,92.4800,0.000053
FILLER_30_81,VGND,li1,43.4700,92.4800,0.000048
FILLER_30_56,VGND,li1,32.6600,92.4800,0.000032
FILLER_30_45,VGND,li1,26.4500,92.4800,0.000020
FILLER_30_29,VGND,li1,19.0900,92.4800,0.000022
FILLER_30_22,VGND,li1,15.8700,92.4800,0.000024
FILLER_30_18,VGND,li1,14.7200,92.4800,0.000024
FILLER_30_3,VGND,li1,7.5900,92.4800,0.000025
FILLER_29_334,VGND,li1,159.3900,92.4800,0.000113
FILLER_29_317,VGND,li1,151.8000,92.4800,0.000112
FILLER_29_305,VGND,li1,148.5800,92.4800,0.000112
FILLER_29_293,VGND,li1,143.0600,92.4800,0.000112
FILLER_29_281,VGND,li1,137.5400,92.4800,0.000112
FILLER_29_279,VGND,li1,134.0900,92.4800,0.000111
FILLER_29_275,VGND,li1,132.9400,92.4800,0.000111
FILLER_29_264,VGND,li1,127.1900,92.4800,0.000111
FILLER_29_260,VGND,li1,126.0400,92.4800,0.000110
FILLER_29_248,VGND,li1,122.3600,92.4800,0.000109
FILLER_29_237,VGND,li1,116.3800,92.4800,0.000108
FILLER_29_225,VGND,li1,111.7800,92.4800,0.000106
FILLER_29_212,VGND,li1,105.8000,92.4800,0.000103
FILLER_29_208,VGND,li1,101.4300,92.4800,0.000101
FILLER_29_204,VGND,li1,100.2800,92.4800,0.000101
FILLER_29_164,VGND,li1,81.1900,92.4800,0.000090
FILLER_29_156,VGND,li1,79.1200,92.4800,0.000088
FILLER_29_139,VGND,li1,69.9200,92.4800,0.000080
FILLER_29_101,VGND,li1,52.2100,92.4800,0.000060
FILLER_29_86,VGND,li1,45.3100,92.4800,0.000050
FILLER_29_74,VGND,li1,42.3200,92.4800,0.000045
FILLER_29_65,VGND,li1,35.6500,92.4800,0.000036
FILLER_29_57,VGND,li1,33.5800,92.4800,0.000032
FILLER_29_55,VGND,li1,31.0500,92.4800,0.000028
FILLER_29_43,VGND,li1,28.0600,92.4800,0.000024
FILLER_29_31,VGND,li1,22.5400,92.4800,0.000021
FILLER_29_26,VGND,li1,17.7100,92.4800,0.000023
FILLER_29_22,VGND,li1,16.5600,92.4800,0.000023
FILLER_29_3,VGND,li1,7.1300,92.4800,0.000025
FILLER_28_334,VGND,li1,159.3900,87.0400,0.000255
FILLER_28_330,VGND,li1,158.2400,87.0400,0.000255
FILLER_28_326,VGND,li1,155.9400,87.0400,0.000255
FILLER_28_323,VGND,li1,154.3300,87.0400,0.000255
FILLER_28_307,VGND,li1,146.9700,87.0400,0.000254
FILLER_28_293,VGND,li1,141.6800,87.0400,0.000253
FILLER_28_281,VGND,li1,137.5400,87.0400,0.000252
FILLER_28_273,VGND,li1,131.3300,87.0400,0.000250
FILLER_28_269,VGND,li1,130.1800,87.0400,0.000249
FILLER_28_253,VGND,li1,123.7400,87.0400,0.000246
FILLER_28_249,VGND,li1,120.7500,87.0400,0.000243
FILLER_28_234,VGND,li1,113.3900,87.0400,0.000237
FILLER_28_228,VGND,li1,111.7800,87.0400,0.000237
FILLER_28_212,VGND,li1,104.4200,87.0400,0.000232
FILLER_28_197,VGND,li1,97.9800,87.0400,0.000226
FILLER_28_194,VGND,li1,95.2200,87.0400,0.000224
FILLER_28_181,VGND,li1,90.6200,87.0400,0.000220
FILLER_28_169,VGND,li1,86.0200,87.0400,0.000215
FILLER_28_161,VGND,li1,80.0400,87.0400,0.000207
FILLER_28_153,VGND,li1,77.7400,87.0400,0.000205
FILLER_28_141,VGND,li1,73.1400,87.0400,0.000201
FILLER_28_139,VGND,li1,69.6900,87.0400,0.000197
FILLER_28_131,VGND,li1,67.6200,87.0400,0.000194
FILLER_28_128,VGND,li1,64.6300,87.0400,0.000190
FILLER_28_124,VGND,li1,63.4800,87.0400,0.000187
FILLER_28_112,VGND,li1,59.8000,87.0400,0.000184
FILLER_28_85,VGND,li1,46.4600,87.0400,0.000155
FILLER_28_83,VGND,li1,43.9300,87.0400,0.000135
FILLER_28_79,VGND,li1,42.7800,87.0400,0.000135
FILLER_28_67,VGND,li1,39.1000,87.0400,0.000120
FILLER_28_55,VGND,li1,33.5800,87.0400,0.000093
FILLER_28_41,VGND,li1,26.2200,87.0400,0.000051
FILLER_28_29,VGND,li1,21.6200,87.0400,0.000051
FILLER_28_24,VGND,li1,17.4800,87.0400,0.000051
FILLER_28_12,VGND,li1,13.8000,87.0400,0.000052
FILLER_28_3,VGND,li1,7.3600,87.0400,0.000052
FILLER_27_327,VGND,li1,157.7800,87.0400,0.000255
FILLER_27_289,VGND,li1,139.8400,87.0400,0.000253
FILLER_27_281,VGND,li1,135.0100,87.0400,0.000252
FILLER_27_277,VGND,li1,133.6300,87.0400,0.000251
FILLER_27_251,VGND,li1,122.8200,87.0400,0.000244
FILLER_27_237,VGND,li1,114.7700,87.0400,0.000240
FILLER_27_225,VGND,li1,111.7800,87.0400,0.000237
FILLER_27_222,VGND,li1,108.1000,87.0400,0.000234
FILLER_27_210,VGND,li1,104.8800,87.0400,0.000232
FILLER_27_198,VGND,li1,99.3600,87.0400,0.000226
FILLER_27_164,VGND,li1,81.1900,87.0400,0.000210
FILLER_27_160,VGND,li1,80.0400,87.0400,0.000207
FILLER_27_139,VGND,li1,69.6900,87.0400,0.000197
FILLER_27_133,VGND,li1,68.0800,87.0400,0.000194
FILLER_27_122,VGND,li1,62.1000,87.0400,0.000187
FILLER_27_115,VGND,li1,58.6500,87.0400,0.000181
FILLER_27_87,VGND,li1,45.7700,87.0400,0.000145
FILLER_27_83,VGND,li1,44.6200,87.0400,0.000145
FILLER_27_76,VGND,li1,40.7100,87.0400,0.000120
FILLER_27_55,VGND,li1,31.0500,87.0400,0.000072
FILLER_27_49,VGND,li1,29.4400,87.0400,0.000072
FILLER_27_37,VGND,li1,25.3000,87.0400,0.000051
FILLER_27_29,VGND,li1,19.3200,87.0400,0.000051
FILLER_27_21,VGND,li1,17.0200,87.0400,0.000051
FILLER_27_10,VGND,li1,10.5800,87.0400,0.000052
FILLER_26_323,VGND,li1,155.9400,81.6000,0.000067
FILLER_26_309,VGND,li1,149.5000,81.6000,0.000066
FILLER_26_306,VGND,li1,146.7400,81.6000,0.000066
FILLER_26_289,VGND,li1,139.1500,81.6000,0.000066
FILLER_26_277,VGND,li1,135.7000,81.6000,0.000065
FILLER_26_265,VGND,li1,130.1800,81.6000,0.000065
FILLER_26_253,VGND,li1,123.7400,81.6000,0.000064
FILLER_26_240,VGND,li1,118.6800,81.6000,0.000062
FILLER_26_228,VGND,li1,113.1600,81.6000,0.000061
FILLER_26_216,VGND,li1,107.6400,81.6000,0.000059
FILLER_26_209,VGND,li1,102.5800,81.6000,0.000058
FILLER_26_197,VGND,li1,98.9000,81.6000,0.000057
FILLER_26_190,VGND,li1,94.3000,81.6000,0.000056
FILLER_26_168,VGND,li1,83.4900,81.6000,0.000052
FILLER_26_156,VGND,li1,80.0400,81.6000,0.000050
FILLER_26_141,VGND,li1,70.8400,81.6000,0.000046
FILLER_26_137,VGND,li1,69.2300,81.6000,0.000046
FILLER_26_128,VGND,li1,65.0900,81.6000,0.000043
FILLER_26_121,VGND,li1,61.4100,81.6000,0.000042
FILLER_26_110,VGND,li1,56.5800,81.6000,0.000039
FILLER_26_106,VGND,li1,54.7400,81.6000,0.000038
FILLER_26_85,VGND,li1,45.3100,81.6000,0.000030
FILLER_26_80,VGND,li1,43.2400,81.6000,0.000028
FILLER_26_68,VGND,li1,39.5600,81.6000,0.000026
FILLER_26_56,VGND,li1,34.0400,81.6000,0.000020
FILLER_26_46,VGND,li1,26.9100,81.6000,0.000013
FILLER_26_29,VGND,li1,19.3200,81.6000,0.000012
FILLER_26_27,VGND,li1,18.1700,81.6000,0.000012
FILLER_26_7,VGND,li1,9.2000,81.6000,0.000013
FILLER_25_309,VGND,li1,148.5800,81.6000,0.000066
FILLER_25_297,VGND,li1,144.9000,81.6000,0.000066
FILLER_25_278,VGND,li1,133.8600,81.6000,0.000065
FILLER_25_270,VGND,li1,131.5600,81.6000,0.000065
FILLER_25_257,VGND,li1,123.9700,81.6000,0.000064
FILLER_25_253,VGND,li1,122.8200,81.6000,0.000063
FILLER_25_241,VGND,li1,119.1400,81.6000,0.000062
FILLER_25_233,VGND,li1,113.3900,81.6000,0.000061
FILLER_25_225,VGND,li1,110.8600,81.6000,0.000060
FILLER_25_223,VGND,li1,108.3300,81.6000,0.000059
FILLER_25_217,VGND,li1,106.7200,81.6000,0.000059
FILLER_25_206,VGND,li1,101.2000,81.6000,0.000058
FILLER_25_196,VGND,li1,96.3700,81.6000,0.000056
FILLER_25_184,VGND,li1,92.9200,81.6000,0.000055
FILLER_25_177,VGND,li1,87.1700,81.6000,0.000053
FILLER_25_169,VGND,li1,85.1000,81.6000,0.000052
FILLER_25_156,VGND,li1,80.0400,81.6000,0.000050
FILLER_25_134,VGND,li1,67.3900,81.6000,0.000045
FILLER_25_122,VGND,li1,64.4000,81.6000,0.000043
FILLER_25_110,VGND,li1,56.5800,81.6000,0.000039
FILLER_25_86,VGND,li1,47.8400,81.6000,0.000033
FILLER_25_75,VGND,li1,40.4800,81.6000,0.000026
FILLER_25_63,VGND,li1,35.1900,81.6000,0.000022
FILLER_25_44,VGND,li1,28.5200,81.6000,0.000015
FILLER_25_22,VGND,li1,15.8700,81.6000,0.000012
FILLER_25_16,VGND,li1,13.3400,81.6000,0.000012
FILLER_25_13,VGND,li1,11.7300,81.6000,0.000012
FILLER_25_9,VGND,li1,10.1200,81.6000,0.000013
FILLER_24_333,VGND,li1,159.1600,76.1600,0.000265
FILLER_24_324,VGND,li1,154.7900,76.1600,0.000265
FILLER_24_318,VGND,li1,153.1800,76.1600,0.000265
FILLER_24_307,VGND,li1,146.9700,76.1600,0.000265
FILLER_24_290,VGND,li1,139.8400,76.1600,0.000264
FILLER_24_283,VGND,li1,135.9300,76.1600,0.000264
FILLER_24_279,VGND,li1,134.7800,76.1600,0.000264
FILLER_24_267,VGND,li1,131.1000,76.1600,0.000263
FILLER_24_253,VGND,li1,123.2800,76.1600,0.000261
FILLER_24_220,VGND,li1,106.9500,76.1600,0.000254
FILLER_24_208,VGND,li1,103.9600,76.1600,0.000253
FILLER_24_192,VGND,li1,94.7600,76.1600,0.000248
FILLER_24_159,VGND,li1,78.8900,76.1600,0.000223
FILLER_24_153,VGND,li1,77.2800,76.1600,0.000223
FILLER_24_141,VGND,li1,73.1400,76.1600,0.000210
FILLER_24_136,VGND,li1,69.0000,76.1600,0.000192
FILLER_24_124,VGND,li1,65.3200,76.1600,0.000182
FILLER_24_118,VGND,li1,60.2600,76.1600,0.000165
FILLER_24_106,VGND,li1,57.0400,76.1600,0.000152
FILLER_24_94,VGND,li1,51.5200,76.1600,0.000134
FILLER_24_85,VGND,li1,44.8500,76.1600,0.000115
FILLER_24_66,VGND,li1,38.6400,76.1600,0.000094
FILLER_24_58,VGND,li1,32.6600,76.1600,0.000074
FILLER_24_46,VGND,li1,29.4400,76.1600,0.000060
FILLER_24_31,VGND,li1,20.0100,76.1600,0.000045
FILLER_24_27,VGND,li1,18.1700,76.1600,0.000046
FILLER_24_12,VGND,li1,11.2700,76.1600,0.000049
FILLER_23_333,VGND,li1,159.1600,76.1600,0.000265
FILLER_23_321,VGND,li1,155.9400,76.1600,0.000265
FILLER_23_309,VGND,li1,149.0400,76.1600,0.000265
FILLER_23_304,VGND,li1,145.5900,76.1600,0.000265
FILLER_23_298,VGND,li1,143.9800,76.1600,0.000265
FILLER_23_294,VGND,li1,140.9900,76.1600,0.000264
FILLER_23_290,VGND,li1,139.8400,76.1600,0.000264
FILLER_23_279,VGND,li1,134.0900,76.1600,0.000264
FILLER_23_273,VGND,li1,132.4800,76.1600,0.000263
FILLER_23_256,VGND,li1,123.5100,76.1600,0.000261
FILLER_23_250,VGND,li1,121.9000,76.1600,0.000260
FILLER_23_238,VGND,li1,117.7600,76.1600,0.000259
FILLER_23_216,VGND,li1,105.1100,76.1600,0.000253
FILLER_23_204,VGND,li1,102.1200,76.1600,0.000252
FILLER_23_164,VGND,li1,81.1900,76.1600,0.000236
FILLER_23_144,VGND,li1,74.5200,76.1600,0.000210
FILLER_23_121,VGND,li1,61.4100,76.1600,0.000171
FILLER_23_99,VGND,li1,52.4400,76.1600,0.000142
FILLER_23_87,VGND,li1,45.7700,76.1600,0.000115
FILLER_23_74,VGND,li1,40.2500,76.1600,0.000101
FILLER_23_57,VGND,li1,32.4300,76.1600,0.000074
FILLER_23_46,VGND,li1,26.9100,76.1600,0.000049
FILLER_23_28,VGND,li1,19.0900,76.1600,0.000046
FILLER_23_3,VGND,li1,7.1300,76.1600,0.000049
FILLER_22_307,VGND,li1,146.9700,70.7200,0.000112
FILLER_22_300,VGND,li1,144.2100,70.7200,0.000111
FILLER_22_291,VGND,li1,139.8400,70.7200,0.000109
FILLER_22_287,VGND,li1,137.7700,70.7200,0.000108
FILLER_22_283,VGND,li1,136.6200,70.7200,0.000108
FILLER_22_267,VGND,li1,128.5700,70.7200,0.000104
FILLER_22_261,VGND,li1,126.9600,70.7200,0.000104
FILLER_22_235,VGND,li1,113.8500,70.7200,0.000095
FILLER_22_223,VGND,li1,110.8600,70.7200,0.000093
FILLER_22_197,VGND,li1,98.9000,70.7200,0.000083
FILLER_22_192,VGND,li1,94.7600,70.7200,0.000080
FILLER_22_186,VGND,li1,92.0000,70.7200,0.000078
FILLER_22_166,VGND,li1,84.6400,70.7200,0.000073
FILLER_22_157,VGND,li1,78.2000,70.7200,0.000067
FILLER_22_147,VGND,li1,73.3700,70.7200,0.000062
FILLER_22_141,VGND,li1,71.7600,70.7200,0.000062
FILLER_22_128,VGND,li1,67.1600,70.7200,0.000056
FILLER_22_112,VGND,li1,58.4200,70.7200,0.000049
FILLER_22_104,VGND,li1,53.8200,70.7200,0.000045
FILLER_22_96,VGND,li1,51.5200,70.7200,0.000043
FILLER_22_81,VGND,li1,43.0100,70.7200,0.000033
FILLER_22_65,VGND,li1,37.2600,70.7200,0.000029
FILLER_22_57,VGND,li1,31.9700,70.7200,0.000023
FILLER_22_45,VGND,li1,28.9800,70.7200,0.000020
FILLER_22_36,VGND,li1,22.3100,70.7200,0.000017
FILLER_22_3,VGND,li1,7.1300,70.7200,0.000020
FILLER_21_325,VGND,li1,156.4000,70.7200,0.000115
FILLER_21_317,VGND,li1,151.5700,70.7200,0.000114
FILLER_21_309,VGND,li1,147.8900,70.7200,0.000112
FILLER_21_305,VGND,li1,146.7400,70.7200,0.000112
FILLER_21_293,VGND,li1,143.0600,70.7200,0.000111
FILLER_21_281,VGND,li1,137.5400,70.7200,0.000108
FILLER_21_268,VGND,li1,131.5600,70.7200,0.000106
FILLER_21_244,VGND,li1,119.6000,70.7200,0.000099
FILLER_21_232,VGND,li1,115.0000,70.7200,0.000095
FILLER_21_209,VGND,li1,101.8900,70.7200,0.000087
FILLER_21_201,VGND,li1,99.8200,70.7200,0.000085
FILLER_21_197,VGND,li1,96.3700,70.7200,0.000081
FILLER_21_193,VGND,li1,95.2200,70.7200,0.000081
FILLER_21_181,VGND,li1,91.5400,70.7200,0.000078
FILLER_21_169,VGND,li1,86.0200,70.7200,0.000073
FILLER_21_166,VGND,li1,82.3400,70.7200,0.000071
FILLER_21_158,VGND,li1,80.0400,70.7200,0.000069
FILLER_21_149,VGND,li1,74.2900,70.7200,0.000064
FILLER_21_143,VGND,li1,72.6800,70.7200,0.000062
FILLER_21_127,VGND,li1,64.1700,70.7200,0.000054
FILLER_21_119,VGND,li1,60.4900,70.7200,0.000051
FILLER_21_113,VGND,li1,58.8800,70.7200,0.000049
FILLER_21_110,VGND,li1,56.5800,70.7200,0.000047
FILLER_21_102,VGND,li1,54.2800,70.7200,0.000045
FILLER_21_89,VGND,li1,46.6900,70.7200,0.000037
FILLER_21_83,VGND,li1,45.0800,70.7200,0.000037
FILLER_21_80,VGND,li1,42.5500,70.7200,0.000033
FILLER_21_76,VGND,li1,41.4000,70.7200,0.000033
FILLER_21_57,VGND,li1,34.5000,70.7200,0.000026
FILLER_21_54,VGND,li1,30.8200,70.7200,0.000023
FILLER_21_42,VGND,li1,27.6000,70.7200,0.000020
FILLER_21_34,VGND,li1,22.0800,70.7200,0.000017
FILLER_20_333,VGND,li1,159.1600,65.2800,0.000105
FILLER_20_321,VGND,li1,155.9400,65.2800,0.000105
FILLER_20_309,VGND,li1,150.4200,65.2800,0.000105
FILLER_20_300,VGND,li1,145.3600,65.2800,0.000104
FILLER_20_288,VGND,li1,140.7600,65.2800,0.000104
FILLER_20_282,VGND,li1,135.4700,65.2800,0.000104
FILLER_20_276,VGND,li1,133.8600,65.2800,0.000104
FILLER_20_264,VGND,li1,129.7200,65.2800,0.000102
FILLER_20_253,VGND,li1,122.5900,65.2800,0.000100
FILLER_20_240,VGND,li1,118.6800,65.2800,0.000098
FILLER_20_234,VGND,li1,113.3900,65.2800,0.000096
FILLER_20_228,VGND,li1,111.7800,65.2800,0.000096
FILLER_20_209,VGND,li1,102.3500,65.2800,0.000091
FILLER_20_197,VGND,li1,98.9000,65.2800,0.000089
FILLER_20_188,VGND,li1,93.8400,65.2800,0.000087
FILLER_20_176,VGND,li1,89.2400,65.2800,0.000084
FILLER_20_171,VGND,li1,84.4100,65.2800,0.000081
FILLER_20_149,VGND,li1,74.7500,65.2800,0.000076
FILLER_20_141,VGND,li1,70.6100,65.2800,0.000074
FILLER_20_118,VGND,li1,60.4900,65.2800,0.000066
FILLER_20_110,VGND,li1,57.9600,65.2800,0.000064
FILLER_20_91,VGND,li1,47.6100,65.2800,0.000056
FILLER_20_87,VGND,li1,46.4600,65.2800,0.000053
FILLER_20_67,VGND,li1,36.5700,65.2800,0.000042
FILLER_20_60,VGND,li1,33.3500,65.2800,0.000038
FILLER_19_329,VGND,li1,158.2400,65.2800,0.000105
FILLER_19_314,VGND,li1,151.3400,65.2800,0.000105
FILLER_19_293,VGND,li1,140.9900,65.2800,0.000104
FILLER_19_285,VGND,li1,138.4600,65.2800,0.000104
FILLER_19_278,VGND,li1,133.8600,65.2800,0.000104
FILLER_19_256,VGND,li1,125.1200,65.2800,0.000101
FILLER_19_241,VGND,li1,117.0700,65.2800,0.000098
FILLER_19_233,VGND,li1,112.9300,65.2800,0.000096
FILLER_19_227,VGND,li1,111.3200,65.2800,0.000095
FILLER_19_213,VGND,li1,104.1900,65.2800,0.000092
FILLER_19_205,VGND,li1,101.6600,65.2800,0.000091
FILLER_19_182,VGND,li1,90.6200,65.2800,0.000085
FILLER_19_169,VGND,li1,83.9500,65.2800,0.000081
FILLER_19_167,VGND,li1,82.5700,65.2800,0.000080
FILLER_19_161,VGND,li1,80.9600,65.2800,0.000080
FILLER_19_147,VGND,li1,75.9000,65.2800,0.000076
FILLER_19_141,VGND,li1,70.6100,65.2800,0.000074
FILLER_19_128,VGND,li1,65.3200,65.2800,0.000069
FILLER_19_105,VGND,li1,54.2800,65.2800,0.000062
FILLER_19_97,VGND,li1,51.9800,65.2800,0.000060
FILLER_19_85,VGND,li1,47.3800,65.2800,0.000056
FILLER_19_54,VGND,li1,30.8200,65.2800,0.000032
FILLER_19_47,VGND,li1,27.8300,65.2800,0.000028
FILLER_19_39,VGND,li1,25.3000,65.2800,0.000023
FILLER_19_21,VGND,li1,17.0200,65.2800,0.000025
FILLER_19_16,VGND,li1,13.1100,65.2800,0.000026
FILLER_19_3,VGND,li1,7.1300,65.2800,0.000027
FILLER_18_334,VGND,li1,159.3900,59.8400,0.000358
FILLER_18_309,VGND,li1,148.1200,59.8400,0.000358
FILLER_18_306,VGND,li1,146.7400,59.8400,0.000358
FILLER_18_274,VGND,li1,132.2500,59.8400,0.000357
FILLER_18_262,VGND,li1,128.8000,59.8400,0.000356
FILLER_18_253,VGND,li1,123.2800,59.8400,0.000355
FILLER_18_240,VGND,li1,118.6800,59.8400,0.000355
FILLER_18_224,VGND,li1,108.7900,59.8400,0.000333
FILLER_18_213,VGND,li1,103.7300,59.8400,0.000315
FILLER_18_207,VGND,li1,102.1200,59.8400,0.000315
FILLER_18_192,VGND,li1,94.0700,59.8400,0.000288
FILLER_18_186,VGND,li1,92.4600,59.8400,0.000279
FILLER_18_174,VGND,li1,88.3200,59.8400,0.000268
FILLER_18_165,VGND,li1,82.3400,59.8400,0.000247
FILLER_18_153,VGND,li1,78.6600,59.8400,0.000232
FILLER_18_141,VGND,li1,73.1400,59.8400,0.000213
FILLER_18_139,VGND,li1,69.6900,59.8400,0.000200
FILLER_18_135,VGND,li1,68.5400,59.8400,0.000200
FILLER_18_123,VGND,li1,64.8600,59.8400,0.000182
FILLER_18_109,VGND,li1,55.8900,59.8400,0.000150
FILLER_18_97,VGND,li1,52.9000,59.8400,0.000142
FILLER_18_85,VGND,li1,47.3800,59.8400,0.000123
FILLER_18_82,VGND,li1,43.7000,59.8400,0.000106
FILLER_18_65,VGND,li1,36.1100,59.8400,0.000080
FILLER_18_55,VGND,li1,31.0500,59.8400,0.000061
FILLER_18_43,VGND,li1,28.0600,59.8400,0.000054
FILLER_18_31,VGND,li1,22.5400,59.8400,0.000043
FILLER_18_25,VGND,li1,17.7100,59.8400,0.000043
FILLER_18_17,VGND,li1,15.1800,59.8400,0.000043
FILLER_18_8,VGND,li1,9.4300,59.8400,0.000044
FILLER_17_334,VGND,li1,159.3900,59.8400,0.000358
FILLER_17_326,VGND,li1,157.3200,59.8400,0.000358
FILLER_17_321,VGND,li1,153.4100,59.8400,0.000358
FILLER_17_317,VGND,li1,152.2600,59.8400,0.000358
FILLER_17_305,VGND,li1,148.5800,59.8400,0.000358
FILLER_17_293,VGND,li1,143.0600,59.8400,0.000358
FILLER_17_281,VGND,li1,137.5400,59.8400,0.000358
FILLER_17_272,VGND,li1,132.4800,59.8400,0.000357
FILLER_17_260,VGND,li1,127.8800,59.8400,0.000356
FILLER_17_248,VGND,li1,122.3600,59.8400,0.000355
FILLER_17_225,VGND,li1,109.2500,59.8400,0.000333
FILLER_17_205,VGND,li1,100.7400,59.8400,0.000305
FILLER_17_193,VGND,li1,97.0600,59.8400,0.000294
FILLER_17_181,VGND,li1,91.5400,59.8400,0.000279
FILLER_17_169,VGND,li1,86.0200,59.8400,0.000255
FILLER_17_164,VGND,li1,81.8800,59.8400,0.000240
FILLER_17_144,VGND,li1,72.4500,59.8400,0.000213
FILLER_17_132,VGND,li1,69.0000,59.8400,0.000200
FILLER_17_120,VGND,li1,63.4800,59.8400,0.000182
FILLER_17_111,VGND,li1,56.8100,59.8400,0.000158
FILLER_17_107,VGND,li1,55.6600,59.8400,0.000150
FILLER_17_79,VGND,li1,42.0900,59.8400,0.000106
FILLER_17_57,VGND,li1,33.1200,59.8400,0.000068
FILLER_17_3,VGND,li1,7.1300,59.8400,0.000044
FILLER_16_333,VGND,li1,159.1600,54.4000,0.000227
FILLER_16_321,VGND,li1,155.9400,54.4000,0.000227
FILLER_16_309,VGND,li1,150.4200,54.4000,0.000227
FILLER_16_307,VGND,li1,146.9700,54.4000,0.000227
FILLER_16_277,VGND,li1,133.8600,54.4000,0.000226
FILLER_16_253,VGND,li1,122.3600,54.4000,0.000222
FILLER_16_240,VGND,li1,118.6800,54.4000,0.000221
FILLER_16_221,VGND,li1,107.4100,54.4000,0.000215
FILLER_16_217,VGND,li1,105.5700,54.4000,0.000214
FILLER_16_209,VGND,li1,103.5000,54.4000,0.000212
FILLER_16_197,VGND,li1,98.9000,54.4000,0.000210
FILLER_16_195,VGND,li1,95.4500,54.4000,0.000206
FILLER_16_191,VGND,li1,94.3000,54.4000,0.000206
FILLER_16_166,VGND,li1,82.5700,54.4000,0.000198
FILLER_16_160,VGND,li1,79.3500,54.4000,0.000194
FILLER_16_154,VGND,li1,77.7400,54.4000,0.000194
FILLER_16_148,VGND,li1,74.5200,54.4000,0.000192
FILLER_16_134,VGND,li1,67.3900,54.4000,0.000186
FILLER_16_121,VGND,li1,62.5600,54.4000,0.000183
FILLER_16_85,VGND,li1,45.0800,54.4000,0.000145
FILLER_16_80,VGND,li1,43.2400,54.4000,0.000134
FILLER_16_74,VGND,li1,40.4800,54.4000,0.000126
FILLER_16_69,VGND,li1,37.4900,54.4000,0.000115
FILLER_16_42,VGND,li1,25.0700,54.4000,0.000052
FILLER_16_38,VGND,li1,23.9200,54.4000,0.000052
FILLER_16_29,VGND,li1,19.0900,54.4000,0.000054
FILLER_16_23,VGND,li1,16.7900,54.4000,0.000054
FILLER_16_12,VGND,li1,11.2700,54.4000,0.000055
FILLER_15_320,VGND,li1,153.4100,54.4000,0.000227
FILLER_15_309,VGND,li1,147.8900,54.4000,0.000227
FILLER_15_293,VGND,li1,141.6800,54.4000,0.000227
FILLER_15_281,VGND,li1,137.5400,54.4000,0.000226
FILLER_15_279,VGND,li1,134.0900,54.4000,0.000226
FILLER_15_275,VGND,li1,132.9400,54.4000,0.000226
FILLER_15_265,VGND,li1,128.3400,54.4000,0.000224
FILLER_15_258,VGND,li1,124.4300,54.4000,0.000223
FILLER_15_252,VGND,li1,122.8200,54.4000,0.000222
FILLER_15_237,VGND,li1,115.2300,54.4000,0.000219
FILLER_15_225,VGND,li1,111.7800,54.4000,0.000218
FILLER_15_218,VGND,li1,107.1800,54.4000,0.000215
FILLER_15_213,VGND,li1,103.7300,54.4000,0.000212
FILLER_15_209,VGND,li1,102.5800,54.4000,0.000212
FILLER_15_194,VGND,li1,95.2200,54.4000,0.000206
FILLER_15_189,VGND,li1,92.6900,54.4000,0.000205
FILLER_15_181,VGND,li1,90.6200,54.4000,0.000203
FILLER_15_169,VGND,li1,86.0200,54.4000,0.000199
FILLER_15_164,VGND,li1,81.8800,54.4000,0.000197
FILLER_15_152,VGND,li1,78.2000,54.4000,0.000194
FILLER_15_140,VGND,li1,72.6800,54.4000,0.000190
FILLER_15_128,VGND,li1,67.1600,54.4000,0.000185
FILLER_15_117,VGND,li1,59.5700,54.4000,0.000180
FILLER_15_113,VGND,li1,58.4200,54.4000,0.000179
FILLER_15_111,VGND,li1,56.8100,54.4000,0.000177
FILLER_15_105,VGND,li1,55.2000,54.4000,0.000177
FILLER_15_93,VGND,li1,51.0600,54.4000,0.000173
FILLER_15_81,VGND,li1,45.5400,54.4000,0.000145
FILLER_15_69,VGND,li1,40.0200,54.4000,0.000126
FILLER_15_57,VGND,li1,34.5000,54.4000,0.000098
FILLER_15_48,VGND,li1,27.8300,54.4000,0.000071
FILLER_15_30,VGND,li1,19.7800,54.4000,0.000053
FILLER_15_22,VGND,li1,17.4800,54.4000,0.000054
FILLER_14_331,VGND,li1,158.7000,48.9600,0.000078
FILLER_14_320,VGND,li1,152.9500,48.9600,0.000078
FILLER_14_316,VGND,li1,151.8000,48.9600,0.000078
FILLER_14_306,VGND,li1,146.7400,48.9600,0.000078
FILLER_14_294,VGND,li1,143.5200,48.9600,0.000078
FILLER_14_282,VGND,li1,138.0000,48.9600,0.000077
FILLER_14_270,VGND,li1,132.4800,48.9600,0.000077
FILLER_14_258,VGND,li1,126.9600,48.9600,0.000076
FILLER_14_249,VGND,li1,120.7500,48.9600,0.000075
FILLER_14_241,VGND,li1,118.2200,48.9600,0.000075
FILLER_14_220,VGND,li1,107.1800,48.9600,0.000072
FILLER_14_205,VGND,li1,100.2800,48.9600,0.000071
FILLER_14_197,VGND,li1,97.9800,48.9600,0.000070
FILLER_14_192,VGND,li1,94.7600,48.9600,0.000069
FILLER_14_180,VGND,li1,91.0800,48.9600,0.000068
FILLER_14_151,VGND,li1,75.2100,48.9600,0.000059
FILLER_14_147,VGND,li1,74.0600,48.9600,0.000059
FILLER_14_132,VGND,li1,66.7000,48.9600,0.000053
FILLER_14_120,VGND,li1,63.4800,48.9600,0.000051
FILLER_14_103,VGND,li1,55.6600,48.9600,0.000044
FILLER_14_61,VGND,li1,34.0400,48.9600,0.000024
FILLER_14_49,VGND,li1,30.8200,48.9600,0.000019
FILLER_14_45,VGND,li1,26.6800,48.9600,0.000017
FILLER_14_37,VGND,li1,24.3800,48.9600,0.000014
FILLER_13_333,VGND,li1,159.1600,48.9600,0.000078
FILLER_13_327,VGND,li1,156.4000,48.9600,0.000078
FILLER_13_319,VGND,li1,154.1000,48.9600,0.000078
FILLER_13_314,VGND,li1,150.1900,48.9600,0.000078
FILLER_13_310,VGND,li1,149.0400,48.9600,0.000078
FILLER_13_281,VGND,li1,135.2400,48.9600,0.000077
FILLER_13_278,VGND,li1,133.8600,48.9600,0.000077
FILLER_13_266,VGND,li1,130.6400,48.9600,0.000076
FILLER_13_254,VGND,li1,125.1200,48.9600,0.000076
FILLER_13_244,VGND,li1,118.4500,48.9600,0.000075
FILLER_13_236,VGND,li1,115.9200,48.9600,0.000074
FILLER_13_223,VGND,li1,108.3300,48.9600,0.000072
FILLER_13_217,VGND,li1,105.8000,48.9600,0.000072
FILLER_13_213,VGND,li1,103.7300,48.9600,0.000071
FILLER_13_205,VGND,li1,101.6600,48.9600,0.000071
FILLER_13_193,VGND,li1,97.0600,48.9600,0.000069
FILLER_13_167,VGND,li1,82.5700,48.9600,0.000064
FILLER_13_159,VGND,li1,80.5000,48.9600,0.000063
FILLER_13_140,VGND,li1,71.3000,48.9600,0.000057
FILLER_13_128,VGND,li1,67.1600,48.9600,0.000053
FILLER_13_117,VGND,li1,59.5700,48.9600,0.000046
FILLER_13_113,VGND,li1,58.4200,48.9600,0.000046
FILLER_13_97,VGND,li1,50.6000,48.9600,0.000040
FILLER_13_90,VGND,li1,47.1500,48.9600,0.000035
FILLER_13_84,VGND,li1,45.5400,48.9600,0.000035
FILLER_13_77,VGND,li1,41.4000,48.9600,0.000031
FILLER_13_69,VGND,li1,39.1000,48.9600,0.000029
FILLER_13_57,VGND,li1,34.5000,48.9600,0.000024
FILLER_13_54,VGND,li1,30.8200,48.9600,0.000019
FILLER_13_47,VGND,li1,27.6000,48.9600,0.000017
FILLER_13_43,VGND,li1,25.7600,48.9600,0.000014
FILLER_13_31,VGND,li1,22.5400,48.9600,0.000015
FILLER_13_22,VGND,li1,16.1000,48.9600,0.000018
FILLER_13_3,VGND,li1,7.1300,48.9600,0.000020
FILLER_12_309,VGND,li1,147.8900,43.5200,0.000063
FILLER_12_307,VGND,li1,146.9700,43.5200,0.000063
FILLER_12_299,VGND,li1,144.9000,43.5200,0.000063
FILLER_12_287,VGND,li1,140.3000,43.5200,0.000063
FILLER_12_271,VGND,li1,130.4100,43.5200,0.000061
FILLER_12_267,VGND,li1,129.2600,43.5200,0.000061
FILLER_12_259,VGND,li1,124.8900,43.5200,0.000060
FILLER_12_253,VGND,li1,123.2800,43.5200,0.000059
FILLER_12_240,VGND,li1,118.6800,43.5200,0.000058
FILLER_12_229,VGND,li1,112.7000,43.5200,0.000056
FILLER_12_217,VGND,li1,108.1000,43.5200,0.000054
FILLER_12_195,VGND,li1,95.4500,43.5200,0.000049
FILLER_12_188,VGND,li1,92.2300,43.5200,0.000048
FILLER_12_184,VGND,li1,91.0800,43.5200,0.000048
FILLER_12_165,VGND,li1,82.1100,43.5200,0.000044
FILLER_12_153,VGND,li1,78.6600,43.5200,0.000043
FILLER_12_141,VGND,li1,73.1400,43.5200,0.000040
FILLER_12_139,VGND,li1,69.6900,43.5200,0.000038
FILLER_12_133,VGND,li1,68.0800,43.5200,0.000038
FILLER_12_121,VGND,li1,61.6400,43.5200,0.000034
FILLER_12_109,VGND,li1,58.4200,43.5200,0.000033
FILLER_12_97,VGND,li1,52.9000,43.5200,0.000030
FILLER_12_85,VGND,li1,46.4600,43.5200,0.000027
FILLER_12_72,VGND,li1,41.4000,43.5200,0.000024
FILLER_12_63,VGND,li1,34.7300,43.5200,0.000021
FILLER_12_25,VGND,li1,17.7100,43.5200,0.000020
FILLER_11_324,VGND,li1,154.7900,43.5200,0.000064
FILLER_11_318,VGND,li1,152.2600,43.5200,0.000064
FILLER_11_313,VGND,li1,149.7300,43.5200,0.000064
FILLER_11_305,VGND,li1,147.6600,43.5200,0.000063
FILLER_11_293,VGND,li1,143.0600,43.5200,0.000063
FILLER_11_281,VGND,li1,137.5400,43.5200,0.000062
FILLER_11_278,VGND,li1,133.8600,43.5200,0.000062
FILLER_11_266,VGND,li1,129.2600,43.5200,0.000061
FILLER_11_259,VGND,li1,124.8900,43.5200,0.000060
FILLER_11_253,VGND,li1,123.2800,43.5200,0.000059
FILLER_11_241,VGND,li1,119.1400,43.5200,0.000058
FILLER_11_233,VGND,li1,112.9300,43.5200,0.000056
FILLER_11_225,VGND,li1,110.8600,43.5200,0.000056
FILLER_11_223,VGND,li1,108.3300,43.5200,0.000055
FILLER_11_202,VGND,li1,99.8200,43.5200,0.000052
FILLER_11_193,VGND,li1,95.2200,43.5200,0.000049
FILLER_11_181,VGND,li1,91.5400,43.5200,0.000048
FILLER_11_169,VGND,li1,86.0200,43.5200,0.000046
FILLER_11_156,VGND,li1,80.0400,43.5200,0.000043
FILLER_11_141,VGND,li1,71.0700,43.5200,0.000039
FILLER_11_133,VGND,li1,68.5400,43.5200,0.000038
FILLER_11_113,VGND,li1,60.2600,43.5200,0.000034
FILLER_11_111,VGND,li1,56.8100,43.5200,0.000033
FILLER_11_93,VGND,li1,50.1400,43.5200,0.000029
FILLER_11_81,VGND,li1,45.5400,43.5200,0.000026
FILLER_11_69,VGND,li1,40.0200,43.5200,0.000024
FILLER_11_61,VGND,li1,33.8100,43.5200,0.000020
FILLER_11_57,VGND,li1,32.6600,43.5200,0.000020
FILLER_11_54,VGND,li1,30.8200,43.5200,0.000019
FILLER_11_25,VGND,li1,17.2500,43.5200,0.000021
FILLER_11_3,VGND,li1,7.1300,43.5200,0.000023
FILLER_10_333,VGND,li1,159.1600,38.0800,0.000086
FILLER_10_321,VGND,li1,155.9400,38.0800,0.000086
FILLER_10_309,VGND,li1,150.4200,38.0800,0.000086
FILLER_10_305,VGND,li1,146.5100,38.0800,0.000085
FILLER_10_289,VGND,li1,140.3000,38.0800,0.000085
FILLER_10_277,VGND,li1,135.7000,38.0800,0.000084
FILLER_10_265,VGND,li1,130.1800,38.0800,0.000083
FILLER_10_253,VGND,li1,124.6600,38.0800,0.000081
FILLER_10_251,VGND,li1,121.2100,38.0800,0.000080
FILLER_10_245,VGND,li1,119.6000,38.0800,0.000080
FILLER_10_233,VGND,li1,115.4600,38.0800,0.000078
FILLER_10_221,VGND,li1,109.9400,38.0800,0.000076
FILLER_10_209,VGND,li1,104.4200,38.0800,0.000074
FILLER_10_197,VGND,li1,98.9000,38.0800,0.000071
FILLER_10_188,VGND,li1,93.8400,38.0800,0.000069
FILLER_10_176,VGND,li1,89.2400,38.0800,0.000066
FILLER_10_168,VGND,li1,83.0300,38.0800,0.000061
FILLER_10_162,VGND,li1,81.4200,38.0800,0.000061
FILLER_10_150,VGND,li1,77.2800,38.0800,0.000058
FILLER_10_145,VGND,li1,72.4500,38.0800,0.000054
FILLER_10_141,VGND,li1,71.3000,38.0800,0.000054
FILLER_10_137,VGND,li1,69.2300,38.0800,0.000052
FILLER_10_123,VGND,li1,63.0200,38.0800,0.000047
FILLER_10_108,VGND,li1,55.8900,38.0800,0.000040
FILLER_10_97,VGND,li1,50.6000,38.0800,0.000035
FILLER_10_85,VGND,li1,45.3100,38.0800,0.000032
FILLER_10_81,VGND,li1,43.4700,38.0800,0.000030
FILLER_10_65,VGND,li1,36.3400,38.0800,0.000023
FILLER_10_53,VGND,li1,32.6600,38.0800,0.000020
FILLER_10_41,VGND,li1,27.1400,38.0800,0.000014
FILLER_10_29,VGND,li1,21.6200,38.0800,0.000012
FILLER_10_27,VGND,li1,18.1700,38.0800,0.000013
FILLER_10_23,VGND,li1,16.5600,38.0800,0.000013
FILLER_9_329,VGND,li1,157.3200,38.0800,0.000086
FILLER_9_317,VGND,li1,154.1000,38.0800,0.000086
FILLER_9_279,VGND,li1,134.0900,38.0800,0.000083
FILLER_9_271,VGND,li1,130.6400,38.0800,0.000083
FILLER_9_248,VGND,li1,119.8300,38.0800,0.000080
FILLER_9_240,VGND,li1,117.7600,38.0800,0.000079
FILLER_9_225,VGND,li1,109.4800,38.0800,0.000076
FILLER_9_220,VGND,li1,106.9500,38.0800,0.000075
FILLER_9_212,VGND,li1,104.8800,38.0800,0.000074
FILLER_9_199,VGND,li1,98.4400,38.0800,0.000071
FILLER_9_187,VGND,li1,94.3000,38.0800,0.000069
FILLER_9_173,VGND,li1,85.3300,38.0800,0.000064
FILLER_9_169,VGND,li1,84.1800,38.0800,0.000063
FILLER_9_167,VGND,li1,82.5700,38.0800,0.000061
FILLER_9_163,VGND,li1,81.4200,38.0800,0.000061
FILLER_9_146,VGND,li1,73.3700,38.0800,0.000055
FILLER_9_134,VGND,li1,69.9200,38.0800,0.000052
FILLER_9_126,VGND,li1,63.7100,38.0800,0.000047
FILLER_9_122,VGND,li1,62.5600,38.0800,0.000047
FILLER_9_102,VGND,li1,52.9000,38.0800,0.000038
FILLER_9_94,VGND,li1,50.6000,38.0800,0.000035
FILLER_9_65,VGND,li1,35.6500,38.0800,0.000023
FILLER_9_57,VGND,li1,33.5800,38.0800,0.000020
FILLER_9_52,VGND,li1,30.3600,38.0800,0.000018
FILLER_9_47,VGND,li1,27.6000,38.0800,0.000014
FILLER_9_35,VGND,li1,24.3800,38.0800,0.000012
FILLER_9_22,VGND,li1,16.5600,38.0800,0.000013
FILLER_9_19,VGND,li1,14.4900,38.0800,0.000013
FILLER_9_15,VGND,li1,13.3400,38.0800,0.000014
FILLER_9_10,VGND,li1,10.3500,38.0800,0.000014
FILLER_8_334,VGND,li1,159.3900,32.6400,0.000106
FILLER_8_309,VGND,li1,147.8900,32.6400,0.000104
FILLER_8_303,VGND,li1,145.1300,32.6400,0.000103
FILLER_8_291,VGND,li1,142.1400,32.6400,0.000102
FILLER_8_277,VGND,li1,134.7800,32.6400,0.000099
FILLER_8_268,VGND,li1,129.7200,32.6400,0.000097
FILLER_8_259,VGND,li1,125.3500,32.6400,0.000095
FILLER_8_245,VGND,li1,118.9100,32.6400,0.000090
FILLER_8_233,VGND,li1,115.4600,32.6400,0.000089
FILLER_8_229,VGND,li1,111.0900,32.6400,0.000086
FILLER_8_221,VGND,li1,109.0200,32.6400,0.000084
FILLER_8_204,VGND,li1,102.1200,32.6400,0.000079
FILLER_8_189,VGND,li1,92.9200,32.6400,0.000072
FILLER_8_177,VGND,li1,89.7000,32.6400,0.000071
FILLER_8_169,VGND,li1,83.7200,32.6400,0.000065
FILLER_8_157,VGND,li1,80.5000,32.6400,0.000063
FILLER_8_149,VGND,li1,74.9800,32.6400,0.000058
FILLER_8_133,VGND,li1,67.3900,32.6400,0.000052
FILLER_8_121,VGND,li1,63.9400,32.6400,0.000048
FILLER_8_109,VGND,li1,58.4200,32.6400,0.000044
FILLER_8_97,VGND,li1,52.9000,32.6400,0.000039
FILLER_8_85,VGND,li1,47.3800,32.6400,0.000034
FILLER_8_81,VGND,li1,43.4700,32.6400,0.000031
FILLER_8_69,VGND,li1,40.0200,32.6400,0.000028
FILLER_8_57,VGND,li1,34.5000,32.6400,0.000023
FILLER_8_43,VGND,li1,25.7600,32.6400,0.000014
FILLER_8_29,VGND,li1,19.0900,32.6400,0.000017
FILLER_8_3,VGND,li1,7.1300,32.6400,0.000020
FILLER_7_332,VGND,li1,158.9300,32.6400,0.000106
FILLER_7_318,VGND,li1,153.1800,32.6400,0.000106
FILLER_7_313,VGND,li1,150.1900,32.6400,0.000105
FILLER_7_305,VGND,li1,147.6600,32.6400,0.000104
FILLER_7_293,VGND,li1,143.0600,32.6400,0.000102
FILLER_7_281,VGND,li1,137.5400,32.6400,0.000100
FILLER_7_268,VGND,li1,131.5600,32.6400,0.000098
FILLER_7_256,VGND,li1,126.0400,32.6400,0.000095
FILLER_7_249,VGND,li1,120.9800,32.6400,0.000092
FILLER_7_237,VGND,li1,117.3000,32.6400,0.000090
FILLER_7_225,VGND,li1,111.7800,32.6400,0.000086
FILLER_7_211,VGND,li1,103.0400,32.6400,0.000081
FILLER_7_201,VGND,li1,98.2100,32.6400,0.000077
FILLER_7_193,VGND,li1,96.1400,32.6400,0.000074
FILLER_7_181,VGND,li1,91.5400,32.6400,0.000072
FILLER_7_169,VGND,li1,86.0200,32.6400,0.000067
FILLER_7_167,VGND,li1,82.5700,32.6400,0.000065
FILLER_7_151,VGND,li1,75.4400,32.6400,0.000058
FILLER_7_128,VGND,li1,64.8600,32.6400,0.000050
FILLER_7_120,VGND,li1,62.5600,32.6400,0.000048
FILLER_7_117,VGND,li1,59.5700,32.6400,0.000044
FILLER_7_113,VGND,li1,58.4200,32.6400,0.000044
FILLER_7_109,VGND,li1,56.3500,32.6400,0.000042
FILLER_7_97,VGND,li1,52.9000,32.6400,0.000039
FILLER_7_81,VGND,li1,43.2400,32.6400,0.000031
FILLER_7_69,VGND,li1,40.0200,32.6400,0.000028
FILLER_7_57,VGND,li1,34.5000,32.6400,0.000023
FILLER_7_48,VGND,li1,29.4400,32.6400,0.000017
FILLER_7_36,VGND,li1,24.8400,32.6400,0.000014
FILLER_7_15,VGND,li1,13.1100,32.6400,0.000019
FILLER_7_3,VGND,li1,7.3600,32.6400,0.000020
FILLER_6_329,VGND,li1,158.2400,27.2000,0.000149
FILLER_6_309,VGND,li1,148.1200,27.2000,0.000148
FILLER_6_272,VGND,li1,131.3300,27.2000,0.000141
FILLER_6_260,VGND,li1,127.8800,27.2000,0.000138
FILLER_6_253,VGND,li1,122.8200,27.2000,0.000136
FILLER_6_251,VGND,li1,121.2100,27.2000,0.000134
FILLER_6_243,VGND,li1,119.1400,27.2000,0.000133
FILLER_6_225,VGND,li1,109.7100,27.2000,0.000126
FILLER_6_214,VGND,li1,104.8800,27.2000,0.000122
FILLER_6_205,VGND,li1,100.0500,27.2000,0.000118
FILLER_6_197,VGND,li1,97.9800,27.2000,0.000115
FILLER_6_195,VGND,li1,95.4500,27.2000,0.000113
FILLER_6_187,VGND,li1,92.9200,27.2000,0.000111
FILLER_6_171,VGND,li1,84.4100,27.2000,0.000100
FILLER_6_163,VGND,li1,82.3400,27.2000,0.000098
FILLER_6_155,VGND,li1,77.0500,27.2000,0.000092
FILLER_6_147,VGND,li1,73.6000,27.2000,0.000090
FILLER_6_136,VGND,li1,69.0000,27.2000,0.000084
FILLER_6_103,VGND,li1,53.1300,27.2000,0.000063
FILLER_6_90,VGND,li1,48.3000,27.2000,0.000055
FILLER_6_83,VGND,li1,43.9300,27.2000,0.000046
FILLER_6_75,VGND,li1,40.4800,27.2000,0.000044
FILLER_6_67,VGND,li1,38.1800,27.2000,0.000040
FILLER_6_57,VGND,li1,32.2000,27.2000,0.000029
FILLER_6_52,VGND,li1,29.6700,27.2000,0.000026
FILLER_6_48,VGND,li1,28.5200,27.2000,0.000023
FILLER_6_36,VGND,li1,24.8400,27.2000,0.000017
FILLER_6_15,VGND,li1,12.6500,27.2000,0.000017
FILLER_6_7,VGND,li1,10.5800,27.2000,0.000017
FILLER_5_329,VGND,li1,158.2400,27.2000,0.000149
FILLER_5_320,VGND,li1,152.9500,27.2000,0.000149
FILLER_5_316,VGND,li1,151.8000,27.2000,0.000149
FILLER_5_281,VGND,li1,136.1600,27.2000,0.000143
FILLER_5_278,VGND,li1,133.8600,27.2000,0.000142
FILLER_5_260,VGND,li1,126.5000,27.2000,0.000138
FILLER_5_249,VGND,li1,120.9800,27.2000,0.000134
FILLER_5_237,VGND,li1,117.3000,27.2000,0.000132
FILLER_5_233,VGND,li1,112.9300,27.2000,0.000128
FILLER_5_225,VGND,li1,110.8600,27.2000,0.000126
FILLER_5_223,VGND,li1,108.3300,27.2000,0.000124
FILLER_5_211,VGND,li1,105.3400,27.2000,0.000122
FILLER_5_193,VGND,li1,94.5300,27.2000,0.000111
FILLER_5_173,VGND,li1,85.3300,27.2000,0.000103
FILLER_5_169,VGND,li1,84.1800,27.2000,0.000100
FILLER_5_162,VGND,li1,81.4200,27.2000,0.000098
FILLER_5_150,VGND,li1,77.2800,27.2000,0.000092
FILLER_5_138,VGND,li1,71.7600,27.2000,0.000087
FILLER_5_126,VGND,li1,66.2400,27.2000,0.000081
FILLER_5_113,VGND,li1,57.7300,27.2000,0.000069
FILLER_5_109,VGND,li1,55.8900,27.2000,0.000065
FILLER_5_98,VGND,li1,52.4400,27.2000,0.000060
FILLER_5_86,VGND,li1,47.8400,27.2000,0.000055
FILLER_5_69,VGND,li1,39.1000,27.2000,0.000040
FILLER_5_57,VGND,li1,34.5000,27.2000,0.000033
FILLER_5_50,VGND,li1,29.9000,27.2000,0.000026
FILLER_5_39,VGND,li1,23.6900,27.2000,0.000017
FILLER_5_34,VGND,li1,21.6200,27.2000,0.000017
FILLER_5_26,VGND,li1,19.3200,27.2000,0.000017
FILLER_5_3,VGND,li1,7.8200,27.2000,0.000017
FILLER_4_333,VGND,li1,159.1600,21.7600,0.000100
FILLER_4_321,VGND,li1,155.9400,21.7600,0.000100
FILLER_4_309,VGND,li1,150.4200,21.7600,0.000100
FILLER_4_306,VGND,li1,146.7400,21.7600,0.000100
FILLER_4_298,VGND,li1,144.4400,21.7600,0.000100
FILLER_4_286,VGND,li1,139.8400,21.7600,0.000100
FILLER_4_274,VGND,li1,134.3200,21.7600,0.000100
FILLER_4_262,VGND,li1,128.8000,21.7600,0.000100
FILLER_4_250,VGND,li1,120.9800,21.7600,0.000100
FILLER_4_238,VGND,li1,117.7600,21.7600,0.000100
FILLER_4_230,VGND,li1,111.5500,21.7600,0.000100
FILLER_4_222,VGND,li1,109.4800,21.7600,0.000099
FILLER_4_214,VGND,li1,104.1900,21.7600,0.000098
FILLER_4_202,VGND,li1,101.2000,21.7600,0.000098
FILLER_4_194,VGND,li1,95.2200,21.7600,0.000096
FILLER_4_191,VGND,li1,93.6100,21.7600,0.000095
FILLER_4_185,VGND,li1,91.0800,21.7600,0.000095
FILLER_4_180,VGND,li1,88.5500,21.7600,0.000094
FILLER_4_177,VGND,li1,87.1700,21.7600,0.000093
FILLER_4_173,VGND,li1,86.0200,21.7600,0.000093
FILLER_4_161,VGND,li1,82.3400,21.7600,0.000091
FILLER_4_141,VGND,li1,70.8400,21.7600,0.000081
FILLER_4_129,VGND,li1,66.2400,21.7600,0.000077
FILLER_4_111,VGND,li1,57.9600,21.7600,0.000068
FILLER_4_97,VGND,li1,52.9000,21.7600,0.000061
FILLER_4_85,VGND,li1,47.3800,21.7600,0.000053
FILLER_4_83,VGND,li1,43.9300,21.7600,0.000049
FILLER_4_80,VGND,li1,42.5500,21.7600,0.000047
FILLER_4_72,VGND,li1,40.4800,21.7600,0.000044
FILLER_4_53,VGND,li1,30.5900,21.7600,0.000029
FILLER_4_45,VGND,li1,28.0600,21.7600,0.000025
FILLER_4_33,VGND,li1,20.9300,21.7600,0.000020
FILLER_4_29,VGND,li1,19.7800,21.7600,0.000021
FILLER_4_16,VGND,li1,15.6400,21.7600,0.000022
FILLER_4_11,VGND,li1,11.2700,21.7600,0.000023
FILLER_4_3,VGND,li1,7.5900,21.7600,0.000023
FILLER_3_323,VGND,li1,156.8600,21.7600,0.000100
FILLER_3_311,VGND,li1,151.3400,21.7600,0.000100
FILLER_3_299,VGND,li1,145.8200,21.7600,0.000100
FILLER_3_281,VGND,li1,137.5400,21.7600,0.000100
FILLER_3_277,VGND,li1,133.6300,21.7600,0.000100
FILLER_3_265,VGND,li1,130.1800,21.7600,0.000100
FILLER_3_253,VGND,li1,124.6600,21.7600,0.000100
FILLER_3_241,VGND,li1,119.1400,21.7600,0.000100
FILLER_3_238,VGND,li1,115.2300,21.7600,0.000100
FILLER_3_230,VGND,li1,113.1600,21.7600,0.000100
FILLER_3_220,VGND,li1,107.6400,21.7600,0.000099
FILLER_3_213,VGND,li1,103.7300,21.7600,0.000098
FILLER_3_205,VGND,li1,101.6600,21.7600,0.000098
FILLER_3_199,VGND,li1,97.9800,21.7600,0.000097
FILLER_3_187,VGND,li1,94.3000,21.7600,0.000096
FILLER_3_166,VGND,li1,82.3400,21.7600,0.000091
FILLER_3_147,VGND,li1,74.0600,21.7600,0.000085
FILLER_3_136,VGND,li1,68.3100,21.7600,0.000079
FILLER_3_119,VGND,li1,60.4900,21.7600,0.000071
FILLER_3_113,VGND,li1,57.7300,21.7600,0.000068
FILLER_3_109,VGND,li1,55.8900,21.7600,0.000066
FILLER_3_75,VGND,li1,40.2500,21.7600,0.000044
FILLER_3_67,VGND,li1,38.1800,21.7600,0.000039
FILLER_3_57,VGND,li1,32.6600,21.7600,0.000032
FILLER_3_55,VGND,li1,31.0500,21.7600,0.000029
FILLER_3_47,VGND,li1,28.9800,21.7600,0.000025
FILLER_3_35,VGND,li1,24.3800,21.7600,0.000019
FILLER_3_23,VGND,li1,18.8600,21.7600,0.000021
FILLER_3_3,VGND,li1,7.3600,21.7600,0.000023
FILLER_2_333,VGND,li1,159.1600,16.3200,0.000181
FILLER_2_321,VGND,li1,155.9400,16.3200,0.000181
FILLER_2_309,VGND,li1,150.4200,16.3200,0.000181
FILLER_2_307,VGND,li1,146.9700,16.3200,0.000181
FILLER_2_303,VGND,li1,145.8200,16.3200,0.000181
FILLER_2_291,VGND,li1,142.1400,16.3200,0.000181
FILLER_2_279,VGND,li1,136.6200,16.3200,0.000181
FILLER_2_267,VGND,li1,131.1000,16.3200,0.000181
FILLER_2_255,VGND,li1,125.5800,16.3200,0.000181
FILLER_2_251,VGND,li1,121.2100,16.3200,0.000181
FILLER_2_225,VGND,li1,109.2500,16.3200,0.000179
FILLER_2_197,VGND,li1,96.3700,16.3200,0.000170
FILLER_2_179,VGND,li1,90.6200,16.3200,0.000165
FILLER_2_167,VGND,li1,85.1000,16.3200,0.000158
FILLER_2_163,VGND,li1,80.9600,16.3200,0.000151
FILLER_2_151,VGND,li1,77.7400,16.3200,0.000147
FILLER_2_132,VGND,li1,67.1600,16.3200,0.000130
FILLER_2_126,VGND,li1,64.4000,16.3200,0.000125
FILLER_2_113,VGND,li1,57.7300,16.3200,0.000112
FILLER_2_92,VGND,li1,48.7600,16.3200,0.000095
FILLER_2_73,VGND,li1,39.3300,16.3200,0.000071
FILLER_2_61,VGND,li1,34.0400,16.3200,0.000056
FILLER_2_53,VGND,li1,31.7400,16.3200,0.000049
FILLER_2_41,VGND,li1,27.1400,16.3200,0.000036
FILLER_2_29,VGND,li1,21.6200,16.3200,0.000030
FILLER_2_27,VGND,li1,18.1700,16.3200,0.000030
FILLER_2_15,VGND,li1,15.1800,16.3200,0.000030
FILLER_2_3,VGND,li1,9.6600,16.3200,0.000030
FILLER_1_329,VGND,li1,158.2400,16.3200,0.000181
FILLER_1_317,VGND,li1,154.1000,16.3200,0.000181
FILLER_1_305,VGND,li1,148.5800,16.3200,0.000181
FILLER_1_293,VGND,li1,143.0600,16.3200,0.000181
FILLER_1_281,VGND,li1,137.5400,16.3200,0.000181
FILLER_1_272,VGND,li1,132.4800,16.3200,0.000181
FILLER_1_260,VGND,li1,127.8800,16.3200,0.000181
FILLER_1_248,VGND,li1,122.3600,16.3200,0.000181
FILLER_1_229,VGND,li1,111.0900,16.3200,0.000179
FILLER_1_199,VGND,li1,97.2900,16.3200,0.000172
FILLER_1_179,VGND,li1,88.3200,16.3200,0.000161
FILLER_1_113,VGND,li1,57.7300,16.3200,0.000112
FILLER_1_79,VGND,li1,42.0900,16.3200,0.000076
FILLER_1_57,VGND,li1,33.1200,16.3200,0.000049
FILLER_1_55,VGND,li1,31.0500,16.3200,0.000044
FILLER_1_51,VGND,li1,29.9000,16.3200,0.000044
FILLER_1_39,VGND,li1,26.2200,16.3200,0.000030
FILLER_1_27,VGND,li1,20.7000,16.3200,0.000030
FILLER_1_15,VGND,li1,15.1800,16.3200,0.000030
FILLER_1_3,VGND,li1,9.6600,16.3200,0.000030
FILLER_0_333,VGND,li1,159.1600,10.8800,0.000047
FILLER_0_321,VGND,li1,155.9400,10.8800,0.000047
FILLER_0_309,VGND,li1,150.4200,10.8800,0.000047
FILLER_0_305,VGND,li1,146.5100,10.8800,0.000047
FILLER_0_293,VGND,li1,143.0600,10.8800,0.000047
FILLER_0_281,VGND,li1,137.5400,10.8800,0.000047
FILLER_0_277,VGND,li1,133.6300,10.8800,0.000047
FILLER_0_265,VGND,li1,130.1800,10.8800,0.000047
FILLER_0_253,VGND,li1,124.6600,10.8800,0.000047
FILLER_0_250,VGND,li1,120.9800,10.8800,0.000047
FILLER_0_238,VGND,li1,117.7600,10.8800,0.000047
FILLER_0_233,VGND,li1,112.9300,10.8800,0.000047
FILLER_0_225,VGND,li1,110.8600,10.8800,0.000047
FILLER_0_212,VGND,li1,105.8000,10.8800,0.000046
FILLER_0_202,VGND,li1,98.6700,10.8800,0.000046
FILLER_0_197,VGND,li1,96.3700,10.8800,0.000046
FILLER_0_193,VGND,li1,94.9900,10.8800,0.000046
FILLER_0_164,VGND,li1,81.1900,10.8800,0.000042
FILLER_0_133,VGND,li1,66.9300,10.8800,0.000035
FILLER_0_104,VGND,li1,53.5900,10.8800,0.000027
FILLER_0_90,VGND,li1,47.1500,10.8800,0.000022
FILLER_0_75,VGND,li1,40.2500,10.8800,0.000017
FILLER_0_69,VGND,li1,38.6400,10.8800,0.000017
FILLER_0_57,VGND,li1,34.5000,10.8800,0.000014
FILLER_0_53,VGND,li1,30.5900,10.8800,0.000011
FILLER_0_41,VGND,li1,27.1400,10.8800,0.000009
FILLER_0_29,VGND,li1,21.6200,10.8800,0.000007
FILLER_0_27,VGND,li1,18.1700,10.8800,0.000007
FILLER_0_15,VGND,li1,15.1800,10.8800,0.000007
FILLER_0_3,VGND,li1,9.6600,10.8800,0.000007
ANTENNA_clkbuf_2_3__f_aclk_X,VGND,li1,120.9800,97.9200,0.000467
ANTENNA__2120__CLK,VGND,li1,146.7400,136.0000,0.000142
ANTENNA__2119__CLK,VGND,li1,146.7400,119.6800,0.000120
ANTENNA__2118__CLK,VGND,li1,149.0400,130.5600,0.000165
ANTENNA__2117__CLK,VGND,li1,120.9800,125.1200,0.000154
ANTENNA__2116__CLK,VGND,li1,95.6800,130.5600,0.000133
ANTENNA__2115__CLK,VGND,li1,93.8400,141.4400,0.000135
ANTENNA__2105__CLK,VGND,li1,65.3200,87.0400,0.000190
ANTENNA__2104__CLK,VGND,li1,102.5800,119.6800,0.000101
ANTENNA__2103__CLK,VGND,li1,109.0200,125.1200,0.000148
ANTENNA__2102__CLK,VGND,li1,126.5000,114.2400,0.000069
ANTENNA__2101__CLK,VGND,li1,150.8800,108.8000,0.000102
ANTENNA__2100__CLK,VGND,li1,149.9600,81.6000,0.000066
ANTENNA_clkload2_A,VGND,li1,116.3800,92.4800,0.000108
ANTENNA_clkbuf_2_2__f_aclk_X,VGND,li1,119.1400,59.8400,0.000355
ANTENNA__2099__CLK,VGND,li1,151.8000,70.7200,0.000114
ANTENNA__2098__CLK,VGND,li1,149.0400,27.2000,0.000148
ANTENNA__2097__CLK,VGND,li1,151.3400,32.6400,0.000105
ANTENNA__2096__CLK,VGND,li1,119.1400,16.3200,0.000181
ANTENNA__2095__CLK,VGND,li1,110.4000,16.3200,0.000179
ANTENNA__2087__CLK,VGND,li1,91.0800,21.7600,0.000095
ANTENNA__2080__CLK,VGND,li1,97.9800,10.8800,0.000046
ANTENNA__2079__CLK,VGND,li1,93.8400,10.8800,0.000046
ANTENNA_clkload1_A,VGND,li1,115.4600,54.4000,0.000219
ANTENNA_clkbuf_2_1__f_aclk_X,VGND,li1,57.9600,87.0400,0.000181
ANTENNA__2121__CLK,VGND,li1,17.9400,76.1600,0.000046
ANTENNA__2114__CLK,VGND,li1,71.7600,141.4400,0.000112
ANTENNA__2113__CLK,VGND,li1,57.9600,141.4400,0.000092
ANTENNA__2112__CLK,VGND,li1,52.4400,136.0000,0.000064
ANTENNA__2111__CLK,VGND,li1,17.0200,136.0000,0.000024
ANTENNA__2110__CLK,VGND,li1,14.7200,119.6800,0.000017
ANTENNA__2109__CLK,VGND,li1,17.0200,114.2400,0.000017
ANTENNA__2108__CLK,VGND,li1,15.1800,92.4800,0.000024
ANTENNA__2107__CLK,VGND,li1,45.0800,65.2800,0.000053
ANTENNA__2106__CLK,VGND,li1,55.6600,65.2800,0.000062
ANTENNA__2075__CLK,VGND,li1,29.9000,65.2800,0.000032
ANTENNA__2073__CLK,VGND,li1,20.7000,70.7200,0.000018
ANTENNA_clkload0_A,VGND,li1,53.8200,81.6000,0.000036
ANTENNA_clkbuf_2_0__f_aclk_X,VGND,li1,58.8800,54.4000,0.000179
ANTENNA__2094__CLK,VGND,li1,60.2600,32.6400,0.000046
ANTENNA__2093__CLK,VGND,li1,56.1200,21.7600,0.000066
ANTENNA__2092__CLK,VGND,li1,43.7000,16.3200,0.000082
ANTENNA__2091__CLK,VGND,li1,26.6800,48.9600,0.000017
ANTENNA__2090__CLK,VGND,li1,15.1800,38.0800,0.000013
ANTENNA__2089__CLK,VGND,li1,15.6400,21.7600,0.000022
ANTENNA__2088__CLK,VGND,li1,22.5400,43.5200,0.000017
ANTENNA__2086__CLK,VGND,li1,71.7600,21.7600,0.000081
ANTENNA__2085__CLK,VGND,li1,63.0200,16.3200,0.000125
ANTENNA__2084__CLK,VGND,li1,51.5200,10.8800,0.000026
ANTENNA__2083__CLK,VGND,li1,39.1000,54.4000,0.000115
ANTENNA__2082__CLK,VGND,li1,30.8200,54.4000,0.000085
ANTENNA__2081__CLK,VGND,li1,17.0200,48.9600,0.000018
ANTENNA__2078__CLK,VGND,li1,65.7800,16.3200,0.000130
ANTENNA__2077__CLK,VGND,li1,54.2800,10.8800,0.000027
ANTENNA__2076__CLK,VGND,li1,43.2400,65.2800,0.000052
ANTENNA__2074__CLK,VGND,li1,30.8200,59.8400,0.000061
ANTENNA__2072__CLK,VGND,li1,19.3200,59.8400,0.000043
ANTENNA_clkbuf_0_aclk_X,VGND,li1,92.4600,76.1600,0.000247
ANTENNA_clkbuf_2_0__f_aclk_A,VGND,li1,59.8000,54.4000,0.000180
ANTENNA_clkbuf_2_1__f_aclk_A,VGND,li1,55.6600,81.6000,0.000038
ANTENNA_clkbuf_2_2__f_aclk_A,VGND,li1,109.0200,54.4000,0.000217
ANTENNA_clkbuf_2_3__f_aclk_A,VGND,li1,110.8600,97.9200,0.000446
ANTENNA__1054__C1,VGND,li1,81.8800,16.3200,0.000154
ANTENNA__1056__C1,VGND,li1,87.4000,16.3200,0.000161
ANTENNA__1070__C1,VGND,li1,81.4200,21.7600,0.000091
ANTENNA__1211__C1,VGND,li1,97.0600,10.8800,0.000046
ANTENNA__1251__C1,VGND,li1,108.5600,16.3200,0.000179
ANTENNA__1299__C1,VGND,li1,146.7400,32.6400,0.000103
ANTENNA__1342__C1,VGND,li1,145.3600,27.2000,0.000146
ANTENNA__1391__C1,VGND,li1,146.2800,70.7200,0.000112
ANTENNA_fanout135_A,VGND,li1,94.7600,141.4400,0.000136
ANTENNA__2069__C1,VGND,li1,138.4600,136.0000,0.000139
ANTENNA_fanout136_X,VGND,li1,94.7600,136.0000,0.000111
ANTENNA__1556__C1,VGND,li1,105.3400,119.6800,0.000102
ANTENNA__1588__C1,VGND,li1,99.3600,114.2400,0.000063
ANTENNA__1935__C1,VGND,li1,93.8400,136.0000,0.000109
ANTENNA__1964__C1,VGND,li1,89.2400,125.1200,0.000129
ANTENNA__1434__C1,VGND,li1,146.2800,76.1600,0.000265
ANTENNA__1482__C1,VGND,li1,146.2800,108.8000,0.000100
ANTENNA__1518__C1,VGND,li1,124.2000,108.8000,0.000092
ANTENNA__1998__C1,VGND,li1,119.1400,125.1200,0.000153
ANTENNA__2029__C1,VGND,li1,144.4400,130.5600,0.000164
ANTENNA__2055__C1,VGND,li1,140.7600,125.1200,0.000158
ANTENNA_fanout135_X,VGND,li1,92.4600,141.4400,0.000135
ANTENNA_fanout133_A,VGND,li1,19.3200,76.1600,0.000045
ANTENNA__1624__C1,VGND,li1,53.3600,87.0400,0.000173
ANTENNA__1717__C1,VGND,li1,13.3400,92.4800,0.000024
ANTENNA__1752__C1,VGND,li1,16.1000,114.2400,0.000018
ANTENNA__1781__C1,VGND,li1,13.3400,119.6800,0.000017
ANTENNA__1816__C1,VGND,li1,16.1000,136.0000,0.000025
ANTENNA__1844__C1,VGND,li1,41.4000,136.0000,0.000049
ANTENNA__1879__C1,VGND,li1,56.5800,136.0000,0.000069
ANTENNA__1906__C1,VGND,li1,67.1600,141.4400,0.000107
ANTENNA_fanout134_X,VGND,li1,15.1800,136.0000,0.000025
ANTENNA_fanout132_A,VGND,li1,17.9400,70.7200,0.000019
ANTENNA_fanout131_A,VGND,li1,17.0200,65.2800,0.000025
ANTENNA__1050__C1,VGND,li1,50.1400,16.3200,0.000095
ANTENNA__1052__C1,VGND,li1,69.4600,16.3200,0.000134
ANTENNA__1064__C1,VGND,li1,40.9400,10.8800,0.000019
ANTENNA__1066__C1,VGND,li1,55.2000,16.3200,0.000107
ANTENNA__1068__C1,VGND,li1,69.0000,21.7600,0.000079
ANTENNA__1145__C1,VGND,li1,43.2400,21.7600,0.000047
ANTENNA__1176__C1,VGND,li1,56.5800,27.2000,0.000065
ANTENNA__1654__C1,VGND,li1,47.3800,70.7200,0.000039
ANTENNA_fanout133_X,VGND,li1,17.4800,76.1600,0.000046
ANTENNA__1040__A1,VGND,li1,12.4200,54.4000,0.000055
ANTENNA__1041__B,VGND,li1,13.8000,65.2800,0.000026
ANTENNA__1043__B,VGND,li1,19.3200,59.8400,0.000043
ANTENNA__1045__B,VGND,li1,19.3200,65.2800,0.000025
ANTENNA__1047__B,VGND,li1,31.7400,59.8400,0.000068
ANTENNA__1057__B,VGND,li1,13.3400,48.9600,0.000020
ANTENNA__1059__B,VGND,li1,17.0200,48.9600,0.000018
ANTENNA__1061__B,VGND,li1,27.6000,48.9600,0.000017
ANTENNA__1071__B,VGND,li1,14.7200,38.0800,0.000013
ANTENNA__1049__B,VGND,li1,49.6800,10.8800,0.000025
ANTENNA_fanout129_X,VGND,li1,12.4200,65.2800,0.000026
ANTENNA__1064__A2,VGND,li1,41.8600,10.8800,0.000019
ANTENNA__1042__A2,VGND,li1,17.9400,65.2800,0.000025
ANTENNA__1044__A2,VGND,li1,17.9400,54.4000,0.000054
ANTENNA__1046__A2,VGND,li1,19.3200,65.2800,0.000025
ANTENNA__1048__A2,VGND,li1,28.9800,65.2800,0.000028
ANTENNA__1058__A2,VGND,li1,14.2600,48.9600,0.000019
ANTENNA__1060__A2,VGND,li1,17.9400,48.9600,0.000017
ANTENNA__1062__A2,VGND,li1,25.7600,54.4000,0.000061
ANTENNA__1072__A2,VGND,li1,15.6400,38.0800,0.000013
ANTENNA__1050__A2,VGND,li1,50.6000,10.8800,0.000025
ANTENNA_fanout127_X,VGND,li1,17.0200,70.7200,0.000019
ANTENNA_fanout123_A,VGND,li1,20.7000,76.1600,0.000045
ANTENNA__1493__A2,VGND,li1,130.6400,114.2400,0.000069
ANTENNA_fanout125_A,VGND,li1,115.0000,125.1200,0.000151
ANTENNA__1225__B,VGND,li1,154.1000,43.5200,0.000064
ANTENNA_fanout124_A,VGND,li1,92.0000,21.7600,0.000095
ANTENNA_fanout126_X,VGND,li1,26.2200,76.1600,0.000049
ANTENNA__1526__C,VGND,li1,112.2400,119.6800,0.000105
ANTENNA__1527__A2,VGND,li1,112.7000,119.6800,0.000105
ANTENNA__1907__C,VGND,li1,96.6000,163.2000,0.000043
ANTENNA__1936__C,VGND,li1,108.1000,163.2000,0.000045
ANTENNA__1449__A2,VGND,li1,152.2600,114.2400,0.000071
ANTENNA__1492__C,VGND,li1,130.1800,119.6800,0.000114
ANTENNA__1226__B,VGND,li1,140.3000,119.6800,0.000117
ANTENNA__1448__C,VGND,li1,146.2800,114.2400,0.000070
ANTENNA__1999__C,VGND,li1,149.5000,146.8800,0.000118
ANTENNA__1965__C,VGND,li1,121.9000,163.2000,0.000047
ANTENNA_fanout125_X,VGND,li1,115.9200,125.1200,0.000152
ANTENNA__1191__A2,VGND,li1,87.8600,21.7600,0.000094
ANTENNA__1192__C,VGND,li1,92.9200,21.7600,0.000095
ANTENNA__1271__C,VGND,li1,150.8800,48.9600,0.000078
ANTENNA__1272__A2,VGND,li1,157.3200,43.5200,0.000064
ANTENNA__1316__C,VGND,li1,159.1600,54.4000,0.000227
ANTENNA__1317__A2,VGND,li1,157.3200,48.9600,0.000078
ANTENNA__1359__C,VGND,li1,154.5600,70.7200,0.000115
ANTENNA__1360__A2,VGND,li1,150.8800,76.1600,0.000265
ANTENNA__1406__C,VGND,li1,150.8800,92.4800,0.000112
ANTENNA__1407__A2,VGND,li1,156.8600,87.0400,0.000255
ANTENNA_fanout124_X,VGND,li1,94.7600,27.2000,0.000113
ANTENNA_fanout121_A,VGND,li1,20.2400,76.1600,0.000045
ANTENNA_fanout122_A,VGND,li1,17.0200,108.8000,0.000017
ANTENNA__1852__A2,VGND,li1,61.1800,163.2000,0.000027
ANTENNA__1880__C,VGND,li1,73.6000,163.2000,0.000033
ANTENNA__1560__C,VGND,li1,73.1400,114.2400,0.000053
ANTENNA_fanout123_X,VGND,li1,25.3000,76.1600,0.000049
ANTENNA__1817__C,VGND,li1,48.3000,163.2000,0.000019
ANTENNA__1719__A2,VGND,li1,19.7800,108.8000,0.000016
ANTENNA__1753__C,VGND,li1,16.5600,146.8800,0.000015
ANTENNA__1754__A2,VGND,li1,11.0400,141.4400,0.000024
ANTENNA__1782__C,VGND,li1,14.7200,157.7600,0.000006
ANTENNA__1718__C,VGND,li1,16.1000,108.8000,0.000017
ANTENNA__1783__A2,VGND,li1,16.5600,152.3200,0.000011
ANTENNA__1818__A2,VGND,li1,43.2400,157.7600,0.000016
ANTENNA__1851__C,VGND,li1,63.9400,157.7600,0.000026
ANTENNA__1561__A2,VGND,li1,74.9800,114.2400,0.000053
ANTENNA_fanout122_X,VGND,li1,16.1000,108.8000,0.000017
ANTENNA_fanout120_A,VGND,li1,26.2200,76.1600,0.000049
ANTENNA_fanout119_A,VGND,li1,47.3800,76.1600,0.000122
ANTENNA__1149__C,VGND,li1,74.5200,27.2000,0.000090
ANTENNA__1126__A2,VGND,li1,53.8200,38.0800,0.000038
ANTENNA__1127__C,VGND,li1,61.1800,38.0800,0.000044
ANTENNA__1147__A2,VGND,li1,72.6800,27.2000,0.000087
ANTENNA__1596__A2,VGND,li1,60.2600,70.7200,0.000051
ANTENNA__1595__C,VGND,li1,62.1000,76.1600,0.000171
ANTENNA__1148__C,VGND,li1,74.5200,32.6400,0.000058
ANTENNA_fanout121_X,VGND,li1,23.0000,70.7200,0.000017
ANTENNA__1130__B2,VGND,li1,52.4400,43.5200,0.000030
ANTENNA_fanout117_A,VGND,li1,42.7800,59.8400,0.000106
ANTENNA__1150__D_N,VGND,li1,65.7800,32.6400,0.000050
ANTENNA__1151__B2,VGND,li1,68.5400,32.6400,0.000053
ANTENNA__1221__D,VGND,li1,98.9000,32.6400,0.000077
ANTENNA__1222__B1,VGND,li1,100.7400,27.2000,0.000118
ANTENNA__1190__B,VGND,li1,91.0800,27.2000,0.000109
ANTENNA__1128__D,VGND,li1,57.0400,38.0800,0.000042
ANTENNA_fanout118_X,VGND,li1,41.8600,59.8400,0.000099
ANTENNA__1186__C,VGND,li1,61.6400,65.2800,0.000067
ANTENNA__1187__A2,VGND,li1,62.1000,70.7200,0.000053
ANTENNA__1123__A2,VGND,li1,41.8600,54.4000,0.000134
ANTENNA__1155__C,VGND,li1,55.2000,65.2800,0.000062
ANTENNA__1156__A2,VGND,li1,63.9400,65.2800,0.000069
ANTENNA__1122__C,VGND,li1,38.1800,54.4000,0.000115
ANTENNA__1047__A,VGND,li1,34.9600,59.8400,0.000080
ANTENNA__1110__A2,VGND,li1,36.3400,38.0800,0.000023
ANTENNA__1111__C,VGND,li1,48.3000,38.0800,0.000033
ANTENNA__1185__B,VGND,li1,105.3400,32.6400,0.000082
ANTENNA_fanout113_X,VGND,li1,35.8800,65.2800,0.000042
ANTENNA__1121__B,VGND,li1,46.0000,54.4000,0.000145
ANTENNA__1154__B,VGND,li1,60.7200,54.4000,0.000180
ANTENNA__1163__A2,VGND,li1,54.2800,59.8400,0.000150
ANTENNA__1184__B,VGND,li1,71.3000,65.2800,0.000074
ANTENNA__1177__A2,VGND,li1,56.5800,59.8400,0.000158
ANTENNA__1213__A2,VGND,li1,66.7000,65.2800,0.000071
ANTENNA__1049__A,VGND,li1,63.4800,10.8800,0.000034
ANTENNA__1214__D,VGND,li1,83.2600,43.5200,0.000044
ANTENNA__1215__B1,VGND,li1,84.6400,48.9600,0.000065
ANTENNA__1267__A2_N,VGND,li1,107.6400,48.9600,0.000072
ANTENNA_fanout111_X,VGND,li1,58.4200,16.3200,0.000116
ANTENNA_fanout104_A,VGND,li1,15.1800,48.9600,0.000019
ANTENNA__1163__A1,VGND,li1,46.9200,59.8400,0.000123
ANTENNA__1164__A,VGND,li1,68.0800,54.4000,0.000186
ANTENNA__1165__A,VGND,li1,73.1400,54.4000,0.000190
ANTENNA__1180__A1,VGND,li1,75.9000,54.4000,0.000192
ANTENNA__1212__A,VGND,li1,97.9800,21.7600,0.000097
ANTENNA__1293__A1,VGND,li1,94.3000,21.7600,0.000096
ANTENNA_fanout105_X,VGND,li1,14.2600,54.4000,0.000055
ANTENNA__1186__A,VGND,li1,62.5600,65.2800,0.000067
ANTENNA__1187__B2,VGND,li1,68.0800,70.7200,0.000058
ANTENNA__1346__A1,VGND,li1,79.1200,65.2800,0.000078
ANTENNA__1345__B,VGND,li1,75.9000,65.2800,0.000076
ANTENNA__1126__A1,VGND,li1,56.5800,38.0800,0.000040
ANTENNA__1127__B,VGND,li1,60.2600,38.0800,0.000044
ANTENNA__1150__C_N,VGND,li1,66.7000,32.6400,0.000052
ANTENNA__1151__B1,VGND,li1,69.4600,32.6400,0.000053
ANTENNA__1065__A,VGND,li1,56.5800,21.7600,0.000066
ANTENNA__1267__A1_N,VGND,li1,106.7200,48.9600,0.000072
ANTENNA_fanout96_X,VGND,li1,63.4800,21.7600,0.000073
ANTENNA_fanout89_A,VGND,li1,157.3200,48.9600,0.000078
ANTENNA_fanout88_A,VGND,li1,108.1000,65.2800,0.000094
ANTENNA_fanout90_A,VGND,li1,110.4000,119.6800,0.000104
ANTENNA__1965__B,VGND,li1,127.8800,157.7600,0.000043
ANTENNA__1999__B,VGND,li1,150.4200,146.8800,0.000118
ANTENNA_fanout91_X,VGND,li1,109.4800,65.2800,0.000094
ANTENNA__1941__A1,VGND,li1,100.7400,157.7600,0.000039
ANTENNA__1526__B,VGND,li1,113.6200,119.6800,0.000106
ANTENNA__1527__A1,VGND,li1,111.7800,119.6800,0.000105
ANTENNA__1907__B,VGND,li1,97.5200,163.2000,0.000043
ANTENNA__1936__B,VGND,li1,107.1800,163.2000,0.000045
ANTENNA__1449__A1,VGND,li1,153.1800,114.2400,0.000071
ANTENNA__1492__B,VGND,li1,135.2400,119.6800,0.000115
ANTENNA__1448__B,VGND,li1,147.2000,114.2400,0.000070
ANTENNA__1226__A,VGND,li1,141.2200,119.6800,0.000118
ANTENNA__1493__A1,VGND,li1,131.5600,114.2400,0.000069
ANTENNA_fanout90_X,VGND,li1,109.4800,119.6800,0.000104
ANTENNA__1311__A,VGND,li1,108.1000,54.4000,0.000215
ANTENNA__1312__B2,VGND,li1,108.1000,59.8400,0.000333
ANTENNA__1484__B1,VGND,li1,90.6200,70.7200,0.000078
ANTENNA__1403__A,VGND,li1,105.8000,76.1600,0.000254
ANTENNA__1439__A,VGND,li1,93.3800,70.7200,0.000080
ANTENNA__1520__B2,VGND,li1,89.7000,81.6000,0.000054
ANTENNA__1354__A,VGND,li1,105.3400,65.2800,0.000092
ANTENNA__1355__B1,VGND,li1,109.9400,65.2800,0.000095
ANTENNA__1271__B,VGND,li1,151.8000,48.9600,0.000078
ANTENNA__1272__A1,VGND,li1,153.1800,43.5200,0.000064
ANTENNA_fanout88_X,VGND,li1,107.1800,65.2800,0.000093
ANTENNA_fanout85_A,VGND,li1,11.0400,38.0800,0.000014
ANTENNA__1596__A1,VGND,li1,61.1800,76.1600,0.000171
ANTENNA__1595__B,VGND,li1,63.0200,70.7200,0.000053
ANTENNA_fanout86_A,VGND,li1,16.1000,103.3600,0.000014
ANTENNA__1880__B,VGND,li1,74.5200,163.2000,0.000033
ANTENNA__1851__B,VGND,li1,60.7200,157.7600,0.000025
ANTENNA__1852__A1,VGND,li1,65.7800,163.2000,0.000029
ANTENNA_fanout87_X,VGND,li1,15.6400,43.5200,0.000021
ANTENNA__1718__B,VGND,li1,7.3600,108.8000,0.000018
ANTENNA__1719__A1,VGND,li1,8.2800,108.8000,0.000018
ANTENNA__1754__A1,VGND,li1,10.1200,141.4400,0.000024
ANTENNA__1753__B,VGND,li1,17.4800,146.8800,0.000015
ANTENNA__1782__B,VGND,li1,15.6400,157.7600,0.000006
ANTENNA__1783__A1,VGND,li1,13.8000,152.3200,0.000011
ANTENNA__1818__A1,VGND,li1,46.9200,157.7600,0.000018
ANTENNA__1561__A1,VGND,li1,80.0400,114.2400,0.000056
ANTENNA__1560__B,VGND,li1,74.0600,114.2400,0.000053
ANTENNA__1817__B,VGND,li1,45.0800,163.2000,0.000017
ANTENNA_fanout86_X,VGND,li1,7.8200,108.8000,0.000018
ANTENNA__1626__A1,VGND,li1,49.2200,70.7200,0.000041
ANTENNA__1625__B,VGND,li1,43.7000,70.7200,0.000035
ANTENNA__1688__B,VGND,li1,12.4200,81.6000,0.000012
ANTENNA__1689__A1,VGND,li1,14.2600,81.6000,0.000012
ANTENNA__1655__B,VGND,li1,21.6200,70.7200,0.000018
ANTENNA__1656__A1,VGND,li1,25.7600,70.7200,0.000018
ANTENNA__1071__A,VGND,li1,7.3600,38.0800,0.000014
ANTENNA__1270__A,VGND,li1,34.9600,59.8400,0.000080
ANTENNA__1440__B2,VGND,li1,74.0600,70.7200,0.000064
ANTENNA__1438__A,VGND,li1,74.9800,70.7200,0.000064
ANTENNA_fanout85_X,VGND,li1,13.8000,38.0800,0.000013
ANTENNA__1210__B,VGND,li1,102.5800,10.8800,0.000046
ANTENNA__1250__B,VGND,li1,115.9200,16.3200,0.000181
ANTENNA__1299__A2,VGND,li1,145.8200,32.6400,0.000103
ANTENNA__1342__A2,VGND,li1,146.2800,27.2000,0.000147
ANTENNA__1390__B,VGND,li1,148.5800,70.7200,0.000113
ANTENNA_fanout83_A,VGND,li1,107.1800,114.2400,0.000066
ANTENNA__2055__A2,VGND,li1,141.6800,125.1200,0.000158
ANTENNA__2029__A2,VGND,li1,145.3600,125.1200,0.000158
ANTENNA__2069__A2,VGND,li1,139.3800,136.0000,0.000139
ANTENNA_fanout84_X,VGND,li1,106.7200,16.3200,0.000178
ANTENNA__1556__A2,VGND,li1,111.3200,119.6800,0.000105
ANTENNA__1588__A2,VGND,li1,104.4200,119.6800,0.000102
ANTENNA__1934__A,VGND,li1,84.1800,136.0000,0.000099
ANTENNA__1935__A2,VGND,li1,92.9200,136.0000,0.000109
ANTENNA__1964__A2,VGND,li1,88.3200,125.1200,0.000127
ANTENNA__1997__B,VGND,li1,126.9600,130.5600,0.000156
ANTENNA__1518__A2,VGND,li1,125.1200,108.8000,0.000093
ANTENNA__1434__A2,VGND,li1,147.2000,76.1600,0.000265
ANTENNA__1482__A2,VGND,li1,147.2000,108.8000,0.000100
ANTENNA__1481__A,VGND,li1,143.5200,108.8000,0.000099
ANTENNA_fanout83_X,VGND,li1,111.7800,114.2400,0.000066
ANTENNA__1905__A,VGND,li1,72.2200,136.0000,0.000086
ANTENNA__1906__A2,VGND,li1,68.0800,141.4400,0.000109
ANTENNA__1815__B,VGND,li1,9.6600,141.4400,0.000024
ANTENNA__1781__A2,VGND,li1,15.6400,119.6800,0.000017
ANTENNA__1779__B1,VGND,li1,18.8600,108.8000,0.000016
ANTENNA_fanout82_X,VGND,li1,22.5400,114.2400,0.000016
ANTENNA_fanout80_A,VGND,li1,16.1000,70.7200,0.000019
ANTENNA__1176__A2,VGND,li1,59.3400,27.2000,0.000072
ANTENNA__1144__B,VGND,li1,51.0600,16.3200,0.000100
ANTENNA__1175__B1,VGND,li1,58.4200,27.2000,0.000069
ANTENNA__1653__A,VGND,li1,61.1800,70.7200,0.000051
ANTENNA__1844__A2,VGND,li1,42.3200,136.0000,0.000049
ANTENNA__1878__B,VGND,li1,57.5000,141.4400,0.000092
ANTENNA__1623__B,VGND,li1,56.5800,87.0400,0.000178
ANTENNA__1716__B,VGND,li1,10.5800,87.0400,0.000052
ANTENNA__1751__B,VGND,li1,11.0400,114.2400,0.000019
ANTENNA_fanout81_X,VGND,li1,15.1800,81.6000,0.000012
ANTENNA__1119__B1,VGND,li1,34.0400,21.7600,0.000032
ANTENNA__1120__A2,VGND,li1,34.9600,16.3200,0.000056
ANTENNA__1075__A3,VGND,li1,12.4200,21.7600,0.000023
ANTENNA__1077__A,VGND,li1,17.0200,27.2000,0.000017
ANTENNA__1086__A2,VGND,li1,11.9600,32.6400,0.000019
ANTENNA__2071__A1,VGND,li1,10.5800,70.7200,0.000020
ANTENNA__1100__B1,VGND,li1,25.7600,21.7600,0.000019
ANTENNA__1101__A2,VGND,li1,17.9400,43.5200,0.000020
ANTENNA__1686__B,VGND,li1,37.7200,70.7200,0.000029
ANTENNA__1654__A2,VGND,li1,48.3000,70.7200,0.000039
ANTENNA_fanout80_X,VGND,li1,17.0200,76.1600,0.000047
ANTENNA__1624__A1,VGND,li1,52.9000,92.4800,0.000060
ANTENNA__1717__A1,VGND,li1,12.4200,92.4800,0.000024
ANTENNA__1752__A1,VGND,li1,12.8800,114.2400,0.000019
ANTENNA__1816__A1,VGND,li1,17.0200,136.0000,0.000024
ANTENNA__1843__B1,VGND,li1,43.7000,125.1200,0.000063
ANTENNA__1879__A1,VGND,li1,57.5000,136.0000,0.000069
ANTENNA__1687__A1,VGND,li1,44.1600,65.2800,0.000052
ANTENNA__1085__B1,VGND,li1,16.1000,27.2000,0.000017
ANTENNA__1145__A1,VGND,li1,44.1600,21.7600,0.000049
ANTENNA_fanout78_A,VGND,li1,105.8000,16.3200,0.000178
ANTENNA_fanout79_X,VGND,li1,17.9400,32.6400,0.000017
ANTENNA__1211__A1,VGND,li1,101.6600,10.8800,0.000046
ANTENNA__1251__A1,VGND,li1,109.4800,16.3200,0.000179
ANTENNA__1298__B1,VGND,li1,138.4600,27.2000,0.000144
ANTENNA__1341__B1,VGND,li1,146.7400,27.2000,0.000147
ANTENNA__1391__A1,VGND,li1,145.3600,70.7200,0.000111
ANTENNA__1433__B1,VGND,li1,141.2200,76.1600,0.000264
ANTENNA__1517__B1,VGND,li1,125.1200,108.8000,0.000093
ANTENNA__1555__B1,VGND,li1,110.8600,114.2400,0.000066
ANTENNA__1587__B1,VGND,li1,109.4800,114.2400,0.000066
ANTENNA__1963__B1,VGND,li1,86.9400,125.1200,0.000127
ANTENNA_fanout78_X,VGND,li1,107.6400,16.3200,0.000179
ANTENNA_fanout73_A,VGND,li1,46.4600,76.1600,0.000122
ANTENNA_fanout76_A,VGND,li1,97.9800,119.6800,0.000098
ANTENNA_fanout74_A,VGND,li1,158.7000,59.8400,0.000358
ANTENNA__1410__B1,VGND,li1,155.0200,87.0400,0.000255
ANTENNA__1409__A,VGND,li1,152.7200,92.4800,0.000112
ANTENNA_fanout77_X,VGND,li1,43.7000,76.1600,0.000108
ANTENNA__1528__A,VGND,li1,100.7400,125.1200,0.000141
ANTENNA__1529__A,VGND,li1,113.6200,119.6800,0.000106
ANTENNA__1530__B1,VGND,li1,118.6800,119.6800,0.000109
ANTENNA__1910__A,VGND,li1,87.4000,163.2000,0.000039
ANTENNA__1938__A,VGND,li1,102.5800,163.2000,0.000044
ANTENNA__1939__B1,VGND,li1,103.5000,163.2000,0.000044
ANTENNA_fanout75_A,VGND,li1,132.9400,119.6800,0.000115
ANTENNA__1967__A,VGND,li1,125.1200,157.7600,0.000043
ANTENNA__1968__B1,VGND,li1,122.8200,163.2000,0.000047
ANTENNA__2001__A,VGND,li1,155.4800,146.8800,0.000119
ANTENNA_fanout76_X,VGND,li1,103.5000,119.6800,0.000101
ANTENNA_fanout70_A,VGND,li1,43.2400,70.7200,0.000035
ANTENNA__1599__B1,VGND,li1,71.3000,76.1600,0.000199
ANTENNA__1598__A,VGND,li1,66.2400,76.1600,0.000182
ANTENNA__1597__A,VGND,li1,63.9400,70.7200,0.000054
ANTENNA_fanout72_A,VGND,li1,17.9400,108.8000,0.000017
ANTENNA_fanout73_X,VGND,li1,48.3000,76.1600,0.000128
ANTENNA_fanout71_A,VGND,li1,15.1800,103.3600,0.000014
ANTENNA__1819__A,VGND,li1,42.3200,163.2000,0.000016
ANTENNA__1785__A,VGND,li1,20.2400,152.3200,0.000011
ANTENNA__1563__A,VGND,li1,76.3600,119.6800,0.000077
ANTENNA__1564__B1,VGND,li1,81.4200,119.6800,0.000082
ANTENNA__1855__B1,VGND,li1,57.5000,157.7600,0.000023
ANTENNA__1854__A,VGND,li1,57.9600,163.2000,0.000025
ANTENNA__1853__A,VGND,li1,61.1800,163.2000,0.000027
ANTENNA__1882__A,VGND,li1,82.3400,163.2000,0.000036
ANTENNA__1883__B1,VGND,li1,74.9800,157.7600,0.000031
ANTENNA_fanout72_X,VGND,li1,15.1800,108.8000,0.000017
ANTENNA__2010__A1,VGND,li1,113.1600,157.7600,0.000041
ANTENNA__2035__A,VGND,li1,142.1400,157.7600,0.000045
ANTENNA__1944__A,VGND,li1,97.0600,152.3200,0.000057
ANTENNA__1945__A,VGND,li1,100.2800,152.3200,0.000058
ANTENNA__1947__A1,VGND,li1,88.3200,152.3200,0.000053
ANTENNA__1914__A,VGND,li1,92.0000,157.7600,0.000036
ANTENNA__1605__A1,VGND,li1,83.7200,119.6800,0.000085
ANTENNA__1569__B1,VGND,li1,88.7800,119.6800,0.000090
ANTENNA_fanout68_X,VGND,li1,90.1600,125.1200,0.000129
ANTENNA__1415__B1,VGND,li1,147.6600,87.0400,0.000254
ANTENNA__1457__B1,VGND,li1,148.5800,97.9200,0.000470
ANTENNA__1458__A1,VGND,li1,146.2800,87.0400,0.000254
ANTENNA__1501__B1,VGND,li1,143.0600,103.3600,0.000071
ANTENNA__1502__A1,VGND,li1,141.6800,97.9200,0.000470
ANTENNA__1536__A1,VGND,li1,142.1400,108.8000,0.000099
ANTENNA__1535__B1,VGND,li1,126.0400,114.2400,0.000069
ANTENNA__1570__A1,VGND,li1,118.6800,119.6800,0.000109
ANTENNA__2007__A,VGND,li1,142.1400,157.7600,0.000045
ANTENNA__2008__A,VGND,li1,141.2200,163.2000,0.000048
ANTENNA_fanout67_X,VGND,li1,153.6400,87.0400,0.000255
ANTENNA__1973__A,VGND,li1,112.7000,157.7600,0.000041
ANTENNA__1414__A,VGND,li1,148.5800,87.0400,0.000255
ANTENNA__1456__A,VGND,li1,142.6000,92.4800,0.000112
ANTENNA__1500__B,VGND,li1,143.0600,103.3600,0.000071
ANTENNA__1534__B,VGND,li1,125.1200,114.2400,0.000069
ANTENNA__2060__S,VGND,li1,146.7400,146.8800,0.000118
ANTENNA_fanout64_X,VGND,li1,152.7200,87.0400,0.000255
ANTENNA__1633__B,VGND,li1,61.1800,81.6000,0.000042
ANTENNA__1663__B,VGND,li1,39.5600,81.6000,0.000026
ANTENNA__1696__B,VGND,li1,26.2200,81.6000,0.000013
ANTENNA__1726__B,VGND,li1,22.5400,97.9200,0.000053
ANTENNA__1761__B,VGND,li1,22.5400,130.5600,0.000022
ANTENNA__1603__B,VGND,li1,76.8200,81.6000,0.000048
ANTENNA__1790__B,VGND,li1,26.2200,146.8800,0.000017
ANTENNA__1859__A,VGND,li1,52.4400,152.3200,0.000034
ANTENNA__1887__A,VGND,li1,70.8400,152.3200,0.000045
ANTENNA__1568__B,VGND,li1,80.0400,119.6800,0.000082
ANTENNA_fanout63_X,VGND,li1,78.6600,87.0400,0.000207
ANTENNA_fanout61_A,VGND,li1,74.9800,97.9200,0.000296
ANTENNA__1863__A,VGND,li1,63.4800,152.3200,0.000041
ANTENNA__1891__A,VGND,li1,76.3600,152.3200,0.000047
ANTENNA__1610__A1,VGND,li1,78.6600,114.2400,0.000055
ANTENNA__1573__A,VGND,li1,84.1800,114.2400,0.000058
ANTENNA__1574__B1,VGND,li1,89.2400,114.2400,0.000059
ANTENNA__1917__A,VGND,li1,94.3000,146.8800,0.000095
ANTENNA__1950__A,VGND,li1,98.4400,141.4400,0.000137
ANTENNA__1977__A,VGND,li1,110.8600,146.8800,0.000107
ANTENNA__2013__A,VGND,li1,122.3600,152.3200,0.000066
ANTENNA_fanout62_X,VGND,li1,80.5000,97.9200,0.000325
ANTENNA_fanout60_A,VGND,li1,80.9600,97.9200,0.000325
ANTENNA_fanout59_A,VGND,li1,63.9400,81.6000,0.000043
ANTENNA__1766__A,VGND,li1,24.8400,119.6800,0.000017
ANTENNA__1767__B1,VGND,li1,23.9200,119.6800,0.000017
ANTENNA__1795__A,VGND,li1,30.8200,141.4400,0.000040
ANTENNA__1796__B1,VGND,li1,29.9000,141.4400,0.000035
ANTENNA__1831__A1,VGND,li1,31.2800,141.4400,0.000040
ANTENNA__1797__A1,VGND,li1,23.4600,125.1200,0.000024
ANTENNA__1829__A,VGND,li1,45.0800,152.3200,0.000027
ANTENNA__1830__B1,VGND,li1,40.4800,146.8800,0.000035
ANTENNA_fanout61_X,VGND,li1,81.8800,97.9200,0.000325
ANTENNA_fanout57_A,VGND,li1,71.7600,97.9200,0.000286
ANTENNA__1559__B1,VGND,li1,90.6200,97.9200,0.000367
ANTENNA__1558__A,VGND,li1,120.0600,125.1200,0.000154
ANTENNA__1983__A1,VGND,li1,98.9000,136.0000,0.000114
ANTENNA__2020__A1,VGND,li1,106.2600,141.4400,0.000141
ANTENNA__2044__A1,VGND,li1,114.5400,141.4400,0.000144
ANTENNA__2056__A1,VGND,li1,122.8200,146.8800,0.000113
ANTENNA__2062__A,VGND,li1,127.4200,146.8800,0.000115
ANTENNA__1956__A1,VGND,li1,80.9600,141.4400,0.000123
ANTENNA_fanout58_X,VGND,li1,97.5200,92.4800,0.000100
ANTENNA__1644__B1,VGND,li1,68.0800,92.4800,0.000078
ANTENNA__1643__A,VGND,li1,66.2400,92.4800,0.000076
ANTENNA__1771__A,VGND,li1,29.9000,119.6800,0.000023
ANTENNA_fanout56_A,VGND,li1,52.9000,92.4800,0.000060
ANTENNA__1800__A,VGND,li1,27.6000,130.5600,0.000026
ANTENNA__1801__B1,VGND,li1,30.3600,130.5600,0.000031
ANTENNA__1835__A,VGND,li1,36.8000,141.4400,0.000051
ANTENNA__1870__A1,VGND,li1,43.2400,141.4400,0.000066
ANTENNA__1923__A1,VGND,li1,64.4000,125.1200,0.000096
ANTENNA__1897__A1,VGND,li1,50.1400,146.8800,0.000050
ANTENNA_fanout57_X,VGND,li1,72.6800,97.9200,0.000286
ANTENNA__1036__A,VGND,li1,93.8400,16.3200,0.000167
ANTENNA__1227__B,VGND,li1,122.3600,16.3200,0.000181
ANTENNA__1228__B,VGND,li1,115.9200,21.7600,0.000100
ANTENNA__1485__B,VGND,li1,93.3800,76.1600,0.000247
ANTENNA__2080__Q,VGND,li1,96.6000,16.3200,0.000170
ANTENNA__2077__Q,VGND,li1,65.7800,16.3200,0.000130
ANTENNA_fanout111_A,VGND,li1,54.2800,16.3200,0.000107
ANTENNA_fanout112_A,VGND,li1,115.9200,48.9600,0.000074
ANTENNA__1941__A2,VGND,li1,99.8200,157.7600,0.000038
ANTENNA__2074__Q,VGND,li1,29.9000,59.8400,0.000061
ANTENNA_fanout118_A,VGND,li1,37.2600,59.8400,0.000088
ANTENNA__2088__Q,VGND,li1,17.4800,38.0800,0.000013
ANTENNA_fanout87_A,VGND,li1,16.5600,43.5200,0.000021
ANTENNA_fanout91_A,VGND,li1,106.2600,65.2800,0.000093
ANTENNA__1558__Y,VGND,li1,120.9800,125.1200,0.000154
ANTENNA__1613__A,VGND,li1,80.5000,103.3600,0.000058
ANTENNA__1614__B1,VGND,li1,73.1400,103.3600,0.000055
ANTENNA__1869__A,VGND,li1,51.5200,141.4400,0.000082
ANTENNA__1896__A,VGND,li1,62.5600,119.6800,0.000064
ANTENNA__1922__A,VGND,li1,70.8400,141.4400,0.000112
ANTENNA__1955__A,VGND,li1,103.5000,130.5600,0.000141
ANTENNA__1982__A,VGND,li1,108.1000,136.0000,0.000121
ANTENNA__2019__A,VGND,li1,117.3000,141.4400,0.000145
ANTENNA__2043__A,VGND,li1,120.5200,146.8800,0.000112
ANTENNA__1524__Y,VGND,li1,94.3000,87.0400,0.000222
ANTENNA__2014__A,VGND,li1,116.8400,152.3200,0.000065
ANTENNA__2039__A,VGND,li1,126.0400,152.3200,0.000067
ANTENNA__2063__S,VGND,li1,133.8600,152.3200,0.000068
ANTENNA_fanout62_A,VGND,li1,76.3600,103.3600,0.000057
ANTENNA__1523__Y,VGND,li1,96.6000,92.4800,0.000100
ANTENNA__1525__A0,VGND,li1,91.0800,97.9200,0.000367
ANTENNA__1864__A,VGND,li1,64.4000,152.3200,0.000042
ANTENNA__1892__A,VGND,li1,70.8400,146.8800,0.000074
ANTENNA__1918__A,VGND,li1,86.0200,146.8800,0.000089
ANTENNA__1951__A,VGND,li1,100.7400,141.4400,0.000138
ANTENNA__1978__A,VGND,li1,102.5800,146.8800,0.000102
ANTENNA__1404__X,VGND,li1,120.9800,76.1600,0.000260
ANTENNA_fanout65_A,VGND,li1,77.7400,87.0400,0.000205
ANTENNA_fanout66_A,VGND,li1,72.6800,157.7600,0.000030
ANTENNA_fanout67_A,VGND,li1,151.8000,87.0400,0.000255
ANTENNA_fanout68_A,VGND,li1,89.2400,125.1200,0.000129
ANTENNA__1226__Y,VGND,li1,143.5200,119.6800,0.000119
ANTENNA__1276__A1,VGND,li1,142.6000,21.7600,0.000100
ANTENNA__2057__B1,VGND,li1,142.1400,119.6800,0.000118
ANTENNA__1225__X,VGND,li1,158.2400,48.9600,0.000078
ANTENNA__1229__A,VGND,li1,125.5800,21.7600,0.000100
ANTENNA__1881__B,VGND,li1,79.1200,157.7600,0.000032
ANTENNA__1908__B,VGND,li1,99.3600,163.2000,0.000043
ANTENNA__1937__B,VGND,li1,103.0400,157.7600,0.000039
ANTENNA__1966__B,VGND,li1,127.8800,163.2000,0.000048
ANTENNA__2000__B,VGND,li1,155.0200,146.8800,0.000119
ANTENNA__2031__A,VGND,li1,158.7000,136.0000,0.000143
ANTENNA__1074__Y,VGND,li1,12.8800,59.8400,0.000043
ANTENNA__1998__A1,VGND,li1,120.0600,125.1200,0.000154
ANTENNA__2028__B1,VGND,li1,142.1400,130.5600,0.000163
ANTENNA__2054__B1,VGND,li1,140.3000,125.1200,0.000158
ANTENNA__2068__B1,VGND,li1,134.3200,136.0000,0.000137
ANTENNA_fanout79_A,VGND,li1,14.2600,32.6400,0.000018
ANTENNA__1073__X,VGND,li1,15.6400,54.4000,0.000054
ANTENNA_fanout81_A,VGND,li1,11.0400,81.6000,0.000012
ANTENNA_fanout82_A,VGND,li1,23.4600,114.2400,0.000015
ANTENNA_fanout84_A,VGND,li1,99.3600,21.7600,0.000097
ANTENNA__1038__Y,VGND,li1,14.7200,65.2800,0.000026
ANTENNA_fanout127_A,VGND,li1,7.8200,70.7200,0.000020
ANTENNA_fanout128_A,VGND,li1,64.4000,21.7600,0.000075
ANTENNA_input19_A,VGND,li1,8.7400,59.8400,0.000044
ANTENNA_input18_A,VGND,li1,15.1800,54.4000,0.000054
ANTENNA_input17_A,VGND,li1,14.7200,43.5200,0.000022
ANTENNA_input16_A,VGND,li1,83.7200,10.8800,0.000043
ANTENNA_input15_A,VGND,li1,80.5000,10.8800,0.000041
ANTENNA_input14_A,VGND,li1,68.5400,16.3200,0.000134
ANTENNA_input13_A,VGND,li1,48.7600,10.8800,0.000024
ANTENNA_input12_A,VGND,li1,14.7200,87.0400,0.000052
ANTENNA_input11_A,VGND,li1,9.2000,81.6000,0.000013
ANTENNA_input10_A,VGND,li1,14.7200,54.4000,0.000055
ANTENNA_input9_A,VGND,li1,11.9600,38.0800,0.000014
ANTENNA_input8_A,VGND,li1,74.5200,16.3200,0.000144
ANTENNA_input7_A,VGND,li1,64.4000,10.8800,0.000034
ANTENNA_input6_A,VGND,li1,61.1800,10.8800,0.000032
ANTENNA_input5_A,VGND,li1,47.8400,10.8800,0.000024
ANTENNA_input4_A,VGND,li1,13.8000,43.5200,0.000022
ANTENNA_input3_A,VGND,li1,11.5000,65.2800,0.000026
ANTENNA_input2_A,VGND,li1,13.3400,54.4000,0.000055
ANTENNA_input1_A,VGND,li1,7.3600,130.5600,0.000024
ANTENNA_clkbuf_0_aclk_A,VGND,li1,79.5800,76.1600,0.000229
hold15,VGND,li1,136.6200,114.2400,0.000070
hold14,VGND,li1,53.8200,136.0000,0.000067
hold13,VGND,li1,155.0200,27.2000,0.000149
hold12,VGND,li1,110.8600,125.1200,0.000149
hold11,VGND,li1,156.8600,76.1600,0.000265
hold10,VGND,li1,150.4200,136.0000,0.000143
hold9,VGND,li1,154.5600,130.5600,0.000167
hold8,VGND,li1,41.4000,16.3200,0.000076
hold7,VGND,li1,95.2200,141.4400,0.000136
hold6,VGND,li1,16.1000,125.1200,0.000027
hold5,VGND,li1,76.8200,141.4400,0.000120
hold4,VGND,li1,24.8400,43.5200,0.000015
hold3,VGND,li1,155.9400,108.8000,0.000103
hold2,VGND,li1,16.5600,32.6400,0.000018
hold1,VGND,li1,156.4000,32.6400,0.000106
clkload2,VGND,li1,112.9300,97.9200,0.000458
clkload1,VGND,li1,111.5500,54.4000,0.000218
clkload0,VGND,li1,47.6100,81.6000,0.000033
clkbuf_2_3__f_aclk,VGND,li1,115.9200,97.9200,0.000465
clkbuf_2_2__f_aclk,VGND,li1,114.0800,59.8400,0.000354
clkbuf_2_1__f_aclk,VGND,li1,50.6000,87.0400,0.000170
clkbuf_2_0__f_aclk,VGND,li1,52.4400,54.4000,0.000173
clkbuf_0_aclk,VGND,li1,84.6400,76.1600,0.000241
fanout136,VGND,li1,91.0800,136.0000,0.000108
fanout135,VGND,li1,90.6200,141.4400,0.000133
fanout134,VGND,li1,13.3400,136.0000,0.000026
fanout133,VGND,li1,15.6400,76.1600,0.000047
fanout132,VGND,li1,11.9600,70.7200,0.000020
fanout131,VGND,li1,11.9600,70.7200,0.000020
fanout130,VGND,li1,47.1500,16.3200,0.000087
fanout129,VGND,li1,9.6600,65.2800,0.000026
fanout128,VGND,li1,62.1000,21.7600,0.000073
fanout127,VGND,li1,14.2600,70.7200,0.000020
fanout126,VGND,li1,22.0800,76.1600,0.000044
fanout125,VGND,li1,113.6200,125.1200,0.000151
fanout124,VGND,li1,93.3800,27.2000,0.000111
fanout123,VGND,li1,23.9200,76.1600,0.000043
fanout122,VGND,li1,14.7200,108.8000,0.000017
fanout121,VGND,li1,21.6200,76.1600,0.000044
fanout120,VGND,li1,25.0700,76.1600,0.000043
fanout119,VGND,li1,46.0000,76.1600,0.000115
fanout118,VGND,li1,38.6400,59.8400,0.000088
fanout117,VGND,li1,40.4800,59.8400,0.000099
fanout116,VGND,li1,63.9400,65.2800,0.000069
fanout115,VGND,li1,23.9200,70.7200,0.000016
fanout114,VGND,li1,102.8100,70.7200,0.000087
fanout113,VGND,li1,34.5000,65.2800,0.000038
fanout112,VGND,li1,113.1600,48.9600,0.000074
fanout111,VGND,li1,56.5800,16.3200,0.000112
fanout110,VGND,li1,72.6800,10.8800,0.000038
fanout109,VGND,li1,83.4900,65.2800,0.000081
fanout108,VGND,li1,84.1800,48.9600,0.000064
fanout107,VGND,li1,76.8200,16.3200,0.000147
fanout106,VGND,li1,93.3800,48.9600,0.000069
fanout105,VGND,li1,11.0400,54.4000,0.000055
fanout104,VGND,li1,11.9600,48.9600,0.000020
fanout103,VGND,li1,61.1800,59.8400,0.000174
fanout102,VGND,li1,27.1400,43.5200,0.000017
fanout101,VGND,li1,69.0000,65.2800,0.000072
fanout100,VGND,li1,37.7200,59.8400,0.000088
fanout99,VGND,li1,87.4000,48.9600,0.000066
fanout98,VGND,li1,45.5400,16.3200,0.000087
fanout97,VGND,li1,107.8700,38.0800,0.000075
fanout96,VGND,li1,60.2600,21.7600,0.000071
fanout95,VGND,li1,104.6500,48.9600,0.000072
fanout94,VGND,li1,76.8200,32.6400,0.000060
fanout93,VGND,li1,89.7000,21.7600,0.000095
fanout92,VGND,li1,104.8800,54.4000,0.000214
fanout91,VGND,li1,107.6400,59.8400,0.000333
fanout90,VGND,li1,107.1800,119.6800,0.000103
fanout89,VGND,li1,158.7000,43.5200,0.000065
fanout88,VGND,li1,105.3400,59.8400,0.000326
fanout87,VGND,li1,11.0400,43.5200,0.000023
fanout86,VGND,li1,11.0400,108.8000,0.000018
fanout85,VGND,li1,12.4200,38.0800,0.000014
fanout84,VGND,li1,101.2000,16.3200,0.000175
fanout83,VGND,li1,105.3400,114.2400,0.000065
fanout82,VGND,li1,21.1600,114.2400,0.000016
fanout81,VGND,li1,12.8800,76.1600,0.000048
fanout80,VGND,li1,15.6400,76.1600,0.000047
fanout79,VGND,li1,16.1000,32.6400,0.000018
fanout78,VGND,li1,103.9600,16.3200,0.000177
fanout77,VGND,li1,42.3200,76.1600,0.000108
fanout76,VGND,li1,99.8200,119.6800,0.000099
fanout75,VGND,li1,131.5600,119.6800,0.000114
fanout74,VGND,li1,157.3200,59.8400,0.000358
fanout73,VGND,li1,43.2400,76.1600,0.000108
fanout72,VGND,li1,12.8800,108.8000,0.000018
fanout71,VGND,li1,13.8000,103.3600,0.000014
fanout70,VGND,li1,41.8600,70.7200,0.000033
max_cap69,VGND,li1,104.6500,43.5200,0.000053
fanout68,VGND,li1,87.8600,125.1200,0.000127
fanout67,VGND,li1,150.4200,87.0400,0.000255
fanout66,VGND,li1,71.3000,157.7600,0.000029
fanout65,VGND,li1,76.3600,87.0400,0.000205
fanout64,VGND,li1,148.5800,87.0400,0.000255
fanout63,VGND,li1,74.0600,87.0400,0.000201
fanout62,VGND,li1,74.9800,97.9200,0.000296
fanout61,VGND,li1,76.3600,97.9200,0.000307
fanout60,VGND,li1,79.8100,97.9200,0.000315
fanout59,VGND,li1,62.5600,81.6000,0.000042
fanout58,VGND,li1,94.3000,92.4800,0.000099
fanout57,VGND,li1,67.1600,97.9200,0.000261
fanout56,VGND,li1,51.5200,92.4800,0.000057
wire55,VGND,li1,59.5700,108.8000,0.000051
max_cap54,VGND,li1,54.9700,114.2400,0.000043
output53,VGND,li1,7.8200,87.0400,0.000052
output52,VGND,li1,7.8200,65.2800,0.000027
output51,VGND,li1,158.7000,38.0800,0.000086
output50,VGND,li1,158.7000,43.5200,0.000065
output49,VGND,li1,114.0800,10.8800,0.000047
output48,VGND,li1,85.1000,10.8800,0.000044
output47,VGND,li1,65.7800,10.8800,0.000035
output46,VGND,li1,58.4200,10.8800,0.000031
output45,VGND,li1,43.2400,10.8800,0.000020
output44,VGND,li1,158.7000,141.4400,0.000150
output43,VGND,li1,158.7000,125.1200,0.000159
output42,VGND,li1,7.8200,43.5200,0.000023
output41,VGND,li1,158.7000,136.0000,0.000143
output40,VGND,li1,123.7400,163.2000,0.000048
output39,VGND,li1,94.7600,163.2000,0.000042
output38,VGND,li1,97.9800,163.2000,0.000043
output37,VGND,li1,78.6600,163.2000,0.000036
output36,VGND,li1,59.3400,163.2000,0.000026
output35,VGND,li1,52.9000,163.2000,0.000023
output34,VGND,li1,7.8200,141.4400,0.000024
output33,VGND,li1,7.8200,130.5600,0.000024
output32,VGND,li1,7.8200,103.3600,0.000015
output31,VGND,li1,7.8200,38.0800,0.000014
output30,VGND,li1,7.8200,81.6000,0.000013
output29,VGND,li1,7.8200,70.7200,0.000020
output28,VGND,li1,7.8200,81.6000,0.000013
output27,VGND,li1,7.8200,97.9200,0.000053
output26,VGND,li1,101.2000,163.2000,0.000044
output25,VGND,li1,107.6400,163.2000,0.000045
output24,VGND,li1,158.7000,114.2400,0.000071
output23,VGND,li1,158.7000,119.6800,0.000122
output22,VGND,li1,158.7000,81.6000,0.000067
output21,VGND,li1,158.7000,70.7200,0.000115
output20,VGND,li1,7.8200,27.2000,0.000017
input19,VGND,li1,7.5900,59.8400,0.000044
input18,VGND,li1,9.4300,54.4000,0.000055
input17,VGND,li1,9.4300,43.5200,0.000023
input16,VGND,li1,82.1100,10.8800,0.000042
input15,VGND,li1,79.3500,10.8800,0.000041
input14,VGND,li1,67.8500,10.8800,0.000036
input13,VGND,li1,60.0300,10.8800,0.000031
input12,VGND,li1,13.5700,87.0400,0.000052
input11,VGND,li1,7.5900,76.1600,0.000049
input10,VGND,li1,7.5900,54.4000,0.000056
input9,VGND,li1,9.4300,38.0800,0.000014
input8,VGND,li1,75.6700,10.8800,0.000040
input7,VGND,li1,69.2300,10.8800,0.000036
input6,VGND,li1,62.3300,10.8800,0.000032
input5,VGND,li1,52.6700,10.8800,0.000026
input4,VGND,li1,12.6500,43.5200,0.000023
input3,VGND,li1,9.4300,70.7200,0.000020
input2,VGND,li1,7.8200,54.4000,0.000056
input1,VGND,li1,7.5900,136.0000,0.000026
TAP_TAPCELL_ROW_56_437,VGND,li1,147.4300,163.4910,0.000048
TAP_TAPCELL_ROW_56_436,VGND,li1,134.5500,163.4910,0.000048
TAP_TAPCELL_ROW_56_435,VGND,li1,121.6700,163.4910,0.000047
TAP_TAPCELL_ROW_56_434,VGND,li1,108.7900,163.4910,0.000045
TAP_TAPCELL_ROW_56_433,VGND,li1,95.9100,163.4910,0.000042
TAP_TAPCELL_ROW_56_432,VGND,li1,83.0300,163.4910,0.000037
TAP_TAPCELL_ROW_56_431,VGND,li1,70.1500,163.4910,0.000031
TAP_TAPCELL_ROW_56_430,VGND,li1,57.2700,163.4910,0.000025
TAP_TAPCELL_ROW_56_429,VGND,li1,44.3900,163.4910,0.000017
TAP_TAPCELL_ROW_56_428,VGND,li1,31.5100,163.4910,0.000009
TAP_TAPCELL_ROW_56_427,VGND,li1,18.6300,163.4910,0.000006
TAP_TAPCELL_ROW_55_426,VGND,li1,134.5500,162.9080,0.000048
TAP_TAPCELL_ROW_55_425,VGND,li1,108.7900,162.9080,0.000045
TAP_TAPCELL_ROW_55_424,VGND,li1,83.0300,162.9080,0.000037
TAP_TAPCELL_ROW_55_423,VGND,li1,57.2700,162.9080,0.000025
TAP_TAPCELL_ROW_55_422,VGND,li1,31.5100,162.9080,0.000009
TAP_TAPCELL_ROW_54_421,VGND,li1,147.4300,158.0510,0.000045
TAP_TAPCELL_ROW_54_420,VGND,li1,121.6700,158.0510,0.000042
TAP_TAPCELL_ROW_54_419,VGND,li1,95.9100,158.0510,0.000037
TAP_TAPCELL_ROW_54_418,VGND,li1,70.1500,158.0510,0.000029
TAP_TAPCELL_ROW_54_417,VGND,li1,44.3900,158.0510,0.000017
TAP_TAPCELL_ROW_54_416,VGND,li1,18.6300,158.0510,0.000006
TAP_TAPCELL_ROW_53_415,VGND,li1,134.5500,157.4680,0.000044
TAP_TAPCELL_ROW_53_414,VGND,li1,108.7900,157.4680,0.000040
TAP_TAPCELL_ROW_53_413,VGND,li1,83.0300,157.4680,0.000034
TAP_TAPCELL_ROW_53_412,VGND,li1,57.2700,157.4680,0.000023
TAP_TAPCELL_ROW_53_411,VGND,li1,31.5100,157.4680,0.000010
TAP_TAPCELL_ROW_52_410,VGND,li1,147.4300,152.6110,0.000069
TAP_TAPCELL_ROW_52_409,VGND,li1,121.6700,152.6110,0.000066
TAP_TAPCELL_ROW_52_408,VGND,li1,95.9100,152.6110,0.000056
TAP_TAPCELL_ROW_52_407,VGND,li1,70.1500,152.6110,0.000045
TAP_TAPCELL_ROW_52_406,VGND,li1,44.3900,152.6110,0.000027
TAP_TAPCELL_ROW_52_405,VGND,li1,18.6300,152.6110,0.000011
TAP_TAPCELL_ROW_51_404,VGND,li1,134.5500,152.0280,0.000068
TAP_TAPCELL_ROW_51_403,VGND,li1,108.7900,152.0280,0.000062
TAP_TAPCELL_ROW_51_402,VGND,li1,83.0300,152.0280,0.000050
TAP_TAPCELL_ROW_51_401,VGND,li1,57.2700,152.0280,0.000037
TAP_TAPCELL_ROW_51_400,VGND,li1,31.5100,152.0280,0.000017
TAP_TAPCELL_ROW_50_399,VGND,li1,147.4300,147.1710,0.000118
TAP_TAPCELL_ROW_50_398,VGND,li1,121.6700,147.1710,0.000112
TAP_TAPCELL_ROW_50_397,VGND,li1,95.9100,147.1710,0.000096
TAP_TAPCELL_ROW_50_396,VGND,li1,70.1500,147.1710,0.000074
TAP_TAPCELL_ROW_50_395,VGND,li1,44.3900,147.1710,0.000042
TAP_TAPCELL_ROW_50_394,VGND,li1,18.6300,147.1710,0.000015
TAP_TAPCELL_ROW_49_393,VGND,li1,134.5500,146.5880,0.000117
TAP_TAPCELL_ROW_49_392,VGND,li1,108.7900,146.5880,0.000105
TAP_TAPCELL_ROW_49_391,VGND,li1,83.0300,146.5880,0.000087
TAP_TAPCELL_ROW_49_390,VGND,li1,57.2700,146.5880,0.000057
TAP_TAPCELL_ROW_49_389,VGND,li1,31.5100,146.5880,0.000023
TAP_TAPCELL_ROW_48_388,VGND,li1,147.4300,141.7310,0.000149
TAP_TAPCELL_ROW_48_387,VGND,li1,121.6700,141.7310,0.000146
TAP_TAPCELL_ROW_48_386,VGND,li1,95.9100,141.7310,0.000136
TAP_TAPCELL_ROW_48_385,VGND,li1,70.1500,141.7310,0.000112
TAP_TAPCELL_ROW_48_384,VGND,li1,44.3900,141.7310,0.000066
TAP_TAPCELL_ROW_48_383,VGND,li1,18.6300,141.7310,0.000024
TAP_TAPCELL_ROW_47_382,VGND,li1,134.5500,141.1480,0.000148
TAP_TAPCELL_ROW_47_381,VGND,li1,108.7900,141.1480,0.000142
TAP_TAPCELL_ROW_47_380,VGND,li1,83.0300,141.1480,0.000126
TAP_TAPCELL_ROW_47_379,VGND,li1,57.2700,141.1480,0.000089
TAP_TAPCELL_ROW_47_378,VGND,li1,31.5100,141.1480,0.000040
TAP_TAPCELL_ROW_46_377,VGND,li1,147.4300,136.2910,0.000142
TAP_TAPCELL_ROW_46_376,VGND,li1,121.6700,136.2910,0.000131
TAP_TAPCELL_ROW_46_375,VGND,li1,95.9100,136.2910,0.000111
TAP_TAPCELL_ROW_46_374,VGND,li1,70.1500,136.2910,0.000084
TAP_TAPCELL_ROW_46_373,VGND,li1,44.3900,136.2910,0.000053
TAP_TAPCELL_ROW_46_372,VGND,li1,18.6300,136.2910,0.000024
TAP_TAPCELL_ROW_45_371,VGND,li1,134.5500,135.7080,0.000137
TAP_TAPCELL_ROW_45_370,VGND,li1,108.7900,135.7080,0.000121
TAP_TAPCELL_ROW_45_369,VGND,li1,83.0300,135.7080,0.000099
TAP_TAPCELL_ROW_45_368,VGND,li1,57.2700,135.7080,0.000069
TAP_TAPCELL_ROW_45_367,VGND,li1,31.5100,135.7080,0.000031
TAP_TAPCELL_ROW_44_366,VGND,li1,147.4300,130.8510,0.000165
TAP_TAPCELL_ROW_44_365,VGND,li1,121.6700,130.8510,0.000153
TAP_TAPCELL_ROW_44_364,VGND,li1,95.9100,130.8510,0.000133
TAP_TAPCELL_ROW_44_363,VGND,li1,70.1500,130.8510,0.000101
TAP_TAPCELL_ROW_44_362,VGND,li1,44.3900,130.8510,0.000057
TAP_TAPCELL_ROW_44_361,VGND,li1,18.6300,130.8510,0.000023
TAP_TAPCELL_ROW_43_360,VGND,li1,134.5500,130.2680,0.000160
TAP_TAPCELL_ROW_43_359,VGND,li1,108.7900,130.2680,0.000145
TAP_TAPCELL_ROW_43_358,VGND,li1,83.0300,130.2680,0.000121
TAP_TAPCELL_ROW_43_357,VGND,li1,57.2700,130.2680,0.000082
TAP_TAPCELL_ROW_43_356,VGND,li1,31.5100,130.2680,0.000035
TAP_TAPCELL_ROW_42_355,VGND,li1,147.4300,125.4110,0.000159
TAP_TAPCELL_ROW_42_354,VGND,li1,121.6700,125.4110,0.000154
TAP_TAPCELL_ROW_42_353,VGND,li1,95.9100,125.4110,0.000136
TAP_TAPCELL_ROW_42_352,VGND,li1,70.1500,125.4110,0.000105
TAP_TAPCELL_ROW_42_351,VGND,li1,44.3900,125.4110,0.000063
TAP_TAPCELL_ROW_42_350,VGND,li1,18.6300,125.4110,0.000026
TAP_TAPCELL_ROW_41_349,VGND,li1,134.5500,124.8280,0.000157
TAP_TAPCELL_ROW_41_348,VGND,li1,108.7900,124.8280,0.000148
TAP_TAPCELL_ROW_41_347,VGND,li1,83.0300,124.8280,0.000122
TAP_TAPCELL_ROW_41_346,VGND,li1,57.2700,124.8280,0.000084
TAP_TAPCELL_ROW_41_345,VGND,li1,31.5100,124.8280,0.000038
TAP_TAPCELL_ROW_40_344,VGND,li1,147.4300,119.9710,0.000120
TAP_TAPCELL_ROW_40_343,VGND,li1,121.6700,119.9710,0.000110
TAP_TAPCELL_ROW_40_342,VGND,li1,95.9100,119.9710,0.000096
TAP_TAPCELL_ROW_40_341,VGND,li1,70.1500,119.9710,0.000071
TAP_TAPCELL_ROW_40_340,VGND,li1,44.3900,119.9710,0.000044
TAP_TAPCELL_ROW_40_339,VGND,li1,18.6300,119.9710,0.000017
TAP_TAPCELL_ROW_39_338,VGND,li1,134.5500,119.3880,0.000115
TAP_TAPCELL_ROW_39_337,VGND,li1,108.7900,119.3880,0.000103
TAP_TAPCELL_ROW_39_336,VGND,li1,83.0300,119.3880,0.000083
TAP_TAPCELL_ROW_39_335,VGND,li1,57.2700,119.3880,0.000058
TAP_TAPCELL_ROW_39_334,VGND,li1,31.5100,119.3880,0.000027
TAP_TAPCELL_ROW_38_333,VGND,li1,147.4300,114.5310,0.000070
TAP_TAPCELL_ROW_38_332,VGND,li1,121.6700,114.5310,0.000069
TAP_TAPCELL_ROW_38_331,VGND,li1,95.9100,114.5310,0.000062
TAP_TAPCELL_ROW_38_330,VGND,li1,70.1500,114.5310,0.000052
TAP_TAPCELL_ROW_38_329,VGND,li1,44.3900,114.5310,0.000034
TAP_TAPCELL_ROW_38_328,VGND,li1,18.6300,114.5310,0.000017
TAP_TAPCELL_ROW_37_327,VGND,li1,134.5500,113.9480,0.000070
TAP_TAPCELL_ROW_37_326,VGND,li1,108.7900,113.9480,0.000066
TAP_TAPCELL_ROW_37_325,VGND,li1,83.0300,113.9480,0.000057
TAP_TAPCELL_ROW_37_324,VGND,li1,57.2700,113.9480,0.000044
TAP_TAPCELL_ROW_37_323,VGND,li1,31.5100,113.9480,0.000023
TAP_TAPCELL_ROW_36_322,VGND,li1,147.4300,109.0910,0.000100
TAP_TAPCELL_ROW_36_321,VGND,li1,121.6700,109.0910,0.000091
TAP_TAPCELL_ROW_36_320,VGND,li1,95.9100,109.0910,0.000078
TAP_TAPCELL_ROW_36_319,VGND,li1,70.1500,109.0910,0.000060
TAP_TAPCELL_ROW_36_318,VGND,li1,44.3900,109.0910,0.000033
TAP_TAPCELL_ROW_36_317,VGND,li1,18.6300,109.0910,0.000017
TAP_TAPCELL_ROW_35_316,VGND,li1,134.5500,108.5080,0.000096
TAP_TAPCELL_ROW_35_315,VGND,li1,108.7900,108.5080,0.000085
TAP_TAPCELL_ROW_35_314,VGND,li1,83.0300,108.5080,0.000071
TAP_TAPCELL_ROW_35_313,VGND,li1,57.2700,108.5080,0.000048
TAP_TAPCELL_ROW_35_312,VGND,li1,31.5100,108.5080,0.000021
TAP_TAPCELL_ROW_34_311,VGND,li1,147.4300,103.6510,0.000071
TAP_TAPCELL_ROW_34_310,VGND,li1,121.6700,103.6510,0.000069
TAP_TAPCELL_ROW_34_309,VGND,li1,95.9100,103.6510,0.000064
TAP_TAPCELL_ROW_34_308,VGND,li1,70.1500,103.6510,0.000054
TAP_TAPCELL_ROW_34_307,VGND,li1,44.3900,103.6510,0.000033
TAP_TAPCELL_ROW_34_306,VGND,li1,18.6300,103.6510,0.000014
TAP_TAPCELL_ROW_33_305,VGND,li1,134.5500,103.0680,0.000071
TAP_TAPCELL_ROW_33_304,VGND,li1,108.7900,103.0680,0.000067
TAP_TAPCELL_ROW_33_303,VGND,li1,83.0300,103.0680,0.000059
TAP_TAPCELL_ROW_33_302,VGND,li1,57.2700,103.0680,0.000045
TAP_TAPCELL_ROW_33_301,VGND,li1,31.5100,103.0680,0.000021
TAP_TAPCELL_ROW_32_300,VGND,li1,147.4300,98.2110,0.000470
TAP_TAPCELL_ROW_32_299,VGND,li1,121.6700,98.2110,0.000468
TAP_TAPCELL_ROW_32_298,VGND,li1,95.9100,98.2110,0.000388
TAP_TAPCELL_ROW_32_297,VGND,li1,70.1500,98.2110,0.000271
TAP_TAPCELL_ROW_32_296,VGND,li1,44.3900,98.2110,0.000154
TAP_TAPCELL_ROW_32_295,VGND,li1,18.6300,98.2110,0.000053
TAP_TAPCELL_ROW_31_294,VGND,li1,134.5500,97.6280,0.000470
TAP_TAPCELL_ROW_31_293,VGND,li1,108.7900,97.6280,0.000436
TAP_TAPCELL_ROW_31_292,VGND,li1,83.0300,97.6280,0.000334
TAP_TAPCELL_ROW_31_291,VGND,li1,57.2700,97.6280,0.000211
TAP_TAPCELL_ROW_31_290,VGND,li1,31.5100,97.6280,0.000080
TAP_TAPCELL_ROW_30_289,VGND,li1,147.4300,92.7710,0.000112
TAP_TAPCELL_ROW_30_288,VGND,li1,121.6700,92.7710,0.000109
TAP_TAPCELL_ROW_30_287,VGND,li1,95.9100,92.7710,0.000099
TAP_TAPCELL_ROW_30_286,VGND,li1,70.1500,92.7710,0.000080
TAP_TAPCELL_ROW_30_285,VGND,li1,44.3900,92.7710,0.000048
TAP_TAPCELL_ROW_30_284,VGND,li1,18.6300,92.7710,0.000022
TAP_TAPCELL_ROW_29_283,VGND,li1,134.5500,92.1880,0.000111
TAP_TAPCELL_ROW_29_282,VGND,li1,108.7900,92.1880,0.000104
TAP_TAPCELL_ROW_29_281,VGND,li1,83.0300,92.1880,0.000092
TAP_TAPCELL_ROW_29_280,VGND,li1,57.2700,92.1880,0.000067
TAP_TAPCELL_ROW_29_279,VGND,li1,31.5100,92.1880,0.000028
TAP_TAPCELL_ROW_28_278,VGND,li1,147.4300,87.3310,0.000254
TAP_TAPCELL_ROW_28_277,VGND,li1,121.6700,87.3310,0.000244
TAP_TAPCELL_ROW_28_276,VGND,li1,95.9100,87.3310,0.000224
TAP_TAPCELL_ROW_28_275,VGND,li1,70.1500,87.3310,0.000197
TAP_TAPCELL_ROW_28_274,VGND,li1,44.3900,87.3310,0.000145
TAP_TAPCELL_ROW_28_273,VGND,li1,18.6300,87.3310,0.000051
TAP_TAPCELL_ROW_27_272,VGND,li1,134.5500,86.7480,0.000251
TAP_TAPCELL_ROW_27_271,VGND,li1,108.7900,86.7480,0.000234
TAP_TAPCELL_ROW_27_270,VGND,li1,83.0300,86.7480,0.000212
TAP_TAPCELL_ROW_27_269,VGND,li1,57.2700,86.7480,0.000181
TAP_TAPCELL_ROW_27_268,VGND,li1,31.5100,86.7480,0.000082
TAP_TAPCELL_ROW_26_267,VGND,li1,147.4300,81.8910,0.000066
TAP_TAPCELL_ROW_26_266,VGND,li1,121.6700,81.8910,0.000063
TAP_TAPCELL_ROW_26_265,VGND,li1,95.9100,81.8910,0.000056
TAP_TAPCELL_ROW_26_264,VGND,li1,70.1500,81.8910,0.000046
TAP_TAPCELL_ROW_26_263,VGND,li1,44.3900,81.8910,0.000030
TAP_TAPCELL_ROW_26_262,VGND,li1,18.6300,81.8910,0.000012
TAP_TAPCELL_ROW_25_261,VGND,li1,134.5500,81.3080,0.000065
TAP_TAPCELL_ROW_25_260,VGND,li1,108.7900,81.3080,0.000060
TAP_TAPCELL_ROW_25_259,VGND,li1,83.0300,81.3080,0.000052
TAP_TAPCELL_ROW_25_258,VGND,li1,57.2700,81.3080,0.000039
TAP_TAPCELL_ROW_25_257,VGND,li1,31.5100,81.3080,0.000017
TAP_TAPCELL_ROW_24_256,VGND,li1,147.4300,76.4510,0.000265
TAP_TAPCELL_ROW_24_255,VGND,li1,121.6700,76.4510,0.000260
TAP_TAPCELL_ROW_24_254,VGND,li1,95.9100,76.4510,0.000248
TAP_TAPCELL_ROW_24_253,VGND,li1,70.1500,76.4510,0.000199
TAP_TAPCELL_ROW_24_252,VGND,li1,44.3900,76.4510,0.000115
TAP_TAPCELL_ROW_24_251,VGND,li1,18.6300,76.4510,0.000046
TAP_TAPCELL_ROW_23_250,VGND,li1,134.5500,75.8680,0.000264
TAP_TAPCELL_ROW_23_249,VGND,li1,108.7900,75.8680,0.000255
TAP_TAPCELL_ROW_23_248,VGND,li1,83.0300,75.8680,0.000241
TAP_TAPCELL_ROW_23_247,VGND,li1,57.2700,75.8680,0.000158
TAP_TAPCELL_ROW_23_246,VGND,li1,31.5100,75.8680,0.000067
TAP_TAPCELL_ROW_22_245,VGND,li1,147.4300,71.0110,0.000112
TAP_TAPCELL_ROW_22_244,VGND,li1,121.6700,71.0110,0.000100
TAP_TAPCELL_ROW_22_243,VGND,li1,95.9100,71.0110,0.000081
TAP_TAPCELL_ROW_22_242,VGND,li1,70.1500,71.0110,0.000060
TAP_TAPCELL_ROW_22_241,VGND,li1,44.3900,71.0110,0.000035
TAP_TAPCELL_ROW_22_240,VGND,li1,18.6300,71.0110,0.000019
TAP_TAPCELL_ROW_21_239,VGND,li1,134.5500,70.4280,0.000107
TAP_TAPCELL_ROW_21_238,VGND,li1,108.7900,70.4280,0.000092
TAP_TAPCELL_ROW_21_237,VGND,li1,83.0300,70.4280,0.000071
TAP_TAPCELL_ROW_21_236,VGND,li1,57.2700,70.4280,0.000047
TAP_TAPCELL_ROW_21_235,VGND,li1,31.5100,70.4280,0.000023
TAP_TAPCELL_ROW_20_234,VGND,li1,147.4300,65.5710,0.000105
TAP_TAPCELL_ROW_20_233,VGND,li1,121.6700,65.5710,0.000100
TAP_TAPCELL_ROW_20_232,VGND,li1,95.9100,65.5710,0.000088
TAP_TAPCELL_ROW_20_231,VGND,li1,70.1500,65.5710,0.000072
TAP_TAPCELL_ROW_20_230,VGND,li1,44.3900,65.5710,0.000052
TAP_TAPCELL_ROW_20_229,VGND,li1,18.6300,65.5710,0.000025
TAP_TAPCELL_ROW_19_228,VGND,li1,134.5500,64.9880,0.000104
TAP_TAPCELL_ROW_19_227,VGND,li1,108.7900,64.9880,0.000094
TAP_TAPCELL_ROW_19_226,VGND,li1,83.0300,64.9880,0.000081
TAP_TAPCELL_ROW_19_225,VGND,li1,57.2700,64.9880,0.000064
TAP_TAPCELL_ROW_19_224,VGND,li1,31.5100,64.9880,0.000032
TAP_TAPCELL_ROW_18_223,VGND,li1,147.4300,60.1310,0.000358
TAP_TAPCELL_ROW_18_222,VGND,li1,121.6700,60.1310,0.000355
TAP_TAPCELL_ROW_18_221,VGND,li1,95.9100,60.1310,0.000294
TAP_TAPCELL_ROW_18_220,VGND,li1,70.1500,60.1310,0.000200
TAP_TAPCELL_ROW_18_219,VGND,li1,44.3900,60.1310,0.000114
TAP_TAPCELL_ROW_18_218,VGND,li1,18.6300,60.1310,0.000043
TAP_TAPCELL_ROW_17_217,VGND,li1,134.5500,59.5480,0.000357
TAP_TAPCELL_ROW_17_216,VGND,li1,108.7900,59.5480,0.000333
TAP_TAPCELL_ROW_17_215,VGND,li1,83.0300,59.5480,0.000247
TAP_TAPCELL_ROW_17_214,VGND,li1,57.2700,59.5480,0.000158
TAP_TAPCELL_ROW_17_213,VGND,li1,31.5100,59.5480,0.000061
TAP_TAPCELL_ROW_16_212,VGND,li1,147.4300,54.6910,0.000227
TAP_TAPCELL_ROW_16_211,VGND,li1,121.6700,54.6910,0.000222
TAP_TAPCELL_ROW_16_210,VGND,li1,95.9100,54.6910,0.000208
TAP_TAPCELL_ROW_16_209,VGND,li1,70.1500,54.6910,0.000188
TAP_TAPCELL_ROW_16_208,VGND,li1,44.3900,54.6910,0.000145
TAP_TAPCELL_ROW_16_207,VGND,li1,18.6300,54.6910,0.000054
TAP_TAPCELL_ROW_15_206,VGND,li1,134.5500,54.1080,0.000226
TAP_TAPCELL_ROW_15_205,VGND,li1,108.7900,54.1080,0.000215
TAP_TAPCELL_ROW_15_204,VGND,li1,83.0300,54.1080,0.000198
TAP_TAPCELL_ROW_15_203,VGND,li1,57.2700,54.1080,0.000179
TAP_TAPCELL_ROW_15_202,VGND,li1,31.5100,54.1080,0.000085
TAP_TAPCELL_ROW_14_201,VGND,li1,147.4300,49.2510,0.000078
TAP_TAPCELL_ROW_14_200,VGND,li1,121.6700,49.2510,0.000075
TAP_TAPCELL_ROW_14_199,VGND,li1,95.9100,49.2510,0.000069
TAP_TAPCELL_ROW_14_198,VGND,li1,70.1500,49.2510,0.000055
TAP_TAPCELL_ROW_14_197,VGND,li1,44.3900,49.2510,0.000033
TAP_TAPCELL_ROW_14_196,VGND,li1,18.6300,49.2510,0.000017
TAP_TAPCELL_ROW_13_195,VGND,li1,134.5500,48.6680,0.000077
TAP_TAPCELL_ROW_13_194,VGND,li1,108.7900,48.6680,0.000073
TAP_TAPCELL_ROW_13_193,VGND,li1,83.0300,48.6680,0.000064
TAP_TAPCELL_ROW_13_192,VGND,li1,57.2700,48.6680,0.000044
TAP_TAPCELL_ROW_13_191,VGND,li1,31.5100,48.6680,0.000021
TAP_TAPCELL_ROW_12_190,VGND,li1,147.4300,43.8110,0.000063
TAP_TAPCELL_ROW_12_189,VGND,li1,121.6700,43.8110,0.000059
TAP_TAPCELL_ROW_12_188,VGND,li1,95.9100,43.8110,0.000050
TAP_TAPCELL_ROW_12_187,VGND,li1,70.1500,43.8110,0.000039
TAP_TAPCELL_ROW_12_186,VGND,li1,44.3900,43.8110,0.000026
TAP_TAPCELL_ROW_12_185,VGND,li1,18.6300,43.8110,0.000020
TAP_TAPCELL_ROW_11_184,VGND,li1,134.5500,43.2280,0.000062
TAP_TAPCELL_ROW_11_183,VGND,li1,108.7900,43.2280,0.000055
TAP_TAPCELL_ROW_11_182,VGND,li1,83.0300,43.2280,0.000044
TAP_TAPCELL_ROW_11_181,VGND,li1,57.2700,43.2280,0.000033
TAP_TAPCELL_ROW_11_180,VGND,li1,31.5100,43.2280,0.000019
TAP_TAPCELL_ROW_10_179,VGND,li1,147.4300,38.3710,0.000085
TAP_TAPCELL_ROW_10_178,VGND,li1,121.6700,38.3710,0.000080
TAP_TAPCELL_ROW_10_177,VGND,li1,95.9100,38.3710,0.000070
TAP_TAPCELL_ROW_10_176,VGND,li1,70.1500,38.3710,0.000052
TAP_TAPCELL_ROW_10_175,VGND,li1,44.3900,38.3710,0.000030
TAP_TAPCELL_ROW_10_174,VGND,li1,18.6300,38.3710,0.000013
TAP_TAPCELL_ROW_9_173,VGND,li1,134.5500,37.7880,0.000084
TAP_TAPCELL_ROW_9_172,VGND,li1,108.7900,37.7880,0.000076
TAP_TAPCELL_ROW_9_171,VGND,li1,83.0300,37.7880,0.000061
TAP_TAPCELL_ROW_9_170,VGND,li1,57.2700,37.7880,0.000042
TAP_TAPCELL_ROW_9_169,VGND,li1,31.5100,37.7880,0.000018
TAP_TAPCELL_ROW_8_168,VGND,li1,147.4300,32.9310,0.000104
TAP_TAPCELL_ROW_8_167,VGND,li1,121.6700,32.9310,0.000092
TAP_TAPCELL_ROW_8_166,VGND,li1,95.9100,32.9310,0.000074
TAP_TAPCELL_ROW_8_165,VGND,li1,70.1500,32.9310,0.000053
TAP_TAPCELL_ROW_8_164,VGND,li1,44.3900,32.9310,0.000031
TAP_TAPCELL_ROW_8_163,VGND,li1,18.6300,32.9310,0.000017
TAP_TAPCELL_ROW_7_162,VGND,li1,134.5500,32.3480,0.000099
TAP_TAPCELL_ROW_7_161,VGND,li1,108.7900,32.3480,0.000084
TAP_TAPCELL_ROW_7_160,VGND,li1,83.0300,32.3480,0.000065
TAP_TAPCELL_ROW_7_159,VGND,li1,57.2700,32.3480,0.000042
TAP_TAPCELL_ROW_7_158,VGND,li1,31.5100,32.3480,0.000019
TAP_TAPCELL_ROW_6_157,VGND,li1,147.4300,27.4910,0.000147
TAP_TAPCELL_ROW_6_156,VGND,li1,121.6700,27.4910,0.000134
TAP_TAPCELL_ROW_6_155,VGND,li1,95.9100,27.4910,0.000113
TAP_TAPCELL_ROW_6_154,VGND,li1,70.1500,27.4910,0.000084
TAP_TAPCELL_ROW_6_153,VGND,li1,44.3900,27.4910,0.000049
TAP_TAPCELL_ROW_6_152,VGND,li1,18.6300,27.4910,0.000017
TAP_TAPCELL_ROW_5_151,VGND,li1,134.5500,26.9080,0.000142
TAP_TAPCELL_ROW_5_150,VGND,li1,108.7900,26.9080,0.000124
TAP_TAPCELL_ROW_5_149,VGND,li1,83.0300,26.9080,0.000098
TAP_TAPCELL_ROW_5_148,VGND,li1,57.2700,26.9080,0.000069
TAP_TAPCELL_ROW_5_147,VGND,li1,31.5100,26.9080,0.000029
TAP_TAPCELL_ROW_4_146,VGND,li1,147.4300,22.0510,0.000100
TAP_TAPCELL_ROW_4_145,VGND,li1,121.6700,22.0510,0.000100
TAP_TAPCELL_ROW_4_144,VGND,li1,95.9100,22.0510,0.000096
TAP_TAPCELL_ROW_4_143,VGND,li1,70.1500,22.0510,0.000081
TAP_TAPCELL_ROW_4_142,VGND,li1,44.3900,22.0510,0.000049
TAP_TAPCELL_ROW_4_141,VGND,li1,18.6300,22.0510,0.000021
TAP_TAPCELL_ROW_3_140,VGND,li1,134.5500,21.4680,0.000100
TAP_TAPCELL_ROW_3_139,VGND,li1,108.7900,21.4680,0.000099
TAP_TAPCELL_ROW_3_138,VGND,li1,83.0300,21.4680,0.000091
TAP_TAPCELL_ROW_3_137,VGND,li1,57.2700,21.4680,0.000066
TAP_TAPCELL_ROW_3_136,VGND,li1,31.5100,21.4680,0.000029
TAP_TAPCELL_ROW_2_135,VGND,li1,147.4300,16.6110,0.000181
TAP_TAPCELL_ROW_2_134,VGND,li1,121.6700,16.6110,0.000181
TAP_TAPCELL_ROW_2_133,VGND,li1,95.9100,16.6110,0.000170
TAP_TAPCELL_ROW_2_132,VGND,li1,70.1500,16.6110,0.000134
TAP_TAPCELL_ROW_2_131,VGND,li1,44.3900,16.6110,0.000082
TAP_TAPCELL_ROW_2_130,VGND,li1,18.6300,16.6110,0.000030
TAP_TAPCELL_ROW_1_129,VGND,li1,134.5500,16.0280,0.000181
TAP_TAPCELL_ROW_1_128,VGND,li1,108.7900,16.0280,0.000179
TAP_TAPCELL_ROW_1_127,VGND,li1,83.0300,16.0280,0.000154
TAP_TAPCELL_ROW_1_126,VGND,li1,57.2700,16.0280,0.000112
TAP_TAPCELL_ROW_1_125,VGND,li1,31.5100,16.0280,0.000044
TAP_TAPCELL_ROW_0_124,VGND,li1,147.4300,11.1710,0.000047
TAP_TAPCELL_ROW_0_123,VGND,li1,134.5500,11.1710,0.000047
TAP_TAPCELL_ROW_0_122,VGND,li1,121.6700,11.1710,0.000047
TAP_TAPCELL_ROW_0_121,VGND,li1,108.7900,11.1710,0.000046
TAP_TAPCELL_ROW_0_120,VGND,li1,95.9100,11.1710,0.000046
TAP_TAPCELL_ROW_0_119,VGND,li1,83.0300,11.1710,0.000043
TAP_TAPCELL_ROW_0_118,VGND,li1,70.1500,11.1710,0.000037
TAP_TAPCELL_ROW_0_117,VGND,li1,57.2700,11.1710,0.000029
TAP_TAPCELL_ROW_0_116,VGND,li1,44.3900,11.1710,0.000020
TAP_TAPCELL_ROW_0_115,VGND,li1,31.5100,11.1710,0.000011
TAP_TAPCELL_ROW_0_114,VGND,li1,18.6300,11.1710,0.000007
PHY_EDGE_ROW_56_Left_113,VGND,li1,6.2100,163.2000,0.000006
PHY_EDGE_ROW_55_Left_112,VGND,li1,6.2100,163.2000,0.000006
PHY_EDGE_ROW_54_Left_111,VGND,li1,6.2100,157.7600,0.000006
PHY_EDGE_ROW_53_Left_110,VGND,li1,6.2100,157.7600,0.000006
PHY_EDGE_ROW_52_Left_109,VGND,li1,6.2100,152.3200,0.000011
PHY_EDGE_ROW_51_Left_108,VGND,li1,6.2100,152.3200,0.000011
PHY_EDGE_ROW_50_Left_107,VGND,li1,6.2100,146.8800,0.000015
PHY_EDGE_ROW_49_Left_106,VGND,li1,6.2100,146.8800,0.000015
PHY_EDGE_ROW_48_Left_105,VGND,li1,6.2100,141.4400,0.000024
PHY_EDGE_ROW_47_Left_104,VGND,li1,6.2100,141.4400,0.000024
PHY_EDGE_ROW_46_Left_103,VGND,li1,6.2100,136.0000,0.000026
PHY_EDGE_ROW_45_Left_102,VGND,li1,6.2100,136.0000,0.000026
PHY_EDGE_ROW_44_Left_101,VGND,li1,6.2100,130.5600,0.000024
PHY_EDGE_ROW_43_Left_100,VGND,li1,6.2100,130.5600,0.000024
PHY_EDGE_ROW_42_Left_99,VGND,li1,6.2100,125.1200,0.000029
PHY_EDGE_ROW_41_Left_98,VGND,li1,6.2100,125.1200,0.000029
PHY_EDGE_ROW_40_Left_97,VGND,li1,6.2100,119.6800,0.000017
PHY_EDGE_ROW_39_Left_96,VGND,li1,6.2100,119.6800,0.000017
PHY_EDGE_ROW_38_Left_95,VGND,li1,6.2100,114.2400,0.000019
PHY_EDGE_ROW_37_Left_94,VGND,li1,6.2100,114.2400,0.000019
PHY_EDGE_ROW_36_Left_93,VGND,li1,6.2100,108.8000,0.000018
PHY_EDGE_ROW_35_Left_92,VGND,li1,6.2100,108.8000,0.000018
PHY_EDGE_ROW_34_Left_91,VGND,li1,6.2100,103.3600,0.000015
PHY_EDGE_ROW_33_Left_90,VGND,li1,6.2100,103.3600,0.000015
PHY_EDGE_ROW_32_Left_89,VGND,li1,6.2100,97.9200,0.000053
PHY_EDGE_ROW_31_Left_88,VGND,li1,6.2100,97.9200,0.000053
PHY_EDGE_ROW_30_Left_87,VGND,li1,6.2100,92.4800,0.000025
PHY_EDGE_ROW_29_Left_86,VGND,li1,6.2100,92.4800,0.000025
PHY_EDGE_ROW_28_Left_85,VGND,li1,6.2100,87.0400,0.000052
PHY_EDGE_ROW_27_Left_84,VGND,li1,6.2100,87.0400,0.000052
PHY_EDGE_ROW_26_Left_83,VGND,li1,6.2100,81.6000,0.000013
PHY_EDGE_ROW_25_Left_82,VGND,li1,6.2100,81.6000,0.000013
PHY_EDGE_ROW_24_Left_81,VGND,li1,6.2100,76.1600,0.000049
PHY_EDGE_ROW_23_Left_80,VGND,li1,6.2100,76.1600,0.000049
PHY_EDGE_ROW_22_Left_79,VGND,li1,6.2100,70.7200,0.000020
PHY_EDGE_ROW_21_Left_78,VGND,li1,6.2100,70.7200,0.000020
PHY_EDGE_ROW_20_Left_77,VGND,li1,6.2100,65.2800,0.000027
PHY_EDGE_ROW_19_Left_76,VGND,li1,6.2100,65.2800,0.000027
PHY_EDGE_ROW_18_Left_75,VGND,li1,6.2100,59.8400,0.000044
PHY_EDGE_ROW_17_Left_74,VGND,li1,6.2100,59.8400,0.000044
PHY_EDGE_ROW_16_Left_73,VGND,li1,6.2100,54.4000,0.000056
PHY_EDGE_ROW_15_Left_72,VGND,li1,6.2100,54.4000,0.000056
PHY_EDGE_ROW_14_Left_71,VGND,li1,6.2100,48.9600,0.000020
PHY_EDGE_ROW_13_Left_70,VGND,li1,6.2100,48.9600,0.000020
PHY_EDGE_ROW_12_Left_69,VGND,li1,6.2100,43.5200,0.000023
PHY_EDGE_ROW_11_Left_68,VGND,li1,6.2100,43.5200,0.000023
PHY_EDGE_ROW_10_Left_67,VGND,li1,6.2100,38.0800,0.000014
PHY_EDGE_ROW_9_Left_66,VGND,li1,6.2100,38.0800,0.000014
PHY_EDGE_ROW_8_Left_65,VGND,li1,6.2100,32.6400,0.000020
PHY_EDGE_ROW_7_Left_64,VGND,li1,6.2100,32.6400,0.000020
PHY_EDGE_ROW_6_Left_63,VGND,li1,6.2100,27.2000,0.000017
PHY_EDGE_ROW_5_Left_62,VGND,li1,6.2100,27.2000,0.000017
PHY_EDGE_ROW_4_Left_61,VGND,li1,6.2100,21.7600,0.000023
PHY_EDGE_ROW_3_Left_60,VGND,li1,6.2100,21.7600,0.000023
PHY_EDGE_ROW_2_Left_59,VGND,li1,6.2100,16.3200,0.000030
PHY_EDGE_ROW_1_Left_58,VGND,li1,6.2100,16.3200,0.000030
PHY_EDGE_ROW_0_Left_57,VGND,li1,6.2100,10.8800,0.000007
PHY_EDGE_ROW_56_Right_56,VGND,li1,160.3100,163.2000,0.000048
PHY_EDGE_ROW_55_Right_55,VGND,li1,160.3100,163.2000,0.000048
PHY_EDGE_ROW_54_Right_54,VGND,li1,160.3100,157.7600,0.000045
PHY_EDGE_ROW_53_Right_53,VGND,li1,160.3100,157.7600,0.000045
PHY_EDGE_ROW_52_Right_52,VGND,li1,160.3100,152.3200,0.000069
PHY_EDGE_ROW_51_Right_51,VGND,li1,160.3100,152.3200,0.000069
PHY_EDGE_ROW_50_Right_50,VGND,li1,160.3100,146.8800,0.000119
PHY_EDGE_ROW_49_Right_49,VGND,li1,160.3100,146.8800,0.000119
PHY_EDGE_ROW_48_Right_48,VGND,li1,160.3100,141.4400,0.000150
PHY_EDGE_ROW_47_Right_47,VGND,li1,160.3100,141.4400,0.000150
PHY_EDGE_ROW_46_Right_46,VGND,li1,160.3100,136.0000,0.000143
PHY_EDGE_ROW_45_Right_45,VGND,li1,160.3100,136.0000,0.000143
PHY_EDGE_ROW_44_Right_44,VGND,li1,160.3100,130.5600,0.000167
PHY_EDGE_ROW_43_Right_43,VGND,li1,160.3100,130.5600,0.000167
PHY_EDGE_ROW_42_Right_42,VGND,li1,160.3100,125.1200,0.000159
PHY_EDGE_ROW_41_Right_41,VGND,li1,160.3100,125.1200,0.000159
PHY_EDGE_ROW_40_Right_40,VGND,li1,160.3100,119.6800,0.000122
PHY_EDGE_ROW_39_Right_39,VGND,li1,160.3100,119.6800,0.000122
PHY_EDGE_ROW_38_Right_38,VGND,li1,160.3100,114.2400,0.000071
PHY_EDGE_ROW_37_Right_37,VGND,li1,160.3100,114.2400,0.000071
PHY_EDGE_ROW_36_Right_36,VGND,li1,160.3100,108.8000,0.000103
PHY_EDGE_ROW_35_Right_35,VGND,li1,160.3100,108.8000,0.000103
PHY_EDGE_ROW_34_Right_34,VGND,li1,160.3100,103.3600,0.000071
PHY_EDGE_ROW_33_Right_33,VGND,li1,160.3100,103.3600,0.000071
PHY_EDGE_ROW_32_Right_32,VGND,li1,160.3100,97.9200,0.000470
PHY_EDGE_ROW_31_Right_31,VGND,li1,160.3100,97.9200,0.000470
PHY_EDGE_ROW_30_Right_30,VGND,li1,160.3100,92.4800,0.000113
PHY_EDGE_ROW_29_Right_29,VGND,li1,160.3100,92.4800,0.000113
PHY_EDGE_ROW_28_Right_28,VGND,li1,160.3100,87.0400,0.000255
PHY_EDGE_ROW_27_Right_27,VGND,li1,160.3100,87.0400,0.000255
PHY_EDGE_ROW_26_Right_26,VGND,li1,160.3100,81.6000,0.000067
PHY_EDGE_ROW_25_Right_25,VGND,li1,160.3100,81.6000,0.000067
PHY_EDGE_ROW_24_Right_24,VGND,li1,160.3100,76.1600,0.000265
PHY_EDGE_ROW_23_Right_23,VGND,li1,160.3100,76.1600,0.000265
PHY_EDGE_ROW_22_Right_22,VGND,li1,160.3100,70.7200,0.000115
PHY_EDGE_ROW_21_Right_21,VGND,li1,160.3100,70.7200,0.000115
PHY_EDGE_ROW_20_Right_20,VGND,li1,160.3100,65.2800,0.000105
PHY_EDGE_ROW_19_Right_19,VGND,li1,160.3100,65.2800,0.000105
PHY_EDGE_ROW_18_Right_18,VGND,li1,160.3100,59.8400,0.000358
PHY_EDGE_ROW_17_Right_17,VGND,li1,160.3100,59.8400,0.000358
PHY_EDGE_ROW_16_Right_16,VGND,li1,160.3100,54.4000,0.000227
PHY_EDGE_ROW_15_Right_15,VGND,li1,160.3100,54.4000,0.000227
PHY_EDGE_ROW_14_Right_14,VGND,li1,160.3100,48.9600,0.000078
PHY_EDGE_ROW_13_Right_13,VGND,li1,160.3100,48.9600,0.000078
PHY_EDGE_ROW_12_Right_12,VGND,li1,160.3100,43.5200,0.000065
PHY_EDGE_ROW_11_Right_11,VGND,li1,160.3100,43.5200,0.000065
PHY_EDGE_ROW_10_Right_10,VGND,li1,160.3100,38.0800,0.000086
PHY_EDGE_ROW_9_Right_9,VGND,li1,160.3100,38.0800,0.000086
PHY_EDGE_ROW_8_Right_8,VGND,li1,160.3100,32.6400,0.000106
PHY_EDGE_ROW_7_Right_7,VGND,li1,160.3100,32.6400,0.000106
PHY_EDGE_ROW_6_Right_6,VGND,li1,160.3100,27.2000,0.000149
PHY_EDGE_ROW_5_Right_5,VGND,li1,160.3100,27.2000,0.000149
PHY_EDGE_ROW_4_Right_4,VGND,li1,160.3100,21.7600,0.000100
PHY_EDGE_ROW_3_Right_3,VGND,li1,160.3100,21.7600,0.000100
PHY_EDGE_ROW_2_Right_2,VGND,li1,160.3100,16.3200,0.000181
PHY_EDGE_ROW_1_Right_1,VGND,li1,160.3100,16.3200,0.000181
PHY_EDGE_ROW_0_Right_0,VGND,li1,160.3100,10.8800,0.000047
_2122_,VGND,li1,9.4300,87.0400,0.000052
_2121_,VGND,li1,11.0400,76.1600,0.000049
_2120_,VGND,li1,151.3400,136.0000,0.000143
_2119_,VGND,li1,151.3400,119.6800,0.000122
_2118_,VGND,li1,153.1800,130.5600,0.000167
_2117_,VGND,li1,125.5800,125.1200,0.000156
_2116_,VGND,li1,91.5400,130.5600,0.000129
_2115_,VGND,li1,89.7000,141.4400,0.000133
_2114_,VGND,li1,75.9000,141.4400,0.000120
_2113_,VGND,li1,62.1000,141.4400,0.000101
_2112_,VGND,li1,48.3000,136.0000,0.000060
_2111_,VGND,li1,12.8800,136.0000,0.000026
_2110_,VGND,li1,10.5800,125.1200,0.000029
_2109_,VGND,li1,11.9600,114.2400,0.000019
_2108_,VGND,li1,11.0400,92.4800,0.000025
_2107_,VGND,li1,40.4800,65.2800,0.000049
_2106_,VGND,li1,51.5200,65.2800,0.000060
_2105_,VGND,li1,61.1800,92.4800,0.000072
_2104_,VGND,li1,98.4400,119.6800,0.000098
_2103_,VGND,li1,104.8800,125.1200,0.000145
_2102_,VGND,li1,130.6400,114.2400,0.000069
_2101_,VGND,li1,155.0200,108.8000,0.000103
_2100_,VGND,li1,155.9400,81.6000,0.000067
_2099_,VGND,li1,155.9400,70.7200,0.000115
_2098_,VGND,li1,153.1800,27.2000,0.000149
_2097_,VGND,li1,155.4800,32.6400,0.000106
_2096_,VGND,li1,115.0000,16.3200,0.000181
_2095_,VGND,li1,104.8800,16.3200,0.000177
_2094_,VGND,li1,64.4000,27.2000,0.000079
_2093_,VGND,li1,51.9800,21.7600,0.000061
_2092_,VGND,li1,38.1800,16.3200,0.000066
_2091_,VGND,li1,22.5400,43.5200,0.000017
_2090_,VGND,li1,11.0400,32.6400,0.000020
_2089_,VGND,li1,11.5000,21.7600,0.000023
_2088_,VGND,li1,13.3400,43.5200,0.000022
_2087_,VGND,li1,86.9400,21.7600,0.000093
_2086_,VGND,li1,75.9000,21.7600,0.000087
_2085_,VGND,li1,64.4000,21.7600,0.000075
_2084_,VGND,li1,49.6800,16.3200,0.000095
_2083_,VGND,li1,33.5800,54.4000,0.000098
_2082_,VGND,li1,23.9200,54.4000,0.000052
_2081_,VGND,li1,12.8800,48.9600,0.000020
_2080_,VGND,li1,92.4600,16.3200,0.000167
_2079_,VGND,li1,89.7000,10.8800,0.000046
_2078_,VGND,li1,72.2200,16.3200,0.000141
_2077_,VGND,li1,61.6400,16.3200,0.000121
_2076_,VGND,li1,35.4200,65.2800,0.000042
_2075_,VGND,li1,25.7600,65.2800,0.000023
_2074_,VGND,li1,25.7600,59.8400,0.000043
_2073_,VGND,li1,16.5600,70.7200,0.000019
_2072_,VGND,li1,15.1800,59.8400,0.000043
_2071_,VGND,li1,9.6600,70.7200,0.000020
_2070_,VGND,li1,9.6600,76.1600,0.000049
_2069_,VGND,li1,141.9100,136.0000,0.000140
_2068_,VGND,li1,138.2300,136.0000,0.000139
_2067_,VGND,li1,135.7000,136.0000,0.000138
_2066_,VGND,li1,136.3900,141.4400,0.000149
_2065_,VGND,li1,136.3900,146.8800,0.000118
_2064_,VGND,li1,133.1700,146.8800,0.000117
_2063_,VGND,li1,136.3900,152.3200,0.000069
_2062_,VGND,li1,129.4900,146.8800,0.000116
_2061_,VGND,li1,141.4500,146.8800,0.000118
_2060_,VGND,li1,144.2100,146.8800,0.000118
_2059_,VGND,li1,143.2900,141.4400,0.000149
_2058_,VGND,li1,146.7400,125.1200,0.000158
_2057_,VGND,li1,143.9800,119.6800,0.000119
_2056_,VGND,li1,124.6600,146.8800,0.000114
_2055_,VGND,li1,143.9800,125.1200,0.000158
_2054_,VGND,li1,138.4600,125.1200,0.000158
_2053_,VGND,li1,135.4700,125.1200,0.000158
_2052_,VGND,li1,136.6200,130.5600,0.000161
_2051_,VGND,li1,132.7100,130.5600,0.000159
_2050_,VGND,li1,132.7100,136.0000,0.000136
_2049_,VGND,li1,129.9500,136.0000,0.000136
_2048_,VGND,li1,131.7900,136.0000,0.000136
_2047_,VGND,li1,128.1100,136.0000,0.000135
_2046_,VGND,li1,126.5000,141.4400,0.000147
_2045_,VGND,li1,129.2600,141.4400,0.000148
_2044_,VGND,li1,115.9200,141.4400,0.000144
_2043_,VGND,li1,122.5900,146.8800,0.000113
_2042_,VGND,li1,126.7300,146.8800,0.000115
_2041_,VGND,li1,124.2000,152.3200,0.000067
_2040_,VGND,li1,123.7400,152.3200,0.000066
_2039_,VGND,li1,128.1100,152.3200,0.000068
_2038_,VGND,li1,139.1500,152.3200,0.000069
_2037_,VGND,li1,140.7600,157.7600,0.000045
_2036_,VGND,li1,138.6900,157.7600,0.000045
_2035_,VGND,li1,144.2100,157.7600,0.000045
_2034_,VGND,li1,144.6700,146.8800,0.000118
_2033_,VGND,li1,149.9600,146.8800,0.000118
_2032_,VGND,li1,152.2600,146.8800,0.000119
_2031_,VGND,li1,156.6300,136.0000,0.000143
_2030_,VGND,li1,151.1100,125.1200,0.000159
_2029_,VGND,li1,147.8900,130.5600,0.000165
_2028_,VGND,li1,144.2100,130.5600,0.000164
_2027_,VGND,li1,143.5200,125.1200,0.000158
_2026_,VGND,li1,139.8400,130.5600,0.000162
_2025_,VGND,li1,128.1100,130.5600,0.000156
_2024_,VGND,li1,129.4900,130.5600,0.000158
_2023_,VGND,li1,123.9700,136.0000,0.000132
_2022_,VGND,li1,123.2800,136.0000,0.000132
_2021_,VGND,li1,119.6000,136.0000,0.000129
_2020_,VGND,li1,107.6400,141.4400,0.000141
_2019_,VGND,li1,115.2300,141.4400,0.000144
_2018_,VGND,li1,115.6900,146.8800,0.000109
_2017_,VGND,li1,115.4600,146.8800,0.000109
_2016_,VGND,li1,117.7600,146.8800,0.000111
_2015_,VGND,li1,117.9900,152.3200,0.000065
_2014_,VGND,li1,118.4500,152.3200,0.000065
_2013_,VGND,li1,120.2900,152.3200,0.000066
_2012_,VGND,li1,117.9900,157.7600,0.000042
_2011_,VGND,li1,123.0500,157.7600,0.000043
_2010_,VGND,li1,115.0000,163.2000,0.000046
_2009_,VGND,li1,139.1500,157.7600,0.000045
_2008_,VGND,li1,139.6100,163.2000,0.000048
_2007_,VGND,li1,140.9900,157.7600,0.000045
_2006_,VGND,li1,136.3900,163.2000,0.000048
_2005_,VGND,li1,135.9300,157.7600,0.000044
_2004_,VGND,li1,130.8700,163.2000,0.000048
_2003_,VGND,li1,149.7300,152.3200,0.000069
_2002_,VGND,li1,151.8000,152.3200,0.000069
_2001_,VGND,li1,154.1000,146.8800,0.000119
_2000_,VGND,li1,153.8700,146.8800,0.000119
_1999_,VGND,li1,152.0300,146.8800,0.000119
_1998_,VGND,li1,122.3600,130.5600,0.000153
_1997_,VGND,li1,125.3500,130.5600,0.000155
_1996_,VGND,li1,119.3700,130.5600,0.000152
_1995_,VGND,li1,116.6100,130.5600,0.000150
_1994_,VGND,li1,117.0700,130.5600,0.000151
_1993_,VGND,li1,77.5100,130.5600,0.000112
_1992_,VGND,li1,74.2900,130.5600,0.000108
_1991_,VGND,li1,71.9900,130.5600,0.000104
_1990_,VGND,li1,77.5100,130.5600,0.000112
_1989_,VGND,li1,115.6900,125.1200,0.000152
_1988_,VGND,li1,113.3900,130.5600,0.000149
_1987_,VGND,li1,115.2300,130.5600,0.000150
_1986_,VGND,li1,113.3900,130.5600,0.000149
_1985_,VGND,li1,111.3200,130.5600,0.000146
_1984_,VGND,li1,108.5600,130.5600,0.000145
_1983_,VGND,li1,100.2800,136.0000,0.000116
_1982_,VGND,li1,106.0300,136.0000,0.000119
_1981_,VGND,li1,109.7100,141.4400,0.000142
_1980_,VGND,li1,108.5600,141.4400,0.000142
_1979_,VGND,li1,106.2600,141.4400,0.000141
_1978_,VGND,li1,104.6500,146.8800,0.000103
_1977_,VGND,li1,112.0100,146.8800,0.000108
_1976_,VGND,li1,110.1700,152.3200,0.000063
_1975_,VGND,li1,109.4800,152.3200,0.000062
_1974_,VGND,li1,107.1800,152.3200,0.000061
_1973_,VGND,li1,110.6300,157.7600,0.000041
_1972_,VGND,li1,112.0100,163.2000,0.000046
_1971_,VGND,li1,117.5300,163.2000,0.000047
_1970_,VGND,li1,106.4900,157.7600,0.000040
_1969_,VGND,li1,123.9700,163.2000,0.000048
_1968_,VGND,li1,126.0400,163.2000,0.000048
_1967_,VGND,li1,126.5000,157.7600,0.000043
_1966_,VGND,li1,126.7300,163.2000,0.000048
_1965_,VGND,li1,128.5700,163.2000,0.000048
_1964_,VGND,li1,85.7900,130.5600,0.000124
_1963_,VGND,li1,84.8700,125.1200,0.000124
_1962_,VGND,li1,81.8800,130.5600,0.000118
_1961_,VGND,li1,78.8900,130.5600,0.000115
_1960_,VGND,li1,78.8900,125.1200,0.000117
_1959_,VGND,li1,80.7300,125.1200,0.000119
_1958_,VGND,li1,97.7500,125.1200,0.000138
_1957_,VGND,li1,101.6600,130.5600,0.000139
_1956_,VGND,li1,79.5800,141.4400,0.000123
_1955_,VGND,li1,98.6700,130.5600,0.000137
_1954_,VGND,li1,97.7500,136.0000,0.000114
_1953_,VGND,li1,100.7400,136.0000,0.000116
_1952_,VGND,li1,90.1600,146.8800,0.000092
_1951_,VGND,li1,98.6700,141.4400,0.000137
_1950_,VGND,li1,99.5900,141.4400,0.000138
_1949_,VGND,li1,97.7500,146.8800,0.000098
_1948_,VGND,li1,100.5100,146.8800,0.000100
_1947_,VGND,li1,90.1600,157.7600,0.000036
_1946_,VGND,li1,97.7500,152.3200,0.000057
_1945_,VGND,li1,99.1300,152.3200,0.000058
_1944_,VGND,li1,98.6700,152.3200,0.000057
_1943_,VGND,li1,96.3700,157.7600,0.000037
_1942_,VGND,li1,101.4300,157.7600,0.000039
_1941_,VGND,li1,97.7500,157.7600,0.000037
_1940_,VGND,li1,101.8900,157.7600,0.000039
_1939_,VGND,li1,103.0400,163.2000,0.000044
_1938_,VGND,li1,100.7400,163.2000,0.000043
_1937_,VGND,li1,99.1300,163.2000,0.000043
_1936_,VGND,li1,105.5700,163.2000,0.000045
_1935_,VGND,li1,87.8600,136.0000,0.000104
_1934_,VGND,li1,85.3300,136.0000,0.000102
_1933_,VGND,li1,80.2700,136.0000,0.000097
_1932_,VGND,li1,81.1900,130.5600,0.000118
_1931_,VGND,li1,68.5400,130.5600,0.000101
_1930_,VGND,li1,60.2600,130.5600,0.000088
_1929_,VGND,li1,65.5500,130.5600,0.000095
_1928_,VGND,li1,73.8300,125.1200,0.000111
_1927_,VGND,li1,76.1300,125.1200,0.000114
_1926_,VGND,li1,71.9900,125.1200,0.000108
_1925_,VGND,li1,66.9300,125.1200,0.000101
_1924_,VGND,li1,69.9200,125.1200,0.000105
_1923_,VGND,li1,63.0200,125.1200,0.000093
_1922_,VGND,li1,68.3100,141.4400,0.000109
_1921_,VGND,li1,78.4300,146.8800,0.000083
_1920_,VGND,li1,78.6600,146.8800,0.000083
_1919_,VGND,li1,80.9600,146.8800,0.000085
_1918_,VGND,li1,83.9500,146.8800,0.000087
_1917_,VGND,li1,92.6900,146.8800,0.000095
_1916_,VGND,li1,87.1700,146.8800,0.000090
_1915_,VGND,li1,73.1400,157.7600,0.000030
_1914_,VGND,li1,87.1700,157.7600,0.000035
_1913_,VGND,li1,83.9500,157.7600,0.000034
_1912_,VGND,li1,86.7100,157.7600,0.000034
_1911_,VGND,li1,78.4300,163.2000,0.000036
_1910_,VGND,li1,85.3300,163.2000,0.000038
_1909_,VGND,li1,94.9900,163.2000,0.000042
_1908_,VGND,li1,96.3700,163.2000,0.000042
_1907_,VGND,li1,93.1500,163.2000,0.000041
_1906_,VGND,li1,70.3800,141.4400,0.000112
_1905_,VGND,li1,71.0700,136.0000,0.000086
_1904_,VGND,li1,64.6300,130.5600,0.000095
_1903_,VGND,li1,53.3600,130.5600,0.000074
_1902_,VGND,li1,62.5600,130.5600,0.000092
_1901_,VGND,li1,58.1900,130.5600,0.000085
_1900_,VGND,li1,56.3500,130.5600,0.000082
_1899_,VGND,li1,54.0500,125.1200,0.000081
_1898_,VGND,li1,56.5800,119.6800,0.000056
_1897_,VGND,li1,48.7600,146.8800,0.000046
_1896_,VGND,li1,60.4900,119.6800,0.000062
_1895_,VGND,li1,62.7900,146.8800,0.000064
_1894_,VGND,li1,63.4800,146.8800,0.000067
_1893_,VGND,li1,65.7800,146.8800,0.000069
_1892_,VGND,li1,68.3100,146.8800,0.000072
_1891_,VGND,li1,77.5100,152.3200,0.000048
_1890_,VGND,li1,74.7500,152.3200,0.000047
_1889_,VGND,li1,77.7400,152.3200,0.000048
_1888_,VGND,li1,52.9000,157.7600,0.000020
_1887_,VGND,li1,68.3100,152.3200,0.000043
_1886_,VGND,li1,69.2300,157.7600,0.000028
_1885_,VGND,li1,69.0000,163.2000,0.000031
_1884_,VGND,li1,72.2200,163.2000,0.000032
_1883_,VGND,li1,76.3600,157.7600,0.000031
_1882_,VGND,li1,80.7300,163.2000,0.000036
_1881_,VGND,li1,77.9700,157.7600,0.000032
_1880_,VGND,li1,76.1300,163.2000,0.000034
_1879_,VGND,li1,59.8000,136.0000,0.000073
_1878_,VGND,li1,59.1100,141.4400,0.000092
_1877_,VGND,li1,59.1100,136.0000,0.000073
_1876_,VGND,li1,54.9700,130.5600,0.000077
_1875_,VGND,li1,50.3700,130.5600,0.000069
_1874_,VGND,li1,56.3500,130.5600,0.000082
_1873_,VGND,li1,51.7500,130.5600,0.000074
_1872_,VGND,li1,50.3700,141.4400,0.000078
_1871_,VGND,li1,53.3600,141.4400,0.000085
_1870_,VGND,li1,41.4000,141.4400,0.000062
_1869_,VGND,li1,49.4500,141.4400,0.000078
_1868_,VGND,li1,48.0700,146.8800,0.000046
_1867_,VGND,li1,47.1500,152.3200,0.000029
_1866_,VGND,li1,48.9900,152.3200,0.000031
_1865_,VGND,li1,41.1700,152.3200,0.000025
_1864_,VGND,li1,60.0300,152.3200,0.000039
_1863_,VGND,li1,62.3300,152.3200,0.000041
_1862_,VGND,li1,54.9700,152.3200,0.000036
_1861_,VGND,li1,55.8900,146.8800,0.000057
_1860_,VGND,li1,37.4900,152.3200,0.000021
_1859_,VGND,li1,50.3700,152.3200,0.000033
_1858_,VGND,li1,54.5100,157.7600,0.000022
_1857_,VGND,li1,52.4400,163.2000,0.000023
_1856_,VGND,li1,55.6600,163.2000,0.000024
_1855_,VGND,li1,58.8800,157.7600,0.000024
_1854_,VGND,li1,59.5700,163.2000,0.000026
_1853_,VGND,li1,62.5600,163.2000,0.000027
_1852_,VGND,li1,64.4000,163.2000,0.000029
_1851_,VGND,li1,62.3300,157.7600,0.000025
_1850_,VGND,li1,51.0600,119.6800,0.000051
_1849_,VGND,li1,47.1500,114.2400,0.000036
_1848_,VGND,li1,44.1600,119.6800,0.000044
_1847_,VGND,li1,45.7700,130.5600,0.000061
_1846_,VGND,li1,48.0700,119.6800,0.000046
_1845_,VGND,li1,46.6900,119.6800,0.000046
_1844_,VGND,li1,44.8500,136.0000,0.000053
_1843_,VGND,li1,46.2300,125.1200,0.000067
_1842_,VGND,li1,44.6200,125.1200,0.000063
_1841_,VGND,li1,48.9900,125.1200,0.000071
_1840_,VGND,li1,40.2500,125.1200,0.000055
_1839_,VGND,li1,42.0900,125.1200,0.000059
_1838_,VGND,li1,37.0300,130.5600,0.000046
_1837_,VGND,li1,40.0200,130.5600,0.000052
_1836_,VGND,li1,32.4300,130.5600,0.000035
_1835_,VGND,li1,34.7300,141.4400,0.000046
_1834_,VGND,li1,36.5700,141.4400,0.000051
_1833_,VGND,li1,39.5600,141.4400,0.000055
_1832_,VGND,li1,38.6400,141.4400,0.000055
_1831_,VGND,li1,29.4400,141.4400,0.000035
_1830_,VGND,li1,39.1000,152.3200,0.000024
_1829_,VGND,li1,43.4700,152.3200,0.000027
_1828_,VGND,li1,33.8100,152.3200,0.000018
_1827_,VGND,li1,35.8800,152.3200,0.000021
_1826_,VGND,li1,26.2200,146.8800,0.000017
_1825_,VGND,li1,36.3400,152.3200,0.000021
_1824_,VGND,li1,30.3600,152.3200,0.000014
_1823_,VGND,li1,34.5000,157.7600,0.000012
_1822_,VGND,li1,33.3500,152.3200,0.000018
_1821_,VGND,li1,40.4800,157.7600,0.000014
_1820_,VGND,li1,42.5500,157.7600,0.000016
_1819_,VGND,li1,43.7000,163.2000,0.000017
_1818_,VGND,li1,45.5400,157.7600,0.000017
_1817_,VGND,li1,46.6900,163.2000,0.000019
_1816_,VGND,li1,10.1200,136.0000,0.000026
_1815_,VGND,li1,8.0500,136.0000,0.000026
_1814_,VGND,li1,38.8700,119.6800,0.000037
_1813_,VGND,li1,41.6300,125.1200,0.000059
_1812_,VGND,li1,40.0200,114.2400,0.000031
_1811_,VGND,li1,43.4700,114.2400,0.000033
_1810_,VGND,li1,41.6300,114.2400,0.000031
_1809_,VGND,li1,37.2600,114.2400,0.000029
_1808_,VGND,li1,34.5000,108.8000,0.000024
_1807_,VGND,li1,34.2700,119.6800,0.000032
_1806_,VGND,li1,32.2000,125.1200,0.000042
_1805_,VGND,li1,32.8900,125.1200,0.000042
_1804_,VGND,li1,28.5200,125.1200,0.000034
_1803_,VGND,li1,29.6700,125.1200,0.000034
_1802_,VGND,li1,27.8300,119.6800,0.000020
_1801_,VGND,li1,28.5200,130.5600,0.000026
_1800_,VGND,li1,26.2200,130.5600,0.000022
_1799_,VGND,li1,29.9000,136.0000,0.000031
_1798_,VGND,li1,27.6000,136.0000,0.000028
_1797_,VGND,li1,21.6200,125.1200,0.000025
_1796_,VGND,li1,28.5200,141.4400,0.000035
_1795_,VGND,li1,26.4500,141.4400,0.000030
_1794_,VGND,li1,21.3900,141.4400,0.000024
_1793_,VGND,li1,23.4600,141.4400,0.000024
_1792_,VGND,li1,19.3200,136.0000,0.000023
_1791_,VGND,li1,20.7000,146.8800,0.000015
_1790_,VGND,li1,24.1500,146.8800,0.000015
_1789_,VGND,li1,17.0200,146.8800,0.000015
_1788_,VGND,li1,23.0000,146.8800,0.000015
_1787_,VGND,li1,21.3900,152.3200,0.000011
_1786_,VGND,li1,20.7000,157.7600,0.000006
_1785_,VGND,li1,21.8500,152.3200,0.000011
_1784_,VGND,li1,23.4600,157.7600,0.000006
_1783_,VGND,li1,15.1800,152.3200,0.000011
_1782_,VGND,li1,17.2500,157.7600,0.000006
_1781_,VGND,li1,9.2000,119.6800,0.000017
_1780_,VGND,li1,18.8600,114.2400,0.000016
_1779_,VGND,li1,17.4800,108.8000,0.000017
_1778_,VGND,li1,25.9900,108.8000,0.000014
_1777_,VGND,li1,34.7300,114.2400,0.000026
_1776_,VGND,li1,32.4300,114.2400,0.000023
_1775_,VGND,li1,30.8200,114.2400,0.000023
_1774_,VGND,li1,28.7500,114.2400,0.000020
_1773_,VGND,li1,28.5200,103.3600,0.000019
_1772_,VGND,li1,26.2200,119.6800,0.000020
_1771_,VGND,li1,28.5200,119.6800,0.000023
_1770_,VGND,li1,22.0800,119.6800,0.000017
_1769_,VGND,li1,19.7800,119.6800,0.000017
_1768_,VGND,li1,20.7000,92.4800,0.000022
_1767_,VGND,li1,22.5400,119.6800,0.000017
_1766_,VGND,li1,20.4700,119.6800,0.000017
_1765_,VGND,li1,17.2500,125.1200,0.000027
_1764_,VGND,li1,18.8600,125.1200,0.000026
_1763_,VGND,li1,17.4800,103.3600,0.000014
_1762_,VGND,li1,17.0200,130.5600,0.000023
_1761_,VGND,li1,20.4700,130.5600,0.000023
_1760_,VGND,li1,11.5000,130.5600,0.000024
_1759_,VGND,li1,13.3400,130.5600,0.000023
_1758_,VGND,li1,9.8900,130.5600,0.000024
_1757_,VGND,li1,10.5800,146.8800,0.000015
_1756_,VGND,li1,12.6500,146.8800,0.000015
_1755_,VGND,li1,13.3400,146.8800,0.000015
_1754_,VGND,li1,8.7400,146.8800,0.000015
_1753_,VGND,li1,14.9500,146.8800,0.000015
_1752_,VGND,li1,10.5800,108.8000,0.000018
_1751_,VGND,li1,9.4300,114.2400,0.000019
_1750_,VGND,li1,20.9300,108.8000,0.000016
_1749_,VGND,li1,23.9200,108.8000,0.000015
_1748_,VGND,li1,46.4600,114.2400,0.000036
_1747_,VGND,li1,54.2800,108.8000,0.000046
_1746_,VGND,li1,47.3800,108.8000,0.000038
_1745_,VGND,li1,46.0000,103.3600,0.000035
_1744_,VGND,li1,40.7100,103.3600,0.000030
_1743_,VGND,li1,39.1000,103.3600,0.000030
_1742_,VGND,li1,37.0300,103.3600,0.000026
_1741_,VGND,li1,33.1200,103.3600,0.000023
_1740_,VGND,li1,31.7400,97.9200,0.000080
_1739_,VGND,li1,35.6500,103.3600,0.000026
_1738_,VGND,li1,35.8800,92.4800,0.000036
_1737_,VGND,li1,28.0600,97.9200,0.000069
_1736_,VGND,li1,25.7600,103.3600,0.000016
_1735_,VGND,li1,30.3600,92.4800,0.000028
_1734_,VGND,li1,28.0600,92.4800,0.000024
_1733_,VGND,li1,29.4400,87.0400,0.000072
_1732_,VGND,li1,25.3000,92.4800,0.000020
_1731_,VGND,li1,23.2300,92.4800,0.000021
_1730_,VGND,li1,17.2500,92.4800,0.000023
_1729_,VGND,li1,18.8600,92.4800,0.000022
_1728_,VGND,li1,21.1600,87.0400,0.000051
_1727_,VGND,li1,23.4600,103.3600,0.000013
_1726_,VGND,li1,20.4700,103.3600,0.000013
_1725_,VGND,li1,12.8800,97.9200,0.000053
_1724_,VGND,li1,14.2600,103.3600,0.000014
_1723_,VGND,li1,10.8100,103.3600,0.000015
_1722_,VGND,li1,9.6600,103.3600,0.000015
_1721_,VGND,li1,11.7300,103.3600,0.000015
_1720_,VGND,li1,11.9600,119.6800,0.000017
_1719_,VGND,li1,9.2000,108.8000,0.000018
_1718_,VGND,li1,13.5700,108.8000,0.000018
_1717_,VGND,li1,10.1200,92.4800,0.000025
_1716_,VGND,li1,8.9700,87.0400,0.000052
_1715_,VGND,li1,46.2300,97.9200,0.000163
_1714_,VGND,li1,49.6800,103.3600,0.000040
_1713_,VGND,li1,42.5500,97.9200,0.000144
_1712_,VGND,li1,48.9900,103.3600,0.000038
_1711_,VGND,li1,39.7900,97.9200,0.000123
_1710_,VGND,li1,38.6400,92.4800,0.000041
_1709_,VGND,li1,41.6300,92.4800,0.000045
_1708_,VGND,li1,47.3800,92.4800,0.000053
_1707_,VGND,li1,39.1000,92.4800,0.000041
_1706_,VGND,li1,36.8000,92.4800,0.000036
_1705_,VGND,li1,39.5600,87.0400,0.000120
_1704_,VGND,li1,37.2600,87.0400,0.000111
_1703_,VGND,li1,42.3200,87.0400,0.000135
_1702_,VGND,li1,34.9600,87.0400,0.000093
_1701_,VGND,li1,32.8900,87.0400,0.000082
_1700_,VGND,li1,28.2900,81.6000,0.000015
_1699_,VGND,li1,30.3600,81.6000,0.000017
_1698_,VGND,li1,33.1200,81.6000,0.000020
_1697_,VGND,li1,21.1600,81.6000,0.000012
_1696_,VGND,li1,24.1500,81.6000,0.000011
_1695_,VGND,li1,24.3800,81.6000,0.000011
_1694_,VGND,li1,21.1600,81.6000,0.000012
_1693_,VGND,li1,17.7100,81.6000,0.000012
_1692_,VGND,li1,17.0200,81.6000,0.000012
_1691_,VGND,li1,14.9500,81.6000,0.000012
_1690_,VGND,li1,11.9600,87.0400,0.000052
_1689_,VGND,li1,12.8800,81.6000,0.000012
_1688_,VGND,li1,10.8100,81.6000,0.000013
_1687_,VGND,li1,40.9400,65.2800,0.000049
_1686_,VGND,li1,39.3300,70.7200,0.000031
_1685_,VGND,li1,53.1300,103.3600,0.000042
_1684_,VGND,li1,54.2800,108.8000,0.000046
_1683_,VGND,li1,57.5000,108.8000,0.000048
_1682_,VGND,li1,66.9300,108.8000,0.000057
_1681_,VGND,li1,55.8900,103.3600,0.000045
_1680_,VGND,li1,57.0400,97.9200,0.000211
_1679_,VGND,li1,59.1100,103.3600,0.000046
_1678_,VGND,li1,56.1200,97.9200,0.000211
_1677_,VGND,li1,47.6100,103.3600,0.000038
_1676_,VGND,li1,58.6500,97.9200,0.000223
_1675_,VGND,li1,63.2500,97.9200,0.000246
_1674_,VGND,li1,50.6000,92.4800,0.000057
_1673_,VGND,li1,51.9800,87.0400,0.000173
_1672_,VGND,li1,56.1200,87.0400,0.000178
_1671_,VGND,li1,49.6800,87.0400,0.000170
_1670_,VGND,li1,60.2600,87.0400,0.000184
_1669_,VGND,li1,52.4400,81.6000,0.000036
_1668_,VGND,li1,50.3700,81.6000,0.000035
_1667_,VGND,li1,42.0900,81.6000,0.000028
_1666_,VGND,li1,44.1600,81.6000,0.000030
_1665_,VGND,li1,51.9800,81.6000,0.000035
_1664_,VGND,li1,34.5000,76.1600,0.000081
_1663_,VGND,li1,37.4900,81.6000,0.000024
_1662_,VGND,li1,38.1800,76.1600,0.000094
_1661_,VGND,li1,34.9600,76.1600,0.000081
_1660_,VGND,li1,33.8100,70.7200,0.000026
_1659_,VGND,li1,30.3600,76.1600,0.000067
_1658_,VGND,li1,28.2900,76.1600,0.000060
_1657_,VGND,li1,23.4600,76.1600,0.000043
_1656_,VGND,li1,24.3800,70.7200,0.000016
_1655_,VGND,li1,20.0100,70.7200,0.000018
_1654_,VGND,li1,50.6000,70.7200,0.000041
_1653_,VGND,li1,63.2500,70.7200,0.000053
_1652_,VGND,li1,61.8700,114.2400,0.000047
_1651_,VGND,li1,65.7800,114.2400,0.000049
_1650_,VGND,li1,61.8700,108.8000,0.000053
_1649_,VGND,li1,65.5500,103.3600,0.000051
_1648_,VGND,li1,68.3100,103.3600,0.000053
_1647_,VGND,li1,65.7800,103.3600,0.000051
_1646_,VGND,li1,66.4700,97.9200,0.000261
_1645_,VGND,li1,74.2900,103.3600,0.000056
_1644_,VGND,li1,69.9200,97.9200,0.000271
_1643_,VGND,li1,64.8600,97.9200,0.000246
_1642_,VGND,li1,68.5400,92.4800,0.000078
_1641_,VGND,li1,66.2400,92.4800,0.000076
_1640_,VGND,li1,73.6000,92.4800,0.000084
_1639_,VGND,li1,65.7800,87.0400,0.000190
_1638_,VGND,li1,63.7100,87.0400,0.000187
_1637_,VGND,li1,60.0300,81.6000,0.000040
_1636_,VGND,li1,57.9600,81.6000,0.000039
_1635_,VGND,li1,67.1600,81.6000,0.000045
_1634_,VGND,li1,54.7400,81.6000,0.000038
_1633_,VGND,li1,59.1100,81.6000,0.000040
_1632_,VGND,li1,55.6600,70.7200,0.000047
_1631_,VGND,li1,59.3400,76.1600,0.000165
_1630_,VGND,li1,55.4300,76.1600,0.000152
_1629_,VGND,li1,50.1400,76.1600,0.000134
_1628_,VGND,li1,48.0700,76.1600,0.000122
_1627_,VGND,li1,40.0200,70.7200,0.000031
_1626_,VGND,li1,47.8400,70.7200,0.000039
_1625_,VGND,li1,45.7700,70.7200,0.000037
_1624_,VGND,li1,55.2000,92.4800,0.000064
_1623_,VGND,li1,54.9700,87.0400,0.000178
_1622_,VGND,li1,55.4300,114.2400,0.000043
_1621_,VGND,li1,69.6900,114.2400,0.000052
_1620_,VGND,li1,73.3700,114.2400,0.000053
_1619_,VGND,li1,71.5300,114.2400,0.000053
_1618_,VGND,li1,71.5300,108.8000,0.000062
_1617_,VGND,li1,76.3600,108.8000,0.000066
_1616_,VGND,li1,78.8900,103.3600,0.000058
_1615_,VGND,li1,84.1800,103.3600,0.000060
_1614_,VGND,li1,74.5200,103.3600,0.000056
_1613_,VGND,li1,76.5900,103.3600,0.000057
_1612_,VGND,li1,79.1200,97.9200,0.000315
_1611_,VGND,li1,77.0500,97.9200,0.000307
_1610_,VGND,li1,80.5000,114.2400,0.000056
_1609_,VGND,li1,78.2000,97.9200,0.000315
_1608_,VGND,li1,75.2100,92.4800,0.000084
_1607_,VGND,li1,76.1300,92.4800,0.000086
_1606_,VGND,li1,71.3000,92.4800,0.000082
_1605_,VGND,li1,81.8800,119.6800,0.000083
_1604_,VGND,li1,71.3000,87.0400,0.000197
_1603_,VGND,li1,72.9100,81.6000,0.000047
_1602_,VGND,li1,75.9000,81.6000,0.000048
_1601_,VGND,li1,72.6800,81.6000,0.000047
_1600_,VGND,li1,69.2300,81.6000,0.000046
_1599_,VGND,li1,69.9200,76.1600,0.000199
_1598_,VGND,li1,67.8500,76.1600,0.000192
_1597_,VGND,li1,61.6400,70.7200,0.000051
_1596_,VGND,li1,62.5600,76.1600,0.000171
_1595_,VGND,li1,64.6300,76.1600,0.000182
_1594_,VGND,li1,67.3900,114.2400,0.000050
_1593_,VGND,li1,115.6900,108.8000,0.000089
_1592_,VGND,li1,105.8000,108.8000,0.000084
_1591_,VGND,li1,117.0700,103.3600,0.000069
_1590_,VGND,li1,119.3700,103.3600,0.000069
_1589_,VGND,li1,110.1700,108.8000,0.000086
_1588_,VGND,li1,101.8900,114.2400,0.000064
_1587_,VGND,li1,105.1100,114.2400,0.000065
_1586_,VGND,li1,107.6400,114.2400,0.000066
_1585_,VGND,li1,104.6500,103.3600,0.000066
_1584_,VGND,li1,100.2800,108.8000,0.000082
_1583_,VGND,li1,102.3500,108.8000,0.000083
_1582_,VGND,li1,89.2400,103.3600,0.000062
_1581_,VGND,li1,88.7800,103.3600,0.000062
_1580_,VGND,li1,93.1500,103.3600,0.000064
_1579_,VGND,li1,85.5600,103.3600,0.000060
_1578_,VGND,li1,87.1700,103.3600,0.000062
_1577_,VGND,li1,86.9400,108.8000,0.000072
_1576_,VGND,li1,89.2400,108.8000,0.000075
_1575_,VGND,li1,97.9800,108.8000,0.000080
_1574_,VGND,li1,87.8600,114.2400,0.000059
_1573_,VGND,li1,85.7900,114.2400,0.000058
_1572_,VGND,li1,87.8600,114.2400,0.000059
_1571_,VGND,li1,85.7900,114.2400,0.000058
_1570_,VGND,li1,116.8400,119.6800,0.000108
_1569_,VGND,li1,86.9400,119.6800,0.000088
_1568_,VGND,li1,84.8700,119.6800,0.000085
_1567_,VGND,li1,90.6200,119.6800,0.000092
_1566_,VGND,li1,91.5400,119.6800,0.000092
_1565_,VGND,li1,88.0900,119.6800,0.000088
_1564_,VGND,li1,80.0400,119.6800,0.000082
_1563_,VGND,li1,77.9700,119.6800,0.000079
_1562_,VGND,li1,75.4400,81.6000,0.000048
_1561_,VGND,li1,78.6600,114.2400,0.000055
_1560_,VGND,li1,76.5900,114.2400,0.000054
_1559_,VGND,li1,88.7800,97.9200,0.000353
_1558_,VGND,li1,117.9900,125.1200,0.000153
_1557_,VGND,li1,81.8800,87.0400,0.000210
_1556_,VGND,li1,107.1800,119.6800,0.000103
_1555_,VGND,li1,109.0200,114.2400,0.000066
_1554_,VGND,li1,112.9300,114.2400,0.000067
_1553_,VGND,li1,111.0900,114.2400,0.000066
_1552_,VGND,li1,114.5400,103.3600,0.000068
_1551_,VGND,li1,122.8200,103.3600,0.000069
_1550_,VGND,li1,107.4100,97.9200,0.000436
_1549_,VGND,li1,104.6500,97.9200,0.000426
_1548_,VGND,li1,105.1100,97.9200,0.000426
_1547_,VGND,li1,101.6600,97.9200,0.000414
_1546_,VGND,li1,102.5800,97.9200,0.000414
_1545_,VGND,li1,93.8400,97.9200,0.000381
_1544_,VGND,li1,97.0600,97.9200,0.000388
_1543_,VGND,li1,95.6800,103.3600,0.000064
_1542_,VGND,li1,97.9800,103.3600,0.000065
_1541_,VGND,li1,126.0400,103.3600,0.000070
_1540_,VGND,li1,94.3000,108.8000,0.000078
_1539_,VGND,li1,95.2200,108.8000,0.000078
_1538_,VGND,li1,118.6800,114.2400,0.000068
_1537_,VGND,li1,120.9800,114.2400,0.000068
_1536_,VGND,li1,140.3000,108.8000,0.000098
_1535_,VGND,li1,123.2800,114.2400,0.000069
_1534_,VGND,li1,119.8300,114.2400,0.000068
_1533_,VGND,li1,127.8800,119.6800,0.000113
_1532_,VGND,li1,124.6600,119.6800,0.000111
_1531_,VGND,li1,121.2100,119.6800,0.000110
_1530_,VGND,li1,117.3000,119.6800,0.000108
_1529_,VGND,li1,115.2300,119.6800,0.000106
_1528_,VGND,li1,102.1200,119.6800,0.000101
_1527_,VGND,li1,104.4200,119.6800,0.000102
_1526_,VGND,li1,110.1700,119.6800,0.000104
_1525_,VGND,li1,93.6100,97.9200,0.000381
_1524_,VGND,li1,88.3200,92.4800,0.000096
_1523_,VGND,li1,87.8600,92.4800,0.000096
_1522_,VGND,li1,88.3200,87.0400,0.000218
_1521_,VGND,li1,82.1100,87.0400,0.000210
_1520_,VGND,li1,86.2500,81.6000,0.000052
_1519_,VGND,li1,94.7600,92.4800,0.000099
_1518_,VGND,li1,127.6500,108.8000,0.000093
_1517_,VGND,li1,127.1900,108.8000,0.000093
_1516_,VGND,li1,129.7200,108.8000,0.000094
_1515_,VGND,li1,120.7500,108.8000,0.000091
_1514_,VGND,li1,117.9900,103.3600,0.000069
_1513_,VGND,li1,122.8200,97.9200,0.000468
_1512_,VGND,li1,119.6000,97.9200,0.000467
_1511_,VGND,li1,116.6100,97.9200,0.000466
_1510_,VGND,li1,114.0800,92.4800,0.000107
_1509_,VGND,li1,109.9400,92.4800,0.000105
_1508_,VGND,li1,129.2600,92.4800,0.000111
_1507_,VGND,li1,128.8000,97.9200,0.000469
_1506_,VGND,li1,130.6400,97.9200,0.000469
_1505_,VGND,li1,128.5700,97.9200,0.000469
_1504_,VGND,li1,136.1600,103.3600,0.000071
_1503_,VGND,li1,138.4600,103.3600,0.000071
_1502_,VGND,li1,139.8400,97.9200,0.000470
_1501_,VGND,li1,141.2200,103.3600,0.000071
_1500_,VGND,li1,138.2300,103.3600,0.000071
_1499_,VGND,li1,143.9800,114.2400,0.000070
_1498_,VGND,li1,140.7600,114.2400,0.000070
_1497_,VGND,li1,137.3100,108.8000,0.000097
_1496_,VGND,li1,138.9200,119.6800,0.000117
_1495_,VGND,li1,136.8500,119.6800,0.000116
_1494_,VGND,li1,130.1800,119.6800,0.000114
_1493_,VGND,li1,132.9400,114.2400,0.000070
_1492_,VGND,li1,132.7100,119.6800,0.000115
_1491_,VGND,li1,97.7500,92.4800,0.000100
_1490_,VGND,li1,94.9900,87.0400,0.000224
_1489_,VGND,li1,93.1500,87.0400,0.000222
_1488_,VGND,li1,91.7700,81.6000,0.000055
_1487_,VGND,li1,88.3200,81.6000,0.000053
_1486_,VGND,li1,89.4700,81.6000,0.000054
_1485_,VGND,li1,90.6200,76.1600,0.000245
_1484_,VGND,li1,88.7800,70.7200,0.000076
_1483_,VGND,li1,84.8700,76.1600,0.000242
_1482_,VGND,li1,149.5000,108.8000,0.000101
_1481_,VGND,li1,144.6700,103.3600,0.000071
_1480_,VGND,li1,136.8500,87.0400,0.000252
_1479_,VGND,li1,136.8500,81.6000,0.000065
_1478_,VGND,li1,140.5300,81.6000,0.000066
_1477_,VGND,li1,137.5400,76.1600,0.000264
_1476_,VGND,li1,136.1600,76.1600,0.000264
_1475_,VGND,li1,133.1700,87.0400,0.000251
_1474_,VGND,li1,127.1900,103.3600,0.000070
_1473_,VGND,li1,118.9100,92.4800,0.000109
_1472_,VGND,li1,115.0000,87.0400,0.000240
_1471_,VGND,li1,118.2200,87.0400,0.000241
_1470_,VGND,li1,119.6000,87.0400,0.000243
_1469_,VGND,li1,116.6100,87.0400,0.000241
_1468_,VGND,li1,131.1000,87.0400,0.000250
_1467_,VGND,li1,118.9100,92.4800,0.000109
_1466_,VGND,li1,126.9600,87.0400,0.000248
_1465_,VGND,li1,126.7300,87.0400,0.000248
_1464_,VGND,li1,128.5700,92.4800,0.000111
_1463_,VGND,li1,128.5700,87.0400,0.000249
_1462_,VGND,li1,130.8700,92.4800,0.000111
_1461_,VGND,li1,135.7000,92.4800,0.000112
_1460_,VGND,li1,139.8400,92.4800,0.000112
_1459_,VGND,li1,137.7700,92.4800,0.000112
_1458_,VGND,li1,144.4400,87.0400,0.000254
_1457_,VGND,li1,143.5200,97.9200,0.000470
_1456_,VGND,li1,140.5300,97.9200,0.000470
_1455_,VGND,li1,145.5900,97.9200,0.000470
_1454_,VGND,li1,146.7400,97.9200,0.000470
_1453_,VGND,li1,149.5000,97.9200,0.000470
_1452_,VGND,li1,146.2800,103.3600,0.000071
_1451_,VGND,li1,148.8100,103.3600,0.000071
_1450_,VGND,li1,144.4400,108.8000,0.000100
_1449_,VGND,li1,150.8800,114.2400,0.000071
_1448_,VGND,li1,148.8100,114.2400,0.000071
_1447_,VGND,li1,107.4100,87.0400,0.000234
_1446_,VGND,li1,109.7100,87.0400,0.000236
_1445_,VGND,li1,101.4300,87.0400,0.000229
_1444_,VGND,li1,102.3500,92.4800,0.000102
_1443_,VGND,li1,80.2700,70.7200,0.000069
_1442_,VGND,li1,82.1100,76.1600,0.000236
_1441_,VGND,li1,79.1200,76.1600,0.000229
_1440_,VGND,li1,76.1300,70.7200,0.000065
_1439_,VGND,li1,89.7000,76.1600,0.000245
_1438_,VGND,li1,76.8200,70.7200,0.000065
_1437_,VGND,li1,82.1100,92.4800,0.000090
_1436_,VGND,li1,103.2700,70.7200,0.000087
_1435_,VGND,li1,97.5200,76.1600,0.000249
_1434_,VGND,li1,149.7300,76.1600,0.000265
_1433_,VGND,li1,145.1300,76.1600,0.000265
_1432_,VGND,li1,142.6000,76.1600,0.000264
_1431_,VGND,li1,138.2300,76.1600,0.000264
_1430_,VGND,li1,132.0200,70.7200,0.000106
_1429_,VGND,li1,134.5500,70.7200,0.000107
_1428_,VGND,li1,129.7200,70.7200,0.000105
_1427_,VGND,li1,125.1200,65.2800,0.000101
_1426_,VGND,li1,125.1200,70.7200,0.000102
_1425_,VGND,li1,123.7400,70.7200,0.000102
_1424_,VGND,li1,117.7600,70.7200,0.000098
_1423_,VGND,li1,126.5000,76.1600,0.000262
_1422_,VGND,li1,127.4200,76.1600,0.000262
_1421_,VGND,li1,125.8100,81.6000,0.000064
_1420_,VGND,li1,126.5000,81.6000,0.000064
_1419_,VGND,li1,128.5700,81.6000,0.000065
_1418_,VGND,li1,141.2200,81.6000,0.000066
_1417_,VGND,li1,144.4400,81.6000,0.000066
_1416_,VGND,li1,145.3600,65.2800,0.000104
_1415_,VGND,li1,142.6000,87.0400,0.000253
_1414_,VGND,li1,145.5900,87.0400,0.000254
_1413_,VGND,li1,150.6500,87.0400,0.000255
_1412_,VGND,li1,152.7200,81.6000,0.000067
_1411_,VGND,li1,154.1000,87.0400,0.000255
_1410_,VGND,li1,156.4000,92.4800,0.000112
_1409_,VGND,li1,154.3300,92.4800,0.000112
_1408_,VGND,li1,152.2600,97.9200,0.000470
_1407_,VGND,li1,158.2400,92.4800,0.000113
_1406_,VGND,li1,152.4900,92.4800,0.000112
_1405_,VGND,li1,112.0100,76.1600,0.000257
_1404_,VGND,li1,112.2400,76.1600,0.000257
_1403_,VGND,li1,107.4100,76.1600,0.000254
_1402_,VGND,li1,118.9100,76.1600,0.000259
_1401_,VGND,li1,115.2300,81.6000,0.000062
_1400_,VGND,li1,103.7300,81.6000,0.000059
_1399_,VGND,li1,104.1900,81.6000,0.000059
_1398_,VGND,li1,98.6700,81.6000,0.000057
_1397_,VGND,li1,97.2900,70.7200,0.000083
_1396_,VGND,li1,100.0500,76.1600,0.000251
_1395_,VGND,li1,97.7500,76.1600,0.000249
_1394_,VGND,li1,94.5300,76.1600,0.000248
_1393_,VGND,li1,106.4900,70.7200,0.000090
_1392_,VGND,li1,85.5600,65.2800,0.000083
_1391_,VGND,li1,149.5000,70.7200,0.000113
_1390_,VGND,li1,150.1900,70.7200,0.000113
_1389_,VGND,li1,141.9100,70.7200,0.000111
_1388_,VGND,li1,141.9100,76.1600,0.000264
_1387_,VGND,li1,138.6900,70.7200,0.000109
_1386_,VGND,li1,136.6200,27.2000,0.000143
_1385_,VGND,li1,139.1500,27.2000,0.000144
_1384_,VGND,li1,136.8500,65.2800,0.000104
_1383_,VGND,li1,132.0200,65.2800,0.000103
_1382_,VGND,li1,135.7000,65.2800,0.000104
_1381_,VGND,li1,130.6400,54.4000,0.000225
_1380_,VGND,li1,131.3300,54.4000,0.000225
_1379_,VGND,li1,127.8800,54.4000,0.000224
_1378_,VGND,li1,124.4300,54.4000,0.000223
_1377_,VGND,li1,126.0400,54.4000,0.000223
_1376_,VGND,li1,141.2200,54.4000,0.000227
_1375_,VGND,li1,125.3500,59.8400,0.000356
_1374_,VGND,li1,137.0800,54.4000,0.000226
_1373_,VGND,li1,133.8600,59.8400,0.000357
_1372_,VGND,li1,128.8000,65.2800,0.000102
_1371_,VGND,li1,135.9300,59.8400,0.000357
_1370_,VGND,li1,138.4600,59.8400,0.000358
_1369_,VGND,li1,143.0600,59.8400,0.000358
_1368_,VGND,li1,144.9000,54.4000,0.000227
_1367_,VGND,li1,148.5800,65.2800,0.000105
_1366_,VGND,li1,142.6000,65.2800,0.000104
_1365_,VGND,li1,150.1900,59.8400,0.000358
_1364_,VGND,li1,154.1000,59.8400,0.000358
_1363_,VGND,li1,155.9400,65.2800,0.000105
_1362_,VGND,li1,153.8700,65.2800,0.000105
_1361_,VGND,li1,151.3400,81.6000,0.000067
_1360_,VGND,li1,152.2600,76.1600,0.000265
_1359_,VGND,li1,152.9500,70.7200,0.000114
_1358_,VGND,li1,110.6300,70.7200,0.000093
_1357_,VGND,li1,108.7900,65.2800,0.000094
_1356_,VGND,li1,106.0300,70.7200,0.000090
_1355_,VGND,li1,104.4200,65.2800,0.000092
_1354_,VGND,li1,106.9500,65.2800,0.000093
_1353_,VGND,li1,121.6700,65.2800,0.000100
_1352_,VGND,li1,118.9100,65.2800,0.000099
_1351_,VGND,li1,114.7700,65.2800,0.000097
_1350_,VGND,li1,114.7700,65.2800,0.000097
_1349_,VGND,li1,86.2500,65.2800,0.000083
_1348_,VGND,li1,88.5500,65.2800,0.000084
_1347_,VGND,li1,84.4100,59.8400,0.000255
_1346_,VGND,li1,81.1900,65.2800,0.000080
_1345_,VGND,li1,77.9700,65.2800,0.000078
_1344_,VGND,li1,110.8600,59.8400,0.000343
_1343_,VGND,li1,98.9000,65.2800,0.000089
_1342_,VGND,li1,148.8100,27.2000,0.000148
_1341_,VGND,li1,144.6700,27.2000,0.000146
_1340_,VGND,li1,143.9800,27.2000,0.000146
_1339_,VGND,li1,133.6300,27.2000,0.000142
_1338_,VGND,li1,131.7900,32.6400,0.000098
_1337_,VGND,li1,127.4200,32.6400,0.000096
_1336_,VGND,li1,128.3400,38.0800,0.000082
_1335_,VGND,li1,126.5000,43.5200,0.000060
_1334_,VGND,li1,126.7300,43.5200,0.000060
_1333_,VGND,li1,132.4800,43.5200,0.000062
_1332_,VGND,li1,135.9300,43.5200,0.000062
_1331_,VGND,li1,132.0200,43.5200,0.000062
_1330_,VGND,li1,136.6200,48.9600,0.000077
_1329_,VGND,li1,140.7600,48.9600,0.000078
_1328_,VGND,li1,138.6900,48.9600,0.000078
_1327_,VGND,li1,146.7400,48.9600,0.000078
_1326_,VGND,li1,143.5200,48.9600,0.000078
_1325_,VGND,li1,143.9800,38.0800,0.000085
_1324_,VGND,li1,144.4400,54.4000,0.000227
_1323_,VGND,li1,146.7400,54.4000,0.000227
_1322_,VGND,li1,149.2700,48.9600,0.000078
_1321_,VGND,li1,150.4200,54.4000,0.000227
_1320_,VGND,li1,154.1000,48.9600,0.000078
_1319_,VGND,li1,155.2500,54.4000,0.000227
_1318_,VGND,li1,154.5600,59.8400,0.000358
_1317_,VGND,li1,155.9400,48.9600,0.000078
_1316_,VGND,li1,157.5500,54.4000,0.000227
_1315_,VGND,li1,114.3100,59.8400,0.000354
_1314_,VGND,li1,106.4900,54.4000,0.000214
_1313_,VGND,li1,114.3100,54.4000,0.000219
_1312_,VGND,li1,103.0400,59.8400,0.000315
_1311_,VGND,li1,106.0300,59.8400,0.000326
_1310_,VGND,li1,120.7500,48.9600,0.000075
_1309_,VGND,li1,123.0500,48.9600,0.000075
_1308_,VGND,li1,117.5300,54.4000,0.000221
_1307_,VGND,li1,120.2900,54.4000,0.000222
_1306_,VGND,li1,99.1300,59.8400,0.000305
_1305_,VGND,li1,94.9900,59.8400,0.000288
_1304_,VGND,li1,96.8300,59.8400,0.000294
_1303_,VGND,li1,96.6000,65.2800,0.000088
_1302_,VGND,li1,93.6100,65.2800,0.000087
_1301_,VGND,li1,114.7700,48.9600,0.000074
_1300_,VGND,li1,103.2700,43.5200,0.000053
_1299_,VGND,li1,149.9600,32.6400,0.000105
_1298_,VGND,li1,141.6800,27.2000,0.000145
_1297_,VGND,li1,139.6100,27.2000,0.000144
_1296_,VGND,li1,141.9100,27.2000,0.000145
_1295_,VGND,li1,129.4900,27.2000,0.000140
_1294_,VGND,li1,132.2500,27.2000,0.000141
_1293_,VGND,li1,97.0600,27.2000,0.000115
_1292_,VGND,li1,123.5100,27.2000,0.000136
_1291_,VGND,li1,124.4300,27.2000,0.000136
_1290_,VGND,li1,122.5900,32.6400,0.000093
_1289_,VGND,li1,123.2800,32.6400,0.000093
_1288_,VGND,li1,120.5200,32.6400,0.000092
_1287_,VGND,li1,125.1200,38.0800,0.000081
_1286_,VGND,li1,121.9000,38.0800,0.000080
_1285_,VGND,li1,132.4800,38.0800,0.000083
_1284_,VGND,li1,136.6200,38.0800,0.000084
_1283_,VGND,li1,138.0000,32.6400,0.000100
_1282_,VGND,li1,140.3000,38.0800,0.000085
_1281_,VGND,li1,115.4600,27.2000,0.000129
_1280_,VGND,li1,143.5200,38.0800,0.000085
_1279_,VGND,li1,145.8200,38.0800,0.000085
_1278_,VGND,li1,148.1200,38.0800,0.000085
_1277_,VGND,li1,150.4200,38.0800,0.000086
_1276_,VGND,li1,141.2200,21.7600,0.000100
_1275_,VGND,li1,150.8800,43.5200,0.000064
_1274_,VGND,li1,151.1100,43.5200,0.000064
_1273_,VGND,li1,149.0400,43.5200,0.000064
_1272_,VGND,li1,155.9400,43.5200,0.000064
_1271_,VGND,li1,153.4100,43.5200,0.000064
_1270_,VGND,li1,36.1100,59.8400,0.000080
_1269_,VGND,li1,113.3900,48.9600,0.000074
_1268_,VGND,li1,109.9400,48.9600,0.000073
_1267_,VGND,li1,110.8600,48.9600,0.000073
_1266_,VGND,li1,102.1200,48.9600,0.000071
_1265_,VGND,li1,105.1100,48.9600,0.000072
_1264_,VGND,li1,114.7700,43.5200,0.000057
_1263_,VGND,li1,115.2300,43.5200,0.000057
_1262_,VGND,li1,106.4900,43.5200,0.000054
_1261_,VGND,li1,103.7300,43.5200,0.000053
_1260_,VGND,li1,101.8900,43.5200,0.000053
_1259_,VGND,li1,97.2900,43.5200,0.000050
_1258_,VGND,li1,100.9700,43.5200,0.000052
_1257_,VGND,li1,93.8400,43.5200,0.000049
_1256_,VGND,li1,97.7500,43.5200,0.000051
_1255_,VGND,li1,105.3400,32.6400,0.000082
_1254_,VGND,li1,88.5500,43.5200,0.000047
_1253_,VGND,li1,93.8400,54.4000,0.000206
_1252_,VGND,li1,86.9400,38.0800,0.000064
_1251_,VGND,li1,111.3200,16.3200,0.000180
_1250_,VGND,li1,114.3100,16.3200,0.000181
_1249_,VGND,li1,110.1700,21.7600,0.000099
_1248_,VGND,li1,105.3400,21.7600,0.000098
_1247_,VGND,li1,106.0300,21.7600,0.000099
_1246_,VGND,li1,100.9700,27.2000,0.000118
_1245_,VGND,li1,97.7500,32.6400,0.000077
_1244_,VGND,li1,94.5300,32.6400,0.000074
_1243_,VGND,li1,77.7400,48.9600,0.000062
_1242_,VGND,li1,89.9300,38.0800,0.000066
_1241_,VGND,li1,84.8700,38.0800,0.000063
_1240_,VGND,li1,85.5600,32.6400,0.000067
_1239_,VGND,li1,75.9000,43.5200,0.000041
_1238_,VGND,li1,101.4300,38.0800,0.000073
_1237_,VGND,li1,112.0100,32.6400,0.000086
_1236_,VGND,li1,111.5500,38.0800,0.000077
_1235_,VGND,li1,114.5400,38.0800,0.000078
_1234_,VGND,li1,78.6600,38.0800,0.000058
_1233_,VGND,li1,112.0100,27.2000,0.000128
_1232_,VGND,li1,113.3900,21.7600,0.000100
_1231_,VGND,li1,113.8500,27.2000,0.000129
_1230_,VGND,li1,88.7800,27.2000,0.000106
_1229_,VGND,li1,123.5100,21.7600,0.000100
_1228_,VGND,li1,117.9900,16.3200,0.000181
_1227_,VGND,li1,120.2900,16.3200,0.000181
_1226_,VGND,li1,142.3700,119.6800,0.000118
_1225_,VGND,li1,156.1700,43.5200,0.000064
_1224_,VGND,li1,107.4100,27.2000,0.000124
_1223_,VGND,li1,107.8700,32.6400,0.000084
_1222_,VGND,li1,102.5800,27.2000,0.000120
_1221_,VGND,li1,100.9700,32.6400,0.000079
_1220_,VGND,li1,97.2900,54.4000,0.000208
_1219_,VGND,li1,100.2800,54.4000,0.000210
_1218_,VGND,li1,91.7700,54.4000,0.000205
_1217_,VGND,li1,87.1700,54.4000,0.000201
_1216_,VGND,li1,91.0800,48.9600,0.000068
_1215_,VGND,li1,86.7100,48.9600,0.000066
_1214_,VGND,li1,85.3300,43.5200,0.000046
_1213_,VGND,li1,68.7700,65.2800,0.000072
_1212_,VGND,li1,96.8300,21.7600,0.000097
_1211_,VGND,li1,99.3600,16.3200,0.000173
_1210_,VGND,li1,100.0500,10.8800,0.000046
_1209_,VGND,li1,98.2100,16.3200,0.000172
_1208_,VGND,li1,54.9700,27.2000,0.000065
_1207_,VGND,li1,81.1900,48.9600,0.000063
_1206_,VGND,li1,76.8200,48.9600,0.000060
_1205_,VGND,li1,68.5400,48.9600,0.000055
_1204_,VGND,li1,71.7600,48.9600,0.000057
_1203_,VGND,li1,75.9000,48.9600,0.000060
_1202_,VGND,li1,73.8300,48.9600,0.000059
_1201_,VGND,li1,73.1400,43.5200,0.000040
_1200_,VGND,li1,73.6000,38.0800,0.000055
_1199_,VGND,li1,64.8600,43.5200,0.000036
_1198_,VGND,li1,75.4400,38.0800,0.000057
_1197_,VGND,li1,76.8200,32.6400,0.000060
_1196_,VGND,li1,80.0400,32.6400,0.000063
_1195_,VGND,li1,78.8900,27.2000,0.000096
_1194_,VGND,li1,86.0200,27.2000,0.000103
_1193_,VGND,li1,88.3200,27.2000,0.000106
_1192_,VGND,li1,91.3100,27.2000,0.000109
_1191_,VGND,li1,86.4800,27.2000,0.000103
_1190_,VGND,li1,89.9300,27.2000,0.000106
_1189_,VGND,li1,72.4500,65.2800,0.000075
_1188_,VGND,li1,69.9200,70.7200,0.000060
_1187_,VGND,li1,66.0100,70.7200,0.000056
_1186_,VGND,li1,66.4700,65.2800,0.000071
_1185_,VGND,li1,106.4900,32.6400,0.000082
_1184_,VGND,li1,72.4500,65.2800,0.000075
_1183_,VGND,li1,74.7500,59.8400,0.000221
_1182_,VGND,li1,80.7300,54.4000,0.000197
_1181_,VGND,li1,80.2700,59.8400,0.000240
_1180_,VGND,li1,77.9700,59.8400,0.000232
_1179_,VGND,li1,84.4100,54.4000,0.000199
_1178_,VGND,li1,89.4700,54.4000,0.000203
_1177_,VGND,li1,58.6500,59.8400,0.000165
_1176_,VGND,li1,61.6400,27.2000,0.000075
_1175_,VGND,li1,59.8000,27.2000,0.000072
_1174_,VGND,li1,57.7300,27.2000,0.000069
_1173_,VGND,li1,54.9700,27.2000,0.000065
_1172_,VGND,li1,44.1600,27.2000,0.000049
_1171_,VGND,li1,51.2900,27.2000,0.000060
_1170_,VGND,li1,48.9900,32.6400,0.000036
_1169_,VGND,li1,59.5700,48.9600,0.000046
_1168_,VGND,li1,61.1800,54.4000,0.000180
_1167_,VGND,li1,63.4800,54.4000,0.000183
_1166_,VGND,li1,65.5500,54.4000,0.000185
_1165_,VGND,li1,71.5300,54.4000,0.000190
_1164_,VGND,li1,69.2300,54.4000,0.000188
_1163_,VGND,li1,48.9900,59.8400,0.000131
_1162_,VGND,li1,61.1800,48.9600,0.000049
_1161_,VGND,li1,63.4800,48.9600,0.000051
_1160_,VGND,li1,63.4800,43.5200,0.000036
_1159_,VGND,li1,65.7800,43.5200,0.000037
_1158_,VGND,li1,59.1100,59.8400,0.000165
_1157_,VGND,li1,56.3500,65.2800,0.000064
_1156_,VGND,li1,62.1000,65.2800,0.000067
_1155_,VGND,li1,59.1100,65.2800,0.000066
_1154_,VGND,li1,57.7300,54.4000,0.000179
_1153_,VGND,li1,65.5500,38.0800,0.000049
_1152_,VGND,li1,66.2400,38.0800,0.000049
_1151_,VGND,li1,72.2200,32.6400,0.000056
_1150_,VGND,li1,69.4600,32.6400,0.000053
_1149_,VGND,li1,75.9000,27.2000,0.000092
_1148_,VGND,li1,72.9100,32.6400,0.000056
_1147_,VGND,li1,71.3000,27.2000,0.000087
_1146_,VGND,li1,51.0600,48.9600,0.000040
_1145_,VGND,li1,46.4600,21.7600,0.000053
_1144_,VGND,li1,52.6700,16.3200,0.000100
_1143_,VGND,li1,42.0900,21.7600,0.000047
_1142_,VGND,li1,42.0900,27.2000,0.000044
_1141_,VGND,li1,42.3200,27.2000,0.000046
_1140_,VGND,li1,45.7700,27.2000,0.000049
_1139_,VGND,li1,44.6200,32.6400,0.000031
_1138_,VGND,li1,46.6900,32.6400,0.000034
_1137_,VGND,li1,49.2200,38.0800,0.000035
_1136_,VGND,li1,47.1500,38.0800,0.000033
_1135_,VGND,li1,38.6400,38.0800,0.000025
_1134_,VGND,li1,48.7600,48.9600,0.000038
_1133_,VGND,li1,49.2200,43.5200,0.000029
_1132_,VGND,li1,52.6700,48.9600,0.000042
_1131_,VGND,li1,55.6600,48.9600,0.000044
_1130_,VGND,li1,54.7400,43.5200,0.000031
_1129_,VGND,li1,53.1300,38.0800,0.000038
_1128_,VGND,li1,59.8000,38.0800,0.000044
_1127_,VGND,li1,58.6500,38.0800,0.000042
_1126_,VGND,li1,55.2000,38.0800,0.000040
_1125_,VGND,li1,52.2100,59.8400,0.000142
_1124_,VGND,li1,45.7700,59.8400,0.000114
_1123_,VGND,li1,43.7000,59.8400,0.000106
_1122_,VGND,li1,40.2500,59.8400,0.000099
_1121_,VGND,li1,47.1500,54.4000,0.000156
_1120_,VGND,li1,37.2600,16.3200,0.000066
_1119_,VGND,li1,35.4200,21.7600,0.000036
_1118_,VGND,li1,31.9700,21.7600,0.000029
_1117_,VGND,li1,34.2700,21.7600,0.000032
_1116_,VGND,li1,37.2600,21.7600,0.000039
_1115_,VGND,li1,35.4200,27.2000,0.000036
_1114_,VGND,li1,33.5800,27.2000,0.000033
_1113_,VGND,li1,41.6300,38.0800,0.000028
_1112_,VGND,li1,44.3900,38.0800,0.000030
_1111_,VGND,li1,46.6900,38.0800,0.000032
_1110_,VGND,li1,38.4100,38.0800,0.000025
_1109_,VGND,li1,41.4000,38.0800,0.000028
_1108_,VGND,li1,35.6500,43.5200,0.000021
_1107_,VGND,li1,36.8000,43.5200,0.000022
_1106_,VGND,li1,40.4800,48.9600,0.000029
_1105_,VGND,li1,36.5700,48.9600,0.000026
_1104_,VGND,li1,46.9200,48.9600,0.000035
_1103_,VGND,li1,43.0100,48.9600,0.000031
_1102_,VGND,li1,43.2400,48.9600,0.000033
_1101_,VGND,li1,20.2400,43.5200,0.000018
_1100_,VGND,li1,24.3800,21.7600,0.000019
_1099_,VGND,li1,22.3100,21.7600,0.000020
_1098_,VGND,li1,22.7700,27.2000,0.000017
_1097_,VGND,li1,25.5300,27.2000,0.000020
_1096_,VGND,li1,30.8200,27.2000,0.000026
_1095_,VGND,li1,27.8300,27.2000,0.000023
_1094_,VGND,li1,27.8300,32.6400,0.000017
_1093_,VGND,li1,30.5900,32.6400,0.000019
_1092_,VGND,li1,24.6100,32.6400,0.000014
_1091_,VGND,li1,28.7500,38.0800,0.000014
_1090_,VGND,li1,28.5200,43.5200,0.000017
_1089_,VGND,li1,30.3600,43.5200,0.000019
_1088_,VGND,li1,29.2100,48.9600,0.000019
_1087_,VGND,li1,33.5800,43.5200,0.000020
_1086_,VGND,li1,9.6600,32.6400,0.000020
_1085_,VGND,li1,14.2600,27.2000,0.000017
_1084_,VGND,li1,17.0200,27.2000,0.000017
_1083_,VGND,li1,20.4700,27.2000,0.000017
_1082_,VGND,li1,20.2400,32.6400,0.000016
_1081_,VGND,li1,21.6200,32.6400,0.000016
_1080_,VGND,li1,20.4700,38.0800,0.000012
_1079_,VGND,li1,18.4000,38.0800,0.000013
_1078_,VGND,li1,9.4300,21.7600,0.000023
_1077_,VGND,li1,14.9500,27.2000,0.000017
_1076_,VGND,li1,13.1100,27.2000,0.000017
_1075_,VGND,li1,10.3500,27.2000,0.000017
_1074_,VGND,li1,9.4300,59.8400,0.000044
_1073_,VGND,li1,9.6600,54.4000,0.000055
_1072_,VGND,li1,9.6600,38.0800,0.000014
_1071_,VGND,li1,8.5100,43.5200,0.000023
_1070_,VGND,li1,79.1200,21.7600,0.000089
_1069_,VGND,li1,76.1300,21.7600,0.000087
_1068_,VGND,li1,71.3000,21.7600,0.000081
_1067_,VGND,li1,68.7700,21.7600,0.000079
_1066_,VGND,li1,60.7200,16.3200,0.000121
_1065_,VGND,li1,59.1100,21.7600,0.000068
_1064_,VGND,li1,44.1600,16.3200,0.000082
_1063_,VGND,li1,45.7700,10.8800,0.000022
_1062_,VGND,li1,28.0600,54.4000,0.000071
_1061_,VGND,li1,29.2100,54.4000,0.000071
_1060_,VGND,li1,20.7000,48.9600,0.000016
_1059_,VGND,li1,18.6300,48.9600,0.000017
_1058_,VGND,li1,9.2000,48.9600,0.000020
_1057_,VGND,li1,8.0500,48.9600,0.000020
_1056_,VGND,li1,85.1000,16.3200,0.000158
_1055_,VGND,li1,82.1100,16.3200,0.000154
_1054_,VGND,li1,79.5800,16.3200,0.000151
_1053_,VGND,li1,77.5100,10.8800,0.000041
_1052_,VGND,li1,72.2200,16.3200,0.000141
_1051_,VGND,li1,67.3900,16.3200,0.000130
_1050_,VGND,li1,55.2000,16.3200,0.000107
_1049_,VGND,li1,55.8900,10.8800,0.000029
_1048_,VGND,li1,31.2800,65.2800,0.000032
_1047_,VGND,li1,33.3500,59.8400,0.000068
_1046_,VGND,li1,21.6200,65.2800,0.000024
_1045_,VGND,li1,20.9300,65.2800,0.000025
_1044_,VGND,li1,21.1600,54.4000,0.000053
_1043_,VGND,li1,20.9300,59.8400,0.000043
_1042_,VGND,li1,12.4200,65.2800,0.000026
_1041_,VGND,li1,15.4100,65.2800,0.000026
_1040_,VGND,li1,12.8800,54.4000,0.000055
_1039_,VGND,li1,11.0400,59.8400,0.000044
_1038_,VGND,li1,10.3500,65.2800,0.000026
_1037_,VGND,li1,8.5100,65.2800,0.000026
_1036_,VGND,li1,94.9900,16.3200,0.000170
